Metric,GPT4_word_count,Gemini_word_count
Mean,69.46816479400749,166.2734082397004
Median,68.0,152.5
StdDev,22.46318475686823,108.45668230660101
