comment_id,parent_id,is_reply,author,text,like_count,published_at,updated_at
Ugwc8s01KGiVu-M-95h4AaABAg,,False,@twicenmixx5995,"Twice
Chaeyoung
Mina
Dahyun
Tzuyu
Nayeon
Momo
Sana
Jihyo
Jeongyeon 
Once
Strategy
Like OohAhh
Twice",0,2025-05-06T14:27:53Z,2025-05-06T14:27:53Z
Ugwuf7kyvjSzwX_qdPB4AaABAg,,False,@kaylajay951,Beautiful dubu❤,1,2025-04-20T06:35:56Z,2025-04-20T06:35:56Z
UgyZUmiRRUIHIaZbYdl4AaABAg,,False,@ilikejosh,10/10 wtf this was insane??!?!?!!,0,2025-04-18T22:06:25Z,2025-04-18T22:06:25Z
UgxUZVbbnwD5EMj9O454AaABAg,,False,@clouddless,our dahyunnie is so talented,2,2025-04-15T16:35:28Z,2025-04-15T16:35:28Z
UgzYCHrKJ8bBKxEvQwN4AaABAg,,False,@KiWi14694,Wow you voice is beatiful❤❤,2,2025-04-07T11:53:50Z,2025-04-07T11:54:04Z
UgyTw-Ry8ejUCl_C1UR4AaABAg,,False,@tunglethanh3513,dạt dào cảm xúc,2,2025-04-04T16:10:56Z,2025-04-04T16:10:56Z
Ugxpm64AZvdQtlOpJvR4AaABAg,,False,@targlife2979,"She actually has the best and most melodic voice in the group but because it's so ""soft"" the producers clearly don't know how to make proper use of it.",1,2025-04-03T07:47:29Z,2025-04-03T07:47:29Z
Ugw0Ttj0dlHcnJfDg5h4AaABAg,,False,@janke_76,I’m crying… sorry.,1,2025-03-28T20:53:11Z,2025-03-28T20:53:11Z
Ugx8EClb2572LnKDGqd4AaABAg,,False,@dahyunchuu5373,rewatch all of dahyun's project bcs i really miss idol dahyun,3,2025-03-27T13:57:53Z,2025-03-27T13:57:53Z
Ugwwbr-aTOFcFdN5ynN4AaABAg,,False,@GATOSFOFINEOS1,toca mu8itooooooooooooooooooooooo pabens,1,2025-03-27T00:36:43Z,2025-03-27T00:36:43Z
UgxfKevmx4RFp6O5Jjl4AaABAg,,False,@Khaerul-t8e,Dahyuuuuuuuunn❤❤❤❤❤,1,2025-03-25T12:40:32Z,2025-03-25T12:40:32Z
Ugwp1RDxyqRwm_kYl9F4AaABAg,,False,@Ayen0512,Ang galing mo talaga DUBU!! Na sayo na ang lahat! Saranghae! 🫶🏻😘,3,2025-03-13T14:27:31Z,2025-03-13T14:27:31Z
UgyTtrAkWTCo24bV8hd4AaABAg,,False,@KeithLund,Dahyun is a talented girl. This is a beautiful cover. ❤,7,2025-03-11T03:17:42Z,2025-03-11T03:17:42Z
UgyTtrAkWTCo24bV8hd4AaABAg.AFWIlVMx-lTAFhrZSudWcI,UgyTtrAkWTCo24bV8hd4AaABAg,True,@popipo146,"agree  have you check out her ""Monster by Katie Sky""  cover ?",0,2025-03-16T00:21:23Z,2025-03-16T00:21:23Z
Ugznf7Y24a5ctl6-_e14AaABAg,,False,@mari-san24,"DAHYUN, TE AMO😭😭💕💕💕",3,2025-03-11T02:01:36Z,2025-03-11T02:01:36Z
UgzprTd80B3i3VD8Oz54AaABAg,,False,@Tokojojolim789,Beautiful voice❤,2,2025-03-04T21:51:17Z,2025-03-04T21:51:17Z
Ugz4XScPI3QdjJ5Rwr54AaABAg,,False,@jojochekazo9390,She is everything in many ways... 🖤🦅💫,1,2025-03-03T16:10:54Z,2025-03-03T16:10:54Z
UgznPe6YMvLvnuNXaP14AaABAg,,False,@bunnytoofTWICEVCHA,Dahyuny,3,2025-02-21T07:42:16Z,2025-02-21T07:42:16Z
UgzMULck1JjFZTPxKmd4AaABAg,,False,@eceozkan7886,baby 🥰,4,2025-02-10T15:41:27Z,2025-02-10T15:41:27Z
UgxbE5NszCBIdvQFIWB4AaABAg,,False,@weeruang67,🎉❤😊,4,2025-02-09T13:51:35Z,2025-02-09T13:51:35Z
UgzuGERQK0ERZo7NfPR4AaABAg,,False,@rrreeeddd1321,🍎🤍,4,2025-02-06T11:02:32Z,2025-02-06T11:02:32Z
UgxnzGUrlwsBKna_tP94AaABAg,,False,@filescompilestelan,ILOVEYOU DAHYUN ALWAYSS,5,2025-02-04T14:09:04Z,2025-02-04T14:09:04Z
UgwEcVeDxaewCZ2tIFV4AaABAg,,False,@hklmjnup3264,Love you❤,3,2025-02-01T23:36:58Z,2025-02-01T23:36:58Z
Ugxt541a7fhpOpqVdBB4AaABAg,,False,@grantorourke6796,Is she the most musically talented in Twice? I have seen her play piano and to play guitar and sing is very hard well done Dahyun!,13,2025-01-31T14:39:29Z,2025-01-31T14:39:29Z
Ugxt541a7fhpOpqVdBB4AaABAg.ADy5mxKe-AeAE7LOICZv83,Ugxt541a7fhpOpqVdBB4AaABAg,True,@filescompilestelan,she also play drums and write songs for their album,4,2025-02-04T14:08:12Z,2025-02-04T14:08:12Z
Ugxt541a7fhpOpqVdBB4AaABAg.ADy5mxKe-AeAE7LRsyC3dt,Ugxt541a7fhpOpqVdBB4AaABAg,True,@filescompilestelan,and choreographed dances,3,2025-02-04T14:08:41Z,2025-02-04T14:08:41Z
Ugxt541a7fhpOpqVdBB4AaABAg.ADy5mxKe-AeAHOkLTbxxVO,Ugxt541a7fhpOpqVdBB4AaABAg,True,@doublep1980,"Some of the other TWICE members also play instruments & have written songs.
And Dahyun is also an actress, she starred in a movie this year and is going to be in another soon.",0,2025-04-26T21:56:17Z,2025-04-26T21:56:17Z
UgxV826kb7CBebXFsTZ4AaABAg,,False,@KeyzoTwenty-nine-qv8sp,Gemini ❤🎉,2,2025-01-29T06:31:34Z,2025-01-29T06:31:34Z
UgzeuZ0Pa47tdEPYbvh4AaABAg,,False,@hklmjnup3264,Nice,4,2025-01-28T23:05:24Z,2025-01-28T23:05:24Z
UgxuUdHU8s1HF71JC-V4AaABAg,,False,@eceozkan7886,beautiful voice,4,2025-01-28T22:06:01Z,2025-01-28T22:06:01Z
UgzouEMmtk7d9gm_oVF4AaABAg,,False,@oscaraguilar-oj1vh,"Dahyun es una chica muy talentosa, amable y hermosa, espero que lo sepa y que la gente que esta cerca de ella se lo hagan sentir. FIGHTING DAHYUN!",3,2025-01-28T04:43:46Z,2025-01-28T04:44:28Z
UgwTiBz3DyYaS0ZbBdZ4AaABAg,,False,@ardaozkan6737,twice dahyun,2,2025-01-23T22:09:16Z,2025-01-23T22:09:16Z
UgxxqYMYsu0e0ON3IqV4AaABAg,,False,@dubu007,Actress Dahyun is coming...,5,2025-01-23T14:46:14Z,2025-01-23T14:46:14Z
UgwCumNA0ehvmUGcQrp4AaABAg,,False,@ozielgg9702,BEAUTIFUL  AND  EXCELENT  SINGER❤,2,2025-01-22T05:04:37Z,2025-01-22T05:04:37Z
Ugzbv8gZbssCO_YZP1J4AaABAg,,False,@yo-kl9ur,"何回聴いても泣きそうになる
癒される声",6,2025-01-20T13:04:12Z,2025-01-20T13:04:12Z
Ugw1qaGOQzxGaV8wZSt4AaABAg,,False,@김영욱-v8n,역시 트와이스는 보컬여왕들밖에 없는 보컬완전체다...,3,2025-01-19T15:11:23Z,2025-01-19T15:11:23Z
UgwGV4Pdg8okE4kCVW54AaABAg,,False,@RomanKru,une magicienne,1,2025-01-19T03:39:40Z,2025-01-19T03:39:40Z
UgyTCCBfLfJsTPtr1ZN4AaABAg,,False,@YT-bv7vw,JYP should consider a solo debut for DAHYUN 😊,9,2025-01-18T00:56:06Z,2025-01-18T00:56:06Z
Ugy5VlhDwLL8mtrm_HF4AaABAg,,False,@thanksforthefood6969,"I knew it, I chose the correct twice member to like/bias for. She has a personality of a quiet and peaceful soul while having a voice of an angel - a strong, beautiful and soothing voice. I hope to see more solo songs like these in the future!",10,2025-01-16T23:56:50Z,2025-01-16T23:57:04Z
UgyHvopJVp5KQJpE_QZ4AaABAg,,False,@BurakAkbaş-m8y,beautifull voice,3,2025-01-12T17:29:15Z,2025-01-12T17:29:15Z
Ugz_ac_qBdl03tyO1294AaABAg,,False,@BurakAkbaş-m8y,nice,2,2025-01-12T17:29:07Z,2025-01-12T17:29:07Z
UgxOXtgLxBsezDlzUBh4AaABAg,,False,@dulcemariaguzman422,"I love you, Dahyn ❤",2,2025-01-11T20:26:08Z,2025-01-11T20:26:08Z
UgzkWqHVoUwXs-iOSCF4AaABAg,,False,@dulcemariaguzman422,Te amo Dahyn ❤,2,2025-01-11T20:25:52Z,2025-01-11T20:25:52Z
UgzZTv7qwadHZDUhe_F4AaABAg,,False,@dulcemariaguzman422,HERMOSASAAAA,0,2025-01-11T20:25:39Z,2025-01-11T20:25:39Z
UgwX2v1Wnl0XYgUOtWJ4AaABAg,,False,@sofiaagustinabeltranherrer1915,Hermosa voz mi dhayun bella,2,2025-01-10T16:07:09Z,2025-01-10T16:07:09Z
Ugw61JFvbdM81YTeZa94AaABAg,,False,@dubu007,Dahyunie,2,2025-01-10T12:58:08Z,2025-01-10T12:58:08Z
UgxewNcjAMJmCQwDOPd4AaABAg,,False,@TGKArc,"Dahyun's voice is what I imagine what the last thing I'll ever hear sounds like. Soft, soothing, nice & warm like a mother's comfort.",5,2025-01-09T12:04:39Z,2025-01-09T12:04:39Z
Ugy4dM06gUptCTs9Lk94AaABAg,,False,@Rainbow-Hope,努力家で高みの追求が出来る子なんだな、DAHYUNちゃんって🤍益々、好きになる🫶,6,2025-01-09T02:51:05Z,2025-01-09T02:51:05Z
UgxnWvxfwVKeH8hUEzp4AaABAg,,False,@theninearemine8499,"Our beautiful Dahyun. I can't wait for a solo. But, please JYPE... *""Hirer""* someone who will know how to produce a song that suits her.",6,2025-01-08T19:43:24Z,2025-01-08T19:43:24Z
Ugx_v0qEE8tscH-aWgp4AaABAg,,False,@Deaalinsa,Cwe kuu❤,2,2025-01-07T09:04:39Z,2025-01-07T09:04:39Z
UgxAYJqwSlsn3-X16wd4AaABAg,,False,@teudonggie,my talented dubu,2,2025-01-05T03:36:57Z,2025-01-05T03:36:57Z
UgxIA6UD1vOt2JeTFb54AaABAg,,False,@nyny17,"Yes, Dahyun is an ace, she dances, she sings, she sings rap, she writes music, she knows how to play the piano, she acts, she is very talented",8,2025-01-05T01:51:53Z,2025-01-05T01:51:53Z
UgwfDBLc1PNBbwgE_uh4AaABAg,,False,@Dublang.Doongie,i love youu dubuuuu💘💘,3,2025-01-04T15:03:49Z,2025-01-04T15:03:49Z
Ugx_gBA_89FSY1M_zMZ4AaABAg,,False,@하나사나Baragi1229,마음이 움직일 정도로 노래가 너무 이뻐..,6,2025-01-02T12:21:05Z,2025-01-02T12:21:05Z
Ugx2l1ZzbYOESUTiDjB4AaABAg,,False,@beautifulraccoon,Angel,2,2024-12-31T15:47:36Z,2024-12-31T15:47:36Z
UgzWvqZ8fnOkalVjQgV4AaABAg,,False,@SanaOsniva,Dahyun is one of the most beautiful women ive ever seen her Beauty is stunning to me,3,2024-12-29T17:59:49Z,2024-12-29T17:59:49Z
UgwVVWhu8xOi0ZsSQjR4AaABAg,,False,@choissoobin,I Love DAHYUN,2,2024-12-29T05:38:08Z,2024-12-29T05:38:08Z
UgybJsR9504zj88Nyw14AaABAg,,False,@AM3RICAN,"I don't know if the we desearve u, fr. You always put a smile on my face ty. The fact u chose such a ""small"" singer channel and shared this with us is amazing",5,2024-12-27T01:27:45Z,2024-12-27T01:27:45Z
UgzLNN3JF5TyZXlEL3N4AaABAg,,False,@hypnos-87,다현님 발라드곡 하나 내줘요❤😂,3,2024-12-25T06:12:44Z,2024-12-25T06:12:44Z
UgyZ0SgDVlGB3FnoyVt4AaABAg,,False,@Diana20_xD,I LOVE DAHYUN MY PRINCESS 💖🌷,2,2024-12-23T01:26:08Z,2024-12-23T01:26:08Z
UgyQ5TTDcCGIEdXJuMZ4AaABAg,,False,@mapachedubu,"I love dahyun so much, she has a wonderful voice that makes you feel special, she is so talented :3",4,2024-12-17T01:52:48Z,2024-12-17T01:52:48Z
UgyDXqVA2eXaKVqLwZl4AaABAg,,False,@maeruemiss,my solace :>,0,2024-12-11T04:18:53Z,2024-12-11T04:18:53Z
UgwwiTYzRfWacCLFU8V4AaABAg,,False,@lexnoens9728,Been a once since TT 😭 please universe let us get a dahyun solo project,4,2024-12-09T07:56:43Z,2024-12-09T07:56:43Z
Ugzw-oMg0EQRMPs80OV4AaABAg,,False,@andyye1515,D,0,2024-12-08T01:00:03Z,2024-12-08T01:00:03Z
UgwYkNU-6rzrwolDFex4AaABAg,,False,@andyye1515,PERIO,0,2024-12-08T00:59:52Z,2024-12-08T00:59:52Z
Ugw8l1RnDKM7obEoUGJ4AaABAg,,False,@sebahatrgt3898,Sesi çok güzel. Gitar çalışına bayıldım.:),1,2024-12-07T17:41:41Z,2024-12-07T17:41:41Z
Ugy-utcG2Dfoj3sj3-l4AaABAg,,False,@teudonggie,my girllll,1,2024-12-07T04:27:57Z,2024-12-07T04:27:57Z
UgygAjbWTRMjQlhrs8R4AaABAg,,False,@kubraq718,My baby sweet seeet girl,1,2024-12-06T14:46:12Z,2024-12-06T14:46:12Z
UgxA4SEFO4BK7PdDVR14AaABAg,,False,@rrreeeddd1321,My Baby Dahyun 🤍💕,0,2024-12-06T12:47:18Z,2024-12-08T13:43:13Z
UgwjZqF7muHP9s0gZSp4AaABAg,,False,@nni.81,"何度も聴きにきてしまうこのダヒョンの優しい歌声
とても癒されます🥲‎🤍",6,2024-12-06T07:59:08Z,2024-12-06T07:59:08Z
UgxfT_RU0c7i2RQP7Ah4AaABAg,,False,@EsoRimerCz,The world needs more of DAHYUN,2,2024-12-04T23:02:02Z,2024-12-04T23:02:02Z
UgyrKjp6Yd0qgrnTBq14AaABAg,,False,@jeongyie,this isn’t talked about enough,6,2024-12-01T12:06:37Z,2024-12-01T12:06:37Z
UgxdH6VYzjFhWGJVSfp4AaABAg,,False,@juliacoelho5625,voz linda princesa ❤,1,2024-12-01T05:33:54Z,2024-12-01T05:33:54Z
Ugy-PWdpqTVRJMDN8rR4AaABAg,,False,@immj1807,"AMOR LYRICS 
[Verse 1]
Ara nae mame joyonghi
Muneul dudeurimyeon
Nune ppuyeoke goyeobeorin
Neol heullyeobonaeya hae
Gieogeun jeo ppareun
Sigyetbaneureul nochyeo
Cheoeum neol arabon
Majimage useoboilgeoya

[Pre-Chorus]
Saseoneul teuneun jeo bicheu
Nal hyanghae bureul piugo
Jaega doeji aneuryeo
Nan doraseojiman
Bin galpie chaoreun
Uriraneun saegeun
Wanbyeokal piryo eopsi
Areumdaun yeonghwayeosseo

[Chorus]
Uriga meomun bam sai
Pieobeorin simjangsorie
Bam haneurui byeoreul ieo
Neol geurineun geol
I siganui nan
Neowaui siganeul mul deurigo
Cheotsarangiraneun
Ireumeuro jieojinabwa

[Pre-Chorus]
Jeo byeoldo daldo saranghan
Uriui paran haneureun
Son daeul piryo eopsi buseojin
Eunhasuingeon gata

[Chorus]
Uriga meomun bam sai
Pieobeorin simjangsorie
Bam haneurui byeoreul ieo
Neol geurineun geol
I siganui nan
Neowaui siganeul mul deurigo
Cheon sarangiraneun
Ireumeuro jieojinabwa

[Outro]
I siganui nan
Cheon sarangiraneun
Ireumeuro jiwojinabwa",0,2024-11-28T13:54:49Z,2024-11-29T07:36:23Z
UgxSCqcPX7syrVGB9I14AaABAg,,False,@jermynick,😍😍😍😍😍😍🥰🥰,0,2024-11-27T09:55:55Z,2024-11-27T09:55:55Z
UgwmC7-bqhNLRJTBVZ14AaABAg,,False,@hallucination9966,I need english lyrics please😭 I know the title means “First Love” but all the rest…,0,2024-11-26T20:19:40Z,2024-11-26T20:19:40Z
Ugz2jbciaHRXaQME0iB4AaABAg,,False,@yadiraalejandroibarra7437,"te amo dahyun, eres un curita al corazón 🙁🙁",1,2024-11-26T00:34:50Z,2024-11-26T00:34:50Z
UgxEy73P4DhlvuLbbHt4AaABAg,,False,@haichau-b1t,My Angel,1,2024-11-25T04:27:29Z,2024-11-25T04:27:29Z
Ugzb4TMo9frHHuBEZbZ4AaABAg,,False,@kmd3718,愛させてくれてありがとう..,2,2024-11-19T15:21:57Z,2024-11-19T15:21:57Z
UgzfjUEsjeW4wl5wquh4AaABAg,,False,@unicyncyn,So healing,2,2024-11-18T10:48:57Z,2024-11-18T10:48:57Z
UgxAJymTTJCoqYmxVm54AaABAg,,False,@Sohpopper,DAHYUN MINHA ESPOSA,0,2024-11-16T16:51:41Z,2024-11-16T16:51:41Z
Ugwmx9i6BanEG_fSl6x4AaABAg,,False,@desykuruvila,This song touch my hart❤❤,2,2024-11-16T06:29:55Z,2024-11-16T06:29:55Z
UgyOOA3_m02FYGHwbr14AaABAg,,False,@estanchanel1569,"udah cantik, suara bagus, jago main gitar, istri gua emang keren 💗❤‍🔥❤‍🔥🔥",0,2024-11-16T01:09:41Z,2024-11-16T01:09:41Z
UgxOMi2HkhSo-9UD4eJ4AaABAg,,False,@ekpenasemota5005,"WE REALLY WANNA HEAR MORE OF DAHYUN'S VOCAL!!! IF SO, WE'RE DREAMING OF A SOLO ALBUM FROM HER!!! I REPEAT, *A SOLO ALBUM FROM DAHYUN!!!* 💜",6,2024-11-15T20:44:02Z,2024-11-15T20:44:02Z
Ugzt8V1NsEO3gV6Zw0R4AaABAg,,False,@sadewasweetz077,Cara main musik gitar TWICE DAHYUN Saya ingat dengar lagu ini SAMBIL MAIN GITAR dari UI difilm drama Korea❤❤❤ tahun 2010,0,2024-11-14T20:03:54Z,2024-11-14T20:03:54Z
Ugy9JUqh1FQ4gY6aAFJ4AaABAg,,False,@ttzyo9,<3,0,2024-11-14T18:00:16Z,2024-11-14T18:00:16Z
Ugyb1CtGjtVJKiL60wJ4AaABAg,,False,@Chayoung_.134,😻😻😻😻,0,2024-11-14T00:54:17Z,2024-11-14T00:54:17Z
UgyfyiuHhiHbipouS_B4AaABAg,,False,@ceciliamackie,"Keep shining, your work is wonderful!",1,2024-11-13T16:11:33Z,2024-11-13T16:11:33Z
UgxVEmMCjiUQbPk3jj14AaABAg,,False,@esquilodoido,"essa musica traz uma vibe de musica de anime ou dorama, traz tranquilidade e paz❤",1,2024-11-13T12:42:33Z,2024-11-13T18:22:36Z
Ugwi0soTtDbMZX4ZFoh4AaABAg,,False,@jnellekim,I love you❤,1,2024-11-12T08:58:35Z,2024-11-12T08:58:35Z
Ugzso0SidD-ObXJ54HF4AaABAg,,False,@suputthasodapak,มีอะไรบ้างที่ลูกสาวทำไม่ได้,1,2024-11-12T08:29:36Z,2024-11-12T08:29:36Z
UgzJJKTWQFd7DUESttB4AaABAg,,False,@mixxlina,"Dahyun is just a smart girl, she played such a masterpiece, and she also performed. just cheered me up ❤",0,2024-11-11T20:19:50Z,2024-11-11T20:20:05Z
UgxZQWu2zmJ1Bq0FPel4AaABAg,,False,@adnanali8906,Complete package,0,2024-11-10T17:52:33Z,2024-11-10T17:52:33Z
UgzWFDcyLuzRi4bmnw14AaABAg,,False,@thilam5329,💕,0,2024-11-09T03:32:26Z,2024-11-09T03:32:26Z
Ugx18_p1_Ry7PZQuwhZ4AaABAg,,False,@Justwiceland,أحبك,0,2024-11-09T02:12:12Z,2024-11-09T02:12:12Z
UgyNslZGOy9LiTBMdat4AaABAg,,False,@Justwiceland,My girl,0,2024-11-09T02:11:55Z,2024-11-09T02:11:55Z
UgwbinyWnH0a9hp96pN4AaABAg,,False,@LivPin,"this is so beautiful, we love you forever dahyun 🤍",1,2024-11-09T01:11:46Z,2024-11-09T01:11:46Z
UgwltKKg6xwHX55DbMB4AaABAg,,False,@rqrq1213,"Dahyun, please do a collaboration with apink chorong ♡♡♡♡♡",1,2024-11-07T16:57:47Z,2024-11-07T16:57:47Z
UgxT5MQiYrx2fhD_TOR4AaABAg,,False,@Smooth-r7w,🤧🤍,0,2024-11-07T16:24:20Z,2024-11-07T16:24:20Z
UgyR7NXvZ1v3y_jq8_p4AaABAg,,False,@dubu007,"Patiently waiting for Dahyun to get an OST, best if it is for a drama / movie she participated.",7,2024-11-07T14:55:13Z,2024-11-07T14:55:13Z
UgzKH3paCSxHjS5XcAZ4AaABAg,,False,@barbaramelladoo,te amo,0,2024-11-07T01:29:31Z,2024-11-07T01:29:31Z
UgxnCn8D6zO3VlafQIt4AaABAg,,False,@mariamachado3429,"Aparte de una rapera de primera, tiene una voz maravillosa para cantar. Y también modelo, bailarina. ¿Acaso hay algo que no puedas lograr con tu enorme talento, Dahyun? No lo creo, eres lo mejor... cada día más encantada con el talento de las miembros de TWICE. Sigan creciendo, chicas. Se te ama mucho, Dahyun!!!",3,2024-11-06T02:11:47Z,2024-11-06T02:11:47Z
Ugy_bD4l3gBEZ4CqYjZ4AaABAg,,False,@ViralMukbangCouple,Dahyun ay lab u 😊😊😊😍🥰😘😘,0,2024-11-05T14:39:53Z,2024-11-05T14:39:53Z
Ugz3X6VDgjXSuTvHCPp4AaABAg,,False,@youthwings3878,❤❤❤❤❤❤❤❤❤,0,2024-11-05T12:17:27Z,2024-11-05T12:17:27Z
Ugybg43UedHjqL935HV4AaABAg,,False,@tlyst-j7x,💗💗💗💗💗💗,1,2024-11-04T19:55:22Z,2024-11-04T19:55:22Z
Ugw8p56TiBgi_tOcA494AaABAg,,False,@tzuxluvq,All rounder Dahyun ❤,4,2024-11-04T17:54:04Z,2024-11-04T17:54:04Z
UgxyCA4dVrxgZJDuS6h4AaABAg,,False,@gabrielascopinho84,She is so cute 💕💕,4,2024-11-04T14:47:45Z,2024-11-04T14:47:45Z
UgwR__3MxkwlMucIyOh4AaABAg,,False,@gabrielascopinho84,Aaaaaahhhhhhhh,0,2024-11-04T14:47:22Z,2024-11-04T14:47:22Z
UgxyIR0B6DCQEYJd6QR4AaABAg,,False,@sofiasmith-iw3ql,IS IT NOT HARD TO USE YOUR FORE FINGER WHEN PLUCKING INSTEAD OF THUMB???? 😅 WHY ITS DIFFICULT FOR ME!!!?😢 ITS FINE...IM STILL LEARNING..😊,0,2024-11-04T05:14:59Z,2024-11-04T05:14:59Z
Ugw93TWnoHQ-in5pkHd4AaABAg,,False,@armyonce5179,"Onces this is so important for MISAMO and twice as we all know twice and MISAMO are working so hard for us whether for the free content or the paid content they always so as fans the thing that we can do to support them is to stream on Spotify and yt specially on Spotify we are big fandom more than 1 million person attention their concerts imagine if all this people stream one short playlist every day we will easily achieve+7.5 million streams easily so if we stream all together we can give them+10 million daily streams by just streaming 1short playlist per day if you have computer you can stream from 6 different accounts or more at the same time so here what we should focus on to give twice the record of fastest GG reaching 10 billion stream on Spotify 
-mamushi remix feat twice 
-one spark and igy cause these are the newest comebacks
-moonlight sunrise cause it's need less than 2 million streams to reach new milestone 
-the feels and 2 or 3 songs from formula of love cause it's close to 1 billion stream 
-fancy to make it first song for jyp artist reaching 600 million streams 
-look at me it's close to 60 million streams 
For the filters use these songs 
-identity and new look 
-run away by tzuyu and her album besides
-dive
-abcd by nayeon+pop+love countdown+magic 
-with youth album besides",0,2024-11-03T16:11:56Z,2024-11-03T16:11:56Z
Ugw93TWnoHQ-in5pkHd4AaABAg.AAO5c8_ch2YAAaV38dbewo,Ugw93TWnoHQ-in5pkHd4AaABAg,True,@armyonce5179,Kim,0,2024-11-08T21:04:20Z,2024-11-08T21:04:20Z
Ugw93TWnoHQ-in5pkHd4AaABAg.AAO5c8_ch2YAAaYK7iuFjS,Ugw93TWnoHQ-in5pkHd4AaABAg,True,@armyonce5179,Dahyun,0,2024-11-08T21:32:52Z,2024-11-08T21:32:52Z
Ugw93TWnoHQ-in5pkHd4AaABAg.AAO5c8_ch2YAAaYzzFHmku,Ugw93TWnoHQ-in5pkHd4AaABAg,True,@armyonce5179,كيم داهيون,0,2024-11-08T21:38:43Z,2024-11-08T21:38:43Z
Ugw93TWnoHQ-in5pkHd4AaABAg.AAO5c8_ch2YAAaZa1AybYM,Ugw93TWnoHQ-in5pkHd4AaABAg,True,@armyonce5179,كيم,0,2024-11-08T21:43:55Z,2024-11-08T21:43:55Z
UgwmxoFUVXivA3y7I5N4AaABAg,,False,@jonb5974,❣❣❣❣❣❣❣,0,2024-11-03T13:44:13Z,2024-11-03T13:44:13Z
Ugw80mkN1nRQdXim2z14AaABAg,,False,@renarose3543,Soft❤voice,1,2024-11-03T11:32:46Z,2024-11-03T11:32:46Z
Ugwq0e4BcA3V5DMy44Z4AaABAg,,False,@sneakysnake2866,She's so pretty. Such a beautiful voice. Lots of crazy talent <3,4,2024-11-03T03:50:29Z,2024-11-03T03:50:29Z
Ugzt_3pbFK6oT4fz1iB4AaABAg,,False,@zhakura12,love ya dahyunnieeee,0,2024-11-02T16:43:10Z,2024-11-02T16:43:10Z
Ugw7b9e4Cp3ulOoYcGB4AaABAg,,False,@bluebeam287,🇸​​🇭​​🇺​​🇧​​🇭​ ​🇩​​🇮​​🇼​​🇦​​🇱​​🇮​,0,2024-11-02T08:13:47Z,2024-11-02T08:13:47Z
Ugwt2LDxEJd0RssnooZ4AaABAg,,False,@howdubyoudub,my first love😭,0,2024-11-01T07:27:22Z,2024-11-01T07:27:22Z
Ugz7OYyQskP8OxWLghZ4AaABAg,,False,@herbz_online,"I didn't expect to fall in love with this song. I actually slept with it on repeat in YouTube Music.

Her voice is so calming 🥰",1,2024-10-31T19:53:26Z,2024-10-31T19:53:48Z
UgwXLorORd9ZpCnV6Z54AaABAg,,False,@HashiMadara,🔥,0,2024-10-31T15:52:53Z,2024-10-31T15:52:53Z
UgxtvHFOWOlGNGXC75Z4AaABAg,,False,@チャットgpt04,惚れた,4,2024-10-31T08:45:45Z,2024-10-31T08:45:45Z
Ugx0D_chZWBDwT7_8Bt4AaABAg,,False,@vin4216,Dahyun is not human. She plucks the bass string with her forefinger.,3,2024-10-31T05:54:40Z,2024-10-31T05:54:40Z
UgyV0dZMIdbgNEQkAbN4AaABAg,,False,@PhatLe-hc5hz,Ngọt ngào tựa kẹo ngọt,4,2024-10-31T05:51:40Z,2024-10-31T05:51:40Z
UgxIffdWZG4Xo2oaPEV4AaABAg,,False,@katherineC7746,🤍🤍,1,2024-10-30T23:47:16Z,2024-10-30T23:47:16Z
UgynhTaOA5PsYoXpxjx4AaABAg,,False,@NixLouly,sweet,1,2024-10-30T21:28:49Z,2024-10-30T21:28:49Z
UgxE8GYmv_hg96clZyF4AaABAg,,False,@lauram1418,Voz linda! ♡ Amei! ♡,1,2024-10-30T17:28:53Z,2024-10-30T17:28:53Z
UgzZrqsBCm50lkD5XUh4AaABAg,,False,@Daily_lahh,I love you,1,2024-10-30T15:48:08Z,2024-10-30T15:48:08Z
UgzjP3w69-H1BCySYF14AaABAg,,False,@LoLTuglowOP,Honestly just wanna listen to her sing til the end of my days oh my lanta her voice is just everything,0,2024-10-30T11:42:36Z,2024-10-30T11:42:36Z
UgxpxX7zBymObgn46xZ4AaABAg,,False,@ครูแต้สอนกีต้าร์,❤❤❤❤❤❤❤,0,2024-10-30T07:51:39Z,2024-10-30T07:51:39Z
UgwGGH7M4PEb_4KOPNp4AaABAg,,False,@abrillee7426,"Beautiful girl, beautiful voice<3",3,2024-10-30T01:33:12Z,2024-10-30T01:33:12Z
Ugz-O1LM8OaNpfhtoSB4AaABAg,,False,@armyonce5179,Kim Dahyun,2,2024-10-29T20:49:04Z,2024-10-29T20:49:04Z
Ugya5eGW15eXIHx2iJd4AaABAg,,False,@armyonce5179,Dahyun,1,2024-10-29T20:46:15Z,2024-10-29T20:46:15Z
UgzkOzcd1X02tIsT6mZ4AaABAg,,False,@masaki-fo1uo,"寝る時に聞こー！
めっちゃ心地良いやん！",10,2024-10-29T15:53:24Z,2024-10-29T15:53:24Z
UgyKl3gJ_MrOLDjaYdR4AaABAg,,False,@リト-t5b,ダヒョンちゃんすごいな……！！！うちもギター引けるようにがんばるよ！！！すごく綺麗な歌声でうちは好きだな😊😊❤❤,18,2024-10-29T11:50:48Z,2024-10-29T11:50:48Z
UgzijuLd0hNfDtxJHbZ4AaABAg,,False,@dormon4775,"Por favor, carrera de Dahyun en solitario ❤",6,2024-10-29T07:19:19Z,2024-10-29T07:19:19Z
UgzB2IM9SqiC7Mg2adR4AaABAg,,False,@robertdempsey3417,Beautiful.,3,2024-10-29T01:13:42Z,2024-10-29T01:13:42Z
UgzHo1kQJI3s6F-4qCR4AaABAg,,False,@Imthathe,MY DAHYUNNIE,2,2024-10-29T00:48:59Z,2024-10-29T00:48:59Z
UgwaOEKViLUmHpAJUGl4AaABAg,,False,@SKZ-AUNTY,The Han of Twice ❤,0,2024-10-28T22:21:25Z,2024-10-28T22:21:25Z
UgzlT6XRY27em7SizUd4AaABAg,,False,@yoayew5962,❤❤❤,1,2024-10-28T17:46:05Z,2024-10-28T17:46:05Z
Ugxecbbg1X1NypRlzEJ4AaABAg,,False,@masihullahamarkhil8569,dahyunie❤❤,5,2024-10-28T16:47:15Z,2024-10-28T16:47:15Z
Ugz3oPsUwCMbJXeDtYp4AaABAg,,False,@YSimon-be9sp,❤❤❤,0,2024-10-28T16:06:56Z,2024-10-28T16:06:56Z
Ugz4B_e6Kjky5ch3inV4AaABAg,,False,@Twice-Bts-OA,Que hermosa se ve DAHYUN ❤❤❤❤❤❤,2,2024-10-28T13:51:17Z,2024-10-28T13:51:17Z
UgxD3qkZvfPbYvk3Fyt4AaABAg,,False,@dahyunchanhee4166,Dahyun play instrumen really atraktif,8,2024-10-28T10:12:14Z,2024-10-28T10:12:14Z
UgzL7J4v7WCkDRctj_94AaABAg,,False,@teudonggie,I love you Dahyunieeee,6,2024-10-28T07:42:12Z,2024-10-28T07:42:12Z
Ugx1lzKRhLl8sIzYrHV4AaABAg,,False,@oncefilesttt4900,Talented,4,2024-10-28T05:01:57Z,2024-10-28T05:01:57Z
UgzKVJjWpISP4C8n8D54AaABAg,,False,@williamliu143,Dahyun solo when?,9,2024-10-28T01:12:44Z,2024-10-28T01:12:44Z
UgzBMtr7C49Tx7_9VfV4AaABAg,,False,@sofiaalbornoz-dq9hx,🤍🤍🤍,0,2024-10-28T00:59:15Z,2024-10-28T00:59:15Z
UgwaMAx-7fzklW6H6Tx4AaABAg,,False,@Kyo759,"Vocal, dancer, rapper, performer, songwritter… DAHYUN OUR TALENT GIRL !",12,2024-10-27T23:13:32Z,2024-10-27T23:13:32Z
UgzCwxNGYe2trRl2-Ux4AaABAg,,False,@Kyo759,"TE AMO LINDA, SUA VOZ É PERFEITA !",2,2024-10-27T23:12:12Z,2024-10-27T23:12:12Z
UgwIsBE8Yrdx0b8Gp094AaABAg,,False,@Kyo759,DUBU MEU AMOR VOCE ARRASOUU,0,2024-10-27T23:11:59Z,2024-10-27T23:11:59Z
Ugxf1zvq_qWFdYBokrt4AaABAg,,False,@vicenticosama7517,"""en las buenas y en las malas estaré contigo, para lo que necesites, pase lo que pase voy a estar ahi.... la recompensa para mi, es mirar tu linda carita sonreir""",0,2024-10-27T22:35:17Z,2024-10-27T22:35:17Z
UgydTfvL6gFyZ5OsGOh4AaABAg,,False,@ArtesDecor,Dahyun é tão preciosa!,4,2024-10-27T19:27:32Z,2024-10-27T19:27:32Z
Ugw_BJ7wdFL8uVxwV1J4AaABAg,,False,@jkvosb,Dahyun solo when?,2,2024-10-27T18:50:14Z,2024-10-27T18:50:14Z
UgyUqyPEXsDpZIkbDHp4AaABAg,,False,@justforjodes,I love how her covers always include playing an instrument 😩,85,2024-10-27T17:51:50Z,2024-10-27T17:51:50Z
UgyUqyPEXsDpZIkbDHp4AaABAg.AA6FUhXlkTuAAzvGuw62vV,UgyUqyPEXsDpZIkbDHp4AaABAg,True,@jiminsrighttoehair,Fr,1,2024-11-18T18:03:10Z,2024-11-18T18:03:10Z
UgwIDu1p0A4JoAWKdsp4AaABAg,,False,@bayper5663,Dahyun so precious,4,2024-10-27T15:17:04Z,2024-10-27T15:17:04Z
Ugxw8gWZhOjj-OWEx6N4AaABAg,,False,@rrreeeddd1321,My Love 🤍🌠🌌,1,2024-10-27T13:29:31Z,2024-10-27T13:29:31Z
Ugw8BGCnHAP0tu3YXIN4AaABAg,,False,@Pei-kuuun,"I hope Dahyun gets an upbeat, bubbly title track then soft songs as B-sides as an album",12,2024-10-27T12:56:29Z,2024-10-27T12:56:29Z
Ugx8r7XOwBnP6Kj__tl4AaABAg,,False,@christinejoy8469,"Wow, I fell in love with your talent Dahyun. I can hear this all day without getting tired.",4,2024-10-27T12:40:16Z,2024-10-27T12:40:16Z
UgykeMOeU9uE37vqBKt4AaABAg,,False,@MINAmora_97,"Tão talentosa! Linda, eu te amo 💕😍",2,2024-10-27T12:40:12Z,2024-10-27T12:40:12Z
Ugzb1PNtgWcvEgaba_F4AaABAg,,False,@RhobynjayPabuna,❤❤❤,1,2024-10-27T09:34:56Z,2024-10-27T09:34:56Z
Ugw998_W_GYouJvislV4AaABAg,,False,@thamilywagner2962,So peaceful 🤍,4,2024-10-27T02:37:13Z,2024-10-27T02:37:13Z
UgysSwSRoDN0UeIs3Tp4AaABAg,,False,@firpozakarias3871,La amo,1,2024-10-27T02:33:44Z,2024-10-27T02:33:44Z
Ugyvh2Z4UsQp-d0rDrB4AaABAg,,False,@isagomez6232,te amo minha dahyun 🫂❤,1,2024-10-27T00:40:23Z,2024-10-27T00:40:23Z
UgxA2vhpBE23FMFMii14AaABAg,,False,@GlaizaMontong,❤❤❤❤❤,1,2024-10-27T00:12:23Z,2024-10-27T00:12:23Z
Ugwy0K5IUz1i7dsqP3J4AaABAg,,False,@eilylin9959,❤,1,2024-10-26T22:27:09Z,2024-10-26T22:27:09Z
UgyUEDQiTS8G3nwLVkl4AaABAg,,False,@karmitfrog7968,multitalented exrtovert my dubu,3,2024-10-26T17:08:12Z,2024-10-26T17:08:12Z
UgyH9kGOBsNbl-AqSLV4AaABAg,,False,@Daly05,Love you dahyun. Thank you for being a singer.,3,2024-10-26T15:23:15Z,2024-10-26T15:23:15Z
Ugz3fey9E7Cir2_dbhx4AaABAg,,False,@faultycommodity,That percussive plucking is nothing less than impressive ,4,2024-10-26T12:06:20Z,2024-10-26T12:06:20Z
Ugw4S0210NKLQ1OxRrt4AaABAg,,False,@Mihawkyy,There is one bad thing I have to say about this cover: It ends <3,1,2024-10-26T08:12:30Z,2024-10-26T08:12:30Z
UgzUU2kuXCtbqESR6FF4AaABAg,,False,@blankji3472,The most talented person I know!!! We love you KIM DAHYUN 🤍🔥,2,2024-10-26T03:29:45Z,2024-10-26T03:29:45Z
UgzP3PzpaTCSx53S7kl4AaABAg,,False,@10soutdoordiy,ちょあ,0,2024-10-26T01:57:33Z,2024-10-26T01:57:33Z
UgwuZfPHZYbgLh3VzHV4AaABAg,,False,@JBH-ki9hgy2,🤍🤍,1,2024-10-26T01:47:01Z,2024-10-26T01:47:01Z
UgxvO1Vnp89qIqQRmQt4AaABAg,,False,@oncejamez24,<3,1,2024-10-25T19:36:03Z,2024-10-25T19:36:03Z
UgxO_JnZ-YHlsn21-eJ4AaABAg,,False,@nathi5359,"love u princesss, piano, guitar, you know play how many girlllll",2,2024-10-25T19:32:35Z,2024-10-25T19:32:35Z
Ugx-I_h0XgdCQ59RsUB4AaABAg,,False,@marrodirguez,Aún la recuerdo a Dahyun yendo hacia un extremo del escenario a saludarnos en Brasil,4,2024-10-25T19:04:02Z,2024-10-25T19:04:02Z
UgyVj17s7Sk8sukSykp4AaABAg,,False,@marrodirguez,Te amo Dahyun preciosa. ❤,2,2024-10-25T19:03:25Z,2024-10-25T19:03:25Z
UgzGtX0ekHEuYU3Mkid4AaABAg,,False,@sweetmaluiza,😍❤❤,1,2024-10-25T17:33:21Z,2024-10-25T17:33:21Z
UgypGREf7copZCBoGqd4AaABAg,,False,@alliyahstephaniepaguirigan2828,"i love you, dahyunie!💗",1,2024-10-25T13:36:48Z,2024-10-25T13:36:48Z
Ugycqs0uvzuw3ZojhWV4AaABAg,,False,@lovellebalo7150,I love You Dahyun ♥♥♥ keep singing,1,2024-10-25T11:33:45Z,2024-10-25T11:33:45Z
UgxGdaca_tNrTONedWV4AaABAg,,False,@darwinmanuel4212,Next Dahyun solo please JYP 🥺,5,2024-10-25T08:36:29Z,2024-10-25T08:36:29Z
UgxDK0sPNIVgDt2VrU14AaABAg,,False,@nangsengmoon7453,so cute❤❤,1,2024-10-25T08:19:59Z,2024-10-25T08:19:59Z
Ugx7pcGMIQFCfnKN9bR4AaABAg,,False,@우택-j3m,크...다현이가 말아주는 첫사랑이라니,4,2024-10-25T06:35:40Z,2024-10-25T06:35:40Z
UgzFcgyPGS0ggV1uJGV4AaABAg,,False,@parkdubu7471,"Te amo, Dahyun❤❤🇧🇷",1,2024-10-25T06:12:11Z,2024-10-25T06:12:11Z
Ugyo6He79MZcWtV1X2x4AaABAg,,False,@jdj10078,Dahyun ! Wow! Awesome!,1,2024-10-25T04:58:21Z,2024-10-25T04:58:21Z
Ugxdez98zPFnDvMJ0_p4AaABAg,,False,@piagarcialobos6579,Amazing!!!,1,2024-10-25T03:45:36Z,2024-10-25T03:45:36Z
Ugy9sfZDqAlA_Z4yNNl4AaABAg,,False,@davvstl,tão fofa °.♡,1,2024-10-25T02:58:40Z,2024-10-25T02:58:40Z
UgwBVCiyqyHWtoccMPF4AaABAg,,False,@mylenesuratos3036,😊😊😊,1,2024-10-25T02:08:44Z,2024-10-25T02:08:44Z
UgygTCG_CBMqZfDFYrt4AaABAg,,False,@sergioonohara486,she deserves a solo project ( not cover ),5,2024-10-25T00:20:52Z,2024-10-25T00:20:52Z
UgwHRmTSuwwY-eeVNEV4AaABAg,,False,@DanielAraujo-qm8cg,Kim Dahyun,1,2024-10-25T00:01:17Z,2024-10-25T00:01:17Z
Ugy0ws8KlqW6Ayi7Obd4AaABAg,,False,@DanielAraujo-qm8cg,Kim,0,2024-10-25T00:01:06Z,2024-10-25T00:01:06Z
Ugzaovvhn049z7IRhQF4AaABAg,,False,@DanielAraujo-qm8cg,DAHYUUN,0,2024-10-25T00:00:56Z,2024-10-25T00:00:56Z
UgwDiqO4Rl4Nmi0YL7Z4AaABAg,,False,@DanielAraujo-qm8cg,Dahyun,0,2024-10-25T00:00:11Z,2024-10-25T00:00:11Z
Ugw396_3c0Blw2q8uQF4AaABAg,,False,@DanielAraujo-qm8cg,Upp,0,2024-10-24T23:59:57Z,2024-10-24T23:59:57Z
UgzVFejlK25x8xJ4yxl4AaABAg,,False,@DanielAraujo-qm8cg,Up up,0,2024-10-24T23:59:45Z,2024-10-24T23:59:45Z
Ugx3yH08BpiUt-orFfZ4AaABAg,,False,@DanielAraujo-qm8cg,Up,0,2024-10-24T23:59:32Z,2024-10-24T23:59:32Z
UgyuaSNgeJF9hug80Tp4AaABAg,,False,@edanii04,Te amo Dahyun ❤,6,2024-10-24T19:11:59Z,2024-10-24T19:11:59Z
UgyACCShki9qWF0mPY54AaABAg,,False,@aggelinathered,dahyunie🤍,4,2024-10-24T18:47:27Z,2024-10-24T18:47:27Z
UgyWbUn79NZprFrg0rF4AaABAg,,False,@isokenogboe8713,Estoy tan encantado con la suave voz de Dayhun!  🥹💖,3,2024-10-24T18:41:07Z,2024-10-24T18:41:07Z
UgyL6rRjQEy5SQmZEfd4AaABAg,,False,@Dahyunsii,Total package our Queen Dahyun,6,2024-10-24T18:13:42Z,2024-10-24T18:13:42Z
UgwW1lLYOAQdNZC1rlp4AaABAg,,False,@rileypickett778,Dahyun is so underrated in her talent and visuals. I hope she gets a chance to show off both in a solo album someday,180,2024-10-24T17:59:29Z,2024-10-24T17:59:29Z
Ugz0FA51-1HFfDgXtEp4AaABAg,,False,@karoooooool1073,te amo mucho,4,2024-10-24T17:49:03Z,2024-10-24T17:49:03Z
UgwMvqyMSNVaC86qCQt4AaABAg,,False,@karoooooool1073,preciosa mi reinita,2,2024-10-24T17:48:50Z,2024-10-24T17:48:50Z
Ugwa0-wiKNu0VCUR00N4AaABAg,,False,@haniwitari,"Please do more cover dahyun, we really love your voice",3,2024-10-24T15:13:19Z,2024-10-24T15:13:19Z
UgxUcFp7eLm4YOq3UVl4AaABAg,,False,@sebastianandres3891,i love so much dahyun you are the best i like your voice,3,2024-10-24T14:12:55Z,2024-10-24T14:12:55Z
UgwcFlxn75j4BTqDu0V4AaABAg,,False,@brettwilson9181,Is there anything that this beautiful talented woman can't do?,1,2024-10-24T12:33:46Z,2024-10-24T12:33:46Z
Ugw6FPU7UB8mqpKhPJV4AaABAg,,False,@dubu007,dubu soothing voice....,4,2024-10-24T11:06:55Z,2024-10-24T11:06:55Z
Ugw0zreGkecyKPApL6R4AaABAg,,False,@Koiri-j5k,"You call her Dahyun 
We call her all rounder ❤❤",6,2024-10-24T09:00:59Z,2024-10-24T09:00:59Z
UgxeDDaQC0RInmQ2_Xd4AaABAg,,False,@killergrooves2438,"As a guitar player myself, I have a bias towards female guitar players and Dahyun was the first member of Twice that caught my attention. Really it was fate. 😂",6,2024-10-24T06:42:45Z,2024-10-24T06:42:45Z
Ugw5hH0moK9I6csVwCN4AaABAg,,False,@texasktea,Why dont we ever get these type vocals in their music. Shes so talented.,5,2024-10-24T04:31:36Z,2024-10-24T04:31:36Z
Ugy7c4Vy9s3G6HPg0IJ4AaABAg,,False,@DanielAraujo-qm8cg,Muito bom,1,2024-10-24T01:21:13Z,2024-10-24T01:21:13Z
UgzXTOSarqHqAX9UVHR4AaABAg,,False,@HakemzOfficial,"Dahyun is such a talented idol, I love her. 🥺💖",4,2024-10-23T22:29:48Z,2024-10-23T22:29:48Z
Ugzkj821XIefkUy4q6V4AaABAg,,False,@dubsmail,"Esta chica es tan genial, ella es cantante, compositora, actriz, modelo, bailarina, ella es todo, todo lo bueno, te amo Kim Da-Hyun. ❤❤",3,2024-10-23T21:46:32Z,2024-10-23T21:46:32Z
Ugxwbv1hSsIKUBoZ5ON4AaABAg,,False,@ashoka230,"Twice doesn't have talents they said. Very wrongly said😂😂😂 They have talents overflowing. Just look at Dahyun- she sings, raps, play instrumens, acts, writes, does MC and also has a special talent of Scolding her label founder without scared...❤😂",3,2024-10-23T19:50:22Z,2024-10-23T19:50:22Z
UgxHh_wOtt6eToZG-Lt4AaABAg,,False,@kamenowo,イヤフォンやヘッドフォンの頂点は原音再生。　後は価格によって音質が劣化していくだけ。　音楽に色付けしてくれるのはスピーカーだけです。　モニタースピーカーは原音再生してくれますが、それは頂点ではありません。　どんな気持ちで、どんな音を聴くか。　いろんな音を聴かせてくれるのがスピーカーです。　高音から低音まで雑音は全て排除。　測定数値は完璧。　これが日本のスピーカーです。　でも、こんなスピーカーで聴いていても音楽は楽しくありません。　だから日本のスピーカーは世界で売れていません。,0,2024-10-23T19:43:34Z,2024-10-23T19:43:34Z
Ugwd2uBfWQ7Nepo2dIl4AaABAg,,False,@rrreeeddd1321,저는 마이다현🤍,0,2024-10-23T16:25:44Z,2024-10-23T16:25:44Z
UgxDVO9pOrtxlt5joX14AaABAg,,False,@Katyrothschild,Dahyun has a beautiful voice🤍 she has a lot of potential to do a solo💗,19,2024-10-23T16:02:52Z,2024-10-23T16:02:52Z
Ugx5BK6ZitKJ4n2DjBd4AaABAg,,False,@AnnaYumii,"I have a dream, this dream is Dahyun's solo🤍",50,2024-10-23T16:00:11Z,2024-10-23T16:00:11Z
UgzZm7phntjAAGDu6j54AaABAg,,False,@MiyokoRamos,I dream of one day having Dahyun's solo 🤍😻,23,2024-10-23T15:56:26Z,2024-10-23T15:56:26Z
UgzZm7phntjAAGDu6j54AaABAg.A9wk60E5F-tA9zj6cN4ggv,UgzZm7phntjAAGDu6j54AaABAg,True,@FerDieckmann,Yeeeees!!!,2,2024-10-24T19:45:30Z,2024-10-24T19:45:30Z
UgxLm10Q3QU3BuOSUqt4AaABAg,,False,@MelloFinamor,I really wanted Dahyun to have a solo😢 I like her voice so much 💕,31,2024-10-23T15:49:23Z,2024-10-23T15:49:23Z
Ugzx_UkenSo_-6sgIx54AaABAg,,False,@melfinamor,When will she release a Dahyun solo?😭,9,2024-10-23T15:46:47Z,2024-10-23T15:46:47Z
Ugy8eMa66raaj4sb3kF4AaABAg,,False,@BmxRiderXmusician,OMG my dahyunie❤❤❤ playing guitar sing.😱😱😱😱 My heart is melting😍😍😍🥰🥰🥰,4,2024-10-23T14:12:41Z,2024-10-23T14:12:41Z
Ugyr5lwAx74iqJYtcSd4AaABAg,,False,@MariaFernanda-rv1oq,Muito fofa❤,3,2024-10-23T13:54:23Z,2024-10-23T13:54:23Z
Ugx0jv2ofNknjAiFYXN4AaABAg,,False,@mayamalachimilea3948,dahyun you're the best,3,2024-10-23T13:18:44Z,2024-10-23T13:18:44Z
UgxeaB6HPJBzihYzR_N4AaABAg,,False,@mayamalachimilea3948,DAHYUNISM!!!,2,2024-10-23T13:18:31Z,2024-10-23T13:18:31Z
Ugz3X7CWJahuenfp4k14AaABAg,,False,@mayamalachimilea3948,oh my Dahyun,2,2024-10-23T13:18:15Z,2024-10-23T13:18:15Z
UgxFGtcnZh7sigcIlDN4AaABAg,,False,@mayamalachimilea3948,🤌🤌🤌🤌,1,2024-10-23T13:18:03Z,2024-10-23T13:18:03Z
UgzVQKTsNiImcu1cgq54AaABAg,,False,@mariamaemie9821,Dahyun-ah~~,2,2024-10-23T09:49:23Z,2024-10-23T09:49:23Z
UgxRvx2tMFnYdqArAaV4AaABAg,,False,@hypnos-87,목소리도 이쁘다,2,2024-10-23T08:38:23Z,2024-10-23T08:38:23Z
Ugx0q9AP_z1tUCCA6Vh4AaABAg,,False,@miracleheaven9531,Kim Dahyun the woman that you are🛐,1,2024-10-23T08:26:58Z,2024-10-23T08:26:58Z
Ugz0LsLCfpeZVxTbRMd4AaABAg,,False,@yuzawa-z5p,何が良いん？,1,2024-10-23T06:56:34Z,2024-10-23T06:56:34Z
UgwUC74sVYYZfyDtCjt4AaABAg,,False,@minimini4792,Talented queen!!!,1,2024-10-23T04:18:54Z,2024-10-23T04:18:54Z
Ugzn9ko4xBWuxUj64wt4AaABAg,,False,@gohtenmagical,"💌I📶🔮totally enjoy🔮🔮🔮🔮🔮🔮🔮🔮🔮more to listen I do think it🔮sounds musical, understandable, a listener I continue🔮💜🔮💜🔮💜🔮💜🔮💜🔮💜♈️🥖🌶️🍝🍍🥤🔰🔮",1,2024-10-23T04:10:06Z,2024-10-23T04:10:06Z
UgyqNIxg-fAwHc8A6Ml4AaABAg,,False,@Nayeon-z5d,I love you dahyun ♥️♥️,1,2024-10-23T01:04:05Z,2024-10-23T01:04:05Z
UgwNsbC5h_z9czSw18Z4AaABAg,,False,@SaimondRodriguez-zj2ny,gorgeous,0,2024-10-22T23:07:27Z,2024-10-22T23:07:27Z
UgyMzCpQ4Q3NWOUCPvB4AaABAg,,False,@kitcloudkicker72,The voice of an angel,0,2024-10-22T22:58:11Z,2024-10-22T22:58:11Z
UgynWkYuU5zq45UDVtx4AaABAg,,False,@SquirtlePower809,Ahhhhhhhhh I LOVE you Dubu!!! You are so incredibly talented!,0,2024-10-22T22:51:22Z,2024-10-22T22:51:22Z
UgxXkO7g4gI_UUgtRnZ4AaABAg,,False,@alwanfatur2139,"We need more some of Dahyuns mellow covers or even songs 😢😢😢, not being forceful tho, its just because her voice is so warmth in mellow songs 🤍🤍🤍🤍",0,2024-10-22T22:30:15Z,2024-10-22T22:30:15Z
UgzVpRou_UfLlekDtEl4AaABAg,,False,@firminy378,amazing !!!! please more acoustic songs dahyun !!,0,2024-10-22T20:32:49Z,2024-10-22T20:32:49Z
UgwgIHugr5mcGzDuplN4AaABAg,,False,@hegeroy,❤,0,2024-10-22T19:58:11Z,2024-10-22T19:58:11Z
UgxVydpOpjZXkvWQZ994AaABAg,,False,@dubu007,listening to this cover everyday....,1,2024-10-22T11:45:12Z,2024-10-22T11:45:12Z
UgxpKLhiMOmNwCTSv4N4AaABAg,,False,@straytwice1090,Angel voice kimdahyun,0,2024-10-22T11:29:13Z,2024-10-22T11:29:13Z
UgxkDiixyDL4WFBzY794AaABAg,,False,@noroy9969,"デビュー当時から日本語も1番一生懸命に話そうとしてたし、忙しい中、ピアノやギターの練習も欠かさず、本当に頑張り屋のダヒョン。
サランへ❤",1,2024-10-22T10:23:38Z,2024-10-22T10:23:38Z
UgwtgftRb3IOwJyR8TZ4AaABAg,,False,@SuyeonOfficial,So beautiful Dahyun playing guitar,0,2024-10-22T09:36:06Z,2024-10-22T09:36:06Z
Ugw7iTqkaCCK-ooZTCN4AaABAg,,False,@srinovi135,"Menunggu debut solo album, boleh lah JYP☺️",2,2024-10-22T05:22:36Z,2024-10-22T05:22:36Z
UgyLyfkl3dfB3TrUaqV4AaABAg,,False,@nayeonkim5540,"Ya estamos orgullosos de ti Dahyun, lo estás haciendo bien te quiere Once mexicano ❤",0,2024-10-22T01:37:44Z,2024-10-22T01:37:44Z
UgwKhDw-31DSyzVcX3t4AaABAg,,False,@Airam8D,"Thank you for helping me sleep, Dahyun 🤍🤍🤍🤍🤍🤍",1,2024-10-21T17:10:02Z,2024-10-21T17:10:02Z
UgwAOA-q77rEibgTgDF4AaABAg,,False,@em_wqz,"Enamoradísima de su voz, es como la de un ángel",2,2024-10-21T14:52:54Z,2024-10-21T14:52:54Z
Ugxkk8fF32nj1FzyyQB4AaABAg,,False,@em_wqz,Te quiero tanto Dahyun❤,1,2024-10-21T14:52:40Z,2024-10-21T14:52:40Z
UgwXasu8vJgjMeUG4ft4AaABAg,,False,@yeonwoo08,두부다현 말할필요없이 레전드다.,4,2024-10-21T14:23:10Z,2024-10-21T14:23:10Z
UgwMlbJWLL1xo4yeQ454AaABAg,,False,@millyyan7561,"I like Dahyun tone very much,it’s so smooth and sweet！",3,2024-10-21T13:33:47Z,2024-10-21T13:33:47Z
UgzPc66hlxWmalmAJFV4AaABAg,,False,@ricapatricio8122,Love youu alwayss❤,1,2024-10-21T11:41:32Z,2024-10-21T11:41:32Z
Ugwuo-ZJ9FNe0Npj0Ah4AaABAg,,False,@ricapatricio8122,Love youu alwayss❤,1,2024-10-21T11:41:32Z,2024-10-21T11:41:32Z
Ugyw202iCRx2jwdIUyZ4AaABAg,,False,@ricapatricio8122,Love youu alwayss❤,1,2024-10-21T11:41:32Z,2024-10-21T11:41:32Z
Ugy5WFvuGCbrPVPinzV4AaABAg,,False,@ricapatricio8122,Love youu alwayss❤,1,2024-10-21T11:41:31Z,2024-10-21T11:41:31Z
UgzNV-rYz_TkZnVYp4t4AaABAg,,False,@트둥동네응원대장킴완,"피아노뿐만 아니라 기타도 잘치고 바쁜와중에 커버곡영상까지 찍어서 선물해주는
원스밖에 모르는 바보 다현이 팬미팅에서도 펑펑 우는거 보고 역시 우리둡답다는 생각이 들었음 ㅎㅎ
하늘만 보면 생각나는 다현이~ 앞으로 지금처럼 행복하고 건강하게 오래오래 함께합시다!",15,2024-10-21T11:05:56Z,2024-10-21T11:05:56Z
UgzTAFvEdoELn4BsOGN4AaABAg,,False,@gwenlim5366,Dahyun's voice is really soothing,9,2024-10-21T06:10:07Z,2024-10-21T06:10:07Z
UgxzkBPAbNlSsAlOEgJ4AaABAg,,False,@wonye,how i love you dadah!! ♡,0,2024-10-21T04:36:55Z,2024-10-21T04:36:55Z
UgxMjGridD-MNCPnNix4AaABAg,,False,@GIRASOLESMAJICOS,The queen returns with a random cover out of nowhere,3,2024-10-21T02:13:30Z,2024-10-21T02:13:30Z
UgwaDoVIuw9TsspNDDJ4AaABAg,,False,@MalekMalek-xj6ft,Dahyun she's just perfct love her si mush💜💜💜💜,2,2024-10-20T21:42:09Z,2024-10-20T21:42:09Z
Ugzi6CiAZYTgoHWTH7x4AaABAg,,False,@gaetanequere,Dahyun is soooo talented !!,7,2024-10-20T18:31:39Z,2024-10-20T18:31:39Z
Ugy6ccROuSMTaKJL-O14AaABAg,,False,@andyle5716,What a lovely cover by Dahyunie. Her playing the guitar was nice too.,5,2024-10-20T15:46:00Z,2024-10-20T15:46:00Z
UgzAvn4OoEolEJ_BTmh4AaABAg,,False,@TITIxTUM,No se que dijo pero me encanta la melodía,1,2024-10-20T12:47:20Z,2024-10-20T12:47:20Z
UgwdOMtoSmpOngyM0WN4AaABAg,,False,@matchagaming57,"Gila,suaranya itu lho🥹🥹🥹",2,2024-10-20T10:36:34Z,2024-10-20T10:36:34Z
UgyG0aLp2ezCfxn8dd14AaABAg,,False,@John-r2p9t,"This just reinforces what her true stans already know....that Kim Dahyun is Amazing at Everything she does; vocals, playing guitar & piano, dancing, rap, acting, while also being stunningly beautiful and probably the most underrated K-Pop Idol on the Planet!! She deserves (and stans would love) a solo album with beautiful songs like this! 💯❤❤‍🔥",18,2024-10-20T08:24:16Z,2024-10-20T08:24:16Z
UgwEvtRYhXOS_fLSR-14AaABAg,,False,@kpopcorgi,There's something so calming about Dahyun's vocals. Her voice is one of a kind 💖💖,69,2024-10-20T07:10:04Z,2024-10-20T07:10:04Z
Ugzd7Ic2zy-37YU52Z14AaABAg,,False,@annarem05,Pretty face with sweet voice ♥,2,2024-10-20T05:38:12Z,2024-10-20T05:38:12Z
Ugwre6XUneWfCW_ECal4AaABAg,,False,@mikehax,🥰🥰🥰,1,2024-10-20T05:26:56Z,2024-10-20T05:26:56Z
Ugx0SOMHZeokv0rIQZB4AaABAg,,False,@emanuelmolina8987,Es tan bonita ❤❤❤,2,2024-10-20T03:21:29Z,2024-10-20T03:21:29Z
Ugxzi8m-hTlxdrTNrbJ4AaABAg,,False,@TheVallex,Our Dahyunnie... <3 🤍,2,2024-10-20T03:15:36Z,2024-10-20T03:15:36Z
UgwowYDlSXQo-KMGhpV4AaABAg,,False,@mnchbntll1477,multi talented dahyunnie,2,2024-10-20T02:42:29Z,2024-10-20T02:42:29Z
UgwXhKfbHrZhy-bW8cZ4AaABAg,,False,@stephaniereyes3529,Te amo bonita :3,3,2024-10-19T23:35:22Z,2024-10-19T23:35:22Z
UgwWwwtaM5uV9ZjihwJ4AaABAg,,False,@Vilmasilversionsilvestre,Ok pero la voz de Dahyun 😻,3,2024-10-19T23:31:32Z,2024-10-19T23:31:32Z
UgyxVpUT5kT4KCLDhcR4AaABAg,,False,@marcossodre2835,Fantastic ⚘️👏⚘️👏⚘️👏⚘️👏,2,2024-10-19T22:16:52Z,2024-10-19T22:16:52Z
Ugw00ikRu9dHMJKo91l4AaABAg,,False,@marcossodre2835,Dahyun beautiful Beautiful ⚘️❤️⚘️❤️⚘️❤️⚘️❤️,4,2024-10-19T22:16:35Z,2024-10-19T22:16:35Z
Ugy4Q-h5jj5NLM1OdYJ4AaABAg,,False,@Fabiwstan,"THIS IS AMANZING, I LOVE YOU DAHYUN 💞💞💞",2,2024-10-19T20:29:40Z,2024-10-19T20:29:40Z
UgxzH5rN5R3MVERKf8J4AaABAg,,False,@jesusjstx796,Dahyun❤,5,2024-10-19T18:14:38Z,2024-10-19T18:14:38Z
UgxYLQwEbWMUMaimd114AaABAg,,False,@richardmendoza2651,❤❤❤,1,2024-10-19T17:40:18Z,2024-10-19T17:40:18Z
Ugy9p-0jFxyHV7AW9n94AaABAg,,False,@ThiagoMoraesLeal,Tudo que eu precisava para encarar o dia de hoje eu consegui neste vídeo de dois minutos da Dubuzinha. <3,1,2024-10-19T16:06:36Z,2024-10-19T16:06:36Z
Ugw9iu0qUpy5x8KbnPd4AaABAg,,False,@stivencutipa,Te amo,1,2024-10-19T14:19:39Z,2024-10-19T14:19:39Z
UgwtGyLGa2grPr-Oxl54AaABAg,,False,@yankesoul,DAHYUN SOLO WHEN,2,2024-10-19T13:59:50Z,2024-10-19T13:59:50Z
UgwMKT83iuL5bgEf9KV4AaABAg,,False,@arcanejinnx,this girl is talented of everything,1,2024-10-19T13:57:34Z,2024-10-19T13:57:34Z
UgyYC8qwvHwglQoEONN4AaABAg,,False,@oncenk9241,"DAHYUN is actually so talented , she such a amazing singer. Proud to see our dubu shining in her talent ❤",15,2024-10-19T13:48:10Z,2024-10-19T13:48:10Z
Ugyl7hwR5djBwdHu_Ol4AaABAg,,False,@ゆーりんちー-n6v,だひょんちゃんの歌声はほんとに癒される、、,2,2024-10-19T12:32:02Z,2024-10-19T12:32:02Z
UgylvtCJJcQAvchjjvB4AaABAg,,False,@alexkim1665,Thank you to our talented Queen Dahyun🤍,6,2024-10-19T10:38:39Z,2024-10-19T10:38:39Z
Ugyath1lBnU59EVjifZ4AaABAg,,False,@06.oBachDiep-zc7ch,"I very like it, Dahyun unnie ah",1,2024-10-19T10:23:11Z,2024-10-19T10:23:11Z
UgyRfRRs9F9-2NPx6rd4AaABAg,,False,@anujachhetri6908,Well i have notice that rappers are always the ace of the group ❤,0,2024-10-19T08:43:38Z,2024-10-19T08:43:38Z
Ugzcdh9RpAp54GNXECF4AaABAg,,False,@DapperDubuOT9,This was so beautiful. I’ve always loved Dahyunie’s soft vocals. I see she’s been keeping up with her guitar lessons and it definitely shows. Great Job Dubu!! THANK YOU FOR THIS 🙏🤍,16,2024-10-19T07:49:05Z,2024-10-19T07:49:05Z
UgzLAqO7eC75KzkGz8V4AaABAg,,False,@pandarzzz,다현이 좋아요 😍🐶😻,1,2024-10-19T07:46:33Z,2024-10-19T07:46:33Z
Ugxw7QCT4DiofC_uwN94AaABAg,,False,@lizkidadle9732,"Dubu, thank you for this beautiful cover!",0,2024-10-19T06:06:24Z,2024-10-19T06:06:24Z
Ugzb36myRd5rZVhdUOZ4AaABAg,,False,@bubblyjenny4726,❤❤❤❤❤❤❤❤❤❤❤❤❤❤❤❤❤❤❤❤❤❤,0,2024-10-19T05:18:07Z,2024-10-19T05:18:07Z
Ugyj5VJ3SxBOWxl7Gu14AaABAg,,False,@LeticiaOliveira-hp4zm,❤❤❤❤❤❤❤❤,0,2024-10-19T04:37:31Z,2024-10-19T04:37:31Z
UgzBUJWOoiia6D9Vt9l4AaABAg,,False,@waakemeup0528,imagine if this is the ost of YATAOME🥺gosh the lyrics fits so well,1,2024-10-19T04:27:34Z,2024-10-19T04:27:34Z
UgxsO6UfOpLEa9dMO1B4AaABAg,,False,@JavierTorres,"Beautiful!  Thank you Dahyun!  The first few notes really made me think of the song ""Carlos Baute - Colgando en tus manos"" so for a moment there I thought you were going to do a Korean version of that, but it was still a beautiful song! 🙂",1,2024-10-19T03:18:21Z,2024-10-19T03:18:21Z
Ugzy96ebIebqBPRtOQ54AaABAg,,False,@twiceland4ever,We stan THE most talented 9 girls to ever be in ONE Kpop GG. The QUEENS of TWICE! 👸✨🍭🫶🫰❤️,4,2024-10-19T03:10:33Z,2024-10-19T03:10:33Z
UgyiVXZ_0WmBPdGlDop4AaABAg,,False,@HeroshiVilla,Best and amazing Dahyun.,2,2024-10-19T02:45:41Z,2024-10-19T02:45:41Z
UgzgdJd-a9yUPU1_tRl4AaABAg,,False,@reygieflorestv13,Dahyun as all around talent,3,2024-10-19T02:34:29Z,2024-10-19T02:34:29Z
Ugw7ipr9RS7GM1VuJ-Z4AaABAg,,False,@KellyIsabel,Dahyun is AMAZING!,1,2024-10-19T02:09:52Z,2024-10-19T02:09:52Z
UgzBdUhNfMCyQeXEPwF4AaABAg,,False,@SweetFlower0806,ダヒョンちゃんがギター弾いてる姿、初めて見ました。TWICEでギター弾いてるメンバーはチェヨンちゃんが最初に思い浮かぶけどダヒョンちゃんも練習されてたんですね。😮凄くお上手！DAHYUN 멋진 기타 연주에 감사드립니다.🤍,0,2024-10-19T02:03:14Z,2024-10-19T02:03:14Z
Ugybxk_EMPsC-Flt75J4AaABAg,,False,@selenagomez2894,She plays guiter too? Wasnt she playing piano the whole world tour,0,2024-10-19T00:46:38Z,2024-10-19T00:46:38Z
Ugybxk_EMPsC-Flt75J4AaABAg.A9konyPI7mqA9ky6BzubMx,Ugybxk_EMPsC-Flt75J4AaABAg,True,@dubu007,"She self-learnt it from the net some years ago and covered another song as a gift for her birthday. She plays drums as well, basic drumming. She did it for a few seconds in her movie to be released early next year.",2,2024-10-19T02:07:55Z,2024-10-19T02:07:55Z
UgznCca95DCqObvViHx4AaABAg,,False,@Strawb3rrychaeyo,Que linda dubu 🩷,0,2024-10-19T00:18:34Z,2024-10-19T00:18:34Z
UgxUXK0A0YFSqOzGD3V4AaABAg,,False,@luanaporciano3458,😍😍😍😍,0,2024-10-18T23:43:26Z,2024-10-18T23:43:26Z
Ugy3rCd5gzVMvAhWr-x4AaABAg,,False,@mandafarahdina,Uri dubu ❤❤❤❤,0,2024-10-18T23:19:26Z,2024-10-18T23:19:26Z
Ugz9PD0ZlYGd7O3lWDB4AaABAg,,False,@simonecristinarochadesouza5256,"Dayzinha vc é simplesmente maravilhosa, voz lindaaaa.... Vc é fofa demais 💝🥰🌹🇧🇷",1,2024-10-18T21:50:27Z,2024-10-18T21:50:27Z
Ugyc4d5UB1WqU-ZLnEt4AaABAg,,False,@elmiauverso-b8x,Corazón ❤️ 😘,0,2024-10-18T21:43:06Z,2024-10-18T21:43:06Z
UgzpKJ7Y9XQiw5QFANx4AaABAg,,False,@zh_tk,Her voice is the best,1,2024-10-18T21:21:11Z,2024-10-18T21:21:11Z
UgwuHkDmFM6AyCjIurt4AaABAg,,False,@zh_tk,dahyun the best ✨,0,2024-10-18T21:20:55Z,2024-10-18T21:20:55Z
Ugwo_LmVE5hPwOjs5Nl4AaABAg,,False,@ТвикЖена,So cuti ❤❤❤❤❤❤,0,2024-10-18T19:48:42Z,2024-10-18T19:48:42Z
UgzwFDVJroJZxoeN-GZ4AaABAg,,False,@DwiRifqiNofrianto,what's the title of the song?,1,2024-10-18T18:01:05Z,2024-10-18T18:01:05Z
UgzwFDVJroJZxoeN-GZ4AaABAg.A9k5OZF6qwNA9kyBpYDQko,UgzwFDVJroJZxoeN-GZ4AaABAg,True,@dubu007,first love,0,2024-10-19T02:08:41Z,2024-10-19T02:08:41Z
UgwK9Cog-XpHRdNlD5J4AaABAg,,False,@chasomaru21,"ピアノアルバム出して欲しいとずっと思ってるけど、ギターも追加でお願いします！

努力家ダヒョンちゃん一生推しだ！",4,2024-10-18T17:41:23Z,2024-10-18T17:41:23Z
UgwfF-IoTiK4CbpjSpN4AaABAg,,False,@indahkusumastuti9733,My All-rounder dubuu yaaa. Its ANOTHER LEVELLL. Proud of youuu,0,2024-10-18T17:28:11Z,2024-10-18T17:28:11Z
UgwBu72UaCaYMFinL5R4AaABAg,,False,@CamilaPrieto-b8s,다현이가 너무 예뻐요. ❤❤,3,2024-10-18T17:11:53Z,2024-10-18T17:11:53Z
UgyzZRE17fMaDmfdGtd4AaABAg,,False,@ice_cream_WWWA,다현누나 힐링하게 해줘서 정말 고마워요!!,0,2024-10-18T16:27:06Z,2024-10-18T16:27:06Z
Ugzu2VQVIWxWP_yR5u94AaABAg,,False,@TheWeidemans,"Dahyun, please make a solo mini so I can listen to your beautiful voice every day. My WISH 🙏",3,2024-10-18T16:12:41Z,2024-10-18T16:12:41Z
UgytdE6CR-lzufwKnld4AaABAg,,False,@栗原慶-r4x,ダヒョン最近、色々やっててすごいなぁ,0,2024-10-18T15:59:57Z,2024-10-18T15:59:57Z
Ugy4iHm7iy6QJuB4Mbx4AaABAg,,False,@68マグロ,READY TO BE SPECIALの時の『変わらないもの』でもそうだったけど、ダヒョンちゃんの透き通った歌声×バラードは最強だと思う,1,2024-10-18T15:40:49Z,2024-10-18T15:40:49Z
UgzARIBW3wAZgiWF8sB4AaABAg,,False,@h.k4202,ソロデビュー早く待ってます！！,4,2024-10-18T14:25:31Z,2024-10-18T14:25:31Z
UgzwBKHRfKNqAhQJBCJ4AaABAg,,False,@otohu___528,"ダヒョンちゃん本当にすごいよ....
才能があるのはもちろん、何事も挑戦して、最後までやり遂げる努力家なところが私の憧れです。何よりもあなたの笑顔が大好きです！！！これからもずっとずっと応援します！！！",38,2024-10-18T14:11:07Z,2024-10-18T14:11:07Z
UgzEaUpBnaboANc4mI54AaABAg,,False,@anghimiranda2873,Dahyun ❤,0,2024-10-18T14:02:23Z,2024-10-18T14:02:23Z
UgxcLRaNwTzgXvsicoN4AaABAg,,False,@mr.oddinaryguy,our dubu is busy with being an actress but still find the time to share her talent for ONCE.,1,2024-10-18T13:31:18Z,2024-10-18T13:31:18Z
Ugxmno37mRa532443EZ4AaABAg,,False,@Asal_0403,"داهیون خیلی خوشگل گیتار میزنی عزیزم من عاشقتم ۸ساله طرفدارتم😊
تو خیلی صدات خوبه باید کمپانی یه آلبوم واست کاور کنه و ازت حمایت شه عشگم❤❤",2,2024-10-18T13:22:18Z,2024-10-18T13:22:18Z
Ugz5Cehj5E1vRJO0VCN4AaABAg,,False,@jaznote3045,Dahyun i love you😢,0,2024-10-18T13:06:33Z,2024-10-18T13:06:33Z
Ugympbm9drTHyJeXNmt4AaABAg,,False,@irvincuellar4434,Grande Dubu❤,1,2024-10-18T11:53:19Z,2024-10-18T11:53:19Z
Ugw3Ky0kRtwKnrYfBD94AaABAg,,False,@dubu007,soothing song....,1,2024-10-18T11:24:19Z,2024-10-18T11:24:19Z
UgzGRyX99Bntc3Fo2lN4AaABAg,,False,@NuiiChanuwat,https://music.youtube.com/watch?v=38rQO3dMZrc&si=U8soNJ3oMDBT97Y6,0,2024-10-18T10:54:34Z,2024-10-18T10:54:34Z
Ugxi7bRHKEOQPQs4fth4AaABAg,,False,@omyo_k,백아... 나 아직 콘서트 못가서 실력만큼 너무 안알려져서 슬프지만 조금만 늦게 유명해졌으면 하던.... 양가감정을 가진 뮤지션을 두부가 이렇게 커버를 해버리다니ㅠㅠㅠㅠㅠㅠㅠㅠㅠ 기쁘고 기쁘다ㅠㅠㅠㅠㅠㅠ,0,2024-10-18T09:48:26Z,2024-10-18T09:48:26Z
UgwzW-JCAzoCYZi4PGN4AaABAg,,False,@shilverlux,Is this a sign for Dahyun solo?,2,2024-10-18T09:46:06Z,2024-10-18T09:46:06Z
UgziobzsrpcM3RodSgp4AaABAg,,False,@mayabusan826,one thing abt twice is they will eat up a cover,1,2024-10-18T09:20:44Z,2024-10-18T09:20:44Z
Ugykz9CNJDu5TZAfxHl4AaABAg,,False,@antonina_are_antonina,This will be one of my fav covers for ever!,2,2024-10-18T09:05:15Z,2024-10-18T09:05:15Z
UgyFHssbGqsUQ5Mff-14AaABAg,,False,@hihillari,Dahyun’s voice makes me feel like I’m sleeping on a cloud.,11,2024-10-18T08:54:36Z,2024-10-18T08:54:36Z
UgyYMFm2aLcZ4hIIUJx4AaABAg,,False,@dillamilia2267,❤,0,2024-10-18T08:46:26Z,2024-10-18T08:46:26Z
UgzKTwSFz8rAxlelYTx4AaABAg,,False,@ChauNguyen-wi5pe,Kim star is back 😍,7,2024-10-18T08:40:34Z,2024-10-18T08:40:34Z
UgxZa_dE003nTgonAjt4AaABAg,,False,@나의사랑나의평화김시,다른 멤버들도 이런거해줘❤❤,3,2024-10-18T07:47:41Z,2024-10-18T07:47:41Z
UgzsPPHfppyco0SI9vl4AaABAg,,False,@hoangnguyenviet9535,Cute,0,2024-10-18T07:06:03Z,2024-10-18T07:06:03Z
UgynGfEFlwfFa142pYB4AaABAg,,False,@Rk-u4o,Dahyunnie~~~~~💋😻I’m in love,1,2024-10-18T06:34:13Z,2024-10-18T06:34:13Z
UgxenZlK44fZvd-NQc94AaABAg,,False,@Beruang-x9q,Love you dahyun❤,4,2024-10-18T06:24:09Z,2024-10-18T06:24:09Z
Ugw06KUhX98U7PVlmnd4AaABAg,,False,@yamilsbetrayal,hola dahyun ya casi es mi cumpleaños podrias venir a culiacan por favor eres muy linda tye kiero mucho jeje el cover estuvo muy bonito 😁😁😁😁 mentiras no vengas a culiacan ahorita esta muy peligroso pero espero que para el siguiente año puedas venir al palenque,0,2024-10-18T06:09:59Z,2024-10-18T06:09:59Z
UgxUJeb0kA_Nm3xxhRd4AaABAg,,False,@gnvtwhp1218,TW🤟❤️,0,2024-10-18T05:36:54Z,2024-10-18T05:36:54Z
Ugwj6BJAWc8T_yEFdXR4AaABAg,,False,@chombi.0925,Te amo mucho dubu,1,2024-10-18T05:22:03Z,2024-10-18T05:22:03Z
UgzOPrdz7vvkbbDycJd4AaABAg,,False,@mairaus,一个瞎子也能看到你很漂亮， 我们爱你豆腐！！！,0,2024-10-18T04:44:00Z,2024-10-18T04:44:00Z
Ugy-TAzooDgNtez-YPp4AaABAg,,False,@MO-tl4uz,歌詞は分からないけど、なぜかうるっとしてしまったよ😢温かくて優しい歌声。。ありがとう。,10,2024-10-18T04:14:29Z,2024-10-18T04:14:29Z
UgwikUmti4l2SPlvjo54AaABAg,,False,@farinaysmn,The girl of my life,1,2024-10-18T03:56:52Z,2024-10-18T03:56:52Z
Ugy82hw0s04T1wAV4rp4AaABAg,,False,@ryze2499,Marry me please Dahyun 😍,1,2024-10-18T03:24:48Z,2024-10-18T03:24:48Z
Ugy2Elyv7vVfuoKHo8p4AaABAg,,False,@Diegobravo16,"Necesito con urgencia un solo de esa bella voz, es impresionante mi Dahyun❤❤",1,2024-10-18T03:08:56Z,2024-10-18T03:08:56Z
UgyaQceSywTHYPz3b_l4AaABAg,,False,@SirajMunir-q2x,TWICE Miss You Me Siraj Munir,1,2024-10-18T02:49:59Z,2024-10-18T02:51:44Z
Ugw78hbSl3ykLpbyTUZ4AaABAg,,False,@SirajMunir-q2x,TWICE Remember K-Pop Idol Siraj Munir ????,1,2024-10-18T02:49:20Z,2024-10-18T02:49:20Z
UgxqSXnA5SR6cpA0agh4AaABAg,,False,@Dahyun_bri,다현이 보컬이 너무 좋고 아름답다 그녀 닮아서 사랑해 나의 두부💗💗,1,2024-10-18T02:16:50Z,2024-10-18T02:16:50Z
Ugz7_J5DKxQznTEgw794AaABAg,,False,@jethzelkun8332,mis oídos han sido bendecidos ❤❤❤❤❤❤❤❤❤❤❤❤,1,2024-10-18T02:15:40Z,2024-10-18T02:15:40Z
UgyfvmGfIq2ANHEFN4l4AaABAg,,False,@dubu007,cool dubu,1,2024-10-18T01:26:57Z,2024-10-18T01:26:57Z
UgxB9AIjtx3Ng-oekO54AaABAg,,False,@outwest1014,"Dayton is in many ways the most interesting Twice Idol. Very talented, champion bug killer, apparently English fluent and they use her singing voice enough. Though she is Twice's best rapper, to me.",3,2024-10-18T01:16:19Z,2024-10-18T01:16:19Z
Ugx5Cgvr9E04VAvcPQt4AaABAg,,False,@bri-cb7bd,i Love you.,1,2024-10-18T00:58:45Z,2024-10-18T00:58:45Z
UgwiUJJn6YaK_a92_ml4AaABAg,,False,@vitaminDlvr,I LOVE YOU DAHYUN❤❤❤,1,2024-10-18T00:57:36Z,2024-10-18T00:57:36Z
UgxPBk6E_Hb9_C_tZEh4AaABAg,,False,@Kitriis,Her voice is so beautiful,2,2024-10-18T00:52:20Z,2024-10-18T00:52:20Z
UgzyobRoDC3vgZzc_zx4AaABAg,,False,@Kitriis,She is perfect,1,2024-10-18T00:50:14Z,2024-10-18T00:50:14Z
Ugy4md-8P80dS4ILyHx4AaABAg,,False,@Mareadventureeks,DAHYUN IS A ACE HER VOICE IS SO CUTE AND RELAX🦄✌🏻🐼🍎,1,2024-10-18T00:34:35Z,2024-10-18T00:34:35Z
UgyMle95wAakJ2-FbY14AaABAg,,False,@tocacris2250,Dahyun your are my second bias,1,2024-10-18T00:04:58Z,2024-10-18T00:04:58Z
UgyJKT7m93ox2ix8BTt4AaABAg,,False,@mamobee,Dahyun is the most underrated member of Twice imo,2,2024-10-18T00:03:32Z,2024-10-18T00:03:32Z
UgwIOU2VFWQK50TiCmt4AaABAg,,False,@視聴者-h8t,"可愛い❤
ギターも弾けたのね😘",2,2024-10-18T00:00:20Z,2024-10-18T00:00:20Z
UgxhvLWnZCNl8Ag_oYx4AaABAg,,False,@johnslife4993,"Okay I knew she could play the piano, but the guitar??? Okay Dahyun!!!!",1,2024-10-17T22:31:35Z,2024-10-17T22:31:35Z
UgyHjASHZiAxG25mPL94AaABAg,,False,@Woposeven,SLAAYYY,1,2024-10-17T22:20:08Z,2024-10-17T22:20:08Z
UgzUGRaitQjDUI4LNJx4AaABAg,,False,@parkjihyo8044,"once vote no Twice no Mama awards
Twice in the Mama Awards に 1 回投票してくだ
Once vote for Twice at the Mama awards
Once vota por Twice en los premios Mama
MAMA AWARDS에서 트와이스에게 한 번 투표해보세요
ONCE голосуйте за TWICE на MAMA AWARD
ONCE 在 MAMA AWARD 上為 TWICE 投票
ONCE LET'S GOOOOOOOOO",1,2024-10-17T22:10:21Z,2024-10-17T22:10:21Z
UgxrTUU0pTV1jK1FBmJ4AaABAg,,False,@la_petiteMarce,"Muchas gracias Mi Amor, eres maravillosa Dahyun! Te Amo infinitamente My Beloved Dahyun.",4,2024-10-17T20:40:00Z,2024-10-17T20:40:00Z
Ugx02IRmiWA1FeMuCPh4AaABAg,,False,@carolinaespinozaarriagada415,Dayhun is my life!🤓☝️❤️,0,2024-10-17T20:32:24Z,2024-10-17T20:32:24Z
Ugx8Ric4Z7jC4qpW-xR4AaABAg,,False,@fowjiakthermiraal9039,My bias from twice is Dahyun I love her.... A very talented person,2,2024-10-17T20:11:40Z,2024-10-17T20:11:40Z
UgylOMsdSKS9uW6MKg54AaABAg,,False,@Army_Once079,"We ONCES  are proud of our Dancer, Rapper, Singer, Lyricist, choreographer, Actress, Pianist, Guitarist, Drumist, Runway model KIM DAHYUN ❤❤❤❤❤❤❤❤❤❤❤❤❤❤❤🤍🤍🤍🤍🤍🤍🤍🤍🤍🤍🤍🤍🤍🤍🤍🤍🤍🤍🤍🤍🤍🤍🤍🤍🤍🤍🤍🤍🤍🤍🤍🤍🤍🤍🤍🤍🤍🤍🤍🤍🤍🤍🤍🤍🤍🤍🤍🤍🤍🤍🤍🤍❤️❤️❤️❤️❤️❤️❤️❤️❤️❤️❤️❤️❤️❤️❤️❤️❤️❤️❤️❤️❤️❤️❤️❤️",2,2024-10-17T19:30:49Z,2024-10-17T19:30:49Z
Ugx4O-NN3f4GqKEORTZ4AaABAg,,False,@aej1749,"I just love you, I  adore you wlah",1,2024-10-17T19:28:41Z,2024-10-17T19:28:41Z
UgxwBO1CYUxijvdIqqh4AaABAg,,False,@Carlos_takeda,😍😍😍😍😍,1,2024-10-17T19:17:34Z,2024-10-17T19:17:34Z
UgzORiEl2GLaQNOyBSV4AaABAg,,False,@bia.-ex2md,tão talentosa ela ❤ te amo dahy,2,2024-10-17T19:14:56Z,2024-10-17T19:14:56Z
Ugx_oiAMYtiS8YATTAd4AaABAg,,False,@klaudusia,dahyun solo when!!!?,1,2024-10-17T18:37:55Z,2024-10-17T18:37:55Z
UgwfnRVbLb30oJ-Qswd4AaABAg,,False,@FlecheDeFer,So she can even play the guitar??,0,2024-10-17T18:19:18Z,2024-10-17T18:19:18Z
Ugz40ceZ4dXAaFSob-Z4AaABAg,,False,@waakemeup0528,Here again before I sleep🥺her voice is so soothing and angelic,2,2024-10-17T18:07:19Z,2024-10-17T18:07:19Z
UgwOLJBypVMY627lH5Z4AaABAg,,False,@herikacabral8637,Meu amor todinho ela ❤,1,2024-10-17T17:58:33Z,2024-10-17T17:58:33Z
UgxtcHZRwKgEYwzwNv14AaABAg,,False,@168-n4r,"感覺聲音跟畫面有些不同步？！但我們豆腐實在太有才了❤
真的好愛她",1,2024-10-17T17:53:06Z,2024-10-17T17:53:06Z
Ugyw_VcNwff5cbpnqFd4AaABAg,,False,@arus03,Heart warm❤,1,2024-10-17T17:20:19Z,2024-10-17T17:20:19Z
UgwpsRNTsejsKwfahkJ4AaABAg,,False,@Mel-kr6xb,"wua, hacía tanto tiempo que no teníamos un cover de nuestra Dahyun,  tan heterea y hermosa, gracias kim dahyun",2,2024-10-17T17:19:12Z,2024-10-17T17:19:12Z
UgwzBlyOFOL7kgnYsQN4AaABAg,,False,@leizeuqin,"Dahyun! Twice hidden ACE! No wonder the BIG 3 wanted her (HYBE, YG & JYP)",1,2024-10-17T17:05:16Z,2024-10-17T17:05:16Z
Ugyr_FBkh6CvC9IfyOB4AaABAg,,False,@AMNAMONY,ASMR𓇼🧉❀🐚𓆉︎د*:･ﾟ☾,0,2024-10-17T16:49:15Z,2024-10-17T16:49:15Z
UgxBCupHoPGbaQJEIKd4AaABAg,,False,@hellonikma4683,"DAHYUN THANK YOU SO MUCH ❤❤

Makasih udah cover lagu ini dan upload pas di hari ulang tahunku hhhhuhu, berasa di kasih kado ulang tahun ❤❤ di saat aku udah gak mengaharapkan hari ini ☹️",2,2024-10-17T16:46:11Z,2024-10-17T16:46:11Z
Ugx5CnNGtSnvRxX7-pp4AaABAg,,False,@namjoonminamu1268,😍😍👏👏🥰🥰,1,2024-10-17T16:34:01Z,2024-10-17T16:34:01Z
UgwM3T23xJjdbuaL4FV4AaABAg,,False,@ymj011119,다현 너무 이쁘다,6,2024-10-17T16:30:10Z,2024-10-17T16:30:10Z
Ugwr-J-r0O2Aqm8_vLB4AaABAg,,False,@Jen-j8z,"Que rara forma de pedirme matrimonio, pero acepto ‼️💗",2,2024-10-17T16:20:55Z,2024-10-17T16:20:55Z
UgxeV1RmVnGIkAZOHX54AaABAg,,False,@raluez,emang salah pilih bias multi talented banget❤,1,2024-10-17T16:11:04Z,2024-10-17T16:11:04Z
UgwiPsAHrks3UceLpzJ4AaABAg,,False,@user-jq9pt5cw4m,このギターは何!?有識者たのむ🙏,0,2024-10-17T16:06:45Z,2024-10-17T16:06:45Z
UgyXN2fS229mhg2F9ZZ4AaABAg,,False,@みっつ-x5i,次のライブではギターの弾き語りが見れるかな？,0,2024-10-17T15:39:13Z,2024-10-17T15:39:13Z
UgyV3fFIdredNy9wEHJ4AaABAg,,False,@KaythweHtun-pl8sn,Great job my girl❤❤❤love you 😘,1,2024-10-17T15:28:40Z,2024-10-17T15:28:40Z
Ugx0okfYMh3R-4dIUfR4AaABAg,,False,@systemofastan,"our multi talent Queen, Shes freakin amazing",2,2024-10-17T15:19:21Z,2024-10-17T15:19:21Z
Ugzovgkn-bDFmQ1D-VR4AaABAg,,False,@E_Tepal,Piano y guitarra ❤,1,2024-10-17T15:05:44Z,2024-10-17T15:05:44Z
UgyHhNRSaonjYK2wPH54AaABAg,,False,@김지환-q4l,Lovely voice❤,3,2024-10-17T15:01:09Z,2024-10-17T15:01:09Z
UgyNJUXJYi3078mw9L94AaABAg,,False,@SashaHh-ve8nz,She looks just like a dream,2,2024-10-17T14:58:49Z,2024-10-17T14:58:49Z
UgwPCtyOGraLmxdGbCh4AaABAg,,False,@maiiii-tg9,kim dahyun ❤,1,2024-10-17T14:56:29Z,2024-10-17T14:56:29Z
UgxXX_Aq1Eja3op6knl4AaABAg,,False,@EmilianoQuintana-f5n,"❤Un Gran Talento, Hermosa,Pero Rebelde.Admirable Preciosa ❤❤",1,2024-10-17T14:44:06Z,2024-10-17T14:44:06Z
Ugxip6JFZNhQZTOJp_F4AaABAg,,False,@user-on_twi_ce,"데뷔 초부터 꾸준히 라이브 찾아와서 원스한테 뭐 듣고 싶냐며 환하게 미소짓던.. 다정하게 묻고 피아노 쳐주던 다현이ㅠㅠ 장장 1년간 진행된 월드투어에, 또 다현이는 트와이스 멤버 중 첫 연기 도전이라 그 타이틀에 대한 부담으로  잘해내야겠다고 신경쓰느라 더 바쁠텐데도 연주 영상을 깜짝 선물로 줘서 정말 놀랐어 원스의 영원한 자부심..우리 트둥이…♥ 영상 보니까 그때가 떠올라 예전으로 다시 돌아간 것 같아서 새록새록 추억도 떠오르고 넘 좋은데 시간이 너무 빨리 흘러간 게 느껴져서 기분이 뭔가 오묘해 트와이스도 우리 두부 다현이도 변함없이 원스를 생각해줘서, 무슨 일이 있으면 원스부터 괜찮은지 걱정하고 챙겨줘서 너무 고마워 원스도 소중한 트둥이를 응원할게 평생  ᩚ",68,2024-10-17T14:42:08Z,2024-10-17T15:06:26Z
UgzLg2zXQE2_A5TctZV4AaABAg,,False,@mariarinta-rahko958,She is so talented and her voice is beautiful❤❤,1,2024-10-17T14:39:37Z,2024-10-17T14:39:43Z
Ugy2QxaG8_3DejgL-QV4AaABAg,,False,@annchiao3548,🥲,0,2024-10-17T14:31:58Z,2024-10-17T14:31:58Z
UgycgID7R8w8sjYF5j14AaABAg,,False,@phavSophasu-u9v,🥰💯,1,2024-10-17T14:25:01Z,2024-10-17T14:25:01Z
Ugzgtw5PocucGpNT-At4AaABAg,,False,@LanternSkyy,This is so beautiful,3,2024-10-17T14:22:08Z,2024-10-17T14:22:08Z
Ugw2am8Ze5_kncHf9994AaABAg,,False,@ggwp777-tw,Multitalented for real!,2,2024-10-17T14:20:25Z,2024-10-17T14:20:25Z
UgwThw9kYFYyeasABN54AaABAg,,False,@21vendetta71,Simply beautiful😍😍😍,2,2024-10-17T14:16:52Z,2024-10-17T14:16:52Z
Ugx7a65SitLMUGBJCrx4AaABAg,,False,@adiDASH_lyrics,"Sooo TALENTED, TWICE should proud have DAHYUN and DAHYUN proud be part of TWICE and JYP",9,2024-10-17T14:12:07Z,2024-10-17T14:12:22Z
UgyIlj5WXc3moPJbQpF4AaABAg,,False,@JesusRamirez-lb7ul,Pensé que era un cover de colgando en tus manos 😢,0,2024-10-17T14:11:52Z,2024-10-17T14:11:52Z
Ugxp9qkk3iJuzfvmPpJ4AaABAg,,False,@damot69,"Kim Star, you’re the Queen!",2,2024-10-17T14:08:44Z,2024-10-17T14:08:44Z
Ugzg5YUrVOnm2Rubt914AaABAg,,False,@MariaDasha-qi7kk,Cover is perfect Dahyun ❤,3,2024-10-17T14:07:20Z,2024-10-17T14:07:20Z
UgwRTEF1HoRxm432FeB4AaABAg,,False,@MariaDasha-qi7kk,Music is perfect Dahyun ❤,4,2024-10-17T14:07:05Z,2024-10-17T14:07:05Z
Ugwzx9rWT_68wna_BcF4AaABAg,,False,@MariaDasha-qi7kk,Voice is perfect Dahyun ❤,4,2024-10-17T14:06:51Z,2024-10-17T14:06:51Z
Ugw7u8EyY6HnoRD8gF54AaABAg,,False,@MariaDasha-qi7kk,Dahyun is beautiful ❤,5,2024-10-17T14:06:35Z,2024-10-17T14:06:35Z
Ugwc3axORGeh36dopPh4AaABAg,,False,@劉菲-z1p,唱的好棒,1,2024-10-17T14:02:14Z,2024-10-17T14:02:14Z
UgyaM5DEj2I-o2NntfJ4AaABAg,,False,@KeyzoTwenty-nine-qv8sp,💐,0,2024-10-17T14:01:50Z,2024-10-17T14:01:50Z
UgyP1tzMQSzBTCQmkXR4AaABAg,,False,@fangxing.,(˵¯͒〰¯͒˵),0,2024-10-17T14:00:48Z,2024-10-17T14:00:48Z
UgwDljRlXhMmuX0grx54AaABAg,,False,@АльбинаСадыкбаева,🙂‍↔️😩❤️‍🩹,0,2024-10-17T13:47:21Z,2024-10-17T13:47:21Z
Ugwil6tD_pVq8Sl3PtR4AaABAg,,False,@Once0497,Amo tanto ésta faceta de Dahyun 🥺😍,2,2024-10-17T13:43:26Z,2024-10-17T13:43:26Z
UgyxYp9Mk_ukY4VNi0N4AaABAg,,False,@miaumiaumiau-c6l,Eu te amo meu amor voce é a maior das maiores arrasa❤❤❤,5,2024-10-17T13:29:13Z,2024-10-17T13:29:13Z
UgzRLTH4m27xVpDQk1J4AaABAg,,False,@diiazjang7374,다현이는 원스를 위해 기타를 배우고 피아노를 연주한다.다현이는 일본팬들을 위해 일본어로 이야기하고 다른나라에 가면 그나라 언어를 외워서 인사한다. 아! 이런 천사같은 착한 아이돌이 또 어디있을까? 다현이의 원스를 위한 이런 선물이 너무 고맙다❤,21,2024-10-17T13:22:39Z,2024-10-17T13:22:39Z
Ugy5sTr90dao61n3ZfF4AaABAg,,False,@junfong4998,🤍🤍🤍,2,2024-10-17T13:16:24Z,2024-10-17T13:16:24Z
UgypeayzCJz2hz2ADmF4AaABAg,,False,@obvv7714,she's so precious,3,2024-10-17T13:08:58Z,2024-10-17T13:08:58Z
UgxQOjZTw81FtLgYvG14AaABAg,,False,@AlizarineSilvermoon,"Popstar, Musician, Composer, Lyricist, Actor, Ramp and Commercial Model... Dahyun can do anything...",24,2024-10-17T13:08:24Z,2024-10-17T13:08:24Z
UgzEJzNDUz0hK7zbzbR4AaABAg,,False,@calu526,🤍,2,2024-10-17T12:57:44Z,2024-10-17T12:57:44Z
UgxvADeB06HRo0XPl_x4AaABAg,,False,@SiliconValley-t7z,🤍,2,2024-10-17T12:53:21Z,2024-10-17T12:53:21Z
UgyqsDUKuVbz7s01Jdt4AaABAg,,False,@twice_lover_once,Why Dahyunie~ unnie is so talented and beautiful? ❤I love you dahyun! 💗,4,2024-10-17T12:50:57Z,2024-10-17T12:50:57Z
UgzwOZ4DLL9R2zJPe194AaABAg,,False,@hasnahafida5620,Our talented dubu,7,2024-10-17T12:48:31Z,2024-10-17T12:48:31Z
UgzzhjFC74NJHEubQTl4AaABAg,,False,@jimong4727,I'll always support you no matter what 🤍🤍🤍My talented dubu,4,2024-10-17T12:47:10Z,2024-10-17T12:47:10Z
Ugx5ZWJ7r5lMtQgZxgR4AaABAg,,False,@creamorange6690,Dahyun never fails to amaze us 🥳🥹🤍,0,2024-10-17T12:44:07Z,2024-10-17T12:44:07Z
UgxehsLkvbmJqOP-pGJ4AaABAg,,False,@notjustagirl5406,"Baka promil kid yarn? Multi talented, dahyun !",3,2024-10-17T12:43:52Z,2024-10-17T12:43:52Z
Ugw2dRXP6igM-mUn80F4AaABAg,,False,@smthnginmina,☁️💙☁️,1,2024-10-17T12:30:30Z,2024-10-17T12:30:30Z
UgxxHEDyS_50v5SgWS14AaABAg,,False,@GoGoTwice,"Just casually dropping a guitar cover, Dubu is a walking goddess ❤",0,2024-10-17T12:30:15Z,2024-10-17T12:30:15Z
Ugz8B6pLTkQ5V45XuBt4AaABAg,,False,@Solin-m1d,Dahyun I love you❤️,1,2024-10-17T12:28:08Z,2024-10-17T12:28:08Z
UgxR1GxgQTlDXHuLT4l4AaABAg,,False,@masqueradeee,Even here lip syncing 😂,0,2024-10-17T12:24:54Z,2024-10-17T12:24:54Z
UgyyUYS-uSD3thebeSx4AaABAg,,False,@mooncrystalstar,"She can sing, rap, dance, playing piano, guitar, acting as an actress also an idol. Everything. Multi talent❤",0,2024-10-17T12:16:06Z,2024-10-17T12:16:34Z
UgyDW_QjzmyuZ0fChTN4AaABAg,,False,@antoniomarcos2760,🎵🎶👏👏♥️😍♥️🇦🇷,0,2024-10-17T12:12:18Z,2024-10-17T12:12:18Z
UgyudXRMJRnH7PEdVpZ4AaABAg,,False,@paolabg1185,💓💓,0,2024-10-17T12:08:12Z,2024-10-17T12:08:12Z
Ugz-jF0sWH5Ev2mhDMN4AaABAg,,False,@paolabg1185,Te amoo,0,2024-10-17T12:07:42Z,2024-10-17T12:07:42Z
UgzrmBEsnFfLvvmBo214AaABAg,,False,@naraswagen,💙,0,2024-10-17T12:04:19Z,2024-10-17T12:04:19Z
UgwndvQ9Kotuh3FQKMh4AaABAg,,False,@dubuseokyimyeon,Uri talented Dahyunieee,2,2024-10-17T12:02:50Z,2024-10-17T12:02:50Z
UgyqXuxT4-tR4BS1K4p4AaABAg,,False,@Godgisoon,와 진짜 잘부르네ㄷㄷ,4,2024-10-17T12:01:53Z,2024-10-17T12:01:53Z
UgxF2RM41rbWJy7mgHN4AaABAg,,False,@scudmoon8748,"다현, 고마워 ~💞",2,2024-10-17T11:57:38Z,2024-10-17T11:57:38Z
UgxZtNc3oFoHwFwJRiV4AaABAg,,False,@Yabe-b4j,好好聽❤好溫柔的音色,2,2024-10-17T11:51:33Z,2024-10-17T11:51:33Z
UgwTNqiTgBsYYgL0LwZ4AaABAg,,False,@平秋-s7s,"愛してるダヒョン❤
才能溢れる音楽センス、優しい歌声🥰",3,2024-10-17T11:51:22Z,2024-10-17T11:51:22Z
UgwhoZH2c-CQgKfkrWZ4AaABAg,,False,@ixshtx,I loved her sweet voice so much,2,2024-10-17T11:44:36Z,2024-10-17T11:44:36Z
UgyIWATfUieElDXIDzN4AaABAg,,False,@tigerlion035,多才多艺❤,2,2024-10-17T11:40:04Z,2024-10-17T11:40:04Z
UgybWfyptsHVN_OsW494AaABAg,,False,@sakuya9905,I love her clear singing voice,1,2024-10-17T11:39:46Z,2024-10-17T11:39:46Z
UgyQMqxFwmG5pcvbXdF4AaABAg,,False,@riazkhan8984,Busy with her acting career but still has time for us😭😭😭,1,2024-10-17T11:39:45Z,2024-10-17T11:39:45Z
UgwFqqmD6zYZ-J4LvZl4AaABAg,,False,@rima-uz9iz,さすがダヒョンだな。,2,2024-10-17T11:35:49Z,2024-10-17T11:35:49Z
Ugzf9Fr2dzL0OGq8RVh4AaABAg,,False,@강민찬-u1i,솔로대뷔는 언제하시지,2,2024-10-17T11:30:58Z,2024-10-17T11:30:58Z
UgzJzk7N2CmuQGfWV4N4AaABAg,,False,@강민찬-u1i,랩밖에 못들어봤는데 되게 좋다,0,2024-10-17T11:30:20Z,2024-10-17T11:30:20Z
UgypS0PTHqh271XEIPR4AaABAg,,False,@anignik2701,talented as ever!!!,1,2024-10-17T11:26:18Z,2024-10-17T11:26:18Z
Ugzfko0KuBQHlk-dtYF4AaABAg,,False,@user-wo1jg2kk6d,"お願いします！
ダヒョンちゃん！！
アルバムだしてください!!
ダヒョンちゃんの歌声大好きです🎶",3,2024-10-17T11:24:07Z,2024-10-17T11:24:07Z
UgxdE-YHazEzRWXMSt94AaABAg,,False,@yyysk5337,zzz(:3[▓▓],0,2024-10-17T11:23:33Z,2024-10-17T11:23:33Z
UgwUbdT7JUJ3OXcW4jN4AaABAg,,False,@yuetk4698,"ダヒョンちゃん忙しい中
ありがとう天使の歌声ギターの音色も心地よい",4,2024-10-17T11:06:02Z,2024-10-17T11:06:02Z
UgyxW2LkVOdi4x6u7pR4AaABAg,,False,@hiimolaf,🤍🤍🤍🤍,1,2024-10-17T11:05:31Z,2024-10-17T11:05:31Z
Ugxc9xqWz_bH9exPOHF4AaABAg,,False,@فاطمهنکومهر,دختر خفن ⚡,0,2024-10-17T10:58:59Z,2024-10-17T10:58:59Z
Ugyvr1SQTdIxDDktsW54AaABAg,,False,@ieatricewithmycandybong7539,Daebak Dahyunnie ❤,2,2024-10-17T10:44:25Z,2024-10-17T10:44:25Z
UgxsVe4IFioH8aPcr1t4AaABAg,,False,@KimNoorChan,dahyun so cute,3,2024-10-17T10:39:31Z,2024-10-17T10:39:31Z
Ugz8ip9SxUEfuj4sUpZ4AaABAg,,False,@TWICELOVERS-f1l,I like it,3,2024-10-17T10:27:25Z,2024-10-17T10:27:25Z
Ugz7mf3qkTTK55iyNkJ4AaABAg,,False,@annlods,❤❤❤❤,2,2024-10-17T10:20:38Z,2024-10-17T10:20:38Z
UgyicBLpURC76dS56yx4AaABAg,,False,@bingo1_2,Dahyun is such a great idol,2,2024-10-17T10:19:57Z,2024-10-17T10:19:57Z
UgyTzfkRf4tx_0YtuAN4AaABAg,,False,@ポンデリング-h8d,ダヒョンちゃんの優しい歌声とギターとラフな感じの雰囲気ですっごい癒された。ありがとう,5,2024-10-17T10:18:35Z,2024-10-17T10:18:35Z
Ugzu3hzIg8vLoc9CDtl4AaABAg,,False,@alialaisina199,Our multitalent girl❤,1,2024-10-17T10:15:27Z,2024-10-17T10:15:27Z
UgzAvkF7X5g8HXybSsF4AaABAg,,False,@nicomoco325,ダヒョンちゃん多彩すぎる✨,4,2024-10-17T10:08:45Z,2024-10-17T10:08:45Z
Ugw0Bq1B2OPIsxrsRbp4AaABAg,,False,@veritasastro,연습 많이 했구나😎,1,2024-10-17T10:01:51Z,2024-10-17T10:01:51Z
UgwC9zMJD-EMRgacCRJ4AaABAg,,False,@renatagomesdasilva464,"❤😍 linda ,não consigo parar de ouvir essa voz angelical. 
Tão talentosa minha dubu🎉✨️",2,2024-10-17T10:00:46Z,2024-10-17T10:00:46Z
Ugy3GC4fjGH0wN2q8RJ4AaABAg,,False,@cybilry15,what is the name of this song,1,2024-10-17T09:58:26Z,2024-10-17T09:58:26Z
Ugx6GPg0IqbnVPo5vgB4AaABAg,,False,@anchasasonikorn2664,Dahyun เก่งมากๆๆๆๆ ร๊ากกกกกที่สุด ❤❤❤,1,2024-10-17T09:57:05Z,2024-10-17T09:57:05Z
UgyTLOmf08rUuTGAWhZ4AaABAg,,False,@tkdwnsekd28,다현님 솔로 내주세요 ㅎㅎ,1,2024-10-17T09:49:48Z,2024-10-17T09:49:48Z
Ugx177f3SsaP7ISXxZx4AaABAg,,False,@iamonce.7.4ever,"Dahyunaa, you're doing well ❤",1,2024-10-17T09:44:14Z,2024-10-17T09:44:14Z
UgzCOuuQvY9X3dIlnOt4AaABAg,,False,@sehunieea,Dahyunnn plisss suaramuuu aaa haluss bangett😭😭🥹💗💗🍎,2,2024-10-17T09:37:51Z,2024-10-17T09:37:51Z
UgyuDWrfsJEtOq-_uRZ4AaABAg,,False,@RenalynRosas1227,iloveyou my Dahyun❤,0,2024-10-17T09:35:17Z,2024-10-17T09:35:17Z
Ugz03shNmczRxLWYEKp4AaABAg,,False,@escudo1999,いい声だなぁ。癒されます。,2,2024-10-17T09:33:58Z,2024-10-17T09:33:58Z
Ugy94bM3t1FeqI8yut14AaABAg,,False,@ahy-p3i,ダヒョンの声大好き！透明感があってずっと聴いていたい😊ダヒョンのいつもニコニコしている笑顔も大好き❤,8,2024-10-17T09:32:06Z,2024-10-17T09:32:06Z
UgziCAFZNXP21If-rXh4AaABAg,,False,@LEO_kyun,"なんて素敵な歌声に優しいギターの音色！！
忙しい中心癒される動画を投稿してくれてダヒョンちゃんありがとう♡",27,2024-10-17T09:30:01Z,2024-10-17T09:30:01Z
UgwXllIgH10TRFpRoFN4AaABAg,,False,@julmanuy7021,Singing Tofu,1,2024-10-17T09:23:27Z,2024-10-17T09:23:27Z
UgySqwg60WPyMwZhu6l4AaABAg,,False,@Uraharafnfn,الكوفر اخذ قلبي وروحي اااهخخ كمية مشاعر عميييقة احب داهيون والله احبها فكل مره اسمعها تعزف ما اقدر استوعب كمية المشاعر الي تاخذني مع عزفها حقيقي افضل ايدول مُميزه بشكلل ااهخخ ودي ادخل وسط الشاشة واحبها واحضنها😞😞❤️❤️❤️❤️!!,2,2024-10-17T09:06:53Z,2024-10-17T09:06:53Z
UgyuDFR9hJtZyK59lDd4AaABAg,,False,@fujoshi5430,❤❤❤,0,2024-10-17T09:05:08Z,2024-10-17T09:05:08Z
UgxUgbvGPq76Xjg3yDV4AaABAg,,False,@T54321,"Incredibly talented, Dahyun🤍
믿을 수 없을 정도로 재능이 있어, 다현🤍",0,2024-10-17T09:02:01Z,2024-10-17T09:02:01Z
UgxYzt_AqN4J1XVg4Rt4AaABAg,,False,@KPOP_MYY_LIFE,Her vocals and guitar playing 👌🏻💋,1,2024-10-17T09:00:21Z,2024-10-17T09:00:21Z
UgyTeZSBV8xpkCqfjcp4AaABAg,,False,@TWICEサイダー推し,ダヒョンちゃんギター弾けるのすごい！☺️優しい曲だし、かわいい！🥰💞,2,2024-10-17T08:57:23Z,2024-10-17T08:57:23Z
UgxrpMHh2GZnp4fnepx4AaABAg,,False,@johnreinielserrano3396,I think dahyun solo is at work ❤ it must be.,7,2024-10-17T08:53:11Z,2024-10-17T08:53:11Z
Ugzx4GCztKZQEplniPN4AaABAg,,False,@TehCras,Dahyun is so amazing. I wish she was more recognised.,30,2024-10-17T08:45:00Z,2024-10-17T08:45:00Z
Ugy1KZAChZKKkNfWzP54AaABAg,,False,@abigailcorreagonzales2844,"Dahyun es tan bonita, tiene mucho talento, todo lo que hace es bonito , como es que puede ser tan maravillosa, realmente estoy enamorada , amo su voz tan hermosa y ella es tan linda ❤❤",3,2024-10-17T08:36:35Z,2024-10-17T08:36:38Z
Ugw3JJkMDsQxTBVKT3J4AaABAg,,False,@strawberry6808,My beloved~,1,2024-10-17T08:12:35Z,2024-10-17T08:12:35Z
UgyGZCCEuAtpV5SMX9h4AaABAg,,False,@hungrycharmy3876,Imma need the tabs for the guitar cover,0,2024-10-17T08:01:53Z,2024-10-17T08:01:53Z
Ugxer1W81GMpZJdfM354AaABAg,,False,@Sunnyb3ar49,It's not my birthday today but thank you KIM DAHYUN ❤ you're amazing,2,2024-10-17T08:00:45Z,2024-10-17T08:00:45Z
UgyhFUFSwSSaMZU1LCN4AaABAg,,False,@syzyky,waiting for a non dance solo album,0,2024-10-17T07:46:44Z,2024-10-17T07:46:44Z
UgybxA5BeOS-0h2Wb8t4AaABAg,,False,@koooouji0505,"最近トゥブさんのピアノとかギターで泣きそうになる
あこれ、動画編集のアカウントでコメント書いてしまた",0,2024-10-17T07:43:09Z,2024-10-17T07:43:09Z
UgyDyGqi4vVAKt_dEMV4AaABAg,,False,@SelaSiah-mr7kt,🤍🤍,0,2024-10-17T07:42:05Z,2024-10-17T07:42:05Z
Ugwcsnux2kN0sLUAdoV4AaABAg,,False,@家久裕治,Love ＆ Peace.😁,0,2024-10-17T07:32:43Z,2024-10-17T07:32:43Z
UgyJemf3QiYxlOKeim54AaABAg,,False,@rodrigocortez7315,qué perfecta es mi esposa,0,2024-10-17T07:29:32Z,2024-10-17T07:29:32Z
UgwjbcukyZJIf5JbBR94AaABAg,,False,@nayeoniee7004,Dahyun the most talented beautiful girl ever💕🥰,3,2024-10-17T07:23:18Z,2024-10-17T07:23:18Z
UgzsRydIlV46Dvxam1h4AaABAg,,False,@KaiserBruh,"JYP, i need a cover album but its just Dahyun doing covers with her piano and guitar 🥰",83,2024-10-17T07:22:09Z,2024-10-17T07:22:09Z
UgzsRydIlV46Dvxam1h4AaABAg.A9gNU0a6gHVA9gkyEbvkKJ,UgzsRydIlV46Dvxam1h4AaABAg,True,@GleeChan,"If I had my wish, Dubchaeng would have an album.",6,2024-10-17T10:56:08Z,2024-10-17T10:56:08Z
UgxxXc4aTb-oLIohH5Z4AaABAg,,False,@it_sB3N,thank you.,1,2024-10-17T07:21:54Z,2024-10-17T07:21:54Z
UgyAiRxZw6THeLM07z94AaABAg,,False,@DeboraSri-cn2sm,"Uwaaahh...😮keren,enak banget di dengar petikan gitar nya❤",2,2024-10-17T07:16:57Z,2024-10-17T07:16:57Z
UgyO1LJCI5eXvaYJPWJ4AaABAg,,False,@dharioodizon2689,DAHYUNIEEEEE❤❤❤❤❤,1,2024-10-17T07:13:33Z,2024-10-17T07:13:33Z
UgwIcaOCyw1juyVhDI14AaABAg,,False,@chika00215,ダヒョンちゃんの歌とギター大好き🥲🫶🤍,1,2024-10-17T07:11:07Z,2024-10-17T07:11:07Z
UgyYWPwm_v7VOsBRKuJ4AaABAg,,False,@ยองอาเมส,ทั้งสวยทั้งเก่ง,2,2024-10-17T07:09:21Z,2024-10-17T07:09:21Z
Ugz-YSkPQl8mfKc8kxp4AaABAg,,False,@dzarmyonce5100,There is nothing she can't do,2,2024-10-17T07:06:27Z,2024-10-17T07:06:27Z
Ugws6pSkjcZaN5HHCM14AaABAg,,False,@Ivie-fe6ej,The most heartwarming voice in the world!!! We really want more Dahyun! 😳♥️💐💫💋,4,2024-10-17T07:06:09Z,2024-10-17T07:06:09Z
Ugz4pLrn120fILwHqFV4AaABAg,,False,@tahasin2321,Dahyun's vocals are so cute and she's so perfect of everything ❤❤😘,2,2024-10-17T06:59:53Z,2024-10-17T06:59:53Z
UgxbIdRgBXNPKiEMuwl4AaABAg,,False,@tzurakib,great cover ❤,1,2024-10-17T06:56:22Z,2024-10-17T06:56:22Z
UgyVzv75-vqKpKMN3Ix4AaABAg,,False,@Gorillamon,"wow such a sweet voice, are there any B tracks with dahyun singing",2,2024-10-17T06:42:23Z,2024-10-17T06:42:23Z
Ugw_0zLalqPSOmQNzed4AaABAg,,False,@vicenticosama7517,Dahyun es por mucho la miembro mas talentosa y versatil de TWICE <3<3<3,3,2024-10-17T06:36:16Z,2024-10-17T06:36:16Z
UgyHE3xaPrPpT0tgQ0t4AaABAg,,False,@indijoe,❤,1,2024-10-17T06:33:42Z,2024-10-17T06:33:42Z
Ugxm9nVSUngn4CiEujB4AaABAg,,False,@Dublang.Doongie,def one of the best idol out there❤❤,2,2024-10-17T06:33:00Z,2024-10-17T06:33:00Z
UgxxFZMYMp60pGga_6p4AaABAg,,False,@zaman3399,She's a whole package❤❤❤❤,2,2024-10-17T06:23:22Z,2024-10-17T06:23:22Z
UgwXxjQDXUua6rHbr1Z4AaABAg,,False,@lostwords6779,damnn. Dahyun is a truly multi talented artist.,3,2024-10-17T06:21:03Z,2024-10-17T06:21:03Z
UgyS2BayYb1AdIrnVa54AaABAg,,False,@twiceちゃんお豆腐LOVE,ダヒョンの歌声癒される〜本当優しい声🫶🏻🤍🤍,3,2024-10-17T06:19:57Z,2024-10-17T06:19:57Z
UgweJw6ne5VdiX5AQ254AaABAg,,False,@grave8590,"Does any body know what model her guitar is? 
It looks really nice and I would love to add it to my collection",3,2024-10-17T06:19:49Z,2024-10-17T06:19:49Z
Ugx65rVWZQY_61RL5Np4AaABAg,,False,@vincenzoscialpi3070,Thank you Dahyun for always entertaining Once with your talent,4,2024-10-17T06:14:09Z,2024-10-17T06:14:09Z
UgzQqcoxb5GAnm5lMcl4AaABAg,,False,@charlecabs4538,"Dahyun, the talented person you are. Will you compose and produce next?",2,2024-10-17T06:11:31Z,2024-10-17T06:11:31Z
UgwPkz2OdvP8mqaW7Tl4AaABAg,,False,@benson_cover144,I love you dahyun,1,2024-10-17T06:08:40Z,2024-10-17T06:08:40Z
UgxcGKDwT8cSpbzS2UN4AaABAg,,False,@SPD_wide_book_once,優しくて、切なくて、儚い…素敵な歌声です,2,2024-10-17T06:08:17Z,2024-10-17T06:08:17Z
UgyBD6B7pmqBHZg1p094AaABAg,,False,@etharne,YESSS,1,2024-10-17T06:02:27Z,2024-10-17T06:02:27Z
Ugx6WH7V4YPxGDisV914AaABAg,,False,@benjamingradinski6720,"Beautiful voice, so much more than just rap! Hope her and Chaeyoung do a duo :)",1,2024-10-17T06:00:32Z,2024-10-17T06:00:32Z
UgyjFxHi8DBS6KU0gBN4AaABAg,,False,@milkyskin2255,Our multi-talented Queen Dubu 🥹🥰,2,2024-10-17T06:00:32Z,2024-10-17T06:00:32Z
UgyB2fAyJ7OfXUW7Bo14AaABAg,,False,@lua12345-k,"como que falam que essa mulher não tem talento? ela canta,faz rap,dança,toca instrumento e ainda tem uma beleza surreal",4,2024-10-17T06:00:29Z,2024-10-17T06:01:14Z
Ugy9JRreXU4Wuf2X93h4AaABAg,,False,@lua12345-k,LOVE U DUBUUU,3,2024-10-17T05:59:23Z,2024-10-17T05:59:23Z
UgxmRGkmU9ftOUAPJnJ4AaABAg,,False,@maryjaneyee5912,❤❤❤❤❤❤,2,2024-10-17T05:56:54Z,2024-10-17T05:56:54Z
UgzkLamvkxRd3lPoMGp4AaABAg,,False,@xkirimx,I love you dahyun ♡,1,2024-10-17T05:56:18Z,2024-10-17T05:56:18Z
UgxH0PO406DMo2Z4Nk14AaABAg,,False,@akeypony,🤍🤍🤍,1,2024-10-17T05:49:48Z,2024-10-17T05:49:48Z
UgwK9xj9OofnDWSBuWh4AaABAg,,False,@angeliquecastellanoslopez,Queen,1,2024-10-17T05:44:42Z,2024-10-17T05:44:42Z
Ugzavh--FbNbzAL--XZ4AaABAg,,False,@kyleconor3380,My talented ultimate bias❤️,1,2024-10-17T05:43:28Z,2024-10-17T05:43:28Z
Ugx5Vnya08tgGa_pwr54AaABAg,,False,@xxxKevinx,👍🏻,1,2024-10-17T05:42:33Z,2024-10-17T05:42:33Z
UgyOAUW4RVSx-Pnfwad4AaABAg,,False,@kk-wg9li,本当に本当にダヒョンちゃんの歌声が1番好き😭🤍ありがとう,2,2024-10-17T05:37:41Z,2024-10-17T05:37:41Z
UgxGl7MNWCH6IMUtvN14AaABAg,,False,@MikkyLanCinema,Soothing Dahyun flows so sweetly! 🤍✨,2,2024-10-17T05:34:33Z,2024-10-17T05:34:33Z
UgzxTyMfACspGWYMxiN4AaABAg,,False,@Sunnyko23,She's Simply Perfect,1,2024-10-17T05:32:55Z,2024-10-17T05:32:55Z
Ugyf9iNnYmvBX9N4p6t4AaABAg,,False,@lordmantap2426,tiba tiba banget,0,2024-10-17T05:27:30Z,2024-10-17T05:27:30Z
Ugz5pXdNWfNPhx9AHHB4AaABAg,,False,@jjhalley8524,The queen returns with a random cover out of nowhere,31,2024-10-17T05:14:41Z,2024-10-17T05:14:41Z
Ugz8XPadOcAB9YQO5uZ4AaABAg,,False,@TWICE_FAN.108,Dahyun 아주 아름답게 노래하세요 😻🎧🎵🎶,3,2024-10-17T05:09:21Z,2024-10-17T05:09:21Z
UgzpIZGsbh0_fHXDBoh4AaABAg,,False,@김잇초,빨리...앨범내줘... 나 이 목소리 산책하면서 계속 듣고싶어...ㅠㅠㅠㅠ,8,2024-10-17T05:05:17Z,2024-10-17T05:06:47Z
UgzfEeuIuhmw9WZ0EKB4AaABAg,,False,@jrunk42,Kim Dayhun is so underrated. Pure genius. Hidden gem. ❤,14,2024-10-17T04:50:07Z,2024-10-17T04:50:07Z
UgwKbzpeQVKn6jTbQnl4AaABAg,,False,@prettytresh7372,Will always have a soft heart to my ever-multi talented Dahyunnie Unnie❤❤❤,2,2024-10-17T04:48:25Z,2024-10-17T04:48:25Z
UgynaX7lpDgm2gWldIZ4AaABAg,,False,@psyson1236,bigyan ng album plsss,1,2024-10-17T04:47:54Z,2024-10-17T04:47:54Z
UgzMeVGXHhyFsYsMH3N4AaABAg,,False,@pallvi8362,"The Love You give me as a once....I feel so greatful
Thank you so much Dahyunaaaa❤
You always inspire me for hardwork😊😊😊and kind nature ❤",2,2024-10-17T04:47:00Z,2024-10-17T13:36:04Z
UgwxbPdgOq3JujzugoN4AaABAg,,False,@thaliaaTT,QUE HERMOSO CANTAS DAHYUN🥰🥰,1,2024-10-17T04:46:59Z,2024-10-17T04:46:59Z
UgzEYIXJfSXTpEwcaRF4AaABAg,,False,@ナツキ-w3r,忙しい合間にこんなギターの練習まで…ダヒョンちゃん👏🏻👏🏻👏🏻,42,2024-10-17T04:42:25Z,2024-10-17T04:42:25Z
Ugy4B_B9kB_FoqgxsRV4AaABAg,,False,@marshalt,I don't understand a single word she sang. But I feel like I felt every emotion. 🥲,7,2024-10-17T04:24:49Z,2024-10-17T04:24:49Z
UgwNDtMuNSFCClZFtlt4AaABAg,,False,@lorieannealmazan6580,Iloveyouuuuuuu🥺🤍,2,2024-10-17T04:24:03Z,2024-10-17T04:24:03Z
UgwE8--gREtBDsA-9CN4AaABAg,,False,@linsen8890,"Dahyun is incredibly talented, cute, and beautiful!",14,2024-10-17T04:23:20Z,2024-10-17T04:23:20Z
UgwiCsKFrQhaHFKhVIx4AaABAg,,False,@CamilaEstrada-w6o,"This is so relaxing 🥲, love her ❤️",2,2024-10-17T04:08:29Z,2024-10-17T04:08:29Z
UgyoDf8AEZKHFmvojT94AaABAg,,False,@CamilaEstrada-w6o,"Angelical voice, love you so much Dahyuniee 🤍",1,2024-10-17T04:07:51Z,2024-10-17T04:07:51Z
Ugxb_VQ3xzjl8KjW-Z14AaABAg,,False,@juliosantosperez3765,"Dahyun, no me cansaria de escuchar tan linda melodia 🎶  como los tantos temas son deleite para mis oidos 😊🎉.",2,2024-10-17T04:02:46Z,2024-10-17T04:02:46Z
UgzEnQqwM5KPfY5vJ014AaABAg,,False,@FreenkyTulips-bl9ff,I didn't even move on yet from her cover of Kawaranai Mono and then this? 🥹 Bless my ears more dubu 🫶,4,2024-10-17T04:02:23Z,2024-10-17T04:02:23Z
UgxhnuUw1aJ3nmEk7y54AaABAg,,False,@mariadasilva9410,eu te amo tanto 🥺💖 ficou perfeito!!!,2,2024-10-17T04:01:47Z,2024-10-17T04:01:47Z
UgwA0TRUOo7b9vHSFqJ4AaABAg,,False,@lucas42969,"We need Dahyun's solo be like this, something chill, but i know JYPE will not let her doing this style in a eventually debut (instead, they will do a generic pop song)",9,2024-10-17T04:00:36Z,2024-10-17T04:00:36Z
UgwvKaQHHJg-r-bwy494AaABAg,,False,@brianj0304,Dahyuniii sarang hae,1,2024-10-17T04:00:12Z,2024-10-17T04:00:12Z
UgwQ1JUzlyT7vmRp32h4AaABAg,,False,@akungabutnyashiro7907,Lengah dikit bakal ngisi ost drakor nih,0,2024-10-17T03:51:46Z,2024-10-17T03:51:46Z
UgxHCTov1d18CSQebhN4AaABAg,,False,@Sileimar,"❤ Patiently waiting for her own show or solo, that will surely be a treat ❤",1,2024-10-17T03:45:17Z,2024-10-17T04:10:55Z
UgwjuxMQT--uJuMhPrN4AaABAg,,False,@onceuponatwice1,라떼에 대학 캠퍼스에서 인기 많았던 노래 잘하는 선배의 모습이 생각난다.,2,2024-10-17T03:44:11Z,2024-10-17T03:44:11Z
UgzrGUdFo_5vBmqMu-h4AaABAg,,False,@MiMi-14-z1y,"Everytime when Dahyunee do a cover,it's always so relaxing with her voice 🥺🥺🥺🥺🥺❤️❤️❤️❤️🌸🌸🌸",2,2024-10-17T03:40:30Z,2024-10-17T03:40:30Z
Ugxpo5vRXRXatwZKpi14AaABAg,,False,@taufikhidayatullah5814,Our talented tofu!,2,2024-10-17T03:36:22Z,2024-10-17T03:36:22Z
Ugx4Ju90hJh2H8lrX-J4AaABAg,,False,@JOSETERRAZAS-l8l,Vravoooo Dahon bonita cancion bendi iones amiga por ciempre ❤,0,2024-10-17T03:32:16Z,2024-10-17T03:32:16Z
UgxEO3dOixPWky6XYDx4AaABAg,,False,@zevle176,😭😭😭😭🤍,0,2024-10-17T03:32:12Z,2024-10-17T03:32:12Z
UgyAWNxsN_kwaTwdNZ94AaABAg,,False,@El_esposo_de_yang_Jeongin,TE AMOOO,1,2024-10-17T03:32:07Z,2024-10-17T03:32:07Z
Ugy20JIo0ajRJgiElRp4AaABAg,,False,@Swamp_fairy,This is so beautiful 🥹,3,2024-10-17T03:24:49Z,2024-10-17T03:24:49Z
UgyZqrgiSQ2EcquvS6F4AaABAg,,False,@daviddyer5367,Amazing cover!,2,2024-10-17T03:23:34Z,2024-10-17T03:23:34Z
UgysOdM64jO5Hp5_d_p4AaABAg,,False,@evaristabenitezaquino1299,❤,2,2024-10-17T03:22:41Z,2024-10-17T03:22:41Z
UgxN-EnhM2T7VPKygG94AaABAg,,False,@Yamili0.0,Necesito un album de Dahyun con este tipo de concepto,3,2024-10-17T03:20:18Z,2024-10-17T03:20:18Z
Ugx-kxaStpOpC7-iOHZ4AaABAg,,False,@Yamili0.0,Dahyun te amo,2,2024-10-17T03:17:51Z,2024-10-17T03:17:51Z
Ugw0nQsPq_j_zskFi6B4AaABAg,,False,@jamesbere2898,Dubu's talent is unquestionable!!!,2,2024-10-17T03:16:47Z,2024-10-17T03:16:47Z
UgzKq5MYqM0GJhwfiN94AaABAg,,False,@elibethxd,"El talento y belleza que Dahyun tiene…aparte de talentosa hermosa, su belleza no es como otra, es una belleza ÚNICA <33",2,2024-10-17T03:14:39Z,2024-10-17T03:14:39Z
UgxycHS4VmHAZKOB83V4AaABAg,,False,@kjwkrwklwjaw,Dahyun is so amazing,3,2024-10-17T03:14:39Z,2024-10-17T03:14:39Z
Ugw7hDc8NlTOuY6ewQB4AaABAg,,False,@DahyunSanita,DAHYUN TE AMOOOOOOO,1,2024-10-17T03:10:58Z,2024-10-17T03:10:58Z
UgyXJ5_194CHXuztLcp4AaABAg,,False,@alessandraaguirre,I love you Dahyun ❤,2,2024-10-17T03:09:47Z,2024-10-17T03:09:47Z
UgwAoPLVPZVfKTGTfwN4AaABAg,,False,@purpleyouchingu_713,"I'm waiting for Dahyun's solo album😊, hopefully she'll release next year maybe 🤔",7,2024-10-17T03:08:10Z,2024-10-17T03:08:10Z
UgzF6QE5emslkMb9onB4AaABAg,,False,@wesllzn,Dahyun,1,2024-10-17T02:57:14Z,2024-10-17T02:57:14Z
UgxMH_vVRA_0G1yRwUN4AaABAg,,False,@minobux,She's so talented,2,2024-10-17T02:55:52Z,2024-10-17T02:55:52Z
Ugzbt0OwWCYE67hF_vB4AaABAg,,False,@ДинараСулейманова-ц2е,👏👏👏😽,1,2024-10-17T02:55:32Z,2024-10-17T02:55:32Z
UgzpKoHbYE8WPldRqgB4AaABAg,,False,@doyatrui5452,Dubu du du dubu,2,2024-10-17T02:55:30Z,2024-10-17T02:55:30Z
Ugwpkv12_VYkyaRiOkd4AaABAg,,False,@monggga6374,김다현!김다현!김다현!,5,2024-10-17T02:53:45Z,2024-10-17T02:53:45Z
UgwOzjzAY1LLpe-8Eft4AaABAg,,False,@KPOPISM99,I want to cry if dahyun sing like this😢😢❤,4,2024-10-17T02:53:12Z,2024-10-17T02:53:12Z
UgwnaUsXViFq1gtxVQV4AaABAg,,False,@lourdescampoverde9630,que talentosa que es Dahyun!! y como ha mejorado con la guitarra!,2,2024-10-17T02:44:20Z,2024-10-17T02:44:20Z
UgwWqOPZw5xdtkD1PtB4AaABAg,,False,@ZayhanAqmeer,Kim STAR ⭐️,3,2024-10-17T02:43:48Z,2024-10-17T02:43:48Z
Ugw6Je5sMQWcSKl84tN4AaABAg,,False,@Emily63219,this is so lovely ❤,1,2024-10-17T02:42:23Z,2024-10-17T02:42:23Z
UgydalHvygpIFMD3EoJ4AaABAg,,False,@rodriigo6445,Es la de mundo de caramelo,1,2024-10-17T02:40:39Z,2024-10-17T02:40:39Z
UgyoWXkJTKbjCdJe7kx4AaABAg,,False,@hene1_hn,ギターも弾けるのかなんでもできるな,1,2024-10-17T02:37:50Z,2024-10-17T02:37:50Z
UgxvPQZCqhdwivZvidR4AaABAg,,False,@lazarusguan2388,"Music and singing so beautiful and soothing, and that bright smile to end the video... simply lovely❤❤👍👍👏👏",1,2024-10-17T02:37:23Z,2024-10-17T02:37:23Z
Ugwuxxfhk5eC7CK7u2V4AaABAg,,False,@Twiceforever-o2,I LOVE YOU DAHYUN❤❤❤,0,2024-10-17T02:32:26Z,2024-10-17T02:32:26Z
UgxkDdbUvNGBHuqzws94AaABAg,,False,@nadyayanti2488,Your best!!!,0,2024-10-17T02:30:18Z,2024-10-17T02:30:18Z
UgxFAx6F_wwjlUs_cKF4AaABAg,,False,@dylanquinn7,Her voice is so soothing 🥺😭 i love her for sharing these songs with us 🥰🥰🥰,0,2024-10-17T02:30:00Z,2024-10-17T02:30:00Z
UgzxTKCd7KtAJcelvgd4AaABAg,,False,@piko73301,❤,0,2024-10-17T02:22:43Z,2024-10-17T02:22:43Z
UgxJq7U5rbFHR5v9LdZ4AaABAg,,False,@hectormanecare,❤️🤯what😮😳is this? 😮waw. Is super beautiful. I love this interpretation.,1,2024-10-17T02:19:47Z,2024-10-17T02:19:47Z
Ugy3C8wT7Ue54yonUuF4AaABAg,,False,@avalabancz2969,"Her voice is warm and soft, like summer rain🩵",0,2024-10-17T02:17:53Z,2024-10-17T02:17:53Z
Ugy4I-fq4kiR7BuZ9HZ4AaABAg,,False,@kj-hz3hh,"綺麗な声
歌詞の意味が知りたい...！",0,2024-10-17T02:17:01Z,2024-10-17T02:17:01Z
UgxOPLELd9GLqMpBadt4AaABAg,,False,@BloomingPolyglot,DAHYUN'S VOICE IS BEATIFUL,0,2024-10-17T02:16:15Z,2024-10-17T02:16:15Z
Ugy00beDK1ZpGfEh84x4AaABAg,,False,@crackheadis9,0:04 - 0:06 i thought she's gonna sing Something by Nayeon 🤍🩵,1,2024-10-17T02:16:13Z,2024-10-17T02:16:13Z
UgwZ3PfsTzqXHTo9Ck14AaABAg,,False,@itsseii14,AHHHHH DUBU!!!! I FREAKING LOVE YOU ,1,2024-10-17T02:12:40Z,2024-10-17T02:12:40Z
UgxVHtRZ64M7M4sClrp4AaABAg,,False,@hearteuz2252,"Realmente amo la voz de Dahyun , su voz es tan unica, me encantaria que tuviera su propio album en solitario, seria muy lindo, her voice is so angelical❤❤❤",0,2024-10-17T02:11:39Z,2024-10-17T02:11:51Z
UgwvW2oeuFSouaHx7Cl4AaABAg,,False,@ゆき-x5q4c,"なんて優しい歌声♡
しっとりとした秋にぴったりだね！",3,2024-10-17T02:05:52Z,2024-10-17T02:05:52Z
UgwVBb1swMUog7FQJJ94AaABAg,,False,@Lim_Jihro,I really love Dahyun and Chaeyoung vocals when they sing acoustic. It so calm and comfortable.,24,2024-10-17T02:05:14Z,2024-10-17T02:05:14Z
UgwL_YJqISKmua0tHXd4AaABAg,,False,@FrancescaBalzagil,la  mas hermosa  me enamore de tu voz,2,2024-10-17T02:01:12Z,2024-10-17T02:01:12Z
UgzUETrn8iytnUfza-t4AaABAg,,False,@haroldk724,Sounds Great I love it.......Maybe her solo album will happen,1,2024-10-17T02:01:10Z,2024-10-17T02:01:10Z
UgxiIfMXcHF2baH4zcl4AaABAg,,False,@alexhfmagno,aywe D:,0,2024-10-17T01:59:21Z,2024-10-17T01:59:21Z
UgxcuWJ3Ze_lJTFolhV4AaABAg,,False,@otoha音羽,👏🥹🩷✨🌸✨🌷✨🌼,0,2024-10-17T01:59:18Z,2024-10-17T01:59:18Z
UgwwjWpTnwKaRADrUIZ4AaABAg,,False,@Jay.swizzle,Queen Dahyun is a true artist. So amazing. 💕,2,2024-10-17T01:57:40Z,2024-10-17T01:57:40Z
Ugyb09T7_kjhKcEjgmZ4AaABAg,,False,@FrancescaBalzagil,"hermosa mi bias

😍😍😍😍😍😍😍😍😍😍",0,2024-10-17T01:56:58Z,2024-10-17T01:56:58Z
Ugz5Q6z951w72PKjAV54AaABAg,,False,@hoorainhoorainkhan4748,❤❤,1,2024-10-17T01:55:41Z,2024-10-17T01:55:41Z
UgwIfdNzNyMbwtv3EZ54AaABAg,,False,@noviaintan9389,Dahyun sayangkuu❤,1,2024-10-17T01:53:23Z,2024-10-17T01:53:23Z
UgxYy5pv_SqjbOacgZV4AaABAg,,False,@tzuwey25,Dahyun's voice is so pretty and heavenly,3,2024-10-17T01:50:19Z,2024-10-17T01:50:19Z
UgwQ_4wVBG-2NJmA8vF4AaABAg,,False,@tamdo8851,She's my bias,1,2024-10-17T01:50:04Z,2024-10-17T01:50:04Z
UgySfYPu70EnaErK-cp4AaABAg,,False,@nanzhie,Dahyunniee🤍🤍🤍,1,2024-10-17T01:49:52Z,2024-10-17T01:49:52Z
UgzFmkpaNM0wEs5uLMV4AaABAg,,False,@Nari07-,Dahyun🤍🤍🤍,1,2024-10-17T01:48:34Z,2024-10-17T01:48:34Z
UgwfGio8i7QuSF6X7Cl4AaABAg,,False,@LIZBETHRAMÍREZ-h8p,Dahyun ❤❤❤ hermosa voz  que talento y belleza ❤❤❤ la amo ❤️ saludos desde México 🇲🇽,1,2024-10-17T01:45:52Z,2024-10-17T01:45:52Z
UgzHzNtfbgMVcylSgFt4AaABAg,,False,@Achaply,Dahyun so talented,1,2024-10-17T01:40:15Z,2024-10-17T01:40:15Z
UgyA7MvtKoD9B_NNdhV4AaABAg,,False,@Nyle-qg5qh,🤍🤍🤍,1,2024-10-17T01:37:00Z,2024-10-17T01:37:00Z
Ugx66G-xWpOW2G_dDhp4AaABAg,,False,@AlexiaOrdonez-gj3fj,Omg!!!! Muy cute❤❤❤❤😊,1,2024-10-17T01:34:28Z,2024-10-17T01:34:28Z
UgyaYkG5DrXWxrWyvWl4AaABAg,,False,@Kens64chevelle,Love this!,1,2024-10-17T01:29:43Z,2024-10-17T01:29:43Z
UgzLi9G7NfUMdbOgM4V4AaABAg,,False,@Milly20894,Dahyun t amo 🥹,1,2024-10-17T01:29:41Z,2024-10-17T01:29:41Z
UgyeZKGvk-jxhOarpCx4AaABAg,,False,@twicerays3664,Dahyun love you,1,2024-10-17T01:28:52Z,2024-10-17T01:28:52Z
UgwPTOtYpZxrLKnV79t4AaABAg,,False,@pakiavang,Love the acoustic guitar along with her beautiful singing it just relax my mind hearing this 💜,1,2024-10-17T01:27:05Z,2024-10-17T01:27:05Z
UgyrmthCLP4Cwqxy_SV4AaABAg,,False,@ivonnenengua3378,Dahyun's voice is so beautiful,1,2024-10-17T01:23:23Z,2024-10-17T01:23:23Z
UgykVTblLulH9SrnrhR4AaABAg,,False,@v.Once9wice,"Kim Dahyun
Amazing at everything she does! Thank you Dubu!",2,2024-10-17T01:22:40Z,2024-10-17T01:22:40Z
UgxBCs7lh25WX9BbeDV4AaABAg,,False,@perlalyovafraga8464,그 사람은 내 여자친구야  ❤❤💘,0,2024-10-17T01:21:01Z,2024-10-17T01:21:01Z
UgzKFgUhqwSn79lv7Bh4AaABAg,,False,@celsocortenove4201,"She is truly complete, a true star",1,2024-10-17T01:17:34Z,2024-10-17T01:17:34Z
UgzQE6fkj0VnaMK--qZ4AaABAg,,False,@mariajoseespinosa8277,Queen ❤👑,1,2024-10-17T01:16:30Z,2024-10-17T01:16:30Z
Ugxsd2RKHn1b_rjEHhd4AaABAg,,False,@Oncedtwice,Meu amor ❤,1,2024-10-17T01:10:36Z,2024-10-17T01:10:36Z
UgxQtHilbmYX5IyoQgR4AaABAg,,False,@NataliaDiaz-qw9ou,😍😍😍,2,2024-10-17T01:09:06Z,2024-10-17T01:09:06Z
UgyOfFFqwh4aI3dO2Lp4AaABAg,,False,@TwiceAln,La canción es igual de hermosa como ella... ❤,1,2024-10-17T01:06:00Z,2024-10-17T01:06:00Z
UgzEhBohf-QFOlUWosB4AaABAg,,False,@原神最高-f6y,She is very cute,2,2024-10-17T00:58:20Z,2024-10-17T00:58:20Z
UgyVIlE253RA9wzCIvN4AaABAg,,False,@hefeibao,"We really need an acoustic Dahyum album, don't we?",6,2024-10-17T00:57:18Z,2024-10-17T00:57:18Z
Ugx2jUCVnOsfxTvy7K54AaABAg,,False,@maiocandrade9490,Ahh que lindo!! A Dahyun é tão talentosa e preciosa!! Eu amo muito a voz dela.,2,2024-10-17T00:55:52Z,2024-10-17T00:55:52Z
Ugy_HKZHCw59Yu4F8al4AaABAg,,False,@ch-rx9rh,マーキュリーのおかげ,0,2024-10-17T00:55:11Z,2024-10-17T00:55:11Z
UgyiJjh9-tFsSH8qrUV4AaABAg,,False,@rosehernandez9268,"Dahyun I need your solo, you sing so beautiful❤❤",3,2024-10-17T00:53:55Z,2024-10-17T00:53:55Z
UgzCOrcs7zcj9e4C6AB4AaABAg,,False,@Nanshalant,lets go Kim Star🔥,2,2024-10-17T00:47:22Z,2024-10-17T00:47:22Z
Ugz9mCmL-UBIXlVLlWx4AaABAg,,False,@kevin64g,Kim Star is back. ❤,4,2024-10-17T00:46:06Z,2024-10-17T00:46:06Z
UgymE3-R-jcROsnIwpx4AaABAg,,False,@gibbro-j7f,DAHYUN ❤❤❤❤❤,5,2024-10-17T00:45:52Z,2024-10-17T00:45:52Z
Ugxu1LdkPJIQCMyw9z54AaABAg,,False,@liliy.10-l,dahyun unnie we proud of you,5,2024-10-17T00:43:58Z,2024-10-17T00:43:58Z
UgzpvF2HNp9sVOqAo8R4AaABAg,,False,@alexia9wice660,Que linda Dahyun <3,4,2024-10-17T00:43:27Z,2024-10-17T00:43:27Z
UgxeIDPmT2A6deKax2l4AaABAg,,False,@kcrisps,One of my favorite songs too! Everytime someone likes this comment I'll watch it again,3,2024-10-17T00:41:57Z,2024-10-17T00:41:57Z
UgxBQup60ij4w3D0umx4AaABAg,,False,@yeetmeoffearth9069,hello jyp i need this on spotify thank you.,4,2024-10-17T00:41:52Z,2024-10-17T00:41:52Z
UgxvJg3ruf4ATj9MTkx4AaABAg,,False,@걍응원행,"다현이 부르는 곡들과 다현 목소리, 그리고 기타 (피아노일때도 있지만...)
그래도기타로 해주는 커버곡들이 더 편하고 마음이 안정된다.
너무 좋아~~~^^♡♡
계속 듣게된다.",11,2024-10-17T00:32:54Z,2024-10-17T00:32:54Z
UgwJ0ZUyO-66tkgfmW54AaABAg,,False,@alejandramontoya8935,Te amo mucho Dahyunie ❤,3,2024-10-17T00:31:57Z,2024-10-17T00:31:57Z
UgyyvI5XecgAX42LCHB4AaABAg,,False,@edithake3418,El vocal de Dahyun esta tan subestimado<3 Es grandiosa,3,2024-10-17T00:30:53Z,2024-10-17T00:30:53Z
UgxLpVfqQUYzZgiRrQd4AaABAg,,False,@まいちゃん-v3w,"ダヒョンちゃんの声って、秋〜冬にかけて
ベストシーズンなんだよな🍁🍂❄️☃️
ダヒョンちゃん、素晴らしい動画をありがとう‼️
愛してる❤",4,2024-10-17T00:28:06Z,2024-10-17T00:28:06Z
Ugza-ErZCbzTHCk57UJ4AaABAg,,False,@EmptyNj,"I love you, Kim Dahyun 🥺🥺",4,2024-10-17T00:26:01Z,2024-10-17T00:26:01Z
UgzTsp6hS6c47kNPqZ54AaABAg,,False,@Gigizocah,She is soooooooo...... 🤍🤧🛐,4,2024-10-17T00:25:55Z,2024-10-17T00:25:55Z
UgxHy4qNIw702ucGVCp4AaABAg,,False,@flutteringstops,Needed this fr tho. I've been falling asleep to her and Chaeyoung's covers lately. This will be added to the playlist😌🤍,18,2024-10-17T00:23:50Z,2024-10-17T00:23:50Z
UgyzP-SLtNKW8KK47wV4AaABAg,,False,@焼肉ポヤンキー,なまらめんこすぎる❤,1,2024-10-17T00:22:49Z,2024-10-17T00:22:49Z
Ugy97ya1VZTmQgzQmwR4AaABAg,,False,@flutteringstops,"K-pop's ACE, Kim Dahyun somehow found time to give us a guitar cover with her soft, heavenly vocals <3",254,2024-10-17T00:22:13Z,2024-10-17T00:22:13Z
Ugy97ya1VZTmQgzQmwR4AaABAg.A9fcQInQKd7A9h9-vfYvY4,Ugy97ya1VZTmQgzQmwR4AaABAg,True,@stevejung6470,She has no talent!,0,2024-10-17T14:34:57Z,2024-10-17T14:34:57Z
UgwbAqHlOaAoBwO3k3N4AaABAg,,False,@venxar,"Que persona más hermosa, en todos los sentidos posibles",2,2024-10-17T00:17:25Z,2024-10-17T00:17:36Z
UgxZGnvjW-OGRR6iyhp4AaABAg,,False,@mayrethzunigajimenez3258,i love you dahyun,1,2024-10-17T00:17:14Z,2024-10-17T00:17:14Z
UgxIaaMVeNyCwqel4-14AaABAg,,False,@coldsnapYT,the voice of dahyun always make me calm and relaxing when hear it,2,2024-10-17T00:15:40Z,2024-10-17T00:15:46Z
UgyCpAL0P4GA_slXDDJ4AaABAg,,False,@caramailinh,GO DUBU GO,2,2024-10-17T00:11:05Z,2024-10-17T00:11:05Z
Ugw1BBchul4TKQSn7q14AaABAg,,False,@naynn_lv,"OMG, HER VOICE 😭😭💗💕",2,2024-10-17T00:06:02Z,2024-10-17T00:06:02Z
UgzV69TC6reKYWifBDl4AaABAg,,False,@jurincez,❤❤❤,2,2024-10-17T00:05:51Z,2024-10-17T00:05:51Z
UgwcYncEvcx8dPQiD5J4AaABAg,,False,@Lruiz3865,"I'm still listening to the cover of ""기다리다"" and this is so beautiful ❤",3,2024-10-17T00:05:21Z,2024-10-17T00:05:21Z
UgxqyAnAwtRjIP0HNil4AaABAg,,False,@Lruiz3865,Dahyun is so talented ❤,4,2024-10-17T00:04:28Z,2024-10-17T00:04:28Z
UgxuYNvvLT1wMXCXh7p4AaABAg,,False,@holifaarbaarafi7605,Sering-sering cover kaya gni yaaa,1,2024-10-17T00:00:35Z,2024-10-17T00:00:35Z
Ugy6v2gVfT0qmb89d0J4AaABAg,,False,@Hinep-d1f,🫠🫠,0,2024-10-16T23:57:43Z,2024-10-16T23:57:43Z
UgyqACXytuu9HDPh_4F4AaABAg,,False,@oncetagram9,Dahyun you made my day😀,5,2024-10-16T23:57:15Z,2024-10-16T23:57:15Z
UgyEXiWWQzTVuuylU7d4AaABAg,,False,@masterfrax6274,"I know this would be asking a lot for her, knowing that she recently debuted as an actress and fashion runway model, but I really can't wait for her to have her own self-composed/produced song, may it be for twice or for her solo album. She already is very proficient with a lot of instruments, her vocals ain't a joke, she can rap, and she has a gold pen with her lyrics. I really believe she can do it. 


최근 배우 겸 패션 런웨이 모델로 데뷔했다는 사실을 알고 있는 그녀에게 많은 것을 요구할 수도 있겠지만, 트와이스를 위한 곡이든 솔로 앨범을 위한 곡이든 자신만의 자작곡/프로듀싱 곡이든 정말 기대가 됩니다. 그녀는 이미 많은 악기를 다재다능하고 보컬도 농담이 아니고 랩도 할 수 있고 가사가 금색 펜을 가지고 있습니다. 저는 그녀가 할 수 있다고 정말 믿습니다.",3,2024-10-16T23:56:00Z,2024-10-16T23:56:00Z
UgxDvcfO2KDyv-mRq8R4AaABAg,,False,@AnaFlavia-cw6nl,Amo sua voz ❤,2,2024-10-16T23:54:25Z,2024-10-16T23:54:25Z
UgwLhPJsq4qGqhAnnXV4AaABAg,,False,@tommylinmolly,Dahyun I miss you 😔😢🤍,1,2024-10-16T23:53:46Z,2024-10-16T23:53:46Z
Ugw8uxytzwADjWK3jnZ4AaABAg,,False,@marianaquiroz4195,"graaaande dahyun, te perdono por gustarle tanto a mi novia^^",0,2024-10-16T23:53:13Z,2024-10-16T23:53:13Z
UgwF4x1sxX1iek8PaOR4AaABAg,,False,@onlyonehoccus,Dahyun and her covers would easily vibe with cafes playing in the background,115,2024-10-16T23:52:00Z,2024-10-16T23:52:00Z
UgwIovnhx9le0gM4GzR4AaABAg,,False,@広-y3s,キムスター様、とってもすてきです。,2,2024-10-16T23:51:53Z,2024-10-16T23:51:53Z
UgxjpodNnNs6mAg0zwN4AaABAg,,False,@eiyua,We love you so much dahyun 🥲🤍🤍🤍🤍🤍🤍,1,2024-10-16T23:49:42Z,2024-10-16T23:49:42Z
UgyLfsu9E7MS9X8vnY94AaABAg,,False,@jargon3780,our most precious dubu,2,2024-10-16T23:48:41Z,2024-10-16T23:48:41Z
UgwieTUGePqOeTbbhAd4AaABAg,,False,@jimmylu7169,Honestly what can Dahyun not do?,0,2024-10-16T23:47:10Z,2024-10-16T23:47:10Z
UgxuZSEWH-uYEBfHztx4AaABAg,,False,@jennysr2278,O talento em pessoa,0,2024-10-16T23:46:42Z,2024-10-16T23:46:42Z
Ugwdk8Kicyd2tFXoTkt4AaABAg,,False,@minatzokisana12,I love my dahyune,1,2024-10-16T23:45:17Z,2024-10-16T23:45:17Z
Ugx7osDT2aI47PUPJiN4AaABAg,,False,@tairyu8267,ダヒョンの声最高に💛,1,2024-10-16T23:43:29Z,2024-10-16T23:43:29Z
UgwNtACGk9hosyEkG6N4AaABAg,,False,@ForsakenSanityGaming,Geez I have never been so head over heels for any celebrity before. Just everything about our Dubu is ❤❤❤❤❤,3,2024-10-16T23:40:10Z,2024-10-16T23:40:10Z
Ugx1cec0CnETa5TNZR54AaABAg,,False,@nurizzbobae,felt like home,1,2024-10-16T23:39:30Z,2024-10-16T23:39:30Z
UgyFVOOa-mUnVPz7Bb94AaABAg,,False,@dynyz7,Your voice is beautiful 🤍,1,2024-10-16T23:39:17Z,2024-10-16T23:39:17Z
UgzCVZKErN0KWH0lHbd4AaABAg,,False,@laurenquinigan9700,Well this is quite the step up from how she was playing guitar in the Soulmate TTT 🙃,1,2024-10-16T23:38:52Z,2024-10-16T23:38:52Z
Ugwz9f0sTI5BbGO2MJ14AaABAg,,False,@isabellanavarro-x5s,TE RE AMO AMORRRR,1,2024-10-16T23:38:39Z,2024-10-16T23:38:39Z
UgwK0bfX8smEeEGm_tJ4AaABAg,,False,@SaoKanha369,Dahyun ❤,3,2024-10-16T23:34:17Z,2024-10-16T23:34:17Z
UgzcIZspv_g58ADObMN4AaABAg,,False,@mo_onc49s93,😍,3,2024-10-16T23:33:50Z,2024-10-16T23:33:50Z
UgyMslFdHytuBmeHWF54AaABAg,,False,@CeydaSedef,Thank you dahyunnn,2,2024-10-16T23:31:06Z,2024-10-16T23:31:06Z
Ugzihs_JtPM5MRLdKDx4AaABAg,,False,@im3240,Love!,2,2024-10-16T23:31:05Z,2024-10-16T23:31:05Z
UgwlHHgIMhwdMo_Xpy14AaABAg,,False,@Hannie-elmaspro,DUBU TE AMOOOO UN MONTON💗💗💗💗💗🤍🤍🤍🤍💗💗🤍💗🤍💗🤍💗💗💗💗💗💗💗💗,1,2024-10-16T23:29:47Z,2024-10-16T23:29:47Z
UgySUuhHSBSk34dKL6t4AaABAg,,False,@Twice.9.in.a.Zillion,Thank You Dahyun for honing and showing ONCEs the different sides of you... you are the best 🥰🍭🌌,4,2024-10-16T23:28:01Z,2024-10-16T23:28:01Z
UgzJHy0eLBXnr3CntSZ4AaABAg,,False,@rinaaa4907,え、まって。朝から幸せすぎる,6,2024-10-16T23:27:54Z,2024-10-16T23:27:54Z
Ugyo7Xo01iz84ukZtr54AaABAg,,False,@yami-u5n7,"노래부터 춤, 기타, 피아노, 연기, 작사, 그리고 팬사랑까지 모두 최고인 다현이가 너무 고맙고 좋아.. 항상 원스 많이 생각해줘서 고맙고 선물 잘 받았어 다현이를 좋아할 수 있어서 참 기쁘다 사랑해 ♡",31,2024-10-16T23:27:35Z,2024-10-16T23:27:35Z
UgyOQE5BXkYwKJnk0014AaABAg,,False,@yzabellasilva6660,MINHA🫦,1,2024-10-16T23:25:18Z,2024-10-16T23:25:18Z
UgyaIV7Fmvjbw-xkgOt4AaABAg,,False,@tsyuizaki,love🌻,3,2024-10-16T23:17:25Z,2024-10-16T23:17:25Z
UgwsgwtMnxoKrspFqtB4AaABAg,,False,@ViralMukbangCouple,❤angel❤,2,2024-10-16T23:17:20Z,2024-10-16T23:17:20Z
UgyH7yGwkyflFJOjvsh4AaABAg,,False,@Valennnnm,"다현이는 트와이스의 또 다른 보컬리스트가 될 수 있습니다, 그녀는 아름다운 목소리를 가지고 있습니다",12,2024-10-16T23:17:10Z,2024-10-16T23:17:10Z
UgxkX3GrFlaGZsUkmEx4AaABAg,,False,@cata._.roblox,Mi esposa😍😍,2,2024-10-16T23:15:19Z,2024-10-16T23:15:19Z
UgxV5YZBXx2M5jH-ZcN4AaABAg,,False,@ibluess.m,so comforting especially with dubu dressing down... so cuteee ❤,1,2024-10-16T23:08:14Z,2024-10-16T23:08:14Z
Ugx4_ML3aj_64I39tnR4AaABAg,,False,@RickAYong,🥰🥰🥰,1,2024-10-16T23:04:58Z,2024-10-16T23:04:58Z
UgyruOaKxNorhAa7tkB4AaABAg,,False,@Bangtantwice-yt2pw,❤❤❤❤❤,2,2024-10-16T23:02:51Z,2024-10-16T23:02:51Z
UgwDtTyUUrIncKE7T8B4AaABAg,,False,@JohnDaniel-gj7fe,😍😍😍,2,2024-10-16T23:01:18Z,2024-10-16T23:01:18Z
UgzyIQcKwdb39-obRJp4AaABAg,,False,@robertblink4836,Oh wow an all round performer,3,2024-10-16T23:00:40Z,2024-10-16T23:00:40Z
Ugz1-txKAo_QLIlx6VN4AaABAg,,False,@polyygone329,put this on spotify! I SAID PUT IT ON SPOTIFY PLSSS!!!!!,63,2024-10-16T22:58:39Z,2024-10-16T22:58:39Z
Ugxgieoghkb-oyeF8Vd4AaABAg,,False,@celsamaharani546,🎉🎉🎉❤❤❤❤,2,2024-10-16T22:57:53Z,2024-10-16T22:57:53Z
UgyBNkY3k-CaBUujsKt4AaABAg,,False,@길위의나그네,달달하다😊,4,2024-10-16T22:57:42Z,2024-10-16T22:57:42Z
Ugy1AK0W-hD5KsLEOOV4AaABAg,,False,@moonkok1133,음유시인이시네요.🎉🎉🎉🎉😮,3,2024-10-16T22:57:19Z,2024-10-16T22:57:19Z
Ugw-RaCUFCjnb2g0XWV4AaABAg,,False,@Ghtuhty-zl7sy,좋은 음악 감사합니다,13,2024-10-16T22:54:38Z,2024-10-16T22:54:38Z
UgxQq8PopF1chRiiYlJ4AaABAg,,False,@SamAguilarContreras,Hay algo que Dahyun no pueda hacer? Ella es realmente increíble ❤,2,2024-10-16T22:52:14Z,2024-10-16T22:52:14Z
UgyJ3iMAsYZE9XLKos54AaABAg,,False,@reiseva247,nice... 👏,1,2024-10-16T22:52:01Z,2024-10-16T22:52:01Z
UgwBRXFLxrcqDSxJZLl4AaABAg,,False,@Jihyo-s2u,Dahyunaaaa you're such a talented person 🤍🤍🤍,2,2024-10-16T22:49:34Z,2024-10-16T22:49:34Z
UgxvlnL5Uv8Xa2VuhAd4AaABAg,,False,@AceJi-b1h,🔥🤍🤍🤍,1,2024-10-16T22:46:23Z,2024-10-16T22:46:23Z
UgxsC6jnjek3cb56GcB4AaABAg,,False,@JJC1138,"Wow, what a lovely surprise!",2,2024-10-16T22:45:35Z,2024-10-16T22:45:35Z
Ugwj-xbYqlO1MefvKUh4AaABAg,,False,@Maia_chan-tw9,"An actress,singer,rapper,dancer she is a full pack guys, your precious dubu 🤍",6,2024-10-16T22:43:49Z,2024-10-16T22:43:49Z
UgzslYASwQb-vwkoiFl4AaABAg,,False,@Kpopforlifeis,"하… 개좋아 두부 노래커버, 기타커버 ❤😭",13,2024-10-16T22:43:19Z,2024-10-16T22:43:19Z
UgwA-7ZaULKRo_vgdOh4AaABAg,,False,@やまださっっちゃん,"ダヒョンちゃんだけもいいけど
メンバーが静かにダヒョンちゃんが弾き語りをしているのを
見守ってる状態も見たいでも、
ダヒョンちゃんの1人だけでできることを、
こうやって見せてくれてとてもonce幸せです😊",6,2024-10-16T22:42:33Z,2024-10-16T22:44:34Z
Ugym7RitnwGU5K6jIup4AaABAg,,False,@Maia_chan-tw9,U ARE AMAZING,2,2024-10-16T22:42:22Z,2024-10-16T22:42:22Z
Ugz5I9BBnp-OicJJWfd4AaABAg,,False,@madimaf,Literally what can’t she do!!! I’m so fed as a once thank you dahyun 🙏🏼🙏🏼🙏🏼,1,2024-10-16T22:42:20Z,2024-10-16T22:42:20Z
UgyWYM_zjzflDmBFLjd4AaABAg,,False,@Maia_chan-tw9,MY BABY 🥹,0,2024-10-16T22:42:11Z,2024-10-16T22:42:11Z
UgxvaeYWWIggtPYHh-R4AaABAg,,False,@eftupi,❤❤❤,2,2024-10-16T22:41:57Z,2024-10-16T22:41:57Z
UgyjBnAGmA5FmdQmPGh4AaABAg,,False,@laiii15,No adjective can describe how talented Dahyun is 🥹🤍🤍🤍,5,2024-10-16T22:41:26Z,2024-10-16T22:41:26Z
Ugzjk39ObRSWSxy_8rV4AaABAg,,False,@minimum886,Solo❤❤❤❤,0,2024-10-16T22:40:09Z,2024-10-16T22:40:09Z
UgwSGRWbzKbYJhkNBqV4AaABAg,,False,@Leeyhchae221,Minha bebe❤❤❤❤,0,2024-10-16T22:37:12Z,2024-10-16T22:37:12Z
Ugx4pBzeM30BbxqDZeh4AaABAg,,False,@Sofia-cu7fq,Te amo Kim dahyun 😢,0,2024-10-16T22:36:54Z,2024-10-16T22:36:54Z
UgxD9pKmp5j48yvAjO94AaABAg,,False,@sunako081,Unexpected cover songs that appear out of nowhere always comes to Dahyun and it always never fail to surprise ONCE with the talent and love she always conveys 🤍🤍🤍🤍,14,2024-10-16T22:34:04Z,2024-10-16T22:34:04Z
UgzX02nU3lcIsx39M4B4AaABAg,,False,@enha.lvesun,"He sings beautifully, she has a lot of talent",3,2024-10-16T22:33:39Z,2024-10-16T22:33:39Z
UgwqDAx-qF3GA0E5OkF4AaABAg,,False,@Wrumpy,DAHYUN,2,2024-10-16T22:30:06Z,2024-10-16T22:30:06Z
UgxxRTI2NhwJsR1uIQB4AaABAg,,False,@山添智司,"ダヒョンちゃんのギター&ボーカル動画嬉しいです🥹
ピアノの弾き語りしてる姿も最高に素敵だけど、ギター&ボーカルしてるダヒョンちゃんももっとみたいです！",2,2024-10-16T22:25:56Z,2024-10-16T22:25:56Z
UgxkFo63eoQtWSbM6rJ4AaABAg,,False,@Valkjes23,"Dahyun is so amazing, the way she prepares this cover for us in between her busy schedules as an idol and actress. I feel so blessed<3 Thank you Dahyun",2,2024-10-16T22:21:01Z,2024-10-16T22:21:01Z
UgyeEMfpsjKJ8DZlxGl4AaABAg,,False,@MessyMusicOfficial,Gracias Kim Dahyun <3,0,2024-10-16T22:20:30Z,2024-10-16T22:20:30Z
UgzVNinL3X448nfiHNR4AaABAg,,False,@ximlovessnay,Tan talentosa la amo,0,2024-10-16T22:20:20Z,2024-10-16T22:20:20Z
Ugyfr_5U7X2tmVGhOyp4AaABAg,,False,@ぺんぺん-M,ダヒョンちゃん声めっちゃ綺麗😍,0,2024-10-16T22:18:59Z,2024-10-16T22:18:59Z
Ugy8zWDDDAxIeRMEhq14AaABAg,,False,@중독의남자-t4z,다현 누나 기타도 잘치시네요,0,2024-10-16T22:18:33Z,2024-10-16T22:18:33Z
UgxPJTTxruyEx3CrldR4AaABAg,,False,@vanzm385,🤍🤍 DAHYUN 🤍🤍,1,2024-10-16T22:18:24Z,2024-10-16T22:18:24Z
Ugytfu08Oc9KhNoJxg14AaABAg,,False,@thefairy3412,"My Bias is TZUYU but Dahyun here hits diff, I could listen to this whole week 😍🥰",2,2024-10-16T22:18:04Z,2024-10-16T22:18:04Z
UgxhL5YOfR-drodBq_V4AaABAg,,False,@leti_lovedanielle14,"Dahyn you are so Beautiful and pretty your voice is so relaxing i 💖  ✨💖 you are perfect . 
I'm your fan number 1 💖💖✨✨",0,2024-10-16T22:17:30Z,2024-10-16T22:18:52Z
Ugxu5FT6l31wVd5eJUd4AaABAg,,False,@s.corbin.tw2,te amo tanto minha vidoca 🤍,0,2024-10-16T22:16:11Z,2024-10-16T22:16:11Z
Ugy0mZqIdD4Jtl8CZP14AaABAg,,False,@twicefr-cu7pm,DUBUUU♡♡♡,0,2024-10-16T22:15:25Z,2024-10-16T22:15:25Z
UgwKCjIT0sWu3jPQ42l4AaABAg,,False,@よしはる,多才すぎん？,0,2024-10-16T22:14:33Z,2024-10-16T22:14:33Z
UgzKBCGs49m6Sg5dpF14AaABAg,,False,@dmtuan,Dahyun is so talented. Period.,5,2024-10-16T22:00:46Z,2024-10-16T22:00:46Z
Ugyk-yflkrelBF1x2IR4AaABAg,,False,@dahhyunee_simp4131,"my birthday is 4 days ago and it felt like a gift for me. thank you so much, Dahyun. you're a blessing for many of us, ONCEs.",2,2024-10-16T21:58:34Z,2024-10-16T21:58:34Z
Ugww8dSKztFuQ1I5nkF4AaABAg,,False,@luisvalencia96,Artist Kim Dahyun 😍🥰😘,4,2024-10-16T21:57:02Z,2024-10-16T21:57:02Z
Ugxrs2qm9gfCPWnZeN54AaABAg,,False,@今井みゆき-x3u,❤💚🧡💕,0,2024-10-16T21:55:35Z,2024-10-16T21:55:35Z
UgyoEt50hufLsKe5S7V4AaABAg,,False,@panxaa2131,Preciosa y talentosa Dubu ❤🤍,0,2024-10-16T21:53:12Z,2024-10-16T21:53:12Z
UgzFxvAI-PrK7qhSPQt4AaABAg,,False,@Chris_E_villaloz,Love her ❤,2,2024-10-16T21:50:23Z,2024-10-16T21:50:23Z
UgzdUcbVl7-j8S1SZBN4AaABAg,,False,@karoline6282,Love you...,1,2024-10-16T21:47:19Z,2024-10-16T21:47:19Z
UgwJcWWdKOSyUJlhwph4AaABAg,,False,@Carla-m8y,I love ❤,3,2024-10-16T21:46:24Z,2024-10-16T21:46:24Z
Ugz7xHYwUCJ_EwUqlC94AaABAg,,False,@JAxelRamosM,ME ENCANTA TU MELODIOSA VOZ,1,2024-10-16T21:44:04Z,2024-10-16T21:44:04Z
UgwpBT-RJMD9qmtbAgt4AaABAg,,False,@TwncticE,Dahyunnnnn!!!,2,2024-10-16T21:43:19Z,2024-10-16T21:43:19Z
UgyVEvFXqzX1S_K6EAt4AaABAg,,False,@JAxelRamosM,YOU'RE ART DARLING,0,2024-10-16T21:42:56Z,2024-10-16T21:42:56Z
Ugzq0mAL5U-2P7hq4Np4AaABAg,,False,@simonshaheen6563,Princess Dubu is multi talented like Queen IU,0,2024-10-16T21:41:06Z,2024-10-16T21:41:06Z
Ugz_UKGTa2DaK4285MR4AaABAg,,False,@z_sabrina21,i just can’t control my tears…… the best thing in the world is watching dahyunie sitting there and singing for us😢😢,2,2024-10-16T21:41:03Z,2024-10-16T21:41:03Z
UgxmF8l3gPG9KcLYZa14AaABAg,,False,@NadieZaa,"Te amo Dahyun, gracias por darnos un poquito de ti, cada que vez que haces un cover.",0,2024-10-16T21:39:27Z,2024-10-16T21:39:27Z
UgzE3FqfoUH13u0jYpd4AaABAg,,False,@led360,"Una ""Artista"" en toda regla 💙
Cantante 
Rapera
Modelo
Actriz
Compositora 
Bailarina
Entre otras....",0,2024-10-16T21:37:10Z,2024-10-16T21:37:10Z
Ugz4Qq1r3DOxt4zWWjh4AaABAg,,False,@anthonyremulta6977,D❤❤,0,2024-10-16T21:35:59Z,2024-10-16T21:35:59Z
UgzdKZ9IaW0y4K44RxF4AaABAg,,False,@MojoSoDope604,,0,2024-10-16T21:33:03Z,2024-10-16T21:33:03Z
UgylqW7XoBcq5rsF_j54AaABAg,,False,@KD_Line,Dahyun's back! With her covers❤,1,2024-10-16T21:31:14Z,2024-10-16T21:31:14Z
UgwwdsD6pGD-sOt4FMh4AaABAg,,False,@Twtd23,"크으~감미로운 목소리 기타 연주로 고막이 녹는다 녹아
다재다능 나의 첫사랑 김다현 최고야!~ 고마워🤍🤍",0,2024-10-16T21:30:55Z,2024-10-16T21:30:55Z
Ugzqqu0DhdZF4r3QSI94AaABAg,,False,@babyblue0,Thank you Dubu!!,1,2024-10-16T21:29:07Z,2024-10-16T21:29:07Z
UgyjVHXtzmn6dhRo0h14AaABAg,,False,@merhykim1205,Dubu i love you ❤😍,0,2024-10-16T21:28:31Z,2024-10-16T21:28:31Z
Ugy25e618EYa_EkEO4B4AaABAg,,False,@Alexandra.99-dl,"Cada vez que escucho a Dahyun cantar siento que me transporto a un mundo de sueños. Su voz es tan dulce y suave que resulta tranquilizadora, se siente como una canción de cuna.",0,2024-10-16T21:24:42Z,2024-10-16T21:24:42Z
Ugx1bv3HBJlgO7jGvy54AaABAg,,False,@once.xtwice,나는 모음을 좋아한다 Dahyunne!😭💕,2,2024-10-16T21:22:32Z,2024-10-16T21:22:32Z
UgxV5wYHeycLH5ED8yl4AaABAg,,False,@GengarSleep,dahyun 🤍,0,2024-10-16T21:22:31Z,2024-10-16T21:22:31Z
UgzZHaYMcuzilM_LCd14AaABAg,,False,@once.xtwice,다현 목소리 너무 좋아 진짜 목소리 너무 귀여워💕,12,2024-10-16T21:21:49Z,2024-10-16T21:21:49Z
Ugxk0P_BmPejjUwTJ5V4AaABAg,,False,@MelH-oe4sv,"Bravo, Dahyun!!  You can do soooo many things well!  You continue to amaze me with all of your different talents!!  ❤🤍",1,2024-10-16T21:18:31Z,2024-10-16T21:18:31Z
UgycoLjUSEpuvKM-dU54AaABAg,,False,@softmarshmalllow,"And that's why she's my bias, that's why I love her 💖 you gotta love Dubu 🤍🎀",0,2024-10-16T21:16:53Z,2024-10-16T21:16:53Z
UgxC71jqkktqCZ15BWF4AaABAg,,False,@romaCremaU,Dahyun Queen!!!!! 👑💖,1,2024-10-16T21:12:35Z,2024-10-16T21:12:35Z
Ugw2nR1RlWQXLcyqABl4AaABAg,,False,@DubYeon,Amazing! ❤,0,2024-10-16T21:12:09Z,2024-10-16T21:12:09Z
Ugw3s79V9G8Sfl1Yz3F4AaABAg,,False,@9093-c6e,미쳤다... 진짜 좋아하는 노랜데ㅜㅜㅜㅜㅜㅜ 고마워요ㅜㅜㅜㅜㅜㅜ,2,2024-10-16T21:11:23Z,2024-10-16T21:11:23Z
Ugw2KV0WD_Y44-mJ16h4AaABAg,,False,@ecem106,My love❤,0,2024-10-16T21:10:53Z,2024-10-16T21:10:53Z
UgwfLqGyMxG7FANf2T94AaABAg,,False,@alejandralima1250,Dahyun it's is a biutifull,0,2024-10-16T21:09:47Z,2024-10-16T21:09:47Z
UgxWvc3XzQHlonmHXxV4AaABAg,,False,@alejandralima1250,I love you dahyun❤❤❤❤❤,0,2024-10-16T21:09:14Z,2024-10-16T21:09:14Z
UgxMDVbkQrwox5AkvnB4AaABAg,,False,@Thwicez,🤍🤍🤍🤍,0,2024-10-16T21:04:47Z,2024-10-16T21:04:47Z
UgwDUKnP_L8rbt8I6kZ4AaABAg,,False,@TzuyuIsArt,"Dahyun merece debutar también como solista, escribirá sus propias canciones y cantará con su hermosa voz",0,2024-10-16T21:04:12Z,2024-10-16T21:04:12Z
UgwybCmZDqbQkWH_3vp4AaABAg,,False,@edgarortiz6553,❤,0,2024-10-16T21:02:25Z,2024-10-16T21:02:25Z
UgymLKSgp-c_mg9jk954AaABAg,,False,@lu1zayl,TE AMO DAHYUN,0,2024-10-16T21:00:21Z,2024-10-16T21:00:21Z
Ugw-Vr1iLXHu78KQ1I94AaABAg,,False,@tnblgc,ALL ROUNDER DAHYUNNNN 👑,0,2024-10-16T20:57:42Z,2024-10-16T20:57:42Z
Ugw-pQO5xrZcqPCXvzF4AaABAg,,False,@yura07yura,"ギターリフ同じ
https://youtu.be/ZPY0AG_Z-sk?si=ie0de01lag9GK1Ph",1,2024-10-16T20:55:16Z,2024-10-16T20:55:16Z
Ugzohrdcnqms2n7f7IN4AaABAg,,False,@Ieowang,She’s so perfect,0,2024-10-16T20:52:31Z,2024-10-16T20:52:31Z
UgxkFBEcwSoUXQe5fih4AaABAg,,False,@AM3RICAN,"Crying, for real. WE love you, Dahyun! <3",0,2024-10-16T20:50:38Z,2024-10-16T20:50:38Z
Ugw4FGheXn35jxRZpf14AaABAg,,False,@cara2971,"Dahyun is beautiful and her singing voice is angelic and soft, I really loved watching this! Rare talent ❤",1,2024-10-16T20:46:39Z,2024-10-16T20:46:39Z
Ugz6Hu1l8ejSUmj5FR94AaABAg,,False,@erick_dan5838,I would love to hear you release an album.,1,2024-10-16T20:45:31Z,2024-10-16T20:45:31Z
UgyF-N4cmL6_iqsp7rt4AaABAg,,False,@ClaraNeiva-y7r,E o Brasil nada ainda?,0,2024-10-16T20:45:27Z,2024-10-16T20:45:27Z
Ugz1McHz3ygShFmSb_p4AaABAg,,False,@leonexhwj7963,As always!!! Our multi talented DUBU 🫶🏻🤍,0,2024-10-16T20:45:03Z,2024-10-16T20:46:42Z
Ugz-DMwGGjiiVIVN_Xh4AaABAg,,False,@kbang3663,Que preciosa! Y esa voz tan linda,0,2024-10-16T20:37:08Z,2024-10-16T20:37:08Z
UgyLjm1eXL55UJ6N2tZ4AaABAg,,False,@userr2223,ölürümm.,1,2024-10-16T20:36:50Z,2024-10-16T20:36:50Z
UgzANQbJ5JVHH3qWfZl4AaABAg,,False,@Ikram.derni31,❤❤❤❤❤,0,2024-10-16T20:36:22Z,2024-10-16T20:36:22Z
UgxMtRrv_yH91y32S3N4AaABAg,,False,@harley.14,"Her voice is very soothing, so angelic. I hope she sings for a drama ost❤❤❤",1,2024-10-16T20:27:40Z,2024-10-16T20:27:40Z
UgzKIBLh5zHq6e5YE0R4AaABAg,,False,@Limos_a,she is so cute,0,2024-10-16T20:24:22Z,2024-10-16T20:24:22Z
Ugx-EhTBM5cfqcVF0B14AaABAg,,False,@danieletaddei3577,Thank you Dahyun for this beautiful song and beautiful moment. You never cease to amaze me and your wonderful voice enchants me every time. Truly. Thank you for this gift and thank you for always being so amazing. Thank you for being you.💖💖💖,0,2024-10-16T20:24:10Z,2024-10-16T20:24:10Z
Ugz7pEoPoOS1qp23jix4AaABAg,,False,@dubu8586,"Tan linda mi amorcito, eres la magia de mi vida, llenas mi día de alegría y que gran regalo este en el día de hoy. No tienes idea de cuanto te adoro y de lo orgullosa que estoy de ti, eres la mejor tocando la guitarra mi amorcito,eres tan perfecta que todo lo que hagas siempre será perfecto. Te amo mi amada Dahyun, eres mi mundo entero 🤍💐⭐️🫶",1,2024-10-16T20:23:52Z,2024-10-16T20:23:52Z
UgwkY1IueCsw5LKgVhN4AaABAg,,False,@Lynell-Lyn,"I LOVE YOU KIM DAHYUN, I LOVE SO MUCH",0,2024-10-16T20:23:16Z,2024-10-16T20:23:16Z
UgwzVzmqNSAqKUBM62p4AaABAg,,False,@chaeyoungsbestie414,Oh how I loveeee this,0,2024-10-16T20:21:47Z,2024-10-16T20:21:47Z
UgzB2gI1BPJg92NhJGt4AaABAg,,False,@똥-z7m,"이쁘네~ 기타도 잘치고 노래도 잘하고 피아노도 잘치고 춤도 잘추고 연기도 하고 예능감도 좋고
왤케 다재다능 함?ㅎㅎㅎ",7,2024-10-16T20:19:33Z,2024-10-16T20:19:33Z
Ugzwn4ssHfj3muGno_Z4AaABAg,,False,@ultonce,dahyuns vocals are amazing,0,2024-10-16T20:18:00Z,2024-10-16T20:18:00Z
UgxXSZS3tRTvWPSadih4AaABAg,,False,@Chonky_boi265,"At first I thought we would get a continuation of Kim Star from TTT ""Soulmate"".  This Dahyun is a thousand times better! ",0,2024-10-16T20:16:25Z,2024-10-16T20:16:25Z
UgyUS0A2cHPomPM1hqp4AaABAg,,False,@Dai1lest,I LOVE YOU DAHYUN!!!!!❤❤❤❤,0,2024-10-16T20:15:48Z,2024-10-16T20:15:48Z
Ugx7_sVpvzrIjp_0nf54AaABAg,,False,@Juncboks,"Thank you for the beautiful moment, Dahyun!",1,2024-10-16T20:14:55Z,2024-10-16T20:14:55Z
UgwbsL_mmblPaHwyo4J4AaABAg,,False,@maximusspartan7409,We being blessed by jyp with this gem. Dubu has such a unique vocal signature ❤❤❤,0,2024-10-16T20:14:23Z,2024-10-16T20:14:23Z
Ugy0k4kB86DRysB_PEF4AaABAg,,False,@user-lm5pq7or9i,오  다현공주 ❤❤❤😊😊😊,2,2024-10-16T20:13:21Z,2024-10-16T20:13:21Z
UgwUgMiJU_GATB4GZN94AaABAg,,False,@donardodavinci6126,Immediately entering the list of soothing covers sung by Twice,0,2024-10-16T20:13:19Z,2024-10-16T20:13:19Z
Ugyzs98l1IjmuSDLm_Z4AaABAg,,False,@FlavioSantosSousa,A Dahyun é muito fofa ❤❤❤❤❤❤❤❤😍😘💕💕💕💕💕💕💕🎙🎶🎼🎵🎼🎶🎼🎶🎼🎵🎶🎼🎹🎹🎹🎧,0,2024-10-16T20:12:13Z,2024-10-16T20:12:13Z
UgyEZPNHeUQ6bMLstzp4AaABAg,,False,@Mani_mari-m5l,Dubuu🤍🤍🤍,0,2024-10-16T20:11:43Z,2024-10-16T20:11:43Z
UgwWoj5zar9ztbGyVyZ4AaABAg,,False,@chl3171,💜💜💜,1,2024-10-16T20:11:24Z,2024-10-16T20:11:24Z
Ugy9nuDVO6W_Jm8GwQd4AaABAg,,False,@euzinhaveyr,Nossa princesa Dahyun 🎉,0,2024-10-16T20:10:00Z,2024-10-16T20:10:00Z
UgwotKKqTNRojbbSnl54AaABAg,,False,@ElizabethTheVyondAnimator2K10,My biassssssssss ❤,0,2024-10-16T20:04:39Z,2024-10-16T20:04:39Z
Ugyp8Qy7znh_xts34wp4AaABAg,,False,@sunny_xx_1,I hope Dahyun is well. 💔⛓️,1,2024-10-16T20:00:37Z,2024-10-16T20:00:37Z
UgxytayJL5un4AHo-R94AaABAg,,False,@eva_once,thank you so much dahyun for this wonderful cover. you have such a beautiful and calming voice. you are incredibly talented,1,2024-10-16T19:59:56Z,2024-10-16T19:59:56Z
Ugzio2JTtcApQMdr8pZ4AaABAg,,False,@Nicole-fs3li,Thank you dahyunn,0,2024-10-16T19:59:31Z,2024-10-16T19:59:31Z
UgxOI6M7emogclnnhpB4AaABAg,,False,@GoodMorning-dh3vg,My dahyun so talented,1,2024-10-16T19:59:24Z,2024-10-16T19:59:24Z
Ugwja6TL2GrOVjTBjW54AaABAg,,False,@hernandezhernandez9829,🤍 I LOVE YOU DAHYUN 🤍,0,2024-10-16T19:57:27Z,2024-10-16T19:57:27Z
UgySEj7nVDzPPfO--uB4AaABAg,,False,@trixx9713,your voice is my favorite sound,1,2024-10-16T19:56:29Z,2024-10-16T19:56:29Z
Ugy9s4NEf15F5WhBIuR4AaABAg,,False,@justinlim7825,praying for the day she comes out with her solo album🙏,0,2024-10-16T19:53:25Z,2024-10-16T19:53:25Z
UgzwrxyyUqAUFc6RPJ14AaABAg,,False,@supasole72,We appreciate you so much. Thank you Kim Dahyun <3,0,2024-10-16T19:49:12Z,2024-10-16T19:49:12Z
UgxpxlMqIJGqiDEjWuh4AaABAg,,False,@mt123pt,Dahyun's covers will always be a safe place for me,0,2024-10-16T19:45:21Z,2024-10-16T19:45:21Z
UgzTXCJILhAHWPcir9l4AaABAg,,False,@isaiahlina3691,Kim star ❤,0,2024-10-16T19:45:01Z,2024-10-16T19:45:01Z
UgzAg4TfdmUoUKx9ww14AaABAg,,False,@h4Lu-13,no se que dice pero suena muy bonito con tu voz,0,2024-10-16T19:42:48Z,2024-10-16T19:42:48Z
UgzaKDQeANluXNcH-TB4AaABAg,,False,@h4Lu-13,TE AMO MUCHO,0,2024-10-16T19:42:32Z,2024-10-16T19:42:32Z
UgwMpVvWP5D4VR3F7DR4AaABAg,,False,@h4Lu-13,I LOVE YOU SO MUCH,0,2024-10-16T19:42:25Z,2024-10-16T19:42:25Z
UgwvK5nYOORj3gOxxB94AaABAg,,False,@h4Lu-13,Que voz tan hermosa tienes mi Dahyun bonita,0,2024-10-16T19:42:10Z,2024-10-16T19:42:10Z
UgzBaYDe9rFAGI2LPa14AaABAg,,False,@brunops2009,"Eu acho essa Garotinha tão linda e talentosa, Dahyun é da fato uma Anjinho na terra. Dubu linda e talentosa.",0,2024-10-16T19:41:55Z,2024-10-16T19:41:55Z
UgzRGqxvVGTkRhbJ6i94AaABAg,,False,@h4Lu-13,INCREÍBLE,0,2024-10-16T19:41:49Z,2024-10-16T19:41:49Z
UgzsUAcxeLQvq9n6wT54AaABAg,,False,@DeanGriffin-y9b,Dahyun❤❤,0,2024-10-16T19:40:19Z,2024-10-16T19:40:19Z
UgxhOhlF7QZs9FB0j0p4AaABAg,,False,@saw6595,寝る前に聞きにきてよかった,0,2024-10-16T19:40:19Z,2024-10-16T19:40:19Z
Ugx7EWIXtap43lUCwzt4AaABAg,,False,@Leehan-bnd07,Te amo dahyun💗💕,0,2024-10-16T19:40:05Z,2024-10-16T19:40:05Z
UgxDBrUHT-0BUrkw9pF4AaABAg,,False,@CoffecoldLvsTwice129,DAHYUN's voice is very beautiful and relaxing 🤍,1,2024-10-16T19:38:49Z,2024-10-16T19:38:49Z
UgyGxTOs9Bl9hrV_Qvp4AaABAg,,False,@MariaJose-yb2tz,"WOA 😍😍😍😍😍
SIMPLEMENTE HERMOSO💗",0,2024-10-16T19:37:30Z,2024-10-16T19:37:30Z
Ugw3qv5arfRqbdVnzPN4AaABAg,,False,@dariagaytan8216,Dahyun is my bias. And I don't regret that,0,2024-10-16T19:37:10Z,2024-10-16T19:37:10Z
UgyjcjNSZR_zhTkUDNh4AaABAg,,False,@Romeyeon0922,Dahyuniee I want an album now 🥰🥰,1,2024-10-16T19:37:00Z,2024-10-16T19:37:00Z
UgzOyaNBKWTyRHCjuDR4AaABAg,,False,@lynn00007,oh our sweetest dubu love you,0,2024-10-16T19:36:24Z,2024-10-16T19:36:24Z
UgyXqkGGuy2w9jZGsml4AaABAg,,False,@Romeyeon0922,사랑해 다현이,8,2024-10-16T19:35:32Z,2024-10-16T19:35:32Z
Ugz0Co5MDWgeQBs9ssR4AaABAg,,False,@Lirolittle,A mulher faz de um tudo mesmo!,0,2024-10-16T19:35:19Z,2024-10-16T19:35:19Z
UgzsoSaE8Nl62OdcLQl4AaABAg,,False,@MaritesGaming143,,0,2024-10-16T19:32:06Z,2024-10-16T19:32:06Z
UgyLcDz0hMwHrjcvBdl4AaABAg,,False,@mikediezel0923,❤,0,2024-10-16T19:30:58Z,2024-10-16T19:30:58Z
UgxRAGMgzlQ2neeMP3d4AaABAg,,False,@Mr.Maritime,🍃KK Dahyun🍃,0,2024-10-16T19:28:22Z,2024-10-16T19:29:31Z
UgxPSBQzaWIlFfj14-N4AaABAg,,False,@queenofh3artzz,DAHYUN MUKEMMELSIN,1,2024-10-16T19:27:58Z,2024-10-16T19:27:58Z
Ugzo_H70wgWzWLM5ygB4AaABAg,,False,@nlexanderortega,"Manifiesto el debut solista de 
🪄🪄DAHYUN🪄🪄",0,2024-10-16T19:27:29Z,2024-10-16T19:27:29Z
Ugwl6NMEcaVDDGDKHOx4AaABAg,,False,@queenofh3artzz,omg her vocals😭,1,2024-10-16T19:26:42Z,2024-10-16T19:26:42Z
Ugz-WY_AIcu_zaGK7il4AaABAg,,False,@queenofh3artzz,dahyunnie🫶🏻,1,2024-10-16T19:26:28Z,2024-10-16T19:26:28Z
UgzXv2alnV_0liiPOJZ4AaABAg,,False,@Terror99blade,Was I the only one who felt a touch of IU in Dahyun's vocals?,5,2024-10-16T19:24:54Z,2024-10-16T19:24:54Z
UgzXv2alnV_0liiPOJZ4AaABAg.A9f5Ojn_2f1A9f5dvub8-2,UgzXv2alnV_0liiPOJZ4AaABAg,True,@queenofh3artzz,actually i felt like that too,1,2024-10-16T19:27:08Z,2024-10-16T19:27:14Z
Ugz4_hsklQGJJqqA9MB4AaABAg,,False,@heeseungminyoongiselle,ACE DAHYUN,0,2024-10-16T19:21:59Z,2024-10-16T19:21:59Z
Ugxw11mZPIjL4StgyXh4AaABAg,,False,@heeseungminyoongiselle,Dahyun ate,0,2024-10-16T19:21:49Z,2024-10-16T19:21:49Z
Ugz-_3TKSvHEXUV0joJ4AaABAg,,False,@condor5962,DAHYUN 😍😍,0,2024-10-16T19:20:40Z,2024-10-16T19:20:40Z
UgzEhEh-NyCH8XTTYt94AaABAg,,False,@jeremymilan1899,dahyun ❤,5,2024-10-16T19:20:06Z,2024-10-16T19:20:06Z
Ugyzt9lOt7FHAHY-wn14AaABAg,,False,@Twiceeboiolas,"Dahyun is a unique idol! She has great skills, her voice, as she knows how to play several instruments, I love her 💗",2,2024-10-16T19:19:16Z,2024-10-16T19:19:16Z
Ugz5TmVg965CNLHPhYx4AaABAg,,False,@jefffpv2759,Secretly the most talented member of twice.,167,2024-10-16T19:17:58Z,2024-10-16T19:17:58Z
Ugz5TmVg965CNLHPhYx4AaABAg.A9f4aydV6n7A9p_Npjc2d-,Ugz5TmVg965CNLHPhYx4AaABAg,True,@jaxmanyfk,the only who can really sing!!,0,2024-10-20T21:08:04Z,2024-10-20T21:08:04Z
Ugz5TmVg965CNLHPhYx4AaABAg.A9f4aydV6n7A9wixU5yF4H,Ugz5TmVg965CNLHPhYx4AaABAg,True,@ciananaies,​@@jaxmanyfk all of them can sing fyi,5,2024-10-23T15:46:24Z,2024-10-23T15:46:24Z
Ugz5TmVg965CNLHPhYx4AaABAg.A9f4aydV6n7A9xPW1OJH3X,Ugz5TmVg965CNLHPhYx4AaABAg,True,@jaxmanyfk,"@@ciananaies Really? I'm a producer, darling, I can listen all the vocal processor.",1,2024-10-23T22:06:59Z,2024-10-23T22:06:59Z
Ugz5TmVg965CNLHPhYx4AaABAg.A9f4aydV6n7AADxmMPbJ0h,Ugz5TmVg965CNLHPhYx4AaABAg,True,@musicalweeb3682,"@@jaxmanyfkand I’m clown detector, stfu clown 🤡",0,2024-10-30T17:42:17Z,2024-10-30T17:42:17Z
Ugz5TmVg965CNLHPhYx4AaABAg.A9f4aydV6n7AETN8Nzt2Ku,Ugz5TmVg965CNLHPhYx4AaABAg,True,@01adrianomartintigorkurnia34,"​@@jaxmanyfkare u sure to say that, I think all of them can sing",0,2025-02-13T03:26:48Z,2025-02-13T03:26:48Z
Ugy628jzcxIE4qflMPN4AaABAg,,False,@daianaramos4827,❤,0,2024-10-16T19:17:54Z,2024-10-16T19:17:54Z
UgyDNlxFLrrG6Rufs654AaABAg,,False,@TaenaTW88,"That's beautiful! Thank you, Dahyun!",3,2024-10-16T19:14:24Z,2024-10-16T19:14:24Z
UgzMKrxH95ho7yptDUx4AaABAg,,False,@BunnieNewJns,"I love Dahyun, She Is my bias and my bias is Beautiful😭😭❤",2,2024-10-16T19:14:23Z,2024-10-16T19:14:23Z
UgxvmULzBxJ9TvAzqEB4AaABAg,,False,@luistrevino5959,"I've known that Dahyun played piano?
But didn't know that she could also play the guitar?! 😲 And 🤯",0,2024-10-16T19:13:13Z,2024-10-16T19:13:13Z
UgwrTfnOYd_yBjoz9iV4AaABAg,,False,@laufey_yefual,❤❤,0,2024-10-16T19:13:03Z,2024-10-16T19:13:03Z
UgxGnuqQEx-5Q0LtiZp4AaABAg,,False,@its_jessssss,"Thank you, uri dubu. I love you ❤",0,2024-10-16T19:11:59Z,2024-10-16T19:11:59Z
UgykG-9Hk0oXRsmLvdZ4AaABAg,,False,@Shinobu_dahyun,I Love you da Hyun Your vocal is perfect😍,0,2024-10-16T19:11:49Z,2024-10-16T19:11:49Z
Ugx5a7eo4Yx-1bWL-Mh4AaABAg,,False,@nina_san-s3f,Hay muchos comentaeiis en ingles y coreano para que no te sientas sol@ te dejo este comentario  por sierto no es gratis dale like,0,2024-10-16T19:11:16Z,2024-10-16T19:11:16Z
Ugy07KjuTTuZd4Tppw94AaABAg,,False,@Dubutwice143,💗💗😭😭😭⭐✨,0,2024-10-16T19:10:44Z,2024-10-16T19:10:44Z
Ugw-UIUB1H3uidOTOu94AaABAg,,False,@Dubutwice143,⭐✨✨✨,0,2024-10-16T19:10:36Z,2024-10-16T19:10:36Z
UgyFbQ_S9NCSV8zUh6R4AaABAg,,False,@Dubutwice143,DAHYUNNN,0,2024-10-16T19:10:20Z,2024-10-16T19:10:20Z
Ugyb35CKgENUSKwEgeJ4AaABAg,,False,@Dubutwice143,I LOVE YOU DAHYUN💗😍😍,0,2024-10-16T19:10:03Z,2024-10-16T19:10:03Z
UgwcyXpc_G8W-0cPQoV4AaABAg,,False,@Dubutwice143,DAHYUN TE AMOOOO,0,2024-10-16T19:09:33Z,2024-10-16T19:09:33Z
UgyhLPjKniWY5qGRPkl4AaABAg,,False,@ageoffi,💗,0,2024-10-16T19:09:09Z,2024-10-16T19:09:09Z
Ugz-Tocyz6yCOMWxPOV4AaABAg,,False,@blue1000light,Is there nothing Dubu cannot do?! ❤,0,2024-10-16T19:06:34Z,2024-10-16T19:06:34Z
UgyDlT0Mw81wzng1OxN4AaABAg,,False,@rosaparedes379,ACASO SE ACERCARA EL SOLO DE DAHYUN,0,2024-10-16T19:06:08Z,2024-10-16T19:06:08Z
Ugyn4aY9qveMJoypG2x4AaABAg,,False,@irengbanteng7666,"dancer, idol, rapper, pianis, singer, actris, and comedian. she is my love",0,2024-10-16T19:05:45Z,2024-10-16T19:05:45Z
UgwbHXx95H7J3elWHQN4AaABAg,,False,@judahpenacerrada887,Shining light! ✨️,0,2024-10-16T19:01:50Z,2024-10-16T19:01:50Z
UgzmMzhGz5gSoM3OGWZ4AaABAg,,False,@kmsweetlemon_0815,다현 노래는 언제나 들어도 행복하고 귀가 즐거워진다 ㅎㅎ 앞으로도 아프지 않고 행복하자 화이팅!!❤❤,8,2024-10-16T19:00:41Z,2024-10-16T19:00:41Z
Ugx8tR7qN728-NKmwXB4AaABAg,,False,@らいす-n7x,"日本語訳

わかってる　
私の心に静かにドアをたたいたら
瞳に
ぼんやりとにじんだあなたを流してしまわないと
記憶は
あの早い時計の針を失って
はじめて
あなたという人がわかった最後に笑って見えるだろう
斜めにさすあの光は私に
火をおこし
灰にならないように私は
背を向けるけど
隙間をいっぱいにした私たちという色は
完璧である必要もなく
美しい映画だった
私たちがとどまった夜の間開いてしまった
心臓の音に
夜空の星をつなげてあなたを描く この時の私は あなたとの時間を染めて 初恋という 名をつけるのだろう",1,2024-10-16T18:56:45Z,2024-10-16T18:56:45Z
UgzpGKV-emgqLEWQyVx4AaABAg,,False,@hatebox,"DUBU mi pequeño escuche de monerias: cantante, compositora, rapera, bailarina, comediante, MC, actriz, reportera del clima, chef y mas",0,2024-10-16T18:56:43Z,2024-10-16T18:56:43Z
UgwGi6YDGfUZBDcvkpp4AaABAg,,False,@natalienejustino2022,❤,0,2024-10-16T18:54:05Z,2024-10-16T18:54:05Z
UgwmMOgwJfbX3vTAeZV4AaABAg,,False,@silvia91193,"I love Dahyun.
I love Twice.",9,2024-10-16T18:52:13Z,2024-10-16T18:52:13Z
UgzxUW3lm9PsqMvLmL94AaABAg,,False,@Solokid404,I need a Dahyun solo now!,7,2024-10-16T18:51:20Z,2024-10-16T18:51:20Z
Ugy9g3prJry-g4-wLrp4AaABAg,,False,@jhooncasrel7438,"Gracias por el deleite de esta linda interpretación, dulce Dahyun. 😊",0,2024-10-16T18:48:33Z,2024-10-16T18:48:33Z
UgztwxJX2IrY5KKYkEJ4AaABAg,,False,@lovelygirl6406,"She sang beautifully 😍 I really feel like her voice is healing
Thank you Dahyun unnie 💖",1,2024-10-16T18:48:15Z,2024-10-16T18:48:41Z
UgxraLqlG5Y_8EfkQTd4AaABAg,,False,@Logovanni,Unreservedly I love this woman.,0,2024-10-16T18:46:40Z,2024-10-16T18:49:02Z
UgyjBs-tkpG9PJlrVfJ4AaABAg,,False,@zeinabyazbeck2024,"Dahyun's vocal omg😮
slaaaaaaaaaaay❤",0,2024-10-16T18:42:53Z,2024-10-16T18:42:53Z
Ugy8tWd9DZsAHeAYR_x4AaABAg,,False,@1963-Manuel_E.V.G,,0,2024-10-16T18:41:20Z,2024-10-16T18:41:20Z
UgzcRn-4JQynB6agw3x4AaABAg,,False,@bombaramboram3746,Dahyun singer songwriter solo album debut when?🥺💖,22,2024-10-16T18:40:15Z,2024-10-16T18:40:15Z
UgwYJMPJLj4-qUXEfYd4AaABAg,,False,@topbackpodcast2615,I hope Dahyun is teaching Chaeyoung how to play haha,0,2024-10-16T18:36:53Z,2024-10-16T18:36:53Z
UgwKBPl-2TAcoOppJiB4AaABAg,,False,@Bkaa001,🤍🍫🫰,0,2024-10-16T18:35:04Z,2024-10-16T18:35:04Z
UgyJEPfBJi8E7s-Qqcd4AaABAg,,False,@nellygmtze5694,"Mi bonita, mi niña bonita, no sabes lo mucho que te amo. MI ANGELITO DUBU <3",0,2024-10-16T18:34:13Z,2024-10-16T18:34:13Z
Ugxbt4qngOhRYK-q6X94AaABAg,,False,@calensmith9754,Beautiful as always. I love you Dahyun and this cover is so beautiful. You are amazing <3,1,2024-10-16T18:32:40Z,2024-10-16T18:32:48Z
UgzWNJSl3i7OE_qneQF4AaABAg,,False,@MiMi-14-z1y,Piano and now guitar 😭❤️❤️❤️🥺🥺🥺love uuu,1,2024-10-16T18:29:51Z,2024-10-16T18:29:51Z
UgzQ4dVwSmnAtUxrYRx4AaABAg,,False,@DIG18,Dahyun voice omg i love,0,2024-10-16T18:28:36Z,2024-10-16T18:28:36Z
UgxUwF_80OhDtuyK40d4AaABAg,,False,@АзизаАхтямова-щ7и,У Дахен такой красивый голос ^^ и очень уютная атмосфера,0,2024-10-16T18:28:09Z,2024-10-16T18:28:09Z
Ugzrf0k6vzrjGH0Z8jt4AaABAg,,False,@jawnnymac,DAHYUN THANK YOU,0,2024-10-16T18:27:53Z,2024-10-16T18:27:53Z
UgxQXSFJPO9wGKtgGx94AaABAg,,False,@sal.fix_,You made my evening beautiful with your voice,0,2024-10-16T18:27:37Z,2024-10-16T18:27:37Z
UgzX7cEiMe_Rqnss0bl4AaABAg,,False,@vinxentendrix8161,"My Bias. 
Nice One Twice (Dahyun)",1,2024-10-16T18:26:03Z,2024-10-16T18:26:03Z
UgxiojWm02lLPuz3qsN4AaABAg,,False,@Dahmorosa,"Kim Dahyun, no podés ser tan perfecta, lindaaa🤍💯",0,2024-10-16T18:25:45Z,2024-10-16T18:25:45Z
Ugwy4veGYvEt1-rQtCh4AaABAg,,False,@KALIKONCE,"Dahyun the woman you are ♡ we love to hear your beautiful voice, thanks for the gift ,Once loves you",1,2024-10-16T18:20:36Z,2024-10-16T18:20:36Z
Ugx8GK9-55NtEpq-XNp4AaABAg,,False,@dinosaurioraaawr,Hello twice how are you greeting me?,0,2024-10-16T18:19:04Z,2024-10-16T18:19:04Z
Ugx58gEft6zfYM-C2oF4AaABAg,,False,@franzanthonymanzano872,Dahyun solo acoustic album please. JYPE make it happen! 😍,1,2024-10-16T18:17:17Z,2024-10-16T18:17:17Z
UgxPTa4HDAT82IhJfDB4AaABAg,,False,@janainaf.m.,Hum! Princesa Dahyun ❤❤😊🥹,0,2024-10-16T18:16:32Z,2024-10-16T18:19:57Z
UgxW9EfjNUgnkDsRc9J4AaABAg,,False,@essm-bo2lk,"i love you, you are the best,  Keep doing your best, I'll still be proud",0,2024-10-16T18:13:41Z,2024-10-16T18:13:41Z
UgzxsqtqDyIeX5BX3RB4AaABAg,,False,@ym.1393,Love you girl,0,2024-10-16T18:13:24Z,2024-10-16T18:13:24Z
UgxynAY0H1EUn1vjZVR4AaABAg,,False,@alaina21,i think i fall more and more in love with u every day dahyun,1,2024-10-16T18:13:04Z,2024-10-16T18:13:04Z
UgwGBFK_Ns3umsGyN-h4AaABAg,,False,@dahyunsdog,ilysm😢,0,2024-10-16T18:10:32Z,2024-10-16T18:10:32Z
UgzYSsf5I1v6y8tuxZR4AaABAg,,False,@northarea1203,Kayo,0,2024-10-16T18:09:25Z,2024-10-16T18:09:25Z
UgySyYjuWQ38tlKbxdh4AaABAg,,False,@jxxi,And she's an actress 😍😍,0,2024-10-16T18:08:46Z,2024-10-16T18:08:46Z
Ugy5e64M7Uo45PP6GjF4AaABAg,,False,@Once_132,"She can play guitar, she can play piano, she can play drum, she can act , she can sing, she can rap, she can entertain....",2,2024-10-16T18:08:40Z,2024-10-16T18:08:40Z
UgxrgVASUy8gCZ69Bqh4AaABAg,,False,@analiagonzalez1782,¡¡¡Dahyun nueva solista!!!😭😭😭😭,0,2024-10-16T18:08:03Z,2024-10-16T18:08:03Z
Ugyo4cG_O6m2pMPV2PB4AaABAg,,False,@Once_132,Dubu I love you 😭,0,2024-10-16T18:07:28Z,2024-10-16T18:07:28Z
UgyYhAc-e3xg9Xh9DQV4AaABAg,,False,@kiamoore806,❤,0,2024-10-16T18:05:37Z,2024-10-16T18:05:37Z
UgzqEGGPDQGRLzrPxXh4AaABAg,,False,@OGKpopie,Angels kiss her voice❤❤❤,0,2024-10-16T18:03:40Z,2024-10-16T18:03:40Z
UgxVHXVtmXQ2roUM6xJ4AaABAg,,False,@temuulen.x587,😊🥰🔥🫰👍👍👍,0,2024-10-16T18:03:31Z,2024-10-16T18:03:31Z
UgzWuQ2fQ6HZgZ0H6xh4AaABAg,,False,@evieroro66,Uwaaa menyala uri Dahyun(⁠☆⁠▽⁠☆⁠),0,2024-10-16T18:03:28Z,2024-10-16T18:03:28Z
Ugz3DO1nH67BXYaihW54AaABAg,,False,@MicaellaLalusin,❤❤❤,0,2024-10-16T18:00:28Z,2024-10-16T18:00:28Z
Ugzk5AYKin1wxxSoEGR4AaABAg,,False,@saraverseitps,MI MUJER TE AMO CASATE CONMIGO ERES LA MUJER MAS PRECIOSA,0,2024-10-16T17:58:50Z,2024-10-16T17:58:50Z
UgxqbF56R_iXEuuUc7F4AaABAg,,False,@小秋-07c,多賢真棒🎉👍❤,1,2024-10-16T17:57:59Z,2024-10-16T17:57:59Z
UgxEhkYaHg4n-7UAZLp4AaABAg,,False,@AmayraniPichardo,I love dahyun ❤,0,2024-10-16T17:57:58Z,2024-10-16T17:57:58Z
UgzxMA1NL7tkfnteKh14AaABAg,,False,@certiee,If her voice were pillows they would be sold out and rated 8/5 stars,0,2024-10-16T17:57:34Z,2024-10-16T17:57:34Z
Ugw8jQmsyhVNeHyomBp4AaABAg,,False,@Jayko72000,Amazing cover Dahyun!!!,1,2024-10-16T17:56:45Z,2024-10-16T17:56:45Z
UgzquMYGYI2S8VbRWFh4AaABAg,,False,@alejandrocruzjimenez1017,"por un momento pensé que cantaría ¨colgando entre tus manos¨ 
hermosa voz",0,2024-10-16T17:54:12Z,2024-10-16T17:54:12Z
UgwIKYJHvqum612EPM94AaABAg,,False,@Jocc-rk9lr,¿Hay algo que está mujer no haga perfecto? ❤❤❤❤,0,2024-10-16T17:52:32Z,2024-10-16T17:52:32Z
Ugz-bTiQLFPWKdLsBLd4AaABAg,,False,@АлександрКолесников-с7б,"Дахюня, ты милашка!",1,2024-10-16T17:51:52Z,2024-10-16T17:51:52Z
UgxILIBq1I1bUmtPKgR4AaABAg,,False,@seiunico07,Dahyun's voice is my healing potion,0,2024-10-16T17:50:29Z,2024-10-16T17:50:29Z
UgxYerOGebqxGn5cS7B4AaABAg,,False,@MicaellaLalusin,❤❤❤,0,2024-10-16T17:50:09Z,2024-10-16T17:50:09Z
UgwwYif8pb3c2ANUTR14AaABAg,,False,@あかしん-y6d,大好きだよ〜可愛すぎる〜🥰💓💖💕💕💘💘♥️♥️💝💝,2,2024-10-16T17:49:40Z,2024-10-16T17:49:40Z
UgxF4vOTLQ6YMXnfN3Z4AaABAg,,False,@Yukii3223,Is there something TOFU can't do? She's amazing.☹️🤍🤍,0,2024-10-16T17:49:07Z,2024-10-16T17:49:07Z
UgylG2uxktAADCfQwg54AaABAg,,False,@張郡庭,真棒👍,1,2024-10-16T17:48:02Z,2024-10-16T17:48:02Z
UgwTztI42PKVdGbOSdJ4AaABAg,,False,@seewendy1,I had noticed that compared to the other girls she usually keeps her nails shorter even when she gets them done and now I know why💕 she plays the guitar,1,2024-10-16T17:46:32Z,2024-10-16T17:46:32Z
UgyBCowVimjcGK7OLeR4AaABAg,,False,@Eunutt,I love DAHYUNNN💕💕💕,1,2024-10-16T17:45:42Z,2024-10-16T17:45:42Z
UgyNB3_-XKopIOCIgxl4AaABAg,,False,@kentdoodis4926,..AND THAT'S THE REASON SHE'S MY ULTIMATE BIAS!!❤❤❤,0,2024-10-16T17:44:48Z,2024-10-16T17:44:48Z
UgzeNfCm7cPZLOHlt0t4AaABAg,,False,@ユユユユユ-m7f,사란해요🥺🫰🫰,1,2024-10-16T17:44:33Z,2024-10-16T17:44:33Z
UgwsjWtv0uhoZRI7j7x4AaABAg,,False,@MariaClara-cy5rz,We  need more of DAHYUN like this,3,2024-10-16T17:43:35Z,2024-10-16T17:43:35Z
UgwNAHrtX1Pe_rD9Wtl4AaABAg,,False,@pari.927,One of the best👀🤭 go dubu 🌠🌷,0,2024-10-16T17:43:19Z,2024-10-16T17:43:19Z
UgzsFowxu7E1vmtpepR4AaABAg,,False,@TsuPoo,Just loving her more everyday 🤍🤍🤍🤍🤍🤍🤍,0,2024-10-16T17:43:04Z,2024-10-16T17:43:04Z
UgwY1kRPmhQx3HEj78t4AaABAg,,False,@capncrunch2338,Dahyun continues to spoil us with these beautiful covers. Love seeing how far she has come as a singer and musician. This was beautiful 🥲,207,2024-10-16T17:41:17Z,2024-10-16T17:41:17Z
UgzYRkSJQCcpq6mJSjR4AaABAg,,False,@rrreeeddd1321,"You sang it beautifully and played the guitar really well, dahyunaaa 🤍",1,2024-10-16T17:41:16Z,2024-10-16T17:41:16Z
UgwrPGhjOrmEV0rD3_Z4AaABAg,,False,@chick_hc,優しい🤍,0,2024-10-16T17:41:05Z,2024-10-16T17:41:05Z
Ugz2oY9sMwOHWscvvo54AaABAg,,False,@s00hyuke,두부 최고다,0,2024-10-16T17:41:01Z,2024-10-16T17:41:01Z
UgwBy_R7Kgrt2jS39KV4AaABAg,,False,@sousamarcos,Love u Dubu <3,0,2024-10-16T17:40:33Z,2024-10-16T17:40:33Z
Ugxr5y0vStEs1UHUxUF4AaABAg,,False,@欣海洪,❤️❤️❤️❤️😍😍😍,0,2024-10-16T17:40:16Z,2024-10-16T17:40:16Z
Ugxyn4coy8Pl_H55qVF4AaABAg,,False,@Grid21,Wow!!! I am so impressed! I would NEVER guessed that you played Fingerstyle guitar! Very cool! Nice work Dahyun! I hope we get to play together together some day!,0,2024-10-16T17:40:14Z,2024-10-16T17:40:14Z
UgwG93tpPl5gg5szKbx4AaABAg,,False,@Yumedekissmeee,Kim Star comeback🎉🎉,0,2024-10-16T17:40:07Z,2024-10-16T17:40:07Z
Ugx_Ln8cdaGOoNnI6th4AaABAg,,False,@Han_Seohyun,Our Kim star ✨️,0,2024-10-16T17:38:09Z,2024-10-16T17:38:09Z
UgzFSsXBG0Yi3CA5_vx4AaABAg,,False,@lmx480,DAHYUN UR SO TALENTED I ASPIRE TO BE LIKE U,1,2024-10-16T17:37:52Z,2024-10-16T17:37:52Z
UgztLyDvMTBvoWPrIkl4AaABAg,,False,@formeandi21,dahyunaaaa 💕💕💕,0,2024-10-16T17:37:36Z,2024-10-16T17:37:36Z
Ugz3ANehh4naVa46zJd4AaABAg,,False,@luizfernandolc,"Aí cara, ela é um anjo. Essa voz de veludo.",0,2024-10-16T17:37:28Z,2024-10-16T17:37:28Z
Ugzzl6j3nVYHrV4Dcsh4AaABAg,,False,@Blaigan,GIVE HER AN ALBUM PLEASE,0,2024-10-16T17:37:07Z,2024-10-16T17:37:07Z
UgzpKvW7I_BxcIRuOCV4AaABAg,,False,@Pandesal-m,"I see dahyun, i click it. 

Feels like muscle memory 😭",0,2024-10-16T17:36:07Z,2024-10-16T17:36:07Z
UgxJkzTW_ChPClHs07p4AaABAg,,False,@tommyo2450,Sweet dubu... She has come a long way!❤,0,2024-10-16T17:35:15Z,2024-10-16T17:35:15Z
Ugw-JqOkrrWg4FvvcNF4AaABAg,,False,@栄治西岡,イチゴ🍓ちやんより上手い？豆腐屋ちやんハ～イ飴🍭ですね,0,2024-10-16T17:35:08Z,2024-10-16T17:35:08Z
UgwrZ0pDXWl42EX6mCh4AaABAg,,False,@HelloSnake,"No way, this is my favorite song. 🥰",0,2024-10-16T17:34:10Z,2024-10-16T17:34:10Z
UgwB2ZeTccu7LDcymTB4AaABAg,,False,@pawichan5429,OO NA KIM DAHYUN SINASAGOT NA KITA!!!! 🥺🥹,0,2024-10-16T17:33:39Z,2024-10-16T17:33:39Z
UgwjLnV-c4s9Cn_N71d4AaABAg,,False,@AlvxMSM,"thank you, Dahyunie🤍",0,2024-10-16T17:33:35Z,2024-10-16T17:33:35Z
UgxaEikwbd_s36dP8NR4AaABAg,,False,@susmita6658,Love you ❤,0,2024-10-16T17:32:09Z,2024-10-16T17:32:09Z
UgxoZUFMok3NENGreAR4AaABAg,,False,@tomfishing2231,Actress Dahyun casually jamming with guitar,0,2024-10-16T17:31:31Z,2024-10-16T17:31:31Z
UgxAn93jio4yqRtOU_h4AaABAg,,False,@myintthinnaung7050,Dahyun❤,0,2024-10-16T17:30:42Z,2024-10-16T17:30:42Z
UgyG51t4Y-MSfl896pd4AaABAg,,False,@potatonian,Hope she gets to debut solo next.,0,2024-10-16T17:30:27Z,2024-10-16T17:30:27Z
Ugw2ZxEDJE4kcpa6QYx4AaABAg,,False,@BüşraAkbaş-z8h,She voice come from paradise😢❤❤❤,1,2024-10-16T17:30:20Z,2024-10-16T17:30:20Z
UgwAAxc2AP6MftJiBGh4AaABAg,,False,@maatlamogapi9758,Thank you Dubu❤,0,2024-10-16T17:30:16Z,2024-10-16T17:30:16Z
UgyyVOWIjUYK-PiQd6B4AaABAg,,False,@zaldyaguirrejr,Baby Dahyun 😍❤️👍,0,2024-10-16T17:29:44Z,2024-10-16T17:29:44Z
Ugz9oty0YCGAA6B8K7J4AaABAg,,False,@jinx_1020,多贤的声音是清泉,2,2024-10-16T17:28:54Z,2024-10-16T17:28:54Z
UgzuV9yfNevl6owWCiV4AaABAg,,False,@jinx_1020,太用心了 天呐 真的好喜欢你,1,2024-10-16T17:28:12Z,2024-10-16T17:28:12Z
Ugybnj_2KjR7eRmO32d4AaABAg,,False,@leticiafs3734,Dahyun reminding everyone that she really is multi talented,2,2024-10-16T17:26:59Z,2024-10-16T17:26:59Z
UgxJ9x8taTFsgqPDbLt4AaABAg,,False,@karygx,I want this so bad on Spotify or Apple Music 🤍,1,2024-10-16T17:26:55Z,2024-10-16T17:26:55Z
Ugw8W7EiWHZ19nGqdBV4AaABAg,,False,@Asma-23,Dahyunaa i literally can’t stop watching this now😭🤍🤍,2,2024-10-16T17:26:29Z,2024-10-16T17:26:29Z
UgyhMOYFPE-GwmjtgkN4AaABAg,,False,@Asma-23,Her voice makes me feel so happy she’s literally gorgeous every day I see her i smile even though when i am not in the mood she’s my favourite person in this world 🤍🤍🤍🤍,1,2024-10-16T17:25:39Z,2024-10-16T17:25:39Z
UgyUlGVfa9k86axhohN4AaABAg,,False,@hyoyeon_dancebreaks,Our dubu is back with coverss🤍🤍,0,2024-10-16T17:24:52Z,2024-10-16T17:24:52Z
UgygGoP8qvlOzGYbxB54AaABAg,,False,@innyxim,TE AMO MI BONITA DUBUUU 💕💕💕,0,2024-10-16T17:23:48Z,2024-10-16T17:23:48Z
Ugw3LGXECY6AVV-lkgN4AaABAg,,False,@GiorgyWalteros-0208,Que bonita voz Dahyunee❤,15,2024-10-16T17:23:33Z,2024-10-16T17:23:33Z
UgxY0zW0kiayLWgq77J4AaABAg,,False,@cinthiar27,Dahyun is so talented!,2,2024-10-16T17:22:38Z,2024-10-16T17:22:38Z
Ugypfshsyff5yuQWno94AaABAg,,False,@nataliapremat4109,CADA DIA MAS LINDA DAHYUN,2,2024-10-16T17:22:38Z,2024-10-16T17:22:38Z
UgxF1or6q1SrTodXYlN4AaABAg,,False,@Carn-kq8nr,DAHYUN 💖,5,2024-10-16T17:21:25Z,2024-10-16T17:21:25Z
Ugz-MbN5z_7Nn54wktB4AaABAg,,False,@DrewPhillips0528,"Thank you for the music, Dahyun!❤",2,2024-10-16T17:20:30Z,2024-10-16T17:20:30Z
Ugw2UzGyanSDZzLVexV4AaABAg,,False,@choumoong,"WAAAH, her voice?!🥺",0,2024-10-16T17:17:54Z,2024-10-16T17:17:54Z
UgyNa90-Nb7nFEgICBx4AaABAg,,False,@unique_4_you,Dahyun we love you ❤,1,2024-10-16T17:16:02Z,2024-10-16T17:16:02Z
Ugxg_tstOFD6edra4JF4AaABAg,,False,@JMQO,"Amazing, an angelic voice",1,2024-10-16T17:14:55Z,2024-10-16T17:14:55Z
UgzMkrvxT2Ge6DRi07Z4AaABAg,,False,@linnylinlinlin,Dahyun’s soft vocals always calm heart… my favourite Twice vocalist 😭💖,0,2024-10-16T17:13:01Z,2024-10-16T17:13:01Z
UgwuAf8vDLrgkHZNa8l4AaABAg,,False,@bwink4709,so beautiful... her talent never ceases to amaze me ❤,0,2024-10-16T17:12:10Z,2024-10-16T17:12:10Z
UgxC55vPZRK6r7lsSAF4AaABAg,,False,@salamonster5462,❤❤❤,0,2024-10-16T17:12:08Z,2024-10-16T17:12:08Z
UgzxKv53Fhe-6R-zfSl4AaABAg,,False,@juliethfranquiz2529,Te amo Kim Dahyun,0,2024-10-16T17:10:51Z,2024-10-16T17:10:51Z
Ugxk-p3uwLNSbOujvxN4AaABAg,,False,@사람은그런심리가잇자,🥹🥹🥹🥹🥹🥹,0,2024-10-16T17:08:59Z,2024-10-16T17:08:59Z
Ugx-Kv-8cm0TW-vgtgp4AaABAg,,False,@Mikareca,SEMPRE ARRASANDO DAHYY!!!,0,2024-10-16T17:07:37Z,2024-10-16T17:07:37Z
Ugwb2ijYtdjxIsmg4jl4AaABAg,,False,@mariammahmoud3156,Dubu you are the best 💓,0,2024-10-16T17:06:32Z,2024-10-16T17:06:32Z
Ugz63jqTXkrEBW0gsfh4AaABAg,,False,@fremendune,"Our Dubu, we love you! Once!",0,2024-10-16T17:06:25Z,2024-10-16T17:06:25Z
UgwLPJ8PxelGTWDrdnJ4AaABAg,,False,@mariammahmoud3156,Dahyun’s voice is soo calming i love itt,1,2024-10-16T17:06:08Z,2024-10-16T17:06:08Z
UgyKO0166-GgJYObFg94AaABAg,,False,@raulsantos8134,"My Bias, such a talented woman, we love you Dahyun",1,2024-10-16T17:05:56Z,2024-10-16T17:05:56Z
UgwuL_BuytdDbvBkxQl4AaABAg,,False,@renaldwilliam,"DAHYUN você é incrivel demais!! como eu sou feliz em ter te visto no show no Brasil esse ano, foi simplesmente incrivel demais!!!!!! I love you DAHYUN",0,2024-10-16T17:05:49Z,2024-10-16T17:05:49Z
UgwYqgEfyNUDb4sEWVt4AaABAg,,False,@mariammahmoud3156,❤❤❤❤,0,2024-10-16T17:05:32Z,2024-10-16T17:05:32Z
UgxG5sybxXuCyzDCSFN4AaABAg,,False,@lishiyayo381,"What is song name😢😢
Can someone tell me please 😭",2,2024-10-16T17:03:59Z,2024-10-16T17:03:59Z
UgxG5sybxXuCyzDCSFN4AaABAg.A9eqGY7i5VFA9eqvn7j5bf,UgxG5sybxXuCyzDCSFN4AaABAg,True,@icedubu5939,First Love by Baek A 😊,2,2024-10-16T17:09:45Z,2024-10-16T17:09:45Z
UgxG5sybxXuCyzDCSFN4AaABAg.A9eqGY7i5VFA9erPMMmMF2,UgxG5sybxXuCyzDCSFN4AaABAg,True,@lishiyayo381,@@icedubu5939 thanks ❤️🙏🏻,1,2024-10-16T17:13:55Z,2024-10-16T17:13:55Z
Ugwz8SARadQQsWZUIwp4AaABAg,,False,@marcelamorais8225,Ai que amorzinho ❤,0,2024-10-16T17:03:20Z,2024-10-16T17:03:20Z
UgxI73rx8B3C2YYM7sJ4AaABAg,,False,@زهراءالموسوي-ر7ز,Nice,0,2024-10-16T17:03:18Z,2024-10-16T17:03:18Z
UgzSoJLlZygEvLtgCyp4AaABAg,,False,@charonpluto5,The best gift 🥹🥹🤍🤍. Our queen dahyun.  Love you soo much 🤍🤍,1,2024-10-16T17:02:48Z,2024-10-16T17:02:48Z
UgzcaE2DOWFJdQGwAyt4AaABAg,,False,@nanubalakundan9825,Thank  you for your hardwork <3,0,2024-10-16T17:02:03Z,2024-10-16T17:02:03Z
UgwJ07B7k_S5EAoIbTN4AaABAg,,False,@ジョンニャン,🥺,0,2024-10-16T17:00:36Z,2024-10-16T17:00:36Z
UgxSpzc1rexW3mNCzCZ4AaABAg,,False,@cocomelonce,"Dahyun is such a wonderful and complete ace! She composes, writes, acts, sings, raps, dances, plays guitar, piano, electric guitar... and has a heart of gold! She is the best person in the world",1,2024-10-16T16:59:25Z,2024-10-16T16:59:25Z
UgyZ5ntvtEsm28Q13YJ4AaABAg,,False,@kah.olivieira7776,My and forever baby❤,0,2024-10-16T16:58:55Z,2024-10-16T16:58:55Z
UgwbIvak-3brDgDHtrt4AaABAg,,False,@whoistzuyu,talented Dahyun 🤍,0,2024-10-16T16:58:42Z,2024-10-16T16:58:42Z
UgyvAZ8thN5CQWY_xRZ4AaABAg,,False,@icedubu5939,Gago ang sarap sa tenga 😭💕 KIM DAHYUNNN,0,2024-10-16T16:58:28Z,2024-10-16T16:58:28Z
UgzC1v5Mp0wwZIKH4lx4AaABAg,,False,@三角アップルパイ,ダヒョンの声ってなんかいいんだよな耳に残るっていうか,0,2024-10-16T16:57:22Z,2024-10-16T16:57:22Z
Ugy5SlNVruUkBvISjo94AaABAg,,False,@juliedolana1265,Hearing Dahyun's voice at the end of a tiring day heals me.,0,2024-10-16T16:57:07Z,2024-10-16T16:57:07Z
Ugy1ZgKG59A7x0kFr_54AaABAg,,False,@whoistzuyu,coming back every time someone likes,0,2024-10-16T16:56:02Z,2024-10-16T16:56:02Z
Ugzs3YMJbE_qFLgHSbN4AaABAg,,False,@TitaniaErzaScarlet,다현너무이쁘고노래잘부른다,1,2024-10-16T16:55:29Z,2024-10-16T16:55:29Z
UgwaVDZ74HriwWlQXjV4AaABAg,,False,@reymar11,My wife ❤,1,2024-10-16T16:55:18Z,2024-10-16T16:55:18Z
Ugz8HSTfj-SX7BB-D6p4AaABAg,,False,@Charlie-eg9qr,Dahyun I LOVE U,0,2024-10-16T16:55:13Z,2024-10-16T16:55:13Z
Ugxziapx27DMtg6XH6h4AaABAg,,False,@Ray_Wood_1984,love love love,0,2024-10-16T16:54:27Z,2024-10-16T16:54:27Z
UgwoR2dvzqQ2UmUpZjt4AaABAg,,False,@Misscorpio98,I love you Dahyun 🤍🤍🤍,0,2024-10-16T16:54:15Z,2024-10-16T16:54:15Z
Ugw35pt3hmCDJ85sd2d4AaABAg,,False,@김성진-c8b,저 꾸밈없이 순수한 목소리가 너무 귀를 즐겁게 만드네요,4,2024-10-16T16:53:38Z,2024-10-16T16:53:38Z
Ugwdrfl6JJgcr26GOsl4AaABAg,,False,@ヒ-e5i,タヒヨン🌸さん、シンガーソングライターデビュー👩‍🎤ですね♪,0,2024-10-16T16:52:56Z,2024-10-16T16:52:56Z
UgxCD1pB-aUBq1_Nqhd4AaABAg,,False,@franche4761,I love you Dahyun 🤍. You make my day better,1,2024-10-16T16:52:46Z,2024-10-16T16:52:46Z
Ugw65wFwHln2V_InKaJ4AaABAg,,False,@AmalAmal-wm8bl,Our all-rounder Kim dahyun 🤍,0,2024-10-16T16:52:31Z,2024-10-16T16:52:31Z
UgzNbX821iG2unP1En94AaABAg,,False,@blakemorales_22,DUBUUU🥹🤍🤍🤍,0,2024-10-16T16:50:34Z,2024-10-16T16:50:34Z
UgyeLG5Fi757zVvAAd14AaABAg,,False,@ppwebber,감미롭다,0,2024-10-16T16:50:06Z,2024-10-16T16:50:06Z
UgxMzskJafn-4BckUDd4AaABAg,,False,@jeromedebbarma-g3o,"yooooooo.. 😘😘😘😘yipppiiiii its our fav. 😋😋*the snow white princess* dahyun.
hurraaay🥳🥳🥳🥳🥳🥳🥳🥳🥳",1,2024-10-16T16:50:00Z,2024-10-16T16:50:00Z
Ugz0G3NQZU99aPrhfkB4AaABAg,,False,@Lostpurpledragon,"I love Dahyun so much she's amazing, kindhearted and talented. Those vocals are just heavenly",16,2024-10-16T16:49:20Z,2024-10-16T16:49:20Z
Ugz36_liVd4dv2qNCmp4AaABAg,,False,@serematuro939,TE AMOOOOOOOOOOOOOOOOOOO,0,2024-10-16T16:49:08Z,2024-10-16T16:49:08Z
Ugxs6BOnCatGztoDM1l4AaABAg,,False,@Stepan_H,"👍👌👏🙇
💖",0,2024-10-16T16:47:50Z,2024-10-16T16:47:50Z
Ugx4nqcdX8sC6abVyxp4AaABAg,,False,@ViridiananoeliaLopezlopez,i love it,0,2024-10-16T16:46:55Z,2024-10-16T16:46:55Z
Ugz6nMBFIi5iFVVOg-h4AaABAg,,False,@HearnYT,Dahyun is amazing,0,2024-10-16T16:46:53Z,2024-10-16T16:46:53Z
UgzdmWiuHNIwbgFClrR4AaABAg,,False,@TiffanyBayas,DAHYUN I LOVE YOU 💗,0,2024-10-16T16:46:38Z,2024-10-16T16:46:38Z
UgxSSNz7-H90rXlUD7N4AaABAg,,False,@mikky1115,just listening to her voice makes me cry LIKE?! the emotions in her voice?!? 😭,1,2024-10-16T16:46:13Z,2024-10-16T16:46:13Z
UgzNZStfq4IYnzJCJ-V4AaABAg,,False,@vul3196_ssc,金多賢可以出solo嗎好好聽,0,2024-10-16T16:45:13Z,2024-10-16T16:45:13Z
Ugyg08wMXm68YB4a3Dd4AaABAg,,False,@mikky1115,crying real tears my beloved 🥺🥺🥹🥹🥹,0,2024-10-16T16:45:09Z,2024-10-16T16:45:09Z
UgxVIByBFcHfOGLER_14AaABAg,,False,@chanelle3000,Dahyun just makes me smile and feel happy❤ I love her musical nature💕,1,2024-10-16T16:45:03Z,2024-10-16T16:45:03Z
Ugy00eHWux4SHUUlTrB4AaABAg,,False,@cleide3949,te amo vida ❤,0,2024-10-16T16:45:00Z,2024-10-16T16:45:00Z
Ugxhkw4bx1dWyMi9igB4AaABAg,,False,@No199-y6x,So beautiful,0,2024-10-16T16:44:28Z,2024-10-16T16:44:28Z
UgyfNdXFzlsvqe_d1Nh4AaABAg,,False,@No199-y6x,Amazing,0,2024-10-16T16:44:16Z,2024-10-16T16:44:16Z
UgyYoPuLjpd6sSEFEOp4AaABAg,,False,@No199-y6x,wwooowww,0,2024-10-16T16:44:08Z,2024-10-16T16:44:08Z
UgzpURe5OavIfNAAjUl4AaABAg,,False,@francoaguirre7441,Pure Talent 👀💘,0,2024-10-16T16:43:31Z,2024-10-16T16:43:31Z
Ugx_Jub9Vn6rnWFpWsJ4AaABAg,,False,@박우진-v5t,멤버들의 반응이 궁금해요,1,2024-10-16T16:43:21Z,2024-10-16T16:43:21Z
Ugx0SZfWC-ndo8wdFDl4AaABAg,,False,@misanakim2370,Every like will bring me back to this masterpiece.,1,2024-10-16T16:43:02Z,2024-10-16T16:43:02Z
UgwSNRovfOkn3pmG4MN4AaABAg,,False,@Öylesinebiri35,"She is very natural, very beautiful and very talented.❤",1,2024-10-16T16:41:51Z,2024-10-16T16:41:51Z
UgyofGI411Gf9PNg9xp4AaABAg,,False,@Johndoe-dl3dc,"What???? When did you learn guitaring????? By the way, your voice makes me calm down  cause soooo soft🤍🤍 Really love you🤍🤍",1,2024-10-16T16:41:28Z,2024-10-16T16:43:23Z
UgwMyRl5uUV8NxI3QNl4AaABAg,,False,@crescent-d4w,"ダヒョンちゃんって本当に多才だなって思うけど、その分見えない所で物凄い努力してるって事なんよね。

本当に感謝しかないよ。ありがとう😢",22,2024-10-16T16:41:26Z,2024-10-16T16:41:26Z
UgxaCre_IFDNFrB0Eth4AaABAg,,False,@lesterbinas809,DAHYUN SOLO next pls,2,2024-10-16T16:41:17Z,2024-10-16T16:41:17Z
UgwdK_s4YaDH0MWVQwV4AaABAg,,False,@mateusdecarvalho1275,TALENT!!!,1,2024-10-16T16:40:58Z,2024-10-16T16:40:58Z
UgwoJf2064wfZxFnA8J4AaABAg,,False,@meimarsella,The way non Once don't know how all-rounder she is..,1,2024-10-16T16:40:50Z,2024-10-16T16:40:50Z
UgxzXao91MR9Vc_1qDB4AaABAg,,False,@mycreat5976,You are the best bae 🤍🤍,1,2024-10-16T16:40:47Z,2024-10-16T16:40:47Z
Ugzxz10h_O9uL4G0Sv94AaABAg,,False,@FwuqYT,oh our Dubu is so special 🤍,1,2024-10-16T16:40:43Z,2024-10-16T16:40:43Z
UgzuPicDSb0_vK1VLsx4AaABAg,,False,@heavenh1120,all rounder Kim dahyun,2,2024-10-16T16:40:35Z,2024-10-16T16:40:35Z
UgzOaDvPWBG5twcqp8l4AaABAg,,False,@jasoncordero4663,❤❤❤❤❤❤,1,2024-10-16T16:40:33Z,2024-10-16T16:40:33Z
UgwKv5RR6ysbgnvR0uV4AaABAg,,False,@twicenmixx-ew3lq,🥹🥹🥹😲💯❤️🩷🧡💛💚💙🩵💜 아니 헐.. 다현 언니 못하는게 뭐야!! 대박이다!! 기타 치는 모습 처음 봤어... 진짜 대박..! ???? 내가 갖고 있는 기타랑 비슷하게 생겼어...! 아니 똑같나..? 나도 다시 연습 해봐야겠다!! 언니 고마워!! 다현 언니 만능 두부!! ❤ 언니가 부르는 노래가 참 달달해서 귀가 사르르 녹아내려 행복한 하루 하루 보내자! ❤ TWICE & ONCE forever!,1,2024-10-16T16:39:59Z,2024-10-16T17:10:02Z
Ugy77tlr41kMTUqe19V4AaABAg,,False,@jodeedapitan8941,KUHANG KUHANG MO NANAMAN AKO KIM DAHYUN!!!,3,2024-10-16T16:39:03Z,2024-10-16T16:39:03Z
UgzDMfOCQP_L6Ze6ReB4AaABAg,,False,@josephine5560,김Star is back!⭐️,4,2024-10-16T16:39:02Z,2024-10-16T16:39:02Z
UgwKJYuGlA6M5BaVuLR4AaABAg,,False,@lesterbinas809,She's perfect.,6,2024-10-16T16:38:45Z,2024-10-16T16:38:45Z
Ugx1k4m7MtYVHKrpqFh4AaABAg,,False,@I_amh_ere04,SO SOFT,1,2024-10-16T16:38:43Z,2024-10-16T16:38:43Z
Ugx_Q7dJLraDF8ppCRF4AaABAg,,False,@RebornRockerVids,"I fell in love with you even more, Dahyun 🥰",1,2024-10-16T16:38:38Z,2024-10-16T16:38:38Z
Ugzh9szzA5rrpfxADTx4AaABAg,,False,@lia.mi9-MTO,her voice 💯✨,0,2024-10-16T16:37:23Z,2024-10-16T16:37:23Z
UgxgOMI20wmy0R7XJQ14AaABAg,,False,@jodeedapitan8941,MY FOREVER LOVE!🥹❤️❤️,0,2024-10-16T16:37:22Z,2024-10-16T16:37:22Z
UgwIL3V_DdixcPOQgz94AaABAg,,False,@leochaeng3322,Eres increíble Dahyun 🥹🥹🤍🤍🤍🤍,0,2024-10-16T16:36:22Z,2024-10-16T16:36:22Z
UgyHt7Rg4qhsIJWpnCp4AaABAg,,False,@AnatolChyzh,It's impossible not to fall in Love with so talented and charming Queen Dahyun 🤍!,31,2024-10-16T16:36:04Z,2024-10-16T16:36:04Z
Ugwry2R1Uv7TG_xQtGV4AaABAg,,False,@SK_DC,Thank you 😊,1,2024-10-16T16:36:01Z,2024-10-16T16:36:01Z
UgxqAxuRwIiXQB9zuAV4AaABAg,,False,@najeongmosajimidachaetzu1909,Our golden star❤❤,3,2024-10-16T16:35:45Z,2024-10-16T16:35:45Z
UgwnrSLogQf23t8lqil4AaABAg,,False,@Just_Ella.0.0.,Dahyun unnie calm voice is so healing to listen,1,2024-10-16T16:35:29Z,2024-10-16T16:35:29Z
UgzKTb_csMLqOZdGQwp4AaABAg,,False,@김현수-l5j8m,기다렸어요. 피아노도 해주면 좋겠다. 감미로ㅂ다. 너무 좋아.,2,2024-10-16T16:34:54Z,2024-10-16T16:34:54Z
UgxHMcFSqAyj6DWuu9d4AaABAg,,False,@rrreeeddd1321,Dahyunaaa 🥹🤍,1,2024-10-16T16:34:28Z,2024-10-16T16:34:28Z
UgzCsY4GL55h-lkXP7h4AaABAg,,False,@adriannamunozrodriguez7600,"Beautiful, she always has been a multi talent person, I love her❤❤",1,2024-10-16T16:34:02Z,2024-10-16T16:34:02Z
UgzKYwlF--oX4L8Z1ex4AaABAg,,False,@ItsOnce_mat,Dayhun is a super talented woman💕,2,2024-10-16T16:33:57Z,2024-10-16T16:33:57Z
Ugyx6nCIUHJVQJN1eC54AaABAg,,False,@SirHelik,It seems as if the whole world has stopped to enjoy the charming and soft voice of the beautiful Dahyun 🤍!,14,2024-10-16T16:33:30Z,2024-10-16T16:33:30Z
Ugzm7kB1V2mUlSAKaJZ4AaABAg,,False,@WITFITMAN.,LOVE DAHYUN 🤟🏻💟💟💟💟💟💟💟,0,2024-10-16T16:33:03Z,2024-10-16T16:33:03Z
UgxhyGSef6OHt1jp99J4AaABAg,,False,@iziaaaxx,🤍🤍,0,2024-10-16T16:33:03Z,2024-10-16T16:33:03Z
UgxQ4Rqqz_EoFsx-4vV4AaABAg,,False,@chirer0306,多賢快SOLO吧!,0,2024-10-16T16:32:54Z,2024-10-16T16:32:54Z
UgxJIkOepNgle61f9AZ4AaABAg,,False,@DominicCardenasdjc,That was beautiful  🥲🥲🥹🥹,0,2024-10-16T16:32:45Z,2024-10-16T16:32:45Z
UgyNEdxmFti-k9YlArN4AaABAg,,False,@lalalarisa__f,dahyunnie 👏🏼👏🏼👏🏼👏🏼👏🏼,0,2024-10-16T16:31:58Z,2024-10-16T16:31:58Z
UgxYaq9bsPaeaWtxkj94AaABAg,,False,@bayufareza,name song?,0,2024-10-16T16:30:05Z,2024-10-16T16:30:05Z
UgwDOt8lUhACQ-l46qZ4AaABAg,,False,@didikeko8474,"Dahyun ini patern petikan slapnya rapi banget ,jelas diperhitungkan.bukan kaleng-kaleng🎉",0,2024-10-16T16:29:52Z,2024-10-16T16:29:52Z
UgwUJPDik5aMBVfDQIF4AaABAg,,False,@SirSovenok,So charming Dahyun 🤍 with her beautiful and pure voice take's me to the seventh heaven !👏🤗💐,27,2024-10-16T16:29:06Z,2024-10-16T16:29:06Z
UgyF8wRixhVLedNKXmN4AaABAg,,False,@marisolgarcia9166,"Dubulubu!!!
Haz un cover de Cahuates pistaches fjdjajdjjajzjsjsjsjjzjs

TE AMO ❤❤❤❤❤❤❤❤❤❤❤❤❤",0,2024-10-16T16:28:22Z,2024-10-16T16:28:22Z
UgyF8wRixhVLedNKXmN4AaABAg.A9emBkL-EKXA9emDKtDJwl,UgyF8wRixhVLedNKXmN4AaABAg,True,@marisolgarcia9166,O de la chona xdr,0,2024-10-16T16:28:35Z,2024-10-16T16:28:35Z
Ugx0WQpAvc5n3BAH0_l4AaABAg,,False,@letissah,i love calm dahyun,5,2024-10-16T16:28:21Z,2024-10-16T16:28:21Z
UgxPy7KJmW4ZVQrNkqB4AaABAg,,False,@Airam8D,🤍🤍🤍🤍🤍🤍🤍🤍,0,2024-10-16T16:27:24Z,2024-10-16T16:27:24Z
UgxXALVSqoPL3oC7Ltx4AaABAg,,False,@2林,❤❤,1,2024-10-16T16:27:19Z,2024-10-16T16:27:19Z
Ugz-EuiEdIohsFcm74V4AaABAg,,False,@MalithSaara,"Vocalist 🎙️, Rapper 🤟, Dancer💃, Actress 📽️, TV presenter 🎤, Song writer 🎶, Model 👠, Entertainer 🤓, Pianist 🎹, Guitarist 🎸, Vloger 📢...

Our Dahyun  is a talent Package 💖 ආදරෙයි..",2,2024-10-16T16:25:47Z,2024-10-16T16:29:02Z
UgygDCPMH_XesHXWJ5l4AaABAg,,False,@shakychan9775,"Dahyun es tan talentosa, te amo Dahyun ✨️💗",1,2024-10-16T16:25:18Z,2024-10-16T16:25:18Z
UgxrzvM-h_T20dhUYHV4AaABAg,,False,@Heaves481,Wowwwwww! thank you for sharing this SINGLE! It’s absolutely beautiful. Eat and rest well. 💕🐦‍🔥🫶🏻,1,2024-10-16T16:25:11Z,2024-10-16T16:25:11Z
Ugzop7wQ14GFi0Lrtit4AaABAg,,False,@Victor_J_Craft,다현🤍 천사가 너무 아름답게 연주해서 이 모든 아름다움을 표현할 말이 부족해요!❤️‍🔥😤🍭,31,2024-10-16T16:25:01Z,2024-10-16T16:25:01Z
UgyLSszXYa6xirxpVhB4AaABAg,,False,@chaeng2x,Kim Star surprise comeback! 🤍,25,2024-10-16T16:24:43Z,2024-10-16T16:24:43Z
UgyLSszXYa6xirxpVhB4AaABAg.A9ellyuOBbfA9eynICBLJp,UgyLSszXYa6xirxpVhB4AaABAg,True,@TwiceAddict-pp8ds,This time not as a 50 year old! Lol😂,2,2024-10-16T18:18:30Z,2024-10-16T18:18:30Z
UgyLSszXYa6xirxpVhB4AaABAg.A9ellyuOBbfA9j5VblnWCA,UgyLSszXYa6xirxpVhB4AaABAg,True,@ChauNguyen-wi5pe,I say the same thing Kim star is back,0,2024-10-18T08:42:48Z,2024-10-18T08:42:48Z
UgxEip_vUqU9x7sl6p94AaABAg,,False,@majinvegeta4981,"Te amo Dubu ❤
Por ti le hecho ganas a la vida 😊",1,2024-10-16T16:24:26Z,2024-10-16T16:24:26Z
UgxlREBr1_rZL0QlvZV4AaABAg,,False,@MinatozakiAegyo,"So cool, so talented and so amazing music and vocal from our charming and beautiful Angel Dahyun 🤍!😍",10,2024-10-16T16:24:09Z,2024-10-16T16:24:09Z
Ugz1088DK70cYErcGs14AaABAg,,False,@MrLCSawyer,ARTISTA DEMAIS❤❤❤❤❤❤,0,2024-10-16T16:23:50Z,2024-10-16T16:23:50Z
UgzlAJvSKmtFwqhiMqF4AaABAg,,False,@xavybazam,Dahyun is so talented,2,2024-10-16T16:23:06Z,2024-10-16T16:23:06Z
Ugxym3BRqDBlg_PsTBZ4AaABAg,,False,@eduardorojascordero6158,Mi Poderosísima Dahyun❤❤,0,2024-10-16T16:23:01Z,2024-10-16T16:23:01Z
UgyB2-DwJUl5AEaMZHl4AaABAg,,False,@mariatiburcio5915,Hermosa voz.,1,2024-10-16T16:22:48Z,2024-10-16T16:22:48Z
UgxaPoD8SoayBs0Dymh4AaABAg,,False,@TakanekoN,Thanks for the comforting voice!,0,2024-10-16T16:22:39Z,2024-10-16T16:22:39Z
UgwfJVni9mAsJqTzs3l4AaABAg,,False,@sanashyshy_tr,DUBUUUUUU,0,2024-10-16T16:22:39Z,2024-10-16T16:22:39Z
Ugz9cyFLSf-wmje3dYR4AaABAg,,False,@yesicarendon6292,so relaxing thanks for the cover 😊,1,2024-10-16T16:22:29Z,2024-10-16T16:22:29Z
UgyLOHB2ayHxxYFmwK14AaABAg,,False,@AdeDancok,Dahyun saranghe,0,2024-10-16T16:21:58Z,2024-10-16T16:21:58Z
Ugy0mI2h5MuifhwFcDp4AaABAg,,False,@NOUR11QS,heartwarming & just when i needed it ^^,1,2024-10-16T16:21:52Z,2024-10-16T16:21:52Z
Ugyx4naFzkNDgx8m2314AaABAg,,False,@kimk9581,our talented queen,1,2024-10-16T16:21:43Z,2024-10-16T16:21:43Z
UgwIcy_tY-sAeSZMKut4AaABAg,,False,@shining_light2610,KIM DAHYUN PERFECT❤,1,2024-10-16T16:21:29Z,2024-10-16T16:21:29Z
UgxTV7rBda8zwDWWqRJ4AaABAg,,False,@Ohana9999,Dahyun album WHEN!!!!🫶🫶🫶,2,2024-10-16T16:21:22Z,2024-10-16T16:21:22Z
UgzxASX1uORqsJ8xOY14AaABAg,,False,@ruthgoldenstar6493,Beautiful voice 😍,1,2024-10-16T16:21:02Z,2024-10-16T16:21:02Z
Ugz3V2Wr_Kk7n5bo13t4AaABAg,,False,@Paintslashgaming,My Bias is one of the most talented humans in this world!! <3,1,2024-10-16T16:20:45Z,2024-10-16T16:20:45Z
UgzQPw3Fv5D9y5eUdU54AaABAg,,False,@marchellaputri23,Amazing 🎉❤,0,2024-10-16T16:20:39Z,2024-10-16T16:20:39Z
UgysHdtlNVkIIB2tlwt4AaABAg,,False,@miyayeah_14,Y esta canción? :0 dahyun tu voz en tan hermosa,1,2024-10-16T16:20:38Z,2024-10-16T16:20:38Z
UgzET2RqrMd84MUvAHZ4AaABAg,,False,@Ohhbboykevin,multi talented queen dahyun 🤍🤍🤍,1,2024-10-16T16:19:29Z,2024-10-16T16:19:29Z
Ugx-oYbQoYAo_coQell4AaABAg,,False,@Ohhbboykevin,"i love you dahyun, you voice is so comforting.",1,2024-10-16T16:18:58Z,2024-10-16T16:18:58Z
Ugx0P7RBSgi1WsyMK0F4AaABAg,,False,@andrecafe4723,Wonderful Dubu!!,0,2024-10-16T16:18:51Z,2024-10-16T16:18:51Z
UgyQHUx0PXJZAj7mlOh4AaABAg,,False,@astridjulissageronimogarci6162,Hermosa mi dubu😍,0,2024-10-16T16:18:25Z,2024-10-16T16:18:25Z
UgzdtSEGBG6lpH7Zukd4AaABAg,,False,@twce0nce,TE AMO DAHYUN 🤍🤍🤍,0,2024-10-16T16:18:07Z,2024-10-16T16:18:07Z
Ugw2604XVdDRyrZPu9N4AaABAg,,False,@farhaannazri757,Dahyun Queen ❤❤❤❤❤❤❤,0,2024-10-16T16:17:16Z,2024-10-16T16:17:16Z
UgyMguXMHvVZwHz6CM94AaABAg,,False,@sofisofi7628,Beautiful voice,0,2024-10-16T16:15:59Z,2024-10-16T16:15:59Z
UgxHz14KDldUcriYyt14AaABAg,,False,@nicasiorarangol5348,She's so talented and beautiful,0,2024-10-16T16:15:59Z,2024-10-16T16:15:59Z
UgxqBmHV-Fxde9c11_d4AaABAg,,False,@kubraq718,she is my first first love,0,2024-10-16T16:15:38Z,2024-10-16T16:15:38Z
UgymkF-_W1a2rHmSBmp4AaABAg,,False,@nagiiiiilf,歌詞の意味はわからないまま聴いたけど、なぜか好きな人のことを思いました😌,42,2024-10-16T16:15:27Z,2024-10-16T16:15:27Z
UgyHhTHDkQ-F6Js2t5F4AaABAg,,False,@JeongMo-k8k,"beatiful cover, you are amazing dahyun 🤩",1,2024-10-16T16:15:21Z,2024-10-16T16:15:21Z
UgyLR0_0pvcHwTQBo-h4AaABAg,,False,@mvedrama,😍 I love you Dahyun ❤,0,2024-10-16T16:15:12Z,2024-10-16T16:15:12Z
UgxS711FjkEHvD0pEpV4AaABAg,,False,@virgiliogomez6842,Que bonito canta 🥺,0,2024-10-16T16:15:04Z,2024-10-16T16:15:04Z
UgzTmYtiUhVzmoRzjiB4AaABAg,,False,@Alfonso_ramirez,"Estoy seguro que su proyecto en solitario será acústico, es su estilo totalmente y sobre todo tiene una voz muy hermosa para interpretar baladas, gracias kim Dahyun!!! Por darnos el privilegio de apreciar tu talento 🤍",1,2024-10-16T16:14:54Z,2024-10-16T16:14:54Z
UgwbGpxgQCH9OcSd4v14AaABAg,,False,@sofisofi7628,"Tiba-tiba banget ngecover, ahh adem banget dubu voice",0,2024-10-16T16:14:53Z,2024-10-16T16:14:53Z
UgzB_DzZjkgC9S8gpyV4AaABAg,,False,@kubraq718,müthişsin ya çok güzelsin,0,2024-10-16T16:14:36Z,2024-10-16T16:14:36Z
UgxZXuAqdnJ5_DqGwDJ4AaABAg,,False,@kubraq718,ablacım iyi olmadığın bir konu var mı,0,2024-10-16T16:14:10Z,2024-10-16T16:14:10Z
Ugwj8hdga2IRnRiMsfF4AaABAg,,False,@Sir_Helik,다영🤍너의 매력적인 목소리와 재능있는 기타 연주로 인해 будто 당신의 천상 연주를 들으며 세상이 꽁꽁 얼어붙을 정도로 따뜻하고 아늑한 분위기!👏💖🤗,29,2024-10-16T16:14:03Z,2024-10-16T16:14:03Z
UgwHBLt8IvOuiMFrTCB4AaABAg,,False,@Alfonso_ramirez,"Podría escuchar esto todo el día, Dahyun tiene una voz demasiado linda, podría afirmar que así es como suena el canto de Los Ángeles 🥰",0,2024-10-16T16:14:03Z,2024-10-16T16:14:03Z
Ugw-dhNoi2-1YnQmj394AaABAg,,False,@kodezarkeningau2402,TWICE DAHYUN ❤❤❤,0,2024-10-16T16:13:45Z,2024-10-16T16:13:45Z
UgzByw-8stYtwsfRJxF4AaABAg,,False,@rubensnunes0111,,0,2024-10-16T16:13:44Z,2024-10-16T16:13:44Z
UgzP7ix0S01fmo1e26N4AaABAg,,False,@TygerBlueEyes,Amazing — Twice has so much talent— The mighty Dahyun hits out of the park again.,0,2024-10-16T16:13:39Z,2024-10-16T16:13:39Z
UgzzpWWHEd8OYrNR_614AaABAg,,False,@moamarlimbona6400,Dahyun so talented she know all it❤️😲,0,2024-10-16T16:13:38Z,2024-10-16T16:13:38Z
UgzjV6Hg8f5QwdoXhSF4AaABAg,,False,@brlee6431,또다시 몰래 찾아온 다현이의 선물❤ 너무 따뜻하다❤,18,2024-10-16T16:13:09Z,2024-10-16T16:13:09Z
UgwVYW1bepA8fBbU5W94AaABAg,,False,@vitoriamorais7564,i love u dahyunnnnnnn <3 <3 <3,0,2024-10-16T16:12:59Z,2024-10-16T16:12:59Z
UgwsvP6YQWzCGz2zggZ4AaABAg,,False,@jeffumytofu318,멋진 커버를 만들어주신 다현님께 감사드립니다. 당신은 정말 재능이 있고 나는 당신을 정말로 존경하고 사랑합니다. 🥰🤍👏,0,2024-10-16T16:12:57Z,2024-10-16T16:12:57Z
UgyfksVf1kMtb3H29454AaABAg,,False,@賀来梨花,cute & heaven,0,2024-10-16T16:12:47Z,2024-10-16T16:12:47Z
UgyOZB1Ke-aObjrLlrF4AaABAg,,False,@Luaysiel,my girl is really an ace ily Dahyunnn,0,2024-10-16T16:11:57Z,2024-10-16T16:11:57Z
UgzQ3lZWOSoFsLs4u_t4AaABAg,,False,@vickysuvarna3983,"Genuinely speaking,if dahyn worked solo she's been more successful thn the group,she really wasted her so precious talent ...feels bad for her ❤",1,2024-10-16T16:10:53Z,2024-10-16T16:10:53Z
Ugx2z__Rm2-v-sIww2V4AaABAg,,False,@bubbleyesana,Dahyun has such beautiful vocals! 🍫🤍,0,2024-10-16T16:10:32Z,2024-10-16T16:10:32Z
UgzXVyyccKIlS2aK3P54AaABAg,,False,@ryulover-zq8yw,TALENTOSA LINDA,0,2024-10-16T16:09:53Z,2024-10-16T16:09:53Z
UgzYjj5hOued1gcZBeB4AaABAg,,False,@johnnyfuture3524,"더 제발, 더 !!!!!",12,2024-10-16T16:09:39Z,2024-10-16T16:09:39Z
UgwUYwL177MKTnBeFr14AaABAg,,False,@edgarhernandez5428,FIRST LOVE - DAHYUN  🥰🥰,0,2024-10-16T16:09:32Z,2024-10-16T16:09:32Z
Ugwo6LNeYJ9B43zj3R14AaABAg,,False,@paul1brian,dahyun 🥰,0,2024-10-16T16:09:16Z,2024-10-16T16:09:16Z
UgwM-NOKKsWoz1uudw94AaABAg,,False,@issyfooltowar4716,ステキ,0,2024-10-16T16:09:14Z,2024-10-16T16:09:14Z
Ugxz45mlOiU7V-mwvGN4AaABAg,,False,@chaeyoung57896,Dahyun be safe and very healthy the once family loves you so much fighting 🤍🤍🤍🤍,2,2024-10-16T16:09:11Z,2024-10-16T16:09:11Z
UgxOk9jdqcnVKwHMw014AaABAg,,False,@spidey6491,KIM STAR DEBUT!!!!!,0,2024-10-16T16:08:26Z,2024-10-16T16:08:26Z
UgzZYpIgE6gRd1hN9X94AaABAg,,False,@daisyY10,Aaaa bagusssssss,0,2024-10-16T16:08:06Z,2024-10-16T16:08:06Z
UgwsT9QyVwwyE0DmZ5d4AaABAg,,False,@TwiceLuv,완벽한 그녀,2,2024-10-16T16:08:01Z,2024-10-16T16:08:01Z
Ugx8OYfxUf4XN1eq5Lh4AaABAg,,False,@mmichaenng,Love u,0,2024-10-16T16:07:55Z,2024-10-16T16:07:55Z
UgyAc0sjl8pqoZlnp4d4AaABAg,,False,@kvin_cw,솔로 데뷔 기다릴게요,0,2024-10-16T16:07:39Z,2024-10-16T16:07:39Z
Ugw-9kS6zyaU49SY0mN4AaABAg,,False,@laratareaccion,TE AMO DAHYUN 😍😍😍😍😍😍,0,2024-10-16T16:07:23Z,2024-10-16T16:07:23Z
Ugzsnj_tlu18B53wUnF4AaABAg,,False,@GadyShbily,"I love Dahyun 
I am from saudi arabia🍭💗💜",0,2024-10-16T16:07:21Z,2024-10-16T16:07:21Z
UgxmJJerJdiX7uJpwIZ4AaABAg,,False,@daisyY10,"Dubu keren banget, canduu",1,2024-10-16T16:06:59Z,2024-10-16T16:06:59Z
UgxDQ9pzzcf1tiSwTRF4AaABAg,,False,@k1ttyluvs466,te amo dahyun 💘💘💘,0,2024-10-16T16:06:59Z,2024-10-16T16:06:59Z
Ugwl7PFPjc--j5kphGl4AaABAg,,False,@PutriDiana-t8g,I was so touched hearing the soft sound of a guitar strumming it was so cool. Come on Kim Dahyun do your best,5,2024-10-16T16:06:51Z,2024-10-16T16:06:51Z
UgwDPy2aleeHL7BxlbN4AaABAg,,False,@daisyY10,"Aaa tiba-tiba cover lagu, bagus banget dubu huaaaaa",1,2024-10-16T16:06:41Z,2024-10-16T16:06:41Z
UgxP88Rs7K4YfE2XNzV4AaABAg,,False,@ナンシーパイセン,多才すぎ🎉,0,2024-10-16T16:06:40Z,2024-10-16T16:06:40Z
UgxBBx__3GtUMVnfeX54AaABAg,,False,@yonski,❤❤❤,0,2024-10-16T16:06:22Z,2024-10-16T16:06:22Z
Ugx2vvkm_dNS7tIJ_wd4AaABAg,,False,@둡랑둥이,알럽둡❤,0,2024-10-16T16:06:22Z,2024-10-16T16:06:22Z
UgyDzUBIkgZBBfzLHBJ4AaABAg,,False,@Jennifer._.071,Omg this so cool 🌸💫,0,2024-10-16T16:06:06Z,2024-10-16T16:06:06Z
UgzanQFjL-jHnOrh0Lt4AaABAg,,False,@りょうち-i6l,上手く言葉には言い表せないけど、凄く引き込まれる存在です。心の綺麗さが顔や声全てに出てる。,3,2024-10-16T16:06:02Z,2024-10-16T16:06:02Z
UgxSzhn61m3REIlCSRl4AaABAg,,False,@kentotaba465,❤❤,0,2024-10-16T16:05:54Z,2024-10-16T16:05:54Z
Ugy_HW4_EtRTT-0HFFh4AaABAg,,False,@Cheonsong99,又有才華又溫柔的多賢啊🤍,0,2024-10-16T16:05:15Z,2024-10-16T16:05:15Z
Ugxpbbbd0WPuOSxnhdF4AaABAg,,False,@chaeyoung57896,Dahyun 🤍🤍🤍🤍🤍,1,2024-10-16T16:04:37Z,2024-10-16T16:04:37Z
Ugxnmy3R4ZD0tOw7vph4AaABAg,,False,@beautifulraccoon,The best girl. Treasure. My only one. My love,2,2024-10-16T16:04:21Z,2024-10-16T16:04:21Z
Ugzi3uZneGYA5tMyAJt4AaABAg,,False,@vendavalemi,Dahyun's talent and beauty is amazing. I'll send all my love to you😢❤,3,2024-10-16T16:03:55Z,2024-10-16T16:03:55Z
UgzPZcH9mLKDvnU4M-54AaABAg,,False,@malukoloko53,Dubu❤,0,2024-10-16T16:03:48Z,2024-10-16T16:03:48Z
UgxwOPukSKAi0eE0NWp4AaABAg,,False,@ramdhansuciptosurahman8790,"keren banget dahyun 😊
jadi pengen liat kalo twice nyobain kek akustikan gitu seru banget keknya",1,2024-10-16T16:03:39Z,2024-10-16T16:03:39Z
UgxMilRL0ySIWL0fjjx4AaABAg,,False,@secret9717,Another sung by an angel,0,2024-10-16T16:03:34Z,2024-10-16T16:03:34Z
Ugz4ejSNHxYX3ukHokB4AaABAg,,False,@SenandungTanpaIrama,Apa elo tega,0,2024-10-16T16:03:29Z,2024-10-16T16:03:29Z
UgwN48jqt88JH6laez54AaABAg,,False,@kengogo510,なんて透き通った美しい声なんだろう。,0,2024-10-16T16:03:20Z,2024-10-16T16:03:20Z
Ugy2kUXawHfvYwkqT794AaABAg,,False,@KingFB,❤❤❤,0,2024-10-16T16:03:03Z,2024-10-16T16:03:03Z
Ugzkou9AzwXedJ1C9pp4AaABAg,,False,@الديفا_رينون,داهيون و البيانو وين راح !!! زعلت منس,0,2024-10-16T16:02:33Z,2024-10-16T16:02:33Z
UgxgMh6FEpSKKQbwE3l4AaABAg,,False,@riskinurrahmiyanti2380,Tiba tiba main gitar❤😂,0,2024-10-16T16:02:02Z,2024-10-16T16:02:02Z
Ugwp0sd_92DavHgZIFF4AaABAg,,False,@oscarramos6733,😍😍😍,0,2024-10-16T16:02:00Z,2024-10-16T16:02:00Z
UgzFmmhmmwXxFFREUCV4AaABAg,,False,@jang6565,I LOVE Dahyun❤,0,2024-10-16T16:01:46Z,2024-10-16T16:01:46Z
Ugxy5p_-INmTAp5bDgt4AaABAg,,False,@jonathanalex6003,My baby is always the best!! 🥰,0,2024-10-16T16:01:35Z,2024-10-16T18:11:04Z
Ugx21jfWcwLAfWKKOJh4AaABAg,,False,@SUIMNG,TWICEの活動に加えて女優業やアンバサダーのお仕事もあってめちゃくちゃ忙しいはずなのにonceに新しい姿を見せてくれるダヒョンちゃん尊敬でしかない。,0,2024-10-16T16:01:33Z,2024-10-16T16:01:33Z
Ugypfx3CmMe9W0TIywV4AaABAg,,False,@twcactus,"is this the reason why she was asking for song recommendations on bubble last week? 

dahyun is so sweet.. she made time to do this in the middle of her busy schedules 😭🤍",0,2024-10-16T16:01:24Z,2024-10-16T16:01:24Z
UgwHSVfWlDkPbwHqDNN4AaABAg,,False,@mayralau4255,So perfect,0,2024-10-16T16:00:50Z,2024-10-16T16:00:50Z
UgzOPM7d6i4NDW3bAk54AaABAg,,False,@ti-mw7vg,どこから声出てるん？😲,0,2024-10-16T16:00:12Z,2024-10-16T16:00:12Z
Ugzg5HFjjqk7vT-fN0p4AaABAg,,False,@gibirainbow1805,YOUR VOICE IS SO BEAUTIFUL!!😍😭❤️❤️,0,2024-10-16T15:59:59Z,2024-10-16T15:59:59Z
UgwOfCZMrvLPg8zuIGd4AaABAg,,False,@itzelgomez9140,"singer, rapper, musician, song-writer, actress, dancer, model and an absolute sweetheart, Kim Dahyun the woman you are!",0,2024-10-16T15:59:43Z,2024-10-16T15:59:43Z
Ugyd6rvtC6e4euIgMoN4AaABAg,,False,@iridiancruz1143,Mi bebé ❤,0,2024-10-16T15:59:11Z,2024-10-16T15:59:11Z
UgzybLvTX6LfuKnKB-F4AaABAg,,False,@Jaymz99TW,Early twice vibes~ love it,0,2024-10-16T15:58:48Z,2024-10-16T15:58:48Z
Ugw6hJuVQg9TKhm76Oh4AaABAg,,False,@momosbeer,Girl you ateeeeee!!! Love Dahyunnnn💗💗💗,0,2024-10-16T15:58:30Z,2024-10-16T15:58:30Z
Ugy_dR1K0k4_qLccP2t4AaABAg,,False,@Mey_17,Dahyun despite having a full schedule with twice and with what she is an actress still continues to pay attention to once and worry 💖,0,2024-10-16T15:58:26Z,2024-10-16T15:58:26Z
UgykosfLIbsJ0nWiEH14AaABAg,,False,@GnadaG9,"warm and gentle
soft and cozy
when it's cold outside, you warm me with your voice
thank you, DaHyun",0,2024-10-16T15:58:26Z,2024-10-16T15:58:26Z
Ugzx_7xlY-OOV9yUSp94AaABAg,,False,@anti-citon4669,Lovely Dahyun❤,0,2024-10-16T15:58:06Z,2024-10-16T15:58:06Z
Ugxv4AdN0ZTwfulMHqZ4AaABAg,,False,@mda6408,"Dahyun recital tourしてほしい‼
おチェンとのギターデュオ🎸も
見てみたい🤍❤️",0,2024-10-16T15:57:14Z,2024-10-16T15:57:14Z
UgzGUWHJDjB_d---wDt4AaABAg,,False,@성d름,앵콜로 이미 니 실력 다 아는데 얘 밀어주는 망왑은 무슨 생각머리임? 에휴,0,2024-10-16T15:56:59Z,2024-10-16T15:56:59Z
UgzGUWHJDjB_d---wDt4AaABAg.A9eiasxJs1WA9eixQFA71Q,UgzGUWHJDjB_d---wDt4AaABAg,True,@r트i스,언제적 앵콜 으휴  ㅂ.ㅅ~,0,2024-10-16T16:00:04Z,2024-10-16T16:00:04Z
UgzGUWHJDjB_d---wDt4AaABAg.A9eiasxJs1WA9ejAuafZp4,UgzGUWHJDjB_d---wDt4AaABAg,True,@r트i스,언제적 앵콜 아직도 ㅈㄹ인지..대가리는  장식인가,0,2024-10-16T16:02:02Z,2024-10-16T16:02:02Z
UgywrFYLHQaiRnDj62J4AaABAg,,False,@minarismole586,This literally cures my soul.Thank you Dahyunnie.❤,0,2024-10-16T15:56:53Z,2024-10-16T15:56:53Z
Ugyr7Wa2BZRr6xqD5Id4AaABAg,,False,@unstablekeito,"I'm so proud of you, Dubu! You're so talented! 🤍🤍",0,2024-10-16T15:56:41Z,2024-10-16T15:56:41Z
Ugx9EhnVs2xnfclDDWJ4AaABAg,,False,@Cherry_Chaes,Wow 🥹🫶🏻💓,0,2024-10-16T15:56:34Z,2024-10-16T15:56:34Z
Ugw5WpasfRwRy2zF6jV4AaABAg,,False,@lovetageesey6569,Dahyun the all rounder queen,2,2024-10-16T15:56:05Z,2024-10-16T15:56:05Z
UgyZb4X-geYoIRoM4oZ4AaABAg,,False,@parvatinair4233,"There are times when idol-fan relationships are misunderstood, especially in the context of K-pop. Many people judge or mock those who find joy and comfort in supporting idols, often questioning how someone can find happiness in individuals who are distant, unaware of their existence. I have personally experienced this, as someone close to me once dismissed my happiness in such a relationship. But I smiled through it because I understood the depth and fulfillment that this bond brings.

In difficult times, when nothing else seemed to help, I found solace in TWICE and their music, especially through ""TWICE Time to TWICE"" (TTT). Their genuine smiles and the covers they release show me that they do care, even from afar. Among all the members, Dahyun holds a special place in my heart. She stands out in a unique way, and her covers are particularly healing. The way she sings has the power to bring comfort, if not complete healing, then at least a momentary sense of peace.

I wish her nothing but happiness, health, and every blessing life has to offer. May success and joy surround her, always, as she has done for so many. For in her light, many of us have found our own.",109,2024-10-16T15:55:41Z,2024-10-16T15:55:41Z
UgyZb4X-geYoIRoM4oZ4AaABAg.A9eiSLzcXU4A9eo6TVvY8V,UgyZb4X-geYoIRoM4oZ4AaABAg,True,@theamazingraceofpascua8539,Sameeee,7,2024-10-16T16:45:07Z,2024-10-16T16:45:07Z
UgyZb4X-geYoIRoM4oZ4AaABAg.A9eiSLzcXU4A9etC1E-6nc,UgyZb4X-geYoIRoM4oZ4AaABAg,True,@leticiafs3734,TWICE's bond is beautiful🥰,7,2024-10-16T17:29:34Z,2024-10-16T17:29:34Z
UgyZb4X-geYoIRoM4oZ4AaABAg.A9eiSLzcXU4A9eu7NGYwhs,UgyZb4X-geYoIRoM4oZ4AaABAg,True,@tommyo2450,Well said.. I feel the same with all too..,6,2024-10-16T17:37:40Z,2024-10-16T17:37:40Z
UgyZb4X-geYoIRoM4oZ4AaABAg.A9eiSLzcXU4A9f_Z7LqUkM,UgyZb4X-geYoIRoM4oZ4AaABAg,True,@masterfrax6274,Well said 🎉,3,2024-10-16T23:57:12Z,2024-10-16T23:57:12Z
UgyZb4X-geYoIRoM4oZ4AaABAg.A9eiSLzcXU4A9gQPZ8z3X9,UgyZb4X-geYoIRoM4oZ4AaABAg,True,@梦雄何,"Bro I almost cried reading, Dahyun and members of twice are such a ray of light in the hard, twisted world we have",2,2024-10-17T07:47:45Z,2024-10-17T07:47:45Z
UgyI_kZGQqDgmRGubJx4AaABAg,,False,@anw321,"Thank you, Dahyun! It's always a treat to get a cover from our sweet SMC Captain. What an angelic voice. Our multi-talented, kind-hearted queen.",8,2024-10-16T15:55:30Z,2024-10-16T15:55:30Z
Ugzn86fS4sHhnzRmCzx4AaABAg,,False,@桃-v9q-q6r,マーキュリー見てる？かな,1,2024-10-16T15:55:23Z,2024-10-16T15:55:23Z
UgxnFXOaDED6CknJsox4AaABAg,,False,@playwerk,👏🥲💕,0,2024-10-16T15:55:20Z,2024-10-16T15:55:20Z
Ugyk3QpId5xkDd-koBd4AaABAg,,False,@acousticguitarADR,Thanks dahyun for the beautiful guitar and vocal cover!🤍🤍🤍,1,2024-10-16T15:54:40Z,2024-10-16T15:54:40Z
UgxImp-aSDLme2R6N3p4AaABAg,,False,@merriame9487,Dahyun's relaxing voice 😍🤍,1,2024-10-16T15:54:33Z,2024-10-16T15:54:33Z
Ugyb6RzjawqmlyF2wp14AaABAg,,False,@audrililly5894,when is the album coming out?,1,2024-10-16T15:54:30Z,2024-10-16T15:54:30Z
Ugyj7FfwgAchj7W8wbt4AaABAg,,False,@esmefrancisco9655,Dubu eres muy bonita 🌹,0,2024-10-16T15:54:27Z,2024-10-16T15:54:27Z
Ugy7HtVntsHENu09UQl4AaABAg,,False,@dubcheng0528,ダヒョンちゃんの歌声は本当に綺麗で聴いてて心地よい😍もしソロデビューする時にはバラードもアルバムに入れて欲しい！,6,2024-10-16T15:54:13Z,2024-10-16T15:54:13Z
UgxKE2bkUh0p1R1LJTB4AaABAg,,False,@tzuchu3700,Thank you dubu 🎶 🎧🥰🤍💖,1,2024-10-16T15:54:04Z,2024-10-16T15:54:04Z
UgyGbbMea-yyxPvrkeV4AaABAg,,False,@Nayeonminhamulher,Tão linda😭💕💕💕💕💕🤍🤍🤍🤍 como eu te amo tanto Dahyun 💕💕💕💕,0,2024-10-16T15:53:56Z,2024-10-16T15:53:56Z
UgxEN5uZcJ1iVib6-I94AaABAg,,False,@Gabbi_00,Minha maridaaaa ❤,0,2024-10-16T15:53:37Z,2024-10-16T15:53:37Z
UgzhbmTHQOTr_XheXeh4AaABAg,,False,@쮸-h1y,두부야.. 너무 좋아 진짜 너무 좋아 이런 예쁜 커버곡 예쁘게 불러서 올려줘서 고마워 덕분에 하루 잘 마무리 해❤,0,2024-10-16T15:53:29Z,2024-10-16T15:53:29Z
Ugxg3v-Z7pNo0VT-6eJ4AaABAg,,False,@Evegutierrezsalasgmailcom,I love u Dahyun❤❤❤,0,2024-10-16T15:53:21Z,2024-10-16T15:53:21Z
UgzZdGcCH8uElrLtvdZ4AaABAg,,False,@야호-o4l,크 좋다,3,2024-10-16T15:53:16Z,2024-10-16T15:53:16Z
Ugzy4kFn4WIt045Zin94AaABAg,,False,@okayucha__n,お肌ツルツルすぎるしおでこまるくてかわいいしずっとおでこ見ちゃって3週目くらいでちゃんと曲聞けた😂,0,2024-10-16T15:53:02Z,2024-10-16T15:53:02Z
UgyPoolflaLCeFohMsB4AaABAg,,False,@sithayann31,Dahyun unie is the best❤,0,2024-10-16T15:52:58Z,2024-10-16T15:52:58Z
Ugw3gJPHPqzKwuIwqf54AaABAg,,False,@Gullkhan1215,Love 💕💕❤🇵🇰🇵🇰😊,0,2024-10-16T15:52:56Z,2024-10-16T15:52:56Z
Ugw2byHBbbk7yVkN66d4AaABAg,,False,@florzinhadachaeng,our cute Dahyun ❤,0,2024-10-16T15:52:40Z,2024-10-16T15:52:40Z
UgxPU_oHADW-iuBNNgB4AaABAg,,False,@mmmaccco3181,最高！,0,2024-10-16T15:52:27Z,2024-10-16T15:52:27Z
Ugzccm6JeGW4sZhUexB4AaABAg,,False,@rayssa4274,"Meu sonho, é sentar no chão e apenas ouvir a Dahyun cantar e tocar qualquer instrumento. Ela é tão boa, me me ajuda acalmar a ansiedade",0,2024-10-16T15:52:24Z,2024-10-16T15:52:24Z
Ugy35H2xVV68S_smt754AaABAg,,False,@sithayann31,❤❤❤,0,2024-10-16T15:52:16Z,2024-10-16T15:52:16Z
UgzYH2Vk187kF6q0MI54AaABAg,,False,@ssseromsie,LOVE IT LOVE IT,1,2024-10-16T15:51:28Z,2024-10-16T15:51:28Z
UgygQT7ENpEGMwFszX54AaABAg,,False,@wilsonmerilles2878,"Very talented, Dubu 🫶🏻",0,2024-10-16T15:51:14Z,2024-10-16T15:51:14Z
Ugz_hL-H6zZ-qxnj1KF4AaABAg,,False,@amandabynes5993,beautiful tone <3,0,2024-10-16T15:51:13Z,2024-10-16T15:51:13Z
Ugz-zd5K6OLf0A1E1G94AaABAg,,False,@rhobbbbb_,Love it so much😍,0,2024-10-16T15:51:11Z,2024-10-16T15:51:11Z
UgwJX-APWH0ZgAKY8cd4AaABAg,,False,@emilianotrinidadosorio7909,Mis oídos fueron bendecidos,0,2024-10-16T15:50:45Z,2024-10-16T15:50:45Z
UgyTTdWjUFKorCuNRjl4AaABAg,,False,@Minarep,Qué linda!,0,2024-10-16T15:50:40Z,2024-10-16T15:50:40Z
UgwvMHPLN_abgb8tuj94AaABAg,,False,@emilianotrinidadosorio7909,Que bendición 🙏🙏,0,2024-10-16T15:50:37Z,2024-10-16T15:50:37Z
Ugy7pisnPVI1r3nrfIV4AaABAg,,False,@Bascis_of_ChaeYoung,올해 영화도 2개나 찍고 활동도 하고 한 해 내내 진짜진짜 바빴을텐데 이렇게 너무 예쁜 노래 들려줘서 고마워 이 노래는 예전에 내 친구가 기타치면서 불러줬었는데 들을 때마다 기다리다 생각 나면서 기타치면서 해줬으면 조켄네... 이랬는데 진짜 내가 김다현 첫사랑을 들을 줄이야... 월요일까지 시험기간인데 앞으로 이것만 들어야지 내가 제일 좋아하는게 다현이 음색인데 정말 잘 어울린다 너무 고맙고 9년동안 변함없이 이렇게 노래 들려줘서 고마워,124,2024-10-16T15:50:34Z,2024-10-17T07:57:47Z
Ugy7pisnPVI1r3nrfIV4AaABAg.A9ehrtmogEKA9gq453_37E,Ugy7pisnPVI1r3nrfIV4AaABAg,True,@riazkhan8984,Dahyun voice is genuinely so beautiful yet underrated!,0,2024-10-17T11:40:45Z,2024-10-17T11:40:45Z
Ugy7pisnPVI1r3nrfIV4AaABAg.A9ehrtmogEKAHvfAYtgBYj,Ugy7pisnPVI1r3nrfIV4AaABAg,True,@twonce1204,드라마까지..,1,2025-05-10T02:05:16Z,2025-05-10T02:05:16Z
Ugwrb3Qyw2ipIn-OjO14AaABAg,,False,@kas1010,tan linda tan talentosa mi corazón de melocotón 🤎🤎🤎,0,2024-10-16T15:50:33Z,2024-10-16T15:50:33Z
UgxUjBRT7-0QDXTt1ql4AaABAg,,False,@srinovi135,"Tiap hari dikasih kejutan sama dubu, cinta dubu banyak2🤍😭",0,2024-10-16T15:50:27Z,2024-10-16T15:50:27Z
Ugyioz7XsoH7muZBA7F4AaABAg,,False,@СымбатОразай-с7ж,"ДАХЁН ТАЛАН ОНЫ ӘЛЕМ КӨРУ КЕРЕК , ЕСТУ КЕРЕК ❤❤",0,2024-10-16T15:50:11Z,2024-10-16T15:50:11Z
UgzLAzGuA8DdZiGjuEp4AaABAg,,False,@galaxie_venus8906,Legend,0,2024-10-16T15:50:04Z,2024-10-16T15:50:04Z
Ugz8vdJztPuoTs_OzTp4AaABAg,,False,@СымбатОразай-с7ж,"Қыз да қылық болмаса , құр шырайдан не пайда дейді 🥹❤️",0,2024-10-16T15:49:45Z,2024-10-16T15:49:45Z
Ugweh5J_7Z7cSYlKZkF4AaABAg,,False,@Johnkingkid,Dahyun did amazing,0,2024-10-16T15:49:43Z,2024-10-16T15:49:43Z
UgyfTJ2Mza_QkeyWyI94AaABAg,,False,@游鎮羽-u6r,Feel Peace 😊,0,2024-10-16T15:49:43Z,2024-10-16T15:49:43Z
Ugxufe8U5HsJCgOk8hJ4AaABAg,,False,@tingtietantin1845,❤❤❤,0,2024-10-16T15:49:23Z,2024-10-16T15:49:23Z
UgzBy_TI8NpJgT1eUZt4AaABAg,,False,@albenxiao814,"always give once suprise 😭
Love DAHYUN forever 🤍",0,2024-10-16T15:49:23Z,2024-10-16T15:49:23Z
Ugy6YvHO2u_vKRb4ENF4AaABAg,,False,@Once_jj,GUYS i love her so muccchhh i can't 😭😭,0,2024-10-16T15:49:20Z,2024-10-16T15:49:20Z
UgztPFnQuEvKQcArW_l4AaABAg,,False,@guykantawong,so angelic and beautiful.... Thanks Dahyun 🎉❤,0,2024-10-16T15:48:54Z,2024-10-16T15:48:54Z
UgxoeozxHP4iLWnwCP94AaABAg,,False,@vitoriacatarina5123,Tao perfeita em tudo o que faz,0,2024-10-16T15:48:17Z,2024-10-16T15:48:17Z
UgyYnbyoolM67tU38t54AaABAg,,False,@Once_jj,"Thank you,dahyunee now i will have no nightmares.",1,2024-10-16T15:48:15Z,2024-10-16T15:48:15Z
UgxZqnbgJfX6yChZxcV4AaABAg,,False,@ifihavedream,柔柔的歌聲，輕快的旋律，好聽👍,1,2024-10-16T15:47:24Z,2024-10-16T15:48:45Z
UgzYHOjui6ZXTTELbfF4AaABAg,,False,@mda6408,"ダヒョンちゃんギターも上手くて
本当に多才ですごい‼
忙しい活動の合間にたくさん頑張って
努力してONCEにいつも素敵な姿を
見せてくれて 感動と癒やしと幸せを
ありがとう🤍🥰",0,2024-10-16T15:47:14Z,2024-10-16T15:47:14Z
Ugyme4whKAicJWzSseR4AaABAg,,False,@elizziebeth8636,i love you 🤍,0,2024-10-16T15:47:06Z,2024-10-16T15:47:06Z
Ugwv398-_XqW-WX3FUJ4AaABAg,,False,@scourgesaur5337,Dahyun is an amazing all rounder! She deserves all the love and then some 💕,3,2024-10-16T15:46:14Z,2024-10-16T15:46:14Z
UgzpUsDRGMCZuypt0P14AaABAg,,False,@6sol_eee9,항상 원스 생각해줘서 너무 고마워 다현아ㅠㅠ,0,2024-10-16T15:46:08Z,2024-10-16T15:46:08Z
Ugywy9nzGFE4BFAdwYV4AaABAg,,False,@Avatar_Ky0shi,There's something about women playing the guitar.... and it's even better when it's Dahyun,0,2024-10-16T15:46:03Z,2024-10-16T15:46:03Z
UgzuFyQh1GVLCsg_V794AaABAg,,False,@mahyun3026,I'm really down today. Thank you Dahyun for this.,0,2024-10-16T15:46:01Z,2024-10-16T15:46:01Z
UgwcVmcQ31LEQt3UrPB4AaABAg,,False,@StrayKidsTheFutureofKpop,Dahyun's voice gives the perfect touch to this beautiful song ✨,0,2024-10-16T15:45:48Z,2024-10-16T15:45:48Z
UgyUOzkZobOvBuGqlDR4AaABAg,,False,@yaxg98,que guapaaaa,0,2024-10-16T15:45:43Z,2024-10-16T15:45:43Z
UgzrTQrNSNqwf_j6Bo94AaABAg,,False,@leonardchung9729,I love Dahyun playing the piano,0,2024-10-16T15:45:39Z,2024-10-16T15:45:39Z
UgyP1HggM0BWrRiIMmZ4AaABAg,,False,@땃_지,두부가 커버해주는 노래….이건 귀하다,0,2024-10-16T15:45:12Z,2024-10-16T15:45:12Z
Ugx2EhhRNwHuAvhxkbh4AaABAg,,False,@IsabelRojas-jl1mv,i love you dahyunn 💝💝,1,2024-10-16T15:44:56Z,2024-10-16T15:44:56Z
UgyRsF57d1ftemuLlXt4AaABAg,,False,@micat2461,豆腐的歌聲真的很溫柔，會鋼琴又會吉他真的好厲害❤,1,2024-10-16T15:44:54Z,2024-10-16T15:44:54Z
UgwjVAd_y20KeBpQhvF4AaABAg,,False,@Daysabrinamerr,MI DAHYUNNN 💗💗💕,0,2024-10-16T15:44:51Z,2024-10-16T15:44:51Z
UgxE5bIgN_lb1aoFV1F4AaABAg,,False,@xanlo7pjx46_uijx,Дахен 💕,0,2024-10-16T15:44:48Z,2024-10-16T15:44:48Z
UgzCyY3SAqCv2a3E0TJ4AaABAg,,False,@AlexamariaArmy,Wow I like your voice  Dahyun 😮😭❤beautiful music and your voice ❤,0,2024-10-16T15:44:34Z,2024-10-16T15:44:34Z
Ugxy8ax8ORuSSJDkTpd4AaABAg,,False,@NotAnotherKuromi,"I like the cosy intimate vibe, despite it being recorded in a professional environmental.",0,2024-10-16T15:44:02Z,2024-10-16T15:44:02Z
UgwR1_jP3TuIdNaf6W14AaABAg,,False,@llyhwthrn,thank you dahyunie 🥺,0,2024-10-16T15:43:57Z,2024-10-16T15:43:57Z
UgywH8jsKXsN5t1gys94AaABAg,,False,@mandafarahdina,"As a fan, i am proud to have u as my bias ❤🤍🔥🔥🔥",0,2024-10-16T15:43:41Z,2024-10-16T15:43:41Z
UgwXA_arinAIYZMnMiB4AaABAg,,False,@yolotzinjazminegarciaserra3428,"Hola mi reina, te rifaste cañón. Neta te quiero mucho, saldos.",0,2024-10-16T15:43:21Z,2024-10-16T15:43:21Z
UgwQvazsyA-ef5db01p4AaABAg,,False,@llyhwthrn,her soft angelic vocals 🥺,0,2024-10-16T15:43:07Z,2024-10-16T15:43:07Z
Ugz8NmJX7Rqlu0j04vZ4AaABAg,,False,@Luw912,"I thought she only played piano, she’s my bias cause we have so much in common and now I can add another thing. Both guitar players 😍🤍",1,2024-10-16T15:42:58Z,2024-10-16T15:42:58Z
UgyYvgKG_ZLkBt1ryFF4AaABAg,,False,@tubebandits4439,Perfection.,0,2024-10-16T15:42:44Z,2024-10-16T15:42:44Z
UgwjZEk0lOppoPiVz_l4AaABAg,,False,@GnotGnap,"WE IN THERE, DAHYUN TIME",1,2024-10-16T15:42:41Z,2024-10-16T15:42:41Z
UgzyUG-wrBohAzpbgFV4AaABAg,,False,@yaxg98,Dahyun ACE,1,2024-10-16T15:42:40Z,2024-10-16T15:42:40Z
Ugzs-oR7I9zSquSvxZB4AaABAg,,False,@yaxg98,te amoooo,2,2024-10-16T15:42:34Z,2024-10-16T15:42:34Z
UgzJKqE9vocjn9O_sU54AaABAg,,False,@nidheeshpat9057,I was rewatching old twice content now seeing dahyun like this makes me realize how much and mow well twice has grown and Bloomed through the years,51,2024-10-16T15:42:29Z,2024-10-16T15:42:29Z
UgzsEw0pL6ALnNzJwJF4AaABAg,,False,@sakuribit6898,Dahyun ❤ super bella y talentosa,5,2024-10-16T15:42:29Z,2024-10-16T15:42:29Z
UgwFdcA6UKa8__nE1354AaABAg,,False,@Justfreakout1998,TE AMO DAHYUN!!!🤍🤍🤍,0,2024-10-16T15:42:29Z,2024-10-16T15:42:29Z
UgwW8iuVTOEFzvKv4-t4AaABAg,,False,@tylink99,goated,0,2024-10-16T15:41:15Z,2024-10-16T15:41:15Z
Ugy_wTQsbbxH7zjgcLZ4AaABAg,,False,@kweendubu,"Not to exaggerate, but i would give my everything to Dahyun 😭",1,2024-10-16T15:41:15Z,2024-10-16T15:41:15Z
UgyzNmwrpvJ97rSYzvl4AaABAg,,False,@frogsarecool6135,"SAY IT WITH ME NOW, DAHYUN 👏👏👏",0,2024-10-16T15:41:01Z,2024-10-16T15:41:01Z
UgxjlY0shsdaCIRaQ114AaABAg,,False,@ttttt25-k9t,Dahyun😭👏🏻👏🏻👏🏻,0,2024-10-16T15:40:54Z,2024-10-16T15:40:54Z
UgyHb0a7pTIl0c1ruHR4AaABAg,,False,@MolinaaYT,❤❤❤❤❤🎉🎉🎉🎉🎉,0,2024-10-16T15:40:54Z,2024-10-16T15:40:54Z
UgyJz6I-b1Kp8el2pYx4AaABAg,,False,@TMZozo,wich song is it ? (if there is a name in english),1,2024-10-16T15:40:34Z,2024-10-16T15:40:34Z
UgwTEkwW48trIF5ncPF4AaABAg,,False,@user-ki8us4jl9x,다현옵ㅠㅠㅠ,0,2024-10-16T15:40:30Z,2024-10-16T15:40:30Z
Ugw6V845WOYwTT7OadV4AaABAg,,False,@쭈고-n2m,너무너무 좋아...🫶🎶❤️,0,2024-10-16T15:40:18Z,2024-10-16T15:40:18Z
Ugy_l3fRHjnxuBeOaoN4AaABAg,,False,@mandafarahdina,My Dubuuuu,0,2024-10-16T15:39:59Z,2024-10-16T15:39:59Z
UgxyLAU9r2eF0g5ZVpd4AaABAg,,False,@_sidhanths,Octobers my birthday month... and i think everyday #twice is giving gifts to me.. ❤❤,0,2024-10-16T15:39:42Z,2024-10-16T15:39:42Z
UgzogJ18_g7eujpsMOJ4AaABAg,,False,@cc_faith,"She can play the piano & the guitar, next she’ll come out with a video playing the violin 😂❤",154,2024-10-16T15:39:32Z,2024-10-16T15:39:32Z
UgzogJ18_g7eujpsMOJ4AaABAg.A9egb6Zv1hSA9f_nEFaICz,UgzogJ18_g7eujpsMOJ4AaABAg,True,@jo-si2yx,And then probably the drums 😂,16,2024-10-16T23:59:16Z,2024-10-16T23:59:16Z
UgwJGxfr2TdSCGiRbFJ4AaABAg,,False,@trevorcarreon6849,This video is reason number 100000000000000000000 why Dahyun is my favorite K-pop idol,1,2024-10-16T15:39:10Z,2024-10-16T15:39:10Z
UgwHvmjawbOUCxoX9OV4AaABAg,,False,@Jaegyvern,thank you Dahyun-ah! 💟🍭,0,2024-10-16T15:38:52Z,2024-10-16T15:38:52Z
UgxQ7jyNOVEM-o9LaIF4AaABAg,,False,@renarose3543,She is wonderful ❤,0,2024-10-16T15:38:51Z,2024-10-16T15:38:51Z
Ugw-hLPjZvzgSM5JUvp4AaABAg,,False,@rajpalbhatia1715,And she got better omg 😊,0,2024-10-16T15:38:38Z,2024-10-16T15:38:38Z
UgyYribHxIRAGzueQHJ4AaABAg,,False,@sr030621,多少なりともマーキュリー効果あり、、？？,0,2024-10-16T15:38:32Z,2024-10-16T15:38:32Z
UgxucbnWjiORKWw4kh94AaABAg,,False,@BarryRackley,DAHYUN the surprise gift of Twice. Wait until she does HER solo debut.....promise you will not be disappointed. A+++,0,2024-10-16T15:38:27Z,2024-10-16T15:38:27Z
Ugy9B0bTYuB5JP31SmB4AaABAg,,False,@maffer_617,Ya extrañaba demasiado los covers de Dahyun!!,1,2024-10-16T15:38:27Z,2024-10-16T15:38:27Z
Ugw8qFqBJVYFyaOl6Qx4AaABAg,,False,@hantunlin3117,what cant u do dahyunnnnn,0,2024-10-16T15:37:53Z,2024-10-16T15:37:53Z
Ugx6ITTfolih9eTrcDN4AaABAg,,False,@YEt540,"How!!! 
How can a human Slayyyy in everything she does?
 Howw???",1,2024-10-16T15:37:45Z,2024-10-16T15:37:45Z
Ugyv6DIhG-Mm4un8UZN4AaABAg,,False,@moon.c25,🤍🤍🤍 .,0,2024-10-16T15:37:31Z,2024-10-16T15:37:31Z
UgzX_wfVJg1LCYCxy1l4AaABAg,,False,@Elfangor-Sirinial-Shamtul,If any person can be described as a gift its Dahyun. She's always thinking of her fans and always honoring them in beautiful ways. Her vocals are clear and refreshing like mineral water from a mountain spring. She also captures the image of a first love perfectly the way she strums along with her guitar. 🎸,0,2024-10-16T15:37:22Z,2024-10-16T15:37:22Z
UgykVu_dbzFmnyIEMXN4AaABAg,,False,@raidinrommy5807,🤍🤍🤍🤍🤍🤍🤍,0,2024-10-16T15:37:18Z,2024-10-16T15:37:18Z
UgyHZwhZieEJdDLx5Up4AaABAg,,False,@sanasnostraightfringe3117,"Dahyun is so Dahyun coded with the glasses, hair in a bum, cozy clothes, guitar and soft beautiful voice ❤ We love you",1,2024-10-16T15:37:18Z,2024-10-16T15:37:18Z
Ugw2JNQhZU1EZiuvUqN4AaABAg,,False,@staylovelyyyy,WE LOVE YOU QUEEN,0,2024-10-16T15:37:16Z,2024-10-16T15:37:16Z
UgxZLM5fq465hm4UrfV4AaABAg,,False,@jsxwias,COK GUZELSIN ASKİM OHHH,0,2024-10-16T15:36:12Z,2024-10-16T15:36:12Z
UgxuHt3B5MTXreXL7bZ4AaABAg,,False,@andychangdj,This is why I'm a TWICE fan.,1,2024-10-16T15:36:05Z,2024-10-16T15:36:05Z
UgzzMTAB3K6Pfn0hy1l4AaABAg,,False,@michael-ow3rj,"ピアノ弾いて、女優やって、ギターもやって、
最近色々なことに挑戦してるダヒョンの表情がいきいきしてて、嬉しい！！
めっちゃ癒されるわ！",237,2024-10-16T15:35:52Z,2024-10-16T15:35:52Z
UgyQmXHymhkbopRkz894AaABAg,,False,@iadorepop,I love it,1,2024-10-16T15:35:32Z,2024-10-16T15:35:32Z
Ugz7yQz_cHKV3r-wEKZ4AaABAg,,False,@RM72425,"Amazing,so cute ❤, love you ❤",1,2024-10-16T15:35:10Z,2024-10-16T15:37:32Z
Ugy2FLqQm0sy-xr2rXF4AaABAg,,False,@pedrohtvieira,My idol is 10/10,1,2024-10-16T15:35:00Z,2024-10-16T15:35:00Z
UgxBuC7UAlBp4kl52PB4AaABAg,,False,@MiuMiu_Wony,7 MINUTES AGO ?,1,2024-10-16T15:34:46Z,2024-10-16T15:34:46Z
UgyIL1kOmGppKimLKSN4AaABAg,,False,@vicgervemarlang5181,What is the song about. I cant understand korean tho i can read it on an infant level.,0,2024-10-16T15:34:39Z,2024-10-16T15:34:39Z
UgyI65NMqiVvn_L713R4AaABAg,,False,@ble6999,❤,0,2024-10-16T15:34:33Z,2024-10-16T15:34:33Z
Ugxy9KJIWb17YMBuTnJ4AaABAg,,False,@jilly_bean26,"Thank you so much for this , Dahyun. Ilysm!",0,2024-10-16T15:34:01Z,2024-10-16T15:34:01Z
UgzhItsw1BgsmycTdOp4AaABAg,,False,@Lostinlife17,We were really missing our dubu's covers🥺🤍,0,2024-10-16T15:33:58Z,2024-10-16T15:33:58Z
Ugz2g66Uspk1kzs-jtV4AaABAg,,False,@songheesuppasit,Woahh lembut banget suara Dahyun,0,2024-10-16T15:33:45Z,2024-10-16T15:33:45Z
Ugxxal_FvJ1LCBeRdsZ4AaABAg,,False,@ot9islifenjmsjmdct,"Sin exagerar, todo mundo se impresiona por la perfecta voz de Kim Dahyun... Su vocal no es ninguna broma
Dahyun no solo parece calida...ella realmente lo es❤",0,2024-10-16T15:33:21Z,2024-10-16T15:34:40Z
UgwHzUOkFqtU4_D6FyZ4AaABAg,,False,@GuadalupeReyes-qi6tb,Dahyun unnie i love you,0,2024-10-16T15:33:18Z,2024-10-16T15:33:18Z
Ugz_ex8n-DbtZAIwQ3x4AaABAg,,False,@cata_once.bunnie,OMGGGGG SHE SOUNDS LIKE AN ANGEL I LOVE HER SO MUCHHH 😭😭😭,0,2024-10-16T15:33:17Z,2024-10-16T15:33:28Z
UgykGFFwonYMUeA0TAl4AaABAg,,False,@zhangha0.0,🤍🤍🤍,0,2024-10-16T15:33:16Z,2024-10-16T15:33:16Z
Ugx13-7MZ6_J9AA9lnF4AaABAg,,False,@red_roses_09,Talented Dahyun slaying everything,0,2024-10-16T15:33:13Z,2024-10-16T15:33:13Z
UgwNkxKx7X9knkI4u2R4AaABAg,,False,@Ryejimtminhas,DAHYUN I LOVE U,0,2024-10-16T15:32:38Z,2024-10-16T15:32:38Z
Ugy_U1fD1-IzHEFCdU54AaABAg,,False,@lovedn1473,秋の風の中、冬の朝、海辺を歩きながら聞きたいな。世界一好きだよ。,24,2024-10-16T15:32:33Z,2024-10-16T15:32:33Z
Ugzr0hittt7-mZNBjbt4AaABAg,,False,@cbhrzyyyx,The vocal omg 😭🤍,0,2024-10-16T15:31:56Z,2024-10-16T15:31:56Z
UgzYeoY0Ei9zCHm14C54AaABAg,,False,@Oscaryxd,"Que hermosa, casi me hace llorar.... Dios me la bendiga, si estás linda",0,2024-10-16T15:31:52Z,2024-10-16T15:31:52Z
Ugxlj2KH7phsG7JeCsd4AaABAg,,False,@jaijai4583,Dahyun voice embraces my heart🫂🥹,0,2024-10-16T15:31:24Z,2024-10-16T15:31:24Z
UgzPkDz5T263BddcZ3t4AaABAg,,False,@butterniphe,HER VOICE IS SO PRETTY,0,2024-10-16T15:31:00Z,2024-10-16T15:31:00Z
UgzynW4glqrF7zkUPWR4AaABAg,,False,@cbhrzyyyx,"This is fascinating Dahyun, I love you 😭💗",0,2024-10-16T15:30:50Z,2024-10-16T15:30:50Z
Ugy-njvSFq48XlobILV4AaABAg,,False,@code_red0.o,Alam mo talaga kung pano kami kunin! Love you BB! All rounder yern! <3,0,2024-10-16T15:30:47Z,2024-10-16T15:30:47Z
UgyYLURbLAdYxadL-QN4AaABAg,,False,@pathyramos2712,Earlyyy,0,2024-10-16T15:30:43Z,2024-10-16T15:30:43Z
UgxawtygoL-AaRHFJIN4AaABAg,,False,@kermitlagrenouille8671,Thank you for the cover,0,2024-10-16T15:30:40Z,2024-10-16T15:30:40Z
UgwLdRGmJOdAqqzU-A14AaABAg,,False,@mochiuzuchiha7993,such a beautiful cover 💓,0,2024-10-16T15:30:34Z,2024-10-16T15:30:34Z
UgwyNiHrqaPmqxonmzp4AaABAg,,False,@Kevin-en5zw,"The lovely ""daughter"" of Onces, Kim Dahyun. What a lovely gift just before we head to bed. Thank you Dahyunie and goodnight, sleep will be restful with this.",2,2024-10-16T15:30:29Z,2024-10-16T15:30:29Z
UgyzPXZqlb3TVL83IXp4AaABAg,,False,@saraa999dubu,Thank you dubuu,0,2024-10-16T15:30:24Z,2024-10-16T15:30:24Z
UgzWgutFkaiQABLKTkh4AaABAg,,False,@소희-p8d,다현님이 내년이면 데뷔한지 10년이 되는데 노래 실력이 많이 성장하고 발전한 거 같아요! 앞으로도 응원할게요,21,2024-10-16T15:30:23Z,2024-10-16T15:30:23Z
UgzRgpdjFboESFE9C8F4AaABAg,,False,@BtsForever-x3u,DAHYUN voice is so cute 💗,0,2024-10-16T15:30:22Z,2024-10-16T15:30:22Z
UgwNpvAPMo9lOVa0zWx4AaABAg,,False,@loqwrtyphpuiw,캬. 독소리 날개 휘날릴때가 어제같은데 이제 그 날개가 음을 튕기네.캬. 쥑인다.,0,2024-10-16T15:30:20Z,2024-10-16T15:30:20Z
UgxKEoWhv9OX-456ZrF4AaABAg,,False,@amioncefr,Amazing artist with so much talents and a wonderful human being. KIM DAHYUN you are such an angel for us to make our every living day better.,0,2024-10-16T15:30:13Z,2024-10-16T15:30:13Z
UgxCC0MqfCbYcqRy2Sx4AaABAg,,False,@oksanatwice,So this is what she saying,1,2024-10-16T15:30:13Z,2024-10-16T15:30:13Z
Ugz6uZY9QdFlEFTwRn54AaABAg,,False,@MichelleTelan,Despite her busy schedule she made a way to cheer us up. I don't know but she knows exactly whenever I'm sad and i need to hear something that would calm me down. THANK YOU SO MUCH DAHYUNIEE,0,2024-10-16T15:29:58Z,2024-10-16T15:29:58Z
Ugz6uZY9QdFlEFTwRn54AaABAg.A9efW0vIrWYAFCvNhEMpiQ,Ugz6uZY9QdFlEFTwRn54AaABAg,True,@MichelleTelan,"still you, dahyun. After stanning you for years.",0,2025-03-03T14:39:02Z,2025-03-03T14:39:02Z
Ugz6uZY9QdFlEFTwRn54AaABAg.A9efW0vIrWYAFCvVaj9GVu,Ugz6uZY9QdFlEFTwRn54AaABAg,True,@MichelleTelan,my first loveee,0,2025-03-03T14:40:06Z,2025-03-03T14:40:06Z
UgxKht7CJbwyghWXI794AaABAg,,False,@p.h.j6964,❤🎉🥰🥰🥰❤️,0,2024-10-16T15:29:37Z,2024-10-16T15:29:37Z
Ugyb2Tto3TQys4DuGbl4AaABAg,,False,@Onceforeverer,*Dahyoun* need a solo,0,2024-10-16T15:29:28Z,2024-10-16T15:29:55Z
UgwX3lgKfmceOa8vHpp4AaABAg,,False,@chenbeixuann,another surprise cover from our best girl dahyun,0,2024-10-16T15:29:24Z,2024-10-16T15:29:24Z
UgyTXqKIPoWiJ1w6D2t4AaABAg,,False,@vonte-,dubu 🥰🥰🥰🥰🥰,0,2024-10-16T15:29:07Z,2024-10-16T15:29:07Z
UgzkFygwuaLrCVHgl0J4AaABAg,,False,@gabriella3288,I LOVE YOUUU,1,2024-10-16T15:29:07Z,2024-10-16T15:29:07Z
UgwbARblq6qA6_peoax4AaABAg,,False,@リーロック-f3m,🫧でonceに好きな曲は何？？？って聞いてきたのもしかしてこの為！？,0,2024-10-16T15:29:06Z,2024-10-16T15:29:06Z
UgyWpjxi5-_i40PAYYV4AaABAg,,False,@42.huynhvohuyentran2,Sau một ngày thi mệt mỏi thì Dahion đã đăng bài này coi như món quà an ủi bản thân sau những mỏi mệt,1,2024-10-16T15:28:51Z,2024-10-16T15:28:51Z
Ugzr-Dw2SX5vjp-prbR4AaABAg,,False,@sonchaeyoungsaranghaeyo,"김다현 이것 뭐에요? 원스들한테 보여주려고 열심히 연습하고 노트북으로 찍어서 올린거 너무 귀엽다,,
너무나도 바쁠텐데 매년 멜프 올려줘서 너무너무 고마워 다현아❤❤",0,2024-10-16T15:28:42Z,2024-10-16T15:28:42Z
UgxSxdkJEJTd6RT1XsB4AaABAg,,False,@chrislloyddagos806,my Dahyun ❤❤❤,0,2024-10-16T15:28:26Z,2024-10-16T15:28:26Z
UgwvWf9WnNkm-kAc7cl4AaABAg,,False,@DavidovVII,"I'm wishing a Dahyun solo album in a folk style with piano, acoustic guitar and strings, her voice fits perfectly for this kind of music 🤍🤍🤍🤍🤍🤍",56,2024-10-16T15:28:17Z,2024-10-16T15:28:17Z
Ugwyjs-Sue27kaPehMJ4AaABAg,,False,@vitoremanuel8280,🇧🇷🇧🇷🇧🇷🇧🇷🇧🇷,0,2024-10-16T15:28:05Z,2024-10-16T15:28:05Z
Ugx1wM67MWgJ4Dgmd2Z4AaABAg,,False,@napdaog7855,ไอดอลคนเก่งของวันซ์ คิมดาฮยอน.,0,2024-10-16T15:27:58Z,2024-10-16T15:27:58Z
Ugy4j74og740YWj_8vR4AaABAg,,False,@KCLEAREST,When can we expect a full solo album? ?,0,2024-10-16T15:27:43Z,2024-10-16T15:27:43Z
UgzqZUiZBS8Rw9g-KX54AaABAg,,False,@k4000,fantastic!,0,2024-10-16T15:27:38Z,2024-10-16T15:27:38Z
UgyjfTXGDx2yLZicauR4AaABAg,,False,@sunrain-px2kc,多才多艺的多贤啊❤❤❤,0,2024-10-16T15:27:37Z,2024-10-16T15:27:37Z
UgzgUZQMhSlQQ_6Gnrl4AaABAg,,False,@salmankafan8951,Omg screaming vocal and guitarist dubu is back 😭 thank you Dahyun for such an amazing anniversary gift you're multi talented queen for a reason ✨👑🔥😘,0,2024-10-16T15:27:28Z,2024-10-16T15:27:28Z
Ugx4RJMyDeZsllx_1E54AaABAg,,False,@CJH0922,첫사랑이었다...,0,2024-10-16T15:27:20Z,2024-10-16T15:27:20Z
UgycDiPb8KrH9qLce7h4AaABAg,,False,@marywzx,AMAZING‼‼💗,0,2024-10-16T15:27:19Z,2024-10-16T15:27:19Z
UgzHY4tVlgH2n-0PfUd4AaABAg,,False,@mina_sr_my,that's the voice of an angel,0,2024-10-16T15:27:15Z,2024-10-16T15:27:15Z
Ugyp9V7oq7ruIOrmDex4AaABAg,,False,@rosyguimaraes9825,It's perfect!!,0,2024-10-16T15:26:59Z,2024-10-16T15:26:59Z
UgztU1oo0MRyiZn-zzF4AaABAg,,False,@watsize,❤ คุณคือความรักของฉัน,0,2024-10-16T15:26:47Z,2024-10-17T14:47:37Z
UgwNpCiZCmETO-Chln14AaABAg,,False,@宅鍋,,0,2024-10-16T15:26:17Z,2024-10-16T15:26:17Z
Ugzz5z_axWLcvanuzWV4AaABAg,,False,@zip.jaki.,TE AMO 😭😭😭😭,0,2024-10-16T15:26:00Z,2024-10-16T15:26:00Z
UgztFT47vsZAOZYH0Mp4AaABAg,,False,@guppy111-c2w,Dubu OMG... your vocals really calm my soul,0,2024-10-16T15:26:00Z,2024-10-16T15:26:00Z
UgzzyQbPHZJQycX2B4R4AaABAg,,False,@Chris91391,"Can we please get more singing parts for Dahyun in Twice songs?!
This is beautiful :)",0,2024-10-16T15:25:51Z,2024-10-16T15:25:51Z
UgyrfSVJSX2QyElBCN54AaABAg,,False,@myoimina,Dahyun solo needs to a an album full of acoustic tracks,2,2024-10-16T15:25:31Z,2024-10-16T15:25:31Z
Ugwe5alAWB7q6GaP2v14AaABAg,,False,@hoswaacido4891,"Your voice is soothing souls, Dahyun.  Stay safe and healthy. 🥰",0,2024-10-16T15:25:24Z,2024-10-16T15:25:24Z
UgzaKeHpkrSynPtIJMV4AaABAg,,False,@israeljimenez1820,🤍🤍🤍🤍,0,2024-10-16T15:25:23Z,2024-10-16T15:25:23Z
UgzDfvjQnTCoiLjFuUR4AaABAg,,False,@harukisakuraka4636,I'm so proud of you my baby 🥺🥺🥺 The real best all rounder ever on my mind!!! Even busy schedule you are always thinking about once 🥹🥹🤍🤍🤍,0,2024-10-16T15:25:20Z,2024-10-16T15:25:20Z
Ugz7n3faitDxltTYPDh4AaABAg,,False,@shinewaiyan-e9m,Dahyun is amazing...😊❤,0,2024-10-16T15:25:11Z,2024-10-16T15:25:11Z
Ugz58z2mVttHkQqam2V4AaABAg,,False,@arra_been,"my dahyun, never disappoint me🤩🙌",0,2024-10-16T15:25:06Z,2024-10-16T15:25:22Z
Ugygm1RpwofbQH6aASR4AaABAg,,False,@HaveyoumetKen,Thank you our Shining Light Dubu! You always think of ways to show your love to ONCE and we are forever grateful for it.,0,2024-10-16T15:25:00Z,2024-10-16T15:25:00Z
UgwNM210qk8JDIczZPF4AaABAg,,False,@Tunotieni,🤍🤍🤍,0,2024-10-16T15:24:57Z,2024-10-16T15:24:57Z
UgzYbCfTSmrpGjXN1gV4AaABAg,,False,@stuffed.,WHAT IS MY DAHYUNIEEE CANT DO? SO PROUD OF YOU MY DAHYUNIEEE 🤍🤍🤍,0,2024-10-16T15:24:52Z,2024-10-16T15:24:52Z
UgxF9ctJ1JHh-dMWNPl4AaABAg,,False,@xaviiuu,I love it!! 💗💗,0,2024-10-16T15:24:46Z,2024-10-16T15:24:46Z
UgxTxB9-fgeOtxW1Jel4AaABAg,,False,@xaviiuu,I love it!! 💗💗,0,2024-10-16T15:24:40Z,2024-10-16T15:24:40Z
UgzcvoBNYlvhGVw_IrF4AaABAg,,False,@itsjanabannana,My beautiful baby is shining 🥰🥰,0,2024-10-16T15:24:34Z,2024-10-16T15:24:34Z
UgxN6hT-wdSWxG3DK8R4AaABAg,,False,@TấnPhan-m1k,Dahyun Unie❤❤❤,0,2024-10-16T15:24:33Z,2024-10-16T15:24:33Z
Ugwh0vqRkrAHdCqxoKB4AaABAg,,False,@minamyoi,Dahyun is really a born musician like she can pick up instruments so easily?!,4,2024-10-16T15:24:29Z,2024-10-16T15:24:29Z
Ugx0F3Pbp8PMR8tdh5B4AaABAg,,False,@dinixyoum_pro1967,"Dahyun's voice is so angelic, my soul feels at peace when I hear it 🤍",0,2024-10-16T15:24:25Z,2024-10-16T15:24:25Z
UgxhtF0LClaqkOQf3HN4AaABAg,,False,@nathaliarevil,"Eu te amo muito, Kim Dahyun 🥺🤍 Muito obrigada por isso.",0,2024-10-16T15:24:25Z,2024-10-16T15:24:25Z
Ugw1uVRAuOgbV5tmeNl4AaABAg,,False,@TokkiTokki17,Wow what a surprise from Dahyun ❤ thank you so much Dahyun❤,0,2024-10-16T15:24:23Z,2024-10-16T15:24:23Z
UgwEK5nGo-pniYrCM4x4AaABAg,,False,@kdh_kch4241,"Kim Dahyun's like an angel..a breath of fresh air.. I hope your movie releases soon in my country,. I can't wait to see more of your craft",0,2024-10-16T15:24:20Z,2024-10-16T15:24:20Z
UgzPbFOKgR3XihO2_AV4AaABAg,,False,@ivsonrafael,fofinha,0,2024-10-16T15:24:08Z,2024-10-16T15:24:08Z
Ugxt3NtHVg9q-X8LwNB4AaABAg,,False,@once_phin0422,내 첫사랑 다현아 사랑해요🤍🍭,2,2024-10-16T15:24:05Z,2024-10-16T15:24:05Z
UgyKkCc6ZCqt3RnkPnd4AaABAg,,False,@Dahyun_te_amo,"Basta, dahyun es tan linda su habilidad con los instrumentos",0,2024-10-16T15:23:49Z,2024-10-16T15:23:49Z
UgxINT-GaeYI4vuE1I94AaABAg,,False,@lixingzhao5931,The world needs a Dahyun solo album,465,2024-10-16T15:23:47Z,2024-10-16T15:23:47Z
UgxINT-GaeYI4vuE1I94AaABAg.A9eenjFTfOOA9eoIyuLqYE,UgxINT-GaeYI4vuE1I94AaABAg,True,@roblay1789,trueeeeeeeeeeeeeee,13,2024-10-16T16:46:50Z,2024-10-16T16:46:50Z
UgxINT-GaeYI4vuE1I94AaABAg.A9eenjFTfOOA9eyQp8Yxz5,UgxINT-GaeYI4vuE1I94AaABAg,True,@rezzasyazwan3971,💯,7,2024-10-16T18:15:17Z,2024-10-16T18:15:17Z
UgxINT-GaeYI4vuE1I94AaABAg.A9eenjFTfOOA9f4a2zdkdr,UgxINT-GaeYI4vuE1I94AaABAg,True,@Bellawlino,yessss,7,2024-10-16T19:17:51Z,2024-10-16T19:17:51Z
UgxINT-GaeYI4vuE1I94AaABAg.A9eenjFTfOOA9gboTX4NnM,UgxINT-GaeYI4vuE1I94AaABAg,True,@sehunieea,Yessss,6,2024-10-17T09:36:09Z,2024-10-17T09:36:09Z
UgxINT-GaeYI4vuE1I94AaABAg.A9eenjFTfOOA9hZNgINWL0,UgxINT-GaeYI4vuE1I94AaABAg,True,@DerrickJenkins-o6w,Facts upon facts,4,2024-10-17T18:25:23Z,2024-10-17T18:25:23Z
UgwMwUo_BwsgPVgG7yt4AaABAg,,False,@ainabdc,Auto-like club for Dahyun,0,2024-10-16T15:23:44Z,2024-10-16T15:23:44Z
Ugxoz7d_XmO8IQXOi814AaABAg,,False,@시골쥐서울나들이,다현아 노래 잘 부르는데 앵콜땐 왜 그랬어 이제 자신있게 불러도 되겠다,0,2024-10-16T15:23:44Z,2024-10-16T15:23:44Z
Ugxoz7d_XmO8IQXOi814AaABAg.A9eenJ2S0ehA9eg5jCC-HS,Ugxoz7d_XmO8IQXOi814AaABAg,True,@ynotjpt,move on 💀,0,2024-10-16T15:35:07Z,2024-10-16T15:35:07Z
UgyX1Az65h6GRD6mjCt4AaABAg,,False,@Roscxli,Que hermosa dahyunieee,0,2024-10-16T15:23:42Z,2024-10-16T15:23:42Z
Ugwlt5d8JeFqKnQYJrd4AaABAg,,False,@minaremv,She has such a beautiful voice❤,0,2024-10-16T15:23:42Z,2024-10-16T15:23:42Z
Ugwh3_Xmur5aRy90Yal4AaABAg,,False,@fickitoa,🤍🤍🤍🤍🤍🤍🤍🤍🤍,0,2024-10-16T15:23:42Z,2024-10-16T15:23:42Z
Ugz3aChAqZ8pkVtP1ml4AaABAg,,False,@Frtwiceonce,Our lovely dublang-dungi Dubu🤍,0,2024-10-16T15:23:30Z,2024-10-16T15:23:30Z
UgzrDDdxnxkzfU0IqZ94AaABAg,,False,@paulbrian7510,Wow Kim Dahyun 👏👏👏,0,2024-10-16T15:23:26Z,2024-10-16T15:23:26Z
Ugx42ILLzMqNe8MsoM54AaABAg,,False,@FriendsofEnemiesBand,🤍🤍🤍🤍🤍🤍🤍🤍🤍,0,2024-10-16T15:23:26Z,2024-10-16T15:23:26Z
Ugy_lbFUPDembr3Hqwd4AaABAg,,False,@Zasshokupen,最高！,0,2024-10-16T15:23:24Z,2024-10-16T15:23:24Z
Ugxh6uhHyrqQYbXxopJ4AaABAg,,False,@800milion2,綺麗な歌声！落ち着きます💓,0,2024-10-16T15:23:18Z,2024-10-16T15:23:18Z
Ugw2u96L71rKvBKEfKp4AaABAg,,False,@Danna_momonista,"I already need Dahyun's solo, she sings super cute, she's a rapper, singer, model, actress etc. I LOVE DAHYUN",2,2024-10-16T15:23:12Z,2024-10-16T15:23:12Z
UgzsXnAYrKQnjEqi_694AaABAg,,False,@souadelsouki,Angelic voice and soul 🎀❣️,0,2024-10-16T15:23:09Z,2024-10-16T15:23:09Z
UgwgAWGkBnP8OdBjsrB4AaABAg,,False,@b_is_alive,automatic like 👏,0,2024-10-16T15:23:07Z,2024-10-16T15:23:07Z
Ugy5xrh1BZiFVjV9QlR4AaABAg,,False,@hinasaku_09,Her vocal is like and angel I listen to it feels like heaven her guitar skills I fall for her guitar skills 💖💖💕,0,2024-10-16T15:23:03Z,2024-10-16T15:23:03Z
UgzpbLy14bAXyVtvU3p4AaABAg,,False,@Lee-AnnTana,That's my Dubu🤍🤍🥰😚,0,2024-10-16T15:22:57Z,2024-10-16T15:22:57Z
UgxZO4VF2JC63zDP39Z4AaABAg,,False,@shashaigyonae,Oh iloveyou my loviee,0,2024-10-16T15:22:54Z,2024-10-16T15:22:54Z
UgwU7ENhBE6utDzm6pl4AaABAg,,False,@lelehsuraya9703,VOTE TWICE ON MAMA AWARDS,0,2024-10-16T15:22:50Z,2024-10-16T15:22:50Z
Ugye7ceavMDVcelBXLJ4AaABAg,,False,@kelll2510,어떻게 어떤 악기든 다 할 수 있어?! 다현은 정말 최고야!!!,0,2024-10-16T15:22:48Z,2024-10-16T15:22:48Z
UgxrWZBU8DlKogfRoV94AaABAg,,False,@Jade06131,Beautifull voice❤,0,2024-10-16T15:22:38Z,2024-10-16T15:22:38Z
Ugw5zKA4NHZTpFkxVo94AaABAg,,False,@mr.capushino1522,Our Dahyun  is so talented I am so proud of her 🤍💝👏,3,2024-10-16T15:22:37Z,2024-10-16T15:22:37Z
UgzPGFNfRH2sAdRt9pF4AaABAg,,False,@shh.2215,"なんでも出来るダヒョン❤
好き❤",0,2024-10-16T15:22:35Z,2024-10-16T15:22:35Z
Ugwe5mqjMQBgVUFaboN4AaABAg,,False,@vcrnjmsjmdct,"I envy Dahyun who can play the guitar but to be honest, what can't Dahyun do?",0,2024-10-16T15:22:33Z,2024-10-16T15:22:33Z
UgwqXteIcF37ci_wl5Z4AaABAg,,False,@onceot9836,DAHYUN BEST GIRLLLLLL,0,2024-10-16T15:22:32Z,2024-10-16T15:22:32Z
UgyBoy_xtMBs6jamkN94AaABAg,,False,@jlyn_2728,Thank you for this gift our beautiful Dahyun! Always love hearing your voice and seeing you play the guitar. Your angelic voice can lull me to sleep. I can listen to you sing forever. 🤍,0,2024-10-16T15:22:31Z,2024-10-16T15:22:31Z
UgyRYZB4giM-dW_Ntbx4AaABAg,,False,@ghinakautsar6170,All-rounder level talent and beauty.  Dahyun is AMAZING!,0,2024-10-16T15:22:27Z,2024-10-16T15:22:27Z
UgwJKAas31AjoAZ5Doh4AaABAg,,False,@klvslou91,que precioso cantas mi amor🫶🏻🫶🏻,0,2024-10-16T15:22:24Z,2024-10-16T15:22:38Z
Ugwrms9HasPj3pJ_QzV4AaABAg,,False,@ScreenshotSeya-ko7tz,19 mins ago! ❤❤,1,2024-10-16T15:22:21Z,2024-10-16T15:22:21Z
UgxNCyd5oX1Bvj2i_7R4AaABAg,,False,@onceot9836,Woaahhhhhh dahyunnnnnnn,0,2024-10-16T15:22:20Z,2024-10-16T15:22:20Z
UgwYZaciyjBVFUkG3wl4AaABAg,,False,@syahrulfrey1823,"tiba-tiba banget looh neng dahyuunn, love it🥰🥰",0,2024-10-16T15:22:19Z,2024-10-16T15:22:19Z
UgxsRZja0XVRpqIbE8x4AaABAg,,False,@KimdahyunYu,My love ❤,0,2024-10-16T15:22:18Z,2024-10-16T15:22:18Z
UgxpFh219GuDGoBxFHN4AaABAg,,False,@kelll2510,다현의 목소리는 정말 완벽해!!!❤❤❤,0,2024-10-16T15:22:18Z,2024-10-16T15:22:18Z
UgxCzSvkHFZTblusQm94AaABAg,,False,@anel88,わぁ〜綺麗な手で刻まれるリズムに綺麗な声🤩お豆腐ちゃんの楽器のセンス✨かっこいい🎉,36,2024-10-16T15:22:09Z,2024-10-16T15:22:09Z
UgytJcjh1GGMzf6ScBF4AaABAg,,False,@matcharuji,"DAHYUN, YOU ARE EVERYTHING 🤍✨🥰",0,2024-10-16T15:22:02Z,2024-10-16T15:22:02Z
UgyavuKEBWnUOTByWWl4AaABAg,,False,@marymary-bw2um,dahyun is the best girl,0,2024-10-16T15:21:58Z,2024-10-16T15:21:58Z
Ugx5TUZ9KF51Kg3-i9F4AaABAg,,False,@Sidicas,👏👏👏👏👏👏 DUBU~!!,0,2024-10-16T15:21:45Z,2024-10-16T15:21:45Z
UgzQbiKEHyQu_SUtQe94AaABAg,,False,@こんぶ-b3b,映画の撮影もしてたのにいつのまにかギターまで弾けるようになっちゃってるダヒョンちゃんすごすぎるやん🫨💖,0,2024-10-16T15:21:42Z,2024-10-16T15:21:42Z
Ugx0JZdlZtN_mBT4VpJ4AaABAg,,False,@kelll2510,"바쁜 일정 중에 ONCE에게 그렇게 멋진 서프라이즈를 준비하다니, 다현은 정말 천사구나😍🤍🤍",1,2024-10-16T15:21:41Z,2024-10-16T15:21:41Z
UgxtadTGBT17VMn3OyR4AaABAg,,False,@once_phin0422,목소리 너무 아름다워요🥹🥰,0,2024-10-16T15:21:37Z,2024-10-16T15:21:37Z
UgwW4GTM9bihS1yuR1R4AaABAg,,False,@Hoyloves,My love🫡,0,2024-10-16T15:21:34Z,2024-10-16T15:21:34Z
Ugz2NLWK0hb-mh3Indx4AaABAg,,False,@viafushiguro,"OH MY, TALENTED GIRL",0,2024-10-16T15:21:30Z,2024-10-16T15:21:30Z
Ugw4u9ndzNIk1h6wXzJ4AaABAg,,False,@pau_jos_,Queenhyun the best vocal ✨,1,2024-10-16T15:21:26Z,2024-10-16T15:21:26Z
Ugwvmki8wua6czlHKLh4AaABAg,,False,@seultan_sianlove1035,❤️❤️❤️,0,2024-10-16T15:21:21Z,2024-10-16T15:21:21Z
UgzTSx0gD8fgJ985Oc54AaABAg,,False,@nana-zv1yc,"ダヒョンちゃん〜🤍
なんて綺麗な歌声😢",0,2024-10-16T15:21:11Z,2024-10-16T15:21:11Z
UgxrFW98J8aCCUEpVWl4AaABAg,,False,@mimimikuma,語りかけるような声が心地良い〜☺️💞,0,2024-10-16T15:21:01Z,2024-10-16T15:21:01Z
Ugxr2O_cVagzyoNlC_J4AaABAg,,False,@AaronWilson55,Kim Star!,0,2024-10-16T15:20:47Z,2024-10-16T15:20:47Z
UgwFKD4JoEz6cm9iCPh4AaABAg,,False,@TOKIRAfrog5,dahyun…you are the best idol 😢🤍,0,2024-10-16T15:20:40Z,2024-10-16T15:20:40Z
UgwvDvGoRlyRwX88Po94AaABAg,,False,@astridmorales8797,Dahyun es lo mejor que le pudo suceder a este mundo ❤️,0,2024-10-16T15:20:30Z,2024-10-16T15:20:30Z
UgzpQD3imOr9hP4Ch_l4AaABAg,,False,@MrJulillo21,Qué voz tan preciosa y qué paz transmite al cantar y tocar guitarra ❤,0,2024-10-16T15:20:25Z,2024-10-16T15:20:25Z
UgygRTeB9hsi6ePL5Wp4AaABAg,,False,@dxjlzl8,"素敵な歌声をありがとう🤍
ダヒョンちゃんはわたしの初恋だよ〜😭😭",21,2024-10-16T15:20:24Z,2024-10-16T15:20:24Z
Ugw0vNfVCCpsiqpRGS54AaABAg,,False,@kelll2510,"세상에! 부드러운 목소리, 기타 치는 부드러움, 다현은 정말 최고야❤❤❤",1,2024-10-16T15:20:20Z,2024-10-16T15:21:51Z
UgwO1-2RUPppx3yLplx4AaABAg,,False,@chombi.0925,Me encanta,0,2024-10-16T15:20:15Z,2024-10-16T15:20:15Z
UgzBXFx7PrngbYVzt394AaABAg,,False,@parkjyo3601,Girly once saw her mom's guitar collecting dust and decided to learn how to play..,1,2024-10-16T15:20:09Z,2024-10-16T15:20:09Z
UgwjWoIw-kf-RYwb_7x4AaABAg,,False,@chombi.0925,Dahyun es tan talentosa,0,2024-10-16T15:20:06Z,2024-10-16T15:20:06Z
UgxwZmh6Vx_-8p-1cLl4AaABAg,,False,@SENSIBLE3DH,와~~~가슴이 두근거릴정도로 보컬이 너무너무너무 감미롭고 좋다😆😆😆😆😍😍😍JYP는 이거 다현이 싱글로 내주라 아니면 Monster 커버곡이라도,1,2024-10-16T15:19:53Z,2024-10-16T15:19:53Z
UgxovIroiXP62Rc6e854AaABAg,,False,@emchii6064,I knew it ❤,0,2024-10-16T15:19:47Z,2024-10-16T15:19:47Z
UgwiKdobceRvYfJBCIZ4AaABAg,,False,@AngelTheAsian,The nation’s FIRST LOVE 🤍🤍🤍,107,2024-10-16T15:19:46Z,2024-10-16T15:19:46Z
UgwnK3vAk0JiNsvcJJh4AaABAg,,False,@swaniverse,"Our talented girl,Kim dahyun!!!",0,2024-10-16T15:19:45Z,2024-10-16T15:19:45Z
UgxFUQ8TA6cGWlzST0F4AaABAg,,False,@The_EST185,❤❤❤❤,0,2024-10-16T15:19:45Z,2024-10-16T15:19:45Z
UgzrTPIuicdkMdIntAN4AaABAg,,False,@AndresOnce9,"The most multitalented artist, Kim Dahyun",0,2024-10-16T15:19:44Z,2024-10-16T15:19:44Z
UgwpLMyBVoPC2jBj07x4AaABAg,,False,@jaldajalos9713,❤❤❤🥹🥹🥺🥺,0,2024-10-16T15:19:28Z,2024-10-16T15:19:28Z
UgxbAALvypk3xESUX3V4AaABAg,,False,@punkkid28,"Made me remember her character Kim Star way back in TTT Soulmate

Amazing cover!",0,2024-10-16T15:19:27Z,2024-10-16T15:19:27Z
UgxwkQezPH4vSss-fEh4AaABAg,,False,@hajimesbiggestsimp,Thank you Queen for blessing us with a cover amidst your busy schedule!!!!!!!!,0,2024-10-16T15:19:25Z,2024-10-16T15:19:25Z
Ugw1VOZw8Rseb60Pfsl4AaABAg,,False,@lixingzhao5931,My favorite Kpop artist and her beautiful healing voice,31,2024-10-16T15:19:22Z,2024-10-16T15:19:22Z
Ugzqj9YiMHhZwke84WF4AaABAg,,False,@秋維-t4v,喜歡金多賢永遠會讓人幸福啊🥹🥹🥹,0,2024-10-16T15:19:10Z,2024-10-16T15:19:10Z
UgyvdOcLDmE8nTavtG14AaABAg,,False,@GoneGood-mb5xo,She's a Gift that's keep on giving...❤❤,2,2024-10-16T15:19:05Z,2024-10-16T15:19:05Z
UgxOvzqnUfs4zpdPg0p4AaABAg,,False,@hiiiiiiixzz,Shes amazing… i love dahyun shes so talented🤍🤍🤍,1,2024-10-16T15:18:57Z,2024-10-16T15:20:12Z
Ugxxw7RS9j-tfNNJ3514AaABAg,,False,@imannekimberly,i love you dahyun! thank you for existing.,0,2024-10-16T15:18:54Z,2024-10-16T15:18:54Z
UgybXPhjv-AxFDazbaN4AaABAg,,False,@annisatulkarimah,김다현 고마워요♡,0,2024-10-16T15:18:48Z,2024-10-16T15:18:48Z
Ugxy2FhkOhVwFqI0XT94AaABAg,,False,@서윤-k2s,바쁠텐데 시간내서 연습하고 좋은 노래 들려줘서 고마워여🤍 항상 응원해!!🍀,1,2024-10-16T15:18:46Z,2024-10-16T15:18:46Z
Ugymk0viroqlmREnz-p4AaABAg,,False,@flipsricosriquisimos,i love you dubu,0,2024-10-16T15:18:44Z,2024-10-16T15:18:44Z
Ugzx7svAAPzbDcz_NB94AaABAg,,False,@TWST-w6f,🤍🤍,1,2024-10-16T15:18:40Z,2024-10-16T15:18:40Z
Ugx4PvX3Ruj9IU-qD2J4AaABAg,,False,@yeojin-e3l,وای شاهکاره دخترممم😭,0,2024-10-16T15:18:32Z,2024-10-16T15:18:32Z
UgzRNnO8k7B9P9-E_FN4AaABAg,,False,@flipsricosriquisimos,es tan perfecta k pdo llorar,0,2024-10-16T15:18:30Z,2024-10-16T15:18:30Z
UgxU8lfr7GNJw7iHyq14AaABAg,,False,@sojalikesthesun,Always gifting us something 🥺😭💚,0,2024-10-16T15:18:29Z,2024-10-16T15:18:29Z
UgytPsxLklJR0wqeklZ4AaABAg,,False,@iamceon,"theres a reason why JYP, YG and SM wanted her 🔥💕💕",0,2024-10-16T15:18:23Z,2024-10-16T15:18:23Z
UgwS4h5_9arv2ssRaXt4AaABAg,,False,@BryanSánchez-f9o,❤😅😊🥹🫰🌹❤️🇰🇷 súper que bien genial 👍 pero ya no se que decir saludos desde Guatemala 🇬🇹 para 🇰🇷🇯🇵🫡 forever once,1,2024-10-16T15:18:16Z,2024-10-16T15:18:16Z
Ugz2MG6qm1BYpJgomyV4AaABAg,,False,@flipsricosriquisimos,dios mio t amo,0,2024-10-16T15:18:11Z,2024-10-16T15:18:11Z
Ugy76366Xf4mE9diuE94AaABAg,,False,@jungoopeupeu,so proud of our girl 😓💝💝,0,2024-10-16T15:18:10Z,2024-10-16T15:18:10Z
Ugy9SJfRCS8kBeTEWeZ4AaABAg,,False,@Ryxelle,"She always surprises us like this, and yeah of course we love it so much!",0,2024-10-16T15:18:08Z,2024-10-16T15:18:08Z
UgyTxh3p6tkF3rFlwwV4AaABAg,,False,@ranposan3923,Will gonna see Drummer Dahyun nexr,0,2024-10-16T15:17:54Z,2024-10-16T15:17:54Z
UgyLnZQ0Nu7oeTfNKZB4AaABAg,,False,@Onceuaena2129,Dahyun is super talented and all rounder and ace ,0,2024-10-16T15:17:53Z,2024-10-16T15:17:53Z
UgwsE-Zcsmonx8ad9BN4AaABAg,,False,@cijjjjconcepcion,우리 둡랑둥이! °ᗜ°,0,2024-10-16T15:17:53Z,2024-10-16T15:17:53Z
UgzdXO-xHnPhFQBYie14AaABAg,,False,@maiadmajestic,Thank you for this cover Dahyun 🥺🤍,0,2024-10-16T15:17:50Z,2024-10-16T15:17:50Z
Ugxo38mPaxhAhkGCAu54AaABAg,,False,@RediscoveryCh.,"Our lovely Kim Dahyun a.k.a Kim Star from “Time To Twice” 
Send you love, Dahyun 100% pure, beautiful girl!!",3,2024-10-16T15:17:39Z,2024-10-16T15:17:39Z
UgxKxi_ZPea_MT7zGdV4AaABAg,,False,@san__a,لا تسكتين,0,2024-10-16T15:17:37Z,2024-10-16T15:17:37Z
Ugxmn98Dbc_ib-rcAcR4AaABAg,,False,@crescent-d4w,"ドラム、ピアノ、ギター、作詞も出来て絵もめちゃくちゃ上手いし、凄いわ。

こんな優しい声なのに、ライブのステージではラップも披露するし、本当にこの子は目が離せない🤍",63,2024-10-16T15:17:35Z,2024-10-16T15:17:35Z
UgyBwBjFcg2CUNH-pPd4AaABAg,,False,@DanielRamirez-le8mk,"I love you so much Dahyun, Thanks 🤍✨",0,2024-10-16T15:17:28Z,2024-10-16T15:17:28Z
Ugyz1T4xYY-XNA_rLMN4AaABAg,,False,@san__a,Haven,0,2024-10-16T15:17:26Z,2024-10-16T15:17:26Z
Ugx7QXexgAQI-i_W-vh4AaABAg,,False,@paulagabriela3261,Omg dubu 😭🤍🫶🏻,0,2024-10-16T15:17:22Z,2024-10-16T15:17:22Z
UgynOPrvTHE1JffkVwx4AaABAg,,False,@nat4li333,the fact she's also a rapper and this vocally talented!!!!,1,2024-10-16T15:17:20Z,2024-10-16T15:17:20Z
UgyccY4XkBo_dssagy54AaABAg,,False,@FilipeTheScreamer,And... yup another hapiness medicine for me. Thank you. I'm glad that I became ONCE and have her as my main.,0,2024-10-16T15:17:18Z,2024-10-16T15:17:18Z
UgzcGPVu-vx0TTlbaxd4AaABAg,,False,@JE-dk6lc,"Thank you for such a beautiful cover, sweetie ❤❤❤",0,2024-10-16T15:17:11Z,2024-10-16T15:17:11Z
Ugx93nyrgmUHGvQu8f14AaABAg,,False,@Xxkawaiipotato-xX,She's so talented 🤍,0,2024-10-16T15:16:54Z,2024-10-16T15:16:54Z
Ugy2RBrEpCB6Fha-FR14AaABAg,,False,@ceciliawong6891,That is why Dahyun asked will ONCEs sleep early today ❤,1,2024-10-16T15:16:41Z,2024-10-16T15:16:41Z
UgwL5nPVKmp7dvAxaCR4AaABAg,,False,@indijoe,❤,0,2024-10-16T15:16:36Z,2024-10-16T15:16:36Z
UgwOcYjFacUkOongm8d4AaABAg,,False,@JeonSaya-yg3ks,My baby :((((,0,2024-10-16T15:16:31Z,2024-10-16T15:16:31Z
UgwrUT8wwM7shkJ72Jl4AaABAg,,False,@ae-ning-3,My so so Sweet Sweet Pretty Bias Dahyuneeeee!!!!🫶🏻🫶🏻🥹😊,5,2024-10-16T15:16:27Z,2024-10-16T15:16:27Z
Ugw5Q43jH_qBwQ96FuV4AaABAg,,False,@carlisalisnetmonsalveavila217,What a beautiful voice<3,0,2024-10-16T15:16:26Z,2024-10-16T15:16:26Z
UgxmdQf6AxNQPrKsVUh4AaABAg,,False,@dotherside1640,so calming,0,2024-10-16T15:16:24Z,2024-10-16T15:16:24Z
UgzT4jOfk_0kW9kekX14AaABAg,,False,@yzakgaldonez694,🤍,0,2024-10-16T15:16:22Z,2024-10-16T15:16:22Z
Ugy3805ts7c5IvwYTqt4AaABAg,,False,@san__a,يجنننن,0,2024-10-16T15:16:17Z,2024-10-16T15:16:17Z
Ugwp_fx24zXTWmlxA_J4AaABAg,,False,@JeonSaya-yg3ks,I love her so much no one understands and I don't understand I love her I swear,0,2024-10-16T15:16:16Z,2024-10-16T15:16:16Z
Ugwmk1W0enN4FpSXpzB4AaABAg,,False,@Mcvb96,hay algo que no sepa hacer esta mujer?,0,2024-10-16T15:16:12Z,2024-10-16T15:16:12Z
Ugw2ESjK6cxVjckrpgx4AaABAg,,False,@dubuo77,我愛你,0,2024-10-16T15:16:10Z,2024-10-16T15:16:10Z
Ugy1CUTtp0cuy2J15d54AaABAg,,False,@san__a,يربي الصوت,0,2024-10-16T15:16:07Z,2024-10-16T15:16:07Z
UgysLiXTKpyK4XUP9pV4AaABAg,,False,@Dahyunlover_,Dahyun 🤍,0,2024-10-16T15:16:06Z,2024-10-16T15:16:06Z
UgxbUbNnqUE3hox1DW94AaABAg,,False,@ckim7267,"You should sing OST starting now, because you have soft voice it suited well. And also i'm into your deep voice too.",20,2024-10-16T15:16:03Z,2024-10-16T15:16:03Z
Ugzv2UyFoz43x0YRrRx4AaABAg,,False,@Girlmadebybangchan,DAHYUN IS SO ADORABLE,0,2024-10-16T15:16:01Z,2024-10-16T15:16:01Z
Ugz4HXVH7sexstBs_H94AaABAg,,False,@oziithan.lovemyglandfazer,あああああああああ！！！！かわいいい！いい！！！！！てんしぃ！！！！！,11,2024-10-16T15:15:57Z,2024-10-16T15:15:57Z
UgzPmOTbVyGNYrfYTFh4AaABAg,,False,@サパ-g9n,最高❤,1,2024-10-16T15:15:56Z,2024-10-16T15:15:56Z
UgzSeqAmTbA3deuFjg94AaABAg,,False,@san__a,الاغنيههه احبهااا,0,2024-10-16T15:15:55Z,2024-10-16T15:15:55Z
UgwpmAeIuW94DZh5pUN4AaABAg,,False,@DomingaBarros-d1v,Saquen le un solo a esa mujer 😭😭😭,0,2024-10-16T15:15:53Z,2024-10-16T15:15:53Z
UgzYHW3HfheVZj5T5a54AaABAg,,False,@twice_twice_21,My multi talented queen 👑,0,2024-10-16T15:15:47Z,2024-10-16T15:15:47Z
UgymvCKwKjcgSVqtQBt4AaABAg,,False,@yosanghelee8943,"dahyun, thank you for this song cover ❤  i love it 😌🫶",0,2024-10-16T15:15:46Z,2024-10-16T15:15:46Z
UgyGxXP7aRX91cz_3Ft4AaABAg,,False,@Freddypaulc,Jyp dahyun solo,0,2024-10-16T15:15:44Z,2024-10-16T15:15:44Z
UgyJ8sckRY5q3_mJinl4AaABAg,,False,@Ddubu-r9r,l love you dahyun🥺🥺you always give me energy when  I'm down🥺,0,2024-10-16T15:15:38Z,2024-10-16T15:15:38Z
UgxzFbKY4qGfYfGTDyp4AaABAg,,False,@Мора-ъ9г,That's great! I really love it 😭💔,0,2024-10-16T15:15:29Z,2024-10-16T15:15:29Z
UgyJJCqFaIKvDbuh_mB4AaABAg,,False,@TheGauravkumarrathore,Imagine a full solo album by Dahyun in future!,8,2024-10-16T15:15:28Z,2024-10-16T15:15:28Z
UgywBYPC9xTzq7CiIqN4AaABAg,,False,@edreanborabo7384,Dahyun <Dayum 🔥,0,2024-10-16T15:15:23Z,2024-10-16T15:15:23Z
UgxQnjDHPXVSpxvDAwV4AaABAg,,False,@rajipalani9877,Slay DAHYUN ❤️👑💗,2,2024-10-16T15:15:05Z,2024-10-16T15:15:05Z
Ugx3yZkfQz08IepbLx54AaABAg,,False,@rady0910,1st,0,2024-10-16T15:15:05Z,2024-10-16T15:15:05Z
UgyzehvrCxNkKpuJyQV4AaABAg,,False,@GarretteCamero,🤍,0,2024-10-16T15:15:03Z,2024-10-16T15:15:03Z
UgzT-g2uwq3y7xoRzDF4AaABAg,,False,@jeremywest5677,genius,0,2024-10-16T15:15:01Z,2024-10-16T15:15:01Z
UgxBtYEOBpsKOgBpd1N4AaABAg,,False,@esvinpetet7688,❤Dahyun gracias por todo 😊,0,2024-10-16T15:14:59Z,2024-10-16T15:15:12Z
Ugxdz85JPjSv73R0Y6d4AaABAg,,False,@Myouiminari_b_m,"So beauthful, is awesome 😍🥰🥲",0,2024-10-16T15:14:58Z,2024-10-16T15:14:58Z
UgyLQiaDYPI61WoZzst4AaABAg,,False,@waakemeup0528,thank you dahyun for this beautiful cover,0,2024-10-16T15:14:55Z,2024-10-16T15:14:55Z
Ugxo2iEg-M__ThtK6QZ4AaABAg,,False,@Supudah,❤,0,2024-10-16T15:14:48Z,2024-10-16T15:14:48Z
UgycVMDMFCRyfUdrT4Z4AaABAg,,False,@cacauwdahy,DAHYUNNNNNN 🧸,0,2024-10-16T15:14:44Z,2024-10-16T15:14:44Z
Ugx8ztk6A2yMqEgf4Z54AaABAg,,False,@spideys10gamerstech98,Early This Time.,0,2024-10-16T15:14:43Z,2024-10-16T15:14:43Z
Ugz9c0Lujc9xA88AA854AaABAg,,False,@vivistar2350,I'm back,0,2024-10-16T15:14:42Z,2024-10-16T15:14:42Z
Ugx9DWddo_tcyrzOC9d4AaABAg,,False,@ids1606,Beautiful voice Dahyun,0,2024-10-16T15:14:40Z,2024-10-16T15:14:40Z
UgxT2nXn_m20dZKWM454AaABAg,,False,@iMonsy2,Omgggg dahyunnn 😢,1,2024-10-16T15:14:31Z,2024-10-16T15:14:31Z
UgwrZ4v_C0Dauasje4h4AaABAg,,False,@judithresendiz7660,La mejor,0,2024-10-16T15:14:26Z,2024-10-16T15:14:26Z
UgzblGvm7cwgV9xJ6414AaABAg,,False,@119_44,"the one true idol, out dahyun 🤍",0,2024-10-16T15:14:23Z,2024-10-16T15:14:23Z
UgwNt0AenLDqW5N9j-B4AaABAg,,False,@kept1meless,"Que cover tan bello, te amamos Dah!",0,2024-10-16T15:14:22Z,2024-10-16T15:14:22Z
UgwIPtx-yR0zsNIJDz54AaABAg,,False,@judithresendiz7660,Te amo dahyun,0,2024-10-16T15:14:20Z,2024-10-16T15:14:20Z
Ugw4QNmZZ0aLdt5XfNR4AaABAg,,False,@Jasasanajas,Dubuuuuuu,0,2024-10-16T15:14:19Z,2024-10-16T15:14:19Z
UgzpX9OpmSIogjMRpNp4AaABAg,,False,@reenaashri,Vocals dahyun is So smooth and gorgeous,0,2024-10-16T15:14:18Z,2024-10-16T15:14:18Z
UgwMdVKn8FySeDU9zgN4AaABAg,,False,@duanetorres7426,"AAAAAHHHH NEEEM QUE PAIXÃO, QUE TUDOOOO",0,2024-10-16T15:14:17Z,2024-10-16T15:14:17Z
UgyclkphdraE2JXENP94AaABAg,,False,@imenchaalal,she is so talented ❤️,0,2024-10-16T15:14:14Z,2024-10-16T15:14:14Z
UgxYL1_X7lq0yxIDyxV4AaABAg,,False,@judithresendiz7660,Tremendo vocal,0,2024-10-16T15:14:13Z,2024-10-16T15:14:13Z
UgxW38SI4BDVzxx62VZ4AaABAg,,False,@domTT,"😭😭🤍🤍🤍💝💝💝🎙🎸🎵🎶 Wow, nice song!! I like to do a cover of Dahyun's cover of this song later!!",0,2024-10-16T15:14:12Z,2024-10-16T15:14:12Z
UgznOpZNJmPqjLJhD1t4AaABAg,,False,@KLQWqa7,Thank you girl ❤,0,2024-10-16T15:14:02Z,2024-10-16T15:14:02Z
UgxBfuGPKvbRmqA7_Pl4AaABAg,,False,@シーサー-p1p,Dahyun is so cute and cool 🤍,0,2024-10-16T15:14:02Z,2024-10-16T15:14:02Z
UgyVqvmw47TyjnlWtuh4AaABAg,,False,@rosegare,Que hermosa y talentosa,3,2024-10-16T15:14:00Z,2024-10-16T15:14:00Z
UgykYXwUImFnJXjmh214AaABAg,,False,@Cgl6515,Lindaaaaaaaa! Linda e talentosa Dahyun! ❤❤,3,2024-10-16T15:13:55Z,2024-10-16T15:13:55Z
UgxVerWzDRAtO3-Cl3B4AaABAg,,False,@youth.A,ダヒョンが贈るメッセージは心に残ります😊,0,2024-10-16T15:13:55Z,2024-10-16T15:13:55Z
Ugz9z53gfGDEQ86NXo94AaABAg,,False,@nk__j,사랑해!!,0,2024-10-16T15:13:55Z,2024-10-16T15:13:55Z
Ugwrpg54iMJ4LdJ3tAl4AaABAg,,False,@dahyunsday,i love you dahyun,0,2024-10-16T15:13:54Z,2024-10-16T15:13:54Z
UgxHhLdix-kXHEvlyKZ4AaABAg,,False,@yosanghelee8943,고마워요 두부🫶,0,2024-10-16T15:13:50Z,2024-10-16T15:13:50Z
UgxvOJaFtGuER1N68994AaABAg,,False,@saniyaiya31,Dahyun Unnie you are so talented ❤,2,2024-10-16T15:13:44Z,2024-10-16T15:13:44Z
UgzEi_zV0Disv5crvvF4AaABAg,,False,@nafisafarhat6313,Such a multi talented QUEEN,0,2024-10-16T15:13:42Z,2024-10-16T15:13:42Z
UgyLQwNUQintCe-0MDh4AaABAg,,False,@gerardotorresflores7053,She is so cute,0,2024-10-16T15:13:36Z,2024-10-16T15:13:36Z
UgwPvBuyODPRskKjIoh4AaABAg,,False,@Harry-z3h,"I really don't want to get out of the clip,,,, Dahyun, your voice is like that of a mother while singing her baby at night.🤍🕯️🤧",0,2024-10-16T15:13:36Z,2024-10-16T15:13:36Z
Ugyg6L81pZdJhBxO79d4AaABAg,,False,@Ocean_deep-c6f,Better than Lisa,1,2024-10-16T15:13:30Z,2024-10-16T15:13:30Z
Ugw-PE4N1ExHiFYTGxZ4AaABAg,,False,@handyrams4822,My Tofu is so talented 😢❤,0,2024-10-16T15:13:30Z,2024-10-16T15:13:30Z
Ugwmj4o3z4qM9yNC1TB4AaABAg,,False,@user-kw3oo8zb4y,진짜 다현이는 시간을 너무 소중하게 사용해 대단하다,0,2024-10-16T15:13:20Z,2024-10-16T15:13:20Z
UgyXb9msBMPU5hfXXYh4AaABAg,,False,@CiaraMutandiro,MY BABY IS MULTI TALENTED ❤😢,0,2024-10-16T15:13:16Z,2024-10-16T15:13:16Z
UgwsU6HT8iW9iA-eaBx4AaABAg,,False,@AlexOnce,"I watched it 4 times, I love my baby's beautiful little voice!! A real little angel singing!!",1,2024-10-16T15:13:16Z,2024-10-16T15:13:16Z
UgwVYB__lMQjyhJGarN4AaABAg,,False,@unicornknight165,Beautiful cover Dahyun 🤍 thank you! 🤍🤍,0,2024-10-16T15:13:16Z,2024-10-16T15:13:16Z
UgzGuh_Oxe3vnnuTfsh4AaABAg,,False,@Riangursada,"Dahyun we love you so much, thank you for always thinking of us 🫶",1,2024-10-16T15:13:11Z,2024-10-16T15:13:11Z
Ugyt5bSgpYRs5CL2BEZ4AaABAg,,False,@kaiiiii-m2n,Our talented dahyuniee!,0,2024-10-16T15:13:08Z,2024-10-16T15:13:08Z
UgyloUHcRpakncFw_SV4AaABAg,,False,@reenaashri,I feel like I’m in heaven,0,2024-10-16T15:13:07Z,2024-10-16T15:13:07Z
Ugy_I323xH-87uJmvDd4AaABAg,,False,@zxbrubs,🤍🤍🤍🎸,0,2024-10-16T15:13:01Z,2024-10-16T15:13:01Z
UgzHW9WvdH9K9EBbZ414AaABAg,,False,@GGININD-d4g,What a Surprise,2,2024-10-16T15:13:00Z,2024-10-16T15:13:00Z
UgxFHMGWSchhXnfyEQl4AaABAg,,False,@audrey9900,癒された。ダヒョンちゃんありがとう。,0,2024-10-16T15:12:59Z,2024-10-16T15:12:59Z
Ugw6VNz1BAzkPcg8cNl4AaABAg,,False,@Jane_Lim,Guitarist Dahyun🤍,1,2024-10-16T15:12:57Z,2024-10-16T15:12:57Z
UgwLnxgJFiu_rYvfFQJ4AaABAg,,False,@lades7563,"Elle a vraiment une très belle voix, très douce",2,2024-10-16T15:12:54Z,2024-10-16T15:12:54Z
UgwN2S62aQik6CejuDV4AaABAg,,False,@kimshinwoo07,Preety,0,2024-10-16T15:12:52Z,2024-10-16T15:12:52Z
UgwBcLXRCo4AQSw96IR4AaABAg,,False,@vieyyuu,Wow dahyun,0,2024-10-16T15:12:49Z,2024-10-16T15:12:49Z
Ugyi68PFsNGraA_bn254AaABAg,,False,@SurfersSilver,The song Dahyun cover was ARMOR BY BAEK A🥰,0,2024-10-16T15:12:49Z,2024-10-16T15:12:49Z
Ugw97B-vQbbOCBsog-l4AaABAg,,False,@ritzz_,"Someone said, ""Her voice is softer than than the pillows of a 7 star hotel"" and like this is the truest statement I have heard in a while 🗣️🌸",250,2024-10-16T15:12:48Z,2024-10-16T15:12:48Z
Ugw97B-vQbbOCBsog-l4AaABAg.A9edYEsykkGA9gVsa3nV0K,Ugw97B-vQbbOCBsog-l4AaABAg,True,@KzrLancelot,no,0,2024-10-17T08:35:33Z,2024-10-17T08:35:33Z
UgyDdSEeth7F1bXnvHp4AaABAg,,False,@Minechokito,DAHYUN SUA LINDA MINHA ESPOSA🥺🥺,1,2024-10-16T15:12:45Z,2024-10-16T15:12:45Z
UgxFrAXisAqVLb6ea1J4AaABAg,,False,@misubi,Dahyun can play the guitar now?! How does she find the time?,0,2024-10-16T15:12:42Z,2024-10-16T15:12:42Z
UgwulYlJcKC6jgDdrPR4AaABAg,,False,@jeonboo17,"dahyun’s time management skills >> like she has been doing two acting projects, twice activities, runway modelling and even preparing a cover for us! i love u dahyun",197,2024-10-16T15:12:40Z,2024-10-16T15:12:40Z
Ugxqi438GZhWHAQm-Bl4AaABAg,,False,@Chonky_boi265,Hoping that JYP will utilize Kim Star's talents in other ways.  Dahyun is just too valuable!,0,2024-10-16T15:12:37Z,2024-10-16T15:12:37Z
UgxfWC4_dYhL0dTxHmN4AaABAg,,False,@giovannareyes994,GRACIAS DUBU PRECIOSA POR TANTO 💘💘💘,0,2024-10-16T15:12:24Z,2024-10-16T15:12:24Z
UgzI_UtNuNGnzo1wnNF4AaABAg,,False,@reginachaucabenavides7933,lindo dulce puro talento de Dahyun,0,2024-10-16T15:12:22Z,2024-10-16T15:12:22Z
Ugy88ZN8zoJiPLQKEKl4AaABAg,,False,@karygx,"We love you Dahyun, you have a beautiful voice, you’re so talented, thank you for writing songs, I really love “crazy stupid love”, thanks for share your soul with us 🤍✨ 
And don’t forget that you’re brave and talented, and obviously funny, we love you as long as you are, behind or in front of cameras 🤍",0,2024-10-16T15:12:19Z,2024-10-16T15:12:19Z
UgwSR5TIwYbWUK8XpzV4AaABAg,,False,@kazumajames5249,ダヒョナ！！！,0,2024-10-16T15:12:18Z,2024-10-16T15:12:18Z
Ugznid9vInJ-tjMakF54AaABAg,,False,@melfinamor,I love you Dahyun🤍,1,2024-10-16T15:12:16Z,2024-10-16T15:12:16Z
Ugw8mCQXUAw3z6Scxgl4AaABAg,,False,@lomlloml8892,Dahyun best girl ❤,0,2024-10-16T15:12:12Z,2024-10-16T15:12:12Z
UgzW3Ip_eQ8Gd3a9p3d4AaABAg,,False,@goldfever7384,美声すぎて一生聴いてられるよダヒョンちゃん…🤍,13,2024-10-16T15:12:11Z,2024-10-16T15:12:11Z
Ugxmjy0zB7oPpx-vOSN4AaABAg,,False,@5thchild7007,"and just when im in the days /time that im at my lowest, losing myself to alcohol as a coping mechanism, and overthinking my mind. here goes my angel Dahyun singing the sorrows and doubts out of my mind thru her caring and soft melodies. 🥹 i love you so much kim dahyun. so much",0,2024-10-16T15:12:09Z,2024-10-16T15:13:04Z
UgzFmNy0kRK4UikrDBZ4AaABAg,,False,@BigPhi84,Love watching Dahyun playing guitar and singing! ❤❤❤,10,2024-10-16T15:12:07Z,2024-10-16T15:12:07Z
Ugzq1QNpmzkkNMutAzd4AaABAg,,False,@annab7254,"meu amor❤ 
pq tudo que faz é com tamanho sentimento, honestamente vc sempre me emociona.
 obrigada por esse cover, tão fofa nossa Dub de óculos e coque

eu te amo tanto, Deus te abençoe 😘 ❤",0,2024-10-16T15:12:04Z,2024-10-16T15:12:04Z
UgzWcCvAEFuJh9GLAJJ4AaABAg,,False,@rivergin2425,❤❤❤,0,2024-10-16T15:11:59Z,2024-10-16T15:11:59Z
Ugyd_iqBMmSQZ-xg8mt4AaABAg,,False,@thisisj07,thankyou dahyuniee!! what a lovely voice,0,2024-10-16T15:11:59Z,2024-10-16T15:11:59Z
UgzanwaAK-UW1gAPe8J4AaABAg,,False,@息-w8x,多才だな,0,2024-10-16T15:11:58Z,2024-10-16T15:11:58Z
UgxdDa5yZMpphey0Y4N4AaABAg,,False,@s.neha2025,Wow! Her voice,0,2024-10-16T15:11:58Z,2024-10-16T15:11:58Z
UgzDlnS1bYCzBKaTJW54AaABAg,,False,@mrpikachu3154,❤ Thank you 😊,0,2024-10-16T15:11:54Z,2024-10-16T15:11:54Z
Ugy2gQmXloK4g-p3wp14AaABAg,,False,@muerteoo,Our Dahyun is so thoughtful and talented 🩵🩵🩵,46,2024-10-16T15:11:50Z,2024-10-16T15:11:50Z
Ugy-JmsLkVCM6Br3t2J4AaABAg,,False,@brendamedranosolar3759,Dahyun cover!!!! 🎉❤,0,2024-10-16T15:11:48Z,2024-10-16T15:11:48Z
UgxE1-jp1JXCZkiEiqd4AaABAg,,False,@RobbyStiwie,😊😊😊,0,2024-10-16T15:11:45Z,2024-10-16T15:11:45Z
UgzoeRtSSZ5BpTb5w3x4AaABAg,,False,@CheezeBerry96,OUR TALENTED DAHYUNIE 🤍 WE LOVE YOU,0,2024-10-16T15:11:42Z,2024-10-16T15:11:42Z
UgzjrIBAG2y5GWZiD7x4AaABAg,,False,@arkhtt,"Such a beautiful cover!! Thank you so much, Dahyun ~ You brought light to my night!! ❤",0,2024-10-16T15:11:39Z,2024-10-16T15:11:39Z
UgzBMA7jdeERuizIXPN4AaABAg,,False,@kanisweetie..,Awww dahyun has a unique voice love tz❤❤❤❤,0,2024-10-16T15:11:39Z,2024-10-16T15:11:39Z
Ugwec9GJLjBnQL2i_4Z4AaABAg,,False,@RKV1700,"🥺 WOW! DAHYUN's VOICE Is Just Sooo SWEET & Soo MELODIOUS. She Always Gives Us These Little SURPRISE Covers 🥺🤍 ahh Love Her Soo Much Love You DAHYUN Loved THIS Cover So Much DAHYUN My ""FIRST LOVE"" 🤍.",0,2024-10-16T15:11:38Z,2024-10-16T15:11:38Z
Ugwu-lExdJYdpn2CxEl4AaABAg,,False,@rogerin5069,es que yo la amo ;-;,0,2024-10-16T15:11:35Z,2024-10-16T15:11:35Z
Ugz4FTvZ75eQeHOTeCx4AaABAg,,False,@tccandler,All-rounder level talent and beauty.  Dahyun is AMAZING!,1602,2024-10-16T15:11:33Z,2024-10-16T15:11:33Z
Ugz4FTvZ75eQeHOTeCx4AaABAg.A9edP7JlZL_A9eeF5Bk7bX,Ugz4FTvZ75eQeHOTeCx4AaABAg,True,@AndresOnce9,"Yes, she is an Ace",28,2024-10-16T15:18:55Z,2024-10-16T15:18:55Z
Ugz4FTvZ75eQeHOTeCx4AaABAg.A9edP7JlZL_A9eeMIr7z_a,Ugz4FTvZ75eQeHOTeCx4AaABAg,True,@otakumonkey,@@tccandler you better make Dubu(Dahyun) number one.,16,2024-10-16T15:19:54Z,2024-10-16T15:19:54Z
Ugz4FTvZ75eQeHOTeCx4AaABAg.A9edP7JlZL_A9eh7q6hmfv,Ugz4FTvZ75eQeHOTeCx4AaABAg,True,@mandafarahdina,Ofc,8,2024-10-16T15:44:09Z,2024-10-16T15:44:09Z
Ugz4FTvZ75eQeHOTeCx4AaABAg.A9edP7JlZL_A9ehRRctNeo,Ugz4FTvZ75eQeHOTeCx4AaABAg,True,@friesday17,Fact!,10,2024-10-16T15:46:49Z,2024-10-16T15:46:49Z
Ugz4FTvZ75eQeHOTeCx4AaABAg.A9edP7JlZL_A9ehdYleI4T,Ugz4FTvZ75eQeHOTeCx4AaABAg,True,@twiceisallabout1758,@@otakumonkey Sana will be number one. She rised every year like other idols so its her turn,4,2024-10-16T15:48:36Z,2024-10-16T15:48:36Z
Ugy2fB0N6cRoTUdmBv94AaABAg,,False,@gremsen1335,Awwwww our dubzz. I love her...,0,2024-10-16T15:11:32Z,2024-10-16T15:11:32Z
UgxANEY_EbyyLhPzclN4AaABAg,,False,@Mikail7777-7,❤❤❤,0,2024-10-16T15:11:24Z,2024-10-16T15:11:24Z
UgzwvIIzi9hmd2ohxvB4AaABAg,,False,@HenryL__,🤍D🤍A🤍H🤍Y🤍U🤍N🤍,0,2024-10-16T15:11:21Z,2024-10-16T15:11:21Z
Ugz4rSmkUJ5Y78Sda294AaABAg,,False,@kopivii,she's talented in all ways ❤️,0,2024-10-16T15:11:17Z,2024-10-16T15:11:17Z
UgxAS6aWSuid2b8G1SN4AaABAg,,False,@MoonlightDub-f7e,Keren,0,2024-10-16T15:11:15Z,2024-10-16T15:11:15Z
UgzJPp6P_aT1RyyBBs14AaABAg,,False,@Asyik67,Miss Kim Dahyun your voice so soft. Going to see more your upcoming movie. I hope get to see your own mv.❤,1,2024-10-16T15:11:10Z,2024-10-17T00:40:16Z
Ugw5YCeeN5MK_CE4j0x4AaABAg,,False,@camilabaez7960,Cómo alguien puede ser tan perfectaa❤❤❤❤❤,0,2024-10-16T15:11:09Z,2024-10-16T15:11:09Z
Ugwks4GezE2titUWspV4AaABAg,,False,@ValerieBonilla,SARANGHAE KIM DAHYUN 😭 YOU ARE SO TALENTED,0,2024-10-16T15:11:09Z,2024-10-16T15:11:09Z
UgxhYrp30LBjOZQ7gf14AaABAg,,False,@sekheyalacay8692,Dahyun i hope u cover the song mirae soon,0,2024-10-16T15:11:01Z,2024-10-16T15:11:01Z
Ugw_7m-OBnkGioZ_9wd4AaABAg,,False,@butIdont,"omg omg i'm in heaven 😍 so talented, she trully can do it all",0,2024-10-16T15:11:01Z,2024-10-16T15:12:43Z
UgyykvE7QgBXOyg2s_V4AaABAg,,False,@blood_swan8207,"No sabía que necesitaba esto, muchas gracias Dubu 🥹🥹 TE AMO ❤️❤️❤️❤️",0,2024-10-16T15:11:00Z,2024-10-16T15:11:00Z
UgxfMw3gEhunPlce2Pd4AaABAg,,False,@Hoggisch,Dubu dub dub dub Dubu Dahyunnniieeee,0,2024-10-16T15:10:59Z,2024-10-16T15:10:59Z
UgwuR6XboNZivcj7-lN4AaABAg,,False,@Yourfav496,Her vocal tone is so pretty,0,2024-10-16T15:10:59Z,2024-10-16T15:10:59Z
UgxEhxrloZZ8sjyr1U94AaABAg,,False,@blakeamajiki258,I love dahyun ❤,1,2024-10-16T15:10:58Z,2024-10-16T15:10:58Z
UgywZ0Mnch1xUKm8fEl4AaABAg,,False,@ze-di6wg,多贤的声线真的很好听 很透彻的感觉❤,1,2024-10-16T15:10:56Z,2024-10-16T15:10:56Z
UgzczsUUmIZOALOoGfJ4AaABAg,,False,@07kdh,"I couldn't wish for a better gift, thank you for being with us for 9 years 🤍 Here's to many more to come! 🎉🥰",0,2024-10-16T15:10:52Z,2024-10-16T15:10:52Z
Ugzk4VvXjgSXmEH1aZF4AaABAg,,False,@ritzz_,"I cannot emphasize enough how much I'm in love with this woman and the whole group in general...I hope they know they have saved lives of so many people and are proud of themselves just like we are of them ❤️

Ps: Kim Dahyun can literally do everything, name it and she does it. Talented QUEEN KIM STAR ⭐",0,2024-10-16T15:10:49Z,2024-10-16T15:10:49Z
UgxrNrrEWaUlVBkmi8B4AaABAg,,False,@CheezeBerry96,THANK YOU DAHYUNIE 🥺🤍,0,2024-10-16T15:10:48Z,2024-10-16T15:10:48Z
UgzI6M4ii1WVvyDNy4B4AaABAg,,False,@ot9islifenjmsjmdct,"Siento que no he dicho lo suficiente cuánto amo a Kim Dahyun, cuánto amo que ella nos de estos covers, cuánto amo que toque la guitarra también, cuánto amo su lindo corazón. 
Ahora sí... Buenos días 😭🤍",0,2024-10-16T15:10:42Z,2024-10-16T15:10:42Z
UgzFxvTCeBucGfIN0o94AaABAg,,False,@Once_tanaka,日産の変わらないものを思い出して泣きそう,1,2024-10-16T15:10:41Z,2024-10-16T15:10:41Z
UgzmSXWb4lodUmL8npd4AaABAg,,False,@lucykang9031,우리 다현이 바쁠텐데 이런 서프라이즈 선물이라니 진짜 감동이야 우리 둡 사랑해🤍,1,2024-10-16T15:10:40Z,2024-10-16T15:10:40Z
UgwlSV6ViW_p9d0-GkR4AaABAg,,False,@trodat07,The only bad thing about these sweet little music covers from Dahyun is that she doesn't release one every week.,0,2024-10-16T15:10:40Z,2024-10-16T15:10:40Z
UgxIX9nJq2zH7IWeDxZ4AaABAg,,False,@KimTofuu,TE AMO DAHYUN ❤❤❤,0,2024-10-16T15:10:35Z,2024-10-16T15:10:35Z
UgyMEh2cLzWaITkoO7l4AaABAg,,False,@MoonlightDub-f7e,Keren,0,2024-10-16T15:10:34Z,2024-10-16T15:10:34Z
Ugx818NtPGhlablM-Yx4AaABAg,,False,@jpar12,Waahh imma loop this till I fall asleep. Dahyun's voice is so relaxing.,1,2024-10-16T15:10:33Z,2024-10-16T15:10:33Z
Ugwrew4NrLo6ppXCoR14AaABAg,,False,@shadowz0109,Dubu queen of ONCEu,0,2024-10-16T15:10:27Z,2024-10-16T15:10:27Z
UgyjglDVVlxv9h5m4Y14AaABAg,,False,@meryam_a11,Love you dahyun,0,2024-10-16T15:10:26Z,2024-10-16T15:10:26Z
Ugw8lqUUGMJAJxZNi9F4AaABAg,,False,@ryanguerra6032,Our talented school meal club leader DUBU❤❤,0,2024-10-16T15:10:25Z,2024-10-16T15:10:25Z
UgwVrRYFiBc8RoYPn6x4AaABAg,,False,@Izzyyyyyy,LINDA   !! 🤍,0,2024-10-16T15:10:25Z,2024-10-16T15:10:25Z
Ugy5awFuDsvrNHOE-6p4AaABAg,,False,@Hellokitty_391,She sounds better at singing than rapping tbh,0,2024-10-16T15:10:23Z,2024-10-16T15:10:23Z
UgygMoINa9JDAvxF0xN4AaABAg,,False,@mayb58,"My four biases were Dahyun, Nayeon, Sana and Jihyo but I am downsizing and needed to pick only one… Dahyun will be the only one I will keep in my collection ❤",0,2024-10-16T15:10:23Z,2024-10-16T15:10:23Z
Ugym6IVDf7xFn8IogOV4AaABAg,,False,@林佳瑩-j1g,多賢真的是模範生🥹,0,2024-10-16T15:10:21Z,2024-10-16T15:10:21Z
UgzjDEAXQ503au1L6fV4AaABAg,,False,@TatiDemi,TE AMO KIM DAHYUN,0,2024-10-16T15:10:20Z,2024-10-16T15:10:20Z
Ugy1r6lHOs3ZRGdI7_N4AaABAg,,False,@penguinhunter324,다현아 선물 고마워🥺❤️,0,2024-10-16T15:10:20Z,2024-10-16T15:10:20Z
UgzGjdwVBJ-4rcvXRr54AaABAg,,False,@jajiua1203,OMG why Dahyun is so perfect i love her so much🥹🤍,7,2024-10-16T15:10:16Z,2024-10-16T15:10:16Z
UgwjNH9GPowF9KA3dIt4AaABAg,,False,@notapro6339,Heart melting voice...dahuynna saraanghe ❤️😘💕💕,6,2024-10-16T15:10:15Z,2024-10-16T15:10:15Z
Ugw1i7GAeEquWWE4yJl4AaABAg,,False,@imas2nd,다현이 기타 너무 잘친다ㅜㅠ 진짜 다재다능 우리 두부🤍,1,2024-10-16T15:10:15Z,2024-10-16T15:10:15Z
UgzlXprapBmAN9J6PE14AaABAg,,False,@thefeelsisalcohol-free3821,I'm crying,0,2024-10-16T15:10:13Z,2024-10-16T15:10:13Z
Ugwg4n1OYNoeErI7oKB4AaABAg,,False,@Akira4nishikido,"DAHYUN stans？
↓",0,2024-10-16T15:10:11Z,2024-10-16T15:10:11Z
Ugz7ChywMHwUctYkOUV4AaABAg,,False,@ame447,すき,0,2024-10-16T15:10:10Z,2024-10-16T15:10:10Z
Ugxahy9iTlSvnNCbNZ14AaABAg,,False,@hmmm0105,❤❤,0,2024-10-16T15:10:07Z,2024-10-16T15:10:07Z
UgwLjy2HY12aEEj5yq94AaABAg,,False,@AnaCaroline020,BRAZIL LOVES YOU 🇧🇷,0,2024-10-16T15:10:06Z,2024-10-16T15:10:06Z
UgyOJtKOiWzQz8fPaKx4AaABAg,,False,@MoonlightDub-f7e,I love you,0,2024-10-16T15:10:06Z,2024-10-16T15:10:06Z
UgwWWTAk5MDEXxWnIf94AaABAg,,False,@Soouyaby,TE AMO KIM DAHYUN  ❤,0,2024-10-16T15:10:03Z,2024-10-16T15:10:03Z
UgyIl2lk5ouw12LB11p4AaABAg,,False,@dahyucks,the sweetest voice and vocals,0,2024-10-16T15:09:57Z,2024-10-16T15:09:57Z
UgxCX0jOdlLCAxjHjyF4AaABAg,,False,@brunocastrotorero3503,"Sigo insistiendo y protesto, Dahyun necesita un debut en solo lo mas pronto posible, un buen mini album de puro jazz balada o canciones acústicas y ese album se vende al toque, sigue así Dahyun 🥳❤️",1,2024-10-16T15:09:57Z,2024-10-16T15:09:57Z
UgzIo-wfLSQKRQliCBB4AaABAg,,False,@Lilixsaaet,DAHYUNNNNN ❤,0,2024-10-16T15:09:56Z,2024-10-16T15:09:56Z
UgzlURDRs0Ubv8b5enV4AaABAg,,False,@avmaga6939,That's the best gift I have ever had,2,2024-10-16T15:09:55Z,2024-10-16T15:09:55Z
Ugyhl26qdk4zoZ0vBC94AaABAg,,False,@chachachooow,"I just love you so much, Dahyun. Tonight, you saved me again.",3,2024-10-16T15:09:53Z,2024-10-16T15:09:53Z
UgzXFaQBiXygmyQgwP94AaABAg,,False,@michaeljohnlee791,Watching from PH 🇵🇭,1,2024-10-16T15:09:51Z,2024-10-16T15:09:51Z
UgzO5le6zfMJGRxeJSt4AaABAg,,False,@blueblack9802,Dahyun this is beautiful 🥹,0,2024-10-16T15:09:48Z,2024-10-16T15:09:48Z
Ugzw9Z6KTy_FIwtAO994AaABAg,,False,@jkst_,DAHYUNNNNNNN,0,2024-10-16T15:09:47Z,2024-10-16T15:09:47Z
UgyO9QOmQdfeIHWuDJh4AaABAg,,False,@트둥이나연짱-i2f,첫사랑 백아님 버전이랑은 다른느낌이라서 오히려 색다르고좋네요 ㅎㅎ,0,2024-10-16T15:09:44Z,2024-10-16T15:09:44Z
Ugx1od_Wqw6KK8Is8Dl4AaABAg,,False,@AngelTheAsian,We love you SO MUCH DAHYUN 🤍,0,2024-10-16T15:09:43Z,2024-10-16T15:09:43Z
Ugy18coTDnxhxZKEKip4AaABAg,,False,@masterpan-m5o,😭,0,2024-10-16T15:09:42Z,2024-10-16T15:09:42Z
Ugx5WiOhvg7jp2PGB3x4AaABAg,,False,@N-Yang,❤❤,0,2024-10-16T15:09:40Z,2024-10-16T15:09:40Z
UgwL-f-ybAxhHnDP0Xd4AaABAg,,False,@noronoronofoxy,❤💯,0,2024-10-16T15:09:39Z,2024-10-16T15:09:39Z
UgwLUe2g0iH9UQMVWlp4AaABAg,,False,@lidiavargaspaucar6321,tempranoooo te quiero Dahyunnn 🤭,0,2024-10-16T15:09:38Z,2024-10-16T15:09:38Z
UgzaWS5l3TIqE_5Hx3h4AaABAg,,False,@gsr4535,"Yay, Dahyun!   😉👍😍",0,2024-10-16T15:09:37Z,2024-10-16T15:09:37Z
Ugy0kUQnZy8AUcHyjyt4AaABAg,,False,@kolibri5069,What she can't do?,0,2024-10-16T15:09:36Z,2024-10-16T15:09:36Z
UgwHB_ykhvl3U-hNVNB4AaABAg,,False,@lchi0,"vẫn luôn là cô gái ngọt ngào của ONCE, yêu Kim Dahyun rất nhiều",0,2024-10-16T15:09:35Z,2024-10-16T15:09:35Z
Ugx6nXCjLTAUOZOPesp4AaABAg,,False,@AnaCaroline020,"The voice of an angel... so beautiful... My utt is always rocking, we love you hyun.",0,2024-10-16T15:09:33Z,2024-10-16T15:09:57Z
Ugy5I8bM4cgVjSP5L2p4AaABAg,,False,@aougff,A voz do anjo sussurrou no meu ouvido,0,2024-10-16T15:09:32Z,2024-10-16T15:09:32Z
Ugw11TcF9mQsWzUXWpl4AaABAg,,False,@michaeljohnlee791,❤❤❤,1,2024-10-16T15:09:32Z,2024-10-16T15:09:32Z
UgyaKRqzAztJiGU-Pmt4AaABAg,,False,@EmmaGiven,"Dahi, what did you do to me? You made me get beaten by my mother 😂😂 because of the screaming ++ Dahi is the best in everything ❤❤",0,2024-10-16T15:09:31Z,2024-10-16T15:09:31Z
UgyJUxeCDMRYTTYTGQ54AaABAg,,False,@carolgamer2148,"Dhayun I love you❤ you sing and play very well, I wish you all the best",0,2024-10-16T15:09:28Z,2024-10-16T15:09:28Z
Ugx0U4UXnoywYNBQpGB4AaABAg,,False,@배으고으파으심으심으,캬~ 좋다~ 진짜 좋다~ 오늘 늦게 자는지 물어본거 보고 진짜 기대했다구~ 그리고 기대 이상이라구~🤍,46,2024-10-16T15:09:25Z,2024-10-16T15:09:25Z
Ugzn9b7vRxhK8SCkrWh4AaABAg,,False,@thaisluz5894,i love you so much it hurts,0,2024-10-16T15:09:21Z,2024-10-16T15:09:21Z
Ugwc5X08PiH2ERxf--h4AaABAg,,False,@Ke-xz2nw,다현아 사랑해 ^^🥰,3,2024-10-16T15:09:20Z,2024-10-16T15:09:20Z
Ugxe4mItDl9RwiJ8Mh14AaABAg,,False,@1031N-d6g,最高のカバーありがとう😭横顔も声も美しくてほんとに最高の推しです。最後かわいい！,5,2024-10-16T15:09:16Z,2024-10-16T15:09:16Z
Ugx6bYnFcHG7cIu4xE14AaABAg,,False,@DBU-mm7gu,다현이는 우리의 첫사랑이예요🤍🤍🤍,39,2024-10-16T15:09:16Z,2024-10-16T15:09:16Z
UgxtV2ZFP02U_Oc0pZp4AaABAg,,False,@jkthlil1390,"dahyun told us to sleep late and she released this cover.. i love it so much, thank you💓",0,2024-10-16T15:09:16Z,2024-10-16T15:09:16Z
UgwZaw1We5e4abYHzHV4AaABAg,,False,@SanaOpssiMonsana,둡🤍🤍🤍🤍,0,2024-10-16T15:09:15Z,2024-10-16T15:09:15Z
UgzTFLLfeLIsbJ3xk3Z4AaABAg,,False,@ruthcarbo8881,GRACIAS DAHYUN ES EL MEJOR REGALO QUE ONCE PUEDE TENER NO TE MERECEMOS  😭💗,0,2024-10-16T15:09:15Z,2024-10-16T15:09:15Z
UgwzoJAFEIpcHgbELR14AaABAg,,False,@xXxGabimaruxXx,DUBU BEST GIRL!!!,0,2024-10-16T15:09:11Z,2024-10-16T15:09:11Z
UgyoKTicbP05vSTcxwV4AaABAg,,False,@mayb58,😮😮😮😮😮😮,0,2024-10-16T15:09:11Z,2024-10-16T15:09:11Z
UgwlZiBqJO4OSzktet94AaABAg,,False,@Pandream1117,Dahyun 😍😍❤️❤️🤍🤍,1,2024-10-16T15:09:04Z,2024-10-16T15:09:04Z
UgxRBK4dHwuOP-D71l54AaABAg,,False,@naa.gero94,Soooo talent my ultt,0,2024-10-16T15:09:03Z,2024-10-16T15:09:03Z
UgxqPfibCL2i2cr-yNB4AaABAg,,False,@JanineCandido9,🫶🏻,0,2024-10-16T15:09:02Z,2024-10-16T15:09:02Z
UgyBIeM8UK-LBok54zt4AaABAg,,False,@to.duuuube,"優しい声とギター最高！
ほんとにダヒョンちゃんすごい‎🤍‎",8,2024-10-16T15:08:56Z,2024-10-16T15:08:56Z
UgwjLwDP8dDLT6s83L14AaABAg,,False,@Naily_đu_twiceaespa,I love dahyunnnnnnnnnn😭😭😍😍🥰🥰,0,2024-10-16T15:08:56Z,2024-10-16T15:08:56Z
UgxOVwHasN6z6d0tqNZ4AaABAg,,False,@MoonlightDub-f7e,Actress Dahyun,1,2024-10-16T15:08:55Z,2024-10-16T15:08:55Z
UgyZoTDK___wJh90qIh4AaABAg,,False,@jihyoshusband,우리 다혀니 ❤❤❤❤,0,2024-10-16T15:08:54Z,2024-10-16T15:08:54Z
Ugx0358N_Pmc7TDxW2t4AaABAg,,False,@eifho_udcki_,最高すぎるよ,0,2024-10-16T15:08:51Z,2024-10-16T15:08:51Z
UgwbJ5pkpjwm83ZzccJ4AaABAg,,False,@ShyShuShu,Our talented Dahyun ❤️ truly an ace,0,2024-10-16T15:08:50Z,2024-10-16T15:08:50Z
Ugwra4Q6MSAOKSRx45d4AaABAg,,False,@MoMo-cu3jb,Uwuuuuuu,0,2024-10-16T15:08:49Z,2024-10-16T15:08:49Z
UgxiLmBPBLefK6rcyV54AaABAg,,False,@MSCreationsOff,Her voice is so sweet! I luv it <3,0,2024-10-16T15:08:49Z,2024-10-16T15:08:49Z
UgyeS34ZurIozKcrUPd4AaABAg,,False,@핑쿠MOVELY,"우리 두부최고🤍❤️ 두부하고싶은거다해!
멋지다~~!!!!",41,2024-10-16T15:08:49Z,2024-10-16T15:08:49Z
UgxAI7QKN6Lei_CfWY14AaABAg,,False,@charmainealemania6796,🥰🥰🥰,0,2024-10-16T15:08:48Z,2024-10-16T15:08:48Z
UgwdB20JqQs1f8tbwEx4AaABAg,,False,@Lee-AnnTana,"WHAT A LOVELY SURPRISE, DAHYUN. THANK YOU SO MUCH🤍🤍",1,2024-10-16T15:08:45Z,2024-10-16T15:08:45Z
UgzisVSuwNb1rVbIBuN4AaABAg,,False,@AnwarAli-ps3jg,Aww 🥺😭❤️‍🩹❤️‍🩹,0,2024-10-16T15:08:45Z,2024-10-16T15:08:45Z
UgxcQBpH1Nk2sYFUDBx4AaABAg,,False,@lamrongpeng533,"Dahyun loves ONCE ❤
ONCE loves Dahyun ❤",0,2024-10-16T15:08:45Z,2024-10-16T15:08:45Z
Ugyyw9qabhYlJQ-5qlF4AaABAg,,False,@1.huynhmyai459,"I love you, my Dubu",0,2024-10-16T15:08:44Z,2024-10-16T15:08:44Z
UgyZSwllcpRqK66TWl94AaABAg,,False,@AvishiBabbar,Give her a solo pleaseeee!!!!,0,2024-10-16T15:08:43Z,2024-10-16T15:08:43Z
Ugylo33zwdjVAwLTDdx4AaABAg,,False,@한여름-g9l,누나 더할나위 없었다 yes,0,2024-10-16T15:08:39Z,2024-10-16T15:09:23Z
UgyA5FOsit_OubzqKSx4AaABAg,,False,@lailane1.0,EU  TE AMO TANTO KIM DAHYUN!!!!,0,2024-10-16T15:08:38Z,2024-10-16T15:08:38Z
UgzSaz_7kEpz12k_lqR4AaABAg,,False,@chacaraepunya4295,sayangku❤,1,2024-10-16T15:08:37Z,2024-10-16T15:08:37Z
UgyOoaWFOPpSsaMeefZ4AaABAg,,False,@kenzopvillanueva7744,Best new actress Kim Dahyun can sing and play guitar too?!,4,2024-10-16T15:08:36Z,2024-10-16T15:08:36Z
Ugw7l7-YO8--KCVqYQR4AaABAg,,False,@sekheyalacay8692,OMG,0,2024-10-16T15:08:32Z,2024-10-16T15:08:32Z
Ugx_5wfj4wwO5udTpvJ4AaABAg,,False,@NicoleCarrasco-f3k,💗,0,2024-10-16T15:08:31Z,2024-10-16T15:08:31Z
UgwAXTC9PKDRKlMPsQh4AaABAg,,False,@jessiemahmoud5004,She's so talented she surprises me everyday,0,2024-10-16T15:08:30Z,2024-10-16T15:08:30Z
UgyeQ13-6e5nUj1Ejl14AaABAg,,False,@prishadump-sz3te,KIM DAHYUN😭 THANKYOU🤍,0,2024-10-16T15:08:28Z,2024-10-16T15:08:28Z
Ugxp96PbS4RdtMUjnOd4AaABAg,,False,@straberr_ie,La amoo se los juro 😭,0,2024-10-16T15:08:26Z,2024-10-16T15:08:26Z
UgwTQth2ZVgiVE-3N_h4AaABAg,,False,@minasharonwhat,Thank you Dubuuuu ❤,0,2024-10-16T15:08:22Z,2024-10-16T15:08:22Z
UgwbvJPDnB2c47i1Dox4AaABAg,,False,@_cintoxx_,ilysm,0,2024-10-16T15:08:21Z,2024-10-16T15:08:21Z
Ugz9toyrCA_2d4MDnth4AaABAg,,False,@Ke-xz2nw,Dahyun always heal with us and thinks of ONCES everytime,49,2024-10-16T15:08:20Z,2024-10-16T15:08:20Z
UgzxJEoi2m2cCOojrQ54AaABAg,,False,@Suhh_lyoon,"QUE VOZ PERFEITA MEUDEUS, TAO RELAXANTE DE SE OUVIR 😭💓",0,2024-10-16T15:08:19Z,2024-10-16T15:08:28Z
UgxiqxzFjgGIFsS7lYJ4AaABAg,,False,@Marley-j6u,❤❤❤❤,0,2024-10-16T15:08:16Z,2024-10-16T15:08:16Z
UgxULlvvElDQfmHj96l4AaABAg,,False,@MortyEXE-zh9bb,I love you,0,2024-10-16T15:08:14Z,2024-10-16T15:08:14Z
UgxqFU9u1lYBTApiiuN4AaABAg,,False,@lestersantiago668,Aw guitarist dubu🥺❤️,0,2024-10-16T15:08:13Z,2024-10-16T15:08:13Z
UgwadwI4Tjyxy9IPVNx4AaABAg,,False,@legomham,뭐야아😭 진짜 사랑둥이야,0,2024-10-16T15:08:13Z,2024-10-16T15:08:40Z
UgxSuMzFB8B5zbKLyK54AaABAg,,False,@kurosaki69ayi,🥰🥰🥰🥰,0,2024-10-16T15:08:13Z,2024-10-16T15:08:13Z
UgywB_FYR-YH7Tv_EtJ4AaABAg,,False,@mandsury4415,Iam melting😢😢,0,2024-10-16T15:08:12Z,2024-10-16T15:08:12Z
UgxGZvPYiAuejRCN0DF4AaABAg,,False,@strategydubb,LAAMOLAAMOLAAMOLAAOMLLAMOAMAOAMOAMALALAOAMALAOAMAMLAOAMALOAOAMALAPOAMAOAOALAOMALALAMAPAMALALOAMAOl💗💗💗💗💘💗💘💗💘💗💘💗💘💗💘💗💘💗💘💗💘💗💘💗💘💗💘💘💗💘💗💘💗💘💗💘💗💘💗💘💗💘💗💘💗💘💗💘💗💘💗💘💗💘💗💘💘💗💘💗💘💗💘💗💘💗💘💘💗💘💗💘💗💘,0,2024-10-16T15:08:10Z,2024-10-16T15:08:10Z
UgzDLQRUhaCn6dCa7Eh4AaABAg,,False,@NaMoChaengHello,Beautiful thank you so much!,0,2024-10-16T15:08:10Z,2024-10-16T15:08:10Z
UgxCCfA9Ilgsap7PahZ4AaABAg,,False,@hazaldogan4329,Love you DAHYUNAAAAAAHHHH,0,2024-10-16T15:08:10Z,2024-10-16T15:08:10Z
UgzoFOmDdXhkuhaaPFt4AaABAg,,False,@dahyucks,MY ANGEL,0,2024-10-16T15:08:09Z,2024-10-16T15:08:09Z
UgzpJDvJuGCqveEDCUt4AaABAg,,False,@dubuo77,다현아 나 울고 싶어 너무 보고 싶어🥹🥹,0,2024-10-16T15:08:08Z,2024-10-16T15:08:08Z
Ugw67IIXoRPuBXfVrs54AaABAg,,False,@StrayKidsTheFutureofKpop,"Every time someone likes this comment, I will listen to it again❤❤",2,2024-10-16T15:08:08Z,2024-10-16T15:08:08Z
Ugx3wVuQRTVp3lZCfgV4AaABAg,,False,@carloscanales1280,OMGGGG AMOOOO,0,2024-10-16T15:08:05Z,2024-10-16T15:08:05Z
UgwwlEGwAzuhOtn28sx4AaABAg,,False,@twiceo.defender,Dahyun unnie,0,2024-10-16T15:08:04Z,2024-10-16T15:08:04Z
Ugzxuyb6Hb9R_iRpk3x4AaABAg,,False,@khimois,"Out Dubu, always surprising ONCE. Love you Dahyun! Thank you for always thinking of ONCE. 🫶🏽",1,2024-10-16T15:08:00Z,2024-10-16T15:08:00Z
UgyJRD3rJ8lDELkRjLJ4AaABAg,,False,@chocosand804,Cepet bgt habisnya kurang lama ih durasinya,0,2024-10-16T15:08:00Z,2024-10-16T15:08:00Z
UgyC4aqjCWAePWCDlKR4AaABAg,,False,@user-cocodesu,素敵なサプライズをありがとう。ダヒョンちゃんを見つけられたことが人生の誇りだよ。,28,2024-10-16T15:07:59Z,2024-10-16T15:07:59Z
Ugy4ooX1-W--BCqZPT54AaABAg,,False,@trisha5615,THIS IS SO RANDOM MY LOVE Q,0,2024-10-16T15:07:58Z,2024-10-16T15:07:58Z
Ugwx9Xo1VMW-QT3NF9F4AaABAg,,False,@panunstyles292,Love you more than words 🫶🏼😭🤍,0,2024-10-16T15:07:58Z,2024-10-16T15:07:58Z
UgxZ4ZmJdVMGTXSw0ZJ4AaABAg,,False,@hagekaiNo.2,feel specialに続いてダヒョンが弾き語りしてるのは嬉しすぎる！,0,2024-10-16T15:07:58Z,2024-10-16T15:07:58Z
UgyO7oMxwESw0pQz1iZ4AaABAg,,False,@viclizardi6152,Multi-talented woman,0,2024-10-16T15:07:57Z,2024-10-16T15:07:57Z
Ugwpl_rOncO9tcwZuBh4AaABAg,,False,@Leilomo,"What is this, Kim Star? Dropped something this smooth on us",0,2024-10-16T15:07:56Z,2024-10-16T15:08:17Z
UgwNrDG-Rsn8gjGZgUF4AaABAg,,False,@poundtown3429,WUUUUUUUU TERBAIKLAH SIA DAHYUN ❤❤❤,0,2024-10-16T15:07:55Z,2024-10-16T15:07:55Z
UgyXy5XGdpUCP70TIPt4AaABAg,,False,@Rashkind1,Thank you for this beautiful MelPro Dubu love you 🤍💖,0,2024-10-16T15:07:55Z,2024-10-16T15:07:55Z
UgyJwvUzlPcK0Lvqsh54AaABAg,,False,@tellmetellmettttellme,pretty,0,2024-10-16T15:07:55Z,2024-10-16T15:07:55Z
UgxMOWYCN8Y383rDWVF4AaABAg,,False,@Butterfly-once,In the great time I was waiting for something can hold my broken heart thank you Dahyun I will come here when I pass my hard time I love Dahyun 🫂🩷,7,2024-10-16T15:07:49Z,2024-10-16T15:07:49Z
UgzlsWFm3pEgVechXrR4AaABAg,,False,@dahyuhun,Dahyun the woman you are ❤,0,2024-10-16T15:07:47Z,2024-10-16T15:07:47Z
UgxFBcrcbrdA7MplJHl4AaABAg,,False,@jetoledoartOT9,our multitalented all-rounder Kim Dahyun 🤍,0,2024-10-16T15:07:46Z,2024-10-16T15:07:46Z
Ugze7jzgPIe3aijTzhB4AaABAg,,False,@luz-24096,"Thank you Dahyun for that, very beautiful😍💗💗💗💗",4,2024-10-16T15:07:45Z,2024-10-16T15:07:45Z
UgxDJXNXxk-UY3b6NTt4AaABAg,,False,@l9.98l,Talented girl,0,2024-10-16T15:07:43Z,2024-10-16T15:07:43Z
UgwrPlavX-lu-cOjmIp4AaABAg,,False,@ccy1101,Cute video,0,2024-10-16T15:07:43Z,2024-10-16T15:07:43Z
Ugz-5SrFqD07rfbHZth4AaABAg,,False,@trisha5615,OK?,0,2024-10-16T15:07:42Z,2024-10-16T15:07:42Z
UgxrTNCQ7UZwKP43OVV4AaABAg,,False,@nabong6275,Talent girl,0,2024-10-16T15:07:39Z,2024-10-16T15:07:39Z
UgzGwkD2AM-50BmMSft4AaABAg,,False,@deswitakurniasari7799,AAAA SAYANGGGG❤❤❤❤,0,2024-10-16T15:07:36Z,2024-10-16T15:07:36Z
UgyOKEJdIqh66h3e_Sp4AaABAg,,False,@Minarii37,Gracias por hacernos feliz ❤,0,2024-10-16T15:07:35Z,2024-10-16T15:07:35Z
Ugx-b6jie46OxeWpHCR4AaABAg,,False,@ashuashraf8828,"Vocal , guitar and visual 💕💕",4,2024-10-16T15:07:34Z,2024-10-16T15:07:34Z
UgzsDiaP79NoNpLeIa54AaABAg,,False,@saku51_,ギターの音が綺麗！,0,2024-10-16T15:07:34Z,2024-10-16T15:07:34Z
Ugw81-V_-Z2xGVhdqnt4AaABAg,,False,@bvnszx,Saranghae Dubu 💗💗💗,0,2024-10-16T15:07:33Z,2024-10-16T15:07:33Z
UgybRnCH-HBHKXbUHXN4AaABAg,,False,@Cintia-qt1hw,Y’ALL SHE’S MY WIFEEEE‼️,0,2024-10-16T15:07:30Z,2024-10-16T15:07:30Z
Ugz83OsyDX4Lrc1wwAZ4AaABAg,,False,@clairerjninofranco666,I thought it was 6 months ago😭,1,2024-10-16T15:07:29Z,2024-10-16T15:07:29Z
Ugz83OsyDX4Lrc1wwAZ4AaABAg.A9ecwJg6SakA9ecy27N14W,Ugz83OsyDX4Lrc1wwAZ4AaABAg,True,@clairerjninofranco666,It was 6minutes😭😭😭,0,2024-10-16T15:07:43Z,2024-10-16T15:07:43Z
UgzmYw4Z_KNNT83Jwjp4AaABAg,,False,@deswitakurniasari7799,my baby❤❤,0,2024-10-16T15:07:25Z,2024-10-16T15:07:25Z
UgxdfbPCzWZgEivvXMt4AaABAg,,False,@Sweet.girl299,I love you Dahyun 🤍,0,2024-10-16T15:07:25Z,2024-10-16T15:07:25Z
Ugw5tFxT_KeolVIyuzp4AaABAg,,False,@putriadlian,"our dahyun, love you~",0,2024-10-16T15:07:23Z,2024-10-16T15:07:23Z
UgzGszni3SpWtDcc-qJ4AaABAg,,False,@passion-07-DREAM,"많은 사랑을 언니에게 보낼 게요...✨🍀
💟💟💟🙆🙆",0,2024-10-16T15:07:23Z,2024-10-16T15:07:23Z
UgztnTZ9odoXFqlCtFJ4AaABAg,,False,@nainikayadav7298,Hey what is the song name i dont know korean,0,2024-10-16T15:07:19Z,2024-10-16T15:07:19Z
UgxoqpVvpagcweTXOoN4AaABAg,,False,@deswitakurniasari7799,my honey❤❤,0,2024-10-16T15:07:16Z,2024-10-16T15:07:16Z
Ugwi6Q_mD9ZH96GUvRB4AaABAg,,False,@raikizeromind7416,😢 nice 👍,0,2024-10-16T15:07:14Z,2024-10-16T15:07:14Z
UgxtcGkAtZog2p21hPh4AaABAg,,False,@nojambrothers4life,I love her ❤,0,2024-10-16T15:07:10Z,2024-10-16T15:07:10Z
UgzRrzNMLnPscPt0L3h4AaABAg,,False,@MariamHajri,Thank you unnie🫶🏻,0,2024-10-16T15:07:10Z,2024-10-16T15:07:10Z
Ugz8RiupIKSsaMWDWyB4AaABAg,,False,@Samoji0t9,❤,0,2024-10-16T15:07:09Z,2024-10-16T15:07:09Z
Ugycs4xhbzzFclTglyZ4AaABAg,,False,@MAYUR_T,❤❤❤,0,2024-10-16T15:07:07Z,2024-10-16T15:07:07Z
UgxkhSpmDY9HRgyjZtN4AaABAg,,False,@JYuu0503,❤❤❤,0,2024-10-16T15:07:07Z,2024-10-16T15:07:07Z
UgyaJuXGS1DFa07n6xV4AaABAg,,False,@leavezgaming,"Always remember: When a member asks if you're gonna sleep late, they're gonna release something at the end of the day.",1,2024-10-16T15:07:07Z,2024-10-16T15:07:07Z
UgymqN7l75_Q2YsAdcd4AaABAg,,False,@Liaa__tw,TE ASMO😭😭,0,2024-10-16T15:07:06Z,2024-10-16T15:07:06Z
Ugz7bU_4xw9X73lAySl4AaABAg,,False,@aungmyatthu_mmr,I'm blessed..,0,2024-10-16T15:07:05Z,2024-10-16T15:07:05Z
UgxV72h6PoxyCoRdqER4AaABAg,,False,@deswitakurniasari7799,my love❤❤❤,0,2024-10-16T15:07:02Z,2024-10-16T15:07:02Z
UgyC1j9IcMUtSqjinul4AaABAg,,False,@karygx,TE AMO DAHYUN,0,2024-10-16T15:07:00Z,2024-10-16T15:07:00Z
UgzJM6SXj2gS39_dSoN4AaABAg,,False,@Miiiimimi,"다현아 너무 좋다 ❤
덕분에 좋은꿈 꿀듯
다현이도 늘 잘자고 좋은꿈 꿔",2,2024-10-16T15:06:58Z,2024-10-16T15:06:58Z
UgzwuUaGJgh-LzgUW3x4AaABAg,,False,@Dannightray,"QUE VOOOOZ, DAHYUN BONITAAAA😭😭❤️❤️❤️❤️",5,2024-10-16T15:06:58Z,2024-10-16T15:06:58Z
UgzwuUaGJgh-LzgUW3x4AaABAg.A9ecsZ5togfA9ecz0nADQA,UgzwuUaGJgh-LzgUW3x4AaABAg,True,@straberr_ie,VERDAD QUE SII😭😭😭,0,2024-10-16T15:07:51Z,2024-10-16T15:07:51Z
Ugzf6b2RXmWCoj8HkOl4AaABAg,,False,@jodesgomez,SHES SO BABY WHAT DO U MEAN SHE TOOK THE TIME TO FILM A COVER FOR US,0,2024-10-16T15:06:58Z,2024-10-16T15:06:58Z
Ugy4UKXwevVJkdoL28p4AaABAg,,False,@HannahDagan,OUR MULTI-TALENTED KIM DAHYUN❤,0,2024-10-16T15:06:55Z,2024-10-16T15:06:55Z
UgwAWsh0ORli0i6p9YZ4AaABAg,,False,@カクカク-o4l,謝謝你，金多賢,0,2024-10-16T15:06:55Z,2024-10-16T15:06:55Z
Ugzg0-ckpDjOikZHYlp4AaABAg,,False,@神田瞭,最高でした😭,0,2024-10-16T15:06:54Z,2024-10-16T15:06:54Z
Ugzwc3nBForcY1naByV4AaABAg,,False,@StrayKidsTheFutureofKpop,Dahyun's voice is truly a national treasure. 💫✨,8,2024-10-16T15:06:54Z,2024-10-16T15:06:54Z
UgxeEiVfR0EDRR6MpbV4AaABAg,,False,@misanacuties,Dahyun is so precious. She loves preparing covers for onces 🥹,28,2024-10-16T15:06:53Z,2024-10-16T15:06:53Z
Ugwt-GUUzoQGNKM0e554AaABAg,,False,@SalsabeelAbed,Dahyun,0,2024-10-16T15:06:49Z,2024-10-16T15:06:49Z
UgwdROAMNzn0kneJweV4AaABAg,,False,@annxxxh,DAHYUNIEEEEE,0,2024-10-16T15:06:48Z,2024-10-16T15:06:48Z
Ugx0zDqAxguYRN8-csN4AaABAg,,False,@bvnszx,"AHHHHH, I'm so early it's been 5mins.I love youuuu Dahyun SO MUCH. Thank you for sharing this.",0,2024-10-16T15:06:46Z,2024-10-16T15:06:46Z
UgzP4QBiGFKjg1DdwHp4AaABAg,,False,@remashusaiin8109,I love dahyun,0,2024-10-16T15:06:44Z,2024-10-16T15:06:44Z
Ugzrcpww2n6VG7UHN4x4AaABAg,,False,@straberr_ie,MI NOVEA ACTUALIZOOO😭😭😭💞💞💞,0,2024-10-16T15:06:42Z,2024-10-16T15:06:42Z
UgzeFPFZDGlq9xGF4CF4AaABAg,,False,@ChooseUrBattle,this is the dahyun that we rarely see in the TWICE ALBUM i love dahyun rapping but this is what i want to see and hear. FLEXING the versatility i see i see  but this is too short TT,0,2024-10-16T15:06:42Z,2024-10-16T15:07:10Z
Ugxd-EThPwMB9k7WgEJ4AaABAg,,False,@Just_Ella.0.0.,Dahyun unni playing guitar and piano are so amazing,0,2024-10-16T15:06:41Z,2024-10-16T15:06:41Z
UgzhQwtZVhAYpCBcrfZ4AaABAg,,False,@yl_SSTW,Oh..! Kim Star??,0,2024-10-16T15:06:41Z,2024-10-16T15:06:41Z
UgzEjpne_Nxum6Un3LJ4AaABAg,,False,@Memory_nadear,My little star. ⭐️,0,2024-10-16T15:06:40Z,2024-10-16T15:06:40Z
Ugzho3aqnf12GqrzNEx4AaABAg,,False,@mayaassiik5787,Our musician Queen Dahyun❤❤❤❤,0,2024-10-16T15:06:37Z,2024-10-16T15:06:37Z
UgwO1mUQlbQIdNg-u7V4AaABAg,,False,@marcjuliuscarandang8965,that's why she's my bias 🤍,0,2024-10-16T15:06:37Z,2024-10-16T15:26:42Z
Ugzo-RDudJNJeA8qNb94AaABAg,,False,@aeng.7,MI AMOR 🩷🩷,0,2024-10-16T15:06:34Z,2024-10-16T15:06:34Z
UgznbPr1_1qi0OPryRV4AaABAg,,False,@nob66699,Most suitable song for our Dahyun voice ever,8,2024-10-16T15:06:32Z,2024-10-16T15:06:32Z
UgyNDm5P0Xsy1x2NAYN4AaABAg,,False,@rose_are_rosieeee,"Your Vocal Is Best,,,,,Unee !!!",1,2024-10-16T15:06:31Z,2024-10-16T15:06:31Z
UgyflLjGwtGX9HzKkU14AaABAg,,False,@daaaaanzzz,Dubuuuuuuuuu <3 <3,0,2024-10-16T15:06:29Z,2024-10-16T15:06:29Z
UgzSz1nbh4N0m92WWaF4AaABAg,,False,@vasudevtiwaritales20,Love you dahyun ❤,0,2024-10-16T15:06:29Z,2024-10-16T15:06:29Z
UgzBEpQoY_IiLR_AWJh4AaABAg,,False,@joannacristina4975,Canta muito ❤❤,0,2024-10-16T15:06:28Z,2024-10-16T15:06:28Z
UgyIxY0dYVBJw1tmTY54AaABAg,,False,@FlynnTheRedhead,A NEW DAHYUN COVER!! DROP EVERYTHING,6,2024-10-16T15:06:26Z,2024-10-16T15:06:26Z
Ugw0G6RXFeVTC5pGrN14AaABAg,,False,@GeorgeMichaelDeclaro,so talented uri dahyun,0,2024-10-16T15:06:26Z,2024-10-16T15:06:26Z
UgycoFPGb2GyHGqJfwR4AaABAg,,False,@nayeonluv4392,Dahyun 🥺🫶🏻,0,2024-10-16T15:06:25Z,2024-10-16T15:06:25Z
Ugx00xAewrYdcso1njZ4AaABAg,,False,@nainikayadav7298,"Wow I was not aware she is so talented 
#proud once❤🍭",0,2024-10-16T15:06:23Z,2024-10-16T15:06:23Z
UgwDN8RL2XAytn0jHIN4AaABAg,,False,@kathyapinedac,"HOLD ON, ARE WE GETTING COVERS BACK?",0,2024-10-16T15:06:22Z,2024-10-16T15:06:22Z
UgzT_U853EOh661ChPB4AaABAg,,False,@aeng.7,OUR GIRL!! ❤,0,2024-10-16T15:06:22Z,2024-10-16T15:06:22Z
UgzXFuEsoRbD8LshLal4AaABAg,,False,@ItsCookieYT_Me,TE AMO MAILOV,1,2024-10-16T15:06:21Z,2024-10-16T15:06:21Z
Ugyx3P_V5fFoJPhWpDB4AaABAg,,False,@Jeong_Yoo_Piece,Dahyun Sarangae,0,2024-10-16T15:06:20Z,2024-10-16T15:06:20Z
Ugyn9ttR77htLVB5Aud4AaABAg,,False,@DANYONNIE,❤❤❤❤❤,0,2024-10-16T15:06:20Z,2024-10-16T15:06:20Z
UgzGeeLhkTz7DrkQ_3t4AaABAg,,False,@ayessaramirez,dubu 🥹🤍,0,2024-10-16T15:06:20Z,2024-10-16T15:06:20Z
UgzBGXog5qDtgPNFK7Z4AaABAg,,False,@clairerjninofranco666,I will comeback here,0,2024-10-16T15:06:19Z,2024-10-16T15:06:19Z
UgwuWdvUIdPH4qc8AKt4AaABAg,,False,@jeffersongutierritos9994,The greatest comeback: Kim Star. 🤍,0,2024-10-16T15:06:19Z,2024-10-16T15:06:19Z
UgzH35fENWgLsQ5V1DZ4AaABAg,,False,@jeongyeon.14,DAHYUN you're a STAR,0,2024-10-16T15:06:15Z,2024-10-16T15:06:15Z
UgywLLLopjJrBAgly7t4AaABAg,,False,@l9.98l,"Slay dahyun , we love you girl",0,2024-10-16T15:06:15Z,2024-10-16T15:06:15Z
UgwLvgP9zo-f5A5cfQV4AaABAg,,False,@dqdyn,eres la mejor,0,2024-10-16T15:06:13Z,2024-10-16T15:06:13Z
UgzwIeVcZhEFmyNW3CR4AaABAg,,False,@FerchoTube,MÉXICO LOVE TWICE PLEASE COME BACK SOON ❤❤❤😢😢,0,2024-10-16T15:06:10Z,2024-10-16T15:06:10Z
UgwbeKkteuNNT522pdN4AaABAg,,False,@crescent-d4w,昨日bubbleに、今日は遅く寝るの？聞いてみただけ。って送ってきたダヒョン可愛すぎるやん。,11,2024-10-16T15:06:09Z,2024-10-16T15:06:09Z
UgzFuLSI6b11ZZfIHRR4AaABAg,,False,@nayeonydub,언니 이거 보고 또 울었어... 기다리다가 오면 기쁘고 행복해서 이렇게 우는것은 언니가 처음이라서 그런 감정 느끼게 해줘서 고맙고 내가 힘들어도 언니를 보면 억지 웃음짓지 않고 행복하게 웃을 수 있어. 이 영상도 그랬어... 고맙고 영원히 사랑해 다현언니❤️,22,2024-10-16T15:06:09Z,2024-10-16T15:06:09Z
UgwXQIOe-2KYCN7JSUp4AaABAg,,False,@tamasadey4671,My super talented baby>3,0,2024-10-16T15:06:06Z,2024-10-16T15:06:06Z
UgyDYmQiH1muKlGcROx4AaABAg,,False,@dqdyn,mi niña como la amo,0,2024-10-16T15:06:05Z,2024-10-16T15:06:05Z
UgwdHgO9sV5WWYwgl794AaABAg,,False,@StrayKidsTheFutureofKpop,"Fact: TWICE DAHYUN vocals are not a joke y'all. Her vocals are so always angelic, beautifully, breathtaking, healing, mesmerizing, perfect, soft, soothing and outta this world",135,2024-10-16T15:06:02Z,2024-10-16T15:06:02Z
UgwV-6Srk0dMCIQ8WRx4AaABAg,,False,@ker998,Talented Dahyun. So proud of Dubu,0,2024-10-16T15:05:59Z,2024-10-16T15:05:59Z
Ugx2VMis4m9RVpPBJ094AaABAg,,False,@EVERYONEKNOWME-yk2dd,5minutes ago???,0,2024-10-16T15:05:57Z,2024-10-16T15:05:57Z
Ugx16AX3KYBIc_FQGlt4AaABAg,,False,@Dana-w3u,اوححح من ايل الاولين,0,2024-10-16T15:05:56Z,2024-10-16T15:05:56Z
Ugyig_IB3EulU8l0FgB4AaABAg,,False,@lizaperangin-angin7609,she's getting cooler everyday!,0,2024-10-16T15:05:56Z,2024-10-16T15:05:56Z
Ugwglwuyzz3uaW4vr7p4AaABAg,,False,@camillagabriellefonseca2977,So pretty 😭🥰❤,0,2024-10-16T15:05:56Z,2024-10-16T15:05:56Z
Ugzu_l-eTjNuZkram-94AaABAg,,False,@metioricuncle06,"Debo de confesar que si bien Mina es mi Bias, la voz de Dahyun me mata 😍🫠 es tan encantadora!! Tan soft 💕 de verdad que me gusta muchísimo su voz, expresa muchísimo en cada nota, de verdad que si talento no tiene límites, rezo por qué haga su disco, la adoro como compositora y sin dudas su disco estaría dentro de mi top 5 favoritos 🥰💕 GRACIAS POR TODO LO QUE NOS DAS DUBU!! TE ADMIRO DEMASIADO 😍💕🫠",0,2024-10-16T15:05:54Z,2024-10-16T15:05:54Z
UgyNQ4XapdApu1O4T-N4AaABAg,,False,@s2beaa,meu deus eu te amo,0,2024-10-16T15:05:51Z,2024-10-16T15:05:51Z
UgyUH-bh2VdOWBprvgd4AaABAg,,False,@Just_Ella.0.0.,Unnie 🥺,0,2024-10-16T15:05:49Z,2024-10-16T15:05:49Z
Ugw3XhyGuPhXcDdFGGZ4AaABAg,,False,@SOOKIE_offical,im so inlove with Dahyun’s vocals,0,2024-10-16T15:05:48Z,2024-10-16T15:05:48Z
Ugx0DGDl7vVjvyIlZLh4AaABAg,,False,@kimbutterauntjindary7583,my girl 😭🧁🤍,0,2024-10-16T15:05:47Z,2024-10-16T15:05:47Z
UgzhlueXPHeOyEHtSrJ4AaABAg,,False,@luarmyblinkonce5513,We miss the melody project,0,2024-10-16T15:05:45Z,2024-10-16T15:05:45Z
UgwhSsAdd9CUfJPlilh4AaABAg,,False,@KauaneDasilvalima-w1v,Dahyun is so cute she has a beautiful voice,11,2024-10-16T15:05:40Z,2024-10-16T15:05:40Z
Ugz1j24r631Ojf_yEox4AaABAg,,False,@jamilymartins1403,Wow what an amazing vocal 🩵🩵🩵 Dahyun you are absolutely amazing and talented. I love you so much,11,2024-10-16T15:05:36Z,2024-10-16T15:05:36Z
UgwJRurnIQaERqhlZKZ4AaABAg,,False,@tamasadey4671,What can't she do???,1,2024-10-16T15:05:36Z,2024-10-16T15:05:36Z
Ugx7Ot2zHy1emrbaPuJ4AaABAg,,False,@rei_twicetomodachi,Thank you and I love you Dahyun! 🤍,2,2024-10-16T15:05:35Z,2024-10-16T15:05:35Z
UgzUSQfITQdMZIIli6F4AaABAg,,False,@bossmyoi,I'm weak for Dahyun's covers 😩💖,2,2024-10-16T15:05:35Z,2024-10-16T15:05:35Z
UgznuDClEuXVHPToux94AaABAg,,False,@joyplayon,너무 좋다!! 기타도 잘치고 음색도 이쁘고 감미롭고 힐링된다♡,78,2024-10-16T15:05:34Z,2024-10-16T15:05:34Z
UgznuDClEuXVHPToux94AaABAg.A9eciFY5l3-A9egr6iRS5h,UgznuDClEuXVHPToux94AaABAg,True,@NewDimension7,"Lembut , menyenangkan ,&  menenangkan sekali mendengarnya. 
Amazing !!",8,2024-10-16T15:41:43Z,2024-10-16T15:41:43Z
UgyktP_rSs0vTTy0dAR4AaABAg,,False,@펜더둡,와.....와....❤,0,2024-10-16T15:05:31Z,2024-10-16T15:05:31Z
Ugzayo1C-yPvwx5MHaB4AaABAg,,False,@leticiasouza7473,Love the vibes! ❤,0,2024-10-16T15:05:31Z,2024-10-16T15:05:31Z
Ugx2gmqp7F0CwscIj1t4AaABAg,,False,@charizmaecabalquinto9472,this is soo randommm,0,2024-10-16T15:05:29Z,2024-10-16T15:05:37Z
UgxSDiBJzV2ZjoczQeR4AaABAg,,False,@Ayshynn,stunning voice 😣🫶🏻,0,2024-10-16T15:05:28Z,2024-10-16T15:05:28Z
Ugwy7ARwR_aCRXLZpWJ4AaABAg,,False,@user-vw9jh4ns9y,Perfect body with a perfect voice,0,2024-10-16T15:05:28Z,2024-10-16T15:05:28Z
UgxoiiuqWGbQNoRufSp4AaABAg,,False,@SOOKIE_offical,This is everything to me i absolutely cannot get enough of this omg😭🤍,0,2024-10-16T15:05:27Z,2024-10-16T15:05:27Z
UgwzxNvgY1RKxYtD6Ad4AaABAg,,False,@YM16798,This is so unexpected. We really appreciate you our talented Dubu Dahyun.,0,2024-10-16T15:05:27Z,2024-10-16T15:05:27Z
Ugy2oUZSvw5XI2yhGpB4AaABAg,,False,@Lizizle,"Just a warm, calming voice <3",1,2024-10-16T15:05:24Z,2024-10-16T15:05:24Z
UgxxBBQYeEDS1pmo8pZ4AaABAg,,False,@fenyadan1560,Yessss dahyunnn❤❤❤,0,2024-10-16T15:05:22Z,2024-10-16T15:05:22Z
UgyzzbHfRkaXpIh1Zdl4AaABAg,,False,@FarinazNI,Thank you Dahyun🤍,0,2024-10-16T15:05:22Z,2024-10-16T15:05:22Z
Ugzcqh9xVMK-ciCShvJ4AaABAg,,False,@GodChaser21,Go Dahyun Fighting 💯💘,10,2024-10-16T15:05:21Z,2024-10-16T15:05:21Z
UgyDCRw7DgHBGy8AQLN4AaABAg,,False,@brandyonce3539,"So surprise from our lovely Dubu, I so touch when listen her sing 😭🤍",0,2024-10-16T15:05:19Z,2024-10-16T15:05:19Z
UgwsXK03GByHAXvcnWl4AaABAg,,False,@chocosand804,Ni tahu apa sih yang ga bisa dilakuin heran aku❤❤❤,0,2024-10-16T15:05:18Z,2024-10-16T15:05:18Z
Ugxh9qa5jm4v0kWW4ih4AaABAg,,False,@minifeguir5801,Omg love you dahyun ❤,0,2024-10-16T15:05:18Z,2024-10-16T15:05:18Z
UgxjEyea9y2JEHHeatd4AaABAg,,False,@emmanuelcarlotiamsim9406,What a calm voice TWICE DAHYUN 💖🤩🥰,0,2024-10-16T15:05:18Z,2024-10-16T15:05:18Z
Ugxlz6aG8XqpLg3KNal4AaABAg,,False,@김다-p5f,ダヒョンちゃんの声大好き！！！素敵なカバーありがとう！,0,2024-10-16T15:05:16Z,2024-10-16T15:05:16Z
UgxkBEcji1XBj3nbqk14AaABAg,,False,@joannacristina4975,Tem muito talento ❤❤,0,2024-10-16T15:05:14Z,2024-10-16T15:05:14Z
UgxmPO28BPuxho6hO054AaABAg,,False,@remashusaiin8109,Ohh dahyun,0,2024-10-16T15:05:13Z,2024-10-16T15:05:13Z
Ugwfw1SYrNHrGdSmnE14AaABAg,,False,@Dubu_Joo,I LOVE YOU DAHYUNNNNN YOU ARE MY BIAS,0,2024-10-16T15:05:12Z,2024-10-16T15:05:12Z
UgyPJcjAt9ppk2t77EJ4AaABAg,,False,@michelleavila916,So beautiful!!,0,2024-10-16T15:05:11Z,2024-10-16T15:05:11Z
UgzKhqRXZoZabL-LDMl4AaABAg,,False,@mo_onbyulida2536,Dahyun your voice is so beautiful❤,0,2024-10-16T15:05:10Z,2024-10-16T15:05:10Z
UgypLnODlbEp3eagOVh4AaABAg,,False,@StrayKidsTheFutureofKpop,How many international ONCE fans are here to support TWICE DAHYUN? 🖐,0,2024-10-16T15:05:10Z,2024-10-16T15:05:10Z
UgxPxOuKz5WLvgGzxFR4AaABAg,,False,@FarinazNI,Thank you Dahyun🤍,0,2024-10-16T15:05:09Z,2024-10-16T15:05:09Z
UgxLB2LvRrodebT4gp14AaABAg,,False,@aungmyatthu_mmr,"I knew somethings is up since you asked like that, bae!!!! <3",0,2024-10-16T15:05:04Z,2024-10-16T15:05:04Z
UgyQKHwlASjVSrN_VT94AaABAg,,False,@ArabianGulay,🤍🤍🤍,0,2024-10-16T15:05:03Z,2024-10-16T15:05:03Z
UgzDe3kZlsT_osOiUWN4AaABAg,,False,@Cynpie_,dahyunah!,0,2024-10-16T15:05:03Z,2024-10-16T15:05:03Z
UgwpremS2d2MB7DGmPB4AaABAg,,False,@mojenss,baby dubdub me loves you 🥹🫵🏻🫶🏻,0,2024-10-16T15:05:02Z,2024-10-16T15:05:02Z
UgzzQIMR9seiKCC6cqV4AaABAg,,False,@Keilu_Roblox,I LOVE YOUU TWICE ❤,0,2024-10-16T15:05:02Z,2024-10-16T15:05:02Z
UgyJ_6wQFEgxLAlYdIV4AaABAg,,False,@tanjohnson4070,My Dahyun❤,0,2024-10-16T15:04:59Z,2024-10-16T15:04:59Z
Ugz9_qfx-5SvvB4Dw-R4AaABAg,,False,@TizianaMayta,QUE BUEN VOCAL QUE TIENNNNEEEEE 😭😭😭😭💗💗💗💗💗💗💗,3,2024-10-16T15:04:55Z,2024-10-16T15:04:55Z
Ugz8vjMbiozh21WtGVN4AaABAg,,False,@michelleavila916,Te amo tanto,0,2024-10-16T15:04:51Z,2024-10-16T15:04:51Z
UgxD0MYU52Pr0nQJ2Qd4AaABAg,,False,@_chaeng_,The most precious girl in the world 💞💞,2,2024-10-16T15:04:51Z,2024-10-16T15:04:51Z
UgzoKKg4Q9QYUz0iD6J4AaABAg,,False,@twiznathan,wow so early,0,2024-10-16T15:04:51Z,2024-10-16T15:04:51Z
Ugxm6YxMLRzI3RpGprN4AaABAg,,False,@faqihthoriqulhaq7894,Dahyuniiee the best,0,2024-10-16T15:04:50Z,2024-10-16T15:04:50Z
Ugxl45PNm1tbjN1z7jl4AaABAg,,False,@dasha__shar,Our talented sweet girl,0,2024-10-16T15:04:49Z,2024-10-16T15:04:49Z
UgysDeNijtuX8y84RZF4AaABAg,,False,@minariems,Thank youuuuuu Dahyun 🤍,0,2024-10-16T15:04:49Z,2024-10-16T15:04:49Z
UgyVfXt_i0ENciLTi8R4AaABAg,,False,@whereisjustice5112,"Dahyun, you are so cool.",0,2024-10-16T15:04:49Z,2024-10-16T15:04:49Z
Ugw0hFvLq-wewdlhelp4AaABAg,,False,@stevenlowe3337,Dahyun has a beautiful voice,0,2024-10-16T15:04:49Z,2024-10-16T15:04:49Z
UgxTNFR1nsfjYiZbmBF4AaABAg,,False,@メロンパン-y8e,大好きすぎる😭 寝る前にダヒョンちゃん見れて、歌声も聴けて、しかもギターを演奏してる姿まで見れて幸せ💞,0,2024-10-16T15:04:48Z,2024-10-16T15:04:48Z
UgxgX2CoLFsru1fHx-R4AaABAg,,False,@rbbcantor,"Yes, Dahyun! You are our first love. The girl we liked back then. You are the apple of my eye. 🤍",0,2024-10-16T15:04:43Z,2024-10-16T15:04:43Z
UgxMpIt8FOzWArtwqzV4AaABAg,,False,@minatozaki_sana.,MDS DAHYUN QUE LINDOOOOOOO EU TO CHORANDO 😭🩷🤏🏻,0,2024-10-16T15:04:41Z,2024-10-16T15:04:41Z
UgwqGyg9Ot7J0f9EEIx4AaABAg,,False,@kyle-kr8yl,STOP!!! YOU ALREADY HAVE MY WHOLE HEART FOR YOU KIM DAHYUN ❤❤❤❤❤,0,2024-10-16T15:04:39Z,2024-10-16T15:04:39Z
UgzmTb7vJYTHTTNXva54AaABAg,,False,@4xliiz,Cute,0,2024-10-16T15:04:38Z,2024-10-16T15:04:38Z
UgwgPqRhqsbPDhgQw-J4AaABAg,,False,@view-b5c,You are the apple of my eye 💟,0,2024-10-16T15:04:38Z,2024-10-16T15:04:38Z
UgxHA7j2-TTEOLPC42R4AaABAg,,False,@lcdexofi,dahyun you did so well ❤,0,2024-10-16T15:04:36Z,2024-10-16T15:04:36Z
UgygRfnvG3tDHBRb4XZ4AaABAg,,False,@kenjosephbenedicto4638,Sana magka solo album Silang lahat❤❤,0,2024-10-16T15:04:35Z,2024-10-16T15:04:35Z
UgzYRee8J0KiGB0autR4AaABAg,,False,@ivannacaicedo848,LETSSS GOOO😍,0,2024-10-16T15:04:31Z,2024-10-16T15:04:31Z
UgxBv40r5CI73WEao2N4AaABAg,,False,@Lee-AnnTana,"That is so sweet, Dahyun. Thank you so much for this lovely cover.🤍🤍🤍",0,2024-10-16T15:04:32Z,2024-10-16T15:04:32Z
Ugxbk_YkLxhZxD68F0x4AaABAg,,False,@erebusdark4614,다현이는 사랑입니다. 다현 이즈 러브,0,2024-10-16T15:04:29Z,2024-10-16T15:04:29Z
UgxAJX1VeoBmwm_ye4x4AaABAg,,False,@marcusmarcus1263,❤❤❤,0,2024-10-16T15:04:29Z,2024-10-16T15:04:29Z
UgzaVV57BOpoUEJO-Xt4AaABAg,,False,@JürgenHermkes,Dahyun you have so much talent ❤,2,2024-10-16T15:04:29Z,2024-10-16T15:04:29Z
UgyXHP65GrhbylTbzy14AaABAg,,False,@PhiVaGoo,❤,1,2024-10-16T15:04:29Z,2024-10-16T15:04:29Z
UgzgGSa2QuADP-TxZ214AaABAg,,False,@roseanneflores6876,Dahyun ❤,0,2024-10-16T15:04:28Z,2024-10-16T15:04:28Z
UgyxDO-KQsW75c0e1IZ4AaABAg,,False,@tasteoflovetwice1802,"Guitarist, pianist, rapper, volcalist, dancer, song writer, actress KIM DAHYUN",104,2024-10-16T15:04:27Z,2024-10-16T15:04:27Z
UgzivBK4qc1mGp95CuF4AaABAg,,False,@revomaulana,I LOVE YOU DAHYUN,0,2024-10-16T15:04:26Z,2024-10-16T15:04:26Z
Ugxs-BcV47GYmSTXMEF4AaABAg,,False,@Blue_sea-n7s,오! 김스타잖아❤️,1,2024-10-16T15:04:22Z,2024-10-16T15:04:22Z
Ugz1U_29xW8JcqhFXsN4AaABAg,,False,@nachaenghyo_o,Dahyun is my first love ❤❤❤.,1,2024-10-16T15:04:22Z,2024-10-16T15:04:22Z
UgyDyAnS6zgUqHfJ7Ph4AaABAg,,False,@dubu_1020,kim dahyun's vocals is so soft,97,2024-10-16T15:04:20Z,2024-10-16T15:04:20Z
UgyDyAnS6zgUqHfJ7Ph4AaABAg.A9ec_I4WRhmA9edI7YVDGY,UgyDyAnS6zgUqHfJ7Ph4AaABAg,True,@tpoprocks,"yeah, like tofu",12,2024-10-16T15:10:36Z,2024-10-16T15:10:36Z
UgyQdNsythH51Ml7iIR4AaABAg,,False,@ninja_youll,I love you our little girl🤍,0,2024-10-16T15:04:19Z,2024-10-16T15:04:19Z
UgymbOaoMB9mH0l53xJ4AaABAg,,False,@田中-b4k,あったかくて透き通ったダヒョンちゃんの歌声が大好き,106,2024-10-16T15:04:19Z,2024-10-16T15:04:19Z
UgyzSdSoTR50XsrOhrt4AaABAg,,False,@lemon3006,Dahyun😭😭😭😭😭,0,2024-10-16T15:04:13Z,2024-10-16T15:04:13Z
UgwJye1ILNfVsYDropZ4AaABAg,,False,@kim_da4,"本当にダヒョンちゃんは多才だな🥹🥹
ダヒョンちゃんの透き通った美しい声とギターすっごい相性良くて最高です🥲🤍ྀིonceのためにこんな素敵な動画ありがとう💭ピアノだけじゃなくてギターもできちゃうダヒョンちゃんかっこいい🥹🤍",0,2024-10-16T15:04:13Z,2024-10-16T15:04:13Z
UgzkO0DVAeHCC2_-q2l4AaABAg,,False,@RazKurdt,VOICE OF AN ANGEL! 😭😭😭,0,2024-10-16T15:04:09Z,2024-10-16T15:04:09Z
UgxLwkHSPcj1XBag9rZ4AaABAg,,False,@containedhurricane,Wow Dubu is so multi-talented! Maybe her solo album will come soon??,0,2024-10-16T15:04:08Z,2024-10-16T15:04:08Z
UgxsIs2ZnBU2gMieEAB4AaABAg,,False,@jikakudaibergenova1313,our precious Dubu🤍,0,2024-10-16T15:04:06Z,2024-10-16T15:04:06Z
UgzqQZHjH4CxY6XNLD14AaABAg,,False,@m.h.s0110,12시까지 기다린 보람이 있구만🤍,0,2024-10-16T15:04:05Z,2024-10-16T15:04:05Z
UgxfVBRjYtHsilwCPGV4AaABAg,,False,@nathali7265,Dubu! 🤍🥹,0,2024-10-16T15:04:04Z,2024-10-16T15:04:04Z
UgyKwnecRBjtNZUhJzF4AaABAg,,False,@TF-ri8hw,"Dahyun is such a talented musician! Plays the guitar so beautifully and it flows so smoothly with her soft, beautiful voice. Most talented artist with the best heart ❤",37,2024-10-16T15:04:03Z,2024-10-16T15:04:03Z
UgxVwKMcYXWZ4zDdKUl4AaABAg,,False,@bokucikti,Çok seviyorum seni be,0,2024-10-16T15:04:03Z,2024-10-16T15:04:03Z
UgzwU9up41B5XsYr2PF4AaABAg,,False,@marcybarret,Minha linda não para quieta 🥰🥰,0,2024-10-16T15:04:03Z,2024-10-16T15:04:03Z
Ugy7p2ASyshWTJ4NHvd4AaABAg,,False,@Cami96230,"HERMOSA, 3 MINUTOSSS ATRÁS",0,2024-10-16T15:04:00Z,2024-10-16T15:04:00Z
UgzVnNVJNTiS2MWvQJN4AaABAg,,False,@Ayshynn,dahyunnieee,0,2024-10-16T15:03:57Z,2024-10-16T15:03:57Z
UgxjjnpRxBOlEb2_qIJ4AaABAg,,False,@zaaveme,What song is this?,0,2024-10-16T15:03:56Z,2024-10-16T15:03:56Z
UgwmYeERrsDKmOljZHJ4AaABAg,,False,@yamyyy327,🤍,0,2024-10-16T15:03:56Z,2024-10-16T15:03:56Z
UgxQ2t8c89UbKxtzqHJ4AaABAg,,False,@eunhrtz,dahyun smiling or serving? I do both!,0,2024-10-16T15:03:55Z,2024-10-16T15:03:55Z
UgxYzpGUVz689TwQ3bV4AaABAg,,False,@TwiceTadka,Heavenly,0,2024-10-16T15:03:52Z,2024-10-16T15:03:52Z
UgzDaipSaV00TK2kzfd4AaABAg,,False,@gongjara,코드보니깐 기타배운지 얼마 안됐네 ㅎㅎ,0,2024-10-16T15:03:52Z,2024-10-16T15:03:52Z
Ugw8pFEWV3ho3a1a2Nd4AaABAg,,False,@bokucikti,Huzur,0,2024-10-16T15:03:51Z,2024-10-16T15:03:51Z
Ugwhe29L4_0eKtaZdHp4AaABAg,,False,@jaredbendicio9961,I love you Dahyun,0,2024-10-16T15:03:50Z,2024-10-16T15:03:50Z
Ugwj19vzLsnUG-FnGNt4AaABAg,,False,@dubu_1020,Thank you kim dahyun for being ONCEs shining light,45,2024-10-16T15:03:44Z,2024-10-16T15:03:44Z
UgxagYC5JvPfFCOGXN14AaABAg,,False,@hikari.1117,ダヒョンちゃん♪とっても素敵な音色と歌声だね🎵,0,2024-10-16T15:03:42Z,2024-10-16T15:03:42Z
UgwyzRmfwANQvqNpwe54AaABAg,,False,@zaaveme,Dubu 🤍🤍🤍🤍,0,2024-10-16T15:03:40Z,2024-10-16T15:03:40Z
UgwqabT7j6rDuVUxqZ54AaABAg,,False,@morigonpan6181,娜連 如果是紅心皇后，多賢 就是白星文靜多才公主,0,2024-10-16T15:03:38Z,2024-10-16T15:03:38Z
Ugwe7GnAVTlu7aRYPzt4AaABAg,,False,@crescent-d4w,"ダヒョンの声って本当に優しい声してるんだよね。凄い暖かい気持ちになれる☀️

それにしても本当に多才やわ✨✨",122,2024-10-16T15:03:37Z,2024-10-16T15:03:37Z
UgzhNqThHbSe9uuSO4t4AaABAg,,False,@jaehm,Our talented dahyunie😭🫶🏻,13,2024-10-16T15:03:34Z,2024-10-16T15:03:34Z
Ugy2ZItSyQynk4kxJm54AaABAg,,False,@dianeroselicub6841,"Everytime someone like this comment, i'll watch it again",0,2024-10-16T15:03:33Z,2024-10-16T15:03:33Z
UgyDQdLmeHAsVeiw0hB4AaABAg,,False,@twcactus,MY BABY IS SO TALENTED <3,0,2024-10-16T15:03:32Z,2024-10-16T15:03:32Z
UgyIdDPjD8ZGUAN9nSt4AaABAg,,False,@1987productions,F  C  G Am,0,2024-10-16T15:03:28Z,2024-10-16T15:03:28Z
UgySv-4F7XfqsRYkTMZ4AaABAg,,False,@deist_bm,DAHYUN 🔛🔝,3,2024-10-16T15:03:27Z,2024-10-16T15:03:27Z
UgxFHulzQnoPLBDT1vl4AaABAg,,False,@gitalarassati8808,🫶🫶🫶,0,2024-10-16T15:03:26Z,2024-10-16T15:03:26Z
UgwH-KyyczEERIvMsyx4AaABAg,,False,@chillax3211,I think this is the first time in a while we’re seeing dahyun plays a guitar!!🤍 so talented!,84,2024-10-16T15:03:27Z,2024-10-16T15:03:27Z
UgzqKyh8xxg1rNZT3wt4AaABAg,,False,@dahyunsday,i loved it! drums next please 🤩,0,2024-10-16T15:03:25Z,2024-10-16T15:03:25Z
Ugy07J7XtJFDZj_pvrd4AaABAg,,False,@smileee-vu2gj,Unexpected one our dubu,0,2024-10-16T15:03:24Z,2024-10-16T15:03:24Z
UgzrwznUjgRAbjf7e0d4AaABAg,,False,@Y2TWICE,멜프장인 김다현,0,2024-10-16T15:03:23Z,2024-10-16T15:03:23Z
UgzuUmEyMw8J9znjHnd4AaABAg,,False,@lele-tc6mt,te amo dahyun,0,2024-10-16T15:03:17Z,2024-10-16T15:03:17Z
UgyDPDPnEGwQkJq5Zgt4AaABAg,,False,@andy8680,wow,0,2024-10-16T15:03:15Z,2024-10-16T15:03:15Z
Ugyqcie5cEPHIKTGZCx4AaABAg,,False,@onceupona2wice,Here's the attendance for the FILO ONCEs,1,2024-10-16T15:03:14Z,2024-10-16T15:03:14Z
UgxiVaK_JL2wAL1ZvVJ4AaABAg,,False,@skaberlaberhey9631,what does our Dubu can't do?? 🤍🤍🤍,0,2024-10-16T15:03:13Z,2024-10-16T15:03:13Z
UgwmrroKlEJfxYfqhah4AaABAg,,False,@Darkson-,DUBU ATE❤❤❤❤❤❤❤,0,2024-10-16T15:03:11Z,2024-10-16T15:03:11Z
UgwpJpRvlKz33h-Qlr54AaABAg,,False,@ZoeMurillo-xdpw1,Ya saquen el solo de dahyun 😭💘,0,2024-10-16T15:03:06Z,2024-10-16T15:03:06Z
UgwA1mM7YC7RQ4GChXh4AaABAg,,False,@reclobox374,"Everyone who supports Dahyun, unite, Greetings to everyone!!!🎉❤❤😊",2,2024-10-16T15:03:06Z,2024-10-16T15:03:06Z
UgztztCSNZJgWyE2T_94AaABAg,,False,@ноза-ж9п,❤❤❤❤DAHYUN,2,2024-10-16T15:03:04Z,2024-10-16T15:03:04Z
Ugyc0VPZW_0DlUEV6Gd4AaABAg,,False,@yeonna2005,재능이 많은 다현이,0,2024-10-16T15:03:01Z,2024-10-16T15:03:01Z
UgwpwQDVF0hje4W3ECR4AaABAg,,False,@yaa5502,Lindona ❤❤,0,2024-10-16T15:03:01Z,2024-10-16T15:03:01Z
UgxJwDuUtpWZ9IT1SGB4AaABAg,,False,@firhi2492,SUARANYA 😭🤍,0,2024-10-16T15:03:00Z,2024-10-16T15:03:00Z
UgzNrWXuPFm_s8QdhUx4AaABAg,,False,@Butterfly-once,Im here early for my baby Dahyun❤❤❤❤,3,2024-10-16T15:02:59Z,2024-10-16T15:02:59Z
UgwGzuBoocxM_0n4zdR4AaABAg,,False,@yaboredboii,dahyun being busy with her actress debut still got some time to remember onces by doing a cover! 🤍,583,2024-10-16T15:02:58Z,2024-10-16T15:02:58Z
UgwGzuBoocxM_0n4zdR4AaABAg.A9ecQIy87AFA9excu3_gO7,UgwGzuBoocxM_0n4zdR4AaABAg,True,@FahimHoq,"Yeah, she's the best",20,2024-10-16T18:08:20Z,2024-10-16T18:08:20Z
UgwGzuBoocxM_0n4zdR4AaABAg.A9ecQIy87AFA9gcdBmCBt0,UgwGzuBoocxM_0n4zdR4AaABAg,True,@BlinkOnce2703,She'll NEVER forget us no matter how busy she gets. That's what I adore about her 😭😭,12,2024-10-17T09:43:21Z,2024-10-17T09:43:21Z
UgzXj5hfiXV56FO5XP94AaABAg,,False,@py5664,Dahyun is truly talented,7,2024-10-16T15:02:56Z,2024-10-16T15:02:56Z
Ugwzr-VxoG3yAQW1Hcp4AaABAg,,False,@원인어밀리언,다현이다 다현이 ㅋㅋ,1,2024-10-16T15:02:56Z,2024-10-16T15:02:56Z
Ugy88D3njQIsPlYA7NV4AaABAg,,False,@SOUkabusikigaisha,このダヒョンちゃんの声めっちゃ落ち着く😊,0,2024-10-16T15:02:55Z,2024-10-16T15:02:55Z
UgwBTJnnyK1SrUu9B1J4AaABAg,,False,@egk1m,<3,0,2024-10-16T15:02:53Z,2024-10-16T15:02:53Z
Ugx4L9vR58J-fnVIFXR4AaABAg,,False,@cecisRuiz,Dahyun eres lo máximo 🫶🏼🫶🏼🫶🏼🫶🏼,0,2024-10-16T15:02:48Z,2024-10-16T15:02:48Z
UgyYtq6LuAMmoPGpQ-54AaABAg,,False,@otakumonkey,Our multi talented Dubu❤,1,2024-10-16T15:02:47Z,2024-10-16T15:02:47Z
UgxoMwu2u686cwMAuHt4AaABAg,,False,@Ricko-san,"She's a singer, a rapper, a dancer, a model, an actress, a performer....dahyun can be everything! She's perfect",1300,2024-10-16T15:02:45Z,2024-10-16T15:02:45Z
UgxoMwu2u686cwMAuHt4AaABAg.A9ecOeKceUOA9efflsV4_3,UgxoMwu2u686cwMAuHt4AaABAg,True,@angelicamc8375,Dahyun IDOL Senior ACE 😍😍😍,20,2024-10-16T15:31:26Z,2024-10-16T15:31:26Z
UgxoMwu2u686cwMAuHt4AaABAg.A9ecOeKceUOA9egrQd62sH,UgxoMwu2u686cwMAuHt4AaABAg,True,@sakuribit6898,❤❤,5,2024-10-16T15:41:46Z,2024-10-16T15:41:46Z
UgxoMwu2u686cwMAuHt4AaABAg.A9ecOeKceUOA9ehidSyATy,UgxoMwu2u686cwMAuHt4AaABAg,True,@Vinni-ni8eq,& song writer,19,2024-10-16T15:49:18Z,2024-10-16T15:49:18Z
UgxoMwu2u686cwMAuHt4AaABAg.A9ecOeKceUOA9ekSJnAwT8,UgxoMwu2u686cwMAuHt4AaABAg,True,@Kpopfan10693,And song writer and my bias,16,2024-10-16T16:13:09Z,2024-10-16T16:58:12Z
UgxoMwu2u686cwMAuHt4AaABAg.A9ecOeKceUOA9ekoAClAUk,UgxoMwu2u686cwMAuHt4AaABAg,True,@AouwwuoA,The Extra queen😂,9,2024-10-16T16:16:16Z,2024-10-16T16:16:16Z
UgzoX0qkqI4CngbWUHV4AaABAg,,False,@nurulaisyah5734,kim dahyun is the best!!,0,2024-10-16T15:02:41Z,2024-10-16T15:02:41Z
UgyEPPk3zuD5gxxQxLl4AaABAg,,False,@Loverfateand,Masterpiece ✨,0,2024-10-16T15:02:36Z,2024-10-16T15:02:36Z
UgzOzcF0AMvMSMWwZ-Z4AaABAg,,False,@azureennajihah,DAHYUN,2,2024-10-16T15:02:35Z,2024-10-16T15:02:35Z
UgyL716RdJTtvr__uPV4AaABAg,,False,@dubu_1020,Best girl kim dahyun,2,2024-10-16T15:02:35Z,2024-10-16T15:02:35Z
UgwrQuozfGtAqzPJ39B4AaABAg,,False,@jihyonista762,"Amo demasiado la voz de dubu, es muy hermosa❤❤❤",0,2024-10-16T15:02:34Z,2024-10-16T15:02:34Z
UgxoM7oujGUnx9NmmtJ4AaABAg,,False,@dahyuniee7,Dahyun,0,2024-10-16T15:02:32Z,2024-10-16T15:02:32Z
UgwBQyA2RLcIcZCiYqR4AaABAg,,False,@gabiscon547,"I love youuu

💓💓💓💓",1,2024-10-16T15:02:31Z,2024-10-16T15:02:31Z
UgwKNndQH12cs9yjwQN4AaABAg,,False,@Lara_Naz,Dahyunniee 😻,2,2024-10-16T15:02:29Z,2024-10-16T15:02:29Z
Ugyo8KL2mM4GuQzV08F4AaABAg,,False,@juvsagias3337,Dubu <3 My inspiration,0,2024-10-16T15:02:28Z,2024-10-16T15:02:28Z
Ugy8ciEzQbcKENDNQWl4AaABAg,,False,@hafizhashim6737,Kim Star 😍🥹🤍✨,0,2024-10-16T15:02:27Z,2024-10-16T15:02:27Z
UgznYIhjaIiE9wr07714AaABAg,,False,@chillax3211,Our girl is just too precious…🤍,2,2024-10-16T15:02:26Z,2024-10-16T15:02:26Z
UgzSFeYkPCDqUxZ8y5R4AaABAg,,False,@gabrielereis8371,Te amooo ❤,0,2024-10-16T15:02:24Z,2024-10-16T15:02:24Z
Ugwjrvum215RQFxrOjF4AaABAg,,False,@deovolente3786,❤love you,0,2024-10-16T15:02:20Z,2024-10-16T15:02:20Z
Ugwbk85HCFn6Za8-kIt4AaABAg,,False,@lleiann,HELLO MY GIRL DAHYUNNNNN AAAAAA HUHUHU THANK YOUUU,0,2024-10-16T15:02:18Z,2024-10-16T15:02:18Z
Ugx91XoSESCRQDJJ9AV4AaABAg,,False,@KiaaayjYJ,Ayang aku,0,2024-10-16T15:02:16Z,2024-10-16T15:02:16Z
UgylUgrJQoDxlAWpbNd4AaABAg,,False,@oncefortwice1020,She is so talented. I am so proud of her 🤍,5,2024-10-16T15:02:15Z,2024-10-16T15:02:15Z
Ugy9jPEnGhCdnMaeFJh4AaABAg,,False,@dubuumicorazon,I LOVE YOU DAHYUN,2,2024-10-16T15:02:13Z,2024-10-16T15:02:13Z
UgwZuzC43yA8IxB8Zi14AaABAg,,False,@kjustice153,Iloveyou so much,0,2024-10-16T15:02:13Z,2024-10-16T15:02:13Z
UgxbsTzfZ8acN1C-aV94AaABAg,,False,@Girlfran1004,다현아 니가 나의 첫사랑이자 끝사랑이다,21,2024-10-16T15:02:09Z,2024-10-16T15:02:09Z
UgxJqmWyvgsrFXTIkmF4AaABAg,,False,@caisummer4886,so talented,0,2024-10-16T15:02:09Z,2024-10-16T15:02:09Z
UgzbhiZjNsXevZI2d5Z4AaABAg,,False,@dairyl-a,MY BABY,0,2024-10-16T15:02:08Z,2024-10-16T15:02:08Z
UgzrQten7mMznQ2BFNF4AaABAg,,False,@sadecexyejii,please see me,0,2024-10-16T15:02:08Z,2024-10-16T15:02:08Z
UgxTe4R_64HiVoIPEoh4AaABAg,,False,@noubakun6186,dubuuuu <3,0,2024-10-16T15:02:07Z,2024-10-16T15:02:07Z
UgxuKoSFYUldQzp2HAh4AaABAg,,False,@olivelayson978,DAHYUNNIE BEST GIRL 🥺🥺🥺🥺🥺🥺,2,2024-10-16T15:02:06Z,2024-10-16T15:02:06Z
UgyfzFsSH9cN4lV3UBl4AaABAg,,False,@bbangrics,"thank you, dahyun! ❤",2,2024-10-16T15:02:05Z,2024-10-16T15:02:05Z
UgxPvLhzNrgNiP2-M_Z4AaABAg,,False,@nechxh,💞,0,2024-10-16T15:02:04Z,2024-10-16T15:02:04Z
UgxmG1hWWkOj-KI9p294AaABAg,,False,@bunnybunn21,Dahyun loving once ❤,2,2024-10-16T15:02:03Z,2024-10-16T15:02:03Z
UgxHDTbJpoJQCD22PAJ4AaABAg,,False,@hihihirai,울둡 너무 아름다워,0,2024-10-16T15:02:03Z,2024-10-16T15:02:03Z
Ugw8qmWerymSr34ipu14AaABAg,,False,@unicyncyn,this girl can literally do anything,0,2024-10-16T15:02:02Z,2024-10-16T15:02:02Z
Ugzt2-mf7EgdZLu7kud4AaABAg,,False,@ren-s2u,メインラッパーとは思えない程の美しい歌声✨,27,2024-10-16T15:02:00Z,2024-10-16T15:02:00Z
Ugx8z76lmdMDweQVUa14AaABAg,,False,@firhi2492,DAHYUN 😭🤍,4,2024-10-16T15:01:59Z,2024-10-16T15:01:59Z
Ugy1zk3C9EiHMIsF47V4AaABAg,,False,@tuanharatt,I love dahyun ❤,4,2024-10-16T15:01:59Z,2024-10-16T15:01:59Z
UgzRKmWXfjH9Y0YSpr14AaABAg,,False,@TahiraHamid-r7j,Wahh❤,1,2024-10-16T15:01:59Z,2024-10-16T15:01:59Z
UgyNGaMlX5bNTnY-k-d4AaABAg,,False,@christonalva7032,DAHYUNAAAAAAAAAHHHH 🤍🤍,0,2024-10-16T15:01:58Z,2024-10-16T15:01:58Z
UgyB-KfTkkN0L-qPdPd4AaABAg,,False,@caisummer4886,beautiful voice,1,2024-10-16T15:01:55Z,2024-10-16T15:01:55Z
Ugzqi3wa3bpejzLC5Sd4AaABAg,,False,@Jullieee_,te amo miamor,0,2024-10-16T15:01:53Z,2024-10-16T15:01:53Z
UgxIoHhB5MueYG-5mfd4AaABAg,,False,@onceroger8311,Dubu🤍🤍🤍🤍🤍,0,2024-10-16T15:01:50Z,2024-10-16T15:01:50Z
UgwF-V6dLiQgT9DOD8J4AaABAg,,False,@だけ-d1e,Dahyun❤,0,2024-10-16T15:01:49Z,2024-10-16T15:01:49Z
UgwiuwiWA8dcMbX4M6t4AaABAg,,False,@unicyncyn,KIM DAHYUN BEST GIRLLLLLLLLL I LOVE YOU DUBU🤍🤍🤍🤍🤍🤍🤍🤍🤍,1,2024-10-16T15:01:46Z,2024-10-16T15:01:46Z
Ugwt1w-gbNXJ5UEHIwx4AaABAg,,False,@wei7153,有夠突然的！！,1,2024-10-16T15:01:44Z,2024-10-16T15:01:44Z
UgxMfSZH7anZMsaMeIN4AaABAg,,False,@Arii-mf5ce,Te quiero Dahyun ❤,0,2024-10-16T15:01:42Z,2024-10-16T15:01:42Z
Ugz86-iwdxIL8ISe60d4AaABAg,,False,@twiceeeeflowers3741,❤❤❤❤❤ Dahyun so talent,2,2024-10-16T15:01:41Z,2024-10-16T15:01:41Z
UgxgbN_CYFaRlmWjbPl4AaABAg,,False,@Ricko-san,Slay dahyun! The perfect idol!,40,2024-10-16T15:01:40Z,2024-10-16T15:01:40Z
UgwfydUrk0Cz1iLHcTN4AaABAg,,False,@yurificent,DAHYUN!!!❤,0,2024-10-16T15:01:39Z,2024-10-16T15:01:39Z
Ugy2dsM2GL5BoG2JadB4AaABAg,,False,@sillydubb,oh my dahyun i love you endlessly,32,2024-10-16T15:01:36Z,2024-10-16T15:01:36Z
UgznjS2yJMy5q1t_kjJ4AaABAg,,False,@SurfersSilver,Our talented idol Kim Dahyun🤍,69,2024-10-16T15:01:36Z,2024-10-16T15:01:36Z
Ugx3MLZAETYVwwRTbsl4AaABAg,,False,@원스입니댜,김스타의 귀환 ㄷㄷ,0,2024-10-16T15:01:35Z,2024-10-16T15:01:35Z
Ugy9p30kJcXonVTuP3h4AaABAg,,False,@ineedabetterusername,우리 두부 최고다😍😍,0,2024-10-16T15:01:34Z,2024-10-16T15:01:34Z
Ugy4UjQMupgEdViZn1x4AaABAg,,False,@subuhisya646,Dahyun serve!,7,2024-10-16T15:01:26Z,2024-10-16T15:01:26Z
UgwUN3FVFBijZGmByIV4AaABAg,,False,@клоповница,по зову сердца,0,2024-10-16T15:01:21Z,2024-10-16T15:01:21Z
Ugx05sElHRCkjgENt114AaABAg,,False,@slwalovely,🤍🤍🤍✨✨🍭♾️,0,2024-10-16T15:01:21Z,2024-10-16T15:01:21Z
UgxwJ2VRsxAIRKSZf854AaABAg,,False,@dubidabidudubu206,Kim dahyun❤❤❤❤❤❤❤❤❤❤❤,2,2024-10-16T15:01:18Z,2024-10-16T15:01:18Z
UgyUM4Qs7yzIs6YL1hF4AaABAg,,False,@mamamo5311,dubuuu,0,2024-10-16T15:01:16Z,2024-10-16T15:01:16Z
UgwrN6f500Lgm5q0dw94AaABAg,,False,@todayiscc2466,แม่รักน้องดา,0,2024-10-16T15:01:16Z,2024-10-16T15:01:16Z
UgwVmp5H7bd9w1kWYAR4AaABAg,,False,@muhammadaditya1930,DUBBBBBB,0,2024-10-16T15:01:13Z,2024-10-16T15:01:13Z
Ugz2nWeNfkaYgsUsug94AaABAg,,False,@mamamo5311,🩷🩷🩷🩷,0,2024-10-16T15:01:11Z,2024-10-16T15:01:11Z
Ugz141hCnWwgODxEwa94AaABAg,,False,@PURPOSE-ve1hh,世上最会唱歌的豆腐🥰🥰🥰,0,2024-10-16T15:01:11Z,2024-10-16T15:01:11Z
UgyNQOSiZzzriWLfKlF4AaABAg,,False,@erebusdark4614,다현아 ㅋㅋㅋㅋ,0,2024-10-16T15:01:08Z,2024-10-16T15:01:08Z
UgwMUdh2DCHnvchQEmJ4AaABAg,,False,@ren-s2u,ダヒョンの歌声最高,0,2024-10-16T15:01:04Z,2024-10-16T15:01:04Z
UgxZpNUZNOHBBRiXjMl4AaABAg,,False,@hafizdnhs,Omg keren bgtt 🥺🫶,0,2024-10-16T15:01:03Z,2024-10-16T15:01:03Z
UgyFssCBo69g7xGtB214AaABAg,,False,@Doska2008,틱톡 출신이 아닌 분들도 이 댓글에 좋아요를 눌러주실 수 있습니다  ❤,1,2024-10-16T15:00:57Z,2024-10-16T15:00:57Z
Ugw0n8LSSu4CRBrc5kF4AaABAg,,False,@boomingbob1579,Dubu musician lovely,0,2024-10-16T15:00:54Z,2024-10-16T15:00:54Z
Ugx9ANbwdtG_qzaAsJl4AaABAg,,False,@moonrisexx,Dahyun is the best !,1,2024-10-16T15:00:47Z,2024-10-16T15:00:47Z
UgwD0pJj4mUYtLgLzd54AaABAg,,False,@nayeos_vlog,I lovr youu,0,2024-10-16T15:00:46Z,2024-10-16T15:00:46Z
Ugw4HU4mdCpjy9Nhk1p4AaABAg,,False,@Safwaan_Q,dahyun ❤❤,10,2024-10-16T15:00:45Z,2024-10-16T15:00:45Z
Ugy0tqVAks7bykrG3aB4AaABAg,,False,@kartikamora1832,Firstttt,0,2024-10-16T15:00:44Z,2024-10-16T15:00:44Z
Ugw9dRyJ154uCms6Ucx4AaABAg,,False,@Jiro_k-pop,DAHYUN VOCAL 😭😭😭😭💕💕💕,1,2024-10-16T15:00:42Z,2024-10-16T15:00:42Z
UgyvtjqHTzNw8u4CH894AaABAg,,False,@noraziah341,So suddenly ❤❤,0,2024-10-16T15:00:41Z,2024-10-16T15:00:41Z
UgySytY757dusyeCWNB4AaABAg,,False,@timetotimm,DAHYUNIEE!!😍😍😍😍,3,2024-10-16T15:00:40Z,2024-10-16T15:00:40Z
UgwKiCgLRbrc0RHGmQJ4AaABAg,,False,@lily4467,I love you ❤,0,2024-10-16T15:00:40Z,2024-10-16T15:00:40Z
UgxG3QNM39EwLqEBcoV4AaABAg,,False,@Omiayth,Vocals DAHYUN is another level🔥,87,2024-10-16T15:00:37Z,2024-10-16T15:00:37Z
Ugxe12_acEyP0mJzj_14AaABAg,,False,@muhajirka1793,First,0,2024-10-16T15:00:36Z,2024-10-16T15:00:36Z
UgwGWJu8sy-NdRsle_R4AaABAg,,False,@wonpyokim7109,오..,0,2024-10-16T15:00:36Z,2024-10-16T15:00:36Z
UgxRVjDvXnRkRzs63Rp4AaABAg,,False,@uhmbee,Our Dahyun always thinking of onces 😭🤍,489,2024-10-16T15:00:36Z,2024-10-16T15:00:36Z
UgxRVjDvXnRkRzs63Rp4AaABAg.A9ec8v64trgA9ed2Q3IZ5P,UgxRVjDvXnRkRzs63Rp4AaABAg,True,@efstrick,Yes,8,2024-10-16T15:08:27Z,2024-10-16T15:08:27Z
UgxRVjDvXnRkRzs63Rp4AaABAg.A9ec8v64trgA9f-eNAIhyd,UgxRVjDvXnRkRzs63Rp4AaABAg,True,@nellygmtze5694,Si <3,2,2024-10-16T18:34:45Z,2024-10-16T18:34:45Z
UgxRVjDvXnRkRzs63Rp4AaABAg.A9ec8v64trgA9fmtNAmXls,UgxRVjDvXnRkRzs63Rp4AaABAg,True,@maiathemaj,fr 🥺,1,2024-10-17T01:53:42Z,2024-10-17T01:53:42Z
UgzJROcMvHgYOEO98nN4AaABAg,,False,@blinkyyLDsri2,Dahyun❤❤❤❤❤,32,2024-10-16T15:00:34Z,2024-10-16T15:00:34Z
UgzbFjJ_TWd_Idf9BAt4AaABAg,,False,@HIMARI0901,❤❤❤,1,2024-10-16T15:00:34Z,2024-10-16T15:00:34Z
UgyQP2wEm1bm5Np75Ap4AaABAg,,False,@Doralpakjoa,I love it ...,0,2024-10-16T15:00:32Z,2024-10-16T15:00:32Z
UgzOeZLsB9rv9SvBzsR4AaABAg,,False,@4wdr2,🥹,0,2024-10-16T15:00:32Z,2024-10-16T15:00:40Z
UgwSnFDHzQvjYsqU_Gl4AaABAg,,False,@m_o____r_e4084,Dahyun❤,2,2024-10-16T15:00:29Z,2024-10-16T15:00:29Z
Ugy3ZnLukvHpt62PDuB4AaABAg,,False,@nath7.alvess,Chegueiiii,0,2024-10-16T15:00:28Z,2024-10-16T15:00:28Z
UgzZqYsKpTJaGmctFG54AaABAg,,False,@YZ-hq3tp,Dahyun is best,1,2024-10-16T15:00:28Z,2024-10-16T15:00:28Z
UgzAZmDQ4ORGuEF0S3B4AaABAg,,False,@jeyn0904,❤,0,2024-10-16T15:00:23Z,2024-10-16T15:00:23Z
