comment_id,parent_id,is_reply,author,text,like_count,published_at,updated_at
UgyUuS4CIzfSt5t-R914AaABAg,,False,@YoonHoShin-b7x,아이브 신곡 진짜 좋아요❤❤,0,2025-05-20T12:16:50Z,2025-05-20T12:16:50Z
UgxLN0akGhfpP4fCGqB4AaABAg,,False,@ssssschan,1:25,0,2025-04-30T08:04:44Z,2025-04-30T08:04:44Z
UgymrgxKVq3LeShH0Uh4AaABAg,,False,@arielchan3312,🌷💗💗💗Rei❤❤❤🌷,0,2025-04-27T06:47:09Z,2025-04-27T06:47:09Z
UgxVPc2ZNATLyguWCdR4AaABAg,,False,@moonseokkang2425,3:25 3:25 3:25 3:25 3:25 3:25 3:25 3:25 3:25 3:25,0,2025-04-12T08:40:24Z,2025-04-12T08:40:24Z
UgwjLpyhQcxY0ZZencZ4AaABAg,,False,@りんりん-f2z,がうる😊,1,2025-04-12T06:56:52Z,2025-04-12T06:56:52Z
UgyQA1XRsv5Cpxswy3l4AaABAg,,False,@루나r4b,제발  강원도 와서  공연해주시면 !제발❤,1,2025-04-12T03:55:01Z,2025-04-12T03:55:01Z
UgwTMOtayYXTmL0IuWl4AaABAg,,False,@병아리TV-n4s,아 진짜…. 사랑해,0,2025-04-11T11:39:42Z,2025-04-11T11:39:42Z
UgyVW4RUU6BAwL0gxkd4AaABAg,,False,@大腸菌ゆんぎさらんへ-g6l,0:09,0,2025-04-11T03:01:22Z,2025-04-11T03:01:22Z
Ugy7RY9etJowNl3has54AaABAg,,False,@유옍이야,2:14 이서 웃긴다ㅋㅋ,0,2025-04-05T04:31:35Z,2025-04-05T04:31:35Z
UgzMFPKlLlbnNtfGHmZ4AaABAg,,False,@다쥐,콘서트 가면서 외우는중ㅋㅋ,1,2025-04-05T03:28:46Z,2025-04-05T03:28:46Z
UgyePCWZxqScPU08InN4AaABAg,,False,@박성민-c9q,원영이 때문에 채리니가 죽어가요......,0,2025-04-05T02:53:48Z,2025-04-05T02:53:48Z
Ugwz02V8smhE_QDgeRB4AaABAg,,False,@Alexaeun_11,"l can't wait for all their music show stages to be
broadcasted 🤩🫶🤍",1,2025-04-04T14:30:38Z,2025-04-04T14:30:38Z
UgycaWKMbR0fhUZlUPd4AaABAg,,False,@lucevi,일콘 벼락치기 중이에요 ㅋㅋ 11구역 20열 가시는분 있나요?,0,2025-04-04T09:14:30Z,2025-04-04T09:14:30Z
UgyYk_vXenR0tyzea7d4AaABAg,,False,@채채엱,이번주 토요일날 아이브 보러갈게 ❤ 40구역 10열 !! 아이브 사랑해 ❤,0,2025-04-03T12:02:34Z,2025-04-03T12:02:34Z
UgyINIzveUmz0n6S7TN4AaABAg,,False,@뿌엥_0304,"콘서트 2층43구역가시는분,?",0,2025-03-26T13:35:20Z,2025-03-26T13:35:20Z
Ugxr5sOcpvRUtAFrYKV4AaABAg,,False,@woojoosam,원영언니왜갑자기,0,2025-03-22T12:46:00Z,2025-03-22T12:46:00Z
UgxzGtWFyiZoOYHd-eN4AaABAg,,False,@김하나-b9y,"(IVE IN MY HEART!)
시작은 항상 다 이룬 것처럼 엔딩은 마치 승리한 것처럼
겁내지 않고 마음을 쏟을래 내 모양대로 (다! 이! 브!)

이제 더 이상 신경 쓰지 않아 어디에서도 내 맘을 지키기
오해 받을 땐 자유에 맡겨둘래 다 알게 될 거니까 (아! 이! 브!)

So you can Love me (Love me), hate me (hate me)
You will 💛never!💛 be 💛never!💛 be 💛never!💛 me

Try me, I'll break free
You will 💛never!💛 be 💛never!💛 be 💛never!💛 be me

We are rebels in our heart, Rebels in our heart
We are 💖rebels in our heart💖
We are rebels in our heart, 꺾이지 않아
We are 💖rebels in our heart💖

너는 어디가 조금 부족해 너는 거기가 뭔가 좀 넘쳐
I don't care 뭐든 말은 참 쉽지 그래 실행이 어려운 거야

Do it, move it, do it ❤️‍🔥우린 그냥 할게!❤️‍🔥
내 갈 길은 멀고 그 위에는 드라마가 있어

또 외로움이 너무 길어지는 밤엔
그 맘을 쏘아 올려 (Ah-Ah-Ah-Ah!)

Love me (Love me), hate me (hate me)
You will 💛never!💛 be 💛never!💛 be 💛never!💛 be me
Try me, I'll break free
You will 💛never!💛 be 💛never!💛 be 💛never!💛 be me

We are rebels in our heart, Rebels in our heart
We are 💖rebels in our heart💖

We are rebels in our heart, 꺾이지 않아
We are 💖rebels in our heart💖

Rebels in our heart!

💞Rebels in our heart, Rebels in our heart!💞
💞Rebels in our heart, Rebels in our heart!💞

(함성) 우린 따로 이유를 묻지 않고 서로가 필요할 때가 있어
그런 맘이 어떤 건지 잘 알기에
영원을 바라는 사이보다 지금을 이해해주고 싶어
We will always be the rebels (함성)

Come, join as who you are
We are rebels, we are one (one!)
이 마음만으로 We are rebels, we are one (one!)

We are rebels in our heart, Rebels in our heart
We are 💖rebels in our heart💖
We are rebels in our heart, 꺾이지 않아
We are 💖rebels in our heart💖",0,2025-03-22T04:42:09Z,2025-03-22T04:42:09Z
UgwkQPJLTsevyZCTouh4AaABAg,,False,@jihyeBae-wj3mf,"다 진짜 너무 에뽀요♥ 너무
잘 하잔 아요. 아이브가 제일좋아요.🎉🎉😊",2,2025-03-21T13:21:21Z,2025-03-21T13:21:21Z
Ugw2Q2MlIezq10IwTL54AaABAg,,False,@종학한-w2p,노래 넘 좋아여❤,0,2025-03-16T09:38:59Z,2025-03-16T09:38:59Z
UgzeiTuDQtqIU4EGi-54AaABAg,,False,@jkjk5960,사랑해요 아이브 화이팅 신곡 넘 좋당❤,0,2025-03-15T10:45:29Z,2025-03-15T10:45:29Z
UgxDCioLdmZbiRbts614AaABAg,,False,@Ah_eun0817,아이브는 진짜 인형 처럼 예쁘고 귀엽고 사랑스럽고 착하고 진짜 못하는게 없다 ♡🌸🎀⚜️ 아이브 이번 신곡도 넘 좋고 ♡ 아이브 진짜 짱이다ㅜ 진짜로 ㅜ♡,0,2025-03-08T12:26:10Z,2025-03-08T12:26:10Z
UgyIMMz04-p6uDsBadV4AaABAg,,False,@rayannezanin2539,07/03/2025 às 09:36,0,2025-03-07T12:36:46Z,2025-03-07T12:36:46Z
UgxNs7buLUeX_WggZRt4AaABAg,,False,@다유자,3:09 원영이 토끼 흔드는거 넘 귀여워,0,2025-03-07T12:10:53Z,2025-03-07T12:10:53Z
UgwAG6FIvorelg8Tc1R4AaABAg,,False,@다유자,2:09 원영이 은웡봉 귀에다가 소리질르는거 넘 귀여워,0,2025-03-07T12:09:01Z,2025-03-07T12:09:01Z
UgxhZ3fe7y5mX-0aqwB4AaABAg,,False,@다유자,0:05 원영이 응원봉 귀 만지는거 넘 귀염,2,2025-03-07T12:05:42Z,2025-03-07T12:05:42Z
Ugw8Keko6TwaxtwNU354AaABAg,,False,@chowonlover,I've been there forever!  ❤❤❤,0,2025-03-06T19:22:10Z,2025-03-06T19:22:10Z
UgzvN_2HfBf9i9MqEOd4AaABAg,,False,@chowonlover,You guys are so cute!  ❤,0,2025-03-06T19:21:31Z,2025-03-06T19:21:31Z
Ugw5ycT2_JJVL6WV0Ml4AaABAg,,False,@chowonlover,beautiful!  ❤,0,2025-03-06T19:20:53Z,2025-03-06T19:20:53Z
Ugx_HR76KZcwUIA-Kdp4AaABAg,,False,@chowonlover,❤❤❤,0,2025-03-06T19:20:37Z,2025-03-06T19:20:37Z
UgwrJJ1m-BH5sDX4mEZ4AaABAg,,False,@chowonlover,I loved !  ❤,0,2025-03-06T19:20:17Z,2025-03-06T19:20:17Z
UgyAVoBKUibc3zyh6Gh4AaABAg,,False,@김미경-y6l8i,2:00 원영이 계속 처다 보새욬ㅋㅌㅋㅌ,0,2025-03-05T12:08:26Z,2025-03-05T12:08:26Z
UgyAVoBKUibc3zyh6Gh4AaABAg.AFHnjUccLJ0AFr7lf39jjR,UgyAVoBKUibc3zyh6Gh4AaABAg,True,@그린의에하루,ㅋ,0,2025-03-19T14:44:54Z,2025-03-19T14:44:54Z
UgyMsUbBg4zde99zkst4AaABAg,,False,@Mikaive,마지막 휴식에서 제작 한 노래가 왜 그렇게 좋은가?,0,2025-03-03T06:04:43Z,2025-03-03T06:04:43Z
UgzXKXEI_oSF9CX_xUN4AaABAg,,False,@김현욱-g7c,"아이브 만나고 싶다!!
넘에뻐",0,2025-03-01T01:50:17Z,2025-03-01T01:50:17Z
UgzS_8QOJ4UYZ-ztXdx4AaABAg,,False,@잼-mz,원영언니 유진언니 레이언니 가을언니 이서언니  화이팅,0,2025-02-27T02:22:37Z,2025-02-27T02:22:37Z
UgyndTcqgnBNu12IBFR4AaABAg,,False,@잼-mz,아이브 신곡 진짜 넘 조아여❤ 2:51,0,2025-02-27T00:49:54Z,2025-02-27T00:49:54Z
Ugxn9kkRrT9gU9k6vZV4AaABAg,,False,@잼-mz,아이브 신곡 진짜 넘 조아여❤,2,2025-02-27T00:48:52Z,2025-02-27T00:48:52Z
Ugx55NmTLypIIovISwZ4AaABAg,,False,@규리잡아먹은레랜,나중에 만나❤❤,0,2025-02-26T06:23:16Z,2025-02-26T06:23:16Z
Ugz5GJBXbq97B0xi0sl4AaABAg,,False,@픔야안,콘서트 가서 이 응원법 쓸 생각에 너무 설레요🫶,0,2025-02-26T06:22:59Z,2025-02-26T06:22:59Z
UgyyMifU5ksztaJkIrN4AaABAg,,False,@Delamour84,근데 아이브 넘예쁨💖,0,2025-02-21T04:35:06Z,2025-02-21T04:35:06Z
UgyBGWiUO-wMfVEQphd4AaABAg,,False,@유녀엉,콘서트에서 나오면 크게 부를겡 ❤,1,2025-02-21T01:12:24Z,2025-02-21T01:12:24Z
UgwEI_QPtdVpAmiHxWp4AaABAg,,False,@loveIVE_2021,00:16 이서 응원봉으로 입 가리고 있는거 넘넘 귀여워ㅠㅠ,0,2025-02-20T01:01:37Z,2025-02-20T01:01:37Z
Ugx87rCAWIRZLCNoy4l4AaABAg,,False,@수아에_빠진_리율이,2:09 워뇽이 응원봉…ㅋㅋ..,0,2025-02-18T06:47:33Z,2025-02-18T06:47:33Z
Ugx87rCAWIRZLCNoy4l4AaABAg.AEfb58M09F0AEshV7wKelq,Ugx87rCAWIRZLCNoy4l4AaABAg,True,@엘스,긍까…ㅋㅋ 저도 그거 보고 겁나 웃음요😂❤,0,2025-02-23T08:53:39Z,2025-02-23T08:53:39Z
Ugx87rCAWIRZLCNoy4l4AaABAg.AEfb58M09F0AEzPumLjIMi,Ugx87rCAWIRZLCNoy4l4AaABAg,True,@snbiu,ㅋㅋㅋㅋㅋㅋㅋㅋㅋㅋㅋㅋㅋㅋㅋㅋㅋㅋㅋㅋ,0,2025-02-25T23:25:57Z,2025-02-25T23:25:57Z
Ugy56knPcIdoRtfTOIl4AaABAg,,False,@youah15,유진 온니❤ 신곡 짱 멤버들다 짱 중간에 원영언니 체리(미니브) 귀 드는거❤❤,2,2025-02-17T21:49:18Z,2025-02-17T21:50:19Z
UgxQRhMsnXRZtybHzId4AaABAg,,False,@user-zh1km6kk1w,언니 체리죽어,0,2025-02-17T01:34:48Z,2025-02-17T01:34:48Z
Ugz6X5Jh_oKetRM5z7p4AaABAg,,False,@everyday_songs,ㅎㅎ,0,2025-02-16T11:48:08Z,2025-02-16T11:48:08Z
UgxFxTLVutCDBIFYQLZ4AaABAg,,False,@wonydoll,SOTY <33,0,2025-02-16T10:51:05Z,2025-02-16T10:51:05Z
UgzvMymnGKs6XdV5Cvd4AaABAg,,False,@달이달이콩,아니ㅋㅋㅋㅋ워뇨가ㅋㅋㅋ체리귀에다소맂르는고넘웃교ㅠㅠㅠㅠㅋㅋㅋㅋㅋ큐큐큐ㅠ,0,2025-02-13T13:04:12Z,2025-02-13T13:04:12Z
Ugy9s5zergUkAYvMBO14AaABAg,,False,@soyun-world,원영이가 체리한테 소리 질렀어.......,0,2025-02-12T02:05:27Z,2025-02-12T02:05:27Z
UgyPLpGqQ0zb3fNjQP54AaABAg,,False,@이민-j5b,2:09 체리귀아프겠닿ㅎ,0,2025-02-12T01:11:03Z,2025-02-12T01:11:03Z
UgzYJdOvaL2doNZIgOd4AaABAg,,False,@짱꾸-e9b,외우도록 노력은 해볼게...😢,0,2025-02-12T00:36:58Z,2025-02-12T00:36:58Z
UgyyR3YAGOttBxJzfZB4AaABAg,,False,@하율이가자주나오는혜,원영 체리 귀 열고 부르고 귀여워,0,2025-02-11T01:18:54Z,2025-02-11T01:18:54Z
UgzzE87SgxtmAv5vIWJ4AaABAg,,False,@이현정-m2g1c,원영언니 채리귘ㅋㅋ뭐야,0,2025-02-10T15:44:36Z,2025-02-10T15:44:36Z
Ugyeo544inPqb91_h6F4AaABAg,,False,@sabrinayihan9689,뜨뜨뜨빵빵빵❤5살때부터봐어요❤,0,2025-02-09T12:42:02Z,2025-02-09T12:42:02Z
UgwfxxapLqsmw2QLKYd4AaABAg,,False,@사랑봄-c3o,채리불쌍해..2:06,0,2025-02-09T11:11:35Z,2025-02-09T11:11:35Z
Ugw7uxracdTCrpNXBmB4AaABAg,,False,@이은서-l7j3m,춥파춥스먹으면서 응원한 1인😂😂😂,0,2025-02-07T11:21:08Z,2025-02-07T11:21:08Z
Ugx5sHtqLg6q_nJ-_Ed4AaABAg,,False,@이병걸-n2y,아이브 진짜 잘한다 🥰,0,2025-02-06T19:43:33Z,2025-02-06T19:43:33Z
UgxzlFLomuq7XSmxdF94AaABAg,,False,@유형석-v4w,아이부 사랑햅💗,0,2025-02-06T03:29:34Z,2025-02-06T03:29:34Z
UgwKJxTlPmZoV5Bzdfl4AaABAg,,False,@서은조-f9p,"원영언니 체리귀에 응원법알려주는거 
귀여웡😚",0,2025-02-05T07:44:35Z,2025-02-05T07:44:35Z
UgxMXOplf6igZpHRqit4AaABAg,,False,@user-xk3ce6ly9f,원영 언니 중간에 체리 귀들고 노래 부르는 거 너무 귀엽따,0,2025-02-05T00:07:01Z,2025-02-05T00:07:01Z
UgygcwoC2nVC4psN9hZ4AaABAg,,False,@먀-k2,워녀이 체리 귀에 뭐하는고얌?,0,2025-02-04T11:25:53Z,2025-02-04T11:25:53Z
Ugx8dRJ6qoWmuSveF0R4AaABAg,,False,@여진이의행복,원영이  체리 귀에다가   레블스  인아월 헐트~  할때 넘 귀엽다,0,2025-02-04T10:58:54Z,2025-02-04T10:58:54Z
Ugy5ZcsRc5UptACVqid4AaABAg,,False,@김현영-o4p,그리고잘보고갑니다,0,2025-02-04T02:32:37Z,2025-02-04T02:32:37Z
UgzHliBOSE5YG_gmQ2J4AaABAg,,False,@김현영-o4p,이거도조은데또나왔다니2주만에.......대.박.....!...,0,2025-02-04T02:30:44Z,2025-02-04T02:30:44Z
Ugx2AHN1ygA8b_YleE94AaABAg,,False,@신예서-l2e,1:57 이러니깐 사람들이 좋아하징❤ 넘착하다..❤ 아이브는 그냥 얼굴 부터가 착해..❤❤❤❤❤,0,2025-02-04T00:40:04Z,2025-02-04T00:40:04Z
Ugw-AXVzC_kKOM70s4p4AaABAg,,False,@아현현,reble heart 조으신부운..?,1,2025-02-02T13:30:23Z,2025-02-02T13:30:23Z
UgwuwkN62hLrIEml6rV4AaABAg,,False,@현수송-q7y,나 아이브 공연에 응원법 해보고 싶다.,0,2025-02-02T06:26:24Z,2025-02-02T06:26:24Z
Ugx3A6yk0ZTdlqkv6tt4AaABAg,,False,@카와이현서,4월에 꼭 아이브 보러 콘서트 가야지ㅠ,0,2025-02-02T04:38:28Z,2025-02-02T04:38:28Z
UgyiYOOTpSlOTqvYZcN4AaABAg,,False,@행운777-lucky,워녕이 체리 귀에 대고 레블 인얼 헐~트 거리는거 왜캐 귀엽누❤,1,2025-02-02T03:19:20Z,2025-02-02T03:19:20Z
UgyOY0lGAv8vjvcbyFR4AaABAg,,False,@ななみ-j7n,これ.123IVEの時かな？？,0,2025-02-01T16:51:06Z,2025-02-01T16:51:06Z
Ugy6KMVUmTSz-jtMsYR4AaABAg,,False,@syL-d5w,원영이가 체리니 귀에다가 불르는거 너무 귀여워,0,2025-02-01T09:56:20Z,2025-02-01T09:56:20Z
UgzjRcn2SOXX9__oJ0h4AaABAg,,False,@핑크발바닥냥이-o6u7n,"2:04 에 워녕: 체리한테 들러주야지 안들렸을것같은데(귀끌어올림)
2:10 체리:그냥주겨줘ㅠ
(제생각입니당)",2,2025-02-01T07:41:29Z,2025-02-01T07:41:29Z
UgyprMyPyJaFjYeswLV4AaABAg,,False,@미진김-z2t,아니 원영 뭐야 ㅋㅋ,0,2025-02-01T07:31:46Z,2025-02-01T07:31:46Z
Ugw4_7i92r3S1E1PBOF4AaABAg,,False,@LuvLxLisa,I LOVE IVE,0,2025-01-31T22:04:02Z,2025-01-31T22:04:02Z
UgyryTaPz8u9EDV7TJR4AaABAg,,False,@TV-ui2jv,"아이브❤ 이번신고 진짜루 좋아요♡
아이브 나올때 부터 정말 좋아했어요!
콘서트 도 많이 많이 가고보 좋아했어요♡근데 리즈는 악플을 보고
상처 받고 끝까지 포기 하지않고😢
힘냈어요!!!!😢😢😢😢😢😢😢😢😢
레이는 일본인 이라고 악플을 밨는데
신경 안 쓰고 일본인 데로 사는 모습이
제 옛날 모습이라고 말할수 있네요🎉",0,2025-01-31T03:24:59Z,2025-01-31T03:24:59Z
UgyHW_U29T7nfQHfiVN4AaABAg,,False,@한지수-x7c,안유진 오늘도 미모 미친..,1,2025-01-31T02:24:04Z,2025-01-31T02:24:04Z
UgxGIPUJapzcmTi58oB4AaABAg,,False,@김학림-v2l,❤❤❤❤❤❤❤❤,0,2025-01-31T02:14:03Z,2025-01-31T02:14:03Z
Ugwlty7rfEcco1AXJ5R4AaABAg,,False,@샤샤핑눈꽃핑은다내꺼,아이브 1위 4관왕 축하행!!!❤,0,2025-01-30T11:08:56Z,2025-01-30T11:08:56Z
UgxUqtCaRsuU0BbM_KV4AaABAg,,False,@FunpeisNo.1,ライブ行きたいー！！！！！！,1,2025-01-28T08:43:52Z,2025-01-28T08:43:52Z
UgxUqtCaRsuU0BbM_KV4AaABAg.ADpjhjNIWrDAHSrWbrRDB0,UgxUqtCaRsuU0BbM_KV4AaABAg,True,@FunpeisNo.1,イルコン楽しかった！！！,0,2025-04-28T12:15:56Z,2025-04-28T12:15:56Z
UgyGFAdLu9FK_fE8KiR4AaABAg,,False,@endroitdesole,리즈 안경 잘 어울린다😄,0,2025-01-26T14:24:07Z,2025-01-26T14:24:07Z
UgyVtZNYi0V_UQ8MMv54AaABAg,,False,@user-Lina2014,응원봉 넘 귀여워💗,0,2025-01-26T04:41:27Z,2025-01-26T04:41:27Z
Ugzodd9YRTf4TZd9AUd4AaABAg,,False,@성유미-t2w,가을아..너무 예쁘다앙..,0,2025-01-26T02:24:04Z,2025-01-26T02:24:04Z
UgzWPoOo2SFn96wVRN54AaABAg,,False,@김공쥬-j9i,김리즈만 봐도 타이밍이 언젠지 알수있음ㅋㅋㅋㅋㅋ,0,2025-01-26T01:07:19Z,2025-01-26T01:07:19Z
UgzzBecuQzRge1kgxnJ4AaABAg,,False,@박박기홍-h7x,너무 노래가 좋아여❤,0,2025-01-25T06:21:41Z,2025-01-25T06:21:41Z
UgzQXHbB2ZcKZ46EvKN4AaABAg,,False,@KevM-fy4mh,❤❤❤❤❤❤😊,0,2025-01-24T22:19:40Z,2025-01-24T22:19:40Z
UgxREcf9x9n-w3ne5wV4AaABAg,,False,@lovely_ysmoon,아이브 신곡 쨩이에욤❤,1,2025-01-24T14:39:48Z,2025-01-24T14:39:48Z
UgwA-t_ll3hi5Doqrtt4AaABAg,,False,@포오에여,"이번 콘서트 티켓팅 꼭 성공해서 이 응원법,, 콘서트장 가서 꼭 사용하고 싶네여,,💘",5,2025-01-24T13:10:14Z,2025-01-24T13:10:14Z
UgzsnZWO9dbmiBacTL94AaABAg,,False,@walendxweg,💎,0,2025-01-24T09:48:54Z,2025-01-24T09:48:54Z
Ugy6rPCUPlMWrNqgOZx4AaABAg,,False,@Gentle_k15,"2:10 원영이가 자기 응원봉한테 안 들릴까봐 귀열고 들려주는 거
넘 커엽자나❤❤",11,2025-01-24T09:02:47Z,2025-01-24T09:02:47Z
Ugy6rPCUPlMWrNqgOZx4AaABAg.ADfTgfdF6pJAE_oOVOgMKO,Ugy6rPCUPlMWrNqgOZx4AaABAg,True,@비츄,ㅇㅈ..넘 커여웡..,2,2025-02-16T00:48:21Z,2025-02-16T00:48:21Z
UgxSQvx-jwIyyYSyurl4AaABAg,,False,@린쵸_rincho,2:10 워뇽아 토끼귀에다가ㅋㅋ 기여어 죽것네❤,0,2025-01-24T02:20:48Z,2025-01-24T02:20:48Z
Ugy4cLbfQNs7PFPtJmx4AaABAg,,False,@TV-kz3by,이서 너뮤 기여버❤ 신곡 좋네,0,2025-01-23T23:44:52Z,2025-01-23T23:44:52Z
UgwTRTcJR3cIoYTR3NV4AaABAg,,False,@lovely_ysmoon,"잘맞춘당.. 귀욤귀욤!
내 최 애 아 이 돌 그 룹🎉",1,2025-01-23T14:27:58Z,2025-01-23T14:27:58Z
Ugy1yuyTcTscFBFje3l4AaABAg,,False,@lovely_ysmoon,"그래서 지금 연속 3번 듣고 있어용
아이브 사랑해욧!❤❤❤",1,2025-01-23T10:29:57Z,2025-01-23T10:29:57Z
Ugw6O8hwNOntNtqblxV4AaABAg,,False,@lovely_ysmoon,최고 최최최고!,1,2025-01-23T10:28:14Z,2025-01-23T10:28:14Z
Ugw87avgPIcCTyzILGd4AaABAg,,False,@lovely_ysmoon,"너무 위로되고 스트레스가 풀리는 노래같아요
ㅜㅜ 너무 노랴가 죠아용! 아이브 완죤 찐팬!!❤❤❤❤❤❤❤❤❤❤❤",1,2025-01-23T10:27:32Z,2025-01-23T10:27:32Z
UgwBwDsllYjxC6m-Gf14AaABAg,,False,@만두민팬minje,응원법 잘 나왔네 ㅎ 아이브분들 너무 이뻐요,0,2025-01-23T08:29:50Z,2025-01-23T08:29:50Z
UgyZnMMl3VT63aNos954AaABAg,,False,@Rachael-fe8oe,❤❤,0,2025-01-23T06:56:21Z,2025-01-23T06:56:21Z
UgxHh7WXvSX3A6P-L9F4AaABAg,,False,@02CH-xm9cg,레이 센터 자리 잡고 건강해저서 너무 좋다 레이야 ㅅrㄹ6ㅎH❤,0,2025-01-22T13:40:44Z,2025-01-22T13:40:44Z
UgwbpVTg8wsUO_kqy-p4AaABAg,,False,@lyu6384,말랑 콩순이언니 넘 귀엽다 0:38,5,2025-01-22T11:41:26Z,2025-01-22T11:41:26Z
UgwbpVTg8wsUO_kqy-p4AaABAg.ADabFzl0i1hAEMtfubFAPj,UgwbpVTg8wsUO_kqy-p4AaABAg,True,@jejrgrirb4jrk4vrkebe,인정,0,2025-02-10T15:05:11Z,2025-02-10T15:05:11Z
Ugx4DQb8I6hszRIkBr94AaABAg,,False,@lyu6384,이서 언니 ❤,2,2025-01-22T11:33:50Z,2025-01-22T11:33:50Z
UgzGr4tfQDl_7R9NnKt4AaABAg,,False,@hhuni,언니들내가열심히연습해서 응원법열심히외칠게'',0,2025-01-22T08:08:07Z,2025-01-22T08:08:07Z
UgwVU3RC0LHDAkfKMTt4AaABAg,,False,@Tokkinang_game,이번 시곡 넘 좋아!!,0,2025-01-22T06:56:49Z,2025-01-22T06:56:49Z
UgyS8VwvElzQtU5OG9t4AaABAg,,False,@jieunegieoke,"아이브 너무 좋아~

아이유 월드투어콘서트가 열렸던
2024년 3월9일 올림픽공원!
같은날 
아이유가 공연하던 체조경기장 맞은편
핸드볼경기장에서 팬미팅을 했던 아이브
그때부터 나의 아이브를 향한 항해는 시작된것 같아

아이유 티켓팅을 실패해서
3월의 아이유 콘서트를 바깥에서 오디오로라도 함께하자싶어서
찾아갔던
올림픽공원에서
먼발치이긴 했지만
아이브를 보게될줄 어떻게 알았겠어
그리고
여러날이 지나고
아이브의 월드투어 앵콜콘서트 소식을 듣고
이 공연은 꼭 보러가고 싶다는
강한 열망으로
티켓팅을 시도했고
나는
성공하고야 말았지
마침내
케이스포돔에서 아이브를 만난 날
나는 너무나 벅찬 감격에 눈물이 그렁했지뭐야
그리 멀지않은 자리여서
아이브 멤버 한명한명을 너무나 선명하게 볼수 있어서 엄청 행복했어
유진이랑 원영이를 보러간게 제일 큰 이유였지만
사실은 최애멤버는 가을이거든
근데
레이랑 이서한테 홀딱 빠져버렸지뭐야
특히 이서한테 매료되어서
콘서트를 보고 돌아온후부터 이서앓이를 하고 있어

좋아했었던, 좋아하던 아이돌이 아이브가 처음은 아니고
많은 아이돌들을 좋아했었지만
유독 아이브는 처음 데뷔할때부터
계속 눈길이 가고 마음이 가는 아이돌이고
지금은
내 최애 아이돌이 되어있어
암튼,
아이브가 나는 참 좋아!

그동안은
아이유말고는 마음을 주지않았는데
아이브에게는
마음을 주고 싶어
계속 내 마음에 아이브할래
사랑한다
아이브❤

올해는 아무래도 다이브할거 같은걸 이힛🤭😄",0,2025-01-22T01:10:37Z,2025-01-22T01:10:37Z
UgyS8VwvElzQtU5OG9t4AaABAg.AD_U3jy42mLADbaeuBDnzt,UgyS8VwvElzQtU5OG9t4AaABAg,True,@xxgg3407,"If I had IU's Number I would give it to you
Stay strong 🗿😙❤🙏🏼➰️",0,2025-01-22T20:55:29Z,2025-01-22T20:55:29Z
UgzvPDqFFBnZcITr3Xh4AaABAg,,False,@루루-11h,아이브 신곡 넘 좋앙6,1,2025-01-21T10:27:47Z,2025-01-21T10:27:47Z
UgwlA0S-9T6tr7xSd214AaABAg,,False,@bunnies0115,옹 센터 골고루 해줘서 넘 조타ㅜㅜㅜ 스타쉽 제발 센터 좀 골고루 세워주세요 ㅜ,3,2025-01-20T18:14:27Z,2025-01-20T18:14:27Z
UgyxNP7Xc2nQMBGffHh4AaABAg,,False,@Gyoww,Akkaengz so cute ❤❤❤,0,2025-01-20T14:55:12Z,2025-01-20T14:55:12Z
UgwqNuZLcdURhiySnjd4AaABAg,,False,@중국집-q8b,"이번 신곡 미쳤는데ㅋㅋ❤❤
응원법 알려주는 것도 기여운 아기브ㅡ😮",3,2025-01-20T14:08:57Z,2025-01-20T14:08:57Z
Ugy7ERIIsQdJBsWViQd4AaABAg,,False,@딸유-s3w,2:06  체리니 귀에서 피나요😂(?),1,2025-01-20T13:45:59Z,2025-01-23T05:34:43Z
UgxP9juVE9jFXZrbJfl4AaABAg,,False,@유진이는포포,"1:40
아-아-아-아 -> 아아아악",0,2025-01-20T13:25:17Z,2025-01-20T13:25:45Z
UgwQYRUPsF3digcvk9J4AaABAg,,False,@유진이는포포,1:40,0,2025-01-20T13:24:49Z,2025-01-20T13:24:49Z
UgyaA78OvxOOw26Auq54AaABAg,,False,@우둥이-monkey,👍,0,2025-01-20T12:49:34Z,2025-01-20T12:49:34Z
UgxTaR-fi8X4NlruUY94AaABAg,,False,@marcotu5199,眼鏡LIZ好漂亮❤,0,2025-01-20T12:16:53Z,2025-01-20T12:16:53Z
UgwpaYaE_Z0CTQxR4gt4AaABAg,,False,@san_uqeo,2:09 우리 토끼 공주님 너무 귀여워...💗,0,2025-01-20T01:08:02Z,2025-01-20T01:08:02Z
UgxGKL1LJAyw0jOj0xd4AaABAg,,False,@GRam-tc3lc,Liz ❤,0,2025-01-19T04:09:03Z,2025-01-19T04:09:03Z
UgyxB0VJ5LFLc4-o9lZ4AaABAg,,False,@luising6793,1,0,2025-01-18T20:17:05Z,2025-01-18T20:17:05Z
Ugz-9peG-9Ex1STqioZ4AaABAg,,False,@햄빵이원용이,2:9 원영이 넘 귀엽당,0,2025-01-18T12:33:51Z,2025-01-18T12:34:02Z
UgzZc3yHc2JZialj5fp4AaABAg,,False,@쥬옐-l8v,아기 고양이 파이팅!!!,1,2025-01-18T01:57:24Z,2025-01-18T01:57:24Z
Ugxa20akYN645lp0zHh4AaABAg,,False,@m-gt5ke,最高,1,2025-01-18T00:23:02Z,2025-01-18T00:23:02Z
UgyCBGPm51AePXATZVl4AaABAg,,False,@핫쵸_hotcho,이서 연기 댑악 ❤❤,3,2025-01-17T12:43:21Z,2025-01-17T12:43:21Z
UgysDlWDgPH_EI5vSAp4AaABAg,,False,@myfavoritejejucafe,아이브 진짜 잘한다❤❤,1,2025-01-17T11:19:13Z,2025-01-17T11:19:13Z
UgxSUCqJOcNxZo1Us3l4AaABAg,,False,@이영이-c1v,❤❤❤❤,0,2025-01-17T05:16:20Z,2025-01-17T05:16:20Z
Ugz0XepY-5PbZ02ngzN4AaABAg,,False,@리즈꺼해빈,리즈 모야?!! 안경 넘 잘 어ᩚ울린댜!!,0,2025-01-17T02:56:55Z,2025-01-17T02:56:55Z
UgyQ1wWjO1ijh2G21Kh4AaABAg,,False,@국혜경-b1p,"아이브이번 앨범사고,콘서트 가야겠다 이번껀 너무좋아!  원래 아이브신곡나오면 앨범안사는데! 이번껀 꼭 사야겠다!",0,2025-01-17T00:09:42Z,2025-01-17T00:09:42Z
Ugxj5XITbftw28q35RJ4AaABAg,,False,@히힣-x2s,진짜 넘 좋은데❤❤,0,2025-01-16T14:20:55Z,2025-01-16T14:20:55Z
UgwrO9XkNBzT9uVnN694AaABAg,,False,@surinngoenma4233,💞💕💞💕💞💕💞💕💞💕,0,2025-01-16T14:16:27Z,2025-01-16T14:16:27Z
Ugwxm3MOQGRDOiimNZR4AaABAg,,False,@조은영-o1m,"신곡 너무 너무 좋다ㅠㅠ
레이 반묶음 예쁘당❤❤
아이브 언제나 화이팅!!
신곡 대박나면 좋겠다🎉",3,2025-01-16T12:41:36Z,2025-01-18T07:43:31Z
Ugz6pLyP9C9m6P_ZZfl4AaABAg,,False,@MariamMostafa-o4c,The FANCHANT is so easyyyy in waiting for their show to do it with them(do the FANCHANT),0,2025-01-16T11:16:01Z,2025-01-16T11:16:01Z
UgyXoXUPIwL3tVXL3Zx4AaABAg,,False,@쵸니_사랑녀_카페,콘서트를 아직 어려서 못 가지만 집에서라도 많이 응원해야겠다..,0,2025-01-16T10:18:40Z,2025-01-16T10:18:40Z
UgyxBykjdbBn_XMLtEF4AaABAg,,False,@NO-SMOKING-Sir,레이에게.. 힘과 용기를 주는 음악이다.,0,2025-01-16T10:12:16Z,2025-01-16T10:12:16Z
Ugy64r3UAGowSQJboOp4AaABAg,,False,@lizz_loveforever,ウォニョンちゃん途中でcherryの耳持ってるの可愛い❤,0,2025-01-16T07:24:00Z,2025-01-16T07:25:41Z
UgxZm8wd_JdkqAhNBZZ4AaABAg,,False,@calvinhuang6740,WONYOUNG SO CUTE🥳🥳,0,2025-01-16T06:16:43Z,2025-01-16T06:16:43Z
UgzBDiX6Cr1PA5alSHx4AaABAg,,False,@shangs_journey,Where the heck is the subtitles,0,2025-01-16T05:37:39Z,2025-01-16T05:37:39Z
Ugz5_2REpclylRV5p3l4AaABAg,,False,@love_sOmEoNe_S2,리즈가 센터라니..!! 귀하다💗💖,0,2025-01-16T04:14:49Z,2025-01-16T04:14:49Z
UgyB1EVLCiKN4hB6kDZ4AaABAg,,False,@sugerod,終始ちょけてるイソ丸が可愛すぎる,1,2025-01-16T02:19:36Z,2025-01-16T02:19:36Z
Ugwnu3pj2JDifQQcOP94AaABAg,,False,@あやたん-o1k,IVE最高かよ,0,2025-01-16T02:05:33Z,2025-01-16T02:05:33Z
UgwZ2rQj9zVfJaix3lx4AaABAg,,False,@LeticiadosSantosFaria,Cuties,0,2025-01-16T00:21:47Z,2025-01-16T00:21:47Z
Ugy1F2hFaoflOtJdFk14AaABAg,,False,@hitfwdt8084,분위기가  다운되있네,0,2025-01-15T18:24:38Z,2025-01-15T18:24:38Z
UgyFyVjdck2KbyXXbfp4AaABAg,,False,@roadcat_nyaong,노래 좋다!! ❤❤,2,2025-01-15T17:15:56Z,2025-01-15T17:15:56Z
UgxGh6CFHIG1Zr7PRbV4AaABAg,,False,@ME_EYE,IVE 아이브 'REBEL HEART' 응원법 (Cheering Guide),0,2025-01-15T14:21:18Z,2025-01-15T14:21:18Z
Ugwv5A0Dh5JwK66KAxJ4AaABAg,,False,@Lizdive99,Gostei muito da música❤❤,0,2025-01-15T14:14:18Z,2025-01-15T14:14:18Z
UgxWkdbCfbOIOQ7PXP94AaABAg,,False,@잇현입니다아,아이브 도대채 무슨일이 일어난거야 분위기 말모,1,2025-01-15T13:58:37Z,2025-01-15T13:58:37Z
UgyFNFMFUoZUxQPr3EJ4AaABAg,,False,@베리-g3d,아이브 사랑해♡,0,2025-01-15T13:21:03Z,2025-01-15T13:21:03Z
UgyWP5pDShWh86X_c3l4AaABAg,,False,@구르미하루,이서 리즈언니한테 딱 붙어있는게 귀여워 ❤,0,2025-01-15T13:19:54Z,2025-01-15T13:19:54Z
UgwoFy1MEolSgcNCSXR4AaABAg,,False,@roy8539,"아이브 콘서트 언제 해요.
가고 싶어요❤",1,2025-01-15T13:15:48Z,2025-01-15T13:15:48Z
UgwPn7ZMJFw5sO4TvOB4AaABAg,,False,@鎌菓子,"これは良い曲!😍
キャッチーでドラマティック♪🤘",0,2025-01-15T13:15:34Z,2025-01-15T13:15:34Z
UgwazJuVLidEFw3cNA14AaABAg,,False,@Bomi0116,응원법 다 외울게❤❤,0,2025-01-15T13:08:19Z,2025-01-15T13:08:19Z
Ugz96cupQn8jy4V544p4AaABAg,,False,@댕이당-n8i,해체됬다는거 뻥이내??,0,2025-01-15T12:39:37Z,2025-01-15T12:39:37Z
UgwtGGQCt9ur0cIDZ4N4AaABAg,,False,@Artiiu,My ult kpop group ❤❤❤❤,1,2025-01-15T12:29:43Z,2025-01-15T12:29:43Z
UgyGzJMaUFYRpFifijZ4AaABAg,,False,@julevyon,Liz with glasses on always looks so cute.,2,2025-01-15T12:21:21Z,2025-01-15T12:21:21Z
Ugy9lJMV5uPPaWgOMnF4AaABAg,,False,@Azzo017-s3l,멋지다❤,0,2025-01-15T11:57:30Z,2025-01-15T11:57:30Z
UgwGmpzEs20WRnNlwDZ4AaABAg,,False,@김민영-f4u,유진언니가 레이언니한테 장난치는거 너무 귀여워요ㅠㅠ,0,2025-01-15T11:45:51Z,2025-01-15T11:45:51Z
Ugx924NVYkdzcRy4lr94AaABAg,,False,@ラムランズ-x8w,we are one！👍👍👍,0,2025-01-15T11:26:41Z,2025-01-15T11:26:41Z
Ugxud5bR8B_gUWoG1zB4AaABAg,,False,@jaylawer,"아이브다운 노래가 나왔구나
대단하다 나오는 노래마다 명곡이야",0,2025-01-15T11:15:32Z,2025-01-15T11:15:32Z
UgxyEQMhflCZq4gEHbV4AaABAg,,False,@이예나-d5m,아이브구독399만이예요!!400만이 코앞이니 열심히 해서 400만가요!!,2,2025-01-15T11:15:25Z,2025-01-15T11:15:25Z
UgwRonqsLgH8tPcAwu94AaABAg,,False,@Seoling._.08,신곡  찌쪄따 와 .. 신곡 쩌러요 ㅠ 겁나 됴아 ㅠ,0,2025-01-15T11:08:03Z,2025-01-15T11:08:03Z
Ugyf3jqMIobovSvdvGx4AaABAg,,False,@곤듀이봄,레이 많이 성숙새졌다 ㅜㅠ,1,2025-01-15T09:43:54Z,2025-01-15T09:43:54Z
UgzsK1ac77FMbpLAFCR4AaABAg,,False,@Aelina023,leeseo can't hold herself from laughing 😂😂,0,2025-01-15T09:19:09Z,2025-01-15T09:19:09Z
UgzXnUDvH0KGaqlaCE54AaABAg,,False,@밀크크-u5e,아이브 화이팅,1,2025-01-15T09:18:46Z,2025-01-15T09:18:46Z
UgyW7ZHe-OSeTqjrpcx4AaABAg,,False,@FeelingPoyChina,"also yeah.. you're such rebels.. 
following every single rule starship created cause you're contractually obligated to be their slave

MUCH REBEL VERY ANTI-RULES lol",0,2025-01-15T09:13:20Z,2025-01-15T09:13:20Z
Ugz1iYf7vMKtbaiUKz94AaABAg,,False,@FeelingPoyChina,"oh they finally say ""rebels"" but in the teaser films they said RAYBEL lmaoooooooo",0,2025-01-15T09:12:21Z,2025-01-15T09:12:21Z
UgwtJ2o3yklF8ek591V4AaABAg,,False,@svciotse9748,신곡 너무 좋아요❤❤❤,0,2025-01-15T07:52:27Z,2025-01-15T07:52:27Z
Ugyg10sQ81db_5A-t-x4AaABAg,,False,@xxxxxdan6928,love you Ive !!,0,2025-01-15T07:43:03Z,2025-01-15T07:43:03Z
UgwIKsWsn3zj6oPU5bx4AaABAg,,False,@BotszAkmad,I can't wait for tomorrow!,1,2025-01-15T07:36:47Z,2025-01-15T07:36:47Z
UgxpCDPWAlMLsFUnkbh4AaABAg,,False,@OreSanj0,Seorang perempuan bernama Lisda menyuruh ku untuk menonton ini,0,2025-01-15T07:08:55Z,2025-01-15T07:08:55Z
UgyobGVzO_2HvunL5KV4AaABAg,,False,@루엱,아이브 신곡 진짜 좋다!,0,2025-01-15T06:28:16Z,2025-01-15T06:28:16Z
Ugy6Z-MRcligbuBIcOh4AaABAg,,False,@아아아아아아고너스윙,가을이 이서 넘기여워요....!😊,2,2025-01-15T06:11:55Z,2025-01-15T06:11:55Z
UgwG783h7Rc98vobcRV4AaABAg,,False,@diveintomonza,I can’t wait to hear the first performance with DIVE joining in 🎉🎉,0,2025-01-15T05:48:22Z,2025-01-15T05:48:22Z
UgwVWdImDo92jEWWqYx4AaABAg,,False,@MuseGahee,ㅠ...진짜 아이브... dl rnlduqrh tkfkdenddlemf..,0,2025-01-15T05:20:12Z,2025-01-15T05:20:12Z
UgwtIdCd2Lync_JLcXh4AaABAg,,False,@lemonblue4245,리즈 안경 느무 잘어울린다아🐰💚🍀🎧,0,2025-01-15T05:08:59Z,2025-01-15T05:08:59Z
UgxWDQmHNeuK0EXn2Jl4AaABAg,,False,@Kjh-r3d,좋다❤❤,0,2025-01-15T04:26:26Z,2025-01-15T04:26:26Z
UgwLtsh2BvD3YAK-73p4AaABAg,,False,@쵸레곤듀,가을이 이쁘다❤❤❤❤,3,2025-01-15T04:23:19Z,2025-01-15T04:23:19Z
UgwxcoytFmjlsyWDkIB4AaABAg,,False,@VideosTopvt,a wonyoung se le ve desconectada de la realidad jaja,0,2025-01-15T04:02:25Z,2025-01-15T04:02:25Z
Ugx4g5OfqKKv4Kg0Efl4AaABAg,,False,@lili_mixx3,I'm here deciding which lightstick cover I want 🤔,0,2025-01-15T03:33:05Z,2025-01-15T03:33:05Z
Ugy4rVGANNCLoM-b0g14AaABAg,,False,@happy_희나,현서야! 내가 달려갈게 어디로? 콘서트 장 으로❤❤❤❤,0,2025-01-15T03:13:48Z,2025-01-15T03:13:48Z
Ugz6HDFgtH1KRiBSb_R4AaABAg,,False,@전영진-v8x,레벌하트에여 레블하트에여?,0,2025-01-15T02:43:53Z,2025-01-15T02:43:53Z
Ugz6HDFgtH1KRiBSb_R4AaABAg.ADIcAlQ4wiVADJf0ztH_Os,Ugz6HDFgtH1KRiBSb_R4AaABAg,True,@다이브규솔,레블하트입니다!,0,2025-01-15T12:28:01Z,2025-01-15T12:28:01Z
Ugz6HDFgtH1KRiBSb_R4AaABAg.ADIcAlQ4wiVADcA-0tfAo9,Ugz6HDFgtH1KRiBSb_R4AaABAg,True,@전영진-v8x,@귤을 사랑하는 규솔 팬이에요!❤ 영상 잘보고 있어요 감사합니다!!❤ 3:25,0,2025-01-23T02:12:56Z,2025-01-23T02:12:56Z
Ugz6HDFgtH1KRiBSb_R4AaABAg.ADIcAlQ4wiVADcwu686Qlr,Ugz6HDFgtH1KRiBSb_R4AaABAg,True,@다이브규솔,@@전영진-v8x 헐 팬이라니.. 감사합니다🫶🫶,0,2025-01-23T09:29:02Z,2025-01-23T09:29:02Z
UgxuuXr-mwVJOaGHL4F4AaABAg,,False,@먀-m1k,진짜 내기준 일레븐 다음으로 좋은듯..,1,2025-01-15T02:26:22Z,2025-01-15T02:26:22Z
UgweRFHrdFBdZ0gTYm14AaABAg,,False,@myfavoritejejucafe,아이브 짱❤,2,2025-01-15T02:19:31Z,2025-01-15T02:19:31Z
UgywxFyuuwhUl2QszYt4AaABAg,,False,@som_mang,콘서트 기대중ㅇ,1,2025-01-15T02:02:42Z,2025-01-15T02:02:42Z
UgxAr5dTKfU5DDZn2qR4AaABAg,,False,@루케핑,응원법 외우러 온사람🙋🏻‍♀️,0,2025-01-15T01:50:09Z,2025-01-15T01:50:09Z
UgyJ-03xvCO7xr3nOcd4AaABAg,,False,@fahrilove7608,aku bnr bnr jatuh cinta sma wonyoung❤,0,2025-01-15T01:13:09Z,2025-01-15T01:13:09Z
UgxWXD40lhur9HZbAhR4AaABAg,,False,@루피-o3j,최고최고최고❤❤❤❤❤❤❤❤❤❤❤❤❤❤❤❤❤❤❤❤❤❤,1,2025-01-15T01:03:41Z,2025-01-15T01:03:41Z
UgyriE2f39ZCaFHVQ8R4AaABAg,,False,@차코-g5w,귀여워,0,2025-01-15T00:57:22Z,2025-01-15T00:57:22Z
UgyHkIUpw-HYyODz_4B4AaABAg,,False,@laniwave,WE ARE REBELS IN OUR HEART! 💗💗,0,2025-01-15T00:50:51Z,2025-01-15T00:50:51Z
Ugx_gh8eOHeBg7BEa_Z4AaABAg,,False,@ive_love_yujin0513,"리즈 안경 진짜 넘 잘 어울린다...💗
이번 응원법 영상 센터 레이랑 리즈여서 또 새롭다(๑•̀ㅂ•́)و✧",2,2025-01-15T00:35:51Z,2025-01-15T00:35:51Z
UgxEn1ZacHqNczTCHO14AaABAg,,False,@하늘so,옹❤❤❤❤사랑해여❤❤❤,0,2025-01-15T00:12:03Z,2025-01-15T00:12:03Z
Ugwul2Ns1GQtYCHBvud4AaABAg,,False,@카인-z4o,아이브 사량해❤,0,2025-01-14T23:17:39Z,2025-01-14T23:17:39Z
UgxCkFK7gdt_lpJNdTp4AaABAg,,False,@MikkyLanCinema,Cheerfully lovely IVE! ❤️💖,0,2025-01-14T22:44:14Z,2025-01-14T22:44:14Z
UgxDaaCiMPUrB3KksS54AaABAg,,False,@n1s2m0r9,レイちゃんのこういう王道の普通のスタイリングが好き、いつもツインテールとか前髪パッツンだから,1,2025-01-14T22:38:02Z,2025-01-14T22:38:02Z
UgzsoQIyR5sdj7OuYfN4AaABAg,,False,@kanade_2539,秋ちゃん可愛すぎる...！！！😇😇,0,2025-01-14T22:36:02Z,2025-01-14T22:36:02Z
UgwztUXzB56ojnxmXMV4AaABAg,,False,@se.xn0,진짜노래겁나좋음.. 콘서트언제열리진머르겟는대기대하구잇을게요,0,2025-01-14T22:17:17Z,2025-01-14T22:17:35Z
Ugx288ytFpmHSUIsgSh4AaABAg,,False,@Viníciusago15,Rogério torneio logística quem Rei 🥰💝,0,2025-01-14T21:11:52Z,2025-01-14T21:11:52Z
UgzB1fssXC6Ys7ePeVJ4AaABAg,,False,@letsdive1780,Let’s go girls,0,2025-01-14T20:53:31Z,2025-01-14T20:53:31Z
Ugxib5LqV-EZCAEHlql4AaABAg,,False,@hyunna0320,혹시 이번앨범 정규야..? 개좋은데요 ㄹㅇ,0,2025-01-14T20:52:20Z,2025-01-14T20:52:20Z
UgzQxVv3hCY2no7VVbh4AaABAg,,False,@yujintude,I can't wait for all their music show stages to be broadcasted 🤩🫶🤍,1,2025-01-14T20:43:44Z,2025-01-14T20:43:44Z
Ugz5Uh80YHgiRTRdu1x4AaABAg,,False,@jing-jingcream,.                            🍭🍡        💌,0,2025-01-14T20:19:42Z,2025-01-14T20:19:42Z
UgzU09dQl9H8aor6O-14AaABAg,,False,@ihyeonseo05,아이브 이번신곡 대박나자❤❤,1,2025-01-14T19:11:27Z,2025-01-14T19:11:27Z
UgzLFq0pNOz7ZfWIGZp4AaABAg,,False,@pavelcirkva,🌹,0,2025-01-14T18:42:38Z,2025-01-14T18:42:38Z
UgwDJfvaI2EMGtNXB6V4AaABAg,,False,@michealchitan8194,That was a adorable cheer,0,2025-01-14T17:59:26Z,2025-01-14T17:59:26Z
UgyO6Fnyq0GPFpRWKjx4AaABAg,,False,@NAWALL-9,ً,0,2025-01-14T17:59:17Z,2025-01-14T17:59:17Z
Ugz3_Hg_jKyMn4raAHl4AaABAg,,False,@허-b2h,리즈 슬픔이 같엨ㅋㅋ 귀여웤ㅋㅋ,0,2025-01-14T17:56:23Z,2025-01-14T17:56:23Z
Ugwx7z-4ynJCSAJmTwJ4AaABAg,,False,@kaia1100,秋天好美,0,2025-01-14T17:54:20Z,2025-01-14T17:54:20Z
UgzZTo7dX241OnO-zgF4AaABAg,,False,@XU-qk3xq,安兪真和張員瑛是在談戀愛嗎,0,2025-01-14T17:35:41Z,2025-01-14T17:35:41Z
UgxQ112lP34f9JQSn994AaABAg,,False,@EmmanuellaDadier-qc7nr,Ive💗💗💗💗,0,2025-01-14T17:31:12Z,2025-01-14T17:31:12Z
Ugzfi_VnR1N8TkssJBR4AaABAg,,False,@박지원-y2m2h,"아깽이 본판이 여신이라 그런가 땡그란 
안경도 찰떡이네. 딱 지금 응원법 그대로
응원도 많이받아~",0,2025-01-14T17:30:07Z,2025-01-14T17:30:07Z
UgzOF3fc4rR_hddYByZ4AaABAg,,False,@adrisitabeststaydive,leeseo es tan bonita omg,0,2025-01-14T17:21:03Z,2025-01-14T17:21:03Z
UgzSeqjQAZrcwKjXliF4AaABAg,,False,@chrischatard2513,I love it <3,0,2025-01-14T17:11:24Z,2025-01-14T17:11:24Z
UgwamUnmtNYku-YdkM54AaABAg,,False,@yhu2567,❤,0,2025-01-14T17:03:26Z,2025-01-14T17:03:26Z
UgyFvdeWcLwFMYuUXAp4AaABAg,,False,@Olafh-m1z,Lindas demais,0,2025-01-14T16:52:51Z,2025-01-14T16:52:51Z
UgzhsXlm18CVXO8WN0l4AaABAg,,False,@Andrewatogutuamarkiano,❤Sayang terbaik didunia,0,2025-01-14T16:51:21Z,2025-01-14T16:51:21Z
UgxY7spaJ23RdcG74LZ4AaABAg,,False,@Olafh-m1z,Minhas bebês,0,2025-01-14T16:50:37Z,2025-01-14T16:50:37Z
UgzE_RZy1ArcCsDOAC94AaABAg,,False,@Torimani555,レボ！シノ！ハート！,0,2025-01-14T16:32:39Z,2025-01-14T16:32:39Z
UgzcozmxXPngNhi6vyt4AaABAg,,False,@sofiaaaa28,Amo vocês meninas ❤,0,2025-01-14T16:25:15Z,2025-01-14T16:25:15Z
Ugx_CjoMRQRSO5uFmcp4AaABAg,,False,@EldaSeranaj-d6n,Yunjin is so amazing💕💕,8,2025-01-14T16:17:09Z,2025-01-14T16:17:09Z
Ugw3HqheK6Cb6egLnKV4AaABAg,,False,@ahmadirfan6800,Keep supporting liz since ELEVEN era❤❤❤❤❤,0,2025-01-14T16:07:53Z,2025-01-14T16:07:53Z
UgxZONiZL1MQ33BAN654AaABAg,,False,@rukarurissৎ,Can you teach members for me? I want to be Dive. And can you say their names in this video.,1,2025-01-14T16:03:24Z,2025-01-14T16:03:46Z
UgxZONiZL1MQ33BAN654AaABAg.ADHTsb3bmVPADSR34BItxw,UgxZONiZL1MQ33BAN654AaABAg,True,@manuiddk,"all white - wonyoung
blonde hair - liz
pink hair - leeseo
v-neck shirt - yujin
black hair and bangs - rei
white v-neck shirt - gaeul",0,2025-01-18T22:10:23Z,2025-01-18T22:11:24Z
UgxDn9OJENIX6dQeCbl4AaABAg,,False,@andyle5716,"~SO YOU CAN LOVE ME, HATE ME, YOU WILL NEVER BE NEVER BE NEVER BE ME.~ 
~TRY ME, I'LL BREAK FREE, YOU WILL NEVER BE NEVER BE NEVER BE ME ~ 
~WE ARE REBELS IN OUR HEARTS, REBELS IN OUR HEARTS.~
The cheering guide is always enjoyable to watch.",0,2025-01-14T15:55:36Z,2025-01-14T15:58:59Z
UgxzX2ycXqC060J2WCp4AaABAg,,False,@simon2269,❤❤❤❤,0,2025-01-14T15:24:40Z,2025-01-14T15:24:40Z
UgzCM9QJzofGX7VphJZ4AaABAg,,False,@Mina-2025-TAYFA,I'm going through a very difficult time and that's why I constantly rebel... but I can never put my feelings into words.. but this song translated my feelings.. thank you once again.. IVE,0,2025-01-14T15:21:33Z,2025-01-14T15:21:33Z
UgwIFSwQ--k4ZYsAZR14AaABAg,,False,@AlvinaDaHelloKitty,IVE DANCE OMG??? WOWOWOW!!! SO SLAY!! AND WONY'S LAUGH AT THE END AHHHH,0,2025-01-14T15:13:10Z,2025-01-14T15:13:10Z
UgyYNgmhDbiOjnciIYd4AaABAg,,False,@마공-u2r,굿 ㅎㅎ,1,2025-01-14T15:12:54Z,2025-01-14T15:12:54Z
UgwO9OnawYhVZ0p67ZB4AaABAg,,False,@yhkaddoily3778,,0,2025-01-14T15:12:42Z,2025-01-14T15:12:42Z
UgyCDlJz4yGXNQNSCiR4AaABAg,,False,@so._.xlg13,"진챠 내가 이래서 아이브를 사랑하지..
아이브 진짜 너무 사랑그럽구 이쁘구 기엽구 다한다 진짜루!!!!!!!",1,2025-01-14T14:47:42Z,2025-01-14T14:47:42Z
UgzEA3Ymdg-7KNAX4Ch4AaABAg,,False,@alejandrapalaciosBTS7,"rebel heart💖❤️🔥
It is a great song, the chorus is so addictive, and the lyrics convey a lot of strength and determination and the video is very inspiring, congratulations to our girls for always giving us such songs incredible, such cute and interesting concepts, they are doing a great job I LOVE THEM SO MUCH!💕😍🙌",1,2025-01-14T14:45:50Z,2025-01-14T14:45:50Z
UgyTCQN_74ini9a_rLp4AaABAg,,False,@베리-g3d,아이브 콘서트 가고 싶어서 응원법 다워웠는데   가질 못하네요 ㅠㅠㅠㅠ,1,2025-01-14T14:41:20Z,2025-01-14T14:41:20Z
UgwqZ9Bt4XAe50YbL2F4AaABAg,,False,@litjsm,IVE DESERVES THE WORLD I LOVE YOUUU IVE ON TOPPO,0,2025-01-14T14:38:50Z,2025-01-14T14:38:50Z
Ugz6MBReV7KW6aUB3uF4AaABAg,,False,@litjsm,reiii 🤏🏻🤏🏻,0,2025-01-14T14:37:37Z,2025-01-14T14:37:37Z
UgzTxtu6sT2sTst6ioB4AaABAg,,False,@litjsm,REBEL HEART SOTYYY,0,2025-01-14T14:37:28Z,2025-01-14T14:37:28Z
UgyQCCIpTim9zuda56V4AaABAg,,False,@blinksxbp,STARSHIP APOLOGIZE TO ANYUJIN ‼️‼️‼️‼️,1,2025-01-14T14:26:03Z,2025-01-14T14:26:03Z
UgwBJ6Cjw8yA3zdgvRV4AaABAg,,False,@Naho-piona42,これペンライト??めっっちゃかわいい😍,0,2025-01-14T14:24:56Z,2025-01-14T14:24:56Z
UgxOdQep2lEVfKG8q5Z4AaABAg,,False,@정정희-x7g,아이브신곡 넘 좋아 아이브 사랑해❤❤❤잘 외우고갈게❤❤글구 유진!가을!레이!원영!리즈!이서! 모두  샤랑해❤,1,2025-01-14T14:21:09Z,2025-01-14T14:21:09Z
Ugy13gWvNIuaoU45Ivd4AaABAg,,False,@바둑신발,아 짐짜ㅏㅏㅏㅏㅏ 아이브 사랑해해해해ㅐ❤❤❤❤❤💗💗,1,2025-01-14T14:05:50Z,2025-01-14T14:05:50Z
Ugy1zJT6G21g6OfsTcN4AaABAg,,False,@charlesjsescoto,❤,1,2025-01-14T14:02:12Z,2025-01-14T14:02:12Z
UgwbyxSwvjHYSK3XsWt4AaABAg,,False,@크리미-h1s,이서 염색 하니까 예쁘당 이서 다이브 따룽해요❤❤❤❤신곡  나15번 들음 짱 다이브 화이팅,1,2025-01-14T13:59:26Z,2025-01-14T13:59:26Z
Ugy7uKOE7BSDT4LE4dN4AaABAg,,False,@melismelz,I LOVE YOU IVEEE 🇧🇷🇧🇷,0,2025-01-14T13:46:50Z,2025-01-14T13:46:50Z
Ugz7pmQ8iTHTqajmUut4AaABAg,,False,@Kman5777,Leeseo looks so cute next to Liz 😄,0,2025-01-14T13:43:15Z,2025-01-14T13:43:15Z
Ugyvkm2XSVgmE6kT96d4AaABAg,,False,@86so,コンサートでレベルズイナワハーツ！叫びたい！会場が震える大合唱になるよ！,0,2025-01-14T13:42:17Z,2025-01-14T13:42:17Z
UgxbO4zudst37jZjRZ94AaABAg,,False,@Hyezin-o4w,이번. 신곡 미쳤당❤❤❤❤,0,2025-01-14T13:34:00Z,2025-01-14T13:34:00Z
UgwQ1KPSQwEm4lxIdrF4AaABAg,,False,@bbyy6411,🥰🥰🥰🥰🥰🥰,1,2025-01-14T13:33:30Z,2025-01-14T13:33:30Z
Ugzp6ccGFGQAp3mzqSt4AaABAg,,False,@highbong12,리즈+안경은 필승 조합이다 진짜,0,2025-01-14T13:33:18Z,2025-01-14T13:33:18Z
Ugyh1PBcjG53UmSX4kN4AaABAg,,False,@Hyezin-o4w,1:26 리즈 냥이랑. 이랑이 손 잡고 있는거. 넘 귀욥❤,1,2025-01-14T13:33:11Z,2025-01-14T13:33:11Z
Ugxr8fleOhCWd-06sPx4AaABAg,,False,@Raghdbazel,Why liz is so gorgeous and beautiful ❤❤❤❤❤❤🎉🎉,0,2025-01-14T13:26:15Z,2025-01-14T13:26:15Z
UgwbrbYRXCIellmWQfV4AaABAg,,False,@이브-v2h,유진이졸귀❤❤,0,2025-01-14T13:22:26Z,2025-01-14T13:22:26Z
UgzN_gjC3dIDbexPAJJ4AaABAg,,False,@hitherechloe0701,6 QUEENSSSS,0,2025-01-14T13:21:24Z,2025-01-14T13:21:24Z
UgxsEGF-UfgVQUDPUdB4AaABAg,,False,@hitherechloe0701,Love you guyssss,0,2025-01-14T13:21:07Z,2025-01-14T13:21:07Z
Ugy-5n1RNJOxiS4hEGZ4AaABAg,,False,@AnSe-no5tf,1:51 김지원 당황하는 거 ㅋㅋ 귀여움 ㅋㅋㅋㅋㅋ,2,2025-01-14T13:20:23Z,2025-01-14T13:20:46Z
UgzR2IZb_QgaJpogniV4AaABAg,,False,@뽀찌야,신곡 넘 좋다 응원할깨,0,2025-01-14T13:18:02Z,2025-01-14T13:18:02Z
Ugx_Qr0-sAlZgD0bgTV4AaABAg,,False,@AN09_01,"진짜 이번 신곡 가사도 너무 좋구ㅠㅜ 아이브 연기도 뮤비에 넘 잘 담긴 것같아요❤ (지워니 안경 진짜 잘어울린댜,,)",0,2025-01-14T13:16:42Z,2025-01-14T13:16:42Z
Ugx0N6YKxL1DMLKoO0B4AaABAg,,False,@springnature777,買います❤,0,2025-01-14T13:15:26Z,2025-01-14T13:15:26Z
UgwTEFpQk9D5-TuLIKl4AaABAg,,False,@chocoecoha247,진 짜 너무 좋아,0,2025-01-14T13:04:51Z,2025-01-14T13:04:51Z
UgxSJl-U0q4yqE9PRzF4AaABAg,,False,@muhammadbillal3702,REIIIII CANTIK BANGETTT MAKIN CANTIKKKKK,0,2025-01-14T13:02:06Z,2025-01-14T13:02:06Z
Ugw2h1MdPZx-4hiLpWZ4AaABAg,,False,@MariaDasha-qi7kk,Music is perfect and Beautiful IVE ❤❤❤❤❤❤,3,2025-01-14T12:58:37Z,2025-01-14T12:58:37Z
UgwFJFkNPl3y4C1Kk5J4AaABAg,,False,@MariaDasha-qi7kk,IVE is perfect and Beautiful ❤❤❤❤❤❤,3,2025-01-14T12:58:15Z,2025-01-14T12:58:15Z
UgwtzaBqxFlgAg2sZxd4AaABAg,,False,@kook_luv91,Where is Name Part?🥺,0,2025-01-14T12:56:26Z,2025-01-14T12:56:26Z
Ugya_s0GTx-IpL_cVWF4AaABAg,,False,@Joash_Timmy,Tysm IVE for the comeback will cheer you up even we aren't in Korea but still cheer up in online,0,2025-01-14T12:53:08Z,2025-01-14T12:53:08Z
UgxPS5IrxuHLZrv_-DR4AaABAg,,False,@user-gd2hw7kt1x,終於沒站c位了哈,0,2025-01-14T12:51:25Z,2025-01-14T12:51:25Z
UgwyiTLOsBmAg9Lpsmp4AaABAg,,False,@Jaerumii,https://youtu.be/jfGzl9JHv5I?si=xczzae5nITXEmAFS,0,2025-01-14T12:48:52Z,2025-01-14T12:48:52Z
Ugwm9PQfngz_PoPjLwR4AaABAg,,False,@galam_maru,이서 언닝 염색 짱짱👍👍,0,2025-01-14T12:44:43Z,2025-01-14T12:44:43Z
UgxWJxnnEe3HRj3Tjox4AaABAg,,False,@galam_maru,너무 너무 노래 좋아용❤❤❤ 사랑해요❤,0,2025-01-14T12:43:43Z,2025-01-14T12:43:43Z
Ugy8CYilBAzm4jUVf3p4AaABAg,,False,@なななななななな-s4u,リズのめがねかわいい🤦🏻‍♀️💞,6,2025-01-14T12:31:40Z,2025-01-14T12:31:40Z
UgwUKevtcx6xyLJ5Lb14AaABAg,,False,@jennyliemajorenos4597,ITING FOR IVE💗🤩🥳,0,2025-01-14T12:31:08Z,2025-01-14T12:31:08Z
UgworLQI7EVciwow1xV4AaABAg,,False,@E1.yu_U,"유진-노래 립싱크로 흥얼흥얼 응원
원영-자기 응원봉 쳐다보면서 만지작 응원
가을-신난 다람쥐 응원
레이-귀여미 뚱한 응원
리즈-살짝 멍한 히힣(?) 고양이 응원
이서-걍 빵터져버린 응원
다 너무 귀엽고 예쁘고 다해 진짜ㅏㅜ",0,2025-01-14T12:22:25Z,2025-01-14T12:22:25Z
UgyvM1yxb_9fiHhBKXB4AaABAg,,False,@jokerlhs,"첫느낌은 밋밋하다라고 느꼈었는데 
다시 찾아듣고싶은 느낌이있어서 다시 가사를 잘 보면서 들었는데
확실히 아이브가 해오던 느낌을 갖고와서 팬들한테 전하고 싶은 메세지를 잘 담은 노래라고 생각이 들고
너무 좋은곡이고 듣는데 편하고 용기도 주고 자존감도 갖게해주는 아이브느낌이 너무 잘드는 곡이네요",2,2025-01-14T12:19:00Z,2025-01-14T12:19:00Z
Ugyun7vbHx0--tzBKQN4AaABAg,,False,@Kevin34-s7q,Brave Brave ragazze! 🙂,0,2025-01-14T12:08:17Z,2025-01-14T12:08:17Z
UgxdQfX0VAgXOZv4m9h4AaABAg,,False,@행복한댕댕이ive,아이브 이번 활동도 화이팅~~!!!!항상 응원한다😊,0,2025-01-14T12:07:21Z,2025-01-14T12:07:21Z
UgwLdXMYQ4wCmD0rkqh4AaABAg,,False,@yi5182,"ライブ本当に楽しみ！！！！！
みんな大好き❤️‍🔥❤️‍🔥
日本語でごめんなさい！",0,2025-01-14T12:07:20Z,2025-01-14T12:07:20Z
UgyxaRLuT_xCgeFi0F14AaABAg,,False,@uni_dailyy,이번 신곡 넘 내 스탈 ㅠㅠ,10,2025-01-14T12:06:43Z,2025-01-14T12:06:43Z
Ugwto29HKDsomQ6CguJ4AaABAg,,False,@yi5182,待ってました❣️❣️❣️❣️❤️‍🔥❤️‍🔥❤️‍🔥,0,2025-01-14T12:06:06Z,2025-01-14T12:06:06Z
UgzED6ZHWq9PxGktSVF4AaABAg,,False,@anyujiz,this is too cute 🥹💞,0,2025-01-14T12:02:01Z,2025-01-14T12:02:01Z
Ugxum65HLuTweJimldR4AaABAg,,False,@햄햄햄스,응원합니다 ^^,0,2025-01-14T12:01:45Z,2025-01-14T12:01:45Z
UgyOLnlR48eYhmtg-8R4AaABAg,,False,@고경희-n7b,이서 너무 귀엽구 리즈랑 이서 팔짱끼고있는거 귀엽다,0,2025-01-14T12:01:31Z,2025-01-14T12:01:31Z
UgzsuJhaAi2Ac-tuEb14AaABAg,,False,@ZiG-_LoveIVE,"Мне так нравятся подобные видео🤗 LOVE IVE🥰 Так приятно видеть,как Лиз улыбается и подпевает - ей эта песня нравится 😸🩵⭐😊💗💓",0,2025-01-14T12:00:44Z,2025-01-14T12:00:44Z
Ugyoo4Ws3Jpgvcv-92l4AaABAg,,False,@차예원-o7d,레이 너무 귀욤🐥,5,2025-01-14T11:59:25Z,2025-01-14T11:59:25Z
UgwHBN8zQsQQEWwFPS14AaABAg,,False,@고미하우스,아이브 최고,0,2025-01-14T11:54:47Z,2025-01-14T11:54:47Z
UgwieRqrvMlOMbRNjYV4AaABAg,,False,@읁애아가_냠냠_호찌,"이번 신곡 너무 잘 뽑았다ㅜㅜ
음도 한 두번 들으면 다 외워져 🌀🖇
이제 응원법만 외우면 된ㄴ다 !!❤️‍🔥
평생 활ㄹ동하쟈 🙈",1,2025-01-14T11:54:23Z,2025-01-14T11:54:23Z
Ugym82iT7c6QVWpMzbt4AaABAg,,False,@DsssE-i6l,아이엠급 곡,0,2025-01-14T11:46:36Z,2025-01-14T11:46:36Z
UgxMZlCU1xknTIgjb4l4AaABAg,,False,@yunkong_529,아이브 너무 귀여워요❤❤❤❤,0,2025-01-14T11:45:36Z,2025-01-14T11:45:36Z
UgwXltr0ptT2gdVkwnV4AaABAg,,False,@Violet78957,Liz looks so cute with glasses,30,2025-01-14T11:43:59Z,2025-01-14T11:43:59Z
UgwXMfUSnER93qu1f0t4AaABAg,,False,@kazamiwu6946,❤❤❤,0,2025-01-14T11:42:58Z,2025-01-14T11:42:58Z
UgypG7OVJeK5QQS71SV4AaABAg,,False,@ililililililiilill,원영웅니 여신이다 너무 예뽀❤,0,2025-01-14T11:31:02Z,2025-01-14T11:31:02Z
UgycK64n08nSOiKR2it4AaABAg,,False,@압브-q8q,신곡 너무 좋아요!!❤,0,2025-01-14T11:29:36Z,2025-01-14T11:29:36Z
UgwMqbptLD1ghFo19NB4AaABAg,,False,@Lilyou84,Takut banget light stiknya wony ngegelinding 😂,0,2025-01-14T11:22:53Z,2025-01-14T11:22:53Z
UgzHhkeuxDkNyYthY414AaABAg,,False,@seoyul791,"리즈가 센터라 넘좋다
리즈 센터 자주서주면 좋겠다",1,2025-01-14T11:21:06Z,2025-01-14T11:21:06Z
UgwuO1EuA1Xra1tfqvh4AaABAg,,False,@mokey-o4l,아이브 신곡 진짜 넘 좋아요!!!!!❤❤❤❤❤❤❤❤❤,0,2025-01-14T11:18:25Z,2025-01-14T11:18:25Z
Ugy27cZDincDAP1-T5V4AaABAg,,False,@슈아인데요,헐 신곡 넘 좋쿠 아이브 399만 이자나?? 400만도 홧팅❤❤,3,2025-01-14T11:18:20Z,2025-01-14T11:18:20Z
UgxlmW2F-UvXvPvQbMp4AaABAg,,False,@MicOn47,https://youtu.be/y1OcCdwvN_I REBEL HEART KARAOKE 😊👍,0,2025-01-14T11:12:41Z,2025-01-14T11:12:41Z
UgxQQfrBe-uybhsksWx4AaABAg,,False,@seo_no.1248,광주에도 공연 해주세요❤❤❤❤❤,1,2025-01-14T11:06:42Z,2025-01-14T11:06:42Z
Ugzay-sHpYFRd2P9hq54AaABAg,,False,@juju-zk4ot,와 그냥 와! 밖에 안나오는뎅요?..,1,2025-01-14T11:05:28Z,2025-01-14T11:05:28Z
Ugwmv6HTUkj1rPI-ca54AaABAg,,False,@dolll101,liz looks so prettyyyyy,0,2025-01-14T10:55:10Z,2025-01-14T10:55:10Z
UgyIbFsm0PmbH9b2Cnt4AaABAg,,False,@Your._.luari4,Liz is really pretty with glasses 🕶️,0,2025-01-14T10:54:23Z,2025-01-14T10:54:23Z
UgxIh0UatzUW4jxJ63N4AaABAg,,False,@liancorn12,"love ur channel, IVE IS EATING THIS UPPPPP!!!",0,2025-01-14T10:53:58Z,2025-01-14T10:53:58Z
UgzX0cOvSKbdWpJBCjx4AaABAg,,False,@콩콩_아라,아진짜 스타쉽 이번노래 진짜 잘뽑음❤ 파트분배도😊,1,2025-01-14T10:47:00Z,2025-01-14T10:47:00Z
UgyXq6Qr7EdZSIbybUx4AaABAg,,False,@박종호-v5z4m,늘 미리 알려 주셔서  감사해효~~😂😂❤❤❤❤❤❤,0,2025-01-14T10:44:17Z,2025-01-14T10:44:17Z
UgyQiFfCM4_zrmZz4u54AaABAg,,False,@주영재-x6r,아이브 화이팅!!!❤❤❤❤❤❤,0,2025-01-14T10:41:37Z,2025-01-14T10:41:37Z
Ugzf9we3reoxoLhvAQt4AaABAg,,False,@이패밀리,아이브 이번 신곡 진짜 레전드..❤😊,0,2025-01-14T10:39:35Z,2025-01-14T10:39:35Z
Ugw62ILkjZTXps3Yybh4AaABAg,,False,@hussey_dive,IVE SO BEAUTIFUL GIRLS REBEL HEART ALBUM IVE EMPATHY 🌷🌷✨✨,1,2025-01-14T10:36:18Z,2025-01-14T10:36:18Z
Ugw94Y8jHzcxAW4QYQt4AaABAg,,False,@fromaespaivenmixxlessillit,울이브 왜케 귀엽나 ㅠㅠ❤,0,2025-01-14T10:36:17Z,2025-01-14T10:36:17Z
Ugzu6iBoSUB1tKFjK9F4AaABAg,,False,@wacky_fearnot,２、３回聴けば覚えられるぞこれは！！！笑,0,2025-01-14T10:35:53Z,2025-01-14T10:35:53Z
Ugz-ThqB4rPMOxhn0wB4AaABAg,,False,@DuduDada-c1n,Wonyoung🎉❤,0,2025-01-14T10:33:46Z,2025-01-14T10:33:46Z
UgxtjtoFWMBZEhNdtxV4AaABAg,,False,@정행구-y1v,아이붕 사랑해!,1,2025-01-14T10:32:59Z,2025-01-14T10:32:59Z
UgzUdS0EcvUm7Kn3FfR4AaABAg,,False,@수아_TV,아이브아이팅,0,2025-01-14T10:28:40Z,2025-01-14T10:28:40Z
UgxVT05W5pQqs252fb14AaABAg,,False,@딸츄닝_0410,신곡 미쵸따..!,0,2025-01-14T10:27:57Z,2025-01-14T10:27:57Z
Ugxpl8Vnry9QNAa0xOR4AaABAg,,False,@tl응애TV-q1s,독감 조심하세요ㅠㅠ 아이팅!!,0,2025-01-14T10:27:08Z,2025-01-14T10:27:08Z
UgyIWgAjh3VEl87TY0V4AaABAg,,False,@Christine81210,Wonyoung is soo cute ❤,1,2025-01-14T10:22:01Z,2025-01-14T10:22:01Z
UgxWzg35b4WH9i55Q754AaABAg,,False,@ななっち-i7q,頑張って覚えて練習するね💕︎,3,2025-01-14T10:21:52Z,2025-01-14T10:21:52Z
UgzauIPRDQe7piA1IDl4AaABAg,,False,@ngocgiahannguyen6610,Mê quá đi,0,2025-01-14T10:19:35Z,2025-01-14T10:19:35Z
Ugw9GglTOD6izAnj6MZ4AaABAg,,False,@user-cc1yg8pw2o,애들아..메인타이틀은 좋지???제발 😢😢😢,0,2025-01-14T10:18:46Z,2025-01-14T10:18:46Z
UgyRwnAlC04qDnSfwg94AaABAg,,False,@riloy3811,sorry girls think I'm gonna sing loud the whole song together,0,2025-01-14T10:15:13Z,2025-01-14T10:15:13Z
UgywzcaZbiYpNRA2b5R4AaABAg,,False,@user-desanimaux03oo12,"omg, beautiful gaeul❤",0,2025-01-14T10:08:17Z,2025-01-14T10:08:17Z
UgzApF30fVhbQpDalcd4AaABAg,,False,@wonybabie,my girliiiiesss 💞💞💞,0,2025-01-14T10:00:09Z,2025-01-14T10:00:09Z
UgwzpZQmp-JYXYCb-aR4AaABAg,,False,@jimmyle9787,Try Bite me Just Hick Smeer me🙃,0,2025-01-14T09:50:44Z,2025-01-14T09:52:38Z
Ugy-AH4Sjtjg56tDrkJ4AaABAg,,False,@귀여미두콩,3:09 체리 귀가 너무흔들려 ㅋㅋㅋㅋ,8,2025-01-14T09:43:46Z,2025-01-14T09:43:46Z
UgwZf0jJOK3Y6YIvzK14AaABAg,,False,@은지박-z1e,우리 아이브 감동적이고 사랑스러운곡이네요 응원법을 배우도록 노력할게요❤️❤️❤️❤️❤️❤️항상 사랑해요 홧팅입니다😘😘😘😘😘😘,0,2025-01-14T09:34:05Z,2025-01-14T09:34:05Z
UgwESpEG0ZX0NaTrTIl4AaABAg,,False,@유혜정-z5d,안경리즈 ㅁㅊ….,0,2025-01-14T09:33:52Z,2025-01-14T09:33:52Z
Ugw6NzxMQueI16HRJOF4AaABAg,,False,@Ourwoonhak,❤,0,2025-01-14T09:33:28Z,2025-01-14T09:33:28Z
Ugxf42Yj-bVujFh3a4B4AaABAg,,False,@kndtni,탈덕문 잠그는 리즈... 진짜 리즈 찍었다..,0,2025-01-14T09:27:50Z,2025-01-14T09:27:50Z
UgzZ66vBtgVdHTEXAkF4AaABAg,,False,@ЖанРуссо,IVE simply the best! With love from Almaty city!❤❤❤,0,2025-01-14T09:25:07Z,2025-01-14T09:25:07Z
UgxNOsbve5DTxOnhR3J4AaABAg,,False,@쿠우웅-t7j,평소보다 넘 어려워유ㅠㅠ,0,2025-01-14T09:24:26Z,2025-01-14T09:24:26Z
UgxulYnimX-tMlpv_ZN4AaABAg,,False,@karin1944,이번 신곡 대박이다❤❤,0,2025-01-14T09:21:21Z,2025-01-14T09:21:21Z
UgzF9q_o4Au4IyIvJVV4AaABAg,,False,@lightcaesar9471,I am so into IVE❤❤,0,2025-01-14T09:21:12Z,2025-01-14T09:21:12Z
UgzuH65nbvdQwi665nB4AaABAg,,False,@happy-haha35,꺄ㅏ 유진아 너무 청순해,0,2025-01-14T09:18:56Z,2025-01-14T09:18:56Z
UgyOqhDv7QfMOfnSJw94AaABAg,,False,@kim__minjuuu25,0:10 ここから,2,2025-01-14T09:15:24Z,2025-01-14T09:15:24Z
UgwcQOvCynSbSE-NImJ4AaABAg,,False,@리즈_냥키키키,너무 예쁘고 신곡 너무 좋아요!!,0,2025-01-14T09:14:36Z,2025-01-14T09:14:36Z
UgxaIiCLZPnll2JuvEx4AaABAg,,False,@ReigningSupreme,"I always love the messages behind IVE's songs. Combined with their visuals and performance, it's so inspiring 🩷🔥",10,2025-01-14T09:14:09Z,2025-01-14T21:37:44Z
UgyH4hGFS71vbZE4NdZ4AaABAg,,False,@Joy_of_Love,레블하트 좋다💕,0,2025-01-14T09:13:37Z,2025-01-14T09:13:37Z
Ugxv0ta548VQa6XpXyh4AaABAg,,False,@김기영-s7u,헐 대박.  레이귀여움 ❤❤❤❤❤❤,0,2025-01-14T09:09:53Z,2025-01-14T09:09:53Z
UgyT_FCrcru4bmXpOhN4AaABAg,,False,@BiA-hg7qr,JUSTICE FOR GAEUL,1,2025-01-14T09:01:23Z,2025-01-14T09:01:23Z
Ugw-ld1Kb9aTCG_utIV4AaABAg,,False,@junyidu5618,"I don’t understand why they treat wong young so bad. She is the one to let the group be popular be the top TBH. 
And after the group be successful. They just put wong young away. You can see all the pictures and the film she is the one standing on the side always 🥲",0,2025-01-14T08:59:43Z,2025-01-14T08:59:43Z
Ugw-ld1Kb9aTCG_utIV4AaABAg.ADGiOSzYZiQADGr6qBIT8O,Ugw-ld1Kb9aTCG_utIV4AaABAg,True,@riloy3811,she's standing at the center of Rebel Heart concept photo,0,2025-01-14T10:15:57Z,2025-01-14T10:15:57Z
Ugxfninktv_N87lBT6V4AaABAg,,False,@foreverketchy,가사 좋다..,0,2025-01-14T08:59:01Z,2025-01-14T08:59:01Z
UgzRtCl4UyF3Es4yw3N4AaABAg,,False,@태정태세의문단속_0911,꼭 갈게요,0,2025-01-14T08:56:01Z,2025-01-14T08:56:01Z
Ugxe1BWV8aSisT3QRCF4AaABAg,,False,@연써서,"아이브 신곡 ,응원법 까지 넘 이쁘고 좋아요!",0,2025-01-14T08:55:58Z,2025-01-14T08:55:58Z
Ugy8coArmUX5kZ9Ldl14AaABAg,,False,@익명-x5u-m4o,콘서트 갈때 꼭 외우고 가야징,0,2025-01-14T08:53:41Z,2025-01-14T08:53:41Z
UgxFmM5WJ773Ellu5pJ4AaABAg,,False,@iseo_sanja,Me memorizing this as if im ever going to a ive concert 😢,0,2025-01-14T08:52:18Z,2025-01-14T08:52:18Z
UgwAcxbSwnnVeiM_ld14AaABAg,,False,@kiara_FEARNOT,이현서丸シャイなの可愛すぎかよwwww,0,2025-01-14T08:48:28Z,2025-01-14T08:48:28Z
UgyeHz9cjMCW110s3cp4AaABAg,,False,@Kinnp,レイちゃん可愛すぎる😇😇😇😇😇,0,2025-01-14T08:47:05Z,2025-01-14T08:47:05Z
UgylHJ1gPM_3QlTzYTl4AaABAg,,False,@delancyliu,rebel heart,0,2025-01-14T08:45:18Z,2025-01-14T08:45:18Z
UgyoUV6rzl__KTYAiwF4AaABAg,,False,@slay427,Liz in specs omg,0,2025-01-14T08:41:18Z,2025-01-14T08:41:18Z
UgwyZXQpHWTD3hKR2d94AaABAg,,False,@kamonegikamo,かけ声も最高かい,0,2025-01-14T08:37:55Z,2025-01-14T08:37:55Z
UgxJYM_-7TzgVYvTjZx4AaABAg,,False,@Genesis1978Genesis,❤❤❤,0,2025-01-14T08:33:22Z,2025-01-14T08:33:22Z
Ugwyff_qCK1FQk6miol4AaABAg,,False,@godbabyCherry,우리 공방에서 만나,0,2025-01-14T08:32:24Z,2025-01-14T08:32:24Z
UgwpNstLMpNxiWNe9WZ4AaABAg,,False,@sarangk6960,넘 이쁜 아이브❤❤❤❤❤행복해,0,2025-01-14T08:30:35Z,2025-01-14T08:30:35Z
UgweIsWgVlSs4FeLPFh4AaABAg,,False,@aliabdurr,Leeseo you are so pretty ❤❤❤❤❤❤❤❤❤❤❤❤❤❤❤❤❤❤❤❤❤❤❤❤❤❤❤❤❤❤❤❤❤❤❤❤❤❤❤❤❤❤❤❤❤❤❤❤❤❤❤❤❤❤❤❤❤❤❤❤❤❤❤❤❤❤❤❤❤ i love you Leeseo 😊😚☺️🥰😘😊😚☺️🥰😘😊😍🫶🏻,0,2025-01-14T08:29:16Z,2025-01-14T08:29:16Z
Ugwj2M7r2gHyn_uhHzV4AaABAg,,False,@jimin_DIVE,"신곡 짱 좋다💗 아이브 넘 예쁘구 응원봉 기엽다🫠 생일에 아이브 응원봉 사고 콘서트 가야징!,,💗",1,2025-01-14T08:27:28Z,2025-01-14T08:27:28Z
UgzZVDlNQ7NDnLXT9Yh4AaABAg,,False,@YsLiew-b8t,I knew their song will be in I am vibes❤❤,0,2025-01-14T08:22:07Z,2025-01-14T08:22:15Z
UgzYABDYWlozY4t4O3t4AaABAg,,False,@ulezazo4d,다 외운다,0,2025-01-14T08:18:17Z,2025-01-14T08:18:17Z
Ugysxd6P0ywn2IK1Hmx4AaABAg,,False,@gaeulbestgirl7334,Rei baby really so pretty,0,2025-01-14T08:15:07Z,2025-01-14T08:15:07Z
UgykTtE66VY7U7krNFd4AaABAg,,False,@gaeulbestgirl7334,Dukongz very cute ❤,0,2025-01-14T08:14:54Z,2025-01-14T08:14:54Z
Ugw7A3CJrIG3rHc-lQt4AaABAg,,False,@Loli_y4,بدرييييييي,0,2025-01-14T08:13:31Z,2025-01-14T08:13:31Z
UgywPN28tNbztEde2ch4AaABAg,,False,@johnnykim6652,기대할게욤,1,2025-01-14T08:11:34Z,2025-01-14T08:11:34Z
UgwanOmPD1Z_rHwMHQB4AaABAg,,False,@na_nu_n,はやくライブで💗IVE IN MY HEART💗って言いたい,0,2025-01-14T08:08:12Z,2025-01-14T08:08:28Z
UgwCh8J9h0_3QOY3p-54AaABAg,,False,@mikamaruyama6337,IVE〜今回のカムバックも良い結末になりそう！！もう本当に最高❤,0,2025-01-14T08:03:13Z,2025-01-14T08:03:13Z
UgxsxRiq_5t2UMzgqiR4AaABAg,,False,@준비된미래,열심히하도록 할게요!!,0,2025-01-14T08:01:11Z,2025-01-14T08:01:11Z
UgyrUtjQnaP0mEPcuKp4AaABAg,,False,@아이브병아리,저 이번 콘서트 가야겠어요….,0,2025-01-14T07:59:50Z,2025-01-14T07:59:50Z
Ugw2jkugeFKom8FmVz94AaABAg,,False,@vincenzoscialpi3070,Ive are so precious and thank you for the cheering guide,0,2025-01-14T07:58:07Z,2025-01-14T07:58:07Z
UgwIilA3tTB0oriOQvN4AaABAg,,False,@alexmangogo,"With the fanchant in the chorus it sounds even more like an anthem, it will give us chills when it’s performed live 🥰",5,2025-01-14T07:57:08Z,2025-01-14T07:57:08Z
UgyNuoO5vsByoAKsHy54AaABAg,,False,@프로젝트두렌,레이 짱❤,0,2025-01-14T07:55:53Z,2025-01-14T07:55:53Z
UgxVYpfnTtZdG_xocOF4AaABAg,,False,@베리14725,가을❤❤,0,2025-01-14T07:47:41Z,2025-01-14T07:47:41Z
UgwC8OXZ8InFSoznzI14AaABAg,,False,@베리14725,레이❤❤,0,2025-01-14T07:47:30Z,2025-01-14T07:47:30Z
UgzVP61oCxuUwCjy3Th4AaABAg,,False,@오청용-h2i,❤😊❤,1,2025-01-14T07:44:16Z,2025-01-14T07:44:16Z
Ugy12xrpHHV8UG1D3Lh4AaABAg,,False,@jackieffan,Leeseo so cute <3,3,2025-01-14T07:43:03Z,2025-01-14T07:43:03Z
Ugzlmt5NtXGFZtGWd9h4AaABAg,,False,@paaptaidd,So Cute,0,2025-01-14T07:41:15Z,2025-01-14T07:41:15Z
UgzH5guAAXWmikQLGUh4AaABAg,,False,@고용호-z7b,이번활동 안다치고 건강하게 행복하게 활동하자❤,0,2025-01-14T07:34:42Z,2025-01-14T07:34:42Z
UgytNd6H8jxCHKZhKP54AaABAg,,False,@chu_ro.x,이번 노래 진심 넘 좋아 🫶🏻😍,0,2025-01-14T07:34:28Z,2025-01-14T07:34:28Z
Ugy-iJSdtQ6LeubxjSd4AaABAg,,False,@구름이-j5l5s,아이브😊신곡 완전 좋아 완전❤❤❤,0,2025-01-14T07:33:45Z,2025-01-14T07:33:45Z
Ugz6aYjc2h5mjXJ62614AaABAg,,False,@vanirzsw,LAS AMOOOOOOO,0,2025-01-14T07:31:31Z,2025-01-14T07:31:31Z
Ugz6N9yNuspH-C_2wU94AaABAg,,False,@invisibler8603,❤Gaeul love you❤,0,2025-01-14T07:29:48Z,2025-01-14T07:29:48Z
Ugym2AHwppvXFTLn5iN4AaABAg,,False,@가만안도-l3g,노래 대박나서 2025 음반상 싹쓸이하자 😆😆😆,0,2025-01-14T07:28:01Z,2025-01-14T07:28:01Z
UgwyaWVrD5eEvPz5p4t4AaABAg,,False,@Lunartheruler,Love u ive❤❤❤,0,2025-01-14T07:27:59Z,2025-01-14T07:27:59Z
UgwEJe5XZC2XjVW1x_t4AaABAg,,False,@PurnamaHandi,So good 😍🤩,0,2025-01-14T07:25:49Z,2025-01-14T07:25:49Z
UgzTblnOPi5BP3gk68R4AaABAg,,False,@최민-k7p,아이브 앨범 나왔나요? 저 지금 살려고욤,0,2025-01-14T07:23:38Z,2025-01-14T07:23:38Z
Ugy5vqWIBVoCqplDJbZ4AaABAg,,False,@렝프-d9v,"너무 노래도 좋고 응원법도 너무 좋아용❤❤❤❤
계속 노래가 더올라영❤❤
역시 갓이브❤❤❤❤
언제나 아이팅!!",0,2025-01-14T07:20:29Z,2025-01-14T07:20:29Z
Ugwt2EMsRpgGonVooyt4AaABAg,,False,@関根節夫-d2p,😂アイヴ🎉新曲なのかなひとのこころおおうえんするきょくですね❤🎉❤🎉,0,2025-01-14T07:18:28Z,2025-01-14T07:18:28Z
UgwXRXQlnD1e9PGYKGV4AaABAg,,False,@mellicore_1,🌸💞🌷✨,1,2025-01-14T07:18:21Z,2025-01-14T07:18:21Z
UgyanrMkJGWSjb7xYN94AaABAg,,False,@fskffjdfjkn,원영이 응원법 자리 바꼇네,0,2025-01-14T07:17:45Z,2025-01-14T07:17:45Z
Ugwk6gVHKAdebnyeBBN4AaABAg,,False,@이봄튜브,이번 신곡 분위기 무슨 일이야!!❤❤,0,2025-01-14T07:15:35Z,2025-01-14T07:15:35Z
UgyfI-PmxBWWTlhtdn14AaABAg,,False,@ohen_thv,Liz xinh quá cj iu của e❤❤,0,2025-01-14T07:15:05Z,2025-01-14T07:15:05Z
Ugwk5gGbfqM2cFxt3a14AaABAg,,False,@yuuk6469,"신곡 여기저기 다들 너무 좋다고 하네요.
대박 나세요!",0,2025-01-14T07:14:31Z,2025-01-14T07:14:31Z
UgxwP20j0AFFF2SWHnF4AaABAg,,False,@工具の動画にBGMいれるな,初見リアクションみたいな動画ないの,0,2025-01-14T07:14:18Z,2025-01-14T07:14:18Z
UgwEwdmGRwMFDyGli0N4AaABAg,,False,@dbsal8905,내 최애 이서언니 넘 귀여워❤,0,2025-01-14T07:13:39Z,2025-01-14T07:13:39Z
UgwYhu9aLcMzrrt1km54AaABAg,,False,@mini1297,Gaeul is adorable she is amazing,0,2025-01-14T07:10:39Z,2025-01-14T07:10:39Z
UgzD3QML4bnhzocu-St4AaABAg,,False,@Rel-l7v,신곡 넘 쪼아❤❤ 아이브 따룽해🩷🩷never never never❤❤,0,2025-01-14T07:07:37Z,2025-01-14T07:07:37Z
UgzT6hjZsjTyc4dd8w54AaABAg,,False,@wangyuwei0210,拿着自己的狗锤子可爱死啦啊啊啊，酒窝太萌啦🥰🥰🥰,0,2025-01-14T07:07:33Z,2025-01-14T07:07:33Z
UgzLvxoceq1TwID5EKl4AaABAg,,False,@uxeeecute,get the fcuk off my computer and phone and leave me alone i dont want you,0,2025-01-14T07:05:24Z,2025-01-14T07:05:24Z
UgwNKfNIKcXPuoTiDjR4AaABAg,,False,@미로덕후갤링,곧 400만이넹?우리 애깅들😢응원법도 징짜 쵝오❤,0,2025-01-14T07:04:00Z,2025-01-14T07:04:00Z
UgzwCyG6-yNc844EW8l4AaABAg,,False,@naoireibolsal,신곡 너무 좋은데 가을 파트 2줄 너무한거 아니냐.....파트두줄존나고맙네씨발,0,2025-01-14T07:02:13Z,2025-01-14T07:02:13Z
UgzV9qEOok6tBCpdXGx4AaABAg,,False,@kyoka_kouno,IVE🫶,0,2025-01-14T07:00:46Z,2025-01-14T07:00:46Z
Ugxfu_anCYi6AItWfwd4AaABAg,,False,@EunbiTheKpop,I love IVE🫶,1,2025-01-14T06:59:25Z,2025-01-14T06:59:25Z
UgzuJtyaufHKmRpJzml4AaABAg,,False,@badgirlmelreacts4201,You girls are amazing ❤,0,2025-01-14T06:58:49Z,2025-01-14T06:58:49Z
UgyGtFXyUlZeis93LJt4AaABAg,,False,@Queen-fatima305,Omgggg liz is so cute and pretty,0,2025-01-14T06:56:09Z,2025-01-14T06:56:09Z
Ugwy4X4RH2QANv_Q9Q14AaABAg,,False,@libisanchezpolanco1809,❤❤❤❤❤❤😊,0,2025-01-14T06:51:54Z,2025-01-14T06:51:54Z
UgwilAGVoPzIOMkEvSJ4AaABAg,,False,@なむじゃかむじゃ,ﾆｮﾝ様が終始アイヘボンこねくりまわしてて破壊神発動しないか勝手に心配になって見守ってるDIVEはこちら…🥺🥺🥺,0,2025-01-14T06:50:34Z,2025-01-14T06:50:34Z
UgyoSH320Nfb8YJ-yvB4AaABAg,,False,@gnvtwhp1218,Gaeul.,0,2025-01-14T06:47:50Z,2025-01-14T06:47:50Z
Ugx9jd_gnI4vSk63aSp4AaABAg,,False,@You-ii2uq,아이브 가자❤❤❤,0,2025-01-14T06:43:46Z,2025-01-14T06:43:46Z
UgxaiFpEpGbjX1jEeFt4AaABAg,,False,@맂냥이-q4i,리즈 안경 쓴거 귀엽다 ㅋㅋ❤,1,2025-01-14T06:41:33Z,2025-01-14T06:41:33Z
UgwDmpP2kywN9YfTNNd4AaABAg,,False,@크킄-e3b,"원영이 냉장고 잘부탁해 촿영날인가??? 머리가 똑같이 헝클어져이써
넘나 귀여움❤❤❤",2,2025-01-14T06:37:22Z,2025-01-14T06:37:22Z
UgwDmpP2kywN9YfTNNd4AaABAg.ADGT5xc_FklADJXZ9COfM5,UgwDmpP2kywN9YfTNNd4AaABAg,True,@이머시라코,원영이냉부 나와요?!,0,2025-01-15T11:14:02Z,2025-01-15T11:14:02Z
UgwfqeopxEPh3KId7Dp4AaABAg,,False,@BtsForever-x3u,Very very beautiful are ive💗,0,2025-01-14T06:37:14Z,2025-01-14T06:37:14Z
UgwTFOZjt1B6pzknQjF4AaABAg,,False,@퐁신-m4k,이서 넘 예뻥,0,2025-01-14T06:34:27Z,2025-01-14T06:34:27Z
Ugx8wNeCZR5qdnRaeqR4AaABAg,,False,@해바라기-s6j4b,나 아이브가 꿈임,0,2025-01-14T06:33:43Z,2025-01-14T06:33:43Z
UgyA6JrjW86tXDUxfml4AaABAg,,False,@안윤_바라기_바쪼,신곡 완죤 첵오!!,1,2025-01-14T06:33:14Z,2025-01-14T06:33:14Z
UgyiIagaTAvgE5ObstN4AaABAg,,False,@로블계_수비니,아이브 이번신곡 대애빡,0,2025-01-14T06:29:03Z,2025-01-14T06:29:03Z
Ugy3kYCDbCttyiS-0PN4AaABAg,,False,@찹떡-찹쌀이,Rebal Heart 대박 나자!!,1,2025-01-14T06:28:45Z,2025-01-14T06:28:45Z
UgyYYewCFgzHn2nvyep4AaABAg,,False,@해삼해삼해삼,스타쉽 이젠 녹음 올려줄 때 됬잖아요…,0,2025-01-14T06:23:53Z,2025-01-14T06:23:53Z
UgxrJaMKAGk0sGKhvil4AaABAg,,False,@mslmkhajeh-z1c,we love you from iran,0,2025-01-14T06:16:45Z,2025-01-14T06:16:45Z
Ugw0O31LO9l5MrJhtqt4AaABAg,,False,@왕왕만두,함성 할 때 나였음 현타오겠다 ㅋㅋㅋㅋ 아이브 넘 이쁘고 화이팅!!!!!,5,2025-01-14T06:16:34Z,2025-01-14T06:46:00Z
UgzQErfbpFFp-CaEiEZ4AaABAg,,False,@mslmkhajeh-z1c,queens slayy,0,2025-01-14T06:16:33Z,2025-01-14T06:16:33Z
UgxBIR1D8l1cqJJR6494AaABAg,,False,@짜리-28,다이브들 열스 합시댱!❤,0,2025-01-14T06:14:06Z,2025-01-14T06:14:06Z
UgzgnYbYv5RJVgDPhCV4AaABAg,,False,@jw5200,그저 좋타❤,0,2025-01-14T06:12:58Z,2025-01-14T06:12:58Z
UgxCcJpyvv_urpK-sr54AaABAg,,False,@kokkiat,I love this song it speaks to my heart.,1,2025-01-14T06:12:02Z,2025-01-14T06:12:02Z
UgylPgDkIdjUADxn3HB4AaABAg,,False,@alen0069,노래 진짜  좋으다,0,2025-01-14T06:06:13Z,2025-01-14T06:06:13Z
Ugzf-u80VP7fD2Oxh354AaABAg,,False,@mcmcmc_999,マンネズいちゃいちゃしててかわいい,1,2025-01-14T06:04:55Z,2025-01-14T06:04:55Z
UgztpjWLMN-gIvrK26x4AaABAg,,False,@__Youth,듣자마자 이거다! 싶어서 바로 폰 벨소리로 설정해 뒀습니다🥰,0,2025-01-14T06:04:25Z,2025-01-14T06:04:25Z
UgxSTWfywAj0rZL3C8l4AaABAg,,False,@Hooo2200,사랑해 진짜 다 ❤ 노래 너무 좋다ㅏ,2,2025-01-14T06:03:38Z,2025-01-14T06:03:38Z
UgyvVgA7ioeI96UeJJh4AaABAg,,False,@cheng4787,Please give Gaeul more lines.,0,2025-01-14T05:55:12Z,2025-01-14T05:55:12Z
UgxhLbmEsOAyshFQKOB4AaABAg,,False,@희정-q7z,넘좋다,0,2025-01-14T05:54:28Z,2025-01-14T05:54:28Z
UgzlgnwV2wntksPMO4d4AaABAg,,False,@winterr-angel,we are rebels in our heart !!!,1,2025-01-14T05:47:56Z,2025-01-14T05:47:56Z
Ugya9-7GTQD5KIDLILx4AaABAg,,False,@AOAYUNARIA,"Please, Where can I buy IVE Minive Ganganji Lightstick Covers?",0,2025-01-14T05:46:54Z,2025-01-14T05:46:54Z
UgwQD_RN_Oly-ybCgah4AaABAg,,False,@lalitasingh7681,Why wonyoung is trying to be childish and cute 🤡,0,2025-01-14T05:43:08Z,2025-01-14T05:43:08Z
UgwQD_RN_Oly-ybCgah4AaABAg.ADGMteiQUv5ADGPhzG0cr6,UgwQD_RN_Oly-ybCgah4AaABAg,True,@skrrtskrrt4681,Cuz she's pretty lmao. I know you're mad because you can't relate. Maybe if you spent more time taking care of yourself you wouldn't be a manic orangutan spreading hate comments.,1,2025-01-14T06:07:45Z,2025-01-14T06:07:45Z
Ugzc4t4pJkAvv7q25b54AaABAg,,False,@Jirokun1337,This will be another iconic IVE song ever. The lyrics are so deep❤,0,2025-01-14T05:41:42Z,2025-01-14T05:41:42Z
Ugy4bs4D4HIZy8BLNDF4AaABAg,,False,@Louie_0326,❤❤❤×무한,0,2025-01-14T05:41:19Z,2025-01-14T05:41:19Z
Ugw6MtkS433-apYm6Q14AaABAg,,False,@Wonyoung_loveu,Wonyoung ❤❤,1,2025-01-14T05:39:22Z,2025-01-14T05:39:22Z
UgydQ5D5k9OMazsGr9B4AaABAg,,False,@luckygirl.98,Rei looks good in that fit and hairstyle 🥰 she's the cutest!,0,2025-01-14T05:37:50Z,2025-01-14T05:37:50Z
UgzgpzDnmUov4Ie2NCd4AaABAg,,False,@Peteraaa-i4m,❤❤❤,0,2025-01-14T05:35:31Z,2025-01-14T05:35:31Z
UgxUOvlnvcYsKisqA5h4AaABAg,,False,@refinadya5828,Liz yeppo,1,2025-01-14T05:33:28Z,2025-01-14T05:33:28Z
Ugz83Wan93UsQ8C9b9B4AaABAg,,False,@유튜버-로파,아이브 신곡 넘 좋다... 리즈 안경 넘 찰떡이다...,1,2025-01-14T05:27:48Z,2025-01-14T05:27:48Z
UgzrVxAh4ireSRpGkQ94AaABAg,,False,@녕뿌링,레이 그때 라이브 하구 왔구나아☁️☁️,0,2025-01-14T05:27:47Z,2025-01-14T05:27:47Z
UgxRhzetu6ha8Y-eHNR4AaABAg,,False,@ell4rawrr,Reiii❤,1,2025-01-14T05:22:15Z,2025-01-14T05:22:15Z
UgwDB4GVixs7NFNS5bR4AaABAg,,False,@danagul3907,I really liked this song ❤,0,2025-01-14T05:21:19Z,2025-01-14T05:21:19Z
UgxwYdREn8iX08r2CIZ4AaABAg,,False,@김진태-t8k,신곡 짱!!❤❤❤❤❤,0,2025-01-14T05:20:38Z,2025-01-14T05:20:38Z
UgxT1ny08ZEkQNjjSHt4AaABAg,,False,@ゆきの日々,콘서트 가고 싶네,0,2025-01-14T05:17:27Z,2025-01-14T05:17:27Z
UgxKiQPUv8DOZw-2mhF4AaABAg,,False,@도구도구핫도구,2025년에도 빛나는 아이브가 되길!! Rebel Heart 대박나자!!,0,2025-01-14T05:14:33Z,2025-01-14T05:14:33Z
Ugzg0QqncNFACnni65d4AaABAg,,False,@대이브,사랑해요 아이브,0,2025-01-14T05:14:03Z,2025-01-14T05:14:03Z
UgyXRBBhdofpoL698eF4AaABAg,,False,@1004원영한진,"아이브 아이팅!!
신곡 넘 좋아!!",3,2025-01-14T05:12:56Z,2025-01-14T05:12:56Z
Ugw5ho179qr5Wm3kvrR4AaABAg,,False,@raizhamzah5808,Magnificient❤,0,2025-01-14T05:10:37Z,2025-01-14T05:10:37Z
UgyqKN-xg5uzAz6yhf54AaABAg,,False,@Iam-harp,진짜 신곡 너무너무좋다❤❤❤❤❤❤,0,2025-01-14T05:06:53Z,2025-01-14T05:06:53Z
Ugx88pqaGRkHRo4_Hlh4AaABAg,,False,@いぽ-t7p,きっとすぐIVEに会えるよ～～～掛け声覚えるぞ～,1,2025-01-14T05:05:50Z,2025-01-14T05:05:50Z
Ugw1ZnjPsQG-3ZE4CEN4AaABAg,,False,@supercc6331,"Where's Kin Gaeul in this song? I cannot find her. Why dont u take her out directly and let her to do cheering, Starshit?",1,2025-01-14T05:05:22Z,2025-01-14T05:05:22Z
UgyEfaUtfdgrT6y3XkR4AaABAg,,False,@kumaco432,kiyo,0,2025-01-14T05:02:59Z,2025-01-14T05:02:59Z
Ugxy_DgynPxftPrbtpJ4AaABAg,,False,@민민-q1z,대바바바바박,2,2025-01-14T04:56:52Z,2025-01-14T04:56:52Z
Ugy2wp8N8iWwDcTOuV14AaABAg,,False,@lyoco_latte,아이브 응원하는 사람❤,2,2025-01-14T04:53:08Z,2025-01-14T04:53:08Z
UgyNbB1Dx1ogqXXRlfN4AaABAg,,False,@똥강아지_명재현,와.. 2시간 전..,1,2025-01-14T04:51:37Z,2025-01-14T04:51:37Z
UgzznvVrekbG8kw5JXB4AaABAg,,False,@lyoco_latte,아이브 신곡 대박나쟈..! 이서 보라머리 너무 이쁘다..❤,2,2025-01-14T04:50:55Z,2025-01-14T04:50:55Z
Ugz9F7Cr1Z3PBIC1_tN4AaABAg,,False,@Tube-nz4zo,오 아이브 드디어 신곡나왔어요? 응원법 영상 오랫만이네요 하이라이트 가사는 거의영어네요 이노래도 자주들을게요 공연때 해주세요~,0,2025-01-14T04:49:22Z,2025-01-14T04:49:22Z
Ugw4cuQx1ZJLyzLZZSB4AaABAg,,False,@S.I-g7h,노래 너무 좋다❤❤,4,2025-01-14T04:48:55Z,2025-01-14T04:48:55Z
UgxheRxVvzAHA07obDd4AaABAg,,False,@hyemitae5931,멜론 검색차트 1위해짜나아 신곡 쵝오오!,7,2025-01-14T04:46:45Z,2025-01-14T04:46:45Z
UgyV0VUW09qiATqQ0KJ4AaABAg,,False,@hyemitae5931,레이 라이브 때 했던 예쁜 반묶음 머리해써어어❤ 넘 예뻐어 💕 😍,37,2025-01-14T04:45:43Z,2025-01-14T04:45:43Z
UgyCd3WwONzsAHz2tDV4AaABAg,,False,@윷뽀,신곡 너무 좋아요ㅣ❤,1,2025-01-14T04:42:29Z,2025-01-14T04:42:51Z
UgxmfKefr6fpbt_H-Mx4AaABAg,,False,@Riri-0411,노래도 좋고 춤도 좋고 치어링 가이드도 좋고❤❤❤❤아이브는 못하는게 뭐야????❤,0,2025-01-14T04:40:14Z,2025-01-14T04:40:14Z
UgyA1AB9qjjeB4meq4x4AaABAg,,False,@emilygil-q9q,리즈 안경 낀 거  너무 귀여워 찐 냥이 같애,0,2025-01-14T04:38:43Z,2025-01-14T04:38:43Z
UgwYSqJ7hsRZt_nCq7h4AaABAg,,False,@yooven.x,안유진 장발이다ㅏ,0,2025-01-14T04:37:13Z,2025-01-14T04:37:13Z
Ugz7PpFWbcURJYLQVLR4AaABAg,,False,@Yisra_el_Yom,"Estas niñas son una ternura, REI eres mi numero 1!!",0,2025-01-14T04:36:15Z,2025-01-14T04:36:15Z
UgyLLAVOSD2Cx-mcXQt4AaABAg,,False,@윤프캐럿맂프다이브,신곡 지쨔 사랑해에ㅔㅔ❤❤,0,2025-01-14T04:34:58Z,2025-01-14T04:34:58Z
Ugx6B9VyUa7Ix8mOgEF4AaABAg,,False,@do_d0o0o,"아이브 연기 너무 잘하더라. 뮤비 색감도 예쁘고 아이브도 너무 예뻐.. 아이브땜시 살어야,, 실력을 검증할 필요없어. 이미 검증된 아이브의 출중한 실력을 보여주면 돼. 이번 컴백에서 검증된 실력 다 보여주자. 대박나자 아이브!!!",0,2025-01-14T04:33:24Z,2025-01-14T04:34:34Z
UgzP3CS340za9qTyO5Z4AaABAg,,False,@Lovediveuu,이 귀여운 부분 ㅋㅋㅋ 2:42,5,2025-01-14T04:33:00Z,2025-01-14T04:33:00Z
Ugxdbh84ipnxMSbOnkJ4AaABAg,,False,@Lovediveuu,So good song my favorite,0,2025-01-14T04:31:19Z,2025-01-14T04:31:19Z
Ugy5G69mSCPVagtf7Tt4AaABAg,,False,@Lovediveuu,I love ive,0,2025-01-14T04:30:26Z,2025-01-14T04:30:26Z
UgzJ5FGNQfgPQ8mGtwN4AaABAg,,False,@Lovediveuu,Cute,0,2025-01-14T04:30:12Z,2025-01-14T04:30:12Z
UgxeitcIlA2nhX9ZV1F4AaABAg,,False,@도러에몽-u4w,이서 언니 너무 예뻐용!,0,2025-01-14T04:28:36Z,2025-01-14T04:28:36Z
Ugz6vQ4rzfUFNXeI0zJ4AaABAg,,False,@潘麗玲-p4k,IVE in my heart🎶❣️,0,2025-01-14T04:26:46Z,2025-01-14T04:26:46Z
Ugy5YoZ418MSy4Qd5yJ4AaABAg,,False,@jia-m3b,"원영,가을,레이,유진,이서,리즈 모두 사랑해💗",2,2025-01-14T04:25:01Z,2025-01-14T04:25:01Z
UgxYB3E0Wurhsg3fS154AaABAg,,False,@daitokenai,🌸✨️🌸,0,2025-01-14T04:24:59Z,2025-01-14T04:24:59Z
Ugw3nQNJ2zCmDZp46y94AaABAg,,False,@응애친구들-qkfuc,아이브다이브,0,2025-01-14T04:24:21Z,2025-01-14T04:24:21Z
UgzVSzCDuigMo9NMC694AaABAg,,False,@DuyTran-ik3gv,phụ nữ giao phối số 1 thuộc về hàn quốc,0,2025-01-14T04:22:56Z,2025-01-14T04:22:56Z
Ugz3LEr2zgBOrhHioi14AaABAg,,False,@마공-u2r,미모 최고. 노래도 최고ㅎ,1,2025-01-14T04:19:55Z,2025-01-14T04:19:55Z
UgwI2H40rXusj0ky1WB4AaABAg,,False,@영원히서로를간직하길,"아이브아기들 너무 기특해요🫳🫳
이번 곡 너무 좋아~ 이제 정말 커하만 남았다!!🫶",7,2025-01-14T04:18:39Z,2025-01-14T04:18:39Z
UgwkVCE4fr7fOHeJ-al4AaABAg,,False,@HatchetLUM,"다들 데뷔때에 비해 많이 나이먹은거보니 뭔가 짠하고 인생무상이네..
내 젊음을 함께했던 걸그룹이 나이먹어가는거보니까 세월이 확 느껴진다 해야되나",1,2025-01-14T04:15:39Z,2025-01-14T04:15:39Z
UgwkVCE4fr7fOHeJ-al4AaABAg.ADGCswxDuPIAETH9CMFb53,UgwkVCE4fr7fOHeJ-al4AaABAg,True,@user-wr2ni4dj9y,@@HatchetLUM 3년 지났어 ㅂㅅ아,0,2025-02-13T02:34:29Z,2025-02-13T02:34:29Z
UgysypiGtiCLaeqJUMN4AaABAg,,False,@м4няш4,Любимки айвушки выпустили новый хит❤️❤️❤️,0,2025-01-14T04:15:18Z,2025-01-14T04:15:18Z
Ugy3uLAD2-qUhpGEEkp4AaABAg,,False,@eunx.a,진짜 수고 했당..❤❤,1,2025-01-14T04:11:33Z,2025-01-14T04:11:33Z
Ugxh3VZHK3O7CWJ1Do94AaABAg,,False,@Neaia.er72,1:19두콩즈 손 톡톡(?)넘 기여어 ㅠ,4,2025-01-14T04:11:33Z,2025-01-14T04:11:33Z
UgyScwvmUiRMBjEtZYZ4AaABAg,,False,@user-wz9vs7ld1e,yujin  and rei  is sososososo pretty❤️❤️❤❤❤,0,2025-01-14T04:09:52Z,2025-01-14T04:09:52Z
UgySIdGv7fhVt7iFeot4AaABAg,,False,@폼폼-p5c,아 미친 사랑해 얘들아 진짜 너무 사랑해,1,2025-01-14T04:09:48Z,2025-01-14T04:09:48Z
UgxAvOhg4__eAPBzKNV4AaABAg,,False,@Soungseyhaa,Love Liz ❤,0,2025-01-14T04:09:25Z,2025-01-14T04:09:25Z
UgzhgO7NSMZh3egeczl4AaABAg,,False,@상콤베리,신곡미침,0,2025-01-14T04:09:09Z,2025-01-14T04:09:09Z
UgyQjLiDBbEm7mbma714AaABAg,,False,@nikkijoymolina652,Even the cheering guide is a masterpiece as the music video♥️🫶,0,2025-01-14T04:08:34Z,2025-01-14T04:08:34Z
Ugy4wEqWNv-gOCNwmU94AaABAg,,False,@Tsumi_12,2:37초 김지원 끼부려요ㅠㅠ,4,2025-01-14T04:06:10Z,2025-01-14T04:06:10Z
Ugy4wEqWNv-gOCNwmU94AaABAg.ADGBnZXJ-txADGpw5KkNCz,Ugy4wEqWNv-gOCNwmU94AaABAg,True,@보라빛의mood,ㅋㅋ,1,2025-01-14T10:05:36Z,2025-01-14T10:05:36Z
UgydoD6fS2X0MMPF2Jd4AaABAg,,False,@아서_diveintoIVE,"이렇게 보니까 확실히 이서가
어려보임ㅋㅋ그냥 행동이나 시선이ㅋㅋ",1,2025-01-14T04:00:45Z,2025-01-14T04:00:45Z
UgyyQp3OGa0iZ7uDar14AaABAg,,False,@Gommoi,아이브 짱👍🏻👍🏻💗💋🌻👍🏻🥳,1,2025-01-14T03:59:30Z,2025-01-14T03:59:30Z
UgzFbUTbXt30R_YHKdp4AaABAg,,False,@genagenaaa,SA PH DIVES PO HINDI NA KAILANGAN NG CHEERING GUIDE KASI KAKANTAHIN PO NATIN LAHAT NG LYRICS HAHAHAHAHAHA,0,2025-01-14T03:58:43Z,2025-01-14T03:58:43Z
UgxX9bcUatwPInWjUPV4AaABAg,,False,@Aaaa-nm2yv,❤,0,2025-01-14T03:58:19Z,2025-01-14T03:58:19Z
UgxWZv1XnDO0wIhgvMN4AaABAg,,False,@귀요미퀸수려유진퀸,"💖거울아 거울아💖
🌟🌟🌟아이브 🌟🌟🌟
이서는 리즈언니 너무좋은가봐
예주인님 그런거같아요 ^^
나두 팔짱좋아하는데
히힛 유진아사랑햇❤️~",0,2025-01-14T03:57:32Z,2025-01-14T03:57:32Z
Ugz5LQcv8ELYvcqPqBx4AaABAg,,False,@mrpikachu3154,Congratulations on your comeback IVE love you i,0,2025-01-14T03:57:24Z,2025-01-14T03:57:24Z
Ugwh9vFJG5bopGIQqTB4AaABAg,,False,@TomorrowtooLIZ,이번 노래도 너무 좋다 !,1,2025-01-14T03:56:35Z,2025-01-14T03:56:35Z
UgxqEXNsfx7wb1uGjDp4AaABAg,,False,@pe5ple,2:10 워뇽이 뭐해??ㅋㅋ❤❤귀여워…,22,2025-01-14T03:56:34Z,2025-01-14T03:56:34Z
UgxqEXNsfx7wb1uGjDp4AaABAg.ADGAhBDVFLXAE0stUPzLd1,UgxqEXNsfx7wb1uGjDp4AaABAg,True,@진범조,ㅋㅋㅋ 기요워❤❤❤,0,2025-02-02T01:55:00Z,2025-02-02T01:55:00Z
Ugx9SHDYZajKoqe5PGN4AaABAg,,False,@동산기도원,벌써 다 외운 사람 나!!,0,2025-01-14T03:56:29Z,2025-01-14T03:56:29Z
Ugxj2rStwT0yeBztxeV4AaABAg,,False,@PamelaSy,the first time wony isn’t the center in a cheering guide 🤣,0,2025-01-14T03:55:49Z,2025-01-14T03:55:49Z
Ugzloaf6bp1_Qzg6K5p4AaABAg,,False,@genagenaaa,KYUT BABIESSSSS,0,2025-01-14T03:55:46Z,2025-01-14T03:55:46Z
Ugy8Tfxh24u527qRHD54AaABAg,,False,@무기명-s8j,노래 좋다~~~,0,2025-01-14T03:55:44Z,2025-01-14T03:55:44Z
Ugx2venvsMfJCo2dZax4AaABAg,,False,@ronaldgc7267,Yujin❤❤pretty,1,2025-01-14T03:54:54Z,2025-01-14T03:54:54Z
UgwCMAqboUl35AtSto94AaABAg,,False,@루냥-b9u,아이브 신곡 너무 좋아요!! 진짜 최고!!❤,1,2025-01-14T03:53:40Z,2025-01-14T03:53:40Z
Ugxgz0MRE2iCQFPfBqZ4AaABAg,,False,@멜론빵_먹고싶은_멜로,아이브 신곡 레전드!,0,2025-01-14T03:52:24Z,2025-01-14T03:52:24Z
UgyfNEytEHsfSBXIavt4AaABAg,,False,@하민플리,한번보고 응원법 다외움❤,0,2025-01-14T03:51:49Z,2025-01-14T03:51:49Z
Ugz8vhi2vZb62dQSEPJ4AaABAg,,False,@ropro9817,"lol, they look bored and tired",0,2025-01-14T03:51:01Z,2025-01-14T03:51:01Z
Ugws6mtzPr8QcZrOPpZ4AaABAg,,False,@구리구리오리너구리오,1시간 전 491빠,0,2025-01-14T03:50:16Z,2025-01-14T03:50:16Z
Ugy4Kj8ROdWTLbh9lTp4AaABAg,,False,@AiriHaze,❤❤❤,0,2025-01-14T03:49:58Z,2025-01-14T03:49:58Z
UgzUZmKUN7IO2H4Ys8Z4AaABAg,,False,@하민플리,이번 신곡 진짜 너무너무너무 좋아요❤❤,0,2025-01-14T03:48:42Z,2025-01-14T03:48:42Z
UgwzfcwGSxWvLYKMmJZ4AaABAg,,False,@ive_in_paris,WONYOUNG I LOVE YOU❤ BE MY GIRLFRIEND❤,1,2025-01-14T03:46:50Z,2025-01-14T03:46:50Z
UgynqZMuUAIAlIPazjJ4AaABAg,,False,@glitteryreen3908,when is their official comeback?? im so excited for this comeback,1,2025-01-14T03:46:45Z,2025-01-14T03:46:45Z
UgwGBid49Fe2lzNZnfV4AaABAg,,False,@뾰링gy,아이브 신곡 너무 좋아요❤🩷🧡💛,0,2025-01-14T03:46:34Z,2025-01-14T03:51:05Z
Ugxt4hM7bzFKu7pEecd4AaABAg,,False,@epikhigh892,Sbs가요대전처럼 발라드버전으로도  내주세요. 사실 스포가 그렇게 되어서 상반된 곡도 좋을거같아요.,0,2025-01-14T03:45:59Z,2025-01-14T03:45:59Z
UgxDsvBGc0ekB3edPH54AaABAg,,False,@clove._rs,럭 아이브 곧 400만명이네! 미리 축하하고 rebel heart 대박나길.>!,0,2025-01-14T03:45:20Z,2025-01-14T03:45:20Z
UgykbrZ-nqnuJ-jJWhR4AaABAg,,False,@안녕프-10,이서 보라머리❤너무 예뻐❤,0,2025-01-14T03:45:05Z,2025-01-14T03:45:05Z
Ugy5eTPzjg98dWf7k_94AaABAg,,False,@보넥도-IVE사랑녀,이번에 아이브 응원법너무 좋다❤❤❤사랑해 아가들아❤❤,0,2025-01-14T03:44:27Z,2025-01-14T03:44:27Z
UgzIt4IKi6ci3gwFloF4AaABAg,,False,@nishitripathi2319,Cutie Cheerleaders 💗💗💗💗💗💗. I love 💗 you 💝🌹🇮🇳🙏.,0,2025-01-14T03:44:24Z,2025-01-14T03:44:24Z
UgzpRF0t76akbBcD2iF4AaABAg,,False,@선정-구독좋아요,와 대박이다,0,2025-01-14T03:43:21Z,2025-01-14T03:43:21Z
Ugwdq6ZytvCdWWTjMaZ4AaABAg,,False,@nishitripathi2319,All of you ❤️ so pretty 💖 cutiest ❤️ and very much ❤ beautiful ❤️. I love ❤️ you ❤️ sweet and very much ❤️ beautiful ❤️ cutie 🥰 Baby 💋 friends ❤️❤️❤️❤️❤️❤️🌹🇮🇳🙏.,0,2025-01-14T03:43:18Z,2025-01-14T03:43:18Z
UgxqBg4bZcSNFMF_Vdx4AaABAg,,False,@다이브-w7q,이번에 퀄리티 좋음❤❤,0,2025-01-14T03:42:47Z,2025-01-14T03:42:47Z
Ugwp-eyN_qUlIpsZH0V4AaABAg,,False,@haru_콩린,1시간전❤❤❤,0,2025-01-14T03:42:02Z,2025-01-14T03:42:02Z
UgxccifI0eQHAalPfAB4AaABAg,,False,@叶-Jimmy,yujin❤,1,2025-01-14T03:37:05Z,2025-01-14T03:37:05Z
UgzOE1zuedEPFNChp2F4AaABAg,,False,@폴리힝,"짱이브 신곡 너무 좋다
빨리 앨범에서 가을이 나오면 좋겠다
가을 언니 영상에서 너무 예뻐요",0,2025-01-14T03:36:17Z,2025-01-14T03:36:17Z
UgwzzmOM9O_Zztw_whl4AaABAg,,False,@muhusinarifa1951,We want to see reaction video❤️❤️,0,2025-01-14T03:36:15Z,2025-01-14T03:36:15Z
UgxQeAIomXWDeTPF6CB4AaABAg,,False,@muhusinarifa1951,"Love you all,💋💋💋❤️❤️❤️",0,2025-01-14T03:35:01Z,2025-01-14T03:35:01Z
Ugxg0ds7uqZwQKzAsC54AaABAg,,False,@re-9648,動画助かります😂しっかり覚えて日本公演参戦の準備🇯🇵 Ready go‼️,0,2025-01-14T03:33:39Z,2025-01-14T03:33:39Z
Ugx3qAj6gFvheVpx2K54AaABAg,,False,@ElliotWave-n8g,너무 사랑해 아이브❤🎉신곡도 너무 좋당❤😂,2,2025-01-14T03:33:37Z,2025-01-14T03:33:37Z
UgyIMASHnXCHUyo8D-54AaABAg,,False,@햄햄햄스,아이브 ❤,0,2025-01-14T03:32:41Z,2025-01-14T03:32:41Z
UgxC0_oY82KepTUzJ-t4AaABAg,,False,@셰이드남자친구,레이❤,0,2025-01-14T03:32:33Z,2025-01-14T03:32:33Z
UgyxbbDSKg01WkULCCt4AaABAg,,False,@렝오이,가을이랑 리즈 너무 예쁘당❤💗,1,2025-01-14T03:31:13Z,2025-01-14T03:31:13Z
Ugw8W9HQwCIqcyp9LZB4AaABAg,,False,@seongyeoplim7120,아이브 사랑해❤❤❤❤❤건강해야됑🥹,0,2025-01-14T03:30:26Z,2025-01-14T03:30:26Z
Ugz26DXSerMzHU6etZV4AaABAg,,False,@markables02,Yujin 😍🫶❤️🥰,0,2025-01-14T03:29:39Z,2025-01-14T03:29:39Z
UgwWReY8D73mjTnDKi14AaABAg,,False,@InfernoProj,Beautiful women,0,2025-01-14T03:29:36Z,2025-01-14T03:29:36Z
Ugwrqd8MXcuS4z1kTG14AaABAg,,False,@조성훈-w3g,사랑해,0,2025-01-14T03:29:13Z,2025-01-14T03:29:13Z
Ugwrqd8MXcuS4z1kTG14AaABAg.ADG7Znv8CZwADG7_rRMdrJ,Ugwrqd8MXcuS4z1kTG14AaABAg,True,@조성훈-w3g,❤❤❤❤❤,0,2025-01-14T03:29:21Z,2025-01-14T03:29:21Z
UgwWroF3sogCKkSrBJh4AaABAg,,False,@맂푸건들면물어요,신곡❤❤❤아이브 좋아,0,2025-01-14T03:28:45Z,2025-01-14T03:28:45Z
Ugze3O68twRWGhsyUS14AaABAg,,False,@현이좋아_미니씌,원영이 이뽀!!!,6,2025-01-14T03:28:35Z,2025-01-14T03:28:35Z
UgxxWfSqc0gEZLiABfp4AaABAg,,False,@우리는행복해,"2:52 검나 귀여워 ❤❤❤
유진이 카리스마 뿜뿜
리즈 안경 모야?? 귀엽잖아?!
이서 보라 머리 넘 예뽀❤
원영 공주 진짜 아이돌아니고 공주 
콩수니 레이 넘 커엽
가을 선배 너무 예쁘잖아 ❤ 완전 하트
아이브는 치유 💊 약
내가 꼭 응원법 외울거야!!!
아이브 화이팅 ❤❤❤",4,2025-01-14T03:28:26Z,2025-01-14T03:28:26Z
UgzaZP_o1RXNPFsSdEF4AaABAg,,False,@WITFITMAN.,LOVE YUJIN 🤟🏻💟💟💟💟💟💟💟💟💟💟💟💟,0,2025-01-14T03:27:53Z,2025-01-14T03:27:53Z
Ugz1LNcekuubbsk4ZAR4AaABAg,,False,@젼윶프_윶프,멤버들 응원할때마다 응원봉 흔드는거 넘 귀여웡❤❤❤❤❤,0,2025-01-14T03:25:36Z,2025-01-14T03:25:36Z
Ugykyn_V4zSYFE7-RRV4AaABAg,,False,@onceuponamelody,"They're all looking especially pretty this comeback. <3 Good job, girls!!",0,2025-01-14T03:24:33Z,2025-01-14T03:24:33Z
Ugzttds1OTTiyyWvUjN4AaABAg,,False,@뽀린yoo,김리즈 안경 써서 더 귀엽네❤❤,0,2025-01-14T03:23:33Z,2025-01-14T03:23:33Z
UgzTRpmAB7eJd4IhSad4AaABAg,,False,@오렝-ji,이번 신곡 넘 좋다❤,1,2025-01-14T03:23:16Z,2025-01-14T03:23:16Z
UgzT7ZaeccqNWIjLpu94AaABAg,,False,@Aki_gaeul,열심히 응원할께❤❤,0,2025-01-14T03:22:35Z,2025-01-14T03:22:35Z
UgzRnWc2BMACzBPwrL54AaABAg,,False,@grace.christina,REI PLEASE NEVER CHANGE YOUR HAIR,0,2025-01-14T03:22:07Z,2025-01-14T03:22:07Z
UgySsdvt8rw0bz6RbK14AaABAg,,False,@hc0059,응원법도 너무 조아~~💖💖💖,0,2025-01-14T03:21:09Z,2025-01-14T03:21:09Z
Ugy_kkhKWcjGtD6kuNd4AaABAg,,False,@hay_an,이번 신곡 멤버 전부다 넘 이쁘게 나온듯❤❤️‍🔥,1,2025-01-14T03:20:33Z,2025-01-14T03:20:33Z
UgypEB2klYkLsfUWJkB4AaABAg,,False,@Iduncare0,❤❤❤❤,0,2025-01-14T03:20:22Z,2025-01-14T03:20:22Z
Ugxo8RL_6AfzKY9rwo94AaABAg,,False,@saytravel,레이 그만 예뻐져 빠져버릴거 같잖아,0,2025-01-14T03:19:53Z,2025-01-14T03:19:53Z
Ugw4Amb7syFwUS9zNL14AaABAg,,False,@belleisabell,우리브 😻😻,0,2025-01-14T03:17:55Z,2025-01-14T03:17:55Z
UgzkPXfBlpbRM0aTXt94AaABAg,,False,@인절미-x7k,1:31 이서랑 레즈 팔짱끼고 있는거 기여워ㅓㅓㅠㅠ 근데...이번 신곡 넘넘 좋아서 머리속에서 맴도는중..❤,2,2025-01-14T03:17:15Z,2025-01-14T03:17:15Z
UgzkPXfBlpbRM0aTXt94AaABAg.ADG6CEd6WZ4ADGAS67y5Od,UgzkPXfBlpbRM0aTXt94AaABAg,True,@whall-h7u,레즈요?,0,2025-01-14T03:54:22Z,2025-01-14T03:54:22Z
UgxGJ568-435D_droeB4AaABAg,,False,@kimnicha._.mylove,They slayed this comeback!!!!! I love this concept so much 😍💗❤‍🔥❤‍🔥,0,2025-01-14T03:16:48Z,2025-01-14T03:16:48Z
UgzV7yCm9380bY9lpFV4AaABAg,,False,@유쵸Yucho6,"허ㅋ.. 진짜 좀어이없네? ㅋ..
아니 솔직히 아이브라는이름도 진짜 이쁜데!😢 신곡도 겁나이쁜데 응원법까지이쁘면 내가 더 홀리자나😍",0,2025-01-14T03:16:14Z,2025-01-14T03:16:14Z
UgykPB74TjCbA9HeiJN4AaABAg,,False,@Soyblink_mz3,What if I don't know Korean?😢😢,0,2025-01-14T03:16:01Z,2025-01-14T03:16:01Z
UgxESVQbtM-qdAEMKYx4AaABAg,,False,@이브-y2k,"너무 좋다,….❤",0,2025-01-14T03:15:12Z,2025-01-14T03:15:12Z
UgxL3Xm_FevD6Mt5bZ94AaABAg,,False,@huzzivvuzzi,아이브 그냥 다 조아ㅏㅏㅏ❤,0,2025-01-14T03:13:52Z,2025-01-14T03:13:52Z
Ugzl30D9Y3svwtz2Hsx4AaABAg,,False,@KR_______BE,돈 모아야겠다,0,2025-01-14T03:11:20Z,2025-01-14T03:11:20Z
Ugxxne3imNjQ6bGLqFt4AaABAg,,False,@bnd_d.k,진짜 아이해봉 들고 하므누중,0,2025-01-14T03:10:20Z,2025-01-14T03:10:20Z
UgwW_wBsVN8M1iIrxvJ4AaABAg,,False,@체리-g4w,"아이브 신곡 너무 너무 좋다❤
이렇게나 빠르게 올려줘서 고마워 아이브❤❤❤
항상 사랑해 아이팅!!!❤❤
❤
❤❤
❤❤❤
❤❤❤❤
❤❤❤❤❤
❤❤❤❤
❤❤❤
❤❤
❤",8,2025-01-14T03:07:47Z,2025-01-14T03:07:47Z
UgzlgIpftWWePuUr3np4AaABAg,,False,@amartyasartyagraha,Omg❤,0,2025-01-14T03:07:37Z,2025-01-14T03:07:37Z
UgwGqWHo783-vsGCgPF4AaABAg,,False,@박서윤-g7l6h,"가을이 파트가 적은게 아쉽긴 하지만,,.... 그래도 곡 너무 좋당ㅎㅎ",0,2025-01-14T03:07:32Z,2025-01-14T03:07:32Z
UgyVstkVqSK3RRlJPtd4AaABAg,,False,@monily143,Las amo ❤,0,2025-01-14T03:07:07Z,2025-01-14T03:07:07Z
UgxmnzCQsLY9cXImO4t4AaABAg,,False,@IZONEloveWIZONE,早くコンサートでやりたいな😆✨✨✨♥️♥️♥️,0,2025-01-14T03:06:55Z,2025-01-14T03:06:55Z
UgwfzmSzqKgWuHMkBIp4AaABAg,,False,@keonwoolee5345,아이브 이번 활동 아프지 말고 화이팅!!❤❤❤,1,2025-01-14T03:06:38Z,2025-01-14T03:06:38Z
UgwNUzJpsSkoPZ99C-14AaABAg,,False,@문태환-z6i,아이브❤❤❤,0,2025-01-14T03:06:13Z,2025-01-14T03:06:13Z
Ugz5Uk4O9x5_pmEHCXt4AaABAg,,False,@snowyy8569,Wonyoung with her pushie is so cute,1,2025-01-14T03:05:53Z,2025-01-14T03:05:53Z
Ugy0V7vhPCaU0l6etFZ4AaABAg,,False,@송사머사머,이번 노래 뮤비때 이서 울때 울컥하더라,0,2025-01-14T03:05:50Z,2025-01-14T03:05:50Z
UgykKjJ7L2g-B9_oXXp4AaABAg,,False,@yato-1210,レッツゴー！！！,0,2025-01-14T03:03:53Z,2025-01-14T03:03:53Z
UgxA7v5gvENhE63Ogkt4AaABAg,,False,@shirelsofi6610,Ive eres tan hermosa,0,2025-01-14T03:03:18Z,2025-01-14T03:03:18Z
UgyVdo1zN_Hcv7Lz4Jx4AaABAg,,False,@And-s3g,이번 노래 넘 좋다 ㅠㅠ❤❤❤❤,0,2025-01-14T03:03:13Z,2025-01-14T03:03:13Z
UgxSP57KTB2t7x65Q9p4AaABAg,,False,@LaraAchaval,Vamos ivee,1,2025-01-14T03:02:26Z,2025-01-14T03:02:26Z
Ugyf24ESAuTJBfLH2c54AaABAg,,False,@LaraAchaval,Lets goooo,0,2025-01-14T03:02:12Z,2025-01-14T03:02:12Z
UgwK_h4rxV2HYf3X_yd4AaABAg,,False,@fanyutseng2284,IVE 🥰🥰🥰🥰🥰🥰,0,2025-01-14T03:00:20Z,2025-01-14T03:00:20Z
UgwSixQBpEHxCLduE9N4AaABAg,,False,@주주천사-y2n,이번곡 대박나겠다...,0,2025-01-14T02:59:40Z,2025-01-14T02:59:40Z
Ugz7ob0MzK5qH4rsUFx4AaABAg,,False,@0717_ツ,허억 58분 전!! 아이브 활동 열시미 해🎉,1,2025-01-14T02:59:39Z,2025-01-14T02:59:39Z
UgwKKkQdHFChtqXOiNd4AaABAg,,False,@로블업고튀는민찌씨,신곡 너무 조아요❤,2,2025-01-14T02:58:57Z,2025-01-14T02:58:57Z
Ugx9cXR6DyAdJKLfSpp4AaABAg,,False,@유진이의생활,"진짜 유진아 너무 예쁘다 다른 멤버 들도 너무너무 예쁘다!!! 진짜 아이브가 짱이야!!! 와 춤도 잘추고 노래도 잘 부르고 
아이브가 짱이다!! 콘서트 꼭 갈거야!!!",2,2025-01-14T02:58:47Z,2025-01-14T02:58:47Z
UgzT0Sv7yLwFgpZXqJd4AaABAg,,False,@KimHyoungKi,😘😘😘😍😍😍,1,2025-01-14T02:57:19Z,2025-01-14T02:57:19Z
Ugy8Qfg4I5gss_NVM4F4AaABAg,,False,@백단설,아이브 신곡 너무 좋아요❤ 최애 유진언니 사랑해요~🐶🫶🏻,8,2025-01-14T02:57:16Z,2025-01-14T02:57:16Z
Ugz7NrvN-6vU3Xxq2tl4AaABAg,,False,@Dive아꿍이,아이브 징짜 사랑해❤❤,0,2025-01-14T02:56:31Z,2025-01-14T02:57:02Z
UgwP0DaiUHZdGYISapd4AaABAg,,False,@SstarCherry,와.. 내추럴한 화장도 다들 넘 이쁘다 진심ㅠㅠ🤩 응원봉도 귀여워..ㅋㅋㅋ,11,2025-01-14T02:55:41Z,2025-01-14T02:55:41Z
Ugz0jG11CPwCi5KAAhp4AaABAg,,False,@뽀잇녕,아이브 아이팅🫶,2,2025-01-14T02:55:27Z,2025-01-14T02:55:27Z
UgxLfDITZLD6gpQ4Pbh4AaABAg,,False,@뀨찡-o2v,짱짱❤❤,0,2025-01-14T02:55:10Z,2025-01-14T02:55:10Z
UgwHFoEhlwSjASpqPg54AaABAg,,False,@rara-e2d,아이브 항상 응원하고 좋아해 이범 활동도 잘마쳐주세요✨️리즈 안경낀게 너무 귀엽다...❤,3,2025-01-14T02:54:16Z,2025-01-14T02:54:16Z
UgzwxECSxyZehiK_OQt4AaABAg,,False,@yalfariniamelia900,Sukses ive💗,0,2025-01-14T02:54:12Z,2025-01-14T02:54:12Z
Ugy2wCk45V3x-rmHA6V4AaABAg,,False,@다이브-n9n,"신곡 너무 좋아요❤
아이브 넘 예뻐요❤
응원법 진짜 좋네요😊",2,2025-01-14T02:54:12Z,2025-01-14T02:54:12Z
UgxXtLv373NJsTT7nPF4AaABAg,,False,@딸기가되,아이브 건강하게 활동해줘서 정말고마워❤❤,0,2025-01-14T02:53:35Z,2025-01-14T02:53:35Z
UgyW-vW2zbQRPzGjFdV4AaABAg,,False,@ttwow4740,❤❤❤❤❤,1,2025-01-14T02:53:14Z,2025-01-14T02:53:14Z
UgwBawEuRHv9sV0-eh54AaABAg,,False,@rara-e2d,2분 9초에 원영님이 응원봉 토끼 귀에다 대고 말하는거 너무 기엽...🩷🩷,3,2025-01-14T02:52:53Z,2025-01-14T02:52:53Z
UgwykKNFVkpOUAP-qe94AaABAg,,False,@Asqwsdf00901poikk,아이브 이쁘고 사랑스러워요.💖💖💖💖💖💖,0,2025-01-14T02:52:28Z,2025-01-14T02:54:23Z
Ugya7odnJ3_cd2HzIJF4AaABAg,,False,@Gaeulest,İLK TÜRK,0,2025-01-14T02:52:05Z,2025-01-14T02:52:05Z
UgyUtpmRxwAnL0Qj70B4AaABAg,,False,@falym2569,Queens👑🤍👑🤍👑🤍,0,2025-01-14T02:51:41Z,2025-01-14T02:51:41Z
UgzY3hBQ2Af1HqRdAyZ4AaABAg,,False,@kim-0805,언제 콘서트하나요?,1,2025-01-14T02:51:38Z,2025-01-14T02:51:38Z
Ugzy5CQlEEQJpgxNtcV4AaABAg,,False,@Lisa_Felix9700,I Love You Soo Much Ive❤❤❤❤❤❤❤❤❤❤❤❤❤❤❤❤❤❤❤❤❤❤❤❤❤❤❤❤❤❤❤❤❤❤❤❤❤❤❤❤❤❤❤❤❤❤❤❤❤❤❤❤❤❤❤❤❤❤❤❤❤❤❤❤❤❤❤❤❤❤❤❤❤❤❤❤❤❤❤❤❤❤❤❤❤❤❤❤❤❤❤❤❤❤❤❤❤❤❤❤❤❤❤❤❤❤❤❤❤❤❤❤❤❤❤❤❤❤❤❤❤❤❤❤❤❤❤❤❤❤❤❤❤❤❤❤❤❤❤❤❤❤❤❤❤❤❤❤❤❤❤❤❤❤❤❤❤❤❤❤❤❤❤❤❤❤❤❤❤❤❤❤❤❤❤❤❤❤❤❤❤❤❤❤❤❤❤❤❤❤❤❤❤❤❤❤❤❤❤❤❤❤❤❤❤❤❤❤❤❤❤❤❤❤❤❤❤❤❤❤❤❤❤❤❤❤❤❤❤❤❤❤❤❤❤❤❤❤❤❤❤❤❤❤❤❤❤❤❤❤❤❤❤❤❤❤❤❤❤❤❤❤❤❤❤❤❤❤❤❤❤❤❤❤❤❤❤❤❤❤❤❤❤❤❤❤❤❤❤❤❤❤❤❤❤❤❤❤❤❤❤❤❤❤❤❤❤❤❤❤❤❤❤❤❤❤❤❤❤❤❤❤❤❤❤❤❤❤❤❤❤❤❤❤❤❤❤❤❤❤❤❤❤❤❤❤❤❤❤❤❤❤❤❤❤❤❤❤❤❤❤❤❤❤❤❤❤❤❤❤❤❤❤❤❤❤❤❤❤❤❤❤❤❤❤❤❤❤❤❤❤❤❤❤❤❤❤❤❤❤❤❤❤❤❤❤❤❤❤❤❤❤❤❤❤❤❤❤❤❤❤❤❤❤❤❤❤❤❤❤❤❤❤❤❤❤❤❤❤❤❤❤,1,2025-01-14T02:51:05Z,2025-01-14T02:51:05Z
UgzYAIl4lW3aW36BGKV4AaABAg,,False,@falym2569,Love you rebel girls😍🤩⭐️🤍,0,2025-01-14T02:50:54Z,2025-01-14T02:50:54Z
UgwrjlWINIMcBgSx6G54AaABAg,,False,@じゃが-c1z,かわわわわ!!,1,2025-01-14T02:50:44Z,2025-01-14T02:50:44Z
Ugyr-T8IbJRGuEm8WzN4AaABAg,,False,@무무씨-jypt,"너무 좋은거 아니야 ? 😂
아이디어 굳",0,2025-01-14T02:50:26Z,2025-01-14T02:50:26Z
UgxKSejBncgPnkS0t4d4AaABAg,,False,@CarlH831,,0,2025-01-14T02:50:13Z,2025-01-14T02:50:13Z
UgwahKIm3Vhrrf0CXlN4AaABAg,,False,@user-qh9zy9wx4p,😊😊😊,0,2025-01-14T02:48:55Z,2025-01-14T02:48:55Z
UgwyIlJCsZxC1lV3tW94AaABAg,,False,@lamrongpeng533,We are rebels in our heart~~,0,2025-01-14T02:48:06Z,2025-01-14T02:48:06Z
UgydtXlq2rx1YK6Lkb54AaABAg,,False,@김연옥-h3g,너무 기대되 빨리 나와줘❤❤❤❤❤❤,0,2025-01-14T02:47:43Z,2025-01-14T02:47:43Z
Ugzv6NrSBgb6DDta4hV4AaABAg,,False,@demiansinclair7435,aqui no Brasil a gente canta a música toda 🇧🇷,0,2025-01-14T02:46:22Z,2025-01-14T02:46:22Z
UgycAvLh-LlNVo_fdDl4AaABAg,,False,@다아다아,신곡 대박나자❤❤❤,5,2025-01-14T02:46:17Z,2025-01-14T02:46:17Z
UgzZl0UZDQqjSFB5XIh4AaABAg,,False,@화라냥,다 너무 귀엽다❤❤ 이번신곡 약간 이더웨이 느낌나서 더 좋은듯❤️,0,2025-01-14T02:45:54Z,2025-01-14T02:45:54Z
UgysIqn-m0iZbjtjthx4AaABAg,,False,@윤선옥-p6c,신곡 너무 최고!!❤,0,2025-01-14T02:44:56Z,2025-01-14T02:44:56Z
UgywtiORnPw-Blqxw3p4AaABAg,,False,@reinmyheart_taeoxo,we are one!!!,0,2025-01-14T02:44:34Z,2025-01-14T02:44:34Z
UgyxgDWVc9GBWNsnbL14AaABAg,,False,@sanjeevbirbal6227,IVE❤❤,0,2025-01-14T02:44:19Z,2025-01-14T02:44:19Z
UgwPOL0Bq3-82sOl1fd4AaABAg,,False,@윤선옥-p6c,아이브 화팅 사랑해❤,0,2025-01-14T02:43:59Z,2025-01-14T02:43:59Z
UgwpAt9hBZ6jbtsO86R4AaABAg,,False,@S-siru,아이브가 아이브했긴 했는데 겁나 이쁘다,1,2025-01-14T02:43:00Z,2025-01-14T02:43:00Z
UgxeGSBbV5id98NpHcl4AaABAg,,False,@CarolineCondemunoz,Wonyoung ❤❤❤❤❤❤❤❤❤❤❤❤❤❤❤❤❤❤❤❤❤❤❤,1,2025-01-14T02:42:37Z,2025-01-14T02:42:37Z
UgzhI4aLD9p-VD1TCmZ4AaABAg,,False,@오잉인데요,이번 신곡 역대급으로 좋으뮤ㅠㅠ,0,2025-01-14T02:42:33Z,2025-01-14T02:42:33Z
UgxzI51kb3Tae_OHNOR4AaABAg,,False,@lexx0221-q6u,はやく現場でやりたい😭❣️,0,2025-01-14T02:42:29Z,2025-01-14T02:42:29Z
UgwU_HRiKlTReDsvQ6R4AaABAg,,False,@YoungLiz2757,OMG Lizzzzz looks so cute with glasses❤❤❤❤,3,2025-01-14T02:41:59Z,2025-01-14T02:41:59Z
Ugw7l07smeuMfLWhlph4AaABAg,,False,@skjzissi,제발 아이브 타돌처럼 다른아이돌이랑 챌린지좀 해라 제발 배디때도 개미똥만큼 하더만,0,2025-01-14T02:41:40Z,2025-01-14T02:41:40Z
UgzYdv5-ksER224QfyJ4AaABAg,,False,@Unknown-jg4uq,liz in the center of this was distracting,0,2025-01-14T02:41:17Z,2025-01-14T02:41:17Z
UgxcGPinfTyONgrl5Gx4AaABAg,,False,@쌈뽕한_김곤듀,언니들 노래 너무좋아욤!!,0,2025-01-14T02:40:57Z,2025-01-14T02:41:20Z
Ugz8OF1Shd8MjUHF-nJ4AaABAg,,False,@volumeeyu.,Rebels in our heart.❤,0,2025-01-14T02:40:43Z,2025-01-14T02:40:43Z
UgwpA9KE6ux-3rjwvWx4AaABAg,,False,@맂닝프-z7,리즈 안경 쓴 거 너무예쁘다ㅇ❤아이브 신곡 너무 조음ㅁ,45,2025-01-14T02:40:09Z,2025-01-14T02:40:09Z
UgwpA9KE6ux-3rjwvWx4AaABAg.ADG1xT_eLLVAEVsOiy-bbz,UgwpA9KE6ux-3rjwvWx4AaABAg,True,@전영진-v8x,긍까여,0,2025-02-14T02:47:08Z,2025-02-14T02:47:08Z
UgzSnkpYhNrzTwtiKMF4AaABAg,,False,@Elnaz-m9z,Cute ❤❤❤,1,2025-01-14T02:39:13Z,2025-01-14T02:39:13Z
UgxahZdCj2RLw7a3RK94AaABAg,,False,@iveifyology,they love this song so much 😭❤,0,2025-01-14T02:39:13Z,2025-01-14T02:39:13Z
Ugxw9iS8yOa4vgDy5294AaABAg,,False,@행복한-o1t,🥰,0,2025-01-14T02:38:53Z,2025-01-14T02:38:53Z
UgyNivJJzOArP6PAFs94AaABAg,,False,@mariarmysalgado1300,Wony tu visual es demasiado.,4,2025-01-14T02:38:07Z,2025-01-14T02:38:07Z
Ugyklt6T-0ce-dtz7BJ4AaABAg,,False,@DsT-p2n,"I NEVER NEVER NEVER LIKE IVE!!!
제가 장원영으로 3행시 달아볼게요!
장:장독대에 다가
원:원영이 얼굴 쑤쎠 박은 다음
영:영정사진 찍어뿔까",0,2025-01-14T02:37:41Z,2025-01-14T02:40:21Z
Ugzc779J5HudeTNazJd4AaABAg,,False,@널보면하트가튀어나왕,아이브 사랑헤...🫶🏻💚,0,2025-01-14T02:36:22Z,2025-01-14T02:36:22Z
UgwsWsLJI0fEjwtP-dt4AaABAg,,False,@neptune8036,장원영은 신이야!,1,2025-01-14T02:35:26Z,2025-01-14T02:35:26Z
Ugx9KkhCITF1M_-wRHR4AaABAg,,False,@ひまひま-u4d,ガウルに目が行く,1,2025-01-14T02:35:18Z,2025-01-14T02:35:18Z
UgwA-K_SJBW_xDDcbyp4AaABAg,,False,@mvnsasvwvnt_06,Leeseo looks so tiny and cute next to Liz haha. Ik she's gonna hate being called tiny😭💖,0,2025-01-14T02:33:29Z,2025-01-14T02:33:29Z
Ugwu9zLhbMxoasYlJF94AaABAg,,False,@さのまる_R,ライブでパフォーマンスを見るのが楽しみだよ🤍,52,2025-01-14T02:32:23Z,2025-01-14T02:32:23Z
UgwKFYaowbWtrFAQVmd4AaABAg,,False,@Rosie_r_s,"Oh, the members are so cute!! <333",1,2025-01-14T02:31:59Z,2025-01-14T02:31:59Z
UgwVQMmw9N_7y5-Drd54AaABAg,,False,@lisbeth_grwm-uu7zk,나는 그들을 사랑한다 그들은 최고다 ❤❤,0,2025-01-14T02:31:55Z,2025-01-14T02:31:55Z
Ugz5s4yBYuFP1QOxLgp4AaABAg,,False,@RICKY_121,헉 30분전 !!,0,2025-01-14T02:31:33Z,2025-01-14T02:31:33Z
UgwPzAXuoHBFBW3JAlx4AaABAg,,False,@Lizkung_1121,다 이뻐 ㅠㅜ❤,1,2025-01-14T02:30:20Z,2025-01-14T02:30:20Z
UgxjkOihOTfUAmiSvnZ4AaABAg,,False,@솜이임니다,"진짜 이번 신곡 넘 좋다❤❤❤
아이브 이번 컴백 화잇팅!!!!",6,2025-01-14T02:30:14Z,2025-01-14T02:30:14Z
UgxTrXkjveZ5Qo2Z2nx4AaABAg,,False,@diveseojin,응원법이 떴아아아아아아ㅏㅇ❤❤ 오예 빨리 외우갰습니다아ㅏㅇ,0,2025-01-14T02:29:37Z,2025-01-14T02:29:37Z
UgylGQErRQU3fKo48-94AaABAg,,False,@Lee-pb6le,이번 신곡좋다 원영이도 귀엽고,1,2025-01-14T02:29:21Z,2025-01-14T02:29:21Z
UgxoXxMS5n5ZWMGUWlJ4AaABAg,,False,@마부지,아이브 화이팅❤❤❤,0,2025-01-14T02:29:19Z,2025-01-14T02:29:19Z
Ugy1dbrI2gT2CvqMNQp4AaABAg,,False,@nelnhna,원영이🥰아이브잘했어,1,2025-01-14T02:29:11Z,2025-01-14T02:29:11Z
UgwIBhWlvjs2aFZ8nI94AaABAg,,False,@LeeRoo_이루,"신곡노래도 넘 좋더니...!💖
응원법도 좋으면 어카냐구!!!❤",2,2025-01-14T02:28:51Z,2025-01-14T02:28:51Z
UgwsKPQg3oISjZcU9Sd4AaABAg,,False,@rrrjsh6689,Never never never❤️,0,2025-01-14T02:28:49Z,2025-01-14T02:28:49Z
Ugz86d0FQ-n9K7FHTxR4AaABAg,,False,@Today._.jeonsoyeon,"이번 신곡 너무 좋아요~~^^
아이브 아이팅!!!!!!",0,2025-01-14T02:28:25Z,2025-01-14T02:28:25Z
UgzOBky1hOGBKSzk2YR4AaABAg,,False,@Travis.Graffunder,Maybe this is hinting towards a tour? 👀,0,2025-01-14T02:28:19Z,2025-01-14T02:28:19Z
UgyhnoGPTFz89CT_Nit4AaABAg,,False,@JINA-vh5zj,レイ可愛い💗,0,2025-01-14T02:28:18Z,2025-01-14T02:28:18Z
UgwuQ2lC5EhwH9e7HnF4AaABAg,,False,@최루비-j4m,사랑해요 ❤,0,2025-01-14T02:28:13Z,2025-01-14T02:28:13Z
Ugw9kSF6FaspYNkgOz14AaABAg,,False,@정희자-v9p,원영❤❤❤,1,2025-01-14T02:27:58Z,2025-01-14T02:27:58Z
UgwyZvbL2Aqor8YgYkB4AaABAg,,False,@christellevillanueva5954,"Maknae line on top 😊
Unnie line at the bottom",0,2025-01-14T02:27:57Z,2025-01-14T02:27:57Z
UgzcRHsRFNwPK15lRNh4AaABAg,,False,@정희자-v9p,아이브아이팅❤❤❤,0,2025-01-14T02:27:45Z,2025-01-14T02:27:45Z
Ugx7H1nbCCvodw9U2z54AaABAg,,False,@솜솜-s4q,"이번 신곡 너무 좋고 다들 너무 이뻐요! 대박❤
다들 응원봉 너무 귀여워요 ㅎㅎ
아이브 사랑해요🎉",4,2025-01-14T02:27:40Z,2025-01-14T02:28:14Z
UgxaQPgoBxhfZqnxKmR4AaABAg,,False,@it_cu,"이번 신곡 너무 좋고 중독성 쩔음 ,,🫶🏻",0,2025-01-14T02:27:39Z,2025-01-14T02:27:39Z
UgxWmQxXJ1gM0XID34p4AaABAg,,False,@슈빙._.잉데여,원영😻,1,2025-01-14T02:27:36Z,2025-01-14T02:27:36Z
UgwTFyo7K4HakONFPtZ4AaABAg,,False,@정희자-v9p,아이브신곡좋아❤❤❤,0,2025-01-14T02:27:24Z,2025-01-14T02:27:24Z
UgwMeIjVqb6AE2o9i3d4AaABAg,,False,@chill한_설아,신곡 너무 조타ㅠㅠ❤,9,2025-01-14T02:27:22Z,2025-01-14T02:27:22Z
Ugy8OFBcbdhIoUSdLQF4AaABAg,,False,@緑の小娘,LIZ❤❤❤,0,2025-01-14T02:27:07Z,2025-01-14T02:27:07Z
UgyhJjD8ZZX_f-J4PwF4AaABAg,,False,@다이브-리옌-잡덕,와 대박.. 리즈가 센터!! 이조합도 넘 좋다..,4,2025-01-14T02:26:27Z,2025-01-14T02:26:27Z
UgwvzvDa_84FjLrYH9Z4AaABAg,,False,@다이브-g5y,너무 조타❤❤,0,2025-01-14T02:25:51Z,2025-01-14T02:25:51Z
Ugxn0GggY8Xf8CIJWJ54AaABAg,,False,@chaeyoung57896,gaeul ❤❤❤❤❤,1,2025-01-14T02:25:08Z,2025-01-14T02:25:08Z
UgxOv0zRCK87R8HoCSZ4AaABAg,,False,@유유유-e2c,❤❤❤❤❤❤,1,2025-01-14T02:24:15Z,2025-01-14T02:24:15Z
UgycZHC8PIrXAtOSydR4AaABAg,,False,@OlesyaPark,나이 때문에 콘서트 못가지만 이 응원 꼭 외워야 겠다!,0,2025-01-14T02:23:49Z,2025-01-14T02:23:49Z
UgykWkUDBCfdl0E8OKJ4AaABAg,,False,@아이브팬-h2k,신곡 가사랑 노래가 대박인데,0,2025-01-14T02:23:21Z,2025-01-14T02:23:21Z
Ugx8gy9nv6AO94AXmJl4AaABAg,,False,@RidhalDiveBDG96,아이브 당신은 정말 대단해요!!!!!,0,2025-01-14T02:23:10Z,2025-01-14T02:23:10Z
Ugxr45omQ_dUtrfCsFF4AaABAg,,False,@KailvsLeeseoo,"I am Dive and I have the privilege of being able to say that I have been able to go to an IVE concert, and this song makes me want to go to another IVE concert, I hope that IVE returns on his next world tour to chile (my country) again💖",0,2025-01-14T02:22:51Z,2025-01-14T02:23:56Z
Ugwvb4Fjx2Y1yeJPED14AaABAg,,False,@minsooshin345,❤❤❤❤❤❤❤❤,1,2025-01-14T02:22:46Z,2025-01-14T02:22:46Z
Ugz0hvz232yCXjyLWTZ4AaABAg,,False,@somi5655,"STARSHIP STOP BEING A COWARD AND ISSUE AN OFFICIAL APOLOGY TO YUJIN !

context:
Starship official Weibo account reposted deepfake / s*xually edited photo of  An Yujin.
To know how serious this is and to put into perspective 
Imagine your coworker just 'accidentally' share deepfake / s*exually edited photo of yours, that was intended to humiliate you, in a workplace where you have to work everyday, that's just pure evil

The way starship is handing the aftermath of this situation is WORST
1)issued a apology full of excuses saying that they wanted to report but accidentally clicked repost(which is not possible cause you have to double confirm twice in order to repost)

*they did not even mention yujin's name and  said they apologise to those who ""may"" be affected LIKE WTF THE AUDACITY 

2)disabled the comment section of that apology post to protect themselves from people calling them out
(People have been begging starship to disable the comment section on yujin's post cause her antis are ruthless there and defame and make fun of her unsparingly
Yujin has been heavily targeted by antis on Chinese community, yet the company didn't do anything to protect her, for years.

*yujin's fanbase in china have been collecting those defamation post and have been sending them to starship in hopes they will take legal action but they IGNORED*

3)paid money to make their no.1 Trending on weibo about the incident disappear 
(On Weibo it's really easy to manipulate what's trending if you have money you can make anything trend or go away)

The question is why didn't they do this when yujin's antis constantly paid for her defamation post to trend they only do this to protect their own interest and image 

4)delete comments on douyin of fans asking to apologise to yujin

thankyou for reading to the end ! Pls help to spread this and let's hold starship accountable ! They are trying to sweep this under the rug and pretend like nothing happened ! They are also enabling this malicious behaviour by not taking disciplinary action.. ! Copy and paste this on all social media to raise awareness !!",0,2025-01-14T02:22:29Z,2025-01-14T02:22:29Z
UgyDV4CT_VDNGUQm5Ut4AaABAg,,False,@iznattmh,21 mins ago!!,0,2025-01-14T02:22:14Z,2025-01-14T02:22:14Z
UgzQesxshbSsgUR1Qx14AaABAg,,False,@izspidrlilyy,cute girls 💅🏻🎀❤😽,0,2025-01-14T02:21:45Z,2025-01-14T02:21:45Z
UgyzebIyOzQqfFsZRCl4AaABAg,,False,@Young-gum,"진짜 이번 신곡 넘 조타ㅏㅏ❤
내가 응원법 꼭 외운다!!",17,2025-01-14T02:21:43Z,2025-01-14T02:21:43Z
Ugyy5X7hK6HS3v3rO9x4AaABAg,,False,@근우-z8x,이번 신곡도 대박나자❤,38,2025-01-14T02:21:25Z,2025-01-14T02:21:25Z
UgxLecqvkOBFBGorIf54AaABAg,,False,@쏠니브이로그,신곡 넘 좋아❤,0,2025-01-14T02:21:23Z,2025-01-14T02:21:23Z
UgxLCWSlnHfzkqlRENJ4AaABAg,,False,@A.0cxh,1만명만 더 구독하면 아이브 400만명 이다❤️,0,2025-01-14T02:21:06Z,2025-01-14T02:21:06Z
UgxyYB70jCn1zWUVEMp4AaABAg,,False,@lamusa33709,❤,0,2025-01-14T02:21:05Z,2025-01-14T02:21:05Z
UgwDaaK6p_lxmuux0rB4AaABAg,,False,@cazalestudio,"las aibus son demasiado hermosas!!! ya deberían debutar como modelos y actrices, además de idols!",0,2025-01-14T02:20:32Z,2025-01-14T02:20:32Z
UgxKNWpvUzy1AZMt1jJ4AaABAg,,False,@Sam-ee9qt5ki2k,รักนะครับ🎉🎉🎉🎉🎉🎉🎉🎉,1,2025-01-14T02:19:59Z,2025-01-14T02:19:59Z
UgwhMeO4PQlErijdVQR4AaABAg,,False,@RafaelFerreira-u3r,Rei is so cute ❤,0,2025-01-14T02:19:51Z,2025-01-14T02:19:51Z
UgwtifNkbPOxriJeQVp4AaABAg,,False,@Sam-ee9qt5ki2k,รักนะครับ❤❤❤❤❤❤❤,1,2025-01-14T02:19:43Z,2025-01-14T02:19:43Z
UgxUap-eWF0qYdNfoeJ4AaABAg,,False,@gil9814,2nd world tour please!!!,0,2025-01-14T02:19:41Z,2025-01-14T02:19:41Z
Ugw5I9lNKkpi3-Hr1iB4AaABAg,,False,@dylvnxroblxo,OOOH,0,2025-01-14T02:19:34Z,2025-01-14T02:19:34Z
Ugzpkk6_sgbTNtLYhUN4AaABAg,,False,@이브-j3g,리즈 모야 모야..안경 겁나 잘 어울려❤❤,38,2025-01-14T02:19:12Z,2025-01-14T02:19:12Z
UgxK59fwZILILD4PCr14AaABAg,,False,@유람-k4c,와씨 진짜 미쳤다.. 신곡 좋고 예쁘고♡,0,2025-01-14T02:18:54Z,2025-01-14T02:18:54Z
UgwSwVc0frQEfH2c9114AaABAg,,False,@rido.kurniawan_,"웨딩드레스를 보니 너무 반가워요, 음악 공개 MV에♡.. 달콤하고 아름다운, 사랑해요ᴊᴀɴɢᴡᴏɴʏᴏᴜɴɢ💚",27,2025-01-14T02:18:03Z,2025-01-14T02:18:03Z
UgxjkmVqs9V7LfjyLUZ4AaABAg,,False,@지존박스-v3p,음방에서 빨리 만나자. 너무 기대된다. 아이팅!,13,2025-01-14T02:17:40Z,2025-01-14T02:17:40Z
UgwOW_htscDJXOU88fd4AaABAg,,False,@마요_아닌_다요,❤,0,2025-01-14T02:17:38Z,2025-01-14T02:17:38Z
UgzGZWr4iDsH7qHAFER4AaABAg,,False,@fiovalovecheeez,"Las amo mis niñas 
Siempre nos traen arte ❤😊",0,2025-01-14T02:17:17Z,2025-01-14T02:17:17Z
UgyQuDsL_vaws6wbXaB4AaABAg,,False,@최고원영짱,귀여워,1,2025-01-14T02:16:46Z,2025-01-14T02:16:46Z
UgzKSa5MkvTQ1lea1El4AaABAg,,False,@jmy5185,아이브!!아이팅!!😊,0,2025-01-14T02:16:45Z,2025-01-14T02:16:45Z
UgyPWIj2UHmjb8Mtxs94AaABAg,,False,@natermelonyeeet1959,yujin i love you❤,0,2025-01-14T02:16:37Z,2025-01-14T02:16:37Z
Ugxy7H9cfEf1FifcS894AaABAg,,False,@study._.1253,뮤비 리액션도 기대중~!!❤❤,0,2025-01-14T02:16:16Z,2025-01-14T02:16:16Z
UgyE8-pQpY2EC4FxDdF4AaABAg,,False,@YooyeonS5,노래 너무 훅도좋고 멜로디 넘좋음 레이귀엽 ㅋㅋ 다들 열스밍☺,20,2025-01-14T02:16:16Z,2025-01-14T02:16:16Z
UgwGJwxlpOaEl6d3TIV4AaABAg,,False,@이한성-n5g,와 아이브님들 영상 ㄷㄷ ❤❤,1,2025-01-14T02:16:07Z,2025-01-14T02:16:07Z
UgxmXEtneasWzJlkLU14AaABAg,,False,@감-l3f,아이브의 신곡 REBEL HEART 완전 대박.. 뮤비도 완전 최고급에 아이브 멤버들 비주얼도 세계 최고로 예쁜데 응원법도 아름다움 그자체,214,2025-01-14T02:15:46Z,2025-01-14T02:15:46Z
UgxmXEtneasWzJlkLU14AaABAg.ADG-9vhpknzADGD-nGFnfH,UgxmXEtneasWzJlkLU14AaABAg,True,@Second2이초,간단하고 좋은듯,2,2025-01-14T04:16:43Z,2025-01-14T04:16:43Z
UgwgKmOEk2mmunfD8HV4AaABAg,,False,@렝삐-o6h,아이브 그만 귀여워!!!!!!,0,2025-01-14T02:15:26Z,2025-01-14T02:15:26Z
Ugxn6xnmuWl90v0YR7R4AaABAg,,False,@donghyukjeong3278,아이브❤❤,0,2025-01-14T02:14:53Z,2025-01-14T02:14:53Z
UgzyWfInkq_l50A907J4AaABAg,,False,@wa_ang.1,이제 또 외워야겠군!,1,2025-01-14T02:14:45Z,2025-01-14T02:14:45Z
UgxcM8fz8gB4Kf98WPl4AaABAg,,False,@적-기,타팬이지만 이번신곡 레블하트 너무 좋습니다ㅎ,0,2025-01-14T02:14:37Z,2025-01-14T02:14:37Z
UgwQf-aysZGdHPZjuhp4AaABAg,,False,@깅이브,13분전!!!,0,2025-01-14T02:14:12Z,2025-01-14T02:14:12Z
Ugyil5gHRizGR7pJYJd4AaABAg,,False,@Suyeon-s1s,"이번 신곡 컨셉 울 아이브 한테 넘 잘어울림❤️‍🔥❤️‍🔥
다이브??
👇👇👇",4,2025-01-14T02:14:10Z,2025-01-14T02:14:10Z
UgwOLXK3z_nRi4T63114AaABAg,,False,@요리보고_저리보는,진짜 응원할게😆,0,2025-01-14T02:14:10Z,2025-01-14T02:14:10Z
UgyxMztzcp3WMHQfgyB4AaABAg,,False,@gnotclub8992,頑張って覚えてライブも当てていくね！それまで待って下さいive様大好きです❤️,0,2025-01-14T02:14:05Z,2025-01-14T02:14:05Z
UgwiHWOf57MPAHWg6814AaABAg,,False,@WonyounLee,I am getting yells photos cards,1,2025-01-14T02:13:42Z,2025-01-14T02:13:42Z
UgxQhXk1FMzmv-3zS2l4AaABAg,,False,@videowatcher4811,🔥🔥🔥,0,2025-01-14T02:13:33Z,2025-01-14T02:13:33Z
Ugx71qwj1AevUgVAhbx4AaABAg,,False,@도댕댕,이번 신곡은 진짜 보법이 다름..대박 느낌❤❤❤❤,0,2025-01-14T02:13:31Z,2025-01-14T02:13:31Z
UgzdT9qlSdBBFg42sMp4AaABAg,,False,@아이브가돌아왔다,신곡이 너무 좋라요,0,2025-01-14T02:13:26Z,2025-01-14T02:13:26Z
UgzAMSo--Ff3gCW8LO14AaABAg,,False,@WonyounLee,Love you girls🤍🤎,3,2025-01-14T02:13:20Z,2025-01-14T02:13:20Z
UgwAWnDJVLgF2POW6ld4AaABAg,,False,@권순영-r8k,0:12,0,2025-01-14T02:13:04Z,2025-01-14T02:13:04Z
Ugyb8jrIUapL_yzuKM94AaABAg,,False,@영원히사이,신곡 노래 짱좋드라ㅠㅠㅠ 노래방 가서 부르면 짱이겠어...♥️♥️,0,2025-01-14T02:13:02Z,2025-01-14T02:13:02Z
Ugza5dFAZ64IaW8yCmh4AaABAg,,False,@권순영-r8k,❤❤❤,0,2025-01-14T02:12:57Z,2025-01-14T02:12:57Z
UgyRNprIyI090B5urut4AaABAg,,False,@kimTVGBB,Aquí la pregunta volverán a México  😢,0,2025-01-14T02:12:52Z,2025-01-14T02:12:52Z
UgyS5eZYqsseyUL77QZ4AaABAg,,False,@Reyomi1,🎉🎉🎉,0,2025-01-14T02:12:36Z,2025-01-14T02:12:36Z
UgzFG0UacbJ-t1G5r8B4AaABAg,,False,@뿌엥인뎅용,아이브 넘 예뿌고 신곡 넘 조아ㅏ❤,1,2025-01-14T02:12:28Z,2025-01-14T02:12:28Z
UgxnLl6sVs87r2-j3mF4AaABAg,,False,@김냥유,신곡 넘 좋앙❤❤,35,2025-01-14T02:12:21Z,2025-01-14T02:12:21Z
Ugw8lsibPwDW8vzekoN4AaABAg,,False,@chae_ah72,신곡 너무 좋은데 영상 한번보고 응원법 외워버렸다ㅎ,0,2025-01-14T02:12:10Z,2025-01-14T02:12:10Z
UgyMpmNsTTcLZfPmaYp4AaABAg,,False,@oooooo-h8q,❤❤❤❤❤❤❤❤,0,2025-01-14T02:12:07Z,2025-01-14T02:12:07Z
UgwfQY1XXoErVpEMyyh4AaABAg,,False,@hanofficiallz,3.99M subscribers! 4M soon!,1,2025-01-14T02:11:42Z,2025-01-14T02:11:42Z
UgxpF8tybjIELAMzwMd4AaABAg,,False,@Ssss000qee,❤,0,2025-01-14T02:11:22Z,2025-01-14T02:11:22Z
Ugw3eHZyOUE9lE6UgOd4AaABAg,,False,@lvlysswonny1,The FACT is that IVE never disappoint!!!,0,2025-01-14T02:11:16Z,2025-01-14T02:11:16Z
UgzjYTl0JyvRuWknZiJ4AaABAg,,False,@우동사리리,와ㅏ❤❤❤❤❤응원법 넘 조아여❤❤❤❤,1,2025-01-14T02:11:16Z,2025-01-14T02:11:16Z
UgwZHr1kJvCK4ocQP314AaABAg,,False,@LauraKaryna-m8i,Brasil🇧🇷🇧🇷,0,2025-01-14T02:11:15Z,2025-01-14T02:11:15Z
UgxjXVqNqUbNe_NId6d4AaABAg,,False,@방방방-w2y,진짜루 아이브 신곡 이번에 진짜 좋아요.. 가사로 위로도 많이 받았어요.. 타인이 보는 시선에 좌우되거나 좌절하지 않고 스스로 자유를 찾고 아름답게 살아가자는 그런 메세지인 것 같아요 ㅎㅎ 아이브 언제나 화이팅 사랑해요,139,2025-01-14T02:11:11Z,2025-01-14T02:11:40Z
UgyytYSLAAxlVfa9rap4AaABAg,,False,@dalknb4268,"IVE is the most adorable and versatile Girl Group currently, never misses a beat. Yujin ❤",30,2025-01-14T02:11:02Z,2025-01-14T02:11:02Z
Ugx7aokaBzEbQh-fU4J4AaABAg,,False,@anyujinz,They all look so pretty. I love rebel heart so much <333,1,2025-01-14T02:11:00Z,2025-01-14T02:11:00Z
UgzJb2F_Qbtj_GEsbwN4AaABAg,,False,@wngod2030,신곡 느무 좋아❤ 계속 귀에 맴돌아❤,26,2025-01-14T02:10:57Z,2025-01-14T02:10:57Z
Ugx1OAurBKcSwiDsUQR4AaABAg,,False,@박지영-n5u6j,❤아이브 신곡 넘 좋아여❤🎉,0,2025-01-14T02:10:29Z,2025-01-14T02:10:29Z
Ugy-stJEWOugoslm3th4AaABAg,,False,@프냥곤듀,아이브 신곡 지쨔 너무 조아❤,22,2025-01-14T02:10:26Z,2025-01-14T02:10:26Z
UgzwOsMqMvuQItlFuTZ4AaABAg,,False,@user-LeeseoNin,0:15 イソかわいすぎる,0,2025-01-14T02:10:19Z,2025-01-14T02:10:19Z
UgyBCWzSzGQ7XwjBG_l4AaABAg,,False,@토녕이따라와,"가을이 계속 웃고있는거 넘 예뿌,,❤",1,2025-01-14T02:10:16Z,2025-01-14T02:10:16Z
UgwTTX6KPdL1q_1dD7x4AaABAg,,False,@박진석-j4m,"유진언니 너모 섹시행,가을언닝  다람쥐❤,레이언니 포인트가 있오,원녕 언니 눈빛넘 예뽀,리즈언닝 넘 귀여워,이선언닝큐티행.이번 신곡 넘 좋아여",2,2025-01-14T02:10:03Z,2025-01-14T02:10:03Z
UgzNrkL2zJlh84o3I694AaABAg,,False,@멜로-l9m,이번 신곡 대박..❤,1,2025-01-14T02:09:59Z,2025-01-14T02:09:59Z
UgzUh7riEXkOznZ3_Ih4AaABAg,,False,@kim-0805,❤❤,1,2025-01-14T02:09:57Z,2025-01-14T02:09:57Z
Ugw1kUwO1UAs9ZUDrSp4AaABAg,,False,@Vivian-o9b,안경 애 리즈 가  너무 좋다,0,2025-01-14T02:09:53Z,2025-01-14T02:09:53Z
UgyYfiVsntlADTLjx294AaABAg,,False,@루카인데영,신곡 짱,0,2025-01-14T02:09:42Z,2025-01-14T02:09:42Z
UgyGEj7YyDOZSukmznF4AaABAg,,False,@jeraa_xoxo95,❤️❤️❤️❤️,0,2025-01-14T02:09:38Z,2025-01-14T02:09:38Z
Ugz4Fvc0om5-OWzATOt4AaABAg,,False,@kimTVGBB,Lo has hecho muy bien IVE  las amó,0,2025-01-14T02:09:32Z,2025-01-14T02:09:32Z
UgxLGDXz90_OthB-U-p4AaABAg,,False,@Allen-eq6zw,ive 大發 ! !,0,2025-01-14T02:09:28Z,2025-01-14T02:09:28Z
Ugz9AUmBIy1lFYXP0rF4AaABAg,,False,@원도어입니다,아이브 영원 하라ㅏ,0,2025-01-14T02:09:25Z,2025-01-14T02:09:25Z
Ugy9qVeJ3aG1p6JlV9l4AaABAg,,False,@sujheyhoyosmachado1895,como pueden hacer que las canciones sean tan rítmicas y bellas,1,2025-01-14T02:09:19Z,2025-01-14T02:09:19Z
Ugzb2rUY5gmVNGFUEXR4AaABAg,,False,@vs_1714,Cheering IVE ❤❤❤❤❤❤✨☺️,0,2025-01-14T02:09:18Z,2025-01-14T02:09:18Z
UgyvfUzxKkij7db-bCR4AaABAg,,False,@전다민-y4v,콘서트에는못가지만 사랑해🩷🩷🩷🩷🩷🩷,0,2025-01-14T02:09:15Z,2025-01-14T02:09:15Z
UgzEchQ3xe3Ej9sdeYl4AaABAg,,False,@afronmalika7627,I'm really into IVE's new music arrangement. It gives me the same vibes as 'I Am' and 'Crush'. Their songs always make me feel so happy and energetic 🥰😍😍😍😍😍,302,2025-01-14T02:09:14Z,2025-01-14T02:09:14Z
UgzEchQ3xe3Ej9sdeYl4AaABAg.ADFzQ-5129UADG0Qem-92R,UgzEchQ3xe3Ej9sdeYl4AaABAg,True,@FUTURE_K-POP,"THATS WHAT I SAID AND THOUGHT TOO. As a dedicated DIVE, others have saif it gives Either Way or Off The Record, but to me this song is CRUSH and I AM's child",20,2025-01-14T02:26:48Z,2025-01-14T02:26:48Z
UgzEchQ3xe3Ej9sdeYl4AaABAg.ADFzQ-5129UADG4-ar5CkT,UgzEchQ3xe3Ej9sdeYl4AaABAg,True,@yalfariniamelia900,Kan aku juga mikirnya ini I AM sama CRUSH,5,2025-01-14T02:58:03Z,2025-01-14T02:58:03Z
UgzEchQ3xe3Ej9sdeYl4AaABAg.ADFzQ-5129UADG5OitcXj9,UgzEchQ3xe3Ej9sdeYl4AaABAg,True,@Nurul-lb5ml,❤,1,2025-01-14T03:10:13Z,2025-01-14T03:10:13Z
UgzEchQ3xe3Ej9sdeYl4AaABAg.ADFzQ-5129UADGTJxk9AdE,UgzEchQ3xe3Ej9sdeYl4AaABAg,True,@dunghoang2167,@FUTURE_K-POPit’s off the record and either way’s child when it comes to the MV style,6,2025-01-14T06:39:17Z,2025-01-14T06:39:17Z
UgzEchQ3xe3Ej9sdeYl4AaABAg.ADFzQ-5129UADH3o6eWCUb,UgzEchQ3xe3Ej9sdeYl4AaABAg,True,@FUTURE_K-POP,@@dunghoang2167 wait…yes you’re so right,3,2025-01-14T12:15:35Z,2025-01-14T12:15:35Z
Ugwgn6Ugrh6SnWhQzfF4AaABAg,,False,@정연재-w9d,안무영상 올려주세요 레블하트 안무영상 보고십다요😊😊😊,0,2025-01-14T02:09:12Z,2025-01-14T02:09:12Z
UgxrccEq2_RNxE8Fksl4AaABAg,,False,@aary_xyz,I love it!! Amazing song IVE! keep it up,0,2025-01-14T02:08:57Z,2025-01-14T02:08:57Z
Ugyg0cE-taqCNMG7kG94AaABAg,,False,@모찌-f3q1b,빨리왔다! 응원법이 나왔다는 것은 곧 콘서트?!,0,2025-01-14T02:08:57Z,2025-01-14T02:08:57Z
UgzdKKsuQigUm3YJ8xp4AaABAg,,False,@kimTVGBB,TE AMÓ WONYOUNG,1,2025-01-14T02:08:45Z,2025-01-14T02:08:45Z
UgwklrtamHQxj83X0z14AaABAg,,False,@epicaher,i love how this song sounds so much,0,2025-01-14T02:08:42Z,2025-01-14T02:08:42Z
UgyJbQwFaq16M2KxVH94AaABAg,,False,@user-ji1jy1mv8s,1등 해주자❤❤,0,2025-01-14T02:08:25Z,2025-01-14T02:08:25Z
Ugw3TcCoCSbxDc3RozF4AaABAg,,False,@따람이-x1b,ദ്ദി아이브 이번 활동 열심히 하자.ᐟ.ᐟ,1,2025-01-14T02:08:19Z,2025-01-14T02:08:19Z
UgwHIa0Fg7b-niRJadt4AaABAg,,False,@epicaher,choreo spoilers?🤣,0,2025-01-14T02:08:16Z,2025-01-14T02:08:16Z
Ugz5fpypS5DAqZMDx9t4AaABAg,,False,@kimjjangnyoung,네 언니들 공방에서 봬요,0,2025-01-14T02:08:10Z,2025-01-14T02:08:10Z
UgwqJmsEKorBeM4HlkB4AaABAg,,False,@LUCA_ෆ,아이브 신곡 대박 !!><,1,2025-01-14T02:08:10Z,2025-01-14T02:08:10Z
Ugyv8VDh8eibi3PBkaV4AaABAg,,False,@kimTVGBB,Wonyoung te amó,1,2025-01-14T02:08:10Z,2025-01-14T02:08:10Z
UgwfuvjONdi32YnMLuh4AaABAg,,False,@Rlumau,Well done❤️❤️❤️,0,2025-01-14T02:08:09Z,2025-01-14T02:08:09Z
UgzblWBT1Xm7HW3itex4AaABAg,,False,@akfaakfa21,LOPE IVE SAKEBOONNN😍🥰💓💗💖,0,2025-01-14T02:08:03Z,2025-01-14T02:08:03Z
Ugxyh0VwZwVKnIoYhc14AaABAg,,False,@노랑-k6b,"우와 응원법 맘에 들어요!
일단 응원봉 먼저 사고....",0,2025-01-14T02:07:52Z,2025-01-14T02:07:52Z
UgymzOInYtWhV_UoGqh4AaABAg,,False,@호롤로-m9z,노래진짜좋아 ㅠㅠㅠㅠㅠ,0,2025-01-14T02:07:51Z,2025-01-14T02:07:51Z
Ugzm63mgJtylFNMJ6bh4AaABAg,,False,@seoungeun145,역시 아이브입니다~~!!**,1,2025-01-14T02:07:51Z,2025-01-14T02:07:51Z
UgyypIT6ofcuLrQtI894AaABAg,,False,@user-chex.yoouie,아이브 홧팅,0,2025-01-14T02:07:44Z,2025-01-14T02:07:44Z
UgxX8D8o3nzRUVmpzoh4AaABAg,,False,@kein2607,,1,2025-01-14T02:07:40Z,2025-01-14T02:07:40Z
UgwjurPbdBa6716IR_l4AaABAg,,False,@SBLee-m9f,신곡 넘 중독돼고 좋아엽❤,1,2025-01-14T02:07:38Z,2025-01-14T02:07:38Z
Ugyk3x9wI1GDpuwhK9t4AaABAg,,False,@gibbro-j7f,This song was written for fan cheering,0,2025-01-14T02:07:33Z,2025-01-14T02:07:33Z
UgyYdWDu7KiKPq1kfpd4AaABAg,,False,@조용한원일이,굿굿❤,1,2025-01-14T02:07:19Z,2025-01-14T02:07:19Z
UgwK_TZMfDmHI9_J_8l4AaABAg,,False,@sosio-k8f,絶対覚えてライブ会場で叫ぶぞ！,0,2025-01-14T02:07:12Z,2025-01-14T02:07:12Z
UgwE7gCKIgqHYOd1xPl4AaABAg,,False,@MlNlVE강안지,아이브 누나들 아이팅❤,17,2025-01-14T02:07:07Z,2025-01-14T02:07:07Z
Ugzh8q3mR8Ajw0yVv3B4AaABAg,,False,@슈n리-c6v,와 ㄹㅈㄷ 신곡 ㅁㅊ 5분전? 더 ㅁㅊ ㅋㅋㅋㅋㅋ,0,2025-01-14T02:06:55Z,2025-01-14T02:06:55Z
UgztXSf-o6533YFxx-R4AaABAg,,False,@ちゃん-o9d,Love me！,1,2025-01-14T02:06:50Z,2025-01-14T02:06:50Z
UgyxHbppCOxsr3bERFl4AaABAg,,False,@user-cc1yg8pw2o,한때 대상받았던 그룹이 왜이렇게됬냐고!!! 이제 정병들도 안타까운지 까지도않는다...,0,2025-01-14T02:06:49Z,2025-01-14T02:06:49Z
Ugxkl-7NW49P9RJGal14AaABAg,,False,@힛콩핑,신곡 넘 조아욧❤,0,2025-01-14T02:06:48Z,2025-01-14T02:06:48Z
UgyfS_kT8iPHrgC3Ee94AaABAg,,False,@Spcring,아이브 신곡 너무 좋아요❤ 아이브 모두다 너무 예쁘고 귀엽네요❤ 아이브 사랑해❤ 이번 활동도 화이팅!!,0,2025-01-14T02:06:48Z,2025-01-14T02:06:48Z
Ugzy2c-JEyhdxNVgqAx4AaABAg,,False,@잇유링_0511,우와.. 이번 곡도 넘 이뻐요오,0,2025-01-14T02:06:43Z,2025-01-14T02:06:43Z
UgyBvkXjflaoiavr4wp4AaABAg,,False,@epicaher,group of 6 angels 👼🏻,0,2025-01-14T02:06:41Z,2025-01-14T02:06:41Z
UgygkZagpfkEBJoMH1F4AaABAg,,False,@Re_myo15,왕 일찍왔댜❤❤ 우리 아이브 신곡 넘 좋아요❤🎉🎉,0,2025-01-14T02:06:34Z,2025-01-14T02:06:34Z
Ugy7Xmujmi80mlIRk4d4AaABAg,,False,@woo4740,빨리 무대보고싶다ㅠㅜ,0,2025-01-14T02:06:18Z,2025-01-14T02:06:18Z
UgxapkK7naUuk1z_3ZJ4AaABAg,,False,@jjomangs,아이브 신곡 넘 좋아❤❤,1,2025-01-14T02:06:16Z,2025-01-14T02:06:16Z
UgyriF1sVhgD6GOdLgp4AaABAg,,False,@crystalsongvideos,Ahahahahhahahahahh!!!!!!!!!!!! I'm so happppyppypypyp. I really love the new song. I love you guys IVE!!!!,0,2025-01-14T02:06:15Z,2025-01-14T02:06:15Z
UgzJ_bKFWjJU1Vx5aOF4AaABAg,,False,@QuinlinNWJNS_IVE,IVE ❤‍🔥,1,2025-01-14T02:06:02Z,2025-01-14T02:06:02Z
UgyBI88F4JsykHR__794AaABAg,,False,@juh2589,IVE EU TE AMOOOOOOO,0,2025-01-14T02:05:59Z,2025-01-14T02:05:59Z
Ugx3ldEcb9xamYHOegd4AaABAg,,False,@epicaher,ive the best gg ever,0,2025-01-14T02:05:59Z,2025-01-14T02:05:59Z
UgzjWdqDCYrNwliUkTh4AaABAg,,False,@FASHION_MAEBZ,응원할 수 있는 마법의 가이드를 제공해 주셔서 감사합니다!,0,2025-01-14T02:05:57Z,2025-01-14T23:35:54Z
UgzB8bpNZMgeg_ayZDV4AaABAg,,False,@熊野古道中辺路,ライブ行きたくなってきた❤,0,2025-01-14T02:05:57Z,2025-01-14T02:05:57Z
UgwlTi-2f_naNm1JkjR4AaABAg,,False,@Sunshine-dw7bu,아이브 화이팅하고 넘 예쁘잖아+!!,2,2025-01-14T02:05:48Z,2025-01-14T02:05:48Z
UgwFa31LL7_Q_Chlfw14AaABAg,,False,@Aracelicabrera124,Omgg ❤😍😍,0,2025-01-14T02:05:47Z,2025-01-14T02:05:47Z
Ugzi9Lcr4S5e4pL8Nqh4AaABAg,,False,@히애_h.eloveU,노래 사랑해 진짜로 넘 조아,1,2025-01-14T02:05:42Z,2025-01-14T02:05:42Z
UgxoQZiWCirw6uITZkp4AaABAg,,False,@epicaher,leeseo and liz friendship is so cuteee 🥹🥹,193,2025-01-14T02:05:36Z,2025-01-14T02:05:36Z
UgxoQZiWCirw6uITZkp4AaABAg.ADFz-OLGRGwADFzzUTkzW9,UgxoQZiWCirw6uITZkp4AaABAg,True,@cloudshafa,fr 🥹,5,2025-01-14T02:14:12Z,2025-01-14T02:14:12Z
UgxoQZiWCirw6uITZkp4AaABAg.ADFz-OLGRGwADG39H2b9bL,UgxoQZiWCirw6uITZkp4AaABAg,True,@haybail027,"Yess, I love them so much 🥹",3,2025-01-14T02:50:38Z,2025-01-14T02:50:38Z
Ugxd1VziaKQDgHgb7eZ4AaABAg,,False,@sweetsugarpudding12068,ALL THE CHOREO SPOILERS I CAN’T WAITTTTTT,0,2025-01-14T02:05:35Z,2025-01-14T02:05:35Z
Ugyc3eSHIQDyLa_oyiV4AaABAg,,False,@KimJihun-d1b,아이브이보고싶어여^^_넘사랑해여♡그리구고마워용~넘아이브조아요!ㅇㅋ요?😍넷!저오늘친규놀어와써여ㅋㅋ...과자헴버거아이수크림먹어서염🍥,0,2025-01-14T02:05:09Z,2025-01-14T02:05:09Z
Ugwk2snII128uGa59DJ4AaABAg,,False,@노래소통로블-유댕,웅니 사랑해 ♡,0,2025-01-14T02:05:04Z,2025-01-14T02:05:04Z
UgzgQRR84A8kb7Fovwt4AaABAg,,False,@fforeveraa,2:10 cherry's ear 😂😂😂,1,2025-01-14T02:05:04Z,2025-01-14T02:05:04Z
UgzgQRR84A8kb7Fovwt4AaABAg.ADFywUenVg6ADFz7ba1V6M,UgzgQRR84A8kb7Fovwt4AaABAg,True,@youxiaomu,😂😂😂,0,2025-01-14T02:06:43Z,2025-01-14T02:06:43Z
UgxOLthWapns-sCfMch4AaABAg,,False,@sweetsugarpudding12068,"love them, hate them… 
DIVE will always love IVE! ❤",0,2025-01-14T02:04:59Z,2025-01-14T02:04:59Z
UgwbjLuaLQVwcmhKFFt4AaABAg,,False,@마이가되버린콘요,4분 전!!,0,2025-01-14T02:04:57Z,2025-01-14T02:04:57Z
UgxdoyHziBNl3HIoq2x4AaABAg,,False,@Lizzydoesgaming13,"This song sound different than all of their other songs, and I am all here for it",0,2025-01-14T02:04:56Z,2025-01-14T02:04:56Z
UgzDllLoLuiSsirSqPF4AaABAg,,False,@royal__camera,❤❤❤❤❤❤❤,0,2025-01-14T02:04:55Z,2025-01-14T02:04:55Z
UgzuUTDoBMggwoPZHoF4AaABAg,,False,@jnp__31,드디어 아이브의 시대가 찾아왓다❤,2,2025-01-14T02:04:52Z,2025-01-14T02:04:52Z
Ugx8udwBQxXQ5qSY6D54AaABAg,,False,@jangkkuloviezx,EARLYY,0,2025-01-14T02:04:52Z,2025-01-14T02:04:52Z
UgxmjFx0N0JfzMm8_nt4AaABAg,,False,@레이를조아하는라라,❤❤,0,2025-01-14T02:04:48Z,2025-01-14T02:04:48Z
UgydxolHhCuNZbSSRL14AaABAg,,False,@diazjd93,Beautiful song ❤❤❤❤❤❤ I LOVE YOU IVE,0,2025-01-14T02:04:44Z,2025-01-14T02:04:44Z
Ugz_pG_6DyDIMvoKiHZ4AaABAg,,False,@しっかり-r8q,レイちゃん今日も頑張れ〜愛してるよおーーー,0,2025-01-14T02:04:35Z,2025-01-14T02:04:35Z
UgyImXy08X4pNvfZwGV4AaABAg,,False,@user-sun8wf6qzs,아이브 너무 예쁘당❤❤❤사룽햄❤,1,2025-01-14T02:04:34Z,2025-01-14T02:04:34Z
UgzE-OCJFGTpsQ5DzKZ4AaABAg,,False,@jangwonyounglove-72,신곡 진짜 최고다...,0,2025-01-14T02:04:31Z,2025-01-14T02:04:31Z
UgzE-OCJFGTpsQ5DzKZ4AaABAg.ADFysYvmzq7ADG0dwSzxhc,UgzE-OCJFGTpsQ5DzKZ4AaABAg,True,@워녕이사랑하는녕링,이번컴백도화이팅 공주님들!!!장원영 사랑해,0,2025-01-14T02:28:45Z,2025-01-14T02:28:45Z
UgyNznnHGtf7uGoVg7N4AaABAg,,False,@뽀아짱,헉,0,2025-01-14T02:04:29Z,2025-01-14T02:04:29Z
UgzzBh-KjSUxE19f5Ip4AaABAg,,False,@2025onyou,헐랭,0,2025-01-14T02:04:28Z,2025-01-14T02:04:28Z
UgytL2H8xWRyHzC02_R4AaABAg,,False,@그나마다행,아이브 신곡 넘 좋아요❤❤,2,2025-01-14T02:04:27Z,2025-01-14T02:04:27Z
UgygJba0XNF68AHhHtV4AaABAg,,False,@midnight_fictionnn,3 MINS AGOO,0,2025-01-14T02:04:24Z,2025-01-14T02:04:24Z
Ugxwin1YGI0m6QshbMh4AaABAg,,False,@루에_잇프,신곡 진짜 너무 좋아요❤😊,0,2025-01-14T02:04:21Z,2025-01-14T02:04:21Z
UgwX1OHdBuB1E7UhcUN4AaABAg,,False,@IVEfighting,"이거 꼭 외우고 콘서트 간다...💫
아이브 사랑해..♥️♥️",85,2025-01-14T02:04:20Z,2025-01-14T02:04:20Z
UgwX1OHdBuB1E7UhcUN4AaABAg.ADFyr84DHiLADJmmkb1-48,UgwX1OHdBuB1E7UhcUN4AaABAg,True,@루키곤듀,콘서트 해요???,1,2025-01-15T13:35:50Z,2025-01-15T13:35:50Z
UgwX1OHdBuB1E7UhcUN4AaABAg.ADFyr84DHiLADLCE1RwTxd,UgwX1OHdBuB1E7UhcUN4AaABAg,True,@루케핑,콘서트를 하니까 응원법이 올라온거겠죠..?,0,2025-01-16T02:46:08Z,2025-01-16T02:46:08Z
UgwX1OHdBuB1E7UhcUN4AaABAg.ADFyr84DHiLADkUCRfom-S,UgwX1OHdBuB1E7UhcUN4AaABAg,True,@2.ne_0,​@@루케핑 콘서트 때문에 올라온게 아니라 원래 공방 때문에 뜨는거에요,0,2025-01-26T07:43:27Z,2025-01-26T07:43:27Z
UgwX1OHdBuB1E7UhcUN4AaABAg.ADFyr84DHiLAES0UWtgKAu,UgwX1OHdBuB1E7UhcUN4AaABAg,True,@o.o-m8z,콘서트도 합니다아ㅏ!!!,0,2025-02-12T14:49:36Z,2025-02-12T14:49:36Z
UgwX1OHdBuB1E7UhcUN4AaABAg.ADFyr84DHiLAETXLAxiJPO,UgwX1OHdBuB1E7UhcUN4AaABAg,True,@2.ne_0,@ 이때 콘서트 뜨기 전이엇어용,0,2025-02-13T04:55:55Z,2025-02-13T04:55:55Z
UgyhD0Jn1Hf_d_v7CqV4AaABAg,,False,@믽-11,우와 신곡 너무 좋아요❤응원할께에😊,1,2025-01-14T02:04:14Z,2025-01-14T02:38:53Z
UgzIAd10eBdEI9r6jXx4AaABAg,,False,@arangboawony_youtube,아이브 신곡 너무 좋다 ㅠㅠㅠㅠ 이번 활동 아이팅!!❤,2,2025-01-14T02:04:11Z,2025-01-14T02:04:11Z
Ugw6SEVw1zReWmoBZD94AaABAg,,False,@잇뽀,아이브 사랑합니다🥹🩷 이번 활동도 아이팅◜◡◝,9,2025-01-14T02:04:02Z,2025-01-14T02:04:02Z
UgyePFkM27u0J04dIVx4AaABAg,,False,@나콩이얌,"아… 콘서트 가고 싶당 ㅜㅜㅜ 
진짜 재밌어. 거 같은 데 아이브언니들 내가 언젠가 갈게! ㅜㅜ",1,2025-01-14T02:03:58Z,2025-01-14T02:03:58Z
UgztXFLICBnqZDD6_MF4AaABAg,,False,@sweetpuff1436,IVE!!! I LOVE YOUUUUUU❤❤❤❤❤❤,0,2025-01-14T02:03:57Z,2025-01-14T02:03:57Z
UgzJIuHOlEUJAwI-9Wd4AaABAg,,False,@내동심을깨지마,음..다시 다이브할까?,0,2025-01-14T02:03:53Z,2025-01-14T02:03:53Z
Ugz93Aq0H1NTvR2eBuJ4AaABAg,,False,@Diveoncenswer696,SOTY,0,2025-01-14T02:03:47Z,2025-01-14T02:03:47Z
Ugx0jJrVb90xz8ruMYl4AaABAg,,False,@다이브.민냥-h9u3n,"아이브❤다이브 forever!!!
아이브 항상 건강하고 영상 올려줘서 고마워
응원법 꼭 외울게❤
24년에 있던 엥콜콘때 다 못 외우고 가서 미안했어 아이브😢
2025년에도 파이팅!!!",1,2025-01-14T02:03:43Z,2025-01-14T02:03:43Z
Ugx2jj_BCfXkBfdgrZd4AaABAg,,False,@阿翔-y8q,哇！新歌好聽,0,2025-01-14T02:03:42Z,2025-01-14T02:03:42Z
UgxHM-RU0MZJgnP7CqZ4AaABAg,,False,@우주-r14,도데체 신은 이아이들을 어케 만드신거야?😊😊😊😊😊😊😊😊아이브사랑해🥰🥰🥰,0,2025-01-14T02:03:42Z,2025-01-14T02:03:42Z
UgxyGV7c63G2bxjNWWx4AaABAg,,False,@EugeneMichaelGraham,Yess,0,2025-01-14T02:03:40Z,2025-01-14T02:03:40Z
UgxlBGfWmzKHys0EobF4AaABAg,,False,@TornadoBlue,"모션은 계속 반복해서 따라 하다보니..
동작도 되고.. 중간 레버핫 등 애드립도
맞추기에 문제 없습니다.
근데.. 응원봉은 어디서 파는지..
시중 팬시점에서 파는지 알아보고 있네요. 신곡 감사해요.🎉",1,2025-01-14T02:03:30Z,2025-01-14T02:03:30Z
UgwrWrSfSKYrRDbgk1p4AaABAg,,False,@전예진-e8s,아이브 진짜 외모가 열일한당♡♡❤,0,2025-01-14T02:03:28Z,2025-01-14T02:03:28Z
UgzP1pHxhEQsPYjRycJ4AaABAg,,False,@CardoDalsey,liz in black is glowing,31,2025-01-14T02:03:25Z,2025-01-14T02:03:25Z
UgwEuB_Fz7koT9CQn4p4AaABAg,,False,@chaewonlog,"왕 1분 전이네요!! 이번 신곡이 음원 사이트 모두 1등 가즈아!!
나중에 콘서트 가서 누구보다 크게 응원할게❤❤
아이브 사랑해❤❤",1,2025-01-14T02:03:22Z,2025-01-14T02:23:50Z
UgxysO3MBTNEhnsL7Hl4AaABAg,,False,@INEW_213,아이브 신곡부터 응원법까지 쪈당..❤,24,2025-01-14T02:03:20Z,2025-01-14T02:03:20Z
UgygRpXACAxiHOIwB_l4AaABAg,,False,@토리도-l3l,저 영어단어대신 아이브 응원법 외울거에요🥰,1,2025-01-14T02:03:20Z,2025-01-14T02:03:20Z
UgyGxbgHVXrpKgeX_5N4AaABAg,,False,@nishimurr.0,LOVE YOU IVEEEE,0,2025-01-14T02:03:15Z,2025-01-14T02:03:15Z
UgxU0nJg8GY7zC8RyjV4AaABAg,,False,@Mingyuswife-n7p,I can't wait for their promotion on the bank music later😍,55,2025-01-14T02:03:15Z,2025-01-14T02:03:15Z
UgxU0nJg8GY7zC8RyjV4AaABAg.ADFyjAtWh62ADFzN7I-TDB,UgxU0nJg8GY7zC8RyjV4AaABAg,True,@youxiaomu,OMG I NEED TO KNOW WHEN,2,2025-01-14T02:08:50Z,2025-01-14T02:08:50Z
UgxU0nJg8GY7zC8RyjV4AaABAg.ADFyjAtWh62ADGYiiVy24z,UgxU0nJg8GY7zC8RyjV4AaABAg,True,@PurnamaHandi,M countdown then music bank,7,2025-01-14T07:26:30Z,2025-01-14T07:26:30Z
Ugw7cLyHgjfOAuKlZR14AaABAg,,False,@CardoDalsey,ive saranghae,1,2025-01-14T02:03:08Z,2025-01-14T02:03:08Z
UgyirPeHmgfWGqmfmEN4AaABAg,,False,@someone5050,Like this comment if you are also learning the Cheering Guide!,1,2025-01-14T02:03:05Z,2025-01-14T02:03:05Z
Ugx-txzgB4C5gly0jUF4AaABAg,,False,@유녕인데여,2분 전!!,1,2025-01-14T02:03:04Z,2025-01-14T02:03:04Z
Ugz5FtHOeoQBOJiNrL54AaABAg,,False,@윷만바라봐아,신곡 대박나자 ?!!!!!!!!!!,0,2025-01-14T02:03:03Z,2025-01-14T02:03:03Z
UgwG5r3oa_uwNyg3zzV4AaABAg,,False,@princehyungelic,EARLYYYYY,0,2025-01-14T02:03:03Z,2025-01-14T02:03:03Z
Ugx3Zh0sygrAxWjVFQt4AaABAg,,False,@S5_Wajib_Retribution,❤❤❤❤❤,0,2025-01-14T02:02:57Z,2025-01-14T02:02:57Z
UgyQFXSim0VhcB5f7mF4AaABAg,,False,@fforeveraa,Leeseo ijboling 😂,0,2025-01-14T02:02:55Z,2025-01-14T02:02:55Z
UgxT9YfmrnIx3rKHxQp4AaABAg,,False,@asian7398,IVE REI GA DAISUKI ❤,0,2025-01-14T02:02:53Z,2025-01-14T02:02:53Z
UgwoWvQtP_Rq6mnUz_14AaABAg,,False,@키와-t3h,2븐전이에여!,0,2025-01-14T02:02:48Z,2025-01-14T02:02:48Z
Ugz1WudqAqViqYWqBvB4AaABAg,,False,@한상록-h2f,신곡 너무 좋다 ❤️🧡💛💚💙💜,0,2025-01-14T02:02:48Z,2025-01-14T02:02:48Z
UgxHNNIWLmv_h3RaRGp4AaABAg,,False,@루키인데,진짜 이번에는 꼭 무대 갈거야!,0,2025-01-14T02:02:47Z,2025-01-14T02:02:57Z
Ugx4U1lBJLe_6Ux4ngl4AaABAg,,False,@김지숙-w5o,아이브 400만 가자ㅏ,2,2025-01-14T02:02:46Z,2025-01-14T02:02:46Z
UgwNyJK6sXfy44B1_-54AaABAg,,False,@유이진심녀유리,진짜 너무 신곡 좋당!! 응원법 너무 귀여워,0,2025-01-14T02:02:45Z,2025-01-14T02:02:45Z
UgxdfwYJfyRRmrB2no54AaABAg,,False,@aing1-p8t,"이번 신곡 진짜 너모 좋음,,,,
아이브 항상 화이팅!",153,2025-01-14T02:02:40Z,2025-01-14T02:02:40Z
Ugxb4OSGO4Yh2K03VjB4AaABAg,,False,@Hi_Ku하이쿠,아 진짜 사랑해 아이브 ❤,0,2025-01-14T02:02:41Z,2025-01-14T02:02:41Z
UgyFUv-Qu1CyXGiO7QZ4AaABAg,,False,@비상식량-o9l,노무 쭇다…,0,2025-01-14T02:02:40Z,2025-01-14T02:02:40Z
Ugw-6aExwtcFIpvhwv54AaABAg,,False,@iseo_11,❤❤SOTY❤❤,0,2025-01-14T02:02:39Z,2025-01-14T02:02:39Z
UgzXsimaNgLZgi-PcMd4AaABAg,,False,@REI_123MK,꼭 외우겠어욘❤❤,0,2025-01-14T02:02:33Z,2025-01-14T02:02:33Z
UgyPmK7WMWBIshDImdN4AaABAg,,False,@임성태-m9z,와,0,2025-01-14T02:02:33Z,2025-01-14T02:02:33Z
UgxxeiqGUK_RSFqNpnp4AaABAg,,False,@dayragarcia206,너무 예뻐요 ❤❤,0,2025-01-14T02:02:32Z,2025-01-14T02:02:32Z
Ugz3QuUgnbHrzCU_aBx4AaABAg,,False,@Rabbit.1_1,와우 아이브 신곡 대박,0,2025-01-14T02:02:31Z,2025-01-14T02:02:31Z
Ugw1X0Y8LrKwFnEVmZd4AaABAg,,False,@딸기우유-lsy,헙 2분,0,2025-01-14T02:02:30Z,2025-01-14T02:02:30Z
UgwAQI7u9LuRu1b46pZ4AaABAg,,False,@---Emma---,"Rebel Heart est juste incroyable et magique ! 
♡",2,2025-01-14T02:02:30Z,2025-01-14T02:02:30Z
Ugw0QGNjRSfJjUL7zmF4AaABAg,,False,@devinanderson2785,IVE❤,0,2025-01-14T02:02:29Z,2025-01-14T02:02:29Z
Ugzyr0tc6cqbIHSBdXZ4AaABAg,,False,@Leona5901,Let’s GO!!! DIVE❤IVE,1,2025-01-14T02:02:28Z,2025-01-14T02:02:28Z
UgySQmPQF8xGW313mhd4AaABAg,,False,@user_뎅구르르르,400만 구독 가보자궁 오늘도 아이팅 사랑해,0,2025-01-14T02:02:25Z,2025-01-14T02:02:25Z
Ugx4dGKkykGr4vKsGQ54AaABAg,,False,@원도어파티,찐좋다,2,2025-01-14T02:02:25Z,2025-01-14T02:02:25Z
UgyuvfWpdPjss8TWfYV4AaABAg,,False,@someone5050,Rate REBEL HEART from 1-10!,1,2025-01-14T02:02:23Z,2025-01-14T02:02:23Z
UgwNq0oKGeWISpAjYv94AaABAg,,False,@Kathryn_Villalva,Ya estamos listos para apoyar a Ive :D,1,2025-01-14T02:02:20Z,2025-01-14T02:02:20Z
Ugxc56HYrZFA-rfE9oh4AaABAg,,False,@Yisslvlschiquita,omg i love your voices,0,2025-01-14T02:02:19Z,2025-01-14T02:02:19Z
UgzUEUhw2s_NXVz-WVt4AaABAg,,False,@IVEREIStan,"DIVES please vote for REBEL HEART on Diggus! If we want to win inkigayo and see leeseo present the award to her group, we HAVE to win the pre vote on Diggus!",0,2025-01-14T02:02:17Z,2025-01-14T02:02:17Z
UgzY1Q-EW60YBUj5jpx4AaABAg,,False,@jeisie1176,How many international dives are here to support our girls??,0,2025-01-14T02:02:16Z,2025-01-14T02:02:16Z
UgwJ4ab6jkMZspzMnkF4AaABAg,,False,@제이spring0609,"아이 응원법 잘 외었다고요!
아이브사랑해❤",1,2025-01-14T02:02:14Z,2025-01-14T02:02:14Z
Ugz3bQm37Z9p8Ijas654AaABAg,,False,@뽀아핑-Divemojie,우왘 1붓전이예요❤❤❤,2,2025-01-14T02:02:13Z,2025-01-14T02:02:13Z
UgyFEMBNXidsfufh6ix4AaABAg,,False,@양양이_yangyang,"콘서트 가고 시픈 나의 마음...ㅜㅜ
(신곡 넘 좋아요!!!)",0,2025-01-14T02:02:11Z,2025-01-14T02:02:28Z
Ugzcd9vMqAuaB9PxJGZ4AaABAg,,False,@DHARIAlsulili,Ive best K-pop group in generations 4th,274,2025-01-14T02:02:08Z,2025-01-14T02:02:28Z
Ugzcd9vMqAuaB9PxJGZ4AaABAg.ADFyb-0LP4gADG9uBnCfb1,Ugzcd9vMqAuaB9PxJGZ4AaABAg,True,@catoutside.,YUPPP,7,2025-01-14T03:49:36Z,2025-01-14T03:49:36Z
Ugzcd9vMqAuaB9PxJGZ4AaABAg.ADFyb-0LP4gADGES9jP2Cr,Ugzcd9vMqAuaB9PxJGZ4AaABAg,True,@user-Deukgae,Nope.. XG,2,2025-01-14T04:29:20Z,2025-01-14T04:29:20Z
Ugzcd9vMqAuaB9PxJGZ4AaABAg.ADFyb-0LP4gADGFVfZIwwB,Ugzcd9vMqAuaB9PxJGZ4AaABAg,True,@WONY_FAIRY04,​@user-Deukgae don't come and start hating ive if you don't like them swipe and xg are unknown,16,2025-01-14T04:38:33Z,2025-01-14T04:38:33Z
Ugzcd9vMqAuaB9PxJGZ4AaABAg.ADFyb-0LP4gADGhR_1fkH-,Ugzcd9vMqAuaB9PxJGZ4AaABAg,True,@xwvnyoungzz,​@@user-Deukgae Lmao XG are unknown flops compared to IVE,6,2025-01-14T08:51:24Z,2025-01-14T08:51:24Z
Ugzcd9vMqAuaB9PxJGZ4AaABAg.ADFyb-0LP4gADHySq_oA8T,Ugzcd9vMqAuaB9PxJGZ4AaABAg,True,@yseoi0,@@user-Deukgae破防了😁😁😁,2,2025-01-14T20:39:22Z,2025-01-14T20:39:22Z
UgwK9uuYcpNMrpY7FbF4AaABAg,,False,@멍폼,아이브 진짜 너무 예쁘다❤❤ 아이브 영통 이벤트 나올까요?😅나오면 좋겠네요😊,1,2025-01-14T02:02:06Z,2025-01-14T02:02:06Z
UgwL0Jb1vUIRG8X817F4AaABAg,,False,@FrenchFrenchCropFries,Love it❤,0,2025-01-14T02:02:05Z,2025-01-14T02:02:05Z
Ugx7Of66I6Ec_mMmGjZ4AaABAg,,False,@까망-w5s,빨리왓다ㅏ,0,2025-01-14T02:02:03Z,2025-01-14T02:02:03Z
UgygRgJRU1cMvKgakxx4AaABAg,,False,@Blebmon,LET'S GO IVE i THING ! ! ! 🤎🌱,0,2025-01-14T02:02:02Z,2025-01-14T02:02:02Z
UgxUf91b2ENgx0rXjzJ4AaABAg,,False,@Monicadelgado-q6b,"Primer comentario 
Me encanto su nueva canción
Te amo Liz.
Quien es tu bias de ive ? 
Está canción tiene algo tan especial que me hace feliz",0,2025-01-14T02:01:58Z,2025-01-14T02:01:58Z
UgygeNspu6iHVBOfh9B4AaABAg,,False,@someone5050,Like this comment if you love REBEL HEART!,0,2025-01-14T02:01:58Z,2025-01-14T02:01:58Z
Ugz5WZ9Dg35UtiVYUY94AaABAg,,False,@cutiepi_xe,IVE FIGHTING!!!,0,2025-01-14T02:01:56Z,2025-01-14T02:01:56Z
Ugx84Xa3YVReZYyR1Pl4AaABAg,,False,@최미걍,와..좋아요 계속 느는것봐..역시 IVE!!,0,2025-01-14T02:01:55Z,2025-01-14T02:01:55Z
UgzKR3DKadicZjcuDyN4AaABAg,,False,@sy.0xn,"아이브만의 응원법도 너무 이뻐 ㅜ 
이번 노래 대박나자!! 🫶🏻🥹",16,2025-01-14T02:01:55Z,2025-01-14T02:01:55Z
UgwVlcRLSJF9wAVkCJV4AaABAg,,False,@seo-ah-o9x,개 이뻐!!!!!❤,0,2025-01-14T02:01:54Z,2025-01-14T02:01:54Z
UgxDOo0CPSSw8dl6Bvt4AaABAg,,False,@Lucky_아투,와 대박이다,0,2025-01-14T02:01:53Z,2025-01-14T02:01:53Z
Ugx1hQ9VUG-KmkS_vHV4AaABAg,,False,@leilabarbosa9326,Única brasileira até agora❤❤,0,2025-01-14T02:01:52Z,2025-01-14T02:01:52Z
Ugzoyo05leiGROTmJpB4AaABAg,,False,@09-leeseola.r,아이브 항상 응원해요!! 앞으로도 좋은 길만 걷길 바라요..!!,26,2025-01-14T02:01:52Z,2025-01-14T02:01:52Z
Ugx7xWgMR7bllXU1lD94AaABAg,,False,@noformezi,Ohh they film this the other day when Rei live here on YouTube,0,2025-01-14T02:01:51Z,2025-01-14T02:01:51Z
UgyN7FuRUWfjk9b9IaZ4AaABAg,,False,@채소는_맛있따,레이 코디 ㄹㅈㄷ 다 ㅜㅜ,0,2025-01-14T02:01:50Z,2025-01-14T02:01:50Z
UgzM2kTaw-cxXREpJR94AaABAg,,False,@Won_Young_228,1분전❤🎉,1,2025-01-14T02:01:50Z,2025-01-14T02:01:50Z
UgxQ_mjgh25qeF6Fbm94AaABAg,,False,@킴해피인데오,아이브 다들 이쁘당,1,2025-01-14T02:01:50Z,2025-01-14T02:01:50Z
Ugz7w3ifA9SMxQITgdB4AaABAg,,False,@리원임니다아,아이브 넘 이쁘다!! 26초 전!!,0,2025-01-14T02:01:50Z,2025-01-14T02:01:50Z
UgwEc2kWC9sIfz98lLZ4AaABAg,,False,@LUVS_HYUNJIN143,❤❤❤,0,2025-01-14T02:01:48Z,2025-01-14T02:01:48Z
Ugw_OdMIONwBUJl_jzN4AaABAg,,False,@Dream_Angle,IVE❤,0,2025-01-14T02:01:46Z,2025-01-14T02:01:46Z
UgyW8CpkHayezlQHXWd4AaABAg,,False,@someone5050,Like this comment if you love Ive!,0,2025-01-14T02:01:46Z,2025-01-14T02:01:46Z
Ugy6D13njLzobX1TW-d4AaABAg,,False,@ConstanzaPérez-c1s,Hello 💗👋,0,2025-01-14T02:01:44Z,2025-01-14T02:01:44Z
Ugzeo4608Bz1oWqD0994AaABAg,,False,@김현아-f8t,대박 58초 전!!,0,2025-01-14T02:01:45Z,2025-01-14T02:01:45Z
UgyKKg3j9xsOmjofho94AaABAg,,False,@츄릉-w9q,오아❤이서 보라 머리 짱 잘어울려❤,1,2025-01-14T02:01:44Z,2025-01-14T02:01:44Z
UgyVrrXGbCWVENZeEpB4AaABAg,,False,@editar_k-pop,"I LOVE YOU, I LOVED THE SONG CONGRATULATIONS GIRLS ❤",1,2025-01-14T02:01:43Z,2025-01-14T02:01:43Z
UgxJQfd3pNeHj9Z5GPB4AaABAg,,False,@rinn2983,きました！！,0,2025-01-14T02:01:42Z,2025-01-14T02:01:42Z
UgxFc6XBNKkoM6hd1QV4AaABAg,,False,@ykp7083,이번 노래 진짜 좋아요!!!,1,2025-01-14T02:01:41Z,2025-01-14T02:01:41Z
UgwEfq0_ITnzIYZ-y094AaABAg,,False,@heekwangKim-v3d,꺄!!,0,2025-01-14T02:01:38Z,2025-01-14T02:01:38Z
UgybiMBb3wXhSEW03Ct4AaABAg,,False,@나야나야나야나야나야,❤,0,2025-01-14T02:01:38Z,2025-01-14T02:01:38Z
UgwsAbmRJdTLFSCNtWt4AaABAg,,False,@Reku_sean,Early Ya!!!:D,0,2025-01-14T02:01:37Z,2025-01-14T02:01:37Z
Ugw91h7UACdoaZ67NyF4AaABAg,,False,@팝콘을머거버린하마,응원법도 이쁘당❤❤,2,2025-01-14T02:01:37Z,2025-01-14T02:01:37Z
UgzfRBwvr8MNu3Nmlk14AaABAg,,False,@아영-d1f,❤❤❤❤❤,0,2025-01-14T02:01:37Z,2025-01-14T02:01:37Z
UgyLan6hBgERZV_hOSB4AaABAg,,False,@aielizz,I LOVE YOU GUYSSSS,0,2025-01-14T02:01:37Z,2025-01-14T02:01:37Z
UgzgoG62k0k2SqPcOFd4AaABAg,,False,@하링입니댜아,사랑해요 아이브❤❤❤,1,2025-01-14T02:01:37Z,2025-01-14T02:01:55Z
UgzseTAGQZXThoTc-np4AaABAg,,False,@토끼-LOVE,응원법 기다렸는데!!!바로 외우기❤,0,2025-01-14T02:01:36Z,2025-01-14T02:01:36Z
UgyMFWt8jXD68Xt0TPF4AaABAg,,False,@포숀,꺄아,0,2025-01-14T02:01:35Z,2025-01-14T02:01:43Z
UgyG_ngmIBg5cNLQe-J4AaABAg,,False,@jeul-yeong,꼭 응원하러 가야겠오❤❤❤,5,2025-01-14T02:01:33Z,2025-01-14T02:01:33Z
UgxNZ6wxwy2n0Ey-m_F4AaABAg,,False,@loveive-5,"우와아아 새로운 rebel heart 응원법이네요?
대박~꼭 오늘도 많이많이 응원하겠습니다~!
생각보다 응원법이 너무너무 쉬운데요?",0,2025-01-14T02:01:32Z,2025-01-14T02:05:45Z
UgypAQHl1zWO1F1E_ml4AaABAg,,False,@정언산,아이브 최고!!❤❤,1,2025-01-14T02:01:32Z,2025-01-14T02:01:32Z
Ugy6suJvl_V6-vNw-AN4AaABAg,,False,@okadorebts,YAYYYY WHO ELSE IS EARLY!!!,1,2025-01-14T02:01:31Z,2025-01-14T02:01:31Z
Ugw-OY2U9oEGnnv1DXp4AaABAg,,False,@Blueaquamarine11,YESSSSS,1,2025-01-14T02:01:30Z,2025-01-14T02:01:30Z
UgyBOzxYPoOvA5jnQnx4AaABAg,,False,@JISoo9-x,LAS AMOOOO IVE ❤❤❤,0,2025-01-14T02:01:29Z,2025-01-14T02:01:29Z
UgxkAi62NJC3TvIMX8N4AaABAg,,False,@aielizz,EARLYYY,0,2025-01-14T02:01:27Z,2025-01-14T02:01:27Z
UgyFzr7y90vX2MlCyEN4AaABAg,,False,@설콩똥사랑하는네즈,빨리 왔다ㅏㅏㅏㅏ❤❤❤,0,2025-01-14T02:01:27Z,2025-01-14T02:01:27Z
UgxnTNOWA842oeYtLrd4AaABAg,,False,@메이-56,와아ㅏ!!콘서트는 못 가지만 엄청나!,1,2025-01-14T02:01:25Z,2025-01-14T02:01:25Z
Ugxnf2Dj23Go7Q2mKAB4AaABAg,,False,@소희-j2r,❤❤,0,2025-01-14T02:01:24Z,2025-01-14T02:01:24Z
Ugwrq8UDsxpKX_8aSD14AaABAg,,False,@Jennieeeekim,THIS SONG HITS DIFF,0,2025-01-14T02:01:24Z,2025-01-14T02:01:24Z
UgwYul4Msm1-pS-m_bB4AaABAg,,False,@Sophiaa.K-pop,Iveee I love you 🍓🎀💗💗,0,2025-01-14T02:01:24Z,2025-01-14T02:01:24Z
UgxA6Kha_VkaiuqSREh4AaABAg,,False,@선영-g5u,노래 넘 좋아!!!!아이팅!!,0,2025-01-14T02:01:23Z,2025-01-14T02:01:23Z
UgzFwcmhbAAGrXaujvJ4AaABAg,,False,@설모다람,❤,1,2025-01-14T02:01:23Z,2025-01-14T02:01:23Z
UgxuthEj75jz8uBTi_h4AaABAg,,False,@hall.of.fameee,Hello!!🎉❤ First❤❤🎉,0,2025-01-14T02:01:22Z,2025-01-14T02:01:27Z
UgyjiCHmoQqeClWHIXN4AaABAg,,False,@pakimms263,❤,0,2025-01-14T02:01:22Z,2025-01-14T02:01:22Z
UgyJuI7rYOA9c_nuKrN4AaABAg,,False,@potaxiedeporvida123,OMG,0,2025-01-14T02:01:21Z,2025-01-14T02:01:21Z
UgwfQBx12C6B1HJo9Oh4AaABAg,,False,@aielizz,THIRDDD,0,2025-01-14T02:01:21Z,2025-01-14T02:01:21Z
UgzaOFj_gSxbI2vhQeR4AaABAg,,False,@Yul40725,너무 커엽따❤,0,2025-01-14T02:01:20Z,2025-01-14T02:01:20Z
UgzTnSVZzxSArvKZ_Vd4AaABAg,,False,@Pxz1el1,I LOVE ❤,0,2025-01-14T02:01:20Z,2025-01-14T02:01:20Z
Ugyq0XkI02Zo-t2uziZ4AaABAg,,False,@_.-Roblox.Ming-._,1빠!! 오늘도 비주얼 직인다 ㄷㄷ,1,2025-01-14T02:01:19Z,2025-01-14T02:01:19Z
UgwBKSufXm5d2oSjmPh4AaABAg,,False,@MINYOONOFFICIAL,LINDASS,0,2025-01-14T02:01:18Z,2025-01-14T02:01:18Z
UgySTO45tkZL6-o5ELp4AaABAg,,False,@user-rt4pn9yp4o,꺄ㅑ 티켓 구해서 꼭 갈게!!!❤,0,2025-01-14T02:01:17Z,2025-01-14T02:01:17Z
UgwFnEIWw7ejrKZYmOV4AaABAg,,False,@JISoo9-x,PRIMERAAAA,0,2025-01-14T02:01:17Z,2025-01-14T02:01:17Z
UgxIMvWF1RKW5sZ8Jrp4AaABAg,,False,@poppyxshelly,EARLY,0,2025-01-14T02:01:16Z,2025-01-14T02:01:16Z
Ugw8CMvnouurr3YSWnd4AaABAg,,False,@Lhj_mg,항상 응원하고 있습니다❤❤,24,2025-01-14T02:01:15Z,2025-01-14T02:01:15Z
UgxVYZWvyN10yddbudF4AaABAg,,False,@Jisseka-,wonyoung so cute 🥺🥺,1,2025-01-14T02:01:15Z,2025-01-14T02:01:15Z
UgxekMTMXmzEwCNfqNx4AaABAg,,False,@ILoveToSuckIceCream,🫶🏼,0,2025-01-14T02:01:14Z,2025-01-14T02:01:14Z
UgxNL3__F2iG-pPDu1J4AaABAg,,False,@ing_jo,다이브들 스밍 화팅,1,2025-01-14T02:01:14Z,2025-01-14T02:01:14Z
UgypTU46S1eFvQbtQGF4AaABAg,,False,@uue-ea,The anthem sounds very good. You are a talented and self-reliant band.. 😾💞,86,2025-01-14T02:01:13Z,2025-01-14T02:02:32Z
UgwaIsnzTEJHGsRv56l4AaABAg,,False,@alexbetan4830,Las amooo,0,2025-01-14T02:01:13Z,2025-01-14T02:01:13Z
UgwObdIygjfAOi3AVvd4AaABAg,,False,@lunaforsunnysanrio,IVEEE,0,2025-01-14T02:01:13Z,2025-01-14T02:01:13Z
Ugz1z6SwbdzZlWqJ9el4AaABAg,,False,@DHARIAlsulili,First one come here,1,2025-01-14T02:01:13Z,2025-01-14T02:01:13Z
UgxT5L7qcvcULkNvxdt4AaABAg,,False,@WonyoungJang-x3p,I love youuu,1,2025-01-14T02:01:13Z,2025-01-14T02:01:13Z
Ugz_e5Ugq41dpWrKqgd4AaABAg,,False,@harin-c1e,1빠,0,2025-01-14T02:01:12Z,2025-01-14T02:01:12Z
Ugz_e5Ugq41dpWrKqgd4AaABAg.ADFyVAthPfNADFyWROFsyS,Ugz_e5Ugq41dpWrKqgd4AaABAg,True,@harin-c1e,아이브 사랑해,0,2025-01-14T02:01:22Z,2025-01-14T02:01:22Z
Ugwzl4p9jLuwExtW-414AaABAg,,False,@여정수기술사회,아이브 이뿌다ㅏ,0,2025-01-14T02:01:12Z,2025-01-14T02:01:12Z
UgzsHtf-mCZ2RrUZDbN4AaABAg,,False,@헷-m4x,오아아!!  빨리왔다!!,0,2025-01-14T02:01:11Z,2025-01-14T02:01:11Z
UgxzzRp1qOtzm2rZFLl4AaABAg,,False,@gadpjmtptwgmjd,으아아 응원법도 좋네 ㅠ,0,2025-01-14T02:01:11Z,2025-01-14T02:01:11Z
Ugzaik8kFOnASPYC95d4AaABAg,,False,@m_o____r_e4084,IVE ❤,0,2025-01-14T02:01:11Z,2025-01-14T02:01:11Z
UgzWcm_HeeFVNPnrPkd4AaABAg,,False,@egao0655,カムバおめでとう！！！！覚えます！,4,2025-01-14T02:01:10Z,2025-01-14T02:01:10Z
Ugy2UmU1KmoM5nHWmSF4AaABAg,,False,@소다인데요,아이브!! 잘 볼게❤❤ 이번엔 콘서트 꼭 가야지,0,2025-01-14T02:01:10Z,2025-01-14T02:01:10Z
UgzQM7gLU3Zkpt6gzZV4AaABAg,,False,@vasudevtiwaritales20,Love you Yujin & ive ❤,0,2025-01-14T02:01:10Z,2025-01-14T02:01:10Z
UgxltFFBZs41ahNn0IR4AaABAg,,False,@유엘-n5n,노래 너무 좋아💗 이번 컴백도 화이팅!,0,2025-01-14T02:01:09Z,2025-01-14T02:01:09Z
Ugxjkxcc6mSoZK1-LIB4AaABAg,,False,@하이TV-d3l,우와ㅏ,0,2025-01-14T02:01:09Z,2025-01-14T02:01:09Z
UgxB3i9AON3FtSxskix4AaABAg,,False,@e_zr013,개이뽀ㅓㅓ,0,2025-01-14T02:01:07Z,2025-01-14T02:01:07Z
Ugy7xlMgpCN_CwavVGh4AaABAg,,False,@햄뿌_포장-틱톡,아이브 컴백 추카해😢,0,2025-01-14T02:01:07Z,2025-01-14T02:01:07Z
Ugwgx4_I6oBLQRHz1C14AaABAg,,False,@한비업고튀어,아이브 짱.ᐟ!,0,2025-01-14T02:01:06Z,2025-01-14T02:01:06Z
UgyYyPQnFmuuuVMPs654AaABAg,,False,@Elizlove-kpop,Interesting,0,2025-01-14T02:01:06Z,2025-01-14T02:01:06Z
UgxgsLG-GJbnecFE3od4AaABAg,,False,@최혜민-n4m,와씨 1등?,0,2025-01-14T02:01:06Z,2025-01-14T02:01:06Z
Ugzcpt0YoG26o_c16Jd4AaABAg,,False,@jesusmariachanganaquechapi9542,1eraaaaaaaaaaaaaaaa,0,2025-01-14T02:01:06Z,2025-01-14T02:01:06Z
Ugx6r-SlQ9Ixm1C4A5V4AaABAg,,False,@justjustwalk,Ive in my heart~,0,2025-01-14T02:01:05Z,2025-01-14T02:01:05Z
UgzkFTXsw5pUF6xUTil4AaABAg,,False,@1004_REI,아이브 최고야!!!!,17,2025-01-14T02:01:04Z,2025-01-14T02:01:04Z
UgzkFTXsw5pUF6xUTil4AaABAg.ADFyUDP18fZADGAJyyB2U2,UgzkFTXsw5pUF6xUTil4AaABAg,True,@taikyungyu5981,.,0,2025-01-14T03:53:16Z,2025-01-14T03:53:16Z
UgwIXY8a37WLmN4eMmB4AaABAg,,False,@Akazx999,🎉🎉🎉🎉,0,2025-01-14T02:01:02Z,2025-01-14T02:01:02Z
Ugwg2uauRf9XKgOiy2t4AaABAg,,False,@Eys_One,1st,0,2025-01-14T02:01:01Z,2025-01-14T02:01:01Z
UgzDqgsuM8C54RBLCyB4AaABAg,,False,@seoa_Daily,아이브 신곡 진짜 좋아요❤❤,596,2025-01-14T02:01:00Z,2025-01-14T02:01:00Z
UgzDqgsuM8C54RBLCyB4AaABAg.ADFyTo6ueXiADG0MWdKg4A,UgzDqgsuM8C54RBLCyB4AaABAg,True,@Jisoo4Kim-p1z,ㅇㅈ❤❤,11,2025-01-14T02:26:14Z,2025-01-14T02:26:14Z
UgzDqgsuM8C54RBLCyB4AaABAg.ADFyTo6ueXiADG1076hWG2,UgzDqgsuM8C54RBLCyB4AaABAg,True,@JologTabañas-k4c,IVE Welcome to 2025,17,2025-01-14T02:31:54Z,2025-01-14T02:31:54Z
UgzDqgsuM8C54RBLCyB4AaABAg.ADFyTo6ueXiADG19u7To2Y,UgzDqgsuM8C54RBLCyB4AaABAg,True,@솜솜-s4q,맞아용,9,2025-01-14T02:33:15Z,2025-01-14T02:33:15Z
UgzDqgsuM8C54RBLCyB4AaABAg.ADFyTo6ueXiADG1YwCLd2P,UgzDqgsuM8C54RBLCyB4AaABAg,True,@DsT-p2n,신곡 진짜 망할 것 같아요! 망해 버려라,0,2025-01-14T02:36:40Z,2025-01-14T02:36:40Z
UgzDqgsuM8C54RBLCyB4AaABAg.ADFyTo6ueXiADGAAnHvPR7,UgzDqgsuM8C54RBLCyB4AaABAg,True,@잇댜-2ob,ㅇㅈ,4,2025-01-14T03:52:00Z,2025-01-14T03:52:00Z
UgypKeAwPAMb4N2Ewlt4AaABAg,,False,@폴더걸,사랑해❤,1,2025-01-14T02:00:59Z,2025-01-14T02:00:59Z
UgxDkaGWxz8k0mLWCCB4AaABAg,,False,@혜-z4w,아이브 최고❤❤,1,2025-01-14T02:00:59Z,2025-01-14T02:00:59Z
UgxyfDzgIEM9UbpX5RJ4AaABAg,,False,@robinlu1110,開練🫶🏻,0,2025-01-14T02:00:59Z,2025-01-14T02:00:59Z
UgxV5zCMiCEn21uFT794AaABAg,,False,@외계에서온외계츙츙,"너무 기대대여ㅕㅕㅕㅕㅕㅕㅕㅕ그리고
신곡 너무 진짜진짜진짜 조아ㅏㅏㅏㅏ",0,2025-01-14T02:00:58Z,2025-01-14T02:04:40Z
Ugwj3m1rxBLaAfY-U-14AaABAg,,False,@다이브-g9w,귀여워❤,0,2025-01-14T02:00:57Z,2025-01-14T02:00:57Z
UgwbImuLalRZhh50C-J4AaABAg,,False,@kwandoyah,lezzgoooooooooooo,0,2025-01-14T02:00:57Z,2025-01-14T02:00:57Z
UgxPZrTKoMjt9zlw1F94AaABAg,,False,@서림리렐로스람랄라,아이브 넘 예뻐 이거 다 외울거임,0,2025-01-14T02:00:56Z,2025-01-14T02:00:56Z
UgyoB2XD05ByCwv5xP54AaABAg,,False,@Yu_c.o,헉 너무 이쁘다 ㅠ,0,2025-01-14T02:00:56Z,2025-01-14T02:00:56Z
UgwaYIvBQYNTUrJdOUp4AaABAg,,False,@최혜민-n4m,떴당,0,2025-01-14T02:00:55Z,2025-01-14T02:00:55Z
UgxfCnphlK7nD4tI3014AaABAg,,False,@DHARIAlsulili,‏الأول الأول,1,2025-01-14T02:00:54Z,2025-01-14T02:00:54Z
UgypI_xpjzpFbC52wVR4AaABAg,,False,@diazjd93,Hiii,0,2025-01-14T02:00:54Z,2025-01-14T02:00:54Z
UgwtXHRyCcXMPGpTr_d4AaABAg,,False,@아현업고튀어기염,아이브 최고!❤,1,2025-01-14T02:00:53Z,2025-01-14T02:00:53Z
UgzFknGT8gg3e_MRdzh4AaABAg,,False,@seoyeonchoi143,❤❤❤❤,0,2025-01-14T02:00:52Z,2025-01-14T02:00:52Z
UgycxruY0I_5MOy-f394AaABAg,,False,@Yx.iu1,허얼 15초전 !!!,0,2025-01-14T02:00:51Z,2025-01-14T02:00:51Z
Ugz4b6vy04IW0Zp4UHN4AaABAg,,False,@woo-u3z,너무 예뻐,0,2025-01-14T02:00:49Z,2025-01-14T02:00:49Z
UgzaQVuoFJQxiu_fmLx4AaABAg,,False,@Soitisonlyme,❤❤❤,0,2025-01-14T02:00:48Z,2025-01-14T02:00:48Z
UgzmsuRbwd-W91I0sGR4AaABAg,,False,@햄뿌_포장-틱톡,🎉🎉🎉🎉,0,2025-01-14T02:00:48Z,2025-01-14T02:00:48Z
