comment_id,parent_id,is_reply,author,text,like_count,published_at,updated_at
UgwnawrwLGpNamGhtld4AaABAg,,False,@sudarho-fr1gb,360p🤌,0,2024-06-28T04:50:18Z,2024-06-28T04:50:18Z
UgzMPw2MM4SAUQefmQZ4AaABAg,,False,@shyub_0704,How can Suho Solo Album be beautiful all the time? ❤,2,2023-07-04T01:13:36Z,2023-07-04T01:13:36Z
Ugzj5lS3wqpyo21-HMZ4AaABAg,,False,@kamadotanjirou608,Uri leader always the best,2,2023-01-26T18:01:11Z,2023-01-26T18:01:11Z
UgySDOJ_cAZhMInZhhJ4AaABAg,,False,@KimJuncottonlovetotheend,handsome Suho.,2,2022-10-27T17:38:33Z,2022-10-27T17:38:33Z
Ugw3gFjO5W4o_JfThzB4AaABAg,,False,@kimjunmyeon6285,suho love you,0,2022-10-01T11:15:02Z,2022-10-01T11:15:02Z
UgzowGqleQdicC1hkhV4AaABAg,,False,@haruhaesu597,I remember how instrumental of o2 hit me rignt in the heart when  i first heard this trailer😭😭😭💔0:21,0,2022-09-29T10:36:51Z,2022-10-24T10:36:55Z
UgzTnR_lzf6P13FWIxJ4AaABAg,,False,@puputtt1395,<3,0,2022-09-27T02:05:32Z,2022-09-27T02:05:32Z
UgzB76p_uCrYSd91Aot4AaABAg,,False,@kimjuncotton0522,난 이 무드샘플러가 그렇게 좋드라.. 노래도 벅차오르고 장난아님,1,2022-09-13T15:26:49Z,2022-09-13T15:26:49Z
UgxMCA-vdHEQbxWFsoR4AaABAg,,False,@yalda1670,"EXO We are one ᕙ(  • ‿ •  )ᕗ 👌🏻
SUHO fitting 👍🏻",1,2022-08-09T11:21:30Z,2022-08-09T11:21:30Z
Ugyy7f0nAWHKpMSpjIl4AaABAg,,False,@noonapetite,suho's self-portrait is one of the most underrated solo debuts ever T.T,1,2022-07-20T11:13:26Z,2022-07-20T11:13:26Z
UgyKlV9bIvgARWwmWKN4AaABAg,,False,@apalubocahmonyet9360,Our handsome leader,0,2022-06-28T23:38:46Z,2022-06-28T23:38:46Z
Ugx8Guwf0uszn_ad8OB4AaABAg,,False,@BabyAngelMyeonnie,love suho,0,2022-06-26T09:45:03Z,2022-06-26T09:45:03Z
UgyYzvJeAF4D6Jc7i8Z4AaABAg,,False,@KimJuncottonlovetotheend,The best.,0,2022-06-23T00:27:31Z,2022-06-23T00:27:31Z
UgzbdXAm_pa5vJ2-69x4AaABAg,,False,@KimJuncottonlovetotheend,The most handsome Suho.,0,2022-06-23T00:27:22Z,2022-06-23T00:27:22Z
UgzWBe1MYR50MqUjyJx4AaABAg,,False,@byulsoo,*+:｡.｡Suho I love you｡.｡:+*,0,2022-05-24T15:09:17Z,2022-05-24T15:09:17Z
UgyCIug3Ibw0r3ukW1J4AaABAg,,False,@chanyeolbyun6360,ok,0,2022-03-29T05:54:50Z,2022-03-29T05:54:50Z
UgyYXKwhQcztst6ZSzd4AaABAg,,False,@Sunny-gi4ue,Angel,0,2022-03-28T04:50:26Z,2022-03-28T04:50:26Z
UgwzP8OPsS0yVPPnNGF4AaABAg,,False,@artemisss4136,Here after watching his last mood sampler ^-^,0,2022-03-27T21:23:57Z,2022-03-27T21:23:57Z
UgwN5gFys7BAarKkn_F4AaABAg,,False,@sibtain7896,Suho oppa  드라마 부자 시즌3 만들어주세요,0,2022-02-27T08:32:37Z,2022-02-27T08:32:37Z
UgxgOGsV4vWgVZOMEqx4AaABAg,,False,@isrpsm2695,400K,0,2022-02-16T18:23:05Z,2022-02-16T18:23:05Z
UgwLIaD65IVgpPOTU9F4AaABAg,,False,@joannaa5626,This is so beautiful. Miss Kim Junmyeon,1,2022-02-01T19:32:12Z,2022-02-01T19:32:12Z
Ugyk7KQT0T5tVjk3kMp4AaABAg,,False,@NINI-mm2nz,My love ❤️,0,2022-02-01T18:57:22Z,2022-02-01T18:57:22Z
Ugyrv8ZCrYn8mAO7r4d4AaABAg,,False,@justapplepi3,0:11 this place looks like the sandy place with a little boy from SM_NCT 1 the origin,0,2022-01-28T15:20:32Z,2022-01-28T15:20:32Z
UgxS-CNyTp9OM871KYJ4AaABAg,,False,@oohsehun_exo,Bby,0,2021-12-16T19:10:11Z,2021-12-16T19:10:11Z
UgyidvBSwiTKbV4IvG94AaABAg,,False,@oohsehun_exo,Ily,0,2021-12-16T19:10:08Z,2021-12-16T19:10:08Z
Ugw1hov4wGbN7mYKTdl4AaABAg,,False,@ginabao846,AESTHETIC BOY,0,2021-12-06T21:26:18Z,2021-12-06T21:26:18Z
UgzDxkvUVKy8GM1tqL54AaABAg,,False,@maryamh9303,Oh god i miss him,0,2021-11-30T16:47:23Z,2021-11-30T16:47:23Z
Ugyp9basFk6CvfhTlNJ4AaABAg,,False,@aria1151,I'm lovin 'it❤️❤️,0,2021-11-22T01:02:58Z,2021-11-22T01:02:58Z
UgzktURBiIWvyAL-bs14AaABAg,,False,@deborachan4376,Anjinho ❤️,0,2021-10-29T00:24:31Z,2021-10-29T00:24:31Z
Ugz7ti4SyupkfjoC-Zh4AaABAg,,False,@kimjuncotton0522,티저도 갓벽,0,2021-10-05T13:16:53Z,2021-10-05T13:16:53Z
UgyAlWYBdXgMg3Am7Tp4AaABAg,,False,@pheychingliew879,俊勉真的好适合粉色啊,0,2021-09-24T03:14:45Z,2021-09-24T03:14:45Z
Ugz1nXdNWXlMiqNBoCN4AaABAg,,False,@dgfepa,handosme bangett,0,2021-08-27T10:05:21Z,2021-08-27T10:05:21Z
Ugx22HKjaowMONXsJeR4AaABAg,,False,@ashleyaguirre2674,LOVE YA'LL,0,2021-07-28T05:33:23Z,2021-07-28T05:33:23Z
UgxRy-cBWvjZ5R5cBIJ4AaABAg,,False,@ashleyaguirre2674,OPPA LINDO,0,2021-07-28T05:33:13Z,2021-07-28T05:33:13Z
UgxsHrY5KJ4fR6Gw-F14AaABAg,,False,@kimjunmyeonforeverloveyou4207,Visual,0,2021-07-28T03:15:02Z,2021-07-28T03:15:02Z
UgwCBNhJhf3ZI9elsVJ4AaABAg,,False,@oohlalala8022,Miss you,1,2021-07-21T16:10:40Z,2021-07-21T16:10:40Z
UgyQXjoApi6CfKQi6Z14AaABAg,,False,@fe1676,He is gorgeous,0,2021-07-19T18:46:05Z,2021-07-19T18:46:05Z
UgyF8Bk6Kb_nuYlBcsJ4AaABAg,,False,@Esra.nur02,Ansızın karışma çıktı ne yapabilirim ki bu güzellik karşısında,0,2021-07-19T16:57:30Z,2021-07-19T16:57:41Z
Ugwumua_eiyONZsxNct4AaABAg,,False,@starlostgirlie,still so underatted,0,2021-07-19T16:00:02Z,2021-07-19T16:00:02Z
UgxBXHFNSFrx1WVO4j14AaABAg,,False,@kimjunmyeonforeverloveyou4207,visual suho,0,2021-07-17T07:22:37Z,2021-07-17T07:22:37Z
UgzvHZdL0Cd7pFIrg8R4AaABAg,,False,@arexol2554,He is the best,0,2021-07-16T15:05:14Z,2021-07-16T15:05:14Z
UgyWruZxLDfyQq7nykR4AaABAg,,False,@arexol2554,Eshq man,0,2021-07-16T15:05:05Z,2021-07-16T15:05:05Z
UgwHahYKk0oTuIJqwQV4AaABAg,,False,@exosbabygirl2292,I miss you darling..,0,2021-07-14T15:03:56Z,2021-07-14T15:03:56Z
UgxAVYcLiqVaY7voabJ4AaABAg,,False,@mendozaal,Te amo,0,2021-07-13T04:19:48Z,2021-07-13T04:19:48Z
UgxJnwAAL59X5r-tXWx4AaABAg,,False,@Kongalmangss,오빠넘보고시폼,0,2021-07-09T10:56:02Z,2021-07-09T10:56:02Z
UgyNpS6y__WhcaEHBDZ4AaABAg,,False,@kimjunmyeonforeverloveyou4207,the best man,0,2021-07-07T04:23:45Z,2021-07-07T04:23:45Z
UgweBP76Adf2BlPGZwB4AaABAg,,False,@kimjunmyeonforeverloveyou4207,Love you suho.,0,2021-07-03T13:01:40Z,2021-07-03T13:01:40Z
UgyYv8cRG_n0pvh_eTR4AaABAg,,False,@user-mr9ic8uo6e,언제 제대해,0,2021-06-20T00:14:28Z,2021-06-20T00:14:28Z
UgxZAZZmp9DegnAu2y54AaABAg,,False,@user-gk1nn9cx6d,❤️,0,2021-06-15T02:56:17Z,2021-06-15T02:56:17Z
Ugx5-KErlnCR89Lb3gx4AaABAg,,False,@mahnazespahbodi3439,Amaziiiiing wow miss him,0,2021-06-12T13:43:23Z,2021-06-12T13:43:23Z
UgxxppBSDVEP7TdAi-x4AaABAg,,False,@lalaladita6237,Miss u😭,0,2021-06-08T13:23:08Z,2021-06-08T13:23:08Z
Ugy21mZEIOJjmccfgQp4AaABAg,,False,@exotuspatrones9174,감사,0,2021-06-08T12:14:43Z,2021-06-08T12:14:43Z
UgwFQvQuiedysBTwcMF4AaABAg,,False,@aeriloey2328,Leader nim,0,2021-06-08T05:01:00Z,2021-06-08T05:01:00Z
Ugzi8OAp5u4SDeegdPR4AaABAg,,False,@ravzayldz4462,I miss you,1,2021-06-03T20:11:16Z,2021-06-03T20:11:16Z
UgzJr-JwVspMW20jsfF4AaABAg,,False,@myendlessblue1194,벅차오르는 느낌 가득,0,2021-05-23T03:33:39Z,2021-05-23T03:33:39Z
Ugy-DAGHtjPjTGsMxIV4AaABAg,,False,@chocobee6581,"'Happy Birthday Aesthetic Human' ( ◜‿◝ )♡
You are the best leader!  Thank you for surviving until now! Thank you for giving a lot of love and happiness to us! Let's be together for a long time ! Thank you for everything ! Uri Leader Kim Junmyeon (◕ᴗ◕✿)",0,2021-05-21T15:22:27Z,2021-05-21T15:22:27Z
UgxbpDUjJd8nkJo8Hlx4AaABAg,,False,@ВикторияИвантатова,Потрясающе,0,2021-05-06T21:12:12Z,2021-05-06T21:12:12Z
UgwaqPaC3_2Fiqbv4MV4AaABAg,,False,@puputtt1395,happy 9th anniversary,0,2021-04-08T00:40:18Z,2021-04-08T00:40:18Z
UgwSlkUhz5lPn_5bSy94AaABAg,,False,@Zi_zoee,ㅠㅠ,0,2021-04-03T20:13:06Z,2021-04-03T20:13:06Z
Ugx00d_sbg9IrpdYaQB4AaABAg,,False,@erikyoong7144,I'm so happy because this album is really aesthetic,4,2021-03-31T14:22:19Z,2021-03-31T14:22:19Z
UgxwB4MMu3-5tz04PBh4AaABAg,,False,@teenagergae7797,ART MAN,1,2021-03-31T07:35:45Z,2021-03-31T07:35:45Z
UgwQKeyaeqOga_bG5QR4AaABAg,,False,@ramsha8540,Self Portraits one year anniversary,1,2021-03-30T07:50:27Z,2021-03-30T07:50:27Z
Ugz1rn3oW3HZFFKrRBx4AaABAg,,False,@moonh7448,The way I love this Mood Sampler,1,2021-03-28T01:06:20Z,2021-03-28T01:06:20Z
Ugw818yHW8mVrSmMAgl4AaABAg,,False,@zcarshot,114,1,2021-03-23T06:45:59Z,2021-03-23T06:45:59Z
UgxpBxMqYU8NWJKgSxt4AaABAg,,False,@zcarshot,"385,031",1,2021-03-22T10:42:54Z,2021-03-22T10:43:11Z
UgxAw6qdDyyzXAhI1Ed4AaABAg,,False,@zcarshot,miss you,1,2021-03-22T10:42:46Z,2021-03-22T10:42:46Z
UgxXbw52tU8fzCNCJKl4AaABAg,,False,@zcarshot,"384,618",0,2021-03-19T16:25:57Z,2021-03-19T16:26:14Z
Ugx1TBudyL_Y5ZIGQJB4AaABAg,,False,@puputamelia7927,383.888,0,2021-03-09T04:16:30Z,2021-03-09T04:16:30Z
Ugx8sA2r1VrnXk1E6_l4AaABAg,,False,@cottonstars,o2 es superior,0,2021-02-27T01:25:30Z,2021-02-27T01:25:30Z
Ugyk0vu7-XarupYNlKV4AaABAg,,False,@mmmmm4842,Miss you,1,2021-02-13T09:35:39Z,2021-02-13T09:35:39Z
UgyD6fau_DDR4NSzeaN4AaABAg,,False,@sakura9731,Self portrait is the absolute shit♡ and O2 is my fav,0,2021-01-29T20:24:48Z,2021-01-29T20:24:48Z
UgzTEYYgapfvmKP-Sld4AaABAg,,False,@mym7245,It's so good,0,2021-01-28T18:51:09Z,2021-01-28T18:51:09Z
UgyoicIM7iypiMDzasJ4AaABAg,,False,@vanillababie,BEST LEADER 🖤🤍,0,2020-12-29T17:02:10Z,2020-12-29T17:02:10Z
Ugxfk0aeXyqwcYh23i94AaABAg,,False,@taekm776,Omaga,0,2020-12-28T14:23:28Z,2020-12-28T14:23:28Z
UgwoqDQvQa3RFcAhS9d4AaABAg,,False,@mustakimtakim3520,Uri leader.,1,2020-12-27T14:59:52Z,2020-12-27T14:59:52Z
Ugzgd5wiBHrOwdiJwXF4AaABAg,,False,@khinekhine7670,Your skin makes me cry bunny,0,2020-12-21T13:34:24Z,2020-12-21T13:34:24Z
UgzvAXalAQWAvO8VnX54AaABAg,,False,@agatadsinaga4280,Junmaaaaaaaaa,1,2020-12-01T02:17:29Z,2020-12-01T02:17:29Z
UgxZ4Bp2oLKeq3mjaZt4AaABAg,,False,@linphyusinthant8045,Our best leader,0,2020-11-30T16:39:32Z,2020-11-30T16:39:32Z
Ugxv9kMQnOtueFGgQDp4AaABAg,,False,@nurefsan7357,Özledim be,2,2020-11-30T09:31:18Z,2020-11-30T09:31:18Z
UgxQ-mlfJ9tvuWHihNt4AaABAg,,False,@oshxunqi3894,kangen jun :(,0,2020-11-30T02:09:08Z,2020-11-30T02:09:08Z
UgyuDtzXwvgHD6dp17x4AaABAg,,False,@denissefraga2312,"I miss EXO
I miss SUHO..",0,2020-11-20T01:54:34Z,2020-11-20T01:54:34Z
Ugwj6__-ufrRQBJy3wN4AaABAg,,False,@luluvz,textraño😢,0,2020-11-18T18:55:49Z,2020-11-18T18:55:49Z
Ugysaw-P8k1w8kwqyQx4AaABAg,,False,@seemsright2867,Who is here after kai's solo sample .,2,2020-11-18T15:58:35Z,2020-11-18T15:58:35Z
UgwwEccMqxcy8nxPI0N4AaABAg,,False,@NərminƏhmədli-25,After Kai,0,2020-11-18T15:12:35Z,2020-11-18T15:12:35Z
UgwMLlvvvwoZ5v2X6dx4AaABAg,,False,@fikssjodohnyaharutokkaqunk1465,Kamu terlihat tidak memiliki pori pori oppa muka mu begitu muluss:v aku sangat menyukainya♡,0,2020-11-14T15:57:16Z,2020-11-14T15:57:16Z
Ugx5CJF0BOysXqmEIDB4AaABAg,,False,@cottonbunny1679,အချစ်ရဆုံးသူ,0,2020-10-30T12:21:07Z,2020-10-30T12:21:07Z
UgyN2VJu0cTPm7J0Aip4AaABAg,,False,@cottonbunny1679,ကိုယ့်ရဲ့အချစ်ဆုံးကြီး,0,2020-10-30T12:18:29Z,2020-10-30T12:18:29Z
Ugx7zqh_pL3ZG4ilRAp4AaABAg,,False,@tobeyton,Ahhh Suho is too precious,1,2020-10-26T17:40:00Z,2021-07-24T22:59:45Z
UgyGqq2fi--nMxXYnNp4AaABAg,,False,@musfiraa1059,These were such happy days. We used to get Junmyeon content everyday. I miss ...,1,2020-10-20T15:45:15Z,2020-10-20T15:45:15Z
UgxUqhivHUBewFqCUFJ4AaABAg,,False,@smolkyungsoo,O2 is a masterpiece,1,2020-10-15T16:45:46Z,2020-10-15T16:45:46Z
UgzOXcwncadPC_MOgZt4AaABAg,,False,@watchexo9322,I love you SUHO 💕,0,2020-10-15T02:40:02Z,2020-10-15T02:40:02Z
Ugw6OYstWoNaMRN6k_d4AaABAg,,False,@junkyukim8541,I miss you,0,2020-09-21T19:23:27Z,2020-09-21T19:23:27Z
UgyCU9TUTDjx-YTKBgh4AaABAg,,False,@곽동범,멜로디 너무 죻아서 가끔 찾아듣게됨 ㅋㅋ,0,2020-09-18T11:45:56Z,2020-09-18T11:45:56Z
UgxvKEcaCwpJN25C-hR4AaABAg,,False,@sk-tc9bq,I came here over and over again to see beauty,1,2020-09-11T22:39:54Z,2020-09-11T22:39:54Z
Ugxb52Z8lGk4HTjYnz54AaABAg,,False,@dipishagrg8956,Always great our Suho,0,2020-09-09T04:26:41Z,2020-09-09T04:26:41Z
Ugzp1fgTL7f4BPkjjcJ4AaABAg,,False,@timothyajayce9113,Keep safe n blessed suho shi,0,2020-08-22T18:58:05Z,2020-08-22T18:58:05Z
UgyEGe1Xiw9cG-dHnXF4AaABAg,,False,@moonh7448,i always come back to this mood sampler the visuals the instrumental the hype was everything,0,2020-07-24T15:13:44Z,2020-07-24T15:13:44Z
Ugx-6iACtYDQfZgm19J4AaABAg,,False,@keisyaalmandasalsabila1014,i love  you 😘😘😘,0,2020-07-13T13:24:47Z,2020-07-13T13:24:47Z
UgzkQgoEoZYTsbBx75l4AaABAg,,False,@keisyaalmandasalsabila1014,oppa 😍😍😍,0,2020-07-13T13:24:35Z,2020-07-13T13:24:35Z
UgzIdh231EnChrcYrCx4AaABAg,,False,@summersunshine242,My O2!,1,2020-06-15T09:45:31Z,2020-06-15T09:45:31Z
UgxgVOx3PmD3CXtPsIN4AaABAg,,False,@atieybeh4375,Miss you baby,0,2020-06-05T18:38:47Z,2020-06-05T18:38:47Z
UgxhaUNapm2chrUw2FV4AaABAg,,False,@hyehye123,보고싶어 김준면...,1,2020-06-01T09:42:21Z,2020-06-01T09:42:21Z
UgwqwMpCu3osSVfb2YJ4AaABAg,,False,@kingso9209,We missed you.❤,1,2020-05-18T21:37:47Z,2020-05-18T21:37:47Z
Ugwu3dUCS0vQHDisaQ14AaABAg,,False,@renalyn-p,This is on whole new level wow.,6,2020-05-16T06:37:58Z,2020-05-16T06:37:58Z
UgyvfEobpjQRG0ioR3t4AaABAg,,False,@현-r8v,지금 다시 봐도 너무 좋다,1,2020-05-15T07:17:33Z,2020-05-15T07:17:33Z
Ugwrjq-K9gEsnNclzeB4AaABAg,,False,@yassminabdalazeem296,مفيش حد يكلمني عربي 🙄,0,2020-05-13T22:23:10Z,2020-05-13T22:23:10Z
UgxZFr5t75q95W_grSZ4AaABAg,,False,@rosirodriguez2271,Te voy a extrañar bunny,0,2020-05-13T15:09:55Z,2020-05-13T15:09:55Z
Ugxmfih8B4F4WeYePcF4AaABAg,,False,@cheesym,"я влюблена в этот альбом, я влюблена в его песни, я влюблена в него",0,2020-05-12T23:01:49Z,2020-05-12T23:02:00Z
UgzMy2bQQLV8kuOp-HZ4AaABAg,,False,@cheesym,"ЭТО НАСТОЛЬКО КРАСИВО, ЧТО Я НЕ ПЕРЕСТАЮ ПЛАКАТЬ ДАЖЕ ЧЕРЕЗ ВСЕ ЭТО ВРЕМЯ",0,2020-05-12T23:01:04Z,2020-05-12T23:01:04Z
Ugy9EZN0W0XcjNdXUGZ4AaABAg,,False,@PRIYANKAsingh-wd9xp,I love Suho....N exo,0,2020-05-05T13:06:12Z,2020-05-05T13:06:12Z
UgxqU8HRN_w5-S95a954AaABAg,,False,@misslee9539,"#EXO #WEAREONEEXO
#EXO #WEAREONEEXO

#EXO #WEAREONEEXO

#EXO #WEAREONEEXO

#EXO #WEAREONEEXO",0,2020-04-26T02:51:48Z,2020-04-26T02:51:48Z
Ugw9rRgRqNb0aSU3oC54AaABAg,,False,@catchthevibe4483,Hi all 😀 check my reaction to SUHO @FRcQ,0,2020-04-05T23:11:26Z,2020-04-05T23:11:26Z
UgxMTX6HK3BCuT5L2fx4AaABAg,,False,@彡Ẩ彡-c2m,سوهو...,0,2020-04-05T07:52:22Z,2020-04-05T07:52:22Z
UgwCDBE1PtFNDH3n_tJ4AaABAg,,False,@exoismylifeehsaneh4360,My life,0,2020-04-04T00:56:46Z,2020-04-04T00:56:46Z
UgxGYzXWndc4zCK0QP54AaABAg,,False,@exoismylifeehsaneh4360,Love,0,2020-04-04T00:56:29Z,2020-04-04T00:56:29Z
UgzL_KqG3laMnWZ6hkx4AaABAg,,False,@violet_eden3379,I'm in love with the angels showing him precious moles 😍.,1,2020-03-30T18:48:26Z,2020-03-30T18:48:26Z
UgxEdjmDyXtHm8yAyvB4AaABAg,,False,@phaephae9882,He so handsome.,1,2020-03-30T16:13:05Z,2020-03-30T16:13:05Z
Ugx6dvzpSGc0V1NxRvt4AaABAg,,False,@swietenia1321,"no sabría cómo explicar la felicidad que me da el poder saber que puedo apoyar a un ángel de verdad, a su poesía tan preciosa y a su amor al arte, a junmyeon haciendo lo que más ama y haciendolo perfecto.",0,2020-03-30T13:46:13Z,2020-03-30T13:46:13Z
Ugy5aqVTLeeevSBBNAt4AaABAg,,False,@fiorezalazar6665,Por qué le tapan el lunarcito del labioooooooo,0,2020-03-30T12:12:47Z,2020-03-30T12:12:47Z
UgzytIu7mMwoRyBPxoN4AaABAg,,False,@nurrahmanillah3962,gilee.. cakep banget konsepnya,0,2020-03-30T10:29:53Z,2020-03-30T10:29:53Z
UgyUx6luSPKEnFXfxSx4AaABAg,,False,@ІзбасарқызыАйгерім,💛💛💛💛💛💛💛💛💛💛💛,0,2020-03-30T09:01:45Z,2020-03-30T09:01:45Z
Ugy949iVbQRZqnA0vlN4AaABAg,,False,@denismine4863,😍😎,0,2020-03-30T08:52:35Z,2020-03-30T08:52:35Z
UgzA5qwa2k-voGSSAN14AaABAg,,False,@Lina-dc7vc,omg the visuals of this 😫 he in the sand,0,2020-03-30T04:13:52Z,2020-03-30T04:13:52Z
UgxRJMZz3ZiIePEGg2d4AaABAg,,False,@xoloveriri6529,I’m Getting A Great Vibe ! It Sound So Refreshing !!💘💘💘,0,2020-03-30T00:15:48Z,2020-03-30T00:15:48Z
UgwinxuYPOMmKHW1yjF4AaABAg,,False,@vyousull1709,"^~^""",0,2020-03-29T21:37:07Z,2020-03-29T21:37:07Z
UgwFkZHVu57xJHOY-jp4AaABAg,,False,@vyousull1709,اللهہ على جمالك,0,2020-03-29T21:36:54Z,2020-03-29T21:36:54Z
UgwPmGb5IpnXGru2CHN4AaABAg,,False,@FM-md4jc,We're here for you leadernim!!!,0,2020-03-29T18:56:44Z,2020-03-29T18:56:44Z
UgwtpMn4v-dy4PJq4CZ4AaABAg,,False,@littlesquid1068,"EXO-Ls promise to wait for you, our Leader. ♥",1,2020-03-29T17:03:12Z,2020-03-29T17:03:12Z
Ugyvbxf7vp0dR6bopvl4AaABAg,,False,@vanessarocha4698,beautiful,0,2020-03-29T14:57:39Z,2020-03-29T14:57:39Z
UgzV3-iysFkoJBKI0Sl4AaABAg,,False,@ilkayyldrm166,Love you so much,0,2020-03-29T10:15:57Z,2020-03-29T10:15:57Z
UgySzd9dhTkIo7q4G9J4AaABAg,,False,@denizyldrm3928,Love you so much,0,2020-03-29T10:09:17Z,2020-03-29T10:09:17Z
Ugzm1nJEKJF603mmAZZ4AaABAg,,False,@어니언양파,"한때는 엑소의 한 팬으로서, 수호를 정말 좋아했는데 이제는 엑소의 수호보다는 가수로서의 수호를 좋아해야지",0,2020-03-29T09:33:00Z,2020-03-29T09:33:00Z
UgznyiIhVXyeHu6rRlZ4AaABAg,,False,@sarahjanenioda8482,Let's do our best to support our leader before he went to the military. Fighting EXO-LS!!!,1,2020-03-29T08:06:47Z,2020-03-29T08:06:52Z
UgwEiIJrmax5CTQZdPl4AaABAg,,False,@mochisyam7377,WOY EDAN BUKAN HOOMAN INI MAH,0,2020-03-29T01:54:34Z,2020-03-29T01:54:34Z
UgwHfOJbMP69A0Nz0ad4AaABAg,,False,@ma.leabatan6885,Iloveyou Suho ❤,0,2020-03-29T01:25:40Z,2020-03-29T01:25:40Z
UgzukgZZQRYWwaQacFh4AaABAg,,False,@Karinaa0910,HE IS SOOO HANDSOME AND HE ISS SOOOOO TALENTED!! PERFECTION!,0,2020-03-29T00:51:31Z,2020-03-29T00:51:31Z
UgxhGhi5xCCxwStl2dx4AaABAg,,False,@SoeffelXD,"Get ready to stream Suho's MV for ""Let's Love"" when it drops on 30th March 6pm KST!",0,2020-03-28T21:49:55Z,2020-03-28T21:49:55Z
UgxMKLYJGqXxGmJjDz54AaABAg,,False,@user-on3um9yq1n,احبك♡,0,2020-03-28T20:17:07Z,2020-03-28T20:17:07Z
UgzqzXSNq858_QhIZvJ4AaABAg,,False,@user-on3um9yq1n,ما شاء لله جمال طبيعي,0,2020-03-28T20:16:56Z,2020-03-28T20:16:56Z
UgwdYDG-PMOZu6OdAZh4AaABAg,,False,@user-on3um9yq1n,يا عمري,0,2020-03-28T20:16:35Z,2020-03-28T20:16:35Z
UgzJX9mwxD4vUi3hmuh4AaABAg,,False,@8878495,♥️,0,2020-03-28T19:20:23Z,2020-03-28T19:20:23Z
UgyVWTXFA2Cudb65h6l4AaABAg,,False,@sara_9662,suho oppa  i love you😘,0,2020-03-28T16:38:57Z,2020-07-07T17:36:20Z
UgwA7qvOn7Nn0li-UUx4AaABAg,,False,@ღყყღ-ქ2ჰ,↘↘↘↘↘↘↘↘↘,0,2020-03-28T16:38:14Z,2020-03-28T16:38:14Z
UgxHjhNuLkA56bW0i354AaABAg,,False,@ღყყღ-ქ2ჰ,⤴⤴⤴⤴⤴⤴⤴⤴⤴⤴,0,2020-03-28T16:38:01Z,2020-03-28T16:38:01Z
Ugzc9NHzBEkR8SuXeIN4AaABAg,,False,@ღყყღ-ქ2ჰ,◻◻◻◻◻◻◻◻◻◻,0,2020-03-28T16:37:53Z,2020-03-28T16:37:53Z
UgxIcvF0VSrcdwFly_p4AaABAg,,False,@ღყყღ-ქ2ჰ,▪▪▪▪▪▪▪,0,2020-03-28T16:37:46Z,2020-03-28T16:37:46Z
UgzhisorvOvul0DURPl4AaABAg,,False,@ღყყღ-ქ2ჰ,إثبات وجود,0,2020-03-28T16:37:36Z,2020-03-28T16:37:36Z
UgwldhviNlfh1eOQZT14AaABAg,,False,@ღყყღ-ქ2ჰ,ستريمم,0,2020-03-28T16:37:25Z,2020-03-28T16:37:25Z
Ugwkb-JIIJnmpSJ-3FN4AaABAg,,False,@nayelilozano8839,Such a beautiful leader. 💗💗💗💕,0,2020-03-28T15:54:12Z,2020-03-28T15:54:12Z
Ugyf9lTHndxT7ag6hsl4AaABAg,,False,@EXOL-iz4fd,So handsome as always,0,2020-03-28T15:53:36Z,2020-03-28T15:53:36Z
UgxZe1yNFkvjrC8MY1l4AaABAg,,False,@EXOL-iz4fd,My favourite forever,0,2020-03-28T15:53:25Z,2020-03-28T15:53:25Z
UgzPFuSqGtu6cK606GR4AaABAg,,False,@EXOL-iz4fd,Best luck for you,0,2020-03-28T15:53:04Z,2020-03-28T15:53:04Z
UgyEBMPYRzHM2jcFuEV4AaABAg,,False,@EXOL-iz4fd,His beauty is so unique,0,2020-03-28T15:52:57Z,2020-03-28T15:52:57Z
Ugx4dSTe28f1P2ydvTF4AaABAg,,False,@jermerespito2245,Bebekooooo,0,2020-03-28T15:37:41Z,2020-03-28T15:37:41Z
UgxbAERj2niljjXbj6F4AaABAg,,False,@babethsandiego8374,What’s with thumbs down?......?......?,0,2020-03-28T11:56:12Z,2020-03-28T11:56:12Z
Ugzhnw4r9cW1bdF-Lih4AaABAg,,False,@19_nikmatussholehah55,🥺,0,2020-03-28T09:58:44Z,2020-03-28T09:58:44Z
UgzWVfpGjGBGcBSgGuh4AaABAg,,False,@selenagomez914,exo-l  fighting....love you suho,0,2020-03-28T07:41:41Z,2020-03-28T07:41:41Z
UgybxdhXDWwNSa7eVV54AaABAg,,False,@ziamysayyed6101,"Go suho leader nim fighting!
We all exo-l will always support you😊😊",1,2020-03-28T07:02:13Z,2020-03-28T07:02:13Z
UgxLl8ZaFJgHSx9iauh4AaABAg,,False,@auhuparkcy4327,❤️❤️❤️,0,2020-03-28T06:55:37Z,2020-03-28T06:55:37Z
UgwVWi2AcARyBwF-b4x4AaABAg,,False,@nou1107,I can’t believe suhoooo😭💕💕💕💕💕💕💕,1,2020-03-28T06:01:09Z,2020-03-28T06:01:09Z
Ugz9KxBXQ-0AjurNUF54AaABAg,,False,@nou1107,Everything is perfect 👌,1,2020-03-28T06:00:48Z,2020-03-28T06:00:48Z
UgzRwHx0FNLsMDJ40hB4AaABAg,,False,@thalitamansini8404,Infartando em 3 2 1......😱🥰🥰,0,2020-03-28T02:52:14Z,2020-03-28T02:52:14Z
Ugway2wj2DYUuEMJhHN4AaABAg,,False,@4reverexol400,Аххх. Слишком красивый.,0,2020-03-27T18:45:01Z,2020-03-27T18:45:01Z
UgyRxRbBgdpt4F96eYV4AaABAg,,False,@flordilizamadrona3259,Arghh his eyes. Gosh I love him so much<3,0,2020-03-27T17:03:18Z,2020-03-27T17:03:18Z
UgztIP6vMoG8ius4VA94AaABAg,,False,@ginawu5452,Daebak T^T,0,2020-03-27T15:49:56Z,2020-03-27T15:49:56Z
UgwDjmBiExaqeHxCK7l4AaABAg,,False,@chillm3081,O2  ❤,0,2020-03-27T15:16:02Z,2020-03-27T15:16:02Z
Ugy3a6ccmgc6Xv7Jvtd4AaABAg,,False,@cherymona1583,looking forward 🤩,0,2020-03-27T13:31:47Z,2020-03-27T13:31:47Z
Ugwa_Ht3hoKYDINQ7iR4AaABAg,,False,@АлимаОсмонова-д5к,It sounds very inspiring. I love it.,0,2020-03-27T13:06:19Z,2020-03-27T13:06:19Z
Ugw0Dox7Zuw2b6tqPQN4AaABAg,,False,@marianroseamo1884,THE BEAUTY,0,2020-03-27T12:19:07Z,2020-03-27T12:19:07Z
UgwOfq1YQNZzoXMYJlF4AaABAg,,False,@ingging7598,이게 O2인가?,0,2020-03-27T11:51:06Z,2020-03-27T11:51:06Z
UgzfjNRZnQLBwSLQo014AaABAg,,False,@hanaji_,Stay safe everyone especially exo💕,0,2020-03-27T10:39:05Z,2020-03-27T10:39:05Z
Ugy-WYJR_PI-0dbHLEt4AaABAg,,False,@김유미-r2e,왜이렇게 잘생겼는데 ㅠ,0,2020-03-27T09:36:30Z,2020-03-27T09:36:30Z
UgzdhXjOEjpdnQpDYUV4AaABAg,,False,@АидаИмиева,I can’t stop watching this!!! We are ready for album haha,0,2020-03-27T06:54:38Z,2020-03-27T06:54:38Z
UgytqAgcXYPXGEEqiwB4AaABAg,,False,@Meemees-zl2vz,"ARAB exo L 
🤍🤍🤍🤍🤍",0,2020-03-27T02:37:00Z,2020-03-27T02:37:00Z
UgzLLZQw0znxwMk5I3N4AaABAg,,False,@kokxbop8118,MIAMOR 🖤,0,2020-03-27T01:56:33Z,2020-03-27T01:56:33Z
UgxjjRkLLpp74k5TqkF4AaABAg,,False,@lucianaa.7726,Pure art,0,2020-03-27T01:53:18Z,2020-03-27T01:53:18Z
Ugx7274vEV9jFBcDaJV4AaABAg,,False,@NatureMyBestie,Sarang ha ja 🌺🌹🌺🌹🌺🌹🌺🌹🌺🌹🌺🌹,0,2020-03-27T00:37:55Z,2020-03-27T00:37:55Z
Ugywb9pxHB6X__NwtJB4AaABAg,,False,@xiuminsweethome3170,"Let's give many hearts and supports for Suho solo, he deserve more than everything, i am sure this album will great, thank you our junmyeonnie for this present to us, you really did great, we always love you",10,2020-03-26T23:44:54Z,2020-03-26T23:44:54Z
Ugy8DjdVPKcnQz2j6mx4AaABAg,,False,@adeliaata,Semangat junmen❤️,0,2020-03-26T22:51:06Z,2020-03-26T22:51:06Z
UgwIL1DkluP9jSYIJCp4AaABAg,,False,@mitchbentosky1384,Nuestro bello lider parece un angel ♡ uwu,0,2020-03-26T21:27:03Z,2020-03-26T21:27:03Z
UgymjHFhSxOYXwYVwuF4AaABAg,,False,@1432-s1i,فدواااا,0,2020-03-26T20:45:32Z,2020-03-26T20:45:32Z
UgyT8b1QOiHTlc--h-J4AaABAg,,False,@andmilk7947,Enserio que es arte este hombre,0,2020-03-26T20:10:42Z,2020-03-26T20:10:42Z
UgzTisnMhq68rhTxk3F4AaABAg,,False,@lissetsanchezleonel4513,Éxito Bae,0,2020-03-26T20:02:30Z,2020-03-26T20:02:30Z
UgyaOjSTzbQtpr_1Jyx4AaABAg,,False,@lissetsanchezleonel4513,The desert my favorite place,0,2020-03-26T20:02:19Z,2020-03-26T20:02:19Z
Ugxqfy08cItCabVt-A94AaABAg,,False,@najmimia,Very very handsome,1,2020-03-26T19:17:17Z,2020-03-26T19:17:17Z
UgxSTfdf2W8XzkVQbX94AaABAg,,False,@Jieuneeee,썸넬 천도 복숭아다 천국의 도지사 김준면,0,2020-03-26T17:44:15Z,2020-03-26T17:44:15Z
UgzQXdUi5qvOMVdx0hF4AaABAg,,False,@fullsun5235,"I just adore you, Suho.",1,2020-03-26T17:43:12Z,2020-03-26T17:43:12Z
UgxmLQ_qoVXvCXMc5Md4AaABAg,,False,@julia-qw5yt,deus...,0,2020-03-26T16:41:03Z,2020-03-26T16:41:03Z
UgyYn-_0YXKY5hKpwhV4AaABAg,,False,@sekaihun_7253,사랑해 ❤❤❤❤❤❤,0,2020-03-26T16:31:36Z,2020-03-26T16:31:36Z
UgxdpXXmlWi7w_i_IDl4AaABAg,,False,@sekaihun_7253,loooooove you suho 💙💙💙❤❤❤❤❤💙💙💙💙💙💙❤❤❤❤❤,0,2020-03-26T16:31:27Z,2020-03-26T16:31:27Z
Ugy7BA1RRBfu63nkEXl4AaABAg,,False,@jooheroes,이건 O2구나 ㅠㅠㅠㅠ 준면아 노래가 다 좋아서 전부 타이틀로 해도 될거같아 ㅠㅠㅠㅠㅠ,0,2020-03-26T15:46:36Z,2020-03-26T15:46:36Z
Ugy0va-MPPJN30gasyZ4AaABAg,,False,@kyung-soodo3760,Omg 😍,0,2020-03-26T15:41:08Z,2020-03-26T15:41:08Z
UgykCpTGZksrZg3R4uB4AaABAg,,False,@عسولةعسولة-ع1ث,فدوه لهل عيون وهل شفايف الكرزية,0,2020-03-26T15:27:04Z,2020-03-26T15:27:04Z
UgxYzk7V75rvmwZbqVt4AaABAg,,False,@عسولةعسولة-ع1ث,بخصوص مشتاقتلك كثير ومامصدقة اشوكت تنزل البومك اتنظر بفارغ الصبر احبك ياضو عيوني,0,2020-03-26T15:26:47Z,2020-03-26T15:26:47Z
UgzUaNuEc95q-svEuKp4AaABAg,,False,@عسولةعسولة-ع1ث,بخصوص مشتاقتلك كثير ومامصدقة اشوكت تنزل البومك اتنظر بفارغ الصبر احبك ياضو عيوني,0,2020-03-26T15:26:41Z,2020-03-26T15:26:41Z
Ugx3f9kFycqKMvIOVMV4AaABAg,,False,@عسولةعسولة-ع1ث,اشوكت يجي اخر الشهر راح ابجي هفف,0,2020-03-26T15:25:15Z,2020-03-26T15:25:15Z
Ugw7_vStJ8fqVPM1AYt4AaABAg,,False,@عسولةعسولة-ع1ث,My love ~♡,0,2020-03-26T15:24:24Z,2020-03-26T15:24:24Z
UgwsHZjVWC_Dadw7Hpx4AaABAg,,False,@Aquamarinee29,Love you suho .....,0,2020-03-26T15:23:01Z,2020-03-26T15:23:01Z
UgyFpN-ER0edvewXcWd4AaABAg,,False,@Aquamarinee29,Loveeee you so much uri leaderrr ❤🐰🥰,0,2020-03-26T15:22:45Z,2020-03-26T15:22:45Z
UgyemvGXQ5Ne5BrijAl4AaABAg,,False,@nikkuunpredictable9261,"I'm very low-key and now I've rarely been following EXO or any of their activities
But lately joonmeyon has been giving me very weird vibes..he looks sad for some reason ..very closed off ??
I know their time has bocome stressful with all these happening and their military enlightenments on top but he looks so concerning 
I'm afraid..hope he gets good results with his solo",0,2020-03-26T14:05:58Z,2020-03-26T14:05:58Z
Ugy_MtgB6e23UHb7qnp4AaABAg,,False,@mangade88,ooooo ☺☺☺,0,2020-03-26T13:33:33Z,2020-03-26T13:33:33Z
UgyvLuG-y_zdj4JAnGt4AaABAg,,False,@Jun-e5o,Manusia kok ganteng bgini,0,2020-03-26T13:03:18Z,2020-03-26T13:03:18Z
Ugx6ty0l68qCkrK5Sc94AaABAg,,False,@АидаИмиева,The colors are amazing! Our water king Suho😍,0,2020-03-26T10:59:35Z,2020-03-26T10:59:35Z
UgzvH2GAkWS-L9YPvIN4AaABAg,,False,@jisookim7288,I'll always support you,0,2020-03-26T08:09:07Z,2020-03-26T08:09:07Z
Ugx82UTxwKjk3EAbWWV4AaABAg,,False,@jisookim7288,Can't wait,0,2020-03-26T08:08:58Z,2020-03-26T08:08:58Z
Ugy-IA6hHandtIrmVfF4AaABAg,,False,@anindiazrachmia764,Suhoooooo,0,2020-03-26T07:15:36Z,2020-03-26T07:15:36Z
UgwcK9ii1cRbJYzK05x4AaABAg,,False,@mobinarzrv3845,He is so beautiful oh my God *-*,1,2020-03-26T05:56:26Z,2020-03-26T05:56:26Z
UgzuGStJC40yxQ7DPlZ4AaABAg,,False,@shajojo5237,"Very, very handsome. 😭🤤",1,2020-03-26T05:34:47Z,2020-03-26T05:34:47Z
Ugw62ePECVU8yHaLVoJ4AaABAg,,False,@sophea6422,I'm crying just because this sounds way too good.,0,2020-03-26T00:41:32Z,2020-03-26T00:41:32Z
UgzdoXDv3ZbTP3SQ4P14AaABAg,,False,@wafaa9441,suhooooooo👏👏💔,1,2020-03-26T00:24:23Z,2020-03-26T00:24:23Z
UgzIitGRze29IWvDkc94AaABAg,,False,@任天爱,宝贝冲冲冲,0,2020-03-26T00:12:48Z,2020-03-26T00:12:48Z
UgylVigLcx9uKZSiBHd4AaABAg,,False,@andaflower6507,love you,0,2020-03-25T23:54:08Z,2020-03-25T23:54:08Z
UgzH04i5lAF3gU2aXdx4AaABAg,,False,@monicatapia299,"My love, I really love you <3",0,2020-03-25T21:59:40Z,2020-03-25T21:59:40Z
Ugw55LUycEt_zcOoG_N4AaABAg,,False,@katherinfontechabarrantes6196,Mi precioso Suho 💕🥰,0,2020-03-25T21:54:16Z,2020-03-25T21:54:16Z
Ugz5WwHxY1kFHB81C1d4AaABAg,,False,@abiram1997,Hi,0,2020-03-25T21:44:33Z,2020-03-25T21:44:33Z
UgyEwsM7rywWlkyBkjF4AaABAg,,False,@fatihaarrad1384,I just wanna say something let's do our best in support his solo work cause our beloved and hardworking leader deserves no less than that,2,2020-03-25T18:57:46Z,2020-03-25T18:57:46Z
Ugy4xfW2LP3xrBbiU3V4AaABAg,,False,@fatihaarrad1384,Can't stress how beautiful you are. Best leader,0,2020-03-25T18:56:26Z,2020-03-25T18:56:26Z
Ugysq--viQoGM8prmv94AaABAg,,False,@carcanfly,Stay healthy 💙🧡,1,2020-03-25T18:05:06Z,2020-03-25T18:05:06Z
UgwiaUoqrvSA5Zqi8CB4AaABAg,,False,@anneongjad2oya,자화상 스밍 합시다 에리들 수호 첫 솔로엘범인데 기 죽으면 안되잖아요.ㅜㅜ 엑소엘 단합력 화력 보여주자고요. 엑소엘 너무 그동안 잘해왔잖아. 그치? 난 엑소를 믿지만 엑소엘도 믿어. 엑소엘 스밍 열심히 돌리자고요!!!!!!!!!!!! 화이팅 할수있다!,0,2020-03-25T17:38:15Z,2020-03-25T17:38:15Z
UgwSLwhY2zgQ8xsgqIp4AaABAg,,False,@anneongjad2oya,수호오빠 지금 고2라서 힘들고 지칠때도 많지만 엑소 보면 싹다 날아가요!!! 우리 리더 준면아 에리가 솔로데뷔 응원 많이 해주고 계속 스밍해줄게. 항상 엑소 잘 이끌어나가줘서 너무 고맙고 이젠 엑소엘이 수호 첫 솔로데뷔 응원해주고 이끌어 나가줄게. 많이 사랑해 수호야 고마워 항상 미안하고 사랑하고 고마워.,0,2020-03-25T17:33:15Z,2020-03-25T17:33:15Z
UgxugJVkmSyXQNoELPl4AaABAg,,False,@Anonymous-un4hx,"Dear Uri Angel/Sunshine Suho,
Within these confined walls, you keeping my sanity intact. 
Finally, Exols our long wait is going to be well deserved compensated. This Album is Magical with such amazing Melodies and softness. Save the Date guys!",3,2020-03-25T17:25:14Z,2020-03-25T17:25:14Z
UgwrS5ZzFXYiHOAg2wN4AaABAg,,False,@Muichirou1235,Wow so exellent Junmyun Hyung comeback,0,2020-03-25T16:50:26Z,2020-03-25T16:50:36Z
Ugy4Km4DDzk402FdCeh4AaABAg,,False,@halasa3043,This is suho? Or the angel,0,2020-03-25T16:47:53Z,2020-03-25T16:47:53Z
Ugy7ZZ-qUWPbJuDImdR4AaABAg,,False,@韩琳琳,i love you❤️,0,2020-03-25T16:36:47Z,2020-03-25T16:36:47Z
UgzEtGyiaDiGURhnHa94AaABAg,,False,@putriyuvita8609,Iloveyoyy uri leader,0,2020-03-25T16:21:05Z,2020-03-25T16:21:05Z
Ugx8HU5dRglL1qDn0a94AaABAg,,False,@diahsemarang110,The real art,0,2020-03-25T15:52:29Z,2020-03-25T15:52:29Z
Ugz6X8FHfxOrxg1XxK94AaABAg,,False,@AnaCarolina-pi8dp,Só vai ter hino nesse álbum,0,2020-03-25T15:25:04Z,2020-03-25T15:25:04Z
UgwGWqX03fhpmTB3CNB4AaABAg,,False,@promidipityy9290,SUHO LET ME DIE IN PEACE YOU BRAT,0,2020-03-25T15:17:36Z,2020-03-25T15:17:36Z
UgywcF97nQ6MvzAeE9F4AaABAg,,False,@doruru4970,Its my favorite already!,1,2020-03-25T15:06:39Z,2020-03-25T15:06:39Z
Ugx8d_7LLS5poXUUpj14AaABAg,,False,@JP-kr4xi,WHY I AM CRYING SO PROUDDDDD,0,2020-03-25T14:05:36Z,2020-03-25T14:05:36Z
UgxG9i1VhiweJK86HMx4AaABAg,,False,@Loreyy21,"Suhoo we love you. Fighting
Turkish Exo-L",1,2020-03-25T13:43:39Z,2020-03-25T13:43:39Z
Ugw6igfYzGGJ499hmWZ4AaABAg,,False,@glor.9799,<3,0,2020-03-25T13:41:12Z,2020-03-25T13:41:12Z
UgxQCNHywrBm61jv3uh4AaABAg,,False,@syenlisan1485,Who else counted Junmyeon's moles on his face?,7,2020-03-25T13:35:32Z,2020-03-25T13:36:05Z
UgwfgVTdqQ49QeN3pnB4AaABAg,,False,@qelsieashie9162,SUHO VAN GOGH IS COMING,0,2020-03-25T13:03:11Z,2020-03-25T13:03:11Z
UgwqBzLuVxd-IQJTUI94AaABAg,,False,@fredvilla1222,We are one.. waiting for OT9,0,2020-03-25T10:24:24Z,2020-03-25T10:24:24Z
UgzfLyffvyb9UtWXtth4AaABAg,,False,@exosunuozleyenmey2970,We are one EXO TURKİSH EXO-L,1,2020-03-25T10:23:04Z,2020-03-25T10:23:04Z
UgyH5Jk_6A7qWp0-Qih4AaABAg,,False,@exosunuozleyenmey2970,Turkish exol,1,2020-03-25T10:22:40Z,2020-03-25T10:22:40Z
UgwdFbJeJOfTpvAmtZh4AaABAg,,False,@enenjuariah7535,I love suho exo,0,2020-03-25T09:43:41Z,2020-03-25T09:43:41Z
Ugy8oqOWFgo7QKHOt7h4AaABAg,,False,@shahdmohamed4478,I love you ❤️,0,2020-03-25T08:18:28Z,2020-03-25T08:18:28Z
UgzLhULNbtChvc_reTl4AaABAg,,False,@sedansogu9941,Tengamos un reencuentro bebé suho ❣❣❣❣❣❣❣❣❣,0,2020-03-25T07:03:17Z,2020-03-25T07:03:17Z
Ugy6WKbujcY0Vo41n894AaABAg,,False,@melikat404,Love,0,2020-03-25T06:36:27Z,2020-03-25T06:36:27Z
UgzUfV7ifJvIWYJ-wWJ4AaABAg,,False,@jaes1600,Suho our best leader we're here for you!,0,2020-03-25T05:42:23Z,2020-03-25T05:42:23Z
UgxR_FjY2J8xL1ecc354AaABAg,,False,@fiefira2165,💖🙆💖,0,2020-03-25T05:32:08Z,2020-03-25T05:32:08Z
Ugx56R4SD8deImPbEvN4AaABAg,,False,@athenamaxima,Es tan lindo !!,0,2020-03-25T05:23:29Z,2020-03-25T05:23:29Z
UgwqshTSbgg582pvovV4AaABAg,,False,@tun6043,We love you so much Suho♥️♥️♥️,0,2020-03-25T05:18:51Z,2020-03-25T05:18:51Z
UgwzHiTD9sms50gwxKB4AaABAg,,False,@byditaaa,haha bagus banget yang iniii. nangis.,0,2020-03-25T03:04:13Z,2020-03-25T03:04:13Z
UgxrZVoeN08KOZE8CHR4AaABAg,,False,@parklamees_exo_l9398,لوفففف يووو,0,2020-03-25T02:37:58Z,2020-03-25T02:37:58Z
Ugyl6GMxTt6Cn2WxwNR4AaABAg,,False,@Dayanna.Lumi_Lix,ME EMOCIONO esa tonadita suena tan bien 💙💙🥺👌 Suho Fighting!!!,0,2020-03-25T02:18:23Z,2020-03-25T02:18:23Z
UgzINdvAnBiKv_jHa_14AaABAg,,False,@loeyxgalaxyfanfan576,Suho is such a bias wrecker!,0,2020-03-25T01:30:58Z,2020-03-25T01:30:58Z
UgwCF1y3ReRK3-_UIJR4AaABAg,,False,@amnayaseen3669,"Can't wait for the album, I know it's not gonna disappoint me for sure ❤️",0,2020-03-25T00:58:25Z,2020-03-25T00:58:25Z
UgwraQ7ZVoQChXteVj54AaABAg,,False,@ABCD-sc5xs,Suho EXO Fighting,0,2020-03-24T23:44:08Z,2020-03-24T23:44:08Z
UgwVcnLs7jaumwGBEVJ4AaABAg,,False,@dreamingaround8707,Please. Support our leader. Pleaseeeee EXO L,0,2020-03-24T23:05:56Z,2020-03-24T23:05:56Z
Ugw8WW29DU5dFzSZpuV4AaABAg,,False,@ukyokoshi9365,thanks for giving us art,0,2020-03-24T20:33:00Z,2020-03-24T20:33:00Z
Ugxm2yEEs1HgXFUWThJ4AaABAg,,False,@angelesabanmartinez7774,Será arte,0,2020-03-24T20:10:44Z,2020-03-24T20:10:44Z
Ugy-9WwVxzGvd6iTHjx4AaABAg,,False,@jonginswife7471,he's STUNNING,0,2020-03-24T20:09:02Z,2020-03-24T20:09:02Z
UgzlFFkfLVaO-N3o2094AaABAg,,False,@nononono7264,🤴🤴🤴🤴🤴🤴🤴🤴🤴🤴🤴😍🤴🤴😍🤴🤴🤴😍🤴🤴😍🤴🤴🤴😍🤴🤴😍😍🤴🤴🤴😍🤴🤴🤴😍🤴🤴😍🤴🤴🤴😍🤴🤴😍😍❤❤❤❤❤❤❤❤❤❤🤴🤴🤴🤴🤴🤴🤴🤴🤴🤴😍😍😍,0,2020-03-24T19:11:06Z,2020-03-24T19:11:06Z
UgxNsLZAhqUnriNMpst4AaABAg,,False,@norach7959,Suho I love you,0,2020-03-24T18:57:46Z,2020-03-24T18:57:46Z
UgzDsFOzYkSdWHeSAJN4AaABAg,,False,@evypazos5159,Suho the best líder!!!,0,2020-03-24T17:43:25Z,2020-03-24T17:43:25Z
UgzqQClQW1VpQaTQiq14AaABAg,,False,@bangtanyoonmin8341,💜💜💜💜💜💜,0,2020-03-24T17:39:33Z,2020-03-24T17:39:33Z
Ugzkq4T7eXn9IwY29gh4AaABAg,,False,@vladi8618,How can you look so good?!,0,2020-03-24T17:34:24Z,2020-03-24T17:34:24Z
Ugy9aYU_6KNnG9aLdYJ4AaABAg,,False,@wisdomfontanilla6648,ahhhhhhhHh!,0,2020-03-24T17:26:46Z,2020-03-24T17:26:46Z
Ugw0_brIJfyLQ-JPFjR4AaABAg,,False,@nahomilopez7070,❤️❤️❤️❤️,0,2020-03-24T17:18:53Z,2020-03-24T17:18:53Z
Ugwj9ksoCtfIFc5886d4AaABAg,,False,@Cilla0112,너무 좋다...,0,2020-03-24T17:15:40Z,2020-03-24T17:15:40Z
Ugyy1d27K3COyPsTsq14AaABAg,,False,@duf.l6268,فايتنغ,0,2020-03-24T17:05:38Z,2020-03-24T17:05:38Z
UgxePOMXX54yPO2H5jl4AaABAg,,False,@kachan529,ЭТО САМОЕ КРАСИВОЕ ЧТО Я ВИДЕЛА В СВОЕЙ ЖИЗНИ!!!,0,2020-03-24T16:59:46Z,2020-03-24T16:59:46Z
Ugwt7iCFBslPpn6a0-Z4AaABAg,,False,@esralmustafa270,جمالووو ولووو,0,2020-03-24T16:56:25Z,2020-03-24T16:56:25Z
UgxOdvQBBkTaGnzxrVZ4AaABAg,,False,@esralmustafa270,Love love,0,2020-03-24T16:56:15Z,2020-03-24T16:56:15Z
UgzBAU9JaMGMpiwBSOR4AaABAg,,False,@esralmustafa270,The best,0,2020-03-24T16:46:57Z,2020-03-24T16:46:57Z
UgyqE3egFIw3ouBskN54AaABAg,,False,@esralmustafa270,Kim juncotton,0,2020-03-24T16:46:48Z,2020-03-24T16:46:48Z
UgzIEyK_1SF_PpCX21V4AaABAg,,False,@esralmustafa270,I love you,0,2020-03-24T16:46:37Z,2020-03-24T16:46:37Z
Ugw5flqSEUq4IEut35Z4AaABAg,,False,@mervedalgn4301,Can't wait to hear this angel!,0,2020-03-24T16:08:08Z,2020-03-24T16:08:08Z
UgxlTOqxHGeBW7cctC54AaABAg,,False,@NadaAlSultan-m2o,الليدر الجذاب 😭💘😍🤤💘,0,2020-03-24T15:58:10Z,2020-03-24T15:58:10Z
UgzRc-897OVC5QKePZl4AaABAg,,False,@NadaAlSultan-m2o,Myyy heart 💘😭😭😍😍😍🙈🙈🙈💕💕💕,0,2020-03-24T15:57:55Z,2020-03-24T15:57:55Z
Ugxvd2jbymxLQER9S7t4AaABAg,,False,@danielagonzales2093,Perfectoooo♡♡♡♡,0,2020-03-24T15:44:20Z,2020-03-24T15:44:20Z
UgzxbgdhDQdeVFcVowd4AaABAg,,False,@danielagonzales2093,Lindooo ♡♡♡,1,2020-03-24T15:44:11Z,2020-03-24T15:44:11Z
UgzxbgdhDQdeVFcVowd4AaABAg.96aJ-bduii796nkzm8M8dq,UgzxbgdhDQdeVFcVowd4AaABAg,True,@dkkkk7191,Sim,0,2020-03-29T21:07:36Z,2020-03-29T21:07:36Z
UgxSqsIpFYToeYMn0GR4AaABAg,,False,@danielagonzales2093,Dioso ♡♡♡♡,0,2020-03-24T15:44:04Z,2020-03-24T15:44:04Z
UgwQvHwB6nq2w9__vTB4AaABAg,,False,@alisunal6853,SUHOMMAAA!!,0,2020-03-24T15:41:25Z,2020-03-24T15:41:25Z
Ugwh48utJQ5R_D8re5J4AaABAg,,False,@elocinsolace,I love it ! The beat is already getting into my nerves!!,0,2020-03-24T15:40:31Z,2020-03-24T15:40:31Z
Ugwu8x9eo4vi76JmktB4AaABAg,,False,@sunghoononly1771,Im proud of you our best leader. ❤️💕😍,0,2020-03-24T15:26:16Z,2020-03-24T15:26:16Z
UgyiubwWdd55zxBFyoF4AaABAg,,False,@blubewy,😍😍😍😍😍😍😍😍😍,0,2020-03-24T15:24:35Z,2020-03-24T15:24:35Z
UgznCfHEUQbosw1-wGB4AaABAg,,False,@Tia-vf2pq,"Can't wait for his album. I want to listen to his heavenly vocals ASAP!
Btw he is so gorgeous.",1,2020-03-24T15:23:15Z,2020-03-24T15:23:15Z
UgzCCZV1d2OXjah18Kd4AaABAg,,False,@apricot9089,진짜 너무 좋다 노래...,0,2020-03-24T15:20:22Z,2020-03-24T15:20:22Z
UgzNo2xrCgt-kaHgJht4AaABAg,,False,@rhidzbalicog7993,You are amazing Exo Suho ❤️❤️❤️❤️,0,2020-03-24T15:20:19Z,2020-03-24T15:20:19Z
UgwHGHZ_tGguUDNOzsB4AaABAg,,False,@istiara.7163,💓💓💓💓💓💓 banyak cinta untuk exo dari exo l 💓💓💓💓💓💓,0,2020-03-24T15:18:14Z,2020-03-24T15:18:14Z
Ugx0U336hhrGXDpAiEp4AaABAg,,False,@m_ia2999.,"I only have one thing: I love you, and I will support you in anything you do, and I will not hinder you in something you love. EXO-L ARAB WE ARE ONE FOREVER ❤️😢",2,2020-03-24T15:16:11Z,2020-03-24T15:16:11Z
Ugxajb3YXfcUkS0X2lt4AaABAg,,False,@maryamshawat8494,عليا الطلاق مش إنسان طبيعي كدا مستحيل,0,2020-03-24T15:12:48Z,2020-03-24T15:12:48Z
UgxdDzs41G9HJ5F_j8V4AaABAg,,False,@inanggggg,Really like it,0,2020-03-24T15:10:49Z,2020-03-24T15:10:49Z
Ugw-hoedDdTb3k0I5nV4AaABAg,,False,@manaryeol,احبك,0,2020-03-24T15:03:38Z,2020-03-24T15:03:38Z
UgwmwacMTR9upltLHw14AaABAg,,False,@user-wb1th6kp3i,타이틀이었으면 좋겠다ㅠㅠ 너무좋아,0,2020-03-24T15:03:16Z,2020-03-24T15:03:16Z
UgwZppTgvepmNxFg-Zd4AaABAg,,False,@isratjahineca5303,❤️,0,2020-03-24T14:54:27Z,2020-03-24T14:54:27Z
Ugx3IV-BjcEW3YTWQDB4AaABAg,,False,@stevanirisma639,"Aaawww bening beutt ya lord^,^",0,2020-03-24T14:18:15Z,2020-03-24T14:18:15Z
Ugx4J-pgPmOfDq0rOWt4AaABAg,,False,@앙존잘이갱띠,수호오빠 평생 사랑할꺼야❤,0,2020-03-24T13:41:39Z,2020-03-24T13:41:39Z
Ugxykrvqclvji0xKuTV4AaABAg,,False,@marianavarrete6313,💛WE LOVE KIM JUNMYEON💛,0,2020-03-24T13:33:13Z,2020-03-24T13:33:13Z
UgxQ8HDPJqOqR3F1hG54AaABAg,,False,@zarika6052,Exol support our leader,0,2020-03-24T12:40:02Z,2020-03-24T12:40:02Z
UgwhVtlsf2JSo_iypyh4AaABAg,,False,@zarika6052,Suho best leader,0,2020-03-24T12:39:21Z,2020-03-24T12:39:21Z
UgxVYouYcgpS-8SODXN4AaABAg,,False,@baekhyun1834,cant wait for this,0,2020-03-24T12:36:57Z,2020-03-24T12:36:57Z
UgwCnMRNyyGTeGuT7lF4AaABAg,,False,@midhalykumarj1158,God he looks breathtaking 😯😯,0,2020-03-24T12:17:07Z,2020-03-24T12:17:07Z
UgwcPN3c-3kSEOYFX2h4AaABAg,,False,@annraboy1233,The raw instruments hun.. 💕💕💕,0,2020-03-24T12:06:05Z,2020-03-24T12:06:05Z
UgxEnJhMyfNKYJ4ll194AaABAg,,False,@itsenda3693,Oh my god ❤️❤️❤️,0,2020-03-24T10:32:11Z,2020-03-24T10:32:11Z
UgwOMnX1KjMyvah9V314AaABAg,,False,@daar_6462,사랑해 수호 오빠😍😍💙💙,1,2020-03-24T10:27:42Z,2020-03-24T10:27:42Z
UgxWYP9bQyk5NwPbw1F4AaABAg,,False,@daar_6462,I luv you suho oppa💙💙💙,1,2020-03-24T10:27:09Z,2020-03-24T10:27:09Z
Ugxaltyf2zwmVovHzkp4AaABAg,,False,@daar_6462,😍😍😍,1,2020-03-24T10:26:58Z,2020-03-24T10:26:58Z
Ugxndtrgk1DuBioiYEJ4AaABAg,,False,@nadiarahmawati363,IM SO EXCITED :)),0,2020-03-24T09:39:16Z,2020-03-24T09:39:16Z
Ugy5GLfGcAhJK3RMHah4AaABAg,,False,@АидаИмиева,I am thinking about how beautiful these song will be with his unbelievably perfect voice,2,2020-03-24T08:45:58Z,2020-03-24T08:45:58Z
UgxfXik25qeHSh6bhGx4AaABAg,,False,@jongdaesbaby383,My desert prince,0,2020-03-24T07:30:00Z,2020-03-24T07:30:00Z
UgzLpecOeAbYsRG1hNl4AaABAg,,False,@katieahn4018,인간적으로 우리 리더 너무 멋지다😭❤️❤️❤️,0,2020-03-24T06:13:26Z,2020-03-24T06:13:26Z
UgwSrENs2CyxuxpoBwV4AaABAg,,False,@noexonolafu790,Te amo Suho 😩♥️,0,2020-03-24T02:13:03Z,2020-03-24T02:13:03Z
Ugwk1ZGdt7cjreg49Hp4AaABAg,,False,@melikagh9196,Sohooooo😍😍,0,2020-03-24T00:11:42Z,2020-03-24T00:11:42Z
UgxITINYOi4wlh5qS014AaABAg,,False,@АидаИмиева,Can’t wait to see MV!,0,2020-03-23T21:31:29Z,2020-03-23T21:31:29Z
UgzsYpT_bQgBJoH7SO54AaABAg,,False,@byebyemyblue1922,Damn the rock elements IM SCREAMING,0,2020-03-23T21:07:48Z,2020-03-23T21:07:48Z
UgxItxG4YfwW7JvYeFh4AaABAg,,False,@berenicebernal4099,"Te amo, aquí te estamos esperando tu hijo Suho Francisco y yo",0,2020-03-23T21:05:29Z,2020-03-23T21:05:29Z
Ugy_5aQTtajbcXxPNYJ4AaABAg,,False,@berenicebernal4099,Papucho,0,2020-03-23T21:05:10Z,2020-03-23T21:05:10Z
UgzDlqI8h0rTIzC5VCF4AaABAg,,False,@dianayustya1469,💓💓💓💓💓💓,0,2020-03-23T20:39:14Z,2020-03-23T20:39:14Z
Ugyhgd6jR9z7l-y6Elt4AaABAg,,False,@selfportrait5041,♥♥♥,0,2020-03-23T18:46:36Z,2020-03-23T18:46:36Z
Ugx4c9RG5_TQgDs8Z4Z4AaABAg,,False,@xiumin852,♥♥♥♥,0,2020-03-23T18:45:01Z,2020-03-23T18:45:01Z
UgxLDMZ3XlbWXXEGwmZ4AaABAg,,False,@xiumin852,....,0,2020-03-23T18:44:52Z,2020-03-23T18:44:52Z
UgycFZx-zdu_0xMJJ6J4AaABAg,,False,@xiumin852,♡♡♡♡♡,0,2020-03-23T18:44:45Z,2020-03-23T18:44:45Z
UgzRx6V-eqChGSkS-eN4AaABAg,,False,@supermsupporter7781,Suho,0,2020-03-23T18:37:08Z,2020-03-23T18:37:08Z
UgzuK11lX-SE3zI_Pfp4AaABAg,,False,@kimjuny5415,Angel angel angel,0,2020-03-23T18:18:46Z,2020-03-23T18:18:46Z
UgxPM64H7FfkQmNsShh4AaABAg,,False,@lamysex_l5436,يعمرري فديتك,1,2020-03-23T18:07:05Z,2020-03-23T18:07:05Z
UgwBv-rLl3MMlaqOWxJ4AaABAg,,False,@sueprmstan3752,Suho,1,2020-03-23T18:06:23Z,2020-03-23T18:06:23Z
Ugz03ZVZxabLVBd8QCt4AaABAg,,False,@مھۈڛۃٺڜٰانۑْۅڸ,فديتككك,1,2020-03-23T17:31:02Z,2020-03-23T17:31:02Z
Ugx9nAeUpN6vLVBd8SB4AaABAg,,False,@fatmazehrailhan6339,Hey yavrum alim mı seni,0,2020-03-23T17:02:24Z,2020-03-23T17:02:24Z
UgyxVq2uKqM_PiK0x214AaABAg,,False,@user-on3um9yq1n,66666666,0,2020-03-23T16:49:01Z,2020-03-23T16:49:01Z
Ugwvy4xe3sYzowrO4at4AaABAg,,False,@user-on3um9yq1n,999999999999,0,2020-03-23T16:48:31Z,2020-03-23T16:48:31Z
UgzzjxEst4gHQN4B8gd4AaABAg,,False,@user-on3um9yq1n,"""""""""""""""""""""""""""",0,2020-03-23T16:48:21Z,2020-03-23T16:48:21Z
Ugx-X9WnXv_M3rW9ivt4AaABAg,,False,@user-on3um9yq1n,التعليقات كون توصل 6 ألف,0,2020-03-23T16:48:15Z,2020-03-23T16:48:15Z
Ugwcs1DDgvHyoEYn25J4AaABAg,,False,@user-on3um9yq1n,)))))))),0,2020-03-23T16:48:00Z,2020-03-23T16:48:00Z
UgwpsJJxdaPAgC4TXNB4AaABAg,,False,@user-on3um9yq1n,همم زين الايكات وصلوا 100 ألف,0,2020-03-23T16:47:50Z,2020-03-23T16:47:50Z
Ugw8rccACikpXAtekMJ4AaABAg,,False,@user-on3um9yq1n,يا حياتي احبك♡,0,2020-03-23T16:47:34Z,2020-03-23T16:47:34Z
UgxlqHgaJnWPtKVoJdJ4AaABAg,,False,@MissSweetie1314,he deserves the world <3,0,2020-03-23T16:26:09Z,2020-03-23T16:26:09Z
UgwvT9U4A_5oeSkLQ2N4AaABAg,,False,@iiko8673,I love u,0,2020-03-23T15:53:51Z,2020-03-23T15:53:51Z
Ugw1lNKC3zrnCEjHUud4AaABAg,,False,@bayanab2193,💛💛💛💛,0,2020-03-23T15:04:59Z,2020-03-23T15:04:59Z
UgxR7Ez9oT5Nbdyx8il4AaABAg,,False,@abbasmajid7099,lLOVE ❤ EXO,0,2020-03-23T14:37:43Z,2020-03-23T14:37:43Z
UgwV8ez_G_CU6yHEfwN4AaABAg,,False,@doorkicker4337,All I think is his enlisment :(((((,0,2020-03-23T13:25:42Z,2020-03-23T13:25:42Z
Ugyx7XmiXkQLQpGY5Kd4AaABAg,,False,@arbe3940,"فايتنغ 
LOVE EXO",0,2020-03-23T13:00:03Z,2020-03-23T13:00:03Z
UgynmQLuiOJKrnsLG1R4AaABAg,,False,@mrynhlbrns5479,Omooooo why so gorgeous my bunny myeon ?,0,2020-03-23T12:50:32Z,2020-03-23T12:50:32Z
UgwzoFtfBMeEDRvBP314AaABAg,,False,@margaretharulegurn5106,"The best leader 💝
》K I M  J U N  M Y E O N 

The best Grup kpop in world
》 E X O 
K i m  j u n  m y e o n 
K i m  j o n g i n 
K i m  j o n g  d a e
K i m  m i n s e o k
O o h  s e h u n 
P a r k  c h a n y e o l
B y u n  b a e k h y u n 
Z h a n g  y i x i n g
D o  k y u n g s o o

💝💝💝💝💝💝💝💝💝

The best fandom 
》 E X O - L 

This is in my mind ... 
Does anyone agree?",0,2020-03-23T12:31:52Z,2020-03-23T12:31:52Z
Ugx28APxKXrurilnjSx4AaABAg,,False,@sehunchinggu15,Ya Allahhh... Suho kenapa bening bangett yahhh ?! Gak kuatttt,0,2020-03-23T12:12:49Z,2020-03-23T12:12:49Z
UgxCclKzDdR5MUbsns94AaABAg,,False,@marinette0611,Love exo......❤..love suho...you re the one ...😘,0,2020-03-23T11:49:14Z,2020-03-23T11:49:14Z
UgyOi8Jxsmc7Z_jYesN4AaABAg,,False,@user-pi2oo6eg2l,nice 😭🙊,0,2020-03-23T11:03:41Z,2020-03-23T11:03:41Z
Ugx_18ajHEDyIqT1ayV4AaABAg,,False,@faraharsal4465,a r t,0,2020-03-23T10:48:09Z,2020-03-23T10:48:09Z
UgzUyVgk_dpTI6DPdo94AaABAg,,False,@leechilee3213,"I love Suho
I love EXO
Forever",0,2020-03-23T10:22:51Z,2020-03-23T10:22:51Z
Ugw6-OFTTp5ngb6ZgNd4AaABAg,,False,@icedmatchalatteM,IM SO EXCITED,0,2020-03-23T09:41:01Z,2020-03-23T09:41:01Z
UgwB24RUmCs2lsISoaZ4AaABAg,,False,@icedmatchalatteM,BEAUTIFUL,0,2020-03-23T09:40:56Z,2020-03-23T09:40:56Z
Ugyvcf_2zINhLV4684x4AaABAg,,False,@뽀뽀-y1t,와미친 오진다; 진심 너무잘생김 3월 30일 좀 빨리 와라,0,2020-03-23T09:33:56Z,2020-03-23T09:33:56Z
UgwD9l_Ku0ttMfIfnbN4AaABAg,,False,@sosomustafaf8118,My suhhhoo,0,2020-03-23T09:12:37Z,2020-03-23T09:12:37Z
UgyOT1aF5ruxG_Y7Yuh4AaABAg,,False,@sosomustafaf8118,I love you,0,2020-03-23T09:12:26Z,2020-03-23T09:12:26Z
Ugz_1SxjElJjs2o610F4AaABAg,,False,@cherrylas4857,Suho,0,2020-03-23T08:52:57Z,2020-03-23T08:52:57Z
Ugx2N2VuFJ12sKmwjO54AaABAg,,False,@Sunflower-vs8ww,Vote suho solo debut on idolchamp,0,2020-03-23T07:46:57Z,2020-03-23T07:46:57Z
UgyR-19iw1mEMAYFgrB4AaABAg,,False,@ajengpramesty5684,😍😍😍,0,2020-03-23T07:15:24Z,2020-03-23T07:15:24Z
Ugx-FZo6fMoaiZWpoI54AaABAg,,False,@kimbyundonnazhong3596,Gans bngt Papi gw 🤧❤️❤️,0,2020-03-23T07:00:07Z,2020-03-23T07:00:07Z
Ugw-hY6b55x87LZkB_54AaABAg,,False,@cjliwanag4116,I am really excited to hear his voiceee aahhh,0,2020-03-23T06:50:20Z,2020-03-23T06:50:20Z
UgyhfDjGb1l_XbjwEQV4AaABAg,,False,@virgovirgo5360,"Aku cinta kamu
Aku sayang kamu",0,2020-03-23T06:07:48Z,2020-03-23T06:07:48Z
UgyiiMwuxd-59JXHs2Z4AaABAg,,False,@virgovirgo5360,Saranghea,0,2020-03-23T06:07:35Z,2020-03-23T06:07:35Z
UgytuwXmtCE6jDido254AaABAg,,False,@首三一枝花,非常期待 太爱了!!!,0,2020-03-23T05:30:34Z,2020-03-23T05:30:34Z
UgweDoEKh2UWgSKfltV4AaABAg,,False,@jeralynroto7437,😍😍😍😍😍😍,0,2020-03-23T04:56:00Z,2020-03-23T04:56:00Z
UgxOz2YRcWd5MN0uSxh4AaABAg,,False,@beakhynexo5108,هذا ما يسمى بالإبداع والروعه يا عالم❤❤❤💜💜💜💛💛💛💚💚💚💙💙💙,0,2020-03-23T04:26:10Z,2020-03-23T04:26:10Z
UgyYjvSCV5beq5cW-_V4AaABAg,,False,@tala7210,Love you suho❤️,0,2020-03-23T03:43:19Z,2020-03-23T03:43:19Z
Ugxap8cB3cwTysNqQxF4AaABAg,,False,@silfaaulia2682,Cantik banget sumpah🖤,0,2020-03-23T03:34:13Z,2020-03-23T03:34:13Z
Ugyz0lGQv1YYMfdyvxF4AaABAg,,False,@haysyafirdaus5573,Kinclong:v,0,2020-03-23T03:25:57Z,2020-03-23T03:25:57Z
UgxKnDTVsufbX3FN-BF4AaABAg,,False,@rtrmpsopnsec277,SUHO Leader-nim.,0,2020-03-23T02:34:00Z,2020-03-23T02:34:00Z
UgzX4TUs__Jkpse4kfV4AaABAg,,False,@chisomdom-anyanwu8096,Suuuhooooooo,1,2020-03-23T02:16:32Z,2020-03-23T02:16:32Z
Ugznn9_ucw6IsxpJSM94AaABAg,,False,@jesscadorniga1144,Those eyes,0,2020-03-23T01:38:10Z,2020-03-23T01:38:10Z
Ugz6r5OJQpwVYpaii_54AaABAg,,False,@newyanaadz7436,I like i like,0,2020-03-23T01:16:55Z,2020-03-23T01:16:55Z
UgxpeqnwF1HT1UeoEJR4AaABAg,,False,@abdaalia8111,😍😍😍,0,2020-03-23T00:34:57Z,2020-03-23T00:34:57Z
UgzjtPYLdHRXHHoQprB4AaABAg,,False,@zarry252,SUPER VISUAL!!!!!!,0,2020-03-22T23:18:08Z,2020-03-22T23:18:08Z
UgxbURoj8d0yFej8K4V4AaABAg,,False,@deniakyud4915,#수호❤❤,0,2020-03-22T23:12:30Z,2020-03-22T23:12:30Z
UgyJZczOUlyvVKSpcHt4AaABAg,,False,@Sara-fg5ri,احبك,0,2020-03-22T22:32:34Z,2020-03-22T22:32:34Z
Ugw5pxm_khPICl5NetV4AaABAg,,False,@엑소엑소-l9i,😻😻😻😻😻,0,2020-03-22T22:08:04Z,2020-03-22T22:08:04Z
UgxYcsm-HpbkrL7t_YF4AaABAg,,False,@kimjuncotton8459,"No matter wherever you go, your name will always be in my heart
لايهمني مكانك، فسيضل اسمك في قلبي",0,2020-03-22T22:06:53Z,2020-03-22T22:06:53Z
UgzQLxrbgJofZ3Y1ewd4AaABAg,,False,@exo9forever140,حبيبي,0,2020-03-22T22:05:06Z,2020-03-22T22:05:06Z
UgyLFI60DRBqOTP4i8t4AaABAg,,False,@hannaheyho4213,Is this the man who dance dumb dumb? Oh my my suhooooooo,1,2020-03-22T21:59:55Z,2020-03-22T21:59:55Z
UgyUebL8DwoDazxuRQB4AaABAg,,False,@cristinaguzman8554,Fairy visuals,0,2020-03-22T21:34:30Z,2020-03-22T21:34:30Z
UgxR8z7rk_EB_I2aBw54AaABAg,,False,@got7921,❤❤❤❤,0,2020-03-22T20:53:09Z,2020-03-22T20:53:09Z
UgyG7D64yDBHobiaMw54AaABAg,,False,@kgfg7864,왕자님..♡,1,2020-03-22T20:51:46Z,2020-03-22T20:51:46Z
UgxXF5fqGZcfJ_YKjXh4AaABAg,,False,@Senpai45389,Just see the difference between the number of likes and dislikes no one can hate this guy❣️,1,2020-03-22T20:22:38Z,2020-03-22T20:22:52Z
UgxtYfRp3n02EChSrrB4AaABAg,,False,@Senpai45389,Does anyone know what song is playing jn the background??,2,2020-03-22T20:20:51Z,2020-03-22T20:20:51Z
UgwHma1b5QFSiTG2d1R4AaABAg,,False,@stara8156,❤️,0,2020-03-22T19:33:35Z,2020-03-22T19:33:35Z
Ugznw_Oag9X2Szd4scJ4AaABAg,,False,@yixingjongdaezhangkim2603,<3,0,2020-03-22T19:31:36Z,2020-03-22T19:31:36Z
UgxdLszxOr_Juj1C3HJ4AaABAg,,False,@hope6967,🖤🖤,1,2020-03-22T19:06:27Z,2020-03-22T19:06:27Z
UgwTMJnbbJEvMPExuNB4AaABAg,,False,@DOgirl-xp2le,سوهو,1,2020-03-22T19:02:14Z,2020-03-22T19:02:14Z
UgwkV86tygTasBPo83N4AaABAg,,False,@GG-df5ji,This is so amazing and heartwarming he is so talented 👏 I love him and exo so much i am super excited for this album to come out ❤️,0,2020-03-22T18:50:25Z,2020-03-22T18:50:25Z
Ugwph7RjZR_b5BtRgiJ4AaABAg,,False,@lattequeenn,ILY,0,2020-03-22T18:04:58Z,2020-03-22T18:04:58Z
Ugw9SONXO96UAxSa3A14AaABAg,,False,@awatifawatif8435,.,0,2020-03-22T17:59:51Z,2020-03-22T17:59:51Z
Ugz3DO0eAsUezBlVFCh4AaABAg,,False,@Selenophilelllli,So beautiful TT,0,2020-03-22T17:36:42Z,2020-03-22T17:36:42Z
Ugxp4F4lj6eNqlm41PJ4AaABAg,,False,@Selenophilelllli,Woow,0,2020-03-22T17:36:32Z,2020-03-22T17:36:32Z
UgxOqVDlysOh_ZBEUqV4AaABAg,,False,@nandacitralestari7852,Belasteran Korea surga,0,2020-03-22T17:26:25Z,2020-03-22T17:26:25Z
UgxH5_1RTPWFiRssqmh4AaABAg,,False,@mi_j_In,CHARMING...🥰,0,2020-03-22T17:11:41Z,2020-03-22T17:11:41Z
UgwH0DZWYdwMF8_3EkV4AaABAg,,False,@deenay9375,Beautiful and ethereal as always,0,2020-03-22T17:07:24Z,2020-03-22T17:07:24Z
UgzMlKzivjFpY9PN0ph4AaABAg,,False,@itsyulia28,❤️,0,2020-03-22T17:01:29Z,2020-03-22T17:01:29Z
UgyBOfpK-_JIgNjhreV4AaABAg,,False,@reyhaneh0510,Suho,0,2020-03-22T16:58:18Z,2020-03-22T16:58:18Z
Ugzdw9KJQja0cusZilt4AaABAg,,False,@sayli7691,I'm waiting for youuuu💕,0,2020-03-22T16:56:27Z,2020-03-22T16:56:27Z
UgzXxnzGIJLOfBUzc6F4AaABAg,,False,@qt_pi6504,He's marriage material y'all,0,2020-03-22T16:48:25Z,2020-03-22T16:48:25Z
UgxcqCFvjOi4GpkqsVF4AaABAg,,False,@hsk3176,감동적이다,0,2020-03-22T16:46:33Z,2020-03-22T16:46:33Z
Ugz6G5PT8zTA_yb2IVV4AaABAg,,False,@labiriangirl09,"Sooo beautiful 👉🏻👉🏻👉🏻👉🏻👉🏻❤❤❤

#EXO #weareoneEXO
@EXO @weareoneEXO",0,2020-03-22T16:27:05Z,2020-03-22T16:27:05Z
Ugw0lOLUBJWSVVbsl8B4AaABAg,,False,@rosacampos6448,My favorite till now,0,2020-03-22T16:13:53Z,2020-03-22T16:13:53Z
UgxHqfS9kfpFF4nXQFd4AaABAg,,False,@林恩染,love  suho！！！,0,2020-03-22T15:56:03Z,2020-03-22T15:56:03Z
UgziZbcSEA8lpFfBDFx4AaABAg,,False,@Sha-ji1zi,Blinded by your beauty✨✨,1,2020-03-22T15:44:22Z,2020-03-22T15:44:22Z
UgxSaKUFee4A2pW5gjJ4AaABAg,,False,@mervedalgn4301,AOTY is coming soon! Can't wait for it!,3,2020-03-22T15:42:24Z,2020-03-22T15:42:24Z
UgyK85Dg40sZPnVBhk54AaABAg,,False,@lalalalasyalaland1463,GANTENG GANTENG GANTENG :),0,2020-03-22T15:36:12Z,2020-03-22T15:36:12Z
UgyK0Uxe9-NDeqKFT6t4AaABAg,,False,@diannerosellmedina7199,HOOOOY!!!!!,0,2020-03-22T15:35:53Z,2020-03-22T15:35:53Z
UgxO2RWKhHqoF5x1-2l4AaABAg,,False,@thoriqprayoga,JUNMYEONNN!,1,2020-03-22T15:32:18Z,2020-03-22T15:32:18Z
Ugw7Im0IAiMmvm060lZ4AaABAg,,False,@hosannalopes2230,KIM JUNMYEON,1,2020-03-22T15:30:11Z,2020-03-22T15:30:11Z
Ugzvtb3aAy1xnWqPoDN4AaABAg,,False,@hosannalopes2230,SUHOOOO,1,2020-03-22T15:30:00Z,2020-03-22T15:30:00Z
UgyDRwdUgtqoXQvafeJ4AaABAg,,False,@ejl7708,청량하고 무엇을 향해 기분좋게 뛰어가는 느낌이야ㅠㅠㅠㅠㅠ,2,2020-03-22T15:25:01Z,2020-03-22T15:25:01Z
UgwLdiyAlL63DXs9_n54AaABAg,,False,@exomaria4847,Suho Fighting,0,2020-03-22T15:24:32Z,2020-03-22T15:24:32Z
UgzukP_PMqBrKpnbSiZ4AaABAg,,False,@waichichan1113,수호 album plz 대박,1,2020-03-22T15:21:35Z,2020-03-22T15:21:35Z
UgywF-TtToOGoAWs1s54AaABAg,,False,@Norahameed,Wow,0,2020-03-22T15:19:06Z,2020-03-22T15:19:06Z
UgwpxR1bf2ReA8EoCOF4AaABAg,,False,@sonyaali2356,Suho,0,2020-03-22T15:18:07Z,2020-03-22T15:18:07Z
Ugyc2vnYPs6rrNUSrJR4AaABAg,,False,@kartika_acdz7569,Anak aesthetic nichh hehe,0,2020-03-22T15:15:58Z,2020-03-22T15:15:58Z
Ugwx6bpo6nFM_fzuOHd4AaABAg,,False,@novalinakim6690,❤❤❤,0,2020-03-22T15:13:03Z,2020-03-22T15:13:03Z
Ugz7ZRlPNyC-xvIsgf14AaABAg,,False,@laveilmizwria,lindo,0,2020-03-22T15:10:07Z,2020-03-22T15:10:07Z
Ugzfp6htIZ5MuTNfQWR4AaABAg,,False,@냠냐미-h8y,어우 노래 좋을 쀨이야 내 쀨은 언제나 정확해,0,2020-03-22T14:59:29Z,2020-03-22T14:59:29Z
UgwBCp6BGiEJg-uDHq94AaABAg,,False,@cheniekim735,I love this!!!!,0,2020-03-22T14:59:15Z,2020-03-22T14:59:15Z
Ugz81Hu4WxIpXJWBZf54AaABAg,,False,@baebae3424,Love you,0,2020-03-22T14:27:54Z,2020-03-22T14:27:54Z
UgzKGgI9VdQCnlqb0Cd4AaABAg,,False,@kokujin9221,Beautiful...my heart,0,2020-03-22T14:22:05Z,2020-03-22T14:22:05Z
UgyvyHAhyxAJYl6G1cx4AaABAg,,False,@aberycano,Biru biruuu,0,2020-03-22T14:22:03Z,2020-03-22T14:22:03Z
UgzWBnSav0BEYhUEYvJ4AaABAg,,False,@aberycano,Suhoooo,0,2020-03-22T14:21:50Z,2020-03-22T14:21:50Z
Ugyc8MlhyTmjPgY_ijx4AaABAg,,False,@aberycano,Uwahhhhh,0,2020-03-22T14:21:45Z,2020-03-22T14:21:45Z
Ugwo17yZljypKuwOvxN4AaABAg,,False,@ninamahi2000,خوشگل ترین خلقت,1,2020-03-22T14:19:32Z,2020-03-22T14:19:32Z
Ugyi4edZuc8YTi8-6HV4AaABAg,,False,@ninamahi2000,بنازمت,1,2020-03-22T14:19:24Z,2020-03-22T14:19:24Z
Ugz6gETNpCSpvKtEuud4AaABAg,,False,@katibahr7083,عشقهههههه,1,2020-03-22T14:13:30Z,2020-03-22T14:13:30Z
Ugw6N9PwjCAQZsQkbeN4AaABAg,,False,@katibahr7083,محشره,1,2020-03-22T14:13:25Z,2020-03-22T14:13:25Z
Ugw6YmeaeBis8TL5-nB4AaABAg,,False,@katibahr7083,جونمیون واقعا پرفکته,0,2020-03-22T14:13:17Z,2020-03-22T14:13:17Z
UgzI3E-P0ZlAm-xF7454AaABAg,,False,@fm765,Saranghae,0,2020-03-22T14:00:01Z,2020-03-22T14:00:01Z
Ugyar3AG-gchyOyaN3p4AaABAg,,False,@fm765,Luv u,0,2020-03-22T13:59:52Z,2020-03-22T13:59:52Z
UgzI2DuIsVMz32UxnH94AaABAg,,False,@fm765,Saranghae,0,2020-03-22T13:59:45Z,2020-03-22T13:59:45Z
UgyBzCMUNGkXyiEcRzF4AaABAg,,False,@fm765,Saranghae,0,2020-03-22T13:59:36Z,2020-03-22T13:59:36Z
UgxswTFpSBQahNtT1kF4AaABAg,,False,@므왕-o2f,얼굴이..국보급이야...,1,2020-03-22T13:46:31Z,2020-03-22T13:46:31Z
Ugzgxh2iRREDD_a2JGN4AaABAg,,False,@masitapomaya6810,Ganteng beut🤗,0,2020-03-22T13:30:56Z,2020-03-22T13:30:56Z
Ugz_e9RU5q6zSGblFSZ4AaABAg,,False,@user-lu9ke5go1r,جمالك ما يرحم 😢💔,1,2020-03-22T13:24:28Z,2020-03-22T13:24:28Z
Ugxw4twzv6f6stn-SeN4AaABAg,,False,@putryyyrayyy7777,Suho so handsome,1,2020-03-22T13:23:02Z,2020-03-22T13:23:02Z
UgyZzIhoGqS1r9Bq1cV4AaABAg,,False,@bitnara_k1m,Wooow,0,2020-03-22T13:13:26Z,2020-03-22T13:13:26Z
UgxQ3AprJbE0XmnCJAJ4AaABAg,,False,@shafwatunnisa2916,Gasabarrr njir,0,2020-03-22T13:11:55Z,2020-03-22T13:11:55Z
UgxxIQ1tOM8y9A_XbpB4AaABAg,,False,@parteikhithie6737,Love you 😘😘😘,0,2020-03-22T12:57:41Z,2020-03-22T12:57:41Z
UgzVVch8RRmzBs0hNCx4AaABAg,,False,@alien_1485,Masterpiece,0,2020-03-22T12:49:05Z,2020-03-22T12:49:05Z
UgzGqM49H_ItD2lyAN14AaABAg,,False,@alien_1485,My heart:),0,2020-03-22T12:48:57Z,2020-03-22T12:48:57Z
UgxU3Z5uWFiBZ4cU4Wx4AaABAg,,False,@alien_1485,Wow!!!!,0,2020-03-22T12:48:41Z,2020-03-22T12:48:41Z
UgzrOmeklo6yioh-XFx4AaABAg,,False,@khusnulkhatimah9888,Mas kapas ku,0,2020-03-22T12:38:39Z,2020-03-22T12:38:39Z
UgztfhdhbN0StJM9o4J4AaABAg,,False,@МальвинаОюн,♡♡♡♡,0,2020-03-22T12:07:07Z,2020-03-22T12:07:07Z
UgyYjYElsz8O0pIs2394AaABAg,,False,@hanzelrhon924,"Good luck Suho we all love you and god killing me with that beauty you remind me of jisoo oh god 
Ship it",0,2020-03-22T11:55:36Z,2020-03-22T11:55:36Z
UgwZlm51kBz2vDQLCCx4AaABAg,,False,@ŁらØ,:'(:'(:'(:'(:'(:'(:'(:'(,0,2020-03-22T10:46:33Z,2020-03-22T10:46:33Z
UgzE6cUJkIr-O6Ff66J4AaABAg,,False,@ŁらØ,)))))),0,2020-03-22T10:46:24Z,2020-03-22T10:46:24Z
UgyfLD1xThcDVjvoa154AaABAg,,False,@ŁらØ,سوهو احبك♡,1,2020-03-22T10:46:13Z,2020-03-22T10:46:13Z
UgyuaUNbt0OS1o61ZCl4AaABAg,,False,@fromexoplanet4123,Beautiful,0,2020-03-22T10:14:06Z,2020-03-22T10:14:06Z
UgyCcjIdNJJa-GvlVRR4AaABAg,,False,@nomadsteph,"I am so glad they have not edited his moles away, he is so pretty naturally and I am so excited about the music!",0,2020-03-22T10:13:06Z,2020-03-22T10:13:06Z
UgyV5xyjrTRGLD5SMmV4AaABAg,,False,@exo_larab8593,لوف يو,0,2020-03-22T09:52:09Z,2020-03-22T09:52:09Z
UgwrEnPgrpZx2qjR7wB4AaABAg,,False,@exo_larab8593,فديتك,0,2020-03-22T09:51:59Z,2020-03-22T09:51:59Z
UgwDhNMTfG5SIykWS8p4AaABAg,,False,@exo_larab8593,سوهو ايجنن,0,2020-03-22T09:51:51Z,2020-03-22T09:51:51Z
UgxlH_0URWwvH1CnInp4AaABAg,,False,@ik5759,Blessed,0,2020-03-22T09:36:05Z,2020-03-22T09:36:05Z
UgwJXVY22tgvz0KOKeh4AaABAg,,False,@startyonna9641,مره مليون   اشوفه اععع ليش وسيم هل قد 😭😭 بالمناسبه الاكسوال وينكم ؟؟؟ where are you  exo_l ???,0,2020-03-22T09:33:30Z,2020-03-22T09:33:30Z
UgzieA5kQH7cwRAb04R4AaABAg,,False,@thehantus9774,Sounds like iphone commercial lol,0,2020-03-22T09:04:32Z,2020-03-22T09:04:32Z
UgxNpbmJOu1MHW3A5Hp4AaABAg,,False,@АидаИмиева,Our leader is so handsome,0,2020-03-22T08:53:53Z,2020-03-22T08:53:53Z
UgzYtEqk6dVPQqtb__F4AaABAg,,False,@MiaSanMia__,얼굴 공격 미쳤어ㅜㅜ,0,2020-03-22T08:48:30Z,2020-03-22T08:48:30Z
UgzynKZMYm4cNIpM3wF4AaABAg,,False,@meyyyyy9636,Fighting oppa,0,2020-03-22T08:01:51Z,2020-03-22T08:01:51Z
Ugz-83jRNAqpM3rmBrt4AaABAg,,False,@이효주-d6z,너무 이쁘다아ㅏ유ㅠㅠㅠㅠㅠㅠ,0,2020-03-22T07:41:29Z,2020-03-22T07:41:29Z
UgwAQ0vKZP2xbWWOEYx4AaABAg,,False,@elahehghaedi222,Amazing juncotton amazing...,0,2020-03-22T07:32:44Z,2020-03-22T07:32:44Z
UgzYxKLo9wtQUCGZTDZ4AaABAg,,False,@lilacfairy4228,Astonishing. This music is healing.,0,2020-03-22T07:00:44Z,2020-03-22T07:03:05Z
Ugxz170cXjybDD9IfXN4AaABAg,,False,@bettytambunan01,🖤🖤🖤🖤,0,2020-03-22T06:51:21Z,2020-03-22T06:51:21Z
UgwBROdEhlFvVDVLA4V4AaABAg,,False,@nahomyzuniga787,Bravo Suhoooo,0,2020-03-22T06:25:21Z,2020-03-22T06:25:21Z
Ugz-g5ekkBkSEDQmXTp4AaABAg,,False,@plertxñ,I LOVEEEEE YOU 🥺❤️,0,2020-03-22T05:53:48Z,2020-03-22T05:53:48Z
UgwSQX27RL8S4Iwcjpl4AaABAg,,False,@nairafamily3672,saranghaja,0,2020-03-22T05:52:36Z,2020-03-22T05:52:36Z
UgxiZD6b3bxOXGKrFTF4AaABAg,,False,@许啵啵-x5d,啊啊啊啊哇啊啊啊我闷小队终于等到啊啊啊啊啊啊,0,2020-03-22T05:44:12Z,2020-03-22T05:44:12Z
UgyzKzwajOFG_zLcSA94AaABAg,,False,@rarearc92,you got never ending love from exoL. erina will always love you💓,0,2020-03-22T05:27:08Z,2020-03-22T05:27:08Z
Ugzwxj-kNpfvIk3IBF54AaABAg,,False,@user-yw4ft4lc3j,I can’t believe moles can be that good looking 😍,0,2020-03-22T05:14:57Z,2020-03-22T05:14:57Z
UgxwciT5XnEc2bsgmlZ4AaABAg,,False,@diansusiliawati9726,Kim Junmyeonnnnnnnnnnn❤❤❤,0,2020-03-22T04:45:02Z,2020-03-22T04:45:02Z
Ugy1nJy9DlGZ-ofyRnF4AaABAg,,False,@deliasindy3934,I love you,0,2020-03-22T04:37:20Z,2020-03-22T04:37:20Z
Ugxq2gve7ZUVVYvSHhV4AaABAg,,False,@haneulquezada7417,Bish😍,0,2020-03-22T04:35:32Z,2020-03-22T04:35:32Z
UgxQs2i46pdtuai8MSB4AaABAg,,False,@inkpk2739,😭😭😭♥️♥️♥️♥️♥️♥️♥️♥️♥️♥️,0,2020-03-22T04:33:13Z,2020-03-22T04:33:13Z
UgyGq3jFYUxtIM0Wg0t4AaABAg,,False,@iraispicchu,Eres poesía Junmyeon💙,0,2020-03-22T03:54:39Z,2020-03-22T03:54:39Z
UgzuC_4ws2n-JjpHiUl4AaABAg,,False,@taptapfrii1880,Kim junvisual,0,2020-03-22T03:51:35Z,2020-03-22T03:51:35Z
UgxapU6NsMYNsRZhLrF4AaABAg,,False,@malikamanikyur7669,Красавчик,0,2020-03-22T03:49:07Z,2020-03-22T03:49:07Z
UgzmowzU6Sr0y-iDpux4AaABAg,,False,@theeve4487,How beautiful ypu are,0,2020-03-22T03:31:01Z,2020-03-22T03:31:01Z
UgyErTBY-ONdWi5faUF4AaABAg,,False,@theeve4487,Love you my suho 😍,0,2020-03-22T03:30:47Z,2020-03-22T03:30:47Z
UgwcitSvR_NQWyXY0A54AaABAg,,False,@theeve4487,My only love,0,2020-03-22T03:30:32Z,2020-03-22T03:30:32Z
Ugzq8wMxyYV2UYtQ75R4AaABAg,,False,@yi_g,미쳐버리겟다,0,2020-03-22T03:22:36Z,2020-03-22T03:22:36Z
UgxFchPyyLQfJvG9TdB4AaABAg,,False,@ikaviyanti3405,Love u❤️,0,2020-03-22T02:56:58Z,2020-03-22T02:56:58Z
Ugz8MlX40DiRkx-95ct4AaABAg,,False,@shirleybooc9326,😍😍😍,0,2020-03-22T02:53:25Z,2020-03-22T02:53:25Z
UgzW1XVTamSTb0wwtR94AaABAg,,False,@k-popkingexo5744,Hello Angel 👼❤️❤️,0,2020-03-22T02:32:47Z,2020-03-22T02:32:47Z
UgxkvAM1q6oX88GzCyd4AaABAg,,False,@shafirayelzaa,i <3 u,0,2020-03-22T02:28:35Z,2020-03-22T02:28:35Z
UgykoZK4mhnA1rOCSoJ4AaABAg,,False,@Ainna_mm,Meu cu porea,0,2020-03-22T02:24:18Z,2020-03-22T02:24:18Z
UgzectEn4KQoDieoJfN4AaABAg,,False,@Sunflower-vs8ww,Vote suho on idolchamp. Use chamism to vote. U can get free chamism by watching an ads,0,2020-03-22T02:14:40Z,2020-03-22T02:14:40Z
Ugw_T6XL0Xsxbu3fpUJ4AaABAg,,False,@jeanr295,"Just stay the way you are SUHO...  You're not only the leader of EXO.. but our leader also..  2 years of enlisting are long.. But in a fan that always wait for you, it's a short term.. We love u",1,2020-03-22T02:14:28Z,2020-03-22T02:14:28Z
UgwxN7fQ4-qjSIcifSV4AaABAg,,False,@farraha2557,Best leader,0,2020-03-22T00:50:10Z,2020-03-22T00:50:10Z
UgyIjX-RTlhnwsbLDZZ4AaABAg,,False,@exohaneul4633,Awesome 😍😍,0,2020-03-22T00:47:47Z,2020-03-22T00:47:47Z
Ugzvdhrg4P_fvWCpdeV4AaABAg,,False,@fyiilysm,Auchh our leader <3,0,2020-03-22T00:26:44Z,2020-03-22T00:26:44Z
Ugwa-Wm8VG3_kyBYW-h4AaABAg,,False,@br6521,Our lovely leader is the best✨💛,0,2020-03-22T00:14:41Z,2020-03-22T00:14:41Z
UgyBDQGTUe4BTZG4GGN4AaABAg,,False,@lasthunter2242,واااااایییییییی سوهوووووو ^ㅅ^,0,2020-03-21T23:58:00Z,2020-03-21T23:58:00Z
UgwOXY2-KztvRYx0zt94AaABAg,,False,@mf06_66,Mood sampler #3 later,0,2020-03-21T23:54:07Z,2020-03-21T23:54:07Z
UgwOo5mDJPCV7d3Xyi54AaABAg,,False,@bbbbhbbh,this is going to be such a healing and beautiful album ahh i can't wait,0,2020-03-21T23:42:49Z,2020-03-21T23:42:49Z
UgzqErv7HXaymKb4sg14AaABAg,,False,@user-ib9ek1nt5j,من طرف محمد🗿💗,0,2020-03-21T23:37:51Z,2020-03-21T23:37:51Z
UgzfjDEoU-dDeM3wGU54AaABAg,,False,@karlix3041,no me mires suho q me enamoro 😶,0,2020-03-21T23:29:25Z,2020-03-21T23:29:25Z
Ugxwv4tV9yx6LqPlnp54AaABAg,,False,@audicitra348,Suhooo yeahhh omg,0,2020-03-21T23:21:58Z,2020-03-21T23:21:58Z
UgwXoBS2bIoRy4VnrGV4AaABAg,,False,@riftv033,"Aku cintai idola ku bukan dari fisik nya, tapi dari perjuangannya. Dari awal sampai sekarang.",0,2020-03-21T22:18:37Z,2020-03-21T22:18:37Z
Ugw1odIpK9UjQgIAppZ4AaABAg,,False,@あもたあもだ,I love you opppa,0,2020-03-21T21:50:57Z,2020-03-21T21:50:57Z
Ugzmmd_VLOTCmUR1hPR4AaABAg,,False,@sehunaaiq5048,Ilove you suho 💞💞💞😭😭😭😭😭😭😭😭,0,2020-03-21T21:26:10Z,2020-03-21T21:26:10Z
UgyTNQNPLakkfAHOak14AaABAg,,False,@negardehghani5635,Can’t wait for album of the year❤️❤️❤️,0,2020-03-21T20:56:21Z,2020-03-21T20:56:21Z
UgyO_uxvX0YIdSkIC854AaABAg,,False,@عاشقةاوباتشان,يا احلا قائد بالكيبوب كلا فديتك,0,2020-03-21T20:18:31Z,2020-03-21T20:18:31Z
UgxsBl5nSuvl9X1Z2nJ4AaABAg,,False,@exosehunoh6760,art,0,2020-03-21T20:16:53Z,2020-03-21T20:16:53Z
UgxMMgBIZtjlCeykIQF4AaABAg,,False,@yunaweareone7136,Tertampar visual kang mas SUHO,0,2020-03-21T19:31:00Z,2020-03-21T19:31:00Z
Ugz2_CsqtmXHiiRjyZx4AaABAg,,False,@belenestefaniavargas1280,Te amo bebé espero tengas el mejor solo de todos. Todos esperamos tu debut solista,0,2020-03-21T19:18:30Z,2020-03-21T19:18:30Z
UgyCt65WJBb1nDKi4El4AaABAg,,False,@yvel0625,"ilove baeksoo (my bias)ilove suho our leader and i love all exo....suho you may lost a lot of fans but dont worry you gain new fans also dont worry too much about exol were just here together we stand...
#exo
#weareoneexo",1,2020-03-21T19:12:58Z,2020-03-21T19:12:58Z
UgzQiafskdPuYqA9IhB4AaABAg,,False,@AnaGonzalez-be8cr,Hermosooo,0,2020-03-21T19:12:30Z,2020-03-21T19:12:30Z
UgytWu-s-C0jMyhZb6Z4AaABAg,,False,@اسراءسوسو-ذ7د,💜💜💜💜💜💜,0,2020-03-21T18:53:07Z,2020-03-21T18:53:07Z
UgyamNAJaXZUdvPj8nR4AaABAg,,False,@Heavenne-Sent,Eommaaa💖💖,1,2020-03-21T18:53:06Z,2020-03-21T18:53:06Z
Ugx_1RAS19Kh182et794AaABAg,,False,@اسراءسوسو-ذ7د,😍😍😍😍😍,0,2020-03-21T18:53:00Z,2020-03-21T18:53:00Z
UgwPOxLMdEqBc_rsXqF4AaABAg,,False,@winyadanaraung5911,😍😍😍,0,2020-03-21T18:32:52Z,2020-03-21T18:32:52Z
UgzwUHQtZDwh-WRNchl4AaABAg,,False,@exoforlife7109,Why this man is so damm handsome 😍😍😍😍,2,2020-03-21T18:11:24Z,2020-03-21T18:11:24Z
UgyXCg5Z-ou2SYRc6ap4AaABAg,,False,@weareone9097,수호 오빠 사랑해요 진짜 진짜 진짜 진짜 ❤,0,2020-03-21T18:08:33Z,2020-03-21T18:08:33Z
UgwIshmCR0u-VhRf3jN4AaABAg,,False,@weareone9097,사랑해요 오빠,0,2020-03-21T18:05:45Z,2020-03-21T18:05:45Z
UgwdUX9OM6Z89VBprBN4AaABAg,,False,@julienyexol3915,We are one.Suho beatiful,0,2020-03-21T17:55:44Z,2020-03-21T17:55:44Z
UgyLZcSfZmqJVs7kn3F4AaABAg,,False,@chintendencia4086,ʟᴇᴀᴅᴇʀɴɪᴍᴍᴍ 💓💓😍🎶,0,2020-03-21T17:51:39Z,2020-03-21T17:51:39Z
UgxF-sX9RBIW5eOY95t4AaABAg,,False,@oppospt5039,😍,0,2020-03-21T17:45:56Z,2020-03-21T17:45:56Z
UgwGhqsLv5l-oru7Qpx4AaABAg,,False,@nivada2055,الهي متحمسة للقمة من اجل القادم,1,2020-03-21T17:21:35Z,2020-03-21T17:21:35Z
UgwunUAykBySoB3_W2x4AaABAg,,False,@Pegah816,Wow,0,2020-03-21T16:39:28Z,2020-03-21T16:39:28Z
UgwlqYoRVzTOKGWjIJB4AaABAg,,False,@byungyungisoo61,Out happy,0,2020-03-21T16:34:39Z,2020-03-21T16:34:39Z
UgwShNr5NsAg22qP9nJ4AaABAg,,False,@daesubs8664,Guapooo,0,2020-03-21T16:09:50Z,2020-03-21T16:09:50Z
UgxmW7TWDIUGMf5qf2d4AaABAg,,False,@wp7114,Saranghaja!,0,2020-03-21T15:59:11Z,2020-03-21T15:59:11Z
UgwcYiqzCfKEH4XkU194AaABAg,,False,@april7276,"0:05 My mind ; ""Eh? Baekhyunie?!""",2,2020-03-21T15:52:43Z,2020-03-21T15:52:43Z
UgxknQF6i3lu9eJ98bB4AaABAg,,False,@exol6102,*Arab Exo_l*,1,2020-03-21T15:28:55Z,2020-03-21T15:28:55Z
Ugxyg65JczlH3Y4drzR4AaABAg,,False,@exol6102,*Arab Exo_l*,1,2020-03-21T15:28:41Z,2020-03-21T15:28:41Z
UgxDO1v0AAOVBXlTs_V4AaABAg,,False,@exol6102,*Arab exo_l*,1,2020-03-21T15:28:31Z,2020-03-21T15:28:31Z
UgxEFZSkRcysSfos2Vl4AaABAg,,False,@exol6102,*Arab exo_l*,1,2020-03-21T15:28:22Z,2020-03-21T15:28:22Z
UgxZEgrx4J3ecEh283h4AaABAg,,False,@exol6102,*يخي احس المفهوم شي محد مفكر بيه بتاتا!!.*,2,2020-03-21T15:27:56Z,2020-03-21T15:27:56Z
UgwCvzhqlXrGsUWgKe94AaABAg,,False,@almagulbaitubekova386,suho!!!,0,2020-03-21T15:27:42Z,2020-03-21T15:27:42Z
Ugx6JDReIfD4D6OCv_p4AaABAg,,False,@exol6102,*ايها القوم،خلوا لايكـ'ز للتعليقات العرب حتى يكونوا ضمن الاهم ليش بس الاجانب مسيطرين عليهن!!.*,4,2020-03-21T15:26:54Z,2020-03-21T15:26:54Z
UgwT6APUilJRrabcr_V4AaABAg,,False,@anniem.s2766,BABANG TAMVANKU,0,2020-03-21T15:26:53Z,2020-03-21T15:26:53Z
UgwyNRrvYMqan9VSfz54AaABAg,,False,@exol6102,"*قائدنا الفخم شكرا لجهدك الكبير لهذا الالبوم سنننتظره و نمنحه الكثير من الحب~، شكرا لك! ~.*

*Our lavish leader, thank you for your great effort for this album. We will wait for him and give him a lot of love ~, thank you! ~.*

 *우리의 호화로운 지도자,이 앨범을 위해 당신의 큰 노력에 감사드립니다. ~.*",6,2020-03-21T15:26:18Z,2020-03-21T15:26:18Z
Ugzg1UMSLHtWtzYUkR94AaABAg,,False,@lovelyerizen8130,"THIS IS SO SUHI!!!
Junmyeona, we're looking forward for your masterpiece <3",1,2020-03-21T15:25:14Z,2020-03-21T15:25:14Z
UgzPpdYnfeUS2Z7WJZh4AaABAg,,False,@إسراء-ق6ي,فاتن فاتن,1,2020-03-21T15:18:53Z,2020-03-21T15:18:53Z
UgxP806stpvjWDbePCV4AaABAg,,False,@إسراء-ق6ي,بالنسبه لشاماته وووووجمالهن شهل مفاتن الله يلعن الاس ام وين جانت عن سوهو مسنيخيخيخيخ,1,2020-03-21T15:18:19Z,2020-03-21T15:18:19Z
Ugxc1xplsANDF0uCBV14AaABAg,,False,@إسراء-ق6ي,ما شاء الله ع قله الادب شنو شفت انااا شهل جمال شكوو خيرر ياخيييي الفيديو بين مفاتن سوهو حرفيااا هل ولد فاتن فاتن,3,2020-03-21T15:17:49Z,2020-03-21T15:17:49Z
UgyiMEuBJYn9eN3dSfl4AaABAg,,False,@byunlalis,OLHA O CONCEITO VEYR.... ESSE HOMEM EH DEUS!,0,2020-03-21T15:17:15Z,2020-03-21T15:17:15Z
UgzmCqseVx0ugEL0gC94AaABAg,,False,@anarya71q88,حبيبي ❤️❤️,1,2020-03-21T15:14:37Z,2020-03-21T15:14:37Z
Ugw8IMAZTATUGsKLMNt4AaABAg,,False,@anarya71q88,ليش انت حلوو يا امنا,1,2020-03-21T15:14:13Z,2020-03-21T15:14:13Z
UgzMt7gxFey_ij-YEDJ4AaABAg,,False,@anarya71q88,Suhoooo 💜💜💜,1,2020-03-21T15:13:49Z,2020-03-21T15:13:49Z
UgxxfoRMuGsw4BcMSXJ4AaABAg,,False,@anarya71q88,Suho we are love you 💜❤️❤️,1,2020-03-21T15:12:47Z,2020-03-21T15:12:47Z
UgysGCvztt-RVkfEgz14AaABAg,,False,@anarya71q88,💜❤️❤️❤️,1,2020-03-21T15:12:22Z,2020-03-21T15:12:22Z
UgzH6isghiUX-27hLGl4AaABAg,,False,@anarya71q88,حمله ستريم بلشت يالله يا اكسوالز,1,2020-03-21T15:12:17Z,2020-03-21T15:12:17Z
UgxE9G3SdUpVbRx9in94AaABAg,,False,@itsrifale7141,بنات حملة اكسولتور فايتينق!!,1,2020-03-21T15:08:09Z,2020-03-21T15:08:09Z
Ugy0blHRcQaLgyMYjjJ4AaABAg,,False,@lnoorplaylist,"i'm army hello EXO-L's
 these days i don't why but i'm watching exo videos😂
actually i knew them before but never got interested",25,2020-03-21T15:02:59Z,2020-03-21T15:04:22Z
Ugy0blHRcQaLgyMYjjJ4AaABAg.96TVuD8wLqF96c8A7yrpy4,Ugy0blHRcQaLgyMYjjJ4AaABAg,True,@kdjoshi726,Same here lol but I'm officially an Multifandom now lool,2,2020-03-25T08:47:59Z,2020-03-25T08:47:59Z
Ugy0blHRcQaLgyMYjjJ4AaABAg.96TVuD8wLqF96nJtugYXQd,Ugy0blHRcQaLgyMYjjJ4AaABAg,True,@littlesquid1068,You won't regret it sweetie. Enjoy the ride. 😘,2,2020-03-29T17:02:08Z,2020-03-29T17:02:08Z
Ugz6BFzVOerh8Dcfdd14AaABAg,,False,@mlzf1485,Ditunggu:),0,2020-03-21T14:40:12Z,2020-03-21T14:40:12Z
UgxkoZLV4bbN076ewEB4AaABAg,,False,@damvanbranith1377,Kim Junmyeon= King of aesthetic,1,2020-03-21T14:38:56Z,2020-03-21T14:38:56Z
Ugxu8KnVNzD1gMfvroh4AaABAg,,False,@danadeguzman9540,"this is really beautiful, suho fighting♡",0,2020-03-21T14:36:43Z,2020-03-21T14:36:43Z
UgxC4zpOWjMeVQB_EAx4AaABAg,,False,@s.x.l5398,"*Each year, you are the most loyal leader of the planet.*",0,2020-03-21T14:29:16Z,2020-03-21T14:29:16Z
UgyTQL7_HN0qrXV-JuN4AaABAg,,False,@s.x.l5398,"*سنكون هنا دائما لدعمك شكرا لعملك المتواصل والجاد، سندعمك ونحبك كثيرا ودائما~.*

*We will always be here to support you Thank you for your continued and hard work, we will support you and love you so much and always~!.*

*우리는 항상 당신을 지원하기 위해 여기에있을 것입니다 당신의 지속적인 노력에 감사드립니다, 우리는 당신을 지원하고 당신을 너무 많이 사랑합니다~!.*",1,2020-03-21T14:28:52Z,2020-03-21T14:28:52Z
UgwdgMW2tglfK-7X8hN4AaABAg,,False,@badincordero4870,Wow Suho🥰😍,0,2020-03-21T14:25:27Z,2020-03-21T14:25:27Z
UgwiAuioC8GPnt6v2C94AaABAg,,False,@s.x.1579,"*سنكون هنا دائما لدعمك شكرا لعملك المتواصل والجاد، سندعمك ونحبك كثيرا ودائما~.*

*We will always be here to support you Thank you for your continued and hard work, we will support you and love you so much and always~!.*

*우리는 항상 당신을 지원하기 위해 여기에있을 것입니다 당신의 지속적인 노력에 감사드립니다, 우리는 당신을 지원하고 당신을 너무 많이 사랑합니다~!.*",1,2020-03-21T14:19:40Z,2020-03-21T14:19:40Z
UgzwZghBiAW7GzqVy8h4AaABAg,,False,@marcelaalexandramorenougar798,yes❤️❤️❤️😭,0,2020-03-21T14:15:08Z,2020-03-21T14:15:08Z
UgzpjJB9I63KIIR-WZ94AaABAg,,False,@Ycheee,"If my life is a movie, this will be the bgm for a life-changing scene.",1,2020-03-21T14:05:16Z,2020-03-21T14:05:16Z
Ugz_G-KjkyAdOF-TAWt4AaABAg,,False,@exoscalmfan191,"ohhh, the spring came 🌸💛",0,2020-03-21T14:00:12Z,2020-03-21T14:00:12Z
UgyU6nTTjDpnrNzBb3V4AaABAg,,False,@omar_def_2932,كيوت,2,2020-03-21T13:45:14Z,2020-03-21T13:45:14Z
Ugxn9boPjzI1nL3VTuZ4AaABAg,,False,@ayp4390,"김준면
수호
어떻게 불려도 예쁜 사람",0,2020-03-21T13:37:04Z,2020-03-21T13:37:04Z
UgwNjjky6HuIhhuIUnl4AaABAg,,False,@crazymery9700,OMG is he even human !!!♡♡♡♡♡♡♡,1,2020-03-21T13:28:24Z,2020-03-21T13:28:24Z
UgyotJ-uij2WC12jJkJ4AaABAg,,False,@ahilesahilesov4785,This sound refreshing like water ! Amazing Suho 😭❤️,0,2020-03-21T13:13:15Z,2020-03-21T13:13:15Z
UgyG5nnxHxgs0V7Dihl4AaABAg,,False,@beachieee127,"Our suho bunny O.O so handsome, and i really like the music (its upbeat!)",0,2020-03-21T13:07:52Z,2020-03-21T13:07:52Z
UgyyNeVoDKzI5cR_LO94AaABAg,,False,@beachieee127,"Our suho bunny O.O so handsome, and i really like the music (its upbeat!)",0,2020-03-21T13:07:33Z,2020-03-21T13:07:33Z
UgwQZ9pfNOnV3aWHH5V4AaABAg,,False,@nenanena763,❤❤,0,2020-03-21T12:59:18Z,2020-03-21T12:59:18Z
UgyA6mQUnJF2rI3Sisl4AaABAg,,False,@Exolhiso,إكسوالز علقو بالعربية وحطو لايكات لبعضكم مشان تثبتو وجودكم يلا فايتينغ,4,2020-03-21T12:45:49Z,2020-03-21T12:45:49Z
UgwekmZXOFAZz1Vr8Rp4AaABAg,,False,@Exolhiso,يمه فدوه فدوه للقطن هذا انا انشليت,7,2020-03-21T12:42:59Z,2020-03-21T12:42:59Z
Ugy-D5FGgk-i1Na3sMh4AaABAg,,False,@Exolhiso,واو أفضل قائد في العالم رح يشلنا بجمالو,12,2020-03-21T12:42:08Z,2020-03-21T12:42:08Z
UgzneCV1EMUzQaM5_iF4AaABAg,,False,@mutiariz7974,Ganteng amat bapak leaderr,0,2020-03-21T12:40:16Z,2020-03-21T12:40:16Z
UgwTF8bocXd88V2cj1N4AaABAg,,False,@Exolhiso,يلعن حظي ما لحقت في الوقت,3,2020-03-21T12:39:29Z,2020-03-21T12:39:29Z
Ugzyb912v_Og4DVIcWx4AaABAg,,False,@Exolhiso,يمة على هذا الملاك يا الله,4,2020-03-21T12:38:37Z,2020-03-21T12:38:37Z
Ugx_0FB52PaXGWeSo1B4AaABAg,,False,@lesliemaze,Let's support SUHO!  #Weareone,0,2020-03-21T12:34:01Z,2020-03-21T12:34:01Z
Ugz1HYlpvA6XWuH-w6l4AaABAg,,False,@jwen951,すごい楽しみ🥺🥺,0,2020-03-21T12:26:48Z,2020-03-21T12:26:48Z
Ugx4B94Z9COijJu1z7F4AaABAg,,False,@molyakzkalybaeva3363,😍😍😍,0,2020-03-21T12:25:34Z,2020-03-21T12:25:34Z
UgygPGNEkz-u9Gh7Wyd4AaABAg,,False,@sarahluv6469,So happy SUHO has his chance to shine ...please please support SUHOs solo.  There is just something so special about this beautiful man!,0,2020-03-21T11:56:32Z,2020-03-21T11:56:32Z
UgyKa8rbOfiBUcc5tnV4AaABAg,,False,@hengamekhj1367,Really i can't wait😭😭best album in 2020🔥🔥,0,2020-03-21T11:32:30Z,2020-03-21T11:32:30Z
UgyyAeElk0uvazenSX14AaABAg,,False,@a.l.i05x,"So Excited 🔥 ❤
سوهو هيونغ 💕 
ArabEXO-L",3,2020-03-21T11:28:41Z,2020-03-21T11:28:41Z
UgwrJM-kRwXAcyBHH4d4AaABAg,,False,@adnamahad5196,He is so beautiful inside out great leader guys strm his album and obsession too,0,2020-03-21T11:24:09Z,2020-03-21T11:24:09Z
UgzBu9UA8oM5GHuAWap4AaABAg,,False,@krystalx214,our captain is really killing it🧡,0,2020-03-21T10:59:16Z,2020-03-21T10:59:16Z
UgzUo1sDMQywyj42klZ4AaABAg,,False,@lypark801,King of kpop is comiiiiiiing,1,2020-03-21T10:54:23Z,2020-03-21T10:54:23Z
UgxyBQxfPJnAx35pFdN4AaABAg,,False,@saraamrane9839,Omg,0,2020-03-21T10:54:20Z,2020-03-21T10:54:20Z
Ugy8cit03KJ0R76aQKB4AaABAg,,False,@erditaerdita3302,AWWW❤,0,2020-03-21T10:52:48Z,2020-03-21T10:52:48Z
UgyKTVcu3WEJVp2poWx4AaABAg,,False,@alquiraaaa,gantengnya kelewatan 🥰❤,0,2020-03-21T10:23:05Z,2020-03-21T10:23:05Z
Ugz45IIoCL1KMe3BAql4AaABAg,,False,@shnajnl,"taray ni Suho naka turtleneck sa initan, lamig na lamig ah?",0,2020-03-21T10:07:34Z,2020-03-21T10:07:34Z
Ugwh0oK7vDSteomzDrt4AaABAg,,False,@boyadrian1236,wow,0,2020-03-21T10:07:15Z,2020-03-21T10:07:15Z
UgzKz9hTxTEmOT8slJZ4AaABAg,,False,@nhanafuzi,can't wait !!!!,0,2020-03-21T10:06:10Z,2020-03-21T10:06:10Z
UgyvXKYL6mneculZzv14AaABAg,,False,@janjehmalate7151,"love you, king junmyeon! ✨",0,2020-03-21T10:05:04Z,2020-03-21T10:05:04Z
Ugzx0jtrxeOKm59NPi54AaABAg,,False,@dessatubiano976,❤️❤️,0,2020-03-21T09:37:01Z,2020-03-21T09:37:01Z
Ugxo94FhtP1tt0OG6fh4AaABAg,,False,@jhorecabarmanalo6394,❤️❤️❤️❤️❤️,0,2020-03-21T09:00:39Z,2020-03-21T09:00:39Z
UgzejqRtCGp_sZksVTN4AaABAg,,False,@Light-vj2oz,Cutieeeee,0,2020-03-21T08:49:21Z,2020-03-21T08:49:21Z
UgyeXDBWIlMyUYg8A7R4AaABAg,,False,@Light-vj2oz,Bunnyyyyy,0,2020-03-21T08:49:14Z,2020-03-21T08:49:14Z
Ugz0gDrOI0ZNluQCq4h4AaABAg,,False,@Light-vj2oz,You are the best,0,2020-03-21T08:48:59Z,2020-03-21T08:48:59Z
Ugzj61rGlq9pk7ZNqyR4AaABAg,,False,@Light-vj2oz,Love you,0,2020-03-21T08:48:51Z,2020-03-21T08:48:51Z
UgygJTDHUgTM0JBQVrZ4AaABAg,,False,@henisayuislami9854,si ganteng,0,2020-03-21T08:08:19Z,2020-03-21T08:08:19Z
Ugw6HOn54LJrsqe5BR14AaABAg,,False,@alleveryl,Suho hyung💕,0,2020-03-21T08:07:20Z,2020-03-21T08:07:20Z
Ugz3k3eXyxeEarW49pp4AaABAg,,False,@minahashimi5843,But i don't have money to buy this album😢,0,2020-03-21T08:06:22Z,2020-03-21T08:06:22Z
Ugx9R38Cb6gAIFFcG1J4AaABAg,,False,@nrsfiea6530,thank you junmyeon for everything!,0,2020-03-21T07:56:15Z,2020-03-21T07:56:15Z
UgzSEmuEEGaHU0H_lyB4AaABAg,,False,@sadiazar1452,"Let's Love (●'◡'●)
                   Kim Junmyeon-2020",0,2020-03-21T07:53:23Z,2020-03-21T07:53:23Z
UgwYLuBG4vp0hiflx8B4AaABAg,,False,@ladyapriscilla,ANJAY ORANG GANTENG MAH BEBASSS YAAA,0,2020-03-21T07:50:31Z,2020-03-21T07:50:31Z
UgwDZHWXK81BBIFUi0d4AaABAg,,False,@juliaroden5980,Какой прекрасный мужчина 😍😍😍😍😍,0,2020-03-21T07:45:57Z,2020-03-21T07:45:57Z
UgzrsIuIKxBebSABgCB4AaABAg,,False,@chaterinahachikita7392,Good~,0,2020-03-21T07:32:05Z,2020-03-21T07:32:05Z
Ugx6NHiGBFYhh98xMnB4AaABAg,,False,@Zoozang994,준면아사랑해...ㅠㅠ,0,2020-03-21T06:25:32Z,2020-03-21T06:25:32Z
Ugwpf1ZEpNBNwWwE2EN4AaABAg,,False,@joannieg5453,"DIOSSS!!!
Ya quiero escuchar este ARTE de mi bebe SUHO 😍",3,2020-03-21T06:12:50Z,2020-03-21T06:12:50Z
UgyyIifutq7NtMtU_q14AaABAg,,False,@tranguyen9978,So handsome ❤️❤️❤️ oppa i love u ❤️❤️❤️,0,2020-03-21T05:57:40Z,2020-03-21T05:57:40Z
UgwlPsE1MMQ_TzGGEvF4AaABAg,,False,@nahlaannisa2420,Suho-nim so gorgeous 🤩🤩🥰,0,2020-03-21T05:55:19Z,2020-03-21T05:55:19Z
UgxXby4RQk0Y0Xd_oEl4AaABAg,,False,@nikolnikol2995,I LOVE YOU,0,2020-03-21T05:53:12Z,2020-03-21T05:53:12Z
UgwQXSdFD2q9B2HLFKl4AaABAg,,False,@heooudoneyotsavath501,👏👏💪👑👍🏾☝️⭐💕🌷😍😍,0,2020-03-21T05:46:05Z,2020-03-21T05:46:05Z
UgxuzZKqgZPusQ-oC6F4AaABAg,,False,@lailanejusi657,He's coming🐰🐰,0,2020-03-21T05:37:55Z,2020-03-21T05:37:55Z
Ugzu0yBNQQawO4ENws54AaABAg,,False,@narita228,Suho oppa-- jjang,0,2020-03-21T05:37:54Z,2020-03-21T05:37:54Z
Ugw8sLLFZHcgHH-kum54AaABAg,,False,@zulfataftiana9420,Cerah banget muka uri leaderr semangat terus leader kita saranghae^^,0,2020-03-21T05:37:16Z,2020-03-21T05:37:16Z
Ugxqsn6fg0BXr_Zh9aV4AaABAg,,False,@lailanejusi657,He's coming🐰🐰,0,2020-03-21T05:37:10Z,2020-03-21T05:37:10Z
Ugzsss5wawdTtUlFPD94AaABAg,,False,@Sweden040,개이뻐 미친,0,2020-03-21T05:21:21Z,2020-03-21T05:21:21Z
UgyzHDmXaUbzdrTiGTR4AaABAg,,False,@karlagonzalez9980,Está bien hermoso ❤️❤️❤️💕❤️❤️❤️💕❤️💕,0,2020-03-21T05:18:53Z,2020-03-21T05:18:53Z
Ugy8Bx4pRIM2YymoMa94AaABAg,,False,@dobongso950,😍😍😍😍😍😍😍 So handsome boy ♥️Suho♥️ I love ❤️ you 😘😘😘😘😘😘😘,0,2020-03-21T05:04:55Z,2020-03-21T05:04:55Z
UgxiSq9cdUXNE0KTO-V4AaABAg,,False,@mg_77,Soho i love you 😍,0,2020-03-21T04:31:12Z,2020-03-21T04:31:12Z
UgyciHGBsFyMpUQcl7l4AaABAg,,False,@rinijuminem9981,Mas kapas💖💖💖,1,2020-03-21T04:30:39Z,2020-03-21T04:30:39Z
Ugxj58-ojLFIinua1G94AaABAg,,False,@ttanhkongeee,빨리 준며니 목소리 듣고 싶다ㅠㅠㅠㅠ,0,2020-03-21T04:29:32Z,2020-03-21T04:29:32Z
UgxcQKWYvsYy5ZhboDF4AaABAg,,False,@andreaeriyeahchu4809,I'm crying again malapit na siya mag enlist 😢😢😢,0,2020-03-21T04:28:43Z,2020-03-21T04:28:43Z
Ugwp-URUUq2e3IWKBO94AaABAg,,False,@마리포사-c9w,항상 고마운 엑소 리더💕 어서 나와라 앨범아,0,2020-03-21T04:25:11Z,2020-03-21T04:25:11Z
UgwdCjYZgREFIwDUHP14AaABAg,,False,@hebehebe00v30,*Go Kim Junmyeon*!!!,0,2020-03-21T03:53:21Z,2020-03-21T03:53:21Z
UgwyOyrnkfsCLDlaMMV4AaABAg,,False,@starzies,time to get my tissues ready,0,2020-03-21T03:41:56Z,2020-03-21T03:41:56Z
UgxltqEnAWTrxQUuHgR4AaABAg,,False,@ajengtriwahyunipratiwiwang4834,"Mundur dikit, gantengnya kelewatan.",0,2020-03-21T03:37:40Z,2020-03-21T03:37:40Z
Ugx7MlzJIpOJi4C2YAR4AaABAg,,False,@user-zl9ri8gh8o,١٢٣٤٥٦٧٨٩١١,0,2020-03-21T03:14:58Z,2020-03-21T03:14:58Z
Ugy3tCwjCYRTnghnyUB4AaABAg,,False,@user-zl9ri8gh8o,¤¤¤¤¤¤¤¤¤¤¤,0,2020-03-21T03:14:45Z,2020-03-21T03:14:45Z
Ugx0qexUFVO-qrUqK054AaABAg,,False,@user-zl9ri8gh8o,جمالك سحرني,0,2020-03-21T03:14:36Z,2020-03-21T03:14:36Z
UgztA1pbI-DC-tm5NRR4AaABAg,,False,@user-zl9ri8gh8o,اموت لو اموت,0,2020-03-21T03:14:24Z,2020-03-21T03:14:24Z
UgwTU6ONa73bFNpW1294AaABAg,,False,@user-zl9ri8gh8o,يا حلوو لوب يو,0,2020-03-21T03:14:10Z,2020-03-21T03:14:10Z
Ugxkmy2AgflRIs-ohrV4AaABAg,,False,@whaang,The Great Leader,0,2020-03-21T03:12:32Z,2020-03-21T03:12:32Z
Ugxe0fSviyIi9k2gtCx4AaABAg,,False,@krisdo1831,please str3am suho song on spotify,0,2020-03-21T02:43:42Z,2020-03-21T02:43:42Z
Ugyr-3aNb8sznvyBAaJ4AaABAg,,False,@krisdo1831,suho,0,2020-03-21T02:43:24Z,2020-03-21T02:43:24Z
UgxbehtvSmToZ716WWZ4AaABAg,,False,@swietenia,realmente ¡junmyeon es el amor de mi vida!,0,2020-03-21T02:34:38Z,2020-03-21T02:34:38Z
UgwVLBFhvjDG0f0SeBl4AaABAg,,False,@rytoulism,ly,0,2020-03-21T02:24:43Z,2020-03-21T02:24:43Z
Ugx42zdgGVG9ykNJMEt4AaABAg,,False,@rytoulism,GOD SUHO,0,2020-03-21T02:24:35Z,2020-03-21T02:24:35Z
UgyYEEGvuReyIIxX80l4AaABAg,,False,@nhuhoang8728,Please always support EXO.❤,0,2020-03-21T02:08:10Z,2020-03-21T02:08:10Z
UgyASRoKBdnqpekhiWF4AaABAg,,False,@OohMayaaChannel,"안녕 
SUHO ganteng banget 
Semangat oppa 
Lakukan yang terbaik 
😉",0,2020-03-21T02:06:32Z,2020-03-21T02:06:32Z
UgyP513s5-DFP0CzyJN4AaABAg,,False,@iamsky_,35 seconds of not breathing! HAHA yeah I DID THAT! He even not let me blink at once! mygad!!!!!! I love how this sound so much plus the perfect visual! I don't deserve him T.T,3,2020-03-21T02:00:53Z,2020-03-21T02:00:53Z
Ugy5K3Jedwy39jIiLKN4AaABAg,,False,@tempo1172,ART T__T,0,2020-03-21T01:55:12Z,2020-03-21T01:55:12Z
UgworonUSrUxwukyp8Z4AaABAg,,False,@lennthokchom2558,How can someone be this handsome😭💗,0,2020-03-21T01:27:33Z,2020-03-21T01:27:33Z
Ugz-6YMYtag0AgT4-H94AaABAg,,False,@maryamexo-l,♥️♥️♥️♥️,0,2020-03-21T01:14:43Z,2020-03-21T01:14:43Z
Ugw9c7P5_UW1Jlm8MDh4AaABAg,,False,@kamand6851,😍😍😍😍😍😍,0,2020-03-21T01:05:45Z,2020-03-21T01:05:45Z
UgziunBe5VABgQSAvXh4AaABAg,,False,@Athyra,Ishhh love uu,0,2020-03-21T00:57:35Z,2020-03-21T00:57:35Z
UgzCDDMBdvA_0LHEywV4AaABAg,,False,@Athyra,Betapa gantengnyaaaa,0,2020-03-21T00:57:18Z,2020-03-21T00:57:18Z
UgykeM_HxQWx_JbuYd54AaABAg,,False,@Markleee99__,So handsome 😭,0,2020-03-21T00:53:23Z,2020-03-21T00:53:23Z
Ugy9e_TbWkrf2nyw19F4AaABAg,,False,@kitasiapakamusiapa611,",❤️",0,2020-03-21T00:46:06Z,2020-03-21T00:46:06Z
UgzHT9zWF3nCCKfG4tF4AaABAg,,False,@son_3084,I love you sooooooooooooooooo much ❤️❤️❤️❤️,0,2020-03-21T00:34:42Z,2020-03-21T00:34:42Z
UgyiczINhv3Op_VOlrZ4AaABAg,,False,@candydlight8981,Thanks God for suho,0,2020-03-21T00:05:36Z,2020-03-21T00:05:36Z
UgzR3r0c_3VfrrQR7np4AaABAg,,False,@candydlight8981,Suho is best 💖💖💖💖,0,2020-03-21T00:05:19Z,2020-03-21T00:05:19Z
UgyvLB5PHkr2d684TEF4AaABAg,,False,@candydlight8981,My king,0,2020-03-21T00:05:10Z,2020-03-21T00:05:10Z
UgzKH94psC50QSEclQR4AaABAg,,False,@kosongtujuh4386,EXO SUHO,0,2020-03-21T00:03:47Z,2020-03-21T00:03:47Z
Ugx-slJzvuiMk4LcPhx4AaABAg,,False,@Rebeccawang17,❤❤❤❤,0,2020-03-20T23:47:22Z,2020-03-20T23:47:22Z
Ugw1feWGA7GRaL-y8C14AaABAg,,False,@flor471liz7,AHHHHHHHHHHHHHHHHH,0,2020-03-20T23:29:55Z,2020-03-20T23:29:55Z
Ugwv1un6y1XIqNfjNe14AaABAg,,False,@angellimma5365,Beautiful,0,2020-03-20T23:22:35Z,2020-03-20T23:22:35Z
UgyrAs4qy0pJlMjYEVV4AaABAg,,False,@EE-rd9sg,احبكك,0,2020-03-20T23:22:22Z,2020-03-20T23:22:22Z
Ugx8szuCIanI0nubJPt4AaABAg,,False,@EE-rd9sg,سوهو فخررر كوريا,0,2020-03-20T23:22:15Z,2020-03-20T23:22:15Z
UgyoD-2UHMOdTWnaILZ4AaABAg,,False,@mcmouni4023,suho'yaaaaa imiss you oppa and i miss exoooo😭😭,0,2020-03-20T23:01:16Z,2020-03-20T23:01:16Z
Ugy8Pif-ckXOgtYPi_V4AaABAg,,False,@fydanandanp2825,"Yaampun jodoh orang, ganteng bgtttt😍",0,2020-03-20T22:45:37Z,2020-03-20T22:45:37Z
UgzsFhK6Yn7YJhEhR6x4AaABAg,,False,@gabbydaexing8056,Te amor mi amor bello 😭❤,0,2020-03-20T22:36:58Z,2020-03-20T22:36:58Z
UgxPza8anihmwrP_Fn94AaABAg,,False,@aya77-7,Our leader is the best!,0,2020-03-20T22:36:31Z,2020-03-20T22:36:31Z
Ugy95RTeXLPLyL3r9XN4AaABAg,,False,@parkmina7636,سوهو الحلو ❤️❤️ilove you suho❤️❤️,0,2020-03-20T21:54:21Z,2020-03-20T21:54:21Z
UgyoaSgm6uXdvQBPUOR4AaABAg,,False,@AllOfYeol,suho.....i cant wait for ur album.................ur voice:),0,2020-03-20T21:43:32Z,2020-03-20T21:43:32Z
UgzBS-PC_J8u6R0Og4Z4AaABAg,,False,@thomasdob4ek,DEEM MUITO AMOR AO NOSSO BB,0,2020-03-20T21:31:23Z,2020-03-20T21:31:23Z
Ugyh-JTZ65oVfo0g9U54AaABAg,,False,@غلامحمد-ذ1ذ,سوهو فايتنغ 💞💕💕,0,2020-03-20T21:18:33Z,2020-03-20T21:18:33Z
UgxSJomWJ8zGYArFlMx4AaABAg,,False,@eliftna,He is art,0,2020-03-20T21:06:40Z,2020-03-20T21:06:40Z
UgwQt2AYsu9oVi3AQ_p4AaABAg,,False,@suheejun,God he is so handsome. Whats new,0,2020-03-20T20:54:14Z,2020-03-20T20:54:14Z
UgynaLabNnuxX9prLQl4AaABAg,,False,@elena-cg7jq,ي ربيي متحممسسههه,0,2020-03-20T20:49:19Z,2020-03-20T20:49:19Z
UgwHyEeBTTTlRFt5oUt4AaABAg,,False,@Astgferallah828,Suho i love you so so much you very handsome in 2020!!!,1,2020-03-20T20:37:53Z,2020-03-20T20:38:23Z
UgzsSdLB0X1_Ue2Fd1V4AaABAg,,False,@bennxvy,"Suho entenda que seu trabalho é perfeito, e que sempre vamos te apoiar",1,2020-03-20T20:32:47Z,2020-03-20T20:32:47Z
UgxXuHRlxh8V4qWj9ml4AaABAg,,False,@sh-pc3vj,"اااااايييييييرررررررررييييييييييز  ....
هلو :)",1,2020-03-20T20:27:09Z,2020-03-20T20:27:09Z
UgzAaVVttaet6g3MESx4AaABAg,,False,@sh-pc3vj,"سكر محلي محطوط عليه كريمة ~ 

سوهو الوحيد اللي تليق عليه الاغنية حرفيااااا ♡",12,2020-03-20T20:24:57Z,2020-03-20T20:24:57Z
UgzGGC_Vadi9hnb2Hjd4AaABAg,,False,@agathakim8431,How beautiful,0,2020-03-20T20:18:29Z,2020-03-20T20:18:29Z
UgyRkDmqczFMVGW9sNZ4AaABAg,,False,@ameliamega7361,My dear❤❤,0,2020-03-20T20:14:31Z,2020-03-20T20:14:31Z
UgxJ8S7yBH-BZ5Tntm54AaABAg,,False,@sajasaadi9647,يله يا اكسوالز العرب اثبتو وجودكم بسرعه خلي انجيب نسبه مشاهدات اكثر من الارميز 👍😭,0,2020-03-20T20:11:42Z,2020-03-20T20:11:42Z
UgzypzeFBwacBjQPS_d4AaABAg,,False,@sajasaadi9647,Suho is very naez,0,2020-03-20T20:09:07Z,2020-03-20T20:09:07Z
UgwOUYSNDufpbKBjZa54AaABAg,,False,@user-oh5lu5xt4u,ILOVEYOU IM EXOLS FOR EVER احبك سوهو اموت عليك فديتك انته وفرقتك فديت اعضم قائد,0,2020-03-20T20:04:47Z,2020-03-20T20:04:47Z
UgwKTe2xZUeGS4_PJm14AaABAg,,False,@dkgustiana,"우와.... !!!!
오빠 대박, 너 너무 잘 생겼어.
사랑해 오빠... 기다릴 수 없어.",0,2020-03-20T20:03:50Z,2020-03-20T20:03:50Z
UgxrJlU2LoYmEWI77-l4AaABAg,,False,@rociovilla7,"Gracias querido Suho, sera hermoso tu album.",0,2020-03-20T19:56:45Z,2020-03-20T19:56:45Z
Ugz_Jc4gD1Cbl3fym0V4AaABAg,,False,@reem0791,ييييمممممااا,0,2020-03-20T19:51:34Z,2020-03-20T19:51:34Z
Ugy-xoZFdDu80nhjfZh4AaABAg,,False,@reem0791,ييييمممممااا,0,2020-03-20T19:51:34Z,2020-03-20T19:51:34Z
UgyJDJPlu4wx-GzDVzV4AaABAg,,False,@reem0791,ييييمممممااا,0,2020-03-20T19:51:34Z,2020-03-20T19:51:34Z
Ugy5ZmACRIjYpbL3q3B4AaABAg,,False,@Sally_sa216,Love suho,0,2020-03-20T19:50:49Z,2020-03-20T19:50:49Z
Ugzi9lhySm576FjySFl4AaABAg,,False,@Sally_sa216,He is very handsome,0,2020-03-20T19:50:12Z,2020-03-20T19:50:12Z
UgxfGQsLFdbz6Mjj6Ap4AaABAg,,False,@candlelights,HIS ALBUM WILL BE A MASTERPIECE,0,2020-03-20T19:47:46Z,2020-03-20T19:47:46Z
UgwjrnPcAGy2bbG5a_94AaABAg,,False,@nexonlife7007,قائدنا العظيم,0,2020-03-20T19:46:40Z,2020-03-20T19:46:40Z
UgzdJziYk6BC6TWCUiJ4AaABAg,,False,@nexonlife7007,سوهوووووووووو,0,2020-03-20T19:46:25Z,2020-03-20T19:46:25Z
Ugx0Fkw0USAcvL0r66R4AaABAg,,False,@nexonlife7007,My king~~,0,2020-03-20T19:46:15Z,2020-03-20T19:46:15Z
UgzITfGGKb5i5pMVlsF4AaABAg,,False,@krxsnxvzg7685,😍😍😍😍😍😍,0,2020-03-20T19:38:03Z,2020-03-20T19:38:03Z
Ugwr0aaPAhkSKbTmuuR4AaABAg,,False,@liyanshu8356,💕,0,2020-03-20T19:35:01Z,2020-03-20T19:35:01Z
UgxBWNgKUED0_N0tjyZ4AaABAg,,False,@demadween9226,قلبيييييي ... مش قادره,0,2020-03-20T19:31:57Z,2020-03-20T19:31:57Z
UgwFE2fMH-2VGbD97n54AaABAg,,False,@MohamedAhmed-ku3cn,I can't wait,0,2020-03-20T19:22:41Z,2020-03-20T19:22:41Z
UgwdFNQOGniqFW3B8QV4AaABAg,,False,@aeriuwu51,"He looks perfect:"")",0,2020-03-20T19:19:24Z,2020-03-20T19:19:24Z
UgzFZYALodswIRxeVjh4AaABAg,,False,@renrenrenrenrenren,*اذا التيزر سوا في كيذا،شيسوي الامفي؟؟*,1,2020-03-20T19:12:24Z,2020-03-20T19:12:24Z
UgxcCJBY-vAeNAP0yLd4AaABAg,,False,@charmysenpai8591,Babyyy...🥺🥺👀💘👌,0,2020-03-20T19:12:06Z,2020-03-20T19:12:06Z
Ugw4yqsJ9ONNITxyZBp4AaABAg,,False,@АлиевШарабутин,"Я так долго ждала этого.
Сухо удачи(Я знаю что он не знает русский и не прочтет,но моя душа за них болеет😂😂)
Мы любим тебя💕💕
Ехо мы вас любим❤💛 и всегда рады вас,и ждем радостных вестей😅💛💛💛💕
Россияне привет🙋‍♀️

У нас карантин в школе🤦‍♀️😂(Я огорчена ,что есть вирус,но я рада что мы не идем в школу)

Пока
ЕХО❤💛
EXO-L💛❤ 
               E😎
                  X💕
                     O💣💥
               and
         E💪
            X💓
                O😘 
                    -😄
                        L👑
#WEAREWAN!!!!💕💕💕💓💓💓💓
EXO👑👑KING
EXO-L QWEEN


Сори за ошибки, и я написала много всего тупого😂😂ПОКА❤",1,2020-03-20T19:12:04Z,2020-03-20T19:13:18Z
Ugw4yqsJ9ONNITxyZBp4AaABAg.96RNbbic3Nb96YZC32OMdJ,Ugw4yqsJ9ONNITxyZBp4AaABAg,True,@АлиевШарабутин,"@병백형 ПРИВЕТ😂😂 ОН ТАКОЙ КРУТОЙ,Я ОЧЕНЬ ЖДУ.Я не Фанючка я истинный ФАНАТ😂😂😂🤦‍♀️",0,2020-03-23T14:07:58Z,2023-11-13T02:07:51Z
Ugx108yHz-VW1PPR1sd4AaABAg,,False,@putri1330,"komuk jgn ganteng"" tolong",0,2020-03-20T18:58:16Z,2020-03-20T18:58:16Z
UgywGDpMxM10qnrGUSx4AaABAg,,False,@fofopark1698,Oh my gosh 😭😭😭♥️♥️♥️♥️,0,2020-03-20T18:46:11Z,2020-03-20T18:46:11Z
UgyY9D3DkGrsBn0IPnF4AaABAg,,False,@innesagustin1732,Love u,0,2020-03-20T18:44:27Z,2020-03-20T18:44:27Z
Ugxez3JxVUaaENni0h94AaABAg,,False,@innesagustin1732,Can't waitttt,0,2020-03-20T18:44:20Z,2020-03-20T18:44:20Z
UgzteXqZXuQPWPoqRX54AaABAg,,False,@ЗаринаЗарылбекова-д2ф,😍😍😍❤️❤️❤️❤️,0,2020-03-20T18:39:22Z,2020-03-20T18:39:22Z
UgzhG7CNnhp0qAjju9t4AaABAg,,False,@شادیاحمدی-ع9ر,Best leader of the world,0,2020-03-20T18:34:10Z,2020-03-20T18:34:10Z
UgysAW36Sc0jWetQTe94AaABAg,,False,@شادیاحمدی-ع9ر,My love,0,2020-03-20T18:33:56Z,2020-03-20T18:33:56Z
UgwfDgwkP9J_1sv-cgF4AaABAg,,False,@gjgodif386,Fighting,0,2020-03-20T18:27:46Z,2020-03-20T18:27:46Z
UgwWSTBgSDOMjgD4AgJ4AaABAg,,False,@pinkpanther9560,°°°°°°°°°°°°°°°°°,0,2020-03-20T18:25:29Z,2020-03-20T18:25:29Z
Ugw2qzO9YjqFljk_hKZ4AaABAg,,False,@pinkpanther9560,":::::؛؛""""^^^'(((((",0,2020-03-20T18:25:08Z,2020-03-20T18:25:08Z
UgyAkp8h31mSzF65x5p4AaABAg,,False,@pinkpanther9560,التعليقات وصلوا 5 آلاف,0,2020-03-20T18:24:43Z,2020-03-20T18:25:00Z
UgxqR1fxHswdbyMcbkZ4AaABAg,,False,@pinkpanther9560,سوهو لوف يوووو,0,2020-03-20T18:24:25Z,2020-03-20T18:24:25Z
UgytXLcegjO5M_ThK_Z4AaABAg,,False,@АйгеримОрманова-д8р,OMG AOAOAOAOAOAOOAOOAOAAOOOOOAOAOAAOAOAO AMAZING!,0,2020-03-20T18:24:05Z,2020-03-20T18:24:05Z
UgwHJZWnWr7sv4lhOtB4AaABAg,,False,@betulaydin3916,Lidom bu hâller neeee,0,2020-03-20T18:23:58Z,2020-03-20T18:23:58Z
UgwVRQy4N5_Uue3rRP14AaABAg,,False,@betulaydin3916,Allahimmmmm,0,2020-03-20T18:23:47Z,2020-03-20T18:23:47Z
Ugw0XWrhZL8-Tl0hG_N4AaABAg,,False,@romarymak9080,He is gorgeous,0,2020-03-20T18:23:42Z,2020-03-20T18:23:42Z
UgyLOauopGutrB1JWQN4AaABAg,,False,@daawiddaa,I really loooooove the instrumental music.. I cant wait for the whole song,1,2020-03-20T18:17:02Z,2020-03-20T18:17:02Z
UgwO0bq_1Wne_OK0ugN4AaABAg,,False,@joor0496,Perfect is the real definition of suho .,0,2020-03-20T18:15:27Z,2020-03-20T18:15:27Z
Ugw6kLCom8o759XYTP14AaABAg,,False,@조윤지-v5i,노래 좋다 준면아...ㅠㅠ,0,2020-03-20T18:13:29Z,2020-03-20T18:13:29Z
Ugy668j0QkYh4S4OCkJ4AaABAg,,False,@sara.7202,قلبي  مايتحمل اللطافه الي زي كذا💘💘💘💘,0,2020-03-20T18:07:48Z,2020-03-20T18:07:48Z
Ugwe0PaFd0LLfGL7Thh4AaABAg,,False,@cicisuho8809,Suho oppa 🥰,0,2020-03-20T17:52:11Z,2020-03-20T17:52:11Z
Ugy1JbFYwBf2tSlMHbt4AaABAg,,False,@kiiyo9747,Emotional song i know 😭🤘🏻,0,2020-03-20T17:47:41Z,2020-03-20T17:47:41Z
UgwB2BpHXK2s88pygqx4AaABAg,,False,@yw3i,❤️❤️❤️❤️,0,2020-03-20T17:43:33Z,2020-03-20T17:43:33Z
Ugz8P3bbpbXcMWWp-Dd4AaABAg,,False,@ariansant6222,This man is absolutely stunning! and talent!! I love him so much!!♥,0,2020-03-20T17:38:31Z,2020-03-20T17:38:31Z
UgyxV-xB8ixt8Guaf8t4AaABAg,,False,@lyixing3693,"ابي بشره نفس بشرة ماما سوهو ما شاء الله ):""",0,2020-03-20T17:36:45Z,2020-03-20T17:36:45Z
Ugzt8WZSVMWQ2Yi4j3h4AaABAg,,False,@natali5676,The best leader in the world💛,0,2020-03-20T17:35:23Z,2020-03-20T17:35:23Z
UgwBGXsN7LAgmaMdjkV4AaABAg,,False,@ayla1756,l love you suho,0,2020-03-20T17:32:04Z,2020-03-20T17:32:04Z
UgydL90O5Vd1cfyBrXZ4AaABAg,,False,@fasihahh2096,❤❤❤❗❗,0,2020-03-20T17:31:34Z,2020-03-20T17:31:34Z
UgzX99JlBbfXpU58ZQ14AaABAg,,False,@saranghae3184,OMG uri leader..look like angel,1,2020-03-20T17:29:55Z,2020-03-20T17:29:55Z
UgytGga5kBdMv9oYEvR4AaABAg,,False,@sofiafahira1348,the song solo good 👍,0,2020-03-20T17:18:57Z,2020-03-20T17:18:57Z
Ugx5B02MlcQ1nuGhcBd4AaABAg,,False,@hyunee_exo,I love you Suho,1,2020-03-20T17:13:49Z,2020-03-20T17:13:49Z
Ugx5lMwXwN8Y0sjuxSR4AaABAg,,False,@ohsehunilk3124,❤️,0,2020-03-20T17:11:31Z,2020-03-20T17:11:31Z
UgyxUYaRTYPLv9-30Ap4AaABAg,,False,@bitaf9069,We always here for you junmyeona♡,0,2020-03-20T17:11:09Z,2020-03-20T17:11:09Z
UgyvjwS4vh6ISFgcnxZ4AaABAg,,False,@bitaf9069,Shining like star*_*,0,2020-03-20T17:10:46Z,2020-03-20T17:10:46Z
UgzPAVDitpirNfsbs3h4AaABAg,,False,@bitaf9069,Legend♡,0,2020-03-20T17:10:32Z,2020-03-20T17:10:32Z
Ugz0RK5qPfSQYpMmSm54AaABAg,,False,@bitaf9069,Amazing,0,2020-03-20T17:10:24Z,2020-03-20T17:10:24Z
UgxVxoe2BojN62L0x4p4AaABAg,,False,@bitaf9069,Love you so much junmyeona,0,2020-03-20T17:10:13Z,2020-03-20T17:10:13Z
Ugy5zEVEsQkjGzQr-6V4AaABAg,,False,@bitaf9069,King are comingggg,0,2020-03-20T17:09:58Z,2020-03-20T17:09:58Z
UgzPDeydfAMuuUjkzxV4AaABAg,,False,@bitaf9069,Omggg can' wait,0,2020-03-20T17:09:37Z,2020-03-20T17:09:37Z
Ugx-0sB1aLXqnnmrHYd4AaABAg,,False,@geralynfaustino3637,"#EXO #SUHO
#Self_Portrait
#Suho_Solo
#weareoneEXO
#LetsLove",0,2020-03-20T17:08:31Z,2020-03-20T17:08:31Z
UgzdDCGuRZQymAxlyn14AaABAg,,False,@dannar8055,Self-portrait AOTY,0,2020-03-20T17:03:59Z,2020-03-20T17:04:13Z
UgyLmn6WbfX80NUnUxl4AaABAg,,False,@nil984,"Wow,oppa good luck forever",0,2020-03-20T17:03:47Z,2020-03-20T17:03:47Z
UgxIAZQIfCfioCNMp3t4AaABAg,,False,@BTSARMY-ym7wy,سوهوووووووووووووووووووووووووووووووووووووووووووووووووووووووووووووووووو خيرزحاتحقذنلوغحيجدنىثجت اااااا اتخيل اوبا,1,2020-03-20T17:01:14Z,2020-03-20T17:01:14Z
Ugx8QIdOOptvnvrd8dB4AaABAg,,False,@лізаліза-д3с,"как же это невероятно красиво и атмосферно, очень трогает за душу, жду с нетерпением релиза!",0,2020-03-20T16:56:20Z,2020-03-20T16:56:20Z
UgxVj3ldvupbh30AlMp4AaABAg,,False,@startyonna9641,"اااااااااا ما اعرف ايش شعوري في الوقت الحالي احسه حلم والله رفقاً ي سوهو بي فأنا ضعيفه امامك 😭💕
I don't have any word to describe how I feel oh godnoss oh god I'm super proud of you  jimeon 💕💕 
Arbe exo_l 💜🔥",2,2020-03-20T16:42:35Z,2020-03-20T16:42:35Z
UgyVtYp1tRseeR5U7XV4AaABAg,,False,@jihookim6543,ㅠㅠㅠㅠ아니 너무 미쳤자나ㅠㅠㅠ 이 세상 미모가 아니다 퓨ㅠㅠㅠㅠㅠㅠ,0,2020-03-20T16:42:32Z,2020-03-20T16:42:32Z
Ugxvz7wr14hjrZmdZA14AaABAg,,False,@amelfirda1700,meni bening bet mas gk kuat aku,0,2020-03-20T16:42:11Z,2020-03-20T16:42:11Z
UgyHlQ_QRgZe_pDDzP14AaABAg,,False,@梦立夏-h5p,不该睡觉前看的 完蛋了 睡不着了,0,2020-03-20T16:36:49Z,2020-03-20T16:36:49Z
UgyU09eRvuqMci_Vt_h4AaABAg,,False,@sweetescape4489,"My super leader! 😍😍😍😍😍😍 Amidst all the preparation, I hope that you're always healthy. Stay safe and let's achieve a great success with the solo debut!!!! ❤❤❤❤❤❤❤",0,2020-03-20T16:29:00Z,2020-03-20T16:29:00Z
Ugyq3ABJnnkqJ2q0XNl4AaABAg,,False,@alepbad6677,I miss #JiHo 😭❤️,0,2020-03-20T16:26:31Z,2020-03-20T16:26:31Z
UgyNLcmqLyBxosSw_AN4AaABAg,,False,@shalmitasakinah8636,Love u,0,2020-03-20T16:24:55Z,2020-03-20T16:24:55Z
UgyoRFybkDzVPThJb0l4AaABAg,,False,@DooBoo_ya,진짜 성스럽게 생겼다...변한게없어 나이는 또 나만먹지....,0,2020-03-20T16:17:46Z,2020-03-20T16:17:46Z
Ugwk6pJGPg9YwHDLKod4AaABAg,,False,@selmafitrizna1396,Can waittt,0,2020-03-20T16:15:20Z,2020-03-20T16:15:20Z
Ugyad9OJ7sHo9RRBXxN4AaABAg,,False,@dinaalifaisnaeni8318,Ganteng bangeeeetttttt,0,2020-03-20T16:10:44Z,2020-03-20T16:10:44Z
Ugz-sxq1inDa92M3zXx4AaABAg,,False,@kimminmobi6534,oasis,0,2020-03-20T16:10:33Z,2020-03-20T16:10:33Z
Ugx3LKwISui2io6dQjN4AaABAg,,False,@heethanx_7666,Suho Hyung!!! The best leader in the world 😊 suho Saranghae,1,2020-03-20T16:08:41Z,2020-03-20T16:08:41Z
UgxQQVVo4g8pGLKw4jV4AaABAg,,False,@sjingularity,king,0,2020-03-20T16:08:17Z,2020-03-20T16:08:17Z
UgxkitbIY_E7HMfuq5J4AaABAg,,False,@raradestii3831,💖💖💖💖💖,0,2020-03-20T16:06:56Z,2020-03-20T16:06:56Z
UgxkitbIY_E7HMfuq5J4AaABAg.96R2QirhCE796RBuP2L-BI,UgxkitbIY_E7HMfuq5J4AaABAg,True,@ayla1756,احذفي الايموجي يول,0,2020-03-20T17:29:46Z,2020-03-20T17:29:46Z
Ugwo3eH_XHlBLnSasVB4AaABAg,,False,@myloveexo3940,https://youtu.be/omO0ywlMoCY,0,2020-03-20T16:05:48Z,2020-03-20T16:05:48Z
Ugx9C1b1S5Q7_alFJWJ4AaABAg,,False,@myloveexo3940,Let support leadermin exols,0,2020-03-20T16:05:06Z,2020-03-20T16:05:06Z
Ugxz-PnDVaJGhB9-HGZ4AaABAg,,False,@noranherry6552,It's the time to see Suho not as a leader of EXO but as a VERY TALENTED ARTIST our Kim Junmyion we are waiting for the real you and we will support you and love you as a soloist as well,0,2020-03-20T15:52:31Z,2020-03-20T15:52:31Z
UgwwWS_P0yoqh2WYiVl4AaABAg,,False,@raxuk0857,كرهت لعوده,0,2020-03-20T15:50:10Z,2020-03-20T15:50:10Z
UgwwWS_P0yoqh2WYiVl4AaABAg.96R0VrKjbr096RCnI8PRrD,UgwwWS_P0yoqh2WYiVl4AaABAg,True,@ayla1756,What؟؟؟,0,2020-03-20T17:37:32Z,2020-03-20T17:37:32Z
Ugz9nL5yJtGlusQfAPp4AaABAg,,False,@phuonguyen1819,Đẹp xỉu 😍,0,2020-03-20T15:49:02Z,2020-03-20T15:49:02Z
UgyEviNF6ECbKJMDTb14AaABAg,,False,@haidahnovianti4707,"In case it ur enlisment, I'll miss u so, Leader. U are our The best leader, best singer, best dancer, best model, and anything good will just for u. I love EXO, SARANGHAJA",0,2020-03-20T15:48:07Z,2020-03-20T15:48:07Z
Ugx-4RRHjOWpl7xQLeZ4AaABAg,,False,@rowenacruz4868,"please take care suho!!! <3 
congratulationsssss!!",0,2020-03-20T15:46:59Z,2020-03-20T15:46:59Z
UgygKfACmlYaZaMwycF4AaABAg,,False,@sehunluhan1062,Soooo handsome❤❤❤❤❤❤❤❤❤❤❤❤❤❤❤❤,0,2020-03-20T15:45:09Z,2020-03-20T15:45:09Z
UgwbQArZPhIvCQOUmEt4AaABAg,,False,@수아-g7d,"이게 사람의 경지의 얼굴인건가 ,,,,?.",0,2020-03-20T15:38:31Z,2020-03-20T15:38:31Z
UgxDERwd-7411PyV0ol4AaABAg,,False,@chiphamphuong7419,Handsome😭😭😭😭,0,2020-03-20T15:37:55Z,2020-03-20T15:37:55Z
Ugy0_apmQBIopc3dKKZ4AaABAg,,False,@gissellagarcia7880,My bias hermoso bunny líder el mejorrrrrr,0,2020-03-20T15:35:49Z,2020-03-20T15:35:49Z
Ugygftu9r9vqq2Hbz214AaABAg,,False,@user-fl1bb6gi5x,فديت الحلوووو,0,2020-03-20T15:34:42Z,2020-03-20T15:34:42Z
Ugy2OpkIepic96Ehmj94AaABAg,,False,@hudamahmoud3498,يالهوي علي حلاوه رئيس جمهوريه قلبييييي.....can't wait... So exicted,0,2020-03-20T15:25:57Z,2020-03-20T15:25:57Z
Ugz_EkNaoqmwC9xMVcZ4AaABAg,,False,@exoklm7233,GANBATTE,1,2020-03-20T15:22:39Z,2020-03-20T15:22:39Z
UgydAboHB5dsJw2Szvx4AaABAg,,False,@syazwanie660,DADDY MYEONNNNNN,0,2020-03-20T15:21:57Z,2020-03-20T15:21:57Z
UgxH-8cbV3lg1V_suIx4AaABAg,,False,@GemForever_,King,1,2020-03-20T15:18:19Z,2020-03-20T15:18:19Z
UgwC3-E6Jggv-iJuAut4AaABAg,,False,@Jae._.e,뭐지?? 얼굴 클로즈업 하지마요 심장떨어질뻔 했네... 예고하고 들어오기,0,2020-03-20T15:18:09Z,2020-03-20T15:18:09Z
UgzOh4zbQDLKy5WASM14AaABAg,,False,@sodabella,"I am going to miss him so much when he enlist!! Already missing DO and Xiumin, and now Suho will soon be in military too! 😭😭😭",0,2020-03-20T15:16:29Z,2020-03-20T15:16:45Z
UgwTRDZ4dIUUwC-tnhF4AaABAg,,False,@sodabella,So gorgeous!,0,2020-03-20T15:14:38Z,2020-03-20T15:14:38Z
UgyFP_rrJmLpcB243XN4AaABAg,,False,@loonatheworllddd,💜,0,2020-03-20T15:14:00Z,2020-03-20T15:14:00Z
UgyReAAOSaBG8K9f9-94AaABAg,,False,@resykf9276,Masya allah 💚,0,2020-03-20T15:11:34Z,2020-03-20T15:11:34Z
Ugzxhy8ht6qcHQlzPsR4AaABAg,,False,@コバちゃん-z5l,綺麗だな〜,0,2020-03-20T15:11:12Z,2020-03-20T15:11:12Z
UgydlhuXE51b2n-lMC14AaABAg,,False,@vanesaahmad2426,Love it !,0,2020-03-20T15:04:02Z,2020-03-20T15:04:02Z
UgwhN8_nNZOlhHeXuIh4AaABAg,,False,@we_are_one2970,I can’t wait,0,2020-03-20T15:03:39Z,2020-03-20T15:03:39Z
UgzFlWvQE4Ho7XKhr4V4AaABAg,,False,@jhyunee,멜로디 어떡해 취향저격❤,0,2020-03-20T15:03:18Z,2020-03-20T15:03:18Z
UgwNshhrlVLWfIPw6Ol4AaABAg,,False,@Luka-k6o6l,"이쁘다 이삐 ippayo oppa 
irum orlaganya youtubuya?",1,2020-03-20T15:02:38Z,2020-03-20T15:03:23Z
Ugyi195a1VUy1W_-oyx4AaABAg,,False,@ngoctuyetnguyen3112,Love love love love,0,2020-03-20T14:58:42Z,2020-03-20T14:58:42Z
Ugx-4Z4qWJ7iv8zvaA94AaABAg,,False,@БатмаЖумаева-э4т,I love you❤️,0,2020-03-20T14:57:44Z,2020-03-20T14:57:44Z
UgzN6McDVHkPBMZdepB4AaABAg,,False,@shawtyimmapartytilthesundo5952,We love you suho..,0,2020-03-20T14:56:57Z,2020-03-20T14:56:57Z
UgwnEo6YtHG2fH9veOF4AaABAg,,False,@helnisusneni9931,subhanallah masyaallah ❤️,0,2020-03-20T14:53:54Z,2020-03-20T14:53:54Z
Ugx9cYyBH8jM3BwJutp4AaABAg,,False,@alyarahmaa_6424,So handsome 😍💖😭,0,2020-03-20T14:51:13Z,2020-03-20T14:51:13Z
UgwFwAY2BbzprhbUZsZ4AaABAg,,False,@くらさ-d7j,Im so excited ㅋㅋㅋ,0,2020-03-20T14:51:00Z,2020-03-20T14:51:00Z
Ugzw_94a0548qNBOVrN4AaABAg,,False,@alyarahmaa_6424,The best 💖,0,2020-03-20T14:50:54Z,2020-03-20T14:50:54Z
UgwuUf9LvA-4-Ubegt54AaABAg,,False,@mikasaarkerman994,My CEO ❤❤,0,2020-03-20T14:47:41Z,2020-03-20T14:47:41Z
UgxDx5iBOm91HsIvuSt4AaABAg,,False,@EXO-L4EVER-c2o,Are you want to kill me beb ..my love suho..,0,2020-03-20T14:44:47Z,2020-03-20T14:44:47Z
UgzcRbJDXGRcMJ68i894AaABAg,,False,@missnena1187,You look soo shiny  our suho 💗💗💗💕,0,2020-03-20T14:39:41Z,2020-03-20T14:39:41Z
UgyZcan0HKr58fVLE814AaABAg,,False,@thusam9952,So handsome 🥺❤️❤️,0,2020-03-20T14:39:19Z,2020-03-20T14:39:19Z
Ugxa5Zs6J30rt3jFDuh4AaABAg,,False,@kara120,Waiting love,0,2020-03-20T14:39:10Z,2020-03-20T14:39:10Z
Ugzo-W0vse2uA7QQcw94AaABAg,,False,@nguyetnguyen-fh1zx,💓,0,2020-03-20T14:35:34Z,2020-03-20T14:35:34Z
Ugx0ayJ0adq5RSdDj9J4AaABAg,,False,@nguyetnguyen-fh1zx,♥️,0,2020-03-20T14:35:20Z,2020-03-20T14:35:20Z
Ugy4jmM4N2JIUUFFeSt4AaABAg,,False,@nguyetnguyen-fh1zx,🥰,0,2020-03-20T14:35:14Z,2020-03-20T14:35:14Z
UgwFRD1tU0pAmGpPX-F4AaABAg,,False,@nguyetnguyen-fh1zx,😘,0,2020-03-20T14:35:07Z,2020-03-20T14:35:07Z
Ugx5orb2MgAuyC2Vij94AaABAg,,False,@nonsensesensei,WHATTA BEAUTYYYYYYYYYYYYYYYYY,0,2020-03-20T14:30:11Z,2020-03-20T14:30:11Z
UgyuMTqCDHpic2O3BUF4AaABAg,,False,@paulinaserliani2559,Oh my god. So handaome. Can't wait his solo album❤❤,0,2020-03-20T14:25:33Z,2020-03-20T14:25:33Z
UgwC6s5bv33VMs5WEEd4AaABAg,,False,@amaniosama8218,ما احلاه يجنن⁦⁦⁦♥️⁩⁦♥️⁩⁦♥️⁩⁦♥️⁩,0,2020-03-20T14:25:25Z,2020-03-20T14:25:25Z
UgwWJzRy4dg-A3EiXxd4AaABAg,,False,@ramsha8540,"OMG I CAN'T WAIT FOR THIS, THANKYOU SUHO",0,2020-03-20T14:24:54Z,2020-03-20T14:24:54Z
Ugwp5MacnONV4_VonOZ4AaABAg,,False,@hyunjinhwang8974,Beautiful 😡💞,0,2020-03-20T14:23:50Z,2020-03-20T14:23:50Z
Ugx1-tJPuYt7Q_TtRd14AaABAg,,False,@dewiaas5969,My love,0,2020-03-20T14:23:17Z,2020-03-20T14:23:17Z
UgxYLLCzNkRpuh-Rhnl4AaABAg,,False,@elhamamiri2989,I fell in love with his mole in his left eyebrow,0,2020-03-20T14:21:27Z,2020-03-20T14:21:27Z
UgzQSthocLfCdBs03cF4AaABAg,,False,@masagussafei934,BIKIN MEWEK PART 2 😭😭,0,2020-03-20T14:21:21Z,2020-03-20T14:21:21Z
UgzwpW29yO5cpb0iX8p4AaABAg,,False,@최정은-v9w,얼굴맛집,0,2020-03-20T14:17:38Z,2020-03-20T14:17:38Z
Ugy57n-c2aEz120pLTJ4AaABAg,,False,@quliyeva1568,exo! come to BAKU (AZERBAIJAN) and concert here please!,0,2020-03-20T14:14:17Z,2020-03-20T14:14:17Z
Ugw9TzfJvQfjmxWUO8h4AaABAg,,False,@yerhonghao9599,我们最好的EXO队长，冲鸭,0,2020-03-20T14:12:59Z,2020-03-20T14:12:59Z
UgwtlT2palaCC4wQIt54AaABAg,,False,@melisaalvez7993,Que hermoso está uwu,0,2020-03-20T14:12:44Z,2020-03-20T14:12:44Z
UgyMSK7eosnzW4OuLvJ4AaABAg,,False,@delaastari9536,omg suho oppa like diamond verry shinning,0,2020-03-20T14:12:13Z,2020-03-20T14:12:13Z
UgwLwvE4oe3pJdA82-h4AaABAg,,False,@user-bw1hi3wn6y,진짜 들으면 심장 터질것가타..,0,2020-03-20T14:06:32Z,2020-03-20T14:06:32Z
UgwDTFHbNzhG-SDP0dp4AaABAg,,False,@fiqshy,Sounds good!,0,2020-03-20T14:06:32Z,2020-03-20T14:06:32Z
UgzKzIVy2zNKYKYVRRd4AaABAg,,False,@user-jr8pz7cf5m,"ياربيييي انا ليش بايسي حلووو لذي الدرجههه مايصيررر قلبي صغير مايتحملللللللللل 

love suho
love exo
arab exo_l",0,2020-03-20T14:01:21Z,2020-03-20T14:01:21Z
UgzTG5cZui3VweM0N6F4AaABAg,,False,@madriagadulceamord.4234,Mas maganda pa sya kesa sa akin🙃,0,2020-03-20T14:00:39Z,2020-03-20T14:00:39Z
UgywtIzxt8LZ6CwZ0z94AaABAg,,False,@mochi_baekhyun6,Suho is the best,0,2020-03-20T13:59:30Z,2020-03-20T13:59:30Z
UgyHxEuu6TdXVhQPqUx4AaABAg,,False,@razansehun8776,الله يكسر يد كل الي تحط ديز لايك,11,2020-03-20T13:58:53Z,2020-03-20T13:58:53Z
UgyHxEuu6TdXVhQPqUx4AaABAg.96Qols5Yhjd96YUIsYBmDv,UgyHxEuu6TdXVhQPqUx4AaABAg,True,@mm-vm9oj,آمييييننن:)!!,1,2020-03-23T13:25:13Z,2020-03-23T13:25:13Z
Ugy40TljrZXu9k63IMh4AaABAg,,False,@exolohsehunnyaa3936,ฉันอยากฟัง...ใจจะขาดเเล้ว,0,2020-03-20T13:57:19Z,2020-03-20T13:57:19Z
UgxgmwH7jwXGUm1lzfB4AaABAg,,False,@jfernget5242,❤️,0,2020-03-20T13:57:07Z,2020-03-20T13:57:07Z
UgxVq3nV7DrdSnuxdyd4AaABAg,,False,@lilicastem,🥰🥰,0,2020-03-20T13:55:43Z,2020-03-20T13:55:43Z
UgysVEfknMBvLf50XLp4AaABAg,,False,@ngocanh9603,Handsome,0,2020-03-20T13:55:35Z,2020-03-20T13:55:35Z
UgwXTosmYoxLlu3OIhd4AaABAg,,False,@hananurandini1347,"Duhh kapan sih adanya, trailer tross nih suami",0,2020-03-20T13:55:09Z,2020-03-20T13:55:09Z
Ugz4Qhaa1oObn-rpOqN4AaABAg,,False,@maaaatooo2207,Simplemente arte,0,2020-03-20T13:54:13Z,2020-03-20T13:54:13Z
UgyCD64kN5GrWFTRl8V4AaABAg,,False,@maaaatooo2207,Arte,0,2020-03-20T13:54:03Z,2020-03-20T13:54:03Z
UgzR47Mg3kK02bP9CMR4AaABAg,,False,@shdragon7810,Leader love you❤❤❤,0,2020-03-20T13:53:51Z,2020-03-20T13:53:51Z
Ugx5bIVQ1FFLxTjzU-Z4AaABAg,,False,@aishahjalil4049,I think I'm gonna love this kind of genre,0,2020-03-20T13:53:15Z,2020-03-20T13:53:15Z
Ugy2GVrPQq8bLGmO2KR4AaABAg,,False,@Novitasari-cv3fm,❤️❤️❤️,0,2020-03-20T13:49:12Z,2020-03-20T13:49:12Z
UgxjtjJHDlVZhNr7Hip4AaABAg,,False,@leeyaso,Baekhyun💗💖💕💜💓💞💛💝💚💗💙❤,0,2020-03-20T13:43:34Z,2020-03-20T13:43:34Z
Ugz04GDYKqFt37u8wIR4AaABAg,,False,@relinekarunia9350,can't wait❤❤❤❤,0,2020-03-20T13:42:13Z,2020-03-20T13:42:13Z
UgxVL-lBw4r1Whkb6HR4AaABAg,,False,@yoo_lucyy6753,"HERE HE COMESSSSS!


WHO'S EXCITED FOR THIS??",1,2020-03-20T13:36:41Z,2020-03-20T13:36:41Z
Ugzhea0FtvTzGBna6Dh4AaABAg,,False,@Gyuchiey_,Hi from indonesia😍😍,0,2020-03-20T13:30:46Z,2020-03-20T13:30:46Z
Ugw3GUPPVYy-s_thDTp4AaABAg,,False,@kaiwife943,Angel 😍😍😍😍💔💔💔💔,0,2020-03-20T13:28:07Z,2020-03-20T13:28:07Z
UgzNvgZP2K84yEEKzZ94AaABAg,,False,@tassniem6031,سوهو يصرخ مثالية 😍😍😍😍😍❤️,0,2020-03-20T13:27:02Z,2020-03-20T13:27:02Z
Ugw2pl38xkc-MChH8vR4AaABAg,,False,@suhos.cotton5495,te amooo,0,2020-03-20T13:22:09Z,2020-03-20T13:22:09Z
UgxCthHBvtNaR2aEJJF4AaABAg,,False,@kunpa-le8tm,คุณจุนมยอน💙💙💙💙💙💙💙💙💙💙 사랑하자,0,2020-03-20T13:20:19Z,2020-03-20T13:20:19Z
UgzztWIEb2Pp2IreYJt4AaABAg,,False,@fitrisaharani9636,💙💙💙💙,0,2020-03-20T13:17:19Z,2020-03-20T13:17:19Z
UgxzpYhwGx4_tjEEPVB4AaABAg,,False,@christianlabado6638,Our #1 leader 😘😘😘,0,2020-03-20T13:16:44Z,2020-03-20T13:16:44Z
Ugy54_K1pK-2uiBZluJ4AaABAg,,False,@menafarouk8862,خيير قمررر,0,2020-03-20T13:14:46Z,2020-03-20T13:14:46Z
Ugywu4oqzawyRpVDzsd4AaABAg,,False,@menafarouk8862,احبههه,0,2020-03-20T13:14:05Z,2020-03-20T13:14:05Z
UgwbI5EB4grPLyqyhkV4AaABAg,,False,@duonghanguyet6698,Suho Suho 😘,0,2020-03-20T13:13:43Z,2020-03-20T13:13:43Z
Ugz8Nr3ZGoEAm61J50t4AaABAg,,False,@syazwina21,The fact that Junmyeon also was part of the masterminds of his album's concept makes me in awe of his artistic side!,61,2020-03-20T13:11:36Z,2020-03-20T13:11:36Z
Ugwtx2uQWm78H-6r21V4AaABAg,,False,@12.elysafebriyanti65,Junmyeonnn,0,2020-03-20T13:05:47Z,2020-03-20T13:05:47Z
UgzfiXjFcj49T9gNzqZ4AaABAg,,False,@12.elysafebriyanti65,Ooo my cotton,0,2020-03-20T13:05:38Z,2020-03-20T13:05:38Z
UgyB9izUejExKTw0vmB4AaABAg,,False,@shellaarista5599,Sukses bosss,0,2020-03-20T13:00:43Z,2020-03-20T13:00:43Z
UgwmFjY9vR42PcXoGbx4AaABAg,,False,@1997VG,I think I'm gonna like this one~ :),0,2020-03-20T12:59:54Z,2020-03-20T12:59:54Z
UgynKnaORGons2keoA14AaABAg,,False,@dquynhtrangg8001,❤️❤️❤️❤️love,0,2020-03-20T12:59:53Z,2020-03-20T12:59:53Z
UgztKZ5Dch36RtcADqV4AaABAg,,False,@itsmebubble4213,hello angel,0,2020-03-20T12:59:05Z,2020-03-20T12:59:05Z
UgyCmu2xwfb28rHcd3p4AaABAg,,False,@atshoshi,❤❤❤,0,2020-03-20T12:58:48Z,2020-03-20T12:58:48Z
UgycWZ7VGm7QKXp6gSF4AaABAg,,False,@kawtharmekale8378,"We are one 
Exo 
Exol 
لا اكسو لا حياة",7,2020-03-20T12:58:15Z,2020-03-20T12:58:15Z
UgxWUNCD5btFi7uyqex4AaABAg,,False,@hokihoki3166,❤,0,2020-03-20T12:53:06Z,2020-03-20T12:53:06Z
Ugw96K6bgr1BIqQpFkt4AaABAg,,False,@geetikavarshney1543,why do you look so perfect all the time.....,0,2020-03-20T12:52:28Z,2020-03-20T12:52:28Z
Ugzhii5tcipXkut3OPx4AaABAg,,False,@thisstreetssuck,"김준면 솔로 축하해!!!
사랑, 하자♡♡♡♡♡",0,2020-03-20T12:50:14Z,2020-03-20T12:50:14Z
Ugw5NI2ydA7FfvQvW394AaABAg,,False,@nasyadnfh95,Love youuu oppa,1,2020-03-20T12:47:59Z,2020-03-20T12:47:59Z
UgzkJD53gozCmsAw6J54AaABAg,,False,@آلَلَوٌتٌسِأّلَسِوٌدٍأّء-ز9ل,واااااو بعد عشرة ايام شخلصها واللله اعشقك,0,2020-03-20T12:46:11Z,2020-03-20T12:46:11Z
UgzefawzV8KkC48qv8J4AaABAg,,False,@deserieyvonediatera827,Suho is full of effort for his mini album💓💞,1,2020-03-20T12:39:26Z,2020-03-20T12:39:26Z
UgzBxP6-pEkdQScNw2Z4AaABAg,,False,@janangelmaravilla807,So much love!!! 🥰💖💖,0,2020-03-20T12:36:20Z,2020-03-20T12:36:20Z
UgzOFzD4aCCN1GPy0KB4AaABAg,,False,@NOORALhuda-mw1nj,ودي انفض جوالي و تطيحون كلكم عندي بالصاله ونقعد نسولف ونتقهوى🌚💔 .ولك انت العشق,0,2020-03-20T12:36:00Z,2020-03-20T12:36:00Z
UgyviSLcd3kMumL-ehx4AaABAg,,False,@glorialee160,<3<3,0,2020-03-20T12:35:31Z,2020-03-20T12:35:31Z
UgzLXKTiitGRyVqSDfR4AaABAg,,False,@dirnadawa4269,We love you..cant wait..🤗,0,2020-03-20T12:34:48Z,2020-03-20T12:34:48Z
UgyrcDs0KSWUWsKObSt4AaABAg,,False,@atibeh9668,وای خدا صورت ماهشو,0,2020-03-20T12:32:06Z,2020-03-20T12:32:06Z
UgyVnwzuEyKhsTBXNEl4AaABAg,,False,@borakim1804,😍😍😍,0,2020-03-20T12:27:30Z,2020-03-20T12:27:30Z
UgwjCpYSTTf7P7we6dx4AaABAg,,False,@candybbh574,mendadak ada tahi lalatnya🤣,0,2020-03-20T12:26:28Z,2020-03-20T12:26:28Z
UgwcSL-hS56s6XWNdeV4AaABAg,,False,@ricajoydealca8298,❤❤❤❤❤❤❤,0,2020-03-20T12:21:31Z,2020-03-20T12:21:31Z
Ugy2GgSmLaBZE_Mpbad4AaABAg,,False,@s8221s,ㅠㅠㅠㅠㅠㅠㅠㅠㅠ준면 넘 예뽀ㅠㅠㅠㅠㅠㅠㅠㅠㅠㅠㅠㅠ,0,2020-03-20T12:20:39Z,2020-03-20T12:20:39Z
UgzjXeIh684KwRPIaMt4AaABAg,,False,@faithquimoy3289,grabe ang gwapo,0,2020-03-20T12:20:36Z,2020-03-20T12:20:36Z
UgxT4hr1bpBI2df82MJ4AaABAg,,False,@tallbeauty,"I hate samples, I swear I do. Just gimme the vid.",0,2020-03-20T12:13:16Z,2020-03-20T12:13:16Z
UgygfP6ovHyVxRxn_LR4AaABAg,,False,@themoon5201,Exo members Just have that abilities to look more majestic than nature. Period,0,2020-03-20T12:08:41Z,2020-03-20T12:08:41Z
UgzZORlrIeQKZfpfsIR4AaABAg,,False,@abnyzee7439,Suho fighting💪,0,2020-03-20T12:06:52Z,2020-03-20T12:06:52Z
UgxL_2AZBI2SxypWYfd4AaABAg,,False,@sitiaisyah-tj5rz,Oh.. god .. awesome💪💪💪💪,0,2020-03-20T11:59:13Z,2020-03-20T11:59:13Z
UgycaG2nP1YLLJuzhzx4AaABAg,,False,@آگسوآلآوبتگآيآلنيني,سوهو اعشقك تبكي في زاويا,1,2020-03-20T11:55:01Z,2020-03-20T11:55:01Z
Ugx1amA9jiKxMjXr2Y54AaABAg,,False,@selvianamariachristina,😊😇✌💙💙💙,0,2020-03-20T11:54:56Z,2020-03-20T11:54:56Z
Ugx5ruFLoWHvKBlq-Y54AaABAg,,False,@yeolmae7939,our king Junmyeon is coming,0,2020-03-20T11:52:40Z,2020-03-20T11:52:40Z
UgwazFTVq9zOz2EOTt94AaABAg,,False,@athayaaisha9064,Love u exo-l's bunnie><,0,2020-03-20T11:50:54Z,2020-03-20T11:50:54Z
Ugx7tQWyTju4dfXTYTp4AaABAg,,False,@pengantingoblin278,Suho❤❤❤,0,2020-03-20T11:49:36Z,2020-03-20T11:49:36Z
UgyEthjpx3x8VmyUUUB4AaABAg,,False,@ngavuquynh8391,oh my handsome 😘😘😘,0,2020-03-20T11:47:32Z,2020-03-20T11:47:32Z
Ugw77ezoF60eebfi59l4AaABAg,,False,@lheianndeleon7382,LOVE YOUUUUUUUUUUUUUUUUU,0,2020-03-20T11:47:17Z,2020-03-20T11:47:17Z
UgwnZnabG-MvNwHmmnZ4AaABAg,,False,@jinnieluv27,Suho ahhh😭🤧🥰🥰🥰,0,2020-03-20T11:46:16Z,2020-03-20T11:46:16Z
UgwZ7pvYSZtFunQYi-d4AaABAg,,False,@Tina-sb9yn,والله مااعرف شنو اكتب بس يلا 🤭🤭,2,2020-03-20T11:41:32Z,2020-03-20T11:41:32Z
UgyqDyj_H_ZTFdtaSU54AaABAg,,False,@layn147,ART,0,2020-03-20T11:40:05Z,2020-03-20T11:40:05Z
UgwYtYixeLLg961ND1V4AaABAg,,False,@layn147,BEAUTIFUL,0,2020-03-20T11:39:59Z,2020-03-20T11:39:59Z
UgzXcTSe_JNUkgoIfGV4AaABAg,,False,@exo_l3931,Leader of the nation☹🌌🖤,0,2020-03-20T11:37:57Z,2020-03-20T11:37:57Z
Ugy0QRBFFBKcNWMRVhN4AaABAg,,False,@princessodal8428,I love everything even the moles on his face!!,0,2020-03-20T11:32:12Z,2020-03-20T11:32:12Z
Ugwl0YJYGxO9pchda3J4AaABAg,,False,@catherinem.magallanes5055,Always here to support you Suho'ssi ♥,0,2020-03-20T11:31:05Z,2020-03-20T11:31:05Z
UgwQnHpB9HCnRDZj6Np4AaABAg,,False,@johndyceayeff634,Why is he SO HANDSOME,0,2020-03-20T11:29:40Z,2020-03-20T11:29:40Z
Ugw09e7cXHOHVHUcHi94AaABAg,,False,@aylinismailova4526,We waiting for your mini album suho-best leader ever.😍😍😍,0,2020-03-20T11:29:24Z,2020-03-20T11:29:24Z
UgxU7XfTdqx6VyY5tlF4AaABAg,,False,@otgonchimeg8619,woaa,0,2020-03-20T11:28:08Z,2020-03-20T11:28:08Z
Ugxnr_9wR6GM2PdY2o14AaABAg,,False,@vis6747,he's so handsome 😍,0,2020-03-20T11:26:43Z,2020-03-20T11:26:43Z
Ugyiyvaf8TAi0jsin4d4AaABAg,,False,@antoniasaavedra4110,💖💖💖,0,2020-03-20T11:24:44Z,2020-03-20T11:24:44Z
UgzjpgWOIsPAcMoJo-F4AaABAg,,False,@daoloan4670,So hot,0,2020-03-20T11:18:44Z,2020-03-20T11:18:44Z
UgzSVRO2T5xhVqy3lLp4AaABAg,,False,@عبداللهالتميميالتميمي-ك1ع,أجمل قائد فرقة بدون منازع..سبحان رب الخلق جمالكم  EXO..ILOVE YOUSO MUCHE😍😍😍💖💖💖,1,2020-03-20T11:18:11Z,2020-03-20T11:18:11Z
UgyflvMwrexvYcnN6qN4AaABAg,,False,@baekeryeol3035,I have a feeling that his songs are gonna be lit. He’s got the voice of an angel. Oh wait hes a human angel,116,2020-03-20T11:17:06Z,2020-03-20T11:17:06Z
Ugwp3zAndT1Qeom0Jfh4AaABAg,,False,@priyashanbhag4207,This is what I call ART,1,2020-03-20T11:16:35Z,2020-03-20T11:16:35Z
Ugz_3q8RLYYN-3S7BQZ4AaABAg,,False,@ksyushalee9796,OMG SO CUTE😭😭😭,0,2020-03-20T11:16:28Z,2020-03-20T11:16:28Z
UgxN2KDOXNeAAYrI8mV4AaABAg,,False,@afifahmuthia,Kamu masih human kann...,0,2020-03-20T11:15:11Z,2020-03-20T11:15:11Z
UgwI7ZxPeUm2-X3_t0N4AaABAg,,False,@김윤선-d2s,김준면씨 우주 제일 청정하다,0,2020-03-20T11:13:18Z,2020-03-20T11:13:18Z
Ugz4o03uCmUB2de9Q3F4AaABAg,,False,@byunnana4724,بالهدااا على قلبي😭💙💙,1,2020-03-20T11:12:05Z,2020-03-20T11:12:05Z
UgwUal52GsFSI5-sEXx4AaABAg,,False,@화이즈-y8e,얼굴이... 어쩜 저렇게 생겻지....,0,2020-03-20T11:11:04Z,2020-03-20T11:11:04Z
UgyXFW-7cQKr-8bZbwd4AaABAg,,False,@crystalethelbacsal2449,💖,0,2020-03-20T11:02:00Z,2020-03-20T11:02:00Z
UgyjIfExUzdFToS__qt4AaABAg,,False,@anueri9766,I love it soo much,0,2020-03-20T10:55:22Z,2020-03-20T10:55:22Z
UgzE_OAe1BwlX01wQJl4AaABAg,,False,@anueri9766,I want this to be title track!!,1,2020-03-20T10:55:04Z,2020-03-20T10:55:04Z
UgziVu1cvDXb9qN80CB4AaABAg,,False,@anueri9766,It’s gonna be a masterpiece,1,2020-03-20T10:54:49Z,2020-03-20T10:54:49Z
UgwbX-JgtC0ldqh8pTx4AaABAg,,False,@wrldtrvlr4vr,I miss you all!!😭,0,2020-03-20T10:52:44Z,2020-03-20T10:52:44Z
UgxMYBssY2aWkO4nDwh4AaABAg,,False,@sakuriarmy2094,"هاذا سوهو  
هاذا سوهو 
أكو عوده 
ردوا بسرعه الحماس كتلني 😍",2,2020-03-20T10:52:37Z,2020-03-20T10:52:37Z
UgxMYBssY2aWkO4nDwh4AaABAg.96QUSYasdUq96Qw5N9vncP,UgxMYBssY2aWkO4nDwh4AaABAg,True,@_parkchanyeol_3580,لا البوم لسوهو فقط,1,2020-03-20T15:02:51Z,2020-03-20T15:02:51Z
UgxMYBssY2aWkO4nDwh4AaABAg.96QUSYasdUq96R7jfOwX-7,UgxMYBssY2aWkO4nDwh4AaABAg,True,@sakuriarmy2094,"@@_parkchanyeol_3580 
يااااااااااااهوووووووو حمااااااااااااس 😍🔥",0,2020-03-20T16:53:21Z,2020-03-20T16:53:21Z
UgzEIuOBp1SYP3d19Hp4AaABAg,,False,@nothluss,HE IS ARTTTT!!!!!!!,0,2020-03-20T10:49:56Z,2020-03-20T10:49:56Z
UgwzHvkztPrno3EeIjJ4AaABAg,,False,@reemasunset763,Love you  I'm so excited for your song 🦋🦋,0,2020-03-20T10:47:46Z,2020-03-20T10:47:46Z
Ugx7HoYKFJ4EEBld8Md4AaABAg,,False,@kirananindy9876,THE BEST LEADER IN THE WORLD,0,2020-03-20T10:47:31Z,2020-03-20T10:47:31Z
Ugzq8ALEiVH_kskStDJ4AaABAg,,False,@anabamir9627,Everyone please take a look at the band golden child they deserve to be famous,0,2020-03-20T10:45:50Z,2020-03-20T10:45:50Z
UgwHYxu03Adtx3GRzsN4AaABAg,,False,@shahdhyun5289,Suho saves 2020,0,2020-03-20T10:44:37Z,2020-03-20T10:44:37Z
Ugy7GCh7qkZ9k8IBHFJ4AaABAg,,False,@ДаняКим-ч9ъ,❤️♡❤️,0,2020-03-20T10:41:49Z,2020-03-20T10:41:49Z
Ugw43VjJxL8HcLhMnFZ4AaABAg,,False,@jimchiauwu3650,"I  love you so much Suho, Fighting for all and have a good life! I'll support you❤️❤️❤️",0,2020-03-20T10:36:26Z,2020-03-20T10:36:26Z
Ugz8V5IgaOgwm2XMkxV4AaABAg,,False,@ddcottonah124,عمري الحلو🖤!!,0,2020-03-20T10:31:33Z,2020-03-20T10:31:33Z
UgzdGchXg2XXkobZRDV4AaABAg,,False,@myusadalton539,ganteng banget nih jodoh gue,0,2020-03-20T10:20:27Z,2020-03-20T10:20:27Z
Ugz3Y_FY-ecxqkzZnN14AaABAg,,False,@nyel.l3262,*ياريت الكل يوحد صورة حسابه مع سوهو* ((((:,24,2020-03-20T10:20:16Z,2020-03-20T10:20:16Z
Ugw5Iz0kenyccUrokbh4AaABAg,,False,@Syinnn__26,"semangat . we are one 
EXO- L INDONESIA",0,2020-03-20T10:20:15Z,2020-03-20T10:20:15Z
UgzSpEMg_HFyjrAsJUJ4AaABAg,,False,@aerido6489,He's visual is stanning haha,1,2020-03-20T10:18:58Z,2020-03-20T10:18:58Z
Ugz_TCuhvgYlqZFkn5F4AaABAg,,False,@aerido6489,Suho oppa fightinggggg,0,2020-03-20T10:18:41Z,2020-03-20T10:18:41Z
Ugw7dcFQy-uHl4stpNh4AaABAg,,False,@iamjmcha,"i know Junmyeonie's very very very handsome but since i have a different bias in Exo, every comeback my bias just took over me entirely. this now is a whole different story. we get to have Junmyeon and Junmyeon only 😍😍 i am so excited. he looks so breathtaking and left me gasping for air 😍😍😍😍😍😍",0,2020-03-20T10:18:27Z,2020-03-22T01:44:20Z
UgxrshXmj3zPimRRmDB4AaABAg,,False,@nyel.l3262,"*اليوم رح يعلن عن الفائز بتحدي الرسم*
-حماسس-",27,2020-03-20T10:16:16Z,2020-03-20T10:16:16Z
Ugws-PTHE7rWQ8w7Hm94AaABAg,,False,@hebasalman1486,Wait enthusiastically,0,2020-03-20T10:15:29Z,2020-03-20T10:15:29Z
UgxXKala-uzGGneo5cJ4AaABAg,,False,@hebasalman1486,The great leader Soho,0,2020-03-20T10:15:18Z,2020-03-20T10:15:18Z
Ugy2mKr_8TpWoafNgQV4AaABAg,,False,@umtaegooganalada,수호 점까지 이렇게 자세히 보게 될 날이 올 줄이야 정말 감격스럽다.....,0,2020-03-20T10:14:39Z,2020-03-20T10:14:39Z
UgwZntKTZpV5Y5xTh2B4AaABAg,,False,@user-jf4xw9mz2w,"okay , now i badly wanna take you home",0,2020-03-20T10:12:16Z,2020-03-20T10:12:16Z
UgwFiPZr4fN_1B5Ye0J4AaABAg,,False,@cy1943,We are one❤️,0,2020-03-20T10:12:03Z,2020-03-20T10:12:03Z
Ugx8OYLEWY0vVFxl4b94AaABAg,,False,@addicttiv9050,Ganteng banget ayang akuu,0,2020-03-20T10:11:00Z,2020-03-20T10:11:00Z
Ugzcn3_YIc5kBYlDZYR4AaABAg,,False,@lorenkateperez8592,Waaah oppa suho😍😍😍😍😍😍saranghae🤤😍😍,0,2020-03-20T10:03:26Z,2020-03-20T10:03:26Z
UgyMTgFjwq4ufZgELvZ4AaABAg,,False,@Erichanii,PUTA ANG GWAPO NI LEADER!!,0,2020-03-20T10:01:59Z,2020-03-20T10:01:59Z
UgwkMy_gYt_hj1tEtUl4AaABAg,,False,@anautupou2309,You’re frickin Amazing Kim Jumyeon 😍😭 #SUHO 🐰,0,2020-03-20T10:00:46Z,2020-03-20T10:00:46Z
UgyVj8_5gx1pMISoFxl4AaABAg,,False,@lillysh6263,รอนะคะ,0,2020-03-20T09:59:11Z,2020-03-20T09:59:11Z
UgzMGwb_puV-I5nTReR4AaABAg,,False,@kkm0052677,어린왕자 느낌도 나고ㅜㅠㅠㅜㅠㅜㅜ 최고야 김준면ㅜㅠㅜㅜㅠㅜㅠ,0,2020-03-20T09:58:02Z,2020-03-20T09:58:02Z
UgxzvjQxv5jzIZDjZrl4AaABAg,,False,@mrpiggy4031,our *nations leader* will be have a *solo* im cryinnn,1,2020-03-20T09:49:17Z,2020-03-20T09:49:17Z
UgzKbUK8NZ3uFR_pMqV4AaABAg,,False,@giimpopooo8497,อปป้าซารางงงเฮ❤😚😊,0,2020-03-20T09:45:40Z,2020-03-20T09:45:40Z
UgyyJnZAhHhd3sBQwYd4AaABAg,,False,@陈冉欣,小队加油！！！！！,1,2020-03-20T09:40:58Z,2020-03-20T09:40:58Z
UgxxFpdbZkDiGJW_KgZ4AaABAg,,False,@swaynecosa2299,SUHOOOOO 😘😘😘😘😘💖💖💖💖💖,0,2020-03-20T09:39:26Z,2020-03-20T09:39:26Z
Ugw9WSeYu6dmPDgapnR4AaABAg,,False,@hundreddays5280,HE LOOKS SOOOOO GOOD,0,2020-03-20T09:39:01Z,2020-03-20T09:39:01Z
Ugyqg_otK2qPKfg4z0B4AaABAg,,False,@qonce6035,Tatlımm,0,2020-03-20T09:34:36Z,2020-03-20T09:34:36Z
UgzDDBdJjxfNTDoRiIx4AaABAg,,False,@qonce6035,😍😍,0,2020-03-20T09:34:30Z,2020-03-20T09:34:30Z
Ugw4nipZ-FMRJiqOdx54AaABAg,,False,@binarrainbow,"we will always support you, our the best leader",0,2020-03-20T09:31:07Z,2020-03-20T09:31:07Z
UgyqnhzAQ8whSBzeJch4AaABAg,,False,@jkate9695,What a dreamy rhythm <3,0,2020-03-20T09:29:27Z,2020-03-20T09:29:27Z
UgxW3Ets7XhEamr1PGN4AaABAg,,False,@creamcheese_chuchu,"행복을 선물해주는 우리 준면이 꽃길 ,꿀길,앨범길만 걷자 💖",0,2020-03-20T09:24:16Z,2020-03-20T09:24:16Z
Ugxiwuay185qPxve-pt4AaABAg,,False,@sjexo1738,احبههههه,0,2020-03-20T09:20:22Z,2020-03-20T09:20:22Z
UgyFnZwzVZXcBbLQHO54AaABAg,,False,@rizkypratiwi2725,❤️❤️❤️,0,2020-03-20T09:16:27Z,2020-03-20T09:16:27Z
UgxjUd5UEx6z_DD-7ZJ4AaABAg,,False,@lunariddle1280,Look forward to seeing and hearing more ^_^ looking very handsome as always too,0,2020-03-20T09:15:18Z,2020-03-20T09:15:18Z
UgzhTQ_NPV0rF4HcbDF4AaABAg,,False,@call_me_f,Hey beautiful beautiful beautiful angel !!,0,2020-03-20T09:15:13Z,2020-03-20T09:15:13Z
UgxR2Rr5PuVa9Blt_6l4AaABAg,,False,@dhfrnn2791,Bapak,0,2020-03-20T09:11:22Z,2020-03-20T09:11:22Z
Ugz_wx0GKuFcTMklzi14AaABAg,,False,@ohbarbie5232,Muka jodoh ama roro irene,0,2020-03-20T09:08:43Z,2020-03-20T09:08:43Z
Ugzmp1R7_bdORUBP5Fd4AaABAg,,False,@slayaman1890,precious men,0,2020-03-20T09:06:35Z,2020-03-20T09:06:35Z
UgynWc5iiDNDmZqp5s14AaABAg,,False,@bonniesias5999,AHHHHHHHHHHHHHHHHHHHHHHHHHHHHHHHHHHHHHH!!!!!!!💛💛💛💛💛💛,0,2020-03-20T09:06:13Z,2020-03-20T09:06:13Z
UgzAvVwUzVuceZ7wHnV4AaABAg,,False,@Nunibibby,มีไฝที่หางตาเหมือนกันเลยอ่าาาาาาาส,0,2020-03-20T09:04:29Z,2020-03-20T09:04:29Z
Ugx2-Ksvrh9c5tZWX-p4AaABAg,,False,@subah_31,Kim Jungmyeon is art,0,2020-03-20T09:03:24Z,2020-03-20T09:03:24Z
Ugybv4l00tSX2KdI6kN4AaABAg,,False,@ionlyanswertou,"Concept is MIRAGE or ILLUSION
👀",0,2020-03-20T09:01:53Z,2020-03-20T09:01:53Z
UgxTYvsRhyZUjTtLCP94AaABAg,,False,@milllkyway326,얼굴개쩔어,0,2020-03-20T08:59:14Z,2020-03-20T08:59:14Z
Ugx2TbwHlRuuKf64Evx4AaABAg,,False,@FadlaKhoerunnisa,❤❤,0,2020-03-20T08:59:05Z,2020-03-20T08:59:05Z
UgzN-HGF-X5jh6AAMid4AaABAg,,False,@parkchanhyunvidji2531,Oh My the power of Leader,0,2020-03-20T08:57:57Z,2020-03-20T08:57:57Z
UgzWAw8BG5bGs9pTZ7t4AaABAg,,False,@iloeyyou,leadernim jjang!,0,2020-03-20T08:57:09Z,2020-03-20T08:57:09Z
UgxgT64ghVCUwehlCBd4AaABAg,,False,@_exovelvetstan9378,So exciting 😍,0,2020-03-20T08:55:47Z,2020-03-20T08:55:47Z
UgzFYn2_hUU97r9xnSB4AaABAg,,False,@manduekie,💖💖💖,0,2020-03-20T08:52:47Z,2020-03-20T08:52:47Z
Ugwh1GRt79o-7aQnppN4AaABAg,,False,@annaheung,😃💝🙋‍♀️,0,2020-03-20T08:52:14Z,2020-03-20T08:52:14Z
UgzjNkS3csE9nFH-Wt94AaABAg,,False,@eece61,Water... *I'm proud of you baby*,0,2020-03-20T08:48:23Z,2020-03-20T08:48:23Z
Ugxqw3HBcTzUqXUoPBx4AaABAg,,False,@garimapradhan3437,Reflection,0,2020-03-20T08:46:10Z,2020-03-20T08:46:10Z
Ugzkl7R1mjhqXQlLXxZ4AaABAg,,False,@garimapradhan3437,Handsome suho,0,2020-03-20T08:45:57Z,2020-03-20T08:45:57Z
UgxCuKG5XzAMl6oRVCJ4AaABAg,,False,@kaylanurazizah6137,Love you,1,2020-03-20T08:45:12Z,2020-03-20T08:45:12Z
Ugyi3FQs7oNaBCxw7WZ4AaABAg,,False,@kyungie-sooexo9018,this album is woow,0,2020-03-20T08:39:37Z,2020-03-20T08:39:37Z
UgzoQGwBj8VMHB64LUN4AaABAg,,False,@pearljamessara9921,"Im very happy that suho is getting a chance to shine...let everyone one know that he is also an talented vocalist...I love you ... suho... ""SARANGHAJA"".....#v r one forever...#weareONExo",30,2020-03-20T08:36:32Z,2020-03-20T08:37:14Z
UgyGQQtsQl6NK8Sh9ZR4AaABAg,,False,@shy5585,"Let's all love and work hard together, forever.",0,2020-03-20T08:36:17Z,2020-03-20T08:36:17Z
Ugy45h9xZE7lD1dV6gl4AaABAg,,False,@pearljamessara9921,Visuals on point... of course lots of hard work of leader for exo and exols at the past years are enormous...i have been stanning exo for only the past 1and half years...but the connection and love I feel with this group is very high...I feel like a proud mom....despite all the  hard time.. he's going to give his best to us...I love you ma boiss,0,2020-03-20T08:34:21Z,2020-03-20T08:37:32Z
UgzZXb5MzMnxh6U_Rah4AaABAg,,False,@heba4652,Oppa ♡ love you ♡,1,2020-03-20T08:33:51Z,2020-03-20T08:33:51Z
Ugw0VolfSh3MEuZ5H8R4AaABAg,,False,@anki_yt,This sounds great,0,2020-03-20T08:33:25Z,2020-03-20T08:33:25Z
Ugxu4DGr3rWe53ycjfJ4AaABAg,,False,@chemburn33,такой безумно красивый... с нетерпением жду.,2,2020-03-20T08:32:06Z,2020-03-20T08:32:06Z
Ugxzzu0eIZajez8OPpd4AaABAg,,False,@deni8023,Really excited for this album!!!!!,0,2020-03-20T08:31:28Z,2020-03-20T08:31:28Z
Ugx_XihTo0tFSmu5fHt4AaABAg,,False,@lindafebriani455,Exol indonesia,0,2020-03-20T08:27:59Z,2020-03-20T08:27:59Z
UgwtM6iNBla8J7texHt4AaABAg,,False,@جنقهبنحليبآلخراميزتاتا,ترا انا ارمي بس احب اكسو بايسي سوهو,2,2020-03-20T08:26:28Z,2020-03-20T08:26:28Z
UgwtM6iNBla8J7texHt4AaABAg.96QDj8eBbgd96QNYqwb3lk,UgwtM6iNBla8J7texHt4AaABAg,True,@maryam1707,اني هم اكسوال واحب بي تي اس,1,2020-03-20T09:52:18Z,2020-03-20T09:52:18Z
UgwtM6iNBla8J7texHt4AaABAg.96QDj8eBbgd96R2KrdkC-U,UgwtM6iNBla8J7texHt4AaABAg,True,@جنقهبنحليبآلخراميزتاتا,@@maryam1707  شكرا لانك رديتي طيب من بايسك من الفرقتين,0,2020-03-20T16:06:08Z,2020-03-20T16:06:08Z
UgwtM6iNBla8J7texHt4AaABAg.96QDj8eBbgd96R3hICpqGR,UgwtM6iNBla8J7texHt4AaABAg,True,@maryam1707,@@جنقهبنحليبآلخراميزتاتا  عفوا .. اني مو مثل بعض الاكسوال وبعض الارمي ما احب اسوي عنصريه بين الفرق .. من بي تي اس كوك .. ومن اكسو بيكهون .. وتشانيول  .. وشيومين ..وسيهون,0,2020-03-20T16:18:04Z,2020-03-20T16:18:43Z
UgwtM6iNBla8J7texHt4AaABAg.96QDj8eBbgd96R40wJcYtz,UgwtM6iNBla8J7texHt4AaABAg,True,@جنقهبنحليبآلخراميزتاتا,كاي لاتنسينه خقه💓💓,0,2020-03-20T16:20:53Z,2020-03-20T16:20:53Z
UgwtM6iNBla8J7texHt4AaABAg.96QDj8eBbgd96R90bbZyno,UgwtM6iNBla8J7texHt4AaABAg,True,@maryam1707,"@@جنقهبنحليبآلخراميزتاتا ههه وكاي .. ولاي .. ... 
و دي او .. وماما سوهو .. وتشين .. هههه ما بقيت احد . اوه نسيت  وكريس . وتاي  ولوهان",0,2020-03-20T17:04:32Z,2020-03-20T17:05:16Z
UgwAV9hzIkxqxMCPMaN4AaABAg,,False,@DungNguyen-zk5zh,❤❤❤❤❤,0,2020-03-20T08:23:41Z,2020-03-20T08:23:41Z
UgwcbGHpQJO4ATfLN514AaABAg,,False,@zdiani___4275,"Oppa,your glowing kkkk",0,2020-03-20T08:20:41Z,2020-03-20T08:20:41Z
UgzKU_hdO4M_lCktBvZ4AaABAg,,False,@haobamdevikaranidevi7453,Suho is much more than all of our words of compliment and this album proves it😻😻😻😻😻,1,2020-03-20T08:19:05Z,2020-03-20T08:19:05Z
Ugy6knFG-2i5pApWhm14AaABAg,,False,@iisismawati4652,Awe💙,1,2020-03-20T08:17:38Z,2020-03-20T08:17:38Z
UgzYsYROvVpUq_rv9Dl4AaABAg,,False,@moonlightsunrisegirl,SUPPORT OUR LEADER! HE DESERVES IT AND HE NEEDS TO GET THE RECOGNITION HE DESERVES!,34,2020-03-20T08:16:42Z,2020-03-20T08:16:42Z
UgxQLBL56EL91DiQmOp4AaABAg,,False,@putuparamithacandradewi6901,Leader-nim saranghaee 😘🥰,0,2020-03-20T08:13:25Z,2020-03-20T08:13:25Z
Ugwi9fBlkVipTAfF4mp4AaABAg,,False,@doruru4970,I LOVE THIS ALREADY !!!!,0,2020-03-20T08:12:42Z,2020-03-20T08:12:42Z
UgxaLsf1q76THrF-Ocl4AaABAg,,False,@user-moomallange2,하 우리 오라보니ㅣ 전생에 나라를 구하셨ㄴ나 너무 잘생겼어 ㅠㅠㅠㅠㅠㅠㅠㅠㅠㅠㅠㅠㅠㅠㅠㅠ 사람이 그렇게 완벽해도 되는거에여.....?..?.?.?.??!!!,101,2020-03-20T08:11:54Z,2020-03-20T08:11:54Z
UgyEa6q6HaUtH-6CTeN4AaABAg,,False,@shreyashreesingh6880,Aww our handsome boi♥️♥️♥️,0,2020-03-20T08:09:08Z,2020-03-20T08:09:08Z
UgyPGahYlSr6MQ0FS3d4AaABAg,,False,@wellautami2658,Bapak menggoda sekali bapak,0,2020-03-20T08:03:39Z,2020-03-20T08:03:39Z
UgzTafcKl4ASdym0EDR4AaABAg,,False,@rrbb112,진ㅁ자 감탄밖에 안나온다며..,0,2020-03-20T08:02:28Z,2020-03-20T08:02:28Z
UgzzQKasOsllrVnRnsd4AaABAg,,False,@rrbb112,아 손이 달달 ㅁㄷ떨려요,0,2020-03-20T08:01:40Z,2020-03-20T08:01:40Z
Ugzj5vJUXzL0P6IjOwZ4AaABAg,,False,@mintxenos7522,I'm crying,0,2020-03-20T07:58:06Z,2020-03-20T07:58:06Z
Ugzwp5bPpB2KarKlprZ4AaABAg,,False,@tashilhamo4712,Suho... Suhoooooo,0,2020-03-20T07:57:04Z,2020-03-20T07:57:04Z
UgwgNpZe7qN8uSXDvb54AaABAg,,False,@mailee2453,수호야 나 지금 너무 흥분돼. 나는 네가 잘 할 것이라는 것을 알고 있기 때문에 기다릴 것이다 <3,0,2020-03-20T07:56:57Z,2020-03-20T07:56:57Z
Ugyyy6Zii9g_DCl5aKF4AaABAg,,False,@yojchuacarag,Suho bellisimo!,0,2020-03-20T07:51:45Z,2020-03-20T07:51:45Z
UgxNCAOImveGtcGa3I14AaABAg,,False,@claudiacancinos2198,Wey que emoción,0,2020-03-20T07:50:01Z,2020-03-20T07:50:01Z
UgzRIpDjvrEP3-P4mS54AaABAg,,False,@mariafehingking1555,Masterpiece indeed,0,2020-03-20T07:48:41Z,2020-03-20T07:48:41Z
Ugz5MQIaLtXctT7m3QN4AaABAg,,False,@afifakd3381,Halus tanpa pori,0,2020-03-20T07:44:20Z,2020-03-20T07:44:20Z
UgyfKGqSOzoc5oq_7XZ4AaABAg,,False,@sunnegloss3474,*s* *h* *o* *o* *k*,0,2020-03-20T07:44:10Z,2020-03-20T07:44:10Z
UgyHTV_IrAPlYQOg0LR4AaABAg,,False,@timothyajayce9113,AAA MY BIAS WRECKER,0,2020-03-20T07:42:26Z,2020-03-20T07:42:26Z
UgyeRGTaHL2IcdFtOt94AaABAg,,False,@timothyajayce9113,Aaa my bias wrecker,0,2020-03-20T07:42:05Z,2020-03-20T07:42:05Z
UgzqHqGGo5u7zRdDhDp4AaABAg,,False,@timothyajayce9113,Aaaa my bisa wrecker,0,2020-03-20T07:41:56Z,2020-03-20T07:41:56Z
UgzYpvPnxWLfmwA6vTx4AaABAg,,False,@deumayamagar2545,We love our leader❤,0,2020-03-20T07:38:25Z,2020-03-20T07:38:25Z
Ugzj6JWpMrjOEMr5lxd4AaABAg,,False,@nicoleandrea5623,congrats leadernim ❤️,0,2020-03-20T07:35:56Z,2020-03-20T07:35:56Z
UgwNmgY5r3AWLrd3u-Z4AaABAg,,False,@nay0529,~♥~,0,2020-03-20T07:33:23Z,2020-03-20T07:33:23Z
UgwybohkX41My2M9rph4AaABAg,,False,@areudiana,The best leader in the whole world♡,1,2020-03-20T07:31:46Z,2020-03-20T07:31:46Z
UgzcHSCIY-y9Vyxt3CN4AaABAg,,False,@shalungmuliasa6025,ADA YANG JERNIH TAPI BUKAN AIR ):,0,2020-03-20T07:31:05Z,2020-03-20T07:31:05Z
UgzzbOp8zolCF3KH3X54AaABAg,,False,@Bbhlofu,ART 💗,0,2020-03-20T07:29:08Z,2020-03-20T07:29:08Z
UgzZcZDxZH1uFaBsCi54AaABAg,,False,@유정-y1i6s,준면아 노래 벌써 대박이야ㅠㅠㅠㅜ,0,2020-03-20T07:25:51Z,2020-03-20T07:25:51Z
UgxaLedBvgE6MXhBP6V4AaABAg,,False,@Mana94x,Suho is the sunshine the earth needs at the moment,1,2020-03-20T07:22:51Z,2020-03-20T07:22:51Z
Ugx7K1Uom3QU_0BXaWp4AaABAg,,False,@한세훈-j6t,아 용안 진짜,0,2020-03-20T07:18:46Z,2020-03-20T07:18:46Z
UgwZ09dlstjQzeSyDyB4AaABAg,,False,@pujilestari9399,"my great leader in the universe, hwaiting!!!",0,2020-03-20T07:18:23Z,2020-03-20T07:18:23Z
UgwwuT_HPgh5kdY1f6J4AaABAg,,False,@vivianarojashuaman4159,Nuestro hermoso líder ❤👑,0,2020-03-20T07:13:04Z,2020-03-20T07:13:04Z
Ugz6vB-kg1OjFAowYyp4AaABAg,,False,@desmiberutu718,Yaa allah muka muluss nya,0,2020-03-20T07:13:03Z,2020-03-20T07:13:03Z
UgxlpSieC8xvzXdJS6Z4AaABAg,,False,@markmananap5573,You're so handsome SUHO,0,2020-03-20T07:12:05Z,2020-03-20T07:12:05Z
UgyrQIdWVMdfxt2-v-V4AaABAg,,False,@markmananap5573,Suho Our Baby 😍,0,2020-03-20T07:11:48Z,2020-03-20T07:11:48Z
Ugzo9Z5gQdJTxIEywfd4AaABAg,,False,@ii-zy3cn,💖,0,2020-03-20T07:10:52Z,2020-03-20T07:10:52Z
UgyqLuUOwfJPYNA3Czd4AaABAg,,False,@myeonbunkim3237,The only good thing about this quarantine is that I can hype all I want 24/7 😭😭😭,14,2020-03-20T07:10:36Z,2020-03-20T07:10:36Z
UgygYJFpiqRGZcTsX-94AaABAg,,False,@exo.l.liak.a.v5158,😍😍😍😍,0,2020-03-20T07:09:33Z,2020-03-20T07:09:33Z
UgxQtoW2A6C1POVjQOp4AaABAg,,False,@deredrumih,urriii leader...mm,1,2020-03-20T07:08:02Z,2020-03-20T07:08:02Z
UgyTJ0chH4Atz7Pf3wl4AaABAg,,False,@natania7278,We are here to support you suho oppaa,0,2020-03-20T07:04:54Z,2020-03-20T07:04:54Z
UgzklovcO1cDRoXTmXh4AaABAg,,False,@adilekaya6377,Very good 👌👌👌👍,0,2020-03-20T07:03:25Z,2020-03-20T07:03:25Z
UgyilE53fHZo5KNlLn54AaABAg,,False,@mansi9505,Let's gave our love to him. We will support you. We are with you suho...,5,2020-03-20T07:01:58Z,2020-03-20T07:01:58Z
UgwpfxzVfl_Mb3Q-ho94AaABAg,,False,@wiilstayme6538,Akhirnya bpk saya suho😊,0,2020-03-20T06:57:27Z,2020-03-20T06:57:27Z
UgwO-Xj1o5I_4yC1keh4AaABAg,,False,@오삐약-g5t,와 해장은 준면이 얼굴로,0,2020-03-20T06:56:51Z,2020-03-20T06:56:51Z
Ugzc4iwaUNFhePi_zEh4AaABAg,,False,@lolopcy9365,خرافي.. تحفة.. غير متوقع.. مو طبيعي,0,2020-03-20T06:56:27Z,2020-03-20T06:56:27Z
Ugy01gFpHiYf32VM--h4AaABAg,,False,@maybaylon841,"Thank you too for always being there, in words and through your music to console me in my distress, in those difficult times you give me strength to carry on 💕 I love you",0,2020-03-20T06:56:24Z,2020-03-20T06:56:24Z
UgyWcWsXJkANzjjx0i14AaABAg,,False,@da0614m,美！！！！,0,2020-03-20T06:53:17Z,2020-03-20T06:53:17Z
Ugy8bC2GT5r38F2SqcN4AaABAg,,False,@helinacim30,❤,0,2020-03-20T06:51:14Z,2020-03-20T06:51:14Z
UgwdOq3GV5e7jlEH6qB4AaABAg,,False,@diemdiem106,I hope that your work this time will be a huge success 😘😘😘,0,2020-03-20T06:50:35Z,2020-03-20T06:50:35Z
Ugym-peAlD6WvgYQBSh4AaABAg,,False,@15_niputuayugitatantrid3,SERPIHAN BERLIAN GANS BGT WOIII,0,2020-03-20T06:43:52Z,2020-03-20T06:43:52Z
UgxP3lwtPl493i1fyx14AaABAg,,False,@letitgo9026,"Why everything the exos do is so beautiful???? Is this fair with the rest of the world?
Suho, honey, I'm looking forward to listen to your angelic voice singing delicate things.🤩",2,2020-03-20T06:43:45Z,2020-03-20T06:43:45Z
UgwAtEhM-N7GWRjN4u94AaABAg,,False,@saturjday,INI TANDANYA APAA DADDY😭,0,2020-03-20T06:40:16Z,2020-03-20T06:40:16Z
UgxhvZ21ketQyDGH_lR4AaABAg,,False,@NguyenAnh-vl7fx,Our LEADER ❤❤❤,0,2020-03-20T06:39:39Z,2020-03-20T06:39:39Z
UgyIEIejnPXL6cEFu8N4AaABAg,,False,@xette_,So gwapo Junmyeon-ah. 😍,0,2020-03-20T06:36:58Z,2020-03-20T06:36:58Z
UgyROntBeUeNx16F9Ct4AaABAg,,False,@ikobin23,GREAT,1,2020-03-20T06:35:43Z,2020-03-20T06:35:43Z
UgzVBIgz4_mSHhXxIGF4AaABAg,,False,@ikobin23,AWESOME,1,2020-03-20T06:35:37Z,2020-03-20T06:35:37Z
UgwQI_msHZgmm640V-Z4AaABAg,,False,@zuzu3497,💙💙💙💙💙💙💙💙💙💙💙💙💙💙💙,0,2020-03-20T06:35:17Z,2020-03-20T06:35:17Z
UgyDp9CDKp1GURz0An14AaABAg,,False,@zuzu3497,❤❤❤❤❤❤❤❤❤❤❤❤❤❤,0,2020-03-20T06:35:02Z,2020-03-20T06:35:02Z
UgyFz8YvJAYw8Nhaf3N4AaABAg,,False,@xslbccdks.l5674,Exo sarnghaja,0,2020-03-20T06:32:57Z,2020-03-20T06:32:57Z
Ugzfg-erPK1SQ6QvHU54AaABAg,,False,@xslbccdks.l5674,We are onee,0,2020-03-20T06:32:53Z,2020-03-20T06:32:53Z
UgxlYzwFUYIe6Or7Km94AaABAg,,False,@xslbccdks.l5674,You are the leader best,0,2020-03-20T06:32:48Z,2020-03-20T06:32:48Z
UgxrunY9yf5WsymkJR94AaABAg,,False,@xslbccdks.l5674,You are the beautiful,1,2020-03-20T06:32:36Z,2020-03-20T06:32:36Z
Ugxdvuz_R1MWgIXQWwh4AaABAg,,False,@xslbccdks.l5674,You are the star,1,2020-03-20T06:32:29Z,2020-03-20T06:32:29Z
UgzasjkDF6FIsmPUGm94AaABAg,,False,@xslbccdks.l5674,You are the best,0,2020-03-20T06:32:23Z,2020-03-20T06:32:23Z
Ugy7F_wUBQf5oI_Avwx4AaABAg,,False,@xslbccdks.l5674,Let's love,0,2020-03-20T06:32:17Z,2020-03-20T06:32:17Z
UgwQhpVWHtVzTd9xDat4AaABAg,,False,@erisl7057,The best leader in the world,1,2020-03-20T06:31:26Z,2020-03-20T06:31:26Z
UgxFTpfFYYkk2k4J-Ax4AaABAg,,False,@Кормильцева-й4э,잘생겼다 ^^,0,2020-03-20T06:30:06Z,2020-03-20T06:30:06Z
Ugx2JWRCf9po6zmQgkt4AaABAg,,False,@jam3532,Suho so handsome,1,2020-03-20T06:29:27Z,2020-03-20T06:29:27Z
UgxVR-HAsPMPHVDkETF4AaABAg,,False,@elnalulu3587,♡SUHO♡,0,2020-03-20T06:23:20Z,2020-03-20T06:23:20Z
Ugw1IJo2w1bg-DgCsAV4AaABAg,,False,@alokoo5030,Suho is really talented! Please support him!!!,0,2020-03-20T06:20:15Z,2020-03-20T06:20:26Z
UgzaODP5DqJI7b3QgsB4AaABAg,,False,@maaloey2004,SUHOOOOO❤️❤️❤️,1,2020-03-20T06:16:57Z,2020-03-20T06:16:57Z
Ugy96jWocXvjilwZMKR4AaABAg,,False,@aibictbd3763,"I'm so excited for this 
EXO-LS be ready",1,2020-03-20T06:15:58Z,2020-03-20T06:15:58Z
Ugxqm2TkYm0QOzpI83Z4AaABAg,,False,@maipham-ms4im,Handsome,1,2020-03-20T06:14:39Z,2020-03-20T06:14:39Z
UgyakzlEk1HQaWc8Xyh4AaABAg,,False,@hamidrezamohebbi6399,fighting suho😇💪,0,2020-03-20T06:14:18Z,2020-03-20T06:14:18Z
UgyEh7N5LCxxw3gF7Nt4AaABAg,,False,@neezcharity3434,This album screams Suho's visual!!!!!!!!!!!!!! Our best guardian/leader we love you so much!!!!!!!!,1,2020-03-20T06:09:54Z,2020-03-20T06:09:54Z
Ugw2rAyQPcJK0Q6t12J4AaABAg,,False,@natafranco2529,te amooo🥺❤️❤️,0,2020-03-20T06:08:54Z,2020-03-20T06:08:54Z
Ugz2_PpOWKD6jaYQIpF4AaABAg,,False,@nyzaly4836,💜I'm in love 💜💜,0,2020-03-20T06:06:12Z,2020-03-20T06:06:12Z
UgzDFzFLA9J3BCkvErR4AaABAg,,False,@zakiya_f3031,I always support you my leader,0,2020-03-20T06:02:14Z,2020-03-20T06:02:14Z
Ugzi4mg37S-m9T5jwg94AaABAg,,False,@andreadelacruz5229,I'm so proud of you! 😭❤,0,2020-03-20T05:59:41Z,2020-03-20T05:59:41Z
UgwQA9oWfwwhpJ4FivV4AaABAg,,False,@tasyarebecca9253,Our beautiful leader,1,2020-03-20T05:53:58Z,2020-03-20T05:53:58Z
UgxrgJkGiTJFvKFkbXZ4AaABAg,,False,@LALALUCUKAYAKBERUANG,Can't wait huhuhu,0,2020-03-20T05:52:24Z,2020-03-20T05:52:24Z
Ugzmm8D1i7YCdmjdFiR4AaABAg,,False,@dep2378,Anjayyy semuanya estetik,0,2020-03-20T05:51:35Z,2020-03-20T05:51:35Z
UgyOgxfJKMUbXtgQftR4AaABAg,,False,@anitapratiwi5044,Mo nangis dia mau wamil 😭😭,0,2020-03-20T05:51:27Z,2020-03-20T05:51:27Z
UgwUKQ8q93y6lbszbNJ4AaABAg,,False,@yusrasami579,"Yasss
 we are waiting!
exo ls let's show our power",1,2020-03-20T05:49:34Z,2020-03-20T05:49:34Z
Ugz6SWI6m-1PRVelWP54AaABAg,,False,@real_sza3352,"EXO EXO EXO
i miss them badly .....it will be his last mv before he gets enlisted ...awwwwww.....crying",1,2020-03-20T05:48:57Z,2020-03-20T05:48:57Z
Ugw5iTOCfUsegK31LHV4AaABAg,,False,@hopevibes3254,Te amo Kim Junmy 🇲🇽🇲🇽🇲🇽 México quiere mucho al mejor líder del mundo 🇲🇽🇲🇽 México extraña a Kim Junmy 🇲🇽🇲🇽,0,2020-03-20T05:48:24Z,2020-03-20T05:48:24Z
UgzPQMKFtK4-OS39xQJ4AaABAg,,False,@kookiebts3201,Mi bb 🥺💖,1,2020-03-20T05:47:10Z,2020-03-20T05:47:10Z
UgzVZO3XAAvUsNKM2Jd4AaABAg,,False,@gwakbongee,"EXO-L, let's buy SUHO's album together!",1,2020-03-20T05:47:01Z,2020-03-20T05:47:01Z
UgwKbIAsqJLN6lYwled4AaABAg,,False,@rkplant,SUHO IS A PERFECTION,1,2020-03-20T05:45:56Z,2020-03-20T05:45:56Z
UgypjUMmvoU7I6kcc0l4AaABAg,,False,@erwindariyandini3363,apik tenan,0,2020-03-20T05:45:47Z,2020-03-20T05:45:47Z
UgwKAjcwOA6Ytzo666B4AaABAg,,False,@yousefamin5394,사랑해 내 친구 ❣️😘,0,2020-03-20T05:42:34Z,2020-03-20T05:42:34Z
Ugx5yXVEnqp2lq7uGeh4AaABAg,,False,@ninexouniverse581,"Best man in the world. I love you, Junmyeon.",1,2020-03-20T05:41:04Z,2020-03-20T05:41:04Z
UgyqwlJ2uolGg9g2HIV4AaABAg,,False,@ninexouniverse581,Please give him everything that he deserves.,7,2020-03-20T05:40:35Z,2020-03-20T05:40:35Z
UgwnUpBhfhIWKRg4m_t4AaABAg,,False,@TrangNguyen-vm2gi,teaser mà cũng ngậm views :),0,2020-03-20T05:37:30Z,2020-03-20T05:37:30Z
UgxXdXaAK_HCtA95WYB4AaABAg,,False,@otakosan1235,Ilove you,0,2020-03-20T05:37:20Z,2020-03-20T05:37:20Z
UgwC_yIdD2oBbE4VkKZ4AaABAg,,False,@뚱이-w8m,사랑해 김준면,0,2020-03-20T05:36:28Z,2020-03-20T05:36:28Z
UgyPj2qcURnHDPmTqUV4AaABAg,,False,@heart9wargulpsingha577,"Handsome and Beautiful = SUHO
ㅠㅠㅠㅠㅠㅠㅠㅠㅠㅠㅠㅠㅠㅠㅠㅠ",0,2020-03-20T05:36:19Z,2020-03-20T05:36:19Z
Ugy8u0p93iN1qR6D4DN4AaABAg,,False,@chikareiyashaputri1829,Gooo suhooyaa,0,2020-03-20T05:34:14Z,2020-03-20T05:34:14Z
UgwKztMV1CZXlrO1D6p4AaABAg,,False,@dreamhigh1242,semangattttt,0,2020-03-20T05:32:57Z,2020-03-20T05:32:57Z
UgzH_z5gqmS2W-HYNS94AaABAg,,False,@조이曺李,노래 개좋은디,0,2020-03-20T05:31:38Z,2020-03-20T05:31:38Z
UgyY6KeMeEhwrKZCnU14AaABAg,,False,@qwqece,Uuuuwwuuuuuu,0,2020-03-20T05:26:50Z,2020-03-20T05:26:50Z
Ugy2KzMbEFtq-sEF9Gp4AaABAg,,False,@bearbiyy,LEADER WAS SO HOT. SO EXCITEDDD,1,2020-03-20T05:22:06Z,2020-03-20T05:22:06Z
Ugxqt-ZusCBcC0DYcsp4AaABAg,,False,@공삼이-r3z,울토끼왕자님 최고 💖,0,2020-03-20T05:20:19Z,2020-03-20T05:20:19Z
UgwMohdJXDJX-FFh6lZ4AaABAg,,False,@cenizamikhylag.6621,"PURO KAYO SAMPLER, UPLAD NIYO NA TAPOS WAG NA MAG MILITARY SI JUNMYEONNNN AAAAAA",0,2020-03-20T05:20:16Z,2020-03-20T05:21:00Z
UgzFH_GDC4oeO3Imk1l4AaABAg,,False,@sajanaif5246,أستنى الربيع وأستنى سوهو  🌼,0,2020-03-20T05:17:25Z,2020-03-20T05:17:25Z
UgzB81Op3WZ8ESVQdzp4AaABAg,,False,@dasiesnberry,ILY,0,2020-03-20T05:17:09Z,2020-03-20T05:17:09Z
UgxzWDASTATwnfvks754AaABAg,,False,@sajanaif5246,This beautiful man is everything that we need..,3,2020-03-20T05:17:03Z,2020-03-20T05:17:03Z
UgygSkXzSqo2sr0vkVN4AaABAg,,False,@dasiesnberry,LOVEEEE,0,2020-03-20T05:17:02Z,2020-03-20T05:17:02Z
UgyLUB62iIR3UD7ds254AaABAg,,False,@라울집사,오빠악❣️,0,2020-03-20T05:16:35Z,2020-03-20T05:16:35Z
Ugysz1kmEMRgJWqPqlJ4AaABAg,,False,@fitridiana406,Sehatt selalu uri leaderrrr,0,2020-03-20T05:14:22Z,2020-03-20T05:14:22Z
UgwpSoI-0csBGaftlYl4AaABAg,,False,@dv666,Ganteng bgt demi lautannn,0,2020-03-20T05:11:46Z,2020-03-20T05:11:46Z
UgwQBvM10TvmMtCQOkp4AaABAg,,False,@annisahelmi3052,I am dying!!!!,0,2020-03-20T05:11:02Z,2020-03-20T05:11:02Z
UgzG8IXhhgyMCbpiJwt4AaABAg,,False,@irmanovita7479,Always fighting for u,0,2020-03-20T05:10:23Z,2020-03-20T05:10:23Z
UgwT6L8ShabzdhqPS0R4AaABAg,,False,@irmanovita7479,Suho oppa,0,2020-03-20T05:10:10Z,2020-03-20T05:10:10Z
UgxIWnOLdtdOzo3CGV94AaABAg,,False,@zhibekeshatova5690,WAITING FOR,0,2020-03-20T05:10:08Z,2020-03-20T05:10:08Z
UgzbxeP4wwQX3XxWNg54AaABAg,,False,@gaillv2157,Hermoso!,0,2020-03-20T05:09:09Z,2020-03-20T05:09:09Z
Ugw9ICxrc54qU86E1CN4AaABAg,,False,@lan12_,Suho wants to go to the military 😭😭😭,1,2020-03-20T05:08:31Z,2020-03-20T05:08:31Z
Ugxvtl-2-8QT4O9y59p4AaABAg,,False,@clairecorpuz4626,Sending XOXO 💖,0,2020-03-20T05:07:30Z,2020-03-20T05:07:30Z
UgyP7tSz_OF04tCAU1l4AaABAg,,False,@sitiasiyah4905,Serbuk berlian omg,0,2020-03-20T05:06:51Z,2020-03-20T05:06:51Z
Ugxefjhv5HsoYna8DN14AaABAg,,False,@sitiasiyah4905,Papihhhhh,0,2020-03-20T05:06:41Z,2020-03-20T05:06:41Z
Ugx4jf2Kg7sQHCdGKph4AaABAg,,False,@topalathapa6296,I love you Suho my love from Korea❤❤,0,2020-03-20T05:05:29Z,2020-03-20T05:05:29Z
UgxmI8LC4VUoFYCyFWh4AaABAg,,False,@luzletelier9448,"AHHHHHHHHHHHHHHHHHHHHHHHHH
༼;´༎ຶ ۝ ༎ຶ༽ NO PUEDO ESPERAR MÁS QUE YÁ SEA 30!!!!!!",0,2020-03-20T05:02:12Z,2020-03-20T05:02:12Z
UgyyoIitG1gX2VE-pAl4AaABAg,,False,@kayeclaron7945,"The reality that he has many mole in his face, its so beautiful.😍 I am excited for his album😊❤",2,2020-03-20T05:02:08Z,2020-03-20T05:02:08Z
UgzOwbl_Kklzo0y4qth4AaABAg,,False,@nanasays1882,im feeling the vibe,0,2020-03-20T05:02:01Z,2020-03-20T05:02:01Z
UgxZChcLbLD9qYmFF9V4AaABAg,,False,@cindydeguinion9892,Ung heart ko jumyeon kumakawala ang pogi! Miss kna EXO,0,2020-03-20T05:01:18Z,2020-03-20T05:01:18Z
Ugy3pcL4C96eAs4380p4AaABAg,,False,@pahexplorer,Ommmmmoo💕💕💕💕💕💕,0,2020-03-20T05:00:25Z,2020-03-20T05:00:25Z
Ugzn9I1wZzy7sXOTs554AaABAg,,False,@paryabarzegar7606,Happy New Year Iraaaaan,0,2020-03-20T04:57:44Z,2020-03-20T04:57:44Z
Ugw7o5LB9nlAvYM46iZ4AaABAg,,False,@azahranabila5695,Leader the best,0,2020-03-20T04:57:34Z,2020-03-20T04:57:34Z
UgxYvWEqKfwuOB_UUvZ4AaABAg,,False,@plli01,HAHAHAHAHAHA,0,2020-03-20T04:57:24Z,2020-03-20T04:57:24Z
UgwU3ttSYtPIUEs6Qwt4AaABAg,,False,@tanyarossp,😍❤,0,2020-03-20T04:56:14Z,2020-03-20T04:56:14Z
UgzJ7Mh_YBjpS1CaI0B4AaABAg,,False,@noturfriend.4197,Ganteng bangreetttt,0,2020-03-20T04:55:37Z,2020-03-20T04:55:37Z
UgzLWwfLHZzv21aCnwx4AaABAg,,False,@깅강-p7l,미모 장난 없다,0,2020-03-20T04:55:00Z,2020-03-20T04:55:00Z
Ugylu0lTnd1aRbVqTOB4AaABAg,,False,@Violatorisme,He is perfect,0,2020-03-20T04:51:31Z,2020-03-20T04:51:31Z
Ugwie9QfTWQRqtO0Igl4AaABAg,,False,@21.lainufarnawa30,Omaigatt he is very handsome man 😭😭,0,2020-03-20T04:48:03Z,2020-03-20T04:48:03Z
Ugz0T2EXGuU-sotKjoh4AaABAg,,False,@baekyongqin,*I AM SO EXCITED FOR THIS JUNMYEON-AH WORDS AREN'T ENOUGH ㅠㅠ*,5,2020-03-20T04:40:18Z,2020-03-20T04:40:18Z
UgwWkwfhqXV48ofk_Vh4AaABAg,,False,@a.nurlelaaaswad9572,Ada yang bening sebening air tapi dia suho,0,2020-03-20T04:39:27Z,2020-03-20T04:39:27Z
UgxJd6da-5lrH4GDJF14AaABAg,,False,@mckmeabhadi5204,💜,0,2020-03-20T04:39:04Z,2020-03-20T04:39:04Z
UgyU4OnRrJK7x1gss8F4AaABAg,,False,@oohsehun_exo3884,"Love you,our best leader💋💋❤❤😁",0,2020-03-20T04:35:10Z,2020-03-20T04:35:10Z
UgyNLG2Ixchlu1B1Oal4AaABAg,,False,@jibanthokchom2523,I think suho is the best leader in the kpop industry😊💖💖💖💖💖💖,1,2020-03-20T04:34:17Z,2020-03-20T04:34:17Z
UgynDR64GhI6UO40jgZ4AaABAg,,False,@nataliatarakanova4585,"Sounds great, can't wait!!",0,2020-03-20T04:32:51Z,2020-03-20T04:32:51Z
UgxANsT_j2GXESnwEo14AaABAg,,False,@rashakh5915,يمه قلبي 😭😭💜💜💜💜,0,2020-03-20T04:30:31Z,2020-03-20T04:30:31Z
UgyIVZUqTZI-hlDTvzl4AaABAg,,False,@moonh7448,Can't wait,0,2020-03-20T04:29:55Z,2020-03-20T04:29:55Z
UgyOqCo2D3w9QAOy3NN4AaABAg,,False,@Softpeachy99,Jingan! Ganteng banget woy🙂🙏,0,2020-03-20T04:29:24Z,2020-03-20T04:29:24Z
UgxjKqVuy8cIP4DO6Il4AaABAg,,False,@b-vinsmoke6525,😭😭😭 the purest thing I ever watched 💔,0,2020-03-20T04:28:48Z,2020-03-20T04:28:48Z
UgzbrPJCIPeyMWsGLPN4AaABAg,,False,@tarderd2085,prettiest,0,2020-03-20T04:28:08Z,2020-03-20T04:28:08Z
UgzFDcj6Y6xTvbwEg_Z4AaABAg,,False,@chairunnissa2458,I hope my curiosity is answered after waiting waiting for this MV,1,2020-03-20T04:26:23Z,2020-03-20T04:26:23Z
Ugyl6zxlVJA_khuPyhJ4AaABAg,,False,@luckyday8729,Perfecto!!!,0,2020-03-20T04:22:38Z,2020-03-20T04:22:38Z
Ugxfk4oR-9rTcD7GSwN4AaABAg,,False,@nora_hafildah,Ga nyesel beli albumnya knstrumennya enak banget,0,2020-03-20T04:18:38Z,2020-03-20T04:18:38Z
UgwIBXa9pQvbBVOp0nh4AaABAg,,False,@kyuchanpark,Suho♡,0,2020-03-20T04:16:20Z,2020-03-20T04:16:20Z
UgzYRUNc7BjATulyQEF4AaABAg,,False,@suhobunny121,He is getting Skin cosmetics commercials I am telling u,0,2020-03-20T04:11:52Z,2020-03-20T04:11:52Z
Ugzon181Domsf2vD2vR4AaABAg,,False,@dankies2019,The instrumen reminds me of Westlife's music nowadays,0,2020-03-20T04:08:46Z,2020-03-20T04:08:46Z
UgznNvNogF9ucW5mnWB4AaABAg,,False,@ohshena6963,lovee,1,2020-03-20T04:01:09Z,2020-03-20T04:01:09Z
UgzrOa_VE-41MDddhzN4AaABAg,,False,@exominseok986,"finally Suho got his spotlight he deserves, our hardworking leader, fighting!!!",20,2020-03-20T04:00:43Z,2020-03-20T04:00:43Z
UgzmCVu5pSyUC_0csrp4AaABAg,,False,@GM-ii8im,SUHO AND HIS MOLES.. UGH SO SEXY,2,2020-03-20T03:59:28Z,2020-03-20T03:59:28Z
UgzKUliR_WESvtfLWa54AaABAg,,False,@mis001501,he is ㅈㄴhandsome,0,2020-03-20T03:58:12Z,2020-03-20T03:58:12Z
Ugzl-eF_ibOAroa1xFF4AaABAg,,False,@yuchoi7980,잘생겼어ㅠㅠㅠㅠㅠㅠ,0,2020-03-20T03:57:32Z,2020-03-20T03:57:32Z
Ugyxu32hWyLB3nHv7194AaABAg,,False,@phamthanhthuyrrr8505,love you SUHO,2,2020-03-20T03:56:57Z,2020-03-20T03:56:57Z
UgyDe-oMmbcvEUCmhXZ4AaABAg,,False,@lrdttd21,Junmyeon is out there flexing his visuals 💯,1,2020-03-20T03:55:59Z,2020-03-20T03:55:59Z
UgwHptJjuXWhcNV81nt4AaABAg,,False,@cocob1968,😆😆😆😆😆😆😆😆😆,0,2020-03-20T03:53:19Z,2020-03-20T03:53:19Z
UgyzhcB97d6FkafYQG54AaABAg,,False,@يارا-د7د,SUHO,1,2020-03-20T03:52:06Z,2020-03-20T03:52:06Z
Ugxek1feWvUBGPcT25F4AaABAg,,False,@يارا-د7د,"E
X
O",0,2020-03-20T03:52:00Z,2020-03-20T03:52:00Z
UgzcAmTe6ydArmYStZh4AaABAg,,False,@saram4677,"We are one
EXO
Arab EXOL",0,2020-03-20T03:51:18Z,2020-03-20T03:51:18Z
UgwilR7H32yx_QwRKFx4AaABAg,,False,@لولو-ز5ف,"I love EXO
SUHO",0,2020-03-20T03:49:42Z,2020-03-20T03:49:42Z
UgxNUnITmCChC7nEra54AaABAg,,False,@SaraM-wu2yn,"SUHO
ARAB EXO_L",1,2020-03-20T03:47:49Z,2020-03-20T03:47:49Z
Ugxfb4Kn3ybV4WnnMOB4AaABAg,,False,@betikundangchang9747,Uri cottoniem 🐰🐰🐰🐰,0,2020-03-20T03:47:03Z,2020-03-20T03:47:03Z
UgwOsOpc5BH-LILLCbB4AaABAg,,False,@سمر-ذ9ح,"SUHO
EXO",0,2020-03-20T03:46:56Z,2020-03-20T03:46:56Z
UgwzceX5Wtyhz_WsvuF4AaABAg,,False,@Greenwasabi007,Our Suho,0,2020-03-20T03:46:01Z,2020-03-20T03:46:01Z
UgyOaPLVB_XzdzIErKJ4AaABAg,,False,@saram6019,SUHO,0,2020-03-20T03:46:00Z,2020-03-20T03:46:00Z
UgwTc2FP3A01hb6BmoN4AaABAg,,False,@1_alfriscanindiavalenta493,So handsome😭💞,1,2020-03-20T03:45:54Z,2020-03-20T03:45:54Z
UgyMFkpN7QM99czb7N94AaABAg,,False,@sara_m4363,SUHO,0,2020-03-20T03:45:16Z,2020-03-20T03:45:16Z
Ugx7otpt1QVaKwnftHN4AaABAg,,False,@sara_m4363,EXO,0,2020-03-20T03:45:02Z,2020-03-20T03:45:02Z
UgzVDLTTKaN36RVlHj14AaABAg,,False,@karellesashi389,Pori Pori nya ilang kmnnaaa,0,2020-03-20T03:43:45Z,2020-03-20T03:43:45Z
UgwbLAyuajF4_ainEJh4AaABAg,,False,@lindsylu19,😍♥,0,2020-03-20T03:43:09Z,2020-03-20T03:43:09Z
Ugxy9JBEibkAU348ytx4AaABAg,,False,@피라-k4d,GA SABAR 😭,0,2020-03-20T03:42:19Z,2020-03-20T03:42:19Z
UgyDfMi3abBLjToJoZd4AaABAg,,False,@Lu-om5gj,☯︎︎ᴥ︎☯︎︎,0,2020-03-20T03:41:49Z,2020-03-20T03:41:49Z
UgwHZoXBY331Bf8bES94AaABAg,,False,@ploychompookanyavadee7275,"난 정말 당신을 사랑합니다, 수호, 싸워요 항상 당신을 지원할 것입니다.",0,2020-03-20T03:41:18Z,2020-03-20T03:41:18Z
UgyCWpu6AK1_wIhYOLl4AaABAg,,False,@mayranava3317,I love you leader,1,2020-03-20T03:38:41Z,2020-03-20T03:38:41Z
Ugw9cSzVajpA8q0Cv-F4AaABAg,,False,@mayranava3317,Cool,1,2020-03-20T03:38:21Z,2020-03-20T03:38:21Z
UgwJzAzivC6xic2WvWt4AaABAg,,False,@reginaismudarisaragat3220,❤❤❤❤❤❤❤❤❤❤❤,1,2020-03-20T03:37:36Z,2020-03-20T03:37:36Z
Ugwagk0UuFQ57Ta0weZ4AaABAg,,False,@X10MCND,I love  you ♥️🤤,2,2020-03-20T03:37:25Z,2020-03-20T03:37:25Z
UgyMzi--OloG1HlWFRV4AaABAg,,False,@MaggRoss20,King,1,2020-03-20T03:36:32Z,2020-03-20T03:36:32Z
UgyEiaC0mXlPiA3svgF4AaABAg,,False,@이빨요정-j5i,"이제부터 물이라는 말 대신 수호를
잘 생겼다는 말을 수호라고 하자",0,2020-03-20T03:34:40Z,2020-03-20T03:34:40Z
UgxstehxoUW7SGM2UH94AaABAg,,False,@happieskpopp9774,Lee yoo chan 🔥🤗,0,2020-03-20T03:34:34Z,2020-03-20T03:34:34Z
UgyOeCqs8t6CXhiCSsJ4AaABAg,,False,@seyieseyie5378,"SUHO nation 
♡(∩o∩)♡",0,2020-03-20T03:34:01Z,2020-03-20T03:34:01Z
Ugz3xdirVASajteEesh4AaABAg,,False,@잉명-y6i,겁나 기대중 💖,0,2020-03-20T03:33:57Z,2020-03-20T03:33:57Z
UgyG2djGbn55zUXeggF4AaABAg,,False,@nurfh1991,Beautiful 😍,0,2020-03-20T03:33:32Z,2020-03-20T03:33:32Z
UgwraCxb16zuwM0qn3h4AaABAg,,False,@zlu03,SUHO😍,0,2020-03-20T03:31:52Z,2020-03-20T03:31:52Z
UgxM6GQsaVWqz49hSK14AaABAg,,False,@funnyvideos-cz8mo,suho's goal before enlistiment : killing all the exols with his talent and beauty.,252,2020-03-20T03:30:03Z,2020-03-20T03:31:21Z
UgwOP8u668sCv9YeC7V4AaABAg,,False,@dndadnn9094,Selalu tampan,0,2020-03-20T03:29:43Z,2020-03-20T03:29:43Z
Ugx-B4hJHAftIRqWU4J4AaABAg,,False,@anniecruz5485,KING DI YOUR THING 👑♥️,0,2020-03-20T03:29:23Z,2020-03-20T03:29:23Z
UgxL6aSvaRP5gv5ToE14AaABAg,,False,@fairyf4189,King suhooooooo i love youuu,0,2020-03-20T03:27:49Z,2020-03-20T03:27:49Z
UgzT4VaJyuGN2HQ1iDp4AaABAg,,False,@andrea-lv7yq,SUHO,0,2020-03-20T03:26:58Z,2020-03-20T03:26:58Z
UgyZSBZMpI87mxzcvh54AaABAg,,False,@chindywaletta2406,Glowing bgt anjir,0,2020-03-20T03:25:58Z,2020-03-20T03:25:58Z
UgwJlg1kpwwyVvCs1b94AaABAg,,False,@LauraSilva-ou9bn,Esto va a ser una obra maestra impresionante,0,2020-03-20T03:25:19Z,2020-03-20T03:25:19Z
UgwgWHnJR7FWd4VwNDh4AaABAg,,False,@엘겸즈니,어우 눈마주쳤어 심장 멈출뻔했네,0,2020-03-20T03:22:49Z,2020-03-20T03:22:49Z
UgwxygP-9pBHcPir0iN4AaABAg,,False,@veronicamachado4016,Art is coming,0,2020-03-20T03:22:49Z,2020-03-20T03:22:49Z
Ugx6FsvaqPeMw0ETkkZ4AaABAg,,False,@greysgrey9967,Go suho!,0,2020-03-20T03:19:06Z,2020-03-20T03:19:06Z
Ugyd5kCFwqIZpvDR9TZ4AaABAg,,False,@oliviaSky123,ganteng nya suho super awesome,0,2020-03-20T03:18:59Z,2020-03-20T03:18:59Z
UgwpnvenSNIhrTGtqOh4AaABAg,,False,@tete-mk8vz,HANDSOME ❤❤❤❤❤❤,0,2020-03-20T03:16:16Z,2020-03-20T03:16:16Z
UgyWpjRCxr_0J2TMDFx4AaABAg,,False,@BaoChen-me2ff,The melody fits my type soooooooo wellllll 😍😍,0,2020-03-20T03:15:39Z,2020-03-20T03:15:39Z
UgyRY_heeJwHDjWdvsF4AaABAg,,False,@chantellechan5893,"I'm so excited, but I'm not ready at the same time!!",1,2020-03-20T03:14:08Z,2020-03-20T03:14:08Z
Ugw8lJ0jzpz86Tz8KCV4AaABAg,,False,@혜니-p2q,김준면 사랑해,0,2020-03-20T03:11:25Z,2020-03-20T03:11:25Z
UgwGFWxeJPUx5pq8IGR4AaABAg,,False,@ulfahm.4549,Aduh suamikuuu,0,2020-03-20T03:09:30Z,2020-03-20T03:09:30Z
UgzhQNTZqzr_mFgYHeJ4AaABAg,,False,@pronilayan4700,Let’s support him as much as we can....,3,2020-03-20T03:09:16Z,2020-03-20T03:09:16Z
UgyWgjto5kVpSOixYk14AaABAg,,False,@syenlisan1485,I am really excited for Junmyeon's debut as a solo artist.,5,2020-03-20T03:04:36Z,2020-03-20T03:04:36Z
UgzkwvpKVoko0EB8RUF4AaABAg,,False,@nurelpoe5193,Super leader hyung ❤️,0,2020-03-20T03:04:19Z,2020-03-20T03:04:19Z
UgwYbOGSiX6J4h01R994AaABAg,,False,@thuexo-l1527,Ahhhh handsome boy🥰😍😍😍,2,2020-03-20T03:03:37Z,2020-03-20T03:03:37Z
UgwuuyX4KVkDWzOs-Eh4AaABAg,,False,@가인-k8n,저 은혜로운 얼굴은 하루종일 보고있어도 안 질릴거야.,0,2020-03-20T03:03:07Z,2020-03-20T03:03:07Z
UgxmqBijnxUpdjtu3hp4AaABAg,,False,@mylife-ri7iw,wowwwww,0,2020-03-20T03:02:07Z,2020-03-20T03:02:07Z
UgwPDv-ssOFCedGz3qx4AaABAg,,False,@TuLe-bc3ue,Quá ngầu luôn á :333,0,2020-03-20T02:59:50Z,2020-03-20T02:59:50Z
UgwVf5DM6iCjn8qwKh54AaABAg,,False,@TuLe-bc3ue,Suho ya,1,2020-03-20T02:59:11Z,2020-03-20T02:59:11Z
UgxgguJCF0w3dmnidX94AaABAg,,False,@thewispers825,"I'm excited for you 😊, all the best for your new album hyung",0,2020-03-20T02:53:13Z,2020-03-20T02:53:13Z
Ugy8bHqowOqo7LNhk7p4AaABAg,,False,@rahasalar9591,Suho self portrait,0,2020-03-20T02:52:57Z,2020-03-20T02:52:57Z
UgxO0QxxXBdAvIRFRqh4AaABAg,,False,@noellecotton5815,I am living just to feel our Bunny Leader's era. He deserves all the best in the world.,2,2020-03-20T02:52:34Z,2020-03-20T02:52:34Z
Ugz8GdLiqCQkE8__sp94AaABAg,,False,@mrsexo4822,Suho is so perfect,1,2020-03-20T02:51:55Z,2020-03-20T02:51:55Z
UgzegAtSF0NbFeA6t8F4AaABAg,,False,@uccangcang989,Oppa,0,2020-03-20T02:51:52Z,2020-03-20T02:51:52Z
UgzuKqmlg7thypbGBJp4AaABAg,,False,@윤아-m8p,"사랑,하자 얼렁 나와라 나랑 내 통장이 기다린다",0,2020-03-20T02:51:04Z,2020-03-20T02:51:04Z
Ugx6ANSq31yttJfD1Hl4AaABAg,,False,@onisdiamariageslin6495,uri leaderrr ✨,0,2020-03-20T02:48:42Z,2020-03-20T02:48:42Z
UgzUqqA3_N35hWyeQ_t4AaABAg,,False,@송-e7k,김준면을 국회로...,0,2020-03-20T02:48:24Z,2020-03-20T02:48:24Z
UgwXxRKowZpzOu2bUDl4AaABAg,,False,@chanhyuncity8453,😘😘😘😘😘😘,0,2020-03-20T02:47:51Z,2020-03-20T02:47:51Z
Ugy1GsFM4Ksa9cLn6bd4AaABAg,,False,@aeri_htth,Suho,1,2020-03-20T02:46:50Z,2020-03-20T02:46:50Z
UgxIbspKfuMgxGzR5WZ4AaABAg,,False,@badgrils1998,❤️♥️😭😭♥️♥️,0,2020-03-20T02:46:10Z,2020-03-20T02:46:10Z
UgwG2w_tHOPAfFHyQkx4AaABAg,,False,@mangarkhushi1877,This song will make me cry for sure😭❤,2,2020-03-20T02:45:11Z,2020-03-20T02:45:11Z
Ugzj1eigqxR5afbASPh4AaABAg,,False,@웅냥냠-h7d,준면이 화이팅💖,0,2020-03-20T02:41:41Z,2020-03-20T02:41:41Z
UgzsYakUGzS9XkVZPTl4AaABAg,,False,@lavriel2714,Such a bae❤❤❤,0,2020-03-20T02:41:33Z,2020-03-20T02:41:33Z
UgyeEgRJKtJXMUYiUC14AaABAg,,False,@laisafarias3921,"Esse homem é perfeito , amoooooo
..",0,2020-03-20T02:41:20Z,2020-03-20T02:41:20Z
UgzDulZ07sSXUAZ58vF4AaABAg,,False,@anindyasitamaharani2201,Ganteng banget,0,2020-03-20T02:40:00Z,2020-03-20T02:40:00Z
UgyTdJ2973dtlh1I7cp4AaABAg,,False,@heng4206,so handsome our babe.😘,0,2020-03-20T02:39:51Z,2020-03-20T02:39:51Z
UgzpFzkheddDU5w0-Kl4AaABAg,,False,@obrave652,어흐흑 준면이 너무 이쁘다ㅠㅠ,0,2020-03-20T02:38:33Z,2020-03-20T02:38:33Z
UgwwylfmrmMUcFOyqmN4AaABAg,,False,@adersc95,So beautiful ❤,1,2020-03-20T02:38:10Z,2020-03-20T02:38:10Z
Ugzq55aLET8uXQP4VId4AaABAg,,False,@exobaekhyun8850,So very handsome ❤,0,2020-03-20T02:37:18Z,2020-03-20T02:37:18Z
Ugykewcy0xxAoq8XXyp4AaABAg,,False,@vaniaawaliyah6430,Favo💙,0,2020-03-20T02:34:42Z,2020-03-20T02:34:42Z
Ugwfbeh53E0qTC7dGjl4AaABAg,,False,@100gyana4,It's Exo's Leader era 💕🙏,0,2020-03-20T02:33:04Z,2020-03-20T02:33:04Z
Ugz6rlfyfj8i6Ps2_094AaABAg,,False,@chenie6824,LOVE YOU 🐰❤️❤️,0,2020-03-20T02:32:57Z,2020-03-20T02:32:57Z
Ugwe48SKMNq7-yFnz5t4AaABAg,,False,@marypcy-lkpop6342,Perfect✨ perfect✨❤😘,1,2020-03-20T02:31:40Z,2020-03-20T02:31:40Z
UgzYFZKnimS19_HA5nF4AaABAg,,False,@lynguyen2338,suho fighting ❤,0,2020-03-20T02:30:34Z,2020-03-20T02:30:34Z
UgyizPNK7hYLijjgMvR4AaABAg,,False,@lofiigames,Uwu leadernim Suho 🥰🥰🥰,0,2020-03-20T02:30:09Z,2020-03-20T02:30:09Z
UgxdX_5vYcOmiSMgw5B4AaABAg,,False,@chanbeak0461,No wear bleu after Myunee did plz,0,2020-03-20T02:28:54Z,2020-03-20T02:28:54Z
UgzfZ0xSTdu8WNcpiZ94AaABAg,,False,@arikcna,hyungg❤❤❤❤❤❤❤,0,2020-03-20T02:26:27Z,2020-03-20T02:26:27Z
UgwL1wjiEG80bbu30DF4AaABAg,,False,@gh0st.vort3x,"AI QUE LINDO MEU DEUS, TE AMO INFERNO, VOU SEMPRE TE DAR TODO MEU SUPORTE POSSÍVEL, INFERNO CARA EU AMO VOCÊ",0,2020-03-20T02:25:42Z,2020-03-20T02:25:42Z
Ugz0liRKCQwqcqUtgwl4AaABAg,,False,@DianaGarcia-tx1vp,ESPERANDO EL ARTE QUE NOS TRAERA GODSUHO,0,2020-03-20T02:24:43Z,2020-03-20T02:24:43Z
UgwUQ3NSD9oCzbgNNzF4AaABAg,,False,@eggsuel6281,So exclusive ㅠㅠ,0,2020-03-20T02:23:20Z,2020-03-20T02:23:20Z
UgzaiFGAC_DmziOffHh4AaABAg,,False,@riskhayeohunbae7067,Cakep amat sih beb,0,2020-03-20T02:21:33Z,2020-03-20T02:21:33Z
UgwzencvCvCNPz2KhDh4AaABAg,,False,@user-yb6oq7ih9j,"사랑,하자 김준면 솔로 대박나길🙏",0,2020-03-20T02:16:50Z,2020-03-20T02:16:50Z
Ugxo1ZIIrOyRE64SCvR4AaABAg,,False,@martttiniblue,suhito te amo grax por todo<3,0,2020-03-20T02:15:33Z,2020-03-20T02:15:33Z
Ugw41HwRMYzkiYSR9Ut4AaABAg,,False,@tzethingteo7367,SUHO😍😍😍❤️,0,2020-03-20T02:14:35Z,2020-03-20T02:14:35Z
UgwwB4KM--S5Cnr-dex4AaABAg,,False,@lullabyca,te amo!❤,0,2020-03-20T02:13:18Z,2020-03-20T02:13:18Z
UgxgyUthOwCV_HRbePF4AaABAg,,False,@impasxara4854,SUHOOO,0,2020-03-20T02:12:16Z,2020-03-20T02:12:16Z
UgyjnjOBf3a3cKNkqoZ4AaABAg,,False,@ntpcy498,😍😍😍,0,2020-03-20T02:12:01Z,2020-03-20T02:12:01Z
Ugx0JEz2UYjX6AifiRl4AaABAg,,False,@pecintadrakor513,Dari sekian banyak debut artis sm entertaiment cuma D.O yang gua nanti debut solo nya,0,2020-03-20T02:08:32Z,2020-03-20T02:08:32Z
UgzWvh0EVk3hKN0oLmV4AaABAg,,False,@euniceesmundo6260,"I'm crying rn. I'm so excited! You deserve this solo, Junmyeon-ah!❤️❤️❤️",1,2020-03-20T02:08:01Z,2020-03-20T02:08:01Z
UgwAkbZHn9Rr1KF1Vp54AaABAg,,False,@raneemaw4965,"I'm in love with his album already 😭💜 I think it's gonna be amazing 🙏
수호 , 힘내세요🙏🌈 파이팅✊
사랑해💜",0,2020-03-20T02:08:00Z,2020-03-20T02:08:00Z
UgxRtiTrNuTNMK95zzR4AaABAg,,False,@dewiayuwuIandari,Best Leader<3,0,2020-03-20T02:06:55Z,2020-03-20T02:06:55Z
Ugy_A91YfkkO5E0vU-N4AaABAg,,False,@tinameirawati668,Can't wait,0,2020-03-20T02:06:18Z,2020-03-20T02:06:18Z
UgyNXrtxrFhgnfFL3I94AaABAg,,False,@nutrition-cw4pu,爆イケだよウリリーダー💕💕,0,2020-03-20T02:04:55Z,2020-03-20T02:04:55Z
UgxzPtAxCmnyxBmPLBZ4AaABAg,,False,@ViNguyen-lv8sn,Wow,0,2020-03-20T02:04:33Z,2020-03-20T02:04:33Z
Ugz9rOPfKZxLQlin4Nh4AaABAg,,False,@lessa6203,"Please remember this







He was *not* a *singer* to begin with, so just imagine how hard he must have worked and how far he made it. 
*Lets show him all our support*
-fellow army supporting talented hoomans",0,2020-03-20T02:03:58Z,2020-03-20T02:03:58Z
UgwuzQNpkWGfA2WNlzN4AaABAg,,False,@winteryouareneveralone9608,waaaahhh,0,2020-03-20T02:03:00Z,2020-03-20T02:03:00Z
UgyNZtoEMudvzhN7fCx4AaABAg,,False,@bangtansonyeondan2946,💖💖💖💖💖💖💖,0,2020-03-20T02:01:56Z,2020-03-20T02:01:56Z
UgzyPQ6bO1BYj7EdKjZ4AaABAg,,False,@kimdoryy6617,EXO-L !!!!,0,2020-03-20T02:01:33Z,2020-03-20T02:01:33Z
UgwNQE_XmN49X_irFop4AaABAg,,False,@erickagiannelly,"when you feel that he looks at you, is it normal to feel paralyzed and totally in love? Just to know😂😔 I love you Jun❤️ Stay health and safe, ok?🥺🙏🏻",1,2020-03-20T02:01:16Z,2020-03-20T02:01:16Z
Ugwp19Cib4bJ03cs33B4AaABAg,,False,@dinanfuzianti4625,suho is an art himself,0,2020-03-20T02:01:04Z,2020-03-20T02:01:04Z
Ugww_jDdjc6j8kJRBdN4AaABAg,,False,@Iwnwk,제목진짜김준맨  ..,1,2020-03-20T02:00:31Z,2020-03-20T02:00:31Z
UgztSwhHfK3tsZwbB7h4AaABAg,,False,@byunmy7473,Fighting,0,2020-03-20T01:58:37Z,2020-03-20T01:58:37Z
UgyKRvlBtbVcw1_3z8R4AaABAg,,False,@_MaiTKhanhHuyen,Handsome,1,2020-03-20T01:57:24Z,2020-03-20T01:57:24Z
UgzpWdglBEQOGUZwN2d4AaABAg,,False,@lanashgrg775,My man ❤️,0,2020-03-20T01:57:08Z,2020-03-20T01:57:08Z
Ugx8_3-BqsrGuQH9mE94AaABAg,,False,@JGdoha,최고의 리더＼(´ ∇`)ノ ヽﾐ ´∀｀ﾐノ,1,2020-03-20T01:56:06Z,2020-03-20T01:56:06Z
Ugy8hziEdKTHK_1A6aZ4AaABAg,,False,@ivonhdez8821,This will be my first album,0,2020-03-20T01:55:51Z,2020-03-20T01:55:51Z
UgwRKkmu7XxF5h51m-R4AaABAg,,False,@erickamdc,Baee,0,2020-03-20T01:55:44Z,2020-03-20T01:55:44Z
Ugy0DCmqKqarug5FNyN4AaABAg,,False,@cbcb7952,Awesome,0,2020-03-20T01:54:37Z,2020-03-20T01:54:37Z
UgxmVilCC2vqVPUdJrl4AaABAg,,False,@cbx1663,MY PERFECT MAN,0,2020-03-20T01:54:32Z,2020-03-20T01:54:32Z
Ugxw0M_-MdaVVZ64Nal4AaABAg,,False,@xiusmiles,i’m so excited!,0,2020-03-20T01:53:15Z,2020-03-20T01:53:15Z
UgwqF35nGD0gIIxExHR4AaABAg,,False,@itsaboutagnes,te amo muito meu amor,0,2020-03-20T01:53:07Z,2020-03-20T01:53:07Z
Ugz_SNeEDppOyln_9Wx4AaABAg,,False,@ritcheltim7932,congrats uri leader,0,2020-03-20T01:53:02Z,2020-03-20T01:53:02Z
UgzbO-E23wIvhcLsj314AaABAg,,False,@mahaabdelmoneam985,حبيبي ❤️❤️❤️🤧,0,2020-03-20T01:52:31Z,2020-03-20T01:52:31Z
Ugwz75_8JiusY52gLq54AaABAg,,False,@christygurung4032,Can’t wait,0,2020-03-20T01:52:26Z,2020-03-20T01:52:26Z
UgwpiKS8_dvx53o5aih4AaABAg,,False,@nhobabyboo,đỉnh cao visual,0,2020-03-20T01:51:34Z,2020-03-20T01:51:34Z
UgwAs-U4OJclsMb43ch4AaABAg,,False,@nhobabyboo,đẹp trai qué anh ơi,0,2020-03-20T01:51:19Z,2020-03-20T01:51:19Z
UgyFtyM-qJuDvcH5byB4AaABAg,,False,@애용-u4e,진짜 겁나게 잘생겼다,0,2020-03-20T01:51:04Z,2020-03-20T01:51:04Z
UgxlQPwIk0VJWq-mjiB4AaABAg,,False,@ehehro3633,ㅠㅠㅡㅠㅜㅠㅠ 자화상만 기다려요ㅠㅠㅠㅠㅜㅜㅜㅜ,0,2020-03-20T01:49:59Z,2020-03-20T01:49:59Z
UgwPenbzCID8n9Xs9yR4AaABAg,,False,@queenagladys5501,Saranghaja!,0,2020-03-20T01:49:15Z,2020-03-20T01:49:15Z
Ugz3oIvs_EnboMF35Xh4AaABAg,,False,@RosemaryTurner2002,He's so handsome,0,2020-03-20T01:48:09Z,2020-03-20T01:48:09Z
Ugy0mP0VS5YbmWyIb7N4AaABAg,,False,@Rachel-if1do,"Positive energy, beautiful feelings, I feel comfortable .. and our leader is so handsome tho",1,2020-03-20T01:48:05Z,2020-03-20T01:48:05Z
UgyaYajPbr63zsajKYp4AaABAg,,False,@kimlight8653,WE ARE ONE,0,2020-03-20T01:46:24Z,2020-03-20T01:46:24Z
UgxGQ7nzPW2QVmgC_fp4AaABAg,,False,@klairedy1148,Huhu gwapoOOoo,0,2020-03-20T01:45:41Z,2020-03-20T01:45:41Z
UgxoZ1hbhobJbowScdp4AaABAg,,False,@dynyz7,So nice😍😍,0,2020-03-20T01:45:29Z,2020-03-20T01:45:29Z
UgzkGdbzVEhEgB6dNd94AaABAg,,False,@anjarwidyastuti3166,"Knowing that this will be the last time we'll see SUHO before he enlist makes me cry in corner, let's support him with full of heart and strengh that we have..

WE ARE ONE, EXO, SARANGHAJA. 
OH I cry, I miss EXO :"")",492,2020-03-20T01:44:10Z,2020-03-20T01:44:10Z
UgzkGdbzVEhEgB6dNd94AaABAg.96PVgfjK5b696QIk3FUOgh,UgzkGdbzVEhEgB6dNd94AaABAg,True,@rajkumarishekhawat9,He's enlisting? When ?,0,2020-03-20T09:10:17Z,2020-03-20T09:10:17Z
UgzkGdbzVEhEgB6dNd94AaABAg.96PVgfjK5b696QLVdcmZqS,UgzkGdbzVEhEgB6dNd94AaABAg,True,@PYLithium,:(((,0,2020-03-20T09:34:23Z,2020-03-20T09:34:23Z
UgzkGdbzVEhEgB6dNd94AaABAg.96PVgfjK5b696QalaCztST,UgzkGdbzVEhEgB6dNd94AaABAg,True,@startcode5196,@@rajkumarishekhawat9 this 2020,0,2020-03-20T11:56:31Z,2020-03-20T11:56:31Z
UgzkGdbzVEhEgB6dNd94AaABAg.96PVgfjK5b696RDX8Z5kJv,UgzkGdbzVEhEgB6dNd94AaABAg,True,@afsananishat9292,Noooooo........,0,2020-03-20T17:43:56Z,2020-03-20T17:43:56Z
UgzkGdbzVEhEgB6dNd94AaABAg.96PVgfjK5b696RITjb-iA7,UgzkGdbzVEhEgB6dNd94AaABAg,True,@reji3393,But whyyyy😭😭😭😭😭😭😭,0,2020-03-20T18:27:09Z,2020-03-20T18:27:09Z
Ugy9jACJ9EWmcEQN_6p4AaABAg,,False,@عبيرالسبيعي-غ9ر,OMGGGGGGGG😳😳😳😳😳😳,0,2020-03-20T01:43:08Z,2020-03-20T01:43:08Z
UgyiEtA50meip4zdzRh4AaABAg,,False,@user-ln5eh5en1c,역시 김준면 멍멍 잘생김 아 ㅜㅜㅜ,0,2020-03-20T01:42:23Z,2020-03-20T01:42:23Z
UgzRrUgrNguK0d-Fcml4AaABAg,,False,@sitimariam4907,aaaaa serbuk berlian kuuu,0,2020-03-20T01:39:46Z,2020-03-20T01:39:46Z
UgzMHdYJVNWJYY2F2aF4AaABAg,,False,@marieltorres2838,Lo amo lpm,0,2020-03-20T01:39:23Z,2020-03-20T01:39:23Z
UgzxpGi77dnmNxBWeZ14AaABAg,,False,@ayudiahlestari619,Soft,0,2020-03-20T01:37:42Z,2020-03-20T01:37:42Z
UgyRbzDpmYtoPrBtwvd4AaABAg,,False,@hjevyfd203,Fiks Kok Papi Gua Gans Bet:') ❤️,0,2020-03-20T01:37:42Z,2020-03-20T01:37:42Z
Ugw9SiZdKyumujQvIaR4AaABAg,,False,@ayudiahlestari619,Ya Allah sayang ❤ semangat uri leader,0,2020-03-20T01:37:28Z,2020-03-20T01:37:28Z
UgxzvB4O1KHBXKz6esN4AaABAg,,False,@박유빈-f5x,노래 벌써좋다ㅜㅠㅠㅠㅠ,0,2020-03-20T01:37:05Z,2020-03-20T01:37:05Z
Ugzp530TKeHqrk-GCM54AaABAg,,False,@sanzziee,it's too aesthetic,0,2020-03-20T01:35:56Z,2020-03-20T01:35:56Z
UgzNJKxoIuCflfKmBp14AaABAg,,False,@mynini6521,URI LEADER,0,2020-03-20T01:34:59Z,2020-03-20T01:34:59Z
UgzNWUHcToaJdh6T7w14AaABAg,,False,@NadaZewail1999,EXO EXO EXO EXO EXO EXO EXO EXOEXO EXO EXO EXO EXO EXO EXO EXOEXO EXO EXO EXO EXO EXO EXO EXOEXO EXO EXO EXO EXO EXO EXO EXO,0,2020-03-20T01:34:33Z,2020-03-20T01:34:33Z
UgwNC4Wj0P7jrYVdtLF4AaABAg,,False,@NadaZewail1999,EXO EXO EXO EXO EXO EXO EXO EXOEXO EXO EXO EXO EXO EXO EXO EXO,0,2020-03-20T01:34:19Z,2020-03-20T01:34:19Z
Ugz9RD3GYSNF8eIRzB94AaABAg,,False,@NadaZewail1999,EXO EXO EXO EXO EXO EXO EXO EXOEXO EXO EXO EXO EXO EXO EXO EXO,0,2020-03-20T01:34:13Z,2020-03-20T01:34:13Z
UgxEgJa8JB_4awu0hiZ4AaABAg,,False,@nourax5798,بس خلاص واضح بيكسسسررررر الدددننننيييااااا,0,2020-03-20T01:33:40Z,2020-03-20T01:33:40Z
Ugz_AyjpiVa2c3b5s0N4AaABAg,,False,@ivyfairyines,😭😭❤️❤️❤️❤️❤️❤️,0,2020-03-20T01:33:39Z,2020-03-20T01:33:39Z
UgzEM0JiXYyCBv5KhRR4AaABAg,,False,@vw8086,หล่อเกินไปปปปปป ฮืออออ,0,2020-03-20T01:33:23Z,2020-03-20T01:33:23Z
UgwoxL5BGGrgbDgUBF94AaABAg,,False,@q8u8y,얼굴 대체 뭔데...? 잘생김에 끝이없구나..,1,2020-03-20T01:33:15Z,2020-03-20T01:33:15Z
Ugy8fGWjxt2RF76q8Yh4AaABAg,,False,@nananailiya,Gildang😭 ganteng bangettt siii bapak kapas,0,2020-03-20T01:32:48Z,2020-03-20T01:32:48Z
UgzzO80xBC-Enb5Ud1h4AaABAg,,False,@marii3168,EL MEJOR LÍDER OMGGGGG IM SO EXCITED :) I LOVE U❤️,0,2020-03-20T01:32:37Z,2020-03-20T01:32:37Z
UgxHHTUqpRDDGg8lKDl4AaABAg,,False,@nguyenthuong4394,"the best leader 
We are one
you are EXO, we are EXO-L",0,2020-03-20T01:32:26Z,2020-03-20T01:32:26Z
UgycsbZMzubSrpAExqd4AaABAg,,False,@javieracalfupan3154,Omaigat Suho es muy belloooo,0,2020-03-20T01:32:25Z,2020-03-20T01:32:25Z
UgzgI-y7Ur81adw48o54AaABAg,,False,@giskahajijah7237,🧡💋💋💋,0,2020-03-20T01:30:57Z,2020-03-20T01:30:57Z
UgxO-T2WIn8WKfPL7xJ4AaABAg,,False,@antonettejara1396,❤️❤️❤️,0,2020-03-20T01:30:19Z,2020-03-20T01:30:19Z
Ugzc3IJAIuiSUP6NZgB4AaABAg,,False,@yurichua9354,My 소후 😭😭 #EXO,0,2020-03-20T01:30:13Z,2020-03-20T01:30:13Z
Ugyd62qphgMIep4aaL54AaABAg,,False,@yurichua9354,Iloveyouuu huhu #EXO,0,2020-03-20T01:29:01Z,2020-03-20T01:29:01Z
UgyVTw60CKTWhdOjJrJ4AaABAg,,False,@prabhamhdw04,Suddenly my mood is up,0,2020-03-20T01:28:46Z,2020-03-20T01:28:46Z
UgzExONX-mSBj3RjXfp4AaABAg,,False,@yurichua9354,💘💘💘💘 #EXO,0,2020-03-20T01:28:45Z,2020-03-20T01:28:45Z
UgwnXPa9rqAuvsDLdBV4AaABAg,,False,@yhaeri2206,Épico ♥️,0,2020-03-20T01:27:56Z,2020-03-20T01:27:56Z
UgyokfUzHuZ9hL7wbFt4AaABAg,,False,@endangningrum2621,yey❤️✨,0,2020-03-20T01:23:00Z,2020-03-20T01:23:00Z
UgzWk644xbt7ZaxA6nd4AaABAg,,False,@joycemnrq2393,Babe I've been waiting this for so long. 😭💕,0,2020-03-20T01:21:39Z,2020-03-20T01:21:39Z
Ugz1AJj2DqK9JgYig614AaABAg,,False,@os.claudemn,"Can't wait for Suho's new mini album right now, but why 73 person dislike this. They're psycho.
(Fan Việt Nam) ngoi lên sửa lỗi chính tả giùm t TvT Có ai ở hội anh em nhà EXO không (#hội_những_con_người_huyền_bí)",0,2020-03-20T01:21:36Z,2020-03-20T01:21:36Z
UgzawsxqDVD_B7f4vbR4AaABAg,,False,@jeanr295,"Whenever there's a like, of course there's a dislike... But always remember, all the dislikes will achieve the person to pursue and to do a positive side.. Don't be angry,.. A million fans of EXO and SUHO will make them eat their own dislike.. 😁stay positive..  All EXO fans are kind.. No hate. Just love.",69,2020-03-20T01:20:48Z,2020-03-20T01:20:48Z
UgxeCcwO5WFdAbtTFl14AaABAg,,False,@whatsthepointoflivingifudo7310,It sounds so beautiful TT,0,2020-03-20T01:20:22Z,2020-03-20T01:20:22Z
Ugy7AiMMA5oa5trIzVZ4AaABAg,,False,@ไอ้ต้าวโควิดด,หล่อมากแม่😳 ไอ้ต้าวความรักก❤,0,2020-03-20T01:19:16Z,2020-03-20T01:19:16Z
Ugy7AiMMA5oa5trIzVZ4AaABAg.96PSqGbwy4a96PSuN_DpG9,Ugy7AiMMA5oa5trIzVZ4AaABAg,True,@zhor4272,"Natthaphon Thongchan اااااا
ض",0,2020-03-20T01:19:50Z,2020-03-20T01:19:50Z
Ugy7AiMMA5oa5trIzVZ4AaABAg.96PSqGbwy4a96PSvKBYiQ9,Ugy7AiMMA5oa5trIzVZ4AaABAg,True,@zhor4272,Natthaphon Thongchan اااااا,0,2020-03-20T01:19:57Z,2020-03-20T01:19:57Z
UgwaBn3ZYLC4t9CsJiR4AaABAg,,False,@nooremaaa7996,Sayangggg kamu ganteng bangetttt,0,2020-03-20T01:18:54Z,2020-03-20T01:18:54Z
Ugy61eR6H4co0Tf-aFt4AaABAg,,False,@PhuongAnhNguyenThi-gc1wl,"Suho 
Tiamo ❤️❤️❤️❤️❤️",0,2020-03-20T01:18:26Z,2020-03-20T01:18:26Z
UgxPxEO0Ha0wCF1LOvV4AaABAg,,False,@jeanr295,"When I see a good man,  a good leader,  a good friend, a good son,  I only see SUHO.... Such a wonderful creation.. Good luck for your singing career..  Hope someday, EXO will reunite.. For the meantime,  we love to support your solo..  Always be humble..",34,2020-03-20T01:17:53Z,2020-03-20T01:17:53Z
Ugz3K861f75lc-aD5HJ4AaABAg,,False,@jeanr295,"When I see a good man,  a good leader,  a good friend, a good son,  I only see SUHO.... Such a wonderful creation.. Good luck for your singing career..  Hope someday, EXO will reunite.. For the meantime,  we love to support your solo..  Always be humble..",13,2020-03-20T01:17:47Z,2020-03-20T01:17:47Z
Ugwz1nYTY35N1P5wojZ4AaABAg,,False,@jeanr295,"When I see a good man,  a good leader,  a good friend, a good son,  I only see SUHO.... Such a wonderful creation.. Good luck for your singing career..  Hope someday, EXO will reunite.. For the meantime,  we love to support your solo..  Always be humble..",0,2020-03-20T01:17:39Z,2020-03-20T01:17:39Z
Ugyam5vM3FNPuSDbzIB4AaABAg,,False,@isabelaargenia6167,abang kapas😘😘😘😘,0,2020-03-20T01:17:26Z,2020-03-20T01:17:26Z
Ugw-YIv0uSBdWCNVYeV4AaABAg,,False,@jeanr295,"When I see a good man,  a good leader,  a good friend, a good son,  I only see SUHO.... Such a wonderful creation.. Good luck for your singing career..  Hope someday, EXO will reunite.. For the meantime,  we love to support your solo..  Always be humble..",0,2020-03-20T01:17:25Z,2020-03-20T01:17:25Z
UgzWLjwDj6XENRn7T1t4AaABAg,,False,@septyahanung,This is beautifull,0,2020-03-20T01:16:59Z,2020-03-20T01:16:59Z
UgziUZx5Lv9y4velD7p4AaABAg,,False,@krisdo1831,suho visual 😍😍😍,0,2020-03-20T01:15:56Z,2020-03-20T01:15:56Z
UgxY5flidxvbOxkvln14AaABAg,,False,@jeanr295,"When I see a good man,  a good leader,  a good friend, a good son,  I only see SUHO.... Such a wonderful creation.. Good luck for your singing career..  Hope someday, EXO will reunite.. For the meantime,  we love to support your solo..  Always be humble..",0,2020-03-20T01:15:34Z,2020-03-20T01:15:34Z
UgzYgjZAJZlI0X_2WHp4AaABAg,,False,@liaaa9738,Mas kapas yang tampan,0,2020-03-20T01:15:31Z,2020-03-20T01:15:31Z
UgyMdnBdXo-_kBS4vgd4AaABAg,,False,@citlalyherrera3615,you are such a perfect angel♡♡♡,1,2020-03-20T01:14:05Z,2020-03-20T01:14:05Z
UgzNR1nswZmGhzcyCTJ4AaABAg,,False,@donalynsabanal8476,Best leader ever😍,0,2020-03-20T01:13:39Z,2020-03-20T01:13:39Z
Ugxqzs_a-XtRqrINvaF4AaABAg,,False,@citlalyherrera3615,my beautiful baby♡,1,2020-03-20T01:13:29Z,2020-03-20T01:13:29Z
UgxUf-hqa9CMMQdW6yx4AaABAg,,False,@biduIgi,uwah i can't wait😭😭 suho's my bias and this is the most anticipated I've been since the other members' solos! The instrumentation is so good 😍,0,2020-03-20T01:13:23Z,2020-03-20T01:13:23Z
Ugwxd2vCKFaRpYe8FSB4AaABAg,,False,@kikisvalenciacanales6516,"Sigo en la espera,  del album del hermoso SUHO 😍😍😍
Lista para escuchar su dulce voz 🥰🥰🥰
🇰🇷🙆‍♀️🙋‍♀️🇲🇽",0,2020-03-20T01:13:19Z,2020-03-20T01:13:19Z
UgxwXoP4vjCxqL51oWx4AaABAg,,False,@uswatunhasanah6046,I can't wait 😉😀,1,2020-03-20T01:13:14Z,2020-03-20T01:13:14Z
UgwppJCdfM8dgi2BKC94AaABAg,,False,@citlalyherrera3615,I love you!!!,1,2020-03-20T01:12:53Z,2020-03-20T01:12:53Z
UgwXtYYTGTjVExz4H8R4AaABAg,,False,@bungaazzahra7849,"Suhooo, im really miss you",0,2020-03-20T01:12:08Z,2020-03-20T01:12:08Z
UgzjJEquwsCRL7-qX754AaABAg,,False,@f.i8764,Kamu cubi sekarang😚,1,2020-03-20T01:11:48Z,2020-03-20T01:11:48Z
UgxcGcenL4xIt8aQfKB4AaABAg,,False,@Anj_Gie,Super proud of Leadernim. We love you!,0,2020-03-20T01:11:00Z,2020-03-20T01:11:00Z
UgwStBoh6Iuv1jaOhP94AaABAg,,False,@kariexol9294,"Baby bunny I love you❤
Stan EXO=stan talent",0,2020-03-20T01:08:13Z,2020-03-20T01:08:13Z
Ugxyt4_7mDCgOz4vb1N4AaABAg,,False,@rosadonoso6744,"Es muy SENXUAL y muy Guapo SUHO, realmente un muy buen Líder en EXO  , buena suerte mí corazón ♥ lo MERESES por ser perfecto. 💖",0,2020-03-20T01:07:13Z,2020-03-20T01:07:13Z
UgyRb3rbfxFhVUmFge14AaABAg,,False,@sheensheen96,كثير حلو 😭💖,0,2020-03-20T01:07:08Z,2020-03-20T01:07:08Z
UgwaLLf1qd1VR0ObQit4AaABAg,,False,@kaistan3834,Exo😘😘🥰💚💚💚💚💚🥰🥰🥰🥰😔💛💛💛💛💛💛💛💛💛💛😍😔,0,2020-03-20T01:07:06Z,2020-03-20T01:07:06Z
Ugx0CHq4wUARLZo-VH54AaABAg,,False,@kaistan3834,EXO,0,2020-03-20T01:06:44Z,2020-03-20T01:06:44Z
UgyI8oKYXdJ4U3aFmFd4AaABAg,,False,@kaistan3834,Wowo,0,2020-03-20T01:06:12Z,2020-03-20T01:06:12Z
UgzVrZvFmWFx0YuIKvt4AaABAg,,False,@kaistan3834,🐥😘🥰💚🥰😘😘🐥🐥🐥😔,0,2020-03-20T01:06:00Z,2020-03-20T01:06:00Z
UgwaQ5nhUdYUHrW9Xb54AaABAg,,False,@kaistan3834,Hihi,0,2020-03-20T01:05:53Z,2020-03-20T01:05:53Z
UgyIRH9dFfGFzNrGzWZ4AaABAg,,False,@kaistan3834,Wow💚💚💚💚💚🥰🥰🥰🥰🥰🥰😘😘😘😘😘😘😘🐥🐥🐥🐥🐥,0,2020-03-20T01:05:47Z,2020-03-20T01:05:47Z
Ugy14_PqaBS2OQRReTJ4AaABAg,,False,@도리-i6l,감미로워 분위기가 진짜 미친다 준면아 너무너무 사랑해 💗,0,2020-03-20T01:03:35Z,2020-03-20T01:03:35Z
Ugyo-WZ7nnLibwaW5xh4AaABAg,,False,@blight3986,김준면 사랑해........,0,2020-03-20T01:01:59Z,2020-03-20T01:01:59Z
Ugy_mQLsHztEX7maB8N4AaABAg,,False,@brennathecatlover4360,I got kick it mv for the ad before the video 😂,0,2020-03-20T01:01:28Z,2020-03-20T01:01:28Z
UgyxD8d8ufhPJqznUMR4AaABAg,,False,@TT-cj3zp,*I'm so proud of you Suho~ya*,0,2020-03-20T01:01:17Z,2020-03-20T01:01:17Z
UgzC2o3-2uMMorL-mkJ4AaABAg,,False,@TT-cj3zp,*You're amazing baby*,0,2020-03-20T01:00:56Z,2020-03-20T01:00:56Z
Ugxonad7NMdrNMWiQxV4AaABAg,,False,@Baekku_,Soooo aesthetic sooooooo much.... I hope on the day of release all exol will able to unit to support bunny leader,0,2020-03-20T01:00:26Z,2020-03-20T01:00:26Z
UgyR64ultvVh65DgGq14AaABAg,,False,@changxiofficial3484,"It's like a special bond between EXO and EXOL, like seeing them achieve something, feels so fulfilling.",7,2020-03-20T00:59:47Z,2020-03-20T00:59:47Z
UgzU-6UtGu97aAH9Xrd4AaABAg,,False,@b00ngS2,짱이야 준묜어 ㅠㅠㅠㅠㅠ,0,2020-03-20T00:58:53Z,2020-03-20T00:58:53Z
Ugza7t38ndKG4hRSUkl4AaABAg,,False,@defynurafinda2884,"Ketampanan hakiki :"" Can't wait!",0,2020-03-20T00:58:26Z,2020-03-20T00:58:26Z
Ugz5oa_oZ3QcvnWCapF4AaABAg,,False,@babibam9157,กริ๊ดดดดดดดดดด ชั้นรักเขา,0,2020-03-20T00:58:16Z,2020-03-20T00:58:16Z
Ugxf1h590RDxdBWEZ-l4AaABAg,,False,@chillm3081,What a beautiful and talented man he is! Whew! ❤,1,2020-03-20T00:58:14Z,2020-03-20T00:58:14Z
UgxmZpYIgtmHThfMUGd4AaABAg,,False,@concepcionlaguna3204,Congrats my Idol and Good luck😘😘😘,0,2020-03-20T00:58:12Z,2020-03-20T00:58:12Z
UgziBWIjtQjgpR9WKuN4AaABAg,,False,@권이와-u2k,준면아 니가 나라다,0,2020-03-20T00:57:05Z,2020-03-20T00:57:05Z
UgyvArPV9Hf3mdSixHd4AaABAg,,False,@sonlinhang441,Beautiful ❤️❤️❤️,0,2020-03-20T00:54:55Z,2020-03-20T00:54:55Z
UgzSUvUoKUhTEy2bweZ4AaABAg,,False,@ysmysm9649,So exited !!!,0,2020-03-20T00:53:36Z,2020-03-20T00:53:36Z
UgzRmyPTYLMq6q3THbt4AaABAg,,False,@jasmineorbon8940,❤❤❤❤❤❤❤,0,2020-03-20T00:53:04Z,2020-03-20T00:53:04Z
Ugwys5gCaND53e_xoOZ4AaABAg,,False,@lover0522,He's indeed an art,0,2020-03-20T00:52:18Z,2020-03-20T00:52:18Z
Ugzv5tb8jRnnRdXdiDR4AaABAg,,False,@mamamoonlight101,such a daddy material. super handsome daddy!,0,2020-03-20T00:51:23Z,2020-03-20T00:51:23Z
UgzFbZRQ6hOZAPd-N4h4AaABAg,,False,@xIsaacmh,q bien se escucha puta madre,0,2020-03-20T00:50:52Z,2020-03-20T00:50:52Z
UgxAKB7lRqU4So3SYQx4AaABAg,,False,@권나니,윤하 피쳐링이라니ㅜㅜㅜ,1,2020-03-20T00:49:38Z,2020-03-20T00:49:38Z
Ugw8sFaQRZOhvT2BuAp4AaABAg,,False,@deysihenrriquez9243,Perfection😍,0,2020-03-20T00:49:28Z,2020-03-20T00:49:28Z
UgwaRx0aQM2jLcJ5RTp4AaABAg,,False,@SR-wb8vu,"Divino, precioso, riquísimo, sabroso hermoso, perfecto, agradable de ver magnífico, estupendo, espléndido, radiante, bello, bonito, lindo, agraciado, precioso, majo, guapo, galan, atractivo, agraciado, apuesto, ostentoso.",1,2020-03-20T00:48:39Z,2020-03-20T00:48:39Z
UgwxqR6jTD5v3rY_imt4AaABAg,,False,@amyissupercool,modern rock KING,0,2020-03-20T00:47:09Z,2020-03-20T00:47:09Z
Ugzco9GE0__CiB2Na7J4AaABAg,,False,@lia9918,The most gorgeous man... 💎💎💎,1,2020-03-20T00:47:05Z,2020-03-20T00:47:05Z
UgxGNuMKav5THBN4d4x4AaABAg,,False,@EXOLSARA,اخخ love song and you💞💞💞💞🔥😭,7,2020-03-20T00:46:11Z,2020-03-20T00:46:11Z
UgxGNuMKav5THBN4d4x4AaABAg.96PP2zxWzd096RDsCVvbFq,UgxGNuMKav5THBN4d4x4AaABAg,True,@ayla1756,احذفي الايموجي بليز,1,2020-03-20T17:46:56Z,2020-03-20T17:46:56Z
Ugy6DeGmPcTdvCt3I7Z4AaABAg,,False,@virafebriyanti2028,Suho Suho Suho,0,2020-03-20T00:45:57Z,2020-03-20T00:45:57Z
UgzQZxleSQJ_zJ0Gyux4AaABAg,,False,@SR-wb8vu,HERMOSOOOO,0,2020-03-20T00:44:09Z,2020-03-20T00:44:09Z
UgzoSq48v88qwt1T2ip4AaABAg,,False,@SR-wb8vu,TE AMO KIM JUNMYEON CASATE CONMIGO,0,2020-03-20T00:43:51Z,2020-03-20T00:43:51Z
UgzovG_FWkBb-QwT5w94AaABAg,,False,@SR-wb8vu,MIAMORRRRRRRR,0,2020-03-20T00:43:39Z,2020-03-20T00:43:39Z
UgwcXCCXBC3MvlKrH9h4AaABAg,,False,@lxxxy-777,와꾸 맛집이야 여기;;; young어 안 섞으면 위로 안 올려주겠지 김준면sa랑한다;;,0,2020-03-20T00:42:28Z,2020-03-20T00:42:28Z
UgzPydZHXHJXK8PubvV4AaABAg,,False,@sucikili4073,YESSS BABYYYYY I LOVE YOU,0,2020-03-20T00:41:29Z,2020-03-20T00:41:29Z
UgwzZcYk2KeMU39yK0R4AaABAg,,False,@beebaee1302,ㅠㅠㅠ,0,2020-03-20T00:40:30Z,2020-03-20T00:40:30Z
UgwZ1K19OXuC-Ugakn14AaABAg,,False,@nenglisdahs5981,When i see you ... I remember sehuniee,0,2020-03-20T00:40:19Z,2020-03-20T00:40:19Z
UgypYTOap45-ekYoORB4AaABAg,,False,@agniarisya5787,Saranghaja,0,2020-03-20T00:37:42Z,2020-03-20T00:37:42Z
UgwgiKI9FXb_M0aaUcl4AaABAg,,False,@bismaalin7253,Pusinggg,0,2020-03-20T00:35:03Z,2020-03-20T00:35:03Z
UgwpVCrEtIPobTwAzTV4AaABAg,,False,@bismaalin7253,Ganteng bat,0,2020-03-20T00:34:57Z,2020-03-20T00:34:57Z
Ugyswt3Jw8mSKB4COTB4AaABAg,,False,@katherineconsuegra9642,Mi vida te voy a apoyar mucho!!!♡,0,2020-03-20T00:34:24Z,2020-03-20T00:34:24Z
UgyeQDl6q4pQgz1jnfp4AaABAg,,False,@user-pg5cn7uf6n,"you're so beautiful, can't wait to hear the album and hold it in my hands",1,2020-03-20T00:32:55Z,2020-03-20T00:32:55Z
UgygQPEPxk_xeZisWiJ4AaABAg,,False,@سارة-ض7ق5ن,سوهو يجنن وسيييم مره😭💘💘,0,2020-03-20T00:30:41Z,2020-03-20T00:30:41Z
UgwL5qTEc4W9wyXffv94AaABAg,,False,@danaeacosta9366,Omg! Can't wait❤❤❤❤❤,0,2020-03-20T00:30:23Z,2020-03-20T00:30:23Z
UgxLn5SoZRyl51BJf8B4AaABAg,,False,@jenny98275,Wow se ve hermoso ya no puedo esperar más 🥰😍,0,2020-03-20T00:28:56Z,2020-03-20T00:28:56Z
UgxycbasSUuC-zKVNO54AaABAg,,False,@zakiabrari901,Ganteng banget ga kuat,0,2020-03-20T00:28:15Z,2020-03-20T00:28:15Z
UgzMiacKYoJqNVpj2Zd4AaABAg,,False,@noirv512,TE AMO DIOSSSSSSSS,0,2020-03-20T00:27:24Z,2020-03-20T00:27:24Z
UgwvikLgWGHtwI8bZgl4AaABAg,,False,@danielamichel1079,Suho es un dios,0,2020-03-20T00:27:22Z,2020-03-20T00:27:22Z
UgyWS7oqihYNwcCDjhB4AaABAg,,False,@danielamichel1079,Me emociona mucho,0,2020-03-20T00:27:07Z,2020-03-20T00:27:07Z
UgyroHuuV4ll55R0f5N4AaABAg,,False,@shannminpark7262,I cant describe what am i feeling..... itss soooooo    EEVVEERRRYYYTTHHHIIINNNGGG,2,2020-03-20T00:25:54Z,2020-03-20T00:25:54Z
Ugwj62nrOWHJkFB2P4x4AaABAg,,False,@zaliantiarianiputri9396,Fighting,0,2020-03-20T00:24:44Z,2020-03-20T00:24:44Z
UgwinQGobD0TshPlBHh4AaABAg,,False,@anaclaudiatrindade3307,LINDEZA DA MINHA VIDA QUE EU AMO MUITO!,0,2020-03-20T00:24:28Z,2020-03-20T00:24:28Z
UgyEN3gWBTKkJ1ju1tZ4AaABAg,,False,@novitanov08,"You look very handsome,,, hwaiting oppa",0,2020-03-20T00:23:44Z,2020-03-20T00:23:44Z
UgxL5vIGFwpMj1I4YW94AaABAg,,False,@edylorraine4402,I feel like a proud mom🥺❤️,0,2020-03-20T00:21:58Z,2020-03-20T00:21:58Z
Ugy99rLDlBj5u2bFAnJ4AaABAg,,False,@Sunflower-vs8ww,Vote Suho on idol champ guys,0,2020-03-20T00:21:08Z,2020-03-20T00:21:08Z
Ugz7SWEMc_4ipbKv8BZ4AaABAg,,False,@lana-ef5hw,so excited oh my god,0,2020-03-20T00:18:52Z,2020-03-20T00:18:52Z
UgwhOttJCr6kdj4e_Jl4AaABAg,,False,@MuMu-kz7tx,SUHO  ！！！！！！！！I love you!!!!!!!!!,0,2020-03-20T00:18:21Z,2020-03-20T00:18:21Z
UgxGYnRdjRIKBtbrLiJ4AaABAg,,False,@jessa1182,"We know that this solo album of our leader is for his enlistment, but there's apart on me that excited to release this!! 🐰❤️❤️",16,2020-03-20T00:15:07Z,2020-03-20T00:15:07Z
Ugy9grdK6-R5Sj5lqGZ4AaABAg,,False,@Starvya7,Waaaaa,1,2020-03-20T00:14:49Z,2020-03-20T00:14:49Z
UgxAYBc5Tc9K2PgGlRF4AaABAg,,False,@aericaratland_5620,Suho,1,2020-03-20T00:13:47Z,2020-03-20T00:13:47Z
UgyqqBoi7t4SKtLWSqN4AaABAg,,False,@긴-p8g,0:00~0:36 안구정화 시간,0,2020-03-20T00:12:53Z,2020-03-20T00:12:53Z
UgzY9fkjnYEsgiQD8Sp4AaABAg,,False,@dianferanika1000,I LOVE YOU BABY,0,2020-03-20T00:12:33Z,2020-03-20T00:12:33Z
UgwrcIAG_GAsQBFO9ER4AaABAg,,False,@mikamieru9093,When xiumin and D.O will come back T_T,0,2020-03-20T00:11:01Z,2020-03-20T00:11:01Z
UgxzR5-9JgVPBUPQQPR4AaABAg,,False,@dinapaniaguaocampo1225,TE AMOOOOOOOOO  DEMASIADOOOOO,0,2020-03-20T00:10:46Z,2020-03-20T00:10:46Z
Ugy5CgP0Gy_0JtcI_RB4AaABAg,,False,@hasnaseptisahirah,you make me scream mashaallah,0,2020-03-20T00:10:22Z,2020-03-20T00:10:22Z
UgzuSAh_YrEtl80XAy94AaABAg,,False,@hasnaseptisahirah,this aesthetic mann,0,2020-03-20T00:09:58Z,2020-03-20T00:09:58Z
UgyBlSBgJNnwQdxRiNp4AaABAg,,False,@윤희준-n1k,cotton god~~~~,0,2020-03-20T00:09:35Z,2020-03-20T00:09:35Z
Ugwv9Xro4xK7Uxd99S14AaABAg,,False,@anggiegomez703,#EXO #Obsession #weareoneEXO #SUHO one of the best leaders😍😍,0,2020-03-20T00:08:47Z,2020-03-20T00:08:47Z
Ugw6M5r3S75I_Vktwcd4AaABAg,,False,@yasala5006,Love love love,0,2020-03-20T00:07:33Z,2020-03-20T00:07:33Z
UgyFnzVXczuVgBqEvah4AaABAg,,False,@생크림-h1r,댓글을 아니달수없다  정말 얼굴이 예술이네,3,2020-03-20T00:06:16Z,2020-03-20T00:06:16Z
UgzSHu1pDEV_XmZD9tF4AaABAg,,False,@chintyasherly4570,i love you so muchh junmyeonn❤❤,0,2020-03-20T00:05:39Z,2020-03-20T00:05:39Z
UgwyVHF0sdIrk9q68XV4AaABAg,,False,@jaquelyn8572,You are so beautiful Leadernim❤️🐰,0,2020-03-20T00:05:12Z,2020-03-20T00:05:12Z
Ugy1jaBqIRkWe90eIqx4AaABAg,,False,@BaekHyunMine,hwaiting uri leader😘😘🙌🙌,0,2020-03-20T00:05:02Z,2020-03-20T00:05:02Z
UgzW3dIJ540HT9s0e2Z4AaABAg,,False,@rarasyuliaaskar6216,와우 잘 생겼어❤️,0,2020-03-20T00:04:17Z,2020-03-20T00:04:17Z
UgyYnfh0a88prH-nsnR4AaABAg,,False,@ME-em8fh,내 남편^^😍😁❤,0,2020-03-20T00:03:14Z,2020-03-20T00:03:14Z
UgwxLQsWxqvcbgO4k3d4AaABAg,,False,@nanyeol9716,حرييييييقه بيكون,0,2020-03-20T00:02:59Z,2020-03-20T00:02:59Z
Ugw1GSDdLxTSTAR5jDt4AaABAg,,False,@naomibngaa,guwa gatau lo ngapain tapi tetep aja lo ganteng anying,0,2020-03-20T00:01:41Z,2020-03-20T00:01:41Z
UgzpK_4BP2X8Sioll3V4AaABAg,,False,@turaturatura,SUHO,0,2020-03-20T00:01:24Z,2020-03-20T00:01:24Z
Ugxl_TyBsiluy7dS-594AaABAg,,False,@ranimuplih6410,Gila sumai gw ganteng bet parahhhhh,0,2020-03-20T00:00:51Z,2020-03-20T00:00:51Z
Ugxpy9Fy0cHnKzQBYol4AaABAg,,False,@tiaraapputri2539,Mas kapas kesayanganque🔥💙,0,2020-03-20T00:00:42Z,2020-03-20T00:00:42Z
Ugwt2Ib0zkPIS88DaQh4AaABAg,,False,@강예린-v9o,썸네일이 예술이야 ㅠㅠㅠ 진짜 영상 처음부터 끝까지 아름답지 않은 것이 없다 그것이 바로 수호 김준면 그 자체. BEAUTIFUL,1,2020-03-19T23:58:36Z,2020-03-19T23:58:36Z
UgwKeLIQgJV2ZGHuoAh4AaABAg,,False,@shirinrahmati7451,❤❤❤😍😍😍,0,2020-03-19T23:58:06Z,2020-03-19T23:58:06Z
Ugwqtm8EBRmXSj1Ivdl4AaABAg,,False,@intannls,Love you leader❤️,0,2020-03-19T23:54:29Z,2020-03-19T23:54:29Z
UgzYW-ikqrAoGrdyxuB4AaABAg,,False,@niight_stay,I am so ready for this album and my crying,0,2020-03-19T23:53:21Z,2020-03-19T23:53:21Z
UgyX93mzsKw0HHJIqSF4AaABAg,,False,@ifalatifah1,😍💕,0,2020-03-19T23:52:25Z,2020-03-19T23:52:25Z
UgxgO4NHtMYyeBUa0IF4AaABAg,,False,@talialeon9,"To have finally his first Solo album, I am so emotional. He's the URI LEADER, the one who through it all was there for EXO and EXO Ls. The one who had to be strong and be the pillar of the group so the other members would have a sense of security and stability. God knows how tough it was or the burden he had to carry on throughout the years without ever showing it. He has always had this smile and love for all us. I'm forever grateful Suho, and I'm so proud of you. You're the most selfless person in this world. A true gem for humanity. Thank you. We got your back hun, never doubt that!",12,2020-03-19T23:51:08Z,2020-03-19T23:52:01Z
Ugx_tSFpCKVo7AbAMWB4AaABAg,,False,@twilightu,ابي ابُوس كل الشمات الموجودة في وجهه تكفووون,4,2020-03-19T23:50:53Z,2020-03-19T23:50:53Z
UgxuqeYQW57CQyF1pld4AaABAg,,False,@avrilxie7510,Junmyeon es demasiado hermoso.,1,2020-03-19T23:50:39Z,2020-03-19T23:50:39Z
UgzeUzQnGKgORToTfLV4AaABAg,,False,@ericagelomio7335,😍😍,0,2020-03-19T23:48:57Z,2020-03-19T23:48:57Z
UgxCYhG1Dei7BZ2di-p4AaABAg,,False,@ifaniK50,How can you dislike video an of angel?,0,2020-03-19T23:48:23Z,2020-03-19T23:48:23Z
UgzGO-VV379IXRclAYt4AaABAg,,False,@maryexomyhappypill1195,pogi naman this boy...#deserved I love you mamaSuho,0,2020-03-19T23:47:24Z,2020-03-19T23:47:24Z
UgwdpY-KmU5arDt4hhp4AaABAg,,False,@mimiyou4359,Leader suho ❤,0,2020-03-19T23:47:02Z,2020-03-19T23:47:02Z
UgxHQ8sk4Wj_LeRpyO94AaABAg,,False,@iwant402,오 Mi친 존Na 잘생겼어 he is Korean. You know? Bu럽지 난 같은 나Ra에 태어났Da구.,0,2020-03-19T23:45:43Z,2020-03-19T23:45:43Z
UgywBG3XVNUzz0zrIZJ4AaABAg,,False,@angel_firelightsy1537,So proud of you our great leader Suho...we'll be with you no matter what happens and whatever you guys decide later on. EXO! WE ARE ONE! SARANGHAJA!!!,0,2020-03-19T23:42:34Z,2020-03-19T23:42:34Z
Ugw1sjdjpr6aGUbpj814AaABAg,,False,@happysmileworld,I am so excited,0,2020-03-19T23:42:17Z,2020-03-19T23:42:33Z
UgzspaNPfEbchROobiV4AaABAg,,False,@ikram614_exo,"Love you suho 
Love you EXO",0,2020-03-19T23:41:59Z,2020-03-19T23:41:59Z
UgzWmE3OMdBMrr7LnUh4AaABAg,,False,@angelineumali4651,Visuals,0,2020-03-19T23:41:46Z,2020-03-19T23:41:46Z
UgwSZQ4wRGsZ9nQSAb94AaABAg,,False,@kristienrandalabi6159,love so much,0,2020-03-19T23:41:20Z,2020-03-19T23:41:20Z
UgxTK25a9yPfYYoTtp14AaABAg,,False,@nctscarat,he's incredibly beautiful in every single way ♡,2,2020-03-19T23:39:20Z,2020-03-19T23:39:20Z
Ugw4pc_UOkI2AMdw4b94AaABAg,,False,@chancealmero1419,suho fckin gorgeous human being,0,2020-03-19T23:35:33Z,2020-03-19T23:35:33Z
Ugy-0Rv2Pw7P_wU3EgN4AaABAg,,False,@marioliveira9179,Art🐰❤,0,2020-03-19T23:33:58Z,2020-03-19T23:33:58Z
Ugwc6eOO8Vzzigm1BCx4AaABAg,,False,@lordohsehun8512,القائد القطنة,0,2020-03-19T23:32:40Z,2020-03-19T23:32:40Z
Ugx5sEHeeo9IzHZ6rMV4AaABAg,,False,@KLili__1070,Arab exo-l.,0,2020-03-19T23:29:57Z,2020-03-19T23:29:57Z
UgzqVVbGw2D_sbm8ySd4AaABAg,,False,@KLili__1070,Iove u suho.,0,2020-03-19T23:29:45Z,2020-03-19T23:29:45Z
UgxUA2DiK1C9VPRsxrd4AaABAg,,False,@뇽묭용,얼굴 미쳤다. 오빠 얼굴이 나라고 복지죠..,0,2020-03-19T23:29:41Z,2020-03-19T23:29:41Z
Ugx2-NQhwLzsrR8yuvd4AaABAg,,False,@KLili__1070,WOW.,0,2020-03-19T23:29:33Z,2020-03-19T23:29:33Z
Ugyd0yLfOdvRuSJLvGN4AaABAg,,False,@승택깅-v1o,어린왕자같기도하고.. 그냥 김준면 사랑해,3,2020-03-19T23:28:56Z,2020-03-19T23:28:56Z
Ugy5vQWNTFi8WVi5B9h4AaABAg,,False,@iu5933,"Thankyou so much for sharing exo 🙏
#suho_selfieportrait #weareoneEXO #EXOonearewe",0,2020-03-19T23:28:51Z,2020-03-19T23:28:51Z
UgwlcZZgpq0gNiEptWV4AaABAg,,False,@baconyeolie,oh god it already sounds so emotional,0,2020-03-19T23:28:48Z,2020-03-19T23:28:48Z
UgxsHfthvtPWEi9dWxt4AaABAg,,False,@iu5933,"thanks to be our leader junma 
we are so excited for your album
we are here to believe in you and support you,, i will always the Best Leader king exo 👑 ⭐ ❤️",0,2020-03-19T23:27:53Z,2020-03-19T23:27:53Z
Ugyn-tMAB-vveIdBoFZ4AaABAg,,False,@triariane6592,Serbuk berliannya terpampang nyata!!! #exo #suho,0,2020-03-19T23:26:58Z,2020-03-19T23:26:58Z
Ugz5HtF5J-RrrAeySpR4AaABAg,,False,@yiyuu1891,Huu suho bakalan wamil😭😭😭,0,2020-03-19T23:23:45Z,2020-03-19T23:23:45Z
UgwyyGOMoTvRoIBrpdB4AaABAg,,False,@aidamutia602,Already like the melody 😭😭😭❤❤❤❤,0,2020-03-19T23:23:16Z,2020-03-19T23:23:16Z
UgzXo8tdMbYSnSYMMpF4AaABAg,,False,@hhhnhhyuu5762,وخرو عني تراني احب واعشق واموت ع سوهو:(,0,2020-03-19T23:20:57Z,2020-03-19T23:20:57Z
Ugx7_TKPKqu3cQQfiYt4AaABAg,,False,@muliawattywatty6532,suka ganteng,0,2020-03-19T23:19:24Z,2020-03-19T23:19:24Z
UgxYGAymTFDwbRgSJKh4AaABAg,,False,@Lal-7f9o,حسبتها السولو الأصلي شوي وأبكي 😭😭💛💛💛💛,11,2020-03-19T23:17:25Z,2020-03-19T23:17:25Z
UgyONsJmiU2X0vu2OhZ4AaABAg,,False,@sitiafrida2641,Ganteng bgt yawloh,0,2020-03-19T23:16:37Z,2020-03-19T23:16:37Z
UgxPOW5WYYkaOyXD21N4AaABAg,,False,@retnon.j6284,Beningnyaaa....,0,2020-03-19T23:15:06Z,2020-03-19T23:15:06Z
Ugw7nJhLClH-l8_yEcd4AaABAg,,False,@katsushisuzumoto6660,"Uhh, I’m so exited! (^ o ^)",0,2020-03-19T23:15:03Z,2020-03-19T23:15:03Z
Ugw-xNarF1egapyV-Hx4AaABAg,,False,@Astrawberryma,💓💓💓💓💓💓🔥,0,2020-03-19T23:14:54Z,2020-03-19T23:14:54Z
Ugyxq4Kb8MjZUkyY07B4AaABAg,,False,@exochanyeolbad159,I love you so much for ever  soho,0,2020-03-19T23:13:55Z,2020-03-19T23:13:55Z
UgzwWhdgefH8hbuKoaN4AaABAg,,False,@frb285,الحماس لها الف,0,2020-03-19T23:13:54Z,2020-03-19T23:13:54Z
Ugy-62lbf5cD-5BZk1x4AaABAg,,False,@frb285,الاغنيه بتطلع تحفة فنيه ما تتكرر,0,2020-03-19T23:13:47Z,2020-03-19T23:13:47Z
UgwNyGT2B39O2Ta4aJR4AaABAg,,False,@SitiKasiani,Tampan sekaleeeeeeeeehh,0,2020-03-19T23:13:36Z,2020-03-19T23:13:36Z
UgyDUzIg3-0pRGsYebh4AaABAg,,False,@frb285,يارباههه ع الجمال,0,2020-03-19T23:13:34Z,2020-03-19T23:13:34Z
UgzvS4PJcfH3n24QLTJ4AaABAg,,False,@heyyitskg,How can Junmyeon be this handsome? He's so... soft. 🥺,2,2020-03-19T23:13:18Z,2020-03-19T23:13:18Z
UgzIkDuchlXvJQt3CWZ4AaABAg,,False,@gtfosakiba,IM SO HAPPY🥺🥺😭,0,2020-03-19T23:12:45Z,2020-03-19T23:12:45Z
UgzcNwL5j7hQr0mAJrh4AaABAg,,False,@shoug4153,im dyiiiiiiiinnngg caaaaant waiiit,1,2020-03-19T23:12:00Z,2020-03-19T23:12:00Z
Ugw2n8RyzMz2peBCFYV4AaABAg,,False,@Parkocheng,Piiihhh lama bgt sih MV nya:( penasaran iniiii... Tapi papih ganteng banget sungguh kek lukisan💞😍,0,2020-03-19T23:09:50Z,2020-03-19T23:09:50Z
Ugx1E_TxbX70PTky6WF4AaABAg,,False,@weareoneexol1437,😍😍😍😍😍😍,1,2020-03-19T23:08:53Z,2020-03-19T23:08:53Z
UgzXMXb3jK3XtavoshR4AaABAg,,False,@xuyiyang3823,So exciteeeed!,0,2020-03-19T23:07:34Z,2020-03-19T23:07:34Z
UgwA-9qVEgM2JnH0DFl4AaABAg,,False,@oneloveyoonmin,SEN HAYIRDIR BU KADAR YAKIŞIKLI OLMUŞSUN ?!!!,0,2020-03-19T23:06:47Z,2020-03-19T23:06:47Z
UgzF-S2HJHXsF7gNFBJ4AaABAg,,False,@waodemaratunsholiha401,Love you,0,2020-03-19T23:06:23Z,2020-03-19T23:06:23Z
UgxeFnaQv-E4kOZW-kF4AaABAg,,False,@roaxo3381,"Handsome, cute, gorgeous, perfect, perfect, perfect, brave, brave, unspeakable.",1,2020-03-19T23:04:50Z,2020-03-19T23:04:50Z
UgzivmnIA9LNVj9nDCF4AaABAg,,False,@raelyndaily,I can't wait !!! quickly release this song !!!,1,2020-03-19T23:03:34Z,2020-03-19T23:03:34Z
Ugw4_tz6thGwziPF8X14AaABAg,,False,@fatemesheibani9231,OMG.... I love it,0,2020-03-19T23:02:58Z,2020-03-19T23:02:58Z
UgxOcvrf8z67uVC0Eht4AaABAg,,False,@fatemesheibani9231,OMG.... I love it,0,2020-03-19T23:02:57Z,2020-03-19T23:02:57Z
UgyfMsIFzN-Q5IJ48Ed4AaABAg,,False,@floiris_,PODE VIM REI,0,2020-03-19T23:02:01Z,2020-03-19T23:02:01Z
Ugz-W5St9AMWh8SPdXN4AaABAg,,False,@liayuliana181,😭💜💜💜,0,2020-03-19T22:59:34Z,2020-03-19T22:59:34Z
Ugx406iJAnPkik8kAWt4AaABAg,,False,@김달비-k3b,아...김준면....,0,2020-03-19T22:59:28Z,2020-03-19T22:59:28Z
Ugwg7g1wyR5bgUk2fLB4AaABAg,,False,@beominiiii,진입 1위 가야돼 진짜,1,2020-03-19T22:59:16Z,2020-03-19T22:59:16Z
UgwookAo5JBFsy_QtsF4AaABAg,,False,@mayumishimogaki7303,BAT ANG GWAPO HUHU,0,2020-03-19T22:58:58Z,2020-03-19T22:58:58Z
Ugy_WE1aMiGTbZQAKEF4AaABAg,,False,@AgusWahyudi-vf5it,ALLAHU AKBAR!!!!😭💓💕,0,2020-03-19T22:56:48Z,2020-03-19T22:56:48Z
UgyAbgScXu7kfo5qrx94AaABAg,,False,@erierjnk1940,We're in heaven. Exol,0,2020-03-19T22:53:26Z,2020-03-19T22:53:26Z
UgwTgXDJZWosQ8zv9qt4AaABAg,,False,@poisonaga,"Love of my life, i’m so proud of you ❤️",0,2020-03-19T22:52:33Z,2020-03-19T22:52:33Z
UgzvwK2-hpgrik9A-UV4AaABAg,,False,@rorosandy9718,*the* *kings*  *leader*,0,2020-03-19T22:52:10Z,2020-03-19T22:52:10Z
UgydNtNQSCq0y-2Yz6t4AaABAg,,False,@veronikalestary2542,So glow ngalahin produk glow lainnya😁,0,2020-03-19T22:51:41Z,2020-03-19T22:51:41Z
UgyoqviYgNDWCO_a-yB4AaABAg,,False,@ianmaunonton,visual nya gk main main co,0,2020-03-19T22:51:03Z,2020-03-19T22:51:03Z
UgzoonNeH6cl-AQ7a3N4AaABAg,,False,@張藝興的小蜜蜂,My leader go!!!!!,0,2020-03-19T22:50:44Z,2020-03-19T22:50:44Z
Ugw2j7esiAPCPt2JuRR4AaABAg,,False,@lissandrocortesrojas155,😘😍💖,0,2020-03-19T22:50:10Z,2020-03-19T22:50:10Z
UgwBMx2bI02DAVL8o8N4AaABAg,,False,@eri-yaal6289,An angel,0,2020-03-19T22:48:18Z,2020-03-19T22:48:18Z
UgzKjSnGZ799jBjJrfx4AaABAg,,False,@016_kadekrenithasafitri5,😍😍♥️♥️😘😘🥰🥰,0,2020-03-19T22:47:49Z,2020-03-19T22:47:49Z
UgzTk2RKyZVz30vyD0p4AaABAg,,False,@arlenep07,Love u ❤️❤️❤️❤️,0,2020-03-19T22:46:13Z,2020-03-19T22:46:13Z
UgzLqPWFM20CHV-edAB4AaABAg,,False,@teddibaers8809,i. cant wait 😭💜,0,2020-03-19T22:44:52Z,2020-03-19T22:44:52Z
Ugwswmg_Udiz_iqonL94AaABAg,,False,@madelineread3742,He’s coming for wigs baby,0,2020-03-19T22:43:31Z,2020-03-19T22:43:31Z
UgyS9puFycCjY2AaO_54AaABAg,,False,@suzimontecruz1578,"O que vale a pena ter, vale a pena esperar! Parabéns Suho por mais este sucesso em sua vida! Te amo!!",1,2020-03-19T22:43:15Z,2020-03-19T22:43:15Z
Ugw79HSf_bgYSZe5Dx14AaABAg,,False,@seokangjoon5037,"My god , you'r voice is great and an angel . you'r really handsome when i hear you'r voice . I feel comfortable 🥺",1,2020-03-19T22:42:08Z,2020-03-19T22:42:08Z
UgyfEWVmdMO7YZV__0d4AaABAg,,False,@asahikunnnn,I'm so proud of you.,0,2020-03-19T22:41:53Z,2020-03-19T22:41:53Z
UgwDvKlLBZJOnPl2xVB4AaABAg,,False,@2fangirl_kboys,Waow,0,2020-03-19T22:41:47Z,2020-03-19T22:41:47Z
UgxneZ0efpqr4lL1tl94AaABAg,,False,@aitanapolo4075,This is gonna be gold,0,2020-03-19T22:41:42Z,2020-03-19T22:41:42Z
Ugw2PKKB05aymmSizvl4AaABAg,,False,@resendizalejandra7898,"MY BIAS IS ART 💚🥰 
I'M PRETTY SURE THAT HE'S GONNA KILL US 🙌🏻",1,2020-03-19T22:41:15Z,2020-03-19T22:41:15Z
Ugx4XQusq359OzAXph14AaABAg,,False,@flutosan7764,The definition of ethereal,0,2020-03-19T22:40:16Z,2020-03-19T22:40:16Z
UgzY7TYnaGE1CIz3-a54AaABAg,,False,@dvyjyoti8826,Oppa😭😭😭😍,0,2020-03-19T22:39:39Z,2020-03-19T22:39:39Z
UgxXcFGBxnSYEboMAzJ4AaABAg,,False,@anandawidyawati2453,Beautiful cotton,0,2020-03-19T22:36:37Z,2020-03-19T22:36:37Z
UgxYy5YviEcFz6T47D94AaABAg,,False,@maharaniandinidp,Junmyeonnn,0,2020-03-19T22:35:18Z,2020-03-19T22:35:18Z
UgwxsPZ85_sbz5crnfR4AaABAg,,False,@senoritakyung2039,يجنن قائدنا فدوووه,10,2020-03-19T22:33:35Z,2020-03-19T22:33:35Z
Ugw4WyWRENXUsuVoBvB4AaABAg,,False,@rachelicious5243,So proud of you leader suho... Finally! You made it.. You get what you really wanted.. And thats to have an solo album. Im looking forward on it.. Hwaiting!!,0,2020-03-19T22:33:31Z,2020-03-19T22:33:31Z
UgwkSJsckxM733BN3Xt4AaABAg,,False,@linachelbi9831,Perfect,0,2020-03-19T22:32:57Z,2020-03-19T22:32:57Z
UgxOQRmeXgH5_TRR3Yt4AaABAg,,False,@walaa4573,"Mt cotton  i love you 
 사랑 하자",0,2020-03-19T22:27:31Z,2020-03-19T22:27:31Z
UgzAtPHdT5l3yUeyBQh4AaABAg,,False,@totallydeadinside1105,"Our amazing and hardworking leader is finally getting an album. I am so happy. He is always letting the other members sine and now after a very long time, it’s his turn to shine. Suho our wonderful and talented leader, I am so proud of you. You always took care of the other members and gave them the spotlight now it’s your turn. I am going to cry if I keep writing. So just going to end it here.  Suho thank you for all that you have done. Now it’s your time. Shine and let everyone now how amazing of an artist you are. I love you and thank you suho. ❤️❤️",0,2020-03-19T22:27:11Z,2020-03-19T22:27:11Z
UgyhzsfeTFTriT3qSSF4AaABAg,,False,@jeans3278,"Pusing gue, ganteng banget blasteran Korea surga 🥰🥰",0,2020-03-19T22:25:51Z,2020-03-19T22:25:51Z
UgyT5Bt4zzaGmk0890N4AaABAg,,False,@eidem3363,I'm looking forward to this <3,0,2020-03-19T22:25:48Z,2020-03-19T22:25:48Z
UgwF0jcDyFrqcrEzvl54AaABAg,,False,@auliarahmadina4138,Suho is perfect human,0,2020-03-19T22:25:39Z,2020-03-19T22:25:39Z
UgxTquayOxDTHDRDIhl4AaABAg,,False,@karedelacruz487,아름다워요,0,2020-03-19T22:23:22Z,2020-03-19T22:23:22Z
Ugwp-k9TtxaHy_iRrcx4AaABAg,,False,@villainsm,"Dear Suho Oppa
WHY YOU SO PRETTY?!😭",1,2020-03-19T22:23:17Z,2020-03-19T22:23:17Z
UgyB-XFFM6qRRrrfWJR4AaABAg,,False,@ninibear103,I'm so excited with this ...omg suho you're so handsome,0,2020-03-19T22:23:15Z,2020-03-19T22:23:15Z
Ugy6OEM0HRj0eZx0m4R4AaABAg,,False,@gabriela-ll2yg,"ESOOO, AL FIN",0,2020-03-19T22:21:33Z,2020-03-19T22:21:33Z
UgwVsXthxoTQZ3D36m14AaABAg,,False,@حسنمصطفى-خ3ج,Omg,0,2020-03-19T22:21:27Z,2020-03-19T22:21:27Z
Ugyw_iS87DYTwK08nsZ4AaABAg,,False,@marjanmohammadyari956,you are is the best😍😍,0,2020-03-19T22:20:05Z,2020-03-19T22:20:05Z
UgwVLNEcqNNWf4gX_EV4AaABAg,,False,@catalinaleon7941,TE AMO TE AMO TE AMO TE AMO TE AMO! 🥺,0,2020-03-19T22:19:39Z,2020-03-19T22:19:39Z
UgyMF-HxFoVTN_dPzfV4AaABAg,,False,@Melanieolv,"Y’all better support this fucking beautiful masterpiece of a human being. 

I don’t want no boycotting shit for any reason. 

Did y’all hear me ? 
Have a good day and Thank you 😘",0,2020-03-19T22:19:35Z,2020-03-19T22:19:35Z
Ugw-dc97Y0rAjBRtzrh4AaABAg,,False,@lilyb0910,Excuse me whilst my heart burst open....,2,2020-03-19T22:18:17Z,2020-03-19T22:18:17Z
UgwutRm3I9-C_g1qzZt4AaABAg,,False,@z8x-b6r,분위기 진짜 좋다,0,2020-03-19T22:18:12Z,2020-03-19T22:18:12Z
UgzilANpKV7pPByd5294AaABAg,,False,@revegrass5923,수호 오빠 장! Ilysm :*,0,2020-03-19T22:18:07Z,2020-03-19T22:18:07Z
UgzEHRv7UgiLG95o_UV4AaABAg,,False,@artstea9662,Ohmygosh I’m so proud n excited for him 💓💓,1,2020-03-19T22:18:06Z,2020-03-19T22:18:06Z
UgzHXUxBh1cVRw_UrrJ4AaABAg,,False,@etheryeol,King ✨,0,2020-03-19T22:17:14Z,2020-03-19T22:17:14Z
UgwosYsZQIuTHdYuxcp4AaABAg,,False,@clelia7742,I'm counting the days to hear his masterpiece album,36,2020-03-19T22:16:50Z,2020-03-19T22:16:50Z
Ugy08JIgyBA2GR0Ln8t4AaABAg,,False,@potata22,This is Kim Junmyeon.,0,2020-03-19T22:16:11Z,2020-03-19T22:16:11Z
Ugw18F4sr3-b76oKGJR4AaABAg,,False,@d_elfire_thunder160,"Yeoksiiiii.. Our handsome leader.. Fighthing leader-nim.. Can't wait for the time for your solo debut...
Love love love",0,2020-03-19T22:15:53Z,2020-03-19T22:15:53Z
UgycF-IVg3S_NwcQIT14AaABAg,,False,@doaakai6732,I waana eating youuuuu,0,2020-03-19T22:15:46Z,2020-03-19T22:15:46Z
UgyveARoK5T3dxF3fld4AaABAg,,False,@onyourmark082,"とっても素敵です🤭





推し様がやっぱ1番カッコイイ✨",0,2020-03-19T22:15:00Z,2020-03-19T22:15:00Z
UgzOkzSxUoOOGv1FQXt4AaABAg,,False,@alazz1406,"MULUS KENYAL SEKALI WAJAH KAU SUHO, BAYI AJA KALAH",0,2020-03-19T22:13:46Z,2020-03-19T22:13:46Z
UgxGbLcpeKyXOU9XX6Z4AaABAg,,False,@iia467,Tetap aja ganteng😍😘,0,2020-03-19T22:10:48Z,2020-03-19T22:10:48Z
UgyWiitVclARKFGoxfd4AaABAg,,False,@wrld2ang,SUHO IS A FINE MF,0,2020-03-19T22:10:26Z,2020-03-19T22:10:26Z
UgwrP95h8vVOnwyVmdF4AaABAg,,False,@wrld2ang,omg so beautiful 🥺👉🏼👈🏼,0,2020-03-19T22:10:12Z,2020-03-19T22:10:12Z
UgxCl-lXH9W4_jyjEr14AaABAg,,False,@Snowflake-lovey,I’m so excited!,0,2020-03-19T22:09:44Z,2020-03-19T22:09:44Z
UgydlMCQwx_60ZJfqth4AaABAg,,False,@ayla17,points were made in this clip,0,2020-03-19T22:05:59Z,2020-03-19T22:05:59Z
Ugz8WD0qjVQVkJsY-XZ4AaABAg,,False,@dulcebellido3751,SUHO I LOVE YOU SO MUCH,0,2020-03-19T22:05:41Z,2020-03-19T22:05:41Z
UgxuagvYtFQXio0Ec_F4AaABAg,,False,@akramnana3892,اتجنن,1,2020-03-19T22:05:40Z,2020-03-19T22:05:40Z
Ugx1Z9oJ8F7-_p5Mwm94AaABAg,,False,@ayla17,okay junmyeon i see you,0,2020-03-19T22:05:37Z,2020-03-19T22:05:37Z
Ugz3Fhcz-Si3HZkmqAp4AaABAg,,False,@Gepiete12,Best leader,0,2020-03-19T22:04:15Z,2020-03-19T22:04:15Z
UgyKruAQcP1enwe22sB4AaABAg,,False,@lo8098,kim jun myeon sa rang ha ja,0,2020-03-19T22:04:15Z,2020-03-19T22:04:15Z
UgzDMkpbRulpd9bRtUB4AaABAg,,False,@lo8098,there is no word can express my feeling rn i really respect and love him so much,1,2020-03-19T22:03:14Z,2020-03-19T22:03:14Z
Ugz602H74sN1__RMfHB4AaABAg,,False,@deybeth,I love you,0,2020-03-19T22:02:54Z,2020-03-19T22:02:54Z
UgzXR_aBVL6g2COGJvx4AaABAg,,False,@deybeth,I can't wait,0,2020-03-19T22:02:47Z,2020-03-19T22:02:47Z
UgzNKijnpJX6Nanp7ap4AaABAg,,False,@deybeth,Art,0,2020-03-19T22:02:40Z,2020-03-19T22:02:40Z
UgyOtsyoP7W8MT2-hr94AaABAg,,False,@fatybaekhyun8996,Love you❤️💙💚🧡💜,0,2020-03-19T22:02:03Z,2020-03-19T22:02:03Z
UgxDRY4EjgiyA5N17ZN4AaABAg,,False,@klover9123,album of the year,0,2020-03-19T22:01:42Z,2020-03-19T22:01:42Z
UgzmGqxS3boO27amNdF4AaABAg,,False,@klover9123,King junmyeon,0,2020-03-19T22:01:32Z,2020-03-19T22:01:32Z
Ugx2W4UqCxZx_s_rr1l4AaABAg,,False,@klover9123,BEAUTIFULL T_T,0,2020-03-19T22:00:53Z,2020-03-19T22:00:53Z
Ugxj8rzdzQq8OnaOT2N4AaABAg,,False,@klover9123,Beautiful,0,2020-03-19T22:00:38Z,2020-03-19T22:00:38Z
UgzC5v5PbT6rZt_2dbB4AaABAg,,False,@klover9123,He is so beautiful. His beauty is unreal. angel T_T,1,2020-03-19T21:57:26Z,2020-03-19T21:57:26Z
Ugz6a58oHSNpx0qqMdp4AaABAg,,False,@emitrejo4352,Suho best lider,0,2020-03-19T21:56:45Z,2020-03-19T21:56:45Z
UgyHC_IIkEkfdohdMUl4AaABAg,,False,@ayatubishat1188,I wanna eat your cheeks babe 😍😍😍💓💓❤️❤️❤️,0,2020-03-19T21:52:28Z,2020-03-19T21:52:28Z
Ugxss-I89ihoboDBrtF4AaABAg,,False,@ilda2056,❤️❤️,0,2020-03-19T21:51:14Z,2020-03-19T21:51:14Z
UgxZ5ycjuBDEM88PrHJ4AaABAg,,False,@seoulmh7326,"Great*_*
oppa you are amazing
we love you forever",1,2020-03-19T21:48:52Z,2020-03-19T21:49:30Z
UgwzfDL-otCssBYGGd54AaABAg,,False,@salsabila1031,Proud to be bunny😍😍,0,2020-03-19T21:47:57Z,2020-03-19T21:47:57Z
UgyQ-0MWgPyBzBdNrlF4AaABAg,,False,@roufaidadziraattaf3348,"Is he even a human?? Oh lord, is he your angel??😇",1,2020-03-19T21:47:48Z,2020-03-19T21:47:48Z
UgxMeJDtzz34m0Dl_wN4AaABAg,,False,@israaalkhusaibi5010,I can't wait 😭😭,0,2020-03-19T21:47:16Z,2020-03-19T21:47:16Z
UgwAkpiauroWi5phjDZ4AaABAg,,False,@kaiiiiiiiiiiie,Ya allah soft banget,0,2020-03-19T21:45:58Z,2020-03-19T21:45:58Z
UgzR76PkIHCdu7azWu14AaABAg,,False,@gl0716,:) UwU,0,2020-03-19T21:42:25Z,2020-03-19T21:42:25Z
UgyV5G1RE_WjC5rGKop4AaABAg,,False,@starsesther,Aaaahhhhhhhhhhhhhhhhhhhhhhhhhhhhhhhhhhhhhhhhhhhhhhhhhhhhhhhhhhhhhhhhhhhhhhhhhhhhhhhhhhhhhhhhhhhhhhhhhhhhhhhhhhhhhhhhhhhhhhhhhhhhhhhhhhhhhhhhhhhhhhhhhhhhhhhhhhhhhhhhhhhhhhhhhhhhhhhhhhhhhhhhhhhhhhhhhhhhhhhhhhhhhhhhhhhhhhhhhhhhhhhhhhhhhhhhhhhhhhhhhhhhhhhhhhhhhhhhhhhhhhhhhhhhhhhhhhhhhhhhhhhhhhhhhhhhhhhhhhhhhhhhhhhhhhhhhhhhhhhhhhhhhhhhhhhhhhhhhhhhhhhhhhhhhhhhhhhhhhhhhhhhhhhhhhhhhhhhhhhhhhhhhhhhhhhhhhhhhhhhhhhhhhhhhhhhhhhhhhhhhhhhhhhhhhhhhhhhhhhhhhhhhhhhhhhhhhhhhhhhhhhhhhhhhhhhhhhhhhhhhhhhhhhhhhhhhhhhhhhhhhhhhhhhhhhhhhhhhhhhhhhhhhhhhhhhhhhhhhhhhhhhhhhhhhhhhhhhhhhhhhhhhhhhhhhhhhhhhhhhhhhhhhhhhhhhhhhhhhhhhhhhhhhhhhhhhhhhhhhhhhhhhhhhhhhhhhhhhhhhhhhhhhhhhhhhhhhhhhhhhhhhhhhhhhhhhhhhhhhhhhhhhhhhhhhhhhhhhhhhhhhhhhhhhh,1,2020-03-19T21:40:44Z,2020-03-19T21:41:03Z
UgwjssBmG-ty0Hvi14F4AaABAg,,False,@kpopofficial4767,BEST LEADER. I don't want to know anything.,1,2020-03-19T21:38:46Z,2020-03-19T21:38:46Z
UgxLfuRI_f-TM-2H6Lx4AaABAg,,False,@nada_eari,"I'm not fine ... that's too much to my heart 
Suho so perfect .. he is so so amazing 
i really can't wait .. I Love you suho much 
You are the best",2,2020-03-19T21:37:07Z,2020-03-19T21:37:07Z
UgytlL8CO3lML-xJ4D14AaABAg,,False,@nataliagh09,God i'm so proud of Junmyeon,0,2020-03-19T21:36:35Z,2020-03-19T21:36:35Z
Ugxwv1PspsWqGl6IHvV4AaABAg,,False,@myhandle127,How hawt and talented ☺,0,2020-03-19T21:36:16Z,2020-03-19T21:36:16Z
UgwRmk1Fp-poUM1LxVF4AaABAg,,False,@elma0844,So froud of you kimjunmyeon,0,2020-03-19T21:35:57Z,2020-03-19T21:35:57Z
UgxdsKaflScjmhYMLad4AaABAg,,False,@user-zi8zh3cp9g,He is identify of perfection.,0,2020-03-19T21:34:32Z,2020-03-19T21:34:32Z
UgwlH_a3VACmWMakTm14AaABAg,,False,@crose7380,Love the light relaxing feeling of this,0,2020-03-19T21:33:36Z,2020-03-19T21:33:36Z
UgyLoisqqxCBSl1nUaB4AaABAg,,False,@bidaaahmed399,Wonderful 💕💕,0,2020-03-19T21:33:28Z,2020-03-19T21:33:28Z
UgwWeCm3jHxcz_dG0Ux4AaABAg,,False,@crose7380,준면이는 거울에 비친 자신을 보면 무슨 생각할까 ..,0,2020-03-19T21:33:12Z,2020-03-19T21:33:12Z
Ugz01Ws7X90tuYXSR7R4AaABAg,,False,@arianahansen619,Suho is so amazing. I can’t even express how proud I am of him and especially the fact that this music is authentically him and what he has wanted to say because he participated in writing all the songs. I can’t wait to hear Suho’s voice and all he has to say in this album ❤️사랑하자❤️,9,2020-03-19T21:32:29Z,2020-03-19T21:32:29Z
Ugwbu1jklHhQD5S-_N94AaABAg,,False,@lailasolanotobia,Gatito bebe. Loveu,0,2020-03-19T21:32:15Z,2020-03-19T21:32:15Z
UgyP-5bk364eUpYkOyR4AaABAg,,False,@3namhh,ماتدرون شكثر متحمسه حق الالبوم ㅠㅠㅠ,1,2020-03-19T21:31:39Z,2020-03-19T21:31:39Z
UgwwzJ0Ot4yp3GVTlYR4AaABAg,,False,@피시아피시아,Ganteng bangeeettt,0,2020-03-19T21:31:28Z,2020-03-19T21:31:28Z
UgxnFXQTZmowjI2S-Hp4AaABAg,,False,@giulianaheredia114,COMO PUEDE SER TAN PERFECTO ESTE HOMBREEEEEEEE,0,2020-03-19T21:31:23Z,2020-03-19T21:31:23Z
UgwtP-rVY3qWYcD3zy14AaABAg,,False,@noviaparkcy2794,"Bunny cotton🐰❤️❤️
Leader the best😍🐰❤️❤️",0,2020-03-19T21:31:08Z,2020-03-19T21:31:08Z
UgxZRLt4ikbTiQ5s8K94AaABAg,,False,@maryames7804,😘😘😘😘😘,0,2020-03-19T21:30:50Z,2020-03-19T21:30:50Z
Ugyf9z4G4XY244eJBnh4AaABAg,,False,@tearofthelynx5258,The water Prince on desert..,0,2020-03-19T21:30:28Z,2020-03-19T21:30:28Z
UgzZ-IiIcZP6IWAJzOB4AaABAg,,False,@fantastichago778,Im so excited and cant wait to hear your beautiful voice Junmyeon-ah ❤😭,1,2020-03-19T21:29:50Z,2020-03-19T21:29:50Z
UgxXPklBEpdm6jLFyX14AaABAg,,False,@dai495,❤♥️❤Love you Suho❤♥️❤,1,2020-03-19T21:29:05Z,2020-03-19T21:29:05Z
Ugyy3MGG3B5ZpPSBgl94AaABAg,,False,@qewq3159,suho you are my happiness ı love u so much and ı will always be with you💙💞,0,2020-03-19T21:28:37Z,2020-03-19T21:28:37Z
Ugz9tHdUroqUrzEYzad4AaABAg,,False,@ashmalik946,❤❤❤❤❤,0,2020-03-19T21:28:28Z,2020-03-19T21:28:28Z
Ugyftn46VYw90rQ_jKR4AaABAg,,False,@malgigi,Suho 😍😍😍😍,0,2020-03-19T21:27:14Z,2020-03-19T21:27:14Z
UgzUq13PfH70hmmqOJR4AaABAg,,False,@abgdabgde2584,GREAT PERSON,0,2020-03-19T21:27:12Z,2020-03-19T21:27:12Z
UgxtTI3Sdhmb6zBfXsp4AaABAg,,False,@gladismercado4025,😍😍😍😍😍😍🤩,0,2020-03-19T21:26:34Z,2020-03-19T21:26:34Z
Ugw3UdeoP-aikWbaxch4AaABAg,,False,@sosoexo-lexols823,استنى الالبوم بكل صبر,0,2020-03-19T21:25:42Z,2020-03-19T21:25:59Z
UgxhQCr3ByAxvzMcJXl4AaABAg,,False,@sosoexo-lexols823,ماي بيبي سوهو,0,2020-03-19T21:25:27Z,2020-03-19T21:25:27Z
UgwloTUhyelSMYqHC6l4AaABAg,,False,@kvrimka,This is beautiful,0,2020-03-19T21:24:58Z,2020-03-19T21:24:58Z
UgxPGf6TnhI8g6OindZ4AaABAg,,False,@farishaazmira4561,"YOU are the ART, kim junmyeon ❤️✨",0,2020-03-19T21:24:19Z,2020-03-19T21:24:19Z
UgyYMMFgGwodoJXnae94AaABAg,,False,@user-ct7dp8ts6t,احبك,0,2020-03-19T21:23:29Z,2020-03-19T21:23:29Z
UgwcipnFWMOUnv7VZr54AaABAg,,False,@user-ct7dp8ts6t,خف علينا سوهو,0,2020-03-19T21:23:25Z,2020-03-19T21:23:25Z
UgwyLOLd8kN7hgYdmeV4AaABAg,,False,@user-ct7dp8ts6t,يعني الجمال لا يوصف,0,2020-03-19T21:23:12Z,2020-03-19T21:23:12Z
UgxWOFCExF-ei8k_hmB4AaABAg,,False,@Lookatmeemtakool,I can’t wait for it❤️❤️❤️❤️❤️,0,2020-03-19T21:22:38Z,2020-03-19T21:22:38Z
Ugy-8IvT394h-vtHx7J4AaABAg,,False,@xhelenx3311,اوف اوف,0,2020-03-19T21:18:40Z,2020-03-19T21:18:51Z
Ugwq6OmEijjhS1d_5qp4AaABAg,,False,@yara_exo1065,My heart,0,2020-03-19T21:15:11Z,2020-03-19T21:15:11Z
UgzcAM_jA_dImetOvm14AaABAg,,False,@user-wu4lq4mx4b,لاتستخدموا الايموجي لانها تحذف المشاهدات,0,2020-03-19T21:15:06Z,2020-03-19T21:15:06Z
Ugye1tBh78jG-yqXzX94AaABAg,,False,@user-wu4lq4mx4b,تم الاحتلال على خانه التعليقات من قبل عرب اكسوال,0,2020-03-19T21:14:48Z,2020-03-19T21:14:48Z
UgwlhbblQDCFW9XT5_h4AaABAg,,False,@nurenikakanegi,I LOVE IT 🥺❤,0,2020-03-19T21:14:36Z,2020-03-19T21:14:36Z
UgwwX4dzA5NTYM_h5j54AaABAg,,False,@HoshizoraDream,MDS QUE PERFEITOOOOO,0,2020-03-19T21:11:41Z,2020-03-19T21:11:41Z
UgxIBX77hZvlm3ykVlN4AaABAg,,False,@diyadeb8229,lobh lobh,0,2020-03-19T21:11:29Z,2020-03-19T21:11:29Z
UgxNRO70lOTqo0i5a5l4AaABAg,,False,@diandrasaf,SUHO SUHO SUHO,0,2020-03-19T21:10:28Z,2020-03-19T21:10:28Z
UgzQzBHx9oRNQbt5B8Z4AaABAg,,False,@veterinarian1384,I SAW THIS AND STARTED SCREAMING LIKE A LITERAL RAT INFESTED GALLBLADDER OF A WHALE AJDSJSBSOSSHSB,0,2020-03-19T21:10:25Z,2020-03-19T21:10:25Z
Ugwkdy2Bt9mHLkTauwN4AaABAg,,False,@oohsehun5300,واوووووووو روعه 굉장한😍😍😍,0,2020-03-19T21:09:56Z,2020-03-19T21:09:56Z
UgxHRSParhbGBjh4A2x4AaABAg,,False,@gabicollante,"Estoy orgullosa de Suho!! Esperando que lleguen mos albumnes, amor desde Argentina <3",0,2020-03-19T21:09:39Z,2020-03-19T21:09:39Z
UgxLNCcFoCAU5bKUR_l4AaABAg,,False,@nanoexo_l9785,ستريم,0,2020-03-19T21:08:50Z,2020-03-19T21:08:50Z
Ugw70PKQNE8WnjGSIAZ4AaABAg,,False,@skyhanni_,ÉL SIEMPRE PINCHE HERMOSO AAAAAAAAA♡,0,2020-03-19T21:07:55Z,2020-03-19T21:07:55Z
UgzwSUVq4rzW22sZglJ4AaABAg,,False,@rose5731,"Good luck our leader, we love you",0,2020-03-19T21:07:21Z,2020-03-19T21:07:21Z
UgywpRvF3Y-QLmHcd2Z4AaABAg,,False,@kjd3fightingkjd3fighting80,كل شي ما اكولة بس سبحان الله الذي خلقه,0,2020-03-19T21:07:08Z,2020-03-19T21:07:08Z
UgyCyazqNBTLWNFcWb94AaABAg,,False,@nationalthem,aaaaaaaaaaaaaas,0,2020-03-19T21:06:19Z,2020-03-19T21:06:19Z
UgxI-_GyhXE7O7FHO6l4AaABAg,,False,@amiiherrero7091,Our beautifull leader deserves the entire world,0,2020-03-19T21:05:00Z,2020-03-19T21:05:00Z
UgzjIyA3MpiwdXUyCCJ4AaABAg,,False,@leechilee3213,"I love Suho
I love EXO",0,2020-03-19T21:04:58Z,2020-03-19T21:04:58Z
Ugw2_rElqkZbxxAh5sd4AaABAg,,False,@thmooon-1838,"اروع من يطلع البوم قائدنا الحلو و الجميل سوهو ❤❤❤
I LOVE YOU SO MUCH ❤❤❤",11,2020-03-19T21:04:44Z,2020-03-19T21:04:44Z
Ugw2_rElqkZbxxAh5sd4AaABAg.96P-i0ZUOMh96QS8SMPnxk,Ugw2_rElqkZbxxAh5sd4AaABAg,True,@abeerokour8394,لو سمحتي ممكن تحذفي الايموجي لإنها بتجمد المشاهدات,1,2020-03-20T10:32:23Z,2020-03-20T10:32:23Z
Ugxpnkz7SSCz4WYQlI54AaABAg,,False,@kritikaushal7906,Oppa 😍😍😍😍😍,0,2020-03-19T21:04:10Z,2020-03-19T21:04:10Z
Ugx0RqA6whnCogFUYT54AaABAg,,False,@هديلالعنزي-ن4ف,منو المريض الي حط دس لايك شكلهم منقهرين تف على كذا ناس,0,2020-03-19T21:02:15Z,2020-03-19T21:02:15Z
Ugxy6OdP96Qm3Hg1Ra94AaABAg,,False,@exo.weareone2156,Suhooo,0,2020-03-19T21:01:57Z,2020-03-19T21:01:57Z
UgxPHiqBjr3TCvfMQBl4AaABAg,,False,@carolrodriguez8215,Es precioso.,0,2020-03-19T21:01:49Z,2020-03-19T21:01:49Z
Ugz3HufjzPUqyBoXiMp4AaABAg,,False,@exo.weareone2156,Ohaaa,0,2020-03-19T21:01:46Z,2020-03-19T21:01:46Z
Ugxk10gUJQl9uqb022R4AaABAg,,False,@gulnihaluslu1404,Love ya <3,0,2020-03-19T21:00:47Z,2020-03-19T21:00:47Z
UgxjBwR1FnGen2gYZRx4AaABAg,,False,@alexalanuza5940,SUHO,0,2020-03-19T21:00:44Z,2020-03-19T21:00:44Z
UgxTRSpio19siBUSDHt4AaABAg,,False,@alexalanuza5940,Hermoso mi niño,0,2020-03-19T21:00:37Z,2020-03-19T21:00:37Z
UgwvkA0i76FHxMt2yQp4AaABAg,,False,@ninistories,our beautiful bunny,0,2020-03-19T21:00:34Z,2020-03-19T21:00:34Z
UgyRNC5NyiCv5aEt3NN4AaABAg,,False,@alexalanuza5940,Estoy tan orgullosa de mi bebé,0,2020-03-19T21:00:30Z,2020-03-19T21:00:30Z
Ugy40FD3ESRSrI90iW54AaABAg,,False,@alexalanuza5940,Me encanta,0,2020-03-19T21:00:20Z,2020-03-19T21:00:20Z
UgwPxoCtIoG1KRe9BLd4AaABAg,,False,@virtualmima2101,:3 Can't wait,0,2020-03-19T20:59:32Z,2020-03-19T20:59:32Z
UgyCmHdzq_3M_c7bwQR4AaABAg,,False,@kimyora3341,مهذا الجمال يا قائد الامة عينيا تفجروو بالقلوب ماشاء الله اللهم لا حسد,0,2020-03-19T20:58:36Z,2020-03-19T20:58:36Z
UgwvsoBbTNpy3NkcaYl4AaABAg,,False,@chanvivi1326,So handsome,0,2020-03-19T20:57:15Z,2020-03-19T20:57:15Z
UgyGJbkIOqORbP3zC9Z4AaABAg,,False,@sutkozaynalieva3149,Exo,1,2020-03-19T20:57:11Z,2020-03-19T20:57:11Z
Ugx5u3JMuIm1B8Tnfi14AaABAg,,False,@luzcordova04,"ARTE? ARTEEEEEEEEEEE 
Como dice Vargas Llosa: el todo lo hace, y todo lo hace bien 💕 líder",3,2020-03-19T20:56:11Z,2020-03-19T20:56:11Z
UgzVHa8rOwq7K3aTaFJ4AaABAg,,False,@kittybyeongcheol,빨리 3/30 왔으면 좋겠다ㅜㅜ 너무너무 기대돼 준면아 ヽ(‘ ∇‘ )ノ,0,2020-03-19T20:53:51Z,2020-03-19T20:53:51Z
UgzINgzLd9VVs7sJEsp4AaABAg,,False,@blancastar4835,Just wondering that Suho’s first mini album “Self-portrait” is the retrospection and self-analysing of his life. Waiting for some trailers...,312,2020-03-19T20:53:04Z,2020-03-19T21:01:42Z
UgzINgzLd9VVs7sJEsp4AaABAg.96OzN_1IyuR96Ozmp8sBVf,UgzINgzLd9VVs7sJEsp4AaABAg,True,@nvnvex9,Plz delete the emojis,2,2020-03-19T20:56:39Z,2020-03-19T20:56:39Z
Ugw_GfxTCFkR5JTFp4F4AaABAg,,False,@phannah143,thank you for showing us the best version of yourself baby. I am so proud of you. You've been enough and you deserve this. We couldnt wait to listen to the music that you've worked hard. Thank you for inspiring us. Stay healthy. Saranghae.,1,2020-03-19T20:51:51Z,2020-03-19T20:51:51Z
UgyavRIUypHbgfA4a0Z4AaABAg,,False,@yeolmaechanyeol453,I cant wait,0,2020-03-19T20:50:32Z,2020-03-19T20:50:32Z
Ugwic1OVLl8I6g77urB4AaABAg,,False,@nvnvex9,Give me oxygen I'm dieing...,0,2020-03-19T20:50:04Z,2020-03-19T20:50:04Z
UgztxRLJPjcTJbUdxyV4AaABAg,,False,@vivianfuentes5417,SUHO OPPA EL MEJOR VISUAL DE TODOS LOS LÍDERES.,1,2020-03-19T20:50:02Z,2020-03-19T20:50:02Z
UgzdrBYFFqZfWlskf8Z4AaABAg,,False,@nadachan9765,I wish you all the best bb 😞💛💛💛,0,2020-03-19T20:49:40Z,2020-03-19T20:49:40Z
Ugy3CCXJPU2hAGLpK2Z4AaABAg,,False,@vivianfuentes5417,HERMOSO NUESTRO LÍDER,2,2020-03-19T20:49:37Z,2020-03-19T20:49:37Z
Ugyn2FM43kDyU1P9L1F4AaABAg,,False,@anyarh9853,♥️♥️♥️ ART,0,2020-03-19T20:48:52Z,2020-03-19T20:48:52Z
UgypOGEFj9GVAs5R2hh4AaABAg,,False,@babymonste7monstize,OMG suho I can't wait for you I love you,0,2020-03-19T20:48:40Z,2020-03-19T20:48:40Z
Ugx1pzsLReYFfLwwaVR4AaABAg,,False,@majesticoolmuffin7992,"You are one HECKIN' gorgeous man, Kim Junmyeon!!",0,2020-03-19T20:48:13Z,2020-03-19T20:48:13Z
UgxkVdxSrruix4WYHJx4AaABAg,,False,@jinjin0518,사랑하자❤️ 김준면 사랑해❤️,0,2020-03-19T20:47:44Z,2020-03-19T20:47:44Z
Ugx52oiBYwtJKZ-51cJ4AaABAg,,False,@ChocolateTeapot93,I wish they would bring the release date forward. I really need this album right now.,0,2020-03-19T20:45:45Z,2020-03-19T20:45:45Z
UgyIJYU3eA2TfFUKhEV4AaABAg,,False,@대한민국-m3l,Suho perfect golden ratio face😊,0,2020-03-19T20:45:06Z,2020-03-19T20:45:06Z
UgySVYHIKIgPWHU5-Ot4AaABAg,,False,@ofbyfornct,Im so proud,0,2020-03-19T20:39:51Z,2020-03-19T20:39:51Z
UgwYj74v_tRCtgZKfIt4AaABAg,,False,@engynini4586,The king 💜,0,2020-03-19T20:39:42Z,2020-03-19T20:39:42Z
UgwMrRX_BgZr1flglL14AaABAg,,False,@nishaali9100,Our handsome suho looks awesome,0,2020-03-19T20:38:56Z,2020-03-19T20:38:56Z
UgzWwMHsyM0JztEIsfB4AaABAg,,False,@rahmansib224,You are the best leader ever .....keep on working...I wish uu success,0,2020-03-19T20:38:16Z,2020-03-19T20:38:16Z
UgylV9IrTyc4CAXqs314AaABAg,,False,@jessicaferreira4963,"The best leader! I love u so much, you deserve the world",0,2020-03-19T20:36:08Z,2020-03-19T20:36:08Z
Ugwq0_zv-SpcuZDD0cN4AaABAg,,False,@peaceofmind4827,Hi from Russia! We love you. 💜😗💙💖,0,2020-03-19T20:34:04Z,2020-03-19T20:34:04Z
UgzBH46OcaDApkpFNqt4AaABAg,,False,@crazyrabbit1978,토끼왕자,0,2020-03-19T20:31:52Z,2020-03-19T20:31:52Z
UgyR5UvQZqQNSnLz0JV4AaABAg,,False,@mandaelizabethbaldwin8374,I can already hear his voice added to that track...cannot even wait. 우리 수호,0,2020-03-19T20:30:14Z,2020-03-19T20:30:14Z
Ugxx8oz5uTRG4RY60kx4AaABAg,,False,@sintarasn,"You are the best❤❤
We are proud of you 💞😍😭😭",2,2020-03-19T20:29:49Z,2020-03-19T20:29:49Z
UgxQragpdTW8kz-mGQ94AaABAg,,False,@EXO악수,"Suho
 ソーホー
 소호
 苏荷
سوهو",2,2020-03-19T20:29:13Z,2020-03-20T20:57:29Z
UgxQragpdTW8kz-mGQ94AaABAg.96Owds5t5fT96QwGPV4tYV,UgxQragpdTW8kz-mGQ94AaABAg,True,@_parkchanyeol_3580,اوني ارجوكي الهاشتاك ايجمد المشاهدات مسحيها ارجوكي اذا تحبي سوهو,1,2020-03-20T15:04:21Z,2020-03-20T15:04:21Z
UgxQragpdTW8kz-mGQ94AaABAg.96Owds5t5fT96RZZik_sLq,UgxQragpdTW8kz-mGQ94AaABAg,True,@EXO악수,"@@_parkchanyeol_3580 
اهااااة اوكي اوني شكرا جزيلا على تنبيه 😍😘",1,2020-03-20T20:56:31Z,2020-03-20T20:56:31Z
UgxQragpdTW8kz-mGQ94AaABAg.96Owds5t5fT96Rawm19CMA,UgxQragpdTW8kz-mGQ94AaABAg,True,@_parkchanyeol_3580,"@@EXO악수 
عادي اوني♥️",1,2020-03-20T21:17:17Z,2020-03-20T21:17:17Z
UgxQragpdTW8kz-mGQ94AaABAg.96Owds5t5fT96Rb7tueUgE,UgxQragpdTW8kz-mGQ94AaABAg,True,@EXO악수,"@@_parkchanyeol_3580 
فدوهالكلبج يعمري 💙💙",2,2020-03-20T21:18:56Z,2020-03-20T21:18:56Z
UgxQragpdTW8kz-mGQ94AaABAg.96Owds5t5fT96RbUXt2ZO7,UgxQragpdTW8kz-mGQ94AaABAg,True,@_parkchanyeol_3580,"@@EXO악수 
كونك حبيبه امي ( سوهو)  لازم ادللج",1,2020-03-20T21:22:02Z,2020-03-20T21:22:02Z
Ugz1vVZjsZ--u26biK54AaABAg,,False,@Sabrina-w9g,я влюбилась,0,2020-03-19T20:28:44Z,2020-03-19T20:28:44Z
UgzQWYhm_KysXZ7pB4l4AaABAg,,False,@Sabrina-w9g,Так красиво,0,2020-03-19T20:28:31Z,2020-03-19T20:28:31Z
Ugz68vXfeyW2XKojJwt4AaABAg,,False,@maybe6216,수호야준면아ㅠㅜㅜㅜㅜㅠㅠㅜ벌써 세기의 명곡이다,0,2020-03-19T20:28:25Z,2020-03-19T20:28:25Z
UgxA8Jg0EDM6CZwvimV4AaABAg,,False,@aymentahir6288,OMGG WHEN DID HE BECOME SUCH A GROWN MAN??,0,2020-03-19T20:28:24Z,2020-03-19T20:28:24Z
Ugy6L2gXfoR7E-9tUFl4AaABAg,,False,@farangizfarangiz6669,You are soo beautiful,0,2020-03-19T20:27:02Z,2020-03-19T20:27:02Z
UgzSs1ahOY7UTBs2W9J4AaABAg,,False,@farangizfarangiz6669,I love you,0,2020-03-19T20:26:44Z,2020-03-19T20:26:44Z
UgwE2sNCcijJRelXWxl4AaABAg,,False,@farangizfarangiz6669,You are awsm,0,2020-03-19T20:26:26Z,2020-03-19T20:26:26Z
UgzFdkQFG27ucWIzgu94AaABAg,,False,@eleesmv,I'm proud of our leader Suho,0,2020-03-19T20:25:39Z,2020-03-19T20:25:39Z
UgwFmzV1D9cVVYAjHTt4AaABAg,,False,@XIOKI1994,can't wait to listen to his album 😭💕💕💕,0,2020-03-19T20:24:03Z,2020-03-19T20:24:03Z
Ugwd5yJzEnZU9F2YvgF4AaABAg,,False,@luisajjpadron3213,7-7 파이팅 리더 💗💗💗💗,1,2020-03-19T20:22:07Z,2020-03-19T20:22:07Z
Ugz2DdRA7pFrcjloKTt4AaABAg,,False,@carolanvanesa,"Simplemente precioso, bello, perfectooooo estoy esperando con ansias la cancion",0,2020-03-19T20:19:21Z,2020-03-19T20:19:21Z
UgxkKolrM-bfgsdrpSh4AaABAg,,False,@أسمار-ذ6د,Love love love. Love love love love love 💕,0,2020-03-19T20:18:51Z,2020-03-19T20:18:51Z
UgxKC0sZIqX28wKVt-t4AaABAg,,False,@valentinaplatini3859,Suho deja de ser tan bello por favor!! ! 🤧💖💖🤧,0,2020-03-19T20:18:51Z,2020-03-19T20:18:51Z
UgzqDPUXjBqsrcZKL9d4AaABAg,,False,@kaisooalnali4706,we are one,1,2020-03-19T20:18:14Z,2020-03-19T20:18:14Z
Ugw52eIalv1B5TUpCXF4AaABAg,,False,@jonginkim9101,SE VIENE EL SOLISTA Y ALBUM DEL AÑO,0,2020-03-19T20:17:51Z,2020-03-19T20:17:51Z
Ugx0FpTDAdPwU7DHvNh4AaABAg,,False,@meryalal_skick4069,من اول ثانيتين متتت,6,2020-03-19T20:17:40Z,2020-03-19T21:00:18Z
Ugy73Blh_-z3qX_UTER4AaABAg,,False,@mytamasyita5241,Aww so PERFECT,0,2020-03-19T20:16:51Z,2020-03-19T20:16:51Z
UgwbdfWvbmbkKXYwi5t4AaABAg,,False,@auliaharahap4575,good luck for u,0,2020-03-19T20:16:47Z,2020-03-19T20:16:47Z
UgxBAzI1zH5CA0KA9Xt4AaABAg,,False,@meryalal_skick4069,"افضل ليدر فالكون بدون منازع
حرفيا متشوقة مبقدرش انتظر اكثر
افضل ارنوب",8,2020-03-19T20:16:46Z,2020-03-19T21:01:08Z
UgxBAzI1zH5CA0KA9Xt4AaABAg.96OvDcDbZqG96OzqNC29-h,UgxBAzI1zH5CA0KA9Xt4AaABAg,True,@nvnvex9,لو سمحتي احذفي الايموجيز لانها تجمد المشاهدات,1,2020-03-19T20:57:08Z,2020-03-19T20:57:08Z
UgxBAzI1zH5CA0KA9Xt4AaABAg.96OvDcDbZqG96P-KXObCT0,UgxBAzI1zH5CA0KA9Xt4AaABAg,True,@meryalal_skick4069,@@nvnvex9  مسحتها,1,2020-03-19T21:01:23Z,2020-03-19T21:01:23Z
UgywL_XB5fn7lefkgQ14AaABAg,,False,@jijijiji6381,Best leader in the world✊✊✊👑,0,2020-03-19T20:16:30Z,2020-03-19T20:16:30Z
Ugz40ivkC1Nsmkmqhvp4AaABAg,,False,@jijijiji6381,Icant wating😭❤❤❤,0,2020-03-19T20:15:58Z,2020-03-19T20:15:58Z
Ugxy4ast6p8Atc4fTHl4AaABAg,,False,@ti6393,🙂,0,2020-03-19T20:15:19Z,2020-03-19T20:15:19Z
UgwNyeZtnAdL1mcpIsN4AaABAg,,False,@adeyulianaanggraini1465,Wwwwwwowwwww,0,2020-03-19T20:14:11Z,2020-03-19T20:14:11Z
UgwtJg_QZvUsTGU_9E94AaABAg,,False,@oohra2486,Royal cotton ......love uuuuuuuu,0,2020-03-19T20:13:02Z,2020-03-19T20:13:02Z
Ugw1ZxixCj6cA2dVbDF4AaABAg,,False,@رسلنعيم-ت3ص,بعد عيوني وسنوني,0,2020-03-19T20:10:20Z,2020-03-19T20:10:20Z
Ugye9INYSFHtP8MZR3B4AaABAg,,False,@exolkpoptrashandsmstan2888,Leader-nim you are perfect ❤️,0,2020-03-19T20:09:52Z,2020-03-19T20:09:52Z
Ugx6yPHzniLSgWFCA0F4AaABAg,,False,@kyoongfroggie,"WEEEEY QUÉ BELLOOOO, ORGULLOSA DE TI, COTTON T.T",0,2020-03-19T20:09:35Z,2020-03-19T20:09:35Z
UgzhHThS_ixUnQW4-OR4AaABAg,,False,@alfxnaaa,"Parah sih muka suho kek pangeran mulus banget njinc, sukses ya ayahanda :*",0,2020-03-19T20:06:21Z,2020-03-19T20:06:21Z
UgwkMVYy-ikGKcwWEBN4AaABAg,,False,@yagodaleivavalderrama1068,"Just look at him, he doesn't look of this world. Can't wait to listen his beautiful voice.",54,2020-03-19T20:06:20Z,2020-03-19T20:06:20Z
Ugyk_NVMV30_Y-AdMtt4AaABAg,,False,@letscoloringwithmediana,I will miss you so much Suho,0,2020-03-19T20:06:19Z,2020-03-19T20:06:19Z
Ugwwc-GKrERpInWiEBF4AaABAg,,False,@exoismyoneandonlyexoismyon4525,Love you like a crazy girl and I don't know why,0,2020-03-19T20:03:56Z,2020-03-19T20:03:56Z
Ugw7SiMQ8hpb-CRzN-l4AaABAg,,False,@hinahoney8724,Daaaaaamn prettyyyyyy,0,2020-03-19T20:03:52Z,2020-03-19T20:03:52Z
Ugw9X72u-7CfRSJ8HZd4AaABAg,,False,@شريفهالاسمري-ع1ك,يجمالهه😭😭😭😭💜💜💜💜,1,2020-03-19T20:03:39Z,2020-03-19T20:03:39Z
UgylA7lkhllULHSLZ594AaABAg,,False,@gaboceft2555,I love you 😘,0,2020-03-19T20:03:36Z,2020-03-19T20:03:36Z
UgwNlBC38ZUvc5_0qpJ4AaABAg,,False,@lalisadragqueen6783,"Yal get out of the way, my bias is getting a solo",0,2020-03-19T20:03:34Z,2020-03-19T20:03:34Z
UgwtOq94kXYPpV0mV_N4AaABAg,,False,@exoforever3383,❤️❤️❤️❤️❤️❤️,1,2020-03-19T20:02:46Z,2020-03-19T20:02:46Z
UgybX64mzzafTcWjugF4AaABAg,,False,@souleenbelal1604,Suho 🥰,0,2020-03-19T20:01:44Z,2020-03-19T20:01:44Z
UgzP65tUJQ7LAUOC5Kt4AaABAg,,False,@Daniela-nk9vp,*SUHO IS A ANGEL*,0,2020-03-19T20:01:26Z,2020-03-19T20:01:26Z
Ugypt6r1WbnFdSY-Fal4AaABAg,,False,@Lola-ui2zf,"Our great leader,love u so much king!",1,2020-03-19T20:00:11Z,2020-03-19T20:00:11Z
Ugxw0T8KzRtApKtYSZx4AaABAg,,False,@mylenebagacay3644,King Junmyeon,0,2020-03-19T19:58:53Z,2020-03-19T19:58:53Z
UgyrJxMDYeRzzX1beDV4AaABAg,,False,@mylenebagacay3644,Our New Passion King,0,2020-03-19T19:58:29Z,2020-03-19T19:58:29Z
UgwuRY-_gcggU_Y3wQl4AaABAg,,False,@Imduda01,Sinto que vou amar tanto essa música.,0,2020-03-19T19:58:11Z,2020-03-19T19:58:11Z
Ugz0bElv2XwA3oNJ7dp4AaABAg,,False,@cxn004,Stuck between *I CAN'T WAIT FOR THIS* and *I'M SO NOT READY FOR THIS* .,0,2020-03-19T19:57:40Z,2020-03-19T19:57:40Z
UgzVny1_lOR6uc_jW314AaABAg,,False,@onxrty2170,Love,0,2020-03-19T19:57:37Z,2020-03-19T19:57:37Z
UgyWaM6q958VUeHSANt4AaABAg,,False,@chanyeolexo5205,"Uri guardian.. 
M literally proud to be an Exo-L..
It's because of you who we are today!!
We are one👍🏼Saranghaja!!",1,2020-03-19T19:56:53Z,2020-03-19T19:56:53Z
Ugz__3YwR7q_lOmIkPl4AaABAg,,False,@janeschristane2134,Prince of the sea,0,2020-03-19T19:56:50Z,2020-03-19T19:56:50Z
Ugz4yrSGcySSAVSk7Wl4AaABAg,,False,@alyssiafernandez713,I can’t wait 😭😭 Finally a solo album im so excited!!! Junmyeon im so proud,0,2020-03-19T19:55:52Z,2020-03-19T19:55:52Z
UgzPp3nQXAPxOrEcaBN4AaABAg,,False,@yaoigirllife,ลงมาจากสวรรค์เหรอคะ,0,2020-03-19T19:55:32Z,2020-03-19T19:55:32Z
UgyiZ__hnCShgT36bgd4AaABAg,,False,@elianor.240,Kim art-myeon,0,2020-03-19T19:54:17Z,2020-03-19T19:54:17Z
UgyyD6PESNdslTm0iTZ4AaABAg,,False,@superleader6158,It's beautiful,0,2020-03-19T19:53:16Z,2020-03-19T19:53:16Z
UgwHCRsAoYZ1voTpIYB4AaABAg,,False,@kimamy8521,فديت ماما اكسو   فديت الملاك الحارس لاكسو   فديت قائد ملوكا,0,2020-03-19T19:53:12Z,2020-03-19T19:53:12Z
UgzvR4z5W0NN7fIydmp4AaABAg,,False,@superleader6158,This music,0,2020-03-19T19:53:00Z,2020-03-19T19:53:00Z
UgwH_XCRB98a59yQuWN4AaABAg,,False,@superleader6158,Ahhhhjjjjjj i can't wait,0,2020-03-19T19:52:36Z,2020-03-19T19:52:36Z
UgxjHJSwPOGW8WLQy9l4AaABAg,,False,@doaormanlaricoksever,Şimdiden düştüm yalnız..,1,2020-03-19T19:52:05Z,2020-03-19T19:52:05Z
UgwxCkus08V1i3xbNd54AaABAg,,False,@itzelchavez7060,Me encanta todo en este concepto,0,2020-03-19T19:51:30Z,2020-03-19T19:51:30Z
UgzbE6LsUQ4d5j3m9BN4AaABAg,,False,@khadidjahadidane8889,Love youuuuuuuu my angel,0,2020-03-19T19:50:28Z,2020-03-19T19:50:28Z
UgwYSbnYFhKVcjpSFaV4AaABAg,,False,@sandilandia,can’t wait to hear the album Suho! & I also can’t wait to get blown away by your beautiful voice ♡,0,2020-03-19T19:50:09Z,2020-03-19T19:50:09Z
UgxlRh3xx80hyWZIRyp4AaABAg,,False,@danizhina7828,"Hermoso nuestro lider
Aqui te daremos mucho amor
Saludos desde Ecuador",0,2020-03-19T19:50:03Z,2020-03-19T19:50:03Z
UgzRDwR9lDxI5-Koa2x4AaABAg,,False,@blinkolina6003,Handsom,0,2020-03-19T19:49:47Z,2020-03-19T19:49:47Z
UgyYZmHVG2YgxAdspN54AaABAg,,False,@ummihanniq8565,So handsome 😍😍😍,0,2020-03-19T19:49:39Z,2020-03-19T19:49:39Z
Ugz2oS7ZVXe_LaRzjZB4AaABAg,,False,@Cecilia-soahh,Beautiful !!!🥺,0,2020-03-19T19:49:31Z,2020-03-19T19:49:31Z
UgwZiVON2azGAfJweol4AaABAg,,False,@ليثالغاضريه,سوهوووو... ❤️❤️❤️,0,2020-03-19T19:48:32Z,2020-03-19T19:48:32Z
UgwtjNgMuzYg2HMWGGp4AaABAg,,False,@andruchajon1454,Guapo 💛💛💛💛💛,0,2020-03-19T19:48:16Z,2020-03-19T19:48:16Z
UgyjfNtpZSv3VIKXJWF4AaABAg,,False,@lynb.196,"#SUHO #Self_Portrait
We love you our leader",0,2020-03-19T19:46:44Z,2020-03-19T19:47:47Z
UgxA7TcZZYguRG4-ar14AaABAg,,False,@fatibr3333,omg suho i love you,0,2020-03-19T19:46:34Z,2020-03-19T19:46:34Z
Ugx8jXQqSk-gp06aIid4AaABAg,,False,@aliabbaspoor1291,I will waiting for you junmyeon,0,2020-03-19T19:44:29Z,2020-03-19T19:44:29Z
UgxA-nKdVnt65R8flbd4AaABAg,,False,@gg.nn1753,متاكدين هاد مو رسمه؟؟,0,2020-03-19T19:44:14Z,2020-03-19T19:44:14Z
UgzG0O3yyVoY19ffStl4AaABAg,,False,@liz3537,This is giving me such hopefulness after something bittersweet sadness and I’m here for it 👏🏼👏🏼👏🏼,0,2020-03-19T19:41:49Z,2020-03-19T19:41:49Z
Ugze7uU3a3_gVep2YH14AaABAg,,False,@samaradaniele9300,King 😍😍,0,2020-03-19T19:41:36Z,2020-03-19T19:41:36Z
UgzEdZpjGdswcJzXwSV4AaABAg,,False,@yehawexzen6723,Suho is so perfect,0,2020-03-19T19:40:25Z,2020-03-19T19:40:25Z
UgxIf3lK6rxLGzYyemh4AaABAg,,False,@eleyibalangue6384,Proud of you leadernim! 😍 you deserve this moment! ❤❤❤,0,2020-03-19T19:37:42Z,2020-03-19T19:37:42Z
UgxBDIAgyA1cvxCd-4l4AaABAg,,False,@congthanh6209,I love you my leader💚,1,2020-03-19T19:36:57Z,2020-03-19T19:36:57Z
Ugw-SuzVP8QBDITibZZ4AaABAg,,False,@exoonlykings9599,So handsome 😭❤️,0,2020-03-19T19:36:37Z,2020-03-19T19:36:37Z
UgwEeWJuCSeuImLy9Xl4AaABAg,,False,@yeraldinaldama2088,"Esperando con ansias escuchar ya tu hermosa voz. Eres tan increíble, te admiro y te amo mucho.",0,2020-03-19T19:35:39Z,2020-03-19T19:35:39Z
UgziHUoTtCqi2j2-uit4AaABAg,,False,@fahimez393,"We're Waiting for you Suho Oppa
Fighting",0,2020-03-19T19:35:30Z,2020-03-19T19:35:30Z
UgzzJb4-SVvlv0KiGRx4AaABAg,,False,@chaymae-l,Wooow super exited,0,2020-03-19T19:35:27Z,2020-03-19T19:35:27Z
UgwcNWzwfFyKkMKsSgR4AaABAg,,False,@cup1dcak3,Why are you so handsome,0,2020-03-19T19:34:03Z,2020-03-19T19:34:03Z
Ugxe8BVePPIYDYRRS2V4AaABAg,,False,@cup1dcak3,Exo-l forever,0,2020-03-19T19:33:46Z,2020-03-19T19:33:46Z
UgyYMeBWe3gaBBXkRqJ4AaABAg,,False,@trizyasha,im so happy for him,0,2020-03-19T19:33:34Z,2020-03-19T19:33:34Z
UgxjJG5JdBTsB2n-W014AaABAg,,False,@morenmagdychi1432,فخامه الليدر,0,2020-03-19T19:32:06Z,2020-03-19T19:32:06Z
UgwH389hVW6Qbwvsosh4AaABAg,,False,@zeezee2430,Can't wait😍😍❤️❤️,0,2020-03-19T19:30:53Z,2020-03-19T19:30:53Z
UgzgsaBUeMsNZKvCdTB4AaABAg,,False,@Elnaz__rs,کیم جون‌کاتن جذاب 😍🐰💦,1,2020-03-19T19:30:36Z,2020-03-19T19:30:36Z
Ugz2_24EcnkhC27qWjd4AaABAg,,False,@Elnaz__rs,Suhooo😍😍😍,0,2020-03-19T19:30:08Z,2020-03-19T19:30:08Z
UgwxLDWGPTwtoa0L4AV4AaABAg,,False,@アヌ-c6g,우리 리더 화이팅!!,0,2020-03-19T19:29:44Z,2020-03-19T19:29:44Z
UgykqBwFGN5ON-Q4CHh4AaABAg,,False,@hibataher3480,Talented+kind+funny+handsome =KING KIM JUNMYEON,0,2020-03-19T19:29:10Z,2020-03-19T19:29:10Z
Ugx-OMN5B1f79eA0e-14AaABAg,,False,@eyebrowstj,"I barely made it to the end of this video due to his visuals. Wow!

#GetWellSoonWendy",0,2020-03-19T19:29:02Z,2020-03-19T19:29:02Z
UgyYNYyFB6NnmmyRnzZ4AaABAg,,False,@ydkmblmhp5212,Suho our leader,0,2020-03-19T19:27:45Z,2020-03-19T19:27:45Z
UgyrpX785dGNWFXeLuh4AaABAg,,False,@ydkmblmhp5212,Suho we are proud of you ! Keep doing what you like and we will support you as always,0,2020-03-19T19:27:30Z,2020-03-19T19:27:30Z
UgzwXbzFLrLeKef0IRx4AaABAg,,False,@-knndd4287,AAAAAAAHHHHHH JUNMYEON IS PERFECTION JUNMYEON IS PERFECTION JUNMYEON IS PERFECTION JUNMYEON IS PERFECTION.,3,2020-03-19T19:25:52Z,2020-03-19T19:25:52Z
UgxR25ZEDG50K_bh2z14AaABAg,,False,@noexonolife1713,Omg.. Why do you look so heavenly?,0,2020-03-19T19:24:52Z,2020-03-19T19:24:52Z
UgyCSWdOukUzP5TT7ql4AaABAg,,False,@esraaelsayed6905,You on fire,0,2020-03-19T19:23:51Z,2020-03-19T19:23:51Z
UgxRD8S0cqD9zmhsFtJ4AaABAg,,False,@imacat-7746,OUR PRINCEEE,0,2020-03-19T19:23:33Z,2020-03-19T19:23:33Z
UgwUiWvcNCJhHw-AXop4AaABAg,,False,@neha_chourasiya791,Saranghaja,0,2020-03-19T19:23:32Z,2020-03-19T19:23:32Z
UgxmQM8Dgts0YEbMYqN4AaABAg,,False,@씨발꺼져-c8y,준면아 사랑해,0,2020-03-19T19:22:41Z,2020-03-19T19:22:41Z
UgyfV4VtnDrvfYYrhRF4AaABAg,,False,@김민지-v5j7o,수호야 사랑해❤❤❤,0,2020-03-19T19:22:12Z,2020-03-19T19:22:12Z
UgxBRkq3hQrrt_cJUeR4AaABAg,,False,@exoweareone9636,Exo fighting!!!!❤❤❤,1,2020-03-19T19:21:55Z,2020-03-19T19:21:55Z
UgyDG7WmlWwAyux5sgF4AaABAg,,False,@Livyloo757,Our handsome leader❤️🥺,0,2020-03-19T19:21:48Z,2020-03-19T19:21:48Z
UgxrJLet3H4FAl_BVq14AaABAg,,False,@narengee6564,YOOooo I'm  excited,0,2020-03-19T19:21:12Z,2020-03-19T19:21:12Z
Ugy38_KqvodT1-pAHCt4AaABAg,,False,@hyuugajunpei9155,those moles...,0,2020-03-19T19:20:52Z,2020-03-19T19:20:52Z
UgxKLbbSpi9tDuwOvBV4AaABAg,,False,@GaGa-hp7cs,Im so so so excited for our leadernim,0,2020-03-19T19:20:11Z,2020-03-19T19:20:11Z
Ugxr2omHsoN6_rg2-MR4AaABAg,,False,@hyuugajunpei9155,i'm in love,0,2020-03-19T19:20:07Z,2020-03-19T19:20:07Z
Ugw0IQ3Tgr2P-FNIpuF4AaABAg,,False,@말랑콩떡갱얼쥐큥이,벌써부터 개땅곡 예상한다 비트 개좋아 준면아 ㅠㅠㅠㅠㅠㅠㅠㅠㅠ사랑해진짜ㅠㅠㅠㅠ,0,2020-03-19T19:19:57Z,2020-03-19T19:19:57Z
UgwVMatrBAJ2AXV4Xi14AaABAg,,False,@pearlsugarfairy,He is art itself.,0,2020-03-19T19:19:55Z,2020-03-19T19:19:55Z
Ugx1sFOYV_6YrB_Qo5t4AaABAg,,False,@luumh_01,Junmyeon ♡,0,2020-03-19T19:18:40Z,2020-03-19T19:18:40Z
Ugw0J_HzSsTzPeNZWpF4AaABAg,,False,@luumh_01,Bello ♡,0,2020-03-19T19:18:29Z,2020-03-19T19:18:29Z
Ugw0laAvBvrsIDnp3U54AaABAg,,False,@luumh_01,Hermoso ♡,0,2020-03-19T19:18:21Z,2020-03-19T19:18:21Z
UgzLlspkNVcecQgxIkZ4AaABAg,,False,@StarFeather,i love you suho,0,2020-03-19T19:18:14Z,2020-03-19T19:18:14Z
UgxCNGin0MEf7vJvClB4AaABAg,,False,@khadijak5464,Suho love you King. Can't wait for your solo debut and music 🌻🌻🌻🌻🌻✨✨✨,0,2020-03-19T19:18:13Z,2020-03-19T19:18:13Z
UgwIaCoIKHKMA4JCcmx4AaABAg,,False,@StarFeather,ethereal,0,2020-03-19T19:18:07Z,2020-03-19T19:18:07Z
UgyHCGP_PWf4KoWU3L94AaABAg,,False,@honeymoon2656,ERES ARTE KIM JUNMYEON,0,2020-03-19T19:17:52Z,2020-03-19T19:17:52Z
Ugyzdv_KbkDagkvsx-J4AaABAg,,False,@souheila7942,Suuuhooooooo♡,0,2020-03-19T19:16:37Z,2020-03-19T19:16:37Z
Ugydr0d6NMOPpS0cVPF4AaABAg,,False,@sehunwind7673,Te amo,0,2020-03-19T19:15:25Z,2020-03-19T19:15:25Z
Ugx6XH6XHzY16gT7KTV4AaABAg,,False,@sunayonel1695,"Kısacık halinde bile yürek hoplatıyor vicdansız. Zalımın oğlu musun da bu kadar can yakıyosun acaba , insafın mı yok Suhoo??",0,2020-03-19T19:14:56Z,2020-03-19T19:14:56Z
UgzGKcT8LJ8mO5-6ntF4AaABAg,,False,@rockleehair,this aesthatic boi,0,2020-03-19T19:14:44Z,2020-03-19T19:14:44Z
UgwC0efWpNm4QyzV4mt4AaABAg,,False,@exol0t992,"Our love we have for our leader is beautiful 😭 Exo and Exol, we are one 💕 let's continue to love and support our Exo and each other!",1,2020-03-19T19:13:55Z,2020-03-19T19:13:55Z
Ugyi1Y3U4LsM3Rz1eWR4AaABAg,,False,@nooreldeen01,سكلولو 😂😂,0,2020-03-19T19:13:38Z,2020-03-19T19:13:38Z
UgzrYzfEUQEMe3FQKON4AaABAg,,False,@binh7164,DiosSuho nos va a traer arte !,0,2020-03-19T19:12:39Z,2020-03-19T19:12:39Z
UgxXHG4_Mn3s9BXTwfJ4AaABAg,,False,@aic0580,"I love you so much baby, the album is going to be amazing I just know!!",0,2020-03-19T19:12:29Z,2020-03-19T19:12:29Z
Ugx3xb6O53B1OsUVUYl4AaABAg,,False,@cheehee,I'm waiting for BP's comeback so I'm just going to listen to the other groups new comeback 😭,0,2020-03-19T19:12:24Z,2020-03-19T19:12:24Z
UgxUs_x8tNeskbHS0zZ4AaABAg,,False,@exol0t992,How...how is it possible to make someone cry literally from just being gorgeous?! This whole thing has me so emotional..watching him grow as leader and as Junmyeon for the past 8 years..I'm so proud of you Suho. 💕,25,2020-03-19T19:12:23Z,2020-03-19T19:12:23Z
UgzP73LaQI-l0VYnfSF4AaABAg,,False,@sehunoh1914,The number of views and likes...yall he is our Kim Junmyeeeeon,0,2020-03-19T19:11:41Z,2020-03-19T19:11:41Z
UgyfGTCyWvnRi45EkaJ4AaABAg,,False,@gladyschumpitaz6994,😃👍,1,2020-03-19T19:11:34Z,2020-03-19T19:11:34Z
UgzMYKmXmKhWh5lHWq14AaABAg,,False,@aic0580,JUNMYEON YOU DESERVE ALL THE LOVE IN THIS WORLD!!!!!!,1,2020-03-19T19:10:45Z,2020-03-19T19:10:45Z
UgxtDega47QClhWuOft4AaABAg,,False,@wafatitoum6928,"Fek , i can't even breath",0,2020-03-19T19:10:31Z,2020-03-19T19:10:31Z
UgwK4NrxIGcmt5N45g14AaABAg,,False,@aic0580,THIS IS GOING TO BE THE BEST ALBUM OF 2020!!!!!!,0,2020-03-19T19:10:24Z,2020-03-19T19:10:24Z
UgxlAKyLkFPqD4pjPLN4AaABAg,,False,@nalinichavan1553,"Suho's ""Self-Portrait"" Mood Sampler-
ARCHIVE #1 OCEAN: A deep and wide Ocean.
ARCHIVE #2 OASIS: An Oasis in the middle of a dry desert. 
// junmyeon's superpower > water..",1,2020-03-19T19:10:21Z,2020-03-19T19:10:21Z
UgzUKoA8WTkmXPVdU2F4AaABAg,,False,@윙가디움레비오우사,캬....얼굴에 취한다,0,2020-03-19T19:10:18Z,2020-03-19T19:10:18Z
UgxvcpzXrIOOlwuW0NV4AaABAg,,False,@ninmotion-1,♡♡♡♡♡♡♡♡♡♡♡♡♡,0,2020-03-19T19:09:33Z,2020-03-19T19:09:33Z
Ugyf3JSs4ayzBko13jZ4AaABAg,,False,@nadiasayed1205,😍❤❤❤I'm in love with you,0,2020-03-19T19:09:28Z,2020-03-19T19:09:28Z
UgzjmBa4ygMwvW_23WV4AaABAg,,False,@enkyzato8980,Perfect🇰🇷🇵🇪🥰,2,2020-03-19T19:09:19Z,2020-03-19T19:09:19Z
UgzSnMXSbDSF0X6BwAt4AaABAg,,False,@user-po9cm1rs6w,سوهو ❤❤❤❤,2,2020-03-19T19:08:37Z,2020-03-19T19:08:37Z
UgyKuNv1WnR1JT4_NkV4AaABAg,,False,@PARKJIMIN-bx1tz,بسم الله بسم الله شوي شوي علي قلبي يمااااااااا فديت,13,2020-03-19T19:08:31Z,2020-03-19T19:08:31Z
UgyKuNv1WnR1JT4_NkV4AaABAg.96OnPjGu-2096Qw14bXabs,UgyKuNv1WnR1JT4_NkV4AaABAg,True,@_parkchanyeol_3580,كونك ارمي شكرا لدعمك لقائدنا,0,2020-03-20T15:02:16Z,2020-03-20T15:02:16Z
UgyaUxp7fVlPEI5Yc5F4AaABAg,,False,@elizaoh1896,Te amoooo,0,2020-03-19T19:06:50Z,2020-03-19T19:06:50Z
UgzAta3VBXD_NUfP52V4AaABAg,,False,@honeyme098,Our Leader ;),0,2020-03-19T19:06:36Z,2020-03-19T19:06:36Z
UgxfxPpOMKFbbK8E4qB4AaABAg,,False,@zohrehmaleki4311,هنر = کیم جونمیون,0,2020-03-19T19:05:52Z,2020-03-19T19:05:52Z
UgxKvRhmXXLX58nZ7cB4AaABAg,,False,@chromosomeceochromosomeceo6405,The definition of perfection,0,2020-03-19T19:05:30Z,2020-03-19T19:05:30Z
Ugz0LviVyW0dMdVzghJ4AaABAg,,False,@jordaniaviana9482,Lindo ❤,0,2020-03-19T19:04:39Z,2020-03-19T19:04:39Z
UgxbBtUChaRbFJa95k94AaABAg,,False,@AERI-,Ulusun Lideri Junmyeon,0,2020-03-19T19:04:23Z,2020-03-19T19:04:23Z
Ugy19wrPCNLRiUsAk7t4AaABAg,,False,@SabaEhsan-nd3ny,كيم لوحةفنية ميون 💞💞💞💞💞💞💞💞💞💞,7,2020-03-19T19:04:07Z,2020-03-19T19:04:07Z
Ugy19wrPCNLRiUsAk7t4AaABAg.96Omua_dA3896P02goJi-e,Ugy19wrPCNLRiUsAk7t4AaABAg,True,@nanoexo_l9785,احذفوا الايموجي لانها تحذف المشاهدات حبيبتي وانشري هالشي,1,2020-03-19T21:07:42Z,2020-03-19T21:07:42Z
UgyMZjPBXUzcumfh8fJ4AaABAg,,False,@AERI-,Hih be,0,2020-03-19T19:03:58Z,2020-03-19T19:03:58Z
UgypUHTe3a07JWg_qwp4AaABAg,,False,@greciamartinezchan100,Eres arte,0,2020-03-19T19:03:16Z,2020-03-19T19:03:16Z
UgzHmdZTxYsyMtApFPh4AaABAg,,False,@saramohammad96,اذا التيزرات كذا ايش بكون الام في,0,2020-03-19T19:03:13Z,2020-03-19T19:03:13Z
UgxDJSWkFaoRjYOjHzt4AaABAg,,False,@greciamartinezchan100,Lo amo y aun no escucho,0,2020-03-19T19:03:11Z,2020-03-19T19:03:11Z
UgwlaJ5PWnCFW931xSx4AaABAg,,False,@duckmoonduck,"I'm so fucking excited, this is the perfect way to treat myself after I finish this uni year, really gives me something to look forward to",0,2020-03-19T19:03:09Z,2020-03-19T19:03:09Z
Ugw8EAYgvNWue8BGI954AaABAg,,False,@MidnightLover506,the concept is so beautiful and pure it's just like junmyeonie 💜💜💜,0,2020-03-19T19:03:00Z,2020-03-19T19:03:00Z
Ugxdxt_0zF3OfDyHC7R4AaABAg,,False,@greciamartinezchan100,Eres la única razón por la que sigo adelante,0,2020-03-19T19:02:57Z,2020-03-19T19:02:57Z
UgzyMbuLF1Sxqm4OY-h4AaABAg,,False,@zinebhafsa6730,"We are one 
The best leader 
اكسوو الملووك 
Arab Exol",121,2020-03-19T19:02:32Z,2020-03-19T21:05:01Z
UgzyMbuLF1Sxqm4OY-h4AaABAg.96OmivcvR0496OzPjuknMH,UgzyMbuLF1Sxqm4OY-h4AaABAg,True,@nvnvex9,لو سمحتي احذفي الايموجيز لانها تجمد المشاهدات,2,2020-03-19T20:53:22Z,2020-03-19T20:53:22Z
UgzyMbuLF1Sxqm4OY-h4AaABAg.96OmivcvR0496QacjjlsN8,UgzyMbuLF1Sxqm4OY-h4AaABAg,True,@آگسوآلآوبتگآيآلنيني,"@@nvnvex9 
ييي صح",0,2020-03-20T11:55:18Z,2020-03-20T11:55:18Z
UgwW0smZ_7gFqpEhYWR4AaABAg,,False,@kellygianellaguillenhuaman5756,😭,0,2020-03-19T19:02:05Z,2020-03-19T19:02:05Z
UgzE9OumZVkbB4HfGJF4AaABAg,,False,@ninl6994,suho is prince,0,2020-03-19T19:02:03Z,2020-03-19T19:02:03Z
UgzVuVX-LDazcIzdviZ4AaABAg,,False,@wearewithexo9forever387,اموووووووح احبههه فخرنه  :),0,2020-03-19T19:01:58Z,2020-03-19T19:03:32Z
UgztHk3WqWO159ZQIqN4AaABAg,,False,@Maele5,Wow I have no words😭💖💖💖,0,2020-03-19T19:01:36Z,2020-03-19T19:01:36Z
UgwvC3SCnDDL0yt8dk54AaABAg,,False,@ninl6994,prince,0,2020-03-19T19:00:55Z,2020-03-19T19:00:55Z
UgxEHOa__7dfTxfuQr14AaABAg,,False,@ss-sd1rk,POR PRIMERA VEZ EN MI VIDA ME JODE QUE NO PUEDA PONER MÁS DE UN LIKE AHHHHH,0,2020-03-19T19:00:46Z,2020-03-19T19:00:46Z
UgwscR1oG-1ln1UJDzV4AaABAg,,False,@현미바푸리,"본능적으로 이번 앨범이 대박날 거라는 것을 느꼈다,,, 김준면 너무 잘생긴거 아니야????????????",0,2020-03-19T19:00:46Z,2020-03-19T19:00:46Z
UgzSI1E4V3dzGn-_jBZ4AaABAg,,False,@ninl6994,oh god,0,2020-03-19T19:00:26Z,2020-03-19T19:00:26Z
UgwfdoYTnUSUpC175Bx4AaABAg,,False,@zam8134,he‘s so beautiful 🥺🥺,0,2020-03-19T19:00:01Z,2020-03-19T19:00:01Z
UgxToz5xY-y8-1OIIC94AaABAg,,False,@baekhyunieexo307,Sooooooooooo handsome I'm crying,0,2020-03-19T18:58:55Z,2020-03-19T18:58:55Z
UgyXmH3edwyyr6p1GRh4AaABAg,,False,@voomromm,Harabojiii,0,2020-03-19T18:58:53Z,2020-03-19T18:58:53Z
Ugzupi7_XBi2jyBvtLV4AaABAg,,False,@rachelfjh,내 남자칭구 내 사랑 💕,0,2020-03-19T18:58:01Z,2020-03-19T18:58:01Z
Ugxrytg8X5tqPwW8Krx4AaABAg,,False,@mayp558,"💙Art Vibe &​ Perfect💚
= Our KIMJUNcotton. 
, 
luv💗",0,2020-03-19T18:57:52Z,2020-03-19T18:57:52Z
UgyGiLUE2VreosOsC1N4AaABAg,,False,@almaannasha8977,I am drowning in the art named junmyeon...,0,2020-03-19T18:57:33Z,2020-03-19T18:57:33Z
UgzR4T6UL0ttd5r5mwl4AaABAg,,False,@nanoexo_l9785,تم السيطره على خانه التعليقات من قبل عرب اكسوالز,13,2020-03-19T18:57:07Z,2020-03-19T18:57:07Z
UgxXszGr2GtyAynj_8p4AaABAg,,False,@atmdkkaru,Очень красивый,1,2020-03-19T18:56:55Z,2020-03-19T18:56:55Z
UgyeJkFlTa1n3fGr4IR4AaABAg,,False,@alaalolo706,Really Soooooo perfect,0,2020-03-19T18:56:48Z,2020-03-19T18:56:48Z
UgwozOPECiMxw_LJuZt4AaABAg,,False,@derya137,Türkler hazırlanın şimdiden,1,2020-03-19T18:56:34Z,2020-03-19T18:56:34Z
UgxocRTvm2fjzVYO0Rx4AaABAg,,False,@jin4506,하.....무슨 말이 필요할까........준면아 네가 👍👍👍👍이다ㅠㅠ,0,2020-03-19T18:55:07Z,2020-03-19T18:55:07Z
UgwGL7S5IrzCwPOx_tF4AaABAg,,False,@h2puppy356,수호 목소리로 가득 찬 노래 기대된다,0,2020-03-19T18:54:25Z,2020-03-19T18:54:25Z
UgytGXCH3oGzEgaTW4B4AaABAg,,False,@jaylengarcia7763,Oml❤️,0,2020-03-19T18:53:21Z,2020-03-19T18:53:21Z
UgxmVp_B3RXH9AEy-SV4AaABAg,,False,@ohhisu7782,Out leader  is the best leader ever love u our suho,0,2020-03-19T18:53:01Z,2020-03-19T18:53:28Z
Ugz2ODF2cFRC17qGDZ94AaABAg,,False,@chcfgfig2840,"چرا باید اینقد زیااااد قشنگ باشی هااااا
زندگییییییی",0,2020-03-19T18:51:35Z,2020-03-19T18:51:35Z
UgyYnRmECYuizrGpFYt4AaABAg,,False,@BeyeCotoc,Que hermoso concepto! que precioso Suho!!!,0,2020-03-19T18:51:28Z,2020-03-19T18:51:28Z
UgwwIv4YnA-EjsFkFwR4AaABAg,,False,@kimshoug6285,"فدييييييت سوهووو ايجنننن 
We are one 
We love youuuuu EXO 
ARAB EXO_L 💖💖",24,2020-03-19T18:51:15Z,2020-03-19T18:51:15Z
UgwwIv4YnA-EjsFkFwR4AaABAg.96OlRLCU36N96OmQVSUTJL,UgwwIv4YnA-EjsFkFwR4AaABAg,True,@ayla1756,يول احذفي الايموجي,0,2020-03-19T18:59:52Z,2020-03-19T18:59:52Z
UgyxbfYqM_eK7gSHvdh4AaABAg,,False,@auliaputriwulandari6679,GANTENG BANGET BAPAK! GAK CAPEK APA?!,0,2020-03-19T18:50:47Z,2020-03-19T18:50:47Z
Ugyuwuym4jgieypCzlJ4AaABAg,,False,@pakpichanu2077,U r really cool baby,0,2020-03-19T18:50:43Z,2020-03-19T18:53:58Z
Ugyuwuym4jgieypCzlJ4AaABAg.96OlNNjHbTQ96OlRpiJxq0,Ugyuwuym4jgieypCzlJ4AaABAg,True,@ayla1756,pls without emoji,0,2020-03-19T18:51:19Z,2020-03-19T18:51:19Z
Ugyuwuym4jgieypCzlJ4AaABAg.96OlNNjHbTQ96Oll_5vBJy,Ugyuwuym4jgieypCzlJ4AaABAg,True,@pakpichanu2077,@@ayla1756 sorry,0,2020-03-19T18:54:09Z,2020-03-19T18:54:09Z
UgxCL5zdtECo_4UcS8t4AaABAg,,False,@إكومي-ق5ش,♡ARMY AND EXO-L♡,1,2020-03-19T18:50:35Z,2020-03-19T18:50:35Z
UgwXGnl9Ay3NfkeqDrB4AaABAg,,False,@k-star1777,Lindo♡,0,2020-03-19T18:49:43Z,2020-03-19T18:49:43Z
UgysAQmMEfiqEZOI_MZ4AaABAg,,False,@hussunalobidy7167,I love Soho from Iraq💜💜💜🇮🇶,3,2020-03-19T18:49:31Z,2020-03-19T18:49:31Z
UgysAQmMEfiqEZOI_MZ4AaABAg.96OlEcZz8oQ96OlWfHRImP,UgysAQmMEfiqEZOI_MZ4AaABAg,True,@ayla1756,احذفي الايموجي,1,2020-03-19T18:51:58Z,2020-03-19T18:51:58Z
UgysAQmMEfiqEZOI_MZ4AaABAg.96OlEcZz8oQ96Olhvyu0vx,UgysAQmMEfiqEZOI_MZ4AaABAg,True,@hussunalobidy7167,@@ayla1756 ليش,1,2020-03-19T18:53:39Z,2020-03-19T18:53:39Z
UgysAQmMEfiqEZOI_MZ4AaABAg.96OlEcZz8oQ96Om2XiIkMh,UgysAQmMEfiqEZOI_MZ4AaABAg,True,@ayla1756,@@hussunalobidy7167  تجمد المشاهدات,1,2020-03-19T18:56:36Z,2020-03-19T18:56:36Z
UgxGsatUbtvQEI8wOu14AaABAg,,False,@tefamartinez2355,"ES ARTE, ES PERFECCIÓN, ES UN DIOS!!! 😍🔥🥵",0,2020-03-19T18:48:34Z,2020-03-19T18:48:34Z
UgzRtYiFmFv7AmhXEYd4AaABAg,,False,@emanabbas,"[SELF PORTRAIT- SUHO]👀💙

Theory#04: 
As I told you in the second theory that blue colour was showing calmness and serene, yet it sometimes can seem icy , distant and cold but in this teaser there is a little bit difference like I think here the water is describing life , freedom and also representing the fine balance between emotional and spiritual , strength , chaos & peace 👣

And the mirror maybe representing a portal or doorway into other realms or Suho maybe giving us the message that be ""be conscious today where your focus is drawn"" or maybe it can be representing the reflection of other back to themselves , endlessness , shattering truth , clarifier , discrimination , timelessness.
And do you all notice that there was a sudden change of colours into black maybe it must be representing "" Shadow"" or maybe some kind of mystery 🖤🔥

And Suho is wearing light brown color suit which is often used as neutral in design and fashion. And the brown background tends to feel like a solid , earthly color maybe giving us the inherent calmness and sophistication 💫

Tbh I'm feeling dumb day by day as the teasers are coming 🤐🥴 because Suho is giving me so many vibes and ideas that making my brain cells damage 🤦 btw thank you for reading this and keep supporting EXO ! 
©️Eman Abbas

@officially_emmy @k_actor_jcw_pakistan",0,2020-03-19T18:48:20Z,2020-03-19T18:48:20Z
UgzRtYiFmFv7AmhXEYd4AaABAg.96Ol5vMyMV796Olu0HZSKW,UgzRtYiFmFv7AmhXEYd4AaABAg,True,@saramohammad96,No emoji,0,2020-03-19T18:55:18Z,2020-03-19T18:55:18Z
UgzRtYiFmFv7AmhXEYd4AaABAg.96Ol5vMyMV796OlyvuTPnp,UgzRtYiFmFv7AmhXEYd4AaABAg,True,@saramohammad96,Omg delete whole your emoji,0,2020-03-19T18:55:58Z,2020-03-19T18:55:58Z
UgyfKwGh9PywxTF4Ggp4AaABAg,,False,@azharahmed8267,Perfect,0,2020-03-19T18:46:46Z,2020-03-19T18:46:46Z
UgxV0Reoq0c94KrBQ0l4AaABAg,,False,@fatima.97l,ايجننن ابن البن البن البن,12,2020-03-19T18:45:56Z,2020-03-27T19:28:46Z
UgwpNhPvzxPTPStFvc94AaABAg,,False,@fatima.97l,سبحانك يارب إلى خلقته من طينك يجنننن,13,2020-03-19T18:45:45Z,2020-03-19T18:45:45Z
UgxNpn_BsSwzrj7wDsh4AaABAg,,False,@lina_1172,Ya quiero escuchar su musica 💖,0,2020-03-19T18:45:37Z,2020-03-19T18:45:37Z
UgyR9Chzngn25-UpOqR4AaABAg,,False,@exoweareone3395,التعليقات العربية محتلة المنطقة يلا عرب ندعم ابنا سوهو,22,2020-03-19T18:44:53Z,2020-03-19T18:44:53Z
UgyR9Chzngn25-UpOqR4AaABAg.96OkheP-AkN96PvLRcB8IO,UgyR9Chzngn25-UpOqR4AaABAg,True,@otakosan1235,اعشق سوهو بس اكتب التعليق انجليزي عشان يفهمه,1,2020-03-20T05:37:04Z,2020-03-20T05:37:04Z
Ugx4n839KjZaYzFW_Nh4AaABAg,,False,@jojosuho5678,😍😍😍,0,2020-03-19T18:44:50Z,2020-03-19T18:44:50Z
UgxSjvtRfVwVDCyVm5Z4AaABAg,,False,@baek_ana6275,واووو,0,2020-03-19T18:43:58Z,2020-03-19T18:43:58Z
UgwM-YgP6cBgD-aRw5x4AaABAg,,False,@rmakeroglu3525,CANIMIN HİÇBİR DEĞERİ YOK AĞAĞAĞAĞQĞAĞĞA,0,2020-03-19T18:43:56Z,2020-03-19T18:43:56Z
Ugz57JdoXkIySvCppB14AaABAg,,False,@baek_ana6275,جميللل,0,2020-03-19T18:43:53Z,2020-03-19T18:43:53Z
UgwmaT-WjrMOjplXPap4AaABAg,,False,@baek_ana6275,واوو,0,2020-03-19T18:43:32Z,2020-03-19T18:43:32Z
Ugyu66boS8RVcPhJaqR4AaABAg,,False,@hyunee_exo,Love you so much Suho,0,2020-03-19T18:43:05Z,2020-03-19T18:43:05Z
Ugz-JXgsvBfTqzK0FFl4AaABAg,,False,@hyunee_exo,So beautiful 😭,0,2020-03-19T18:42:57Z,2020-03-19T18:42:57Z
Ugz-JXgsvBfTqzK0FFl4AaABAg.96OkUZW47gp96OlffSTLNd,Ugz-JXgsvBfTqzK0FFl4AaABAg,True,@ayla1756,pls without emoji,0,2020-03-19T18:53:21Z,2020-03-19T18:53:21Z
Ugz-JXgsvBfTqzK0FFl4AaABAg.96OkUZW47gp96OlrmCU1Yg,Ugz-JXgsvBfTqzK0FFl4AaABAg,True,@hyunee_exo,Ok,0,2020-03-19T18:55:00Z,2020-03-19T18:55:00Z
UgzQspV3__mb3evYdC14AaABAg,,False,@LENA-ms8ts,"ماما جونـميون ،،""",12,2020-03-19T18:42:53Z,2020-03-19T18:42:53Z
UgzJ8sbOJzNqKZBqVX94AaABAg,,False,@exoweareone3395,شو هذا الجمال ملك جمال والله فخم روعة,9,2020-03-19T18:42:47Z,2020-03-19T18:42:47Z
UgyCKTuirhZv6LgbkxJ4AaABAg,,False,@salinasanayamiriam9271,"Mi niño ya se merecía un álbum como solista :"") ❤️ va a ser arte",0,2020-03-19T18:42:32Z,2020-03-19T18:42:32Z
UgyCKTuirhZv6LgbkxJ4AaABAg.96OkRTx00It96OmYsqumvp,UgyCKTuirhZv6LgbkxJ4AaABAg,True,@saramohammad96,No emoji pls,0,2020-03-19T19:01:01Z,2020-03-19T19:01:01Z
UgzZKMqHKf39qf5-ikp4AaABAg,,False,@LENA-ms8ts,....,0,2020-03-19T18:41:59Z,2020-03-19T18:41:59Z
Ugybh55l8kHnLuRWqHJ4AaABAg,,False,@meisaistifaiyah421,"I am really proud of Suho because he really works hard and he is very talented with everything, he really loves his members and his members also love Suho , he is also very good at pouring his heart into his first album.
I’m so excited for this
We are one.",44,2020-03-19T18:41:42Z,2020-03-19T18:41:42Z
Ugx8y08zxluwdzTbGjx4AaABAg,,False,@rebellefleur2044,I cant wait,0,2020-03-19T18:41:39Z,2020-03-19T18:41:39Z
UgyBRD261XFINKErlft4AaABAg,,False,@meesarad5607,أنا إيش يصبرني لين العودةةة,0,2020-03-19T18:41:01Z,2020-03-19T18:41:01Z
UgxzXfBlKpEkFPTX-cJ4AaABAg,,False,@marshmallow_9915,So beautiful 😍💞,1,2020-03-19T18:40:59Z,2020-03-19T18:40:59Z
UgxzXfBlKpEkFPTX-cJ4AaABAg.96OkGAbluV096OklbBKWR0,UgxzXfBlKpEkFPTX-cJ4AaABAg,True,@ayla1756,pls without emoji,1,2020-03-19T18:45:25Z,2020-03-19T18:45:25Z
Ugy8nWpOdNfY3Sr387p4AaABAg,,False,@ےكہٰائناتہٰ,حلووو,0,2020-03-19T18:40:38Z,2020-03-19T18:40:38Z
UgxqNi2gWaN_OdZ4yoN4AaABAg,,False,@jeijeineb,Our joy,0,2020-03-19T18:40:30Z,2020-03-19T18:40:30Z
UgySJOfcH7FFwgsF69p4AaABAg,,False,@Hwang_56,듣기도 전에 얼굴이 다 했다❤️,0,2020-03-19T18:39:46Z,2020-03-19T18:39:46Z
Ugxxrp9tjZt7NfVbCWB4AaABAg,,False,@paryanavidzadeh6277,😭😭❤️❤️❤️❤️❤️❤️🥰🥰❤️,0,2020-03-19T18:39:22Z,2020-03-19T18:39:22Z
Ugxxrp9tjZt7NfVbCWB4AaABAg.96Ok4G_e7q296Ok7NYls6q,Ugxxrp9tjZt7NfVbCWB4AaABAg,True,@renrenrenrenrenren,*pls without emoji*,0,2020-03-19T18:39:47Z,2020-03-19T18:39:47Z
Ugy4H1Vn4dbHcjGTLgJ4AaABAg,,False,@idontknowwhereimgoingbutim5238,I AM FUCKING READY TO BE SLAYED,0,2020-03-19T18:38:54Z,2020-03-19T18:38:54Z
UgzA9hZYo54Eql_bf9Z4AaABAg,,False,@myvesv,como que me dieron ganas de llorar,0,2020-03-19T18:38:25Z,2020-03-19T18:38:25Z
UgzhECTx9bQYM1mkEXd4AaABAg,,False,@saramohammad96,OMG  suho you look great,0,2020-03-19T18:38:10Z,2020-03-19T18:50:54Z
UgzhECTx9bQYM1mkEXd4AaABAg.96OjwUzFOu396Ok9BwcHGK,UgzhECTx9bQYM1mkEXd4AaABAg,True,@renrenrenrenrenren,*احذففي الايموجي*,0,2020-03-19T18:40:02Z,2020-03-19T18:40:02Z
UgzhECTx9bQYM1mkEXd4AaABAg.96OjwUzFOu396OkPpYKWeg,UgzhECTx9bQYM1mkEXd4AaABAg,True,@ayla1756,بدون ايموجي,0,2020-03-19T18:42:18Z,2020-03-19T18:42:18Z
UgzhECTx9bQYM1mkEXd4AaABAg.96OjwUzFOu396OlML_F9CU,UgzhECTx9bQYM1mkEXd4AaABAg,True,@saramohammad96,@@renrenrenrenrenren اسفة في حملة دعم يعني ؟اذا فيه احكولي عنها  لاني صراحة منقطعة عن العالم الفترة هاي .,0,2020-03-19T18:50:34Z,2020-03-19T18:52:47Z
UgzhECTx9bQYM1mkEXd4AaABAg.96OjwUzFOu396OlPkbWWjM,UgzhECTx9bQYM1mkEXd4AaABAg,True,@saramohammad96,@@ayla1756 اسفة,0,2020-03-19T18:51:02Z,2020-03-19T18:51:02Z
UgzhECTx9bQYM1mkEXd4AaABAg.96OjwUzFOu396Ols57F9pZ,UgzhECTx9bQYM1mkEXd4AaABAg,True,@ayla1756,@@saramohammad96  يول الايموجي تجمد المشاهداتتت بدون ايموجي,0,2020-03-19T18:55:02Z,2020-03-19T18:55:02Z
UgwMWZ6EtNHP77o2bFN4AaABAg,,False,@haticeozgul9508,🇹🇷❤🇰🇷,0,2020-03-19T18:38:06Z,2020-03-19T18:38:06Z
UgwXFxMiEnGCyjkKOrR4AaABAg,,False,@raniarania189,yepoudaaaaaaaaaaaaaaaa,0,2020-03-19T18:37:42Z,2020-03-19T18:37:42Z
Ugz3ihH1h_y7hN4JmRt4AaABAg,,False,@Lu-me2fe,Потрясающе!! Настоящее искусство т.т,0,2020-03-19T18:37:27Z,2020-03-19T18:37:27Z
UgyP98kYIWouqSFwrVd4AaABAg,,False,@laijacqueline,i already knowwwwwwww im gonna love this album,0,2020-03-19T18:37:13Z,2020-03-19T18:37:13Z
UgxXX6FxFOouBaCdvw94AaABAg,,False,@umamnaalyaqubee6821,No comment 😖😍😍😍😍😍😍😍,0,2020-03-19T18:36:37Z,2020-03-19T18:36:37Z
UgxXX6FxFOouBaCdvw94AaABAg.96Ojl73XSSI96OjtsfiDA_,UgxXX6FxFOouBaCdvw94AaABAg,True,@jenniekim9842,*delete the emoji bby(:!!*,0,2020-03-19T18:37:48Z,2020-03-19T18:37:48Z
Ugx5G0uGVEniO0zEKCp4AaABAg,,False,@zyxdimple3780,HERMOSO 🥵❤️❤️,0,2020-03-19T18:36:13Z,2020-03-19T18:36:13Z
Ugx5G0uGVEniO0zEKCp4AaABAg.96OjiC7hbTE96OjrkCkDtx,Ugx5G0uGVEniO0zEKCp4AaABAg,True,@jenniekim9842,*pls delete the emoji!!*,0,2020-03-19T18:37:31Z,2020-03-19T18:37:31Z
UgzlCD_M19vAdVyZUMl4AaABAg,,False,@healer1297,فدوووة فدوووووة ㅠㅠ,0,2020-03-19T18:36:06Z,2020-03-19T18:36:06Z
UgzYKp8TQEGyGcC9ROx4AaABAg,,False,@JungkookOfficial1997,Look at him grow🤩 Goshh so beautiful. Can't wait 😍😍,0,2020-03-19T18:35:45Z,2020-03-19T18:35:45Z
UgxNgNzDqkt23Ern40V4AaABAg,,False,@erikaa5683,Eyecandy!😍😍😍,0,2020-03-19T18:35:29Z,2020-03-19T18:35:29Z
UgxNgNzDqkt23Ern40V4AaABAg.96Ojcs49uA296OjvVRd7h3,UgxNgNzDqkt23Ern40V4AaABAg,True,@jenniekim9842,*delete the emoji!!*,0,2020-03-19T18:38:02Z,2020-03-19T18:38:02Z
UgxNgNzDqkt23Ern40V4AaABAg.96Ojcs49uA296OkWnmu4UI,UgxNgNzDqkt23Ern40V4AaABAg,True,@ayla1756,pls without emoji,0,2020-03-19T18:43:15Z,2020-03-19T18:43:15Z
UgxV21TYhEAkT4YmYh94AaABAg,,False,@leejoobi8884,❤🐰,0,2020-03-19T18:35:18Z,2020-03-19T18:35:18Z
UgxV21TYhEAkT4YmYh94AaABAg.96OjbVeCAqe96Ojy-UVQh0,UgxV21TYhEAkT4YmYh94AaABAg,True,@jenniekim9842,*pls without emojis*,0,2020-03-19T18:38:22Z,2020-03-19T18:38:22Z
UgzyqKV8fWoqSsgRMT94AaABAg,,False,@aeril2872,I'm not crying,0,2020-03-19T18:35:05Z,2020-03-19T18:35:05Z
UgwrWFxSjfG4wy9Lob54AaABAg,,False,@aeril2872,How can a Man be this beautiful?,0,2020-03-19T18:34:56Z,2020-03-19T18:34:56Z
UgzrODkHkG1mc1bQKdh4AaABAg,,False,@gry5957,Sooo Beautifulllll.,0,2020-03-19T18:34:50Z,2020-03-19T18:34:50Z
UgxfWAUzPt0sgevTuyR4AaABAg,,False,@aeril2872,Definition of perfection ****,0,2020-03-19T18:34:46Z,2020-03-19T18:34:46Z
Ugw46xBlwLyqwbIqCY54AaABAg,,False,@barankv4798,suho is very perfect!!,0,2020-03-19T18:34:41Z,2020-03-19T18:34:41Z
Ugy2L7TleEu2mOG0Z0V4AaABAg,,False,@pativerss,Beautiful,0,2020-03-19T18:34:29Z,2020-03-19T18:34:29Z
UgxJ5XcrmZJHmcdDVqR4AaABAg,,False,@sharnana_yehet6847,Love you,0,2020-03-19T18:34:10Z,2020-03-19T18:34:10Z
UgzjNh5S78BUpVRQewt4AaABAg,,False,@sharnana_yehet6847,Bye I'm going to cry now,0,2020-03-19T18:34:02Z,2020-03-19T18:34:02Z
Ugw-FK9kgXcAhFYQy494AaABAg,,False,@sharnana_yehet6847,Wowowowowowow,0,2020-03-19T18:33:52Z,2020-03-19T18:33:52Z
UgyfJtqKw3UMjUnCa-54AaABAg,,False,@ahanameherun1261,Saranghaja,0,2020-03-19T18:33:32Z,2020-03-19T18:33:32Z
UgwJuwNZmR6kovMiujd4AaABAg,,False,@meroflower6202,الموسيقى الخلفية تجنننزن,0,2020-03-19T18:33:24Z,2020-03-19T18:33:24Z
UgwcfPSpdlnlD-f7YEh4AaABAg,,False,@ahanameherun1261,Why so beautiful??,0,2020-03-19T18:33:21Z,2020-03-19T18:33:21Z
UgxUf_aQSaV6xn571BR4AaABAg,,False,@ahanameherun1261,Why so pretty?,0,2020-03-19T18:33:13Z,2020-03-19T18:33:13Z
UgzGm31enfHlM-VDost4AaABAg,,False,@meroflower6202,"Handsome 
Kim jonmyeon perfect beautiful",1,2020-03-19T18:33:09Z,2020-03-19T18:33:09Z
UgxDmLQR0sE5uJQvJyx4AaABAg,,False,@Soynancygasca,Suho!! Saludos desde Mexico 🇲🇽,1,2020-03-19T18:32:50Z,2020-03-19T18:32:50Z
UgxODocEzFeSPJP1XeF4AaABAg,,False,@healer1297,فدوووة فدوووووة ㅠㅠ,0,2020-03-19T18:32:47Z,2020-03-19T18:32:47Z
UgzYrgsnt8g8elVmM4d4AaABAg,,False,@nusratjahan-vh9ef,Sharanghaja.,0,2020-03-19T18:32:44Z,2020-03-19T18:32:44Z
Ugx0KKHKgsOMgQ5qRnZ4AaABAg,,False,@nusratjahan-vh9ef,Let's love,0,2020-03-19T18:32:36Z,2020-03-19T18:32:36Z
UgzCskqBYkcTrTd99Hp4AaABAg,,False,@nusratjahan-vh9ef,Upppaaa Fighting,0,2020-03-19T18:32:29Z,2020-03-19T18:32:29Z
UgwpcwkxtcnFGYp7qPd4AaABAg,,False,@felixarts8010,This can literally brighten up your mood soo fast,0,2020-03-19T18:32:19Z,2020-03-19T18:32:19Z
UgwXTyN6S114J9mg_U94AaABAg,,False,@nusratsadiasharna7345,Fighting,0,2020-03-19T18:32:01Z,2020-03-19T18:32:01Z
UgwF0XcqWFswgGmR2Op4AaABAg,,False,@user-wu6vk8wt4r,"عاااااااااااا انا ارمي او اريد اصير اكسوز ممكن اتعلموني اسمائهم



ممكن انصير عائله ☺✌🇮🇶🇰🇷 نحن وانتو بعني الارمي والاكسوز بليز",0,2020-03-19T18:32:01Z,2020-03-19T18:32:10Z
UgwF0XcqWFswgGmR2Op4AaABAg.96OjEPGrJgC96OjepyOS_u,UgwF0XcqWFswgGmR2Op4AaABAg,True,@jenniekim9842,"*احذفي الايموجي عشانه يجمد المشاهدات باليز :')*
+ *اكسو تسع اعضاء*
*لاي*
*بيكهيون*
*سوهو(القائد)*
*سيهون*
*تشانيول*
*كاي*
*شيومين*
*دي او* 
*تشين*
*وتقدري تتعرفين عليهم بالجولات الانستقراميه والقوقل*",1,2020-03-19T18:35:45Z,2020-03-19T18:36:52Z
UgwF0XcqWFswgGmR2Op4AaABAg.96OjEPGrJgC96Othtyr08a,UgwF0XcqWFswgGmR2Op4AaABAg,True,@user-ge5is1je8d,"اكسو تسع اعضاء 
والقائد سوهو 
والماكيني سيهون 
والهيونغ شيومين 
والباقي ابحثي عنة بالقوقل واليوتيوب",0,2020-03-19T20:03:33Z,2020-03-19T20:03:33Z
Ugy3jP3666_gHBLl8zZ4AaABAg,,False,@nusratsadiasharna7345,Eat well sleep well.,0,2020-03-19T18:31:55Z,2020-03-19T18:31:55Z
UgwoVTo87WSpUF5_-fl4AaABAg,,False,@nusratsadiasharna7345,Uppppaaaa don't overwork,0,2020-03-19T18:31:45Z,2020-03-19T18:31:45Z
Ugy8NV3xn2EbP19okfB4AaABAg,,False,@beibo8466,EXO SARANGHAJA,0,2020-03-19T18:31:32Z,2020-03-19T18:31:32Z
UgwrY-6J0KirQw7PDJ54AaABAg,,False,@عليعلي-م9ت7ج,حسبته سيهون وات ذا هيل فخامه عيال كيم 🖤👑,0,2020-03-19T18:31:05Z,2020-03-19T18:31:05Z
UgwrY-6J0KirQw7PDJ54AaABAg.96Oj7fYy4Ar96OjAZv_E8-,UgwrY-6J0KirQw7PDJ54AaABAg,True,@ayla1756,بدون ايموجي,0,2020-03-19T18:31:29Z,2020-03-19T18:31:29Z
UgwrY-6J0KirQw7PDJ54AaABAg.96Oj7fYy4Ar96OkG2C_a6r,UgwrY-6J0KirQw7PDJ54AaABAg,True,@renrenrenrenrenren,*احذف-ي الايموجي!*,0,2020-03-19T18:40:58Z,2020-03-19T18:40:58Z
Ugw0-0m7yHQvCnI1Uk14AaABAg,,False,@exol_9382,love you suho,0,2020-03-19T18:30:31Z,2020-03-19T18:30:31Z
Ugyyw4rL7hKaKFI6Oy54AaABAg,,False,@arminarlert8502,Best Leader ♥,0,2020-03-19T18:29:50Z,2020-03-19T18:29:50Z
Ugy0GeDArD5TmxhSuDl4AaABAg,,False,@alejandraximenaporcorosas9375,❤❤❤,0,2020-03-19T18:29:50Z,2020-03-19T18:29:50Z
Ugxgi1fHrBWp_FpKE0N4AaABAg,,False,@Ya3navi,😍😍😭😭😍😍😍😭😭😭,0,2020-03-19T18:29:45Z,2020-03-19T18:29:45Z
UgzOXodKma-Al3q2FUx4AaABAg,,False,@alejandraximenaporcorosas9375,I love so much forever SUHO,0,2020-03-19T18:29:42Z,2020-03-19T18:29:42Z
Ugx9-kNtL4kJ2aSNUIR4AaABAg,,False,@pepisuho0522,Suho participated in concept planning and writing lyrics for all the songs in the album. Track 1 to track 6 are all connected to form a story expressing his emotions and experiences throughout the years. This is Suho's baby! Let's support it!,0,2020-03-19T18:29:39Z,2020-03-19T18:29:39Z
UgzVK68ci7bcRptKb8d4AaABAg,,False,@boushra797,حماس -فيس يبكي و قلب بنفسجي-,0,2020-03-19T18:29:36Z,2020-03-19T18:33:27Z
UgzVK68ci7bcRptKb8d4AaABAg.96OixmfG75L96OjCtQu7uM,UgzVK68ci7bcRptKb8d4AaABAg,True,@ayla1756,احذفي الايموجي يول,1,2020-03-19T18:31:48Z,2020-03-19T18:31:48Z
UgzVK68ci7bcRptKb8d4AaABAg.96OixmfG75L96OjMNIBtHB,UgzVK68ci7bcRptKb8d4AaABAg,True,@boushra797,@@ayla1756 اوك,2,2020-03-19T18:33:06Z,2020-03-19T18:33:06Z
Ugx7wlNxdwa1y8Oo8-p4AaABAg,,False,@exol_9382,suho my love fighting 💪💪💪,2,2020-03-19T18:29:25Z,2020-03-19T18:29:25Z
UgyxV_i1Epdswsm8WzB4AaABAg,,False,@tatianatafur2967,Wow!!! What a beautiful colors and contrast on it. Loving everything about this concept Cotton. You're art,1,2020-03-19T18:29:10Z,2020-03-19T18:29:10Z
UgzLIp07HxhWmMXRwQl4AaABAg,,False,@hebakhj8055,Wow,0,2020-03-19T18:29:09Z,2020-03-19T18:29:09Z
Ugzv6jV_DaRRAVMsRoZ4AaABAg,,False,@hebakhj8055,My love,0,2020-03-19T18:28:59Z,2020-03-19T18:28:59Z
Ugyslry542sYLqSojW94AaABAg,,False,@user-ty1ni4lk1j,WOW SUPER LEADER !!!,0,2020-03-19T18:28:53Z,2020-03-19T18:28:53Z
Ugy5FfQh5gIPQyx_Ijt4AaABAg,,False,@parkhala7979,Baby suho love you we are one we are Exo,0,2020-03-19T18:28:36Z,2020-03-19T18:28:36Z
UgwSjJNT4TIoK2x_xgR4AaABAg,,False,@lilo5605,فددديت الجمااااااال♡♡,10,2020-03-19T18:28:35Z,2020-03-22T12:17:12Z
UgzsHjURGzYTvpZU7oR4AaABAg,,False,@bettykmr7643,Can't wait,0,2020-03-19T18:28:24Z,2020-03-19T18:28:24Z
UgxNKdGCFbfO64D8JyR4AaABAg,,False,@_haidykhamis88,Looooove,0,2020-03-19T18:26:48Z,2020-03-19T18:26:48Z
UgzKg-cWmgGBnNKQR_R4AaABAg,,False,@_haidykhamis88,We love you,0,2020-03-19T18:26:40Z,2020-03-19T18:26:40Z
Ugx4TQFU_-2ysElReyh4AaABAg,,False,@airamarreola1092,best leader and king💕🐰👈Let's Love❤,0,2020-03-19T18:26:16Z,2020-03-19T18:26:16Z
UgxpmstZv8iYx1b_WB14AaABAg,,False,@justhereee,This album is going to be so good...! I can already tell!!!,0,2020-03-19T18:26:04Z,2020-03-19T18:26:04Z
Ugwri4ls97GYihCQSOV4AaABAg,,False,@jasmindiaz2228,we love you,0,2020-03-19T18:25:37Z,2020-03-19T18:25:37Z
UgzoO8xp8wGgQyn_Su94AaABAg,,False,@karamuenster,😁💖Thank U Suho!,0,2020-03-19T18:25:28Z,2020-03-19T18:25:28Z
UgzFw1kO1TUlTRQCEm94AaABAg,,False,@jasmindiaz2228,A tan solo dias que nos espera por escuchar  arte de nuestro bello Junmyeon,0,2020-03-19T18:25:27Z,2020-03-19T18:25:27Z
UgxEx-m3a1rC-SiQOXt4AaABAg,,False,@shuaasaleem6124,🔥🔥🔥🔥🔥🔥,0,2020-03-19T18:25:13Z,2020-03-19T18:25:13Z
UgyiJPlr80JgvfEp5yx4AaABAg,,False,@abcdef-su9ei,Love from india!!,0,2020-03-19T18:24:46Z,2020-03-19T18:24:46Z
UgwT69OS1luatTutE_R4AaABAg,,False,@jasmindiaz2228,Hermoso para mis ojos,0,2020-03-19T18:24:40Z,2020-03-19T18:24:40Z
UgyJyzjnEi7PbxXezm14AaABAg,,False,@ابناليمن-ص3ص3ط,"الاكسوال العرب مسيطرين ..
فديتكم",1,2020-03-19T18:24:06Z,2020-03-19T18:24:06Z
UgyJyzjnEi7PbxXezm14AaABAg.96OiKS-GEXX96OjsjTIEvG,UgyJyzjnEi7PbxXezm14AaABAg,True,@ayla1756,وتعليقاتهم تفوز,0,2020-03-19T18:37:39Z,2020-03-19T18:37:39Z
UgzKBf_aoZ_Ow-mjsBJ4AaABAg,,False,@SITRAFILI,هنموت كلنا باذن الله,7,2020-03-19T18:23:57Z,2020-03-19T18:23:57Z
UgwVaktPbKF9Aw-9X014AaABAg,,False,@gabi.loey5979,Cheirinho de hino,0,2020-03-19T18:23:44Z,2020-03-19T18:23:44Z
UgzdtcitwVVzVpaHXL94AaABAg,,False,@mehjabeen_s,"Leadernim,  I'm so proud of you ❤🙃",0,2020-03-19T18:23:32Z,2020-03-19T18:23:32Z
UgzYieiNkcHRH7i14zR4AaABAg,,False,@xiuminfrost7796,Yes beatiful angel,0,2020-03-19T18:23:19Z,2020-03-19T18:23:19Z
UgzOrvikU9p3mB12Fx94AaABAg,,False,@nhyh1314,I'm happy:)))))))),0,2020-03-19T18:23:16Z,2020-03-19T18:23:16Z
Ugxc0jYwtNLHrVlGhvZ4AaABAg,,False,@Layfizzi1,I’m so ready for this leader-nim,0,2020-03-19T18:23:13Z,2020-03-19T18:23:13Z
Ugw1BrlOF1M3CJBvsyp4AaABAg,,False,@poseidon12yu42,I am ready solo debut 💕,0,2020-03-19T18:22:32Z,2020-03-19T18:22:32Z
Ugxr-kTJEQ1C_Cxz2Gl4AaABAg,,False,@byunmila3321,I can't stop repeating this masterpiece (T_T),0,2020-03-19T18:22:17Z,2020-03-19T18:22:17Z
Ugy4GuCYqNxn4-lPntp4AaABAg,,False,@poseidon12yu42,We going album of the year,0,2020-03-19T18:22:07Z,2020-03-19T18:22:07Z
UgwOHQCHhbj3FPw09Wd4AaABAg,,False,@poseidon12yu42,Lets love,0,2020-03-19T18:21:53Z,2020-03-19T18:21:53Z
UgwaKawW7bE4AqO3dt94AaABAg,,False,@poseidon12yu42,Suho deserves everything I am gere support my boy lets be happy,0,2020-03-19T18:21:44Z,2020-03-19T18:21:44Z
UgwZ1Y6jli_DVEfzbz54AaABAg,,False,@mysweetiepie8393,😭😭😭😭😭😭👍👍,0,2020-03-19T18:21:30Z,2020-03-19T18:21:30Z
UgypbEvCo63T6vsaZ9V4AaABAg,,False,@dharanishreechavan1588,I feel this album is gonna be really awesome...love you junmyeon oppa,0,2020-03-19T18:21:02Z,2020-03-19T18:21:02Z
UgznrV3SBrHgIdD1Wip4AaABAg,,False,@diana4384,"PROUD OF YOUUU
ARAB EXOL",0,2020-03-19T18:20:31Z,2020-03-19T18:20:31Z
UgxPy0ddLgsGFF8Qasx4AaABAg,,False,@diana4384,عزيزنا جونميون,0,2020-03-19T18:19:45Z,2020-03-19T18:19:45Z
UgwrQZqGwZuYg61rtWl4AaABAg,,False,@mae2190,OMG 😍,0,2020-03-19T18:19:44Z,2020-03-19T18:19:44Z
UgxS1y6KiLT3Gv7EVcd4AaABAg,,False,@ابناليمن-ص3ص3ط,"بمناسبة عيد الأم نبي نقول ..
لحامي اكسو والاكسوالز ماما سوهو ...كل عام وانت بملييون تلييون خيير ..",7,2020-03-19T18:19:29Z,2020-03-19T18:21:13Z
UgxS1y6KiLT3Gv7EVcd4AaABAg.96OhngFmtMc96Oi04szox8,UgxS1y6KiLT3Gv7EVcd4AaABAg,True,@ayla1756,بدون ايموجي,0,2020-03-19T18:21:19Z,2020-03-19T18:21:19Z
UgwK3QeDXQZw3m2gh_94AaABAg,,False,@origamipretzel2162,Yassss mommy suhooooo,0,2020-03-19T18:19:19Z,2020-03-19T18:19:19Z
UgyPNWJHUPlqRFgYzDB4AaABAg,,False,@ferleon4239,So handsome!!,0,2020-03-19T18:17:54Z,2020-03-19T18:17:54Z
UgwRyHbWtClV9LeJtop4AaABAg,,False,@sehunwhatalifepart1888,I cant waiting,0,2020-03-19T18:15:50Z,2020-03-19T18:15:50Z
UgzAiGK00U1XpZWE0b94AaABAg,,False,@sarahal8756,"He's unreal, and the bgm sounds so good",0,2020-03-19T18:15:47Z,2020-03-19T18:15:47Z
UgwH5FtFjMyGGPpFHz94AaABAg,,False,@sh-pc3vj,اذكركم سوهو راح يتجند نريد ندعمه و نسويله ذكرى حلوة قبل التجنيد فايتينغ :(  ♡♡♡,17,2020-03-19T18:15:44Z,2020-03-19T18:15:44Z
UgwH5FtFjMyGGPpFHz94AaABAg.96OhN8z-zBs96QKYYX8a-t,UgwH5FtFjMyGGPpFHz94AaABAg,True,@user-ce5wb7xe2h,اكيد فايتينك,0,2020-03-20T09:26:03Z,2020-03-20T09:26:03Z
UgwH5FtFjMyGGPpFHz94AaABAg.96OhN8z-zBs96QMo9pOIvf,UgwH5FtFjMyGGPpFHz94AaABAg,True,@maryam1707,فايتينغ,0,2020-03-20T09:45:47Z,2020-03-20T09:45:47Z
UgwH5FtFjMyGGPpFHz94AaABAg.96OhN8z-zBs96QPr1qujGw,UgwH5FtFjMyGGPpFHz94AaABAg,True,@sh-pc3vj,♡♡♡,0,2020-03-20T10:12:24Z,2020-03-20T10:12:24Z
UgwH5FtFjMyGGPpFHz94AaABAg.96OhN8z-zBs96QR1IKsqo8,UgwH5FtFjMyGGPpFHz94AaABAg,True,@maryam1707,@@sh-pc3vj  كيفكي .. تذكرتيني ؟,0,2020-03-20T10:22:40Z,2020-03-20T10:22:40Z
UgwHYavqfY-ZM2KjAMp4AaABAg,,False,@sehunwhatalifepart1888,He is fallen angel look at,0,2020-03-19T18:15:36Z,2020-03-19T18:15:36Z
Ugw2SMfnukHQ-7ZTaNN4AaABAg,,False,@jennasan921,He is soooo dreamy handsome,0,2020-03-19T18:15:31Z,2020-03-19T18:15:31Z
UgxFaSrZ3royxd_vaLJ4AaABAg,,False,@vitoria.2214,PERFEITOOOOOOOOOOOOOOOOOOOOOOOOOOOOOOOOOOOOO,1,2020-03-19T18:15:28Z,2020-03-19T18:15:28Z
UgwRlyGmufh46pgKJPF4AaABAg,,False,@ingridvarconte,Colírios para meus olhos 😍,0,2020-03-19T18:14:41Z,2020-03-19T18:14:41Z
UgyrkELx7hNp_2ZzZmZ4AaABAg,,False,@sh-pc3vj,ليدرنا الفخم قائد فرقة الملوك ♡♡♡♡,5,2020-03-19T18:14:22Z,2020-03-19T18:14:22Z
Ugwa_irWRZRu7lYFnnt4AaABAg,,False,@bisoahmad772,ارنوب قلبى يا قائد افضل فرقة فى عالم 😭😍😻😍😍,1,2020-03-19T18:13:20Z,2020-03-19T18:13:20Z
Ugwa_irWRZRu7lYFnnt4AaABAg.96Oh5fItVM696OmbGzYsMb,Ugwa_irWRZRu7lYFnnt4AaABAg,True,@saramohammad96,اروحلك فدوة احذفي الايموجي مشان الله,0,2020-03-19T19:01:29Z,2020-03-19T19:01:29Z
Ugx5_BbtRfT2IuRnM894AaABAg,,False,@gabrielbyun1375,¿Como puede ser tan perfecto? WHY,0,2020-03-19T18:13:11Z,2020-03-19T18:13:11Z
UgxOjDCSUXckQWK_BFJ4AaABAg,,False,@mary_korab,"Wow, just perfect! Those shoots in nature so beautiful!",0,2020-03-19T18:13:05Z,2020-03-19T18:13:24Z
UgyI9fACzoCksZ_tN0R4AaABAg,,False,@danodano5588,I love you suho,0,2020-03-19T18:13:00Z,2020-03-19T18:13:00Z
UgyqyuFGR42J87dXL1t4AaABAg,,False,@gabrielbyun1375,Omaigod mi Dios. Voy a llorar la puta madre,0,2020-03-19T18:12:58Z,2020-03-19T18:12:58Z
UgyGpvD3Ij2OXYw5UCt4AaABAg,,False,@Govindala,"These samplers are confirming 2 things:
1. Suho is very handsome
2. This album is gonna be awesome.",270,2020-03-19T18:12:17Z,2020-03-19T18:12:17Z
UgzeiRCiAPN0tPAo61J4AaABAg,,False,@deemal6856,تشاااايللووون   بكهيووون LOVE,2,2020-03-19T18:12:06Z,2020-03-19T18:12:06Z
UgxTRdY_H3FJYu7tbS54AaABAg,,False,@miajones1257,"Exols

Let's get united and support our leader...he has been through a lot...
After these years he finally got chance to shine solo..but still we can see exo in every bit of it.",582,2020-03-19T18:11:45Z,2020-03-22T17:37:12Z
UgxTRdY_H3FJYu7tbS54AaABAg.96Oguy6UqIq96PSZ_rG0Vz,UgxTRdY_H3FJYu7tbS54AaABAg,True,@jeanr295,Yeah....,1,2020-03-20T01:16:51Z,2020-03-20T01:16:51Z
UgxTRdY_H3FJYu7tbS54AaABAg.96Oguy6UqIq96Pj2bLsgKL,UgxTRdY_H3FJYu7tbS54AaABAg,True,@Gunner_K,Yep Mia,0,2020-03-20T03:49:38Z,2020-03-20T03:49:38Z
UgxTRdY_H3FJYu7tbS54AaABAg.96Oguy6UqIq96mMZAXovgF,UgxTRdY_H3FJYu7tbS54AaABAg,True,@sarahjanenioda8482,Up,0,2020-03-29T08:06:08Z,2020-03-29T08:06:08Z
UgzlZmhKi_8YQZEe-oR4AaABAg,,False,@nabatheydari6027,Perfection,0,2020-03-19T18:11:29Z,2020-03-19T18:11:29Z
UgxqBMf0W4YPBbdHUKh4AaABAg,,False,@nabatheydari6027,I adore him,0,2020-03-19T18:11:20Z,2020-03-19T18:11:20Z
Ugz0IjRMt0Yi6ZdZi3B4AaABAg,,False,@nabatheydari6027,The best one,0,2020-03-19T18:11:11Z,2020-03-19T18:11:11Z
Ugw1Nd_3WBKIzAaHFeN4AaABAg,,False,@nabatheydari6027,Omg,0,2020-03-19T18:11:05Z,2020-03-19T18:11:05Z
UgwY_VowMiqrvg2Dg_J4AaABAg,,False,@jsavedus,"спасибо ,что делаешь меня счастливой,ким чунмен.",0,2020-03-19T18:10:07Z,2020-03-19T18:10:07Z
UgyGPhciNFeDtXAFkbB4AaABAg,,False,@user-tt2un1qx7e,واو EXO سوهو يجنن او الله حلو,3,2020-03-19T18:10:04Z,2020-03-19T18:10:04Z
UgzJXKl8LvLib7VX2mZ4AaABAg,,False,@xxyu8883,Ganteng sekali anda :),0,2020-03-19T18:09:51Z,2020-03-19T18:09:51Z
Ugw1_vcsLCBqXGgK15h4AaABAg,,False,@tonyhey2052,My herat,0,2020-03-19T18:09:50Z,2020-03-19T18:09:50Z
UgzTGxxsA5IXq_DtBUB4AaABAg,,False,@tonyhey2052,He looks perfect,0,2020-03-19T18:09:43Z,2020-03-19T18:09:43Z
Ugxeoeq4lSxDCUvZ79h4AaABAg,,False,@tonyhey2052,Omg,0,2020-03-19T18:09:34Z,2020-03-19T18:09:34Z
Ugyty70izJQ5dvTjpoZ4AaABAg,,False,@gabylizeth3939,"We support you, let's love 
We are one..",0,2020-03-19T18:09:23Z,2020-03-19T18:09:23Z
UgxjlV-RTRbYzH6HhvN4AaABAg,,False,@celenavu4610,I love you ❤ ❤ ❤ ❤,0,2020-03-19T18:08:58Z,2020-03-19T18:08:58Z
Ugz2razcjgw92IG4uIZ4AaABAg,,False,@AutumnSheepZYX21,Yo sé que voy a llorar cada minuto que dure el álbum y no puedo con la espera para por fin escucharlo ;u; ♥️,0,2020-03-19T18:08:36Z,2020-03-19T18:08:36Z
UgyOkMQuo94qGIk3AKl4AaABAg,,False,@suhowater6340,My angel,0,2020-03-19T18:07:46Z,2020-03-19T18:07:46Z
UgzAYArLB_vJ1POO6fV4AaABAg,,False,@لاحياةدون,يمه فدوة حبيبي,0,2020-03-19T18:07:37Z,2020-03-19T18:07:37Z
UgzTwWtH-Szo1-ehD1t4AaABAg,,False,@vianahabibi6101,OH MY GOD =) you are so beautiful,0,2020-03-19T18:07:34Z,2020-03-19T18:07:34Z
Ugzj3plKBq3SH5O_Lvp4AaABAg,,False,@user-tt2un1qx7e,ILOVE EXO SUHO 👑👑👑👑,0,2020-03-19T18:07:28Z,2020-03-19T18:07:28Z
UgyDNZcCWDtfD-HRGUB4AaABAg,,False,@zayma1036,تعقيم الكيبوب والعالم والمجرة,0,2020-03-19T18:07:23Z,2020-03-19T18:07:23Z
UgxnR4mcgDSgxokRYHF4AaABAg,,False,@zayma1036,"you are perfect 
we all know that and all kpop knows",0,2020-03-19T18:06:57Z,2020-03-19T18:06:57Z
UgwqwIEjNs8VSQ_FeYB4AaABAg,,False,@zayma1036,"i can't stop smiling
love you oppa",0,2020-03-19T18:06:24Z,2020-03-19T18:06:24Z
UgwAZtIahTxvFTdYI2x4AaABAg,,False,@zayma1036,"exol let's reach to 1m views 
we can do that for our leader",0,2020-03-19T18:05:54Z,2020-03-19T18:05:54Z
UgzkyP_J_E9tFmL5QGB4AaABAg,,False,@gillking6920,Salute,0,2020-03-19T18:05:53Z,2020-03-19T18:05:53Z
UgwqKboUXJuG9VVlMbJ4AaABAg,,False,@jojojunmyeon9115,Oppa always shining*,0,2020-03-19T18:05:24Z,2020-03-19T18:05:24Z
UgwMV-k4zuuZKQsiRSV4AaABAg,,False,@zayma1036,"i love you so much ♥︎
im sure it will become album of the year",0,2020-03-19T18:05:06Z,2020-03-19T18:05:06Z
Ugw9AIe0huqZfno4DU94AaABAg,,False,@monicacoj9933,♡♡♡,0,2020-03-19T18:05:03Z,2020-03-19T18:05:03Z
UgwzCgoNd7eaQVfVdfB4AaABAg,,False,@miriam5670,♡,0,2020-03-19T18:05:00Z,2020-03-19T18:05:00Z
UgziMtmQUSDrhBTEM9l4AaABAg,,False,@sevcandemir7292,Çok seviyorum bu adamı yaa,0,2020-03-19T18:04:38Z,2020-03-19T18:04:38Z
UgzI-5Nya4ojz1xYz8l4AaABAg,,False,@zayma1036,"our beautiful handsome great leader 
im so happy cuz of you
can't wait to listen to your album every single day ♥︎ thank you to become a member of exo♥︎",0,2020-03-19T18:04:25Z,2020-03-19T18:04:25Z
UgwxR_SEw4qPLPZrgfF4AaABAg,,False,@andreamartinezcafazzo6296,Rey visual ❤,0,2020-03-19T18:03:27Z,2020-03-19T18:03:27Z
UgxFL4TY5zTlbimIFrV4AaABAg,,False,@ariano-iw3eb,TE AMO TANTO JUNMYEON,0,2020-03-19T18:03:26Z,2020-03-19T18:03:26Z
Ugy9IgC1M-aI66pQv1B4AaABAg,,False,@tt.420,منور حياتي,0,2020-03-19T18:03:26Z,2020-03-19T18:03:26Z
Ugxa-pNzUxKM-9ljbJl4AaABAg,,False,@fatemehheydari417,It's perfect,0,2020-03-19T18:02:47Z,2020-03-19T18:02:47Z
Ugx7fF0sedEjkWVvrTV4AaABAg,,False,@fatemehheydari417,It's amazing,0,2020-03-19T18:02:34Z,2020-03-19T18:02:34Z
UgxmdrVOOBCidvNyC-J4AaABAg,,False,@tt.420,suho i love so much,0,2020-03-19T18:02:34Z,2020-03-19T18:02:34Z
UgwPbBPXl_RBCvRiOwd4AaABAg,,False,@fatemehheydari417,Oh my God,0,2020-03-19T18:02:24Z,2020-03-19T18:02:24Z
Ugx0alrBeYS1sIJYVWx4AaABAg,,False,@fafatimah94,HOW TO BE THIS PERFECT,0,2020-03-19T18:02:16Z,2020-03-19T18:02:16Z
UgxqVrS7IK3xmG6wlOZ4AaABAg,,False,@차민-d2g,와 완전 청순해...🤍🤍,0,2020-03-19T18:01:52Z,2020-03-19T18:01:52Z
UgwgceRlZ-RNGMTKVxp4AaABAg,,False,@oliviak.4541,He looks ethereal so proud to see Junmyeon realize his dream of becoming an idol and then releasing a solo album.,36,2020-03-19T18:01:07Z,2020-03-19T22:52:20Z
UgwgceRlZ-RNGMTKVxp4AaABAg.96Ofh7T4gQB96OlqB_ckSF,UgwgceRlZ-RNGMTKVxp4AaABAg,True,@saramohammad96,No emoji pls,1,2020-03-19T18:54:47Z,2020-03-19T18:54:47Z
UgwgceRlZ-RNGMTKVxp4AaABAg.96Ofh7T4gQB96OlsHbk6TO,UgwgceRlZ-RNGMTKVxp4AaABAg,True,@saramohammad96,Delete your emoji,2,2020-03-19T18:55:04Z,2020-03-19T18:55:04Z
UgwgceRlZ-RNGMTKVxp4AaABAg.96Ofh7T4gQB96OzcxCsfAy,UgwgceRlZ-RNGMTKVxp4AaABAg,True,@nvnvex9,Plz delete the emojis,2,2020-03-19T20:55:18Z,2020-03-19T20:55:18Z
UgzOPOF2Z5kq18V21-F4AaABAg,,False,@_parkchanyeol_3580,"نحن العرب نمتلك سحرنا الخاص و مشاعرنا الخاصه التي لا يمتلكها  احد من اجل ان نحب هذه القطنه ( سوهو) 
(*-دعونا نحب-*) 
Arab exo l",23,2020-03-19T18:00:47Z,2020-03-19T18:00:47Z
UgzOPOF2Z5kq18V21-F4AaABAg.96Ofeh45F0H96PUZueB78f,UgzOPOF2Z5kq18V21-F4AaABAg,True,@ivyfairyines,*_ PARK CHANYEOL _* ادعمو سوهو قبل تجنيد,2,2020-03-20T01:34:22Z,2020-03-20T01:34:22Z
UgzOPOF2Z5kq18V21-F4AaABAg.96Ofeh45F0H96QgIFUv1_G,UgzOPOF2Z5kq18V21-F4AaABAg,True,@_parkchanyeol_3580,"@@ivyfairyines 
اكيد ندعموا",2,2020-03-20T12:44:48Z,2020-03-20T12:44:48Z
UgzOPOF2Z5kq18V21-F4AaABAg.96Ofeh45F0H96QgbHRObDf,UgzOPOF2Z5kq18V21-F4AaABAg,True,@ivyfairyines,*_ PARK CHANYEOL _* 🥰❤️❤️❤️,1,2020-03-20T12:47:32Z,2020-03-20T12:47:32Z
UgzOPOF2Z5kq18V21-F4AaABAg.96Ofeh45F0H96RNFxaKRDz,UgzOPOF2Z5kq18V21-F4AaABAg,True,@ivyfairyines,*_ PARK CHANYEOL _* تقصدي قناتك لا مو مشتركة,0,2020-03-20T19:08:58Z,2020-03-20T19:08:58Z
UgzOPOF2Z5kq18V21-F4AaABAg.96Ofeh45F0H96RNKEGnc_H,UgzOPOF2Z5kq18V21-F4AaABAg,True,@ivyfairyines,*_ PARK CHANYEOL _* بايسي فايروس السعادة تشان,1,2020-03-20T19:09:33Z,2020-03-20T19:09:33Z
Ugzf1UGdU0DKaNVQPGh4AaABAg,,False,@LL-dw1zq,"Suhomma whatever happens i'll support you forever & ever 
Turkish EXO-L",1,2020-03-19T18:00:27Z,2020-03-19T18:00:27Z
UgwpmxYcfepJf25QhvN4AaABAg,,False,@kiorumaisaxu5668,Oh my heart you are so handsome mama suho 🥰🥰🥰😘,0,2020-03-19T17:59:31Z,2020-03-19T17:59:31Z
Ugx4-gwxMylfDuIzYVN4AaABAg,,False,@sasha6124,Ourrr best leaderr,0,2020-03-19T17:59:29Z,2020-03-19T17:59:29Z
Ugxy4JVkp-tBZItZvrp4AaABAg,,False,@zayma1036,صياح من السعاده دمووووووووع,0,2020-03-19T17:59:29Z,2020-03-19T18:02:34Z
Ugxy4JVkp-tBZItZvrp4AaABAg.96OfW8DW2l696OffWHU2bm,Ugxy4JVkp-tBZItZvrp4AaABAg,True,@ayla1756,صياااححح يختي بدون ايموجي,0,2020-03-19T18:00:54Z,2020-03-19T18:00:54Z
Ugxy4JVkp-tBZItZvrp4AaABAg.96OfW8DW2l696OfqMnyyUq,Ugxy4JVkp-tBZItZvrp4AaABAg,True,@zayma1036,AYLA نسيت ياختي ههههههههههههههههههه,1,2020-03-19T18:02:22Z,2020-03-19T18:02:22Z
Ugxy4JVkp-tBZItZvrp4AaABAg.96OfW8DW2l696OgCZHTY7O,Ugxy4JVkp-tBZItZvrp4AaABAg,True,@ayla1756,@@zayma1036  راح انجلط يختي اهئ أهئ,0,2020-03-19T18:05:32Z,2020-03-19T18:05:32Z
Ugxy4JVkp-tBZItZvrp4AaABAg.96OfW8DW2l696OgX4lEDUz,Ugxy4JVkp-tBZItZvrp4AaABAg,True,@zayma1036,لماذا :((؟,0,2020-03-19T18:08:21Z,2020-03-19T18:08:21Z
Ugxy4JVkp-tBZItZvrp4AaABAg.96OfW8DW2l696OgkrMaBat,Ugxy4JVkp-tBZItZvrp4AaABAg,True,@ayla1756,@@zayma1036  اكثر من ساعه انبه بدون ايموجي رح اموووتت,0,2020-03-19T18:10:22Z,2020-03-19T18:10:22Z
UgxPziEYTEIA8-anKy14AaABAg,,False,@wajdalmahameed1562,سوهووووو,0,2020-03-19T17:59:11Z,2020-03-19T17:59:11Z
UgxnflA29Kj_BMOwpwJ4AaABAg,,False,@MartinelunafayeWhitear21,😍😍😍😍,0,2020-03-19T17:59:05Z,2020-03-19T17:59:05Z
UgzeM_RPVxgOTUsRL-94AaABAg,,False,@tessapark7593,Suho is soo aesthetically pleasing...I couldn't even blink... ❤❤❤❤,0,2020-03-19T17:58:08Z,2020-03-19T17:58:08Z
UgwH9FhXLqEx2Sii4mx4AaABAg,,False,@celinemontes4559,Suho no puedo creer que seas tan perfecto y hermoso,22,2020-03-19T17:58:07Z,2020-03-19T17:58:07Z
UgwH9FhXLqEx2Sii4mx4AaABAg.96OfM6kPhRC96PwTlqlIV0,UgwH9FhXLqEx2Sii4mx4AaABAg,True,@sofia4290,This,0,2020-03-20T05:46:56Z,2020-03-20T05:46:56Z
Ugz8MuH1cc7qwnAAdpl4AaABAg,,False,@hyunohigashide4559,❤️,0,2020-03-19T17:57:31Z,2020-03-19T17:57:31Z
Ugxd6VDOxHwK1qWZ6P14AaABAg,,False,@chanvivi1326,💕💕💕💕💕,0,2020-03-19T17:57:21Z,2020-03-19T17:57:21Z
UgwMeUc48_bDh6wiZzZ4AaABAg,,False,@aleramirez1444,Estoy mega emocionada 🥰🥰🥰🥰🥰🥰🥰🥰🥰🥰🥰,0,2020-03-19T17:57:10Z,2020-03-19T17:57:10Z
UgyA7Ud5jHITRtlKDQN4AaABAg,,False,@tamariskaoei123,aaaaaa junmyeon,0,2020-03-19T17:57:08Z,2020-03-19T17:57:08Z
UgxsOtHZTXgc_B8LgZ54AaABAg,,False,@sh-pc3vj,"We love you our leader 
We are one 
Arab Iraqi exol 
سوهو قائدنا الحلو نحبك اكسوالز ادعموا سوهو لان راح يتجند نريد نسويله ذكرى حلوة قبل التجنيد",32,2020-03-19T17:56:12Z,2020-03-19T17:59:49Z
UgxsOtHZTXgc_B8LgZ54AaABAg.96Of8A_dpZb96OfS_GQmHJ,UgxsOtHZTXgc_B8LgZ54AaABAg,True,@ayla1756,احذفي الايموجي يول,0,2020-03-19T17:58:59Z,2020-03-19T17:58:59Z
UgxsOtHZTXgc_B8LgZ54AaABAg.96Of8A_dpZb96OfUkeH2Zn,UgxsOtHZTXgc_B8LgZ54AaABAg,True,@ayla1756,عراقيه :(,0,2020-03-19T17:59:17Z,2020-03-19T17:59:17Z
UgxsOtHZTXgc_B8LgZ54AaABAg.96Of8A_dpZb96Ofgo7jtxa,UgxsOtHZTXgc_B8LgZ54AaABAg,True,@sh-pc3vj,@@ayla1756  حذفته هوي + اي عراقية,0,2020-03-19T18:01:04Z,2020-03-19T18:01:04Z
UgxsOtHZTXgc_B8LgZ54AaABAg.96Of8A_dpZb96Ofpxm2YQO,UgxsOtHZTXgc_B8LgZ54AaABAg,True,@ayla1756,@@sh-pc3vj تمام + واني عراقيه  :(,1,2020-03-19T18:02:19Z,2020-03-19T18:02:19Z
UgxsOtHZTXgc_B8LgZ54AaABAg.96Of8A_dpZb96OgFGM9mXX,UgxsOtHZTXgc_B8LgZ54AaABAg,True,@sh-pc3vj,@@ayla1756ترة حذفته مباشرة قبل لحد يكولي بس يمكن ما ظهر يمج  +عرفتج من اليول _ من الجمهورية البشيرية _,1,2020-03-19T18:05:55Z,2020-03-19T18:07:06Z
Ugyjg0ykJVg3jY-9iTR4AaABAg,,False,@myhyuns2,kim 준면 face에 crazy 하겠네 사랑 sun 김 jun 면 🐻🤎,0,2020-03-19T17:56:07Z,2020-03-19T17:56:07Z
Ugw-FkFET9DqhpYDsj14AaABAg,,False,@khouloud1122,كانو اميير 😢😢⁦❤️⁩⁦❤️⁩,3,2020-03-19T17:55:54Z,2020-03-19T17:55:54Z
Ugw-FkFET9DqhpYDsj14AaABAg.96Of5sOlqW796OftsAQ-hG,Ugw-FkFET9DqhpYDsj14AaABAg,True,@ayla1756,بدون ايموجي,0,2020-03-19T18:02:51Z,2020-03-19T18:02:51Z
Ugw4Syc0v6uUDdDIlf54AaABAg,,False,@ilo9280,can't wait for the album im soooo excited it will be perfect like suho him self our best leader love him and and we exol's will always support him and love him ❤️,0,2020-03-19T17:55:51Z,2020-03-19T17:55:51Z
UgwYbm69V9RBncrVGI94AaABAg,,False,@myrstrd6952,"ME ENCANTAAA, GRACIAS POR ESTO SUHO
ERES EL MEJOR <3",0,2020-03-19T17:55:39Z,2020-03-19T17:55:39Z
UgypXO-VlV5bs7Cg1p14AaABAg,,False,@김나현-c9l4f,준면 진짜 사랑해,0,2020-03-19T17:55:28Z,2020-03-19T17:55:28Z
UgzOEOF7Kgr7t1kJyjZ4AaABAg,,False,@milagrosperez6996,el esta la obra de arte,0,2020-03-19T17:55:14Z,2020-03-19T17:55:14Z
UgxQIDitsd1s3TjoB014AaABAg,,False,@21jd_,I'M IN LOVE MA,0,2020-03-19T17:55:10Z,2020-03-19T17:55:10Z
UgyEiRjFrQh_LI5qzed4AaABAg,,False,@aysebalaban2205,ÇOK YAKIŞIKLISIN ULAN,0,2020-03-19T17:55:08Z,2020-03-19T17:55:08Z
UgwxdSIlOZsEnfAzHHh4AaABAg,,False,@syifaanggita6256,🖤🖤🖤,0,2020-03-19T17:55:07Z,2020-03-19T17:55:07Z
Ugx4VB2nNLcfZXAdjIx4AaABAg,,False,@sworhandy7233,He's adorable,0,2020-03-19T17:54:57Z,2020-03-19T17:54:57Z
UgzjTJWsFvRxTpz2XDN4AaABAg,,False,@sworhandy7233,It's great,0,2020-03-19T17:54:50Z,2020-03-19T17:54:50Z
UgxPXYvEeUARMGg_Hwp4AaABAg,,False,@sworhandy7233,The best leader ever,0,2020-03-19T17:54:37Z,2020-03-19T17:54:37Z
Ugx7NTA4KDnqolOOtGl4AaABAg,,False,@sworhandy7233,Our leader :))),0,2020-03-19T17:54:21Z,2020-03-19T17:54:21Z
UgweOU-944s_Jw1fpV54AaABAg,,False,@pariya_ghi,I’m so proud of you kim juncotton!,0,2020-03-19T17:53:50Z,2020-03-19T17:53:50Z
UgyTqYXEGehs6wgV69N4AaABAg,,False,@sworhandy7233,یه ذره سریع تر شده ریتمش,0,2020-03-19T17:53:44Z,2020-03-19T17:53:44Z
UgzFwAGhBjZMbGc4LtR4AaABAg,,False,@ZcksLi-Aaliah,This is what art looks like,0,2020-03-19T17:53:32Z,2020-03-19T17:53:32Z
Ugy1rPPUaC9qgsdaNDp4AaABAg,,False,@sworhandy7233,وای ننه,0,2020-03-19T17:53:31Z,2020-03-19T17:53:31Z
Ugw4pphUuwEiW1KKjPJ4AaABAg,,False,@lovelygirl5888,سوهوووووووو سارانيووووو,1,2020-03-19T17:53:15Z,2020-03-19T17:53:15Z
Ugw7FmhA6MrlvTtaWVB4AaABAg,,False,@beatrizchajon8993,Lindo,0,2020-03-19T17:52:54Z,2020-03-19T17:52:54Z
UgwGdk1Z1ejakKk2PX94AaABAg,,False,@nadiamagdy6581,Art and artist .... Our dear beautiful Exo leader Suho's Upcoming and first solo album is an art on water power ; ),1,2020-03-19T17:52:45Z,2020-03-19T17:52:45Z
UgwCB9N3C5J6TCs_cjF4AaABAg,,False,@chenmylove1315,قلبي وقف بسرعة احجزولي غرفة عناية المركزة بالمستشفى,7,2020-03-19T17:50:58Z,2020-03-19T17:50:58Z
UgwY7R9lHGWdIx4ifFB4AaABAg,,False,@chyunazs,He is... so beautiful omfg,0,2020-03-19T17:50:52Z,2020-03-19T17:50:52Z
Ugyy-l9qHWfQth5VGKV4AaABAg,,False,@stefyrocha1905,"SUHOOOOOOOOOOOO!!!
I LOVE YOUUUUUUUUU!!!",1,2020-03-19T17:50:49Z,2020-03-19T17:50:49Z
Ugz2K8acymsToMMFFyB4AaABAg,,False,@IfYS-cj9bx,Suho 😍💪,0,2020-03-19T17:50:47Z,2020-03-19T17:50:47Z
UgxFUPJ08hsQMTbL3ON4AaABAg,,False,@imtired9813,the aesthetic is kilLing mE,0,2020-03-19T17:50:29Z,2020-03-19T17:50:29Z
Ugyb6VTcKVDKBH9u1Yt4AaABAg,,False,@rifahtasniaeva238,Suhyung😍😍😍😍😍😍😍😍😍😍😍😍😍😍😍😍😍😍😍,0,2020-03-19T17:50:04Z,2020-03-19T17:50:04Z
UgzuyBo_DfOOxmpLRKN4AaABAg,,False,@dinsun1111,He looks like a dream,0,2020-03-19T17:50:02Z,2020-03-19T17:50:02Z
UgwGVP6wc5ySLWD1Hnp4AaABAg,,False,@kimfdjk7027,البقلاوة الكورية ♡,5,2020-03-19T17:49:51Z,2020-03-19T17:49:51Z
UgwTsZf7wB_vFucTLN54AaABAg,,False,@christcheldedios2738,Bakit sobrang gwapo nitoo,0,2020-03-19T17:49:09Z,2020-03-19T17:49:09Z
UgyYgDGcEQhNVYLXEu54AaABAg,,False,@lathifahneff,We proud of you SUHO❤,0,2020-03-19T17:48:59Z,2020-03-19T17:48:59Z
UgyyfAhMTKiMIyyfxFt4AaABAg,,False,@zoroence,ARE YOU LISTENING TO THAT MODERN ROCK??,0,2020-03-19T17:48:54Z,2020-03-19T17:48:54Z
UgwbAMn80CtVzJDr3p14AaABAg,,False,@iscoronaldo189,The mood changed,0,2020-03-19T17:48:27Z,2020-03-19T17:48:27Z
UgwnstTOaOe-Fyx0DWZ4AaABAg,,False,@fijaeyong3866,Suho you the best,0,2020-03-19T17:48:27Z,2020-03-19T17:48:27Z
UgwCF1Ys6_MmenovnDt4AaABAg,,False,@dimplelotivio8784,Please support our best leader ❤,0,2020-03-19T17:48:27Z,2020-03-19T17:48:27Z
UgxILOkGLoDfW-J3auR4AaABAg,,False,@nongning6830,*I LOVE YOU SUHO<3*,0,2020-03-19T17:48:25Z,2020-03-19T17:48:25Z
UgxMjKaS0MrVEq0YA414AaABAg,,False,@elafkh5525,سوهو 💜,2,2020-03-19T17:48:23Z,2020-03-19T17:48:23Z
Ugwb76bQNQEzpWA0w_54AaABAg,,False,@iscoronaldo189,Oh my God,0,2020-03-19T17:48:16Z,2020-03-19T17:48:16Z
UgyhAbZbofm78pykr554AaABAg,,False,@sellaheka1789,Suho,0,2020-03-19T17:47:49Z,2020-03-19T17:47:49Z
UgwArczWWdDSzljkuyh4AaABAg,,False,@melinacabada8247,He is so visual,0,2020-03-19T17:47:17Z,2020-03-19T17:47:17Z
UgwtziwkvXth_8sf6lh4AaABAg,,False,@meriahnatytee,ต้องออกข่าวในพระราชสำนักนะคะ,0,2020-03-19T17:46:39Z,2020-03-19T17:46:39Z
UgzLnN4aTGjkdU1hdm14AaABAg,,False,@ckeer,미쳤다 벌써 좋아 각 나왔어 대박이야,0,2020-03-19T17:45:37Z,2020-03-19T17:45:37Z
UgzKZw7KbfUCraT_nvR4AaABAg,,False,@jenniekim9842,*Arab exo-l HERE!*,3,2020-03-19T17:45:29Z,2020-03-19T17:45:29Z
Ugwx_HT08BNsyMC1zXd4AaABAg,,False,@kaisooalnali4706,"احلى شيئ تعليقاتنا محتله 
والله انكم كيوت نفسي اعضكم والله انكم تجننو فديتكم 
فايتينغ",17,2020-03-19T17:45:20Z,2020-03-19T17:45:20Z
Ugwx_HT08BNsyMC1zXd4AaABAg.96OdtXxzz-596OeBIjAq-g,Ugwx_HT08BNsyMC1zXd4AaABAg,True,@ayla1756,جلطوني ساعه انبه بدون ايموجييي أهئ أهئ,0,2020-03-19T17:47:54Z,2020-03-19T17:47:54Z
Ugwx_HT08BNsyMC1zXd4AaABAg.96OdtXxzz-596Oj_AMi_1P,Ugwx_HT08BNsyMC1zXd4AaABAg,True,@user-wu6vk8wt4r,"مرحبا انا  ارمي او اريد اصير اكسوز ممكن اتعلموني اسمائهم او بعض المعلومات عنهم

او ممكن انصير عائله يعني الاكسوز والارمي",1,2020-03-19T18:34:59Z,2020-03-19T18:34:59Z
Ugwx_HT08BNsyMC1zXd4AaABAg.96OdtXxzz-596Ok0ZlRROu,Ugwx_HT08BNsyMC1zXd4AaABAg,True,@ayla1756,@@user-wu6vk8wt4r  اوك عندك انستا؟؟,0,2020-03-19T18:38:51Z,2020-03-19T18:38:51Z
Ugwx_HT08BNsyMC1zXd4AaABAg.96OdtXxzz-596Okg6SwLEG,Ugwx_HT08BNsyMC1zXd4AaABAg,True,@kaisooalnali4706,"@@user-wu6vk8wt4r ايه طبعا ي قلبي 
اسمائهم 
القائد سوهو 
شيومين 
تشانيول 
بيكهيون 
سيهيون
تشين
لاي
دي او 
كاي 
لوهان 
كريس 
تاو",2,2020-03-19T18:44:40Z,2020-03-19T18:44:40Z
Ugwx_HT08BNsyMC1zXd4AaABAg.96OdtXxzz-596Okz5AoDIl,Ugwx_HT08BNsyMC1zXd4AaABAg,True,@kaisooalnali4706,@@user-wu6vk8wt4rدخلتي في عائلة الاكسوتان,1,2020-03-19T18:47:15Z,2020-03-19T18:47:15Z
UgyIoWBAVykooPU_eJt4AaABAg,,False,@hanna-fo3og,김준면이 김준면이라서 너무 좋다..,1,2020-03-19T17:44:36Z,2020-03-19T17:44:36Z
UgyW0MDUUU1ULAHO-854AaABAg,,False,@exochen1621,بمووووت,1,2020-03-19T17:44:27Z,2020-03-19T17:44:27Z
UgyXa8-uOev63J3OoxZ4AaABAg,,False,@jenniekim9842,*OUR Bunny we love U)):♡♡♡!!*,1,2020-03-19T17:44:13Z,2020-03-19T17:44:13Z
UgycmPF7C-nwQqmYuzZ4AaABAg,,False,@amnaealixoali1901,"WOW
I LOVE YOU 
**SUHO**
*ARAB-EXO-L*",11,2020-03-19T17:44:04Z,2020-03-19T17:44:04Z
UgyzhAJfXokX_zQlZ7F4AaABAg,,False,@noureensadaf2071,Is it only me or this does sound indian?!,0,2020-03-19T17:43:58Z,2020-03-19T17:43:58Z
UgwI4sKO-a7bC63qoKt4AaABAg,,False,@jenniekim9842,*MY ANGEL!!):♡*,0,2020-03-19T17:43:31Z,2020-03-19T17:43:31Z
Ugwlhj2yySTHxvi3ZIJ4AaABAg,,False,@bernadettenamo8070,P E R F E C T ❤ S U H O,0,2020-03-19T17:43:28Z,2020-03-19T17:43:28Z
UgxEzzZKs4qVijbOhkl4AaABAg,,False,@exogenres6634,"Everyone, please support Kim Junmyeon/Suho ❤ either as our great leader-nim of EXO or as a soloist. This guy deserves all the success.

We love you Myeonnieee 😢",1,2020-03-19T17:43:23Z,2020-03-19T17:43:23Z
UgxEzzZKs4qVijbOhkl4AaABAg.96OdfG6bMe196Omf-vJlGO,UgxEzzZKs4qVijbOhkl4AaABAg,True,@saramohammad96,"No emoji pls 
Delete it",0,2020-03-19T19:01:59Z,2020-03-19T19:01:59Z
Ugy0p-paUE1Xaof60o94AaABAg,,False,@jenniekim9842,*we love u!!*,0,2020-03-19T17:43:21Z,2020-03-19T17:43:21Z
UgxR8u6VefXh6XWp2Vh4AaABAg,,False,@saranyamukundan7995,Cotton Oppa never fails to surprise us.,0,2020-03-19T17:43:00Z,2020-03-19T17:43:00Z
Ugzo5Pl7xp51GuQLJD54AaABAg,,False,@yeon___s,사람이 어떻게 저렇게나 잘생길 수 있지 .. . 역시 준면 👍💕💖💌🐰💘,0,2020-03-19T17:42:59Z,2020-03-19T17:42:59Z
Ugzx3bZIuDh72C53VVJ4AaABAg,,False,@angel3xxx980,Is a angel,0,2020-03-19T17:42:57Z,2020-03-19T17:42:57Z
UgypNqnugYPSJfM-OMR4AaABAg,,False,@정다은-c8f,아설렌디5,0,2020-03-19T17:42:45Z,2020-03-19T17:42:45Z
Ugy5-ayHkjWEwVuMNAt4AaABAg,,False,@busemlt,Our baby bunny Junmyeonnnnnnn 💜,0,2020-03-19T17:42:15Z,2020-03-19T17:42:15Z
Ugyqt4HZO3y5TaqjV5h4AaABAg,,False,@lourdeesgonzales3414,Diosooo♡♡♡♡,0,2020-03-19T17:41:21Z,2020-03-19T17:41:21Z
UgzyclWeO8_PccWpfIN4AaABAg,,False,@jeonmeena5119,واو سوهو طالع مزه,4,2020-03-19T17:41:19Z,2020-03-19T17:41:19Z
UgxiCL3P7GFftHoYeK94AaABAg,,False,@lourdeesgonzales3414,KING ♡♡♡♡♡,0,2020-03-19T17:41:12Z,2020-03-19T17:41:12Z
UgxCvzNdv1BYqHLy_5J4AaABAg,,False,@kaisoodikahc5983,We are one.Forever you,0,2020-03-19T17:41:10Z,2020-03-19T17:41:10Z
UgzcfetD_vPXVGn6tMx4AaABAg,,False,@tutialawiyah792,Suho❤❤❤,0,2020-03-19T17:41:01Z,2020-03-19T17:41:01Z
UgzBZnfj_yOPSpWmoDp4AaABAg,,False,@exolforever7418,لااا تعليق فقط بكاء,4,2020-03-19T17:40:54Z,2020-03-19T17:40:54Z
UgxIQmo3G-Cm0ZL_tiJ4AaABAg,,False,@Gabie184,We will always support and Cheer for you Junmyeon,0,2020-03-19T17:40:50Z,2020-03-19T17:40:50Z
Ugz7MNgplTJgGBJmVqd4AaABAg,,False,@leedayv,SUHO TE AMO ALV!!!!! ERES HERMOSOOOOOOOOOOOOO,0,2020-03-19T17:40:28Z,2020-03-19T17:40:28Z
UgzlS35wVY7Opazwf-Z4AaABAg,,False,@kaisoodikahc5983,I like so much thus teaser.,0,2020-03-19T17:40:26Z,2020-03-19T17:40:26Z
Ugzv2I_oKIMVMVlNjeR4AaABAg,,False,@lais0605,precioso,0,2020-03-19T17:40:14Z,2020-03-19T17:40:14Z
UgwAgqWiB-qc-ZncMeV4AaABAg,,False,@myphone8916,*سوهو*,1,2020-03-19T17:40:02Z,2020-03-19T17:40:02Z
UgxP5pWKi0fmRFRjHQZ4AaABAg,,False,@annuruwulan,"You are cool, uncle!!!! 
:')",0,2020-03-19T17:40:02Z,2020-03-19T17:40:02Z
Ugyk2--NIA9sD0RXoYp4AaABAg,,False,@renrenrenrenrenren,*we really Can't Waitt!!*,1,2020-03-19T17:39:36Z,2020-03-19T17:39:36Z
Ugx_etIxRibZB9wpRGV4AaABAg,,False,@annuruwulan,Cutee!!!!,0,2020-03-19T17:39:26Z,2020-03-19T17:39:26Z
UgxKD9qYLCKcnV3H_r54AaABAg,,False,@mengtingchen6888,cant wait cant wait,0,2020-03-19T17:38:32Z,2020-03-19T17:38:32Z
Ugx5iV6BZkplAILqWN14AaABAg,,False,@joujou5576,المستخدم متوفى,5,2020-03-19T17:38:27Z,2020-03-19T17:38:27Z
UgyoGbn-B9fp2PBfsMB4AaABAg,,False,@veroliza,"loved it 
i am so  exited  
i will die  
we love you SUHO  more than you will ever  imagine ❤❤❤❤❤❤
we will always support you
keep moving",0,2020-03-19T17:38:09Z,2020-03-19T17:38:09Z
UgyoGbn-B9fp2PBfsMB4AaABAg.96Od3vckx9R96OdCjh-QxN,UgyoGbn-B9fp2PBfsMB4AaABAg,True,@renrenrenrenrenren,*طيب احذفي الايموجي باليززززززنننن:')))))*,0,2020-03-19T17:39:21Z,2020-03-19T17:39:21Z
UgxQDWHIhazV1Uv7Mml4AaABAg,,False,@rK-qn6sd,*انموتفيك):*,4,2020-03-19T17:37:50Z,2020-03-19T17:37:50Z
UgydRj_Ls1bcOVSgjiJ4AaABAg,,False,@mehmethocazade1527,"Suho aşkım ben senin tipini yerimmm 
TEXO-L",0,2020-03-19T17:37:45Z,2020-03-19T17:37:45Z
Ugy_owR8Fbb4Prwimlp4AaABAg,,False,@rK-qn6sd,*زوجوونااا*,0,2020-03-19T17:37:41Z,2020-03-19T17:37:41Z
UgyVTqUz6286TDIxKMh4AaABAg,,False,@ntelinteli4444,존잘탱,0,2020-03-19T17:37:39Z,2020-03-19T17:37:39Z
UgwQSQ_wlpbbAoqx1gt4AaABAg,,False,@rK-qn6sd,*ايلافيوه ماي آنجللل*,3,2020-03-19T17:37:33Z,2020-03-19T17:37:33Z
UgzOtLWWwU021Sj5JGp4AaABAg,,False,@oumaimalakmal3375,Beauty to behold,0,2020-03-19T17:37:03Z,2020-03-19T17:37:03Z
UgwEcwGg4mb2EtRxSQJ4AaABAg,,False,@paula5510,mi peque 🥺,0,2020-03-19T17:36:39Z,2020-03-19T17:36:39Z
UgxT2_MPPPooO8ny5uJ4AaABAg,,False,@safsaf0114,our leader suho is rising 🙏🏽🙏🏽🙏🏽🙏🏽 so proud,0,2020-03-19T17:35:55Z,2020-03-19T17:35:55Z
UgwsmeuNaxoFoO8Wd8N4AaABAg,,False,@annuruwulandari1334,Njir cahkep bener dah,0,2020-03-19T17:35:51Z,2020-03-19T17:35:51Z
UgyJearGQowH0Xqvso94AaABAg,,False,@sekaikaihun5769,cotton,0,2020-03-19T17:35:48Z,2020-03-19T17:35:48Z
UgwG1MmVVwlS6i3YNBJ4AaABAg,,False,@변춘필,존나 예쁘다 오빠......,0,2020-03-19T17:35:29Z,2020-03-19T17:35:29Z
UgzfK9C_ww0Baj-pkDR4AaABAg,,False,@sekaikaihun5769,جمال قطنتنةةة,2,2020-03-19T17:35:17Z,2020-03-19T17:35:17Z
UgxAcOq4F2iAcsohA0Z4AaABAg,,False,@새벽별-x2s,노래 엄청 좋을것같다ㅜㅜ,0,2020-03-19T17:34:57Z,2020-03-19T17:34:57Z
UgygcnrxFg7xXOj5AF14AaABAg,,False,@hebamohammed6684,Suho is the best,0,2020-03-19T17:34:54Z,2020-03-19T17:34:54Z
UgzRU0nLx6e3z0sOM8J4AaABAg,,False,@hebamohammed6684,I love Suho,0,2020-03-19T17:34:47Z,2020-03-19T17:34:47Z
UgxEFRBqrp5TRGcStCx4AaABAg,,False,@hebamohammed6684,Kim joon meon,0,2020-03-19T17:34:40Z,2020-03-19T17:34:40Z
Ugxzt8I9DXWNpTprTKt4AaABAg,,False,@hebamohammed6684,Suho,0,2020-03-19T17:34:28Z,2020-03-19T17:34:28Z
UgysB4x6Sx3AAIJLG4l4AaABAg,,False,@linosrose1549,සූහෝ♥♥♥,0,2020-03-19T17:34:17Z,2020-03-19T17:34:17Z
UgwiC14Axlv41TEazY14AaABAg,,False,@seuselvagem_7068,Ave Maria que homem bonito. Vem pra minha casa pls,0,2020-03-19T17:34:07Z,2020-03-19T17:34:07Z
Ugyybpr9cOoQSe5v7TN4AaABAg,,False,@leylaeren0167,Ahhhhhh KİM JUNMYEON 😍😍😍😍😍🇹🇷 seviyoruuuzzzz seni,0,2020-03-19T17:33:55Z,2020-03-19T17:33:55Z
UgxR_wXGhZ-IiJByHlJ4AaABAg,,False,@єєяєє-е3ю,قائدنا عظيم. متئ تنزل ماكدر اصبر بعد.,6,2020-03-19T17:33:46Z,2020-03-19T17:33:46Z
UgwHV_X1KT7OeSG4bl14AaABAg,,False,@taytwksyl2596,اوووه ياااااااحبيبيييييييييي,0,2020-03-19T17:33:39Z,2020-03-19T17:33:39Z
Ugx77kqTc3Jxd1u7_4l4AaABAg,,False,@weareoneexo8238,لا انا عايشة سيد ارنوب,0,2020-03-19T17:33:13Z,2020-03-19T17:33:13Z
Ugy8-6KDY68mbjgYCPt4AaABAg,,False,@syarifdewi_6400,So handsome,0,2020-03-19T17:33:01Z,2020-03-19T17:33:01Z
Ugy1tGXb_XTEZ-1fmKF4AaABAg,,False,@sevvalderici8913,King❤️🥰🤩👑,0,2020-03-19T17:32:27Z,2020-03-19T17:32:52Z
UgxjdAcMIaNEwAp1Di14AaABAg,,False,@gigihh5792,My leader,0,2020-03-19T17:32:07Z,2020-03-19T17:32:07Z
UgwtKcjvvj1hMDSXDQ54AaABAg,,False,@이가연-q6i,존나 잘생겼네 시벌,0,2020-03-19T17:31:37Z,2020-03-19T17:31:37Z
UgyNM1F-kkE-qbMO7Ox4AaABAg,,False,@hiimcge,와씨 준면한테 내 인생 베팅,0,2020-03-19T17:31:10Z,2020-03-19T17:31:10Z
UgywnBftsC7A97p5H1Z4AaABAg,,False,@XDmiao,oooooh man i'm excited,0,2020-03-19T17:30:33Z,2020-03-19T17:30:33Z
UgxO3uII2uzMxo0GxMB4AaABAg,,False,@Pina7995,"The perfection in one word = Suho
I'm so proud of our best leader I can't find words to describe how much I'm proud of him and how much I'm happy and excited for his album. I appreciate a lot ur efforts  and i will support and love u endlessly. Thanks for loving us EXO-Ls and for giving us the chance to hear ur angelic voice and seeing ut handsome smile and eyes. I love u so much and Arab EXO-Ls will always love u and support u. Let's love",41,2020-03-19T17:30:24Z,2020-03-19T17:30:24Z
UgxqRtTQ-TEJYPkJguN4AaABAg,,False,@hudasaeedalharthy9271,يارب ابوس وجهككككككك,0,2020-03-19T17:30:18Z,2020-03-19T17:30:18Z
UgyxWZs5r4JaH4ZLMI14AaABAg,,False,@purplegirl554,"Excuse me, I'm falling in love with him.",1,2020-03-19T17:30:13Z,2020-03-19T17:30:13Z
Ugxxqiuu6LS2YLHWM-F4AaABAg,,False,@oumaima179,ياخي جماله كأنه مش انسان ملااااك ...,6,2020-03-19T17:30:13Z,2020-03-19T17:30:13Z
UgyBokDkNBOE_JWzvqR4AaABAg,,False,@고구마-e2w,네 노래가 나오면 나는 4월마다 너를 떠올리겠지,0,2020-03-19T17:30:12Z,2020-03-19T17:30:12Z
UgwnQ0JA9fudzsGOO_B4AaABAg,,False,@aishwaryaseenivasan4115,Deserves all the love in the world... Uri leader fighting,0,2020-03-19T17:29:51Z,2020-03-19T17:29:51Z
UgyVmUdH1TdDp_MXs914AaABAg,,False,@hanikim2315,This is what I exactly expected from him,0,2020-03-19T17:29:36Z,2020-03-19T17:29:46Z
UgxhfGHQIazpM8t84YN4AaABAg,,False,@hildazk,Mas suho apakabs? Makin bening aja kamu♡,0,2020-03-19T17:29:19Z,2020-03-19T17:29:19Z
UgyRmf-7RePJCINd2Fp4AaABAg,,False,@sumeeii3809,متحمسين بالفخممم سوهو فخرنا 💜💜😭😭😭✨💛,3,2020-03-19T17:28:41Z,2020-03-19T17:28:41Z
UgyRmf-7RePJCINd2Fp4AaABAg.96ObzZGoYws96Oc0f4KVlG,UgyRmf-7RePJCINd2Fp4AaABAg,True,@ayla1756,احذفيي الايموجييي,0,2020-03-19T17:28:58Z,2020-03-19T17:28:58Z
UgyRmf-7RePJCINd2Fp4AaABAg.96ObzZGoYws96OdWfOiafC,UgyRmf-7RePJCINd2Fp4AaABAg,True,@danyahf2282,ايموجي,0,2020-03-19T17:42:04Z,2020-03-19T17:42:04Z
UgyRmf-7RePJCINd2Fp4AaABAg.96ObzZGoYws96OdZ7bbeZB,UgyRmf-7RePJCINd2Fp4AaABAg,True,@danyahf2282,احذفي التعليق وعيديه بدون ايموجي,0,2020-03-19T17:42:24Z,2020-03-19T17:42:24Z
UgxylPfz2Ng2EDDlkMd4AaABAg,,False,@김민지-l4z7g,그래 이렇게 얼빡만 있어도 얼마나 좋아,0,2020-03-19T17:28:30Z,2020-03-19T17:28:30Z
UgzDFu6kVg8tdRJT-t54AaABAg,,False,@paskalia1434,kegantengan paripurna 😭❤️,0,2020-03-19T17:27:59Z,2020-03-19T17:27:59Z
UgxySM_pPOcMtmr1f1R4AaABAg,,False,@weareoneexoloey1765,❤❤❤❤❤❤❤❤❤❤,0,2020-03-19T17:27:44Z,2020-03-19T17:27:44Z
Ugw3rYraC0aKtrgdwvV4AaABAg,,False,@zohrehmaleki2827,I love you,1,2020-03-19T17:27:42Z,2020-03-19T17:27:42Z
UgxKhEzAcYcGniVuvER4AaABAg,,False,@exo-lforever9505,"*""وجع بعد دا كلوا وتعليقاتي كلها مظهرتش""*
 -تبكي من كتر الاحباط-",25,2020-03-19T17:27:40Z,2020-03-19T17:27:40Z
UgxKhEzAcYcGniVuvER4AaABAg.96ObsC8PFD796OjdpGaqQ8,UgxKhEzAcYcGniVuvER4AaABAg,True,@user-wu6vk8wt4r,"مرحبا انا  ارمي او اريد اصير اكسوز ممكن اتعلموني اسمائهم او بعض المعلومات عنهم

او ممكن انصير عائله يعني الاكسوز والارمي",0,2020-03-19T18:35:37Z,2020-03-19T18:35:37Z
UgxKhEzAcYcGniVuvER4AaABAg.96ObsC8PFD796OknZGIJ92,UgxKhEzAcYcGniVuvER4AaABAg,True,@exo-lforever9505,"@@user-wu6vk8wt4r اكيد
اولا الا بالفديو اسمو ""سوهو"" وهو القائد..

واكبر واحد فيهم اسمو ""شيومين"" وهو حاليا بالجيش..

واضغر واحد اسمو ""سيهون"" هتعرفيه من طوله وهو رابر ...

وفي الرابر الرئيسي اسمو ""تشانيول"" هتعرفيه من غمازاته ...

وفي صوت رئيسي امو ""تشين"" هتعرفيه من صوته القوي والعالي..

وفي واحد اسمو ""بيكهيون"" اممم معرفش تميزيه ازاي بس هو حبوب جدا وهو بيضحك اكسو دايما وصوته من الاصوات الرئيسيه....

وفي ""دي او"" وهو من الاصوات الرئيسيه وهو حاليا ف الجيش تعرفيه من نظرته...

وفي واحد اسمو ""لاي"" العضو الصيني الوحيد من اكسو وهو حاليا مش بيجي فعودات اكسو....

وفي واحد اسمو ""كاي"" الراقص الرئيسي وتعرفيه من بشرته البرنزيه (يعني شبه قمحيه اعتقد)

وطبعا مرحب بيكي بفاندومنا...
وهنحب ان ينضم لينا افراد جدد.. وبس والله :')",2,2020-03-19T18:45:41Z,2020-03-19T18:45:41Z
Ugyo75S1Vpjj7ELZsd14AaABAg,,False,@moesat9489,so excited now🤩,0,2020-03-19T17:27:39Z,2020-03-19T17:27:39Z
UgzBssQW7awUlzfRmHN4AaABAg,,False,@zohrehmaleki2827,You are so good,0,2020-03-19T17:27:36Z,2020-03-19T17:27:36Z
UgwjGcLqOnOPkBmobcB4AaABAg,,False,@user-fw6wk7ht9y,"*-قائدنا وتاج راسنا😭💓.""*",0,2020-03-19T17:27:25Z,2020-03-19T17:27:25Z
UgwjGcLqOnOPkBmobcB4AaABAg.96ObqIJ71_596Oc5GMLYpL,UgwjGcLqOnOPkBmobcB4AaABAg,True,@ayla1756,احذفيييي الايموجيي يختيييي,0,2020-03-19T17:29:36Z,2020-03-19T17:29:36Z
UgycK9JEddsCPgUICFd4AaABAg,,False,@Mariana-cl5wz,"OMG i'm crying! I can't with u, it's so PERFECT!
Our dear Junmyeon, we stay with you! 
I payed for the album, but I need it in my hands!",0,2020-03-19T17:27:24Z,2020-03-19T17:27:24Z
UgyIdYLbDcQo69TY4ZV4AaABAg,,False,@moesat9489,🤭😘😘,0,2020-03-19T17:27:19Z,2020-03-19T17:27:19Z
UgyIdYLbDcQo69TY4ZV4AaABAg.96Obpcqnisc96OcBI8Yz7h,UgyIdYLbDcQo69TY4ZV4AaABAg,True,@ayla1756,بدووننن ايموجيي بلييزز احذفي,0,2020-03-19T17:30:25Z,2020-03-19T17:30:25Z
Ugy0g6BCqQsmeq02iDF4AaABAg,,False,@nanakimwinchester,Maravilloso <3,0,2020-03-19T17:27:00Z,2020-03-19T17:27:00Z
UgzDK6keWVFeBFgAZM14AaABAg,,False,@Baraa_mosa,ربي ارحمني,0,2020-03-19T17:26:35Z,2020-03-19T17:26:35Z
UgyHEdJ3Fy4lMK6GwJV4AaABAg,,False,@Baraa_mosa,ربي ساعدني,0,2020-03-19T17:26:30Z,2020-03-19T17:26:30Z
UgyRiOOo67OeOcf6M5t4AaABAg,,False,@dwbs331,"TE AMOOOOOOOOO MMMUUUUUIIIIIITTTTTTOOOOOOOO!!!!!!

AMO DEMAIS!",88,2020-03-19T17:26:27Z,2020-03-19T17:26:27Z
UgyRiOOo67OeOcf6M5t4AaABAg.96ObjGXuo4C96Ot4XhGKPJ,UgyRiOOo67OeOcf6M5t4AaABAg,True,@vivivick5663,amamos😔✊💕💕,0,2020-03-19T19:58:02Z,2020-03-19T19:58:02Z
UgyRiOOo67OeOcf6M5t4AaABAg.96ObjGXuo4C96Oxp3TKRrp,UgyRiOOo67OeOcf6M5t4AaABAg,True,@dwbs331,@@vivivick5663  Exato 💕💕,0,2020-03-19T20:39:29Z,2020-03-19T20:39:29Z
Ugwl6yp-6Nj71oA-Yyx4AaABAg,,False,@Baraa_mosa,ما هذا الجمال بحق الكون,0,2020-03-19T17:26:23Z,2020-03-19T17:26:23Z
UgyxgVDlhuf6Qvs9ift4AaABAg,,False,@xiu4u,𝐋𝐞𝐭'𝐬 𝐋𝐨𝐯𝐞 ɵ̷̥̥᷄ˬɵ̷̥̥᷄,0,2020-03-19T17:26:15Z,2020-03-19T17:26:15Z
UgzCZ4DvDSLBztbLeM94AaABAg,,False,@Baraa_mosa,بسم الله,0,2020-03-19T17:26:10Z,2020-03-19T17:26:10Z
UgweCmZZ_Ya5hDIA0Xt4AaABAg,,False,@nursyarinabtamir6634,Yall handsome boy! Bogoshipo!!!!,1,2020-03-19T17:25:00Z,2020-03-19T17:25:00Z
UgyBeFPaVFu4fbF0Awl4AaABAg,,False,@ohsasha3390,جنك نبي صغيرون,0,2020-03-19T17:24:40Z,2020-03-19T17:33:24Z
UgyBeFPaVFu4fbF0Awl4AaABAg.96ObX7rwVhb96OcGaHlIVV,UgyBeFPaVFu4fbF0Awl4AaABAg,True,@ayla1756,احذفي الايموجي,0,2020-03-19T17:31:08Z,2020-03-19T17:31:08Z
UgyBeFPaVFu4fbF0Awl4AaABAg.96ObX7rwVhb96OcWEjZn8C,UgyBeFPaVFu4fbF0Awl4AaABAg,True,@ohsasha3390,@@ayla1756 ماشي,1,2020-03-19T17:33:16Z,2020-03-19T17:33:16Z
UgyBZSx9hrOQosXBiJ54AaABAg,,False,@exo-lforever9505,"*""يا عرب حطوا لايك للتعليقات العربيه عشان ليدرنا يشوف ان العرب بيدعموا .. ڤايتنغ""* :')",12,2020-03-19T17:24:38Z,2020-03-19T17:24:38Z
UgwpzUimvEkzL7GoitV4AaABAg,,False,@angiefresita,Es bellísimo 😖😖😖,0,2020-03-19T17:24:31Z,2020-03-19T17:24:31Z
UgzJm-qnIdtbkVhOOjV4AaABAg,,False,@이름-r4z,준면.. 천사야..,0,2020-03-19T17:24:23Z,2020-03-19T17:24:23Z
UgyyxGV-5HKvGFBoWuh4AaABAg,,False,@xiu4u,الجماااااال يصرخ بالزاويه ♡♡♡,2,2020-03-19T17:24:17Z,2020-03-19T17:24:17Z
UgzdtjmGLx60c9GFcKB4AaABAg,,False,@karelyperez8758,Amoo,0,2020-03-19T17:23:59Z,2020-03-19T17:23:59Z
Ugwtl_Meom5viJg12aN4AaABAg,,False,@sumeyyetrn9397,Turkish Exo-l,1,2020-03-19T17:23:53Z,2020-03-19T17:23:53Z
UgxAPYXg0YDgZCo5mfB4AaABAg,,False,@Maynisa1507,👍🏻🤟🏻👍🏻👍🏻👍🏻👍🏻,0,2020-03-19T17:23:50Z,2020-03-19T17:23:50Z
UgxAPYXg0YDgZCo5mfB4AaABAg.96ObR1I-X2r96OcLplpVtv,UgxAPYXg0YDgZCo5mfB4AaABAg,True,@ayla1756,بدون ايموجييي,0,2020-03-19T17:31:51Z,2020-03-19T17:31:51Z
UgyNWB5-oYPKmBxFYQB4AaABAg,,False,@Maynisa1507,🥳🥳🥳🥳,0,2020-03-19T17:23:34Z,2020-03-19T17:23:34Z
UgyNWB5-oYPKmBxFYQB4AaABAg.96ObP95XtrI96OcK3E6NYC,UgyNWB5-oYPKmBxFYQB4AaABAg,True,@ayla1756,احذفي الايموجي,0,2020-03-19T17:31:37Z,2020-03-19T17:31:37Z
UgyPAEIzKu62_gxiNiN4AaABAg,,False,@exo-lforever9505,"*""الفديو نزل وانا لسا شيفاه بالصدفه... ياخي الله يلعن كدا""* :')",19,2020-03-19T17:23:30Z,2020-03-19T17:23:30Z
UgxZX4NmHMgumJBXsZR4AaABAg,,False,@Syria.Z23,ماما سوهو بحبكككك بحبككك حبكككككك مووووتت ياسكره بتتاكل,1,2020-03-19T17:23:18Z,2020-03-19T17:23:18Z
UgyWbMLyolDaecvsScV4AaABAg,,False,@Maynisa1507,Uri oppa,0,2020-03-19T17:23:18Z,2020-03-19T17:23:18Z
Ugzr_SkfPM4WoNIUlX94AaABAg,,False,@bittersweetsymphony4330,Can2t wait to hear his beautiful voice and the songs he's written...,0,2020-03-19T17:23:02Z,2020-03-19T17:23:02Z
UgzWVw1l1r4xQPVaNRR4AaABAg,,False,@baekmune3963,Suho ganteng,0,2020-03-19T17:22:58Z,2020-03-19T17:22:58Z
Ugy9GOPoySDwaZWFGKd4AaABAg,,False,@exo-lforever9505,"*""احبه والله العظيم""* :')",6,2020-03-19T17:22:49Z,2020-03-19T17:22:49Z
Ugy9GOPoySDwaZWFGKd4AaABAg.96ObJdjfY7296OtNBFbm7V,Ugy9GOPoySDwaZWFGKd4AaABAg,True,@EXO악수,اني هم وربي,1,2020-03-19T20:00:35Z,2020-03-19T20:00:35Z
UgxyhHEerVidOC6QBwN4AaABAg,,False,@exo-lforever9505,"*""مين الا مستولي علي التعليقات نااو ... نعم انهم فخري الاكسوال العرب""* :')",17,2020-03-19T17:22:32Z,2020-03-19T17:22:32Z
UgzziFwtvOlmexPBUAB4AaABAg,,False,@wooyeongi2313,강력하게 지지합니다!🐰🐰🐰💙,0,2020-03-19T17:22:30Z,2020-03-19T17:22:30Z
UgyNpod3QZlQGN59E1R4AaABAg,,False,@bittersweetsymphony4330,This album gonna be amazing,0,2020-03-19T17:22:30Z,2020-03-19T17:22:30Z
Ugxy-qz_f_vpTP695YJ4AaABAg,,False,@bittersweetsymphony4330,I love the coldplay vibes in it,0,2020-03-19T17:22:11Z,2020-03-19T17:22:11Z
UgwQwi_czPx8-GT-GDJ4AaABAg,,False,@joselinbea8854,He looks like an angel ^_^ FIGHTING SUHO AND EXOL,0,2020-03-19T17:22:10Z,2020-03-19T17:22:10Z
UgwF4rVsAS_WtU5KRuF4AaABAg,,False,@nara_3_3,Rassou,0,2020-03-19T17:22:08Z,2020-03-19T17:22:08Z
UgwQpRbH2f1Wfb06kzR4AaABAg,,False,@ilovewhatyouhateexo2337,dhjdjzkkdkf gorgeoussssssszzzzz,0,2020-03-19T17:22:02Z,2020-03-19T17:22:02Z
Ugz_XCplCLUv6SOTdK94AaABAg,,False,@bittersweetsymphony4330,THAT'S RIGHT MY STYLE,0,2020-03-19T17:21:59Z,2020-03-19T17:21:59Z
Ugxw6YYT_FZUoT8yezh4AaABAg,,False,@exo-lforever9505,"*""يا اكسوال متحطوش اي ايموجي يحذف المشاهدات ..انا حذفتوا من كومنتاتي عشان كذا""*",26,2020-03-19T17:21:51Z,2020-03-19T17:21:51Z
UgwJgFxGW5oPiaGX7DR4AaABAg,,False,@bittersweetsymphony4330,tThat sounds amazing even better than previous,0,2020-03-19T17:21:47Z,2020-03-19T17:21:47Z
Ugxuk0GYWjuFUiF_PtN4AaABAg,,False,@adlilhuerta3264,Ahhhhh ya quiero 😭💖💖💖,0,2020-03-19T17:21:46Z,2020-03-19T17:21:46Z
UgzTrDMwQqwzuAPOW_x4AaABAg,,False,@yunuen_cm,Aaaaah qué emoción!!,0,2020-03-19T17:21:44Z,2020-03-19T17:21:44Z
UgyXB-lrfSq-ldKic-N4AaABAg,,False,@noexonolifenoexonolife6621,ليش هيك بتعذبنا سيد سوهو,4,2020-03-19T17:21:41Z,2020-03-19T17:21:41Z
UgzNXkieP7kKXrL21WB4AaABAg,,False,@fitririzkyhartanti,KIM JUN ART MYEON!,0,2020-03-19T17:21:34Z,2020-03-19T17:21:34Z
Ugz3yrqHDlzHb0Iy7Y94AaABAg,,False,@nia4330,Teaser'da çok yokuz ama bir mv'in patlasın TÜM YORUMLARI ELE GEÇİRİCEZ LİDERİM SÖZ TURKISH EXO-L SÖZÜ,0,2020-03-19T17:21:32Z,2020-03-19T17:21:40Z
UgwTZV61QSODfxpNAyd4AaABAg,,False,@윤-h9h,수호얼굴만 단독으로 찍어주셔서 감사합니다,0,2020-03-19T17:21:23Z,2020-03-19T17:21:23Z
UgyiSnUvKEB6FmIDjV14AaABAg,,False,@wooyeongi2313,💙💙💙💙💙,0,2020-03-19T17:21:13Z,2020-03-19T17:21:13Z
UgyiSnUvKEB6FmIDjV14AaABAg.96Ob7vvcIA496OcS4aBkWD,UgyiSnUvKEB6FmIDjV14AaABAg,True,@ayla1756,تعبت واني انبه بدوووننن ايمووجيييي,0,2020-03-19T17:32:42Z,2020-03-19T17:32:42Z
UgyCpiJpUp5kii42ebt4AaABAg,,False,@exowe9,تَائُهاً فِي اللّيل؛كَشعوّر لوُسَيفر عَندمَا هِبطَ إلىٰ الجَحِيمَّ.,4,2020-03-19T17:21:08Z,2020-03-19T17:21:08Z
UgwbpOz9Pa3tuAf0sz54AaABAg,,False,@exo-lforever9505,"*""تنبيه هام وعاجل يوجد لدي اصابه قلبيه لاجل تيزر وفديو تشويقي للالبوم القادم لليدر العالم""* :')",14,2020-03-19T17:21:05Z,2020-03-19T17:21:05Z
Ugz-MF6DpLoYtz0Jnn94AaABAg,,False,@zainshad4708,Suho oppo  you are debaek,0,2020-03-19T17:20:46Z,2020-03-19T17:20:46Z
UgwBetLYvQtY1VsOZo14AaABAg,,False,@nanlake9806,Oppa so handsome love you 5000000000,0,2020-03-19T17:20:27Z,2020-03-19T17:20:27Z
Ugw_55mxhz-M5pJXxUx4AaABAg,,False,@exowe9,𝙔𝙤𝙪 𝙖𝙧𝙚 𝙩𝙝𝙚 𝙤𝙣𝙡𝙮 𝙢𝙤𝙤𝙣 𝙬𝙝𝙤 𝙡𝙞𝙫𝙚𝙨 𝙞𝙣𝙨𝙞𝙙𝙚 𝙢𝙚.,0,2020-03-19T17:20:25Z,2020-03-19T17:20:25Z
UgyjsMf-tK0w_tlpRRV4AaABAg,,False,@exowe9,٫ُ لّمحِتُ،فُِي،شَفِتاهَُ،طِيفُ،مَقبِرتِي!.,2,2020-03-19T17:20:15Z,2020-03-19T17:20:15Z
UgzS_6JNFTIhRC8_8jp4AaABAg,,False,@babydylan7600,Uri leadernim luv,0,2020-03-19T17:19:56Z,2020-03-19T17:19:56Z
UgyFYtcKoPamMQeFu3B4AaABAg,,False,@SAKURA-om8nz,💓💓💓💓💓💓💓💓💓💓💓,0,2020-03-19T17:19:49Z,2020-03-19T17:19:49Z
UgyFYtcKoPamMQeFu3B4AaABAg.96Oaycwj_XK96Ob7zjURA4,UgyFYtcKoPamMQeFu3B4AaABAg,True,@najaeminbestboy.4607,*احذفي الايموجيي!!!! من غير شي مشاهداتنا تفشلل احذفيهه*,0,2020-03-19T17:21:14Z,2020-03-19T17:21:14Z
Ugx3uSduE5PQ2N35hQN4AaABAg,,False,@hyacinthus9630,"Bak Sooman bey amca bunları yaparken ""acaba ben bu aerileri nasıl öldürebilirim"" diye düşünüyor olabilirsin ama yinede az insaf yaw kalbime indi yemin ederim",0,2020-03-19T17:19:45Z,2020-03-19T17:19:45Z
UgwNZukQ5YxwG1Jr7PZ4AaABAg,,False,@danyahf2282,I am an Arabic exol for ever we are one,2,2020-03-19T17:19:02Z,2020-03-19T17:19:02Z
UgwfIJoRllD8M0Xjd1R4AaABAg,,False,@음-n7u,완전 개 존잘,1,2020-03-19T17:18:48Z,2020-03-19T17:18:48Z
UgwwYebDvPGA3TEWClh4AaABAg,,False,@manshahhussain4938,Wow... ❤❤❤,0,2020-03-19T17:18:42Z,2020-03-19T17:18:42Z
UgwwYebDvPGA3TEWClh4AaABAg.96OaqTBwU0v96OawCDP4Z3,UgwwYebDvPGA3TEWClh4AaABAg,True,@markleebestboy7631,*احذفففي الايموجييييي!!!!*,0,2020-03-19T17:19:29Z,2020-03-19T17:19:29Z
UgwwYebDvPGA3TEWClh4AaABAg.96OaqTBwU0v96Obufw1YPE,UgwwYebDvPGA3TEWClh4AaABAg,True,@manshahhussain4938,@@markleebestboy7631 what??,0,2020-03-19T17:28:01Z,2020-03-19T17:28:01Z
UgzOArPJbDIWUjUMfpJ4AaABAg,,False,@exo-lforever9505,"*""افخم ليدر فالكيبوب والله""* :')",6,2020-03-19T17:18:42Z,2020-03-19T17:20:07Z
UgzOArPJbDIWUjUMfpJ4AaABAg.96OaqSwfD0A96Ob-D6k7mT,UgzOArPJbDIWUjUMfpJ4AaABAg,True,@markleebestboy7631,*طيب احذففي الايموجيي :(!!!*,0,2020-03-19T17:20:02Z,2020-03-19T17:20:02Z
UgxJhmaOr3rlx-KOOiN4AaABAg,,False,@dewikomalasari5228,❤❤❤❤❤🥰,0,2020-03-19T17:18:42Z,2020-03-19T17:18:42Z
UgxJhmaOr3rlx-KOOiN4AaABAg.96OaqSMP3FC96Ob9jVFo_O,UgxJhmaOr3rlx-KOOiN4AaABAg,True,@najaeminbestboy.4607,*delete the emoji!!*,0,2020-03-19T17:21:28Z,2020-03-19T17:21:28Z
UgwgnrcHOZ8_FjqoXl54AaABAg,,False,@nannay4418,Cute Suho good luck,0,2020-03-19T17:18:21Z,2020-03-19T17:18:21Z
UgwCNnKh02Ogx8yItKB4AaABAg,,False,@exo-lforever9505,"*""دا مش تيزر لالبوم دا المعني الحقيقي لكيفيه قتل الاكسوال بالبطيئ""* :')",0,2020-03-19T17:18:19Z,2020-03-19T17:20:01Z
UgwCNnKh02Ogx8yItKB4AaABAg.96OandGDnDv96Oau9JJkLc,UgwCNnKh02Ogx8yItKB4AaABAg,True,@markleebestboy7631,*وقفيي بيلزز!!!!*,0,2020-03-19T17:19:12Z,2020-03-19T17:19:12Z
UgzbXnY1Cx4oy4MBL3Z4AaABAg,,False,@sevketyilmaz788,He is actually ART!!!,4,2020-03-19T17:18:11Z,2020-03-19T17:18:11Z
UgxNFL9Z85ah6IAt4Yd4AaABAg,,False,@thickthickitythickface,Love him so much,0,2020-03-19T17:17:49Z,2020-03-19T17:17:49Z
Ugzc530OSqTQVp0x2HR4AaABAg,,False,@ravnclown,PAPAAAAA,0,2020-03-19T17:17:44Z,2020-03-19T17:17:44Z
Ugypg805UST5Y-4W1ot4AaABAg,,False,@ravnclown,Gaaannsss,0,2020-03-19T17:17:40Z,2020-03-19T17:17:40Z
UgzdWWsZ5ROjsT9BDKx4AaABAg,,False,@thickthickitythickface,He's the best,0,2020-03-19T17:17:39Z,2020-03-19T17:17:39Z
Ugyq_nblWjve9QZ3hit4AaABAg,,False,@exo-lforever9505,"*""سؤال من قخر الاكسوال دائما""*
*""جواب بدون تفكير اكسو""* :')
*""ليدرنا الفخم والله اعشقك ياخي""* :')",15,2020-03-19T17:17:36Z,2020-03-19T17:19:56Z
Ugyq_nblWjve9QZ3hit4AaABAg.96OaiOaQvLR96OaprVhaW3,Ugyq_nblWjve9QZ3hit4AaABAg,True,@markleebestboy7631,*حرام عليكم!! والله حرام هذا اول يوم للتيزر !! احذفي الايموجيي!!*,1,2020-03-19T17:18:37Z,2020-03-19T17:18:37Z
Ugyq_nblWjve9QZ3hit4AaABAg.96OaiOaQvLR96Oc3DMQR8X,Ugyq_nblWjve9QZ3hit4AaABAg,True,@exo-lforever9505,@@markleebestboy7631 مكنتش عارفه وانا حذفته,0,2020-03-19T17:29:19Z,2020-03-19T17:29:19Z
Ugzs01ro9Eaenlz6W6h4AaABAg,,False,@ayayoel76,Junmyeon is the best,0,2020-03-19T17:17:35Z,2020-03-19T17:17:35Z
UgwPv1ycwNp3P30a3pZ4AaABAg,,False,@zhangyixing8511,TANGAMA KIM SUHO PANAGUTAN MOKO KUNG AYAW MONG SUMBONG KITA SA MAMA KO,0,2020-03-19T17:17:34Z,2020-03-19T17:17:34Z
UgyVze3J6xcM8slx2wl4AaABAg,,False,@thickthickitythickface,Can't wait for this album,0,2020-03-19T17:17:28Z,2020-03-19T17:17:28Z
UgwwiNPc2WLnMs4T0ah4AaABAg,,False,@shafiraauliya4357,Sayang abang suhoo,0,2020-03-19T17:17:27Z,2020-03-19T17:17:27Z
UgwbcoRqShc8gXwaXSB4AaABAg,,False,@thickthickitythickface,He's amazing,0,2020-03-19T17:17:17Z,2020-03-19T17:17:17Z
UgzjEXSoFWOr1_3-H0x4AaABAg,,False,@neydasilva_mitsuki,The Perfect man you ever seen..,2,2020-03-19T17:17:14Z,2020-03-19T17:17:14Z
UgzMdXNPZeN95xYHvNF4AaABAg,,False,@thickthickitythickface,His beauty is unreal,0,2020-03-19T17:17:08Z,2020-03-19T17:17:08Z
UgzsZKrE7UM3MvFZ3T54AaABAg,,False,@blexicana2_,sounds epic,0,2020-03-19T17:16:56Z,2020-03-19T17:16:56Z
UgyQb853eu1lkdFFb7d4AaABAg,,False,@ty2617xo,He's turning 30 this year and still looking finer than a 18 yo😍🎉,0,2020-03-19T17:16:25Z,2020-03-19T17:16:25Z
UgzTb3E2-BCoDP5TXyx4AaABAg,,False,@littlesquid1068,Junmyeon is slaying this suholo. ♡,1,2020-03-19T17:16:16Z,2020-03-19T17:16:16Z
Ugw6yslEqLUOXsKzckJ4AaABAg,,False,@세상을날아라,카메라 보는 눈빛부터 예술이고 조각상이 움직이니까 너무 신기해,0,2020-03-19T17:16:09Z,2020-03-19T17:16:09Z
UgwiB-nabrpx-jznrqh4AaABAg,,False,@adityayuliah167,"Ini kalo udah 30th ke atas, kayanya bakal kelihatan yg om om deh",0,2020-03-19T17:15:58Z,2020-03-19T17:15:58Z
UgzgY8xSBRNso04ncNR4AaABAg,,False,@fatemehexo1453,Handsome♥,0,2020-03-19T17:15:49Z,2020-03-19T17:15:49Z
UgwYF771Madt9Qb43jN4AaABAg,,False,@icaschannel5821,Uri leader❤️💚✨,0,2020-03-19T17:15:25Z,2020-03-19T17:15:25Z
UgxG6-3l3rGm4NkT_8l4AaABAg,,False,@sieunnneee,코튼 미모 말해뭐해 ...,1,2020-03-19T17:15:13Z,2020-03-19T17:15:13Z
Ugxqaawgv0N-6fAQAvV4AaABAg,,False,@fatemehesmaeelzadeh8234,"i honestly wish bad things for those who press the dislike button. why spreadin this hate? this mv teaser is a work of art n it's beautiful. BUT IF U DON LIKE IT then don't look at it. don't spread hate on his work, he work 8 years for this n he only deserves love and support. not hate.",0,2020-03-19T17:14:59Z,2020-03-19T17:14:59Z
Ugz1OLrLfJP036mtIuN4AaABAg,,False,@ماجيكا-س3ذ,I fell for you ....,0,2020-03-19T17:14:24Z,2020-03-19T17:14:24Z
Ugxgt6WosMYYWVF80E94AaABAg,,False,@lilmeowmeow597,Lindo ¡-¡,1,2020-03-19T17:14:19Z,2020-03-19T17:14:19Z
Ugw54rstPFZXAiAo1V54AaABAg,,False,@ayla1756,بدونن ايموجيييي,0,2020-03-19T17:14:18Z,2020-03-19T17:14:18Z
UgyvvA3EwWiUF4DrObJ4AaABAg,,False,@Zainab-kw1ex,جمالك يا ولد♡♡♡♡,3,2020-03-19T17:14:09Z,2020-03-19T17:15:24Z
UgyvvA3EwWiUF4DrObJ4AaABAg.96OaKCCUnD996OaLXrqEON,UgyvvA3EwWiUF4DrObJ4AaABAg,True,@markleebestboy7631,*احذفي الايموجيي!!!! من غير شي مشاهداتنا تفشلل احذفيهه*,0,2020-03-19T17:14:20Z,2020-03-19T17:14:20Z
UgyvvA3EwWiUF4DrObJ4AaABAg.96OaKCCUnD996OaRGE21L9,UgyvvA3EwWiUF4DrObJ4AaABAg,True,@ayla1756,احذفي الايموجييي,0,2020-03-19T17:15:07Z,2020-03-19T17:15:07Z
UgwoaZlq9xuxgETlV5Z4AaABAg,,False,@rhythmaftersummer5784,best man,0,2020-03-19T17:14:02Z,2020-03-19T17:14:02Z
Ugz_gWVZX2TsLO6lv4x4AaABAg,,False,@zahraaexo_l1039,حلوووووو,0,2020-03-19T17:14:01Z,2020-03-19T17:14:01Z
UgwpwKTyQseBXG_Y4oZ4AaABAg,,False,@markleebestboy7631,"*وجعععع يخييي لا تحطوا ايموجيي ، مشاهداتناا متجمددهه من غير شيي احذفووهه!!* 
*تقولون هندعم سوهو وبالاخير بتحطون ايموجيز، بالله انتوا اكسوالز لو انطيز* *؟!*
*عجزتتتت اعرفف والله!!*",41,2020-03-19T17:14:00Z,2020-03-19T17:14:00Z
UgwpwKTyQseBXG_Y4oZ4AaABAg.96OaJ1ImRMq96OaVF_2Bcc,UgwpwKTyQseBXG_Y4oZ4AaABAg,True,@ayla1756,موودد + بدون ايموجييي بااالييزززز,2,2020-03-19T17:15:40Z,2020-03-19T17:15:40Z
UgwpwKTyQseBXG_Y4oZ4AaABAg.96OaJ1ImRMq96OjM0PDXCP,UgwpwKTyQseBXG_Y4oZ4AaABAg,True,@user-wu6vk8wt4r,مرحبا انا  ارمي او اريد اصير اكسوز ممكن اتعلموني اسمائهم او بعض المعلومات عنهم,0,2020-03-19T18:33:03Z,2020-03-19T18:33:03Z
UgwpwKTyQseBXG_Y4oZ4AaABAg.96OaJ1ImRMq96OjUmS0GWp,UgwpwKTyQseBXG_Y4oZ4AaABAg,True,@user-wu6vk8wt4r,او ممكن انصير عائله يعني الاكسوز والارمي,0,2020-03-19T18:34:15Z,2020-03-19T18:34:15Z
UgwpwKTyQseBXG_Y4oZ4AaABAg.96OaJ1ImRMq96OlOFwy8Gu,UgwpwKTyQseBXG_Y4oZ4AaABAg,True,@ayla1756,@@user-wu6vk8wt4r  اكسوالز قصدك,0,2020-03-19T18:50:50Z,2020-03-19T18:50:50Z
UgwpwKTyQseBXG_Y4oZ4AaABAg.96OaJ1ImRMq96OsB-HuGL7,UgwpwKTyQseBXG_Y4oZ4AaABAg,True,@renrenrenrenrenren,@@user-wu6vk8wt4r *شوفي فيديوهات تعريفيه عنهم باليوتيوب او الانستا، بتلاقين وتتعرفين عليهم*,0,2020-03-19T19:50:11Z,2020-03-19T19:50:11Z
UgzWo_LtB6pIJ319mlx4AaABAg,,False,@دانية-ف9ت,مرسوم رسم,2,2020-03-19T17:12:54Z,2020-03-19T17:12:54Z
UgwuiWT2tz7hmsn_RN54AaABAg,,False,@mirayozdemir9684,TURKISH FANS LOVE YOU🇹🇷🇹🇷🇹🇷🇹🇷,0,2020-03-19T17:12:49Z,2020-03-19T17:13:42Z
UgwuiWT2tz7hmsn_RN54AaABAg.96OaANvYzUl96OaIF3FXjp,UgwuiWT2tz7hmsn_RN54AaABAg,True,@markleebestboy7631,*delete the emoji*,0,2020-03-19T17:13:53Z,2020-03-19T17:13:53Z
UgzAU18dZ8kLz-FesYR4AaABAg,,False,@yamamaexo-l7640,"ليدر قطنه فطييتت 
Arab exol",0,2020-03-19T17:12:45Z,2020-03-19T17:12:45Z
Ugzlj2DAqwFq7XDSeYh4AaABAg,,False,@moondust4891,The most beautiful human on earth,0,2020-03-19T17:12:38Z,2020-03-19T17:12:38Z
Ugy7vLbCX6xPcMGf13x4AaABAg,,False,@palestblue,aaaaaaaaaaaaaaaaahhhhhhhhh I'm so exciteeeeeeeed 😍😍😍😍😍,0,2020-03-19T17:12:06Z,2020-03-19T17:12:06Z
UgyTp3LSu7h5es44Hn94AaABAg,,False,@jimenars1258,"so precious ... Suho oppa fighting, you have a lot of talent to show ❤️❤️❤️❤️❤️",0,2020-03-19T17:11:58Z,2020-03-19T17:11:58Z
UgyDBFlfJ_s8vkgeOsd4AaABAg,,False,@love.music4ever,"i like this rythem
and our leader looks so good
fighting suho hyung",0,2020-03-19T17:11:50Z,2020-03-19T17:11:50Z
UgzspCg_0P9ou4TSaaV4AaABAg,,False,@김쭈륵,너어무 예쁘다,0,2020-03-19T17:11:44Z,2020-03-19T17:11:44Z
UgzqmM0M-MAOmKlt4kd4AaABAg,,False,@pinkpop15rose,ART ♥️♥️♥️,0,2020-03-19T17:11:30Z,2020-03-19T17:11:30Z
UgyACN-0_5ZRVTPnEBN4AaABAg,,False,@nrgsmewlions9680,OMGㅠㅠㅠㅠ I really cant wait anymoreㅠㅠㅠㅠ fighting Junmyeonnie oppa,0,2020-03-19T17:11:07Z,2020-03-19T17:11:07Z
UgyhNlWlgvb955vKILF4AaABAg,,False,@nttuyethue7625,Fighting With EXO❤️,0,2020-03-19T17:11:04Z,2020-03-19T17:11:04Z
Ugy4pWqEks8BI1IJhf14AaABAg,,False,@letyvillena5896,"Cada día aumenta la expectativa... Se ve mas hermoso, ya quiero escucharlo.",0,2020-03-19T17:11:02Z,2020-03-19T17:11:02Z
UgwgMFoPY_ZeC4qNiOV4AaABAg,,False,@NusraTJahaN-lu4wl,badly waiting for your solo album oppa. stay safe and healthy,0,2020-03-19T17:10:35Z,2020-03-19T17:10:35Z
UgyQD_BaAhZxECporFx4AaABAg,,False,@s_1170,"I hope our handsome leader will always be happy. We will  always love and support you. We are always with you.
Turkish exo-l",2,2020-03-19T17:10:35Z,2020-03-19T17:10:35Z
UgxfcorK4-t2DSSOeFZ4AaABAg,,False,@walaasaeed6960,ابني ده,0,2020-03-19T17:10:30Z,2020-03-19T17:10:30Z
UgzwiXZlvASBXbEyiQt4AaABAg,,False,@lori13here,Junmyeon is so beautiful! This album is gonna be a masterpiece,1,2020-03-19T17:10:13Z,2020-03-19T17:10:13Z
Ugw9soA8RhXaWakrshJ4AaABAg,,False,@arelymorp4238,Es tan hermoso Suho😍❤,0,2020-03-19T17:10:13Z,2020-03-19T17:10:13Z
Ugy0JNH9vNMWHODkiRV4AaABAg,,False,@zoeella1964,You are so gorgeous,0,2020-03-19T17:09:26Z,2020-03-19T17:09:26Z
UgzihUPBvWZtD-QB02l4AaABAg,,False,@marilinsiles3309,Me intriga mucho lo que sucede an subido muchos vídeos de suho quero saber 😍😍😍😘,0,2020-03-19T17:09:23Z,2020-03-19T17:09:23Z
UgxSBNfKzTXfYCcqMaV4AaABAg,,False,@sumaiyamim7091,Love of my life..... When I see you it feels like talking breathe...... 😭💜💜💜,0,2020-03-19T17:09:13Z,2020-03-19T17:09:13Z
UgyfnhnMGsOR68Zmu7t4AaABAg,,False,@renrenrenrenrenren,*يخي ماطلبنا منكم تسترمون والله!! بس اذا تبينن تعلقينن لا تحطي ايموجيي!!! عالاقل احترااماا!!!*,5,2020-03-19T17:08:47Z,2020-03-19T17:08:47Z
Ugw__Kls1p6RZYqK4-p4AaABAg,,False,@dewianggraeni4334,잘 생겼어요 ❤❤❤❤❤,0,2020-03-19T17:08:38Z,2020-03-19T17:08:38Z
UgxPwIwpjrBRkDyPfVZ4AaABAg,,False,@PhuongHa-ww7fb,오빠야..... 사랑하는❤🙆,0,2020-03-19T17:08:25Z,2020-03-19T17:08:25Z
UgxAofM5sO_opC2XEEJ4AaABAg,,False,@blancanino7272,Wooo hermoso,0,2020-03-19T17:08:14Z,2020-03-19T17:08:14Z
UgwIlHtGlPcVloL6xXl4AaABAg,,False,@blancanino7272,Woo lindo,0,2020-03-19T17:08:00Z,2020-03-19T17:08:00Z
Ugz8kIuaGqxxsOfKEHZ4AaABAg,,False,@reginafauziyah1193,Semakin tidak sabar untuk menunggu solo album nya Uri leader release,1,2020-03-19T17:07:33Z,2020-03-19T17:07:33Z
Ugxuty2a35VTI-vcLlZ4AaABAg,,False,@EAmy-on6kv,"My heart leader, my one and only. Congrats for solo <3",0,2020-03-19T17:07:32Z,2020-03-19T17:07:32Z
UgwW0StcnXXiHSWLSEN4AaABAg,,False,@halalol9233,قرااايسسس,0,2020-03-19T17:07:22Z,2020-03-19T17:07:22Z
Ugxa94b3mCzLeatq4SV4AaABAg,,False,@susaishs4766,Handsome bunny🐰🐇♥️❣,0,2020-03-19T17:07:10Z,2020-03-19T17:07:10Z
UgyGAj-NfiqMKSydrYl4AaABAg,,False,@halalol9233,قرااايسسس,0,2020-03-19T17:07:07Z,2020-03-19T17:07:07Z
UgxNCk3pu7fv1gH6GfR4AaABAg,,False,@Victoria-lz9ui,It's so fresh,0,2020-03-19T17:07:06Z,2020-03-19T17:07:06Z
UgybFswEuhgafQERYeJ4AaABAg,,False,@leeloanne,준면이 얼굴이 복지고 준면이 목소리가 연금인데 일단 복지는 완성됐다 목소리만 들으면 연금도 완성일듯,0,2020-03-19T17:06:57Z,2020-03-19T17:06:57Z
Ugw8V60k9JbYi98N3At4AaABAg,,False,@alaahasan7,면아!💕 화이팅!!✊❤,0,2020-03-19T17:06:36Z,2020-03-19T17:06:36Z
UgwQGL1BpcLQbVqdpSl4AaABAg,,False,@kritika_ch,"The BG will be the music 
I think so.. 😬😬",1,2020-03-19T17:06:34Z,2020-03-19T17:06:34Z
UgygRkKeXNNAIRQ4shN4AaABAg,,False,@easyforever0,아 너무 기대되게하는 그런 음이자나요오ㅠㅠㅠㅠ사랑해요 준면아,0,2020-03-19T17:06:28Z,2020-03-19T17:06:28Z
UgwU4HPo5Ite690Csl94AaABAg,,False,@elise9919,كيف صورة سوهو بالكمامهة..ههههههههههههههههههههههههههههههههه,0,2020-03-19T17:06:20Z,2020-03-19T17:06:20Z
UgwU4HPo5Ite690Csl94AaABAg.96O_QsWqxnT96OaajH2QwD,UgwU4HPo5Ite690Csl94AaABAg,True,@ayla1756,خققهه هههههه,1,2020-03-19T17:16:33Z,2020-03-19T17:16:33Z
UgwU4HPo5Ite690Csl94AaABAg.96O_QsWqxnT96Ocl_dN0xg,UgwU4HPo5Ite690Csl94AaABAg,True,@elise9919,AYLA متتتت كنت استهبل عشان ماعندي تعليق><,0,2020-03-19T17:35:30Z,2020-03-19T17:35:30Z
UgwU4HPo5Ite690Csl94AaABAg.96O_QsWqxnT96OdgKJfH2i,UgwU4HPo5Ite690Csl94AaABAg,True,@ayla1756,موود هههههه,0,2020-03-19T17:43:32Z,2020-03-19T17:43:32Z
UgzurIxaNeOssL70egJ4AaABAg,,False,@lilasm0411,Our precious leader ❤️,0,2020-03-19T17:06:14Z,2020-03-19T17:06:14Z
UgwUbWGfcFTrjxfdc8J4AaABAg,,False,@Lynj501,KING,0,2020-03-19T17:06:08Z,2020-03-19T17:06:08Z
UgxiHvN6R5Z7j4CBR-Z4AaABAg,,False,@disha7856,omgggggggg fucking angel,0,2020-03-19T17:05:58Z,2020-03-19T17:05:58Z
UgwXzG1pUSGj0Umzv7R4AaABAg,,False,@stanexoandnctforhighergrad2085,Sana all makinis at maputi..,0,2020-03-19T17:05:02Z,2020-03-19T17:05:02Z
UgyrNUNtTj4sH3sg1RJ4AaABAg,,False,@exo-lsaranghaja9764,بعد شبدي بصييييح ولدنا فخورة بيه وربي احبهههه,0,2020-03-19T17:04:46Z,2020-03-19T17:04:46Z
UgwDWIBaeCH0ytewVQl4AaABAg,,False,@exol9633,يمه الحب يمه,0,2020-03-19T17:04:38Z,2020-03-19T17:04:38Z
UgwIXl-E2876r6eitIB4AaABAg,,False,@happymindhappylive848,Orang ganteng berani beraninya nongol di yutub gue,0,2020-03-19T17:04:35Z,2020-03-19T17:04:35Z
UgwXqqJ2_n9oMXpTJFh4AaABAg,,False,@عٍمتڪم-ز4ه,"بنات الايموجي تجمد المشاهدات • ࢦٱ تخلونها بليز 🥺🔪

Emoji freezes views 🥺🔪",0,2020-03-19T17:04:19Z,2020-03-19T17:06:23Z
UgwXqqJ2_n9oMXpTJFh4AaABAg.96O_C4IP9yJ96O_Rz0SiJc,UgwXqqJ2_n9oMXpTJFh4AaABAg,True,@renrenrenrenrenren,*ترا مانمزح احذفيهه يجمد حرام مشاهداتنا كيذا!!!!*,0,2020-03-19T17:06:29Z,2020-03-19T17:06:29Z
UgxbKZSmWxFCW8WvDaV4AaABAg,,False,@elise9919,"اكسوالز..لنحب 
EXOLS..Let’s love",0,2020-03-19T17:03:58Z,2020-03-19T17:03:58Z
Ugy8wJhvr0XtqvfUaTJ4AaABAg,,False,@عٍمتڪم-ز4ه,قبل ماشوف الفيد لايك وبعد ما اشوفه كم تعليق ️لوفيو سوهو,0,2020-03-19T17:03:27Z,2020-03-30T18:19:03Z
Ugy8wJhvr0XtqvfUaTJ4AaABAg.96O_5kalruk96O_XWKsElw,Ugy8wJhvr0XtqvfUaTJ4AaABAg,True,@renrenrenrenrenren,*احذفي الايموجيي اذا تحبينه مسويه تدعميه!! ماطلبنا منكم تسترموا له !! بس لا تتحطوا ايموجي!!*,0,2020-03-19T17:07:14Z,2020-03-19T17:07:14Z
Ugy8wJhvr0XtqvfUaTJ4AaABAg.96O_5kalruk96q1XJUiKq_,Ugy8wJhvr0XtqvfUaTJ4AaABAg,True,@عٍمتڪم-ز4ه,@@renrenrenrenrenren خييرر وانتي • ݪيٓش‏ـہ معصبة,0,2020-03-30T18:19:21Z,2020-03-30T18:19:21Z
UgyCWLwbzwYx20X0scd4AaABAg,,False,@poojagohain4687,This is going to be LEGENDARY ✌️✌️🤗🤗 lots of love.....EXO-L India,0,2020-03-19T17:02:40Z,2020-03-19T17:02:40Z
Ugxw0ftKoWQklo88rM14AaABAg,,False,@Hydila,Sungguh indah makhluk bernama Suhoo ini,0,2020-03-19T17:02:30Z,2020-03-19T17:02:30Z
UgwlqZn4nl-LHd2Y1T94AaABAg,,False,@moccisimo,Love you Suho- 💛,0,2020-03-19T17:02:19Z,2020-03-19T17:02:19Z
UgwlqZn4nl-LHd2Y1T94AaABAg.96OZyRis93A96O_YrA7MWU,UgwlqZn4nl-LHd2Y1T94AaABAg,True,@renrenrenrenrenren,*delete the emoji!!!!*,0,2020-03-19T17:07:25Z,2020-03-19T17:07:25Z
UgwvlPSR1a8YYox_9B94AaABAg,,False,@عٍمتڪم-ز4ه,احس مشتاقتله,0,2020-03-19T17:02:15Z,2020-03-19T17:02:15Z
Ugx_6OboO3mImjiiqv94AaABAg,,False,@aliyazdi1723,Omg im so exited for listen to this album 🥺💘,0,2020-03-19T17:01:58Z,2020-03-19T17:01:58Z
Ugx_6OboO3mImjiiqv94AaABAg.96OZvrM60kJ96O__CUMxuk,Ugx_6OboO3mImjiiqv94AaABAg,True,@renrenrenrenrenren,*delete the emoji!!*,0,2020-03-19T17:07:36Z,2020-03-19T17:07:36Z
UgyLizznp_fpVWTtVeV4AaABAg,,False,@snowyeol1498,KYAAAAAHHHHHHHHHHH,0,2020-03-19T17:01:55Z,2020-03-19T17:01:55Z
UgweRLOB8WIoSSMpmmJ4AaABAg,,False,@s.x.1579,*جمالة يعالم:(*,0,2020-03-19T17:01:51Z,2020-03-19T17:01:51Z
UgzK5gSEY_hZWzNIjGx4AaABAg,,False,@cyberllumi,LINDO TE AMO,0,2020-03-19T17:01:44Z,2020-03-19T17:01:44Z
UgyMxbnedx-DmxkBLpd4AaABAg,,False,@naye_soo,GOD SUHO♡♡♡♡,0,2020-03-19T17:01:34Z,2020-03-19T17:01:34Z
Ugz44uWOeeDgrVGjStl4AaABAg,,False,@Victoria-lz9ui,My heart beating so fast,0,2020-03-19T17:01:04Z,2020-03-19T17:01:04Z
UgzX5SbTVClg_-RnZO14AaABAg,,False,@rr-jk8yj,دوسش دارم,0,2020-03-19T17:00:53Z,2020-03-19T17:00:53Z
Ugwr2-K56QlYdAD2bDh4AaABAg,,False,@s.x.1579,*اللحن=امل*,0,2020-03-19T17:00:53Z,2020-03-19T17:00:53Z
Ugygjrh1GRnQ4dgePsV4AaABAg,,False,@عٍمتڪم-ز4ه,suho,0,2020-03-19T17:00:49Z,2020-03-19T17:00:49Z
UgyXBRJFoWx8ksp8EDV4AaABAg,,False,@عٍمتڪم-ز4ه,suho,0,2020-03-19T17:00:45Z,2020-03-19T17:00:45Z
Ugwxs-yvNf1YqWbF14N4AaABAg,,False,@diaaesc,He is like a Disney prince,16,2020-03-19T17:00:40Z,2020-03-19T22:53:58Z
Ugwxs-yvNf1YqWbF14N4AaABAg.96OZmRYKHn196OamFHOUTV,Ugwxs-yvNf1YqWbF14N4AaABAg,True,@hyacinthus9630,that's so true,3,2020-03-19T17:18:07Z,2020-03-19T17:31:24Z
Ugwxs-yvNf1YqWbF14N4AaABAg.96OZmRYKHn196Obrb6u-OR,Ugwxs-yvNf1YqWbF14N4AaABAg,True,@danyahf2282,No emoje,0,2020-03-19T17:27:35Z,2020-03-19T17:27:35Z
Ugwxs-yvNf1YqWbF14N4AaABAg.96OZmRYKHn196OzUmb6rID,Ugwxs-yvNf1YqWbF14N4AaABAg,True,@nvnvex9,Plz delete the emojis,0,2020-03-19T20:54:03Z,2020-03-19T20:54:03Z
Ugwxs-yvNf1YqWbF14N4AaABAg.96OZmRYKHn196P-pF8NPLS,Ugwxs-yvNf1YqWbF14N4AaABAg,True,@diaaesc,Ãngel L why?,0,2020-03-19T21:05:43Z,2020-03-19T21:05:43Z
UgyQUlq7ynFTvCpDtWJ4AaABAg,,False,@conicisternam,"So artistic, so aesthetically appealing, let’s give him lots of love",14,2020-03-19T17:00:32Z,2020-03-19T17:00:32Z
UgzIsspuldGo_U1I5014AaABAg,,False,@aleydafunez5602,♥️😍😍😍😍suho,0,2020-03-19T17:00:31Z,2020-03-19T17:00:31Z
UgywIj8CuQRQAHPW8q14AaABAg,,False,@ladyvaliente196,He looks gorgeous omgg,0,2020-03-19T17:00:30Z,2020-03-19T17:00:30Z
UgyzM_5Kx5WCwKO0gfB4AaABAg,,False,@onserraki1009,"الجمال و الاناقة و الفن و التواضع !! انه قائدنا !! 
We love our leader , EXO 사랑하자  !!",10,2020-03-19T17:00:18Z,2020-03-19T17:00:18Z
UgwcB9lqId7RIIltd454AaABAg,,False,@huncake,ethereal..,0,2020-03-19T17:00:13Z,2020-03-19T17:00:13Z
Ugz0bdOLT-TobVVdOER4AaABAg,,False,@jenniemylovej77,Our king 🤴😭😍,0,2020-03-19T17:00:10Z,2020-03-19T17:00:10Z
UgyKiy-Wr20bnb7lx394AaABAg,,False,@keylamaldonado9367,Tan hermosooooo,0,2020-03-19T17:00:02Z,2020-03-19T17:00:02Z
UgyK7QBXQpuGRwtS18R4AaABAg,,False,@عٍمتڪم-ز4ه,suho,0,2020-03-19T17:00:01Z,2020-03-19T17:00:01Z
Ugwz9ozcqqx2zvLvkKx4AaABAg,,False,@عٍمتڪم-ز4ه,suho,0,2020-03-19T16:59:54Z,2020-03-19T16:59:54Z
UgyHdsF9NMFRyl0Q01l4AaABAg,,False,@عٍمتڪم-ز4ه,suho,0,2020-03-19T16:59:50Z,2020-03-19T16:59:50Z
Ugyic5NcvlVj3-Z6PKN4AaABAg,,False,@minmin-tb4iq,"Porque Suho tiene tan mala suerte?? Todavia que tarda años en debutar, despues de años de estar en grupo y que casi no apoyen sus solos le lanzan su album solista cuando corea y el mundo se encuentran mal 😦😦",0,2020-03-19T16:59:48Z,2020-03-19T16:59:48Z
UgzdC_2jkkpZ_2KPg6B4AaABAg,,False,@عٍمتڪم-ز4ه,suho,0,2020-03-19T16:59:43Z,2020-03-19T16:59:43Z
Ugx5mUlcmnSUNiozZXZ4AaABAg,,False,@blueberrybop,Uri handsome leader!,0,2020-03-19T16:59:35Z,2020-03-19T16:59:35Z
Ugx1LNSPeS0dmOug2h94AaABAg,,False,@chintafarida6785,"I cant wait babe
Love u and congratz bout ur debute",0,2020-03-19T16:59:26Z,2020-03-19T16:59:26Z
UgwydZgxENpM8fLHugx4AaABAg,,False,@micaghisolfomg,0:10 the eyeshadow tho,0,2020-03-19T16:59:21Z,2020-03-19T16:59:21Z
Ugw_sXvUG_obfkvucIV4AaABAg,,False,@NganLe-eq8ib,I love SuHo i love EXO FROM VN,0,2020-03-19T16:59:13Z,2020-03-19T16:59:13Z
UgysqnOguL5kDrz71f54AaABAg,,False,@lilim32_2,Bizi öldürmek istiyolar bu videoyu izledikten sonra anladım ÖLÇEZZZZZ BU ÇOCUĞUN YAKIŞIKLILIĞINDANNN AĞAĞAA,0,2020-03-19T16:58:58Z,2020-03-19T16:58:58Z
UgwAcKyQhbQfRQk_NJR4AaABAg,,False,@shinhyemora9783,Suhooo el mejor te amooo,0,2020-03-19T16:58:48Z,2020-03-19T16:58:48Z
UgyF3Xhk8FbL0f6k2kF4AaABAg,,False,@shinhyemora9783,Arteeee,0,2020-03-19T16:58:38Z,2020-03-19T16:58:38Z
UgzH6JWGFxfv4FDcJjd4AaABAg,,False,@resmarenata1109,Uri leader jjang!!🥺❤️,0,2020-03-19T16:58:19Z,2020-03-19T16:58:19Z
UgxCF5t6FIV7MCJj4eh4AaABAg,,False,@elleonallera08,"This is one of the songs in the Album? 😭
gosh THIS IS GOING TO BE BEAUTIFUL!",0,2020-03-19T16:57:45Z,2020-03-19T16:57:45Z
Ugx14UkdORa6EYfXy8t4AaABAg,,False,@lmr10-c4z,Perfect,1,2020-03-19T16:57:43Z,2020-03-19T16:57:43Z
Ugw_QAG2ysJY89ad4c54AaABAg,,False,@lmr10-c4z,So,0,2020-03-19T16:57:38Z,2020-03-19T16:57:38Z
UgxddjVfD58aZUcK4SJ4AaABAg,,False,@이름없음-m2o5r,캬 존잘 ㅠㅠ 10일남았다😭😭,0,2020-03-19T16:57:36Z,2020-03-19T16:57:36Z
UgzF0D26mlD8vrPZMHd4AaABAg,,False,@lmr10-c4z,Why,0,2020-03-19T16:57:33Z,2020-03-19T16:57:33Z
Ugz3b30OSBcL511kwGp4AaABAg,,False,@baebebe,이젠 브금만 들어도 설렌다,0,2020-03-19T16:57:14Z,2020-03-19T16:57:14Z
UgyuUpKkn9yrt0nDnOB4AaABAg,,False,@elleonallera08,HANGGGG GGGGGWAPOOOOO 😝,0,2020-03-19T16:56:46Z,2020-03-19T16:56:46Z
UgwyqBM85gqcpP_qfxt4AaABAg,,False,@s.e.serella3531,His face truly is a piece of art.Don't agree?Then fight me if you dare,0,2020-03-19T16:56:45Z,2020-03-19T16:56:45Z
Ugz70YMmkNplfu-O2NV4AaABAg,,False,@ayla1756,تعليقات الاكسوالز العربي تفوزز هههههههه,0,2020-03-19T16:56:35Z,2020-03-19T16:56:35Z
UgweBlDoASgxmXWIfpp4AaABAg,,False,@laikamping2447,Suho New song😍❤️,0,2020-03-19T16:56:28Z,2020-03-19T16:56:28Z
Ugx8Kre3bFTeaAJNSDh4AaABAg,,False,@Noone068,"سوهو خاصتنا فايتينغ we love you
Arab Exo_ls",11,2020-03-19T16:56:27Z,2020-03-19T16:56:27Z
UgyXKcs3fuZXOLUHpi94AaABAg,,False,@AudreynaJuliandraS,I miss so much exo😭😭😭😭,0,2020-03-19T16:56:26Z,2020-03-19T16:56:26Z
Ugww8G6nj1U6pT5cMs54AaABAg,,False,@exo4149,احبك موت(*>_<*)ﾉ(*>_<*)ﾉ(*>_<*)ﾉ(*>_<*)ﾉ,6,2020-03-19T16:56:15Z,2020-03-19T16:56:15Z
UgwYMM-Vk0NM1MyMgrp4AaABAg,,False,@marwah9493,سوهو لحياة افضل,0,2020-03-19T16:56:04Z,2020-03-19T16:56:04Z
UgyRu0wufQBAIkMGlEB4AaABAg,,False,@omessadhajji3800,I think suho wants kill us with his amazing handsome face before enlistment,1,2020-03-19T16:55:35Z,2020-03-19T16:55:35Z
UgyJG1Kds3eu8AP0dft4AaABAg,,False,@sudenuraslan2135,I love you jun myeon,1,2020-03-19T16:55:34Z,2020-03-19T16:55:34Z
Ugxy-XrVjOosuVGABrd4AaABAg,,False,@suchandra24suchandrasarkar25,"Can't wait..,😭😭😭
Love you suho oppa 😍😍😍😘😘😘♥️♥️♥️♥️♥️",0,2020-03-19T16:55:06Z,2020-03-19T16:55:06Z
Ugy5Qq9Zu8acLWPZAx94AaABAg,,False,@MooNn1485,You beautiful 😍,0,2020-03-19T16:54:59Z,2020-03-19T16:54:59Z
UgxFVawxtgmAAeMmdSt4AaABAg,,False,@z34nguyenthanhtrang53,🥰,0,2020-03-19T16:54:52Z,2020-03-19T16:54:52Z
UgwJuZbeVpsFfr7WC-B4AaABAg,,False,@isalvim,HE LOOKS SO BEAUTIFUL,0,2020-03-19T16:54:51Z,2020-03-19T16:54:51Z
Ugz8YaAdrBWLZF_xoF54AaABAg,,False,@gabrielavila5258,Love :),0,2020-03-19T16:54:44Z,2020-03-19T16:54:44Z
Ugwt8P1WO6r_oAWacYl4AaABAg,,False,@파이리-c6j,김준면 너무 잘생겨서 대가리 깨질거같아 ㅜㅜㅜ,0,2020-03-19T16:54:27Z,2020-03-19T16:54:27Z
UgzrSLLXC9zsB-NC9dt4AaABAg,,False,@decemberlinn,I love outdoor shooting 😍😍😍,0,2020-03-19T16:54:18Z,2020-03-19T16:54:18Z
Ugz_GU7GVaZupYpdSF94AaABAg,,False,@김하늘-f1d,준면아 늘 응원해 💛💛💛💛,0,2020-03-19T16:54:17Z,2020-03-19T16:54:17Z
Ugxbx8e1RcbNnmzwv7B4AaABAg,,False,@ozwnth1868,Perfect ♥️,0,2020-03-19T16:53:39Z,2020-03-19T16:53:39Z
UgwcmrcgIJMBLOkY6bh4AaABAg,,False,@najaemin991,I SWEAR THIS IS GONNA MAKE ME CRY,2,2020-03-19T16:53:12Z,2020-03-19T16:53:12Z
Ugydm2De8gb351VFI194AaABAg,,False,@الاءمصطفى-ي6ظ,أنت من أخجل قمر بجماله......❤,0,2020-03-19T16:52:59Z,2020-03-19T16:52:59Z
Ugx6_1AnuuFicaCCzbN4AaABAg,,False,@vifianturnip05,Suhooooo i love,0,2020-03-19T16:52:59Z,2020-03-19T16:52:59Z
UgzG67PIqW9Vr5VjcrZ4AaABAg,,False,@nellasiii,SUHO's solo will be one of the best thing happened this year!!! ❤️,0,2020-03-19T16:52:43Z,2020-03-19T16:52:43Z
UgwHqJyYR0lrVcuFZGt4AaABAg,,False,@ooerimachiru,cool♡,0,2020-03-19T16:52:21Z,2020-03-19T16:52:21Z
UgznSq2dOkd_pS3GfL14AaABAg,,False,@roaaexol2731,👑👑👑👑👑👑,0,2020-03-19T16:52:06Z,2020-03-19T16:52:06Z
UgwD6nGGPn7z3jhbxOt4AaABAg,,False,@SoeffelXD,"The music really gives me some Coldplay vibes. Emotional modern rock, here we go!
I'm so excited.",0,2020-03-19T16:52:00Z,2020-03-19T16:52:00Z
UgzYhBuC_kiKe4sela94AaABAg,,False,@aya_kitchen21.58,الحب يا ناس  🍓🍓🍓,2,2020-03-19T16:51:39Z,2020-03-19T16:51:39Z
UgzyRHEtABJa6IXKjTd4AaABAg,,False,@nurhaniani2468,Aaaaaaaaaaaaaaa kyeopta,0,2020-03-19T16:51:31Z,2020-03-19T16:51:31Z
Ugy-LAQmAQ6ObaWgdj54AaABAg,,False,@april147,I am so ready for this emotional rock ballad 🤩 This already sounds amazing  to me 🥰,0,2020-03-19T16:51:21Z,2020-03-19T16:51:21Z
UgztKc2-Z0_RB7tA6vJ4AaABAg,,False,@Aya____-no2kg,احبك,0,2020-03-19T16:51:18Z,2020-03-19T16:51:18Z
UgyBPjmF28_r5hGDn8F4AaABAg,,False,@lolopcy9365,قائدنا حارسنا حبيبنا قطنتنا سوهو.. احبككك,0,2020-03-19T16:51:15Z,2020-03-19T16:51:15Z
Ugy24jQJhOUG6dwwPWF4AaABAg,,False,@didelojimsi5198,Benim küçük tavşanım,0,2020-03-19T16:51:13Z,2020-03-19T16:51:13Z
Ugww2XGO2-A4jvbg4w94AaABAg,,False,@fioreceltutylit7158,"He looks like a porcelain doll, i can't handle with this",13,2020-03-19T16:51:09Z,2020-03-19T16:51:09Z
UgxvhCBmcDx71DMkK_d4AaABAg,,False,@weareoneweareone2679,انشالله ايعدي هل يوم بخير لان شبعنه جلطات من سوهو 😅,2,2020-03-19T16:50:56Z,2020-03-19T16:50:56Z
UgxHF-SvDyCP2c5kdI54AaABAg,,False,@lolopcy9365,شامات وجهوو :') ضعت بالتفاصيل,2,2020-03-19T16:50:42Z,2020-03-19T16:50:42Z
Ugzkj2s33HD7HBCmZLh4AaABAg,,False,@carryblack650,I am anxious about it 🖤✨😭,0,2020-03-19T16:50:35Z,2020-03-19T16:50:35Z
UgxmTe6ywd1FkMBPOQt4AaABAg,,False,@doha__4710,Our leader is the best in all the kpop and who don't agree u can fight me !,0,2020-03-19T16:50:33Z,2020-03-19T16:50:33Z
UgwRuoHSIoCX15VcpwR4AaABAg,,False,@giselewalker3886,Es hermoso 😔🖤✨,0,2020-03-19T16:50:17Z,2020-03-19T16:50:17Z
Ugw5S_YJY1yos18EE-J4AaABAg,,False,@subilynnoweight2090,he keeps getting handsome each and everyday..its not an opinion guys its a FACT <3,0,2020-03-19T16:49:47Z,2020-03-19T16:49:47Z
UgxeFCj0NnLxUhFT0ix4AaABAg,,False,@dennyayuwardany5140,Makeupnya cantik bgt masyaallah....😍😍😍😍 beautiful❤🐰,0,2020-03-19T16:49:41Z,2020-03-19T16:49:41Z
Ugz-epWB4v19C47vhkN4AaABAg,,False,@whiteribbon17,"Our leader, it's your time to shine! :) exo-l has been waiting for this moment for so long!!",0,2020-03-19T16:49:23Z,2020-03-19T16:49:23Z
Ugwd2D41U4gW_mWNK5h4AaABAg,,False,@yukokou8229,Exo-L is proud of you you are great Suho 🖤✨,0,2020-03-19T16:49:20Z,2020-03-19T16:49:20Z
Ugz7mR0JbcJHiiYARtp4AaABAg,,False,@saghararjolo7114,This album is already ART,1,2020-03-19T16:49:08Z,2020-03-19T16:49:08Z
Ugy9VFP0swuI2mOsy2F4AaABAg,,False,@zainabal_rubea8845,سوهو يجنن,0,2020-03-19T16:49:05Z,2020-03-26T17:08:31Z
Ugy9VFP0swuI2mOsy2F4AaABAg.96OYSV9IpQ996OYVwZyqbK,Ugy9VFP0swuI2mOsy2F4AaABAg,True,@يَِدِينّبِيكِهيونِأَحَلِىمِنوَ,*احذفي الايموجيي يختيي*,1,2020-03-19T16:49:33Z,2020-03-19T16:49:33Z
UgwlkeSFJSkcyEk_Py14AaABAg,,False,@flovedancef1503,So amazing love you Suho,0,2020-03-19T16:49:04Z,2020-03-19T16:49:04Z
UgxW6Ko7STd2yg7RSN54AaABAg,,False,@anushagurung117,Tonsofloveandsupport💓💓,0,2020-03-19T16:49:02Z,2020-03-19T16:49:02Z
UgzDeIzedM8hRCpAiq94AaABAg,,False,@توتةتوتة-ط8ز4ز,واضح انو الاخ يبي يجلطني,2,2020-03-19T16:49:01Z,2020-03-19T16:49:01Z
UgzT0LoEdztGyDFoJ654AaABAg,,False,@يَِدِينّبِيكِهيونِأَحَلِىمِنوَ,*اُحِبُك*,0,2020-03-19T16:49:00Z,2020-03-19T16:49:00Z
UgzcGrQ-VA52svj7SOJ4AaABAg,,False,@yannie4823-t6c,You are so handsome Suho even in all seasons and all colors. I'm so proud of your achievements and this too! Excited to listen endlessly to your music. Thank you for always including EXO and EXOLs in your journey towards yourself. More power! Will forever support you and EXO! ❤❤❤ #SelfPortrait #Suho #LetsLove,16,2020-03-19T16:48:58Z,2020-03-19T16:48:58Z
UgytBvFYxHi1nD8pm8N4AaABAg,,False,@rosangelagomes7225,No comments ... just preparing the heart to hear a lot!,0,2020-03-19T16:48:41Z,2020-03-19T16:48:41Z
UgzkJqia7eeal2UMoaZ4AaABAg,,False,@يَِدِينّبِيكِهيونِأَحَلِىمِنوَ,*♡♡♡*,0,2020-03-19T16:48:33Z,2020-03-19T16:48:33Z
UgzE9Kd8RkBELaUfJaN4AaABAg,,False,@lolopcy9365,كثير فخورة من هسا..,0,2020-03-19T16:48:10Z,2020-03-19T16:48:10Z
Ugz0DK7m-EPZYxWtMYN4AaABAg,,False,@azizahnrhdyh5620,saranghaja!!,0,2020-03-19T16:47:57Z,2020-03-19T16:47:57Z
UgxRFS0Hc16PnGNQD8N4AaABAg,,False,@يَِدِينّبِيكِهيونِأَحَلِىمِنوَ,*we are love u*,0,2020-03-19T16:47:55Z,2020-03-19T16:47:55Z
UgwWABWChQWBrRYJSSp4AaABAg,,False,@azizahnrhdyh5620,saranghe,0,2020-03-19T16:47:43Z,2020-03-19T16:47:43Z
Ugzu-9-3MUt1xIfPORt4AaABAg,,False,@lolopcy9365,بطلت اتحمل بدي هسا الMV باليز,0,2020-03-19T16:47:42Z,2020-03-19T16:47:42Z
Ugxeu2c2Pk2ZnBk5vEB4AaABAg,,False,@azizahnrhdyh5620,we support you,0,2020-03-19T16:47:36Z,2020-03-19T16:47:36Z
UgyqJrVOleS1VqXFluZ4AaABAg,,False,@geovaniartasihite3275,"Uri leader, we so proud of you",5,2020-03-19T16:47:34Z,2020-03-19T16:47:34Z
Ugw7aqEpny2aB4UNgG54AaABAg,,False,@azizahnrhdyh5620,hwaitingg!!!!!,0,2020-03-19T16:47:24Z,2020-03-19T16:47:24Z
UgyrarsXxbcdI795PNl4AaABAg,,False,@lolopcy9365,ياخخ محلااههه😭اقسم مو طبيعي,0,2020-03-19T16:47:20Z,2020-03-19T16:47:20Z
Ugxzm9mEYuWVGoEQ3CJ4AaABAg,,False,@helloworldhaha555,กราบพ่อสิคะ,0,2020-03-19T16:47:20Z,2020-03-19T16:47:20Z
UgykA3wn9e-pW999uQ14AaABAg,,False,@hyejusita,"SUHOOOOOOO, OMG HE IS WRECKING ME A LOT",0,2020-03-19T16:47:13Z,2020-03-19T16:47:13Z
UgwtI9IGtMp_skGOT3t4AaABAg,,False,@doha__4710,Can't wait so hear his album but stil wondering why 40person dislike this of course they're blind and they feel bad cuz  they can't see his beauty ♥,67,2020-03-19T16:47:05Z,2020-03-19T16:47:05Z
UgwtI9IGtMp_skGOT3t4AaABAg.96OYDu6rJG696Oc2ovi3zf,UgwtI9IGtMp_skGOT3t4AaABAg,True,@danyahf2282,No emoje,1,2020-03-19T17:29:16Z,2020-03-19T17:29:16Z
UgyCXAklVjD-zjSi8m54AaABAg,,False,@lolopcy9365,أشعر بالدفء كلما سمعت ألحان صوتك,0,2020-03-19T16:47:02Z,2020-03-19T16:47:02Z
UgylvEevU8Isr4ONZbV4AaABAg,,False,@يَِدِينّبِيكِهيونِأَحَلِىمِنوَ,*we are so proud of u!!*,0,2020-03-19T16:46:39Z,2020-03-19T16:46:39Z
Ugyfd5MyCCsuZgz5f_54AaABAg,,False,@shahadd9443,يارب اللحن مره حلو,0,2020-03-19T16:46:34Z,2020-03-19T16:46:34Z
UgyOARbRfePDdznqwTx4AaABAg,,False,@boutainaelguennouni8451,- to the 40 people disliking ? are you out of your minds !!! or maybe you were just amazed by this amount of gorgeousness and beauty that you end up clicking the wrong button ! i hope so !!,20,2020-03-19T16:46:33Z,2020-03-19T16:46:33Z
UgwD6ALUckMa4KDzixl4AaABAg,,False,@lolopcy9365,مابي انظر اليك كما لو انني أرى ملاك؟ هل يعقل انك كذلك!,0,2020-03-19T16:46:29Z,2020-03-19T16:46:29Z
UgyAyps0u-XEdEQd8gN4AaABAg,,False,@emilly6210,can't wait....,1,2020-03-19T16:46:13Z,2020-03-19T16:46:13Z
UgxjR0jsa2OH85bkWGt4AaABAg,,False,@يَِدِينّبِيكِهيونِأَحَلِىمِنوَ,*we are love u Our Bunny!!*,0,2020-03-19T16:46:11Z,2020-03-19T16:46:11Z
UgzvOKPTgjNR5XxyR0J4AaABAg,,False,@gsantosleighcharlemagnea3285,my babyyyy,0,2020-03-19T16:46:10Z,2020-03-19T16:46:10Z
Ugxm6AeTi-C2yw96bwp4AaABAg,,False,@gsantosleighcharlemagnea3285,suho,0,2020-03-19T16:46:03Z,2020-03-19T16:46:03Z
Ugxu4w-QB2JwEocenzZ4AaABAg,,False,@lolopcy9365,ان جمالك تعدى حدود قلبي,0,2020-03-19T16:46:00Z,2020-03-19T16:46:00Z
Ugxut__HMQ7FgTW_CMp4AaABAg,,False,@isadana839,Why so handsome,0,2020-03-19T16:45:34Z,2020-03-19T16:45:34Z
Ugw68lrSqLgQn9bF-9h4AaABAg,,False,@kimseoul7241,احبك سوهو,0,2020-03-19T16:45:14Z,2020-03-19T16:45:14Z
UgxGIA_wuJP1nHGTP494AaABAg,,False,@arvinahaobam7707,"U know y they kept long ad here. 
Coz they know we wud watch how long the ad will b since it's our cotten. 😍😍",0,2020-03-19T16:44:50Z,2020-03-19T16:44:50Z
UgziTMybUac-iFqgh5t4AaABAg,,False,@Takerz13,He gave it to us gays and lesbians t h a n k you king 🙇🏽‍♂️,1,2020-03-19T16:44:46Z,2020-03-19T16:44:46Z
UgziX2-km9w7ZlHzXpZ4AaABAg,,False,@yejunp-y3k,와 진짜 잘생겼다..,0,2020-03-19T16:44:02Z,2020-03-19T16:44:02Z
UgxkVWUrNO0NGwABp754AaABAg,,False,@jeniferlim7545,My luv,0,2020-03-19T16:43:56Z,2020-03-19T16:43:56Z
Ugz_GM4TYH13SLJgovp4AaABAg,,False,@jomasoo7796,"Dear Junmyeon, 
Just came here to say that you are the best and you deserve the world.",0,2020-03-19T16:43:39Z,2020-03-19T16:48:08Z
Ugz_GM4TYH13SLJgovp4AaABAg.96OXpnklNnv96OXyAEbf7i,Ugz_GM4TYH13SLJgovp4AaABAg,True,@يَِدِينّبِيكِهيونِأَحَلِىمِنوَ,*delete the emoji*,0,2020-03-19T16:44:48Z,2020-03-19T16:44:48Z
Ugz_GM4TYH13SLJgovp4AaABAg.96OXpnklNnv96OYKwB7yZM,Ugz_GM4TYH13SLJgovp4AaABAg,True,@jomasoo7796,@@يَِدِينّبِيكِهيونِأَحَلِىمِنوَ  oh i am sorry i will.,0,2020-03-19T16:48:02Z,2020-03-19T16:48:02Z
UgxoFBm3Dd_-qQn9FAp4AaABAg,,False,@يَون-م1ط,*-اخخخ من هسة اشتقتتت))):*,0,2020-03-19T16:43:35Z,2020-03-19T16:43:35Z
Ugxw9O4GZPjB9gxpzWt4AaABAg,,False,@exo-love1539,Bro our leader has no mercy on us 😍😍😍😍 how can he be so prefect like that ❤❤😭😭❤,0,2020-03-19T16:43:33Z,2020-03-19T16:43:33Z
UgypN9yRwInW_JU37Bx4AaABAg,,False,@riah6671,Let's goo support our beat leader,0,2020-03-19T16:43:32Z,2020-03-19T16:43:32Z
UgzAP37oHGITF2y9y6R4AaABAg,,False,@kimhyeyon5680,Me encanta!!!!,0,2020-03-19T16:43:27Z,2020-03-19T16:43:27Z
Ugx92hwt5NLJsFXtFkJ4AaABAg,,False,@minarina1129,"I googled the word ""perfection"":

Only Suho's pictures appeared",34,2020-03-19T16:43:23Z,2020-03-19T16:43:23Z
Ugx_3-IVuZ_eymbAA0R4AaABAg,,False,@يَون-م1ط,*-جعلنيي ماانحرممم ياربببب!*,0,2020-03-19T16:43:21Z,2020-03-19T16:43:21Z
Ugy-LDXANaXX6f-UI7F4AaABAg,,False,@user-ob6ze9en9r,احبك ♡,0,2020-03-19T16:43:12Z,2020-03-19T16:43:12Z
UgzwSqrpcT3AQjQFxEp4AaABAg,,False,@يَون-م1ط,*روحيي وقلبيي وعمريي.. وكلشيي حلوو .. !!*,0,2020-03-19T16:43:05Z,2020-03-19T16:43:05Z
UgwMge3DJRo9aiGkgHt4AaABAg,,False,@hanyeul4824,Entrei no fandom a pouco tempo e já tô sofrendo kkk,0,2020-03-19T16:43:05Z,2020-03-19T16:43:05Z
UgwGO28jxxkoDbqw_AJ4AaABAg,,False,@졔졔-v2x,김수호....당신이 내 미래야.. 사랑해ㅠㅠ,0,2020-03-19T16:42:55Z,2020-03-19T16:42:55Z
UgzSKsl0x18RA1ufaEl4AaABAg,,False,@ashipriya4148,I mean look at him just staring at my  soul,0,2020-03-19T16:42:52Z,2020-03-19T16:42:52Z
UgzyRTP1WdrGxiMCUeB4AaABAg,,False,@kimsuho2184,متحمممسسسه **---حرفيا---,3,2020-03-19T16:42:50Z,2020-03-19T16:42:50Z
UgymjfcMJ3liT2hfVkJ4AaABAg,,False,@jhakyxiu7951,I love you,1,2020-03-19T16:42:50Z,2020-03-19T16:42:50Z
UgzlCmjCjQbQWfz7Egt4AaABAg,,False,@Slkeneixci,저 신이 빚은 얼굴 뭐냐구ㅜㅠㅜ 분명 토끼왕국에서 몰래 빠져나온 토끼왕자일꺼야ㅠㅠ!!!!!!!! 분위기도 찰떡이고 징짜ㅜㅜ 기대한다 왕자야❤😭,1,2020-03-19T16:42:32Z,2020-03-19T16:42:32Z
UgzlCmjCjQbQWfz7Egt4AaABAg.96OXhb2zx4P96OXpg3xbF8,UgzlCmjCjQbQWfz7Egt4AaABAg,True,@يَِدِينّبِيكِهيونِأَحَلِىمِنوَ,*without emojis pls*,0,2020-03-19T16:43:38Z,2020-03-19T16:43:38Z
UgyfiBPfWg_WsVoQwbN4AaABAg,,False,@يَون-م1ط,"*-actually I can't express how proud I am ... There's no words to describe that ...!*
*-My dear Suho !!... I will keep you inside me ... Your words ... Your voice ... Your thoughts .. !! You look like one of the angels ... I will support you no matter what your next options are ... and we will wait for you until you return ..love you...our leader..!!♡~*",272,2020-03-19T16:42:27Z,2020-03-19T16:42:27Z
UgxvzGM_YMstvGHZ8Lh4AaABAg,,False,@GNar522,"‪The whole album (Self-Portrait) is linked to one story. It expressed Suho's unique musical sensibility. ""I expressed my experiences and feelings in the eight years since I debuted as EXO in a universal love story that anyone can easily relate to""‬",64,2020-03-19T16:42:24Z,2020-03-19T16:42:24Z
UgzWzKvSp5BG_n1ITYV4AaABAg,,False,@chiechihaechan,I- um not ready for his enlistment...,2,2020-03-19T16:42:15Z,2020-03-19T16:42:15Z
UgzzamF3XN8J_jAIHRh4AaABAg,,False,@quesitos7438,conshetumare no puedo estar más enamorada de ti.,0,2020-03-19T16:42:05Z,2020-03-19T16:42:05Z
UgwZeX3vs0IZD-whwCp4AaABAg,,False,@exo_l6683,عمري,0,2020-03-19T16:41:49Z,2020-03-19T16:41:49Z
UgzZ3Jiwmko6HJgDDCF4AaABAg,,False,@noviesurya,Ambyaar,0,2020-03-19T16:41:34Z,2020-03-19T16:41:34Z
Ugy74WpccUJjcHIlGtB4AaABAg,,False,@logymortada8453,هم امتي هينزلو الاغنيه,0,2020-03-19T16:41:04Z,2020-03-19T16:41:04Z
UgwshXl2xH08lh_ymup4AaABAg,,False,@wynndae9291,im so proud of Suho. You are the best leader of all kpop groups💖 (my opinion) \{>⊙<}/,0,2020-03-19T16:40:37Z,2020-03-19T16:40:37Z
UgzKFaq0SEo6-EsJ0qJ4AaABAg,,False,@lights143,Love this ... go king,0,2020-03-19T16:40:30Z,2020-03-19T16:40:30Z
Ugz9OEXOwSXPlDAL_6d4AaABAg,,False,@leticiadiasodonto,PERFEITO,0,2020-03-19T16:39:44Z,2020-03-19T16:39:44Z
Ugwul3unRI8g_DBoGx94AaABAg,,False,@Isa-od6rh,Suho is a Self -Portrait,1,2020-03-19T16:39:41Z,2020-03-19T17:36:10Z
Ugwul3unRI8g_DBoGx94AaABAg.96OXNiE6NQw96OcNpKg4tp,Ugwul3unRI8g_DBoGx94AaABAg,True,@danyahf2282,Delte emoji please,1,2020-03-19T17:32:08Z,2020-03-19T17:32:08Z
Ugwul3unRI8g_DBoGx94AaABAg.96OXNiE6NQw96OdOIZ1Bu6,Ugwul3unRI8g_DBoGx94AaABAg,True,@Isa-od6rh,Danyah F why?,0,2020-03-19T17:40:56Z,2020-03-19T17:40:56Z
UgxeD2RFNBQaez9r6H14AaABAg,,False,@leticiadiasodonto,LINDO,0,2020-03-19T16:39:36Z,2020-03-19T16:39:36Z
UgwOFQKtO_Tmi6mL9nh4AaABAg,,False,@abdlkhalak397,"Although I am army, I will support exo 😍
مع اني ارمي سأدعم exo😍",11,2020-03-19T16:39:06Z,2020-03-19T16:39:06Z
UgwOFQKtO_Tmi6mL9nh4AaABAg.96OXJRARE8M96OaGKTafP5,UgwOFQKtO_Tmi6mL9nh4AaABAg,True,@ayla1756,بدون ايموجي باليز,1,2020-03-19T17:13:38Z,2020-03-19T17:13:38Z
UgwOFQKtO_Tmi6mL9nh4AaABAg.96OXJRARE8M96OtEmh2-Pc,UgwOFQKtO_Tmi6mL9nh4AaABAg,True,@EXO악수,"بليز شيلي الايمواجي فدوه اروحلج يعمري انتي ❤
شيلي الايمواجي حذفي الايمواجي فدوه",2,2020-03-19T19:59:26Z,2020-03-19T19:59:26Z
UgwOFQKtO_Tmi6mL9nh4AaABAg.96OXJRARE8M96Oz_CYbMZc,UgwOFQKtO_Tmi6mL9nh4AaABAg,True,@nvnvex9,احذفي الايموجيز+الي بيدعم حد مابيذكر اسم فاندوم او فرقة ثانية بالكومنتات,0,2020-03-19T20:54:48Z,2020-03-19T20:54:48Z
UgwOFQKtO_Tmi6mL9nh4AaABAg.96OXJRARE8M96P-eG9Txrf,UgwOFQKtO_Tmi6mL9nh4AaABAg,True,@nanoexo_l9785,@@nvnvex9 والله وكفوا واصلا مامحتاجين اي دعم,1,2020-03-19T21:04:13Z,2020-03-19T21:04:13Z
UgwOFQKtO_Tmi6mL9nh4AaABAg.96OXJRARE8M96QMLhxku8F,UgwOFQKtO_Tmi6mL9nh4AaABAg,True,@ayla1756,@@nanoexo_l9785 تكفيين,0,2020-03-20T09:41:46Z,2020-03-20T09:41:46Z
UgxA_lHoLWzHbWd02yl4AaABAg,,False,@su6941,I love SUHO❤️,1,2020-03-19T16:39:02Z,2020-03-19T16:39:02Z
UgxrLtVVDTVN-bROpOx4AaABAg,,False,@يَِدِينّبِيكِهيونِأَحَلِىمِنوَ,*كتبت بنص لغات العالم لا تحط ايموجي او هاشتاق بس محددد يفهمم!!*,0,2020-03-19T16:38:53Z,2020-03-19T16:38:53Z
Ugx0oqbiPLjHYByQkKZ4AaABAg,,False,@함도아,엣셈은 김준면에게 이사직을 맡겨라,0,2020-03-19T16:38:39Z,2020-03-19T16:38:39Z
UgyaDV3CpMHg9fVqacl4AaABAg,,False,@dlntnzn,miss u my leader!✨,0,2020-03-19T16:38:38Z,2020-03-19T16:38:38Z
UgzHQfn9Rqrc340lhkF4AaABAg,,False,@라잇-w1r,와 오빠의 미모에 치여...♥️,1,2020-03-19T16:38:32Z,2020-03-19T16:38:32Z
UgwXaWRh7TRErMvnWc14AaABAg,,False,@선바-z5r,❤️❤️❤️,1,2020-03-19T16:38:25Z,2020-03-19T16:38:25Z
UgxDa1KpbRl49eD2Plp4AaABAg,,False,@romigarnica7843,MY KING IS COMING 😭🐰❤,0,2020-03-19T16:38:21Z,2020-03-19T16:38:21Z
Ugx_hEITwed2Mu9waal4AaABAg,,False,@annissasucianishahida8398,BAPAK KAPAS MOHON YA UNTUK KALEM AJA GAUSAH GANTENG GANTENG😭,0,2020-03-19T16:38:11Z,2020-03-19T16:38:11Z
UgzyInoMl_RxHvdT1c14AaABAg,,False,@mariadelosangeles1221,Without words to express what I feel. I really get excited,0,2020-03-19T16:38:09Z,2020-03-19T16:38:09Z
UgxtaJK7-WUyTMBNMax4AaABAg,,False,@함도아,엣셈은 조각상에 생명불어넣는법을 공유해라,0,2020-03-19T16:38:03Z,2020-03-19T16:38:03Z
Ugz9DD8zZA7h5fY12QJ4AaABAg,,False,@nyel.l3262,"*النظره بالبدايه...كأنه يناظرني...استحيت ي جماعه*
*هههههههههههههههههههههههههههههههههههههههههههههههههههه*",54,2020-03-19T16:38:00Z,2020-03-19T16:38:00Z
Ugz9DD8zZA7h5fY12QJ4AaABAg.96OXBOdvq3g96OggaPtEGk,Ugz9DD8zZA7h5fY12QJ4AaABAg,True,@sh-pc3vj,هههههههههه موووووود,1,2020-03-19T18:09:47Z,2020-03-19T18:09:47Z
Ugz9DD8zZA7h5fY12QJ4AaABAg.96OXBOdvq3g96OjYtC321N,Ugz9DD8zZA7h5fY12QJ4AaABAg,True,@user-wu6vk8wt4r,"مرحبا انا  ارمي او اريد اصير اكسوز ممكن اتعلموني اسمائهم او بعض المعلومات عنهم

او ممكن انصير عائله يعني الاكسوز والارمي",0,2020-03-19T18:34:48Z,2020-03-19T18:34:48Z
Ugz9DD8zZA7h5fY12QJ4AaABAg.96OXBOdvq3g96P8zegbJ49,Ugz9DD8zZA7h5fY12QJ4AaABAg,True,@shinjeneul8928,عذرا اذا ممكن كيف تخلي الكتابة كبيرة هيك ؟,0,2020-03-19T22:25:47Z,2020-03-19T22:25:47Z
Ugz9DD8zZA7h5fY12QJ4AaABAg.96OXBOdvq3g96P9mX5Hjv-,Ugz9DD8zZA7h5fY12QJ4AaABAg,True,@nyel.l3262,"@@shinjeneul8928  اضغطي ذي * عند اول جملتك لين آخرها .
وأهم شي لاتخلين بينها وين اول حرف وآخر حرف مسافه.",1,2020-03-19T22:32:44Z,2020-03-19T22:32:44Z
Ugz9DD8zZA7h5fY12QJ4AaABAg.96OXBOdvq3g96PA5iILvKi,Ugz9DD8zZA7h5fY12QJ4AaABAg,True,@shinjeneul8928,@@nyel.l3262 شكرا فكرت محد يرد علي ورحت ادور على اليوتيوب,1,2020-03-19T22:35:29Z,2020-03-19T22:35:29Z
UgyX5e5s4S5_rG9-YYx4AaABAg,,False,@УцумиеваАнжела,С нетерпением жду альбом,0,2020-03-19T16:37:56Z,2020-03-19T16:37:56Z
Ugw2ZcDht3fYYl0TouR4AaABAg,,False,@hunniebubble6705,ur sooooo pure!! i love you so much,0,2020-03-19T16:37:51Z,2020-03-19T16:37:51Z
UgwqP05ww3Sb6PWtxzZ4AaABAg,,False,@УцумиеваАнжела,😍😍😍😍👍,0,2020-03-19T16:37:46Z,2020-03-19T16:37:46Z
UgwghrHZT-zIvpX3SC94AaABAg,,False,@MahdyaHakimi,"Oh my God, why so perfect? Love this men so much!",1,2020-03-19T16:37:46Z,2020-03-19T16:37:46Z
UgwHefmD4PDXZXuT7xt4AaABAg,,False,@elenguedes5275,I'm so anxious❤️❤️😣😣,0,2020-03-19T16:37:46Z,2020-03-19T16:37:46Z
UgxmWPQpqUnG3ihm3Xt4AaABAg,,False,@함도아,미쳤다,0,2020-03-19T16:37:36Z,2020-03-19T16:37:36Z
UgyINR-2aYy_93VZjUR4AaABAg,,False,@오하나하나,수호야 수호야 너만 보면 눈물이나 너무 사랑해서,0,2020-03-19T16:37:35Z,2020-03-19T16:37:35Z
UgwvdRg8tJngYuZ8r-R4AaABAg,,False,@nghiduong9317,Tuyệt 🥰,0,2020-03-19T16:37:21Z,2020-03-19T16:37:21Z
UgwtZwZfYY_-AbZLhlp4AaABAg,,False,@Farfalla07,ทรงพระเจริญยิ่งยืนนานเพคะ,0,2020-03-19T16:37:07Z,2020-03-19T16:37:07Z
Ugy9aaKQK2_E14J1xgR4AaABAg,,False,@يَِدِينّبِيكِهيونِأَحَلِىمِنوَ,Please understand !!  The emojis freezes views !!  Stop putting it down if you really want to support our leader !!,0,2020-03-19T16:36:53Z,2020-03-19T16:36:53Z
UgwhA3FvZDVXsX95byt4AaABAg,,False,@desyvalentinapurba2600,"Mas kapas...
We are one",0,2020-03-19T16:36:51Z,2020-03-19T16:36:51Z
Ugwd0o85g06Rx5cQwz14AaABAg,,False,@alvinorealita3595,Bening bener jodoh orang 🥰🥰🥰🥰,0,2020-03-19T16:36:44Z,2020-03-19T16:36:44Z
UgzGNyQbJrKGbqOFyd94AaABAg,,False,@22vivi22,하이라이트메들리 어서 듣고싶당,0,2020-03-19T16:36:41Z,2020-03-19T16:36:41Z
UgzsTjZ9JDakgNO0cMt4AaABAg,,False,@somethingnice8446,I literally can't wait. Omygoshhh,0,2020-03-19T16:36:31Z,2020-03-19T16:36:31Z
Ugw6jN5Mmbf5TcKtTU54AaABAg,,False,@george_2.2,❤️❤️❤️,0,2020-03-19T16:35:50Z,2020-03-19T16:35:50Z
UgyxN8zSQUV7jnTtjpN4AaABAg,,False,@hani9669,Sehun,0,2020-03-19T16:35:47Z,2020-03-19T16:35:47Z
UgyV_yAdPYfXaQ-B2kF4AaABAg,,False,@whateverdramas8907,Art,0,2020-03-19T16:35:44Z,2020-03-19T16:35:44Z
UgwXVT5gEFKIs0jW0ZJ4AaABAg,,False,@jessamarieborres1850,<33333333333,0,2020-03-19T16:35:41Z,2020-03-19T16:35:41Z
Ugw4e-fexJrXZ1gk1H54AaABAg,,False,@ebruozbudak9364,hariqaaaaa,0,2020-03-19T16:35:39Z,2020-03-19T16:35:39Z
UgxhXkDZDjn8Zc1Nje94AaABAg,,False,@Maria-tb2vc,BEBÉ 😭😭😭❤,0,2020-03-19T16:35:23Z,2020-03-19T16:35:23Z
UgyIY-Xma2EDPICEFv14AaABAg,,False,@deathberry3452,I'm still amazed at the fact that this type of human being exists,6,2020-03-19T16:35:20Z,2020-03-19T16:35:20Z
Ugygi00pkhm_ikSPrHh4AaABAg,,False,@mdhemayatufin263,I can look at his face forever,0,2020-03-19T16:35:19Z,2020-03-19T16:35:19Z
Ugze0T9OcYxkBTPVPxZ4AaABAg,,False,@nicolihinostrozaturin7551,El instrumental suena tan esperanzador 🥺 en estos momentos tan difíciles que vivimos en mi país 😓🇵🇪,2,2020-03-19T16:35:13Z,2020-03-19T16:35:13Z
Ugze0T9OcYxkBTPVPxZ4AaABAg.96OWrvq956V96Oc-tc-pn1,Ugze0T9OcYxkBTPVPxZ4AaABAg,True,@danyahf2282,No emoje,0,2020-03-19T17:28:52Z,2020-03-19T17:28:52Z
Ugze0T9OcYxkBTPVPxZ4AaABAg.96OWrvq956V96OzkjJX4KP,Ugze0T9OcYxkBTPVPxZ4AaABAg,True,@nvnvex9,Plz delete the emojis,0,2020-03-19T20:56:22Z,2020-03-19T20:56:22Z
UgwlX0jp7QcU9JWL0PJ4AaABAg,,False,@hani9669,Leader,0,2020-03-19T16:35:07Z,2020-03-19T16:35:07Z
Ugz6oITo3zwZt3Vur-x4AaABAg,,False,@learnkoreanwitharwa4815,오빠가 노래 너무 잘하고 연기도 너무 잘하고 잘생겼고 아 그냥 오빠가 완벽해 ♥️♥️이 앨범 너무 기대돼 ♥️♥️ 사랑해 수호야♥️♥️,0,2020-03-19T16:35:01Z,2020-03-19T16:35:01Z
UgyIyaLQfnxDPEPg7Xp4AaABAg,,False,@JENJENBBIN,"김준면씨,, 뮤비를 찍으랬지 화보를 찍으랬나요? 너무 예뻐서 나 숨 못쉬어요 🤦🏾‍♀️ 인생은 멀리서 보면 비극 가까이서 보면 희극 오빠는 성은이 망극.",0,2020-03-19T16:34:34Z,2020-03-19T16:34:34Z
UgxIyFtQY__-t3iEdb54AaABAg,,False,@Exoxiumina2003,Suhooooo,0,2020-03-19T16:34:31Z,2020-03-19T16:34:31Z
UgxD8Rnhq4yUjW_NU554AaABAg,,False,@noyeol.l7893,"*ارنوبنا، قطتنا،قائدنا ،حارسنا،فخرنا،*
*Suho*
*Arab exo-l*",24,2020-03-19T16:34:30Z,2020-03-19T16:34:30Z
UgxL4vCDADyGnDVRTvp4AaABAg,,False,@xoloveyy00,💙💙💙,1,2020-03-19T16:34:25Z,2020-03-19T16:34:25Z
Ugw6OTDJHNxMoM82T414AaABAg,,False,@suhoendlessblue6230,Amazing,0,2020-03-19T16:34:14Z,2020-03-19T16:34:14Z
UgxHTuuq-AdjQP_W1J14AaABAg,,False,@suhoendlessblue6230,My sunshine,0,2020-03-19T16:34:02Z,2020-03-19T16:34:02Z
UgwmUA3hd7bUf6PgqE94AaABAg,,False,@두둥-r6h,"저 사막 속 준면이 혼자 서 있는 게 하나의 오아시스를 나타낸 것 같기도 하고 투명한 하늘이 마치 바다같아서 준면이 자체를 잘 나타낸 것 같기도 하다
준면이가 작은 거울에 비친 본인을 보는 모습도 너무 좋아
진짜 준면이 얼굴이 분위기랑 너무 잘 어울려
영상의 색이며 분위기, 모습 모두가 준면이의 색이겠지ㅠ",1,2020-03-19T16:33:59Z,2020-03-19T16:33:59Z
UgwOPmE5oSTtTn6eCsR4AaABAg,,False,@ghadamokhtar2279,I adore u to the moon and back and moooooore 😭❤️❤️❤️,0,2020-03-19T16:33:55Z,2020-03-19T16:33:55Z
Ugw6uRZdLk9xNczLLUZ4AaABAg,,False,@chanbaekpark7499,Uno de los mejores líderes ❤️❤️❤️❤️,0,2020-03-19T16:33:51Z,2020-03-19T16:33:51Z
Ugw6uRZdLk9xNczLLUZ4AaABAg.96OWhyZTaSe96OWmjGpL_1,Ugw6uRZdLk9xNczLLUZ4AaABAg,True,@يَِدِينّبِيكِهيونِأَحَلِىمِنوَ,*plss Just Understand this!! The emojis freeze the views pls delete itt*,0,2020-03-19T16:34:30Z,2020-03-19T16:34:30Z
UgxhiDuOsl1sF-SlQEx4AaABAg,,False,@hani9669,Love you,0,2020-03-19T16:33:48Z,2020-03-19T16:33:48Z
UgxjTMMFpio_gBVrDQF4AaABAg,,False,@athirahamdam3954,Ui sejak bila dia ada tahi lalat kat mata?,0,2020-03-19T16:33:46Z,2020-03-19T16:33:46Z
UgxD4H36c82wTAal7Ph4AaABAg,,False,@ГульнарТурганбаева-ц5л,"Honestly,Kazakhstan👋,I'm fan of the Exo fan❤I like  all their songs,I really love you in special genre😍Sehun especially loves you😙😙😙❤I'm just shockedby your talents👍I love you😙",2,2020-03-19T16:33:35Z,2020-03-19T16:33:35Z
UgxU4Ez1fYtzOlHvO7N4AaABAg,,False,@suhoendlessblue6230,I can’t wait,0,2020-03-19T16:33:33Z,2020-03-19T16:33:33Z
Ugwq4pSdErd1BqwlRAd4AaABAg,,False,@suhoendlessblue6230,My breathe,0,2020-03-19T16:33:23Z,2020-03-19T16:33:23Z
UgwYIStSsCiKiRI27Cp4AaABAg,,False,@suhoendlessblue6230,My handsome talented man,0,2020-03-19T16:33:16Z,2020-03-19T16:33:16Z
UgwZRRzuAVXTzm63Itl4AaABAg,,False,@armokal8664,Best leader,0,2020-03-19T16:33:04Z,2020-03-19T16:33:04Z
UgwdhBaUqZ7wO5DXNFN4AaABAg,,False,@suhoendlessblue6230,Love of my life,0,2020-03-19T16:33:02Z,2020-03-19T16:33:02Z
UgzL9I8igZvGoj7E-nd4AaABAg,,False,@exokings8843,احلا انسان على وجه الكرة الرضية😍❤,0,2020-03-19T16:32:39Z,2020-03-19T16:32:39Z
UgzL9I8igZvGoj7E-nd4AaABAg.96OW_8S1tMt96OWfsDRX6b,UgzL9I8igZvGoj7E-nd4AaABAg,True,@يَِدِينّبِيكِهيونِأَحَلِىمِنوَ,*احذفي الايموجي اذا تبين تدعمينه صدقق!!!،،بالله احذفيييه!!!*,0,2020-03-19T16:33:34Z,2020-03-19T16:33:34Z
UgzL9I8igZvGoj7E-nd4AaABAg.96OW_8S1tMt96OY9OZsiV1,UgzL9I8igZvGoj7E-nd4AaABAg,True,@exokings8843,@@يَِدِينّبِيكِهيونِأَحَلِىمِنوَ ليش شنو بي الموجي؟,0,2020-03-19T16:46:28Z,2020-03-19T16:46:28Z
UgzL9I8igZvGoj7E-nd4AaABAg.96OW_8S1tMt96OYhu6qLJu,UgzL9I8igZvGoj7E-nd4AaABAg,True,@يَِدِينّبِيكِهيونِأَحَلِىمِنوَ,@@exokings8843 *يحذف المشاهدات، احذفيهععع ولا عاد تحطيي*,0,2020-03-19T16:51:18Z,2020-03-19T16:51:18Z
UgzL9I8igZvGoj7E-nd4AaABAg.96OW_8S1tMt96O_5RLMZ4h,UgzL9I8igZvGoj7E-nd4AaABAg,True,@exokings8843,@@يَِدِينّبِيكِهيونِأَحَلِىمِنوَ لا انتي غلطانة اطيني ولو دليل واحد على ان الموجي يحذف بس هاي اشعة انتشرت و انتم صدكتوها للسف,0,2020-03-19T17:03:24Z,2020-03-19T17:03:24Z
UgzL9I8igZvGoj7E-nd4AaABAg.96OW_8S1tMt96O_R227Mtg,UgzL9I8igZvGoj7E-nd4AaABAg,True,@exokings8843,@@يَِدِينّبِيكِهيونِأَحَلِىمِنوَ  انتي غلطانة الموجي ما يحذف و لا ايجمد و هاي اشاعة و انتم صدكتوها للسف,0,2020-03-19T17:06:21Z,2020-03-19T17:06:21Z
UgwMt3gviBH6kmwHU614AaABAg,,False,@zainabrashid3613,He is so bautiful!!!!,0,2020-03-19T16:32:13Z,2020-03-19T16:32:13Z
UgyhLZKXwZwyw4DE9iR4AaABAg,,False,@heidibruun4313,Suho's artistry and soulful beauty knows no boundaries 💗✨💗✨💗✨💗✨💗✨💗,0,2020-03-19T16:32:01Z,2020-03-19T16:32:01Z
UgwUfxZ7xq_Jdynzs014AaABAg,,False,@kennie2160,"the calm energy,, the artistry,, he’s so cool ;;",4,2020-03-19T16:31:48Z,2020-03-19T16:31:48Z
UgyjNHtSx2iMwE09kud4AaABAg,,False,@nesrineben4736,"فديت ارنب الاكسوالز سوهو 
يا اخي حد يشرحلهم انو ما يحطو ايموجيز لانو تجمد المشاهدات",5,2020-03-19T16:31:47Z,2020-03-19T16:31:47Z
UgyjNHtSx2iMwE09kud4AaABAg.96OWTmkOakN96OWbCk4r4I,UgyjNHtSx2iMwE09kud4AaABAg,True,@يَِدِينّبِيكِهيونِأَحَلِىمِنوَ,*قاعده انب،ح بس محددد عاطيني وجهه قسمم*,0,2020-03-19T16:32:55Z,2020-03-19T16:32:55Z
UgzxUouVJgOAjrGvrRN4AaABAg,,False,@matapanda-yy2sb,Mahakarya,0,2020-03-19T16:31:27Z,2020-03-19T16:31:27Z
UgxF8Gn_W_maDYsYQKN4AaABAg,,False,@liriomuch6988,Es una obra de arte.,0,2020-03-19T16:31:26Z,2020-03-19T16:31:26Z
UgyJ0b2c70cJ2EwsGn14AaABAg,,False,@EXOexoEXO1485,Handsome Man,0,2020-03-19T16:31:23Z,2020-03-19T16:31:23Z
Ugy8O5DLm8gGYzOMWDF4AaABAg,,False,@rianalmansyah5699,Gilaaaaaa visualnya itu loh mmmmmm,0,2020-03-19T16:31:17Z,2020-03-19T16:31:17Z
UgznzsRiJcRJF87IJdJ4AaABAg,,False,@anonymousanonim4079,"Kim Junmyeon is such a great person who has great personality and positive vibes. He always did his best, always try the best that he can. No wonder why he can be stand in this position now. Junmyeon-ah, let's love for a long long long time. We are here. Bunny citizens got your back. EXO-L got your back. No matter what happeed. We always here. We will wait you. Love...",60,2020-03-19T16:31:11Z,2020-03-19T16:31:11Z
UgzoeyYLmdfJK_cyY6h4AaABAg,,False,@최슬기-i7x,오빠 얼굴이 힐링이다 김준면 나라세우자 사랑해,1,2020-03-19T16:31:10Z,2020-03-19T16:31:10Z
Ugz6KbcXBJfNSm4CaAR4AaABAg,,False,@فاطمةضياءاحمد,Soooft,0,2020-03-19T16:31:03Z,2020-03-19T16:31:03Z
UgygBW5JWOeSIr1vYel4AaABAg,,False,@Idknanmolla1,"I love this even more knowing how real and complex his life is beyond just these pretty close ups.  Exo has been around so long now. I mean he’s even more beautiful to me now. Isn’t that how it should be?   
*Sigh* Gosh , people are crazy.",137,2020-03-19T16:30:40Z,2020-03-19T16:32:50Z
UgwJPixghPhc2yroNWp4AaABAg,,False,@TrangNguyen-dq4tu,Best leader ❤🤴,0,2020-03-19T16:30:27Z,2020-03-19T16:30:27Z
UgwJPixghPhc2yroNWp4AaABAg.96OWK7f-qCb96OWUbWYyav,UgwJPixghPhc2yroNWp4AaABAg,True,@يَِدِينّبِيكِهيونِأَحَلِىمِنوَ,*delete the emoji pls!!*,0,2020-03-19T16:31:53Z,2020-03-19T16:31:53Z
UgwJPixghPhc2yroNWp4AaABAg.96OWK7f-qCb96OXp3EAZwU,UgwJPixghPhc2yroNWp4AaABAg,True,@TrangNguyen-dq4tu,@@يَِدِينّبِيكِهيونِأَحَلِىمِنوَ why :))),0,2020-03-19T16:43:33Z,2020-03-19T16:43:33Z
UgwKTlg42Q-xNTFCemp4AaABAg,,False,@vivzhengg,hubby,0,2020-03-19T16:30:24Z,2020-03-19T16:30:24Z
UgyIJXCIgcmWT4ASTdh4AaABAg,,False,@adrianaguadalupemirelesgod4086,"So beautiful, baby SuHo, i love you.",1,2020-03-19T16:30:19Z,2020-03-19T16:30:19Z
Ugw9g6NGniyBRU8Hz-14AaABAg,,False,@nyel.l3262,*شنو صورة حسابي عندكم* ؟,10,2020-03-19T16:29:59Z,2020-03-19T16:29:59Z
Ugw9g6NGniyBRU8Hz-14AaABAg.96OWGc1hjOT96P-kiswrF3,Ugw9g6NGniyBRU8Hz-14AaABAg,True,@nanoexo_l9785,والله مدري شجره مدري بنت شويه اهوايه سمره هيج شي,0,2020-03-19T21:05:06Z,2020-03-19T21:05:06Z
Ugw9g6NGniyBRU8Hz-14AaABAg.96OWGc1hjOT96P3or27Td_,Ugw9g6NGniyBRU8Hz-14AaABAg,True,@nyel.l3262,"@@nanoexo_l9785  كيف بنت سمره ؟!!
انا حاطه صورة سوهو",0,2020-03-19T21:40:37Z,2020-03-19T21:40:37Z
Ugw9g6NGniyBRU8Hz-14AaABAg.96OWGc1hjOT96P4v6TrzDp,Ugw9g6NGniyBRU8Hz-14AaABAg,True,@nanoexo_l9785,@@nyel.l3262 اي الحين طلعت صوره سوهو بس حلوه,0,2020-03-19T21:50:13Z,2020-03-19T21:50:13Z
UgyqP2flSih7MgTvRvl4AaABAg,,False,@nyel.l3262,"*دموع دموع حماس دموع دموع حماس*
-حالتي-",6,2020-03-19T16:29:45Z,2020-03-19T16:29:45Z
UgxY83Ja2P0Kf_qaIP54AaABAg,,False,@cinnaluvvv20,SE NOS VIENE TREMENDO ARTEEEEEE,0,2020-03-19T16:29:40Z,2020-03-19T16:29:40Z
UgwyuQ5gYNaLaSv4A294AaABAg,,False,@datmary1160,Y’all better watch out this is gonna end the kpop industry i tell ya,0,2020-03-19T16:29:38Z,2020-03-19T16:29:38Z
UgxyAHRjWbDp2IpSFw14AaABAg,,False,@JennysainHainna,Thank you Leader SUHO💜💜💜,0,2020-03-19T16:29:14Z,2020-03-19T16:29:14Z
UgxqmqkhK7Iyp0BP__14AaABAg,,False,@datmary1160,I seriously can’t breath,0,2020-03-19T16:29:11Z,2020-03-19T16:29:11Z
Ugy-mvxHIdVi0RhQHZ14AaABAg,,False,@MarianaGonzalez-ec3pw,🙊💛🤗🙌🥰,0,2020-03-19T16:29:08Z,2020-03-19T16:29:08Z
UgyOdUPnykKox7o2gV14AaABAg,,False,@parkraghad6149,يا لهوييييي,0,2020-03-19T16:29:05Z,2020-03-19T16:29:05Z
Ugx9S2DjTHXI8iai54V4AaABAg,,False,@ruriaulianadira7882,I love u ♥️♥️,1,2020-03-19T16:29:05Z,2020-03-19T16:29:05Z
Ugw37L_yeTjfz7ZingJ4AaABAg,,False,@EterParchukidze310,This is such an aesthetical masterpiece💓🙏,0,2020-03-19T16:29:00Z,2020-03-19T16:29:00Z
UgyhECVgaPBwYhzqvXV4AaABAg,,False,@renrenrenrenrenren,"*Guys,Please understand !!  The emojis freezes views !!  Stop putting it down if you really want to support our leader !!*",0,2020-03-19T16:29:00Z,2020-03-19T16:29:00Z
UgyyxMe7VwHh9YKF02N4AaABAg,,False,@zezoexozezoexo9096,Wow  loovvvvvveeeeeeeeeeeee youuuuuuuuuuuuuuuuuuuuuuuuuuuuuuuuuuuuuuu😭❤️❤️❤️🐰🐰,0,2020-03-19T16:28:43Z,2020-03-19T16:28:43Z
UgygU_1x6eSKdHvrGrt4AaABAg,,False,@haemarkly03,Oh my God🥰🥰,0,2020-03-19T16:28:20Z,2020-03-19T16:28:20Z
UgxH0TnCEWnklVu3QSZ4AaABAg,,False,@Hina-zd5eg,Alots of love from India ❤,0,2020-03-19T16:28:20Z,2020-03-19T16:28:20Z
UgwJejiPGWzHnnVgd2B4AaABAg,,False,@johnbanana4421,King Junmyeon is coming!!,0,2020-03-19T16:28:17Z,2020-03-19T16:28:17Z
Ugx253-HVynb3Y2BIn94AaABAg,,False,@renitaherawati5869,"Harus like dong!!,,, 😁",0,2020-03-19T16:28:00Z,2020-03-19T16:28:00Z
UgzKhy-px66saWSKtB54AaABAg,,False,@Aya-sc3nu,ILY,0,2020-03-19T16:27:57Z,2020-03-19T16:27:57Z
UgwlMFWhwJKnzqmBp6p4AaABAg,,False,@Aya-sc3nu,❤❤❤❤❤,0,2020-03-19T16:27:36Z,2020-03-19T16:27:36Z
UgwlMFWhwJKnzqmBp6p4AaABAg.96OW-AQXLuy96OW5tgskwG,UgwlMFWhwJKnzqmBp6p4AaABAg,True,@renrenrenrenrenren,*بلاااا غبااااءءء احذفيههه*,0,2020-03-19T16:28:31Z,2020-03-19T16:28:31Z
UgxNtV-xUghJxTSsOb14AaABAg,,False,@두둥-r6h,"진짜 피부는 투명한데 눈위랑 볼 빨간 거 진짜 개좋다
점은 찍은건가 살린건가 너무 좋아🤦‍♀️😭❤",0,2020-03-19T16:27:35Z,2020-03-19T16:27:35Z
UgxNtV-xUghJxTSsOb14AaABAg.96OW-80lYzw96OW7JEK0C9,UgxNtV-xUghJxTSsOb14AaABAg,True,@renrenrenrenrenren,*Without emojiss*,0,2020-03-19T16:28:42Z,2020-03-19T16:28:42Z
UgzjCnqnqsnosPWF5j54AaABAg,,False,@noyeol.l7893,*تعليقاتي تنحذف* !!,2,2020-03-19T16:27:24Z,2020-03-19T16:27:24Z
UgzjCnqnqsnosPWF5j54AaABAg.96OVyk0aR_e96OW1jmFBFE,UgzjCnqnqsnosPWF5j54AaABAg,True,@renrenrenrenrenren,*مدري بس تعليقك موجود*,0,2020-03-19T16:27:57Z,2020-03-19T16:27:57Z
Ugwd8MQVf9hoqe5SM0Z4AaABAg,,False,@aryeven,Junmyeon es hermoso.(╥﹏╥)♡,0,2020-03-19T16:27:03Z,2020-03-19T16:27:03Z
UgxqONJGrIYNeaGbPsB4AaABAg,,False,@sadboihoureveryday8668,i love u 🥺,0,2020-03-19T16:26:39Z,2020-03-19T16:26:39Z
UgxqONJGrIYNeaGbPsB4AaABAg.96OVtGBGx0n96OW-YuFexU,UgxqONJGrIYNeaGbPsB4AaABAg,True,@renrenrenrenrenren,*without emojis pls*,1,2020-03-19T16:27:39Z,2020-03-19T16:27:39Z
UgyxAujWvtFVT4dgV954AaABAg,,False,@krizellefernandez735,Kainis ka inlab na naman ako,0,2020-03-19T16:26:21Z,2020-03-19T16:26:21Z
Ugy3zaXpVXPaFqrzMD14AaABAg,,False,@salsabilamaulidia1209,Ganteng banget sayangkuuuuuu😍😍😍😍😘😘😘😘😘❤❤❤❤❤❤,0,2020-03-19T16:26:16Z,2020-03-19T16:26:16Z
Ugy3zaXpVXPaFqrzMD14AaABAg.96OVqUqXD7796OVvNpfiIL,Ugy3zaXpVXPaFqrzMD14AaABAg,True,@renrenrenrenrenren,"*delete the emojiss plss!!!!* 
*stopp being soo stupidd!!*",0,2020-03-19T16:26:56Z,2020-03-19T16:26:56Z
UgxuYFJOvH7k3zphuqh4AaABAg,,False,@exoistheuniverse,WORK OF ART,0,2020-03-19T16:26:15Z,2020-03-19T16:26:15Z
Ugw4oFuW89MUvtZXSed4AaABAg,,False,@dkkkk7191,O Suho quer me mataaar só pode ai 💜,0,2020-03-19T16:26:13Z,2020-03-19T16:26:13Z
Ugw4oFuW89MUvtZXSed4AaABAg.96OVq4K7oxJ96OcrkNhyb1,Ugw4oFuW89MUvtZXSed4AaABAg,True,@danyahf2282,Delete emoji please we  are one,0,2020-03-19T17:36:21Z,2020-03-19T17:36:21Z
Ugw4oFuW89MUvtZXSed4AaABAg.96OVq4K7oxJ96nkrkHzNOx,Ugw4oFuW89MUvtZXSed4AaABAg,True,@dkkkk7191,@@danyahf2282 no,0,2020-03-29T21:06:30Z,2020-03-29T21:06:30Z
Ugw4oFuW89MUvtZXSed4AaABAg.96OVq4K7oxJ96nktod9MP1,Ugw4oFuW89MUvtZXSed4AaABAg,True,@dkkkk7191,@@danyahf2282 i don't speak english,0,2020-03-29T21:06:47Z,2020-03-29T21:06:47Z
UgxQ13omaOBvouxMVL94AaABAg,,False,@krizellefernandez735,Enebeeee,0,2020-03-19T16:26:08Z,2020-03-19T16:26:08Z
Ugx5-0xCfcZuxy4b6gd4AaABAg,,False,@새콤콤,"준면이 노래 빨리 듣고싶다아❤❤❤
완전 기대하구 있어👊👊❤❤❤",0,2020-03-19T16:26:04Z,2020-03-19T16:26:04Z
UgzqsMG8DRFKooHVkD94AaABAg,,False,@najeba-v2l,سوووووهو ستان ايقونه الجمال,3,2020-03-19T16:26:02Z,2020-03-19T16:26:02Z
UgzSRWsAFvfdeYSc9uN4AaABAg,,False,@krizellefernandez735,Luhhhhh,0,2020-03-19T16:26:00Z,2020-03-19T16:26:00Z
UgzypB_6lm2gErUUUqF4AaABAg,,False,@enemiexol532,Princes no king omg,0,2020-03-19T16:25:51Z,2020-03-19T16:25:51Z
UgxsZtJZmRcmGV6V_0R4AaABAg,,False,@linabar7057,يما يحزين مين فاضيلك بظروف كورونا هلا 😭,4,2020-03-19T16:25:48Z,2020-03-19T16:25:48Z
UgxsZtJZmRcmGV6V_0R4AaABAg.96OVn4SKroI96OchgCS41V,UgxsZtJZmRcmGV6V_0R4AaABAg,True,@danyahf2282,بليز لا تحطي ايموجي عشان المشاهدات,0,2020-03-19T17:34:58Z,2020-03-19T17:34:58Z
UgxAITVwDUze8lz-Y6x4AaABAg,,False,@aryeven,WOW,0,2020-03-19T16:25:46Z,2020-03-19T16:25:46Z
UgxKARSodifPmLSXmdp4AaABAg,,False,@enemiexol532,So exited omg,0,2020-03-19T16:25:38Z,2020-03-19T16:25:38Z
UgwPrlgh2JVNLPwHhBt4AaABAg,,False,@jamunamaharjan73,Please support our leader solo album. He deserved all the love and support ❤😘,0,2020-03-19T16:25:34Z,2020-03-19T16:25:34Z
UgythvvB70aMtLLfjIV4AaABAg,,False,@abrilacosta9075,Se ve divino❤😍,0,2020-03-19T16:25:30Z,2020-03-19T16:25:30Z
Ugzc3DVj6WyC2DmCGa14AaABAg,,False,@abrilacosta9075,Lo amo 😍❤❤❤❤,0,2020-03-19T16:25:21Z,2020-03-19T16:25:21Z
UgzJKARt7-xPrE6Hmvx4AaABAg,,False,@bugu7323,*he is so handsome its unreal*,0,2020-03-19T16:25:08Z,2020-03-19T16:25:08Z
Ugym28PUCqagKsN-4kZ4AaABAg,,False,@nurulaini4084,It's better than sad,0,2020-03-19T16:25:01Z,2020-03-19T16:25:01Z
UgxdYwv_OSXiJlOQOUJ4AaABAg,,False,@renrenrenrenrenren,Please understand !!  The emojis freezes views !!  Stop putting it down if you really want to support our leader !!,1,2020-03-19T16:24:45Z,2020-03-19T16:24:45Z
Ugzya7JSc7a0rGFadnp4AaABAg,,False,@butonaeva1845,I love you😭😭😭❤️❤️❤️,0,2020-03-19T16:24:39Z,2020-03-19T16:24:39Z
Ugw45_VFx0FIjTHVsad4AaABAg,,False,@mallennirripilq2393,"Suho, my beautiful person. I love u so much",0,2020-03-19T16:24:28Z,2020-03-19T16:24:28Z
UgykNa52tzul01JMDrN4AaABAg,,False,@hessa9960,Wow wow wow wow,0,2020-03-19T16:24:21Z,2020-03-19T16:24:21Z
Ugxu8S3ufdkj7m7nF014AaABAg,,False,@red_-sl1dp,와 블러셔 미쳤다.. 발라주신 분 어디 계세요? 그쪽으로 절하게요ㅠㅠㅠㅠㅠㅠ,0,2020-03-19T16:24:19Z,2020-03-19T16:24:19Z
Ugww0fjm0B4gh9fUmdZ4AaABAg,,False,@estherpcy7394,The best❤️❤️❤️,0,2020-03-19T16:24:16Z,2020-03-19T16:24:16Z
Ugww0fjm0B4gh9fUmdZ4AaABAg.96OVbkFa8TA96OVkTM2Czb,Ugww0fjm0B4gh9fUmdZ4AaABAg,True,@renrenrenrenrenren,*delete the emoji!!*,0,2020-03-19T16:25:27Z,2020-03-19T16:25:27Z
Ugww0fjm0B4gh9fUmdZ4AaABAg.96OVbkFa8TA96OY0WxE_9B,Ugww0fjm0B4gh9fUmdZ4AaABAg,True,@estherpcy7394,ᴇxᴏ-ʟ ɴᴄᴛᴢᴇɴ༒. The love emoji? Why?,0,2020-03-19T16:45:15Z,2020-03-19T16:45:15Z
Ugww0fjm0B4gh9fUmdZ4AaABAg.96OVbkFa8TA96O_rYHnMWV,Ugww0fjm0B4gh9fUmdZ4AaABAg,True,@renrenrenrenrenren,@@estherpcy7394 *its freeze the viewss! Delete itt pls!!*,0,2020-03-19T17:10:06Z,2020-03-19T17:10:06Z
Ugy_fqQACNSwIqpZYYN4AaABAg,,False,@Chimmy-k2t,#Suhosolofinallyurdreamcometru,0,2020-03-19T16:24:08Z,2020-03-19T16:24:08Z
Ugy_fqQACNSwIqpZYYN4AaABAg.96OVamQDWfk96OVj5HuJLa,Ugy_fqQACNSwIqpZYYN4AaABAg,True,@renrenrenrenrenren,*delete itt plss!!*,0,2020-03-19T16:25:16Z,2020-03-19T16:25:16Z
UgwMwc2l-5onmIVWIn14AaABAg,,False,@뭔-q8x,벌써좋아사랑해김준면ㅋㅠㅠㅠㅠㅠㅠㅠㅠㅠㅠㅠㅠㅠㅠㅠ,0,2020-03-19T16:23:57Z,2020-03-19T16:23:57Z
UgxDfD0KjZaZFFE_9Mx4AaABAg,,False,@nesrineben4736,"فديت ارنب الاكسوالز سوهو 
يا اخي حد يشرحلهم انو ما يحطو ايموجيز لانو تجمد المشاهدات",4,2020-03-19T16:23:54Z,2020-03-19T16:23:54Z
UgwBZldgAzzdpHsmsFt4AaABAg,,False,@myeoncotton,Tan etéreo como un ser celestial,0,2020-03-19T16:23:38Z,2020-03-19T16:23:38Z
UgyCpIsVm20lNweOcxl4AaABAg,,False,@lilisfebryani6678,"Suho like a prince ,, handosome",0,2020-03-19T16:23:37Z,2020-03-19T16:23:37Z
UgyYT591C8aD4LuHKkF4AaABAg,,False,@elena2507,i m dead,0,2020-03-19T16:23:29Z,2020-03-19T16:23:29Z
Ugy8qqHnrY4BnBC32ZN4AaABAg,,False,@shaluqirty3546,Astagaaaa tuhannnn makin hari makin nangis gue,0,2020-03-19T16:22:49Z,2020-03-19T16:22:49Z
UgxB_WKSB7AHZftNXu94AaABAg,,False,@damirahandraeni4320,Kenapa dia begitu tampan bpk kapas 💖,0,2020-03-19T16:22:34Z,2020-03-19T16:22:34Z
UgyJgDPxcGtt-USfBft4AaABAg,,False,@denaaexo_l.5023,أحبك😭🖤,0,2020-03-19T16:22:32Z,2020-03-19T16:22:32Z
UgwWgknnPuWF7X3jIXN4AaABAg,,False,@ЕкатеринаСегина,Неймовірний❤❤❤❤❤❤❤❤❤❤❤❤❤❤❤❤❤❤❤❤❤❤❤❤❤❤❤❤❤❤❤,0,2020-03-19T16:22:16Z,2020-03-19T16:22:16Z
UgxeaPgWWhpN4w4Z8gB4AaABAg,,False,@haawenna,King <3,0,2020-03-19T16:22:13Z,2020-03-19T16:22:13Z
Ugy8A6TcsveztnvH8rR4AaABAg,,False,@진미-k1n,김준면...천사야..분명해...찐이야..역대급이야 흐어우엉어어ㅓㅇ우우어러우ㅜㅜㅜㅠ,7,2020-03-19T16:22:00Z,2020-03-19T16:22:00Z
Ugw9hoSWWCFnEKf-TTZ4AaABAg,,False,@nikki.exosnoona,suho is just unreal.. so handsome!! 😍😍 so excited to see the MV!!!,0,2020-03-19T16:21:56Z,2020-03-19T16:21:56Z
UgysopEzKC_oghi8h2B4AaABAg,,False,@츄츄-r4v,갓수호 갓준면 사랑해!!,0,2020-03-19T16:21:42Z,2020-03-19T16:21:42Z
UgxLDWeWUGivjsYag9x4AaABAg,,False,@nindy8177,Everything about junmyeon and water its an art 👏🏻👏🏻,0,2020-03-19T16:21:34Z,2020-03-19T16:21:34Z
Ugy_Jhsg6BaDzA1K-Jx4AaABAg,,False,@rimharimi964,Our leader .thank you for being our leader .,0,2020-03-19T16:21:33Z,2020-03-19T16:21:33Z
UgxtXz2BBXJOEtj9dPp4AaABAg,,False,@jannaabdelsalam5900,"beautiful,stunning,radiant,gorgeous,amazing we're all so proud of you suho and what you've achieved and will still keep on achieving, we are beyond happy to see you so confident and doing your own thing while still showing your love and support to your other members and remember *We are one* we love you and will forever support you 💜💜💜💜",0,2020-03-19T16:21:32Z,2020-03-19T16:22:24Z
UgxtXz2BBXJOEtj9dPp4AaABAg.96OVIpHpxGc96OcuFWDGLr,UgxtXz2BBXJOEtj9dPp4AaABAg,True,@danyahf2282,Delete emoji please we are one,0,2020-03-19T17:36:41Z,2020-03-19T17:36:41Z
UgzYYz3tC6xe257NrXp4AaABAg,,False,@syasya3134,Sir,0,2020-03-19T16:21:32Z,2020-03-19T16:21:32Z
UgxS_XG91d_Oukmibcx4AaABAg,,False,@mayraluna2446,Son guapos exo son adorables y tiernos los amo si soy muy fan de exo enserio me gustan todas sus canciones 💖💖💖💖💖💖💖💖💖💖💖💖💖💕💕💖💚💚💛💜💗💝 mil respetos para exo,0,2020-03-19T16:21:29Z,2020-03-19T16:21:29Z
UgzIJg5yLMlKvHu8ajR4AaABAg,,False,@deycih937,No puedo esperar más para ver el arte que nos va a traer suho !!!!!,28,2020-03-19T16:21:26Z,2020-03-19T16:21:26Z
UgwS8zDUCxIzg0RO57Z4AaABAg,,False,@beaochoa8796,Me muero muerta♥️💕,0,2020-03-19T16:21:26Z,2020-03-19T16:21:26Z
UgzjW9QTQlEFQcQ2aq94AaABAg,,False,@nyeopetit,oh homem lindo meu deus,0,2020-03-19T16:20:50Z,2020-03-19T16:20:50Z
UgzjW9QTQlEFQcQ2aq94AaABAg.96OVDeBYzLP96OW1NRUUKI,UgzjW9QTQlEFQcQ2aq94AaABAg,True,@dkkkk7191,"Um deus,perfeito aff,ele quer matar a gente",0,2020-03-19T16:27:54Z,2020-03-19T16:27:54Z
Ugy7nZl6OW2IEj28M4Z4AaABAg,,False,@khimberlymariejhonkhyladel5387,MY ONE AND ONLY JUNMYEON🥺❤,0,2020-03-19T16:20:50Z,2020-03-19T16:20:50Z
Ugy7nZl6OW2IEj28M4Z4AaABAg.96OVDa8qcxf96OVFmge3a5,Ugy7nZl6OW2IEj28M4Z4AaABAg,True,@renrenrenrenrenren,*delete the emoji Just plss!!*,0,2020-03-19T16:21:07Z,2020-03-19T16:21:07Z
Ugw3Lk4hLA5K7Jjrvsx4AaABAg,,False,@alaamohammad3734,وكم احسد نسمات الهواء التي تلامس وجنتيك,0,2020-03-19T16:20:34Z,2020-03-19T16:20:34Z
UgzGAqjJ4wKLdx2YvyJ4AaABAg,,False,@marypazzavala6760,"Aaaaaaa cuanta belleza, kim junmyeon eres arte!!",0,2020-03-19T16:20:29Z,2020-03-19T16:20:29Z
UgzmVMXDvisr5xBqXod4AaABAg,,False,@은희-t9b,이야 그림이네..~,0,2020-03-19T16:20:23Z,2020-03-19T16:20:23Z
UgxEI6J-dMCQvcu8fOh4AaABAg,,False,@laniebug,This guy could breathe and I'd be biased wrecked,0,2020-03-19T16:20:16Z,2020-03-19T16:20:16Z
Ugyh4bPIhSk9TfLSpE14AaABAg,,False,@nourshehade350,I love you,1,2020-03-19T16:20:05Z,2020-03-19T16:20:05Z
Ugziq9vfsxSFtkTIjxd4AaABAg,,False,@nourshehade350,So excited,0,2020-03-19T16:19:58Z,2020-03-19T16:19:58Z
UgyfvG0k5hrdSdqwgGZ4AaABAg,,False,@nourshehade350,Can’t wait,0,2020-03-19T16:19:48Z,2020-03-19T16:19:48Z
Ugz5ZcGb7RuapM8X5kB4AaABAg,,False,@moraxe_,Arte,0,2020-03-19T16:19:44Z,2020-03-19T16:19:44Z
Ugz5ZcGb7RuapM8X5kB4AaABAg.96OV5_Kt4DI96OW5BrYtLX,Ugz5ZcGb7RuapM8X5kB4AaABAg,True,@dkkkk7191,Sem dúvidas,0,2020-03-19T16:28:25Z,2020-03-19T16:28:25Z
Ugx-QpSK2Dh1wtMJoDF4AaABAg,,False,@nourshehade350,Suho,0,2020-03-19T16:19:41Z,2020-03-19T16:19:41Z
UgxNQGwUVc_sIGWYXSx4AaABAg,,False,@irashahira8606,This human or angel,0,2020-03-19T16:19:41Z,2020-03-19T16:19:41Z
Ugyhxf-IN2TIxSzCjZp4AaABAg,,False,@-exol1423,سوهو,0,2020-03-19T16:19:26Z,2020-03-19T16:19:26Z
Ugx7iJhA8by1bSQHOE54AaABAg,,False,@halimahsadiyah6348,Oh my prince♥️♥️♥️♥️,0,2020-03-19T16:19:19Z,2020-03-19T16:19:19Z
UgwxMEFHKd-59YaKNxl4AaABAg,,False,@nagitacyans3896,💜💜💜💜💜,0,2020-03-19T16:19:14Z,2020-03-19T16:19:14Z
UgwMkT20m8OALbAJCsJ4AaABAg,,False,@Cookie_playlist,준면이는 한국 singer에요 ㅎㅎ,0,2020-03-19T16:19:13Z,2020-03-19T16:19:13Z
UgxkUXwZR8XTSFCWSth4AaABAg,,False,@syarifahfirdausia8376,MY KIM JUNMYEON❤😍🐰,1,2020-03-19T16:19:11Z,2020-03-19T16:19:11Z
UgxMRUMJx7QwxQ-96Zl4AaABAg,,False,@exosellie,Breathtakingly beautiful and immensely talented!!!,1,2020-03-19T16:19:09Z,2020-03-19T16:19:09Z
UgzdrfqmdYYrW5vDnrx4AaABAg,,False,@thuhango4923,đẹp trai té xỉuuuuuu nhạc hay té xỉuuuuuuuu,0,2020-03-19T16:19:08Z,2020-03-19T16:19:08Z
UgwjoPLinhp9CmQMlsJ4AaABAg,,False,@yuliagalushko5045,Suho deserves the whole world,0,2020-03-19T16:19:07Z,2020-03-19T16:19:07Z
Ugyn3u_OyaNSNbCTHFR4AaABAg,,False,@nyel.l3262,*ظاهر تعليقي* ؟,9,2020-03-19T16:19:00Z,2020-03-19T16:19:00Z
Ugyn3u_OyaNSNbCTHFR4AaABAg.96OV0BLkjMT96OmIrHtxVl,Ugyn3u_OyaNSNbCTHFR4AaABAg,True,@saramohammad96,@@zahrahassan1378 احذفي الايموجي لو سمحتي,0,2020-03-19T18:58:50Z,2020-03-19T18:58:50Z
Ugyn3u_OyaNSNbCTHFR4AaABAg.96OV0BLkjMT96OtJDpDIcS,Ugyn3u_OyaNSNbCTHFR4AaABAg,True,@EXO악수,"@@zahrahassan1378 
بليز شيلي الايمواجي فدوه اروحلج",0,2020-03-19T20:00:03Z,2020-03-19T20:00:03Z
Ugyn3u_OyaNSNbCTHFR4AaABAg.96OV0BLkjMT96OwfsZ1_td,Ugyn3u_OyaNSNbCTHFR4AaABAg,True,@اللهاكبر-ه2ش7ز,لا,0,2020-03-19T20:29:29Z,2020-03-19T20:29:42Z
Ugxb3bqI69jPoEdt_gZ4AaABAg,,False,@jannatulferdousi2579,wowwww,0,2020-03-19T16:18:54Z,2020-03-19T16:18:54Z
UgyyDwZDAu7fwQ5Hqsx4AaABAg,,False,@raghada5610,Exo-l no emoji please no emoji please,1,2020-03-19T16:18:51Z,2020-03-19T16:18:51Z
UgzNZNTGGiyAMwVwCfJ4AaABAg,,False,@hetyhety9692,MV the new mini album........ I like it and I love you so much EXO  Kim Suho Oppa 💞🙏🦋.... Fighting,0,2020-03-19T16:18:34Z,2020-03-19T16:18:34Z
UgyGO3sjM9APwNt0l694AaABAg,,False,@baekhyuneevoicelover7277,EXO-L. HERE !!,0,2020-03-19T16:18:22Z,2020-03-19T16:18:22Z
Ugz3nG5Ro413f7fy_vp4AaABAg,,False,@ash6282,I got a goosebumps 😩,0,2020-03-19T16:17:50Z,2020-03-19T16:17:50Z
Ugy7jxWJCXLqIN30pyp4AaABAg,,False,@blackvoron1113,We are PROUD of You Suho !!!!!!!!!!!!!,0,2020-03-19T16:17:48Z,2020-03-19T16:17:48Z
UgzNC_shs_a4H4MsQOx4AaABAg,,False,@halimahsadiyah6348,oh my prince,0,2020-03-19T16:17:47Z,2020-03-19T16:17:47Z
UgxIglTYTtzrUj1nrUh4AaABAg,,False,@유지니-r2q,ㄴ너무 예쁘다 못해 마음에.벅라서 울것같다..진짜 김준면 진짜 너무너무 이뻐 너때문에 태양 대체 에너지도 안만든다며 태양보다 빛난 너가 있어서,0,2020-03-19T16:17:44Z,2020-03-19T16:17:44Z
UgwgvZgDYIUHptH9QPR4AaABAg,,False,@mohameedalankoshi7686,Iove suho😙😙😙😙,0,2020-03-19T16:17:41Z,2020-03-19T16:17:41Z
UgzTLMN_2gVuknS1Xbl4AaABAg,,False,@بيونا-ض8ي,بممممممممممموتتتتتت لمتى تحمسونا كذا,0,2020-03-19T16:17:39Z,2020-03-19T16:17:39Z
UgwixIV6140SdAL2sH94AaABAg,,False,@sashamomo2294,So handsome,0,2020-03-19T16:17:36Z,2020-03-19T16:17:46Z
UgzswNRBj71i7xq1QHV4AaABAg,,False,@Oshdeptry,I love you ❤️,0,2020-03-19T16:17:15Z,2020-03-19T16:17:15Z
UgzBSQ0rgTnc5LgoLJZ4AaABAg,,False,@noexonolife7003,*بصييح سوهو يستاهل كل الحب فخورة فيه واايد♡*,4,2020-03-19T16:17:15Z,2020-03-19T16:17:53Z
UgyVhfF4BksTs1XUWLh4AaABAg,,False,@armokal8664,Super leader 💜🌸🌼🦄,0,2020-03-19T16:17:05Z,2020-03-19T16:17:05Z
UgxhEzbo4NolamOlkwJ4AaABAg,,False,@suhoyy941,ganteng bnget si suami kuu,0,2020-03-19T16:17:02Z,2020-03-19T16:17:02Z
Ugy6OnY00HVj26a9OJ14AaABAg,,False,@syafi_auni7503,Suhooo i waitingggg uuu....,1,2020-03-19T16:16:56Z,2020-03-19T16:16:56Z
UgyVK3pxAK9Ai3Zrmbl4AaABAg,,False,@akarimyotint4324,Oh my love bunny,0,2020-03-19T16:16:50Z,2020-03-19T16:21:56Z
UgyVK3pxAK9Ai3Zrmbl4AaABAg.96OUlIIc-dc96OUpuDIbRT,UgyVK3pxAK9Ai3Zrmbl4AaABAg,True,@renrenrenrenrenren,*deelete the emoji Justtt Delete itt plss!!*,0,2020-03-19T16:17:27Z,2020-03-19T16:17:27Z
UgzOdPz5MVfsfW1bVz14AaABAg,,False,@armokal8664,Suho 💜🦄,0,2020-03-19T16:16:47Z,2020-03-19T16:16:47Z
UgzOdPz5MVfsfW1bVz14AaABAg.96OUl0d1fXp96OUt3frHhT,UgzOdPz5MVfsfW1bVz14AaABAg,True,@renrenrenrenrenren,*deelete the emoji Justtt Delete itt plss!!*,0,2020-03-19T16:17:53Z,2020-03-19T16:17:53Z
UgxW6TaanmMwf25KZKd4AaABAg,,False,@mayatores6558,"Super bunny leader , EXOLs pride ❤️",0,2020-03-19T16:16:44Z,2020-03-19T16:16:44Z
UgxW6TaanmMwf25KZKd4AaABAg.96OUkaF0EIF96OUrdRQUqC,UgxW6TaanmMwf25KZKd4AaABAg,True,@renrenrenrenrenren,*deelete the emoji Justtt Delete itt plss!!*,0,2020-03-19T16:17:41Z,2020-03-19T16:17:41Z
UgzJGTCR9CqRf5wZUMV4AaABAg,,False,@버블티-k9i,이게 나라지,0,2020-03-19T16:16:41Z,2020-03-19T16:16:41Z
UgxOuMb7AvfkVHtkmG14AaABAg,,False,@mariaorellana8989,ARTE ARTE,1,2020-03-19T16:16:40Z,2020-03-19T16:16:40Z
UgxOuMb7AvfkVHtkmG14AaABAg.96OUk8eOEcQ96OW9FvIeTu,UgxOuMb7AvfkVHtkmG14AaABAg,True,@dkkkk7191,Sem dúvidas,0,2020-03-19T16:28:58Z,2020-03-19T16:28:58Z
Ugx5vwV82otmIBSv-4B4AaABAg,,False,@maeleven_8828,"Subhanallah, nikmat mana lagi yang kau dustakan...",0,2020-03-19T16:16:33Z,2020-03-19T16:16:33Z
UgydVe79pUs-A5O_Jkl4AaABAg,,False,@self-portrait4372,Abi çok güzel çok güzel çok güzel😭💞,0,2020-03-19T16:15:46Z,2020-03-19T16:15:46Z
UgydVe79pUs-A5O_Jkl4AaABAg.96OUdZm4gZf96OUuqX-HdU,UgydVe79pUs-A5O_Jkl4AaABAg,True,@renrenrenrenrenren,*deelete the emoji Justtt Delete itt plss!!*,0,2020-03-19T16:18:08Z,2020-03-19T16:18:08Z
UgxiX4M5RJzuUaM91Vx4AaABAg,,False,@marwatialfazri4730,My Leader Is Kim JunMyeon,1,2020-03-19T16:15:43Z,2020-03-19T16:15:43Z
Ugw2TAGlqI54PL8XvoZ4AaABAg,,False,@rawanselami2145,Goddd I’m SUPERRR EXCITEDDD FOR THISS !!!!!!!!!!! 😭😭🖤🙏🏻🔥,0,2020-03-19T16:15:35Z,2020-03-19T16:15:35Z
Ugw0-ytLEaM8PBV7iJV4AaABAg,,False,@moonswings00,수호오빠 예뻐,0,2020-03-19T16:15:32Z,2020-03-19T16:15:32Z
Ugx9klCmanmZlLmOJyx4AaABAg,,False,@kimsuho2184,اككسسواللللززز ذااا سووهووووو ادعموهه بليززززززز -بكاء-,1,2020-03-19T16:15:30Z,2020-03-19T16:15:30Z
Ugx9klCmanmZlLmOJyx4AaABAg.96OUbZ6Bg2596OV1I__ec9,Ugx9klCmanmZlLmOJyx4AaABAg,True,@renrenrenrenrenren,*ليه الدراما وش قاعدين نسوي الحين مثلا* *؟!*,0,2020-03-19T16:19:09Z,2020-03-19T16:19:09Z
Ugx9klCmanmZlLmOJyx4AaABAg.96OUbZ6Bg2596OVL1Ln5Ka,Ugx9klCmanmZlLmOJyx4AaABAg,True,@kimsuho2184,@@renrenrenrenrenren ؟!بيب شي طبيعي اكول مثل هذا الشي ميعجبج اتخطي،التعليق اوك؟!!,0,2020-03-19T16:21:50Z,2020-03-19T16:21:50Z
Ugx9klCmanmZlLmOJyx4AaABAg.96OUbZ6Bg2596OVq4fbuaf,Ugx9klCmanmZlLmOJyx4AaABAg,True,@renrenrenrenrenren,@@kimsuho2184 *نرفزني،اتسك*,0,2020-03-19T16:26:13Z,2020-03-19T16:26:13Z
Ugx9klCmanmZlLmOJyx4AaABAg.96OUbZ6Bg2596OXr81HFjP,Ugx9klCmanmZlLmOJyx4AaABAg,True,@chanyeolwife3360,@@renrenrenrenrenren ماكو داعي تتدخلين واذا ماعجبج التعليق لا تردين عليه وبعدين وين الادراما بالموضوع هي جاي تكول انو دعمو سوهو ف لا تدخلين بشي مايخصج هي حره بتعليقها شتكتب تكتب لا تتدخلين اوك مثل ما انتي تكتبين الي يعجبج هي هم تكتب والتطفل مالتكم عوفو وبدال ما تكولين دراما وماعرف شنو روحي اهتم بشؤونج,1,2020-03-19T16:43:50Z,2020-03-19T17:14:12Z
Ugx9klCmanmZlLmOJyx4AaABAg.96OUbZ6Bg2596OY98RtV2j,Ugx9klCmanmZlLmOJyx4AaABAg,True,@kimsuho2184,@@chanyeolwife3360فدديتت اتمنى تكون العالم كلها مثلج,0,2020-03-19T16:46:26Z,2020-03-19T17:14:09Z
UgwpeKdV_MQGas3Mn_Z4AaABAg,,False,@sabikonaeh,🥰🥰🥰,0,2020-03-19T16:15:28Z,2020-03-19T16:15:28Z
Ugwp43CUtKQHaVtw9Bt4AaABAg,,False,@ohvishva0142,Suho is the most handsome leader in kpop..,8,2020-03-19T16:15:21Z,2020-03-19T16:15:21Z
Ugx7ti2YtwGLOztwDfB4AaABAg,,False,@exomeon3212,So precious our leader,0,2020-03-19T16:15:17Z,2020-03-19T16:15:17Z
Ugx_j8uN1_04USyiEc94AaABAg,,False,@mickeilarodriguez5009,Raza... voy a lloraaaar😢😭😭😭 Suho,0,2020-03-19T16:15:04Z,2020-03-19T16:15:04Z
UgwQs_GQUnA5cM5feNh4AaABAg,,False,@kimsuho2184,يلااااا الكل يخلي لايكاتت من كل حساباتكمممم يلااااا,1,2020-03-19T16:14:55Z,2020-03-19T16:35:25Z
UgyJS1cEl0heIXdJl8J4AaABAg,,False,@parkmahar7806,"سوهو وسامتك ما تمزح 
بليز شوي شوي ع قلبي~.~♡♡",2,2020-03-19T16:14:53Z,2020-03-19T16:14:53Z
UgxMknZ2YOWitVjDHqB4AaABAg,,False,@zyxz-lz3qx,Этот мужчина очаровывает своей красотой..,0,2020-03-19T16:14:37Z,2020-03-19T16:14:37Z
Ugzyr1myK6ojBplF00Z4AaABAg,,False,@darlene_155,Good to heart💓,0,2020-03-19T16:14:33Z,2020-03-19T16:14:33Z
UgwND9AKlF-HWLbTQYZ4AaABAg,,False,@kimsuho2184,بنات لا جد ادعمووو سوهووووو بأقوى ماعدكممممم,0,2020-03-19T16:14:27Z,2020-03-19T16:14:27Z
UgxbURr52-vyswuLA9J4AaABAg,,False,@veelmurugu,let's love exo-l 😘,0,2020-03-19T16:14:22Z,2020-03-19T16:14:22Z
Ugx79oJdVLUCBuoKbrV4AaABAg,,False,@baellifluous8465,Suho deserves everything 💛,0,2020-03-19T16:14:12Z,2020-03-19T16:14:12Z
UgyXNIulRgRUboWusIN4AaABAg,,False,@elcinanjani6085,"Astaga leader😍😍😍
Tanggung jawab aku jadi tambah bucin😄😄",0,2020-03-19T16:14:06Z,2020-03-19T16:14:06Z
Ugw63yp2vN0uTLeDDBR4AaABAg,,False,@user-dy3gb5vf9z,"#SUHOARCHIVE20 
#SUHO_STORY",0,2020-03-19T16:14:05Z,2020-03-19T16:14:05Z
Ugy5RyO3yqcUAmhwset4AaABAg,,False,@baellifluous8465,Amaxing,0,2020-03-19T16:13:42Z,2020-03-19T16:13:42Z
Ugzofzm7U-_wnjj66dl4AaABAg,,False,@itsjsvm1205,💖🎶,0,2020-03-19T16:13:39Z,2020-03-19T16:13:39Z
Ugz4jSgiAAHSRgAuuVB4AaABAg,,False,@araikakim8113,Сухоо🇰🇿🇰🇿🇰🇿❤❤❤🔥,0,2020-03-19T16:13:30Z,2020-03-19T16:13:30Z
UgyVkzORNWdhcsF52pZ4AaABAg,,False,@kathlenesalino6307,BEAUTIFUL. FANTASTIC. AMAZING.,0,2020-03-19T16:13:30Z,2020-03-19T16:13:30Z
Ugws31YS8iejLKbK4HF4AaABAg,,False,@natasyaafifa710,papi suhoo :( why you soo freaking handsome!?,0,2020-03-19T16:13:29Z,2020-03-19T16:13:29Z
UgyVxmgQDq648Rgf5cJ4AaABAg,,False,@zozakyngsoo3386,Ilove you suho love you so much  i  love you for Leif 😭💜💙💜💙💜💙💜💙💜,0,2020-03-19T16:13:16Z,2020-03-19T16:13:16Z
UgysdrW0-LKS6vIMmZt4AaABAg,,False,@suchexiukim3715,Saranghae!!,0,2020-03-19T16:13:13Z,2020-03-19T16:13:13Z
UgxKZH9k1QJfG6n5ZDZ4AaABAg,,False,@myeoncotton,Un rotundo y completo ángel ^^,0,2020-03-19T16:13:13Z,2020-03-19T16:13:13Z
UgzStYYg_E2ye4kBl0F4AaABAg,,False,@ingrid6962,"This is so different, obsession and this master piece are two different worlds and I love it",0,2020-03-19T16:13:13Z,2020-03-19T16:13:13Z
Ugx4eS7Psa2wiDBaTPN4AaABAg,,False,@rukiyesar8454,"turkey exo l suho lovy
.)",0,2020-03-19T16:13:01Z,2020-03-19T16:13:01Z
UgzZBWJKLQ45e6j66214AaABAg,,False,@myeoncotton,Su rostro es el ejemplo exacto de un ángel ♡,0,2020-03-19T16:12:44Z,2020-03-19T16:12:44Z
UgwcGI3y6bu-CFEhCEN4AaABAg,,False,@kimsuho2184,اللشامةةةةة يا نااسسسسسس,1,2020-03-19T16:12:43Z,2020-03-19T16:12:43Z
UgxXGF2LsvaV_5N6geR4AaABAg,,False,@hj816,Wow,0,2020-03-19T16:12:32Z,2020-03-19T16:12:32Z
Ugxq7PW1R1QDXAOgeIN4AaABAg,,False,@kimsuho2184,الششاااامممممههههههه الثاااانننييييةةةةةةة,0,2020-03-19T16:12:28Z,2020-03-19T16:12:28Z
UgycduX4EGWmgwwOthB4AaABAg,,False,@merfatmohamed2970,Perfeeect 💛 I'm so excited 💚,0,2020-03-19T16:12:24Z,2020-03-19T16:12:24Z
UgycduX4EGWmgwwOthB4AaABAg.96OUFrbDFPw96OUQfT6lTG,UgycduX4EGWmgwwOthB4AaABAg,True,@renrenrenrenrenren,"*Delete the emoji!!* 
*احذفي الايموجي بليززز يختييي-خي* *!!!*",0,2020-03-19T16:13:52Z,2020-03-19T16:13:52Z
Ugws2BF-Wbx2Df7X6WF4AaABAg,,False,@이화-g5o,얼굴 실화냐고 저게 사람이냐고,2,2020-03-19T16:12:16Z,2020-03-19T16:12:16Z
Ugx3t0XA5LNEO8Fbsl14AaABAg,,False,@kimsuho2184,يممااااااا شنووووووووو الشااامممممههههههههه,0,2020-03-19T16:12:11Z,2020-03-19T16:12:11Z
UgxlGpJTFIZcZUc_N3h4AaABAg,,False,@Mosasos,I love you and you will be very successful for your great work I assure you 🥺💖,0,2020-03-19T16:12:11Z,2020-03-19T16:12:11Z
UgyGerEGHxHv3b7rW5N4AaABAg,,False,@سلامعليكم-ش9ر,"*اليوتيوب يحذف*
*الاكسوالز يستخدمون الايموجي* 
*لي سومان يبيع وتجيك وحد تقول ليش* *مشاهدات اكسو قليله*",1,2020-03-19T16:12:00Z,2020-03-19T16:12:00Z
UgyGerEGHxHv3b7rW5N4AaABAg.96OUCvPE1GI96OUH0dpRsD,UgyGerEGHxHv3b7rW5N4AaABAg,True,@renrenrenrenrenren,*قسمم كلشوي انب.ح عشان مايحطوا بس مافي فايدده!!*,0,2020-03-19T16:12:33Z,2020-03-19T16:12:33Z
UgyGerEGHxHv3b7rW5N4AaABAg.96OUCvPE1GI96OUdGxBCFC,UgyGerEGHxHv3b7rW5N4AaABAg,True,@سلامعليكم-ش9ر,@@renrenrenrenrenren مافي اييي فايده والله تعبت بس اقولهم لا يحطون الايموجي ويرجعون يحطون الايموجي,0,2020-03-19T16:15:44Z,2020-03-19T16:15:44Z
UgyFYzkJ_msLtWySwB94AaABAg,,False,@noranamayrann9096,VISUAL KING Leader-nim! ♡,0,2020-03-19T16:11:55Z,2020-03-19T16:11:55Z
Ugz56Q4e21V7aW9S4-F4AaABAg,,False,@kimsuho2184,عععزززززززهههههههههههههههههههه,0,2020-03-19T16:11:52Z,2020-03-19T16:11:52Z
UgyCYiblpqA0FE-Kt5l4AaABAg,,False,@تَقاويِہ-س5ن,"*فديےـتہ ارنوب الاكسوال .. الملاك الحارس الخاص بالاكسوال .. قائد فرقة الملوك*
*اختيار الامة .. اوما سوهو .. اكسو سوهو ♡. ""*",81,2020-03-19T16:11:39Z,2020-03-19T16:11:39Z
UgyCYiblpqA0FE-Kt5l4AaABAg.96OUAQJSAxR96OjVzVAdqP,UgyCYiblpqA0FE-Kt5l4AaABAg,True,@user-wu6vk8wt4r,"مرحبا انا  ارمي او اريد اصير اكسوز ممكن اتعلموني اسمائهم او بعض المعلومات عنهم

او ممكن انصير عائله يعني الاكسوز والارمي",4,2020-03-19T18:34:24Z,2020-03-19T18:34:24Z
UgyCYiblpqA0FE-Kt5l4AaABAg.96OUAQJSAxR96OkD8O11vP,UgyCYiblpqA0FE-Kt5l4AaABAg,True,@تَقاويِہ-س5ن,"@@user-wu6vk8wt4r 
*يب اكيد حياتي اهلا وسهلا فيكي بالفاندوم المرعبب ♡.،*
*اكسو 12 عضو ♡*
*لوهان .. كريس .. شيومين .. سوهو .. لاي .. بيكهيون .. تشين .. تشانيول .. دي او .. تاو .. كاي .. سيهون ♡*
*أإأذأإأ تريدي تعرفي معلومات اكثر لآزٍمٍ تحضري فيديوهات عنهم ♡،. ،، واذا تحتاجين اي مساعدة انا وكل الاكسوال موجودين .. انتيي بس اسألي حياتيي ♡*",5,2020-03-19T18:40:34Z,2020-03-19T18:40:34Z
UgyCYiblpqA0FE-Kt5l4AaABAg.96OUAQJSAxR96Osu5jm6J7,UgyCYiblpqA0FE-Kt5l4AaABAg,True,@EXO악수,"@@user-wu6vk8wt4r 
ياااا فدوة اهلا وسهلا بيج حبي 
اكسوال ❤😎😎",2,2020-03-19T19:56:29Z,2020-03-19T19:56:29Z
UgzxSKMuaKvJewpDyJd4AaABAg,,False,@kimsuho2184,عزززززههههه,0,2020-03-19T16:11:38Z,2020-03-19T16:11:38Z
UgyxzaHYAAx04ZS88Wt4AaABAg,,False,@mkl3513,Art Personified,0,2020-03-19T16:11:30Z,2020-03-19T16:11:30Z
UgwJWfzzFqURQtba7OJ4AaABAg,,False,@Samy.10VE,I'm sooo excited 😭😍❤,0,2020-03-19T16:11:11Z,2020-03-19T16:11:11Z
UgwJWfzzFqURQtba7OJ4AaABAg.96OU7-sceAL96OUAAA4mIT,UgwJWfzzFqURQtba7OJ4AaABAg,True,@renrenrenrenrenren,*pls without emoji(:*,0,2020-03-19T16:11:37Z,2020-03-19T16:11:43Z
Ugysy26CPgJfGJpWGCZ4AaABAg,,False,@altangulay2813,Suhoo,0,2020-03-19T16:10:56Z,2020-03-19T16:10:56Z
UgyT89bkMM7Ki1V-kQZ4AaABAg,,False,@guaanguaan4136,احبك سيهون اوبا احبك,2,2020-03-19T16:10:54Z,2020-03-19T16:10:54Z
UgwiAaAy572sjaGOnSV4AaABAg,,False,@marychristinerazon2305,AAAAAAAAAAAAAAAAAAAAAAAAAAAAAAAAAAAAA,0,2020-03-19T16:10:43Z,2020-03-19T16:10:43Z
UgxOmPhzEwK9x3rxwQ94AaABAg,,False,@fleabaging,the album's gonna be a total bop,0,2020-03-19T16:10:30Z,2020-03-19T16:10:30Z
UgzTJmqvR50sy6-9OWN4AaABAg,,False,@mawygarcia3406,Wow es hermoso  lo amo,0,2020-03-19T16:09:50Z,2020-03-19T16:09:50Z
UgyMeJCxcMfpQtyZhuJ4AaABAg,,False,@lizcruz8368,Lo espero con ansias su mini album ❤️❣️❤️❣️😍😍😍🌹,0,2020-03-19T16:09:48Z,2020-03-19T16:09:48Z
UgyMeJCxcMfpQtyZhuJ4AaABAg.96OTxnA2msc96OU105FY2s,UgyMeJCxcMfpQtyZhuJ4AaABAg,True,@renrenrenrenrenren,*delete the emonji plss!!!*,0,2020-03-19T16:10:22Z,2020-03-19T16:10:22Z
Ugy3DfkYKcD4MJfKFpR4AaABAg,,False,@dubekkk461,Yo yo yo yo yo uri leader,0,2020-03-19T16:09:23Z,2020-03-19T16:09:23Z
UgxRTNSeTY2I0HyZXUR4AaABAg,,False,@nesrinhusin6241,بتجنن,0,2020-03-19T16:09:14Z,2020-03-19T16:09:14Z
UgwcpLPqbYsI2yx7AK14AaABAg,,False,@viviv4144,suho سوهو,1,2020-03-19T16:09:13Z,2020-03-19T16:09:13Z
UgyMqJSjmZGVy_V3zVB4AaABAg,,False,@ranyaboughalem7582,Good luck,0,2020-03-19T16:09:11Z,2020-03-19T16:09:11Z
Ugyec-bMuP9LTbst9nh4AaABAg,,False,@nesrinhusin6241,يا قلبي,0,2020-03-19T16:09:09Z,2020-03-19T16:09:09Z
UgzEeMbwhqDejoxpoWl4AaABAg,,False,@nesrinhusin6241,ميونييي,0,2020-03-19T16:08:57Z,2020-03-19T16:08:57Z
UgyukoH0Fbu4hxBCmOR4AaABAg,,False,@허-j8x,준며나 너무 잘생겼다>< 사랑해,1,2020-03-19T16:08:23Z,2020-03-19T16:08:23Z
UgxYtam4RHnCVVCUVWh4AaABAg,,False,@jungwoowonhouwu2150,I'm so excited owoo,1,2020-03-19T16:08:23Z,2020-03-19T16:08:23Z
UgzeEWbR9p53qsqDkyN4AaABAg,,False,@omalifathi5664,"Why did he so beautiful...
I really love him T-T",0,2020-03-19T16:08:10Z,2020-03-19T16:08:10Z
Ugzxnwpghjj-t_8n8J94AaABAg,,False,@parkhyun-ae3182,Esse homem é muito perfeito ✊,0,2020-03-19T16:08:06Z,2020-03-19T16:08:06Z
Ugzxnwpghjj-t_8n8J94AaABAg.96OTlOZPTx396OWIxgKmGX,Ugzxnwpghjj-t_8n8J94AaABAg,True,@dkkkk7191,"Sem dúvidas,um deus ele,quer matar nós kk",1,2020-03-19T16:30:18Z,2020-03-19T16:30:18Z
UgzCf4K0l8yyn0UKMTp4AaABAg,,False,@tutajbaubau,I am waiting,0,2020-03-19T16:07:42Z,2020-03-19T16:07:42Z
UgxOXP19_dSvgD1VXTd4AaABAg,,False,@myuntcha150,He is perfect man he is really really amazing,0,2020-03-19T16:07:20Z,2020-03-19T16:07:20Z
UgxOaJuSnZq0ssWZWQ14AaABAg,,False,@spoopyjhope,suho ♥️,0,2020-03-19T16:07:06Z,2020-03-19T16:07:06Z
UgxOaJuSnZq0ssWZWQ14AaABAg.96OTe2NyGzP96OTw7CMY4Y,UgxOaJuSnZq0ssWZWQ14AaABAg,True,@renrenrenrenrenren,*delete the emoji!!*,0,2020-03-19T16:09:34Z,2020-03-19T16:09:34Z
UgxOaJuSnZq0ssWZWQ14AaABAg.96OTe2NyGzP96OUL5O1tIe,UgxOaJuSnZq0ssWZWQ14AaABAg,True,@spoopyjhope,@@renrenrenrenrenren Ummm why?,0,2020-03-19T16:13:07Z,2020-03-19T16:13:07Z
Ugz1X_N171VHYZM-VfJ4AaABAg,,False,@mycandy8828,Suho,0,2020-03-19T16:06:55Z,2020-03-19T16:06:55Z
Ugx7zzTnhPDkFP73-Ql4AaABAg,,False,@anairamt5694,"Cada Vez mas emocionada, esta melodía me provoca que se acerca algo maravilloso, el tiempo antes de que pase algo extraordinario, ya cuento los días para acompañarte y apoyarte en estar a tu lado cumpliendo tu sueño y ver que se esta haciendo realidad, desde el otro lado del mundo en México compartiendo sueños",0,2020-03-19T16:06:50Z,2020-03-19T16:06:50Z
UgyjeqNwKYnFoCHL-ap4AaABAg,,False,@sunnysideup3521,His precious moles are everywhere 💞☺️🥰,0,2020-03-19T16:06:41Z,2020-03-19T16:06:41Z
UgxBov7W-2TblnL_49J4AaABAg,,False,@adelliaaprrr4186,I can't wait😍❤️❤️,0,2020-03-19T16:06:34Z,2020-03-19T16:06:34Z
UgxBov7W-2TblnL_49J4AaABAg.96OTaC7bIJi96OTnKj5wAf,UgxBov7W-2TblnL_49J4AaABAg,True,@آنجل-ت6ن,*delete the emojiss!!*,0,2020-03-19T16:08:22Z,2020-03-19T16:08:22Z
UgwKN2oHOpc3ARd6BHN4AaABAg,,False,@lucariolemmy9340,If the background music is the title track or at least one of the songs of this album imma shat myself it’s toooo goooood,0,2020-03-19T16:06:34Z,2020-03-19T16:06:34Z
UgyTsqPZ0sQFzblz-FR4AaABAg,,False,@zvzbzbvxx,He is a prince lost in desert,0,2020-03-19T16:06:32Z,2020-03-19T16:06:32Z
UgymCRCpgJ_8vj8HrvJ4AaABAg,,False,@danyelsalve9313,Love you oppa Suho❤ the beat leader ever😭❤😍,0,2020-03-19T16:06:26Z,2020-03-19T16:06:26Z
UgzCePuKfvwn4ZOEhed4AaABAg,,False,@lforeverex3233,تكفون مسحوا الأيموجيييي يجمد المشاهدات باليزززز,17,2020-03-19T16:06:13Z,2020-03-19T16:07:33Z
Ugw0oWDFZshYEHSZyiJ4AaABAg,,False,@AzimaKuspangaliyeva,🥺❤️❣️❣️❣️❣️❣️❣️❣️,0,2020-03-19T16:06:12Z,2020-03-19T16:06:12Z
UgxHwdPqaD7rc8qecd54AaABAg,,False,@sarifitriah3113,Junmyeon is art,0,2020-03-19T16:06:02Z,2020-03-19T16:06:57Z
UgwUodmLlvDL1sheB694AaABAg,,False,@yara_exo1065,My heart,0,2020-03-19T16:05:59Z,2020-03-19T16:05:59Z
Ugxq1JMwE5fmjEvCm6x4AaABAg,,False,@krizylmoreno7233,Literally scream on its one second.   Beautiful guardian. Let's love. Forever myeon.  #EXO #SUHO,0,2020-03-19T16:05:54Z,2020-03-19T16:05:54Z
UgwyjzfLqp4yf8cAIZ54AaABAg,,False,@maribel2681,by god the day is getting closer,0,2020-03-19T16:05:52Z,2020-03-19T16:05:52Z
UgxutfDMZvWimMaY3NJ4AaABAg,,False,@ameliaprincessaprasetiyo2054,"Damn, I REALLY LOVE HIM",0,2020-03-19T16:05:47Z,2020-03-19T16:05:47Z
UgyQS9Odny1bjYvTYDJ4AaABAg,,False,@user-mx2ky6yo3x,Art,0,2020-03-19T16:05:40Z,2020-03-19T16:05:40Z
UgyjK_d4esOrWIeFBKZ4AaABAg,,False,@shixunwife9858,So ethereal 💫,0,2020-03-19T16:05:32Z,2020-03-19T16:05:32Z
Ugy0M5DOxHfoaN2KxIR4AaABAg,,False,@Ray-uo9uz,اعشششششقققق هل فيديو,0,2020-03-19T16:05:28Z,2020-03-19T16:05:28Z
UgzJBRxj2Q9J9vsZYWV4AaABAg,,False,@babechannie.3402,"PERFEITO MEU NENÉM 
BRAZIL LOVES SUHO ♡",0,2020-03-19T16:04:58Z,2020-03-19T16:04:58Z
UgzJBRxj2Q9J9vsZYWV4AaABAg.96OTPSxY-2696OWOqThrog,UgzJBRxj2Q9J9vsZYWV4AaABAg,True,@dkkkk7191,"Ele quer matar nós,ui",1,2020-03-19T16:31:06Z,2020-03-19T16:31:06Z
UgzJBRxj2Q9J9vsZYWV4AaABAg.96OTPSxY-2696OWRZtGbOH,UgzJBRxj2Q9J9vsZYWV4AaABAg,True,@dkkkk7191,Quero o do Baek agora,1,2020-03-19T16:31:28Z,2020-03-19T16:31:28Z
UgzJBRxj2Q9J9vsZYWV4AaABAg.96OTPSxY-2696OWazUw8_b,UgzJBRxj2Q9J9vsZYWV4AaABAg,True,@babechannie.3402,@@dkkkk7191 eu também aaaa,0,2020-03-19T16:32:53Z,2020-03-19T16:32:53Z
UgyAyqKxrxFzwe_MzkZ4AaABAg,,False,@alaiflower2977,TAN GUAPOOOOOO ♥️♥️😭😭😭😭😭,0,2020-03-19T16:04:50Z,2020-03-19T16:04:50Z
UgyNEWr3YEUIm7UpXQ14AaABAg,,False,@ohsehunexo1335,اجمل تيسر لاجمل ماما,0,2020-03-19T16:04:38Z,2020-03-19T16:04:38Z
UgykAMR4_KDbozahutp4AaABAg,,False,@alaiflower2977,I LOVE YOU 😭😭😭😭♥️♥️♥️♥️,0,2020-03-19T16:04:38Z,2020-03-19T16:04:38Z
UgzcY8TUcftDJvi5_Nd4AaABAg,,False,@angelica998,"Junmyeon ❤️
EXO L",0,2020-03-19T16:04:33Z,2020-03-19T16:04:33Z
UgxMVGo3Qj2rfU2rnQF4AaABAg,,False,@alaiflower2977,SUHO IS SO HANDSOME,0,2020-03-19T16:04:26Z,2020-03-19T16:04:26Z
UgxuFvK4k666Xs9gaXl4AaABAg,,False,@alaiflower2977,ARTEEEEEEEEEE,0,2020-03-19T16:04:15Z,2020-03-19T16:04:15Z
UgzKLWIm8lC5tDwWMJN4AaABAg,,False,@silviasilva3634,Realmente estoy muy orgullosa de Suho El es un hermoso ser humano aparte de ser un gran lider y artista se merece lo mejor de esté mundo.,1,2020-03-19T16:04:11Z,2020-03-19T16:04:11Z
UgwqAniOIj4nhvVeBkB4AaABAg,,False,@Daisye327,SUHO👉❤🐰🕊👑,0,2020-03-19T16:04:07Z,2020-03-19T16:04:07Z
UgzUyK4mvDTJSHnjqu14AaABAg,,False,@민유진-l1i,ㄹㅇ ㅁ명화,0,2020-03-19T16:04:05Z,2020-03-19T16:04:05Z
UgyK_xvSZSmMAjzt2Ep4AaABAg,,False,@kim-wh1th,EXOited to leadernim solo album❤,0,2020-03-19T16:03:57Z,2020-03-19T16:03:57Z
Ugx-4NRQAYK3S4CkNcl4AaABAg,,False,@munesamiri6356,😭😭😭❤,0,2020-03-19T16:03:50Z,2020-03-19T16:03:50Z
Ugzj7GydO4yEfYAw2_Z4AaABAg,,False,@lona.3931,لوحة فنية اسمها كيم جونميون,0,2020-03-19T16:03:46Z,2020-03-19T16:03:46Z
UgwqJCrGhDEYLORtZvp4AaABAg,,False,@민유진-l1i,구두구국구ㅜ둑구ㅜ꾿굳구둑둑ㄱ,0,2020-03-19T16:03:45Z,2020-03-19T16:03:45Z
Ugw91WaHBNVH60Tz5294AaABAg,,False,@aisarosent2818,sayangggg,0,2020-03-19T16:03:44Z,2020-03-19T16:03:44Z
Ugxjwcgov1QuZVXGsad4AaABAg,,False,@Daisye327,بتوفيق سوهو,0,2020-03-19T16:03:42Z,2020-03-19T16:03:42Z
UgyjqU1Orc--BZD10414AaABAg,,False,@SH-mx3rr,So excited for our leader,0,2020-03-19T16:03:33Z,2020-03-19T16:03:33Z
UgwHZQiqVqqxDNldV9p4AaABAg,,False,@angie_exol,❤💛💜💚💙♥️,0,2020-03-19T16:03:20Z,2020-03-19T16:03:20Z
Ugz70cAKcOR8wx6HhVd4AaABAg,,False,@rodyL8412,"I watched it in the normal speed and in 0.5 speed and in 0.25 speed, Daibak!
No like seriously WOW!",0,2020-03-19T16:03:18Z,2020-03-19T16:03:18Z
UgzbwN5lbokK-gAiGUR4AaABAg,,False,@xuan_09-L,"Love you so much, our artist Kim Junmyeon♡",0,2020-03-19T16:03:13Z,2020-03-19T16:03:13Z
Ugxadr1FcBA6tHGWp7l4AaABAg,,False,@clarajudithgallardoemma1468,"Nos esta deleitando con hermosas fotos y videos en este debut solitario 
Parece un principe 😍
#SUHOARCHIVE18 
#SELF_PORTRAIT 
#김준면 #수호 #SUHO #金俊勉 #スホ @weareoneEXO #EXO",1,2020-03-19T16:03:01Z,2020-03-19T16:03:01Z
Ugxadr1FcBA6tHGWp7l4AaABAg.96OTBC541UW96ObzIM9ZvA,Ugxadr1FcBA6tHGWp7l4AaABAg,True,@danyahf2282,No emoje,0,2020-03-19T17:28:38Z,2020-03-19T17:28:38Z
Ugxadr1FcBA6tHGWp7l4AaABAg.96OTBC541UW96OzsK3s51q,Ugxadr1FcBA6tHGWp7l4AaABAg,True,@nvnvex9,Plz delete the emojis,0,2020-03-19T20:57:24Z,2020-03-19T20:57:24Z
UgyyqSunATMDda5WunN4AaABAg,,False,@jenniejumpol8262,Suho es arte ❤️,1,2020-03-19T16:02:54Z,2020-03-19T16:02:54Z
UgyyqSunATMDda5WunN4AaABAg.96OTAHjdNFv96Ocn9Ysc_R,UgyyqSunATMDda5WunN4AaABAg,True,@danyahf2282,Delete the emoji please,0,2020-03-19T17:35:43Z,2020-03-19T17:35:43Z
UgylSCruspf3Gg9b9N94AaABAg,,False,@whitesoul2107,OUR ANGEL LOVE UUUUUU,0,2020-03-19T16:02:53Z,2020-03-19T16:02:53Z
Ugxc4nu0gz18ykteNzx4AaABAg,,False,@박이박이차돌박이-o5v,하ㅠㅠ 김준면 할렐루야 준멘 너무 사랑해 처음부터 끝까지 다 캡처했어ㅠㅠ오래 빨리나오면 좋겟다 외모 미쳤고 옷 입은 거 다 찰떡이고 왕자님 납셨다 토끼나라왕자님 납셨다🐇❤🧡💛💚💙💜,2,2020-03-19T16:02:50Z,2020-03-19T16:02:50Z
UgyiiwRgUiYTI-alrBJ4AaABAg,,False,@_maybenabaa,"Guys, please wipe off and do not put the emoji because it freezes the views. I am tired and I am writing these words to all the exo_l who put emoji.
يارفاق ، من فضلكم امسحوا ولا تضعوا الإيموجي لأنه يجمد المشاهدات.  أنا تعبت و انا أكتب هذه الكلمات لجميع exo_l الذين وضعوا الرموز التعبيرية.",3,2020-03-19T16:02:19Z,2020-03-19T16:02:19Z
UgwaXuEyFbAqvNe96ON4AaABAg,,False,@dydhk6783,สุดยอดดดดด,0,2020-03-19T16:02:16Z,2020-03-19T16:02:16Z
UgyOOS__BQy67cTJ8Dd4AaABAg,,False,@ワカメ太郎-x1c,スホーーー❤,0,2020-03-19T16:02:14Z,2020-03-19T16:02:14Z
UgydWQHx1zZoivCeMgJ4AaABAg,,False,@Yuyinkyome,"Please everyone get ready to support our beautiful leader with everything
#Suho
#EXO
#ExolStandWith9
#WeareoneEXO",0,2020-03-19T16:02:14Z,2020-03-19T16:02:14Z
Ugz0wh1EcMiOse-AX2h4AaABAg,,False,@junmyeonkim9606,You're so handsome SUHO,0,2020-03-19T16:02:04Z,2020-03-19T16:02:04Z
UgzgfFaFQ6MNbLI74ah4AaABAg,,False,@kimdua7701,ياويليي جماله,0,2020-03-19T16:02:02Z,2020-03-19T16:02:02Z
UgzcKYvDqLa8RtL2X7Z4AaABAg,,False,@عبداللهجاسم-ذ9ل,سوهووو ليه كذا جمييلل💜💜,1,2020-03-19T16:01:59Z,2020-03-19T16:01:59Z
UgzducbnYNXSwMcKiLV4AaABAg,,False,@ismynoviastuti,WOW (◕ᴗ◕✿),0,2020-03-19T16:01:48Z,2020-03-19T16:01:48Z
UgwTN7mPXOGQ3x6IcYZ4AaABAg,,False,@ririphantomhive,"look at those moles. so fucking beautiful. love you lots, junmyeon.",0,2020-03-19T16:01:46Z,2020-03-19T16:01:46Z
UgxFDy2sEACvGQKKTHN4AaABAg,,False,@سموالأميره-ط8ذ,I love Eixo,0,2020-03-19T16:01:37Z,2020-03-19T16:01:37Z
UgwPNRIDkv3lw12aOD14AaABAg,,False,@zamirahernandez7296,I love you,1,2020-03-19T16:01:36Z,2020-03-19T16:01:36Z
UgxiEOa4uP_-WBlyvzh4AaABAg,,False,@jia4948,I can smell AlOTY,0,2020-03-19T16:01:31Z,2020-03-19T16:01:31Z
UgxjQrg6ZdrzEOwY9vB4AaABAg,,False,@gangtaynauanhinhchimcanhcu2386,cottonboi really does suit this concept 🥵😤❤️,0,2020-03-19T16:01:20Z,2020-03-19T16:01:20Z
Ugxs3V4gat3rXrjAhoh4AaABAg,,False,@loveshotnananana5292,Junmyunah,0,2020-03-19T16:01:18Z,2020-03-19T16:01:18Z
UgwQmoZbLELo3GEp0up4AaABAg,,False,@loveshotnananana5292,Junmyunah,0,2020-03-19T16:01:15Z,2020-03-19T16:01:15Z
UgxLkNgp2afMA9o0EKJ4AaABAg,,False,@ValensiagaKim,"Art is closer guys, King is closer👌🏻",1,2020-03-19T16:01:09Z,2020-03-19T16:01:09Z
Ugxi3GdQKLunQAhiPz94AaABAg,,False,@meralakoglu605,Bu ne böyle ya kalpten gitmeme az kaldı yemin ediyorum bak 😍😍😍❤❤❤ Turkısh EXO-L,0,2020-03-19T16:00:58Z,2020-03-19T16:00:58Z
UgzvDX89wxYYmKFqMhJ4AaABAg,,False,@manar9006,متاكدين انه بشري مو ملاك؟؟,0,2020-03-19T16:00:52Z,2020-03-19T16:00:52Z
Ugw3F6_UpLzn1B58UZ54AaABAg,,False,@baekhyunbyun8436,He's so beautiful,1,2020-03-19T16:00:50Z,2020-03-19T16:00:50Z
UgxUuWE1q8MviJ8LpbJ4AaABAg,,False,@-juniper-7928,♥♥♥♥♥♥,0,2020-03-19T16:00:46Z,2020-03-19T16:00:46Z
UgyQW98gsOXajrDCtc54AaABAg,,False,@riskay4756,"Omg u so handsome.  I miss u and member Exo. 
We are one.",0,2020-03-19T16:00:44Z,2020-03-19T16:00:44Z
Ugxwtx1Bcx-w7n_cDL54AaABAg,,False,@shruti1550,So beautiful I collapsed,0,2020-03-19T16:00:43Z,2020-03-19T16:00:43Z
UgzJMgOO_ZbEOTaUGxl4AaABAg,,False,@junmyeonkim9606,"Gosh
Can't wait",0,2020-03-19T16:00:42Z,2020-03-19T16:00:42Z
UgyKgYrp71mbhv4hD4R4AaABAg,,False,@numberxs_,vos no seras el amor de mi vida?,0,2020-03-19T16:00:27Z,2020-03-19T16:00:27Z
UgxYchUBfWLQT-lyI6t4AaABAg,,False,@quynhduong9281,my blue is myeon 💙💙💙,0,2020-03-19T16:00:24Z,2020-03-19T16:00:24Z
Ugz2C4sBa2fWdU6anXF4AaABAg,,False,@rarayeeechannel5635,Suhooo,0,2020-03-19T16:00:07Z,2020-03-19T16:00:07Z
Ugwf2enP9z1cJBOvFeR4AaABAg,,False,@hm295,I love you,0,2020-03-19T15:59:57Z,2020-03-19T15:59:57Z
Ugw0taLhC27SsTVYz2F4AaABAg,,False,@kimima9516,Wow,0,2020-03-19T15:59:53Z,2020-03-19T15:59:53Z
UgxYpPkT0JUK7_CYBS94AaABAg,,False,@lindapachuau9341,Love you suho😘😘😘💞💞💞,0,2020-03-19T15:59:42Z,2020-03-19T15:59:42Z
Ugwme9xegEhhRLZiBAR4AaABAg,,False,@parast09,He has his own colors and now is creating a beautiful canvas. Artist Kim Juncotton,7,2020-03-19T15:59:38Z,2020-03-19T15:59:38Z
UgzF_9ssTjAzmif2vVl4AaABAg,,False,@meralakoglu605,So Handsome 😍😍❤❤❤ Turkısh EXO-L,3,2020-03-19T15:59:37Z,2020-03-19T15:59:37Z
UgzF_9ssTjAzmif2vVl4AaABAg.96OSnG4CGKQ96OmEmQtBiu,UgzF_9ssTjAzmif2vVl4AaABAg,True,@saramohammad96,No emoji,0,2020-03-19T18:58:16Z,2020-03-19T18:58:16Z
UgzF_9ssTjAzmif2vVl4AaABAg.96OSnG4CGKQ96OmG2vsTkR,UgzF_9ssTjAzmif2vVl4AaABAg,True,@saramohammad96,Delete your emoji pls,0,2020-03-19T18:58:27Z,2020-03-19T18:58:27Z
UgwPfI-ekKGxvpZR7VV4AaABAg,,False,@hibalaka8539,انا متحمسة كثيرا 🌺🌺🌺,1,2020-03-19T15:59:34Z,2020-03-19T15:59:34Z
UgxW_WtxWuwJa0OuDO54AaABAg,,False,@erahsaerah7308,Visual nya ya  ampun bikin saya lemah;'),2,2020-03-19T15:59:32Z,2020-03-19T15:59:32Z
UgzWiO39xPOU2bOeHZd4AaABAg,,False,@derydy9971,too beautiful my god,1,2020-03-19T15:59:23Z,2020-03-19T15:59:23Z
Ugw-M7VoA_BbMNzZZIB4AaABAg,,False,@Ruby-wk4sj,Suho keren abis 👍👍👍,1,2020-03-19T15:59:09Z,2020-03-19T15:59:09Z
Ugz2R_6gdc_vYGqJjnF4AaABAg,,False,@carluuta,💓💓💓,0,2020-03-19T15:58:53Z,2020-03-19T15:58:53Z
UgyDldmUjvPJQjVcIbt4AaABAg,,False,@dandansgi,야...기다릴맛난다 진짜 준면아 요즘 너때문에 하루하루가 행복해...ㅜㅠㅠㅠ,5,2020-03-19T15:58:48Z,2020-03-19T15:58:48Z
Ugz3gJeEb4p5ZhxRcUR4AaABAg,,False,@TheGreatPlasticBeach,Im not readyyyy,1,2020-03-19T15:58:47Z,2020-03-19T15:58:47Z
UgyW5QkBoepWBeG1U9B4AaABAg,,False,@nouvincent5528,كيم آرت ميون..  We are so proud of you,85,2020-03-19T15:58:45Z,2020-03-19T15:58:45Z
UgyW5QkBoepWBeG1U9B4AaABAg.96OSgsDhPuO96Oj4aqKXms,UgyW5QkBoepWBeG1U9B4AaABAg,True,@Ya3navi,کیم آرت میون 😭👌,2,2020-03-19T18:30:40Z,2020-03-19T18:30:40Z
Ugz036mAHCJRVILA32x4AaABAg,,False,@miten01,So handsome😍😍😍,1,2020-03-19T15:58:35Z,2020-03-19T15:58:35Z
UgzWFgQyD5JuAlvHW7F4AaABAg,,False,@adriana1334,Te amo,1,2020-03-19T15:58:29Z,2020-03-19T15:58:29Z
UgyKxOw6aXGjHbuqq814AaABAg,,False,@maha6310,Good💛💛,2,2020-03-19T15:58:28Z,2020-03-19T15:58:28Z
UgzStvRKuHPsG5_ReGl4AaABAg,,False,@exo-lforever464,أنا بعيش أجمل أيام حياتي بسبب جونميون,14,2020-03-19T15:58:27Z,2020-03-19T15:58:45Z
Ugy0SP66OYuTN7Al0iB4AaABAg,,False,@annal8753,Im so proud of you babe.. lets love fighthing,1,2020-03-19T15:58:27Z,2020-03-19T15:58:27Z
UgwbF6YZqIS2ZErncRN4AaABAg,,False,@farxinura8152,"Hello beautiful
We can't wait to hear you.",2,2020-03-19T15:58:26Z,2020-03-19T15:58:26Z
Ugx5zLwONvoBRKllC8J4AaABAg,,False,@paolaluciafernandez4462,Beautiful 😍...I love Him .,2,2020-03-19T15:58:25Z,2020-03-19T15:58:25Z
Ugx5zLwONvoBRKllC8J4AaABAg.96OSeTi9-qC96Od1LBJ5F5,Ugx5zLwONvoBRKllC8J4AaABAg,True,@danyahf2282,Delete emoji please we are one,0,2020-03-19T17:37:48Z,2020-03-19T17:37:48Z
Ugy7MGPVVzPJxqyhEOp4AaABAg,,False,@isabellesantos6371,Ai vei eu te amo pra caralho,1,2020-03-19T15:58:24Z,2020-03-19T15:58:24Z
Ugy7MGPVVzPJxqyhEOp4AaABAg.96OSeL763sN96OWje80Qxp,Ugy7MGPVVzPJxqyhEOp4AaABAg,True,@dkkkk7191,"Como diz aquele coiso ""que homem,que homem""",0,2020-03-19T16:34:05Z,2020-03-19T16:34:05Z
UgyXP4JZzVMEtiSvOSJ4AaABAg,,False,@leidyperalta8412,Waoooooo just Wao,1,2020-03-19T15:58:11Z,2020-03-19T15:58:11Z
UgzvpI00HP2oof-Gxrt4AaABAg,,False,@kimfayzo4917,تعقيم بصري,2,2020-03-19T15:58:11Z,2020-03-19T15:58:11Z
UgyS6hOXHBq_-zq7Uph4AaABAg,,False,@EXOismylife-mg8yv,Yaaaaasssssssss,0,2020-03-19T15:58:10Z,2020-03-19T15:58:10Z
UgyVGghxR4iP8lKSIF54AaABAg,,False,@EXOismylife-mg8yv,KIM JUNMEON WORLD DOMINATION,4,2020-03-19T15:58:02Z,2020-03-19T15:58:02Z
UgyUeZv_ETPsru4RnId4AaABAg,,False,@naghamelali8058,Love you  ❤💖,1,2020-03-19T15:57:57Z,2020-03-19T15:57:57Z
UgxagotZmx_50JOZSvB4AaABAg,,False,@atriae4746,cant waitt!!??!!,1,2020-03-19T15:57:47Z,2020-03-19T15:57:47Z
UgwBE_xncfJqSl6iREh4AaABAg,,False,@EXOismylife-mg8yv,IS THAT ART??,0,2020-03-19T15:57:41Z,2020-03-19T15:57:41Z
UgyEc4a2ixDgmoRBbR14AaABAg,,False,@prisheilamargareth2062,Neomu aesthetic 💞,0,2020-03-19T15:57:37Z,2020-03-19T15:57:37Z
UgzZl2cYb2GtYUeM17N4AaABAg,,False,@ccarameljelly8858,This is our leader,1,2020-03-19T15:57:30Z,2020-03-19T15:57:30Z
UgyOL5WorlCb9O9zplB4AaABAg,,False,@parkheewon3monbebe577,بالتوفيق انشاء الله suho,4,2020-03-19T15:57:27Z,2020-03-19T15:57:27Z
Ugwsjev3hh92FtIZLvx4AaABAg,,False,@deemelgar4991,"Okay! Looks like we really getting a Suho version of Coldplay, Maroon 5 and Bruno Mars all in one. I am not complaining tho, my eyes are so full and my ears can't wait to hear this masterpiece!",5,2020-03-19T15:57:19Z,2020-03-19T15:57:19Z
UgxgAYddI3V6SGmAgod4AaABAg,,False,@ayo6664,وسيممممم,0,2020-03-19T15:57:16Z,2020-03-19T15:57:16Z
Ugw-ymsUVBIxQW5aDcR4AaABAg,,False,@akhirajordao3399,Love from Brazil!,0,2020-03-19T15:57:01Z,2020-03-19T15:57:01Z
Ugw-ymsUVBIxQW5aDcR4AaABAg.96OSV8Z87Jo96OWnvrGqkG,Ugw-ymsUVBIxQW5aDcR4AaABAg,True,@dkkkk7191,E aii br,1,2020-03-19T16:34:40Z,2020-03-19T16:34:40Z
UgxBrmNTmnjMOFdBuLZ4AaABAg,,False,@aeri6328,He deserves the whole world but the whole world don't deserves him,42,2020-03-19T15:56:57Z,2020-03-19T15:56:57Z
UgwXSY8D4oq7TUAk7FZ4AaABAg,,False,@christina6935,Ganteng banget sih mas,0,2020-03-19T15:56:53Z,2020-03-19T15:56:53Z
UgwDSurrKM3ZxWoxRfx4AaABAg,,False,@mmmmlondon,SUHO 😍,0,2020-03-19T15:56:37Z,2020-03-19T15:56:37Z
UgxLybQpsSfg04dWMjR4AaABAg,,False,@kimfayzo4917,قائدنا العظيم,0,2020-03-19T15:56:28Z,2020-03-19T15:56:28Z
UgzjxB0xmrIh3CsSxM94AaABAg,,False,@sofeaadlyn1255,"i literally thought it said ""self promotion"" HAHAHAHAH",2,2020-03-19T15:56:20Z,2020-03-19T15:56:20Z
UgygtkCFi_pSbULfNgR4AaABAg,,False,@bhellemotley,Leadernim is so beautiful.. His visual is so perfect. Oh oh this video made everyone more excited.. Can't wait anymore 🤗🤗🤗🤗❤️❤️❤️,0,2020-03-19T15:56:20Z,2020-03-19T15:56:20Z
UgydUDg9l0TBjnxKC1N4AaABAg,,False,@byunbaekhyun3219,"#SUHO_IS_COMING i really cannot wait my love #SUHO #EXO 
EXO kings of in the world forever 💪💪@weareoneEXO",0,2020-03-19T15:56:19Z,2020-03-19T15:56:19Z
Ugwz57L2PvXAAUVVXjF4AaABAg,,False,@damlau.6574,"Junmyeonie, you're art.",0,2020-03-19T15:56:15Z,2020-03-19T15:56:15Z
UgxLRRUqLDKEHOAMiQ14AaABAg,,False,@김소향-t8h,조온나 잘생겼다...,1,2020-03-19T15:56:14Z,2020-03-19T15:56:14Z
UgxRJP3HGpRSMqJ0gyZ4AaABAg,,False,@khusnulalmunawaroh2533,"Oppa suho adalah leader terbaik, patut dicontoh. Dan begitulah aku jatuh cinta pada nya",0,2020-03-19T15:56:07Z,2020-03-19T15:56:07Z
UgyGis7gLAV98n0VOPJ4AaABAg,,False,@deyanaa6524,Eres el príncipe que siempre quise Jungmyeon ❤❤🐰,3,2020-03-19T15:55:53Z,2020-03-19T15:55:53Z
UgyGis7gLAV98n0VOPJ4AaABAg.96OSMrOdEYl96OUrDdp0ki,UgyGis7gLAV98n0VOPJ4AaABAg,True,@raghada5610,Delete emoji please,0,2020-03-19T16:17:38Z,2020-03-19T16:17:38Z
UgyGZBMKIRR08ONjuPR4AaABAg,,False,@owlrose2855,"Hair dark as ebony, skin fair as snow, lips red as rose.
Snow white who?? I only know Suho.",3,2020-03-19T15:55:50Z,2020-03-19T15:55:50Z
UgzjbJK8T1xW6ecVRCt4AaABAg,,False,@Moraeasigye,"SE VE TAN HERMOSO ES UN ÁNGEL, SU ÁLBUM SERÁ UNA INCREÍBLE OBRA DE ARTE SE VE TAN LINDÓ LO AMO......",115,2020-03-19T15:55:29Z,2020-03-19T15:55:29Z
UgzjbJK8T1xW6ecVRCt4AaABAg.96OSK1S04lt96OZss6vR7U,UgzjbJK8T1xW6ecVRCt4AaABAg,True,@arianna7922,DESPUÉS DE EL ÁLBUM SE IRA AL SERVICIO MILITAR NOOOO LPM LLORO,3,2020-03-19T17:01:33Z,2020-03-19T17:01:33Z
UgzjbJK8T1xW6ecVRCt4AaABAg.96OSK1S04lt96Ocr1WkY7s,UgzjbJK8T1xW6ecVRCt4AaABAg,True,@ely9813,El comentario que necesitaba de Dios suho🌻💜💜🐰,1,2020-03-19T17:36:15Z,2020-03-19T17:36:15Z
UgzjbJK8T1xW6ecVRCt4AaABAg.96OSK1S04lt96OlTgY-Pc4,UgzjbJK8T1xW6ecVRCt4AaABAg,True,@danyahf2282,@@ely9813  delete emoji please we are one,0,2020-03-19T18:51:34Z,2020-03-19T18:51:34Z
UgzjbJK8T1xW6ecVRCt4AaABAg.96OSK1S04lt96OmZR2-9KR,UgzjbJK8T1xW6ecVRCt4AaABAg,True,@ss-sd1rk,Confirmadisimo,1,2020-03-19T19:01:05Z,2020-03-19T19:01:05Z
UgzjbJK8T1xW6ecVRCt4AaABAg.96OSK1S04lt96OpygNkaAv,UgzjbJK8T1xW6ecVRCt4AaABAg,True,@joselinc.d7852,@@arianna7922 noooo porque tiene que irse al servicio militar no quiero :(,0,2020-03-19T19:30:53Z,2020-03-19T19:30:53Z
Ugw0dEkdjdpJI6V83FJ4AaABAg,,False,@bbhpcy-ju1ih,Perfct leader🙂🤗🤗🤗🤗😍😍😍😍😍,1,2020-03-19T15:55:23Z,2020-03-19T15:55:23Z
Ugy-F8GKJRrgutPyhel4AaABAg,,False,@damlau.6574,My leader is the best,1,2020-03-19T15:55:21Z,2020-03-19T15:55:21Z
Ugxw6wn1CaqTHMNlrQh4AaABAg,,False,@ethereal_loey,I can't wait to listen to his heavenly voice,6,2020-03-19T15:55:18Z,2020-03-19T15:55:18Z
UgyH5Bxm97uvc4WB08V4AaABAg,,False,@Srirahayu-vq5oj,❤❤,0,2020-03-19T15:55:08Z,2020-03-19T15:55:08Z
UgyrWy6d9FfDPIVG1tt4AaABAg,,False,@حيدراسماعيل-ص9ر,Exo.l,1,2020-03-19T15:55:03Z,2020-03-19T15:55:03Z
Ugz-vUxjeSXRk8eTMkp4AaABAg,,False,@lvlike7728,"Suho is the beauty man,, very artistic I love and support you forever",1,2020-03-19T15:54:55Z,2020-03-19T15:54:55Z
Ugy2ePl_tfjuTQGuPs14AaABAg,,False,@jimin2806,لآآآ خلللصـ بمـوووووت شـنووو هہآلجمـآآآآل 😭😭😭,0,2020-03-19T15:54:55Z,2020-03-19T15:54:55Z
Ugy2ePl_tfjuTQGuPs14AaABAg.96OSFqsY0Wj96OSOie95wK,Ugy2ePl_tfjuTQGuPs14AaABAg,True,@_maybenabaa,ممكن تمسحي الايموجي عشانه يجمد المشاهدات,0,2020-03-19T15:56:08Z,2020-03-19T15:56:08Z
UgzuN4Z1B_Ydcz6yAUF4AaABAg,,False,@mariabithynia7978,"Junmyeon my first love 💜
 EXO",2,2020-03-19T15:54:55Z,2020-03-19T15:55:13Z
UgzuN4Z1B_Ydcz6yAUF4AaABAg.96OSFpeK9u296OmWELQNWz,UgzuN4Z1B_Ydcz6yAUF4AaABAg,True,@saramohammad96,طب delete your emoji,0,2020-03-19T19:00:39Z,2020-03-19T19:00:39Z
Ugz514Fmf0CBRHgAkIN4AaABAg,,False,@ปรารถนา-พ9บ,รอไม่ไหวแล้ววววว,1,2020-03-19T15:54:41Z,2020-03-19T15:54:41Z
Ugy4D70gk1ulV-ao6al4AaABAg,,False,@ellimac4001,I love you Suho oppaaaa,0,2020-03-19T15:54:29Z,2020-03-19T15:54:29Z
UgzVDstC116AK1Cx4bZ4AaABAg,,False,@astricahyaningrum8589,"Uwuu... Ganteng sekali, hoho",0,2020-03-19T15:54:24Z,2020-03-19T15:54:24Z
Ugw9tyarnEAmoybmXJV4AaABAg,,False,@امابراهيم-ك4ت,😚😚,0,2020-03-19T15:54:19Z,2020-03-19T15:54:19Z
UgwJD78uf7dCHtq_SOh4AaABAg,,False,@peachybaes,Awwww ucucuucucuucl,0,2020-03-19T15:54:17Z,2020-03-19T15:54:17Z
Ugwz1O2HLUmJHnFdzKR4AaABAg,,False,@aeri6328,"I actually blushed when I saw his face,this is how attractive he is",12,2020-03-19T15:54:03Z,2020-03-19T15:54:03Z
UgzYQTiUiXaS9mXV3It4AaABAg,,False,@parkheewon3monbebe577,"I love  you suho
❤️❤️❤️❤️",1,2020-03-19T15:53:58Z,2020-03-19T15:53:58Z
UgzqQod6SnrkWOAQo_F4AaABAg,,False,@jocelynoregeljimenez1575,Love Suho,0,2020-03-19T15:53:55Z,2020-03-19T15:53:55Z
Ugxrr2ddUITqIk46xzJ4AaABAg,,False,@dca8164,He looks mature. How young he was in Overdose mv stand in members knees. He was very small cute star that days.❤,59,2020-03-19T15:53:48Z,2020-03-19T15:54:29Z
Ugxrr2ddUITqIk46xzJ4AaABAg.96OS7aI0Fd196OUe7I6sLk,Ugxrr2ddUITqIk46xzJ4AaABAg,True,@raghada5610,Delete emoji please,0,2020-03-19T16:15:51Z,2020-03-19T16:15:51Z
UgzlaFplA3VJC3A8gXV4AaABAg,,False,@alexasinon6626,Wey yo me veo el comercial por si el dinero que ganan con este video una parte se la dan al SUHO XDD,0,2020-03-19T15:53:47Z,2020-03-19T15:53:47Z
Ugwh2jsmtlfEvn4f6Lx4AaABAg,,False,@curtain0143,His visuals...,0,2020-03-19T15:53:37Z,2020-03-19T15:53:37Z
UgwffqNqrJDPkyf8lxZ4AaABAg,,False,@isibin,CTMMMM,0,2020-03-19T15:53:24Z,2020-03-19T15:53:24Z
UgwTaP22NRZF56BVxg14AaABAg,,False,@이시은-r5w,우리 준면 너무 소중해,1,2020-03-19T15:53:23Z,2020-03-19T15:53:23Z
Ugwn95MR1SzJs9IhjMB4AaABAg,,False,@srasuli8772,Prince 👑,0,2020-03-19T15:53:22Z,2020-03-19T15:53:22Z
Ugzmqlua5bzrkJV2s114AaABAg,,False,@خَيالُالنُجوم-ش1ح,"You're the best leader ever , you're the best mother ever , you're our sun , you're our light , you're our hope , you're everything for us .
ARAB EXOL .",0,2020-03-19T15:53:21Z,2020-03-19T15:53:21Z
UgynKqBH0Yhlgv3LZgF4AaABAg,,False,@abeersowan7633,Love you suho,0,2020-03-19T15:53:11Z,2020-03-19T15:53:11Z
Ugy5J2W_CIU1MrZLCWR4AaABAg,,False,@شهد-ع8ر4ز,"0:01 
هذي نظره ولا رصاصه؟ TT",16,2020-03-19T15:53:06Z,2020-03-19T15:53:06Z
Ugy5J2W_CIU1MrZLCWR4AaABAg.96OS2Xy2aLD96OlmsUPYEQ,Ugy5J2W_CIU1MrZLCWR4AaABAg,True,@kaisooalnali4706,"هذي love shot
هههههههههههه",0,2020-03-19T18:54:20Z,2020-03-19T18:54:20Z
Ugy5J2W_CIU1MrZLCWR4AaABAg.96OS2Xy2aLD96U8tUD7nE9,Ugy5J2W_CIU1MrZLCWR4AaABAg,True,@شهد-ع8ر4ز,"kaisoo alnali 
ههههههههههههههههههههههههههههههههه",1,2020-03-21T21:01:09Z,2020-03-21T21:01:09Z
UgyWEhurBYNJkwjsSqd4AaABAg,,False,@aldoooo5201,수호 야 사랑해😭,1,2020-03-19T15:53:01Z,2020-03-19T15:53:01Z
UgxOLgKosIcMkWkRnNl4AaABAg,,False,@manarwathik3402,احب اكسو احب بتس احب بلاك بينك,0,2020-03-19T15:52:52Z,2020-03-19T15:52:52Z
Ugy6IGzsQVeHaJjeODl4AaABAg,,False,@ppdfbulat8239,Ballad?,0,2020-03-19T15:52:50Z,2020-03-19T15:52:50Z
UgxPcUkUuP_Tsksa4xx4AaABAg,,False,@duongnguyen8675,💜,0,2020-03-19T15:52:49Z,2020-03-19T15:52:49Z
UgyybYASRNu8GzaQQF94AaABAg,,False,@sitiseptiani1950,Ganteng amat woy,0,2020-03-19T15:52:48Z,2020-03-19T15:52:48Z
UgweRoTTNrh38XAIqo94AaABAg,,False,@dannavelasquez7861,Thank you for existing Kim Junmyeon,0,2020-03-19T15:52:47Z,2020-03-19T15:52:47Z
UgyWHXZHLgSiuhcHrXN4AaABAg,,False,@skolastikadania9989,We love you🖤😭,0,2020-03-19T15:52:45Z,2020-03-19T15:52:45Z
UgwXcNtfLdHAnU0PxS94AaABAg,,False,@L--yn3vj,Our King❤️❤️.,0,2020-03-19T15:52:20Z,2020-03-19T15:52:20Z
UgxEYvyZQYQdOplTOHJ4AaABAg,,False,@nurulazizah6629,I loveeeeee youuuuuu,0,2020-03-19T15:52:17Z,2020-03-19T15:52:17Z
Ugz69v419DKwxbPCwAZ4AaABAg,,False,@cherry5695,Good job cutie cotton,0,2020-03-19T15:52:17Z,2020-03-19T15:52:17Z
UgxY5FccBNrAZBerU7p4AaABAg,,False,@HelenRocky,Hola que divino se ve SUHO es genial excelente cantante tiene mucho talento siempre hermoso.,0,2020-03-19T15:52:08Z,2020-03-19T15:52:08Z
Ugz0iyrQtDy9VIBqU5B4AaABAg,,False,@trangchan4290,🙆‍♀️🙆‍♀️🙆‍♀️💋,0,2020-03-19T15:52:08Z,2020-03-19T15:52:08Z
Ugy39QwGNL_rmJ5Zzbd4AaABAg,,False,@tsawmka292,🙆,1,2020-03-19T15:52:01Z,2020-03-19T15:52:01Z
UgyFeMHuqYHkrEnn3Ep4AaABAg,,False,@rukiasbankaii,"Album  of the year, Artist of the Year, Suho of the Year",0,2020-03-19T15:51:58Z,2020-03-19T15:51:58Z
Ugzp22owdzAeAakblZZ4AaABAg,,False,@hisnameislay37,جماله😍 تعقييييييم,2,2020-03-19T15:51:57Z,2020-03-19T15:51:57Z
UgwazLh9VRLV1zigSVh4AaABAg,,False,@annisanurfitri2005,😚,0,2020-03-19T15:51:52Z,2020-03-19T15:51:52Z
UgywRQsKMX-37D-frsR4AaABAg,,False,@sofroniocatanyag8918,baby😍💕,0,2020-03-19T15:51:40Z,2020-03-19T15:51:40Z
Ugxv2wyngxRgkje0hi54AaABAg,,False,@aylinkanaeva7261,King👑,0,2020-03-19T15:51:34Z,2020-03-19T15:51:34Z
Ugxb6I7hMcBbQztb7fB4AaABAg,,False,@julissaguerrero3472,Arteeeee,0,2020-03-19T15:51:32Z,2020-03-19T15:51:32Z
UgyacNZnaK16kIeQJ9x4AaABAg,,False,@Sweden040,미친...,0,2020-03-19T15:51:32Z,2020-03-19T15:51:32Z
UgxDuG_DPaINN8Gb3bN4AaABAg,,False,@온새미로-c9x,수호의 첫 개인 앨범 많이 기대 하고 있어요!!! 앞으로도 멋진 가수 계속 계속 해주세요 엑소엘이 응원할게요:),1,2020-03-19T15:51:31Z,2020-03-19T15:51:31Z
Ugz_sfEfDq2tJC_rZjN4AaABAg,,False,@happpppy48,준면아 정말 사랑하고 고마워 너의 노력이 빛날 수 있게 내가 할 수 있는 건 다 할게 사랑해❤,1,2020-03-19T15:51:31Z,2020-03-19T15:51:31Z
UgxkcIbDLDfF7Yn9of94AaABAg,,False,@Benjamin-xm5jt,Handsome,0,2020-03-19T15:51:28Z,2020-03-19T15:51:28Z
UgwfY-opzstxdfzTIwB4AaABAg,,False,@j.castelo,"i'm getting so many coldplay vibes,,,,,, i love it! <3",0,2020-03-19T15:51:26Z,2020-03-19T15:51:26Z
UgzB3Fo8eAEpN39UIBN4AaABAg,,False,@01자화상,He's really the king...,0,2020-03-19T15:51:22Z,2020-03-19T15:51:22Z
UgxsdQ8zyybrQx-VZNB4AaABAg,,False,@НастяГалич-щ5ю,"Ты прям как искусство, не могу оторваться, люблю ❤️",0,2020-03-19T15:51:16Z,2020-03-19T15:51:16Z
Ugy9NNLYfo80BUU_VkV4AaABAg,,False,@steffannyoliveira5401,"Estou tão ansiosa, não vejo a hora de finalmente escutar esse hino. 😍❤️",0,2020-03-19T15:51:10Z,2020-03-19T15:51:10Z
Ugy9NNLYfo80BUU_VkV4AaABAg.96ORpLw95Rt96OWw6FTfe6,Ugy9NNLYfo80BUU_VkV4AaABAg,True,@dkkkk7191,É nós,1,2020-03-19T16:35:47Z,2020-03-19T16:35:47Z
Ugy9NNLYfo80BUU_VkV4AaABAg.96ORpLw95Rt96OcxwNNem1,Ugy9NNLYfo80BUU_VkV4AaABAg,True,@danyahf2282,Delete emoji please we are one,0,2020-03-19T17:37:12Z,2020-03-19T17:37:12Z
UgyKsHVz8R9t6cr0NBV4AaABAg,,False,@gutierrezbranandrea226,It sounds amazing leader!!!!! ❤️❤️❤️ We love you so much❤️❤️❤️,0,2020-03-19T15:51:02Z,2020-03-19T15:51:02Z
UgwYQkjlBOm4APFnNhN4AaABAg,,False,@aylinkanaeva7261,👑👑👑👑👑👑👑👑👑👑👑👑,0,2020-03-19T15:50:58Z,2020-03-19T15:50:58Z
UgzJlZdEO7B9PpAd0o54AaABAg,,False,@ilaydakvrak953,Our leader..... ❤️,0,2020-03-19T15:50:51Z,2020-03-19T15:50:51Z
UgzX-nJMcpoEDkNM3gV4AaABAg,,False,@enjiyi9426,진짜 너무 멋있다ㅠㅠ,1,2020-03-19T15:50:49Z,2020-03-19T15:50:49Z
UgzOyBh3JHq2THVadsp4AaABAg,,False,@lilo5605,"واحد اجنبي يسال:

 انتوا ليش كل ما حد يسالكم شي
 تجاوبوهم بسوال ؟

رد : من قالك؟؟ 


ARAB EXO -L",30,2020-03-19T15:50:47Z,2020-03-19T15:50:47Z
UgzOyBh3JHq2THVadsp4AaABAg.96ORmZWsftb96OWEBS8Mhk,UgzOyBh3JHq2THVadsp4AaABAg,True,@zainobya,😹,1,2020-03-19T16:29:39Z,2020-03-19T16:29:39Z
UgzOyBh3JHq2THVadsp4AaABAg.96ORmZWsftb96OZ9UvVmD5,UgzOyBh3JHq2THVadsp4AaABAg,True,@Noone068,متتت,1,2020-03-19T16:55:13Z,2020-03-19T16:55:13Z
UgzOyBh3JHq2THVadsp4AaABAg.96ORmZWsftb96ObgfkilW3,UgzOyBh3JHq2THVadsp4AaABAg,True,@exo-lforever9505,ههههه,1,2020-03-19T17:26:06Z,2020-03-19T17:26:06Z
Ugw7ZbnzU1z-ohcctnh4AaABAg,,False,@نورالحياة-خ7ز,🌺😃😃,0,2020-03-19T15:50:46Z,2020-03-19T15:50:46Z
UgwlT2jPBTqEuLabFUd4AaABAg,,False,@aylinkanaeva7261,😍😍😍😍😍😍😍😍😍😍,0,2020-03-19T15:50:43Z,2020-03-19T15:50:43Z
Ugz_4_agNIIbOhJDc1V4AaABAg,,False,@thiarebrizuela420,Me encanta este wn:(( 🥺👉🏻👈🏻,0,2020-03-19T15:50:43Z,2020-03-19T15:50:43Z
UgwFfmPsl18An_5sWEN4AaABAg,,False,@pinopurr,i cant wait for your album,0,2020-03-19T15:50:38Z,2020-03-19T15:50:38Z
UgyDFAUiXgV7OIFsMIV4AaABAg,,False,@narsila,"it's getting better with every teaser,can't wait for the album:)",0,2020-03-19T15:50:34Z,2020-03-19T15:50:34Z
UgzfhCwIU5_PZUu9xX14AaABAg,,False,@wulandevy8120,"HWAITING SUHO, WE ARE LOVE U",0,2020-03-19T15:50:33Z,2020-03-19T15:50:33Z
UgzNsM5L2t-F6vVOgJ14AaABAg,,False,@vivieka3455,수호 오빠!!,0,2020-03-19T15:50:32Z,2020-03-19T15:50:32Z
Ugzr562FzIASaD0fy2p4AaABAg,,False,@steffannyoliveira5401,Tão precioso 🥺❤️,2,2020-03-19T15:50:31Z,2020-03-19T15:50:31Z
Ugzr562FzIASaD0fy2p4AaABAg.96ORkdSJ4fN96OmTLiHR3l,Ugzr562FzIASaD0fy2p4AaABAg,True,@saramohammad96,No emoji pls delete it,0,2020-03-19T19:00:16Z,2020-03-19T19:00:16Z
UgzzRpNGi8tv-aYMedF4AaABAg,,False,@brendavelazquezmartinez5860,❤❤❤❤,0,2020-03-19T15:50:25Z,2020-03-19T15:50:25Z
UgzQvPlInykzTiHMKwl4AaABAg,,False,@Noor-hb7ur,"يارباه احنا كل يوم ننجلط بسبب هالتحديثات اللي تفتح النفس
اكسوال لايك وبدون سمايلات بليز",0,2020-03-19T15:50:17Z,2020-03-19T15:50:17Z
UgwxvXRUtBmx74QPzix4AaABAg,,False,@khaoulamejri2785,Wowww,0,2020-03-19T15:50:05Z,2020-03-19T15:50:05Z
Ugwl5ad1F7pMUsR6lsB4AaABAg,,False,@hanifahbbaale6394,Suho ❤️❤️❤️❤️❤️Arab exol,0,2020-03-19T15:50:05Z,2020-03-19T15:50:05Z
UgwaNn_TaMt7dk4iTGt4AaABAg,,False,@user-my2mi7mz1q,TURKEY,0,2020-03-19T15:49:53Z,2020-03-19T15:49:53Z
Ugyw8kAgHhcX9JndqyV4AaABAg,,False,@양양-t9p,미모 best luxury unbelievable 존엄,0,2020-03-19T15:49:49Z,2020-03-19T15:49:49Z
UgywM9rTQG8yQLlsvBl4AaABAg,,False,@risnawati1135,Bapak kapas ku -,0,2020-03-19T15:49:46Z,2020-03-19T15:49:46Z
UgypWHAV-TDXW3s4QrB4AaABAg,,False,@mareloey496,나는 노래에 대해 너무 흥분.,0,2020-03-19T15:49:36Z,2020-03-19T15:49:36Z
Ugy1fBVD5KRnROkb95p4AaABAg,,False,@Fearless31,El concepto es realmente hermoso! Parece una pintura~,1,2020-03-19T15:49:23Z,2020-03-19T15:49:23Z
Ugw3O3YYGjgPVS5YeCV4AaABAg,,False,@duda7681,🇧🇷🇧🇷🇧🇷🇧🇷🇧🇷,0,2020-03-19T15:49:05Z,2020-03-19T15:49:05Z
Ugy63yCnBZIDyTxh5uB4AaABAg,,False,@parekhnandeeni3377,Omgggggggg suho oppaaaaaaaaaaaa ❤❤❤❤❤❤❤❤❤❤❤❤❤❤❤❤❤❤❤❤❤❤❤❤❤❤❤❤,0,2020-03-19T15:49:05Z,2020-03-19T15:49:05Z
UgzoZCsrpEj0RSFiZXp4AaABAg,,False,@annycastro9,eu me arrepiei,0,2020-03-19T15:48:59Z,2020-03-19T15:48:59Z
UgxULRw-sgCItHzz5wZ4AaABAg,,False,@noorelhoudamedjadji9196,THIS IS SO BEAUTIFUL 😭😭😭😭😭😭😭,0,2020-03-19T15:48:54Z,2020-03-19T15:48:54Z
UgxD-71kZwQQEgV5kwx4AaABAg,,False,@balancedreams6828,I expect sm.ent to take interest in him more,0,2020-03-19T15:48:45Z,2020-03-19T15:48:45Z
Ugw0ZWQQ_9zODFx5tHh4AaABAg,,False,@xobeleny,Suho is the definition of perfect. Like how can anybody just not fall in love? He is our best leader and such a warm person. I appreciate all of the time and effort he does to work  for the group and for the fans <3,319,2020-03-19T15:48:42Z,2020-03-19T15:48:42Z
Ugw0ZWQQ_9zODFx5tHh4AaABAg.96ORYGSMwhq96OZpdRblgA,Ugw0ZWQQ_9zODFx5tHh4AaABAg,True,@carinohbohorat5882,YAASSSSS!!,2,2020-03-19T17:01:06Z,2020-03-19T17:01:06Z
Ugw0ZWQQ_9zODFx5tHh4AaABAg.96ORYGSMwhq96OfPjvYwLb,Ugw0ZWQQ_9zODFx5tHh4AaABAg,True,@aleezahaleem1114,Yes! Can't wait for 30th of March.,0,2020-03-19T17:58:36Z,2020-03-19T17:58:36Z
Ugw0ZWQQ_9zODFx5tHh4AaABAg.96ORYGSMwhq96OijPRi4Tg,Ugw0ZWQQ_9zODFx5tHh4AaABAg,True,@xobeleny,@@aleezahaleem1114 Ikr! Can't wait for his album <3,0,2020-03-19T18:27:38Z,2020-03-19T18:27:38Z
Ugw0ZWQQ_9zODFx5tHh4AaABAg.96ORYGSMwhq96OlMs3t6NA,Ugw0ZWQQ_9zODFx5tHh4AaABAg,True,@xobeleny,@@nusratjahan6651 ??? I never said he was the ONLY best leader. Suho and RM are both good leaders,2,2020-03-19T18:50:38Z,2020-03-19T18:50:38Z
Ugzu8Gn0_Yr8wY75zU54AaABAg,,False,@이남주-i1y,얼굴에 있는 점까지 .. 완벽하네요 신이 하나하나 정확한 위치에 놔둔.. 아 준면이가 신이었지.. 진짜 나의 마스터피스 수호를 언제나 응원하고 사랑하고 지지합니다 알러뷰..😚😚,1,2020-03-19T15:48:37Z,2020-03-19T15:48:37Z
Ugzu8Gn0_Yr8wY75zU54AaABAg.96ORXivP_Y596Od04E5Dws,Ugzu8Gn0_Yr8wY75zU54AaABAg,True,@danyahf2282,Delete emoji please we are one,0,2020-03-19T17:37:37Z,2020-03-19T17:37:37Z
UgxjqkzajEMcI0gpwDt4AaABAg,,False,@karengaldamez468,Me encanta 😍😍😍,0,2020-03-19T15:48:32Z,2020-03-19T15:48:32Z
Ugzm-hDD3bI6FKrmui94AaABAg,,False,@noorelhoudamedjadji9196,Y'all he can't be real when y'all going to understand... This suho is an angel he's not from our world khfffhygcc he's unreal I swear to god,12,2020-03-19T15:48:26Z,2020-03-19T15:48:26Z
UgyrbnF0Hq0k1NQZe9B4AaABAg,,False,@wikicooksofficial,Can’t wait,0,2020-03-19T15:48:23Z,2020-03-19T15:48:23Z
Ugwba2_m9WXIHn_GVvN4AaABAg,,False,@hyunee7868,"انا متحمسة جداً للالبوم 





اكسوالز  رجاءً احذفو الايموجي لانها  تجمد المشاهدات 
Exo-l's please don't put the emoji because it freezes views",7,2020-03-19T15:48:23Z,2020-03-19T15:49:27Z
UgxhzC9qVamyp9BlQAN4AaABAg,,False,@dokyungiesoo389,This already sounds so good,0,2020-03-19T15:47:58Z,2020-03-19T15:47:58Z
UgxwwYE7YexHCAkQ-1d4AaABAg,,False,@nurfitriani4440,I can't wait!!,1,2020-03-19T15:47:43Z,2020-03-19T15:47:43Z
UgyOrzdmZqdRcJKjgmp4AaABAg,,False,@on_yourdream,준면아 얼굴능력치 기준치 초과했다...너무 초과했어...,1,2020-03-19T15:47:42Z,2020-03-19T15:47:42Z
UgyGOeSqRGRlaFzuslx4AaABAg,,False,@Aser22311,just im in shock what about you With just one word,0,2020-03-19T15:47:35Z,2020-03-19T15:47:35Z
Ugyr4JsQY-eQ8WvMb6l4AaABAg,,False,@nayadetrodriguez7690,Yes!!! leader 💕,0,2020-03-19T15:47:30Z,2020-03-19T15:47:30Z
UgxiUQ6V0NWykUSttQZ4AaABAg,,False,@noorelhoudamedjadji9196,My precious leader ya rabi 😭😭😭😭,0,2020-03-19T15:47:24Z,2020-03-19T15:47:24Z
UgxvMPJeLniq50KFaqF4AaABAg,,False,@nayadetrodriguez7690,This is going to be amazing!!!!,0,2020-03-19T15:47:20Z,2020-03-19T15:47:20Z
Ugzyw8Z0XXCkOVHE7GN4AaABAg,,False,@noorelhoudamedjadji9196,I'm dead dead dead dead dead dead 😭😭😭😭😭😭😭,0,2020-03-19T15:47:09Z,2020-03-19T15:47:09Z
Ugz36XSTuo0BBUCvG1x4AaABAg,,False,@mijjoing,그래......내가 원하던 그 무드야....약간 긴 머리에 사실 진짜 천사지만 진짜 신같은 그런 몽환적이 무드..,3,2020-03-19T15:47:00Z,2020-03-19T15:47:00Z
UgwuGKKZgTKk-ciQqth4AaABAg,,False,@henisayu6518,Thank you so much uri leader,0,2020-03-19T15:46:59Z,2020-03-19T15:46:59Z
UgwcnAwokC3iHCefq-B4AaABAg,,False,@honi809,Wooaahh😭💖💖💖,0,2020-03-19T15:46:57Z,2020-03-19T15:46:57Z
UgwU-YYS016n-DsFIrN4AaABAg,,False,@mariammimi4225,اكسوالز العرب اثبتو وجودكم):,0,2020-03-19T15:46:57Z,2020-03-19T15:46:57Z
UgwhmTagoiTHIeMkHB14AaABAg,,False,@henisayu6518,"I REALLY LIKE THIS
HE IS SO HANDSOME :')))",0,2020-03-19T15:46:45Z,2020-03-19T15:46:45Z
Ugx2Tbvxt4L6aQ9rTWJ4AaABAg,,False,@sofivaldez19,"Ay mi amoooor, estoy tan orgullosa de el :'3",4,2020-03-19T15:46:44Z,2020-03-19T15:46:44Z
UgwpfLSSzKIe16b3tlR4AaABAg,,False,@nanaexoforever2430,"We are one 
Let's love
Always 9 ots",0,2020-03-19T15:46:42Z,2020-03-19T15:46:42Z
Ugzevr2ZpRW11oalfdd4AaABAg,,False,@gizemliben8741,"Takipteyim seni Suho....
Merakla bekliyorum....
EXO L TÜRKİYE 🇹🇷",0,2020-03-19T15:46:42Z,2020-03-19T15:46:42Z
UgylD026OzQB1-m7Jv94AaABAg,,False,@mariammimi4225,سوهوووووووووو الحب):,12,2020-03-19T15:46:38Z,2020-03-19T15:46:38Z
Ugyq3TU6QVO89Rc1bu14AaABAg,,False,@marrymj5982,Junmyeon is Perfection!❤🐰🐰🐰❤❤❤,0,2020-03-19T15:46:32Z,2020-03-19T15:46:32Z
UgyJowF_-Zr6HgWpY654AaABAg,,False,@kimjunmeunexoweareone2012,My loooooveee...and my lifeee😭,0,2020-03-19T15:46:32Z,2020-03-19T15:46:32Z
UgzgLBMC0h8EMwHgdT94AaABAg,,False,@아린-s2q,이 미모 말이 되냐ㅜㅜㅜㅜ,1,2020-03-19T15:46:26Z,2020-03-19T15:46:26Z
UgzfWMyKvv8RpJd4lMx4AaABAg,,False,@ارميماشافتالبايسبسطاحتمنالدرج,فخامتك ♡♡,0,2020-03-19T15:46:23Z,2020-03-19T15:47:31Z
Ugw2p1fQDMd9LV1rdZt4AaABAg,,False,@imdaeun4773,"*q: how good do u want this album to be?*
*junmyeon: YES!*",1,2020-03-19T15:46:16Z,2020-03-19T15:46:16Z
UgxiXJtoYyAgLuPsMNd4AaABAg,,False,@marrymj5982,❤❤❤❤❤,0,2020-03-19T15:46:10Z,2020-03-19T15:46:10Z
UgxP2tZiefe4pXjGBod4AaABAg,,False,@luvsjeonghan,تبارك الله على الجمال أشهااد الززين اصاحبي اشهاد الززين احح على القايد احح,0,2020-03-19T15:46:10Z,2020-03-19T15:46:10Z
UgxlJJt7db0DD3i6dax4AaABAg,,False,@nadaessam663,كداا كتيرر,0,2020-03-19T15:46:08Z,2020-03-19T15:46:08Z
Ugz8qpE_hTeU1Sk9utJ4AaABAg,,False,@thawanenunes7083,OMG 🇧🇷🇧🇷🇧🇷🇧🇷♥️♥️♥️♥️ SUHO is perfect,0,2020-03-19T15:46:06Z,2020-03-19T15:46:06Z
UgxGGPVI5npQGfxYeMV4AaABAg,,False,@imdaeun4773,*is he even real?*,0,2020-03-19T15:45:45Z,2020-03-19T15:45:45Z
Ugxn3OJ-V4UMMm0JoYJ4AaABAg,,False,@melissamelissa3973,Turkısh EXO-L loves you soooo much♥️♥️♥️♥️,0,2020-03-19T15:45:40Z,2020-03-19T15:45:40Z
UgwpPXpIjWY39SYJpDF4AaABAg,,False,@_cjoppa,THE BG MUSIC IS SUCH A BOP. CANT WAIT FOR HIS ALBUM!!!!,0,2020-03-19T15:45:37Z,2020-03-19T15:45:37Z
UgxpRTgBgHVy-AJZlsF4AaABAg,,False,@user-nz9nl2wp9t,نحبك سوهو كلنا بانتظارك اوبا,0,2020-03-19T15:45:26Z,2020-03-19T15:45:26Z
Ugwena7tbhQKCvMgt4h4AaABAg,,False,@춉춉-q9b,"...❣️🐰🥕 짧게 치고 갈게요.... 대장 ... 알라뷰 
너무 많이 사랑해ㅜㅜㅜ",1,2020-03-19T15:45:21Z,2020-03-19T15:45:21Z
UgwdJeLK1qSY9GFBlkh4AaABAg,,False,@chanbaek7017,"Oh, my love",0,2020-03-19T15:45:21Z,2020-03-19T15:45:21Z
UgyKTCmgs0iaPj5RRFd4AaABAg,,False,@yennhinguyen298,Suho is the best leader in my heart,0,2020-03-19T15:45:19Z,2020-03-19T15:45:19Z
UgygJCeeyEBHDnVymmt4AaABAg,,False,@BTS-ws2mk,يا عمري بلتوفيق حبيبي اكسورز عرب😍😍😍😦😍,0,2020-03-19T15:45:16Z,2020-03-19T15:45:16Z
UgyYi9m3wEMC7kmJfD14AaABAg,,False,@ohstephanie1466,Aaaaaaaaaaaaaaa♡♡♡♡♡♡,0,2020-03-19T15:45:14Z,2020-03-19T15:45:14Z
Ugz6684EnV-lBJ9ADeJ4AaABAg,,False,@reginedyosa2098,YourSelf is Art itself💗🤭😍,0,2020-03-19T15:45:10Z,2020-03-19T15:45:22Z
UgzIaP2QbISsdSBDwWN4AaABAg,,False,@alyaefrida3994,Suhoooooo Fighthing,0,2020-03-19T15:45:09Z,2020-03-19T15:45:09Z
Ugz-y6h5OV11_2Kep2t4AaABAg,,False,@junmyeonismyworld5743,جونميونييييييييي,0,2020-03-19T15:45:07Z,2020-03-19T15:45:07Z
Ugw4mhhFmpjeJH4WBpx4AaABAg,,False,@mileyjones6806,"Oooooh,  fantastic baby😍😂",0,2020-03-19T15:44:56Z,2020-03-19T15:44:56Z
Ugxt7V8xmF7pwj8I-oN4AaABAg,,False,@wendyalm966,سوهو الأفضل,0,2020-03-19T15:44:56Z,2020-03-19T15:44:56Z
UgwVV484OcukGJb7QUF4AaABAg,,False,@alyaefrida3994,How many international fans in here...,0,2020-03-19T15:44:54Z,2020-03-19T15:44:54Z
UgwdbiGCcGjzdB1eIeB4AaABAg,,False,@kimzeinabin9964,حبيبيييييي,0,2020-03-19T15:44:49Z,2020-03-19T15:44:49Z
UgwSZcfti1w8OzXQsy54AaABAg,,False,@cute_uwu2412,"Дебютный альбом Чунмёна будет чудесным. Каждый раз, когда я слышу ту или иную мелодию из этого альбома, мне хочется поплакать, потому что звучат они чертовски невероятно.
Подарите как можно больше любви Чунмёну и его альбому!~",3,2020-03-19T15:44:46Z,2020-03-19T15:44:46Z
UgxysLB_9gCWtpN2Sn14AaABAg,,False,@mimiasmira2624,from the start to the end : *woahhh*,0,2020-03-19T15:44:45Z,2020-03-19T15:44:45Z
Ugzv19kHAWtF1N5jAnR4AaABAg,,False,@ddooroom,미쳤다 개좋아 이건 대박난다,1,2020-03-19T15:44:41Z,2020-03-19T15:44:41Z
UgwXKRUivQqcIh7K37J4AaABAg,,False,@فاطيماسي-م6ش,انا في موت من هون لينزل الألبوم,15,2020-03-19T15:44:40Z,2020-03-19T15:44:40Z
UgwXKRUivQqcIh7K37J4AaABAg.96OR4nos0FH96OjbvySkSN,UgwXKRUivQqcIh7K37J4AaABAg,True,@user-wu6vk8wt4r,"مرحبا انا  ارمي او اريد اصير اكسوز ممكن اتعلموني اسمائهم او بعض المعلومات عنهم

او ممكن انصير عائله يعني الاكسوز والارمي",1,2020-03-19T18:35:21Z,2020-03-19T18:35:21Z
UgwXKRUivQqcIh7K37J4AaABAg.96OR4nos0FH96Omo4t-KmB,UgwXKRUivQqcIh7K37J4AaABAg,True,@فاطيماسي-م6ش,"@@user-wu6vk8wt4r  
 اي اكيد اهلا وسهلا  

هاد سوهو رح يترسم منفرد 30. الشهر  
اكسو 9 اعضاء 
-شيومين
-سوهو
-لاي
-بيكهيون 
-تشين
-تشانيول 
-دي او 
-كاي
-سيهون
______________________________________________

وفي 3 اعضاء طلعو من الفرقة 
-لوهان 
-كريس
-تاو

هي أسمائهم  من الاكبر للأصغر 
وازا بدك تعرفيون اكتر لازم تشوفي فيديو عنن او تطلعي بالقوقل",0,2020-03-19T19:03:14Z,2020-03-19T19:04:34Z
Ugz9pMCKNuU4hdJpJcB4AaABAg,,False,@exolforever9288,Suho❤❤😍😍😭❤😍😍😍😍Suho❤❤😍😍😭❤😍😍😍😍,0,2020-03-19T15:44:40Z,2020-03-19T15:44:40Z
UgwnJicupRUWvPMzLxZ4AaABAg,,False,@wendyalm966,ابداااااااااع,0,2020-03-19T15:44:39Z,2020-03-19T15:44:39Z
UgwjdQbzqJ1T2noItb14AaABAg,,False,@yennhinguyen298,Love u so much,0,2020-03-19T15:44:33Z,2020-03-19T15:44:33Z
Ugy7iavLmpQcxRXsG1l4AaABAg,,False,@yasmina_3092,😍😍😍😍😍😍😍😍😍😍😍😍,1,2020-03-19T15:44:33Z,2020-03-19T15:44:33Z
UgwjBAVGV-KAdTqvuHx4AaABAg,,False,@baranguette,Apaixonei de novo fodassi,0,2020-03-19T15:44:17Z,2020-03-19T15:44:17Z
UgzesSGrys4YyCwhAS94AaABAg,,False,@baranguette,MEUDEUUUS QUE HOMEM LINDO,0,2020-03-19T15:44:11Z,2020-03-19T15:44:11Z
Ugy9F8YR7O9mkhdxbRx4AaABAg,,False,@fifiriaamilia6648,💗💗💞💞💞,0,2020-03-19T15:44:10Z,2020-03-19T15:44:10Z
UgwO2e1o2fDMrB50p1d4AaABAg,,False,@cl27at,Gantengnya tolong 😭,0,2020-03-19T15:44:08Z,2020-03-19T15:44:08Z
UgxtZuxsQ3yYpxf7FFF4AaABAg,,False,@aleidaguerrerocontreras9458,"Mi bebé y líder precioso, démosle mucho amor y apoyo si?, el confía mucho en exo-l 🥺🥺🥺",0,2020-03-19T15:44:07Z,2020-03-19T15:44:07Z
UgwdzyMvgkmt74UobDp4AaABAg,,False,@rainymoon5743,"Oh my heart❤😍, everything looks so beautiful and beautiful,🌹 in the center of it is Suho💐💗
In less than 12 hours in New Year😃 in Iran I congratulate all Iranian exo_l 👏👏❤💐💌
Oh my heart❤😍, 모든 것이 너무 아름답고 아름답게 보이고, 그 중심에 Suho💐💗 이란 신년에 12 시간도 채 걸리지 않아서 모든이란을 축하합니다. exo_l 👏👏❤💐💌
سال نو همگی اکسو_ ال های ایرانی گل 💐 پیشاپیش مبارک❤😘  انشالله سالی همراه با سلامتی , شادی و موفقیت در پیش داشته باشید 👏👏❤😘 و از سولوی سوهو لذت ببریم 😍😘❤👏",0,2020-03-19T15:43:56Z,2020-03-19T15:43:56Z
UgwDdNIxVOMee6E7_jt4AaABAg,,False,@baranguette,"""Entenda o caso de um teaser matar uma adolescente brasileira""",1,2020-03-19T15:43:48Z,2020-03-19T15:43:48Z
UgwkxqyTruYi1BDnja94AaABAg,,False,@isragouiaa8490,Suho❤❤😍😍😭❤😍😍😍😍,0,2020-03-19T15:43:46Z,2020-03-19T15:43:46Z
Ugx4jFyZ3UC5uo5nLTd4AaABAg,,False,@gasrmm,얼굴이 복지다,0,2020-03-19T15:43:44Z,2020-03-19T15:43:44Z
UgyqTVbcZUZBDnIRfHp4AaABAg,,False,@guli_shawol,"WE ARE ONE WE ARE EXO LET'S LOVE
-KİM JUNMYEON",0,2020-03-19T15:43:35Z,2020-03-19T15:43:35Z
UgxLfQUe94tPWsAmb4d4AaABAg,,False,@aurafatimahazzahra2158,TAMPAN♥️,0,2020-03-19T15:43:35Z,2020-03-19T15:43:35Z
UgxJagKC5VswM-mtcYJ4AaABAg,,False,@gasrmm,2게ㅈ나라다,0,2020-03-19T15:43:32Z,2020-03-19T15:43:32Z
UgxaIlw9mjqlHygl4zN4AaABAg,,False,@12345678978829,Cute~ i can’t wait.,0,2020-03-19T15:43:28Z,2020-03-19T15:43:28Z
Ugwco7_2S5222QN_ebB4AaABAg,,False,@baranguette,O homem lindo da porra pqp,0,2020-03-19T15:43:26Z,2020-03-19T15:43:26Z
Ugw1vod9_q5owb87zXF4AaABAg,,False,@miaomiao3133,really really good looking,0,2020-03-19T15:43:23Z,2020-03-19T15:43:23Z
Ugw3bmBWPvZnVAP8I994AaABAg,,False,@sss407,Wah.!! The bgm sound so good,0,2020-03-19T15:43:23Z,2020-03-19T15:43:23Z
UgwY-LMHvM_DdQIq1WJ4AaABAg,,False,@baranguette,Incrível como o JunMyeon só da close certo,0,2020-03-19T15:43:19Z,2020-03-19T15:43:19Z
Ugz1t8UOWEcFoIgRLxJ4AaABAg,,False,@lamyarashed5189,MY ARTIST,0,2020-03-19T15:43:16Z,2020-03-19T15:43:16Z
UgzWpCRFZvmDv6XlDI94AaABAg,,False,@dishakasliwal1654,this is so AMAZING!!!!!!!,0,2020-03-19T15:43:11Z,2020-03-19T15:43:11Z
UgzOq-jhZptNw4LxAA14AaABAg,,False,@baranguette,0:00 a 0:36 foram os melhores segundos da minha vida,0,2020-03-19T15:43:04Z,2020-03-19T15:43:04Z
Ugy2YY07m24yTNNmzP54AaABAg,,False,@lamyarashed5189,ART,0,2020-03-19T15:43:02Z,2020-03-19T15:43:02Z
Ugzb6reqOv3YBbQZPeR4AaABAg,,False,@guli_shawol,So Perfect,0,2020-03-19T15:42:59Z,2020-03-19T15:42:59Z
UgykiG_k8JslbopunUp4AaABAg,,False,@melissamelissa3973,Yanağındaki ben olam Suho. Saçın başım kaşın gözün bin oğul eder. Junman seni seviyorum heyatımmmm.,0,2020-03-19T15:42:55Z,2020-03-19T15:42:55Z
Ugy2HpDPaA8jqYUGALl4AaABAg,,False,@maylie1980,❤❤🥰🥰🥺🥺🥺🥺🥺🥺,0,2020-03-19T15:42:52Z,2020-03-19T15:42:52Z
UgxK57vrkciWCfUdPG94AaABAg,,False,@arwaalsaaty9199,يجنننننننننننننننن قائدنااااااا .. الايموجي يجمد المشاهدات لا تستخدموها...,0,2020-03-19T15:42:51Z,2020-03-19T15:42:51Z
Ugx-r3M8dr-Y2GAHPo54AaABAg,,False,@maylie1980,Oppa,0,2020-03-19T15:42:46Z,2020-03-19T15:42:46Z
UgybAwX9Tb1ljEj9DtR4AaABAg,,False,@rukiasbankaii,"Ok but this mood sampler made me very very emotional...This album is gonna hurt guys, get your tissues ready",0,2020-03-19T15:42:42Z,2020-03-19T15:42:42Z
UgziPiMSP12kjaJDoGt4AaABAg,,False,@XiuDeer326,*Our leader is an angel in human form!!🤤*,0,2020-03-19T15:42:38Z,2020-03-19T15:42:38Z
Ugzous5E1tYrJS0OmnJ4AaABAg,,False,@chogiwa-yl7yh,❤️,0,2020-03-19T15:42:38Z,2020-03-19T15:42:38Z
UgwbCdO7wm8fioye-Jt4AaABAg,,False,@dzinnurain3326,❤❤❤❤❤❤,0,2020-03-19T15:42:31Z,2020-03-19T15:42:31Z
Ugzk9FuAM4iRh_WOoop4AaABAg,,False,@whyandary697,Suhooooooo,0,2020-03-19T15:42:15Z,2020-03-19T15:42:15Z
UgwwhntLphApOp2hc9l4AaABAg,,False,@valeriaortizsuarez7535,I love you suho so muchhhbhhhh omg❤😚🤗😚👏,0,2020-03-19T15:42:01Z,2020-03-19T15:42:01Z
UgyOO3rP8nQdnCQfPK54AaABAg,,False,@fatimahilmi3619,<3,0,2020-03-19T15:41:59Z,2020-03-19T15:41:59Z
UgwYoEG_erPP7pGR2ed4AaABAg,,False,@exoot9421,ahhh the visuals <3,0,2020-03-19T15:41:54Z,2020-03-19T15:41:54Z
UgxnrNxnNyoNU8UZOdl4AaABAg,,False,@Adela-rl3ps,This is insane...suho very handsome.,0,2020-03-19T15:41:52Z,2020-03-19T15:41:52Z
UgxZX1ZyT3Zi9Y6fBih4AaABAg,,False,@oktaviaanggreini6482,Daebak!! Congratulations my leader.,0,2020-03-19T15:41:45Z,2020-03-19T15:41:45Z
UgzvtzhPMO-s_UDfCfJ4AaABAg,,False,@glyneg3855,Beautiful ❤ handsome man and great leader,0,2020-03-19T15:41:37Z,2020-03-19T15:41:37Z
UgwboVRJwSVyqAvNqvl4AaABAg,,False,@exo12may24,Suho❤❤😍😍😭❤😍😍😍😍,0,2020-03-19T15:41:37Z,2020-03-19T15:41:37Z
Ugzed2q0io6-EAt6XTB4AaABAg,,False,@user-vi1us6uk7n,"*اكسوالز كونوا اقوياء مهما تلقيتوا من كلام* *جارح من بعض الفاندومات*
-ونكون يد واحده-   *ولا نسمح لاي حشره*- *تقلل من هيبه فرقتنا*",38,2020-03-19T15:41:36Z,2020-03-19T15:41:36Z
Ugzed2q0io6-EAt6XTB4AaABAg.96OQjLjzFcm96OjXg4lglv,Ugzed2q0io6-EAt6XTB4AaABAg,True,@user-wu6vk8wt4r,"مرحبا انا  ارمي او اريد اصير اكسوز ممكن اتعلموني اسمائهم او بعض المعلومات عنهم

او ممكن انصير عائله يعني الاكسوز والارمي",1,2020-03-19T18:34:38Z,2020-03-19T18:34:38Z
Ugzed2q0io6-EAt6XTB4AaABAg.96OQjLjzFcm96OkRbWkC0j,Ugzed2q0io6-EAt6XTB4AaABAg,True,@user-vi1us6uk7n,"@@user-wu6vk8wt4r لا حبي اكيد بنصير عاءله وحده ارموال 

اوكي اكسو فرقه كوريه متكونه من ١٢ عضو 
ثلاثه منهن خرجوا من الفرقه لان ثنين منهم تمرضوا والشركه ما عطتهم اهميه فطلعوا من الفرقه 
والثالث نجرح برجله والدكتور قال انه اذا تحرك كثير راح ينشل والشركه مالته ضلت تدرب بي وما تعطي العلاج وهم طلع من الفرقه 


وثنين منهم بالتجنيد هم شيومين ودي او 

لاي هم صيني بس موجود بالفرقه بس شركته ماعم تعملوا نشاطات مع فرقه اكسو 


كاي الراقص الاساسي 
بيكهيون الصوت الرئيسي 
تشين الصوت الرئيسي 
سوهو كمان الصوت الرئيسي 
سيهون هو اصغر عضو بالفرقه الماكني والراقص الرئيسي 
شيومين كمان مغني 
ودي او كمان الصوت الرئيسي في فرقه 

وروحي للكوكل ولليوتيوب وتعرفيهم الصراحه فرقه كثير راح تعجبك من حيث الرقص والصوت والحضور وكل شي وابقي حبي فرقتك بتس لانها كمان فرقه حلوه",0,2020-03-19T18:42:33Z,2020-03-19T18:42:33Z
UgwTj8xSvKhwdLT-tax4AaABAg,,False,@nhuphung1681,CAN'T WAIT,0,2020-03-19T15:41:34Z,2020-03-19T15:41:34Z
Ugx8U-xTCPO1QsLbXVl4AaABAg,,False,@icerspring,i fell in love,0,2020-03-19T15:41:33Z,2020-03-19T15:41:33Z
UgzXkY_YKKvVo4dBaJJ4AaABAg,,False,@noname-rx1zo,Turkish Exo-L will always be with you. Kim junmyeon I feel so proud now. I am so happy cause finally you will show your talents to everyone. Fighting!,0,2020-03-19T15:41:31Z,2020-03-19T15:41:31Z
Ugw-gbCERo9YflfylW94AaABAg,,False,@exo12may24,Suho❤❤😍😍😭❤😍😍😍😍,0,2020-03-19T15:41:30Z,2020-03-19T15:41:30Z
Ugy_nUEDd7QNUknnM6h4AaABAg,,False,@maryamgholami5637,زیبا❤❤👌👌😍😍,0,2020-03-19T15:41:24Z,2020-03-19T15:41:24Z
UgwlYYQoJj0DTYUQFqB4AaABAg,,False,@loriwendolyn4922,I love you,0,2020-03-19T15:41:14Z,2020-03-19T15:41:14Z
UgzDLyVjAA76EsI3MRF4AaABAg,,False,@realfifa1798,loveeeeeeeeeee,0,2020-03-19T15:41:03Z,2020-03-19T15:41:03Z
Ugw9kw8pC2zG2FEeW7p4AaABAg,,False,@melissamelissa3973,Güzelliğin karşısında ağlamak istiyorum. Kendimi yerden yere vurmak istiyorum. Bir düştüm ki kaldıranım yohhh. Ahhh yetişin komşular delirdim.,0,2020-03-19T15:40:53Z,2020-03-19T15:40:53Z
UgwQvEg9N3z4QoZN13V4AaABAg,,False,@baekheesama5688,So beautiful,0,2020-03-19T15:40:45Z,2020-03-19T15:40:45Z
UgyxguV-3Hq9-qgOD0d4AaABAg,,False,@brandoncrenshaw2120,Wow I can't wait for the album too drop it's going to be one of the best of the Year i know it. It's really crazy how haters be the first one to watch the video just to dislike you know EXO doing something right when they do that Kings for life and Legends for life,2,2020-03-19T15:40:41Z,2020-03-19T15:40:41Z
UgyeE6hcI5rAWym7k-F4AaABAg,,False,@dillafadliyah6507,Ya allah bebeb..,0,2020-03-19T15:40:38Z,2020-03-19T15:40:38Z
Ugw6If40dpNc86OKpn14AaABAg,,False,@defthehuman,"Aaah i love the song, the video, SUHO, EVERYTHING OMG CAN'T WAIT 😍🔥",1,2020-03-19T15:40:36Z,2020-03-19T15:40:36Z
Ugzy2FOsAHh4bDXZ63Z4AaABAg,,False,@d.marbun2558,THIS ALBUM...GONNA BREAK THE KPOP INDUSTRY,0,2020-03-19T15:40:31Z,2020-03-19T15:40:31Z
UgzlUxE1x_75DZHsfc14AaABAg,,False,@ikramgouiaa8187,Suho❤❤😍😍😭❤😍😍😍😍,0,2020-03-19T15:40:30Z,2020-03-19T15:40:30Z
Ugwiqg-YMfBTt8oGXYR4AaABAg,,False,@nolinibalaningthoukhongjam1648,"I can't wait for your solo album suho!!!!!
#we are one
Exo-l fighting
Let's love.",1,2020-03-19T15:40:29Z,2020-03-19T15:40:29Z
UgyeTRvwh_YPDjqGmR14AaABAg,,False,@shawolexol7321,يالببه,0,2020-03-19T15:40:25Z,2020-03-19T15:40:25Z
UgyQyllPM5J3DuT53fF4AaABAg,,False,@ikramgouiaa8187,Suho❤❤😍😍😭❤😍😍😍😍😍,0,2020-03-19T15:40:23Z,2020-03-19T15:40:23Z
UgwAmbw__VATGc-FMJV4AaABAg,,False,@Ari-ie5dx,Love you my bannie❤,0,2020-03-19T15:40:23Z,2020-03-19T15:40:23Z
UgzvymtJR_gokcKNWUF4AaABAg,,False,@iarayasinowsky4976,Woow es hermoso😯,0,2020-03-19T15:40:16Z,2020-03-19T15:40:16Z
UgwuOHkXJhn5eSj1TGF4AaABAg,,False,@HadesLostBIN,And people say perfect dosnt exists well wen they see suho they say we found perfect guys he right hear xx so beautiful and so nice I really love suho and wish him the best in doing  his solo thing I'll all ways sport you no matter what and all ways sport exo as well xxxx,0,2020-03-19T15:40:15Z,2020-03-19T15:41:40Z
UgzGFZO6guIi21VQfaR4AaABAg,,False,@gabrielalexmacedo1575,I love this i really love it~~ i can't wait oppaaaa SUHO FIGHTING! SELF-PORTRAIT FIGHTING! ^0^,0,2020-03-19T15:40:06Z,2020-03-19T15:40:06Z
UgwM3xCZ2jqyL7hw_4B4AaABAg,,False,@XO-L,I'm sure that you are angel!! ㅠㅠㅠㅠㅠㅠㅠㅠㅠ Soooo Beautiful!!!,0,2020-03-19T15:40:03Z,2020-03-19T15:40:03Z
UgxorExcwuEt4uuKML54AaABAg,,False,@sang6143,يمه الجمااال كيكهه😔❤,0,2020-03-19T15:40:02Z,2020-03-19T15:40:02Z
Ugx2jgVEpO1QYCy5_tZ4AaABAg,,False,@nyel.l3262,ظاهر؟,1,2020-03-19T15:39:54Z,2020-03-19T15:39:54Z
UgwqdrPwlcFktU62uz94AaABAg,,False,@geetanjalithakur9948,OMG suho 😭 our leader is so handsome and beautiful 😭😭,0,2020-03-19T15:39:47Z,2020-03-19T15:39:47Z
UgxOkUiADQZF7doTo4l4AaABAg,,False,@araa1442,our leader🥰🤩🤩🥰🥰,0,2020-03-19T15:39:45Z,2020-03-19T15:39:45Z
UgwzqC4iVJGekWktgnZ4AaABAg,,False,@Haleeeeeeeeeeee,Fighting!,0,2020-03-19T15:39:38Z,2020-03-19T15:39:38Z
Ugw-eTTrmvNSVmeX9hp4AaABAg,,False,@bloodqueen1184,"I thought it was a joke when they released archive dates.
Stupid of me XD",3,2020-03-19T15:39:35Z,2020-03-19T15:39:35Z
UgyY5aZpqdbdKaZZiKZ4AaABAg,,False,@XiuDeer326,*(우리의 잘 생긴 지도자 당신이 군대에 갈 후 우리를 돌볼 것입니다. 당신을 사랑합니다)*,0,2020-03-19T15:39:20Z,2020-03-19T15:39:20Z
UgxknE2FO5-F1KHGRWd4AaABAg,,False,@nadeenaref591,لولولوولواواواواوواواوووووي,0,2020-03-19T15:39:15Z,2020-03-19T15:39:15Z
UgwWwkHC_M0Fvt-ovd54AaABAg,,False,@okapij.7179,"suho , *saranghae <3*
 KEEP ON SHINING!!!!",0,2020-03-19T15:39:15Z,2020-03-19T15:39:15Z
Ugyr-riCsIbe3oZOUh54AaABAg,,False,@sesalim6814,beautiful you...0,0,2020-03-19T15:39:13Z,2020-03-19T15:39:13Z
UgxXbvqSKxnLSGmKSvF4AaABAg,,False,@nadeenaref591,ا افضل قائد ده ولا ايه,0,2020-03-19T15:39:09Z,2020-03-19T15:39:09Z
UgxOyaQxNdCeRWpNrD54AaABAg,,False,@Jjanggueiyomi,아니 무슨 점도 저렇게 완벽하게 생겼지..? 김준면 풀네임 ‘지금까지이런잘생김은없었다신인가인간인가완벽한존잘김준면’ 아니냐고ㅠㅠㅠ,1,2020-03-19T15:39:07Z,2020-03-19T15:39:07Z
UgwdU_9mI5Yc6p570Ud4AaABAg,,False,@AC-xj7ib,"do you love suho?

like = yes
comment = yes
breath = yes",0,2020-03-19T15:39:07Z,2020-03-19T15:39:07Z
UgzzixXvBTTc0zjX7pt4AaABAg,,False,@parniaL,수호 오빠 사랑해,0,2020-03-19T15:39:07Z,2020-03-19T15:39:07Z
UgwEYhS9QO_3jp2_rK14AaABAg,,False,@valee9650,Precioso bebé chulooooooo 💜,0,2020-03-19T15:39:06Z,2020-03-19T15:39:06Z
UgylHGFRmZvnsfkh9Ot4AaABAg,,False,@الااولالل,Day suho ¤♡☆🔥🔥,0,2020-03-19T15:39:04Z,2020-03-19T15:39:04Z
UgxMw0MO5mHTf70lull4AaABAg,,False,@thyaromeas2477,Suho Handsome😍😎,1,2020-03-19T15:39:04Z,2020-03-19T15:39:04Z
UgzeRMLalPP8mV3GbwF4AaABAg,,False,@minho23pau30kimbum07,Looking so fine  :),0,2020-03-19T15:39:02Z,2020-03-19T15:39:02Z
Ugy1KlPWn13sPzHXkwx4AaABAg,,False,@nadeenaref591,قلبااااااااااااي,0,2020-03-19T15:39:00Z,2020-03-19T15:39:00Z
Ugycdxe1WjEKku6NrvN4AaABAg,,False,@Heen9406,Can't waitttt,0,2020-03-19T15:38:58Z,2020-03-19T15:38:58Z
UgzlZLIbGl_75JcUF754AaABAg,,False,@35.putuayuardinaakemi18,😭🌈🌈✨✨✨❤️❤️❤️❤️❤️,0,2020-03-19T15:38:56Z,2020-03-19T15:38:56Z
UgyywReJy85WB4TtLVl4AaABAg,,False,@phuonganhmin1813,Trời ơi SUHO đẹp trai quá à anh tui làm tui đau tym quá men,0,2020-03-19T15:38:56Z,2020-03-19T15:38:56Z
Ugw2lK8jTdu2GJNKbWZ4AaABAg,,False,@pcycandy,ححمموووو ككللششش جميل وهاندسم والدنيه محتركه عندن,0,2020-03-19T15:38:56Z,2020-03-19T15:38:56Z
Ugw2lK8jTdu2GJNKbWZ4AaABAg.96OQQhUkVt696OQRQJ_sbX,Ugw2lK8jTdu2GJNKbWZ4AaABAg,True,@pcycandy,عنده*,0,2020-03-19T15:39:01Z,2020-03-19T15:39:01Z
Ugy8SQWJx0nN8IlKhqN4AaABAg,,False,@biaklangel7865,He's an angel agghhh!!  ^♡^,0,2020-03-19T15:38:55Z,2020-03-19T15:38:55Z
UgxcuPdb0GKs4RVpBIt4AaABAg,,False,@Heen9406,IM LOVING THE INSTRUMENTAL IN BG 🔥🔥,0,2020-03-19T15:38:49Z,2020-03-19T15:38:49Z
UgwX-V13UdTvxs_ZKqd4AaABAg,,False,@ashfahanienao5394,You're so handsome leadernim. Congrats in advance to your first album.,0,2020-03-19T15:38:30Z,2020-03-19T15:38:30Z
UgyN8TsXN257lHgEy7d4AaABAg,,False,@adibarosli1935,"i'm waiting for you , wait 🎶❤️",0,2020-03-19T15:38:28Z,2020-03-19T15:38:28Z
UgyYbPSzJuj0JeDkd6Z4AaABAg,,False,@VanNguyen-lf4po,Handsome 😍😍😍😍,0,2020-03-19T15:38:27Z,2020-03-19T15:38:27Z
UgxtzXGIZLjF12GfIsp4AaABAg,,False,@김준면-f6h,토깽왕자ㅠㅠㅠㅠㅠㅠㅠ,1,2020-03-19T15:38:24Z,2020-03-19T15:38:24Z
UgySv6KNnNvceEbdh-Z4AaABAg,,False,@uyennguyenaophuong9414,So deep,0,2020-03-19T15:38:18Z,2020-03-19T15:38:18Z
UgwWkiZrz-XBgpAG_WN4AaABAg,,False,@sirene3809,Чунмён как прекрасная фарфоровая кукла 😍 Фарфоровый принц 🤴🏻,0,2020-03-19T15:38:17Z,2020-03-19T15:38:17Z
UgyS9vhKGy244rOcelh4AaABAg,,False,@najwarrnana5083,*THIS IS WHAT WE CALL ANGEL BEACH!*,0,2020-03-19T15:38:15Z,2020-03-19T15:38:15Z
UgyPZRxUJ9UptXVPyFh4AaABAg,,False,@clownmulfand,"Junmyeonie keep fighting ! Keep healthy! Stay safe our bunny, weloveyou",0,2020-03-19T15:38:10Z,2020-03-19T15:38:10Z
UgyWYIPd4uJtpraNO4x4AaABAg,,False,@pcycandy,جمال جمال جمال جمال جمال جمال جمال جمال جمال جمال جمال جمال جمال جمال جمال جمال جمال جمال جمال جمال جمال جمال جمال جمال جمال جمال جمال جمال جمال جمال جمال جمال جمال جمال جمال جمال جمال جمال جمال جمال جمال جمال جمال جمال جمال جمال جمال جمال جمال جمال جمال جمال جمال جمال جمال جمال جمال جمال جمال جمال جمال جمال جمال جمال جمال جمال جمال,0,2020-03-19T15:38:04Z,2020-03-19T15:38:04Z
UgxKwOBTIEUnD8qqRIZ4AaABAg,,False,@meli_grs,Arte,0,2020-03-19T15:37:57Z,2020-03-19T15:37:57Z
UgyTxh8ZBKkctb5IPuV4AaABAg,,False,@suchi5931,"Suho ❤
Rất mong chờ luôn
Anh sẽ thành công",0,2020-03-19T15:37:56Z,2020-03-19T15:37:56Z
Ugz5IdILS1JYybRWpop4AaABAg,,False,@AdrianaMAlba,ARTE EN SU MÁXIMO ESPLENDOR!,0,2020-03-19T15:37:55Z,2020-03-19T15:37:55Z
Ugy_aoXi5dozc3xEpvR4AaABAg,,False,@pcycandy,يربي هو ليش هيج حلو؟؟.!!,1,2020-03-19T15:37:52Z,2020-03-19T15:37:52Z
UgxU0qs-WL3xtoBYk1x4AaABAg,,False,@pcycandy,ححممااااييسيسسس,0,2020-03-19T15:37:42Z,2020-03-19T15:37:42Z
UgzgUDgoeYp_UXfoOwV4AaABAg,,False,@만두-c1s,너무좋아...좋아좋아좋아좋아!!!! 백번천번말해도 부족해. ...,1,2020-03-19T15:37:31Z,2020-03-19T15:37:31Z
Ugx_5L12ivHkz8aVGxt4AaABAg,,False,@weareone260,We all support u ♡♡,1,2020-03-19T15:37:26Z,2020-03-19T15:37:26Z
UgxScJjhyTQKNQJ2zcV4AaABAg,,False,@maryam1707,اهم شي اشوف التعليقات العربيه واحطلهن لايكات ههه,18,2020-03-19T15:37:22Z,2020-03-19T15:37:22Z
Ugz-5IEfLj2uYyKtH9p4AaABAg,,False,@user-lw5zk7pt6y,사랑해요♥️♥,1,2020-03-19T15:37:19Z,2020-03-19T15:37:19Z
UgyjsANIQZRM4IoNl2N4AaABAg,,False,@nadakhaled6767,سوهوو مين مصري يدوس لايك واكسوال متلي يدوس لايك,0,2020-03-19T15:37:15Z,2020-03-19T15:37:15Z
UgxiU6Vj-uj4ojYTKjF4AaABAg,,False,@maoh5402,"НУ КТО ТЕБЯ ТАКИМ КРАСИВЫМ РОДИЛ, А
НУ ЯК ТАК МОЖНА",0,2020-03-19T15:37:13Z,2020-03-19T15:37:13Z
UgxaisV5T0WTzrEUzSR4AaABAg,,False,@TheKaber19,Wow,0,2020-03-19T15:37:08Z,2020-03-19T15:37:08Z
UgwvR4KrBLMTeGGAAcZ4AaABAg,,False,@daisy5271,BU KADAR GÜZEL OLMAK ZORUNDA MIYDIN ZALIMIN OĞLU,0,2020-03-19T15:37:07Z,2020-03-19T15:37:07Z
Ugxl3BXbbW2GiybosZx4AaABAg,,False,@wiwitharyatinsasmita9785,Leader ❤,0,2020-03-19T15:37:05Z,2020-03-19T15:37:05Z
UgwHcL9_-K_j--b_g4d4AaABAg,,False,@weareone260,هيلببببب انا غارق في بحر سوهو,2,2020-03-19T15:37:05Z,2020-03-19T15:37:05Z
UgzRxYatk4ZAVvfepXR4AaABAg,,False,@rimatapadar,"OMG..... So beautiful... I am damn sure that I can't wait anymore for your song.... Sir you look so thin... Please don't diet that much.....Eat healthy and stay healthy... TT  TT  
We love you our little bunny. Take care...",0,2020-03-19T15:37:02Z,2020-03-19T15:38:35Z
UgwTGeKjDqdPQIT-U7Z4AaABAg,,False,@user-vi1us6uk7n,"*ارنوب الاكسوال* suho♡♡♡سوهو
*جروا الاكسوالز* beki♡♡ بيكهيون
*خروف الاكسوالز* lay &&&& لاي 
*قطه الاكسوالز*  xiumin □□شيومين 
*بطريق الاكسوالز* Do &&&& دي او
 *صوص الاكسوالز* سيهون*** sehun
*مايكل ودب  الاكسوالز* kai ^^^^^ كاي 
*زرافه الاكسوالز* تشانيولchanyeol 
*دنياصور  للاكسوالز* تشيين chen 
-ولي مو عاجبوا ينتحر وينقلع-",192,2020-03-19T15:37:01Z,2020-03-19T21:00:54Z
UgwTGeKjDqdPQIT-U7Z4AaABAg.96OQCg5hvSX96OTmE54KMD,UgwTGeKjDqdPQIT-U7Z4AaABAg,True,@مارلين-ه3ق,اخيرا اكسوال عربي,8,2020-03-19T16:08:13Z,2020-03-19T16:08:13Z
UgwTGeKjDqdPQIT-U7Z4AaABAg.96OQCg5hvSX96OUYAPInhM,UgwTGeKjDqdPQIT-U7Z4AaABAg,True,@renrenrenrenrenren,@@weareone261 *احذفي الايموجي التيزر ماله شي نازل!!*,2,2020-03-19T16:14:54Z,2020-03-19T16:14:54Z
UgwTGeKjDqdPQIT-U7Z4AaABAg.96OQCg5hvSX96OVsD8LHPN,UgwTGeKjDqdPQIT-U7Z4AaABAg,True,@zainobya,ملوك الكيبوب =اكسو,5,2020-03-19T16:26:30Z,2020-03-19T20:04:15Z
UgwTGeKjDqdPQIT-U7Z4AaABAg.96OQCg5hvSX96OWK6VgGg2,UgwTGeKjDqdPQIT-U7Z4AaABAg,True,@EXOexoEXO1485,ترا الحياة حلو مع اكسو كاي دبدوب الاكسوالز وسيهون صوص الاكسوالز وتشين ديناصور الاكسوالز وبيكهيون جرو الاكسوالز هههههههههههه خليهم كلهم زي بعض,8,2020-03-19T16:30:27Z,2020-03-19T16:30:27Z
UgwTGeKjDqdPQIT-U7Z4AaABAg.96OQCg5hvSX96OWNhxrKG8,UgwTGeKjDqdPQIT-U7Z4AaABAg,True,@nyel.l3262,*دبدوب الاكسوال كاي* (((:,5,2020-03-19T16:30:57Z,2020-03-19T16:30:57Z
UgyPB3Z2thj-C8XsVnJ4AaABAg,,False,@주먹밥쿵야-s7v,진짜 너무너무 사랑해. 이렇게 티져가 하나씩 뜰때마다 앨범이 너무 기대되어서 미치겠어ㅡㅠㅠㅠㅠ,4,2020-03-19T15:36:59Z,2020-03-19T15:36:59Z
UgxhGztRSfTLWyjcPph4AaABAg,,False,@danielamarques5662,"only one thing, I love you and you're all for me",0,2020-03-19T15:36:59Z,2020-03-19T15:36:59Z
Ugz2k4F0ZtWTXFx-OHB4AaABAg,,False,@asmrgirl5109,My babyyyyyy,0,2020-03-19T15:36:58Z,2020-03-19T15:36:58Z
UgzAjQulVNth09Y39bF4AaABAg,,False,@홍디오순,I'm so excited for leadernim's upcoming album! I know that all your songs are all heartfelt and i can't wait to hear it and be inlove with it,0,2020-03-19T15:36:53Z,2020-03-19T15:36:53Z
UgxuIaSmtwz0yllTmzN4AaABAg,,False,@sedaates362,I am in the desert while you are away,0,2020-03-19T15:36:41Z,2020-03-19T15:36:41Z
UgygI0AwIZrBVkGVz_N4AaABAg,,False,@mahtadara9933,A pure masterpiece ♡♡♡♡♡,0,2020-03-19T15:36:40Z,2020-03-19T15:36:40Z
Ugy4ix1UcvRGFGO59TF4AaABAg,,False,@novitaamaliasafitri5390,Suho ❤️ you look so handsome 🥺🥺💛❤️,0,2020-03-19T15:36:35Z,2020-03-19T15:36:35Z
Ugy4ix1UcvRGFGO59TF4AaABAg.96OQ9b-ApdC96OQFuso_ys,Ugy4ix1UcvRGFGO59TF4AaABAg,True,@آنجل-ت6ن,*delete the emoji pls*,0,2020-03-19T15:37:27Z,2020-03-19T15:37:27Z
UgxsPsDY6CfAHFqONe54AaABAg,,False,@HoaNguyen-rg4xu,😍😍😍😍😍,0,2020-03-19T15:36:30Z,2020-03-19T15:36:30Z
UgxsPsDY6CfAHFqONe54AaABAg.96OQ8xxtvDw96OQHMBzULt,UgxsPsDY6CfAHFqONe54AaABAg,True,@آنجل-ت6ن,*deellleetee ittttttt plss!!!*,0,2020-03-19T15:37:39Z,2020-03-19T15:37:39Z
UgxCkrnLX-7gyB7TmgN4AaABAg,,False,@innie1736,ma sei stupendo,0,2020-03-19T15:36:23Z,2020-03-19T15:36:23Z
UgzdGcWmGS8R5aKrHOJ4AaABAg,,False,@xiudyochen,*WOAAAAH I KENNAT*,0,2020-03-19T15:36:08Z,2020-03-19T15:36:08Z
UgwigHj5AI35siCL6Cp4AaABAg,,False,@곱슬머리치고나쁜녀석,어떡해... 김준면 대단한 거 엑소엘끼리만 알려구 그랬는데 앨범 나오면 전세계 사람들이 다 알게 생겼다... 큰일났어...,1,2020-03-19T15:36:04Z,2020-03-19T15:36:04Z
Ugxk9UMqnkBMnfsoorp4AaABAg,,False,@forexo7301,♥♥♥♥♥,0,2020-03-19T15:36:03Z,2020-03-19T15:36:03Z
UgwjZFCmhZ1-Y8MLuy54AaABAg,,False,@آنجل-ت6ن,*وجعععع يوجعكممم لا تحططوا ايموجييييي!!!*,18,2020-03-19T15:36:02Z,2020-03-19T15:36:02Z
UgwjZFCmhZ1-Y8MLuy54AaABAg.96OQ5_KJ3L496OUa8c3FaP,UgwjZFCmhZ1-Y8MLuy54AaABAg,True,@raghada5610,موووود هههههههههههههههههههههههههههههههههههههههههههههههههههههههههههههههههههههههههههههههههههههههههههههههههههههههههههههههههههههههههههههههههههههههههههههههههههههههههههه,0,2020-03-19T16:15:18Z,2020-03-19T16:15:18Z
UgwjZFCmhZ1-Y8MLuy54AaABAg.96OQ5_KJ3L496OYtdxmmSb,UgwjZFCmhZ1-Y8MLuy54AaABAg,True,@ayla1756,كفوو ههههههههه,0,2020-03-19T16:52:55Z,2020-03-19T16:52:55Z
UgwjZFCmhZ1-Y8MLuy54AaABAg.96OQ5_KJ3L496O_M7SGWfB,UgwjZFCmhZ1-Y8MLuy54AaABAg,True,@elise9919,تعب مايسمعون,0,2020-03-19T17:05:41Z,2020-03-19T17:05:41Z
UgwhSdChvVRz830iTqZ4AaABAg,,False,@andina0810,Our handsome and talented leadernim,0,2020-03-19T15:35:59Z,2020-03-19T15:35:59Z
UgwlJZtLzxef05rUaT54AaABAg,,False,@yara-l1782,The music is so good,0,2020-03-19T15:35:59Z,2020-03-19T15:35:59Z
UgwNuxqdYOLv98VSATh4AaABAg,,False,@zahirohamani9932,CAN'T WAIT!!!!!!!!! 🤗🤗🤗,0,2020-03-19T15:35:56Z,2020-03-19T15:35:56Z
Ugxfpwjo1CK3xDoYqjZ4AaABAg,,False,@Sam-jun21,"I want 'let's love"" to chart on top of the all Korean music sites. 🥺❤",2,2020-03-19T15:35:52Z,2020-03-19T15:39:05Z
Ugxfpwjo1CK3xDoYqjZ4AaABAg.96OQ4GyFKe696OYl859CIv,Ugxfpwjo1CK3xDoYqjZ4AaABAg,True,@توتةتوتة-ط8ز4ز,"Don't put an emoji on, please stop viewing",1,2020-03-19T16:51:45Z,2020-03-19T16:51:45Z
Ugxfpwjo1CK3xDoYqjZ4AaABAg.96OQ4GyFKe696W5vEir9ov,Ugxfpwjo1CK3xDoYqjZ4AaABAg,True,@Sam-jun21,@@توتةتوتة-ط8ز4ز wait we cant use emojis?,0,2020-03-22T15:13:39Z,2020-03-22T15:13:39Z
Ugxfpwjo1CK3xDoYqjZ4AaABAg.96OQ4GyFKe696WgWnWfJOJ,Ugxfpwjo1CK3xDoYqjZ4AaABAg,True,@توتةتوتة-ط8ز4ز,@@Sam-jun21 Yes we can not use it will stop the video views,1,2020-03-22T20:42:14Z,2020-03-22T20:42:14Z
Ugxfpwjo1CK3xDoYqjZ4AaABAg.96OQ4GyFKe696YX-gQb-ee,Ugxfpwjo1CK3xDoYqjZ4AaABAg,True,@Sam-jun21,@@توتةتوتة-ط8ز4ز thanks I didn't knew about this,0,2020-03-23T13:48:48Z,2020-03-23T13:48:48Z
Ugwuc6XhtsBWLpVkfNB4AaABAg,,False,@marowong1400,Just drop the album and stop killing me,0,2020-03-19T15:35:44Z,2020-03-19T15:35:44Z
Ugz_0dydTVmeZJOUiCl4AaABAg,,False,@yara-l1782,So pure and cute iam so proud that he is our leader ❤️,0,2020-03-19T15:35:43Z,2020-03-19T15:35:43Z
UgwaS05GLQa0J8YIjAl4AaABAg,,False,@badrossoleh41,aigooo,0,2020-03-19T15:35:42Z,2020-03-19T15:35:42Z
Ugz7u97Ib1IlGiDegAl4AaABAg,,False,@yoursonghan9119,يجنننننننن,0,2020-03-19T15:35:38Z,2020-03-19T15:35:38Z
UgzvpLiexKE8KRee_I54AaABAg,,False,@badrossoleh41,ommo,0,2020-03-19T15:35:35Z,2020-03-19T15:35:35Z
UgyVz66lM6ot9FxRucp4AaABAg,,False,@Mawn_x,I miss them all.,0,2020-03-19T15:35:34Z,2020-03-19T15:35:34Z
Ugw0YGPQ0dzjF8HAy2R4AaABAg,,False,@badrossoleh41,ommo,0,2020-03-19T15:35:30Z,2020-03-19T15:35:30Z
UgxsQErTdHNms8YYLVp4AaABAg,,False,@badrossoleh41,ommo,0,2020-03-19T15:35:26Z,2020-03-19T15:35:26Z
Ugwdo5gVvq5Stq-M-IB4AaABAg,,False,@yoursonghan9119,Wow so handsome,0,2020-03-19T15:35:26Z,2020-03-19T15:35:26Z
UgwcxEIV1l_5i6D-2ap4AaABAg,,False,@nurulizzati5019,HE IS PERFECT,0,2020-03-19T15:35:25Z,2020-03-19T15:35:25Z
UgwL8DxKF-O11dMYr1p4AaABAg,,False,@dyochenlay8721,Leader the best,0,2020-03-19T15:35:06Z,2020-03-19T15:35:06Z
UgwZKKURZS-vqdZdjnd4AaABAg,,False,@user-eb4ni4yo4r,بموووت شكله العودة نااارر,0,2020-03-19T15:35:04Z,2020-03-19T15:35:04Z
UgwwGzgT5q-XZtlgV3V4AaABAg,,False,@kyeomsline,Serbuk berlian mas...,0,2020-03-19T15:35:02Z,2020-03-19T15:35:02Z
Ugx28iWILxIhKwM-Wnp4AaABAg,,False,@masikhsl8926,Junmyeon is the meaning of LOVE and ART ^^,0,2020-03-19T15:34:47Z,2020-03-19T15:34:47Z
UgyzV2ab0ac2Aat01oB4AaABAg,,False,@gouiaaikram4989,Suho yaaaa,0,2020-03-19T15:34:45Z,2020-03-19T15:34:45Z
UgwSKoIAhgGaPrsdMZh4AaABAg,,False,@user-eb4ni4yo4r,احلى 36 ثانية فحياتي,0,2020-03-19T15:34:39Z,2020-03-19T15:34:39Z
UgyUSQqd3pHMBEeTLwd4AaABAg,,False,@XiuDeer326,*Our handsome leader Who will take care of us after you go to the army .. We will miss you as we always do Take care of yourself and know that we will always be with you .. We support you forever Proud of you Our handsome leader 🤤👑*,0,2020-03-19T15:34:38Z,2020-03-19T15:34:38Z
UgyUSQqd3pHMBEeTLwd4AaABAg.96OPwDfD1OK96OQ09IY85M,UgyUSQqd3pHMBEeTLwd4AaABAg,True,@آنجل-ت6ن,*غدير التيزر لسه جديد ، بدون ايموجي:')*,0,2020-03-19T15:35:18Z,2020-03-19T15:35:18Z
UgyUSQqd3pHMBEeTLwd4AaABAg.96OPwDfD1OK96OUoGYi6hh,UgyUSQqd3pHMBEeTLwd4AaABAg,True,@raghada5610,Delete emoji please,0,2020-03-19T16:17:14Z,2020-03-19T16:17:14Z
UgylVI1c_YP_HtF0lU54AaABAg,,False,@a-wanderingcloud0-014,YESSSSSSSSSSSSSS 💙,0,2020-03-19T15:34:32Z,2020-03-19T15:34:32Z
UgyK6VnSAD-NeiMt8Bt4AaABAg,,False,@l.l3081,Yaaaas 😍😍😍😍,0,2020-03-19T15:34:32Z,2020-03-19T15:34:32Z
UgxzycZv_blkWN15SHd4AaABAg,,False,@susmitasanyal173,💜💜💜💜💜💜💜💜,0,2020-03-19T15:34:30Z,2020-03-19T15:34:30Z
UgxzycZv_blkWN15SHd4AaABAg.96OPvHvnIga96OPyA0W7SX,UgxzycZv_blkWN15SHd4AaABAg,True,@آنجل-ت6ن,*deeeeeeeleette ittttttttt !!!!!*,0,2020-03-19T15:34:53Z,2020-03-19T15:34:53Z
UgxzycZv_blkWN15SHd4AaABAg.96OPvHvnIga96OS7Ja5yKX,UgxzycZv_blkWN15SHd4AaABAg,True,@susmitasanyal173,@@آنجل-ت6ن why?,0,2020-03-19T15:53:45Z,2020-03-19T15:53:45Z
UgwGIi7uPWL4bIoOwAF4AaABAg,,False,@onnamartinez5163,GUAPO! TALENTOSO! ARTE QUE ERES ARTE!,0,2020-03-19T15:34:29Z,2020-03-19T15:34:29Z
UgzVFoDPgXyradXt61t4AaABAg,,False,@hunhan9169,🔵🌊💧Suho💧🌊🔵,0,2020-03-19T15:34:25Z,2020-03-19T15:34:25Z
UgzVFoDPgXyradXt61t4AaABAg.96OPudZRvVe96OQ1xg0XD9,UgzVFoDPgXyradXt61t4AaABAg,True,@آنجل-ت6ن,*delete the emoji!!!!*,0,2020-03-19T15:35:33Z,2020-03-19T15:35:33Z
Ugw1mwhBhcayDvXY9hR4AaABAg,,False,@kaaachann3592,"Ketampanannya itu loh :"")",0,2020-03-19T15:34:24Z,2020-03-19T15:34:24Z
Ugz-Mi5p-hXD9alHlsl4AaABAg,,False,@ummulhrp,Our leader!!,1,2020-03-19T15:34:22Z,2020-03-19T15:34:22Z
UgwEY32PXOrBp0RHq_x4AaABAg,,False,@puputnabilah1811,Wow,0,2020-03-19T15:34:21Z,2020-03-19T15:34:21Z
UgxQqXO4Cbl3-GbMyMF4AaABAg,,False,@thecheniechenshow1121,Exo leader hwaiting!,0,2020-03-19T15:34:21Z,2020-03-19T15:34:21Z
UgzhRgrs3BXH4__g_ax4AaABAg,,False,@babywan1st,หล่อจนงง,0,2020-03-19T15:34:18Z,2020-03-19T15:34:18Z
UgwfSs__EakGGN8_xMp4AaABAg,,False,@angelamwn,"Selfporttrait sampai baru ngeh banyak andeng""nya ya lo bang",0,2020-03-19T15:34:15Z,2020-03-19T15:34:15Z
Ugx0XiYolst8_1LTik54AaABAg,,False,@keojosephmontejo6486,How can someone be this beautiful? I can't stop staring at him. 😭😍😍😍,0,2020-03-19T15:34:13Z,2020-03-19T15:34:13Z
UgwC9JMcPE3fNI_jNLZ4AaABAg,,False,@mariantherese2426,So excited for the release of the full song and the album. Congratulations to our very hardworking leader Suho❤❤❤❤❤❤❤❤❤,0,2020-03-19T15:34:02Z,2020-03-19T15:34:02Z
Ugzu-qrItEoLWZRi-1t4AaABAg,,False,@РаминаПак-г2ю,"Self-portrait is art.
Kim Junmyeon is art.",0,2020-03-19T15:34:02Z,2020-03-19T15:34:02Z
UgxcIyNfR27STBdAc9V4AaABAg,,False,@alfshnt,Uri leader ❤️❤️❤️❤️❤️,0,2020-03-19T15:34:02Z,2020-03-19T15:34:02Z
UgwFz6DIvaRBGydb-aB4AaABAg,,False,@ummulhrp,Wahhhhhhhh,1,2020-03-19T15:33:59Z,2020-03-19T15:33:59Z
Ugz1XX49WFSKcC6LUi54AaABAg,,False,@humeyra321,And he comes,0,2020-03-19T15:33:58Z,2020-03-19T15:33:58Z
UgzdKXcboiwATWPnRiZ4AaABAg,,False,@آنجل-ت6ن,"*لا تضع اي ايموجي او هاشتاق،لأنها تجمد المشاهدات!*
*Do not put any emoji or hatchag, because*
*it freezes views, I hope you understand*

*Huwag maglagay ng anumang emoji o hatchag, sapagkat ito ay nag-freeze ng mga tanawin, sana maintindihan mo!*

*Herhangi bir emoji veya hatchag koymayın, çünkü görünümleri dondurur, umarım anlarsınız!*

*Ne mettez pas d'emoji ou de hatchag, car cela gèle les vues, j'espère que vous comprenez!*

*किसी भी इमोजी या हैचग को मत डालें, क्योंकि यह विचारों को जमा देता है, मुझे आशा है कि आप समझ गए होंगे!*

*Jangan menaruh emoji atau hatchag, karena itu membekukan pandangan, saya harap Anda mengerti!*

*ビューをフリーズするため、絵文字やハッチャを入れないでください、理解してくださ
い!*

*Não coloque nenhum emoji ou hatchag, porque congela visualizações, espero que você entenda!*

*Setzen Sie keine Emoji oder Hatchag, weil es Ansichten einfriert, ich hoffe, Sie verstehen!*

*———————————————————————*",0,2020-03-19T15:33:51Z,2020-03-19T15:33:51Z
Ugztpvvu8hP6WQhcMLB4AaABAg,,False,@cheyisha,can’t wait for the song omg,0,2020-03-19T15:33:48Z,2020-03-19T15:33:48Z
UgzwKMpIYEmXU_pDmvp4AaABAg,,False,@mariannevillanueva4337,junmyeon is really that kind of person who gives you the feeling of assurance,23,2020-03-19T15:33:31Z,2020-03-19T15:33:31Z
UgzLWxv1nvfWxS57mbV4AaABAg,,False,@gqy1522,The Creator really blessed this man with that face huh? what about us?? 🤦,0,2020-03-19T15:33:28Z,2020-03-19T15:33:28Z
UgzLWxv1nvfWxS57mbV4AaABAg.96OPnjOMzSQ96OPuTf9x78,UgzLWxv1nvfWxS57mbV4AaABAg,True,@آنجل-ت6ن,*delete the emoji pls:)*,0,2020-03-19T15:34:23Z,2020-03-19T15:34:23Z
UgyNh-aMP8gfs2aF24Z4AaABAg,,False,@HEBA-pe7du,Perfect 🥺🤍🤍🤍🤍,0,2020-03-19T15:33:28Z,2020-03-19T15:33:28Z
UgyLzcHgoHqdD5DWvjt4AaABAg,,False,@이재윤-i7f,김준면 진짜 존잘 ........,1,2020-03-19T15:33:23Z,2020-03-19T15:33:23Z
UgxejnMqWcnGQnaW7YN4AaABAg,,False,@fansex_8908,*فديت الكياطة اني :((((..*,9,2020-03-19T15:33:23Z,2020-03-19T15:33:23Z
Ugx1bdqjmo_VxeC1elR4AaABAg,,False,@user-vf4fl7ix8k,생각보다 밝은 노래구나 !! 설렌다🤍🤍,1,2020-03-19T15:33:18Z,2020-03-19T15:33:18Z
UgyrFlY8lEtdkVa18kh4AaABAg,,False,@susmitapoduri7650,Wishing luck and success to our leader Suho.. Aka Kim Junmeyon oppa.... All the very best.... 😊,0,2020-03-19T15:33:16Z,2020-03-19T15:34:45Z
UgyZte6qinJKMwj6L6R4AaABAg,,False,@irmadarmayanti7157,Future😍,0,2020-03-19T15:33:09Z,2020-03-19T15:33:09Z
UgzJGowgPI0_HHtu4fV4AaABAg,,False,@ska4666,God this is Gold,1,2020-03-19T15:33:08Z,2020-03-19T15:33:08Z
UgzLnInrFEiBVOuDkpV4AaABAg,,False,@mervemerve1292,Şarkıdan 'vaha' hissi alan tek ben miyim,0,2020-03-19T15:33:05Z,2020-03-19T15:33:05Z
UgxGIezcZcT7ZThGkpd4AaABAg,,False,@oifelixcomeherebro8477,ربي يرحمني و يرحم الاكسوال,0,2020-03-19T15:33:03Z,2020-03-19T15:33:03Z
UgzdvCa8tY5qi2Pa1qF4AaABAg,,False,@22Aashnasaith,SO PRETTY 😭❤️,0,2020-03-19T15:32:59Z,2020-03-19T15:32:59Z
Ugyg_lrsKAVe0ZPoXSd4AaABAg,,False,@mms1281,❤️❤️❤️,0,2020-03-19T15:32:58Z,2020-03-19T15:32:58Z
UgzCvgqR1l7LB5kXqe54AaABAg,,False,@heidicruz5992,We are one - EXO ❤️,1,2020-03-19T15:32:56Z,2020-03-19T15:32:56Z
UgzCvgqR1l7LB5kXqe54AaABAg.96OPjlyaf3e96OczrWCJTw,UgzCvgqR1l7LB5kXqe54AaABAg,True,@danyahf2282,Delete emoji please we are one,0,2020-03-19T17:37:27Z,2020-03-19T17:37:27Z
Ugz2NOgYdzNpugQRs1d4AaABAg,,False,@kmsexo6644,❤❤,0,2020-03-19T15:32:51Z,2020-03-19T15:32:51Z
UgztRSoX8PtQfOukYcB4AaABAg,,False,@mariannevillanueva4337,the calmness in this...,4,2020-03-19T15:32:49Z,2020-03-19T15:32:49Z
Ugx5bKhmeQDD8JSSCHB4AaABAg,,False,@nailasari1809,Wowowowowowowowowowoo 💕💖💞❤💗❤💗💓💖💓💖💕❤💖❤💞💗❤😘😘😘😘,0,2020-03-19T15:32:37Z,2020-03-19T15:32:37Z
UgwiZAiWLbV1C_vHYeF4AaABAg,,False,@azizahnabilah6952,Wow this is like a diff vibe from last time !! Omghh,0,2020-03-19T15:32:37Z,2020-03-19T15:32:37Z
Ugy1q1teaNg3tzjgoeB4AaABAg,,False,@김민성-q1j,준면아ㅠㅜㅜ 사랑햌!!!!!!!!,1,2020-03-19T15:32:33Z,2020-03-19T15:32:33Z
Ugxx9reqvBqFBM1lKzh4AaABAg,,False,@maysamahfuod99,suhooooo,0,2020-03-19T15:32:30Z,2020-03-19T15:32:30Z
Ugw5DlQ2zD4l6X2yZLd4AaABAg,,False,@hanasketch,Tailalatnya suho banyak amat ya,0,2020-03-19T15:32:29Z,2020-03-19T15:32:29Z
Ugwv1id3VkSbiyh9ta54AaABAg,,False,@husnaa2918,Leader-nim... This is going to be really wholesome~ fighting.. Saranghaja❤,0,2020-03-19T15:32:25Z,2020-03-19T15:32:25Z
Ugwv1id3VkSbiyh9ta54AaABAg.96OPg4kz4hs96OPij5lQyP,Ugwv1id3VkSbiyh9ta54AaABAg,True,@آنجل-ت6ن,*delete the emoji pls(:*,0,2020-03-19T15:32:47Z,2020-03-19T15:32:47Z
Ugy432HNvIcvrZs345R4AaABAg,,False,@댕구르-q5n,밴드 사운드 돌아ㅂㅓ려......,1,2020-03-19T15:32:15Z,2020-03-19T15:32:15Z
UgzZwZ-FCxPtHTNdBN54AaABAg,,False,@도라지-k1n,아우 예술이야 아주 그냥,0,2020-03-19T15:32:09Z,2020-03-19T15:32:09Z
UgxPlnrUCkaJ_cm7xbx4AaABAg,,False,@markie6328,"SUCH A BEAUTY,  I CAN'T -",4,2020-03-19T15:32:08Z,2020-03-19T15:32:08Z
Ugz5seUNSfXO0q3wta14AaABAg,,False,@prekshikanagdawane275,Loving it..... looking forward for our leader's album.... love from India ❤❤,0,2020-03-19T15:32:05Z,2020-03-19T15:32:05Z
Ugz5seUNSfXO0q3wta14AaABAg.96OPdZnMrBV96OPkcDBM4w,Ugz5seUNSfXO0q3wta14AaABAg,True,@آنجل-ت6ن,*without emoji plss*,0,2020-03-19T15:33:02Z,2020-03-19T15:33:02Z
UgyMY9z2NHt79kTMZ8h4AaABAg,,False,@wxxz9937,WAAAA OUR LEADERRR,0,2020-03-19T15:32:04Z,2020-03-19T15:32:04Z
Ugzt0b3d8VqKzSX1a054AaABAg,,False,@Erro-qt4cd,I Love You Suho,1,2020-03-19T15:32:03Z,2020-03-19T15:32:03Z
UgxrjHtDrmQIG20H-O14AaABAg,,False,@denaaexo_l.5023,أنا واقعه هنا0:10 :(((,0,2020-03-19T15:31:52Z,2020-03-19T15:31:52Z
Ugz6AHctbplTPSL3kGl4AaABAg,,False,@Planet-qi3wm,Very niceeeeeeeee😭😭,0,2020-03-19T15:31:46Z,2020-03-19T15:31:46Z
Ugzm4T8d8u1MWwLjKm94AaABAg,,False,@CHila_-dg2oo,"When I see EXO's smile, I'm very happy. Everything you do makes me smile. Thank you!!!  Love forever. 👑❤️🤟✌️☺️",1,2020-03-19T15:31:44Z,2020-03-19T15:31:44Z
Ugzm4T8d8u1MWwLjKm94AaABAg.96OPazjH6Vs96OPnFhij03,Ugzm4T8d8u1MWwLjKm94AaABAg,True,@آنجل-ت6ن,*delete the emojis plss!!!!!*,0,2020-03-19T15:33:24Z,2020-03-19T15:33:24Z
UgyWvIsVBP3ZQpxON354AaABAg,,False,@fabianakimespinoza9398,AHHHHH!<3,0,2020-03-19T15:31:32Z,2020-03-19T15:31:32Z
UgwGZzKHbt-x0PLTGIB4AaABAg,,False,@salmastyles7486,"Suho I am really excited if I'm not the happiest person on earth , it's really beautiful to see you doing your first album.  I am really lucky to see this and for having a leader like you who deserve everything good in the world. We support you and we are always one .",0,2020-03-19T15:31:31Z,2020-03-19T15:31:31Z
UgwJulj3aRyxSPuq4-p4AaABAg,,False,@wissalbouanani2932,Masterpiece,1,2020-03-19T15:31:25Z,2020-03-19T15:31:25Z
UgwaGBKVVo5qJxv9gyF4AaABAg,,False,@hehi819,잘생겨쒀~~~~~~~~~~~,0,2020-03-19T15:31:22Z,2020-03-19T15:31:22Z
Ugw4-EBhoT9W48HgXdx4AaABAg,,False,@vivianarodriguez7382,GodSuho siendo arte como siempre.,0,2020-03-19T15:31:19Z,2020-03-19T15:31:19Z
UgwJ7Ew6Fp0bWZF4OMp4AaABAg,,False,@queermus,"I'm calling it motherfuckers

This album will be a hit.",1,2020-03-19T15:31:19Z,2020-03-19T15:31:19Z
UgxohxZ8jYnEWIWziDx4AaABAg,,False,@y2jeong48,"이번 컨셉, 의상, 화장, 멜로디.  그외의 모든 것들이 다 마음에 들지만 그 중에서도 제일 마음에드는건 수호의 존재  자체야ㅠㅠ♡",1,2020-03-19T15:31:16Z,2020-03-19T15:31:16Z
UgyBe5rLIlhc89_03Kt4AaABAg,,False,@에취-n4c,이게 바로 천상계인가요?,0,2020-03-19T15:31:15Z,2020-03-19T15:31:15Z
UgwaTVWtv_sTyeu-V8F4AaABAg,,False,@dissyaaprillia7546,KIM JUNMYEON!!!!,0,2020-03-19T15:31:14Z,2020-03-19T15:31:14Z
UgwqgQlydj6rre17oNt4AaABAg,,False,@РаминаПак-ч6ы,I don't know what to say but wow-,0,2020-03-19T15:31:07Z,2020-03-19T15:31:07Z
Ugxy-hXpdYcvnkMb6bp4AaABAg,,False,@yeusxurmoi_,ang gago bat naman napakagwapo huhuhu iloveyouuuu junmyeon,0,2020-03-19T15:31:05Z,2020-03-19T15:31:05Z
Ugyhb05sIfGD_g6lw7t4AaABAg,,False,@exo_lforever7004,شبلاهم جالسین ینزلو لسوهو بس لیه??!!,0,2020-03-19T15:31:05Z,2020-03-19T15:31:59Z
Ugyhb05sIfGD_g6lw7t4AaABAg.96OPXEzFf6Y96OQf6hRlbI,Ugyhb05sIfGD_g6lw7t4AaABAg,True,@exo_lforever7004,@Ârmy&Ëxo-l صدق *-*!!   یسعدلیی,0,2020-03-19T15:41:02Z,2023-11-16T14:51:45Z
UgzZBZGLykH7S6lklaZ4AaABAg,,False,@syaminsyafiq40,he so damn handsome😔✋,0,2020-03-19T15:31:04Z,2020-03-19T15:31:04Z
Ugz_jLPdD7jjcfTcegh4AaABAg,,False,@George-xs1rs,Loveo SUHO,0,2020-03-19T15:31:04Z,2020-03-19T15:31:36Z
UgxIfzwnHy_u2VVLyV14AaABAg,,False,@오각노이,얼굴 보고 잘생김에 황당해서 분뇨 싸지를뻔,0,2020-03-19T15:31:03Z,2020-03-19T15:31:03Z
UgynLtG99EIQUDbGTXh4AaABAg,,False,@nnoufa7853,That gives me the boss vibe.. I love it,0,2020-03-19T15:31:02Z,2020-03-19T15:31:02Z
UgxAeehzPF-FNhldUMt4AaABAg,,False,@noviasafitri6784,Berasa di tatap jadi dugem² deh😁😁,0,2020-03-19T15:30:56Z,2020-03-19T15:30:56Z
Ugyr4Lhodf8pXS36mRR4AaABAg,,False,@pcymaldonado9193,QUE ARTE,1,2020-03-19T15:30:54Z,2020-03-19T15:30:54Z
UgwDVO2vs02dcJ0PRMR4AaABAg,,False,@milagrosm.bernals.4997,YA SUBAN EL ÁLBUM!  QLEROOOOOOOSSSSSS,0,2020-03-19T15:30:45Z,2020-03-19T15:30:45Z
UgytX-zHWyCo_B0VKll4AaABAg,,False,@alterlove693,VISUAL KING!,0,2020-03-19T15:30:42Z,2020-03-19T15:30:42Z
UgypEmRUrbCC_28yTcB4AaABAg,,False,@chocobi9307,DAMN,0,2020-03-19T15:30:41Z,2020-03-19T15:30:41Z
UgzyQtJP7qBCUYbCGRp4AaABAg,,False,@NggTeresa7,Dear leader we can't handle this you are way tooooo HANDSOME.,0,2020-03-19T15:30:30Z,2020-03-19T15:30:30Z
UgzdDYUXVxbe-BTowUd4AaABAg,,False,@d.0.25,جماااااله,0,2020-03-19T15:30:23Z,2020-03-19T15:30:23Z
Ugz5tW4Jjnbx5oERXAB4AaABAg,,False,@dhdkakdaejqlnxn,준면아 최고야 사랑해 ㅠㅠㅠ,1,2020-03-19T15:30:22Z,2020-03-19T15:30:22Z
Ugyj6kMLgKJjtNDhiv14AaABAg,,False,@yusrinamalina8651,❣❣❣❣❣❣,0,2020-03-19T15:30:21Z,2020-03-19T15:30:21Z
Ugyj6kMLgKJjtNDhiv14AaABAg.96OPRtlIaZX96OPWFwoal7,Ugyj6kMLgKJjtNDhiv14AaABAg,True,@آنجل-ت6ن,"*delete itttt plssss*
*احذفييييييييهه*",0,2020-03-19T15:30:57Z,2020-03-19T15:30:57Z
UgygLHwcF2PUKKmAk-B4AaABAg,,False,@Justin_isslpng,Suho serving us visuals my goodness!,0,2020-03-19T15:30:20Z,2020-03-19T15:30:20Z
UgxCnLbk4bkbenp38G14AaABAg,,False,@ronyahmedexo_l3653,❤❤❤❤❤❤❤,0,2020-03-19T15:30:15Z,2020-03-19T15:30:15Z
UgxCnLbk4bkbenp38G14AaABAg.96OPR5mRrYJ96OPYahkphI,UgxCnLbk4bkbenp38G14AaABAg,True,@آنجل-ت6ن,*احذفي الايموجي يجمددد والله حراام*,0,2020-03-19T15:31:16Z,2020-03-19T15:31:16Z
Ugy6CUCDxdJg-D5OSy94AaABAg,,False,@memoma2265,And this is how our leader is amazing ♡,0,2020-03-19T15:30:12Z,2020-03-19T15:30:12Z
UgwnhRiNQM_XPpUZCot4AaABAg,,False,@askan4004,😘😘😘😘😍,0,2020-03-19T15:30:10Z,2020-03-19T15:30:10Z
UgwnhRiNQM_XPpUZCot4AaABAg.96OPQWcVkIt96OP__Bp8NN,UgwnhRiNQM_XPpUZCot4AaABAg,True,@آنجل-ت6ن,"*لا تضع اي ايموجي او هاشتاق،لأنها تجمد المشاهدات!*
*Do not put any emoji or hatchag, because*
*it freezes views, I hope you understand*

*Huwag maglagay ng anumang emoji o hatchag, sapagkat ito ay nag-freeze ng mga tanawin, sana maintindihan mo!*

*Herhangi bir emoji veya hatchag koymayın, çünkü görünümleri dondurur, umarım anlarsınız!*

*Ne mettez pas d'emoji ou de hatchag, car cela gèle les vues, j'espère que vous comprenez!*

*किसी भी इमोजी या हैचग को मत डालें, क्योंकि यह विचारों को जमा देता है, मुझे आशा है कि आप समझ गए होंगे!*

*Jangan menaruh emoji atau hatchag, karena itu membekukan pandangan, saya harap Anda mengerti!*

*ビューをフリーズするため、絵文字やハッチャを入れないでください、理解してくださ
い!*

*Não coloque nenhum emoji ou hatchag, porque congela visualizações, espero que você entenda!*

*Setzen Sie keine Emoji oder Hatchag, weil es Ansichten einfriert, ich hoffe, Sie verstehen!*

*———————————————————————*",0,2020-03-19T15:31:32Z,2020-03-19T15:31:32Z
UgwnhRiNQM_XPpUZCot4AaABAg.96OPQWcVkIt96OQtxV26cG,UgwnhRiNQM_XPpUZCot4AaABAg,True,@askan4004,@@آنجل-ت6ن  Я из России sorry но я тебя не понимаю 😑,0,2020-03-19T15:43:03Z,2020-03-19T15:43:03Z
UgwnhRiNQM_XPpUZCot4AaABAg.96OPQWcVkIt96OWCrf_QnS,UgwnhRiNQM_XPpUZCot4AaABAg,True,@askan4004,@@آنجل-ت6ن What?,0,2020-03-19T16:29:28Z,2020-03-19T16:29:28Z
UgxvQ1ZLIIydnOmrWgl4AaABAg,,False,@aiNguyen-or8lt,Đẹp trai quá chồng uiii❤️,0,2020-03-19T15:30:09Z,2020-03-19T15:30:09Z
Ugwtyl1-vRp7gd8RtVJ4AaABAg,,False,@bunnyeowh6904,"Wet or Dry,you make us thirst Leadernim
Let’s go EXOLs, let’s go bunnyzens

Let our leader shine !!!",5,2020-03-19T15:30:09Z,2020-03-19T15:30:09Z
Ugyz16w0Y2jU8Rviq154AaABAg,,False,@ТалияКастро,Beautiful ❤️🤭,0,2020-03-19T15:30:02Z,2020-03-19T15:30:02Z
UgxzYzsTORyP_GqV1z94AaABAg,,False,@memoma2265,😍😍😍😍💓💓💓😍💓💓😍😍😍💓😍💓😍😍💓😍😍😭💓💓😍😍😍,0,2020-03-19T15:29:56Z,2020-03-19T15:29:56Z
UgxzYzsTORyP_GqV1z94AaABAg.96OPOnaoVec96OPdo2RZHF,UgxzYzsTORyP_GqV1z94AaABAg,True,@آنجل-ت6ن,*delete ittttt plsss!!*,0,2020-03-19T15:32:07Z,2020-03-19T15:32:07Z
Ugz4TY99eAfQO4UqELJ4AaABAg,,False,@z_esoo,-جست دموعع فخر-,0,2020-03-19T15:29:54Z,2020-03-19T15:29:54Z
UgzsdI58lbW7iKQIO714AaABAg,,False,@mainguyen50692,I wanna cry,0,2020-03-19T15:29:53Z,2020-03-19T15:29:53Z
Ugxd2a83zhZydvt3qcN4AaABAg,,False,@ТалияКастро,Оу😍,0,2020-03-19T15:29:51Z,2020-03-19T15:29:51Z
Ugz4bDJSdWD7r7GitS94AaABAg,,False,@exoexo_l44,You are my beautiful portrait ^_^,0,2020-03-19T15:29:49Z,2020-03-19T15:29:49Z
UgyqOi91WhH2dpZl0mB4AaABAg,,False,@melisafar3293,Suho=Art,0,2020-03-19T15:29:42Z,2020-03-19T15:29:42Z
Ugyf2OioP_oDnlXItpV4AaABAg,,False,@musfiraa1059,Wowwww,1,2020-03-19T15:29:39Z,2020-03-23T12:42:45Z
Ugx16JPeKbhAKZn6QaF4AaABAg,,False,@amirahnurhanin8046,SARANGHAJA❤❤❤,0,2020-03-19T15:29:36Z,2020-03-19T15:29:36Z
Ugw-FjE9emPOIq7LNHZ4AaABAg,,False,@yunisazahratulazkiya7352,ganteng...,0,2020-03-19T15:29:33Z,2020-03-19T15:29:33Z
UgwBANn3XNFXwmkPAZR4AaABAg,,False,@user-vi1us6uk7n,"لايك قبل ما اشوف الفيديو 
انزل لخانه التعليقات كل الاكسوالز بيعملوها",60,2020-03-19T15:29:32Z,2020-03-19T15:29:32Z
UgwBANn3XNFXwmkPAZR4AaABAg.96OPLrhniqf96OVRuTSPli,UgwBANn3XNFXwmkPAZR4AaABAg,True,@randalomari5605,ترا الحياة حلو مع اكسو  صحيح,2,2020-03-19T16:22:47Z,2020-03-19T17:41:01Z
UgwBANn3XNFXwmkPAZR4AaABAg.96OPLrhniqf96OYkJZv23z,UgwBANn3XNFXwmkPAZR4AaABAg,True,@user-vi1us6uk7n,بليييز بليييز انشري بالتعليقات لا تستخدموا الايموجي لانها تحذف المشاهدات,2,2020-03-19T16:51:39Z,2020-03-19T16:51:39Z
UgwBANn3XNFXwmkPAZR4AaABAg.96OPLrhniqf96O_HX_E_6v,UgwBANn3XNFXwmkPAZR4AaABAg,True,@الهياةهلوهابتصموا,احذفي الايموجي لانها تحذف المشاهدات حبيبتي,1,2020-03-19T17:05:03Z,2020-03-19T17:05:03Z
Ugwhb06pYxSZxBiYdFV4AaABAg,,False,@kirstenbunhart4226,Uri leadernim is so lovely 😍 Can't wait for 03.30.20 🤗🤗🤗,0,2020-03-19T15:29:31Z,2020-03-19T15:29:31Z
Ugy0ug6M1Mud8rXm4tB4AaABAg,,False,@xiub4878,"One word:
Elegance",0,2020-03-19T15:29:29Z,2020-03-19T15:29:29Z
UgwlXDpf12wG8-LGFah4AaABAg,,False,@댕_댕,사랑해.... 이 말밖에 못하겠다.....,0,2020-03-19T15:29:22Z,2020-03-19T15:29:22Z
Ugwzsq_y8a9Hk5gam7F4AaABAg,,False,@ayamekooofficial7457,amazing!!,0,2020-03-19T15:29:20Z,2020-03-19T15:29:20Z
UgyHsofpCim-3haR-e14AaABAg,,False,@byulsom8481,bunny bunny❤❤🐰🐰,0,2020-03-19T15:29:18Z,2020-03-19T15:29:18Z
UgyIVwo7Wj1rBZyhjgt4AaABAg,,False,@janemon862,"Suho, suho is awww❤❤❤❤❤❤",0,2020-03-19T15:29:16Z,2020-03-19T15:29:16Z
UgzBONSj01YbKFPOWXd4AaABAg,,False,@janinEri11,Handsome Super Leadernim!! 😍😍❤❤,0,2020-03-19T15:29:15Z,2020-03-19T15:29:15Z
UgwcOtlxHmpt3v5ivdB4AaABAg,,False,@kireineko4859,"‪💙‬ @kimjuncotton 
‪#SUHOARCHIVE20 #SUHO_STORY‬
‪#EXO #Self_Portrait #weareoneEXO #수호 #SUHO #엑소",0,2020-03-19T15:29:13Z,2020-03-19T15:29:13Z
UgyAAkHOUAn18B_ksd54AaABAg,,False,@str2405,سوهووو يمممه يكيووت يحلوو,0,2020-03-19T15:29:13Z,2020-03-19T15:29:13Z
UgyQfG44NbIldAOs_6x4AaABAg,,False,@r.aisminabila3124,i'm gonna miss u suho -ah 😣😭😭😭,0,2020-03-19T15:29:12Z,2020-03-19T15:29:12Z
UgylzWAPGBUIppy9xqd4AaABAg,,False,@lovingyakki,준며나... 그렇게 잘생긴 건 불법이야.......,0,2020-03-19T15:29:06Z,2020-03-19T15:29:06Z
UgwPPXD1bDGWVAp_JtR4AaABAg,,False,@casandraguadalupehernandez1021,I really love 😭❤️,0,2020-03-19T15:29:05Z,2020-03-19T15:29:05Z
UgyR_0dr4Iw6DPB4vfZ4AaABAg,,False,@roxypurple,Jesus que coisa lindaaaaaa,0,2020-03-19T15:29:04Z,2020-03-19T15:29:04Z
UgxH0Zftmg8BVfQUsiJ4AaABAg,,False,@andy_ros,Aaaaaawh esos lunares 🥰 waiting for this art,0,2020-03-19T15:29:03Z,2020-03-19T15:29:03Z
UgwbIZ7ABPiA6H9I-tR4AaABAg,,False,@nann2003,우와...,0,2020-03-19T15:29:03Z,2020-03-19T15:29:03Z
Ugz2ffQiCGj18pfC5KN4AaABAg,,False,@str2405,فايتنغ سوهوو 💜💜,0,2020-03-19T15:29:02Z,2020-03-19T15:29:02Z
UgxVrvfhi93Gsx59wPJ4AaABAg,,False,@배쿵,내가 사는이유... 오직 김준면 당신만이 내 이유.......,1,2020-03-19T15:29:00Z,2020-03-19T15:29:00Z
UgxuEucPk5_U0tNx9bJ4AaABAg,,False,@izyannabila4181,What is this beautiful man?,0,2020-03-19T15:28:59Z,2020-03-19T15:28:59Z
Ugx1GoDy9XgbjgkV10F4AaABAg,,False,@str2405,سوهووو,0,2020-03-19T15:28:56Z,2020-03-19T15:28:56Z
UgzVOIiHba5us-YrUcp4AaABAg,,False,@nouran_200,our leader 💛💙💜,0,2020-03-19T15:28:56Z,2020-03-19T15:28:56Z
UgxtPV0bHKqbiHkIcZR4AaABAg,,False,@elleford7945,oh yes a king,0,2020-03-19T15:28:53Z,2020-03-19T15:28:53Z
UgwYWyrwadCxgkiJtxF4AaABAg,,False,@paltitapalteada9927,OMG. 사랑하지만 준면,0,2020-03-19T15:28:52Z,2020-03-19T15:29:13Z
UgwjARhPjXmD3uFv3x54AaABAg,,False,@shinestars2859,Wow,0,2020-03-19T15:28:51Z,2020-03-19T15:28:51Z
Ugx9gO7-AVwPoUzywAJ4AaABAg,,False,@user-zq8il2dx5o,와 me친 jonna 잘생겼da,0,2020-03-19T15:28:49Z,2020-03-19T15:28:49Z
UgzzzQUiF2v9m_kNK-h4AaABAg,,False,@minshookie427,It's not even the m/v and I'm crying  ugly rn 😭😭😭😭,0,2020-03-19T15:28:48Z,2020-03-19T15:28:48Z
Ugy7t6zYOcUgPHg8iG54AaABAg,,False,@anadavalos2073,I LOVE JUNMYEON❤,0,2020-03-19T15:28:45Z,2020-03-19T15:28:45Z
Ugw_nxLY_k4kxx3qkdV4AaABAg,,False,@lizbethmin9269,¡Lo amo! Suho Suho,0,2020-03-19T15:28:36Z,2020-03-19T15:28:36Z
UgxCe1IIyIkPgOVxXBR4AaABAg,,False,@nabaaexo_1748,منو منتبه انو تاو و سوهو راح ينزلون اغنية بأوقات مقاربة,18,2020-03-19T15:28:30Z,2020-03-19T15:28:30Z
UgxCe1IIyIkPgOVxXBR4AaABAg.96OPEKg94LT96OQFT1-URe,UgxCe1IIyIkPgOVxXBR4AaABAg,True,@exoplanet9737,ممكن سؤال امتى ينزل تاو الاغنية جوابي بليززز,2,2020-03-19T15:37:23Z,2020-03-19T15:37:23Z
UgxCe1IIyIkPgOVxXBR4AaABAg.96OPEKg94LT96OSh4dSra2,UgxCe1IIyIkPgOVxXBR4AaABAg,True,@nabaaexo_1748,@@exoplanet9737 والله ما اعرف بس هو اليوم نزل على قناته على اليوتيوب اعلان على الاغنية,3,2020-03-19T15:58:46Z,2020-03-19T15:58:46Z
UgxCe1IIyIkPgOVxXBR4AaABAg.96OPEKg94LT96OWBJFl2Rk,UgxCe1IIyIkPgOVxXBR4AaABAg,True,@zainobya,شنو اسم قناته؟,1,2020-03-19T16:29:15Z,2020-03-19T16:29:15Z
UgxCe1IIyIkPgOVxXBR4AaABAg.96OPEKg94LT96OYQBt0D4S,UgxCe1IIyIkPgOVxXBR4AaABAg,True,@nabaaexo_1748,@@zainobya ZTAO,1,2020-03-19T16:48:46Z,2020-03-19T16:48:46Z
UgxfML-zE9V552_Pjft4AaABAg,,False,@rieminseokkim5916,"We love you our leader! #SUHOARCHIVE20 #SELF_PORTRAIT 
#김준면 #수호 #SUHO #金俊勉 #スホ @weareoneEXO #EXO",0,2020-03-19T15:28:29Z,2020-03-19T15:28:29Z
UgyI4q9iZnupVV7QMD94AaABAg,,False,@saythenam,I don't know. This video make me feeling sad :( Good job leader. Rooting for you,0,2020-03-19T15:28:29Z,2020-03-19T15:28:29Z
UgwifuVU07vQevZXdCB4AaABAg,,False,@beliarestupermatasari2934,The perfect husband💙,1,2020-03-19T15:28:28Z,2020-03-19T15:28:28Z
UgwifuVU07vQevZXdCB4AaABAg.96OPE7hxSdG96OcvbpCyXY,UgwifuVU07vQevZXdCB4AaABAg,True,@danyahf2282,Delete emoji please we are one,0,2020-03-19T17:36:53Z,2020-03-19T17:36:53Z
UgyMUenU5VjWsCH8ifB4AaABAg,,False,@claudiariveraperez5813,Siento que está sera mi favorita :),0,2020-03-19T15:28:25Z,2020-03-19T15:28:25Z
UgzLOScrDSs6DC-hktN4AaABAg,,False,@lizbethmin9269,¡¡¡Es un principe!!!💗💗💗,0,2020-03-19T15:28:18Z,2020-03-19T15:28:18Z
Ugy-30ztW3Ms28Wx0qp4AaABAg,,False,@fatimahnur7477,My mood junmyeon leadernim,0,2020-03-19T15:28:17Z,2020-03-19T15:28:17Z
UgyArVZI3kWzFGFx-IF4AaABAg,,False,@lailalabrassi4752,0:36 seconds of healing and meditation♥♥♥SUHO PURE LEGEND,1,2020-03-19T15:28:16Z,2020-03-19T15:28:16Z
UgyArVZI3kWzFGFx-IF4AaABAg.96OPCeCNP_y96Oc1dzrplN,UgyArVZI3kWzFGFx-IF4AaABAg,True,@danyahf2282,No emoje,0,2020-03-19T17:29:06Z,2020-03-19T17:29:06Z
Ugz8pSuGfr6QZyDaXER4AaABAg,,False,@lhh32691030,진짜 멋있고 아름답고... 수호 솔로앨범 기대된다,1,2020-03-19T15:28:15Z,2020-03-19T15:28:15Z
UgyOJZtCkpIfblY1FVN4AaABAg,,False,@rismaanandari2793,Assalamualaikum cogan calon suami masa depan.,0,2020-03-19T15:28:10Z,2020-03-19T15:28:10Z
Ugy0SfAXbI7Mml907Xl4AaABAg,,False,@lucilavargas507,Aaahhhh!!!! OMG!!! ♡(ӦｖӦ｡),0,2020-03-19T15:28:09Z,2020-03-19T15:28:09Z
Ugyq-Ywh2a87oUJrkzl4AaABAg,,False,@May-iz5rn,Que princeso,1,2020-03-19T15:28:09Z,2020-03-19T15:28:09Z
Ugza8CxTOgXtbl-s39t4AaABAg,,False,@user-nk3pt1hr2m,"Beautifully excited 
Arab Exo-l 

منو اكسوال ؟؟",48,2020-03-19T15:28:08Z,2020-03-19T15:28:08Z
Ugza8CxTOgXtbl-s39t4AaABAg.96OPBf391D096OQHaO4nwx,Ugza8CxTOgXtbl-s39t4AaABAg,True,@maryam1707,مي,1,2020-03-19T15:37:41Z,2020-03-19T15:37:41Z
Ugza8CxTOgXtbl-s39t4AaABAg.96OPBf391D096OQeb2-AFJ,Ugza8CxTOgXtbl-s39t4AaABAg,True,@user-bf4ro7ln9n,اناااااا,1,2020-03-19T15:40:57Z,2020-03-19T15:40:57Z
Ugza8CxTOgXtbl-s39t4AaABAg.96OPBf391D096OQtSk31ld,Ugza8CxTOgXtbl-s39t4AaABAg,True,@mirinda_appell6728,اكسوال وافتخر❤❤❤,2,2020-03-19T15:42:59Z,2020-03-19T15:42:59Z
Ugza8CxTOgXtbl-s39t4AaABAg.96OPBf391D096OS0HTpgHi,Ugza8CxTOgXtbl-s39t4AaABAg,True,@_maybenabaa,انا اكسوال بس ممكن ما تحطون ايموحي عشان الايمزجي يجمد المشاهدات امسوحهن و اي شخص يحط ايموجي قولوا له اذا عربي فبالعربي و اذا غير عربي فبالانكليزي,2,2020-03-19T15:52:48Z,2020-03-19T15:52:48Z
Ugza8CxTOgXtbl-s39t4AaABAg.96OPBf391D096OSBc0c9YN,Ugza8CxTOgXtbl-s39t4AaABAg,True,@threekillers9725,اناااع,1,2020-03-19T15:54:20Z,2020-03-19T15:54:20Z
UgxB1Xk2jc-FhD08jMV4AaABAg,,False,@neeshachettri2397,i love you angel :*,0,2020-03-19T15:28:08Z,2020-03-19T15:28:08Z
UgwJLJXVRqd9RehoLFl4AaABAg,,False,@rahaf.2441,خقيت من اول ربع ثانية,8,2020-03-19T15:28:08Z,2020-03-19T17:26:03Z
UgwJLJXVRqd9RehoLFl4AaABAg.96OPBc6lovp96OaDshOq7Y,UgwJLJXVRqd9RehoLFl4AaABAg,True,@ayla1756,بدون ايموجي بليز,0,2020-03-19T17:13:18Z,2020-03-19T17:13:18Z
UgwJLJXVRqd9RehoLFl4AaABAg.96OPBc6lovp96ObfZGF768,UgwJLJXVRqd9RehoLFl4AaABAg,True,@rahaf.2441,AYLA اوك راح امسحة,0,2020-03-19T17:25:57Z,2020-03-19T17:25:57Z
UgxZzZ53uzin2Un6A_h4AaABAg,,False,@ttptwp354,ชั้นสูงมากค่ะ ทรงพระวีอาร์วัน,0,2020-03-19T15:28:07Z,2020-03-19T15:28:07Z
UgwsEePII3nEw2FJugJ4AaABAg,,False,@yslana5905,A PERFECT LEADER MASHALLAH,0,2020-03-19T15:28:07Z,2020-03-19T15:28:07Z
UgyItl9z1uNUHa5PN_R4AaABAg,,False,@mizzrover,AN ART,0,2020-03-19T15:28:06Z,2020-03-19T15:28:06Z
UgxsKiGuV5qi0-l3QFh4AaABAg,,False,@rhea4805,The mood sampler gives you the feeling of success. It was like accomplishing a great thing after a long tireful day.,2,2020-03-19T15:28:05Z,2020-03-19T15:28:05Z
UgxfdlheVjTYXNx9Rct4AaABAg,,False,@آنجل-ت6ن,*يا اخوانن اتعببب وانا اقولل لا تحطواا ايموجييي* *!!*,18,2020-03-19T15:27:50Z,2020-03-19T15:27:50Z
UgzpCUbUw0HxFrN2KMJ4AaABAg,,False,@nicoletanico9965,Can i enlist for him?!?!!!  I'm gonna pull a Mulan on the karmy,0,2020-03-19T15:27:45Z,2020-03-19T15:27:55Z
Ugxr5VFRTMmMbuF1e4Z4AaABAg,,False,@vavilovaanastasia4218,СУХО ТАКОЙ КРАСИВЫЙ АОАОАОПООАОАОАОАО,0,2020-03-19T15:27:43Z,2020-03-19T15:27:43Z
UgwMv3xuiPfTgGCj9QJ4AaABAg,,False,@islacer5310,SO BEAUTİFULLL,0,2020-03-19T15:27:41Z,2020-03-19T15:27:41Z
UgylVGZ-6cbV0PcTH3d4AaABAg,,False,@gunaprabakaran8704,"Sm: how many beautiful shots do u need?
Suho: YES!",28,2020-03-19T15:27:40Z,2020-03-19T15:27:40Z
UgyQL48X4Jfsjc_3Wzp4AaABAg,,False,@XiuDeer326,*I love you and I will always love you .... We all miss you !! Be fine we always Stay with you))*,0,2020-03-19T15:27:40Z,2020-03-19T15:27:40Z
Ugy7wsvr0k-KnbpHgR54AaABAg,,False,@abida6128,Uri leadernim,0,2020-03-19T15:27:38Z,2020-03-19T15:30:42Z
Ugy7wsvr0k-KnbpHgR54AaABAg.96OP82SdLqk96OPDGddBfA,Ugy7wsvr0k-KnbpHgR54AaABAg,True,@آنجل-ت6ن,*delete the emojii.plss*,1,2020-03-19T15:28:21Z,2020-03-19T15:28:21Z
UgxbeVIODKZJ6Wv4BVd4AaABAg,,False,@rajawy6627,فخر الكيبوب,0,2020-03-19T15:27:38Z,2020-03-19T15:27:38Z
UgxfUO5i24fqTo_-svN4AaABAg,,False,@hamushul2710,Winds,0,2020-03-19T15:27:38Z,2020-03-19T15:27:38Z
Ugw6JnWRbw47VXu0R0J4AaABAg,,False,@nafissaeidi,تو امید زندگی‌ منی...,0,2020-03-19T15:27:38Z,2020-03-19T15:27:38Z
UgxpFRbkyPtBZByfJP94AaABAg,,False,@dracula7564,eu não consigo esperar...,0,2020-03-19T15:27:35Z,2020-03-19T15:27:35Z
Ugyga-PZvHuz48HDfnp4AaABAg,,False,@rubyenpearl,❤️💕,0,2020-03-19T15:27:34Z,2020-03-19T15:27:34Z
UgwA1_tBWwTfJOlZbfR4AaABAg,,False,@Hello_Vuitton,"Our handsome leader, love it",0,2020-03-19T15:27:29Z,2020-03-19T15:27:29Z
Ugx8CrQGNQDFSU-ilyV4AaABAg,,False,@leeniana9925,اكسوال اثبتي وجودك بالايك 🙋🏻‍♀️😍,17,2020-03-19T15:27:28Z,2020-03-19T15:27:28Z
Ugx8CrQGNQDFSU-ilyV4AaABAg.96OP6iLU5Uo96OPGFF4zcY,Ugx8CrQGNQDFSU-ilyV4AaABAg,True,@آنجل-ت6ن,*احذفي الايموجيي يجمددددد تكفينن ماله نص ساعهه نازل!!!!*,3,2020-03-19T15:28:45Z,2020-03-19T15:28:45Z
Ugx8CrQGNQDFSU-ilyV4AaABAg.96OP6iLU5Uo96OZ6LNccHX,Ugx8CrQGNQDFSU-ilyV4AaABAg,True,@ayla1756,بدون ايموجييي,1,2020-03-19T16:54:47Z,2020-03-19T16:54:47Z
Ugx8CrQGNQDFSU-ilyV4AaABAg.96OP6iLU5Uo96Obvqfcxth,Ugx8CrQGNQDFSU-ilyV4AaABAg,True,@danyahf2282,احذفي التعليق وعيديه بدون ايموجي,1,2020-03-19T17:28:10Z,2020-03-19T17:28:10Z
UgzXegORL-aiMleWyQ14AaABAg,,False,@nafissaeidi,تو همه ی زندگی منی...,0,2020-03-19T15:27:26Z,2020-03-19T15:27:26Z
Ugztn8DSYaoIQrXKciN4AaABAg,,False,@khushigupta9103,So pretty,0,2020-03-19T15:27:22Z,2020-03-19T15:27:22Z
Ugy8WKMi2XEKKnYPYg54AaABAg,,False,@آنجل-ت6ن,"*لا تضع اي ايموجي او هاشتاق،لأنها تجمد المشاهدات!*

*Do not put any emoji or hatchag, because*
*it freezes views, I hope you understand*

*Huwag maglagay ng anumang emoji o hatchag, sapagkat ito ay nag-freeze ng mga tanawin, sana maintindihan mo!*

*Herhangi bir emoji veya hatchag koymayın, çünkü görünümleri dondurur, umarım anlarsınız!*

*Ne mettez pas d'emoji ou de hatchag, car cela gèle les vues, j'espère que vous comprenez!*

*किसी भी इमोजी या हैचग को मत डालें, क्योंकि यह विचारों को जमा देता है, मुझे आशा है कि आप समझ गए होंगे!*

*Jangan menaruh emoji atau hatchag, karena itu membekukan pandangan, saya harap Anda mengerti!*

*ビューをフリーズするため、絵文字やハッチャを入れないでください、理解してくださ
い!*

*Não coloque nenhum emoji ou hatchag, porque congela visualizações, espero que você entenda!*

*Setzen Sie keine Emoji oder Hatchag, weil es Ansichten einfriert, ich hoffe, Sie verstehen!*

*———————————————————————*",11,2020-03-19T15:27:22Z,2020-03-19T15:27:22Z
Ugxh7ZnYDeS_AGfOkPd4AaABAg,,False,@vsc04,우니 리더 준면이 또 수호 사랑하자,0,2020-03-19T15:27:20Z,2020-03-19T15:27:20Z
UgxpjFNcD9IYhpp7NDR4AaABAg,,False,@ماننسىماحصلفي2017,سوهو,1,2020-03-19T15:27:17Z,2020-03-19T16:44:17Z
UgxpjFNcD9IYhpp7NDR4AaABAg.96OP5Tth2Ep96OPItex-6x,UgxpjFNcD9IYhpp7NDR4AaABAg,True,@آنجل-ت6ن,*احذفي الايموجي ترا ماله نص ساعه نازلل!!*,0,2020-03-19T15:29:07Z,2020-03-19T15:29:07Z
UgwP64poF7GBhoBzN654AaABAg,,False,@aerizenluv3687,Suho fighting 💙,0,2020-03-19T15:27:15Z,2020-03-19T15:27:31Z
UgzcgICiuZr123mSN9l4AaABAg,,False,@kaycemonroyo778,"Omg😍😍 so proud to the best kpop leadernim 😍😍

I'm gonna buy your album even corona virus won't stop me 😁😁💪💪

Phixo always at your back!!
#EXO #weareoneEXO #OBSESSION #selfportrait #leadernimsuhosoloist 😍😍",0,2020-03-19T15:27:13Z,2020-03-19T15:27:54Z
UgzcgICiuZr123mSN9l4AaABAg.96OP4yJGFrm96OPOLBhBDs,UgzcgICiuZr123mSN9l4AaABAg,True,@آنجل-ت6ن,*plss dont be stupid and delete the emoji and hashtag!!!!*,0,2020-03-19T15:29:52Z,2020-03-19T15:29:52Z
UgwEl1lXatm9Ltzmql94AaABAg,,False,@munhyunhan6583,Cant wait to hear your beautiful voice... thank you for existing...we love you leader nim...our dear and best leader Suho...Kim Jumyeon...Jaiyo!!!!!!,0,2020-03-19T15:27:12Z,2020-03-19T15:27:12Z
Ugx0UyBTCm7QVYIrHmR4AaABAg,,False,@novhyrahma5702,GANTENG BANGET GILAAKK🔥🔥,0,2020-03-19T15:27:12Z,2020-03-19T15:27:12Z
UgxbJWjIgps2humH6nR4AaABAg,,False,@baderah6217,في عرب ؟🌚,2,2020-03-19T15:27:10Z,2020-03-19T15:27:10Z
UgxbJWjIgps2humH6nR4AaABAg.96OP4bQaNPY96OPKn8HrqM,UgxbJWjIgps2humH6nR4AaABAg,True,@آنجل-ت6ن,*احذفي الايموجي*,0,2020-03-19T15:29:23Z,2020-03-19T15:29:23Z
UgxbJWjIgps2humH6nR4AaABAg.96OP4bQaNPY96OPS0ePJqQ,UgxbJWjIgps2humH6nR4AaABAg,True,@adan-so8gi,يب يب هون+بدوون ايموجي بلييز يجمد المشاهداات,0,2020-03-19T15:30:22Z,2020-03-19T15:30:22Z
Ugy9p3hGkPqL2zo5-VB4AaABAg,,False,@الأساطير-ت6غ,"اكسوالز جاهزين نحن نتظرك سووهووو فأنتيغ 


عاشقت EXO يول",15,2020-03-19T15:27:10Z,2020-03-19T15:27:10Z
UgzKbO_mmC2AcZnV1G14AaABAg,,False,@eikichan9135,kjm！,0,2020-03-19T15:27:07Z,2020-03-19T15:27:07Z
UgxLqPcXcxUEDLcxsM94AaABAg,,False,@ماننسىماحصلفي2017,مييين مابيحب اكسوووو بالله,1,2020-03-19T15:27:07Z,2020-03-19T16:44:29Z
UgxLqPcXcxUEDLcxsM94AaABAg.96OP4BZBZ1o96OPQNctzDu,UgxLqPcXcxUEDLcxsM94AaABAg,True,@آنجل-ت6ن,*احذفي الايموجيي!!*,0,2020-03-19T15:30:08Z,2020-03-19T15:30:08Z
UgzdNWwcPfFz-_p6pHl4AaABAg,,False,@HariBoohe,얼굴 너무 황홀해,2,2020-03-19T15:27:03Z,2020-03-19T15:27:03Z
UgzLvs1Ufmts_59f9Mp4AaABAg,,False,@tresnanf9664,Estetik bangettt,0,2020-03-19T15:27:03Z,2020-03-19T15:27:03Z
UgzG5Hyb6NdzW26fEsB4AaABAg,,False,@oohmalak9078,مرة خالتي كانت تصلي سوو لما خلصت شوفتهة  صوراكسو وصورة  سوهو سوو كامت تشتم عمها وتقولي شنو هدا متاكدة بشر يجنن سوو كالتلي ملاك همزي شوفتيني الصورة ورا ماصليت ههههههه,0,2020-03-19T15:26:59Z,2020-03-19T15:26:59Z
UgzG5Hyb6NdzW26fEsB4AaABAg.96OP3BwPzWU96OPJu4LnX1,UgzG5Hyb6NdzW26fEsB4AaABAg,True,@oohmalak9078,@Thanaa mohammed دوم,0,2020-03-19T15:29:15Z,2023-10-24T05:11:55Z
UgzcuAzACTWTkMnZ1294AaABAg,,False,@listyaa99,🤩😍😍🐰💕💕,0,2020-03-19T15:26:55Z,2020-03-19T15:26:55Z
UgyuKUwU9hspoQ8AuUt4AaABAg,,False,@lali_suho4257,มันดีมากๆ สมกับเป็นคุณคอตตอนที่สุด งือ 😍🐰👍🏻😭💗,0,2020-03-19T15:26:54Z,2020-03-19T15:26:54Z
UgysXF2ZD11Zt_nicQl4AaABAg,,False,@Avva.ItsAnna,Our Leader is the real definition of ART! 😍💕,0,2020-03-19T15:26:51Z,2020-03-19T15:26:51Z
Ugy7T7DOgDBkAjaP7Ih4AaABAg,,False,@vimo109,"Suho: * just breathing *
Exo-l:Hdhjejebsjsksnjzbdbenmqk",16,2020-03-19T15:26:48Z,2020-03-19T15:26:48Z
UgxBu1GvMhB8y-1pa7B4AaABAg,,False,@jaimeragudojr7754,I will support you till the end. 😊😊😊 SUHO,0,2020-03-19T15:26:48Z,2020-03-19T15:26:48Z
Ugxq4mfeCk45nk2pV4N4AaABAg,,False,@yusatoohno1003,This has the oasis feeling but more up to beat.. Can't wait for it,0,2020-03-19T15:26:47Z,2020-03-19T15:26:47Z
UgySlrdQmTC36odZMxh4AaABAg,,False,@johdilf9819,he truly is a work of art,0,2020-03-19T15:26:42Z,2020-03-19T15:26:42Z
UgyvR_dq_Rn3wstwIq94AaABAg,,False,@meem3236,SUHO IS PERFECT,0,2020-03-19T15:26:39Z,2020-03-19T15:26:39Z
UgwVJqXdHOVv9zdtmvF4AaABAg,,False,@nrxii,احبك  :(.,0,2020-03-19T15:26:38Z,2020-03-19T15:26:38Z
UgyfqajovPvGUYcEty14AaABAg,,False,@kypat4594,Everyone  we must support our leader SUHO’s 1st solo album! What are you waiting for?!,0,2020-03-19T15:26:35Z,2020-03-19T15:26:35Z
UgytC-ojqba2HStRqGR4AaABAg,,False,@baekhyunbun350,Wow,0,2020-03-19T15:26:34Z,2020-03-19T15:26:34Z
Ugy507XZqDDe_gzr35V4AaABAg,,False,@llvrsrvl4732,Suhoo handsome😭😭❤️❤️❤️,0,2020-03-19T15:26:30Z,2020-03-19T15:26:30Z
UgwIF1_wTBqto_O-dbB4AaABAg,,False,@Junni272,I just hope he gets the equal support from exols just like rest of the members. This is his last project before he enlists. He only deserves the best.,2,2020-03-19T15:26:29Z,2020-03-19T15:26:29Z
UgzpE0THAp1MSbXEYpN4AaABAg,,False,@لانريدسوىالسلام,تحذيييير جيش الاكسوالز هنا ابتعدوا ولا سيتم سحقكم,0,2020-03-19T15:26:10Z,2020-03-19T16:43:27Z
UgzpE0THAp1MSbXEYpN4AaABAg.96OOyIkGKPB96OP0FIO0Fr,UgzpE0THAp1MSbXEYpN4AaABAg,True,@آنجل-ت6ن,*احذفيييي الايموجيييييييييي*,0,2020-03-19T15:26:34Z,2020-03-19T15:26:34Z
UgzpE0THAp1MSbXEYpN4AaABAg.96OOyIkGKPB96OXmRoQvxp,UgzpE0THAp1MSbXEYpN4AaABAg,True,@لانريدسوىالسلام,@@آنجل-ت6ن  اوكي,0,2020-03-19T16:43:12Z,2020-03-19T16:43:12Z
Ugz1WanzVvYYl6ok12t4AaABAg,,False,@РаминаПак,"I really love mood sampler, they are... I don't know how to say it....",0,2020-03-19T15:26:06Z,2020-03-19T15:26:06Z
UgyFuRMhmMcY7jZUbXt4AaABAg,,False,@elifnursanl9407,Çoook güzell 😍,0,2020-03-19T15:26:03Z,2020-03-19T15:26:03Z
UgyD2V_6N5ccjUvSE2h4AaABAg,,False,@Kim.choi1,Love,0,2020-03-19T15:25:56Z,2020-03-19T15:26:24Z
UgweF8gWtPjgIzIxxmZ4AaABAg,,False,@octopus____,I think this songs Can Be good♡♡,2,2020-03-19T15:25:56Z,2020-03-19T15:25:56Z
Ugzymj3kBuXSVJEWePd4AaABAg,,False,@nimramalik7245,Thats another level honestly. I have no words.,0,2020-03-19T15:25:51Z,2020-03-19T15:25:51Z
UgyXEirva4_Ynuq_27J4AaABAg,,False,@saraalhebsi532,Goooo SUHOOOOOOO 😭❤️,0,2020-03-19T15:25:48Z,2020-03-19T15:25:48Z
Ugx3ST_jHtmqMv-Q6wB4AaABAg,,False,@aprilandaflower,hIS POWER,0,2020-03-19T15:25:45Z,2020-03-19T15:25:45Z
UgyzHl5BPm6Mk_sZ59F4AaABAg,,False,@ngothimai7841,You are handsome ❤❤❤❤❤,0,2020-03-19T15:25:45Z,2020-03-19T15:25:45Z
UgxLRSLuwgbmRpppinh4AaABAg,,False,@24saturnx,the best person ever,0,2020-03-19T15:25:42Z,2020-03-19T15:25:42Z
UgzL9nsvvoR7_HVeyol4AaABAg,,False,@لانريدسوىالسلام,*لا نريد سوا سلامه اكسو*,0,2020-03-19T15:25:41Z,2020-03-19T15:25:41Z
UgxutrJcUdqjqmBX_VF4AaABAg,,False,@XiuDeer326,*보고싶다((❤️*,0,2020-03-19T15:25:40Z,2020-03-19T15:25:40Z
UgzN1WgmPaNLERSwnBR4AaABAg,,False,@أروىالقحطاني-خ4خ,"IM SCREAMING,I CANNOT WAIT UNTIL 30TH MARCH",2,2020-03-19T15:25:37Z,2020-03-19T15:25:37Z
Ugyy-Bu0BXmX12TOKRZ4AaABAg,,False,@자허블-e9h,어어엄청 기대하고 있어요~ 준면오빠 화이팅!! 자화상 흥하자!!!!(ღ•͈ᴗ•͈ღ)❤️,2,2020-03-19T15:25:34Z,2020-03-19T15:25:34Z
UgyYXOncPY2LL004crB4AaABAg,,False,@jiahuan4782,OMG he's so charming !!!,0,2020-03-19T15:25:30Z,2020-03-19T15:25:30Z
Ugz1UyyLxAHccPJ2ocV4AaABAg,,False,@sanaeraja8785,Suho fighting,0,2020-03-19T15:25:29Z,2020-03-19T15:25:29Z
UgwwuBlY7nxBTB_7bot4AaABAg,,False,@oohmalak9078,"النظرة يامحمد خلاااااااص معد اتحمللل راح اموووت موش بشر موش بشر 







زوجة سيهون الابدية مرت من هنا",26,2020-03-19T15:25:27Z,2020-03-19T15:25:27Z
UgwwuBlY7nxBTB_7bot4AaABAg.96OOt0-TjD296OWI7sOVsC,UgwwuBlY7nxBTB_7bot4AaABAg,True,@zainobya,ooh malak غنبلة غنبلة,0,2020-03-19T16:30:11Z,2020-03-19T16:30:11Z
UgwwuBlY7nxBTB_7bot4AaABAg.96OOt0-TjD296OXYk7TMFq,UgwwuBlY7nxBTB_7bot4AaABAg,True,@oohmalak9078,@@zainobya اي وربي حلغوم,0,2020-03-19T16:41:11Z,2020-03-19T16:41:11Z
UgwwuBlY7nxBTB_7bot4AaABAg.96OOt0-TjD296OZ2zOXO1c,UgwwuBlY7nxBTB_7bot4AaABAg,True,@ayla1756,حلغومم حلوياتت,0,2020-03-19T16:54:20Z,2020-03-19T16:54:20Z
UgwwuBlY7nxBTB_7bot4AaABAg.96OOt0-TjD296Oamkf7jhA,UgwwuBlY7nxBTB_7bot4AaABAg,True,@حياةجون-ق4ه,انا زوجه تشاينول,1,2020-03-19T17:18:11Z,2020-03-19T17:18:11Z
UgwwuBlY7nxBTB_7bot4AaABAg.96OOt0-TjD296Ow5IAym4e,UgwwuBlY7nxBTB_7bot4AaABAg,True,@zainobya,ooh malak يخسى الحلغوم گدامه :),0,2020-03-19T20:24:22Z,2020-03-19T20:24:22Z
Ugxd2Z6sj_hFeg4OFLd4AaABAg,,False,@لانريدسوىالسلام,تحذير جيش الاكسوالز هناااا📢📢📢🚫🚫 ابتعدوا والا سيتم سحقكم🚫🚫🚫,0,2020-03-19T15:25:22Z,2020-03-19T15:25:22Z
Ugxk-SdP_UinlpANLw94AaABAg,,False,@GlitteredinDPR,"Junmyeon, the AESTHETICS of your Artistry♡ love you with the boys, while for this deserved solo-- we couldn't be more grateful to see you shine in your own color. it will surely be a Gem!",1,2020-03-19T15:25:15Z,2020-03-19T15:25:15Z
UgwF6uDubJEgSZK-SWF4AaABAg,,False,@rosmery7656,Our precious Junmyeon 💖💖,0,2020-03-19T15:25:11Z,2020-03-19T15:25:11Z
Ugx8TMvzDG3X1njEXv14AaABAg,,False,@elyu3021,Uriiii suhoooo uri leaderrrr fighting💪💪💪💪💪,0,2020-03-19T15:25:09Z,2020-03-19T15:25:09Z
UgyLeeXt0h2hGGcq2Op4AaABAg,,False,@elyaguilar4949,Este hombre es tan perfecto!!!!!,0,2020-03-19T15:25:02Z,2020-03-19T15:25:02Z
UgxCCmj8I4P3iQn21hh4AaABAg,,False,@inahniwonwoo5999,I LOVE YOU JUNMYEON. I LOVE YOU SOOO MUCH WITH ALL MY HEART ❤️❤️❤️.,0,2020-03-19T15:25:00Z,2020-03-19T15:25:00Z
Ugx3W8a_ZNq4A_AUd4F4AaABAg,,False,@renrenrenrenrenren,"*لا تضع اي ايموجي او هاشتاق،لأنها تجمد المشاهدات!*
*Do not put any emoji or hatchag, because 
it freezes views, I hope you understand*

*Huwag maglagay ng anumang emoji o hatchag, sapagkat ito ay nag-freeze ng mga tanawin, sana maintindihan mo!*

*Herhangi bir emoji veya hatchag koymayın, çünkü görünümleri dondurur, umarım anlarsınız!*

*Ne mettez pas d'emoji ou de hatchag, car cela gèle les vues, j'espère que vous comprenez!*

*किसी भी इमोजी या हैचग को मत डालें, क्योंकि यह विचारों को जमा देता है, मुझे आशा है कि आप समझ गए होंगे!*

*Jangan menaruh emoji atau hatchag, karena itu membekukan pandangan, saya harap Anda mengerti!*

*ビューをフリーズするため、絵文字やハッチャを入れないでください、理解してくださ
い!*

*Não coloque nenhum emoji ou hatchag, porque congela visualizações, espero que você entenda!*

*Setzen Sie keine Emoji oder Hatchag, weil es Ansichten einfriert, ich hoffe, Sie verstehen!*

*———————————————————————*",1,2020-03-19T15:24:57Z,2020-03-19T15:24:57Z
Ugy0BaJz-bWT4GoDbQZ4AaABAg,,False,@oppawaipheu6782,왕자님 (•ө•)♡,0,2020-03-19T15:24:57Z,2020-03-19T15:24:57Z
Ugy5rWFFsue7AEV-A-x4AaABAg,,False,@icyjcsb,ALBUM OF THE YEAR,0,2020-03-19T15:24:56Z,2020-03-19T15:24:56Z
Ugz4pf08UwLi3JWwVkt4AaABAg,,False,@thankunext837,왜 너무 잘 생겼어?그래서 내 마음은 도약 ㅠ ㅠ,0,2020-03-19T15:24:55Z,2020-03-19T15:24:55Z
UgxFoATKR2aSsyzRS4p4AaABAg,,False,@АлександраСветлая-я6ф,The best leader in the world🌏 💕 you deserve it 💜,0,2020-03-19T15:24:49Z,2020-03-19T15:24:49Z
UgxdAtOGh3pIqmzHN0x4AaABAg,,False,@لانريدسوىالسلام,ستريييم سترييييم,0,2020-03-19T15:24:37Z,2020-03-19T15:24:37Z
Ugyy2S2Kif-56WfeFLJ4AaABAg,,False,@purwaningsih8594,😍😍😍😍😍😍😍,0,2020-03-19T15:24:36Z,2020-03-19T15:24:36Z
UgyCAhesQuG8ZrLV5vN4AaABAg,,False,@kmj4990,"어린왕자같아 준면이ㅠㅠㅜㅜㅠ
너를 기다리는 시간 마저 행복이야💙💙💙
사랑, 하자❤",1,2020-03-19T15:24:36Z,2020-03-19T15:24:36Z
UgyMCQ7V_2YP9axYF9R4AaABAg,,False,@XiuDeer326,"*يا رح احضنك ؟؟)""*",0,2020-03-19T15:24:34Z,2020-03-19T15:24:34Z
Ugwc3P9tDvLRiACvn8h4AaABAg,,False,@hanhan8609,Feeling good,0,2020-03-19T15:24:33Z,2020-03-19T15:24:33Z
Ugx1F5nc4IruyYgXBt94AaABAg,,False,@قمرالزمان-ج3ض,قلبي الصغير لم يعد يتحمل هاد الجمال😭,0,2020-03-19T15:24:31Z,2020-03-19T15:24:38Z
Ugyn-ufB6a6k19JHYpB4AaABAg,,False,@nurazizahf7338,😩😩😩😩😩😩,0,2020-03-19T15:24:30Z,2020-03-19T15:24:30Z
UgwPXUiFAJE1_YWdk1V4AaABAg,,False,@jaehyunwifeu3913,❤❤❤❤❤❤❤❤❤❤,0,2020-03-19T15:24:29Z,2020-03-19T15:24:29Z
UgwstG7HApgitgA-vKx4AaABAg,,False,@scheissal67,"i already know its a good song, objectively and subjectively",0,2020-03-19T15:24:23Z,2020-03-19T15:24:23Z
UgzNLpyNLrS-9IGk4Td4AaABAg,,False,@poojajamwal1111,Wow,0,2020-03-19T15:24:21Z,2020-03-19T15:24:21Z
UgxFn_ubPRsb1PUVH2x4AaABAg,,False,@РаминаПак,OH MY GOD IT IS SO BEAUTIFUL AND WOW THE MELODY IS SO WONDERFUL,0,2020-03-19T15:24:21Z,2020-03-19T15:24:21Z
Ugy1-N0kHyGg-RAYWNt4AaABAg,,False,@strawberrymark,"love you, kjm!!!",0,2020-03-19T15:24:14Z,2020-03-19T15:24:14Z
UgzTNTM6tTdxjqHnh7l4AaABAg,,False,@arpithass1199,"S U H O you are so handsome
It's amazing suho
BEST LEADER ON THE EARTH...SUHO",2,2020-03-19T15:24:13Z,2020-03-19T15:24:13Z
UgxYYCp0gHYYNd4Rlwh4AaABAg,,False,@Sohee_so_cute_7Riize,❤❤❤❤,0,2020-03-19T15:24:13Z,2020-03-19T15:24:13Z
UgwbLbMNfAOnrL3Xxo14AaABAg,,False,@_sushixuxi_5931,Can't wait til the song finally is out,0,2020-03-19T15:24:09Z,2020-03-19T15:24:09Z
UgypbGgE4GMI-In-4JB4AaABAg,,False,@kiyomouna5460,يا قلبي شو هل الحلى هاد 😍,0,2020-03-19T15:24:09Z,2020-03-19T15:24:09Z
UgyYODr0suplaVj3vgR4AaABAg,,False,@justanordinaryone.f,Çöldeki sahnelerde allık biraz çok mu olmuş sanki abxjjsz,0,2020-03-19T15:24:06Z,2020-03-19T15:24:06Z
UgxMe0TroFt-V8rNoIx4AaABAg,,False,@حضورملوكنايلغيمشاهداتكم,يله باشروا بالستريم,0,2020-03-19T15:24:05Z,2020-03-19T15:24:05Z
UgzeStB6z-U3fW2SOZR4AaABAg,,False,@gb1977,♥,0,2020-03-19T15:24:00Z,2020-03-19T15:24:00Z
Ugy1ntlEP7FMp7oSjft4AaABAg,,False,@حضورملوكنايلغيمشاهداتكم,متحمسيييين💃💃💣,0,2020-03-19T15:23:52Z,2020-03-19T15:23:52Z
Ugyd2k4H9gaGlqpILe94AaABAg,,False,@iusokk-pop3026,"Suho opa faiting - 
Something is moving away, so that something nicer comes closer 💛•",1,2020-03-19T15:23:52Z,2020-03-19T15:23:52Z
UgxniN44xoPAplKn6Wp4AaABAg,,False,@kyla3403,YES KING,0,2020-03-19T15:23:44Z,2020-03-19T15:23:44Z
Ugx3OvIaQ2MTw5oBspJ4AaABAg,,False,@meliaseptianiherwinda,The real serbuk berlian 💎💎💎💎,0,2020-03-19T15:23:43Z,2020-03-19T15:23:43Z
UgyyVj7okVHeUtvOVfV4AaABAg,,False,@mardianaalbertasam737,♥♥♥♥☆☆,0,2020-03-19T15:23:43Z,2020-03-19T15:23:43Z
Ugwym4_rQp-8IWMkAWp4AaABAg,,False,@kyla3403,POGI NAMAN,0,2020-03-19T15:23:40Z,2020-03-19T15:23:40Z
UgxjDCc0b_weu2V-wnp4AaABAg,,False,@mydearjd3023,احلى ولد,0,2020-03-19T15:23:40Z,2020-03-19T15:23:40Z
UgxrLt2HnCKzlo7J2Ep4AaABAg,,False,@حضورملوكنايلغيمشاهداتكم,ليش اعضاء اكسو قبل التجنيد يله ينزلوا سولو يعني ماكو فرحه 😏😏😏💣,0,2020-03-19T15:23:38Z,2020-03-19T15:23:38Z
UgymWpyoAr8I1suGtdR4AaABAg,,False,@z9yon983,اارررححححممممننننيييي,0,2020-03-19T15:23:38Z,2020-03-19T15:23:38Z
Ugw_u3XOKtlY7gijU5N4AaABAg,,False,@kaidancer3343,SUHO WHY IS SO BEAUTIFUL,0,2020-03-19T15:23:37Z,2020-03-19T15:23:37Z
UgxrU2J8Pk0fm5rl4Ch4AaABAg,,False,@bxr77,UN PRÍNCIPE,0,2020-03-19T15:23:37Z,2020-03-19T15:23:37Z
UgyyPMi28kJ0t_0dBkt4AaABAg,,False,@30_nurmafebriana89,"Ada yg bening tp bukan air
Ada yg bersinar tp bukan cahaya 
Serbuk sarii qqqq 😋🤩🤩😎",0,2020-03-19T15:23:37Z,2020-03-19T15:23:37Z
Ugz2UWiXrJYyAfoPlvZ4AaABAg,,False,@hessalsn,i feel like this gonna be my favorite song out of this album,1,2020-03-19T15:23:36Z,2020-03-19T15:23:36Z
UgycPzOtxhpivpUV2hx4AaABAg,,False,@DharmendraKumar-oh7fb,"His face soooo white like a cheese ,I think that when he born , he bath in the milk 🥛.",1,2020-03-19T15:23:33Z,2020-03-19T15:23:33Z
UgzRwaQkjNYrYM7b_S14AaABAg,,False,@oohmalak9078,ياااااايمه متحمسسسسسة كتيييير يرببييي,0,2020-03-19T15:23:32Z,2020-03-19T15:23:32Z
UgwpRFE4KHk5olrsSFx4AaABAg,,False,@HARU-iv9mv,aha ben yine ağşık oldum. Bunun daha başka açıklaması olamaz,0,2020-03-19T15:23:30Z,2020-03-19T15:23:30Z
UgzU851eFjhfTK8qArx4AaABAg,,False,@bxr77,NO PUEDO CREER LO HERMOSO QUE ES.,0,2020-03-19T15:23:30Z,2020-03-19T15:23:30Z
Ugy05gM25TF0wSJoXAl4AaABAg,,False,@AnaPerez-wp6qr,Nuestro líder es demasiado hermosoooo,0,2020-03-19T15:23:25Z,2020-03-19T15:23:25Z
Ugz30Jo_OEY5qhQ0dzZ4AaABAg,,False,@kaidancer3343,"Ughhhhhhh it makes me want to buy 2 ver of the album, but......😭😭😭",0,2020-03-19T15:23:24Z,2020-03-19T15:23:24Z
UgwBSacrZKTyX5rixUN4AaABAg,,False,@rethatrisn4767,Beautiful Suho !!!,0,2020-03-19T15:23:23Z,2020-03-19T15:23:23Z
Ugwwr-21QYiIgPZYIK54AaABAg,,False,@kimbyunmin2869,He will left an amazing album for us before his Enlistment..  We will wait for you Suho. No worries.. 😊😍😘 It's just 2 yrs.. 😊,0,2020-03-19T15:23:19Z,2020-03-19T15:23:19Z
Ugy9RjVCPj4UEyxbQGF4AaABAg,,False,@bxr77,"IM NOT CRYING, YOU AREEEE. 😭😭😭😭",0,2020-03-19T15:23:18Z,2020-03-19T15:23:18Z
Ugy0wV_pS9RYqcLav-h4AaABAg,,False,@oohmalak9078,يايمه جماله مااكدر اوصفه بس اللهم اني زوجةسيهون ومااخون البايس,11,2020-03-19T15:23:17Z,2020-03-19T15:23:17Z
UgwNjLxuDCmfuoLIYoF4AaABAg,,False,@biankatrestanurlitha3175,Ganteng bgt tulunggg,0,2020-03-19T15:23:16Z,2020-03-19T15:23:16Z
UgzpVH3bLbnmkMA-gil4AaABAg,,False,@calliopedelmonte2556,"Leadernim looks like a modern day prince,doing a photoshoot on a lake and woods as a background.",0,2020-03-19T15:23:14Z,2020-03-19T15:23:14Z
UgzI38BJoInBb-ify8F4AaABAg,,False,@totatota-nt9eh,لك كافي  جلطات سوهو,0,2020-03-19T15:23:14Z,2020-03-19T15:23:14Z
UgzA25bLqLg5OZMjMkx4AaABAg,,False,@민-x6w,악 대박 진짜 잘생겻다,1,2020-03-19T15:23:10Z,2020-03-19T15:23:10Z
UgybbOdGLUyTL66-KtJ4AaABAg,,False,@junmyeonlover1291,"Please help me 
He kill me",0,2020-03-19T15:23:09Z,2020-03-19T15:23:09Z
UgzEn4L24h6f5YbY2tl4AaABAg,,False,@freddy8915,I can FEEL that this will bring so much healing 🌟 I expected nothing less from the guardian of exo and exo-ls ❤️,2,2020-03-19T15:23:08Z,2020-03-19T15:23:08Z
UgyiPhKJ1aaxGllZfcJ4AaABAg,,False,@Galaxy-pd2rn,Laaaaa rah chbab bzaaaaf bzaaaaf 3lah 😭😭😭😭😭,0,2020-03-19T15:23:02Z,2020-03-19T15:23:02Z
Ugzq1472EoxkDm6rcpt4AaABAg,,False,@shukmanchan1791,suho💪🏻💪🏻💪🏻👍🏻👍🏻👍🏻👍🏻,0,2020-03-19T15:23:01Z,2020-03-19T15:23:01Z
UgyKtCCdqnInBu4nYzV4AaABAg,,False,@editgaribay9988,Bello y hermoso mi SUHITO  un verdadero  👑😊😊,0,2020-03-19T15:23:00Z,2020-03-19T15:23:00Z
UgxheMl2DvfMC8hIjcJ4AaABAg,,False,@hazellovatt2751,This album is going to be awesome!! Well done Junmyeon!!!,0,2020-03-19T15:22:57Z,2020-03-19T15:22:57Z
UgycNvr_unytPaXVx6h4AaABAg,,False,@olgaprimo22,👌👏👍💕 ((((*_*))))💋💋💋💋,0,2020-03-19T15:22:54Z,2020-03-19T15:22:54Z
UgyW4p8yRjcYNcbHqYh4AaABAg,,False,@dkskiwi,"Suena, se ve, se siente fenomenal, bravísimo kim junmyeon",0,2020-03-19T15:22:54Z,2020-03-19T15:22:54Z
UgxIBLqX9edarqaBmIV4AaABAg,,False,@exol8495,"Hello Dear friends
  suho (best = leader and vocalist and actor and mother and brother and friend and most kind and charming and lovely man in the world) is due to release his album soon after 15 years of uninterrupted effort.  please don't forget to support her.❤❤❤",0,2020-03-19T15:22:54Z,2020-03-19T15:22:54Z
UgwLoRrf2it3h3A9mgR4AaABAg,,False,@rumanamunia7184,i can't wait for this masterpiece,1,2020-03-19T15:22:54Z,2020-03-19T15:22:54Z
UgwdcHIs1_2EyDGmyhZ4AaABAg,,False,@XiuDeer326,*يموووووت ياخي يلاا انتظر الأغنية!!))*,6,2020-03-19T15:22:49Z,2020-03-19T15:22:49Z
UgxBiSdwCCZNV_C5Ox94AaABAg,,False,@debalinachakraborty7396,He is not real,0,2020-03-19T15:22:46Z,2020-03-19T15:22:46Z
UgymIyOl-ba5Hganx0d4AaABAg,,False,@kianakiani9916,Love you,0,2020-03-19T15:22:44Z,2020-03-19T15:22:44Z
Ugyixp3nk19v_TecXER4AaABAg,,False,@girlfullsunmrk_8491,💙💙💙>,0,2020-03-19T15:22:42Z,2020-03-19T15:22:42Z
UgxdQ8tJrP3AtVPg0KF4AaABAg,,False,@Galaxy-pd2rn,💜💜💜💜💜,0,2020-03-19T15:22:36Z,2020-03-19T15:22:36Z
UgzL6iK7LyHN8XPL9al4AaABAg,,False,@XiuDeer326,*جعلني جومرا وتحطني ع شفافك جعلني مشط وتسرح فيني شعرك....يا رب لا تخليه يترجم!!))*,15,2020-03-19T15:22:32Z,2020-03-19T15:22:32Z
UgzL6iK7LyHN8XPL9al4AaABAg.96OOYbiu62h96OPzW7D7MQ,UgzL6iK7LyHN8XPL9al4AaABAg,True,@user-zj7fr3rl7q,"عزيزي سوهو سوف اترجم لك ماقالته هذه البلهاء الحمقاء ههههه اسفه اختي ههه هي تقول:
اتمنى لوكنت حمرا وتضعها على شفاهك او مشط شعر تسرح بها شعرك واتمنى ان  ترى تعليقها ههه ماهو مارح يفهم شو ماكتبتDear soho i will translate for you what these stupid idiots said hahaha sorry my sister haha ​​she says:
 I wish I was red and put it on your lips or a hair comb that brushes your hair with it. I hope you see her comment. Ha, what is wrong? Do you understand what you wrote?",7,2020-03-19T15:35:04Z,2020-03-19T15:35:04Z
UgzL6iK7LyHN8XPL9al4AaABAg.96OOYbiu62h96OW-Ft20Qm,UgzL6iK7LyHN8XPL9al4AaABAg,True,@zainobya,اكسو ارمي Loooool,2,2020-03-19T16:27:36Z,2020-03-19T20:25:45Z
UgzL6iK7LyHN8XPL9al4AaABAg.96OOYbiu62h96OWEdzlOm5,UgzL6iK7LyHN8XPL9al4AaABAg,True,@user-zj7fr3rl7q,@@zainobya هههه,2,2020-03-19T16:29:42Z,2020-03-19T16:29:42Z
UgwiayU5ben4gUzRKJd4AaABAg,,False,@Hawbeeen,❤❤❤❤❤❤❤❤❤❤,0,2020-03-19T15:22:25Z,2020-03-19T15:22:25Z
UgzgdNBArFgnsCJIww54AaABAg,,False,@sarangh9431,بروح اكمل الفطور وارجعلك 🐸💔,4,2020-03-19T15:22:24Z,2020-03-19T15:22:24Z
UgxHMUx_olrc9TiY7Up4AaABAg,,False,@testar_618,김준면 하는 삶 행복하다,1,2020-03-19T15:22:23Z,2020-03-19T15:22:23Z
Ugzk2lJKji_-2vg3NgJ4AaABAg,,False,@etherealrv,"김준면 당신 내가 졌어 첫 장면에서 눈 마주치자마자 끝났다고 아 진짜 우리 왕자님 어떻게 표현해야 하죠..? 진짜 왕자를 넘어서 요정이야 지구 사람이 아니야 수호 김준면 평생 사랑한다,,💜 사랑, 하자💜",1,2020-03-19T15:22:23Z,2020-03-19T15:22:23Z
UgwczPlc36RUKq5bfsJ4AaABAg,,False,@yasamantaghizade9861,"‪ #자화상‬ 
‪ #엑소‬ ‪
 #수호‬ ‪
 #Self_Portrait‬ 
‪ #SUHO‬ 
‪ #weareoneEXO‬
 #EXO💕💕💕توبهتريني",0,2020-03-19T15:22:21Z,2020-03-19T15:22:21Z
Ugy4M8Lr0HSbVAeTLeh4AaABAg,,False,@ellie_blue,We are already mermaids caught in the net of our Water God,0,2020-03-19T15:22:17Z,2020-03-19T15:22:17Z
Ugwz8TLfPYhB9GQpM8N4AaABAg,,False,@악수애인,Oaoooooooooo SOHO ILOVE OBA,0,2020-03-19T15:22:12Z,2020-03-19T15:22:35Z
UgyHUWILbSgjd3YdkJR4AaABAg,,False,@cb-mr5jv,l love you so much,0,2020-03-19T15:22:09Z,2020-03-19T15:22:09Z
Ugy35I5CXwVrblaOt2t4AaABAg,,False,@우유시시,사랑해 노래해줘서,1,2020-03-19T15:22:09Z,2020-03-19T15:22:09Z
UgwMK01OKnL1v40LBCx4AaABAg,,False,@Safaa1485,"He is so handsome ♥♥♥
The song gonna be emotional , we gonna cry EXO-Ls prepare your year :'( ♥♥♥",1,2020-03-19T15:22:06Z,2020-03-19T15:22:06Z
UgwUbLJ1tgiOQXgTGTd4AaABAg,,False,@domikimi1065,💖💖💖,0,2020-03-19T15:22:05Z,2020-03-19T15:22:05Z
Ugzu-MFDbjtzUkzM40x4AaABAg,,False,@yasamantaghizade9861,"‪ #자화상‬ 
‪ #엑소‬ ‪
 #수호‬ ‪
 #Self_Portrait‬ 
‪ #SUHO‬ 
‪ #weareoneEXO‬
 #EXO. 💋💋💋",0,2020-03-19T15:22:03Z,2020-03-19T15:22:03Z
Ugy6P3TmUZVYyUmxzpF4AaABAg,,False,@anisafitriani4133,"From the bottom of my heart, I really admire your figure!",0,2020-03-19T15:22:02Z,2020-03-19T15:22:02Z
UgxpItApJsyvmPdtHiB4AaABAg,,False,@spellobliviate,Im ready 😭,0,2020-03-19T15:22:00Z,2020-03-19T15:22:00Z
UgwSVwcCDCNZKlh8K654AaABAg,,False,@remnesia6199,When the word ART become a human being 😭😭😭❤️❤️❤️❤️❤️,3,2020-03-19T15:21:58Z,2020-03-19T15:21:58Z
UgwSVwcCDCNZKlh8K654AaABAg.96OOUYRldWf96OUjY8NbsU,UgwSVwcCDCNZKlh8K654AaABAg,True,@raghada5610,Delete emoji please,0,2020-03-19T16:16:35Z,2020-03-19T16:16:35Z
Ugye0IcmNBy7kjeVCHp4AaABAg,,False,@jenifer4264,my best boy,0,2020-03-19T15:21:55Z,2020-03-19T15:21:55Z
Ugx1exjVqvW_h5g87Ll4AaABAg,,False,@Junni272,"Simply wowww
The melody is soo heavenly. Mv is soo good.
Exols do support Junmyeon. He only is the best.",0,2020-03-19T15:21:54Z,2020-03-19T15:21:54Z
Ugx69bfOhZZbMQtQ9LJ4AaABAg,,False,@eden_1,수호야 됐다 이거다 레알 1위각이야 우리 수호 김준면 장하다 장해,3,2020-03-19T15:21:53Z,2020-03-19T15:21:53Z
UgzbrrwLm3zT5vO6TIB4AaABAg,,False,@aliafouad1255,😍سوهووووووو انا متحمسه,0,2020-03-19T15:21:53Z,2020-03-19T15:21:53Z
UgxdIGSrh_AFYZSItMJ4AaABAg,,False,@sarangh9431,ولككككككك عاااااااااا😭😭,0,2020-03-19T15:21:50Z,2020-03-19T15:21:50Z
UgzgEf-beEUq6IeEL7l4AaABAg,,False,@judyjudie1186,chưa biết sao nhưng nhìn cái nhan sắc này là ko chấp nhận được rồi :D,0,2020-03-19T15:21:49Z,2020-03-19T15:21:49Z
Ugw5cnNhm4-2KXMUkUB4AaABAg,,False,@고구믱,사랑해 준면아 고마워 존재해줘서,1,2020-03-19T15:21:32Z,2020-03-19T15:21:32Z
Ugz9v2ibhTIGQmkwzJJ4AaABAg,,False,@user-eo2zn3fg9v,_THIS GUY IS A PERFECTION_,0,2020-03-19T15:21:28Z,2020-03-19T15:21:28Z
Ugx4s1yUM31zdU1iTih4AaABAg,,False,@cantiksopan9656,too gorgeous. im crying,0,2020-03-19T15:21:28Z,2020-03-19T15:21:28Z
Ugw4T06j_hlZGsRW-GF4AaABAg,,False,@-melcotton-3671,💕💕💕,0,2020-03-19T15:21:27Z,2020-03-19T15:21:27Z
UgyrSu0gjI8hjtQ9rvd4AaABAg,,False,@nurlela3999,Uri leader 😍😍😍😍,0,2020-03-19T15:21:25Z,2020-03-19T15:21:25Z
UgzHBJbOABMkXAkrGNR4AaABAg,,False,@aashishitkujur5905,Visuals my God 😍😭💛🧡💜,0,2020-03-19T15:21:24Z,2020-03-19T15:21:24Z
UgyQt_lP92wD3hGsJyp4AaABAg,,False,@j.ruati_osh2233,OMG ... Leader Omma,0,2020-03-19T15:21:22Z,2020-03-19T15:21:22Z
UgzB4axjRCZ6diqrAqh4AaABAg,,False,@irenekim5292,Este hombre me quiere matar ahhh,0,2020-03-19T15:21:21Z,2020-03-19T15:21:21Z
Ugw7pB2f0-f0SGQ27Jt4AaABAg,,False,@amikshyalimbu4980,S FROM SUHO STANDS FOR SURREAL!!,0,2020-03-19T15:21:21Z,2020-03-19T15:21:21Z
UgwpJxem2bTnRSB_6Op4AaABAg,,False,@whitenight.4653,yo no se como voy a vivir despues d ver esto,0,2020-03-19T15:21:19Z,2020-03-19T15:21:19Z
Ugzx9Xk92Rw139uaN0p4AaABAg,,False,@ayuvina7543,Uwauuuu❣️,0,2020-03-19T15:21:17Z,2020-03-19T15:21:17Z
UgyjFx2u5E60gFe5rFN4AaABAg,,False,@femugasalik631,😥😥😥😥 EXO came back 🔙,0,2020-03-19T15:21:16Z,2020-03-19T15:21:16Z
UgylxeanBLEP8_1hJFx4AaABAg,,False,@loser-dl1pm,💜💜💜💜💜,1,2020-03-19T15:21:11Z,2020-03-19T15:21:11Z
UgyDkqqfcsXeNdjvQzp4AaABAg,,False,@sachie_sam,its blue,0,2020-03-19T15:21:09Z,2020-03-19T15:21:09Z
Ugy1G5AG2cyG15FkwtF4AaABAg,,False,@user-ge5is1je8d,"احبك ومعك الى الابد كيم جون ميون 
l Love yuo Suho
Arab Exo-L",13,2020-03-19T15:21:04Z,2020-03-19T15:31:12Z
Ugy1G5AG2cyG15FkwtF4AaABAg.96OONxCG0Lm96OO_ydel5M,Ugy1G5AG2cyG15FkwtF4AaABAg,True,@кмун-ш3у,بليز حذفي الايموجي,0,2020-03-19T15:22:51Z,2020-03-19T15:22:51Z
Ugxd2INFaKCOktP3iP14AaABAg,,False,@حضورتسعاعضاءيلغيحضورالملايين,اكسواليه وافتخر يربييي السولو تبع  ارنوبنا راح تكون عباره عننن💣💣💣💣💣😂💃,0,2020-03-19T15:21:04Z,2020-03-19T15:21:04Z
UgzlaJDSuZkAK-ClcC94AaABAg,,False,@agresmulfifebriana6873,Ily😍,0,2020-03-19T15:20:58Z,2020-03-19T15:20:58Z
UgzOXMullu4KDdtnilF4AaABAg,,False,@mayrazapata4496,Perfect face gold heart a sweet person congratulations to Ecuador,2,2020-03-19T15:20:57Z,2020-03-19T15:20:57Z
UgwIgitfWvA-3-21h_J4AaABAg,,False,@oliverhye5961,"I KNOW I'M LIKE WRITING IN ALL OF HIS VIDEOS BUT-
oof, his so handsome. 
literally I'm going to buy this piece of art and cry.
seriously Junmyeon, stop killing me, please. 
love ya.♡",16,2020-03-19T15:20:56Z,2020-03-19T15:20:56Z
Ugw0N3EElrbq5MlyVgR4AaABAg,,False,@shravantibharali9638,I don't have money to buy the album but I'll support you dear leader Suho by str347m87ing this hard.... Love from India. Saranghae!,0,2020-03-19T15:20:55Z,2020-03-19T15:20:55Z
UgzjrDJulgIPGmvar1B4AaABAg,,False,@ohwormimuglybug,*THIS IS THE EXAMPLE OF ART BY KIM JUNMYEON*,18,2020-03-19T15:20:55Z,2020-03-19T15:20:55Z
UgxDvHmhlWCXjfed06N4AaABAg,,False,@hanapark2987,진짜 잘생곘다♡,0,2020-03-19T15:20:55Z,2020-03-19T15:20:55Z
UgyjElomRM_TmP_MkSt4AaABAg,,False,@dewihastutihs4397,Wow,0,2020-03-19T15:20:54Z,2020-03-19T15:20:54Z
Ugyk262_-lFUFzXfApd4AaABAg,,False,@user-eo2zn3fg9v,"Producer: how many hearts do you want to melt ?
Suho: yeees~",50,2020-03-19T15:20:53Z,2020-03-19T15:20:53Z
UgxesHHF25nktUr0KUt4AaABAg,,False,@selwansabry7450,I still wondering how could anyone hate this man his face attracts me alot.,371,2020-03-19T15:20:51Z,2020-03-19T15:20:51Z
UgxesHHF25nktUr0KUt4AaABAg.96OOMKfadRd96OXA7_70vL,UgxesHHF25nktUr0KUt4AaABAg,True,@kpopaddicted1046,I don't know who does that he is a piece of art,7,2020-03-19T16:37:50Z,2020-03-19T16:37:50Z
UgxesHHF25nktUr0KUt4AaABAg.96OOMKfadRd96OZ3Ly8F7N,UgxesHHF25nktUr0KUt4AaABAg,True,@s.e.serella3531,I know right?I mean look at his face it so ethereal for me,1,2020-03-19T16:54:23Z,2020-03-19T16:54:23Z
UgxesHHF25nktUr0KUt4AaABAg.96OOMKfadRd96O_Uvb7Zb4,UgxesHHF25nktUr0KUt4AaABAg,True,@kpopaddicted1046,I know,2,2020-03-19T17:06:53Z,2020-03-19T17:06:53Z
UgxesHHF25nktUr0KUt4AaABAg.96OOMKfadRd96VPjecVv4d,UgxesHHF25nktUr0KUt4AaABAg,True,@angeloligo4605,HE'S SO BEAUTIFUL!!!,0,2020-03-22T08:47:35Z,2020-03-22T08:47:35Z
UgxxbJndnW1YW8BJ7NR4AaABAg,,False,@rifayuliwandira8709,EXO SARANGHAJA!♡,0,2020-03-19T15:20:51Z,2020-03-19T15:20:51Z
UgwExto8Bg6LIeSvJqF4AaABAg,,False,@gamseongchoding,울 준며니 투명뽀얗우유말랑말랑 피부ㅠ 얼굴 넘 예뿌고ㅠㅠ̑̈ 흑흑 노래 넘 맴을 울리자나여ㅠㅠㅠㅠㅠㅠㅠ,1,2020-03-19T15:20:50Z,2020-03-19T15:20:50Z
Ugxn46IAXJMDVXbNPaB4AaABAg,,False,@soo3543,I'm making straight.... but holy frick Junmyeon is so beautiful,0,2020-03-19T15:20:45Z,2020-03-19T15:20:45Z
UgxS0ya2xqwMsgTfia14AaABAg,,False,@Fortnite-mv3hl,فديت اكسو كلهم خصوصاً تشانيول بيكهيون و لاي,9,2020-03-19T15:20:44Z,2020-03-19T15:20:44Z
UgwekfVAAqp9UlH-Vyt4AaABAg,,False,@angelaguilar8657,"My anticipation for this grew bigger day by day, I can't wait for this master piece to be released.! ❤❤❤ fighting our Suho oppa.! 🐰🐰🐰

#SuhoArchieved20 #Self_Portrait #Suho #LetsLove",0,2020-03-19T15:20:34Z,2020-03-19T15:20:34Z
UgzCOvZBcTpgiz9Yk2R4AaABAg,,False,@yizinggjeon3392,Oy oy annem sen büyüdünde mini albümü çıkarıyorsun ❤️,0,2020-03-19T15:20:33Z,2020-03-19T15:20:33Z
UgwMB982KiqrNSz3tXB4AaABAg,,False,@alifiaputrimusvita4448,enact bgt,0,2020-03-19T15:20:31Z,2020-03-19T15:20:31Z
UgwjWoHRvYQjtyzGTst4AaABAg,,False,@Eriexol0290,😍😍😍😍😍😍😍😍🙈,0,2020-03-19T15:20:27Z,2020-03-19T15:20:27Z
UgyZP2en6wuPEufIGc14AaABAg,,False,@roroaeri4729,"Classy <3

-Arab EXO-L",0,2020-03-19T15:20:25Z,2020-03-19T15:20:48Z
Ugxisa1jZKi8dymVQWp4AaABAg,,False,@chanstan4100,How flawless he is,0,2020-03-19T15:20:24Z,2020-03-19T15:20:24Z
UgwrQrazkhuaCmE1AvB4AaABAg,,False,@rifayuliwandira8709,멋지네요♡,0,2020-03-19T15:20:23Z,2020-03-19T15:20:23Z
Ugx_TTDd0d9aLjN3l9R4AaABAg,,False,@ShahadRJ,"شكله وتفاصيلة تفتح نفسي للحياه🥺💕
Arab exol 
Iraqi fan ♡",0,2020-03-19T15:20:23Z,2020-03-19T15:20:23Z
UgydCpTsok0mtMPKB6F4AaABAg,,False,@achoo_bleshuu2971,Can't wait..... AM SO EXCITED ♥️♥️,0,2020-03-19T15:20:23Z,2020-03-19T15:20:23Z
UgyOCrnu7IXQ_Hzjn-h4AaABAg,,False,@imabelle7738,cant wait no moreee,0,2020-03-19T15:20:21Z,2020-03-19T15:20:21Z
UgwO2MylVSSoUI8nBIV4AaABAg,,False,@appuvipul8306,"Suho .. through all the tough times, .please stay safe",0,2020-03-19T15:20:21Z,2020-03-19T15:20:21Z
Ugwi9q9gkB0vKkGzENh4AaABAg,,False,@Eriexol0290,❤❤❤❤❤❤❤❤❤,0,2020-03-19T15:20:20Z,2020-03-19T15:20:20Z
Ugzv2Q2QdC3dZ9-m6HN4AaABAg,,False,@kaiput3416,Daddy im so proud of you,0,2020-03-19T15:20:20Z,2020-03-19T15:20:20Z
UgxmDUgTWT9ciZofVJJ4AaABAg,,False,@도경수제대했어요,아 김junmyeon jonna 잘생겼ㄷrrrrrrr 진짜 crazy 한 거 아니냐 ? 스ming 돌려 다들 십parrr,0,2020-03-19T15:20:13Z,2020-03-19T15:20:13Z
UgyUgImK1a_ePXkNuKd4AaABAg,,False,@iffy149,BEAUTIFUL! ❤️,0,2020-03-19T15:20:10Z,2020-03-19T15:20:10Z
UgyTudq6SgC9ZuCngDN4AaABAg,,False,@e.purple6044,K I N G,0,2020-03-19T15:20:09Z,2020-03-19T15:20:09Z
UgwWjkPJyctK1FnUKG54AaABAg,,False,@megarahmawati6357,Woooi anjirr ganteng banget 😭,1,2020-03-19T15:20:08Z,2020-03-19T15:20:08Z
Ugx75e8kCwPMrgO4yi94AaABAg,,False,@chennerdesin473,Belamı verdi,0,2020-03-19T15:20:06Z,2020-03-19T15:20:06Z
UgyHxKk98qevvilH8Kd4AaABAg,,False,@kaybolmakistiyorum,Woah he is very handsome,0,2020-03-19T15:20:05Z,2020-03-19T15:20:05Z
UgzuZtyywSI7pysx4Bx4AaABAg,,False,@junmyeonlover1291,"I'm sure that he isn't a human 
Junmyeoni can be a little mercy 
I can't control my heart 
اللهم اني صائمة 
ممكن صيامي مو مقبول",3,2020-03-19T15:20:04Z,2020-03-19T15:20:04Z
UgxMjSd9E475GGOYCex4AaABAg,,False,@monaarafa7856,اتس ارت,1,2020-03-19T15:20:03Z,2020-03-19T15:20:03Z
UgyM-2B8ZGOnZhxvFvN4AaABAg,,False,@rifayuliwandira8709,Love u baby myeon♡,0,2020-03-19T15:20:03Z,2020-03-19T15:20:03Z
Ugz93rXPKlu4H1fLdvp4AaABAg,,False,@zalemood556,I can't wait this song ❣️,2,2020-03-19T15:20:03Z,2020-03-19T15:20:03Z
Ugwi8GsStF6yk8MTtlh4AaABAg,,False,@hilalbostan7430,Ne Suho'su ya,0,2020-03-19T15:19:50Z,2020-03-19T15:19:50Z
Ugwi8GsStF6yk8MTtlh4AaABAg.96OOEt_SwVi96OOGcPu3wP,Ugwi8GsStF6yk8MTtlh4AaABAg,True,@hilalbostan7430,SANAT SANAT,0,2020-03-19T15:20:04Z,2020-03-19T15:20:04Z
UgxtbEVqw_p9GQSCKyN4AaABAg,,False,@nafisehsaeidi7111,من به قربان تو و حالت جذاب نگاهت...,0,2020-03-19T15:19:46Z,2020-03-19T15:19:46Z
UgwceHlxIVblqnTdRox4AaABAg,,False,@후아푸아,아씨 얼굴 미쳤나고요ㅠㅠㅠㅠㅠ영상이안멈추잖아 ㅠㅠㅠㅠㅠㅠ,0,2020-03-19T15:19:42Z,2020-03-19T15:19:42Z
UgzzeIY14B6PCDjjO1F4AaABAg,,False,@savithakanthaj5535,Is he a fairy y he is beautiful in a desert too..,1,2020-03-19T15:19:39Z,2020-03-19T15:19:39Z
Ugyg6Cnz4TmRQOd2FwB4AaABAg,,False,@애엥-i3i,악 멜로디 넘 청량하구 맑구 깨끗하고 낭낭한게 넘 줌면이같고 벌써 1위했다ㅜㅜㅜ요즘 잠못자서 유튜브로 하프음악 들으면서 자는데 이제 그럴 필요 없겟다 인간하프 준면이 노래 듣고자면 된다ㅜㅜ노래넘취저ㅜㅜ,3,2020-03-19T15:19:33Z,2020-03-19T15:19:33Z
UgxNitXZQVV25fQjRKd4AaABAg,,False,@monaarafa7856,Ary,1,2020-03-19T15:19:32Z,2020-03-19T15:19:32Z
UgweOb65IZ3UWIMi1Wl4AaABAg,,False,@chennerdesin473,Go go Soloist of the year,0,2020-03-19T15:19:32Z,2020-03-19T15:19:32Z
Ugy4261CJKqjhrqfZVd4AaABAg,,False,@deryagunes3053,Very very good ❤️💙,0,2020-03-19T15:19:31Z,2020-03-19T15:19:31Z
UgxNWeVCGBHCYJqwuuB4AaABAg,,False,@byunsy,боже как же я тебя люблю олдоыловлд дай мне сил,0,2020-03-19T15:19:30Z,2020-03-19T15:19:30Z
UgwhZSclt1Ynng0-I7t4AaABAg,,False,@perieyeahet9893,Goshh I'm so excited 💓 🤗,0,2020-03-19T15:19:27Z,2020-03-19T15:19:27Z
Ugw-D3K5JfMB7IVGAzh4AaABAg,,False,@amaliafrhrf4294,"I love how he pours all of his into something he cherishes a lot, it just shows how much of a gentle yet so hardworking man that he is. He left everyone with no choice but to fall in love with his charms and ended up loving him deeper every single second they look at him.",109,2020-03-19T15:19:23Z,2020-03-19T15:19:23Z
UgwHLMeRlYv-1m2zEDd4AaABAg,,False,@queenofdramas8063,"MI BEBE HERMOSOOOO, PRECIEN ESTOOOO POR FAVORR. SE MERECE TODO NUESTRO APOYO, NUIESTRO GRAN LIDER. TODO EXOL SABE COMO ES NUESTRO OMMA Y TODO LO QUE SE MERECE. APOYEN SU DEBUT!",0,2020-03-19T15:19:23Z,2020-03-19T15:19:23Z
UgwiM6A2FwFp5axhhhJ4AaABAg,,False,@ياسمينحميدة,"Suho my baise 
Arab exo-l",0,2020-03-19T15:19:20Z,2020-03-19T15:19:54Z
UgyZML5Lukq39BSA4nd4AaABAg,,False,@ellenq572,ganteng nya ngegas banget ya mas :),0,2020-03-19T15:19:19Z,2020-03-19T15:19:19Z
UgzRcKAQd_iNM2sczKV4AaABAg,,False,@무기력-g1q,컨셉이 자화상이라 얼굴을 자세히 많이 볼수있어서 좋구나.......,1,2020-03-19T15:19:16Z,2020-03-19T15:19:16Z
Ugwudc_d_GliQlhoVzp4AaABAg,,False,@songulcelik2860,"Beğen üstte kalsın 
Türk exol",1,2020-03-19T15:19:12Z,2020-03-19T15:19:12Z
UgxwoiHbpiHDHcu3tHZ4AaABAg,,False,@mervenurcoskun6513,Çok iyi suhoo💙💙,0,2020-03-19T15:19:10Z,2020-03-19T15:19:10Z
Ugzlt6gIHwCLvr0I3sx4AaABAg,,False,@andrealarisahdez.r.3258,I’m so exited for Suho solo debut,0,2020-03-19T15:19:05Z,2020-03-19T15:19:05Z
UgzXVXuWsJrnVSNd4Ux4AaABAg,,False,@nurakkuzu4030,Suhoooooo❣💓💓💓💓💓💓💓❤❤❤❤❤❤❤,0,2020-03-19T15:18:59Z,2020-03-19T15:18:59Z
UgzGBLth-r8SxbSdbVB4AaABAg,,False,@gitaagustina7928,Angel 😍,0,2020-03-19T15:18:58Z,2020-03-19T15:18:58Z
UgwHVv03ZZqcSI7RAZp4AaABAg,,False,@yokpop204,I can't stand to watch him he's too handsome omg,1,2020-03-19T15:18:53Z,2020-03-19T15:18:53Z
Ugy2twgwOljVha5o5t14AaABAg,,False,@lannyaprilia523,Nggak nyangka uda mau wamil aja. Semangat suho!!,0,2020-03-19T15:18:51Z,2020-03-19T15:18:51Z
UgxkShC2tcmtSdzTjfF4AaABAg,,False,@sundayjeep,kingjuncotton,0,2020-03-19T15:18:50Z,2020-03-19T15:18:50Z
UgyVT-SpZ-C8IgKbC6F4AaABAg,,False,@aysenurbaran7750,Junmyeon why so beatiful,0,2020-03-19T15:18:50Z,2020-03-19T15:18:50Z
UgxwdkOaNhqY2QADXUl4AaABAg,,False,@05.005,tu é perfeito demais 😔😔💘💘💗💌,0,2020-03-19T15:18:49Z,2020-03-19T15:18:49Z
UgxiaYnZGNEB3RtZjeR4AaABAg,,False,@valeriaaraujo5469,Lindo demais amor,0,2020-03-19T15:18:45Z,2020-03-19T15:18:45Z
UgwQXoZSkA9sAwjuFk14AaABAg,,False,@asdfgghjkl_0002,진짜 쌉잘생겼다,2,2020-03-19T15:18:42Z,2020-03-19T15:18:42Z
UgwuGQobb_U6U_CUxbZ4AaABAg,,False,@Tyas7195,"Mau nangisss, ganteng bangetttt 😭😭😭😭😭",0,2020-03-19T15:18:41Z,2020-03-19T15:18:41Z
Ugyf54MPxbekulW8th54AaABAg,,False,@aysenurbaran7750,He is angel,0,2020-03-19T15:18:40Z,2020-03-19T15:18:40Z
UgwkeENBARj6g2cLOzd4AaABAg,,False,@__-zh9gq,جعلني شامة بهذا الوجهه❤,0,2020-03-19T15:18:34Z,2020-03-19T15:18:34Z
UgxgTs1-zSMIUKDmbQ94AaABAg,,False,@carmencordova5704,"Mi bebé :""D",0,2020-03-19T15:18:33Z,2020-03-19T15:18:33Z
UgxAZxWDstBQ2qX9wjN4AaABAg,,False,@stepanipujidianti9664,Bening amat 😭😭,0,2020-03-19T15:18:33Z,2020-03-19T15:18:33Z
Ugz3iWKwVvUEQ4gIBw94AaABAg,,False,@aysenurbaran7750,Art,0,2020-03-19T15:18:33Z,2020-03-19T15:18:33Z
UgywwAQOtdG1QHV_K9p4AaABAg,,False,@xiuminuniversebaozilu-ge7988,"Exol from malaysia , indonesia and over the world please like i never get many like before :3
Stre4ming for our love leader!!
We Are One Exo !",3,2020-03-19T15:18:32Z,2020-03-19T15:32:18Z
UgwmK0n07VHXU3sXYYt4AaABAg,,False,@dindin3117,Kok gwe kesel yah nunggu lagunya lama bet rilis nya:_-,0,2020-03-19T15:18:30Z,2020-03-19T15:18:30Z
Ugy0Cq12G0UXu-49Db94AaABAg,,False,@aysenurbaran7750,Album of the year momm,0,2020-03-19T15:18:26Z,2020-03-19T15:18:26Z
UgzjhUlrjt5JHX5EqSV4AaABAg,,False,@athenaktz2153,I'm so excited,0,2020-03-19T15:18:25Z,2020-03-19T15:18:25Z
Ugxoz5OIHkVNk4ISmAJ4AaABAg,,False,@05.005,king,0,2020-03-19T15:18:25Z,2020-03-19T15:18:25Z
UgzIv6Vaoe2s602TIsB4AaABAg,,False,@anjalimoghe5392,The instrumental sounds gorgeous,2,2020-03-19T15:18:24Z,2020-03-19T15:18:24Z
UgxvYq6mnjG7hmxam494AaABAg,,False,@nurakkuzu4030,handsomeeeeeee,0,2020-03-19T15:18:22Z,2020-03-19T15:18:22Z
UgwCC03qZO7ss3tWW0V4AaABAg,,False,@songulcelik2860,Lan yerim seniiii,1,2020-03-19T15:18:20Z,2020-03-19T15:18:20Z
UgyTpwo_DOcXRM2fsDt4AaABAg,,False,@rei.illumi169,who in the world would leave those 17 dislikes over suho's hard earned album?😕😕😕,0,2020-03-19T15:18:20Z,2020-03-19T15:18:20Z
UgzKTqtc8S8U5F9tpON4AaABAg,,False,@chaimaak2806,💜💜💜💜💜,1,2020-03-19T15:18:19Z,2020-03-19T15:18:19Z
UgxuKxLkTCn618nuNLJ4AaABAg,,False,@aliyaazmi3965,Pretty Handsome Leader of EXO is KIMJUNCOTTON 📛📛📛💕💕💕💕,0,2020-03-19T15:18:18Z,2020-03-19T15:18:18Z
UgyDIEyNRBVnuKKc4_B4AaABAg,,False,@Anaerance,❤️❤️❤️❤️🇧🇷,0,2020-03-19T15:18:17Z,2020-03-19T15:18:17Z
Ugzou1WQ1IQhWvTYigB4AaABAg,,False,@elsa_2859,So handsome our leader <3,0,2020-03-19T15:18:15Z,2020-03-19T15:18:15Z
UgwMreU04Drtr7hGqyx4AaABAg,,False,@nyel.l3262,*فديت الجمال والأناقه بس* ..,9,2020-03-19T15:18:15Z,2020-03-19T15:18:15Z
UgxMW25ZA2tBjapp2Jh4AaABAg,,False,@chahdtouaibia3792,شفيهم الاس ام مدلعينا هاليومين؟😂😂💓شكلهم تادبوا وصاروا يسووا ترويجات اخيرا😂💓💓💓,0,2020-03-19T15:18:14Z,2020-03-19T15:18:14Z
UgwEjJCSRkhoKaxCgU94AaABAg,,False,@siatefelici1913,SUHO ❤️❤️❤️❤️,0,2020-03-19T15:18:10Z,2020-03-19T15:18:10Z
Ugwj2wWPyoFWzT9BSWl4AaABAg,,False,@حضورتسعاعضاءيلغيحضورالملايين,سبت الدراسه العالنت واجيت 💃💃💃ركضضضضض بدون ما احكي لاكلمه 🤣😂,0,2020-03-19T15:18:09Z,2020-03-19T15:18:09Z
UgyE8ifbns9yj0SWKrJ4AaABAg,,False,@laffii1657,Soooo eeexxxxcccciiiittttteeeedddddd,0,2020-03-19T15:18:08Z,2020-03-19T15:18:08Z
UgwOGRjFA1kpXdIETLd4AaABAg,,False,@baekspace_,the video hasnt even started and i cant breathe bcz ik its gonna be beautiful,0,2020-03-19T15:18:08Z,2020-03-19T15:18:08Z
Ugw064RZMNCerwHh68p4AaABAg,,False,@myeonscarrot8495,JUNMYEON is like spring my heart feels like spring ♡♡♡,1,2020-03-19T15:18:08Z,2020-03-19T15:18:08Z
Ugx3y6qE5IcFlFQC-D94AaABAg,,False,@ssss-ir5my,باقي احد عشر يوما علي اليوم المنتظر ^^,4,2020-03-19T15:17:59Z,2020-03-19T15:17:59Z
UgxuQt6yKMlZcPXj4F94AaABAg,,False,@ngesengngemu2719,Oww finally 💞💞,0,2020-03-19T15:17:57Z,2020-03-19T15:17:57Z
Ugyzo98Lbv77dslRSSp4AaABAg,,False,@iremuzun8443,TURKISH EXOL 🇹🇷🇹🇷♥️♥️🇰🇷🇰🇷 WE ARE DEAR ♥,0,2020-03-19T15:17:56Z,2020-03-19T15:17:56Z
UgwpePIFbOos3g6wSL54AaABAg,,False,@예하리보,넘예뻐진짜 ㅠㅠㅠㅠ 준면,1,2020-03-19T15:17:56Z,2020-03-19T15:17:56Z
Ugx9xLNYNYQ7Hqqycnp4AaABAg,,False,@siskanurdiyanti7608,My king,0,2020-03-19T15:17:56Z,2020-03-19T15:17:56Z
UgyfoYQ7iXqlH-jZ1ZZ4AaABAg,,False,@lennthokchom2558,I'll buy this album 🇮🇳,0,2020-03-19T15:17:52Z,2020-03-19T15:17:52Z
UgyKguICcLOCBSgxz9V4AaABAg,,False,@mariaanneguevarra6818,"Most talented, kind and handsome leader",0,2020-03-19T15:17:51Z,2020-03-19T15:17:51Z
UgxddYMVweUYGwBZH9B4AaABAg,,False,@laffii1657,I'm dead! I can't! This an art 😭💕💕!,0,2020-03-19T15:17:50Z,2020-03-19T15:17:50Z
UgypxnhefL-AahlUc2R4AaABAg,,False,@구름-r6n,영상 앞에 깜빡이 좀 넣어주세요ㅠ 시작부터 아이컨택은 심장에 무리가 옵니다,1,2020-03-19T15:17:44Z,2020-03-19T15:17:44Z
Ugx7-FkOxv2OUTX2hsJ4AaABAg,,False,@boushraa.7128,King of visuals !,0,2020-03-19T15:17:43Z,2020-03-19T15:17:43Z
UgwGY6mvhXO85oFtJht4AaABAg,,False,@정하은-f1n,와 김준면 ㅠㅠㅠㅠㅠㅠㅠㅠㅠ 준면라 ㅠㅠㅠㅠㅠㅠㅠㅠ,1,2020-03-19T15:17:41Z,2020-03-19T15:17:41Z
UgxQJDvOt4r96Lpt62l4AaABAg,,False,@luzzzzzyc,Best leader😔💓💓💓💓💓,0,2020-03-19T15:17:39Z,2020-03-19T15:17:39Z
UgyjpZOjav7iXM1oqM94AaABAg,,False,@vocalkingkimjongdae7633,Sen nasil bir insansin lidom bir insan nasil bu kadar iyi olabilir♡•♡,0,2020-03-19T15:17:37Z,2020-03-19T15:17:37Z
UgwzGiFYYIdn1g0gOYJ4AaABAg,,False,@PrinceSUHO_01,So excited for the album and the mv 😍😍😍,0,2020-03-19T15:17:35Z,2020-03-19T15:17:35Z
UgwKBbWKLYUmeuZYDX14AaABAg,,False,@leesedo4533,Handsome,0,2020-03-19T15:17:34Z,2020-03-19T15:17:34Z
UgyZOodLynKJCPOhc4B4AaABAg,,False,@asamiexo-l6449,SUHO 👑,0,2020-03-19T15:17:32Z,2020-03-19T15:17:32Z
UgyIp1G9kyFck9ULyZZ4AaABAg,,False,@bungatr3974,Ada yang bening tapi bukan air mineral,0,2020-03-19T15:17:32Z,2020-03-19T15:17:32Z
UgzIzO0OQVVdfGqoESJ4AaABAg,,False,@예하리보,Wow,0,2020-03-19T15:17:31Z,2020-03-19T15:17:31Z
UgxBlyLLyalJ7v_MKeV4AaABAg,,False,@yunamoon5573,اوههههه شتتتتتتت قلبي الصغير لايتحمل.,0,2020-03-19T15:17:27Z,2020-03-19T15:17:27Z
UgwmptppFoAT-jLtujV4AaABAg,,False,@zarinaann96,Passion King Suho is Coming!!,0,2020-03-19T15:17:27Z,2020-03-19T15:17:27Z
Ugx-S4-b933rVISER_Z4AaABAg,,False,@Bunnybunny_xo,청초하다=수호,0,2020-03-19T15:17:26Z,2020-03-19T15:17:26Z
UgxQ0JxlNwHZDGzmULR4AaABAg,,False,@pastelaeri2691,"This is so beautiful! I'm in tears T.T 
Super powerful <3 
I'm speechless! I wonder just how amazing the actual piece sounds like ^^",0,2020-03-19T15:17:26Z,2020-03-19T15:17:26Z
UgyDkejGylMYYVwbfUJ4AaABAg,,False,@حضورتسعاعضاءيلغيحضورالملايين,"كوري والعيون صغار جتاله والدكمه البصدر تحلاله 
حلوه كوري والعيون صغار جتاله والدكمه البصدر تحلاله الصين مليار وكص تروح فدوه اله  سووهوو 👑💚",0,2020-03-19T15:17:22Z,2020-03-19T15:17:22Z
UgwuwUQ4HB4Q4r-9jFF4AaABAg,,False,@bunnycotton3041,"Just look at his visual TTTTTTTTT i can't 
اللهم اني صائمة",1,2020-03-19T15:17:22Z,2020-03-19T15:17:22Z
UgwMvb0F9yVqRRu_jOp4AaABAg,,False,@majork01,"Junmyeon-ah, fighting!!! ❤️❤️❤️❤️❤️❤️",0,2020-03-19T15:17:22Z,2020-03-19T15:17:22Z
UgwKafZabrw1Y1B4s-Z4AaABAg,,False,@chahdtouaibia3792,يالبييييييي على جماله😭💓💓💓,0,2020-03-19T15:17:21Z,2020-03-19T15:17:21Z
UgyQoA9uS-ZM1T59FA14AaABAg,,False,@맑으리-q3v,대박의 느낌이 난다.. 멜로디 수호 미모 영상편집까지 모두 완벽 .. 솔로 대박나자 ❤️,2,2020-03-19T15:17:21Z,2020-03-19T15:17:21Z
Ugyc9zJbm9rRejx0jIt4AaABAg,,False,@nataliahastuti7985,are you real a human junmyeon ah 😭,0,2020-03-19T15:17:16Z,2020-03-19T15:17:16Z
Ugxc5R4BlqbUOGsc-uJ4AaABAg,,False,@6lilx81,"يا سوهو 





❤️❤️❤️😿😿",0,2020-03-19T15:17:16Z,2020-03-19T15:17:16Z
Ugxc5R4BlqbUOGsc-uJ4AaABAg.96ONx4qcfZG96OOky9qaq4,Ugxc5R4BlqbUOGsc-uJ4AaABAg,True,@رحيقالورد-ض2ظ6س,بليز بدون ايموجي لانو ايجمد المشاهدات,0,2020-03-19T15:24:21Z,2020-03-19T15:24:21Z
Ugy4gcwVaqFf-OEgI5J4AaABAg,,False,@yashintacaesoria371,I'm in love with this man!,0,2020-03-19T15:17:15Z,2020-03-19T15:17:15Z
UgxYU2BkzWJxjP5qokR4AaABAg,,False,@luzzzzzyc,WOW,0,2020-03-19T15:17:13Z,2020-03-19T15:17:13Z
UgyY_gqiS_wB9CVkvOt4AaABAg,,False,@prettyinside5620,suho you are the best leader ever,0,2020-03-19T15:17:10Z,2020-03-19T15:17:10Z
Ugyz8NIZnIVrX2h1S_Z4AaABAg,,False,@js-kj2cv,"Jun면Aㅏ hangeuldet글e dasara져su  e렇ge 쓸ge jin짜 mut♡it♡da 기dae hago있ㅇㅓ 
이bun 활dong do dachiji 않ge❣ mom josimhae I love you~❤😘",1,2020-03-19T15:17:07Z,2020-03-19T15:17:07Z
UgzeQXDFbHE8CxB090J4AaABAg,,False,@austinzzt3964,"LORD HE IS AN ART PERSONIFIED, A PURE MASTERPIECE ㅠㅠㅠ",1,2020-03-19T15:17:06Z,2020-03-19T15:17:06Z
Ugx9B90HQBISzpnNL5Z4AaABAg,,False,@suho_bunny_jm,The best ever Kim Junmyeon.... 😍 😍 😍 This sounds so good... 😍,0,2020-03-19T15:17:04Z,2020-03-19T15:17:04Z
UgxmjHcCLM79YrYElj94AaABAg,,False,@smartprison8737,30일빨리ㅠㅠㅠㅠ,1,2020-03-19T15:17:03Z,2020-03-19T15:17:03Z
UgzpoSarTCsjz2SoG1d4AaABAg,,False,@NguyenLinh-lr7vj,Good !! ^•^ ♡♡,0,2020-03-19T15:17:03Z,2020-03-19T15:17:03Z
UgzrEBu68SkZeI_7EH14AaABAg,,False,@mtles9,Suho is outside. He is outside in multiple locations. This is exciting. I'm excited. 😊,0,2020-03-19T15:17:02Z,2020-03-19T15:17:02Z
Ugy3FlUvfKEQ2FHp1xh4AaABAg,,False,@بَيڪهيوُنيةآڪسوُآلُِ,اكسوال خلي ندعم قائدنه فايتينغ,1,2020-03-19T15:16:59Z,2020-03-19T15:16:59Z
UgyZHqVqoR4ZMzaw0q54AaABAg,,False,@hellostranger12,"A completely different unusual atmosphere and sounds so beautiful and what a beautiful Junmyeon with stunning warm colors. Every time you go through it reminds yourself that it really exists тт
This is a great art, not just teasers. I like these blue tones that are used in the teaser.",128,2020-03-19T15:16:57Z,2020-03-19T15:17:32Z
Ugwdxn7NJkALy_9jDHx4AaABAg,,False,@supattarapornpcy1767,ทรงพระเจริญ หล่อมากหล่อแบบบสกากสหสวหวหวหงงปวปวปสปปสวปววกวห อ้ปป้าขาาาาาาา ฮรือออ   รักนะคะ,0,2020-03-19T15:16:56Z,2020-03-19T15:16:56Z
UgwxtBqH3NHOP1cqwxp4AaABAg,,False,@lennthokchom2558,He's face look chubby & it's okay :))),0,2020-03-19T15:16:55Z,2020-03-19T15:16:55Z
UgwnkvGYZybl3c8-GQN4AaABAg,,False,@smartprison8737,노래 빨리......ㅜㅠㅠㅠㅠㅠㅠ,1,2020-03-19T15:16:54Z,2020-03-19T15:16:54Z
Ugy9J0rhvYwGbgmRY894AaABAg,,False,@zaherbda8197,I cant😭❤❤,0,2020-03-19T15:16:52Z,2020-03-19T15:16:52Z
UgwrlOsiP3LvztHW_eR4AaABAg,,False,@fhunhan4222,Lovely,0,2020-03-19T15:16:50Z,2020-03-19T15:16:50Z
Ugxa0h7nNt5LOT19e3d4AaABAg,,False,@maryamhayder2380,Angeel,0,2020-03-19T15:16:47Z,2020-03-19T15:16:47Z
UgzDR4NQ3kIXjmmSM_d4AaABAg,,False,@loeyuwu62,Ahhh I’m so excited,0,2020-03-19T15:16:45Z,2020-03-19T15:16:45Z
Ugxnz0vZmvRQG26pqxx4AaABAg,,False,@fhunhan4222,King,0,2020-03-19T15:16:44Z,2020-03-19T15:16:44Z
Ugwoc5nsP9Irq8W53fZ4AaABAg,,False,@asyhmardhiah,SAYANG,0,2020-03-19T15:16:43Z,2020-03-19T15:16:43Z
Ugz-tuE90J3TCTXYGpR4AaABAg,,False,@whoisme2613,SARANGHAJA❤️❤️❤️,0,2020-03-19T15:16:42Z,2020-03-19T15:16:42Z
UgzpqIe8z6HzLocKiQp4AaABAg,,False,@fhunhan4222,best leader,0,2020-03-19T15:16:39Z,2020-03-19T15:16:39Z
UgwmC4VtP9eIfbqfhh94AaABAg,,False,@parkchanyeolsdimpleguardia5872,Who can say no tho this 😭😭,0,2020-03-19T15:16:38Z,2020-03-19T15:16:38Z
Ugx-zfJcQPc5HjjOE4J4AaABAg,,False,@mingslewhistle148,"ㄱ.. 그렇게 쳐다보면.. 감사합니다 가내평안하고 만수무강하소서😭
우리오파(于里烏播) 개귀여어(凱歸蠡魚)
하고풍거(河鼓風去) 삭다해라(削多海蘿)
신의미모(神義美貌) 세상간지(世上間地)
용안에서(用安恚西) 비치난다(費治難多)
좌로인정(左虜人正) 우로인정(右虜人正)",0,2020-03-19T15:16:36Z,2020-03-19T15:16:36Z
UgxsUAcwk2nDsZROHpB4AaABAg,,False,@kucukprens9297,Çabucak gelsin artık albüm,0,2020-03-19T15:16:36Z,2020-03-19T15:16:36Z
UgxH5Lrj8NuZJI22jj14AaABAg,,False,@AYSEDNK22,MASTERPIEEEEEEEECE,0,2020-03-19T15:16:35Z,2020-03-19T15:16:35Z
UgzfE4MMz_mUDRMaeWV4AaABAg,,False,@jeonrania3313,"يا بديع خلقك رببببببي 
 شنو هذا الجمال طاح حظ كلبي ما يتحمل هيجي خلقه فدوووووووه  يموت اخ االله
سوهو 💜
سيهون🖤
شيومين♥️
دي او❤️
لأي🧡
بيكهيون💛
تشانيول💚
تشين💙
كاي💜",0,2020-03-19T15:16:34Z,2020-03-19T15:16:34Z
Ugx9hw53NXxoj9VNV294AaABAg,,False,@loeyuwu62,Kim Junmyeon is art,0,2020-03-19T15:16:32Z,2020-03-19T15:16:32Z
Ugwv2-dq4Qn-AmmuZyB4AaABAg,,False,@maushumidey2391,AND THE ALBUM OF THE YEAR AWARD GOES TO....... KING JUNMYEON,15,2020-03-19T15:16:30Z,2020-03-19T15:16:30Z
Ugyyshw7lp5lVdMilgJ4AaABAg,,False,@sitirahmanading6963,😍😍😍😍,0,2020-03-19T15:16:29Z,2020-03-19T15:16:29Z
UgzkIZIphavwyjby1Ux4AaABAg,,False,@hlushchenkoanastasiia8745,He is amazing,0,2020-03-19T15:16:27Z,2020-03-19T15:16:27Z
Ugz_ANpJDbD4UTWsKut4AaABAg,,False,@jmean1244,"Q: How many times do you wanna kill your fan with THAT beauty ?
Junmyeon: YES",40,2020-03-19T15:16:26Z,2020-03-19T15:16:26Z
Ugx2eWhEAGVX_NshAtN4AaABAg,,False,@noexonolife7394,Ok...i want to kiss him now/:,0,2020-03-19T15:16:25Z,2020-03-19T15:16:25Z
UgwDR51tHiVDJ2p8Jb54AaABAg,,False,@yunamoon5573,ولكممممممممم بموتتتتتتتتت💔😭,0,2020-03-19T15:16:22Z,2020-03-19T15:16:22Z
UgyP-2vqjJZQwOF33y54AaABAg,,False,@hell6547,احنه واحد,4,2020-03-19T15:16:22Z,2020-03-19T15:16:22Z
UgzxFvhfkCqxVpYA6Ap4AaABAg,,False,@lsaxiux99,Art 💖,0,2020-03-19T15:16:21Z,2020-03-19T15:16:21Z
Ugxhhujny5ZNo8gqQn14AaABAg,,False,@bellinda.9401,gorgeous 😍😍,0,2020-03-19T15:16:20Z,2020-03-19T15:16:20Z
UgxMxCJj5JyWdhZhtg54AaABAg,,False,@ashu8405,Our leader's first solo😍. We are all are very very excited and soooo happy. Huge Love From This Fanboy  💖,0,2020-03-19T15:16:20Z,2020-03-19T15:16:20Z
UgyVbxyJb9lqRtvKyPh4AaABAg,,False,@joyadorable2578,"어릴때 그리스.로마 신화라는 만화책있었는데  그 그림체들 , 캐릭터들이 다 존예존 멋으로 나왔단 말이야...
수호 진짜 남신캐릭터야 완전...ㅜㅜㅜㅜ
찐으로 깊이있게 멋있다..
귀품있다..무어라 표현해야할지 모르겠어ㅜㅜㅜ
9년동안 정말 알차게ㅜㅜㅜㅜ성장했다는게 파노라마 처럼 눈에 선하다ㅜㅜㅠ
앞으로도 응원할게요ㅜㅜㅜㅡㅜㅜ",1,2020-03-19T15:16:19Z,2020-03-19T15:16:19Z
UgyhL3sK7zwKF9B7aOZ4AaABAg,,False,@Withlove_tanni,Love you junu,0,2020-03-19T15:16:18Z,2020-03-19T15:16:18Z
Ugy1MmTVMV_z-d5kZPx4AaABAg,,False,@e_rahyunee_o,Am excited for your new first album☆♡,0,2020-03-19T15:16:17Z,2020-03-19T15:16:17Z
UgzAY6LrHb0k0brxn994AaABAg,,False,@shy2431,ALBUM OF THE YEAR & SOLOIST OF THE YEAR 🥺🥺🥺🥺,0,2020-03-19T15:16:16Z,2020-03-19T15:16:16Z
UgxvgS2UQGtHV8k50hp4AaABAg,,False,@Hehe-ty2rx,"역시 우리 준면오빠라서 기대하게 되고 봐도 또보고 또보고 또또 보는 것 같다 ㅠ 누가 뭐래도 내 마음 넘버원 엑소 슈퍼리더 짱짱맨 김준면 , 수호 오빠 이번 첫 솔로 활동도 오빠라서 더 멋지고 오빠라서 팬들이 응원하고 기다리게 되네요 ❤️ 언제나 오빠곁엔 엑소엘이 있다는 걸 잊지 말고 우리 평생 무대에서 또 영원히 함께 해요 그리고 언제 어디서나 오빠를 생각하고 사랑하는 엑소엘로 남을께요 자화상 ;; 사랑하자 라는 타이틀로 무대에서 수호로 만나게 되었는데 !! 너무너무 멋잇고 잘생겼고 😍😭아디에 내놔도 하나도 빠지지 않는 오빠😘진심으로 사랑하고 힘내세요 ! 위아원 엑소 사💜랑💜하💜쟈 !!!! 준면이 오빠 러브유유유유유유😊😊😊
우리 오빠 짱!!!",3,2020-03-19T15:16:14Z,2020-03-19T15:16:14Z
UgxvgS2UQGtHV8k50hp4AaABAg.96ONpT6FzSQ96W6QCss0oG,UgxvgS2UQGtHV8k50hp4AaABAg,True,@Hehe-ty2rx,지나가는엑소엘 너무너무 감사해용,0,2020-03-22T15:18:01Z,2020-03-22T15:18:01Z
Ugw4_Q2VeTLj1QoEZtR4AaABAg,,False,@sintyaagustin4528,Support our leader♥♥♥,1,2020-03-19T15:16:12Z,2020-03-19T15:16:12Z
Ugzlv9zqPEpsD1cUnEp4AaABAg,,False,@aerisaranghaja,"Medicine for Corona virus: ""Suho sampler #2""",8,2020-03-19T15:16:11Z,2020-03-19T15:16:11Z
UgxLtHM_BwGr4nfNtaR4AaABAg,,False,@imdamla,You are my life,0,2020-03-19T15:16:10Z,2020-03-19T15:16:10Z
UgxZ7qXwnk9t4pRKC9x4AaABAg,,False,@hell6547,مامتي سوهو,4,2020-03-19T15:16:08Z,2020-03-19T15:16:08Z
Ugw2R_hpQ1ozXHq36h14AaABAg,,False,@pluviophile.4897,OMG!!!!!! 🔥🔥🔥🔥🔥🔥😭😭😭😭😭😭😭😭😭💚💚💚💚💚,0,2020-03-19T15:16:04Z,2020-03-19T15:16:04Z
UgzWW4lQHiisu-1SfSl4AaABAg,,False,@Salma-rm1rm,قلبااااااااااى,0,2020-03-19T15:16:03Z,2020-03-19T15:16:03Z
Ugw0cqllOO6OabvHBgh4AaABAg,,False,@lemonon850,"هوا ليه كل الناس البيحبوا الkpop عمتا عربيين انا عايز افهم XD
btw lub u exo I cant wait for ur comback",1,2020-03-19T15:16:02Z,2020-03-19T15:16:02Z
UgziRIo8wozsxvhRdZ54AaABAg,,False,@razamswadi3553,يا جماعة خلونا نتفق انو عادي حطوا هون ايموجيز شقد ما تريدون بس امانة لا تحطون وقت تنزل الاغنية ♡♡♡,0,2020-03-19T15:16:02Z,2020-03-19T15:16:02Z
UgycwXNG395tdRv6rIZ4AaABAg,,False,@hoorainaadil8368,"Coming to save 2020 
Love from Pakistan 💓💓💓💓💖💓💖",2,2020-03-19T15:16:01Z,2020-03-19T15:16:01Z
Ugw_admdh8BQNQw5vVB4AaABAg,,False,@metaarini7092,Manusiaaa 😭,0,2020-03-19T15:15:59Z,2020-03-19T15:15:59Z
UgzQ_0j7ydt0metdBzR4AaABAg,,False,@asdfghjkl6152,sounds beautiful 😭💓,0,2020-03-19T15:15:56Z,2020-03-19T15:15:56Z
UgznuWRGYCnUycx0cQJ4AaABAg,,False,@kainakainat2430,I am being Doomed for life,0,2020-03-19T15:15:48Z,2020-03-19T15:15:48Z
Ugx9992iKCQC9FtpWxd4AaABAg,,False,@roserose8412,الفيجوال الفيجوال ااااااااااااااا مو مستعدة,1,2020-03-19T15:15:48Z,2020-03-19T15:17:58Z
UgycMsDQcI5JDNLkbPd4AaABAg,,False,@kcy9291,미모 도랏다 진짜..,0,2020-03-19T15:15:47Z,2020-03-19T15:15:47Z
UgwMw-fUTk8pHFx-_7B4AaABAg,,False,@akmaliavitri5237,I STAN a king,0,2020-03-19T15:15:47Z,2020-03-19T15:15:47Z
Ugzs2_JJ-P6dh1d4Alx4AaABAg,,False,@ミタ-w8y,SUHO GANTENG BANGET YA TUHANN,0,2020-03-19T15:15:46Z,2020-03-19T15:15:46Z
UgyrCcmQmcyAUasRwkJ4AaABAg,,False,@amaliafrhrf4294,"Suho is the art of being an artist himself, and the love everyone’s been seeking in romantic scenes.",217,2020-03-19T15:15:45Z,2020-03-19T15:15:45Z
UgzfiN7PdRBrL5sSnmN4AaABAg,,False,@chaimaal5640,💜💜💜💜💜💜💜💜,1,2020-03-19T15:15:44Z,2020-03-19T15:15:44Z
UgwoyjLCJtCfFRAy_KV4AaABAg,,False,@jonginnie88,Suho saves us from the drought...,0,2020-03-19T15:15:42Z,2020-03-19T15:15:42Z
UgxGEco9K8i_TSibznJ4AaABAg,,False,@measlaa,TERLALU TAMPAN😍,0,2020-03-19T15:15:39Z,2020-03-19T15:16:13Z
UgwopsR2b69ly7lAw4B4AaABAg,,False,@basohun,Suho saves my life,0,2020-03-19T15:15:36Z,2020-03-19T15:15:36Z
UgwFjRskm9Irv0ihJo14AaABAg,,False,@e_rahyunee_o,Oppa fighting you look handsome ♡♡,0,2020-03-19T15:15:36Z,2020-03-19T15:15:36Z
UgyT-0h5jM7OYtIreht4AaABAg,,False,@nurbaeti552,I can't wait jumyeon 😍🤤,0,2020-03-19T15:15:32Z,2020-03-19T15:15:32Z
UgwAGIcuHR4e3e0gcj14AaABAg,,False,@kainakainat2430,Junmyeon u are going for World Domination,0,2020-03-19T15:15:32Z,2020-03-19T15:15:32Z
UgwlC-KuYtwv-cP6-NV4AaABAg,,False,@aerisaranghaja,I needed this sampler in my life,2,2020-03-19T15:15:28Z,2020-03-19T15:15:28Z
UgwAPTtKY1Jmkiwjn8d4AaABAg,,False,@user-eo2zn3fg9v,"No one :
Me after 0.000000001 second: asfhkputezfvjkllbczfvbkpkvgecji",0,2020-03-19T15:15:26Z,2020-03-19T15:15:26Z
UgyD8Gq-RB_NIIL71xp4AaABAg,,False,@ssss-ir5my,"اكسوالز انتي ليه مش بتفهموا لما بنقول متحطةش ايموجي ؟؟!!!! لو يمحت متحطوش ايموجي واللي حاطط يحزف 
please don't put emoje 
Arab exo-ls",20,2020-03-19T15:15:26Z,2020-03-19T15:15:26Z
Ugxz6cbDfUIxVTjoMsF4AaABAg,,False,@lightfulhurts3888,앨범컨셉이 자화상인거 넘 맘에 든다... 우리애 내면의 소리도 들을수 있고... 대놓고 얼굴자랑도 잔뜩 볼수있고ㅎㅎ 앨범 빨리 나와랏!!>_<,1,2020-03-19T15:15:24Z,2020-03-19T15:15:24Z
Ugz2NQ6J3ApSK0xhXTV4AaABAg,,False,@ellkyung3840,Minee,0,2020-03-19T15:15:24Z,2020-03-19T15:15:24Z
UgwMpLQDaBsbtn7Bw6F4AaABAg,,False,@exo_lbaekhyunforever8700,Handsomeeeeeeee~~,0,2020-03-19T15:15:24Z,2020-03-19T15:15:24Z
Ugw336aUT3RfdbrgbMZ4AaABAg,,False,@lallawmpuiirawite7317,Oi!! Ka hmangaih pa.... 😍😘... Love you Suho.. ❤❤,0,2020-03-19T15:15:23Z,2020-03-19T15:15:23Z
UgwbFrjTfPG_7tQLQx54AaABAg,,False,@myeonbb,준면아 정말정말 사랑해ㅜㅜㅜㅜㅜㅠㅠㅠㅠ 벌써부터 노래 듣고싶어지고 앨범 뜯고 싶어지구ㅠㅜㅠ 바쁜 스케줄 속에서 이렇게 멋진 퀄리티로 앨범 준비한 준면이를 위해서 내가 더 열심히 응원하고 노력할게 정말 고마워 사랑해 준면아 💗💗💗,1,2020-03-19T15:15:22Z,2020-03-19T15:15:22Z
Ugxmz4Kfp7Ve2YN2qsx4AaABAg,,False,@ИндираКанетова,Woow it's awesome😭😭,0,2020-03-19T15:15:20Z,2020-03-19T15:15:20Z
UgwtQLVbTwVHokF2WT94AaABAg,,False,@sk-tc9bq,Proud to stan an angel,0,2020-03-19T15:15:20Z,2020-03-19T15:15:20Z
UgyM9MY3eqp7Kjt8jO94AaABAg,,False,@linhkhanh5804,Tuyệt vời ♥️♥️♥️♥️,0,2020-03-19T15:15:19Z,2020-03-19T15:15:19Z
UgwWCpZ3B6OTswA5FCB4AaABAg,,False,@CJ-xv1eo,I love it! P’suho the best!,0,2020-03-19T15:15:16Z,2020-03-19T15:15:16Z
UgwCxJscC0UpST6Kn1V4AaABAg,,False,@nikolelara8798,The best leader,0,2020-03-19T15:15:16Z,2020-03-19T15:15:16Z
Ugx39oMGwZT_rAmiFgB4AaABAg,,False,@allyanamanabat7323,Seems like heaven,0,2020-03-19T15:15:15Z,2020-03-19T15:15:15Z
UgwcdsOOtLGxH1hs8ap4AaABAg,,False,@خَيالُالنُجوم-ش1ح,"Let's get power from our leader .
ARAB EXOL",0,2020-03-19T15:15:13Z,2020-03-19T15:15:13Z
UgyD6eZaDQ2IfYWdV-V4AaABAg,,False,@Maha-lv1ds,ART just ART,0,2020-03-19T15:15:11Z,2020-03-19T15:15:11Z
UgyHRDzPS-WJgiURbvV4AaABAg,,False,@nikolelara8798,King,0,2020-03-19T15:15:10Z,2020-03-19T15:15:10Z
UgzcPTUY8ZjSEUjQt_Z4AaABAg,,False,@kainakainat2430,Junmyeon drop your Skin routine Challenge,0,2020-03-19T15:15:09Z,2020-03-19T15:15:09Z
Ugw3Z2BmYhacyyCn54J4AaABAg,,False,@maimadany8903,He is the most beautiful one in the world💙,0,2020-03-19T15:15:09Z,2020-03-19T15:15:09Z
Ugz6o-qbk6-bptsFI254AaABAg,,False,@모몸므,Noo suho se va este año 😪😰,0,2020-03-19T15:15:08Z,2020-03-19T15:15:08Z
Ugy3TipFlRWc7Fwreh14AaABAg,,False,@bunnycotton3041,"حطوا لايك لكل تعليق عربي 
اكسوالز انا مت",2,2020-03-19T15:15:05Z,2020-03-19T15:15:05Z
UgwevilyAcdLjCBJovl4AaABAg,,False,@adjasidibe8413,So beautiful and all the views very stunning well done #SUHO 🤗🙌😊,0,2020-03-19T15:15:04Z,2020-03-19T15:15:04Z
UgwzFB36hUWhEwpVTGd4AaABAg,,False,@parkk-popper8945,Aaaa ti lindo alegro meu dia ♥♥,0,2020-03-19T15:15:02Z,2020-03-19T15:15:02Z
Ugz5w-C9tdm1ZMWEOSB4AaABAg,,False,@nikolelara8798,Don't use emojis!!!,0,2020-03-19T15:15:02Z,2020-03-19T15:15:02Z
UgzYbU33yfLRJWdVEw54AaABAg,,False,@jiminkim4935,Beautiful,0,2020-03-19T15:15:01Z,2020-03-19T15:15:01Z
UgwkXSvjUMma6j-QqKV4AaABAg,,False,@razamswadi3553,خلاص يلا فهمنة انك حلو من كل الجهات TT,0,2020-03-19T15:15:01Z,2020-03-19T15:15:01Z
Ugz1wRb3d_Vp_fRJMTp4AaABAg,,False,@parkayoosh9555,Love u oppa,0,2020-03-19T15:15:01Z,2020-03-19T15:15:01Z
Ugys_vKwqmwBMvXBX-d4AaABAg,,False,@lovely_nhonhooyou6544,I LOVE YOOOOOOOOU,0,2020-03-19T15:15:00Z,2020-03-19T15:15:00Z
Ugyjl4M6d8HE5wPViOR4AaABAg,,False,@ameliacasiopea,"Hermoso, divino, precioso, lindo aaaaaaaaaaaaaa con vos todos los adjetivos buenos encajan 💖",0,2020-03-19T15:14:59Z,2020-03-19T15:14:59Z
Ugw1RauswUi1ALeuLKJ4AaABAg,,False,@shamsqueen3859,عمرييييي حياتييييي عشقيييي بموتت يربي احبةة😍❤❤❤❤❤,0,2020-03-19T15:14:58Z,2020-03-19T15:14:58Z
UgzO0da3bTS-BLM6Atd4AaABAg,,False,@nupalishah3547,This album; its going to be so soothing. I can feel it! Highly anticipated solo of the year is here! Finally! Can't wait till 30th. 😆💕😆,0,2020-03-19T15:14:55Z,2020-03-19T15:14:55Z
UgxUc1RzT1EKcv_p4I54AaABAg,,False,@agustinabrito6777,Wooooow espectacular,0,2020-03-19T15:14:53Z,2020-03-19T15:14:53Z
Ugz9S4bCpfRP9ZAwR8x4AaABAg,,False,@freepalestine3694,"أكسوال ما تحطو ايموجي بليز بجمد المشاهدات 
عشان ندعم سوهو",3,2020-03-19T15:14:52Z,2020-03-19T15:14:52Z
UgzhuUBdFmV3icJVmKF4AaABAg,,False,@leonardodavinci9751,Suho saved 2020 even before it went casasthropically,0,2020-03-19T15:14:45Z,2020-03-19T15:14:45Z
UgzXFVysxwbK96zD7rh4AaABAg,,False,@tuonglan994,Đẹp trai quá à~~~,0,2020-03-19T15:14:44Z,2020-03-19T15:14:44Z
Ugz7kOoBnFnkTzn299B4AaABAg,,False,@basohun,Omg I can’t,0,2020-03-19T15:14:44Z,2020-03-19T15:14:44Z
UgyR2nLw68BbvEalJHZ4AaABAg,,False,@saraabdallah2008,ايه فيه يا حج سوهو ما شويه شويه عل قلبنا  انا قلبي صغير لا يتحمل الله,7,2020-03-19T15:14:44Z,2020-03-19T15:14:54Z
UgxgarXr1CJjG3qoA854AaABAg,,False,@Sweetnrc,تيزر اليوتيوب غير,0,2020-03-19T15:14:42Z,2020-03-19T15:14:42Z
UgwWbPUX9ZsthsVk3S54AaABAg,,False,@rantirahmayantii4793,Cakep bnr hiks😭😭💗💗,0,2020-03-19T15:14:37Z,2020-03-19T15:14:37Z
Ugz5APIreTkrgdFFtlZ4AaABAg,,False,@кмун-ш3у,"فديت سوهو و فديت اكسو و فديت الاكسوالز 
We are one for ever 
I Love you Suho 
ايريز لا تخلون ايموجيات لان تجمد المشاهدات  و كثروا تعليقات بالعربي حتى نثبت وجودنا اكثر ( سرانغهي اكسوالز)  
تعديل: ما مصدقة اني تعليق رقم 21 انشالله بالايام الجاية اصير رقم 1",2,2020-03-19T15:14:35Z,2020-03-19T15:18:42Z
UgyuxKcUI2dp8FhGxrd4AaABAg,,False,@basohun,He’s so beautiful,0,2020-03-19T15:14:32Z,2020-03-19T15:14:32Z
UgxqyZyNg0k-Y9FHYgZ4AaABAg,,False,@merrysuphh4327,Suhot te amamos!!! Tan hermoso!!!!! ❤️❤️❤️❤️❤️❤️❤️❤️❤️❤️❤️❤️❤️❤️❤️❤️❤️❤️❤️❤️,0,2020-03-19T15:14:30Z,2020-03-19T15:14:30Z
UgzLpKOf-WEs9lCJ_QV4AaABAg,,False,@suhostan9039,Junmyeon visuals 🔥🔥🔥🔥🔥,0,2020-03-19T15:14:28Z,2020-03-19T15:14:28Z
UgzT79XFbPfFNoLFNyN4AaABAg,,False,@lovingthecombo,정말 우리 준면 어쩜 좋아 ㅠㅠㅠㅠㅠㅠㅠ 너무너무 사랑해 💙💙💧💙💧💧 사막의 오아시스 수호 준면,1,2020-03-19T15:14:26Z,2020-03-19T15:14:26Z
Ugw5qTwEog-7ZO_xhQx4AaABAg,,False,@oohthree3130,Ganteng selembut kapas,0,2020-03-19T15:14:25Z,2020-03-19T15:14:25Z
UgxnQwsRSTWAXUY31aB4AaABAg,,False,@ИндираКанетова,I'm already in love with this song❤,0,2020-03-19T15:14:24Z,2020-03-19T15:14:24Z
Ugz-EggpXf3L-qfnNEB4AaABAg,,False,@dd00564,아 미쳤나봐 개잘생겼어ㅠㅜ,1,2020-03-19T15:14:21Z,2020-03-19T15:14:21Z
Ugz79Ch2RsrDHtr3Kd94AaABAg,,False,@aygiem,Art is doing art,0,2020-03-19T15:14:20Z,2020-03-19T15:14:20Z
UgyvxxUIP5J1JOPHRUh4AaABAg,,False,@basohun,Handsome,0,2020-03-19T15:14:20Z,2020-03-19T15:14:20Z
UgwpzQrqjMJF0HieZ094AaABAg,,False,@sakborey6959,my idol❤️️❤️️❤️️,0,2020-03-19T15:14:18Z,2020-03-19T15:14:18Z
Ugw0ND0QnFkYtVCIFaN4AaABAg,,False,@egijhonika8533,sayang,0,2020-03-19T15:14:18Z,2020-03-19T15:14:18Z
UgzrWNSzVF4orx4euBB4AaABAg,,False,@fitriannisa6838,CAKEP SUBHANALLOH 😭😭😭😭,0,2020-03-19T15:14:18Z,2020-03-19T15:14:18Z
UgzqAIhMnF5ZvcSjhJl4AaABAg,,False,@callistanajahalk.a1944,아빠 파이팅!!!,0,2020-03-19T15:14:14Z,2020-03-19T15:14:14Z
Ugyj3tcGZkjF3oJ6_VF4AaABAg,,False,@MisakiMi13,"Who can belive that this handsome is event REAL ♥♥♥ 
.
.
.
.
.
I'm so EXITED the SONG and THE MV gonna be so amizing i can feel it ♥♥",14,2020-03-19T15:14:13Z,2020-03-19T15:14:13Z
Ugw0NjAPLo20JTzjfIZ4AaABAg,,False,@mrinallisa,<3 <3 (｡♡‿♡｡) soo beautiful glimpse of sound track Waw and SUHO OPPA 🐰❤️ is so hot handsome ' well so can't wait to hear his heart melting voice tho aghrr !!!.......,0,2020-03-19T15:14:10Z,2020-03-19T15:14:10Z
UgxVXsF_DpDRMXo6zCd4AaABAg,,False,@parkayoosh9555,حماااسسس حماااسسسس احببههه,0,2020-03-19T15:14:09Z,2020-03-19T15:14:09Z
UgyHJo6Y-UPrG019E7R4AaABAg,,False,@afianasr4457,Ga ada akhlak gantengnya,0,2020-03-19T15:14:08Z,2020-03-19T15:14:08Z
UgztaxQRJqTbkmlNoK54AaABAg,,False,@nguyenngocanh1608,Suho ơiii...đẹp trai quá💙,0,2020-03-19T15:14:08Z,2020-03-19T15:14:08Z
UgzznolZPoUEVKqDB7R4AaABAg,,False,@yehsisnt6277,"The best leader?

YES <3",2,2020-03-19T15:14:07Z,2020-03-19T15:14:07Z
UgztDhHrd9MJc3Xj_rN4AaABAg,,False,@seunghyun-11,준면이가 걷는다🔥 앨범사야지...,1,2020-03-19T15:14:06Z,2020-03-19T15:14:06Z
Ugx18QXIWAEBKIMj3F94AaABAg,,False,@mayrasandoval5000,Suhiito 💗💗💗 i love you,0,2020-03-19T15:14:05Z,2020-03-19T15:14:05Z
UgwzRhdlwutG48g_WPl4AaABAg,,False,@mutiaraaulia2358,I miss you😞,0,2020-03-19T15:14:03Z,2020-03-19T15:14:03Z
Ugx6V3W1sH2xWIVDLxF4AaABAg,,False,@primsirikorn2512,💖💖💖💖💖,0,2020-03-19T15:14:03Z,2020-03-19T15:14:03Z
UgwAbpOCPCSC_kG4UPt4AaABAg,,False,@x-exolandin3949,KING IS BACK🔥🔥🔥,1,2020-03-19T15:14:01Z,2020-03-19T15:14:01Z
UgwO7vPoQl-OF4R75p94AaABAg,,False,@댓글-k1i,진짜 졸라 잘생겼다,1,2020-03-19T15:13:58Z,2020-03-19T15:13:58Z
UgwTvtExMnbQNSYHKPB4AaABAg,,False,@parkayoosh9555,فدييييتتتتتتت,0,2020-03-19T15:13:58Z,2020-03-19T15:13:58Z
UgyKvDa7plqt2cElB_d4AaABAg,,False,@tankiebell2675,this is by far the most aesthetically pleasing album,1,2020-03-19T15:13:56Z,2020-03-19T15:13:56Z
UgyGfZKmHXJC3TpRPpp4AaABAg,,False,@suho3893,❤️🤍💙,0,2020-03-19T15:13:55Z,2020-03-19T15:13:55Z
Ugy-NeJkaFWtnyzhfKV4AaABAg,,False,@Hei_Hei_606,I have no words to describe how beautiful Suho is and how precious his album will be.,0,2020-03-19T15:13:54Z,2020-03-19T15:13:54Z
UgwJebBj72Fjm6_6mRV4AaABAg,,False,@sarona4325,منور حبي,0,2020-03-19T15:13:53Z,2020-03-19T15:13:53Z
UgwV7wh-tP_6mCefg6V4AaABAg,,False,@B1256-k8f,Ya ampuuuuun tolooooong kenapa ganteng banget ini woy :( thanks suho I Love You,0,2020-03-19T15:13:53Z,2020-03-19T15:13:53Z
UgyXqFpDEVh7AJEs4bB4AaABAg,,False,@aeri9xingmi124,So beautiful! Can't wait❤️,0,2020-03-19T15:13:50Z,2020-03-19T15:13:50Z
UgzsDxh34nweV3BdFH94AaABAg,,False,@suho3893,I'm so excited🔥🔥🔥🔥🔥❤️,0,2020-03-19T15:13:47Z,2020-03-19T15:13:47Z
UgzhX3rWQXvQ_KfOEs54AaABAg,,False,@accehz4458,My heart wenTttt likeee 0Oppss,0,2020-03-19T15:13:47Z,2020-03-19T15:13:47Z
UgxRjs_7n-lb_v12vxJ4AaABAg,,False,@user-cl6xo6cy7o,سوهو احبك,1,2020-03-19T15:13:47Z,2020-03-19T15:13:47Z
UgxhxQPPjvmE36rkYTN4AaABAg,,False,@Juvilianaaaa,"He is a king 
I really love him 
U are the best suho",1,2020-03-19T15:13:46Z,2020-03-19T15:13:46Z
Ugw1SSYClT0ZxREfOA54AaABAg,,False,@seunghyun-11,하 준면아.......그렇게 예쁘면 어쩌잖거야...6,0,2020-03-19T15:13:40Z,2020-03-19T15:13:40Z
UgygwbMcAr5IP6zQcjZ4AaABAg,,False,@nezzyzibang,I feel it this album will be PERFECT TT JUNMYON-A WE ARE PROUD OF U TT Can't wait to hear the whole album!!!! We believe in you and your dreams!,13,2020-03-19T15:13:36Z,2020-03-19T15:13:36Z
UgypU2XMKXBOSTP4kQp4AaABAg,,False,@shahadali2967,احبك سوهو😍😍😍😍😍😍😍😍😍,0,2020-03-19T15:13:35Z,2020-03-19T15:13:35Z
UgwkECnrLCCivDWl5FN4AaABAg,,False,@suho3893,I can't wait more😭😭😭❤️❤️❤️❤️,0,2020-03-19T15:13:35Z,2020-03-19T15:13:35Z
Ugw5TKOBcgY8zXomJAp4AaABAg,,False,@arabellabarbarella8126,To me this teasers are a moment of happiness in this days of crisis. I can't wait for march 30,2,2020-03-19T15:13:35Z,2020-03-19T15:13:35Z
UgxYXvnhfKr7_D9OefJ4AaABAg,,False,@강민아-o2e,"준면아...솔로앨범 나온다는게 믿기지가 않아...너무 좋다.....가슴이 박차오르고 눈물이 난다는게 이런거 같아
우리 준면이 솔로 데뷔 너무 축하하고 더 흥하면 좋겠다 
소중한 준면아 앞으로의 너의 앞길이 좋은 일만 가득 했으면 좋겠어. 너무 너무 사랑해 아프지 말고 밥 많이 먹어! 사랑하는 준면아! 솔로 데뷔 축하해!!!!!",0,2020-03-19T15:13:33Z,2020-03-19T15:13:33Z
Ugz_ybINvguEJnJrEbp4AaABAg,,False,@pram_per6416,I love you,0,2020-03-19T15:13:31Z,2020-03-19T15:13:31Z
UgzsM9xGbXUqH30zJxF4AaABAg,,False,@ashu8405,😍😍😍😍😍,0,2020-03-19T15:13:29Z,2020-03-19T15:13:29Z
UgxNX3QejZXXHHL3HU94AaABAg,,False,@shahadali2967,قائدنا العظيم 😍😍😍😍😍😍😍😍,0,2020-03-19T15:13:27Z,2020-03-19T15:13:27Z
UgxvuRhmgm35oK2kYlN4AaABAg,,False,@lalarustamli7667,You got me so excited. İ can't wait *-*,0,2020-03-19T15:13:27Z,2020-03-19T15:13:27Z
UgxW6dJznYoDCTjm0sB4AaABAg,,False,@ahaas561,Te amo 🥺💖,0,2020-03-19T15:13:27Z,2020-03-19T15:13:27Z
Ugzxo2DqiH4dBd6ATJZ4AaABAg,,False,@sarmilasunuwar7313,Wow....💋❤💋,0,2020-03-19T15:13:25Z,2020-03-19T15:13:25Z
UgzhwxgFVZYKYcPJKu54AaABAg,,False,@triplewalwal,청량하고 맑고 투명해.. 물 호수 강 바다... 깨끗하고 시원하고 정말 수호 김준면 같다! 최고최고💙💙💙,2,2020-03-19T15:13:21Z,2020-03-19T15:13:21Z
UgxCDyyuaKptkH7K-nV4AaABAg,,False,@수안-k8o,진짜 이번 솔앨 대박이다...,0,2020-03-19T15:13:19Z,2020-03-19T15:13:19Z
Ugx0lMxyxZV4iXguJ3t4AaABAg,,False,@yasmindania2831,THIS IS BEYOND BEAUTIFUL ㅠㅠ ♡♡♡♡,0,2020-03-19T15:13:19Z,2020-03-19T15:13:19Z
UgxXHTjlbhGlrikQ2gt4AaABAg,,False,@بَيڪهيوُنيةآڪسوُآلُِ,اكسوال بلا ايمويجي بليززز يجمد المشاهده 《°•°》,2,2020-03-19T15:13:18Z,2020-03-19T15:13:18Z
UgwxaqP4VBsyu4LDEAt4AaABAg,,False,@suho3893,Oh my god 😭🔥🔥🔥,0,2020-03-19T15:13:17Z,2020-03-19T15:13:17Z
Ugw3CzkvDQHBdXfcTRF4AaABAg,,False,@indahfebriantii7965,Ganteng bangetttt 😭😭😭😍😍,0,2020-03-19T15:13:13Z,2020-03-19T15:13:13Z
UgywBZSGUYYBey2yFPp4AaABAg,,False,@shahadali2967,سوهو❤❤❤❤❤❤❤❤❤❤❤,0,2020-03-19T15:13:12Z,2020-03-19T15:13:12Z
UgyInu3KryTn1e3WLX94AaABAg,,False,@Jasmine-vw7xd,I can't wait for your album,0,2020-03-19T15:13:09Z,2020-03-19T15:13:09Z
Ugzsi-QV1FNlWzVCUQl4AaABAg,,False,@suho3893,Suhoooo,0,2020-03-19T15:13:07Z,2020-03-19T15:13:07Z
Ugy3PogQzC8RDJoKRoJ4AaABAg,,False,@قطنهدندن2,*لسه م مر4ساعات ع الفيد الاول ونزل الفيد الثاني احسني غنيه مو اكسوال فغيره ك العاده* :))),0,2020-03-19T15:13:07Z,2020-03-19T15:13:07Z
UgxIMQExNzgchfLxPNd4AaABAg,,False,@song5047_,조금씩 공개될때마다 다 취향저격이야ㅠㅠ이번건 뭔가 벅찰 것 같은 느낌!준면아 솔로 벌써 대박이야😍,0,2020-03-19T15:13:06Z,2020-03-19T15:13:06Z
UgyrXuURNj9zOoHm7ft4AaABAg,,False,@opolkimm3700,หล่อที่สุดในโลกกก,0,2020-03-19T15:13:05Z,2020-03-19T15:13:05Z
UgyxQZ5MeXzKTpIvjEh4AaABAg,,False,@sobin112,"미쳤다고.,☺️😖❤️",1,2020-03-19T15:13:03Z,2020-03-19T15:13:03Z
UgzUOenfxkawSE-rb6J4AaABAg,,False,@parkayoosh9555,قائدنااااااااا,0,2020-03-19T15:13:03Z,2020-03-19T15:14:46Z
UgzBKo2tSo-f4FIWTM14AaABAg,,False,@shahadali2967,سوهو💙💙💙💙💙💙💙💙,0,2020-03-19T15:12:59Z,2020-03-19T15:12:59Z
UgzTDH0VSpz3zF-hNOx4AaABAg,,False,@kaisoowife1020,Líder MARAVILHOSO,0,2020-03-19T15:12:58Z,2020-03-19T15:12:58Z
UgwC-zE8pQlKBHiTtQx4AaABAg,,False,@AnhNguyen-fm3yq,Đẹp trai quá anh trưởng ơi,0,2020-03-19T15:12:56Z,2020-03-19T15:12:56Z
Ugxqny79mNTJUNwVP3h4AaABAg,,False,@haiman_exol7437,جماله ❤🔥,0,2020-03-19T15:12:55Z,2020-03-19T15:12:55Z
Ugyw8Cy2lzGfxRwnKop4AaABAg,,False,@natttytree11,💖🤧💖,0,2020-03-19T15:12:54Z,2020-03-19T15:12:54Z
Ugwxo4qZ1wGQxURP1_F4AaABAg,,False,@xoxo0326xoxo,싫어요 누른 것들은 뭐냐 ㅋㅋㅋㅋ,0,2020-03-19T15:12:54Z,2020-03-19T15:12:54Z
UgwB6HAQgtzcH7SZ8c94AaABAg,,False,@Jasmine-vw7xd,You're handsome,0,2020-03-19T15:12:53Z,2020-03-19T15:12:53Z
Ugw_TFdEGW5_CVh1e2J4AaABAg,,False,@shahadali2967,سوهو💜💜💜💜💜💜💜💜,0,2020-03-19T15:12:52Z,2020-03-19T15:12:52Z
UgxbCs0zPZ0sIGaBZad4AaABAg,,False,@user-fv1kp9sv5w,جمالوو ولووو :'(,0,2020-03-19T15:12:52Z,2020-03-19T15:13:02Z
UgzHI6jxjio5_EOWfOB4AaABAg,,False,@oanhcoconut3811,"Đẹp trai quá 
Yêu anhhhh Suho",0,2020-03-19T15:12:52Z,2020-03-19T15:12:52Z
Ugx6loAixzsuNNSrWMJ4AaABAg,,False,@tazkiafirly879,ada yg bening tapi bukan kaca atau air putih,0,2020-03-19T15:12:51Z,2020-03-19T15:12:51Z
Ugxckh882O-yC3d3pMR4AaABAg,,False,@ihrtmia,JUNMYEON REALLY OUT HERE FUCKING UP THE INDUSTRY-,0,2020-03-19T15:12:50Z,2020-03-19T15:12:50Z
UgxBjMJf8qaAaAR01vV4AaABAg,,False,@수안-k8o,진짜 공주왕자님......༼ ;༎ຶ ۝ ༎ຶ`༽ ㅠㅠㅠㅠㅠㅠ,0,2020-03-19T15:12:50Z,2020-03-19T15:12:50Z
UgwlrN1a9GJznp45McF4AaABAg,,False,@ah8171,"The scenery and melody are so beautiful, so healing 
Are the mood samplers songs in the album or? Does anyone know?",1,2020-03-19T15:12:47Z,2020-03-19T15:12:47Z
UgwJdnH2rVlrQTW1D8F4AaABAg,,False,@kaisoowife1020,Maravitudooo,0,2020-03-19T15:12:46Z,2020-03-19T15:12:46Z
Ugzx4GSguj0oEnnEiDR4AaABAg,,False,@eyeyyy,this already sounds like a bop,1,2020-03-19T15:12:46Z,2020-03-19T15:12:46Z
UgyhKBBQrSBPdJuMWth4AaABAg,,False,@shahadali2967,سوهو 😭😭😭😭😭😭😭😭,0,2020-03-19T15:12:45Z,2020-03-19T15:12:45Z
UgyiQ_z1VNT4bA_hqw54AaABAg,,False,@tachisan896,Let’s love,1,2020-03-19T15:12:44Z,2020-03-19T15:12:44Z
UgxYq7m_QRSwtP-6RpJ4AaABAg,,False,@劉穎瑄-z9u,Suho fighting!,0,2020-03-19T15:12:43Z,2020-03-19T15:12:43Z
UgwGwT0DVOtTy7kkdNR4AaABAg,,False,@Jasmine-vw7xd,❤️❤️❤️,0,2020-03-19T15:12:42Z,2020-03-19T15:12:42Z
Ugx1aP_63eikiKr6Vix4AaABAg,,False,@exomylight3265,Our leader is so freakin' handsome😍  We're so lucky to have him❤,0,2020-03-19T15:12:39Z,2020-03-19T15:12:39Z
UgyAeDeHMKuMDj1OGM94AaABAg,,False,@arjhaypalma3693,Leadernim,0,2020-03-19T15:12:38Z,2020-03-19T15:12:38Z
UgyLDUXbs2QiFAJzThp4AaABAg,,False,@jongdaeseyebrows,"*JUNMYEON X SUHO* ?
First (Junmyeon?) is in a desert there's a mirror with his self reflection (is it implying him trying to find his true self?)(or like a portal to his other self?)
On the other hand (Suho?) is beside a lake.(His water superpower)
They both seem to look at something are they looking at each other??

I DK I'M SO EXCITED I'M ALREADY OVER ANALYZING THINGS",0,2020-03-19T15:12:38Z,2020-03-19T15:12:38Z
UgymvquWHTBbiZcGpQ94AaABAg,,False,@kaisoowife1020,Self-portait tudo,1,2020-03-19T15:12:38Z,2020-03-19T15:12:38Z
UgxMC_iciK1UpK8zwsF4AaABAg,,False,@shahadali2967,سوهو😲😲😲😲😲😲,0,2020-03-19T15:12:37Z,2020-03-19T15:12:37Z
UgybyUmEmjELUAFS0Dp4AaABAg,,False,@maimadany7992,ايه الجمال دا🙂🖤🖤🖤🖤🖤🖤🖤🖤🖤🖤🖤,0,2020-03-19T15:12:36Z,2020-03-19T15:12:36Z
Ugy9rYua6Og-tDFmSuZ4AaABAg,,False,@artsessraartsessra8566,👍👍👍👍👍👍👍👍🇮🇶🇮🇶🇮🇶🇮🇶🇮🇶🇰🇷,1,2020-03-19T15:12:34Z,2020-03-19T15:12:34Z
UgyB5w7KxFJT6YnxRax4AaABAg,,False,@HanaKano14,IM GETTING EXCITEDDDDDDDDDDDDDD,0,2020-03-19T15:12:34Z,2020-03-19T15:12:34Z
Ugw9TJZPwftcqkAA3Vd4AaABAg,,False,@RismaWati-lb6rr,Uwwaww luv luv 💓💙💛💜,0,2020-03-19T15:12:33Z,2020-03-19T15:12:33Z
Ugwd-SgtBCVVqqczfnF4AaABAg,,False,@neslihan7835,Suho bir gün de bizi gör Türk hayranlarını,0,2020-03-19T15:12:32Z,2020-03-19T15:12:32Z
Ugy0b_3LwFYtkQ_tO1V4AaABAg,,False,@liliestheme,why so perfect,0,2020-03-19T15:12:31Z,2020-03-19T15:12:31Z
UgwYPBxMFwfr_4cTZHl4AaABAg,,False,@hicekim__9779,"Gada akhlak ning orah, ganteng nya membombardir jantung anak perawan. Mas suho mas suho masya Allah, tobat mas jan ganteng terus napa !!! 😭😚😚",0,2020-03-19T15:12:31Z,2020-03-19T15:12:31Z
Ugx-oeA_xDChpUHPu1B4AaABAg,,False,@rosetherose7823,❤️❤️❤️❤️,0,2020-03-19T15:12:29Z,2020-03-19T15:12:29Z
UgyzH1ZdR4utZFOgMLl4AaABAg,,False,@julie98,"Oh,  Suho does the best 
Please take care my bunny 🐰🐰",4,2020-03-19T15:12:29Z,2020-03-19T15:12:29Z
UgypQmhhilkAhiZnRPV4AaABAg,,False,@AlejandraReyes-fv5iw,No te vayas al puto sm 💔🥺,0,2020-03-19T15:12:28Z,2020-03-19T15:12:28Z
UgwfrTFmAx_bjQjPkU94AaABAg,,False,@shahadali2967,سوهو 😍😍😍😍,0,2020-03-19T15:12:28Z,2020-03-19T15:12:28Z
Ugy4k-byzZKi09GwsWJ4AaABAg,,False,@mjtaladua1881,❤❤❤,0,2020-03-19T15:12:26Z,2020-03-19T15:12:26Z
UgwrKbFpjHkyCKR0d6R4AaABAg,,False,@Martereluh,TUDO PRA MIM... SO VEM  LÍDER DA NAÇÃO,1,2020-03-19T15:12:26Z,2020-03-19T15:12:26Z
UgylHtVwzoUMqWWlLc54AaABAg,,False,@kaisoowife1020,Álbum do ano,0,2020-03-19T15:12:25Z,2020-03-19T15:12:25Z
UgycWTOQhAf0nGM_LjZ4AaABAg,,False,@giahanhoang5805,Sức sắc,0,2020-03-19T15:12:25Z,2020-03-19T15:12:25Z
UgwUvHN5SDALB95o6Ah4AaABAg,,False,@vividaegal,준면아...너무 너무 기대돼 ㅠㅠㅜ,0,2020-03-19T15:12:25Z,2020-03-19T15:12:25Z
UgxAk-aTPMF47AKWQ9F4AaABAg,,False,@bretteddy6118,والله ما حد بيصنع يومي غيرك اههه,0,2020-03-19T15:12:24Z,2020-03-19T15:12:24Z
UgxWq6Twb4NSiej5oE54AaABAg,,False,@realnrl5503,"I think this bgm is other song of this album , i can't wait for this solo",0,2020-03-19T15:12:22Z,2020-03-19T15:12:22Z
UgxwvJO9_e4gADT-mvF4AaABAg,,False,@merinamariam7857,My angel..,0,2020-03-19T15:12:22Z,2020-03-19T15:12:22Z
UgzbIdXB1_PX1aZ0WQN4AaABAg,,False,@cotton_0522,너무 기대된다💕💕💕,0,2020-03-19T15:12:21Z,2020-03-19T15:12:21Z
UgxdJOdhNJ8ceFlLlYR4AaABAg,,False,@kchai7824,ياااخ شذا الجماال❤❤❤❤❤,1,2020-03-19T15:12:19Z,2020-03-19T15:12:19Z
UgzDSWzeGPeA8htODZR4AaABAg,,False,@hyorimchoii,와 진짜 사랑해 준면아 솔로앨범 화이팅,0,2020-03-19T15:12:18Z,2020-03-19T15:12:18Z
UgzMw9G6Nj0t5g5LpVV4AaABAg,,False,@newbae04,Sin duda Arte ARTEEE,0,2020-03-19T15:12:17Z,2020-03-19T15:12:17Z
UgxOkVMbq5qI-q7a-0R4AaABAg,,False,@دندنقطنهه,*زوجونا يقدعان* :((,2,2020-03-19T15:12:14Z,2020-03-19T15:12:14Z
UgzyZNJQIF5syq2q-fx4AaABAg,,False,@lahcenekhouloudrania9131,We love u uri leader 🌸💓🌸💓🌸💓🌸💓🌸💓🌸💓🌸💓🌸💓🌸💓🌸💓🌸💓🌸,0,2020-03-19T15:12:14Z,2020-03-19T15:12:14Z
UgyFPSaUaM-lV2sJvY94AaABAg,,False,@victoriaa9474,The moles are so beautiful 🥺🥺 im glad they are not covering them,3,2020-03-19T15:12:13Z,2020-03-19T15:12:13Z
UgwUWd1HBg557E53w6V4AaABAg,,False,@vividaegal,으악악 살려주세여 ㅠㅠㅠㅠ,0,2020-03-19T15:12:13Z,2020-03-19T15:12:13Z
UgzQ3xYqxe9A9QMrXbB4AaABAg,,False,@tachisan896,Kimjuncotton aa~~~ Saranghaja ❤️,1,2020-03-19T15:12:12Z,2020-03-19T15:12:12Z
UgxozjNSRrSBNMBglrJ4AaABAg,,False,@azifanurhasanah1846,우리 리더!!!!!❤❤❤❤❤❤❤❤❤❤🎉🎉🎉🎉,0,2020-03-19T15:12:09Z,2020-03-19T15:12:09Z
UgzGYOnF2ruuVU6lxGN4AaABAg,,False,@renatautegenova5258,безумно красиво,0,2020-03-19T15:12:09Z,2020-03-19T15:12:09Z
UgwicSoYFq_4QOlruex4AaABAg,,False,@newbae04,😢❤,0,2020-03-19T15:12:07Z,2020-03-19T15:12:07Z
Ugz04n4FEzJm3Jc3ypZ4AaABAg,,False,@neslihan7835,Türkish Exol,0,2020-03-19T15:12:05Z,2020-03-19T15:12:05Z
UgxfFqBxlfZKcNoATbt4AaABAg,,False,@MadihahRadzuan,Handsomeee gilaaa wooii,0,2020-03-19T15:12:04Z,2020-03-19T15:12:04Z
UgzIR9FDPmKGhb0fkdR4AaABAg,,False,@vividaegal,아니 미쳤어 ㅠㅠㅠ,0,2020-03-19T15:12:04Z,2020-03-19T15:12:04Z
UgwRwown_mZ5W-ohVkV4AaABAg,,False,@deakumala3304,Love you😍,0,2020-03-19T15:12:04Z,2020-03-19T15:12:04Z
Ugw7ydEVE7SpgJqhxcJ4AaABAg,,False,@sheela6855,Who says he is turning 30 ??,0,2020-03-19T15:12:01Z,2020-03-19T15:12:01Z
Ugy8OSZBUzr7qOQGVl94AaABAg,,False,@atrzyn531,YESSSS,0,2020-03-19T15:12:00Z,2020-03-19T15:12:00Z
UgzTOSa1vb-0Rjf8eU54AaABAg,,False,@reskidwiyaniputri8292,yshh ma kingg,0,2020-03-19T15:11:57Z,2020-03-19T15:11:57Z
Ugz0Plq7UKCLDUH7iFV4AaABAg,,False,@stillsoyoung,준면아 사랑해 솔로 앨범 많이 기대하고 있어🤎 노래도 준면이도 티저도 너무너무 좋다,0,2020-03-19T15:11:57Z,2020-03-19T15:11:57Z
UgyaDjJUbB596GgFKS14AaABAg,,False,@victoriaivybarela5967,😍😍😍,0,2020-03-19T15:11:56Z,2020-03-19T15:11:56Z
Ugz0TIPswXK09z1Mg294AaABAg,,False,@neslihan7835,Kim junmyeon küçük gerçek mutluluk,0,2020-03-19T15:11:56Z,2020-03-19T15:11:56Z
Ugwe9URPsapia37RCY14AaABAg,,False,@hoshistiger7238,OH MY GOD,0,2020-03-19T15:11:52Z,2020-03-19T15:11:52Z
UgwoOqtNs7PWRHs8Uph4AaABAg,,False,@bangtan2139,"Əlaaa 
Sebirsizlikle gözleyirik
Az-exo-l ler var burda",1,2020-03-19T15:11:49Z,2020-03-19T15:11:49Z
UgxCH3rqdSUtbl_dAfh4AaABAg,,False,@rwanexol1172,سوهو بيست ايدول ونقطة,0,2020-03-19T15:11:49Z,2020-03-19T15:11:49Z
Ugzze7Z34ZYrBhYd7sJ4AaABAg,,False,@olea1879,Proud👏,0,2020-03-19T15:11:47Z,2020-03-19T15:11:47Z
Ugw9NoRZbUT4txf_nYp4AaABAg,,False,@lovelyathy,"IF YOU DON'T SUPPORT THIS NEW ERA OF HIS, I SWEAR I'LL COME TO YOUR THROATS",0,2020-03-19T15:11:46Z,2020-03-19T15:11:46Z
UgytITVrUTUn0RViDBZ4AaABAg,,False,@journeyforjourney,갸아아아아앜ㅜㅜㅜㅜ사랑해😭😭😭😭😭😭,0,2020-03-19T15:11:46Z,2020-03-19T15:11:46Z
Ugw9YjS7Q0mgR5GGCSp4AaABAg,,False,@دندنقطنهه,*كثير ع قلبي* :((,0,2020-03-19T15:11:45Z,2020-03-19T15:11:45Z
Ugyow3l8W3QLvO1Uhvh4AaABAg,,False,@bangtanbts1026,I LOVE YOU SUHO😢,3,2020-03-19T15:11:45Z,2020-03-19T15:11:45Z
UgxcjrRQLy4VS0TPpEV4AaABAg,,False,@seullgihug602,My heart,1,2020-03-19T15:11:39Z,2020-03-19T15:11:39Z
UgwM0Fndr9ogolOsJ7V4AaABAg,,False,@klover9123,Woooow,0,2020-03-19T15:11:39Z,2020-03-19T15:11:39Z
UgypLPO3ZnZ6IZl_IHJ4AaABAg,,False,@exo8921,احبك,1,2020-03-19T15:11:39Z,2020-03-19T15:11:39Z
Ugy2GY8t4hM8Ktzxcxp4AaABAg,,False,@yerim1313,BEAUTIFUL,0,2020-03-19T15:11:37Z,2020-03-19T15:11:37Z
UgyeAMEMp0mPuLQc4Hh4AaABAg,,False,@티익스프레스는77도오,넘무 잘생겨쒀.!!!짜릿해..!!잘생긴게 최고야..!!!,0,2020-03-19T15:11:35Z,2020-03-19T15:11:35Z
Ugxe5vRer6RMnPV0Unl4AaABAg,,False,@kamnabanerjee623,Why you sooooo gorgeous Suho baby~~~~,0,2020-03-19T15:11:35Z,2020-03-19T15:11:35Z
Ugw1TScDWLIrr2KSkeB4AaABAg,,False,@nurulwaqiaharman9503,Uri leader,0,2020-03-19T15:11:35Z,2020-03-19T15:11:35Z
UgwRR_BvL5XsZ4cUJx94AaABAg,,False,@klover9123,I like it,0,2020-03-19T15:11:34Z,2020-03-19T15:11:34Z
UgztHAuLfNx4zJTO8hF4AaABAg,,False,@isratjahanjoya9550,"I am really loving every details about this album. The genre, his looks, the location and the music. This album will be really magnificent.",13,2020-03-19T15:11:33Z,2020-03-19T15:11:33Z
UgzYxtn6KRU5JFiJYLl4AaABAg,,False,@seullgihug602,So handsome 😭😭😭😭😭😭😭,0,2020-03-19T15:11:32Z,2020-03-19T15:11:32Z
Ugx0pr3Nu2qx7Td8Dpx4AaABAg,,False,@tinybobohu5095,"Our leader Fighting
We love you oppa and we are always with you
사랑해요 우리의 리더님 #Arabexol",1,2020-03-19T15:11:31Z,2020-03-19T15:16:16Z
UgzKR527-KXcVzfyn4J4AaABAg,,False,@neslihan7835,Suho aşktır,0,2020-03-19T15:11:29Z,2020-03-19T15:11:29Z
Ugwx5cAM_8xCUu2oj2F4AaABAg,,False,@hankim2785,"Ố ố ố, Suho oppa, i love u",0,2020-03-19T15:11:27Z,2020-03-19T15:11:27Z
UgzL-RwMb5NjIDzjWRR4AaABAg,,False,@monikasbabu6802,"Eries...
Let's love..❣️",0,2020-03-19T15:11:26Z,2020-03-19T15:11:26Z
UgxdTM5_OA25zT46XIh4AaABAg,,False,@vibbeyz,"I LOVE YOU SUHO! I LOVE YOU EXO!


ARAB EXO-L <3",8,2020-03-19T15:11:26Z,2020-03-19T15:11:26Z
UgxfUWnGaF1qDr_sQn94AaABAg,,False,@릴리야-p5y,I'M IN LOVE WITH YOU,0,2020-03-19T15:11:25Z,2020-03-19T15:11:25Z
UgyuljB7ZQdC-KGkX6N4AaABAg,,False,@loey.1485,Best thing happened in 2020 💞 till now,0,2020-03-19T15:11:25Z,2020-03-19T15:11:25Z
UgxzgcjaxWf-iV1TU4p4AaABAg,,False,@ناصرناصر-س3م8ث,ياعرب اثبتو وجودكم,0,2020-03-19T15:11:25Z,2020-03-19T15:11:25Z
UgyPu_DwrQXugh7lW-l4AaABAg,,False,@ahmedreaid320,من يوم يومه كينغ 💜💜,0,2020-03-19T15:11:25Z,2020-03-19T15:11:25Z
UgwA5fD1NBp6Tvwrjzl4AaABAg,,False,@MINA-fn3tp,"يمةةةةةةةةةةةةة 
طالع مززززز 😍😍😍😍",0,2020-03-19T15:11:24Z,2020-03-19T15:11:24Z
Ugycaf3V3mGPkw4eUrp4AaABAg,,False,@rwanexol1172,"مين يلي بيدعم قائدنا بكل جوارحو 
اكيد انا",12,2020-03-19T15:11:24Z,2020-03-19T15:11:24Z
Ugycaf3V3mGPkw4eUrp4AaABAg.96ONH5A54AS96ORyJEEJgl,Ugycaf3V3mGPkw4eUrp4AaABAg,True,@mirinda_appell6728,اكيد رح ادعم افضل قائد بين كل الفرق مستحيل اتركه واكيد كل الاكسوال رح يدعمونه و رح نخلي الالبوم حقه ياخذ المركز الأول بأذن الله❤🔥,2,2020-03-19T15:52:23Z,2020-03-19T15:52:23Z
UgzI9K4zp2g4vcKWUgB4AaABAg,,False,@emeline2427,That's how you look when you're about to release the album of the year,6,2020-03-19T15:11:22Z,2020-03-19T15:11:22Z
UgyAYmuRahvmClWnFCZ4AaABAg,,False,@abeltheresia8893,Bby❤️,0,2020-03-19T15:11:21Z,2020-03-19T15:11:21Z
UgzY9qKrxQ4zil57mUN4AaABAg,,False,@xiuris3647,اروح فدوة,0,2020-03-19T15:11:17Z,2020-03-19T15:11:17Z
UgyUv1zFic2K8kQAc214AaABAg,,False,@carmilla6872,وسيممممم وسيممم جمال الليد ر خاصتنا.....,2,2020-03-19T15:11:17Z,2020-03-19T15:11:17Z
UgxrS1wBKXH3IDWvKWV4AaABAg,,False,@عاشقةجيمين-ط5ط,We are Arab fans,1,2020-03-19T15:11:16Z,2020-03-19T15:11:16Z
UgzcPbb1pGtP-zlI2PR4AaABAg,,False,@anitaloveexo1905,سوهو اححبببكككم,0,2020-03-19T15:11:16Z,2020-03-19T15:11:16Z
Ugy1YNpovD3wX5_lLWp4AaABAg,,False,@user-fv9wb9bl6c,"사랑해 김준면!!준면아!!
💗",0,2020-03-19T15:11:16Z,2020-03-19T15:11:16Z
UgzvLPyupvRkff1ZIzl4AaABAg,,False,@neslihan7835,Exo saranghaja,0,2020-03-19T15:11:16Z,2020-03-19T15:11:16Z
UgwYrTkJqGgjUro8__14AaABAg,,False,@byungie4615,Wow i am so exitedㅇㅅㅇ,0,2020-03-19T15:11:16Z,2020-03-19T15:11:16Z
Ugw7UqxhFiAcV9VuRsd4AaABAg,,False,@김안나-h9g,YOU ARE THE BEST OPPA 🥰  I LOVE YOU  💕❤,0,2020-03-19T15:11:15Z,2020-03-19T15:11:15Z
Ugyx4brHJAH1rKGnSRF4AaABAg,,False,@rosyadaikhwani3384,Serbuk berlian gueeeee,0,2020-03-19T15:11:13Z,2020-03-19T15:11:13Z
Ugz8IeWoSLMZcvO1GYx4AaABAg,,False,@Kakkyuichi,hermoso ❤,0,2020-03-19T15:11:11Z,2020-03-19T15:11:11Z
Ugwj8Pr0qpyK-TOnUWd4AaABAg,,False,@ronajim6343,Ilove you suho💙,0,2020-03-19T15:11:10Z,2020-03-19T15:11:10Z
UgzNImlS63Q2Sz9Qt894AaABAg,,False,@user-kx3vb1uj1e,شنو هل الجمال البيكم صمط اهلي😂😭فطيتكم فطي من اللجامه للبطي😂😭💔,2,2020-03-19T15:11:10Z,2020-03-19T15:11:10Z
UgzNImlS63Q2Sz9Qt894AaABAg.96ONFM5UBd096OOTVXoDBW,UgzNImlS63Q2Sz9Qt894AaABAg,True,@кмун-ш3у,بليز حذفي الايموجي يجمد المشاهدات,0,2020-03-19T15:21:50Z,2020-03-19T15:21:50Z
UgzNImlS63Q2Sz9Qt894AaABAg.96ONFM5UBd096OOTZOPO89,UgzNImlS63Q2Sz9Qt894AaABAg,True,@رحيقالورد-ض2ظ6س,بليز احذفي الايموجي لانو ايجمد المشاهدات,0,2020-03-19T15:21:50Z,2020-03-19T15:21:50Z
UgzNImlS63Q2Sz9Qt894AaABAg.96ONFM5UBd096OOYZ_h8Xc,UgzNImlS63Q2Sz9Qt894AaABAg,True,@adan-so8gi,بدوون ايموجي بلييز يجمد المشاهداات,0,2020-03-19T15:22:31Z,2020-03-19T15:22:31Z
UgwQF5tf9IbtVdmI6Fh4AaABAg,,False,@الينمحمد-ي6ت,♡♡♡,0,2020-03-19T15:11:09Z,2020-03-19T15:11:09Z
UgwvzwOYbdVbMUU6vax4AaABAg,,False,@깡패토끼-z1f,미모실화냐 세상을 구하는 김준면 얼굴,0,2020-03-19T15:11:09Z,2020-03-19T15:11:09Z
UgwoncMWCMcML7Ub5uB4AaABAg,,False,@lastjunmyeon474,♥,0,2020-03-19T15:11:09Z,2020-03-19T15:11:09Z
UgzU-xL82dv80T3wUuB4AaABAg,,False,@erieRaha,KIM JUNMYEON I'M SO PROUD OF YOU,0,2020-03-19T15:11:07Z,2020-03-19T15:11:07Z
UgzNSzHamNqEqlkW5xh4AaABAg,,False,@mishaljeffree7810,God😐🔥🔥🔥🔥why are you that much handsom,0,2020-03-19T15:11:06Z,2020-03-19T15:11:06Z
Ugy7NLDj9D7YYq5MqpB4AaABAg,,False,@yuni3364,너무좋은뎅,0,2020-03-19T15:11:05Z,2020-03-19T15:11:05Z
UgyKGyczxa5O4VoF8-B4AaABAg,,False,@baekhyuna,오빠........진짜 천사가 아니냐.....,0,2020-03-19T15:11:05Z,2020-03-19T15:11:05Z
Ugw5EtNjTpPCJiocN9p4AaABAg,,False,@Dunialirik01,❤❤❤❤,0,2020-03-19T15:11:04Z,2020-03-19T15:11:04Z
UgxOSNgDS-uRD6HcM594AaABAg,,False,@neslihan7835,Seviyorum,0,2020-03-19T15:11:01Z,2020-03-19T15:11:01Z
UgxL8FEzBqplDI4ARZ14AaABAg,,False,@loey.1485,😭😭😭😭💓💫,0,2020-03-19T15:11:00Z,2020-03-19T15:11:00Z
UgxcoRkzVRi7g1unjEt4AaABAg,,False,@ayahere8170,متحمسه لاغنيتك هوااااايييي,1,2020-03-19T15:10:59Z,2020-03-19T15:10:59Z
UgxvMc_oJ-AESYyleeV4AaABAg,,False,@sarahL-,"Ganteng si akang euy😆.

Oleng bentar ya chan.",0,2020-03-19T15:10:58Z,2020-03-19T15:10:58Z
Ugwy5IK_hSShIX501Dp4AaABAg,,False,@rwanexol1172,جميييل,0,2020-03-19T15:10:56Z,2020-03-19T15:10:56Z
UgyXQCNJb1RY60oU9hl4AaABAg,,False,@유남-b6y,준면아 너는 진짜ㅜㅜ 얼굴이 예술이야ㅜ 완전 조각이야ㅜ 잘 생긴 준면이 첫 솔로 앨범 기대 많이 할게ㅜ,0,2020-03-19T15:10:53Z,2020-03-19T15:10:53Z
UgzoKXNzzQfnAlhDC9N4AaABAg,,False,@쪄뉴-o8f,"오늘 한 번 더 반했어,, 지금까지 10273169172번째 반하는중",0,2020-03-19T15:10:53Z,2020-03-19T15:10:53Z
Ugxvg2cADsVEnQLasMh4AaABAg,,False,@kimyunsoke.myxiumin5338,"suho we love you so much take good care of yourself 
Good bye ♡♡♡",0,2020-03-19T15:10:52Z,2020-03-19T15:10:52Z
UgznncaF3XME1x-dR2R4AaABAg,,False,@neslihan7835,Kim junmyeon seni 3,0,2020-03-19T15:10:51Z,2020-03-19T15:10:51Z
UgxH-nCnNXBb1fx6zn94AaABAg,,False,@baekhyunneexo7551,suhoo 😭😭😭😭💗💗💗💗💗,2,2020-03-19T15:10:50Z,2020-03-19T15:10:50Z
UgwL-sKWswiSVwMUuk94AaABAg,,False,@rwanexol1172,حبيبيييييي,0,2020-03-19T15:10:50Z,2020-03-19T15:10:50Z
UgyH25o-BtXaNegxKcB4AaABAg,,False,@디어-m7w,💗💗💗💗💗👍🏻,0,2020-03-19T15:10:49Z,2020-03-19T15:10:49Z
Ugypt6P2wYHo3Q9mhbZ4AaABAg,,False,@ange5580,"_Brooo como puede alguien ser tan hermoso_

_Facil verdad, es God Suho dueño de mi corazón_",0,2020-03-19T15:10:48Z,2020-03-19T15:11:14Z
UgzUdeQtwemtU850RAZ4AaABAg,,False,@sheela6855,"I have a lottttttt of exectations from this album.
Sending loveeeee junmyeonie hyung. ❤",1,2020-03-19T15:10:47Z,2020-03-19T15:10:47Z
UgztI78WTnj8Np6Ax2h4AaABAg,,False,@arifitanuryanti3008,Semangat bang🙌,0,2020-03-19T15:10:46Z,2020-03-19T15:10:46Z
UgzfzbseMW5AtzyMTBV4AaABAg,,False,@pisicoenna228,Eu esperei o tanto por isso,0,2020-03-19T15:10:46Z,2020-03-19T15:10:46Z
UgwUZGZdPN6k2X1BiSN4AaABAg,,False,@pancake1682,"No emojis 
بدون ايموجي",3,2020-03-19T15:10:46Z,2020-03-19T15:10:46Z
UgwjX878mYXgll4KgLV4AaABAg,,False,@unknown-vy2kk,جونميون الافضل✔💕,2,2020-03-19T15:10:46Z,2020-03-19T15:10:46Z
UgzBI1DjoT5jQzWlE-d4AaABAg,,False,@ahmedreaid320,فديت القائد الملك 😍👑,2,2020-03-19T15:10:44Z,2020-03-19T15:10:44Z
UgzTEgUqENvH1tP5tex4AaABAg,,False,@erieRaha,A WORK OF ART,0,2020-03-19T15:10:43Z,2020-03-19T15:10:43Z
Ugxadb5q9PX2QZCH9kd4AaABAg,,False,@m_liliss,КАКОЙ ЖЕ ОН КРАСИВЫЙ!!!!!!!!!!!!незаконно просто.....,0,2020-03-19T15:10:43Z,2020-03-19T15:10:43Z
UgzH9EVpwwCU0hwnXI14AaABAg,,False,@jasmine_soo8839,wow....love this,0,2020-03-19T15:10:42Z,2020-03-19T15:10:42Z
Ugw0cZaoYedWLqL9G8F4AaABAg,,False,@دندنقطنهه,*قطنتي الحلوه مدلعتنا اليوم* :(((((♡,2,2020-03-19T15:10:40Z,2020-03-19T15:10:40Z
Ugx3YsknO290Vrck3FZ4AaABAg,,False,@정윤제-e4c,준면아 사랑해💖💖💖💖🥰🥰🥰🥰,1,2020-03-19T15:10:39Z,2020-03-19T15:10:39Z
Ugz0i7EyWIELuKnG1kR4AaABAg,,False,@bunnysnow5068,ASTAGAAAA SAYANG KU CINTAKU 😭😭😭😭😭💗💗💗💗💗,0,2020-03-19T15:10:39Z,2020-03-19T15:10:39Z
Ugz55KsskUMgcM1Vyl14AaABAg,,False,@tanhatasnim3475,"My love for him is growing day by day....
Junmyeonah charasso❤",1,2020-03-19T15:10:37Z,2020-03-19T15:10:37Z
Ugya6o2O6-hvtdwwpjV4AaABAg,,False,@marielmariel9698,MOMMAEE UR SKIN IS CLEARER THAN MY EYE VISION,2,2020-03-19T15:10:37Z,2020-03-19T15:10:37Z
Ugwp1OkXhuABKXmYOPR4AaABAg,,False,@by.shin24,사랑해😭😭💙,0,2020-03-19T15:10:36Z,2020-03-19T15:10:36Z
UgyU1g8l65aYmwWdXfh4AaABAg,,False,@kaylorhuang510,fIRST,0,2020-03-19T15:10:34Z,2020-03-19T15:10:34Z
Ugy4HNCNSWNFMFSTNNt4AaABAg,,False,@ChienbinhChienbinh,so beautiful,0,2020-03-19T15:10:33Z,2020-03-19T15:10:33Z
UgyH3dSx6TmBpePlo354AaABAg,,False,@erieRaha,GOD OF BEAUTY,0,2020-03-19T15:10:32Z,2020-03-19T15:10:32Z
Ugxdvvnv2ZhWgM3KuZ14AaABAg,,False,@쪄뉴-o8f,준면아 사랑해,0,2020-03-19T15:10:31Z,2020-03-19T15:10:31Z
Ugy_gZZKVtYcaZuVeEZ4AaABAg,,False,@sanhitalahiri4476,This is amazing ! I am crying,0,2020-03-19T15:10:31Z,2020-03-19T15:10:31Z
UgzTAd836di0hh8-uyh4AaABAg,,False,@gomazi.,"미친?, 사랑한다,,, 준면아ㅠ",0,2020-03-19T15:10:29Z,2020-03-19T15:10:29Z
UgytUmeAmNum-AXDZOl4AaABAg,,False,@재현보조개,Wow 진짜 why 저래 pretty 하고 nanli 인데 진짜 my heart에 fire을 질러라,0,2020-03-19T15:10:29Z,2020-03-19T15:10:29Z
UgyzF6vSidyxw252NK54AaABAg,,False,@دندنقطنهه,*كسر الله يد ال15دس لايك* :)),0,2020-03-19T15:10:26Z,2020-03-19T15:10:26Z
UgzzyMOq37SnJkndj-l4AaABAg,,False,@ps8hholoogiline,Woooooooooooow,0,2020-03-19T15:10:24Z,2020-03-19T15:10:24Z
UgwpqbxOHNaWr3ZjWOh4AaABAg,,False,@yuinme0221,ceo sm keren,0,2020-03-19T15:10:24Z,2020-03-19T15:10:24Z
UgyI2K3B2irLzEMHnJd4AaABAg,,False,@남시온-f3i,"땅인지 하늘인지 바다인지 알 수 없도록 깊은 너라는 세상을 부유할 수 있게 해줘서 고마워요 준면아
덕분에 비로소 행복이라는 길을 따라 사랑이라는 목적지에 닿을 수 있었어",0,2020-03-19T15:10:23Z,2020-03-19T15:10:23Z
UgxoRALv5w37v-RPRC94AaABAg,,False,@candycloud5473,آرت بشري = اكسو,0,2020-03-19T15:10:23Z,2020-03-19T15:10:23Z
UgxYa5s5DXYN4vdbThx4AaABAg,,False,@roy.4496,"그녀는 왜 그렇게 아름답습니까? 
ㅠㅠ",1,2020-03-19T15:10:23Z,2020-03-19T15:10:23Z
UgxLO4EZcETB2ppz_Td4AaABAg,,False,@andioop7987,T E  A M O AAAAAAA,0,2020-03-19T15:10:22Z,2020-03-19T15:10:22Z
Ugyhn2-F1kqwZz6w5Up4AaABAg,,False,@thatsrightmytype5387,WHY JUNMYEON WHY ARE YOU SO BEAUTIFUL?!!! HUHUHUHU,0,2020-03-19T15:10:21Z,2020-03-19T15:10:21Z
UgxYrGkTuIZdtAFYIx54AaABAg,,False,@msh6337,Our precious Junmyeon♡,0,2020-03-19T15:10:20Z,2020-03-19T15:10:20Z
Ugxs9cBZBzRwlTgmIR54AaABAg,,False,@PimL-ft2te,🐰🐰😍😘😍😍,0,2020-03-19T15:10:16Z,2020-03-19T15:10:16Z
Ugyoe767zgKZW96yro14AaABAg,,False,@marwsh0210,لنبكي معاا,2,2020-03-19T15:10:14Z,2020-03-19T15:10:14Z
UgxNDArKunfOo6MBCyF4AaABAg,,False,@suhocolate,"the sampler gives the mood of happiness after such a tiring day or after accomplishing a difficult task. It sounds fulfilling and satisfying. I can imagine myself closing my eyes, listening to this song while feeling the sun on my face. Ahh.. yess.. the word is refreshing... 😌",44,2020-03-19T15:10:13Z,2020-03-19T15:10:13Z
UgxRcl76ja6UVcjFg5B4AaABAg,,False,@andioop7987,TE AMO,0,2020-03-19T15:10:13Z,2020-03-19T15:10:13Z
UgzBe_PN4ANNKjJhCfp4AaABAg,,False,@Baebee0_o164,We waiting for it,0,2020-03-19T15:10:12Z,2020-03-19T15:10:12Z
Ugyid_zP_FTjLFsuD8B4AaABAg,,False,@chenade0000,Leadernim 💕,0,2020-03-19T15:10:11Z,2020-03-19T15:10:11Z
UgzSiFC9ZC4sbF1jMTV4AaABAg,,False,@chanyeol840,اوبا سارنغ هيو,2,2020-03-19T15:10:10Z,2020-03-19T15:10:10Z
UgwRI2Ed7FOIOipRBtR4AaABAg,,False,@asraa8107,"شنووووو ذا الجمال 
قلبي الصغير لايتحمل كل هذا الجمال",12,2020-03-19T15:10:08Z,2020-03-19T15:53:23Z
UgwRI2Ed7FOIOipRBtR4AaABAg.96ON7qjVELL96ONnt7HPrR,UgwRI2Ed7FOIOipRBtR4AaABAg,True,@adan-so8gi,بدوون ايموجي يجمد المشاهداات,3,2020-03-19T15:16:01Z,2020-03-19T15:16:01Z
UgwRI2Ed7FOIOipRBtR4AaABAg.96ON7qjVELL96ONzjRnpZD,UgwRI2Ed7FOIOipRBtR4AaABAg,True,@رحيقالورد-ض2ظ6س,بدون ايموجي بليززز,1,2020-03-19T15:17:38Z,2020-03-19T15:17:38Z
UgwRI2Ed7FOIOipRBtR4AaABAg.96ON7qjVELL96OQ8ywOmbk,UgwRI2Ed7FOIOipRBtR4AaABAg,True,@exoplanet9737,اوني بليززززز مسحي الايموجي بليززز لان يجمد المشاهدات,1,2020-03-19T15:36:30Z,2020-03-19T15:36:30Z
UgwRI2Ed7FOIOipRBtR4AaABAg.96ON7qjVELL96OS1oEuFfv,UgwRI2Ed7FOIOipRBtR4AaABAg,True,@asraa8107,@@exoplanet9737 اوك +اسفة,1,2020-03-19T15:53:00Z,2020-03-19T15:53:00Z
UgzBfd2Vmg9WLXfgtoF4AaABAg,,False,@mishaljeffree7810,Omg i can't breath,0,2020-03-19T15:10:08Z,2020-03-19T15:10:08Z
Ugz2qN69B4tms6K2EtN4AaABAg,,False,@nurrahmat800,"Good leader
Good hyung
Good male IN THE WORLD",0,2020-03-19T15:10:07Z,2020-03-19T15:10:07Z
UgxORcyBJ29ONPO8Cbp4AaABAg,,False,@candycloud5473,Human Art = EXO !!,0,2020-03-19T15:10:07Z,2020-03-19T15:10:07Z
UgyLemH9jGQkz5LBQAB4AaABAg,,False,@nanap7131,یا اکسو,0,2020-03-19T15:10:07Z,2020-03-19T15:10:07Z
UgzCnk_08oiI8F8XRB54AaABAg,,False,@ghinamuthmainnahzain1824,😍,0,2020-03-19T15:10:06Z,2020-03-19T15:10:06Z
UgzxzV9GUZJP01JFYD94AaABAg,,False,@oanhma8262,best visual,0,2020-03-19T15:10:04Z,2020-03-19T15:10:04Z
UgyAjrqJSEYP0SyT2pJ4AaABAg,,False,@imnotfine156,GANTENG NYAAA YA ALLAH😭😭,0,2020-03-19T15:10:04Z,2020-03-19T15:10:04Z
UgysNWYc7i6ehNaxQQl4AaABAg,,False,@salwakhairunisa3163,❤❤❤❤❤❤❤❤❤,0,2020-03-19T15:10:02Z,2020-03-19T15:10:02Z
UgyYAg-xU3q_mlSFCbx4AaABAg,,False,@exofighting9206,WoW,0,2020-03-19T15:10:02Z,2020-03-19T15:10:02Z
UgzmqauSsO3yGKR9LKN4AaABAg,,False,@esralmustafa270,شو هالطلة المالا حل,0,2020-03-19T15:10:01Z,2020-03-19T15:10:01Z
UgxMNndOYK48J5V76814AaABAg,,False,@violensherina1073,Luv❣️❣️❣️,0,2020-03-19T15:10:00Z,2020-03-19T15:10:00Z
UgwYlirH3Ss-pGO1f9Z4AaABAg,,False,@parawitamega8925,LUVVV,0,2020-03-19T15:10:00Z,2020-03-19T15:10:00Z
UgyKYIN3pQqpZ1viC0F4AaABAg,,False,@andioop7987,TE AMO DEMASIADO CHIQUITO AAA POLLA QUIERO LLORAR TE AMO CON TODO MI PUTO CORAZON,0,2020-03-19T15:09:58Z,2020-03-19T15:09:58Z
Ugzter-_-_VkWHTO-VB4AaABAg,,False,@exo3892,احبك,0,2020-03-19T15:09:58Z,2020-03-19T15:09:58Z
UgzEOCjzyyjoy9hxUz54AaABAg,,False,@riri_ooh,Pretty pretty beautiful handsome perfect❤️❤️❤️,0,2020-03-19T15:09:58Z,2020-03-19T15:09:58Z
Ugzis5K47pxuJ6p2W-Z4AaABAg,,False,@rekxho88,خلص أنا رح انجلط ليش هيك عم يعمل فينا ما فيني انتظر ل 30 الشهر والله حرام,1,2020-03-19T15:09:57Z,2020-03-19T15:59:34Z
Ugzis5K47pxuJ6p2W-Z4AaABAg.96ON6U_-80N96OO_CAVBSy,Ugzis5K47pxuJ6p2W-Z4AaABAg,True,@adan-so8gi,بدوون ايموجي بلييز يجمد المشاهداات,0,2020-03-19T15:22:45Z,2020-03-19T15:22:45Z
Ugzis5K47pxuJ6p2W-Z4AaABAg.96ON6U_-80N96OSzt8Tmsu,Ugzis5K47pxuJ6p2W-Z4AaABAg,True,@rekxho88,"@@adan-so8gi كنت عم فكر إني احذفو للإيموجي 
عكل حال شكرا 
ما فيني حط شي معبر لأنو ما فيني حط إيموجي",0,2020-03-19T16:01:20Z,2020-03-19T16:01:20Z
Ugy4JGd1mx6RHjR7rH94AaABAg,,False,@티모멘,김준면 나라세워,0,2020-03-19T15:09:53Z,2020-03-19T15:09:53Z
UgySNQTGc-yi4gVPdzx4AaABAg,,False,@ミョニ,복숭아 준면 ㅠㅠㅠㅠㅠㅠ,0,2020-03-19T15:09:52Z,2020-03-19T15:09:52Z
Ugx42uvpEE3pT2Gl19R4AaABAg,,False,@nurrahmat800,We still missing you baby,0,2020-03-19T15:09:49Z,2020-03-19T15:09:49Z
UgwyIi7KXcYIdgi39xx4AaABAg,,False,@joy93_e67,It's happening😭😭😭,0,2020-03-19T15:09:49Z,2020-03-19T15:09:49Z
UgzhBV_wTXTHyeQvKIF4AaABAg,,False,@gyangba3789,bunny bunny❤❤🐰🐰,1,2020-03-19T15:09:48Z,2020-03-19T15:09:48Z
Ugx-sr2mzIm13V91NhR4AaABAg,,False,@Anastasia.L1485,"Чунмён ты прекрасно постарался, я очень жду этот альбом 💗😍",0,2020-03-19T15:09:47Z,2020-03-19T15:09:47Z
UgyxgI9gYEQy1SdvDfJ4AaABAg,,False,@aimesoares8180,Bias perfect,0,2020-03-19T15:09:46Z,2020-03-19T15:09:46Z
Ugx9BzBtgeVA9h54F754AaABAg,,False,@mechelleladera9846,"😯 i could see his mole, never saw that before 😍",0,2020-03-19T15:09:45Z,2020-03-19T15:09:45Z
UgzhYi_cg2DS7QeU_IJ4AaABAg,,False,@harethajoma3050,Suho🖤,0,2020-03-19T15:09:45Z,2020-03-19T15:09:45Z
UgwNK8Z0CYV4hwlUEHJ4AaABAg,,False,@nahlaahmed398,انا بحبك زوجي كيم جون ميون,6,2020-03-19T15:09:43Z,2020-03-19T15:21:37Z
UgwNK8Z0CYV4hwlUEHJ4AaABAg.96ON4kYqoMq96OO2rKwE2G,UgwNK8Z0CYV4hwlUEHJ4AaABAg,True,@رحيقالورد-ض2ظ6س,عفيه بدون ايموجي,0,2020-03-19T15:18:11Z,2020-03-19T15:18:11Z
UgwNK8Z0CYV4hwlUEHJ4AaABAg.96ON4kYqoMq96OO3_JN8Ep,UgwNK8Z0CYV4hwlUEHJ4AaABAg,True,@adan-so8gi,بدوون ايموجي بلييز يجمد المشاهداتت,0,2020-03-19T15:18:17Z,2020-03-19T15:18:17Z
UgwLcekazuNzUTNZsTV4AaABAg,,False,@srutisabat9134,This man is so handsome and the background music is making me cry,4,2020-03-19T15:09:42Z,2020-03-19T15:09:42Z
UgyJsxZcCb88Z-ygsfd4AaABAg,,False,@gyangba3789,bunny bunny❤❤🐰🐰,1,2020-03-19T15:09:42Z,2020-03-19T15:09:42Z
Ugyrv6JA2-lJcYXfGI94AaABAg,,False,@EMMA-cx7ht,❤️🖤❤️,0,2020-03-19T15:09:42Z,2020-03-19T15:09:42Z
UgxVqi-OWzLSdt76VWl4AaABAg,,False,@오리-j9b,박물관에서 조각상이 없어졌다고했는데 그게 여기있었네..,0,2020-03-19T15:09:41Z,2020-03-19T15:09:41Z
Ugwjg9wfdc7-qpHvBQp4AaABAg,,False,@riri_ooh,My beautiful ángel,0,2020-03-19T15:09:40Z,2020-03-19T15:09:40Z
Ugx4VVdiViHrloK7i9Z4AaABAg,,False,@fahtheetanasai2489,👍🏻so cuteeeeeee,0,2020-03-19T15:09:40Z,2020-03-19T15:09:40Z
UgzX67Ql0_F8lE7-ziN4AaABAg,,False,@nurrahmat800,Uri angel,0,2020-03-19T15:09:39Z,2020-03-19T15:09:39Z
UgyzoPfXBNDEGr7AzZR4AaABAg,,False,@쥰-h7y,사랑해 네가 내 사막의 오아시스고  선물이고 보석이고 응응 암튼 좋은 거 다다 사랑한다 사랑하자,1,2020-03-19T15:09:39Z,2020-03-19T15:09:39Z
UgxdwS0muptkVdBZesN4AaABAg,,False,@L-aries,With u 4 ever our lovely leader  suho,0,2020-03-19T15:09:37Z,2020-03-19T15:12:15Z
Ugz9-qytsPUh1lP3TCh4AaABAg,,False,@nooralhuda8591,"It is a natural beauty  ❤️

#수호 #SUHO #엑소 #EXO #weareoneEXO #자화상 #Self_Portrait",0,2020-03-19T15:09:37Z,2020-03-19T15:09:37Z
Ugy-r5wc01n1MOwzXbF4AaABAg,,False,@aidliin,OMG I WANT THIS SUHO'S ALBUM BECAUSE SUHO VERY WONDERFUL 😍😍♥️♥️♥️♥️♥️,2,2020-03-19T15:09:35Z,2020-03-19T15:09:35Z
UgyoFrAyEbFmWmHqNNV4AaABAg,,False,@nurrahmat800,"Good singer
Good dancer
Good actor
And of course GOOD LOOKING TO !",1,2020-03-19T15:09:32Z,2020-03-19T15:09:32Z
UgwvyW4I7EBgZxbZljR4AaABAg,,False,@saharabbasi8276,suhooo,0,2020-03-19T15:09:30Z,2020-03-19T15:09:30Z
Ugz74Hs4mem7sNoUhth4AaABAg,,False,@s.lmultifandom1575,And this ladies and gentleman is ART !!!,0,2020-03-19T15:09:30Z,2020-03-19T15:09:30Z
UgzzRBhSPcXXRuYZfxF4AaABAg,,False,@IK-uq2jl,사막이랑 수호 조합 미쳤다 ㅜㅜㅠㅠ..,0,2020-03-19T15:09:29Z,2020-03-19T15:09:29Z
UgwHELU4Tg8V1Nc-Kmt4AaABAg,,False,@haru-y7y,كيم قطنه (ಥ ͜ʖಥ),0,2020-03-19T15:09:28Z,2020-03-19T15:09:28Z
UgzJQ9Hhfaa1uy31nuN4AaABAg,,False,@قيفاوي-ر9ظ,ON اغنيه بتس احلا,0,2020-03-19T15:09:26Z,2020-03-19T15:09:26Z
UgxUdh_SC5M01xgHlp94AaABAg,,False,@forests.2123,언젠가 수호가 오아시스같은 사람이 되고 싶다고 했었는데 이런 희망찬 사운드에 사막에서 찾은 오아시스인가요ㅠㅠㅠㅠㅠㅠㅜㅠㅠ,0,2020-03-19T15:09:24Z,2020-03-19T15:09:24Z
UgzniqIXZPNyfgzNn4p4AaABAg,,False,@andinifadhilah9242,😱😱😱😍😍😍😍,0,2020-03-19T15:09:23Z,2020-03-19T15:09:23Z
Ugxr7JygNtz82GcTHkF4AaABAg,,False,@user-fx4je6nb3n,لساني يعجز عن التعبير,3,2020-03-19T15:09:22Z,2020-03-19T15:09:22Z
UgztZOMUQdprlvzUDw54AaABAg,,False,@ademakhassenova7992,i can feel the album will be legendary,0,2020-03-19T15:09:21Z,2020-03-19T15:09:21Z
UgwDRzQcPbLm7h3YTjl4AaABAg,,False,@zohrehzolfaghari5854,Wow I like it,0,2020-03-19T15:09:17Z,2020-03-19T15:09:17Z
Ugy3r47YcUh6iiU0UKR4AaABAg,,False,@ocicaa5579,King junmyeon :*,0,2020-03-19T15:09:17Z,2020-03-19T15:09:17Z
UgwShiRi6ovPABhwl214AaABAg,,False,@itszai7n,كافي جمالللل,0,2020-03-19T15:09:17Z,2020-03-19T15:09:17Z
Ugx1K8wIn9xzxjavd1J4AaABAg,,False,@saharabbasi8276,exo is 9,0,2020-03-19T15:09:16Z,2020-03-19T15:09:16Z
Ugwgf0aRsTREypoc_Ix4AaABAg,,False,@whatfuckkpopper9732,"Aaah Suho 
꒰⑅ᵕ༚ᵕ꒱˖♡ I love Suho ♡˖꒰ᵕ༚ᵕ⑅꒱
Cada dia mais feliz em ter te conhecido!",0,2020-03-19T15:09:15Z,2020-03-19T15:09:15Z
UgyQI_2mdWayfVOG6MB4AaABAg,,False,@niluuusalariii5417,Lovely leader,0,2020-03-19T15:09:15Z,2020-03-19T15:09:15Z
Ugw4y864UkUl-PtEbGx4AaABAg,,False,@أفنانالشهري-م7ن,سوهو ستان شخباركم هههههههههههههههههههههههههههههههههههههههههههههههههههههههههه,0,2020-03-19T15:09:15Z,2020-03-19T15:09:15Z
UgznfT0FxBjDLNCHTcZ4AaABAg,,False,@user-ge4uo4eo1l,الشاامة مبيينة الشامة مبييينننةةة TT، يختيييي الي اخد قلببييي,0,2020-03-19T15:09:14Z,2020-03-19T15:09:14Z
Ugwhuc1dUOpkKdcCIqh4AaABAg,,False,@27.nikdratihkumalasari95,Suho;),0,2020-03-19T15:09:10Z,2020-03-19T15:09:10Z
UgwNIP5wkdB0cLjm-Eh4AaABAg,,False,@user-yb6wx5vy9l,يمه فديت الحلو اكول 😭,11,2020-03-19T15:09:09Z,2020-03-19T15:09:09Z
UgwNIP5wkdB0cLjm-Eh4AaABAg.96ON0bRDol196OOH9yQxo8,UgwNIP5wkdB0cLjm-Eh4AaABAg,True,@adan-so8gi,بدوون ايموجي بلييز يجمد المشاهداات,2,2020-03-19T15:20:09Z,2020-03-19T15:20:09Z
UgxWbiZOiiYEK__E_N54AaABAg,,False,@rociocoronel9753,A R T 💛,0,2020-03-19T15:09:08Z,2020-03-19T15:09:08Z
UgwQC1nojeaQjG36tBV4AaABAg,,False,@fatimamohamed9318,"babe, cute , handsome, attractive, adorable, awesome, gorgeous, foxy, hot , breathtaking, captivating, charming , Devine, angelic, drop dead gorgeous , heart stopping, smoking hot , a perfect 10 🔥
KIM GORGEOUS MYEON",1,2020-03-19T15:09:07Z,2020-03-19T15:09:07Z
UgwSJlvCf5_AkhOdBCZ4AaABAg,,False,@jiratchayas.4014,역시 울 리더 너무 예쁘당,0,2020-03-19T15:09:07Z,2020-03-19T15:09:07Z
UgzsQEmABoqp-XqUcyR4AaABAg,,False,@tunisiana4434,"Junmyeon pq me maltratas assim?????? Man, tu é perfeito. Que ódio. Te amo caralho.",0,2020-03-19T15:09:06Z,2020-03-19T15:09:06Z
Ugz2fmxmlhfxIpmU4iB4AaABAg,,False,@li4979,GOD SUHO,0,2020-03-19T15:09:04Z,2020-03-19T15:09:04Z
Ugyn4veJMJKgHXhIrYB4AaABAg,,False,@2ahyeon,준면아 네가 내 나라다. 솔앨 대박나자💕 항상 사랑하고 응원해!! 태어나줘서 고마워♥,0,2020-03-19T15:09:02Z,2020-03-19T15:09:02Z
UgxQTtAoAyn-R0f97nV4AaABAg,,False,@Anna-nr8wx,Beningnyah....,0,2020-03-19T15:09:00Z,2020-03-19T15:09:00Z
UgxlhE4uFzhCHOhLjZ54AaABAg,,False,@mrbone9568,"Semakin kesini kau semakin membunuhku dengan senyumanmu
Fall in love
Lets love
Fighting uri leader
Exo saranghaja",0,2020-03-19T15:08:57Z,2020-03-19T15:08:57Z
UgxiSBKNMVx4kGooWZB4AaABAg,,False,@aeri6159,Apoyandote desde PERU 🇵🇪,0,2020-03-19T15:08:56Z,2020-03-19T15:08:56Z
UgyaSdEgO_Rr6ocnl5V4AaABAg,,False,@gxxdwid,Ok I can't wait suho,0,2020-03-19T15:08:54Z,2020-03-19T15:08:54Z
UgwcSPKQ5YmdIQ8qNwJ4AaABAg,,False,@user-ge4uo4eo1l,يااااا هعيييط,0,2020-03-19T15:08:53Z,2020-03-19T15:08:53Z
Ugyw_MSgl2RxZxNxG9V4AaABAg,,False,@19helenadwiyanti78,Why always handsome?,1,2020-03-19T15:08:53Z,2020-03-19T15:08:53Z
UgyvuNbgeN7EC0_yzil4AaABAg,,False,@زوجةالبطريقدودو,حبيييييييييت😭😭,0,2020-03-19T15:08:53Z,2020-03-19T15:08:53Z
UgyTs0Fur4GZRDKvyj54AaABAg,,False,@ronajim6343,Wow😍😍😍😍,0,2020-03-19T15:08:53Z,2020-03-19T15:08:53Z
UgwGwXPbVHC4DwOrmbV4AaABAg,,False,@이광자-z2s,하즌면아사랑해,0,2020-03-19T15:08:52Z,2020-03-19T15:08:52Z
UgxzKec37QOn3-_EzUJ4AaABAg,,False,@chenwins5317,Love you so much,0,2020-03-19T15:08:51Z,2020-03-19T15:08:51Z
UgxAR9aHYTeAnLMoUNN4AaABAg,,False,@dontinteract5809,Baby 😭😭😭😭😭😭😭,0,2020-03-19T15:08:50Z,2020-03-19T15:08:50Z
UgzQXFBdFVXl68dt3yZ4AaABAg,,False,@idkoo79,"Si!!! :""3 ♡☆♡",1,2020-03-19T15:08:50Z,2020-03-19T15:08:50Z
Ugx_lVvLuu9i_Q-eoWB4AaABAg,,False,@user-ju6rq2fm7h,شهل قائد فخم,0,2020-03-19T15:08:49Z,2020-03-19T15:08:49Z
Ugx1R1NSoFYlobFvAzt4AaABAg,,False,@mariafernandagarcia8401,You're handsome,0,2020-03-19T15:08:46Z,2020-03-19T15:08:46Z
UgxoiOKItJYW5YohwHl4AaABAg,,False,@sartiglz8086,"Sé que su álbum será arte puro! 💖💖
Además se ve super guapo nuestro líder✨✨",0,2020-03-19T15:08:46Z,2020-03-19T15:08:46Z
UgwtCs-k4743FT7NKll4AaABAg,,False,@catewold2603,Suho is a reall king💜,0,2020-03-19T15:08:46Z,2020-03-19T15:08:46Z
Ugx99-N3cH0M8BlfX3h4AaABAg,,False,@nadiyanad6881,Suho our leader😍😍😍😘😘😘,1,2020-03-19T15:08:45Z,2020-03-19T15:08:45Z
UgzgCA56ry8v26qqSZF4AaABAg,,False,@chenwins5317,Can't wait,0,2020-03-19T15:08:45Z,2020-03-19T15:08:45Z
UgwORQGgAMcT_TVRWvR4AaABAg,,False,@huynhthituongvy4664,Oppa ❤,0,2020-03-19T15:08:44Z,2020-03-19T15:08:44Z
Ugz9FVW_0-S4vAdc2eB4AaABAg,,False,@dannamatt2185,"[D-11] 
Can’t wait for you to bless my ears after a looong long time... love you!",2,2020-03-19T15:08:43Z,2020-03-19T15:08:43Z
Ugw4sqE_zDlFAom0mvd4AaABAg,,False,@saharabbasi8276,exo ot 9 forever,0,2020-03-19T15:08:42Z,2020-03-19T15:08:42Z
Ugy5oIWSrK6zf6DKxeV4AaABAg,,False,@WerisChuy,¡¡ Ya quiero escuchar todo el álbum !! 😍💕😍💕😍💕,0,2020-03-19T15:08:42Z,2020-03-19T15:08:42Z
UgyYd_tCsqTfo2CjRQB4AaABAg,,False,@Rabia-no7et,MY LOVEE,0,2020-03-19T15:08:41Z,2020-03-19T15:08:41Z
Ugw_vIFEnQ2qaLNA0IN4AaABAg,,False,@user-ro4uo7om7j,جماااااااااللللل,1,2020-03-19T15:08:41Z,2020-03-19T17:10:40Z
Ugw_vIFEnQ2qaLNA0IN4AaABAg.96OMyASx2Qq96OOcA_Kxat,Ugw_vIFEnQ2qaLNA0IN4AaABAg,True,@кмун-ш3у,بليز حذفي الايموجي,1,2020-03-19T15:23:09Z,2020-03-19T15:23:09Z
Ugw_vIFEnQ2qaLNA0IN4AaABAg.96OMyASx2Qq96O_wnECDb1,Ugw_vIFEnQ2qaLNA0IN4AaABAg,True,@user-ro4uo7om7j,@@кмун-ш3у اسفة نسيت.،,0,2020-03-19T17:10:49Z,2020-03-19T17:10:49Z
Ugw1mgsLs-17IBHd1ll4AaABAg,,False,@hyem1117,니가 명화다 김준면,0,2020-03-19T15:08:40Z,2020-03-19T15:08:40Z
UgwIp03EE6k7IEFNjAh4AaABAg,,False,@jhosekaiexo1744,tenemos q dar lo mejor para el debut de nuestro lider,0,2020-03-19T15:08:40Z,2020-03-19T15:08:40Z
UgzHIoj09G30y7NkuIV4AaABAg,,False,@ccc814,oh wow a beautiful boy,0,2020-03-19T15:08:39Z,2020-03-19T15:08:39Z
Ugyzi7KbPIm-MwMSPD54AaABAg,,False,@chenwins5317,So beautiful,0,2020-03-19T15:08:38Z,2020-03-19T15:08:38Z
UgzOl1jaEJhiAww_KWt4AaABAg,,False,@skdcbclsx9,"เบ้าหน้าอันหล่อเหลาพระเจ้าประทานให้แก่ 
คิม จุนมยอน",0,2020-03-19T15:08:37Z,2020-03-19T15:09:06Z
Ugzj1e6Um65CAIwFhMx4AaABAg,,False,@mswtl,아 진짜 준면아 항상 사랑해ㅠㅠㅠㅠㅠㅠㅠ,0,2020-03-19T15:08:37Z,2020-03-19T15:08:37Z
Ugy9wvpn1sUkPDSk2cl4AaABAg,,False,@Rabia-no7et,Proud mama,0,2020-03-19T15:08:35Z,2020-03-19T15:08:35Z
UgwpSKUSP7SnhP7jl554AaABAg,,False,@astrienursabila8505,"Junmyeon really shows us his hardwork, THATS WHY I LOVE HIM SOOOO MUCH🧡🧡🧡🧡🧡",1,2020-03-19T15:08:35Z,2020-03-19T15:08:35Z
Ugxw_KGCOHo-YiIXqot4AaABAg,,False,@roy.4496,هوا ليش بده يجلطني ㅠㅠ,3,2020-03-19T15:08:33Z,2020-03-19T15:08:33Z
UgweLXM6kjjuicqxeBp4AaABAg,,False,@exoweareoneletslove6227,قلبي روعة روعة تحفة سوهو هلأ عيوني عليه و لا على الموسيقى و لا على الفديو,16,2020-03-19T15:08:32Z,2020-03-19T15:46:32Z
UgweLXM6kjjuicqxeBp4AaABAg.96OMx5rFlcM96ONem7_BqW,UgweLXM6kjjuicqxeBp4AaABAg,True,@exolforaver3335,لخاطر ربنا احذفي الاموجي تجمد المشاهدات,0,2020-03-19T15:14:46Z,2020-03-19T15:14:46Z
UgweLXM6kjjuicqxeBp4AaABAg.96OMx5rFlcM96ONu6DC7tM,UgweLXM6kjjuicqxeBp4AaABAg,True,@exoweareoneletslove6227,@@exolforaver3335 هاد بس تيترزات مو مشكلة بس ينزل تيترز الجدي ما بسويهم,0,2020-03-19T15:16:52Z,2020-03-19T15:16:52Z
UgweLXM6kjjuicqxeBp4AaABAg.96OMx5rFlcM96OQedIx7zO,UgweLXM6kjjuicqxeBp4AaABAg,True,@exolforaver3335,@@exoweareoneletslove6227 وك بس اذا كنتي تبين تدعميه حتا لو ف الاشاياء الصغيره اعمليها ..,0,2020-03-19T15:40:58Z,2020-03-19T15:40:58Z
UgweLXM6kjjuicqxeBp4AaABAg.96OMx5rFlcM96ORWMn-i2W,UgweLXM6kjjuicqxeBp4AaABAg,True,@exoweareoneletslove6227,@@exolforaver3335 بدعمو يختي بس قلت الك انو بس اموجي و هدول التيرزات مو مشكلة اذا حطينا ياريت يلي زيك يفهم بلاش كل مرة وحدة تنق علينا احذفو احذفو,0,2020-03-19T15:48:26Z,2020-03-19T15:48:26Z
UgweLXM6kjjuicqxeBp4AaABAg.96OMx5rFlcM96OSvjZcMIq,UgweLXM6kjjuicqxeBp4AaABAg,True,@exolforaver3335,@@exoweareoneletslove6227 وك رلاكس ليش عصبتي,1,2020-03-19T16:00:46Z,2020-03-19T16:00:46Z
UgxS7cxhPWyhdsW_jGF4AaABAg,,False,@puputapr3491,ALLAHU AKBAAARRR SERBUK BERLIAN😍😭😭😭,0,2020-03-19T15:08:30Z,2020-03-19T15:08:30Z
Ugx4Teq-XinsSwtu-G14AaABAg,,False,@بَيڪهيوُنيةآڪسوُآلُِ,"بموووت شنو هل جمال 
قلبي الصغير لاتحمل",20,2020-03-19T15:08:28Z,2020-03-19T15:12:08Z
Ugx4Teq-XinsSwtu-G14AaABAg.96OMwbmvdHy96OPX7LP50p,Ugx4Teq-XinsSwtu-G14AaABAg,True,@user-zj7fr3rl7q,شنوهالجمال البيها شلع قلبي بصوت هذاك الفنان نسيت اسمه,1,2020-03-19T15:31:04Z,2020-03-19T15:31:04Z
Ugx4Teq-XinsSwtu-G14AaABAg.96OMwbmvdHy96OQSPc2nN9,Ugx4Teq-XinsSwtu-G14AaABAg,True,@بَيڪهيوُنيةآڪسوُآلُِ,"@@user-zj7fr3rl7q 
اني هم ماعرف اسمه (ايموجي يضحك)",1,2020-03-19T15:39:09Z,2020-03-19T15:39:23Z
UgzepfJ2OjFjdMjhoGl4AaABAg,,False,@nurrahmat800,The handsome boy,0,2020-03-19T15:08:28Z,2020-03-19T15:08:28Z
UgyISLuLplx8EVyVDnN4AaABAg,,False,@시영-d5w,진짜 노래 띵곡일 것 같아ㅠㅠㅠ 준면아 기대할게! 엑소에서 보지 많이 못했던 가수 수호로써의 너의 새로운 면모를 많이 보고싶다 앨범도 빨리 받고싶어ㅠㅠㅠ 사랑해 토끼왕댜 🐰,0,2020-03-19T15:08:27Z,2020-03-19T15:08:27Z
UgzRuVLL3KM9Jq28JN94AaABAg,,False,@yrosak,no silêncio da noite eu me pergunto pq o suho é tão perfeito ?! 😔✊💕,0,2020-03-19T15:08:26Z,2020-03-19T15:08:26Z
UgzqwB_hux2jPI-xNcl4AaABAg,,False,@saharabbasi8276,we are one,0,2020-03-19T15:08:25Z,2020-03-19T15:08:25Z
UgyZ0y1aFx3df3MXmpd4AaABAg,,False,@kimye0nchi103,와아아아아아아!!!❣️,0,2020-03-19T15:08:25Z,2020-03-19T15:08:25Z
UgxWZLb5KX_XfjXpTWR4AaABAg,,False,@Rabia-no7et,SENİ YERİM ÇOCUK,0,2020-03-19T15:08:24Z,2020-03-19T15:08:24Z
UgyIdOMerUWv1VjBsXR4AaABAg,,False,@WerisChuy,💕😍💕😍💕😍💕😍😍💕,0,2020-03-19T15:08:23Z,2020-03-19T15:08:23Z
UgzBBIm5E8uE-VQiCRJ4AaABAg,,False,@godirene6327,Precioso nuestro junmyeon 😭😭👏👏💖,0,2020-03-19T15:08:23Z,2020-03-19T15:08:23Z
Ugy3gwCz6EBGnSS_sjB4AaABAg,,False,@velnont.1319,Why he is so handsome,0,2020-03-19T15:08:22Z,2020-03-19T15:08:22Z
Ugw35MgGTGYwdMvLU7p4AaABAg,,False,@ccc814,does the instrumental belong to a different song or is it a part of let’s love??,0,2020-03-19T15:08:22Z,2020-03-19T15:08:22Z
Ugwld9j8lIvs59gPzj14AaABAg,,False,@Mr-gs4iw,حماسس..,0,2020-03-19T15:08:20Z,2020-03-19T15:08:20Z
UgyPl9sV09uQT-3xW0t4AaABAg,,False,@FinnandjakeMagos,🥺🥺😍🥰🥰💛💛💛💛💛😭😭😍😍🥰🥰😍😍🥺😍,0,2020-03-19T15:08:20Z,2020-03-19T15:08:20Z
UgxajldG-gXHcBJXokl4AaABAg,,False,@contagioushabitat,PERFEITO MEU TUDO,0,2020-03-19T15:08:20Z,2020-03-19T15:08:20Z
UgyPTphht9vPXKdnkZp4AaABAg,,False,@septikatiara4575,LOVE YOU,0,2020-03-19T15:08:19Z,2020-03-19T15:08:19Z
UgwhmPT6F_jRmTdzii14AaABAg,,False,@dinaninibear,Suho,1,2020-03-19T15:08:17Z,2020-03-19T15:08:17Z
Ugw4s3seP1tYCD80zll4AaABAg,,False,@aeri6159,"EL ALBUM SERÁ ARTE

FIN.",0,2020-03-19T15:08:17Z,2020-03-19T15:08:17Z
UgwKfjBiPHKD5kgDxpt4AaABAg,,False,@foblistener,WOYY😭,0,2020-03-19T15:08:16Z,2020-03-19T15:08:16Z
Ugw0G7xFRDKVBEUYu1B4AaABAg,,False,@parkloeyseu4872,사랑해 오빠❤️,0,2020-03-19T15:08:15Z,2020-03-19T15:08:15Z
Ugxf41XN8oYZIXqi1jh4AaABAg,,False,@huda.9,قمر 14,0,2020-03-19T15:08:15Z,2020-03-19T15:08:15Z
UgxIrkptQfhJRIQEsF14AaABAg,,False,@user-fu3xn9zo8q,احلى شي باالتيزرات انها في قناة اكسو حتى يوصل الأشعار لان اني ما مشتركة بقناة الاس ام .,1,2020-03-19T15:08:14Z,2020-03-19T15:08:23Z
Ugwmcx1-4H0_lExbWGp4AaABAg,,False,@AnnaAsatryan_29,Why is he so handsomees😭❤️❤️❤️,0,2020-03-19T15:08:14Z,2020-03-19T15:08:14Z
Ugz3NmQ7-oKG_2KUM0N4AaABAg,,False,@famelious2848,Wow wow wow,0,2020-03-19T15:08:13Z,2020-03-19T15:08:13Z
Ugx_Q-8TEqCZGyElOKJ4AaABAg,,False,@yheraldinsalazar3863,So handsome 🤧,0,2020-03-19T15:08:12Z,2020-03-19T15:08:12Z
UgxN4_XZ0ZBokEMDrd94AaABAg,,False,@denaaexo_l.5023,فخخخخممم حلو وسيممم,0,2020-03-19T15:08:12Z,2020-03-19T15:08:12Z
UgyfWpfPh2XURRY4MX94AaABAg,,False,@anniengo9474,I really really really want you to raise your long hair once 👍❤❤❤❤,0,2020-03-19T15:08:12Z,2020-03-19T15:08:12Z
UgwCaerfoSTZnNDo-dd4AaABAg,,False,@aeri-nim7272,김준면!!!!!!,0,2020-03-19T15:08:10Z,2020-03-19T15:08:10Z
Ugxvolbdk3JSPAaUU0F4AaABAg,,False,@Dina-lk6go,je t'aime,0,2020-03-19T15:08:09Z,2020-03-19T15:08:09Z
Ugx2VlIGB04JJK9TC3B4AaABAg,,False,@dinasaed4461,handsome handsome handsome handsome handsome handsome handsome,0,2020-03-19T15:08:09Z,2020-03-19T15:08:09Z
UgzQ16LvncsNMxBNHVp4AaABAg,,False,@fifirocke2604,HEHE I CAN’T WAIT BABY 🥰🥰,0,2020-03-19T15:08:09Z,2020-03-19T15:08:09Z
UgzIL7G-1PYpU66DMtl4AaABAg,,False,@رغغدم,😭😭♥️,0,2020-03-19T15:08:09Z,2020-03-19T15:08:09Z
UgwyzzE0Ow58suvbsAx4AaABAg,,False,@howtobeacoat132,JUNMYEON MY MANS 👑,1,2020-03-19T15:08:08Z,2020-03-19T15:08:08Z
Ugx9l7VY2qRsCWlKxRR4AaABAg,,False,@winda1500,Luvluv🥰,0,2020-03-19T15:08:07Z,2020-03-19T15:08:07Z
UgwDqmUWMRWZ7TWs_Ih4AaABAg,,False,@maybellaeri8966,김준면씨 사랑합니다,0,2020-03-19T15:08:07Z,2020-03-19T15:08:07Z
Ugz72XUWGeISLhyYz014AaABAg,,False,@manarmanarsaad2615,ابني الجميل ده هيقتلني. 😭,8,2020-03-19T15:08:06Z,2020-03-19T15:08:06Z
Ugz72XUWGeISLhyYz014AaABAg.96OMtw_I8LD96ONutxwTKn,Ugz72XUWGeISLhyYz014AaABAg,True,@adan-so8gi,بدون ايموجي يجمد المشاهداات,2,2020-03-19T15:16:58Z,2020-03-19T15:16:58Z
UgwBn4b0iOj_gqAURo94AaABAg,,False,@ohlalandaflower9026,He(art),0,2020-03-19T15:08:05Z,2020-03-19T15:08:05Z
UgwVWoNS-ahNcTVSsF94AaABAg,,False,@THEDARK-dx8xh,"قطنتي 
احلى اشعار",2,2020-03-19T15:08:04Z,2020-03-19T16:01:38Z
Ugy0YSbw3osdvvCLvy94AaABAg,,False,@رغغدم,♥️♥️♥️😭,0,2020-03-19T15:08:04Z,2020-03-19T15:08:04Z
Ugw14GrpPmsrrHh6y7R4AaABAg,,False,@exo-lforever4964,قائد الامه 👍👍👍👍,4,2020-03-19T15:08:04Z,2020-03-19T15:08:04Z
Ugz9PXbqK6O_7PDhdeV4AaABAg,,False,@소리-b9w,영상 화보집이다 진짜,0,2020-03-19T15:08:03Z,2020-03-19T15:08:03Z
UgyTccs6otYzmG6IuDd4AaABAg,,False,@jumana4578,جميلللللللل سوهوووووو😘😘😘😘😘,38,2020-03-19T15:08:03Z,2020-03-19T15:08:03Z
UgyTccs6otYzmG6IuDd4AaABAg.96OMtYpv4ur96ONSsS84xa,UgyTccs6otYzmG6IuDd4AaABAg,True,@freepalestine3694,"احذفي الايموجي بليز
شكرا اوني لدعمك انا أكسوال واحب بتس 
لعلمك بايسي شوغا كمان",2,2020-03-19T15:13:00Z,2020-03-19T15:13:00Z
UgyTccs6otYzmG6IuDd4AaABAg.96OMtYpv4ur96ONwzk3oE6,UgyTccs6otYzmG6IuDd4AaABAg,True,@exolforaver3335,لخاطر جدي احذفي الاموجي تجمد الزققق استغفر الله اقصد المشاهدات بس تعبت وانا ادخل ع كول تعليق واكتب نفس الشي,1,2020-03-19T15:17:15Z,2020-03-19T15:17:15Z
UgyTccs6otYzmG6IuDd4AaABAg.96OMtYpv4ur96OO8-hjzid,UgyTccs6otYzmG6IuDd4AaABAg,True,@عاشقةأسودالرافدينمنوعات,@@exolforaver3335  ممكن اعرف شنو السبب حته تحذف الايموجي لان كله بتكول هيج 😕,0,2020-03-19T15:18:54Z,2020-03-19T15:18:54Z
UgyTccs6otYzmG6IuDd4AaABAg.96OMtYpv4ur96OOX-d6y7h,UgyTccs6otYzmG6IuDd4AaABAg,True,@hope264,@@عاشقةأسودالرافدينمنوعات تخلي المشاهدات تتجمد,0,2020-03-19T15:22:18Z,2020-03-19T15:22:18Z
UgyTccs6otYzmG6IuDd4AaABAg.96OMtYpv4ur96OOkC7dO5q,UgyTccs6otYzmG6IuDd4AaABAg,True,@oohmalak9078,@@عاشقةأسودالرافدينمنوعات يجمد امشاهدات,0,2020-03-19T15:24:15Z,2020-03-19T15:24:15Z
UgyChPKrCVydSVboHdV4AaABAg,,False,@elishamohanty2952,❤❤❤❤,0,2020-03-19T15:08:03Z,2020-03-19T15:08:03Z
UgzhYzZmHGnaZ96xHVN4AaABAg,,False,@Rickywhenicatchyouricky0,مااااييي قووودد ماااااييي قوودد،يحلوهههه العسسلللل 😭😭💗,1,2020-03-19T15:08:02Z,2020-03-19T15:08:02Z
Ugyo8d-QWyUHg4Xv_lB4AaABAg,,False,@eeelifokszz,Suhom askımm❤️❤️❤️,0,2020-03-19T15:08:01Z,2020-03-19T15:08:01Z
Ugxp7RHOCdIcH-8yqrt4AaABAg,,False,@chanieking8225,"SUHO being the real aesthetic here
LOVE him so much 
our junmyeon",1,2020-03-19T15:08:01Z,2020-03-19T15:08:01Z
UgwMagkj9OW_hNPUJPp4AaABAg,,False,@denaaexo_l.5023,يربي احححبككك,0,2020-03-19T15:08:01Z,2020-03-19T15:08:01Z
UgyhASBGt2FfWZKIWC14AaABAg,,False,@haru-y7y,Suho 😭💜💜,0,2020-03-19T15:08:00Z,2020-03-19T15:08:00Z
UgxhcIFyUMGtlLz9F6h4AaABAg,,False,@mymail6537,Handsome baby,0,2020-03-19T15:08:00Z,2020-03-19T15:08:00Z
UgyEJg1x3fAp2H80aVt4AaABAg,,False,@fatintaufik3152,THE ONLY MAN THAT MATTER,0,2020-03-19T15:08:00Z,2020-03-19T15:08:00Z
UgyWOU7q0jk2PETTVGd4AaABAg,,False,@sinayninamaea.135,PALAHI NAMAN JAN PAPC SUHO CHAROT HAHAHAHAHAHAHAHA LABYU❤,1,2020-03-19T15:08:00Z,2020-03-19T15:08:00Z
UgwKl4SvNlZBaFkKQiF4AaABAg,,False,@kaoyouyuu8854,"Ok, but why so handsome 👉👈😳",0,2020-03-19T15:08:00Z,2020-03-19T15:08:00Z
UgzPM1KGLixRx5xWgI14AaABAg,,False,@annabelleleer6283,Prince charmant ❤️,0,2020-03-19T15:08:00Z,2020-03-19T15:08:00Z
UgxdgeC8KBzMr7HZyRJ4AaABAg,,False,@완식-j2k,김준면 미쳤나 와,0,2020-03-19T15:07:57Z,2020-03-19T15:07:57Z
Ugw8t5k4149BQQ05Qzd4AaABAg,,False,@رغغدم,♥️😭😭😭,0,2020-03-19T15:07:57Z,2020-03-19T15:07:57Z
UgzYpCCLxxKJF-sLQiB4AaABAg,,False,@novitans3751,Uri Leader,0,2020-03-19T15:07:57Z,2020-03-19T15:07:57Z
UgzHFcGeU_dh3K12cXJ4AaABAg,,False,@김채은-h3g,준면아ㅠㅠㅠㅠㅠㅠㅠㅠㅠㅠㅠㅠㅠㅠㅠㅠㅠㅠㅠㅠㅠㅠㅠㅠㅠㅠㅠㅠㅠㅠㅠㅠㅠㅠㅠㅠㅠㅠㅠㅠㅠㅠㅠㅠㅠㅠㅠㅠ,0,2020-03-19T15:07:56Z,2020-03-19T15:07:56Z
UgxdTuAu_xWgK8c8eqR4AaABAg,,False,@nenengsrinurjanah9816,Ganteng beudddd ❤❤❤,0,2020-03-19T15:07:56Z,2020-03-19T15:07:56Z
UgyzKgkHNJchhOfimax4AaABAg,,False,@mumizinha,I’m so excited 🥺😭😭😭😭😭😭😭,0,2020-03-19T15:07:55Z,2020-03-19T15:07:55Z
UgwzFpy1wX1rw3oJ0kF4AaABAg,,False,@ayahere8170,جميل جميل هديك من الرب انت انت جمال الحيات واحلى شيء بالدنبا فدوووووووووووه,16,2020-03-19T15:07:55Z,2020-03-19T15:07:55Z
UgyufSxsba8-Do7j5BZ4AaABAg,,False,@oearhp7506,OMG!!!! I CAN'T WAIT!! ><,0,2020-03-19T15:07:54Z,2020-03-19T15:07:54Z
UgyH6J4BoONVV-OyQr94AaABAg,,False,@exoandaflower3932,WOW,0,2020-03-19T15:07:54Z,2020-03-19T15:07:54Z
Ugxzer8BTKe6W_taCR14AaABAg,,False,@audreyalyarahma4466,Cant waitttt alreadyyyyy🥺💖,0,2020-03-19T15:07:54Z,2020-03-19T15:07:54Z
UgzzfRBe6EDamLKD3YJ4AaABAg,,False,@aeri-nim7272,kim junmyeon!!!!!!!!,0,2020-03-19T15:07:54Z,2020-03-19T15:07:54Z
Ugyi4WZonOtMEQVccuZ4AaABAg,,False,@yassmeinsamy5911,متخيلين لما التيزر عامل كده الألبوم عامل ازاي,4,2020-03-19T15:07:54Z,2020-03-19T15:07:54Z
Ugyi4WZonOtMEQVccuZ4AaABAg.96OMsPV_66K96ON9RF4NRu,Ugyi4WZonOtMEQVccuZ4AaABAg,True,@exo-lforever4964,Yassmein Samy يشعلل نارر 🔥🔥🔥🔥,1,2020-03-19T15:10:21Z,2020-03-19T15:10:21Z
Ugyi4WZonOtMEQVccuZ4AaABAg.96OMsPV_66K96ONQfjkyiH,Ugyi4WZonOtMEQVccuZ4AaABAg,True,@yassmeinsamy5911,@@exo-lforever4964  دي حقيقة,0,2020-03-19T15:12:42Z,2020-03-19T15:12:42Z
Ugyi4WZonOtMEQVccuZ4AaABAg.96OMsPV_66K96OOe1ugVZM,Ugyi4WZonOtMEQVccuZ4AaABAg,True,@adan-so8gi,@@exo-lforever4964 بدوون ايموجي بلييز يجمد المشاهداات,1,2020-03-19T15:23:24Z,2020-03-19T15:23:24Z
UgwlWSPgIsTXq7FyQtB4AaABAg,,False,@diahpradnyadewi1961,Omg this is gonna be a masterpiece!,0,2020-03-19T15:07:53Z,2020-03-19T15:07:53Z
UgziWOSb_UZ2uVHI3Mh4AaABAg,,False,@lovexoshot9681,Take care of yourself my love fighting,0,2020-03-19T15:07:53Z,2020-03-19T15:07:53Z
UgyWabzdTWKkBWS8RAd4AaABAg,,False,@junkyutiee2170,Are you even real? You are so beautiful at the same time handsome😍❤️ Lots of love for you leadernim Suho❤️,0,2020-03-19T15:07:52Z,2020-03-19T15:07:52Z
Ugw3v5uzzX9lALKak-94AaABAg,,False,@veronicarodriguez3609,OMG 😍,0,2020-03-19T15:07:52Z,2020-03-19T15:07:52Z
Ugzoce1iM6N9pUZY4lN4AaABAg,,False,@erikagiler2077,El solista del año 😘,0,2020-03-19T15:07:51Z,2020-03-19T15:07:51Z
UgzWyujSA4bck1Akz-14AaABAg,,False,@denaaexo_l.5023,مره محظوظه اليوم:(((,8,2020-03-19T15:07:50Z,2020-03-19T15:07:50Z
UgwIK9dMIihBHBD28Vx4AaABAg,,False,@رغغدم,يويلي,1,2020-03-19T15:07:49Z,2020-03-19T15:07:49Z
UgzZfWpV-5Sd-OUZ7sR4AaABAg,,False,@lemonxunqiwalker237,الواد دا عايز ياخد قلبي :)),6,2020-03-19T15:07:48Z,2020-03-19T15:07:48Z
UgzqMvvoRlgMQM183uJ4AaABAg,,False,@fatoshhyeol6260,Amazing!!!,0,2020-03-19T15:07:48Z,2020-03-19T15:07:48Z
UgxzSFFY5BY1MATkxA14AaABAg,,False,@captyongie2652,수호 사랑하자!!!,0,2020-03-19T15:07:47Z,2020-03-19T15:07:47Z
Ugwp9xAg_lopx0YOXWd4AaABAg,,False,@manarmanarsaad2615,عيونو اه عيونو.,3,2020-03-19T15:07:47Z,2020-03-19T15:07:47Z
UgxWkROLdk_KsECZTwV4AaABAg,,False,@-ella.8962,واهه يا قلبببييي.:(((,7,2020-03-19T15:07:46Z,2020-03-19T15:51:30Z
UgxWkROLdk_KsECZTwV4AaABAg.96OMrURTgHt96ONhz_U0Th,UgxWkROLdk_KsECZTwV4AaABAg,True,@adan-so8gi,بليزز بدون ايموجي يجمد المشاهداتت,0,2020-03-19T15:15:12Z,2020-03-19T15:15:12Z
UgxWkROLdk_KsECZTwV4AaABAg.96OMrURTgHt96ONkq-BMrd,UgxWkROLdk_KsECZTwV4AaABAg,True,@exolforaver3335,لخاطر جدك احذفي الاموجي تجمد المشاهدااااتتتتتتتتتتتتتتتتتت والله تعبت وانا ادخل ع كول تعليق واكتب نفس الشي,0,2020-03-19T15:15:36Z,2020-03-19T15:15:36Z
UgxWkROLdk_KsECZTwV4AaABAg.96OMrURTgHt96OQLDNAo58,UgxWkROLdk_KsECZTwV4AaABAg,True,@exoplanet9737,اوني بليزززززز الايموجي مسحي لان يجمد المشاهدات,0,2020-03-19T15:38:10Z,2020-03-19T15:38:10Z
UgxWkROLdk_KsECZTwV4AaABAg.96OMrURTgHt96ORo20cZhp,UgxWkROLdk_KsECZTwV4AaABAg,True,@-ella.8962,"adan jmal 
مو ام في مشان نرفع مشاهدات،بس اتس اوكِ بحذفه.",0,2020-03-19T15:50:59Z,2020-03-19T15:50:59Z
UgxWkROLdk_KsECZTwV4AaABAg.96OMrURTgHt96ORpbhjwQg,UgxWkROLdk_KsECZTwV4AaABAg,True,@-ella.8962,"Exol Foraver  
مو ام في مشان نرفع مشاهدات،بس اتس اوكِ بحذفه.",0,2020-03-19T15:51:12Z,2020-03-19T15:51:12Z
UgyweF6qoCZ369TbYpx4AaABAg,,False,@haru-y7y,بمووووت وانا انتظررررره,1,2020-03-19T15:07:46Z,2020-03-19T15:07:46Z
Ugz0QA7EuCNszQW1T6l4AaABAg,,False,@zeynepdemirkran641,ÇOK YAKIŞIKLI BE,0,2020-03-19T15:07:46Z,2020-03-19T15:07:46Z
UgwIQ0--IyWcIo6zurF4AaABAg,,False,@wwo8150,수호....너의 눈동자에 퐁당 취해버려..베이비핑크 뭐랄까 약간 파스텔톤 핑크와 블루블루함이 수호의 맑고 영롱한 피부와 눈동자..모든 미모가 반짝여 오 갓....갓 수호 갓준면,0,2020-03-19T15:07:43Z,2020-03-19T15:07:43Z
UgzPICRgguh3ftkHK9t4AaABAg,,False,@mumizinha,Ugh I can’t wait,0,2020-03-19T15:07:42Z,2020-03-19T15:07:42Z
UgxYQ2L7cqfxAtSuhHh4AaABAg,,False,@user-mb7vv3sp6f,영상이 1급수야..,0,2020-03-19T15:07:40Z,2020-03-19T15:07:40Z
Ugw_5VgRB5hf3sfzJ7d4AaABAg,,False,@oohyunah,Beninngggh tapi bukan airrrr,0,2020-03-19T15:07:39Z,2020-03-19T15:07:39Z
UgxU9KspX0YiLqTZM-54AaABAg,,False,@김채은-h3g,헐 벅차..............,0,2020-03-19T15:07:38Z,2020-03-19T15:07:38Z
UgwTf7vcBQ8ySeQXKih4AaABAg,,False,@TeddyBear-bn7ci,"Yg blm subscribe channelnya exo, subscribe dulu yuk",0,2020-03-19T15:07:38Z,2020-03-19T15:07:38Z
UgymF9Dy6XnkgwPs7IB4AaABAg,,False,@karahmarie6558,i absolutely cannot with this aesthetic. suho gonna kill meeeeeeeeee,0,2020-03-19T15:07:38Z,2020-03-19T15:07:38Z
UgznVtvjkVuvI-H-Gnp4AaABAg,,False,@chenashlynx7477,I LOVE YOU I LOVE YOU I LOVE YOU I LOVE YOU I LOVE YOU I LOVE YOU,0,2020-03-19T15:07:37Z,2020-03-19T15:07:37Z
UgyjzhbgOuqF10CsRR14AaABAg,,False,@zhor4272,اوهه😭❤️❤️❤️,6,2020-03-19T15:07:37Z,2020-03-19T15:07:37Z
UgyjzhbgOuqF10CsRR14AaABAg.96OMqLOE-J996OOBTTmWXt,UgyjzhbgOuqF10CsRR14AaABAg,True,@adan-so8gi,بدوون ايموجي بلييز يجمد المشاهداتت,1,2020-03-19T15:19:22Z,2020-03-19T15:19:22Z
Ugx7NcP8ooNMZodBoGZ4AaABAg,,False,@yassmeinsamy5911,احلى ترسيم ده ولا ايييه,0,2020-03-19T15:07:36Z,2020-03-19T15:07:36Z
UgxEYroiJMXm6y0ouVd4AaABAg,,False,@Veronica-zo1gc,Por diossssss !!!😍😍😍😍😍,0,2020-03-19T15:07:36Z,2020-03-19T15:07:36Z
UgwMn9EvbX4U3IdVSv94AaABAg,,False,@nurrahmat800,You are my angel,0,2020-03-19T15:07:36Z,2020-03-19T15:07:36Z
UgwcSayJnKzTPxHV3sR4AaABAg,,False,@THEDARK-dx8xh,ميوووووني,1,2020-03-19T15:07:36Z,2020-03-19T15:07:36Z
Ugz4uU1hVokcoOzexL94AaABAg,,False,@springles,The melody is amazinggg^^,0,2020-03-19T15:07:36Z,2020-03-19T15:07:36Z
UgwScWmvqrA7IsquG0t4AaABAg,,False,@saharabbasi8276,suho loveee,0,2020-03-19T15:07:36Z,2020-03-19T15:07:36Z
UgwEb-_o0fcPO_51MPl4AaABAg,,False,@manarmanarsaad2615,بعيط لا متعملش فيا كده. 😭😭💕💕💕,8,2020-03-19T15:07:35Z,2020-03-19T15:07:35Z
UgwEb-_o0fcPO_51MPl4AaABAg.96OMqB4VTZQ96OO8qFbJey,UgwEb-_o0fcPO_51MPl4AaABAg,True,@adan-so8gi,بدون ايموجي بلييز يجمد المشاهداات,1,2020-03-19T15:19:01Z,2020-03-19T15:19:01Z
UgwEb-_o0fcPO_51MPl4AaABAg.96OMqB4VTZQ96OOBoqOmon,UgwEb-_o0fcPO_51MPl4AaABAg,True,@رحيقالورد-ض2ظ6س,بليز بدون ايموجي لانو ايجمد المشاهدات,1,2020-03-19T15:19:25Z,2020-03-19T15:19:25Z
Ugwx6dPnvbA3b23hZYN4AaABAg,,False,@deaisabella6171,아주 좋아.. 사랑해♡,0,2020-03-19T15:07:35Z,2020-03-19T15:07:35Z
UgxwTbfOuFxwXBqguAx4AaABAg,,False,@fatoshhyeol6260,"أحبك :
사랑해",0,2020-03-19T15:07:35Z,2020-03-19T15:07:35Z
Ugx50kGIDPx0rY0ckfN4AaABAg,,False,@user-wo5vz2yh4m,junmyeon saranghae❤️❤️❤️,0,2020-03-19T15:07:35Z,2020-03-19T15:07:35Z
UgyCSB3mk837q3w9ked4AaABAg,,False,@Rickywhenicatchyouricky0,لسا الدنيا حلوة والله 💗,0,2020-03-19T15:07:35Z,2020-03-19T15:07:35Z
UgzPLl-wHnFIh68zG814AaABAg,,False,@creamxiuda99,"Tu piel es tan bonita, luces como un duraznito precioso con todos esos tonos cálidos en tus mejillas, eres tan hermoso, Junmyeon, y tan talentoso, estoy listísima para ser bendecida con todo el arte que nos tienes preparado, tE AMO",0,2020-03-19T15:07:34Z,2020-03-19T15:07:34Z
UgzGnvOarY7n0zZveip4AaABAg,,False,@erikagiler2077,"Amazing, 😍 I love it",0,2020-03-19T15:07:31Z,2020-03-19T15:07:31Z
UgzMsz1NI3uq8lz3Iz54AaABAg,,False,@xxnightmare1317xx,*WHY DOES JUNMYEON SUDDENLY HAVE A LOT OF FACIAL MOLES  MY HEART CANT TAKE IT*,11,2020-03-19T15:07:31Z,2020-03-19T16:02:08Z
UgyHOwjQ4wggZReEgml4AaABAg,,False,@mill_303,신의 미모 절경이다,0,2020-03-19T15:07:30Z,2020-03-19T15:07:30Z
Ugzxane9j0BYTGa4iMx4AaABAg,,False,@nurrahmat800,Good job baby,0,2020-03-19T15:07:29Z,2020-03-19T15:07:29Z
UgwZ4oXiwFp7RtSjv1F4AaABAg,,False,@hohoGames1,يلا اكسوالز ندعم قائدنا الوسيم عشان يغلب سولو بيكهيون ههههههههه ستريييييييييييم,11,2020-03-19T15:07:29Z,2020-03-19T15:07:29Z
UgwZ4oXiwFp7RtSjv1F4AaABAg.96OMpO2h3G496ONnXE6bhM,UgwZ4oXiwFp7RtSjv1F4AaABAg,True,@ssss-ir5my,وليه يغلب سولو بيكهيون !؟,0,2020-03-19T15:15:58Z,2020-03-19T15:15:58Z
UgwZ4oXiwFp7RtSjv1F4AaABAg.96OMpO2h3G496OZeYQY_Sc,UgwZ4oXiwFp7RtSjv1F4AaABAg,True,@hohoGames1,@@ssss-ir5my دايما اكسو يتحدو اكسو,0,2020-03-19T16:59:36Z,2020-03-19T16:59:36Z
UgwZ4oXiwFp7RtSjv1F4AaABAg.96OMpO2h3G496OflQGUrf0,UgwZ4oXiwFp7RtSjv1F4AaABAg,True,@ssss-ir5my,@@hohoGames1 ماشي بس مش معني كده نبقي عايزين احنا انهم يغلبوا بعض,0,2020-03-19T18:01:42Z,2020-03-19T18:01:42Z
Ugx4vBu9_oBS94a14VZ4AaABAg,,False,@user-pf1dz8be7r,멜로디 너무조아ㅠㅠㅠ준면이 넘 아름다워 ㅠㅠㅠㅠㅠ,0,2020-03-19T15:07:29Z,2020-03-19T15:07:29Z
Ugx_dculw6ljbjkrYkp4AaABAg,,False,@lunetwenty801,they said lets love is a modern rock song that same genre with maroon 5 and coldplay. hearing the instrumentals really did a lot similarities. i am so excited,0,2020-03-19T15:07:28Z,2020-03-19T15:07:28Z
UgzFOAm_p3P6cCFzcs14AaABAg,,False,@lynsoo1951,Kim Junmyeon is art.,0,2020-03-19T15:07:28Z,2020-03-19T15:07:28Z
Ugx-l0JbQ3ArsvJr0oJ4AaABAg,,False,@ramakim4595,أيه القائد القمر ده ؟؟,0,2020-03-19T15:07:26Z,2020-03-19T15:07:26Z
UgxYy7UHJBN5aJXOk0p4AaABAg,,False,@yassmeinsamy5911,حلاوة الليدر وجماله,0,2020-03-19T15:07:26Z,2020-03-19T15:07:26Z
UgzFPAv_lq-xfrHyLrR4AaABAg,,False,@exobaekhyun5708,More handsome me love our laeder,0,2020-03-19T15:07:24Z,2020-03-19T15:07:24Z
UgyDii3WCnmLXHl6D8p4AaABAg,,False,@pri4307,😍😍😍,0,2020-03-19T15:07:24Z,2020-03-19T15:07:24Z
UgyIT91uW6WXSv1ccL94AaABAg,,False,@mariaguadalupehernandezvil4133,¿por qué eres tan guapo?,0,2020-03-19T15:07:24Z,2020-03-19T15:07:24Z
UgwpUY4OhAv7eUp3IgR4AaABAg,,False,@ke5169,Arab EXo-l معاك الي اخر العمر we are one,13,2020-03-19T15:07:23Z,2020-03-19T15:07:23Z
UgwTgCRhJFohCC2u1Xx4AaABAg,,False,@ranarana-sk6rd,o.m.g,0,2020-03-19T15:07:23Z,2020-03-19T15:07:23Z
Ugwb0pQdMJh_P4NyG_54AaABAg,,False,@nurrahmat800,We lobe you,0,2020-03-19T15:07:22Z,2020-03-19T15:07:22Z
UgydN2WSjvaCnSz9zhl4AaABAg,,False,@bbim0506,오 그대는 나의 호수 빠져죽어도 좋아,0,2020-03-19T15:07:22Z,2020-03-19T15:07:22Z
UgyICbvwKUbmyUe1VxZ4AaABAg,,False,@saray610,GOD KIM JUNMYEON CANNOT BE REAL YOU ARE PERFECT,0,2020-03-19T15:07:20Z,2020-03-19T15:07:20Z
UgxvavaFlrzNujUdF0Z4AaABAg,,False,@lamtran3270,He is King Of Visual,0,2020-03-19T15:07:20Z,2020-03-19T15:07:20Z
UgwGP2m-i0Cg1OakpmV4AaABAg,,False,@khouloudk2436,"I can't waiiittt omg ㅠㅠㅠ this is so beautiful ㅠㅠㅠㅠㅠ❤❤  Suho you are incredible 😍😍❤❤❤ 감사합니다 🙏❤
Lots of love 😄❤❤Arab Exo-L",0,2020-03-19T15:07:20Z,2020-03-19T15:07:20Z
UgzxBxPsXyrbnxfO7hh4AaABAg,,False,@408dream,i had the same overwhelming feeling when i heard this and the first time i heard universe omg THIS WILL BE AS GREAT AS ANY EXO RELEASE,2,2020-03-19T15:07:19Z,2020-03-19T15:07:59Z
UgyF2M0K_ru-opewMUx4AaABAg,,False,@user-fx4je6nb3n,انه وسيم يا عالم ماذا يجب علي ان افعله مع قلبي الذي لا يتوقف عن النبض من اجله,28,2020-03-19T15:07:19Z,2020-03-19T15:07:19Z
UgyF2M0K_ru-opewMUx4AaABAg.96OMo9p-IGo96OPPIlUSOc,UgyF2M0K_ru-opewMUx4AaABAg,True,@user-zj7fr3rl7q,ههه نعطيك جرعه كورونا هههه,1,2020-03-19T15:30:00Z,2020-03-19T15:30:00Z
UgyLHphd1DSJ-579jHZ4AaABAg,,False,@franciarosario9547,So handsome,0,2020-03-19T15:07:18Z,2020-03-19T15:07:18Z
UgwZVOqN5p3tP9lmB8x4AaABAg,,False,@gladysfabyquintero8729,"Amo a este hombre, no veo la hora de escucharlo cantar ☺😍",0,2020-03-19T15:07:17Z,2020-03-19T15:07:17Z
UgyGRumjoRMZtpLWIKx4AaABAg,,False,@Rickywhenicatchyouricky0,يالبييهه وشش هالجمالل الليي يفتححح النفسس,0,2020-03-19T15:07:17Z,2020-03-19T15:07:17Z
UgxIwM8sgimJ_GgoMd14AaABAg,,False,@givemefever9969,노래 벌써 너무좋다 ㅠㅠㅠ,0,2020-03-19T15:07:17Z,2020-03-19T15:07:17Z
Ugz_uxYvJMJC6EHTeAd4AaABAg,,False,@kamj5220,exactly,0,2020-03-19T15:07:17Z,2020-03-19T15:07:17Z
Ugy0Bn5_11gMyJFpl154AaABAg,,False,@tokito5052,قطنة,0,2020-03-19T15:07:17Z,2020-03-19T15:07:17Z
UgyNZ0MF7hZLd8DIVBp4AaABAg,,False,@tracyapaza3641,Awww hermosura de dios ❣🥰,0,2020-03-19T15:07:15Z,2020-03-19T15:07:15Z
Ugya-w_ha4RD9FnQNDR4AaABAg,,False,@nurrahmat800,"Uri leader, fighting !!!",0,2020-03-19T15:07:15Z,2020-03-19T15:07:15Z
Ugy8Oewl2mVSr8mQZUV4AaABAg,,False,@weare1951,King is comingg,0,2020-03-19T15:07:14Z,2020-03-19T15:07:14Z
UgynaGG3dJ7y-LIprVt4AaABAg,,False,@chriselledana,❤🌊,0,2020-03-19T15:07:13Z,2020-03-19T15:07:13Z
UgzdWyrVjE5UHHjktSh4AaABAg,,False,@saharabbasi8276,i love suho,0,2020-03-19T15:07:13Z,2020-03-19T15:07:13Z
Ugxtj2qFSdznsjAlnEZ4AaABAg,,False,@exo-lweareone4437,:),0,2020-03-19T15:07:10Z,2020-03-19T15:07:10Z
UgxqSS2t1gChMOx0pH14AaABAg,,False,@jun_emma,I really love you so much!!!!!!! I'm so proud of you my boy!!!! I will be here waiting for your amazing album,0,2020-03-19T15:07:10Z,2020-03-19T15:07:10Z
UgwkxaYN-epnwoGNU4N4AaABAg,,False,@김경민-s1z4o,신이주신 미모 신이주신 음색으로 준면이 솔로 앨범 대박나자 말해 뭐해 언제나 응원할게,0,2020-03-19T15:07:10Z,2020-03-19T15:07:10Z
UgyulFbyF2zdBfZqH054AaABAg,,False,@soukainaait5314,"I like what I'm seeing
I like what I'm hearing",2,2020-03-19T15:07:08Z,2020-03-19T15:07:08Z
UgzxsonBxckQ3a24qnV4AaABAg,,False,@user-ev2rr5mr1o,_junmyeon_,1,2020-03-19T15:07:08Z,2020-03-19T15:07:21Z
UgyxvY1WhZ_NdOwYDbp4AaABAg,,False,@hy8499,김수호 미친듯이 사랑해ㅠㅜㅜㅜㅜ,1,2020-03-19T15:07:07Z,2020-03-19T15:07:07Z
UgwZPuZlIJ8ACs5TyIZ4AaABAg,,False,@graciaaurelia6125,WOW JUST WOWW,0,2020-03-19T15:07:07Z,2020-03-19T15:07:07Z
UgzyrMMnJhDwbMSfZMl4AaABAg,,False,@blackspyritymk6937,😍😍😍😍😍😍😍😍,0,2020-03-19T15:07:07Z,2020-03-19T15:07:07Z
UgzeMi3q-VGXsDiU6lN4AaABAg,,False,@ten2112,SIR YOU ARE SO BEAUTIFUL,0,2020-03-19T15:07:06Z,2020-03-19T15:07:06Z
UgzRwwfujjQcpfysp9d4AaABAg,,False,@mariaguadalupehernandezvil4133,Lo mas HERMOSO 🌎❤,0,2020-03-19T15:07:05Z,2020-03-19T15:07:05Z
UgxcDE0SlQ3NTvd88Ml4AaABAg,,False,@chogirox,que Arteeeeeeeee✨ AAAAAAAA,0,2020-03-19T15:07:04Z,2020-03-19T15:07:04Z
UgzdnKUcRPzJSnnRqy14AaABAg,,False,@hanakim6087,Exo-l ECUADOR,0,2020-03-19T15:07:04Z,2020-03-19T15:07:04Z
Ugz_cKQ0QByjBODumi14AaABAg,,False,@제시카-b9l,LEGIT CRYING BECAUSE I JUST KNOW THIS IS GONNA BE MY FAVORITE,0,2020-03-19T15:07:04Z,2020-03-19T15:07:04Z
UgwgFk9Uq1ugJVT7eVd4AaABAg,,False,@x_yoonasoo7978,يماااااا جاي يقتل البشرية بجماله,0,2020-03-19T15:07:03Z,2020-03-19T15:07:03Z
UgyUKibr6BeK01Pk-YB4AaABAg,,False,@gabrielaespana5806,Te amamos bello y talentoso líder.🥺💖💖💖💖💖,0,2020-03-19T15:07:03Z,2020-03-19T15:07:03Z
UgzGhzwHqxJcbfowcVJ4AaABAg,,False,@가수개구리숑,존잘이야~,1,2020-03-19T15:07:03Z,2020-03-19T15:07:03Z
Ugxr-i5KBub9EqvZOxp4AaABAg,,False,@fatintaufik3152,THE FINEST MAN EVER!!,1,2020-03-19T15:07:01Z,2020-03-19T15:07:01Z
UgxO21IQ6roZdAXTLVR4AaABAg,,False,@fatimarosario9055,WWAAAHHHHH!!! JUNMYEON-AAAHHHHHH!!!😍,0,2020-03-19T15:07:01Z,2020-03-19T15:07:01Z
Ugyn_hbqvRPYJLdK43J4AaABAg,,False,@exobaekhyun5708,Suho l love you,0,2020-03-19T15:06:59Z,2020-03-19T15:06:59Z
Ugzi8MwkBOz7x5vbTUB4AaABAg,,False,@meilyndazulfani1957,Cinta bangett gua sama Suho 😘,0,2020-03-19T15:06:59Z,2020-03-19T15:06:59Z
UgwHq1qkFJFmMAC1x854AaABAg,,False,@haru-y7y,تم الجلط بنجاح,0,2020-03-19T15:06:58Z,2020-03-19T15:06:58Z
UgyjpkhGMn0Iz2SJb054AaABAg,,False,@lalhriatzualipb312,Kan hmangaih bur che,0,2020-03-19T15:06:58Z,2020-03-19T15:06:58Z
UgxV9Rb-xSbXoAASxDR4AaABAg,,False,@saharabbasi8276,i love exo,0,2020-03-19T15:06:58Z,2020-03-19T15:06:58Z
UgxQIhShoAaCFi6WSJx4AaABAg,,False,@ronjerickotolentino,Gwapo oh ..Looking forward for self portrait album,0,2020-03-19T15:06:58Z,2020-03-19T15:06:58Z
UgyWWl75WzBmhm-pJEx4AaABAg,,False,@bbim0506,준면이의 눈속에 빠져든다,0,2020-03-19T15:06:57Z,2020-03-19T15:06:57Z
UgxxIIxghVXKXmo7dVt4AaABAg,,False,@lyothicam5690,"the first video was with water, and now it's with sand.",0,2020-03-19T15:06:57Z,2020-03-19T15:06:57Z
UgyPYcCXK1iCX2xM0_94AaABAg,,False,@gayatri1034,"beb,i love you from bali",0,2020-03-19T15:06:57Z,2020-03-19T15:06:57Z
UgxR2rM_Er-c6-qzQs14AaABAg,,False,@aisahmustafa,I wanna start painting portrait of him now :(((,0,2020-03-19T15:06:55Z,2020-03-19T15:06:55Z
UgzdKgd4fRE9Bw2giJh4AaABAg,,False,@nonikndolu8834,Suholkay ❤️,0,2020-03-19T15:06:55Z,2020-03-19T15:06:55Z
UgxMj9D7yH0d4unKpFF4AaABAg,,False,@itsrifale7141,بنات حملة exoltors سووا ستريم للتيسر الجديد هم!,0,2020-03-19T15:06:55Z,2020-03-19T15:06:55Z
Ugx71ySuZ--id0vb25l4AaABAg,,False,@ohwormimuglybug,*AETHETIC JUNMYEON IS EVERYTHING* *UwU*,0,2020-03-19T15:06:55Z,2020-03-19T15:06:55Z
UgzNb2PJu6vG6DPr9EJ4AaABAg,,False,@atulalemtur1540,Sarangnge💚💕💕from NAGALAND,0,2020-03-19T15:06:55Z,2020-03-19T15:06:55Z
UgzGoQGCFxwoH2KM8IV4AaABAg,,False,@renzphilipedquila4800,OMG mah heart suho,0,2020-03-19T15:06:54Z,2020-03-19T15:06:54Z
Ugx3eD2zEOiu2bqOIUd4AaABAg,,False,@shahedalsoliman7606,♥️♥️♥️,0,2020-03-19T15:06:54Z,2020-03-19T15:06:54Z
UgwrdEfmZ19iPWaIxwp4AaABAg,,False,@nenasawitchywitch,❤❤❤,0,2020-03-19T15:06:54Z,2020-03-19T15:06:54Z
Ugx1Fk2gFe2S0-IhuzB4AaABAg,,False,@CG-ow4gi,WHY ARE YOU SO HANDSOME?,0,2020-03-19T15:06:54Z,2020-03-19T15:06:54Z
UgwdWu1FWuMt_JOLAa14AaABAg,,False,@baekbaekhyun2256,I'm dead😳😳😳,0,2020-03-19T15:06:53Z,2020-03-19T15:06:53Z
UgwhyaYfOcSA1xegQOp4AaABAg,,False,@cattleyaiskandar505,WE ARE READYYYY,0,2020-03-19T15:06:52Z,2020-03-19T15:06:52Z
UgzN2xoQBoMC2fTdTJt4AaABAg,,False,@bluejaemm8904,Handsome guy,0,2020-03-19T15:06:50Z,2020-03-19T15:06:50Z
UgzB7EXwUKkyMpDFNtd4AaABAg,,False,@maryelize,I CAN'T WAIT!!!!,0,2020-03-19T15:06:49Z,2020-03-19T15:06:49Z
UgxEbqlMr2e667uWn8d4AaABAg,,False,@ڤينوس-غ5ك,لا ترى زودوها السالفة شنو  هذاالجمال,0,2020-03-19T15:06:49Z,2020-03-19T15:06:49Z
UgysbTHPTuK-Eum0x-Z4AaABAg,,False,@aditia7032,Leader😍,0,2020-03-19T15:06:49Z,2020-03-19T15:06:49Z
Ugz4_kRuwylGGIkY_LJ4AaABAg,,False,@dollbeauty3400,He is our saver🤴🤴,0,2020-03-19T15:06:48Z,2020-03-19T15:06:48Z
UgyeqTVdCkyAUqm2vrt4AaABAg,,False,@juejueexol6044,I love you❤,0,2020-03-19T15:06:48Z,2020-03-19T15:06:48Z
UgyuYkzCQzrLGUtc_tp4AaABAg,,False,@miaomiao156,Gans💕,0,2020-03-19T15:06:47Z,2020-03-19T15:06:47Z
Ugx_89vSYPyE4NLgwzd4AaABAg,,False,@Its_mema3,"عمرررييي الجمااال فدددوووااا
هثخصكثتعثخبكلتقغثميرياسغثحجصضخثغغينبنبابنبملتلنبخققمتل",8,2020-03-19T15:06:46Z,2020-03-19T16:01:11Z
Ugx_89vSYPyE4NLgwzd4AaABAg.96OMkAhJJWs96ONzTacsQl,Ugx_89vSYPyE4NLgwzd4AaABAg,True,@adan-so8gi,بدوون ايموجي بليزز يجمد المشاهداات,2,2020-03-19T15:17:36Z,2020-03-19T15:17:36Z
Ugx_89vSYPyE4NLgwzd4AaABAg.96OMkAhJJWs96OSz7sIsEr,Ugx_89vSYPyE4NLgwzd4AaABAg,True,@Its_mema3,@@adan-so8gi مسحته,0,2020-03-19T16:01:14Z,2020-03-19T16:01:14Z
Ugxr79gWd4Jpul632_R4AaABAg,,False,@jeje-k9m,"بيتعقم الكيبوب
بينزل اول البوم لالطف وانقى كائن
بنحس بالحب مع سوهو",2,2020-03-19T15:06:46Z,2020-03-19T15:28:02Z
Ugxr79gWd4Jpul632_R4AaABAg.96OMk8iw1PL96OOGpLGWwc,Ugxr79gWd4Jpul632_R4AaABAg,True,@exolforaver3335,اذا كنتي تبين تدعميه احذفي الاموجي,0,2020-03-19T15:20:06Z,2020-03-19T15:20:06Z
Ugxr79gWd4Jpul632_R4AaABAg.96OMk8iw1PL96OOGt5VKto,Ugxr79gWd4Jpul632_R4AaABAg,True,@кмун-ш3у,بليز حذفي الايموجي لان تجمد المشاهدات,0,2020-03-19T15:20:06Z,2020-03-19T15:20:06Z
Ugxr79gWd4Jpul632_R4AaABAg.96OMk8iw1PL96OPDuy5i9J,Ugxr79gWd4Jpul632_R4AaABAg,True,@jeje-k9m,@@кмун-ш3у اوك شكرا على التذكير💜,0,2020-03-19T15:28:26Z,2020-03-19T15:28:26Z
UgxhBdTtrUuyzu7W_Yl4AaABAg,,False,@lizzyli3196,I'm really looking forward to it， Have you been looking forward to it for a long time? SUHO also made careful preparation for this!,2,2020-03-19T15:06:46Z,2020-03-19T15:06:46Z
UgwkEEskh0B49nMAlxl4AaABAg,,False,@windaputriannasya655,I Love You Kim Jung Myeon and EXO 🥰🥰🥰🥰🥰🥰💚💚💚💚,0,2020-03-19T15:06:45Z,2020-03-19T15:06:45Z
UgyBnwPbcaieWiljsxh4AaABAg,,False,@keyyy3897,Gantengg banget sih suami akuu love dehhh,0,2020-03-19T15:06:45Z,2020-03-19T15:06:45Z
UgxvgTzDggbjD5bfg-54AaABAg,,False,@besan1251,"0:06
؟؟؟؟
اوكك انا شو قاعدد بصييرر فييي
خلااصص سوهوووو تراا كاي وكيونغسوو بغارووو عليي",16,2020-03-19T15:06:43Z,2020-03-19T15:45:34Z
UgxvgTzDggbjD5bfg-54AaABAg.96OMjq-hVeA96ONRqgDGCy,UgxvgTzDggbjD5bfg-54AaABAg,True,@exolforaver3335,يرحم جدك احذفي الاموجي تجمد المشاهداتتت,2,2020-03-19T15:12:52Z,2020-03-19T15:12:52Z
UgxvgTzDggbjD5bfg-54AaABAg.96OMjq-hVeA96ONW1zHM-4,UgxvgTzDggbjD5bfg-54AaABAg,True,@freepalestine3694,بليز احذفي الايموجي بجمد مشاهدات,2,2020-03-19T15:13:26Z,2020-03-19T15:13:26Z
UgxvgTzDggbjD5bfg-54AaABAg.96OMjq-hVeA96ONYqMR-d9,UgxvgTzDggbjD5bfg-54AaABAg,True,@bangtanbts1026,انقلعي كاي  إلى وحدي فهمتي ولا اجي افهمك👿👿,3,2020-03-19T15:13:49Z,2020-03-19T15:13:49Z
UgxvgTzDggbjD5bfg-54AaABAg.96OMjq-hVeA96OO3KeEp_W,UgxvgTzDggbjD5bfg-54AaABAg,True,@zona.1234,I don't know what you are saying but imma just like your comment,1,2020-03-19T15:18:15Z,2020-03-19T15:18:15Z
UgxvgTzDggbjD5bfg-54AaABAg.96OMjq-hVeA96OOWOcawVb,UgxvgTzDggbjD5bfg-54AaABAg,True,@loveshot5079,"@@bangtanbts1026 
لسا في ناس مثلك ب 2020 وتف",1,2020-03-19T15:22:13Z,2020-03-19T15:22:13Z
Ugw6q7f9AJSss1qBBXp4AaABAg,,False,@samyyysalaminho,"Oh my God, I'm looking forward",0,2020-03-19T15:06:43Z,2020-03-19T15:06:43Z
UgwjIWpXRLJW3c0902Z4AaABAg,,False,@Badibooo,"ESSE HOMEM É TÃO GATO MAIS TÃO GATO,QUE SE EU SENTA-SE NEM UM GUINDASTE ME TIRAVA DE CIMA",1,2020-03-19T15:06:43Z,2020-03-19T15:06:43Z
UgxtXTyf6fQBVJK6O3R4AaABAg,,False,@saharabbasi8276,exo love,0,2020-03-19T15:06:43Z,2020-03-19T15:06:43Z
UgwXZLy0IisoVcp1xO54AaABAg,,False,@larauchiha1,KIM JUNMYEON 😭😭😭😭😭😭😭😭😭😭😭😭😭😭💙💙💙💙💙💙💙💙,0,2020-03-19T15:06:42Z,2020-03-19T15:06:42Z
UgxL2G_LMEvFPkzMfjR4AaABAg,,False,@jeorop2423,💓💓💓,0,2020-03-19T15:06:42Z,2020-03-19T15:06:42Z
UgxJeJQLwZ-3yl3Ql-14AaABAg,,False,@xueyang00,PERFECT OMG,0,2020-03-19T15:06:42Z,2020-03-19T15:06:42Z
UgyMGKBXD9PcADP6JoN4AaABAg,,False,@-midari.1496,احبهه يناااس.،,0,2020-03-19T15:06:41Z,2020-03-19T15:06:41Z
UgxLvuxuYfcrbUhb9tZ4AaABAg,,False,@omlinasan1993,🐰🎨,0,2020-03-19T15:06:40Z,2020-03-19T15:06:40Z
Ugym47781PDSxN4te-94AaABAg,,False,@wafaase8042,I am so excited 🥰,0,2020-03-19T15:06:39Z,2020-03-19T15:06:39Z
UgwNmuOZE5pr8IMaWjp4AaABAg,,False,@Indahipw,"Nikmat Tuhan mana lagi yang kau dustakan ndah , Ya Allah cakep banget jodoh orang 😍😍",0,2020-03-19T15:06:39Z,2020-03-19T15:06:39Z
Ugx5OUJhVzmErxNsan54AaABAg,,False,@panahsaadat5550,سوهویا... بینظیرم مرسییی,0,2020-03-19T15:06:38Z,2020-03-19T15:06:38Z
UgwFBafm6T_yt_Q8gnN4AaABAg,,False,@sergeantpi7966,It's like a movie,0,2020-03-19T15:06:38Z,2020-03-19T15:06:38Z
UgxaeNlJl9-XoATW_r94AaABAg,,False,@kroO3io_,하 김준면 사랑해,0,2020-03-19T15:06:36Z,2020-03-19T15:06:36Z
UgwNusVmNNpDnolMFXR4AaABAg,,False,@rania5134,ااااااا يا قلبييييي❤️❤️❤️❤️❤️❤️❤️❤️,0,2020-03-19T15:06:36Z,2020-03-19T15:06:36Z
Ugy3CwpIwGvKqASQVfB4AaABAg,,False,@jeno8450,So perfect💯✨ 🥰,0,2020-03-19T15:06:36Z,2020-03-19T15:06:36Z
Ugw64ndjuvrL96Ll1GB4AaABAg,,False,@ilacantik6594,Semangat  suho,0,2020-03-19T15:06:36Z,2020-03-19T15:06:36Z
Ugwa-cK_SUMsQ8IdG3d4AaABAg,,False,@시영-d5w,거기 루브르 박물관이죠? 조각상이 움직여요... 조각상이 노래를 해요... 잡아가세요 빨리,0,2020-03-19T15:06:35Z,2020-03-19T15:06:35Z
UgzzTJzHAPIKCh9eT294AaABAg,,False,@rehamswadi,هذا احلى البوم بكل الفينوتسعطش ونقطة😎,1,2020-03-19T15:06:34Z,2020-03-19T15:06:34Z
UgzzTJzHAPIKCh9eT294AaABAg.96OMikU5ZgF96OOW8Thh9g,UgzzTJzHAPIKCh9eT294AaABAg,True,@кмун-ш3у,بليز حذفي الايموجي,0,2020-03-19T15:22:11Z,2020-03-19T15:22:11Z
UgzzTJzHAPIKCh9eT294AaABAg.96OMikU5ZgF96OOlZ4aqCf,UgzzTJzHAPIKCh9eT294AaABAg,True,@rehamswadi,@@кмун-ш3у يا الله هو تيزر عل امفي ابلش احذف اسع خلوني آخذة راحتي😭,0,2020-03-19T15:24:26Z,2020-03-19T15:24:26Z
Ugz6l0ha_6Ty54rJKG14AaABAg,,False,@saharabbasi8276,exo exo,0,2020-03-19T15:06:34Z,2020-03-19T15:06:34Z
UgwxAblvkAD9rNWSgP14AaABAg,,False,@syifahilmisalsabila2347,Bening banget jodoh oranggg,0,2020-03-19T15:06:32Z,2020-03-19T15:06:32Z
UgzS8UmI6TF1kFye8lZ4AaABAg,,False,@CG-ow4gi,GO LEADERNIM. SO HANDSOME AND TALENTED! I LOVE YOU JUNMYEON! HAIL TO THE LEGEND.,0,2020-03-19T15:06:32Z,2020-03-19T15:06:32Z
UgxC3I4ghHfMIT7eT8l4AaABAg,,False,@minamina-jm7tx,سبحان الله انت لو شارد من مصنع الكيك لو شارد من مصنع الكيك يعني اني بحياتي كلها ما شفت بشر حلو لهاي الدرجة طول و اناقة و حواجب براقة انت اكيد امك نحلة حتى جابت هذا العسل,1,2020-03-19T15:06:31Z,2020-03-19T15:24:23Z
UgxC3I4ghHfMIT7eT8l4AaABAg.96OMiM8U-rS96OOMpvxveY,UgxC3I4ghHfMIT7eT8l4AaABAg,True,@кмун-ш3у,بليز حذفي الايموجي يجمد المشاهدات,0,2020-03-19T15:20:55Z,2020-03-19T15:20:55Z
UgxC3I4ghHfMIT7eT8l4AaABAg.96OMiM8U-rS96OOkDs3NnB,UgxC3I4ghHfMIT7eT8l4AaABAg,True,@minamina-jm7tx,@@кмун-ш3у  حذفته,0,2020-03-19T15:24:15Z,2020-03-19T15:24:38Z
UgyLFlfRPrvIEt4_xJp4AaABAg,,False,@muhammadilhamkham7737,Orang tamvan.,0,2020-03-19T15:06:31Z,2020-03-19T15:06:31Z
UgwXxCbHh_zDu6vS6N54AaABAg,,False,@salma-l1440,اخخخخ متحمسسةسسةةسةسةسةس,0,2020-03-19T15:06:31Z,2020-03-19T15:06:31Z
UgxulH6xUzIkFvTWuDp4AaABAg,,False,@wafaase8042,omg,0,2020-03-19T15:06:30Z,2020-03-19T15:06:30Z
UgzRDcueMCDeLCmI3SJ4AaABAg,,False,@saraamimar2494,Pefection,0,2020-03-19T15:06:30Z,2020-03-19T15:06:30Z
Ugy92gXjJ6zmD3QyRcZ4AaABAg,,False,@f_exo_f1275,رح اصير سوهو  ستان😢😍,0,2020-03-19T15:06:30Z,2020-03-19T15:06:30Z
UgynNWlNajvdp8ylWct4AaABAg,,False,@shalinisasankan,Thank you for this. 😍😍,0,2020-03-19T15:06:28Z,2020-03-19T15:06:28Z
UgwbSKzM7v3kn8JB25t4AaABAg,,False,@seham6140,اخخ شو هلجمال,1,2020-03-19T15:06:28Z,2020-03-19T15:06:58Z
UgzFWfOGp-sCeJzpb9R4AaABAg,,False,@짱짱-n1g,개오지는 비주얼...,0,2020-03-19T15:06:27Z,2020-03-19T15:06:27Z
UgxyEGbGkkYOQlxtZC54AaABAg,,False,@exoxoeris8837,Please stay safe everyone!!,0,2020-03-19T15:06:26Z,2020-03-19T15:06:26Z
UgxdUgoPahV8RqAYjyp4AaABAg,,False,@friendzzz8102,( ˘ ³˘)♥,0,2020-03-19T15:06:26Z,2020-03-19T15:06:26Z
UgxIM6SB3Sro9gwqsZx4AaABAg,,False,@ilacantik6594,Love you exo,0,2020-03-19T15:06:26Z,2020-03-19T15:06:26Z
UgyKFdAv74bXeDdwi6N4AaABAg,,False,@inayasefriana823,PARAH WOI BENING BGT😭,0,2020-03-19T15:06:25Z,2020-03-19T15:06:25Z
UgxbH_gTVCUbzsuxA8F4AaABAg,,False,@melanybeltran5497,TE AMO MUCHO SUHO SALUDOS DESDE COLOMBIA BARRANQUILLA ATLÁNTICO💕💕💕💕💕💕,1,2020-03-19T15:06:24Z,2020-03-19T15:06:24Z
UgxbH_gTVCUbzsuxA8F4AaABAg.96OMhSIbwrC96ONuQPW_Lz,UgxbH_gTVCUbzsuxA8F4AaABAg,True,@ssss-ir5my,delete emoje,0,2020-03-19T15:16:54Z,2020-03-19T15:16:54Z
Ugy2uOvY3AowcX5ENA94AaABAg,,False,@n_p8402,❤️❤️❤️❤️,0,2020-03-19T15:06:24Z,2020-03-19T15:06:24Z
UgyCHOoCvQL9N0Ivmb94AaABAg,,False,@panahsaadat5550,6تا دنیای متفاوت از لیدری.... درسته؟ عاشقتم..,0,2020-03-19T15:06:23Z,2020-03-19T15:06:23Z
UgzcwDF0oiM35Vp3uCt4AaABAg,,False,@user-sj4mj9jr2l,شكد احبك,0,2020-03-19T15:06:23Z,2020-03-19T15:06:23Z
UgxO1gQBJiFL6-YBu9p4AaABAg,,False,@user-ajiaji,존잘 존잘 존잘 존잘 존잘 존잘 존잘존잘존잘존잘존잘존잘 ㅠㅠ,1,2020-03-19T15:06:23Z,2020-03-19T15:06:23Z
Ugy8aQ5gT7DjqwlHHDt4AaABAg,,False,@임나리-l2o,진짜 말도안돼............진짜 오빠 어쩜 이래요.....? 와 갓준멘.....진짜 세계최고미남......나죽어ㅠㅠㅠㅠㅠㅠㅠㅠㅠㅠㅠ,0,2020-03-19T15:06:23Z,2020-03-19T15:06:23Z
UgwdoapPYfPAKqUTbvp4AaABAg,,False,@salma-l1440,سلم على شانيول وكاي وسيهون و بيكهيون و شين و زوجته,0,2020-03-19T15:06:22Z,2020-03-19T15:06:22Z
Ugx3MVV3wBVAmeKVObh4AaABAg,,False,@delluna9741,We are waiting for a new masterpiece. Where are you so handsome?～♡ 우리는 새로운 걸작을 기다리고 있습니다. 사랑해 (*♡∀♡),2,2020-03-19T15:06:22Z,2020-03-19T15:08:54Z
UgxEEF49koaicWm6xC54AaABAg,,False,@동화속환상,아니 아 와 사람이 어떻게 저렇게 영롱하게 생길 수가 있지..?,0,2020-03-19T15:06:21Z,2020-03-19T15:06:30Z
UgwNtQlPG-8XmBcahFp4AaABAg,,False,@khausalya0811,I couldn't take my eyes of him😍😍🐰🐰,0,2020-03-19T15:06:21Z,2020-03-19T15:06:31Z
UgzUCEvWx2srB5pvirF4AaABAg,,False,@ArlonYeh,"Let's Love !
사랑하자 💙
Suho fighting !!!!",0,2020-03-19T15:06:21Z,2020-03-19T15:06:21Z
Ugx65uYNTNT4q-AbQZd4AaABAg,,False,@ilacantik6594,Love you ledder,0,2020-03-19T15:06:20Z,2020-03-19T15:06:20Z
UgxaJbp9uvAyBPRzp6Z4AaABAg,,False,@hhi1304,아직 노래는 안 나왔지만 청춘을 같이 걷고 있는 우리한테 잘 어울리는 비트야 벅차,0,2020-03-19T15:06:20Z,2020-03-19T15:06:20Z
UgzUbjAt8NXV8oiRVgp4AaABAg,,False,@aeriatina865,"My heart is too weak to take this!!
#weareoneEXO #EXO",0,2020-03-19T15:06:20Z,2020-03-19T15:06:20Z
UgwbwvufdeDdF6p2QKl4AaABAg,,False,@saharabbasi8276,suho exo,0,2020-03-19T15:06:19Z,2020-03-19T15:06:19Z
UgypaqFjRlaWejTESdh4AaABAg,,False,@-midari.1496,소후 luv u.,0,2020-03-19T15:06:19Z,2020-03-19T15:06:19Z
UgxKlceMi38CCdY3Ybt4AaABAg,,False,@ediedarling,Ooh goodness SUHO 😍,0,2020-03-19T15:06:18Z,2020-03-19T15:06:18Z
Ugx4W8omYEKoCI7EGV14AaABAg,,False,@creamxiuda99,AAAAAAAAAAAAAAARRRTEEEEEEEEEEEEEEEEE,0,2020-03-19T15:06:18Z,2020-03-19T15:06:18Z
UgwYH-wXSB_z90iJ2vx4AaABAg,,False,@elfmoonlight2981,Hwaitinggg oppa ♥️,0,2020-03-19T15:06:18Z,2020-03-19T15:06:18Z
UgwxjbAuZPF9X_7x90p4AaABAg,,False,@f_exo_f1275,شنو هذااا😢😍,0,2020-03-19T15:06:18Z,2020-03-19T15:06:18Z
Ugx3wYemHiMiMTdc3iR4AaABAg,,False,@규-o3x,준면아 진짜 넘 기대된다ㅠㅠㅠㅠㅠㅠㅠㅠㅠ30일 언제와,0,2020-03-19T15:06:15Z,2020-03-19T15:06:15Z
UgydSsKPKWVQa_-Wscp4AaABAg,,False,@dilankaya3374,I can't wait 😭,0,2020-03-19T15:06:15Z,2020-03-19T15:06:15Z
UgzFYkUCBuFB7_eheSR4AaABAg,,False,@missk6564,"For me this is being early. I've never been that early to an EXO video. ❤😭 I hope Suho is well, take care y'all.",0,2020-03-19T15:06:15Z,2020-03-19T15:07:22Z
UgwHXWlxN76zJ9bOsOt4AaABAg,,False,@seham6140,اخخ شو هل الجمال,0,2020-03-19T15:06:14Z,2020-03-19T15:06:14Z
UgxVJu3zx_u2wcU2yvh4AaABAg,,False,@cristalcastillo4642,"How awesome youtube indeed. Upon opening the app, you're the forst thing to play mamiiii! Iloveyou 💕",0,2020-03-19T15:06:14Z,2020-03-19T15:06:14Z
Ugx-zFz8uCHN4xukqOx4AaABAg,,False,@berthamoriska6280,SO PRETTY😭❣,0,2020-03-19T15:06:14Z,2020-03-19T15:06:14Z
UgzmtitOwKkTwrZL4m14AaABAg,,False,@408dream,THE INSTRUMENTAL SOUNDS SOOO GOOD,0,2020-03-19T15:06:13Z,2020-03-19T15:06:13Z
UgzjHNBI2JcmPIbuyIB4AaABAg,,False,@ayahere8170,ملك الجمال ملك الجمال اجمل ما خلق ربي اجمل كائن بالدنيا انت واخوانك الثمانيه,15,2020-03-19T15:06:13Z,2020-03-19T15:06:13Z
UgzjHNBI2JcmPIbuyIB4AaABAg.96OMg9ud7Oo96OOAjwQl6P,UgzjHNBI2JcmPIbuyIB4AaABAg,True,@exolforaver3335,تقصدي ال 11 لاتنسي ابد الاعضاء السابقين نضل واحد للابد مهما تفككنا,1,2020-03-19T15:19:16Z,2020-03-19T15:19:16Z
UgxPzy7myWQXsbWU7fd4AaABAg,,False,@nurrohmah5887,💖,0,2020-03-19T15:06:13Z,2020-03-19T15:06:13Z
Ugwmk0Z17HshnGAxhBZ4AaABAg,,False,@exopisode,The only good thing so far in 2020! So excited!  ❤ ❤ ❤ ❤,0,2020-03-19T15:06:13Z,2020-03-19T15:06:13Z
UgzSxqes6nSLaNEwdNt4AaABAg,,False,@ilacantik6594,Love u suho,0,2020-03-19T15:06:12Z,2020-03-19T15:06:12Z
UgwEGg2YmGy-oHpSGPh4AaABAg,,False,@ชุตินันท์บรูณปรีชา,พี่ค่ะะะะะ😳😳,0,2020-03-19T15:06:11Z,2020-03-19T15:06:11Z
UgyK9JvRv5gfNJ7XDeF4AaABAg,,False,@amk2686,He's really an art!,0,2020-03-19T15:06:10Z,2020-03-19T15:06:10Z
Ugyyx2hKcWWRzSZ8UFx4AaABAg,,False,@vaneeza8558,Aesthetic as ALWAYS  !!,0,2020-03-19T15:06:10Z,2020-03-19T15:06:10Z
UgwcuLwuqcOjbEG33mB4AaABAg,,False,@swagdamla5499,You really handsome!,0,2020-03-19T15:06:09Z,2020-03-19T15:06:09Z
UgwkWsgb9_lLjWEZKAh4AaABAg,,False,@teophyespiritu,ART.,0,2020-03-19T15:06:07Z,2020-03-19T15:06:07Z
UgzTZ0_lFWRU3PlbzZ94AaABAg,,False,@ddcottonah124,اليوم مره ححلو واحسني محظوظه,0,2020-03-19T15:06:07Z,2020-03-19T15:06:07Z
UgxI0bAlvRervtt7glV4AaABAg,,False,@hanakim6087,Te amo,0,2020-03-19T15:06:07Z,2020-03-19T15:06:07Z
UgzLduwd6z658D44s4R4AaABAg,,False,@fatimamohamed9318,عااااااااااا ㅠㅠㅠㅠㅠㅠㅠㅠㅠㅠ KIM GORGEOUS MYEON ♡♡♡♡♡♡ ARABEXOL,0,2020-03-19T15:06:06Z,2020-03-19T15:06:06Z
UgxKMc-9sKrgdbRisBd4AaABAg,,False,@kimmine9943,"اوبا سوهو
ماما سوهو",1,2020-03-19T15:06:05Z,2020-03-19T15:06:05Z
UgyMBJoGg03vg6GR8oZ4AaABAg,,False,@alfi.syifaa,Sayanggg,0,2020-03-19T15:06:05Z,2020-03-19T15:06:05Z
UgyXnzqBA8FB22Acwwt4AaABAg,,False,@sellin9686,LET'S LOVE!,0,2020-03-19T15:06:05Z,2020-03-19T15:06:05Z
Ugw2JEid5JsxTBDLxAJ4AaABAg,,False,@f_exo_f1275,احسه رسمممم😢,0,2020-03-19T15:06:04Z,2020-03-19T15:06:04Z
Ugy5dNW9gMuI5NtH4M94AaABAg,,False,@jarilynescote820,Mamaaaaaaaaaaa <33333,0,2020-03-19T15:06:04Z,2020-03-19T15:06:04Z
UgxIX9I5nH13KOswDDV4AaABAg,,False,@lilo5605,"أكثر لحظة تكسر الخاطر 

لما تكون بالاختبار ويمر الإستاذ

من جنبك وتقعد تحاول تغطي

 أجوبتك بيدك عشان ما يشوف غباءك

مؤلمه
ARAB EXO- L(:",36,2020-03-19T15:06:03Z,2020-03-19T15:26:31Z
UgxIX9I5nH13KOswDDV4AaABAg.96OMexs_tFB96ON2CTL3s3,UgxIX9I5nH13KOswDDV4AaABAg,True,@exo-lforever4964,roro D.L.A ايييي صارتلي,1,2020-03-19T15:09:22Z,2020-03-19T15:09:22Z
UgxIX9I5nH13KOswDDV4AaABAg.96OMexs_tFB96ONJsS7w29,UgxIX9I5nH13KOswDDV4AaABAg,True,@freepalestine3694,احذفي الايموجي بليز بجمد المشاهدات,2,2020-03-19T15:11:47Z,2020-03-19T15:11:47Z
UgxIX9I5nH13KOswDDV4AaABAg.96OMexs_tFB96OP2e-i2DA,UgxIX9I5nH13KOswDDV4AaABAg,True,@lilo5605,حذفتو(:,1,2020-03-19T15:26:54Z,2020-03-19T15:26:54Z
UgzgwRtZjGTxaAsCWJp4AaABAg,,False,@paolasoliscardozo7018,Esperando con ansias la salida de tu álbum Suho😍💪,0,2020-03-19T15:06:02Z,2020-03-19T15:06:02Z
UgxFwC2GubfF7pOm-U14AaABAg,,False,@moasenla3339,Awww😘😘 So handsome Our Leadernim 😘😘 but Ayaaa..😭😭😭😭 we *Exo-ls* missed you so damn much Junomma😭😭 hope we can interact sooner on our future until then please stay save be healthy😘😘 we love you,0,2020-03-19T15:06:02Z,2020-03-19T15:06:47Z
UgzSULQWUWLXAIQpkVB4AaABAg,,False,@wabisabi890,Te amoo💖,0,2020-03-19T15:06:01Z,2020-03-19T15:06:01Z
UgxcAWBJytMsOMB7cfd4AaABAg,,False,@user-fx4je6nb3n,نعم يا سادة هذا هو الملك,4,2020-03-19T15:06:01Z,2020-03-19T15:20:07Z
UgxcAWBJytMsOMB7cfd4AaABAg.96OMeiHU0Jl96OO2Des52L,UgxcAWBJytMsOMB7cfd4AaABAg,True,@exolforaver3335,لخاطر ربنا احذفي الاموجي تجمد المشاهدات,1,2020-03-19T15:18:06Z,2020-03-19T15:18:06Z
UgxcAWBJytMsOMB7cfd4AaABAg.96OMeiHU0Jl96OOQimFgLT,UgxcAWBJytMsOMB7cfd4AaABAg,True,@user-fx4je6nb3n,Exol Foraver اوه انا ما انتبهت سوري,0,2020-03-19T15:21:27Z,2020-03-19T15:21:27Z
Ugx5GMXxomkxFo1dY3V4AaABAg,,False,@cindywlndri6162,GANTENG BANGET WOY!!!!,0,2020-03-19T15:06:01Z,2020-03-19T15:06:01Z
UgzJKA7EWqL7qc8LIT14AaABAg,,False,@kim3133,Perfetc perfetc perfetc perfetc perfetc perfetc perfetc perfetc perfetc 💞,0,2020-03-19T15:06:00Z,2020-03-19T15:06:00Z
UgyB_TvGTMxJqxwNLOx4AaABAg,,False,@ma.mirasolmaunmacapinlac822,Sooooo handsomeee💕💕💕,0,2020-03-19T15:06:00Z,2020-03-19T15:06:00Z
UgyKE7R317MGfYg7fvx4AaABAg,,False,@hanakim6087,Precioso angel,0,2020-03-19T15:05:58Z,2020-03-19T15:05:58Z
UgzGnBmvWmnDbyxukch4AaABAg,,False,@assiav7627,رفقا بقلبي يا سوهو 😭😭💔❤❤,1,2020-03-19T15:05:58Z,2020-03-19T15:05:58Z
Ugx-U9RLp0ChL7P49Yp4AaABAg,,False,@dollbeauty3400,Our king,0,2020-03-19T15:05:58Z,2020-03-19T15:05:58Z
Ugya617ip6-V4SZOXvp4AaABAg,,False,@danis4860,EU TE AMOOOOOOOOOOOOOOOO,0,2020-03-19T15:05:56Z,2020-03-19T15:05:56Z
UgwEg3IGfiSPu4Y5IHB4AaABAg,,False,@ddcottonah124,بموت حححب,0,2020-03-19T15:05:56Z,2020-03-19T15:05:56Z
UgyYfm-SoAorzy4HD1Z4AaABAg,,False,@mariamtikriti,الغاني الي راح تنزل ناااااااار,0,2020-03-19T15:05:55Z,2020-03-19T15:05:55Z
UgyfsWY3nJTgq2o6iQR4AaABAg,,False,@saharabbasi8276,suhoooooo,0,2020-03-19T15:05:55Z,2020-03-19T15:05:55Z
Ugy97roh8SuWE49esXt4AaABAg,,False,@solaichen7820,يخواتي عمركو شفتو حد جميل زي كده,0,2020-03-19T15:05:55Z,2020-03-19T15:05:55Z
UgynMGe5YXa2m8NqnyZ4AaABAg,,False,@park_amira1998,😍😍😍😍😍,0,2020-03-19T15:05:54Z,2020-03-19T15:05:54Z
UgyRtD7R_5mpgj5Tq1l4AaABAg,,False,@LENA-ms8ts,قلبي جونميونن الله يحفظـه لناا ..,0,2020-03-19T15:05:53Z,2020-03-19T15:05:53Z
Ugx2AfXM-4HcW9rDnxN4AaABAg,,False,@sehunexo6766,he had and will always have a soft spot in my heart cause he was my first bias <3,0,2020-03-19T15:05:52Z,2020-03-19T15:05:52Z
UgyWQ107vakduuTxXEB4AaABAg,,False,@onimacaronni,OH I SO LOVE YOU SUHO 💙,0,2020-03-19T15:05:52Z,2020-03-19T15:05:52Z
UgwUTkSPnCjApmFouoR4AaABAg,,False,@camilatoasa3042,Es una obra de arte estoy llorando 😭😭😭😭,0,2020-03-19T15:05:50Z,2020-03-19T15:05:50Z
Ugz0JLqVheJJSzWih1N4AaABAg,,False,@nnn-by9bh,"#ARAB_EXOL
عرب لايك 
From Iraq",32,2020-03-19T15:05:49Z,2020-03-19T15:05:49Z
UgyJ3Tg8ooDbHxGvaOt4AaABAg,,False,@wansyazwanaa,SUHO THE AESTHETIC PRINCE,0,2020-03-19T15:05:49Z,2020-03-19T15:05:49Z
UgxMqAGoPemrMUKxWYR4AaABAg,,False,@hanakim6087,Eres un Ángel,0,2020-03-19T15:05:49Z,2020-03-19T15:05:49Z
Ugzqin6WQgDawMxV8ft4AaABAg,,False,@yukitty8785,SUHO🐰🌹✨Love 멋있다😍　ALBUMどっちが届くかな？😌💕楽しみ😊😘,0,2020-03-19T15:05:49Z,2020-03-19T15:05:49Z
Ugw1z9-UyThfrg3hUf14AaABAg,,False,@ku_ukiii,My heart is melting! I love him so much! I hope exols will stream hard when the mv comes out. SARANGHAJA(^～^),0,2020-03-19T15:05:49Z,2020-03-19T15:05:49Z
Ugx6CZx_XPYWfbAur4t4AaABAg,,False,@swagdamla5499,Suho I LOVE YOU,0,2020-03-19T15:05:48Z,2020-03-19T15:05:48Z
Ugza0mICviz-vsw-Xcd4AaABAg,,False,@el-savana7494,Suho oppa fighting😘😘😘😘😘😍😍😍😍😍😍😍,0,2020-03-19T15:05:48Z,2020-03-19T15:05:48Z
Ugw12z9zgnEQobrjKhh4AaABAg,,False,@shane2831,I'm so excited for your solo debut Junma..... Give him lots of love everyone 💞😍,0,2020-03-19T15:05:47Z,2020-03-19T15:05:47Z
UgyPeEVpHCY8atyIXu14AaABAg,,False,@yzmiere,I love it!!,0,2020-03-19T15:05:47Z,2020-03-19T15:05:47Z
UgztcIP0nVodvc6nLFl4AaABAg,,False,@cryformeTT,Cooool,0,2020-03-19T15:05:47Z,2020-03-19T15:05:47Z
Ugxh2FV7S46KK-zHxEF4AaABAg,,False,@lolapretty7140,"Suho = Perfection 
Why he is so perfect",0,2020-03-19T15:05:46Z,2020-03-19T15:05:46Z
UgwjxA3fuRxP6641Vnx4AaABAg,,False,@nutchalakapanitchakul6703,💙,0,2020-03-19T15:05:45Z,2020-03-19T15:05:45Z
UgzZuysbTGgsnLZiTCF4AaABAg,,False,@-midari.1496,"Suho yeahh 😭😭😭😭💛.,",0,2020-03-19T15:05:45Z,2020-03-19T15:05:45Z
UgwD1wlq-aB7Z5Rsr2Z4AaABAg,,False,@janee5404,TE AMOOOOOOOO,0,2020-03-19T15:05:45Z,2020-03-19T15:05:45Z
UgyIxB_2lQONDJJtRYl4AaABAg,,False,@parveenshaikh2980,Snowwhite,0,2020-03-19T15:05:45Z,2020-03-19T15:05:45Z
UgzSAuqnRomsuSph3-F4AaABAg,,False,@408dream,I LOVE YOU. I AM SO PROUD OF YOU.,0,2020-03-19T15:05:43Z,2020-03-19T15:05:43Z
Ugx1tRDqQfNt_3kR2cF4AaABAg,,False,@Mlv986,ESTOY ESPERANDO ESTE ÁLBUM CON TODA LA EMOCIÓN DEL MUNDO,0,2020-03-19T15:05:42Z,2020-03-19T15:05:42Z
UgwyvlSGTXV6J-fd1yl4AaABAg,,False,@criss_0818,Weeeeeeeeeeeeeeeeey,0,2020-03-19T15:05:41Z,2020-03-19T15:05:41Z
UgyJu4nFuMvfHGDh7LF4AaABAg,,False,@pebiiiiiiiiiii,My bunny😭❤️❤️🐇,0,2020-03-19T15:05:41Z,2020-03-19T15:05:41Z
Ugy6foxnwyjF-NIQDDd4AaABAg,,False,@gbdjoy,ilysm,0,2020-03-19T15:05:40Z,2020-03-19T15:05:40Z
UgwJAO7TetkFFsNKvxp4AaABAg,,False,@hanakim6087,Hermoso,0,2020-03-19T15:05:40Z,2020-03-19T15:05:40Z
UgxIZdZL7yok2o7aKyR4AaABAg,,False,@mariamtikriti,طبعا متحمسه كلش هم اغنيه لاي باجر,0,2020-03-19T15:05:40Z,2020-03-19T15:05:40Z
UgxzawD3oNIhkCMYVxt4AaABAg,,False,@panahsaadat5550,اکسو لتس لاااااااو^^,0,2020-03-19T15:05:40Z,2020-03-19T15:05:40Z
UgzftPND-3Mxezf5iGp4AaABAg,,False,@aliqsomewhere,LEADER-NIM!! SARANGHAJA!! 😘😘😘,0,2020-03-19T15:05:40Z,2020-03-19T15:05:40Z
UgzLPv176X5mGvStUUt4AaABAg,,False,@ran__5n,بموووت,0,2020-03-19T15:05:39Z,2020-03-19T15:05:39Z
Ugy_6rUVSWTnvDxGPx94AaABAg,,False,@Oliver12916,"EXO back pls 😢😩
Back to EXO-L",6,2020-03-19T15:05:39Z,2020-03-19T15:05:39Z
Ugy_6rUVSWTnvDxGPx94AaABAg.96OMbvp0bpq96ONvq0aMYJ,Ugy_6rUVSWTnvDxGPx94AaABAg,True,@ssss-ir5my,delete emoje,0,2020-03-19T15:17:06Z,2020-03-19T15:17:06Z
UgzRs9DcU1DnSTYAIDp4AaABAg,,False,@nurismawep1401,PASUKAN GERCEP WKWK,0,2020-03-19T15:05:38Z,2020-03-19T15:05:38Z
UgycqoNOiz1MEbzVNSl4AaABAg,,False,@erasula90,Im in love already ಥ‿ಥ,0,2020-03-19T15:05:38Z,2020-03-19T15:05:38Z
UgzJQQNfc_melm14W9l4AaABAg,,False,@ilaaliii,Suho is so handsome,0,2020-03-19T15:05:37Z,2020-03-19T15:05:37Z
UgyPgORHm6zR4ili2vB4AaABAg,,False,@mangomiaaa,He looks so calm and at peace 😍,0,2020-03-19T15:05:35Z,2020-03-19T15:05:35Z
UgzqZ9peFLgM7RDKoTp4AaABAg,,False,@rinchhani07,The best piece of art #Suho💗💗,1,2020-03-19T15:05:35Z,2020-03-19T15:05:35Z
UgxI7fZqQRbwOFs-hjR4AaABAg,,False,@christianandproud1306,"مين هنا اكسوالز وبيفتخر ♡

انا طبعا",70,2020-03-19T15:05:34Z,2020-03-19T16:03:35Z
UgxI7fZqQRbwOFs-hjR4AaABAg.96OMbQN1iRx96ON-PW5pYR,UgxI7fZqQRbwOFs-hjR4AaABAg,True,@nahlaahmed398,انا اكسوال❤❤,1,2020-03-19T15:08:59Z,2020-03-19T15:08:59Z
UgxI7fZqQRbwOFs-hjR4AaABAg.96OMbQN1iRx96ON5j9w1cn,UgxI7fZqQRbwOFs-hjR4AaABAg,True,@freepalestine3694,بدون ايموجي بجمد مشاهدات,3,2020-03-19T15:09:51Z,2020-03-19T15:09:51Z
UgxI7fZqQRbwOFs-hjR4AaABAg.96OMbQN1iRx96ONEkAMdcI,UgxI7fZqQRbwOFs-hjR4AaABAg,True,@exolforaver3335,يرحم جدك احذفي الاموجي تجمد المشااهدااتتتتتت,4,2020-03-19T15:11:05Z,2020-03-19T15:11:05Z
UgxI7fZqQRbwOFs-hjR4AaABAg.96OMbQN1iRx96ONiMC6TAS,UgxI7fZqQRbwOFs-hjR4AaABAg,True,@رحيقالورد-ض2ظ6س,اكسوال بدون ايموجي,3,2020-03-19T15:15:15Z,2020-03-19T15:15:15Z
UgxI7fZqQRbwOFs-hjR4AaABAg.96OMbQN1iRx96ONxBDGpa4,UgxI7fZqQRbwOFs-hjR4AaABAg,True,@user-cl6xo6cy7o,اناااا اكسوال,1,2020-03-19T15:17:17Z,2020-03-19T15:17:17Z
UgyuWIBFAn2EDRE69rl4AaABAg,,False,@ukhtyal1825,Papiku ganteng coyy,0,2020-03-19T15:05:34Z,2020-03-19T15:05:34Z
Ugzti9LUrhUwyJICUHx4AaABAg,,False,@baekkielu8154,NO PUEDO ESPERAR A VERLO ❤️❤️❤️,0,2020-03-19T15:05:34Z,2020-03-19T15:05:34Z
UgwOJTzo9eh-MJUcLdx4AaABAg,,False,@なゆう-j1y,存在が奇跡,0,2020-03-19T15:05:34Z,2020-03-19T15:05:34Z
Ugx1oVw3im4p3zZwcXF4AaABAg,,False,@mrti721,Te amo por la chucha❤😔😔,2,2020-03-19T15:05:34Z,2020-03-19T15:05:34Z
Ugw_ov3TZGwSG1Fj8Z94AaABAg,,False,@hedgehog3317,그냥 보고만 있어도 웃음이 나넿ㅎㅎㅎㅎㅎㅎㅎㅎㅎㅎㅎㅎㅎㅎㅎㅎㅎㅎㅎㅎㅎㅎㅎㅎㅎㅎㅎㅎㅎㅎㅎㅎㅎㅎㅎㅎㅎㅎㅎㅎㅎ,0,2020-03-19T15:05:33Z,2020-03-19T15:05:33Z
Ugyy3UUFGRxLX5wwW6F4AaABAg,,False,@kauansantos2118,OMG HE IS SO GAAAAY,0,2020-03-19T15:05:32Z,2020-03-19T15:05:32Z
Ugz5jyW0JqwTb9356WZ4AaABAg,,False,@saharabbasi8276,suho,0,2020-03-19T15:05:32Z,2020-03-19T15:05:32Z
UgyK02WMOdLAuoDAf3x4AaABAg,,False,@solaichen7820,i can't wait ❤❤❤❤,0,2020-03-19T15:05:32Z,2020-03-19T15:05:32Z
UgzlcaUMiaTmRi-Tk6R4AaABAg,,False,@triatitisan314,Tertampar visual😫🥰,0,2020-03-19T15:05:32Z,2020-03-19T15:05:32Z
UgyAWkE97cD3F2w920l4AaABAg,,False,@chiaraojeda5,TE AMO!!!!,0,2020-03-19T15:05:32Z,2020-03-19T15:05:32Z
UgyARZ4SX-zP1SUrXpt4AaABAg,,False,@hachiware920,すほちゃんかっこよすぎ！！,0,2020-03-19T15:05:31Z,2020-03-19T15:05:31Z
UgweKMxem4CeNC8q0zB4AaABAg,,False,@ainnafadul5078,"*video starts with an ad*
No one:

EXO-Ls: I LOVE IT ALREADY * murders the like button *",49,2020-03-19T15:05:31Z,2020-03-19T15:05:55Z
UgzkDbD5IQtpyH8eo894AaABAg,,False,@thuvo589,Suho<3,0,2020-03-19T15:05:30Z,2020-03-19T15:05:30Z
Ugzr30QPt0IVo31eDBd4AaABAg,,False,@-midari.1496,اطلققق ليدرر ان ذا عاالم.،,0,2020-03-19T15:05:30Z,2020-03-19T15:05:30Z
Ugz3K5PT0f5SRDfA2HR4AaABAg,,False,@gbdjoy,you're just like an angel,0,2020-03-19T15:05:28Z,2020-03-19T15:05:28Z
Ugxc7lp_z1ANhrP02Qd4AaABAg,,False,@ji_silver_____,ㅜㅜ ㅜㅜㅜㅜㅜ ㅜㅜㅜㅜㅡㅡㅡㅜㅜㅜㅜㅜㅜㅜㅜㅜㅜㅜㅜㅡㅜㅜㅜㅜㅜ 준면아 넘 이뻐 진짜 나 죽겟서 오빠 ㅜㅜㅜㅜㅜㅡㅜㅜㅠㅠㅠㅜㅡㅡㅜㅜㅜㅜㅜㅜㅜㅜㅜ 사람이 어떻게 이렇게 이쁘지 진짜 ㅠㅜㅜㅜㅜㅜㅜㅜㅜㅜㅜㅜㅜㅠㅠㅜㅡㅡㅡㅡㅡㅡㅜㅜㅜㅜㅜㅜ 어휴휴 오빠 사랑해 항상 난 오빠한테 진심이야 ㅜㅜㅜㅡㅡㅡㅜㅜㅠㅠㅠㅠㅜㅜㅡㅡㅠㅠㅠ,1,2020-03-19T15:05:28Z,2020-03-19T15:05:28Z
Ugzhfv59OMuaRCw5mKB4AaABAg,,False,@김둉글,이게 예술이다,1,2020-03-19T15:05:28Z,2020-03-19T15:05:28Z
UgyFX7dPqKZ004XWkop4AaABAg,,False,@paolasoliscardozo7018,😍😍😍😍🎊💪😍😍😍,0,2020-03-19T15:05:27Z,2020-03-19T15:05:27Z
UgwnJ6zJrkH7j8amHhB4AaABAg,,False,@dilankaya3374,OMG I LOVE YOU JUNMYEON,0,2020-03-19T15:05:27Z,2020-03-19T15:05:27Z
UgyzOsCnlr6CbhRjug54AaABAg,,False,@taniasanchez6422,Im so excited,0,2020-03-19T15:05:26Z,2020-03-19T15:05:26Z
UgzQ6pMsHpoGuFX_6Yh4AaABAg,,False,@zobaidaahmed9906,ااااااه,0,2020-03-19T15:05:26Z,2020-03-19T15:05:26Z
Ugw37hCYluOs85KblQ94AaABAg,,False,@farxny5200,Ahhhhhhh i'm die with this visual😭💓❤,0,2020-03-19T15:05:26Z,2020-03-19T15:05:26Z
Ugy4sFAYXrKA0idZvV54AaABAg,,False,@farrgrld6768,Ganteng nya suami🤪🥰,0,2020-03-19T15:05:25Z,2020-03-19T15:05:25Z
UgyDXIENjJBAOqc8C2h4AaABAg,,False,@panahsaadat5550,قربون اون تیپت.. قربون اون خالای صووورتت... گاد.. من به فدای بهترین لیدری دنیا,0,2020-03-19T15:05:25Z,2020-03-19T15:05:25Z
UgyaQwJbNQM7aYc-Sp14AaABAg,,False,@ddcottonah124,*فيديوهين ل قطنهه اليومم احسني ب الجنههه* :)))))))),0,2020-03-19T15:05:25Z,2020-03-19T15:05:25Z
UgwqjbRtyftso9UFXal4AaABAg,,False,@chiaraojeda5,PERFECT!!,0,2020-03-19T15:05:23Z,2020-03-19T15:05:23Z
UgwHtb-4LApzo7w5wql4AaABAg,,False,@비누-o6h,아너무사랑해 김준면ㅠㅠㅠㅠㅠㅠㅠㅠㅠ,0,2020-03-19T15:05:23Z,2020-03-19T15:05:23Z
UgxidXZ6el3TMZQfwy54AaABAg,,False,@nazninmubaiya2903,"No one:
Literally no one:
Exo-ls: *I am going to buy this album even if I have to sell my kidney😔*",168,2020-03-19T15:05:23Z,2020-03-19T15:05:23Z
UgxidXZ6el3TMZQfwy54AaABAg.96OMa0ZY09096ONwdDL6J2,UgxidXZ6el3TMZQfwy54AaABAg,True,@lennthokchom2558,Yassssssssssss!!!,2,2020-03-19T15:17:12Z,2020-03-19T15:17:12Z
UgxidXZ6el3TMZQfwy54AaABAg.96OMa0ZY09096OOT8P4JAv,UgxidXZ6el3TMZQfwy54AaABAg,True,@arpithass1199,What is the cost of the album just approximately?,2,2020-03-19T15:21:47Z,2020-03-19T15:21:47Z
UgxidXZ6el3TMZQfwy54AaABAg.96OMa0ZY09096OSQHqJqQz,UgxidXZ6el3TMZQfwy54AaABAg,True,@lennthokchom2558,@@arpithass1199Rs 3000 atmost..I think we always buy brand clothes or gifts for dear ones ....then why not their album? :))),1,2020-03-19T15:56:21Z,2020-03-19T15:56:21Z
UgyGjeIFyF-Ee-lp50t4AaABAg,,False,@earlgrey99-69,So beautiful and so so precious,0,2020-03-19T15:05:23Z,2020-03-19T15:05:23Z
UgyqLlL7KqkP66CNKs14AaABAg,,False,@hanaalkhateeb5099,PERFECTION,0,2020-03-19T15:05:22Z,2020-03-19T15:05:22Z
UgwbSVA3JIJVvo2NzpB4AaABAg,,False,@prakrittimaharjan8586,Love it ❤️ ❤️ ❤️,0,2020-03-19T15:05:22Z,2020-03-19T15:05:22Z
Ugycuvl2zvZBj7JQmsF4AaABAg,,False,@zobaidaahmed9906,يا اللهي وش هالجماال,0,2020-03-19T15:05:22Z,2020-03-19T15:05:22Z
Ugy-bGP48kpJ5ZbE4bl4AaABAg,,False,@julian0038,تطهير بصري😭💕💕💕💕,0,2020-03-19T15:05:20Z,2020-03-19T15:05:20Z
UgwPqKr7BZYvCijwj7Z4AaABAg,,False,@mariamtikriti,شنو هل جمال,0,2020-03-19T15:05:20Z,2020-03-19T15:05:20Z
UgxeKwyx24NPyUL8bLB4AaABAg,,False,@pinkx5889,Шикарноооо,0,2020-03-19T15:05:19Z,2020-03-19T15:05:19Z
Ugyqhnn_E0BqEY-2Uqh4AaABAg,,False,@-midari.1496,شنهلل جمال البيهه؟؟ سحرر گلبي :(! سحر گلبي.،,32,2020-03-19T15:05:19Z,2020-03-19T15:05:19Z
UgxcucLUIbvCRcD4_hB4AaABAg,,False,@paincak3s,Art,1,2020-03-19T15:05:19Z,2020-03-19T15:05:19Z
UgyUwE6mKilFoQo9ZCp4AaABAg,,False,@yeolmaesoon8346,Gantengnyaaaaaaaaa,0,2020-03-19T15:05:19Z,2020-03-19T15:05:19Z
UgxxtPj5frEbrCPkkKZ4AaABAg,,False,@lizaaliz8860,😍😍😍😍🤩🤩🤩,0,2020-03-19T15:05:19Z,2020-03-19T15:05:19Z
Ugy-w2556amJ7aEffTd4AaABAg,,False,@beonny6292,Ahhhhhh ya lo quieroooo,0,2020-03-19T15:05:19Z,2020-03-19T15:05:19Z
Ugy3UbgTIkHI0tBT1pp4AaABAg,,False,@yeoreumbyun,leader jjang❤❤❤,0,2020-03-19T15:05:19Z,2020-03-19T15:05:19Z
UgxXJpLBJkF58M_j5bN4AaABAg,,False,@nooraiakadim9468,فدوه 😭❤❤❤,0,2020-03-19T15:05:18Z,2020-03-19T15:05:18Z
UgxJ8xciB82RkIjIufh4AaABAg,,False,@saloey329,So beautiful 😍😍😍😭😭😭,0,2020-03-19T15:05:18Z,2020-03-19T15:05:18Z
UgzIHK7GukOjZOpmZGx4AaABAg,,False,@exobaru4593,Our leader alwesy parfect 😘😘😘😘😘😘😘😘😘😘,0,2020-03-19T15:05:17Z,2020-03-19T15:05:17Z
UgybDTU9nkx1f5U3srF4AaABAg,,False,@roaaahmad3794,I can't wait 😭💜💜💜💜,0,2020-03-19T15:05:17Z,2020-03-19T15:05:17Z
UgyDdGsD79kpgXNBgyd4AaABAg,,False,@yinyueprime,i am already in love with this album!!! junmyeon is coming up with such a good concept... i hope this debut will be successful as hell!!!!!,0,2020-03-19T15:05:17Z,2020-03-19T15:05:17Z
UgwOuUxiPECyfmylUft4AaABAg,,False,@amina-jin6788,عرب وينكم,0,2020-03-19T15:05:16Z,2020-03-19T15:05:16Z
UgxCxrSWTJRGyzYp-nZ4AaABAg,,False,@gbdjoy,eu te amo demais,0,2020-03-19T15:05:16Z,2020-03-19T15:05:16Z
Ugz8wayJk2-uhstasdh4AaABAg,,False,@bi284,"How much do u love our leader 
Suho ❤❤❤",0,2020-03-19T15:05:16Z,2020-03-19T15:05:16Z
Ugy0mALn-BIZ904S3JZ4AaABAg,,False,@후아푸아,아 쒵 존나 좋아,0,2020-03-19T15:05:16Z,2020-03-19T15:05:16Z
Ugz2HuwQpIJucL70VcB4AaABAg,,False,@hanaorih,LO QUE SE NOS VIENE❤️❤️❤️❤️,0,2020-03-19T15:05:16Z,2020-03-19T15:05:16Z
Ugw1rFe96NaG6qd_vpt4AaABAg,,False,@dilankaya3374,What a handsome man😍,0,2020-03-19T15:05:15Z,2020-03-19T15:05:15Z
UgzYPZoSI1pckgKSV514AaABAg,,False,@freepalestine3694,"Exol dont put emoji please its freez the views ok 
We need to support our leader and our love suho and exo",0,2020-03-19T15:05:15Z,2020-03-19T15:05:15Z
UgzJqlcFdYQ72T4ptBV4AaABAg,,False,@salma-l1440,ياااخي احبككككك,0,2020-03-19T15:05:15Z,2020-03-19T15:05:15Z
UgxIkFFnTuQ05LQ7agR4AaABAg,,False,@wafaaseed8602,당신을 그 어떤 것보다도 더 사랑해요,0,2020-03-19T15:05:15Z,2020-03-19T15:05:15Z
Ugx0QK1Dm0fKGtuPbQ54AaABAg,,False,@12minutesago77,❤️❤️❤️,0,2020-03-19T15:05:15Z,2020-03-19T15:05:15Z
Ugzx9vlZ4Kb11OIVDV94AaABAg,,False,@Amn_kaididja,الموسيقى يا نااالس(ㄒoㄒ),3,2020-03-19T15:05:14Z,2020-03-19T15:22:25Z
Ugzx9vlZ4Kb11OIVDV94AaABAg.96OMZxzZpFd96OOEYpld6R,Ugzx9vlZ4Kb11OIVDV94AaABAg,True,@adan-so8gi,بدون الايموجي بلييز يجمد المشاهداتت,1,2020-03-19T15:19:47Z,2020-03-19T15:19:47Z
Ugzx9vlZ4Kb11OIVDV94AaABAg.96OMZxzZpFd96OOG2AMFQz,Ugzx9vlZ4Kb11OIVDV94AaABAg,True,@رحيقالورد-ض2ظ6س,عفيه بدون ايموجي لانو ايجمد المشاهدات,1,2020-03-19T15:20:00Z,2020-03-19T15:20:00Z
UgwnQto65RZideAkwnR4AaABAg,,False,@zozasirage2846,He is an oasis 😭😭😭😭😭😭,0,2020-03-19T15:05:14Z,2020-03-19T15:05:14Z
UgymYVGL1PRfJU3GJ-14AaABAg,,False,@prakrittimaharjan8586,Hot 🔥 🔥 🔥,0,2020-03-19T15:05:14Z,2020-03-19T15:05:14Z
UgyKmIWrBo5l0_8ZmfJ4AaABAg,,False,@taniasanchez6422,This going to be amazing,0,2020-03-19T15:05:14Z,2020-03-19T15:05:14Z
Ugz7hz28tb-n9X1ib_p4AaABAg,,False,@VioReddd,❤❤❤,0,2020-03-19T15:05:14Z,2020-03-19T15:05:14Z
UgzmvS7j_YOlYAJOSkB4AaABAg,,False,@uyen0810,love youuuuu,0,2020-03-19T15:05:14Z,2020-03-19T15:05:14Z
Ugy7clMgPYUlCK5mK9d4AaABAg,,False,@exo-lexoaeri9561,l love you suho,0,2020-03-19T15:05:12Z,2020-03-19T15:05:12Z
Ugx-3dkTtcgZ4fwzoCJ4AaABAg,,False,@咸味啵啵鱼77,啊啊啊,0,2020-03-19T15:05:12Z,2020-03-19T15:05:12Z
UgzeAKWWUbCWHdrlf994AaABAg,,False,@exiumo,Mükemmel,1,2020-03-19T15:05:11Z,2020-03-19T15:05:11Z
UgxPGwhvbambg2hryuJ4AaABAg,,False,@성이름-q8w9j,❤,0,2020-03-19T15:05:11Z,2020-03-19T15:05:11Z
Ugy6W_LcCsc1GxDOYK54AaABAg,,False,@SoojungPark-ok9cf,"준면아 노래해줘서 고마워
너무 소중한 사람이야 넌",0,2020-03-19T15:05:11Z,2020-03-19T15:05:11Z
Ugz4TobHUxCs9iD4jGR4AaABAg,,False,@karolinaboozer5013,I don't know who'd dislike this... Jealousy I guess 🙃🤦,0,2020-03-19T15:05:10Z,2020-03-19T15:05:10Z
UgzFTcLIwZW8XGazXQh4AaABAg,,False,@chenmin7090,جمالههههههه,0,2020-03-19T15:05:10Z,2020-03-19T15:05:10Z
Ugyf3JDvpbLQcQh16KZ4AaABAg,,False,@dnlsk_,Tampan sekali😭😭😭,0,2020-03-19T15:05:10Z,2020-03-19T15:05:10Z
Ugz1Z1XUztFHdXNBSxV4AaABAg,,False,@siriwimonborriboon2160,❤️❤️❤️❤️,0,2020-03-19T15:05:10Z,2020-03-19T15:05:10Z
Ugxji1iz7aptZex9xSd4AaABAg,,False,@DamadelPuente,The music is so nice!!,0,2020-03-19T15:05:09Z,2020-03-19T15:05:09Z
UgzGZ52wTJs72z9yl3x4AaABAg,,False,@zobaidaahmed9906,ااااااااه انا بصيح,0,2020-03-19T15:05:09Z,2020-03-19T15:05:09Z
Ugy4KZoZAFW2n0v98qB4AaABAg,,False,@prakrittimaharjan8586,Beautiful 😍 😍,0,2020-03-19T15:05:08Z,2020-03-19T15:05:08Z
UgxIobraMKqe6DeLe394AaABAg,,False,@roaaahmad3794,I Love you so much 😍😍😘,0,2020-03-19T15:05:08Z,2020-03-19T15:05:08Z
UgxawQaCNFXoOE8ybyZ4AaABAg,,False,@haphuong23,😍😍,0,2020-03-19T15:05:08Z,2020-03-19T15:05:08Z
UgyMkVkNnhHmwQSY7R94AaABAg,,False,@anggiapriliaputri2742,❤️❤️,1,2020-03-19T15:05:08Z,2020-03-19T15:05:08Z
UgwUBm6PAIkB9zdhNyN4AaABAg,,False,@dilrubaklc2275,He is soo Handsome,0,2020-03-19T15:05:07Z,2020-03-19T15:05:07Z
UgwFxQln8a4Q6OVc2NN4AaABAg,,False,@jeje-k9m,اوماي قاد اوماي قاد خلااااااصصص أنا قلبي تعب نزل الالبوم ياقطنه انت,0,2020-03-19T15:05:07Z,2020-03-19T15:29:55Z
UgwJNvSsiBZaCu-cNfB4AaABAg,,False,@her_https,"Ai meu Deus 
Divo",0,2020-03-19T15:05:07Z,2020-03-19T15:05:07Z
UgxZXylGogSgyDv062x4AaABAg,,False,@wafaaseed8602,‏내가 내 인생에서 무언가 잘한 게 있다면 당신에게 내 마음을 준 것이다.,0,2020-03-19T15:05:06Z,2020-03-19T15:05:06Z
Ugwt-uGVyQeKElHx-X94AaABAg,,False,@chiaraojeda5,FELICITACIONES/ CONGRATULATIONS SUHOO!!!! YOU ARE THE BEST!!!!♥️♥️♥️♥️,0,2020-03-19T15:05:06Z,2020-03-19T15:05:06Z
UgzIpzDpVyoVgX-Ohg94AaABAg,,False,@sukhvirkaur354,Angel ❤,0,2020-03-19T15:05:05Z,2020-03-19T15:05:05Z
Ugyb0zQms_pf0Yb7mxB4AaABAg,,False,@nabaali4239,Niceeeeeeeeeeeeee,0,2020-03-19T15:05:04Z,2020-03-19T15:05:04Z
Ugxybv4SrIIzukjeAud4AaABAg,,False,@l.6507,كُل ألجَمال إجَتمع بَ شخص واحَد ،، خقيتتتت عااااااااا سوووو كيوتتتتت حححلااوههه.,0,2020-03-19T15:05:04Z,2020-03-19T15:05:04Z
UgxuKOGgZkBZqIoaECV4AaABAg,,False,@staryydam,itu yang dislike ada masalah apa si sama hidupnya?,0,2020-03-19T15:05:02Z,2020-03-19T15:05:02Z
UgxKkHPc6SXvpjnrOBF4AaABAg,,False,@user-bw1hi3wn6y,눈물줄줄,0,2020-03-19T15:05:01Z,2020-03-19T15:05:01Z
UgxA2KrDUSrZDotDxIJ4AaABAg,,False,@roaaahmad3794,So excited 😍😍💜💜,0,2020-03-19T15:05:01Z,2020-03-19T15:05:01Z
UgyI21uYQF_1EOv40c94AaABAg,,False,@exo-lexoaeri9561,Oley be,0,2020-03-19T15:05:01Z,2020-03-19T15:05:01Z
Ugx93JLqMHVzp9waVvB4AaABAg,,False,@syhnf6869,Bapak kapas♥️,0,2020-03-19T15:05:01Z,2020-03-19T15:05:01Z
UgyQx21c2h7hmhFBaHd4AaABAg,,False,@kpoplove7716,Suho oppa love you 😍😘,0,2020-03-19T15:05:00Z,2020-03-19T15:05:00Z
UgxWLlnb34pgPYecy9Z4AaABAg,,False,@flora.3864,"سوهوووووووو
نحن بالانتظار
احبك 
we are one exo",26,2020-03-19T15:05:00Z,2020-03-19T15:13:07Z
UgxWLlnb34pgPYecy9Z4AaABAg.96OMYHAH0AG96ON1e4xn0H,UgxWLlnb34pgPYecy9Z4AaABAg,True,@freepalestine3694,ما تحطي ايموجي بليز بجمد مشاهدات,0,2020-03-19T15:09:17Z,2020-03-19T15:09:17Z
UgxWLlnb34pgPYecy9Z4AaABAg.96OMYHAH0AG96ONWSmWBc4,UgxWLlnb34pgPYecy9Z4AaABAg,True,@flora.3864,@@freepalestine3694  sorry,0,2020-03-19T15:13:30Z,2020-03-19T15:13:30Z
UgxWLlnb34pgPYecy9Z4AaABAg.96OMYHAH0AG96O_HJB6fki,UgxWLlnb34pgPYecy9Z4AaABAg,True,@freepalestine3694,@@flora.3864  it's okay,1,2020-03-19T17:05:01Z,2020-03-19T17:05:01Z
Ugyimzy5DtCL9upl6514AaABAg,,False,@lishua,"6.1k views wid 6k likes in 3min 
yeokshi uri Nation Leader 😍❤️",0,2020-03-19T15:05:00Z,2020-03-19T15:05:00Z
Ugw05syfywE383ojgFB4AaABAg,,False,@sariapriyanti3046,GANTENGNYAAAAAAAAA 😭😭😭😍😍😍😍😍🥰🥰🥰🥰,0,2020-03-19T15:05:00Z,2020-03-19T15:05:00Z
UgyckLAF2_u5T5wODQB4AaABAg,,False,@lahu7644,💕💕💕,0,2020-03-19T15:04:59Z,2020-03-19T15:04:59Z
UgyMpavPq5KoRWYMSgB4AaABAg,,False,@allbyRIS,Our Leader nim doing great already 💖💖💖 #weareoneEXO!,0,2020-03-19T15:04:59Z,2020-03-19T15:04:59Z
UgxWiY49Iuu3yLmGNfd4AaABAg,,False,@uswaafzal24,Who is here for our bunny myeon like below,0,2020-03-19T15:04:58Z,2020-03-19T15:04:58Z
Ugw2ShbVzMvroJg4iLJ4AaABAg,,False,@salma-l1440,قلبيييييي صغيييرررر لا يتحمل,0,2020-03-19T15:04:58Z,2020-03-19T15:04:58Z
UgygFQWvXTqURBttZDR4AaABAg,,False,@vichicken1449,OMGGG Q PREFEITO  JESUS I LOVEEE SUHOOO MDS Q HOMEM  💖💓😓 MN VAI SER O MELHOR PRESENTE  DE ANIVERSÁRIO  MEU ESTE ÁLBUM  MN 😓❤💕🤞,0,2020-03-19T15:04:58Z,2020-03-19T15:04:58Z
UgwFkPswLILCgaxTBD14AaABAg,,False,@ddcottonah124,*احححبببككك يييييييييييييييييااااههههه شذا الفخامههه*,0,2020-03-19T15:04:58Z,2020-03-19T15:04:58Z
Ugyi50cZXSHPG4_hS9J4AaABAg,,False,@tugce3567,Suho bu nasıl bi güzellik ya etme eyleme,0,2020-03-19T15:04:57Z,2020-03-19T15:04:57Z
UgwVD_5d0qa_bcC_q0Z4AaABAg,,False,@niluuusalariii5417,The song is so perfect,0,2020-03-19T15:04:57Z,2020-03-19T15:04:57Z
UgyAAlZ7RltxMxn1t-Z4AaABAg,,False,@mrs.ackerman6313,❤️❤️❤️❤️❤️❤️,0,2020-03-19T15:04:57Z,2020-03-19T15:04:57Z
Ugx3BeqYoXpDX_h2UoN4AaABAg,,False,@jam7939,Ily💕,0,2020-03-19T15:04:56Z,2020-03-19T15:04:56Z
UgwLaE0yZfXU4TgPNt54AaABAg,,False,@anggiapriliaputri2742,❤️❤️,1,2020-03-19T15:04:56Z,2020-03-19T15:04:56Z
UgxUkmE9sqqTZgvH8Q94AaABAg,,False,@alhaithamsvaseline,GO JUNMYEON!,0,2020-03-19T15:04:56Z,2020-03-19T15:04:56Z
UgzkDAFqey68ePFX6114AaABAg,,False,@crismarin29,"No tiene derecho, por qué es tan guapo",0,2020-03-19T15:04:56Z,2020-03-19T15:04:56Z
Ugw8cOo6N0K8EH_t8R14AaABAg,,False,@akak-cw1jx,얼른 보고싶다ㅠㅠ,0,2020-03-19T15:04:56Z,2020-03-19T15:04:56Z
UgwP_LxkAN_qv0ocdHp4AaABAg,,False,@parizad-cy6hr,SUHO=LOVE🐰🧡❤❤❤❤❤,0,2020-03-19T15:04:56Z,2020-03-19T15:04:56Z
UgzpQeDEyB3zVG9h3oR4AaABAg,,False,@cottoncandy9728,I'am cry,0,2020-03-19T15:04:55Z,2020-03-19T15:04:55Z
UgzFwm-oWc70y_VuHEp4AaABAg,,False,@aenaya9452,He's an art♡,0,2020-03-19T15:04:55Z,2020-03-19T15:04:55Z
Ugwsry_zbWPV6JtAW354AaABAg,,False,@myth9505,سوهوتييبيييييي,0,2020-03-19T15:04:55Z,2020-03-19T15:04:55Z
UgzV5ifmS3XNZHXd0rd4AaABAg,,False,@guddanxakshat,KIM JUNMYEON YOU ARE AN ART,0,2020-03-19T15:04:54Z,2020-03-19T15:04:54Z
Ugy6KsxZPkCOVfxQyGJ4AaABAg,,False,@kimdae533,Eres una de las mi las tantas razones de mi felicidad,0,2020-03-19T15:04:54Z,2020-03-19T15:04:54Z
UgzVWPNW4z1OCDdkDER4AaABAg,,False,@해달별-b1j,사랑해 준면아,0,2020-03-19T15:04:54Z,2020-03-19T15:04:54Z
UgyXq90JcMflowKdqLp4AaABAg,,False,@L.1485,can't wait~~~~~~~,1,2020-03-19T15:04:53Z,2020-03-19T15:04:53Z
UgwJXlYxhWTCK24MqSl4AaABAg,,False,@exolclub2804,OHMYGOODDD WHY THIS MAKES ME CRYING HE'S SOOOO HANDSOME AND THE MUSIC IS MAKES ME GOING CRAZY,0,2020-03-19T15:04:53Z,2020-03-19T15:05:00Z
UgxERvcYsDsMoaYc1CF4AaABAg,,False,@roaaahmad3794,Amazing 😭💜💜💜,0,2020-03-19T15:04:53Z,2020-03-19T15:04:53Z
UgxbFvd9bPlkr_iVoJt4AaABAg,,False,@tannysoo1415,I love​ you​,0,2020-03-19T15:04:53Z,2020-03-19T15:04:53Z
Ugw_H1SCs1Fy1SqDn5Z4AaABAg,,False,@예령-g8z,김준면이 복지다 준면이한테 나라 ㅃㄹ 줘 ;;;; 아 최고야 진짜 잘생겼어 눈이 행복해.... 사랑해 김준면....,0,2020-03-19T15:04:52Z,2020-03-19T15:04:52Z
UgwtkC5f9u0SnHIppj94AaABAg,,False,@-midari.1496,سووهاايهه.،,0,2020-03-19T15:04:52Z,2020-03-19T15:04:52Z
Ugw5sXlKdE0n5Cufn6R4AaABAg,,False,@잡덕-d8h,하 존잘 외모 어디 안가네,1,2020-03-19T15:04:52Z,2020-03-19T15:04:52Z
UgwJ8Y8IEkV6Rxm-LY54AaABAg,,False,@jeonmina7508,الحماس نار 🔥🔥🔥😭😭😭,0,2020-03-19T15:04:52Z,2020-03-19T15:04:52Z
UgxHMDqfnvYA3oSttxR4AaABAg,,False,@wtcangelina,So uplifting that it shines a beam of light into my heart and blows my sorrow away. 고마워요  준면오빠 ❤❤❤ JUNMYEON solo album대박 💕,1,2020-03-19T15:04:51Z,2020-03-19T15:04:51Z
Ugw_ohuFSB3NGBD7u0d4AaABAg,,False,@fas0000,"I’m Eyes , ears , soul & heart blessed 💕🤍🌸💞",0,2020-03-19T15:04:51Z,2020-03-19T15:04:51Z
UgzdDyrVVgJk-8hqyGR4AaABAg,,False,@LENA-ms8ts,جعلنيي ابوسهه واحضنهه ، قاايزز تكفوونن تعبت من جماله ):,5,2020-03-19T15:04:50Z,2020-03-19T15:04:50Z
UgzdDyrVVgJk-8hqyGR4AaABAg.96OMX3GnOGz96OOe-nnCe2,UgzdDyrVVgJk-8hqyGR4AaABAg,True,@kimsona6680,اجيت اواسيج,0,2020-03-19T15:23:24Z,2020-03-19T15:23:24Z
UgzdDyrVVgJk-8hqyGR4AaABAg.96OMX3GnOGz96Og2D5dR3d,UgzdDyrVVgJk-8hqyGR4AaABAg,True,@LENA-ms8ts,"Kim Sona 
اوهه ثانكس :)",1,2020-03-19T18:04:08Z,2020-03-19T18:04:08Z
UgxbQ3s9HKSsSU14wcd4AaABAg,,False,@askdoy9248,THIS IS SO WHOLESOME I FUCKING LOVE THIS MAN.,1,2020-03-19T15:04:50Z,2020-03-19T15:04:50Z
UgyDSnS5mGbDo-8rEDx4AaABAg,,False,@nurismawep1401,PASUKAN GERCEP WKWK,0,2020-03-19T15:04:49Z,2020-03-19T15:04:49Z
Ugx_wLPXiQ9dc4qfD314AaABAg,,False,@danielaun9398,PAPASITOOOOO,0,2020-03-19T15:04:49Z,2020-03-19T15:04:49Z
Ugy3CHah0A5VnEB9YHJ4AaABAg,,False,@LeO-bk3de,👉L,0,2020-03-19T15:04:48Z,2020-03-19T15:04:48Z
UgznL1WugAZLhVQDidV4AaABAg,,False,@duaa911,عااااااااااااااا  فطييييتتككككك يخبللللل,0,2020-03-19T15:04:47Z,2020-03-19T15:04:47Z
Ugx4TL6vwGMsv4EWJnx4AaABAg,,False,@sedabahar8967,Geri sayım başlasın... Let's go ... ❤,0,2020-03-19T15:04:47Z,2020-03-19T15:04:47Z
Ugz_6fhVf8Rsct3KukZ4AaABAg,,False,@exol4443,💜💜💜,0,2020-03-19T15:04:47Z,2020-03-19T15:04:47Z
Ugy5hDYSPf2GAwTYE4B4AaABAg,,False,@adorableglitch3729,تم القتل بنجاح وربي تحفة,1,2020-03-19T15:04:45Z,2020-03-19T15:04:45Z
Ugy5hDYSPf2GAwTYE4B4AaABAg.96OMWMZ-PUK96OMtNTM9ph,Ugy5hDYSPf2GAwTYE4B4AaABAg,True,@EXO악수,ييي وربي,0,2020-03-19T15:08:01Z,2020-03-19T15:08:01Z
Ugy5hDYSPf2GAwTYE4B4AaABAg.96OMWMZ-PUK96ONDq9310Y,Ugy5hDYSPf2GAwTYE4B4AaABAg,True,@adorableglitch3729,@@EXO악수 اسمك قتلني😂😭😂😭😂😭💔💔💔,0,2020-03-19T15:10:57Z,2020-03-19T15:10:57Z
Ugyz1QbCfEYEr8uUh4t4AaABAg,,False,@nabilahaq5385,준면이이이😍❤,0,2020-03-19T15:04:44Z,2020-03-19T15:04:44Z
UgzqbC9QBnXs3xAEK7l4AaABAg,,False,@nevermind6667,EEEEEEEEEEE XXXXXXXXXX OOOOOOOOOOO😭😭😭😭😭😭😭😭😭😭I LUV U,0,2020-03-19T15:04:44Z,2020-03-19T15:04:44Z
UgxsbjLP35BDYZJCppB4AaABAg,,False,@쫄쪼리,어떠캐 준며나 나 눈물나,0,2020-03-19T15:04:44Z,2020-03-19T15:04:44Z
UgyhQIwMut75BnveAN54AaABAg,,False,@쿄쿄-k9p6q,사랑해 준면아🥰🥰🥰🥰🥰🥰🥰🥰🥰,0,2020-03-19T15:04:43Z,2020-03-19T15:04:43Z
Ugx_wsrfrsdsUuHrSpJ4AaABAg,,False,@momoasmr7294,جمالللللل,0,2020-03-19T15:04:43Z,2020-03-19T15:04:43Z
UgxmCggF4HFf2QfjZoh4AaABAg,,False,@lovekpopexo9464,سوهو ايجنن,0,2020-03-19T15:04:42Z,2020-03-19T15:04:42Z
UgwFEAS3C-85Fp1oqwZ4AaABAg,,False,@abbie396,"Bealtifull Boy❤❤
Don't forget Brazil loves you💜💜",0,2020-03-19T15:04:41Z,2020-03-19T15:04:41Z
UgwD6PAEEkAyj-9eogp4AaABAg,,False,@ddcottonah124,*يرب ابوووسسسككككك*,0,2020-03-19T15:04:41Z,2020-03-19T15:04:41Z
Ugz6C47M9MTQfWdQ5014AaABAg,,False,@princessseona,준면아 너무 멋있고 예쁘고 귀엽고 너 다해ㅠㅠㅠ,0,2020-03-19T15:04:40Z,2020-03-19T15:04:40Z
Ugxm-RTQ0RbgVDXvq9B4AaABAg,,False,@bestboyhyunsoo,YES KING,0,2020-03-19T15:04:40Z,2020-03-19T15:04:40Z
UgxZnjtGpjQmwlcfBqR4AaABAg,,False,@킴마리세렛티네,Can't wait for your solo album leadernim 😭,0,2020-03-19T15:04:39Z,2020-03-19T15:04:39Z
Ugw_q2Kfyyqfw1ZoPL54AaABAg,,False,@03phuonganh83,Chồng iu ơi em nè,0,2020-03-19T15:04:39Z,2020-03-19T15:04:39Z
Ugzf-Hu0yBogtPc3zcR4AaABAg,,False,@엘에리-d1b,우리 리더 수호(준면) 얼굴이 다하는군아 더 잘생겨지는 우리 리더 이쁘다,0,2020-03-19T15:04:38Z,2020-03-19T15:04:38Z
UgxdeIMY0queJxaxMZN4AaABAg,,False,@chanyeol840,جميل,1,2020-03-19T15:04:37Z,2020-03-19T15:04:37Z
UgwUDqZDWewFY63mbjF4AaABAg,,False,@niluuusalariii5417,Love love,0,2020-03-19T15:04:37Z,2020-03-19T15:04:37Z
UgymZgqJ-DnqgyWoCrt4AaABAg,,False,@gabrielavega4604,"난 당신을 너무 자랑스러워. 그 귀여운 유지, 미소하는 것을 잊지 마세요. 당신을 사랑해요",0,2020-03-19T15:04:37Z,2020-03-19T15:04:37Z
UgxsiSLhGW-llbAyAIV4AaABAg,,False,@user-xt9vj6nm1b,كنت مفكره انا نزلو اغنيه جديده حسبي الله بس😕💔,0,2020-03-19T15:04:37Z,2020-03-19T15:04:37Z
UgyjfVL2YVqw3McvTUx4AaABAg,,False,@dearssehun102,I CAN'T WAIT 😭😭😭 URI LEADERRRRRR SKSKKSK,0,2020-03-19T15:04:36Z,2020-03-19T15:04:36Z
UgzQVz5MUCzSMU2Q1Dd4AaABAg,,False,@momoasmr7294,يمه يمه يمههههه,0,2020-03-19T15:04:35Z,2020-03-19T15:04:35Z
UgwKXlg105DPbEigwel4AaABAg,,False,@bubble9031,아름 다운,0,2020-03-19T15:04:34Z,2020-03-19T15:04:34Z
UgzbI2-rtZ36LglGudt4AaABAg,,False,@Porsche911S-w4e,My love,1,2020-03-19T15:04:34Z,2020-03-19T15:04:34Z
Ugw23OagdfniqpQJ52t4AaABAg,,False,@howrah9862,الجماللللللل🖤🖤🖤🖤🖤,0,2020-03-19T15:04:32Z,2020-03-19T15:04:32Z
UgwcI80K-6fqX7746jt4AaABAg,,False,@ipeeshi7377,The most handsome leader ever 💖💖💖💖,0,2020-03-19T15:04:32Z,2020-03-19T15:04:32Z
UgzmMRyJ4Zk_8S2fGtt4AaABAg,,False,@panahsaadat5550,وای وای وای لیدرم.. سوهویااا... زندگیییم.. این کانسپت‌ بینظیره.. اوه خدایا ما هرشب داریم سورپرایز میشیم.. بهترین لیدری.. مامنتظریم وااای..,0,2020-03-19T15:04:32Z,2020-03-19T15:04:32Z
UgzxcHaj2hzW-UKxPxx4AaABAg,,False,@김누린,Omg...his visual🥺🥺,0,2020-03-19T15:04:32Z,2020-03-19T15:04:32Z
UgwM6sIgKXx0MEdT2gN4AaABAg,,False,@ddcottonah124,لسسسسههه م تخطيت الفيد الاولل*,0,2020-03-19T15:04:31Z,2020-03-19T15:04:31Z
Ugy_BFl84aFPKKTQ12l4AaABAg,,False,@assiav7627,يا جماله,0,2020-03-19T15:04:31Z,2020-03-19T15:04:31Z
UgwRR3qz3GIG7UyzTol4AaABAg,,False,@두둠칫-m1t,얼빡준면 최고다 잘생겼어,0,2020-03-19T15:04:31Z,2020-03-19T15:04:31Z
UgyNlQF0zFRMf9wt5fR4AaABAg,,False,@망고-f8p,심장아파 중면아츄ㅠㅠㅜㅜㅜㅜㅜㅜㅜㅜㅜㅜㅜㅜㅜㅜㅜ아ㅜㅜㅜ눈물나,0,2020-03-19T15:04:31Z,2020-03-19T15:04:31Z
UgyIrWRYycnUFDcInBR4AaABAg,,False,@aryn1485,Suho world domination,0,2020-03-19T15:04:31Z,2020-03-19T15:04:31Z
UgzW6IEFjjLvShZ2c_x4AaABAg,,False,@riya5552,BEAUTIFUL SO BEAUTIFUL 😭❤️,0,2020-03-19T15:04:31Z,2020-03-19T15:04:31Z
UgxKByQAUz8i6VF5Wyt4AaABAg,,False,@이서현-s1l3n,이번엔 엑소리더외에도 김준면의 모습 열심히 응원할게요♥♥,0,2020-03-19T15:04:31Z,2020-03-19T15:04:31Z
Ugx6zMxfJjARUyZKWD94AaABAg,,False,@teen6980,김준면..개최고야 당신..사랑해,0,2020-03-19T15:04:30Z,2020-03-19T15:04:30Z
UgzYWF6lTXZnWE-rvq14AaABAg,,False,@thequeenqueen6279,I love suho(💖💗💖💗) احب سوهو,6,2020-03-19T15:04:29Z,2020-03-19T15:05:14Z
UgzYWF6lTXZnWE-rvq14AaABAg.96OMUTTsIAV96ONNG__12l,UgzYWF6lTXZnWE-rvq14AaABAg,True,@exolforaver3335,بليز احذفي الاموجي لانها تجمد المشاهدات,2,2020-03-19T15:12:14Z,2020-03-19T15:12:14Z
UgxiZTTkE1eSHfI-nH14AaABAg,,False,@anitasari8911,Fix ganteng nya gak ketulungan :((,0,2020-03-19T15:04:29Z,2020-03-19T15:04:29Z
UgwoC3rMx-jLBLjgcAV4AaABAg,,False,@Rawrr320,I miss exo so much 😭😭😭😭❤❤❤❤,0,2020-03-19T15:04:29Z,2020-03-19T15:04:29Z
UgyDupt_6XkCJKUhItl4AaABAg,,False,@kir19,سوهوو يقلبيي,0,2020-03-19T15:04:29Z,2020-03-19T15:04:29Z
UgzL8_lmBtAZ3IlU1GV4AaABAg,,False,@amandadwisukma3172,Abaaaaannnnkkk akyu kangyeeeennnnnn😭😭😭😭😭,0,2020-03-19T15:04:28Z,2020-03-19T15:04:28Z
Ugxon-P7eUTBdxAVatx4AaABAg,,False,@tyson2172,SUHO WORLD DOMINATION,0,2020-03-19T15:04:28Z,2020-03-19T15:04:28Z
Ugyy5CuIG-4LoCn5isJ4AaABAg,,False,@hayriyearslan1535,💙💙,0,2020-03-19T15:04:28Z,2020-03-19T15:04:28Z
UgxOrGPyg3yEkaoJ-e94AaABAg,,False,@armybts-yu6zx,سوهوووووو اوباااااا🙌💜,0,2020-03-19T15:04:28Z,2020-03-19T15:04:58Z
Ugzzmmf5VmVODutb_EB4AaABAg,,False,@زنابي-ظ4د,جونميون لوحة فنية لم يسبق وان رأيت مثل اتقانها♡,0,2020-03-19T15:04:27Z,2020-03-19T15:04:27Z
UgzrJYVuNyVKjyQ9AGh4AaABAg,,False,@ghyneskaalmeida1509,Omg is so cute UwU I'm so excited <3,0,2020-03-19T15:04:27Z,2020-03-19T15:04:27Z
UgxmfosQE0v6FF9dJVp4AaABAg,,False,@-midari.1496,بموووت،سوهوو مدلعناا 😭😭😭💛.،,0,2020-03-19T15:04:27Z,2020-03-19T15:04:27Z
UgxePpofJXdm3jBrh414AaABAg,,False,@qamaryeol3482,جمالك يا قلبييي 💙🖤,0,2020-03-19T15:04:26Z,2020-03-19T15:04:26Z
UgxWfd4Vd3BlKvvzNWp4AaABAg,,False,@L-1485_,I know this album will be my favorite this 2020,0,2020-03-19T15:04:26Z,2020-03-19T15:04:26Z
Ugzql1PVzcaG8WSJiEx4AaABAg,,False,@alyssa922,"stayed up for this and i will never regret it.
junmyeon hwaiting!",0,2020-03-19T15:04:26Z,2020-03-19T15:04:26Z
UgydDDcFDk8bT6NWDLd4AaABAg,,False,@MRKPOP712,EXO,0,2020-03-19T15:04:26Z,2020-03-19T15:04:26Z
UgyylxRrx9VvslZZyb54AaABAg,,False,@raulvegacampos6319,Arte pura 🥰,0,2020-03-19T15:04:26Z,2020-03-19T15:04:26Z
Ugx890GeXVU9u7Ayl3J4AaABAg,,False,@user-gg1os6uq2p,<3 <3,0,2020-03-19T15:04:25Z,2020-03-19T15:04:25Z
Ugzivjg9Yjf7BebTgmJ4AaABAg,,False,@AnnaBIA28,Suho mds senhor lindo Aaaa esse álbum vai se tornar um hinooo obrigado pela sua dedicação te amoooo,15,2020-03-19T15:04:25Z,2020-03-19T15:04:25Z
UgwWZUNXXNfkoEIv8VB4AaABAg,,False,@19พิมพ์พิศาชัยต้น,💓💓,0,2020-03-19T15:04:25Z,2020-03-19T15:04:25Z
Ugy673QqU373n3-YnYl4AaABAg,,False,@lovekpopexo9464,واووو شنو هل فخامه,0,2020-03-19T15:04:25Z,2020-03-19T15:04:25Z
UgzaM972aFzIaYNQMUd4AaABAg,,False,@nevermind6667,OMG😭😭😭😭😍😍😍😍😍,0,2020-03-19T15:04:24Z,2020-03-19T15:04:24Z
UgyVOcwBl9h8dH0OTn14AaABAg,,False,@MiyukiTsukino7,I'm so ready for this masterpiece!,0,2020-03-19T15:04:24Z,2020-03-19T15:04:24Z
UgwM8mZabLdalV_t-0V4AaABAg,,False,@dilrubaklc2275,"Not mood sampler, mood maker fkfkkdkdkd seeing these videos makes me feel greaaat, I missed him so much, so glad he is baaack",0,2020-03-19T15:04:23Z,2020-03-19T15:04:23Z
UgxyCEHUOY5s7bqXn3B4AaABAg,,False,@noe992,Es tan perfecto!! <3,0,2020-03-19T15:04:23Z,2020-03-19T15:04:23Z
UgyQiXj969chYaUJ2554AaABAg,,False,@강태희-m6l,오빠야 얼굴 진짜 그저 사랑이야..,0,2020-03-19T15:04:23Z,2020-03-19T15:04:23Z
UgzJBSYDlT80EZfgoxV4AaABAg,,False,@nanoblaxo,Smmmm plz we nead a comeback for exo😣 (arab exo-l),3,2020-03-19T15:04:22Z,2020-03-19T15:04:22Z
UgzbJITykMRpKUPHCOJ4AaABAg,,False,@haru-y7y,"لا كذا كثيررر 
فيديوهين بيوم واحد (ಥ ͜ʖಥ)",14,2020-03-19T15:04:22Z,2020-03-19T15:23:44Z
UgzbJITykMRpKUPHCOJ4AaABAg.96OMTaMqGSD96ONIot_job,UgzbJITykMRpKUPHCOJ4AaABAg,True,@exolforaver3335,بليز احذفي الاموجي تجمد المشاهدات,0,2020-03-19T15:11:38Z,2020-03-19T15:11:38Z
UgzbJITykMRpKUPHCOJ4AaABAg.96OMTaMqGSD96ONNo_i_9R,UgzbJITykMRpKUPHCOJ4AaABAg,True,@freepalestine3694,"معك حق
اوني احذفي الايموجي بليز",0,2020-03-19T15:12:19Z,2020-03-19T15:12:19Z
UgzeJZ-hcLV161Aa_rZ4AaABAg,,False,@byunbaekhyun_ah1733,woow 😮😭🤧❤❤❤❤❤,0,2020-03-19T15:04:22Z,2020-03-19T15:04:22Z
UgxEhgpi1ozj7rU7Qy54AaABAg,,False,@MRKPOP712,EXO,0,2020-03-19T15:04:22Z,2020-03-19T15:04:22Z
UgyP6g-JgeEiJmDpKch4AaABAg,,False,@momoasmr7294,يمهههههههه,0,2020-03-19T15:04:21Z,2020-03-19T15:04:21Z
UgzSaKdPsH3E5SEio5J4AaABAg,,False,@김윤서-j9b,벌써부터 감동적이다 갑자기 코끝이 찡해지는 걸 보고 알았어 이 노래는 감동 완전체일 거라는 걸,0,2020-03-19T15:04:21Z,2020-03-19T15:04:21Z
UgxlQfY0bSeWfJtDS_J4AaABAg,,False,@carlapenza7034,Dios Junmyeon te amo mucho,0,2020-03-19T15:04:21Z,2020-03-19T15:04:21Z
UgzzUY4j0wUEa8PJ_i14AaABAg,,False,@octojlee,"준면이 하얀걸 넘어서서 투명하잖아ㅠㅠ
감독님들 인어왕자 캐스팅 안 하고 뭐하세요ㅠㅜㅜ",1,2020-03-19T15:04:20Z,2020-03-19T15:04:20Z
Ugzur0H6QlRIYa59qlB4AaABAg,,False,@Mawn_x,This girl right here is ready for this emotional  🎢  by yours truly.,0,2020-03-19T15:04:19Z,2020-03-19T15:04:19Z
UgzGN7Nrq1KMPLJZibx4AaABAg,,False,@rojupaudel9095,Uri leader hwaiting 😘❤❤❤❤,0,2020-03-19T15:04:19Z,2020-03-19T15:04:19Z
UgzTTlS46TaoO92CT5h4AaABAg,,False,@anushkapandey959,I can't wait till 30th March for this 😭😭,1,2020-03-19T15:04:19Z,2020-03-19T15:04:19Z
UgxZ4SF47EJAZ8kADvJ4AaABAg,,False,@zarinasailauova1448,💗,0,2020-03-19T15:04:19Z,2020-03-19T15:04:19Z
UgzJuurKnUm5FON9hkd4AaABAg,,False,@dogbark,I wonder if the music in the background is going to be in the album as well!! AAAh I can't wait!!,1,2020-03-19T15:04:18Z,2020-03-19T15:04:18Z
UgyjFLSfJP1OSgxwdSt4AaABAg,,False,@ddcottonah124,*ششششذاااا الججججمالل*,4,2020-03-19T15:04:18Z,2020-03-19T15:04:18Z
UgxkXySmwQwQCbgCdtx4AaABAg,,False,@MRKPOP712,EXO,0,2020-03-19T15:04:18Z,2020-03-19T15:04:18Z
Ugztq-to4PZuijqR0tF4AaABAg,,False,@nguyenyen-wl7pc,Great 🧡,0,2020-03-19T15:04:17Z,2020-03-19T15:04:17Z
Ugz4ftKjctzIdK8D8Kh4AaABAg,,False,@LOEY_1485_,I love you hyung ❤,0,2020-03-19T15:04:17Z,2020-03-19T15:04:17Z
UgyqWYJ9czt7BFi4Ofl4AaABAg,,False,@tenshiaeri8673,yansın ortalık kopsun kıyamet,0,2020-03-19T15:04:16Z,2020-03-19T15:04:16Z
UgyRqyx9H6zAZdzDTsF4AaABAg,,False,@hibalahlou3409,Omgg he is so fiiiiine,0,2020-03-19T15:04:16Z,2020-03-19T15:04:16Z
Ugyc0bYb-bGdaoMR3xJ4AaABAg,,False,@byunvivian3947,Ölürüm sana davamın erkeği en bi değerlim güzelim hayatım reisim her şeyim kurban olurum kur bannnn,0,2020-03-19T15:04:16Z,2020-03-19T15:04:16Z
Ugx_nS3dDngU0oV6YON4AaABAg,,False,@hyunjelli,So beautiful 🤧😭😭😭,0,2020-03-19T15:04:16Z,2020-03-19T15:04:16Z
Ugx_97yBMZ-VBlH9RsJ4AaABAg,,False,@rinne.6330,SUPERB VISUAL AS ALWAYS.,0,2020-03-19T15:04:16Z,2020-03-19T15:04:16Z
UgwMc30N258UfuXod2t4AaABAg,,False,@agirlhasnoname6405,THIS SOUNDS SO GOOD OH MY GOD!,6,2020-03-19T15:04:15Z,2020-03-19T15:04:15Z
UgzWRojQ44P1kbTA5CZ4AaABAg,,False,@chiaraojeda5,TE AMOO!,0,2020-03-19T15:04:15Z,2020-03-19T15:04:15Z
Ugz9FqK77PUm1i-s6RR4AaABAg,,False,@asifcb4975,😍😍😍😍😍😍😍😍😍😍😍😍😍😍😍😍😍😍😍😍😍😍супееер,0,2020-03-19T15:04:15Z,2020-03-19T15:04:15Z
UgxYF-fCy-gg5oEqiwV4AaABAg,,False,@saly_bimidalokai5973,SOHO👄❤❤❤❤❤❤I love you,2,2020-03-19T15:04:15Z,2020-03-19T15:04:15Z
UgxHjogb-oPuV5eNFd54AaABAg,,False,@nnlwin225,King indeed,0,2020-03-19T15:04:14Z,2020-03-19T15:04:14Z
UgwDz_LoTGj3PIFGpfB4AaABAg,,False,@DALILA_HANI,와 분위기 진짜 대박이다...인간이 어떻게 저런 외모와 저런 분위기를 연출할 수 있는 거지? 아 맞다 준면오빠 인간이 아니라 천사였지 참...☆,0,2020-03-19T15:04:14Z,2020-03-19T15:04:14Z
Ugz1F_9ho0wQ5abuwNV4AaABAg,,False,@nadiaputri2199,can't wait to see him 😭😭😭,0,2020-03-19T15:04:14Z,2020-03-19T15:04:14Z
UgwO0s_5UXCq0AbnLVx4AaABAg,,False,@msturtle1407,Moles!!,0,2020-03-19T15:04:14Z,2020-03-19T15:04:14Z
UgydzEv9Xq1x0t4HMax4AaABAg,,False,@MRKPOP712,EXO,0,2020-03-19T15:04:14Z,2020-03-19T15:04:14Z
UgxJPFsdSFbZqO9a_y54AaABAg,,False,@rayhananurainy822,yolo that what motto i have become exol. yaa this moment are rare for me😍🥰,0,2020-03-19T15:04:13Z,2020-03-19T15:04:13Z
UgxWffxav0_eZRVcFQF4AaABAg,,False,@tabish7807,I am so excited for it ❤😍,0,2020-03-19T15:04:13Z,2020-03-19T15:04:13Z
UgyPhXHHDhUnGzNCAMJ4AaABAg,,False,@_zeynosh,SUHOOOOOOOOOOOOOOOĞĞĞĞOOOOOOĞĞĞOOOOOOOOOOOĞĞĞĞĞĞĞĞOOOOOOOOOOOOOOOOOOOOOOOOOOOOOOOOOOOOOOOOOO ♡,0,2020-03-19T15:04:13Z,2020-03-19T15:04:13Z
Ugx9zUb_WVaWWgMRzzZ4AaABAg,,False,@Coffee-vu3bm,He is so beautiful,0,2020-03-19T15:04:13Z,2020-03-19T15:04:13Z
UgzpQ2-etTk89Q53Z9h4AaABAg,,False,@shahdrifai1034,قطنه بموووووت,0,2020-03-19T15:04:13Z,2020-03-19T15:04:13Z
Ugy2Iovd7WsAcZrlAiB4AaABAg,,False,@Alvnr,Uahhhhhh ❤️😍😍😍😍,0,2020-03-19T15:04:13Z,2020-03-19T15:04:13Z
UgzJn4lVmv-nsukroyl4AaABAg,,False,@sallymostafaart1868,STUNNING,0,2020-03-19T15:04:12Z,2020-03-19T15:04:12Z
Ugyy0XpGVo-cD98TQtJ4AaABAg,,False,@안녕-g9p4x,어허러ㅓ러럴허ㅓㄹ 준면아 난 운다 ㅠㅠㅠㅠㅠㅠㅜㅠㅠㅠㅠㅜㅜㅜㅠㅠㅠ,0,2020-03-19T15:04:12Z,2020-03-19T15:04:12Z
Ugxkhoa4Cw9JZlbGnM14AaABAg,,False,@linaafdelina9475,Cotton Candy,0,2020-03-19T15:04:12Z,2020-03-19T15:04:12Z
UgyWHaaVGwpDUAnuONp4AaABAg,,False,@stellacordoba6570,Que bello es.... love you Suho,0,2020-03-19T15:04:12Z,2020-03-19T15:04:12Z
Ugx_ECAOHxbUMbf2yxJ4AaABAg,,False,@renrenrenrenrenren,*لازمم اسوي جريده ثانيه عشان عبيد الايموجي يتعلموا* *؟!*,0,2020-03-19T15:04:11Z,2020-03-19T15:04:11Z
UgwwULFWzRLHyZPit-d4AaABAg,,False,@marianabazan7329,❤️❤️❤️❤️,0,2020-03-19T15:04:11Z,2020-03-19T15:04:11Z
UgwukNGs8Lig-LrOdmh4AaABAg,,False,@tugbatastan1798,🇹🇷❤❤❤❤❤🇹🇷🇹🇷❤❤❤❤❤🇹🇷❤🇹🇷❤🇹🇷❤🇹🇷❤🇹🇷❤❤🇹🇷🇹🇷❤❤,0,2020-03-19T15:04:11Z,2020-03-19T15:04:11Z
UgxZ7NQzggId8LQMMXR4AaABAg,,False,@티끌모아파산-x3t,"분위기지려쓰,,❤️🤦‍♀️",0,2020-03-19T15:04:11Z,2020-03-19T15:04:11Z
UgxV2GDZ_G3Q17AiLC94AaABAg,,False,@cherrylee22,어떡해..짜릿해...준면아...ㅠㅠㅠㅠ 기다리는 시간이 너무 행복해...,0,2020-03-19T15:04:10Z,2020-03-19T15:04:10Z
Ugw-59t9d4in9jO-QfV4AaABAg,,False,@MRKPOP712,EXO,0,2020-03-19T15:04:10Z,2020-03-19T15:04:10Z
UgwNJUhTsTNIVuQ4dTt4AaABAg,,False,@azulgarcia9235,UwU❤,0,2020-03-19T15:04:10Z,2020-03-19T15:04:10Z
Ugz1gtVTq1AYo0SnGzl4AaABAg,,False,@asw2li,- ﺎنت جمـيع ﭑسبـﭑبي لـحب ﭑلحـياة 🤎. واو سوهو بجنن,7,2020-03-19T15:04:09Z,2020-03-19T16:08:05Z
Ugz1gtVTq1AYo0SnGzl4AaABAg.96OMS0Zkv3L96ONXahyIxN,Ugz1gtVTq1AYo0SnGzl4AaABAg,True,@freepalestine3694,احذفي الايموجي بليز بجمد مشاهدات,0,2020-03-19T15:13:39Z,2020-03-19T15:13:39Z
Ugz1gtVTq1AYo0SnGzl4AaABAg.96OMS0Zkv3L96ON_KzVXkr,Ugz1gtVTq1AYo0SnGzl4AaABAg,True,@exolforaver3335,احذفي الاموجي لانها تجمد المشاهدات,0,2020-03-19T15:14:01Z,2020-03-19T15:14:01Z
Ugz1gtVTq1AYo0SnGzl4AaABAg.96OMS0Zkv3L96OTjHmv7r4,Ugz1gtVTq1AYo0SnGzl4AaABAg,True,@asw2li,@@exolforaver3335 اوكي,0,2020-03-19T16:07:49Z,2020-03-19T16:07:49Z
Ugz1gtVTq1AYo0SnGzl4AaABAg.96OMS0Zkv3L96OTkCgeuQb,Ugz1gtVTq1AYo0SnGzl4AaABAg,True,@asw2li,@@freepalestine3694 اوكي,1,2020-03-19T16:07:56Z,2020-03-19T16:07:56Z
Ugx_-PV4_0lCFU07IY94AaABAg,,False,@Semidang_Rinduh,Damn Eagerly.. Can't wait any longer.. Leader Nim.. To the moon and back <3,0,2020-03-19T15:04:09Z,2020-03-19T15:04:09Z
UgySb6F6LwxEUoNzmxx4AaABAg,,False,@lcalix_2446,"Diooooosss es tan bello, elegante e inalcanzable jaja .

Mi príncipe ya quiero escucharlo <3<3<3<3",32,2020-03-19T15:04:09Z,2020-03-19T15:04:09Z
UgygHBWO_LDd4xs8dOx4AaABAg,,False,@chenmin7090,ملك قلوووبنااااا,0,2020-03-19T15:04:09Z,2020-03-19T15:04:09Z
UgxGn84SL7GPXm4X8vN4AaABAg,,False,@mathi6653,King Jun myeonieee,0,2020-03-19T15:04:09Z,2020-03-19T15:04:09Z
Ugx1a8rpfAVRavZCAud4AaABAg,,False,@charlottepadilla2075,Suhooooo😍😍😍,0,2020-03-19T15:04:09Z,2020-03-19T15:04:09Z
Ugz6BiBwzoqIn8-yeP14AaABAg,,False,@Oxyginth1,I miss kyungsoo but suho please stop i will cheat on my man,0,2020-03-19T15:04:09Z,2020-03-19T15:04:09Z
UgwBPnUtviV-AclFizF4AaABAg,,False,@ahk8794,SEDANSOCOTTON,0,2020-03-19T15:04:09Z,2020-03-19T15:04:09Z
Ugw6c2vYcuY5PL6GmiR4AaABAg,,False,@savirachuzaimah,EXO LEADER IS VERY VERY AMAZING!,0,2020-03-19T15:04:08Z,2020-03-19T15:04:08Z
UgxKiik6G65Xwfu35_Z4AaABAg,,False,@trustyourwoonmeong,내새끼 사랑해,0,2020-03-19T15:04:08Z,2020-03-19T15:04:08Z
Ugx1OqfIbec1hlnF1Hx4AaABAg,,False,@exomisbebes8415,My baby💓,0,2020-03-19T15:04:08Z,2020-03-19T15:04:08Z
UgxwJFHgAb5ttR0Q5iJ4AaABAg,,False,@РахатКокелов,My love 😍😍😍😭❤❤❤,0,2020-03-19T15:04:08Z,2020-03-19T15:04:08Z
UgxsvyCj5K5GCtHjTdV4AaABAg,,False,@lisbetclavijo6476,"Te amo infinitamente, gracias por tanto WE ARE ONE!!!!!",0,2020-03-19T15:04:08Z,2020-03-19T15:04:08Z
UgzcGGHIPS6UcYHTfrR4AaABAg,,False,@hnoosh1781,Wow just woo.. 🖤 🥀,0,2020-03-19T15:04:08Z,2020-03-19T15:04:08Z
Ugym8N3bmNVkOgBj-Wt4AaABAg,,False,@uran2939,사랑해요,0,2020-03-19T15:04:07Z,2020-03-19T15:04:07Z
Ugzu3Dg8KlU0Fz_6ZBN4AaABAg,,False,@moonofmysoul,This photo shoot is amazing😍,0,2020-03-19T15:04:07Z,2020-03-19T15:04:07Z
Ugw9zIaCaML94iUuTA14AaABAg,,False,@1ovemx,김준면 사랑해,0,2020-03-19T15:04:07Z,2020-03-19T15:04:07Z
UgxOdvtzkd4XeciaGNl4AaABAg,,False,@jacintavalenz1126,Impressionism,0,2020-03-19T15:04:07Z,2020-03-19T15:04:07Z
UgznkV1XyQr90p9MIsp4AaABAg,,False,@왈-l9z,하 진짜 준면아ㅠㅠㅠ 네가 내 삶이다ㅠㅠ❤️,0,2020-03-19T15:04:07Z,2020-03-19T15:04:07Z
UgyCQkZh4E71Me3PLPV4AaABAg,,False,@angaihik2204,He's always the most handsome person in this world....,0,2020-03-19T15:04:07Z,2020-03-19T15:04:07Z
Ugyd_wFc-FHpdB_b6C54AaABAg,,False,@unicorn._.,Bening banget anjir,0,2020-03-19T15:04:06Z,2020-03-19T15:04:06Z
Ugyfidc4X75yja0__zV4AaABAg,,False,@imsojeong,ㄷㄱㄹㅈㄹㄲ.......... 김준면.....얼굴이 나라다....,0,2020-03-19T15:04:06Z,2020-03-19T15:04:06Z
UgydnCjbcQFiGqakW2t4AaABAg,,False,@MRKPOP712,EXO,0,2020-03-19T15:04:06Z,2020-03-19T15:04:06Z
UgzP5GxVU2YMkL6WKfF4AaABAg,,False,@zainab5373,أصحاب الدسلايك شتحسون ؟؟!,0,2020-03-19T15:04:06Z,2020-03-19T15:04:06Z
UgweCbZm1FyLKYjZmdx4AaABAg,,False,@عباس-م2ف2ج,ILOVE YOU EXO💛🍃,0,2020-03-19T15:04:05Z,2020-03-19T15:04:28Z
UgzNAaa_5BH0KcWp3pd4AaABAg,,False,@xyleen3891,A living art,0,2020-03-19T15:04:05Z,2020-03-19T15:04:05Z
UgxqZr48G1IGEoGWvd54AaABAg,,False,@StoryKids4millon,Suho the best,0,2020-03-19T15:04:05Z,2020-03-19T15:04:05Z
UgzzBJp9bFcZG4nf5BJ4AaABAg,,False,@L-1485_,Im so excited!!!!!,0,2020-03-19T15:04:05Z,2020-03-19T15:04:05Z
UgyGj3C9nWA5x_pmnm94AaABAg,,False,@beatrizsantos8521,AAAAAAAAAAAAAAAAAAAAAAAAAAAA,0,2020-03-19T15:04:05Z,2020-03-19T15:04:05Z
UgxQiDlp8VS8S1lFFSp4AaABAg,,False,@nailyasnalmuna7601,Ganteng bngt sumpah:'),0,2020-03-19T15:04:04Z,2020-03-19T15:04:04Z
UgzSehu92aEZ3IiCJFl4AaABAg,,False,@햇감자-t1z,개이쁘당 이번컨셉,0,2020-03-19T15:04:04Z,2020-03-19T15:04:04Z
UgweGDhd9JNlcE2KaAt4AaABAg,,False,@jinyio4182,تجننننننننننمن,0,2020-03-19T15:04:04Z,2020-03-19T15:04:04Z
UgzBuD_Io3HKDhEvqZF4AaABAg,,False,@ch012an,"Meu bebê lindo, te amo tanto! <3",0,2020-03-19T15:04:04Z,2020-03-19T15:04:04Z
UgzR1V15ZXGgEtuQBH14AaABAg,,False,@daniellemcr,Album of the year!!!! 💕🐰,0,2020-03-19T15:04:03Z,2020-03-19T15:04:03Z
UgxapLbF8brUmm997RJ4AaABAg,,False,@ASMA-xl7xe,ادعمووووواا,0,2020-03-19T15:04:03Z,2020-03-19T15:04:03Z
UgxtP2exY3DspqUyJ8J4AaABAg,,False,@yesiHDO,عاااا قلبي,0,2020-03-19T15:04:02Z,2020-03-19T15:22:55Z
UgxfBgd1l53KHtKTI-h4AaABAg,,False,@Daisy-qr5di,Omooo Aymm zoooo berii eggsaitedd bitchesss mah dadee will really release his first mini album. Congrats leader nim. Loveu,0,2020-03-19T15:04:02Z,2020-03-19T15:04:02Z
Ugy5SDWpM7wpPbGCxd94AaABAg,,False,@linapoloche5517,Dios este hombre es simplemente perfecto! Suho I love you.,0,2020-03-19T15:04:02Z,2020-03-19T15:04:02Z
UgzhDVAW2drD3FHMeGl4AaABAg,,False,@sweetychingtham3341,😘😘😘😘😘,0,2020-03-19T15:04:02Z,2020-03-19T15:04:02Z
UgzNrUje43CLttdYcJ54AaABAg,,False,@Dadaseulgi,이거 뭔가요 나 방금 프랑스 명작 미술관에 다녀온 느낌이야,0,2020-03-19T15:04:02Z,2020-03-19T15:04:02Z
UgyidKyMfmGNsf-VPKZ4AaABAg,,False,@parkjimin2259,الي يحب exo لايك,16,2020-03-19T15:04:02Z,2020-03-19T15:04:02Z
UgzV-qeCXsCA7ejEcUJ4AaABAg,,False,@carlapenza7034,"Nobody:

Literally no one:

Suho: saves 2020",186,2020-03-19T15:04:02Z,2020-03-19T15:04:02Z
Ugz07ZxaQakl1KAJPB94AaABAg,,False,@MRKPOP712,EXO,0,2020-03-19T15:04:01Z,2020-03-19T15:04:01Z
UgyjprbR72IjO9a1G454AaABAg,,False,@mafersuki.p,god,0,2020-03-19T15:04:01Z,2020-03-19T15:04:01Z
Ugy0EGgBi80VoGp8xSx4AaABAg,,False,@ashfaazmya,We are one,0,2020-03-19T15:04:01Z,2020-03-19T15:04:01Z
Ugx8I6ON6finYLoY1Nt4AaABAg,,False,@watermaeelonee8052,😫😫😭😭❤️❤️❤️❤️❤️,0,2020-03-19T15:04:01Z,2020-03-19T15:04:01Z
UgyIFpWfsDoHR2jri6J4AaABAg,,False,@uran2939,so very cool！！！！✨✨📸,0,2020-03-19T15:04:00Z,2020-03-19T15:04:00Z
UgyDJJ9mKvCEvlN6qKF4AaABAg,,False,@tonantzin6247,"Lo amo, el álbum es arte ✨ 
#SUHO
#SelfPortrait
#EXO
#weareoneEXO",0,2020-03-19T15:04:00Z,2020-03-19T15:04:00Z
UgyeBEmAmvgSAdJrY_h4AaABAg,,False,@alasskasflower,MY PRETTY LEADER I LOVE YOU,0,2020-03-19T15:03:59Z,2020-03-19T15:03:59Z
UgxSGXHPtGT0MiJ_bah4AaABAg,,False,@Candy.l94,فديتك من فدي من الطول للبدي مدري شلون المهم فـديتك,5,2020-03-19T15:03:58Z,2020-03-19T15:17:03Z
UgxSGXHPtGT0MiJ_bah4AaABAg.96OMQi7f1TG96ONkPRoWv6,UgxSGXHPtGT0MiJ_bah4AaABAg,True,@adan-so8gi,بدون ايموجي يجمد المشاهداات,0,2020-03-19T15:15:32Z,2020-03-19T15:15:32Z
UgxSGXHPtGT0MiJ_bah4AaABAg.96OMQi7f1TG96ONoRpGZRo,UgxSGXHPtGT0MiJ_bah4AaABAg,True,@exolforaver3335,احذفي الاموجي اذا كنتي تحبي سوهو وتبين تدعميه,0,2020-03-19T15:16:05Z,2020-03-19T15:16:05Z
UgxSGXHPtGT0MiJ_bah4AaABAg.96OMQi7f1TG96ONyMygMXU,UgxSGXHPtGT0MiJ_bah4AaABAg,True,@Candy.l94,سوري نسيت من الحماس حطيت ايموجي,0,2020-03-19T15:17:27Z,2020-03-19T15:17:27Z
UgzemUG7YPXhdyXCosZ4AaABAg,,False,@mathi6653,Y so pretty,0,2020-03-19T15:03:58Z,2020-03-19T15:03:58Z
Ugz5nRXZcvcZiwA59U94AaABAg,,False,@yflee0522,my only lover 💗SUHO💖,0,2020-03-19T15:03:58Z,2020-03-19T15:03:58Z
UgwKEJOon3YIN9RRcIl4AaABAg,,False,@anitasari8911,Commet ke 99,0,2020-03-19T15:03:58Z,2020-03-19T15:03:58Z
UgxfI06gG--3RnrXxWx4AaABAg,,False,@betulcomet3358,he is the art.,0,2020-03-19T15:03:58Z,2020-03-19T15:03:58Z
Ugx7tsocpYRYo1MHKBF4AaABAg,,False,@StoryKids4millon,Wooooow amazing,0,2020-03-19T15:03:58Z,2020-03-19T15:03:58Z
UgytvHXawg5HuX6LZdd4AaABAg,,False,@alapizyl4502,SUHO IS GOD!!!,0,2020-03-19T15:03:58Z,2020-03-19T15:03:58Z
Ugwg8q_i6tf3fie6zyN4AaABAg,,False,@moonlightm.aeri4life524,"*Suho really does look like a guardian, truly an angel ^^*",16,2020-03-19T15:03:58Z,2020-03-19T15:03:58Z
UgysYTH3pZNRNdRCk7p4AaABAg,,False,@NgocNguyen-kc7uv,잘 생겼다,0,2020-03-19T15:03:58Z,2020-03-19T15:03:58Z
Ugz3wkvHOy1Vmfgh2kl4AaABAg,,False,@freepalestine3694,"Im really excited,  suho oppa 사랑해 오빠 we are one
Arab fan",0,2020-03-19T15:03:58Z,2020-03-19T15:03:58Z
Ugx4R1vonN7pdG0bA_p4AaABAg,,False,@lovelyathy,"IT'S COMING BITCHEEEEEEES
SUHO'S SOLO CAREER IS COMING
REJOICE",0,2020-03-19T15:03:58Z,2020-03-19T15:03:58Z
UgyWQ_qFIbqy2E_ay0x4AaABAg,,False,@MRKPOP712,EXO,0,2020-03-19T15:03:57Z,2020-03-19T15:03:57Z
UgxFKadJVoM2PayL6fh4AaABAg,,False,@lu280,YES,0,2020-03-19T15:03:57Z,2020-03-19T15:03:57Z
UgymfBbg8zefu-bnPLx4AaABAg,,False,@yakamosu,"bu güzel melodi eğer değerli albümünüz içerisinde yoksa sizin ağzınıza sıçarım, efendim. teşekkürler.",0,2020-03-19T15:03:57Z,2020-03-19T15:03:57Z
Ugyk5ZLFd8nBgPh4bYB4AaABAg,,False,@miinaxoxo6667,Angell suho love you,0,2020-03-19T15:03:56Z,2020-03-19T15:03:56Z
UgyVBV_9gTWNn8ysF_Z4AaABAg,,False,@leeyulight,와 진짜 듣자마자 너무 벅차 심장이 뛴다 준면아 너무 기대돼ㅠㅠㅠㅠ,1,2020-03-19T15:03:55Z,2020-03-19T15:03:55Z
UgxGzkQNX1OkJWKleRl4AaABAg,,False,@ASMA-xl7xe,ليدرنااااااااااا,0,2020-03-19T15:03:55Z,2020-03-19T15:03:55Z
UgzaW2DjnZj2zUtXYm54AaABAg,,False,@DayDayz25,IM SCREAMING MY LUNGES OUT 😡😡🥺❤️❤️,0,2020-03-19T15:03:55Z,2020-03-19T15:03:55Z
UgzVe34WnNELUccKaxd4AaABAg,,False,@tatianabrondo1577,I love youuu so much😍😍,0,2020-03-19T15:03:55Z,2020-03-19T15:03:55Z
UgwN-X07FroYNpxzsQx4AaABAg,,False,@sinemd.5765,fantasticago,0,2020-03-19T15:03:54Z,2020-03-19T15:03:54Z
Ugw6ydZxhOrRQwK2-bh4AaABAg,,False,@thuha8956,ANGELLLLL,0,2020-03-19T15:03:52Z,2020-03-19T15:03:52Z
UgzlY-xC5HtcuSxFgTR4AaABAg,,False,@Ywmyeon,Blue Myeon💙💙💙,0,2020-03-19T15:03:52Z,2020-03-19T15:03:52Z
UgzHg1XIflQzFbwUfQh4AaABAg,,False,@sucinurmalasari6107,♡♡♡,0,2020-03-19T15:03:52Z,2020-03-19T15:03:52Z
Ugw_oDwQTSs17Y6Me7V4AaABAg,,False,@soundaryasundari2265,이 Mood 밝혔네요,0,2020-03-19T15:03:52Z,2020-03-19T15:03:52Z
UgwuBSYap0VatFP-ALt4AaABAg,,False,@rahmawati136,Ini ngapa semakin bening sih diaaa,0,2020-03-19T15:03:51Z,2020-03-19T15:03:51Z
UgwzvfMLhJdHSbv2RjB4AaABAg,,False,@sltt-x1w,어쩌면 좋지 너무 잘생겨서 미치겠네,0,2020-03-19T15:03:51Z,2020-03-19T15:03:51Z
Ugwz99Y3Cyp4Rt4OXmR4AaABAg,,False,@deyeol1583,احيييييهههه احييييهههه ناوي يجلطططنني و ربي بموووتتتت خلاص م الجمال يا عيال 😭😭😭😭😭😭😭😭😭😭😭,0,2020-03-19T15:03:50Z,2020-03-19T15:03:50Z
UgwFNvwCM_OqYZ_IzV94AaABAg,,False,@김봄볕,잘생겼어....,0,2020-03-19T15:03:49Z,2020-03-19T15:03:49Z
Ugw9ZWYMQY23rPdArhR4AaABAg,,False,@imsom1544,Alig bapak Suho ganteng banget😭😭😭😍😍,0,2020-03-19T15:03:49Z,2020-03-19T15:03:49Z
UgyPEqfMTkEac2A9sRR4AaABAg,,False,@말랑콩떡갱얼쥐,아 김준면 개잘생겼어ㅠㅠㅠㅠㅠㅠㅠㅠㅠㅠㅠㅠㅠㅠㅠㅠㅠㅠㅠㅠㅠㅠ 진짜 이게 나라다,0,2020-03-19T15:03:49Z,2020-03-19T15:03:49Z
UgwQOi5jtkZCvEM6mAh4AaABAg,,False,@MRKPOP712,🇮🇶,0,2020-03-19T15:03:49Z,2020-03-19T15:03:49Z
UgxfZDBH2CU8UJcpOM94AaABAg,,False,@notasdechocolate,Me hago caca. Bebé precioso uwu,0,2020-03-19T15:03:49Z,2020-03-19T15:03:49Z
UgzHR398CpJ14HwgJ5F4AaABAg,,False,@다온-h2g8j,우앙 잘생겨써요,1,2020-03-19T15:03:49Z,2020-03-19T15:03:49Z
UgwixWRHac-_x0CI-Pt4AaABAg,,False,@marijouli2869,Amazing wonderful cool beautiful,0,2020-03-19T15:03:48Z,2020-03-19T15:03:48Z
Ugw7TVW2A79qkJ3UDIR4AaABAg,,False,@now_uj,얼굴이 진짜 복지다 최고다,0,2020-03-19T15:03:48Z,2020-03-19T15:03:48Z
UgyodckgS3PdgZEApbJ4AaABAg,,False,@misha5973,❤️💝💯🐰,0,2020-03-19T15:03:48Z,2020-03-19T15:03:48Z
UgzhOyAtgkrpCnmN-_14AaABAg,,False,@yesiHDO,جلطه,0,2020-03-19T15:03:47Z,2020-03-19T15:23:01Z
UgzS9-dRwSsz1gSNT_F4AaABAg,,False,@exo3873,Suho,0,2020-03-19T15:03:47Z,2020-03-19T15:03:47Z
Ugz2lmCT83ginrrvgbt4AaABAg,,False,@lulu_9922,Ganteng banget si bang😍,0,2020-03-19T15:03:47Z,2020-03-19T15:03:47Z
UgyZlxUMMtMGTCHCF8B4AaABAg,,False,@이름없음-o1x,작품 잘 봤습니다 관람료는 어디서 내면되죠 ? 핫트에서 앨범 사세요 .,0,2020-03-19T15:03:47Z,2020-03-19T15:03:47Z
UgysRZSPWgcYvD6MKOF4AaABAg,,False,@baekhyun_oppa9357,Woahh.,0,2020-03-19T15:03:46Z,2020-03-19T15:03:46Z
UgzHs1O6klmmk00LuF94AaABAg,,False,@Cleyde19,"Es hermoso!! Te amamos, Sushito!!!",0,2020-03-19T15:03:46Z,2020-03-19T15:03:46Z
UgzhjgvZl-CfpdH6jpJ4AaABAg,,False,@hiswifesuho1583,Annyeonghaseyo 🤩🖤,0,2020-03-19T15:03:46Z,2020-03-19T15:03:46Z
Ugyw0YOZ9UuynEpbfUR4AaABAg,,False,@untildend,이게 영상화보지 이게.... 햐 눈이 호강한다...,0,2020-03-19T15:03:45Z,2020-03-19T15:03:45Z
Ugz7dDVJUnRyqP4h75J4AaABAg,,False,@handitoakoumiibigsayokahit9757,my first love,0,2020-03-19T15:03:45Z,2020-03-19T15:03:45Z
Ugw2uO-XudTmgXsxCO54AaABAg,,False,@sinemd.5765,amazınghage,0,2020-03-19T15:03:45Z,2020-03-19T15:03:45Z
UgzkvRvkkKKLZ9wCUjd4AaABAg,,False,@ayahere8170,احببببببك,1,2020-03-19T15:03:44Z,2020-03-19T15:03:44Z
UgxZb8pc-53t5ukXRVl4AaABAg,,False,@FATIMA-w7f8i,واو شنو هل جمال 😍😍❤,0,2020-03-19T15:03:44Z,2020-03-19T15:03:44Z
UgyW3i3XhLa_hYUdNdZ4AaABAg,,False,@gracyswargiary3599,"How many International fans here ?
I'm Indian Exol",0,2020-03-19T15:03:44Z,2020-03-19T15:03:44Z
UgwHErD2e7uWyupoKnt4AaABAg,,False,@MRKPOP712,🇮🇶,0,2020-03-19T15:03:44Z,2020-03-19T15:03:44Z
UgyR3T9xDKqPRGh12O14AaABAg,,False,@yomdelangel,AAAH I LOVE YOU ❤️,0,2020-03-19T15:03:44Z,2020-03-19T15:03:44Z
Ugw07xOajG1U_vu6qBd4AaABAg,,False,@rawanmutahar3916,Arab exol,0,2020-03-19T15:03:43Z,2020-03-19T15:03:43Z
Ugy854lUc_Qy0wIt9ul4AaABAg,,False,@aduha3782,😘😘😘😘,0,2020-03-19T15:03:43Z,2020-03-19T15:03:43Z
UgwqUD69GPLATobcBNB4AaABAg,,False,@민서-k7l8p,김준면 사랑해 오랑해 육랑해,0,2020-03-19T15:03:42Z,2020-03-19T15:03:42Z
UgxQn8CFufG5yPf7Zqh4AaABAg,,False,@sarasarumonges7131,I Love Kim Jumyeon 😭😭😭❤,0,2020-03-19T15:03:42Z,2020-03-19T15:03:42Z
Ugyk3QcEADQ_ZlcKmiB4AaABAg,,False,@dewidewi9657,chagii aaa,0,2020-03-19T15:03:41Z,2020-03-19T15:03:41Z
UgyoBlmK2nVxuRe9XMh4AaABAg,,False,@souyeol624,I'm so excited i can't wait suho i love you,0,2020-03-19T15:03:41Z,2020-03-19T15:03:41Z
Ugzed9fpzzabUf-v2gZ4AaABAg,,False,@0408-u8h,와....ㅡ아......김중면. .......준면아 사랑해 노래 진짜 기다리고 기다려 알러뷰 아프지말고 우리 행복하자 사랑해❤❤,0,2020-03-19T15:03:41Z,2020-03-19T15:03:41Z
UgzliABuOKNfsqXqQLJ4AaABAg,,False,@jiminpimentel1317,que lindo es precioso,0,2020-03-19T15:03:40Z,2020-03-19T15:03:40Z
UgydtHYHCbbQlrcP7Rl4AaABAg,,False,@Oxyginth1,Aaaaahh I cAnT he is handsome,0,2020-03-19T15:03:40Z,2020-03-19T15:03:40Z
UgwMl18x14vFOVEV4ex4AaABAg,,False,@ref4514,Oh my lord!,0,2020-03-19T15:03:40Z,2020-03-19T15:03:40Z
UgwlicKrUaErtyJCQLR4AaABAg,,False,@byunvivian3947,Kim sana bu kadar güzel ol dedi kimmmmmmmmm,0,2020-03-19T15:03:40Z,2020-03-19T15:03:40Z
UgxSyubc0dwW1dPMYVp4AaABAg,,False,@ofiraharon7065,Art❤👌,1,2020-03-19T15:03:40Z,2020-03-19T15:03:40Z
UgwHKOR1r_N8-CcrYtt4AaABAg,,False,@maghfiratusaddiyah4364,Excitedd!!,1,2020-03-19T15:03:40Z,2020-03-19T15:03:40Z
Ugx8__pB-Dd7uH4hPgZ4AaABAg,,False,@liel820,김준면 사랑해 최고다 ㅠㅠㅠㅠㅠㅠㅠㅠㅠㅠㅠㅠㅠㅠㅠㅠㅠㅠㅠㅠㅠㅠㅠㅜㅠ,1,2020-03-19T15:03:40Z,2020-03-19T15:03:40Z
Ugyoi7AXaPCsHRhb70B4AaABAg,,False,@loey1485l,❤❤❤❤❤,1,2020-03-19T15:03:39Z,2020-03-19T15:03:39Z
UgxHbmSEKQg7XTMwiCt4AaABAg,,False,@gayooniii,김준면 제일 사랑한다구..,1,2020-03-19T15:03:39Z,2020-03-19T15:03:39Z
UgzO7SXSGWt5NrCmQxJ4AaABAg,,False,@theplaymoon1324,✨🐰,1,2020-03-19T15:03:39Z,2020-03-19T15:03:39Z
Ugxtq_T5JsmtHAj83o94AaABAg,,False,@angelinedelerive7405,🥰🥰🥰,0,2020-03-19T15:03:39Z,2020-03-19T15:03:39Z
UgznuF1pxKfpIjMwF3h4AaABAg,,False,@macncheese176,คนดีของน้องงงง,0,2020-03-19T15:03:39Z,2020-03-19T15:03:39Z
UgygxJMFk2ycMUp3hzV4AaABAg,,False,@TuLe-bc3ue,Omg Suho,0,2020-03-19T15:03:38Z,2020-03-19T15:03:38Z
UgyZrdIiSi9EN_snPON4AaABAg,,False,@우아우아우아-f3d,우리 준면이 천사야 천사,0,2020-03-19T15:03:38Z,2020-03-19T15:03:38Z
Ugx2C136-tCJVvM2zjx4AaABAg,,False,@sandysandy1343,💜💜💜,0,2020-03-19T15:03:38Z,2020-03-19T15:03:38Z
UgwwohOR561m5hhLaSV4AaABAg,,False,@rehamswadi,يا كلب شلون تسمح لحالك تطلع بهل شكل الحلو هذا 😰😰⁦♥️⁩⁦♥️⁩,0,2020-03-19T15:03:37Z,2020-03-19T15:03:37Z
UgyAuEm75ZhLEKc1l7F4AaABAg,,False,@lovebhagain5188,Our suho,0,2020-03-19T15:03:37Z,2020-03-19T15:03:37Z
UgwYzyOFVkYf9X4IkPl4AaABAg,,False,@yakeenjasm3027,OMG sohu oppa love you,0,2020-03-19T15:03:37Z,2020-03-19T15:03:37Z
Ugy4Vumrexdt18Kff_F4AaABAg,,False,@whtvr3962,Waaaaaa,0,2020-03-19T15:03:37Z,2020-03-19T15:03:37Z
UgymeBFigeJL0SfbPgJ4AaABAg,,False,@MRKPOP712,🇮🇶,0,2020-03-19T15:03:37Z,2020-03-19T15:03:37Z
UgwDq1tg3nLNrihsnRd4AaABAg,,False,@happinessdelight.,The moles dnfmflddmd,0,2020-03-19T15:03:36Z,2020-03-19T15:03:36Z
Ugy1kAWjlLtuHL6BtGV4AaABAg,,False,@syaniyatuszulfa352,❤,0,2020-03-19T15:03:36Z,2020-03-19T15:03:36Z
UgypjFGCnhK-ZK7LQ6l4AaABAg,,False,@kei-ld1ts,😚😚😚😘😘😘😘😍😍😍😍😍😍,0,2020-03-19T15:03:36Z,2020-03-19T15:03:36Z
UgzCVPHnXydL1yc_bQR4AaABAg,,False,@ddcottonah124,قلبيييييييييييي,0,2020-03-19T15:03:34Z,2020-03-19T15:03:34Z
UgwNjX_Mq7IRA7HGeo54AaABAg,,False,@maramjangez,😭😭❤❤❤❤❤❤,0,2020-03-19T15:03:34Z,2020-03-19T15:03:34Z
UgxsKH47d1mOdC13ddl4AaABAg,,False,@cotton4017,LOVE U,1,2020-03-19T15:03:34Z,2020-03-19T15:03:34Z
UgzXpQ9Yq18uq2Nxdsh4AaABAg,,False,@cherishb0506,인간하프 김준면 늘 응원하고 사랑해💙💙,0,2020-03-19T15:03:33Z,2020-03-19T15:03:33Z
Ugw15Swdsvr9Y6hYV7V4AaABAg,,False,@TuLe-bc3ue,Can't wait,0,2020-03-19T15:03:32Z,2020-03-19T15:03:32Z
UgyjswvSdH8fqWzZdZl4AaABAg,,False,@jennielaychen9885,mY bIaS Is ChEnnn,0,2020-03-19T15:03:32Z,2020-03-19T15:03:32Z
UgyBOFEHVch2uC5vDi94AaABAg,,False,@ASMA-xl7xe,اموووتتتت,0,2020-03-19T15:03:32Z,2020-03-19T15:03:32Z
Ugw0JTayRpLdhcs-J4R4AaABAg,,False,@ayahere8170,😭😭😭😭😭😭😭♥️♥️♥️♥️♥️♥️♥️♥️😭😭😭😭😭😭😭😭😭♥️♥️♥️♥️♥️♥️,1,2020-03-19T15:03:32Z,2020-03-19T15:03:32Z
UgzWU1EAiSxQ1-q9Nkd4AaABAg,,False,@zimzim456,와 벌써부터 좋아,0,2020-03-19T15:03:32Z,2020-03-19T15:03:32Z
UgzBX7--n4uYkIMu7Lx4AaABAg,,False,@User-w1j7b,정말 예쁘다 내 새끼,0,2020-03-19T15:03:32Z,2020-03-19T15:03:32Z
UgwZahJitkyZoBLCLKJ4AaABAg,,False,@ruinayin,y e u so pretty,0,2020-03-19T15:03:31Z,2020-03-19T15:03:31Z
Ugw4FFc9ro6r6Iu0NKp4AaABAg,,False,@lykacamacho9347,Your like angel Bebe😍,0,2020-03-19T15:03:31Z,2020-03-19T15:03:31Z
Ugy5lTKVov1eEzgbmid4AaABAg,,False,@deviameliap,❤️❤️❤️,0,2020-03-19T15:03:31Z,2020-03-19T15:03:31Z
UgzGZiC8mx3BUdoB5F14AaABAg,,False,@psych00naut4,ART,0,2020-03-19T15:03:31Z,2020-03-19T15:03:31Z
Ugyrwcyf7auDQdyXSrV4AaABAg,,False,@yesiHDO,سوهو شنو هل الجمال بموت من جمالك,3,2020-03-19T15:03:31Z,2020-03-19T15:22:48Z
Ugyrwcyf7auDQdyXSrV4AaABAg.96OMNKSpZdq96ONa0cigZZ,Ugyrwcyf7auDQdyXSrV4AaABAg,True,@freepalestine3694,أكسوال بدون ايموجي بليز بجمد مشاهدات,0,2020-03-19T15:14:07Z,2020-03-19T15:14:07Z
Ugyrwcyf7auDQdyXSrV4AaABAg.96OMNKSpZdq96OOZcO5QOD,Ugyrwcyf7auDQdyXSrV4AaABAg,True,@yesiHDO,@@freepalestine3694 اوه نسيت,1,2020-03-19T15:22:40Z,2020-03-19T15:22:40Z
Ugx1fpSBEGrBQe1Ml4h4AaABAg,,False,@majoreyes8206,omg cutie,0,2020-03-19T15:03:30Z,2020-03-19T15:03:30Z
UgwlXJ9_qBy_7Xrqwnh4AaABAg,,False,@aneey3012,so excited😍😍,0,2020-03-19T15:03:30Z,2020-03-19T15:03:30Z
UgyKrzS0g3qnICoXyGd4AaABAg,,False,@putriindahnurjannah,SUHOOO,0,2020-03-19T15:03:30Z,2020-03-19T15:03:30Z
Ugwk4dTp5BFh-5U5QXZ4AaABAg,,False,@vitoriaribeiro3101,🥰,0,2020-03-19T15:03:29Z,2020-03-19T15:03:29Z
Ugyxekf30lGxds1X9sh4AaABAg,,False,@귀여운강아띠,아니 콧대 뭐야 나 방금 등산했잖아..,1,2020-03-19T15:03:29Z,2020-03-19T15:03:29Z
UgytMp54REVjm4All6N4AaABAg,,False,@yutaat0.57inkickitmv,OUR HANDSOME AND TALENTED LEADER,0,2020-03-19T15:03:28Z,2020-03-19T15:03:28Z
UgwwlShj6LLqCT51hVN4AaABAg,,False,@sarahmerida2275,OMG!!!😍😍😍😍😍,0,2020-03-19T15:03:28Z,2020-03-19T15:03:28Z
UgwH43Ley23TgwSav5Z4AaABAg,,False,@라이라이이코이코,우리 준면 솔로 화이팅💪🏻,0,2020-03-19T15:03:28Z,2020-03-19T15:03:28Z
UgwvAcuu1a0vxvXp3-N4AaABAg,,False,@litcheesechannel8166,🙆‍♀️❤,0,2020-03-19T15:03:28Z,2020-03-19T15:03:28Z
UgyTNFzz3GnY7R7Jgsh4AaABAg,,False,@sltt-x1w,시바 존나 잘생겼어,0,2020-03-19T15:03:27Z,2020-03-19T15:03:27Z
UgznWwb15sfBgIISeIV4AaABAg,,False,@husnulkhotimah4968,"heran, kurangnya kamu tuh apa.. perfect banget perasaan :)",0,2020-03-19T15:03:26Z,2020-03-19T15:03:26Z
UgwzU2opYPoS0kmAN1B4AaABAg,,False,@normas4203,I love you,0,2020-03-19T15:03:26Z,2020-03-19T15:03:26Z
UgyLwbu905AvWNmF79B4AaABAg,,False,@mila-jo5jo,garoto vc é tão lindo,0,2020-03-19T15:03:26Z,2020-03-19T15:03:26Z
UgwDPmXhyzo4O6WyEf54AaABAg,,False,@letmeshowur90slooooooove76,BEST LEADER EVER 👑,0,2020-03-19T15:03:26Z,2020-03-19T15:03:26Z
UgzLRNfAk-DJKb_Ggax4AaABAg,,False,@이현이요,아 오빠 너무 잘생겼잖아!!! 나 울어ㅜㅜ,0,2020-03-19T15:03:25Z,2020-03-19T15:03:25Z
UgzvCg_loTRayEEK4ch4AaABAg,,False,@conicisternam,"greatest piece of art, thank you Junmyeon",0,2020-03-19T15:03:25Z,2020-03-19T15:03:25Z
Ugz-73A6GvH2XgORD4Z4AaABAg,,False,@user-on5vu8zc2u,아... 김준면 얼굴 최고된다.... 김준면이 나라다...,0,2020-03-19T15:03:25Z,2020-03-19T15:03:25Z
UgxGivoJJB7epU2SQp14AaABAg,,False,@salsacahya1475,Suho🖤🖤🖤,0,2020-03-19T15:03:24Z,2020-03-19T15:03:24Z
UgzV62dyiryu7s3XnU14AaABAg,,False,@soltaochenkaiflormorena3062,Te amo eres el mejor,0,2020-03-19T15:03:24Z,2020-03-19T15:03:24Z
UgwGRVyLC3mPHmMBMAF4AaABAg,,False,@hanao2040,"Exo-l love you 3000 
From vietnam 🇻🇳",0,2020-03-19T15:03:24Z,2020-03-19T15:03:24Z
UgzlmnUreVT0R1vjGz94AaABAg,,False,@aishwaryathota9595,Suho oppa love you soo much ❤️❤️❤️,0,2020-03-19T15:03:24Z,2020-03-19T15:03:24Z
Ugz8OYWo6lebpIaDDJt4AaABAg,,False,@artitayatamasat2418,Oppa❤️🐰,0,2020-03-19T15:03:24Z,2020-03-19T15:03:24Z
Ugyyxm-_cOLtKXcF3eB4AaABAg,,False,@Lonelylitte,Suho is ART,0,2020-03-19T15:03:24Z,2020-03-19T15:03:24Z
Ugz2ZUDY_uMYw0zVk514AaABAg,,False,@---oi8ch,اكسوال. اكسو راح ينزلون غنية؟ شنو هذا الفيديو؟,5,2020-03-19T15:03:23Z,2020-03-19T15:03:23Z
Ugz2ZUDY_uMYw0zVk514AaABAg.96OMMQuyFbe96OMUkX4r7U,Ugz2ZUDY_uMYw0zVk514AaABAg,True,@rehamswadi,يطعمجي حج والناس راجعين سوهو راح ينزل البوم😅,0,2020-03-19T15:04:31Z,2020-03-19T15:04:31Z
Ugz2ZUDY_uMYw0zVk514AaABAg.96OMMQuyFbe96OMYdaKDYb,Ugz2ZUDY_uMYw0zVk514AaABAg,True,@ayahere8170,لا ولج سوهو راح ينزل اغنيه وكلنه ميتين حماس بكولون اغنيه تجنن مثل يونيفرس 😭😭😭😭😭♥️♥️♥️♥️♥️♥️♥️,0,2020-03-19T15:05:03Z,2020-03-19T15:05:03Z
Ugz2ZUDY_uMYw0zVk514AaABAg.96OMMQuyFbe96OMYyhIFMN,Ugz2ZUDY_uMYw0zVk514AaABAg,True,@yesiHDO,اغنيه لان سوهو (سوهوتي) راح ينزل اغنيه  لان اترسم منفرد,0,2020-03-19T15:05:06Z,2020-03-19T15:05:16Z
Ugz2ZUDY_uMYw0zVk514AaABAg.96OMMQuyFbe96OMbP-sp88,Ugz2ZUDY_uMYw0zVk514AaABAg,True,@d.hassan395,صباح الخير 😂😂😂 حبي رجعي نامي,0,2020-03-19T15:05:34Z,2020-03-19T15:05:52Z
Ugz2ZUDY_uMYw0zVk514AaABAg.96OMMQuyFbe96OMdiI9SJi,Ugz2ZUDY_uMYw0zVk514AaABAg,True,@زنابي-ظ4د,هاذ تيزر البوم سوهو المنفرد الي راح ينزل يوم 30 بالشهر,0,2020-03-19T15:05:53Z,2020-03-19T15:05:53Z
Ugzw2wgG9bA0oZLOKE54AaABAg,,False,@ندىعبدالله-ت9ق,ياخي خلاص نزل الامفي وفكنا قبل لا نموت بصدمه,0,2020-03-19T15:03:23Z,2020-03-19T15:03:23Z
UgzEzCtgCfk0oa0yn9d4AaABAg,,False,@yRemee,Aaaa breathhhh suho wtf are you doing to me,0,2020-03-19T15:03:23Z,2020-03-19T15:03:23Z
Ugw7RYdl2Fpq4aApuDt4AaABAg,,False,@TuLe-bc3ue,Omg,0,2020-03-19T15:03:22Z,2020-03-19T15:03:22Z
Ugwt--IqJ1-0Psj2T9V4AaABAg,,False,@sarang6117,Art ♡,0,2020-03-19T15:03:22Z,2020-03-19T15:03:22Z
UgzkUDjKjhDIp7xlz2V4AaABAg,,False,@Candy.l94,قطنتنه الجميلة,0,2020-03-19T15:03:22Z,2020-03-19T15:17:34Z
Ugz8VoPCOoSwlZrfXvF4AaABAg,,False,@Dudududujinnnn,우리나라는 김준면 보유국이다!!!!!!!!!!!!!!!!,1,2020-03-19T15:03:22Z,2020-03-19T15:03:22Z
Ugy_3F_a82SqrcASTqd4AaABAg,,False,@babaybabay3768,This is I call the art✨😍,0,2020-03-19T15:03:22Z,2020-03-19T15:03:22Z
UgwD8jC81b5_VzLC5TB4AaABAg,,False,@yixingslostbro2999,"*Suho, Really, Worked, Hard. Please, Give, Let's Love, Everything!*",0,2020-03-19T15:03:22Z,2020-03-19T15:03:22Z
UgzCbmyOvuxAKpB3rvp4AaABAg,,False,@turkgulu5216,Geliyor gelmekte olan,0,2020-03-19T15:03:21Z,2020-03-19T15:03:21Z
UgwDx0VDbJMp9z6HPiV4AaABAg,,False,@rania2072,انا ادعمممممممممم,0,2020-03-19T15:03:21Z,2020-03-19T15:03:21Z
Ugx9AdOyVkcnubpMSDV4AaABAg,,False,@hinaparveen6999,This time i am quiet early 😍,0,2020-03-19T15:03:20Z,2020-03-19T15:03:20Z
UgwX0CDh5-7YYvxuFNt4AaABAg,,False,@김유리-r7x3s,2번 깜놀~ㅋㅋㅋㅋㅋ,0,2020-03-19T15:03:20Z,2020-03-19T15:03:20Z
UgwKHPJEqV0Ex15k_f54AaABAg,,False,@marahmaksoud1132,عمررررريييييي أناااا هالوجه و هالشامات,0,2020-03-19T15:03:20Z,2020-03-19T15:03:20Z
UgzBtiLk0XkCP5aBDrd4AaABAg,,False,@EXOLAF,*BEAUTIFUL*,0,2020-03-19T15:03:20Z,2020-03-19T15:03:20Z
UgwzT_YD6Pu08TG7bRR4AaABAg,,False,@lilhory,So excited,0,2020-03-19T15:03:19Z,2020-03-19T15:03:19Z
UgzhDf7oEHs5cpKOU8J4AaABAg,,False,@totoro4885,يعمري,0,2020-03-19T15:03:19Z,2020-03-19T15:03:19Z
Ugz1M6_rupBIwQuIHT94AaABAg,,False,@Dhdgdjskebei,와 저게 사람얼굴이냐....,2,2020-03-19T15:03:19Z,2020-03-19T15:03:19Z
Ugxz_0MCUBE3u9t2omV4AaABAg,,False,@jmk9709,준면아ㅠㅠㅠㅠㅠㅠㅠㅠㅠㅠㅠ,0,2020-03-19T15:03:19Z,2020-03-19T15:03:19Z
Ugy15xcnYKru1U3AsQx4AaABAg,,False,@florenciaballon8743,Angel,0,2020-03-19T15:03:19Z,2020-03-19T15:03:19Z
UgwokYGcLmIgQlOUNkN4AaABAg,,False,@allison_rocket,Beautiful Suho ❤️❤️❤️❤️❤️😍😍😍😍 I cant wait!!!!!!,0,2020-03-19T15:03:19Z,2020-03-19T15:03:19Z
UgyyXNQExwYl7AaFtTt4AaABAg,,False,@esma3566,OMG SUHO YPURE SO AWSOME AND HANSOME AND AMAZING,0,2020-03-19T15:03:18Z,2020-03-19T15:03:18Z
UgwDnNIY0rjYnlnNTQZ4AaABAg,,False,@catton219,Omg so beautiful!,0,2020-03-19T15:03:18Z,2020-03-19T15:03:18Z
UgzVY26lPaqsSjQnadp4AaABAg,,False,@dmdkrzz,내가 누누히 말했지 사랑한다고,0,2020-03-19T15:03:18Z,2020-03-19T15:03:18Z
Ugxz-UM61Qgq_RMW2dN4AaABAg,,False,@user-ch8oq9nr9b,와씨 김준면 이목구비 내미래보다 뚜렷해...미친,0,2020-03-19T15:03:17Z,2020-03-19T15:03:17Z
UgyUdWII_Hih-HjZlg54AaABAg,,False,@jabaekhun3608,Hi suho ❤❤❤,0,2020-03-19T15:03:17Z,2020-03-19T15:03:38Z
UgwF8S_1kal8V4B1T3x4AaABAg,,False,@jesicai.2850,INVETÓ EL MODERN ROCK,0,2020-03-19T15:03:16Z,2020-03-19T15:03:16Z
Ugzbwa3Yb38kZmStsM54AaABAg,,False,@thuyduongnguyen4467,❤❤❤❤,0,2020-03-19T15:03:16Z,2020-03-19T15:03:16Z
UgynHGKRLBLnHeCjwMp4AaABAg,,False,@realchan5877,I'm dead #_#,0,2020-03-19T15:03:16Z,2020-03-19T15:03:16Z
UgysZEkEtKa-je7Dmu14AaABAg,,False,@삼만리-k2j,봐도봐도 이 얼굴 새로워 짜릿해..,0,2020-03-19T15:03:16Z,2020-03-19T15:03:16Z
Ugx0fYA3-rILCInKavF4AaABAg,,False,@ikarimadhani,Hyunggggggggg😭😭😭😭😭,0,2020-03-19T15:03:16Z,2020-03-19T15:03:16Z
Ugw_mYBCRuIXElZ8znR4AaABAg,,False,@user-qj4ly1oq5f,Suho❤,0,2020-03-19T15:03:15Z,2020-03-19T15:03:15Z
UgyQONidXo5ScxaG7494AaABAg,,False,@nanumi8560,우리 리더!!! 대박나자!! ✊,0,2020-03-19T15:03:15Z,2020-03-19T15:03:15Z
UgyqxnXiJ2H9iWu8bbR4AaABAg,,False,@jennysivad3337,GORGEOUS BAEBAE,0,2020-03-19T15:03:15Z,2020-03-19T15:03:15Z
UgyfVvLRB0cPIEgfyKx4AaABAg,,False,@tatynancy4613,Uri super leader hyung... a work of art.. ❤❤❤,0,2020-03-19T15:03:15Z,2020-03-19T15:03:15Z
UgxBtVMu9SIMWEhy4kZ4AaABAg,,False,@blueberry7869,Suho He is handsome,13,2020-03-19T15:03:15Z,2020-03-19T15:03:15Z
UgwvenOwKtoHbDXin4Z4AaABAg,,False,@adrianarojas2279,"ERES UN DIOS VISUAL. TE AMO, CONEJITO.",0,2020-03-19T15:03:14Z,2020-03-19T15:03:14Z
Ugx3s1fPiZiO81tFwTB4AaABAg,,False,@이수만내콩팥가져가,티져 노래 너무 내취향이다..어떡해 너무좋아,0,2020-03-19T15:03:14Z,2020-03-19T15:03:14Z
Ugx83hQSCXEO4ezSJyl4AaABAg,,False,@sasikanya1354,😳💓💫,0,2020-03-19T15:03:14Z,2020-03-19T15:03:14Z
Ugy35PyqX6-HtM5JkTB4AaABAg,,False,@miftaharrizqiyahsiregar2346,💕,0,2020-03-19T15:03:14Z,2020-03-19T15:03:14Z
Ugz4Z3iYEcM_3jFIPHd4AaABAg,,False,@Rock5272,Handsome Leader😍😍😍this is aesthetic 😍😘,0,2020-03-19T15:03:13Z,2020-03-19T15:03:13Z
UgyH8itCtqZ0xLxbvw54AaABAg,,False,@jeonhankook8803,"ملك جمال ♡
قلب الصغير لايحتمل ♡",12,2020-03-19T15:03:13Z,2020-03-19T17:22:53Z
UgyH8itCtqZ0xLxbvw54AaABAg.96OML89PUJg96ONA_AhlxQ,UgyH8itCtqZ0xLxbvw54AaABAg,True,@freepalestine3694,"بدون ايموجي بجمد مشاهدات بليز أكسوال 
يسلمو مسبقا",0,2020-03-19T15:10:30Z,2020-03-19T15:10:30Z
UgyH8itCtqZ0xLxbvw54AaABAg.96OML89PUJg96ObHuXCMoo,UgyH8itCtqZ0xLxbvw54AaABAg,True,@jeonhankook8803,@Soka J.V.C  ماشي ;-),1,2020-03-19T17:22:35Z,2023-11-01T00:32:08Z
UgyFgPUaXihxpOyAjdh4AaABAg,,False,@benjawan_phruek,King ! 👑,0,2020-03-19T15:03:12Z,2020-03-19T15:03:12Z
UgwxAWs6j24PNx93om94AaABAg,,False,@rehamswadi,يول يجنن😭😭😭,0,2020-03-19T15:03:11Z,2020-03-19T15:03:11Z
UgydHpJ4MwytJNdqyZ94AaABAg,,False,@loey0825,suho!!😩♥️,0,2020-03-19T15:03:11Z,2020-03-19T15:03:11Z
UgwVLvt4nuCPNwzvKJ14AaABAg,,False,@hye6770,왜이렇게 벅차오르지 ㅠㅠ 준면아 너무 고맙고 사랑해ㅠㅠㅠㅠㅠ 열심히 준비했을 소중한 첫 솔로 많이 응원하고 노력에 꼭 보답할게!,1,2020-03-19T15:03:11Z,2020-03-19T15:03:11Z
UgyjriuDGjql7KtegEV4AaABAg,,False,@neelya1221,That aesthetic tho,0,2020-03-19T15:03:10Z,2020-03-19T15:03:10Z
Ugydcw4BpZerxJvxb0h4AaABAg,,False,@turkgulu5216,The art:),0,2020-03-19T15:03:10Z,2020-03-19T15:03:10Z
Ugym3-4wyanxuNYDB8F4AaABAg,,False,@Candy.l94,ولكم هذا التصوير وييييين,0,2020-03-19T15:03:10Z,2020-03-19T15:03:10Z
UgyeNqCBoIaaczNElpZ4AaABAg,,False,@baekfiore8748,El mejor líder que existe,0,2020-03-19T15:03:10Z,2020-03-19T15:03:10Z
UgxqRF5cLJBouRD1MXx4AaABAg,,False,@cottonbbunny2225,¡¡¡¡Qué emoción!!!!! Ya lo espero con ansias ❤❤,1,2020-03-19T15:03:10Z,2020-03-19T15:03:10Z
Ugxtyvc_F0U5BkKdR7N4AaABAg,,False,@Ray-tv3nx,😭💕,0,2020-03-19T15:03:10Z,2020-03-19T15:03:10Z
Ugzwbkw5fz56U12W1sV4AaABAg,,False,@deya9910,Ganteng banget sih pak❤,0,2020-03-19T15:03:09Z,2020-03-19T15:03:09Z
UgyTCFEh7k7z-uL37GF4AaABAg,,False,@Zynbylmz53,Aferin aslanım yürü exo-L seninle gurur duyuyor,0,2020-03-19T15:03:08Z,2020-03-19T15:03:08Z
UgyFW15nP05XUhjV0mh4AaABAg,,False,@alwayswithexo9115,Siempre nos sorprende nuestro hermoso líder,0,2020-03-19T15:03:08Z,2020-03-19T15:03:08Z
UgyXKcncPGWhA_19ztp4AaABAg,,False,@9d1,Suhoooo,0,2020-03-19T15:03:07Z,2020-03-19T15:03:07Z
Ugy7P11yKwE2v4amqTF4AaABAg,,False,@jesicai.2850,REY DEL MODERN ROCK,0,2020-03-19T15:03:07Z,2020-03-19T15:03:07Z
UgzxpPmRKcDT_Cy7nxR4AaABAg,,False,@jennielaychen9885,Godamnn he is so handsome,0,2020-03-19T15:03:07Z,2020-03-19T15:03:07Z
Ugz9mHhNoshJtET8RV54AaABAg,,False,@EXOL1485lover,King of Kpop Suho,0,2020-03-19T15:03:07Z,2020-03-19T15:03:07Z
Ugwm_Bj8bHLASTdkALl4AaABAg,,False,@superduperman-x5c,아 진짜 너무 좋다.. 수호만의 분위기 최고야 준면아,0,2020-03-19T15:03:06Z,2020-03-19T15:03:06Z
UgzeRDsaEh_J9anyuyV4AaABAg,,False,@pbyrhyuptri,Mass kapass😭❤,0,2020-03-19T15:03:06Z,2020-03-19T15:03:06Z
UgyjGJwI6i9JEkt-KN14AaABAg,,False,@miftaharrizqiyahsiregar2346,🐰,0,2020-03-19T15:03:06Z,2020-03-19T15:03:06Z
UgxhX3D3YEUVpr-gHr14AaABAg,,False,@myssglanders,He is king,1,2020-03-19T15:03:05Z,2020-03-19T15:03:05Z
Ugykcae9cYyckQKnXGd4AaABAg,,False,@ФатимаСайлауова,❤❤❤,0,2020-03-19T15:03:05Z,2020-03-19T15:03:05Z
Ugyk6pl5Wcqj5SHypux4AaABAg,,False,@ref4514,سوهو الحِب !,0,2020-03-19T15:03:05Z,2020-03-19T15:03:05Z
UgwsgOUF45eTqMkS62J4AaABAg,,False,@user-sk3mc9xb3z,미미친 거 아니야,0,2020-03-19T15:03:05Z,2020-03-19T15:03:05Z
UgyXIYkhc8VT4npCIfF4AaABAg,,False,@esma3566,CANT BREATHH,0,2020-03-19T15:03:04Z,2020-03-19T15:03:04Z
UgzrgIg2xIL1iyQA6BN4AaABAg,,False,@Wjfalszla,와 진짜 멋있다,1,2020-03-19T15:03:03Z,2020-03-19T15:03:03Z
UgwERDsuBhDHi7IKkIt4AaABAg,,False,@letmeshowur90slooooooove76,SO BEAUTIFUL 😭🌟🌟,0,2020-03-19T15:03:02Z,2020-03-19T15:03:02Z
Ugy_Rv1v2jqqclZQ3aB4AaABAg,,False,@KAI-qk6vr,Hey beautiful beautiful beautiful beautiful angel,0,2020-03-19T15:03:02Z,2020-03-19T15:03:02Z
Ugykmv-gwrvv8w1ZoB54AaABAg,,False,@rehamswadi,سوهوووووو,0,2020-03-19T15:03:01Z,2020-03-19T15:03:01Z
Ugwy6_Cx-PIQmuABK7N4AaABAg,,False,@점점-s7u,그냥 준면오빠가 다해 ㅜㅜㅜㅜㅜㅜㅜㅜㅜㅜㅜㅜㅜㅜㅜㅜㅜㅜㅜㅜㅜ 존나 잘생겹,0,2020-03-19T15:03:01Z,2020-03-19T15:03:01Z
UgxnNM__-5xOJE-BZBl4AaABAg,,False,@conicisternam,beautiful boy,0,2020-03-19T15:03:01Z,2020-03-19T15:03:01Z
Ugx_IwmJEO61vnOWj-d4AaABAg,,False,@parkluna6251,Waaaaaaaaaah,0,2020-03-19T15:03:01Z,2020-03-19T15:03:01Z
UgzPXURVYoFoUPfTGVF4AaABAg,,False,@지지배배-y3l,준면이 땜에 버틴다,0,2020-03-19T15:03:01Z,2020-03-19T15:03:01Z
Ugx59-9WCopwrtVBDnV4AaABAg,,False,@Candy.l94,لحظة هاي بدبي,0,2020-03-19T15:03:00Z,2020-03-19T15:03:00Z
UgxCQyH5K7j2ai0Q7mh4AaABAg,,False,@beatrikschintya4182,💙💙💙💙💙💙💙💙,0,2020-03-19T15:03:00Z,2020-03-19T15:03:00Z
Ugwq9-DF_sqfvqQAA_t4AaABAg,,False,@iiiyy8575,👏👏👏👏,0,2020-03-19T15:03:00Z,2020-03-19T15:03:00Z
Ugwd4fkIvYI4wVo7dR54AaABAg,,False,@lujann6488,i'm CRYINGGGGG,0,2020-03-19T15:03:00Z,2020-03-19T15:03:00Z
Ugx0wIzKJmAdPJmCS6p4AaABAg,,False,@renrenrenrenrenren,*ابصيححخ متسحممممهسسهههه*,0,2020-03-19T15:03:00Z,2020-03-19T15:03:00Z
UgwHdNAz3rSUyReAFBB4AaABAg,,False,@dramakoreasubindo6746,Suho😣😘😍❤💙💚💛💜🖤💟💞💝,0,2020-03-19T15:02:59Z,2020-03-19T15:02:59Z
UgyHskjjOSLOfq4tU2d4AaABAg,,False,@baekfiore8748,Eres el mejor,0,2020-03-19T15:02:59Z,2020-03-19T15:02:59Z
UgwAy03gFt_-o1HSzTx4AaABAg,,False,@becomi-e4t,최고야 진짜.. 사랑해 김준면  제일 사랑해,2,2020-03-19T15:02:59Z,2020-03-19T15:02:59Z
UgyWoKu9QbIg1Ecu-gt4AaABAg,,False,@una5067,خلاااص زوجونا زوجونا,0,2020-03-19T15:02:59Z,2020-03-19T15:02:59Z
Ugzr2jexJIbEenDDxE54AaABAg,,False,@캐옐YouTube,와...얼굴이..미남..왜 우리 주변에는 저런 분위기 있는 남자가 없는거야 ㅠ,7,2020-03-19T15:02:58Z,2020-03-19T15:02:58Z
Ugwg_8RNn3f_PZHkI7F4AaABAg,,False,@indris4306,Kenapa sih bikin jatuh cinta mulu bete deh whaaa,0,2020-03-19T15:02:58Z,2020-03-19T15:02:58Z
UgyG_9Rb28QI45o6sQB4AaABAg,,False,@재경-j5q,진짜 잘났다..죽을때까지 오빠만 사랑할레...,0,2020-03-19T15:02:58Z,2020-03-19T15:02:58Z
Ugww_i6X7zWZUXFtR6d4AaABAg,,False,@franklin13_17,I thought I miss the official release! I was shock and nervous goodness hun,1,2020-03-19T15:02:58Z,2020-03-19T15:02:58Z
UgyX8Qv6qBoqqX6jyw14AaABAg,,False,@Z_erei0,ليدر قلبي,0,2020-03-19T15:02:58Z,2020-03-19T15:02:58Z
Ugwbcb7Zv-Tz0xPwngN4AaABAg,,False,@exoplantsehun6551,Waaaaaaaaaaaaaaaaaaaaaaaaaaaaaaaaaaaaaaaaaaaaaaaaaaaaaaaaaaaaaaaaaaaaaaaaaaaaaaaaaaaaaaaaaaaa 그래서 이제😌🤚,0,2020-03-19T15:02:57Z,2020-03-19T15:02:57Z
UgyITb88Rg032Cq-arV4AaABAg,,False,@turkgulu5216,Sanat,0,2020-03-19T15:02:57Z,2020-03-19T15:02:57Z
Ugwhe3jCIgN6RNQfVTt4AaABAg,,False,@minkong00104,야 멜로디 이미 끝장났다 ;;;;;,0,2020-03-19T15:02:57Z,2020-03-19T15:02:57Z
Ugw3vNWp5PvPUIAGziB4AaABAg,,False,@swezin_ty8916,ေမာရီွးေဆာ ㅜㅜ,0,2020-03-19T15:02:57Z,2020-03-19T15:02:57Z
UgzOc5SbY858WYgLXsJ4AaABAg,,False,@며니후니,사랑해 준면이 대박나자,0,2020-03-19T15:02:57Z,2020-03-19T15:02:57Z
UgzZZDjn46NSzaW8iSx4AaABAg,,False,@jon_men9018,OMG SUHO We LOVE YOU SO MUCH ❤😆👏✊✊,0,2020-03-19T15:02:57Z,2020-03-19T15:02:57Z
Ugygz0DtIQytvcAvYFh4AaABAg,,False,@zedgirl4923,VSF,0,2020-03-19T15:02:56Z,2020-03-19T15:02:56Z
UgzDRNfCptlFxNtp7tR4AaABAg,,False,@katienassif9427,He is just perfect,0,2020-03-19T15:02:56Z,2020-03-19T15:02:56Z
UgzVeh1Gk_AnrY58ySR4AaABAg,,False,@lovewithEXO,Can't wait,0,2020-03-19T15:02:56Z,2020-03-19T15:02:56Z
Ugy5FiZyYoCfiFTlerp4AaABAg,,False,@TELICIA0618,Little prince Junmyeon😍,0,2020-03-19T15:02:56Z,2020-03-19T15:02:56Z
UgxlV4-mj4hYccgVUD94AaABAg,,False,@rawanm4615,Art💕,0,2020-03-19T15:02:56Z,2020-03-19T15:02:56Z
UgwsznRKuAxvJOof3Qp4AaABAg,,False,@yRemee,ME:BREATHHHHH,0,2020-03-19T15:02:55Z,2020-03-19T15:02:55Z
UgwT-7jaIXQyr6O1DtB4AaABAg,,False,@widyaputrikharisma2257,yaallah cakepp bangettt:(,0,2020-03-19T15:02:55Z,2020-03-19T15:02:55Z
Ugzskh6hs27UDjcqeE14AaABAg,,False,@melaniesimangan7671,#weareoneEXO #suho stay healthy 💞💞💞💞,0,2020-03-19T15:02:55Z,2020-03-19T15:02:55Z
UgxE0TkodYwsBJVJe2t4AaABAg,,False,@gitaa0123,♥,0,2020-03-19T15:02:55Z,2020-03-19T15:02:55Z
UgwXo7W6B6LUDu32Zux4AaABAg,,False,@Clairo.o0,قمررررر,0,2020-03-19T15:02:55Z,2020-03-19T15:02:55Z
UgwkMbGmy8TMl6OKQqV4AaABAg,,False,@alwayswithexo9115,Bellísimo,0,2020-03-19T15:02:54Z,2020-03-19T15:02:54Z
UgwUgkFMpTXVYjBPHXh4AaABAg,,False,@muratgorken7374,I love you Suho❤❤❤Turkish Exo-L,12,2020-03-19T15:02:54Z,2020-03-19T15:02:54Z
Ugx55q8sANejGdmLJdF4AaABAg,,False,@joliegaza,❤️❤️❤️,0,2020-03-19T15:02:54Z,2020-03-19T15:02:54Z
Ugz56ldzH_vzb5anqf54AaABAg,,False,@baekfiore8748,Tr amo,0,2020-03-19T15:02:54Z,2020-03-19T15:02:54Z
UgzQVi0rVQ4ljDCurBx4AaABAg,,False,@Cherrylecy,"Tolong ini Visual nya ngak ngotaaak :"")",0,2020-03-19T15:02:53Z,2020-03-19T15:02:53Z
UgxOFEJ_QQjZ6xkEesB4AaABAg,,False,@l_baegege6588,♥♥♥♥♥♥♥♥   i ove u,0,2020-03-19T15:02:53Z,2020-03-19T15:02:53Z
UgxoFEVmmAyE8cqbLrR4AaABAg,,False,@wkdaltkfkd00ify,준면아 나 진짜 너무 떨려 30일 너무 기다려지고 너무 행복해 최고야 정말...우리 준면이가 써내려간 자화상 너무 기다려진다,1,2020-03-19T15:02:53Z,2020-03-19T15:02:53Z
UgzknXJzUZ8fqCpzz9t4AaABAg,,False,@zedgirl4923,MDSSSS MUITO LINDO,0,2020-03-19T15:02:53Z,2020-03-19T15:02:53Z
UgzZjUidybpK-wcFxS94AaABAg,,False,@xiumin6251,Cannnyyy wait,1,2020-03-19T15:02:52Z,2020-03-19T15:02:52Z
UgwM4-GpbL21D1f0nX54AaABAg,,False,@letmeshowur90slooooooove76,WOWWWWWWW,0,2020-03-19T15:02:52Z,2020-03-19T15:02:52Z
UgwBDFB8w25IYkScP4J4AaABAg,,False,@sooob9801,사랑해 중며나..ㅜㅠㅠㅠㅠ,0,2020-03-19T15:02:51Z,2020-03-19T15:02:51Z
Ugx6F_nhtzEIOSvnE4J4AaABAg,,False,@issabelfigueroa816,I love you suho 💕💕💕💕💕💕,0,2020-03-19T15:02:51Z,2020-03-19T15:02:51Z
Ugy0dF65sypGW-OHTf94AaABAg,,False,@영-e9k,준면아 언제나 최고야 잘하고 있어 ㅠㅠㅠㅠㅠㅠㅠㅠㅠㅠㅠ,0,2020-03-19T15:02:51Z,2020-03-19T15:02:51Z
Ugww8MWdKdf0vPziVdx4AaABAg,,False,@shrouk2915,قلبااااييييي,0,2020-03-19T15:02:50Z,2020-03-19T15:02:50Z
UgzDzMXxuw_f-ZvHQyR4AaABAg,,False,@Z_erei0,انت الافضل على الاطلاق,0,2020-03-19T15:02:49Z,2020-03-19T15:02:49Z
Ugx_UxPN3ITYYF61KUh4AaABAg,,False,@keerthishetty2926,Sooooo Beautiful,0,2020-03-19T15:02:49Z,2020-03-19T15:02:49Z
UgyIjlqKXebLk_4eOMZ4AaABAg,,False,@turkgulu5216,Liderim muuahh,0,2020-03-19T15:02:49Z,2020-03-19T15:02:49Z
UgzzV2w5MvnOdg-xJ-R4AaABAg,,False,@almasarabia6415,Baeee 🥰,0,2020-03-19T15:02:49Z,2020-03-19T15:02:49Z
UgxSEh52LVdKmjlEoHF4AaABAg,,False,@una5067,شهلللللللل جمااال تعبت 😭💔😭💔💔💔,0,2020-03-19T15:02:49Z,2020-03-19T15:02:49Z
Ugw_vrvjxiA3Kr2V2QN4AaABAg,,False,@baekfiore8748,Mi niño bello te amo,0,2020-03-19T15:02:48Z,2020-03-19T15:02:48Z
UgwNw2pGvcoszdHP5mB4AaABAg,,False,@alwayswithexo9115,Arteeeee,0,2020-03-19T15:02:48Z,2020-03-19T15:02:48Z
Ugx2xX4ySHQwMLh58554AaABAg,,False,@lovewithEXO,I love this,0,2020-03-19T15:02:48Z,2020-03-19T15:02:48Z
Ugxy3L-i9Fzy46amI3J4AaABAg,,False,@조규규규규규규현,준면아 내 통장 털리는 소리들린다 왜 즐겁지❤️❤️❤️❤️,0,2020-03-19T15:02:47Z,2020-03-19T15:02:47Z
UgyOd8YRGaa-O2oCJPd4AaABAg,,False,@sanjuanitarodriguezbautist7327,Te Amo,0,2020-03-19T15:02:47Z,2020-03-19T15:02:47Z
UgzcqlDe-HA-nS-iXm14AaABAg,,False,@tuviejaentanga7991,Nuestro líder ❤️❤️❤️,0,2020-03-19T15:02:47Z,2020-03-19T15:02:47Z
UgxFd3HfyWhbU3ErTsx4AaABAg,,False,@Hello-xw3on,김준면 내사랑,1,2020-03-19T15:02:47Z,2020-03-19T15:02:47Z
Ugzyid4TyoElHWbRjEd4AaABAg,,False,@user-em3jc7pt5i,오마이갓오마이갓오마익갓,0,2020-03-19T15:02:47Z,2020-03-19T15:02:47Z
Ugx8hZW4foQYO0-y6ll4AaABAg,,False,@issaseal4241,USISJS,0,2020-03-19T15:02:47Z,2020-03-19T15:02:47Z
Ugy6KiOZOzdWX5RlFjB4AaABAg,,False,@karutksageronnataren8138,Mi bebé se ve tan hermosooo🥰,0,2020-03-19T15:02:46Z,2020-03-19T15:02:46Z
Ugx4-Q0OcHEcn6ehmK54AaABAg,,False,@ixhyuna,😍😍😍😍❤❤❤🤩🤩,0,2020-03-19T15:02:46Z,2020-03-19T15:02:46Z
Ugwc9hYpXkUW-uNOdZx4AaABAg,,False,@bunbo2112,Oppa always love u,0,2020-03-19T15:02:45Z,2020-03-19T15:02:45Z
Ugys6cISV-2NJWB3qvF4AaABAg,,False,@bbhso6363,الستااااااايل ينااااااااااااااس شعروووووووووو سوووووهووووووو,0,2020-03-19T15:02:45Z,2020-03-19T15:02:45Z
Ugx96RXi2t5erOtHBDB4AaABAg,,False,@zedgirl4923,0 DEFEITOS,0,2020-03-19T15:02:45Z,2020-03-19T15:02:45Z
UgxzH5Ynv7yuHlbTPFN4AaABAg,,False,@letmeshowur90slooooooove76,suhoooo,0,2020-03-19T15:02:45Z,2020-03-19T15:02:45Z
UgwxvrKhcq0U1GjDF7x4AaABAg,,False,@xylout3221,Omg he looks so good wth,0,2020-03-19T15:02:45Z,2020-03-19T15:02:56Z
Ugxl_ru_1FYbnCfJSk14AaABAg,,False,@Slowdivelover20,"TE AMO MUCHO MUCHO, NO SABES CUÁNTO, BEBÉ HERMOSO. ESTOY ESPERANDO TU ÁLBUM CON ANSIAS ❤",23,2020-03-19T15:02:44Z,2020-03-19T15:02:44Z
UgyOy4LJ9SljHap5K6J4AaABAg,,False,@روريہالہراويہ,I'm so happy for you 😀😀😁😁😁😁😁,0,2020-03-19T15:02:44Z,2020-03-19T15:02:44Z
UgwBW44M1zoZVKMVIUB4AaABAg,,False,@머머-m3s,준면아 항상 고마워,0,2020-03-19T15:02:43Z,2020-03-19T15:02:43Z
UgwWsHSqPp6dn3puL_p4AaABAg,,False,@계삭함-h1x,💓💓💖💓💕💓💖❤💖❤💕❤💕❤💖❤💕❤💕❤❤💕❤💖💙💋💘💗💝💙💜💚💜💚💜💚💜💜💛💛,0,2020-03-19T15:02:42Z,2020-03-19T15:02:42Z
Ugzrgiz5nw__XMNm18l4AaABAg,,False,@제이름은비밀이에요,사랑해 수호야 ❤️❤️❤️❤️ 나 오늘 엑소 판 지 5주년인데 이런 선물도 받다니 진짜 꿈같다 ㅠㅠ,0,2020-03-19T15:02:42Z,2020-03-19T15:02:42Z
UgzC2oZ5nPj_RksydZF4AaABAg,,False,@lovewithEXO,omg!!!,0,2020-03-19T15:02:42Z,2020-03-19T15:02:42Z
Ugy9FCf-n-JmIIwUSEJ4AaABAg,,False,@EXO악수,"كيف حالك ايها الوسيم  남편과 소호 미래 
 세계에서 악수 최고의 밴드
 世界で最高のバンドアクス
 世界上最好的阿克苏带
 SUHO You are the best captain in the world
احبك موت عليك سوهو
#suho




Exo_l
0:08 ياااا يمااااا نضراتة تجلط وربي
0:10  استغفرالله العظيم اوي شنو هذا الجمال",23,2020-03-19T15:02:41Z,2020-03-19T20:09:59Z
Ugy9FCf-n-JmIIwUSEJ4AaABAg.96OMHGPhKiq96ON9ef4385,Ugy9FCf-n-JmIIwUSEJ4AaABAg,True,@exolforaver3335,بلللييززززز احذفي الاموجي تجمد المشاهداتتت,1,2020-03-19T15:10:23Z,2020-03-19T15:10:23Z
Ugy9FCf-n-JmIIwUSEJ4AaABAg.96OMHGPhKiq96ONFj8adoc,Ugy9FCf-n-JmIIwUSEJ4AaABAg,True,@freepalestine3694,امسحو الايموجي بليز بجمد مشاهدات,1,2020-03-19T15:11:13Z,2020-03-19T15:11:13Z
Ugy9FCf-n-JmIIwUSEJ4AaABAg.96OMHGPhKiq96ONQQiX1QV,Ugy9FCf-n-JmIIwUSEJ4AaABAg,True,@EXO악수,ييي اوني حذفتهن,2,2020-03-19T15:12:40Z,2020-03-19T15:12:40Z
Ugy9FCf-n-JmIIwUSEJ4AaABAg.96OMHGPhKiq96ON_hswGrM,Ugy9FCf-n-JmIIwUSEJ4AaABAg,True,@EXO악수,"يي شكرا جزيلا نبهتن همزين حذفت الايمواجي 
شكرا اكسوال",2,2020-03-19T15:14:05Z,2020-03-19T15:14:05Z
Ugy9FCf-n-JmIIwUSEJ4AaABAg.96OMHGPhKiq96OQm-NE7gK,Ugy9FCf-n-JmIIwUSEJ4AaABAg,True,@exolforaver3335,@@EXO악수 شُكرا,1,2020-03-19T15:41:58Z,2020-03-19T15:41:58Z
UgyNZ-rq3phUxLHqgDR4AaABAg,,False,@Z_erei0,احبك,0,2020-03-19T15:02:41Z,2020-03-19T15:02:41Z
Ugzlp-lSkzwXk7gZcXt4AaABAg,,False,@irmayanti2849,Like u,0,2020-03-19T15:02:41Z,2020-03-19T15:02:41Z
UgxKFiLBjK1RDCaJbtB4AaABAg,,False,@nnn-by9bh,Love u from Iraq,1,2020-03-19T15:02:40Z,2020-03-19T15:02:40Z
Ugyjj08VJUSu1DlXuBJ4AaABAg,,False,@sjdhsljdldj,Will be perfect,0,2020-03-19T15:02:40Z,2020-03-19T15:02:40Z
UgyVVsYhIoZ6jqtFUVN4AaABAg,,False,@limjoewie4132,😍😍😍,0,2020-03-19T15:02:40Z,2020-03-19T15:02:40Z
Ugw5gEJxrX2fRbatU3l4AaABAg,,False,@baekzreal,With every second Junmyeon gets prettier❤,0,2020-03-19T15:02:39Z,2020-03-19T15:02:39Z
UgwR-zBSMAorpjNmfRF4AaABAg,,False,@sebahikarakus4903,So HANDSOME,0,2020-03-19T15:02:39Z,2020-03-19T15:02:39Z
Ugy7yHNbA3rkd5L2uMV4AaABAg,,False,@bloomblue4353,ART 🙌,0,2020-03-19T15:02:38Z,2020-03-19T15:02:38Z
Ugw1aCI0X0NUip4Gik54AaABAg,,False,@cissis,ART. HE'S PURE ART.,0,2020-03-19T15:02:38Z,2020-03-19T15:02:38Z
UgynpMwX3JsFnyQqZ9t4AaABAg,,False,@y6905,ㅜㅜㅠㅠㅠㅜㅜㅜㅜㅜㅜ오빠ㅜㅜㅜㅜㅜㅜㅜㅜㅜㅜㅜㅜㅜㅜㅜㅜㅜㅜㅜㅜㅜㅠㅠㅠㅠ,0,2020-03-19T15:02:37Z,2020-03-19T15:02:37Z
Ugw-xCCcG0y5JcApLHp4AaABAg,,False,@zedgirl4923,PERFEITOOO,0,2020-03-19T15:02:37Z,2020-03-19T15:02:37Z
UgyB53IDaPUm3SiAXZV4AaABAg,,False,@meoyaww,"WHAT AN ANGEL😭❤
I CAN'T WAIT FOR THE RELEASE ANYMORE💕💕",7,2020-03-19T15:02:37Z,2020-03-19T15:02:37Z
Ugy7Mfl8OihHw3GUX4F4AaABAg,,False,@letmeshowur90slooooooove76,LOVE YOUUUU,0,2020-03-19T15:02:36Z,2020-03-19T15:02:36Z
Ugyiw9DjnQFtaOuC5xZ4AaABAg,,False,@ami-th5qo,I LOVE THIS MAN🖤🥺,0,2020-03-19T15:02:36Z,2020-03-19T15:02:36Z
UgwEreXIdXyFjxN41Vt4AaABAg,,False,@wordwildelisa804,I love uuuuuu💓💓💓,0,2020-03-19T15:02:35Z,2020-03-19T15:02:35Z
UgysuRoGqpxOgnir1KR4AaABAg,,False,@Mvhdiye,Oh My Lord🌠,0,2020-03-19T15:02:35Z,2020-03-19T15:02:35Z
Ugz49aDoOpV-qg9B3XJ4AaABAg,,False,@Bbbhhhbbb,30일까지 기달리기 너무 힘들어요ㅠㅠㅠㅠㅠㅠㅠㅠㅠ,0,2020-03-19T15:02:34Z,2020-03-19T15:02:34Z
UgwC2-TVGqBpZt9paYB4AaABAg,,False,@명란-r7c,와 대박..................,0,2020-03-19T15:02:34Z,2020-03-19T15:02:34Z
UgzuF-sMB3yQuHybyIR4AaABAg,,False,@Blue-f9m,오빠아아❤❤😍,0,2020-03-19T15:02:34Z,2020-03-19T15:02:34Z
Ugyago1x_Ib1O5xolbl4AaABAg,,False,@아침녘-c8v,준면아 최고야ㅠㅠㅠㅠㅠㅠㅠㅠㅠㅠㅠㅠㅠ 수호 최고,0,2020-03-19T15:02:32Z,2020-03-19T15:02:32Z
UgxfatfGXOdI6ru1VuJ4AaABAg,,False,@ultimatemegaassfart2000,supposed to be studying lol,0,2020-03-19T15:02:32Z,2020-03-19T15:02:32Z
UgzRDPc52Kj7rdUhfX14AaABAg,,False,@iamyoonji,"우리 평생 함께 사랑,하자🤍 준면아 솔로 진심으로 축하해!",1,2020-03-19T15:02:32Z,2020-03-19T15:02:32Z
Ugx_Bohmlmb0-kg1o_R4AaABAg,,False,@bbhso6363,يماااااماااا شو هل جماااااال,0,2020-03-19T15:02:31Z,2020-03-19T15:02:31Z
Ugyw9FS3HTyAVPocDVx4AaABAg,,False,@bunnyhoney5182,Suho,0,2020-03-19T15:02:30Z,2020-03-19T15:02:30Z
UgwlYtY_w_okGlbuwqR4AaABAg,,False,@myring1211,진짜 조각이다 오빠,0,2020-03-19T15:02:30Z,2020-03-19T15:02:30Z
UgxgiLI9L1QdZPHoksR4AaABAg,,False,@vuldvk,ㅠㅠ❤ suho we love you🥺,0,2020-03-19T15:02:29Z,2020-03-19T15:02:29Z
UgxpwRFLof4yYCNO0PZ4AaABAg,,False,@nnn-by9bh,فدوووة,0,2020-03-19T15:02:29Z,2020-03-19T15:02:29Z
UgwRXeJUeRVLo_fn0AN4AaABAg,,False,@D4RKMALFOY,apa gua doang cowok yg idol in suho?,0,2020-03-19T15:02:28Z,2020-03-19T15:02:28Z
Ugx-pljyXP76piVB8HR4AaABAg,,False,@Z_erei0,I love you suho,0,2020-03-19T15:02:27Z,2020-03-19T15:02:27Z
UgxCWAnuxgJISELWrtB4AaABAg,,False,@dwightschrute-b5o,김준면 사랑해,1,2020-03-19T15:02:27Z,2020-03-19T15:02:27Z
UgzZKxJQcPBTS_4xvLJ4AaABAg,,False,@lilicapusine3363,Ommgggg heyyyyyy !!!!!!😭😭😭❤❤❤,0,2020-03-19T15:02:27Z,2020-03-19T15:02:27Z
Ugx1y-jU3u3ZM-pxbqB4AaABAg,,False,@Chupa0506,김준면 사랑해,1,2020-03-19T15:02:27Z,2020-03-19T15:02:27Z
UgyGSYP1BV-0PadpLHF4AaABAg,,False,@yeogowun1,준면아! 미쳤어!!!!!,0,2020-03-19T15:02:26Z,2020-03-19T15:02:26Z
UgzOs5gnsM_FAcs-BkJ4AaABAg,,False,@mokonnika5446,💚💚,0,2020-03-19T15:02:26Z,2020-03-19T15:02:26Z
Ugzo5XJXyU-_-IXNWXZ4AaABAg,,False,@ohoratkkaebsong,*I AM DECEASED*,0,2020-03-19T15:02:25Z,2020-03-19T15:02:25Z
UgyW-sclNi2WNPqxseJ4AaABAg,,False,@bunnyhoney5182,OMG good song,0,2020-03-19T15:02:25Z,2020-03-19T15:02:25Z
UgzOln4y6A2Cc76j8HR4AaABAg,,False,@tonantzin6247,Wooow ❤️❤️,0,2020-03-19T15:02:24Z,2020-03-19T15:02:24Z
Ugy6Cc2OkRxBcRKHvOt4AaABAg,,False,@loeyra_yeoli9320,"‏في كُل مكان أنظره إليهِ أنا أتذكرُ حُبك ، أنتَ عالَمي ❤
‏어디를 봐도 당신의 사랑이 연상됩니다. 당신이 내 세상입니다
‏إذا فعلتُ أي شيّئ صحيح في حيّاتي ، كان عندما أعطيتُكَ قلبي.. ❤
‏내가 내 인생에서 무언가 잘한 게 있다면 당신에게 내 마음을 준 것이다.
‏شُكراً لك لكوّنك دائماً قوّس قَزح الخاص بِي بعدَ العاصِفَه 🌈
‏항상 나에게 폭풍 후 무지개가 되어 줘서 고맙습니다.
‏إبقى هُنا معي .
‏내 곁에 있어줘
‏أُحبك أكثرُ مِن أيّ شيّئ آخر ❤ .
‏당신을 그 어떤 것보다도 더 사랑해요.
‏أنا سأدعمُكَ دائماً ✊
‏난 항상 응원 할게요
‏أنتَ تعلَم بأنني سأكون دائماً بجانِبك ، صحيح؟
‏언제나 응원하는 거 알죠?
‏لا بأس إذا أخطئت .
‏실수해도
لا تنسى بأن تبتسِم .
‏웃음을 잃지 말아요.
بفضلَك ، أنا سعيدَه كُل يّوم 
‏덕분에 매일 행복해요.
كُن سعيداً كُل يوم لأن نِكاتَك/دُعابَتك
تُعدِل/ترفَعُ مِزاجي في كُل وقت .
‏날마다 오빠들이 행복했으면 좋겠어요. 오빠들 장난치는 걸 보면 저까지 덩달아 즐거워지더라구요
انت عملت بجد
‏너는 열심히 일했다
كل شئ سيكون بخير
‏다 잘 될거야!",39,2020-03-19T15:02:22Z,2020-03-19T15:02:22Z
Ugy6Cc2OkRxBcRKHvOt4AaABAg.96OMEzwI0wU96OMT9ulUD5,Ugy6Cc2OkRxBcRKHvOt4AaABAg,True,@EXO악수,واو احسنتي اكسوال,0,2020-03-19T15:04:18Z,2020-03-19T15:09:01Z
Ugy6Cc2OkRxBcRKHvOt4AaABAg.96OMEzwI0wU96OMhabYEzm,Ugy6Cc2OkRxBcRKHvOt4AaABAg,True,@ironstark8537,كيف انسخها؟,0,2020-03-19T15:06:25Z,2020-03-19T15:06:25Z
Ugy6Cc2OkRxBcRKHvOt4AaABAg.96OMEzwI0wU96OMnityzoU,Ugy6Cc2OkRxBcRKHvOt4AaABAg,True,@بَيڪهيوُنيةآڪسوُآلُِ,"@@ironstark8537 
نزلي برنامج نسخ الشامل",0,2020-03-19T15:07:15Z,2020-03-19T15:07:15Z
Ugy6Cc2OkRxBcRKHvOt4AaABAg.96OMEzwI0wU96OMqC5QVjw,Ugy6Cc2OkRxBcRKHvOt4AaABAg,True,@freepalestine3694,"اوني ما تحطي ايموجي بتجمد المشاهدات 
فايتنغ",0,2020-03-19T15:07:35Z,2020-03-19T15:07:35Z
Ugy6Cc2OkRxBcRKHvOt4AaABAg.96OMEzwI0wU96OMwW1aCsG,Ugy6Cc2OkRxBcRKHvOt4AaABAg,True,@EXO악수,"@@ironstark8537 
اني هم اريد اعرف شلون",0,2020-03-19T15:08:27Z,2020-03-19T15:08:27Z
UgwehTv-WMa_USvFFmF4AaABAg,,False,@athenamaxima,Te amo SUHO,0,2020-03-19T15:02:22Z,2020-03-19T15:02:22Z
UgwUPsxfEnw7-E9XezV4AaABAg,,False,@talithardeel,👍👍👍👍❤️❤️❤️❤️❤️,0,2020-03-19T15:02:22Z,2020-03-19T15:02:22Z
UgyltYwyUvm67qQqiTZ4AaABAg,,False,@ays780,내가 준면이 너 하나는 꼭 행복하게 해줄게,0,2020-03-19T15:02:20Z,2020-03-19T15:02:20Z
Ugy7DwI1-GW798DC1jl4AaABAg,,False,@reredo8729,سوهووو فايتنق,0,2020-03-19T15:02:19Z,2020-03-19T15:02:19Z
UgxipQi4-zQKdsGFpvZ4AaABAg,,False,@dicnd,하 진짜 누가 여기에다 조각상 갖다놨냐... 이리와 뽀뽀 천번... 사랑하자 김준면...,1,2020-03-19T15:02:18Z,2020-03-19T15:02:18Z
UgwTCbpECpsdykrprA94AaABAg,,False,@1004hours,이 노래.......... 느낌이온다,0,2020-03-19T15:02:18Z,2020-03-19T15:02:18Z
UgxYRPnxYJIAk6eNeil4AaABAg,,False,@물냉면갈비,김준코튼 진짜 최고야...💖,1,2020-03-19T15:02:17Z,2020-03-19T15:02:17Z
UgwNyzc3iK5UlCRVQuR4AaABAg,,False,@loeyra_yeoli9320,"항상 좋은 음악을 줘서 고마워요
‏شكرا لك لأنك دائما تعطينا موسيقى جيده.
‏-울오빠 믿습니다 
‏أثق بالأوبا خاصتي.
‏-올해 열심히하신 모든 것에 감사드립니다! 매순간을 세면서 그 목소리 손꼽아 기다리고 있어요
‏شكرا لك على ما تبذله من العمل الشاق في هذا العالم💓.
My peter pan❤☁️",6,2020-03-19T15:02:16Z,2020-03-19T15:02:16Z
UgzfP1sKGbR-XaaZiwd4AaABAg,,False,@abchoukradhia1537,Fighting our leader Suho !,0,2020-03-19T15:02:16Z,2020-03-19T15:02:16Z
Ugx85E4z_eowDIzXiX94AaABAg,,False,@kgp6113,❤️,0,2020-03-19T15:02:15Z,2020-03-19T15:02:15Z
Ugyjxgm03RekF3l9uF54AaABAg,,False,@marelly1003,Te amo❤️,4,2020-03-19T15:02:14Z,2020-03-19T15:02:14Z
UgzdF0Z1yXqbpegeo_d4AaABAg,,False,@endlessblue9007,"미모가 그저 그림, 그저 작품.",0,2020-03-19T15:02:12Z,2020-03-19T15:02:12Z
UgyGb73RwoPaDsqrNn14AaABAg,,False,@bbhso6363,وااااااااااااااااااااااااااااااااااااااااااااااااااااااااااااااااااااااااااااااااااااااااااااااااااااااااااااااااااااااااااااااا سووووووووووووووهووووووووووو,0,2020-03-19T15:02:09Z,2020-03-19T15:02:09Z
UgzqmB0eo6VVVkS32N94AaABAg,,False,@user-tc7pn7it8k,رجعووووو امقاد مو مصدقة,30,2020-03-19T15:02:09Z,2020-03-19T16:44:36Z
UgzqmB0eo6VVVkS32N94AaABAg.96OMDK-y8f996OMscALOER,UgzqmB0eo6VVVkS32N94AaABAg,True,@exolforaver3335,بليز احذفي الاموجي لانها تجمد المشاهدات,1,2020-03-19T15:07:55Z,2020-03-19T15:07:55Z
UgzqmB0eo6VVVkS32N94AaABAg.96OMDK-y8f996OMwJyMLYx,UgzqmB0eo6VVVkS32N94AaABAg,True,@freepalestine3694,"ما تحطي ايموجي لو سمحتي اوني 
شكرا لوجودك لأنك ارمي انا كمان أكسوال واحب بتس",1,2020-03-19T15:08:25Z,2020-03-19T15:08:25Z
UgzqmB0eo6VVVkS32N94AaABAg.96OMDK-y8f996OY3U1xIjz,UgzqmB0eo6VVVkS32N94AaABAg,True,@user-tc7pn7it8k,اسف نسية,1,2020-03-19T16:45:39Z,2020-03-19T16:45:39Z
UgzqmB0eo6VVVkS32N94AaABAg.96OMDK-y8f996OYBju5f-J,UgzqmB0eo6VVVkS32N94AaABAg,True,@user-tc7pn7it8k,انا احب بطس وبلينك واكسوال بيلي وبس,1,2020-03-19T16:46:47Z,2020-03-19T16:46:47Z
UgzqmB0eo6VVVkS32N94AaABAg.96OMDK-y8f996OafBETuk0,UgzqmB0eo6VVVkS32N94AaABAg,True,@exolforaver3335,@@user-tc7pn7it8k اخخخ فطيت مثلي بس زيدي عليهم كم فرقه وكم مغني,0,2020-03-19T17:17:09Z,2020-03-20T16:29:53Z
Ugw4goaYSZBSxDiEA5R4AaABAg,,False,@Z_erei0,Suho is the best,0,2020-03-19T15:02:08Z,2020-03-19T15:02:08Z
UgzBIzfBmwSdyc0DjZ54AaABAg,,False,@Krystal115,Guapo😍,0,2020-03-19T15:02:05Z,2020-03-19T15:02:05Z
Ugxrsf_DQdOSYkjrBx94AaABAg,,False,@moonlightm.aeri4life524,"*This shows how many people LOVE SUHO as well!*

  |
  |
  |
 \/",476,2020-03-19T15:02:05Z,2020-03-19T15:02:05Z
Ugxrsf_DQdOSYkjrBx94AaABAg.96OMCoHg8Tn98cwwLn0STH,Ugxrsf_DQdOSYkjrBx94AaABAg,True,@starrygloss16,Forever!💜💜💜,3,2020-05-14T09:23:08Z,2020-05-14T09:23:08Z
Ugxrsf_DQdOSYkjrBx94AaABAg.96OMCoHg8Tn9ArCaN7iJRY,Ugxrsf_DQdOSYkjrBx94AaABAg,True,@nazninmubaiya2903,@@starrygloss16 Hey fellow Army💜,0,2020-07-08T15:20:50Z,2020-07-08T15:20:50Z
UgxQC7JXeBh62gAiEXN4AaABAg,,False,@ley7066,♥️♥️♥️♥️♥️♥️♥️♥️♥️❤❤❤❤❤,0,2020-03-19T15:02:02Z,2020-03-19T15:02:02Z
UgwxO467LzYQ-vImj9l4AaABAg,,False,@Z_erei0,Suho 😭😭💜💜,0,2020-03-19T15:01:58Z,2020-03-19T15:01:58Z
UgxEtVa3dr6LmBAHUVF4AaABAg,,False,@ayeshaarfatun1403,Ma baby. So cute❤️,0,2020-03-19T15:01:57Z,2020-03-19T15:01:57Z
UgxDQ6O2DgI_uz6baZ94AaABAg,,False,@미사동회원님,어우 용안ㅇ,0,2020-03-19T15:01:57Z,2020-03-19T15:01:57Z
UgyoZfd7Z2X8FP8EnT14AaABAg,,False,@swagyngi5466,Like a work of art. He's perfect~,41,2020-03-19T15:01:56Z,2020-03-19T15:10:53Z
UgyoZfd7Z2X8FP8EnT14AaABAg.96OMBjoxUST96OMiYUCocm,UgyoZfd7Z2X8FP8EnT14AaABAg,True,@freepalestine3694,"Thanks 
Please dont put emoji ok",0,2020-03-19T15:06:33Z,2020-03-19T15:06:33Z
UgyoZfd7Z2X8FP8EnT14AaABAg.96OMBjoxUST96ONF2TD4mN,UgyoZfd7Z2X8FP8EnT14AaABAg,True,@swagyngi5466,@@freepalestine3694 okey,0,2020-03-19T15:11:07Z,2020-03-19T15:11:07Z
UgyoZfd7Z2X8FP8EnT14AaABAg.96OMBjoxUST96ONnv3gWge,UgyoZfd7Z2X8FP8EnT14AaABAg,True,@freepalestine3694,@@swagyngi5466  thank you very much,0,2020-03-19T15:16:01Z,2020-03-19T15:16:01Z
UgyoZfd7Z2X8FP8EnT14AaABAg.96OMBjoxUST96ONx9iE2C7,UgyoZfd7Z2X8FP8EnT14AaABAg,True,@freepalestine3694,@BTS army thanks,0,2020-03-19T15:17:17Z,2023-11-16T10:36:19Z
Ugws-q6Pcbkoa5x1oEl4AaABAg,,False,@김혜원-v8g,준면아사랑해애애❤️❤️❤️❤️❤️❤️❤️❤️❤️❤️,0,2020-03-19T15:01:55Z,2020-03-19T15:01:55Z
UgzuFcB6p6yoY7TdsYd4AaABAg,,False,@dusbfow,오빠ㅜㅜ진짜예쁘다,0,2020-03-19T15:01:53Z,2020-03-19T15:01:53Z
UgwF_o9Z5MzDO_YOYe14AaABAg,,False,@8icxle_268,💙E💙💙💙💙💙X💙💙💙💙💙O💙💙💙💙💙,1,2020-03-19T15:01:53Z,2020-03-19T15:01:53Z
UgxqcR9Ux156p2_lXux4AaABAg,,False,@kimzoe8175,suho love you 🌦️💜🍭❤️❤️❤️❤️❤️❤️❤️❤️❤️❤️❤️❤️❤️❤️,2,2020-03-19T15:01:51Z,2020-03-19T15:01:51Z
UgxWMU07nQytjvXEZPB4AaABAg,,False,@말랑-d2w,와... 와 김준면 대박이야,0,2020-03-19T15:01:50Z,2020-03-19T15:01:50Z
Ugz32OlWmJ-JHaWsIdZ4AaABAg,,False,@귀여운강아띠,"김: 오빠 
준: 자꾸 그러지마
면: 나 설레잖아",10,2020-03-19T15:01:49Z,2020-03-19T15:01:49Z
Ugzx9ULBjUWxnPX2NeN4AaABAg,,False,@junas2874,Suho😘😍🤩,0,2020-03-19T15:01:49Z,2020-03-19T15:01:49Z
Ugyb31Y3SP02A_3h_D14AaABAg,,False,@optimusmont,Cuando te das cuenta de porque estás enamorada de ellos,0,2020-03-19T15:01:49Z,2020-03-19T15:01:49Z
Ugyfn-ax9Ss2zyL_kIN4AaABAg,,False,@hhyon913,준면아 니가 내 별이다!!!!!!!,0,2020-03-19T15:01:48Z,2020-03-19T15:01:48Z
UgyqjsMz6XKFAIQuAQB4AaABAg,,False,@윤쩡-m5u,울 왕자님 분위기 보소👍👍 토백 심장 쥐고 흔들어여😭,0,2020-03-19T15:01:46Z,2020-03-19T15:01:46Z
UgxTsTzKeKmW3V0E9yx4AaABAg,,False,@aydanasadli9020,Wowww😍😍😍😍😍😍😍How perfect you are?❤❤❤❤❤,0,2020-03-19T15:01:43Z,2020-03-19T15:01:43Z
UgxpMOcN4AltloWxoSR4AaABAg,,False,@dodon7807,김준면이 세계를 하나로 만들것같다 사랑한다 김준면 ㅠㅠ,0,2020-03-19T15:01:40Z,2020-03-19T15:01:40Z
Ugxs8Mrc9Rw-hN3jGWx4AaABAg,,False,@벽에낀토키,미쳤다 ㅠㅠㅠㅠ너무 좋다ㅠㅠㅠㅠㅠㅠㅠㅠㅠㅠㅠㅠㅠ준면이 눈에 우주가 담겨있음 ㅠㅠㅠㅠㅠㅠ,0,2020-03-19T15:01:40Z,2020-03-19T15:01:40Z
UgzzaMl-YbUWDoTzIs14AaABAg,,False,@은퐁이,눈에 보일 수 없는 감정인 사랑이 준면이만 보면 보이는 듯한 기분이야 고마워 준면아,1,2020-03-19T15:01:36Z,2020-03-19T15:01:36Z
UgxQZP1M_0c7_ti_itx4AaABAg,,False,@abchoukradhia1537,واه اول مرة الحق فيد بثوانيه الأولى!,0,2020-03-19T15:01:36Z,2020-03-19T15:01:36Z
UgzsC3qQNdTcqo-Ng5p4AaABAg,,False,@Mawn_x,"Such beauty and grace 🥰❤️ 
True art 🖼  
/chef’s kiss/ 👌🏾👏🏾🤙🏾",10,2020-03-19T15:01:36Z,2020-03-19T15:02:49Z
UgzsC3qQNdTcqo-Ng5p4AaABAg.96OM9KFMGOp96OMmIXAlec,UgzsC3qQNdTcqo-Ng5p4AaABAg,True,@freepalestine3694,"Please don't put emoji its freaze the views 
Fighting",0,2020-03-19T15:07:03Z,2020-03-19T15:07:03Z
UgzsC3qQNdTcqo-Ng5p4AaABAg.96OM9KFMGOp96ON-qhvb8I,UgzsC3qQNdTcqo-Ng5p4AaABAg,True,@Mawn_x,Palestine My love really? I didn’t know that.,0,2020-03-19T15:09:03Z,2020-03-19T15:09:03Z
UgzsC3qQNdTcqo-Ng5p4AaABAg.96OM9KFMGOp96OO2Pk1I3P,UgzsC3qQNdTcqo-Ng5p4AaABAg,True,@freepalestine3694,@@Mawn_x yes,0,2020-03-19T15:18:08Z,2020-03-19T15:18:08Z
UgwK-6z7Rw_M3asg5dp4AaABAg,,False,@sh2o389,아 디졌다 너무 예뻐,0,2020-03-19T15:01:35Z,2020-03-19T15:01:35Z
UgyHm-aAh0zyaml4ycR4AaABAg,,False,@이에즈이,준멘아 사랑한다ㅠㅜㅠㅜㅜㅜ사랑하자ㅜㅜㅜㅜㅜ 솔로앨범 대박나자 사랑해💗,0,2020-03-19T15:01:33Z,2020-03-19T15:01:33Z
UgxrqsYfK6JHAvbdWpx4AaABAg,,False,@다슬-y6z,사랑해 김준면❤️❤️❤️❤️❤️❤️❤️❤️❤️❤️❤️❤️❤️,2,2020-03-19T15:01:31Z,2020-03-19T15:01:39Z
Ugz62VGsSKa2TSQL7394AaABAg,,False,@Gamer12736,Omg can't wait for his comeback ❤️,3,2020-03-19T15:01:29Z,2020-03-19T15:01:29Z
UgyjI81Tvwc52uPnXT54AaABAg,,False,@말랑콩떡-r1v,"핑크바지 마저 잘어울리는 남자,,, 김 준 면!!!",0,2020-03-19T15:01:27Z,2020-03-19T15:01:27Z
Ugz6OAcH-9PrL3n2hk54AaABAg,,False,@sevin39,며니 얼굴이 나라고 복지다,3,2020-03-19T15:01:24Z,2020-03-19T15:01:24Z
Ugx06nCRMAoSBhBqWQB4AaABAg,,False,@xiuxiu_326,사랑해 김준면 (˘̩̩̩ε˘̩ƪ)♡,0,2020-03-19T15:01:20Z,2020-03-19T15:01:20Z
UgxzKYpkD-JEeZSsUId4AaABAg,,False,@sugaringpotato,입 벌리고 보다가 침 나올 뻔 했어 준면아,0,2020-03-19T15:01:19Z,2020-03-19T15:01:19Z
Ugx87m_CDn8pDUEWCOd4AaABAg,,False,@rin5083,This is so exciting!!,0,2020-03-19T15:01:17Z,2020-03-19T15:01:17Z
UgwNg0d5neysLdRNwPt4AaABAg,,False,@abchoukradhia1537,ااااا..,0,2020-03-19T15:01:12Z,2020-03-19T15:01:12Z
UgwccZSHlU9LzVACg4V4AaABAg,,False,@farahekramy4169,ايه الجمال ده بقه,21,2020-03-19T15:01:12Z,2020-03-19T15:01:12Z
Ugzaxit34AFzGbtvQtB4AaABAg,,False,@주아-m9c,이야 잘생겼다,0,2020-03-19T15:01:10Z,2020-03-19T15:01:10Z
UgxvR1ELgq7fvdpTeAJ4AaABAg,,False,@catttyyyy,헐 완전 청춘영화 한 장면,2,2020-03-19T15:01:10Z,2020-03-19T15:01:10Z
UgxtrefW03RXG9wl96J4AaABAg,,False,@dhh1443,너무 예뻐 ㅠㅠㅠㅠ준며나 사랑해ㅠㅠㅠ,0,2020-03-19T15:01:09Z,2020-03-19T15:01:09Z
Ugwrk_THnLyHwNQ9qHB4AaABAg,,False,@user-hb4sr2vn5i,김준면 영원히 따르겠습니다'^'77,7,2020-03-19T15:01:06Z,2020-03-19T15:01:06Z
UgyxGjmPtnk4as22rA94AaABAg,,False,@shahedelsobeihi3941,ااااه ع جمالوووو انا  ♡♡♡,28,2020-03-19T15:01:03Z,2020-03-19T15:07:45Z
UgyxGjmPtnk4as22rA94AaABAg.96OM5ILfq5I96OMf6pHRA1,UgyxGjmPtnk4as22rA94AaABAg,True,@freepalestine3694,"ما تحطي ايموجي بتجمد المشاهدات
فايتنغ",0,2020-03-19T15:06:05Z,2020-03-19T15:06:05Z
UgyxGjmPtnk4as22rA94AaABAg.96OM5ILfq5I96OO0Bl7SAg,UgyxGjmPtnk4as22rA94AaABAg,True,@freepalestine3694,@o`엑소o`장미  حتى ولو تمهيد,0,2020-03-19T15:17:50Z,2023-10-25T04:20:02Z
UgyA_6SOGlqlnZq7YM54AaABAg,,False,@imziwxn,미친.... 얼굴 대유잼,1,2020-03-19T15:00:58Z,2020-03-19T15:00:58Z
UgyUJ2Ksn9bkZK8xaid4AaABAg,,False,@xiomaracalderon6545,Es tan hermoso 😍😍😍,32,2020-03-19T15:00:54Z,2020-03-19T15:00:54Z
UgyUJ2Ksn9bkZK8xaid4AaABAg.96OM4DyZSIA96OMUM9fpUl,UgyUJ2Ksn9bkZK8xaid4AaABAg,True,@freepalestine3694,Dont put emoji please its freez the views,0,2020-03-19T15:04:28Z,2020-03-19T15:04:28Z
Ugx6cJQ_CXUAIifgq-l4AaABAg,,False,@Lee-sz9zx,사랑해,2,2020-03-19T15:00:51Z,2020-03-19T15:00:51Z
UgzvJVDWbaLdBubF0p94AaABAg,,False,@septimentari9335,love you,0,2020-03-19T15:00:50Z,2020-03-19T15:00:50Z
UgyHuVmGkLbVfRJ-pg94AaABAg,,False,@nana66541,"김준면 사랑,하자 ㅠㅠㅠㅠㅠㅠㅠㅠㅠㅠㅠㅠㅠㅠㅠㅠㅠㅠㅠㅠ사랑해 준면 ㅠㅠㅠㅠ",4,2020-03-19T15:00:47Z,2020-03-19T15:00:47Z
UgysMfcxY4m80NXFpnp4AaABAg,,False,@청이-w,진심 수호 얼굴 그저 갓...,17,2020-03-19T15:00:40Z,2020-03-19T15:00:40Z
Ugx1_Ft19KhuFW89peR4AaABAg,,False,@어디든천국일테니,울 존잘 왕자님,3,2020-03-19T15:00:34Z,2020-03-19T15:00:34Z
UgwUBenQ5QvCc00exp94AaABAg,,False,@jooheroes,김준면 사랑해 김준면 최고야 세상에서 제일 사랑해,43,2020-03-19T15:00:34Z,2020-03-19T15:00:34Z
Ugz_yX2fLN4l7pUi8Vx4AaABAg,,False,@안녕-t8e8j,ㅁㅊ 네번째ㅜ,1,2020-03-19T15:00:32Z,2020-03-19T15:00:32Z
UgwKlKhZQDYkfNbfIFF4AaABAg,,False,@꼬다리56,사랑해 김준면,18,2020-03-19T15:00:32Z,2020-03-19T15:00:32Z
UgytOpNji6DLQVL1Ikt4AaABAg,,False,@gabrellangelo8658,"사랑, 하자",6,2020-03-19T15:00:23Z,2020-03-19T15:00:23Z
