comment_id,parent_id,is_reply,author,text,like_count,published_at,updated_at
Ugyc49JrtkQW_l4mZ014AaABAg,,False,@Hosigie,Cutie pies,0,2025-05-15T15:27:08Z,2025-05-15T15:27:08Z
UgwT98ZcyjIG65QEyZF4AaABAg,,False,@MohiniBhojwani,I.N. is so cute and Seungmin is so cute and their smile is like 😊😊❤❤😭😳 WOW,0,2025-05-14T15:24:41Z,2025-05-14T15:24:41Z
UgxB_W6sSPd_t9i8-OF4AaABAg,,False,@carlanmalgas8806,I luv I.N smile and i liv seungmins moves❤,0,2025-05-13T18:41:57Z,2025-05-13T18:41:57Z
UgzNuPLcKZRsxuwe0wF4AaABAg,,False,@NEONIXNOVAS,"4 years ago, Seungmin and I.N. Perfect collab ❤❤❤",0,2025-05-12T21:19:48Z,2025-05-12T21:19:48Z
UgyEE46GEPLLHNGSmCd4AaABAg,,False,@giovanna_gamer815,O.N and Seungmin are always so cute and cute dancing together 🫶,1,2025-05-11T16:42:03Z,2025-05-11T16:42:03Z
UgwOdmtUgM9SVJS5Q6d4AaABAg,,False,@staymiyimneyim,2 baby's together,0,2025-05-03T12:12:42Z,2025-05-03T12:12:42Z
Ugy9_nqqTY8BrwFyHYl4AaABAg,,False,@Sarah-s4l4o,"Their smile is sooooo precious 
Our puppy and baby bread are amazing vocalist, dancers and visuals",1,2025-05-03T10:28:08Z,2025-05-03T10:28:08Z
UgzEbOJXepOO8gQtWYR4AaABAg,,False,@Thebeststayı,Cutee,1,2025-05-01T17:44:13Z,2025-05-01T17:44:13Z
UgwgdbDwFs6Nf5DocXV4AaABAg,,False,@Jennifer-s3k2x,I.N HE IS A PRINCE OF MY KINGDOM 🤴 AND SARANGHAE I.N SARANGHAE I.N SARANGHAE I.N SARANGHAE I.N SARANGHAE I.N YANGJEOGIN YOU ARE SO HANDSOME AND AWESOME YOUR VOICE ANGEL 😇 AND YOU ARE PRINCE 🤴 SO KINDHEARTED YOU ARE 😊💗🩷💌,1,2025-04-29T08:39:28Z,2025-04-29T08:39:28Z
UgzHqu7NyMn0KffdjgZ4AaABAg,,False,@CristianoMachado-xg3yv,Brazil 🇧🇷 ❤,0,2025-04-26T14:55:49Z,2025-04-26T14:55:49Z
UgwaRVYqIdwjuYFixCl4AaABAg,,False,@Piskopat_kapibar,Siz hiçbir linçi hak etmiyorsunuz❤,0,2025-04-26T06:20:02Z,2025-04-26T06:20:02Z
UgzktbDR3dGVfy2TVsh4AaABAg,,False,@rihamestay,مين رجع للفيديو ب☜«2025»؟ 😂😂,2,2025-04-24T17:47:42Z,2025-04-24T17:47:42Z
UgzktbDR3dGVfy2TVsh4AaABAg.AHJ9J2JVysRAHNk2ZvnaY7,UgzktbDR3dGVfy2TVsh4AaABAg,True,@SUENGMIN_IN_THE_BUILDING,Mee,1,2025-04-26T12:34:27Z,2025-04-26T12:34:27Z
UgzktbDR3dGVfy2TVsh4AaABAg.AHJ9J2JVysRAHNl1Q2ZRqD,UgzktbDR3dGVfy2TVsh4AaABAg,True,@rihamestay,@SUENGMIN_IN_THE_BUILDING  yeeeeeeeeeees,0,2025-04-26T12:43:02Z,2025-04-26T12:43:02Z
UgzktbDR3dGVfy2TVsh4AaABAg.AHJ9J2JVysRAHNlV9wgQn2,UgzktbDR3dGVfy2TVsh4AaABAg,True,@SUENGMIN_IN_THE_BUILDING,@rihamestay lol,0,2025-04-26T12:47:06Z,2025-04-26T12:47:06Z
UgxBuIsFNAglRIe9I8V4AaABAg,,False,@seungminloverforeverandever,Seungmin is so cute😊,0,2025-04-20T19:30:59Z,2025-04-20T19:30:59Z
UgwjQbsCS0NFr1qJZYd4AaABAg,,False,@Seungluvvs,MAKNAE(s) ON TOP,0,2025-04-20T19:10:50Z,2025-04-20T19:10:50Z
Ugy3fmtAsQUM4HSn0RB4AaABAg,,False,@AriLisApolo,Vivan los maknaes 😢❤❤❤❤❤,1,2025-04-18T13:52:38Z,2025-04-18T13:52:38Z
Ugwm5R1VSM8ETaaobiZ4AaABAg,,False,@That_lemonade_fan_,Why does no one talk about how good i.n is at dancing hes literally amazing!❤,2,2025-04-16T20:19:13Z,2025-04-16T20:19:13Z
Ugwm5R1VSM8ETaaobiZ4AaABAg.AGzpHkWHW-XAH0sScpQaPX,Ugwm5R1VSM8ETaaobiZ4AaABAg,True,@Jeonginqxx,Yess❤,2,2025-04-17T15:25:23Z,2025-04-17T15:25:23Z
Ugwm5R1VSM8ETaaobiZ4AaABAg.AGzpHkWHW-XAH165PqsdiD,Ugwm5R1VSM8ETaaobiZ4AaABAg,True,@That_lemonade_fan_,❤️,0,2025-04-17T17:33:17Z,2025-04-17T17:33:17Z
UgyseOGMRlqMj1QRjvd4AaABAg,,False,@Yongbokbiggestfangirl,Red fits eat,1,2025-04-14T16:39:47Z,2025-04-14T16:39:47Z
UgzSC6YvTknZhLvOd1Z4AaABAg,,False,@ElizabethAncheta-b7y,Los zapatos desatados de seungmin no lo detienen,0,2025-04-12T18:50:49Z,2025-04-12T18:50:49Z
UgyWz77Yat3qkDc6yaN4AaABAg,,False,@Mahraxplayz,Vocalracha >>,0,2025-04-12T08:11:05Z,2025-04-12T08:11:05Z
UgwNT10wpQKTMNDcDWR4AaABAg,,False,@Innieforlifeee,Omg Jeongins and Seungmins smile is so cute ❤,1,2025-04-04T07:01:09Z,2025-04-04T07:01:09Z
UgxvuCV9kafh_q64QXF4AaABAg,,False,@adrianobrito1574,❤,0,2025-03-27T18:55:43Z,2025-03-27T18:55:43Z
Ugzy0K4lRc6GKOcUHS14AaABAg,,False,@skzabby143,Our babys the puppy and the fox,0,2025-03-27T00:36:03Z,2025-03-27T00:36:03Z
Ugx7FM5GfFAigehg8tZ4AaABAg,,False,@دياناديانا-ر4ح,❤❤❤❤❤,0,2025-03-25T16:54:13Z,2025-03-25T16:54:13Z
Ugx8cgv96fMa9lGjiLl4AaABAg,,False,@Orangkokgabut,IN is very smiling,1,2025-03-25T03:14:11Z,2025-03-25T03:14:11Z
UgyV25V-XtETrO88avd4AaABAg,,False,@Nenenenene0,アイエンの笑顔ってほんとに見てるだけでハッピーになるわ,0,2025-03-20T15:55:35Z,2025-03-20T15:55:35Z
UgxDljQEyXQSLA8Rsfx4AaABAg,,False,@PipiSyasyah,"Other:😎🔥
Duo maknae:🎀😘 cutee",0,2025-03-13T06:59:44Z,2025-03-13T06:59:44Z
UgyEJSJyTWnzN2CGExl4AaABAg,,False,@ミンジ-v2m,アイエン〜スンミン〜可愛いイケメンこの曲好きだよ〜このダンス私も一緒に踊れます。,0,2025-03-12T13:59:32Z,2025-03-12T13:59:32Z
Ugxyb1nYqkcK5EN5QtF4AaABAg,,False,@HomelessAdults,Maknae's on top for sure 😎,0,2025-03-11T07:46:10Z,2025-03-11T07:46:10Z
Ugy8pWRF9dcf_LRLk6R4AaABAg,,False,@Felixfan73,STAY SHOULD ALWAYS STAY,0,2025-03-10T08:53:55Z,2025-03-10T08:53:55Z
UgwDZeFvLd0JVXV8NMZ4AaABAg,,False,@sudevsriman,Seungmin and i.n is a cuti pie 😊😊😊😊😊😊😊😊,0,2025-03-08T06:06:56Z,2025-03-08T06:06:56Z
UgylN6F7aIlWbcdBGIB4AaABAg,,False,@KpopSweetkpop,Seungmin is so cute!,0,2025-03-07T23:50:37Z,2025-03-07T23:50:37Z
UgzdXNmzzzL7MOLQ9Ax4AaABAg,,False,@strayk1zs,whose here in 2025,0,2025-03-07T15:54:48Z,2025-03-07T15:54:48Z
UgynJ6ZOs0uGPe0XVo54AaABAg,,False,@patriciavelezcontreras6257,Me encantan como bailan,0,2025-03-06T17:16:51Z,2025-03-06T17:16:51Z
Ugxy7k1uxQulYbMIiY94AaABAg,,False,@TharsisIsmael,Felix is already well priced???,0,2025-02-28T01:11:13Z,2025-02-28T01:11:13Z
UgxnGv_2pCl2qTdWg8p4AaABAg,,False,@Kkqwiirs,They cute❤️‍🩹❤️‍🩹❤️‍🩹,1,2025-02-20T13:34:58Z,2025-02-20T13:34:58Z
UgyGwaAUKe0zhwcfcsF4AaABAg,,False,@NerymardelcarmenMontero,QUE FLOU,0,2025-02-19T23:35:45Z,2025-02-19T23:35:45Z
UgxdAhUUmrlbxaGtzeh4AaABAg,,False,@VALERIAVASQUEZMOLINA,❤❤️‍🔥❤️‍🔥,0,2025-02-15T03:29:36Z,2025-02-15T03:29:36Z
Ugz8ngkNXQvtX-k5f7R4AaABAg,,False,@АнастасіяЄвдокімова,СИНЧОНЫЫЫЫЫЫЫЫЫЫЫЫЫЫЫЫЫЫЫЫЫЫЫЫЫЫЫЫЫЫЫЫЫЫЫЫЫЫЫЫЫЫЫЫЫЫЫЫЫЫЫЫЫЫЫЫЫЫЫ,0,2025-02-14T11:13:26Z,2025-02-14T11:13:26Z
Ugw3PHRjHaHdBUJSR494AaABAg,,False,@ari_-pe4hq,Mi YouTube el más actualizado 😻,1,2025-02-12T17:50:45Z,2025-02-12T17:50:45Z
UgwsFA3PNO5SY1TSjx14AaABAg,,False,@STAY-FELIX-HYUNJIN,OMGGGG SEUNGMIN AND I.N IS JS SOOOO CUTEEEE<3333,0,2025-02-11T02:11:09Z,2025-02-11T02:11:57Z
Ugyma6jeAL10Cp1fJix4AaABAg,,False,@SAkkura_chann,There dancing skills improved a lot love my mini cutie cute racha😽,0,2025-02-09T10:02:06Z,2025-02-09T10:02:06Z
UgzBguoDMUY1yBwl_TR4AaABAg,,False,@lih1717,400M❤️,0,2025-02-08T04:14:17Z,2025-02-08T04:14:17Z
UgxL7o74ztUmnIchuXZ4AaABAg,,False,@Eva-w2d6r,❤,0,2025-02-06T06:21:32Z,2025-02-06T06:21:32Z
UgwQJWY7RVm_qUYHUSB4AaABAg,,False,@SayedBepary-vc5zw,Man I am not sorry. I am dirty,0,2025-02-05T14:15:29Z,2025-02-05T14:15:29Z
UgzeyzQuxhRrVd8UOhN4AaABAg,,False,@La_1Vida,❤❤❤,0,2025-02-02T10:38:42Z,2025-02-02T10:38:42Z
UgxShcE_2eto1VBsSk14AaABAg,,False,@patriciayazmingonzalezolve8299,❤❤ Love You ❤❤,1,2025-02-01T16:48:35Z,2025-02-01T16:48:35Z
UgziTsbww0yAhVUBSj94AaABAg,,False,@уроки_дуолинго,Какое старое видео мне попалось,0,2025-02-01T01:48:02Z,2025-02-01T01:48:02Z
Ugw8RXOCVAyOHnAn3xh4AaABAg,,False,@str4yBerrysimm,🇹🇷🇹🇷🇹🇷🇹🇷🇹🇷❤️❤️❤️❤️❤️❤️❤️❤️❤️❤️❤️❤️❤️❤️,0,2025-01-31T19:38:25Z,2025-01-31T19:38:25Z
UgzBwlmb4lKPYrjJfk94AaABAg,,False,@StrayAsparagus,"People in 2025
👇",1,2025-01-31T00:50:59Z,2025-01-31T00:50:59Z
UgymxnXx7_WBwRsxMat4AaABAg,,False,@silvana22dantas,seungmin)and i.n 🐕👉👈🦊❤❤👑💫✨,0,2025-01-29T16:56:36Z,2025-01-29T16:56:36Z
UgzJBTZv9rfuy0FhQE94AaABAg,,False,@wusuechar4756,❤,0,2025-01-29T11:47:41Z,2025-01-29T11:47:41Z
UgyNajpwqNXZarcaN2N4AaABAg,,False,@umarturopov2940,I.N❤❤❤,0,2025-01-25T05:45:43Z,2025-01-25T05:45:43Z
UgyId4RSgRzeWbgiLTF4AaABAg,,False,@TeejayAde,Why are they bringing this back❤❤❤,0,2025-01-19T08:52:59Z,2025-01-19T08:52:59Z
UgxM6lQ1TUzCBsXYX8N4AaABAg,,False,@ThatoneGnabNahc,The babies of the group ❤❤❤,0,2025-01-12T19:26:57Z,2025-01-12T19:26:57Z
Ugx1bhkbpi9lXkOprKR4AaABAg,,False,@QiDina,MAKNAE ON TOP 🎉🎉,0,2025-01-04T11:45:01Z,2025-01-04T11:45:01Z
UgyS4JIrvZEGFJuNwox4AaABAg,,False,@GirlmynameisBESTTZUYUNISTA,SEUNIN HITTING HATERS!!,0,2025-01-01T03:14:00Z,2025-01-01T03:14:00Z
UgylHAchB3SG8_TcdkJ4AaABAg,,False,@navyadutt-y5q,Same same but deferent 😂😂,0,2024-12-29T06:10:08Z,2024-12-29T06:10:08Z
UgyBrqbMV_HI1DnoO-B4AaABAg,,False,@KーPOP-a7,マンネズ❤❤❤❤❤,0,2024-12-22T04:39:00Z,2024-12-22T04:39:00Z
UgxzihLCmLg7MAxPYNZ4AaABAg,,False,@abamdeco9552,This. More,0,2024-12-06T06:27:53Z,2024-12-06T06:27:53Z
Ugy7-nr4NxVyOEUmjf54AaABAg,,False,@LinaSeungmin,"Обожаю этих двух милейших и улыбчивых парней ❤❤. Сынмин, Йени, мы любим Вас❤❤.",0,2024-12-05T06:47:04Z,2024-12-05T06:47:04Z
UgyLwbtYk9KnYXdgnU54AaABAg,,False,@sarvinoz.turobova,I LOVE YOUUUUUUUUUUUUUUUUUUUUUUUUUUUUUUUUUUUUUUUUUUUUUUUUUUUUUUUUUUUUUUUUUUUUUUUUUUUUUUUUUUUUUUUUUUUUUUUUUUUUUUUUUUUUUUUUUUUUUUUUUUUUUUUUUUUUUUUUUUUUUUUUUUUUUUUUUUUUUUUUUUUUUUUUUUUUUUUUUUUUUUUUUUUUUUUUUUUUUUUUUUUUUUUUUUUUUUUUUUUUUUUUUUUUUUUUUUUUUUUUUUUUUUUUUUUUUUUUUUUUUUUUUUUUUUUUUUUUUUUUUUUUUUUUUUUUUUUUUUUUUUUUUUUUUUUUUUUUUUUUUUUUUUUUUUUUUUUUUUUUUUUUUUUUUUUUUUUUUUUUUUUUUUUUUUUUUUUUUUUUUUUUUUUUUUUUUUUUUUUUUUUUUUUUUUUUUUUUUUUUUUUUUUUUUUUUUUUUUUUUUUUUUUUUUUUUUUUUUUUUUUUUUUUUUUUUUUUUUUUUUUUUUUUUUUUUUUUUUUUUUUUUUUUUUUUUUUUUUUUUUUUUUUUUUUUUUUUUUUUUUUUUUUUUUUUUUUUUUUUUUUUUUUUUUUUUUUUUUUUUUUUUUUUUUUUUUUUUUUUUUUUUUUUUUUUUUUUUUUUUUUUUUUUUUU!,1,2024-12-04T07:21:24Z,2024-12-04T07:21:24Z
UgxQL4dAudT1niS8fFt4AaABAg,,False,@Aaliyah-w6i,Seungmin’s smile is so cute,0,2024-12-03T03:27:49Z,2024-12-03T03:27:49Z
UgwsI0pr8xHzru0Pn5d4AaABAg,,False,@Marusya7791,Красавцы! Танец супер!❤,0,2024-12-01T11:30:10Z,2024-12-01T11:30:10Z
UgyZ8NJI7Gc_L2-top94AaABAg,,False,@fluffyisfluffy-b7n,who grouped these pookies together,0,2024-11-23T09:57:38Z,2024-11-23T09:57:38Z
UgyCl9aayRtZALUMEUN4AaABAg,,False,@solangemartins7931,❤❤,0,2024-11-21T17:18:41Z,2024-11-21T17:18:41Z
UgzNvlvDmmtno5B-oeB4AaABAg,,False,@straykidsLovers-s7r,Seungin dance is so much good I love you seungin ☺️❤️,1,2024-11-20T06:15:09Z,2024-11-20T06:15:09Z
Ugz02RkXJbTVXd0MJc54AaABAg,,False,@Flx.313,I love them very very much,1,2024-11-12T11:24:53Z,2024-11-12T11:24:53Z
UgxTWXJD53I6hbJFqN94AaABAg,,False,@Realstay_leeknow,MAKNAELERİMİZ💝,0,2024-11-11T08:37:43Z,2024-11-11T08:37:43Z
UgydI24jBC9pjKSdpph4AaABAg,,False,@Cuidadasua,"Tem como não se apaixonar, olha já me apaixonei Kim seungmin,jeongin porque vocês tem que ser tão lindos ❤a voz do Kim seungmin e perfeita e a do i.n tbm e do Han Lee know perfeito",2,2024-11-04T14:48:43Z,2024-11-04T14:49:22Z
UgwbgrlHhCy9sl4o_a14AaABAg,,False,@riddhi-9711,Yeah they make it look easyyy,0,2024-11-01T05:30:38Z,2024-11-01T05:30:38Z
UgzCHshOCmw8-KBapMZ4AaABAg,,False,@Seungjida,Seungmin,9,2024-10-16T05:13:34Z,2024-10-16T05:13:34Z
UgzCHshOCmw8-KBapMZ4AaABAg.A9dZyMh7KYxABJ6pgCG9BO,UgzCHshOCmw8-KBapMZ4AaABAg,True,@Seunxly,Hey seungmin...,1,2024-11-26T14:17:42Z,2024-11-26T14:17:42Z
UgwP-Fju-KycGeSu6kp4AaABAg,,False,@Bangchanismine4ever,Yasss,0,2024-10-15T16:35:23Z,2024-10-15T16:35:23Z
UgzEJMsGKUe3gjy04-Z4AaABAg,,False,@mushtariybonu2010,❤❤❤❤,0,2024-10-11T15:14:02Z,2024-10-11T15:14:02Z
Ugys8qkzXOlk90mQr094AaABAg,,False,@ArchivoCre,Son tan hermosos los amoooooo duo perfecto ❤❤❤❤❤,0,2024-10-10T12:11:12Z,2024-10-10T12:11:12Z
Ugyea8IXL9PS3AcHx7Z4AaABAg,,False,@Sun_Gaming43,🦊+🐶=PERFECTION❤❤❤❤,0,2024-10-09T05:03:35Z,2024-10-09T05:03:35Z
Ugw_FHy3F3UUwVXtO_R4AaABAg,,False,@_luness.,I love Seungmin's face,1,2024-10-06T19:08:44Z,2024-10-06T19:08:44Z
UgweAg_L9gBVmnapsDF4AaABAg,,False,@TruskawkaDwaekkiJiniret,So cute,0,2024-10-02T05:32:47Z,2024-10-02T05:32:47Z
Ugwo-tjXap3Ne4W_4594AaABAg,,False,@gyj_143,"I LOVE YOU SO MUCH, SKZ",0,2024-09-26T10:08:49Z,2024-09-26T10:08:49Z
Ugya_wdRRnwE1Mgsiep4AaABAg,,False,@EmelineSEWA-w8m,Seungmin ❤I.N ❤love you,0,2024-09-25T18:43:29Z,2024-09-25T18:43:29Z
UgyIY1tBDOr_dJCT2y94AaABAg,,False,@TheBridgeSugaWasFrom,They look innocent… I’m scarred,0,2024-09-24T14:12:13Z,2024-09-24T14:12:13Z
UgwYPsDpNUXttAQ9N7x4AaABAg,,False,@rfmb00,Seungminie your shoelace is untied..mind me tying it?,0,2024-09-22T22:40:14Z,2024-09-22T22:40:14Z
UgzrHSXK1pFWT5RPiZF4AaABAg,,False,@Moonlit_Faith_x,THE YOUNGEST KINGS❤❤❤❤,0,2024-09-22T15:01:02Z,2024-09-22T15:01:02Z
UgxCqmswRvGEQkCSr114AaABAg,,False,@Minjin6556-di,"2024?
👇",0,2024-09-21T11:52:11Z,2024-09-21T11:52:11Z
UgzOo1W1LiVLbhkdP8V4AaABAg,,False,@katheleensarmientoferrer8404,❤❤,0,2024-09-15T15:36:46Z,2024-09-15T15:36:46Z
UgyWxjfiUjauQiP9x6J4AaABAg,,False,@annies.2795,2024 STILL MY FAVOURITE SONG 😍😍😍,0,2024-09-15T12:57:27Z,2024-09-15T12:57:27Z
UgxO16_xfnNJk8uc5et4AaABAg,,False,@D3D3-n1p,Our two maknaes slayed❤,0,2024-09-15T11:15:47Z,2024-09-15T11:15:47Z
UgwyiN8Qga9L7TYfSqh4AaABAg,,False,@ENHYPEN_SKZ143,Jeongmin❤,0,2024-09-14T11:17:41Z,2024-09-14T11:17:41Z
Ugyr4_MXlyLFUdEYNpd4AaABAg,,False,@THE.BEST_WOONYOUNG_FAN,"Well, is there a stay greeting in this dance? 😂❤",1,2024-09-14T06:39:01Z,2024-09-14T06:39:01Z
Ugxr_y83DMhuJheaNX14AaABAg,,False,@Nishi_Rukio25,"Felix: 🖤⛓️
I.N: 🩷🎀",2,2024-09-08T10:55:13Z,2024-09-08T10:55:13Z
Ugxr_y83DMhuJheaNX14AaABAg.A87KrRtHVrZAHBJ0uPCwr-,Ugxr_y83DMhuJheaNX14AaABAg,True,@diyarubel1783,You mean Seungmin,0,2025-04-21T16:38:40Z,2025-04-21T16:38:40Z
Ugxr_y83DMhuJheaNX14AaABAg.A87KrRtHVrZAHBbMixucnG,Ugxr_y83DMhuJheaNX14AaABAg,True,@Nishi_Rukio25,"​@diyarubel1783 Sorry, at the moment I didn't know how to distinguish them well.  😔",0,2025-04-21T19:27:41Z,2025-04-21T19:27:41Z
UgwzWV7lX0vxSKq8AeZ4AaABAg,,False,@Em1_bxp,"""Maan,I'm not sorry I'm dirty""",1,2024-09-05T09:37:00Z,2024-09-05T09:37:00Z
Ugw6Iqvo9s4bJVoSbGZ4AaABAg,,False,@MohebM-f1k,Love you,1,2024-08-31T02:45:37Z,2024-08-31T02:45:37Z
UgyPy6DSSUCWoRHi5vx4AaABAg,,False,@ssknkak,すんみん、口(･н･ )ｷｭｯってしてて可愛い😂,0,2024-08-30T17:51:20Z,2024-08-30T17:51:20Z
UgwLNPzAjHWqQixBJk14AaABAg,,False,@elooııs,Suriboom👊,0,2024-08-30T06:52:17Z,2024-08-30T06:52:17Z
UgwAcXVd15XrkrepZ514AaABAg,,False,@HYUNJIN-143-d4h,Seungin 4ever,0,2024-08-28T10:20:32Z,2024-08-28T10:20:32Z
Ugzfnb59hGoTiQJh3iB4AaABAg,,False,@karollinateles,o I.n e meu,0,2024-08-24T15:44:48Z,2024-08-24T15:44:48Z
Ugw76HH7gtbg9pG8EqZ4AaABAg,,False,@НуржанатХайбулаева,"Seungmin:🔥🔥⚡⚡
I. N:🥰😍😘❤❤💖💕💘",0,2024-08-24T12:11:24Z,2024-08-24T12:11:24Z
UgwjbAYY6_m6jo_UJ354AaABAg,,False,@FMS-STAY-SKZ,"I love you, you are the best❤❤❤❤❤❤❤❤❤",0,2024-08-19T13:24:00Z,2024-08-19T13:24:00Z
Ugwv9zOr7ZPg-LuR5X14AaABAg,,False,@mlkhutaoeh,"Хах, вы заметили, что каждая пара - шип))",0,2024-08-18T19:21:14Z,2024-08-18T19:21:14Z
Ugxhmvw2C2LZkdFtsS54AaABAg,,False,@your.favvnamii,Any one else notice how thy lowkey put the ships tg.... Like hyunlix and misung...,0,2024-08-17T04:24:00Z,2024-08-17T04:24:00Z
UgwSsm15Qp1ronPmvpN4AaABAg,,False,@MaristellaAmoroso,❤❤❤❤❤❤❤❤❤❤❤,0,2024-08-15T09:15:17Z,2024-08-15T09:15:17Z
UgyA1uqLTSatYSd13At4AaABAg,,False,@Crianças__stray,O sorriso de Seungmin é muito precioso,0,2024-08-11T17:12:05Z,2024-08-11T17:12:05Z
Ugy9EGYnMfJhAQMsUr54AaABAg,,False,@응애-p1b,이엔아 왜이릏케 기여워??,1,2024-08-07T04:54:19Z,2024-08-07T04:54:19Z
UgyEYzs1r5M32UtG14F4AaABAg,,False,@NeuronNourishment,Their steps are so clear and 🔥 ❤,1,2024-08-02T17:03:48Z,2024-08-02T17:03:48Z
Ugw065YyOdJHfa3Qu1l4AaABAg,,False,@ColieSukasta,Who agrees innie is the cutest,1,2024-08-02T12:12:18Z,2024-08-02T12:12:18Z
UgyEbxyO5AP7fkKpSMp4AaABAg,,False,@MuskanMalik-v5q,You both look so cute 🥰 together 🥰 cutie pie 😻,0,2024-07-31T05:56:16Z,2024-07-31T05:56:16Z
Ugy_lWDRocP0S1y9UZB4AaABAg,,False,@KpopWorldDomination11,"Sorry, can i learn this from u? Its pErFeCt",2,2024-07-30T10:44:58Z,2024-07-30T10:44:58Z
UgxBhKH4xe6jbxfvERp4AaABAg,,False,@sengmin_minho_felix_han,❤❤❤❤,0,2024-07-28T17:11:12Z,2024-07-28T17:11:12Z
UgywN_EPuwuxYs1wx1l4AaABAg,,False,@kittenscreations4080,Then they say “seungmin and I.N and the worst dancers of K-pop “ 💀,2,2024-07-28T15:40:26Z,2024-07-28T15:40:26Z
UgwxdFA_UGe8wWbDGm14AaABAg,,False,@Liyahh292,Too cute to handle,0,2024-07-27T19:05:38Z,2024-07-27T19:05:38Z
UgwgxiiazNeWWa-Y2pJ4AaABAg,,False,@SophiaPelegrin-mj7nv,Cutieee,0,2024-07-27T16:59:37Z,2024-07-27T16:59:37Z
UgywYKp0XQcFTYvZeox4AaABAg,,False,@Weirdo-y2m,I love you guys always and forever,0,2024-07-26T02:09:58Z,2024-07-26T02:09:58Z
UgwJzgltTxLP2CgxeuB4AaABAg,,False,@nelysilva5833,"They're so cute, and sing like angels😇😇❤❤",0,2024-07-26T01:36:55Z,2024-07-26T01:36:55Z
UgxbAoJ51nodRsbxXuF4AaABAg,,False,@myhusbandbangchan,❤ awww they are so cute jeongin and seungmin's smile so sweet and adorable makes me smile too😊,0,2024-07-25T19:27:53Z,2024-07-25T19:27:53Z
Ugy247npMeImFS0UrIh4AaABAg,,False,@fhy577,スンちゃん身のこなしが軽くてかわいい〜！,0,2024-07-24T13:40:29Z,2024-07-24T13:40:29Z
Ugwg2Wly2sL620EZK914AaABAg,,False,@-Whatsafterlike,Seungin'in ilk ve tek aynı sahnede oldukları video,0,2024-07-22T15:59:07Z,2024-07-22T15:59:07Z
UgxXoRhhPNd5HqMOEo54AaABAg,,False,@Melis04-12,모든 스파이크가 수집되었습니다. 😅,2,2024-07-22T11:42:58Z,2024-07-22T11:42:58Z
UgylyMzDF0iqNEnXhMR4AaABAg,,False,@Jujitsukaisenisgoated,2024 anyone 😢🥲,0,2024-07-20T19:00:29Z,2024-07-20T19:00:29Z
UgznkPaLQJsmLw88h5V4AaABAg,,False,@jensooaslı,Bu uymadı yaa,0,2024-07-20T18:28:27Z,2024-07-20T18:28:27Z
Ugw4PjWWLb0jrQFhtil4AaABAg,,False,@MariaMaiaraMariaMaisa-u1y,Eles dois são muito fofos❤❤❤,0,2024-07-20T14:23:02Z,2024-07-20T14:23:02Z
UgxPCuNul92vjT5o9z54AaABAg,,False,@gablomvil,I.N always smiling is SO ADORABLE!!! 😭 😭 😭 😭 ❤❤❤❤,0,2024-07-19T13:23:22Z,2024-07-19T13:23:22Z
UgzvzpLjO-qF5-jR5bd4AaABAg,,False,@Hai_kpopies,Help- their gummy smiles❤❤❤omg i lose my breath- I’m dying-❤,2,2024-07-18T16:53:28Z,2024-07-18T16:53:28Z
Ugx7XJ0DTGPwBlCgiyR4AaABAg,,False,@POLINA-v4j,У меня нет слов<_>,0,2024-07-17T22:37:22Z,2024-07-17T22:37:22Z
UgxYMF9c_TlXNxGptYd4AaABAg,,False,@laissbr,my kids ❤,0,2024-07-16T14:00:49Z,2024-07-16T14:00:49Z
Ugyvb1skgmtm2n9vRHl4AaABAg,,False,@Lixy_love,Джупик понял кого с кем ставить😂❤,0,2024-07-16T09:32:33Z,2024-07-16T09:32:47Z
UgzX2ptbUVw9KG-mJ0x4AaABAg,,False,@Damnstp,Q tiempos,0,2024-07-14T15:08:31Z,2024-07-14T15:08:31Z
UgwafMLnJoF9nCBuo7V4AaABAg,,False,@LaMagno-b9p,Minnie is my bias wrecker. (Seungmin),0,2024-07-11T10:45:17Z,2024-07-11T10:45:17Z
UgyBNX5TC82pCAfn-nF4AaABAg,,False,@Ginane-ly1co,stray kids❤❤felix❤❤lino❤❤In❤❤hyunjin❤❤chan❤❤,0,2024-07-10T12:53:47Z,2024-07-10T12:53:47Z
Ugz4NNODSoC9e8b6Ls14AaABAg,,False,@LeylaAhmed-jo4xv240,I LOVE YOU GUYS PLUS YOU'RE OTHER MEMBERS ❤,2,2024-07-10T12:50:05Z,2024-07-10T12:50:05Z
UgzS8M7hPTN9l0PDkkN4AaABAg,,False,@callmepoppy143,Their outfits are trying to be brighter than them,0,2024-07-09T00:21:01Z,2024-07-09T00:21:01Z
UgyrbeS2TjB0vUZ3RvF4AaABAg,,False,@KhadijaK.502,i.n always ☺😊😁😀,0,2024-07-08T12:13:37Z,2024-07-08T12:13:37Z
UgyS1j9IUee45zKvcXZ4AaABAg,,False,@yejilovee-23,O sorriso do seungim e perfeito e lindo acalmar qualquer pessoa .,0,2024-07-07T16:12:19Z,2024-07-07T16:12:19Z
UgxvJ9VMhLxyJqc_OtJ4AaABAg,,False,@Elringirl,My favorite song ❤🖤,1,2024-07-07T05:45:58Z,2024-07-07T05:45:58Z
UgxYYR_ChV27eg8uUOJ4AaABAg,,False,@MemePlot-p5r,I love it❤,0,2024-07-06T21:19:30Z,2024-07-06T21:19:30Z
UgyimzosGq2uGRAeKnV4AaABAg,,False,@Kpopstan143skz,Why is no one talking abt seungmins shoe lace was tied now untied,0,2024-07-02T17:09:18Z,2024-07-02T17:09:18Z
UgyLiYoPSn-PNySs6IB4AaABAg,,False,@Straykids_4live,So cute 🥰 I love them,0,2024-07-02T14:41:22Z,2024-07-02T14:41:22Z
UgznFLQgNCJryGCCuDh4AaABAg,,False,@MariaVitoria-gn1er,그룹 보컬이 참 아름답네요.😊😊❤❤,1,2024-06-29T22:00:36Z,2024-06-29T22:00:36Z
UgxNFc5jSmtvagqYtvp4AaABAg,,False,@IsabellaRA-xb9st,Mis dos lindos bebés ❣️🤩🥰,0,2024-06-23T13:19:36Z,2024-06-23T13:19:36Z
Ugz-dy9Dj3PS-x1q9EN4AaABAg,,False,@NewKingMiranda,I love i.n,0,2024-06-22T01:27:02Z,2024-06-22T01:27:02Z
UgwOVC3bZkZiLvF73H14AaABAg,,False,@EnedinaBernal-ue8zg,Tan hermozoooos mis babys ❤,0,2024-06-21T17:35:12Z,2024-06-21T17:35:12Z
Ugz3qfvnNUJuZy-kpW54AaABAg,,False,@hayriyeaslan7165,I.N lader pales,0,2024-06-20T14:27:11Z,2024-06-20T14:27:11Z
UgyB5XG1kvdzyvc_JIl4AaABAg,,False,@МатьЧана,Minsung ❤,0,2024-06-18T07:42:19Z,2024-06-18T07:42:19Z
UgwG38pg53SrRdrflaB4AaABAg,,False,@МатьЧана,당신은 모두 너무 귀엽다.,1,2024-06-18T07:41:40Z,2024-06-18T07:41:40Z
UgxKFQD3uB3v_CnkjpZ4AaABAg,,False,@icecreamkitty6408,That was smooth. I loved it. Beautiful,0,2024-06-17T23:50:59Z,2024-06-17T23:50:59Z
Ugwa-Lgvod5afQDEaaF4AaABAg,,False,@GNAB_WITH_STAY,Seungmin and I.N are Amazing Dancers,0,2024-06-15T12:12:11Z,2024-06-15T12:12:11Z
UgyZF_lkqriDGza4BHh4AaABAg,,False,@Анна-скз,Они решили всех парочек с друг другом в танец поставить ?😂,0,2024-06-14T06:15:51Z,2024-06-14T06:15:51Z
UgxyppTlr03OyiR7A2Z4AaABAg,,False,@عليزهير-ه1ظ,"Wow, I'm crazy❤",0,2024-06-13T21:38:58Z,2024-06-13T21:38:58Z
UgyCd4vA3fgg9CCVoIV4AaABAg,,False,@simonarriaga9648,i love you Seungmin❤❤❤❤❤❤❤❤❤❤❤❤❤,1,2024-06-07T22:17:07Z,2024-06-07T22:17:07Z
UgyNw0jAaL6JltvImdV4AaABAg,,False,@Vika.love_123,Хлебушек чонин так мило танцуееет❤❤❤🎉🎉😢😢😊,0,2024-06-04T08:57:36Z,2024-06-04T08:57:36Z
UgyM6aIc9hfQNZYaQlB4AaABAg,,False,@Starvlogsy,Why are these so cute?❤,0,2024-06-04T08:20:17Z,2024-06-04T08:20:17Z
UgznBKQJoLoqh8BYdjV4AaABAg,,False,@小川ひとみ-t8g,ぽやぽやな2人🍒癒しでしかない🍵,1,2024-06-02T11:59:22Z,2024-06-02T11:59:22Z
Ugzw2xvIMuUeUtbAWSp4AaABAg,,False,@hafidzzaid9639,Twin,0,2024-05-31T12:52:46Z,2024-05-31T12:52:46Z
Ugyddc82Rra_12x3xrF4AaABAg,,False,@КрыгинаТатьяна-м8й,❤❤❤❤❤❤❤❤❤❤❤❤❤❤❤❤❤❤❤❤❤❤❤❤❤❤❤❤❤❤❤❤❤❤❤❤❤❤❤❤❤❤❤❤❤❤❤❤❤❤❤❤❤❤❤❤❤❤❤❤❤❤❤❤❤❤❤❤❤❤❤❤❤❤❤❤❤❤❤❤❤❤❤❤❤❤❤❤❤❤❤❤❤❤❤❤❤❤❤❤❤❤❤❤❤,0,2024-05-28T10:23:51Z,2024-05-28T10:23:51Z
Ugyo20aBl29G-k9UoHZ4AaABAg,,False,@СултануМаликова-р2я,❤❤❤❤❤❤❤❤❤❤❤❤❤❤❤❤❤❤❤❤❤,0,2024-05-24T18:54:52Z,2024-05-24T18:54:52Z
Ugz84LOP4CuCq38OK_h4AaABAg,,False,@user-um9jr4fj3ifreddy,나는 길 잃은 아이들을 좋아한다,0,2024-05-20T00:40:43Z,2024-05-20T00:40:43Z
Ugyt34O5qfSeinHprWx4AaABAg,,False,@漣昴,スンミンのお口がめっちゃ犬,0,2024-05-17T05:31:27Z,2024-05-17T05:31:27Z
UgzKKZ5F-lFcxV9r1pB4AaABAg,,False,@SEUNGBERRYMIN,"SEUNGIN HAVE ALWAYS BEEN THE OEST PAIR, SCREW MINSUNG",0,2024-05-17T02:04:15Z,2024-05-17T02:04:15Z
UgzYcPWzEolSuGnuWkd4AaABAg,,False,@НатальяТюленева-р4д,"정인,승민 커플이 돌아왔습니다!!",0,2024-05-12T11:39:40Z,2024-05-12T11:39:40Z
UgzjDd9V3gSekvrsCzt4AaABAg,,False,@Dafna19,"Сынчоны, спасибо! ☀",0,2024-05-11T15:13:53Z,2024-05-11T15:13:53Z
Ugwhegh3q9-Wglv6-Kd4AaABAg,,False,@azraecebalc8961,jeongin lütfen saçını düzel ve çok yakışıklısın,0,2024-05-10T09:54:39Z,2024-05-10T09:54:39Z
UgzIhSeL4sgQXwYLiH94AaABAg,,False,@ItsHopevibes,Awu I. N seungmin my love,0,2024-05-10T03:41:10Z,2024-05-10T03:41:10Z
Ugw28Px9DoGWcxH0Uax4AaABAg,,False,@Stefania.vogel126,2024?,0,2024-05-09T14:01:52Z,2024-05-09T14:01:52Z
Ugz5Zc421FDjQffruR54AaABAg,,False,@i_love_cute_Felix,❤Сынчоны❤,0,2024-05-07T06:06:14Z,2024-05-07T06:06:14Z
UgxTDDtzw3rVBZRKmUl4AaABAg,,False,@UserMoaengerose,Сынмин❤Айен,0,2024-05-06T03:50:25Z,2024-05-06T03:50:25Z
UgzEr9AG_mtZim9qphV4AaABAg,,False,@Izumrad53901,Сынчоны❤,0,2024-05-05T02:39:52Z,2024-05-05T02:39:52Z
UgzxWsbjnshBmAYH4VJ4AaABAg,,False,@sednalbhadl,seungmin  and  i.n.  il ove,0,2024-05-03T13:10:13Z,2024-05-03T13:10:13Z
Ugz6esLt0Z50onpsro14AaABAg,,False,@AnieleSilva-f6k,A música do pou vindo na minha cabeça 😅,0,2024-04-26T17:20:43Z,2024-04-26T17:20:43Z
UgxjLbIrvYRU7PLGBCV4AaABAg,,False,@AMOROSOMARISTELLA-wq8uk,❤❤❤❤❤❤❤,0,2024-04-25T20:29:09Z,2024-04-25T20:29:09Z
Ugz_iQQwjkKiMDUCAPl4AaABAg,,False,@MariaModzelewska-tb8gx,Cool,0,2024-04-22T17:06:22Z,2024-04-22T17:06:22Z
Ugx5iOCE99zPSXuEqlZ4AaABAg,,False,@Sofia_loves_squirrels,"Лисёнок хлебушек и щенок Сынминка такие милые. Знаю что это может быть самый не оригинальный комментарий, но я хочу поддерживать вас во всём даже в самых обычных комментариях❤.",1,2024-04-22T10:22:50Z,2024-04-22T10:22:50Z
Ugw5ukEwDOTiv4S3NzF4AaABAg,,False,@MariaSalles-to9ky,Lindoo💖💖,0,2024-04-22T02:51:47Z,2024-04-22T02:51:47Z
Ugw6wpURUTflT8ImhpN4AaABAg,,False,@h3arts4s0ul,Our puppy seungmin looks cute as always!!,0,2024-04-21T02:00:25Z,2024-04-21T02:00:25Z
UgxknoXUaFt9gjGlFhR4AaABAg,,False,@zgdxx_official,❤❤❤,1,2024-04-20T16:47:16Z,2024-04-20T16:47:16Z
UgyMzmC3HXZdWaJVl494AaABAg,,False,@zgdxx_official,Сынчоны лучшие ❤,1,2024-04-20T16:47:09Z,2024-04-20T16:47:09Z
Ugwkq0WCunD0yANxM7x4AaABAg,,False,@SlavicaSaric-op4nd,❤,0,2024-04-17T12:15:24Z,2024-04-17T12:15:24Z
UgwGbbS76qttXZsCdtl4AaABAg,,False,@RobertoMegia-y8x,Si gracias profe 😮,0,2024-04-15T23:26:05Z,2024-04-15T23:26:05Z
UgxUB6uzzALvZcADrQF4AaABAg,,False,@Heidivillegas-i1g,My ship maknae ❤❤❤❤❤❤❤❤❤❤❤❤❤❤❤❤ #seungin 👈🏻to fall in love with them ❤❤,0,2024-04-15T22:27:21Z,2024-04-15T22:27:21Z
UgwB5dRYiTHODSQFyRZ4AaABAg,,False,@YUQIIMYIDOL,Our clown and our perfect maknae,0,2024-04-14T12:56:56Z,2024-04-14T12:56:56Z
UgzywBSgA8uLo6exMkR4AaABAg,,False,@吉尚-o9q,一番KekkoI❤❤❤❤❤❤❤❤🎉,0,2024-04-14T09:14:12Z,2024-04-14T09:14:12Z
UgzCxBEfiPx-6kfM4ml4AaABAg,,False,@ندينهانيضميدي,I Love you so much I.N and seungmin ❤❤❤,1,2024-04-13T14:43:09Z,2024-04-13T14:43:46Z
Ugy-TVjDGZukouOPBuh4AaABAg,,False,@HYUNRET....,😮❤,0,2024-04-10T09:47:43Z,2024-04-10T09:47:43Z
UgyMnXmoNljn9mgNMQp4AaABAg,,False,@hwangcherii,"I.N : Energy
Seungmin : Smooth
THIS IS PERFECTT",4,2024-04-08T15:34:14Z,2024-04-08T15:34:14Z
UgxlD1VH9t7EzlJbUg14AaABAg,,False,@livelife_g,"안녕하세요, 저는 당신의 열렬한 팬 입니다 ❕이 댓글을 눈치챘다면 답장을 쓰시겠습니까?",0,2024-04-05T15:11:53Z,2024-04-05T15:11:53Z
Ugxrv7appL63VR5AycN4AaABAg,,False,@philipssaudi4597,Best duo,1,2024-04-05T13:06:22Z,2024-04-05T13:06:22Z
Ugy77Z2Fxl_mD6nzLRJ4AaABAg,,False,@dawnmayne3883,I.N being the younest is kinda impressive that he can do such hard moves,0,2024-04-03T21:40:18Z,2024-04-03T21:40:18Z
Ugxv_S6Z3kV1UonjyPp4AaABAg,,False,@BOSS_FF-mp6ns,Сынсоны❤,0,2024-04-03T08:17:21Z,2024-04-03T08:17:21Z
Ugy6jQq3NuxfzLwh3Kd4AaABAg,,False,@minsungfan-ds9zl,i ship,0,2024-03-29T10:19:59Z,2024-03-29T10:19:59Z
Ugygmv4DSONwT6C9hDB4AaABAg,,False,@HelenUchanma,#Hyunlix ❤,0,2024-03-27T17:59:11Z,2024-03-27T17:59:11Z
Ugw7Um9hcdBz7T8Gqgl4AaABAg,,False,@HelenUchanma,#Seungin ❤,2,2024-03-27T17:58:57Z,2024-03-27T17:58:57Z
Ugx_lWyp1WsdxJRAFE54AaABAg,,False,@ClarisaLopez-oe3ro,I like how others had more “power” while dancing and these two are such cuties 😊😊😊😊💗,0,2024-03-26T17:22:57Z,2024-03-26T17:22:57Z
Ugz0qifweNf97nENwfV4AaABAg,,False,@Dramaking_hyunjin,I LOVE YOU STRAY KİDS ❤❤,0,2024-03-26T13:51:30Z,2024-03-26T13:51:30Z
Ugwfl595e5IgjS5Uck54AaABAg,,False,@Jeongin_biased440,Jeongin i love You💕💕,0,2024-03-25T21:15:57Z,2024-03-25T21:15:57Z
Ugx2CeAjFHagQ_EAnih4AaABAg,,False,@heeyaszx,Seungmin is too cute to be so serious 😂,1,2024-03-23T14:08:20Z,2024-03-23T14:08:20Z
UgyGy10T4GpwHnyca514AaABAg,,False,@heeyaszx,Seungmin é muito fofo pra ser tão sério 😂,1,2024-03-23T14:08:03Z,2024-03-23T14:08:03Z
Ugzln_MBSI9DMpkt4CB4AaABAg,,False,@نداالحضري-ث7ظ,I.n you are so cute,0,2024-03-23T00:56:25Z,2024-03-23T00:56:25Z
Ugzbzx3oG-zJj5RnzDV4AaABAg,,False,@もこ-r8o,途中スキズいる笑,0,2024-03-19T16:00:24Z,2024-03-19T16:00:24Z
UgwN7o_J9KNhdyoUln14AaABAg,,False,@SophiaEmanuelly-h3j,I love 🐶🦊 ❤❤❤❤,0,2024-03-11T17:30:22Z,2024-03-11T17:30:22Z
Ugyrv1ysFx1r3XZWJed4AaABAg,,False,@VirginiaGuillerminaCortez,Den like si aman a i.n y seungmin❤❤❤❤❤❤❤❤❤❤❤❤❤❤❤❤❤❤❤❤❤❤,0,2024-03-09T17:26:19Z,2024-03-09T17:26:19Z
Ugz5vaFYgcSQC2WzxJN4AaABAg,,False,@joice_stay,Love seungmim and I.N👉👈,0,2024-03-09T11:29:16Z,2024-03-09T11:29:16Z
UgwrnzYdaPYEkNWt5eJ4AaABAg,,False,@Seungmin_YT14080,So cute I.N and Seugmin❤❤❤❤,0,2024-03-08T03:21:36Z,2024-03-08T03:21:36Z
UgxD40DQ7EdCybzWtPp4AaABAg,,False,@dilraboxonibragimova9790,Сынмин и  Чонын такие милахи😊,0,2024-03-06T07:26:58Z,2024-03-06T07:26:58Z
UgzAQ-EfNRPNQFIT3Mt4AaABAg,,False,@AsuKaya-sm6wu,İkisinin de gülüşü çok güzel ve çok tatlı 😍,0,2024-03-04T16:39:51Z,2024-03-04T16:39:51Z
UgzDeFtUqQe4zM8nU_14AaABAg,,False,@Angelica-e6r,Seungmin’s smile is absolutely adorable,4,2024-03-04T00:25:45Z,2024-03-04T00:25:45Z
UgyBgTUOJrsZlkzOVPl4AaABAg,,False,@LemanQafarova-p6o,Поарлалаокомопраопркшкохвлу•{{|××,0,2024-03-03T10:16:08Z,2024-03-03T10:16:08Z
UgyCu-mvLzFI7b6P4614AaABAg,,False,@Jade_Stay_Army,So beautiful my beautiful love seungmin ❤️😘💍🤧🐶,0,2024-03-03T05:32:46Z,2024-03-03T05:32:46Z
Ugw9gLnWSoQ4IQkQOXx4AaABAg,,False,@Stray-xarmyxblinkxmitzyandothe,New name segin❤,0,2024-02-29T17:09:28Z,2024-02-29T17:09:28Z
UgwyC_G2YJd45k-I0i54AaABAg,,False,@I_STAY_4EVER_,WHY IS SEUGMIN SO CUTEEEE PLS HELP😂😂,0,2024-02-19T22:22:23Z,2024-02-19T22:22:23Z
UgxZxktt-Ap9_XSkMrF4AaABAg,,False,@user_jidi,Seungmin❤❤❤❤❤❤❤❤❤❤❤❤❤❤❤❤❤❤❤❤❤❤❤❤❤❤❤❤❤❤❤❤❤❤❤❤❤❤❤❤❤❤❤❤❤❤❤❤❤❤❤❤❤❤❤❤❤❤❤❤❤❤❤❤❤❤❤❤❤❤❤,0,2024-02-19T11:56:13Z,2024-02-19T11:56:13Z
UgwDVGo5RsUIwbUfUld4AaABAg,,False,@ramnahram6471,I.N smile..so sweet,0,2024-02-16T12:36:50Z,2024-02-16T12:36:50Z
UgxJ1MOaMzX1ilTifDl4AaABAg,,False,@RED_LIGHTS17,Улыбка Сынмина прекрасна❤,0,2024-02-13T18:59:57Z,2024-02-13T18:59:57Z
UgwWgyW8F3PlzBQm_dt4AaABAg,,False,@Reemeee20,اخخ 🦊🐶💗💗,0,2024-02-05T17:03:45Z,2024-02-05T17:03:45Z
Ugz89uULv_t2IdaYXSZ4AaABAg,,False,@Чтотонебывалое,baby bread,0,2024-02-02T04:23:12Z,2024-02-02T04:23:12Z
UgwBrDoQtU8xFwAB4gx4AaABAg,,False,@auzenypereira7746,I love suegmina and i.n 😘🔥❤️🥰🎂💘😍🥰😘,0,2024-02-01T18:44:58Z,2024-02-01T18:44:58Z
Ugw75A7GGNfJHIbjIzl4AaABAg,,False,@Marida_do_Seungmin,"Cara nesses danças de thunderous do dançou casal 
Dançou hyunlix,Minsung,o shipp do chan e do changbin q eu n sei qual é “shipp de pais “
E a gente SeungIn 
Amoooo ainda mais “SeungIn”",0,2024-02-01T11:54:05Z,2024-02-01T11:54:05Z
UgwDHEiA0N8kVdh_LNN4AaABAg,,False,@Lunaofthenight,Idk why everyone calles them bas dancers!! They are ap good at dancingg,0,2024-01-31T05:18:39Z,2024-01-31T05:18:50Z
UgwY8_R6Y-RWHzZL3lZ4AaABAg,,False,@hyyunniee,Christmas version is still in my ears❤❤,2,2024-01-30T06:38:30Z,2024-01-30T06:38:37Z
Ugzv4J6laeesJ8E1VaF4AaABAg,,False,@Kenni_Kenny,"JEONGIN, I LOVE YOU, PLEASE NOTICE, I'M YOUR FAN.❤❤❤",1,2024-01-29T11:50:24Z,2024-01-29T11:50:24Z
UgyESGPPf_Z8R890HJJ4AaABAg,,False,@st_ay_o.o,아 기야워어엉ㅠㅠㅠㅠㅠㅠㅠㅠㅠㅠ,1,2024-01-24T14:49:19Z,2024-01-24T14:49:19Z
UgxWMk3mNznhqtL_HTp4AaABAg,,False,@Astro_7x7,Idk i feel like this pairs doesnt get the attention they deserve... I.N and Suengmin is literally the one of the best people in the group.,0,2024-01-21T05:14:46Z,2024-01-21T05:14:46Z
Ugzqt8IFvp5f-M9mnzl4AaABAg,,False,@Honeyy0_,오늘까지 이 노래를 배운 적이 없어요 ㅋㅋㅋ,0,2024-01-20T02:29:21Z,2024-01-20T02:29:21Z
UgwcHlh_Cch8nh9r9Ix4AaABAg,,False,@dhanashritumari8117,I’m watching this video after 2 years Minnie looks like a baby 🥺❤️,0,2024-01-17T12:43:59Z,2024-01-17T12:43:59Z
UgyXPQGgAnf9q9LTmWF4AaABAg,,False,@Любитеродных,❤,0,2024-01-16T17:44:31Z,2024-01-16T17:44:31Z
Ugwhu3AvZEBcc393GcB4AaABAg,,False,@alldayskz,Toàn otp đã quá bây ơi,0,2024-01-13T14:11:49Z,2024-01-13T14:11:49Z
UgyAq4PqbRrmaRjeBEh4AaABAg,,False,@Miniverseein,Mis papás,0,2024-01-13T03:02:18Z,2024-01-13T03:02:18Z
Ugxy1bV2FHcGnPXwacN4AaABAg,,False,@irina_puppit,Милота в квадрате 😊,0,2024-01-09T14:57:10Z,2024-01-09T14:57:10Z
UgxczHDE5-uvvS5d5L94AaABAg,,False,@жизнь_одна_нехуй_стесняться,"Это все ты виновата что у меня теперь они со своим танцем тут крутятся 
Мда ❤",1,2024-01-07T19:16:03Z,2024-01-07T19:16:03Z
Ugx6lCbec9GMw7ZuU2J4AaABAg,,False,@Яно4ка-п3з,I love stray kids and Jeongin💓💓💓💞💞💞 💋💋💋💋🥰🥰🥰🇰🇷🇰🇷🇰🇷,2,2024-01-07T10:06:51Z,2024-01-07T10:06:51Z
UgzDBN-m5GklrpcYvtJ4AaABAg,,False,@Goth_magic,They did good i love the outfits,0,2024-01-07T00:13:20Z,2024-01-07T00:13:20Z
UgwP4uhJE9tOFz4unFJ4AaABAg,,False,@FWHJK,❤❤❤,0,2024-01-06T03:30:47Z,2024-01-06T03:30:47Z
Ugw0SyeDMitI_RRQLwZ4AaABAg,,False,@Lisa-pt4fs,❤❤❤❤❤❤,0,2024-01-05T20:48:44Z,2024-01-05T20:48:44Z
UgxacKwMfetMBP7te2B4AaABAg,,False,@ПатиматГаджиева-ш2й,❤❤❤❤❤❤❤❤ so cute,0,2023-12-29T21:11:09Z,2023-12-29T21:11:09Z
Ugx1KtYmavLF7G1Lj454AaABAg,,False,@AnisaJama-p8h,My two favs❤,0,2023-12-27T21:09:03Z,2023-12-27T21:09:03Z
UgxSzfpEKHhluHRJRL54AaABAg,,False,@muznah-78,seungmin and i.n look so cute together do u know my bias is seungmin and my sister's bias is i.n and seungmin is looking to cute i am gonna cry ❤😭,0,2023-12-27T14:52:01Z,2023-12-27T14:52:01Z
UgwloZk6DRh8Sb8t7vl4AaABAg,,False,@Stayandmidzy-e5v,So cute,0,2023-12-25T08:58:43Z,2023-12-25T08:58:43Z
UgxfU3HSHmATszS0Rt94AaABAg,,False,@는니봄n7y,maknaes,1,2023-12-22T15:47:33Z,2023-12-22T15:47:33Z
UgyyX2w6FF4DuVu1qDp4AaABAg,,False,@Uliana_SKZ143,Я из 2023,2,2023-12-20T12:12:00Z,2023-12-20T12:12:00Z
UgyS6_ULNdYOPttMTP54AaABAg,,False,@sanabanana.123,❤,0,2023-12-16T18:23:21Z,2023-12-16T18:23:21Z
UgyLaLkDgUtl4JGbtNF4AaABAg,,False,@MicRon20abc,発芽玄米がいる(*´ω｀*),0,2023-12-11T14:22:34Z,2023-12-11T14:22:34Z
UgyrAeIdyPwcgeSp8Wx4AaABAg,,False,@AnaMalik-go5yj,i.n smiling 24/7,0,2023-12-09T13:04:03Z,2023-12-09T13:04:03Z
UgyOHobENYXR2LpSkQt4AaABAg,,False,@Алёна-м9д2я,Как песня называется?,0,2023-12-08T19:25:28Z,2023-12-08T19:25:28Z
UgxvoyRzu_joNH8GlnV4AaABAg,,False,@enchikk,So cute🎉😊,0,2023-12-08T11:09:33Z,2023-12-08T11:09:33Z
UgxY0QoOp8m0jPqvA4l4AaABAg,,False,@Seungminnikkie,Seungmin's me hasband,0,2023-12-04T12:50:51Z,2023-12-04T12:50:51Z
UgywD8zmgmabzBCpRSV4AaABAg,,False,@zehrq23,tost makinesi ile cekilmis,0,2023-11-29T20:44:14Z,2023-11-29T20:44:14Z
UgxM7WbOu7fpzac5DFR4AaABAg,,False,@daphnyoliveiraromano,seungmin meu nenem lindoooooo,0,2023-11-25T13:53:04Z,2023-11-25T13:53:04Z
UgzbWrlIO6nwVyf7l0Z4AaABAg,,False,@фактёрша,Сынчоны ❤,0,2023-11-23T15:55:23Z,2023-11-23T15:55:23Z
Ugz7Depi94M98wh7xMZ4AaABAg,,False,@Pervinr,"Cυׁׅtׁׅ⁠ꫀׁׅ⁠ܻ݊ꫀׁׅ⁠ܻ݊ꫀׁׅ⁠ܻ݊ꫀׁׅ⁠ܻ݊ꫀׁׅ⁠ܻ݊ꫀׁׅ⁠ܻ݊ꫀׁׅ⁠ܻ݊ꫀׁׅ⁠ܻ݊ꫀׁׅ⁠ܻ݊ꫀׁׅ⁠ܻ݊ꫀׁׅ⁠ܻ݊ꫀׁׅ⁠ܻ݊ꫀׁׅ⁠ܻ݊ꫀׁׅ⁠ܻ݊ꫀׁׅ⁠ܻ݊ꫀׁׅ⁠ܻ݊ꫀׁׅ⁠ܻ݊ꫀׁׅ⁠ܻ݊ꫀׁׅ⁠ܻ݊ꫀׁׅ⁠ܻ݊ꫀׁׅ⁠ܻ݊ꫀׁׅ⁠ܻ݊ꫀׁׅ⁠ܻ݊ꫀׁׅ⁠ܻ݊ꫀׁׅ⁠ܻ݊ꫀׁׅ⁠ܻ݊ꫀׁׅ⁠ܻ݊ꫀׁׅ⁠ܻ݊ꫀׁׅ⁠ܻ݊ꫀׁׅ⁠ܻ݊
 ᥣׁׅ֪ ᥣׁׅ֪⁠ᨵׁׁׅׅׅ⁠᥎ׁׅ⁠ꫀׁׅ⁠ܻ݊ ᨮׁׅ֮⁠ᨵׁׅׅ⁠υׁׅ 💙ׅ꯱͓̽tׁׅ⁠͓̽ꭈׁׅ⁠͓̽ɑׁׅ⁠͓̽ᨮׁׅ֮⁠͓̽ƙׁׅ⁠͓̽ꪱׁׁׁׅׅׅ⁠͓̽ժׁׅ⁠͓ׅ݊̽꯱͓̽💙 
ׅ꯱tׁׅ⁠ꭈׁׅ⁠ɑׁׅ⁠ᨮׁׅ֮ ƙׁׅ⁠ꪱׁׁׁׅׅׅ⁠ժׁׅ⁠ׅ݊꯱ tׁׅhׁׅ֮⁠ꫀׁׅ⁠ܻ݊ ᨰׁׅ⁠ᨵׁׅׅ⁠ꭈׁׅ⁠ᥣׁׅ֪⁠ժׁׅ⁠݊",0,2023-11-20T07:25:20Z,2023-11-20T07:25:20Z
UgxcKELVpB1mxScn16p4AaABAg,,False,@RaquelMartinez-e2f,Best duo,0,2023-11-19T20:26:34Z,2023-11-19T20:26:34Z
UgxfYiwtQN9mYg-XUdB4AaABAg,,False,@eatingniashek,Все со своими парочками❤,0,2023-11-19T00:57:20Z,2023-11-19T00:57:20Z
UgwBgSBtcqkxLL50R3V4AaABAg,,False,@lina-ow5qo,Любимая вокалрача 💘💘💘,0,2023-11-18T08:49:32Z,2023-11-18T08:49:32Z
UgwB3LOzu-bJQsJJT_x4AaABAg,,False,@JustAStay4ver,love u😭😭😭❤❤❤,0,2023-11-13T03:36:50Z,2023-11-13T03:36:50Z
Ugxyh7qEZDJc42VvdP54AaABAg,,False,@hereAnna,Seungmin-ah❤,0,2023-11-11T15:04:47Z,2023-11-11T15:04:47Z
UgwUS9iySzFk_U1B5LN4AaABAg,,False,@Тотсамый-ф9ю,сын мин любовь,0,2023-11-11T07:51:29Z,2023-11-11T07:51:29Z
UgymYAGuHjREVAiygx94AaABAg,,False,@Dollsyoon,Tbh savanna(vcha ) dance look so same❤,0,2023-11-10T00:37:42Z,2023-11-10T00:37:42Z
UgwwK3hqDeAIub4qByN4AaABAg,,False,@Caacka,СЫНЧОНЫ ВЫ ТУТ???😍😍😍,0,2023-11-08T11:19:19Z,2023-11-08T11:19:19Z
UgwwK3hqDeAIub4qByN4AaABAg.9wr1A6z6Fxq9wtrcRgSZhz,UgwwK3hqDeAIub4qByN4AaABAg,True,@Ayvi_kpop,Ес они просто идеальная парочка,1,2023-11-09T13:44:56Z,2023-11-09T13:44:56Z
UgwwK3hqDeAIub4qByN4AaABAg.9wr1A6z6Fxq9xKboL1tmvm,UgwwK3hqDeAIub4qByN4AaABAg,True,@Caacka,@@Ayvi_kpopДАДАДАДАД,0,2023-11-20T08:25:29Z,2024-06-17T22:53:57Z
UgwPd3hYFrUeUVhRGu14AaABAg,,False,@I.N-e2f,I LOVE I. N.,0,2023-11-05T23:52:59Z,2023-11-05T23:52:59Z
UgxaEigyzIPnup9B0gZ4AaABAg,,False,@ismailerenyldz4310,Türkey diyo ağ,0,2023-11-04T07:48:49Z,2023-11-04T07:48:49Z
UgwtYdvM4j5BAQCj9iN4AaABAg,,False,@F.A.R.I.Z.A,Not all the ships doing it together,0,2023-11-04T06:05:13Z,2023-11-04T06:05:13Z
UgymZklx4PrFaWIF5Mp4AaABAg,,False,@eu_cin,❤,0,2023-11-03T16:01:47Z,2023-11-03T16:01:47Z
Ugw1I-ra5GSQaN0x4dt4AaABAg,,False,@JanineAwad-i5i,SEUNGIN ❤❤️‍🩹,0,2023-11-01T11:36:49Z,2023-11-01T11:36:49Z
UgyoMFzrXwsgKRwyLI14AaABAg,,False,@dj.does.art.420,Precious boys ☺️🩷💖,0,2023-11-01T03:57:57Z,2023-11-01T03:57:57Z
UgyoEgpu6b3ZOotZlh14AaABAg,,False,@Настя-й4е8д,По этому видео я научилась этот танец танцевать,0,2023-10-31T15:51:06Z,2023-10-31T15:51:06Z
UgwwyWkx-xdW11eAwdt4AaABAg,,False,@sofiaaaa28,Eu amo tanto eles juntos😭,0,2023-10-29T21:40:42Z,2023-10-29T21:40:42Z
Ugzi2EGF42LfnPXj53Z4AaABAg,,False,@Hyunjinka4,"Bang chan is the best ! Meow meow these hearts are for him 
❤❤❤❤❤❤❤❤❤❤❤❤❤❤❤❤❤❤❤❤❤❤❤❤❤❤❤❤❤❤❤❤❤❤❤❤❤❤❤❤❤❤❤❤❤❤❤❤❤❤❤❤❤❤❤❤❤❤❤❤❤❤❤❤❤❤❤❤❤❤❤❤❤❤❤❤❤❤❤❤❤❤❤❤❤❤❤❤❤❤❤❤❤❤❤❤❤❤❤❤❤❤❤❤❤❤❤❤❤❤❤❤❤❤❤❤❤❤❤❤❤❤❤❤❤❤❤❤❤❤❤❤❤❤❤❤❤❤❤❤❤❤❤❤❤❤❤❤❤❤❤❤❤❤❤❤❤❤❤❤❤❤❤❤❤❤❤❤❤❤❤❤❤❤❤❤❤❤❤❤❤❤❤❤❤❤❤❤❤❤❤❤❤❤❤❤❤❤❤❤❤❤❤❤❤❤❤❤❤❤❤❤❤❤❤❤❤❤❤❤❤❤❤❤❤❤❤❤❤❤❤❤❤❤❤❤❤❤❤❤❤❤❤❤❤❤❤❤❤❤❤❤❤❤❤❤❤❤❤❤❤❤❤❤❤❤❤❤❤❤❤❤❤❤❤❤❤❤❤❤❤❤❤❤❤❤❤❤❤❤❤❤❤❤❤❤❤❤❤❤❤❤❤❤❤❤❤❤❤❤❤❤❤❤❤❤❤❤❤❤❤❤❤❤❤❤❤❤❤❤❤❤❤❤❤❤❤❤❤❤❤❤❤❤❤❤❤❤❤❤❤❤❤❤❤❤❤❤❤❤!",0,2023-10-29T08:36:54Z,2023-10-29T08:36:54Z
Ugzg-pA2Iom96jgmGf94AaABAg,,False,@AnaMalik-go5yj,mong mong,0,2023-10-28T07:38:43Z,2023-10-28T07:38:43Z
UgwaZ6-w6DVB7lUTeVN4AaABAg,,False,@nastayin,":Сколько раз ты это посмотрела?

:Да",0,2023-10-28T05:32:35Z,2023-10-28T05:32:35Z
Ugxzgtk_YU2MGxVbIsR4AaABAg,,False,@SantyDiaz-m6v,Le hacen muy bien seungmin y I.N ❤❤❤❤❤❤❤❤❤❤,0,2023-10-27T17:43:17Z,2023-10-27T17:43:17Z
UgyqSdjgRbJbA5KXh454AaABAg,,False,@desydesy9529,😊😍😁 yeee so very cool song 👏👏👍💜❤️,0,2023-10-27T12:21:28Z,2023-10-27T12:21:28Z
UgxcFlfj_aKzp_ls1s14AaABAg,,False,@Bored_PotatoXD,Seungmin is so handsome help!!!,0,2023-10-26T13:44:48Z,2023-10-26T13:44:48Z
UgwZyoXjfMAn1pvcgRZ4AaABAg,,False,@Alexavalentina-r4f,❤😊🥰❤️😻😄💋😊💖😍😚💝❤️☺️💙🏡,0,2023-10-23T22:25:39Z,2023-10-23T22:25:39Z
UgzvCQTF7VZh_lE9Hhx4AaABAg,,False,@Alexavalentina-r4f,❤😊,0,2023-10-23T22:25:22Z,2023-10-23T22:25:22Z
Ugxt_cItkLaHWY0FhDZ4AaABAg,,False,@i_am_stay1o43,종인 웃는거 이쁘다,1,2023-10-22T17:12:25Z,2023-10-22T17:12:25Z
Ugwpvu_3fbxTE185mTF4AaABAg,,False,@yukkki0.0,аааа я нашла версию с сынмином🤝💀💀💀,0,2023-10-20T20:20:24Z,2023-10-20T20:20:24Z
UgxY16MX2PPdGzcOhAR4AaABAg,,False,@فريالفاتيلبيض,ㄴㅓ ㄷㅓ ㅂㅏㄷㅏYes mi ai Lovt,0,2023-10-20T18:41:27Z,2023-10-20T18:41:27Z
Ugy5NCn9RDCbU5nAMDd4AaABAg,,False,@Stinkie_Pinkie,They are so cute,0,2023-10-20T17:36:06Z,2023-10-20T17:36:06Z
UgxzkO0N-nuu5pfpTXF4AaABAg,,False,@Stinkie_Pinkie,❤❤❤❤❤❤❤❤❤ that is why I love stray kids,0,2023-10-20T17:35:46Z,2023-10-20T17:35:46Z
UgzKUfyEIiVXqCEc-nR4AaABAg,,False,@AndreaAuza,❤❤❤❤,0,2023-10-16T06:43:37Z,2023-10-16T06:43:37Z
Ugye3gd0JijAVbbidsx4AaABAg,,False,@fanmeelskel262,УРААААА СЫНЧОНЫЫЫЫЫ,0,2023-10-11T19:08:56Z,2023-10-11T19:08:56Z
UgxZFccEBooYyq37E_p4AaABAg,,False,@MelJohnson-z5s,IN is always so funny but on the other hand sungmin is always so serious😂😂,0,2023-10-11T00:10:36Z,2023-10-11T00:10:36Z
UgxsIy-RuS9H650yPCt4AaABAg,,False,@AgustinaBevans,Que lindos van a matar a stay con su hermosura❤❤❤❤❤❤,0,2023-10-10T04:27:55Z,2023-10-10T04:27:55Z
UgzwtgwMYJd8KDpQRth4AaABAg,,False,@catsykttswn,"стафф нас балует? почему на всех таких видео они танцуют так как и шиперят? тучаны, минсоны, хенликсы, теперь сынчоны..❤",0,2023-10-04T14:58:49Z,2023-10-04T14:58:49Z
Ugw1SAR_UMpBC9WOpXJ4AaABAg,,False,@music_N_studying,nah man im dead,0,2023-10-04T09:24:52Z,2023-10-04T09:24:52Z
Ugwsze4zZhS7XTnD5kV4AaABAg,,False,@선은-j5k,둘다 넘 잘한다 멋져!,1,2023-10-03T09:46:32Z,2023-10-03T09:46:32Z
UgyxqwtM2Noim2917ZF4AaABAg,,False,@straykidsislife2942,"I love Seungmin and I.N's cute face, they are just perfect I love them so much😭💐",0,2023-10-02T20:08:57Z,2023-10-02T20:08:57Z
Ugz8KTNZSwf7RpGuibx4AaABAg,,False,@----ki7io,❤❤❤,0,2023-10-02T15:11:00Z,2023-10-02T15:11:00Z
UgyXOnnlDl4J2Ol03W94AaABAg,,False,@Sonyakk-bk9zi,승천스😘😈👿,0,2023-10-01T16:49:10Z,2023-10-01T16:49:10Z
UgwEmJmxqrC2BtKkm7B4AaABAg,,False,@KakaireAshley,They are not bad boys but still good boys😊😊,0,2023-09-29T09:35:36Z,2023-09-29T09:35:48Z
UgxejxLEh_5cxQv9_Tp4AaABAg,,False,@lilianavelezanguloviajesti7385,Hermosos❤❤❤😍,0,2023-09-28T13:58:04Z,2023-09-28T13:58:04Z
Ugy6RXKSlhsSSDI5lp54AaABAg,,False,@saranapatkina3497,Чонины❤,0,2023-09-27T15:40:19Z,2023-09-27T15:40:19Z
UgwbUS4aRrj47hLLFfR4AaABAg,,False,@валяКручина-ю8ь,👏👏👏👏,0,2023-09-25T19:18:31Z,2023-09-25T19:18:31Z
UgxSowIuZhLP72ARk8l4AaABAg,,False,@jeonginws974,Best shipp❤❤,0,2023-09-25T14:45:12Z,2023-09-25T14:45:12Z
UgxfPit80_rdy76ZbER4AaABAg,,False,@aitanaanimefnaf8445,I love you❤❤❤,0,2023-09-23T03:16:49Z,2023-09-23T03:16:49Z
UgzWCsqA4OGIawoh96h4AaABAg,,False,@StayByStrayKids,WİLL YOU MERRY ME,0,2023-09-15T12:12:24Z,2023-09-15T12:12:24Z
UgwwVDXHxP2aeue0Crd4AaABAg,,False,@StayByStrayKids,I LOVE YOU,0,2023-09-15T12:12:14Z,2023-09-15T12:12:14Z
Ugwy5c0loQHYUSk-fG94AaABAg,,False,@ملكةورود-ص7ط,❤❤❤❤❤❤❤❤❤❤❤❤,0,2023-09-11T18:33:36Z,2023-09-11T18:33:36Z
UgzHyg3sH-ymG3njuA14AaABAg,,False,@AnneCarvalho-w5c,My seungmin is so beautiful,0,2023-09-10T04:30:05Z,2023-09-10T04:30:04Z
UgwedtMWgOuMDpT190l4AaABAg,,False,@cusminho,Seungİnnnnn,0,2023-09-09T17:43:47Z,2023-09-09T17:43:47Z
Ugz-cqhvomr6LRzv5dV4AaABAg,,False,@HAN_JISOO_ng,그리고 그들은 내가 왜 그들을 사랑하는지 말해줍니다. 💗😩,0,2023-09-08T14:50:07Z,2023-09-08T14:50:07Z
UgxO24zGbf_W3HR8Db94AaABAg,,False,@FiReArNoK,Maknae line 🥺,0,2023-09-06T06:19:02Z,2023-09-06T06:19:01Z
Ugw4-G38Z3ZtJ29mKCx4AaABAg,,False,@huangxuxi_xx444,I.N in bir büyüğü kim,0,2023-09-05T15:33:07Z,2023-09-05T15:33:07Z
UgxQMSOi256X0I6412V4AaABAg,,False,@KH-ey4uj,寝癖,0,2023-09-04T10:13:25Z,2023-09-04T10:13:25Z
UgxjaSKZqo6ySVgSSUl4AaABAg,,False,@thatrandomgamer2499,Jeongins smile made my day man we must protect this man at all costs,8,2023-09-03T10:46:11Z,2023-09-03T10:46:41Z
UgxiNcRqeUABkX1ylgV4AaABAg,,False,@Danielamedina-u1s,🥰🥰🥰🥰🥰,0,2023-09-03T01:49:21Z,2023-09-03T01:49:21Z
UgzvCxabLnNuq9cZnWN4AaABAg,,False,@Bubbles-d7t,Love the smiles 😊,0,2023-09-03T00:08:54Z,2023-09-03T00:08:54Z
Ugza49nJmGN6pTFgS_R4AaABAg,,False,@Halazia-dejavu,two cute boys,0,2023-09-02T10:00:12Z,2023-09-02T10:00:12Z
UgzBOxNXhagzQL6EeNJ4AaABAg,,False,@으앙-k8n,정인이 미소~ 귀하다 귀해~,1,2023-09-01T16:53:51Z,2023-09-01T16:53:51Z
UgwFQU1mFpslDjiGJUx4AaABAg,,False,@kpop_sanji,"ох,уж эти прекрасные сынчоны)) )",1,2023-08-31T17:45:07Z,2023-08-31T17:45:07Z
UgykxNS0Fj9aZJxYp-h4AaABAg,,False,@LILISSofficial,우리는 당신을 매우 사랑합니다,0,2023-08-30T19:43:33Z,2023-08-30T19:43:33Z
UgzGWVgLmf06xhnecgh4AaABAg,,False,@Idkwhatimdoing_o-o,I.NNNN :) and SEUNGMIN :),0,2023-08-29T01:07:49Z,2023-08-29T01:09:02Z
UgwT9YPZUG6nFo8NSbZ4AaABAg,,False,@예설-k2p,아ㅋㅋㅋㅋㅋ귀엽닼ㅋㅋㅋ,1,2023-08-28T09:56:05Z,2023-08-28T09:56:05Z
UgyNMnH7P6GEH4Nw3_54AaABAg,,False,@prettylulu2,LOVE YOU GUYSSSS❤❤❤,0,2023-08-28T08:26:41Z,2023-08-28T08:26:41Z
UgwNcYEHuhRSwCVwL5Z4AaABAg,,False,@DenisseJuiTorres-oj3ir,Seungmin it's cuteeeeeeeeeee 😩😩😩😩😩😩💘💘💘,0,2023-08-27T19:12:39Z,2023-08-27T19:12:39Z
Ugx45v8buFM2Zzb-V4B4AaABAg,,False,@teomancuneyt,❤,0,2023-08-27T16:27:07Z,2023-08-27T16:27:07Z
UgwTX7AOT_aHU5w6IRB4AaABAg,,False,@eeeeeee45svv,Привет,0,2023-08-27T06:17:42Z,2023-08-27T06:17:42Z
UgxVc9qAYbFa3e-ycrF4AaABAg,,False,@올챙이-j5v,승민이 입모양 귀엽네에,1,2023-08-26T13:15:32Z,2023-08-26T13:15:31Z
UgwWSbegl9BP87xUrVd4AaABAg,,False,@valoshka_03,Когда мне это попалось спустя 2 года после выхода),0,2023-08-26T09:34:23Z,2023-08-26T09:34:23Z
Ugy3n8bQrJBKQ9yfNjJ4AaABAg,,False,@АндрейАлександров-х8э,"how difficult it must be for you to repeat the dances every time, so as not to mess up.",0,2023-08-25T21:18:27Z,2023-08-25T21:18:27Z
Ugxqdzw1t4bUM92Z1vB4AaABAg,,False,@sajaa_s3vngm1n._0,잠시 당신이 민종이라고 생각했어요😅😂🖐️,0,2023-08-25T20:47:04Z,2023-08-25T20:47:03Z
UgzJEvBqp7MhRvTdvvh4AaABAg,,False,@NesrinUğur-l7m,Ay iki bliaslarım öldürüm ben size yaaa❤️🧡💛💗💜🤎🖤🤍,0,2023-08-25T16:29:16Z,2023-08-25T16:29:16Z
UgyqxVr8VJgSRbYt9Gl4AaABAg,,False,@liezltan1887,The 2 bestfriends❤,0,2023-08-25T10:31:16Z,2023-08-25T10:31:16Z
UgyMhGNf6XUmKIwfSHN4AaABAg,,False,@bumblebee-j3y,Сынчоны❤,0,2023-08-24T08:01:05Z,2023-08-24T08:01:05Z
Ugyjw0HVteqSrvzBtNF4AaABAg,,False,@soniacabrera6929,Los más tiernitos del grupo😅😊🥰,0,2023-08-23T13:17:30Z,2023-08-23T13:17:30Z
UgwK5firbdpecOZY7St4AaABAg,,False,@stann_txt,стафф сообразил,0,2023-08-22T09:09:39Z,2023-08-22T09:09:39Z
UgyRorNnmG5N2QllI0N4AaABAg,,False,@НадеждаФедотова-я2ш,Супер,0,2023-08-22T00:46:37Z,2023-08-22T00:46:36Z
UgyFy8viJGW_83xBzlh4AaABAg,,False,@Sgt.plfy127,イエニの寝癖風セット！？？！！？？へぇあ！！！！！破壊力理解してるの！！？！,0,2023-08-20T17:09:46Z,2023-08-20T17:09:46Z
UgxGUNSbc-oFBmO7url4AaABAg,,False,@LaianeFurtado-ib5mk,😢❤,0,2023-08-20T12:58:13Z,2023-08-20T12:58:13Z
UgwH5TkSYfD5hLnDkzt4AaABAg,,False,@Niniexsq,"I love you❤️
I love you❤️
I love you❤️
I love you❤️
I love you❤️
I love you❤️
I love you❤️
I love you❤️
I love you❤️
I love you❤️
I love you❤️
I love you❤️
I love you❤️
I love you❤️
I love you❤️
I love you❤️
I love you❤️
I love you❤️
I love you❤️
I love you❤️
I love you❤️
I love you❤️
I love you❤️
I love you❤️
I love you❤️
I love you❤️
I love you❤️
I love you❤️
I love you❤️
I love you❤️
I love you❤️
I love you❤️
I love you❤️
I love you❤️",0,2023-08-20T07:19:14Z,2023-08-20T07:19:14Z
UgzUOMLzoYv0-ge6QnF4AaABAg,,False,@justinecutamora5188,My best ship everrrrrrrrrrrrrr❤,0,2023-08-17T15:10:19Z,2023-08-17T15:10:19Z
Ugz04bubiCqC95PcN5V4AaABAg,,False,@Trelixcool,❤❤ I LOVE YOU  BAN CHAN CHONIN SENMEN AND IM MINS я русская хочу чтоб вы приехали в Минск обожаю вас ставлю лайки подписана обожаю вас приезжайте я Аня Писарик Александровна жду вас я ваша фан я очень вас Love❤❤❤❤❤❤❤❤❤❤❤❤❤❤❤❤❤❤,0,2023-08-16T15:32:43Z,2023-08-16T15:32:43Z
UgwMiytP56PT1NYXkXZ4AaABAg,,False,@Trelixcool,I LOVE STRAY KIDS IM MINSK KAM TU AS I LOVE❤❤❤❤❤❤❤❤❤,0,2023-08-16T15:26:43Z,2023-08-16T15:26:43Z
UgzXfmPyAb5iilXonUd4AaABAg,,False,@RahmaMohamoud-zc2uv,My 2 favs IN s my bias,0,2023-08-14T10:48:40Z,2023-08-14T10:48:40Z
UgxZy7rxEJ4rL7OYIf54AaABAg,,False,@ЭвелинаКарпенко-м6ъ,👍🏻👍🏻👍🏻,0,2023-08-14T04:47:51Z,2023-08-14T04:47:51Z
UgyKsYwe_mgXVoowxjN4AaABAg,,False,@かぉ_さん,アイエン、髪がピヨッてしてるのかわいい✨,133,2023-08-13T03:49:02Z,2023-08-13T03:49:02Z
Ugx8M2EvXukWjqENOhh4AaABAg,,False,@Овечка-с5ш,Краши:>,1,2023-08-08T17:33:07Z,2023-08-08T17:33:07Z
UgzqdedRf1KS2S6gubV4AaABAg,,False,@haitani_Ro,I.N is so cute,0,2023-08-08T05:22:05Z,2023-08-08T05:22:05Z
Ugzqo0gLXg4HtyGwk9d4AaABAg,,False,@Hannie.001,I'm looking at the videos in order these 4 video pairs are super,0,2023-08-07T04:18:29Z,2023-08-07T04:18:29Z
Ugx8GGHKjw-bH4xwI_Z4AaABAg,,False,@Letjungcookxazros,Maknea on top💅💅,0,2023-08-05T16:43:56Z,2023-08-05T16:43:56Z
UgwceSZTb_h-uLOd-bN4AaABAg,,False,@ДжумаАлишихова-э7я,❤️❤️❤️❤️,0,2023-08-02T17:18:07Z,2023-08-02T17:18:07Z
UgzDaUhH3hzxy6G8Lpl4AaABAg,,False,@Casaamoa0325,Puppy and fox🥰🥰,0,2023-08-01T09:25:02Z,2023-08-01T09:25:02Z
UgxSpTp6sIAZ2H-y2at4AaABAg,,False,@ChrisiahAsamoah,𝓁𝑜𝓋𝑒 𝓉𝒽𝑒𝓎 𝓈𝒾𝓁𝓂𝑒𝓈♡⌫,0,2023-08-01T09:19:27Z,2023-08-01T09:19:27Z
UgwLvNotFB3xLbjSh-J4AaABAg,,False,@Heedungie-hoon,U guys are such good dancers maknas are the best at the dancing ❤,0,2023-07-29T20:39:31Z,2023-07-29T20:39:31Z
Ugwh41AJkg-gYYe-Tgd4AaABAg,,False,@JEONGINMAKNAEONTOP,MIS DOS BIAS JUNTOS😻👍,0,2023-07-29T20:32:11Z,2023-07-29T20:32:11Z
Ugy1nlH6DWfxAuCsUyx4AaABAg,,False,@aesthetic.w_affle,"we got everything: suengIn
Hyunlix
minsung
AND 2Chan",0,2023-07-29T13:32:01Z,2023-07-29T13:32:01Z
UgyYrMnKFIKjg0RGbJJ4AaABAg,,False,@Alyskka,Baby bread is so high😮💗,1,2023-07-29T13:11:03Z,2023-07-29T13:11:03Z
Ugy1Fmuj2k1fMzrow0t4AaABAg,,False,@number1joyce,I sorta joined in with dancing 😂😂,0,2023-07-25T07:55:42Z,2023-07-25T07:55:42Z
UgxrvjfhkoGhKfngdpJ4AaABAg,,False,@heylala919,o sorriso do I.N❤💀,0,2023-07-23T15:30:08Z,2023-07-23T15:30:08Z
UgyiKsO063IPBrr3R2N4AaABAg,,False,@Stray_kids_staaa143,❤❤,0,2023-07-23T07:27:52Z,2023-07-23T07:27:52Z
UgxExP5DE0YrZAaHtKZ4AaABAg,,False,@Love_dara,얼굴이 너무 순둥해 큐ㅠㅠ큐큐,1,2023-07-22T21:53:46Z,2023-07-22T21:53:46Z
Ugzngl5BFQxbE40m2Gt4AaABAg,,False,@THAT_ANIME_LOVER.,Seungmin❤❤❤,0,2023-07-21T07:51:29Z,2023-07-21T07:51:29Z
Ugxaa815YCvWxAfPBAl4AaABAg,,False,@emilyliy9346,perfects <33333,0,2023-07-19T22:55:57Z,2023-07-19T22:55:57Z
UgwkrzS7ijnHBkQPxeh4AaABAg,,False,@Blink_4Queens_BP,"Мы всё потратили ...😱
Аэн дай денег😨",0,2023-07-19T21:35:57Z,2023-07-19T21:35:57Z
Ugx7vR75y6DcuPdU0WJ4AaABAg,,False,@stanfantasy-stay4358,Most syncronised thunderous dou 😂❤,0,2023-07-13T20:31:11Z,2023-07-13T20:31:11Z
UgyZklxYDP8vLk-PHOx4AaABAg,,False,@Arlok900,Damn I.N and Seungmin,0,2023-07-13T13:33:26Z,2023-07-13T13:33:26Z
UgxBIF-k1aaXBCzJnHp4AaABAg,,False,@milenakamalova1288,❤,0,2023-07-10T09:34:30Z,2023-07-10T09:34:30Z
Ugye2nm3B5YVGEINyNl4AaABAg,,False,@ВероникаМонич-щ6з,"I'm your big fan❤.we are waiting for you in Belarus ❤. 




❤Learning English especially for you ❤😊
❤❤I hope you notice ❤❤😢",0,2023-07-09T21:41:20Z,2023-07-09T21:41:20Z
UgwHOw5qPB9VeePygmZ4AaABAg,,False,@АйлйнАкылбек-ж8й,😊😊,0,2023-07-09T09:56:58Z,2023-07-09T09:56:58Z
UgzEfvzIHjKqLnKGQ-l4AaABAg,,False,@squik_x3428,😅,0,2023-07-05T01:27:59Z,2023-07-05T01:27:59Z
UgxwA55nHWj7CDKnKN14AaABAg,,False,@ЕваЮровская-т7с,Фелікс ты как девочка,0,2023-07-04T07:45:34Z,2023-07-04T07:45:34Z
UgxwA55nHWj7CDKnKN14AaABAg.9rjckNm7ImI9sMjbjniTcY,UgxwA55nHWj7CDKnKN14AaABAg,True,@Blink_4Queens_BP,Тут нет Феликса,0,2023-07-19T21:35:10Z,2023-07-19T21:35:10Z
Ugyt3jPJ5AX3jRxcFdZ4AaABAg,,False,@duygubayat343,Favorite song❤ ı love you Stray kidsss❤❤❤❤❤❤❤❤❤❤❤❤❤❤❤❤❤❤❤❤❤❤❤❤❤❤❤❤❤❤❤❤❤❤❤❤❤❤❤❤❤❤❤❤❤❤,0,2023-07-04T05:37:29Z,2023-07-04T05:37:29Z
UgxVVmtaU2QBmg3z2gZ4AaABAg,,False,@Dennyan-j4d,"アー、
このコンビは、
私が、すごく推してるコンビです‼️‼️‼️‼️
❤❤❤❤❤❤❤❤",0,2023-07-03T15:51:21Z,2023-07-03T15:51:21Z
UgwMFcir9D04tUSEl214AaABAg,,False,@rksfip,*It's 2023 and this video remains legend👑*,1,2023-06-28T07:29:20Z,2023-06-28T07:29:20Z
UgwaGy8LWQf221sbwP94AaABAg,,False,@эщкере-т9э,💋💋❤️❤️💓💓💛,0,2023-06-26T09:55:41Z,2023-06-26T09:55:41Z
UgxI4fAsNyS35GBxrNF4AaABAg,,False,@anwarhamdard8290,I LOVE THUNDEROUS,0,2023-06-19T01:35:45Z,2023-06-19T01:35:45Z
UgyPGDAOTGnoYl6ss2J4AaABAg,,False,@kimhana2354,♥♥Stary Kids Stray Kids,2,2023-06-18T22:15:30Z,2023-06-18T22:15:30Z
Ugx-7EOMQwPMB_glhil4AaABAg,,False,@bravegirl147,Our makners❤,0,2023-06-18T11:13:15Z,2023-06-18T11:13:15Z
UgyYtbcXJarvnB8jqWN4AaABAg,,False,@brchhfsi,かわいい笑,0,2023-06-18T01:00:24Z,2023-06-18T01:00:24Z
UgwQhCz8ZS8vmpE8U194AaABAg,,False,@heebeezz,"The moment I.N smiled, my hEaRt melted ❤",0,2023-06-17T08:02:06Z,2023-06-17T08:02:06Z
UgwBpeRx_1KD8DHisT94AaABAg,,False,@everywhere47,"it's been one year, i will forever love you skz",1,2023-06-15T10:39:11Z,2023-06-15T10:39:11Z
Ugwl7aVsZFGVq5zhX4t4AaABAg,,False,@myriamjerbi6368,I love how you rarely se I.N sad u always see him smile my baby bread❤🍞,1,2023-06-13T23:04:15Z,2023-06-13T23:04:15Z
Ugyqx_mSggvkN_tPHU94AaABAg,,False,@DeepSleepHarmony-b6z,可愛い🎉,0,2023-06-13T10:43:18Z,2023-06-13T10:43:18Z
UgxxEBzk2YQW_DIQtPB4AaABAg,,False,@Sunshine.Seongwha_official,"I will proudly become apart of your wave, I will proudly be with you until the end forever and always ~ unknown",1,2023-06-11T17:01:39Z,2023-06-11T17:01:39Z
Ugy3YWnBBLLjf7FQTI14AaABAg,,False,@GamzeKoc-yd8yi,Çok güzel dans ediyorsun seungmin,0,2023-06-09T18:49:53Z,2023-06-09T18:49:53Z
Ugz0j-IsaqBsWP66xOB4AaABAg,,False,@rosariacristina6162,😘😘😘😘😘😘😘😘😘😘😘😘😘😘😘😘😘😘,0,2023-06-05T22:20:33Z,2023-06-05T22:20:33Z
UgyN5g-zifT8sibj9BR4AaABAg,,False,@nidhiagarwal6373,These are very bad boys,0,2023-06-05T14:51:30Z,2023-06-05T14:51:30Z
UgzaHMCBuLvBU4-edjx4AaABAg,,False,@alicein777,I.N 着てるの、派手なNinja服⁉️😂😂😂,0,2023-06-05T03:52:54Z,2023-06-05T03:52:54Z
Ugx960uIYxd1I035r9d4AaABAg,,False,@victoriaplayas5674,Que hermoso bailan los  amo ❤❤❤❤,0,2023-06-04T18:34:47Z,2023-06-04T18:34:47Z
UgzCQlDu3OBfrNYrjmV4AaABAg,,False,@AaliyahOrtiz-s3i,Stay u make stray kids stay,0,2023-06-04T17:14:54Z,2023-06-04T17:14:54Z
UgyCOYFTxbT6vw-ATbJ4AaABAg,,False,@anhar_740,يحسسونك ان الرقصه سهله واهي 😊,0,2023-06-03T16:48:01Z,2023-06-03T16:48:01Z
UgyBL9LnRj3yhMedbuN4AaABAg,,False,@HeimyLugo-y8o,"i love you ,is cool",0,2023-06-03T14:05:16Z,2023-06-03T14:05:16Z
UgyO9w4jgXYLOk615DR4AaABAg,,False,@y-m-x,Their synchronization is absolutely insane,0,2023-06-03T06:27:36Z,2023-06-03T06:27:36Z
UgzfDYWfOOtOubeSTq54AaABAg,,False,@meleknaz_00,ne kadar az yorum var lan,0,2023-06-03T06:19:59Z,2023-06-03T06:19:59Z
UgxWSiq756F8_szaIgp4AaABAg,,False,@Minhonuseven,❤😊,0,2023-06-02T13:53:27Z,2023-06-02T13:53:27Z
UgyS3Xn93CiOhFSQOrJ4AaABAg,,False,@boutrenlite1215,私は彼らが最も人気のあるスパイクの形で撃つことに気づいた 🌹❤スンチョン（スンミンとジョンギン）ヘリックス（ヒョンジンとフェリックス） バンビン（バンチャン-チャンビン）など❤❤❤,1,2023-06-02T02:20:45Z,2023-06-02T02:20:45Z
Ugwf3l0aTXqPhkqrMDh4AaABAg,,False,@miledatrigik849,Как их различить? Они как братья... Хоть бы волосы покрасили....,0,2023-06-01T09:18:06Z,2023-06-01T09:18:06Z
UgxFcHI01rGOiufAOtt4AaABAg,,False,@heladofresa_2,No me digan nada pero los veo tan iguales,0,2023-05-31T20:48:43Z,2023-05-31T20:48:43Z
UgyXCz-wRRg83om03ol4AaABAg,,False,@bitchesBthirsty,"They're okay dancers, good for in the back. They don't finish the dance moves, they half ass the movements in the choreo which you can really tell if you go through and watch the other members doing this choreo too 
I.N had top vocals in this song so it was harder to tell that they weren't doing it but they were singing more than dancing in this song and that's why I think they don't do as well as the others on this choreo.",0,2023-05-31T18:25:33Z,2023-05-31T18:25:33Z
UgxqkV4Dit7sN8EleOl4AaABAg,,False,@박주희-v7n8r,❤❤,0,2023-05-31T09:49:49Z,2023-05-31T09:49:49Z
UgzPIW1r95fYmfH5i1N4AaABAg,,False,@sarabutterfly8309,Seungmin and i.n are so cute there but fary favorite ship,6,2023-05-30T22:56:40Z,2023-05-30T22:56:40Z
Ugx30pSO21YH5qMv1Gh4AaABAg,,False,@memeeee24,😭💗,1,2023-05-28T14:42:43Z,2023-05-28T14:42:43Z
Ugz9rtLVj5A07Aeam8l4AaABAg,,False,@bhaskarraojoga8497,I love it ❤,0,2023-05-27T09:53:46Z,2023-05-27T09:53:46Z
UgzR2AXmHvi-eFWjzEV4AaABAg,,False,@cloudiixy,I.N's smile is everything ❤,9,2023-05-26T09:18:03Z,2023-05-26T09:18:03Z
Ugx04PcHfoQE4yzMhnx4AaABAg,,False,@mariatq2160,❤❤❤❤❤❤,0,2023-05-24T05:47:24Z,2023-05-24T05:47:24Z
Ugzg-da4GvTP9EJIY554AaABAg,,False,@florisamiranda965,Seungmin ❤⭐🌟  IN 💞⭐,0,2023-05-20T22:45:55Z,2023-05-20T22:45:55Z
Ugz1ImJqp7DeCgPgPg94AaABAg,,False,@НатальяМогильникова-ш3н,⚡⚡,0,2023-05-20T10:21:54Z,2023-05-20T10:21:54Z
UgwrZl7cjahtY2Ii8TJ4AaABAg,,False,@elainejackson2534,IN BIG smile  Minnie glowedup,0,2023-05-18T20:24:45Z,2023-05-18T20:24:45Z
UgxEE3Wnsjkv4opih9R4AaABAg,,False,@chicky_whicky,So cute 🤤,0,2023-05-05T11:31:06Z,2023-05-05T11:31:06Z
UgyunGwu7Vyi3Bn_A2F4AaABAg,,False,@LOOM-jo7vk,Both Agipan and Seungmin are good at dancing✨🌟💫,0,2023-05-05T02:40:40Z,2023-05-05T02:40:40Z
UgwaVPKdzNX4aQmw9-d4AaABAg,,False,@Алиана-а11митист,I love you I. N and Seungmin,0,2023-05-01T13:03:50Z,2023-05-01T13:03:50Z
Ugz02wmSR9d5soX58zl4AaABAg,,False,@_Catsys1,"Aaaaaa I loved it's perfect, may God bless everyone always❤❤❤❤",1,2023-04-28T21:42:38Z,2023-04-28T21:42:38Z
UgzbbZCcj0DIeWU8ipN4AaABAg,,False,@rosarioluna4464,Seungmin❤❤❤😊😊,0,2023-04-28T17:00:20Z,2023-04-28T17:00:20Z
UgwuopbWVzxJD3W1k8x4AaABAg,,False,@khatsukoiy,アイエン髪はねてない？🤣,0,2023-04-27T14:32:17Z,2023-04-27T14:32:17Z
UgxrvxZCDyv6Pg3DPXV4AaABAg,,False,@xlychqn,VOCALRACHA🔥🔥🗣,0,2023-04-26T16:12:28Z,2023-04-26T16:12:28Z
UgzZqnuADBBkxRrHbMx4AaABAg,,False,@tatianahalypina4392,I_N Mr smile 😊,0,2023-04-24T17:26:54Z,2023-04-24T17:26:54Z
Ugxizd6ympa1XyU8Kjp4AaABAg,,False,@dimskyxgin,普段 口元ゆるいのにダンスの時はキュッと結んでるスンミンがホント好き,2,2023-04-24T11:33:39Z,2023-04-24T11:33:39Z
Ugy8UOZ9bmV8-PjKjWd4AaABAg,,False,@_Dipka_gyyyll_,Какие бархатные подкрадули😂,0,2023-04-22T09:32:37Z,2023-04-22T09:32:37Z
Ugzit8ORwV7dqxUjoqR4AaABAg,,False,@ardahangole-wd7vn,"Ben bir türlü yapıyorum dansı ooof 


Çok ğüzel yapıyorsunuz",0,2023-04-22T03:56:10Z,2023-04-22T03:56:10Z
UgzpjqE_XbtltJUkSad4AaABAg,,False,@웇_SVT_CARAT_호우주의보,김승민ㅠㅠㅠㅠㅠㅠㅠㅠㅠㅠ겁나 귀여워ㅠㅠㅠㅠ,1,2023-04-21T22:45:17Z,2023-04-21T22:45:17Z
Ugwr2fnnMgQk4ACtDi94AaABAg,,False,@AlmaMartinez-ls6sr,Les salio igual a la cansion,0,2023-04-21T18:35:17Z,2023-04-21T18:35:17Z
UgzaAQkoq8s7Brquz954AaABAg,,False,@Seungmin_in_da_buildin_143_,:),0,2023-04-20T14:26:23Z,2023-04-20T14:26:23Z
UgzVi94FNgZoKinGa3B4AaABAg,,False,@galianenova662,❤❤,0,2023-04-18T14:03:41Z,2023-04-18T14:03:41Z
Ugw_YdL6b9bYcIS6TXZ4AaABAg,,False,@angelicaespinosa8637,It's the puppy and his owner except the puppy ate his own sleeve,0,2023-04-12T00:32:51Z,2023-04-12T00:32:51Z
UgxTfI-mq2jtKGMJWs94AaABAg,,False,@AnaiMilagrosBendezuValle-oy1wg,Que bonito bailan I.N y Seungmin  de StrayKids ❤❤,0,2023-04-11T21:14:40Z,2023-04-11T21:14:40Z
Ugz_xfJR8vbRiobI3N94AaABAg,,False,@elisaoguz6359,Aşıgımmmmlansizeeeeeeee😁😇😂😃😈😈😃😃😀💐😀💐😈🥀😈😃😈😃😈😃😈😃😈☺️🌞☺️🌞😸😸😺😻😸😊😎😙😎😙😎😙😎😸😼😍😻😍😻🌛😬🌛😬🌛🤴🌛🤴🧕🤴🧕🌚🤗🌜💩🌜💩🌛👱‍♂️👋🤣😘🙉👶👦🤣👸🤣👧👱‍♀️👨👱👧👋🫂🫂🫂🫂👋🤩bensizibekliyorummmmmmmmmkankalarr❤❤❤❤❤🎉❤🎉❤,1,2023-04-07T16:41:53Z,2023-04-07T16:41:53Z
UgxE4mHul2_k3AgB12F4AaABAg,,False,@carmem81291,🐶🐶❤🐺🐺,0,2023-04-06T20:18:50Z,2023-04-06T20:18:50Z
UgxoZ-ZOHJtYxjWSaHB4AaABAg,,False,@ななか-b1o,イエニ寝癖みたいなの付いてるかわいいかよ,0,2023-04-05T14:19:22Z,2023-04-05T14:19:22Z
UgycgjP3VYyobxQS0el4AaABAg,,False,@ななか-b1o,推しと推しが一緒にいるのって幸せ,0,2023-04-05T14:18:37Z,2023-04-05T14:18:37Z
UgzmwDMGLk-0AJWfHrB4AaABAg,,False,@bp_fan745,💙,0,2023-04-04T00:14:35Z,2023-04-04T00:14:35Z
UgzSHWgoGLHbEJ7z8-14AaABAg,,False,@Haneelino,❤,0,2023-04-02T13:58:28Z,2023-04-02T13:58:28Z
UgwTdqJ9cQ9ri5ranNZ4AaABAg,,False,@rishika3410,trust me they make it look so easy but you literally CANT keep the balance that well,0,2023-04-02T10:47:48Z,2023-04-02T10:47:48Z
UgzvWlyegoRlAmakl8V4AaABAg,,False,@killspirit8394,когда в москву?,0,2023-04-02T07:31:39Z,2023-04-02T07:31:39Z
UgzblEz-EtVSe-LWWEB4AaABAg,,False,@carlalimacarla8627,Te.  Amamossss❤,0,2023-04-01T20:14:26Z,2023-04-01T20:14:26Z
UgztGWYEJ_G--1ayKJZ4AaABAg,,False,@よっちゃんピアノ-c4x,Cute👍❤❤❤❤❤❤❤❤❤❤❤,0,2023-04-01T12:05:20Z,2023-04-01T12:05:20Z
UgwFXrKeCWikFY7kT0h4AaABAg,,False,@peetasar4656,Every day i use to sing and dance that song ❤ and they are very cute i.n and seungmin ❤❤❤❤,0,2023-03-31T14:35:49Z,2023-03-31T14:35:49Z
UgyfkHC-18xqYzRF-ll4AaABAg,,False,@lele_dance,raa kwang kwan kwang kwan kon chun dung part 😭- the step they did is too cute 💀,0,2023-03-29T13:46:50Z,2023-03-29T13:46:50Z
Ugxd_cVdcDoz4CTv_Cd4AaABAg,,False,@MelisaRu,班級你很棒,0,2023-03-27T10:42:24Z,2023-03-27T10:42:24Z
UgxnUOswMcY_H6BAm7d4AaABAg,,False,@Annstay143,Сончоны❤❤❤❤❤❤❤,0,2023-03-27T04:51:07Z,2023-03-27T04:51:07Z
UgyaSiprhcYx_M7R8c54AaABAg,,False,@liza81141,Seungmin danced powerfully that even his right show lace came undone,19,2023-03-27T00:54:26Z,2023-03-27T00:54:26Z
UgxfwXgsIHuiLwfEIQt4AaABAg,,False,@Ruby_Kim019,bem sincronizados amem,0,2023-03-24T14:51:36Z,2023-03-24T14:51:36Z
UgwaktCn2_Jt3iY9_cR4AaABAg,,False,@beomgyuparrot,"I.N and SEUNGMIN IS VERY VERY TALENTED, PLS STOP HATING ON THEM😭",0,2023-03-24T10:56:43Z,2023-03-24T10:56:43Z
Ugwa4dovyBU9O4yakF94AaABAg,,False,@danieladias719,❤❤❤❤,0,2023-03-23T19:48:06Z,2023-03-23T19:48:06Z
Ugz0J5hF5Pz71UprNHF4AaABAg,,False,@vanessalee4627,"Dance I,n😊",0,2023-03-17T23:54:40Z,2023-03-17T23:54:40Z
UgxMpJcvuYXeunqp-Mh4AaABAg,,False,@STAY-CLOSE-ZEROSE,Ayan and Sungmin are so cute and lovable I love you so much,0,2023-03-17T09:44:05Z,2023-03-17T09:44:05Z
UgygqBwy5I2WfMNueq14AaABAg,,False,@gargibhoyar3202,Seungmin coming in front in last was  smooth like butter,0,2023-03-14T11:50:24Z,2023-03-14T11:50:24Z
UgzCodQpXcJviVOXzT94AaABAg,,False,@dilyasarvarova3127,Амлияа8080808080809998091,0,2023-03-14T09:17:39Z,2023-03-14T09:17:39Z
Ugybyb8yNeBfRiAHOvF4AaABAg,,False,@hyunjinnieqwxz,ağağağğağağağa-------♥♥♥♥♥♥♥♥,0,2023-03-10T10:35:58Z,2023-03-10T10:35:58Z
UgwVH2kcXHc99bImd-d4AaABAg,,False,@ALYXSTAR325,tip tip tip sorikkun♡ my favorite song,0,2023-03-10T05:46:36Z,2023-03-10T05:46:36Z
UgxvV7jFZyP7Axnfa9F4AaABAg,,False,@Irina_678,Крутые парни🥰,0,2023-03-08T19:04:36Z,2023-03-08T19:04:36Z
Ugwzg2De-MjA8kg1Lcd4AaABAg,,False,@まさゆきたかはし-x8q,かっこいい❤,0,2023-03-06T08:18:28Z,2023-03-06T08:18:28Z
Ugxwhvd4_QphEatgT5B4AaABAg,,False,@鈴木久美-y5w,アイエン可愛い❤️,0,2023-03-04T12:15:47Z,2023-03-04T12:15:47Z
Ugw6bCJ10ihMqcApnbZ4AaABAg,,False,@Mari4ka14,вау это совершенно,0,2023-03-01T12:58:04Z,2023-03-01T12:58:04Z
UgxcDrASHDUT-XRBdGt4AaABAg,,False,@うさぎのパイ,ちょっとかわいい,0,2023-02-28T04:20:19Z,2023-02-28T04:20:19Z
UgwRBxHqstjTL6iSV-h4AaABAg,,False,@Chris_th3weirdskzfan,I.N. ON TOP love from Michigan USA ☺️,0,2023-02-28T00:46:15Z,2023-02-28T00:46:15Z
UgwzZ701ioF5K94vGTB4AaABAg,,False,@Bluee_Strawberries,Them having a little smile but not trying to show their happiness,0,2023-02-27T14:00:04Z,2023-02-27T14:00:04Z
Ugwbo4Kz3eWqOBYHJ7x4AaABAg,,False,@sof4ik_top4ik8,왜 다들 영어로 쓰세요?,0,2023-02-26T15:06:55Z,2023-02-26T15:06:55Z
Ugy6fVDihjXZfD_hNWJ4AaABAg,,False,@sgsfrstssfs,"ВИДЕОРОЛИК ГЕНИАЛЬНЫЙ,ПРЯМО ОГОНЬ.ПЕСНЯ  БОМБИЧЕСКАЯ,МОЩНЕЙШАЯ.СУПЕР.ТАНЕЦ КРУТЕЙШИЙ,ОФИГЕННЫЙ.ПРОСТО КАЙФ ОТ ВАС.МОЛОДЦЫ ВЫ ИДЕАЛЬНЫЕ;ВЕЛИКОЛЕПНЫЕ ТАНЦОРЫ.Я ВАС ОБОЖАЮ.МОЖЕТЕЗАЖЕЧЬ СЕРДЦА,СВОИМ  ТАЛАНТОМ.БРАВО ВАМ.",0,2023-02-26T13:04:51Z,2023-02-26T13:04:51Z
UgyOAQVmxxTB07RZ0NN4AaABAg,,False,@_puppyseungmin,why do they make it look so easy to dance 😭,0,2023-02-26T01:33:14Z,2023-02-26T01:33:14Z
UgwJMRfKEGxTQ2zeR8t4AaABAg,,False,@ln7481,ダンスうますぎてくさ,0,2023-02-25T12:14:43Z,2023-02-25T12:14:43Z
UgxiGrU-hB8D4RFz-zt4AaABAg,,False,@SachaBaptiste,POV: you went to a bakery to buy bread and bread alone. THEN YOU HEAR BARKING. And when you get home you end up with bread and a puppy,0,2023-02-25T02:15:58Z,2023-02-25T02:15:58Z
Ugx1VHcEtuHq_1_6eQh4AaABAg,,False,@milenaduch7785,I love i.n.,0,2023-02-24T21:13:45Z,2023-02-24T21:13:45Z
Ugxd4cQ-96u9OC_wD614AaABAg,,False,@xallison_randomx636,I.N'S INNOCENT SMILE THO 😭✋,0,2023-02-24T21:04:09Z,2023-02-24T21:04:09Z
UgwlIg1bw2TBGD5ZF4F4AaABAg,,False,@Atomic_cordz.,The two cuties dancing together. This is a blessing <3,0,2023-02-24T18:02:44Z,2023-02-24T18:02:44Z
UgwilWj__oixSCPIRoZ4AaABAg,,False,@lena2844,❤❤❤❤,0,2023-02-21T15:51:53Z,2023-02-21T15:51:53Z
Ugy3VBOs-cF9HAD8p9t4AaABAg,,False,@reemaljohani4280,كتاكيتت✨💗,0,2023-02-21T09:13:44Z,2023-02-21T09:13:44Z
UgzN5tpuBrIkTLVffUF4AaABAg,,False,@냥이-s1v,왜 사랑스러운거야❤️❤️❤️❤️❤️,4,2023-02-21T04:36:10Z,2023-02-21T04:36:10Z
UgyCyo8sPf6otO0yftZ4AaABAg,,False,@_doolsetsnets,I’m just saying Seungmin has the potential to wreck everyone with the visuals. I just wanna see an 8 person taste 👀,0,2023-02-19T21:05:46Z,2023-02-19T21:05:46Z
UgyXX-pSQrz5Ky7L-td4AaABAg,,False,@sister572,Божечки они такие красивые😍,0,2023-02-19T14:27:22Z,2023-02-19T14:27:22Z
UgyNLVdAXlrz1LP5TUJ4AaABAg,,False,@giannavelez7109,SKZ 💗💘💘💘💘💗💗💗,0,2023-02-19T05:35:44Z,2023-02-19T05:35:44Z
Ugy0Ex-1qfoGDS6k5ax4AaABAg,,False,@예나이-z9t,왜 승미니랑 정인이가하면 태권도장에서 춤추는 애들 같냐 ㅋㅋㅋㅋ 기여오,0,2023-02-18T09:03:29Z,2023-02-18T09:03:29Z
UgxufROLNT4iLR-m-fN4AaABAg,,False,@goodlucky-k4b,I love you Filex 🥰🥰,1,2023-02-17T18:00:17Z,2023-02-17T18:00:17Z
UgyJvo9g1MdC3gb8tCJ4AaABAg,,False,@12モンチ21,イエニ可愛すぎるー😂👍❤️❤️❤️,1,2023-02-17T17:54:34Z,2023-02-17T17:54:34Z
UgxF_T63AMGfI_tknfB4AaABAg,,False,@elif-tr5lp,Iloveyou ı.n,0,2023-02-17T13:09:36Z,2023-02-17T13:09:36Z
UgwyEMHg3-oN4W6s5mF4AaABAg,,False,@kokomi.,❤💟👌😊,0,2023-02-17T00:17:52Z,2023-02-17T00:17:52Z
UgwP86OFVx2U7ARzIbd4AaABAg,,False,@Dani._.546,La verdad yo como baby stay apenas distingo a seugmin y a I.N 😅😅😅,0,2023-02-15T15:26:06Z,2023-02-15T15:26:06Z
UgyMusTk89W5ohBgMoZ4AaABAg,,False,@Arya_092,Baby bread and puppy,0,2023-02-15T08:01:23Z,2023-02-15T08:01:23Z
UgzG6uzMLDZfxC2rHgt4AaABAg,,False,@stale_fr1es,They look so cute together,0,2023-02-13T10:04:02Z,2023-02-13T10:04:02Z
UgwdgBPHhmlC_N00HZJ4AaABAg,,False,@Juju_156,"Can I have a tutorial on Thunderous, please.",0,2023-02-09T20:16:25Z,2023-02-09T20:16:25Z
UgwdzDSDR3YrMFtSGJ54AaABAg,,False,@BJK_fangirl,My heart now 💗💓💞❤️‍🔥💔💔❤️‍🩹❤️‍🩹❤️‍🩹😍😍😍,1,2023-02-07T19:32:32Z,2023-02-07T19:32:32Z
UgwKD1gtfgyKeWNlIQV4AaABAg,,False,@Morena51,나는 그들의 노래를 정말 좋아하고 많은 노력으로 오늘의 모든 것을 이뤘기 때문에 매우 행복합니다 ✨,5,2023-02-07T15:56:09Z,2023-02-07T15:56:09Z
UgwNUrjKCGFf5gm2-el4AaABAg,,False,@k-popmusic143,"Why this video came to me after 2 years...
Although I saw him 2 years ago (stan stray kids 2 years.",0,2023-02-07T15:12:33Z,2023-02-07T15:12:33Z
UgzcelGrX5_FHCI59Qd4AaABAg,,False,@nicolelaflamme7545,i love you're performence,0,2023-02-06T20:53:24Z,2023-02-06T20:53:24Z
UgwHxI-rKxmW0URod5Z4AaABAg,,False,@ValentinaRamirez-zc5tr,TE AMO SEUNGMIN!!!!,0,2023-02-06T05:51:29Z,2023-02-06T05:51:29Z
UgyNj9tGrIxE6lVVS9Z4AaABAg,,False,@DivertimentoNet,this vocalracha,0,2023-02-05T18:30:26Z,2023-02-05T18:30:26Z
Ugw4DzI9A74BZk0-Ptp4AaABAg,,False,@Dila-ey1ek,🫶🐶,0,2023-02-04T15:28:45Z,2023-02-04T15:28:45Z
Ugz64OlFx6Rt6GI3VRR4AaABAg,,False,@F.Brenda.A,Seungggminnnnnnnnn,0,2023-02-04T01:12:35Z,2023-02-04T01:12:35Z
Ugw_5cmXdHc79qqkyGF4AaABAg,,False,@Zoes_,"나는 당신을 아주 많이 사랑합니다,당신은 내 삶의 의미가되었습니다,대단히 감사합니다.그러나 당신은 아마이 코멘트를 볼 수 없습니다.<33   I'm stay and happy.",0,2023-02-03T08:23:03Z,2023-02-03T08:23:03Z
Ugyw6ogdITrrlsR6Lc54AaABAg,,False,@sakuxrachan5783,I LOVE THEMMM,0,2023-01-31T09:37:03Z,2023-01-31T09:37:09Z
UgxoEqDcEzEsJRSm5r54AaABAg,,False,@vijisnika3110,Innieeeee,0,2023-01-29T15:02:14Z,2023-01-29T15:02:14Z
UgyvSNsC1lgmIK9_SuZ4AaABAg,,False,@Кукуша-ы5к,"обожаю их, но как то вяленько, без огонька",0,2023-01-28T08:32:39Z,2023-01-28T08:32:39Z
UgxjNtvHYH7k_pH5P5F4AaABAg,,False,@Аделинус-ж7л,I love you ❤️❤️❤️❤️❤️❤️❤️❤️❤️❤️❤️❤️❤️❤️❤️❤️❤️❤️❤️❤️❤️❤️❤️❤️❤️❤️❤️❤️😘😘😘❤️😘😘😘😘😘😘😘😘😘 😘😘😘❤️😘❤️😘❤️❤️💖❤️💖❤️❤️💖❤️💖💖🦊💖🦊💖💖🦊🦊🦊🦊🦊❤️💖❤️❤️💖💖🦊🦊❤️💖❤️❤️❤️❤️💖💖🦊💖💖🦊🦊❤️💖💖💖💖,0,2023-01-27T07:27:24Z,2023-01-27T07:27:24Z
Ugy-tbVR0rT8L8nRZgR4AaABAg,,False,@Таня-е3б,Красавцы парни 🥰😍,0,2023-01-26T12:26:53Z,2023-01-26T12:26:53Z
UgzW-po-mYcIgM3lQgV4AaABAg,,False,@emmaleeg.5823,I.N! You’re smile is soul healing!,0,2023-01-25T04:20:49Z,2023-01-25T04:20:49Z
UgzoDVecn6KonUSh8y94AaABAg,,False,@sevsenko813,Nuyhg okf 💋🤞,0,2023-01-24T16:34:47Z,2023-01-24T16:34:47Z
UgzALaibHKwh2d-EhcZ4AaABAg,,False,@sanriofan847,❤❤❤❤❤❤❤❤❤❤❤❤❤❤❤❤❤❤❤❤❤❤❤❤❤❤❤❤❤❤❤❤❤❤❤❤❤❤❤❤❤❤❤❤❤❤❤❤❤❤❤❤❤❤❤❤❤❤❤❤❤❤❤❤❤❤❤❤❤❤❤❤❤❤❤❤❤❤❤❤❤❤❤❤❤❤❤❤❤❤❤❤❤❤❤❤❤❤❤❤❤❤❤❤❤❤❤❤❤❤❤❤❤❤❤❤❤❤❤❤❤❤❤❤❤❤❤❤❤❤❤❤,0,2023-01-24T10:24:13Z,2023-01-24T10:24:13Z
Ugw0l7nFEL7gN-7HD2N4AaABAg,,False,@stantxtandizone,"are we not gonna talk about the fact that I.N, Seungmin and Woojin look so alike
We miss you woojin!!!
❤❤❤❤❤❤",0,2023-01-24T06:47:49Z,2023-01-24T06:47:49Z
Ugxrm6mAaOCcGNmqD7R4AaABAg,,False,@xstay_foreverx,"you guys make it look so easy! also, i love your dancing! ive been practicing for so long and it looks so weird when i do it's😭 but that's what i love about stray kids, they are unique ❤️",0,2023-01-22T22:48:54Z,2023-01-22T22:48:54Z
UgxI_X-Hc7EsdfmTkiF4AaABAg,,False,@dheishvshebr2610,The whole thing is good but the piece of hair sticking out  I.n head 😢😢😢,0,2023-01-22T09:11:23Z,2023-01-22T09:11:23Z
UgwO2ooVakcWOaO8Crh4AaABAg,,False,@morayelamorales7600,Tan Lindps mis Amores 🥰🥰😍😍😍😍💕💕💙💙💙💙💙💙,0,2023-01-22T08:19:55Z,2023-01-22T08:19:55Z
UgygT4bJ2u0cx7RDkVB4AaABAg,,False,@utkirtulaganov416,😘😍😘😍😘😍,0,2023-01-20T17:39:46Z,2023-01-20T17:39:46Z
UgwxITi4opJgEYdzJ0N4AaABAg,,False,@varsha4379,"Seungmin is the definition of PERFECTION!😭❤
Man is so perfect and damn beautiful😭
And as usual baby bread is so cute😍",11,2023-01-20T07:19:41Z,2023-01-20T07:20:53Z
UgxDFOELPCNTntMvexF4AaABAg,,False,@yulipalomauranhernandez,Seungmin y I.N tan hermosos,2,2023-01-19T22:16:10Z,2023-01-19T22:16:10Z
Ugz0yBNNSf8AFr9mqdd4AaABAg,,False,@M.y-s4s,멋지다,1,2023-01-15T02:43:28Z,2023-01-15T02:43:28Z
UgwK00s_At2A4I2omFl4AaABAg,,False,@Imstay0001,cutieeeeeeeeeeeeeee love you,0,2023-01-13T14:19:08Z,2023-01-13T14:19:08Z
UgzqgvQm6UD3g3FiU4t4AaABAg,,False,@Blanquisji567,Me encantan como vailan,0,2023-01-12T01:37:38Z,2023-01-12T01:37:38Z
UgyLOUCFLFlP6KWCxSR4AaABAg,,False,@Kay-lj4ti,I.N and Seungmin are so cute. I love them!!❤,0,2023-01-11T12:28:33Z,2023-01-11T12:28:33Z
UgzrAd9Oq9a_0lj52-14AaABAg,,False,@DrownedMonkey,Lil jeongin secretly killing it:,0,2023-01-09T07:29:38Z,2023-01-09T07:29:38Z
Ugynn9f8JIKu7K7f5Nl4AaABAg,,False,@斯維爾,احبكمممم 😔🫶🏻.,0,2023-01-08T20:25:06Z,2023-01-08T20:25:06Z
UgySdG7_o_tXce-Bmkt4AaABAg,,False,@gl1tterbl00d,i.n was feeling himself ngl,0,2023-01-08T04:24:56Z,2023-01-08T04:24:56Z
Ugz75QGQPfldgqLHL8t4AaABAg,,False,@itz_denshie_chie3405,Ok ok im done they match it with thier shipsss♡♡♡ I confirm it HAHAHA *NO HATE*,0,2023-01-08T00:37:58Z,2023-01-08T00:38:22Z
UgzavWcgibVUlFDio2B4AaABAg,,False,@sunnywunnyfunnybunny,yayyyyyyyy! I love these!,0,2023-01-07T14:42:54Z,2023-01-07T14:42:54Z
UgwnAj125lUhr-8_SRt4AaABAg,,False,@finnkarn8779,when i only expect the edited Christmas bum bum bum bum bum version ;-;,0,2023-01-07T03:01:02Z,2023-01-07T03:01:02Z
UgyBXemzx0N_QHtkD1t4AaABAg,,False,@cevaleesen5167,I LOVE YOU STRAY KIDS ♡♡♡♡♤,0,2023-01-06T17:57:55Z,2023-01-06T17:57:55Z
UgzfzqnbyeS5I5cIBJd4AaABAg,,False,@TRDMINI,✌️✌️✌️✌️,0,2023-01-06T17:05:59Z,2023-01-06T17:05:59Z
Ugw3ADhOOlNG_qfsCqZ4AaABAg,,False,@TRDMINI,They are good at dancing 🤘🤘🤘,0,2023-01-06T17:05:42Z,2023-01-06T17:05:42Z
UgzOPT7My6ejtpeNoQl4AaABAg,,False,@bts-skz-kpop-87221,Seugmin and I_N dance so good,6,2023-01-06T16:36:17Z,2023-01-06T16:36:17Z
UgyhoF7gVaMu4fQdpc94AaABAg,,False,@reidiiary,"WHY HAVE THEY PUT ALL THE MEMBERS I SHIP IN THE SAME VIDEO
H+F
B+B
S+I 
H+L
HOW",0,2023-01-03T14:26:56Z,2023-01-03T14:26:56Z
UgxPyFDcHP5x_NalH9B4AaABAg,,False,@lideresdela4tageneracionSKZ,Mis niños bellos ♡,0,2023-01-02T19:15:04Z,2023-01-02T19:15:04Z
UgxbggzSewM-vPYv0jl4AaABAg,,False,@enhalover7,Sorry I know it’s not related but what’s thier ship name-,0,2023-01-02T16:08:31Z,2023-01-02T16:08:31Z
UgxHDec3v6oG0TdA0DJ4AaABAg,,False,@voverstreet5942,Love it,0,2023-01-02T04:39:59Z,2023-01-02T04:39:59Z
Ugw1I0L3gTR5pZ7oHqp4AaABAg,,False,@yanismartinez2527,♥️,0,2023-01-02T00:56:09Z,2023-01-02T00:56:09Z
UgwXqlFjQrq-SenSBcx4AaABAg,,False,@joanalopes9163,Just amazing 🥰,0,2022-12-27T03:05:36Z,2022-12-27T03:05:36Z
UgwRgKXcs5ojgdWhIz94AaABAg,,False,@cricketcrumbs58,Cute maknaes of Skz♥️♥️,0,2022-12-25T05:20:55Z,2022-12-25T05:20:55Z
UgwEZyS8wq1XOC-MccZ4AaABAg,,False,@solaschool4324,"You guys are the best
I LOVE YOU
ot8",0,2022-12-23T15:56:04Z,2022-12-23T15:56:04Z
UgwFs3W_jzONlNKlUFl4AaABAg,,False,@arabaher6973,BTS WOWWWWWWWWW,0,2022-12-18T16:01:56Z,2022-12-18T16:01:56Z
UgwFs3W_jzONlNKlUFl4AaABAg.9jmg9gJEinO9jr5kbMRLde,UgwFs3W_jzONlNKlUFl4AaABAg,True,@hwang564,This is not BTS video. You don't know your own idols yet.,1,2022-12-20T09:11:16Z,2022-12-20T09:11:16Z
UgwFs3W_jzONlNKlUFl4AaABAg.9jmg9gJEinO9k1Qb3Mfzj9,UgwFs3W_jzONlNKlUFl4AaABAg,True,@han_jisungs_acorns,this is not bts. this is stray kids. smh,1,2022-12-24T18:45:06Z,2022-12-24T18:45:06Z
UgzNVlxpQ83CDCABBzZ4AaABAg,,False,@macarenahuenul8259,♥️👁️😃😄😀👻👻👻👻❤️♥️🧡💛💚🖤🤎💜💙💙🤍💌💟💕💞💓💗💝💖,0,2022-12-16T21:11:16Z,2022-12-16T21:11:16Z
UgzLT_WlxnNP2zppgwV4AaABAg,,False,@Zamong_hada,살랑살랑 추는 거 너무 이쁘,0,2022-12-14T16:33:23Z,2022-12-14T16:33:23Z
UgyVxy6wDVIas3VX4pt4AaABAg,,False,@由香村上-f8q,呼吸が合ってる！！,0,2022-12-12T12:35:52Z,2022-12-12T12:35:52Z
Ugz4j8NHE1J8zUKULmx4AaABAg,,False,@yourgoldjam,our baby bread <3,1,2022-12-10T19:39:18Z,2022-12-10T19:39:18Z
UgyT079THt5BfRzIEh94AaABAg,,False,@linouuvita,GOO,0,2022-12-10T14:59:31Z,2022-12-10T14:59:31Z
Ugzb-PhOrllgiboQKc94AaABAg,,False,@sy4ka739,I.N❤❤❤❤❤❤❤❤❤❤❤,0,2022-12-06T14:49:07Z,2022-12-06T14:49:07Z
UgwvFq0NWb68GwzyJIN4AaABAg,,False,@my.m4ru,i.n mullet>>>>>>,0,2022-12-05T22:44:09Z,2022-12-05T22:44:09Z
Ugx5ulQ1pVYOmyXddTh4AaABAg,,False,@rakana6580,😂😂😂,0,2022-12-05T17:32:20Z,2022-12-05T17:32:20Z
UgytDQEm8-uhWZQplcF4AaABAg,,False,@gulsenyilmaz6951,매우 달콤한,1,2022-12-05T04:29:51Z,2022-12-05T04:29:51Z
UgzMa2APBfzHRMxQOMd4AaABAg,,False,@irmassalus6464,Vocal racha❤️,0,2022-11-30T03:20:33Z,2022-11-30T03:20:33Z
UgzeKDpmeib23eYSKCx4AaABAg,,False,@ARMY-vs7nx,Im from turkey ı love you stray kids,0,2022-11-26T14:08:42Z,2022-11-26T14:08:42Z
UgyYmUfkrRpzVx9M2jF4AaABAg,,False,@miss6418,👌The best dancers to the song. Can you believe I memorized it in two hours exactly?,0,2022-11-24T13:54:33Z,2022-11-24T13:54:33Z
UgzXZHaQNdrlxBa4u1F4AaABAg,,False,@lapulgadeyeontan9074,Cute 🥺❤️😩😩😭😭Love,1,2022-11-23T12:35:38Z,2022-11-23T12:35:38Z
UgylOPw6EAPR3YE7Ewh4AaABAg,,False,@gizemli916,pls this see hyunjin so cute,0,2022-11-23T09:02:47Z,2022-11-23T09:02:47Z
Ugxk550cE5z5GpEPMq54AaABAg,,False,@sandhiyasaranya8676,"When hyunjin dances....  Me be like OMG it's really very hard ...
Meanwhile min dances me be like oh God it's too good he slayed it very easily",0,2022-11-23T08:31:53Z,2022-11-23T08:31:53Z
UgwmVo6774UbMG8t2n14AaABAg,,False,@user-ft9yr6ny9y,☺️ ☺️,1,2022-11-16T23:00:42Z,2022-11-16T23:00:42Z
Ugy92fAIA4FkhBlWxwJ4AaABAg,,False,@SoraAidemo,Soooo smooth 😘😭😘,0,2022-11-16T08:26:41Z,2022-11-16T08:26:41Z
UgyLkyc2Yr6rUUEAv1R4AaABAg,,False,@Rossiae,Stan skz,0,2022-11-15T23:26:54Z,2022-11-15T23:26:54Z
UgwAn8eZohu8VRanA894AaABAg,,False,@selection1947,yes stray  kids,0,2022-11-15T19:01:50Z,2022-11-15T19:01:50Z
UgzbbhC8kIzLiPADceN4AaABAg,,False,@ycxikers,красавцы Сынми няшка и и L.N.,0,2022-11-15T15:27:01Z,2022-11-15T15:27:01Z
Ugw74ne7J9BVTJ3HriV4AaABAg,,False,@melisoykucankaya1407,ı love you seungmin <<<<<333333,0,2022-11-15T14:03:34Z,2022-11-15T14:03:34Z
Ugzxy8bm-9DyX8y1p0p4AaABAg,,False,@каспернадежда,"Очень классно танцует оба, интересно а он наступеь, или нет на шнурок?😏💖💖💖💖💖💖💖💖💖💖💖💖💖💖💖💖💖💖💖💖💖💖",0,2022-11-14T19:09:34Z,2022-11-14T19:09:48Z
Ugy-G6IP5_6wX6vur-54AaABAg,,False,@alissondiaz0168,"Let's vote in the 2022 mama awards, are we lowering the percentage???
Let's vote STAY 💚",0,2022-11-14T02:23:34Z,2022-11-14T02:23:34Z
UgxFHAuHBp27g_djdQV4AaABAg,,False,@-sena.meryem-,Vocalrachaaaaa,0,2022-11-13T07:37:43Z,2022-11-13T07:37:43Z
UgxKAww3SpFiB1VB_Zd4AaABAg,,False,@YejisHoodieInHalazia,I notice Jeongin was spoiling CASE 143!!!!,1,2022-11-13T05:52:49Z,2022-11-13T05:52:49Z
UgybdB7YHm4PQytm5gF4AaABAg,,False,@Fattukkk,I love youuu,0,2022-11-12T17:19:21Z,2022-11-12T17:19:21Z
Ugwy75vEMfx_NpL_jJt4AaABAg,,False,@laxmansingh3259,🥵🥵🔥🔥,0,2022-11-12T02:41:58Z,2022-11-12T02:41:58Z
Ugyuwj4Je_F0-N2aOCt4AaABAg,,False,@laarmy.yonginista30,"te amo i,n.",1,2022-11-11T21:12:12Z,2022-11-11T21:12:12Z
Ugz2esbKHhtt4JMTVJ94AaABAg,,False,@laarmy.yonginista30,no ma están bien guapos,1,2022-11-11T21:11:52Z,2022-11-11T21:11:52Z
UgwxAuSEt5wJU-OH6Gh4AaABAg,,False,@hasanovaa_48,"No lie, I love this music❤️",1,2022-11-11T13:50:06Z,2022-11-11T13:50:06Z
Ugw7S_Nj5oyJY0o9saV4AaABAg,,False,@eliannymanoban9469,🥰🥰🥰🥰🥰🤩🤩🤩🤩🥰😍😘😘😘😘😘😘😘🧖🌺🌺🌺🌺🌺🌺🌺🌺🌼🌼🌼,0,2022-11-10T06:50:24Z,2022-11-10T06:50:24Z
Ugy4g9NK6Ph6nAy6ZnV4AaABAg,,False,@NezYanndayzTurkiye,Jeongin my bias,0,2022-11-09T06:44:11Z,2022-11-09T06:44:11Z
UgxBM1JeCRLZKFBck494AaABAg,,False,@changbins.muscles,why are they both so cute and such good dancers,0,2022-11-08T22:19:55Z,2022-11-08T22:19:55Z
UgyNoRGJ3f_OuKQUyBR4AaABAg,,False,@HuliXiao,They're amazing. And how adorable I.N's smile is.,0,2022-11-08T06:02:28Z,2022-11-08T06:02:28Z
UgzVNRZ6eJ1oPuuyPy94AaABAg,,False,@beriaoduncu4435,i love stray Kids😘💗💖,1,2022-11-06T14:16:21Z,2022-11-06T14:16:21Z
UgxWqPcCwl1bqJvlt714AaABAg,,False,@Sefikayaa,Beutiful omgggg,0,2022-10-23T12:06:54Z,2022-10-23T12:06:54Z
UgzrUJZekOPyJ3VCIUd4AaABAg,,False,@Hyungseo7,Loveeeeee 💖♥️💖💖❤️❤️❤️,1,2022-10-22T18:41:53Z,2022-10-22T18:41:53Z
UgyfSUzCt84EsDjwqbJ4AaABAg,,False,@MakhammatovaNargiza,Omg 😭😭😭 love,0,2022-10-22T11:20:34Z,2022-10-22T11:20:34Z
UgzTS_XBc_VczSrXCFx4AaABAg,,False,@usagi-senpai,"Honestly when I was a baby stay I couldn't tell apart these two as well felix and hyunjin please don't tell I was the only one :,)",0,2022-10-21T21:54:33Z,2022-10-21T21:54:33Z
UgyZ9t19pAtKIkcG9lN4AaABAg,,False,@huma6560,Türkish fan straykids ı love you 🥰😍🥰😍🥰😍🥰😍🥰😍🥰😍🥰😍🥰😍😍🥰😍🥰😍😍🥰😍🥰😍😍🥰😍😍😍🥰😍😍🥰😍😍🥰😍🥰😍🥰🥰🥰🥰😍🥰😍🥰😍😍🥰😍🥰😍🥰😍🥰😍🥰😍🥰😍🥰😍🥰😍🥰😍🥰😍🥰😍😍😍🥰😍🥰😍🥰🥰😍🥰😍🥰🥰😍🥰😍🥰😍🥰🥰😍😍😍🥰😍🥰😍🥰😍🥰😍🥰😍🥰😍😍🥰😍🥰😍🥰😍😍🥰😍🥰😍🥰😍🥰😍🥰😍🥰😍🥰😍🥰😍🥰😍🥰😍🥰😍🥰😍🥰😍🥰😍😍🥰😍😍🥰😍🥰😍🥰😍🥰😍🥰😍🥰🥰😍😍🥰😍🥰😍😍😍🥰😍🥰😍🥰😍😍🥰😍🥰😍🥰😍🥰😍🥰😍🥰😍😍🥰😍😍🥰😍🥰😍🥰😍🥰😍🥰😍🥰😍🥰😍🥰😍🥰😍🥰😍🥰😍🥰😍😍😍😍🥰😍😍😍😍🥰😍🥰😍🥰😍🥰😍🥰😍🥰😍🥰😍🥰😍🥰😍😍😍🥰😍🥰😍🥰😍😍🥰Türkish fan straykids ı love you 🥰😍🥰😍🥰😍🥰😍🥰😍🥰😍🥰😍🥰😍😍🥰😍🥰😍😍🥰😍🥰😍😍🥰😍😍😍🥰😍😍🥰😍😍🥰😍🥰😍🥰🥰🥰🥰😍🥰😍🥰😍😍🥰😍🥰😍🥰😍🥰😍🥰😍🥰😍🥰😍🥰😍🥰😍🥰😍🥰😍😍😍🥰😍🥰😍🥰🥰😍🥰😍🥰🥰😍🥰😍🥰😍🥰🥰😍😍😍🥰😍🥰😍🥰😍🥰😍🥰😍🥰😍😍🥰😍🥰😍🥰😍😍🥰😍🥰😍🥰😍🥰😍🥰😍🥰😍🥰😍🥰😍🥰😍🥰😍🥰😍🥰😍🥰😍🥰😍😍🥰😍😍🥰😍🥰😍🥰😍🥰😍🥰😍🥰🥰😍😍🥰😍🥰😍😍😍🥰😍🥰😍🥰😍😍🥰😍🥰😍🥰😍🥰😍🥰😍🥰😍😍🥰😍😍🥰😍🥰😍🥰😍🥰😍🥰😍🥰😍🥰😍🥰😍🥰😍🥰😍🥰😍🥰😍😍😍😍🥰😍😍😍😍🥰😍🥰😍🥰😍🥰😍🥰😍🥰😍🥰😍🥰😍🥰😍😍😍🥰😍🥰😍🥰😍😍🥰,0,2022-10-20T18:40:43Z,2022-10-20T18:40:43Z
UgwtU2nicXgFpU-m-N94AaABAg,,False,@hyunjinmqws,yaaa you are very beatiful ı love your album very nice Stray Kids ı am turkısh good byeee,0,2022-10-17T18:33:18Z,2022-10-17T18:33:18Z
Ugw7E6BLwWTd0IuzdRB4AaABAg,,False,@utopya173,Oyy,0,2022-10-17T18:20:55Z,2022-10-17T18:20:55Z
UgyD1pxD2x6-MMnWctl4AaABAg,,False,@missnova7473,Maknae line + the official crackheads of the group lol,0,2022-10-11T18:06:35Z,2022-10-11T18:06:35Z
Ugy0y1vY-W4TbD29WrR4AaABAg,,False,@a_zxlkj,I love this song more than others oh my god it's legendary wow keep it up,0,2022-10-09T22:37:10Z,2022-10-09T22:37:10Z
UgwRwabBIIBRAzxY34F4AaABAg,,False,@Channie0628,They are like brothers or twins like omg 😱,0,2022-10-09T16:14:02Z,2022-10-09T16:14:02Z
Ugw0N9BuWX8DyyQU1qF4AaABAg,,False,@zosyechka,당신은 얼마나 귀여워요,1,2022-10-09T09:24:46Z,2022-10-09T09:24:46Z
Ugw4ZqxYO_0JpnzTBKR4AaABAg,,False,@WillgrahmI6,❤️ 💙 💜 💖 💗 💘,0,2022-10-08T15:40:48Z,2022-10-08T15:40:48Z
UgzXZV29TIooV-DfuDZ4AaABAg,,False,@Lili_briki_L,2 maknae on top💕they are great dancer and vocalist,0,2022-10-03T09:45:35Z,2022-10-03T09:45:35Z
Ugwl2ITccc6UASTi-Vx4AaABAg,,False,@aliciaisidro9735,LOSSS AMOOOOO,0,2022-09-30T16:59:17Z,2022-09-30T16:59:17Z
UgyHm6Bsrp5Vw77whgF4AaABAg,,False,@faylsss,jeongin eu te amo muiti vivo por vcs,0,2022-09-30T11:31:37Z,2022-09-30T11:31:37Z
UgzevaH2oO1ndZHRcHl4AaABAg,,False,@estudianterafaelaneira1901,Esperoinqeubegasteamo,0,2022-09-29T21:34:44Z,2022-09-29T21:34:44Z
UgxcXIfI0SpJkCT7fgZ4AaABAg,,False,@estudianterafaelaneira1901,In🇨🇱🇨🇱🇨🇱🇨🇱💋💋💋💋❤❤❤❤❤❤❤❤❤❤❤❤❤❤❤❤❤❤❤❤❤💘💘💘💘💘💘💘💋💋💋💋💋💌inteamo,0,2022-09-29T21:32:28Z,2022-09-29T21:32:28Z
UgwqkBTuKts01CFefep4AaABAg,,False,@yvonnebryan7714,I need a red outfit! But I have slightly red hair so.....not me 😁🐈,0,2022-09-28T21:15:08Z,2022-09-28T21:15:08Z
UgxbaVBhICKufOmpC-R4AaABAg,,False,@galantti787,"Yo soy i.n riéndome de lo bien que me sale(saldría, no me sale bien XD)",0,2022-09-27T16:30:49Z,2022-09-27T16:30:49Z
UgzfOMj25COHfYs8nel4AaABAg,,False,@weird-bookworm,Not Seungmin doing just the bare minimum but still looking good as heck 😩❤️,0,2022-09-27T13:31:31Z,2022-09-27T13:31:31Z
UgykChxB57XW8Hhs2ZB4AaABAg,,False,@titodatu1291,I.N. and SEUNGMIN are so manly and cool in this challenge scenario.. Their moves adds more charm in their looks.. Beautiful and amazingly done.. Stay precisely!! 👍💎💕🧕🏻🇵🇭,0,2022-09-25T00:29:50Z,2022-09-25T00:29:50Z
Ugz7k5fTS4zBs6xneyV4AaABAg,,False,@saanvikorampalli8056,Is I.N. the one on the right?,0,2022-09-22T01:58:53Z,2022-09-22T01:58:53Z
Ugyciy3jfCQemd5Eu5B4AaABAg,,False,@rupalijagdhane5031,I love you  l. N,0,2022-09-21T09:33:18Z,2022-09-21T09:33:18Z
UgzEJPf-49V9JnOltIR4AaABAg,,False,@bobesponjaaymi9619,I.N 💘,0,2022-09-19T21:48:23Z,2022-09-19T21:48:23Z
UgwdXX50zReoEQEoiU54AaABAg,,False,@blackteq380,Me look at seungmin trying to find that ass that Lee know always slapping: 👁👄👁,0,2022-09-18T15:59:35Z,2022-09-18T15:59:35Z
UgzJiygyyy2ZORNH6oB4AaABAg,,False,@mayallyourbaconburn7133,I.N really improved. He must have worked really hard.,0,2022-09-18T11:22:25Z,2022-09-18T11:22:25Z
UgzrIJzbB5lXbbWgLth4AaABAg,,False,@zombietash2599,❤️❤️❤️,1,2022-09-18T02:33:54Z,2022-09-18T02:33:54Z
UgxboWXVgC5FRUEAZUR4AaABAg,,False,@dontworry_yourethebest,우리애 머리 뻗친 긋 같은데.. ㅎㅎㅎ 아 귀여워,2,2022-09-17T18:12:08Z,2022-09-17T18:12:08Z
Ugy1hm4APeprH77vHEp4AaABAg,,False,@АнастасияБакимова-е5н,Леди Дж,0,2022-09-15T10:46:54Z,2022-09-15T10:46:54Z
Ugx-H2phw2svtMhNukd4AaABAg,,False,@АнастасияБакимова-е5н,Будет у вас,0,2022-09-15T10:46:46Z,2022-09-15T10:46:46Z
Ugwybh7CgqrpWfsWdaZ4AaABAg,,False,@АнастасияБакимова-е5н,Скажите всем такая,0,2022-09-15T10:46:36Z,2022-09-15T10:46:36Z
Ugwn2EcS64IZs3HsUl14AaABAg,,False,@АнастасияБакимова-е5н,Успокоитесь просто ответственность это,0,2022-09-15T10:46:21Z,2022-09-15T10:46:21Z
UgwXs-ztvGPQYV_DL1d4AaABAg,,False,@Александр-ю8н1х,Пожалуйста подскажите как называется эта песня,0,2022-09-13T18:48:19Z,2022-09-13T18:48:19Z
UgwLgoz_-QjdfhKx-Bh4AaABAg,,False,@ky.94,Jeongin is always smiling I can’t he’s so cute 😭😭,0,2022-09-11T21:38:12Z,2022-09-11T21:38:12Z
UgwZ7MQlvPpThMnqG894AaABAg,,False,@gogopogo2692,사랑해요,0,2022-09-10T08:25:44Z,2022-09-10T08:25:44Z
UgxUC29ZnoWRSs77Qw94AaABAg,,False,@Hanniewies_,love you SKZ from Turkey🇹🇷🇹🇷,0,2022-09-09T23:40:33Z,2022-09-09T23:40:33Z
UgytW_nFVo0hfmDMEA14AaABAg,,False,@vijiak,Pure talent,0,2022-09-08T12:26:18Z,2022-09-08T12:26:18Z
UgxZl7kctdi11RIZfGp4AaABAg,,False,@armykids2830,Doar mie mi se pare ca I.N seamănă cu sugmin și la început îmi era greu sa spun care e care,0,2022-09-02T08:17:18Z,2022-09-02T08:17:18Z
UgxjB615wEtGqCgrP2N4AaABAg,,False,@Itzs-oreoo,Love stray kids,1,2022-09-01T19:28:49Z,2022-09-01T19:28:49Z
UgxjB615wEtGqCgrP2N4AaABAg.9fRxzVBRpIj9faJoSoGe5f,UgxjB615wEtGqCgrP2N4AaABAg,True,@Hamdiyeacr55,İm turkish 🇹🇷,0,2022-09-05T10:41:27Z,2022-09-05T10:41:27Z
UgylwoxSXQ-zTqtX0ah4AaABAg,,False,@Kailiiiiiiiii,Это можно смотреть вечно👀,0,2022-08-28T07:27:09Z,2022-08-28T07:27:09Z
UgypkkHFX5pptkXkdMZ4AaABAg,,False,@-angelic-,ilysm,1,2022-08-28T02:09:27Z,2022-08-28T02:09:27Z
UgzZP9guxXwxos9R2mZ4AaABAg,,False,@iplay7168,How well they dans stray kids,0,2022-08-26T14:34:10Z,2022-08-26T14:34:10Z
Ugx9glbjoVn0vD3g5dl4AaABAg,,False,@alpha_9375,Me a new stay that barely know them : I.N and Seungmin is 2 separate people😱😱,0,2022-08-26T09:30:39Z,2022-08-26T09:30:39Z
UgxPTUe2XlFO6gatg1h4AaABAg,,False,@elifli.0,Türkiye'den selammmm,0,2022-08-24T10:23:04Z,2022-08-24T10:23:04Z
UgzmL_oK8jIKK2E3-O94AaABAg,,False,@skzandtxtmylife2768,"my biggest dream is to see you I love you more than anything in this world, I am Turkish, please come here and do a concert, but I will come to Korea to see you❤️ please answer",0,2022-08-24T07:02:41Z,2022-08-24T07:02:41Z
UgxPIDmDudv3SX449qB4AaABAg,,False,@zoekpop-ef5mp,❣❣❣❣❣❣❣,0,2022-08-23T02:58:26Z,2022-08-23T02:58:26Z
Ugx6cpK7dmsfGdUqYPZ4AaABAg,,False,@Ninnee644,They are so cute  * _ *,0,2022-08-21T17:32:02Z,2022-08-21T17:32:17Z
UgxIO0u4rhe8QltmvKB4AaABAg,,False,@za_15274,what's the name of the song,0,2022-08-21T10:51:59Z,2022-08-21T10:51:59Z
UgwT32pDgo1lNxTfTdh4AaABAg,,False,@ecrinasyakahrman6852,You are soo cute,0,2022-08-21T05:56:08Z,2022-08-21T05:56:08Z
UgxP2n17FS_8kZJvfE14AaABAg,,False,@Tilsim_nini,PLS come Turkey,0,2022-08-17T12:54:11Z,2022-08-17T12:54:11Z
Ugw0QjK_3sJQ4T7Wzm54AaABAg,,False,@jikookkookminjkyjmmesbesem9288,Ermosos yo imaginando a lli jiji los amo,0,2022-08-16T22:43:10Z,2022-08-16T22:43:10Z
Ugy17zq59gZeZ0Ny5AV4AaABAg,,False,@chehansa7311,"I.N trying to hold his laugh is so cuteeee


But they are killing me with their expressions",0,2022-08-15T17:15:04Z,2022-08-15T17:15:04Z
UgyK1yp1VhOUTetWMFN4AaABAg,,False,@ろはん-l6e,平和of平和😭,0,2022-08-14T23:48:26Z,2022-08-14T23:48:26Z
UgyNc1i3rbJ7VvPlpDV4AaABAg,,False,@higuys6074,"Everyone: talking abt their amazing dancing
Me: *watching seungmins shoelace slowly come undone*",0,2022-08-13T05:37:41Z,2022-08-13T05:37:41Z
UgxIHQ4df_LNAGW_2B54AaABAg,,False,@vhoy7899,We went through withdrawal after the concert... these videos help,0,2022-08-13T01:36:56Z,2022-08-13T01:36:56Z
UgyXF2ZW0qZJvXD6zgl4AaABAg,,False,@hurmuserol7049,❤️🙂,0,2022-08-12T20:41:10Z,2022-08-12T20:41:10Z
Ugy20RPYUMaaoyqFy2h4AaABAg,,False,@Justinbless3,W ok,0,2022-08-11T15:51:57Z,2022-08-11T15:51:57Z
Ugy3ClWCznEB3QH2CHx4AaABAg,,False,@mllxgnabch,любимые мальчики!!💓💓,0,2022-08-10T20:53:15Z,2022-08-10T20:53:15Z
UgxRkt6RQPWBnLsi3_94AaABAg,,False,@ikkomedp,아이엔 이렇게 완벽하게 춤을 추는게 정상이야?,0,2022-08-09T20:42:49Z,2022-08-09T20:42:49Z
Ugy5Ipf7caEyYze-qi54AaABAg,,False,@lumina7513,Seungmin's shoes are ✨pretty✨,0,2022-08-09T12:27:06Z,2022-08-09T12:27:06Z
Ugw_59o1yySgcm4MWet4AaABAg,,False,@seynseynsah,Seungmin's smile is amazing salange hyung (from Turkish Stay),0,2022-08-08T11:43:42Z,2022-08-08T11:43:42Z
UgyUkPGgmpHmg9fxstp4AaABAg,,False,@pandocnka9255,"너무 멋져!!!
So cool 🔥",0,2022-08-04T17:56:03Z,2022-08-04T17:56:26Z
Ugxmkd8f9-e5I5gJt5Z4AaABAg,,False,@papinahiarmy5799,Los amoooo,0,2022-08-04T01:51:39Z,2022-08-04T01:51:39Z
UgxIOOJTkhl2fc9JHsF4AaABAg,,False,@anacano6701,Your shoelace is untied 💜,0,2022-08-02T17:55:54Z,2022-08-02T17:55:54Z
Ugz2ZbKJi0kxIRTx2BB4AaABAg,,False,@AzakovaMələk,İt is very nıce,0,2022-08-02T14:26:20Z,2022-08-02T14:26:20Z
UgwmQw4FnucK9Zj13OF4AaABAg,,False,@gbdhh-y1q,Debate the community,0,2022-08-02T10:35:58Z,2022-08-02T10:35:58Z
UgwF9bF5BaK8RK9C-bB4AaABAg,,False,@dinya205,❤💘💓💕💖💗💙💚💛💜💝💞💟❣💌💓💗💙💗💗💗💗💗💕💖💙💚💛💛💛💜💜💜💜💛💜💜💜💜💝💝💝💝💝💞💞💞💞💞💞💟💟💟💟💟💟❣❣❣❣,0,2022-08-01T19:00:14Z,2022-08-01T19:00:14Z
Ugw8BfoR3JhQ_QoMyJ94AaABAg,,False,@rblx271,Çok tatlı dans ediyorlar😅,0,2022-08-01T15:03:32Z,2022-08-01T15:03:32Z
UgwrMiJ-fhcBThcWSQN4AaABAg,,False,@acksheramachandran3739,"They are so good, but i...i know that everyone will hate my Dance....😭😔",0,2022-07-31T22:13:08Z,2022-07-31T22:13:45Z
Ugxl1TLP_DaEQ9zOd5p4AaABAg,,False,@acksheramachandran3739,You are so sweet I.N. and Seungmin. Stray Kids is a Dreamfamily🥰😍🥺😔,0,2022-07-31T22:12:16Z,2022-07-31T22:12:16Z
UgyAkiFNTdvCw_Q1s-14AaABAg,,False,@ihsanerdinc2151,Oh I LOVE YOU SKZ,0,2022-07-31T09:31:17Z,2022-07-31T09:31:17Z
UgxKNGclyDNmLJ0dul14AaABAg,,False,@jessicagaines5464,완벽한,1,2022-07-30T23:57:24Z,2022-07-30T23:57:24Z
UgzENA9lwqrMP7VU6Ut4AaABAg,,False,@qianyicao2920,喜欢😘,0,2022-07-30T06:40:21Z,2022-07-30T06:40:21Z
UgwxlAD-bDYF8RBVPXt4AaABAg,,False,@yunjiminn,Just 💫,0,2022-07-29T19:02:23Z,2022-07-29T19:02:23Z
Ugz4uGQkycYNi_wGyFl4AaABAg,,False,@LetsBeHonest30,I love seeing Seungmin smile. It just makes my day.,1,2022-07-28T23:40:22Z,2022-07-28T23:40:22Z
UgxAYpxJWq-NA2AOI3h4AaABAg,,False,@Stay-gl5bp,Hermosooooooooooooossssssss aaaaaaaaaaaaaaaaaaaaaaaa,0,2022-07-26T22:34:34Z,2022-07-26T22:34:34Z
Ugw3ACD-j42GF2H_D5R4AaABAg,,False,@hooman_235,:),0,2022-07-26T22:17:13Z,2022-07-26T22:17:13Z
UgwUoGF86zXInAZPsP94AaABAg,,False,@Namjiwx_Starmy,"♡I Love STRAY KIDS♡
I
♡
L
O
V
E
♡
S
T
R
A
Y
♡
K
I
D
S
♡
                ❤❤  ❤❤
            ❤❤❤  ❤❤❤
             ❤❤❤❤❤❤
                 ❤❤❤❤
                      ❤❤

I
❤
L
O
V
E
❤
S
T
R
A
Y
❤
K
I
D
S
❤
""😘😍🥰💝💘💌❣💟💕💞💓💗💖🤎💜💙💚💛🧡❤🤍😘😍🥰💝💘💌❣💟💕💞💓💗💖🤎💜💙💚💛🧡❤🤍😘😍🥰💝💘💌❣💟💕💞💓💗💖🤎💜💙💚💛🧡❤🤍😘😍🥰💝💘💌❣💟💕💞💓💗💖🤎💜💙💚💛🧡❤🤍😘😍🥰💝💘💌❣💟💕💞💓💗💖🤎💜💙💚💛🧡❤🤍😘😍🥰💝💘💌❣💟💕💞💓💗💖🤎💜💙💚💛🧡❤🤍😘😍🥰💝💘💌❣💟💕💞💓💗💖🤎💜💙💚💛🧡❤🤍😘😍🥰💝💘💌❣💟💕💞💓💗💖🤎💜💙💚💛🧡❤🤍😘😍🥰💝💘💌❣💟💕💞💓💗💖🤎💜💙💚💛🧡❤🤍😘😍🥰💝💘💌❣💟💕💞💓💗💖🤎💜💙💚💛🧡❤🤍😘😍🥰💝💘💌❣💟💕💞💓💗💖🤎""
♡STAY♡",1,2022-07-26T15:23:54Z,2022-07-26T15:23:54Z
UgznCUyWmlfmY2bXwol4AaABAg,,False,@hyesvmhyeslerbenimyallahbe2919,I_nnnnnnn💓💓💓💓💓💓,1,2022-07-26T06:27:24Z,2022-07-26T06:27:24Z
UgyHu5vxd2qD44JWLch4AaABAg,,False,@hyesvmhyeslerbenimyallahbe2919,Seugminnnnnnn💕💕💕💕💕,1,2022-07-26T06:26:52Z,2022-07-26T06:26:52Z
UgzZx8-x_EK-MSbU-LZ4AaABAg,,False,@Saturnsibz__4879,💜💜,0,2022-07-26T05:12:18Z,2022-07-26T05:12:18Z
UgwnXyZ0Jcm6d9JD-Rh4AaABAg,,False,@claire_horstmann,the way their hair was bouncing it was so cute 😭💖,7,2022-07-23T17:27:33Z,2022-07-23T17:27:33Z
UgxkmxfxU6eKQQyQ-SN4AaABAg,,False,@camsindahouse,Can someone tell me if this is mirrored or not?,0,2022-07-23T17:02:58Z,2022-07-23T17:02:58Z
Ugyhs7WkXM62xlzzH1d4AaABAg,,False,@tamarimorgoshia6508,I love I.n and sugmin❤💗💖💖💕,0,2022-07-23T10:40:05Z,2022-07-23T10:40:05Z
Ugz_nYLQkLhXLqksI0F4AaABAg,,False,@mr.hyunjin5369,Both of their smiles tho😢,0,2022-07-22T02:45:26Z,2022-07-22T02:45:26Z
UgxnREH96IkzVmE2M5V4AaABAg,,False,@sarapantoja9919,Perfect✨,0,2022-07-21T14:14:05Z,2022-07-21T14:14:05Z
UgxsxhOiNtz1rGJx3SR4AaABAg,,False,@mich325,Mis wawitas mi vocal racha que puede hacer de todo uwu los amo chicos,0,2022-07-20T14:58:08Z,2022-07-20T14:58:08Z
Ugx80UT7pP-p47Zriw14AaABAg,,False,@kenzu7020,They dance with just cuteness. Haha...bit i like it.,0,2022-07-17T12:53:12Z,2022-07-17T12:53:12Z
UgxJL0Bg3yaPmnJiQqJ4AaABAg,,False,@Llklllllllklkl,"Hey Chan, I know you shouldn't pay attention or look at my post. I have no other choice but to complain to you of my fatigue and sadness. I can not afford it. I want to commit suicide. I don't know how at all. When I remember the moments of rape I feel disgusted, how do you feel? I really want someone to guide me and put me in their arms. I began to think about death, but I could not know, you would not see my message, but perhaps I could reveal the secret and the fear within me if I spoke to someone, though you don't really care about me. Even if you don't look at my words, however I can rest a bit, I really want a long, warm hug so I can cry comfortably. I'm tired of life",0,2022-07-15T23:02:36Z,2022-07-15T23:02:36Z
Ugz1_IU934lVASsKOT14AaABAg,,False,@midzyma4148,これぞまさにJYPの踊り方,1,2022-07-12T17:07:41Z,2022-07-12T17:07:41Z
UgwMv3Ho-2M4v8VQz094AaABAg,,False,@leehanii,I love youuu,0,2022-07-06T10:09:36Z,2022-07-06T10:09:36Z
UgzJDUT6jffQQUGHdTR4AaABAg,,False,@Skz.hyunjin23,❤❤👍🇰🇷,0,2022-07-03T22:24:21Z,2022-07-03T22:24:21Z
UgxnOpk7ubykq2YtUVx4AaABAg,,False,@ZeLkarga,l love you ♡ I am Turkish,0,2022-07-01T03:42:13Z,2022-07-01T03:42:13Z
Ugxhl5Sd2j0NSulYn3Z4AaABAg,,False,@gulnozaerkinova5921,My biases,0,2022-06-25T06:09:15Z,2022-06-25T06:09:15Z
UgxcwGCMufZxT2OuL9l4AaABAg,,False,@blackpinkblink39,Чонин ты прекрасный 💗😭😭,1,2022-06-20T17:28:47Z,2022-06-20T17:28:47Z
Ugxk4hMB3dVi9ET_nAF4AaABAg,,False,@tapashgoswami5693,No offense but I can't tell which one is which ( I'm a new stay lol ) 😅,0,2022-06-16T08:14:37Z,2022-06-16T08:14:37Z
UgzjF1renira0FwS-Pl4AaABAg,,False,@Val1.333,"Jeongin: 😄
Seungmin: 😐",0,2022-06-11T19:44:27Z,2022-06-11T19:44:27Z
UgztLczQgpkrLwMBKYZ4AaABAg,,False,@lovely_heestan,My bias and My bias wrecker OMG !!!!,0,2022-06-04T21:49:30Z,2022-06-04T21:49:30Z
Ugw5sJxv5GLVMembDeN4AaABAg,,False,@fank-pop3728,I love you all ❤❤❤❤❤,1,2022-06-04T14:01:52Z,2022-06-04T14:01:52Z
Ugzdpk-qemkK10T77a14AaABAg,,False,@hafsafathima8789,The best dance and seuingmin is so cute,0,2022-06-03T04:57:57Z,2022-06-03T05:00:58Z
UgwMMjRbg-bVFpcp2V94AaABAg,,False,@3sterOliveira,AAAAAA VOCAL RACHA😍,0,2022-06-01T16:08:50Z,2022-06-01T16:08:50Z
UgwWfUqxcJimfLxBMU94AaABAg,,False,@mikann3516,тве тве тве сурикум готова слушать вечно,0,2022-05-31T17:34:34Z,2022-05-31T17:34:34Z
Ugxtn_dQj-VMOMT26o14AaABAg,,False,@5-ST4RRR,AWW,0,2022-05-31T16:30:35Z,2022-05-31T16:30:35Z
Ugw11aIFTFKdbzr1A314AaABAg,,False,@ttnfts,Am i the only one who is in love with their voice? Like cmom how could someone hate them? The tone and the colour their voices have is just ✨MAGICAL✨,1,2022-05-30T10:49:23Z,2022-05-30T10:49:23Z
UgwhUTdE1GKwG8LfLbt4AaABAg,,False,@aurenicegabriel1196,Pq vcs săo bonito  em,0,2022-05-28T01:48:23Z,2022-05-28T01:48:23Z
Ugy6b0SvcZR13o7K9-l4AaABAg,,False,@aurenicegabriel1196,❤❤🇸🇦🇸🇦🇸🇦🇸🇦🇸🇦🇸🇦,0,2022-05-28T01:46:27Z,2022-05-28T01:46:27Z
UgzR210HkLcx30NmsC54AaABAg,,False,@franciscaeduardapereirades1506,👀👀😶‍🌫️😵‍💫😬,0,2022-05-27T23:52:46Z,2022-05-27T23:52:46Z
Ugwm0JAyXqb9wPXVYid4AaABAg,,False,@krushnachandrarout3023,Hi I am my young fan I have practiced thunderous several time but I can't do the steps clearly so can you please tell how can I do it clearly 🥲🥺,0,2022-05-26T06:50:54Z,2022-05-26T06:50:54Z
UgwC3ANQ2cPkxFncipt4AaABAg,,False,@Turtle_Tutor,I.N ahhhhhhhh😁😂,0,2022-05-24T03:45:17Z,2022-05-24T03:45:17Z
UgxHTTHYkna_s7kmynp4AaABAg,,False,@lluviajimenez9277,Orales 🤯👍,0,2022-05-23T02:52:48Z,2022-05-23T02:52:48Z
UgxJh6UUYict5JCkpZF4AaABAg,,False,@armystaysmoablik2842,Los amoooooo,0,2022-05-21T23:05:47Z,2022-05-21T23:05:47Z
UgzJpHT-FIy_rJKjp0J4AaABAg,,False,@sulochanadavi5507,Hello I am from India 😍🤫😘😘,0,2022-05-20T03:20:44Z,2022-05-20T03:20:44Z
UgwaTWPx6mNs6J7zz754AaABAg,,False,@sulochanadavi5507,Woooooo😍😍😍😍,0,2022-05-20T03:20:19Z,2022-05-20T03:20:19Z
Ugxlo8JgCV4md25-gaJ4AaABAg,,False,@annwesadebnath1638,Can someone tell me who is Seungmin and IN here actually I'm a baby stay and confuse a lot in their faces,1,2022-05-19T07:26:25Z,2022-05-19T07:26:25Z
Ugw1T7Zuj0MHbo3DcVp4AaABAg,,False,@oliviat.1930,Awesome HANDSOME young men. Very talented💋😘💋,0,2022-05-19T04:40:46Z,2022-05-19T04:40:46Z
UgzqgUWr6D3Ul1FthaB4AaABAg,,False,@jmyswtt,يزينهمممم هادين😭🫶🏻,0,2022-05-17T05:36:44Z,2022-05-17T05:36:44Z
UgyTa73pSonAXMQTNbl4AaABAg,,False,@MeiButterfly,"Fast forwarding now to 2022, I.N and Seungmin has improved EVEN MORE it's actually insane",0,2022-05-07T16:41:41Z,2022-05-07T16:41:41Z
Ugz7Ms3GxbQ3n6xTaCh4AaABAg,,False,@нурсулуЕлибаева,seunming i  i.n menici😗😗😗😗😙😙,0,2022-05-06T10:53:18Z,2022-05-06T10:53:18Z
Ugx72K1y-PIvkvjHOiF4AaABAg,,False,@goodvibeskpop2282,Cute 😋❤,0,2022-05-05T23:48:39Z,2022-05-05T23:48:39Z
Ugzg858W3Uj7FYtctJ14AaABAg,,False,@modifypr4864,"Ohh Seungmin so cute, i love your voice.🥰🥰🥰😍😍😍 IN so cute with sweet voice. 🤩🤩🤩🥰They are always amazing. 💯💥💯👏🤩😍",0,2022-05-05T03:40:59Z,2022-05-05T03:40:59Z
UgyXSf4SN-ixahXScHV4AaABAg,,False,@trm.120,I.Nかわいすぎ,1,2022-05-05T03:30:58Z,2022-05-05T03:30:58Z
UgzeDZVkzHkC2g9R2xR4AaABAg,,False,@kkami8103,JEONJIN amo tú bella sonrisa SEUNGMIN eres tan lindo amo a estos nenes se ven tan hermosos 💖,0,2022-05-01T01:41:42Z,2022-05-01T01:41:51Z
UgwJcAENdlxpoXahBCR4AaABAg,,False,@Alessia_jia,I N seungmin,0,2022-04-30T07:07:20Z,2022-04-30T07:07:20Z
UgyelLrvJWZXaaJ5Elh4AaABAg,,False,@HHH-zo4sl,seungmin 😩😩😩💞,0,2022-04-29T08:03:13Z,2022-04-29T08:03:13Z
UgyqpQt-vwRnLDfa_i94AaABAg,,False,@micaelabatista296,😍😘,0,2022-04-24T03:32:02Z,2022-04-24T03:32:02Z
UgzCLrnoqgrD600Hs_R4AaABAg,,False,@littleyellow.1056,"This song is tiktok in China. Especially China Art inspirational network, especially like to use this BGM.
hhhhhhhh",0,2022-04-17T17:19:36Z,2022-04-17T17:19:36Z
UgzCLrnoqgrD600Hs_R4AaABAg.9_vyI84VggK9_vyOJaK_Y5,UgzCLrnoqgrD600Hs_R4AaABAg,True,@littleyellow.1056,Chinese people like it very much😍,0,2022-04-17T17:20:26Z,2022-04-17T17:20:26Z
UgzRwQ68ppmM6RqqIKd4AaABAg,,False,@robloxbuddynoob,可愛い,0,2022-04-10T14:15:18Z,2022-04-10T14:15:18Z
Ugxp5jL7Ux9brUbqQ0B4AaABAg,,False,@wpl5432,Jeongmin ❤️,0,2022-04-06T11:00:43Z,2022-04-06T11:00:43Z
Ugw5GL-AwtE4Fi5zTlJ4AaABAg,,False,@m_l_ek3857,All are great but DAMN I.N. is smoooothe.,0,2022-04-01T12:41:19Z,2022-04-01T12:41:19Z
UgyWb38G-p5mDfBHSUd4AaABAg,,False,@hellokitty7261,Esto es arte,0,2022-03-30T01:02:29Z,2022-03-30T01:02:29Z
UgzpHr-WWHzJMcdBXht4AaABAg,,False,@dinoramayo8361,Ayuda mis dos días juntos,0,2022-03-28T23:24:48Z,2022-03-28T23:24:48Z
UgyJthgWQg3O0-RmJpF4AaABAg,,False,@guadalupemirandabenito4496,I love Seungmin and I.N,0,2022-03-27T18:30:21Z,2022-03-27T18:30:21Z
Ugy12Lkusd8uUCxFX-p4AaABAg,,False,@diiramisyu,My top 2 bias 😍❤️,0,2022-03-27T17:08:45Z,2022-03-27T17:08:45Z
UgyuSsD9zYOdYPvmrpp4AaABAg,,False,@purevsamdansukhbaatar4847,Хөөрхөн шүү,0,2022-03-26T15:40:59Z,2022-03-26T15:40:59Z
UgwWQ9PwxsJw2O32Qod4AaABAg,,False,@darlingbts8979,This Woojin,0,2022-03-25T19:50:47Z,2022-03-25T19:50:47Z
UgyOg4fZE3_GoqxTxxF4AaABAg,,False,@Misung16,Amoooooooooo💖💖💖💖💖💖❤️❤️❤️❤️❤️😎,0,2022-03-22T18:55:04Z,2022-03-22T18:55:04Z
Ugye0gubUNNs_5-GJeJ4AaABAg,,False,@Bangtanlove2011,Seungmin - i.n,1,2022-03-21T18:59:01Z,2022-03-21T18:59:01Z
UgxfLIoGQMQkHGB5h2V4AaABAg,,False,@kimsang2077,I.N 💓,1,2022-03-21T11:14:04Z,2022-03-21T11:14:04Z
UgwHr_OyFWphkfGlra14AaABAg,,False,@allhatersgotnojamsbye3987,SKZ LOVE,0,2022-03-19T16:12:11Z,2022-03-19T16:12:11Z
Ugw9uhak_9chXpGv7nN4AaABAg,,False,@FrGeReLu,Mükemmel yaa,0,2022-03-19T15:14:40Z,2022-03-19T15:14:40Z
UgysY0Jd_x4I_GIrqIh4AaABAg,,False,@Mammoutlook,Aaaaaaaa,0,2022-03-19T14:37:34Z,2022-03-19T14:37:34Z
UgyJWnQkR8TJxVzvcbB4AaABAg,,False,@rosamariamartinquer733,"Grandiosos estos chicos,hermosos,sexis adorables etc...hos adoro de corazon a vosotros y el grupo entero seguir así chicos.",0,2022-03-17T22:09:38Z,2022-03-17T22:09:38Z
UgxzGCgLS-gFxsxlKwh4AaABAg,,False,@trinitisamorano1443,They are dancing so cute 💜,0,2022-03-16T03:36:50Z,2022-03-16T03:36:50Z
Ugxu6hr1E5JxARiUtLV4AaABAg,,False,@winiangggun8896,In ada yang rindu,0,2022-03-13T22:35:21Z,2022-03-13T22:35:21Z
Ugz2XAF10kCV3Non-wt4AaABAg,,False,@_ahumanbean,"My friend : IN is 21
Google : IN is 21
Everyone : IN is 21
Me : that's capppp 🧢🧢🧢🧢",0,2022-03-13T22:28:13Z,2022-03-13T22:28:13Z
Ugx-WelaqowKsYMVbiZ4AaABAg,,False,@atenakazemi7692,Wow they are so cute,0,2022-03-12T12:25:39Z,2022-03-12T12:25:39Z
Ugw3BGFh7l3dZ41tn8J4AaABAg,,False,@betul169,Very handsomee😫💞,0,2022-03-11T22:26:43Z,2022-03-11T22:26:43Z
UgwnZgyMxQsOq4OY0XJ4AaABAg,,False,@大本颯真,カッコいい,1,2022-03-11T11:59:32Z,2022-03-11T11:59:32Z
UgzgQi3-T5Vz6d6N7Sh4AaABAg,,False,@大本颯真,さいこー,0,2022-03-11T11:59:25Z,2022-03-11T11:59:25Z
UgzTSBLWrSfH1Excn4x4AaABAg,,False,@StayAARTW,우르르쾅쾈할때 개귀여워.........,0,2022-03-09T00:59:35Z,2022-03-09T00:59:35Z
UgyTry1dA3LklX8rApB4AaABAg,,False,@kgdfjireqr4206,Mis bias,0,2022-03-08T14:49:36Z,2022-03-08T14:49:36Z
Ugxih34mxwkPpbGCnz54AaABAg,,False,@shubhralad4074,"Their moves look like they are feathers, they seem so light and clean",0,2022-03-03T10:07:22Z,2022-03-03T10:07:22Z
UgyHDPu9_4qknWwxZX94AaABAg,,False,@Blackheadsforfun,VocalRacha is dedicated to make the best in dance. Lovely boys.,0,2022-03-02T23:21:33Z,2022-03-02T23:21:33Z
UgwLnOXc4uDz26o8ax14AaABAg,,False,@yeonqidoll7139,how do they remember so many moves i cant even remember 4…,0,2022-03-01T08:00:07Z,2022-03-01T08:00:07Z
Ugza4ox6fSjpAz9Ysw54AaABAg,,False,@txtfan6957,They look like alike I can't tell who's who lol,1,2022-02-28T17:18:56Z,2022-02-28T17:18:56Z
Ugz0CbxiIphpxpAeBSN4AaABAg,,False,@zjedzhyunjinka,Chce kabanosa :0,0,2022-02-26T13:16:38Z,2022-02-26T13:16:38Z
UgweEF0OglyxfJlzvmp4AaABAg,,False,@nora-kk5fk,해,0,2022-02-26T03:14:43Z,2022-02-26T03:14:43Z
Ugy5EUrwV2axxIz44KZ4AaABAg,,False,@КадырХусанов-я8я,🥰🥰🥰🥰🥰🥰🥰🥰🥰🥰🥰🥰🥰🥰🥰🥰🥰🥰🥰🥰🥰🥰🥰🥰😇😇😇😇😇😇😇😇😇💖💖💖💖💖💖💖💖😍😍😍😍💖💖🤩😍😍💖🥰🥰🥰💖💖😍🤩💖🥰🥰😍😍💖🤗🤗,1,2022-02-24T03:46:02Z,2022-02-24T03:46:02Z
UgyiJXwR6JrbScT8O1l4AaABAg,,False,@Luvvaku,Definitely most underrated members but I love them so much,0,2022-02-23T04:40:20Z,2022-02-23T04:40:20Z
UgzIASP9Xi-Vw5N4qwF4AaABAg,,False,@Jiminxwio,Why dance so beautifully Stray kıds,0,2022-02-20T18:53:54Z,2022-02-20T18:53:54Z
UgyGovclrxDphI0Hy5F4AaABAg,,False,@kakabarbiiz,Seungmin ah~ 👍🏻🥰,0,2022-02-19T16:52:45Z,2022-02-19T16:52:45Z
Ugwcneg15KHVWj2Lm8h4AaABAg,,False,@btsforever-m4b,Hi stray kids,1,2022-02-18T22:59:53Z,2022-02-18T22:59:53Z
UgzQtwUwm2ml0YV9sQ94AaABAg,,False,@miki8071,"何このふたりかわいすぎ😭
スンミンは前髪がぽよぽよしてるだけでかわいいすき",196,2022-02-18T13:05:11Z,2022-02-18T13:05:11Z
Ugxn1l0yRBsomj8LasR4AaABAg,,False,@ketelbeyrodriguezrojas5964,what cute,1,2022-02-18T01:26:06Z,2022-02-18T01:26:06Z
UgzKKD1paY2N0jmoc554AaABAg,,False,@delicatebuterrflyy,Cutiesss,0,2022-02-17T15:49:13Z,2022-02-17T15:49:13Z
UgzSBn1Ag5nNEv2HjDh4AaABAg,,False,@bobchill1699,so in sync,0,2022-02-16T21:12:13Z,2022-02-16T21:12:13Z
Ugw-_ECNLbS5B91NwMd4AaABAg,,False,@minerliton2481,yess squid game guard outfits 😍😆,0,2022-02-16T07:17:27Z,2022-02-16T07:17:27Z
Ugz-HMY2MI4eHaRfsvx4AaABAg,,False,@malwinadorawa1650,I like when you do the 🤘,0,2022-02-14T10:50:37Z,2022-02-14T10:50:37Z
Ugy7wQhY0IREMUKtlCR4AaABAg,,False,@tamaraakihiko6766,I love how these two are always smiling and effortlessly charming,0,2022-02-13T10:21:38Z,2022-02-13T10:21:38Z
UgxkYhwBitcoyLZA-EB4AaABAg,,False,@katyanagovicina1749,"Я прям кайфую.. Парни, Вы, ОГОНЬ!)",0,2022-02-11T21:29:48Z,2022-02-11T21:29:48Z
UgyCYrNd0Aitgwnm1sR4AaABAg,,False,@taetanniecistherealshipher6624,They danced it so adorably omg,1,2022-02-04T15:47:41Z,2022-02-04T15:47:41Z
UgxK4FUlA4ATOrbcDZV4AaABAg,,False,@unkunko,癒しでしかない,4,2022-02-04T15:27:09Z,2022-02-04T15:27:09Z
UgxpEFlxpdZNJRad8xd4AaABAg,,False,@starvx.2010,someone tell Seungmin to tie his shoes 💀,1,2022-02-03T12:43:35Z,2022-02-03T12:43:35Z
UgyNLXUwTYdgDf21qm54AaABAg,,False,@sungsunggie_,Alguien más que yo C dio cuenta de que seungmin tiene el zapato Desabrochado ?,0,2022-02-02T12:07:18Z,2022-02-02T12:07:18Z
UgxkwmGwEbi3dumsbYJ4AaABAg,,False,@manuelsalvador6529,Lo mejor 🖤🇰🇷💜,0,2022-02-01T14:02:24Z,2022-02-01T14:02:24Z
UgzAScWNVhlxdAZV1YR4AaABAg,,False,@kashmirasarkar2921,💖,1,2022-02-01T07:04:17Z,2022-02-01T07:04:17Z
UgwYrOn_ZxkZ1S7GTxd4AaABAg,,False,@joellekabeya843,"Everyone : *talking about how good of dancers I.N and Seungmin are*

Me : Focused on Seungmin's shoe laces untying.",0,2022-01-31T22:36:23Z,2022-01-31T22:36:23Z
Ugy0jmxQCBvXwRLm0gZ4AaABAg,,False,@njkl-c5o,사랑해 😫💕,0,2022-01-31T20:35:43Z,2022-01-31T20:35:43Z
UgzYVy4H3y_xGc2uZNF4AaABAg,,False,@yonneribausita2735,Hello,0,2022-01-29T01:08:17Z,2022-01-29T01:08:17Z
UgwGLF9-BJDsAL21Eb94AaABAg,,False,@yonneribausita2735,Hello,0,2022-01-29T01:08:05Z,2022-01-29T01:08:05Z
Ugwu9yn5580WmTJ93e54AaABAg,,False,@dipankardey8739,Seungmin and I.N look so similar,1,2022-01-28T19:38:45Z,2022-01-28T19:38:45Z
UgzRl4RygxD05K11teF4AaABAg,,False,@nd-rk3rb,Como eu amo essa música 😁❤️,0,2022-01-27T22:38:44Z,2022-01-27T22:38:44Z
UgzuDsNPYwMUARNta8N4AaABAg,,False,@myyklzn,Lindos,0,2022-01-27T14:47:06Z,2022-01-27T14:47:06Z
UgzToTxVonKRwjxoknd4AaABAg,,False,@myyklzn,Amei,0,2022-01-27T14:47:03Z,2022-01-27T14:47:03Z
Ugwc5M1KY8vn-Cbsrxd4AaABAg,,False,@LiaRubio13,"How beautiful, I dream of meeting you sometime🌹",0,2022-01-27T06:52:32Z,2022-01-27T06:52:32Z
Ugzbg8DpXI81Lw9M_rJ4AaABAg,,False,@아이언-u1y,춤 설렁 설렁추네,0,2022-01-27T02:27:40Z,2022-01-27T02:27:40Z
Ugza9dLPldTzhwht0cd4AaABAg,,False,@yuriperianth4882,JEONGIN'S BODY ROLLS,0,2022-01-26T21:28:41Z,2022-01-26T21:28:41Z
Ugz122a9bhxiQNOcO_t4AaABAg,,False,@nyrapark1899,Our Baby IN has grown so fast into a young n handsome gentleman,0,2022-01-26T09:49:20Z,2022-01-26T09:49:20Z
UgxVdg1UdzrVAZsOXKt4AaABAg,,False,@Raneem-hs7ws,나는 그것을 계속 좋아하고 깨달은 사람의 말을 귀찮게하지 않습니다 🥺👋🏻❤️,1,2022-01-26T08:20:19Z,2022-01-26T08:20:19Z
UgyskwAL1CrbVI4sJtJ4AaABAg,,False,@ring-b2z,<33,0,2022-01-26T07:58:14Z,2022-01-26T07:58:14Z
UgzMucPEMXF9mL0_PC94AaABAg,,False,@Yo_913,🤩🤗😇,1,2022-01-25T09:27:49Z,2022-01-25T09:27:49Z
UgxiHHMKXvwoTPmjmOZ4AaABAg,,False,@nairamahmood653,Puti Puti Puti Thunderous!Puti Puti Puti Thunderous man I'm not sorry in dirty keep on talking we dont play by the rules!,0,2022-01-23T11:14:20Z,2022-01-23T11:14:20Z
UgxL1SeQhOLlz6scenp4AaABAg,,False,@mch3607,The way seungmin dances...it's so cool...I mean - not powerful..but...coooool,0,2022-01-23T02:29:38Z,2022-01-23T02:29:38Z
UgwY99KhvQ3qOF3NAoh4AaABAg,,False,@Army-py5kn,Oh my God it was great😍♥️,0,2022-01-18T17:35:11Z,2022-01-18T17:35:11Z
UgxjPG9WcbcrI7fLDht4AaABAg,,False,@qanitafachiradanty5002,Bubuu Seung faeeting 💓💓,0,2022-01-18T10:58:19Z,2022-01-18T10:58:19Z
Ugx0IUB6XSFDoqpJzYB4AaABAg,,False,@erikaarias6005,MIS NIÑOS BADTA LLRO😭,0,2022-01-14T21:45:45Z,2022-01-14T21:45:45Z
UgwiX8EnTp7xU1A4nE94AaABAg,,False,@natt_hrnc1c,They look like twins😢,0,2022-01-13T22:07:35Z,2022-01-13T22:07:35Z
UgxOtDVeOJZe78In_-h4AaABAg,,False,@kiminreh5202,"I don't have enough words to describe my love for Yang Jeongin, Bro I really love you, and I love all of SKZ",0,2022-01-13T03:13:00Z,2022-01-13T03:13:00Z
UgxbfmTLCrXMw0qPyp14AaABAg,,False,@juditharias6195,No que Eren en sentarme a bailar se los pido soy latina de un pueblito 🙏🙏🙏🙏🙏🙏🤨🤞🤞🤞🤞🐰🐰🐰🙏🙏🐰😍😍🐰🐰🐰😭😭😭😭🤠😴🙏🌹☃️,0,2022-01-11T01:38:57Z,2022-01-11T01:38:57Z
UgwQnFrV5hvSIUrF9Gd4AaABAg,,False,@anayelidionicio8914,Hay algo que no hagan bien ellos?,0,2022-01-10T21:59:37Z,2022-01-10T21:59:37Z
UgwbM7uHAHwCraKiG2V4AaABAg,,False,@carrots4hyunjin156,HELP THEY'RE SO FCKING CUTE😡😡,1,2022-01-10T00:57:40Z,2022-01-10T00:57:40Z
UgzNsUCjCnAnPaduOqB4AaABAg,,False,@sabnazakter3049,"Oh c'mon stays, only this duo didn’t get 1 million views while all the duos got it. I'm not hating anybody. But u gotta love all of them🙂",1,2022-01-07T17:56:16Z,2022-01-07T17:56:16Z
UgwHLvJPN3uHx9ojFDZ4AaABAg,,False,@tfboystffamily3722,💗💗💗💗💗💗💗💗💗💗💗💗,1,2022-01-07T14:40:28Z,2022-01-07T14:40:28Z
UgzZbw_X8DP4YFX7O6F4AaABAg,,False,@heehee3997,Why do they make it look easy but its not😭❤️,0,2022-01-05T22:09:14Z,2022-01-05T22:09:14Z
UgxI-g30mXsRAAvrnrd4AaABAg,,False,@xiofandebtsylitkillah5258,IS SO CUTEEEEEE,0,2022-01-05T21:29:29Z,2022-01-05T21:29:29Z
UgykAvva-BKgyMIPm3h4AaABAg,,False,@augustoflores6381,💖💖💖💖😍,0,2022-01-03T15:32:37Z,2022-01-03T15:32:37Z
UgyQoqN_KvGOmc73CPh4AaABAg,,False,@Bahookie.vip27,They look like brothers :>,1,2022-01-02T18:18:32Z,2022-01-02T18:18:32Z
UgyRvHgodlXFUr3-wiF4AaABAg,,False,@stayblinkarmy4179,Cute♥️💘💘💘💘 i love you,0,2021-12-30T01:56:20Z,2021-12-30T01:56:20Z
UgwntXV52xTZJ0Ys8sp4AaABAg,,False,@jvngw0n_04,And their visuals,0,2021-12-28T11:57:10Z,2021-12-28T11:57:10Z
UgwnGmqnCyXC2JEBifl4AaABAg,,False,@jvngw0n_04,Aww I.N and seungmin their vocals though,0,2021-12-28T11:57:04Z,2021-12-28T11:57:04Z
UgyF0GI84YsKaTi13hp4AaABAg,,False,@freddybonne4021,It's so cute! I was poked in the heart!,0,2021-12-28T09:10:51Z,2021-12-28T09:10:51Z
UgwuU8lvn4N3BvHcrEV4AaABAg,,False,@미아-y5j,Thier smiles are everything. And their talent is beyond the roof.,1,2021-12-28T06:11:38Z,2021-12-28T06:11:38Z
UgzWbALH6TCgq3A3krF4AaABAg,,False,@angelgongora1035,IO    AMOS,1,2021-12-26T20:53:25Z,2021-12-26T20:53:25Z
UgwqqZxdDb3Fh_ughFh4AaABAg,,False,@antonietabaldonado8490,"El joven de pelo negro,  tiene unos ojos bien expresivo",0,2021-12-26T13:50:43Z,2021-12-26T13:50:43Z
UgzHUpGe4Dj1vpqc1sh4AaABAg,,False,@baronvargas182,Que hermosos mi bebes,0,2021-12-25T04:46:34Z,2021-12-25T04:46:34Z
UgwZzX4vl-HSTjBGnt54AaABAg,,False,@DaniAndNuggs,I.n and Seungmin are both amazingly talented!  I mean look at them! They both look cute :3,0,2021-12-24T19:11:16Z,2021-12-24T19:11:16Z
Ugzji2QUTgYH4KCWfCJ4AaABAg,,False,@lunaticrose13,I’ve seen other idols and people doing this dance perfectly and it looks wrong. This dance performance was made for SKZ and them only. 💯❤️🤷‍♀️,0,2021-12-24T16:25:08Z,2021-12-24T16:25:08Z
UgwORPee9txGU8XqIdp4AaABAg,,False,@cheryldalis7071,IN's big smile mid-choreo was gorgeous!! 😁💕,0,2021-12-23T23:29:05Z,2021-12-23T23:29:05Z
UgycTy9yjov6TfL8D854AaABAg,,False,@iyapy.7802,Judul lagu?,0,2021-12-22T12:02:34Z,2021-12-22T12:02:34Z
Ugwedkjt5KULbq36Cpt4AaABAg,,False,@biancavargas860,美麗,0,2021-12-22T07:59:19Z,2021-12-22T07:59:19Z
Ugze5lxa7K0s2dq0VVF4AaABAg,,False,@denia388,Cuando recién entre al fandom pensé que ellos dos eran gemelos 😅😅,0,2021-12-21T16:54:04Z,2021-12-21T16:54:04Z
UgxVhrSPt5qPvbt1DpV4AaABAg,,False,@alison4595,VOCALRACHA SUPERMECY ❤️🔥,0,2021-12-21T14:30:32Z,2021-12-21T14:30:32Z
UgzRcHXfo18kgqMw3MR4AaABAg,,False,@Enha_.12,하루 만에 배우고 대부분은 더 오래 걸리면 훌륭한 개이기 때문에 나는 흥분합니다.,0,2021-12-21T05:17:09Z,2021-12-21T05:17:09Z
UgwciGe4Zu9hruzsZxh4AaABAg,,False,@klove3511,♡♡,1,2021-12-21T03:29:00Z,2021-12-21T03:29:00Z
UgwHZnavkdP2Fze-bfR4AaABAg,,False,@sunNshiee_pink,estoy empezando a stanear a Stray Kids.. alguien me dice quien es I.N y quien es Seungmin 😅..?,0,2021-12-19T03:51:18Z,2021-12-19T03:51:18Z
UgyNAszW2RUjVm-wj7l4AaABAg,,False,@Лиса-22,😍😍😍😍😍😍😍😍,0,2021-12-17T16:11:35Z,2021-12-17T16:11:35Z
Ugz-GQ-aI2LOz-_bFYl4AaABAg,,False,@meghoalvarez,😍😍😍,0,2021-12-15T23:06:20Z,2021-12-15T23:06:20Z
UgwdjJLMx1CUaQgBQJF4AaABAg,,False,@qanitafachiradanty5002,Bubuuu fpaepething is CoMeBack 😌💓💓💓💓💓,0,2021-12-15T00:01:40Z,2021-12-15T00:01:40Z
UgxNgzQheOl_AEpkDnt4AaABAg,,False,@СофияДёмина-р7ю,👍❤🔥😳😁,0,2021-12-12T05:58:12Z,2021-12-12T05:58:12Z
Ugz2nLqeNInZoKvzFlR4AaABAg,,False,@shahdtaestan7737,Are you coming to Saudi Arabia please reply😘😘😘😘🇸🇦,0,2021-12-11T16:24:55Z,2021-12-11T16:24:55Z
UgzbgpJiPfIaFZ4HWvx4AaABAg,,False,@leilasosa5172,que hermosos,0,2021-12-08T17:50:25Z,2021-12-08T17:50:25Z
Ugw3AAq9ZnlJBE_bDQ14AaABAg,,False,@anjukevlani2865,😍😍🔥🔥💕💕,0,2021-12-08T04:01:20Z,2021-12-08T04:01:20Z
Ugx1JBCynz1lWRIOeyh4AaABAg,,False,@k-poplovermordiyahmaya,The way jeongin always smiles Everytime is really cute,2,2021-12-06T19:40:00Z,2021-12-06T19:40:00Z
Ugxy7f7crGGiCqiYiY94AaABAg,,False,@bbangha5306,아기도깨비 잘한다 잘한다 잘한다!,0,2021-11-29T14:22:56Z,2021-11-29T14:22:56Z
UgynwIH0HE4y5FTcP694AaABAg,,False,@サヤ-x4n,この二人可愛いです（笑）,0,2021-11-24T09:42:06Z,2021-11-24T09:42:06Z
UgxwaJz2atXvkQBKTbh4AaABAg,,False,@jennygonzalez6753,STAYS POR FAVOR VOTEN EN MWAVE!!!! STRAY KIDS MERECE GANAR EN LOS MAMA,0,2021-11-21T21:23:15Z,2021-11-21T21:23:15Z
UgzHWd42fZm-7J4HXh54AaABAg,,False,@aisyah1606,👍👍👍,0,2021-11-21T15:59:29Z,2021-11-21T15:59:29Z
Ugzp0rmupGNJpqQ1aAh4AaABAg,,False,@yunajo8022,SM😍,0,2021-11-20T08:00:10Z,2021-11-20T08:00:10Z
UgyWyw26JM794gmVPbd4AaABAg,,False,@DubiChupiduby,Ahhh me encantan esos trajes,0,2021-11-19T16:56:52Z,2021-11-19T16:56:52Z
Ugw2GlouT-b2jC7MCvN4AaABAg,,False,@ireneriandini752,Seungmin🦊,0,2021-11-18T04:15:58Z,2021-11-18T04:15:58Z
UgwZJ4islAfoULV7Lgh4AaABAg,,False,@konodioda8845,SEUNGMIN,0,2021-11-15T23:18:09Z,2021-11-15T23:18:09Z
UgwEiYoWq6iqbVHQj5Z4AaABAg,,False,@oshanayy,Cuteness visuals vocals overload,0,2021-11-10T20:53:21Z,2021-11-10T20:53:21Z
UgzMixPheeqpykroptt4AaABAg,,False,@jayflores7600,Hi😍,0,2021-11-10T06:41:00Z,2021-11-10T06:41:00Z
UgyMMUPWKgFPkg4A3xV4AaABAg,,False,@hanayo1374,Lovely maknaesss,0,2021-10-29T02:47:34Z,2021-10-29T02:47:34Z
Ugx2ByIZazN_zt0OA494AaABAg,,False,@gabrielmattosbarbosa5690,😘❤❤,0,2021-10-23T23:35:58Z,2021-10-23T23:35:58Z
UgwFkeTudvFnvaJVcR54AaABAg,,False,@stay2285,なんか、改めて思うけどスンミンとI.Nが居てこそstray kids だよね！,0,2021-10-21T11:22:30Z,2021-10-21T11:22:30Z
Ugx8OUALo_TqtTyAkQZ4AaABAg,,False,@vedhagopal9440,Jeongin's smile is everything,1,2021-10-16T10:55:37Z,2021-10-16T10:55:37Z
Ugy1gAFqllmHHACqA9N4AaABAg,,False,@anond1948,"The instant I.N starts smiling, everything else just fades out of focus",5,2021-10-16T01:17:29Z,2021-10-16T01:17:29Z
UgxKAFI5eenC7xNPaEN4AaABAg,,False,@arpurple0163,I was really scared at how in sync they are when they drop to the floor😳,0,2021-10-14T04:36:22Z,2021-10-14T04:36:22Z
Ugz7AaD1yV_NWWGaE9F4AaABAg,,False,@amandamoreno5699,Love you  🌟☁️,0,2021-10-13T14:51:29Z,2021-10-13T14:51:29Z
Ugw4Ae5t8dBJ7gfz98d4AaABAg,,False,@한국인에게속았다,❤❤❤❤,0,2021-10-11T15:12:16Z,2021-10-11T15:12:16Z
UgxDqEdZJxbNsdjA6Bh4AaABAg,,False,@JiminPark-bz2hw,村 へrも注ぐ,1,2021-10-10T18:42:17Z,2021-10-10T18:42:17Z
UgwkTEllTQnk9Qzdd7d4AaABAg,,False,@monserratvalenzuelaf508,"my boys improve their dance skills so much, proud ♡",0,2021-10-04T22:26:31Z,2021-10-04T22:26:31Z
Ugw-5RPo8MKlv7Y4vgl4AaABAg,,False,@herzamank-pop6363,Bn yüsra bu abimin hesabı her neyse yani kısaca stay bn sizi rüyamda gördüm hepiniz yemek yiğyodunzu lee know da kafasına noodle kutus geçirmiştim ondan yedim bi tane daha yemiştim nys lN i arıyom yok size soruyom cevap vermiyonuz sonrada diğer odasna elinde poşetler le çıktı,0,2021-09-30T17:35:19Z,2021-09-30T17:35:19Z
UgyQlZKpT1KpOfJecVJ4AaABAg,,False,@again4.ai12,❤️,0,2021-09-30T04:27:47Z,2021-09-30T04:27:47Z
UgyaNwfNhps4thAydQV4AaABAg,,False,@lesslie2399,denle mis niños,0,2021-09-30T03:24:43Z,2021-09-30T03:24:43Z
Ugx6KwvNIMg7uP1D3f54AaABAg,,False,@berlyoffcx_.5534,😍😍😍😍😍😍😍,1,2021-09-29T06:15:30Z,2021-09-29T06:15:30Z
UgwYLfieqBTcjuS7gZh4AaABAg,,False,@ann_lfyj6101,Jeongin tu sonrisa destruye mi vidaaaa estoy perdidamente enamorada 😩❤️🦊,39,2021-09-27T04:12:32Z,2021-09-27T04:12:32Z
UgyUzBiHc9qpVPWJxTN4AaABAg,,False,@devilsson4649,Awesome so cute,0,2021-09-26T12:48:38Z,2021-09-26T12:48:38Z
UgyFNw7ExJvlpL81XeF4AaABAg,,False,@manuelaribeiro7797,Love youuuuuuuu,0,2021-09-25T01:46:18Z,2021-09-25T01:46:18Z
Ugwv5XJ6-U5J7SzGT654AaABAg,,False,@valwonie,jeongin best boy 😭💞,1,2021-09-24T07:37:14Z,2021-09-24T07:37:14Z
UgwqK1hnz9uUqxFenFt4AaABAg,,False,@tinawadi3540,I want to learn thunderous dance😫😫,0,2021-09-23T02:07:06Z,2021-09-23T02:07:06Z
UgxovRc1leo1eV9UbHx4AaABAg,,False,@lexisolveson3125,"There so calm when dancing 




......... sometimes",0,2021-09-21T18:57:09Z,2021-09-21T18:57:09Z
UgycL9WASAslcOe2gnp4AaABAg,,False,@bey3755,i love that dance,0,2021-09-21T17:46:09Z,2021-09-21T17:46:09Z
Ugw6kakLuW9OS1sXsGp4AaABAg,,False,@lona.8881,Why are you so handsome I can't love you handsome😫😫💖!!!,0,2021-09-21T13:54:42Z,2021-09-21T13:54:42Z
UgxsRd6CnUUdTNJUpAZ4AaABAg,,False,@Anime-mi7yn,Wow😯,0,2021-09-20T19:46:06Z,2021-09-20T19:46:06Z
Ugx8T2VhP-dCsCdk-mV4AaABAg,,False,@Andrezae,INCRÍVEL,0,2021-09-20T13:05:05Z,2021-09-20T13:05:05Z
UgyniwRZrPPoOM1Lu7V4AaABAg,,False,@hy2-r9m,정인ㅇ ㅏ!!!!!사랑ㅎ ㅐ....,0,2021-09-20T12:40:34Z,2021-09-20T12:40:34Z
UgxdoI-0ZtXV56L41Lp4AaABAg,,False,@tanrnnsevemeyebileceklerin9273,seungmin's lace 😓 be careful baby,0,2021-09-19T16:54:50Z,2021-09-19T16:54:50Z
UgxhVTsuu2CZw0fKEm94AaABAg,,False,@sahar-ls1jf,Their body roll is perfect!✨💞,0,2021-09-19T07:17:07Z,2021-09-19T07:17:07Z
Ugx9U1POHmUIoQcybJl4AaABAg,,False,@arielmelodyvelazquezchavar725,ME ENCANTA [THUNDEREOS]🐺🐰🐷🦦🐿🐥🐶🦊😄😄😄❤🖤,0,2021-09-19T03:46:15Z,2021-09-19T03:46:15Z
UgxNqnKx37GB68DdJsp4AaABAg,,False,@arararar3,:3,0,2021-09-18T20:03:51Z,2021-09-18T20:03:51Z
Ugyyq0gKGJ_Egk05J4d4AaABAg,,False,@marychavez163,😍😘,1,2021-09-18T18:55:38Z,2021-09-18T18:55:38Z
Ugx6E1E8q2ksyk3IdIV4AaABAg,,False,@anaknyasar2330,Seungmin cakep bgt aaaaaa,0,2021-09-18T05:22:36Z,2021-09-18T05:22:36Z
Ugy_DXfeC_XFSBNPHCN4AaABAg,,False,@kpopymuchomasoficial438,Nan dul  da Joh-ahanda,0,2021-09-16T23:07:57Z,2021-09-16T23:07:57Z
UgxubSdNAk8uSnnGf2J4AaABAg,,False,@angelesanto3943,Ahh este video tiene un exceso de ternura tremendo 💖,0,2021-09-15T10:51:27Z,2021-09-15T10:51:27Z
UgybeIZ3w_qR4T7NV5l4AaABAg,,False,@fernandovalladares4746,So cutee 🤩🤩,0,2021-09-15T04:12:50Z,2021-09-15T04:12:50Z
UgxaekFdmSAkNwn92Cl4AaABAg,,False,@navitiny9510,Seungmin never looks like a puppy more than in this video,0,2021-09-14T16:38:45Z,2021-09-14T16:38:45Z
UgzZelPVmfy0rzj2pA54AaABAg,,False,@Wannabe-11-,💖💖,0,2021-09-14T11:24:03Z,2021-09-14T11:24:03Z
Ugzzs9Lv7kMf_t8PAwF4AaABAg,,False,@amaill3462,a lot sweet Follow you from Iraq,0,2021-09-14T07:50:27Z,2021-09-14T07:50:27Z
UgyM8YCn39qRIlL47aZ4AaABAg,,False,@chikaadelia5237,so cool,0,2021-09-14T05:35:52Z,2021-09-14T05:35:52Z
Ugy6iBWg0xlHrvfjQOB4AaABAg,,False,@i.n7876,OMG skz,0,2021-09-13T04:21:33Z,2021-09-13T04:21:33Z
UgxIKIsVqDgYVFg8BrJ4AaABAg,,False,@emmad5209,Jeongins smile is so precious,795,2021-09-13T00:47:20Z,2021-09-13T00:47:20Z
UgxIKIsVqDgYVFg8BrJ4AaABAg.9SD01ai9PJJA3t7z5h9OqO,UgxIKIsVqDgYVFg8BrJ4AaABAg,True,@straykids_i.2.n.8,OMG I.N is perfect!!!! 🦊 And Seungmin is so sweet!!! 🐶,5,2024-05-26T03:08:29Z,2024-05-26T03:08:29Z
Ugz3lw18l_m3Ld4Tw1h4AaABAg,,False,@김가연-e2t,"귀여운애 둘을 붙여놓으면 어쩌라는거야 
으어엉!?!?!?",0,2021-09-12T12:37:43Z,2021-09-12T12:37:43Z
UgwQabZZJk1q9YpVxPd4AaABAg,,False,@itsobviouslyyuta1461,✨vocalracha✨,0,2021-09-12T06:52:58Z,2021-09-12T06:52:58Z
Ugw8_o9yN3KmoKwRcup4AaABAg,,False,@tusumamartina298,GANTENG BANGETSIH PAKE BAJU MERAH😍,0,2021-09-12T05:55:17Z,2021-09-12T05:55:17Z
UgxaZYUUfr9cjLHogIV4AaABAg,,False,@اثير-ل9ي8ذ,You two cutee,0,2021-09-12T03:16:09Z,2021-09-12T03:16:09Z
Ugwqd3qTiikuRwQAKJp4AaABAg,,False,@اثير-ل9ي8ذ,Seungmin you are amazing I love you stray kids I love you 😭😭😭,0,2021-09-12T03:15:30Z,2021-09-12T03:15:30Z
UgxU0mQLUf9aJz5LDvJ4AaABAg,,False,@اثير-ل9ي8ذ,I mean he's not trying to be cute he's normally cuteee I.N Love you🥺,1,2021-09-12T03:14:18Z,2021-09-12T03:14:18Z
Ugyylm1beBEfE5y7xGF4AaABAg,,False,@اثير-ل9ي8ذ,I.N 너무 귀엽다 사랑합니다,1,2021-09-12T03:08:39Z,2021-09-12T03:12:22Z
Ugwyslz0BPJKYTE6xWp4AaABAg,,False,@اثير-ل9ي8ذ,Why I.N sooo cute,1,2021-09-12T03:07:19Z,2021-09-12T03:07:19Z
UgyApOC9z_ZH28P5RRB4AaABAg,,False,@0denisse6,0:15 cuteeee,1,2021-09-11T05:20:29Z,2021-09-11T05:20:46Z
UgzFhcO8EJAL0uveXtt4AaABAg,,False,@0denisse6,los amo son unos solecitos,1,2021-09-11T05:20:18Z,2021-09-11T05:20:18Z
Ugzjkd6AKl6uH_7do5p4AaABAg,,False,@marianita097,Los amoooo son un rayito de sol,1,2021-09-10T20:23:11Z,2021-09-10T20:23:11Z
UgxZutcsJfkCQgyTA_14AaABAg,,False,@elanurr1911,00:15,1,2021-09-10T12:39:33Z,2021-09-10T12:39:33Z
UgzUcIVMxLVvv6ttxk54AaABAg,,False,@zoro_2240,Stray kids,1,2021-09-10T04:56:32Z,2021-09-10T04:56:32Z
UgyHVKTzXYe-0h7KLU14AaABAg,,False,@nerdgamertl5050,I LOVE YOU GUYS,0,2021-09-10T03:40:25Z,2021-09-10T03:40:25Z
UgzXlxkdJZ1j9ECRXQx4AaABAg,,False,@alpaca9678,Sus trenzas 👁👄👁 se va caer a no ya termino el tiktok,0,2021-09-10T00:59:52Z,2021-09-10T00:59:52Z
Ugy3rysXxCRo7McaTPF4AaABAg,,False,@はーと-j6i,スンミン♡♡,0,2021-09-09T07:42:32Z,2021-09-09T07:42:32Z
UgweriXtPSEfYXWL0Hd4AaABAg,,False,@BTSARMY-ld5ct,Good stray kids i'm feel handsome,1,2021-09-09T03:35:34Z,2021-09-09T03:35:34Z
Ugwj4m4W55jIgCC_fo54AaABAg,,False,@agatahighstein,These two are fantastic badass performers they are always catching my eye on stage. And at the same time they are SOOOOOO CUTEEEEEEEEEEE!!!,0,2021-09-09T01:17:59Z,2021-09-09T01:17:59Z
UgwwFctIqkovJfvyFl94AaABAg,,False,@comfortadeley8733,"Seungmin and IN , I'm your wife ooh🎙️💐💐🌻",0,2021-09-08T19:44:53Z,2021-09-08T19:44:53Z
UgwSTy4fj6iEORTdVAx4AaABAg,,False,@comfortadeley8733,Love you guys like crazy🎆😘😘😘,0,2021-09-08T19:42:47Z,2021-09-08T19:42:47Z
Ugwm3sjaBcfF2VCkk-N4AaABAg,,False,@miq1314,Cute personality c:,1,2021-09-08T18:39:15Z,2021-09-08T18:39:15Z
Ugyx_ffh0hyUw0NvRsp4AaABAg,,False,@khusbunikusharma7914,Nice 👍,0,2021-09-08T06:47:11Z,2021-09-08T06:47:11Z
UgyWbdX7spqLs8KfPDh4AaABAg,,False,@12solesito12,La sonrisa de I.N me da mil años de vida,1,2021-09-07T23:56:26Z,2021-09-07T23:56:26Z
UgyWbdX7spqLs8KfPDh4AaABAg.9S02EPgzA_s9SmQmpcwGa5,UgyWbdX7spqLs8KfPDh4AaABAg,True,@ann_lfyj6101,Same,1,2021-09-27T04:13:46Z,2021-09-27T04:13:46Z
Ugw-h68O1ofV94kL1WV4AaABAg,,False,@ana-chan2841,👏👏,1,2021-09-07T23:11:11Z,2021-09-07T23:11:11Z
UgyBVc2YTKZLnEYKXLJ4AaABAg,,False,@brendiskz,00:08 SEUGMIN----😭😭😭😭,5,2021-09-07T21:16:42Z,2021-09-07T21:16:56Z
UgwGbjigOn8YCfrB7ip4AaABAg,,False,@brendiskz,CHAO MI NIÑITO SEUGMIN TE AMO TANTÍSIMO 😭😭😭,1,2021-09-07T21:16:01Z,2021-09-07T21:16:01Z
UgzSrp1oYKuqbVBgzc54AaABAg,,False,@brendiskz,Seugmin's mouth at the beginning is like:  :3,2,2021-09-07T21:15:29Z,2021-09-07T21:15:29Z
UgzsvTt_J8J6f-Ywfbt4AaABAg,,False,@brendiskz,LA BOQUITA DE SEUGMIN ES LITERALMENTE :3 😭😭😭😭😭😭😭😭😭😭😭😭😭,1,2021-09-07T21:14:52Z,2021-09-07T21:14:52Z
UgzE3Yhd_YltQozzjod4AaABAg,,False,@scribbledwords9956,My sister has been playing this short for the past hour and idk if I like or hate it,0,2021-09-07T18:32:01Z,2021-09-07T18:32:01Z
UgxzsMoMuZNS-bRVOwR4AaABAg,,False,@abigailferreira1375,I really need to know the name of the sneakers I.N is wearing help😭😭,0,2021-09-07T17:44:55Z,2021-09-07T17:45:14Z
UgxBdnLZDpLr5SNM_KF4AaABAg,,False,@99akire99,IN is sooooo cuuuute! 😍❤😘,0,2021-09-07T07:01:19Z,2021-09-07T07:01:19Z
UgyCgXhpjXcv24VoW2N4AaABAg,,False,@milielvijsjs,Lindos😁,0,2021-09-07T01:55:43Z,2021-09-07T01:55:43Z
UgynEOcD5r5aFpKW_9F4AaABAg,,False,@너는깡나는총드루와,☜이쪽에 계신 검은머리분 닌자같다,0,2021-09-06T11:06:27Z,2021-09-06T11:06:27Z
UgwT-cCktDx1vvkWOY94AaABAg,,False,@nex1142,I.n seungmin are probably the best together 🥺,0,2021-09-06T08:43:09Z,2021-09-06T08:43:09Z
UgyRlJ5zuU3u1Qe-cXd4AaABAg,,False,@beullenspeggy3609,I like it,0,2021-09-06T07:42:14Z,2021-09-06T07:42:14Z
UgzGItOfvqdmBok8D954AaABAg,,False,@օօռ-շ3ց,"Me declaro fan de Seugmin e I.N , los amo 😭💟",6,2021-09-06T04:22:04Z,2021-09-06T04:22:04Z
UgxHHuKLHPYn-JCKhfF4AaABAg,,False,@sakura_vers125,Penggemar kalian berdua,0,2021-09-06T04:13:11Z,2021-09-06T04:13:11Z
UgxIPvj5l7fjpp_dFqJ4AaABAg,,False,@sakura_vers125,Hai k IM from Indonesia aku penggemar kamu,0,2021-09-06T04:13:00Z,2021-09-06T04:13:00Z
Ugyc-oyBtsM2kLNKT_l4AaABAg,,False,@kazuhakae3599,Yayy aaa,0,2021-09-06T00:05:01Z,2021-09-06T00:05:01Z
UgwT3WS_m0fm3j-zT3l4AaABAg,,False,@SkibidiSetzo,Te amoooo seungmin❤️❤️❤️❤️,0,2021-09-05T22:59:17Z,2021-09-05T22:59:17Z
UgyqCl5KOGxDhlC2obJ4AaABAg,,False,@alfaelizacampos4884,😍🤩,0,2021-09-05T20:26:08Z,2021-09-05T20:26:08Z
Ugw3Oa3HfTnAr4WD9jh4AaABAg,,False,@러브수지,약간 노래가 송민호님 느낌난다!!(아낙네+bow-wow),0,2021-09-05T11:34:41Z,2021-09-05T11:34:41Z
Ugy7-9qAtCbHDnMX6ql4AaABAg,,False,@rinako_x87,❤❤❤,2,2021-09-05T10:44:14Z,2021-09-05T10:44:14Z
Ugw8urN5gVTGqAmZ5jZ4AaABAg,,False,@anthophile_1,Stray kıds 🤩🤩,2,2021-09-05T10:44:01Z,2021-09-05T10:44:01Z
UgyXBTEOBPLzGuYiO5h4AaABAg,,False,@Miso-v3q,So cool💖💜🍭🌈✨,0,2021-09-05T09:32:17Z,2021-09-05T09:32:17Z
Ugwa4v0VWhy8Q8XWYnh4AaABAg,,False,@rainbowfriendsfan-le1uc,How do you do that😱😱😱😱,1,2021-09-05T02:10:28Z,2021-09-05T02:10:28Z
Ugwv-l3aeS-PsHF-3ah4AaABAg,,False,@Indy_99,cute line,0,2021-09-05T01:48:36Z,2021-09-05T01:48:36Z
UgwHDw-ucfiN1n46KgZ4AaABAg,,False,@raichu8252,Hello Stays! 3RACHA will have a collab together with JYPE LOUD. Please support them later 8:55pm kst in SBS LOUD. Vote for team jype!,0,2021-09-04T04:20:33Z,2021-09-04T04:20:33Z
UgyYgCij14NxTUTkhwF4AaABAg,,False,@СерикКонысбайев,ақерке bts,1,2021-09-04T03:32:05Z,2021-09-04T03:32:05Z
UgypDrfOb-8EkdGAHY14AaABAg,,False,@reihan414,bayi aku lucu bangett (＾3＾♪,0,2021-09-03T23:32:40Z,2021-09-03T23:32:40Z
UgxWiHPY9RvkQLdJq1F4AaABAg,,False,@jeonjungook-j6u,Very nice  💞💞😭,0,2021-09-03T20:31:50Z,2021-09-03T20:31:50Z
UgxWyPFTWl22nS9gDoh4AaABAg,,False,@liamortiz2202,😎😎😎😎😎😎😎😎😎😎😎10000000000'0/10,0,2021-09-03T18:51:12Z,2021-09-03T18:51:12Z
Ugwth6_4Afw88Joxb4x4AaABAg,,False,@happinesshunter4196,Kalau ini dijadiin filling video bisa kan ya? Buat str3aming Thunderous.,0,2021-09-03T07:02:16Z,2021-09-03T07:02:16Z
UgzV-mB4PEQnniyK8_J4AaABAg,,False,@belaigaledo2277,in😀❤,0,2021-09-03T01:15:51Z,2021-09-03T01:15:51Z
Ugxr1kV2Oa-e5qcq3l94AaABAg,,False,@anapaula_m.Pantoja,😘 seungmin,1,2021-09-02T23:37:10Z,2021-09-02T23:37:10Z
Ugw4sUIAS7ngVdqhQbl4AaABAg,,False,@r.af6673,These are the similar clothes as in HAUS DES GELDES,0,2021-09-02T17:15:00Z,2021-09-02T17:15:00Z
UgyzjuEQ5-Mfk1DkQ394AaABAg,,False,@natig407,I freakin love them.,1,2021-09-01T23:08:20Z,2021-09-01T23:08:20Z
UgyqUYBkBv2YbjIhJEV4AaABAg,,False,@kpoperporsiempre7598,Seungmin😍I.N😍I love you ❤️,20,2021-08-31T16:14:10Z,2021-08-31T16:14:10Z
UgzHdJ9tjOSp4NHv1DF4AaABAg,,False,@kpoperporsiempre7598,😍,1,2021-08-31T16:09:21Z,2021-08-31T16:09:21Z
UgxylF_0X-Nd9l7oE-J4AaABAg,,False,@_parksoyoun_9614,واو,1,2021-08-31T14:59:03Z,2021-08-31T14:59:03Z
Ugz0U9kOpZKG09E3-SJ4AaABAg,,False,@aqsamobdi,Seungmin's smile is so precious,32,2021-08-31T13:44:23Z,2021-08-31T13:44:23Z
UgxPJHxHt8BvMs_GaP14AaABAg,,False,@cringeofthepirinc,Tatlı biasım 💗👄💗 ve tatli maknaemiz💜👄💜 çok güzel olmuş videoooo💙💙,0,2021-08-31T08:11:54Z,2021-08-31T08:11:54Z
UgwNvYdBVgoebuegDwN4AaABAg,,False,@лиса-ь2я,Сынмин😽😽😽😽💋💋💋💋💟💟💟💖💖💖,0,2021-08-31T07:01:28Z,2021-08-31T07:01:28Z
UgynPoPd7hlD6Y9efZp4AaABAg,,False,@annelisefernandez5415,"I LIVE for how adorable I.N.s smile is 😭😭😩
And seungmin just seriously just hits different😭❤️",0,2021-08-31T01:05:28Z,2021-08-31T01:05:28Z
Ugy0UGhrEO_c8jX27yR4AaABAg,,False,@didi4388,How do they expect me to learn his😂💔,0,2021-08-30T21:06:02Z,2021-08-30T21:06:02Z
Ugz9XiSSUBgL4evivex4AaABAg,,False,@rose-ju4yp,Stan skz people,0,2021-08-30T20:44:46Z,2021-08-30T20:44:46Z
Ugwix1uHCOxYmjFyrW14AaABAg,,False,@felixstraykids1646,حبيبي قلبي,0,2021-08-30T20:29:44Z,2021-08-30T20:29:44Z
Ugy91Spy0_JPC8pA76J4AaABAg,,False,@peñaferndz,Skzoo,0,2021-08-30T18:25:59Z,2021-08-30T18:25:59Z
UgyEDFBF1nCjXxYpJAR4AaABAg,,False,@peñaferndz,Jeongin💜Seugmin,0,2021-08-30T18:25:45Z,2021-08-30T18:25:45Z
UgzPCvjk2gdflG5_sAV4AaABAg,,False,@nehirortac6844,♥️♥️,0,2021-08-30T17:33:20Z,2021-08-30T17:33:20Z
UgxlDtSoh2bDfTGa1oZ4AaABAg,,False,@lachibolala114,The steps look very simple but u need that body strength and balance to make it look easy & its not an easy task,0,2021-08-30T17:28:17Z,2021-08-30T17:28:17Z
UgwUFcbpEVoMy00oAhF4AaABAg,,False,@stayssquad1845,In omg he  is so cute,0,2021-08-30T17:12:00Z,2021-08-30T17:12:06Z
Ugzt6ETSXYg2-UBd7sx4AaABAg,,False,@anacristina.2011,Aquí admirando los pasos de seogmin,0,2021-08-30T16:30:40Z,2021-08-30T16:30:40Z
UgzIVB_V2cU9KqjsmLB4AaABAg,,False,@BlanketFS,I love SKZ and all ❤️ but legit. i cant dance 🥲 so jealous of dem skillz,0,2021-08-30T14:13:54Z,2021-08-30T14:13:54Z
UgyXs14KHHyc63ut1Jl4AaABAg,,False,@HuginTonks,Cuties,1,2021-08-30T10:13:22Z,2021-08-30T10:13:22Z
UgwvxdBZZqnkeX0YCTN4AaABAg,,False,@lie.issweet,2 maknae,1,2021-08-30T01:41:20Z,2021-08-30T01:41:20Z
UgxHn7ZK15Nvw987M-94AaABAg,,False,@네..니요,어떡함..... 아기도깨비와 그를 수호하는 듬직한 충견같음...... . . .,1,2021-08-29T20:48:50Z,2021-08-29T20:48:50Z
Ugw303Mu5o65uu-9w5d4AaABAg,,False,@tatjbluecristal3051,Sweetys 💋💕 i finished today the drawing of I.N and Changbin 🤚😍🤓 great weekend all 💋,0,2021-08-29T18:16:47Z,2021-08-29T18:16:47Z
UgzV0LI3Z1mNnwkSF6N4AaABAg,,False,@atiny_ateez_fan_love_jongho,👍❤,0,2021-08-29T16:22:06Z,2021-08-29T16:22:06Z
Ugwwgn0YGe5c-c6CQ914AaABAg,,False,@andiefw,They are just SO cute! 😅😊,0,2021-08-29T16:05:36Z,2021-08-29T16:05:36Z
UgwYN3ok962Q4nMYpJN4AaABAg,,False,@nitaananana3472,Someone pls tell me which is Seungmin and which is I.n :(  i want to known Stray Kids members too,0,2021-08-29T14:36:40Z,2021-08-29T14:36:40Z
UgwYN3ok962Q4nMYpJN4AaABAg.9Rcs0hvf9rX9Roe_1N5M5R,UgwYN3ok962Q4nMYpJN4AaABAg,True,@anniey.5209,The one to the left is I.N. and the one to the right is Seungmin,0,2021-09-03T04:30:02Z,2021-09-03T04:30:02Z
Ugz9GEEcW2kD6fjdFml4AaABAg,,False,@luzbastias1360,❤️❤️❤️❤️,0,2021-08-29T12:33:07Z,2021-08-29T12:33:07Z
UgxogYPemK7prqVatil4AaABAg,,False,@staywithstraykidss,So cute wow-,0,2021-08-29T10:41:28Z,2021-08-29T10:41:28Z
Ugx7HrsgBbxzEzSsWpx4AaABAg,,False,@tae_sik0070,Swx,0,2021-08-29T09:47:16Z,2021-08-29T09:47:16Z
Ugzz7c_jPksfYfSfcgR4AaABAg,,False,@jisoowps3186,Seungmin and I.N so cute💜,2,2021-08-29T07:19:35Z,2021-08-29T07:19:35Z
UgylVLgvFdqU9e8rlVh4AaABAg,,False,@aaryabrid517,Smooth like butter. It's a chef's kiss 😘❤,0,2021-08-29T06:41:13Z,2021-08-29T06:41:13Z
Ugw28OAj7nRwjDiNw6V4AaABAg,,False,@dannamichelle9991,Que lindos,0,2021-08-29T00:56:45Z,2021-08-29T00:56:45Z
UgzwDTC4CP4FMFpTCVF4AaABAg,,False,@dannamichelle9991,Mis nenes♡,0,2021-08-29T00:56:41Z,2021-08-29T00:56:41Z
UgzY6dHcKnrKxqE6Odl4AaABAg,,False,@montseyomi,Te amooo i.n ❤❤❤❤❤❤❤❤❤,0,2021-08-28T19:49:16Z,2021-08-28T19:49:16Z
UgzGP_IhBgRQ3Pt8VBV4AaABAg,,False,@Wicked1998,the smiles <3,0,2021-08-28T18:42:16Z,2021-08-28T18:42:16Z
UgyfmIvvCdvNQoEhlGN4AaABAg,,False,@marcosferreira7576,Skz es lo mejor,0,2021-08-28T17:56:37Z,2021-08-28T17:56:37Z
UgxvNqaFItNSbWrEd1p4AaABAg,,False,@방탄소년단-l4z,Stay forever,0,2021-08-28T16:08:19Z,2021-08-28T16:08:19Z
Ugwz4ADWMPgmIivuDl94AaABAg,,False,@yasminsebas8412,👏👏👏👍👍👌👌👌,0,2021-08-28T15:29:11Z,2021-08-28T15:29:11Z
UgzbaUVfVFDnc_BTQqx4AaABAg,,False,@Zahra-lt2zf,The power of makneline,1,2021-08-28T15:09:16Z,2021-08-28T15:09:16Z
UgywcomFMziQN1aaVdl4AaABAg,,False,@AHHHHHHH15515,My WiFi rlly betraying me,0,2021-08-28T09:39:03Z,2021-08-28T09:39:03Z
UgxaX4omTIbdkPC_xkx4AaABAg,,False,@sophiatse9006,Smooth dancing and hypnotising smiles to go with it,0,2021-08-28T06:59:39Z,2021-08-28T06:59:39Z
UgwnoG6EAxAQ_b3V9NZ4AaABAg,,False,@iheartyuya,Love you both,0,2021-08-28T06:41:32Z,2021-08-28T06:41:32Z
UgwaNLSI8PeyldkKPC54AaABAg,,False,@anitasemalty,What is the song name?,0,2021-08-28T05:29:27Z,2021-08-28T05:29:27Z
Ugw6WnZ5o_Mo_YDVy1l4AaABAg,,False,@julyr.r6965,Que lindos TT los amo ♡♡,0,2021-08-27T23:11:18Z,2021-08-27T23:11:18Z
UgyYhEGTMQP0sHvxa4J4AaABAg,,False,@ipurpleworld231,I LOVE YOU,0,2021-08-27T21:51:28Z,2021-08-27T21:51:28Z
Ugwj9v7R-yRcUCqgJzV4AaABAg,,False,@lanaalsiddig561,For this cute smile I give all the likes I could,0,2021-08-27T21:24:25Z,2021-08-27T21:24:25Z
UgxrGThh3pKBiO-NoDp4AaABAg,,False,@leemochiiuwu4644,My the BEST vocales favorite😍,0,2021-08-27T20:02:36Z,2021-08-27T20:02:36Z
UgwNsCgqsg7LdJMh7ep4AaABAg,,False,@KW_-qw2ox,Por que son tan lindos?😩💗,0,2021-08-27T20:00:03Z,2021-08-27T20:00:03Z
Ugw2fsTRFh3VvOZP4kZ4AaABAg,,False,@keegy.weegy.,AWWWW I LOVE THEMM,0,2021-08-27T18:55:16Z,2021-08-27T18:55:29Z
UgxDvJRCpCHOfY-oNQp4AaABAg,,False,@faulergluckspilz1691,Can we please talk about they're more synchronised that Hyunlix.. I think this is called big improvement 🤝,0,2021-08-27T17:22:04Z,2021-08-27T17:22:04Z
UgxM84rR5UeuHqXEZ3Z4AaABAg,,False,@snabsadam,Ouuuuh I.N..... bodyrolls 🔥🔥🔥,0,2021-08-27T15:29:45Z,2021-08-27T15:29:45Z
Ugxs0O4dgRM2GbN5DyB4AaABAg,,False,@reyhane_xx2810,ستستستستستشتشتشتشککشکششت,0,2021-08-27T14:26:38Z,2021-08-27T14:26:38Z
Ugziqh0atHO_UAaVKcB4AaABAg,,False,@amultistanmakingkpopedits17,0:03,0,2021-08-27T14:11:29Z,2021-08-27T14:11:29Z
UgxpeGTRwCQcfgTFCIx4AaABAg,,False,@margarizz,Its just everything that i.n does Is just hts different,0,2021-08-27T13:24:04Z,2021-08-27T13:24:04Z
UgzhF_CQ2B8Okm_MZIJ4AaABAg,,False,@andreareyna5322,Mi novio el de rojo 😽,0,2021-08-27T13:02:54Z,2021-08-27T13:02:54Z
UgxV9bQYqX9HhPvCh6J4AaABAg,,False,@alaturkatuvalet-u2m,Nice,0,2021-08-27T12:54:16Z,2021-08-27T12:54:16Z
UgzG5QGB_nYhiGa3jcZ4AaABAg,,False,@haewonchills,best boys,0,2021-08-27T11:14:46Z,2021-08-27T11:14:46Z
UgwfxzhhajFYYG3BBMJ4AaABAg,,False,@cherrypena7460,😍,0,2021-08-27T10:42:40Z,2021-08-27T10:42:40Z
UgyYKTtGeKz0rrHlW6V4AaABAg,,False,@leenlion5255,I.N's voice is so comfortable 🥺🥺💜💜,0,2021-08-27T09:09:12Z,2021-08-27T09:09:12Z
UgxpQgjvIdmiPTH0HY54AaABAg,,False,@ek_cobain,I fall in love with Yeni's smile ☺️,0,2021-08-27T08:53:30Z,2021-08-27T08:53:30Z
UgzxHAdqNHiy_Xa7jJR4AaABAg,,False,@Gurmeet_Kaur81,Can we talk about I.Ns cute smile there 😭❤️😭❤️😭❤️,0,2021-08-27T08:44:36Z,2021-08-27T08:44:36Z
UgzN-h5y_S68GeLETpB4AaABAg,,False,@mobinasalimi3732,Oh my gosh i cant cover this dance,0,2021-08-27T08:27:26Z,2021-08-27T08:27:26Z
UgyVl8DqgwPBgBQoY7x4AaABAg,,False,@JANA-r3y6k,Cute 🥰,0,2021-08-27T07:40:38Z,2021-08-27T07:40:38Z
Ugzqmsg6gZPaNTzP44t4AaABAg,,False,@devaldoeestefanebatista9148,Ahhh foi por eles que as Stay's  se apaixonaram faz sentido,0,2021-08-27T02:38:39Z,2021-08-27T02:38:39Z
UgzIwmOUlF0TwI9ywKt4AaABAg,,False,@damarisramirez6714,안녕하세요 여러분 안녕하십니까 노래와 영상도 좋고 i.n안녕하세요❤️❤️🥰🥰💌💌😍😍💋💋🤗,0,2021-08-27T01:38:19Z,2021-08-27T01:38:19Z
Ugy-7eiANC0sAVd059J4AaABAg,,False,@sofawy,اروح فدوة لسيراميك الكاظم 😭😭😭😭😭😭,0,2021-08-27T00:52:00Z,2021-08-27T00:52:00Z
Ugwjm43NMUsrn9JA7gJ4AaABAg,,False,@nayoungkim7819,So cute!😭💖✨,0,2021-08-27T00:43:18Z,2021-08-27T00:43:18Z
Ugxmj1s8D5tAjU_uMUV4AaABAg,,False,@4barbosareyessaraelena612,I.N MI VARON lo comparto con las demas stay ok,0,2021-08-26T23:28:00Z,2021-08-26T23:28:00Z
Ugx_27HhueisTzyuvuF4AaABAg,,False,@valeriasihue6944,I love them,0,2021-08-26T23:01:10Z,2021-08-26T23:01:10Z
UgxLkpet8xBY0zwziFx4AaABAg,,False,@valeriasihue6944,Love them,0,2021-08-26T23:00:55Z,2021-08-26T23:00:55Z
UgyLMywXf1Tni44kkzd4AaABAg,,False,@MY-kn7nr,"These boys never disappoint! Stream thunderous, that line has been stuck in my head “Man, I’m not sorry, I’m dirty”",0,2021-08-26T21:20:37Z,2021-08-26T21:20:37Z
UgzqBwWIDIX9O4roMf94AaABAg,,False,@nycolieduarda9671,minhas vidas,0,2021-08-26T21:08:18Z,2021-08-26T21:08:18Z
UgxriG7aTLlUR7G758t4AaABAg,,False,@Lixvator_,Na cause y'all don't even be speaking on Seungmin and Jeongin's dancing they so good too,0,2021-08-26T18:53:34Z,2021-08-26T18:53:34Z
UgzHZsQ1TsfrwJidPxJ4AaABAg,,False,@dorarodriguez8554,Los dos son muy importantes para STAY,0,2021-08-26T18:20:17Z,2021-08-26T18:20:17Z
UgwG4W9KOJESSnQlBAt4AaABAg,,False,@dorarodriguez8554,"Amo seungmin, él es la personita ideal.",7,2021-08-26T18:17:54Z,2021-08-26T18:17:54Z
Ugw68KGgoninBrxW7hZ4AaABAg,,False,@jjsgjs13,LOS AMO ANVSAHSH,0,2021-08-26T16:23:00Z,2021-08-26T16:23:00Z
UgypC1eBiti-GBYc3YV4AaABAg,,False,@jjsgjs13,mis hermanos ya hasta se la aprendieron JAKJSKAJSA,0,2021-08-26T16:22:49Z,2021-08-26T16:22:49Z
UgyyYsJaTWGeEisLvi14AaABAg,,False,@mauricioreyea7369,Hello,0,2021-08-26T15:47:30Z,2021-08-26T15:47:30Z
UgxR6dK-1ZgPAlyMqb54AaABAg,,False,@mauricioreyea7369,Hola buenos dias para todos,0,2021-08-26T15:47:23Z,2021-08-26T15:47:23Z
Ugzl-a6nI7Y7R139TIN4AaABAg,,False,@aganetha6548,😘😘😘😘😘🤩🤩🤩🤩🤩🤩🤩🤩,0,2021-08-26T15:22:14Z,2021-08-26T15:22:14Z
Ugz6gJjiAzHKHGArvmt4AaABAg,,False,@bluevinyl0304,You’re doing great sweetie,0,2021-08-26T12:48:59Z,2021-08-26T12:48:59Z
UgxSNVM0Yu8mD3R7l3l4AaABAg,,False,@kimitaehyung4677,King's,0,2021-08-26T11:35:54Z,2021-08-26T11:35:54Z
Ugz6uxrqovrDJ0h3XlR4AaABAg,,False,@ghostrabb6653,퉤퉤 ㅋㅋㅋ,0,2021-08-26T10:28:42Z,2021-08-26T10:28:42Z
UgzDHAotHToA9i08bG94AaABAg,,False,@sinem.777.,Oaa mükemmel,0,2021-08-26T10:14:03Z,2021-08-26T10:14:03Z
UgxNq9Z5XqZWu4-v6yR4AaABAg,,False,@ikeda-u3r,귀여워ㅠㅠㅠㅠㅠ❤❤❤❤,0,2021-08-26T09:47:15Z,2021-08-26T09:47:23Z
Ugz3PBLPIHzmqmFdlJd4AaABAg,,False,@seungminsforeheadyourarelysee,fun fact: during gods menu era seungmin had a similar outfit (black and white)to the red one he is wearing here,1,2021-08-26T09:19:35Z,2021-08-26T09:19:35Z
UgySRNJkaq-QR8dyr4h4AaABAg,,False,@khalishaag,GEMES BANGET INI BAYIK-BAYIK 🥺🥺,0,2021-08-26T08:17:20Z,2021-08-26T08:17:20Z
Ugy1eqyYr9rzYXItKnF4AaABAg,,False,@ameliaaly9162,Cuties,0,2021-08-26T06:59:48Z,2021-08-26T06:59:48Z
UgxWTBe5-6NMQV57TXV4AaABAg,,False,@GoAnna-lo5vw,oooooo,1,2021-08-26T06:48:09Z,2021-08-26T06:48:09Z
Ugy9LLg_GXVpg7Ax8WV4AaABAg,,False,@semyhyunjin591,👑💋💋💋💋💋💋💋💋👑,0,2021-08-26T06:14:33Z,2021-08-26T06:14:33Z
Ugw46XH4P-np5WETyjF4AaABAg,,False,@융요링,0:15 천둥할 때 실화냐 정인아 귀엽고 깜찍한 아기뚝딱도깨비가 따로 없다 누나 머리 빡빡 쳤어 대박나자 ㅅㅏ랑해!!!!!!!!!!!!!!!!!!!!!!!!!!!!!!!!!!!!!!!!!!!!!!!!!!!!!!!!!!!!!!!!🖤🖤🖤🖤🖤🖤,1,2021-08-26T04:43:29Z,2021-08-26T04:43:29Z
Ugz2EfIMjpT5jBxEo794AaABAg,,False,@rashclub4934,"Haa perfect Timing 
But This is my favourite",0,2021-08-26T03:44:48Z,2021-08-26T03:44:48Z
UgydtXd4qwuLXGHibf94AaABAg,,False,@lilac_2004,i.n and seungmin best boys,0,2021-08-26T03:14:01Z,2021-08-26T03:14:01Z
Ugy2iXIPNxj37NKV93N4AaABAg,,False,@kjslipz4798,Meu deuso que fofura!!!,0,2021-08-26T02:32:26Z,2021-08-26T02:32:33Z
UgzJ33pLgsNbAHs6Crh4AaABAg,,False,@marife8517,I.N!! 💗✨,1,2021-08-26T01:58:04Z,2021-08-26T01:58:04Z
UgwjMOlPHCubB2csAcB4AaABAg,,False,@bobbypin193,The vocal also youngest line they are cute.,0,2021-08-26T01:50:09Z,2021-08-26T01:50:09Z
UgwqQ6BLdv05ScNvGbp4AaABAg,,False,@carinac.santos5055,SEUS LINDOS,0,2021-08-26T01:12:55Z,2021-08-26T01:12:55Z
UgxFf5aSmGzQou8PHyV4AaABAg,,False,@lunmi_san2193,Ahora sí a bailar se ha dicho uwu,0,2021-08-26T00:47:54Z,2021-08-26T00:47:54Z
UgyBgVqC-T3X_WyF_cB4AaABAg,,False,@yasmincollque2551,Los amo <3,0,2021-08-26T00:35:04Z,2021-08-26T00:35:04Z
UgzDO1FWBU9imRCk2y94AaABAg,,False,@alicciag,내 남자들은 너무 완벽해<3,0,2021-08-26T00:07:41Z,2021-08-26T00:07:41Z
Ugw8_OAVQZN1PwuyVUt4AaABAg,,False,@etalialejandriasaenz9464,Los admiró y los amo muchísimo ♥️✨se merecen lo mejor del mundo ✨♥️,0,2021-08-25T23:41:09Z,2021-08-25T23:41:09Z
UgyLThwTngpq6PTXHYd4AaABAg,,False,@jusyhere,they make it look so easy ughhhh,0,2021-08-25T23:36:48Z,2021-08-25T23:36:48Z
Ugz9H0ezlkurVfK3Gqx4AaABAg,,False,@wolfleev,LOS AMO LPM,0,2021-08-25T23:21:35Z,2021-08-25T23:21:35Z
Ugw5x7IlopZcLyMwUft4AaABAg,,False,@shelby3645,Two cuties! Their smiles are everything 🤚🏻😭,0,2021-08-25T22:45:23Z,2021-08-25T22:45:23Z
Ugz942T0DCa_DjMR1G54AaABAg,,False,@elisehitch9524,I.N. growing a mullet?!? 😭🤚,0,2021-08-25T21:01:46Z,2021-08-25T21:01:46Z
UgzkfDm27jivxtImLT14AaABAg,,False,@otakuhime3119,"Oh no, they're giving I.N. the mullet now 😭",0,2021-08-25T20:45:39Z,2021-08-25T20:45:39Z
UgyFbtJbyuDcpsowzx54AaABAg,,False,@larapraum,baiesss aaa,0,2021-08-25T19:54:02Z,2021-08-25T19:54:02Z
UgweiS_8LyVdDimCv8J4AaABAg,,False,@staygene4169,Jeongin ne yapmaya çalışıyor yaaa ben bayılcam,0,2021-08-25T19:47:36Z,2021-08-25T19:47:36Z
UgwQvGHNxqfqYrHfD494AaABAg,,False,@yurioplisetsky5707,Aww los bebés! 🦊 Y🐶,0,2021-08-25T18:44:05Z,2021-08-25T18:44:05Z
Ugw_JbNisGsRuYKXdQB4AaABAg,,False,@rossanachan7667,❤❤❤❤❤❤❤❤❤❤❤❤❤❤❤❤❤❤❤❤❤❤❤❤❤❤❤❤❤❤❤❤❤❤❤❤❤❤❤❤❤❤❤❤❤❤❤❤❤❤❤❤❤❤❤❤❤❤❤❤❤❤❤❤❤,0,2021-08-25T18:29:50Z,2021-08-25T18:29:50Z
UgyOd-1QPrNAR56CGMF4AaABAg,,False,@aravelllaaaa,I just can't get over on how Innie slayed that body roll🔥🔥🔥,0,2021-08-25T18:25:27Z,2021-08-25T18:25:27Z
UgwLpMEaUaIZ7dlSt3h4AaABAg,,False,@Nur-jm4rp,Gözlerimi alamıyorum bağımlılık yaptı,0,2021-08-25T18:22:24Z,2021-08-25T18:22:24Z
Ugwf2XD-kG_yO0nKvOt4AaABAg,,False,@Xizmaya,As always nailed,0,2021-08-25T16:55:05Z,2021-08-25T16:55:05Z
UgzpVqMFHrTB2SNj7el4AaABAg,,False,@punyawee1757,Love,0,2021-08-25T16:28:46Z,2021-08-25T16:28:46Z
UgwMBQXmI_uxXIWJY5J4AaABAg,,False,@punyawee1757,❤,0,2021-08-25T16:28:36Z,2021-08-25T16:28:36Z
Ugx-dAp_ctE-vsgk6ZZ4AaABAg,,False,@-dnomaid-192,"Hacen todo bien, no hay dudas.
Basta de tanta ternura, me duele todo si son así de tiernos c,:",0,2021-08-25T16:15:51Z,2021-08-25T16:15:51Z
UgyVV1rd6m55c1C68RB4AaABAg,,False,@stayforever2821,Tan lindos 💕,0,2021-08-25T15:39:04Z,2021-08-25T15:39:04Z
UgwlekXZChwDIVZrpIZ4AaABAg,,False,@emmylvsskz,Yo? Yo estoy descargando los shorts para poder verlos 100000 veces aunque no tenga internet,0,2021-08-25T14:42:19Z,2021-08-25T14:42:19Z
UgyiaFDv13dBS27Zp8l4AaABAg,,False,@luvaphi9922,My favourite stray kids duo 😭😭,0,2021-08-25T13:59:43Z,2021-08-25T13:59:43Z
UgzOztTAKuEO-ilM4IR4AaABAg,,False,@carabell9418,They r amazing pls😭,0,2021-08-25T13:20:34Z,2021-08-25T13:20:34Z
Ugz3XhUCcpxipVukwud4AaABAg,,False,@carabell9418,Their moves are so smooth,0,2021-08-25T13:20:22Z,2021-08-25T13:20:22Z
UgyT9psohR1C0vueR3N4AaABAg,,False,@zahidadiaz5000,Awwwwwww sus sonrisas son tan lindas 😌💖💖💖,0,2021-08-25T13:13:34Z,2021-08-25T13:13:34Z
UgyMvsYI2FS8XjfRlwh4AaABAg,,False,@nazamirkhan9242,ютуб выглядит как тт🦀классные парни❤🤭люблю,0,2021-08-25T12:52:00Z,2021-08-25T12:52:00Z
Ugwm1BOsvIhq_GN0r1p4AaABAg,,False,@laspatitasdejisung8048,Las wawas sjjxskdksk❣️💫,0,2021-08-25T12:09:21Z,2021-08-25T12:09:21Z
UgxcOUKHW9UibST5Z014AaABAg,,False,@ylrctz,воу,0,2021-08-25T11:48:52Z,2021-08-25T11:48:52Z
Ugw1uPJqAVp6AMGsbDZ4AaABAg,,False,@miftahulriski8334,TERSEUNGMIN SEUNGMIN,0,2021-08-25T11:07:48Z,2021-08-25T11:07:48Z
Ugz3-Bx3xJDF_E6cVKN4AaABAg,,False,@Stayplayliststraykids,Aaaaaaáa amoooooooo,0,2021-08-25T10:45:28Z,2021-08-25T10:45:28Z
UgzeMQb2KxGDYw_QMQV4AaABAg,,False,@ZEYNEP-mb4ch,Ooohh,0,2021-08-25T09:33:03Z,2021-08-25T09:33:03Z
Ugx7tnawJw9ehxnauaF4AaABAg,,False,@pranitha7627,How many of you missing Woojin? 😔🥺🥺,1,2021-08-25T09:13:40Z,2021-08-25T09:13:40Z
UgwmrffQvQnAdVjfSm54AaABAg,,False,@lunarmoon2795,Yerim ulan sizi maknealar,0,2021-08-25T08:13:32Z,2021-08-25T08:13:32Z
UgzYOcqoZhqEWgWpX5B4AaABAg,,False,@eliftoprak2237,So cool 🤩🤩,0,2021-08-25T07:07:38Z,2021-08-25T07:07:38Z
Ugxhp3q0CQ3bks09nmh4AaABAg,,False,@dashelll,❤️,0,2021-08-25T06:13:54Z,2021-08-25T06:13:54Z
UgzfVzyBSS6LFmuReE54AaABAg,,False,@girlygirl1340,"After watching this video who think they can conquer the world 
Well me here",1,2021-08-25T05:55:13Z,2021-08-25T05:55:13Z
UgzkQZdeYBILvwdhlzx4AaABAg,,False,@nuriiisss,"Las caritas 😭, son tan lindoooos",0,2021-08-25T05:48:42Z,2021-08-25T05:48:42Z
UgxpkkquEz3UBOUGiEl4AaABAg,,False,@jakestay03,maknae line<3,0,2021-08-25T05:34:54Z,2021-08-25T05:34:54Z
UgznPX181iatbK2fOyl4AaABAg,,False,@doljav_in,00:00,0,2021-08-25T05:24:52Z,2021-08-25T05:24:52Z
Ugy2ofCp13J63RVO7BZ4AaABAg,,False,@danicoff3,las sonrisitas <3,0,2021-08-25T05:22:13Z,2021-08-25T05:22:13Z
UgwCI1NoraeCQYnaBzZ4AaABAg,,False,@arifudin2766,I.N saranghae😙,0,2021-08-25T05:12:58Z,2021-08-25T05:12:58Z
UgxVWNYV3br_hXqAiEJ4AaABAg,,False,@pikybas7774,"Seungmin: 😐
Jeongin: 😀 
jajaja 
sigamos haciendo Stream a Thunderous 😎👊",0,2021-08-25T04:13:12Z,2021-08-25T04:13:12Z
UgzmBqwkP5NjDEoiSmB4AaABAg,,False,@angelixdrawings4668,😻🌹 Seungmin + red clothes = my perfect man,6,2021-08-25T04:00:38Z,2021-08-25T04:00:38Z
UgyajostSQ1atxIIKux4AaABAg,,False,@098กีน,Seungmin so cut💖,5,2021-08-25T03:55:53Z,2021-08-25T03:55:53Z
UgzndOTmNVdspQJWpuR4AaABAg,,False,@jenlix,tiny tiny boys  ˃ᆺ ˂,0,2021-08-25T03:22:07Z,2021-08-25T03:22:07Z
UgwERt1gSwr_6g8eCcl4AaABAg,,False,@kine467,Los nenes <3 que ya están grandotes,0,2021-08-25T03:08:51Z,2021-08-25T03:08:51Z
UgwcXhRANo3Dg0aaPeZ4AaABAg,,False,@kirtika8842,They are so cute gosh🤧and they did it so effortlessly 😍,0,2021-08-25T02:23:22Z,2021-08-25T02:23:30Z
UgzTd2v-zeJmP2VwW9N4AaABAg,,False,@nasywa.kamilah,So cutee,0,2021-08-25T01:57:55Z,2021-08-25T01:57:55Z
UgxvcsJljRyPZ__nw914AaABAg,,False,@lostclown2208,These two are so cute ahaha,0,2021-08-25T01:21:57Z,2021-08-25T01:21:57Z
UgyLTrhRN6xltf9b3V14AaABAg,,False,@destay_parastraykids9991,Todo lo que hacen es arte I.N y SEUNGMIN,0,2021-08-25T01:19:03Z,2021-08-25T01:19:03Z
UgyER8sJNzRe5wpPpRR4AaABAg,,False,@miteruelf,ddaeng bbang,0,2021-08-25T01:05:58Z,2021-08-25T01:05:58Z
UgyiFWAa07XXAWGsJmV4AaABAg,,False,@scylla5606,Seungmin so cute!!!,7,2021-08-25T01:00:33Z,2021-08-25T01:00:33Z
UgyziRtDlZWOWQZ8fMJ4AaABAg,,False,@yunawrld,jeongin is not playing around this era omg… that’s not jeongin that’s i.n,0,2021-08-25T00:44:18Z,2021-08-25T00:44:18Z
Ugw_IlBS2RWGIcGaeet4AaABAg,,False,@sofipoo,CUTE,0,2021-08-25T00:41:08Z,2021-08-25T00:41:08Z
Ugx43f10mUyp_4Yk6Q54AaABAg,,False,@thesweetlife594,So happy and cute 🥰,0,2021-08-25T00:28:20Z,2021-08-25T00:28:20Z
UgzI6wEf1-tjV1uvd3t4AaABAg,,False,@angieperez2006,SEUNGMINNN,0,2021-08-25T00:26:13Z,2021-08-25T00:26:13Z
UgzplqgsOgcBr7vQDTR4AaABAg,,False,@christyde98,*I freaking N* needs to chill,1,2021-08-25T00:19:35Z,2021-08-25T00:19:35Z
UgzQCv0qkcZqeY-kNFp4AaABAg,,False,@LIHZETT,AHHH LOS AMOOO,0,2021-08-25T00:00:03Z,2021-08-25T00:00:03Z
UgxF263CVZer2CKNTEF4AaABAg,,False,@glorialuna9038,"Los amooooooooo...😍😭🥺😭😭😭😭 Perfectos 👌 mis bbs  

 Boa yorar 😭😭😭 jtjdbgjlpjbdewhncxkjvjgnyjj😭😭😭😭😭♥️❣️💕💞💓💗💗❤️💖😍🥺",0,2021-08-24T23:58:16Z,2021-08-24T23:58:16Z
UgwHo4HLmJQocZDj8o54AaABAg,,False,@fransheskacolon7716,Ay sus sonrisitas,0,2021-08-24T23:51:13Z,2021-08-24T23:51:13Z
UgyEvSQTzLMmC2Zh-nB4AaABAg,,False,@Nicol-uh9ee,ARTEEE🔥,0,2021-08-24T23:51:09Z,2021-08-24T23:51:09Z
UgygCgVvmzZ3DQcJ5LV4AaABAg,,False,@hateyou9623,They are so good ❤❤❤❤❤,0,2021-08-24T23:46:33Z,2021-08-24T23:46:33Z
Ugw7wdDqmFgZNFJkx-94AaABAg,,False,@mongmin,QUE LINDOSSSSJWK A A A,0,2021-08-24T23:40:16Z,2021-08-24T23:40:16Z
Ugz81ssPIGApnv6ZTV14AaABAg,,False,@zahraakhalid5354,Love love,0,2021-08-24T23:33:16Z,2021-08-24T23:33:16Z
Ugwwqrvcw0HFNtt4Upl4AaABAg,,False,@lisset.4812,LA sonrisita de i.n 😭😭😭😭😭 es que es un ser hermoso,0,2021-08-24T23:25:45Z,2021-08-24T23:25:55Z
Ugw7FAJqM_9JPWFDeo54AaABAg,,False,@bbbxbbx,knkm cokiyi olmus,0,2021-08-24T23:17:36Z,2021-08-24T23:17:36Z
UgzBZLcTEg8nW-XjJaN4AaABAg,,False,@beeskz2511,Maknae line so cute,0,2021-08-24T23:15:35Z,2021-08-24T23:15:35Z
UgzMcQK1BN1k2f5wfql4AaABAg,,False,@ftmh999,AYEN GAUSAH SENYUM SENYUM BISA GILA AKU NANTI,0,2021-08-24T23:13:10Z,2021-08-24T23:13:10Z
Ugy3BU7Xn4Q99veYJ7x4AaABAg,,False,@ftmh999,KAYAKAKDBBD MAKNAE KU ZEYENK 😣😣😣😣,0,2021-08-24T23:12:29Z,2021-08-24T23:12:29Z
UgxgMrzZDLSvdZ4_mZh4AaABAg,,False,@martu5468,MIS PRECIOSOS 😭💐💐💐,0,2021-08-24T23:03:58Z,2021-08-24T23:03:58Z
Ugw8kCwmVY3vbVvlIat4AaABAg,,False,@alexa-qo6sh,Son los mejores 😭😭,0,2021-08-24T22:08:33Z,2021-08-24T22:08:33Z
Ugw3-sTmrm1FqgKJesZ4AaABAg,,False,@angelsecret9997,our youngsters~,0,2021-08-24T21:51:17Z,2021-08-24T21:51:17Z
Ugz8e_aXrKUQffJHJmx4AaABAg,,False,@jhopeiloveyou3997,Amo vocês,0,2021-08-24T21:49:48Z,2021-08-24T21:49:48Z
UgxDd7OFf7w0WpwKDjl4AaABAg,,False,@dry_petals9311,"THEY ARE SO CUTE, PLEASE",0,2021-08-24T21:26:35Z,2021-08-24T21:26:35Z
Ugyuuvwl_ZXkpZtoPoR4AaABAg,,False,@junkbugmony,Yesss,0,2021-08-24T21:18:32Z,2021-08-24T21:18:32Z
UgzXa62FYfHvGJpJyIl4AaABAg,,False,@hermione814.,Ağağa yine mükemmel dansçılar,0,2021-08-24T21:10:45Z,2021-08-24T21:10:45Z
Ugwis8z_o2VZuPtUyUZ4AaABAg,,False,@kpopwild9796,They are both so cute!,0,2021-08-24T20:44:32Z,2021-08-24T20:44:32Z
Ugwq5sP1dqmzGRFkXwx4AaABAg,,False,@salmazaher3931,cute maknae,0,2021-08-24T20:25:32Z,2021-08-24T20:25:32Z
Ugwa6SFcFYJgA41jbAh4AaABAg,,False,@stay9514,my babiesssss improved too much. im so proud of uuuuuuu,0,2021-08-24T20:16:10Z,2021-08-24T20:16:10Z
UgwxdLNBLWWZzRZLkn54AaABAg,,False,@gokcegungoren1473,Çok tatlılar ama ya,0,2021-08-24T19:50:18Z,2021-08-24T19:50:18Z
UgyoAzF--vfwwP5pTtN4AaABAg,,False,@김원필-w6n,보컬라차!,0,2021-08-24T19:32:27Z,2021-08-24T19:32:27Z
UgwhjG3h3bQfZzUShUR4AaABAg,,False,@sno2792,innnnnnninnnnnnnnn,0,2021-08-24T19:27:59Z,2021-08-24T19:27:59Z
Ugxi5YjMKqyUcuaZ0Jt4AaABAg,,False,@sno2792,innnnnnnnnnnnnnnnn,0,2021-08-24T19:27:49Z,2021-08-24T19:27:49Z
UgwwfGaCW8rfvSHQ7F94AaABAg,,False,@user-so7jz1rt7c,I.N só cute ❣,0,2021-08-24T18:53:16Z,2021-08-24T18:53:16Z
Ugyc6OwZz8TYGr2Xarx4AaABAg,,False,@YGTfrdYGT,SEUNGIN🤩🇹🇷🇹🇷💖💖💖🇹🇷🇹🇷,1,2021-08-24T18:48:06Z,2021-08-24T18:48:06Z
UgwG3rFmHt6Mlc7hWZp4AaABAg,,False,@Camila_Blink95,Meus bebês❤,0,2021-08-24T17:47:05Z,2021-08-24T17:47:05Z
Ugx_FWpx9aMOEQxEHa14AaABAg,,False,@mallorydaley,nobody talks about how much their dancing has improved likeee THEYRE SO GOOD NOW WHAT??,1,2021-08-24T17:33:33Z,2021-08-24T17:33:33Z
UgxaJNvOo8ebTepae-14AaABAg,,False,@marialuciavieiradelfimsilv6668,Amoooooooo....meus travessos🐯,0,2021-08-24T16:59:09Z,2021-08-24T16:59:09Z
UgwFCpW58zrRuOnpPb14AaABAg,,False,@Alya-j5k,كيوت✨❤️🇸🇦,0,2021-08-24T16:43:46Z,2021-08-24T16:43:46Z
Ugwci6tldEQOzPa8Jvx4AaABAg,,False,@psswm_,🥺💖🤏🏻,0,2021-08-24T16:35:23Z,2021-08-24T16:35:23Z
Ugz1SS3cJR71Ewlsjbh4AaABAg,,False,@채채-y9v,"승민아 진짜 왜이리구ㅣ엽니ㅠㅠㅜㅠㅠㅠㅠㅜㅜ 아 울 댕댕강지 기여워죽겠어증말 잇몸 다 말라버렸잖아,,",9,2021-08-24T16:24:25Z,2021-08-24T16:24:25Z
UgyDLI2Z79Khm5sJ4994AaABAg,,False,@ami.yg02,vocalracha power,0,2021-08-24T16:23:17Z,2021-08-24T16:23:17Z
UgyvxBmWREoVqwNMre54AaABAg,,False,@ami.yg02,mis chikitos <3,0,2021-08-24T16:23:04Z,2021-08-24T16:23:04Z
Ugz_Ihb8likO70PA0pZ4AaABAg,,False,@narusasu136,Thunderous Maknaes <3,0,2021-08-24T16:17:55Z,2021-08-24T16:17:55Z
Ugw5r-j-USCmhKMC_Lh4AaABAg,,False,@جونكوكجيون-ز9و,우와,0,2021-08-24T15:50:05Z,2021-08-24T15:50:05Z
Ugy7LvmziXWU4OV6CNF4AaABAg,,False,@赤いメガネ-j4r,seungmin's shoelaces have been untied😲,0,2021-08-24T15:47:10Z,2021-08-24T15:47:10Z
UgySb3vjD1Iw6qtrf1R4AaABAg,,False,@linahmabunda8275,this song shall go down histroy as one of the best kpop songs ever mafe,0,2021-08-24T15:31:39Z,2021-08-24T15:31:39Z
Ugwf3knVb36bZYP-3nl4AaABAg,,False,@trisha1965,OMG!! The combination,0,2021-08-24T15:29:44Z,2021-08-24T15:29:44Z
Ugzbj2i6NbvB8u5UThl4AaABAg,,False,@felixtiktoker6792,"El mejor duo vocal !!
Los amo 🌷",0,2021-08-24T15:29:20Z,2021-08-24T15:29:20Z
UgwPtxWbyKLKC1EmQT54AaABAg,,False,@cuttiehyunjin5604,Mano eu vou ver esse vídeo um milhão de vez MANO OLHA A PERFEIÇÃO VELHO ÔÔÔÔÔ❤❤❤❤,0,2021-08-24T15:18:46Z,2021-08-24T15:18:46Z
UgwAdVaajGDqE44ugWZ4AaABAg,,False,@Sky.0325,I'm sorry but they're so cute... T^T,0,2021-08-24T15:17:46Z,2021-08-24T15:17:46Z
UgxovaReiGSlC4J6bEx4AaABAg,,False,@Dianacaro2010,"son lo maximo chicos , los amoooo",0,2021-08-24T14:56:47Z,2021-08-24T14:56:47Z
UgwWPR8VcBRnbFDKwfZ4AaABAg,,False,@liliakhusainova636,SKZ♡,0,2021-08-24T14:55:37Z,2021-08-24T14:55:37Z
Ugwm9I3C-XY-OmEjdLt4AaABAg,,False,@kpopfan1157,i love u,0,2021-08-24T14:42:27Z,2021-08-24T14:42:27Z
UgxMDK2HkMRlHIhsxcJ4AaABAg,,False,@mlh_0704,They make it look so easy when it's bone breaking 😭❤️,0,2021-08-24T14:40:09Z,2021-08-24T14:40:09Z
Ugzk2HRd3h-ncraqWxR4AaABAg,,False,@l0vejasp,the mf body roll is so addicting they look so good,0,2021-08-24T14:25:16Z,2021-08-24T14:25:16Z
UgyJlkft0dKOuGfhsB94AaABAg,,False,@l0vejasp,seungmins kick on the floor was so satisfying,0,2021-08-24T14:24:46Z,2021-08-24T14:24:46Z
Ugz7L1uVQi7GyExjnEZ4AaABAg,,False,@l0vejasp,can we talk about how much they’ve improved tho like 🧍,0,2021-08-24T14:24:13Z,2021-08-24T14:24:13Z
UgzPXHg4oHoZLbWNHyh4AaABAg,,False,@l0vejasp,maknae duo ‼️,0,2021-08-24T14:23:56Z,2021-08-24T14:23:56Z
Ugz29XRqTw_nGNAr3t54AaABAg,,False,@이보석-w8c,Both THE BEST MANZ 🚶🏻‍♀️🫐💙,0,2021-08-24T14:07:50Z,2021-08-24T14:07:50Z
UgyYZUmMUZT7TpXiwdp4AaABAg,,False,@myHannie-kickflip,uwu😚,0,2021-08-24T14:07:22Z,2021-08-24T14:07:22Z
UgxK8g9Nt0RHaRzocLt4AaABAg,,False,@mini-qh6nn,뭐지.. 엄마 아기강아지랑 아기여우가 춤추면서 저 홀려요,0,2021-08-24T14:01:46Z,2021-08-24T14:01:46Z
UgziaQCVLiUouZ10hdd4AaABAg,,False,@jiminsthiccnjuicyasslips8292,Low quality but High quality Cutiees,0,2021-08-24T13:59:34Z,2021-08-24T13:59:34Z
UgyfZkDkSv6rhRlJqKl4AaABAg,,False,@のひ-v7v,マンネズ！,0,2021-08-24T13:30:50Z,2021-08-24T13:30:50Z
UgxYf7XoLturFu16oVl4AaABAg,,False,@yeseniagonzalezj625,❤❤,0,2021-08-24T13:22:35Z,2021-08-24T13:22:35Z
UgyiWiFhirjUmS71qvV4AaABAg,,False,@naz.s9,KURDISH STAY,0,2021-08-24T13:19:39Z,2021-08-24T13:19:39Z
UgwBMi9l6fkDROAVoxx4AaABAg,,False,@tugceokar350,MİNİN THE BEST ❤️‍🔥❤️‍🔥❤️‍🔥❤️‍🔥❤️‍🔥,0,2021-08-24T13:19:19Z,2021-08-24T13:19:19Z
UgzJJY-bp0ozxwV7TuV4AaABAg,,False,@hyunjin_stay_skz8501,Que hermosos,1,2021-08-24T13:15:44Z,2021-08-24T13:15:44Z
UgxAzHusVDRqjokH2X54AaABAg,,False,@bel4017,AY KSMQK QIE SON LINDDO,0,2021-08-24T13:13:40Z,2021-08-24T13:13:40Z
UgyXaiyNStY_GaAe_4F4AaABAg,,False,@shmisoyuyefmkdbjsjrjvkjani9071,uy stray kids,0,2021-08-24T13:12:11Z,2021-08-24T13:12:11Z
Ugyh7ZfbD2FRMkRlwT14AaABAg,,False,@こんにちは-g7c,Cool🆒,1,2021-08-24T13:06:44Z,2021-08-24T13:06:44Z
Ugw0OYrPZiELWrqxPeN4AaABAg,,False,@nicotina1563,♡,0,2021-08-24T13:05:32Z,2021-08-24T13:05:32Z
Ugwe0CTRrUSSq0i2az54AaABAg,,False,@anavasquez107,Ahahhah perfecto😍,0,2021-08-24T13:03:09Z,2021-08-24T13:03:09Z
Ugyr0YFwT4MUsH5NtjJ4AaABAg,,False,@mivkyfin,Seungmin 😭😭,0,2021-08-24T12:56:36Z,2021-08-24T12:56:36Z
UgyLlvOpBTMpj1ybI7h4AaABAg,,False,@naori1031,I.N's bodyroll is just everything🥵,1,2021-08-24T12:51:34Z,2021-08-24T12:51:34Z
Ugy-MnjYOYXrNjhDy9J4AaABAg,,False,@thatweirdfangirl15,They definitely deserve more appreciation for their dancing! They're so amazing,2,2021-08-24T12:49:25Z,2021-08-24T12:49:25Z
UgwttfJPGCSQmK_OiJZ4AaABAg,,False,@naori1031,THE CUTIES ARE ARRIVED,0,2021-08-24T12:48:11Z,2021-08-24T12:48:11Z
Ugx3_NolnPVjv10vr1R4AaABAg,,False,@dread_devil.01,Amazing  And It's Worth 😍😍,1,2021-08-24T12:41:19Z,2021-08-24T12:41:19Z
UgyYtXFwzhkZ21C3azd4AaABAg,,False,@LOAMEEE,Seungmin And I.N 💕,1,2021-08-24T12:38:25Z,2021-08-24T12:38:25Z
UgwI_vrcoMsUnqZb4Ad4AaABAg,,False,@skachesworld3106,I.N STRAY SNMIN😢😭🌷🌷🌷🌷🌷🌷🌷❤❤❤❤❤❤❤❤❤❤❤💋💋💋💋💋💋💋💋💋💋💋💋🌷🌷🌷🌷🌷🌷🌷🌷🌷🌷🌷🌷,0,2021-08-24T12:33:42Z,2021-08-24T12:33:42Z
UgxHOLLczVYKpQh8Aex4AaABAg,,False,@ابراهیمرحیمییگانه,سونگمینننن❤,0,2021-08-24T12:31:13Z,2021-08-24T12:31:13Z
UgyCOAaHzY-2_DJQ5Mh4AaABAg,,False,@MaryMC05,I.n i love ♥️,0,2021-08-24T12:31:11Z,2021-08-24T12:31:11Z
UgxmUJY0k4uRd1FiAJ94AaABAg,,False,@MaryMC05,I love stray Seugmin meu Bias 2 i love you ♥️,1,2021-08-24T12:30:45Z,2021-08-24T12:30:45Z
Ugyy4lUQKH23DAizY4B4AaABAg,,False,@raquelpinkchannel,CUTIES,0,2021-08-24T12:06:46Z,2021-08-24T12:06:46Z
UgwDY0mUUAy7PIjdYxJ4AaABAg,,False,@raquelpinkchannel,FOFOS,0,2021-08-24T12:06:40Z,2021-08-24T12:06:40Z
Ugxdv8JVsZciUvxFdl54AaABAg,,False,@moonyss2695,Plss they are so gracious 😩😩,0,2021-08-24T12:05:56Z,2021-08-24T12:05:56Z
UgzSyp4dJcrecGliF3F4AaABAg,,False,@tata4769,Wow!)),0,2021-08-24T11:59:52Z,2021-08-24T11:59:52Z
UgzbYKu_L1Ks8tpsG4t4AaABAg,,False,@잘힗,I LOVE EVERYTHING ABOUT THIS COMEBACK,0,2021-08-24T11:58:20Z,2021-08-24T11:58:20Z
UgyO2SZDYgLSOIEwHzB4AaABAg,,False,@noemi.p,It makes me smile sm seeing our Innie smiling and so happy🥺🥺🥺☺️,1,2021-08-24T11:56:33Z,2021-08-24T11:56:33Z
UgwfK3wqC7n_9XG9DrB4AaABAg,,False,@jjaystna_,q guapos mis hombres,0,2021-08-24T11:53:31Z,2021-08-24T11:53:31Z
UgwjSLDosAoN61nOEW14AaABAg,,False,@xos929,"Them: Casually presenting the vigorous dance moves
Me: I've lost belief from humanity 🙂",0,2021-08-24T11:52:05Z,2021-08-24T11:52:05Z
Ugz4MyYYxlvaClWOoz54AaABAg,,False,@MariaGarcia-gk2jv,Y love you,0,2021-08-24T11:49:58Z,2021-08-24T11:49:58Z
Ugxi4goP_xMQPn0RmtN4AaABAg,,False,@elciezar,Vamosss IN y Seunming  go go straykids world DOMINATION Argentina supports yours spiderwoman is here kisses,0,2021-08-24T11:46:04Z,2021-08-24T11:46:04Z
Ugz8tVXD_VgAPhPnn_p4AaABAg,,False,@bowowobouu,Again I.N's cute smile here too😭✨,31,2021-08-24T11:38:46Z,2021-08-24T11:38:46Z
UgxZxxFqWoV_TrRbAxV4AaABAg,,False,@믿음희망,한이 파트 챌린지도 좀 해주라,0,2021-08-24T11:33:41Z,2021-08-24T11:33:41Z
Ugwu5O3wdGWKwkQ5ksp4AaABAg,,False,@mereylim7637,Такие талантливые и красивые боже🤲❤,0,2021-08-24T11:27:06Z,2021-08-24T11:27:06Z
UgwIjJp3Ri_XZNyN2GZ4AaABAg,,False,@precyannpernites6293,Seungmin,0,2021-08-24T11:25:12Z,2021-08-24T11:25:12Z
UgxX2yuJXGBL6AhxeNZ4AaABAg,,False,@blancahernandez337,how cute,0,2021-08-24T11:25:10Z,2021-08-24T11:25:10Z
UgyI17BNaQkS44KH_Rh4AaABAg,,False,@tanjamanceva5392,💖💖💖💖,0,2021-08-24T11:18:49Z,2021-08-24T11:18:49Z
UgxUukUE9eYUgy-YlDB4AaABAg,,False,@purplebeach1562,SEUNGMIN looking like at I. N 😌he IS so proud,0,2021-08-24T11:17:41Z,2021-08-24T11:17:41Z
UgxyKYjCsn6JmRZo0854AaABAg,,False,@purplebeach1562,SEUNGMIN u will fall ur shoe laces are untied,0,2021-08-24T11:12:54Z,2021-08-24T11:12:54Z
Ugwd5p1KLLjE37N4hot4AaABAg,,False,@nolavre,Seungmin 😭 so cute,0,2021-08-24T11:08:44Z,2021-08-24T11:08:44Z
UgyLdzV4LO6exM6DKsl4AaABAg,,False,@nehirrrrr,Omg so cute🍭,1,2021-08-24T11:07:32Z,2021-08-24T11:07:32Z
UgwWa68gO_D0hu5dkER4AaABAg,,False,@canabo,BEST MAKNAESS,0,2021-08-24T11:07:19Z,2021-08-24T11:07:19Z
UgzsB1y67mEah7v4UuR4AaABAg,,False,@danagul3907,❤️❤️,0,2021-08-24T11:05:01Z,2021-08-24T11:05:01Z
UgzQCD9YOszwGrtmpYB4AaABAg,,False,@FallenAngel-i1g,New subscriber ❤️,0,2021-08-24T10:56:43Z,2021-08-24T10:56:43Z
UgzwR2H-ODqY65jxNnV4AaABAg,,False,@skylarsmth.,SEUNGMIN'S SWAG AND I.N'S DUALITY - Imma dead,90,2021-08-24T10:55:54Z,2021-08-24T10:55:54Z
Ugw9hE7UT2sIX8UfvOJ4AaABAg,,False,@byutipret,ayen cengar cengir terus kan gemesss😭💗💗💗,0,2021-08-24T10:54:48Z,2021-08-24T10:54:48Z
UgwFAC_aqWXSAP3fotx4AaABAg,,False,@chrissbabygirl,Perfect,0,2021-08-24T10:52:48Z,2021-08-24T10:52:48Z
Ugzuct02Mo3kqXJtvkp4AaABAg,,False,@eses277.7,"I.N and his smile, everything .",6,2021-08-24T10:51:52Z,2021-08-24T10:52:16Z
UgxhOzWFtpOyLF3O8Sx4AaABAg,,False,@menemenyemekistiyomben,UwU krizi,0,2021-08-24T10:50:17Z,2021-08-24T10:50:17Z
UgwrTHnCxxOC-NsABN14AaABAg,,False,@evaqis5201,The way they make it look easier-,0,2021-08-24T10:38:24Z,2021-08-24T10:38:24Z
UgzuD4-yerw5OpRBPeZ4AaABAg,,False,@leeknow3479,STRAY KINGS !!!!,0,2021-08-24T10:35:03Z,2021-08-24T10:35:03Z
Ugy9hQQQ4Z-mZ1mAV_14AaABAg,,False,@k.3191,スンミン💜ジョンイン💜,1,2021-08-24T10:24:39Z,2021-08-24T10:24:39Z
UgxZiWTwFfDvXJ9e5254AaABAg,,False,@iamcherryyw_,Deneme,0,2021-08-24T10:24:11Z,2021-08-24T10:24:11Z
UgwasEg22G6f42sdh454AaABAg,,False,@babybread1050,cuties,0,2021-08-24T10:23:44Z,2021-08-24T10:23:44Z
UgxcyXDM_MBkTXtUI4V4AaABAg,,False,@yooorina3388,Kings,1,2021-08-24T10:16:49Z,2021-08-24T10:16:49Z
UgypAjfhgKYCtzhVY854AaABAg,,False,@raween_are_roony,لطيفين 🥺,0,2021-08-24T10:12:44Z,2021-08-24T10:12:44Z
UgwhRilp9aiot_9W-Ft4AaABAg,,False,@raween_are_roony,💗🥺,0,2021-08-24T10:12:19Z,2021-08-24T10:12:19Z
UgxDNetuwFX14pZCim14AaABAg,,False,@jinkiret7,😭❤️,0,2021-08-24T10:10:14Z,2021-08-24T10:10:14Z
UgysFQ2IGaLqqKp7Svt4AaABAg,,False,@meritamustafa5935,Such cuties,0,2021-08-24T10:05:55Z,2021-08-24T10:05:55Z
UgyC9h9TsfPHV0r86PR4AaABAg,,False,@iqvaahmad9143,So handsome 😍,0,2021-08-24T10:04:48Z,2021-08-24T10:04:48Z
Ugzy48tKExr-lGIkJ4x4AaABAg,,False,@Ava_jungkook,공간아들은 너다 😭💗,0,2021-08-24T10:04:47Z,2021-08-24T10:04:47Z
UgxpfHcmjM8mXu0O7uJ4AaABAg,,False,@ttnabila1871,Cool,1,2021-08-24T09:44:21Z,2021-08-24T09:44:21Z
UgwymCF9eK5oNpL1jy14AaABAg,,False,@MintyMinho,"Seungmins never gonna see this, but his vocals in this album were the best I have ever heard in my life",864,2021-08-24T09:40:29Z,2021-08-24T09:40:29Z
UgwymCF9eK5oNpL1jy14AaABAg.9RQT910eTUa9klClt2BcRl,UgwymCF9eK5oNpL1jy14AaABAg,True,@STANSKZFORLIFE_07,He should she this 🥺,7,2023-01-11T22:48:33Z,2023-01-11T22:48:33Z
UgwymCF9eK5oNpL1jy14AaABAg.9RQT910eTUa9mdHiSDbzqU,UgwymCF9eK5oNpL1jy14AaABAg,True,@Bluee_Strawberries,Yeah he should really see this,8,2023-02-27T14:00:38Z,2023-02-27T14:00:38Z
UgwymCF9eK5oNpL1jy14AaABAg.9RQT910eTUaA-yJFE0HDfu,UgwymCF9eK5oNpL1jy14AaABAg,True,@yesiyulianti8269,"Seungmin please see this, and its true that you have a beautifull voice",2,2024-02-18T17:17:34Z,2024-02-18T17:17:34Z
UgwymCF9eK5oNpL1jy14AaABAg.9RQT910eTUaA0T-DAcmo20,UgwymCF9eK5oNpL1jy14AaABAg,True,@Diana-mt2ch,frrr,0,2024-03-02T00:38:14Z,2024-03-02T00:38:14Z
UgzxBTwlr2-28nj5KXR4AaABAg,,False,@baramgaebi8604,I LIKE THE CHOREOGRAPHY T-T..........,0,2021-08-24T09:24:10Z,2021-08-24T09:24:10Z
Ugz1M1QRvocxMKQOIyN4AaABAg,,False,@김초록-w6e,귀여웡~~~~~~,0,2021-08-24T09:15:51Z,2021-08-24T09:15:51Z
UgyiicuHVWFqGJM_D4R4AaABAg,,False,@carrie7079,seungmin's confidence is so attractive,0,2021-08-24T09:13:48Z,2021-08-24T09:13:48Z
UgyBqh4HtxhrmvBcDTh4AaABAg,,False,@chrisnallie8392,They do so well❤️,0,2021-08-24T09:13:33Z,2021-08-24T09:13:33Z
UgxJzX6Zhv_A3rn9ySh4AaABAg,,False,@Deletedddddddddddddddp,"seungmin's moves are so smooth, sharp, and graceful. I dont even know why he's the most underappreciated dancer of skz :(",99,2021-08-24T09:12:43Z,2021-08-24T09:12:43Z
UgxJzX6Zhv_A3rn9ySh4AaABAg.9RQPycTdWTA9qODL6oo9_6,UgxJzX6Zhv_A3rn9ySh4AaABAg,True,@bitchesBthirsty,"Compared to the other group members, these two did half of the movements. Their bodies hardly move, their vocals are amazing but they don't finish the dance moves, they half ass them .. that's why they aren't as popular for their dancing.",2,2023-05-31T18:20:05Z,2023-05-31T18:20:05Z
UgxJzX6Zhv_A3rn9ySh4AaABAg.9RQPycTdWTA9qf7deCxm5p,UgxJzX6Zhv_A3rn9ySh4AaABAg,True,@Ramyeonzforever,@@bitchesBthirstyjust because their dance style is softer than others that doesn’t mean they half-ass their own dance. They dance beautifully,11,2023-06-07T17:16:40Z,2024-06-18T00:17:17Z
UgxJzX6Zhv_A3rn9ySh4AaABAg.9RQPycTdWTAA-r_ctcZY-A,UgxJzX6Zhv_A3rn9ySh4AaABAg,True,@JohanaRuiz-b5e,Hermoso 💚 mañana tes espero con tu mensaje Despacito mi niño 👦 bonito la la la la la w24 ho mamá ho mamá 🎶 música un beso 😘 💋 para ti 🐻 oso la la la w24,0,2024-02-16T02:34:48Z,2024-02-16T02:34:48Z
UgyzgEFyzmGaDZ0EeUl4AaABAg,,False,@beyzskz4761,SEUNGİİİNNN,0,2021-08-24T09:11:28Z,2021-08-24T09:11:28Z
UgwMrTbub42F9fsFWkV4AaABAg,,False,@LoLoynamakistiyorum1965,ÇOK GÜZEEL,0,2021-08-24T09:11:13Z,2021-08-24T09:11:13Z
UgzY-kdaW5h71ULNr2J4AaABAg,,False,@spearmoonie,I really love Innie's smile and Minnie's style is so cool. I'm happy when you're happy guys. ❤,0,2021-08-24T09:05:35Z,2021-08-24T09:05:35Z
Ugwjq1eUG4GkWV4Xirx4AaABAg,,False,@kanishkaparekh5612,"They can't look serious even if they want to , this is one of the things I love about them 
They are too adorable 😍",152,2021-08-24T09:04:51Z,2021-08-24T09:04:51Z
UgyXDKTGGajmfwA6D2R4AaABAg,,False,@alyazyaeid1498,Love the dance,0,2021-08-24T09:00:42Z,2021-08-24T09:00:42Z
UgyUwkhkpoGcKmGknlZ4AaABAg,,False,@lino5256,I'm telling you guys Seungmin and I.N is the hidden ace of Stray kids,0,2021-08-24T08:59:41Z,2021-08-24T08:59:41Z
Ugz0BiGbmbRheR9Tcjd4AaABAg,,False,@straykidsstay6945,😍😍😍,0,2021-08-24T08:55:47Z,2021-08-24T08:55:47Z
UgwXisMW67ZpWrzTk_h4AaABAg,,False,@straykidsstay6945,😍😍😍,0,2021-08-24T08:55:06Z,2021-08-24T08:55:06Z
UgxAskOanKqbl5usElB4AaABAg,,False,@kulkassecondmasidingin629,Poni seungmin tuing tuing ih,0,2021-08-24T08:52:08Z,2021-08-24T08:52:08Z
UgxZ6rRi2w7GlhK24h94AaABAg,,False,@paolaarias5740,"Seungmin...¡! I love you 
STRAY KIDS WORLD DOMINATION ¡!¡ ahhh...",0,2021-08-24T08:50:31Z,2021-08-24T08:50:31Z
Ugxp47kjpjQxMDI7j4t4AaABAg,,False,@nlim6302,soo cute,0,2021-08-24T08:49:23Z,2021-08-24T08:49:23Z
UgzQQZqFhKZDvsDs2MZ4AaABAg,,False,@lixlino,JEONGIN'S SMILE 😭,1,2021-08-24T08:49:16Z,2021-08-24T08:49:16Z
UgwIjRUfSvqqq9OwluF4AaABAg,,False,@secretsecret5027,"I.N IS THE EXACT EXAMPLE OF: 
*KILLING U SOFTLY* 
i mean look at that smile ;) ...",1,2021-08-24T08:39:16Z,2021-08-24T08:39:16Z
UgxOsE2ROPsCMFnIXCF4AaABAg,,False,@mariak.7226,Love you so so much❤,0,2021-08-24T08:36:36Z,2021-08-24T08:36:36Z
Ugytc0WI1t7TI82Clv94AaABAg,,False,@neroflower6716,"The song:💥🔥🔪
Maknae line:😍🥰❤🤗",1,2021-08-24T08:34:40Z,2021-08-24T08:34:40Z
UgwgaExhDrFQPLsLmkl4AaABAg,,False,@sessizoyuncu5633,Turkey,0,2021-08-24T08:31:52Z,2021-08-24T08:31:52Z
UgzkcqLCA1_d1EPdVEx4AaABAg,,False,@seungmininthebldg,Vocalrachaaa,0,2021-08-24T08:30:27Z,2021-08-24T08:30:27Z
Ugz8jt9TxxjVxWTa5Ix4AaABAg,,False,@duh4152,Adamlarimiz,0,2021-08-24T08:27:29Z,2021-08-24T08:27:29Z
UgywMpAqN9ucpbalCt54AaABAg,,False,@StrayK8ds,Fake maknaes lol,0,2021-08-24T08:26:05Z,2021-08-24T08:26:05Z
UgwLAd8ccDWzubx2LCl4AaABAg,,False,@anniey.5209,The two youngest are such good partners always ❤️,2,2021-08-24T08:25:16Z,2021-08-24T08:25:16Z
UgwCz7dLs4ZZDZln0014AaABAg,,False,@carastay116,"I literally just watched Hyunjin and Felix’s... 
The difference 😭
The maknaes are adorable 🥺",2,2021-08-24T08:20:31Z,2021-08-24T08:20:31Z
UgzGE9fTYlzZcerNXdZ4AaABAg,,False,@kimnamjoon6881,Love you jeongmin you are so cute,0,2021-08-24T08:19:34Z,2021-08-24T08:19:34Z
UgyRk3lUytkvjc-UIsB4AaABAg,,False,@xiomistay8912,I LOVE SEUNGMIN,0,2021-08-24T08:19:14Z,2021-08-24T08:19:14Z
Ugw6RCC3yuqkSK5sxIx4AaABAg,,False,@xiomistay8912,I LOVE I.N,0,2021-08-24T08:19:03Z,2021-08-24T08:19:03Z
UgxtP12UJCXpiESxpDt4AaABAg,,False,@lovestay7782,VOCALRACHA EVERYONE,0,2021-08-24T08:18:59Z,2021-08-24T08:18:59Z
Ugztdsx7k7ANwd8socR4AaABAg,,False,@skzfairy08,The way I.N Oppa always smiles.....He is so precious....,1,2021-08-24T08:18:50Z,2021-08-24T08:18:50Z
UgztLudquGYtC-I4Q8N4AaABAg,,False,@skzfairy08,Our Maknae's killed it ....They are the cutest,0,2021-08-24T08:17:55Z,2021-08-24T08:17:55Z
UgyTpR_PdfaPn7Wp7qt4AaABAg,,False,@esra5995,Öldüreceniz beni bir gün,0,2021-08-24T08:15:04Z,2021-08-24T08:15:04Z
UgzfBaGQWFuxsxqOitd4AaABAg,,False,@valenxchan,SO CUTE,1,2021-08-24T08:04:30Z,2021-08-24T08:04:30Z
Ugx5yvqhf7q4fc5zIcJ4AaABAg,,False,@iamarmytinyctzentheb,The difference between this and the one for Felix and Hyunjin is universe apart,0,2021-08-24T08:00:29Z,2021-08-24T08:00:29Z
UgyQ0a8IH9zFhcFPWfh4AaABAg,,False,@mintpudding7908,I'm using this short clip for streaming,0,2021-08-24T07:55:41Z,2021-08-24T07:55:41Z
UgzPDK0LFQ0xHBOBiD14AaABAg,,False,@peanutbuttersandwich2204,Maknaes supremacy,0,2021-08-24T07:49:53Z,2021-08-24T07:49:53Z
UgxE1F2gjAG0OEZPEMd4AaABAg,,False,@nandazz10,cuteeee,0,2021-08-24T07:48:47Z,2021-08-24T07:48:47Z
UgyZFH4vuo0Zt-btGVR4AaABAg,,False,@fatimadjamaliahmed5420,🇨🇵🇨🇵🇨🇵🇨🇵,0,2021-08-24T07:44:32Z,2021-08-24T07:44:32Z
UgytIrqTX2Rfd_J0Gjp4AaABAg,,False,@iallcolors1349,NICE,0,2021-08-24T07:41:04Z,2021-08-24T07:41:04Z
UgwhnL-3ujumuNRyOYF4AaABAg,,False,@iallcolors1349,HOOT,0,2021-08-24T07:41:00Z,2021-08-24T07:41:00Z
UgxWrAR-cJvojzj566x4AaABAg,,False,@iallcolors1349,OMGGGG,0,2021-08-24T07:40:52Z,2021-08-24T07:40:52Z
Ugx4D9h_Y10_hGBE4EF4AaABAg,,False,@iallcolors1349,LV UUUUU,0,2021-08-24T07:40:48Z,2021-08-24T07:40:48Z
UgzGotkMWZw_nh8CBKV4AaABAg,,False,@iallcolors1349,Yeees,0,2021-08-24T07:40:43Z,2021-08-24T07:40:43Z
UgxDEh651qla9fc_TXp4AaABAg,,False,@anamariamete8076,Los amo💗💗💗💗,0,2021-08-24T07:39:25Z,2021-08-24T07:39:25Z
UgwvkMvIkR3Bd29X3QJ4AaABAg,,False,@maral8852,Wowww💓💓,0,2021-08-24T07:38:44Z,2021-08-24T07:38:44Z
UgwyONehD3fxF-7r8ih4AaABAg,,False,@ozzac90,Final 😂💕,0,2021-08-24T07:38:24Z,2021-08-24T07:38:24Z
Ugxg5fHdaDFCZ0v_Gd14AaABAg,,False,@Janne_Ruby,"How cute they are both, I love them ❤️",0,2021-08-24T07:34:59Z,2021-08-24T07:34:59Z
UgydSzOzGoOZQEOKwuN4AaABAg,,False,@serra9409,<3,0,2021-08-24T07:34:11Z,2021-08-24T07:34:11Z
Ugwhs1ioiRk6AtSaW_F4AaABAg,,False,@MissKimAsh,The smoothness ... Damn,0,2021-08-24T07:33:38Z,2021-08-24T07:33:38Z
UgwtHXpIVokq6XAlRNd4AaABAg,,False,@danielaprettykatseye,"SEUNGMIN  MI VIDA TE LUCISTE EN ESTA CANCION , TE DIERON MAS INTERACIONES Y LINEAS [estoy tan orgullosa de ti] pero I.N no se queda atras , altos visuales y vocales q se cargan , son increibles",0,2021-08-24T07:33:36Z,2021-08-24T07:36:08Z
UgwqziQ_Jty-pAucu3N4AaABAg,,False,@ch4eb977,maknaes <3,0,2021-08-24T07:33:23Z,2021-08-24T07:33:23Z
UgwwmrN6ruPErjVtXAB4AaABAg,,False,@danielaprettykatseye,HABRAN PASO QUE LLEGARON LOS REYES VOCALES,0,2021-08-24T07:32:02Z,2021-08-24T07:32:02Z
Ugw8SdRZQXs4ge20VVZ4AaABAg,,False,@esara_.01,"I love you Wang Jeongin, I know that all you worked so so hard, and we are with you Stray Kids everywhere all around the world,  I love you all, you did it so good , excellent work and thanks for be my inspiration.  Kisses👏🏻👏🏻👏🏻❤❤",1,2021-08-24T07:31:59Z,2021-08-24T07:31:59Z
Ugw-uKBFtm3iNXCpPOR4AaABAg,,False,@yoonjikoh1677,귀염둥이들 사랑해💙,0,2021-08-24T07:31:33Z,2021-08-24T07:31:33Z
Ugz9shCc4Q52zCdyOYF4AaABAg,,False,@penelopesmallwood5631,Yesss the maknaes 😁😁,0,2021-08-24T07:22:11Z,2021-08-24T07:22:11Z
UgyKti1-irlYoySBqMB4AaABAg,,False,@TeaNoSuga,i see the kim seungmin hot agenda is still thriving😏,0,2021-08-24T07:21:48Z,2021-08-24T07:21:48Z
UgyqgK7cR57Hqnn2KMp4AaABAg,,False,@celiaeymeri8715,OMG SO GOOD,0,2021-08-24T07:18:56Z,2021-08-24T07:18:56Z
Ugw6PHNPvREEcvZyHyB4AaABAg,,False,@ohmicky2270,승민이 힙강쥐 사랑해,0,2021-08-24T07:17:43Z,2021-08-24T07:17:43Z
UgynumrOSoDhcmtx0mZ4AaABAg,,False,@ohmicky2270,댕댕이 진짜 너무 귀여워 ㅠㅠ♥,0,2021-08-24T07:17:02Z,2021-08-24T07:17:02Z
UgzBMUmFwzDpegnkS_Z4AaABAg,,False,@aishaayad67,"Sungmo & IN Very good dancer 
My lover Mackne line ♡ ♡",0,2021-08-24T07:15:30Z,2021-08-24T07:15:30Z
UgyqlEOwQDKL69y-qPp4AaABAg,,False,@0325lvr,the only part that i can do is the barababam part 😭,0,2021-08-24T07:12:43Z,2021-08-24T07:12:43Z
Ugx-tLaT_APRKbl9wh94AaABAg,,False,@cherrii_fypedia,babies,0,2021-08-24T07:09:10Z,2021-08-24T07:09:10Z
Ugzz8lyuhmIbe3FYUR54AaABAg,,False,@leeruda5766,Maknaes❤️,0,2021-08-24T07:08:31Z,2021-08-24T07:08:31Z
UgzEd_Go9hogqgD5sTZ4AaABAg,,False,@claudiapad9432,I LOVE YOU GUYS 🧁🧁,0,2021-08-24T07:07:29Z,2021-08-24T07:07:29Z
Ugyp1doH0TxIWWKn39N4AaABAg,,False,@matchalino5277,"our vocalracha maknaes improved so much in this album, im proud of you both <3",3,2021-08-24T07:07:10Z,2021-08-24T07:07:10Z
UgwZQ_GXPjd5uDqg3_R4AaABAg,,False,@harteubiteuu,This is... PERFECT,0,2021-08-24T07:01:55Z,2021-08-24T07:01:55Z
Ugx6HE7QsEhPLeFw8tZ4AaABAg,,False,@starrysky4216,how tf did they make that dance look so easy,0,2021-08-24T06:59:36Z,2021-08-24T06:59:36Z
Ugw-z8v-BU6kmmzZwMN4AaABAg,,False,@an2834,Them smiling while dancing just added 100 years to my lifespan,26,2021-08-24T06:57:03Z,2021-08-24T06:57:03Z
UgzK8gmqgqzkVBGDfch4AaABAg,,False,@zelihademirkan3761,🖤🖤🖤🖤🖤🖤🖤🖤🖤🖤🖤🖤🖤🖤🖤🖤🖤🖤🖤🖤🖤🖤🖤🖤🖤🖤🖤🖤🖤🖤🖤🖤🖤🖤🖤🖤🖤🖤🖤🖤🖤🖤🖤🖤🖤🖤🖤🖤🖤🖤🖤🖤🖤🖤🖤🖤🖤🖤🖤🖤,0,2021-08-24T06:49:06Z,2021-08-24T06:49:06Z
Ugws4ViHMKLG509B_394AaABAg,,False,@zelihademirkan3761,💛💛💛💛💛💛💛💛💛💛💛💛💛💛💛💛💛💛💛💛💛💛💛💛💛💛💛💛💛💛💛💛💛💛💛💛💛💛💛💛💛💛💛💛💛💛💛💛💛💛💛💛💛💛💛💛💛💛💛💛,0,2021-08-24T06:48:48Z,2021-08-24T06:48:48Z
UgxdVIyPWJsQIvU7BMh4AaABAg,,False,@아샤-u1y,❤❤❤❤🔥🔥🔥🔥,0,2021-08-24T06:48:01Z,2021-08-24T06:48:01Z
Ugyjc7C31PeGjiWRuVh4AaABAg,,False,@minsunqs2517,they’re holding their laugh and smile 🥺,0,2021-08-24T06:42:30Z,2021-08-24T06:42:30Z
UgwEz3JfuqE2H474OdN4AaABAg,,False,@jeongin9070,So cute.,0,2021-08-24T06:42:11Z,2021-08-24T06:42:11Z
UgznHhrKVtpUxMSKdoF4AaABAg,,False,@안녕-z4u4k,0:05,0,2021-08-24T06:39:19Z,2021-08-24T06:39:19Z
UgxEnFa7G9pQ8y6dyFh4AaABAg,,False,@shaidelyngastaldi2242,Mis Maknaes! *carita tierna,0,2021-08-24T06:35:23Z,2021-08-24T06:35:23Z
Ugyn5Z_7yD0Czng3p2p4AaABAg,,False,@jeon-hoseok8026,Crecen tan rapido :'),0,2021-08-24T06:33:34Z,2021-08-24T06:33:34Z
Ugwtdf-_iBt5cb_3nQx4AaABAg,,False,@hope7295,My lovely boys,0,2021-08-24T06:33:27Z,2021-08-24T06:33:27Z
UgyFf-pzHHLYjgpHNCh4AaABAg,,False,@mistletoe.2613,los amo bye,0,2021-08-24T06:33:01Z,2021-08-24T06:33:01Z
UgzOwFIZC_0XJEj1BrN4AaABAg,,False,@pixxie0,I love their outfits for this song,0,2021-08-24T06:30:58Z,2021-08-24T06:30:58Z
UgyUii4pzb4T8QUqYUl4AaABAg,,False,@sulagnasil7394,Seungmin and I.N 🥰🥰🤩🤩😍😍,0,2021-08-24T06:28:56Z,2021-08-24T06:28:56Z
Ugwr4YUmK-iGhpgGvcV4AaABAg,,False,@jeon-hoseok8026,Me encanta el baile ♡ aaaaaa I LOVE I.N AND SEUNGMIN !!!!!,0,2021-08-24T06:27:20Z,2021-08-24T06:27:20Z
UgxyJuSMVGRdqnOWbHN4AaABAg,,False,@jeon-hoseok8026,LOS AMOOOOOOO I.N ♡ SEUNGMIN ♡,0,2021-08-24T06:24:13Z,2021-08-24T06:24:13Z
UgywyKACYP7qtOK2lu54AaABAg,,False,@trishplusmama,My loves ❤️,0,2021-08-24T06:21:07Z,2021-08-24T06:21:07Z
UgyLCSpAKBqSXVNAzjd4AaABAg,,False,@glikmn8666,Love you  guys so much,0,2021-08-24T06:21:01Z,2021-08-24T06:21:01Z
Ugy4PXwK04amfYRJKt54AaABAg,,False,@XxDarkSoulxX_,It's easy for them 💖💖,1,2021-08-24T06:18:22Z,2021-08-24T06:18:22Z
UgzIy7zu9nbEY6S7DVJ4AaABAg,,False,@Khongthichnghe,Ahhhh,0,2021-08-24T06:15:12Z,2021-08-24T06:15:12Z
UgyFTIQi4Vpaq5q8D6V4AaABAg,,False,@bungacitralestari7496,I love you,0,2021-08-24T06:14:21Z,2021-08-24T06:14:21Z
Ugx6wFkWH6R4TUmIQxV4AaABAg,,False,@jojorputri9119,Always cute!!!!,0,2021-08-24T06:14:02Z,2021-08-24T06:14:02Z
Ugy5IirIOi8TZwtjOBd4AaABAg,,False,@moontaha6066,"BANG BANG BANG BOOOM ....
KEEP ON DANCING , WE DONT PLAY BY THE RULES ....",0,2021-08-24T06:09:14Z,2021-08-24T06:09:14Z
UgzLOm1vRVhCP1hEPkt4AaABAg,,False,@sunainabarua7189,Please he's so cuteee I can't - 😭,0,2021-08-24T06:07:43Z,2021-08-24T06:07:43Z
UgxOIsXhqxUU3NSxbZF4AaABAg,,False,@guadalupeflores9946,cuteeee,0,2021-08-24T06:05:22Z,2021-08-24T06:05:22Z
UgzKyKEanQlZUPCkJDt4AaABAg,,False,@keila2948,pls i love this duo,0,2021-08-24T06:04:37Z,2021-08-24T06:04:37Z
Ugz8dP_RXK60Rkxzpgd4AaABAg,,False,@yagurldodo,man... if i did that drop my knees will literally burst :( the choreo looks so GOOOD,2,2021-08-24T06:04:25Z,2021-08-24T06:04:25Z
UgxorqOjmE4RzvZ2wup4AaABAg,,False,@ellemin6301,OUR CUTIE MAKNAE SEUNGMIN AND JEONGIN,0,2021-08-24T06:04:20Z,2021-08-24T06:04:20Z
Ugx2Be8FRq6sT2_jHfZ4AaABAg,,False,@justinemaecarino2001,CUTIES JEONGIN AND SEUNGMIN <333,0,2021-08-24T06:01:23Z,2021-08-24T06:01:23Z
UgwAZGbYU-97-q9xzC14AaABAg,,False,@LolaArbol,Maknae Line! i luv u sm,0,2021-08-24T05:59:20Z,2021-08-24T05:59:20Z
Ugzhg-k2apzjWNMsyrt4AaABAg,,False,@영영-u9u,우리 강아지랑 아기빵 ㅠㅅㅠ 막내즈 넘넘 예뻥용 아강이들 이번 컴백 대박나자 다치지말구 파이팅❤️,2,2021-08-24T05:58:34Z,2021-08-24T05:58:34Z
UgznuPw6GKEh_3DUH994AaABAg,,False,@safaalum,"WHY? WHY DO THEY MAKE THIS LOOK SO EASY OMG BYE SKSKSK IF I TRY I WILL PROBABLY BREAK MY ENTIRE SPINAL CHORD OR SOMETHING
AND THESE 2 MAKNAES ARE TOO CUTE ILL DIE SKKSK",0,2021-08-24T05:57:12Z,2021-08-24T05:57:12Z
UgwyNGEc2teASLhMPdp4AaABAg,,False,@kloshfiedalan208,Seungmin's shoelaces pleaaase,0,2021-08-24T05:56:18Z,2021-08-24T05:56:18Z
UgwQQl2UOIPdqOEQq5l4AaABAg,,False,@straykidshyjin1145,Perfect dancer,0,2021-08-24T05:54:01Z,2021-08-24T05:54:01Z
UgyDT1yInNlI0PBOwJR4AaABAg,,False,@love.music4ever,Maknae line😍cute vocal line,0,2021-08-24T05:53:03Z,2021-08-24T05:53:03Z
UgxXBREuR6ImkuO2BcV4AaABAg,,False,@joyhan2767,Our vocal racha slaying as always,0,2021-08-24T05:50:47Z,2021-08-24T05:50:47Z
UgwQdHi4EdmKEBjdTUJ4AaABAg,,False,@vivianaketaren,Wow,0,2021-08-24T05:49:51Z,2021-08-24T05:49:51Z
UgxJR66xRKKR5-ljoUV4AaABAg,,False,@vivianaketaren,Amazing,0,2021-08-24T05:49:47Z,2021-08-24T05:49:47Z
UgwwpFoIJNgw1BsflZ14AaABAg,,False,@vivianaketaren,Mereka sangat bagus,0,2021-08-24T05:49:43Z,2021-08-24T05:49:43Z
UgyZttqA3UiOEe3WNSJ4AaABAg,,False,@vivianaketaren,Amazing stay,0,2021-08-24T05:49:35Z,2021-08-24T05:49:35Z
UgzFPELaBysOLmgvByF4AaABAg,,False,@chanthanoss2909,Minsung everywhere all around the world,0,2021-08-24T05:49:10Z,2021-08-24T05:49:10Z
Ugx6cLF9X4WVZtGBGuV4AaABAg,,False,@JanetArogundade,I.N smiling. Seungmin looking so good. 😍,0,2021-08-24T05:48:21Z,2021-08-24T05:48:21Z
Ugwp573oYhRgJV_YT8J4AaABAg,,False,@Саулебренд,Ideal boys❤,0,2021-08-24T05:47:54Z,2021-08-24T05:47:54Z
UgwPayyyF568eBo8zwl4AaABAg,,False,@이영희-s3y7d,이번 노래 춤도 너무 좋아요ㅜㅠ❤,2,2021-08-24T05:46:54Z,2021-08-24T05:46:54Z
UgxJOCvtbfYMz0hbvvd4AaABAg,,False,@felixinkebab899,MAKNEA LİNE MÜKEMMELSİNİZ,0,2021-08-24T05:40:44Z,2021-08-24T05:40:44Z
Ugy4N4tSms0Qfiaat594AaABAg,,False,@niayaa21,Seungin improved a lot!! I'm so proud,8,2021-08-24T05:39:50Z,2021-08-24T05:39:50Z
Ugw7OCr6Qy4DEVZCRnZ4AaABAg,,False,@aanyamishra8170,Wait what was that did u see that precious smiles of them,0,2021-08-24T05:35:59Z,2021-08-24T05:35:59Z
UgzZQYTiQMcuQEDlvNV4AaABAg,,False,@treasure-ti8ne,Maknae line😍😍😍😎😎😎,0,2021-08-24T05:31:58Z,2021-08-24T05:31:58Z
UgxKR2Ajs3k9nSxZ8154AaABAg,,False,@esmeninhysu573,mis dos bias juntos omg los amo<3,0,2021-08-24T05:30:49Z,2021-08-24T05:30:49Z
UgyFVeZTDC37sSe-QtJ4AaABAg,,False,@nominerdeneby5331,huurhunn In❤,0,2021-08-24T05:28:53Z,2021-08-24T05:28:53Z
UgxmpSpKrAlkMITz9IV4AaABAg,,False,@stay9518,Amazing,0,2021-08-24T05:26:28Z,2021-08-24T05:26:28Z
UgwUsjIpPdLIQWtoOKR4AaABAg,,False,@stay9518,Cute,0,2021-08-24T05:26:23Z,2021-08-24T05:26:23Z
UgyGvbZfI29NrvStivV4AaABAg,,False,@rihannarollings,AAAAAHAJDJSKKD,0,2021-08-24T05:22:38Z,2021-08-24T05:22:38Z
UgxbwvlvP-Mc49BWKCl4AaABAg,,False,@vitamin9225,❤️❤️,0,2021-08-24T05:21:34Z,2021-08-24T05:21:34Z
UgyLXwC27hNpOnNu4dB4AaABAg,,False,@user-je2tq8ji2e,💙,0,2021-08-24T05:20:41Z,2021-08-24T05:20:41Z
Ugzi-i2mmIrHiTHaS1F4AaABAg,,False,@skzanarchist,I absolutely love the choreography at hyunjin's *OOH PARABAMM*,2,2021-08-24T05:18:11Z,2021-08-24T05:18:11Z
UgzV9fAtOU4hSc4f1tl4AaABAg,,False,@rooneyss7652,Cute ❤,0,2021-08-24T05:17:35Z,2021-08-24T05:17:35Z
Ugx-3ybXHl5_J32C7OZ4AaABAg,,False,@gemmaz.v1573,"Idk why But This Seungmin reminds me of the Seungmin of District 9, with reddish hair I love it smm",0,2021-08-24T05:16:02Z,2021-08-24T05:16:02Z
Ugy4hd_eE7KAZ4aHNp54AaABAg,,False,@YUNIVERSE08,천둥 하면서 웨이브 타는 부분 나만 좋은건가,0,2021-08-24T05:15:48Z,2021-08-24T05:15:48Z
UgzqP6aN8bzOd-WCMkl4AaABAg,,False,@transcendentallll,❤️stray kids comeback stronger than any thunder!,0,2021-08-24T05:14:32Z,2021-08-24T05:14:32Z
UgyvnnPrHvX566_Px3h4AaABAg,,False,@camilalazcano2506,I.N dances so well,0,2021-08-24T05:14:04Z,2021-08-24T05:14:04Z
Ugxd9PrU_QO89xc-19p4AaABAg,,False,@bestminarista-myouimina217,Maknaes♡,0,2021-08-24T05:13:33Z,2021-08-24T05:13:33Z
Ugyl-wsIBECnGfkOtLt4AaABAg,,False,@fatemehseyedi5357,Cuteeee,0,2021-08-24T05:13:11Z,2021-08-24T05:13:11Z
UgydHPL6GNOEEBdA3nJ4AaABAg,,False,@elliscristina3431,Stray kids everywhere all around the world 🌎🇧🇷♥️,0,2021-08-24T05:12:45Z,2021-08-24T05:12:45Z
UgyGVSfLQ0GvENlnfy54AaABAg,,False,@elliscristina3431,Lindos,0,2021-08-24T05:11:38Z,2021-08-24T05:11:38Z
Ugyxu4xOSQhODjl-5Ml4AaABAg,,False,@shereenvanschoor3456,Our vocalracha and maknie line,0,2021-08-24T05:11:17Z,2021-08-24T05:11:17Z
UgzTaM0dJFhh_r3B7ah4AaABAg,,False,@skzpopper,ايان كالعاده طالع كيوت,0,2021-08-24T05:09:39Z,2021-08-24T05:09:39Z
Ugw44pNdpZ8Xg1iOnbJ4AaABAg,,False,@autumnaeri9619,Their duality between this and the mv is insane. I freaking love this comeback.,11,2021-08-24T05:09:21Z,2021-08-24T05:09:21Z
Ugz7zxet8S4-46NVg5V4AaABAg,,False,@galanthus03,I.N's smile🥺♥️,0,2021-08-24T05:08:51Z,2021-08-24T05:08:51Z
UgzdzBy5fHeU5Nv4TMN4AaABAg,,False,@Cecilia-rn7nu,so cute!!😍😍😍💙💙💙💙💙,1,2021-08-24T05:08:49Z,2021-08-24T05:08:49Z
UgwRGGzM5tpYqtyo-894AaABAg,,False,@hyunzales524,Wow <3,0,2021-08-24T05:08:36Z,2021-08-24T05:08:36Z
Ugzw2zCdQd57dBS5pOd4AaABAg,,False,@moonboonn,❤😍,0,2021-08-24T05:05:04Z,2021-08-24T05:05:04Z
UgzM_13uz16P_JWg6Dp4AaABAg,,False,@moonboonn,❤😍,0,2021-08-24T05:05:02Z,2021-08-24T05:05:02Z
UgzYsL0wFKY65zNXSnR4AaABAg,,False,@moonboonn,❤😍,0,2021-08-24T05:05:01Z,2021-08-24T05:05:01Z
Ugzp8xF1odNkUJkiqZh4AaABAg,,False,@moonboonn,❤😍,0,2021-08-24T05:04:59Z,2021-08-24T05:04:59Z
Ugy9l97Ytqe5Lkyor7B4AaABAg,,False,@moonboonn,❤😍,0,2021-08-24T05:04:56Z,2021-08-24T05:04:56Z
UgynmwYAE4V0OYqGepd4AaABAg,,False,@moonboonn,❤😍,0,2021-08-24T05:04:54Z,2021-08-24T05:04:54Z
UgxUNRD-alrfxN0w4ed4AaABAg,,False,@dina.6499,💖💖💖💖💖💖💖💖💖💖💖💖💖💖💖💖💖💖💖💖💖💖💖💖💖💖💖💖💖💖💖💖💖💖💖💖💖💖💖💖💖💖💖💖💖💖💖💖💖💖💖💖💖💖💖💖💖💖💖💖,0,2021-08-24T05:04:00Z,2021-08-24T05:04:00Z
UgxpGEQuNTqXHjqdlaB4AaABAg,,False,@tk-pop874,Hermosos Únicos I.N Y SEUNGMIN~SKZ❤️✨,6,2021-08-24T05:01:10Z,2021-08-24T05:01:10Z
Ugybvcw8pwiQ-qWkv-B4AaABAg,,False,@ivelissedoriszuritacaldero1538,ayyyy que tiernos se ven los mejores vocales LOS AMO,1,2021-08-24T05:00:03Z,2021-08-24T05:00:03Z
UgwDKj11lOf7on0qb0Z4AaABAg,,False,@charveskz1219,Los maknaes 🥺💕💕💕💕,0,2021-08-24T04:58:54Z,2021-08-24T04:58:54Z
UgythpLigHspVF4ELt94AaABAg,,False,@babblebunny,im so proud 😭♥️,0,2021-08-24T04:56:33Z,2021-08-24T04:56:33Z
Ugwh2_qnHAgkDGWY96B4AaABAg,,False,@staalost,Aaaaaaaaaaaaaàaaaaaaaaaaaaaaaaaaaaaaaaaaaaaaaaaaaaaaaaaaaaaaaaaaaaaaaaaaaaaaa,0,2021-08-24T04:56:33Z,2021-08-24T04:56:33Z
Ugxl2tcjkqq85Y0Xfht4AaABAg,,False,@슈퍼킹카우베이비tv-c2i,킹랑스러워,0,2021-08-24T04:55:53Z,2021-08-24T04:55:53Z
UgzIQXhoB2s50Ax403d4AaABAg,,False,@MariaVictoria-to4rb,cutes,0,2021-08-24T04:55:00Z,2021-08-24T04:55:00Z
UgytnFZCUX952sah2c14AaABAg,,False,@alexialv,The maknae line😭,0,2021-08-24T04:54:35Z,2021-08-24T04:54:35Z
UgxMbGqFuLIDlz7gqm14AaABAg,,False,@pnj8931,Ulteables,0,2021-08-24T04:54:09Z,2021-08-24T04:54:09Z
Ugw4AKfx0_4GRBZohNt4AaABAg,,False,@aie6633,Why is this SO CUTE!? 🤡,7,2021-08-24T04:52:04Z,2021-08-24T04:52:04Z
UgxECjBooYnJoaGco8x4AaABAg,,False,@hannie4407,"Los maknae tan bellos y hermosos como siempre, son muy lindos, preciosos, tiernos, ay amo esta canción y los oufits de los chicos ni que hablar, simplemente WOW!!",18,2021-08-24T04:51:55Z,2021-08-24T04:51:55Z
UgyLzZaQl-hVqisbvKZ4AaABAg,,False,@damarislaureles3527,Los más bebés jsjsjs,0,2021-08-24T04:51:43Z,2021-08-24T04:51:43Z
UgxQOXeQty9QXEhJphl4AaABAg,,False,@shelli8161,Cuties😍😍😍😍,0,2021-08-24T04:51:24Z,2021-08-24T04:51:24Z
UgyibVVhVVJ7X5guPzV4AaABAg,,False,@nyxrhi,Stay Ya estamos apunto de llegar a los 10M Sigamos ^^!!!,0,2021-08-24T04:50:19Z,2021-08-24T04:50:19Z
UgyAlwvO-fFBrjfGbtV4AaABAg,,False,@tchstaystraykids9880,M E S M I R I Z I N G,0,2021-08-24T04:49:12Z,2021-08-24T04:49:12Z
UgyYCVrIzUaflYy5uKp4AaABAg,,False,@liveforyoonsic3615,The two cuties dancing,0,2021-08-24T04:48:32Z,2021-08-24T04:48:32Z
Ugxb46OIxP6OAYj-FbZ4AaABAg,,False,@angelm4802,Улыбка Чонина исцеляет души💙,0,2021-08-24T04:48:17Z,2021-08-24T04:48:17Z
UgwhfSPCEMwAobrJ12l4AaABAg,,False,@КатяМуравьева-ь3ч,best boys ever,0,2021-08-24T04:48:06Z,2021-08-24T04:48:06Z
UgxU0uHEyWriltt3nmh4AaABAg,,False,@bacteriafelix9451,Stays keep on commenting while streaming or watching the mv !! This will be advantageous in both ways!!,1,2021-08-24T04:47:01Z,2021-08-24T04:47:01Z
UgyrlwubFJqQtfMJSil4AaABAg,,False,@arigun131,Go maknaes Go maknaes,0,2021-08-24T04:44:20Z,2021-08-24T04:44:20Z
UgwObpEttePQSjWnFuh4AaABAg,,False,@gabrielabarbosa4755,NO ONE DOES LIKE STRAY KIDS,0,2021-08-24T04:41:16Z,2021-08-24T04:41:16Z
UgwzEzK13tpL5s53y354AaABAg,,False,@gabrielabarbosa4755,KINGS,0,2021-08-24T04:41:07Z,2021-08-24T04:41:07Z
UgxLIGyF1q3O73G8MQV4AaABAg,,False,@gabrielabarbosa4755,YESSS BABIEEES,0,2021-08-24T04:41:01Z,2021-08-24T04:41:01Z
UgzfkNq5-VIP12B3I9J4AaABAg,,False,@zariposamosa,"Seungmin though-

He be-",0,2021-08-24T04:39:05Z,2021-08-24T04:39:05Z
UgyQi12l4gaOJfPpI6J4AaABAg,,False,@shehud6685,"Am I the only one who gotten super wrecked by these two especially I.N, like dude stay in your lane I can't be disloyal to Binnie",0,2021-08-24T04:37:02Z,2021-08-24T04:37:02Z
Ugxk9SxTX7DiJ3N3ocB4AaABAg,,False,@seodanmi,Reyes ♥️,0,2021-08-24T04:34:11Z,2021-08-24T04:34:11Z
UgxaGQ2flBlQMQV9dHx4AaABAg,,False,@hugleeknow4703,"SON MUY TIERNOS, LOS AMO MIS NIÑOS",0,2021-08-24T04:33:18Z,2021-08-24T04:33:18Z
UgyxGsjKusfbmy00SuR4AaABAg,,False,@valeria8186,TREMENDA CANCIÓN,0,2021-08-24T04:31:57Z,2021-08-24T04:31:57Z
Ugz8_uOE_fXHKWK5aN14AaABAg,,False,@giie,Yuhhhh I.N hit those body rolls 😩😩😩😭✨,0,2021-08-24T04:31:56Z,2021-08-24T04:31:56Z
UgzWxzKX2ItBX6NxIpB4AaABAg,,False,@vedalakshmi2407,"I can’t stop watching these cute puppies videos
Just kidding 
I don’t know if I’m considered as a stay or not ,( I don’t follow them regularly)
But I.N grew up so much and Seungmin is still our puppy.",1,2021-08-24T04:30:00Z,2021-08-24T04:30:00Z
UgwG5pXo0TxwPo6UNkh4AaABAg,,False,@danielamichelle5341,"Nuestros niños ya crecieron, repito nuestros niños ya crecieron *soy lagrimas",0,2021-08-24T04:28:41Z,2021-08-24T04:28:41Z
UgztjWRl4248yeswsJh4AaABAg,,False,@samanthacastillo5077,"Seungminnn y IN, el duo perfecto :)",2,2021-08-24T04:28:27Z,2021-08-24T04:28:27Z
UgxFHVoAlC0truBKPgB4AaABAg,,False,@R2debo_,"REYESOTES, LOS AMO SE MERECEN LO MEJOR <3",6,2021-08-24T04:27:44Z,2021-08-24T04:27:44Z
UgwoKzLJSvGLPlnx4Yd4AaABAg,,False,@neobongzzz,LINDOS,0,2021-08-24T04:26:06Z,2021-08-24T04:26:06Z
Ugz8rarmflLcT2bvkv94AaABAg,,False,@kanglisa260,I have to learn this dance!!!,0,2021-08-24T04:25:56Z,2021-08-24T04:25:56Z
UgzyXNR0imZe7FCc2uZ4AaABAg,,False,@Haru-vk1cc,Seungmin mi varón,0,2021-08-24T04:25:32Z,2021-08-24T04:25:32Z
Ugyk54ZheEV4B98RQa14AaABAg,,False,@summerdurran3097,My best boy.... 💖 💖 💖 💐,0,2021-08-24T04:22:56Z,2021-08-24T04:22:56Z
UgzsOe06q-dyqHo3dmJ4AaABAg,,False,@hessa.swiftisaty8104,IN laughing had me like 🥺🥺🥺🥺🥺🥺🥺🥺🥺🥺🥺🥺🥺🥺 and I just wokeup,0,2021-08-24T04:22:39Z,2021-08-24T04:22:39Z
Ugw3_3D6XHAyVwfAw6B4AaABAg,,False,@stopone00,세계 최초 춤추는 강아지,1,2021-08-24T04:22:28Z,2021-08-24T04:22:28Z
UgyeRFIFRF72PHqiVRB4AaABAg,,False,@intiny609,This two!! really hit so Hard this comeback!,1,2021-08-24T04:22:10Z,2021-08-24T04:22:10Z
Ugy2cX_uMS9_Ix_seu54AaABAg,,False,@yare-yare6132,Maknae line <33,0,2021-08-24T04:20:21Z,2021-08-24T04:20:21Z
UgyNhsu5DYOZfvLM1BJ4AaABAg,,False,@Fe._.Felix23,IN soo cutee,0,2021-08-24T04:17:59Z,2021-08-24T04:17:59Z
UgyH1hlB3J_TJ9vFAzV4AaABAg,,False,@ilikethatlove6502,Baby's hermosos me encantan (づ￣ ³￣)づ,0,2021-08-24T04:17:55Z,2021-08-24T04:17:55Z
UgyfQrlD_zYlYFCNoMB4AaABAg,,False,@husnaomarrr4468,Vocalracha I love youuuuuuu,0,2021-08-24T04:15:44Z,2021-08-24T04:15:44Z
UgzmwZCzsHhZYcAk7o14AaABAg,,False,@트루럽럽,너무 귀여운 소리꾼♥,0,2021-08-24T04:14:00Z,2021-08-24T04:14:00Z
Ugxv3LsuTFHPkeETR-d4AaABAg,,False,@chris_bokkie,They're so good at dancing and so cute.,0,2021-08-24T04:12:44Z,2021-08-24T04:12:44Z
UgwbR-91kHZ99ymPZ7J4AaABAg,,False,@Rai_1,GET IT MAKNAES,0,2021-08-24T04:11:32Z,2021-08-24T04:11:32Z
UgzcJ1CxclVjaaR5Qz14AaABAg,,False,@별이모,강아지 신발끈 꽉 묶어^^,0,2021-08-24T04:10:46Z,2021-08-24T04:10:46Z
Ugxe38O44IrMxEJlTWV4AaABAg,,False,@Sasha-bz4iq,"Cuties, this dance is a masterpiece",0,2021-08-24T04:10:43Z,2021-08-24T04:10:43Z
UgzUSl2gRAwDw9tsn9F4AaABAg,,False,@sabnazakter3049,Aaa my first skz album after being a stay🤩🤩🤩.,1,2021-08-24T04:10:11Z,2021-08-24T04:10:11Z
UgzMbH4ASnkuXnWRLA54AaABAg,,False,@ОксанаЛаврентьева-к8ц,Милахи,0,2021-08-24T04:09:50Z,2021-08-24T04:09:50Z
UgxUSXqR-7t4v9oeecl4AaABAg,,False,@ch4eb977,good dancers,0,2021-08-24T04:09:06Z,2021-08-24T04:09:06Z
Ugxms8ObSnvhbkcrwaZ4AaABAg,,False,@didesu9265,Çok güzell,0,2021-08-24T04:08:51Z,2021-08-24T04:08:51Z
UgxlAlD90yOweg9ZnfV4AaABAg,,False,@wooyoung6020,Son hermosos!!!!,0,2021-08-24T04:08:48Z,2021-08-24T04:08:48Z
Ugxarm-Z13nHgdGgNrF4AaABAg,,False,@gabychancay3439,Se *muere* me encanta,1,2021-08-24T04:07:54Z,2021-08-24T04:07:54Z
Ugx-JdI1AItRpy1tS614AaABAg,,False,@꿀총가득한눈망울,이엔이 웃는거 너무 귀여워 ㅋㅋㅋ,51,2021-08-24T04:07:49Z,2021-08-24T04:07:49Z
UgxVdqP5fTlqgFG39sN4AaABAg,,False,@loveskz2133,You are handsome and also very cute,0,2021-08-24T04:07:33Z,2021-08-24T04:07:33Z
Ugy2wTF_CysnDEZ5nNl4AaABAg,,False,@nishitha9396,Two cuite pies of stray kids,1,2021-08-24T04:07:13Z,2021-08-24T04:07:13Z
UgznRYNNHUd5DGujwXZ4AaABAg,,False,@kaylaneyeon2023,"KIM SEUNGMIN I LOVE U💚.
YANG JEONGIN HERMOSO💜.",0,2021-08-24T04:06:15Z,2021-08-24T04:06:15Z
UgzSIrOSegLq8GeD_kx4AaABAg,,False,@presleyelvis6255,"Proud of Vocalracha, they improved a lot in every stage they made! We stay are really proud of you guuyyys, you deserve everything you have and moreeee. Stays and Stray Kids will work hard to make happy each other Please take care of yourself and remember to enjoy! 🐶❤️🦊",0,2021-08-24T04:06:11Z,2021-08-24T04:06:11Z
Ugw2ENl_G159q2jU_Lh4AaABAg,,False,@HyunJiniret.8,Maknea line is soo cutee 😍😍💕,0,2021-08-24T04:06:06Z,2021-08-24T04:06:06Z
UgwwyRUDlzTNvpRXZ5Z4AaABAg,,False,@_mrjvt,"Vocal Racha being powerful dancers as well is beyond another level, the duality!!!",96,2021-08-24T04:05:55Z,2021-08-24T04:05:55Z
Ugw2iPNGXSfFlWbesSZ4AaABAg,,False,@erikagc220,Seungmin and I.N are so good in everything! I love them so much <3,92,2021-08-24T04:03:45Z,2021-08-24T04:03:45Z
UgwZi9RVh7LTYZ5A4G14AaABAg,,False,@Best_stan_15,Their dancing was so good but they looked so cute dancing with a smile 😀😀🥰🥰🥰🥰,2,2021-08-24T04:03:16Z,2021-08-24T04:03:16Z
UgxMwb8qPpskgz6wVZZ4AaABAg,,False,@yazmindelarosa6243,❤️🖤❤️🖤❤️🖤❤️🖤🇲🇽,0,2021-08-24T04:02:27Z,2021-08-24T04:02:27Z
Ugz-RuO0nM8-y9dxezl4AaABAg,,False,@sonikayumnam5828,Wow 👍👍👍👍,0,2021-08-24T04:02:04Z,2021-08-24T04:02:04Z
UgwAi8Bika7_Om1mXAl4AaABAg,,False,@ashashton86,HeLp ! LOOK HOW DAMM CUTE INNIE IS 😭🥺❤ . And THUNDEROUS MINNIE HITS  DIFFERENT PLS😭😭😭,1,2021-08-24T04:00:47Z,2021-08-24T04:00:47Z
UgyBgyMXGoJsXlX1z3p4AaABAg,,False,@wulana4708,this is one of the cutest pair!,0,2021-08-24T04:00:32Z,2021-08-24T04:00:32Z
UgxjdNDsC23wXLWtVLd4AaABAg,,False,@윤서-j1t2g,우리 애들 멋찌다ㅠㅠㅠㅠㅠ진짜 이번에 대박났으묜,0,2021-08-24T03:57:10Z,2021-08-24T03:57:10Z
Ugzgvj4b_OmB-rBa4Xd4AaABAg,,False,@leoskzstayvnz6114,Ahhhhhhhhhhhhhhhhhhhhhhhhhhhhhhhhhhhhhhhhhhhhhhhhhhhhhhhh mis babys hermosos  ♡♡♡♡♡♡,0,2021-08-24T03:56:52Z,2021-08-24T03:56:52Z
UgyL1w5NR4vqlc9ErkR4AaABAg,,False,@GeceMaVisi98,"STRAY KİDS WORLD DOMİNATİON
STRAY KİDS EVERYWHERE ALL AROUND THE WORLD
YOU MAKE STRAY KIDS STAY",2,2021-08-24T03:54:12Z,2021-08-24T03:58:36Z
UgyLCjbDZQUgwJZ9ELF4AaABAg,,False,@syahgemini8235,"Really cool, Seungmin I.N",0,2021-08-24T03:53:13Z,2021-08-24T03:53:13Z
UgwaX5eSG4f5EgW5D_d4AaABAg,,False,@MSun-uo8zj,Wow 👍👍.but when minho do these steps 😲😳 wow,0,2021-08-24T03:52:27Z,2021-08-24T03:52:27Z
Ugw_WrR8EiyRC6TUi_54AaABAg,,False,@nekograce7914,"Oh….yeah. That’s easy….easy little dance. Gonna uh learn that real fast 💨 

😥😥😥😥😥😥😥😥😥😥😥😥😥😥😮‍💨😮‍💨😮‍💨😮‍💨😮‍💨😮‍💨😮‍💨😮‍💨😮‍💨😮‍💨😮‍💨😮‍💨😮‍💨😵‍💫😵‍💫😵‍💫😵‍💫😵‍💫😵‍💫😵‍💫😵‍💫😵‍💫😵‍💫😵‍💫😵‍💫😵‍💫😵‍💫😵‍💫😵‍💫😵‍💫😵‍💫😵‍💫😵‍💫😵‍💫😵‍💫😵‍💫😵‍💫😵",0,2021-08-24T03:50:32Z,2021-08-24T03:50:32Z
UgzcsrKPjvuZWRdaqIV4AaABAg,,False,@coconutnot00,This comeback is just perfect,0,2021-08-24T03:50:26Z,2021-08-24T03:50:26Z
UgzNTaslsgKBCKlG9Wd4AaABAg,,False,@33Jenesis,They are inseparable; the cutest youngest members :),0,2021-08-24T03:49:50Z,2021-08-24T03:49:50Z
Ugwv_hFCN8elOHDAqpZ4AaABAg,,False,@syahgemini8235,Charmed I'm fascinated to see your sweet face Seungmin.,12,2021-08-24T03:49:31Z,2021-08-24T03:49:31Z
Ugw5EYM5a0jPVJg42P14AaABAg,,False,@aprilksm3429,"Seungmin, I.N 🤍🤍🤍🤍",0,2021-08-24T03:49:30Z,2021-08-24T03:49:30Z
Ugw5fJSa3TUpfkJlK4d4AaABAg,,False,@masoudazad491,💞💞,0,2021-08-24T03:49:02Z,2021-08-24T03:49:02Z
UgyvtM8PkrqmhDE7j_p4AaABAg,,False,@brownie3888,Okay pero alguien  noto que un cordón de seungmin se desató?,0,2021-08-24T03:48:57Z,2021-08-24T03:48:57Z
UgxCBxgv3NunxCIGz7t4AaABAg,,False,@Shashasha29,"So cute, our goblin is so cute",0,2021-08-24T03:47:38Z,2021-08-24T03:47:38Z
UgyZdK7WZpix7WyTq9J4AaABAg,,False,@amira9730,Mi SeungIn los amo <3,0,2021-08-24T03:46:57Z,2021-08-24T03:46:57Z
Ugx8Ede5VFD6z82SMPZ4AaABAg,,False,@오다인-e3b,소리꾼 챌린지 대박,0,2021-08-24T03:46:32Z,2021-08-24T03:46:32Z
UgyOrG9WK-2i0F8TXIx4AaABAg,,False,@chanmin270,maknae line😘,0,2021-08-24T03:46:32Z,2021-08-24T03:46:32Z
UgxjAQRngBYDuMBOgH54AaABAg,,False,@GeceMaVisi98,"SARANGHAE SEUNGMIN & İN
From TURKEYYY",3,2021-08-24T03:46:30Z,2021-08-24T03:46:30Z
UgzbkNj1WCfD8qvSKot4AaABAg,,False,@edenpearllabonite285,SEUNGIN,0,2021-08-24T03:45:45Z,2021-08-24T03:45:45Z
Ugy9CG-B2FiHo2oVxUd4AaABAg,,False,@rui5915,"Seungmin, tie it Double Knot",1,2021-08-24T03:43:44Z,2021-08-24T03:43:44Z
UgxLcS_NM8Qa7jFtDjh4AaABAg,,False,@rocionolasco101,LOS DOS DEMOSTRANDO TALENTO,0,2021-08-24T03:42:55Z,2021-08-24T03:42:55Z
Ugzj3XgPoLY_1eI9EAd4AaABAg,,False,@lilacsstay6518,*dances in tiny*,0,2021-08-24T03:42:47Z,2021-08-24T03:42:47Z
Ugz2SeGMIYW4jdlFYbx4AaABAg,,False,@Ch4fart,You guys did great on the thunder music video I loved the theme 👍🏽☺️👍🏽,0,2021-08-24T03:42:35Z,2021-08-24T03:42:35Z
UgxZ_qp05MyASPD4MfF4AaABAg,,False,@rocionolasco101,SEUNGMIN 😭😭😭,1,2021-08-24T03:42:30Z,2021-08-24T03:42:30Z
Ugzhd-9ShYIowFUfotp4AaABAg,,False,@tsephelamrita870,you have the most incredible and coolest choreographies,1,2021-08-24T03:41:52Z,2021-08-24T03:41:52Z
UgyuBiUyD9NaHpP2ZRh4AaABAg,,False,@jeanettegonzalez672,La sonrisa de Jeongin mejoró mi estado de ánimo al 100%,0,2021-08-24T03:39:30Z,2021-08-24T03:39:30Z
UgxWW9h5wx4oiLYWriV4AaABAg,,False,@JM-wo3gm,멍빵즈 최고야 멍빵즈 너무 귀여워,0,2021-08-24T03:39:16Z,2021-08-24T03:39:16Z
Ugx2FDV-7oNH-xDsqnF4AaABAg,,False,@bypahi,This vocal line😭❤,0,2021-08-24T03:39:11Z,2021-08-24T03:39:11Z
UgyqVe5SdvLs1oI7hnR4AaABAg,,False,@alysonsalazar6480,Los bebés ❤️❤️,0,2021-08-24T03:39:09Z,2021-08-24T03:39:09Z
Ugw2iGi96JMrE17DSlp4AaABAg,,False,@lavieestbelle_7965,Maknaes vocalracha,0,2021-08-24T03:39:00Z,2021-08-24T03:39:00Z
UgxeMw0QOPATZDDiDzF4AaABAg,,False,@montsecg9924,"OMG, QUE LINDOS MIS NENES. LOS AMO MUCHO 😭😭",0,2021-08-24T03:39:00Z,2021-08-24T03:39:00Z
UgxGAuGYCv1qf5sjHfl4AaABAg,,False,@jeanettegonzalez672,Re lindos mis niños ♡,0,2021-08-24T03:39:00Z,2021-08-24T03:39:00Z
UgxOeysDQ6JwZKAI3ZR4AaABAg,,False,@notstraightkids9589,the cutest duo in the world,0,2021-08-24T03:37:28Z,2021-08-24T03:37:28Z
UgyoJqvbW4jvb31QNap4AaABAg,,False,@vorekim4269,오모오오오ㅗㅗ how cute 우리 믹내즈 ㅜ ㅜ,0,2021-08-24T03:36:47Z,2021-08-24T03:36:47Z
UgyrynrU2F1jbmuLaE54AaABAg,,False,@paoomoraa,mis chiquillos,0,2021-08-24T03:36:29Z,2021-08-24T03:36:29Z
UgwigoFfdvZ13oLi3cd4AaABAg,,False,@winnie8802,Seungmin looks so good in tht outfit…,10,2021-08-24T03:34:52Z,2021-08-24T03:34:52Z
UgyYG1Mt8tbQweWYU9d4AaABAg,,False,@winnie8802,In’s smile i cant…. ☺️,0,2021-08-24T03:34:35Z,2021-08-24T03:34:35Z
Ugx9brQj6YelUpIq5o94AaABAg,,False,@chaewonps,q música maravilhosa ♡,0,2021-08-24T03:34:17Z,2021-08-24T03:34:17Z
UgwbSBJ-t-0nXjHDrkN4AaABAg,,False,@8jmk,😩😩,0,2021-08-24T03:34:17Z,2021-08-24T03:34:17Z
UgyAp7IoFG7t9I1AjDx4AaABAg,,False,@leeknow890,可愛い💕💕💕,2,2021-08-24T03:33:27Z,2022-02-13T10:01:09Z
Ugw9R9kwRjOJdMIcQmR4AaABAg,,False,@linowmi,LOS AMO REYES DUEÑOS DE MI CORAZÓN DE MI VIDA Y ALMA,0,2021-08-24T03:33:21Z,2021-08-24T03:33:21Z
UgwxqghVeSoID0sbPFF4AaABAg,,False,@changhee6477,💜️💜️💜️,0,2021-08-24T03:33:17Z,2021-08-24T03:33:17Z
UgwoQDTwZSAXaDIZZIN4AaABAg,,False,@marialdama6245,LOS BABYS DE SKZ & STAY 🥰🐶🦊👑♥️✨,0,2021-08-24T03:32:21Z,2021-08-24T03:32:21Z
UgxzYq1jq7L3m42kyqZ4AaABAg,,False,@paolafc4689,<3,0,2021-08-24T03:31:57Z,2021-08-24T03:31:57Z
UgyWiortNkiMq01qdD14AaABAg,,False,@mariani_Il,Muito fofos e talentosos💖💖🌺,0,2021-08-24T03:31:35Z,2021-08-24T03:31:35Z
Ugx7vksmpfE2uJJu-jx4AaABAg,,False,@airafahara7751,I.N kok comel sih ❤️❤️❤️,0,2021-08-24T03:31:08Z,2021-08-24T03:31:08Z
UgxmPcV6RIgRERHsYOd4AaABAg,,False,@Vani_010,aah I love you 🖤💗💗🕺🛐,0,2021-08-24T03:30:28Z,2021-08-24T03:30:28Z
Ugxv0p9a_ktGjOVqIP54AaABAg,,False,@yvgu305,Sevirəm sizi love u,0,2021-08-24T03:30:27Z,2021-08-24T03:30:27Z
UgzpyjaUc83-SMlTUlN4AaABAg,,False,@yvgu305,Ayy yaraşıqlı qaqalarım,0,2021-08-24T03:30:19Z,2021-08-24T03:30:19Z
UgxpKpTPQhyjFRSu5p94AaABAg,,False,@isabelleisabella6603,Vocalracha dancing like they're in danceracha,0,2021-08-24T03:29:40Z,2021-08-24T03:29:40Z
UgxCx0TyME3RvPD1NWx4AaABAg,,False,@ximenaguadalupevillaraldoc9311,Se ven tan lindos!! Help,0,2021-08-24T03:29:26Z,2021-08-24T03:29:41Z
UgyMsv0wmBDlMRWylr94AaABAg,,False,@isabelleisabella6603,JEONGIN,0,2021-08-24T03:29:25Z,2021-08-24T03:29:25Z
Ugyoci0DUxpAvq7n1hd4AaABAg,,False,@chiningarong4058,"Im addicted to PTUI PTUI PTUI, IM NOT SORRY, IM DIRTY",0,2021-08-24T03:29:17Z,2021-08-24T03:29:17Z
Ugwzyrk-yozmZB1bM_V4AaABAg,,False,@isabelleisabella6603,SEUNGMIN,1,2021-08-24T03:29:16Z,2021-08-24T03:29:16Z
Ugx8jRSgUKfEgjY89zR4AaABAg,,False,@thayazka,SeungIn! Maknae !!,0,2021-08-24T03:28:42Z,2021-08-24T03:28:42Z
UgwmawpV-kmPgvTl5lB4AaABAg,,False,@minhouwu,thank u guys for making me so happyyyy,0,2021-08-24T03:27:58Z,2021-08-24T03:27:58Z
Ugz5m_l_nT1yllNO4Ax4AaABAg,,False,@yang_sandi1397,"Jeongin, me tienes completamente a tus pies 🥺",17,2021-08-24T03:27:47Z,2021-08-24T03:27:47Z
Ugz1nQI0YNMvEcFiDx54AaABAg,,False,@stay1566,This comeback is my all rn😩,0,2021-08-24T03:27:31Z,2021-08-24T03:27:31Z
UgyYxQ-kD-Jm8Qa9H1t4AaABAg,,False,@nachi-o6347,this is seungmins era,2,2021-08-24T03:27:23Z,2021-08-24T03:27:23Z
Ugwrw08a4562iiPIr1B4AaABAg,,False,@nayiahcaice3979,THE BABIESSSSS SO CUTE AND SO TALENTED,0,2021-08-24T03:26:39Z,2021-08-24T03:26:39Z
Ugx3004D7ikXPzEqRSx4AaABAg,,False,@Av13877,Se ven muy tiernos XD😆❤️💛🖤,0,2021-08-24T03:26:03Z,2021-08-24T03:26:03Z
UgzDzYlqmA2Dk5DXc_l4AaABAg,,False,@sarbiarojas3459,"No importa si no duermo en dias, pero juro que me voy a aprender esta cosa cueste lo que me cueste, total dormir no era una opcion",0,2021-08-24T03:25:39Z,2021-08-24T03:25:39Z
UgwvW88bFbDAIqzolGV4AaABAg,,False,@angel-lm1ru,THEY LOOK SO COOL DANCING TO THIS I SWEAR—,0,2021-08-24T03:25:19Z,2021-08-24T03:25:19Z
Ugy6jw9eOjoyP2yegSJ4AaABAg,,False,@jfjfkxjdbdkodufbfncofkfnfl7893,Que hermosos mis amores💗,0,2021-08-24T03:24:58Z,2021-08-24T03:24:58Z
UgznhW4GGPPkMQy4io94AaABAg,,False,@hsh928,"Aquí estamos, esforzándonos para darles lo mejor! <3",1,2021-08-24T03:23:57Z,2021-08-24T03:23:57Z
UgyztS11EqnbEMLduJF4AaABAg,,False,@hyun.e2959,<3,0,2021-08-24T03:22:38Z,2021-08-24T03:22:38Z
UgwkS2Lyr1-iAFhVEDt4AaABAg,,False,@stayq,My baby 🥺,0,2021-08-24T03:21:11Z,2021-08-24T03:21:11Z
Ugx_4ZJ5y9zxngyDxW14AaABAg,,False,@fatimaguadalupeflorescarre2297,Amooo,0,2021-08-24T03:20:11Z,2021-08-24T03:20:11Z
Ugy768Sd3soAUKFCy2N4AaABAg,,False,@luvistaytiny5388,our maknaes!!,0,2021-08-24T03:19:01Z,2021-08-24T03:19:01Z
Ugw104Kc3VKVuVEiIeN4AaABAg,,False,@i9koob,vocalracha nunca erra amém,0,2021-08-24T03:17:10Z,2021-08-24T03:17:10Z
UgyOyjLyEeOdTVtFFK14AaABAg,,False,@i9koob,MEUS MEUS MEUS BUAAAA,0,2021-08-24T03:17:01Z,2021-08-24T03:17:01Z
UgxnEaSkX9pglnXpsKR4AaABAg,,False,@00Rinae00,i love singing i.n's part smuch,0,2021-08-24T03:16:44Z,2021-08-24T03:16:44Z
UgyoAKBwThrZLKylgCZ4AaABAg,,False,@stayq,Ahhh they are really cute,0,2021-08-24T03:16:12Z,2021-08-24T03:16:12Z
UgzVFi0JJvk17zuXI3d4AaABAg,,False,@matestopprocrastinating4300,Look at in's smile 🥺 his smile is gorgeous 🥺🥺🥺,3,2021-08-24T03:15:50Z,2021-08-24T03:15:50Z
UgxWleiNWWn8waX4Wol4AaABAg,,False,@dzakiyyahzakir2474,2maknae eyy:),0,2021-08-24T03:15:32Z,2021-08-24T03:15:32Z
UgxnK-w6qabaKCA1vrN4AaABAg,,False,@SopriIvanova,"Ok but you noticed how much I.N improved his dance since Kingdom, also Seungmin is a great and elegant dancer. Vocals and all rounders that's Stray Kids🔥",503,2021-08-24T03:13:39Z,2021-08-24T03:13:39Z
Ugx934LHBPJTap4uCTp4AaABAg,,False,@floresdesakura,Necesito intentarlo,0,2021-08-24T03:12:53Z,2021-08-24T03:12:53Z
UgzYEGQ7B-9IOfKXwx14AaABAg,,False,@jennstay,AAAAAHHH LOS AMO MUCHÍSIMOOO  💖,0,2021-08-24T03:12:24Z,2021-08-24T03:12:24Z
UgxyTa06jMczuFS-6FN4AaABAg,,False,@Maquisha21,"MUCHAS GRACIAS POR TANTO, PERDÓN POR TAN POCO",1,2021-08-24T03:12:10Z,2021-08-24T03:12:10Z
UgweiEMp6agyeAKFwPl4AaABAg,,False,@s4lem_,La maknae line bailando es lo más lindo que voy a ver por el resto del año <3,1,2021-08-24T03:12:08Z,2021-08-24T03:12:08Z
UgwYlrb5_inBA8PQCth4AaABAg,,False,@maciUBstay,Perfection❤️,0,2021-08-24T03:11:06Z,2021-08-24T03:11:06Z
UgyxC2pLZr_WZQuPLdN4AaABAg,,False,@rooyalzxch3873,STAYS STREAM THUNDEROUS MV TO 10M!!!!,0,2021-08-24T03:09:27Z,2021-08-24T03:09:27Z
Ugz0s8oTbB0c73pO61t4AaABAg,,False,@tofusuns896,STREAM THUNDEROUS MV,0,2021-08-24T03:08:51Z,2021-08-24T03:08:51Z
Ugwd-8ZzCbvQbDTzHvR4AaABAg,,False,@marlenealmeida9557,IN smile🥰,0,2021-08-24T03:08:47Z,2021-08-24T03:08:47Z
UgwW9yBx54uIUsaeKh14AaABAg,,False,@rossrom7194,"very talented and funny Stray Kids, I love them so much♡♡",0,2021-08-24T03:08:35Z,2021-08-24T03:08:35Z
Ugxnoguoz59HSiyxoA94AaABAg,,False,@katherineortiz7830,"STAYYYYYYYYYS!!!!!! Se dan cuenta como los suscriptores van aumentando en ch1ng@?????♥️
Si no me equivoco hoy estaban por los 7.01M y ahorita ya están por los 7.05M!!!!!!!!!
*STRAY KIDS WORLD DOMINATION* 🇲🇽♥️.",0,2021-08-24T03:08:31Z,2021-08-24T03:08:31Z
Ugxw3rl34_uR8o6-OER4AaABAg,,False,@katherineortiz7830,"Mis reyes descansen!!!!! Sabemos que quieren dar lo mejor de ustedes a Stay, pero se mira en sus bellos rostros y lenguaje corporal, que están cansados😔♥️.",0,2021-08-24T03:06:43Z,2021-08-24T03:06:43Z
UgxyNKIOfJHYRDsbfSV4AaABAg,,False,@zackchannel3636,나는 이승민을 좋아하기 때문에 재미있고 귀엽다......,0,2021-08-24T03:05:59Z,2021-08-24T03:05:59Z
UgylYHjlhLyIagmhUOZ4AaABAg,,False,@まる-q9u3p,BIG LOVE,0,2021-08-24T03:05:45Z,2021-08-24T03:05:45Z
UgxsKjN7Ff2xXgm21l94AaABAg,,False,@oyuki2906,"LOS AMO, LA MANERA EN QUE BAILAN ES MUY LINDA<3

the best vocals",0,2021-08-24T03:05:22Z,2021-08-24T03:05:22Z
UgzcjNYa9M2W9woqaWl4AaABAg,,False,@centella23,So cute❤,0,2021-08-24T03:05:07Z,2021-08-24T03:05:07Z
Ugwhrwn_2m29ve9z7114AaABAg,,False,@mongmong3782,Seribu......,0,2021-08-24T03:05:03Z,2021-08-24T03:05:03Z
UgzWRYIxPSBb7Y_rirB4AaABAg,,False,@ami7636,AAAAAAAAAAAAAA estoy tan orgullosa de ellos,0,2021-08-24T03:04:37Z,2021-08-24T03:04:37Z
UgyZrKPErbFIrWxz8bR4AaABAg,,False,@miaquetzalychavezflores740,Los amo mucho 😍😍😍😍 son fantásticos,0,2021-08-24T03:04:24Z,2021-08-24T03:04:24Z
Ugw6l8sYnwTERNZD2Yp4AaABAg,,False,@lahsilva6864,❤,0,2021-08-24T03:04:15Z,2021-08-24T03:04:15Z
Ugz7mj3pJVZ5NNLVUbh4AaABAg,,False,@jaelync104,I.NNNNNNNNNNNNNNNNNNNNNNNNNN his smile killed me im gone,0,2021-08-24T03:04:12Z,2021-08-24T03:04:12Z
UgylljrO9JFhEFY3gdZ4AaABAg,,False,@Akira-winter,I.N is sooo CUTE,1,2021-08-24T03:03:40Z,2021-08-24T03:03:40Z
Ugwe5kbEAGXMFII5gyx4AaABAg,,False,@zureymii,reyes♡︎,0,2021-08-24T03:03:31Z,2021-08-24T03:03:31Z
UgyvVVzhmEJiGbBR9oF4AaABAg,,False,@mariafernandaahumada2806,Ahhhh los amoo,0,2021-08-24T03:03:25Z,2021-08-24T03:03:25Z
Ugw5nhlB2HXcL1vYEEt4AaABAg,,False,@seungmin9947,Maknae lineee!! Seungmin kept on wrecking me these days,0,2021-08-24T03:03:11Z,2021-08-24T03:03:11Z
UgxMsd2akHEBAOz53rZ4AaABAg,,False,@lunastay5877,Seungmin atate bien los cordones que te me vas a caer si los pisas,0,2021-08-24T03:02:35Z,2021-08-24T03:02:35Z
Ugw-c32DsPX_0HQst3l4AaABAg,,False,@nataliamota6873,primero necesitamos el dance practice para poder memorizar jajaja<3 tan cute's los muchachos,0,2021-08-24T03:02:12Z,2021-08-24T03:02:12Z
Ugw0jhoFt96056DSKd14AaABAg,,False,@straykids-bts957,"CHIQUITOS, LOS AMO 😭😭😭❣️",0,2021-08-24T03:01:46Z,2021-08-24T03:01:46Z
Ugz9bU0rEriols-kP4d4AaABAg,,False,@user-dz9ho8qi3o,양정인 머리카락 삐져나온거 어쩔거야 귀여워죽겠네,0,2021-08-24T03:01:23Z,2021-08-24T03:01:23Z
UgyrQwash6cUVuOGMF54AaABAg,,False,@minnieswebsite7937,"Hermosos,reyes,bias de toda la vida,tigres,maquinas,bellos,hermosos,preciosos,divinos,todo lo que esta bien,mis varones,talentosos,main vocal,best boys, JEONGIN Y SEUNGMIN BEST TODO",0,2021-08-24T03:01:19Z,2021-08-24T03:01:19Z
UgwzW4czCm7K6sOGjHp4AaABAg,,False,@Eddie-rg7um,My two angels,0,2021-08-24T03:00:20Z,2021-08-24T03:00:20Z
Ugx5_VYtLu7J7wAA75R4AaABAg,,False,@stay6217,"Ой,пока посмотрела это видео вспомнила свои эмоций при просмотре мв первый раз.Хехех я была в шоке и кричала от счастье.",5,2021-08-24T03:00:04Z,2021-08-24T03:00:04Z
Ugx5_VYtLu7J7wAA75R4AaABAg.9RPkKHkcCWf9od2KUlbFeE,Ugx5_VYtLu7J7wAA75R4AaABAg,True,@НовиковМатвеймихайлович,Я Гогдато тоже в первые посмотрел клип ЧИС я зказал принял 2 года назад ❤❤❤🧡🧡🧡💛💛💛💚💚💚💙💙💙💜💜,1,2023-04-18T04:48:57Z,2023-04-18T04:48:57Z
UgxVStD4Pm5gdBS4kf54AaABAg,,False,@jaeloml,love you guys😩💘,0,2021-08-24T02:59:59Z,2021-08-24T02:59:59Z
Ugx03JJQobecy2v128d4AaABAg,,False,@sugarykissess,los adoro mis niños <3,0,2021-08-24T02:59:38Z,2021-08-24T02:59:38Z
UgxAPzdEAPnxRJJI_AN4AaABAg,,False,@renku0714,seungmin seungmin seungmin,1,2021-08-24T02:59:34Z,2021-08-24T02:59:34Z
Ugz4HhIwcvkuy_JHFpl4AaABAg,,False,@인-c7b,개귀여워,0,2021-08-24T02:59:33Z,2021-08-24T02:59:33Z
UgyJI2VTfdBW8x9iJeN4AaABAg,,False,@akarimiyukii,Seungmin so cute!!,1,2021-08-24T02:59:17Z,2021-08-24T02:59:17Z
UgyKABBZOQ5rfhOFBGh4AaABAg,,False,@kerollayne.,(◍•ᴗ•◍),0,2021-08-24T02:59:06Z,2021-08-24T02:59:06Z
Ugx7aMiqG6tN2SFHIaZ4AaABAg,,False,@LizMarion_2001,SEUNGMINNNNN! I.N!!,0,2021-08-24T02:58:29Z,2021-08-24T02:58:29Z
UgylZvUuHnas4ElZ6zZ4AaABAg,,False,@فانلصلعةتشانيول,Stray Kids is always the best💖👑,1,2021-08-24T02:58:21Z,2021-08-24T02:58:21Z
Ugwur5NQji_ZTJ0jknR4AaABAg,,False,@katie.__.,"man im not sorry, im dirty",0,2021-08-24T02:58:16Z,2021-08-24T02:58:16Z
UgxHh3r2fkFCF0Bn2X54AaABAg,,False,@nuraeniaibrich,so cute... Friendship couple!!,0,2021-08-24T02:58:09Z,2021-08-24T02:58:09Z
UgyRK2QD2wq7R3N3b6V4AaABAg,,False,@فانلصلعةتشانيول,احبكم,1,2021-08-24T02:58:00Z,2021-08-24T02:58:00Z
UgwwPoAhkUrw1pkK7hx4AaABAg,,False,@Bely_1201,❤❤,0,2021-08-24T02:57:53Z,2021-08-24T02:57:53Z
UgxKtEqQg-6trcFkE2t4AaABAg,,False,@Josssss2,los amo aaaa,0,2021-08-24T02:57:51Z,2021-08-24T02:57:51Z
UgyMuz6_jm9DWG6FbXN4AaABAg,,False,@brownnieeboylix,LOS AMO MIS REYES,0,2021-08-24T02:57:41Z,2021-08-24T02:57:41Z
Ugxncsb9Zp1Je6TYbJ54AaABAg,,False,@s.alsabil.a1711,COOL,0,2021-08-24T02:57:41Z,2021-08-24T02:57:41Z
UgxLSKSGftLbfcLNZcp4AaABAg,,False,@syarifahsyahirananda6756,AYEN AHHH,0,2021-08-24T02:56:53Z,2021-08-24T02:56:53Z
UgxLVXDsgp4dShuSp9B4AaABAg,,False,@saraluzatenciovenegas2861,Stay hacer stream los chicos se lo merecen la canción esta increíble vamos!!!!!!!!!!,0,2021-08-24T02:56:36Z,2021-08-24T02:56:36Z
UgxhFKyPELLGRkIfMVV4AaABAg,,False,@anasilva689,THIS IS SO COOOL,0,2021-08-24T02:56:25Z,2021-08-24T02:56:25Z
Ugxg7fjA5fH1WRjs5wJ4AaABAg,,False,@elifxbsh,Herkes uyuyodu sırf sizin için uyandım minnaklarim benim canlarim,0,2021-08-24T02:56:16Z,2021-08-24T02:56:16Z
UgxysadYikzwL7giNkB4AaABAg,,False,@liliaruiz9134,"Se merecen lo mejor, los amo demasiado, espero poder aprenderme la coreografia rapido<3",0,2021-08-24T02:56:03Z,2021-08-24T02:56:03Z
UgwSlaXkh6DdTK8NWEh4AaABAg,,False,@CynthiaNicoleBelloHerrera,AAAA TAN LINDOSSS,0,2021-08-24T02:55:20Z,2021-08-24T02:55:20Z
UgxhAwMAlavH5DVk2E14AaABAg,,False,@katokachan3126,Wow,0,2021-08-24T02:54:28Z,2021-08-24T02:54:28Z
Ugw9fxu6pkl4iz8QkLR4AaABAg,,False,@Rosemelliep,NAOOO ES Q LOS AMO MUCHO AYUDA,0,2021-08-24T02:54:25Z,2021-08-24T02:54:25Z
UgyYJzwCofaZ9utcGwV4AaABAg,,False,@LaYonku,los bebitos line siempre me traen enamorada.,0,2021-08-24T02:53:58Z,2021-08-24T02:53:58Z
UgzwGtTEbJEeOGwDy5R4AaABAg,,False,@のんちゃこ,好き💙好き💙,0,2021-08-24T02:53:53Z,2021-08-24T02:53:53Z
Ugw2XNeRi2vOt-ya5zJ4AaABAg,,False,@ssharee0325,How cute!!,0,2021-08-24T02:53:43Z,2021-08-24T02:53:43Z
Ugw6Q8GMBuJbaNFdo714AaABAg,,False,@김륜아-q4e,저 귀여운 아강이들 뭐하노.. 귀엽다..,0,2021-08-24T02:53:37Z,2021-08-24T02:53:37Z
UgyfVnknhkKCpBtg60x4AaABAg,,False,@lau8649,"Ay no, que lindos, los amo",0,2021-08-24T02:53:26Z,2021-08-24T02:53:26Z
UgwihKBKb_jM9AaQDqx4AaABAg,,False,@christianobangnaldo7805,Ay çok iyi,0,2021-08-24T02:52:21Z,2021-08-24T02:52:21Z
UgzGzn8fdo-UzQ_w8Tx4AaABAg,,False,@callingquokka,Stray Kids World Domination ❤,0,2021-08-24T02:51:56Z,2021-08-24T02:51:56Z
UgxDCsCrS1vKeof3f_V4AaABAg,,False,@stay5020,Just look how much they are happy while dancing .,0,2021-08-24T02:51:42Z,2021-08-24T02:51:42Z
Ugwo-8ts1dUjtGt09SR4AaABAg,,False,@aeriese7272,"so proud of our vocalracha maknaes <3 you both improved so much, thanks for all of your hardwork seungmin and i.n",6,2021-08-24T02:51:08Z,2021-08-24T02:51:08Z
UgyKEy5iNJUuLc4mNFF4AaABAg,,False,@xdyana,AMOOOOOOO,0,2021-08-24T02:51:03Z,2021-08-24T02:51:03Z
UgwUyMR34K_5PE6Ko-x4AaABAg,,False,@streetlight6693,Seungmin best dancer 💜,35,2021-08-24T02:51:00Z,2021-08-24T02:51:00Z
UgyWhR5L9GeAMBxstGB4AaABAg,,False,@qienyvn,❣️❣️❣️❣️,0,2021-08-24T02:50:35Z,2021-08-24T02:50:35Z
Ugz1vaWZ-5p9v49AUZF4AaABAg,,False,@isamong,SEUNGMIN ERES EL AMOR DE MI VIDA❤️,1,2021-08-24T02:49:21Z,2021-08-24T02:49:21Z
UgzpaZ8xBGiS8c_EMOx4AaABAg,,False,@sele4265,MIS FLACOS,0,2021-08-24T02:49:14Z,2021-08-24T02:49:14Z
UgyJt_t15512IpYUitx4AaABAg,,False,@isamong,LOS AMOOO,0,2021-08-24T02:49:09Z,2021-08-24T02:49:09Z
Ugz4RWoDH80KVxwLY9J4AaABAg,,False,@seungmininthebuilding9552,Seungmin and Jeongin,0,2021-08-24T02:49:05Z,2021-08-24T02:49:05Z
Ugz4RWoDH80KVxwLY9J4AaABAg.9RPj3m6VqVl9RPjFrzqwyv,Ugz4RWoDH80KVxwLY9J4AaABAg,True,@seungmininthebuilding9552,Seungmin and I.N dance I love it,0,2021-08-24T02:50:43Z,2021-08-24T02:50:43Z
Ugzf5XHqC_AF2rUyQTN4AaABAg,,False,@berfindurak9304,Puh puh puh jdneksmqjc efsaneler geri donduu😍😍,0,2021-08-24T02:49:04Z,2021-08-24T02:49:04Z
UgxzzSu3v44NY5M5gxx4AaABAg,,False,@kororosensei2443,Just press like for second button like,1,2021-08-24T02:48:52Z,2021-08-24T02:49:01Z
UgxNCLbnqWeiTu-Kqrd4AaABAg,,False,@fanilamejorkep1ian141,Seugin,0,2021-08-24T02:48:41Z,2021-08-24T02:48:41Z
Ugz9oweM8tskYUJRRKl4AaABAg,,False,@st4rxix,PERFECTION,0,2021-08-24T02:48:09Z,2021-08-24T02:48:09Z
UgzNgvHBOeWAI8_KETB4AaABAg,,False,@bstldr691,maaaan,0,2021-08-24T02:48:03Z,2021-08-24T02:48:03Z
UgyYcG6jRHEtMB18x694AaABAg,,False,@rasheninethara7919,Maknae line 😘❤,1,2021-08-24T02:47:43Z,2021-08-24T02:47:43Z
UgxWn-CFVOORobbQ6TR4AaABAg,,False,@lei8489,I LOVE YALL❤️❤️❤️,0,2021-08-24T02:47:30Z,2021-08-24T02:47:30Z
UgxQtPF-bVngeSKWby94AaABAg,,False,@mariarico3817,BELLOS💙⚡,0,2021-08-24T02:47:22Z,2021-08-24T02:47:22Z
Ugw4_5G5pKFnmOd0jXJ4AaABAg,,False,@jisungily723,"IF THEY KEEP GOING I WON'T LAST PA TOMORROW, I LOVE YOU STRAY KIDS, WITH ALL MY HEART",0,2021-08-24T02:46:45Z,2021-08-24T02:46:45Z
Ugzz3Jh5IEvXEHweMrV4AaABAg,,False,@loodot,Ayeeeee,1,2021-08-24T02:46:34Z,2021-08-24T02:46:34Z
UgzuVb-7JiOY1qE9Z4B4AaABAg,,False,@user-nt5rh6jb6f,Just look at I.N with its wave,0,2021-08-24T02:46:03Z,2021-08-24T02:46:03Z
UgyCD-JTr0EjKp7M9md4AaABAg,,False,@tigerp04,Que lindos,0,2021-08-24T02:45:51Z,2021-08-24T02:45:51Z
UgwwlThBvv8JfTW6wJV4AaABAg,,False,@tigerp04,Kings,0,2021-08-24T02:45:44Z,2021-08-24T02:45:44Z
UgzOHFVU3N2Wr1yFxCR4AaABAg,,False,@midapita,THE CHOREO IS IMMACULATE,0,2021-08-24T02:45:31Z,2021-08-24T02:45:31Z
UgzQnz75jZObNpf6cJ94AaABAg,,False,@alondragarcia1868,Así bailan los reyes,0,2021-08-24T02:45:04Z,2021-08-24T02:45:04Z
Ugxp825IHT5oahY-Kzd4AaABAg,,False,@daniela1905,jeongin mi vida eres lo más lindo de este mundo,0,2021-08-24T02:45:03Z,2021-08-24T02:45:03Z
UgzIuyyY2AVX1VmyH9l4AaABAg,,False,@zafreenbari,Another comeback going by and Seungmin dyes his hair another shade of ✨brown✨,417,2021-08-24T02:44:43Z,2021-08-24T02:44:43Z
UgzIuyyY2AVX1VmyH9l4AaABAg.9RPiZue5-yS9VzLpQs3OPc,UgzIuyyY2AVX1VmyH9l4AaABAg,True,@einbaum1450,Did he ever had another colour?,4,2021-12-15T18:14:44Z,2021-12-15T18:14:44Z
UgzIuyyY2AVX1VmyH9l4AaABAg.9RPiZue5-yS9XIila0oHDL,UgzIuyyY2AVX1VmyH9l4AaABAg,True,@daniramdhanie1863,@@einbaum1450 Purple,7,2022-01-17T12:40:08Z,2022-01-17T12:40:08Z
UgzIuyyY2AVX1VmyH9l4AaABAg.9RPiZue5-yS9bIJkE8u_9g,UgzIuyyY2AVX1VmyH9l4AaABAg,True,@Akkarri,@@einbaum1450 Gray 😅,3,2022-05-21T15:29:44Z,2022-05-21T15:29:44Z
UgzIuyyY2AVX1VmyH9l4AaABAg.9RPiZue5-yS9e0j7YsUkE1,UgzIuyyY2AVX1VmyH9l4AaABAg,True,@wn9237,@@einbaum1450 Red,2,2022-07-28T09:08:06Z,2022-07-28T09:08:06Z
UgzIuyyY2AVX1VmyH9l4AaABAg.9RPiZue5-yS9ebsE1sOLqk,UgzIuyyY2AVX1VmyH9l4AaABAg,True,@albejoyart,It looks really cute on him though he looks youthful ✨✨,2,2022-08-12T04:38:46Z,2022-08-12T04:38:46Z
UgzpKQZ5-sM4EM5U69p4AaABAg,,False,@beqware,"I love you so much, you deserve the best in the world <3",0,2021-08-24T02:44:34Z,2021-08-24T02:44:34Z
UgzxlrdfZGrY6Of24r14AaABAg,,False,@monserrathoyos8922,SO cutee,0,2021-08-24T02:44:29Z,2021-08-24T02:44:29Z
UgwBrNuNR8NPyCiTfOd4AaABAg,,False,@skzmyhaven,Los niños,0,2021-08-24T02:44:28Z,2021-08-24T02:44:28Z
UgwFhg8EQOphGAsth8x4AaABAg,,False,@fadilefilizoglu1525,"Bu bebek ekmek dansta kendini aştı
Çok gözüme batıyor bu aralar",0,2021-08-24T02:44:14Z,2021-08-24T02:44:14Z
UgznnmCHMh_QtDYsevx4AaABAg,,False,@daisyhcg,I love you guys,0,2021-08-24T02:43:52Z,2021-08-24T02:43:52Z
Ugxx1l0qK-QXZsjQWXx4AaABAg,,False,@daisyhcg,I love this 😍,0,2021-08-24T02:43:48Z,2021-08-24T02:43:48Z
UgwyCgi8WUofvCepUrt4AaABAg,,False,@somxstay2521,MY HUSBAND IS THE ONE IN RED,0,2021-08-24T02:43:09Z,2021-08-24T02:43:09Z
UgwR6_8t7pPyI4dwbaJ4AaABAg,,False,@emmaaudfou6996,Jolie 🥰,0,2021-08-24T02:42:35Z,2021-08-24T02:42:35Z
UgxN5LP8_3n4tfbX6cV4AaABAg,,False,@sugayoongi2613,Ahhhhhh yassssss all hail the kings,0,2021-08-24T02:42:35Z,2021-08-24T02:42:35Z
UgzXMXkhRJS2XOnSwkd4AaABAg,,False,@COCO-jz2ds,SE MERECEN TODO LO BUENO EN ESTE MUNDO,0,2021-08-24T02:42:33Z,2021-08-24T02:42:33Z
UgxlJNE10Lg_aId35jJ4AaABAg,,False,@Manar-id3mr,lovee youuu,0,2021-08-24T02:42:23Z,2021-08-24T02:42:23Z
UgyHCVgIyp0Ss5R2Bih4AaABAg,,False,@bluvberry5261,"I.N's monster cuteness overloaded .......
Seungmin's expressions .....",1010,2021-08-24T02:42:22Z,2021-08-24T02:42:22Z
UgxF2XAFbmyHHN3KF2B4AaABAg,,False,@Angy_ag03,"Últimamente hay muchas interacciones del SeungIn, basta soy alegría pura-

(Quitando el shipp, realmente amo mucho su amistad y me encanta que se esté notando más.)",61,2021-08-24T02:42:15Z,2021-08-25T00:20:22Z
UgxF2XAFbmyHHN3KF2B4AaABAg.9RPiHpaPeDG9RSHTS7YDsl,UgxF2XAFbmyHHN3KF2B4AaABAg,True,@trinity_fan9517,X2,0,2021-08-25T02:36:54Z,2021-08-25T02:36:54Z
UgxF2XAFbmyHHN3KF2B4AaABAg.9RPiHpaPeDG9RWY26Rj-xN,UgxF2XAFbmyHHN3KF2B4AaABAg,True,@dorarodriguez8554,X3,0,2021-08-26T18:18:40Z,2021-08-26T18:18:40Z
UgxF2XAFbmyHHN3KF2B4AaABAg.9RPiHpaPeDG9S2Rje4wzqn,UgxF2XAFbmyHHN3KF2B4AaABAg,True,@chanslaptopfan9716,"son demasiado tiernos juntos, soy fan nº1 de sus interacciones jsjsj, alegría pura x4😭❤",4,2021-09-08T22:17:46Z,2021-09-08T22:17:46Z
UgzmsAdcf9RMwq8IV254AaABAg,,False,@monicapatrycia,So cute,0,2021-08-24T02:42:01Z,2021-08-24T02:42:01Z
UgxTQ34A0sJo1lQtTaR4AaABAg,,False,@yulianabrizuela3000,BEBITOS,0,2021-08-24T02:41:41Z,2021-08-24T02:41:41Z
UgychLP9MzTOuL0tP9t4AaABAg,,False,@xioooo86,MIS FLACOS,0,2021-08-24T02:41:17Z,2021-08-24T02:41:17Z
UgwkMqcQGvLurwwFMRZ4AaABAg,,False,@wencitax,mis reyes,0,2021-08-24T02:40:56Z,2021-08-24T02:40:56Z
Ugwd8vCOe_ELJKDCUvV4AaABAg,,False,@justinemoral2855,Such a cutieeeeeee~~,0,2021-08-24T02:40:45Z,2021-08-24T02:40:45Z
Ugz_NAGUMpErE_rycVd4AaABAg,,False,@hwangjinret3125,Reyes👑👑🤌🏼🤌🏼,0,2021-08-24T02:40:27Z,2021-08-24T02:40:27Z
UgyxsLjOjHmXfjUiuN14AaABAg,,False,@us3rn1o25,Procedo a aprender la coreo n.n,0,2021-08-24T02:40:03Z,2021-08-24T02:40:03Z
Ugy8Bpa2ppYJDBADH6x4AaABAg,,False,@lxccxs,😍😍😍😍😍,0,2021-08-24T02:39:52Z,2021-08-24T02:39:52Z
UgwXqkgopdhdh2OeNup4AaABAg,,False,@rxlhr7134,All of them make the move looks so easy to do but...,0,2021-08-24T02:39:41Z,2021-08-24T02:39:41Z
UgyYKJg-Livzi7RjWb94AaABAg,,False,@lin-ok2zo,"LOS AMO, SE MERECEN LO MÁS LINDO DEL MUNDO ^^^^^",0,2021-08-24T02:39:33Z,2021-08-24T02:39:33Z
UgynpOFX5nZ-e5JYsnh4AaABAg,,False,@bokiesbrownies6785,The improvement in regards of promoting im crying,0,2021-08-24T02:39:30Z,2021-08-24T02:39:30Z
UgyG-15en5M2XPqWV7V4AaABAg,,False,@xiowithdrugs,"LINDOS, BELLOS, HERMOSOS, AHORA STR33AM AL MV OFFICIAL.",0,2021-08-24T02:39:27Z,2021-08-24T02:39:27Z
UgwVcFCis1AsaeE68Hl4AaABAg,,False,@leslyy1405,This song is literally so good,34,2021-08-24T02:39:25Z,2021-08-24T02:39:25Z
UgwRJhVbe9RHAhsOlTx4AaABAg,,False,@lissmedinaarellano2501,PERFECT DANCE!! I love it they look like twins sjhfjdjd <3,0,2021-08-24T02:39:21Z,2021-08-24T02:39:21Z
UgyKzS1kgMMLi-ljsVB4AaABAg,,False,@lobatomixcoadanielarubi1462,OMGGG ICONIC,0,2021-08-24T02:39:20Z,2021-08-24T02:39:20Z
UgxDBUW2BvbyCuhiT914AaABAg,,False,@urmom-qm9vj,IM EARLY HEHE,1,2021-08-24T02:39:07Z,2021-08-24T02:39:07Z
Ugypgy5llXz2OUQyhFB4AaABAg,,False,@mycheesestick7674,Our Maknae line 🤗,0,2021-08-24T02:38:55Z,2021-08-24T02:38:55Z
UgxwycQF6QoSkAhHQRR4AaABAg,,False,@I-zenith,"AMORES MIOSSS, SE MERECEN EL CIELO😭😭 AAAAAAA LOS AMO",0,2021-08-24T02:38:51Z,2021-08-24T02:38:51Z
Ugyyr1oMLvVN5_mJpQ54AaABAg,,False,@8nana8,I really want to do it but I can't dance haha,0,2021-08-24T02:38:44Z,2021-08-24T02:38:44Z
UgzgF6y8G_cQQ8ioeoB4AaABAg,,False,@emilyrosario1589,"Voy a tratar de aprenderme esta coreo, me gusta",0,2021-08-24T02:38:39Z,2021-08-24T02:38:39Z
UgwDI3KAAPm9WHsR0hN4AaABAg,,False,@AJ-wu4cy,マンネズ‼️永遠なれ‼️,0,2021-08-24T02:38:24Z,2021-08-24T02:38:24Z
Ugy_Ko401MOl0Cvjku54AaABAg,,False,@_levanter,Wow♡,0,2021-08-24T02:38:20Z,2021-08-24T02:38:20Z
UgyS-uMtX-nRnboXzep4AaABAg,,False,@uhhkaren9826,❤️,0,2021-08-24T02:38:15Z,2021-08-24T02:38:15Z
UgyII6_TuKVvlTqUky14AaABAg,,False,@notleeknow,Hi I'm early today,0,2021-08-24T02:38:12Z,2021-08-24T02:38:12Z
Ugwv4NBNmsJZEjEkXBd4AaABAg,,False,@nurhadirahhamka3915,hey brother is so cute😉❤,0,2021-08-24T02:37:57Z,2021-08-24T02:37:57Z
Ugz01ICTvnDgjV29mc14AaABAg,,False,@realangelbby,Why is this so satisfying to watch tho.💗💗💗,0,2021-08-24T02:37:51Z,2021-08-24T02:37:51Z
UgwhSkVamH1q9glNIDF4AaABAg,,False,@iovemimii,"I.N., Seungmin los amoo 😭😭",2,2021-08-24T02:37:13Z,2021-08-24T02:39:42Z
UgzfrkzyxcsZv8ECYt54AaABAg,,False,@cristopher2999,Los amo.,0,2021-08-24T02:36:50Z,2021-08-24T02:36:50Z
UgyfZVSBZ8u2hWFEUaJ4AaABAg,,False,@Magy225,"Que lo haga tendencia en tiktok dice ? 
A su orden capitán 💃",1,2021-08-24T02:36:36Z,2021-08-24T02:36:36Z
Ugxe1QIsjzQY7McT7D94AaABAg,,False,@dulciimOoriita,Los amoooo,0,2021-08-24T02:36:28Z,2021-08-24T02:36:28Z
Ugw_wAuQusrDQ6j3P6h4AaABAg,,False,@cristhian4012,"AAAHHHH loco los Amo. Son unos genios, la rompeeeennn.",1,2021-08-24T02:35:54Z,2021-08-24T02:35:54Z
Ugz0ZqPiKOUanwfks0V4AaABAg,,False,@abrilskz1676,que genios son khsgeksi los re amo,0,2021-08-24T02:35:54Z,2021-08-24T02:35:54Z
UgxZnZK5R44gMvC7Bz54AaABAg,,False,@sunggieol8255,Los mas lindos,0,2021-08-24T02:35:48Z,2021-08-24T02:35:48Z
UgwMxdBgswGJuaSyzSp4AaABAg,,False,@abrilskz1676,MIS NENITOS<3333 LOS AMOO,0,2021-08-24T02:35:38Z,2021-08-24T02:35:38Z
UgysOfy_Wy4vI5e_LsN4AaABAg,,False,@fernandasousa3355,I LOVE THEM SOOO MUCH <3,0,2021-08-24T02:35:36Z,2021-08-24T02:35:36Z
UgxLRf_keKKe2h4YspR4AaABAg,,False,@cammmish,LINDOOOOSSSSS. <3,0,2021-08-24T02:35:27Z,2021-08-24T02:35:27Z
UgyKcbulWUkKU0lWsXp4AaABAg,,False,@_minhista,Cumplo otro día enamorada de estos hombres 😎,0,2021-08-24T02:35:18Z,2021-08-24T02:35:18Z
UgyKnNaysQ73_-xn-pF4AaABAg,,False,@kristypina8020,Cute,0,2021-08-24T02:35:07Z,2021-08-24T02:35:07Z
UgyOl48zUZPI1umDog94AaABAg,,False,@viv5463,STREAM THUNDEROUS PLEASE!! OUR 24 HOUR GOAL IS 10 MILLION,0,2021-08-24T02:35:04Z,2021-08-24T02:35:04Z
UgwZF_5MnEZLleqzpap4AaABAg,,False,@NikiAllen,STRAY KIDS!!!!! 👑,0,2021-08-24T02:35:01Z,2021-08-24T02:35:01Z
UgwfBEvv0hCtX69aldJ4AaABAg,,False,@noodle5352,"Los mejores vocales del mundo, los amooooooo:33",1,2021-08-24T02:35:00Z,2021-08-24T02:35:00Z
Ugzgn-4FuptgmDeTKMN4AaABAg,,False,@geestay454,bayi bayikkk ku😘,0,2021-08-24T02:35:00Z,2021-08-24T02:35:00Z
UgyUtRlJFLBUQJe5ilt4AaABAg,,False,@maizatulakmam9258,Aarhhhh cute 🙈,1,2021-08-24T02:34:47Z,2021-08-24T02:34:47Z
UgzjU5AmQlcii9swu9B4AaABAg,,False,@liix5253,LOS AMO LOS AMO LOS AMO LOS AMO LOS AMO LOS AMO LOS AMO LOS AMO LOS AMO LOS AMO LOS AMO LOS AMO LOS AMO LOS AMO LOS AMO LOS AMO LOS AMO,0,2021-08-24T02:34:46Z,2021-08-24T02:34:46Z
Ugzq8T7-HZnlsE-Bn8t4AaABAg,,False,@insbrs2619,adorable,0,2021-08-24T02:34:31Z,2021-08-24T02:34:31Z
Ugxsfgn6js4AuQc8xid4AaABAg,,False,@insbrs2619,Cutie line <3,0,2021-08-24T02:34:25Z,2021-08-24T02:34:25Z
Ugz8cumfiPuIxoL8V894AaABAg,,False,@icedteva,MY SONNN,0,2021-08-24T02:34:22Z,2021-08-24T02:34:22Z
UgyFbFen3y-XXCqfUCp4AaABAg,,False,@only4skz660,loveyou my babies,0,2021-08-24T02:34:18Z,2021-08-24T02:34:18Z
UgykQ_buneSGAjrlTsl4AaABAg,,False,@staceaca1443,Who enjoyed the album like I did?😌🤌🏾,1,2021-08-24T02:34:13Z,2021-08-24T02:34:13Z
Ugx3RIudLrcIVD5UX0R4AaABAg,,False,@sanemasya,SEUNGMININ SACLARIII BAYILICAMM,0,2021-08-24T02:34:09Z,2021-08-24T02:34:09Z
Ugx7eSxo6Aa5UV1CCFJ4AaABAg,,False,@lumi1727,SO ADORABLE,0,2021-08-24T02:33:56Z,2021-08-24T02:33:56Z
UgzoHQQ7FBrGLE2u6bt4AaABAg,,False,@sanemasya,UWUWUWUW,0,2021-08-24T02:33:53Z,2021-08-24T02:33:53Z
UgxmbE1kcr1xsLpWbWl4AaABAg,,False,@mitmarai7834,your smile 😍,1,2021-08-24T02:33:46Z,2021-08-24T02:33:46Z
Ugx7Pvto7E9fMBi2Or54AaABAg,,False,@pisces_9637,SLAYYY,0,2021-08-24T02:33:08Z,2021-08-24T02:33:08Z
UgzA7WVTwuYRbeKTcLJ4AaABAg,,False,@seungminsbuilding4443,It looks easy but when you try it you will broke ur legs and neck,0,2021-08-24T02:33:01Z,2021-08-24T02:33:01Z
Ugyo35zQVvW_6kodKw54AaABAg,,False,@franciscalvs8783,STREAM THUNDEROUS ES IMPORTANTE LLEGAR A 10M RÁPIDO,0,2021-08-24T02:32:57Z,2021-08-24T02:32:57Z
UgwqQI_plF0Xq0R9FBJ4AaABAg,,False,@lilianasandoval2498,Reyes👑,0,2021-08-24T02:32:57Z,2021-08-24T02:32:57Z
UgxSzI6wbjz6HcMteGV4AaABAg,,False,@linowsss,"OMG QUE CUTES, LOS AMO REYES <33",0,2021-08-24T02:32:54Z,2021-08-24T02:32:54Z
UgyDF96VbiEUCLkMSKd4AaABAg,,False,@aberefejiro,I just love that they are having fun,1,2021-08-24T02:32:54Z,2021-08-24T02:32:54Z
UgzS7qwGIkRlCn6iLLh4AaABAg,,False,@evanescnte,<3 <3,0,2021-08-24T02:32:51Z,2021-08-24T02:32:51Z
UgwNEC8-IMdDWOn-puV4AaABAg,,False,@belena.7771,Yeah! El poder de la maknae line!,0,2021-08-24T02:32:41Z,2021-08-24T02:32:41Z
UgxxWrw6jOmk9KBBdTF4AaABAg,,False,@jaze2268,CUTIE,0,2021-08-24T02:32:39Z,2021-08-24T02:32:39Z
UgwiZTqWK1SbFxGz2ih4AaABAg,,False,@camicarranza,LOS AMO <3,0,2021-08-24T02:32:36Z,2021-08-24T02:32:36Z
Ugzm644laZVVmynCSj94AaABAg,,False,@mirella5956,they are so cute,0,2021-08-24T02:32:30Z,2021-08-24T02:32:30Z
UgxqOAAr8eQQIOUfSQd4AaABAg,,False,@kaguyasama1821,"Me enamore más de lo ya estoy, son tan lindos 🤩😍",0,2021-08-24T02:32:20Z,2021-08-24T02:32:20Z
Ugw_8v4shv94UbaHVf94AaABAg,,False,@lannycangussu5782,"우리사랑 러브석민, 러브아이엔 ❤❤ #stay #love #straykids 😍😍",1,2021-08-24T02:32:03Z,2021-08-24T02:32:03Z
UgyEa6Ur5-Di05POXpF4AaABAg,,False,@mrreginaa,LOS AMO DIOF *beso,0,2021-08-24T02:31:53Z,2021-08-24T02:31:53Z
Ugy8JE4OhSKQl5BmL1R4AaABAg,,False,@ss-ih6nx,"좋다 좋구나~~~~  이 두조합 너무좋아!!! 
 계속보게 되잖아💛",0,2021-08-24T02:31:52Z,2021-08-24T02:31:52Z
UgzwC1UpDK0_HKghsUh4AaABAg,,False,@sheylatenazoa2817,no me canso de escuchar esta soty,0,2021-08-24T02:31:46Z,2021-08-24T02:31:46Z
UgwZ2I2DtBD02jQdEpd4AaABAg,,False,@dafnesofiadelpino9233,WAOOOOW,0,2021-08-24T02:31:46Z,2021-08-24T02:31:46Z
UgxQnbhoJLM_RS6S4xd4AaABAg,,False,@maite_myt,"I.N: bias wrecking me as usual 
my brain: nothing new nothing changed same old shit same old fucking shit",2,2021-08-24T02:31:44Z,2021-08-24T02:31:44Z
UgyxjIMHc8WaWw0u4wt4AaABAg,,False,@ladymossy,Aaahhh unos dioses,0,2021-08-24T02:31:39Z,2021-08-24T02:31:39Z
UgzPKyuw-uKEkuQXwux4AaABAg,,False,@juliawang8063,Seungmin!!,0,2021-08-24T02:31:38Z,2021-08-24T02:31:38Z
Ugw7qlSfNWae1KfsAW14AaABAg,,False,@Hangi03,Omg bailan increíble <3,0,2021-08-24T02:31:22Z,2021-08-24T02:31:22Z
Ugw12eRt9THdt0ehMsF4AaABAg,,False,@lalocaporlachanclarosadeji2783,SeungMin se ve muy tierno TwT,15,2021-08-24T02:31:19Z,2021-08-24T02:31:19Z
UgzCpSxwvcKKqGRZt9t4AaABAg,,False,@vanessadelarosa596,Cute,0,2021-08-24T02:31:16Z,2021-08-24T02:31:16Z
Ugweu4_v0SZUMb9RBzx4AaABAg,,False,@lovestay2423,Reis vieram pra dominar,0,2021-08-24T02:31:13Z,2021-08-24T02:31:13Z
UgzxW5xODyGKfAw8wpB4AaABAg,,False,@Isabella-uz5vz,Son muy talentosos los quiero mucho 🌷,0,2021-08-24T02:31:09Z,2021-08-24T02:31:09Z
Ugxkz4hkH2J4ylXtvSd4AaABAg,,False,@micaelaramirez9138,Wow!!😉,0,2021-08-24T02:31:02Z,2021-08-24T02:31:02Z
UgxCdx2J6pVqM_YvSNJ4AaABAg,,False,@jobidahyun117,ayen ayangkuu,0,2021-08-24T02:30:53Z,2021-08-24T02:30:53Z
UgzsOukXohg3OZpmwMJ4AaABAg,,False,@anitarahayu2294,Our magnae ia so cute,0,2021-08-24T02:30:48Z,2021-08-24T02:30:48Z
UgysTx9IdmxAw3KFz194AaABAg,,False,@쿼카애호가-b9r,아 귀여워,0,2021-08-24T02:30:39Z,2021-08-24T02:30:39Z
UgxiUpDaKt-khiJk8-J4AaABAg,,False,@jimenacorona5407,AYYY,0,2021-08-24T02:30:35Z,2021-08-24T02:30:35Z
UgwpG4298TB6wSrMNg94AaABAg,,False,@anitarahayu2294,Amazing,0,2021-08-24T02:30:33Z,2021-08-24T02:30:33Z
UgzH30FTzM4oVAzgHXB4AaABAg,,False,@fitoks,Обожаю заглавку и эти красные аутфиты)),0,2021-08-24T02:30:17Z,2021-08-24T02:30:17Z
UgxqXYnXXXTXSIzhq2V4AaABAg,,False,@maigoch2312,😍❤️❤️,0,2021-08-24T02:30:17Z,2021-08-24T02:30:17Z
UgzvPtEQPPPJDIamvCZ4AaABAg,,False,@fitoks,Best boys)))),0,2021-08-24T02:30:04Z,2021-08-24T02:30:04Z
UgwbmODe_e_M65M952d4AaABAg,,False,@maite_myt,seungmin is so handsome I can't-,38,2021-08-24T02:30:03Z,2021-08-24T02:30:03Z
UgwbmODe_e_M65M952d4AaABAg.9RPgtOgDlKR9YLiU8L-8Fa,UgwbmODe_e_M65M952d4AaABAg,True,@LIUSKAEditz8410,Ya 🤩,3,2022-02-12T13:06:44Z,2022-02-12T13:06:44Z
UgwbmODe_e_M65M952d4AaABAg.9RPgtOgDlKR9YtnAv9y2mk,UgwbmODe_e_M65M952d4AaABAg,True,@Chrisskyy,Yeahhhhhh😭🙈❤,2,2022-02-26T04:01:13Z,2022-02-26T04:01:13Z
UgwbmODe_e_M65M952d4AaABAg.9RPgtOgDlKRA9gCQKDMjmw,UgwbmODe_e_M65M952d4AaABAg,True,@diyarubel1783,Sm here,1,2024-10-17T05:45:32Z,2024-10-17T05:45:32Z
UgzS8Da4rbXxFYDMqPN4AaABAg,,False,@cynthiash9180,LOS AMO FLACOS 🥺🥺🤗🤗,0,2021-08-24T02:30:02Z,2021-08-24T02:30:02Z
Ugwd5v6xx7ubvKx7Fat4AaABAg,,False,@Milaaam-w2j,Temprano joder,0,2021-08-24T02:29:56Z,2021-08-24T02:29:56Z
UgxeX-2ycXPISKuF8KV4AaABAg,,False,@mick2028,Los amo,0,2021-08-24T02:29:52Z,2021-08-24T02:29:52Z
UgwHzLjroqY5o9mmLrd4AaABAg,,False,@wendytordecilla8579,❤️❤️,0,2021-08-24T02:29:52Z,2021-08-24T02:29:52Z
Ugw35JiAIT9DOMOJGzB4AaABAg,,False,@kade_3652,Not me trying to learn the dance—,0,2021-08-24T02:29:45Z,2021-08-24T02:29:45Z
UgwYnPW0YjWmC8NVM4h4AaABAg,,False,@armyxcarat733,ME ENCANTÓ  LA CANCIÓN LOS AMO CHICOS 💖,1,2021-08-24T02:29:38Z,2021-08-28T23:13:46Z
UgyEtu3hTMQsSLWKGNJ4AaABAg,,False,@martiistaar,LOS AMO MUCHO <33,0,2021-08-24T02:29:32Z,2021-08-24T02:29:32Z
UgzClHPUXZaexzK1eHF4AaABAg,,False,@Lean0909,BEST BOYS,0,2021-08-24T02:29:29Z,2021-08-24T02:29:29Z
UgyOPS-Ee06qSHfCJVp4AaABAg,,False,@ghazia6267,Awwww the babies 👶….. so cute 🥰,1,2021-08-24T02:29:27Z,2021-08-24T02:29:27Z
UgzG9kGJILpix0c22NV4AaABAg,,False,@Lean0909,LOS AMO TANTO <3,0,2021-08-24T02:29:25Z,2021-08-24T02:29:25Z
UgzjanEMyJr2Rxrslph4AaABAg,,False,@tzxa0004,"Prince Seungmin, THE triple threat: vocals, visuals & vibes 💚",940,2021-08-24T02:29:22Z,2021-08-24T02:29:22Z
UgzjanEMyJr2Rxrslph4AaABAg.9RPgoQmuz509RQs5Ig7d9o,UgzjanEMyJr2Rxrslph4AaABAg,True,@aifosa8370,The best comment in this video,21,2021-08-24T13:27:10Z,2021-08-24T13:27:10Z
UgzjanEMyJr2Rxrslph4AaABAg.9RPgoQmuz509RR2Azg8I_2,UgzjanEMyJr2Rxrslph4AaABAg,True,@tzxa0004,@@aifosa8370 Thanks my fellow Stay 🥰,8,2021-08-24T15:04:04Z,2021-08-24T15:04:04Z
UgzjanEMyJr2Rxrslph4AaABAg.9RPgoQmuz509U3fPBce7G2,UgzjanEMyJr2Rxrslph4AaABAg,True,@hanayo1374,He is the hidden main rapper tho 🔥,12,2021-10-29T02:47:56Z,2021-10-29T02:47:56Z
UgzjanEMyJr2Rxrslph4AaABAg.9RPgoQmuz50A9HkaUJQPds,UgzjanEMyJr2Rxrslph4AaABAg,True,@EnamulHqa275,​@@hanayo1374IK-HOW LIKE HOW???,0,2024-10-07T08:32:38Z,2024-10-07T08:32:38Z
UgykmkpMOsSgDecL4hF4AaABAg,,False,@ibullyAI,🔥🔥🔥🔥🔥,0,2021-08-24T02:29:16Z,2021-08-24T02:29:16Z
UgyCqH_UADwuFPux39l4AaABAg,,False,@hyunhocito,los amoo,0,2021-08-24T02:29:05Z,2021-08-24T02:29:05Z
UgwnWL-qhXDc0b7Ff4h4AaABAg,,False,@gstarry7572,Not me thinking I knew the choreo then they come out with THIS and show the real choreo,1,2021-08-24T02:28:53Z,2021-08-24T02:28:53Z
UgyeJsic_FeTla2xyWJ4AaABAg,,False,@joelismaralexandracastella5960,Ajuro se caminar):,0,2021-08-24T02:28:51Z,2021-08-24T02:28:51Z
UgzD6HbSe7UP-Tpobit4AaABAg,,False,@yang5493,"Wow lo subieron por todos lados, ya fui a compartirlo por todos lados igual, los amo <3",0,2021-08-24T02:28:30Z,2021-08-24T02:28:30Z
Ugwfhm7wb6WuZUyhZYJ4AaABAg,,False,@maunghae,승양,1,2021-08-24T02:28:21Z,2021-08-24T02:28:21Z
UgyAnnbQyHpPKzi0x654AaABAg,,False,@elynys,You make straykids stay😭💓,0,2021-08-24T02:28:17Z,2021-08-24T02:28:17Z
UgzFcVEHZ-9LH4z5k8J4AaABAg,,False,@hyunjinpolinesio,Reyes!!!!🤩❤️❤️❤️,0,2021-08-24T02:28:10Z,2021-08-24T02:28:10Z
UgyGmmTFoNYk3Swpm6h4AaABAg,,False,@СтейЛиЁнбок,Блин я щас читаю фантик там где они пара,0,2021-08-24T02:28:03Z,2021-08-24T02:28:03Z
UgwQ-TpvLfnLJZToyCJ4AaABAg,,False,@joelismaralexandracastella5960,Si hago eso quedo paralítica por un mes😭✋,0,2021-08-24T02:28:02Z,2021-08-24T02:28:02Z
UgzZGGB71qgi3-hcesp4AaABAg,,False,@lk_miau5429,GRACIAS POR TANTO Y PERDÓN POR TAN POCO. LOS AMO MUCHO,1,2021-08-24T02:28:01Z,2021-08-24T02:28:01Z
Ugxyx2xRWWRriePkcdJ4AaABAg,,False,@jinendraadsykaino3242,"OUR VOCAL DUO ALSO GOOD AT DANCE, YOKSHI STRAY KIDS!!!",0,2021-08-24T02:27:57Z,2021-08-24T02:27:57Z
UgzV66YfQgEzDzOqaMR4AaABAg,,False,@jazel7609,LOS AMOO<3,0,2021-08-24T02:27:46Z,2021-08-24T02:27:46Z
UgwYeOA1XrerSEGugbl4AaABAg,,False,@powpoww2957,maknaes are so precious im gonna cry😭,0,2021-08-24T02:27:38Z,2021-08-24T02:27:38Z
UgxeBCPtW8cUeQfK1c94AaABAg,,False,@abrilvelazquez7693,Ay que seguir haciendo stream 😼❤️,0,2021-08-24T02:27:34Z,2021-08-24T02:27:34Z
UgzO440rmzuTAyFuHMJ4AaABAg,,False,@kia2031,MIS NENES LOS AMO,1,2021-08-24T02:27:33Z,2021-08-24T02:27:33Z
Ugxe2KBdA7YzCjblmHF4AaABAg,,False,@abrilvelazquez7693,Tan lindos ❤️,0,2021-08-24T02:27:14Z,2021-08-24T02:27:14Z
UgxcwbyfsZx-P0454g54AaABAg,,False,@pvctricia,0:16 HAS TO BE ONE OF THE BEST PARTS OF THIS CHOREO,6,2021-08-24T02:27:04Z,2021-08-24T02:27:04Z
Ugzhz2NjsFOL0f2JxG54AaABAg,,False,@unknown-ow3xf,MIS CHIQUITOS LOS AMOOOOOOO,0,2021-08-24T02:26:52Z,2021-08-24T02:26:52Z
Ugy2kOsszhMJ5zAjxf54AaABAg,,False,@monicapartosa,my SONS,0,2021-08-24T02:26:45Z,2021-08-24T02:26:45Z
UgwMDUaAEX2xfm-40xF4AaABAg,,False,@aluckygirl75,"AHHHH QUE BELLOS!!!!
YO QUIERO ESTE CHALLENGE",0,2021-08-24T02:26:43Z,2021-08-24T02:26:43Z
UgxcdSbSGxklpzOxwNd4AaABAg,,False,@consuelovilchisjoselinadil5474,Omgggggg!!! Quieren matarmeeee? Ya no puedo con todo estooooo,1,2021-08-24T02:26:36Z,2021-08-24T02:26:36Z
Ugwae8bUZUaCk2eYemV4AaABAg,,False,@damdeath,Perfección,1,2021-08-24T02:26:36Z,2021-08-24T02:26:36Z
UgxyKoHztRkCb1LCmyF4AaABAg,,False,@jessicacastro364,DIOSSS TAAAN LINDOS!!!,0,2021-08-24T02:26:31Z,2021-08-24T02:26:31Z
UgzGvIimBCBf2gfVnO54AaABAg,,False,@entwovee7952,Gemes banget mereka,0,2021-08-24T02:26:27Z,2021-08-24T02:26:27Z
UgyzBu9zz5teJPqVV0N4AaABAg,,False,@18.kireinapg86,seragam pdi,0,2021-08-24T02:26:25Z,2021-08-24T02:26:25Z
UgwljgBWHZKUbTW3OLV4AaABAg,,False,@valera2743,LOS AMO MUCHO,0,2021-08-24T02:26:14Z,2021-08-24T02:26:14Z
Ugy0DP4my4cYHXvvW294AaABAg,,False,@hani.1450,yang jeongin body roll huaaa,0,2021-08-24T02:26:13Z,2021-08-24T02:26:13Z
UgwOUSrnGJsWnYkhc5Z4AaABAg,,False,@jambuklutuk5910,"Tali sepatunya lepas umoo, ngeri banget, ayo dibenerin dulu ay",0,2021-08-24T02:26:10Z,2021-08-24T02:26:10Z
UgxhHP84ASeCIEtxk854AaABAg,,False,@Alma-vj4nk,AWWWS los amo mucho gracias por esta obra de arte <3,1,2021-08-24T02:26:08Z,2021-08-24T02:26:08Z
UgzM7Ms-2hgL6Wt0-Yt4AaABAg,,False,@Maria-tv9zb,REYES,0,2021-08-24T02:26:08Z,2021-08-24T02:26:08Z
Ugy4MB2A5iCDYzbKJkZ4AaABAg,,False,@danielaorozco7548,Los peques juntos 😻,0,2021-08-24T02:26:08Z,2021-08-24T02:26:08Z
UgwiTXIA7HeGMryZ0tx4AaABAg,,False,@cinnamoongirl8,THE MAKNEA LINE IS SO CUTE,0,2021-08-24T02:26:00Z,2021-08-24T02:26:00Z
UgxjiGBrDx7cM-zmSH14AaABAg,,False,@jinae8598,In And Seungmin Are Good Dancers!,2,2021-08-24T02:25:59Z,2021-08-24T02:25:59Z
UgyMP2FYVuERQL7FIoR4AaABAg,,False,@claudechannel13,kim seungmin ❤️🔥,0,2021-08-24T02:25:56Z,2021-08-24T02:25:56Z
UgxtQBDn3CGhIc_G5qB4AaABAg,,False,@sOl-zi4qf,mis amorxitos,0,2021-08-24T02:25:44Z,2021-08-24T02:25:44Z
UgwL0OVbvsHph0kYLj14AaABAg,,False,@lowkey3515,mis amores los amo (stay no olvides hacer straam),0,2021-08-24T02:25:39Z,2021-08-24T02:25:39Z
Ugxy2fjpPh_XXN8_4lt4AaABAg,,False,@scott________8889,LATAM STAY LOS AMA DEMASIADO  <3,1,2021-08-24T02:25:39Z,2021-08-24T02:25:39Z
UgwI1i6NWBY5TwmtQZd4AaABAg,,False,@Valentiniana3000,STAY JOIN THE CHALLENGE TOOO!! it's promo and seems funny. Don't be shy ~ you can always cover yourself :3,0,2021-08-24T02:25:31Z,2021-08-24T02:25:31Z
Ugxpf7o3KkcsX7LRdJ14AaABAg,,False,@rianasadewo9854,I love you AYEN UMIN,0,2021-08-24T02:25:15Z,2021-08-24T02:25:15Z
Ugxyv0FpR6pM03uEtWp4AaABAg,,False,@cinthiaalejandro702,"Esos 25 mil que ya vieron el video también hagan el stream no sean pasados de verdura 😕no hemos llegado a las metas que nos propusimos , nos hacemos llamar el fandom más grande de la 4ta generación y no podemos con el stream",0,2021-08-24T02:25:10Z,2021-08-24T02:25:10Z
UgwOP_3cZCB_1Gw_5mB4AaABAg,,False,@qysyel,their moves are so neat and cool!,0,2021-08-24T02:24:41Z,2021-08-24T02:24:41Z
UgySPP8ncfIv5TJ5nvl4AaABAg,,False,@Yasmin-eg7cm,😍😍😍😍😍,0,2021-08-24T02:24:41Z,2021-08-24T02:24:41Z
Ugz1lL4yIBFUuyR1p8B4AaABAg,,False,@leexyret_,BODY ROLL I.N OMG😱😭🙏,0,2021-08-24T02:24:36Z,2021-08-24T02:24:36Z
UgwwNSYAYRrBMhPhfIZ4AaABAg,,False,@melissatrujillo1729,STRAY KIDS EVERYWHERE ALL AROUND THE WORLD <3,0,2021-08-24T02:24:28Z,2021-08-24T02:24:28Z
UgzPhbia6gSO8momUF94AaABAg,,False,@Malfxy,HAYYY MI AMORES CASENSE CONMIGOOO  💕💖💕💖💗💞💘💞💕💗💟💘💖💘💖💘💞💘💖💗💟💖💗💟💝💖💘💖💗💟💖💘💟💗💙💘💟💘💖,0,2021-08-24T02:24:26Z,2021-08-24T02:24:26Z
UgxrhUYrpY8IvQs-ZUZ4AaABAg,,False,@doxychees3,The body rolll😩😩😩😩😩,0,2021-08-24T02:24:26Z,2021-08-24T02:24:26Z
UgwxF16rVmGe5SPtg_d4AaABAg,,False,@kam3050,MIS CHIQUITOS LOS AMO,0,2021-08-24T02:24:17Z,2021-08-24T02:24:17Z
Ugykt1KvYFcGHXXqvVB4AaABAg,,False,@thekawaiigamer207,"Felix- Man I’m not sorry, I’m dirty or, Keep talking we don’t play by the rules. Their lines are iconic. ❤️",0,2021-08-24T02:24:14Z,2021-08-24T02:24:14Z
UgywYHN1jNgO6eE6XHt4AaABAg,,False,@hyune346,♡♡,0,2021-08-24T02:24:03Z,2021-08-24T02:24:03Z
UgzTiULAgJEJ77bipth4AaABAg,,False,@kamkozume8620,LOS AMOOOO,0,2021-08-24T02:23:59Z,2021-08-24T02:23:59Z
Ugy3aNi-QtsXZzPQYVZ4AaABAg,,False,@leexyret_,Cute team,0,2021-08-24T02:23:23Z,2021-08-24T02:23:23Z
UgxOIHeu-HrQGJGlzBR4AaABAg,,False,@user-dz9ho8qi3o,0:00,0,2021-08-24T02:23:22Z,2021-08-24T02:23:22Z
Ugy4bf6-l1gssCNtqHx4AaABAg,,False,@Treasure_12tkmshbgydm,i love you seungmin and jeongin,1,2021-08-24T02:23:15Z,2021-08-24T02:23:15Z
UgyFwgHil3lA847igkx4AaABAg,,False,@nonatwice,يااااااااااااااااا😭💟,0,2021-08-24T02:23:13Z,2021-08-24T02:23:13Z
Ugy7EA9hv99qPBFFwxF4AaABAg,,False,@캐롤라이나-y3q,SEUNGMIN TE AMOOOOO,8,2021-08-24T02:23:05Z,2021-08-24T02:23:05Z
UgwSKhoLwuCAcYzGRaF4AaABAg,,False,@almabertoldo1070,Q BELLO LLORO,0,2021-08-24T02:23:04Z,2021-08-24T02:23:04Z
UgxQWwqW35WnPxmvBFt4AaABAg,,False,@leexyret_,AAAAA SEUNGI.N,0,2021-08-24T02:23:02Z,2021-08-24T02:23:02Z
Ugz8RX8dlzlM69gkBkd4AaABAg,,False,@almabertoldo1070,HERMOSOS,0,2021-08-24T02:22:57Z,2021-08-24T02:22:57Z
UgwNF9qw4E9z49SEsu54AaABAg,,False,@almabertoldo1070,LOS AMO,0,2021-08-24T02:22:53Z,2021-08-24T02:22:53Z
Ugz8HHG21HMwCXKCqHV4AaABAg,,False,@강승용-l1p,"스트레이 키즈 남팬 입니다. 최애는 현진님!
이번 신곡 노래,댄스,뮤비 까지 중독성이 장난 아니네요! ㄷㄷㄷ",0,2021-08-24T02:22:53Z,2021-08-24T02:22:53Z
UgxlYkMu3cLJ1XrT0F94AaABAg,,False,@marelikgaspariano3226,La canción y coreografia son geniales y ellos también lo son✨❤,1,2021-08-24T02:22:44Z,2021-08-24T02:22:44Z
Ugz7m03qgKUnWitXYNV4AaABAg,,False,@캐롤라이나-y3q,"DIOSES  , REYES , BELLOS , LOS SERES  MÁS HERMOSOS DEL UNIVERSO.",1,2021-08-24T02:22:42Z,2021-08-24T02:22:42Z
UgxrjjYMaGzz_FIWeUl4AaABAg,,False,@mariapaulamarinperez,"COMO HAN CRECIDO!!! SON MUY TALENTOSOS!!!❤️❤️ TODO SU ESFUERZO, ES INCREÍBLE!!❤️❤️",6,2021-08-24T02:22:27Z,2021-08-24T02:22:27Z
Ugzw6Cc7dZhmklICZ-N4AaABAg,,False,@jimenablanco1064,LOS AMOOOOOOOOOOOOOO ♡.♡,0,2021-08-24T02:22:27Z,2021-08-24T02:22:27Z
UgxHHrteujpjRYT4XJl4AaABAg,,False,@brooklynwhite3643,I love this comebackkkkk,0,2021-08-24T02:22:27Z,2021-08-24T02:22:27Z
UgygpaGo2iBplbOL5xF4AaABAg,,False,@whyyoumadwhyyousadptuiptui2356,seungmin and i.n cheese😁📸,0,2021-08-24T02:22:22Z,2021-08-24T02:22:22Z
UgzNwwugKZRuqDi67D54AaABAg,,False,@thekawaiigamer207,OMG!!!,0,2021-08-24T02:22:17Z,2021-08-24T02:22:17Z
Ugy-Dn-9kWVM_M1-20B4AaABAg,,False,@jhoanadorantes9209,Dioses,0,2021-08-24T02:21:56Z,2021-08-24T02:21:56Z
UgxEpDaA9iyWiDKvAut4AaABAg,,False,@Elamericanodehyunjin,"Aun que me rompa 20 huesos con el baile, lo intentaré >:D🇲🇽",1,2021-08-24T02:21:54Z,2021-08-24T02:22:02Z
UgxtNdoqM4SaASHhPvl4AaABAg,,False,@Taengmo182,So cute,0,2021-08-24T02:21:38Z,2021-08-24T02:21:38Z
UgycoWTWYs5VnivU46J4AaABAg,,False,@anakarolinasilva6201,KINGS,0,2021-08-24T02:21:37Z,2021-08-24T02:21:37Z
Ugw-0mcKFhJFjYKo7EN4AaABAg,,False,@changbiniedwaekki2274,Gemessss,0,2021-08-24T02:21:32Z,2021-08-24T02:21:32Z
UgxfmJ0dr3rf6zWr-Ml4AaABAg,,False,@mari0689,Hermosos,0,2021-08-24T02:21:15Z,2021-08-24T02:21:15Z
Ugwj_92CZ3ApC3Z4eK94AaABAg,,False,@nanafrombelarus9384,эти милашшкии~ я не могуууу,0,2021-08-24T02:21:08Z,2021-08-24T02:21:08Z
UgxgZvxO7D63801Vxwt4AaABAg,,False,@Spbinnie,LO SUBIAN A YT KSLJDKLAS BASTA QUE LINDOS,1,2021-08-24T02:21:00Z,2021-08-24T02:21:00Z
Ugz1OgFq553qlt2xQjl4AaABAg,,False,@sarahh7705,Me alegran la vida <3,0,2021-08-24T02:20:58Z,2021-08-24T02:20:58Z
UgyNn081KSfLHVmX7bx4AaABAg,,False,@intanjannah3809,What IN always does : 😊😁🥰😄😉,1,2021-08-24T02:20:51Z,2021-08-24T02:20:51Z
UgxzZ4KTzsqufpAOecJ4AaABAg,,False,@sarahh7705,"Holaa, ustedes y ese temazo de fondo son lo más top",0,2021-08-24T02:20:47Z,2021-08-24T02:20:47Z
UgxYFOc_lT7o7VojnXh4AaABAg,,False,@paracasa1718,"simply this album is the best I have heard in my life, it shows the great job they did, they did incredible, skz never disappoints",8,2021-08-24T02:20:46Z,2021-08-24T02:20:46Z
Ugyx1K7EchMgseTYZMV4AaABAg,,False,@revrtx4299,GUYSSS STREAMM!!!,0,2021-08-24T02:20:41Z,2021-08-24T02:20:41Z
Ugym5rHTBuGQ5nbuFK14AaABAg,,False,@hyunfil3524,BAES,0,2021-08-24T02:20:29Z,2021-08-24T02:20:29Z
UgzK9GgjJkbvK2Ho0654AaABAg,,False,@tksxm,Oha,0,2021-08-24T02:20:10Z,2021-08-24T02:20:10Z
UgzIfMbeylrumw3r3lF4AaABAg,,False,@nay1580,me lo quiero aprender pero soy malísima bailando /llora,0,2021-08-24T02:20:07Z,2021-08-24T02:20:43Z
UgwFt4JocFJR6qFoRMd4AaABAg,,False,@lluviacervantes,Kings,0,2021-08-24T02:20:03Z,2021-08-24T02:20:03Z
UgyTprOW7EcShhdtKYR4AaABAg,,False,@bambamjujuji,MAKNAE ON TOP ft. seungmin,1,2021-08-24T02:20:03Z,2021-08-24T02:20:03Z
UgxmiOXPGcTRYCohzmN4AaABAg,,False,@aagooss_,Los amooo,1,2021-08-24T02:19:48Z,2021-08-24T02:19:48Z
UgyiBsRHAHLhfYxhMqB4AaABAg,,False,@zafiragarcia8225,DICHOSA POR COINCIDIR EN LA MISMA ERA QUE USTEDES Y APRECIAR LO PERFECTOS QUE SON,0,2021-08-24T02:19:46Z,2021-08-24T02:19:46Z
UgyQg1xd50bCaXOvH194AaABAg,,False,@aagooss_,AMO,1,2021-08-24T02:19:39Z,2021-08-24T02:19:39Z
Ugwzkm0WJQU85GezWB14AaABAg,,False,@nay1580,son demasiado hermososs,0,2021-08-24T02:19:38Z,2021-08-24T02:19:38Z
UgwFvaQFfr9SWHI2s_h4AaABAg,,False,@skymin1563,YES KINGS,0,2021-08-24T02:19:36Z,2021-08-24T02:19:36Z
UgzkE_a9cJrIHdQAxtd4AaABAg,,False,@vely_stofy9336,LOS AMOOO,0,2021-08-24T02:19:32Z,2021-08-24T02:19:32Z
UgxU0EPAbM7niY59dYJ4AaABAg,,False,@loveskz9878,Tan orgullosa de mis niños! Los amo muchooo son increíbles sigan creciendo que aquí está Stay para apoyarlos en todo lo bueno <3,26,2021-08-24T02:19:21Z,2021-08-24T02:19:21Z
UgxU0EPAbM7niY59dYJ4AaABAg.9RPff6orUm69RT_YDgJizp,UgxU0EPAbM7niY59dYJ4AaABAg,True,@emmylvsskz,Si <3,1,2021-08-25T14:42:49Z,2021-08-25T14:42:49Z
UgxU0EPAbM7niY59dYJ4AaABAg.9RPff6orUm69WDvd-Va4xY,UgxU0EPAbM7niY59dYJ4AaABAg,True,@cutieMINN1E,"Si, Si y Si <3",1,2021-12-21T19:24:58Z,2021-12-21T19:24:58Z
UgxXtMHBmsvY0pDA1Tx4AaABAg,,False,@laleee143,Son lo mejor del mundo mundial <3,1,2021-08-24T02:19:18Z,2021-08-24T02:19:18Z
UgzOz4dl6O55fmHFKzh4AaABAg,,False,@raquelestrella5551,Pls make a challenge of Surfin,0,2021-08-24T02:19:15Z,2021-08-24T02:19:15Z
UgxVVp4nV8FsGtIH0dF4AaABAg,,False,@夜-t3g,かはへえええええ/////,0,2021-08-24T02:19:14Z,2021-08-24T02:19:14Z
UgxbF88l-V9HWrUn45R4AaABAg,,False,@wtflena8,Cansada de que me anden flechando fuerte con sus sonrisas,0,2021-08-24T02:19:11Z,2021-08-24T02:19:11Z
Ugy_L2bQ86TvUKDUFot4AaABAg,,False,@nay1580,los amo muchísimo,0,2021-08-24T02:19:02Z,2021-08-24T02:19:02Z
UgyrkGzO4B6-0_WpvwR4AaABAg,,False,@dayanaroque803,Me muero de ternura los dos maknae son una cosita adorales parece los bebes de skz 😍🥺❤️,0,2021-08-24T02:19:00Z,2021-08-24T02:19:00Z
Ugyuo5YxqHznj7xl6Nl4AaABAg,,False,@emeraldfab4977,My two babies😙,0,2021-08-24T02:18:58Z,2021-08-24T02:18:58Z
UgxjjjxN8X1R4VMQzkh4AaABAg,,False,@jahaira6419,I.N Muy pronto como Spiderman,0,2021-08-24T02:18:54Z,2021-08-24T02:18:54Z
UgykX7memQ8wlAmIRrV4AaABAg,,False,@linoncitop,MIS NIÑOS SON TAN PRECIOSOS <3,0,2021-08-24T02:18:50Z,2021-08-24T02:18:50Z
Ugxkpbrn_XS0EK-29S94AaABAg,,False,@minyoon5374,nooo but JEONGIN's hair sticking out I'm crying hsbzbxxn,1,2021-08-24T02:18:45Z,2021-08-24T02:18:45Z
UgxTFhhBrfBcXN0CCjN4AaABAg,,False,@svcsami,divinos,0,2021-08-24T02:18:44Z,2021-08-24T02:18:44Z
Ugz4HLs17ez1dGiDdQN4AaABAg,,False,@vi_vi7,Sus sonrisas me dan mil años de vida 🥰,0,2021-08-24T02:18:40Z,2021-08-24T02:18:40Z
UgyHmwNL5PbphEr7Xet4AaABAg,,False,@farielys2170,Novios míos♡,0,2021-08-24T02:18:35Z,2021-08-24T02:18:35Z
UgzH4fNCMkGdBqoEJAB4AaABAg,,False,@chuchumud,awwww SeungIn,0,2021-08-24T02:18:32Z,2021-08-24T02:18:32Z
UgzhMTubv7IBiRp3Eh94AaABAg,,False,@kurikochan8541,THIS IS OUR VOCAL RACHA GOOOO,0,2021-08-24T02:18:30Z,2021-08-24T02:18:30Z
UgysXFayezvlfFNz8Hh4AaABAg,,False,@damarisbenites4539,"Noches, porque buena la coreografía de thunderous",0,2021-08-24T02:18:26Z,2021-08-24T02:18:26Z
UgzvlPPY17fre2LhPxp4AaABAg,,False,@minyoon5374,lmaooo cute,0,2021-08-24T02:18:24Z,2021-08-24T02:18:24Z
UgxniNy069bXwuvn5sJ4AaABAg,,False,@thewayfelixlookatchangbin8341,YEAY,0,2021-08-24T02:18:24Z,2021-08-24T02:18:24Z
UgxsndrdaSIIvwy58j14AaABAg,,False,@chu_bianca,"This Comeback Was FIRE!!! 
And I really really love the B-sides 🥰🥰🥰🥰🥰",1,2021-08-24T02:18:23Z,2021-08-24T02:18:23Z
UgyS7OySaRpZuPQk8Xl4AaABAg,,False,@fatimaerrimali6866,In and seungmin so cute,0,2021-08-24T02:18:23Z,2021-08-24T02:18:23Z
UgynDZcc34UCBsnIJyx4AaABAg,,False,@nath_me,<3,0,2021-08-24T02:18:20Z,2021-08-24T02:18:20Z
UgxOjeKEFBcOP7gw3Fx4AaABAg,,False,@maiteyanubis,QUE LINDOOOOS<3,0,2021-08-24T02:18:15Z,2021-08-24T02:18:15Z
UgxQwd4Hu255vLjWdGp4AaABAg,,False,@etherealbinnie2496,CUTE,0,2021-08-24T02:18:13Z,2021-08-24T02:18:13Z
UgzhBK7sjkMpzRkTE0F4AaABAg,,False,@abril_8,"LOS AMOOOOOO, SON MI MÁS GRANDE ORGULLO",0,2021-08-24T02:18:12Z,2021-08-24T02:18:12Z
Ugy3jL5yjMx8Hd3jXTp4AaABAg,,False,@Mari-hm7vc,bonitoooooos,0,2021-08-24T02:18:07Z,2021-08-24T02:18:07Z
Ugz19qSTzUJUGjZEhJl4AaABAg,,False,@samii4593,Los amo chicos,0,2021-08-24T02:18:00Z,2021-08-24T02:18:00Z
Ugw9dWPzQYCjcCxYEDZ4AaABAg,,False,@stayv9496,Míos,0,2021-08-24T02:17:59Z,2021-08-24T02:17:59Z
UgwtgT8J3CGi0GJOkSt4AaABAg,,False,@skz9468,CUTIES,0,2021-08-24T02:17:58Z,2021-08-24T02:17:58Z
Ugz0U6tgEUi1tVpNcqV4AaABAg,,False,@xinabu7307,AHHHH SU BAILE ADOROOO (●♡∀♡),0,2021-08-24T02:17:55Z,2021-08-24T02:17:55Z
UgxpmnM29K7w0ZevA4p4AaABAg,,False,@teamojeongin,SON LOS MEJOREES,0,2021-08-24T02:17:48Z,2021-08-24T02:17:48Z
UgxP4rPes1fzs552d3V4AaABAg,,False,@danna-zb2tn,you deserve everything,0,2021-08-24T02:17:26Z,2021-08-24T02:17:26Z
Ugx45LoP94JOux7rUmp4AaABAg,,False,@chzz1244,치인다 치여...❤️❤️❤️,0,2021-08-24T02:17:24Z,2021-08-24T02:17:24Z
UgzouBr0BT4BEuQOLoF4AaABAg,,False,@felixsunshine8851,Ahhhh anak bundaa,0,2021-08-24T02:17:23Z,2021-08-24T02:17:23Z
Ugz6v-iFVsI_aWsEkRB4AaABAg,,False,@andy-iy9gg,maknaes on top ✨,0,2021-08-24T02:17:20Z,2021-08-24T02:17:20Z
Ugw_9eBJzABtCFB6txt4AaABAg,,False,@sujiongje.,LOSAMO MUCHO AAAAA,0,2021-08-24T02:17:20Z,2021-08-24T02:17:20Z
UgwO7nTuZ-lujZkwS494AaABAg,,False,@squid581,VOCALRACHA,0,2021-08-24T02:17:17Z,2021-08-24T02:17:17Z
Ugz8Qyr5m6uhNb_0_hV4AaABAg,,False,@sujiongje.,DIOS Q PRECIOSOS SE VEN,0,2021-08-24T02:17:12Z,2021-08-24T02:17:12Z
UgzAMkRX7rd7UgLvx_p4AaABAg,,False,@giovannavillcaabrego7704,Wow lo hicieron muy bien los amo,0,2021-08-24T02:17:03Z,2021-08-24T02:17:03Z
Ugyfo4v-uGPCEWPEnHx4AaABAg,,False,@sujiongje.,MIS VARONESSSS,0,2021-08-24T02:17:03Z,2021-08-24T02:17:03Z
Ugxcj4nU4szvN5F6yCV4AaABAg,,False,@Sunshine-fo6sj,"Chiquitos, STAY promete darles ese WIN. ( ˘ ³˘)♥",0,2021-08-24T02:16:59Z,2021-08-24T02:16:59Z
UgwyRZzp1ceGRM8h7fh4AaABAg,,False,@HyeBinniee,ahhhh how to learn,0,2021-08-24T02:16:47Z,2021-08-24T02:16:47Z
Ugymp-3_RFCPPB87_3N4AaABAg,,False,@monicabautista6557,THIS IS SO CUTEEEE VOCALRACHA,0,2021-08-24T02:16:46Z,2021-08-24T02:16:46Z
UgwvwsG4DQJ4phgzdD94AaABAg,,False,@Sunshine-fo6sj,"Son las cositas más tiernas del mundo. ¡Gracias por existir, ángeles! ꒰⑅ᵕ༚ᵕ꒱˖♡",0,2021-08-24T02:16:36Z,2021-08-24T02:16:36Z
UgzY_omun3YKmbAPjCJ4AaABAg,,False,@pariyakeshvari540,They are soooo cute,0,2021-08-24T02:16:31Z,2021-08-24T02:16:31Z
UgwL7Zy6QebEA0XI78x4AaABAg,,False,@marizolsaavedrapanduro1942,MIS WAWAS LOS AMO,0,2021-08-24T02:16:28Z,2021-08-24T02:16:28Z
UgyzN_MfjLzUdiysyNJ4AaABAg,,False,@isabels7268,Que lindos~°,0,2021-08-24T02:16:20Z,2021-08-24T02:16:20Z
UgzTWnc3FDHM63dbH354AaABAg,,False,@thai747,"MEUS, SÓ MEUS😭😭",0,2021-08-24T02:16:20Z,2021-08-24T02:16:20Z
Ugx31CLMXFINo_fsGel4AaABAg,,False,@inooou,aww uri maknae line very cutee >___<,0,2021-08-24T02:16:19Z,2021-08-24T02:16:19Z
Ugyj0Bzi0oLbQAXxoGx4AaABAg,,False,@Verrmell,Tengo que aprendérmelo sí o sí.,0,2021-08-24T02:16:16Z,2021-08-24T02:16:16Z
Ugx_RLb72z8nrA5V_DR4AaABAg,,False,@user-tg6wk3eg7s,DISO QUE LINDOOOOS <3,1,2021-08-24T02:16:14Z,2021-08-24T02:16:14Z
Ugy5xFnIVoS_mxqU0pZ4AaABAg,,False,@btsarmyblinkstayatinymoa7909,"Our Maknaes are the cutest thing ever 🥺💜💜🖤 
UwU *insert Felix deep voice and aussie accent*",0,2021-08-24T02:16:12Z,2021-08-24T02:16:12Z
UgwJDwMxqxATNjhHaxN4AaABAg,,False,@hyxnhw8895,"Que bellos que son AAAA, TT",1,2021-08-24T02:16:10Z,2021-08-24T02:16:10Z
UgwHTFRzqNqLHrvESIB4AaABAg,,False,@maritzap.s520,"Ya está, aquí se tiene que hacer challenge <3",1,2021-08-24T02:16:07Z,2021-08-24T02:16:07Z
Ugx6XRtWp0_PeUA4_nt4AaABAg,,False,@egg8989,CUTE,0,2021-08-24T02:16:02Z,2021-08-24T02:16:02Z
UgwYcjZhBWyRcAyYf7t4AaABAg,,False,@ohheyimjey,You guys are so adorable 😭😭😭😭,0,2021-08-24T02:16:00Z,2021-08-24T02:16:00Z
UgxmIwtJqXqV0HXmqXl4AaABAg,,False,@sleepyshithead,MAKNAE LINE SUPERMACY !!!!!!!,1,2021-08-24T02:15:55Z,2021-08-24T02:15:55Z
UgxxHhi_kwdbFx4rW-Z4AaABAg,,False,@Verrmell,REYES,0,2021-08-24T02:15:55Z,2021-08-24T02:15:55Z
Ugzdn9Yfrvq7eoxdn8p4AaABAg,,False,@Verrmell,¡OH POR DIOS! ¡LOS AMO CHICOS!,0,2021-08-24T02:15:49Z,2021-08-24T02:15:49Z
Ugy0DoxCKRFaTyOJxFR4AaABAg,,False,@sashalopezravelo37,Tan lindos,0,2021-08-24T02:15:49Z,2021-08-24T02:15:49Z
UgzMBykTGY9ws03olrx4AaABAg,,False,@chocochipquokka,I love this choreo so muchhhhh it's so good,0,2021-08-24T02:15:46Z,2021-08-24T02:15:46Z
UgxF-OL1WI4x2RrOp0h4AaABAg,,False,@dreamyme6210,Fighting !,0,2021-08-24T02:15:46Z,2021-08-24T02:15:46Z
Ugz6JpEHsptGKvRoXup4AaABAg,,False,@user-vc7hc5th4r,LOS AMOOO,0,2021-08-24T02:15:33Z,2021-08-24T02:15:33Z
UgwQouwvmzPXdDCSxGV4AaABAg,,False,@babybread,maknae supremacy,0,2021-08-24T02:15:32Z,2021-08-24T02:15:32Z
UgwCSkz9OJddXVrjhBh4AaABAg,,False,@romel4984,Kings,0,2021-08-24T02:15:27Z,2021-08-24T02:15:27Z
Ugz3BdgsHU2tkdsV8GB4AaABAg,,False,@lilo757,Bebitos ^^,0,2021-08-24T02:15:22Z,2021-08-24T02:15:22Z
Ugxz7lSUoAer5b4Hwhx4AaABAg,,False,@anjelicasoliz5810,Stays are very spoiled ❤,0,2021-08-24T02:15:20Z,2021-08-24T02:15:20Z
UgyR97e8zi57mPwSy2Z4AaABAg,,False,@lucianaelenaa,LOS AMO MIS REYES HERMOSOS,0,2021-08-24T02:15:15Z,2021-08-24T02:15:15Z
UgzF-ZoOr0EGdYB4ffF4AaABAg,,False,@CynthiaBarMoTShaoi,"Stay por favor no paren de reproducir Thunderous, no hemos llegado ni siquiera a la meta mínima! Es demasiado importante para ganar wins!",0,2021-08-24T02:15:14Z,2021-08-24T02:16:25Z
UgzczxXG07xuVBnvohZ4AaABAg,,False,@rominacabrieles6215,q hermosooooos,0,2021-08-24T02:15:10Z,2021-08-24T02:15:10Z
UgzFLgeVs2ehTvnoORF4AaABAg,,False,@hienthu52,Ayyyyyyy,0,2021-08-24T02:15:10Z,2021-08-24T02:15:10Z
UgzMy5r4Tua4Zn6bFpV4AaABAg,,False,@julienguyen9053,I finish watching all the versions and Seungmin and I.N made the dance look the easiest,161,2021-08-24T02:15:09Z,2021-08-24T02:15:09Z
UgzMy5r4Tua4Zn6bFpV4AaABAg.9RPfBGlHJSs9S3E_vH6IS2,UgzMy5r4Tua4Zn6bFpV4AaABAg,True,@tisttrs6337,They did it in tiny and cute,4,2021-09-09T05:42:05Z,2021-09-09T05:42:05Z
UgzMy5r4Tua4Zn6bFpV4AaABAg.9RPfBGlHJSs9S3Ebn0Xp1V,UgzMy5r4Tua4Zn6bFpV4AaABAg,True,@tisttrs6337,Hyunlix' one looked a bit hard,1,2021-09-09T05:42:20Z,2021-09-09T05:42:20Z
UgzLRB-wPFWHWbmSjp14AaABAg,,False,@lucianaelenaa,"MIS LINDOS, VOY A HACER EL TREND AHORA MISMO POR USTEDES",0,2021-08-24T02:15:05Z,2021-08-24T02:15:05Z
UgwQCMlHzsTTmcyXMnd4AaABAg,,False,@aim2476,SEUNGMIN,1,2021-08-24T02:15:04Z,2021-08-24T02:15:04Z
UgxIH3uiPNUSEqNCqtt4AaABAg,,False,@flowerbloom..,"Honesty, as they should 💅💅",4,2021-08-24T02:15:03Z,2021-08-24T02:15:03Z
Ugza_X6XrApj_qZrjK14AaABAg,,False,@elo0143,Esta coreografía es perfección,0,2021-08-24T02:14:59Z,2021-08-24T02:14:59Z
Ugzfzm9gsprfid6KyuF4AaABAg,,False,@yuyavillanueva4624,"LOS AMO, SE MERECEN LO MEJOR DE ESTE MUNDO.",92,2021-08-24T02:14:57Z,2021-08-24T02:14:57Z
Ugzfzm9gsprfid6KyuF4AaABAg.9RPf9mr4Pks9RPh5qM5K9x,Ugzfzm9gsprfid6KyuF4AaABAg,True,@amandaconsuelogutierrezper4548,si,0,2021-08-24T02:31:53Z,2021-08-24T02:31:53Z
UgySqjO_GOQHGqa8IK94AaABAg,,False,@suarez2229,OPORDIOS SON LOS MEJORES LOS AMO,0,2021-08-24T02:14:52Z,2021-08-24T02:14:52Z
UgyDQqEos6rKk9EeiTV4AaABAg,,False,@mariano7347,"LOS MEJORES VOCALES😊,SE MERECEN LO MEJOR.HAGAN STRE4M A THUNDEROUS☺️",223,2021-08-24T02:14:49Z,2021-08-24T02:14:49Z
Ugy_8Q8dAKNqOXsMsLJ4AaABAg,,False,@loopiee8,our vocalracha slaying the dance ey!!!,0,2021-08-24T02:14:49Z,2021-08-24T02:14:49Z
UgwAIGNNcwR3kdE2_KZ4AaABAg,,False,@나마스테이,귀여워….,0,2021-08-24T02:14:49Z,2021-08-24T02:14:49Z
UgzECrHmMGp7_6eJ0fZ4AaABAg,,False,@Yizhan-sd5lw,Gemes banget mamaaaaaaaaa,0,2021-08-24T02:14:46Z,2021-08-24T02:14:46Z
UgxXYyq-ObwLPlZ1vmF4AaABAg,,False,@alejandranavarrete3698,Que hermosos UuU,0,2021-08-24T02:14:43Z,2021-08-24T02:14:43Z
UgzCWKjvC7eZtT5NTQl4AaABAg,,False,@kthi9073,los amo mucho <3,0,2021-08-24T02:14:40Z,2021-08-24T02:14:40Z
UgwdHCbXc6I7g2dhNFt4AaABAg,,False,@yuyavillanueva4624,Seungmin mi varón. 💗,1,2021-08-24T02:14:37Z,2021-08-24T02:14:37Z
UgyQQTjS0272RbBdJ3J4AaABAg,,False,@vicoxhysteria,Seungmin los cordoneeeeees,0,2021-08-24T02:14:24Z,2021-08-24T02:14:24Z
UgwDJB6VBlPB86GTfuN4AaABAg,,False,@jackymz_6778,KINGS,0,2021-08-24T02:14:21Z,2021-08-24T02:14:21Z
UgxY5YU4o49f5wTh9554AaABAg,,False,@user-jf4bx4st7j,CUTIE,0,2021-08-24T02:14:19Z,2021-08-24T02:14:19Z
UgzPwId4CKrahoVWuIN4AaABAg,,False,@esteysicruz6364,Quiero intentarloooooo,0,2021-08-24T02:14:12Z,2021-08-24T02:14:12Z
UgxRHo0fuEDRf3CRTOd4AaABAg,,False,@Mar-bw8dp,Siempre tan guapos,0,2021-08-24T02:14:08Z,2021-08-24T02:14:08Z
UgxK2R6W_CyvzYffIdh4AaABAg,,False,@22OctobersBreakdown,"Amooooo
No dan más de bellos",0,2021-08-24T02:13:58Z,2021-08-24T02:13:58Z
UgwyYRw4aTxnG_O4tlF4AaABAg,,False,@spearbchan8710,Reyes,0,2021-08-24T02:13:57Z,2021-08-24T02:13:57Z
UgyO6we9aGPAkHn5ONF4AaABAg,,False,@sele_monte,The babies🥺❤❤❤❤❤,1,2021-08-24T02:13:57Z,2021-08-24T02:13:57Z
UgyCR_44XK1BL-jP5zN4AaABAg,,False,@swararatnaparkhi2004,Now this is something I won't mind seeing the first thing in the morning,0,2021-08-24T02:13:49Z,2021-08-24T02:13:49Z
Ugy8Q071DAwWwuZkOBl4AaABAg,,False,@losojitosdejeongin9744,OMG!! I love You guys. Keep streaming STAY!!!,0,2021-08-24T02:13:49Z,2021-08-24T02:13:49Z
UgxEoGTlzQPaFYnlhrp4AaABAg,,False,@shitr00,"DIOS SE VEN TAN BONITOS, LOS AMO<3",1,2021-08-24T02:13:47Z,2021-08-24T02:13:47Z
UgyV1UGZO7M4OuBltit4AaABAg,,False,@odiviews,I’m screaming,0,2021-08-24T02:13:46Z,2021-08-24T02:13:46Z
Ugxljy6bP1FjgTr-MRV4AaABAg,,False,@jhanatrisharotaquio37,Our Maknae's is the cutest 😍,3,2021-08-24T02:13:31Z,2021-08-24T02:13:31Z
UgwrPe8G9Z8f8ZMqt0x4AaABAg,,False,@nabaaang,아앙 귀여워,0,2021-08-24T02:13:29Z,2021-08-24T02:13:29Z
UgwsV_yrYSVBisVfFkx4AaABAg,,False,@fabiolagonzalez5836,I LOVE YOU SO MUCH,0,2021-08-24T02:13:26Z,2021-08-24T02:13:26Z
Ugx3hSRSCBHIP45IPBN4AaABAg,,False,@ItzYoGurlMicahYT,yes,0,2021-08-24T02:13:23Z,2021-08-24T02:13:23Z
Ugwmz_TY_CkthnLQPAl4AaABAg,,False,@imstayeee_0,My bias line.....uwu,0,2021-08-24T02:13:23Z,2021-08-24T02:13:23Z
UgzmIv6uCOcZejgzxZR4AaABAg,,False,@owo7097,GODDDD,0,2021-08-24T02:13:20Z,2021-08-24T02:13:20Z
UgyWNrp5vWJCFjCDWnl4AaABAg,,False,@genesi3336,🔥🔥,0,2021-08-24T02:13:20Z,2021-08-24T02:13:20Z
UgwuHDx1SighdbA6L214AaABAg,,False,@Lee-kt7yw,Me muero de ternura,0,2021-08-24T02:13:20Z,2021-08-24T02:13:20Z
UgynJSbC04bwJcM7TM94AaABAg,,False,@fernanda-ld6oq,LOS AMOO,0,2021-08-24T02:13:18Z,2021-08-24T02:13:18Z
Ugx5WzlME7b78et7D1R4AaABAg,,False,@kkli4391,FOX AND PUPPY,0,2021-08-24T02:13:07Z,2021-08-24T02:13:07Z
Ugy3gQ1nw7vzzm5bHdl4AaABAg,,False,@get_se,Que hermosos mis chiquis los amo,0,2021-08-24T02:13:02Z,2021-08-24T02:13:02Z
UgybC_xeQO0Y_Yi6to54AaABAg,,False,@juliirdgz,LOS AMOOO,0,2021-08-24T02:12:59Z,2021-08-24T02:12:59Z
UgxOICxBUOgBdAs2ZE14AaABAg,,False,@imstayeee_0,My bias line.....uwu,0,2021-08-24T02:12:55Z,2021-08-24T02:12:55Z
UgwAXGWjE-SOqcD1Xdl4AaABAg,,False,@TakeoverPigeon,Excited!,0,2021-08-24T02:12:53Z,2021-08-24T02:12:53Z
UgyeARYlFwWqXEHwSqt4AaABAg,,False,@PoppyXiaan,Los amo mucho [cry],0,2021-08-24T02:12:53Z,2021-08-24T02:12:53Z
UgxkdjD-H_1DDorup2Z4AaABAg,,False,@leryarias5756,Que hermosos 😍😍😍😍,0,2021-08-24T02:12:46Z,2021-08-24T02:12:46Z
Ugx1UqftGQMiZvz7Ggt4AaABAg,,False,@Nini-ir8ip,por ustedes obvio me aprendo la coreo,0,2021-08-24T02:12:45Z,2021-08-24T02:12:45Z
UgztdpvZZ05h1xO6LQx4AaABAg,,False,@elsa_sbr,So handsome,0,2021-08-24T02:12:44Z,2021-08-24T02:12:44Z
Ugxn_1x1fVNIrjh0QGp4AaABAg,,False,@loopiee8,i love you both♡♡♡,0,2021-08-24T02:12:40Z,2021-08-24T02:12:40Z
Ugz_iZQPA3bWFFR4Tc54AaABAg,,False,@habitzx,LOS AMO,0,2021-08-24T02:12:37Z,2021-08-24T02:12:37Z
UgzkoeHzoDpIKSfg6rx4AaABAg,,False,@anastasia6997,early,0,2021-08-24T02:12:36Z,2021-08-24T02:12:36Z
UgxKGdtcaTcjvauvURB4AaABAg,,False,@moonlodydream,"Eso tilín, dale tilín xd",1,2021-08-24T02:12:36Z,2021-08-24T02:12:36Z
Ugx6WqKkmzDV8KIShN54AaABAg,,False,@kiaranoami,♡︎♡︎♡︎♡︎♡︎♡︎,0,2021-08-24T02:12:35Z,2021-08-24T02:12:35Z
UgxmPG9OTc6X3E80put4AaABAg,,False,@jessymarjessy932,Hermosos y talentosos me encantan,1,2021-08-24T02:12:32Z,2021-08-24T02:12:32Z
UgwRIS47dlijxN_Da-F4AaABAg,,False,@florchnlxjj4401,ESOOO SE VIENE CHALLENGE. LOS AMO MIS REYESS,0,2021-08-24T02:12:28Z,2021-08-24T02:12:28Z
Ugx0aNty5EM-J4Z8oX14AaABAg,,False,@anns9544,Seungmin I.N look so good in these red outfits love this comeback look!,7,2021-08-24T02:12:19Z,2021-08-24T02:12:19Z
UgzbdqNX6nt9KKalO6t4AaABAg,,False,@ami.yg02,TAN ORGULLOSA DE USTEDES,0,2021-08-24T02:12:16Z,2021-08-24T02:12:16Z
UgxJ5yCIdRtj3vmBIXt4AaABAg,,False,@haythar1356,Vocalracha challenge!,0,2021-08-24T02:12:11Z,2021-08-24T02:12:11Z
Ugy-yBztH2Xkw05m9VV4AaABAg,,False,@ferrnnannnda,mis flacos,0,2021-08-24T02:12:07Z,2021-08-24T02:12:07Z
UgzyBqzKwOYauCz8yWx4AaABAg,,False,@lizbethflores626,AAAAAAAAAAAAAAAAAAAAAAA,0,2021-08-24T02:12:06Z,2021-08-24T02:12:06Z
UgzX2rl3p2ugzG6yeFN4AaABAg,,False,@vxear,SUS SONRISITAS T___T,1,2021-08-24T02:12:02Z,2021-08-24T02:12:02Z
UgyGkonrNsmntVS5g2p4AaABAg,,False,@ami.yg02,LOS AMO,0,2021-08-24T02:12:00Z,2021-08-24T02:12:00Z
Ugzp-UgkPkQH1X3DLnl4AaABAg,,False,@hanirodriguez5619,Los que dan dislike son más STAY que las mismas STAY por llegar rápido,0,2021-08-24T02:12:00Z,2021-08-24T02:12:00Z
UgxqGiHzheBQ29-RcF14AaABAg,,False,@anahiborquez5765,I love theeeemmmmm,0,2021-08-24T02:12:00Z,2021-08-24T02:12:00Z
UgzmraTXWmWS5cPSebR4AaABAg,,False,@istynra,I love you guys,0,2021-08-24T02:11:50Z,2021-08-24T02:11:50Z
UgxmmSx8IehXrJJX0fN4AaABAg,,False,@loopiee8,yeah!!! you're so cool♡♡♡,0,2021-08-24T02:11:50Z,2021-08-24T02:11:50Z
Ugzsw2tRVbOV9CDK2CN4AaABAg,,False,@vxear,LOS AMO,1,2021-08-24T02:11:46Z,2021-08-24T02:11:46Z
UgzEICZq3UmXsevI9nd4AaABAg,,False,@uhuybanget7944,Gemes bangett anak duaaa iniii helppp:'',0,2021-08-24T02:11:43Z,2021-08-24T02:11:43Z
Ugwd9KYeFbMT-0PYjul4AaABAg,,False,@staycaratfangirls7400,COMEL NYA MAKNAE DUA ORANG NII ARGHHHH,0,2021-08-24T02:11:42Z,2021-08-24T02:11:42Z
UgyxRaXeVwiJQ7SiB4F4AaABAg,,False,@cb97z,LOS AMO MUCHOOOOO,0,2021-08-24T02:11:37Z,2021-08-24T02:11:37Z
Ugz48WJhDt1_CZojhYp4AaABAg,,False,@tasyahan5558,wow seungmin and jeongin!!! amazing,0,2021-08-24T02:11:37Z,2021-08-24T02:11:37Z
UgxlcVYc-MtA5_RMvud4AaABAg,,False,@staygene4169,Awww yicem hepsini,0,2021-08-24T02:11:34Z,2021-08-24T02:11:34Z
UgyqPr2xRUK-KEGDfM14AaABAg,,False,@giu7335,"Acá a ver si me aprendo la coreo... Ah, a quién quiero engañar si soy de madera",0,2021-08-24T02:11:34Z,2021-08-24T02:11:34Z
Ugw-mnFazRXtepe6jbt4AaABAg,,False,@jk_thv977,So cuteee 💗💗💗💗,0,2021-08-24T02:11:27Z,2021-08-24T02:11:27Z
Ugwmjtjpnn-z8Bm3qCt4AaABAg,,False,@Nur-zw7yp,Ha bir de internetim çekse,0,2021-08-24T02:11:10Z,2021-08-24T02:11:10Z
Ugzcwg5A9zGcQJWccTN4AaABAg,,False,@sevngmiilk,"DIOSES
Tan hermosos como siempre<|3",6,2021-08-24T02:11:09Z,2021-08-24T02:11:09Z
UgyJQYdlbERW8_TmvUd4AaABAg,,False,@strayteezverse,NOEASY AOTY PERIODT,0,2021-08-24T02:11:09Z,2021-08-24T02:11:09Z
UgxZ1nwELk5EGwVitJd4AaABAg,,False,@mercedescorbella4248,I love them,0,2021-08-24T02:11:05Z,2021-08-24T02:11:05Z
UgymP17bS6GATeEK1Od4AaABAg,,False,@mincookies4519,omggg,0,2021-08-24T02:11:04Z,2021-08-24T02:11:04Z
Ugwi0sgo0lgILHPdVet4AaABAg,,False,@Aicha_1206,"Wowwwwwww, soooo amazing",0,2021-08-24T02:11:02Z,2021-08-24T02:11:02Z
UgxnWIdq10D-XtqjSft4AaABAg,,False,@mongmong3782,Go seungmin go in,0,2021-08-24T02:11:02Z,2021-08-24T02:11:02Z
UgwhFpSjRSDyFh78OgR4AaABAg,,False,@Plii0wo,aaaaaaaa me encanta como bailan,0,2021-08-24T02:11:00Z,2021-08-24T02:11:00Z
UgwhZr0lvtMe_GKiVLZ4AaABAg,,False,@guevaradavilajahayra5856,Nuestros chicos tan belloooos <3,0,2021-08-24T02:10:58Z,2021-08-24T02:10:58Z
UgyQOEytdnrEDg7QlUN4AaABAg,,False,@strayteezverse,KEEP STREAMING STAYS!!!,0,2021-08-24T02:10:58Z,2021-08-24T02:10:58Z
UgzVSor5K78e2kicNbB4AaABAg,,False,@EylienAye,Cuties 🥰,0,2021-08-24T02:10:56Z,2021-08-24T02:10:56Z
UgwEsVbTFoNCXPqdnfB4AaABAg,,False,@que230,q limnDo,0,2021-08-24T02:10:49Z,2021-08-24T02:10:49Z
UgyAm80DabFPcjqQgc54AaABAg,,False,@niexhai1663,You are beautiful,0,2021-08-24T02:10:44Z,2021-08-24T02:10:44Z
UgxzXAKY0H8dGY11AVp4AaABAg,,False,@jimenaalejandramartinezdel2328,Yeahhhhh,0,2021-08-24T02:10:42Z,2021-08-24T02:10:42Z
UgyMksQqtmCfHSotOqh4AaABAg,,False,@lillaurizzle5734,I.N and Seungmin are the cuuuuuteest <3,0,2021-08-24T02:10:41Z,2021-08-24T02:10:41Z
UgyU7VwAxwkBaN5hcT94AaABAg,,False,@dreamyme6210,We love you !,0,2021-08-24T02:10:41Z,2021-08-24T02:10:41Z
Ugzd81t-MkekgYY4tNZ4AaABAg,,False,@estreeyg,miren q si no tuviera cuerpo de tamal lo hacía,0,2021-08-24T02:10:31Z,2021-08-24T02:10:31Z
UgxfbaRA_B5JX3kSzfR4AaABAg,,False,@atoshihassan9197,This is so cute,0,2021-08-24T02:10:29Z,2021-08-24T02:10:29Z
Ugx0sp85s8onjymrlg94AaABAg,,False,@claudiamendoza3077,Son mi religión,0,2021-08-24T02:10:26Z,2021-08-24T02:10:26Z
UgxBQGfyWKj-3L_hhjt4AaABAg,,False,@kupsasdfg7310,Seungmin and I.N are such good dancers along with being vocalists that they make the challenge dance seem so easy plz 😭🤚,6049,2021-08-24T02:10:22Z,2021-08-24T02:10:22Z
UgxBQGfyWKj-3L_hhjt4AaABAg.9RPedIIXMmO9RPwL2F-Oyn,UgxBQGfyWKj-3L_hhjt4AaABAg,True,@blaydaya3332,ikr if i try doing this challenge ill brake all my bones or ill just simply look like a clown,70,2021-08-24T04:45:02Z,2021-08-24T04:50:31Z
UgxBQGfyWKj-3L_hhjt4AaABAg.9RPedIIXMmO9RQ2kHy28sJ,UgxBQGfyWKj-3L_hhjt4AaABAg,True,@wannurafifahbintiwanazmari6015,"Yeahhh and they are in sync too.  If you see seungmin expression,  whenever he see I.N smile,  he smile too 🥰",54,2021-08-24T05:49:47Z,2021-08-24T05:49:47Z
UgxBQGfyWKj-3L_hhjt4AaABAg.9RPedIIXMmO9RQ3fci9Gjc,UgxBQGfyWKj-3L_hhjt4AaABAg,True,@safaalum,IKR?!-,6,2021-08-24T05:57:53Z,2021-08-24T05:57:53Z
UgxBQGfyWKj-3L_hhjt4AaABAg.9RPedIIXMmO9RQG43rlU06,UgxBQGfyWKj-3L_hhjt4AaABAg,True,@DwaekkiJutdae,"@@wannurafifahbintiwanazmari6015 you're right, but I mean how can you not smile after seeing I.N smile? I always smile like an idiot when I see him😂😂",19,2021-08-24T07:46:13Z,2021-08-24T07:46:13Z
UgxBQGfyWKj-3L_hhjt4AaABAg.9RPedIIXMmO9RRlCi26sbn,UgxBQGfyWKj-3L_hhjt4AaABAg,True,@teddybear9249,@@blaydaya3332 ur not alone😫,3,2021-08-24T21:46:15Z,2021-08-24T21:46:15Z
UgycalVt-MVhyt6yAql4AaABAg,,False,@leefelixsbf,se merecen mucho más mis reyes. <33,14,2021-08-24T02:10:21Z,2021-08-24T02:10:28Z
UgwWaRwmhA-d4f6Sath4AaABAg,,False,@dreamyme6210,Seungmin & IN you did so great !,0,2021-08-24T02:10:20Z,2021-08-24T02:10:20Z
Ugxc5WG_Jv2AKHfQUTl4AaABAg,,False,@Anna_ly661,cuteee❤️🦋,1,2021-08-24T02:10:20Z,2021-08-24T02:10:20Z
Ugxvat5jsB_IBWmF78d4AaABAg,,False,@nesi8776,LET'S GOOO THE MAKNAESSS ARE KILLING ITTT,0,2021-08-24T02:10:15Z,2021-08-24T02:10:15Z
Ugzq7rBeGjb5xJU9tLZ4AaABAg,,False,@kanoon66,So goooooodddddddd,0,2021-08-24T02:10:10Z,2021-08-24T02:10:10Z
UgwjmbvSqMOi1Rrttpt4AaABAg,,False,@dadahyunjiniee1787,Ini kenapa jadi lucu kalo mereka duet wkwk,0,2021-08-24T02:09:58Z,2021-08-24T02:09:58Z
UgxkJWulx2uJgcfe_KZ4AaABAg,,False,@aaaa.tz19,Reyes de la cuarta generación y de mi corazón!,0,2021-08-24T02:09:56Z,2021-08-24T02:09:56Z
UgwDmYeJp3G4nDUzF-h4AaABAg,,False,@zennieameylie5834,LUCUUUUU????,0,2021-08-24T02:09:56Z,2021-08-24T02:09:56Z
UgwZ-Y6kcYH7Vp-Qxfx4AaABAg,,False,@alvla1366,Aaaaaaaa,0,2021-08-24T02:09:53Z,2021-08-24T02:09:53Z
UgxYiFqLv4Tv5ePEsbN4AaABAg,,False,@alyabatrisyias,so good bestie,0,2021-08-24T02:09:44Z,2021-08-24T02:09:44Z
UgyGFkqFEPJioy4SkJh4AaABAg,,False,@stayfrankenstein5984,keren bener bujang bujang bungsu akuuuu ><,0,2021-08-24T02:09:43Z,2021-08-24T02:09:43Z
Ugw6-x1A48s98P4HKVV4AaABAg,,False,@zxnlee,"I'M NOT SORRY, I'M DIRTY..!!! 
IT'S MAKES ME SCREAMMMM",1,2021-08-24T02:09:42Z,2021-08-24T02:09:42Z
UgzVddQf1RqblxE9KWB4AaABAg,,False,@fatydominguez5218,Mis niños<3,0,2021-08-24T02:09:38Z,2021-08-24T02:09:38Z
UgwqHtr3Sb_h5zAWAhR4AaABAg,,False,@dianosagutierritos4912,"Reyes, I love you, they are the best, thank you so much ❤️❤️",0,2021-08-24T02:09:36Z,2021-08-24T02:09:36Z
UgwtJepMVFTLTXCUrsp4AaABAg,,False,@andiraputrinirmala8204,what is this so cute,0,2021-08-24T02:09:30Z,2021-08-24T02:09:30Z
UgwrfHEHP7aLVUexoI94AaABAg,,False,@evelynlopez14,Increíbles,0,2021-08-24T02:09:18Z,2021-08-24T02:09:18Z
UgyNiI2zBD-IdGi67Ml4AaABAg,,False,@SC_SKZ,"Los amo, me aprenderé este baile <3",14,2021-08-24T02:09:12Z,2021-08-24T02:09:12Z
UgyttmaD5OQHeOg-wHB4AaABAg,,False,@Juli-dl6jl,캬ㅑ아어아,0,2021-08-24T02:09:11Z,2021-08-24T02:09:11Z
UgxEyvrgEyMEQfe3Q9h4AaABAg,,False,@psyco2844,My boys,0,2021-08-24T02:09:09Z,2021-08-24T02:09:09Z
Ugy488CH9a6SY3TuKq94AaABAg,,False,@bruschettau2340,our 2 maknaes so cute,0,2021-08-24T02:09:08Z,2021-08-24T02:09:08Z
UgzRFY64Gyp0rRLdhyZ4AaABAg,,False,@yejiliss1628,YESS IM EARLYY,0,2021-08-24T02:09:08Z,2021-08-24T02:09:08Z
UgzYsOb9hQcO-t8WzA54AaABAg,,False,@gihhbiermann9719,Meu bbs ksksks 🥰,0,2021-08-24T02:09:01Z,2021-08-24T02:09:01Z
Ugzh_-z0hnOrvTg8sGN4AaABAg,,False,@mhelrodil8627,I love u straykids,0,2021-08-24T02:08:59Z,2021-08-24T02:08:59Z
UgwSjWYss711TrqmC0F4AaABAg,,False,@cinpattiok2188,OMG!!,0,2021-08-24T02:08:59Z,2021-08-24T02:08:59Z
UgyJ7m0fuJ2tVL2VNCt4AaABAg,,False,@sootzky,너무 귀엽다ㅜㅜㅜㅜㅜㅜ,0,2021-08-24T02:08:58Z,2021-08-24T02:08:58Z
UgwWq5hVcYzQiGSUJa14AaABAg,,False,@aaakemy,LOS AMO BASTANTE):,0,2021-08-24T02:08:55Z,2021-08-24T02:08:55Z
Ugy_3J27ZYAdOcY8KZ94AaABAg,,False,@apple9842,AMAZING,0,2021-08-24T02:08:54Z,2021-08-24T02:08:54Z
Ugy8AKMkojZUNroJVip4AaABAg,,False,@Seungmo,lindos amo vcs,0,2021-08-24T02:08:49Z,2021-08-24T02:08:49Z
Ugyc4HBCQaMKL44zI5F4AaABAg,,False,@zxnlee,AHHH SO COOL🤍,0,2021-08-24T02:08:45Z,2021-08-24T02:08:45Z
Ugzha0CZ7lNugSlieiJ4AaABAg,,False,@aaakemy,MIS DOS ULTS LLORO MUCHO,0,2021-08-24T02:08:45Z,2021-08-24T02:08:45Z
UgxfpbWQk1wwAkMVrLZ4AaABAg,,False,@maaiiam,aaaaaa basta que lindooos,0,2021-08-24T02:08:39Z,2021-08-24T02:08:39Z
UgyWTGcDcp_eKTB-h-F4AaABAg,,False,@nakedvaniah62,HAGAN STR34M ESTANCIAS *aprieto el puño de rabia*,0,2021-08-24T02:08:36Z,2021-08-24T02:08:36Z
UgzbhghTigvso_AXtEd4AaABAg,,False,@haniswahida6333,Stream thunderous till 10M <33,0,2021-08-24T02:08:34Z,2021-08-24T02:08:34Z
Ugw1kFMmjnv1rvUKnt54AaABAg,,False,@agustw2483,Cutie,0,2021-08-24T02:08:32Z,2021-08-24T02:08:32Z
UgziI1g_x3BMcksbyjl4AaABAg,,False,@urmommaddy,they both are so cute !!!!!!!,0,2021-08-24T02:08:25Z,2021-08-24T02:08:25Z
UgyFhwzEd5gQmKI43xp4AaABAg,,False,@trisham2173,STRAY KIDS WORLD DOMINATION,0,2021-08-24T02:08:25Z,2021-08-24T02:08:25Z
UgwCWxAQJQInzIFXVDl4AaABAg,,False,@eden99399,"You see this, stay. Now lets make it trend!",0,2021-08-24T02:08:21Z,2021-08-24T02:08:21Z
UgwexlwQGf1f_1ueKDx4AaABAg,,False,@milagrosdiazmoreno9733,cuties,0,2021-08-24T02:08:17Z,2021-08-24T02:08:17Z
UgyVCilNkSZToBAGdl14AaABAg,,False,@sadythbang5575,Ahh se ven muy guapos ahhh,0,2021-08-24T02:08:10Z,2021-08-24T02:08:10Z
UgyCuxa3_uL_yhGSaJx4AaABAg,,False,@firanf6291,yeaaaah🔥🔥,0,2021-08-24T02:08:08Z,2021-08-24T02:08:08Z
UgyBTTuGfLGAulMosLV4AaABAg,,False,@tamal.de.elot3,el que baila es mi varon,0,2021-08-24T02:08:03Z,2021-08-24T02:08:03Z
Ugw3M9O2PdQceVwq6bd4AaABAg,,False,@angy7157,espereeeen necesito días para aprenderme una coreo jajajaa,0,2021-08-24T02:08:02Z,2021-08-24T02:08:13Z
Ugya3z37KFU5IqTfno94AaABAg,,False,@tamal.de.elot3,el de rojo es mi varon,0,2021-08-24T02:07:50Z,2021-08-24T02:07:50Z
UgxSF32GqPaDAdyomYt4AaABAg,,False,@kyuuhty,SO CUTEE,0,2021-08-24T02:07:39Z,2021-08-24T02:07:39Z
UgyV9I-Q_VrCu1IpjCZ4AaABAg,,False,@dubunpo,OMG ♥️♥️♥️♥️,0,2021-08-24T02:07:39Z,2021-08-24T02:07:39Z
UgyrACADvU966qVW8C94AaABAg,,False,@abiggail.gigena,MIS NENES OMGGG Q HERMOSOS ❕❕ LOS AMO <33,3,2021-08-24T02:07:38Z,2021-08-24T02:07:38Z
UgyEJLYScAZPMh1tbjl4AaABAg,,False,@wassupmen.7633,Kyoottt,0,2021-08-24T02:07:30Z,2021-08-24T02:07:30Z
UgxKUdGpdADDMzZNR7B4AaABAg,,False,@fairybangchn0325,TAN LINDOS LOS AMO,0,2021-08-24T02:07:26Z,2021-08-24T02:07:26Z
UgyfyHfgmBXmDYpm-Op4AaABAg,,False,@keodh2674,VOCALRACHA👑👑🔥,1,2021-08-24T02:07:21Z,2021-08-24T02:07:21Z
UgzSpTCLXacZ8pWCWUx4AaABAg,,False,@kishipame1736,Han mejorado mucho en el baile,0,2021-08-24T02:07:14Z,2021-08-24T02:07:14Z
UgwhkSwTKrFNXX_5PEJ4AaABAg,,False,@nvaita,AHH CUTIES,0,2021-08-24T02:07:12Z,2021-08-24T02:07:12Z
UgyTxTiZ_kYDrQFwYwF4AaABAg,,False,@valenicole8,El color rojo es el color de stray kids! Les queda súper bien!,1,2021-08-24T02:07:12Z,2021-08-24T02:07:12Z
UgzaBmDwI9h7qY_v6KB4AaABAg,,False,@anngemirandam7747,"Happy happy happy
Happy happy happy happy happy",0,2021-08-24T02:07:04Z,2021-08-24T02:07:04Z
UgwEwhbMv51R1sLFcsV4AaABAg,,False,@Staaaaaengene,Esos pasos amoo muero son tan hermosos los dos,0,2021-08-24T02:06:58Z,2021-08-24T02:06:58Z
Ugxo2edHoAHYnoikgSl4AaABAg,,False,@aixlenys,Vocal Racha <3,1,2021-08-24T02:06:58Z,2021-08-24T02:06:58Z
UgxUCENZiosXh1evIpZ4AaABAg,,False,@otakustay333,AMAZING 😭😭😭,0,2021-08-24T02:06:56Z,2021-08-24T02:06:56Z
UgyFv448b6Q_sbKx8iF4AaABAg,,False,@seolar5675,"Tan lindos, me muero :(",0,2021-08-24T02:06:55Z,2021-08-24T02:06:55Z
UgzQ2L0B3VcC3qRsE9l4AaABAg,,False,@ren905,"God amazing song they bring out, they are the meaning of success<3",5,2021-08-24T02:06:53Z,2021-08-24T02:06:53Z
UgxPwmsH6M1VBTZv4F54AaABAg,,False,@Elektric,YALL STREAM THUNDEROUS,0,2021-08-24T02:06:46Z,2021-08-24T02:06:46Z
UgzraLxPmiUE9kc-J5d4AaABAg,,False,@julibeth_ploppy16,They're great,1,2021-08-24T02:06:39Z,2021-08-24T02:06:39Z
UgyxQhXHvQQ_OBpXd8N4AaABAg,,False,@lknow8271,Ay los amo que lindos se le ve bailando a IN y seungmin,0,2021-08-24T02:06:38Z,2021-08-24T02:06:38Z
UgyTiLBFry_1I2b1N2Z4AaABAg,,False,@agitaelizabeth,cutie!,0,2021-08-24T02:06:37Z,2021-08-24T02:06:37Z
Ugy2QjCUgvfVR0s0jId4AaABAg,,False,@mell_woooo,SON TAN LINDOS AAAAAAA <3,2,2021-08-24T02:06:33Z,2021-08-24T02:06:33Z
UgwSJfVDEqTKIuFfKXV4AaABAg,,False,@caat.f,"Que cutes se ven, el album del año",23,2021-08-24T02:06:29Z,2021-08-24T02:06:29Z
UgzXg90o5kWmxow7s-F4AaABAg,,False,@blanco6093,REYES DIOSES🙏,5,2021-08-24T02:06:29Z,2021-08-24T02:06:29Z
UgziJb0tck1LoWJcPdt4AaABAg,,False,@jen8893,THEY ARE SO BEAUTIFUL,0,2021-08-24T02:06:29Z,2021-08-24T02:06:29Z
UgwW7Kq8WRU9_n7lNAV4AaABAg,,False,@cheonjunhyeok5803,"ya, pero que lindos son",0,2021-08-24T02:06:28Z,2021-08-24T02:06:28Z
UgyJOkmaJoCUOFnnrid4AaABAg,,False,@hyunjinvolvio1216,chau que lindos,0,2021-08-24T02:06:28Z,2021-08-24T02:06:28Z
UgyGoJsteS653uvti614AaABAg,,False,@lifarran,I'll try this challange but my bone is so ugh,0,2021-08-24T02:06:28Z,2021-08-24T02:06:28Z
Ugw4DdZVUGSMFfDnAzZ4AaABAg,,False,@mialvsmin,<3,0,2021-08-24T02:06:26Z,2021-08-24T02:06:26Z
UgwGVOJX9tDLYjKIqfx4AaABAg,,False,@saily2234,ahhh que lindos 😭,0,2021-08-24T02:06:19Z,2021-08-24T02:06:19Z
Ugx5sNJvpTzocz7T6mR4AaABAg,,False,@thelovegamerz1238,Tan bellos <3,1,2021-08-24T02:06:15Z,2021-08-24T02:06:15Z
UgxhjcMsoTDvP_w6C3B4AaABAg,,False,@itsnathrah_,Seungmin shoelaces...,0,2021-08-24T02:06:03Z,2021-08-24T02:06:03Z
UgyYxgC9ieV4HXOOKG54AaABAg,,False,@hazelruthmapanao4340,LOVE IT AHHHHHHHHH~,0,2021-08-24T02:06:03Z,2021-08-24T02:06:03Z
Ugwt73d7I5RNgYkhtZN4AaABAg,,False,@adeliasyhrn,GEMES,0,2021-08-24T02:06:01Z,2021-08-24T02:06:01Z
UgwJc1XKpd_AQRdNlYd4AaABAg,,False,@vachirawit4135,son arteeeee,0,2021-08-24T02:05:57Z,2021-08-24T02:05:57Z
UgzcuT5yMb7wztMnVjB4AaABAg,,False,@folksea,"REYESOTES, LOS AMO SE MERECEN LO MEJOR <3",241,2021-08-24T02:05:56Z,2021-08-24T02:05:56Z
Ugz58-htugElhcaEUyZ4AaABAg,,False,@angietorresh.3158,AY QUE AMOR AHHHH,0,2021-08-24T02:05:55Z,2021-08-24T02:05:55Z
UgzKj71m4eme7sfYC0p4AaABAg,,False,@abrilisme6822,STRAY KIDS WORLD DOMINATION ❤❤,0,2021-08-24T02:05:53Z,2021-08-24T02:05:53Z
Ugxcbm0XrTOU2PVO4zN4AaABAg,,False,@hanae-cl2cs,Wow the choreo is amazinng !!,3,2021-08-24T02:05:50Z,2021-08-24T02:05:50Z
UgxVGgVp47rKh3uTlO54AaABAg,,False,@yaremontoya1835,MAKNAES!!!!😿💐💐💐💐,0,2021-08-24T02:05:49Z,2021-08-24T02:05:49Z
Ugw9-TQNmiFJPpetZ394AaABAg,,False,@hehoheho9252,Uwuu maknae line,0,2021-08-24T02:05:45Z,2021-08-24T02:05:45Z
Ugzcnd_e-b9Tv4E0Upx4AaABAg,,False,@llu_luvs_uuu,I’m so proud of everything y’all do❤️,12,2021-08-24T02:05:44Z,2021-08-24T02:05:44Z
Ugy0AFW6r3vJCfMg_xp4AaABAg,,False,@asfiop,que lindos 💗,0,2021-08-24T02:05:33Z,2021-08-24T02:05:33Z
Ugy6sPMMB1c7qATwmCJ4AaABAg,,False,@lovestay7974,"lo hacen ver tan fácil, pero a mi me truena todo",0,2021-08-24T02:05:33Z,2021-08-24T02:05:33Z
Ugylbmlx9EjT2Bdq38x4AaABAg,,False,@strawberrycay,"Man, I'm not sorry, I'm dirty",0,2021-08-24T02:05:32Z,2021-08-24T02:05:32Z
Ugw2k7X7MWtsJ41hazJ4AaABAg,,False,@liamxwpxtch1985,bafta que lindos- /crying,0,2021-08-24T02:05:27Z,2021-08-24T02:05:27Z
UgxKUUMfbH_RNuDlw8R4AaABAg,,False,@latoniamiller8976,Rock it!,0,2021-08-24T02:05:18Z,2021-08-24T02:05:18Z
Ugx1fc_h2ZRrF7bMz0N4AaABAg,,False,@lunalovegood6357,Wow their doing shorts,0,2021-08-24T02:05:17Z,2021-08-24T02:05:17Z
UgyMQtnjHuPddgq5IA14AaABAg,,False,@luzmilamartinez9113,❤️❤️❤️❤️❤️❤️,0,2021-08-24T02:05:10Z,2021-08-24T02:05:10Z
UgwrGvz51kE4rWIHZld4AaABAg,,False,@passionatelemon9489,STR333MMM HARDERRR STAYY!!!!! WE'RE GETTING SLOWERRRR LETS SKIP 9M AND GOES STRAIGHT TO 10 CUZ WE HATE 9 RIGHT?,0,2021-08-24T02:05:09Z,2021-08-24T02:05:09Z
Ugx_Yc3OXGUMj4THz9J4AaABAg,,False,@nesoni1026,This is one of the best comebacks this year,4,2021-08-24T02:05:06Z,2021-08-24T02:05:06Z
Ugy6dhZVR6VvPQCFYqV4AaABAg,,False,@ssoolar,"lo hare:3,",0,2021-08-24T02:04:59Z,2021-08-24T02:04:59Z
UgylB8ksyUJSvZdHJyN4AaABAg,,False,@lkwers._7708,STRAY KIDS WORLD DOMINATION!!!,1,2021-08-24T02:04:58Z,2021-08-24T02:04:58Z
UgyHEvYeIVtD4yC-A6d4AaABAg,,False,@minhyuk8776,Lan gece gece bu bildirimemi uysndım ben,0,2021-08-24T02:04:50Z,2021-08-24T02:04:50Z
Ugww1Y8ZQoFfuQrvLxN4AaABAg,,False,@sitinurhalimah1527,Eyoo maknae line,1,2021-08-24T02:04:45Z,2021-08-24T02:04:45Z
UgzGVwdbnn-wvZBN44l4AaABAg,,False,@leeknowgyu3978,🐶🦊,0,2021-08-24T02:04:42Z,2021-08-24T02:04:42Z
UgwiCWNP1oKe9Tb8GXR4AaABAg,,False,@arantzarangelmerida9087,"Los amo mucho mis niños, son los mejores asdfghjklñ",0,2021-08-24T02:04:41Z,2021-08-24T02:04:41Z
UgzBPGFGXPAYrAFqWax4AaABAg,,False,@skzstaylover3220,They are so good at dancing how beautiful,0,2021-08-24T02:04:40Z,2021-08-24T02:04:40Z
Ugxu6gQozHcTtAvD-z54AaABAg,,False,@kedyyminho9208,67 yorum diyor saka mi,0,2021-08-24T02:04:38Z,2021-08-24T02:04:38Z
Ugz8pH3kfHBvmfnGv694AaABAg,,False,@bettyart3041,"Lo hacen ver fácil, pero no lo es!! .",0,2021-08-24T02:04:35Z,2021-08-24T02:04:35Z
UgxktZqNzlIeKbnyjUp4AaABAg,,False,@nikeniu,Love!!!,1,2021-08-24T02:04:30Z,2021-08-24T02:04:30Z
UgwNDEUHdTOAPDnRChd4AaABAg,,False,@Sim_Jake985,Hola seungmin Hola i.n 🤭,1,2021-08-24T02:04:24Z,2021-08-24T02:04:24Z
UgxDkMfPGYKROd1bddB4AaABAg,,False,@seymin_cedano,Amo,0,2021-08-24T02:04:22Z,2021-08-24T02:04:22Z
UgxolmIJpha0-yfYjPp4AaABAg,,False,@Andrea-yo6pu,They are AMAZING!!!! #thunderous #straykids #Argentina,1,2021-08-24T02:04:22Z,2021-08-24T02:04:22Z
Ugxs2loAfHgJzJz0dnl4AaABAg,,False,@paymergoldwell8614,Denle gente Intercalen,0,2021-08-24T02:04:21Z,2021-08-24T02:04:21Z
Ugygq0gmo30dvRc15hB4AaABAg,,False,@hamdimohd9706,INNIE OMG I CAN'T HIS CUTENESS-,1,2021-08-24T02:04:13Z,2021-08-24T02:04:13Z
UgyaxF_DPEjcoayhTqd4AaABAg,,False,@mon91t,Son tan bellos 🥺💞,9,2021-08-24T02:04:08Z,2021-08-24T02:04:08Z
Ugz69iJB_1cvmFYTF1l4AaABAg,,False,@girlblogger,im so proud of you guys,5,2021-08-24T02:04:04Z,2021-08-24T02:04:04Z
Ugz48eI7xibxDi1UCeN4AaABAg,,False,@Sabs-bas,i'd do the challenge but i can't dance lollll,0,2021-08-24T02:04:02Z,2021-08-24T02:04:02Z
UgyxRvSUEM1Byztbpbt4AaABAg,,False,@_nnie,estan chiquitos :(,0,2021-08-24T02:03:59Z,2021-08-24T02:03:59Z
UgyKfoMFv6PkQeTAF4F4AaABAg,,False,@JoanaMaribelBojorquezCeme,I love you so much <3,1,2021-08-24T02:03:58Z,2021-08-24T02:03:58Z
UgzMCtIZlzrKbZPQ5lx4AaABAg,,False,@tatoesavocadoe1346,Yea that Changbin part has to be included,1,2021-08-24T02:03:57Z,2021-08-24T02:03:57Z
UgzIGQzkGznVgkqgUJ94AaABAg,,False,@RL-sn5oh,everything about this comeback is amazing,950,2021-08-24T02:03:52Z,2021-08-24T02:03:52Z
UgzIGQzkGznVgkqgUJ94AaABAg.9RPdti94KCR9RPgKQSMttU,UgzIGQzkGznVgkqgUJ94AaABAg,True,@hatermarki1816,If you read my comment give me a heart Arabic stay ❤❤❤,6,2021-08-24T02:25:08Z,2021-08-24T02:25:08Z
Ugxk1qQuCjQGfNzAnJ94AaABAg,,False,@thelovegamerz1238,"OMG, I LOVE YOU GUYS <33",1,2021-08-24T02:03:52Z,2021-08-24T02:04:56Z
UgztvGiNzxgBhMCM2fV4AaABAg,,False,@Twicestarss,💞💗💞,0,2021-08-24T02:03:51Z,2021-08-24T02:03:51Z
UgwMEJOpcifgEV6H-FB4AaABAg,,False,@bressiachate2456,AHHHHHHHH I LOVE U GUYS,0,2021-08-24T02:03:51Z,2021-08-24T02:03:51Z
UgyoyfuIshPsVbsxeiZ4AaABAg,,False,@miuskz,BASTA QUE HERMOSOS,1,2021-08-24T02:03:50Z,2021-08-24T02:03:50Z
UgwUmLPMqSGamcmOxlB4AaABAg,,False,@leeknow4d473,Que bonitos,0,2021-08-24T02:03:48Z,2021-08-24T02:03:48Z
UgyXrhwFP9IfqmozYXl4AaABAg,,False,@lixhyunmi8607,Los amoooo <3 <3,1,2021-08-24T02:03:47Z,2021-08-24T02:03:47Z
UgwlDnbcQIqE1_Yk5DB4AaABAg,,False,@m4rl3y40,Los amooo,0,2021-08-24T02:03:45Z,2021-08-24T02:03:45Z
Ugz69598N9VjXDH9smd4AaABAg,,False,@julieuribe6442,I LOVE YOU SO MUCH😭😭😭AHHH,2,2021-08-24T02:03:45Z,2021-08-24T02:03:45Z
UgwO-8m3y6Sm8cIn4Nx4AaABAg,,False,@CookieKun,LINDOOOOS,2,2021-08-24T02:03:41Z,2021-08-24T02:03:41Z
Ugwr_WJnVe9mTcFzqK14AaABAg,,False,@oliveoil514,AHHHH BABIES,0,2021-08-24T02:03:39Z,2021-08-24T02:03:39Z
UgzAUh6D_K_WBY6V5_14AaABAg,,False,@MartinelunafayeWhitear21,BABYS BE SLAYINGG,1,2021-08-24T02:03:38Z,2021-08-24T02:03:38Z
UgwUATOpLPBJYZqkPZx4AaABAg,,False,@zeze7168,WUAH KINGS,0,2021-08-24T02:03:35Z,2021-08-24T02:03:35Z
UgyJiufjuUPuNxk_UDF4AaABAg,,False,@l1zzitta,TAN GENIALES,1,2021-08-24T02:03:35Z,2021-08-24T02:03:35Z
Ugy77sZnK2X-Cuf2EKx4AaABAg,,False,@kurkudak3181,Nooooo si son relindos,0,2021-08-24T02:03:32Z,2021-08-24T02:03:32Z
UgxyYSsu0lWZ3sQn3cV4AaABAg,,False,@baram6711,Love you so much guys,1,2021-08-24T02:03:30Z,2021-08-24T02:03:45Z
UgzH--ZNGMgbIKj_HlV4AaABAg,,False,@miarosales1104,cutiess,0,2021-08-24T02:03:29Z,2021-08-24T02:03:29Z
UgyZ0DaYx2IEIZHwC9R4AaABAg,,False,@jasmingonzalez4875,"how beautiful ❤️❤️
I love you ❤️",0,2021-08-24T02:03:26Z,2021-08-24T02:03:26Z
Ugw1_YRal4rWt0FWq094AaABAg,,False,@iluvyngbok,"Stay: I love you more than i love felix, bini, i.n, seungmin, chan, han, lee know and hyunjin. Thats saying a lot. Fighting~!",75,2021-08-24T02:03:26Z,2021-08-24T02:09:17Z
Ugw1_YRal4rWt0FWq094AaABAg.9RPdqT0Yj7i9RPeJrX-1Pi,Ugw1_YRal4rWt0FWq094AaABAg,True,@strayingwithstay5050,Changbin*🙂,3,2021-08-24T02:07:35Z,2021-08-24T02:07:35Z
Ugw1_YRal4rWt0FWq094AaABAg.9RPdqT0Yj7i9RPeVB3AqHQ,Ugw1_YRal4rWt0FWq094AaABAg,True,@iluvyngbok,YEAH SORRY I DIDNT SLEEP TODAY,1,2021-08-24T02:09:08Z,2021-08-24T02:09:08Z
Ugw1_YRal4rWt0FWq094AaABAg.9RPdqT0Yj7i9RPeZ97LpnB,Ugw1_YRal4rWt0FWq094AaABAg,True,@iluvyngbok,@@strayingwithstay5050 ive been up since cb im sorry please forgive me </3,2,2021-08-24T02:09:40Z,2021-08-24T02:09:40Z
UgxlPfeGdukECfqob2h4AaABAg,,False,@kimy7562,Mis chicos lindos,0,2021-08-24T02:03:25Z,2021-08-24T02:03:25Z
UgxN8ZmaYuuhjGZNsat4AaABAg,,False,@lars2510,MAKNAES ON TOP,2,2021-08-24T02:03:23Z,2021-08-24T02:03:23Z
Ugy7xzV27IHroi3N0h54AaABAg,,False,@diannasingh9720,The red outfits look nice ✨✨🦋,7,2021-08-24T02:03:20Z,2021-08-24T02:03:20Z
Ugy8QpHmKRWYS8nU9jd4AaABAg,,False,@dattasinha7896,They are all rounder. ❤️🥰,1,2021-08-24T02:03:12Z,2021-08-24T02:03:12Z
UgwHig7EeSSHnQfiuwR4AaABAg,,False,@yorawidya4237,Cantik nyaaaaa,1,2021-08-24T02:03:08Z,2021-08-24T02:03:08Z
UgwqmUiSmGH3pa9bOcV4AaABAg,,False,@edryanaemilda4592,Vocalracha did not come to play,1,2021-08-24T02:03:03Z,2021-08-24T02:03:03Z
UgyQfbqHGYeAexH1Uyp4AaABAg,,False,@mari.zamriv,LOS AMO MUCHO,1,2021-08-24T02:03:02Z,2021-08-24T02:03:02Z
UgxxpCsa7Hcn0L9G-XR4AaABAg,,False,@anaidcantos,aaaaaa IN smile killed me,3,2021-08-24T02:03:01Z,2021-08-24T02:03:01Z
UgwvPPXCd1ge4p0xzyt4AaABAg,,False,@alfredrivera764,Periodt,0,2021-08-24T02:02:57Z,2021-08-24T02:02:57Z
Ugy7Z44CvvkkPk-whMV4AaABAg,,False,@leecassandra6441,HECK YEA,2,2021-08-24T02:02:53Z,2021-08-24T02:02:53Z
UgyMlSzn4WXgL98E3O14AaABAg,,False,@marypezzi5927,My angels,1,2021-08-24T02:02:50Z,2021-08-24T02:02:50Z
UgwtHjEqoc9kqXQtI4B4AaABAg,,False,@hannieshwang,the part that was spoiled HAHAHAH,1,2021-08-24T02:02:48Z,2021-08-24T02:02:48Z
UgxhgTYrlkoKZGDXZVB4AaABAg,,False,@piscismoon,str3am guys please !!,1,2021-08-24T02:02:48Z,2021-08-24T02:02:48Z
UgxcT1G_v-MfBa1o37d4AaABAg,,False,@inogemes1400,maknae line r cute huhuu i cant,5,2021-08-24T02:02:44Z,2021-08-24T02:02:44Z
UgxiPAWVjbVikyJHuSh4AaABAg,,False,@angyrodriguez8444,Hermosos <3 ❣️,5,2021-08-24T02:02:43Z,2021-08-24T02:02:43Z
UgxE3C4YZcGr18V3uLZ4AaABAg,,False,@adistractjoong2052,There so cute- AHHHH,6,2021-08-24T02:02:43Z,2021-08-24T02:02:43Z
UgzlRGfB4ooyCR3Nokd4AaABAg,,False,@leilanegarcia,Stray Kids Thunderous Challenge domination!,3,2021-08-24T02:02:36Z,2021-08-24T02:02:36Z
UgzrYzUc5gx0c58583h4AaABAg,,False,@kimberlycalva8360,Cutiessss,1,2021-08-24T02:02:32Z,2021-08-24T02:02:32Z
UgzQx4yLGBuCFA4LXyh4AaABAg,,False,@lmao9313,omggggggg,0,2021-08-24T02:02:32Z,2021-08-24T02:02:32Z
Ugzno-5bYf8FbeePPst4AaABAg,,False,@hxyun_,Awesoooome 😩❤,1,2021-08-24T02:02:30Z,2021-08-24T02:02:30Z
UgyuGQSO0r6QPJ-QCZN4AaABAg,,False,@αηα-λ7γ,I'm early!!! Yasss!!!,1,2021-08-24T02:02:29Z,2021-08-24T02:02:29Z
UgyBuk-GZAMhRzG5sj54AaABAg,,False,@Hollyyy-o5h,STRAY KIDS WORLD DOMINATION!!,124,2021-08-24T02:02:20Z,2021-08-24T02:02:20Z
UgyBuk-GZAMhRzG5sj54AaABAg.9RPdiTXDTP59RPpFfa-BgT,UgyBuk-GZAMhRzG5sj54AaABAg,True,@Ch4fart,THEIR TIME HAS COMEE,4,2021-08-24T03:43:08Z,2021-08-24T03:43:08Z
UgwF5HohyORRkfeL1NF4AaABAg,,False,@ahrzu4902,<3<3<3,2,2021-08-24T02:02:20Z,2021-08-24T02:02:20Z
UgyxW92ZUYHzVPTrYKB4AaABAg,,False,@p_fn,اععععع,1,2021-08-24T02:02:15Z,2021-08-24T02:02:15Z
UgwvR8KBHfOe1cTQAwR4AaABAg,,False,@Magician960,OMG this is so cute,2,2021-08-24T02:02:09Z,2021-08-24T02:02:09Z
UgxNA0D2x5mAFJ8-PjV4AaABAg,,False,@desklamppost6716,7 views and 92 likes.....youtube explain!,1,2021-08-24T02:02:08Z,2021-08-24T02:02:08Z
UgyRA0wlQX2HrrtQwzx4AaABAg,,False,@changbin3088,STRAY KIDS!!!,0,2021-08-24T02:02:03Z,2021-08-24T02:02:03Z
UgyRA0wlQX2HrrtQwzx4AaABAg.9RPdgJuibYT9RPdwzM-p5A,UgyRA0wlQX2HrrtQwzx4AaABAg,True,@Twicestarss,Huu,0,2021-08-24T02:04:19Z,2021-08-24T02:04:19Z
Ugy6NHFmzanynKAQMvp4AaABAg,,False,@liadnil,LOSSSS AMO,20,2021-08-24T02:02:03Z,2021-08-24T02:02:03Z
UgynLcOEJQ9ahizS8kF4AaABAg,,False,@Just_Mait,They are so good at dancing!,181,2021-08-24T02:02:01Z,2021-08-24T02:02:01Z
Ugxmjhr6KdEbXBial6J4AaABAg,,False,@kylochang,kings,0,2021-08-24T02:02:00Z,2021-08-24T02:02:00Z
Ugz6I3NuThPAD50A0bl4AaABAg,,False,@jaalynmedina,🥰🥰🥰🥺🥺,1,2021-08-24T02:01:56Z,2021-08-24T02:01:56Z
UgzDcy-48QR4W3a6OAZ4AaABAg,,False,@iluvyngbok,already started,2,2021-08-24T02:01:42Z,2021-08-24T02:01:42Z
Ugzfuqt1WLfkWYQo7ut4AaABAg,,False,@iluvyngbok,wooo lets get it,2,2021-08-24T02:01:38Z,2021-08-24T02:01:38Z
UgyHwWbgUQIO3ftr7bJ4AaABAg,,False,@Ninislov,Hola wenaz,1,2021-08-24T02:01:33Z,2021-08-24T02:01:33Z
Ugypwh_mEyNcUd2_d6x4AaABAg,,False,@السيدهقوقل-و3ه,I'm here,0,2021-08-24T02:01:32Z,2021-08-24T02:01:32Z
UgwIOqfzKNB6QDtNtu14AaABAg,,False,@vaalethz,how beautiful😭💗,7,2021-08-24T02:01:31Z,2021-08-24T02:01:31Z
Ugwi_2x28NbBHAh8Rut4AaABAg,,False,@judith6477,HELL YEA,1,2021-08-24T02:01:27Z,2021-08-24T02:01:27Z
UgzYDoSfsIKu__sCeCJ4AaABAg,,False,@bngchcava3566,IM SO EARLY DKSHSKSJSK,1,2021-08-24T02:01:21Z,2021-08-24T02:01:21Z
UgwrvUzwyLG5nvnv9f14AaABAg,,False,@_em.8971,ليش انتو كيوت؟,2,2021-08-24T02:01:13Z,2021-08-24T02:01:13Z
Ugysvr0kK9Kg9hsL-514AaABAg,,False,@bngchcava3566,AHHHHH,1,2021-08-24T02:01:11Z,2021-08-24T02:01:11Z
UgxFV_zlKbYF9-SupyF4AaABAg,,False,@leydifgarcia1989,I love you ❤️,1,2021-08-24T02:01:10Z,2021-08-24T02:01:10Z
UgxPsbf9awbfqJ-Z1X14AaABAg,,False,@lovestay1977,I love you guys!!!!!,1,2021-08-24T02:01:09Z,2021-08-24T02:01:09Z
UgzKbEEcr0TdCTA6ZKF4AaABAg,,False,@vilamhuynh7336,THE RED FITS,5,2021-08-24T02:00:49Z,2021-08-24T02:00:49Z
UgwO2pqBksvMpkqIzaZ4AaABAg,,False,@itz_gio_fn6530,SECOND,2,2021-08-24T02:00:47Z,2021-08-24T02:00:47Z
Ugwyo30T9OZAcJeFAl14AaABAg,,False,@theparrot7023,Second,0,2021-08-24T02:00:46Z,2021-08-24T02:00:46Z
