comment_id,parent_id,is_reply,author,text,like_count,published_at,updated_at
Ugyk3sNCFSUrY1FGtE54AaABAg,,False,@TuanaXD_143Fann,This is so sweet!😮❤🎉,0,2025-05-11T08:57:09Z,2025-05-11T08:57:09Z
UgxSnf0WTuaQBapmPTR4AaABAg,,False,@Oumayma-h8h,I'm so excited❤❤❤❤❤,0,2025-05-10T22:43:24Z,2025-05-10T22:43:24Z
UgyO3oLTBCR9PTiqGYl4AaABAg,,False,@beatiful-jenn,Hello blackpink please come back we miss you so much 😢❤,0,2025-05-09T19:34:15Z,2025-05-09T19:34:15Z
UgzNVIk7CYyt3ezqaat4AaABAg,,False,@Allofthese-w1r,I love BLACKPINK 🎉❤❤❤❤❤😊🖤🩷🖤🩷🖤🩷🖤🩷🖤🩷🖤🩷🖤,0,2025-05-09T12:04:18Z,2025-05-09T12:04:18Z
Ugzt4hdID05GJt1SBLt4AaABAg,,False,@stephaniemontuy4009,❤️trop mimi,0,2025-05-08T20:57:13Z,2025-05-08T20:57:13Z
Ugz4va7b5CoNPscCnd94AaABAg,,False,@FaridunAso,❤❤❤❤❤❤,0,2025-05-08T16:09:03Z,2025-05-08T16:09:03Z
UgylCZfGj9He2TDBzCB4AaABAg,,False,@Lilirossiex,BLACKPİNKKK,0,2025-05-08T09:34:26Z,2025-05-08T09:34:26Z
UgwqEECKUfWZ8h2JUVx4AaABAg,,False,@rose-j4q5c,Blackpink is the revolution,0,2025-05-05T10:21:10Z,2025-05-05T10:21:10Z
UgxtGqMndY3e_7_XlXR4AaABAg,,False,@BLINKPARASITE,당신 지역의 블랙핑크 🖤💗,0,2025-05-03T06:41:30Z,2025-05-03T06:41:30Z
UgxcorfpOjrvlwOTbnZ4AaABAg,,False,@RayanAya-od8fh,hahahahh love plik penk❤❤❤❤,0,2025-04-29T17:29:57Z,2025-04-29T17:29:57Z
UgyuDJ0X0VWXPLEasFR4AaABAg,,False,@MDYeakuvAli,"I love you Black Pink 
I love you Black Pink 
I love you Black Pink 
I love you Black Pink 
I love you Black Pink 
I love you Black Pink 
I love you Black Pink 
I love you Black Pink 
I love you Black Pink 
I love you Black Pink 
🖤🩷🖤🩷🖤🩷🖤🩷🖤🩷🖤🩷🖤🩷🖤🩷🖤🩷🖤🩷🖤🩷🖤🩷🖤🩷🖤🩷🖤🩷🖤🩷🖤🩷🖤🩷🖤🩷🖤🩷🖤🩷🖤🩷🖤🩷🖤🩷🖤🩷🖤🩷🖤🩷🖤🩷🖤🩷🖤🩷🖤🩷🖤🩷🖤🩷🖤🩷🖤🩷🖤🩷🖤🩷🖤🩷🖤🩷🖤🩷🖤🩷🖤🩷🖤🩷🖤🩷🖤🩷🖤
I love you Black Pink 🖤🩷(⁠｡⁠♡⁠‿⁠♡⁠｡⁠)(⁠｡⁠♡⁠‿⁠♡⁠｡⁠) I love you Black Pink 🖤🩷",1,2025-04-29T04:49:23Z,2025-04-29T04:49:23Z
UgzFmEmPCO65lNupLM14AaABAg,,False,@지수유니버스,Hi,0,2025-04-28T22:52:36Z,2025-04-28T22:52:36Z
UgzLB47FSDsCZbai3_54AaABAg,,False,@gangaprasad6680,I love you Black Pink 💖💖💖💖💖💖,0,2025-04-28T14:55:23Z,2025-04-28T14:55:23Z
UgwS9bNU2LzSGUyAVTR4AaABAg,,False,@UserrrIser,Blackpink i have a question can you take a photo in coment ? Pls,0,2025-04-27T10:33:00Z,2025-04-27T10:33:00Z
UgwPd4DNcktcdWJO_fx4AaABAg,,False,@Roseewqxx_avukatıyım,TÜRKİYE,0,2025-04-24T08:56:59Z,2025-04-24T08:56:59Z
Ugyqn6y8Qx4kIsiP3Jx4AaABAg,,False,@reneedowns1999,COME BACK?!?!?!?,1,2025-04-23T23:49:39Z,2025-04-23T23:49:39Z
UgwycaiCcpeDZcPtJbN4AaABAg,,False,@y_moonstarpinks,as 4 rainhas vierammm,0,2025-04-23T03:57:40Z,2025-04-23T03:57:40Z
Ugx88IMuj5Biidy3l0p4AaABAg,,False,@VladicaVelickovic,Blackpink should release a movie☝️,0,2025-04-20T15:06:24Z,2025-04-20T15:06:24Z
UgyIxkGK7cH59wEOEIZ4AaABAg,,False,@sweetXcute,Need a comeback so badly! 😭😭😭,0,2025-04-20T09:18:04Z,2025-04-20T09:18:04Z
Ugx505-vPdORQVO4AX54AaABAg,,False,@pinks_power9,We need an album 😭,0,2025-04-18T12:58:36Z,2025-04-18T12:58:36Z
UgzUDln9Ow69NuwsA_94AaABAg,,False,@LELEZINHA_GAMES_2.0,OHH Takashi,0,2025-04-17T19:02:19Z,2025-04-17T19:02:19Z
UgzgjiqCnAOEUSuHTlN4AaABAg,,False,@blinks_pinksss,PLS GO TO THE TÜRKİYE,1,2025-04-16T13:56:08Z,2025-04-16T13:56:08Z
UgzZtnM2NKlqUvyji5F4AaABAg,,False,@Çisemİzol,Oh blackpink ❤❤❤,1,2025-04-14T14:50:16Z,2025-04-14T14:50:16Z
UgwOJkNpF-fZeUbFioN4AaABAg,,False,@elisiLLi,"I live blackpink și much 
Plus comeback
💝🖤💝🖤💝",0,2025-04-12T10:26:55Z,2025-04-12T10:26:55Z
Ugwa7Bo_Kx-tQ-X-Jnl4AaABAg,,False,@user-xb2ps8kh4l,Black  pink  🖤 🩷 ❤❤❤❤❤❤ four queens 👑👑👑👑💖💖💖💖,0,2025-04-11T14:04:55Z,2025-04-11T14:04:55Z
UgytH3Qs9S4A0wr-1nB4AaABAg,,False,@St4rluv_core,You say no comeback i heard Blackpink comeback,0,2025-04-10T09:38:16Z,2025-04-10T09:38:16Z
Ugy6Ot3EhcrtBIOTJ4h4AaABAg,,False,@Mete0806,BLACKPINK PLS COME TO TURKEY🩷🖤🇹🇷,0,2025-04-09T13:14:46Z,2025-04-09T13:14:46Z
UgzeqvRXSZHb-xhjrt14AaABAg,,False,@Mete0806,BLACKPINK PLS COME TO TURKEY🩷🖤🇹🇷,0,2025-04-09T13:14:40Z,2025-04-09T13:14:40Z
Ugx_yCZV95kGXRjZ3bp4AaABAg,,False,@LoysleneSilvaTeles,💖💖💖💖💖💖4 principalmente,0,2025-04-09T00:09:48Z,2025-04-09T00:09:48Z
UgxSb2nWfQ7Ax0AI-U94AaABAg,,False,@lleeromania,❤️💖,0,2025-04-08T15:53:33Z,2025-04-08T15:53:33Z
UgzILwM7GaPmqz-i8cp4AaABAg,,False,@Snowdrop-hp4bm,Love BLACKPINK 🖤🩷,0,2025-04-08T15:10:08Z,2025-04-08T15:10:08Z
UgxAwVGLrZVj-T4Dc6x4AaABAg,,False,@yeonhelpৎ,"JENNIE,LISA,ROSE,JISOO🫶🏻🫶🏻🫶🏻

I LOVE YOUU♡♡♡

🤍
🤍
🤍
🤍
🤍
🤍
🤍🤍🤍🤍🤍🤍

🤍

🤍
🤍
🤍
🤍
🤍
🤍
🤍
🤍

I couldn't continue I'm tired",0,2025-04-06T15:20:21Z,2025-04-06T15:20:21Z
UgzB_EFr9cxSOkVP95J4AaABAg,,False,@Catitateama,I love BLACKPINK,0,2025-04-06T03:50:20Z,2025-04-06T03:50:20Z
UgxiBbRHTk6gM68FU3J4AaABAg,,False,@gamzetadal1929,Blackpink! Türkiye’den selamlar,0,2025-04-05T17:10:28Z,2025-04-05T17:10:28Z
Ugwn8a-W_AhQx01Thel4AaABAg,,False,@ishratj2315,🖤🩷,1,2025-04-04T09:54:43Z,2025-04-04T09:54:43Z
UgyHiflD3ElEXzCiJx14AaABAg,,False,@NailibethGalindo,💗💗💗💗💗💗💗💗🖤🖤🖤🖤🖤🖤🖤🖤🖤,0,2025-03-30T21:12:11Z,2025-03-30T21:12:11Z
Ugxw-JjY9_NFfA_QsrZ4AaABAg,,False,@NailibethGalindo,❤❤❤❤❤❤❤❤❤😢💗,1,2025-03-30T21:11:48Z,2025-03-30T21:11:48Z
UgxlSnyxo94dzUCRIaB4AaABAg,,False,@MilenkaFernandezRenjifo,Blackpink  las amo💖🖤,0,2025-03-29T00:32:23Z,2025-03-29T00:32:35Z
Ugz4XclucDHzAJ_Zwy54AaABAg,,False,@itztocalany,PLEASE COME BACK❤❤,1,2025-03-27T13:33:39Z,2025-03-27T13:33:39Z
UgzV0gcvuh_MGJCEqEV4AaABAg,,False,@AditiManikpuri-v5k,I love you bts,0,2025-03-21T07:23:52Z,2025-03-21T07:23:52Z
Ugwp7Li-gA-JiEi99FR4AaABAg,,False,@Lalalisa-j-m3q,Just waiting black pink to come India 😔,0,2025-03-20T16:07:02Z,2025-03-20T16:07:02Z
UgwIRgveYOKhHsN__UN4AaABAg,,False,@FatimaLiradecabrera,Blackpink 🖤💗🌷,0,2025-03-17T01:20:59Z,2025-03-17T01:20:59Z
UgxwT1ZGWvarFc05E0p4AaABAg,,False,@CloudNineOfficialYT,🖤BLΛƆKPIИK💗,1,2025-03-16T23:31:48Z,2025-03-16T23:31:48Z
Ugxo_gZmIdDs8j072q94AaABAg,,False,@abdalrhmanmohamedgubani7440,blackpink i love you please come back i am a girl come back please,0,2025-03-16T21:34:09Z,2025-03-16T21:34:09Z
UgxJybQA0DdeYByGFqx4AaABAg,,False,@NormalKanal_2014,I love you 🖤BLΛƆKPIИK💗,0,2025-03-16T17:30:51Z,2025-03-16T17:30:51Z
UgzTfheBUzxY1pQKx2t4AaABAg,,False,@Blackpink_blink-i5t,The best group in the world 🖤🩷,0,2025-03-16T11:40:45Z,2025-03-16T11:40:45Z
Ugzqa9tRa1Su4UHEarV4AaABAg,,False,@arianadaniaazizan6080,So  cute😊😊,0,2025-03-16T03:30:44Z,2025-03-16T03:30:44Z
UgxJ9s9r7adAqMzxwFB4AaABAg,,False,@Hseryurak7670,Jisoo❤❤❤❤❤❤❤❤ boudiful thanks for ❤❤❤❤❤,1,2025-03-13T05:24:48Z,2025-03-13T05:24:48Z
Ugyw5a8w3GCXS6KCrMZ4AaABAg,,False,@NamiAranzaMarquezBenitez,🖤🩷,0,2025-03-09T16:03:23Z,2025-03-09T16:03:23Z
UgzkuWPXc3IKN2W74KZ4AaABAg,,False,@blackpinkquiz,Hi! BLINK'S QUIZ IS LAUNCHED.  PLEASE ENJOY.❤,0,2025-03-08T18:29:31Z,2025-03-08T18:29:31Z
UgxFINdfEReQWvHgzE54AaABAg,,False,@zako5980,非常酷和溫和❤❤❤,1,2025-03-08T15:05:30Z,2025-03-08T15:05:30Z
UgzzfcgYwku94G2Y6Tp4AaABAg,,False,@CemreKaraca-s9j,Finally our 4 queens are back😍,0,2025-03-08T06:31:19Z,2025-03-08T06:31:19Z
UgwZjxfNlV6etxUlHO54AaABAg,,False,@DhiyaSalsabila-p9t,COMING BACKKK!!!💓🎀,1,2025-03-05T14:43:37Z,2025-03-05T14:43:37Z
UgxzCWcqIRk3eyMBizN4AaABAg,,False,@RinaldiAbaragh,Come BACK COME BACK  COME BACK WE NEED THE COME BACK😊😊😊😊,0,2025-03-04T22:59:42Z,2025-03-04T22:59:42Z
UgwzdKktPHtp7rMcjDR4AaABAg,,False,@esloblox,Cute❤😊🎉,1,2025-03-03T15:12:55Z,2025-03-03T15:12:55Z
UgyC3kliyupRMSfSOph4AaABAg,,False,@Pranshibagde1576,We need black pink please come to India we are waiting please come yg please let them come 😢😢😢😢😢😢😢😢😢😢😢,0,2025-03-02T15:14:49Z,2025-03-02T15:14:49Z
UgwOlQkY-Ps17UYCRZt4AaABAg,,False,@LeiaTihani-m8c,"Jennie I love you 
❤😊",1,2025-03-01T12:34:36Z,2025-03-01T12:34:36Z
UgygYKs3HLfvDdXDgxh4AaABAg,,False,@rabbit_andyou,BlackPink please came Azerbayjan 🇦🇿🇦🇿🇦🇿🇦🇿🇦🇿🇦🇿🇦🇿🇦🇿🇦🇿🇦🇿🇦🇿🇦🇿,1,2025-02-28T20:03:43Z,2025-02-28T20:03:43Z
Ugwx8P4VPeLhjWNJM8h4AaABAg,,False,@BeydullahOmarov,💎💎💎💎💎💎💎💎💎💎💎💎💎💎💎💎💎💎💎💎💎💎💎💎💎💎💎💎💎💎💎💎💎💎💎💎💎💎💎💎💎💎💎💎💎❤❤❤❤❤❤❤❤❤❤❤❤❤❤❤❤❤❤❤❤❤❤❤❤❤❤❤❤❤❤❤❤❤❤❤❤❤❤❤❤❤❤❤❤❤❤❤❤BLACKPİNK♡♡♡♡💎💎💎💎❤❤❤❤😎😎😎😎👍👍👍👍😘😘😘😘🤗🤗🤗🤗,2,2025-02-27T16:29:30Z,2025-02-27T16:29:30Z
Ugz0ZvNS_EPsONOxw7J4AaABAg,,False,@DanaVandenBosch,"PLSSSS COME TO THE NERHERLANDS FOR A PERFORANCE!!!! PLS I WANT TO SEE JENNIE,JISOO,LISA AND ROSÉ IN REAL LIFE!!!!!!!❤❤❤❤❤❤❤❤🎉🎉🎉🎉🎉🎉🎉❤❤❤❤❤❤❤❤🎉❤🎉🎉❤🎉❤🎉❤🎉❤🎉❤🎉❤🎉❤🎉❤🎉🎉❤🎉❤🎉❤🎉😳😳😭😭😭😭😭😭😭😭😭😭",1,2025-02-27T10:36:24Z,2025-02-27T10:36:24Z
UgxHvRIKQP_tXDB901p4AaABAg,,False,@AndreaCruz-c2b,💜💜💜💜😍😍aaaaa,1,2025-02-26T01:19:42Z,2025-02-26T01:19:42Z
UgzE-NemTRNRYoZ8XmV4AaABAg,,False,@speedi_up,Please come to Turkey,1,2025-02-25T14:19:52Z,2025-02-25T14:19:52Z
UgxSVxf0dLyBtZt-GK94AaABAg,,False,@sayem1122sayemislam,BLACKPINK 🖤💗,2,2025-02-25T13:00:54Z,2025-02-25T13:00:54Z
UgxUpvSsz84ozW4wjf14AaABAg,,False,@Onenumbersgirl,많은 분들이 기다리고 있으니 블랙핑크 꼭 터키로 와주세요🇹🇷🇹🇷🇹🇷🇹🇷🇹🇷🇹🇷,1,2025-02-24T16:52:59Z,2025-02-24T16:52:59Z
Ugxi0bCvBwdqnDjNfml4AaABAg,,False,@Lalisalowe,Lisa I love you,0,2025-02-23T13:37:01Z,2025-02-23T13:37:01Z
UgxlOVRWzaIz0m4xhXt4AaABAg,,False,@SümeyyeAydın-c3n,"Black pink in your area❤❤❤❤❤❤❤❤❤❤
Jisoo,Jennie, Lalisa,Rosè🖤🩷",1,2025-02-23T12:03:48Z,2025-02-23T12:03:48Z
UgxkB_4-nq1dLta0rwZ4AaABAg,,False,@BeautifulDistraction7,Where’s my 4 queen,0,2025-02-23T05:50:45Z,2025-02-23T05:50:45Z
Ugw-Ly0-Yt_FcrafqH54AaABAg,,False,@jenlisaskk_THE,Jennie love ❤,1,2025-02-21T22:41:36Z,2025-02-21T22:41:36Z
Ugz7klLWp2nIS2i4fvR4AaABAg,,False,@rubyler_jennie,Very sweet🎀,0,2025-02-21T12:15:26Z,2025-02-21T12:15:26Z
UgxQ_n--MMU3PXuub154AaABAg,,False,@CIO_RX,LOVE YOU B.P,0,2025-02-18T14:08:09Z,2025-02-18T14:08:09Z
UgwisdCjXNkUvMZ1KPl4AaABAg,,False,@WinnieZeka,Please tell me the countries that are on the list❤,0,2025-02-14T17:23:03Z,2025-02-14T17:23:03Z
UgzAyvP_BMHfhHZSgsl4AaABAg,,False,@CrescendocomHelenaeSamuel2,Please come Back😢,0,2025-02-12T21:53:05Z,2025-02-12T21:53:05Z
UgxG8_Biv1bWrmboMqV4AaABAg,,False,@CrescendocomHelenaeSamuel2,l love you black pink 😊❤❤,1,2025-02-12T21:52:43Z,2025-02-12T21:52:43Z
Ugyw0iurx-T69PX2jx94AaABAg,,False,@Yukizsyavukatiymisimm,"LET THEM DEBUT NOW, WE MISS THEM SO MUCH, BLINKS MISS BLACKPINK",1,2025-02-09T15:04:16Z,2025-02-09T15:04:16Z
UgyXCx8OtZiEE4-dvjJ4AaABAg,,False,@bestruby_acenniekim,👑👑👑Blackpink👑👑👑,2,2025-02-09T14:29:35Z,2025-02-09T14:29:35Z
Ugxe3tXVn3n2qthgU-t4AaABAg,,False,@ShobhaGarasangi,乃ㄥ丹匚Ｋㄗ工れＫ,0,2025-02-09T02:58:55Z,2025-02-09T02:58:55Z
UgzZISXHON35s4i8zgt4AaABAg,,False,@AyeshaSalman-ug1li,Who is like me  who never go to black pink,0,2025-02-09T01:57:04Z,2025-02-09T01:57:04Z
Ugzfa6MtSxGd9ZEnQFp4AaABAg,,False,@Ninniewsiswq,MONABAL (LISA🎀😭💘) MARRY ME PLS i love youu 💖🖤,2,2025-02-05T20:56:25Z,2025-02-05T20:56:25Z
UgyaPZrlcVGFGSlPzVJ4AaABAg,,False,@Noah-pro,COMBAAAAAAAAAAAAAACK PLEASE I BEEEEEEEG 😩,0,2025-02-03T00:17:27Z,2025-02-03T00:17:27Z
UgwwVsDr7Zo9XzFQ09R4AaABAg,,False,@ESQ_VLOGSS,"❤️‍🔥❤️‍🔥❤️‍🔥❤️‍🔥❤️‍🔥blackpink in you area  eha,blackpink in you area  ehah.",0,2025-02-01T20:08:02Z,2025-02-01T20:08:02Z
Ugz1eLlhqc-lgpqKTy54AaABAg,,False,@Lismisss,🖤I LOVE BLACKPİNK🩷,1,2025-01-29T15:18:10Z,2025-01-29T15:18:10Z
UgzLWxJ8hJTtPBzuMg94AaABAg,,False,@snowyyy-j8h,돌아와주세요 🖤💗🖤💗🖤💗🖤💗🖤💗🖤💗🖤💗🖤💗🖤💗🖤💗🖤💗🖤💗🖤💗🖤💗🖤💗🖤💗🖤💗🖤💗🖤💗🖤💗🖤 박차영 💗프란프리야 마노반💛 Jennie kim 🖤kim jisoo💜,0,2025-01-28T21:25:45Z,2025-01-28T21:25:45Z
UgyatAxi40G8mALimk14AaABAg,,False,@RuslanOmarov-fy3dk,❤❤,0,2025-01-28T12:27:58Z,2025-01-28T12:27:58Z
Ugw7Wz3SefwXE3CFJvV4AaABAg,,False,@RuslanOmarov-fy3dk,Blackpink,0,2025-01-28T12:27:32Z,2025-01-28T12:27:32Z
Ugy4QxmWeezlSYtI0_54AaABAg,,False,@RuslanOmarov-fy3dk,Blackpink❤❤❤,0,2025-01-28T12:20:08Z,2025-01-28T12:20:08Z
Ugzc0UqMex2prjqaUkx4AaABAg,,False,@RuslanOmarov-fy3dk,Blackpink,0,2025-01-28T12:19:29Z,2025-01-28T12:19:29Z
UgxSH1boQThTZzSkQs54AaABAg,,False,@estherscholtes394,"BLΛƆKPIИK 
IS ZO ƆUTE❤",0,2025-01-27T17:16:15Z,2025-01-27T17:16:15Z
Ugwc2Wgwff9gAqQPy2R4AaABAg,,False,@RuslanOmarov-fy3dk,😊😊😊😊❤❤ Blackpink,1,2025-01-25T14:53:34Z,2025-01-25T14:53:34Z
UgyCq07b9SGRbSlmQAJ4AaABAg,,False,@Juusiwell,라이프=블랙핑크,0,2025-01-25T11:22:52Z,2025-01-25T11:22:52Z
UgwusKUSqo3NVN-juhJ4AaABAg,,False,@Almasaurio_1214,內縮 澳門囔 遠古未解功能,0,2025-01-24T15:35:31Z,2025-01-24T15:35:31Z
UgxPhkFnAyi-pAfykGJ4AaABAg,,False,@만두콩이-c3c,저 꽃 로그 뉴진스 로그랑 같지 않아요?,0,2025-01-24T11:32:26Z,2025-01-24T11:32:26Z
Ugy9fMWWa-928KQTgYh4AaABAg,,False,@Blinkygallery,😊😊😊❤❤❤,1,2025-01-21T09:15:15Z,2025-01-21T09:15:15Z
UgxKWN9QlvGMXITQuB94AaABAg,,False,@sunshine_blinks,ARE OUR 4 QUEENS MAKING A COMEBACK!!!🖤🩷,0,2025-01-19T11:34:37Z,2025-01-19T11:34:37Z
UgwJQPEp7KeuZ4Z172N4AaABAg,,False,@AyemaGoodGirl,Can you pakistan for me please I love you Guys ❤,0,2025-01-17T16:00:57Z,2025-01-17T16:00:57Z
UgyE8f8ZOLviiaiz6tB4AaABAg,,False,@pritikanapathak3409,I ❤️ 🩷🖤,0,2025-01-15T04:53:42Z,2025-01-15T04:53:42Z
Ugzouhwqxg0RyNIdY8V4AaABAg,,False,@Fatmanur-6863,Aw so cute❤,0,2025-01-14T14:49:57Z,2025-01-14T14:49:57Z
Ugxi2bCZSidF8TeVAeJ4AaABAg,,False,@GyanuSharma1919,😢,0,2025-01-14T10:30:19Z,2025-01-14T10:30:19Z
UgxeVCmWiAh0RzmF6DN4AaABAg,,False,@GyanuSharma1919,😢,0,2025-01-14T10:30:14Z,2025-01-14T10:30:14Z
UgwsxlMYlL3D5GwoKSR4AaABAg,,False,@GyanuSharma1919,❤❤❤❤❤❤❤😊😊😊😊🎉🎉,0,2025-01-14T10:30:06Z,2025-01-14T10:30:06Z
UgxtsGEKkHDJxurGKd14AaABAg,,False,@haydentoooreal,PLEASE COMEBACK THIS MONTH 😭,0,2025-01-09T05:30:37Z,2025-01-09T05:30:37Z
UgzhTkg3EqzoQvfeRmZ4AaABAg,,False,@abigailalba-v3c,bogota please,0,2025-01-07T11:16:43Z,2025-01-07T11:16:43Z
Ugxs_6zWNpSz-s3kTUx4AaABAg,,False,@LisaGarcia-l5t,Oki 😂,0,2025-01-07T06:04:03Z,2025-01-07T06:04:03Z
UgyplYW1NlKiz86AqBZ4AaABAg,,False,@Misimani-18Y,"안녕하세요 블랙핀크님, 저는 당신의 팬입니다. 제 이름을 언급해 주실 수 있나요? 제 이름은 로지타입니다. 저는 페루 출신이고 녹음하셔도 됩니다. 감사합니다
annyeonghaseyo beullaegpinkeunim, jeoneun dangsin-ui paen-ibnida. je ileum-eul eongeubhae jusil su issnayo? je ileum-eun lojitaibnida. jeoneun pelu chulsin-igo nog-eumhasyeodo doebnida. gamsahabnida",0,2025-01-04T20:04:52Z,2025-01-04T20:04:52Z
UgzLpO67x3HChIOLqZB4AaABAg,,False,@AçelyaDağdeviren,"블랙핑크 좌파, 2025년부터 지켜본다. 그리고 그들은 다시 만날 것이다. 유피이이❤❤❤❤🎉🎉❤😢😊😊",0,2025-01-02T13:32:22Z,2025-01-02T13:32:22Z
Ugyrw9L1fisna6ydCix4AaABAg,,False,@BuketCoskun-qs5tf,Black pink❤️‍🔥❤️‍🔥❤️‍🔥❤️‍🔥❤️‍🔥,0,2025-01-01T09:36:41Z,2025-01-01T09:36:41Z
UgzTJnVDKgaBJA4oKld4AaABAg,,False,@KiranyaSivasenthil-z,So cute ❤,0,2024-12-31T11:17:29Z,2024-12-31T11:17:29Z
Ugyx7ONmWfDp55xXffx4AaABAg,,False,@Rayo_McQueen23,¡I LOVE YOU BLACKPINK!,0,2024-12-30T21:34:43Z,2024-12-30T21:34:43Z
UgzDebX5XyFj57q0X_B4AaABAg,,False,@GrazielaMianti,"블랙핑크 눈깜빡이는 모두 사랑해... 영원히 기다려 주세요, 새로운 음악을 받는 것 그래서 🖤
Blackpink all the blinks love you...I can't stand not listening to new music anymore 🖤",0,2024-12-29T02:15:57Z,2024-12-29T02:15:57Z
UgwggrrY4JuOxnIFRqx4AaABAg,,False,@LaisMarianoMianti,"VOLTA BLACKPINK🖤💖!!!
블랙핑크가 돌아왔다!! 🖤💖!!!
BLACKPINK COME BACK 🖤💖!!!
BLACKPINKが帰ってくる 🖤💖!!!
แบล็คพิงค์กลับมาแล้ว 🖤💖!!!",0,2024-12-28T19:19:46Z,2024-12-28T19:19:46Z
Ugx6mQCL8zf6zxLHl-p4AaABAg,,False,@DeysySuastes,Merry Christmas blackpink 🖤🩷,0,2024-12-25T20:52:06Z,2024-12-25T20:52:06Z
Ugz33abYoCoj0H2Pe3l4AaABAg,,False,@albaantoniettaazocararrioj590,We NEED a Comeback,0,2024-12-24T16:44:36Z,2024-12-24T16:44:36Z
UgxOiscMLoU0qfodvL94AaABAg,,False,@Rockstar_aura,Please come India Assam please please please please please,0,2024-12-24T16:34:07Z,2024-12-24T16:34:07Z
UgxX5yZMeVDol-_8EPh4AaABAg,,False,@MDImranmiya-m7v,blackpink  comback,0,2024-12-24T12:52:01Z,2024-12-24T12:52:01Z
UgxnMCZiH8X9ulkXOgV4AaABAg,,False,@DildoraTulyaganova-d3s,I miss all of 4 queens 😢,1,2024-12-23T04:52:46Z,2024-12-23T04:52:46Z
UgxVTn3lckGZXiiZFMF4AaABAg,,False,@Milans-jc8qo,Totally Queens! ❤,0,2024-12-22T17:38:52Z,2024-12-22T17:38:52Z
UgyhovdMwy3SexDf5ph4AaABAg,,False,@BLINK_UNNIEE,❤,0,2024-12-22T17:06:29Z,2024-12-22T17:06:29Z
UgwDknLtngCKyQsfNgN4AaABAg,,False,@mahirmalik26,How many people miss black pink😔,1,2024-12-13T05:04:47Z,2024-12-13T05:04:47Z
UgxuyB9_i5afmCeubuB4AaABAg,,False,@K-A95,ben ve arkadaşlarım okulda hem de babymonsteri felen yapıyoz biyasım jısoo babymonsterda phicita,0,2024-12-12T15:48:02Z,2024-12-12T15:48:02Z
Ugy3U2jdyFN7yGbKTGd4AaABAg,,False,@H.O.D.A12,BLACKPINK,0,2024-12-05T09:24:17Z,2024-12-05T09:24:17Z
UgwOqlHBYI0fgEvr9ih4AaABAg,,False,@bedus.s,❤JISOO❤,0,2024-12-04T15:46:44Z,2024-12-04T15:46:44Z
UgwBd6ItAV9yVsbkeyd4AaABAg,,False,@Nana-n3n7z,귀여운,0,2024-12-02T22:25:50Z,2024-12-02T22:25:50Z
Ugwr4MzRuwiGCBYPFOp4AaABAg,,False,@李亦梅,🥰🥰🥰,1,2024-12-02T12:53:47Z,2024-12-02T12:53:47Z
UgwZjZCSliulF1m_4V54AaABAg,,False,@Lisa_fan12-34,❤❤,0,2024-12-01T00:21:06Z,2024-12-01T00:21:06Z
UgwzU8WKwXsY2jYEGLF4AaABAg,,False,@ferhaneren43,I love BLACKPİNK ❤❤,1,2024-11-25T14:19:14Z,2024-11-25T14:19:14Z
UgxOhZ_h0yPbzBcLdAd4AaABAg,,False,@fun._Monica,بلینک های تاکستیک کونی به ایدل من فوش می دییییییییی؟,0,2024-11-12T13:15:31Z,2024-11-12T13:15:31Z
Ugy7hZPr28o62hi9HsJ4AaABAg,,False,@Nayeonnixie,We want COMEBACK,0,2024-11-11T11:21:22Z,2024-11-11T11:21:22Z
Ugx-CJWczcCZ35iVcwl4AaABAg,,False,@maggıe-c6o,Blackpink  Kocaeli gelin blackpink i love you,0,2024-11-10T12:01:17Z,2024-11-10T12:01:17Z
UgzK5a41YVcT0WGUnSN4AaABAg,,False,@AdrianaSalazar-s6z,Savage world ❤,0,2024-11-09T15:17:36Z,2024-11-09T15:17:36Z
UgzjqeX17dPfMrtda1R4AaABAg,,False,@AdrianaSalazar-s6z,Panda to pink ❤❤,0,2024-11-09T15:17:26Z,2024-11-09T15:17:26Z
UgwmNdnAu7JIJ1_ZkgJ4AaABAg,,False,@GranzzGaming,Love from india ❤❤❤,0,2024-11-08T07:24:28Z,2024-11-08T07:24:28Z
UgxjKdjiQMEJjPTpd454AaABAg,,False,@bushramirza5588,BLACKPINK in your area😊❤,0,2024-11-07T14:01:08Z,2024-11-07T14:01:08Z
UgwTjIX1jFctLh7bwkV4AaABAg,,False,@HugoGerald-t6s,그놈의 ㄱ글 에서 벳프리 때문에 내거기 닳고 닳아서 없어지겠네,0,2024-11-05T16:47:36Z,2024-11-05T16:47:36Z
UgwEXcOTM2YW4Ezps-14AaABAg,,False,@MiriamGresham,여기댓글 왜이럼 ㄷㄷ ㄱ글 에서 벳프리 도대체 머길래--ㅋ,0,2024-11-05T16:27:20Z,2024-11-05T16:27:20Z
Ugw0cIP5L6qTjXP5Qdl4AaABAg,,False,@AnnabelleNobleman,ㄹㅇ ㄱ글 에서 벳프리 보면 다른거 눈에도 안들어옴 그냥 다시보면 되니까 개이득임 ㅋㅋㅋㅋ ?,0,2024-11-05T15:37:32Z,2024-11-05T15:37:32Z
UgwxGKK_ecxRahOXQzt4AaABAg,,False,@Sihirlikalemlerim,Even the teddy bear knows that BLACPINK is an Icon😎,1,2024-11-03T19:08:57Z,2024-11-03T19:08:57Z
UgxnW3KlzoKWDHDbqcd4AaABAg,,False,@무료스포츠중계벳프리,ㄱ글 에서 벳프리 보느라 눈밑에까지 다크써클 들어옴 ... 진짜 근데이뻐서 눈을못떼겟다...,0,2024-11-02T03:14:57Z,2024-11-02T03:14:57Z
UgyHdTYqQzJ17E5JIa94AaABAg,,False,@Edit_by_juy321,blink you hate hetaers,0,2024-11-01T05:49:59Z,2024-11-01T05:49:59Z
Ugwmo9ihroSz62HN-E14AaABAg,,False,@MahnazAzizi-u3y,blackpink,0,2024-10-30T02:24:39Z,2024-10-30T02:24:39Z
Ugxua44RB0imdMeFBHR4AaABAg,,False,@nae_wony,Where is My comeback?,0,2024-10-27T02:10:33Z,2024-10-27T02:10:33Z
UgwrhWkagwxQ0Z9E2NF4AaABAg,,False,@luhvs01,So cute the doll,0,2024-10-26T10:01:06Z,2024-10-26T10:01:06Z
UgzHLMpBH5VJEkJv3LZ4AaABAg,,False,@tomboygirl_13,I love Blackpink ❤❤❤❤❤❤❤❤❤❤❤❤❤❤❤❤❤❤❤❤❤❤❤❤❤❤❤❤❤❤❤❤❤❤❤❤❤❤❤❤❤❤❤❤❤❤❤❤❤❤❤❤❤❤❤❤❤❤❤❤❤❤❤❤❤❤❤❤❤❤❤❤❤❤❤❤❤❤❤❤❤❤❤❤❤❤❤❤❤❤,0,2024-10-22T17:14:57Z,2024-10-22T17:14:57Z
UgyJIhR6m4LP-Exhzf54AaABAg,,False,@Stayleeknowdoongiesoongiedori,"Black pink is the best ❤
Black pink is the legend😊",0,2024-10-19T10:43:30Z,2024-10-19T10:43:30Z
UgykgxQiK9fQ2aC84IF4AaABAg,,False,@ClaireConstantino-w2l,REMINDS ME OF NEWJEANS😩,0,2024-10-17T11:59:50Z,2024-10-17T11:59:50Z
Ugy5o05yuco5nHtgE1h4AaABAg,,False,@Fonts_are_pretty,Team Blink💅🏻😝,0,2024-10-12T07:54:28Z,2024-10-12T07:54:28Z
UgyEU70tRc5D-0D-Z-N4AaABAg,,False,@JoseGomez-iz7xy,Blackpink❤❤,1,2024-10-11T20:19:08Z,2024-10-11T20:19:08Z
UgyFZ3-rR1DQESJVH6p4AaABAg,,False,@JISOO.C-Y,Stream hagan stream stream stream que dddd sea el video más visto del kpop superen a psy,0,2024-10-08T03:29:13Z,2024-10-08T03:29:13Z
Ugx768B-hQZegMPWxc94AaABAg,,False,@minişhediyelikyakındasizlerle,We need a comeback,0,2024-10-07T18:18:43Z,2024-10-07T18:18:43Z
UgyC3fajUvywp02hq594AaABAg,,False,@rajendranvee3305,newjeans copy your flower pictur but  my best kpop is youuuuuuuuuuuuuuuuuu,0,2024-10-06T15:56:52Z,2024-10-06T15:56:52Z
UgzGdsPA4qtQHoCC2d14AaABAg,,False,@lekc_stars6719,Blackpink!,0,2024-10-06T08:27:11Z,2024-10-06T08:27:11Z
UgwlE4WcBZUeOhdFFWh4AaABAg,,False,@star-h3v9c,LOVE BLAKCKPINK💕💞💕,0,2024-10-04T04:02:42Z,2024-10-04T04:02:42Z
Ugy6Bgn2wnSuqRXpgUl4AaABAg,,False,@ZAINABtheHedwigGirl,FREE BLACKPINK +FREE PALASTINE🖤💖💞,1,2024-09-30T17:41:11Z,2024-09-30T17:41:11Z
Ugz7w2oyRBwmWW_KA3R4AaABAg,,False,@bhawnasharmapihu,Love you too,0,2024-09-30T11:52:03Z,2024-09-30T11:52:03Z
UgxkfJpZTwdUyOP3n794AaABAg,,False,@ibobag,❤,0,2024-09-28T18:10:06Z,2024-09-28T18:10:06Z
UgzeTKaTMJ_acxRv1YN4AaABAg,,False,@ibobag,❤,0,2024-09-28T18:09:54Z,2024-09-28T18:09:54Z
UgwFogNqsjwxIWUVnox4AaABAg,,False,@ibobag,❤,0,2024-09-28T18:09:44Z,2024-09-28T18:09:44Z
Ugwq9nEAamC0PwUJH3h4AaABAg,,False,@ibobag,❤😊,0,2024-09-28T18:09:32Z,2024-09-28T18:09:32Z
UgxnjsDbPC1qIlIU-z94AaABAg,,False,@anilkumarsindhuanilkumar5396,Black pink in your area  and  I love Rose 🌹,0,2024-09-27T13:29:01Z,2024-09-27T13:29:01Z
UgzIPEB1ScGKtSYc38d4AaABAg,,False,@livia_fans6610,SOON COMEBACK😊,0,2024-09-26T12:24:08Z,2024-09-26T12:24:08Z
Ugy2yw5obUZXAIC2oSd4AaABAg,,False,@Kimnonaneni112,So much love 💕,0,2024-09-24T20:43:28Z,2024-09-24T20:43:28Z
UgxpMtHMzhAqtOLn02l4AaABAg,,False,@TheStella11,Blackpink🖤🩷🖤🩷🖤🩷🖤🩷🖤🩷🖤🩷🖤🩷,0,2024-09-24T15:09:10Z,2024-09-24T15:09:10Z
Ugwpldb4qZiGMTKa6ll4AaABAg,,False,@mincraft_vlogs33,"Blackpink is the revolution 🔥
Proud to be a blink!",0,2024-09-24T05:20:08Z,2024-09-24T05:20:08Z
UgxGhObUD_8BqlxOZ_14AaABAg,,False,@nojoke166,❤❤❤❤❤❤❤❤❤❤❤❤❤I love you,0,2024-09-22T07:39:39Z,2024-09-22T07:39:39Z
UgxabKxKR0kBZxPIaIJ4AaABAg,,False,@Ecekırlangıç,Ya,0,2024-09-20T17:36:09Z,2024-09-20T17:36:09Z
UgxrPRNgCkaFeBXL-bF4AaABAg,,False,@roninondi8156,❤❤💃💃💃💃,0,2024-09-20T13:35:03Z,2024-09-20T13:35:03Z
Ugy8gGMk_PwrJlqc5pp4AaABAg,,False,@ليثناجحراسي,❤❤❤❤❤❤❤❤❤❤❤❤❤❤,0,2024-09-20T12:50:47Z,2024-09-20T12:50:47Z
UgwwC1LMv_RoVSPrX-l4AaABAg,,False,@SamikshaThakur-b2n,"🖤💗🖤💗🖤💗🖤💗🖤💗🖤💗🖤💗🖤💗🖤💗🖤💗🖤💗🖤💗🖤💗
                     BLACKPINK",0,2024-09-17T10:37:31Z,2024-09-17T10:37:31Z
UgxPBeUJ_LKT6wA4lFJ4AaABAg,,False,@Cutecat-d2u,"You say legend,I say blackpink 🖤💝",0,2024-09-16T17:11:48Z,2024-09-16T17:11:48Z
Ugw1BN76aXGoYlWCAe14AaABAg,,False,@Cherrytamil,"Black pink 🎉❤ , proud to be a blink✨💫

Don't be sad our jennie unnie - we are there for you !🥰
Always happy our cute lilly - overloaded 🥰
Our kutty princess Rosie - love to see you again😍
Our beauty queen Jisoo - always be confident 🤩

Blackpink is the revolution 🔥🔥🔥

🖤🩷️🖤🩷️🖤🩷️🖤🩷️🖤🩷️🖤🩷️🖤🩷️🖤🩷️🖤🩷️🖤🩷️🖤🩷️🖤🩷️🖤🩷️🖤🩷️🖤🩷️🖤🩷️🖤🩷️🖤🩷️🖤🩷️🖤🩷️🖤🩷️🖤🩷️🖤🩷️🖤🩷️🖤🩷️🖤🩷️🖤🩷️🖤🩷️🖤🩷️🖤🩷️🖤🩷️🖤🩷️🖤🩷️🖤🩷️🖤🩷️🖤🩷️🖤🩷️🖤🩷️🖤🩷️🖤🩷️🖤🩷️🖤🩷️🖤🩷️🖤🩷️🖤🩷️🖤🩷️🖤🩷️🖤🩷️🖤🩷️🖤🩷️🖤🩷️🖤🩷️🖤🩷️🖤🩷️🖤🩷️🖤🩷️🖤🩷️🖤🩷️🖤🩷️🖤🩷️🖤🩷️🖤🩷️🖤",0,2024-09-15T16:18:34Z,2024-09-15T16:20:41Z
UgzT3TMa8U-gFZ_to-J4AaABAg,,False,@asmabeltifa,❤❤❤❤❤❤❤❤❤❤❤❤❤❤❤❤❤❤❤❤❤❤❤❤❤❤😊😊😊😊😊😊😊😊😊😊😊😊😊😊😊😊😊😊😊😊😊😊😊😊,0,2024-09-15T10:47:08Z,2024-09-15T10:47:08Z
UgzUsrdvGLsY-uI6W0N4AaABAg,,False,@HaiqaDanish,Bts paved the way!!,0,2024-09-15T10:20:05Z,2024-09-15T10:20:05Z
UgySmu1RRC1l5gZgv3p4AaABAg,,False,@sooya.095,🤍,0,2024-09-14T15:47:14Z,2024-09-14T15:47:14Z
UgzGCmqgeFF217s3aWh4AaABAg,,False,@Leona-d3z,They are so pretty 🌸💮,0,2024-09-13T18:33:20Z,2024-09-13T18:33:20Z
UgxDi3IT4RKmcyDHOJl4AaABAg,,False,@НадяКучкарова,❤❤❤❤❤❤❤❤Jisoon Jennie Lisa rose,1,2024-09-13T04:44:08Z,2024-09-13T04:44:08Z
UgyNuGNBbwHzGi_0cyN4AaABAg,,False,@prənsesc,❤❤❤❤,1,2024-09-12T16:42:41Z,2024-09-12T16:42:41Z
UgxwwwSRznJbjKFkYA94AaABAg,,False,@Jenniecapibara,WWOWWOW,0,2024-09-11T14:37:47Z,2024-09-11T14:37:47Z
Ugz-eMcsl9h6zgVgQYN4AaABAg,,False,@maremendiaye3350,Happy birthday   ROSÉ🎉🎉🎉🎉❤❤❤❤❤❤❤❤❤❤❤,0,2024-09-10T19:56:59Z,2024-09-10T19:56:59Z
Ugxi2cvmIDZcaDafCJp4AaABAg,,False,@DayaneKikoeSofya,🖤🖤I love BLACKPINK💗💗,0,2024-09-07T13:35:06Z,2024-09-07T13:35:06Z
UgxVVYS7eMYFoc2YMWB4AaABAg,,False,@lucianamorais5924,❤❤❤❤❤❤❤❤❤❤❤❤❤❤❤❤❤❤❤❤❤❤❤❤❤❤❤❤❤❤❤❤❤❤❤❤❤❤❤❤❤❤❤❤❤❤❤❤❤❤❤❤❤❤❤❤❤❤❤❤❤❤❤❤❤❤❤❤❤❤❤❤❤❤❤❤❤❤❤❤❤ cute,0,2024-09-07T13:31:17Z,2024-09-07T13:31:17Z
Ugx3suqLMwo2iKVUt0N4AaABAg,,False,@Danielle_much,OMG,0,2024-09-06T13:22:30Z,2024-09-06T13:22:30Z
UgxP5rCsP6Y8oElQ6t54AaABAg,,False,@Blacpink_jenlisafan,Cok iyi olmus asık oldum resmen,0,2024-09-06T10:07:13Z,2024-09-06T10:07:13Z
UgxRoJX_lkqSQCy1TfB4AaABAg,,False,@gagandeepkaur873,Blackpink why were you not in India 😢😢😢,0,2024-09-05T10:31:00Z,2024-09-05T10:31:00Z
UgzX94uvLa1aNv3r_tZ4AaABAg,,False,@CraftyAfra,We Need A COMEBACK 🔥🔥🔥,0,2024-09-05T07:42:34Z,2024-09-05T07:42:34Z
UgzqWqqUDjza_m2jzJF4AaABAg,,False,@Z3y5inn,I love you,0,2024-09-04T21:21:51Z,2024-09-04T21:21:51Z
Ugx-k3-NN1-7HRIDpO94AaABAg,,False,@nilaytubaagaoglu2200,Yayın aç,0,2024-09-03T17:57:50Z,2024-09-03T17:57:50Z
UgwBoQhcUJDFg5QmqfR4AaABAg,,False,@VusalAliyev-rl9lv,😂😂😂😂😂😂😂😂,0,2024-09-02T20:11:12Z,2024-09-02T20:11:12Z
UgwnUKDrH1YHkzBmDL94AaABAg,,False,@rosie-posie-137,yayy,0,2024-09-02T17:00:42Z,2024-09-02T17:00:42Z
UgwP4dbIiu1wQA2DAyF4AaABAg,,False,@Cutie_Donut,BLACKPINK ❤❤😢❤😢❤😢😢❤😢❤😢😢❤😢😢❤,1,2024-09-01T15:21:19Z,2024-09-01T15:21:19Z
UgxgDlgJF2QG958MnJF4AaABAg,,False,@NevaStarBlackPink-p5b,Blackpink!!! 123 kim jisso 123 kim jennie 123 park chayeon 124 lalisa manobale,0,2024-09-01T10:32:42Z,2024-09-01T10:32:42Z
Ugzh2nosnclQM86fF0J4AaABAg,,False,@NevaStarBlackPink-p5b,"안녕하세요 블랙핑크, 저는 9살이고 이름은 NEGA이고 지쏘는 제 편견입니다. 그건 그렇고, 저는 한국을 잘 모르지만 기념일 축하하고 언젠가 당신의 콘서트를 볼 수 있기를 바랍니다.",0,2024-09-01T10:31:52Z,2024-09-01T10:31:52Z
UgxGT-EscRaHttdp_Yt4AaABAg,,False,@NevaStarBlackPink-p5b,"안녕하세요 블랙핑크, 저는 9살이고 이름은 NEGA이고 지쏘는 제 편견입니다. 그건 그렇고, 저는 한국을 잘 모르지만 기념일 축하하고 언젠가 당신의 콘서트를 볼 수 있기를 바랍니다.",0,2024-09-01T10:31:47Z,2024-09-01T10:31:47Z
Ugx13KdIN6vfWAUWPhR4AaABAg,,False,@HoaNguyenMai-ki4io,🌺🌺🌺🥰🥰🥰,1,2024-08-31T07:14:05Z,2024-08-31T07:14:05Z
Ugw0oOu7fGdxC7jx8Th4AaABAg,,False,@Ahloon46,I Like you ❤❤❤❤❤❤❤😊😊😊😊😊😊,0,2024-08-31T04:59:52Z,2024-08-31T04:59:52Z
Ugz7HDNaHQGthsE5JO14AaABAg,,False,@BLACKPINK-QUEENS12,Black ❤❤❤❤❤pink in your area,0,2024-08-31T04:57:46Z,2024-08-31T04:57:46Z
UgxSantrnJAe4md3Gpx4AaABAg,,False,@RekhaPandey-v1s,"❤ cute ❤
❤
For the world blackpink iS needed 😊
❤❤❤❤❤❤❤
We ❤ u😊😊😊😊😊😊😊😊😊😊😊
❤❤❤❤❤❤😊😊😊😊",0,2024-08-31T04:39:29Z,2024-08-31T04:39:29Z
Ugyoe7z0y1qNvn-Czo14AaABAg,,False,@HsjsvJdbdvdusv,Ilove you black pink dance❤❤❤❤😊💕💋🇧🇵,0,2024-08-30T13:22:13Z,2024-08-30T13:22:13Z
Ugy6KaOlJr1kPeAzBUp4AaABAg,,False,@AIZAworld-l4m,_블랙핑크는 절대 외로움을 느끼지 않아요. 왜냐하면 저는 블랙핑크와 함께 있고 블링크도 함께 있기 때문이에요. 사랑해요. 블랙핑크 인피니티는 오직 당신만을 사랑해요 _🖤💜❤️💛.,2,2024-08-29T19:16:27Z,2024-08-29T19:16:27Z
Ugxuh-K0hi5NO5ancRZ4AaABAg,,False,@jaquelinealves991,❤❤❤❤❤❤,0,2024-08-29T18:02:27Z,2024-08-29T18:02:27Z
UgwuIiGOx4mkni-u7Cl4AaABAg,,False,@ElvAltor,In albani here i teg  there is a shop that has a foto of blakpink ❤❤ i lovee dit,1,2024-08-29T16:36:34Z,2024-08-29T16:36:34Z
UgyOffv6a_mqVqDFVeZ4AaABAg,,False,@YasarCaliser,Love blacpink,0,2024-08-28T17:45:44Z,2024-08-28T17:45:44Z
UgxNpOUGqCOlSay36PB4AaABAg,,False,@CharosShavkatova-i1h,Please come to UZBEKISTAN 🇺🇿🇺🇿🇺🇿🥺🙏,1,2024-08-28T17:02:52Z,2024-08-28T17:02:52Z
UgyO7a6jrhJw9XvD9tR4AaABAg,,False,@İpekBoydak,🤔,0,2024-08-28T16:56:19Z,2024-08-28T16:56:19Z
Ugw5wIR1dr0TghXMrv54AaABAg,,False,@lalisaammm_s-t1,lisaaa🎉🎉,0,2024-08-28T13:22:45Z,2024-08-28T13:22:45Z
Ugzaa-cHEInWLsOPy0R4AaABAg,,False,@Numcuk3113,Gay blackpink,0,2024-08-27T18:08:17Z,2024-08-27T18:08:17Z
Ugw2pAIOxvb0LJd-qzt4AaABAg,,False,@Numcuk3113,Gay bts,0,2024-08-27T18:08:08Z,2024-08-27T18:08:08Z
Ugx0sdyxpQLWNQ39Pp14AaABAg,,False,@wiwixsa,I LOVE BLΛƆKPIИK,0,2024-08-27T07:00:33Z,2024-08-27T07:00:33Z
UgzrB_4lm8SW1cPLEl94AaABAg,,False,@Kpop_lover_straykids,So cute blackpink❤ comments you guy literally need to  listen to new woman by Lisa 🎉 if you haven’t  yet,2,2024-08-26T23:31:49Z,2024-08-26T23:31:49Z
UgzxDBhMVcI5pBVhgqF4AaABAg,,False,@Abbey_luvs_laufey_kpop2,Wait has anyone realized.. the flower on top of BLACKPINKS name in the beginning kind of looks like NEWJEANS new comeback like the bunny with the petals around it..,0,2024-08-26T22:03:03Z,2024-08-26T22:03:03Z
UgxUXYyjzqVQQArlUS14AaABAg,,False,@Lalisaw_blink,"안녕하세요! 우선, 터키 전체가 블랙핑크로 가득 차 있기 때문에 터키 팬이 많습니다! 터키는 여러분을 정말 사랑합니다 사랑해요 블랙핑크 제발 컴백해주세요 보고 싶어요!
        -당신의 봄 터키 팬-",2,2024-08-26T20:42:18Z,2024-08-26T20:42:18Z
UgzcNqT8iOslwo-Mii94AaABAg,,False,@jennluvie,Were is the godamn comeback😊😊😊,0,2024-08-26T17:28:04Z,2024-08-26T17:28:04Z
UgyWEDdoAI0dhQBiyeJ4AaABAg,,False,@Kim_jennie.BESTGG,BEST GG IN YOUR AREA!,0,2024-08-26T14:13:56Z,2024-08-26T14:13:56Z
UgyScXL9pcVKcLdJKp54AaABAg,,False,@nusratmim867,My 4 queen 😢,0,2024-08-26T08:13:33Z,2024-08-26T08:13:33Z
UgzUYIjm_LQ4rLxtS_h4AaABAg,,False,@LoanTrần-p6w,❤❤❤❤❤❤❤❤❤❤❤❤❤❤❤🎉🎉❤🎉❤🎉🎉❤🎉❤🎉❤🎉❤🎉🎉❤🎉❤🎉❤❤😮❤😢😢❤😢❤❤❤😮😊❤😊😊❤😊❤😊❤😊❤😊❤😊😊❤,0,2024-08-25T09:36:47Z,2024-08-25T09:36:47Z
UgxD7N76g2E5k4ACY1p4AaABAg,,False,@DurdonaKarimova-tg2dp,Blackpunk eng eng yaxshi korgan idollarim Lisa Rosa Jennie Jisoo❤❤❤❤❤❤❤❤❤,1,2024-08-25T04:39:24Z,2024-08-25T04:39:24Z
Ugx-3KIXiwGDRaCCRfl4AaABAg,,False,@CH4N3L_000,The new jeans photo is this and supernatural photo,1,2024-08-24T20:11:01Z,2024-08-24T20:11:01Z
Ugwp0A5Dr8-hI2_jOv94AaABAg,,False,@aminatacoulibaly5343,❤❤❤❤❤❤,0,2024-08-24T11:33:33Z,2024-08-24T11:33:33Z
Ugwl76lXO4p0zwTlJxl4AaABAg,,False,@Daily_dose035,I am a baby blink and my age is 9 iam studying 5 the std and I love blackpink ❤❤❤❤❤❤💖,0,2024-08-23T06:34:32Z,2024-08-23T06:34:32Z
UgzdFys9Ig_U_BLzuA14AaABAg,,False,@Kidsfunwor,Blackpink come back,0,2024-08-23T05:23:31Z,2024-08-23T05:23:31Z
Ugw7vgsjCWdhnkQQOyt4AaABAg,,False,@marianamange1829,Jisso. Blak pik,0,2024-08-23T03:56:24Z,2024-08-23T03:56:24Z
UgwyBltmQL5Kuj6PK-J4AaABAg,,False,@Jennierubiess11,TWICE BEST GG,0,2024-08-22T19:55:32Z,2024-08-22T19:55:32Z
Ugza6GNjtYNxEzSbVg14AaABAg,,False,@AlwysJen,SHE A,0,2024-08-21T14:08:17Z,2024-08-21T14:08:17Z
Ugywb16shSetpww-cVF4AaABAg,,False,@AakankshaAgarwal-wi1xs,BLACKPINK,0,2024-08-21T08:56:28Z,2024-08-21T08:56:28Z
UgykTq3tvma5_iitwDh4AaABAg,,False,@TheFunWorldofScream,😮😮😮😮❤❤❤❤❤,0,2024-08-20T11:13:23Z,2024-08-20T11:13:23Z
UgzNgjDfHQFgW24ystp4AaABAg,,False,@LikeMyBeautifulWorld,very nice ❤❤❤❤❤❤,0,2024-08-20T08:54:39Z,2024-08-20T08:54:39Z
UgxMeDk6x-BwbuGcfER4AaABAg,,False,@PaboLeebit,We need a comeback 🔥🔥🔥🔥🔥😫,0,2024-08-19T20:15:21Z,2024-08-19T20:15:21Z
UgwFy9xa7-q7hxXckKN4AaABAg,,False,@aksi_nya,You,0,2024-08-18T17:15:15Z,2024-08-18T17:15:15Z
Ugw7zoZK0nHJ0OK9bHl4AaABAg,,False,@ZainabIzwa,I love you Black pink forever 💞💞💞💞💞💞💞💞💞💞💞,0,2024-08-18T10:35:11Z,2024-08-18T10:35:11Z
Ugyh5rA0eH2hETxls854AaABAg,,False,@TanishSharma-g8c,BLACKPINK ❤❤,0,2024-08-18T08:33:36Z,2024-08-18T08:33:36Z
UgwTka8fnLBZVPftHlN4AaABAg,,False,@김지유_KimJiYoo,Best loop ever 😂,0,2024-08-17T16:12:26Z,2024-08-17T16:12:26Z
UgzwkmGvyRU3IvuQMQJ4AaABAg,,False,@Cookie11139,❤❤❤,0,2024-08-17T04:25:05Z,2024-08-17T04:25:05Z
UgyidVaQkNONyX76ep54AaABAg,,False,@AvniRawat-q8y,Dark pink why you not come in India,0,2024-08-16T12:16:16Z,2024-08-16T12:16:16Z
UgyN_Vt5ibSN7SM6EGJ4AaABAg,,False,@straawberry._.dxnielle,nj x bp? maybe?,0,2024-08-16T09:57:58Z,2024-08-16T09:57:58Z
UgwrxKH3gs2gCxq393J4AaABAg,,False,@ZiaulHoqSumon,I LOVE  blackpink ❤❤❤❤❤❤❤❤❤❤❤❤and thier songs❤❤❤❤❤❤❤❤❤❤❤❤,0,2024-08-16T06:52:24Z,2024-08-16T06:52:24Z
UgyXsc4rH1jGC4t8pHt4AaABAg,,False,@suparna1497,Blackpink  Blackpink ❤️ ❤️ ❤️,0,2024-08-15T04:49:14Z,2024-08-15T04:49:14Z
UgzrEIDJBohvWey6TY14AaABAg,,False,@marianamange1829,We need  a comendack,0,2024-08-15T03:35:30Z,2024-08-15T03:35:30Z
UgwEK6hiZJY8qiaZwtF4AaABAg,,False,@Jensylovesh,ON THE,0,2024-08-14T19:38:06Z,2024-08-14T19:38:06Z
UgxmMtdeSU-M4PwGMUF4AaABAg,,False,@LAMALISA_69,بلينكاتتشييي فديتكمم💋💜,1,2024-08-14T15:02:31Z,2024-08-14T15:02:31Z
UgxuV8NVBQFQmzJAicJ4AaABAg,,False,@Justmoi-g1z,Blackpink is the best❤❤,1,2024-08-14T11:14:07Z,2024-08-14T11:14:07Z
UgwZNrMLTbz8dM5uZyF4AaABAg,,False,@Birisi.41,DASH,0,2024-08-14T08:06:48Z,2024-08-14T08:06:48Z
UgyTvQWU0cllqtGrtd14AaABAg,,False,@saulloya7450,Sitting,0,2024-08-14T02:01:59Z,2024-08-14T02:01:59Z
UgwlAPRAYXt0ypIMRR54AaABAg,,False,@Blink_Xoxo-16u,I love you,0,2024-08-13T11:10:27Z,2024-08-13T11:10:27Z
UgxEVwZQsQRRCG8fXZx4AaABAg,,False,@HalalAbogela,❤❤❤,0,2024-08-12T18:11:08Z,2024-08-12T18:11:08Z
Ugw2793FKzc3dmA_X354AaABAg,,False,@Rima12124,❤❤❤❤❤❤,0,2024-08-12T15:33:06Z,2024-08-12T15:33:06Z
UgzS4lUYKNIMW7hMaix4AaABAg,,False,@P-REETY_34,Now I find a perfect loop 😅,1,2024-08-11T16:38:43Z,2024-08-11T16:38:43Z
Ugx0QXW4RDdID16O-et4AaABAg,,False,@davideduardojuarezvazquez4619,Edsaqpo😊,0,2024-08-11T12:12:28Z,2024-08-11T12:12:28Z
UgzJQytapeX9fkQ-XNF4AaABAg,,False,@Fairytale_ot5,I love jennie❤,1,2024-08-11T11:27:27Z,2024-08-11T11:27:27Z
UgyezeTGYCEqr2tsy2l4AaABAg,,False,@Rober-k8u,❤,0,2024-08-10T20:42:14Z,2024-08-10T20:42:14Z
Ugxy8jr5xKY-GfrqXTd4AaABAg,,False,@Pharitaymıss,Dash,0,2024-08-10T20:10:55Z,2024-08-10T20:10:55Z
UgxElTuYYtVapJCb4u54AaABAg,,False,@me_majushka,I LOVE YOU BLACK PINK LISA 😍💞,0,2024-08-10T18:29:02Z,2024-08-10T18:29:02Z
Ugx3wSpXBZ8p3my3WYV4AaABAg,,False,@MianAdawe,🩷🩷🩷🩷🤭🥰🖤🖤🖤🖤🖤🖤😊🥹,0,2024-08-10T11:46:25Z,2024-08-10T11:46:25Z
UgxDH0f5b2_m-dAZbwV4AaABAg,,False,@amandaojeda2775,Kis is y live,0,2024-08-09T23:32:48Z,2024-08-09T23:32:48Z
Ugyq5M4e2YGU650xPNJ4AaABAg,,False,@black_blink,SHE A,1,2024-08-09T19:12:13Z,2024-08-09T19:12:13Z
UgxGrrHleqb25JNw12N4AaABAg,,False,@blaeckmamba,"BLACKPINK is the Revolution 

Jennie🐻
Jisoo🐰
Lisa🐣
Rose🐿️",1,2024-08-09T05:01:15Z,2024-08-09T05:02:30Z
Ugx33l5UuZnv0wXeB_14AaABAg,,False,@its_bhumika29.official,My 4 Queen 👑 Lisa Jennie jisoo and Rose,0,2024-08-09T04:05:15Z,2024-08-09T04:05:15Z
UgwQR8aeIhSY_Q39aJd4AaABAg,,False,@rosiex029,Blackpink ❤ Born pink,0,2024-08-08T19:46:01Z,2024-08-08T19:46:01Z
UgyolvQ0A-Z6WgwXH9J4AaABAg,,False,@artrishashow8256,"Other using green screen. ❤❤

But..blackpink. 😏😏",0,2024-08-08T09:40:16Z,2024-08-08T09:40:16Z
Ugy_v92QmNyscdTrNrd4AaABAg,,False,@Odaleater,Lisa i love you ❤❤❤,1,2024-08-08T05:43:45Z,2024-08-08T05:43:45Z
Ugwb7r7wf2gqjW_9MpB4AaABAg,,False,@Touka_,This looks like nj’s supernatural,0,2024-08-07T22:42:55Z,2024-08-07T22:42:55Z
UgytJ5IK4N6efFXVPyV4AaABAg,,False,@Bercinko,Ooooooo sow cite whay,0,2024-08-07T17:36:58Z,2024-08-07T17:36:58Z
Ugxd12lPy76lkafaZlR4AaABAg,,False,@Thenight.wanderer_official,Miss you girls.❤,0,2024-08-07T15:29:06Z,2024-08-07T15:29:06Z
Ugw6gxLSNneTq4BU4Ed4AaABAg,,False,@Mashaaa_boom,❤❤❤❤😊,1,2024-08-07T11:19:36Z,2024-08-07T11:19:36Z
Ugy3iwBNIV0XL3UqfLx4AaABAg,,False,@jasminechee297,Jennie ❤BLACKPlNK❤❤,0,2024-08-07T04:52:26Z,2024-08-07T04:52:26Z
UgzYD3IrK_pKsGpNiHp4AaABAg,,False,@marialeon8614,Is it just me or is 5be little flower giving righ5 now vibes,0,2024-08-06T15:07:33Z,2024-08-06T15:07:33Z
Ugyc_bLYjTunxA1NNRl4AaABAg,,False,@Polina-c4q,🎉🎉🎉🎉❤❤❤,0,2024-08-06T12:45:05Z,2024-08-06T12:45:05Z
Ugwpra3NZ_4uHWN3nnR4AaABAg,,False,@Polina-c4q,❤❤❤❤❤❤❤❤,0,2024-08-06T12:44:58Z,2024-08-06T12:44:58Z
UgziOo-mUbGh3NaWkj94AaABAg,,False,@lover_sadiesink,BLACKPINK 2025 COMEBACK❤🤘🤘🤘🤘🤘,0,2024-08-06T11:58:37Z,2024-08-06T11:58:37Z
Ugytavz453_Dq9ICV0B4AaABAg,,False,@DanWilliamRooney,*_ARE THEY BACK?_* 🎉,0,2024-08-06T11:03:49Z,2024-08-06T11:03:49Z
UgzVXwt4cnZdYGUvT6J4AaABAg,,False,@MYUNIVERSE990,What,0,2024-08-06T10:57:27Z,2024-08-06T10:57:27Z
UgwZX5XFNcPAZ-A01T54AaABAg,,False,@Aesthetic_edits-t7e,OMG hi BLACKPINK ❤️❤️❤️❤️,0,2024-08-06T10:56:34Z,2024-08-06T10:56:34Z
Ugw7Bh9cKv1rsVg2hLt4AaABAg,,False,@jshejgge,I'm even impressed like that little bear or smth❤,0,2024-08-06T08:40:34Z,2024-08-06T08:40:34Z
UgwZ_tZ_d56l4fqUU2N4AaABAg,,False,@NikkyBerichon-j9f,Kawaiii❤,0,2024-08-05T23:23:20Z,2024-08-05T23:23:20Z
Ugw4dc5D8C0_FKqd9uR4AaABAg,,False,@luzelenanunesalmanza4531,❤4h4h,0,2024-08-04T18:00:42Z,2024-08-04T18:00:42Z
UgxfCxU8yJuCjJWSL714AaABAg,,False,@juantacuche5717,😊❤,0,2024-08-04T17:39:04Z,2024-08-04T17:39:04Z
UgxM5ezsEbKnklYEQHR4AaABAg,,False,@manjulsingh7624,🖤🩷💝,0,2024-08-04T10:22:59Z,2024-08-04T10:22:59Z
UgwfjaKWpOXD_QAK4NV4AaABAg,,False,@hmolhngat1831,바루,0,2024-08-04T08:50:48Z,2024-08-04T08:50:48Z
Ugx23ZuEkdA3SdE4mmB4AaABAg,,False,@Ruby_Jane-v7o,🖤BLACKPINK💗,0,2024-08-04T07:56:13Z,2024-08-04T07:56:13Z
UgwO3W2JI-Q9l818-nF4AaABAg,,False,@ishu_basnet,-cool-,0,2024-08-04T06:34:44Z,2024-08-04T06:34:44Z
UgxzGbWkEr7a3uraJUN4AaABAg,,False,@AnhThowCute44,Ohhhhhh so cuteeeeee,0,2024-08-04T05:31:57Z,2024-08-04T05:31:57Z
Ugytb43Dcw2yjZfSFPV4AaABAg,,False,@MyMelody12,SUPERNATURAL BUT BP?????,0,2024-08-03T22:31:38Z,2024-08-03T22:31:38Z
UgxA5TWpSwGwMdoy-KV4AaABAg,,False,@Luni-c6j,최대최고의 걸그룹💗,0,2024-08-03T19:59:44Z,2024-08-03T19:59:44Z
UgyRv-wEIwDeCyirAN54AaABAg,,False,@FatimaBintTanvir,I miss them 😢 luv you 💗🖤,0,2024-08-03T04:22:00Z,2024-08-03T04:22:00Z
Ugzt5_oftXgRr5HMRG14AaABAg,,False,@Sweetcook-m9n,East or west blackpink is the best🩷🩷,0,2024-08-03T03:53:43Z,2024-08-03T03:53:43Z
Ugxs7eWD9QT-pgVpWGp4AaABAg,,False,@anestispapaianidis7926,BLACKPINK is so cute 🥰,1,2024-08-02T22:06:45Z,2024-08-02T22:06:45Z
Ugwlb3DW5rq-FgNRTKB4AaABAg,,False,@redajamal9837,Love you,0,2024-08-02T18:07:46Z,2024-08-02T18:07:46Z
UgxqchqBdNDOzcaYb9N4AaABAg,,False,@abcdefg45987,❤,0,2024-08-02T10:55:14Z,2024-08-02T10:55:14Z
UgwkGyBh5jkg0_qXixh4AaABAg,,False,@HareemkhanOfficial,SLAYERSS 💜💓✨🌸,0,2024-08-01T19:09:46Z,2024-08-01T19:09:46Z
UgzUpop3b-1svrsj0jR4AaABAg,,False,@Minipixiart3,Cute suj,0,2024-08-01T15:24:18Z,2024-08-01T15:24:18Z
Ugx__txYRPbSbLA2v054AaABAg,,False,@pramodpandey2963,😊😊,1,2024-08-01T15:23:21Z,2024-08-01T15:23:21Z
UgworrRsHFHp8Ije3ed4AaABAg,,False,@وحَده_تعشق_جيني,*حبيتتت💗🖤*,0,2024-08-01T13:07:42Z,2024-08-01T13:07:42Z
UgzKuMY8mIjNSSP2EBB4AaABAg,,False,@elel.izaveta,𝑰 𝑳𝑶𝑽𝑬 🖤𝑩𝑳ΛƆ𝑲𝑷𝑰И𝑲💗!!!!!!,1,2024-08-01T12:47:32Z,2024-08-01T12:47:32Z
UgwWVheMttC7hHVZkWd4AaABAg,,False,@Enhypennikicute,So cute. I missed tou blackpink you are the best,0,2024-08-01T09:40:37Z,2024-08-01T09:40:37Z
UgzPOnf6xHEQ7EPTYg54AaABAg,,False,@LheamThereseG.Gonzaga,How much?,0,2024-07-31T23:43:54Z,2024-07-31T23:43:54Z
Ugy6rjW8f57XigtibtR4AaABAg,,False,@jahanzaibali6188,I love you  back pink ❤❤😊😊😊😊😊😊😊😊😊😊,1,2024-07-31T15:53:35Z,2024-07-31T15:53:35Z
UgwJX249M0QN_0fKEUF4AaABAg,,False,@Salihayousufzai-rm9mq,😅😅😅😂,0,2024-07-31T15:05:10Z,2024-07-31T15:05:10Z
UgwJX249M0QN_0fKEUF4AaABAg.A6ZMT-IZMG1A6ZMWYQdpNq,UgwJX249M0QN_0fKEUF4AaABAg,True,@Salihayousufzai-rm9mq,Lias😂😅,0,2024-07-31T15:05:39Z,2024-07-31T15:05:39Z
Ugx0xDxJbHbPfABKa994AaABAg,,False,@rajeshvarithakur9701,🖤💓,0,2024-07-31T14:52:15Z,2024-07-31T14:52:15Z
UgyFHIj2vYSvJKjVUcR4AaABAg,,False,@lisasfann,Woww,1,2024-07-31T10:29:44Z,2024-07-31T10:29:44Z
UgxyQX5gXfwoy7XTesN4AaABAg,,False,@missesmaৎ,안녕 yg 나는 아제르바이잔 테즈 에 블랙핀키를 착용 부탁합니다! 🤬😈,1,2024-07-31T06:36:52Z,2024-07-31T06:37:39Z
UgxrEOUSQ-WWoaTry0J4AaABAg,,False,@UsmanPlayzCricket,Ahhhhhh they slayyy,0,2024-07-31T06:18:15Z,2024-07-31T06:18:15Z
Ugw9leOwW3J0qF3yg9N4AaABAg,,False,@Ella3ll425,tell me that Im a blink without telling that I'm a blink anyways love u,0,2024-07-31T02:20:59Z,2024-07-31T02:20:59Z
UgwhYDQt1b_RDYhMY7R4AaABAg,,False,@Vale-wv3qh,정말 아름다워,0,2024-07-30T19:55:49Z,2024-07-30T19:55:49Z
UgxvBNTsWo-htYEazG14AaABAg,,False,@ميلاف-ط2س,‏صراحة أحب BLACKPINK مرة أحبكم كيوت,1,2024-07-30T19:11:52Z,2024-07-30T19:11:52Z
UgwcRGaKPS_s1niDCaZ4AaABAg,,False,@Maiahof,انظر الطابعات بدون علم منهم ماذا يحدث,0,2024-07-30T12:59:16Z,2024-07-30T12:59:16Z
UgwEqzhh_XNpeHj5CvZ4AaABAg,,False,@Maiahof,تريعي في تسجيل اخر بعدين تسمعي تاتروح تريوعه الهندي,0,2024-07-30T12:58:56Z,2024-07-30T12:58:56Z
UgzWSEIpyqlxMQnIRt94AaABAg,,False,@Maiahof,نتيجه صلب الماني,0,2024-07-30T12:58:29Z,2024-07-30T12:58:29Z
UgzBc8MxLNIeeWVoKGh4AaABAg,,False,@Maiahof,افتحي مسجل الهاتف بالشمس واني بالظل حاط هاتفي يسجل استلمي من الطابعات خبري السلطات بذالك,0,2024-07-30T12:58:15Z,2024-07-30T12:58:15Z
UgzZGboQbC1EP8tL2B14AaABAg,,False,@hatran-vb6bs,🎉🎉😂😂😂😂🎉🎉😂,0,2024-07-30T06:20:48Z,2024-07-30T06:20:48Z
UgweAW3IJrUZR4tOINx4AaABAg,,False,@Candycute2B,What blackpink and newjeans🫢,0,2024-07-30T04:49:38Z,2024-07-30T04:49:38Z
Ugy43_w1qx0uwo_Dx7d4AaABAg,,False,@MeriemBoutawout-Q4guh,This was blackpink and now it’s newjeans,0,2024-07-30T03:11:15Z,2024-07-30T03:11:15Z
UgzsUslpHeDjy6DmwyB4AaABAg,,False,@Sara_oficial13,Blackpink veja meu comentario por favor,0,2024-07-29T19:19:30Z,2024-07-29T19:19:30Z
Ugwc1oHqBXhttox1--J4AaABAg,,False,@TKM_Vicky,BLAСK PIИK,1,2024-07-28T20:28:40Z,2024-07-28T20:28:40Z
UgzjTGheEb15p73h86Z4AaABAg,,False,@Annaberry-luv,Ahhhhh so cute sorry I just love blackpink❤,0,2024-07-28T14:33:26Z,2024-07-28T14:33:26Z
UgysfFZKxmha0aklGRR4AaABAg,,False,@SukumariAkella,Blackpinkkkkkk  ❤❤❤❤❤,0,2024-07-28T11:25:22Z,2024-07-28T11:25:22Z
UgwNWpthGg9sbkHEaj54AaABAg,,False,@leticiaraygozaramirez5949,Aquí los q iran❤😊,1,2024-07-27T21:16:24Z,2024-07-27T21:16:24Z
UgxV9iAEoh-1yvwjgsN4AaABAg,,False,@DesimirKostic,🩷🩷🩷🩷,0,2024-07-27T14:31:54Z,2024-07-27T14:31:54Z
UgyqNf4vLGAsey_PqER4AaABAg,,False,@DildoraOtaqulova-uw9je,❤❤❤❤,0,2024-07-26T14:05:17Z,2024-07-26T14:05:17Z
Ugytdtgs7YwVzNFdKOJ4AaABAg,,False,@gulayakbulut6280,SİZİ  ÇOK  ÖZLEDİM  BLACK  PİNK,0,2024-07-26T10:53:05Z,2024-07-26T10:53:05Z
UgxJbzO2Qdd-N75aFVh4AaABAg,,False,@ГулбарчынСалиева-з1д,🤬🤬🤬😤💩💩👹🤌🖕👺,0,2024-07-26T05:18:42Z,2024-07-26T05:18:42Z
Ugz4-dPRa2rwlfQuSQ14AaABAg,,False,@Jisxsooywq,Omgggg,0,2024-07-25T21:17:40Z,2024-07-25T21:17:40Z
UgwAFvcO-8RXwoqmr5R4AaABAg,,False,@ChanderSharma-jz7hx,please do comeback😢,0,2024-07-25T09:20:45Z,2024-07-25T09:20:45Z
UgyVe1NkjhDigeOubZd4AaABAg,,False,@Mariam-q3x,리사아아아아아아아아아아아아아아아아아아아아아아아아아아아아,0,2024-07-25T09:12:22Z,2024-07-25T09:12:22Z
UgyjCFx0-sRN3f27RwB4AaABAg,,False,@Mariam-q3x,블랙핑크 K팝 퀸들,0,2024-07-25T09:12:04Z,2024-07-25T09:12:04Z
Ugw807JPnvOsBizMiO14AaABAg,,False,@Mariam-q3x,"하이브, 새로운 컴백이 있나요?",0,2024-07-25T09:11:34Z,2024-07-25T09:11:34Z
UgwScnhqkX34hNOv3pt4AaABAg,,False,@KellyDegia,i wish i could come to the show but i know my mum will never let me :{,1,2024-07-24T21:06:15Z,2024-07-24T21:06:15Z
UgxDyuw8eDUMVfiNdJp4AaABAg,,False,@khizrakaleem1764,"𝕀 𝕝𝕠𝕧𝕖 𝕪𝕠𝕦 ❤️🥰
𝕀 𝕝𝕠𝕧𝕖 𝕪𝕠𝕦 ❤️🥰
𝕀 𝕝𝕠𝕧𝕖 𝕪𝕠𝕦 ❤️🥰
𝕀 𝕝𝕠𝕧𝕖 𝕪𝕠𝕦 ❤️🥰
𝕀 𝕝𝕠𝕧𝕖 𝕪𝕠𝕦 ❤️🥰
𝕀 𝕝𝕠𝕧𝕖 𝕪𝕠𝕦 ❤️🥰
𝕀 𝕝𝕠𝕧𝕖 𝕪𝕠𝕦 ❤️🥰
𝕀 𝕝𝕠𝕧𝕖 𝕪𝕠𝕦 ❤️🥰
𝕀 𝕝𝕠𝕧𝕖 𝕪𝕠𝕦 ❤️🥰
𝕀 𝕝𝕠𝕧𝕖 𝕪𝕠𝕦 ❤️🥰
𝕀 𝕝𝕠𝕧𝕖 𝕪𝕠𝕦 ❤️🥰
𝕀 𝕝𝕠𝕧𝕖 𝕪𝕠𝕦 ❤️🥰
𝕀 𝕝𝕠𝕧𝕖 𝕪𝕠𝕦 ❤️🥰
𝕀 𝕝𝕠𝕧𝕖 𝕪𝕠𝕦 ❤️🥰
𝕀 𝕝𝕠𝕧𝕖 𝕪𝕠𝕦 ❤️🥰
𝕀 𝕝𝕠𝕧𝕖 𝕪𝕠𝕦 ❤️🥰
𝕀 𝕝𝕠𝕧𝕖 𝕪𝕠𝕦 ❤️🥰
𝕀 𝕝𝕠𝕧𝕖 𝕪𝕠𝕦 ❤️🥰
𝕀 𝕝𝕠𝕧𝕖 𝕪𝕠𝕦 ❤️🥰
𝕀 𝕝𝕠𝕧𝕖 𝕪𝕠𝕦 ❤️🥰
𝕀 𝕝𝕠𝕧𝕖 𝕪𝕠𝕦 ❤️🥰
𝕀 𝕝𝕠𝕧𝕖 𝕪𝕠𝕦 ❤️🥰
𝕀 𝕝𝕠𝕧𝕖 𝕪𝕠𝕦 ❤️🥰
𝕀 𝕝𝕠𝕧𝕖 𝕪𝕠𝕦 ❤️🥰
𝕀 𝕝𝕠𝕧𝕖 𝕪𝕠𝕦 ❤️🥰
𝕀 𝕝𝕠𝕧𝕖 𝕪𝕠𝕦 ❤️🥰
𝕀 𝕝𝕠𝕧𝕖 𝕪𝕠𝕦 ❤️🥰
𝕀 𝕝𝕠𝕧𝕖 𝕪𝕠𝕦 ❤️🥰
𝕀 𝕝𝕠𝕧𝕖 𝕪𝕠𝕦 ❤️🥰
𝕀 𝕝𝕠𝕧𝕖 𝕪𝕠𝕦 ❤️🥰
𝕀 𝕝𝕠𝕧𝕖 𝕪𝕠𝕦 ❤️🥰
𝕀 𝕝𝕠𝕧𝕖 𝕪𝕠𝕦 ❤️🥰
𝕀 𝕝𝕠𝕧𝕖 𝕪𝕠𝕦 ❤️🥰
𝕀 𝕝𝕠𝕧𝕖 𝕪𝕠𝕦 ❤️🥰
𝕀 𝕝𝕠𝕧𝕖 𝕪𝕠𝕦 ❤️🥰
𝕀 𝕝𝕠𝕧𝕖 𝕪𝕠𝕦 ❤️🥰
𝕀 𝕝𝕠𝕧𝕖 𝕪𝕠𝕦 ❤️🥰
𝕀 𝕝𝕠𝕧𝕖 𝕪𝕠𝕦 ❤️🥰
𝕀 𝕝𝕠𝕧𝕖 𝕪𝕠𝕦 ❤️🥰
𝕀 𝕝𝕠𝕧𝕖 𝕪𝕠𝕦 ❤️🥰
𝕀 𝕝𝕠𝕧𝕖 𝕪𝕠𝕦 ❤️🥰
𝕀 𝕝𝕠𝕧𝕖 𝕪𝕠𝕦 ❤️🥰
𝕀 𝕝𝕠𝕧𝕖 𝕪𝕠𝕦 ❤️🥰
𝕀 𝕝𝕠𝕧𝕖 𝕪𝕠𝕦 ❤️🥰
𝕀 𝕝𝕠𝕧𝕖 𝕪𝕠𝕦 ❤️🥰
𝕀 𝕝𝕠𝕧𝕖 𝕪𝕠𝕦 ❤️🥰
𝕀 𝕝𝕠𝕧𝕖 𝕪𝕠𝕦 ❤️🥰
𝕀 𝕝𝕠𝕧𝕖 𝕪𝕠𝕦 ❤️🥰
𝕀 𝕝𝕠𝕧𝕖 𝕪𝕠𝕦 ❤️🥰
𝕀 𝕝𝕠𝕧𝕖 𝕪𝕠𝕦 ❤️🥰
𝕀 𝕝𝕠𝕧𝕖 𝕪𝕠𝕦 ❤️🥰
𝕀 𝕝𝕠𝕧𝕖 𝕪𝕠𝕦 ❤️🥰
𝕀 𝕝𝕠𝕧𝕖 𝕪𝕠𝕦 ❤️🥰
𝕀 𝕝𝕠𝕧𝕖 𝕪𝕠𝕦 ❤️🥰
𝕀 𝕝𝕠𝕧𝕖 𝕪𝕠𝕦 ❤️🥰
𝕀 𝕝𝕠𝕧𝕖 𝕪𝕠𝕦 ❤️🥰
𝕀 𝕝𝕠𝕧𝕖 𝕪𝕠𝕦 ❤️🥰
𝕀 𝕝𝕠𝕧𝕖 𝕪𝕠𝕦 ❤️🥰
𝕀 𝕝𝕠𝕧𝕖 𝕪𝕠𝕦 ❤️🥰
𝕀 𝕝𝕠𝕧𝕖 𝕪𝕠𝕦 ❤️🥰
𝕀 𝕝𝕠𝕧𝕖 𝕪𝕠𝕦 ❤️🥰
𝕀 𝕝𝕠𝕧𝕖 𝕪𝕠𝕦 ❤️🥰
𝕀 𝕝𝕠𝕧𝕖 𝕪𝕠𝕦 ❤️🥰
𝕀 𝕝𝕠𝕧𝕖 𝕪𝕠𝕦 ❤️🥰
𝕀 𝕝𝕠𝕧𝕖 𝕪𝕠𝕦 ❤️🥰
𝕀 𝕝𝕠𝕧𝕖 𝕪𝕠𝕦 ❤️🥰
𝕀 𝕝𝕠𝕧𝕖 𝕪𝕠𝕦 ❤️🥰
𝕀 𝕝𝕠𝕧𝕖 𝕪𝕠𝕦 ❤️🥰
𝕀 𝕝𝕠𝕧𝕖 𝕪𝕠𝕦 ❤️🥰
𝕀 𝕝𝕠𝕧𝕖 𝕪𝕠𝕦 ❤️🥰
𝕀 𝕝𝕠𝕧𝕖 𝕪𝕠𝕦 ❤️🥰
𝕀 𝕝𝕠𝕧𝕖 𝕪𝕠𝕦 ❤️🥰
𝕀 𝕝𝕠𝕧𝕖 𝕪𝕠𝕦 ❤️🥰
𝕀 𝕝𝕠𝕧𝕖 𝕪𝕠𝕦 ❤️🥰
𝕀 𝕝𝕠𝕧𝕖 𝕪𝕠𝕦 ❤️🥰
𝕀 𝕝𝕠𝕧𝕖 𝕪𝕠𝕦 ❤️🥰
𝕀 𝕝𝕠𝕧𝕖 𝕪𝕠𝕦 ❤️🥰
𝕀 𝕝𝕠𝕧𝕖 𝕪𝕠𝕦 ❤️🥰
𝕀 𝕝𝕠𝕧𝕖 𝕪𝕠𝕦 ❤️🥰
𝕀 𝕝𝕠𝕧𝕖 𝕪𝕠𝕦 ❤️🥰
𝕀 𝕝𝕠𝕧𝕖 𝕪𝕠𝕦 ❤️🥰
𝕀 𝕝𝕠𝕧𝕖 𝕪𝕠𝕦 ❤️🥰
𝕀 𝕝𝕠𝕧𝕖 𝕪𝕠𝕦 ❤️🥰
𝕀 𝕝𝕠𝕧𝕖 𝕪𝕠𝕦 ❤️🥰
𝕀 𝕝𝕠𝕧𝕖 𝕪𝕠𝕦 ❤️🥰
𝕀 𝕝𝕠𝕧𝕖 𝕪𝕠𝕦 ❤️🥰
𝕀 𝕝𝕠𝕧𝕖 𝕪𝕠𝕦 ❤️🥰
𝕀 𝕝𝕠𝕧𝕖 𝕪𝕠𝕦 ❤️🥰
𝕀 𝕝𝕠𝕧𝕖 𝕪𝕠𝕦 ❤️🥰
𝕀 𝕝𝕠𝕧𝕖 𝕪𝕠𝕦 ❤️🥰
𝕀 𝕝𝕠𝕧𝕖 𝕪𝕠𝕦 ❤️🥰
𝕀 𝕝𝕠𝕧𝕖 𝕪𝕠𝕦 ❤️🥰
𝕀 𝕝𝕠𝕧𝕖 𝕪𝕠𝕦 ❤️🥰
𝕀 𝕝𝕠𝕧𝕖 𝕪𝕠𝕦 ❤️🥰
𝕀 𝕝𝕠𝕧𝕖 𝕪𝕠𝕦 ❤️🥰
𝕀 𝕝𝕠𝕧𝕖 𝕪𝕠𝕦 ❤️🥰
𝕀 𝕝𝕠𝕧𝕖 𝕪𝕠𝕦 ❤️🥰
𝕀 𝕝𝕠𝕧𝕖 𝕪𝕠𝕦 ❤️🥰
𝕀 𝕝𝕠𝕧𝕖 𝕪𝕠𝕦 ❤️🥰
𝕀 𝕝𝕠𝕧𝕖 𝕪𝕠𝕦 ❤️🥰
𝕀 𝕝𝕠𝕧𝕖 𝕪𝕠𝕦 ❤️🥰
𝕀 𝕝𝕠𝕧𝕖 𝕪𝕠𝕦 ❤️🥰
𝕀 𝕝𝕠𝕧𝕖 𝕪𝕠𝕦 ❤️🥰
𝕀 𝕝𝕠𝕧𝕖 𝕪𝕠𝕦 ❤️🥰
𝕀 𝕝𝕠𝕧𝕖 𝕪𝕠𝕦 ❤️🥰
𝕀 𝕝𝕠𝕧𝕖 𝕪𝕠𝕦 ❤️🥰
𝕀 𝕝𝕠𝕧𝕖 𝕪𝕠𝕦 ❤️🥰
𝕀 𝕝𝕠𝕧𝕖 𝕪𝕠𝕦 ❤️🥰
𝕀 𝕝𝕠𝕧𝕖 𝕪𝕠𝕦 ❤️🥰
𝕀 𝕝𝕠𝕧𝕖 𝕪𝕠𝕦 ❤️🥰
𝕀 𝕝𝕠𝕧𝕖 𝕪𝕠𝕦 ❤️🥰
𝕀 𝕝𝕠𝕧𝕖 𝕪𝕠𝕦 ❤️🥰
𝕀 𝕝𝕠𝕧𝕖 𝕪𝕠𝕦 ❤️🥰
𝕀 𝕝𝕠𝕧𝕖 𝕪𝕠𝕦 ❤️🥰
𝕀 𝕝𝕠𝕧𝕖 𝕪𝕠𝕦 ❤️🥰
𝕀 𝕝𝕠𝕧𝕖 𝕪𝕠𝕦 ❤️🥰
𝕀 𝕝𝕠𝕧𝕖 𝕪𝕠𝕦 ❤️🥰
𝕀 𝕝𝕠𝕧𝕖 𝕪𝕠𝕦 ❤️🥰
𝕀 𝕝𝕠𝕧𝕖 𝕪𝕠𝕦 ❤️🥰
𝕀 𝕝𝕠𝕧𝕖 𝕪𝕠𝕦 ❤️🥰
𝕀 𝕝𝕠𝕧𝕖 𝕪𝕠𝕦 ❤️🥰
𝕀 𝕝𝕠𝕧𝕖 𝕪𝕠𝕦 ❤️🥰
𝕀 𝕝𝕠𝕧𝕖 𝕪𝕠𝕦 ❤️🥰
𝕀 𝕝𝕠𝕧𝕖 𝕪𝕠𝕦 ❤️🥰
𝕀 𝕝𝕠𝕧𝕖 𝕪𝕠𝕦 ❤️🥰
𝕀 𝕝𝕠𝕧𝕖 𝕪𝕠𝕦 ❤️🥰
𝕀 𝕝𝕠𝕧𝕖 𝕪𝕠𝕦 ❤️🥰
𝕀 𝕝𝕠𝕧𝕖 𝕪𝕠𝕦 ❤️🥰
𝕀 𝕝𝕠𝕧𝕖 𝕪𝕠𝕦 ❤️🥰
𝕀 𝕝𝕠𝕧𝕖 𝕪𝕠𝕦 ❤️🥰
𝕀 𝕝𝕠𝕧𝕖 𝕪𝕠𝕦 ❤️🥰
𝕀 𝕝𝕠𝕧𝕖 𝕪𝕠𝕦 ❤️🥰
𝕀 𝕝𝕠𝕧𝕖 𝕪𝕠𝕦 ❤️🥰
𝕀 𝕝𝕠𝕧𝕖 𝕪𝕠𝕦 ❤️🥰
𝕀 𝕝𝕠𝕧𝕖 𝕪𝕠𝕦 ❤️🥰
𝕀 𝕝𝕠𝕧𝕖 𝕪𝕠𝕦 ❤️🥰
𝕀 𝕝𝕠𝕧𝕖 𝕪𝕠𝕦 ❤️🥰
𝕀 𝕝𝕠𝕧𝕖 𝕪𝕠𝕦 ❤️🥰
𝕀 𝕝𝕠𝕧𝕖 𝕪𝕠𝕦 ❤️🥰
𝕀 𝕝𝕠𝕧𝕖 𝕪𝕠𝕦 ❤️🥰
𝕀 𝕝𝕠𝕧𝕖 𝕪𝕠𝕦 ❤️🥰
𝕀 𝕝𝕠𝕧𝕖 𝕪𝕠𝕦 ❤️🥰
𝕀 𝕝𝕠𝕧𝕖 𝕪𝕠𝕦 ❤️🥰
𝕀 𝕝𝕠𝕧𝕖 𝕪𝕠𝕦 ❤️🥰
𝕀 𝕝𝕠𝕧𝕖 𝕪𝕠𝕦 ❤️🥰
𝕀 𝕝𝕠𝕧𝕖 𝕪𝕠𝕦 ❤️🥰
𝕀 𝕝𝕠𝕧𝕖 𝕪𝕠𝕦 ❤️🥰
𝕀 𝕝𝕠𝕧𝕖 𝕪𝕠𝕦 ❤️🥰
𝕀 𝕝𝕠𝕧𝕖 𝕪𝕠𝕦 ❤️🥰
𝕀 𝕝𝕠𝕧𝕖 𝕪𝕠𝕦 ❤️🥰
𝕀 𝕝𝕠𝕧𝕖 𝕪𝕠𝕦 ❤️🥰
𝕀 𝕝𝕠𝕧𝕖 𝕪𝕠𝕦 ❤️🥰
𝕀 𝕝𝕠𝕧𝕖 𝕪𝕠𝕦 ❤️🥰
𝕀 𝕝𝕠𝕧𝕖 𝕪𝕠𝕦 ❤️🥰
𝕀 𝕝𝕠𝕧𝕖 𝕪𝕠𝕦 ❤️🥰
𝕀 𝕝𝕠𝕧𝕖 𝕪𝕠𝕦 ❤️🥰
𝕀 𝕝𝕠𝕧𝕖 𝕪𝕠𝕦 ❤️🥰
𝕀 𝕝𝕠𝕧𝕖 𝕪𝕠𝕦 ❤️🥰
𝕀 𝕝𝕠𝕧𝕖 𝕪𝕠𝕦 ❤️🥰
𝕀 𝕝𝕠𝕧𝕖 𝕪𝕠𝕦 ❤️🥰
𝕀 𝕝𝕠𝕧𝕖 𝕪𝕠𝕦 ❤️🥰
𝕀 𝕝𝕠𝕧𝕖 𝕪𝕠𝕦 ❤️🥰
𝕀 𝕝𝕠𝕧𝕖 𝕪𝕠𝕦 ❤️🥰
𝕀 𝕝𝕠𝕧𝕖 𝕪𝕠𝕦 ❤️🥰
𝕀 𝕝𝕠𝕧𝕖 𝕪𝕠𝕦 ❤️🥰
𝕀 𝕝𝕠𝕧𝕖 𝕪𝕠𝕦 ❤️🥰
𝕀 𝕝𝕠𝕧𝕖 𝕪𝕠𝕦 ❤️🥰
𝕀 𝕝𝕠𝕧𝕖 𝕪𝕠𝕦 ❤️🥰
𝕀 𝕝𝕠𝕧𝕖 𝕪𝕠𝕦 ❤️🥰
𝕀 𝕝𝕠𝕧𝕖 𝕪𝕠𝕦 ❤️🥰
𝕀 𝕝𝕠𝕧𝕖 𝕪𝕠𝕦 ❤️🥰
𝕀 𝕝𝕠𝕧𝕖 𝕪𝕠𝕦 ❤️🥰
𝕀 𝕝𝕠𝕧𝕖 𝕪𝕠𝕦 ❤️🥰
𝕀 𝕝𝕠𝕧𝕖 𝕪𝕠𝕦 ❤️🥰
𝕀 𝕝𝕠𝕧𝕖 𝕪𝕠𝕦 ❤️🥰
𝕀 𝕝𝕠𝕧𝕖 𝕪𝕠𝕦 ❤️🥰
𝕀 𝕝𝕠𝕧𝕖 𝕪𝕠𝕦 ❤️🥰
𝕀 𝕝𝕠𝕧𝕖 𝕪𝕠𝕦 ❤️🥰
𝕀 𝕝𝕠𝕧𝕖 𝕪𝕠𝕦 ❤️🥰
𝕀 𝕝𝕠𝕧𝕖 𝕪𝕠𝕦 ❤️🥰
𝕀 𝕝𝕠𝕧𝕖 𝕪𝕠𝕦 ❤️🥰
𝕀 𝕝𝕠𝕧𝕖 𝕪𝕠𝕦 ❤️🥰
𝕀 𝕝𝕠𝕧𝕖 𝕪𝕠𝕦 ❤️🥰
𝕀 𝕝𝕠𝕧𝕖 𝕪𝕠𝕦 ❤️🥰
𝕀 𝕝𝕠𝕧𝕖 𝕪𝕠𝕦 ❤️🥰
𝕀 𝕝𝕠𝕧𝕖 𝕪𝕠𝕦 ❤️🥰
𝕀 𝕝𝕠𝕧𝕖 𝕪𝕠𝕦 ❤️🥰
𝕀 𝕝𝕠𝕧𝕖 𝕪𝕠𝕦 ❤️🥰
𝕀 𝕝𝕠𝕧𝕖 𝕪𝕠𝕦 ❤️🥰
𝕀 𝕝𝕠𝕧𝕖 𝕪𝕠𝕦 ❤️🥰
𝕀 𝕝𝕠𝕧𝕖 𝕪𝕠𝕦 ❤️🥰
𝕀 𝕝𝕠𝕧𝕖 𝕪𝕠𝕦 ❤️🥰
𝕀 𝕝𝕠𝕧𝕖 𝕪𝕠𝕦 ❤️🥰
𝕀 𝕝𝕠𝕧𝕖 𝕪𝕠𝕦 ❤️🥰
𝕀 𝕝𝕠𝕧𝕖 𝕪𝕠𝕦 ❤️🥰
𝕀 𝕝𝕠𝕧𝕖 𝕪𝕠𝕦 ❤️🥰
𝕀 𝕝𝕠𝕧𝕖 𝕪𝕠𝕦 ❤️🥰
𝕀 𝕝𝕠𝕧𝕖 𝕪𝕠𝕦 ❤️🥰
𝕀 𝕝𝕠𝕧𝕖 𝕪𝕠𝕦 ❤️🥰
𝕀 𝕝𝕠𝕧𝕖 𝕪𝕠𝕦 ❤️🥰",0,2024-07-24T17:50:37Z,2024-07-24T17:50:37Z
Ugyu2QOGGbslMrUIY7J4AaABAg,,False,@Jisookardes,MUKEMMELSİNİZ BLACKPİNKKKK,0,2024-07-24T09:37:23Z,2024-07-24T09:37:23Z
UgxdTNyNDRvu7hMM9Qd4AaABAg,,False,@Ranimax-eo7mv,😮 love you all❤❤❤❤❤,0,2024-07-24T04:00:10Z,2024-07-24T04:00:10Z
UgxlrqKJa5tjB9TeOGN4AaABAg,,False,@Blink-Stay48-o8,💕🖤,0,2024-07-23T20:37:28Z,2024-07-23T20:37:28Z
UgyeOlJf2v7KNwiajKR4AaABAg,,False,@BHOLASINGH-uj8ro,♡♡♡♡♡♡♡♡♡♡♡♡♡♡♡♡♡♡♡♡♡♡♡♡♡♡♡♡♡♡♡♡♡♡♡♡♡♡♡♡♡♡♡♡♡♡♡♡ŁİṢĀ,0,2024-07-23T10:59:00Z,2024-07-23T10:59:00Z
UgxQFm3EektG9RKFlVd4AaABAg,,False,@BHOLASINGH-uj8ro,HI LISA I LESSEN YOUR ROCKSTAR SONG PLS SEE THIS COMMENT I LOVE YOU BLACK PINK PLS PLS  SEE THIS COMMENT PLS 😢😢😢,0,2024-07-23T10:57:59Z,2024-07-23T10:57:59Z
Ugy5XZxJzGO_tQ79QLR4AaABAg,,False,@KAVYAPAINULY565,"Guyss, black pink and 2Ne1 are having a comeback in 2025!!!!!!!!!!!!!!!!",0,2024-07-23T03:34:11Z,2024-07-23T03:34:11Z
Ugy5XZxJzGO_tQ79QLR4AaABAg.A6DX14HEb-1A6IXcREJZDZ,Ugy5XZxJzGO_tQ79QLR4AaABAg,True,@DaBestSeungberryYet,REALLY?!? DON'T LIE TK ME,1,2024-07-25T02:15:37Z,2024-07-25T02:15:37Z
Ugy5XZxJzGO_tQ79QLR4AaABAg.A6DX14HEb-1A6JH45SC-mN,Ugy5XZxJzGO_tQ79QLR4AaABAg,True,@KAVYAPAINULY565,@@DaBestSeungberryYet yes true,0,2024-07-25T09:10:14Z,2024-07-25T09:10:14Z
Ugzr48n97d-FwP1cMfp4AaABAg,,False,@Pramodkingpubg,Hi Lisa big fan your number please,0,2024-07-22T11:53:36Z,2024-07-22T11:53:36Z
Ugz6cCuZUN4QDBp1Kbd4AaABAg,,False,@petritkokobobo,Yeewee If i was her idd be verryyyyyyyyy happy id go in and see blakpink well actally i wishhhhhhhhhhhhhhhhhh to metttt them❤❤❤❤❤❤❤❤❤❤❤❤❤❤❤❤❤❤❤❤❤❤❤❤❤❤❤❤❤❤❤❤❤❤❤❤❤❤❤ in albania wana met them,1,2024-07-22T09:18:31Z,2024-07-22T09:18:31Z
UgyyVLWT2lJEDqLFsyd4AaABAg,,False,@ManiyammaManjali,Black pink❤️❤️❤️❤️💞💞💞,0,2024-07-22T01:23:32Z,2024-07-22T01:23:32Z
UgzgcB6NO8UpRpmxhGJ4AaABAg,,False,@Jensom-bp,블랙핑크 터키로 와주세요 마니사로 와주세요 터키팬들이 많이 기다리고 있어요,0,2024-07-21T18:30:59Z,2024-07-21T18:30:59Z
Ugy1vCM902rQSyjpnxt4AaABAg,,False,@LubnaIjaz1,WE NEED A COMEBACK THIS YEAR!!😭💗🖤,0,2024-07-21T14:14:37Z,2024-07-21T14:14:37Z
UgzDk-rFM89EygwMfpZ4AaABAg,,False,@ecgggg,❤,0,2024-07-21T11:19:16Z,2024-07-21T11:19:16Z
Ugxpmcj0lTJyC_tIedB4AaABAg,,False,@chaenniee0_0,BLACKPINK I LOVE YOU SO MUCH PLEASEEE COMEBACK :(,0,2024-07-20T16:31:25Z,2024-07-20T16:31:25Z
UgysUweJ7Xf7AlkdCZp4AaABAg,,False,@ArnoldSuan-do1hf,Pin,0,2024-07-20T12:43:54Z,2024-07-20T12:43:54Z
UgwRq1s8_EfM5eYiEFt4AaABAg,,False,@Jensoo588,Jennie 😊,0,2024-07-20T12:12:29Z,2024-07-20T12:12:29Z
UgzXDmYKcCIjAIxFqtd4AaABAg,,False,@LaljiKanojiya-w3q,So cute ❤❤,0,2024-07-20T08:32:38Z,2024-07-20T08:32:38Z
Ugx3my7SkHrLJLINRzN4AaABAg,,False,@kutlimutodkutlimurod,❤❤❤❤,0,2024-07-20T08:06:49Z,2024-07-20T08:06:49Z
UgyVZtJ2z2dtuytpjqV4AaABAg,,False,@Meowblinkfanpage,Blackpink,0,2024-07-20T07:44:24Z,2024-07-20T07:44:24Z
UgwSnECqo0lx1QViVTl4AaABAg,,False,@kz976kl,♥️♥️♥️♥️♥️♥️♥️♥️♥️♥️♥️♥️♥️Lisa❤❤❤❤❤❤❤❤❤❤❤❤❤,1,2024-07-19T23:31:44Z,2024-07-19T23:31:44Z
Ugz4_RSgzW0n7c4_FUJ4AaABAg,,False,@BLACKPINKGIRLYS,WE NEED A COMEBACK🗣🗣🔥🔥🗣🗣🔥🔥🔥🔥,1,2024-07-19T15:43:26Z,2024-07-19T15:43:26Z
UgwpLJBBkFX8sTzRD2B4AaABAg,,False,@ГульзатХанкельдиева,blakpink    i  lovet,0,2024-07-19T15:19:04Z,2024-07-19T15:19:04Z
UgxXc4hQbFbMALYAUax4AaABAg,,False,@Blink-Stay48-o8,ℒ𝓸𝓿𝒆 𝔂𝓸𝓾 💓🖤,0,2024-07-19T14:05:14Z,2024-07-19T14:05:14Z
UgxCQ0eYZWWpou4pyWp4AaABAg,,False,@RupaKumari-fi6nf,"❤❤❤❤❤❤🖤 I Love you blinks 💝
                                   🖤blink forever💝",1,2024-07-19T12:44:11Z,2024-07-19T12:46:29Z
Ugwktwwyj3dT4mJeYJh4AaABAg,,False,@Yaren_bp,I LOVE YOU LİSAAAAAAA BABY I'M ROCK STAR ⭐ 🤘😜🤘,0,2024-07-18T18:58:04Z,2024-07-18T18:58:04Z
Ugwet_d4cKS1I0CcI7R4AaABAg,,False,@rufatnasirov2557,Jisu ❤😊🧶♥️,0,2024-07-18T18:41:07Z,2024-07-18T18:41:07Z
UgwNEGS5rpoEyo2q2ah4AaABAg,,False,@Kim_Jisoo606,Blackpink💗🖤,0,2024-07-18T17:54:38Z,2024-07-18T17:54:38Z
Ugwl04-9xUDnRtg1mKZ4AaABAg,,False,@anestispapaianidis7926,Blackpink forever babyblapink 😊❤,0,2024-07-18T08:07:27Z,2024-07-18T08:07:27Z
Ugx8X-Gp_Z2oa2VQVXx4AaABAg,,False,@Moon_flex01,Sitting,0,2024-07-18T06:40:45Z,2024-07-18T06:40:45Z
UgxBBFs2dswNh1fbLJZ4AaABAg,,False,@Valentina_90787,Ohhh mi favorito blackpick,1,2024-07-17T22:53:56Z,2024-07-17T22:53:56Z
UgyhsuINhV2jRXmxGW94AaABAg,,False,@林紹鈞-k3y,好可愛❤❤❤❤❤❤,0,2024-07-17T11:06:30Z,2024-07-17T11:06:30Z
UgyhsuINhV2jRXmxGW94AaABAg.A5zt0feDBWNA77Abdu2x7s,UgyhsuINhV2jRXmxGW94AaABAg,True,@陳明心-s5q,對啊🎀🎀🎀,0,2024-08-14T12:54:17Z,2024-08-14T12:54:17Z
UgxhIEtWuKpwwSmqLJp4AaABAg,,False,@Yuri_Chocomilk,4 queens always know how to make us love our self,0,2024-07-16T16:43:28Z,2024-07-16T16:43:28Z
UgzKYhItpej-W6dxxgx4AaABAg,,False,@mouriyanka4558,"WE NEED A COMEBACK YG 🥺🥺
To black pink. Lots of love from India (Kolkata).Please black pink came in India (Kolkata)plz plz🥺🥺🥺🥺🥺🥺🥺🥺🥺🥺🥺🥺🥺🥺🥺🥺🥺.",0,2024-07-16T07:57:54Z,2024-07-16T07:57:54Z
UgwG8vnMppQcKqosoqV4AaABAg,,False,@MuratGunduz-ib6oy,I Love❤ BLACKPİNK,0,2024-07-15T14:27:59Z,2024-07-15T14:27:59Z
UgwoQXw7p4Pg8ziMEsl4AaABAg,,False,@Nilimasjournalandctaft,ohh please come back,0,2024-07-14T16:51:17Z,2024-07-14T16:51:17Z
UgziA20lP-ZFiPNualN4AaABAg,,False,@Lilixsamano,"Black Pink, please come to Türkiye, please come to Turkey for example.❤",1,2024-07-14T15:35:29Z,2024-07-14T15:35:29Z
Ugzrxhq8V1XYxIZcJDJ4AaABAg,,False,@The_Xedice,PLEASE COMEBACK BEST GG (BLACKPINK),0,2024-07-13T09:13:51Z,2024-07-13T09:13:51Z
Ugx16IjAzAhsmdvUyfV4AaABAg,,False,@The_Xedice,PLEASE COME BACK BEST GG,0,2024-07-13T09:13:35Z,2024-07-13T09:13:35Z
UgyOuSIoZNlM5qNrYhZ4AaABAg,,False,@AsparHossain-cb3eh,Bangladesh mahajabin❤,0,2024-07-12T16:42:13Z,2024-07-12T16:42:13Z
UgyiyLeePtS-EVsvG-J4AaABAg,,False,@acecodx,Finally a comeback❤❤❤,0,2024-07-12T15:24:48Z,2024-07-12T15:24:48Z
UgxHq2X9ERevxUUiq7t4AaABAg,,False,@kimjisoo_kpop,ooh-,0,2024-07-12T13:49:36Z,2024-07-12T13:49:36Z
UgwThcRr1NqkgERwiH94AaABAg,,False,@ManzuraKabilova-t2o,Blakpink ❤,0,2024-07-11T17:43:03Z,2024-07-11T17:43:03Z
UgxN12Wu_30vUiLefbR4AaABAg,,False,@AnhaFatima-c4q,bracklnk❤❤️🖤💝💖💗💓💞💕💘💜💜💜🖤🖤🖤🖤,0,2024-07-11T16:32:49Z,2024-07-11T16:32:49Z
Ugz4Hn038WfZVvaPkgN4AaABAg,,False,@lifestylepreeta,🖤🩷🖤🩷🖤🩷🖤🩷🖤🩷🖤🩷🖤🩷🖤🩷🖤🩷👑👑👑👑,0,2024-07-11T12:39:02Z,2024-07-11T12:39:02Z
UgxVx29syYyEZXBS_U94AaABAg,,False,@Blackpink_lovee-z4i,❤❤❤❤❤❤❤❤❤❤❤❤,0,2024-07-09T09:10:55Z,2024-07-09T09:10:55Z
Ugx_AFWtZwikaUPOPi94AaABAg,,False,@NajwaWilda-lh1yg,I think I want to buy tickets to the BLACKPINK concert?,0,2024-07-08T13:19:36Z,2024-07-08T13:19:36Z
Ugxo2b3QbZFkIcf4odx4AaABAg,,False,@Jennieilesurileritekledik2283,Heard?,0,2024-07-08T09:13:21Z,2024-07-08T09:13:21Z
UgzxY8U0T-cvbl7tbTl4AaABAg,,False,@silviamartin9707,"❤Ohh it's soooo cute❤
I love you❤❤",0,2024-07-08T06:17:03Z,2024-07-08T06:17:03Z
UgzE5uAXFiIKiBajqil4AaABAg,,False,@IdalinaRodrigues-ue2zu,Eu amo vocês.vcs são muito lindas ❤,0,2024-07-07T11:29:21Z,2024-07-07T11:29:21Z
UgzMgUsxFmsk3Axz-_t4AaABAg,,False,@prismikibamon1629,❤🥰 😙,0,2024-07-07T11:13:25Z,2024-07-07T11:13:25Z
UgyM033jETUlWw20dOF4AaABAg,,False,@Niikaab66,I hate blackpink,0,2024-07-07T08:44:37Z,2024-07-07T08:44:37Z
UgzONZE38klGphQB4s54AaABAg,,False,@Blink_forever-d,"What can we do with this new lightstick
If BLACKPINK disbanded . All blinks will forget BlackPink after 7-8 years just like 2ne1 .😢",0,2024-07-07T07:53:47Z,2024-07-07T07:53:47Z
Ugx6Cn6J538FlwNLUzt4AaABAg,,False,@blackpink_2.0kawaii,bLaCkPiNk🖤🖤🩷🩷🖤🖤🩷🩷🖤🖤🩷🩷🖤🖤🩷🩷🖤🖤🩷🩷🖤🖤🩷🩷🖤🖤🩷🩷🖤🖤🩷🩷🖤🖤🩷🩷🖤🖤,1,2024-07-07T06:54:50Z,2024-07-07T06:54:50Z
Ugxz7edPA0izmlYsTaF4AaABAg,,False,@사랑jhilalimm_turkumben,"müp olmuş diyenler
👇🏻",1,2024-07-06T21:00:06Z,2024-07-06T21:00:06Z
UgzFlxwFgRjM6VtA8_N4AaABAg,,False,@anureetjosan1148,I love you BLACK PINK 🖤💓😊. I'm so happy for my 4 queens 😊,0,2024-07-06T09:56:20Z,2024-07-06T09:56:20Z
UgxIw9lc1dmt7YAIBEV4AaABAg,,False,@oindriladas7658,❤❤❤❤❤❤❤❤❤❤❤❤❤❤❤,0,2024-07-05T05:13:54Z,2024-07-05T05:13:54Z
UgyOknCciwzp43GRBDd4AaABAg,,False,@bucepok,"Black pink please come back, I miss you very much, I beg you, I'm writing and crying now, please come back, I love you😭😭😭😭😭😭😭😭😭😭😭😭",0,2024-07-04T22:43:40Z,2024-07-04T22:43:40Z
UgywJPSeYG8G3S3_1nh4AaABAg,,False,@venus-sq1nu,sweet,0,2024-07-04T18:41:17Z,2024-07-04T18:41:17Z
Ugzh0sIB1IphYoXarIx4AaABAg,,False,@Astrid_Dragons11,I LOVE U BLACKPINK,0,2024-07-04T15:45:41Z,2024-07-04T15:45:41Z
Ugydy9sAezwdMEYigp94AaABAg,,False,@archnasukla6913,Black pink in your area 🎉🎉,0,2024-07-04T14:26:24Z,2024-07-04T14:26:24Z
Ugwv2sMA63dN-El30DB4AaABAg,,False,@DamyantiPaneri-x2d,Comeback plssss,0,2024-07-03T15:59:11Z,2024-07-03T15:59:11Z
Ugyhn3_NoV0IS8WESQd4AaABAg,,False,@IrmakGündüz-x2f,Lisa,0,2024-07-03T13:23:15Z,2024-07-03T13:23:15Z
Ugz927LQmuYik1pC7r54AaABAg,,False,@SASINI549,BLACKPINK ❤️❤️❤️❤️❤️❤️,0,2024-07-03T11:56:55Z,2024-07-03T11:56:55Z
Ugyu6TxDfdEUf5kM5Wx4AaABAg,,False,@Minhoismylife_567,PLEASE COMEBACK🍫,0,2024-07-03T08:55:28Z,2024-07-03T08:55:28Z
UgwVg2ZTrZT2Z6OBMGl4AaABAg,,False,@miraywqOfficial,"BLACKPINK, please give a concert in Turkey, I am a Turk, I appreciate you very muchh🎀",0,2024-07-02T22:13:57Z,2024-07-02T22:14:17Z
UgwsSqOGaJ5ngNYQZRx4AaABAg,,False,@qwhxanna,"We will always be with you, Blackpink! 💞",0,2024-07-02T21:36:33Z,2024-07-02T21:36:33Z
UgwEfR8UEmczODITSJR4AaABAg,,False,@Itz_swaraliৎ,Blackpink plz make a comeback plz❤❤,0,2024-07-02T16:47:09Z,2024-07-02T16:47:09Z
UgxI2RJuFZeViwqlbjV4AaABAg,,False,@Kpop_fann1,BLɅϽKPIИK「 ✦ 𝐍𝐚𝐦𝐞 ✦ 」 Best kpop,1,2024-07-02T12:24:13Z,2024-07-02T12:24:13Z
Ugz-h6WAE_zv7BOb5Mx4AaABAg,,False,@rubieees,Blackpink the best❤,0,2024-07-02T06:43:47Z,2024-07-02T06:43:47Z
Ugyfp0WPMPtnqNFq_Jx4AaABAg,,False,@DoPhan-t2y,"Lo ve,",0,2024-07-02T03:07:31Z,2024-07-02T03:07:31Z
UgxesEB_PDqcMnO4pEF4AaABAg,,False,@Xx_.priceless._xX,COMBACK GURLSSSS 😣😣😣😣😣😣😭😭😭😭😭🤌🤌🤌🤌,1,2024-07-02T00:34:02Z,2024-07-02T00:34:02Z
UgwKud9ObY8-xqx0mlN4AaABAg,,False,@hanadeeb6280,نبي فاعله خير❤,0,2024-07-01T16:59:10Z,2024-07-01T16:59:10Z
UgxAfRobY04vNaIKNc54AaABAg,,False,@Sahanajpervez,BLACKPINK WE MISSING YOU SO MUCH 😢,0,2024-07-01T11:41:36Z,2024-07-01T11:41:36Z
UgzpcQKY4Pol6pkO6h94AaABAg,,False,@Lisaxwqsp,İdolllll❤,0,2024-07-01T07:50:33Z,2024-07-01T07:50:33Z
UgyrkiWkFIcVW9VBxE14AaABAg,,False,@niebla-nj5jh,I love You blackpink 💗🖤,0,2024-06-30T21:01:50Z,2024-06-30T21:01:50Z
UgycciFRnR2oqqWMFDl4AaABAg,,False,@KaramveerGharu,💗💗💗💗,0,2024-06-30T17:58:12Z,2024-06-30T17:58:12Z
UgxiHlnQoKMw4u9HFIt4AaABAg,,False,@Blink-nummer1,I love jou blackpink ❤❤❤❤❤❤❤,0,2024-06-30T16:17:19Z,2024-06-30T16:17:19Z
UgyXfsP5fFOI3A9X28F4AaABAg,,False,@Hyunseok_1fan,I LOVE THIS GROUP SO MUCH THAT NO ONE IS MY BIAS EVERY SINGLE ONE IS MY QEEN,0,2024-06-30T15:41:03Z,2024-06-30T15:41:03Z
UgyOq-VlSWD83eZPEDJ4AaABAg,,False,@Jenlisa434,We need a comeback,0,2024-06-30T13:50:17Z,2024-06-30T13:50:17Z
UgwiMhaFdlHA2HSiiHx4AaABAg,,False,@premkumar-nl2of,Welcome back ot4 queens❤🎉,0,2024-06-30T09:03:48Z,2024-06-30T09:03:48Z
Ugxei8Yhc53jGt1FRjh4AaABAg,,False,@candyestrada6588,Las quiero mucho soni idolo ❤❤❤,0,2024-06-30T03:11:08Z,2024-06-30T03:11:08Z
UgywiVbfT0vddgZK-Ih4AaABAg,,False,@AsmaSalar-tm1bp,Please blink support Lisa for 100m+please,0,2024-06-29T19:08:14Z,2024-06-29T19:08:14Z
UgxyuKOs_UOrbIF2Rd54AaABAg,,False,@No.1Fuguemain,PLEASE PLEASE PLEASE CAN WE HAVE A GROUP COMEBACK,0,2024-06-29T14:39:37Z,2024-06-29T14:39:37Z
UgzI7zgIb0mz1D9Qx894AaABAg,,False,@Blackpinkblink-j3h,Negative nights,0,2024-06-29T14:03:30Z,2024-06-29T14:03:30Z
UgzCp0j__TEFUa6avKt4AaABAg,,False,@Rosieseats,블랙핑크 언제 컴백해요 너무 보고 싶었어요😢,4,2024-06-28T18:24:21Z,2024-06-28T18:24:21Z
UgwBRxqu63mJVO9ke8d4AaABAg,,False,@Sad_Kid832,Türkler hadi bu kanalı istila edelim hep İngiliz dolu kendimizi belli edelim,0,2024-06-28T17:00:38Z,2024-06-28T17:00:38Z
Ugyn6Y8P8JIha9Sj0RZ4AaABAg,,False,@BLINK_Lisa12,BLACK PINK IN YOUR AREA BLINK LET'S GO  BECOUSE BLACK PINK HAVE COMEBACK WE LOVE YOU BLACK PINK,0,2024-06-28T13:09:57Z,2024-06-28T13:09:57Z
UgyfZ7sJOyt9XxdIv0x4AaABAg,,False,@mooniee-v9y,I love 🖤BLΛƆKPIИK💗 please reply me😢,0,2024-06-28T09:04:20Z,2024-06-28T09:04:20Z
Ugwx84ocemjnP_lypqh4AaABAg,,False,@Blink-nc9jz,BLACKPiNK 🖤🖤🖤🖤🖤🖤🖤🖤🖤🖤🖤🖤🖤🖤🖤🖤🖤🖤🖤🖤🖤🖤🖤🖤🖤🖤🖤🖤🖤🖤🖤🖤🖤🖤🖤🖤🖤🖤🖤🖤🖤🖤🖤🖤💗💗💗💗💗💗💗💗💗💗💗💗💗💗💗💗💗💗💗💗💗💗💗💗💗💗💗💗💗💗💗💗💗💗💗💗💗💗💗💗💗💗💗💗💗💗💗💗,0,2024-06-28T08:54:34Z,2024-06-28T08:54:34Z
UgxCNNMG2XEHVzujCZt4AaABAg,,False,@GOOD_BLINK15,❤❤❤❤,0,2024-06-28T00:51:58Z,2024-06-28T00:51:58Z
UgyxDBhrI_E1_xL0HqN4AaABAg,,False,@SiA20052,It looks like rose,0,2024-06-27T17:22:43Z,2024-06-27T17:22:43Z
UgyNU_h_wn-ZqKSpXiV4AaABAg,,False,@Qoen-sf6fn,"💗🥺Blackpink's new stick is very beautiful, but the old stick was much prettier... in general, they are both beautiful.",3,2024-06-27T16:13:03Z,2024-06-27T16:13:03Z
UgyNU_h_wn-ZqKSpXiV4AaABAg.A5BwCVe-ipQA5BwHj3ZaH_,UgyNU_h_wn-ZqKSpXiV4AaABAg,True,@Qoen-sf6fn,انا عربيه من المملكه العربيه السعوديه ...... I am from Saudi Arabia,0,2024-06-27T16:13:46Z,2024-06-27T16:13:46Z
UgyvZ_SEtiYcHjbnP-p4AaABAg,,False,@ליאן-ד2צ,We need a come back black pink 👑👑👑👑🔥🔥🔥🔥🔥,0,2024-06-27T11:33:46Z,2024-06-27T11:33:46Z
Ugxg_v5M_CAexmSqZax4AaABAg,,False,@Denizqw_12,I LOVE YOU ROSE,0,2024-06-27T08:40:29Z,2024-06-27T08:40:29Z
UgwKqpgCffnJqooWI894AaABAg,,False,@BlueEditzYT,BLɅϽKPIИK WE NEED A COMEBACKK,0,2024-06-27T06:30:13Z,2024-06-27T06:30:13Z
UgxqVVLqIk4WaeIfdg54AaABAg,,False,@MarielJaime-t1u,Xd hermosisimo,0,2024-06-27T01:16:34Z,2024-06-27T01:16:34Z
UgySNgXhs2cZSrKtQk94AaABAg,,False,@blink.rosie7,"BLACKPINK PLEASE DO A COMEBACK
BLINK'S ARE WAITING FOR IT!👇",1,2024-06-26T21:05:18Z,2024-06-26T21:05:18Z
UgyoM0GDs_XFkmWbTxF4AaABAg,,False,@K-POP.LOVELY-l4o,pretty and cute !!,1,2024-06-26T18:15:47Z,2024-06-26T18:15:47Z
UgyzR7RpDWnTwl9HJQ14AaABAg,,False,@YCPullappa,Jennie &jisoo I love you ❤❤❤❤❤,0,2024-06-25T06:24:17Z,2024-06-25T06:24:17Z
Ugx24jGwStebaUwRIkN4AaABAg,,False,@koreanloverssn,"Dear members of blackpink, I love you very much🥹💗",0,2024-06-24T15:54:58Z,2024-06-24T15:54:58Z
Ugwj5YgvYdFxi9-rQSx4AaABAg,,False,@sanvisharma4291,"I love you 1% ❤️
I love you 2% ❤️
I love you 3% ❤️
I love you 4% ❤️
I love you 5% ❤️
I love you 6% ❤️
I love you 7% ❤️
I love you 8% ❤️
I love you 9% ❤️
I love you 10% ❤️
I love you 11% ❤️
I love you 12% ❤️
I love you 13% ❤️
I love you 14% ❤️
I love you 15% ❤️
I love you 16% ❤️
I love you 17% ❤️
I love you 18% ❤️
I love you 19% ❤️
I love you 20% ❤️
I love you 21% ❤️
I love you 22% ❤️
I love you 23% ❤️
I love you 24% ❤️
I love you 25% ❤️
I love you 26% ❤️
I love you 27% ❤️
I love you 28% ❤️
I love you 29% ❤️
I love you 30% ❤️
I love you 31% ❤️
I love you 32% ❤️
I love you 33% ❤️
I love you 34% ❤️
I love you 35% ❤️
I love you 36% ❤️
I love you 37% ❤️
I love you 38% ❤️
I love you 39% ❤️
I love you 40% ❤️
I love you 41% ❤️
I love you 42% ❤️
I love you 43% ❤️
I love you 44% ❤️
I love you 45% ❤️
I love you 46% ❤️
I love you 47% ❤️
I love you 48% ❤️
I love you 49% ❤️
I love you 50% ❤️
I love you 51% ❤️
I love you 52% ❤️
I love you 53% ❤️
I love you 54% ❤️
I love you 55% ❤️
I love you 56% ❤️
I love you 57% ❤️
I love you 58% ❤️
I love you 59% ❤️
I love you 60% ❤️
I love you 61% ❤️
I love you 62% ❤️
I love you 63% ❤️
I love you 64% ❤️
I love you 65% ❤️
I love you 66% ❤️
I love you 67% ❤️
I love you 68% ❤️
I love you 69% ❤️
I love you 70% ❤️
I love you 71% ❤️
I love you 72% ❤️
I love you 73% ❤️
I love you 74% ❤️
I love you 75% ❤️
I love you 76% ❤️
I love you 77% ❤️
I love you 78% ❤️
I love you 79% ❤️
I love you 80% ❤️
I love you 81% ❤️
I love you 82% ❤️
I love you 83% ❤️
I love you 84% ❤️
I love you 85% ❤️
I love you 86% ❤️
I love you 87% ❤️
I love you 88% ❤️
I love you 89% ❤️
I love you 90% ❤️
I love you 91% ❤️
I love you 92% ❤️
I love you 93% ❤️
I love you 94% ❤️
I love you 95% ❤️
I love you 96% ❤️
I love you 97% ❤️
I love you 98% ❤️
I love you 99% ❤️
I love you 100% ❤️
I love you 101% ❤️
I love you 102% ❤️
I love you 103% ❤️
I love you 104% ❤️
I love you 105% ❤️
I love you 106% ❤️
I love you 107% ❤️
I love you 108% ❤️
I love you 109% ❤️
I love you 110% ❤️
I love you 111% ❤️
I love you 112% ❤️
I love you 113% ❤️
I love you 114% ❤️
I love you 115% ❤️
I love you 116% ❤️
I love you 117% ❤️
I love you 118% ❤️
I love you 119% ❤️
I love you 120% ❤️
I love you 121% ❤️
I love you 122% ❤️
I love you 123% ❤️
I love you 124% ❤️
I love you 125% ❤️
I love you 126% ❤️
I love you 127% ❤️
I love you 128% ❤️
I love you 129% ❤️
I love you 130% ❤️
I love you 131% ❤️
I love you 132% ❤️
I love you 133% ❤️
I love you 134% ❤️
I love you 135% ❤️
I love you 136% ❤️
I love you 137% ❤️
I love you 138% ❤️
I love you 139% ❤️
I love you 140% ❤️
I love you 141% ❤️
I love you 142% ❤️
I love you 143% ❤️
I love you 144% ❤️
I love you 145% ❤️
I love you 146% ❤️
I love you 147% ❤️
I love you 148% ❤️
I love you 149% ❤️
I love you 150% ❤️
I love you 151% ❤️
I love you 152% ❤️
I love you 153% ❤️
I love you 154% ❤️
I love you 155% ❤️
I love you 156% ❤️
I love you 157% ❤️
I love you 158% ❤️
I love you 159% ❤️
I love you 160% ❤️
I love you 161% ❤️
I love you 162% ❤️
I love you 163% ❤️
I love you 164% ❤️
I love you 165% ❤️
I love you 166% ❤️
I love you 167% ❤️
I love you 168% ❤️
I love you 169% ❤️
I love you 170% ❤️
I love you 171% ❤️
I love you 172% ❤️
I love you 173% ❤️
I love you 174% ❤️
I love you 175% ❤️
I love you 176% ❤️
I love you 177% ❤️
I love you 178% ❤️
I love you 179% ❤️
I love you 180% ❤️
I love you 181% ❤️
I love you 182% ❤️
I love you 183% ❤️
I love you 184% ❤️
I love you 185% ❤️
I love you 186% ❤️
I love you 187% ❤️
I love you 188% ❤️
I love you 189% ❤️
I love you 190% ❤️
I love you 191% ❤️
I love you 192% ❤️
I love you 193% ❤️
I love you 194% ❤️
I love you 195% ❤️
I love you 196% ❤️
I love you 197% ❤️
I love you 198% ❤️
I love you 199% ❤️
I love you 200% ❤️


We really love u 🖤 🩷 blackpink u guys keep rocking ❤❤❤❤❤",0,2024-06-24T12:09:17Z,2024-06-24T12:09:17Z
UgwGzJeMueWO3fWXGfd4AaABAg,,False,@Jennie-y5i,BLACKPİNK🖤💗🌛🌜,0,2024-06-24T06:43:35Z,2024-06-24T06:43:35Z
Ugz6ScxwVmmfqwxLK_B4AaABAg,,False,@kastorpaul509,🖤🖤🖤💗💗💗💋,0,2024-06-23T21:30:14Z,2024-06-23T21:30:14Z
UgxgRLbIaA3AFvVgAqt4AaABAg,,False,@salvadorgonzalez4027,BLACKPINK is the best forever,0,2024-06-23T20:16:39Z,2024-06-23T20:16:39Z
UgzCE_x20pO4gNiSvut4AaABAg,,False,@monalisasarkar5668,Hello,0,2024-06-23T18:05:37Z,2024-06-23T18:05:37Z
UgwoY8PFTQhEX_BzTYV4AaABAg,,False,@_Kpop_2024_,저희 스타들이 계약을 연장했다고 말씀해 주시겠어요?리뉴얼하면 올해 앨범을 발매할 예정인가요?,0,2024-06-23T15:24:22Z,2024-06-23T15:24:22Z
Ugz4lAX50z3JH2wzo_t4AaABAg,,False,@minaskhalil1115,I love you blackpink,0,2024-06-23T12:36:07Z,2024-06-23T12:36:07Z
UgwZAz7w953gwvKRVxh4AaABAg,,False,@icoey5753,Soooooooooooooooooooooooooooooooooooooo cute ❤🖤❤️🖤,0,2024-06-23T10:43:47Z,2024-06-23T10:43:47Z
UgyKltHA483fCSLcKYN4AaABAg,,False,@ДилнозаБуронова-й4м,❤❤❤,0,2024-06-23T09:27:26Z,2024-06-23T09:27:26Z
Ugy9Cvl5yzFF78xj-C14AaABAg,,False,@randomg124,"Wait the flower logo looks like newjeans new song called ""supernatural"" its the same logo. But still i am super happy that blackponk is going to make a comeback",1,2024-06-23T06:00:11Z,2024-06-23T06:00:41Z
Ugy9Cvl5yzFF78xj-C14AaABAg.A50Xt8AwfOzA5CpF52V9ul,Ugy9Cvl5yzFF78xj-C14AaABAg,True,@errloisa,bp collab with takashi murakami cames first,0,2024-06-28T00:31:29Z,2024-06-28T00:31:29Z
Ugy6AEfgVCWOGCTIF994AaABAg,,False,@SleepyCrocodileHiding-qg1uc,You are not lazy do not care about haters love you please come back🥺🥺🥺🥺🥺🥺🥺🥺🥺🥺🥺😞😞😞😔😭😭😢😢😢😥🥺🥺🥺,0,2024-06-23T01:37:59Z,2024-06-23T01:37:59Z
Ugw0-U6gFUP1RqOpBeN4AaABAg,,False,@fabiennepinet,trop trop chou i love blackpink,0,2024-06-22T17:28:37Z,2024-06-22T17:28:37Z
UgzTOaKP1Hl0sCD1uQh4AaABAg,,False,@gulermengi1688,BLACK. PİNKİ. DAİMA. ÇOK. SEVİYORUM  ❤❤❤❤❤❤❤❤❤,0,2024-06-22T08:48:32Z,2024-06-22T08:48:32Z
Ugx2xQKEP-50XZPpuPN4AaABAg,,False,@RózaVarga-x8x,I love Blackpink ❤❤❤,0,2024-06-22T05:44:43Z,2024-06-22T05:44:43Z
UgzSulsW0QIyHVa29UV4AaABAg,,False,@BawarBawar-i7q,BlackPlnk ❤,0,2024-06-21T16:04:56Z,2024-06-21T16:04:56Z
Ugw4ok4G8RibLVm05l54AaABAg,,False,@ILikeThebarbylikeR,follow me 💕😋,0,2024-06-21T15:38:25Z,2024-06-21T15:38:25Z
UgxliTZMhR3ln0nWZS54AaABAg,,False,@anujgaming8399,COMEBACK BLINKS ❤❤❤❤❤,0,2024-06-21T13:42:51Z,2024-06-21T13:42:51Z
Ugx39Ty48PFUkjiI3yN4AaABAg,,False,@RubyswipOfficial,저는 터키에 살고 있습니다. 터키 사람들은 당신을 매우 사랑합니다💗🖤,0,2024-06-21T10:16:58Z,2024-06-21T10:16:58Z
Ugy77ZGWozf-hYdjM8V4AaABAg,,False,@Wolverinewww123,BLİNK OLMAKTAN GURUR DUYUYORUM VE SONSUZA DEK BLİNK OLACAĞIM VE SİZ AYRILMADINIZ BANA GÖRE HER ZAMAN KALBİMDE OLACAKSINIZ💙❤❤❤❤❤💙🧡💛💛💛💛💛💛💛💛💕💓,0,2024-06-21T10:10:35Z,2024-06-21T10:10:35Z
Ugx1oPFzuYVLEemitNp4AaABAg,,False,@OhohPopo,I got a tattoo of Jennie and Lisa's names,0,2024-06-20T23:50:49Z,2024-06-20T23:50:49Z
UgxbjRBOFJjDUTcMIL14AaABAg,,False,@chiquita-d1x,I love you 💓 black pink 🩷🩷🩷,1,2024-06-20T16:03:41Z,2024-06-20T16:03:41Z
UgwsWhyw6gzZYIemwcR4AaABAg,,False,@coquette_muichiro,"I miss Blackpink, they should come back, some people unstanned blackpink, however true blinks will stan blackpink no matter what, no matter how much hate they get or how inactive they have been in combacks. Please YG, us blinks r waiting, Blackpink is such an amazing group and a comeback with a proper MV would shake the entire world. That's how unstoppable the biggest kpop girl group in the world is. 

-Blinks I rlly appreciate if u have made it this far!! Like if u have, thanksss!💗",0,2024-06-19T18:24:57Z,2024-06-19T18:24:57Z
UgyO0hfXJFLobyAab8p4AaABAg,,False,@klassiselim3088,Blackpink ❤& takashi morakami ❤ =🔥🔥,0,2024-06-19T17:47:49Z,2024-06-19T17:47:49Z
UgxAM49TwRI5JeE4H_B4AaABAg,,False,@Ze__NA11,So cuuuuuteeee😭✨️💗🎀,0,2024-06-18T17:03:07Z,2024-06-18T17:03:07Z
UgzuYLIQP92elnLg_Ih4AaABAg,,False,@Rosie_Park_001,PLEASE BLACKPINK COMEBACK 🙏 😢 😭 😔 💖 ♥️ 🙏 😢 😭 😔 💖 ♥️ 🙏 😢 😭 😔 💖 ♥️ 🙏 😢 😭 😔 💖 ♥️ 🙏 😢 😭 😔 💖 ♥️ 🙏,1,2024-06-18T11:10:56Z,2024-06-18T11:10:56Z
UgyfGIM-l6kFKeqEhzN4AaABAg,,False,@Rosie_Park_001,COMEBACK ❤❤❤,1,2024-06-18T11:10:39Z,2024-06-18T11:10:39Z
UgzNfuerJlSV9nbgtDt4AaABAg,,False,@Rosie_Park_001,COMEBACK ❤❤❤,1,2024-06-18T11:10:30Z,2024-06-18T11:10:30Z
UgzHN1Fs6Oy2G8EhJLN4AaABAg,,False,@Rosie_Park_001,COMEBACK ❤❤❤,1,2024-06-18T11:10:21Z,2024-06-18T11:10:21Z
UgxYmCTZFw_cBpVd8z14AaABAg,,False,@Rosie_Park_001,COMEBACK ❤❤,1,2024-06-18T11:10:11Z,2024-06-18T11:10:11Z
UgyqEYz91pcdBaKF0Kh4AaABAg,,False,@Rosie_Park_001,"✨️WE NEED COMEBACK ✨️
✨️WE NEED COMEBACK✨️
✨️WE NEED COMEBACK✨️
♾️BLACKPINK FOREVER ♾️",1,2024-06-18T11:09:59Z,2024-06-18T11:09:59Z
UgyKUFsedYj0YPjxFbR4AaABAg,,False,@Rosie_Park_001,I LOVE BLACKPINK SO MUCH 🤧 💗 💓 😔,2,2024-06-18T11:05:44Z,2024-06-18T11:05:44Z
UgxaaJnCOxT0dwvdQIJ4AaABAg,,False,@JISXOOPERV,😮 finallyyyy our queens are back,0,2024-06-18T08:20:17Z,2024-06-18T08:20:17Z
Ugx0MBirN5Sxb7mH2fx4AaABAg,,False,@Kimchii_1,OMG 💥🤩 what's next 🎉,1,2024-06-18T07:24:13Z,2024-06-18T07:24:13Z
UgzKlDQgxep9HfdhnDV4AaABAg,,False,@ROBLOXIANPLAYERFRR,I LOVE YOU BLACKPINK!!!!,0,2024-06-17T17:06:47Z,2024-06-17T17:06:47Z
UgwSl-7pmlWOmxelaqZ4AaABAg,,False,@Imdorahehe,계속 키보드,0,2024-06-17T16:18:53Z,2024-06-17T16:18:53Z
UgzKH1e-K0MVxTLPRdx4AaABAg,,False,@Sana_aboneolduysamsonvideo,Blackpink>>>>>>>BTS,0,2024-06-17T12:54:22Z,2024-06-17T12:54:22Z
Ugz405Ufz5QaI6FUSdh4AaABAg,,False,@Lalisaswq1,I LOVE YOU LİSAAAAAAAA,0,2024-06-16T14:35:41Z,2024-06-16T14:35:41Z
UgxdDcHPGj9REeB6rRR4AaABAg,,False,@Abuu-m3v,❤,0,2024-06-16T12:57:01Z,2024-06-16T12:57:01Z
Ugz2IDM6P3k061DCVTF4AaABAg,,False,@rukawwq,❤Blackpink❤,0,2024-06-16T09:47:22Z,2024-06-16T09:47:22Z
Ugzp2C0id9A2zHHZisR4AaABAg,,False,@jheanpierreperdomo,❤,0,2024-06-15T19:14:06Z,2024-06-15T19:14:06Z
UgxUG2xyYYGBTw663Zd4AaABAg,,False,@Bedriye_1453,4 kraliçe geri dönsün❤❤❤,0,2024-06-15T16:43:06Z,2024-06-15T16:43:06Z
UgzfGlsg2ds8TdhRamV4AaABAg,,False,@XusanboyXusanboev,❤❤,0,2024-06-15T08:02:28Z,2024-06-15T08:02:28Z
UgxZ_dQ-z3UNFss1GlZ4AaABAg,,False,@SyedaSampaakter,❤❤❤,0,2024-06-14T15:20:29Z,2024-06-14T15:20:29Z
Ugz3qgk0ftgYlW6fF0x4AaABAg,,False,@SanaShaikh-zv4ee,Please come back 😭😭😭😭😭😭😭😭,1,2024-06-14T15:15:36Z,2024-06-14T15:15:36Z
UgyplIYPp9w3GGs3gXN4AaABAg,,False,@Anjali-wn9yg,"Vote for comback
👇🏻",1,2024-06-14T08:26:28Z,2024-06-14T08:26:28Z
UgxD8oj3ZKyAWG0aIFZ4AaABAg,,False,@NaimaNaima-to3qr,BORN PINK WORLD TOUR THE FINALE and Coachella🩷,0,2024-06-13T18:43:58Z,2024-06-13T18:43:58Z
UgyiXHUIKRoTnu7sLll4AaABAg,,False,@YPI-r1p,Ура Блэк пинк возвращаются,0,2024-06-13T14:07:15Z,2024-06-13T14:07:15Z
UgxUXjSCrtNjItW9WIZ4AaABAg,,False,@ChloeDelacruz-v8k,"Dont u know princess luna had a war on 1947 and she died before he died she said ""I WILL COME BACK


after a few years ago LISA is a famues in blackpink and she was look like princess luna😮😮",0,2024-06-13T10:52:17Z,2024-06-13T10:52:17Z
UgxUXjSCrtNjItW9WIZ4AaABAg.A4cJMnDQL27A4cJTh49YQa,UgxUXjSCrtNjItW9WIZ4AaABAg,True,@ChloeDelacruz-v8k,U can search in google what look like is princess luna,0,2024-06-13T10:53:13Z,2024-06-13T10:53:13Z
UgweL2LK4BTa6I1_saV4AaABAg,,False,@BhagwansingMarmat-sl1nl,Sohdishodh,0,2024-06-13T10:38:48Z,2024-06-13T10:38:48Z
UgyNg-pXbsAuRDtacYt4AaABAg,,False,@rrrr-zo2yf,ㅕㅗ롱ㅇㅊ촢류❤,0,2024-06-13T08:53:08Z,2024-06-13T08:53:08Z
UgyKfg3G4Oe4e1x0fNh4AaABAg,,False,@KadirAtaş-b7p,I love you BLACK PİNK🖤💓,0,2024-06-13T08:17:54Z,2024-06-13T08:17:54Z
UgxO2bDFYav_sswLU_N4AaABAg,,False,@Blackpink.xoxo.,"We need  comeback YG. when is the date June? August? In 2 weeks? Well it better be soon
Love yah our QUEENS BLACKPINK",2,2024-06-13T07:14:07Z,2024-06-13T07:14:45Z
Ugy7D0tJBosH0EurSVB4AaABAg,,False,@sharkie299,I love black pink❤,0,2024-06-12T22:43:15Z,2024-06-12T22:43:15Z
UgzD4e_n9_2Ow-I5XFx4AaABAg,,False,@EcemAydin-uf2dt,"Lisa
Lisa 
Lisa 
Lisa 
Lisa 
Lisa 
Lisa 
Lisa 
Lisa",0,2024-06-12T14:55:11Z,2024-06-12T14:55:11Z
Ugye35_wHpH0g6Q8E6t4AaABAg,,False,@sedefbilgic8493,Lisa Jennie Rose Jisoo sooo cute💗🖤🎀,0,2024-06-12T10:46:26Z,2024-06-12T10:46:26Z
Ugxhh3BHPLazB9PjdhR4AaABAg,,False,@shafinenterprise1524,Lisa Im Bangladeshi,0,2024-06-12T10:31:39Z,2024-06-12T10:31:39Z
UgxFdDEndeY7n0ZQB8x4AaABAg,,False,@7rlxy_4,Black pink where are you now ? 😢,1,2024-06-12T10:20:54Z,2024-06-12T10:20:54Z
UgxSl-605y7gpfDJcd94AaABAg,,False,@My_Jenlisa,Türkiye'ye gelin lütfen ❤,0,2024-06-12T07:09:48Z,2024-06-12T07:09:48Z
UgzhDo--a2eR8SuBjVR4AaABAg,,False,@chiquitacokó,Jennieeeeeeeeee ayudaaaaa te quiero conocer,0,2024-06-11T21:29:47Z,2024-06-11T21:29:47Z
Ugy68Y1kcIhz2tTwRkh4AaABAg,,False,@MariadelosangelesSaldarriaga,❤❤❤❤❤❤❤😂❤😂22😂😂😂,0,2024-06-11T19:28:41Z,2024-06-11T19:28:41Z
Ugz7ltIixu6NpP2egJx4AaABAg,,False,@MariadelosangelesSaldarriaga,Teamomucho,0,2024-06-11T19:28:30Z,2024-06-11T19:28:30Z
UgxoketEARq2SSb8Kwh4AaABAg,,False,@yashika10k,Blackpink is better than BTS,0,2024-06-11T08:26:22Z,2024-06-11T08:26:22Z
UgxnkI3iiDBBnCopOtJ4AaABAg,,False,@GulnozaHasanova-xx6pu,🎉🎉🎉🎉🎉,0,2024-06-11T02:56:24Z,2024-06-11T02:56:24Z
UgyQP99FeNWotbhvFQ54AaABAg,,False,@Jamaimakhan-ot9nz,BLACKPINK in your Area 🎉🎉❤❤,0,2024-06-11T00:16:36Z,2024-06-11T00:16:36Z
UgxGc4OTVR3d1utQlYl4AaABAg,,False,@BLINK-x2t,I LOVE  YOU BLACK  PINK ❤,0,2024-06-09T17:44:39Z,2024-06-09T17:44:39Z
Ugzoxaz64u5IQ3hQZA14AaABAg,,False,@rutemariano3309,❤❤❤,0,2024-06-09T12:08:02Z,2024-06-09T12:08:02Z
UgzYBSZHFXy-42S8LwV4AaABAg,,False,@JaneRodrigues-de3de,Lindas,0,2024-06-09T12:00:47Z,2024-06-09T12:00:47Z
Ugx7gs0ChcPkwQKnD_x4AaABAg,,False,@JaneRodrigues-de3de,💗🖤,0,2024-06-09T12:00:44Z,2024-06-09T12:00:44Z
Ugx6cHO0VH9rWZMYJ0h4AaABAg,,False,@nhungngo5470,Blackpink =💩💩💩💩💩💩💩💩💩💩💩💩💩💩💩💩,0,2024-06-08T11:06:47Z,2024-06-08T11:06:47Z
UgyUVf_wTuowG5OcJpd4AaABAg,,False,@nabilaaouadi217,Cute❤😊,0,2024-06-08T10:30:07Z,2024-06-08T10:30:07Z
UgyUVf_wTuowG5OcJpd4AaABAg.A4QOr7K1as6A4QP14pUiEy,UgyUVf_wTuowG5OcJpd4AaABAg,True,@nabilaaouadi217,Slay with your brother,0,2024-06-08T10:31:37Z,2024-06-08T10:31:37Z
UgzkLhMQqML1ETxgvnV4AaABAg,,False,@Kedy_Nilsuqw_0823,SO CUTE🫶🏻💋💎,2,2024-06-08T06:43:38Z,2024-06-08T06:43:38Z
UgziE4C_ynOufGcwvIB4AaABAg,,False,@Cut_jana,cutee 💗,1,2024-06-07T20:47:54Z,2024-06-07T20:47:54Z
UgxkBEfNaondSXzHpMV4AaABAg,,False,@Itz_Nobody101,"I'm waiting for blackpink's new song who is waiting for new song 
👇",1,2024-06-07T16:10:36Z,2024-06-07T16:10:36Z
UgwfM4Mq7oMG0mme-xV4AaABAg,,False,@pencilmagic3129,💗💗💗💗💗💗💗💗💗💗💗💗💗💗💗💗💗💗💗💗💗💗💗💗💗💗💗💗💗💗💗💗💗💗💗💗💗💗💗💗💗💕💕💕💕💕💕💕💕💕💕💕💕💕💕💕💕💕💕💕💕💕💕💕💕💕💕💕💕💕💕💕💕💕💕💕💕💕💕💕💕💕💕💕💕💕💕💕💕💕💓💓💓💓💓💓💓💓💓💓💓💓💓💓💓💓💞💞💞💞💞💞💞💞💞💞💞💞💞💞💞💞💖💖💖💖💖💖💖💖💖💖💖💖💘💘💘💘💘💘💘💘💘💓💓💓💓💓💓💓💓💓💓💗💗💗💗,0,2024-06-07T06:51:02Z,2024-06-07T06:51:02Z
UgwYaV8M_HIQ2OQLHpB4AaABAg,,False,@pencilmagic3129,Lets make pink ocean for our queens,0,2024-06-07T06:50:12Z,2024-06-07T06:50:12Z
UgzUTupWyRbpVRy17K14AaABAg,,False,@AkşinHüseyinov-b1s,I love you blackpink I love you jisoo❤❤❤❤,0,2024-06-06T09:23:16Z,2024-06-06T09:23:16Z
UgwsvF2nlcvV6q9WKDh4AaABAg,,False,@ibhaskarrao4548,Queens who doesn't even needs  crowns 🖤💕🖤💕💗💘💗💕💘💕🖤💘🖤💘🖤💕💘💕💗💘💘💗💘💘💕🖤💘🖤💘💘💘💕💕💗💘🖤💘🖤💕💘💕💘💗👑👑👑👑🖤💕💕💘💘💕💘💗💗💘💘💕🖤💕🖤💘💘💕💘💕💘💗💘💕🖤💕🖤💕💘💕,0,2024-06-06T04:26:28Z,2024-06-06T04:26:28Z
Ugz9ThVlzAtqJJttCvZ4AaABAg,,False,@Julianadomemeghetti,BLACKPINK ?? COMEBACK??,0,2024-06-05T21:45:05Z,2024-06-05T21:45:05Z
Ugy4260R8nXE9WRx3ql4AaABAg,,False,@its.fahmida90,❤,0,2024-06-05T18:37:47Z,2024-06-05T18:37:47Z
Ugx_qgqKF7mGlRxhnGZ4AaABAg,,False,@sivaranjanivaseekaran,PLSS COMEBACK BLACKPINK YOU HAVE A MORE BLINK 💪🏻💪🏻💪🏻💪🏻💪🏻💪🏻💪🏻💪🏻💓💓💗💞💕💗💗🖤🩷🖤💘🖤💝🖤💖🖤💗🖤💓🖤💞🖤💕❤️‍🩹❤️‍🩹❤️‍🩹❤️‍🔥❤️‍🔥❤️‍🔥🫂🫂🫂🫂🫂🫂🫂🫂🫂🫂🫂🫂🫂🫂🫂🫂🫂🫂🫂🫂,0,2024-06-05T18:26:47Z,2024-06-05T18:26:47Z
Ugzwi-ehc-jVJImrHNx4AaABAg,,False,@MoeezJalil,❤P,0,2024-06-05T18:10:48Z,2024-06-05T18:10:48Z
UgwTPTQ7p7cZZqlAzut4AaABAg,,False,@Aura-d2b,Need comeback ❤❤❤,1,2024-06-05T15:39:15Z,2024-06-05T15:39:15Z
UgxjWTzzxEHqBAbcLy54AaABAg,,False,@Kızıl_Tilki,FREE PALESTINE🇵🇸🇵🇸🇵🇸,0,2024-06-05T14:48:18Z,2024-06-05T14:48:18Z
UgwJZgJbYXe28n4VmcB4AaABAg,,False,@bhavanaarya3308,Are you a real black pink,0,2024-06-05T07:53:57Z,2024-06-05T07:53:57Z
UgwsQEE-fOcCfO-rqH54AaABAg,,False,@Deva-qq9pi,Waiting for black pink comeback,0,2024-06-05T06:30:19Z,2024-06-05T06:30:19Z
UgwJFLYCH-PybpsMwSx4AaABAg,,False,@RiyaKashyap-o2m,🖤💕🖤💕🖤💕🖤💕🖤💕🖤💕🖤💕🖤💕🖤💕🖤💕🖤💕🖤💕🖤💕🖤💕🖤💕🖤💕🖤💕🖤💕🖤💕🖤💕🖤💕🖤💕🖤💕🖤💕🖤💕🖤💕🖤💕🖤💕🖤💕🖤💕🖤💕🖤💕🖤💕🖤💕,1,2024-06-04T18:05:00Z,2024-06-04T18:05:00Z
Ugxq2pU5DaNKPIJAdo14AaABAg,,False,@PoojaBisla-d8m,♥️🥰🥰🥰🥰♥️♥️♥️🥰🥰💯💯💯🙈🙈,0,2024-06-04T14:15:45Z,2024-06-04T14:15:45Z
UgyEmLBLiv_ejkMMSRN4AaABAg,,False,@rubyes-mw1wi,I love you blackpink ❤❤❤❤,0,2024-06-04T13:25:11Z,2024-06-04T13:25:11Z
UgxeuQXtHtOJxlY_VC14AaABAg,,False,@ОткашОтла,❤❤❤,0,2024-06-04T12:19:41Z,2024-06-04T12:19:41Z
UgznzJENUVYtfiaXMll4AaABAg,,False,@Fehime_31_y,",❤❤❤❤❤",0,2024-06-04T11:03:39Z,2024-06-04T11:03:39Z
Ugzmpl1zeva-VIQjRCt4AaABAg,,False,@kuwaii-vl2jy,Black pink,0,2024-06-04T01:06:32Z,2024-06-04T01:06:32Z
UgzIpGjBmcZCAfpiuyN4AaABAg,,False,@I_AM_BLINK_BLACKPINK,Please come to Azerbaijan!!! I am your biggest fan from Azerbaijan🇦🇿❤️‍🔥🇰🇷,0,2024-06-03T19:11:52Z,2024-06-03T19:11:52Z
UgwB3FtQ7ut9_7E0c7t4AaABAg,,False,@I_AM_BLINK_BLACKPINK,아제르바이잔으로 와주세요!!! 나는 아제르바이잔에서 온 당신의 열렬한 팬입니다🇦🇿❤️‍🔥🇰🇷,0,2024-06-03T19:11:40Z,2024-06-03T19:11:40Z
UgxyYDTdQTOInTplWKF4AaABAg,,False,@Sunsetsxoxo345,컴백 블링크가 스스로 목숨을 끊는다는 걸 알 수 있도록 컴백을 해주세요.,0,2024-06-03T15:31:15Z,2024-06-03T15:31:15Z
UgwrtyGDvqTRONhdMDB4AaABAg,,False,@savage_Ready,Indicating something!,1,2024-06-03T08:11:26Z,2024-06-03T08:11:26Z
UgwjsR4ufUFVEMg7v5d4AaABAg,,False,@Yadavi-143,Love from India 💕💓🇮🇳,0,2024-06-02T17:35:14Z,2024-06-02T17:35:14Z
UgxbfDt8MAyq1TgFB4p4AaABAg,,False,@Chae_Routines11,Hi from Turkey🇹🇷🐺,0,2024-06-02T14:56:11Z,2024-06-02T14:56:11Z
Ugz7i6wJrSMGYV0cKZx4AaABAg,,False,@Asmae-xk4yi,When are you coming back,1,2024-06-02T11:05:38Z,2024-06-02T11:05:38Z
UgyQdvLSpzIsfQtExY54AaABAg,,False,@Abhinathyoutube,😊,0,2024-06-02T02:05:42Z,2024-06-02T02:05:42Z
UgxsJAAsmG-38BuBKMB4AaABAg,,False,@EunicePascual-b1c,WHeRe are the girls,0,2024-06-02T01:13:28Z,2024-06-02T01:13:28Z
UgwP6IzjtrVPw1bS8Nt4AaABAg,,False,@Norsallopyelyeop,For what....,0,2024-06-01T20:39:38Z,2024-06-01T20:39:38Z
UgyWem8DvXg_LzZr4UR4AaABAg,,False,@ShikhaSONKER-zg8wb,East or West BTS is the best ❤❤❤❤❤,0,2024-06-01T14:33:52Z,2024-06-01T14:33:52Z
UgxY1i5Rx4q7u1x5CTd4AaABAg,,False,@MomAyoub,This song is offensive to Blackpink sell out,0,2024-06-01T09:21:27Z,2024-06-01T09:21:27Z
UgxCZKRnjWZ_lwrL9Nx4AaABAg,,False,@Blink14881,We need a comeback this year pls,1,2024-06-01T07:10:26Z,2024-06-01T07:10:26Z
Ugx6FO6m9g2a4WUxVdV4AaABAg,,False,@Reitriestomakemusic2,BLACKPINK IS BACK IN THE AREA👑,0,2024-06-01T06:29:51Z,2024-06-01T06:29:51Z
UgyAqJ4lL-rL5z8yWFV4AaABAg,,False,@ShoukatAli-wg1rn,❤,0,2024-05-31T19:14:02Z,2024-05-31T19:14:02Z
Ugw3e8NSl7cUTugdbJ94AaABAg,,False,@sirialaterrabellino-rr1mq,❤❤❤❤❤❤❤❤❤,0,2024-05-31T15:46:29Z,2024-05-31T15:46:29Z
UgyglzYpYcg7-yf8OD14AaABAg,,False,@Army4ever-y2i,This video is nice 🙂😁❤️❤️,0,2024-05-31T09:17:34Z,2024-05-31T09:17:34Z
Ugxa_9QlXXcz_ZnbrVh4AaABAg,,False,@NguyenHaiDang1996,😢😢😢😢😢우리는 당신이 이전의 방식으로 돌아가기를 원합니다😢😢😢,0,2024-05-31T05:36:14Z,2024-05-31T05:36:14Z
Ugyxp1S_xiftoH0xgP94AaABAg,,False,@KevinRz_10,I Love you,0,2024-05-30T21:41:00Z,2024-05-30T21:41:00Z
UgzwzsWea8I24B9c2x54AaABAg,,False,@Emanuellydivertida1234,얼마나 귀여운지,0,2024-05-30T17:39:52Z,2024-05-30T17:39:52Z
Ugx9xQddwdJ8f5xeQDl4AaABAg,,False,@user-tz6kl7qw2,Black Pink Я люблю вас Black Pink❤,0,2024-05-30T14:49:42Z,2024-05-30T14:49:42Z
Ugwpe3WtfDyrqusLk4p4AaABAg,,False,@BACKPINK-ZYZ,Congratulations BLACKPINK on surpassing many many subscribers and over  many many views on YouTube! 🎉 Your music and videos continue to break records and bring joy to fans worldwide. Keep shining and making history! 💖✨,0,2024-05-30T08:52:08Z,2024-05-30T08:52:08Z
Ugypj7kMjKXHRDxDaol4AaABAg,,False,@ssaggusukhi4006,So sweet,0,2024-05-30T03:36:58Z,2024-05-30T03:36:58Z
UgzTL2nJdSssLSxBitV4AaABAg,,False,@لينا_زوجه_جونغكوك_بس,✨الله حماسسس مليون نفسي اشوفها✨,0,2024-05-29T20:28:49Z,2024-05-29T20:28:49Z
UgzlZnuERPho1-X_IpR4AaABAg,,False,@UjjalaRoy-om6ty,I love you blakpink,0,2024-05-29T09:06:22Z,2024-05-29T09:06:22Z
UgzahqH03Mu99cnbrpp4AaABAg,,False,@zainealiseifeddine,I love you Black pink you are part of my adolescence,1,2024-05-29T05:16:20Z,2024-05-29T05:16:20Z
UgxWBTUgJZO-K0aLuV94AaABAg,,False,@kpop_forever2.0,WE NEED A COMEBACK ASAP!!!!!!,0,2024-05-28T21:15:55Z,2024-05-28T21:15:55Z
UgyzglH0L7zYqvM6CCt4AaABAg,,False,@Smiley_aesthetic621,Blink forever ❤❤❤❤,0,2024-05-27T21:51:49Z,2024-05-27T21:51:49Z
UgxOqzoz9TWkQU43PJN4AaABAg,,False,@Yang_chayeon,"OMG 
Lisa 
Jennie 
Jisoo 
And
Rosé
Your are BEAUTIFUL 🤩 
I love you 💕 😂",7,2024-05-27T20:16:07Z,2024-05-27T20:16:07Z
UgxOqzoz9TWkQU43PJN4AaABAg.A3xYNYwleJSA6C0cyVnMe9,UgxOqzoz9TWkQU43PJN4AaABAg,True,@ErikaPytlounova,Me too,1,2024-07-22T13:31:54Z,2024-07-22T13:31:54Z
UgyYtdXgFtYzrba9XgR4AaABAg,,False,@user-pu4kf3ki4p,ΛWWWW SO ƆUTE,0,2024-05-27T10:26:52Z,2024-05-27T10:26:52Z
Ugwp_GJNlUzwmQa7bsF4AaABAg,,False,@AtiullahKhan-v6h,I love Jennie  and seok Jin seoknie ❤❤❤❤❤❤❤❤❤❤❤❤❤,1,2024-05-27T01:57:57Z,2024-05-27T01:57:57Z
UgzAOImBUm1p6SqlcnR4AaABAg,,False,@mmahreenn,❤❤❤❤❤❤❤,0,2024-05-26T17:09:00Z,2024-05-26T17:09:00Z
UgxJiHzOTzGwoOk_Tml4AaABAg,,False,@AlessiaStancea,PLSSS COMEBACKKK,0,2024-05-26T13:03:28Z,2024-05-26T13:03:28Z
UgzZC5aA_nZ4I45PcVJ4AaABAg,,False,@MohammadSyed-w7j,Black pink please 🥺 come back for us please 🥺🥺🥺🙏🙏,1,2024-05-26T10:31:50Z,2024-05-26T10:31:50Z
Ugz21SMP9-dRmfhfeAF4AaABAg,,False,@EternalSugarCookie-d1m,Please come back pleeeeeeeeeeeeeeeeeeeeeaaaaaaaaasssssssseee,0,2024-05-26T08:01:17Z,2024-05-26T08:01:17Z
Ugw7zuEtSu84cV45Ppt4AaABAg,,False,@emiyil6732,❤😊,0,2024-05-25T16:27:24Z,2024-05-25T16:27:24Z
Ugzucgr5tdLXxjSgfC54AaABAg,,False,@tsomiiludmila7526,Who is in BLACKPINK🖤🩷 community on Weverse like please,1,2024-05-25T16:23:44Z,2024-05-25T16:23:44Z
UgzRITyX8r_lkcYE7vB4AaABAg,,False,@БонуИманкулова,I love you ❤!,0,2024-05-25T11:42:43Z,2024-05-25T11:42:43Z
UgwK1hrjV8txyawnUrB4AaABAg,,False,@Blinkpink49235,blinks go vote for blackpink vs bts on google.🩷💗🖤,0,2024-05-25T11:17:55Z,2024-05-25T11:17:55Z
UgwiOPoj66_cNjyyNXt4AaABAg,,False,@YasminAkhter-hq5zr,You all so pretty  and  cute ❤🖤💖,11,2024-05-25T09:50:05Z,2024-05-25T09:50:05Z
UgxRon8ZfRyIe_HIJPt4AaABAg,,False,@AndreaFrr,Attention blinks! Currently there is a vote going on between bts and blackpink go to Google and search bts vs blackpink vote and you can see that blackpink is losing a person can only vote once in 24 hours I'm not a bts hater I'm just a blink I'm not forcing you to vote but if you want you can,0,2024-05-25T09:39:56Z,2024-05-25T09:39:56Z
UgzUH0NA4A0gDl6F7Tt4AaABAg,,False,@GHINA_JK77,💖🖤✨,0,2024-05-25T08:47:33Z,2024-05-25T08:47:33Z
UgzXZHEW9weqYHZhquR4AaABAg,,False,@MarkHarryGranadoTolop,Jtuflatjtv. Jtkfpgut ei,0,2024-05-25T07:05:23Z,2024-05-25T07:05:23Z
UgxIXCk4BNLiRYP4uuB4AaABAg,,False,@VictoriaAguinon,BLACKPINK WILL RETURN BLINKS 😻😻💗💗💋 COMEBACK IN 2025 AHHH WHAT A EXCITION,0,2024-05-24T13:15:35Z,2024-05-24T13:15:35Z
UgwEi9FqyNmQF3aMu194AaABAg,,False,@damarismiclea,❤❤,0,2024-05-24T09:43:01Z,2024-05-24T09:43:01Z
Ugwi_jIhGhcc4bwZ_9V4AaABAg,,False,@The_Best_of_Glow_up,터키에서도 콘서트를 해주세요. 터키인으로서 터키인 모두가 당신을 매우 좋아한다는 것을 알고 있습니다❤️,5,2024-05-24T08:05:54Z,2024-05-24T08:05:54Z
Ugwi_jIhGhcc4bwZ_9V4AaABAg.A3oWQkCPpBwA4WhkBIDLGI,Ugwi_jIhGhcc4bwZ_9V4AaABAg,True,@Jisungunevindekikurabiye,Yes,2,2024-06-10T21:19:23Z,2024-06-10T21:19:23Z
Ugwi_jIhGhcc4bwZ_9V4AaABAg.A3oWQkCPpBwA7xyjqbGb0H,Ugwi_jIhGhcc4bwZ_9V4AaABAg,True,@The_Best_of_Glow_up,"Arkadaşlar yorumda ""Lütfen Türkiye 'ye de gelin 🩷🖤 Biz Türkler sizi çok seviyoruz"" felan yazıyor lütfen gören yorumu beğensin 🩷🖤",1,2024-09-04T10:20:48Z,2024-09-04T10:20:48Z
Ugwd1DhNIKgG1iAus2J4AaABAg,,False,@yinersiperez123,❤❤❤,0,2024-05-23T23:21:31Z,2024-05-23T23:21:31Z
UgwYCQmwnBmQcu2oMV54AaABAg,,False,@amanullahdilmohammad6551,WOW 😯❤❤❤,0,2024-05-23T07:48:09Z,2024-05-23T07:48:09Z
UgyT2KivuYRts0h3hbF4AaABAg,,False,@LINNI_official,When comeback BLACKPINK,0,2024-05-23T07:10:02Z,2024-05-23T07:10:02Z
UgyY4YE8WrhtSGFIBrN4AaABAg,,False,@Asteticdome,Blackpink come back😭😭😭,1,2024-05-22T23:01:28Z,2024-05-22T23:01:28Z
UgycoW750l1fA5a29z14AaABAg,,False,@mateocordoba9898,Love blackpink,0,2024-05-22T20:24:38Z,2024-05-22T20:24:38Z
Ugwf8D3QqfB5gkZL_JB4AaABAg,,False,@Lisabenimkarim-h5w,Blackpink sadece benim itiraz edeceksenizde edin umurumda degil,0,2024-05-22T18:02:40Z,2024-05-22T18:02:40Z
Ugw1rG0JSeQuqvZMPXN4AaABAg,,False,@penhailxaviel7389,Qweryuiopfb,0,2024-05-21T16:56:50Z,2024-05-21T16:56:50Z
UgyhUhwPVZ8-7sQThQ94AaABAg,,False,@noeliabukovchik2034,Blackpink te amo,0,2024-05-21T16:52:09Z,2024-05-21T16:52:09Z
Ugz9dxG_gVzx3auN2-l4AaABAg,,False,@FlowerBlink103,BLACKPİNK COMEBACK!!!!!!!!!!!!!!!!!!!,0,2024-05-21T15:58:59Z,2024-05-21T15:58:59Z
UgygTp5yuA96l7DNhUx4AaABAg,,False,@FlowerBlink103,BLACKPİNK COMEBACK!!!!!!!!!!!!!!!!!!!!!!!,0,2024-05-21T15:58:36Z,2024-05-21T15:58:36Z
UgxWtdtwp-60gJvo5VR4AaABAg,,False,@Blackpink_Blink9960,Blackpink🖤BLΛƆKPIИK💗🖤BLΛƆKPIИK💗🖤BLΛƆKPIИK💗🖤BLΛƆKPIИK💗🖤BLΛƆKPIИK💗🖤BLΛƆKPIИK💗🖤BLΛƆKPIИK💗🖤BLΛƆKPIИK💗🖤BLΛƆKPIИK💗🖤BLΛƆKPIИK💗🖤BLΛƆKPIИK💗🖤BLΛƆKPIИK💗🖤BLΛƆKPIИK💗🖤BLΛƆKPIИK💗🖤BLΛƆKPIИK💗🖤BLΛƆKPIИK💗🖤BLΛƆKPIИK💗🖤BLΛƆKPIИK💗🖤BLΛƆKPIИK💗🖤BLΛƆKPIИK💗🖤BLΛƆKPIИK💗🖤BLΛƆKPIИK💗🖤BLΛƆKPIИK💗🖤BLΛƆKPIИK💗🖤BLΛƆKPIИK💗🖤BLΛƆKPIИK💗🖤BLΛƆKPIИK💗🖤BLΛƆKPIИK💗🖤BLΛƆKPIИK💗🖤BLΛƆKPIИK💗🖤BLΛƆKPIИK💗🖤BLΛƆKPIИK💗🖤BLΛƆKPIИK💗🖤BLΛƆKPIИK💗🖤BLΛƆKPIИK💗🖤BLΛƆKPIИK💗🖤BLΛƆKPIИK💗🖤BLΛƆKPIИK💗🖤BLΛƆKPIИK💗🖤BLΛƆKPIИK💗🖤BLΛƆKPIИK💗🖤BLΛƆKPIИK💗🖤BLΛƆKPIИK💗🖤BLΛƆKPIИK💗🖤BLΛƆKPIИK💗🖤BLΛƆKPIИK💗🖤BLΛƆKPIИK💗🖤BLΛƆKPIИK💗🖤BLΛƆKPIИK💗🖤BLΛƆKPIИK💗🖤BLΛƆKPIИK💗🖤BLΛƆKPIИK💗🖤BLΛƆKPIИK💗🖤BLΛƆKPIИK💗🖤BLΛƆKPIИK💗🖤BLΛƆKPIИK💗🖤BLΛƆKPIИK💗🖤BLΛƆKPIИK💗🖤BLΛƆKPIИK💗🖤BLΛƆKPIИK💗🖤BLΛƆKPIИK💗🖤BLΛƆKPIИK💗🖤BLΛƆKPIИK💗🖤BLΛƆKPIИK💗🖤BLΛƆKPIИK💗🖤BLΛƆKPIИK💗🖤BLΛƆKPIИK💗🖤BLΛƆKPIИK💗🖤BLΛƆKPIИK💗🖤BLΛƆKPIИK💗🖤BLΛƆKPIИK💗🖤BLΛƆKPIИK💗🖤BLΛƆKPIИK💗🖤BLΛƆKPIИK💗🖤BLΛƆKPIИK💗🖤BLΛƆKPIИK💗🖤BLΛƆKPIИK💗🖤BLΛƆKPIИK💗🖤BLΛƆKPIИK💗🖤BLΛƆKPIИK💗🖤BLΛƆKPIИK💗🖤BLΛƆKPIИK💗🖤BLΛƆKPIИK💗🖤BLΛƆKPIИK💗🖤BLΛƆKPIИK💗🖤BLΛƆKPIИK💗🖤BLΛƆKPIИK💗🖤BLΛƆKPIИK💗🖤BLΛƆKPIИK💗🖤BLΛƆKPIИK💗🖤BLΛƆKPIИK💗🖤BLΛƆKPIИK💗🖤BLΛƆKPIИK💗🖤BLΛƆKPIИK💗🖤BLΛƆKPIИK💗🖤BLΛƆKPIИK💗🖤BLΛƆKPIИK💗🖤BLΛƆKPIИK💗🖤BLΛƆKPIИK💗🖤BLΛƆKPIИK💗🖤BLΛƆKPIИK💗🖤BLΛƆKPIИK💗🖤BLΛƆKPIИK💗🖤BLΛƆKPIИK💗🖤BLΛƆKPIИK💗🖤BLΛƆKPIИK💗🖤BLΛƆKPIИK💗🖤BLΛƆKPIИK💗🖤BLΛƆKPIИK💗🖤BLΛƆKPIИK💗🖤BLΛƆKPIИK💗🖤BLΛƆKPIИK💗🖤BLΛƆKPIИK💗🖤BLΛƆKPIИK💗🖤BLΛƆKPIИK💗🖤BLΛƆKPIИK💗🖤BLΛƆKPIИK💗🖤BLΛƆKPIИK💗🖤BLΛƆKPIИK💗🖤BLΛƆKPIИK💗🖤BLΛƆKPIИK💗🖤BLΛƆKPIИK💗🖤BLΛƆKPIИK💗🖤BLΛƆKPIИK💗🖤BLΛƆKPIИK💗🖤BLΛƆKPIИK💗🖤BLΛƆKPIИK💗🖤BLΛƆKPIИK💗🖤BLΛƆKPIИK💗,0,2024-05-21T09:28:17Z,2024-05-21T09:28:17Z
UgzE8yeYnTZThxjPatp4AaABAg,,False,@shalinihere_123,BLACKPINK is the revolution✨✨ BLINK FOR INFINITY,0,2024-05-21T06:09:59Z,2024-05-21T06:09:59Z
Ugx0p5akWGISpOMMJUt4AaABAg,,False,@priyasanthakumari,i missssssssssssssssssssssssssssss youuuuuuuuuuuuuuuu,0,2024-05-20T15:35:54Z,2024-05-20T15:35:54Z
Ugyjpt6uXWV_pdXJeiV4AaABAg,,False,@jarahyseni9738,블랙핑크 영원히,0,2024-05-20T15:28:43Z,2024-05-20T15:28:43Z
UgzqThn9poiNJUZbPBV4AaABAg,,False,@arelybautista4470,I love you blackpink ❤,0,2024-05-20T01:42:07Z,2024-05-20T01:42:07Z
UgzpdgVIv0nE8WfR_D54AaABAg,,False,@YerkinZhetesov,❤❤❤❤❤❤,0,2024-05-19T18:49:33Z,2024-05-19T18:49:33Z
UgybrUgpWs_SJndMdaR4AaABAg,,False,@AkshjeetRajput,This is for every BLACKPINK member i am your biggest fan pleaseeeeeeeeeeeeeeeeeee reply me youtubers never reply 😢😢😢😢😢😢😢😢😢😢😢😢😢😢😢😢😢😢😮,0,2024-05-19T16:31:15Z,2024-05-19T16:31:15Z
Ugx0eVyfK1jrZxwdzJV4AaABAg,,False,@sameermalik1517,I love you too all 🖤BLΛƆKPIИK💗 members,1,2024-05-19T11:02:43Z,2024-05-19T11:02:43Z
Ugz_YABKIp61HIRNiW94AaABAg,,False,@PerlakarimeQuilanBarrios,Las amooooooooo 😭😻🖤🩷🖤🩷🖤🩷,0,2024-05-19T01:23:14Z,2024-05-19T01:23:14Z
Ugx8O_aDbaawAH98-h94AaABAg,,False,@arunaselva,Ofcourse we love u guys,0,2024-05-18T11:08:16Z,2024-05-18T11:08:16Z
UgyhJE01J_We2Vh8_9F4AaABAg,,False,@Btsworld84.,Yes,0,2024-05-18T07:01:09Z,2024-05-18T07:01:09Z
UgwvalEUAdcQDZZfgEl4AaABAg,,False,@payallodha429,I love you blackpink,0,2024-05-17T16:26:43Z,2024-05-17T16:26:43Z
UgxDcTmxqm6u8NolnBR4AaABAg,,False,@ananyasartgallery8871,"Blackpink is gay, attention seekers, never cares for fans, career only for money",0,2024-05-17T16:00:24Z,2024-05-17T16:00:24Z
Ugwu_W_s0R1-LjVOwEh4AaABAg,,False,@Stefa_here,So cute,0,2024-05-17T15:07:51Z,2024-05-17T15:07:51Z
UgxYqohMFJPfNuW7CRt4AaABAg,,False,@The-ar159,Ezz özürllerr,0,2024-05-16T14:18:20Z,2024-05-16T14:18:20Z
UgxXHI48ARju7Mo_RmN4AaABAg,,False,@Dostonrozimurodov-xq1iz,Very nice i love black pink,0,2024-05-16T07:26:55Z,2024-05-16T07:26:55Z
UgyTTe7hH22ARXf7OkR4AaABAg,,False,@MelissaValentinadelima,❤❤❤❤❤❤EU Sou A melyssa,0,2024-05-15T21:26:39Z,2024-05-15T21:26:39Z
Ugyo3xI-XxOur69b7vp4AaABAg,,False,@Hoor247,I am a girl 8 years old,0,2024-05-15T15:49:16Z,2024-05-15T15:49:16Z
Ugz04Jj1Q4eAinEXbh14AaABAg,,False,@artirawat6349,"We are missing our girls so much 🤧🤧
DON'T WE DESERVE A COMEBACK FROM BLACKPINK",1,2024-05-15T11:48:31Z,2024-05-15T11:48:31Z
UgxVhlSmERcOS2Y_sod4AaABAg,,False,@Valeryx10,LOVE,0,2024-05-15T00:53:45Z,2024-05-15T00:53:45Z
UgyQ8A1Ya1-lfpCi_CN4AaABAg,,False,@Engene4ever-jake-jakey,"난 기다리고 있고 그들이 곧 컴백했으면 좋겠어 🔜 왜냐하면 난 기다릴 수 없거든

한국에서 온 사랑 ❣️",0,2024-05-14T13:04:14Z,2024-05-14T13:04:14Z
Ugzbz49QPBSuhgxQgoR4AaABAg,,False,@dhanyashreequeen6394,Blackpink new lightstick approved🩶🩷❤❤❤❤,0,2024-05-13T13:33:54Z,2024-05-13T13:33:54Z
UgzrtTbidrjNrGbFT-Z4AaABAg,,False,@Sofyjuega-j3f,Blackpink 🫶🩷🖤,0,2024-05-11T21:50:08Z,2024-05-11T21:50:08Z
UgzPbjMbr2fx9W4msi94AaABAg,,False,@Chaepmunn,우리는 블랙핑크를 정말 사랑하고 항상 당신과 함께하고 항상 응원합니다.,3,2024-05-11T17:05:25Z,2024-05-11T17:05:25Z
UgzhQIpIZsfXD8zNJHt4AaABAg,,False,@qudtls_bujang,뉴진스랑도 콜라보했던디... 블핑이랑 뉴진스는 역시 😎,0,2024-05-11T13:43:51Z,2024-05-11T13:43:51Z
Ugz948bBlTpJL16NSlR4AaABAg,,False,@İsimsiz_biri-rv3,블랙핑크 ❤️❤️,0,2024-05-11T12:35:35Z,2024-05-11T12:35:35Z
UgxwKczur54ImmMFYfl4AaABAg,,False,@Avtsid_art,Please vote for BTS vs BLACKPINK,0,2024-05-11T11:37:34Z,2024-05-11T11:37:34Z
UgzlWgg3ICAL8GHKXJ94AaABAg,,False,@Melitop-y6x,❤❤❤❤🎉🎉🎉🎉😊😊😊😊,0,2024-05-10T16:06:16Z,2024-05-10T16:06:16Z
UgywsxDctMiR2i2SP7B4AaABAg,,False,@Elif-2611,Blecpink Lisa Rose Jennie Jsoo,1,2024-05-10T13:32:53Z,2024-05-10T13:32:53Z
UgwW2lh648jA1MJTm2N4AaABAg,,False,@Aiswarya-d9t,"Dear Blinks,

We hope this message finds you well. As devoted fans of Blackpink, we kindly ask for your support in voting for our beloved group. Your votes can make a big difference in showcasing the love and dedication of the Blink community. Let's come together to show our unwavering support for Blackpink!

With sincere gratitude.",0,2024-05-10T12:34:14Z,2024-05-10T12:34:14Z
UgwQbOWwd-_1farf2MB4AaABAg,,False,@nb00.,😮,0,2024-05-09T21:30:59Z,2024-05-09T21:30:59Z
UgzSM1LxjAhylLQjutN4AaABAg,,False,@hibaaqnuura7310,Love ❤ Black pin  Lisa,0,2024-05-09T19:12:20Z,2024-05-09T19:12:20Z
UgzkG42Rohmgpei9KPl4AaABAg,,False,@Le_na_Lona,해❤,1,2024-05-09T15:16:02Z,2024-05-09T15:16:02Z
Ugx7z7hSstByFJabrJN4AaABAg,,False,@betulaydar,2024 COMEBACK,0,2024-05-09T14:49:43Z,2024-05-09T14:49:43Z
Ugzq2Xrta25oc8q0B_t4AaABAg,,False,@RoopThakur-cu9md,Blackpink please come back we miss you so much😢😢❤❤,0,2024-05-09T11:17:03Z,2024-05-09T11:17:03Z
UgwpG8cKzWRaD1A0HRV4AaABAg,,False,@Queen_Blackpink-h6r,❤❤❤❤❤love you blackpink 🇦🇿🇦🇿🇦🇿❤️❤️❤️❤️❤️💋💋💋,0,2024-05-09T06:53:31Z,2024-05-09T06:53:31Z
UgwRlmHt7vtssFzgBXR4AaABAg,,False,@Gulsum.roblox._05,I love you jisoo❤❤❤,1,2024-05-08T09:59:33Z,2024-05-17T09:44:18Z
Ugy4El8-tkhktAuZ7l54AaABAg,,False,@gameless6884,Ygnin jypyi etkileme şekli olur gibi,0,2024-05-07T17:30:14Z,2024-05-07T17:30:14Z
Ugy-rYJcCU1xn6JSX-Z4AaABAg,,False,@MimiKoudri-pc5gz,"Pov: your a blink since they were trainees❤😂

WE NEED A COMEBACK",0,2024-05-07T11:43:56Z,2024-05-07T11:43:56Z
Ugx6hP_wDd4BC_NxJLl4AaABAg,,False,@gamzeDemirhan-c5u,Blackpink💓🖤💓🖤,0,2024-05-07T07:39:33Z,2024-05-07T07:39:33Z
UgzlCY_iQ1KIRFzO0c54AaABAg,,False,@Lillisa_m,❤❤,1,2024-05-07T05:52:32Z,2024-05-07T05:52:32Z
UgzMVX5ZT-luLGi7vsF4AaABAg,,False,@Lillisa_m,❤❤,1,2024-05-07T05:52:27Z,2024-05-07T05:52:27Z
UgzFADu5E-SiH9Ektut4AaABAg,,False,@Lillisa_m,❤❤,1,2024-05-07T05:52:23Z,2024-05-07T05:52:23Z
UgyO7sBpoYOdvFcopBN4AaABAg,,False,@Lillisa_m,❤❤,1,2024-05-07T05:52:20Z,2024-05-07T05:52:20Z
UgxmSADJy34hHesfqZt4AaABAg,,False,@Lillisa_m,❤❤,1,2024-05-07T05:52:17Z,2024-05-07T05:52:17Z
UgwFHfnMehowAtL50jB4AaABAg,,False,@Lillisa_m,❤❤,1,2024-05-07T05:32:03Z,2024-05-07T05:32:03Z
UgwdVChDBK8DegBNsWp4AaABAg,,False,@Mel_official.0,🩷🖤Like you blackpink team🖤🩷,0,2024-05-06T14:44:14Z,2024-05-06T14:44:29Z
Ugz5QzKOtn0Q75o4xLl4AaABAg,,False,@JulioOchoa-z1k,😊😊,0,2024-05-05T22:29:38Z,2024-05-05T22:29:38Z
Ugxj_HSsSERDfzy6txV4AaABAg,,False,@SteerSteer-wp4ij,BLACKPINK THE BEST GROUPE ❤,1,2024-05-05T18:31:00Z,2024-05-05T18:31:00Z
UgwBP7essp82l5YDnBJ4AaABAg,,False,@toshiro_001,☺☺☺☺☺☺☺☺☺☺☺☺☺☺☺☺☺☺☺☺☺☺☺☺😍☺😍😍😍😍😍☺☺☺☺☺☺☺☺☺☺☺☺☺☺☺☺☺☺☺😍☺😜☺😍☺☺😍☺☺☺🥰☺😍🥰☺😍🥰🥰🥰🥰🥰🥰🥰🥰🥰🥰🥰🥰🥰🥰🥰🥰🥰😍😍☺😍😝🥰☺😜🥰😍😍😍🥰😍🥰😍😍🥰😍😘😍🥰😍🥰😍🥰😍🥰😍🥰😍🥰😍🥰😍🥰😍😘😘😘😘😘😘😘😍😘🥰😘😍🥰😘🥰😘😍☺😇,1,2024-05-05T18:13:55Z,2024-05-05T18:13:55Z
UgwBP7essp82l5YDnBJ4AaABAg.A33fuJ7J21RA33fxV6f9M2,UgwBP7essp82l5YDnBJ4AaABAg,True,@toshiro_001,❤❤❤,0,2024-05-05T18:14:21Z,2024-05-05T18:14:21Z
UgzONFx0VSanTFyg4gh4AaABAg,,False,@Ayliayim02,🏩🇹🇷🇹🇷🇹🇷🇹🇷🇹🇷🇹🇷🇹🇷🇹🇷🇹🇷🇹🇷🏩,0,2024-05-04T22:44:17Z,2024-05-04T22:44:17Z
UgyNHXw1-lFvV2kdX2t4AaABAg,,False,@vlogcuzeynep,Pls Türkiş konser İstanbul plse,0,2024-05-04T17:34:53Z,2024-05-04T17:34:53Z
UgyEETVgo6XdwTjtJip4AaABAg,,False,@Azimeulusoy,💜💜💜💜,0,2024-05-04T15:47:32Z,2024-05-04T15:47:32Z
Ugz7OJnVx4hATTh3-Sx4AaABAg,,False,@blink72,We nice blackpink,1,2024-05-04T05:45:36Z,2024-05-04T05:45:36Z
UgyTK7v6n6RSM48H0yF4AaABAg,,False,@배고파-i7f,❤,0,2024-05-03T11:11:52Z,2024-05-03T11:11:52Z
UgzQc31C5JvdSJfyV-J4AaABAg,,False,@ZellaCuago,The other t mobile have a ❤😊,0,2024-05-03T06:17:06Z,2024-05-03T06:17:06Z
UgwmwAQXeAwIcmiNt-d4AaABAg,,False,@urantsetsegbaasankhuu3349,❤❤❤❤❤❤❤❤,0,2024-05-03T05:22:01Z,2024-05-03T05:22:01Z
UgxJTYR3U9iQQfDjps94AaABAg,,False,@FernandoFloresRubio,아모 블랙핑크,1,2024-05-02T13:58:41Z,2024-05-02T13:58:41Z
UgwWeP1XYRXJABSAFht4AaABAg,,False,@MdShahbaz-qv6xb,❤❤❤❤❤,1,2024-05-01T07:40:17Z,2024-05-01T07:40:17Z
UgyQ_bmIaPNI1--7Zm14AaABAg,,False,@Kimisu1406,"BLACKPINK IS THE REVOLUTION✨
PROUD TO BE A BLINK!!!✨✨
BLINK FOREVER!!✨",0,2024-05-01T03:16:04Z,2024-05-01T03:16:04Z
UgwFKNQBRo-Ayvhnz_94AaABAg,,False,@Chaeswpy,"Blackpink 'Don't forget Turkey, we always support you🇹🇷",1,2024-04-30T20:09:35Z,2024-04-30T20:09:35Z
UgzZ1SCYLS4sbL6oWM14AaABAg,,False,@Smiling_7777,ヽ (Love'∀` Love) ノ❥❥❥❥❥❥,0,2024-04-30T18:34:32Z,2024-04-30T18:34:32Z
UgzWSYemK9cDZCZph3x4AaABAg,,False,@Thebestliderchan274,나는 로즈를 위한 정의를 원한다!,0,2024-04-30T16:01:27Z,2024-04-30T16:01:27Z
UgwtMUB_8A-N9DaJyJp4AaABAg,,False,@Mytellkingangla,"I love you 
 I love you 
  I love you 
   I love you 
    I love you 
     I love you 
      I love you  
       I love you 
        I love you 
         I love you 
          I love you 
           I love you 
            I love you 
             I love you 
              I love you 
               I love you 
                I love you 
                 I love you 
                  I love you 
                   I love 
                    I love you 
                     I love you 
                      I love you 
                       I love you 
                        I love you 
                         I love you 
                         I love you 
                         I love you 
                          I love you  
                          I love you 
                           I love you 
                               I love you 
                                I love you 
                                 I love you 
                                 I love you 
                                  I love you 
                                   I love you 
                                    I love you 
                                     I love you 
                                      I love you 
                                       I love you 
                                        I love you 
                                         I love you
                                          I love you                      
                                           I love you 
                                            I love you 
                                             I love you 
                                             I love you 
                                              I love you 
                                                I love you 
                                                 I love you 
                                                I love you 
                                               I love you 
                                             I love you 
                                           I love you 
                                         I love you 
                                       I love you 
                                     I love you 
                                  I love you 
                                I love you 
                              I love you 
                            I love you 
                          I love you 
                        I love you  
                      I love you  
                    I love you 
                  I love you 
                I love you 
              I love you 
            I love you 
         I love you 
       I love you 
     I love you 
   I love you
    I love you 
      I love you 
        I love you 
          I love you 
            I love you 
             I love you 
              I love you 
               I love you 
                I love you 
                 I love you 
                  I love you 
                   I love you 
                    I love you 
                     I love you 
                      I love you 
                       I love you 
                        I love you 
                         I love you 
                          I love you 
                           I love you 
                            I love you 
                             I love you 
                              I love you 
                               I love you 
                                I love you 
                                 I love you 
                                  I love you 
                                  I love you 
                                   I love you 
                                    I love you 
                                     I love you 
                                      I love you 
                                       I love you 
                                        I love you 
                                         I love you 
                                          I love you 
                                           I love you                        
                                            I love you 
                                             I love you
                                              I love you 
                                               I love you 
                                                I love you 
                                                 I love you 
                                                I love you 
                                               I love you 
                                              I love you 
                                            I love you 
                                          I love you 
                                         I love you 
                                       I love you 
                                    I love you 
                                  I love you 
                                I love you 
                              I love you 
                            I love you 
                          I love you 
                        I love you 
                      I love you 
                    I love you 
                  I love you 
               I love you 
             I love you 
           I love you 
         I love you 
       I love you 
     I love you 
   I love you 
 I love you 
I love you 
 I love you 
  I love you 
   I love you 
    I love you 
     I love you 
      I love you 
       I love you 
        I love you 
         I love you 
          I love you 
           I love you 
            I love you 
             I love you 
              I love you 
               I love you 
                I love you 
                 I love you 
                  I love you 
                   I love you 
                    I love you 
                     I love you 
                      I love you 
                       I love you 
                        I love you 
                         I love you 
                          I love you 
                           I love you 
                            I love you 
                             I love you 
                              I love you 
                               I love you 
                                I love you 
                                 I love you 
                                 I love you 
                                  I love you 
                                   I love you 
                                    I love you 
                                     I love you 
                                      I love you 
                                       I love you 
                                        I love you 
                                         I love you 
                                          I love you                        
                                           I love you 
                                            I love you
                                             I love you 
                                              I love you 
                                               I love you 
                                                I love you 
                                                 I love you 
                                                I love you 
                                               I love you 
                                             I love you 
                                           I love you 
                                         I love you 
                                       I love you 
                                     I love you 
                                  I love you 
                                I love you 
                              I love you 
                            I love you 
                          I love you 
                        I love you 
                      I love you 
                    I love you 
                  I love you 
                I love you 
              I love you 
            I love you 
         I love you 
       I love you 
     I love you 
   I love you
    I love you 
      I love you 
        I love you 
          I love you 
            I love you 
             I love you 
              I love you 
               I love you 
                I love you 
                 I love you 
                  I love you 
                   I love you 
                    I love you 
                     I love you 
                      I love you 
                       I love you 
                        I love you 
                         I love you 
                          I love you 
                           I love you 
                            I love you 
                             I love you 
                              I love you 
                               I love you 
                                I love you 
                                 I love you 
                                  I love you 
                                  I love you 
                                   I love you 
                                    I love you 
                                     I love you 
                                      I love you 
                                       I love you 
                                        I love you 
                                         I love you 
                                          I love you 
                                           I love you                        
                                            I love you 
                                             I love you
                                              I love you 
                                               I love you                                                                Infinite ♾️",0,2024-04-30T04:55:09Z,2024-04-30T04:55:09Z
UgyeccpgSLELdmLVz-l4AaABAg,,False,@MinWai-oy1yn,❤❤❤,0,2024-04-30T02:50:12Z,2024-04-30T02:50:12Z
Ugz4I8CYl3PFoSv-a5F4AaABAg,,False,@Z_diary173,Blackpink I looooooove you 🤩🤩🤩🤩,1,2024-04-29T10:08:40Z,2024-04-29T10:08:40Z
UgwqxOBCaZDkgJo8xOl4AaABAg,,False,@paxlavonabdupattoyev8844,Rose❤lisa❤,0,2024-04-29T08:16:31Z,2024-04-29T08:16:31Z
UgzHIkQjQfBavMYxGQN4AaABAg,,False,@Blackpink.Officalls,You QUEENS BLACKPİNK,0,2024-04-28T15:46:17Z,2024-04-28T15:46:17Z
UgyNJmLmXirTIWTcZtp4AaABAg,,False,@VirginieCamus-s8e,On dirait un animé,0,2024-04-28T13:47:15Z,2024-04-28T13:47:15Z
Ugxi5cKzfAf8USlvBfd4AaABAg,,False,@ZadaLukovic,우리는 항상 블랙핑크와 함께 할 것이고 그 누구도 당신을 능가할 수 없을 것입니다. 왜냐하면 당신은 우리에게 가장 중요하기 때문입니다. 🖤💓,0,2024-04-27T17:53:52Z,2024-04-27T17:53:52Z
UgzWiFKF-RPnpKd9fqF4AaABAg,,False,@Emii_vmo,FAZ TOUR NO BRASIL POR FAVORR🇧🇷😭😭,1,2024-04-27T16:14:45Z,2024-04-27T16:14:45Z
UgwBO4lPcybTq5QVkwV4AaABAg,,False,@lisbethbruun846,🥰🥰🥰🥰🥰 CUTE,0,2024-04-27T15:54:05Z,2024-04-27T15:54:05Z
Ugx4Tfn5YznQx_m2I8d4AaABAg,,False,@TamellaHuseynova-z9r,AZERBAYCANLİYİQ,0,2024-04-26T17:51:43Z,2024-04-26T17:51:43Z
UgxofKemeRSY3jAGIE94AaABAg,,False,@Tazizul-zo2qe,I'm a fan,0,2024-04-26T14:33:35Z,2024-04-26T14:33:35Z
Ugw6-3DydHhSwwfTnfB4AaABAg,,False,@RaghadDaher-dg1ks,Who Love BLACK PInk❤❤👇,1,2024-04-26T13:04:19Z,2024-04-26T13:04:19Z
UgyA1ACQyyz8r7SRBSp4AaABAg,,False,@dollyvishwakarma7251,So cute😊😊,1,2024-04-26T12:42:32Z,2024-04-26T12:42:32Z
Ugw8yOhQiZGVIttZ7oF4AaABAg,,False,@RolandZuniga-yr2zh,I LOVE YOU JISOO AT JENI AT LISA AT ROSE😭😭😭,0,2024-04-26T08:48:20Z,2024-04-26T08:48:20Z
UgzZOZePpVcSFtr4irp4AaABAg,,False,@MafiaQueenHot,Love u for ever blackpink ❤ BLINK ❤🎉❤🎉❤,0,2024-04-25T19:03:12Z,2024-04-25T19:03:12Z
UgzdWP8V69BnFwq15Kt4AaABAg,,False,@Aisha22358,i love you black pink,0,2024-04-25T09:53:51Z,2024-04-25T09:53:51Z
UgyeYzUDItrZFO7_AI54AaABAg,,False,@munibakhan-du2bj,Blackpink ❤❤❤,1,2024-04-25T08:57:09Z,2024-04-25T08:57:09Z
UgzJfY93-bA89zQPUaJ4AaABAg,,False,@yummyyujin,BLACKPINK OUR QUEENS SSS💗💗💗💗❗❗❗,0,2024-04-25T08:23:08Z,2024-04-25T08:23:08Z
Ugz3dJ7CBawJmuSDMbF4AaABAg,,False,@amybolanos6885,❤,0,2024-04-25T03:32:25Z,2024-04-25T03:32:25Z
UgzdWZgrIS0i0uIKZ614AaABAg,,False,@saonikamejbahaojora,I loved,0,2024-04-24T15:31:22Z,2024-04-24T15:31:22Z
UgwqXFh_yQ01-T7SKzl4AaABAg,,False,@luciepajolec4935,Hé is so cute,0,2024-04-24T10:32:32Z,2024-04-24T10:32:32Z
UgwArIAjalCQ-mG5twF4AaABAg,,False,@Chaennie-Best_Shiptir,BLACKPINK İN YOUR AREA!❤‍🔥,0,2024-04-24T07:45:58Z,2024-04-24T07:45:58Z
UgzztMFi4FvE3HtByTl4AaABAg,,False,@ME_LOVE12,❤❤❤❤❤❤❤❤❤❤❤❤❤❤❤❤❤❤,0,2024-04-23T18:22:03Z,2024-04-23T18:22:03Z
Ugy64hnRkUp-Pic_Aw14AaABAg,,False,@denizerdogan2138,Princesses are backkk❤❤❤❤,0,2024-04-23T16:58:02Z,2024-04-23T16:58:02Z
UgymRh7vVZ8NIemQ8B94AaABAg,,False,@mehmetisit,So cuteeee ❤,0,2024-04-23T13:26:17Z,2024-04-23T13:26:17Z
UgzfEcJnh5-PhHVhDQJ4AaABAg,,False,@mychoiceallinone5776,Please come to India🇮🇳,1,2024-04-23T07:27:07Z,2024-04-23T07:27:07Z
Ugzl8r-JuZBUc51C-Fx4AaABAg,,False,@AagrimaChamoli,I love you Rose 🌹,0,2024-04-23T05:54:32Z,2024-04-23T05:54:32Z
Ugw0JSkySbn1X42--bV4AaABAg,,False,@Elila_kittyss,"Hello, I'm Blink and I love you so much. I love Rose, Lisa, Jennie and Jisoo. I want to come to your concerts and I'm also from Turkey.",0,2024-04-22T16:59:03Z,2024-04-22T16:59:03Z
UgwNSlEOZngDPpBU1K54AaABAg,,False,@TheNinsteele,It's not Blackpink it's 🖤BLΛƆKPIИK💗,0,2024-04-22T02:06:59Z,2024-04-22T02:06:59Z
UgyUuLkEtuEIJ3SgDg54AaABAg,,False,@seminciik,PLASE BLACKPINK COMEBACK,0,2024-04-21T21:30:02Z,2024-04-21T21:30:02Z
Ugx7vJ_g1Pvi7wS8evt4AaABAg,,False,@mariajosepedraza6687,I love blackpink I am from colombia ❤❤ I love blackpink I am Blink forever ❤❤❤❤,0,2024-04-21T19:25:54Z,2024-04-21T19:25:54Z
UgyYK6LqUxBLABpuyct4AaABAg,,False,@K-popAngela,Blackpink IN UR area 💥💥💥💥,0,2024-04-21T12:52:39Z,2024-04-21T12:52:39Z
Ugz7-5qgEstbjJuA9ld4AaABAg,,False,@МамлакатхонЖалилова,Bokey,1,2024-04-21T12:47:40Z,2024-04-21T12:47:40Z
UgyDbSRt_cTQHTFC6c54AaABAg,,False,@Lisa-m-x1k,❤,0,2024-04-21T08:19:55Z,2024-04-21T08:19:55Z
UgxmSLBJ0PgNUoEKRvx4AaABAg,,False,@Lisa-m-x1k,Lisa❤❤❤❤❤,0,2024-04-21T08:19:51Z,2024-04-21T08:19:51Z
UgzO6gHG9Qm3LzoiJVd4AaABAg,,False,@Lisa-m-x1k,Blackpink❤❤❤,0,2024-04-21T08:19:44Z,2024-04-21T08:19:44Z
UgyRiW2cbAk5Mbiwxmd4AaABAg,,False,@Динара-т9в,🩷🖤I love you BLACK pink,1,2024-04-21T07:04:22Z,2024-04-21T07:06:03Z
Ugx9QCtUNOUHvwzvoRx4AaABAg,,False,@tiannaabram2837,Blackpink in your area,1,2024-04-21T02:30:46Z,2024-04-21T02:30:46Z
UgwfFhDmUJEQJCAm8UV4AaABAg,,False,@muliyanialena4817,😊mimut😊❤,0,2024-04-20T23:08:45Z,2024-04-20T23:08:45Z
UgwfFhDmUJEQJCAm8UV4AaABAg.A2T_ifyL107A2T_m0TK70f,UgwfFhDmUJEQJCAm8UV4AaABAg,True,@muliyanialena4817,Imut,0,2024-04-20T23:09:13Z,2024-04-20T23:09:13Z
Ugx9XDFVnghMJOndH-V4AaABAg,,False,@ErikaPytlounova,"Soo Love blackpink hi BLACKPINK
 loke me blackpink love love love love love love😚😚😚😚😚🤩",0,2024-04-20T18:13:07Z,2024-07-09T10:28:17Z
UgwhrlrdzOqpltDII4Z4AaABAg,,False,@Islandss986,My name is blink❤,0,2024-04-20T16:56:33Z,2024-04-20T16:56:33Z
UgzAFPLWf3l2k9LB3OR4AaABAg,,False,@mariamali3783,나는 블랙핑크의 노래와 춤을 모두 외웠다. ❤❤❤❤❤❤❤,1,2024-04-20T16:01:38Z,2024-04-20T16:01:38Z
Ugwb-24hojKevWtAcqF4AaABAg,,False,@AleenaAlli,우리 QUEENS OF KPOP이 그리워요❤😢❤,0,2024-04-20T14:05:00Z,2024-04-20T14:05:00Z
Ugwnqnr7nLfiQVuXHi94AaABAg,,False,@babluansari9997,Hello blackpink,0,2024-04-20T10:52:31Z,2024-04-20T10:52:31Z
Ugy-zWMS9G8yhOGSLJ94AaABAg,,False,@Almabelle_09,Roseblackpink,0,2024-04-19T23:56:23Z,2024-04-19T23:56:23Z
Ugzs-9yirQDH5aYSR0h4AaABAg,,False,@Queenninixs2,Blackpink please new music,1,2024-04-19T15:59:44Z,2024-04-19T15:59:44Z
UgzV379PJpMUByhtlj94AaABAg,,False,@rohannayar242,Blink 4  life 🩷🖤,0,2024-04-19T10:35:15Z,2024-04-19T10:35:15Z
UgyZ8Xu163-b7ugooSp4AaABAg,,False,@Soft_lisoo224,Lisa❤❤❤❤❤,0,2024-04-18T22:37:55Z,2024-04-18T22:37:55Z
UgxxRCaVFzRYqg_DorN4AaABAg,,False,@vanegasgarcia7838,"We really need a COMEBACK
Ahhhhhh",0,2024-04-18T19:46:05Z,2024-04-18T19:46:05Z
UgyOtvn03aLpR-N6ocB4AaABAg,,False,@buitrang67,cute❤️❤️❤️❤️❤️❤️❤️❤️❤️❤️❤️❤️❤️❤️❤️❤️❤️❤️❤️❤️❤️❤️I love blackpink,0,2024-04-18T16:51:18Z,2024-04-18T16:51:18Z
Ugw8qDzo6-0VE_ybeFp4AaABAg,,False,@Nafff_11,"WE NEED A COMEBACK BLACKPINK 🔥🔥🔥 ilove you  ROSE, JISOO JENIEE LISA 🖤💗🖤💗🖤💗🖤💗",0,2024-04-18T14:03:49Z,2024-04-18T14:03:49Z
Ugxb_cJGx4u6Rx5KvnF4AaABAg,,False,@aparnawazkar1452,Black pink you are the best 😎💕🖤🩷🖤,0,2024-04-18T11:55:30Z,2024-04-18T11:55:30Z
UgwKaMk-whbZPdiNBCt4AaABAg,,False,@daisygogoi2846,ʙʟᴀᴄᴋᴩɪɴᴋ  ɪ ʟᴏᴠᴇ yᴏᴜ❤❤❤❤❤❤❤,0,2024-04-18T04:46:37Z,2024-04-18T04:46:37Z
UgwiXj3eKzlto5AAma54AaABAg,,False,@Ravzasy,May Blackpink never end,0,2024-04-17T15:22:30Z,2024-04-17T15:22:30Z
UgxaKZ1m9qNvwkXdZbB4AaABAg,,False,@sabirahmed949,I miss you black pink ❤❤❤😢,0,2024-04-17T07:31:22Z,2024-04-17T07:31:22Z
UgzNGnT6QTHTZh1Cbyp4AaABAg,,False,@unknownjk100,I love BLACKPINK so much I’m so obsessed ❤️❤️❤️😘😘😘❤️,1,2024-04-16T18:28:12Z,2024-04-16T18:28:12Z
UgwHifwQsM_c_z1FRUN4AaABAg,,False,@kenanhd7922,So cute❤❤❤,1,2024-04-16T15:48:15Z,2024-04-16T15:48:15Z
UgxJ0-VSCLaojVwxgm14AaABAg,,False,@saintsora,I actually love yall,0,2024-04-16T02:02:08Z,2024-04-16T02:02:08Z
Ugz5Hq1-oppWDeFs4MN4AaABAg,,False,@sananalishah1676,l love black pink 😮😮😮,0,2024-04-15T19:53:44Z,2024-04-15T19:53:44Z
UgzPCjq33P8Vhxt0bd94AaABAg,,False,@Jenniexxruby_xoxo,"블랙핑크, 컴백이 필요해 ❤ I love BLACKPINK ❤❤❤ 🇮🇳🇮🇳🇮🇳🇮🇳🇮🇳🇮🇳💜💜💜💜",6,2024-04-15T19:25:54Z,2024-04-15T19:25:54Z
UgzPCjq33P8Vhxt0bd94AaABAg.A2GJF4kjK5xA6wtgtkwvHo,UgzPCjq33P8Vhxt0bd94AaABAg,True,@Jenniexxruby_xoxo,@OODLIVER_ENTERTAINMENT  👀✨💖,1,2024-08-10T03:46:04Z,2024-08-10T03:46:04Z
UgxlLsIeekTCq8jCjRh4AaABAg,,False,@Swiftiesforlife13.,I'M MISSING YALL SO MUCH🖤💗,0,2024-04-15T17:10:34Z,2024-04-15T17:10:34Z
Ugy507eoQz93ExHapex4AaABAg,,False,@raidashari,Blackqinkhatterblackqinkass🎉😮🎉,0,2024-04-15T13:00:40Z,2024-04-15T13:00:40Z
UgxKOCpasgT4OKtEkMB4AaABAg,,False,@mayadh9802,블랙핑크가 영원히 곁에 있었으면 블랙핑크가 영원히 곁에 있었으면 좋겠어요. 👍🏻😢💖,0,2024-04-15T01:11:15Z,2024-04-15T01:11:15Z
UgwWoSOt5UGAHnOE3GZ4AaABAg,,False,@berryvlogdd,7\24 blakpink dance,0,2024-04-14T21:27:01Z,2024-04-14T21:27:01Z
Ugw8w5ffVlTQI_awsR94AaABAg,,False,@PauloLaizer-b7g,I'm waiting for ur comeback so. Come quick❤❤❤❤❤❤❤,7,2024-04-14T18:31:35Z,2024-04-14T18:31:35Z
Ugwfv_LTbozK2iQqKwl4AaABAg,,False,@yasirmuhammad6184,I hate blackpink,0,2024-04-14T16:18:52Z,2024-04-14T16:18:52Z
Ugwfv_LTbozK2iQqKwl4AaABAg.A2DP2IJEQzDA2DRwjALaal,Ugwfv_LTbozK2iQqKwl4AaABAg,True,@ayeshayasir3103,And they don't even know that you exist😂😂,0,2024-04-14T16:44:11Z,2024-04-14T16:44:11Z
Ugzum7o9R6PLTtw8et14AaABAg,,False,@ManishapriyadarsiniNaik-j9g,We really need a come back of these queens 😭,0,2024-04-14T15:02:41Z,2024-04-14T15:02:41Z
UgzDZbAcWtGUCMDubDR4AaABAg,,False,@Stayblink_67,"Hello Blackpink, I love you very much. I am a huge fan of yours. I have been listening to your songs with pleasure since I was 4 years old.

I LOVE YOU
 I LOVE YOU
   I LOVE YOU
     I LOVE YOU
       I LOVE YOU
         I LOVE YOU
           I LOVE YOU
BLACKPINK IN YOUR AREA
I FROM TURKEY
  I LOVE YOU
   I LOVE YOU",0,2024-04-14T11:06:46Z,2024-04-14T11:06:57Z
UgxHlhDndfzkqpfc5tR4AaABAg,,False,@Monisansari09,Blackpink comeback we are waiting our queens 👑❤❤,0,2024-04-14T04:32:36Z,2024-04-14T04:32:36Z
UgzY0YQmRsECBhF-3RN4AaABAg,,False,@dimitramarouli619,THIS IS A SIGN FROM BLACKPINK TO US THEY COME BACK!!!!!❤❤❤❤,52,2024-04-13T16:56:37Z,2024-04-13T16:56:37Z
UgzY0YQmRsECBhF-3RN4AaABAg.A2AtZsw5x8_A941cnKB7Qz,UgzY0YQmRsECBhF-3RN4AaABAg,True,@ImSkylerBradshawYT,Ong,1,2024-10-02T00:40:52Z,2024-10-02T00:40:52Z
UgzY0YQmRsECBhF-3RN4AaABAg.A2AtZsw5x8_AB39j2dJdU8,UgzY0YQmRsECBhF-3RN4AaABAg,True,@K-poper_In-truth,But they've always been here!,0,2024-11-20T09:35:10Z,2024-11-20T09:35:10Z
UgzY0YQmRsECBhF-3RN4AaABAg.A2AtZsw5x8_AEIJsx2IRl7,UgzY0YQmRsECBhF-3RN4AaABAg,True,@HumaDurumm,🎉🎉,0,2025-02-08T20:26:42Z,2025-02-08T20:26:42Z
UgzY0YQmRsECBhF-3RN4AaABAg.A2AtZsw5x8_AEXJvonQ-nS,UgzY0YQmRsECBhF-3RN4AaABAg,True,@nazlinomar7071,Yaaayyy I miss them so mucv :(,0,2025-02-14T16:15:41Z,2025-02-14T16:15:41Z
UgzY0YQmRsECBhF-3RN4AaABAg.A2AtZsw5x8_AGUsSsv5amK,UgzY0YQmRsECBhF-3RN4AaABAg,True,@Attique-o5g,"⠀   ﾍ^ヽ､　 /⌒､　　_,_
　 |　　￣7　 (⌒r⌒7/
　 レ　　　＼_/￣＼_｣
＿/　　　　　　　　 {
_ﾌ　●　　　　　　　ゝ
_人　　　ο　　●　 ナ
　 `ト､＿　　　　　メ
　　　 /　 ￣ ーィﾞ
　　 〈ﾟ･｡｡｡･ﾟ 　丶",0,2025-04-04T10:31:15Z,2025-04-04T10:31:15Z
UgyJsvA7E20gBkahuX94AaABAg,,False,@mariantou2011,❤❤❤❤,0,2024-04-13T16:14:55Z,2024-04-13T16:14:55Z
Ugz8GE5TUT_0scHhkFd4AaABAg,,False,@beboncutetn,Wow cute 🥰🥰🥰,0,2024-04-13T14:36:17Z,2024-04-13T14:36:17Z
Ugw5lpLepy7KwqgEhit4AaABAg,,False,@Winte123-f4f,why do people hate them so much thier litterally one of the most hardworkiing groups,0,2024-04-13T13:18:19Z,2024-04-13T13:18:19Z
UgwNZ4WoofykPDoTrTR4AaABAg,,False,@subhajarin-q4c,🎉 cute,0,2024-04-13T12:00:01Z,2024-04-13T12:00:01Z
UgzbWio6y7-QDEDPHOd4AaABAg,,False,@ТтттТтт-р1в,Clip please 🙏🙏🙏,1,2024-04-13T10:21:12Z,2024-04-13T10:21:12Z
UgwS46zyXFHrp42U9l94AaABAg,,False,@Capybaraslover7,Rose's voice is amazing,0,2024-04-13T08:08:33Z,2024-04-13T08:08:33Z
UgxItZuoi5aoeAfWvqJ4AaABAg,,False,@MagdalenaWinkowska-q2s,I LOVE YOU LISA,0,2024-04-13T08:06:03Z,2024-04-13T08:06:03Z
UgyKnmMuFLjFqBFBZ9J4AaABAg,,False,@SengulHasozerr,BBBBLLLLAAAAKKKK PPPPİİİİNNNNKKKK,0,2024-04-12T18:24:33Z,2024-04-12T18:24:33Z
Ugy8y0Xv7qGy3skKcO54AaABAg,,False,@Isha_bhattacharyaya,I miss our queens 💝,0,2024-04-12T18:04:56Z,2024-04-12T18:04:56Z
Ugw35M3oE20O3eDSqXh4AaABAg,,False,@amitraosonu7199,블랙핑크의 컴백을 기대합니다 💕 블랙핑크의 컴백을 기대합니다 💕,0,2024-04-12T12:08:43Z,2024-04-12T12:08:43Z
UgwIwmlK21dMow8bwBJ4AaABAg,,False,@Softjenniesw,Yirumumu sabitkeyinnn bılack pink,0,2024-04-12T10:23:37Z,2024-04-12T10:23:37Z
UgzemM1RbDiaFCrqVKt4AaABAg,,False,@tasnuvarahim3453,BLINKS NEED A COMEBACK,0,2024-04-12T10:05:00Z,2024-04-12T10:05:00Z
UgyjsJ27vjEUtZZGYsJ4AaABAg,,False,@rabhiredouane5539,😂❤❤😂,0,2024-04-12T09:04:48Z,2024-04-12T09:04:48Z
UgwzVmhpAO-DeNKhYcV4AaABAg,,False,@SELOSCUK,I LOVEEEE❤❤❤,1,2024-04-12T07:46:30Z,2024-04-12T07:46:30Z
UgyWTw_Hga5LvnL7ZPN4AaABAg,,False,@Jisoowqxxsoyaa,I Love You blackpink,0,2024-04-11T11:51:44Z,2024-04-11T11:51:44Z
UgwMVvJb8hDXORsz1-B4AaABAg,,False,@Jisoowqxxsoyaa,I Love You blackpink,0,2024-04-11T11:51:19Z,2024-04-11T11:51:19Z
Ugy5bq-xtnPeXWuzBJl4AaABAg,,False,@aesthetic._.khushi751,BLACKPINK PLEASE COME IN INDIA PLEASE,0,2024-04-11T09:14:21Z,2024-04-11T09:14:21Z
UgyRd13Utv6IMTJDeLZ4AaABAg,,False,@VinodKumar-ne9he,WE WANT COMEBACK,0,2024-04-11T08:28:59Z,2024-04-11T08:28:59Z
Ugys5te98HLzWSMxzdB4AaABAg,,False,@kamalammat261,Comeback,0,2024-04-11T07:49:49Z,2024-04-11T07:49:49Z
UgwbbBuZk6DEV0YpV9p4AaABAg,,False,@А.а-щ4щ,I love you Black Pink 😭😭😭😭😭💔💔💗💗💗💗💗💗💗💗💗💗💗💗💗💗💋💋💋💋💋💋💋💋💋💋💋🥲,0,2024-04-10T17:50:39Z,2024-04-10T17:50:39Z
Ugy91D5g2dSQpl_t9194AaABAg,,False,@denaandlayanmaaitah2372,Love (balck pink)❤❤❤,1,2024-04-10T17:43:03Z,2024-04-10T17:43:03Z
UgyRSbVsgj3KfsaqpJN4AaABAg,,False,@Im_fOive870,Best animation ever like if anime had kpop in it  would be one of the best animes,1,2024-04-10T17:33:37Z,2024-04-10T17:33:37Z
UgxfCsYalWHFx66Vk7x4AaABAg,,False,@Aarohi_gamingxop,Wow so cute love u too black pink ❤❤,1,2024-04-10T16:32:24Z,2024-04-10T16:32:24Z
UgwJYICgZ0ZjUWoxklh4AaABAg,,False,@monikarana369,I love you black pink,0,2024-04-10T08:34:11Z,2024-04-10T08:34:11Z
UgwyaKKcZ0mOhvDzaNB4AaABAg,,False,@Soft_lisoo224,Lisaaaaa❤,0,2024-04-10T02:08:31Z,2024-04-10T02:08:31Z
Ugxvi7keOUDgFj-2kip4AaABAg,,False,@XBenNisa,"안녕하세요, 정말 사랑합니다. 만나고 싶습니다. 저는 한국을 매우 사랑하는 터키 시민입니다. 당신은 우리의 자매국입니다. 우리는 당신을 정말 사랑합니다. 당신은 일본인이든 중국인이든 상관없습니다. 사랑해요 블랙핑크 BTS Korean pop u.
우리는 너무 많이 사랑한다",0,2024-04-09T11:10:43Z,2024-04-09T11:10:43Z
UgxpG3hh1xjCCYaEwb14AaABAg,,False,@ChandraV-n4p,"Hi I am Aishwarya I am a mental of you and my friend also the name also Aishwarya we two are mentle of you my favorite dance. Boombaya I know 3 dance in . Blackpink they are du ddu du , boombaya , and jisso flower.❤❤❤❤❤❤❤❤❤❤❤❤❤❤❤❤❤❤❤❤❤❤❤❤❤❤❤❤❤❤❤❤❤❤❤❤❤❤❤❤❤❤❤❤❤❤❤❤❤❤❤❤❤❤❤❤❤❤❤❤❤❤❤❤❤❤❤❤❤❤❤❤❤❤❤❤❤❤❤❤❤❤❤❤❤❤❤❤❤❤❤❤❤❤❤",0,2024-04-09T06:23:30Z,2024-04-09T06:23:30Z
UgwB36jNyy55T3noPCt4AaABAg,,False,@Asel-nq8jz,"I love you LİSA,JİSOO,ROSE and JENNİE",0,2024-04-08T20:07:45Z,2024-04-08T20:07:45Z
UgxG8Es3Tz9s0rBywRN4AaABAg,,False,@indusinghthakuri,Queens comeback🎉❤,1,2024-04-08T17:00:40Z,2024-04-08T17:00:40Z
Ugx08Lf8WxmCDmdEb8t4AaABAg,,False,@renatabrito8644,Please return😢 i love you,1,2024-04-08T15:31:53Z,2024-04-08T15:31:53Z
Ugz_nM6qJxM4GFqK3tJ4AaABAg,,False,@SumaiyaSultan-xn5so,Omg black pink is the best ❤,0,2024-04-08T08:26:03Z,2024-04-08T08:26:03Z
UgyrVjUzlWRZmVBmJSh4AaABAg,,False,@learningabcd3355,We need a comeback🙌👇,1,2024-04-08T06:18:27Z,2024-04-08T06:18:27Z
UgxMuBhApltm03CVw3x4AaABAg,,False,@diemmy4417,Chúng tôi cần comeback chứ kh phải mấy cái này,0,2024-04-08T02:59:07Z,2024-04-08T02:59:07Z
UgwMz8AeMZtxmBZCpy54AaABAg,,False,@elizabetegoncalves9301,Que lindo e fofo ❤❤❤❤,0,2024-04-08T00:54:41Z,2024-04-08T00:54:56Z
UgylqTzRb0gnMf5JUK54AaABAg,,False,@ВаРвАрА-с3щ6н,Cute❤,0,2024-04-07T19:33:23Z,2024-04-07T19:33:23Z
UgzMrc14nU5dWtn1MRF4AaABAg,,False,@Tocalifekingfamiliy,BLACKPINK ❤❤❤❤❤❤❤❤❤❤hiiiiiiiii,0,2024-04-07T19:03:49Z,2024-04-07T19:03:49Z
UgyD8FFTcFtfhKGT9Bp4AaABAg,,False,@Blin570,Black pink in your area,0,2024-04-07T17:19:00Z,2024-04-07T17:19:00Z
UgxlkTRueh08jeXoxX14AaABAg,,False,@sunishkajha2066,We need a comeback 🔥 🔥🔥,0,2024-04-07T14:29:38Z,2024-04-07T14:29:38Z
UgxjDJLp9VUMtiPkDS54AaABAg,,False,@AlepChang-lc2dv,🖤BLIИK💗 I miss you please come back  we are love you my blink😩🥺😊😊,1,2024-04-07T14:09:49Z,2024-04-07T14:09:49Z
UgxlO4uf3qO5F6USSrR4AaABAg,,False,@Günay_editisss_kapandı,Blackpink❤Jennie❤Jisoo❤Lisa❤Rose❤❤❤❤,0,2024-04-07T12:11:48Z,2024-04-07T12:11:48Z
UgyE3qNxkuENKkrtp6F4AaABAg,,False,@aytensiraliyeva4080,Blink comeback,0,2024-04-07T11:06:23Z,2024-04-07T11:06:23Z
Ugxp5UZXza0m8F4IX6p4AaABAg,,False,@friliaporajow1823,Idikk❤kkk😊,0,2024-04-07T10:17:37Z,2024-04-07T10:17:37Z
Ugzd5FpT4NO3UKbRfH14AaABAg,,False,@khushbu2151,I'm so proud of you BLACK PINK 🖤💕,0,2024-04-07T07:53:27Z,2024-04-07T07:53:27Z
Ugz9rXwMwkKX2xhmdvh4AaABAg,,False,@leeknows_linows,I wish I were that sweet little thing….,0,2024-04-07T07:42:10Z,2024-04-07T07:42:10Z
UgzTeWfitP82-9yW7sR4AaABAg,,False,@Aboud-n7d,"I love you, Blackpink. You are my favorite band. I hope you respond to my comment. I will be happy and I will never forget this moment for the rest of my life. Thank you and continue. You are the famous, beautiful, wonderful and luxurious band!💗",1,2024-04-06T21:56:54Z,2024-04-06T21:56:54Z
UgyccMhKmcHr2sG96ld4AaABAg,,False,@kim_samelea,❤❤❤❤❤❤❤❤❤😹😹😹😹😹😹😹😹,0,2024-04-06T21:20:06Z,2024-04-06T21:20:06Z
UgyHNYXTzH0zqsn2z8N4AaABAg,,False,@Dariafp,I love ı love ılove🖤💗🖤💗🖤💗🖤,1,2024-04-06T12:11:03Z,2024-04-06T12:11:03Z
Ugx087-Mp8YcR-Rm2vZ4AaABAg,,False,@minamiralay7535,best gril grup BLACKPİNK💓💓🖤💓🖤🖤🖤🖤,0,2024-04-06T10:40:14Z,2024-04-06T10:40:14Z
Ugw1YBXSvvVL59Q98Jt4AaABAg,,False,@Troll-horror,"Black pink =🤡💩
BTS=🤡💩",0,2024-04-06T10:24:39Z,2024-04-06T10:24:39Z
Ugxeb1KoNYxHWLjUXSF4AaABAg,,False,@HienNguyen-yb1tq,So cute❤,0,2024-04-06T09:59:42Z,2024-04-06T09:59:42Z
UgwtM6UoAQXt4J9Gg9p4AaABAg,,False,@uzmafirdausi,Please come India Lisa and rose,0,2024-04-06T09:38:28Z,2024-04-06T09:38:28Z
Ugym2-atNWmpMwwZCwN4AaABAg,,False,@super_a_mina,❤❤❤❤,0,2024-04-06T08:30:01Z,2024-04-06T08:30:01Z
Ugz9visx3oYyl6Xjelx4AaABAg,,False,@DimaAlsaied,Friday,0,2024-04-05T19:30:17Z,2024-04-05T19:30:17Z
UgyU8lLQkx5xTYv8xHV4AaABAg,,False,@بلاكبينك_حارقين_كارهينهم,Lisa l love you so much 💛💛💛💛💛,0,2024-04-05T16:58:19Z,2024-04-05T16:58:19Z
UgzrUpTFHacYcfvxVmp4AaABAg,,False,@بلاكبينك_حارقين_كارهينهم,"WE ARE WATING  YOUR COME BACK
BLACK PINK QUEEN OF THE K-POP",0,2024-04-05T16:57:54Z,2024-04-05T16:57:54Z
UgyzWxQZkMWxxV1061h4AaABAg,,False,@Nehalmodi1980,I  love  you   ❤🧡💛💚💙💜💕💓💞💗💖💖💝💘🌷🌸💮🌺🌹⚘🎟🌌🌈🈂️🈷️🈶️🈯️🉐️🈹️🈚️🈲️🉑️🈸️🈴️🈳️㊙️㊗️㊙️🈺️🈵️      I      am   from  INDIA,0,2024-04-05T15:00:55Z,2024-04-05T15:00:55Z
UgxjKx_5fgYt9H2um-d4AaABAg,,False,@pralhadsonar46,Love you black pink 💞💞💞,1,2024-04-05T08:26:01Z,2024-04-05T08:26:01Z
UgxcezjG3Ds6pTj0m4Z4AaABAg,,False,@osvaldoalmonte137,❤❤❤❤❤😊,0,2024-04-04T23:50:21Z,2024-04-04T23:50:21Z
UgzRUwF5ttO-BPMqqIB4AaABAg,,False,@emilyka1068,"Who miss them?
👇",0,2024-04-04T14:14:04Z,2024-04-04T14:14:04Z
UgzVKfssmn73ztzYGw94AaABAg,,False,@shibeenaramlabeevi9198,WE NEED A COMBACK,0,2024-04-04T11:58:51Z,2024-04-04T11:58:51Z
UgyFUYzxNJXaNXhKL9t4AaABAg,,False,@jahedabegum124,Miss you 4 Queen's ❤️🇧🇩,1,2024-04-04T09:11:32Z,2024-04-04T09:11:32Z
Ugymu8C8vb-BNszh5-Z4AaABAg,,False,@Yuna-u5y,Merhabalar ben  bir türküm(söylememe gerek yoktu ama neyse),0,2024-04-04T07:35:03Z,2024-04-04T07:35:28Z
Ugwa_rHH40a4w4Wrezt4AaABAg,,False,@MoomMooneunwoo,ِ,0,2024-04-04T04:09:25Z,2024-04-04T04:09:25Z
UgyjqvDnADZeGBriUUB4AaABAg,,False,@MoomMooneunwoo,ِ,0,2024-04-04T04:09:12Z,2024-04-04T04:09:12Z
UgzuUhwpWoKVVKCd9WJ4AaABAg,,False,@mak__12340,와 블랙핑크 손가락 너무 멋지네요 저는 이라크 출신이에요 인사드립니다 저는 무슬림인데 인사 좀 해주세요.,0,2024-04-03T16:35:16Z,2024-04-03T16:35:16Z
UgwGmLn3mLgZIV8RGh94AaABAg,,False,@prajactasawant3044,We  need a come back,0,2024-04-03T16:31:52Z,2024-04-03T16:31:52Z
Ugx--30xkVX7WcKGs_V4AaABAg,,False,@choiyaa-269,"JENNİE
           LİSA
                   ROSE
                             JİSOO
                                        LETS GOOO 
                                                            KİM Jİ-SOO
                                                                               KİM JENNİE
🩵🩵🩵🩵🩵🩵🩵🩵🩵🩵🩵🩵🩵🩵🩵🩵🩵🩵🩵🩵🩵🩵🩵🩵🩵🩵🩵🩵🩵🩵🩵🩵🩵🩵🩵🩵🩵🩵🩵🩵🩵🩵🩵🩵🩵🩵🩵🩵🩵🩵🩵🩵🩵🩵🩵🩵🩵🩵🩵🩵🩵🩵🩵🩵🩵🩵        🩵🩵🩵🩵🩵🩵🩵🩵🩵🩵🩵🩵🩵🩵🩵🩵🩵🩵🩵🩵🩵🩵🩵🩵🩵🩵🩵🩵🩵🩵🩵🩵🩵🩵🩵🩵🩵",0,2024-04-02T18:58:41Z,2024-04-02T18:58:41Z
UgxI827wU9mffZTuVjN4AaABAg,,False,@erdemerdem616,🎉🎉,0,2024-04-02T18:26:52Z,2024-04-02T18:26:52Z
Ugz8L0ecLRLf9b11wHl4AaABAg,,False,@Giagiumia-f2y,블락핑크 사랑해 ee 나는 이탈리안이고 로제 생일 축하해,0,2024-04-02T13:25:08Z,2024-04-02T13:25:08Z
UgxjwwuGxTCrdjMSFQN4AaABAg,,False,@ayisha-vj8ds,Missu very #4 cute ❤ girl,0,2024-04-02T03:49:23Z,2024-04-02T03:49:23Z
UgwUg-jzVJhAH6n2udd4AaABAg,,False,@PauletteMilenaLainezRamirez,I Love you ❤❤❤❤❤❤ ❤❤❤❤❤❤blackpin💋💋💋💋💋💘❤💓💔💕💖💗💙💚💛🧡💜🖤💝💞💟❣💌💋💋💋💋💋💋💋💋💋,0,2024-04-01T21:48:29Z,2024-04-01T21:48:29Z
UgwA2k84Pq0dTkTyuUZ4AaABAg,,False,@gultentoray9609,all blinks song waiting come on blackpink,0,2024-04-01T17:46:30Z,2024-04-01T17:46:30Z
Ugx6oj7eIUG07ywUP4Z4AaABAg,,False,@gultentoray9609,Şarkı bekliyoruz,0,2024-04-01T17:45:25Z,2024-04-01T17:45:25Z
UgzTW_GR3v9dgUlywMF4AaABAg,,False,@NswerfromMixxtopia-ei4pd,"proud to be a blink





BP paved the way go cry about it",0,2024-04-01T14:12:17Z,2024-04-01T14:12:17Z
UgzW212h-GcIYpHhEO94AaABAg,,False,@Srija_trending,Love you so much black pink💕💕💕💕💕,0,2024-04-01T13:46:28Z,2024-04-01T13:46:28Z
UgwKS2L-m46ScIIPVaR4AaABAg,,False,@Sooshu-lover,"""Who is your bias ?""
Me:""1:Nini,mandu ❤️,Rosie ,jisooya "" 
""If you don’t like one of us don’t call you a blink"" rosé❤️❤️❤️",0,2024-04-01T13:16:34Z,2024-04-01T13:16:34Z
Ugw-VAs2Wnifk7lUn5h4AaABAg,,False,@K-DraMa_asigi5,"블랙핑크, 신곡 발매 눈으로 기다린다",1,2024-04-01T10:13:45Z,2024-04-01T10:13:45Z
UgyZKxrEdTNbiehOGoR4AaABAg,,False,@Asalyrs,Aaaa blackpinkkk,0,2024-04-01T08:18:55Z,2024-04-01T08:18:55Z
Ugyidc7PIBuJvhE-LUp4AaABAg,,False,@yaizag5316,"Black pink 🥲
My princess 💗",1,2024-04-01T07:31:06Z,2024-04-01T07:31:06Z
UgzS2OOl05R4uB0j_454AaABAg,,False,@zeynepsariyuz3349,BPP,0,2024-03-31T21:27:29Z,2024-03-31T21:27:29Z
UgyuGHHAVVdWDB5ti7p4AaABAg,,False,@Wonhee-j8h,I love jisoo ❤❤❤,0,2024-03-31T19:00:29Z,2024-03-31T19:00:29Z
Ugxpq8CSfkBsc73nI_h4AaABAg,,False,@Anwarkhan37376,Blackpink members ypur blinks need comeback,0,2024-03-31T17:51:09Z,2024-03-31T17:51:09Z
Ugw9rD8RRrot-2Co3LR4AaABAg,,False,@MelissaFlach-i6k,BLACK PINK IN YOU ARIA,1,2024-03-31T16:10:24Z,2024-03-31T16:10:24Z
UgzSzlgz5TKUDkd29N14AaABAg,,False,@wenas_2014,OMG the logo is cute❤❤❤,0,2024-03-31T14:20:48Z,2024-03-31T14:20:48Z
UgyNBqvWMQuYQqIzxb14AaABAg,,False,@Soyaas_zeynoeda,신곡 나오나요???!!!,0,2024-03-31T11:03:58Z,2024-03-31T11:03:58Z
Ugyj83-3QOKAMzYREZB4AaABAg,,False,@Yurix-222,I miss you blacpink,0,2024-03-31T09:04:20Z,2024-03-31T09:04:20Z
UgxnysixmCyPiRic6lx4AaABAg,,False,@Roses_are_rose21,"Our 4 Queen 
.  come back🖤💕",1,2024-03-31T08:39:09Z,2024-03-31T08:39:09Z
UgzdSCMlzxsk1gSeMG94AaABAg,,False,@LavenderGangwar,"Please do a concert in delhi , india 
Almost half of india is your fan 
If I get 100 k likes you have to perform in India 😅
Who agree 
👇🏻",0,2024-03-31T05:37:51Z,2024-03-31T05:37:51Z
UgwItU0ZDDcCWHcspB14AaABAg,,False,@JessicaDomimguez,Bla🖕🖕🖕🖕🖕🖕🖕🖕🖕🖕🖕🖕🖕🖕🖕🖕🖕🖕🖕🖕🖕🖕🖕🖕😈🤬🤬🤬🤬😡,0,2024-03-31T03:52:55Z,2024-03-31T03:52:55Z
Ugzfj31h7SPtFCS_llZ4AaABAg,,False,@JessicaDomimguez,😢,0,2024-03-31T03:52:04Z,2024-03-31T03:52:04Z
UgznFvdyOABE9prBF8d4AaABAg,,False,@JessicaDomimguez,🖕🖕🖕🖕🖕🖕🖕🖕🖕🖕🖕🖕🖕🖕🖕🖕🖕🖕🖕🖕🖕🖕🖕🖕🖕🖕🖕🖕🖕🖕🖕🖕Pe,0,2024-03-31T03:51:34Z,2024-03-31T03:51:34Z
Ugwm8EjL12snF6MgsZR4AaABAg,,False,@JessicaDomimguez,💓💓💓💓💓💓💓💓💓💓💓💓💓💓💓💓💓💓💓💓💓💓💓💓💓💓💓💜💜💜💜💜💜💜💜💜💜💜🖕,0,2024-03-31T03:50:50Z,2024-03-31T03:50:50Z
UgwAH_cUg8XR3jx1G4F4AaABAg,,False,@Nadeschda_kaliberda,❤❤❤,0,2024-03-30T18:11:56Z,2024-03-30T18:11:56Z
UgzLzDmcdNiYf8gE_rR4AaABAg,,False,@Cloudbunnyxx,(๑•ᴗ•๑)♡ AWESOME👏 this is just so Cuteeꉂ(ˊᗜˋ*)♡,1,2024-03-30T16:18:56Z,2024-03-30T16:18:56Z
UgxXhBdO23QESQIGmiR4AaABAg,,False,@Cloudbunnyxx,(๑•ᴗ•๑)♡ AWESOME👏 this is just so Cuteeꉂ(ˊᗜˋ*)♡,0,2024-03-30T16:18:41Z,2024-03-30T16:18:41Z
Ugxd2G5R904UpN9M-_F4AaABAg,,False,@EzgiMenekse,I am türkish blackpink ı love you🖤🩷,1,2024-03-30T16:09:31Z,2024-03-30T16:09:31Z
UgybzFG9v67HB-jzucp4AaABAg,,False,@ThangPham-iy5lo,❤,0,2024-03-30T14:43:09Z,2024-03-30T14:43:09Z
UgzL3NGq1iNOG0DSYEF4AaABAg,,False,@ZulaykhaKhodjaeva,😮😮😮😮,0,2024-03-30T09:37:06Z,2024-03-30T09:37:06Z
UgzmHJqSpAQzddcimzB4AaABAg,,False,@Jenlisa76374,I can wait for there comeback,0,2024-03-30T01:11:13Z,2024-03-30T01:11:13Z
UgzIFeAIjudbjjI3eSl4AaABAg,,False,@julissahernandez3714,I love you blackpink,0,2024-03-29T16:41:04Z,2024-03-29T16:41:04Z
Ugwwz1WnDFjgHhk3Suh4AaABAg,,False,@Blinkyie4,Cute I love it,0,2024-03-29T10:42:38Z,2024-03-29T10:42:38Z
UgzwsZJQwfMP7tpusRN4AaABAg,,False,@SumonBelal-le4rn,I love you Lisa 😘😘😘😘,0,2024-03-29T09:25:16Z,2024-03-29T09:25:16Z
UgxCefP48tebFY_y8iF4AaABAg,,False,@khurshidalam8590,We miss you blackpink 😊🇧🇩🇧🇩🇧🇩,0,2024-03-28T23:11:35Z,2024-03-28T23:11:35Z
UgwzDktF87ideKLoCHF4AaABAg,,False,@Uzi_rossie,I NEED COMEBACK💗😔,1,2024-03-28T19:22:01Z,2024-03-28T19:22:01Z
UgzRQc9xKjyNYh1A00d4AaABAg,,False,@BlinkLilies401,BLACKPINK😍💖,0,2024-03-28T16:39:26Z,2024-03-28T16:39:26Z
Ugxt4AV6eaNt6yfgLMN4AaABAg,,False,@FgGg-qu9es,"Я из России в России есть республика Дагестан вы наверное никогда не слышали о ней она славится своими прекрасными горами тут очень красиво и разнообразная еда
Лиса я поздрааляю тебя с просшедшим днём рождения ❤❤❤❤❤❤❤❤❤❤❤❤❤❤❤❤❤❤❤❤❤❤❤❤❤❤",1,2024-03-28T16:24:50Z,2024-03-28T16:24:50Z
UgzdshQwIZebhdGHctB4AaABAg,,False,@Ppalakytshorts_07,Happy Birthday Lisa . I know I'm late but ❤,1,2024-03-28T10:47:33Z,2024-03-28T10:47:33Z
Ugw6lGYmRezaPZuJyRx4AaABAg,,False,@Julli_Official,Понь,0,2024-03-28T07:51:24Z,2024-03-28T07:51:24Z
Ugxv9HtdM0uKQLsQ7L14AaABAg,,False,@yeontanatejiminsjamsandranaway,That's a perfect loop-,0,2024-03-28T06:09:05Z,2024-03-28T06:09:05Z
Ugz4nHIFCzOnxAhmskJ4AaABAg,,False,@evelin_mdza,Son las mejores,0,2024-03-28T02:41:11Z,2024-03-28T02:41:11Z
UgyH_TglIJJb8aIjG-N4AaABAg,,False,@Taekookforever7206,Wow😭💗✨whats it?its so cute❤,1,2024-03-27T22:32:28Z,2024-03-27T22:32:28Z
Ugzav__rt-KMjm-DmwN4AaABAg,,False,@rkyedrmc,Jennie❤Jisoo❤Lisa❤Rose,0,2024-03-27T21:10:11Z,2024-03-27T21:10:11Z
UgwoPnGiEcxfm__r-uZ4AaABAg,,False,@HeyyAcd1,I LOVE YOU BLACKPİNK 🥰🥰🥰🥰😍😍😍😍😘😘😘❤❤❤,1,2024-03-27T19:23:27Z,2024-03-27T19:23:27Z
Ugzitt8jXkFfuctWfl54AaABAg,,False,@elaylolam,Hiii from Turkey ı love you❤sizi seviyoruz,1,2024-03-27T15:56:25Z,2024-03-27T15:56:25Z
UgyABnDViv0udyokN9R4AaABAg,,False,@Jogi-nder,Happy Birthday Lisa 🎈🎈,0,2024-03-27T15:53:20Z,2024-03-27T15:53:20Z
UgxECSexRRWvz3iMAIF4AaABAg,,False,@azrcokkies,❤❤❤❤,0,2024-03-27T15:31:17Z,2024-03-27T15:31:17Z
Ugwnx5wOT9P4Uhbt3Md4AaABAg,,False,@anjukasaudhan8367,I love you blackpink Lisa and I am India,0,2024-03-27T15:27:29Z,2024-03-27T15:27:29Z
UgyRact3b0Kp1eGIDRt4AaABAg,,False,@jorgealarconb3946,ola  blackpink❤❤❤❤❤❤,0,2024-03-27T15:07:59Z,2024-03-27T15:07:59Z
Ugy1OPHHOYnl5NhP_Ap4AaABAg,,False,@Hasanow2,"We need comeback to we 4 Queen""s 🤍",0,2024-03-27T14:36:40Z,2024-03-27T14:36:40Z
UgxCa4y0Tt4btvFL0rZ4AaABAg,,False,@samirdas7379,lol,0,2024-03-27T14:35:45Z,2024-03-27T14:35:45Z
UgyvQtlfBakbL4lpKDJ4AaABAg,,False,@HajraRaheel-om1fv,Please come back I'm sad with out you ❤❤❤❤❤❤❤❤🎉🎉🎉🎉,0,2024-03-27T14:01:35Z,2024-03-27T14:01:35Z
Ugz8-HwERCkzu5L8C-d4AaABAg,,False,@berrakaBla,"I LOVE JİSOO ❤️❤️‍🔥❤️💝❤️‍🔥💓💗❤️‍🔥❤️💝💝❤️‍🔥❤️✨🌍🍀✨❤️‍🔥❤️💝🌍❤️‍🔥❤️✨💗💓🍀💝🌍❤️‍🔥❤️💝🌍💓💗💓💗❤️‍🔥❤️💝🌻🌻🌻🌻🌻🌻🌻🌻🌻🌻🌻🌻🌻🌻🌻❤️‍🔥❤️💝💓💗🍀🍀🍀🍀💓❤️‍🔥💗❤️💝☀️☀️☀️☀️☀️☀️💓💓💗💝❤️❤️‍🔥❤️‍🔥❤️‍🔥❤️‍🔥❤️‍🔥❤️‍🔥❤️‍🔥❤️‍🔥❤️‍🔥❤️‍🔥❤️‍🔥


































JISOO İS BEST 










💥💥💥💥💥💥💥💥💥💥💥💥

















































❤️‍🔥💥☀️🌍💗💓❤️💝


































Jisoo is my 🌍











































































❄️❄️❄️❄️❄️☀️☀️☀️☀️☀️❤️‍🔥✨✨✨💓💓💓💓💗💗💗💗💝💝💝💝❤️❤️❤️❤️❤️‍🔥❤️‍🔥❤️‍🔥❤️‍🔥❤️‍🔥🌻🌻🌻🌻🌻🌻🌻🌻🌻🌻🌻🌻🌻🌻🌻🌻🌻🌻🌻🌻🌻🌻🌻🌻






















  




























































J
I
S
O
O
















🇹🇷🇹🇷🇹🇷🇹🇷😎🇹🇷🇹🇷🇹🇷🇹🇷❤️‍🔥❤️‍🔥❤️‍🔥




















































































































































































❤








❤️‍🔥






 







































































❤️❤️‍🔥💓💗Unutmayın her zaman JİSOO sevilir 
I love JİSOO",0,2024-03-27T13:31:32Z,2024-03-27T13:31:32Z
UgxEhp03t1j_HgF1Dth4AaABAg,,False,@JUHIXMANDU,Love u blackpink for life ❤❤❤❤,0,2024-03-27T11:33:30Z,2024-03-27T11:33:30Z
Ugz0NJjdDHZAOYItaYR4AaABAg,,False,@Cloudy_Xthetic,Hi black pink plz come to pakistani,0,2024-03-27T09:04:48Z,2024-03-27T09:04:48Z
UgwRigzKq-5IMBhQHHB4AaABAg,,False,@KarishmaBiswhakarma,We love you 🐣🥟💜🌷,0,2024-03-27T06:33:14Z,2024-03-27T06:33:14Z
UgzkZ9KIYd1P37dDY8F4AaABAg,,False,@roha6137,Hi,0,2024-03-27T03:45:05Z,2024-03-27T03:45:05Z
UgzB_lVLIaKa-B00gfZ4AaABAg,,False,@ChandrabhanMourya-by9ve,Miss you blackpink ❤,0,2024-03-26T17:50:31Z,2024-03-26T17:50:31Z
Ugz4tzlBJP3N_35NE7h4AaABAg,,False,@TV-jy2gx,블랙핑크❤❤❤,1,2024-03-26T13:41:26Z,2024-03-26T13:41:26Z
UgygQgVIqXm-HGUodAF4AaABAg,,False,@PrensesZehraT,𝐈 𝐋𝐨𝐯𝐞 𝐲𝐨𝐮 🖤𝐁𝐋ΛƆ𝐊𝐏𝐈И𝐊💗,0,2024-03-26T10:07:27Z,2024-03-26T10:07:27Z
UgzpRHM_Qqh_0VyKAPZ4AaABAg,,False,@adrikachandel8713,우리 블랙핑크 닮아서 너무 귀여워  ❤,1,2024-03-26T06:31:48Z,2024-03-26T06:31:48Z
UgwfLkQRK2CaUvsruop4AaABAg,,False,@Nayweats,BLACKPİNK I LOVE,0,2024-03-26T04:55:19Z,2024-03-26T04:55:19Z
UgzqW33ZmakHBRDm2CB4AaABAg,,False,@ClaudiaMagana-sq7ey,Pinks❤,0,2024-03-26T02:04:03Z,2024-03-26T02:04:03Z
Ugy4Mvq-m8zocfc6aGt4AaABAg,,False,@rubybigbestlilyutted,"DERAM SINAL DE VIDA,UHUUUUUUUUL",0,2024-03-26T01:32:43Z,2024-03-26T01:32:43Z
UgyuuTc5HFAFqfilcfN4AaABAg,,False,@nicos_cocos,У блек пинк есть магазин?,0,2024-03-25T19:43:23Z,2024-03-25T19:43:23Z
Ugw41l7Q_vFx-WYK2jx4AaABAg,,False,@me_is_lilies,Slm,0,2024-03-25T19:01:50Z,2024-03-25T19:01:50Z
UgzLplXxvpM9_4g84HR4AaABAg,,False,@helinothman-xd8on,❤❤❤❤BLIKPENK,0,2024-03-25T16:13:14Z,2024-03-25T16:13:14Z
UgxH4QctRqZWDHSkYZd4AaABAg,,False,@AzizjonTokhtasinov,We need comeback yg!!!!!,0,2024-03-25T15:41:39Z,2024-03-25T15:41:39Z
UgwqorY4dROjLXwZKo54AaABAg,,False,@duru1516,❤❤ Black pink❤❤❤❤,0,2024-03-25T15:23:28Z,2024-03-25T15:23:28Z
UgxcNBcu514SDNdaagV4AaABAg,,False,@Chew-cuti,Perrty,0,2024-03-25T13:58:58Z,2024-03-25T13:58:58Z
UgxOhvionwfzc1undf54AaABAg,,False,@snowybee883,Blackpink,0,2024-03-25T11:51:10Z,2024-03-25T11:51:10Z
UgzORc0qajSZU8QtYN54AaABAg,,False,@Just-kpop12,Miss you my 4 queens✨✨✨❤️‍🩹❤️‍🩹❤️‍🩹,0,2024-03-25T10:14:30Z,2024-03-25T10:14:30Z
UgypOpTQhZ24T97Sad54AaABAg,,False,@НуридаМусаева,"4 kraliçemi özledim canlarım sizi çok seviyorum sonsuza kadarda sevicem iyiki varsiniz  BLACKPİNK Geri dönünce bizde huzur içinde olucaz YG lütfen BLACKPİNKİ Geri getir  

BLACKPİNK İN YOUR AREA❤❤❤❤❤❤❤❤❤❤❤❤❤❤❤❤❤❤❤❤❤❤❤❤❤❤❤❤❤❤",0,2024-03-25T08:45:06Z,2024-03-25T08:45:06Z
UgzoHAS0HS6SvbTkoll4AaABAg,,False,@Sarvinoz1967,Ohh so cute are❤,1,2024-03-25T08:40:19Z,2024-03-25T08:40:19Z
UgwDxUiOuIAgeFI4CW94AaABAg,,False,@KorneliaSwiderska,Blackpink wracajcie,0,2024-03-25T05:12:53Z,2024-03-25T05:12:53Z
UgzbZf3VvvmPZbJYONJ4AaABAg,,False,@luiscarlosbayuelo9513,BLACKPINK❤,0,2024-03-25T01:49:33Z,2024-03-25T01:49:33Z
Ugyp9Qxja66S-3GkgqF4AaABAg,,False,@tamarin9339,"let's all get 1 billion views under the video money before Lisa's birthday, please do it for her❤️",0,2024-03-24T21:23:28Z,2024-03-24T21:23:28Z
UgytT1g0DpmmenXS1Kt4AaABAg,,False,@sweet.ari.,Omg,0,2024-03-24T21:21:00Z,2024-03-24T21:21:00Z
UgwPG0FnU9A2QRcb-ap4AaABAg,,False,@alicebrito5192,💗💗,0,2024-03-24T20:10:28Z,2024-03-24T20:10:28Z
UgwYAB8hIa2ATkO-v7p4AaABAg,,False,@priscillatapiatorres1536,I ❤ blackpink,0,2024-03-24T19:37:38Z,2024-03-24T19:37:38Z
UgwXnZ6jft4zI-ZTBqN4AaABAg,,False,@kpoplover_333-m7v,Very happy u posted! Hope you will amaze us with a new comeback like u used to!,0,2024-03-24T19:24:57Z,2024-03-24T19:24:57Z
UgxJK1FWy7x5A8zpqcR4AaABAg,,False,@rocioortiz9601,"안녕 블랙핑크, 멕시코에 있길 바라",1,2024-03-24T18:18:40Z,2024-03-24T18:18:40Z
UgwU6kt5bgdRsCJkrlF4AaABAg,,False,@TinyLittleVeloure,"Ok, but why is no one talking about how CUTE the ad is 😭😭🥺🥺💕💕🌸🌸💅💅💅",2,2024-03-24T16:22:32Z,2024-03-24T16:22:32Z
UgznD5mCzm81pKGqwsx4AaABAg,,False,@lilith3822,그리워요 4퀸 제발 돌아와요 사랑해요 제니 김지수 김리사 마노반 천로즈❤❤😢🎉💮🌸🩷🖤,0,2024-03-24T15:19:52Z,2024-03-24T15:19:52Z
Ugyj4T5stzqMhTxiaHB4AaABAg,,False,@annapurnavisalakshi3631,"Iam waiting queens ❤❤
Please come back 😭
We miss you BLACKPINK 🖤💗",0,2024-03-24T14:00:41Z,2024-03-24T14:00:41Z
Ugwd1CADyp1kfLxTqSp4AaABAg,,False,@divine4keditsOfficial,"Blackpink… if u notice me…❤❤❤❤ I just wanna say.. you have cured my depression and so if u make a song… please say a line which says
“All my blinks be blinkin’”
In the song..❤❤❤❤ I love you guys so much and I hope u will notice me❤❤❤❤🎉🎉🎉🎉",1,2024-03-24T13:52:47Z,2024-03-24T13:52:47Z
UgwStvUzUyxU4tw7n5l4AaABAg,,False,@divine4keditsOfficial,PLS RELEASE A NEW SONG ❤❤❤,1,2024-03-24T13:49:08Z,2024-03-24T13:49:08Z
UgxiTDuPFymR8Wdahgd4AaABAg,,False,@Irooff,BlackPink in your area eaaaaa❤❤❤,1,2024-03-24T12:33:13Z,2024-03-24T12:33:13Z
Ugw_vCBzdJq-8BrnyuF4AaABAg,,False,@NicoletaAlinaNagy-dh9rc,I love u BLACKPINK,0,2024-03-24T11:21:43Z,2024-03-24T11:21:43Z
UgzyGeMm_3Ef3kYHOQd4AaABAg,,False,@alya.sabminal,WOOOOW,0,2024-03-24T08:42:02Z,2024-03-24T08:42:02Z
Ugwx8uiuCcGOgBsjtSl4AaABAg,,False,@ЛераНиколаева-с4и,❤❤❤❤❤❤❤❤❤❤❤❤❤❤❤❤❤❤❤❤❤❤❤❤❤❤❤❤❤❤❤❤❤❤❤❤❤❤❤❤❤,0,2024-03-24T08:39:47Z,2024-03-24T08:39:47Z
UgydZjf7NSLcr8S4KhR4AaABAg,,False,@Lilisy_offical,"블랙핑크, 나는 당신을 매우 사랑합니다. 그룹이 절대 떠나지 않기를 바랍니다. 절대 떠나지 마십시오. 나는 당신의 가장 큰 팬입니다. 나는 터크 사람입니다. 여기로 오십시오. 당신을 만나기 위해 무엇이든 할 것입니다. 제발 와주세요.",0,2024-03-24T08:10:18Z,2024-03-24T08:10:18Z
Ugy2YeMXDf7LQbjCF994AaABAg,,False,@ashiyasheikh6446,Your 10 years old baby blink is waiting for u blackpink,0,2024-03-24T07:47:30Z,2024-03-24T07:47:30Z
Ugyxs_9A5iP9zVBw7XB4AaABAg,,False,@SONAMKUMARI-y3y1z,"Hii❤❤❤
 blackpink",0,2024-03-24T06:48:07Z,2024-03-24T06:48:07Z
Ugz9a-Vr73o61no5ncZ4AaABAg,,False,@tamunalomidze9906,BP♡BLINK❤❤❤❤❤,0,2024-03-24T06:47:09Z,2024-03-24T06:47:09Z
Ugyc76U_YTIQZQ2qHcx4AaABAg,,False,@WarisAli-mc3mx,Please come in Pakistan Sialkot please please please please please please,0,2024-03-24T06:40:16Z,2024-03-24T06:40:16Z
UgzYIOK03h8VDFKLnJR4AaABAg,,False,@emiliacarrillocalderon8951,❤❤❤❤❤,0,2024-03-24T03:44:56Z,2024-03-24T03:44:56Z
Ugzx7F6kWONfqzY_CLd4AaABAg,,False,@KhanJan-w2h,😭😭😭😭😭😭🥺 it's just so cute and it's so sad,0,2024-03-23T22:55:16Z,2024-03-23T22:55:16Z
Ugzm5F04BwDQHNY0IrV4AaABAg,,False,@RomeiawisIsmail,They finally posted ❤❤🎉🎉,0,2024-03-23T21:31:15Z,2024-03-23T21:31:15Z
UgwciD8XZDSPsYOFOMZ4AaABAg,,False,@Nepaligirl2,I love you Lisa❤😢😢❤😢😢❤😢,0,2024-03-23T20:57:25Z,2024-03-23T20:57:25Z
UgwypRhO2Dwf4HAhpgF4AaABAg,,False,@serdaratc6054,Blacpink,0,2024-03-23T20:28:52Z,2024-03-23T20:28:52Z
UgysSaTySQ-ciF6DFZ94AaABAg,,False,@melekatc1800,Blacpink,0,2024-03-23T20:27:54Z,2024-03-23T20:27:54Z
Ugzp5FczVB_HOdbHr_F4AaABAg,,False,@Blink120_,Forever blink 🖤💖,0,2024-03-23T20:04:06Z,2024-03-23T20:04:06Z
UgxE5RAVboJcYRTeosl4AaABAg,,False,@SigmaaaaaaaaaaaRizzlerrrrrrr,"Yay our queen's are back !!! Finally 💖 ohh my gooosh we literally need COMEBACK!!! 
Gurls pls make a comeback 💄👠💋❤️‍🔥🎀
Im waiting 
Love youuuu",0,2024-03-23T19:54:33Z,2024-03-23T19:54:33Z
UgxtJEuKLoxzgcU3UN94AaABAg,,False,@SameerBlink,I LOVE BLACKPINK,2,2024-03-23T18:14:05Z,2024-03-23T18:14:05Z
Ugw85iKnAvA21te5Xwh4AaABAg,,False,@SameerBlink,I LOVE BLACKPINK,0,2024-03-23T18:13:43Z,2024-03-23T18:13:43Z
Ugw7aSbOYVKPx6hUQNd4AaABAg,,False,@Manar_-x,🎉Hamaaas,0,2024-03-23T17:48:53Z,2024-03-23T17:48:53Z
UgwRTaf8LWZ_Y21p9O54AaABAg,,False,@Bilimdonqizlar,Qaytishingizga biz bilnklar ishonamiz qaytinglar sizlarni kutamiz,0,2024-03-23T16:52:38Z,2024-03-23T16:52:38Z
UgxBpAQBYkaexBaIwVp4AaABAg,,False,@Blackpink_BTS_SKZ,What’s that,0,2024-03-23T16:44:57Z,2024-03-23T16:44:57Z
Ugy0bgExruD7zbvf7S54AaABAg,,False,@laddichauhan4510,We need comeback !!! 🌹 our gurls Plsss comeback !!!,0,2024-03-23T15:32:43Z,2024-03-23T15:32:43Z
UgwPZUcVDZ7Gbd-A3id4AaABAg,,False,@S_E_N_A_M,very beautiful ❤❤❤,1,2024-03-23T15:16:17Z,2024-03-23T15:16:17Z
Ugz3eaVm9z8KpzaUkIl4AaABAg,,False,@user-gs5fb4ld2g,Cute I love you BLACKPINK 🥹💕,1,2024-03-23T15:04:53Z,2024-03-23T15:04:53Z
UgxDgXmoLVt3QOUssDl4AaABAg,,False,@Erenhafriyatizmir,Hamsikcpiç,0,2024-03-23T14:43:26Z,2024-03-23T14:43:26Z
UgxS5gW58P5x4AnGus54AaABAg,,False,@lilix_softiesss,I love Blackpink❤,0,2024-03-23T14:22:31Z,2024-03-23T14:22:31Z
UgzlejD1U43qfDbzkgx4AaABAg,,False,@kissesforhyunseo,SO CUTEE,0,2024-03-23T13:52:39Z,2024-03-23T13:52:39Z
Ugzq4h2zibQlWa_PyYZ4AaABAg,,False,@Jeon_Faza214,Please come backkk😭😭😭,0,2024-03-23T13:46:00Z,2024-03-23T13:46:00Z
UgzeBHgdVuFzjbJWCF54AaABAg,,False,@RohitBhagat-z3d,Hi I'm Indian girl Bidya sey namaste Black pink hi I very miss you 🥺🥺,0,2024-03-23T13:32:24Z,2024-03-23T13:32:24Z
Ugz0HsnV75iTgcA632F4AaABAg,,False,@ЕкатеринаПермякова-р7ъ,So cute 💗,0,2024-03-23T13:31:17Z,2024-03-23T13:31:24Z
Ugyu5lNFmkacglHfME54AaABAg,,False,@Thebest_rukaa,WOW blackpink Jenie I love you so much and I will love you forever❤❤❤,1,2024-03-23T13:22:06Z,2024-03-23T13:22:06Z
UgwuR4bnXHIE9g9VmJB4AaABAg,,False,@VeraChupina-e8y,I love you❤❤❤,0,2024-03-23T12:06:24Z,2024-03-23T12:06:24Z
Ugzxe_62rGwhBNzMSCR4AaABAg,,False,@TalaBasam-z4w,❤❤,0,2024-03-23T11:51:09Z,2024-03-23T11:51:09Z
Ugyb-TL6nZs1dUvWeuB4AaABAg,,False,@Lilylil-ec7gl,Blackpink i need you!,1,2024-03-23T11:02:14Z,2024-03-23T11:02:14Z
Ugwp4WyzvSkBvo8b6BF4AaABAg,,False,@MariaMendez-l4u,Ya quiero que regrese mi jenlisa ❤❤❤❤❤❤,1,2024-03-23T10:59:05Z,2024-03-23T10:59:05Z
UgzwKUnvrxFghLgjATB4AaABAg,,False,@lailamemmedova5055,"Come to Azerbaijan🇦🇿🇰🇷🇰🇷🇦🇿🇦🇿🇰🇷🇰🇷🇦🇿🇰🇷🇰🇷🇰🇷🇰🇷🇦🇿🇦🇿🇦🇿🇦🇿🇦🇿🇦🇿🇦🇿🇰🇷🇰🇷🇰🇷🇰🇷🇰🇷🇦🇿🇦🇿🇰🇷🇰🇷🇦🇿🇦🇿🇰🇷 

I LOVE BLACKPİNK
Jennie 
Jisoo
Rose 
Lisa 
Please come to Azerbaijan  Let BLACKPİNK come to Azerbaijan and give a concert. I love BLACKPİNK very much. I want to see BLACKPİNK. I am from Azerbaijani🇦🇿🇰🇷🇰🇷🇦🇿🇰🇷🇦🇿🇰🇷🇦🇿🇰🇷🇦🇿🇰🇷🇦🇿🇰🇷🇰🇷🇰🇷🇦🇿🇦🇿🇰🇷🇰🇷🇦🇿🇰🇷🇰🇷🇰🇷🇦🇿🇦🇿🇦🇿🇰🇷🇰🇷🇦🇿🇦🇿🇦🇿🇦🇿🇰🇷🇰🇷🇰🇷🇰🇷🇰🇷🇦🇿🇦🇿🇦🇿🇦🇿🇦🇿🇦🇿🇦🇿🇦🇿🇦🇿🇦🇿💌🇦🇿🇦🇿🇦🇿🇦🇿🇦🇿🇦🇿🇦🇿🇦🇿🇰🇷🇰🇷🇰🇷🇰🇷🇰🇷🇰🇷🇰🇷🇰🇷🇰🇷🇰🇷🇰🇷🇰🇷🇰🇷🇰🇷🇰🇷🇰🇷🇰🇷🇰🇷🇰🇷🇰🇷🇰🇷🇦🇿🇦🇿🇦🇿🇰🇷🇰🇷🇦🇿🇰🇷🇦🇿🇰🇷🇦🇿🇰🇷🇦🇿🇰🇷🇦🇿🇦🇿🇰🇷🇰🇷🇦🇿🇦🇿🇦🇿",0,2024-03-23T10:09:05Z,2024-03-23T10:09:05Z
UgxqNTvulhbWN-xW7Kx4AaABAg,,False,@arundhatidhar3204,love you four queens forever,0,2024-03-23T09:50:24Z,2024-03-23T09:50:24Z
Ugw9Aps8DM0Yb2yDx3t4AaABAg,,False,@Lov3YuLee,Wow❤❤❤,0,2024-03-23T09:21:35Z,2024-03-23T09:21:35Z
UgwYwmHWxr6uf3ZXOC54AaABAg,,False,@Melowbilgiler,JENNİEEEE,0,2024-03-23T09:16:58Z,2024-03-23T09:16:58Z
Ugxx8nFh7PqFSs01Tzp4AaABAg,,False,@Melowbilgiler,JİSOOOO,0,2024-03-23T09:16:49Z,2024-03-23T09:16:49Z
UgzPtOkMccsYIaOt0Yd4AaABAg,,False,@Melowbilgiler,ROSEEEE,0,2024-03-23T09:16:40Z,2024-03-23T09:16:40Z
UgxEkJbzApMO_nvn9AF4AaABAg,,False,@Melowbilgiler,LİSAAAA ❤❤❤❤❤❤,0,2024-03-23T09:16:19Z,2024-03-23T09:16:19Z
Ugy09gFSURMPVQDKjtp4AaABAg,,False,@genevievebaluran2631,THE QUEENS ARE BACK! WE MISS YOU OUR QUEENS!👑👑👑👑🥰,0,2024-03-23T09:05:31Z,2024-03-23T09:05:31Z
UgxYccyDHiHvY3slwMd4AaABAg,,False,@Derin_YT,Our 4 queens shine,0,2024-03-23T08:39:38Z,2024-03-23T08:39:38Z
Ugx55OP2Lsb1s69oQMF4AaABAg,,False,@kaylac8r3k,BLACKPINK IN YOUR AREA!😊❤,0,2024-03-23T08:15:03Z,2024-03-23T08:15:03Z
UgwMfeg1Ig4n2zCnixJ4AaABAg,,False,@Purpleslay104,I'm  a  number 1# fan❤,0,2024-03-23T08:08:10Z,2024-03-23T08:08:10Z
UgzIqdN06ZtVL33C_YR4AaABAg,,False,@user-nd7ig7bh6f,Blackpink we miss you so much please comebackkk🥺🥺❤️,0,2024-03-23T07:59:33Z,2024-03-23T07:59:33Z
Ugz7MeaPTr_wQ-LXcKt4AaABAg,,False,@kirankaneriya5705,I love you 지소 로제 제니 엘리사,0,2024-03-23T06:37:37Z,2024-03-23T06:37:37Z
Ugw8sjNGma42elaYYoZ4AaABAg,,False,@The_my_lisa,Blackpink ı am turkish fann❤❤,1,2024-03-23T06:16:26Z,2024-03-23T06:16:26Z
UgxlxEgjXBdBpP3BBGp4AaABAg,,False,@Roblox_BeyzaYT,"Blackpink 꼭 투르키예에 오셔서 콘서트를 해주세요. 단, 티켓이 저렴한지 확인하세요. 😢😢",0,2024-03-23T05:17:25Z,2024-03-23T05:17:25Z
UgyEOaSUZt0itoqooZt4AaABAg,,False,@vandanamishra4294,"If you have a billion fans, I am one of them😊
If you have one fan, it's me😊
If you have no fan, I am dead 💀 
Love ❤️ you so much BLACKPINK 💓 
You are the only one that makes me happy 😊 😃 
Please comeback in 2024 😢",0,2024-03-23T04:23:23Z,2024-03-23T04:23:23Z
UgycMSxacLxALIKZNMF4AaABAg,,False,@vaninaidu8346,we need a comeback we miss u 😔,0,2024-03-23T04:20:21Z,2024-03-23T04:20:21Z
UgwvxLHM8CebvVl81MZ4AaABAg,,False,@Yojeong74,블랙핑크는 케이팝의 여왕이고 방탄소년단은 케이팝의 왕이다,0,2024-03-23T03:58:00Z,2024-03-23T03:58:00Z
UgybyZ55oWsx_Pv5DAt4AaABAg,,False,@kassietv,BLACPINK IM ASKING FOR A COMEBACK😭😭,1,2024-03-23T00:50:06Z,2024-03-23T00:50:06Z
Ugx9RHP1gancN368Xfx4AaABAg,,False,@jugandoconbella8566,❤❤,0,2024-03-23T00:35:59Z,2024-03-23T00:35:59Z
Ugy-BS0yGcFkxKRImid4AaABAg,,False,@FranciRosie289,"CANT WAIT FOR YOUR COMEBACK! ❤😆

who will always support blackpink?
👇",2,2024-03-22T23:17:12Z,2024-03-22T23:17:12Z
UgxN2DX-X6BJj3HDO-h4AaABAg,,False,@johzkpop,"love......
JENNIE
ROSÉ
LISA
JISOO",4,2024-03-22T21:43:46Z,2024-03-22T21:43:46Z
UgxSh5H8aBXte-YofP94AaABAg,,False,@JaylinHernandez-g5f,I have been waiting for a comeback for so long i missed out 4 queens❤❤,1,2024-03-22T20:32:35Z,2024-03-22T20:32:35Z
UgxXKBHlMJcZm3e-o6p4AaABAg,,False,@Riddheve,Comeback! ❤❤,1,2024-03-22T20:02:28Z,2024-03-22T20:02:28Z
UgxdFqaNmTvkPHalv-J4AaABAg,,False,@nebaktinmk,Love ya all jen jis rosie and lisa 😽💖💖💖,1,2024-03-22T19:39:05Z,2024-03-22T19:39:05Z
UgwyD0CwXD6pHEDnOAF4AaABAg,,False,@bztkaktus1241,Blackpink comeback plissss,0,2024-03-22T18:38:01Z,2024-03-22T18:38:01Z
UgybmtIJM7br3zbF-dd4AaABAg,,False,@Jenniierubyy,BLACKPINK COMEBACK PLEASE AS SOON AS POSSIBLE,0,2024-03-22T17:50:18Z,2024-03-22T17:50:18Z
UgyZHr8VqNXVtR4VpHF4AaABAg,,False,@Yakalachattt,İ LOOOOVEEEEE YOOOOOUUUUU JİSOOOOOOOOOOOOO ❤❤❤❤❤❤,0,2024-03-22T16:51:30Z,2024-03-22T16:51:30Z
UgyfwUDsCGLGIh9SXB94AaABAg,,False,@shraddhadeo5423,"Missing our 4 queens... We will be waiting for your comeback this year  🫶🏻🔥


Who will support blackpink 4ever ?
👇🏻",0,2024-03-22T16:13:55Z,2024-03-24T16:26:50Z
UgwhIwZE7ofv5XjUOjx4AaABAg,,False,@irisbpkatz,EU QUERO ESSE NOVO LIGHTSTICK 😭,0,2024-03-22T16:04:08Z,2024-03-22T16:04:08Z
UgwYRhFopsSTU4bBOP94AaABAg,,False,@Nova_nevada,"If u have 1000 000 fans I am 1 of them❤
If u have 1 fan It's me❤
If u have 0 fans I am dead 💀

Blink forever💖🖤",1,2024-03-22T15:59:41Z,2024-03-22T15:59:41Z
Ugw0vvPeR4VVw4y23WJ4AaABAg,,False,@zehramisim,Plase comeback,1,2024-03-22T15:13:53Z,2024-03-22T15:13:53Z
UgxSgEL_NP6fRiH9pbR4AaABAg,,False,@CilineBaradia,I love you BLACK PlNK 🥺🥺🥺🥺,0,2024-03-22T14:54:15Z,2024-03-22T14:54:15Z
UgzwMFbpKSwEt8J4JxZ4AaABAg,,False,@su-jin2138,Omgg,1,2024-03-22T14:07:28Z,2024-03-22T14:07:28Z
Ugw3FtwmpxgvGu5sdzJ4AaABAg,,False,@Rasoo2635,Blackpink ❤❤❤❤❤,0,2024-03-22T13:47:53Z,2024-03-22T13:47:53Z
UgxToZFgRBoxLW7wcY94AaABAg,,False,@SrikanthPonnada-nv8fm,I love it ty,0,2024-03-22T13:40:52Z,2024-03-22T13:40:52Z
UgzkuLUhTI9s6ZZWZxJ4AaABAg,,False,@joyfulmecco,BLACKPINK make a comeback!!,0,2024-03-22T12:55:26Z,2024-03-22T12:55:26Z
UgwECLFRNLd8W4pgxfN4AaABAg,,False,@elzbietaperowska6214,Love Black pink 🖤🖤🖤🖤🩷🩷🩷🩷Queens Black pink,0,2024-03-22T11:11:36Z,2024-03-22T11:11:36Z
UgxMe1ypAK9HzUzwFhl4AaABAg,,False,@turkestanturkestan4115,❤❤❤❤,0,2024-03-22T09:55:14Z,2024-03-22T09:55:14Z
UgytqKow__WQUUaDG1l4AaABAg,,False,@vashu_bhai821,❤,0,2024-03-22T07:56:36Z,2024-03-22T07:56:36Z
UgxeE9px7ssWqyMvm4Z4AaABAg,,False,@Ashok_Rainaofficial,We miss u 4 Queen's 🖤💗 love from India,0,2024-03-22T07:54:36Z,2024-03-22T07:54:36Z
Ugz6XkKsZBYJRnCWzrd4AaABAg,,False,@Kim-thenora-uw7ig,Hey my blackpink I love you so much so much so much,1,2024-03-22T07:52:47Z,2024-03-22T07:52:47Z
UgwzulHwHjdDaTdXl3p4AaABAg,,False,@neongirl7539,Me when BlackPink posts:😃😃🥰😍🤩😍😄😃🥳🤯🥳🥳🥳💝💝💝💝💋💞💙🩷🩷💙🥰🥰🤩😄🤩😍🥰😍🥰😄🤩😄🤩😍🤩,0,2024-03-22T06:40:31Z,2024-03-22T06:40:31Z
Ugx2rH8k0G2cDHomQAJ4AaABAg,,False,@YourLocalFilipinoAnimator2K10,We miss you queens!,0,2024-03-22T06:00:07Z,2024-03-22T06:00:07Z
UgycE0-aLw7grlV_gGl4AaABAg,,False,@joevega24_,"yeaaayyyyyy
i miss uuu blackpink😍",0,2024-03-22T03:14:58Z,2024-03-22T03:14:58Z
Ugw15Rxre1THfTNunod4AaABAg,,False,@Sosoblackpink5554,comeback,0,2024-03-22T01:52:18Z,2024-03-22T01:52:18Z
UgxG-OKnJnLIkVp_YXh4AaABAg,,False,@telliwelli1,🖤💗4ever ❤️❤❤❤👏🫠🫶🍀🐞👋,1,2024-03-21T23:47:35Z,2024-03-21T23:47:35Z
UgwWbyIIC8gvSvdtUIR4AaABAg,,False,@AthirNaqiuddin-xq6dq,⛓️⚒️⛏️⚔️🔨🗡️🔧✂️📌🖌️👙🚫🔫,1,2024-03-21T23:38:19Z,2024-03-21T23:38:19Z
UgxuxPOrZOuUscFc8OZ4AaABAg,,False,@Yaren-08,🎉🎉🎉🎉 blackpink,2,2024-03-21T23:35:08Z,2024-03-21T23:35:08Z
UgxeFxBEk-gL9ViZ5Dl4AaABAg,,False,@samiolivv,Porfa ya saquen canción,0,2024-03-21T23:18:47Z,2024-03-21T23:18:47Z
UgzKqUSbNwyhy8A1Dld4AaABAg,,False,@LUNARENTERTAIMENTOFFICIAL,BLACKPINK WHEN IS YOURE NEXT CONSERT FOR YOUNG PPL PLEASE I WANNA MEAT YALL MY DREAM IS TO GO TO YALLS CONSERT BUT IM STILL TOO YOUNG😭😭😭😭😭😭😭,0,2024-03-21T20:33:55Z,2024-03-21T20:33:55Z
Ugw_sT0aWgSxsMHLRPd4AaABAg,,False,@Song_Saej,WHAT'S??!!!!!,0,2024-03-21T20:20:45Z,2024-03-21T20:20:45Z
UgyabdU4UjUYNMvcsR14AaABAg,,False,@CielitoVelazquez,Blackpink las reinas ❤❤,0,2024-03-21T19:55:02Z,2024-03-21T19:55:02Z
UgyMJZQUfsvuCR56Bf54AaABAg,,False,@solost965,OMG,0,2024-03-21T19:44:09Z,2024-03-21T19:44:09Z
UgwHf-ZTHDYkS4gWr9R4AaABAg,,False,@Catspaenateisaa_00,I'M SO HAPPY THAT I WON A LIGHTSTICK OF THE MOST BEAUTIFUL LIGHTSTICK IN KPOP,0,2024-03-21T19:43:38Z,2024-03-21T19:43:38Z
Ugwfup4b1bJ1J5dN_kd4AaABAg,,False,@sofiabrito8529,Come to Brazil please!❤❤,0,2024-03-21T18:58:56Z,2024-03-21T18:58:56Z
UgyUwCx4-I-oOzAsd394AaABAg,,False,@yoon20lol98,I love Queens,1,2024-03-21T18:43:31Z,2024-03-21T18:43:31Z
Ugzpf4ggHIDGuJsjYMx4AaABAg,,False,@ilkekoc-editss,love,0,2024-03-21T18:28:40Z,2024-03-21T18:28:40Z
UgycW9D9runMVB-_YB94AaABAg,,False,@Rosse4780,𝐎𝐌𝐆 𝐛𝐥𝐚𝐜𝐤 𝐩𝐢𝐧𝐤,0,2024-03-21T18:05:33Z,2024-03-21T18:05:33Z
Ugy44shei_uBcHU6Obh4AaABAg,,False,@nordiayeseniahernandez4481,VAMOS BLACKPINK 💜💜💜✨✨👏👏,1,2024-03-21T18:04:34Z,2024-03-21T18:04:34Z
UgzThgR5g6v-OHL9K8F4AaABAg,,False,@deriwinjaya7446,Wow❤❤,0,2024-03-21T17:48:30Z,2024-03-21T17:48:30Z
UgxBqYQeOymUc0zZkTd4AaABAg,,False,@Dada_lia,😂😂😂😂,0,2024-03-21T17:31:52Z,2024-03-21T17:31:52Z
UgzqhHqnv0oWhA2q5ER4AaABAg,,False,@JENNİE02016,"I miss you Blackpink
Blinks we say Blackpink in your area",1,2024-03-21T17:14:04Z,2024-03-21T17:14:04Z
Ugy6bEuqEQJnleDhFVB4AaABAg,,False,@Mim-my9we,GIVE US SOMETHING BLACKPINK WE NEED A COMEBACK NOT THESE CARTOONS😭😭,0,2024-03-21T17:12:13Z,2024-03-21T17:12:13Z
UgwDIel3x-7E4OAWUQZ4AaABAg,,False,@raniaelyassouri4232,comeback asap,0,2024-03-21T17:07:28Z,2024-03-21T17:07:28Z
Ugx6RgA3TzvRPZLBwN94AaABAg,,False,@йоур.йумин,We need a COMEBACK😢❤,1,2024-03-21T16:46:56Z,2024-03-21T16:46:56Z
UgxSEPhaPmCTh0OSTDJ4AaABAg,,False,@minjeongsnowing,Respectfully we need more songs as well not just commercial 😭🫶🏻,0,2024-03-21T15:32:28Z,2024-03-21T15:32:28Z
UgxyoF15-1ZfO97R4114AaABAg,,False,@minjeongsnowing,"We need more songs as well, not just commercials 😭😭 respectfully",0,2024-03-21T15:31:06Z,2024-03-21T15:31:06Z
Ugxegy8rLaoo6QwnXH94AaABAg,,False,@n1ki1.know_0,They have a comeback...❤❤❤,0,2024-03-21T15:13:54Z,2024-03-21T15:13:54Z
Ugw0QQWkhQYoW-gKbzV4AaABAg,,False,@keidigrembi1318,❤❤❤4 queens❤❤❤,0,2024-03-21T14:45:53Z,2024-03-21T14:45:53Z
UgxYlHQNKWf6UMIyG614AaABAg,,False,@ShaimaShamil-e3p,❤,0,2024-03-21T14:40:12Z,2024-03-21T14:40:12Z
UgzRSE3f4sRXrhGlixF4AaABAg,,False,@almirasrtbkn,We need come back🙏 we miss blackpink,0,2024-03-21T14:19:59Z,2024-03-21T14:19:59Z
UgzQCCULi04yAoCUnUp4AaABAg,,False,@FarhanaMim-w5w,Nice❤❤,0,2024-03-21T13:01:49Z,2024-03-21T13:01:49Z
UgzyOKbrSeUNkE_BCYh4AaABAg,,False,@Blink_Charnn,"Pls pin me unnies 
I have never gotten pinned before",0,2024-03-21T12:55:00Z,2024-03-21T12:55:00Z
UgxRKlLa6KQ2Wo4EJRx4AaABAg,,False,@Kamala-c2c,I love Black pink 💗💗💗,0,2024-03-21T12:38:51Z,2024-03-21T12:38:51Z
UgyNYvreCj-pPhJ3xQZ4AaABAg,,False,@gitimoniburagohain-p5w,Best collab,0,2024-03-21T12:32:57Z,2024-03-21T12:32:57Z
Ugzvb3OpRPtdynvA-FN4AaABAg,,False,@FBMimba,❤❤❤❤,0,2024-03-21T12:16:36Z,2024-03-21T12:16:36Z
UgxP_hWiZ6b6aUEoFGN4AaABAg,,False,@MINNIO-87s,BLACKPINK QUEENS,0,2024-03-21T11:50:59Z,2024-03-21T11:50:59Z
UgwumqXgf1vMQbxB1fV4AaABAg,,False,@Frogikrbx,I'd fight if you didn't give me away!! ❤🎉🎉❤,0,2024-03-21T11:49:18Z,2024-03-21T11:49:18Z
Ugw4veXhGvlPYlFIXKl4AaABAg,,False,@Lalisa-o7p,😢😢I miss you so much blackpink coda you will come,1,2024-03-21T11:32:14Z,2024-03-21T11:32:14Z
Ugwo31WYwWVWquQpZBd4AaABAg,,False,@zqwn._,BP will comeback??,0,2024-03-21T11:05:58Z,2024-03-21T11:05:58Z
UgyiES9dtH4EeQCC8mR4AaABAg,,False,@QueenLilly12,Finally our 4 queens are back😍😍💕!!!,112,2024-03-21T10:57:01Z,2024-03-21T10:57:01Z
UgyiES9dtH4EeQCC8mR4AaABAg.A1F181pmZ21AAK7tCmGDDH,UgyiES9dtH4EeQCC8mR4AaABAg,True,@무료스포츠중계벳프리,ㄱ글 에서 벳프리 보느라 눈밑에까지 다크써클 들어옴 ... 진짜 근데이뻐서 눈을못떼겟다...,0,2024-11-02T03:14:47Z,2024-11-02T03:14:47Z
UgyiES9dtH4EeQCC8mR4AaABAg.A1F181pmZ21AAQbJLr-IKu,UgyiES9dtH4EeQCC8mR4AaABAg,True,@iwbroa,👌,0,2024-11-04T15:36:04Z,2024-11-04T15:36:04Z
UgyiES9dtH4EeQCC8mR4AaABAg.A1F181pmZ21ABg-HtydLOu,UgyiES9dtH4EeQCC8mR4AaABAg,True,@Fatima292gamer,And yeah the will the comebackkkk 2025,0,2024-12-05T20:53:34Z,2024-12-05T20:53:34Z
Ugyao4LCZt3DkZV2bit4AaABAg,,False,@Fairozshahana,I love u jennie,0,2024-03-21T10:56:21Z,2024-03-21T10:56:21Z
UgyBTEQXM3QFwiukdTt4AaABAg,,False,@upasanashukla3937,Can you come india please ❤❤🖤💖🖤💖🕳💗,0,2024-03-21T10:52:29Z,2024-03-21T10:52:29Z
Ugx80279G0NtMMs-Jhx4AaABAg,,False,@kanchankashyap9365,Please come back our 4 queen 😢 we are missing you so much no one can replace our best dancer (lisa) our best rapper (Jennie) our golden vocalist (rose) our miss korea (jisoo)*,0,2024-03-21T10:11:34Z,2024-03-21T10:11:34Z
UgyAYCgB8tJH9LdrY394AaABAg,,False,@komalchopra1335,Wow love you black pink 🖤🖤🖤🖤🖤💗💗💗💗💗,0,2024-03-21T09:39:25Z,2024-03-21T09:39:25Z
Ugxbhohy3QqPWU6GDFR4AaABAg,,False,@زنية-س7م,"How are you, Blackpink? Note: I love you❤❤❤❤❤❤❤❤",0,2024-03-21T08:25:19Z,2024-03-21T08:25:19Z
UgzdzNP7u2REUubrqBN4AaABAg,,False,@JuanmanuelDelarosaflores-lo1tw,"Just answer me one question, why do you delete the comment, what kind of people are you?",0,2024-03-21T08:11:32Z,2024-03-21T08:11:32Z
UgxzsIgCP-TiUKC6ceV4AaABAg,,False,@JuanmanuelDelarosaflores-lo1tw,"Hello, the people who follow you like them because they have followers and I ask them, does it bother them that someone writes to them just because no one likes them?",0,2024-03-21T08:09:32Z,2024-03-21T08:09:32Z
UgwxT1tdS-Ye40em_Dh4AaABAg,,False,@DinhLinh-z1z,Solo jennie😢😢😢,0,2024-03-21T05:51:10Z,2024-03-21T05:51:10Z
Ugw9o5yWc0lqz4xftPp4AaABAg,,False,@hynjincwii1,İ love youuuu jennie lisanrose jisoooooo❤❤❤❤❤❤,0,2024-03-21T04:34:44Z,2024-03-21T04:34:44Z
UgyWpanXc7J5cyCbGCt4AaABAg,,False,@Manobalkim23,"They released another one, I don't even have the first one 😢",0,2024-03-21T04:00:00Z,2024-03-21T04:00:00Z
UgzhRTtoBlRuoapfcQN4AaABAg,,False,@Jeongmyq,My Quuens,0,2024-03-21T03:28:00Z,2024-03-21T03:28:00Z
UgyjjJvhwGwQxpio2mh4AaABAg,,False,@livinhashorts,저게 뭐에요? 소녀들의 귀환?,0,2024-03-21T01:40:32Z,2024-03-21T01:40:32Z
UgyND6I6LMibYc4p_KZ4AaABAg,,False,@sofiaaaa28,Fofo,0,2024-03-21T01:27:37Z,2024-03-21T01:27:37Z
UgyoGp_3yrB26uCSe5J4AaABAg,,False,@genesis_sk,I love,0,2024-03-21T00:30:50Z,2024-03-21T00:30:50Z
Ugx5m7X6_Nt2hv1noC14AaABAg,,False,@Cherrx_Cherries,So ❤❤❤❤cute,0,2024-03-21T00:29:07Z,2024-03-21T00:29:07Z
Ugyd6OX-HTNbHya8gh94AaABAg,,False,@Kardoqadr,"B:beautiful 
L:legend
A:amazing
C:cuties
K:kind
P:promise
I:intresting
N:no leader
K:kind 
Blackpink forever🐻🐿🐰🐥🖤💖blink forever🐻🐿🐰🐥🖤💖proud of being a blink🖤💖",0,2024-03-20T23:57:45Z,2024-03-20T23:58:22Z
UgzXlAlQa98anU_fvth4AaABAg,,False,@khanhang4404,BLACKPINK please come back🖤💓😊,0,2024-03-20T23:28:53Z,2024-03-20T23:28:53Z
UgzsAS8qNDqKxF_mWTd4AaABAg,,False,@LISA-6893,comeback😢,0,2024-03-20T23:26:05Z,2024-03-20T23:26:05Z
UgxHRw6UdzhfKZSMNz94AaABAg,,False,@pablounited,Come to Brazil please,1,2024-03-20T23:04:13Z,2024-03-20T23:04:13Z
Ugy-XNJZ7WUsE7VPcNF4AaABAg,,False,@Valenn96,Hiiiii,0,2024-03-20T22:57:43Z,2024-03-20T22:57:43Z
UgxyoxsH1vPg2ychnYJ4AaABAg,,False,@cadelijoren,What is this,0,2024-03-20T22:32:20Z,2024-03-20T22:32:20Z
Ugwu5Y8U025MffE4n8Z4AaABAg,,False,@مسعسل-ذ3ع,هاي❤😊,0,2024-03-20T22:10:41Z,2024-03-20T22:10:41Z
UgwlOnV0DMaRZQDjylZ4AaABAg,,False,@JaeliLeija,BLACKPINK WE MISS YOU SO MUCHHHH!😭,0,2024-03-20T21:01:42Z,2024-03-20T21:01:42Z
Ugx8pXEbIcLNUGDbEPV4AaABAg,,False,@Shizen-w1b,Love you guys 4 queens for ever💗🖤💗,0,2024-03-20T20:50:34Z,2024-03-20T20:50:34Z
UgwE_OUJ7RlnI-EZ_HJ4AaABAg,,False,@jawweriakhan9680,We need Queens back so we can see them slay❤💅🏻💅🏻💅🏻💅🏻❤🔥🔥🔥,0,2024-03-20T20:22:32Z,2024-03-20T20:22:32Z
UgwNpDWbNl0yB0bKPid4AaABAg,,False,@rosies_ares_roe薔薇愛人,Çooook güzelsiniz,0,2024-03-20T19:53:02Z,2024-03-20T19:53:02Z
UgxP2QM6IliR7ziITdZ4AaABAg,,False,@selenadelgadogonzalez,Van ah sacar otro light stick de una flor con ojos lo quiero ya😻👊,2,2024-03-20T19:40:02Z,2024-03-20T19:40:02Z
UgxdTKWs_9F1khudIoh4AaABAg,,False,@Selena_511A,WE NEED A COMEBACK,2,2024-03-20T19:39:01Z,2024-03-20T19:39:01Z
UgyngZnr3cAvefuJkOh4AaABAg,,False,@selenadelgadogonzalez,Blackpinks Is a revolution🖤🩷,1,2024-03-20T19:37:50Z,2024-03-20T19:37:50Z
Ugy0dP_givP27Yd1hfp4AaABAg,,False,@dazzlingdreamworld6579,"Love you our queens, eagerly waiting for ur comeback ❤❤❤",0,2024-03-20T19:08:38Z,2024-03-20T19:08:38Z
Ugz81qO163EyWAShtTl4AaABAg,,False,@Nurgul-zy4ol,I love you Blackpink and all Turks love you💖🇹🇷🇰🇷💫,0,2024-03-20T19:06:12Z,2024-03-20T19:06:12Z
UgwBtueSmzI_T2mX23l4AaABAg,,False,@Oneoftheblinks_Sofi,We really need a come back,2,2024-03-20T18:36:25Z,2024-03-20T18:36:25Z
Ugys8sMqHd2t0Cw8A614AaABAg,,False,@PricilaQuijano-md7bu,BLAckPiNk🎉❤,0,2024-03-20T18:36:18Z,2024-03-20T18:36:18Z
Ugz_SJstQlAjEYt7VGJ4AaABAg,,False,@buglemmumcu3603,ı love you blackpink,2,2024-03-20T18:35:47Z,2024-03-20T18:35:47Z
Ugx1Nz78IbhYhXrD5Ax4AaABAg,,False,@NicoleAlvarez-tl9lb,Extraño a Blackpink,0,2024-03-20T18:02:01Z,2024-03-20T18:02:01Z
Ugw6o19QmQIOhQVjvQN4AaABAg,,False,@pratapray3205,Comeback and a concert in India 🖤💗,0,2024-03-20T18:00:27Z,2024-03-20T18:00:27Z
UgyerYB4mS3VvArgO6R4AaABAg,,False,@BerserkFury-j6o,"i love you
 i love you
 i love you
I love you
 i love you i love you
I love you
I love you
I love you
I love you
I love you
I loveyou
 i love you
I love you
I love you
I love you 
I love you
I love you
 i love you 
I❤u
I❤u i❤u
I❤y
I❤y
I❤u 
❤
❤
❤
❤
❤
❤
❤
❤
❤

❤
❤
❤
❤
❤
❤
❤
❤
❤❤❤❤
❤
❤
❤
❤
❤
❤
❤
❤
❤
❤
❤
❤

❤
❤
❤
❤
❤
❤      











 like",1,2024-03-20T17:42:36Z,2024-03-20T17:42:36Z
UgyerYB4mS3VvArgO6R4AaABAg.A1DAkg1bSHgA1PiH7oknAo,UgyerYB4mS3VvArgO6R4AaABAg,True,@BerserkFury-j6o,❤❤❤,0,2024-03-25T14:35:09Z,2024-03-25T14:35:09Z
UgxFFRTXAqhKDSJu7f94AaABAg,,False,@xyalsixliyeva3336,Yey blackpink ı love you,0,2024-03-20T17:26:59Z,2024-03-20T17:26:59Z
Ugw-CCuHqHB6r1h80Ih4AaABAg,,False,@t_6857,"Русские люди , объясните мне что это значит я туплю
Я очень жду возвращения этих принцесс 👑",0,2024-03-20T17:23:28Z,2024-03-20T17:23:28Z
UgzdDfLBCSqmnXMG2Sp4AaABAg,,False,@lisaquenstar,"I love you Jisoo❤
I love youLisa❤
I love you Jennie❤
I love you Rose❤",0,2024-03-20T17:20:38Z,2024-03-20T17:20:38Z
Ugy2qOCQBH7ZQAz9JSV4AaABAg,,False,@ruka_baemon170,and no comeback,0,2024-03-20T17:17:31Z,2024-03-20T17:17:31Z
UgxFK1wvrpVfbK4ENU54AaABAg,,False,@Azrayws_2,"블랙핑크는 언제나처럼 훌륭해, 내가 가장 좋아하는 밴드❤❤❤❤❤❤❤❤",39,2024-03-20T17:13:28Z,2024-03-20T17:13:28Z
UgxFK1wvrpVfbK4ENU54AaABAg.A1D7QL1TzaiA5ts5-QggT8,UgxFK1wvrpVfbK4ENU54AaABAg,True,@nadie526-c6z,Si,0,2024-07-15T03:02:54Z,2024-07-15T03:02:54Z
UgxFK1wvrpVfbK4ENU54AaABAg.A1D7QL1TzaiA6C0pQfGCbf,UgxFK1wvrpVfbK4ENU54AaABAg,True,@ErikaPytlounova,(｡･ω･｡)❤❤❤❤❤❤BLACKPINK🇰🇷,1,2024-07-22T13:33:36Z,2024-07-22T13:33:36Z
UgzKuQdxId4c4iJU2x94AaABAg,,False,@chetna536,I was waiting for you please comeback 4 queens please 🥺🥺😭i miss u 4 queens 👑😭😭🥺,1,2024-03-20T17:12:59Z,2024-03-20T17:14:40Z
UgyizOFx7RBoKsPyCPt4AaABAg,,False,@mouradhemidi1889,"Hello my Favorit groupe l'm sad😢
اهلا يا فرقتي المفضلة انا حزينة😢",2,2024-03-20T17:12:08Z,2024-03-20T17:12:08Z
UgxX6MFnGe7orsa32_l4AaABAg,,False,@low683,Kraliçeler geri döndü,0,2024-03-20T17:11:09Z,2024-03-20T17:11:09Z
UgyQHX3HpIQEuRYh32B4AaABAg,,False,@prasannasriyan3722,We need a comeback...,1,2024-03-20T17:07:18Z,2024-03-20T17:07:18Z
Ugy2xBJTzV2tMk0IHDZ4AaABAg,,False,@VineetaKhairwal,"Lisa Birthday is coming 27-3-24 congratulations, Black pink in your area 🖤💗",1,2024-03-20T17:07:10Z,2024-03-20T17:07:10Z
Ugy8NQehbGqfn10HE0R4AaABAg,,False,@Oliviandstfan_xxd,I love you blackpink,0,2024-03-20T17:05:48Z,2024-03-20T17:05:48Z
UgwRKL6MKH0f1YllVBx4AaABAg,,False,@Roslena.,YG.! GIVE US A GODDAMN COMEBACK!!!!!?,0,2024-03-20T17:02:32Z,2024-03-20T17:02:32Z
Ugwqx-3J0pBvvt0Eh0l4AaABAg,,False,@Lisoo135,It's so cute ❤,0,2024-03-20T16:53:38Z,2024-03-20T16:53:38Z
UgxrvVGRCA0HSuRRSzB4AaABAg,,False,@elsa9372,Shut Down ya llegó alos 600 de vistas pero creo que blackpink no se ha dado cuenta todavía 🖤🖤💗💗,0,2024-03-20T16:42:43Z,2024-03-20T16:42:43Z
Ugzfweh2Wy2eCoEgezN4AaABAg,,False,@Jennies_jebelehübeli,"I love youuuuuuu BLACKPİNK
I love you Jennie",0,2024-03-20T16:33:28Z,2024-03-20T16:33:28Z
UgyFaGZCZkYs6mftKwd4AaABAg,,False,@LinaShb-x5m,Liiiiisa❤❤❤❤❤❤❤❤,0,2024-03-20T16:30:15Z,2024-03-20T16:30:15Z
Ugz0QlmtPflk0d9ij4J4AaABAg,,False,@X.x.4ng3l.x.X,I LOVE BLACKPINK 😭😭😭😭😭😭🖤🩷🖤🩷🖤🩷🖤,0,2024-03-20T16:25:29Z,2024-03-20T16:25:29Z
UgySEJ85NhECnI9FH_J4AaABAg,,False,@Myunivers12,I WANT BLACKPINK TO MAKE A COMEBACK🎉🎉,0,2024-03-20T16:16:03Z,2024-03-20T16:16:03Z
UgxucBd9_0zfjMSd8Dd4AaABAg,,False,@Yeovies,What is thiss,0,2024-03-20T16:15:36Z,2024-03-20T16:15:36Z
UgykglA-VQrW12vEUJl4AaABAg,,False,@veraalmeida98,We need a comeback PLEASE,0,2024-03-20T16:13:47Z,2024-03-20T16:13:47Z
UgwZJIs5GjEqJj15IcJ4AaABAg,,False,@legends_marvel,BLACKPINK IS THE REVOLUTION ❤,1,2024-03-20T16:08:21Z,2024-03-20T16:08:21Z
UgzyHSP0cC0n1jwgyel4AaABAg,,False,@sheulidas4721,Is blackpink really unband,0,2024-03-20T15:56:39Z,2024-03-20T15:56:39Z
UgxfKrAkXvaPTg1qGuR4AaABAg,,False,@MeryemAlakuş-s1u,Selja!!,0,2024-03-20T15:54:30Z,2024-03-20T15:54:30Z
Ugw78ukSqi2BAtb2iRd4AaABAg,,False,@sandraorjuelacolombia5922,omggggggggggggg,0,2024-03-20T15:53:07Z,2024-03-20T15:53:07Z
Ugyt8TYM2WwlsVkEUup4AaABAg,,False,@ruchikasharma6807,Blackpink in your area ❤,0,2024-03-20T15:37:24Z,2024-03-20T15:37:24Z
Ugyvk9BjAibLdFbF88J4AaABAg,,False,@Джису-п7б,❤❤❤❤❤❤❤❤❤❤❤❤❤❤❤❤❤❤❤❤❤❤❤❤❤❤❤❤❤❤❤❤❤❤❤❤❤❤❤❤❤❤❤❤❤❤❤❤❤❤❤❤,0,2024-03-20T15:32:39Z,2024-03-20T15:32:39Z
UgwFLmdgtuzEbuxu0xF4AaABAg,,False,@Arika779,I love my 4 Queens. ❤❤❤,0,2024-03-20T15:32:09Z,2024-03-20T15:32:09Z
UgzmClMLAvgvTEWMdWF4AaABAg,,False,@Minxwq-,İyy,1,2024-03-20T15:26:23Z,2024-03-20T15:26:23Z
Ugy33aRURJTLf3PaupB4AaABAg,,False,@ThidarSoe-ul6mr,Back  pink🎉,0,2024-03-20T15:17:07Z,2024-03-20T15:17:07Z
UgytL4vjjz6KZDVXYKh4AaABAg,,False,@piyarasinghdhiman6742,"Finnally waiting for your comeback 
I love you black pink",0,2024-03-20T15:09:17Z,2024-03-20T15:09:17Z
UgzIgbWnCkZMW0bB6-54AaABAg,,False,@doodoodoraaa,You're our goddesses,0,2024-03-20T15:07:21Z,2024-03-20T15:07:21Z
Ugy1F4BmZPL0ZWz9xHd4AaABAg,,False,@doodoodoraaa,I love u guys,0,2024-03-20T15:07:05Z,2024-03-20T15:07:05Z
Ugy3yCfLtgQz5ca4jcN4AaABAg,,False,@pinklisa2763,Please do a comeback we miss you really,0,2024-03-20T14:39:14Z,2024-03-20T14:39:14Z
UgxyTCiqaKtRMm-Rf3x4AaABAg,,False,@ГулмираХалимбоева,돌아 오십시오 나는 당신을 그리워합니다 나는 당신을 매우 사랑합니다 2017 년부터 깜박 거렸습니다 돌아 오십시오 나는 당신을 그리워합니다,0,2024-03-20T14:38:58Z,2024-03-20T14:38:58Z
UgzVui-RXXIlqhrbQJV4AaABAg,,False,@s.c1ezt,"YALL ARE BACK
IVE BEEN DIEING OF DEPRESSION JUST STARING AT YOUR POSTERS😭
🥳🥳",0,2024-03-20T14:33:49Z,2024-03-20T14:33:49Z
Ugw1g1W27_BAZZ6UI3R4AaABAg,,False,@Rosieposiebestt,COMEBACK PLEASEEEE❤❤,0,2024-03-20T14:32:41Z,2024-03-20T14:32:41Z
Ugy73QYXHhROHNXpGYZ4AaABAg,,False,@ramkantisharma9275,we need a new song blackpink please think and make a new song please I am a real blink❤❤🥹🥹🖤💗🖤💗🖤💗🖤💗,0,2024-03-20T14:29:22Z,2024-03-20T14:29:22Z
UgzUvMl_6UYO3tTO12d4AaABAg,,False,@Godshanking,"Yg please please please please please please please please please please please please please please please do 
Blackpink comeback
We miss are queens so much",0,2024-03-20T14:26:59Z,2024-03-20T14:26:59Z
UgyMF3DmEnIVHqDIQch4AaABAg,,False,@Zeynep_Vlogs83,Kim blackpinkin 2030gibi uzun süre ayrılmamasını istiyor,0,2024-03-20T14:22:13Z,2024-03-20T14:22:13Z
UgzPSSubxe56gO81VDh4AaABAg,,False,@Vminkook49,I need blackpink comeback,0,2024-03-20T14:19:24Z,2024-03-20T14:19:24Z
UgwR7olYIAoH4E7o6t94AaABAg,,False,@L.i.s.a.-_-402,"I love Blackpink so much, everyone is crazy, I love Lisa the most 💗🖤",0,2024-03-20T13:38:28Z,2024-03-20T13:38:28Z
Ugx0hajVZU0FsJh2mu54AaABAg,,False,@Jenrubyjane1-i3k,WE NEED A COMEBACK,0,2024-03-20T13:36:43Z,2024-03-20T13:36:43Z
UgyjYUWA6WslE9HR5Fh4AaABAg,,False,@Dżulajta1,COMEBACK!,0,2024-03-20T13:24:08Z,2024-03-20T13:24:08Z
UgwNiTkwq-EZ5tOVUBN4AaABAg,,False,@СайХертек-о6ч,Ja Ja,0,2024-03-20T13:19:56Z,2024-03-20T13:19:56Z
Ugzk1TeLIruQnIu58pB4AaABAg,,False,@Buket_isteww,I Love you blackpink❤❤,0,2024-03-20T13:17:05Z,2024-03-20T13:17:05Z
UgyIy8h2Kd1YSSrAZ8p4AaABAg,,False,@lalisa8812,❤❤❤,0,2024-03-20T12:45:58Z,2024-03-20T12:45:58Z
UgxCE_gAhjslcMFZ1l14AaABAg,,False,@loyiseefatos,Amooooooooo black pink,0,2024-03-20T12:11:47Z,2024-03-20T12:11:47Z
Ugyc-hzZ3x0GZ0WQMlF4AaABAg,,False,@Patymuniz13,🖤°•●◉✿𝓑𝓵𝓪𝓬𝓴𝓹𝓲𝓷𝓴 ✿◉●•◦💗,2,2024-03-20T11:41:55Z,2024-03-20T11:41:55Z
UgxWwLIQhjIQbD_Wlq94AaABAg,,False,@bharathireddy1711,Miss you guys soo much🖤🩷🖤🩷🖤🩷,1,2024-03-20T11:29:55Z,2024-03-20T11:29:55Z
UgzrY1P-73P78ZblK7J4AaABAg,,False,@LOVERSBLACKPINK-33,BLACKPINK FOREVER PLS COMEBACK 💓💓💓💓💓💓💓💓💓💓💓💓💓💓💓💓💓💓💓💓💓💓💓💓💓💓💓💓💓💓💓💓💓💓💓💓💓💓💓💓💓💓💓💓💓💓💓💓💓💓💓💓💓💓💓💓💓💓💓💓💓💓💓💓💓💓💓💓💓💓💓💓💓💓💓💓💓💓💓💓💓💓💓💓💓💓💓💓💓💓💓💓💓💓💓💓💓💓💓💓💓💓💓💓💓💓💓💓💓💓💓💓💓💓💓💓💓💓💓💓💓💓💓💓💓💓💓💓💓💓💓💓💓💓💓💓💓💓💓💓💓💓💓💓💓💓💓💓💓💓💓💓💓💓💓💓💓💓💓💓💓💓💓💓💓💓💓💓💓💓💓💓💓💓💓💓💓💓💓💓💓💓💓💓💓💓💓💓💓💓💓💓💓💓💓💓💓💓💓💓💓💓💓💓💓💓💓💓💓💓💓💓💓💓,1,2024-03-20T11:28:57Z,2024-03-20T11:28:57Z
UgwBEm9U_7wV8OkEQTZ4AaABAg,,False,@ЗумрадМусаева,"❤️❤️❤️❤️  
 ❤️   ❤️ 
 ❤️   ❤️ 
 ❤️❤️❤️❤️  
 ❤️   ❤️ 
 ❤️   ❤️ 
 ❤️❤️❤️❤️  
       
       
 ❤️     
 ❤️     
 ❤️     
 ❤️     
 ❤️     
 ❤️     
 ❤️❤️❤️❤️❤️ 
       
       
   ❤️   
  ❤️ ❤️  
 ❤️   ❤️ 
 ❤️   ❤️ 
 ❤️❤️❤️❤️❤️ 
 ❤️   ❤️ 
 ❤️   ❤️ 
       
       
  ❤️❤️❤️  
 ❤️   ❤️ 
 ❤️     
 ❤️     
 ❤️     
 ❤️   ❤️ 
  ❤️❤️❤️  
       
       
 ❤️   ❤️ 
 ❤️  ❤️  
 ❤️ ❤️   
 ❤️❤️    
 ❤️ ❤️   
 ❤️  ❤️  
 ❤️   ❤️ 
       
       
 ❤️❤️❤️❤️  
 ❤️   ❤️ 
 ❤️   ❤️ 
 ❤️❤️❤️❤️  
 ❤️     
 ❤️     
 ❤️     
       
       
  ❤️❤️❤️  
   ❤️   
   ❤️   
   ❤️   
   ❤️   
   ❤️   
  ❤️❤️❤️  
       
       
       
       
  ❤️❤️❤️  
 ❤️   ❤️ 
 ❤️   ❤️ 
 ❤️   ❤️ 
 ❤️   ❤️ 
       
       
 ❤️   ❤️ 
 ❤️  ❤️  
 ❤️ ❤️   
 ❤️❤️    
 ❤️ ❤️   
 ❤️  ❤️  
 ❤️   ❤️",0,2024-03-20T11:21:57Z,2024-03-20T11:21:57Z
UgzsroB2R8GmrA0pQep4AaABAg,,False,@blintosavarr,TWİCE BEST GG,0,2024-03-20T10:55:04Z,2024-03-20T10:55:04Z
Ugy05BwIpwGDV2VgmJx4AaABAg,,False,@ramilzeynalov3553,❤❤❤,0,2024-03-20T10:02:14Z,2024-03-20T10:02:14Z
Ugxawn_BMxZkya0P4qR4AaABAg,,False,@martamustapic,"I am so happy that blackpink will have new comeback,i love my 4 queens❤❤❤❤❤",0,2024-03-20T09:45:11Z,2024-03-20T09:45:11Z
Ugx3nWvUKsW66Pi9n2N4AaABAg,,False,@Lisabenimmisfln,Lisa's beauty in Blackpink,1,2024-03-20T08:59:19Z,2024-03-20T08:59:19Z
Ugxt14eMdkWz-pPxRqF4AaABAg,,False,@Dhanvi-ij2xc,Wow new logo come,0,2024-03-20T08:57:14Z,2024-03-20T08:57:14Z
UgxkQxSk7_Ec_ZBwfWp4AaABAg,,False,@Zain24313,"너무 보고 싶어, 나의 여왕들  💗🌟",0,2024-03-20T08:55:20Z,2024-03-20T08:55:20Z
UgxKX7AhECWthf5p0vB4AaABAg,,False,@JenisbaySalimov,"Сени суйемин ,👍👍👍👍👍👍👍👍👍👍👍👍👍👍🇺🇿🇺🇿🇺🇿🇺🇿🇺🇿👉",0,2024-03-20T08:08:28Z,2024-03-20T08:08:28Z
Ugz1qCOmV88PIpGa4wJ4AaABAg,,False,@aayushimandal9231,Miss you queens this is gonna be their year we blinks love you Blackpink we need a comeback ❤❤❤❤,0,2024-03-20T07:42:37Z,2024-03-20T07:42:37Z
Ugy9tNzE7oTDSGMpwBN4AaABAg,,False,@Lizok_Sm,"BLACKPINK, please come back, I'm really looking forward to it ❤❤❤",0,2024-03-20T07:30:28Z,2024-03-20T07:30:28Z
UgxLdR337HmPovRE_xt4AaABAg,,False,@crazycarrollcrew,COMEBACK 😭😭👀👀👀👀SOON PLZZ🩷🩷🩷💗💗💗💗💗😩,0,2024-03-20T06:09:52Z,2024-03-20T06:09:52Z
UgwN2h7QIKD2LGHiMcR4AaABAg,,False,@Myheart_lalisa_Foreverhere,"블랙핑크 절대 해체하면 안된다고 생각하는 사람들
👇🏻",1,2024-03-20T05:38:27Z,2024-03-20T05:38:27Z
UgzyN1sqxkn1Y3TZS4l4AaABAg,,False,@Myheart_lalisa_Foreverhere,Forever; BLACKPİNK 🖤💗,1,2024-03-20T05:33:49Z,2024-03-20T05:33:49Z
Ugw5_8x-HEXpDuIMFUZ4AaABAg,,False,@Blinks_Blackpink2012,Omggggg l really gonna buy everything,0,2024-03-20T05:18:35Z,2024-03-20T05:18:35Z
Ugwq7B5eUG7YHWgDS054AaABAg,,False,@JENNIEMANDU85,"We love you BLACKPINK✨💝(Infinity love)
We love you BLACKPINK✨💝(Infinity love)
We love you BLACKPINK✨💝(Infinity love)
We love you BLACKPINK✨💝(Infinity love)
We love you BLACKPINK✨💝(Infinity love)
We love you BLACKPINK✨💝(Infinity love)
We love you BLACKPINK✨💝(Infinity love)
We love you BLACKPINK✨💝(Infinity love)
We love you BLACKPINK✨💝(Infinity love)
We love you BLACKPINK✨💝(Infinity love)
We love you BLACKPINK✨💝(Infinity love)
We love you BLACKPINK✨💝(Infinity love)
We love you BLACKPINK✨💝(Infinity love)
We love you BLACKPINK✨💝(Infinity love)
We love you BLACKPINK✨💝(Infinity love)
We love you BLACKPINK✨💝(Infinity love)
We love you BLACKPINK✨💝(Infinity love)
We love you BLACKPINK✨💝(Infinity love)
We love you BLACKPINK✨💝(Infinity love)
We love you BLACKPINK✨💝(Infinity love)
We love you BLACKPINK✨💝(Infinity love)
We love you BLACKPINK✨💝(Infinity love)
We love you BLACKPINK✨💝(Infinity love)
We love you BLACKPINK✨💝(Infinity love)
We love you BLACKPINK✨💝(Infinity love)
We love you BLACKPINK✨💝(Infinity love)
We love you BLACKPINK✨💝(Infinity love)
We love you BLACKPINK✨💝(Infinity love)
We love you BLACKPINK✨💝(Infinity love)
We love you BLACKPINK✨💝(Infinity love)
We love you BLACKPINK✨💝(Infinity love)
We love you BLACKPINK✨💝(Infinity love)
We love you BLACKPINK✨💝(Infinity love)
We love you BLACKPINK✨💝(Infinity love)
We love you BLACKPINK✨💝(Infinity love)
We love you BLACKPINK✨💝(Infinity love)
We love you BLACKPINK✨💝(Infinity love)
We love you BLACKPINK✨💝(Infinity love)
We love you BLACKPINK✨💝(Infinity love)
We love you BLACKPINK✨💝(Infinity love)
We love you BLACKPINK✨💝(Infinity love)
We love you BLACKPINK✨💝(Infinity love)
We love you BLACKPINK✨💝(Infinity love)
We love you BLACKPINK✨💝(Infinity love)
We love you BLACKPINK✨💝(Infinity love)
We love you BLACKPINK✨💝(Infinity love)
We love you BLACKPINK✨💝(Infinity love)
We love you BLACKPINK✨💝(Infinity love)
We love you BLACKPINK✨💝(Infinity love)
We love you BLACKPINK✨💝(Infinity love)
We love you BLACKPINK✨💝(Infinity love)
We love you BLACKPINK✨💝(Infinity love)
We love you BLACKPINK✨💝(Infinity love)
We love you BLACKPINK✨💝(Infinity love)
We love you BLACKPINK✨💝(Infinity love)
We love you BLACKPINK✨💝(Infinity love)
We love you BLACKPINK✨💝(Infinity love)
We love you BLACKPINK✨💝(Infinity love)
We love you BLACKPINK✨💝(Infinity love)
We love you BLACKPINK✨💝(Infinity love)
We love you BLACKPINK✨💝(Infinity love)
We love you BLACKPINK✨💝(Infinity love)
We love you BLACKPINK✨💝(Infinity love)
We love you BLACKPINK✨💝(Infinity love)
We love you BLACKPINK✨💝(Infinity love)
We love you BLACKPINK✨💝(Infinity love)
We love you BLACKPINK✨💝(Infinity love)
We love you BLACKPINK✨💝(Infinity love)
We love you BLACKPINK✨💝(Infinity love)
We love you BLACKPINK✨💝(Infinity love)
We love you BLACKPINK✨💝(Infinity love)
We love you BLACKPINK✨💝(Infinity love)
We love you BLACKPINK✨💝(Infinity love)
We love you BLACKPINK✨💝(Infinity love)
We love you BLACKPINK✨💝(Infinity love)
We love you BLACKPINK✨💝(Infinity love)
We love you BLACKPINK✨💝(Infinity love)
We love you BLACKPINK✨💝(Infinity love)
We love you BLACKPINK✨💝(Infinity love)
We love you BLACKPINK✨💝(Infinity love)
We love you BLACKPINK✨💝(Infinity love)
We love you BLACKPINK✨💝(Infinity love)
We love you BLACKPINK✨💝(Infinity love)
We love you BLACKPINK✨💝(Infinity love)
We love you BLACKPINK✨💝(Infinity love)
We love you BLACKPINK✨💝(Infinity love)
We love you BLACKPINK✨💝(Infinity love)
We love you BLACKPINK✨💝(Infinity love)
We love you BLACKPINK✨💝(Infinity love)
We love you BLACKPINK✨💝(Infinity love)
We love you BLACKPINK✨💝(Infinity love)
We love you BLACKPINK✨💝(Infinity love)
We love you BLACKPINK✨💝(Infinity love)
We love you BLACKPINK✨💝(Infinity love)
We love you BLACKPINK✨💝(Infinity love)
We love you BLACKPINK✨💝(Infinity love)
We love you BLACKPINK✨💝(Infinity love)
We love you BLACKPINK✨💝(Infinity love)
We love you BLACKPINK✨💝(Infinity love)
We love you BLACKPINK✨💝(Infinity love)
We love you BLACKPINK✨💝(Infinity love)
We love you BLACKPINK✨💝(Infinity love)
We love you BLACKPINK✨💝(Infinity love)
We love you BLACKPINK✨💝(Infinity love)
We love you BLACKPINK✨💝(Infinity love)
We love you BLACKPINK✨💝(Infinity love)
We love you BLACKPINK✨💝(Infinity love)
We love you BLACKPINK✨💝(Infinity love)
We love you BLACKPINK✨💝(Infinity love)
We love you BLACKPINK✨💝(Infinity love)
We love you BLACKPINK✨💝(Infinity love)
We love you BLACKPINK✨💝(Infinity love)
We love you BLACKPINK✨💝(Infinity love)
We love you BLACKPINK✨💝(Infinity love)
We love you BLACKPINK✨💝(Infinity love)
We love you BLACKPINK✨💝(Infinity love)
We love you BLACKPINK✨💝(Infinity love)
We love you BLACKPINK✨💝(Infinity love)
We love you BLACKPINK✨💝(Infinity love)
We love you BLACKPINK✨💝(Infinity love)
We love you BLACKPINK✨💝(Infinity love)
We love you BLACKPINK✨💝(Infinity love)
We love you BLACKPINK✨💝(Infinity love)
We love you BLACKPINK✨💝(Infinity love)
We love you BLACKPINK✨💝(Infinity love)
We love you BLACKPINK✨💝(Infinity love)
We love you BLACKPINK✨💝(Infinity love)
We love you BLACKPINK✨💝(Infinity love)
We love you BLACKPINK✨💝(Infinity love)
We love you BLACKPINK✨💝(Infinity love)
We love you BLACKPINK✨💝(Infinity love)
We love you BLACKPINK✨💝(Infinity love)
We love you BLACKPINK✨💝(Infinity love)
We love you BLACKPINK✨💝(Infinity love)
We love you BLACKPINK✨💝(Infinity love)
We love you BLACKPINK✨💝(Infinity love)
We love you BLACKPINK✨💝(Infinity love)
We love you BLACKPINK✨💝(Infinity love)
We love you BLACKPINK✨💝(Infinity love)
We love you BLACKPINK✨💝(Infinity love)
We love you BLACKPINK✨💝(Infinity love)
We love you BLACKPINK✨💝(Infinity love)
We love you BLACKPINK✨💝(Infinity love)
We love you BLACKPINK✨💝(Infinity love)
We love you BLACKPINK✨💝(Infinity love)
We love you BLACKPINK✨💝(Infinity love)
We love you BLACKPINK✨💝(Infinity love)
We love you BLACKPINK✨💝(Infinity love)
We love you BLACKPINK✨💝(Infinity love)
We love you BLACKPINK✨💝(Infinity love)
We love you BLACKPINK✨💝(Infinity love)
We love you BLACKPINK✨💝(Infinity love)
We love you BLACKPINK✨💝(Infinity love)
We love you BLACKPINK✨💝(Infinity love)
We love you BLACKPINK✨💝(Infinity love)
We love you BLACKPINK✨💝(Infinity love)
We love you BLACKPINK✨💝(Infinity love)
We love you BLACKPINK✨💝(Infinity love)
We love you BLACKPINK✨💝(Infinity love)
We love you BLACKPINK✨💝(Infinity love)
We love you BLACKPINK✨💝(Infinity love)
We love you BLACKPINK✨💝(Infinity love)
We love you BLACKPINK✨💝(Infinity love)
We love you BLACKPINK✨💝(Infinity love)
We love you BLACKPINK✨💝(Infinity love)
We love you BLACKPINK✨💝(Infinity love)
We love you BLACKPINK✨💝(Infinity love)
We love you BLACKPINK✨💝(Infinity love)
We love you BLACKPINK✨💝(Infinity love)
We love you BLACKPINK✨💝(Infinity love)
We love you BLACKPINK✨💝(Infinity love)
We love you BLACKPINK✨💝(Infinity love)
We love you BLACKPINK✨💝(Infinity love)
We love you BLACKPINK✨💝(Infinity love)
We love you BLACKPINK✨💝(Infinity love)
We love you BLACKPINK✨💝(Infinity love)
We love you BLACKPINK✨💝(Infinity love)
We love you BLACKPINK✨💝(Infinity love)
We love you BLACKPINK✨💝(Infinity love)
We love you BLACKPINK✨💝(Infinity love)
We love you BLACKPINK✨💝(Infinity love)
We love you BLACKPINK✨💝(Infinity love)
We love you BLACKPINK✨💝(Infinity love)
We love you BLACKPINK✨💝(Infinity love)
We love you BLACKPINK✨💝(Infinity love)
We love you BLACKPINK✨💝(Infinity love)
We love you BLACKPINK✨💝(Infinity love)
We love you BLACKPINK✨💝(Infinity love)
We love you BLACKPINK✨💝(Infinity love)
We love you BLACKPINK✨💝(Infinity love)
We love you BLACKPINK✨💝(Infinity love)
We love you BLACKPINK✨💝(Infinity love)
We love you BLACKPINK✨💝(Infinity love)
We love you BLACKPINK✨💝(Infinity love)
We love you BLACKPINK✨💝(Infinity love)
We love you BLACKPINK✨💝(Infinity love)
We love you BLACKPINK✨💝(Infinity love)
We love you BLACKPINK✨💝(Infinity love)
We love you BLACKPINK✨💝(Infinity love)
We love you BLACKPINK✨💝(Infinity love)",0,2024-03-20T05:16:00Z,2024-03-20T05:16:00Z
UgxdVFrN88RydUtg65F4AaABAg,,False,@JENNIEMANDU85,"Miss our 4 Queens please comeback BLACKPINK I was Waiting for a comeback we miss songs, cute, angry..... Please comeback we love you sooooo much!",0,2024-03-20T05:12:47Z,2024-03-20T05:12:47Z
Ugy_az_FGa9p-oBbZyt4AaABAg,,False,@Lisa-t3r,𝕎𝕖 𝕄𝕚𝕤𝕤 𝕪𝕠𝕦 𝕠𝕦𝕣 𝕗𝕠𝕦𝕣 𝕢𝕦𝕖𝕖𝕟😢😢 𝕡𝕝𝕤 𝕔𝕠𝕞𝕖𝕓𝕒𝕔𝕜 ✧ BLIИK ∞ BLΛƆKPIИK ✧❤❤,1,2024-03-20T04:43:28Z,2024-03-20T04:46:28Z
UgwQl9pmCrZVCkLC19x4AaABAg,,False,@wearemm,WE NEED COMEBACK!❤BLACKPINK sign up! 🔥💥💞,11,2024-03-20T04:36:14Z,2024-03-20T04:36:14Z
UgzKhFx-T_BDdofIZON4AaABAg,,False,@Helloimakid333,"BLACKPINK We love youuuu ❤
We know this is a promising comeback",0,2024-03-20T03:41:28Z,2024-03-20T03:45:11Z
UgxEQKnld3ZEBAmZ4eR4AaABAg,,False,@milo.j2010,😻💞💞,1,2024-03-20T02:53:18Z,2024-03-20T02:53:18Z
UgwOy5R_fMuIBb3czzN4AaABAg,,False,@JESTMONSTES7,Ilove you lisaaaaa 💗💗💗🖤,1,2024-03-20T02:49:46Z,2024-03-20T02:49:46Z
UgwrDtXICZ5x6w5hJ1x4AaABAg,,False,@kvik886,🔥🔥🔥🔥🖤💓я вас люблююю 😢,0,2024-03-20T01:34:19Z,2024-03-20T01:34:19Z
UgxEtsX7wjqGkPUILR14AaABAg,,False,@blinklili-s9y,Viva blackpink in you área bb 🖤💗💋,0,2024-03-20T00:58:08Z,2024-03-20T00:58:08Z
UgzmFDNnsKMjeqs_2OJ4AaABAg,,False,@PrettyxYejix,OMGG,0,2024-03-20T00:52:22Z,2024-03-20T00:52:22Z
UgxJ39ZLPv_IJ8Br5qh4AaABAg,,False,@Pequenaysadora,Eu amo a lisaaa❤❤,0,2024-03-20T00:34:29Z,2024-03-20T00:34:29Z
UgyAR6bnisJS23ZZKjt4AaABAg,,False,@KPOPINKZ,I love you so much 💓😘 that i can't explain 💋❤️❤️❤️❤️❤️❤️❤️❤❤,0,2024-03-19T23:35:50Z,2024-03-19T23:35:50Z
UgxjGj_BuH-UOQ6xHiF4AaABAg,,False,@ChaeRose-pf2zs,Alguien que hable español???,1,2024-03-19T23:16:24Z,2024-03-19T23:16:24Z
UgxQPQk1ar75FLUXrQN4AaABAg,,False,@MonserratVargasRamirez-ww4xp,Blackpink ❤❤❤❤❤🖤🖤🖤🖤🩷🩷💘,1,2024-03-19T22:50:03Z,2024-03-19T22:50:03Z
UgzhQNIvADMNgGFUeb14AaABAg,,False,@Blink_Rosé48,The Queens finally give a sign of life 💓,0,2024-03-19T22:25:15Z,2024-03-19T22:25:15Z
UgwRHuoNcg-ddPkODON4AaABAg,,False,@RRLL11435,Please download a song ❤😊😢,1,2024-03-19T22:14:28Z,2024-03-19T22:14:28Z
UgxHFMCRJfsB5PN40zZ4AaABAg,,False,@Jiminvjung,"Please come to Turkey in 2024, I would like to come to your concert, please.❤️❤️",0,2024-03-19T21:35:04Z,2024-03-19T21:35:04Z
UgxaLQnMlBfi6qEABEF4AaABAg,,False,@KNM195,"iLove you Go, my little stars, we are with you ✨😭❤",0,2024-03-19T21:15:50Z,2024-03-19T21:15:50Z
Ugzr33oP1EONcRFHAMR4AaABAg,,False,@Kanaekocho-o1t,🖤💗,0,2024-03-19T21:06:32Z,2024-03-19T21:06:32Z
UgysU2K0sb8Yn5AdGAB4AaABAg,,False,@Englishhh120,BLACKPINK WE NEED A COMEBACK😭😭,0,2024-03-19T20:57:18Z,2024-03-19T20:57:18Z
Ugyg27tz9pFsZH4kwYd4AaABAg,,False,@Oliviablink4life,우리 모두는 당신을 사랑합니다. 깜박이는 당신의 배려에 재미를 느끼고 안전하게 지낼 수 있기 때문입니다!,12,2024-03-19T20:54:15Z,2024-03-19T20:54:15Z
UgzC7aGXFsid0DDWbNV4AaABAg,,False,@NCTAsteroids_JISUNG,Pls come Turkey ❤,0,2024-03-19T20:16:08Z,2024-03-19T20:16:08Z
Ugwv6RozVj_PvYLu4gp4AaABAg,,False,@Mikayıl-c1h,"Blackpink, I love you so much, I wish you were with me, I could hug you, I am Azerbaijani.",0,2024-03-19T19:47:41Z,2024-03-19T19:47:41Z
Ugxa5dI1XzXYmdKYIyB4AaABAg,,False,@LinaShb-x5m,Lisa ❤❤❤❤❤❤❤❤,0,2024-03-19T19:29:10Z,2024-03-19T19:29:10Z
Ugx2U45kQmH7TxCP1Nt4AaABAg,,False,@Miawolii,Seni abone✨,0,2024-03-19T19:13:11Z,2024-03-19T19:13:11Z
UgyKV_9EJbdWNljvbIp4AaABAg,,False,@mariadefatimacoutinhodoama8878,Blackpink note me i love you❤❤❤😢😢😢,0,2024-03-19T19:11:52Z,2024-03-19T19:11:52Z
UgyTLt9OIwE-BMaLRaV4AaABAg,,False,@SamiraMireles-v2j,Blackpink las amo mucho I Love  you,0,2024-03-19T18:56:44Z,2024-03-19T18:56:44Z
Ugw3e5zGDr2u-vEIu2V4AaABAg,,False,@heekiw7,"Who miss the kpop queen😢
👇🏼",0,2024-03-19T18:43:43Z,2024-03-19T18:43:43Z
UgxLY3f_f_pIJaJjC9l4AaABAg,,False,@lalayoutube-d7x,Love Blackpink miss😢❤,1,2024-03-19T18:37:30Z,2024-03-19T18:37:30Z
Ugx94cm8qXn4VpGJOZh4AaABAg,,False,@Jennie_kim-j5e,BLACKPİNK İN YOUR AREA,0,2024-03-19T18:34:19Z,2024-03-19T18:34:19Z
UgyapCU5Oni3mNkdSgl4AaABAg,,False,@lilleinys,I Love blackpink❤❤,0,2024-03-19T18:26:48Z,2024-03-19T18:26:48Z
UgyJpnz2YZIcuqiIAUh4AaABAg,,False,@senthils75,I love Jennie ❤️🎉,1,2024-03-19T18:23:26Z,2024-03-19T18:23:26Z
Ugy-JqwZuElJDkQBr714AaABAg,,False,@Watermel0ongirl_myy,"I love you so much, my queens 🩷🖤You are my role model in beauty, strength and everything ✨😔",0,2024-03-19T18:23:13Z,2024-03-19T18:23:13Z
Ugz7jP_da5isPCZoujB4AaABAg,,False,@Mihriw,BLACKPINK IN YOUR AREA,1,2024-03-19T18:22:57Z,2024-03-19T18:22:57Z
UgzWmUrTcZA2BWCghXF4AaABAg,,False,@제니2030,Blackpink is back❤,0,2024-03-19T18:11:39Z,2024-03-19T18:11:39Z
Ugwlbn_zzps9IxIRF4x4AaABAg,,False,@Ben_Sooyas,"BLACKPİNK:
JİSOO 
JENNİE 
LİSA 
ROSE
BLİNK ♾️",0,2024-03-19T18:03:00Z,2024-03-19T18:03:00Z
UgzNmmYbNWWRDblpOVN4AaABAg,,False,@Омельченко-э3м,You made my life brighter Blackpink!,0,2024-03-19T17:58:31Z,2024-03-19T17:58:31Z
UgzitQx2ECJiMxyHhyt4AaABAg,,False,@Loverzitta,UHUUUUUL,0,2024-03-19T17:58:25Z,2024-03-19T17:58:25Z
UgyWusJ6_d618P-u9hx4AaABAg,,False,@Кату-р7м,Ураааааа. 🖤BLΛƆKPIИK💗Вы лучшееее,0,2024-03-19T16:46:09Z,2024-03-19T16:46:09Z
UgzcGmyCz-Ty_f8VrAF4AaABAg,,False,@lillygirl1594,Omg so cute,0,2024-03-19T16:43:55Z,2024-03-19T16:43:55Z
UgzTnRbEEfWAAm51o8V4AaABAg,,False,@Орлана-п6д,Ваааау❤❤❤❤❤❤,0,2024-03-19T16:41:02Z,2024-03-19T16:41:02Z
Ugzy2bebOqji4XVeqrd4AaABAg,,False,@Орлана-п6д,Wooow❤❤❤❤❤❤,0,2024-03-19T16:40:54Z,2024-03-19T16:40:54Z
Ugwv0bL_hkPn2O1nXIF4AaABAg,,False,@kpopgirl__,Blackpinkkkkkkk,0,2024-03-19T16:25:16Z,2024-03-19T16:25:16Z
UgyrSm8U3rN1-8IV3ep4AaABAg,,False,@tarlokrahal4966,Love you BLACKPINK ❤❤❤❤,0,2024-03-19T16:13:44Z,2024-03-19T16:13:44Z
UgzI9O82rYf87ic0HsV4AaABAg,,False,@mr._Diy_world,Jennie solo hits 1billion on youtube 🎉🔥,1,2024-03-19T16:05:11Z,2024-03-19T16:05:11Z
UgzI9O82rYf87ic0HsV4AaABAg.A1AQoNNGqt7A1AQyF8Gduf,UgzI9O82rYf87ic0HsV4AaABAg,True,@mr._Diy_world,I see first ❤,1,2024-03-19T16:06:32Z,2024-03-19T16:06:32Z
UgxpXTyzKut4GMPGPe14AaABAg,,False,@Lisa_is_Queen,Selam🔥,0,2024-03-19T15:47:52Z,2024-03-19T15:47:52Z
Ugw55nt0lfIXVNPDa0Z4AaABAg,,False,@brrowniwss,Cok iyi 🎉,0,2024-03-19T15:46:49Z,2024-03-19T15:46:49Z
Ugw6WXaOv3DbfeIcayV4AaABAg,,False,@sebus197,Blackpink 사랑해요 ❤❤❤❤,0,2024-03-19T15:43:04Z,2024-03-19T15:43:19Z
UgwQwydA0U8gEGpDlSJ4AaABAg,,False,@aeri._nn,MISS YOU BLACK PINK ❤,0,2024-03-19T15:28:03Z,2024-03-19T15:28:03Z
UgzRLkaFsvYccz2-C2F4AaABAg,,False,@Rolar_edits,Blackpink don't gooooo plsss 😢😢😢😢,1,2024-03-19T15:22:52Z,2024-03-19T15:22:52Z
Ugy5GJa9LyvseHe59b94AaABAg,,False,@ibtxnfixtubruxh8964,Blackpink forever,2,2024-03-19T15:19:52Z,2024-03-19T15:19:52Z
UgxMgp4-H-gfeVnEbIZ4AaABAg,,False,@Monoara_Begum1234,Blackpink,3,2024-03-19T15:17:18Z,2024-03-19T15:17:18Z
UgwNKGD0WKAdgfEa4_Z4AaABAg,,False,@Hally_edits212,Please dont disband cuz IM THE BIGGEST BLINK EVER!! My room is literally nlackpink themed and i have it like that since 2016. Love you so much!!!!❤🎉😊,29,2024-03-19T15:12:24Z,2024-03-19T15:12:24Z
UgwHwRT3baC0XDaSb0F4AaABAg,,False,@ahmedlaha1370,Blackpink,3,2024-03-19T15:12:12Z,2024-03-19T15:12:12Z
Ugz-Sp-3wF-pbmsz72N4AaABAg,,False,@BLINK_FOREVER-t1s,2+2=4,0,2024-03-19T15:03:28Z,2024-03-19T15:03:28Z
UgzZhIhGHRyqwxrYTDR4AaABAg,,False,@ronow_kim1083,Blackpink forever,10,2024-03-19T15:03:18Z,2024-03-19T15:03:18Z
UgzX1mAkPjeFimQV1TB4AaABAg,,False,@ronow_kim1083,Blackpink,3,2024-03-19T15:03:11Z,2024-03-19T15:03:11Z
UgxUyGQuYITUJHN59DR4AaABAg,,False,@love_art_____________,There are billions of fans waiting for u💗and I am one of them💖,155,2024-03-19T14:06:51Z,2024-03-19T14:06:51Z
Ugz4LGb4jV4R7foYSlp4AaABAg,,False,@AhFerciyizz566,Her kes BLACKPİNK hayranı🤗,1,2024-03-19T13:55:27Z,2024-03-19T13:55:27Z
UgxmZVAtN8A9kJw2S354AaABAg,,False,@Nayiwqs,Türkler varmi…..,2,2024-03-19T13:53:18Z,2024-03-19T13:53:18Z
UgyzjqZ10ZifaG4mtfh4AaABAg,,False,@NAOMI-d8b,I love BLACKPINK❤❤❤❤,1,2024-03-19T13:45:26Z,2024-03-19T13:45:26Z
UgzgB6xyTKDCnnoJPKV4AaABAg,,False,@RupalJain-s4x,Blackpink nahi rahi 😢😢,0,2024-03-19T13:43:33Z,2024-03-19T13:43:33Z
UgzdBnP_mbP7hc1MKB94AaABAg,,False,@asifmmmdov509,❤❤❤❤❤❤❤❤❤❤❤❤❤❤❤❤❤❤❤❤❤❤❤❤❤Blackpink❤❤❤❤❤❤❤❤❤❤❤❤❤❤❤❤❤❤❤❤❤❤❤❤❤❤❤❤❤❤❤❤❤❤❤❤❤❤❤❤❤❤❤❤❤❤❤❤❤❤❤❤❤❤❤❤❤❤❤❤❤❤❤❤❤❤❤❤❤❤❤❤❤❤❤❤❤❤❤,1,2024-03-19T13:38:54Z,2024-03-19T13:38:54Z
Ugxab5fRc3QuLckcSPF4AaABAg,,False,@Komikkedyfotoğrafçısı2013,Blackpink in your are yah.I love you lisaa❤❤❤❤,1,2024-03-19T13:24:22Z,2024-03-19T13:24:22Z
UgwBG4gQN-BB8sXvHL94AaABAg,,False,@Miss_niyana,I miss you Blackpink😢,0,2024-03-19T13:10:47Z,2024-03-19T13:10:47Z
Ugx_wvKB6oeXG-rP2n94AaABAg,,False,@lianahayrumyan5356,Блекпинк лучшие❤❤❤,1,2024-03-19T13:10:39Z,2024-03-19T13:10:39Z
Ugx91B2HP1qCIY6t0a54AaABAg,,False,@Zahiraameur4814,"Miss u 4our Queens
Black pink is the revolution",1,2024-03-19T12:48:47Z,2024-03-19T12:48:47Z
UgySRcwaJB7MLCaXSF94AaABAg,,False,@l_love_Yoshi,"Ну ребят тут не описать словами…
Точно также как моё счастьееееее❤️‍🩹❤️‍🩹❤️‍🩹❤️‍🩹❤️‍🩹❤️‍🩹❤️‍🩹❤️‍🩹❤️‍🩹🎉🎉🎉🎉🎉❤️❤️❤️🖤🩷🖤🩷🖤🩷🖤🩷",1,2024-03-19T12:14:20Z,2024-03-19T12:14:20Z
UgzrQkuhDEXmzLXaZV14AaABAg,,False,@Mariasorina-j8u,"Miss u, 4",0,2024-03-19T11:53:05Z,2024-03-19T11:53:05Z
UgzfESU1CXUIKRTnopR4AaABAg,,False,@Simplyyrosie2,WAIT IS THERE A COMEBACK HAPPENING??? 🎉,0,2024-03-19T11:49:41Z,2024-03-19T11:49:41Z
Ugzvr9kHReEIoNK4HF94AaABAg,,False,@Lalizziks,что это,0,2024-03-19T11:42:44Z,2024-03-19T11:42:44Z
Ugx-S7jRYzLtpuOztPF4AaABAg,,False,@B_l_i_n_k_u20,Pin me black pink,0,2024-03-19T11:33:46Z,2024-03-19T11:33:46Z
Ugxeb9wQghM_Gk1Id8Z4AaABAg,,False,@Moonlit_melodies2604,"Black pink is the revolution
Proud to be blink 
When are you coming in india",0,2024-03-19T11:29:11Z,2024-03-19T11:29:11Z
Ugyn0LmNbFa9RkTlM3N4AaABAg,,False,@anthipanayi503,"I LOVE YOU I AM A HUGE BLINK ,I have a serious question tho is Jennie leaving blackpink if yes pls tell her to stay she is amazing i hope she doesnt leave i love her and i love all of you please anwer ❤",0,2024-03-19T11:23:56Z,2024-03-19T11:23:56Z
UgzDBLvlB6snBvZ9ndx4AaABAg,,False,@Rolijesoo1234,Anyone pls i really don't know what is this..! Black pink is come back!?? When how?,0,2024-03-19T11:19:14Z,2024-03-19T11:19:14Z
UgzlQSzZvSQvFNbYjYR4AaABAg,,False,@K-additced,Is blackpink doing comeback????,0,2024-03-19T11:12:50Z,2024-03-19T11:12:50Z
UgyTbFzI2Mpj0kEytTR4AaABAg,,False,@Lilaly._.official,My Queen are backkk🖤💖,0,2024-03-19T10:59:04Z,2024-03-19T10:59:04Z
UgyBCGRUEY5FaWTzpTp4AaABAg,,False,@cinnamoorrol,"Hello blackpink, I just want to say that Jennie SOLO's M/V has reached 1 million views💗💗😍😍",1,2024-03-19T10:32:51Z,2024-03-19T10:32:51Z
UgxX3j5oZtpxAdLIqr14AaABAg,,False,@Kpop_lovely814,I MISS BP,0,2024-03-19T10:27:06Z,2024-03-19T10:27:06Z
UgyxjhvlxaXaJdtEkmt4AaABAg,,False,@Tae-Prince,Miss you 4  my Queens❤❤❤❤,0,2024-03-19T10:15:04Z,2024-03-20T02:43:45Z
Ugzm9_1wbuY-hdkV8dp4AaABAg,,False,@Soyewiss,여기 네 명의 여왕이 있습니다!,1,2024-03-19T09:26:12Z,2024-03-19T09:26:12Z
UgwLh5fjGdtFok8Qe_h4AaABAg,,False,@bepetulsuleymigabriela9184,Esperando que mis niñas hermosas vuelvan🥺❤️ Blackpink Forever🥰❤️,0,2024-03-19T09:21:55Z,2024-03-19T09:21:55Z
UgyNf4AW8cjB239yENd4AaABAg,,False,@bepetulsuleymigabriela9184,Extraño a Blackpink🥺❤️ Las amo infinitamente Blackpink ❤,0,2024-03-19T09:20:03Z,2024-03-19T09:20:03Z
UgzvBCPObz1qbNwsxA54AaABAg,,False,@Softrosies13,Blackpink in you area ❤❤❤,1,2024-03-19T09:12:39Z,2024-03-19T09:12:39Z
UgxxQyYPkUoOAm4LWfZ4AaABAg,,False,@ibrahimtehmezli3230,iyiki bir blinkim❤ BLACKPINK❤,0,2024-03-19T09:06:40Z,2024-03-19T09:06:40Z
UgywsNf3_vd8_AnyTld4AaABAg,,False,@staceynorcott8068,THE 4 QUEENS ARE BACK🖤💗🇰🇷🇦🇺🇹🇭,0,2024-03-19T08:42:34Z,2024-03-19T08:42:34Z
Ugy3PrXo1Sl_3_0CcS94AaABAg,,False,@witzingviktoria6126,I love you blackpink❤❤❤❤,0,2024-03-19T08:24:07Z,2024-03-19T08:24:07Z
UgxPm7qv9Uh-xTqen9p4AaABAg,,False,@kitty_Chirs,Omg soi cute 🖤🩷,1,2024-03-19T08:22:07Z,2024-03-19T08:22:07Z
UgyW-p65xtwnTElY8bJ4AaABAg,,False,@K._.tastic,Plz come back I miss you all very very very much😢😢,0,2024-03-19T08:16:37Z,2024-03-19T08:16:37Z
Ugz9q2xY-XzHYJ5elZB4AaABAg,,False,@Chasoo._.1,Sizin gibi 4 kraliçenin yerini başkası alamaz çünkü istese de sizin gibi başarılı olamaz,1,2024-03-19T08:09:52Z,2024-03-19T08:09:52Z
UgwpkM7QpBxNDNwmkXh4AaABAg,,False,@Cristal1960,Blackpink my love❤❤❤,0,2024-03-19T07:31:01Z,2024-03-19T07:31:01Z
UgwJCJKG5MiGhg54Pmd4AaABAg,,False,@aadhyaslittleworld7352,I like lisa and jisoo 😊,0,2024-03-19T07:17:14Z,2024-03-19T07:17:14Z
UgwkUTbzX0_nT3Y3eF54AaABAg,,False,@girl_e,"OMG, I thought I wouldn't see my queens anymore 🥹🩷🖤 Blink FOREVER",0,2024-03-19T06:59:41Z,2024-03-19T06:59:41Z
Ugyyka9R-1Vkp14PDWZ4AaABAg,,False,@kavitakhatumria8568,Hi,0,2024-03-19T06:44:22Z,2024-03-19T06:44:22Z
UgyIMmTIADi5uVO4kvB4AaABAg,,False,@VeronicaCoetzee,😂😂😂😂😂😂😂😂😂😂😂😂😂😂😂😂😂😂😂😂😂😂😂😂😂😂😂😂😂😂😂😂😂😂😂😂😂😂😂😂😂😂😂,0,2024-03-19T06:25:17Z,2024-03-19T06:25:17Z
UgyE1FKe40uvq-J9ICN4AaABAg,,False,@Kpop_Gurl2023,Where is BlackPink????,1,2024-03-19T06:06:54Z,2024-03-19T06:06:54Z
UgxHJtCEJieVDBmmzxJ4AaABAg,,False,@KhangLe-lj2wp,I love you Blackpink ❤,0,2024-03-19T05:15:29Z,2024-03-19T05:15:29Z
UgyKcCoJhoPRWB0_PAB4AaABAg,,False,@Berilmisimyiaa,I love you,1,2024-03-19T04:41:12Z,2024-03-19T04:41:12Z
Ugx1GuAVo_4M5elK-0l4AaABAg,,False,@narminasgarova98,Blackpunk a dog,0,2024-03-19T04:37:06Z,2024-03-19T04:37:06Z
UgzgCaHmY4JGbGhZkTp4AaABAg,,False,@vaishnavinigam8530,"I'm also a blink, i love them and songs but why you guys are missing them, had they gone somewhere 😅😅",0,2024-03-19T04:05:58Z,2024-03-19T04:05:58Z
UgzF9FJYE6mb2CsmnLV4AaABAg,,False,@पुजा-र1ष,Iove you forever blackpink and i miss you 🖤💗,0,2024-03-19T03:25:50Z,2024-03-19T03:25:50Z
Ugz0w2Kv9GXp6Wmc8y54AaABAg,,False,@GhbhiThbgun,Gh,0,2024-03-19T01:53:07Z,2024-03-19T01:53:07Z
UgwfIl9UrjEg2D2a6IN4AaABAg,,False,@nini_234y,LOVE YOU QUEENS💗🖤 we need the Comeback!,0,2024-03-19T00:17:02Z,2024-03-19T00:17:56Z
UgxbfiZgOp1j0m8yjAd4AaABAg,,False,@florenciacenteno1284,I love blackpink 🩷🩷🩷🩷🩷🖤🖤🖤🖤🖤🖤,1,2024-03-19T00:01:35Z,2024-03-19T00:01:35Z
Ugwy_PhUHswetaO65F94AaABAg,,False,@notuhwhat,BP FOREVER,0,2024-03-18T23:54:47Z,2024-03-18T23:54:47Z
UgxAAy9Tm3nIoJvd9fp4AaABAg,,False,@marwanmohamed-lz8hp,Blackpink,0,2024-03-18T23:48:55Z,2024-03-18T23:48:55Z
UgwpDoR2Vjlh87oSuft4AaABAg,,False,@SATURN_000-saturn,Lütfen 2027’de dağılmayın,0,2024-03-18T22:05:13Z,2024-03-18T22:05:13Z
UgzFiQt1TeERTPSY5yp4AaABAg,,False,@constanzaperez-cueto60,❤❤❤😍😍😍😍😍😍😍 y love you blackpink forever ❤❤❤❤,0,2024-03-18T21:49:07Z,2024-03-18T21:49:07Z
UgyR_9at_cEtTQgm_Wh4AaABAg,,False,@gazmendmuca6571,I love you blackpink,0,2024-03-18T21:06:29Z,2024-03-18T21:06:29Z
UgxE6CO_WjcgPpDcjr54AaABAg,,False,@Black_pink726,Blackpink l LOVE YOU ❤❤❤,1,2024-03-18T20:43:30Z,2024-03-18T20:43:30Z
UgzVASOVj0KDsOLxvdZ4AaABAg,,False,@GabrielaLorcaOyarzún,난 당신을 믿지 않아요. 그들이 진심으로 돌아올까요???? 네 명이 여기에 있기를 바랍니다!!!!,0,2024-03-18T20:32:21Z,2024-03-18T20:32:21Z
Ugwlrsck2S5HI-Jo-Uh4AaABAg,,False,@habibaalam8051,Give us blackpink music comeback it's been 2 years already. Have some shame YG .. you have the biggest girl group but can't manage them properly,0,2024-03-18T20:25:07Z,2024-03-18T20:25:07Z
Ugzi1dewKsvrhmNYmFB4AaABAg,,False,@guadalupevaldes3913,"사랑해요 우리는 항상 당신을 기다리고 있다는 걸 알잖아요, 당신의 신곡을 기대해요",0,2024-03-18T20:05:52Z,2024-03-18T20:05:52Z
UgzHMqIKelP2-oxgnDJ4AaABAg,,False,@Macja-w8d,Blackpink❤,1,2024-03-18T19:36:59Z,2024-03-18T19:36:59Z
UgzsIcANmlwT_6IXXoB4AaABAg,,False,@AleeeeAlexaaa,❤❤❤❤❤❤😊❤😊❤😊😊❤😊❤😊❤😊❤,0,2024-03-18T19:27:22Z,2024-03-18T19:27:22Z
Ugx6ysZk2j4UobCZXbR4AaABAg,,False,@Nininie_000,BLACKPİNK I LOVE YOUUUU,0,2024-03-18T19:06:49Z,2024-03-18T19:06:49Z
UgzuJVySxmKiXYQiLI54AaABAg,,False,@katyaperez4657,"BLAKPINK
😊😊😊😊
(\___/)
( B	 K )
( >🅱️
Blakpink ❤❤",0,2024-03-18T19:00:57Z,2024-03-18T19:00:57Z
UgxmJ9WJFpu9FFgUK3h4AaABAg,,False,@Its_mifka,what does it mean and hooray for Black Pink 4 Queens,0,2024-03-18T18:50:40Z,2024-03-18T18:50:40Z
UgxSApJtM0kWU-I0SHN4AaABAg,,False,@Its_mifka,블랙 핑크에 대한 만세 그러나 그것은 무엇을 의미합니까,0,2024-03-18T18:49:18Z,2024-03-18T18:49:18Z
Ugxv1JhlN96EYuSy5px4AaABAg,,False,@erikaflores8107,Soy de México y son mis fans ❤❤❤❤❤❤,0,2024-03-18T18:36:26Z,2024-03-18T18:36:26Z
UgwynkF8EUrNjs4Y_WR4AaABAg,,False,@raysazegarragomez,Thiu humilll huiomm catalor estuy,0,2024-03-18T18:32:49Z,2024-03-18T18:32:49Z
UgzQK-LSdUpmBxAXIUt4AaABAg,,False,@Soft-rosem237,"Love 
            Love 
                         Love
                                          Love
                                                         Love
                                                    Love
                                         Love
                               Love
                  Love
     Love
                Love 
                           Love.    
                                      Love
                                                 Love
                                   Love 
                        Love
            Love
Love
       Love. 
                   Love.  
                                Love
                                           Love.  
                                                        Love
                                            Love
                              Love
               Love
 Love
          Love 
                     Love.  
                                 Love.      
                                            Love. 
                                                       Love
                                         Love
                        Love
          Love
Love❤❤❤❤
Love love love love love love love love love love love love love love love love love love love love love love love love love love love love love love love love love love love love lovelove  love love love love love love love love love love love love love love love love love love lovelove love love love love love love love love love love love love love lovelove love love love love love love love love love love love love love love love love love love love love love love love love love love jennie love jisoo love lisa love rose 
LOVE BLACKPİNK ❤❤❤❤❤❤❤❤❤❤❤❤❤❤❤❤❤❤❤❤❤❤❤❤❤❤❤❤❤❤❤❤❤❤❤❤❤❤❤❤❤❤❤❤❤❤❤❤❤❤❤❤❤❤❤❤❤❤❤❤❤❤❤❤❤❤❤❤❤❤❤❤❤❤❤❤❤❤❤❤❤❤❤❤❤❤❤❤❤❤❤❤❤❤❤❤❤❤❤❤❤❤❤❤❤❤❤❤❤❤❤❤❤❤❤❤❤❤❤❤❤❤❤❤❤❤❤❤❤❤❤❤❤❤❤❤❤❤❤❤❤❤❤❤❤❤❤❤❤❤❤❤❤❤❤❤❤❤❤❤❤❤❤❤❤❤❤❤❤❤❤❤❤❤❤❤❤❤❤❤❤❤❤❤❤❤❤❤❤❤❤❤❤❤❤❤❤❤❤❤❤❤❤❤❤❤❤❤❤❤❤❤❤❤❤❤❤❤❤❤❤❤❤❤❤❤❤❤❤❤❤❤❤❤❤❤❤❤❤❤❤❤❤❤❤❤❤❤❤❤❤❤❤❤❤❤❤❤❤❤❤❤❤❤❤❤❤❤❤❤❤❤❤❤❤❤❤❤❤❤❤❤❤❤❤❤❤❤❤❤❤❤❤❤❤❤❤❤❤❤❤❤❤❤❤❤❤❤❤❤❤❤❤❤❤❤❤❤❤❤❤❤❤ ❤❤❤❤❤ ❤❤❤❤❤❤❤❤❤❤❤❤❤❤❤❤❤❤❤️❤️❤️❤️❤️❤️❤️❤️❤❤❤❤❤️❤❤️❤️❤❤❤❤️❤❤️❤️❤️❤️❤️❤️❤️❤️❤❤️❤️❤❤❤️❤️❤️❤❤❤️❤❤️❤️❤️❤️❤❤️❤❤️❤❤❤❤️❤️❤❤️❤️❤❤❤️❤️❤❤❤❤️❤️❤❤❤️❤️❤❤️❤❤️❤❤❤❤❤️❤️❤❤❤️❤️❤❤❤️❤️❤❤️❤❤️❤❤❤❤️❤❤❤❤️❤❤❤❤❤❤❤❤❤️❤❤❤❤❤❤❤❤❤❤❤❤❤❤❤❤❤❤
Blackpink ❤❤️❤️❤️❤️❤️❤️❤️❤❤️❤️ blackpink ❤❤️❤❤❤️❤️❤❤❤️❤️❤ blackpink ❤❤❤️❤️❤❤❤❤❤️❤️❤❤❤❤❤❤❤❤❤❤❤❤❤❤❤
                 BLACKPİNK    BLACKPİNK ❤❤❤❤❤❤❤❤❤❤❤❤❤❤❤❤❤❤❤❤❤❤❤❤❤❤❤❤❤❤❤❤",2,2024-03-18T18:28:13Z,2024-03-18T18:28:13Z
UgwdH-rXLCcmLGGB6Gh4AaABAg,,False,@gingers-gf11,Blackpink give me your numbers rose  jisoo lisa jennie 😮😮😢😢😢 i'm your fan😅,0,2024-03-18T18:26:52Z,2024-03-18T18:26:52Z
UgztmTRruyC2pG9M5rd4AaABAg,,False,@Aesthetically_me14,So cute,1,2024-03-18T18:06:33Z,2024-03-18T18:06:33Z
Ugxy8qZ6eBzGxMTspIR4AaABAg,,False,@X_winters,رائع جدا❤❤❤ 🇩🇿🇩🇿💥💥🕸👌🏻🎧🎵🎵🎵🎶🖇🇩🇿🇩🇿🇩🇿🇩🇿🇩🇿🇩🇿🇩🇿🇩🇿🇩🇿🇩🇿🇩🇿🇩🇿🇩🇿🇩🇿🇩🇿🇩🇿🇩🇿🇩🇿🇩🇿🇩🇿🇩🇿🇩🇿,1,2024-03-18T18:01:16Z,2024-03-18T18:01:33Z
UgwzTD1rwoT_lxybjup4AaABAg,,False,@Blinkim41,BLACKPİNK I LOVE YOUUUUUUUUUUUUUUUUUUUUUUUU🖤🩷,0,2024-03-18T17:57:28Z,2024-03-18T17:57:28Z
UgzIHRTqqPGU4sMRH7d4AaABAg,,False,@omerdemirel4278,Love you black pink ❤❤❤❤😊😊😊,0,2024-03-18T17:47:33Z,2024-03-18T17:47:33Z
Ugw8UWUnqncE2-Vk2N14AaABAg,,False,@Suhuhua_esila,"ı you love blackpink 
ı you love blackpink 
ı you love blackpink 
ı you love blackpink 
ı you love blackpink 
ı you love blackpink 
ı you love blackpink 
ı you love blackpink 
ı you love blackpink 
ı you love blackpink 
ı you love blackpink 
ı you love blackpink 
ı you love blackpink 
ı you love blackpink 
ı you love blackpink 
ı you love blackpink 
ı you love blackpink 
ı you love blackpink 
ı you love blackpink 
ı you love blackpink 
ı you love blackpink 
ı you love blackpink 
ı you love blackpink 
ı you love blackpink 
ı you love blackpink 
ı you love blackpink 
ı you love blackpink 
ı you love blackpink 
ı you love blackpink 
ı you love blackpink 
ı you love blackpink 
ı you love blackpink 
ı you love blackpink 
ı you love blackpink 
ı you love blackpink 
ı you love blackpink 
ı you love blackpink 
ı you love blackpink 
ı you love blackpink 
ı you love blackpink 
ı you love blackpink 
ı you love blackpink 
ı you love blackpink 
ı you love blackpink 
ı you love blackpink 
ı you love blackpink 
ı you love blackpink 
ı you love blackpink 
ı you love blackpink 
ı you love blackpink 
ı you love blackpink 
ı you love blackpink 
ı you love blackpink 
ı you love blackpink 
ı you love blackpink 
ı you love blackpink 
ı you love blackpink 
ı you love blackpink 
ı you love blackpink 
ı you love blackpink 
ı you love blackpink 
ı you love blackpink 
ı you love blackpink 
ı you love blackpink 
ı you love blackpink 
ı you love blackpink 
ı you love blackpink 
ı you love blackpink 
ı you love blackpink 
ı you love blackpink 
ı you love blackpink 
ı you love blackpink 
ı you love blackpink 
ı you love blackpink 
ı you love blackpink 
ı you love blackpink 
ı you love blackpink 
ı you love blackpink 
ı you love blackpink 
ı you love blackpink 
ı you love blackpink 
ı you love blackpink 
ı you love blackpink 
ı you love blackpink 
ı you love blackpink 
ı you love blackpink 
ı you love blackpink 
ı you love blackpink 
ı you love blackpink 
ı you love blackpink 
ı you love blackpink 
ı you love blackpink 
ı you love blackpink 
ı you love blackpink 
ı you love blackpink 
ı you love blackpink 
ı you love blackpink 
ı you love blackpink 
ı you love blackpink 
ı you love blackpink 
ı you love blackpink 
ı you love blackpink 
ı you love blackpink 
ı you love blackpink 
ı you love blackpink 
ı you love blackpink 
ı you love blackpink 
ı you love blackpink 
ı you love blackpink 
ı you love blackpink 
ı you love blackpink 
ı you love blackpink 
ı you love blackpink 
ı you love blackpink 
ı you love blackpink 
ı you love blackpink 
ı you love blackpink 
ı you love blackpink 
ı you love blackpink 
ı you love blackpink 
ı you love blackpink 
ı you love blackpink 
ı you love blackpink 
ı you love blackpink 
ı you love blackpink 
ı you love blackpink 
ı you love blackpink 
ı you love blackpink 
ı you love blackpink 
ı you love blackpink 
ı you love blackpink 
ı you love blackpink 
ı you love blackpink 
ı you love blackpink 
ı you love blackpink 
ı you love blackpink 
ı you love blackpink 
ı you love blackpink 
ı you love blackpink 
ı you love blackpink 
ı you love blackpink 
ı you love blackpink 
ı you love blackpink 
ı you love blackpink 
ı you love blackpink 
ı you love blackpink 
ı you love blackpink 
ı you love blackpink 
ı you love blackpink 
ı you love blackpink 
ı you love blackpink 
ı you love blackpink 
ı you love blackpink 
ı you love blackpink 
ı you love blackpink 
ı you love blackpink 
ı you love blackpink 
ı you love blackpink 
ı you love blackpink 
ı you love blackpink 
ı you love blackpink 
ı you love blackpink 
ı you love blackpink 
ı you love blackpink 
ı you love blackpink 
ı you love blackpink 
ı you love blackpink 
ı you love blackpink 
ı you love blackpink 
ı you love blackpink 
ı you love blackpink 
ı you love blackpink 
ı you love blackpink 
ı you love blackpink 
ı you love blackpink 
ı you love blackpink 
ı you love blackpink 
ı you love blackpink 
ı you love blackpink 
ı you love blackpink 
ı you love blackpink 
ı you love blackpink 
ı you love blackpink 
ı you love blackpink 
ı you love blackpink 
ı you love blackpink 
ı you love blackpink 
ı you love blackpink 
ı you love blackpink 
ı you love blackpink 
ı you love blackpink 
ı you love blackpink 
ı you love blackpink 
ı you love blackpink 
ı you love blackpink 
ı you love blackpink 
ı you love blackpink 
ı you love blackpink 
ı you love blackpink 
ı you love blackpink",1,2024-03-18T17:44:43Z,2024-03-18T17:44:43Z
Ugyn5gbx8OArugK-7ut4AaABAg,,False,@QueenRose___,BLACKPİNK ❤❤❤❤❤❤,0,2024-03-18T17:22:52Z,2024-03-18T17:23:00Z
UgwARe5M18vgvXJObah4AaABAg,,False,@Asya89140,"Who love's Lisa and Rosé❤
👇
👇
👇❤️♥️💗😊",0,2024-03-18T17:07:54Z,2024-03-18T17:07:54Z
Ugwi8AajV42iH1Stetl4AaABAg,,False,@KumariInoka-pq1eo,Blackpink l love you sooo mach,0,2024-03-18T17:07:13Z,2024-03-18T17:07:13Z
UgzaDVAZmcOD9wvDUCV4AaABAg,,False,@Danielita-game,SIII REGRESARON LAS REINAS DEL KPOP NO PUEDO ESPERAR❤,0,2024-03-18T17:05:11Z,2024-03-18T17:05:11Z
UgwXkNICnfPE6DbTkIl4AaABAg,,False,@lisnoww,Wuaaa I miss you 4 queenss!!,0,2024-03-18T16:39:26Z,2024-03-18T16:39:26Z
UgzCXVUubP92_RwIEwt4AaABAg,,False,@IloveJennieKim-f4x,I miss  4 our favorite queens 😭🥺💗🖤,0,2024-03-18T16:32:27Z,2024-03-18T16:32:27Z
Ugyxlg0UJViIR4cBAUl4AaABAg,,False,@BP-12-12,تلميح ؟؟,0,2024-03-18T16:28:41Z,2024-03-18T16:28:41Z
UgwZEFGqhjTUSmUVwzx4AaABAg,,False,@k44hralho,Minha música favorita P!nk vendo,0,2024-03-18T16:07:12Z,2024-03-18T16:07:12Z
UgydHxdxNHLTW9B57Oh4AaABAg,,False,@Mandu_unnie_J,🖤🩷,1,2024-03-18T16:01:52Z,2024-03-18T16:01:52Z
UgxoB_y8BNJ-tub9X-h4AaABAg,,False,@Nini_X_o,I LOVE YOU BLACKY💋💋💋🖤,1,2024-03-18T15:53:40Z,2024-03-18T15:53:40Z
UgwzpOYVs0-QZW8s-lV4AaABAg,,False,@choiiwss,터키에서 기다리고 있으니 꼭 와주세요 😭😭😭😭💗💗,0,2024-03-18T15:47:04Z,2024-03-18T15:47:04Z
Ugzv0uzkcMupxp7GA0p4AaABAg,,False,@Kirik-m2c,"Я помню людей живущих там вечно, походу слова теперь бесполезны. Ч видел небо оно бесконечно. Кажется никогда, нам на планете этой не встретится...",0,2024-03-18T15:41:38Z,2024-03-18T15:41:38Z
UgxNBQ7W3h4uVXL7gGx4AaABAg,,False,@cacode11,Drop it!,0,2024-03-18T15:32:04Z,2024-03-18T15:32:04Z
UgyfFjbLIZiCFb_ijpN4AaABAg,,False,@Tolifece,you are amazing blackpink,0,2024-03-18T15:31:40Z,2024-03-18T15:31:40Z
Ugzg7S5oY6bxqFr4i6t4AaABAg,,False,@akshararam2630,I love you 😘 BLACKPINK 💜💜,0,2024-03-18T15:19:13Z,2024-03-18T15:19:13Z
UgzKCggVYBaQCC7x0QF4AaABAg,,False,@Meharunnisa7,blackpink cute❤❤❤,0,2024-03-18T15:15:53Z,2024-03-18T15:15:53Z
UgxbSlzUUuFspgGBbGJ4AaABAg,,False,@IsabellaNunes-g4z,🖤💗🖤💗🖤💗🖤💗🖤💗🖤💗❤❤❤❤❤❤,0,2024-03-18T15:02:13Z,2024-03-18T15:02:13Z
UgyKbpRbpWoMdgHSQMR4AaABAg,,False,@MustafaAnmak,Blackpink,0,2024-03-18T15:00:33Z,2024-03-18T15:00:33Z
UgzK_R3TJ52rQtdNuLh4AaABAg,,False,@aliciabruno3918,a consert in argentina,0,2024-03-18T14:35:55Z,2024-03-18T14:35:55Z
Ugy9uuvJxLlmMgajMn14AaABAg,,False,@ÜlkərQulizadə,AZERBAİJAN🇦🇿,0,2024-03-18T14:31:38Z,2024-03-18T14:31:38Z
UgzJ5DkqOzIp02KGUTV4AaABAg,,False,@Sara_edit10,❤,0,2024-03-18T14:22:03Z,2024-03-18T14:22:03Z
UgwNS225ddvfA_f18SB4AaABAg,,False,@kjfjdj7988,와 블랙핑크 사랑해요,0,2024-03-18T14:20:39Z,2024-03-18T14:20:39Z
Ugxu6KZoMzILx5JglfB4AaABAg,,False,@soft_Luna687,LİSAAA LOVEEEEEEEE😊❤😊❤😊❤😊❤😊❤❤❤,0,2024-03-18T14:17:48Z,2024-03-18T14:17:48Z
Ugz-0phOOgOVcsPb6Ft4AaABAg,,False,@pinkpunk982,"I really miss my 4 queen 😢
Who missed our 4 queen
👇",0,2024-03-18T14:03:33Z,2024-03-18T14:05:12Z
UgwZhJXwVNmGYxY8aI14AaABAg,,False,@decorafashion,I missed my 4 queens 👑👑👑👑😓,0,2024-03-18T14:02:26Z,2024-03-18T14:02:26Z
UgyMw6MFfVkbzoqhoxd4AaABAg,,False,@ZiLeah-eo6rv,gosh I am so waiting for the come back of the queen 👑👑 this video is a hint they are coming back soon,0,2024-03-18T13:57:30Z,2024-03-18T13:57:30Z
Ugz7cWV-Oc_N8U6ldJZ4AaABAg,,False,@itz-me1101,OUR 4QUEENS ARE BACKK!!!🖤💗😊,0,2024-03-18T13:54:16Z,2024-03-18T13:54:45Z
Ugz5ReTaKdo7RkS7Rkp4AaABAg,,False,@whogaveitsapphiregaze,COMEBACK.,0,2024-03-18T13:51:35Z,2024-03-18T13:51:35Z
UgyWbw5AKGBoon47rfN4AaABAg,,False,@O.O-z7m,🐻🐣 🖤 MY QUEEN ARE BACK🥲 🩷 🐇🐿️,0,2024-03-18T13:40:31Z,2024-03-18T13:40:31Z
Ugy2QgLry5Y2BvqJ60l4AaABAg,,False,@sooyaaxipie,Takashi Murakami is so cute like our Queen BP !!~~,0,2024-03-18T13:38:02Z,2024-03-18T13:38:02Z
UgyQ_O5gzEm2LqxHCp14AaABAg,,False,@Immc_jennie808,BLACKPINK❤❤❤❤❤❤,1,2024-03-18T13:32:36Z,2024-03-18T13:32:36Z
UgycTEFTmrEV8jeq1lN4AaABAg,,False,@keipab_123,❤❤❤❤❤❤❤,0,2024-03-18T13:30:14Z,2024-03-18T13:30:14Z
UgzmPyGvmabY1YLiIdJ4AaABAg,,False,@norahoneyxddd4238,Finally blackpink is back!!!❤,0,2024-03-18T13:24:58Z,2024-03-18T13:24:58Z
UgyMSMFXabO9ZBVpcpB4AaABAg,,False,@pari.2012,Please come to India ❤❤,0,2024-03-18T13:19:25Z,2024-03-18T13:19:25Z
Ugy9UkckrvDbDqQauRN4AaABAg,,False,@damla_dl,Gey black pink,1,2024-03-18T13:18:19Z,2024-03-18T13:18:19Z
UgzFc21WmrQdin6kgsh4AaABAg,,False,@Sonyq_Kitty,"l love BLACKPİNK ROSE,LİSA,JENNİE ,JİSOO l'am Türkiye",0,2024-03-18T13:12:29Z,2024-03-18T13:12:29Z
Ugz96mtSJYq3nSeBTuR4AaABAg,,False,@sahanullah7347,Black pink game😊😊😊,1,2024-03-18T12:59:43Z,2024-03-18T12:59:43Z
UgzZFaPghPLRRJmOrOt4AaABAg,,False,@sahanullah7347,Black pink game😊😊😊,1,2024-03-18T12:59:42Z,2024-03-18T12:59:42Z
UgxRgAs9Jb6TDgRppxN4AaABAg,,False,@sahanullah7347,Black pink game😊😊😊,0,2024-03-18T12:59:33Z,2024-03-18T12:59:33Z
UgxuOoOkSMaa3FqnSlx4AaABAg,,False,@Джейк-е8о,Люди почему блэк пинк не выпускают видео??,1,2024-03-18T12:55:26Z,2024-03-18T12:55:26Z
Ugzc52wS5f6Ysf9_PzZ4AaABAg,,False,@suryakantdharmadhikari5488,I am dieying out of happiness my 4 queens are back ❤🎉❤🎉,0,2024-03-18T12:49:00Z,2024-03-18T12:49:00Z
UgwI8ITbBLP4jib_ocx4AaABAg,,False,@Taennie13264_.,"I was a Blink,I am Blink,I will be a Blink forever♾♾💖💖💜",0,2024-03-18T12:48:08Z,2024-03-18T12:48:08Z
UgyByY5b5s3ewVtLYop4AaABAg,,False,@adeliaadnan3497,MY QUEEN 4 IS BACK ❤❤❤,0,2024-03-18T12:46:48Z,2024-03-18T12:46:48Z
Ugzz1wuONa17TvGkrmJ4AaABAg,,False,@LehansaLethashaPerera,i love you very very very much  ❤❤❤❤ummahhhh,0,2024-03-18T12:40:47Z,2024-03-18T12:40:47Z
UgyTWBL8uQFYbWowKNN4AaABAg,,False,@SWIFTEBLINK,Blackpink is the revolution🖤💖,0,2024-03-18T12:02:02Z,2024-03-18T12:02:02Z
UgyDGiuLDzAgEvmlRBl4AaABAg,,False,@Jennierosem,"나는 당신을 매우 사랑합니다, 이 메시지를 봐주세요, 우리의 아름다운 여왕님 ❤",0,2024-03-18T11:55:59Z,2024-03-18T11:55:59Z
Ugxnm0dy56X4bK1FfVN4AaABAg,,False,@moonscars13,"Who loves blackpink
⬇️",0,2024-03-18T11:55:55Z,2024-03-18T11:55:55Z
Ugxo6ZbGm1FxYwinHAx4AaABAg,,False,@FelixLeger-wv1lm,Blackpink come back plz,0,2024-03-18T11:37:10Z,2024-03-18T11:37:10Z
UgwL1nsArcf_unZaJax4AaABAg,,False,@Toca.Boca_Aizere,❤❤❤❤❤❤🎉🎉🎉🎉🎉🎉🎉🎉🎉🎉😊😊😊😊😊😊😊😊,0,2024-03-18T11:26:02Z,2024-03-18T11:26:02Z
Ugy_i0hXCzOeerBkNn54AaABAg,,False,@Lilies_loves_lisaa,"My queens areee backk
I can’t wait for the comeback ❤❤❤",1,2024-03-18T11:25:19Z,2024-03-18T11:25:19Z
UgybhpF9yiq_JKyVOe54AaABAg,,False,@Roses_2012,"I love you black Pink ❤️❤️ some times every one hate Jennie but we love Jennie and all members love you black Pink ❤️❤️❤️ please reply me please only one time 😭😢
👇",1,2024-03-18T11:19:29Z,2024-03-18T11:19:29Z
UgxdGsh-ASuU8kUHLSh4AaABAg,,False,@AmrikSingh-tj9kq,I favourite Queens are 💝💝 BLACKPINK ❤️❤️,0,2024-03-18T11:13:53Z,2024-03-18T11:13:53Z
UgyJWcPPLUYUVzQZg9N4AaABAg,,False,@Rajnipk49,My queens is back❤,0,2024-03-18T11:13:05Z,2024-03-18T11:13:05Z
UgxXzkU0E6smPHkVhq14AaABAg,,False,@NARGISBEGAM-yw2bc,"Please don,t leave me❤",0,2024-03-18T11:09:12Z,2024-03-18T11:09:12Z
UgypPVa5oIjv2wcpAm54AaABAg,,False,@Pecinta_kucing2,"I LOVE YOU BLACKPINK 😍😍😍😍
I LOVE YOU ROSE😻😻😻
I LOVE YOU JENNIE💗💗💗
I LOVE YOU LISA✊🏻✊🏻💖💖💖
I LOVE YOU JISSO💗💖💖💖",0,2024-03-18T11:07:06Z,2024-03-18T11:07:06Z
Ugzj0aVvgxQN1wJ0oLR4AaABAg,,False,@MdJahid-i7r2c,Love my Queen's😢❤❤❤,0,2024-03-18T11:05:50Z,2024-03-18T11:05:50Z
Ugy3YdhCQh7xcaqksg14AaABAg,,False,@miriamguardia7611,❤✓❤,0,2024-03-18T10:40:14Z,2024-03-18T10:40:14Z
UgywgQZoetXo0AdaLxR4AaABAg,,False,@iliabpfo,Her we go Blackpinkkkkkkkkk 🖤🩷❤,1,2024-03-18T09:35:05Z,2024-03-18T09:35:05Z
Ugx3SB_QkBIlfmoLXyZ4AaABAg,,False,@DimaAlsaied,Yg don't deserve blackpink at all 💝🖤💝🖤🌍🌍🌍blackpink Should make create their own global around the world label 🫡,0,2024-03-18T09:29:37Z,2024-03-18T09:29:37Z
UgwsyL2i5wSY3JaTiOF4AaABAg,,False,@FaizaHaque-e4c,plz come back blackpink,1,2024-03-18T09:27:29Z,2024-03-18T09:27:29Z
UgyB3TyruBfyxbMjbCh4AaABAg,,False,@aishazulaikha-v1x,Omggggg they are finally back we miss you blackpink ❤❤❤❤💗💗🖤🖤,0,2024-03-18T09:23:54Z,2024-03-18T09:23:54Z
UgzYUtc6vshlenQupIl4AaABAg,,False,@muskan01akter86,Blackpink 🎉🎉🎉🎉🎉,0,2024-03-18T09:23:27Z,2024-03-18T09:23:27Z
Ugzm66ka29tJT50bZ1Z4AaABAg,,False,@akansharai9782,❤❤💋🌌🫀,0,2024-03-18T08:45:38Z,2024-03-18T08:45:38Z
UgwnT3V4Ocltbt0hAR54AaABAg,,False,@user-zq4rb3vg1g,i love you guys!❤❤❤❤❤❤❤❤❤❣️♥️♥️♥️♥️♥️♥️♥️♥️♥️💗♥️💗♥️💗💗♥️💗♥️💗♥️💗♥️💗♥️♥️🖤♥️♥️♥️♥️🖤♥️🤎♥️🖤♥️🖤♥️🖤♥️🖤♥️🖤♥️🖤♥️🤎♥️🤎💝🤎💝🤎💜💛💞💚🧡💞💘💚💕🧡💙🧡💙💕🤎🧡🧡🧡💙🤎💙🧡🤎💙🤎🧡🤎💙🧡💙🤎🧡💞💝💚💚💞🧡💞💚💘💙💛💕💛💙🖤💚🖤💜,1,2024-03-18T08:33:34Z,2024-03-18T08:33:34Z
UgxjN6XLmC5piOpS4NV4AaABAg,,False,@user-zq4rb3vg1g,Я вас обожаю😭😭😭😭😭 BLACKPINK❤❤❤❤❤❤❤❤❤❤❤,1,2024-03-18T08:31:28Z,2024-03-18T08:31:28Z
Ugx7-RdJmN5-guFyVop4AaABAg,,False,@user-zq4rb3vg1g,❤❤❤❤❤,1,2024-03-18T08:28:02Z,2024-03-18T08:28:02Z
UgwHEVwdIYVsNEJAJuR4AaABAg,,False,@Soft_Soyaa-,Queen BlackPink,2,2024-03-18T08:02:10Z,2024-03-18T08:02:10Z
UgzHzHCAH5Wm5x7CtnJ4AaABAg,,False,@cookie8733,i love you guys!,1,2024-03-18T08:02:02Z,2024-03-18T08:02:02Z
Ugy8T94qO9yYa94qOyp4AaABAg,,False,@adabkaurdhaliwal1536,Guys let us help blackpink to reach 100m subs than it will be the 3rd youtube channel to get ruby play button,1,2024-03-18T07:21:47Z,2024-03-18T07:21:47Z
Ugy8T94qO9yYa94qOyp4AaABAg.A16v6v8Z3o0A171rrZNTPU,Ugy8T94qO9yYa94qOyp4AaABAg,True,@user-zq4rb3vg1g,Да мы это сделаем и даганем Мисторбиса ❤❤❤❤❤❤🎉🎉❤🎉❤🎉❤,0,2024-03-18T08:29:30Z,2024-03-18T08:29:30Z
UgyySquqCtdLV6wRxyt4AaABAg,,False,@sekar_keinyot,Wow,0,2024-03-18T06:57:36Z,2024-03-18T06:57:36Z
UgxzNm4Pb2qHVLJtpPl4AaABAg,,False,@Hanzi_Queen_official,BLACKPINK BLACKPINK BLACKPINK BLACKPINK BLACKPINK BLACKPINK BLACKPINK BLACKPINK BLACKPINK BLACKPINK BLACKPINK BLACKPINK BLACKPINK BLACKPINK BLACKPINK BLACKPINK BLACKPINK BLACKPINK BLACKPINK BLACKPINK BLACKPINK BLACKPINK BLACKPINK BLACKPINK BLACKPINK BLACKPINK BLACKPINK BLACKPINK BLACKPINK BLACKPINK BLACKPINK BLACKPINK BLACKPINK BLACKPINK BLACKPINK BLACKPINK BLACKPINK BLACKPINK BLACKPINK BLACKPINK BLACKPINK BLACKPINK BLACKPINK BLACKPINK BLACKPINK BLACKPINK BLACKPINK BLACKPINK BLACKPINK BLACKPINK BLACKPINK BLACKPINK BLACKPINK BLACKPINK BLACKPINK BLACKPINK BLACKPINK BLACKPINK BLACKPINK BLACKPINK BLACKPINK BLACKPINK BLACKPINK BLACKPINK BLACKPINK BLACKPINK BLACKPINK BLACKPINK BLACKPINK BLACKPINK BLACKPINK BLACKPINK BLACKPINK BLACKPINK BLACKPINK BLACKPINK BLACKPINK BLACKPINK BLACKPINK BLACKPINK BLACKPINK BLACKPINK BLACKPINK BLACKPINK BLACKPINK BLACKPINK BLACKPINK BLACKPINK BLACKPINK BLACKPINK BLACKPINK BLACKPINK BLACKPINK BLACKPINK BLACKPINK BLACKPINK BLACKPINK BLACKPINK BLACKPINK BLACKPINK BLACKPINK BLACKPINK BLACKPINK BLACKPINK BLACKPINK BLACKPINK BLACKPINK BLACKPINK BLACKPINK BLACKPINK BLACKPINK BLACKPINK BLACKPINK BLACKPINK BLACKPINK BLACKPINK BLACKPINK BLACKPINK BLACKPINK BLACKPINK BLACKPINK BLACKPINK BLACKPINK BLACKPINK BLACKPINK BLACKPINK BLACKPINK BLACKPINK BLACKPINK BLACKPINK BLACKPINK BLACKPINK BLACKPINK BLACKPINK BLACKPINK BLACKPINK BLACKPINK BLACKPINK BLACKPINK BLACKPINK BLACKPINK BLACKPINK BLACKPINK BLACKPINK BLACKPINK BLACKPINK BLACKPINK BLACKPINK BLACKPINK BLACKPINK BLACKPINK BLACKPINK BLACKPINK BLACKPINK BLACKPINK BLACKPINK BLACKPINK BLACKPINK BLACKPINK BLACKPINK BLACKPINK BLACKPINK BLACKPINK BLACKPINK BLACKPINK BLACKPINK BLACKPINK BLACKPINK BLACKPINK BLACKPINK BLACKPINK BLACKPINK BLACKPINK BLACKPINK BLACKPINK BLACKPINK BLACKPINK BLACKPINK BLACKPINK BLACKPINK BLACKPINK BLACKPINK BLACKPINK BLACKPINK BLACKPINK BLACKPINK BLACKPINK BLACKPINK BLACKPINK BLACKPINK BLACKPINK BLACKPINK BLACKPINK BLACKPINK BLACKPINK BLACKPINK BLACKPINK BLACKPINK BLACKPINK BLACKPINK BLACKPINK BLACKPINK BLACKPINK BLACKPINK BLACKPINK BLACKPINK BLACKPINK BLACKPINK BLACKPINK BLACKPINK BLACKPINK BLACKPINK BLACKPINK BLACKPINK BLACKPINK BLACKPINK BLACKPINK BLACKPINK BLACKPINK BLACKPINK BLACKPINK BLACKPINK BLACKPINK BLACKPINK BLACKPINK BLACKPINK BLACKPINK BLACKPINK BLACKPINK BLACKPINK BLACKPINK BLACKPINK BLACKPINK 🖤💗🖤💗🖤💗🖤💗🖤💗🖤💗🖤💗🖤💗🖤💗🖤💗🖤💗🖤💗🖤💗🖤💗🖤💗🖤💗🖤💗🖤💗🖤💗🖤💗🖤💗🖤💗🖤💗🖤💗🖤💗🖤💗🖤💗🖤💗🖤💗🖤💗🖤💗🖤💗🖤💗🖤💗🖤💗🖤💗🖤💗🖤💗🖤💗🖤💗🖤💗🖤💗🖤💗🖤💗🖤💗🖤💗🖤💗🖤💗🖤💗🖤💗🖤💗🖤💗🖤💗🖤💗🖤💗🖤💗🖤💗🖤💗🖤💗🖤💗🖤💗🖤💗🖤💗🖤💗🖤💗🖤💗🖤💗🖤💗🖤💗🖤💗🖤💗🖤,0,2024-03-18T06:19:03Z,2024-03-18T06:19:03Z
Ugz0x6J1W0rNdjLAoXF4AaABAg,,False,@TulsiSingha-c7z,I love black pink ❤❤❤❤❤,1,2024-03-18T06:15:26Z,2024-03-18T06:15:26Z
UgyHsUxBIMqbykkAS4Z4AaABAg,,False,@mafiablinks,"I miss you Lisa,Rose,Jennie,Jisoo.😢😢.  We are so lonely without our four queens.❤❤❤❤❤❤❤",1,2024-03-18T05:49:10Z,2024-03-18T05:50:09Z
UgyOXImfkfrRDy_FHlt4AaABAg,,False,@Soivoil.official,No concerts at India Patna😭,1,2024-03-18T05:28:00Z,2024-03-18T05:28:00Z
UgwYtpVmwBNHSYvIWHp4AaABAg,,False,@ezhilarasiindrajith6471,"🎉
Nice",2,2024-03-18T04:42:41Z,2024-03-18T04:42:41Z
UgxVsM4qE3UIg86TMo14AaABAg,,False,@Lama-fh4ec,🖤💖 ‏ بلاك بينك 😊i love,0,2024-03-18T04:41:41Z,2024-03-18T04:41:41Z
UgxCGzjX5PAyvUxj3ut4AaABAg,,False,@SONUKUMAR-o2h4n,"Who is from India 🇮🇳
👇",0,2024-03-18T04:33:40Z,2024-03-18T04:33:40Z
UgyVyfjvmXYdq21nTVR4AaABAg,,False,@vijaykumarvijay630,Black Pink is the revolution 🤩🤩waiting for there entry 🤩🤩🤩Any BlackPink fans❤❤,13,2024-03-18T04:06:16Z,2024-03-18T04:06:16Z
UgxaL8pFwZiEJ0gTZHR4AaABAg,,False,@anuragyadav6810,Eternals 2 aana chahiye tha yaarr....😢,1,2024-03-18T04:01:52Z,2024-03-18T04:01:52Z
Ugw-g9AMo0kB_3-855J4AaABAg,,False,@AideeNaomiPena-mb3fn,❤❤❤,0,2024-03-18T03:59:22Z,2024-03-18T03:59:22Z
UgzHA1-JIt59Xju-qFt4AaABAg,,False,@hiraniagonzalezdelapena9370,Hola blackpink soy una gran fan de ustedes me  gustan sus videos musicales y la canción que más me gusta es la de how you like that ❤,0,2024-03-18T03:56:30Z,2024-03-18T03:56:30Z
UgyM7e_BrrNh3dWlCI94AaABAg,,False,@oanQuyen-wb8rq,Wow🎉,0,2024-03-18T03:48:56Z,2024-03-18T03:48:56Z
UgxG55jQkVDv_lqUCcp4AaABAg,,False,@mrsjungkook,My Queensss😮❤️🤝,0,2024-03-18T02:58:31Z,2024-03-18T02:58:31Z
UgyA6xyII9dgJ_nGtep4AaABAg,,False,@npcmaiko,miss y’all bp 😭😭,0,2024-03-18T02:56:23Z,2024-03-18T02:56:23Z
UgwtAOTP0-bnDWAQv4V4AaABAg,,False,@ARMYBLINKFOREVER2812,Is it they come back...😳😢😢😢,0,2024-03-18T02:54:43Z,2024-03-18T02:54:43Z
UgyrTrmeJln5Rw93hid4AaABAg,,False,@Vval-r1z,I love You Blackpink 🇲🇽,1,2024-03-18T02:52:33Z,2024-03-18T02:52:33Z
Ugz8d6PkHHOzmRCfamB4AaABAg,,False,@SKRISTINA_BLINKIE,BLACKPINK IS THE REVOLUTION ❤️,1,2024-03-18T02:35:31Z,2024-03-18T02:35:31Z
UgwZQ_YiCUFpxBcTgth4AaABAg,,False,@nxtupdt_18,Where's Rosé's digipack?,1,2024-03-18T01:45:41Z,2024-03-18T01:45:41Z
UgxJtPCSVdxum46eRQx4AaABAg,,False,@AshlyRoblox21,I love BlACKPINK,2,2024-03-18T01:44:16Z,2024-03-18T01:44:16Z
UgzD11elPPfbru99Gp14AaABAg,,False,@genesiscejagonzalez6294,Blackpink in area te amo jennie rose jisoo lisa,1,2024-03-18T01:17:50Z,2024-03-18T01:17:50Z
Ugxv8NpzGC-SQZL74sR4AaABAg,,False,@AnYujin4ever,They slay,1,2024-03-18T01:04:17Z,2024-03-18T01:04:17Z
Ugz16p-elz0fJqmFesV4AaABAg,,False,@たいへいいりえ,カムバックを待っています！私達の姫達永遠にBLINKです！,8,2024-03-18T01:01:11Z,2024-03-18T01:01:11Z
UgyuvJvCzr--qOdvxwZ4AaABAg,,False,@Jisoo_yuqi_hanni,Blackpink sempre nos encantando,1,2024-03-18T00:48:21Z,2024-03-18T00:48:21Z
UgxDDRJ_pNzgrapB9up4AaABAg,,False,@OllieHaylock,?//🎉/,0,2024-03-18T00:46:18Z,2024-03-18T00:52:53Z
UgxDDRJ_pNzgrapB9up4AaABAg.A16CrJaj4ufA16CuHdiPJB,UgxDDRJ_pNzgrapB9up4AaABAg,True,@OllieHaylock,"It's your body now, 🥸",1,2024-03-18T00:46:42Z,2024-03-18T00:46:42Z
UgxDDRJ_pNzgrapB9up4AaABAg.A16CrJaj4ufA16Cw2qAtEv,UgxDDRJ_pNzgrapB9up4AaABAg,True,@OllieHaylock,NBbbbaby batdoode,0,2024-03-18T00:46:57Z,2024-03-18T00:51:54Z
UgwrNpDqR4hjlgvjifp4AaABAg,,False,@absolutecinema328,што,2,2024-03-18T00:26:20Z,2024-03-18T00:26:20Z
Ugwb8pbRi4cEW3Hrtsd4AaABAg,,False,@mariannamallo9419,Queens the Blackpink 👍,1,2024-03-17T23:57:44Z,2024-03-17T23:57:44Z
Ugy8O-IZFInd5t-AmAl4AaABAg,,False,@joyurimorango4403,Hello ❤❤❤❤,2,2024-03-17T23:21:05Z,2024-03-17T23:21:05Z
Ugwpn04L5qh-kkXXeBV4AaABAg,,False,@SweetFamily-gk3jn,💗🖤💝,2,2024-03-17T23:00:10Z,2024-03-17T23:00:10Z
UgzterUWiVJ5HQ3EK6R4AaABAg,,False,@bloxtime_official,LETS GET BLACKPINK TO 100 MIL.🖤🩷,1,2024-03-17T22:45:04Z,2024-03-17T22:45:04Z
UgyT-_IwvP5fQ6nmAkh4AaABAg,,False,@Richie_Blink,"I love you sooo much blackpink🖤
i know you are very kind 💖
 you don't deserve hate🥺 
We all support you 🤝",1,2024-03-17T22:38:00Z,2024-03-17T22:38:00Z
UgyoDoO47_cwN-lCq054AaABAg,,False,@Yo-rs3hf,BLACKPINK SAQUEN MÚSICA 😭🙏🏿🖤💗,2,2024-03-17T22:00:49Z,2024-03-17T22:00:49Z
UgzJQwaJbn_GX61vQEd4AaABAg,,False,@فتاتالمطر-خ6ث,سيكون لهن دائما مكان في قلبي، احبكم 😭❤️,2,2024-03-17T21:53:35Z,2024-03-17T21:53:35Z
UgzJQwaJbn_GX61vQEd4AaABAg.A15u5H5pXXTA19Tu4DddaN,UgzJQwaJbn_GX61vQEd4AaABAg,True,@MZMZM21,ممكن اشتراك,0,2024-03-19T07:12:57Z,2024-03-19T07:12:57Z
UgzJQwaJbn_GX61vQEd4AaABAg.A15u5H5pXXTA1IfUCxqGLO,UgzJQwaJbn_GX61vQEd4AaABAg,True,@ليان-يروحمكِ,ما يفهمونك ترا 😭😭😭,0,2024-03-22T20:56:02Z,2024-03-22T20:56:02Z
UgzJQwaJbn_GX61vQEd4AaABAg.A15u5H5pXXTA1Ig4yIMshs,UgzJQwaJbn_GX61vQEd4AaABAg,True,@MZMZM21,@@ليان-يروحمكِ ممكن اشتراك,0,2024-03-22T21:01:20Z,2024-04-18T00:42:13Z
UgzkRDLsTOFgNal80DN4AaABAg,,False,@zuhra3000,❤,0,2024-03-17T21:49:22Z,2024-03-17T21:49:22Z
UgxjHZZ2bT753ejQrW54AaABAg,,False,@MarayaPlamenova-kq6ko,❤❤❤❤❤❤,1,2024-03-17T21:47:13Z,2024-03-17T21:47:13Z
Ugw9urqQm-n1UD6o6nR4AaABAg,,False,@Black_World12360,Hi black pink i miss u we want new song pls وحشتونيييي اعرف اني مجنونه غرفتي كلها بلاك بينك😂😂😂,2,2024-03-17T21:45:56Z,2024-03-17T21:45:56Z
Ugy-PD_lbG-Ynt3tnEh4AaABAg,,False,@callmeann7363,Love BLAK PINCK🖤💖,1,2024-03-17T20:59:37Z,2024-03-17T20:59:37Z
UgwP6pkpDyvBQTd2a8h4AaABAg,,False,@chevaladavenport3378,BLACKPINK IN THE AREA! I miss you queens!!!,1,2024-03-17T20:58:41Z,2024-03-17T20:58:41Z
UgzkWUKzD1meLcrkdNF4AaABAg,,False,@The_World_Of_Kpop,I LOVE YOUR ARE ALL MY BIAS❤❤❤❤❤❤❤❤❤❤❤❤❤❤❤ IM A ITALIAN BLINK,1,2024-03-17T20:52:27Z,2024-03-17T20:52:27Z
UgyeuiBZ2CRaX-38RxN4AaABAg,,False,@josianeferreira-me5qm,❤❤,0,2024-03-17T20:42:57Z,2024-03-17T20:42:57Z
UgyPpz8whMuVw6nJ2sJ4AaABAg,,False,@Sooyaa_xwq,When will the 2024 song be released?,0,2024-03-17T20:41:02Z,2024-03-17T20:41:02Z
Ugzexg1KMpWDxxfgz7N4AaABAg,,False,@Nikol-c5p,❤❤❤❤,0,2024-03-17T20:26:53Z,2024-03-17T20:26:53Z
Ugxpc1zcMCx1dor-2zV4AaABAg,,False,@707ma.i7,𝐁𝐥𝐚𝐜𝐤 𝐩𝐢𝐧𝐤𝐤𝐤𝐤𝐤𝐤 💞💞💞💞💞💞,0,2024-03-17T20:26:04Z,2024-03-17T20:26:04Z
UgxAuzOmEThmSuNlgjF4AaABAg,,False,@TsarHare,"higher luxury momi. stay up above the street. i do love yourself Jisoo salang, os namasta ai kokoro Blackpink",1,2024-03-17T20:22:43Z,2024-03-17T20:22:43Z
UgyDC3iqW6cEW09z5_14AaABAg,,False,@AshleyJiménezLópez-j6j,"I miss you Jenni,jisso,Lisa and rose 🩵🩵🩵",1,2024-03-17T20:19:03Z,2024-03-17T20:19:03Z
Ugza433jrV4FMwegQGF4AaABAg,,False,@Jennieloveeeeee,New logo,2,2024-03-17T20:11:53Z,2024-03-17T20:11:53Z
UgyKEfaG48rkoHFPjzl4AaABAg,,False,@eri.shk1,Вайб 2018,2,2024-03-17T20:10:23Z,2024-03-17T20:10:23Z
UgyHXb8vPREIRLS_z7h4AaABAg,,False,@ArmyBlink74489,BLACKPINK IS THE REVOLUTIONS !!!!,1,2024-03-17T20:00:36Z,2024-03-17T20:00:36Z
Ugzfyd4c__T5AdZ18rh4AaABAg,,False,@SmurfNo-wq1op,❤,0,2024-03-17T19:51:59Z,2024-03-17T19:51:59Z
Ugx1GAmhkP2_Nlnj3u54AaABAg,,False,@irx._9,BLɅϽKPIИK 𓆩🖤𓆪,1,2024-03-17T19:44:55Z,2024-03-17T19:44:55Z
UgzFwavaqLQNmzrebS94AaABAg,,False,@Animesevenbiri-1,We love you and I write from Turkey,0,2024-03-17T19:43:40Z,2024-03-17T19:43:40Z
UgxoyAaQXrOF9KCsMB14AaABAg,,False,@ilove.anadelogo,とてもかわいい,2,2024-03-17T19:40:53Z,2024-03-17T19:40:53Z
UgySOJigK5oE88j1_8Z4AaABAg,,False,@Boticaria_Maomao,Bellas,0,2024-03-17T19:28:37Z,2024-03-17T19:28:37Z
UgwmMTNaK-mFdcRjwf14AaABAg,,False,@WangLloud,Oour QUEEN 👑👑👑👑,0,2024-03-17T19:27:04Z,2024-03-17T19:27:04Z
Ugy9kRfW8YLehJsP7lN4AaABAg,,False,@Aureliaisnothere,THE GIRLS ARE BACK?,1,2024-03-17T19:15:20Z,2024-03-17T19:15:20Z
UgzCfioBxG5sZTYg1X14AaABAg,,False,@Nezuko_603,BLACKPINK ❤ I love You,2,2024-03-17T19:14:02Z,2024-03-17T19:14:02Z
Ugwd2SrNTMt4oAj34Ah4AaABAg,,False,@sudenysl,𝘞𝘏𝘌𝘙𝘌 𝘐̇𝘚 𝘛𝘜𝘙𝘒𝘐̇𝘚𝘏 𝘍𝘈𝘕𝘚❤🇹🇷,0,2024-03-17T19:13:03Z,2024-03-17T19:13:03Z
Ugz-RCbAYzUdyJpkX014AaABAg,,False,@kemalkarabulut4209,videonun güzelliği,1,2024-03-17T19:10:04Z,2024-03-17T19:10:04Z
UgwZIEZ_fEpHvQ6TojF4AaABAg,,False,@najatroussi1255,BLACKPINK ❤❤,1,2024-03-17T19:06:11Z,2024-03-17T19:06:11Z
UgwQB1BzXejbYBdHiQh4AaABAg,,False,@imjhope5190,I'm so excited!,1,2024-03-17T19:01:09Z,2024-03-17T19:01:09Z
Ugw1VVP2DfV2tUNUoBh4AaABAg,,False,@Blinkkk428,4 queens of K-pop with endless energy💗,2,2024-03-17T18:53:04Z,2024-03-17T18:53:17Z
UgylKFOyRVH5aF1nraJ4AaABAg,,False,@zwartezee7119,❤❤,1,2024-03-17T18:38:43Z,2024-03-17T18:38:43Z
Ugw6Hx0aLBtvxI8gAwt4AaABAg,,False,@Patka7383,요즘 블랙핑크 듣는 중인데😅,1,2024-03-17T18:36:42Z,2024-03-17T18:36:42Z
Ugwjk7nqxuTl9RmLZbZ4AaABAg,,False,@باندا-ظ7ع,❤❤❤❤,1,2024-03-17T18:33:48Z,2024-03-17T18:33:48Z
Ugxvma7Txwwc42vy3pZ4AaABAg,,False,@Darkpz-pz,❤❤❤❤❤❤❤❤❤❤❤❤❤blackpink please see my comment,3,2024-03-17T18:31:32Z,2024-03-17T18:31:32Z
UgxmBXxi21bYJy54cIt4AaABAg,,False,@Nini10050,Lisa 🥰😚🎀🎀😚😚😚😍🎀,3,2024-03-17T18:30:53Z,2024-03-17T18:30:53Z
UgxQ7m9O8DJbZbGbl-x4AaABAg,,False,@Meovvgghhg,BLACKPINK is the revolution,11,2024-03-17T18:30:14Z,2024-03-17T18:30:14Z
UgwK6culAGXCo88U14B4AaABAg,,False,@ceycey._.81,I LOVE YOU JENNIE!!💝,1,2024-03-17T18:17:26Z,2024-03-17T18:17:26Z
UgwpppmnZja7tzQUotJ4AaABAg,,False,@Севаш_мее,Rose❤,2,2024-03-17T18:16:48Z,2024-03-17T18:16:48Z
UgwpppmnZja7tzQUotJ4AaABAg.A15WHXP93TOA1D5ps93D_N,UgwpppmnZja7tzQUotJ4AaABAg,True,@Севаш_мее,I love you,1,2024-03-20T16:59:37Z,2024-03-20T16:59:37Z
UgwpppmnZja7tzQUotJ4AaABAg.A15WHXP93TOA1D5r92OSyd,UgwpppmnZja7tzQUotJ4AaABAg,True,@Севаш_мее,ROSE♡♡♡,1,2024-03-20T16:59:47Z,2024-03-20T16:59:47Z
UgwpppmnZja7tzQUotJ4AaABAg.A15WHXP93TOA1D6-NTZGD6,UgwpppmnZja7tzQUotJ4AaABAg,True,@Севаш_мее,❤❤❤❤❤❤❤❤❤❤❤❤❤❤❤❤❤❤❤❤❤❤❤❤❤❤❤❤❤❤❤❤❤❤❤❤❤❤❤❤❤❤❤❤❤❤❤❤❤❤❤❤❤❤❤❤❤❤❤❤❤❤❤❤❤❤❤❤❤❤❤❤❤❤❤❤❤❤❤❤❤❤❤❤❤❤❤❤❤❤❤❤❤❤❤❤❤❤❤❤❤❤❤❤❤❤❤❤❤❤❤❤❤❤❤❤❤❤❤❤❤❤❤❤❤❤❤❤❤❤❤❤❤❤❤❤❤❤❤❤❤❤❤❤❤❤❤❤❤❤❤❤❤❤❤❤❤❤❤❤❤❤❤❤❤❤❤❤❤❤❤❤❤❤❤❤❤❤❤❤❤❤♡ROSE♡,1,2024-03-20T17:01:03Z,2024-03-20T17:01:03Z
UgzGgO1szG9KB46T-Gp4AaABAg,,False,@Aysel-e4o,"Jennie bana cevap verirmisin diğer 
Üyelerde olur sizi çok seviyorum ❤",2,2024-03-17T18:13:19Z,2024-03-17T18:13:19Z
UgyioYLkuJqVfhhs8yJ4AaABAg,,False,@Sanemiwqx,I love you blackpink,2,2024-03-17T18:04:14Z,2024-03-17T18:04:14Z
UgyRvH3dzFCfLm5aTcF4AaABAg,,False,@nikhatparween9784,I am Laiba and I am a blink and my 4 friends also like blackpink and me and my 2 friends  play blackpink the game and we love it,1,2024-03-17T18:00:32Z,2024-03-17T18:00:32Z
Ugz2ML6nHRFA3UCih0R4AaABAg,,False,@DimaAlsaied,My vitamin,1,2024-03-17T17:47:42Z,2024-03-17T17:47:42Z
UgxxtfLw-O7k0NJBuCp4AaABAg,,False,@jeonmunaHossain,miss you my queen plzzzz comeback queensssss😢😢😢😢😢,0,2024-03-17T17:44:19Z,2024-03-17T17:44:19Z
Ugyz803k2fBl7Beoa6B4AaABAg,,False,@ArunKumar-b9f4z,We always ❤ love you BLACKPINK,4,2024-03-17T17:39:32Z,2024-03-17T17:39:32Z
UgxN9EDG3dYLcPCzJM54AaABAg,,False,@Tocaboca_maryy,❤❤❤❤❤❤❤,0,2024-03-17T17:34:39Z,2024-03-17T17:34:39Z
UgyaWysTe1ar_kInADh4AaABAg,,False,@Urlocalwalmart1,Yooo blackpink is back!! 💅,0,2024-03-17T17:33:09Z,2024-03-17T17:33:09Z
Ugwy_ayeNH9bqJ38KVd4AaABAg,,False,@rosiejoudi,Blackpink in your area 🖤💗,0,2024-03-17T17:23:15Z,2024-03-17T17:23:15Z
UgzH2OkD7kAFp1nflBl4AaABAg,,False,@сапфир-э1х,Blackpink im love you ❤❤❤❤❤❤❤❤❤,0,2024-03-17T17:19:14Z,2024-03-17T17:19:14Z
UgwrK5grIaQMFimcutZ4AaABAg,,False,@Bahalıİsmayılov,HII BLACKPINK NOW COMEBACK?,0,2024-03-17T17:15:05Z,2024-03-17T17:15:05Z
UgwlCvszM5sgf9v65l94AaABAg,,False,@Esma_344,Can someone explain this? 😭,0,2024-03-17T17:09:11Z,2024-03-17T17:09:11Z
UgyHQst24pibo-O8jk54AaABAg,,False,@ESY.753,What's going on🎉🎉🎉🎉,0,2024-03-17T17:04:48Z,2024-03-17T17:04:48Z
Ugyk-fCrSAjGCoTeIpt4AaABAg,,False,@Hazkao,omg i can't believe they collab with famous Japanese artist,0,2024-03-17T17:00:07Z,2024-03-17T17:00:07Z
Ugw1vEzA4PttOlSsP1t4AaABAg,,False,@deltadog90,"Whenever they comeback it’s never enough. Doesn’t matter the time between, I’m ready to burst before the next comeback.  ❤Pinks 4ever!",0,2024-03-17T16:52:45Z,2024-03-17T16:52:45Z
UgypUb21eZxngz7WI2V4AaABAg,,False,@Ecoliliyyyy,Wow,1,2024-03-17T16:49:44Z,2024-03-17T16:49:44Z
UgxOfjh_F3WDZ5aBXTd4AaABAg,,False,@jensoo_channel,"🎀🎀🎀🎀🎀🎀🎀🎀🎀🎀
🎀🎊🧁✨𝘑𝘪𝘴𝘰𝘰✨🧁🎉🎀
🎀🎉🧁🪐𝘑𝘦𝘯𝘯𝘪𝘦🪐🧁🎊🎀
🎀🎊🧁👑𝘙𝘰𝘴𝘦 👑🧁🎉🎀
🎀🎉🧁☄️ 𝘓𝘪𝘴𝘢 ☄️🧁🎊🎀
🎀🎀🎀🎀🎀🎀🎀🎀🎀🎀",0,2024-03-17T16:49:19Z,2024-03-17T16:49:19Z
Ugwo-VNCiZ65jOUtxkJ4AaABAg,,False,@sidneiasantos4336,Ilove you blackpink,0,2024-03-17T16:44:14Z,2024-03-17T16:44:14Z
UgztHFMRftoCzz1pwIl4AaABAg,,False,@lovecricket192,Lovely,0,2024-03-17T16:42:33Z,2024-03-17T16:42:33Z
UgyjzlspHgXldfDXBQl4AaABAg,,False,@animals1234n,Yes please comeback❤,1,2024-03-17T16:33:46Z,2024-03-17T16:33:46Z
UgwCG325XSwtwfLoofF4AaABAg,,False,@denizdidaa,Çok şükür yarabbim yeni müzik mi?,2,2024-03-17T16:24:41Z,2024-03-17T16:24:41Z
UgxDxsdc-GF_uvOAEft4AaABAg,,False,@__..Blossomm___,IS OUR QUEENS COMING BACK IF YES I AM GONNA JUMP OF MY ATTIC😅😅❤❤❤❤❤❤🎉🎉🎉🎉🎉🎉🎉🎉BLACKPINK IS THE REVOLUTION,1,2024-03-17T16:23:07Z,2024-03-17T16:23:07Z
Ugw9dSy6eZVJj9MRIxx4AaABAg,,False,@metin557,I WİSH YOU COULD COME TO VAN DİSTRİCT OF TURKEY💓🖤 🇹🇷,3,2024-03-17T16:20:40Z,2024-03-17T16:20:40Z
Ugw9dSy6eZVJj9MRIxx4AaABAg.A15Izy1vPwvA15Jd6VGgII,Ugw9dSy6eZVJj9MRIxx4AaABAg,True,@metin557,You Will Come  Leave a heart below your  comment   Tell us when we Will come,1,2024-03-17T16:26:17Z,2024-03-17T16:26:17Z
UgwVT7trKNUIUDCPgxZ4AaABAg,,False,@KIM_--,BLACKPINK ❤❤❤,2,2024-03-17T16:20:01Z,2024-03-17T16:20:01Z
UgwEEf7O6tw4F4G-HsB4AaABAg,,False,@Musicabr23,"Isso é uma maldade esse tempo todinho, e o blackpink não lançar uma música se quer pros fãs, maldade. YG fulera",1,2024-03-17T16:15:22Z,2024-03-17T16:15:22Z
UgxmPH_VaZfnrR8PbGJ4AaABAg,,False,@chaesooom-n6h,Blackpink ı love youuuuuu,0,2024-03-17T16:11:56Z,2024-03-17T16:11:56Z
UgyVmmk4HXvI3sZ9n3t4AaABAg,,False,@Jenniejayatimolmuss,Do you speak turkis ❤❤❤❤,0,2024-03-17T16:06:01Z,2024-03-17T16:06:01Z
UgxmuKVL9levIuS_nk14AaABAg,,False,@Anto_fana_k-pop,My queens are back!!😍💗🖤💗🖤💗🖤💗🖤💗,0,2024-03-17T16:04:49Z,2024-03-17T16:04:49Z
Ugxq7fZKBTNCNl4EfY54AaABAg,,False,@pranchit_67,everything except comeback 😢,0,2024-03-17T16:04:23Z,2024-03-17T16:04:23Z
UgwJVWlDp1_Ddd7DAOV4AaABAg,,False,@Jichuups_soyaajis,"I'm so surprised, I love you very much, I'm glad you're here, I also listen to our song all the time, like peanuts, you are so beautiful",0,2024-03-17T16:00:27Z,2024-03-17T16:00:27Z
UgyMzFD53G5KDIyL3pV4AaABAg,,False,@sofiarosas3638,I Love gils☺❤,0,2024-03-17T15:58:38Z,2024-03-17T15:58:38Z
Ugz1m6IOA1Uscdrz0O14AaABAg,,False,@Queen_Rosemxnzfan,Yeni bir şarkı çıkarın lütfen ❤,1,2024-03-17T15:56:24Z,2024-03-17T15:56:24Z
UgxfOWPPU9pR6hDgqnJ4AaABAg,,False,@АняСайбель,black pink ❤❤❤,1,2024-03-17T15:56:18Z,2024-03-17T15:56:18Z
Ugwo4T6ukf101_omBMt4AaABAg,,False,@Jennie.i0z,BLACKPINK 💖💗🩷💝,1,2024-03-17T15:54:17Z,2024-03-17T15:54:17Z
UgwkR9g_s_yArqVqsRJ4AaABAg,,False,@Kaushicore,Missing our queens saur much,0,2024-03-17T15:50:13Z,2024-03-17T15:50:13Z
UgwCYFITUR9W-aQgtet4AaABAg,,False,@ЮрийФдоров-б1ю,Wow cool✨💖,1,2024-03-17T15:44:55Z,2024-03-17T15:44:55Z
UgxJfNHOJlQfECiB2SF4AaABAg,,False,@MeKim-p6e,An cute❤❤❤❤❤😊,0,2024-03-17T15:43:47Z,2024-03-17T15:43:47Z
UgztoSTlr1FCv9wPzkV4AaABAg,,False,@amairajoshishortsoffical,"Miss my 4queens😢
Hope they are healthy and happy 😢
Nsar na laga🧿",1,2024-03-17T15:43:22Z,2024-03-17T15:43:22Z
UgwVIGOcse-UtxPLtW54AaABAg,,False,@EmillePaixão,"COME TO BRAZIL, WE LOVE YOU GIRLS🩷🖤",0,2024-03-17T15:39:05Z,2024-03-17T15:39:05Z
Ugzs_FpXFM_11TyjkT54AaABAg,,False,@Sorry_cool,Auuuuuu❤ blackpink love and there ara my main cl love you my angle❤,1,2024-03-17T15:32:48Z,2024-03-17T15:32:48Z
Ugz3JvRM1Bt46GStiKF4AaABAg,,False,@rashitlladrovci2459,love it mosly i love more Lisa but i like you all and i hop you others don't me sad i love u❤❤,0,2024-03-17T15:31:35Z,2024-03-17T15:31:35Z
UgwQUwA4hP0ipAOzKHF4AaABAg,,False,@jis_Edit,🇹🇷🇹🇷🇹🇷🇹🇷🇹🇷🇹🇷🇹🇷🇹🇷🇹🇷🇹🇷🇹🇷🇹🇷🇹🇷🇹🇷,0,2024-03-17T15:28:50Z,2024-03-17T15:28:50Z
UgzFqenVTKjY0-sL90l4AaABAg,,False,@Sania11114,"I'm blink 
👇",1,2024-03-17T15:25:54Z,2024-03-17T15:25:54Z
Ugxl7nRAybtXygPxC-F4AaABAg,,False,@Wintergurllll,"Blinks are wishing for blackpink to release a new song
Edit:who agrees here
👇",0,2024-03-17T15:20:26Z,2024-03-17T15:20:26Z
UgyhZ6ztY7nFQAZRhk14AaABAg,,False,@ShaSha-lp5gv,Jisoo Jennie Lisa Rose are the queens,0,2024-03-17T15:18:26Z,2024-03-17T15:18:26Z
UgwVCzy6BQdop-S3o954AaABAg,,False,@ganjichudail123,🖤BLΛƆKPIИK💗,0,2024-03-17T15:13:12Z,2024-03-17T15:13:12Z
UgyA-8pBVH1UXNTLeRR4AaABAg,,False,@ganjichudail123,Our four  queens r the revolution,0,2024-03-17T15:13:00Z,2024-03-17T15:13:00Z
UgzqdLWV_XXTj8R9Ylp4AaABAg,,False,@_-.blackpink12389,Cute I love blackpink,0,2024-03-17T15:09:49Z,2024-03-17T15:09:49Z
UgyzO0JhHVR2beF3Tm94AaABAg,,False,@Chaeluviels,Yg sonunda video atmayı akıl etti,0,2024-03-17T15:03:40Z,2024-03-17T15:03:40Z
Ugwpjw81WY1K74riCaB4AaABAg,,False,@RajswiniMhatre,I LOVE YALL MY 4 BEAUTIFUL FLOWERS 💐 ❤❤❤❤,0,2024-03-17T15:03:12Z,2024-03-17T15:03:12Z
Ugz0UiFXOTKzwm9uPTR4AaABAg,,False,@Luna_kpop124,"WOW j'aime trop !
Je vous aime les BLACKPINK même si vous ne verrai jamais se commentaire je pense être une de vos plus grande fan i love You !!!!!!",0,2024-03-17T14:59:50Z,2024-03-17T14:59:50Z
Ugxnvw1HetZtWRrk_Fd4AaABAg,,False,@Meow_np,سمبوسككككككككككككككككككككككككككككككككككككككككككككككككككككككككككككككككككككككككككككككككككككككككككككككككككككككككككككككككككككككككككككككككككككككككك ككككككككككككككككككككككككككككككككككككككككككككككككككككككككككككككككككككككككككككككككككككككككككككككككككككككككككككككككككككككككككككككككككككككككككككككككككككككك,2,2024-03-17T14:35:09Z,2024-03-17T14:35:09Z
UgyMnkEMRdrQ_Y4P1-F4AaABAg,,False,@MdAlifKhan-vg5em,Hi lisa,0,2024-03-17T14:32:55Z,2024-03-17T14:32:55Z
UgxNsZaU32GKzqyN7r14AaABAg,,False,@SONAMKUMARI-y3y1z,Blackpink I am your big fan please reply me❤❤❤❤,0,2024-03-17T14:30:50Z,2024-03-17T14:30:50Z
Ugw4B_VtJ2vzkFLyxsd4AaABAg,,False,@BLACKPINK-N3X,"BLACKPINK IS THE REVOLUTION
BLACKPINK IN YOUR AREA 🖤💗🖤💗🖤💗🖤💗🖤💗🖤💓🖤💓🖤💓🖤💓",0,2024-03-17T14:29:19Z,2024-03-17T14:29:19Z
UgxCL9Z9sU2AYgH9y214AaABAg,,False,@Creativewold,The queens 👑 are back to rock again ❤❤❤❤ 🎉🎉 love from india blackpink ❤❤❤❤❤❤,1,2024-03-17T14:29:10Z,2024-03-17T14:29:10Z
UgzTLDDjPoFqKtziSl14AaABAg,,False,@AnushkaSingh-f5x,Missing our 4 queens 👑😭..... Waiting for their comeback this year 🧡🧡..... Love you ❤girlsss..... Be slaying 4ever🎀💫,0,2024-03-17T14:19:49Z,2024-03-17T14:19:49Z
UgyDn2QEG_Ci2X0Ckx14AaABAg,,False,@Ada_Arslanargun,❤,0,2024-03-17T14:10:32Z,2024-03-17T14:10:32Z
UgyFO5UQvK-uRlzje6h4AaABAg,,False,@rosie-posie-137,BLACKPİNK kpop of queen,0,2024-03-17T14:08:39Z,2024-03-17T14:08:39Z
UgyVHZBEOBN8f_oMdIx4AaABAg,,False,@user-wm3vl6oh7d,وين البلينك العرب + حطو لايك عشان يفكرو تعليقي مهم 🗿✨,1,2024-03-17T14:08:23Z,2024-03-17T14:08:23Z
UgxEFj5zkcyISorhbLt4AaABAg,,False,@nozrulislam-pd3ps,"Hi, I am Bangladeshi grill love from Bangladesh ❤❤❤❤❤❤❤❤❤❤❤❤❤❤❤❤❤❤❤❤I am blink ❤❤❤❤❤❤❤❤❤❤❤",0,2024-03-17T14:07:05Z,2024-03-17T14:07:05Z
UgxunLPXWJjbzVE09XJ4AaABAg,,False,@keyg.6081,BLACKPINK,0,2024-03-17T14:06:15Z,2024-03-17T14:06:15Z
UgwHp59-eqQyY8FU2W94AaABAg,,False,@azraenee,"Türk blinkler
👇🏻
👇🏻
👇🏻",1,2024-03-17T14:06:01Z,2024-03-17T14:06:01Z
Ugwi5GSFiWXxgl92_aB4AaABAg,,False,@waadmohsen4156,😭😭😭😭💗💗💗💗💗💗💗💗💗,0,2024-03-17T14:05:53Z,2024-03-17T14:05:53Z
Ugy9U03LOl5yw1TsSfR4AaABAg,,False,@ZeytinyağıNecdet,blinkkk blackpinkkkkkk,0,2024-03-17T14:01:34Z,2024-03-17T14:01:34Z
UgwBfNWpBguwxTh0uVZ4AaABAg,,False,@linicutie,Love you My 4 brilliant Queens. I love you so much.❤❤❤,0,2024-03-17T13:57:25Z,2024-03-17T13:57:25Z
UgxRmllFMqgsm8VfLCp4AaABAg,,False,@neslihanozay1412,BLACKPINK  TURKEY😊😊❤❤❤,0,2024-03-17T13:57:25Z,2024-03-17T13:57:25Z
Ugxvddrcz-_K_oCzUI94AaABAg,,False,@Kapandı-k-pophayatimolmuscus,"Buradaki tek Türk ben miyim ?
 BLACKPİNK TÜRKİYE SİZİ ÇOK SEVİYOR ❤️🇹🇷🇰🇷🇹🇭",1,2024-03-17T13:49:10Z,2024-03-17T13:49:51Z
UgxH9RyYRExodtKfxCF4AaABAg,,False,@ĸ-Wan,"Love you
You are beautiful 🎧💖🦋✨",0,2024-03-17T13:49:01Z,2024-03-17T13:49:01Z
Ugx1gpYcNRt6D0I_cbF4AaABAg,,False,@bilg3naz,🖤💗,0,2024-03-17T13:48:04Z,2024-03-17T13:48:04Z
UgySFRuoLSo882-4arx4AaABAg,,False,@Anissa370,Love you blakpink 🖤💗,0,2024-03-17T13:40:10Z,2024-03-17T13:40:10Z
Ugz-sgJQ_5k42F787qF4AaABAg,,False,@JabeenJabeen-p5f,My queens are now backkk !❤❤❤❤,0,2024-03-17T13:38:16Z,2024-03-17T13:38:16Z
UgyEV4zoYch7r6t4RzB4AaABAg,,False,@Remoly9782,Is this collab a game,0,2024-03-17T13:28:07Z,2024-03-17T13:28:07Z
UgyHGU50JXS4kVC1GWp4AaABAg,,False,@Parijoshi2525,Your so pretty queens 😘💗🖤,0,2024-03-17T13:25:55Z,2024-03-17T13:25:55Z
UgyQB2h32mUgo0-gwZF4AaABAg,,False,@SkinwalkerIsOverpowered,Pov: Perfect loop doesn't exist,1,2024-03-17T13:15:01Z,2024-03-17T13:15:01Z
UgyVuab8PukULaEUXLN4AaABAg,,False,@lunabayard-tx8sx,I love you blackpink💗🖤🤍,0,2024-03-17T13:14:43Z,2024-03-17T13:14:43Z
UgzjHFbV8gd4WigxhjN4AaABAg,,False,@recep-i4q,Blackpink inyou area,1,2024-03-17T13:11:32Z,2024-03-17T13:11:32Z
Ugw1gMxOLM116d7iT214AaABAg,,False,@Jenchulichaeng31,❤❤❤❤❤❤❤❤,0,2024-03-17T12:55:30Z,2024-03-17T12:55:30Z
Ugz4aVyuDDcezC5yfBd4AaABAg,,False,@kausarlamfa,"i love my Queens and their name is jisoo, jennie, lisa, rose",0,2024-03-17T12:52:02Z,2024-03-17T12:52:02Z
UgzfvTOEJuwdg1ihUt94AaABAg,,False,@i.s6el,تعاونننننننن😭,1,2024-03-17T12:44:16Z,2024-03-17T12:44:16Z
UgzwqsV9s_qkhKXh1cB4AaABAg,,False,@radhamanivc-xe9vp,Love you all 4❤❤❤❤❤❤ I hope you will come back as the BLACK PINK this year ❤❤❤❤❤❤❤❤❤❤❤,0,2024-03-17T12:37:56Z,2024-03-17T12:37:56Z
Ugxtamr34QsKKcL-UdB4AaABAg,,False,@OhMyPutri,Blackpink forever ❤,1,2024-03-17T12:37:22Z,2024-03-17T12:37:22Z
Ugw2GkRexyS3e5AWfUF4AaABAg,,False,@aishaimran2408,I missing you❤❤❤❤❤❤ ❤❤ ❤ ❤ ❤ ❤ ❤ ❤ ❤ ❤ ❤. ❤,0,2024-03-17T12:34:28Z,2024-03-17T12:34:28Z
UgzriAIgOMgzI8gfFpl4AaABAg,,False,@blink72,black pink i love you,1,2024-03-17T12:33:13Z,2024-03-17T12:33:13Z
UgxHC2TqNPvI18rkNgx4AaABAg,,False,@Chon_Somin-s9i,I love blackpink❤❤😊,0,2024-03-17T12:31:23Z,2024-03-17T12:31:23Z
UgzLPyGNpUEYZr7PoyF4AaABAg,,False,@albertorodriguez8421,blakpink   you   area,0,2024-03-17T12:27:43Z,2024-03-17T12:27:57Z
UgyxVou5--hTOiQ0XvB4AaABAg,,False,@BLACKPINKtraveler,I love it so much ❤,0,2024-03-17T12:25:46Z,2024-03-17T12:25:46Z
UgxEYHJ7EMKd_A72IUZ4AaABAg,,False,@mariehejrova9042,Hi can you go to czech republick we love blackpink pls pin❤❤❤,0,2024-03-17T12:20:14Z,2024-03-17T12:20:14Z
Ugy7WgmRd-G98BAbFw94AaABAg,,False,@Straykids_stay-0509,Solo Jennie 1 billion,1,2024-03-17T12:19:10Z,2024-03-17T12:19:10Z
UgzzGLhkFlaXRCMtaml4AaABAg,,False,@mmomo_qp,اوميقاد اتوقع ذا لايت ستيك بلاك الجديد🤭,1,2024-03-17T12:17:00Z,2024-03-17T12:17:00Z
UgzzGLhkFlaXRCMtaml4AaABAg.A14s6MhfRZFA17h6HL_PbN,UgzzGLhkFlaXRCMtaml4AaABAg,True,@jk.jennie-t,يس,0,2024-03-18T14:38:36Z,2024-03-18T14:38:36Z
UgzOc8b1N0cqBhQoMsN4AaABAg,,False,@damlacan9622,İ LOVE YOU BLACKPİNK COMEBACK💗💗💗💗💗💗🖤🖤🖤🖤🖤🖤,0,2024-03-17T12:07:44Z,2024-03-17T12:07:44Z
UgxQuxJxR2ALuD7xK5d4AaABAg,,False,@Shosho_plays_bunny,"나는 너희 모두 블랙 핑크를 사랑해. 나는 너를 절대 잊지 않을 거야. 너희 모두를 사랑해. 나는 너를 사랑해, 지소. 나는 너를 사랑해, 제니. 사랑해, 리사! I love you all black pink i would never forget you love you all i love you jisso i love you jennie i love you lisa",0,2024-03-17T12:01:54Z,2024-03-17T12:01:54Z
Ugy96mlbVNodklXmyIl4AaABAg,,False,@soheelmadbor,Our Queens come back 🎉,0,2024-03-17T11:59:44Z,2024-03-17T11:59:44Z
Ugz-SZhCWsOtLLIDrS94AaABAg,,False,@selvalakshmigayathri9890,Love you BLACKPINK💗,0,2024-03-17T11:58:46Z,2024-03-17T11:58:46Z
Ugzr2Vyfha8dcekuOgN4AaABAg,,False,@ashfakalif8547,Our four queen i miss you queen ❤❤❤😢😢😢,0,2024-03-17T11:38:31Z,2024-03-17T11:38:31Z
UgztdDgTeWI6WNi_ac54AaABAg,,False,@salmwix,"COMEBACK WHEN, YG?!!!!!!!!",0,2024-03-17T11:38:11Z,2024-03-17T11:38:11Z
Ugw1JXS5ezjPq3DCNzZ4AaABAg,,False,@Shaik2079,"The best k-pop girl group in the world that has four soft little heart queen
I am waiting for you four queen pls comeback in 2024 😢😞🥺",0,2024-03-17T11:29:19Z,2024-03-17T11:29:19Z
UgxrdJyI2MizTSxzuNx4AaABAg,,False,@rahmanassar4039,Our love bp❤❤❤,0,2024-03-17T11:27:30Z,2024-03-17T11:27:30Z
UgxggZ4HI4J8MTW00ot4AaABAg,,False,@K-dramadelisii,4명의 여왕은 어디에 있나요?,0,2024-03-17T11:13:57Z,2024-03-17T11:13:57Z
UgxeNKKXH1EeUie3EP54AaABAg,,False,@SaraRana7789,"yayyyyy blackpink is back🎉🎉🎉🎉❤❤❤❤❤
people who like blackpink
👇",1,2024-03-17T11:08:21Z,2024-03-17T11:09:19Z
UgxeNKKXH1EeUie3EP54AaABAg.A14kFUtByJDA16ZQ_dQiL_,UgxeNKKXH1EeUie3EP54AaABAg,True,@SaraRana7789,❤,0,2024-03-18T04:03:29Z,2024-03-18T04:03:29Z
Ugzdq7U5ahHTvyBzfz94AaABAg,,False,@KANEKI_FF.,😢,0,2024-03-17T11:00:25Z,2024-03-17T11:00:25Z
UgzbIhP58yUg91J6Y_d4AaABAg,,False,@leonaalima,New lightstick,0,2024-03-17T10:47:23Z,2024-03-17T10:47:23Z
UgyN2AD_nFOV4egu_094AaABAg,,False,@susanskoley6322,Love u I want a free black pink set . You guys are the best . One question. Have you ever visited India ?,0,2024-03-17T10:43:47Z,2024-03-17T10:43:47Z
Ugy2crLT5KgDcwImnPh4AaABAg,,False,@RashmiChamuah-ud4vy,Our world 🖤🖤🖤🖤🖤🖤💗💗💗💗💗💗,1,2024-03-17T10:43:31Z,2024-03-17T10:43:31Z
UgzWQ38Q7bFfwCH5f6J4AaABAg,,False,@Berenlilis,Gitmeyin nolurr,1,2024-03-17T10:40:35Z,2024-03-17T10:40:35Z
UgxlcAUyClwy9n4oorp4AaABAg,,False,@VaggosLelis,I THOUGHT THEY WERE BANDE I GOT SCARED😱😂😩😮‍💨,0,2024-03-17T10:36:49Z,2024-03-17T10:36:49Z
UgwLtipvUVpyMCkaUd14AaABAg,,False,@Jenniesfan2013,🖤I love blackpink 💓💗💖🖤🖤🤍,0,2024-03-17T10:27:17Z,2024-03-17T10:27:17Z
UgyMcE6y9YZHguTIdQN4AaABAg,,False,@rthampithampi6794,"Blackpink plzz come back ,I miss you 4 queens 🖤💓🖤💓🖤💓🖤💓🖤🖤💓🖤💞🖤💓🖤",1,2024-03-17T10:23:39Z,2024-03-17T10:23:39Z
Ugx9_XRY9rJnGTG06DJ4AaABAg,,False,@user_Blinkarmy_World,I love you backpink❤❤❤❤❤❤❤🤗🤗🤗❤️😘😘Im your biggest fan ❤❤❤❤❤❤,0,2024-03-17T10:19:21Z,2024-03-17T10:19:21Z
UgxC68qM2kN1zYpSaZx4AaABAg,,False,@duonganh4645,Wow 🤩,0,2024-03-17T10:09:19Z,2024-03-17T10:09:19Z
UgxetAjPT54_H3VPjSd4AaABAg,,False,@BizaMat-sm3bz,"Miss U 4 our Queens I Always waitin for ur Comeback this year 2024!!!!❤❤ 

PS:I Love you lisa❤❤",0,2024-03-17T10:03:25Z,2024-03-17T10:03:25Z
UgyYXMVu6_0uWillHFt4AaABAg,,False,@Lalisamanoban_718,Blackpink in my area❤❤❤❤I love you blackpink ❤❤❤,0,2024-03-17T10:01:46Z,2024-03-17T10:01:46Z
UgwEgaGaY_HB-yNFGNZ4AaABAg,,False,@Blackstheticx,Blackpink forever and ever,0,2024-03-17T10:01:38Z,2024-03-17T10:01:38Z
UgyUCTOe_pOlzkmPvmh4AaABAg,,False,@konabegum4720,I was hoping them to release a rell about Jennie's song  'Solo' which crossed 1 billion views long time ago 😔,0,2024-03-17T09:48:07Z,2024-03-17T09:48:07Z
UgxMYd1nfWtn0WDJYyp4AaABAg,,False,@TETO_Lunstay,"everyone please strong stream the following MV/DANCE to quickly have a poster 
Dance 4D=498
MV Shut down=598
Dance HYLT=1T.597M
MV Ice Cream=897M
Dance AIIYL=298M
Lisa=688M LALİSA
Rose=356M OTG
Jisoo=479M FLOWER
Lisa=976M MONEY 
Rose=285M GONE 
Jennie=132M YOU AND ME",1,2024-03-17T09:36:20Z,2024-03-17T09:36:20Z
Ugysnx0E2Tuw2xL1d9x4AaABAg,,False,@Fatehsinghtomar,Hi rose lam your big faaaaaannnnnnnnnnnnnnnnn😅😅😅😅😅😅😅❤❤❤❤❤❤❤❤❤❤❤❤❤❤❤❤❤❤❤❤❤❤❤❤❤❤❤❤❤❤❤❤❤❤❤❤❤❤❤,0,2024-03-17T09:34:59Z,2024-03-17T09:34:59Z
Ugyif_oaXdgzrrp6wxR4AaABAg,,False,@arabac4346,"Please would you come to Turkey but let it be Malatya in Turkey
🖤🩷",0,2024-03-17T09:30:05Z,2024-03-17T09:30:05Z
UgxACf9E2fgdJb3Y7F14AaABAg,,False,@YwY692,💫🖤💗,1,2024-03-17T09:28:43Z,2024-03-17T09:28:43Z
Ugy9SSN-dC-6laO9SkF4AaABAg,,False,@Slay_Sister_Nadine,OMGGGGG,0,2024-03-17T09:24:05Z,2024-03-17T09:24:05Z
Ugy662mo_WG6WgOxQYR4AaABAg,,False,@asudemahmudova4168,"❤사랑해요 블랙핑크. 아제르바이잔에서 여러분을 지켜보고 있습니다. 다음에 또 여기로 오세요. 당신의 성공이 끝나지 않기를 바랍니다. 축하해요. 사랑하는 지수, 제니, 리사, 로제 여러분 덕분에 케이팝을 듣기 시작했어요. 여러분 모두에게 무한한 감사를 드립니다. 아제르바이잔에서 사랑을 담아",0,2024-03-17T09:22:46Z,2024-03-17T09:22:46Z
Ugw77UkWr9xuT6yydoJ4AaABAg,,False,@arabac4346,"I Love You Black Pink 
      🖤🩷",0,2024-03-17T09:19:49Z,2024-03-17T09:19:49Z
Ugx4oFg4vkLmMiri83N4AaABAg,,False,@rtgroupaurangabad6999,Happy birthday Lisa in Advance 🎉🎈,0,2024-03-17T09:18:14Z,2024-03-17T09:18:14Z
UgzjfQXxx15rRPDo7Dl4AaABAg,,False,@Beach.Lover102,Like if your a BLINK 💗🖤💗🖤💗🖤💗🖤💗🖤,1,2024-03-17T09:15:47Z,2024-03-17T09:15:47Z
UgxJW5m3yGmdSmWVhQF4AaABAg,,False,@MohanD-op2dl,I will miss you so much I am waiting for you ❤❤❤,1,2024-03-17T09:13:51Z,2024-03-17T09:13:51Z
UgyjoQVFWW1f0SyiAad4AaABAg,,False,@KpopxUniverse143,"Who will always support blackpink
👇",0,2024-03-17T09:05:01Z,2024-03-17T09:05:01Z
UgxmA4mNhbS3A52Iz954AaABAg,,False,@black_pink155,"MISS U,LL SO MUCH",0,2024-03-17T09:04:19Z,2024-03-17T09:04:19Z
UgyYymgRHCVVgYidfvd4AaABAg,,False,@user-cl9ie4ss1,When new world tour i miss u❤,0,2024-03-17T08:59:42Z,2024-03-17T08:59:42Z
UgxKAUFfNKTfUEDFaQ94AaABAg,,False,@nourinahmedgalal,"Miss u 4 our Queens , I always waitin ` for ur comeback this year 2024 !♡♡♡♡",0,2024-03-17T08:56:04Z,2024-03-17T08:56:04Z
UgyBa4KCUgCxNsTAfmF4AaABAg,,False,@Kawaii_girl902,Blinks forever like this comment  🖤💖,1,2024-03-17T08:49:35Z,2024-03-17T08:49:35Z
UgyLOBq7CB-xmZmUO954AaABAg,,False,@Foz-z6w,💞💞💞💞💞💞💞💞,0,2024-03-17T08:49:06Z,2024-03-17T08:49:06Z
UgxYUHX45-4pGncNTbR4AaABAg,,False,@Shams__53542,💖🖤❣❣,0,2024-03-17T08:46:42Z,2024-03-17T08:46:42Z
UgzzSHk-5W9Tm7OR8hF4AaABAg,,False,@LittleNashy14,This is a message to BLACKPINK you guys should see the music video my idol by x:in and show a video of your reaction,0,2024-03-17T08:45:36Z,2024-03-17T08:45:36Z
Ugy-ZMBcvcvCdXO15l54AaABAg,,False,@ot7alwaysv,Can't wait for your comeback😢,0,2024-03-17T08:43:55Z,2024-03-17T08:43:55Z
UgzqU-D93nRqZYIYECB4AaABAg,,False,@Shourya_army,Miss u,0,2024-03-17T08:41:11Z,2024-03-17T08:41:11Z
Ugza0PJE1zZ90yI-ei94AaABAg,,False,@NeelamDevi-n9l,You are very beautiful and smart ❤❤ miss you,0,2024-03-17T08:20:16Z,2024-03-17T08:20:16Z
UgzWFxo_6tckRZeXjIN4AaABAg,,False,@Crlcarrillo,They didn't do video for solo hitting 1B vuews,0,2024-03-17T08:19:17Z,2024-03-17T08:19:17Z
UgzkzJHg_RFmm_TxVEd4AaABAg,,False,@Jisoyy,"Blakpinki kim seviyor?
👇🏻",2,2024-03-17T08:13:19Z,2024-03-17T08:13:19Z
Ugwt7jdAa87CvgMtaTd4AaABAg,,False,@Kapandi-o4u,블랙핑크 신곡 언제 나오나요?,0,2024-03-17T08:07:18Z,2024-03-17T08:07:18Z
Ugyu0701sOMpjGBMTsx4AaABAg,,False,@elifervaugur3800,Merhaba my name 🇹🇷,0,2024-03-17T08:02:55Z,2024-03-17T08:02:55Z
UgzOAQwzsObEq2MW9N54AaABAg,,False,@ekremdengiz8965,💖💖💖💖💖💖💖💋💋💋💋💋,0,2024-03-17T07:50:55Z,2024-03-17T07:50:55Z
UgzvBkoCTj3V1_ee3dl4AaABAg,,False,@Liskook._.24,"I know Our Blackpink's comeback will be fire like always 🔥

Miss you our 4 queens ❤",0,2024-03-17T07:49:37Z,2024-03-17T07:49:37Z
UgyXgcIxKgHdozOKRDd4AaABAg,,False,@soolijensé,"TÜRK BİR BLİNK OLARAK GERÇEKTEN BLACKPİNK'İ ÇOK ÖZLEDİM 4 KRALİÇEMİZİN HEMEN GERİ DÖNÜŞ YAPMASINI İSTİYORUM SABIRSIZLIKLA BEKLİYORUZ LÜTFEN SEKTÖRÜN PATLAYACAĞI BİR ŞARKI OLSUN 
KENDİNİZİ GOSTERİN TÜRK BLİNKLER BİZ BURADA HER ZAMAN ONLARI DESTEKLEYECEĞİZ
👑👑👑👑
🖤💗🖤💗
🇰🇷💗🇹🇷   ~ Turkish blinks ~",1,2024-03-17T07:49:06Z,2024-03-17T07:50:24Z
Ugw1GLY9XAX3hvtTT2N4AaABAg,,False,@zeynepytbr,퀸 4명🌷,1,2024-03-17T07:48:12Z,2024-03-17T07:48:12Z
UgxPqOD_EIR89e6mIm54AaABAg,,False,@kim_moon282,Who will always support blackpink forever ♾️👇🏻👇🏻👇🏻,0,2024-03-17T07:44:35Z,2024-03-17T07:44:35Z
Ugyf6Fgh5bmm3jWeMBN4AaABAg,,False,@baklava_sever_offical,"I love you Blacpink jisoo,lisa hot🔥 jennie,rose hot🔥",0,2024-03-17T07:42:10Z,2024-03-17T07:42:10Z
UgxfoV6gQoIxoXhvIsJ4AaABAg,,False,@priyankajha4066,BLACKPINK IN YOUR AREAAA!!! 🖤💗,0,2024-03-17T07:37:34Z,2024-03-17T07:37:34Z
Ugy2Um78-ZRdGwd7SIt4AaABAg,,False,@Neraa_k,"Hi blackpink 
İm from in Azerbaijan 
And Azerbaijan love 4 quens 
Jisoo,Jennie,Lisa,Rose.
 We miss you😢😢",1,2024-03-17T07:37:07Z,2024-03-17T07:37:07Z
Ugydn4fM0UsAPAGulBB4AaABAg,,False,@Blackpink_queens296,Comeback,0,2024-03-17T07:36:47Z,2024-03-17T07:36:47Z
Ugy0MHDeyC1kH1-SFIV4AaABAg,,False,@mrs4erii,Miss u blackpink❤,0,2024-03-17T07:26:39Z,2024-03-17T07:26:39Z
UgwAl---N1_dKOo222V4AaABAg,,False,@Sanchitaa-k8l,"Who are waiting for our QUEENS to comeback this year!❤
👇",0,2024-03-17T07:15:33Z,2024-03-17T07:15:33Z
Ugw_xwhKjwN5VvU-9c54AaABAg,,False,@ARMYBLINK12325,Missss up lot My 4 majesties ❤❤❤😢,0,2024-03-17T07:14:29Z,2024-03-17T07:14:29Z
Ugy1OP4byDAraCSY71t4AaABAg,,False,@я.рэди.и.что,When will you return our queens?😢,1,2024-03-17T07:13:51Z,2024-03-17T07:13:51Z
UgzprY16SgaLclDnHB54AaABAg,,False,@paswan9272,I miss you so much 4 queen blackpink❤ I love blackpink❤,0,2024-03-17T07:12:54Z,2024-03-17T07:12:54Z
UgxQ_2q8NUUFhYDZHGF4AaABAg,,False,@BlinkU_1575,"Jisoo has a family, and it has so many member:- jisoo,lisa Rose,jennie and all blinks",0,2024-03-17T07:05:59Z,2024-03-17T07:05:59Z
UgzICbzhSR8TPKUs0714AaABAg,,False,@jen7156,블핑과 다카시❤,0,2024-03-17T06:58:20Z,2024-03-17T06:58:20Z
Ugy6W-uEzCA7lbr8mxp4AaABAg,,False,@Just_Banu,우리 4명의 퀸즈가 너무 그리워요. 블랙핑크 제발 돌아와줘 블링크들 다 이걸 원해 제발❤,0,2024-03-17T06:43:00Z,2024-03-17T06:43:00Z
Ugw9GEdVYKC1SAJY1DF4AaABAg,,False,@A_ixr,Wow so cool,0,2024-03-17T06:40:34Z,2024-03-17T06:40:34Z
UgwG2x7UeYFuBe90UnV4AaABAg,,False,@Seolsim8,블링크러 블랙핑크가 너무 그리워요. 다시 오세요🥺,1,2024-03-17T06:29:13Z,2024-03-17T06:29:13Z
UgwZPsR0rEvNUY22X0l4AaABAg,,False,@Gs_avsin,Aneyseyong❤,1,2024-03-17T06:29:00Z,2024-03-17T06:29:00Z
UgwDwYMFRY7XEKjPIe94AaABAg,,False,@ketkinaik3558,Waiting for your comeback ❤❤,0,2024-03-17T06:17:58Z,2024-03-17T06:17:58Z
Ugxee6jcMFASH8NupJ14AaABAg,,False,@zeronin246,"oh my this can't be real 😭 
miss u our 4 queens I was waiting for a comeback
finallyyyy!!!!! 🖤💗",167,2024-03-17T05:54:31Z,2024-03-17T05:54:31Z
Ugxee6jcMFASH8NupJ14AaABAg.A14BKujR1XcA19R1IEhF2M,Ugxee6jcMFASH8NupJ14AaABAg,True,@K-pop_Biggest_Fan,What happened?,1,2024-03-19T06:47:51Z,2024-03-19T06:47:51Z
Ugxee6jcMFASH8NupJ14AaABAg.A14BKujR1XcA19SHt4O4Te,Ugxee6jcMFASH8NupJ14AaABAg,True,@zeronin246,@@K-pop_Biggest_Fan they have a comeback........❤️❤️❤️,1,2024-03-19T06:58:51Z,2024-04-18T00:39:04Z
Ugxee6jcMFASH8NupJ14AaABAg.A14BKujR1XcA1B1DBQyHk7,Ugxee6jcMFASH8NupJ14AaABAg,True,@DivineKpopEdits,@@zeronin246no its just a commercial collab…,4,2024-03-19T21:40:46Z,2024-04-18T00:39:04Z
Ugxee6jcMFASH8NupJ14AaABAg.A14BKujR1XcA1CLXrlKwrT,Ugxee6jcMFASH8NupJ14AaABAg,True,@zeronin246,@@DivineKpopEdits   whatever this is...I was just waiting for them...😭❤️,3,2024-03-20T09:57:35Z,2024-04-18T00:39:04Z
Ugxee6jcMFASH8NupJ14AaABAg.A14BKujR1XcA2DdKpd-COU,Ugxee6jcMFASH8NupJ14AaABAg,True,@PauloLaizer-b7g,Nice me too,1,2024-04-14T18:32:28Z,2024-04-14T18:32:28Z
UgzCWLEGxuBVTnbAtWt4AaABAg,,False,@TANIAJUNGKOOK,Tan Lisa,0,2024-03-17T05:51:59Z,2024-03-17T05:51:59Z
Ugxn-L39t8BbB0edgLJ4AaABAg,,False,@Gaweul_Park,"I miss you our 4 queen hope our 4 queens come back this year 2024! k-pop have no taste without you Love you BLACKPINK 

Love frpm india😢",0,2024-03-17T05:28:15Z,2024-03-17T05:28:15Z
UgzrXfWaGwXjUVuoW014AaABAg,,False,@Kyarazhell20,블랙핑크 계정이 아니었으면 안 좋아했을텐데 블랙핑크 공식 계정이라 웃긴 영상이네요,0,2024-03-17T05:22:58Z,2024-03-17T05:22:58Z
UgxY6Rc2GKAeLR517Zd4AaABAg,,False,@deepsidhu1992,"I miss you four queens , I always waiting for your come back  this year 
All blinks miss you  ,    BLACK PINK 🖤💗",1,2024-03-17T05:15:06Z,2024-03-17T05:15:06Z
UgyaKDfJzr10-n-nS2p4AaABAg,,False,@UsernamesJK,"We BLINKs are really waiting for BLACKPINK's comeback, I will continue to wait",0,2024-03-17T05:03:48Z,2024-03-17T05:03:48Z
Ugxt6IknAwGFWKGuwgZ4AaABAg,,False,@Karoketocanin_eskiveyenifani,"Miss u 4 our Øueens, l always waitin' for ur comeback this year 2024",0,2024-03-17T04:51:49Z,2024-03-17T04:51:49Z
Ugz4KCWp68Jq7pFf3Il4AaABAg,,False,@Pink.petals_457,"Miss u our 4 queens 😢

 BLACKPINK is the revolution🔥

I always waiting for your comeback this year!! miss u……💓",0,2024-03-17T04:46:12Z,2024-03-17T04:48:54Z
Ugy_p5uWynv8VRzFP7B4AaABAg,,False,@Star_dark4689,로,0,2024-03-17T04:41:48Z,2024-03-17T04:41:48Z
UgzpFKjtv27mO0EVdmB4AaABAg,,False,@Happyashik,🖤🖤,0,2024-03-17T04:31:03Z,2024-03-17T04:31:03Z
UgydGYyAb2YhX9P5KoV4AaABAg,,False,@miniram9052,❤,0,2024-03-17T04:28:35Z,2024-03-17T04:28:35Z
UgzlWigg1NmFN_md-MR4AaABAg,,False,@VanVan-sm2pb,Black pink ❤❤❤❤❤❤❤❤,0,2024-03-17T04:13:48Z,2024-03-17T04:13:48Z
UgwLkVLRuFc_x1gC9S94AaABAg,,False,@Leeyuminlee,BLACKPINK❤❤❤🎉🎉🎉🎉🎉🎉,2,2024-03-17T03:52:41Z,2024-03-17T03:52:41Z
Ugyb65lK2gc40j6QUvx4AaABAg,,False,@Gianna-26523,"Miss u Queens 👑 im really excited for a comeback 🖤BLΛƆKPIИK💗!!! In 2024
𓆩🤩𓆪𓆩🤩𓆪𓆩🥳𓆪𓆩🥳𓆪𓆩☺️𓆪",0,2024-03-17T03:52:15Z,2024-03-17T03:52:52Z
Ugx4wgqb1hBrEvREaXZ4AaABAg,,False,@Hzhh17,🖤💗,0,2024-03-17T03:42:15Z,2024-03-17T03:42:15Z
UgzI8eRKgjCUxIfFr4B4AaABAg,,False,@AytacMemmedova-fv6tm,BLACKPİNK in your area . I will always support you blackpink🖤🩷,0,2024-03-17T03:30:11Z,2024-03-17T03:30:11Z
UgzJKZjKc1oEKKQcbcR4AaABAg,,False,@alleyesonme386,❤,0,2024-03-17T03:29:38Z,2024-03-17T03:29:38Z
Ugww4UoiEdZf13BJZIp4AaABAg,,False,@Retha-th3,Fourt queen cutes ❤❤❤😊,0,2024-03-17T03:18:56Z,2024-03-17T03:18:56Z
UgwYOr_gvOi-v7Cavyd4AaABAg,,False,@Sumedhasartworld,Hi blink ❤❤,0,2024-03-17T03:17:22Z,2024-03-17T03:17:22Z
UgyaUtakAAaTY8edDnh4AaABAg,,False,@TheCuteOctopusPlays,I hope Blackpink comeback in the future !,1,2024-03-17T03:12:07Z,2024-03-17T03:12:07Z
UgxuSQ9GUdW22XPaVfx4AaABAg,,False,@levayrose7639,Comeback. OT4.....🎉🎉❤❤❤❤,0,2024-03-17T03:10:53Z,2024-03-17T03:10:53Z
UgxrWmtKjbdHQPbwkXt4AaABAg,,False,@blinkish-girl_145,miss you blackpink,0,2024-03-17T03:07:28Z,2024-03-17T03:07:37Z
UgxqxAtrWNu8bAf3vmt4AaABAg,,False,@sumanrawal2401,we need a comeback 🔥 🔥,0,2024-03-17T02:43:49Z,2024-03-17T02:43:49Z
UgyJL23u9GSIkJlE4QN4AaABAg,,False,@HajraAnsar-z4i,Let's celebrate for our 4 queen comeback that is coming soon,0,2024-03-17T02:40:21Z,2024-03-17T02:40:21Z
UgxpSHXBLoQ0MAgLSqx4AaABAg,,False,@t.suchendrean4975,"Our 4 queens where you ?  
Kim jisoo 
Jennie kim 
Park chaeyoung 
Lalisa manbanol
We miss you and are waiting for you guys Blinks forever",0,2024-03-17T02:38:42Z,2024-03-17T02:38:42Z
Ugx3aZIQjEiD0R4eZRR4AaABAg,,False,@carayzabellemendoza5901,BLACKPINK I'm your biggest fan but I haven't gotten to Korea yet  💗🖤💗🖤💗🖤💗🖤💗🖤💗🖤 CU BLACKPINK,0,2024-03-17T02:37:22Z,2024-03-17T02:37:22Z
UgzmsRbpzVrVas562Q14AaABAg,,False,@Payalpoonamowner9,Superb ❤❤❤❤❤❤,1,2024-03-17T02:36:11Z,2024-03-17T02:36:11Z
UgzSHq3QZFuV7RnpJA94AaABAg,,False,@mmanu.,QUE LINDO!!☆,0,2024-03-17T02:34:51Z,2024-03-17T02:34:51Z
Ugw7jDoVjWS7x3gCVAd4AaABAg,,False,@Jasmin_1587.,"네가 너무 보고 싶어, 그들의 귀환을 기대하고 있어, 아름다운 여왕 4명❤❤❤❤❤❤❤❤❤❤❤❤",0,2024-03-17T02:29:13Z,2024-03-17T02:29:13Z
UgwDf8xDQJQ5YfQ4tUh4AaABAg,,False,@CristianHernandez-ve4gu,BLACKPINK todavía existe?,0,2024-03-17T02:23:24Z,2024-03-17T02:23:24Z
UgxfPa1AMgIMO9RRXtF4AaABAg,,False,@Blessencetaylor7728,The animation is so cute!! I miss our 4 favorite queens!!🖤🩷✨️✨️😩,38,2024-03-17T02:02:01Z,2024-03-17T02:02:01Z
UgwuEdiaPOPkji9pDzl4AaABAg,,False,@el.kpok.es.mi.carne.12,Cutee,0,2024-03-17T01:58:46Z,2024-03-17T01:58:46Z
UgyagsdzGwaVV2vMh_l4AaABAg,,False,@duongmy1125,Black Pink ❤❤,0,2024-03-17T01:55:59Z,2024-03-17T01:55:59Z
UgzCASfOqdCg2RbNiJF4AaABAg,,False,@خلفياتشيخه,I LOVE BLAK BINK❤,0,2024-03-17T01:36:47Z,2024-03-17T01:36:47Z
UgycCxKxWzfO3N1Pzv94AaABAg,,False,@MdShanto-w6q2i,"Lisa i miss you and all members ,too 🥺🥺🥺🥺🥺🥺🥺🥺💔",0,2024-03-17T01:32:27Z,2024-03-17T01:32:27Z
UgyYK9o2tsOA22Tke-54AaABAg,,False,@MdShanto-w6q2i,"Lisa i miss you and all members ,too 🥺🥺🥺🥺🥺🥺🥺🥺💔",0,2024-03-17T01:32:27Z,2024-03-17T01:32:27Z
UgwwLCkGi-Wg-f431WF4AaABAg,,False,@amytrezy2307,"WE NEED A COMEBACK QUEENS.
👑👑👑👑",1,2024-03-17T01:11:24Z,2024-03-17T01:11:41Z
UgwSv5-WE7wBlNTlpWB4AaABAg,,False,@Jenny_12309,Are you girls gonna make a new song I will be really happy if you do!❤,0,2024-03-17T00:39:41Z,2024-03-17T00:39:41Z
UgzGlDjdsBR2xbtI3fx4AaABAg,,False,@ekabwantii,🖤🩷,0,2024-03-17T00:22:06Z,2024-03-17T00:22:06Z
UgzoG6E3TuNCQ14F_pt4AaABAg,,False,@Jazmin13-e9i,BLACKPINK 💖💖💖💖💖💖💖💖💖💖💖,1,2024-03-17T00:16:07Z,2024-03-17T00:16:07Z
UgzL6ZMVJ58g3TQRgWB4AaABAg,,False,@UnknownNameUnknownNumber,"But didn't jisoo already signed up to a different company,  and didn't Jennie changed careers to acting? Also, didn't Lisa get better deals from other companies oppose to YG?",1,2024-03-17T00:14:05Z,2024-03-17T00:14:05Z
UgxAl0Z8j3SZyGnUWS54AaABAg,,False,@Catchymey3,COMEBACK PLSSSS,1,2024-03-17T00:11:43Z,2024-03-17T00:11:43Z
UgzxLfk6YYIKon35Sj14AaABAg,,False,@Blackpink_blink228,나는 2024 년에 당신의 반환을 정말로 기대하고 있습니다 😊❤,0,2024-03-17T00:11:14Z,2024-03-17T00:11:14Z
UgwBmnkpOd0HSd2qwSF4AaABAg,,False,@FelipeCastro-nr2cq,Un nuevo lightick nos si así se escribe 😢,0,2024-03-16T23:58:32Z,2024-03-16T23:58:32Z
UgwS_E5OUG1TgPKEZr14AaABAg,,False,@LinaRoyal,Miss ya girls ❤ can’t wait for your AWESOME COMEBACK 👏 🖤 🩷,0,2024-03-16T23:53:59Z,2024-03-16T23:53:59Z
Ugz_iAwkmsDTst0_46V4AaABAg,,False,@Lucky_Stars,"우리는 너를 너무 사랑해이게 곧 새로운 음악의 신호가 되길 바라사랑해,블랙핑크🖤🩷",1,2024-03-16T23:49:28Z,2024-03-16T23:49:28Z
Ugxywv9VB90p1gpFL0J4AaABAg,,False,@Hajar-xh,2024❤,0,2024-03-16T23:49:01Z,2024-03-16T23:49:01Z
Ugwq8i7MMVlvAiVkH5p4AaABAg,,False,@liviasouza1364,¥£€¢€^π∆,0,2024-03-16T23:40:35Z,2024-03-16T23:40:35Z
UgxhODPvTbKMCoWP1xN4AaABAg,,False,@wiinnnn___,...💙⃢💚⃢💜⃢💛⃢❤️...,0,2024-03-16T23:25:45Z,2024-03-16T23:25:45Z
UgxMDA9OZ0BpMCLOTlt4AaABAg,,False,@wiinnnn___,🖤💖,0,2024-03-16T23:25:28Z,2024-03-16T23:25:28Z
Ugz_EYPyBGL0DIRDi4V4AaABAg,,False,@CheckaIs_playsRoblox,Yess ty Blackpink,0,2024-03-16T23:08:38Z,2024-03-16T23:08:38Z
UgxAVHZSW8E0bM0XRHF4AaABAg,,False,@GloriaEscobar-w7b,Jenni  hola soy tu idola  mándame un  mensaje lo espero,0,2024-03-16T22:52:45Z,2024-03-16T22:52:45Z
Ugy6YndNRGe2WCtJntp4AaABAg,,False,@Senai_Ali,MY QUEENS ARE BACKK!!!💗🖤😍,215,2024-03-16T22:42:26Z,2024-03-16T22:42:26Z
UgxyfWGFk0E9YYZeHux4AaABAg,,False,@Emm_Ferr,Soy ree fan de ustedes 😍😍❤😘😍❤❤,1,2024-03-16T22:41:42Z,2024-03-16T22:41:42Z
Ugw3ibCta5zhT7K11Ep4AaABAg,,False,@Blinks-4Lalisa,🤍🤍🤍,0,2024-03-16T22:24:03Z,2024-03-16T22:24:03Z
UgyUS2ZeVyZ43DLnXrd4AaABAg,,False,@1vy_P4wz,"blackpink the revolutions 
blinks the......WHAT RHYMES WITH REVOLUTION",0,2024-03-16T22:06:28Z,2024-03-16T22:06:28Z
UgzRZ_RS8ywkP7_ryWB4AaABAg,,False,@1vy_P4wz,Nah that was cute,0,2024-03-16T22:05:50Z,2024-03-16T22:05:50Z
UgzOW46JsuY7YsROimx4AaABAg,,False,@cookie_rubystaa,I miss you girls 🥺❣️,0,2024-03-16T21:44:07Z,2024-03-16T21:44:07Z
Ugz9TKptTU4kEKMez8t4AaABAg,,False,@IUNA_1016,"I'm really addicted to you girls, please give me more songs, I'm impatiently waiting for your reply❤",0,2024-03-16T21:40:42Z,2024-03-16T21:40:42Z
UgyCKdGWCAc9Rrg1IhB4AaABAg,,False,@NihelNina-sb5em,Blackpink Queens of kpop 🖤💗🖤💗,1,2024-03-16T21:35:35Z,2024-03-16T21:35:35Z
UgxyvypZAHJtRI1WJe54AaABAg,,False,@Lina-on8ph,Miss you BLACKPINK 🖤💓,0,2024-03-16T21:35:09Z,2024-03-16T21:35:09Z
Ugyhx9K84A2DMN4fQ854AaABAg,,False,@Birol474,Blackpink yeni şarkı çıkarsın,0,2024-03-16T21:33:49Z,2024-03-16T21:33:49Z
UgwVgHJblKXkdKxX2Jl4AaABAg,,False,@AkiraPRETTY_BLINK,🩷🖤🩷🖤🩷🖤,0,2024-03-16T21:21:10Z,2024-03-16T21:21:10Z
UgynD6k_6gctrZTissp4AaABAg,,False,@2twst4u,Need a comeback with the new lightstick,1,2024-03-16T21:18:25Z,2024-03-16T21:18:25Z
UgyB-Iytq3l6ZRXM0ex4AaABAg,,False,@Jasmine-f9h,LETS GO BLACKPINK! 🖤🩷 US BLINKS KNOW THAT THIS COMEBACK WILL BE AMAZING! 🤩,1,2024-03-16T21:17:25Z,2024-03-16T21:17:25Z
Ugy4Dv1g-FnYSHRyEuF4AaABAg,,False,@hth1023,BLACKPINK is the Revolution🖤🩷,0,2024-03-16T21:09:39Z,2024-03-16T21:09:39Z
Ugwdn5SeZVgyUXkmpGV4AaABAg,,False,@MariamaribelRamirez-uk7jv,Black to the pink pretty pretty savage,1,2024-03-16T21:08:56Z,2024-03-16T21:08:56Z
UgwQ_1bGxAW7ZESKi5p4AaABAg,,False,@ofeliavladjustme,"I'm so happy blackpink posted🥺🖤💗
Queens come backkkkk😭😭",88,2024-03-16T21:07:52Z,2024-03-17T08:33:20Z
UgxIgjeXz13CLvWNPMJ4AaABAg,,False,@samagaming8821,WE NEED A SONG AND COMEBACK! WE LOVE YOUR SONGS!,0,2024-03-16T21:02:34Z,2024-03-16T21:02:34Z
UgyPkOmg1xkAxak5LhB4AaABAg,,False,@DimaAlsaied,💚💖🩵🤍🤎🖤❤️💗,0,2024-03-16T20:56:17Z,2024-03-16T20:56:17Z
UgxPcYiomgi9ftpEkCV4AaABAg,,False,@Yourkdramachingu7,❤❤❤,0,2024-03-16T20:53:36Z,2024-03-16T20:53:36Z
Ugz0e1MSqhmG-lv-8cV4AaABAg,,False,@lilackpop,Eu amo tanto BlackPink 🖤💖,0,2024-03-16T20:52:33Z,2024-03-16T20:52:33Z
UgzWD1jrTSEqA6HhXh14AaABAg,,False,@DimaAlsaied,93.3M 🤝🥲🖤💗🖤💗🏆,0,2024-03-16T20:48:18Z,2024-03-16T20:48:18Z
UgwnP35S3qujzcswtH54AaABAg,,False,@Toxiclizarddd,"türk olan var mi ?? 
a love blackpink soo muchh 🩷🖤",0,2024-03-16T20:43:10Z,2024-03-16T20:43:10Z
UgzjoEC_flv34lx4Tsl4AaABAg,,False,@leonaalima,☁🤏🏻,0,2024-03-16T20:42:09Z,2024-03-16T20:42:09Z
UgyCH3kFZewNdjiTh9x4AaABAg,,False,@Liliesqueenss,I LOVE YOU BLACKPINK FROM TURKEY,0,2024-03-16T20:41:07Z,2024-03-16T20:41:07Z
UgxJoPElrOP14q-GeTB4AaABAg,,False,@Park_byuul,Why you don't come back this year😭😞,0,2024-03-16T20:27:39Z,2024-03-16T20:27:39Z
UgwYaLA5UOE4fz6OYBF4AaABAg,,False,@ZeynephanneBelviranlı,Sonunda geri geldiii,0,2024-03-16T20:27:00Z,2024-03-16T20:27:00Z
UgzFTU9wD5C1uMa7Q3p4AaABAg,,False,@Ariana.g0,💗,0,2024-03-16T20:26:05Z,2024-03-16T20:26:05Z
UgxIHP3SmfjAx8p_7094AaABAg,,False,@TW1L1GH5-ur4oo,BLACKPINK I MISS U CAN U DO I COMEBACK PLS BECAUSE UR THE QUEEN OF THE WORLD,0,2024-03-16T20:24:10Z,2024-03-16T20:24:10Z
UgzKbJpa-uG6dTpgVBp4AaABAg,,False,@n3h4_sh31kh,Been a fan since u came out. ok every song all of you made to date !! ❤️❤️❤️,0,2024-03-16T20:23:51Z,2024-03-16T20:23:51Z
Ugw5bY4c2RFImHCK8pF4AaABAg,,False,@maryalexandradelpezoreyes364,THEY ARE PRECIOUS ❤❤,0,2024-03-16T20:16:27Z,2024-03-16T20:16:27Z
Ugw4ixiiRMVbu5dzDOh4AaABAg,,False,@roseieww,Blackpink please don't leave us we love you so much ❤❤,0,2024-03-16T20:16:17Z,2024-03-16T20:16:17Z
UgzmPxbyeARt871xr4R4AaABAg,,False,@heikoberg3396,🥰🥰🤩😍🤩🤩😍🥰🤩🤩😍🤩🥰🤩😍❤❤❤,0,2024-03-16T20:12:06Z,2024-03-16T20:12:06Z
UgwvniySq-lFxt6Fgop4AaABAg,,False,@GOLDYGG_GIRLY,Black pink where have you been ❤️❤️❤️❤️❤️😢,1,2024-03-16T20:03:49Z,2024-03-16T20:03:49Z
UgwrNwb8k-OnTcZUuct4AaABAg,,False,@pinkblink_yt,LOVE BLACKPINK,1,2024-03-16T20:01:14Z,2024-03-16T20:01:14Z
UgwsTyjmOfaUi8mr4hh4AaABAg,,False,@junnjjj,Cut l Love blak pink🖤🩷🖤🩷🖤🩷🖤🩷🖤🩷🖤🩷🖤🩷🖤🩷🖤🩷,0,2024-03-16T20:00:11Z,2024-03-16T20:00:11Z
UgzI5RJz941Uw7Jhqp94AaABAg,,False,@MassaMasre,love rose❤lisa❤jennie❤jisoo❤,1,2024-03-16T19:59:27Z,2024-03-16T19:59:27Z
UgxnqLX4VwRt_yRXVQt4AaABAg,,False,@سادس_دفعة25,"ْ
ْ",2,2024-03-16T19:51:09Z,2024-03-16T19:51:09Z
UgybkSM9g6nlXDhwN354AaABAg,,False,@SakinaBlink,I love you black pink,0,2024-03-16T19:49:10Z,2024-03-16T19:49:10Z
UgwXUVgj8mRaC4fz8xF4AaABAg,,False,@Elaawyx,Our 4 queens are coming to shake the world with their new songs,0,2024-03-16T19:43:52Z,2024-03-16T19:43:52Z
UgxRN4rJhroCCDlY9WZ4AaABAg,,False,@vipkarma52,Black pink 4 queens!! 💋,0,2024-03-16T19:40:07Z,2024-03-16T19:40:07Z
Ugxhz7ORKUs2mleKs_x4AaABAg,,False,@NOURS____EEN,ilove you black pink ❤❤❤❤❤❤❤❤❤,0,2024-03-16T19:15:21Z,2024-03-16T19:15:21Z
Ugw6JXHm9yfIkNxkWLt4AaABAg,,False,@Yukiofficial-7,WAAA SO CUTE♡♡♡,0,2024-03-16T19:10:07Z,2024-03-16T19:10:07Z
Ugx5e0T2ucU52JuKn4N4AaABAg,,False,@aysepkxd.1,Wow❤❤❤,0,2024-03-16T19:09:03Z,2024-03-16T19:09:03Z
UgwK66jKQTq1HWjEYtp4AaABAg,,False,@jdmskhhbfh696,Love Lisa ❤❤❤❤❤❤❤❤😊,0,2024-03-16T19:03:48Z,2024-03-16T19:03:48Z
Ugxv39kg75NidMgnSmR4AaABAg,,False,@Aleksandra-ve8le,Hey blink here im just saying to you don't listen haters cuz they are pick me and there are people who LOVE YOU ALL so DON'T LISTEN  HATERS,0,2024-03-16T19:02:20Z,2024-03-16T19:02:20Z
UgxT7FbKRCblN8j8u-14AaABAg,,False,@yuhyouheardme,Blackpink is everything besides being a Kpop group,0,2024-03-16T19:02:03Z,2024-03-16T19:02:03Z
UgzChYY9EanNq0rvQkt4AaABAg,,False,@geetuchawla9525,🖤🩷🖤🩷,0,2024-03-16T18:55:51Z,2024-03-16T18:55:51Z
Ugz-X2aagwXN3gofsy14AaABAg,,False,@dalindakhaled390,"انا بلينك وافتخر💋💗
Im blinck💗💋",1,2024-03-16T18:54:43Z,2024-03-16T18:54:43Z
UgxfBZ-ThPEw5eDXfTd4AaABAg,,False,@azize__3,Turkeyy❤,0,2024-03-16T18:53:02Z,2024-03-16T18:53:02Z
Ugw5cZiIqszdBe4Us9N4AaABAg,,False,@zxdieww,This is so cute ❤❤,0,2024-03-16T18:51:59Z,2024-03-16T18:51:59Z
UgyfTcnhhxB6T3p9YI14AaABAg,,False,@stay.skz.seungmin.,so cute❤❤,1,2024-03-16T18:49:52Z,2024-03-16T18:49:52Z
Ugz_fytH0aFw410NQnV4AaABAg,,False,@Mila._Eat,Who is a fan form blackpink 👇,2,2024-03-16T18:48:13Z,2024-03-16T18:48:24Z
Ugyk9f15lihV6PGyHQJ4AaABAg,,False,@vi_vimmv8,Queen!,0,2024-03-16T18:48:11Z,2024-03-16T18:48:11Z
Ugx7JZ-56Tic_RXriOF4AaABAg,,False,@SuziForeverXo,"Guys, will they have a comeback? Will they still do songs together? Cuz i don't know and sll of you do",1,2024-03-16T18:47:25Z,2024-03-16T18:47:25Z
UgwG6dWLtq7ngY1Bred4AaABAg,,False,@Sakora-j4,انا احبكم ملكات الكيبوب انتم الافضل دأما,0,2024-03-16T18:37:53Z,2024-03-16T18:37:53Z
Ugyb5_ugVegSKBqfyBN4AaABAg,,False,@214Sunflower,Fakirim hiç birini alamıyorum😿,0,2024-03-16T18:37:33Z,2024-03-16T18:37:33Z
UgyomXasWCzrzI05PcJ4AaABAg,,False,@Hello_Kitty70727,Love u Lisa Jennie Rose Jisoo,0,2024-03-16T18:29:14Z,2024-03-16T18:29:14Z
UgwGUh_D5ZOlDw0osLF4AaABAg,,False,@EvelynDannaeFloresIracheta,adoro la colaboración,0,2024-03-16T18:27:41Z,2024-03-16T18:27:41Z
Ugyo8_pHGRynh9rPFuV4AaABAg,,False,@TXTNADMOAYSBTK5IZNABPMEOVV,When will our queens return? ❤,0,2024-03-16T18:27:20Z,2024-03-16T18:27:20Z
Ugw9H81izA7j6Jma2pF4AaABAg,,False,@Anneta-Staggoni_bff_32,All the blinks like because we all miss our bosses_BLACKPINK,1,2024-03-16T18:25:29Z,2024-03-16T18:25:29Z
Ugw2h_mfB2d_JcxDSqR4AaABAg,,False,@bts_armyworld_,❤❤❤❤❤❤❤❤❤❤❤ wow nice,1,2024-03-16T18:18:46Z,2024-03-16T18:18:46Z
UgzSGXFrrljK8bKUYIt4AaABAg,,False,@Sara48398,I LOVE YOU BLACKPINK IM BIG BLINK,1,2024-03-16T18:05:51Z,2024-03-16T18:05:51Z
UgxH-S_7gYQhXcE0Bgh4AaABAg,,False,@tiny_routines,WE MISS YOU 4 QUEENS! WE NEED AN COMEBACK AND VIDEOS OF YOU IN THIS CHANNEL!,0,2024-03-16T18:04:01Z,2024-03-16T18:04:01Z
Ugws_swz-cwqq8A77Ch4AaABAg,,False,@MrEra9510,From Sri Lanka🔥🇱🇰THIS WILL BE THE MOST LIKED COMMENT,0,2024-03-16T18:03:22Z,2024-03-16T18:03:22Z
Ugyw7lBkJcBFT7NBU4x4AaABAg,,False,@RUBI-p2q,JENNIEEEE❤❤,0,2024-03-16T17:57:06Z,2024-03-16T17:57:06Z
UgwCP98UBYsM91Ypx4F4AaABAg,,False,@RUBI-p2q,JENI KIM LOVEEE❤❤❤❤❤❤,0,2024-03-16T17:56:59Z,2024-03-16T17:56:59Z
UgxZdjqCrayI-ixdZDR4AaABAg,,False,@ravipanmand5151,Blackpink only need 7 million subscribers to complete 100 million🎉🎉🎉🎉🎉🎉🎉🎉🎉🎉🎉🎉Black pink we need a come back pls❤❤❤❤❤❤🎉🎉,0,2024-03-16T17:54:19Z,2024-03-16T17:54:19Z
Ugyrh_21kgdI9TrusLl4AaABAg,,False,@GurdeepSingh-hj3wf,"I hope that BLACKPINK come back because the kpop in Industry is nothing without the villain of K-pop, the best dancer in K-pop,the the best vocalist in kpop and the miss Korea and the blinks I miss them👇",1,2024-03-16T17:50:59Z,2024-03-16T17:50:59Z
Ugyfm9Rb9G8q11WoqQN4AaABAg,,False,@PARVEZGAMER_,LOVE U ALL JISOO LISA ROSIE JENNIE💞❤️🌹🖤,0,2024-03-16T17:50:25Z,2024-03-16T17:50:25Z
Ugy7IOecmWqbWPnmF4F4AaABAg,,False,@LeeRoylvw,ЖДЕМ,0,2024-03-16T17:45:35Z,2024-03-16T17:45:35Z
UgxbEyq_5IEj2I3e3_d4AaABAg,,False,@Ji-sooLovely,🖤💗Blackpink💗🖤,1,2024-03-16T17:42:40Z,2024-03-16T17:42:40Z
Ugy0ZOo3AkWTRnnIoKd4AaABAg,,False,@BlackBlink-y2y,So cute❤❤❤,1,2024-03-16T17:37:40Z,2024-03-16T17:37:40Z
UgxmhL9vsE6Mz5QVGQV4AaABAg,,False,@dgenmavi,BLACK PINK ❤❤❤❤,0,2024-03-16T17:26:51Z,2024-03-16T17:26:51Z
Ugw-KJmyBS9ZgYzVeM14AaABAg,,False,@BLACKPINKLISA-n6s,🖤🖤🖤🖤💗💗💗💗💗💗,0,2024-03-16T17:25:44Z,2024-03-16T17:25:44Z
UgwiUc-NHGhfaYjO_p94AaABAg,,False,@ranaabbas4138,I love you so much black pink 🖤BLΛƆKPIИK💗❤❤❤❤❤❤❤❤❤❤❤❤❤❤❤❤❤❤❤❤❤❤❤❤❤❤❤❤❤❤❤❤❤❤❤❤❤❤❤❤❤❤❤❤❤❤❤❤❤❤❤❤❤❤❤❤❤❤❤❤❤❤❤❤❤❤❤❤❤❤❤❤❤❤❤❤❤❤❤❤❤❤❤❤❤❤❤❤❤❤❤❤❤❤❤❤❤❤❤❤❤❤❤❤❤❤❤❤❤❤❤❤❤❤❤❤❤❤❤❤❤❤❤❤❤❤❤❤❤❤❤❤❤❤❤❤❤❤❤❤❤❤ oops😅 ❤❤❤❤❤❤❤❤,0,2024-03-16T17:23:54Z,2024-03-16T17:23:54Z
Ugz_8VSZ6p70yoL_xil4AaABAg,,False,@Fattinavatarworld,Lo amooo,0,2024-03-16T17:22:42Z,2024-03-16T17:22:42Z
UgxsBceMTKlxKIWCTkJ4AaABAg,,False,@Nusratjahan-nt2qq,"I am Blackpink Big fan I am 12 years old I am a Bangladashi but my wish is I meet lisa, jisoo,jennie, Rose  I love you my 4 Queen .    And my name is Tabassum",0,2024-03-16T17:08:33Z,2024-03-17T15:04:12Z
UgxdA_7DHAdUOhUjwFZ4AaABAg,,False,@baby_pink_4ever,"I love you, BLACKPINK! 🖤💖",1,2024-03-16T17:08:10Z,2024-03-16T17:08:10Z
UgwKJBvEfYsycccNco14AaABAg,,False,@jellalcastellan292,HELP I BOUGHT A MURAKAMI CASE LITERALLY EARLIER THIS MONTH WITHOUT NOTICING 😭😭😭😭,0,2024-03-16T17:07:42Z,2024-03-16T17:07:42Z
UgwDclzqHxZYKnCPHgV4AaABAg,,False,@fatmayldz8304,I love you ❤❤❤❤❤❤❤❤❤❤❤❤❤❤❤❤❤❤❤❤❤❤❤❤❤❤❤❤❤❤❤❤❤❤❤❤❤❤❤❤❤❤❤❤❤❤❤❤❤❤❤❤❤❤❤❤❤❤❤❤❤❤❤❤❤❤❤❤❤❤❤❤❤❤❤❤❤❤❤❤❤❤❤❤❤❤❤❤❤❤❤❤❤❤❤❤❤❤❤❤❤❤❤❤❤❤❤❤❤❤❤❤❤❤❤❤❤❤❤❤❤❤❤❤❤❤❤❤❤❤❤❤❤❤❤❤❤❤❤❤❤❤❤❤❤❤❤❤❤❤❤❤❤❤❤❤❤❤❤❤❤❤❤❤❤❤❤❤❤❤❤❤❤❤❤❤❤❤❤❤❤❤❤❤❤❤❤,1,2024-03-16T17:06:00Z,2024-03-16T17:06:00Z
UgyF6pdYA6Nta2ugX3t4AaABAg,,False,@jackxjoker-17,언제 노래를 발표할까요?,0,2024-03-16T16:59:13Z,2024-03-16T16:59:13Z
UgxwXE4F3w9qE5uHOrZ4AaABAg,,False,@fumsecklephenix7616,Can't wait for your comeback !,0,2024-03-16T16:58:11Z,2024-03-16T16:58:11Z
UgzmokfoNCnFUj0wMYh4AaABAg,,False,@armlink-o,Black pink is the revolution ❤❤❤❤,0,2024-03-16T16:57:21Z,2024-03-16T16:57:21Z
UgwrUeuKRTEi-HdvzcV4AaABAg,,False,@Lilixcatsblinkofficall,L love youuu blackpink 💗🖤,0,2024-03-16T16:39:47Z,2024-03-16T16:39:47Z
Ugw4JKb_c-eAAssrZBJ4AaABAg,,False,@AnikJarakhyan,아이 러브 유❤,0,2024-03-16T16:31:14Z,2024-03-16T16:31:14Z
Ugy5oeVLMHaNlULmRUl4AaABAg,,False,@minimunmer,BLACK PINK❤😊,0,2024-03-16T16:27:32Z,2024-03-16T16:27:32Z
UgxZp4BtQl2wHCodgyx4AaABAg,,False,@minimunmer,BLACK PINK❤😊,0,2024-03-16T16:27:32Z,2024-03-16T16:27:32Z
UgxLvyXyEw9wknRIPdt4AaABAg,,False,@dti_nebula,Waiting for your 2024 comeback ❤,0,2024-03-16T16:27:05Z,2024-03-16T16:27:05Z
UgyT_5f22yx59WBH95R4AaABAg,,False,@Priyanka-dy1mn,"miss you my dear myRosie Lisa, Jennie ,jisooprincess i wish you all come back in this year 2024 and give concrete all over India  please miss you so much blink Karnataka",0,2024-03-16T16:26:58Z,2024-03-16T16:28:08Z
Ugz1AsRwHUZMB-ZXk_Z4AaABAg,,False,@gabrielediniz2510,Hii and musics,1,2024-03-16T16:26:25Z,2024-03-16T16:26:25Z
Ugz1AsRwHUZMB-ZXk_Z4AaABAg.A12jrCcnX3LA12jsqgsWYs,Ugz1AsRwHUZMB-ZXk_Z4AaABAg,True,@gabrielediniz2510,???,1,2024-03-16T16:26:38Z,2024-03-16T16:26:38Z
UgxImXY-h_CzyFRywZl4AaABAg,,False,@Arifgulogluaa,I'm proud of you ❤🎉,1,2024-03-16T16:24:34Z,2024-03-16T16:24:34Z
UgzttyKoHiF1m4pDDJd4AaABAg,,False,@Jeje_Gamer,VEM PRO BRASIL DYVAS,1,2024-03-16T16:23:27Z,2024-03-16T16:23:27Z
Ugw9V0vH_DQ0wwmr7yZ4AaABAg,,False,@So_nia8907,OMG! WOW!!!,0,2024-03-16T16:20:33Z,2024-03-16T16:20:33Z
UgwSkZH5-3xaIjR8s7Z4AaABAg,,False,@tyga_013,"I miss you, I'm really looking forward to your return in 2024😭🌟",0,2024-03-16T16:20:01Z,2024-03-16T16:20:01Z
UgzfR3lTNsEW5B-KLFx4AaABAg,,False,@ChisuuSoob,Necesito el nuevo Lighstick,0,2024-03-16T16:18:25Z,2024-03-16T16:18:25Z
UgwQfVjPZjrX2oHTzs54AaABAg,,False,@Birgul_dagdelen,2024 블랙핑크 4퀸 기대됩니다 블랙핑크 너무 사랑해요❤️❤️❤️,3,2024-03-16T16:17:20Z,2024-03-16T16:17:20Z
UgzX7g1H6EUSI8DpO7l4AaABAg,,False,@HdjfBdkg,اسطوره,0,2024-03-16T16:15:36Z,2024-03-16T16:15:36Z
UgwUscD0hbjqzFy7o1R4AaABAg,,False,@YasiKhosgele,BLACKPINK & BLINK for ever~~♡,0,2024-03-16T16:12:28Z,2024-03-16T16:12:28Z
UgzMO-16WW7eaOmVqoF4AaABAg,,False,@fankaJisoo_01,Hello jisoo❤,0,2024-03-16T16:11:26Z,2024-03-16T16:11:26Z
UgwieF14zrvVoa3EYjR4AaABAg,,False,@evelynsotelo4120,😊 Yo soy fan Soy asistente del 2019 y me gustaría mucho que vinieran acá Perú se los pido,1,2024-03-16T16:10:00Z,2024-03-16T16:10:00Z
UgwGWw7qRUXPPFCVnmZ4AaABAg,,False,@evelynsotelo4120,Cuando van a venir a Perú 🇵🇪🇵🇪 😢😢,0,2024-03-16T16:09:17Z,2024-03-16T16:09:17Z
UgykvPe6BsCRVbcKUv54AaABAg,,False,@TheeFerideq,Blackpınk Love you ❤❤❤❤❤❤❤❤❤❤❤❤❤❤❤❤❤❤ Jennie❤Jisoo❤Roze❤Lisa❤,1,2024-03-16T16:07:39Z,2024-03-16T16:07:39Z
UgyqPKp6-oq-U5GqadB4AaABAg,,False,@sachinsonawane3082,Hi Lisa pari ❤❤,1,2024-03-16T15:56:42Z,2024-03-16T15:56:42Z
UgyQsp2uJzhlKvl6xZd4AaABAg,,False,@rinessemerabet5156,"I love you so much black pink 
Je t'aime beaucoup black pink 
أحب كثيرا بلاك بينك
❤❤❤❤❤❤❤❤❤❤",0,2024-03-16T15:54:17Z,2024-03-16T15:54:17Z
Ugz1_MDfsFVkiRlkL0R4AaABAg,,False,@danakhoury4643,Woooow,1,2024-03-16T15:51:54Z,2024-03-16T15:51:54Z
Ugz63p5d7b1sMRgNGEF4AaABAg,,False,@LT_Luzia,❤❤,0,2024-03-16T15:49:15Z,2024-03-16T15:49:15Z
Ugww96uMJq6eGFd_cAd4AaABAg,,False,@BLACKPINK_BLINK-kb7ut,"Who Miss blackpink 😭😭💔🥺
👇I love you soo much 💞😚😢i want to be a kpop idol and am in training for to be a kpop idol 🤭🤭my group name will be black crown 👑💖❤😊",1,2024-03-16T15:48:04Z,2024-03-16T15:48:04Z
UgykVijum9ANTKVjtth4AaABAg,,False,@Pinkmonster6780,Forever blink,1,2024-03-16T15:41:08Z,2024-03-16T15:41:08Z
Ugzzs6gyZ_pe1XCH1JR4AaABAg,,False,@sanojkumar-rb6yx,"Love BLACKPINK always ❤❤❤🖤🖤🖤💖💖
BLACKPINK IN YOUR AREA 🖤💖🖤💖🖤🖤",0,2024-03-16T15:31:37Z,2024-03-16T15:31:37Z
UgzWPEW7bFf6H4Nh4Tt4AaABAg,,False,@11_star_armlink,Miss you our 4 Queens 😭😭😭😭❤️❤️❤️❤️❤️❤️,0,2024-03-16T15:22:08Z,2024-03-16T15:22:08Z
Ugwu9aJEzEqUvTHirYd4AaABAg,,False,@Jenkas7,🎉🎉🎉,0,2024-03-16T15:17:14Z,2024-03-16T15:17:14Z
UgyX-yWWdAOWO1qw6vp4AaABAg,,False,@Stephaniesamdrely,Eeeeeee❤❤❤,0,2024-03-16T15:13:08Z,2024-03-16T15:13:08Z
UgyTesTJ6-SeNg8i8Xl4AaABAg,,False,@blackpinktallyph,COMEBACK,0,2024-03-16T15:12:00Z,2024-03-16T15:12:00Z
UgxAOsMLucWqQE5vB3B4AaABAg,,False,@s.a.18.m,"My queens, when will you go back to 2024😭💋💋",0,2024-03-16T15:09:22Z,2024-03-16T15:09:22Z
UgxsJsofe8Eo7gT2-x14AaABAg,,False,@사자löwe,Aha,0,2024-03-16T15:07:50Z,2024-03-16T15:07:50Z
UgxINIo4QDTaEpEJ_9F4AaABAg,,False,@ASLCHELSEA,It's 2024 and I'm so sad my friends are telling me they're not going to make it come back and they didn't renew their contract and I'm crying in my room,1,2024-03-16T15:05:38Z,2024-03-16T15:05:38Z
Ugx-5MllczcD00ongt94AaABAg,,False,@h_.rb0,بلاكك بينككك واخيرا نشرووو فيديووو,1,2024-03-16T15:05:04Z,2024-03-16T15:05:04Z
UgzPi4PTkBwdV8QbaVh4AaABAg,,False,@Lisam_lilies,Blacpink in you are yaa,1,2024-03-16T15:04:44Z,2024-03-16T15:04:44Z
UgwMit7zRgXttLbTMFJ4AaABAg,,False,@Jenniestr8787,"Blackpin
Blackpink
Blackpink
Blackpink
Blackpink
Blackpink
Blackpink
Blackpink
Blackpink
Blackpink
Blackpink
Blackpink
Blackpink
Blackpink
Blackpink
Blackpink
Blackpink
Blackpink
Blackpink
Blackpink
Blackpink
Blackpink
Blackpink
Blackpink
Blackpink
Blackpink
Blackpink
Blackpink
Blackpink
Blackpink
Blackpink
Blackpink
Blackpink
Blackpink
Blackpink
Blackpink
Blackpink
Blackpink
Blackpink
Blackpink
Blackpink
Blackpink
Blackpink
Blackpink
Blackpink
Blackpink
Blackpink
Blackpink
Blackpink
Blackpink
Blackpink 
Blackpink
Blackpink
Blackpink
Blackpink
Blackpink
Blackpink
Blackpink
Blackpink
Blackpink
Blackpink
Blackpink
Blackpink
Blackpink
Blackpink




















Lisa💖














Rose💖










Jisoo💖
















Jennie💖",1,2024-03-16T14:59:58Z,2024-03-16T14:59:58Z
Ugx8i3zNA2JcyoI3iSJ4AaABAg,,False,@thehappiestgirl2022,🖤🩷,1,2024-03-16T14:59:05Z,2024-03-16T14:59:05Z
UgzJSzqT_Kry0VSrX0F4AaABAg,,False,@Zozoyw8wl,🌼🌼🌼🌼🌼🌼🌼🌼,0,2024-03-16T14:54:43Z,2024-03-16T14:54:43Z
UgzMI83_-F9VsAVLpy94AaABAg,,False,@Arthur-ls5dx,❤❤❤❤,1,2024-03-16T14:54:09Z,2024-03-16T14:54:09Z
Ugxo_p8F4JMTjVOu_bN4AaABAg,,False,@Nada._.sjjybsb,I love you. The advertisement is very cute and nice to see you. I loved the media very much❤❤❤❤,1,2024-03-16T14:51:49Z,2024-03-16T14:51:49Z
Ugx9dhfJ7nZ21nXFN5d4AaABAg,,False,@BlinkzoneOT4,Solo has reached 1 billion views please make poster of it,2,2024-03-16T14:47:17Z,2024-03-16T14:47:17Z
Ugwxs-7kBakTLPzjgfR4AaABAg,,False,@Aysel-e4o,Blackpink numarami versem benle konuşurmusunuz sizin hayraninizim,2,2024-03-16T14:44:49Z,2024-03-16T14:44:49Z
UgwPH5l1YfKj1nXxYyt4AaABAg,,False,@barookrahim5226,Always 🖤BLΛƆKPIИK💗will be in my heart 💖 are you accepting 🖤BLIИKS💗 ❤,1,2024-03-16T14:44:26Z,2024-03-16T14:44:26Z
UgyKti5fzHR2i0jRX_d4AaABAg,,False,@beauty3251,Black pink I miss you so much,2,2024-03-16T14:43:44Z,2024-03-16T14:43:44Z
UgxOjElJWuLVIfL8-9l4AaABAg,,False,@Roseanne_account,I ❤ blackpinck i am only11 years,1,2024-03-16T14:41:41Z,2024-03-16T14:41:41Z
Ugx6HT8J4U0kcCirEjF4AaABAg,,False,@UshaYadav-is9zi,We are missing you my queens,1,2024-03-16T14:39:42Z,2024-03-16T14:39:42Z
Ugx63wIfzbmI8oWNaNt4AaABAg,,False,@Miyeon_nayeonjsbz,훌륭해요,1,2024-03-16T14:39:28Z,2024-03-16T14:39:28Z
Ugwe7bNGFf6gl0oE9XB4AaABAg,,False,@sujheyhoyosmachado1895,"Ya veremos que traera 
Blackpink en tu área aja aja",2,2024-03-16T14:38:26Z,2024-03-16T14:38:26Z
Ugw1zcX4DD6nTnKPQYN4AaABAg,,False,@user-Roseparko,"We miss you our 4 flowers, please comeback💗",41,2024-03-16T14:35:16Z,2024-03-16T14:35:16Z
UgyZaIvWTO6bAm8lxh14AaABAg,,False,@Tae_Jennie_Kiwi,Miss u Blackpink 😢❤,2,2024-03-16T14:29:29Z,2024-03-16T14:29:29Z
UgyLB0tvZ03gf0Rtu0B4AaABAg,,False,@Kqrynx,Anuncia comeback mamães to morrendo de sdds😭😭😭💔💔💔,1,2024-03-16T14:25:39Z,2024-03-16T14:25:39Z
Ugytmkid3BgK-wqm8IF4AaABAg,,False,@Rorablink,So cute,1,2024-03-16T14:19:27Z,2024-03-16T14:19:27Z
Ugx0On9di3dWihtenUh4AaABAg,,False,@Elennlover,Who wants Blackpink to comeback?😭🖤💖🙋🏻‍♀️,1,2024-03-16T14:16:32Z,2024-03-16T14:16:32Z
UgxTn-IHAhIZTf0eX2R4AaABAg,,False,@КУРЯ,I'm really looking forward to the cameback and I'm glad that the new video,1,2024-03-16T14:15:05Z,2024-03-16T14:15:05Z
Ugw5PiJrKZ3d-abHO3J4AaABAg,,False,@blackpnks_4,"JENNIE🩷
LISA💙
JISOO💜
ROSÉ🤍
BLACKPINK IN YOUR AREA❤👑",1,2024-03-16T14:14:35Z,2024-03-16T14:15:36Z
Ugw6gwpa-N_Y77GbOuh4AaABAg,,False,@AG_2004,🖤💗,0,2024-03-16T14:13:10Z,2024-03-16T14:13:10Z
UgwjTIT5GDGUwOYzxMJ4AaABAg,,False,@AG_2004,Que fofinho,1,2024-03-16T14:12:57Z,2024-03-16T14:12:57Z
UgxMvAJrvL1dX31DklR4AaABAg,,False,@baesuzyni.o5739,❤,0,2024-03-16T14:11:31Z,2024-03-16T14:11:31Z
UgyUbgPq2tD6-N4qRop4AaABAg,,False,@AuroraAlli,哦，我已经错过了通知,2,2024-03-16T14:09:56Z,2024-03-16T14:09:56Z
Ugyg9eGcxozUNyzwZd54AaABAg,,False,@Aashikkhan-cj6ge,안녕 랄라 리사 제니는 무슬림이에요 ❤❤❤❤❤❤,2,2024-03-16T14:09:45Z,2024-03-16T14:09:45Z
UgzwbqEjLKxMThT0IcV4AaABAg,,False,@sarayoutubechannel5162,❤❤,0,2024-03-16T14:08:51Z,2024-03-16T14:08:51Z
Ugx3i70nGxmP8P-vJiV4AaABAg,,False,@Hrishita-l8wblink,We need a comeback 🥹❤️,23,2024-03-16T14:08:35Z,2024-03-16T14:08:35Z
Ugx3i70nGxmP8P-vJiV4AaABAg.A12V4iGzIrUA1CR7PXovCw,Ugx3i70nGxmP8P-vJiV4AaABAg,True,@Yourkdramaschingu9,😢,0,2024-03-20T10:46:24Z,2024-03-20T10:46:24Z
Ugw_9BD_0jsIht-BIap4AaABAg,,False,@themrs.nishimura,Love you so much BLACKPINK. I’ve missed them so much! 🩷🖤,58,2024-03-16T14:03:13Z,2024-03-16T14:03:13Z
UgwU11-kY_MGKFjpYgp4AaABAg,,False,@_SajeonJewels.,CUTEE 😍😍,0,2024-03-16T13:59:22Z,2024-03-16T13:59:22Z
UgyQ5tg5PJzR0ZT9ZZh4AaABAg,,False,@Анастасия-ф3ы3ы,Когда???,0,2024-03-16T13:43:29Z,2024-03-16T13:43:29Z
UgzNvgmg-ir25kj41P14AaABAg,,False,@nuumberones,Siz 4 kraliçeyi çok özledik💕🖤💕🖤💕🖤💕🖤💕🖤💕🖤💕🖤💕🖤💕🖤💕🖤💕🖤💕🖤💕🖤💕🖤💕,2,2024-03-16T13:38:52Z,2024-03-16T13:38:52Z
Ugw1u19-dbjojZhbNsl4AaABAg,,False,@Ramiqws-773,İ miss you so much Blacpink please release  new music,0,2024-03-16T13:32:23Z,2024-03-16T13:32:23Z
UgyN1IxIUfzvWtqD30Z4AaABAg,,False,@OmParkash-be8no,Black pink is the Revolution,2,2024-03-16T13:30:28Z,2024-03-16T13:30:28Z
UgzI2XICMrrVfzInL_J4AaABAg,,False,@tzuyu.9-twice,I was suffering from depression and you were the one who made me troly happy. I adore you...❣,130,2024-03-16T13:29:01Z,2024-03-16T13:29:01Z
UgzI2XICMrrVfzInL_J4AaABAg.A12QYqFFj1pA1EZfWIhNFw,UgzI2XICMrrVfzInL_J4AaABAg,True,@Lilly-w9i,so cute 😭💝,3,2024-03-21T06:39:35Z,2024-03-21T06:39:35Z
UgzI2XICMrrVfzInL_J4AaABAg.A12QYqFFj1pA1FHmDO8JBO,UgzI2XICMrrVfzInL_J4AaABAg,True,@tzuyu.9-twice,"@@Lilly-w9i thank you, you are really nice❤❤❤❤",0,2024-03-21T13:22:27Z,2024-06-04T03:29:49Z
UgzI2XICMrrVfzInL_J4AaABAg.A12QYqFFj1pA1FNDXgkCFS,UgzI2XICMrrVfzInL_J4AaABAg,True,@tzuyu.9-twice,@@Lilly-w9i you are nice💓,0,2024-03-21T14:10:01Z,2024-06-04T03:29:49Z
UgzI2XICMrrVfzInL_J4AaABAg.A12QYqFFj1pA1FNUVDBpb6,UgzI2XICMrrVfzInL_J4AaABAg,True,@tzuyu.9-twice,@@Lilly-w9i you are nice💓💓💓💓💓,0,2024-03-21T14:12:20Z,2024-06-04T03:29:49Z
UgzI2XICMrrVfzInL_J4AaABAg.A12QYqFFj1pA1GMQ9RSttH,UgzI2XICMrrVfzInL_J4AaABAg,True,@tzuyu.9-twice,Think you....❤,3,2024-03-21T23:22:14Z,2024-03-21T23:22:14Z
UgwCvRtETowo3atFWPB4AaABAg,,False,@ozgur1611,Blackpink you love you❤❤❤❤❤❤❤❤❤❤❤❤❤❤❤❤❤❤❤❤❤❤❤❤❤❤❤❤❤❤❤❤❤❤❤❤❤❤❤❤❤❤❤❤❤😘🥰🥰🥰🥰🥰🥰😍😘😘😘😘,1,2024-03-16T13:28:57Z,2024-03-16T13:28:57Z
UgxvUFAGKHbGDG9nLs94AaABAg,,False,@kimsara-sf8zj,love blak bink,0,2024-03-16T13:25:08Z,2024-03-16T13:25:08Z
UgyHCUy_0JTgtGtEjMV4AaABAg,,False,@RogerLachance-h1o,Blackpink i love you ❤ Blackpink is the best groupe k pop in the Word ❤❤💖🖤💖🖤💖,0,2024-03-16T13:24:02Z,2024-03-16T13:24:02Z
UgwH0Sqw_8lni8SUf8Z4AaABAg,,False,@ikmalidham2558,Bp when will you comeback again,0,2024-03-16T13:19:20Z,2024-03-16T13:19:20Z
UgxZ_igLqnGM9tuwpwt4AaABAg,,False,@Alevlerin_icinden,Blackpink new songs please,0,2024-03-16T13:18:10Z,2024-03-16T13:18:10Z
UgzIFUi4zEF9ZLsOI2Z4AaABAg,,False,@j.aaaeeeee,🩷🩷🩷,0,2024-03-16T13:14:42Z,2024-03-16T13:14:42Z
UgymKfElFhI-GNn9gYJ4AaABAg,,False,@J_J.1899,Lo sacan cuando ya me gaste oa quincena pongale a firma,1,2024-03-16T13:13:31Z,2024-03-16T13:13:31Z
Ugz8aDILnSOL3f1PhOx4AaABAg,,False,@ravzaxkeremimm,AnNe kArTiNi veRsenEğĞahğ,0,2024-03-16T13:10:59Z,2024-03-16T13:10:59Z
UgySoirPCAm1GsTTHup4AaABAg,,False,@Sharonyy678,Xd,0,2024-03-16T13:03:18Z,2024-03-16T13:03:18Z
Ugw70wqymQXdv-dn3P54AaABAg,,False,@army_blink_skz214,💘💘,2,2024-03-16T13:02:31Z,2024-03-16T13:02:31Z
Ugwplgbn-kTAN6zKgN54AaABAg,,False,@JADE19000TYLER,so cute ❤️,1,2024-03-16T13:01:37Z,2024-03-16T13:01:37Z
Ugy2gY-M5N1vUSuGYER4AaABAg,,False,@CarilloBeaB,wow   i   miss    you,1,2024-03-16T13:01:18Z,2024-03-16T13:01:18Z
UgxJHBgqJeQTJJBsD6N4AaABAg,,False,@d3rin3n,BLACKPINK IN YOUR AREA 💗🖤,2,2024-03-16T13:01:02Z,2024-03-16T13:01:02Z
UgwLBSeKsCWP0dWsEK54AaABAg,,False,@user78hfcsyje,블랙핑크 너무 보고 싶었어 2024년 컴백 기대하고 있어 너무 사랑해 너 없인 케이팝은 너무 심심해 케이팝의 완벽한 여왕 4인♡♡♡♡♡♡♡♡♡♡♡♡♡♡♡♡,122,2024-03-16T12:55:33Z,2024-03-16T12:55:33Z
UgwLBSeKsCWP0dWsEK54AaABAg.A12Mimd9zMyA13FwMjn2Sa,UgwLBSeKsCWP0dWsEK54AaABAg,True,@samahhosni1158,블랙핑크 곧 나왔나요? 그리고 언제 ?,5,2024-03-16T21:15:29Z,2024-03-16T21:15:29Z
UgwLBSeKsCWP0dWsEK54AaABAg.A12Mimd9zMyA14nlEpVXIJ,UgwLBSeKsCWP0dWsEK54AaABAg,True,@user78hfcsyje,"그러니까 우리는 늘 기다려도 된다고 하는 건데, 우리 너무 사랑해요 블랙핑크키 안 좋아하는 사람 있나요?😊♡♡♡♡",2,2024-03-17T11:39:02Z,2024-03-17T11:39:02Z
Ugx-gcjPkL0DNirdAvh4AaABAg,,False,@jyotiupadhyay9452,Blackpink❤❤❤❤❤❤❤❤❤,2,2024-03-16T12:54:36Z,2024-03-16T12:54:36Z
UgwPO3qnXlJpUlYScgN4AaABAg,,False,@Chae._.jin1,I want to buy many sweets,1,2024-03-16T12:54:21Z,2024-03-16T12:54:21Z
UgxSZ8pW5jrIJltSG_N4AaABAg,,False,@julietadiazmejia,i love jisso,1,2024-03-16T12:53:21Z,2024-03-16T12:53:21Z
Ugw1QLNOvz1pdtG_lot4AaABAg,,False,@Littleyeji,BLACKPINK❤❤❤❤❤❤❤❤❤❤,2,2024-03-16T12:51:00Z,2024-03-16T12:51:00Z
UgxzxqRFghzKjcs-Lqx4AaABAg,,False,@shenwarbarwary9689,Iliv blackpink❤❤❤ im blink,1,2024-03-16T12:49:08Z,2024-03-16T12:49:08Z
UgzYn1uPp--fYc7RUnp4AaABAg,,False,@Matematikhocasi809,❤❤❤,0,2024-03-16T12:44:50Z,2024-03-16T12:44:50Z
Ugxql_2eLE8WCeRC7N14AaABAg,,False,@Fahrettin2114,I LOVE YOU BLACKPİNK,0,2024-03-16T12:42:32Z,2024-03-16T12:42:32Z
UgzAagsfPRTNbR_5_iZ4AaABAg,,False,@northarea1203,Welcome Back,0,2024-03-16T12:41:39Z,2024-03-16T12:41:39Z
UgykDPLP7YF2KVM_FZ94AaABAg,,False,@خالدالدليمي-ذ8ض,Bune ap,0,2024-03-16T12:41:08Z,2024-03-16T12:41:08Z
Ugw2njeJpivbWlJer9J4AaABAg,,False,@raiene997,And português w inglês amooo vcsss  Black pink you.are.,0,2024-03-16T12:40:29Z,2024-03-16T12:40:29Z
UgxfrOKtwLsOtrNXwwp4AaABAg,,False,@raiene997,Miss you my.queens.waiting for your comeback.2024💗🖤🤍,0,2024-03-16T12:39:45Z,2024-03-16T12:39:45Z
UgybFRThBLypFv0b31l4AaABAg,,False,@raiene997,And Black pink amooo vcs te amo muito  euuuu tenho um canal no YouTube de vcs foco edits de vcs bjjjjjjjjjj Black pink you ARE,1,2024-03-16T12:35:04Z,2024-03-16T12:35:04Z
UgzXROqUpi2OyyMR0t94AaABAg,,False,@la_lisa_0130,BLACKPINK FOREVER♾,1,2024-03-16T12:33:17Z,2024-03-16T12:33:17Z
UgxGrJ7Wn7l6HkJiRbp4AaABAg,,False,@Barira-d6e,BLACKPINK  IN YOUR  AREA ❤,1,2024-03-16T12:09:32Z,2024-03-16T12:09:32Z
UgzmTKTwyFuJ9fNEWYJ4AaABAg,,False,@Bobocake,"Here are the blik
👇",1,2024-03-16T12:07:56Z,2024-03-16T12:07:56Z
Ugwtu8-dDJe4Pg85y_B4AaABAg,,False,@Lera.Blinks,❤,0,2024-03-16T12:06:54Z,2024-03-16T12:06:54Z
Ugxm97dfXmJbmGnlBq94AaABAg,,False,@Billionaire_Vibes_x,BLACKPINK WE MISS YOU,0,2024-03-16T12:06:26Z,2024-03-16T12:06:26Z
UgxvmTTGrUM2O-Gz6wV4AaABAg,,False,@Billionaire_Vibes_x,Siuuuuuuuuuu 7❤,0,2024-03-16T12:05:50Z,2024-03-16T12:05:50Z
UgyDtiZOKtmFJdm2_rd4AaABAg,,False,@Billionaire_Vibes_x,BLACKPINK IS THE REVOLUTION ❤,0,2024-03-16T12:01:49Z,2024-03-16T12:01:49Z
Ugw8E0gP0T7_93gU9-t4AaABAg,,False,@Muhtesemikili03,Blacpinkk❤❤❤,0,2024-03-16T11:55:43Z,2024-03-16T11:55:43Z
Ugzpb5WDQYtflbh_ly94AaABAg,,False,@Celya_6F,Blackpink ❤❤❤❤❤,0,2024-03-16T11:54:10Z,2024-03-16T11:54:10Z
UgwXYhm4h48H4oxR1sB4AaABAg,,False,@Muichiro-i4j,❤,0,2024-03-16T11:52:15Z,2024-03-16T11:52:15Z
Ugz7kugHg7mMuubcg8t4AaABAg,,False,@Derin_YT,"You are active after a long time, I'm so glad",0,2024-03-16T11:50:17Z,2024-03-16T11:50:17Z
UgweFwEXtWgBIhdoD0t4AaABAg,,False,@lubnayoosuf1669,Love you❤❤❤❤❤,0,2024-03-16T11:42:17Z,2024-03-16T11:42:17Z
UgyiYFVN5---mlPB4qp4AaABAg,,False,@NOBODY_NOBOD,❤,0,2024-03-16T11:41:17Z,2024-03-16T11:41:17Z
UgyITKYyp5B5P5dYYoN4AaABAg,,False,@Muslishka0311,🖤💞Blackpink 💞🖤,0,2024-03-16T11:40:06Z,2024-03-16T11:40:06Z
Ugyc_ZlO7rQEkTocCVh4AaABAg,,False,@Jennierubyy-s8t,Ne zaman geri gelecekler?,0,2024-03-16T11:37:11Z,2024-03-16T11:37:11Z
UgwqAjDcZcqMjmCmQn54AaABAg,,False,@Onlypetz,Guys help them get to 100 mill buy subing,0,2024-03-16T11:29:30Z,2024-03-16T11:29:30Z
UgxeUnDopkQnVG6gfkN4AaABAg,,False,@-Saijo.Juri.,🐰김지수 💗사랑해 🐻제니 💗사랑해 🐱로제 💗사랑해 🐥리사 💗사랑해 블랙핑크 💗사랑해,1,2024-03-16T11:25:48Z,2024-03-16T11:25:48Z
UgzYUi32itkGfFbsqkV4AaABAg,,False,@-Saijo.Juri.,🐰김지수 💗사랑해 🐻제니 💗사랑해 🐱로제 💗사랑해 🐥리사 💗사랑해 블랙핑크 💗사랑해,1,2024-03-16T11:25:39Z,2024-03-16T11:25:39Z
Ugz5bgGt-RIFa6LZ3Ul4AaABAg,,False,@Kpoplove2021,I am so happy that you are didn't disband my girls love you 🖤💖,0,2024-03-16T11:15:23Z,2024-03-16T11:15:23Z
UgzKPWFE8t93fyActBR4AaABAg,,False,@Moi_저,YEEEEH,0,2024-03-16T11:14:01Z,2024-03-16T11:14:01Z
UgyBIyfMzTWtUP8BZEB4AaABAg,,False,@nigarhmdova1068,"Jennie - 'Solo' MV
01:52 ━━━●───── 03:08
     ⇆ㅤㅤ ◁ㅤ ❚❚ㅤ ▷ㅤ ㅤ↻﻿
                  ılıılıılıılıılıılı
ᴠᴏʟᴜᴍᴇ : ▮▮▮▮▮▮▮▯▯▯",0,2024-03-16T11:12:38Z,2024-03-16T11:12:38Z
Ugy5K4lztwbp2LPT9q94AaABAg,,False,@funwithfun9rose193,"Hi lisa ,jennie ,rose ,jisoo how are you i am your biggest fan💖🖤💖🖤💖🖤💗🖤💓🖤💕🖤🖤💝🖤💝",0,2024-03-16T11:08:20Z,2024-03-16T11:08:20Z
UgyISzgfNqJPIBk3XOd4AaABAg,,False,@volkerbacker2187,I miss Blackpink ❤❤❤,2,2024-03-16T11:04:05Z,2024-03-16T11:04:05Z
Ugwc3GmyGWgwROdtC014AaABAg,,False,@volkerbacker2187,"I Love Blackpink ❤❤❤
👇🏻",2,2024-03-16T11:03:24Z,2024-03-16T11:03:24Z
UgyfSC8_URlyS5YZbqN4AaABAg,,False,@cansuwwy,❤,1,2024-03-16T10:59:50Z,2024-03-16T10:59:50Z
UgwdbvLdBV-jtr5xjzJ4AaABAg,,False,@cats750,❤❤❤❤,1,2024-03-16T10:59:37Z,2024-03-16T10:59:37Z
UgwlPWdqsRDeEVnw2nR4AaABAg,,False,@GDGF_Lilies,"❤
❤
❤
❤
❤
❤
❤
❤
❤
❤
 ❤
   ❤
    ❤
     ❤
     ❤
    ❤
   ❤ 
  ❤
 ❤
❤
🎉🎉🎉❤🎉❤🎉🎉❤🎉❤🎉❤🎉❤",2,2024-03-16T10:58:01Z,2024-03-16T10:58:01Z
UgxPBDZjD2WjQcbiKuF4AaABAg,,False,@nyutaus,"디바들이 그리워요, 우리 모두는 당신이 너무 그리워요.... 공주님, 안전하게 지내세요.",2,2024-03-16T10:56:36Z,2024-03-16T10:56:36Z
UgxOl34QFczHPeshEwt4AaABAg,,False,@simbavlog1475,"I just miss you guys so much😢
Yg,Pls let them give a goddamn comeback this year",1,2024-03-16T10:55:01Z,2024-03-16T10:55:01Z
UgylL5guGCnG53PU6eR4AaABAg,,False,@findarosa34,Saranghee BLACKPINK🩷🖤🫶🏻,2,2024-03-16T10:53:46Z,2024-03-16T10:53:46Z
UgwICTldjA_P3eQPjBJ4AaABAg,,False,@Lisa-minni,Omoy gaddd you are wonderful❤,1,2024-03-16T10:53:26Z,2024-03-16T10:53:26Z
UgyJ3XRvsghMVOc4jTx4AaABAg,,False,@Chenie_789,blackpink❤,1,2024-03-16T10:50:31Z,2024-03-16T10:50:31Z
UgzfB3NS4b_eavzZ1Zh4AaABAg,,False,@Jenny-t9u,BLACKPINK ❤❤❤,1,2024-03-16T10:46:12Z,2024-03-16T10:46:12Z
UgwGihrXVz_VLKsCqlN4AaABAg,,False,@sixhitter4389,Blink momg omg black pink I love you love from Sri Lanka iam girl,1,2024-03-16T10:42:07Z,2024-03-16T10:42:07Z
UgzBnINQoJS7MTplPjZ4AaABAg,,False,@sixhitter4389,Hii,1,2024-03-16T10:41:27Z,2024-03-16T10:41:27Z
Ugx8dnFVEZKGLf1DXS54AaABAg,,False,@Samarbadawiya,"Black pink ❤❤❤❤❤❤
Ilove you you my heart❤❤❤",2,2024-03-16T10:39:41Z,2024-03-16T10:39:41Z
UgznuB9f1xvdQE8Aqyl4AaABAg,,False,@I.like.nature.330,I ❤ U BLACKPINK ❤❤❤❤❤❤❤❤❤❤❤❤❤❤❤,1,2024-03-16T10:37:54Z,2024-03-16T10:37:54Z
Ugx8wlKEFHwAry56g3d4AaABAg,,False,@Black_pink123-g5y,Я так щастлева,1,2024-03-16T10:36:15Z,2024-03-16T10:36:15Z
UgxlaXv0kvpCsiLU_V54AaABAg,,False,@BishalChettri-ss5ug,Have a sweet time to u all blinks girls ❤❤,1,2024-03-16T10:34:13Z,2024-03-16T10:34:13Z
Ugz_aFiUcIT_8mNwtR94AaABAg,,False,@chaennieaşktır123,Blackpink ❤❤❤,2,2024-03-16T10:32:39Z,2024-03-16T10:32:39Z
Ugx5VQ3BM7JKtRO-sL14AaABAg,,False,@cute_nancy653,Please pin📍 me I am your subscriber 😊❤,3,2024-03-16T10:32:25Z,2024-03-16T10:32:25Z
UgyaoyfH3Tz2n8LnHVd4AaABAg,,False,@Justt_fuckingleave_mealone22,Love you blackpink ✨✨🍦,2,2024-03-16T10:27:45Z,2024-03-16T10:27:45Z
UgzxqErRWu7qX0w0dTF4AaABAg,,False,@АлександрБорзило,❤,1,2024-03-16T10:20:54Z,2024-03-16T10:20:54Z
Ugw2ZlRree2b7qWec8l4AaABAg,,False,@Engyblink,"Miss you our 4 queens 👑👑
Stay blinks 4ever",1,2024-03-16T10:17:47Z,2024-03-16T10:17:47Z
Ugz1NM5MN4r1RQmskpB4AaABAg,,False,@erva.3535,It's perfect ❤️,6,2024-03-16T10:10:15Z,2024-03-16T10:10:15Z
Ugwfjfm3JsukzAG-7MN4AaABAg,,False,@maddyismad07,Omg,2,2024-03-16T10:02:14Z,2024-03-16T10:02:14Z
UgwRiOVsC0oeObRDLbh4AaABAg,,False,@crazypavi,"Loyal blink here, 
I hope u hav a comeback soon and hav rest ❤ take care ❤ lov ya ❤ my four queens ❤",6,2024-03-16T09:59:47Z,2024-03-16T09:59:47Z
Ugw-ihRdt-tmOpgt2El4AaABAg,,False,@shahnoorsayeed8062,people who are waiting for there comeback in 2024 of most success ful group BLACKPINK miss you 4 queens,2,2024-03-16T09:54:21Z,2024-03-16T09:54:21Z
UgyMJnIH4CP_SfGs12Z4AaABAg,,False,@Gamzekarta_fan1899,🖤🖤🖤🖤🖤🖤🖤🖤🖤🖤🖤🖤🩷🩷🩷🩷🩷🩷🩷🩷🩷🩷🩷🩷🩷🩷🩷🩷,2,2024-03-16T09:54:07Z,2024-03-16T09:54:07Z
Ugz3XFVAPUOorq5whDB4AaABAg,,False,@Gamzekarta_fan1899,I love you Black Pink 🖤❤,3,2024-03-16T09:53:45Z,2024-03-16T09:53:45Z
UgzFEGT4keSyioaVZ5Z4AaABAg,,False,@A.a_455,I love black pink,1,2024-03-16T09:51:53Z,2024-03-16T09:51:53Z
UgyqXdIE-N35C_6SF9d4AaABAg,,False,@NadiaAdrović-e9h,"🖤BLΛƆKPIИK💗 , we are waiting new songs! 
╔══╗
╚╗╔💝
╔╝𝓵𝓸𝓿𝓮    ᕱ🎀ᕱ 
╚══`.¸.🖤𝔹𝕃𝔸ℂ𝕂ℙ𝕀ℕ𝕂💗",3,2024-03-16T09:49:18Z,2024-03-16T09:49:18Z
UgwFI5dU3ubJg1OK6yR4AaABAg,,False,@konstantinosyynalmpantidis5848,I miss  the 4 Queens🖤❤️🖤❤️,2,2024-03-16T09:48:10Z,2024-03-16T09:48:10Z
UgwZCB8dT0Y9rWcTsk14AaABAg,,False,@konstantinosyynalmpantidis5848,Now what will I hear?????😣😣😖😖😖😿,2,2024-03-16T09:47:01Z,2024-03-16T09:47:01Z
UgwZS-UqVnvF5dFRVcN4AaABAg,,False,@Aespabang,Pls do comeback blinks miss you ❤,1,2024-03-16T09:44:08Z,2024-03-16T09:44:08Z
UgxmMtNQjPUFCs9PRLh4AaABAg,,False,@rabadelisi,"Come to Turkey 
For Turkish fans
You are  very loved in Turkey❤❤❤❤❤❤❤❤❤❤❤❤❤❤❤❤❤❤❤❤❤❤❤❤❤",0,2024-03-16T09:36:53Z,2024-03-16T09:36:53Z
Ugw1DmaBS2k2MN6EMsh4AaABAg,,False,@Pretty_savage_47,BLACKPINK is revulation 🖤💗,0,2024-03-16T09:27:06Z,2024-03-16T09:27:06Z
UgwAn2YtKSSEd5nOgL54AaABAg,,False,@_.kpopmylife_,I miss you so much queens,0,2024-03-16T09:25:44Z,2024-03-16T09:25:44Z
UgxFkLURNAG0K3cn6LF4AaABAg,,False,@BelçinQueenimolmuşッ,I love you blackpink Jisoo Jennie Lisa Rose❤❤❤❤,1,2024-03-16T09:24:50Z,2024-03-16T09:24:50Z
UgwLdCtGv00dr4oG8754AaABAg,,False,@annieee_016,Any indians ??,0,2024-03-16T09:23:40Z,2024-03-16T09:23:40Z
Ugz4orQG11UgTfcmEdp4AaABAg,,False,@keeny2397,❤,0,2024-03-16T09:21:36Z,2024-03-16T09:21:36Z
UgygKoWF-b5tiiJvYyB4AaABAg,,False,@royou_2376,"블랙 핑크는 가장 재능있는 밴드입니다,나는 그들을 사랑.🖤💗🖤💗🖤💗🖤
˚∧＿∧  　+        —̳͟͞͞💗
(  •‿• )つ  —̳͟͞͞ 💗         —̳͟͞͞💗 +
(つ　 <                —̳͟͞͞💗
｜　 _つ      +  —̳͟͞͞💗         —̳͟͞͞💗 ˚
`し´",0,2024-03-16T09:20:17Z,2024-03-16T09:20:29Z
UgwkRKacybwPbCtv-Nl4AaABAg,,False,@Favkanalım,It' s beautiful,0,2024-03-16T09:15:14Z,2024-03-16T09:15:14Z
UgwQl8MWf1QF5KJT7gh4AaABAg,,False,@beomgyuonlymine,SO CUTEEE,0,2024-03-16T09:14:36Z,2024-03-16T09:14:36Z
UgweocKXyMtfTMTfikt4AaABAg,,False,@Kpopvipblink,Hey guys can you please stream jisoo's and rose solos 🙏,0,2024-03-16T09:11:20Z,2024-03-16T09:11:20Z
Ugy9kztcXcTHzYIy_6N4AaABAg,,False,@MuzammilRana-d5g,💝💝💝💝💝💝💘💘💘🩷🩷🩷🩷🩷🖤🖤🖤🖤🖤🖤🖤🖤💌💌💞💞❤️‍🔥,0,2024-03-16T09:06:29Z,2024-03-16T09:06:29Z
Ugz6kRPTXL3XsHJEFOt4AaABAg,,False,@SandravanHeek,Blackpink its the best,0,2024-03-16T09:06:10Z,2024-03-16T09:06:10Z
UgyHWDLoxXckgzlc6Kp4AaABAg,,False,@saniyeyeter1985,"얘들 아, 당신은 여왕입니다! 내가 항상 당신을 지지할 것이라는 것을 알아주세요, 당신은 항상 내 마음속에 있습니다, 잊지 마세요, 나는 항상 당신의 열렬한 팬입니다🩷🖤🩷🖤🩷🖤🩷🖤🩷🖤  BLACKPINK IN YOUR AREA",0,2024-03-16T09:04:04Z,2024-03-16T09:04:04Z
Ugytxg3QMzFaRvEAFXl4AaABAg,,False,@Madhusingh-yv4db,Proud to be a blink and looking forward to see our four queen 👑👑 love you 💝💝💝❤❤❤❤,0,2024-03-16T09:00:35Z,2024-03-16T09:00:35Z
Ugxs7ZyoFRWh0fZuQdh4AaABAg,,False,@Frosty_mm2RBLX,❤❤❤❤,0,2024-03-16T08:53:26Z,2024-03-16T08:53:26Z
UgzQYtZG7w36hMYUyzF4AaABAg,,False,@dindaalifahhany8379,Tf is this?,0,2024-03-16T08:52:22Z,2024-03-16T08:52:22Z
Ugw3aOEW1SLLHpeHDlF4AaABAg,,False,@Kapan_mıs,WuĞAğAĞağAA❤❤,0,2024-03-16T08:51:24Z,2024-03-16T08:51:24Z
UgyUj6aIPzfgARkwlfl4AaABAg,,False,@Aashieditz15,Can you pls pin mee. I am your biggest fan ❤❤❤❤❤❤❤,0,2024-03-16T08:50:49Z,2024-03-16T08:50:49Z
Ugx9nhcFbkqY_KhkQ1V4AaABAg,,False,@LALISA_IS_MY_BIAS,Miss u 4 our queen 😍,0,2024-03-16T08:48:38Z,2024-03-16T13:51:22Z
Ugzf0C2ZEYc_ZeHXJ1t4AaABAg,,False,@Jisoosshi_,BLACKPINK IN YOUR AREA,1,2024-03-16T08:47:21Z,2024-03-16T08:47:30Z
Ugw4OnNeHo3oKL3VAqp4AaABAg,,False,@HaticeÜlger-h6o,Blackpink  yeni şarkı çıkarın lütfen,0,2024-03-16T08:46:49Z,2024-03-16T08:46:49Z
UgwdufZ2xeyIUITaeXB4AaABAg,,False,@rosietter,comeback 😭😭,1,2024-03-16T08:32:44Z,2024-03-16T08:32:44Z
UgzlxBPMuGOxijT_HGd4AaABAg,,False,@Lea_579,I LOVE BLACKPINK 🖤🖤🖤💗💗💗💗,0,2024-03-16T08:31:56Z,2024-03-16T08:31:56Z
UgyZyeLgfXpGOTCM6MF4AaABAg,,False,@Lisathecutestandprettiest,Love u blackpink ❤,1,2024-03-16T08:24:50Z,2024-03-16T08:24:50Z
UgynAuMu8tWN81_oRSl4AaABAg,,False,@ivanivanove4782,I love them ! 🖤BLΛƆKPIИK💗in your area,0,2024-03-16T08:19:58Z,2024-03-16T08:19:58Z
UgwguQbe1VqZg3VS1zB4AaABAg,,False,@ELENIN-u2w,🖤💕,0,2024-03-16T08:14:17Z,2024-03-16T08:14:17Z
UgxByst66E0f1_ug15d4AaABAg,,False,@GÜNEŞSEKMEN52,Blackpink 🩷🖤🩷🖤🩷🖤🩷,0,2024-03-16T08:12:00Z,2024-03-16T08:12:00Z
Ugwr17YzqC_DhytTVaN4AaABAg,,False,@Blllinkk,I'm really missing them 😭,1,2024-03-16T08:10:22Z,2024-03-16T08:10:22Z
UgwbFutFbNgOABX9RfR4AaABAg,,False,@ayeon_elisia.,we miss you,1,2024-03-16T07:59:12Z,2024-03-16T07:59:12Z
UgxZ_RJ-QeNkvF3EO_54AaABAg,,False,@Mashabils,BLACKPINK FOREVER,0,2024-03-16T07:55:51Z,2024-03-16T07:55:51Z
UgylnTYErkFnHALhdwZ4AaABAg,,False,@sangeetajamwal468,please do consert in India we were waiting for you,1,2024-03-16T07:52:20Z,2024-03-16T07:52:20Z
UgzNRpXKtst1GEWaS2h4AaABAg,,False,@avanichouhan7536,Waiting for comeback in 2024❤,1,2024-03-16T07:49:16Z,2024-03-16T07:49:16Z
UgyVqy4uonBhjzkVWVh4AaABAg,,False,@Deringülcabat,🖤BLΛƆKPIИK💗love you❤😊,2,2024-03-16T07:36:27Z,2024-03-16T07:36:27Z
Ugya_aJGZJAYLoHlwhh4AaABAg,,False,@ЗаринаБийжанова,BLACK PINK 🖤💗,0,2024-03-16T07:35:36Z,2024-03-16T07:35:36Z
Ugx5WaZQJeVGHKWaLSt4AaABAg,,False,@Ros3e465,"Only yg can separate us😢
I miss you ❤
ᥬ(´･̥̥̥̥ω･̥̥̥̥`) ᭄(;´༎ຶД༎ຶ`)(ノДＴ)(๑꒦ິ ̼ ꒦ິ๑)(๑′ᴗ‵๑)Ｉ Lᵒᵛᵉᵧₒᵤ❤️",2,2024-03-16T07:34:48Z,2024-03-16T07:34:48Z
UgyrpofOAgH5InNa8Ol4AaABAg,,False,@Kpopsrr,Pls do that u said u will do this 5 months ago😢😢,1,2024-03-16T07:33:14Z,2024-03-16T07:33:14Z
UgwQxoayQTV4uFe3nLR4AaABAg,,False,@Wonyoung_27-r5ti,I loce you blackpink 🇹🇷 🤝🇰🇷,0,2024-03-16T07:23:30Z,2024-03-16T07:23:30Z
UgwjZhmFdKbJ1CJr4NV4AaABAg,,False,@alicjakotiuszko2495,Am I the only one who thought that blackpink had already been disbanded and when they uploaded this video I was very happy,0,2024-03-16T07:20:45Z,2024-03-16T07:20:45Z
UgwoZSRF10SD3POGDRx4AaABAg,,False,@irlymoon,OUR QUEENS ARE ALWAYS FANTASTIC!!!❤❤❤,0,2024-03-16T07:19:35Z,2024-03-16T07:19:35Z
Ugz2TWW3vwTa3IfrSLF4AaABAg,,False,@AromaZeniya,Pls will you come and have a concert in Pakistan Islamabad i am waiting❤,0,2024-03-16T07:16:59Z,2024-03-16T07:16:59Z
UgxLDUZaYuJFjHtV8PJ4AaABAg,,False,@EceGL,I LOVE YOU BLACKPINK 💖😻,1,2024-03-16T07:11:37Z,2024-03-16T07:11:37Z
UgzKvfAGp8Ln1uEHJSh4AaABAg,,False,@Donatella11,𓃠ʕ•ᴥ•ʔ,1,2024-03-16T07:09:42Z,2024-03-16T07:09:42Z
UgyZjMeIt4EYmzQb6m14AaABAg,,False,@user-bs3us6cg2c,블핑 보고싶어ㅠ,1,2024-03-16T07:09:20Z,2024-03-16T07:09:20Z
UgzN5TTCPlyZm2AvdoF4AaABAg,,False,@ashling328,I love you blackpink 💖🖤💖🖤💖,0,2024-03-16T07:08:27Z,2024-03-16T07:08:27Z
UgyardzfJ9Ea8mlMgOB4AaABAg,,False,@Asger_Ali,I'm always waiting for your comeback,2,2024-03-16T07:07:52Z,2024-03-16T07:07:52Z
UgwNACUd0ANMfXa26bN4AaABAg,,False,@Yetinemorsida,I'm really looking forward to your return blackpink ❤you brought me to KPOP you are my favorite band Blinky is waiting for your❤We love you blackpink come back. ❤,1,2024-03-16T07:07:26Z,2024-03-16T07:07:26Z
UgxzwsHR5Vvw3WVbhBx4AaABAg,,False,@kpop_family-kz8yk,17.03.2024 12:00,1,2024-03-16T07:04:31Z,2024-03-16T07:04:31Z
UgyTnZwpWpF0q16tbU94AaABAg,,False,@DhmhtrhsMouratidis-iw2go,❤❤❤,0,2024-03-16T06:57:42Z,2024-03-16T06:57:42Z
UgzWVaPIS5hiZ-RPrMt4AaABAg,,False,@notttsophie,Wow❤❤❤❤❤,0,2024-03-16T06:37:28Z,2024-03-16T06:37:28Z
UgxFGlmTD2rxzPTakPJ4AaABAg,,False,@L.............L-v8x,I miss my 4 queens,0,2024-03-16T06:34:26Z,2024-03-16T06:34:26Z
UgyBNwzdWZ2T0EeI-354AaABAg,,False,@Queen_K_princss_M,Omg it's so cuteeee pin me please,0,2024-03-16T06:32:26Z,2024-03-16T06:32:26Z
Ugy9TXTAlEp9RvXYvlh4AaABAg,,False,@shuraallahverdiyeva388,"İ love blackpink 1%
     İ love blackpink 2%
            İ love blackpink 3%
                 İ love blackpink 4%
            İ love blackpink 5%
      İ love blackpink 6%
  İ love blackpink 7%
         İ love blackpink 8%
              İ love blackpink 9%
          İ love blackpink 10%
      İ love blackpink 11%
   İ love blackpink 12%
       İ love blackpink 13%
            İ love blackpink 14%
         İ love blackpink 15%
      İ love blackpink 16%
    İ love blackpink 17%
       İ love blackpink 18%
              İ love blackpink 19%
          İ love blackpink 20%
     İ love blackpink 21%
  İ love blackpink 22%
     İ love blackpink 23%
         İ love blackpink 24%
     İ love blackpink 25%
    İ love blackpink 26%
        İ love blackpink 27%
            İ love blackpink 28%
         İ love blackpink 29%
      İ love blackpink 30%
         İ love blackpink 31%
             İ love blackpink 32%
        İ love blackpink 33%
    İ love blackpink 34%
       İ love blackpink 35%
           İ love blackpink 36%
       İ love blackpink 37%
    İ love blackpink 38%
         İ love blackpink 39%
             İ love blackpink 40%
                  İ love blackpink 41%
             İ love blackpink 42%
         İ love blackpink 43%
      İ love blackpink 44%
          İ love blackpink 45%
       İ love blackpink 46%
    İ love blackpink 47%
  İ love blackpink 48%
     İ love blackpink 49%
       İ love blackpink 50%
     İ love blackpink 51%
   İ love blackpink 52%
      İ love blackpink 53%
           İ love blackpink 54%
       İ love blackpink 55%
     İ love blackpink 56%
        İ love blackpink 57%
    İ love blackpink 58%
  İ love blackpink 59%
      İ love blackpink 60%
         İ love blackpink 61%
      İ love blackpink 62%
    İ love blackpink 63%
  İ love blackpink 64%
      İ love blackpink 65%
         İ love blackpink 66%
    İ love blackpink 67%
  İ love blackpink 68%
     İ love blackpink 69%
          İ love blackpink 70%
     İ love blackpink 71%
   İ love blackpink 72%
      İ love blackpink 73%
   İ love blackpink 74%
 İ love blackpink 75%
    İ love blackpink 76%
       İ love blackpink 77%
           İ love blackpink 78%
      İ love blackpink 79%
     İ love blackpink 80%
  İ love blackpink 81%
     İ love blackpink 82%
        İ love blackpink 83%
           İ love blackpink 84%
       İ love blackpink 85%
     İ love blackpink 86%
  İ love blackpink 87%
İ love blackpink 88%
   İ love blackpink 89%
      İ love blackpink 90%
         İ love blackpink 91%
     İ love blackpink 92%
  İ love blackpink 93%
 İ love blackpink 94%
    İ love blackpink 95%
       İ love blackpink 96%
    İ love blackpink 97%
 İ love blackpink 98%
   İ love blackpink 99%
İLOVE BLACKPİNK 100%❤❤❤❤❤❤",1,2024-03-16T06:31:05Z,2024-03-16T06:31:05Z
UgwZq-0YMnroLYkK0ZB4AaABAg,,False,@surendrasenanayake9276,Love u guys ❤,0,2024-03-16T06:29:28Z,2024-03-16T06:29:28Z
UgzkDjYGks002TtOvr94AaABAg,,False,@gggggg9147,Miss black pink,0,2024-03-16T06:22:52Z,2024-03-16T06:22:52Z
UgxltgN50iIBhK8l_WR4AaABAg,,False,@Лиана-в2й,Очень люблю  BLACK PINK))),0,2024-03-16T06:05:13Z,2024-03-16T06:05:13Z
UgxHulUkx3-TSbAo9UJ4AaABAg,,False,@lakshmikastury9880,"Please have another comeback 
Love from India❤",1,2024-03-16T05:59:41Z,2024-03-16T05:59:41Z
UgwQiOjEbb8HmQXrViV4AaABAg,,False,@teqlubenova5666,"Miss u Blackpink 
I want to know the new songs
Love u our 4 queens❤️",0,2024-03-16T05:54:42Z,2024-03-16T05:54:42Z
UgzPWZlwokfZIGG-igF4AaABAg,,False,@bapun2610ghg,Love from India ❤,0,2024-03-16T05:49:14Z,2024-03-16T05:49:14Z
UgwQUr9viVCenGfGFdt4AaABAg,,False,@hoonneyyz_31,I am missing my 4 girls❤I am waiting for their comback in 2024 and i am super excited❤,1,2024-03-16T05:45:24Z,2024-03-16T05:45:24Z
UgyhokbLIbag5KkMj494AaABAg,,False,@Loliss_Andra,❤❤,0,2024-03-16T05:40:47Z,2024-03-16T05:40:47Z
UgywIPE81vDw4lcpjRl4AaABAg,,False,@mahnoorstudio5666,"Miss our 4queens 👸
Waiting for your new comeback in 2024🖤💗
Love you 🖤BLΛƆKPIИK💗",0,2024-03-16T05:18:28Z,2024-03-19T06:07:21Z
Ugz5p0jcyI8MVvRuKIR4AaABAg,,False,@JICHUBBESTKIM,OMG,0,2024-03-16T05:14:47Z,2024-03-16T05:14:47Z
UgwL3bIG3axAnOijetZ4AaABAg,,False,@Blink-Joon,"Love you black pink 🖤🩷 always support you ❤️ 😊
Never leave you.        😊❤
Always helpful to you 😊
If there are million blinks I'm 1
If there is one blink I'm that and if you have no blink I'm dead❤",0,2024-03-16T05:13:05Z,2024-03-16T05:13:05Z
UgxlukgRIr5ykteFvVZ4AaABAg,,False,@bp.blink.1.1,I love blackpink i just wanna meet them,0,2024-03-16T05:12:05Z,2024-03-16T05:12:05Z
Ugz58srTIoKLThIhmxh4AaABAg,,False,@PiumaliGm,Black pink lisa❤❤❤❤,0,2024-03-16T04:56:35Z,2024-03-16T04:56:35Z
UgxqTDdTUREkSnKlu6R4AaABAg,,False,@Angel_Mona1979,Love u blackpink,0,2024-03-16T04:56:29Z,2024-03-16T04:56:29Z
UgwfTlLtqaR9xZftRPh4AaABAg,,False,@Blinkster_27,"Missing u blinks super girls 😊 pls comeback soon 🖤🩷🇰🇷🐥🐱🐰🐿️👑
🌍.    😊❤❤❤❤❤❤🎉🎉🎉🎉😍🤩⭐⭐✨🩷🖤🩷🖤❤️❤️💘💖💓💓💖💘💗❤️⭐",0,2024-03-16T04:39:47Z,2024-03-16T04:39:47Z
UgxESR4qmDIQyS5DLhF4AaABAg,,False,@Jade92326,Wow,0,2024-03-16T04:37:59Z,2024-03-16T04:37:59Z
UgxhG22gTNrCbzMLt0Z4AaABAg,,False,@doniyorkenjayev9055,Powerdul blink here. I love you so much. Because you are talanted.❤❤❤🎉😊,0,2024-03-16T04:31:56Z,2024-03-16T04:31:56Z
Ugz2zQgTq0BFntu7h2x4AaABAg,,False,@sofiaespil8279,I LOVE BLACKPINK❤❤❤❤❤❤❤,0,2024-03-16T04:18:14Z,2024-03-16T04:18:14Z
UgydkZeQL92XqUn-tAJ4AaABAg,,False,@Blink.653,❤,0,2024-03-16T04:17:26Z,2024-03-16T04:17:26Z
Ugx8ApzvIT-W_U-slhl4AaABAg,,False,@rosiem_and_rosem,CUTE!!!,0,2024-03-16T04:16:16Z,2024-03-16T04:16:16Z
UgwsJzB_U06DcWSfz-V4AaABAg,,False,@ShreyaBapari,you  coming  to India,0,2024-03-16T04:10:50Z,2024-03-16T04:10:50Z
UgzF0DUFaO_5Fqc1wwx4AaABAg,,False,@BABY_PINK_25,Pls Blackpink comeback this year pls we miss Ot4 so much 😢,0,2024-03-16T04:06:59Z,2024-03-16T04:06:59Z
Ugw8wcSNLvr74DPgoK94AaABAg,,False,@raquelagustin6722,I love you and miss you so much BLACKPINK.,0,2024-03-16T04:03:42Z,2024-03-16T04:03:42Z
Ugw3jYTi2O4Q6Om-D194AaABAg,,False,@Atún5b8z9k3g,"Hello! BLACKPINK 🖤🩷🖤🩷🖤🩷🖤🩷 I'm Sorry for not seeing your new shorts, I thought they weren't going to upload more shorts or videos, but I still love them with all my heart😅. I LOVE YOU JENNIE LISA JISOO AND ROSÉ🩷🖤🩷🖤🩷🖤🖤🩷🖤🩷🖤🩷🖤🩷🖤🩷🖤🩷🖤🩷🖤🩷🖤🩷🩷🖤🩷🖤🩷🖤❤️♥️❤️♥️♥️❤️♥️❤️😊",0,2024-03-16T04:03:16Z,2024-03-16T04:03:16Z
Ugz_4q7ALJRX_oU01yh4AaABAg,,False,@Dhea_milk,💗💕💞💐💐,0,2024-03-16T03:50:00Z,2024-03-16T03:50:00Z
Ugzy9ZiZQDcd-9jVKFN4AaABAg,,False,@arlynmeynard2986,Give a like to our 4 queens,0,2024-03-16T03:42:10Z,2024-03-16T03:42:10Z
UgyXo8VEctZzTSgb3it4AaABAg,,False,@Mr.Mythical,I am your biggest fan from India please come to give a concrete in India it's my humble request,0,2024-03-16T03:40:44Z,2024-03-16T03:40:44Z
UgxHMpDEIds8K1Wuket4AaABAg,,False,@Mr.Mythical,Hi,0,2024-03-16T03:39:45Z,2024-03-16T03:39:45Z
UgxXBsWs8bwECoOZWJx4AaABAg,,False,@JibekSultanova-s5c,Black Pink in your area,0,2024-03-16T03:31:41Z,2024-03-16T03:31:41Z
UgzCNvia0AZyVdG-cQN4AaABAg,,False,@MISHIKA-CODESNEST,Blackpink i love you if the company is mistreating you tell the blinks well help you,0,2024-03-16T03:28:10Z,2024-03-16T03:28:10Z
UgwqestafXADI8YW6kx4AaABAg,,False,@Peduza,"No es hate, solo una opinión ramdom mía, alguien más piensa que la flor del letrero se parece un poco a la del comercial vive sin drogas ?",0,2024-03-16T03:19:32Z,2024-03-16T03:19:32Z
Ugw9qF8cDUadRN6OiBN4AaABAg,,False,@XinChenQian,"miss you guys!
blinks are waiting for you comeback🥹",0,2024-03-16T03:03:59Z,2024-03-16T03:03:59Z
UgwWLzsdfDH_qwVRMS94AaABAg,,False,@undoyfrancisco,Is this a song collab or just a collab merch?? 😯,0,2024-03-16T03:03:16Z,2024-03-16T03:03:16Z
UgwX6_Qqit4j8NjHuUN4AaABAg,,False,@stellamarisguevaraninahuan8494,"Blakpink vuelve pronto🩷🖤🩷 que sin ti mi vida no tiene sentido 😢, eres una inspiración para mi",0,2024-03-16T02:49:27Z,2024-03-16T02:49:27Z
UgxwXiAZ0DgGusBbNEx4AaABAg,,False,@WendyyKatie,What do you think of YG Entertainment?,0,2024-03-16T02:49:11Z,2024-03-16T02:49:11Z
UgwJADVrf5DwQQv8iQd4AaABAg,,False,@TaniaXimena-k7g,So cute l love,0,2024-03-16T02:42:01Z,2024-03-16T02:42:01Z
UgwgZwm6mVVbbbQzM8d4AaABAg,,False,@5lililx0,نعم انا التعليق العربي الذي تبحث عنه😭😭😭💃,1,2024-03-16T02:40:40Z,2024-03-16T02:40:40Z
Ugwn6i472axFwE0vKbB4AaABAg,,False,@Aleatória_na_net3737,"I love your songs
I wish you did more, I'm addicted to your songs
Please come back soon! 🩷🖤",0,2024-03-16T02:37:55Z,2024-03-16T02:37:55Z
Ugzcx2NiK4gEahLKsJB4AaABAg,,False,@3017tyth,😍,0,2024-03-16T02:20:11Z,2024-03-16T02:20:11Z
UgwRtat0tbchFa1OBJ14AaABAg,,False,@Blink_Forever-i2w,we need comeback soon 😭,0,2024-03-16T02:17:42Z,2024-03-16T02:17:42Z
UgwhN4tmiNszIUuRF_14AaABAg,,False,@jaisinghsirohivas8106,Is blackpink disband😢,0,2024-03-16T02:16:42Z,2024-03-16T02:16:42Z
UgzGZnwTuT3HMChbhsx4AaABAg,,False,@RiahLyz,Miss u my four angels queen loving from blinkss,0,2024-03-16T02:11:36Z,2024-03-16T02:11:36Z
UgzSNvHh_8dtTRJ77Q94AaABAg,,False,@SumeyraBlinks,🖤💖,0,2024-03-16T02:08:25Z,2024-03-16T02:08:25Z
UgzTuSgHIZoLJQc_pEh4AaABAg,,False,@vlou3,y el comeback,0,2024-03-16T02:07:31Z,2024-03-16T02:07:31Z
UgzD56ljjGCO3eMP1r54AaABAg,,False,@iamapahadi,Miss u Blink's and Black Pink ❤❤,1,2024-03-16T01:57:00Z,2024-03-16T01:57:00Z
Ugy9T7aVYyWoRQXGk_p4AaABAg,,False,@olive-y9d,We miss you,0,2024-03-16T01:52:16Z,2024-03-16T01:52:16Z
UgzdGfCqKjLRfVcETT54AaABAg,,False,@gagansharma1848,"Kpop is boring now...
We need blackpink comeback🖤💗",1,2024-03-16T01:47:33Z,2024-03-16T01:47:33Z
Ugyd0_zXU7hETp_hEhF4AaABAg,,False,@Madzluv,Who’s waiting for the Queens?❤,0,2024-03-16T01:44:36Z,2024-03-16T01:44:36Z
Ugxuu6cGjZb0JFRtzQF4AaABAg,,False,@blckpnk__x,"I miss you so much my 4 queens.
Love you so much 🌷.",3,2024-03-16T01:44:09Z,2024-03-16T01:44:09Z
UgwAx8PS1uoRCKa3KKx4AaABAg,,False,@nanno1064,Best group blackpink i really missed u gurls,1,2024-03-16T01:26:11Z,2024-03-16T01:26:11Z
Ugz3CwefM_sEh_pOv4F4AaABAg,,False,@Dayane-n1y,BlackPink,1,2024-03-16T01:23:39Z,2024-03-16T01:23:39Z
UgzcYL5XJPRAZBMDIk94AaABAg,,False,@JLC_sgirlfrienddd-fx8ee,I LOVE YOU MY QUEENS❤❤❤❤❤❤❤ I LOVE YOU SO MUCH❤ I AM ALWAYS WAITING FOR YOUR COMEBACK BESTIES❤❤ PLEASE NEVER LEAVE US BLINKS🥹🥹🥺🥺,1,2024-03-16T01:21:33Z,2024-03-16T01:21:33Z
Ugw5g6LmyqAPCUAPHAF4AaABAg,,False,@arunpavi2173,"Missing you BP, we r waiting for your comeback in 2024",1,2024-03-16T01:18:18Z,2024-03-16T01:18:18Z
Ugx4Cwz9rMNVl1QPcsF4AaABAg,,False,@NOTIFICATIONSALERTYT,"Pls come back 2024 4 queen's 👸🏻👸🏻👸🏻👸🏻 and pls take care of my heart JENNIE ,JISOO, LISÁ, ROSÉ ❤ i will miss you guys my friends I was saving money for your concert 😭🖤💖🖤💖🖤💖🖤💖🖤💖🖤💖🖤💖🖤💖🖤💖🖤💖🖤💖🖤💖🖤💖🖤💖💖🖤💖🖤💖🖤💖🖤💖🖤💖🖤💖🖤💖💖💖🖤💖🖤💖🖤💖🖤💖🖤💖🖤🖤💖🖤💖💖🖤💖🖤💖🖤💖🖤💖🖤💖🖤💖🖤💖🖤💖🖤💖🖤💖🖤💖🖤💖🖤💖🖤💖🖤💖🖤🖤💖🖤🖤💖🖤💖🖤🖤🖤🖤🖤💖",0,2024-03-16T01:08:39Z,2024-03-16T01:08:39Z
UgwIZnNm_yYGOSsJSNt4AaABAg,,False,@JulietaNaomiMolinaJiménez,얼마나 아름다운지 사랑해요 얘들아 🩷🖤,1,2024-03-16T01:06:57Z,2024-03-16T01:06:57Z
Ugz3kTTGP-fjvGfO7FV4AaABAg,,False,@janniferr2,Wow Black pink Please Pin me!!,0,2024-03-16T01:03:56Z,2024-03-16T01:03:56Z
UgwZ_GTGbIK3jXQryYp4AaABAg,,False,@Ihavenoideagirldontaskme,I MISS YOU QUEENS!🩷🖤,0,2024-03-16T00:49:19Z,2024-03-16T00:49:19Z
Ugwy428bXRIJwTwEmVV4AaABAg,,False,@filipinomuncher,Hello!!,0,2024-03-16T00:45:37Z,2024-03-16T00:45:37Z
UgxDubSOk-HVwmeJCNx4AaABAg,,False,@ENAS-SUNGHOON,❤,0,2024-03-16T00:19:58Z,2024-03-16T00:19:58Z
UgwNfYI-iKap3D4Hx7B4AaABAg,,False,@NirgulAlantas,❤❤,1,2024-03-16T00:18:53Z,2024-03-16T00:18:53Z
Ugyx5Z2sABa-JWfrSrZ4AaABAg,,False,@MartinaMuñoz-i6e,Las amoo,0,2024-03-16T00:17:11Z,2024-03-16T00:17:11Z
UgwFjr0v30DYxl3ygHp4AaABAg,,False,@bpleo5,😊😊,0,2024-03-16T00:10:24Z,2024-03-16T00:10:24Z
UgyBKYa07XVdFd0rp7V4AaABAg,,False,@danielarivera-dy9ji,❤,1,2024-03-16T00:07:25Z,2024-03-16T00:07:25Z
Ugy-bCckKRNiVt6kEdB4AaABAg,,False,@rosies_littlemango,"We love u guys, our 4 angles/queens, continue to dominate the k pop world ❤ and everyone’s so excited for your comeback! I’ll always support you and love you guysss💗🖤",0,2024-03-16T00:07:23Z,2024-03-16T00:07:49Z
Ugy32hT89Nwl6iZBH8t4AaABAg,,False,@albertodejesusmartinezgarc2428,Como asi que BlackPink ft Tekashi,0,2024-03-16T00:02:55Z,2024-03-16T00:02:55Z
UgxsGsBswRVNrF81iOd4AaABAg,,False,@lvsszyo,I LOVE U LISA🥺💗,0,2024-03-15T23:58:35Z,2024-03-15T23:58:35Z
Ugzu8jmuGspK_Om_0qV4AaABAg,,False,@lvsszyo,BLACKPINK IS THE REVOLUTION😜🔥,0,2024-03-15T23:58:14Z,2024-03-15T23:58:14Z
Ugxs89QYr6rROWzGGAB4AaABAg,,False,@lvsszyo,TWICEPINK THE BEST🤓☝️,0,2024-03-15T23:57:52Z,2024-03-15T23:57:52Z
Ugy-tvvQdXWEgXiQwq94AaABAg,,False,@lvsszyo,I MISS U GIRLS😭💗,0,2024-03-15T23:57:31Z,2024-03-15T23:57:31Z
UgwtzmPVEA_8rIyQDvB4AaABAg,,False,@Lovekpop4,Miss y’all ❤,0,2024-03-15T23:56:36Z,2024-03-15T23:56:36Z
Ugw8KV4fDm8716yqqxV4AaABAg,,False,@need.more.idol-interactions,not me accidentally reading “COMFLEX” and thinking we would get a SKZ x BP collab 😂😂,0,2024-03-15T23:45:13Z,2024-03-15T23:45:13Z
UgzRD0abr5Y9tNK9fS54AaABAg,,False,@Lisa-i2z5d,"I miss you K-Pop queens, we are missing you, please come back💔👤",1,2024-03-15T23:40:15Z,2024-03-15T23:40:15Z
UgyOS364w_BbNi3NLKl4AaABAg,,False,@bpshibainucatsdti,BLACKPINK ❤❤❤,0,2024-03-15T23:37:14Z,2024-03-15T23:37:14Z
UgxyCgeQUaFGiaayNlV4AaABAg,,False,@israehiyani7242,i love you blackpink i love you forever blink foreveeeeeeeerrrrr,0,2024-03-15T23:35:46Z,2024-03-15T23:35:46Z
Ugx80AlawFZvP5kjyl14AaABAg,,False,@israehiyani7242,blackpink forever,0,2024-03-15T23:34:37Z,2024-03-15T23:34:37Z
UgxDCyhlFm22hCeF7Qt4AaABAg,,False,@israehiyani7242,por que eoy blink forever foreverrrrr,0,2024-03-15T23:33:55Z,2024-03-15T23:33:55Z
UgzE1rE_46Iw8f9kWk14AaABAg,,False,@israehiyani7242,❤❤❤❤❤🎉❤🎉🎉🎉❤🎉❤🎉❤🎉🎉❤🎉🎉🎉🎉🎉😊😊😊😊😊😊😊😊😊,0,2024-03-15T23:33:18Z,2024-03-15T23:33:18Z
UgxCzuzDQFFTUOxeQI54AaABAg,,False,@israehiyani7242,blackpink forever y tengo mi tela de blackpink y blink,0,2024-03-15T23:33:05Z,2024-03-15T23:33:05Z
UgyNMd7PxmXF7nkxLA94AaABAg,,False,@Nikiberry_Berries4Life,I am so excited!💗,0,2024-03-15T23:29:11Z,2024-03-15T23:29:11Z
Ugxyfsx1W7xokLOl38R4AaABAg,,False,@sisaivanova5396,"Blackpink, please do a concert in Bulgaria, Nova Zagora ❤❤❤",0,2024-03-15T23:27:19Z,2024-03-15T23:27:19Z
UgwW_wMHVVYJ4YGD2uB4AaABAg,,False,@antorkazi3490,I miss you 4 queen 😢❤❤❤❤,0,2024-03-15T23:26:28Z,2024-03-15T23:26:28Z
UgxZ0evYkpfgddHInRd4AaABAg,,False,@RiahsWorld771,Wow 🤩,0,2024-03-15T23:25:07Z,2024-03-15T23:25:07Z
UgwQKRAGmKYYJruKuS94AaABAg,,False,@JessCastro-c5h,なんて素敵なんだろう,23,2024-03-15T23:24:34Z,2024-03-15T23:24:34Z
Ugwbsk6ClTaabt74G-J4AaABAg,,False,@nateandneslyn,Notice me please 😢😢😢,0,2024-03-15T23:22:32Z,2024-03-15T23:22:32Z
UgydjY8Q6-mXgKfF-wx4AaABAg,,False,@KhadijaMohammadi-i6i,Can you post more please pls,0,2024-03-15T23:18:42Z,2024-03-15T23:18:42Z
UgzORbrm4OTaHheXp394AaABAg,,False,@BABYMONSTER609,💗🌸🍧✨️I love you blackpink 💗🌸🍧✨️,1,2024-03-15T23:14:28Z,2024-03-23T00:12:24Z
UgyXxWVa5BTu8Vb8nHx4AaABAg,,False,@catalinavalenzuela5465,Comebackk❤❤❤❤❤❤❤,0,2024-03-15T23:10:56Z,2024-03-15T23:10:56Z
UgwRFm6CHJGkqoFHnJZ4AaABAg,,False,@فرٍح-ب7ه,와 사랑해요 ❤,0,2024-03-15T23:09:01Z,2024-03-15T23:09:01Z
UgzGcZwOpNtuEW1gQLx4AaABAg,,False,@Isabelli-il5xd,❤❤❤❤❤❤,0,2024-03-15T23:07:05Z,2024-03-15T23:07:05Z
Ugz6RUwqmVwsxQIBK9t4AaABAg,,False,@redmousi777,Blackpink ❤❤❤❤❤❤❤❤❤❤❤🖤🖤🖤🖤🖤🖤🖤🖤🖤,0,2024-03-15T23:06:23Z,2024-03-15T23:06:23Z
UgyIkkItG4ABIZhtJcN4AaABAg,,False,@boboaw,YASSSS IM SO EXCITED WHO ELSE?!?!          👇,1,2024-03-15T22:58:37Z,2024-03-15T22:59:00Z
UgzcStB9k3oq54JMakV4AaABAg,,False,@Sprinkle_blink,"I miss you unnie s blackpink sing and Jennie ,lisa rap rose vocal 😢😢😢",1,2024-03-15T22:54:16Z,2024-03-15T22:54:16Z
UgyCc5tU-WPggSZyXk14AaABAg,,False,@camisrolemberg_bffs,"제니, 지수, 로즈 그리고 리사 저는 여자예요 저는 아버지 계정에 있어요 당신 노래를 좋아해요 중독됐어요",0,2024-03-15T22:52:00Z,2024-03-15T22:52:00Z
Ugyb4D6V6uVfkeRHSi14AaABAg,,False,@스트레이키즈_한지성,"I miss you all my queens 
I am waiting for your return in 2024",0,2024-03-15T22:51:29Z,2024-03-15T22:51:29Z
UgyjRA6yJ0kndNa7a9p4AaABAg,,False,@BpCatjennie,Wow looks amazing i am so proud of you guys first you were a small unpopular group now you are the one of the biggest kpop groups in the would❤❤,0,2024-03-15T22:47:23Z,2024-03-15T22:47:23Z
UgwXAgsYThG90sfccfR4AaABAg,,False,@witheredxd273,They remembered their password 😭😭,0,2024-03-15T22:44:12Z,2024-03-15T22:44:12Z
UgyPDieFc11ikEsvv-R4AaABAg,,False,@moon6322,Solo 1B🎉🎉🎉🎉🎉🎉,0,2024-03-15T22:38:26Z,2024-03-15T22:38:26Z
UgzNZK9QvfIzgzLFuQN4AaABAg,,False,@муррррзик,"Ждем вашего камбека!!
여러분의 택시기사를 기다리고 있습니다!!❤❤❤",1,2024-03-15T22:32:23Z,2024-03-15T22:32:23Z
UgzuauOtawdMI3p6ka14AaABAg,,False,@baharsaidi,❤❤❤,0,2024-03-15T22:27:39Z,2024-03-15T22:27:39Z
UgyYUlJIMir6Ysu5ZTJ4AaABAg,,False,@BLACKPINK44480,"Who can tell me where blackpink disband....?

BLACKPINK PLEASE NEVER DISABND BECAUSE YOU MAKE ME HAPPY IN EVERYTIME IAM SAD❤❤❤❤ PLEASE DON'T DISABND ❤❤ SEND ONE SONG I WELL MISS YOU!",0,2024-03-15T22:15:28Z,2024-03-15T22:15:28Z
Ugydkqd7snzdWEF5zZ14AaABAg,,False,@Jungkookkie0109,Saquen musica eso no,0,2024-03-15T22:11:56Z,2024-03-15T22:11:56Z
UgwL8qQP_j5aUbD2zcd4AaABAg,,False,@Bragi-t2u,"como assim? sou brasileiraaaa, amo o blackpink",0,2024-03-15T22:11:37Z,2024-03-15T22:11:37Z
Ugw50VvH9qXhxK0FkGB4AaABAg,,False,@JamialoveTriplett333,곧 콘서트까지 기다릴 수 없어,1,2024-03-15T22:09:50Z,2024-03-15T22:09:50Z
Ugxln4IczYBaYJQOq4B4AaABAg,,False,@Bangtans-m7x,"Who loves Blackpink here 
👇",0,2024-03-15T22:02:59Z,2024-03-15T22:02:59Z
UgyF29ZWSNn6K7eYVT54AaABAg,,False,@Bangtans-m7x,I love you 🖤BLΛƆKPIИK💗 ❤❤❤❤다게스탄에서 콘서트를 할 때 사랑해 너는 최고야 😘 사랑해,0,2024-03-15T22:01:53Z,2024-03-15T22:01:53Z
UgzjU22PU0fi8P7vD1V4AaABAg,,False,@Sara-ig8by,BLACKPINK 당신의 지역에서🖤💖🖤💖🖤💖🖤💖🖤💖🖤💖🖤💖✨✨✨✨✨,1,2024-03-15T21:46:48Z,2024-03-15T21:46:48Z
UgyKOfMK3BeUc7hzuvd4AaABAg,,False,@L0v3Liza,YES,0,2024-03-15T21:44:53Z,2024-03-15T21:44:53Z
Ugy-qrS6j1QCMInZpN94AaABAg,,False,@H.a.l.a170,I love you Black Bank,0,2024-03-15T21:42:57Z,2024-03-15T21:42:57Z
UgxPa_81egQEcOBTT1R4AaABAg,,False,@Aleena554,Will blackpink come back? And become world top again?,0,2024-03-15T21:39:27Z,2024-03-15T21:39:27Z
UgyyMIujuctz2qBEaUt4AaABAg,,False,@BrittanyMusgrave-EvansMusgrave,LOVE YOU BLACKPINK 🖤💗🖤💗🖤💗🖤💗🖤💗🖤💗🖤💗🖤💗🖤💗🖤💗🖤💗🖤💗🖤💗🖤💗🖤💗🖤💗🖤💗🖤💗🖤💗🖤💗🖤💗🖤💗🖤💗🖤💗💃💃💃💃💃💃💃💃💃💃💃💃💃💃💃💃💃💃💃💃💃💃💃💃💃💃💃,0,2024-03-15T21:39:26Z,2024-03-15T21:39:37Z
Ugy3gQGJgaX2ejgDqOp4AaABAg,,False,@akmalpaximov1730,I miss you blackpink 😢😢❤❤❤💋😞😢🥹🥹🥺🥺😓☹️☹️🥺🥺🥺😭😭😭,1,2024-03-15T21:37:40Z,2024-03-15T21:37:40Z
Ugy9hF2b42UPXnbtneV4AaABAg,,False,@Lisoo_official.,"We are missing you! I'm waiting for a comeback, our queens 🩷🖤",0,2024-03-15T21:35:51Z,2024-03-15T21:35:51Z
UgwP6029jHhNMqutyMt4AaABAg,,False,@MouradToubal-r7r,❤❤,0,2024-03-15T21:35:17Z,2024-03-15T21:35:17Z
UgxjFRuhju6FEPBbbhJ4AaABAg,,False,@Anyarrrra,BlackPink is a REVOLUTION❤❤❤,0,2024-03-15T21:34:00Z,2024-03-15T21:34:00Z
UgwYHCTR5t2wjZ1M--d4AaABAg,,False,@Mpatel1217,We miss you our queens,0,2024-03-15T21:32:32Z,2024-03-15T21:32:32Z
Ugz46SJ61cS_e8mVeIB4AaABAg,,False,@Nebakanamk,"TURKİKSH TEAM
👇🏻
👇🏻
👇🏻",1,2024-03-15T21:31:42Z,2024-03-15T21:31:42Z
Ugysgs0EMorbBjkJsf54AaABAg,,False,@tvciencias2.0,Here,0,2024-03-15T21:31:41Z,2024-03-15T21:31:41Z
Ugzp8gTDdqhzHvek2XV4AaABAg,,False,@StorMiizumi,I love this is so beautiful and shining i miss u guys im waiting for the comeback <3,0,2024-03-15T21:28:09Z,2024-03-15T21:28:09Z
Ugxe9JNfjzRjClY-4DR4AaABAg,,False,@claudiabalanelena6636,😊😊,0,2024-03-15T21:17:00Z,2024-03-15T21:17:00Z
UgwxJgEyJ98zThd4jO94AaABAg,,False,@Zenko_XD2,No selo pongan se ben bien como estan los martillos porfabor pero si les gustan a mí tanbien❤❤,1,2024-03-15T21:13:55Z,2024-03-15T21:13:55Z
UgwST53X2rzAILwx7nN4AaABAg,,False,@مومو-ي6ط,Love 💕 Black Plink😢,0,2024-03-15T21:12:57Z,2024-03-15T21:12:57Z
UgwPv0gW_R229G_F8lN4AaABAg,,False,@Yk_Ret,AHHHH IS THIS LIKE A CLOTHES STORE OR A CARTOON WHAT IS IT PLS TELL ME,0,2024-03-15T21:11:02Z,2024-03-15T21:11:02Z
UgwW_NKnJR4PcVIgPht4AaABAg,,False,@MLU-v1l,❤ BLACKPINK,1,2024-03-15T21:07:41Z,2024-03-15T21:07:41Z
UgwsnLh6vLggdXnLgAF4AaABAg,,False,@BP_soulmate,"B-Call, 16.03.2024",0,2024-03-15T21:07:00Z,2024-03-15T21:07:00Z
UgxC4xFnAFcJmuVVkrF4AaABAg,,False,@Tayyab2Yt,"hi black pink
my name is fiza I love you jisoo,Lisa,   Jannie and Rose 🌹 so beautiful you lm your Bilnk❤️😍and Ramzan Mubarak 🇵🇰🇵🇰🇵🇰🇵🇰🇵🇰🇵🇰🇵🇰🇵🇰🇰🇷🇰🇷🇰🇷🇰🇷🇰🇷🇰🇷🇰🇷",1,2024-03-15T21:03:37Z,2024-03-15T21:11:15Z
UgyPvorNcbgOfiLA7nx4AaABAg,,False,@leeknow_v,I’m so excited❤❤❤❤,1,2024-03-15T21:01:16Z,2024-03-15T21:01:16Z
Ugy9BUJJOsnase8BnOd4AaABAg,,False,@idk1064,We miss you queens,0,2024-03-15T21:00:10Z,2024-03-15T21:00:10Z
UgyZy3W4acgaoEaDfYN4AaABAg,,False,@Wintersjoyyy,너희들 음악 너무 사랑해🖤🩷,0,2024-03-15T20:50:55Z,2024-03-15T20:50:55Z
Ugw27sZ56mJE9ohqFcV4AaABAg,,False,@owlili,Bbgs cb when?,0,2024-03-15T20:50:21Z,2024-03-15T20:50:21Z
UgydmvjvX7NlGdNlYUp4AaABAg,,False,@Lisa.JinLii,УРААААААА ❤❤❤,0,2024-03-15T20:48:48Z,2024-03-15T20:48:48Z
UgxJ9PsJLiBO4f1OCJd4AaABAg,,False,@crazycat5629,Blackpink comeback when???,0,2024-03-15T20:43:23Z,2024-03-15T20:43:41Z
Ugw3nk2Zreah3p-Gu9Z4AaABAg,,False,@AmerieMadden488,You guys have a post anything in a while but we still love you blinks forever❤❤❤❤,0,2024-03-15T20:40:20Z,2024-03-15T20:40:20Z
UgyKIp0IS-AOAAe9dqF4AaABAg,,False,@Jay21842,❤,0,2024-03-15T20:39:05Z,2024-03-15T20:39:05Z
Ugz3aAGuyA658pxc0hR4AaABAg,,False,@dmitriiturcan2812,We love you Blackpink pls do a new song who want too blinks?!))),0,2024-03-15T20:33:03Z,2024-03-15T20:33:48Z
UgzKHGAoxZ5La8lOOi94AaABAg,,False,@AsmaKouki-j5f,I love you blak pink sooo mach ❤❤❤❤❤❤❤❤❤❤❤❤❤❤,0,2024-03-15T20:32:22Z,2024-03-15T20:32:22Z
Ugxpx7G7354C7g4V5Ct4AaABAg,,False,@Blink_bp_2016,We miss you black pink 🖤🩷 Can't wait to see you four together again😊 Blink forever ♾️🖤🩷❤❤❤❤,0,2024-03-15T20:32:21Z,2024-03-15T20:32:21Z
Ugy6z9r5W_V3MKPFSZ14AaABAg,,False,@ashleycruz3992,🖤BLΛƆKPIИK💗,1,2024-03-15T20:29:38Z,2024-03-15T20:29:38Z
UgzBKWRg7AY-U4pSeVN4AaABAg,,False,@__BLink622,Il y a des français ? Like si oui 😊,0,2024-03-15T20:25:18Z,2024-03-15T20:25:18Z
UgzekxpAFKHEQTFG9ip4AaABAg,,False,@K-popevi,I love you blackpinkkkkkkkk❤❤❤❤❤❤❤❤❤❤❤❤❤❤❤❤❤❤❤❤❤,0,2024-03-15T20:24:12Z,2024-03-15T20:24:12Z
UgwbcO7769y6eEY3m-l4AaABAg,,False,@__LALISA__WORLDWIDENUMBERONE,Their so powerful together,1,2024-03-15T20:22:39Z,2024-03-15T20:22:39Z
UgxmJgRHMEEJCH-2VNp4AaABAg,,False,@Eliurfavgirlieeee,Guys it’s a comeback?,0,2024-03-15T20:19:25Z,2024-03-15T20:19:25Z
Ugz6yb-69xoHN5o2Kr94AaABAg,,False,@mac50690,"We , Blinks, are eagerly waiting to have your comeback. Take your time and have a gorgeous comeback. Don't forget one of the biggest and greatest fandom BLINKS are waiting here❤ @ Blackpink ❤",0,2024-03-15T20:19:17Z,2024-03-15T20:19:17Z
UgyK4Rk42humpZJ6EaJ4AaABAg,,False,@maryandacar5612,Oh how I love blackpink 🖤💗,0,2024-03-15T20:18:30Z,2024-03-15T20:18:30Z
UgwUesYMIlYWLnr3_894AaABAg,,False,@K-TUBERfavorita,Q saudades de vcssss 🙏🙏😖😖😖😖 n me a bandona blacpink 🙏🥺,0,2024-03-15T20:15:17Z,2024-03-15T20:15:17Z
Ugy2RpH4etMgnaalmLV4AaABAg,,False,@Weetabixoxo,Miss you guys! i'll be waiting for your comeback,0,2024-03-15T20:15:17Z,2024-03-15T20:15:17Z
Ugxyac3sguU22xBKZhx4AaABAg,,False,@28Amelia28,OMG 2024 BLACKPINK ❤🎉,1,2024-03-15T20:11:43Z,2024-03-15T20:11:43Z
UgxFK6E-ig2NWP3Hnu94AaABAg,,False,@Amparo.contreras,Porfin volvieron!!!!❤❤❤❤❤❤❤❤❤❤❤,0,2024-03-15T20:11:02Z,2024-03-15T20:11:02Z
UgyiR0F_trJHAyI6LMF4AaABAg,,False,@حموديخالد-ت6ط,"BLACKPINK , MISS YoU SOMUCH  Love ❤❤❤ 😂",0,2024-03-15T20:08:58Z,2024-03-15T20:08:58Z
UgwLnJcV_05vSxHi9RV4AaABAg,,False,@Adnan_Kryeziu,"Blinks can only like (and yes I liked my own comment and im a blink)
👇🏻",1,2024-03-15T20:08:18Z,2024-03-15T20:08:18Z
UgxJZF3fJvj0fUKFo7B4AaABAg,,False,@Fausti_123,My queenss finally I know something about you❤❤I'm waiting for your new comebacks❤❤❤❤love youuuu,0,2024-03-15T20:08:14Z,2024-03-15T20:08:14Z
UgwMKKL3KIr1Z7v7UyJ4AaABAg,,False,@annasokolgym,Wow❤😍🤗🎤,0,2024-03-15T20:07:33Z,2024-03-15T20:07:33Z
Ugw4aN4R4XC-TjBt7uF4AaABAg,,False,@Helps_Lisaa,Viva blackpink,0,2024-03-15T20:07:31Z,2024-03-15T20:07:31Z
Ugy-mGCGLK19gCawC7J4AaABAg,,False,@jennie_655,ما افهمت شوفي؟؟؟؟,0,2024-03-15T20:00:46Z,2024-03-15T20:00:46Z
Ugypy2o8y7Gedy9-Z-B4AaABAg,,False,@lisxnis,Lisa I love you<3💗😻💌🎀,1,2024-03-15T19:59:48Z,2024-03-15T19:59:48Z
Ugze_SBjGJlObOonnsx4AaABAg,,False,@Reyhann_krkmz,Sizi çok seviyorum ❤❤❤,1,2024-03-15T19:58:25Z,2024-03-15T19:58:25Z
UgxTHPNqvISQc67M_vJ4AaABAg,,False,@BLACKPINKXBP123,and I don't even have the original  👊😔,0,2024-03-15T19:58:00Z,2024-03-15T19:58:00Z
UgyQvfrVx9qeCzYYyZR4AaABAg,,False,@EDA_BEN0lili,"BLACKPİNK BEST GG 
JENNİE BEST RAPPER
JİSOO BEST VİSUALIST
ROSE BEST VOCALIST
LİSA BEST DANCER






🖤🩷🖤🩷🖤🩷🖤🩷🖤🩷🖤🩷🖤🩷🖤🩷🖤🩷🖤🩷🖤🩷🖤🩷🖤🩷🖤🩷🖤🩷🖤🩷🖤🩷🖤🩷🖤🩷🖤🩷🖤🩷🖤🩷🖤🖤🩷",1,2024-03-15T19:55:38Z,2024-03-15T19:55:38Z
UgzkAD-IsGMfG6AdckV4AaABAg,,False,@روفانابراهيمبركات,Love BLACK pink 🖤💗,0,2024-03-15T19:54:57Z,2024-03-15T19:54:57Z
UgxPpk6SuVE_pIw6PsN4AaABAg,,False,@noraghanen8194,Miss u 4 Queens i waitin for u and a concert in Amsterdam,0,2024-03-15T19:54:03Z,2024-03-15T19:54:03Z
UgzTnCROanC-13eDtzp4AaABAg,,False,@Samuel-q8i7j,❤❤,0,2024-03-15T19:50:27Z,2024-03-15T19:50:27Z
Ugx-NTgtzLlagjjyQet4AaABAg,,False,@Jeonghan_stan13,I miss my queen's 💖🖤💫,0,2024-03-15T19:49:36Z,2024-03-15T19:49:51Z
UgyeSMgnkaJI2ZfeGwh4AaABAg,,False,@Cinamorollxl,Miyoen😢🥺😭,0,2024-03-15T19:48:28Z,2024-03-15T19:48:28Z
Ugxn6z8dmUgMiWZ9ARh4AaABAg,,False,@vania66849,Queens we miss you 🥺💕🖤,0,2024-03-15T19:47:53Z,2024-03-15T19:47:53Z
UgyKmcAmVwtTWwlL7YB4AaABAg,,False,@eminegrl048,"Who love BLACKPİNK
🩷🖤
👇",0,2024-03-15T19:39:21Z,2024-03-15T19:39:21Z
Ugzz3XGGmXAXb25EFPZ4AaABAg,,False,@Iveiks_love,Боже наши блек пинк мы так скучаем по вам❤,0,2024-03-15T19:39:12Z,2024-03-15T19:39:12Z
Ugz95_urKMKrC9Toakp4AaABAg,,False,@Slaygirly1919,Our Jennie Kim Unstoppable  our Lisa monbol queen our jisoo Kim star our park rose our Rosie rose for life,0,2024-03-15T19:37:37Z,2024-03-15T19:37:37Z
UgwHUMynyztGpWjSvPN4AaABAg,,False,@thelifeofluk,Yoopie! Lots of luv 💕💕💕,0,2024-03-15T19:37:22Z,2024-03-15T19:37:22Z
UgwvgPaFqhG37PHTi3V4AaABAg,,False,@Lizardbreff,Can't wait to see Part 2 of the collab! I've got the website bookmarked for the March 25 drop date. 🤗,0,2024-03-15T19:35:36Z,2024-03-15T19:35:36Z
Ugw52Jpngs4MRQ26c5p4AaABAg,,False,@User-t-7uionsbd,We missed you BLACKPINK 😢,1,2024-03-15T19:33:34Z,2024-03-15T19:33:34Z
Ugx0RT4gZU7HVGJYD-14AaABAg,,False,@miamuraaaaa10000,❤❤❤❤❤❤❤❤❤❤❤❤❤❤❤❤❤❤❤❤❤❤❤❤❤❤❤❤❤❤❤❤❤❤❤❤❤❤❤❤❤❤❤❤❤❤❤❤❤❤❤❤❤❤❤❤❤❤❤❤❤❤❤❤❤❤❤❤❤❤❤❤❤❤❤❤❤❤❤❤❤❤❤❤❤❤❤❤❤❤❤❤❤❤❤❤❤❤❤❤❤❤❤❤❤❤❤❤❤❤❤❤❤❤❤❤❤❤❤❤❤❤❤❤❤❤❤❤❤❤❤❤❤❤❤❤❤❤❤❤❤❤❤❤❤❤❤❤❤❤❤❤❤❤❤❤❤❤❤❤❤❤❤❤❤❤❤❤❤❤❤❤❤❤❤❤❤❤❤❤❤❤❤❤❤❤❤❤❤❤❤❤❤❤❤❤❤❤❤❤❤❤❤❤❤❤❤❤❤❤❤❤❤❤❤❤❤❤❤❤❤❤❤❤❤❤❤❤❤❤❤❤❤❤❤❤❤❤❤❤❤❤❤❤❤❤❤❤❤❤❤❤❤❤❤❤❤❤❤❤❤❤❤❤❤❤❤❤❤❤❤❤❤❤❤❤❤❤❤❤❤❤❤❤❤❤❤❤❤❤❤❤❤❤❤❤❤❤❤❤❤❤❤❤❤❤❤❤❤❤❤❤❤❤❤❤❤❤❤❤❤❤❤❤❤❤❤❤❤❤❤❤❤❤❤❤❤❤❤❤❤❤❤❤❤❤❤❤❤❤❤❤❤❤❤❤❤❤❤❤❤❤❤❤❤❤❤❤❤❤❤❤❤❤❤❤❤❤❤❤❤❤❤❤❤❤❤❤❤❤,0,2024-03-15T19:30:51Z,2024-03-15T19:30:51Z
Ugw4ZoOMdD9QivKADTZ4AaABAg,,False,@Luz_TwT.,4 queens of corea,0,2024-03-15T19:29:12Z,2024-03-15T19:29:12Z
Ugx-7EXkEbmjttqJU9t4AaABAg,,False,@ines_aesthetic,Blackpink mis patrones y la 🧀 💅,0,2024-03-15T19:28:55Z,2024-03-15T19:28:55Z
UgxwKM-LWGqCQApKJlx4AaABAg,,False,@larayarram,Paşamın aklına video atmak geldi,0,2024-03-15T19:27:13Z,2024-03-15T19:27:13Z
UgwuOeI9FmXsW_iHEzB4AaABAg,,False,@arafal1503,Blackpink is the revolution,0,2024-03-15T19:26:24Z,2024-03-15T19:26:24Z
Ugzokb3SK0kp_QCdXkB4AaABAg,,False,@L_O_O_N,Ooo,0,2024-03-15T19:25:26Z,2024-03-15T19:25:26Z
Ugx-HpynvfSLLp4axsB4AaABAg,,False,@bulutbulut4071,"I missed you guys so much❤❤❤
Blackpink in your area
Blackpink is tihe revolition",1,2024-03-15T19:23:20Z,2024-03-15T19:23:20Z
UgyGQiyF0Isz2Sg295B4AaABAg,,False,@tokiohotel26,They didn't disband?,0,2024-03-15T19:23:16Z,2024-03-15T19:23:16Z
UgwfC-APlrIzpPlvfN14AaABAg,,False,@mariammalb6479,Why yg can't make a shorts for jennie 1b view,0,2024-03-15T19:21:57Z,2024-03-15T19:21:57Z
UgzpA2V7taDTI6S9k_N4AaABAg,,False,@Fel_xx0,"블랙핑크 너무 사랑해, 네가 있어 기뻐, 네가 없으면 난 어떡하지?",0,2024-03-15T19:21:29Z,2024-03-15T19:21:29Z
UgzmsUbjOaNHr9NuD0B4AaABAg,,False,@pawsan214,када камбек,0,2024-03-15T19:21:12Z,2024-03-15T19:21:12Z
Ugy0EPZwM164yhf4t614AaABAg,,False,@ItssJustVivi,I love you Blackpink!!!,0,2024-03-15T19:20:55Z,2024-03-15T19:20:55Z
UgzWxDXurrC9XB9ghWh4AaABAg,,False,@noc7335,❤❤❤,0,2024-03-15T19:16:25Z,2024-03-15T19:16:25Z
UgzjNeF--WbVYIWoCcx4AaABAg,,False,@armyyyybts777,I LOVE THISSS SO MUCH BLINK FOREVER❤️❤️,0,2024-03-15T19:12:33Z,2024-03-15T19:12:33Z
UgzAsyAvjfbFgEyCv1R4AaABAg,,False,@i.luv.gingersss,Hopefully the queens have a come back this year!❤❤❤,0,2024-03-15T19:12:32Z,2024-03-15T19:12:32Z
UgxtuX80tYCp_67FNUB4AaABAg,,False,@aybergadali6239,I LOVE YOU ROSEE,0,2024-03-15T19:10:57Z,2024-03-15T19:10:57Z
UgzEcu9G23hjMDrVYiN4AaABAg,,False,@sanni-sofia5118,Blackpink!🥹🖤🩷,0,2024-03-15T19:10:40Z,2024-03-15T19:10:40Z
UgwmUTajKsA0hVWSsPB4AaABAg,,False,@IblinkE.stAy45,"Authentic Blink here 
I miss you guys and your songs, and I'm looking forward to this year's comeback I will always support and love you, K-Pop queens. K-Pop is truly tasteless without you💗💗✨💗🖤💗🖤 
Blink forever✨",220,2024-03-15T19:10:36Z,2024-03-15T19:10:36Z
UgwmUTajKsA0hVWSsPB4AaABAg.A10Sqrt-D2KA13P_RsC0NX,UgwmUTajKsA0hVWSsPB4AaABAg,True,@ava69.donttouchmytailxX,@@_juel15fr! One of my favourites gotta be hope not <3,2,2024-03-16T22:39:44Z,2024-05-04T12:05:28Z
UgwmUTajKsA0hVWSsPB4AaABAg.A10Sqrt-D2KA16jgxNcWiZ,UgwmUTajKsA0hVWSsPB4AaABAg,True,@IblinkE.stAy45,"@@_juel15 Yes, I agree with you, one of my favorite old songs is as if it's your last It's special😵",1,2024-03-18T05:41:59Z,2024-05-04T10:03:39Z
UgyBeE41xrUIcB3QKFJ4AaABAg,,False,@Sergio-w6u,PLEASE QUEENS COMEBACKKK I MISS YOU😍😍❤️😍❤️😍❤️😍❤️😍❤️😍💟😍😍💟💟😍❤️😍😍😍😍♥️😍♥️😍♥️😍😍♥️😍♥️😍♥️😍♥️😍♥️😍♥️😍♥️♥️😍♥️♥️😍♥️😍♥️😍♥️😍♥️😍♥️😍😍♥️😍♥️😍♥️😍♥️😍💟😍❤️😍❤️😍😍❤️❤️😍❤️😍😍♥️😍♥️😍♥️😍♥️😍♥️😍♥️😍😍♥️♥️😍😍♥️😍♥️😍♥️😍😊,0,2024-03-15T19:05:32Z,2024-03-15T19:05:32Z
UgxMsUNWpbi3wCw8Yml4AaABAg,,False,@RafiqMemmedov-k2s,🎉🎉🎉🎉🎉🎉,0,2024-03-15T18:58:25Z,2024-03-15T18:58:25Z
UgyQgLu8CbhZVWf4bx14AaABAg,,False,@nechiformama-nm4xo,우리 퀸들이 돌아온다!🫰♥️,2,2024-03-15T18:57:23Z,2024-03-15T18:57:23Z
Ugxo6voN26WuKSRtY294AaABAg,,False,@KhelifiMessaoud-yi3ox,그리스에는 언제 오시나요?? Pls tell me,0,2024-03-15T18:55:02Z,2024-03-15T18:55:02Z
UgwM2bNzfCeUk3p65it4AaABAg,,False,@Catlover_Me,I luv blackpink,1,2024-03-15T18:52:27Z,2024-03-15T18:52:27Z
UgwFU-SjQ3H29PTwGip4AaABAg,,False,@sophiesejourne9908,Trop bien ❤❤❤❤❤❤❤❤,0,2024-03-15T18:51:06Z,2024-03-15T18:51:06Z
UgzRTpCbZWJOyaFTyTp4AaABAg,,False,@BS12394,Pls dont stop with blackpink i love you soooo much❤❤❤❤❤,0,2024-03-15T18:47:48Z,2024-03-15T18:47:48Z
UgxC-MlEyvldzScxPPt4AaABAg,,False,@Marya-Dee_official_k-pop,Я не поняла на что это намек,0,2024-03-15T18:45:42Z,2024-03-15T18:45:42Z
UgwWiULwoj0R2fcV0I14AaABAg,,False,@Lalisabp7,Blackpink Ben Azərbaycanlı yan və Blackpink ə Asiqammm❤❤❤❤❤ Sabitlermisin❤,0,2024-03-15T18:43:09Z,2024-03-15T18:43:09Z
UgwGX-L6-ySZ83XQ1P54AaABAg,,False,@Burcummm-baklavamm,4Queen Blackpinkkkkkk❤❤❤❤❤❤aaaaaaaa❤❤,0,2024-03-15T18:42:23Z,2024-03-15T18:42:23Z
Ugxic-E_F6gxnnWH62x4AaABAg,,False,@HaniyaAlagori,Imiss you black pink the best kpop qeens 🖤💓,1,2024-03-15T18:42:16Z,2024-03-15T18:42:16Z
Ugw_2A5S_687TZ7VCKx4AaABAg,,False,@royal.L,❤❤❤❤❤❤❤❤❤❤❤❤❤❤❤❤,0,2024-03-15T18:41:14Z,2024-03-15T18:41:14Z
UgwZ2YV55igmKPBQAjN4AaABAg,,False,@pr8941,Comeback please,0,2024-03-15T18:40:45Z,2024-03-15T18:40:45Z
UgwZDsoabE2W6kO0eZN4AaABAg,,False,@NiyayeshKhezri-so3vq,❤❤❤❤❤❤❤❤,0,2024-03-15T18:40:43Z,2024-03-15T18:40:43Z
UgyyHD-ujxbJ32qOOIJ4AaABAg,,False,@Omeryildiz04,Turkisi bilinks  are waiting you,0,2024-03-15T18:40:29Z,2024-03-15T18:40:29Z
Ugxm9fA8N6U5CH_xsKd4AaABAg,,False,@Iamsamm07,Jejejeje kiowo~💗,0,2024-03-15T18:40:26Z,2024-03-15T18:40:26Z
UgxENw4J3_UYZgg4iS54AaABAg,,False,@Rosemm_144,BLACKPINK I LOVE MY FROM TURKEY ♡♡♡♡♡♡♡♡♡♡♡♡♡♡♡♡♡♡♡♡♡♡♡♡♡♡♡♡♡I♡♡♡LOVE♡♡♡♡♡ MY BLINK❤,0,2024-03-15T18:40:07Z,2024-03-15T18:40:07Z
Ugw_9luYLgkF9Ynd4AZ4AaABAg,,False,@minicovbab,Jennie solo 1 bilion! #,0,2024-03-15T18:39:33Z,2024-03-15T18:39:33Z
Ugya5seGtBdlFujO7uB4AaABAg,,False,@zinrebaz,I missid u guys ❤❤❤❤,0,2024-03-15T18:36:57Z,2024-03-15T18:36:57Z
UgxgAMLtOaDHrxBXhOd4AaABAg,,False,@lexi_theorthodox,I MISS YOU MY BEAUTIES,0,2024-03-15T18:35:52Z,2024-03-15T18:35:52Z
UgywcZyJybX_LXdVeWR4AaABAg,,False,@Papatya_595,Woooooooooow,0,2024-03-15T18:35:35Z,2024-03-15T18:35:35Z
Ugw9Bdw1CBkPZ5mDApR4AaABAg,,False,@Madina17r,Жаль что лайтик будет другой а то у меня вот этот с сердечками есть и теперь придестья новый покупать с 1 стороны прекрасно что что то новое но с другой надо новый покупать блэкпинк ❤❤❤❤❤🖤🖤🖤🖤🖤🖤🖤🖤🩷🩷🩷🩷🩷🩷🩷🩷🩷🖤🩷🖤🩷🖤🩷🖤🩷🖤🩷🖤🩷🖤🩷🖤🩷🖤🩷🖤🩷🖤🩷🖤🩷🩷🖤🖤🖤🖤🩷🩷🩷🩷🩷🖤🩷🖤🩷🖤🖤🖤🖤🩷🩷🩷🖤🩷,0,2024-03-15T18:34:09Z,2024-03-15T18:34:09Z
Ugyidr0OJArmaqIgH_B4AaABAg,,False,@Benjam-wh1sb,BLACKPINK BEST GG!!!!,0,2024-03-15T18:30:56Z,2024-03-15T18:30:56Z
Ugz1RpAlMxAUg4np5WR4AaABAg,,False,@semracelikkol7929,Love   Blackpink 💓🖤💓🖤love,0,2024-03-15T18:29:03Z,2024-03-15T18:29:03Z
UgylSrrFW-WoD-vOfgZ4AaABAg,,False,@DelfinaMachadoBonizzatti,Van a volver ya ni es lo mismo sin su musica😢😢❤ son las reinas del k-pop,0,2024-03-15T18:26:41Z,2024-03-15T18:26:41Z
UgyjaklKGVmj4moRBRl4AaABAg,,False,@my_QUEEN.77,يايييييييي عودةةةة جديدةةةةة حماسسسسس مليووننن 😭🖤💗 لافيوووو بلاكيي انتو ملكات الكيبوبب 🥺✨️,0,2024-03-15T18:25:31Z,2024-03-15T18:25:31Z
UgyCsKglrwPkgth1uYp4AaABAg,,False,@Bxi.33,Is there a return??.,1,2024-03-15T18:25:17Z,2024-03-15T18:25:17Z
UgyEnw4yQcuaBdS0SLh4AaABAg,,False,@LisaLorenzo-me2go,사랑해요 틱톡에서 25일에야 봤어요❤❤❤❤❤❤❤❤❤❤❤❤❤❤❤,0,2024-03-15T18:24:41Z,2024-03-15T18:24:41Z
UgzMpZFMaxLyrTmy-9h4AaABAg,,False,@Zerya-c7d,LOVE BLACKPİNK❤❤❤❤❤🎉❤❤🎉🎉❤🎉❤🎉❤🎉❤🎉❤🎉❤,0,2024-03-15T18:24:16Z,2024-03-15T18:24:16Z
UgyDQJt85AEfOEITN_d4AaABAg,,False,@Derinsu11,❤❤❤ jennie I love you,0,2024-03-15T18:23:06Z,2024-03-15T18:23:06Z
UgxGsHBsClAu65sXLdF4AaABAg,,False,@Bunniee09,I miss Blackpink so much ❤,1,2024-03-15T18:21:28Z,2024-03-15T18:21:28Z
UgzHCdpv4nxmcaYWMp94AaABAg,,False,@wrwedalaonzi-ry8xr,احبكم,0,2024-03-15T18:21:25Z,2024-03-15T18:21:25Z
Ugzyf6PACTFkMO72jNZ4AaABAg,,False,@Elif73275,Blackpink in your area❤❤❤❤,0,2024-03-15T18:20:58Z,2024-03-15T18:20:58Z
Ugwt2dSdT8Hgps49qbR4AaABAg,,False,@Kapandi_79C,"❤❤❤❤❤❤
❤BlackPink❤
❤❤❤❤❤❤",0,2024-03-15T18:19:46Z,2024-03-15T18:19:46Z
UgxFf0PHnARbd6NGnmJ4AaABAg,,False,@HardevSingh-x8e,I miss u so much please come back renew your contract please we all love u so much😢❤❤,0,2024-03-15T18:19:08Z,2024-03-15T18:19:08Z
UgzBmQfDYMGZyCLROJJ4AaABAg,,False,@HeyyAhFer326,"Jisoo: al ways on me and flower ❤❤❤❤❤
Lisa: money and Lalisa❤❤❤❤❤
Rose: gone yeah yeah yeah Heart to Love and on the gronud❤❤❤❤❤
Jennie: solo and you & me❤❤❤❤❤.",0,2024-03-15T18:18:13Z,2024-03-15T18:19:09Z
UgykeDa-pGfGWM0_Y4J4AaABAg,,False,@Elif-fk5zd,WHO WILL SUPPORT BLACKPINK AND THE FOUR GIRLS?,0,2024-03-15T18:16:51Z,2024-03-15T18:16:51Z
UgyH6RYG5xr1Wec47v14AaABAg,,False,@lee777know,Cb istiyoz cb,0,2024-03-15T18:16:50Z,2024-03-15T18:16:50Z
UgwSKg1FQLXdA3GNjt54AaABAg,,False,@313-Rania,❤❤❤ Love ❤ 😊,0,2024-03-15T18:15:57Z,2024-03-15T18:15:57Z
UgzVoe9Dtib9B1kjphZ4AaABAg,,False,@kpopowy_shake,Blackpink i love you so😭❤️,0,2024-03-15T18:13:08Z,2024-03-15T18:13:08Z
UgwghF-sVSYVnfyJ8xx4AaABAg,,False,@-xli_.d5,i love you rose💞💞💞💞💞💞💞🤏😼🤍🤍🌟,1,2024-03-15T18:12:58Z,2024-03-15T18:12:58Z
Ugz-c0l05zcbpQCnsiF4AaABAg,,False,@ДианаЛатыпова-и5ж,You are the best!💗вы самые лучшие!💗sei il migliore!💗вы самыя лепшыя!أنت الأفضل!💗💗,0,2024-03-15T18:12:03Z,2024-03-15T18:12:03Z
Ugz4vFm0YvmG7xAcjmt4AaABAg,,False,@Kianzys,E o comeback?,0,2024-03-15T18:10:54Z,2024-03-15T18:10:54Z
Ugw2B1CoPfdxXg2MTe94AaABAg,,False,@Nowshin-w2i,💖💖💖,0,2024-03-15T18:08:24Z,2024-03-15T18:08:24Z
UgwDoWIsER0yPSQ2-U94AaABAg,,False,@chae-nie8009,I love you blackpink 🖤💗(blackpink in your area),0,2024-03-15T18:08:04Z,2024-03-15T18:08:04Z
UgzCS34Wpct9Wockq9J4AaABAg,,False,@Youngbokswife,OMG u girls are my favorite group of all time i love you sooooo Much and i hope i Can come to ur conserts i love u Jennie jisoo rosé and Lisa ❤❤❤❤❤❤❤,0,2024-03-15T18:07:15Z,2024-03-15T18:07:15Z
UgwsqEVqFmODC1mRrlF4AaABAg,,False,@SavageGirllie,I LOVE YOUUUUUUU,0,2024-03-15T18:05:53Z,2024-03-15T18:05:53Z
UgyIZ7atQh4TMESn3lF4AaABAg,,False,@roseannepark5197,I LOVE YOU BLACKPINK,0,2024-03-15T18:02:04Z,2024-03-15T18:02:04Z
Ugy4f4QVNoGf4MT090V4AaABAg,,False,@Rana_2833,Hello BLACPİNK,0,2024-03-15T18:00:07Z,2024-03-15T18:00:07Z
UgwiIYJ0ZOnJuc6tVpd4AaABAg,,False,@saidsadiqov8258,Only a words .....4 queen GREAT,0,2024-03-15T17:59:49Z,2024-03-15T17:59:49Z
UgxxrJqH1xqNnSCVRCp4AaABAg,,False,@kviirzz,Blacpink ❤❤,0,2024-03-15T17:59:31Z,2024-03-15T17:59:31Z
UgxG7IPiay5pWcfhH_p4AaABAg,,False,@ElizaAemeniaHayastanharut,Where is Black pinks concert please say me where and when it is❤❤❤❤❤❤,0,2024-03-15T17:57:42Z,2024-03-15T17:57:42Z
UgxTie3HPCudfn2Oa4R4AaABAg,,False,@domee1658,"Blackpink we love you, we always be waiting for you 🖤🩷",0,2024-03-15T17:54:46Z,2024-03-15T17:54:46Z
UgxSnVUOOhnZnjrNPjx4AaABAg,,False,@amitbhandari545,Who miss our queens👑,0,2024-03-15T17:54:25Z,2024-03-15T17:54:25Z
UgzvvAe_RIb-NMVl2QJ4AaABAg,,False,@Helen-y1q5e,❤❤❤,0,2024-03-15T17:53:58Z,2024-03-15T17:53:58Z
UgxjthKERcxQD5fGwAt4AaABAg,,False,@Hallo_.ti6,BLACKPINK FOREVER IN UR AREA,0,2024-03-15T17:53:41Z,2024-03-15T17:53:41Z
UgwZoGDwS3Jf4Yc2rJh4AaABAg,,False,@Hallo_.ti6,OMGG BLACKPINK IN YOUR AREA,0,2024-03-15T17:53:30Z,2024-03-15T17:53:30Z
Ugyh8FNnxaRcafISFX54AaABAg,,False,@EmiliaAngel22,😮😮😮😮😮😮😮😍😍😍😍🤩🤩🤤🥳🥳🥳🥳🥳😱😱😱😱😱😱😱😲😲😲😲😲🤯🖤💗🖤💗🖤💗🖤💗🖤💗 This is brutal,0,2024-03-15T17:50:00Z,2024-03-15T17:50:00Z
UgzD58xZyTlTyI2EZI94AaABAg,,False,@Kpoplover12348,Pls come back pls,0,2024-03-15T17:49:56Z,2024-03-15T17:49:56Z
UgyIWDYQTMHK-MEjQ7Z4AaABAg,,False,@DimaAlsaied,It looks so creative 😻,0,2024-03-15T17:48:45Z,2024-03-15T17:48:45Z
UgycXKL2Wd_a4wBiMVp4AaABAg,,False,@reejakrishnadas6054,"Who will support BLACKPINK, raise your hands 🖐️ 
🖤💗 BLACKPINK IS A REVOLUTION 🖤💗",1,2024-03-15T17:45:35Z,2024-03-15T17:45:35Z
UgyLoi_YyK_EStM9nT54AaABAg,,False,@thisami-e9y,"А что будет? скажите пожалуйста, я просто не знаю английский и не понимаю о чем речь идёт, скажите пожалуйста я буду очень благодарна❤❤❤",0,2024-03-15T17:44:42Z,2024-03-15T17:44:42Z
Ugyai1QucmNaZJK96pV4AaABAg,,False,@aya_kk1136,BLACKPINK IN YOUR AREA✨,0,2024-03-15T17:44:40Z,2024-03-15T17:44:40Z
UgzYkeJ7b1qUSlY0NAt4AaABAg,,False,@PINKY_407,💓BLACKPINK FOREVER BLINK STAY🖤4 QUEENGIRL STAY WITH BLINK 🖤💓,1,2024-03-15T17:43:51Z,2024-03-15T17:43:51Z
Ugyw8cPggdPT6cB-Ua14AaABAg,,False,@ahlamaghbalou7142,Jennie my bias,0,2024-03-15T17:43:31Z,2024-03-15T17:43:31Z
UgybOCV1c7ZlKd5UFDF4AaABAg,,False,@nklalhaokip5775,Miss you waiting for a huge comeback,0,2024-03-15T17:41:15Z,2024-03-15T17:41:15Z
UgwUJfOECO55B4JXjvN4AaABAg,,False,@the_queen2612,We missed you 😭❤❤,0,2024-03-15T17:40:41Z,2024-03-15T17:40:41Z
UgyUDH_rwuYPFe2GXB54AaABAg,,False,@ananas_miam,"Blackpink is the révolution 🩷🖤
We love u 💖
Miss u the Queens of K-pop ❤",0,2024-03-15T17:34:45Z,2024-03-15T17:34:45Z
UgwEgLyXxXRL0RjSL5x4AaABAg,,False,@K-POP-l3h,와우 ❤,0,2024-03-15T17:33:37Z,2024-03-15T17:33:37Z
UgwWzG_OfepZk7mZoVB4AaABAg,,False,@sibiafernandes886,Lindaaaas❤❤❤❤😊😊😊😊 amoooo elas ...,1,2024-03-15T17:33:27Z,2024-03-15T17:33:27Z
UgwtlK3q023otazeR4F4AaABAg,,False,@fl4wlessnie,We love you BLACKPİNK,0,2024-03-15T17:32:17Z,2024-03-15T17:32:17Z
UgxtVK6E9C0XgDnnwb94AaABAg,,False,@vanessajoseph7703,New comeback 🎉🎉🎉,0,2024-03-15T17:27:46Z,2024-03-15T17:27:46Z
UgwRxQR_Ncf2lJwwhbt4AaABAg,,False,@yaururur,OMG ?,0,2024-03-15T17:27:21Z,2024-03-15T17:27:21Z
Ugz2f_17iwnqFdyPh3Z4AaABAg,,False,@AreFranceGirls,*BLACKPİNK* is the *REVOLUTION✨*,1,2024-03-15T17:27:12Z,2024-03-15T17:27:30Z
UgyCJxufmeT6gcon5o54AaABAg,,False,@s.aquadri4723,❤❤,1,2024-03-15T17:26:59Z,2024-03-15T17:26:59Z
UgyflnG-AQSeasJUVBF4AaABAg,,False,@Itz_lyaaa,"✨🩷Black pink✨🖤
My loves!!! 
My life!!!! 
My heroes!!! 
My family!!! 
My queens!!! 
My 4 pretty princesses!!! 
My heart!! 
🖤BLΛƆKPIИK💗
🖤BLIИK💗",1,2024-03-15T17:26:38Z,2024-03-15T17:26:38Z
UgxGi7VAXy_2Tm4fQvR4AaABAg,,False,@shanayadhall,"Waiting for your comeback . I love you rose , lisa, jisso ,jennie",0,2024-03-15T17:26:21Z,2024-03-15T17:26:21Z
UgwUZI5jPxhLABeRpS94AaABAg,,False,@4blink_ljrj4,"I LOVE YOUUU BLACKPİNK 
LİSA~ROSE~JENNİE~JİSOO💋⭐️💖🫶🏻🤧😻🎀🌍🧸🖇",0,2024-03-15T17:25:49Z,2024-03-15T17:25:49Z
UgxIcR-JbEVMRGsfu5l4AaABAg,,False,@so_sa4203,"블랙핑크는 정말 꽃이다 
세계에서 가장 훌륭하고 유명한 여성 밴드 
암블링크 너와는 누구도 차별하지 않아 가장 유명한 두 밴드다🤍",1,2024-03-15T17:22:35Z,2024-03-15T17:22:35Z
UgxRIJE5cZMjmrbijd14AaABAg,,False,@Euwoo_birMARKADIR,"블랙핑크 정말 너무 사랑해요, 당신이 있어서 기뻐요❤      
I LOVE YOU",0,2024-03-15T17:21:20Z,2024-03-15T17:21:20Z
Ugy6cWeZWd0_2k1Mw0d4AaABAg,,False,@gulaygunes7629,I love blackpink so much ♡,1,2024-03-15T17:19:49Z,2024-03-15T17:19:49Z
Ugy3_zc9-CKm9TlRSpd4AaABAg,,False,@Areyouablink,The 👸 Queen❤❤❤,0,2024-03-15T17:18:47Z,2024-03-15T17:18:47Z
UgxkL-dwZZTQT_DF-W54AaABAg,,False,@Blackpink_fan_blink123,I love you BLACKPINK 🖤💗🖤💗🖤💗🖤💗🖤💗,1,2024-03-15T17:18:32Z,2024-03-15T17:18:32Z
Ugz_nL9H9FyaN043qnJ4AaABAg,,False,@K_pop_my_love_forever,Блек пинк возвращаются?,0,2024-03-15T17:17:28Z,2024-03-15T17:17:42Z
Ugy22reZVNk_uTJmQ9t4AaABAg,,False,@doreenmurwig4318,OMG BLACKPINK I MISS YOU SOOO MUCHHH LOVE YOU GUYS❤❤❤❤❤❤❤❤❤❤❤❤,0,2024-03-15T17:16:01Z,2024-03-15T17:16:01Z
Ugzi6k2PDws6NNSyePh4AaABAg,,False,@1chip4munk6,😍,0,2024-03-15T17:15:48Z,2024-03-15T17:15:48Z
Ugwnsg-flrygkgE8tRx4AaABAg,,False,@Lalalisa327,Blackpink in our area 🖤🖤🖤🖤,0,2024-03-15T17:15:16Z,2024-03-15T17:15:16Z
Ugx5grM6K18R2b0yliV4AaABAg,,False,@Blinksthetix__,"Already Missing our 4 queens
ily blackpink,proud to be a blink",0,2024-03-15T17:15:15Z,2024-03-15T17:15:15Z
Ugw91nUjKvx9FqQlu3h4AaABAg,,False,@isabelmaria7262,BLACKPINK the queens,1,2024-03-15T17:13:58Z,2024-03-15T17:13:58Z
UgzIQO3sLcRYnkLOkK94AaABAg,,False,@lalaavcm,BLACKPINK IS THE REVOLUTION❤️,0,2024-03-15T17:10:43Z,2024-03-15T17:10:43Z
Ugx_X4kJE7oEM08wNVp4AaABAg,,False,@SohailAhmad-zi3uy,I love u lisa jinnie jisoo rose,0,2024-03-15T17:10:29Z,2024-03-15T17:10:29Z
UgxoDbK_U_ojDU_OSt54AaABAg,,False,@ethandaniel7364,I MISS BLACKPINK 😢😢😢I HOPE THEY MAKE A COMEBACK AFTER BABYMONSTER 😢,0,2024-03-15T17:10:27Z,2024-03-15T17:10:27Z
UgydVC5uwTAw7V-mC0h4AaABAg,,False,@lalaavcm,aaaaaaaawn que lindinhoooo🤍,0,2024-03-15T17:10:20Z,2024-03-15T17:10:20Z
UgxX8QsKkjvwbYtk0-J4AaABAg,,False,@francisschuck,😊😊😊😊😊Blackpink vcs são muito boas,0,2024-03-15T17:09:10Z,2024-03-15T17:09:10Z
UgyyIEgoZo3FCSpOpAx4AaABAg,,False,@zakariaalamshah,I like BLACKPINK,0,2024-03-15T17:08:41Z,2024-03-15T17:08:41Z
UgzpjgzlSwCc0YL-xBp4AaABAg,,False,@iluveatss,-BLACKPINK- I LOVE BLACKPİNK SO MUCH!♡☆,0,2024-03-15T17:08:23Z,2024-03-15T17:08:23Z
Ugw8FwVtB2yQBuCfSlZ4AaABAg,,False,@Khubbra,WHO LOVES BLACKPİNK🖤💗🖤💗,1,2024-03-15T17:06:02Z,2024-03-15T17:06:02Z
Ugz_-wc-4BmCtg9O3Gx4AaABAg,,False,@husnekandeger742,L LOVE YOU LALİSA AND ROSE AND JENNİE AND JİSOO❤❤❤❤❤❤❤❤❤❤,0,2024-03-15T17:02:58Z,2024-03-15T17:02:58Z
Ugyvgm8NLk7PCfxYXh14AaABAg,,False,@nitinomarey820,I love you blackpink 💕🖤💓 lots of love from India 🇮🇳❤️,0,2024-03-15T17:02:57Z,2024-03-15T17:02:57Z
UgxfrLeMjPBvBY0YNg94AaABAg,,False,@Kpopfan2058,"Team Stan blackpink 4ever
👇",0,2024-03-15T17:02:36Z,2024-03-15T17:02:36Z
UgyH0r5HTRWdPHlA6RB4AaABAg,,False,@zulaikhahheydari-kj6mp,I love blackpink❤❤❤❤😂😂,0,2024-03-15T17:02:13Z,2024-03-15T17:02:13Z
Ugw6TPxB9Ozp59a0WTl4AaABAg,,False,@Lrkpopstangidle,Yeaaaaaaah BLACKPINK THE BEST ❤❤❤❤ BLACKPINK IS ÉVOLUTION ❤❤❤,1,2024-03-15T17:02:12Z,2024-03-15T17:02:12Z
Ugw29qNis_bKXfl2oQB4AaABAg,,False,@Russia52-y1h,"Ураааа, новое видео",0,2024-03-15T17:01:15Z,2024-03-15T17:01:15Z
UgyeOg-2S6AAm36WtU54AaABAg,,False,@Beyzaisteeeee,"blacpink i love you 🤭💗😽💋
We expect a great response from you.
We missed your concerts and your voice! baby monster
We are waiting for short videos like BLINKS LOVE YOU😽💋",0,2024-03-15T17:01:07Z,2024-03-15T17:01:07Z
Ugxq5Flmwwx3Txv6QtR4AaABAg,,False,@Lrkpopstangidle,BLACKPINK I LOVE YOU ❤❤❤❤❤❤❤❤❤❤❤❤❤❤❤❤,1,2024-03-15T17:01:00Z,2024-03-15T17:01:00Z
UgxERHji57OaRhb8Bl94AaABAg,,False,@Rose_vlogss2,Ben türküm ama blinkim,0,2024-03-15T17:00:21Z,2024-03-15T17:00:21Z
Ugyub5RHxdDUn1kR0p94AaABAg,,False,@Celine_Blink,Your Comeback 🔥🔥🔥,0,2024-03-15T16:59:20Z,2024-03-15T16:59:20Z
Ugz4kwsYvyBgW5zOVON4AaABAg,,False,@Heyy-bp,Blackpınk perctest,1,2024-03-15T16:59:12Z,2024-03-15T16:59:12Z
UgxekAv8gaZNLZo6OzN4AaABAg,,False,@yezyizhere_official,❤❤❤❤❤❤❤❤❤,0,2024-03-15T16:56:39Z,2024-03-15T16:56:39Z
UgwyOOFvhoN0L2nCPQp4AaABAg,,False,@jisoo_ya22,I love you blackpink İTS mu fovarite gruop❤❤,0,2024-03-15T16:56:12Z,2024-03-15T16:56:12Z
UgzrzYEEnW478G60vPh4AaABAg,,False,@Addictedtokpop143,PEOPLE WHO WILL SUPPORT BLACK PINK RAISE THEIR HANDS❤,1,2024-03-15T16:54:24Z,2024-03-15T16:54:24Z
UgymEm1TTHt4a3Dck6N4AaABAg,,False,@Rosieqw08,Blackpınk in your areyaa❤,0,2024-03-15T16:53:35Z,2024-03-15T16:53:35Z
UgxaX4fdRIW3xTX2df94AaABAg,,False,@_Nmixx_94,😭😭😭😭😭Amooooooo 😭😭,0,2024-03-15T16:52:19Z,2024-03-15T16:52:19Z
UgzC1RLh9FAy16dtZiN4AaABAg,,False,@ПростоЮля-я4я,Ура Я обожаю blackpink,0,2024-03-15T16:51:02Z,2024-03-15T16:51:02Z
UgwG3isA2QXV2n-SA0N4AaABAg,,False,@Bl_ink612,"Love YOU BLACKPINKKKKKK❤❤❤❤


WHO WANTS THEM TO COMEBACK IN 2024??
👇",1,2024-03-15T16:49:11Z,2024-03-15T16:49:11Z
UgzEdFQAB_vlLJS0JCV4AaABAg,,False,@ItsZarahereforyou,I’m waiting for a comebackkkk,0,2024-03-15T16:48:59Z,2024-03-15T16:48:59Z
UgyGk-z6XLBN4WzUrnN4AaABAg,,False,@NancyKuni56v,I love you blakpink is à revolution 🩷💞,0,2024-03-15T16:47:59Z,2024-03-15T16:47:59Z
UgzEWvL41e3siH1zfN14AaABAg,,False,@ILOVESKZBLACKPINK,I LOVE YOU❤❤❤❤❤❤❤,0,2024-03-15T16:47:56Z,2024-03-15T16:47:56Z
UgwYcDx0PYgPKaDbibZ4AaABAg,,False,@Амина-е3н,Круче блак биник,1,2024-03-15T16:46:28Z,2024-03-15T16:46:28Z
UgwFMSybc5m5rEYJeO94AaABAg,,False,@Амина-е3н,❤❤❤❤❤,1,2024-03-15T16:45:52Z,2024-03-15T16:45:52Z
UgzYX0cIprMIODuxkJB4AaABAg,,False,@MehrnooshAbad,I love you black pink,0,2024-03-15T16:44:55Z,2024-03-15T16:44:55Z
Ugzey4PFKpfTfo7mQUN4AaABAg,,False,@GamereY0T,我愛妳blackpink❤,0,2024-03-15T16:42:45Z,2024-03-15T16:42:45Z
Ugx0cWSmUS7GbZ-m-Yl4AaABAg,,False,@Wonbini-ytb,"So cute
Love jennie lisa jisoo rosé ❤",1,2024-03-15T16:41:23Z,2024-03-15T16:41:23Z
UgziSmmHiEQf2vp64mZ4AaABAg,,False,@knisthenicest,WAITING FOR THIS AD? NO. BLINKS ARE WAITING FOR  4 QUEENS IN THIS 2024!!,0,2024-03-15T16:41:11Z,2024-03-15T16:41:11Z
UgxafudDYNO9uYo_1AZ4AaABAg,,False,@GERDA방탄소년단,"THIS IS MY FAVORITE K-POP GROUP,BECAUSE I'VE BEEN LISTENING SINCE 2022 THANKS. AND I AM YOUR BLACKPINK FAN🖤💖🖤💖🖤💖🖤💖🖤💖🖤💖🖤💖🖤💖",2,2024-03-15T16:38:51Z,2024-03-15T16:38:51Z
UgyHW_6nKyICYIT1_rx4AaABAg,,False,@Cow-moew,I‘M SO EXCITET FOR THE COMEBACK!!!!,0,2024-03-15T16:37:52Z,2024-03-15T16:37:52Z
UgyeVPwj01CjKiaqkT94AaABAg,,False,@Irmakkarta222,Abi şakamı yaa muppp❤❤❤❤,1,2024-03-15T16:37:35Z,2024-03-15T16:37:35Z
UgyVTMSnfEpf77Ny2oh4AaABAg,,False,@jisoo_liess,"I would like to thank you 4 queens again for not leaving blinks in 2024, please do not leave us We expect a comeback in 2024",0,2024-03-15T16:36:10Z,2024-03-15T16:36:31Z
UgwdsTv0GX1-5HVXFj54AaABAg,,False,@ÉléonoreCoutable,❤,0,2024-03-15T16:36:01Z,2024-03-15T16:36:01Z
UgzmnG6pugpA2f01iZ54AaABAg,,False,@tensopie,❤❤❤❤ blackpink,0,2024-03-15T16:35:42Z,2024-03-15T16:35:42Z
UgwDNRnQi61Cy0yoX694AaABAg,,False,@vasifhuseynov5191,BLACKPINK IN YOUR AREA!,0,2024-03-15T16:35:37Z,2024-03-15T16:35:37Z
UgzY_Z7fjVhErM6F-hx4AaABAg,,False,@blackpink_cute,Blackpink is queen of kpop💖🖤,1,2024-03-15T16:34:04Z,2024-03-15T16:34:04Z
UgyKCyyKwqXGhk3TUtB4AaABAg,,False,@Strawberrypixell,Hiii,0,2024-03-15T16:33:10Z,2024-03-15T16:33:10Z
UgzOe3U-OWF2YRlexMF4AaABAg,,False,@blink_queen2.0,missing you my queens 😢😢❤❤,0,2024-03-15T16:30:39Z,2024-03-15T16:30:39Z
UgyksBLZT39X1FmwMjZ4AaABAg,,False,@Lucassilva-ro3ip,Black pink  i loveyou❤️💕,0,2024-03-15T16:29:39Z,2024-03-15T16:29:39Z
Ugy7r83BJmcHBH2_89R4AaABAg,,False,@_Lisaxwy_,여기 블랙핑크 좋아하는 사람 있나요?,0,2024-03-15T16:28:46Z,2024-03-15T16:28:46Z
UgxBMfwMMZkQkCtO0vx4AaABAg,,False,@Music-Bank-Shorts,Miss you so much ❤,1,2024-03-15T16:28:40Z,2024-03-15T16:28:40Z
UgwkJdOZbEbhsKLp7sd4AaABAg,,False,@BellamiLesbean605,"Blackpink is the most successful  kpop girl group ever🤗🖤💖
Lisa, Jennie, Jisoo and Rose",0,2024-03-15T16:26:36Z,2024-03-15T16:27:20Z
UgxzIWZWL3fEQgYuYI54AaABAg,,False,@Lilith-dz6,OMG BLACKPINK!!!❤❤❤❤❤❤❤,0,2024-03-15T16:26:34Z,2024-03-15T16:26:34Z
UgwvVSVrehAtpoZwyKB4AaABAg,,False,@ArmyStayBlinkMoaEngene,BLACKPINK LAS EXTRAÑO 😭😭😭😭😭,0,2024-03-15T16:24:50Z,2024-03-15T16:24:50Z
UgxZTPjvHRkUAJpq2MF4AaABAg,,False,@cat-po3wk,🖤💖,0,2024-03-15T16:24:39Z,2024-03-15T16:24:39Z
UgzNYDV6_RAITEitmxF4AaABAg,,False,@lixrvsr,We want to return to blackpink !,0,2024-03-15T16:23:58Z,2024-03-15T16:24:08Z
UgxY5j2HEW7qS72p9pF4AaABAg,,False,@Aileen_2012,"니 동네 블랙핑크 나도 좋아❤

1:로제
2:리사
 3:제니
4: 지수",1,2024-03-15T16:22:58Z,2024-03-15T16:22:58Z
UgzME4_9bsq7MMceTN94AaABAg,,False,@Nikikim1234,"I miss you 💗🖤
  I miss you 💗🖤
    I miss you 💗🖤
      I miss you💗🖤
        I miss you 💗🖤
          I miss you 🖤💗
          I miss you 🖤💗
          I miss you 🖤💗
        I miss you 🖤💗
       I miss you 🖤💗
      I miss you 💗🖤
     I miss you 💗🖤
   I miss you 💗🖤
  I miss you 💗🖤
I miss you 💗🖤
I miss you 💗🖤
I miss you 🖤💗
   I miss you 🖤💗
     I miss you 🖤💗
       I miss you 🖤💗
         I miss you 🖤💗
           I miss you 🖤💗
             I miss you 💗🖤
             I miss you 💗🖤
             I miss you 💗🖤
           I miss you 💗🖤
         I miss you 💗🖤
       Imiss you 💗🖤
     I miss you 💗🖤
   I miss you 💗🖤
I miss you 🖤💗
I miss you 🖤💗
I miss you 🖤💗
  I miss you🖤💗
    I miss you 💗🖤
      I miss you 💗🖤
        I miss you 💗🖤
          I miss you💗🖤
            I miss you 💗🖤
              I miss you 🖤💗
              I miss you 🖤💗
              I miss you 🖤💗
            I miss you 🖤💗
          I miss you 🖤💗
        I miss you 💗🖤
     I miss you 💗🖤
  I miss you 💗🖤
I miss you 💗🖤
I miss you 💗🖤
I miss you 💗🖤
   I miss you 🖤💗
      I miss you 🖤💗
         I miss you 🖤💗
            I miss you 🖤💗
               I miss you 🖤💗
                  I miss you 🖤💗
                  I miss you 🖤💗
                  I miss you 🖤💗
               I miss you 🖤💗
          I miss you 🖤💗
        I miss you 💗🖤
     I miss you 💗🖤
  I miss you 💗🖤
I miss you 💗🖤
I miss you 💗🖤
I miss you 💗🖤
   I miss you 🖤💗
      I miss you 🖤💗
         I miss you 🖤💗
            I miss you 🖤💗
               I miss you 🖤💗
                  I miss you 🖤💗
                  I miss you 🖤💗
                  I miss you 🖤💗
                 I miss you 🖤💗
          I miss you 🖤💗
        I miss you 💗🖤
     I miss you 💗🖤
  I miss you 💗🖤
I miss you 💗🖤
I miss you 💗🖤
I miss you 💗🖤
   I miss you 🖤💗
      I miss you 🖤💗
         I miss you 🖤💗
            I miss you 🖤💗
               I miss you 🖤💗
                  I miss you 🖤💗
                  I miss you 🖤💗
                  I miss you 🖤💗
                 I miss you 🖤💗
          I miss you 🖤💗
        I miss you 💗🖤
     I miss you 💗🖤
  I miss you 💗🖤
I miss you 💗🖤
I miss you 💗🖤
I miss you 💗🖤
   I miss you 🖤💗
      I miss you 🖤💗
         I miss you 🖤💗
            I miss you 🖤💗
               I miss you 🖤💗
                  I miss you 🖤💗
                  I miss you 🖤💗
                  I miss you 🖤💗
Love you my 4 queen lisa ,jennei ,jisoo ,rose 🖤💗🖤💗🖤💗",0,2024-03-15T16:22:51Z,2024-03-15T16:37:03Z
UgyOXYFf8ijUQeaZZrd4AaABAg,,False,@ManguitoHappy,;),0,2024-03-15T16:22:46Z,2024-03-15T16:22:46Z
UgwJBtEafTo0It__DWl4AaABAg,,False,@user-lf9sv2tc2t,❤❤❤❤Black pink💕,0,2024-03-15T16:19:47Z,2024-03-15T16:19:47Z
UgwRqfWhHv28vomQz4d4AaABAg,,False,@ElifsuGS,Wow omeygat ❤❤❤❤❤,2,2024-03-15T16:18:48Z,2024-03-15T16:18:48Z
Ugy9Sit5PG2387bnXYR4AaABAg,,False,@heyy_imstarrr,"BLΛƆKPIИK in your area!!🖤🩷
I LOVE MY QUEENSSS!!!💞",1,2024-03-15T16:18:07Z,2024-03-15T16:18:07Z
UgzLHmnpy2ZQAbW7Z1N4AaABAg,,False,@hello-kitty-l0v3r-u2f,I luv youuuu🫶🏻👑✨️🖤💗💞💕💘💓💝🩷💖🫵🏻👑,1,2024-03-15T16:17:44Z,2024-03-15T16:17:44Z
Ugyo2XW4_Kh8-kKzxHh4AaABAg,,False,@Lovedepply,So cute,0,2024-03-15T16:12:24Z,2024-03-15T16:12:24Z
Ugzu7dQkzvh-yhqsTBV4AaABAg,,False,@kalnarani6673,My 4 Queen we miss you so much love u❤❤❤,1,2024-03-15T16:10:17Z,2024-03-15T16:10:33Z
Ugwpyoz-yMgq2kdOBtx4AaABAg,,False,@raufquliyev2010,❤❤BLACKPİNK❤❤,1,2024-03-15T16:09:09Z,2024-03-15T16:09:09Z
UgzTIWyZTo-6VOoPK7V4AaABAg,,False,@madhumalirathnayake1878,💜️🇱🇰🇱🇰💜️💖💜️💖😍💖💜️💖💜️🇱🇰💜️🇱🇰💜️🇱🇰💜️🇱🇰💜️💖💜️💖💜️💖💜️🇱🇰💜️💖💜️💖💜️🇱🇰💜️💜️💖🇱🇰💜️🇱🇰💜️💖💖💜️🇱🇰💜️🇱🇰💜️🇱🇰💜️🇱🇰💜️🇱🇰💜️💖💜️💖💜️💖🇱🇰💖🇱🇰💖🇱🇰💖🇱🇰💖💜️🇱🇰💜️🇱🇰💖💜️💖💜️💜️,0,2024-03-15T16:08:57Z,2024-03-15T16:08:57Z
UgwsdKAnCyy0OURHiv14AaABAg,,False,@madhumalirathnayake1878,💜️🇱🇰🇱🇰🇱🇰🇱🇰💖💖💖🇱🇰💖💜️💖💜️🇱🇰🇱🇰💖💜️💖💜️💜️💜️💜️🇱🇰💜️💖💜️🇱🇰🇱🇰💜️💖💜️💜️💖💖💜️🇱🇰💜️💖💜️🇱🇰💜️💖💜️🇱🇰💜️💖🇱🇰💜️💖💜️🇱🇰💜️🇱🇰💜️💖💜️🇱🇰💜️💖💜️🇱🇰💜️🇱🇰💜️💖💜️🇱🇰💖💜️💖💜️💖💜️💖💜️💜️💜️💖💜️💖💜️🇱🇰💜️🇱🇰🇱🇰💜️💖💜️🇱🇰💜️,0,2024-03-15T16:08:45Z,2024-03-15T16:08:45Z
UgwEaLdSrr-wze4sWo94AaABAg,,False,@LoveKNCandme,Can anyone tell me what is this for?,0,2024-03-15T16:08:16Z,2024-03-15T16:08:16Z
Ugz6NX2JuC-Yj7k8aqh4AaABAg,,False,@maisaaihsan,"I miss yall sm rn ,, The whole kpop is sileng without THE BLACKPINK",1,2024-03-15T16:08:12Z,2024-03-15T16:08:12Z
UgzLZWZqgu3BgjHR4PN4AaABAg,,False,@Simauñ_7,블랙핑크 사랑해 4퀸 ❤❤❤❤❤❤❤,1,2024-03-15T16:07:31Z,2024-03-15T16:07:31Z
UgxjJfJXGJEAMV_WM-N4AaABAg,,False,@Editimizin,I love you blackpink❤❤❤❤❤,0,2024-03-15T16:07:06Z,2024-03-15T16:07:06Z
UgxTrIQaT-5HHbUSz7B4AaABAg,,False,@Queen_me252,We love you BLACKPINK you are in our heart forever🩷🖤,0,2024-03-15T16:05:56Z,2024-03-15T16:05:56Z
UgznC_h89H-CUYyZ5bx4AaABAg,,False,@m_drazetic,🖤🩷,0,2024-03-15T16:04:39Z,2024-03-15T16:04:39Z
UgxqiEdXbK-G7OwCvWV4AaABAg,,False,@BPgirls44444,Jisoo alll😢😢,0,2024-03-15T16:04:08Z,2024-03-15T16:04:08Z
UgzdEa4GtMIn_n9zXhp4AaABAg,,False,@melamorim-uv9tj,Aaaaaaaaaa🖤💖🖤💖🖤💖🖤💖,0,2024-03-15T16:02:46Z,2024-03-15T16:02:46Z
Ugwdt0IDkCYvEvrBIIB4AaABAg,,False,@shobha-y1k,Plzzzzz don't disband,0,2024-03-15T16:02:38Z,2024-03-15T16:02:38Z
UgxUUKWAWx8g3jWUOep4AaABAg,,False,@Bang_army_tan181,Missing you badly girls 🥺🖤🩷,1,2024-03-15T16:02:37Z,2024-03-15T16:02:37Z
UgwQUJ_L7HMAwYowcgZ4AaABAg,,False,@KIM-z5p5c,БЛЕК ПИНК ЛУЧШИЕ 💋🤍,0,2024-03-15T16:02:34Z,2024-03-15T16:02:34Z
UgythUmiZTbldpMwMEF4AaABAg,,False,@Frogich-h2p,"Ваш камбек будет лучшим, а если кому то не понравится... БЕГИТЕ Я СТРЕЛЯЮ😈",0,2024-03-15T16:02:32Z,2024-03-15T16:02:32Z
Ugy1EBlye62hARlg1CR4AaABAg,,False,@m_drazetic,Pleasee new video and new song,0,2024-03-15T16:01:51Z,2024-03-15T16:01:51Z
Ugy3_0ZsJ27mapNzhEp4AaABAg,,False,@trangnguyenthuy7027,lovee,0,2024-03-15T16:01:43Z,2024-03-15T16:01:43Z
Ugxr5So8_gnz9k7w4aJ4AaABAg,,False,@Chaelisabest_pink-kapandi,❤❤❤❤,0,2024-03-15T15:58:49Z,2024-03-15T15:58:49Z
UgxLeL0wtU0VUghSXJ94AaABAg,,False,@yourbiksi,❤❤❤,0,2024-03-15T15:58:37Z,2024-03-15T15:58:37Z
UgxMHRolfOlyVi4rTSZ4AaABAg,,False,@SophiacomSdeSunoo,🇧🇷 🇧🇷,0,2024-03-15T15:53:14Z,2024-03-15T15:53:14Z
Ugwe8PmpXlzrSopPO6h4AaABAg,,False,@SophiacomSdeSunoo,Come to Brazil,0,2024-03-15T15:52:58Z,2024-03-15T15:52:58Z
UgyLmCiJOivNrKkeJB14AaABAg,,False,@SophiacomSdeSunoo,Come to Brazil,0,2024-03-15T15:52:51Z,2024-03-15T15:52:51Z
Ugxu0Dam3yalghDYCWR4AaABAg,,False,@tunisiiniz,"I love you BLACKPİNK
I love you BLACKPİNK 
I love you BLACKPİNK 
I love you BLACKPİNK 
I love you BLACKPİNK 
I love you BLACKPİNK 
I love you BLACKPİNK
I love you BLACKPİNK 
I love you BLACKPİNK 
I love you BLACKPİNK 
I love you BLACKPİNK 
I love you BLACKPİNK 
I love you BLACKPİNK 
I love you BLACKPİNK 
I love you BLACKPİNK 
I love you BLACKPİNK 
I love you BLACKPİNK 
I love you BLACKPİNK 
I love you BLACKPİNK 
I love you BLACKPİNK 
I love you BLACKPİNK 
I love you BLACKPİNK 
I love you BLACKPİNK 
I love you BLACKPİNK 
I love you BLACKPİNK",1,2024-03-15T15:52:45Z,2024-03-15T15:52:45Z
UgxHrcDAoII5qRu1Dxl4AaABAg,,False,@SophiacomSdeSunoo,Come to Braziil,0,2024-03-15T15:52:43Z,2024-03-15T15:52:43Z
Ugy0pW_sa-HhfiN5iTB4AaABAg,,False,@Meow123-f,My sister is 10 even love blakpink🖤💖,0,2024-03-15T15:52:05Z,2024-03-15T15:52:05Z
UgwhkDFnskqptTOdFg14AaABAg,,False,@isabellavalentina4519,Aaaaaaaaa❤,0,2024-03-15T15:51:20Z,2024-03-15T15:51:20Z
UgzbtYlZkXAl_I_F9Gx4AaABAg,,False,@Shisho_routines,We miss you blackpink😭😭😭,0,2024-03-15T15:50:44Z,2024-03-15T15:50:44Z
UgyZ0qgO19ZEHzmlja94AaABAg,,False,@anantsolanki5953,We miss you,0,2024-03-15T15:50:36Z,2024-03-15T15:50:36Z
UgxtqWW7rOKNNgUTRpx4AaABAg,,False,@anantsolanki5953,Blackpink the queens,0,2024-03-15T15:50:26Z,2024-03-15T15:50:26Z
Ugzb1ymtAt0mYSzMWkt4AaABAg,,False,@Mafia_rosiey,My queens❤,1,2024-03-15T15:48:10Z,2024-03-15T15:48:10Z
Ugy0JB87mJdIZWFGv4Z4AaABAg,,False,@DONTMESSWITHBLINKS,Black Pink miss you 😔💞,0,2024-03-15T15:47:54Z,2024-03-15T15:47:54Z
UgwiNdyPWH1fjEJ2rD94AaABAg,,False,@Nadia_nadia1410,"I'm waiting for your new songs and your return, blackpink🖤💓🖤💓🖤💓🖤💓",1,2024-03-15T15:47:41Z,2024-03-15T15:47:41Z
UgwpeRQt89mCJFlcJdF4AaABAg,,False,@jilmil4242,"When I saw the post, my feeling 
I can't expalin",0,2024-03-15T15:47:33Z,2024-03-15T15:47:33Z
Ugwq8DV6xdqNnaYvdUt4AaABAg,,False,@kpop-o4v,🇷🇺🇷🇺🇷🇺🇷🇺🇷🇺🇷🇺🇷🇺 blackpink TOP,0,2024-03-15T15:44:43Z,2024-03-15T15:44:43Z
UgyRgTtLyrEVbcghSB54AaABAg,,False,@ELC_VAREN,Go Go Go 🔥,0,2024-03-15T15:44:01Z,2024-03-15T15:44:01Z
Ugyg-2PSSZXNoVzWpHt4AaABAg,,False,@Saminochka2102,I LOVE BLACKPINK🖤💗,0,2024-03-15T15:43:44Z,2024-03-15T15:43:44Z
UgyZSbEKS32OM_c3mhJ4AaABAg,,False,@yuhariana,Blackpink❤❤❤❤❤,0,2024-03-15T15:42:21Z,2024-03-15T15:42:21Z
UgwEi518QgNkPTl9apJ4AaABAg,,False,@Retag_66,مفيش عرب ولا نامو,0,2024-03-15T15:41:51Z,2024-03-15T15:42:03Z
UgwbMPP6TCaWlT6_Q_14AaABAg,,False,@sushmameche7800,Black pink we miss you so much 😢🖤💗,0,2024-03-15T15:40:34Z,2024-03-15T15:40:34Z
UgxLyjrkxuCVGP5duvt4AaABAg,,False,@kymberlyjanemagbanua,COMEBACK PLEASE 😭😭😭😭😭,1,2024-03-15T15:39:25Z,2024-03-15T15:39:25Z
UgxnSzlNiVnQD8hEHeR4AaABAg,,False,@SanjayThakur-m3k,"Blackpink please come back
Our 4 queens 👸 pls",0,2024-03-15T15:38:45Z,2024-03-15T15:38:45Z
UgyVvmmSLrPWvJiAP754AaABAg,,False,@Adéla134-f3b,I can only ask if blackpink is coming back,0,2024-03-15T15:38:00Z,2024-03-15T15:38:00Z
UgwbC6wXk_iPpSEJxkB4AaABAg,,False,@anacleidelopes9173,"BLACKPINK, COME TO BRAZIL THE PEOPLE HERE LOVE YOU SO MUCH",0,2024-03-15T15:37:16Z,2024-03-15T15:37:16Z
UgwosrlNQFq4W3jPk6N4AaABAg,,False,@notkimiyo,YAYY IM SO HAPPY YOUR BACKK CANT WAIT FOR YOUR COMEBACK,0,2024-03-15T15:36:28Z,2024-03-15T15:36:28Z
Ugw7Wwry8BEUx1ZCPzB4AaABAg,,False,@studybahar,Balckpink 🖤💖,1,2024-03-15T15:35:57Z,2024-03-15T15:35:57Z
Ugw2aaBrViAigU2bKXl4AaABAg,,False,@YassmineGalla,"We are waiting for your return, Blackpink, Keep going",0,2024-03-15T15:34:22Z,2024-03-15T15:34:22Z
UgzwZFitNPebZNIrfOZ4AaABAg,,False,@Kpop_gems123,Come back blackpink🖤BLΛƆKPIИK💗,1,2024-03-15T15:31:40Z,2024-03-15T15:31:40Z
UgxW7_sQ_BjdXKkapI94AaABAg,,False,@МуминаКамарова,Blackpink i love you lisa jenne jisoo pose 💖 ♥️ 💕 ❤️ 💓 💜 💖 ♥️ 💕 ❤️ 💓 💜 💖 ♥️ ❤❤❤❤😊😊😊,0,2024-03-15T15:31:36Z,2024-03-15T15:31:36Z
Ugwox6pZFc2jTQGQtot4AaABAg,,False,@Kpop_gems123,So cute ❤❤❤❤,1,2024-03-15T15:31:10Z,2024-03-15T15:31:10Z
UgwM3_RDFokkl8EFYu94AaABAg,,False,@LiliesAyse,"Miss you my queens 👑
I LOVEE YOU BLACPİNK❤️‍🩹🩷🖤🩷🖤🩷🖤🩷🖤🩷🖤🩷🖤🩷🖤🩷🖤🩷🖤🩷🖤🩷🩷🖤🩷🖤🩷🖤🩷❤️‍🩹🩷",1,2024-03-15T15:28:49Z,2024-03-15T15:28:49Z
UgzFX0vm8Xh_30luBa54AaABAg,,False,@Chiara-ciau12,Love you soo much our queens❤❤❤,0,2024-03-15T15:28:03Z,2024-03-15T15:28:03Z
UgxhyyycoMuF13CNQh94AaABAg,,False,@pookielovescaifanes,OMGGG,0,2024-03-15T15:27:31Z,2024-03-15T15:27:31Z
UgzM3dHtVFJelYjDJGt4AaABAg,,False,@farijabeen-l6s,yaaaaaaa,0,2024-03-15T15:27:23Z,2024-03-15T15:27:23Z
UgxZ0bmpubtVAPmYZK14AaABAg,,False,@monsterofmonstiezzz,Blackpink we miss you 🖤🩷,1,2024-03-15T15:27:15Z,2024-03-15T15:27:15Z
Ugw5hMpN6tdXOdkLyCt4AaABAg,,False,@SureshMurmu-e8k,Can anybody reply me what happen to blackpink,0,2024-03-15T15:26:14Z,2024-03-15T15:26:14Z
Ugxh4URuBL3TlPTXF5x4AaABAg,,False,@Humand_Alien,BLACKPINK PLSS CIME TO KLÖN I MISS YOU SO MUCH YOU 4 GRILS IM A BIG BLICK 🖤💘,0,2024-03-15T15:25:19Z,2024-03-15T15:25:19Z
UgxTWY2x8HEyw357MbV4AaABAg,,False,@Katie-z9m,BLACK PINK Я ВАС ЛЮБЛЮ И ЖДУ!❤💗💯👑,1,2024-03-15T15:25:02Z,2024-03-15T15:25:02Z
UgwmKOB500A5NmV-z-d4AaABAg,,False,@DanielleHernández3,🖤🩷🖤🩷,0,2024-03-15T15:24:54Z,2024-03-15T15:24:54Z
UgxXmp2F1noMtpeG6od4AaABAg,,False,@ecedogru,"I Love you Blackpink rosé Jennie jisoo Lisa
👇🏻❤",1,2024-03-15T15:24:10Z,2024-03-15T15:24:10Z
UgzQxJ5qqxo4D5p0EXB4AaABAg,,False,@aoiarika,"I love you❤❤❤❤❤
❤ 
   ❤
       ❤
           ❤
               ❤
           ❤
        ❤
   ❤
❤
   ❤   
       ❤
          ❤I love you blackpink💗🖤",0,2024-03-15T15:19:55Z,2024-03-15T15:19:55Z
Ugy2M3h0_RWQ33wkE-94AaABAg,,False,@M..A299,please comeback 2024 😭😭❤️,0,2024-03-15T15:19:39Z,2024-03-15T15:19:39Z
Ugx0ALck0LJb82YD8d54AaABAg,,False,@suman-army-blink,That was so cutaaa 💖💖💖💜💜,0,2024-03-15T15:19:31Z,2024-03-15T15:19:31Z
Ugxzg3b3340YfnDfb8l4AaABAg,,False,@ToxicBoi447,"Rosé = The Queen of Vocolist, Jisoo = The Queen of Beauty, Jennie= The queen of the Rap, Lisa = The queen of Dance",0,2024-03-15T15:18:43Z,2024-03-15T15:18:43Z
UgwZAVJ-9fG9beKQp6V4AaABAg,,False,@MirAsfXCa,"WE MISS YOU GIRLS 
4QUEEN❤❤❤",0,2024-03-15T15:17:19Z,2024-03-15T15:17:19Z
UgxqEHg1eEa0vPEkjTB4AaABAg,,False,@catalinatubon7295,"사랑해요, 당신이 최고예요 gg",0,2024-03-15T15:16:02Z,2024-03-15T15:16:02Z
UgwNH3l2W20WFbQlxTd4AaABAg,,False,@esra52da,BLACKPİNK FİNALLY YOU POSTED A VİDEO I WAS WAİTİNG FOR A LONG TİME AND MY RANKİNG İN BLACKPİNK İS 1. 🥇 ROSE 2. 🥈 JISOO 3. 🥉 JENNIE 4. LİSA 😊,1,2024-03-15T15:15:53Z,2024-03-15T15:15:53Z
Ugw3ahzc6AXNtvZ2wtR4AaABAg,,False,@QueenMonster_official,Who will support BLACKPINK forever? Raise your hand 🖐🏻,2,2024-03-15T15:13:40Z,2024-03-15T15:13:40Z
UgxCjTvevwAKhI69jGN4AaABAg,,False,@suyash5571,Queens please come back,0,2024-03-15T15:13:37Z,2024-03-15T15:13:37Z
UgwqyWwQCcS2YseUgx54AaABAg,,False,@Pinjuu2024,Im a big fan blackpink and i love your music videos sooooo much. They are never boring🥰💖🖤💗🖤,0,2024-03-15T15:13:23Z,2024-03-15T15:13:23Z
UgznSa_ld9cOTEzbcE14AaABAg,,False,@L24io,🥴🥴💕💕💕4babys and queens,0,2024-03-15T15:13:22Z,2024-03-15T15:13:22Z
UgwaYjLxXvMRPyFabyV4AaABAg,,False,@Öykü-v8r,"🇹🇷Black ğin sevenler 
👇🏻",0,2024-03-15T15:12:50Z,2024-03-15T15:12:50Z
Ugy8rU2ugilOCpfPjrV4AaABAg,,False,@1mae7,❤️💕,0,2024-03-15T15:12:04Z,2024-03-15T15:12:04Z
UgwUhn6bpw24KdvHGBN4AaABAg,,False,@sarmadsaeed6235,Newjeans copy,0,2024-03-15T15:12:01Z,2024-03-15T15:12:01Z
UgzGQ7C2kl5PVEwpWWp4AaABAg,,False,@BLINK-220,"Боже спасибо, ждем 💗💕",4,2024-03-15T15:11:53Z,2024-03-15T15:11:53Z
UgzGQ7C2kl5PVEwpWWp4AaABAg.A101XPOOiRIA10IoWi4O7a,UgzGQ7C2kl5PVEwpWWp4AaABAg,True,@thisami-e9y,"А что будет ? Я просто не знаю английский и не понимаю о чём идёт речь, скажите пожалуйста если вам не трудно❤❤❤",0,2024-03-15T17:42:54Z,2024-03-15T17:42:54Z
UgzGQ7C2kl5PVEwpWWp4AaABAg.A101XPOOiRIA12SEdIl-lZ,UgzGQ7C2kl5PVEwpWWp4AaABAg,True,@BLINK-220,@@thisami-e9y вторая часть мерча,0,2024-03-16T13:43:43Z,2024-06-04T03:28:54Z
UgzQAE1CbailFSOjTOJ4AaABAg,,False,@user-wn6ou2ro3w,Blackpink  ❤❤🎉🎉🎉🎉🎉🎉😊,0,2024-03-15T15:11:47Z,2024-03-15T15:11:47Z
UgyyOFfG_YFKpJRwcRJ4AaABAg,,False,@Nayeon574,BLACKPINK IS THE REVOLUTION MISS YOU SO MUCH QUEENS ❤,0,2024-03-15T15:11:06Z,2024-03-15T15:11:29Z
Ugzt-jWQqrvQtoo2LnB4AaABAg,,False,@ParaskeviEvangelidou-ww4dp,Forever Blink💓💓💓,0,2024-03-15T15:08:04Z,2024-03-15T15:08:04Z
UgyIAnyIMCzAfy3dg5B4AaABAg,,False,@lovelyz_lauraa,"Fans blackpink 🖤🩷 😊
👇🙏😇",0,2024-03-15T15:07:53Z,2024-03-15T15:07:53Z
Ugw2BLMd5015MoWUpHl4AaABAg,,False,@ParaskeviEvangelidou-ww4dp,I miss you😭😢😢😢,0,2024-03-15T15:07:19Z,2024-03-15T15:07:19Z
UgwALfQwkcEwdwrHqCZ4AaABAg,,False,@lovelyz_lauraa,"Saya Indonesia 
Kapan anda melakukan. Konser🥺🥺
Kapan anda kunjungi Indonesia 😊
Kami semua merindukan kalian
Kami menunggu lagu baru anda
Nama saya rahma 
Saya  dari indonesia",0,2024-03-15T15:06:18Z,2024-03-15T15:06:18Z
UgyJmfBUSje1tZLrT7J4AaABAg,,False,@lebi6544,🎉🎉🎉🎉🎉,0,2024-03-15T15:04:43Z,2024-03-15T15:04:43Z
UgxpGVXDThNf8XEpWn94AaABAg,,False,@tangeraakter9602,I missed you so much I'll always wait for your comeback❤❤❤,0,2024-03-15T15:04:35Z,2024-03-15T15:04:35Z
UgwYfVpjGCr8uTiQ0jB4AaABAg,,False,@Your_Lokal_Seoyeon,I was almost tearing when i saw a bew video from this channel i cant wait for the comeback this year!🩷🖤,0,2024-03-15T15:03:51Z,2024-03-15T15:03:51Z
Ugzbqrmfum_AkLCNvWh4AaABAg,,False,@Sahory1802,Blackpik te amooooo ❤❤ te tengo per todos lados tentengo en mi teclado ⌨️ fondo de pantalla bueno como amo 😍 a Jennie 😊la tengo a eya jeje pero las amoo con todo mi ser ❤😊😊,1,2024-03-15T15:03:12Z,2024-03-15T15:03:12Z
Ugxl_04W_22PjuGERVB4AaABAg,,False,@Rosemieq,BKACKPİNK IN YOUR ARE YEAH! Im türkhis blink❤,0,2024-03-15T15:01:56Z,2024-03-15T15:01:56Z
UgxYLg21wCMLRfDrItF4AaABAg,,False,@Jenniemoot884,I love you Blackpinck 😍,1,2024-03-15T15:01:09Z,2024-03-15T15:01:09Z
UgyALo4dJpEwwm66sEx4AaABAg,,False,@ZeynepHalacoglu-mq9hj,Yalvarırım a kalp atın yada sabitleyin lütfen seviliyorsunuz,1,2024-03-15T15:00:26Z,2024-03-15T15:00:26Z
UgwEgeWYPGY0hNomiNZ4AaABAg,,False,@Milkis_._._,BLACKPINK ❤️❤️,0,2024-03-15T14:59:32Z,2024-03-15T14:59:32Z
Ugwu-gbZrtNvBdmUJkt4AaABAg,,False,@ttee-pr3bo,i dn't now?,0,2024-03-15T14:59:10Z,2024-03-15T14:59:10Z
UgwPXqASNXGWAKiB6Lh4AaABAg,,False,@UmidaIbraymova,사랑해❤🎉,1,2024-03-15T14:57:45Z,2024-03-15T14:57:45Z
UgyawfmAGR2E2gwNRUF4AaABAg,,False,@NinaStaic-z5j,"BLACKPINK I MISS YOU SO SO SO MUCH❤❤❤❤❤❤
I LOVE YOU
YOU ARE THE BEST ❤❤❤❤❤❤❤❤❤❤❤❤❤❤❤❤❤❤❤
YOUR VOICE VOICE
YOUR DANCE
YOUR CONCERT
AND EVERYTHING 
𝐈
𝐋𝐎𝐕𝐄
𝐘𝐎𝐔
𝐒𝐎
𝐌𝐔𝐂𝐇
❤❤❤❤❤❤❤❤❤❤❤❤❤❤❤❤❤❤❤❤❤❤❤❤❤❤❤❤❤❤❤❤❤❤❤❤❤❤❤",1,2024-03-15T14:56:48Z,2024-03-15T14:56:48Z
Ugwl0knsNqmHE6bPVul4AaABAg,,False,@SlaySeung22,I LOVE YOU,1,2024-03-15T14:56:21Z,2024-03-15T14:56:21Z
UgyXEOSRzsrn2Yfldeh4AaABAg,,False,@MeiradeWitt,SO CUTEE I LIVE YOU GUYS❤❤❤❤❤❤❤,0,2024-03-15T14:56:14Z,2024-03-15T14:56:14Z
Ugwwe8eRGNTEVdtXAtd4AaABAg,,False,@Nagham-o9l,I love you blackpink🖤💗🖤💗🖤💗,1,2024-03-15T14:56:04Z,2024-03-15T14:56:04Z
UgwLhE1soXWS0s6C_8J4AaABAg,,False,@ENHYPEN_fan7,SO CUTE ❤❤❤ AHHH❤❤❤,1,2024-03-15T14:55:09Z,2024-03-15T14:55:09Z
Ugzu1YgZNulUuh3JFk94AaABAg,,False,@natashabure18,미 피아세 부오이 미 만치,0,2024-03-15T14:50:43Z,2024-03-15T14:50:43Z
UgxYNBKoTXA6zChNWf94AaABAg,,False,@Maylixxie,"Quiero q vuelvan ♥

Ya luego comprare las camisetas ❤",0,2024-03-15T14:49:20Z,2024-03-15T14:49:20Z
Ugx8MEYuVjbUlgQ4aNN4AaABAg,,False,@Ami-u7j,😢 blackpink 🎉❤,0,2024-03-15T14:48:21Z,2024-03-15T14:48:21Z
UgydWxSx95F4E3lsXpV4AaABAg,,False,@AartiRajput-jl1wy,Black pink is revolution ❤,0,2024-03-15T14:46:00Z,2024-03-15T14:46:00Z
UgyiU9FBPTgDGBl53eB4AaABAg,,False,@Ayowaeluna,Perfect loop doesn't exi-,0,2024-03-15T14:45:56Z,2024-03-15T14:45:56Z
UgyHy8TlsOw4Im0z6Bl4AaABAg,,False,@geethaGeetha-en8hm,Waiting for comeback cant live without listening ur voices ❤😢,1,2024-03-15T14:45:40Z,2024-03-15T14:45:40Z
UgwmxThYedjnSoYt3cZ4AaABAg,,False,@ZUSHEKIM12334,Blackpink 🖤 🩷 🖤 🩷,0,2024-03-15T14:45:36Z,2024-03-15T14:45:36Z
Ugxrw_4UBYH7CmsMkKd4AaABAg,,False,@DoraemonX-o8b,Hello blinks,0,2024-03-15T14:45:35Z,2024-03-15T14:45:35Z
UgwVmUE-9HMSgA8AxBd4AaABAg,,False,@guriyasonie9795,Love you 4 queens 👸,0,2024-03-15T14:44:25Z,2024-03-15T14:44:25Z
UgzaNHdk18ICP3rfMVZ4AaABAg,,False,@Zøÿã00u,"I love u 1%
 I love u 2%
  I love u 3%
   I love u 4%
    I love u 5%
     I love u 6%
      I love u 7%
       I love u 8%
        I love u 9%
       I love u 10%
      I love u 11%
     I love u 12%
    I love u 13%
   I love u 14%
  I love u 15%
 I love u 16%
I love u 17%
 I love u 18%
  I love u 19%
   I love u 20%
    I love u 21%
     I love u 22%
      I love u 23%
       I love u 24%
        I love u 25%
         I love u 26%
        I love u 27%
       I love u 28%
      I love u 29%
     I love u 30%
    I love u 31%
   I love u 32%
  I love u 33%
 I love u 34%
I love u 35%
 I love u 36%
  I love u 37%
   I love u 38%
    I love u 39%
     I love u 40%
      I love u 41%
       I love u 42%
        I love u 43%
         I love u 44%
        I love u 45%
       I love u 46%
      I love u 47%
     I love u 48%
    I love u 49%
   I love u 50%
  I love u 51%
 I love u 52%
I love u 53%
 I love u 54%
  I love u 55%
   I love u 56%
    I love u 57%
     I love u 58%
      I love u 59%
       I love u 60%
        I love u 61%
         I love u 62%
        I love u 63%
       I love u 64%
      I love u 65%
     I love u 66%
    I love u 67%
   I love u 68%
  I love u 69%
 I love u 70%
I love u 71%
 I love u 72%
  I love u 73%
   I love u 74%
    I love u 75%
     I love u 76%
      I love u 78%
       I love u 79%
        I love u 80%
       I love u 81%
      I love u 82%
     I love u 83%
    I love u 84%
   I love u 85%
  I love u 86%
 I love u 87%
I love u 88%
 I love u 89%
  I love u 90%
   I love u 91%
    I love u 92%
     I love u 93%
      I love u 94%
       I love u 95%
        I love u 96%
         I love u 97%
        I love u 98%
       I love u 99%
      I LOVE U 100%
     I LOVE U 101%
    I LOVE U 102%
   I LOVE U 103%
  I LOVE U 104%
 I LOVE U 105%
I LOVE U ♾️❤︎
I love you blackpink❤❤❤❤❤❤❤❤❤❤❤❤❤❤❤❤❤❤❤❤",1,2024-03-15T14:40:27Z,2024-03-15T14:40:27Z
UgxmI2jrr9Qjv7-8TuN4AaABAg,,False,@MINNIO-87s,We miss you blackpink 🖤🩷,0,2024-03-15T14:39:42Z,2024-03-15T14:39:42Z
Ugz1K9xtxX6nzPi2QjJ4AaABAg,,False,@Lauren-g1r,I understand 😭😭,0,2024-03-15T14:38:56Z,2024-03-15T14:38:56Z
Ugwpi68lZPET2KAiaJ94AaABAg,,False,@bpblink44,"I miss my 4 queens, I am Bangladeshi blink 🇧🇩...",1,2024-03-15T14:38:54Z,2024-03-15T14:38:54Z
UgzF7kpGRTEIXEp2sap4AaABAg,,False,@drkberryyss,Ne bir dakika cb 'mi geliooo wuagagaggagaga,0,2024-03-15T14:38:49Z,2024-03-15T14:38:49Z
Ugy-fiDD7CdYzYB_OTx4AaABAg,,False,@Lisa43-d8o,Cute❤❤,0,2024-03-15T14:37:32Z,2024-03-15T14:37:32Z
UgyTomXFppDEbuzCnmx4AaABAg,,False,@BlinkArmy741,Miss you BLACKPINK😢😢😢,1,2024-03-15T14:37:27Z,2024-03-15T14:37:27Z
UgypC_qxWHP0lqrtD2F4AaABAg,,False,@rockybroking785,Miss you my 4 cute girls,0,2024-03-15T14:36:45Z,2024-03-15T14:36:45Z
UgzPb5DHPfA7CXsRBTp4AaABAg,,False,@Maristellaz,So cute ❤❤❤❤❤,0,2024-03-15T14:36:25Z,2024-03-15T14:36:25Z
Ugxw70osEYn-OosY-Ol4AaABAg,,False,@sanjeewawitharana3192,black pink very talented,1,2024-03-15T14:35:20Z,2024-03-15T14:35:20Z
UgyNbmvrm50ZV1Z90qV4AaABAg,,False,@Lennahallou245,I love you Blackpink 나는 당신을 모두 사랑합니다 ❤🖤💗,0,2024-03-15T14:34:55Z,2024-03-15T14:34:55Z
UgzytpstMjWUh9hXJWV4AaABAg,,False,@anushik3773,BLACKPIIIIINK I LOVE YOUUUUUU❤,0,2024-03-15T14:34:49Z,2024-03-15T14:34:49Z
UgxtTgYEhtby4aF1GC94AaABAg,,False,@NagehanOzturk-w8t,BLACKPINK İS THE BEST K-POP GROUP EVEEER💓🖤💓🖤💓💓🖤💓🖤💓🖤💓🖤💓🖤,0,2024-03-15T14:34:14Z,2024-03-15T14:34:14Z
UgxO965NQxSMUIfB0tN4AaABAg,,False,@8i_7I,✨💗💗💗✨,1,2024-03-15T14:33:57Z,2024-03-15T14:33:57Z
UgznjGDeO7X2eaQmEhd4AaABAg,,False,@enthin_1142,❤❤❤,0,2024-03-15T14:26:59Z,2024-03-15T14:26:59Z
Ugy5SEydaNpUkTQ0I8l4AaABAg,,False,@Rosie_Blinkxbp,"Our four queens,blackpink 🖤🩷.",0,2024-03-15T14:25:46Z,2024-03-15T14:25:46Z
Ugzmht3N2BExzry1s-h4AaABAg,,False,@roopamsaini6716,Lisa❤,1,2024-03-15T14:25:14Z,2024-03-15T14:25:14Z
UgwNzg8GlllH3SjfHTd4AaABAg,,False,@mansaramsinha,Blackpink is the revolution and please we want Blackpink comeback 😭,0,2024-03-15T14:23:44Z,2024-03-15T14:23:44Z
UgwKPQ0k9sq76ML5Vd94AaABAg,,False,@sarxinas...,OMG BLACKPINKK WE MISS U SN,0,2024-03-15T14:23:11Z,2024-03-15T14:23:11Z
Ugx6Y2eXyeY7iEQubyh4AaABAg,,False,@magiaposnagidu1029,"When are you coming back my QUEENS❤❤❤
😢😢😢",0,2024-03-15T14:20:06Z,2024-03-15T14:20:06Z
Ugye3wZohd_IjU17QFl4AaABAg,,False,@ridhi__lisa,"Miss you💔🤧..queen of kpop,queen of villain,miss korea,golden vocalist😔🥺😭",1,2024-03-15T14:19:06Z,2024-03-15T14:19:06Z
UgwMEB8dXfI2j3SULoZ4AaABAg,,False,@HayetBessalem,Blackpink We miss you so muchhhh 🤍✨,1,2024-03-15T14:18:42Z,2024-03-15T14:18:42Z
UgyyKueiGVmB4rF0qg54AaABAg,,False,@Биче-оолЧинчи,"Miss you my queens
I love you 🖤BLΛƆKPIИK💗❤❤❤",0,2024-03-15T14:18:02Z,2024-03-15T14:18:02Z
Ugzyegcduv4OMuCpczR4AaABAg,,False,@Loliu19,블랙뱅크 넌 최고야 어디가 사라져도 사랑해 신곡과 강렬한 컴백을 원한다😭😭😭🎀,44,2024-03-15T14:15:50Z,2024-03-15T14:15:50Z
Ugzyegcduv4OMuCpczR4AaABAg.A1-w6tqKiCoA19MuGg0d14,Ugzyegcduv4OMuCpczR4AaABAg,True,@Contryballs_morooco,حمير,0,2024-03-19T06:11:48Z,2024-03-19T06:11:48Z
Ugzyegcduv4OMuCpczR4AaABAg.A1-w6tqKiCoA49--NdMBKV,Ugzyegcduv4OMuCpczR4AaABAg,True,@AceNayeon,저도 답변 기다리고 있어요,1,2024-06-01T16:17:06Z,2024-06-01T16:17:06Z
UgxIFZntxRBJP9f3xPJ4AaABAg,,False,@Jensetter38167,"*JENNİE QUEEN OF RAP*
*LİSA QUEEN OF DANCE*
*JİSOO QUEEN OF VİSUAL*
*ROSE QOUEEN OF VOCAL*",0,2024-03-15T14:14:02Z,2024-03-15T14:14:02Z
UgyCwpGNG6rAi9b7sGJ4AaABAg,,False,@Mabyyyli,CADE O COMEBACK,0,2024-03-15T14:14:01Z,2024-03-15T14:14:01Z
UgzHhcHq-yXqSJqsMRd4AaABAg,,False,@1661belki1,BLACKPİNK İN YOUR AREA,0,2024-03-15T14:13:59Z,2024-03-15T14:13:59Z
UgxjCx-gUahx7DuozeZ4AaABAg,,False,@BlackpinkLove9,Blackpink I love you 🖤💗플래시 My Queens,2,2024-03-15T14:13:11Z,2024-03-15T14:13:30Z
UgxMwtBb86A2KHEvaWx4AaABAg,,False,@Wafflelover2013,My queens❤❤❤,0,2024-03-15T14:12:57Z,2024-03-15T14:12:57Z
UgwTbkZzFtzOjJd3iqx4AaABAg,,False,@rotines941,I love blackpink❤,0,2024-03-15T14:12:27Z,2024-03-15T14:12:27Z
UgzFNGDj9mveREhOPop4AaABAg,,False,@Kimsuhuu,❤🖤🩷,0,2024-03-15T14:10:11Z,2024-03-15T14:10:11Z
UgyfQY5fR1E1-_rV5EV4AaABAg,,False,@Funny_fnaf_family,"Omg I’m a big fan , but when you go to Finland?",0,2024-03-15T14:09:28Z,2024-03-15T14:09:28Z
Ugz6IlZeT5Xg3VrNim54AaABAg,,False,@Jichuuuuk_,YG PLEASE 🥺 SEE HOW SAD ARE ALL THE BLINKS!WE NEED A COMEBACK OUR HEALTH STARTS BECOMING BAD WITHOUT BLACKPINK💔,0,2024-03-15T14:09:15Z,2024-03-15T14:09:15Z
UgyGtH7tdjIrrJIwnvF4AaABAg,,False,@rithikaratheesh9405,Blackpink  please come back 😭,0,2024-03-15T14:09:12Z,2024-03-15T14:09:12Z
Ugyj3zbb2ZEDgpyDUbh4AaABAg,,False,@you_are_amazing111,Finally a new post❤❤❤I love you Blackpink 🖤💖🖤 🖤BLΛƆKPIИK💗 in your area ❤,0,2024-03-15T14:08:02Z,2024-03-15T14:08:02Z
Ugy3I-hOxpK_uNTlPYd4AaABAg,,False,@ibtisamkhan1706,Love from india❤❤❤,1,2024-03-15T14:07:48Z,2024-03-15T14:07:48Z
UgyyRg-qRVTxFF9uV1d4AaABAg,,False,@LissalimonLimajazmin,I love boack pink and lisa rose jennie jisso,0,2024-03-15T14:07:31Z,2024-03-15T14:07:31Z
Ugz3Y2kGGGOjgUUVnc94AaABAg,,False,@noomecconocess,I LOVEEE YOUUUU❤❤❤❤❤❤,1,2024-03-15T14:07:02Z,2024-03-15T14:07:02Z
Ugw6LZ7AwPydGUfHGpx4AaABAg,,False,@Tho.chocolate,"I miss BLACK PINK MISS MISS SOO MISS 😢😢😢😢😢😢😢😭😭😭😭😭🥺🥺🥺🥺🥺🥺🥺
MISS ROSE
MISS LISA
MISS JENNIE
MISS JISOO 
We always wait you comback ❤❤😅😅😅😢😢😢😢😢😢😢",0,2024-03-15T14:04:41Z,2024-03-15T14:07:27Z
UgyjdX6GE1XWO_J0DzN4AaABAg,,False,@Rosieblink726,❤WE ARE WAITING FOR LEGENDARY COMEBACK OF YOURS ❤,0,2024-03-15T14:04:27Z,2024-03-15T14:04:27Z
Ugw0-4TzYoJufhe21Kd4AaABAg,,False,@Itz_miralala,We miss you so much blackpink ❤,0,2024-03-15T14:01:25Z,2024-03-15T14:01:25Z
UgxvlzPtZJKuifPtcdp4AaABAg,,False,@Liliz.tys1,OMG 😭😭😭😭💗💗💗,1,2024-03-15T14:00:52Z,2024-03-15T14:00:52Z
UgzY9bJKVxSzBV6xzvd4AaABAg,,False,@Rosié1-me,i miss BLACKPİNK 🩷🖤🩷🖤🩷,1,2024-03-15T13:59:54Z,2024-03-15T13:59:54Z
UgxLYPV3LA-4HBrX0gN4AaABAg,,False,@이슬IseulJihye지혜,WE NEED A COMEBACK 🔥🔥🔥,1614,2024-03-15T13:59:25Z,2024-03-15T13:59:25Z
UgxLYPV3LA-4HBrX0gN4AaABAg.A1-uEj3F9JyA10JYQi1qKk,UgxLYPV3LA-4HBrX0gN4AaABAg,True,@DimaAlsaied,BLACKPINK 100M subscribers 🥹 on YouTube before comeback let's goooooo 👑👑🖤💗🏆,53,2024-03-15T17:49:18Z,2024-03-15T17:49:18Z
UgxLYPV3LA-4HBrX0gN4AaABAg.A1-uEj3F9JyA139ERzgnsX,UgxLYPV3LA-4HBrX0gN4AaABAg,True,@maryalexandradelpezoreyes364,YEES,11,2024-03-16T20:16:55Z,2024-03-16T20:16:55Z
UgxLYPV3LA-4HBrX0gN4AaABAg.A1-uEj3F9JyA13FE_nzF8Y,UgxLYPV3LA-4HBrX0gN4AaABAg,True,@Official_24YEETMAN,"Knowing YG, we’ll probably get one either near the end of 2024 or early 2025 bc they’ll want to 1-up hybe when BTS comes back from the military.",12,2024-03-16T21:09:22Z,2024-03-16T21:09:22Z
UgxLYPV3LA-4HBrX0gN4AaABAg.A1-uEj3F9JyA13G67h63zJ,UgxLYPV3LA-4HBrX0gN4AaABAg,True,@DimaAlsaied,@@Official_24YEETMAN blackpink don't need bts they already global that's why they always said blackpink the revolution that's so true 🤝💯💖🖤💗🏆🏆🏆,18,2024-03-16T21:16:57Z,2024-06-04T03:17:10Z
UgxLYPV3LA-4HBrX0gN4AaABAg.A1-uEj3F9JyA14FNe0lFnJ,UgxLYPV3LA-4HBrX0gN4AaABAg,True,@Seolsim8,"Yes, i agree👍🏻",4,2024-03-17T06:29:51Z,2024-03-17T06:29:51Z
UgyUEVSYpFjYDezEBTB4AaABAg,,False,@Dogsaremylife-r3q,I miss blackpink sooo much,0,2024-03-15T13:59:25Z,2024-03-15T13:59:25Z
Ugwy7V7A5Si1XFfY_eN4AaABAg,,False,@ahmetyazc8817,l Love Blackpink❤,1,2024-03-15T13:59:14Z,2024-03-15T13:59:14Z
Ugwvjz1s_tkZ-wvvGJp4AaABAg,,False,@xitrumm._.offkloc,"Cute
Love BLACKPINK so much",0,2024-03-15T13:58:42Z,2024-03-15T13:58:42Z
UgzntlevBNU3oc62EdV4AaABAg,,False,@Chanlix-Forever12,Omg Soo cuteeeeeeeeee ❤❤❤❤,0,2024-03-15T13:58:28Z,2024-03-15T13:58:28Z
UgxMWTy1Z7tDfO319GV4AaABAg,,False,@nahlaiscoolxo,BLACKPINKKK WE WANT A COMEBACKK😭😭💕,0,2024-03-15T13:57:39Z,2024-03-15T13:57:39Z
Ugwh78w7_yyJ4sCp8jp4AaABAg,,False,@Mochichuuu,I love you guys❤️,0,2024-03-15T13:57:25Z,2024-03-15T13:57:25Z
UgwHLv30d8jDabgx9sF4AaABAg,,False,@Da5_sridevi13,Blackpink pls combekk,1,2024-03-15T13:55:29Z,2024-03-15T13:55:29Z
Ugz0_vEkG8xJV6gdeqN4AaABAg,,False,@Jane_K_officialchannel,"Please, Bp comeback 2024😭🙏🏽🙏🏽🙏🏽🙏🏽🙏🏽🙏🏽",0,2024-03-15T13:54:39Z,2024-03-15T13:54:39Z
Ugzb1ZlJKK1IU8qh2TV4AaABAg,,False,@Simlisaww,🖤💗🖤💗🖤💗🖤💗,0,2024-03-15T13:53:57Z,2024-03-15T13:53:57Z
Ugz4JDlCWyS1-EA0udt4AaABAg,,False,@ليانحسن-خ4ك,BLACKPINK  I miss you so much 💗🫂💔,0,2024-03-15T13:53:07Z,2024-03-15T14:06:50Z
UgzsT8jvCuG5j0hw4wl4AaABAg,,False,@coconutschannel.s,Ağağağağağağğa❤❤❤,0,2024-03-15T13:52:08Z,2024-03-15T13:52:08Z
Ugz-7QTBvs6VtKqdIyp4AaABAg,,False,@ulice.londona,I love you BLACKPINK,0,2024-03-15T13:50:48Z,2024-03-15T13:50:48Z
UgxBQiNfXOFDRXG181Z4AaABAg,,False,@Blinkie941,"Miss you our 4queens😢😢
Miss you my best rapper queen😭
Miss you my beauty queen😭
Miss you my my vocal queen😭
Miss you my best ever dancer😭
😭😭😭😭😭😭😭😭😭😭😭😭😭😭😭😭😭😭😭😭😭😭😭😭😭😭😭😭😭😭😭😭😭😭😭😭😭😭😭😭😭😭😭😭😭😭😭😭😭😭😭😭😭😭😭😭",1,2024-03-15T13:49:53Z,2024-03-15T13:50:51Z
Ugz2K4Yr4psyjoOunit4AaABAg,,False,@Azrin0202,We want blackpink ew album,0,2024-03-15T13:49:47Z,2024-03-15T13:49:47Z
UgzJ-RPRGXH5w_T5sFV4AaABAg,,False,@Azrin0202,Release new music,0,2024-03-15T13:49:37Z,2024-03-15T13:49:37Z
Ugz2Oz3bGs6l2UiT7HZ4AaABAg,,False,@Sipa_blink,Has blackpink quit?!,0,2024-03-15T13:49:33Z,2024-03-15T13:49:33Z
Ugz7xjPytUmLl6RBH-54AaABAg,,False,@NihlÇetin,"BLACKPİNK 정말 대단해, 너희들이 최고야 유지해! ❤❤❤",21,2024-03-15T13:48:30Z,2024-03-15T13:48:30Z
Ugz7xjPytUmLl6RBH-54AaABAg.A1-szgUAJ4eA11mTQpQsq8,Ugz7xjPytUmLl6RBH-54AaABAg,True,@TheHighLevel.,BLACKPINK - FANTASTIC FOUR,1,2024-03-16T07:30:01Z,2024-03-16T07:30:01Z
UgyXgfEhCYA-3qxgX6x4AaABAg,,False,@Lee_tawe_fan,Hoooooo blackpinkkkkkkkk❤❤❤😊😊😊,1,2024-03-15T13:46:51Z,2024-03-15T13:46:51Z
UgwQg5dHCNU2Yu6VQIZ4AaABAg,,False,@Cute_girl591.,I'm big bp fan,0,2024-03-15T13:46:17Z,2024-03-15T13:46:17Z
Ugx0pSSsxXKL5e0Q6GJ4AaABAg,,False,@egorzimin3256,When will be next comeback!?!?!!?❤️❤️❤️❤️😭😭😭😭😭,1,2024-03-15T13:45:55Z,2024-03-15T13:45:55Z
UgzVnMqJt5oVYy4MT914AaABAg,,False,@Shinixwiq,Ben anlamamak-,0,2024-03-15T13:45:52Z,2024-03-15T13:45:52Z
Ugxv9jMtp09VNp_f4AN4AaABAg,,False,@Audios_subliminales-t1e,Que hermosa animacion.,0,2024-03-15T13:44:10Z,2024-03-15T13:44:10Z
Ugy3cC4ar8pmcAyEdPt4AaABAg,,False,@Soona.art9,Are they going to change the shape of the light stick 😢😢,0,2024-03-15T13:43:50Z,2024-03-15T13:43:50Z
UgzIVgRS-kst7j9skcJ4AaABAg,,False,@Джису-г6о,We love you❤❤❤❤,0,2024-03-15T13:43:43Z,2024-03-15T13:43:43Z
Ugzardt8_TefoVHtx3p4AaABAg,,False,@ckdrama538,"❤❤❤ we miss you so much
And waiting for your cute four queen 👑 dance and cute smile and your dancing steps",0,2024-03-15T13:43:25Z,2024-03-15T13:43:25Z
Ugx-onTORGA0RuubeeR4AaABAg,,False,@blackpinkblink9704,Miss u blackpink queens 😭😭,0,2024-03-15T13:43:24Z,2024-03-15T13:43:37Z
UgxZeL1_szV_O5c15UN4AaABAg,,False,@multikpop_stan,blackpink we miss you very very much,0,2024-03-15T13:43:07Z,2024-03-15T13:43:07Z
UgwLRgkKC_gNs_MtkIx4AaABAg,,False,@Тридевицы-ц2ю,С нетерпением ждём возвращения Blackpink! Мы вас любим💘💘💘💫💫💫,20,2024-03-15T13:41:44Z,2024-03-15T13:41:44Z
UgwLRgkKC_gNs_MtkIx4AaABAg.A1-sD8qBOb8A19xtTvE6zN,UgwLRgkKC_gNs_MtkIx4AaABAg,True,@Lalizziks,ты поняла что это значит ? просто  я нет,1,2024-03-19T11:43:45Z,2024-03-19T11:43:45Z
UgwLRgkKC_gNs_MtkIx4AaABAg.A1-sD8qBOb8A1AOXxSSojV,UgwLRgkKC_gNs_MtkIx4AaABAg,True,@Тридевицы-ц2ю,@@Lalizziks я просто жду возвращения бп,0,2024-03-19T15:45:20Z,2024-06-12T22:34:50Z
UgzHmqIFYAndR_uWNHx4AaABAg,,False,@lillygeneration,Please blackpink ot4 please we are waiting for your new mv 😢😢😢,1,2024-03-15T13:40:31Z,2024-03-15T13:40:31Z
Ugw3nGcQyu5lqMWwfeB4AaABAg,,False,@raniaaici6505,I love you so much BLACKPINK ❤❤❤❤❤,0,2024-03-15T13:39:41Z,2024-03-15T13:39:41Z
UgyKjftB7NJQzRmV_vp4AaABAg,,False,@Blackpinkjisoo396,I miss u so much ❤❤.I am waiting for u my queens 👑❤,0,2024-03-15T13:39:23Z,2024-03-15T13:39:23Z
Ugxx095YUhLMwTQSyOx4AaABAg,,False,@Тридевицы-ц2ю,I love Blackpink!💋🤍🌹,1,2024-03-15T13:39:02Z,2024-03-15T13:39:02Z
UgzT7Cl7QtHhBHxBloB4AaABAg,,False,@golubadshah4537,"4 dancers, 4 vocalists, 4 visuals, 4 rappers and 4 queens
BLACKPINK NEVER DISAPPOINTS US!",330,2024-03-15T13:38:46Z,2024-03-15T13:38:46Z
UgzT7Cl7QtHhBHxBloB4AaABAg.A1-rsPMyS77A2ANv6RfKMO,UgzT7Cl7QtHhBHxBloB4AaABAg,True,@Tarannum_alvi,Just haters disappoint us,5,2024-04-13T12:11:18Z,2024-04-13T12:11:18Z
UgzT7Cl7QtHhBHxBloB4AaABAg.A1-rsPMyS77A4jokpqnWDt,UgzT7Cl7QtHhBHxBloB4AaABAg,True,@Best_Rosiesxy,Sonunda üyeleri ayırmayan biri🎉,1,2024-06-16T08:50:00Z,2024-06-16T08:50:00Z
UgzT7Cl7QtHhBHxBloB4AaABAg.A1-rsPMyS77A5nBFk-Xonh,UgzT7Cl7QtHhBHxBloB4AaABAg,True,@keerthisami5872,Mutu,0,2024-07-12T12:44:27Z,2024-07-12T12:44:27Z
UgzT7Cl7QtHhBHxBloB4AaABAg.A1-rsPMyS77A6SHj3jChhx,UgzT7Cl7QtHhBHxBloB4AaABAg,True,@RefikÖlmez-r8z,Ha bu arada bir de bu ürün için ilave bir resim❤,0,2024-07-28T21:09:07Z,2024-07-28T21:09:07Z
UgwYp4krRFwFHBTd85d4AaABAg,,False,@埃斯特605,so❤,1,2024-03-15T13:36:07Z,2024-03-15T13:36:07Z
UgyqCCtJPwtq6T4oFF14AaABAg,,False,@ŞirxanMemmedov-q8e,"Blackpink,we miss you so much😭❤️",2,2024-03-15T13:33:58Z,2024-03-15T13:33:58Z
UgyqCCtJPwtq6T4oFF14AaABAg.A1-rKIoskneA1-tKqthYHE,UgyqCCtJPwtq6T4oFF14AaABAg,True,@TheHighLevel.,Fantastic 4️⃣,1,2024-03-15T13:51:31Z,2024-03-15T13:51:31Z
UgyqCCtJPwtq6T4oFF14AaABAg.A1-rKIoskneA10Nv90A9Pr,UgyqCCtJPwtq6T4oFF14AaABAg,True,@ŞirxanMemmedov-q8e,@@TheHighLevel. yess,1,2024-03-15T18:27:30Z,2024-04-18T00:50:47Z
Ugwy1S_HJXw33-1aNHt4AaABAg,,False,@wafaboumada,ذك بلاك بينك يرجعو ولا لا,0,2024-03-15T13:33:04Z,2024-03-15T13:33:04Z
UgwSzx4f6Uq4ggQW_TJ4AaABAg,,False,@TwicepinkMimi,블랙핑크 너무 보고싶어 제발 돌아와줘 최고야 너무 사랑해💗로즈 결혼해줘 ㅋㅋㅋ,0,2024-03-15T13:32:23Z,2024-03-15T13:32:23Z
UgxAF8wWCdNEjNWRCNh4AaABAg,,False,@kimjisoo-t5e,black pink i miss you😭😭😭😭😭,0,2024-03-15T13:30:59Z,2024-03-15T13:30:59Z
UgzM2svVbOHFc5XQtOJ4AaABAg,,False,@bebeeELF44,Miss youuu girls. Need blackpink comeback in this year 😭😭😭😭,0,2024-03-15T13:30:25Z,2024-03-15T13:30:25Z
Ugw88sL8eF5YcXRUcIh4AaABAg,,False,@Ankur-z2q,😮Please blackpink comeback,0,2024-03-15T13:29:57Z,2024-03-15T13:29:57Z
UgzCMoW1QX33QcT2yQN4AaABAg,,False,@americanojohajohajohaaa,블랙핑키 게임 좀 볼 수 있나요? 저는 터키 사람이에요,1,2024-03-15T13:29:56Z,2024-03-15T13:29:56Z
Ugz1uxYEywD_ioL8EdZ4AaABAg,,False,@mysharrafabdymajidova56,Blackpink ❤❤❤❤❤❤❤❤❤❤❤❤❤❤,0,2024-03-15T13:29:52Z,2024-03-15T13:29:52Z
UgzSjJHlR4Wt-FD0-SF4AaABAg,,False,@twicepinklove,LAS EXTRAÑO MIS REINAS😭💓,0,2024-03-15T13:28:42Z,2024-03-15T13:28:42Z
UgzIe5o7nvJ4KIc2yAV4AaABAg,,False,@Rip_Saturnn,"Their so powerful,their light just…shines through my broken heart..",131,2024-03-15T13:26:39Z,2024-03-15T13:26:39Z
UgzIe5o7nvJ4KIc2yAV4AaABAg.A1-qUjMJNDlA11lFn0kONL,UgzIe5o7nvJ4KIc2yAV4AaABAg,True,@IHeartblackpinkblink,relatable,0,2024-03-16T07:19:24Z,2024-03-16T07:19:24Z
UgzIe5o7nvJ4KIc2yAV4AaABAg.A1-qUjMJNDlA12B5Ttmtgq,UgzIe5o7nvJ4KIc2yAV4AaABAg,True,@Strawjenberry,true.,0,2024-03-16T11:13:56Z,2024-03-16T11:13:56Z
UgzIe5o7nvJ4KIc2yAV4AaABAg.A1-qUjMJNDlA12ChNh7vFt,UgzIe5o7nvJ4KIc2yAV4AaABAg,True,@AdekoudjoSefiwou-ch1mg,Mo​@@Strawjenberry,0,2024-03-16T11:27:59Z,2024-04-18T02:40:23Z
Ugy2Jqh95wH-Jlq2CT14AaABAg,,False,@User9q8eus,❤❤❤❤❤❤❤❤❤❤❤❤❤❤❤❤❤❤❤❤❤❤❤❤❤❤❤❤❤❤❤❤❤❤❤❤❤❤❤❤❤❤❤❤❤❤❤❤❤❤❤❤❤❤❤❤❤❤❤❤❤❤❤❤❤❤❤❤❤❤❤❤❤❤❤❤❤❤❤❤❤❤❤❤❤❤❤❤❤❤❤❤❤❤❤❤❤❤❤❤❤❤❤❤❤❤❤❤❤❤❤❤❤❤❤❤❤❤❤❤❤❤❤❤❤❤❤❤❤❤❤❤❤❤❤❤❤❤❤❤❤❤❤❤❤❤❤❤❤❤❤❤❤❤❤❤❤❤❤❤❤❤❤❤❤❤❤❤❤❤❤❤❤❤❤❤❤❤❤❤❤❤❤❤❤❤❤❤❤❤❤❤❤❤❤❤❤❤❤❤❤❤❤❤❤❤❤❤❤❤❤❤❤❤❤❤❤❤❤❤❤❤❤❤❤❤❤❤❤❤❤❤❤❤❤❤❤❤❤❤❤❤❤❤❤❤❤❤❤❤❤❤❤❤❤❤❤❤❤❤❤❤❤❤❤❤❤❤❤❤❤❤❤❤❤❤❤❤❤❤❤❤❤❤❤❤❤❤❤❤❤❤❤❤❤❤❤❤❤❤❤❤❤❤❤❤❤❤❤❤❤❤❤❤❤❤❤❤❤❤❤❤❤❤❤❤❤❤❤❤❤❤❤❤❤❤❤❤❤❤,0,2024-03-15T13:26:20Z,2024-03-15T13:26:20Z
Ugwf26gBelk6pDWzYeV4AaABAg,,False,@User9q8eus,Ahhh I Love jennie Rosie ❤❤❤❤❤❤❤❤❤❤❤❤❤❤❤❤❤❤❤❤❤❤❤❤❤❤❤❤❤❤❤❤❤❤❤❤❤❤❤❤❤❤❤❤❤❤❤❤❤❤❤❤❤❤❤❤❤❤❤❤❤❤❤❤❤❤❤❤❤❤❤❤❤❤❤❤❤❤❤❤❤❤❤❤❤❤❤❤❤❤❤❤❤❤❤❤❤❤❤❤❤❤❤❤❤❤❤❤❤❤❤❤❤❤❤❤❤❤❤❤❤❤❤❤❤❤❤❤❤❤❤❤❤❤❤❤❤❤❤❤❤❤❤❤❤,0,2024-03-15T13:24:54Z,2024-03-15T13:24:54Z
UgwdWonfy9xQ4IzfMXh4AaABAg,,False,@Axis_5,"We are waiting for you, our queens Blackpink 🌟🌟✨",1,2024-03-15T13:23:48Z,2024-03-15T13:23:48Z
UgyyFKw4GW-wGJ-eI9Z4AaABAg,,False,@ArshadKhan-sp8rj,Blackpink is the revolution 🖤💗,1,2024-03-15T13:23:07Z,2024-03-15T13:23:07Z
UgzGf63QMC4FHGaVEdV4AaABAg,,False,@Kpop_Wifeyyyৎ,"Can someone explain pls!?
Did Blackpink disband? If they are then why is this collaboration?",1,2024-03-15T13:21:23Z,2024-03-15T13:21:23Z
UgwgejJjgjYV81e_LPV4AaABAg,,False,@Music_fan-w2p,Still waiting for their comeback,1,2024-03-15T13:20:33Z,2024-03-15T13:20:33Z
UgyWPaJuTQESuMj6nEd4AaABAg,,False,@asishsaha2568,.,0,2024-03-15T13:20:22Z,2024-03-15T13:20:22Z
UgzH6Q3bEiAUXHgW3Gl4AaABAg,,False,@SmilingDrone-ky2in,"Hey wow 
Hey my dear haters  
Here, BLACKPINK  is Back 
               And one thing 
My dear haters  this is for you : 
      BLACKPINK  rock Haters  shock 😎😊❤️",1,2024-03-15T13:20:05Z,2024-03-15T13:20:05Z
Ugw_sKjeMexsDcKCmNJ4AaABAg,,False,@JENNIEfreakinKIM,BLACKPINK will return stronger than ever🖤🩷💫,2,2024-03-15T13:19:57Z,2024-03-15T13:19:57Z
UgzJzVL6QQNcJiD55Zh4AaABAg,,False,@JensoofanzjjX,BALCKPİNKK🖤🩷,0,2024-03-15T13:19:48Z,2024-03-15T13:19:48Z
UgzbToXzcS3wlsgwF714AaABAg,,False,@ASYAUÇAR-f1p,🌸BLACKPINK FOREVER ❤,0,2024-03-15T13:18:10Z,2024-03-15T13:18:10Z
UgyCVQCD_G43RoIHJoB4AaABAg,,False,@albertogomez3461,𝙱𝚕𝚒𝚗𝚔 𝚖𝚒𝚜𝚜 𝚢𝚘𝚞𝚞 𝚌𝚘𝚖𝚎 𝚋𝚊𝚌𝚔 𝚙𝚕𝚜!! ❤❤,0,2024-03-15T13:17:51Z,2024-03-15T13:17:51Z
UgwIGi68GKTfN5ryI0d4AaABAg,,False,@Bpink4.,❤!!Queens!!❤,0,2024-03-15T13:16:46Z,2024-03-15T13:16:46Z
Ugy-rwWuNzReCoOmal94AaABAg,,False,@galbayrakoglu,Blackpink l love you❤❤❤❤❤❤❤ l am turkısh 🇹🇷🇹🇷🇹🇷🇹🇷🇹🇷🇹🇷🇹🇷🇹🇷,0,2024-03-15T13:16:40Z,2024-03-15T13:16:40Z
UgzxO7EzY9E-ePq-eVR4AaABAg,,False,@Ll_svw,BLACKPINK IN YOUR AREA!,0,2024-03-15T13:14:53Z,2024-03-15T13:14:53Z
UgztB7mYGK_TLSE6e894AaABAg,,False,@STAR-1-12,"Is there a new comeback? 
كاني خبصت بالترجمه 😭🥚",1,2024-03-15T13:14:28Z,2024-03-15T13:14:28Z
UgztB7mYGK_TLSE6e894AaABAg.A1-p5QHscGTA1-pYdi999e,UgztB7mYGK_TLSE6e894AaABAg,True,@ela-777,I don't think there is a return,1,2024-03-15T13:18:27Z,2024-03-15T13:18:27Z
UgyvUS18d__6RNrADrl4AaABAg,,False,@Looooooooooh,Blackpink ❤❤❤in your are vevolucion 😊blink l'est go,0,2024-03-15T13:14:27Z,2024-03-15T13:14:27Z
UgwBnM055KGurQPBpBx4AaABAg,,False,@Lalalisacatw,I love you Blackpink❤,1,2024-03-15T13:14:19Z,2024-03-15T13:14:19Z
UgxcEATPSZ8sJhZN6hF4AaABAg,,False,@MİNİKhamster,Blackpinkkkk🖤🩷🇰🇷🩷🇹🇷🎀,1,2024-03-15T13:14:15Z,2024-03-15T13:15:41Z
UgwrUdwSIuOroax122J4AaABAg,,False,@ecrinadaogan1446,Blacpink Lisa bana ve rose bana benziyor,1,2024-03-15T13:14:15Z,2024-03-15T13:14:15Z
UgzbCTCGPt8CmZ5ozx14AaABAg,,False,@Vaaniiio,So cute💗,0,2024-03-15T13:10:47Z,2024-03-15T13:10:47Z
Ugz0bzTONBhALL4nOCt4AaABAg,,False,@B_Hilosunuz,I love you black pink,0,2024-03-15T13:09:56Z,2024-03-15T13:09:56Z
UgxemKGT8_TmKsIlO5d4AaABAg,,False,@SkskskNsnsns,Miss you BLACKPINK 😢❤,0,2024-03-15T13:09:25Z,2024-03-15T13:09:25Z
UgzCcC6eILW9ehW5CHF4AaABAg,,False,@B_N_E_N13,"Oh great, I love you, black pink 💗🩷😭😭🫶🫶",0,2024-03-15T13:09:12Z,2024-03-15T13:09:12Z
UgyhXkXNMaKlPZOhC4F4AaABAg,,False,@_KuRoMix_4,We miss you alot 😢😢❤,0,2024-03-15T13:07:44Z,2024-03-15T13:07:44Z
Ugx7-qZ5TwOAjV372JR4AaABAg,,False,@Bosifat_Taj,❤❤❤❤❤❤❤❤😂,1,2024-03-15T13:06:17Z,2024-03-15T13:06:17Z
UgxwSfgHCoyMZBTfrSx4AaABAg,,False,@fatmabulat3607,Jisoo gerçekten öldümü❤,0,2024-03-15T13:05:45Z,2024-03-15T13:05:45Z
UgwWa1uUjZinVg-LpKp4AaABAg,,False,@Okey_678,I love u❤❤,1,2024-03-15T13:04:26Z,2024-03-15T13:04:26Z
Ugz_NGrR6EikUNKbnJ54AaABAg,,False,@DivineKpopEdits,ITS SO CUTE😊,0,2024-03-15T13:04:12Z,2024-03-15T13:04:12Z
UgwnSRD3h9VDsjhjnUN4AaABAg,,False,@Spider_woman143,Ohhh Blackpink in your aria!!💗,1,2024-03-15T13:03:54Z,2024-03-15T13:03:54Z
UgyA_UnNyv4aTsn_v4N4AaABAg,,False,@Lisamm-i3g,Blackpink  10000000M+ like🖤🩷🥇🥇🥇,1,2024-03-15T13:02:44Z,2024-03-15T13:02:44Z
UgxB9hG_V40AD5tNSgR4AaABAg,,False,@Blinkygirl2014,Blackpink,1,2024-03-15T13:00:42Z,2024-03-15T13:00:42Z
UgyNH4YaZKiViFzsWEx4AaABAg,,False,@sathyasj2655,Miss you my  four barbies l always wait  for you come to INDIA 🖤🖤💘💘💘🇮🇳🇮🇳🇮🇳,1,2024-03-15T13:00:16Z,2024-03-15T13:00:16Z
Ugx-UkVg44En3F90AXZ4AaABAg,,False,@JaanahHayaLifestyle,I want to come to blackpink concerts,0,2024-03-15T13:00:05Z,2024-03-15T13:00:05Z
UgxMQf5_6ZhHF5cKvJh4AaABAg,,False,@AnusayaBhosale-pi7nx,"Blackpink in your area 
 I love you Blackpink Blackpink sooooooooooooooooooooo much",1,2024-03-15T12:59:50Z,2024-03-15T12:59:50Z
Ugw4fT_O0yxovaytyUt4AaABAg,,False,@EditsxLilies,It's so cool 🔥😻🔥,0,2024-03-15T12:58:25Z,2024-03-15T12:58:25Z
Ugyw9dAoPqw_nfLvPL54AaABAg,,False,@Jung.0797,"BLACKPINK, I miss you very, very much. I'm really looking forward to your return.💓",0,2024-03-15T12:57:06Z,2024-03-15T12:57:06Z
UgynoGpRMEhtVVDvsKx4AaABAg,,False,@Malakeeeee,Who loves blakpink 👇🏻,0,2024-03-15T12:54:16Z,2024-03-15T12:54:16Z
UgwhLRffpe51dKkUp854AaABAg,,False,@ro162,🤩🤩🤩🤩🤩🤩🤩🤩🤩🤩🤩😍😍💖💖💖💖💖💖💖💖💖,0,2024-03-15T12:53:43Z,2024-03-15T12:53:43Z
Ugx_8WJ1JB8Mi5VHdMR4AaABAg,,False,@Flutterzheyy,❤I LOVE YOU BLACKPINK❤,0,2024-03-15T12:53:32Z,2024-03-15T12:53:32Z
UgxN6OFg3tDOxHbctNV4AaABAg,,False,@gkgupta5493,BLACKPINK IS THE BEST❤❤❤❤,0,2024-03-15T12:51:47Z,2024-03-15T12:51:47Z
Ugw_oF9Xv85z-uDcC4J4AaABAg,,False,@IndianfanofRosé,"We missed blackpink 
We want new blackpink song❤",0,2024-03-15T12:51:29Z,2024-03-15T12:51:29Z
UgzBLSuNgIawcWA5M3x4AaABAg,,False,@Nuray_113,Who bias is jisoo and lisa❤?,1,2024-03-15T12:50:55Z,2024-03-15T12:50:55Z
Ugz3BoWfpIzI6u0CJx94AaABAg,,False,@Hee-m1s,"WoW❤
블랙핑크=세계에서 가장 인기많은 월클❤❤",9,2024-03-15T12:48:48Z,2024-03-15T12:48:56Z
Ugz3BoWfpIzI6u0CJx94AaABAg.A1-m9Q58-BZA10HUOBljkX,Ugz3BoWfpIzI6u0CJx94AaABAg,True,@manueroux-nu6is,극심한,1,2024-03-15T17:31:17Z,2024-03-15T17:31:17Z
UgylsSJkMq7X-E7YPC54AaABAg,,False,@kimigupta4748,I am a blanco in blackpink world it's fantastic full of light sticks near four queens they are so cute jisu jaani Lisa rose,0,2024-03-15T12:48:40Z,2024-03-15T12:48:40Z
UgyHg4diPx1J-RzihNd4AaABAg,,False,@mrsEcEkoo,BLACKPİNK İN YOUR AREA!!,0,2024-03-15T12:47:47Z,2024-03-15T12:47:47Z
Ugz3vboS_tOtwD27mdd4AaABAg,,False,@Ankus660,You have Indian song review please😢😢😢😢😢😢😢😢😢😢😢😢😢😢😢😢😢😢😢😢😢😢😢😢😢😢😢😢😢😢😢😢😢😢😢😢😢😢😢😢😢😢😢😢😢😢😢😢😢😢😢😢😢😢😢😢😢😢😢😢😢😢😢😢😢😢😢😢😢😢😢😢😢😢😢😢😢😢😢😢😢😢😢😢😢😢😢😢😢😢😢😢😢😢😢😢😢😢😢😢😢😢😢😢😢😢😢😢😢😢😢😢😢😢😢😢😢😢😢😢😢😢,0,2024-03-15T12:45:11Z,2024-03-15T12:45:11Z
Ugy1Fd-33WNPWAyRJiB4AaABAg,,False,@sofianzadam4328,I like your it is amazing  love you so much 🖤🩷🖤🩷🖤🩷🖤🩷🖤🩷,0,2024-03-15T12:45:04Z,2024-03-15T12:45:04Z
Ugx_CmGpfC8CjODER-F4AaABAg,,False,@AiNgocTruong,I miss u so muchhh,0,2024-03-15T12:44:37Z,2024-03-15T12:44:37Z
UgxIqhEzR4tN05L6ELN4AaABAg,,False,@Ankus660,Blackpink I am Indian girl you have Indian girl you have review life please Lisa and jisoo Rose Jensen,0,2024-03-15T12:44:15Z,2024-03-15T12:44:15Z
UgxhbGFYK-jRaFzNBIR4AaABAg,,False,@jeon.afa_jerin01,I miss our 4 queen for 2024 i really miss miss you😢.I love love love you our 4 queen of black pink saranghayoo🖤💖🖤💖🖤💗🖤💓,1,2024-03-15T12:44:08Z,2024-03-15T12:44:08Z
Ugz3o6VZx2qhxp8Ydht4AaABAg,,False,@Jennie_Blackpink_blink,"miss the 4 queens🩷🖤
Jennie❤            Lalisa❤
Jisoo❤              Rosé❤",0,2024-03-15T12:42:55Z,2024-03-15T12:42:55Z
UgzDqqwxvmGqqWkZE8J4AaABAg,,False,@Fara_blink,"I LOVE YOU BLACKPINK❤
  I LOVE YOU BLACKPINK💗
I LOVE YOU BLACKPINK💮
  I LOVE YOU BLACKPINK💜
I LOVE BLACKPINK💛

💛
💛
💛
💛
💛
💛
💛
💛                      💛
💛                   💛  💛
💛                 💛        💛
💛💛💛💛💛💛💛💛💛💛
                  💛                💛
                💛                     💛

💗💗💗💗💗💗💗💗💗
💗                                      💗
💗                                       💗
💗                                        💗
💗                                       💗
💗                                     💗
💗💗💗💗💗💗💗💗💗                          💗   💗
💗       💗
💗          💗
💗             💗  
💗                💗
💗                   💗
💗                      💗
💗                         💗
💗                             💗
💗         ....                   💗
💗     .                             💗


💜💜💜💜💜💜💜💜💜💜
                                              💜
                            ..                💜
                                              💜
                                          .... 💜
   .                                          💜
                                            💜
                                             💜
                                           💜
                                         💜
 Jisoo                              💜
                    ...               💜
💜💜💜💜💜💜💜💜      


⚫⚫⚫⚫⚫⚫⚫⚫⚫⚫
                                              ⬛
                                              ⬛
                                              ⬛
                                            ⬛
Jennie                                 ⬛
                                             ⬛
                      ...                 ⬛
                                     ⬛
                                ⬛
                           ⬛
                      ⬛
⬛⬛⬛⬛


I      LOVE    BLACKPINK❤❤❤❤❤❤❤❤❤❤❤❤❤❤❤❤❤❤❤❤❤❤❤❤❤❤❤❤❤❤❤❤❤❤❤❤❤❤❤❤❤❤


Plis Team👇🏻",1,2024-03-15T12:42:10Z,2024-03-15T12:43:51Z
Ugy9H9aPt0kfAHdA4ZN4AaABAg,,False,@batuhanseker9175,I love blackpink🖤♥️ my bias iş Lisa,1,2024-03-15T12:41:59Z,2024-03-15T12:41:59Z
UgyQnKipIfh0X6rqvT14AaABAg,,False,@Mariame-u8i,"He made me look at 2024
What's wrong with 𝑩𝒍𝒂𝒄𝒌𝒑𝒊𝒏𝒌 ❤",0,2024-03-15T12:40:26Z,2024-03-15T12:40:26Z
Ugw0CmfCeLPO8Cer6Xx4AaABAg,,False,@Fatimhablink,MISS BLACK PINK,1,2024-03-15T12:40:09Z,2024-03-15T12:40:09Z
Ugx-reOl8rEF9jh23bZ4AaABAg,,False,@3ewlniro,MİSSS BLACKPİNK,0,2024-03-15T12:39:35Z,2024-03-15T12:39:35Z
UgwGsIxIHLcWgsX9QSh4AaABAg,,False,@Milllka11,Transition is sooo smooth,0,2024-03-15T12:38:52Z,2024-03-15T12:38:52Z
UgyUmZGmPsswYHhdfER4AaABAg,,False,@Fatimhablink,"I LOVE YOU BLACK PINK 🖤💓
I LOVE YOU JISOO  ❤️
I LOVE YOU JENNIE💙
I LOVE YOU ROSE    🤍
I LOVE YOU LISA     💛",1,2024-03-15T12:37:55Z,2024-03-15T12:39:42Z
UgyNCSte3LCAJ-VaGGt4AaABAg,,False,@Татьяна-в2т7ь,블랙핑크 보고싶어,0,2024-03-15T12:36:37Z,2024-03-15T12:36:37Z
UgxfNXg7tMTKqSnf-rF4AaABAg,,False,@Blackpinkandk-popfolifeeeeeee,Hi blackpink i love you please ic you se this look at the other comments i have sent on your other vidio i love you rose🌹🎤lisa👑💃jennie 🎙❤️ and our jisoo unnie🌺🐰,0,2024-03-15T12:36:27Z,2024-03-15T12:36:27Z
UgwvF6nPeFaekGYsoV54AaABAg,,False,@rababeeMohammad,블랙핑크 영원히 그리워,0,2024-03-15T12:35:33Z,2024-03-15T12:35:33Z
Ugwv_IykqoFbs57RH2J4AaABAg,,False,@kilylily9940,Who did you miss from Blackpink? 🖤💖,0,2024-03-15T12:34:53Z,2024-03-15T12:34:53Z
UgzyehjJp1QI15zwNJt4AaABAg,,False,@Brownies_fan06,❤,1,2024-03-15T12:34:34Z,2024-03-15T12:34:34Z
UgwoDUniFvflHtUvL8N4AaABAg,,False,@Fatimhablink,BLACK PINK,1,2024-03-15T12:33:52Z,2024-03-15T12:33:52Z
UgxgcXcOwG5kp5nBqKF4AaABAg,,False,@LiLius_Lalixsa,"LALISA
JENNİE 
JISOO
ROSÉ
BLACKPINK IS THE REVOLUTION!",1,2024-03-15T12:33:48Z,2024-03-15T12:33:48Z
UgyhYuaSwutK-Jga-AF4AaABAg,,False,@Fatimhablink,I LOVE YOU BLACK PINK,1,2024-03-15T12:33:44Z,2024-03-15T12:33:44Z
UgzqlD9jmGDMtOyZL1x4AaABAg,,False,@Purpleocean1422,Blackpink 🖤💓🖤💓🖤💓🖤💓🖤💓❤❤❤❤❤❤❤❤❤❤❤❤❤❤❤❤❤❤,0,2024-03-15T12:33:43Z,2024-03-15T12:33:43Z
UgzBGslFsGfCVA275dp4AaABAg,,False,@Fatimhablink,"Miss u 4 our Queens , I always waitin' for ur comeback  this year 2024 !",1,2024-03-15T12:33:03Z,2024-03-15T12:33:03Z
UgzpkgXd1Rqlr7liHyt4AaABAg,,False,@Catscutes678,❤,0,2024-03-15T12:32:57Z,2024-03-15T12:32:57Z
UgwPBCdiV48CpF642oR4AaABAg,,False,@Person_yk,Please do a comback my four queens,0,2024-03-15T12:32:57Z,2024-03-15T12:32:57Z
Ugxkvmy5mp8eJwQM2u14AaABAg,,False,@the.maria.martinez,❤❤😊,0,2024-03-15T12:32:44Z,2024-03-15T12:32:44Z
Ugwt2877WCEV7RZx6Dh4AaABAg,,False,@ItzCora543,FINALLY BACK! 😍😱❤,0,2024-03-15T12:32:17Z,2024-03-15T12:32:17Z
UgzUQDrn095eJw1dbHx4AaABAg,,False,@_2pqo,"We miss you Blink forever ❤
Blink Saudi Arabia 🇸🇦💥",2,2024-03-15T12:32:14Z,2024-03-15T12:32:14Z
UgzDUvI9UiaeQDWgMTp4AaABAg,,False,@ad_dng_duow,mong màn comeback  2024 của blackpink ^^,3,2024-03-15T12:31:46Z,2024-03-15T12:31:46Z
UgyfZOLCpw25ASG_IC54AaABAg,,False,@LILI_VERSE27,I miss you blackpink 😢,1,2024-03-15T12:31:32Z,2024-03-15T12:31:32Z
UgwKcEttExh5BZSjmG14AaABAg,,False,@nsnsnsnenend7778,BLACKPINK TOP,0,2024-03-15T12:31:29Z,2024-03-15T12:31:29Z
UgyU8BOT2Q4GU1yR4iR4AaABAg,,False,@bazyobik,jennie’s solo has 1B!!!!!!,0,2024-03-15T12:30:42Z,2024-03-15T12:30:42Z
UgwmIC5PwqRHyTm0yYN4AaABAg,,False,@Elifmısımm-07,"BLACKPINK COME BACK NOW WE MISSED YOU SO MUCH♥️♥️♥️
HI FROM TURKEY BLACKPİNK 🇹🇷🇹🇷🇹🇷",0,2024-03-15T12:29:35Z,2024-03-15T12:29:35Z
UgxALdfgMTvb87aK5014AaABAg,,False,@wesyee.official,Omgggg,1,2024-03-15T12:28:23Z,2024-03-15T12:28:23Z
UgzWY812abRIUCPBFz94AaABAg,,False,@haninjarbou5100,We miss you queens 👑👑💖🖤,0,2024-03-15T12:27:46Z,2024-03-15T12:28:41Z
Ugxu636jjv65mqqggbB4AaABAg,,False,@حورشعبان-ل1ن,بلاكي ❤🦋بلاك بينك ملكات الكيوب 💋🌹,0,2024-03-15T12:26:21Z,2024-03-15T12:26:21Z
UgyukuJWJrccdC4McB54AaABAg,,False,@sooyaaall__,"""BLACKPINK COMEBACK
WE MISS BLACKPINK""😓🖤💖",0,2024-03-15T12:25:12Z,2024-03-15T12:28:03Z
Ugyz0Lq3eumRaTrD52F4AaABAg,,False,@ServinceAnaRambu,❤❤❤❤,0,2024-03-15T12:24:17Z,2024-03-15T12:24:17Z
UgzwtnuaHu4r_d5_WfR4AaABAg,,False,@vinalatte9886,Aphe lagi nech waiji,0,2024-03-15T12:24:02Z,2024-03-15T12:24:02Z
UgwOI_qBy2JegaeMccJ4AaABAg,,False,@lasaventurasdelasfiguritas5644,Por dios como extraño a mis reinas 😭😭 YG por favor dales un comeback para este 2024!!,0,2024-03-15T12:23:52Z,2024-03-15T12:23:52Z
UgyX0DtWkfNfsitb5Oh4AaABAg,,False,@alminacaliskan-gh2zq,I love you Blackpink 😘😍🥰🥰🥰🥰🥰💓💞💕💕💓💗💗💖💖💝💝💖💗💗💗💓🩷🩷🖤🖤🖤🩷🩷🩷🫶🫶🫶🫶,0,2024-03-15T12:23:19Z,2024-03-15T12:23:19Z
UgwAfOUh7ytwnrAkpIZ4AaABAg,,False,@Elif_88_love,"l Love you blacpink
Rose ❤ 
Lisa❤
Jisoo ❤
Jenniee❤",0,2024-03-15T12:23:15Z,2024-03-16T20:00:19Z
UgzvrL7K-FfMr0mlZG14AaABAg,,False,@maarshiexcryxx,"i had tears in my eyes when i saw a notification from this channel. Miss you, my 4 queens! Waiting eagerly for a comeback this year!",43,2024-03-15T12:22:58Z,2024-03-15T12:22:58Z
UgzvrL7K-FfMr0mlZG14AaABAg.A1-jCEncjZGA100mE9bUhE,UgzvrL7K-FfMr0mlZG14AaABAg,True,@nitasingha2266,Mee too i was so happy.. after seeing that notification 😭,3,2024-03-15T15:05:18Z,2024-03-15T15:05:18Z
UgypTRkrk9_HAi2winl4AaABAg,,False,@Beste_Chiquita,"BLACKPİNK I LOVE YOU ❤❤❤❤
BLACKPİNK İN YOUR AREA🖤🩷🖤🩷",1,2024-03-15T12:22:02Z,2024-03-15T12:22:02Z
UgwtZ0WJJt2AUNo0u7l4AaABAg,,False,@NadaDewiLestari-l6z,I'm really looking forward to your comeback 🖤💗,0,2024-03-15T12:20:31Z,2024-03-15T12:20:31Z
UgwqjweQEDvIWoxev7N4AaABAg,,False,@lifeislike...1695,I will a blink untill i am death 🖤💖✨,1,2024-03-15T12:19:47Z,2024-03-15T12:19:47Z
Ugy6dYU2f-03XMMu8GZ4AaABAg,,False,@Abidracobestya,"너무 보고 싶었어요, 퀸 4명이 콘서트를 위해 터키에 왔어요!",119,2024-03-15T12:19:45Z,2024-03-15T12:19:45Z
Ugy6dYU2f-03XMMu8GZ4AaABAg.A1-ipcVfuNnA1-tD9FFAoM,Ugy6dYU2f-03XMMu8GZ4AaABAg,True,@TheHighLevel.,Fantastic 4️⃣,5,2024-03-15T13:50:28Z,2024-03-15T13:50:28Z
Ugy6dYU2f-03XMMu8GZ4AaABAg.A1-ipcVfuNnA1GJCBKWXRl,Ugy6dYU2f-03XMMu8GZ4AaABAg,True,@yuhannna810,Türkiye yemi geldi,6,2024-03-21T22:54:07Z,2024-03-21T22:54:07Z
Ugy6dYU2f-03XMMu8GZ4AaABAg.A1-ipcVfuNnA1HuDqsabkK,Ugy6dYU2f-03XMMu8GZ4AaABAg,True,@Abidracobestya,@@yuhannna810 aaaa sonunda Türk,3,2024-03-22T13:45:38Z,2024-06-12T21:05:02Z
Ugy6dYU2f-03XMMu8GZ4AaABAg.A1-ipcVfuNnA1HushjxQkY,Ugy6dYU2f-03XMMu8GZ4AaABAg,True,@yuhannna810,@@Abidracobestya aa evet,3,2024-03-22T13:51:21Z,2024-06-12T21:05:02Z
Ugy6dYU2f-03XMMu8GZ4AaABAg.A1-ipcVfuNnA2S7MOaAMsw,Ugy6dYU2f-03XMMu8GZ4AaABAg,True,@SedatAltay-p6h,Nasil turkiye ye mi geldiler???,4,2024-04-20T09:32:56Z,2024-04-20T09:32:56Z
Ugz1L7tnJ5FSZmw6hqZ4AaABAg,,False,@kim_asal-g2i,예전처럼 한 사람이나 단체가 되어버렸네요 이라크에서 계속해서 팔로우하고 있어요 😭💗🖤,1,2024-03-15T12:19:26Z,2024-03-15T12:19:26Z
Ugz1L7tnJ5FSZmw6hqZ4AaABAg.A1-inL8g0MZA1-tWdf_FsL,Ugz1L7tnJ5FSZmw6hqZ4AaABAg,True,@TheHighLevel.,Fantastic 4️⃣,1,2024-03-15T13:53:08Z,2024-03-15T13:53:08Z
UgyGH2e8fzkiYAPFVpx4AaABAg,,False,@lifeislike...1695,BLACKPINK IS THE REASON OF REVOLUTION 🖤✨💖,1,2024-03-15T12:18:20Z,2024-03-15T12:18:20Z
UgyGH2e8fzkiYAPFVpx4AaABAg.A1-ifInFR5EA1-qoWWcWOC,UgyGH2e8fzkiYAPFVpx4AaABAg,True,@TheHighLevel.,4️⃣ Fantastic Four 4️⃣,1,2024-03-15T13:29:32Z,2024-03-15T13:29:32Z
UgzbAYS3MxFRI-l_BRZ4AaABAg,,False,@manteroluque7673,Woaaahhh...😁,0,2024-03-15T12:18:05Z,2024-03-15T12:18:05Z
Ugz7-KLuLy_QimTNKhF4AaABAg,,False,@Sajessi,BLACKPINK I love you ❤️😽,1,2024-03-15T12:13:34Z,2024-03-15T12:13:34Z
UgwYb9MSv9o3X4P-hE94AaABAg,,False,@LLOUD806,"I love youuuu❤❤❤❤❤

BLACKPINK IN YOUR AREA
🩷🖤🩷🖤🩷🖤🩷🖤🩷🖤🩷🖤🩷🖤🩷🖤🩷🖤🩷🖤🩷🖤🩷🖤🩷🖤🩷🖤🩷🖤🩷🖤🩷🖤🩷🖤🩷🖤🩷🖤🩷🖤🩷🖤🩷🖤🩷🖤🩷🖤🩷🖤🩷🖤🩷🖤🩷🖤🩷🖤🖤💞🖤💞🖤💞🖤💞🖤💞🖤💞",1,2024-03-15T12:12:06Z,2024-03-15T12:12:06Z
Ugz4LKLCPne3u1y-qAh4AaABAg,,False,@angelstarsss,"I LOVE YOU
I LOVE YOU 
 I LOVE YOU 
  I LOVE YOU 
   I LOVE YOU 
    I LOVE YOU 
      I LOVE YOU 
        I LOVE YOU 
          I LOVE YOU 
            I LOVE YOU  
              I LOVE YOU 
                I LOVE YOU 
               I LOVE YOU 
              I LOVE YOU 
             I LOVE YOU
            I LOVE YOU
           I LOVE YOU 
          I LOVE YOU 
        I LOVE YOU 
       I LOVE YOU 
     I LOVE YOU 
  I LOVE YOU 
    I LOVE YOU 
      I LOVE YOU 
        I LOVE YOU 
          I LOVE YOU 
            I LOVE YOU 
              I LOVE YOU 
                I LOVE YOU 
               I LOVE YOU  
              I LOVE YOU 
             I LOVE YOU 
           I LOVE YOU 
         I LOVE YOU 
      I LOVE YOU 
    I LOVE YOU 
  I LOVE YOU 
I LOVE YOU
I LOVE YOU 
 I LOVE YOU 
  I LOVE YOU 
   I LOVE YOU 
    I LOVE YOU 
      I LOVE YOU 
        I LOVE YOU 
          I LOVE YOU 
            I LOVE YOU  
              I LOVE YOU 
                I LOVE YOU 
               I LOVE YOU 
              I LOVE YOU 
             I LOVE YOU
            I LOVE YOU
           I LOVE YOU 
          I LOVE YOU 
        I LOVE YOU 
       I LOVE YOU 
     I LOVE YOU 
  I LOVE YOU 
    I LOVE YOU 
      I LOVE YOU 
        I LOVE YOU 
          I LOVE YOU 
            I LOVE YOU 
              I LOVE YOU 
                I LOVE YOU 
               I LOVE YOU  
              I LOVE YOU 
             I LOVE YOU 
           I LOVE YOU 
         I LOVE YOU 
      I LOVE YOU 
    I LOVE YOU 
  I LOVE YOU 
I LOVE YOU
I LOVE YOU 
 I LOVE YOU 
  I LOVE YOU 
   I LOVE YOU 
    I LOVE YOU 
      I LOVE YOU 
        I LOVE YOU 
          I LOVE YOU 
            I LOVE YOU  
              I LOVE YOU 
                I LOVE YOU 
               I LOVE YOU 
              I LOVE YOU 
             I LOVE YOU
            I LOVE YOU
           I LOVE YOU 
          I LOVE YOU 
        I LOVE YOU 
       I LOVE YOU 
     I LOVE YOU 
  I LOVE YOU 
    I LOVE YOU 
      I LOVE YOU 
        I LOVE YOU 
          I LOVE YOU 
            I LOVE YOU 
              I LOVE YOU 
                I LOVE YOU 
               I LOVE YOU  
              I LOVE YOU 
             I LOVE YOU 
           I LOVE YOU 
         I LOVE YOU 
      I LOVE YOU 
    I LOVE YOU 
  I LOVE YOU 
I LOVE YOU
I LOVE YOU 
 I LOVE YOU 
  I LOVE YOU 
   I LOVE YOU 
    I LOVE YOU 
      I LOVE YOU 
        I LOVE YOU 
          I LOVE YOU 
            I LOVE YOU  
              I LOVE YOU 
                I LOVE YOU 
               I LOVE YOU 
              I LOVE YOU 
             I LOVE YOU
            I LOVE YOU
           I LOVE YOU 
          I LOVE YOU 
        I LOVE YOU 
       I LOVE YOU 
     I LOVE YOU 
  I LOVE YOU 
    I LOVE YOU 
      I LOVE YOU 
        I LOVE YOU 
          I LOVE YOU 
            I LOVE YOU 
              I LOVE YOU 
                I LOVE YOU 
               I LOVE YOU  
              I LOVE YOU 
             I LOVE YOU 
           I LOVE YOU 
         I LOVE YOU 
      I LOVE YOU 
    I LOVE YOU 
  I LOVE YOU 
I LOVE YOU
I LOVE YOU 
 I LOVE YOU 
  I LOVE YOU 
   I LOVE YOU 
    I LOVE YOU 
      I LOVE YOU 
        I LOVE YOU 
          I LOVE YOU 
            I LOVE YOU  
              I LOVE YOU 
                I LOVE YOU 
               I LOVE YOU 
              I LOVE YOU 
             I LOVE YOU
            I LOVE YOU
           I LOVE YOU 
          I LOVE YOU 
        I LOVE YOU 
       I LOVE YOU 
     I LOVE YOU 
  I LOVE YOU 
    I LOVE YOU 
      I LOVE YOU 
        I LOVE YOU 
          I LOVE YOU 
            I LOVE YOU 
              I LOVE YOU 
                I LOVE YOU 
               I LOVE YOU  
              I LOVE YOU 
             I LOVE YOU 
           I LOVE YOU 
         I LOVE YOU 
      I LOVE YOU 
    I LOVE YOU 
  I LOVE YOU 
LALISA 💛
JENNIE💖
JISOO💜
ROSE💗
BLACKPINK 💖🖤
BLINK💝🖤
BLACKPINK IN YOUR AREA💞",1,2024-03-15T12:11:37Z,2024-03-15T12:11:37Z
UgzJF6v_DYeq39CWPUh4AaABAg,,False,@Dişofkalarasalam903,"Miss u 4 our Queens, l always waitin’for ur comeback this year 2024!",0,2024-03-15T12:09:41Z,2024-03-15T12:09:41Z
UgwdLcBF_Q52QnjdZX54AaABAg,,False,@jingxuan_0909,Miss you BLACKPINK❤😚😆,1,2024-03-15T12:08:21Z,2024-03-15T12:08:21Z
UgyRJ3MadJwYNLLgOU94AaABAg,,False,@nurulizzati9879,New light stick ❤❤,0,2024-03-15T12:07:14Z,2024-03-15T12:07:14Z
Ugz_arpyqDTYe3ALsJx4AaABAg,,False,@udaykumarupasani756,comeback😭🖤💓🖤💓,0,2024-03-15T12:06:40Z,2024-03-15T12:06:40Z
UgysZ-Zpo0DaryVoIZx4AaABAg,,False,@lidossy,Bp❤,0,2024-03-15T12:06:35Z,2024-03-15T12:06:35Z
UgyBWbk_y8Gvl_D-eAh4AaABAg,,False,@Brecore88,Omg😊🎉🎉🎉🎉,0,2024-03-15T12:06:15Z,2024-03-15T12:06:15Z
UgwBx1t01KYLl56yR7Z4AaABAg,,False,@gedenzangmo,Black pink in my area🐥🐿🐰🐻,0,2024-03-15T12:05:02Z,2024-03-15T12:05:02Z
UgxAEOjUJdbqrJ3JfWF4AaABAg,,False,@gedenzangmo,Black pink miss you so much 😭😭,0,2024-03-15T12:03:51Z,2024-03-15T12:03:51Z
UgwmQD8I4MAtUwISKXt4AaABAg,,False,@Reymadeya,I MISS U OUT 4 QUEENS,0,2024-03-15T12:03:39Z,2024-03-15T12:03:39Z
Ugw4ekXNxCyhtnhQhuN4AaABAg,,False,@angelstarsss,I LOVE YOU JISOO,0,2024-03-15T12:03:17Z,2024-03-15T12:03:17Z
UgwwpPo1wO4CGv6M99Z4AaABAg,,False,@angelstarsss,I LOVE YOU ROSE,0,2024-03-15T12:02:43Z,2024-03-15T12:02:43Z
UgySrpkwPPcnNm_R1gZ4AaABAg,,False,@angelstarsss,I LOVE YOU JENNIE,0,2024-03-15T12:01:58Z,2024-03-15T12:01:58Z
UgyNqAS7_x9yFHv4MYl4AaABAg,,False,@angelstarsss,I LOVE YOU  LISA,0,2024-03-15T12:00:21Z,2024-03-15T12:01:33Z
UgyqeNQ7TIDlcXZKFux4AaABAg,,False,@Rosiesaskiistewqq,Blacpink🖤💖,1,2024-03-15T12:00:12Z,2024-03-15T12:00:12Z
UgyFDS0w763DYvdD7jJ4AaABAg,,False,@Dark_Blink1907,"I love Blackpink and Blackpink is Queen 👑
Perfect Blackpink ❤❤",1,2024-03-15T11:59:15Z,2024-03-15T11:59:15Z
Ugwm-sGASt_hWSzL9bl4AaABAg,,False,@fatmabulat3607,Yeni şarki nezaman ben türk bir bilinkim,0,2024-03-15T11:58:58Z,2024-03-15T11:58:58Z
Ugxs4izFCAb8XpiqRhF4AaABAg,,False,@pebbleprr,BLACKPINK!!!!!,0,2024-03-15T11:58:04Z,2024-03-15T11:58:04Z
UgyXcZgg8zHoIH-oshx4AaABAg,,False,@angelstarsss,Come on Turkey pls,0,2024-03-15T11:58:00Z,2024-03-15T11:58:00Z
UgwxYVOQnqJDKGzIh6h4AaABAg,,False,@angelstarsss,Blackpink,0,2024-03-15T11:57:34Z,2024-03-15T11:57:34Z
Ugw2qGSOHzyKsVTdlAR4AaABAg,,False,@alinegfurlani,Who's missing their return??,0,2024-03-15T11:56:29Z,2024-03-15T11:56:29Z
Ugx8IwveCOMEo4PCh4F4AaABAg,,False,@stellasarigiannidou2058,I love you,0,2024-03-15T11:56:19Z,2024-03-15T11:56:19Z
UgyRPSuBSQH8H8HmXrR4AaABAg,,False,@Mina_Korkmaz,"You 4 queens, you 4 idols, brand ambassadors,...
🍓❤👑",1,2024-03-15T11:56:08Z,2024-03-15T11:56:08Z
Ugwrvxy3QQ0DdZmdfmN4AaABAg,,False,@Jungtom.-.._.,"Blinks
👇",1,2024-03-15T11:55:08Z,2024-03-15T11:55:08Z
UgxZp_lxLlfC2nBrF9F4AaABAg,,False,@liiilmis_sxw4,І що це буде?,0,2024-03-15T11:54:18Z,2024-03-15T11:54:18Z
UgylxC7FpaWEcNjQpQB4AaABAg,,False,@user-qz6mi2y,Can anyone say what is this?,1,2024-03-15T11:52:09Z,2024-03-15T11:52:09Z
Ugz1c_kgMK0eM0xQka94AaABAg,,False,@Lisaqueens-x6r,"BLACKPİNK IN YOUR ARE🖤💗💗🖤
Ben Türküm❤🎉",0,2024-03-15T11:52:07Z,2024-03-15T11:52:39Z
UgwtzUHCRKxChCqHlyx4AaABAg,,False,@Jenllyeatx,I'm from Turkey I love you BLACKPİNK I love you Lalisa I love you Jisoo I love you Jennie I love you Rose I love you BLACKPİNKKKK❤❤❤❤❤,1,2024-03-15T11:50:29Z,2024-03-15T11:50:29Z
Ugz3vf-zaLYF2IfpWDB4AaABAg,,False,@Dib___stay__blink208,Blackpink  queen 👸 ❤,1,2024-03-15T11:49:44Z,2024-03-15T11:49:44Z
UgwvOSI6p7SL90T37md4AaABAg,,False,@niteshrajput1085,Black pink is revolution ❤,0,2024-03-15T11:49:40Z,2024-03-15T11:49:40Z
UgweBFSO0SixANsnnQ14AaABAg,,False,@Lisaxeatw,I love you Bp seni seviyoruz bütün Türkiye🇹🇷 ❤🇰🇷,0,2024-03-15T11:49:29Z,2024-03-15T11:49:29Z
UgwB2g77kHd2fyycHuh4AaABAg,,False,@shho8022,BLAKPINK PLIS GO KURDSTAN PLIS❤,0,2024-03-15T11:48:53Z,2024-03-15T11:48:53Z
Ugz1jjRYHW9rGs9UIQ54AaABAg,,False,@brassy7736,한국애도 팔아줘,0,2024-03-15T11:48:20Z,2024-03-15T11:48:20Z
Ugzvm4mrO2dneV3Bael4AaABAg,,False,@Alimpasha_.,💗BLΛƆKPIИK IN YOUR ARIA🖤,0,2024-03-15T11:46:21Z,2024-03-15T11:46:21Z
UgwwN9jtsk1UGFXJ-KF4AaABAg,,False,@4wallsCare,Miss you❤🎉,0,2024-03-15T11:43:50Z,2024-03-15T11:43:50Z
UgyjTJKhEZ-Asd11Rp94AaABAg,,False,@BP-crazy-blink,Blackpink four queen❤ miss you,0,2024-03-15T11:43:46Z,2024-03-15T11:43:46Z
Ugy4lClWzMMxbhYw7vF4AaABAg,,False,@Shahzodaa09,BlackPink comeback ❤,0,2024-03-15T11:42:58Z,2024-03-15T11:42:58Z
UgyMB7qF6Uid-_JqysN4AaABAg,,False,@YaraRebaz-qg1cp,😊❤❤,0,2024-03-15T11:42:15Z,2024-03-15T11:42:15Z
UgyFgjZ86J5qIc9MaM94AaABAg,,False,@bunnyslime_U.U,BLACKPINK🖤🩷,0,2024-03-15T11:41:38Z,2024-03-15T11:41:38Z
UgxhrSIGVctQOb8kZGZ4AaABAg,,False,@yasoob-hk9jm,Blackpink in ur area❤,0,2024-03-15T11:41:25Z,2024-03-15T11:41:25Z
UgxxP1xNSDBtMO4-Cgp4AaABAg,,False,@Milozavra,❤️❤️❤️❤️❤️❤️🩷🩷👍,0,2024-03-15T11:41:11Z,2024-03-15T11:41:11Z
Ugy2Yfv3Ml-Z7Ms0bnJ4AaABAg,,False,@Evaki143,I'VE BEEN WAITING FOR SO LONG FOR A BLACKPINK VIDEO!! BLACKPINK FOREVER 🖤🩷🖤🩷🖤🩷🖤🩷🖤🩷🖤🩷🖤🩷,0,2024-03-15T11:40:48Z,2024-03-15T11:40:48Z
Ugyi2hXeXLI7_OUJbax4AaABAg,,False,@blackpinklover198,Queens👸,0,2024-03-15T11:40:24Z,2024-03-15T11:40:24Z
UgwYDcGMDTNbL_4tQ354AaABAg,,False,@Nonablink,❤❤❤❤,1,2024-03-15T11:39:35Z,2024-03-15T11:39:35Z
UgyCTMq9c3QXmF-vQJx4AaABAg,,False,@Mama_Stay143,BLACKPINK in your area..💗,0,2024-03-15T11:39:01Z,2024-03-15T11:39:01Z
Ugy-JfWcDtpaUqZ_PlF4AaABAg,,False,@jennybiedeclito1318,Black pink is my idol❤,0,2024-03-15T11:38:40Z,2024-03-15T11:38:40Z
UgwehPHeG2XwuhRQldx4AaABAg,,False,@ARMY-_-QUEEN132,BLACKPINK is k pop queen 🖤💗,0,2024-03-15T11:37:35Z,2024-03-15T11:37:35Z
UgwELgB1X_W05RiAgKx4AaABAg,,False,@yuhannna810,I love blackpink 🩷🖤,0,2024-03-15T11:36:01Z,2024-03-15T11:36:09Z
UgwiRptVzdaYc4-d6BR4AaABAg,,False,@uriahhoard6428,Yeas blackpink there are Queens,0,2024-03-15T11:35:52Z,2024-03-15T11:35:52Z
UgwVQyySV3Gfl_XUi3t4AaABAg,,False,@star_hatzyeeৎ,BLACK PINK venha para o Brasil,0,2024-03-15T11:34:48Z,2024-03-15T11:34:48Z
UgwWeHCGrmaSv-Z4E9t4AaABAg,,False,@chechen_girl,I love you BlackPink❤❤❤,1,2024-03-15T11:34:28Z,2024-03-15T11:34:28Z
Ugza3-r9xeov6oS7pkZ4AaABAg,,False,@animefans7667,I LOVE YOU BLACK PINK❤,0,2024-03-15T11:32:56Z,2024-03-15T11:32:56Z
UgzoHOab1vicYjCUvtZ4AaABAg,,False,@Lisa-l7n,Blackpink let's hold another concert tour😢,1,2024-03-15T11:32:49Z,2024-03-15T11:32:49Z
UgzqOr6YhKvo1_PUHsx4AaABAg,,False,@EugertaObri,Hey blackpink I  hope you coming back  and you four of you you are my queen ❤,0,2024-03-15T11:32:47Z,2024-03-15T11:32:47Z
UgyJXtaRTXu4kdL9UnR4AaABAg,,False,@Jennie1396,"Blackpink comeback pls? U always eat everything up
My 4 queens come back pls
I love you Jisoo blisoo Jennie oddatelier rose ? Lisa Loud",1,2024-03-15T11:31:37Z,2024-03-15T11:31:37Z
Ugz2g7rGA7S0yVbOHBJ4AaABAg,,False,@Blinkstar79,COME BACK BLACKPINK WE WANT YOU IN OUR AREA❤❤❤❤❤❤❤❤❤❤❤❤,0,2024-03-15T11:31:32Z,2024-03-15T11:31:32Z
UgyxVMLFbVbvtkwUxk14AaABAg,,False,@p1eceDuhh,🖤BLΛƆKPIИK💗is live 🥰🖤💕,0,2024-03-15T11:30:44Z,2024-03-15T11:30:44Z
UgyTgOApthzpASTS_a94AaABAg,,False,@Android-gk3sc,Blacpink I adore you 🖤🩷😍😍😍😍😍,1,2024-03-15T11:30:19Z,2024-03-15T11:30:19Z
UgwwlKgLOPB57SlSlP94AaABAg,,False,@Prosto-Ksyusha.Official,"BLACKPINK МЫ ВАС ОЧЕНЬ ЛЮБИМ И ЛЧЕНЬ ЖДЕМ ВАШЕГО ВОЗВРАЩЕНИЯ 🖤🩷🖤🩷🖤🩷🖤🩷
KIM JISOO,KIM JENNIE,PARK CHEEN,LALISA",1,2024-03-15T11:30:08Z,2024-03-15T11:30:08Z
UgzoXFxQbHlE1zHDBZx4AaABAg,,False,@suchismitajacob3204,Come on Queens it's been 2 years...We need another BLackPink Bop!!!,1,2024-03-15T11:29:59Z,2024-03-15T11:29:59Z
UgwGe0af7fSuyySGZv54AaABAg,,False,@aesthetic.moonie-ot4,Blackpink i love you❤❤❤❤❤❤,0,2024-03-15T11:28:39Z,2024-03-15T11:28:39Z
Ugy2zY_r0pgw0Uf4V914AaABAg,,False,@arshiamehandiratta,wowoww,0,2024-03-15T11:27:50Z,2024-03-15T11:27:50Z
UgxklvlJNV5X5JKwGjt4AaABAg,,False,@natty.3,"black pink, we are waiting for you!❤",0,2024-03-15T11:27:34Z,2024-03-15T11:27:34Z
UgwhmUSn0tPmOom7CWJ4AaABAg,,False,@16_Gültac,Blackpink Azerbaijan a Love you,0,2024-03-15T11:27:32Z,2024-03-15T11:27:32Z
UgyJLgVaA0S0wWyLg7p4AaABAg,,False,@anjaligupta8168,Love you 4 QUEENS ❤️❤️❤️❤️❤️❤️❤️🖤🖤🖤🖤🖤🖤🖤🖤💖💖💖💖💖💖💖,0,2024-03-15T11:26:29Z,2024-03-15T11:26:29Z
Ugz1OLVphDdrS7yzaVR4AaABAg,,False,@blinkltv,Miss them so much 😢😢,0,2024-03-15T11:26:13Z,2024-03-15T11:26:13Z
UgwkCBqu8tvh9dPMSH14AaABAg,,False,@mikkuyt,I really miss blackpink i❤you😢😢😢,0,2024-03-15T11:24:40Z,2024-03-15T11:24:40Z
Ugz042zIzXzz_z42ZQV4AaABAg,,False,@Semraulufer87,ne,0,2024-03-15T11:23:28Z,2024-03-15T11:23:28Z
Ugx0WX7b8-IZgONdzJx4AaABAg,,False,@anna-d4p4f,BLACKPINK IN YOUR AREAAA❤❤❤❤❤,0,2024-03-15T11:23:04Z,2024-03-15T11:23:04Z
Ugykb5XJaqqhsZg6P4N4AaABAg,,False,@Shiney_ot7,"BLACKPINK
IS 
THE
REVOLUTION
(\_/)
( • .•)
(>💖💖💖💖❤❤❤❤🖤🖤🖤🖤💗💗💗💗💕💕💕💕💓💓💓💓❤️🧡💛💚💙💜💘🖤💝💖💗💓💞💕❣️♥️💟💌",1,2024-03-15T11:22:53Z,2024-03-15T11:22:53Z
UgzuVJ01I1H1i-e-slB4AaABAg,,False,@angela8344,❤,0,2024-03-15T11:22:14Z,2024-03-15T11:22:14Z
UgxSbEQBhvInRoqpQsx4AaABAg,,False,@محمدملحمبنيملحم,❤❤❤❤❤,0,2024-03-15T11:22:00Z,2024-03-15T11:22:00Z
UgwtG_ags1AytBItbnB4AaABAg,,False,@WASSIMA-2025,BLACKPINK❤❤❤❤❤❤❤❤,0,2024-03-15T11:21:59Z,2024-03-15T11:21:59Z
Ugya0WLcg5UPe5X96Zx4AaABAg,,False,@Aadhyaoff,Blackpink in your area 🖤🖤💝💝💝,0,2024-03-15T11:21:38Z,2024-03-15T11:22:02Z
UgykV6XpJrp8Irfkz954AaABAg,,False,@Malak_xt,❤❤❤❤❤ cutee,1,2024-03-15T11:19:59Z,2024-03-15T11:19:59Z
Ugyec9ZjekRtNSipfh94AaABAg,,False,@aangryverma968,What this means,0,2024-03-15T11:19:31Z,2024-03-15T11:19:31Z
UgwY0veGzB1SrAWLnPx4AaABAg,,False,@Imashka667,"🖤BLΛƆKPIИK💗 a love u ❤
I hope you come back soon 😘",0,2024-03-15T11:17:29Z,2024-03-15T11:17:29Z
UgwR191pRslnQGjfwOl4AaABAg,,False,@lx.4xol,We miss you 😿,0,2024-03-15T11:16:53Z,2024-03-15T11:16:53Z
UgxxIAZa5YVRLcpkLR14AaABAg,,False,@احب_عسكريم1,-I LOVE BLACKPINK-,1,2024-03-15T11:16:48Z,2024-03-15T11:16:48Z
Ugy2Y6BIKUc3PMAxsHx4AaABAg,,False,@jenlvr,"blackpink is not just a group its 
an emotion♥",1,2024-03-15T11:16:28Z,2024-03-15T11:16:28Z
Ugy2Y6BIKUc3PMAxsHx4AaABAg.A1-ba9y-YuOA1-tODxK3Js,Ugy2Y6BIKUc3PMAxsHx4AaABAg,True,@TheHighLevel.,Fantastic 4️⃣,2,2024-03-15T13:51:59Z,2024-03-15T13:51:59Z
Ugzi6vE-0tiNz-6fKwB4AaABAg,,False,@BLINK-o2y,"I miss Blackpink so much, they are the queens of K-Pop 💗Blackpink in your area 💖",0,2024-03-15T11:16:23Z,2024-03-15T11:16:23Z
UgwCzOhbDkT1h-2mCjd4AaABAg,,False,@Miraapiw,BLACKPINK SEVİLİYORSUNN💗🫶🏻🫶🏻💗💗,0,2024-03-15T11:15:15Z,2024-03-15T11:15:15Z
Ugx_HHRK-PHTxpSFuIp4AaABAg,,False,@nfs.aia.,Почему блекпинк сделали новый ластик,0,2024-03-15T11:13:54Z,2024-03-15T11:13:54Z
Ugzd3orWTvjjy2wMBX54AaABAg,,False,@SlowGirl.z,TURKEY LOVES YOU BLACKPINK❤❤❤,0,2024-03-15T11:13:09Z,2024-03-15T11:13:09Z
UgzkDMFlyi2EF-6DbG54AaABAg,,False,@charelgonsalves7247,"I love blackpink 🖤❤ and to know everything about blackpink you are a blink! 😊

I am a blink 😂but if blackpink was a subject I would get full marks 🎉",0,2024-03-15T11:09:17Z,2024-03-15T11:09:17Z
UgzFCD0G6Gtzv7esZgF4AaABAg,,False,@reefajr,we all thought its a comeback related post but its just an another merch lol fvck yg 😭,0,2024-03-15T11:08:38Z,2024-03-15T11:08:38Z
UgwHgjeHfcqytnrx_cl4AaABAg,,False,@harshithaharinath1689,BLACKPINK is the Revolution.,1,2024-03-15T11:07:34Z,2024-03-15T11:07:34Z
UgzhwAC3Fy-KSG56lbR4AaABAg,,False,@N_to_the_BLINK,"BLACKPINK,WE MISS YOU SO MUCH 😭
YOUR SONGS,🔥
YOUR CONCERTS,🌟
YOUR QUEENS,👸👸👸👸
YOUR VOICE,✨
YOUR EVERYTHING 😫
WE WANT A PROPER COMEBACK!💖
LOVE YOU BLACKPINK 🖤💖👑",448,2024-03-15T11:05:54Z,2024-03-15T11:05:54Z
UgzhwAC3Fy-KSG56lbR4AaABAg.A1-aNnECfTnA1-qT1Y36Hk,UgzhwAC3Fy-KSG56lbR4AaABAg,True,@TheHighLevel.,4️⃣ Fantastic Four 4️⃣,9,2024-03-15T13:26:26Z,2024-03-15T13:26:26Z
UgzhwAC3Fy-KSG56lbR4AaABAg.A1-aNnECfTnA1-tILo_TwU,UgzhwAC3Fy-KSG56lbR4AaABAg,True,@ulice.londona,BLACKPINK is not disband,7,2024-03-15T13:51:11Z,2024-03-15T13:51:11Z
UgzhwAC3Fy-KSG56lbR4AaABAg.A1-aNnECfTnA1-xcGnWp-0,UgzhwAC3Fy-KSG56lbR4AaABAg,True,@so_yaa123,"​@@ulice.londonaThen why don't Blackpink post any videos or share things about the concert on their Instagram? The group broke up because Jennie, my love, started a company. 100%60",0,2024-03-15T14:28:59Z,2024-06-12T22:33:04Z
UgzhwAC3Fy-KSG56lbR4AaABAg.A1-aNnECfTnA105FUb80qG,UgzhwAC3Fy-KSG56lbR4AaABAg,True,@АринаС-д9ш,Yeeeah!!!,4,2024-03-15T15:44:23Z,2024-03-15T15:44:23Z
UgzhwAC3Fy-KSG56lbR4AaABAg.A1-aNnECfTnA2Svq828f9e,UgzhwAC3Fy-KSG56lbR4AaABAg,True,@miss_katsuki12,What's happening that everyone is asking for a return?,0,2024-04-20T17:02:46Z,2024-04-20T17:02:46Z
UgzQ7YYc1K5mhhxbAw14AaABAg,,False,@stelli037,I love you Blackpink❤❤❤❤❤,0,2024-03-15T11:05:13Z,2024-03-15T11:05:13Z
UgyGkhlY0e747220dst4AaABAg,,False,@あいたまき,Σ(ﾟ∀ﾟﾉ)ﾉｷｬｰ,0,2024-03-15T10:59:54Z,2024-03-15T10:59:54Z
Ugw_ae9epSx348YUB_V4AaABAg,,False,@sarayasmin1936,i love you guys so much and you guys are the best k-pop group in the world❤,0,2024-03-15T10:59:45Z,2024-03-15T10:59:45Z
UgxSOCkXIqwFNnKh3iV4AaABAg,,False,@Eva-c5q,"I love you sooo much “BLΛƆKPIИK""❤❤❤",0,2024-03-15T10:59:02Z,2024-03-15T10:59:02Z
UgxSOCkXIqwFNnKh3iV4AaABAg.A1-_aYiHaaBA1-_fRzFc3n,UgxSOCkXIqwFNnKh3iV4AaABAg,True,@Eva-c5q,Especially LISΛ,0,2024-03-15T10:59:42Z,2024-03-15T10:59:42Z
UgyrJATG__vXl29qpnx4AaABAg,,False,@Abhi_das_7,❤️❤️❤️💖💖💖,0,2024-03-15T10:57:05Z,2024-03-15T10:57:05Z
Ugwybz36Hr_npmoBSZF4AaABAg,,False,@SubhanbhaiMirani,"*ONLY BLACKPINK FANS HERE*

👇",1,2024-03-15T10:55:05Z,2024-03-15T10:55:05Z
UgzZTgX2ZxnoBLR78UV4AaABAg,,False,@dutsadee-d3l,I love black pink😊,1,2024-03-15T10:54:54Z,2024-03-15T10:54:54Z
UgxSfNGoVvMHLgEPJ814AaABAg,,False,@__LALISA__WORLDWIDENUMBERONE,Blackpink never disappoints us,1,2024-03-15T10:54:49Z,2024-03-15T10:54:49Z
UgwPbUydGunbzQkwG8l4AaABAg,,False,@KaickRodrigues-n6i,Amooo❤❤,0,2024-03-15T10:54:41Z,2024-03-15T10:54:41Z
UgwPCTF7horbIfctoPB4AaABAg,,False,@vikamirzoyan2335,I love you blackpink❤️❤️❤️ but hate bts,1,2024-03-15T10:54:03Z,2024-03-15T10:54:03Z
UgwPCTF7horbIfctoPB4AaABAg.A1-_0yrGIV9A10VnhuXNXE,UgwPCTF7horbIfctoPB4AaABAg,True,@storephone8633,As if they are waiting for your love for them hahaha 😂 Stupid,0,2024-03-15T19:36:23Z,2024-03-15T19:36:23Z
Ugz4l1vpjqU8F7ZX3fJ4AaABAg,,False,@lullilul9850,블랙핑크는 K팝 최고의 그룹이다. ❤❤❤❤❤,1,2024-03-15T10:53:58Z,2024-03-15T10:53:58Z
UgywSIy6AYCD6feLtC94AaABAg,,False,@BlinkCuteShreya,❤❤,1,2024-03-15T10:53:02Z,2024-03-15T10:53:02Z
Ugyob81cmiHalsHeat94AaABAg,,False,@Genevieve-m9q,❤❤❤I love you Black punk❤❤❤,1,2024-03-15T10:52:07Z,2024-03-15T10:52:07Z
UgznwgiFnK1cI2wLisJ4AaABAg,,False,@fereshtehnani370,Black pink we miss you❤❤ please com back🥲,0,2024-03-15T10:51:59Z,2024-03-15T10:51:59Z
UgykN7HO35wvytX6o3N4AaABAg,,False,@_.Lilycore._,Black pink ❤❤❤❤❤,0,2024-03-15T10:51:41Z,2024-03-15T10:51:41Z
UgwIWUD8NQzE054SX8V4AaABAg,,False,@Mini_jisoo,Blackpink volvio las extraño 😭,1,2024-03-15T10:50:53Z,2024-03-15T10:50:53Z
UgzhP8iWDLWNNgNUvFV4AaABAg,,False,@batool128id,Blackpink we miss you 😢,1,2024-03-15T10:50:39Z,2024-03-15T10:50:39Z
UgzHxGfQB32xoDzZMq14AaABAg,,False,@salmahilina,BLACKPINK is revolution,0,2024-03-15T10:45:45Z,2024-03-15T10:45:45Z
Ugyo9yT_4mcU-p7JhEp4AaABAg,,False,@salambaitiye1996,Blackpink is a revolution ❤❤❤❤❤,1,2024-03-15T10:45:44Z,2024-03-15T10:45:44Z
Ugzy-XYCjigfJDABunt4AaABAg,,False,@efriina,BLACKPİNK BEST GG,1,2024-03-15T10:45:24Z,2024-03-15T10:45:24Z
UgwbK15WPW8216W_D294AaABAg,,False,@efriina,BESTTT,1,2024-03-15T10:45:12Z,2024-03-15T10:45:12Z
UgxO03KVw_7somt45kR4AaABAg,,False,@Nara_narochka_kpop,"I miss you Blackpink, I love you. I'm waiting for the four queens to release a new song❤",1,2024-03-15T10:45:01Z,2024-03-15T10:45:01Z
UgxZosb9wxZkfR10luR4AaABAg,,False,@Korea_marketi99,Blackpink How little is the lover?,0,2024-03-15T10:44:00Z,2024-03-15T10:44:00Z
UgxcwiWlnfSUarh3xAl4AaABAg,,False,@mdkhalil-c7e,❤🎉🎉❤,0,2024-03-15T10:42:45Z,2024-03-15T10:42:45Z
UgzvV-25s4OT1ROfq1t4AaABAg,,False,@happysoul-48,Cant wait for this. Love u girls so much ❤,0,2024-03-15T10:42:10Z,2024-03-15T10:42:10Z
UgyKvgDEv0mLprv_Fux4AaABAg,,False,@NorhameFatine,Où on peut les acheter jen veux 1,0,2024-03-15T10:42:01Z,2024-03-15T10:42:01Z
UgyUkQ5QMHr-QvwMrwJ4AaABAg,,False,@Kpops_stann,BLACKPİNKKKKKKKLKLKKK,0,2024-03-15T10:39:12Z,2024-03-15T10:39:12Z
Ugwt7d7v_kIDhaT1bOJ4AaABAg,,False,@blastimo_official,"Black pink is the revolution 
Heaters are their polution
Blinks are their solution 😎


Black Pink in your areaaaaaaaaaaah💖🖤",1,2024-03-15T10:39:10Z,2024-03-15T10:39:10Z
UgwdxvIQIKGaMlbv0yx4AaABAg,,False,@zainab-o8d,احبكمممم❤,1,2024-03-15T10:36:52Z,2024-03-15T10:36:52Z
UgzyqLzryVDNIsdxqZV4AaABAg,,False,@anaclaracalandrino3963,Orgulho de ser um blink,0,2024-03-15T10:36:42Z,2024-03-15T10:36:42Z
UgxexuHVBii9o22jGvZ4AaABAg,,False,@Djouri844,❤,0,2024-03-15T10:36:34Z,2024-03-15T10:36:34Z
Ugx9QSYTPKiOvnCEhX14AaABAg,,False,@rosielanieslays.ৎ,Black Pink is the revolution 🖤💗👑😉,0,2024-03-15T10:36:10Z,2024-03-15T10:36:10Z
UgzRmYl_OELkveDtqPN4AaABAg,,False,@PinkCherryBlink,Blackpink I miss you😕💗,1,2024-03-15T10:35:39Z,2024-03-15T10:35:39Z
UgzYO9DYjWaxqphdwft4AaABAg,,False,@shivanshisingh2041,Hi black pink 🩷,0,2024-03-15T10:35:00Z,2024-03-15T10:35:00Z
UgxSjpqokYlDqTQ9amx4AaABAg,,False,@lix-p6c,❤❤❤❤❤,0,2024-03-15T10:34:49Z,2024-03-15T10:34:49Z
UgwhNhbvBVDQYGhMGJN4AaABAg,,False,@shivanshisingh2041,Hi,0,2024-03-15T10:34:41Z,2024-03-15T10:34:41Z
Ugz9paR0-hfpAiNYgc94AaABAg,,False,@Rosie_DRN,İ LOVE  YOUUUU ROSEEEEEE❤❤❤,0,2024-03-15T10:33:32Z,2024-03-15T10:33:32Z
UgzGo7p2hVFSy6g9AkV4AaABAg,,False,@Rubyyjenniye,I LOVE YOU BLACKPİNK ❤,0,2024-03-15T10:33:04Z,2024-03-15T10:33:04Z
UgyhMJFgvrc6nUZnEpl4AaABAg,,False,@vijisnika3110,Finally a comeback 💀🫤🥱😬,0,2024-03-15T10:32:17Z,2024-03-15T10:32:17Z
Ugw5vam0UBXtSnxjOht4AaABAg,,False,@Queen_Rosem.2010,🩷🖤BLACKPİNK🖤🩷 SİZİ ÇOOOOOOOK SEVİYORUM❤ KİMSE SİZİ MƏNİM QƏDƏR SEVƏ BİLMƏZ🫂🫶🏼😘,0,2024-03-15T10:31:53Z,2024-03-15T10:31:53Z
UgwS_OMInOQ5by5Q3wl4AaABAg,,False,@Danniee1003,So cute!!,0,2024-03-15T10:31:31Z,2024-03-15T10:31:31Z
UgxYGEs1LCf1NO7ufmF4AaABAg,,False,@artisticworldofpari,Blackpink  please come in India 💖 🖤 🇮🇳,0,2024-03-15T10:30:39Z,2024-03-15T10:30:39Z
UgwJU2rm6WOGN7P38DR4AaABAg,,False,@BlossomBreeze_156,Blackpink is the revolution ❤❤,1,2024-03-15T10:27:16Z,2024-03-15T10:27:16Z
Ugyt3nHHafD4KOsF_uV4AaABAg,,False,@sovvthing,I miss you Blackpink (,1,2024-03-15T10:26:58Z,2024-03-15T10:26:58Z
UgzAL99GKfJyV6JY4Wt4AaABAg,,False,@aeriasnq,BLACKPINK I MISS U🖤💖,1,2024-03-15T10:25:54Z,2024-03-15T10:25:54Z
UgxyqEPoIYFBwKvZX-F4AaABAg,,False,@AnaPlays111,Cadê os comebacks,1,2024-03-15T10:25:50Z,2024-03-15T10:25:50Z
UgyxPcSCFfiyUxLkXuh4AaABAg,,False,@houralfokaha1494,"Black Bank, please come to Jordan. I am Hour from Madaba Governorate. I love you 🤏🏻😭💗",1,2024-03-15T10:24:50Z,2024-03-15T10:24:50Z
UgyHqpOuoXxgM7yI6QR4AaABAg,,False,@GagaGagaga-f3v,ребята блэк пинк продлили контракт,1,2024-03-15T10:23:03Z,2024-03-15T10:23:03Z
UgwZ1WcS9ouChlQ01MZ4AaABAg,,False,@houralfokaha1494,💗💗,0,2024-03-15T10:21:13Z,2024-03-15T10:21:13Z
UgwLrrVQL_9wD9ZG5fZ4AaABAg,,False,@그것은중요하지않습니,بلاك بينك اشتقتو لكن,1,2024-03-15T10:20:28Z,2024-03-15T10:20:28Z
UgxQYoYTwZSV-M1CTgF4AaABAg,,False,@ArmyBlink-i2g,Blackpink you are the revolution and I am proud to be a blink ❤❤❤❤❤❤❤. I love you all and always support you❤❤❤❤❤.,1,2024-03-15T10:17:36Z,2024-03-15T10:17:36Z
UgzdSrcpZoIdOW5SlF14AaABAg,,False,@LISAs_LX,❤️,0,2024-03-15T10:15:07Z,2024-03-15T10:15:07Z
UgzqI9xlNP0-FcQ0Gz14AaABAg,,False,@BestRainydayssfan.Fanse_97,Best as always you are BLACKPINK❣👑,0,2024-03-15T10:13:41Z,2024-03-15T10:13:41Z
Ugw8Cecp9K95VCTtS314AaABAg,,False,@lovethepinks,Can we get a comeback please?,0,2024-03-15T10:12:01Z,2024-03-15T10:12:01Z
Ugw6uj6ccoMycPfTISV4AaABAg,,False,@rhythm.notmusic,BLACKPINK IN YOUR AREA,0,2024-03-15T10:10:20Z,2024-03-15T10:10:20Z
UgxCCkV-Bgu8-U0omqB4AaABAg,,False,@EtherealOnStage,Давайте устроим в комментариях под этим видео чёрно-розовый океан для блэкпинк🖤🩷🖤🩷🖤🩷🖤🩷🖤🩷🖤🩷🖤🩷🖤🩷🖤🩷🖤🩷🖤🩷🖤🩷🖤🩷🖤🩷🖤🩷🩷🖤🩷🖤🩷🖤🩷🖤🩷🖤🩷🖤🩷🩷🖤🩷🖤🩷🖤🩷🖤🩷🖤🖤🩷🖤🩷🖤🩷🩷,1,2024-03-15T10:09:08Z,2024-03-15T10:09:08Z
UgyZlgOi37eGXl3FdPF4AaABAg,,False,@EtherealOnStage,"Я обожаю блэкпинк🖤🩷🖤🩷🖤🩷🖤🩷🖤🩷🖤🩷🖤🩷🖤🩷🖤🩷🖤🩷🖤🩷🖤🩷🖤🩷🖤🩷🖤🩷🖤🩷🖤🩷🖤🩷🖤🩷🖤🩷🖤🩷🖤🩷🖤🩷🖤🩷🖤🩷🖤🩷🖤🩷🖤🩷🖤🩷🖤🩷🖤🩷🖤🩷🖤🩷🖤🩷🖤🩷Девочки, привет вам из России!🖤🩷🖤🩷🖤🩷🖤🩷🖤🩷🖤🩷🖤🩷🖤🩷🖤🩷🖤🩷🖤🩷🖤🩷🖤🩷🖤🩷🖤🩷🖤🩷🖤🖤🩷🩷🖤🩷🖤🖤",1,2024-03-15T10:07:49Z,2024-03-15T10:07:49Z
Ugz5WBTDVD7P7pL6Ump4AaABAg,,False,@Aadit-Payal,I love to be a blink ✨,0,2024-03-15T10:07:37Z,2024-03-15T10:07:37Z
UgxPSUAjg9ZapDHtxDB4AaABAg,,False,@Makknaei,I miss you Blackpink 😔,0,2024-03-15T10:06:27Z,2024-03-15T10:06:27Z
UgwDjXtJ1mvnISgzXMh4AaABAg,,False,@jmtyk_,❤,0,2024-03-15T10:05:56Z,2024-03-15T10:05:56Z
UgzA5LLqUMvYD7z-3TZ4AaABAg,,False,@pnair5758,Blackpink I miss you ❤❤❤❤,0,2024-03-15T10:05:50Z,2024-03-15T10:05:50Z
UgwF5iKNhCGbRTzLuhJ4AaABAg,,False,@shivu_j27,❤,0,2024-03-15T10:05:50Z,2024-03-15T10:05:50Z
Ugxz648cPkz7_ckzy_l4AaABAg,,False,@bpmylove7582,I miss you so much. BLACKPINK ❤️,0,2024-03-15T10:05:48Z,2024-03-15T10:05:48Z
UgwLhuXavpgTepy7rJp4AaABAg,,False,@АнастасияСвиридова-ц2к,Блэкпинк луучшиииеее❤❤❤❤❤❤❤❤️💋💋❤️💋❤️💋❤️💋❤️❤️💋❤️💋💋❤️💋❤️💋❤️💋💋❤️💋❤️💋❤️💋❤️💋💋❤️,1,2024-03-15T10:04:59Z,2024-03-15T10:04:59Z
UgxsrYjoDLH2NeqFmg14AaABAg,,False,@luvyurii,"OMG THIS IS SO CUTE
BP IS THE REVOLUTION ❤",0,2024-03-15T10:04:49Z,2024-03-15T10:04:49Z
Ugwb2WGfkVdBdfjRYmB4AaABAg,,False,@SofiaDurán-e1b,I feel more blincks every time I see a Black pink post,0,2024-03-15T10:04:35Z,2024-03-15T10:04:35Z
UgzEoo8a1j-9Q2Jsy4F4AaABAg,,False,@Loren_1734__armyblinkstay,يا جماعه هذي الورده تبع شو؟,2,2024-03-15T10:04:19Z,2024-03-15T10:04:19Z
UgyS1L_4V0HIP1hRXu14AaABAg,,False,@Hande_cool,I am Turkish blacpink ı love you😊,0,2024-03-15T10:03:35Z,2024-03-15T10:03:35Z
Ugy17vr_zqNe1e2QjLp4AaABAg,,False,@TETO_Lunstay,"Please come back we waittt
Blackpink in your are💝
Blackpink the revulution❣️",1,2024-03-15T10:02:54Z,2024-03-15T10:02:54Z
UgwFKS-GA4Y2ErB8ul94AaABAg,,False,@Sakuraa-v2o,ɓʆɑckpiɳk❤❤❤❤❤❤❤❤❤❤❤❤❤❤❤❤❤❤❤❤❤❤❤❤❤❤❤❤❤❤❤❤❤❤❤❤❤❤❤❤❤❤❤❤❤❤❤❤❤❤❤❤❤❤❤❤❤❤❤❤❤❤❤❤❤❤❤❤❤❤❤❤❤❤❤❤❤❤❤❤❤❤❤❤❤❤❤❤❤❤❤❤❤❤❤❤❤❤❤❤❤❤❤❤❤❤❤❤❤❤❤❤❤❤❤❤❤❤❤❤❤❤❤❤❤❤❤❤❤❤❤❤❤❤❤❤❤❤❤❤❤❤❤❤❤❤❤❤❤❤❤❤❤❤❤❤❤❤❤❤❤ ʆiรɑ ʝɛɳɳiɛ ʀѳรɛ ʝiรѳѳ ❤❤❤,0,2024-03-15T10:00:42Z,2024-03-15T10:00:42Z
Ugw_ChmO_TMOndPOthZ4AaABAg,,False,@arshsingh6928,Blackpink comeback ❤❤❤❤ we miss you alot😊,1,2024-03-15T09:59:06Z,2024-03-15T09:59:06Z
UgxxGCh4gS60ZEyLL0t4AaABAg,,False,@ferozalam3421,jennie solo song hit 1 billion,1,2024-03-15T09:58:47Z,2024-03-15T09:58:47Z
UgwhTIng9qrQXYohjV54AaABAg,,False,@seyranana,BLACKPINK I MISS YOUUUU,0,2024-03-15T09:58:02Z,2024-03-15T09:58:02Z
UgzqJbjzueBGb9K8n154AaABAg,,False,@IconiqueLeen,"BLACKPINK OWN THIS FOREVER ""ANOTHER DAY, ANOTHER SLAY!""",0,2024-03-15T09:57:51Z,2024-03-15T09:57:51Z
UgxUfTn0ItaDXd2e3ul4AaABAg,,False,@Monster_K-pop_1,BLACKPINK❤❤👑,0,2024-03-15T09:56:44Z,2024-03-15T09:56:44Z
Ugz6LXPFLfq3dAYav3p4AaABAg,,False,@توكيتو_عمك-1,واخيرااا بلاكي نزلوا فيدددد 😭😭🤍,1,2024-03-15T09:56:19Z,2024-03-15T09:56:19Z
Ugy-Xxb8Cfv3LWUSZWZ4AaABAg,,False,@saanvisharma9826,"Love you all 😘 ,Jennie ❤️ jisoo❤❤rose❤lisa❤",1,2024-03-15T09:54:58Z,2024-03-15T09:54:58Z
UgyomREZ6Js59IzoYXl4AaABAg,,False,@farah_yunus8,❤❤,1,2024-03-15T09:54:49Z,2024-03-15T09:54:49Z
UgwOHf88wV4J2LoWf714AaABAg,,False,@lusinebarseghyan1744,❤❤❤❤😍😍😍😍🤩🤩🤩🤩😘😘😘😘BLACKPINK,1,2024-03-15T09:54:31Z,2024-03-15T09:54:31Z
Ugy3a-lQNBJ6I03Tf0N4AaABAg,,False,@Katybella0601,Hi blackpink chile i loovee,0,2024-03-15T09:53:42Z,2024-03-15T09:53:42Z
UgyukuwIutJIQlzH2zF4AaABAg,,False,@EVELYEN234,❤❤❤❤❤❤❤❤❤❤❤❤,0,2024-03-15T09:53:04Z,2024-03-15T09:53:04Z
Ugyuk2lK9WkkCzeAibt4AaABAg,,False,@lusinebarseghyan1744,I LOVE YOU  BLACKPINK,1,2024-03-15T09:52:34Z,2024-03-15T09:52:34Z
Ugyuk2lK9WkkCzeAibt4AaABAg.A1-SziqU0wfA1-T6e_l-Tx,Ugyuk2lK9WkkCzeAibt4AaABAg,True,@lusinebarseghyan1744,❤❤❤❤♥️♥️♥️♥️😍😍😍😍🤩🤩🤩🤩😘😘😘😘,1,2024-03-15T09:53:39Z,2024-03-15T09:53:39Z
Ugypb6wO72sQzvs6Pq94AaABAg,,False,@zeynep1905-k,✨PROUD TO BE A BLİNK✨ BLACPİNK I LOVE YOU,0,2024-03-15T09:52:09Z,2024-03-15T09:52:09Z
UgzHZCNtiLp4KL5ErZ54AaABAg,,False,@a-series2083,Blinks who support our Blackpink forever raise your hands🙌🙌🙌🙌🙌,1,2024-03-15T09:51:46Z,2024-03-15T09:51:46Z
UgyrNYClEbevirLoILl4AaABAg,,False,@oezlemezra,Omg wow,0,2024-03-15T09:50:15Z,2024-03-15T09:50:15Z
Ugx9nuujLV_7pn4P9lJ4AaABAg,,False,@I_Love2024,Где вы блакпинк😢,0,2024-03-15T09:50:12Z,2024-03-15T09:50:12Z
Ugw2ir9OLQwobgDOqsd4AaABAg,,False,@Jijom18,I miss you Blackpink 😢😢❤❤🖤💗,1,2024-03-15T09:49:44Z,2024-03-15T09:49:44Z
UgxatzfE1yG3E_n4Aa94AaABAg,,False,@Moonlight-_-Rubyjane,"Love you 
Blackpink forever 🖤💖🖤💖🖤💖🖤💖",1,2024-03-15T09:48:13Z,2024-03-15T09:48:13Z
UgwSjc4T_BACH7eT0L14AaABAg,,False,@Meovv_heart,Blackpink in your area💖,1,2024-03-15T09:47:52Z,2024-03-15T09:47:52Z
UgyGhAV082uTTRuxXZZ4AaABAg,,False,@Dimpal-_-Goyal,who will support black pink ✋,1,2024-03-15T09:47:16Z,2024-03-15T09:47:16Z
UgzXLZkVuxet2g8OreN4AaABAg,,False,@Jennie_Worlds_97fanclub,Blackpink 🖤 🩷 love u ❤,0,2024-03-15T09:46:51Z,2024-03-15T09:47:07Z
UgxKJ7LeS949is8Ts1V4AaABAg,,False,@BdZarin,Blackpink i miss you very much,1,2024-03-15T09:46:19Z,2024-03-15T09:46:19Z
UgxKJ7LeS949is8Ts1V4AaABAg.A1-SGvnGTIeA1-SJ84HKQS,UgxKJ7LeS949is8Ts1V4AaABAg,True,@BdZarin,....,1,2024-03-15T09:46:37Z,2024-03-15T09:46:37Z
UgxPnNz3x6oSAjygnXl4AaABAg,,False,@lee_bina-q3q,와ㅏㅏㅏㅏㅏㅏㅏㅏㅏ❤❤❤❤❤❤❤❤,1,2024-03-15T09:46:01Z,2024-03-15T09:46:01Z
UgyilBKknZJ8ovO6cFV4AaABAg,,False,@Kapanmisbirkanal44,ASKİM JENNİE'M NERDE,0,2024-03-15T09:44:56Z,2024-03-15T09:44:56Z
UgwifC-zRAG9C71pHqV4AaABAg,,False,@jojokim-dh7hx,❤❤❤❤I'm proud of you guys because you didn't forget Blackpink,0,2024-03-15T09:44:43Z,2024-03-15T09:44:43Z
Ugw5xT_6jMYFb-yH3Rd4AaABAg,,False,@Kapanmisbirkanal44,EVETT BEEE,0,2024-03-15T09:44:36Z,2024-03-15T09:44:36Z
Ugy6gq5bM5vZQCxfd2d4AaABAg,,False,@Unknown_girl12344,"Who loves Blackpink like ❤
👇
👇",1,2024-03-15T09:43:24Z,2024-03-15T09:43:24Z
Ugys0jtK2ksgcdPpr_h4AaABAg,,False,@perfectJoekeery,Love you BLACKPİNK💗🖤❤️‍🩹,1,2024-03-15T09:42:59Z,2024-03-15T09:42:59Z
UgwyQec2AXmL3YP-wqN4AaABAg,,False,@menelademestreMerville,❤❤❤😊😊😊😚😊😊😊😊😊😊😊😊😊😊😊😍😍😍,0,2024-03-15T09:42:21Z,2024-03-15T09:42:21Z
Ugwd2b-lCeBEQ2-UNAx4AaABAg,,False,@Lisafnn5,WOWW,0,2024-03-15T09:42:01Z,2024-03-15T09:42:01Z
UgwU0KoMrG5tuIggYBJ4AaABAg,,False,@Unknown_girl12344,I am biggest fan of you all please reply me back ❤️❤️❤️❤️❤️😢,1,2024-03-15T09:41:51Z,2024-03-15T09:41:51Z
UgwMEyvOtOv1cTjKFsR4AaABAg,,False,@malak-ge1hp,WE want blackpink comback this year,0,2024-03-15T09:38:57Z,2024-03-15T09:38:57Z
Ugym_B1e4tuG7yEk6zF4AaABAg,,False,@RavzaDemir-ri7yt,l love you BLACKPİNK ❤❤,0,2024-03-15T09:37:20Z,2024-03-15T09:37:20Z
UgxW_n70Knsk51tAXMd4AaABAg,,False,@lomlsoonniee,please come back we missed you girls so much..,0,2024-03-15T09:36:53Z,2024-03-15T09:36:53Z
UgxmY7EK7OxrPcgtafR4AaABAg,,False,@classyclassy-be5ci,Is there a return this year?,0,2024-03-15T09:36:48Z,2024-03-15T09:36:48Z
UgzoI1WTu7AG4z_b9uB4AaABAg,,False,@Samara-vs8to,I miss you blackpink so much ❤😢,0,2024-03-15T09:35:28Z,2024-03-15T09:35:28Z
UgxfJbJcJBGsFPxVYbV4AaABAg,,False,@tanjinanourin,pls come back soon blackpink. bilnks miss you so much,0,2024-03-15T09:34:48Z,2024-03-15T09:34:48Z
UgwkVYhZ5xPTNAUWIg94AaABAg,,False,@Blackhite-g4k,Let's show them how much we love and miss them 🖤🩷👇🏻,0,2024-03-15T09:34:23Z,2024-03-15T09:34:23Z
UgzaIWxFAoIyXD8c8cB4AaABAg,,False,@Anvi.sweety,"Love you Blackpink
Love you 💟
Love you soo much
Love you infinite ❤️🩷😍
😍🆒💟🇰🇷🇰🇷🇰🇷🇰🇷🇰🇷
But sad too because Lisa gone to military 😢 you all should be together four ❤ 🍀 
Okay byee meet you in the next post ❤❤❤",1,2024-03-15T09:33:16Z,2024-03-15T09:33:16Z
UgxgxmzJj5xg1Sb6MjV4AaABAg,,False,@Lupinnguyen0803,Wow,0,2024-03-15T09:32:11Z,2024-03-15T09:32:11Z
Ugz9-ZKMlDWm_MfbCFh4AaABAg,,False,@cavansirseferov4401,I love you blackpink my bians lisa love you lisa ❤❤❤❤❤❤❤🇦🇿🇦🇿🇦🇿💗,0,2024-03-15T09:31:56Z,2024-03-15T09:31:56Z
UgyJb_DrCv0NGi0cP5V4AaABAg,,False,@白武士-f9x,❤❤❤❤❤❤❤❤❤❤❤❤❤❤❤,0,2024-03-15T09:30:11Z,2024-03-15T09:30:11Z
UgyTNUYhQxQNDGci2vJ4AaABAg,,False,@sunitasharma109,Black pink is a revolution,2,2024-03-15T09:24:28Z,2024-03-15T09:24:28Z
UgyTNUYhQxQNDGci2vJ4AaABAg.A1-PlwLtUq3A1-qhb4-Lsq,UgyTNUYhQxQNDGci2vJ4AaABAg,True,@TheHighLevel.,4️⃣ Fantastic Four 4️⃣,1,2024-03-15T13:28:33Z,2024-03-15T13:28:33Z
Ugzc71vst1A6RAIGlBV4AaABAg,,False,@Alia_noussa11,❤❤❤❤❤❤❤❤❤❤❤,0,2024-03-15T09:24:25Z,2024-03-15T09:24:25Z
Ugw7-pj8ztMGq-txgHV4AaABAg,,False,@Verlin_,I Miss all of you Please come back to our🖤💖,2,2024-03-15T09:23:40Z,2024-03-15T09:23:40Z
Ugypcq44HdU9aor7rRd4AaABAg,,False,@Bp_4ever2,I MISS BLACKPINK SO MUCHHH❤❤❤❤❤❤❤❤❤,0,2024-03-15T09:22:18Z,2024-03-15T09:22:18Z
UgwYOK7MdDFpKqu68DZ4AaABAg,,False,@THEBESTLİLİES456,"I love you
Blackpink ❤",1,2024-03-15T09:21:07Z,2024-03-15T09:21:07Z
UgyYZWI9Shhr57LnuRV4AaABAg,,False,@TalaJaeda,I miss you a lot blackpink 😢❤❤❤❤,0,2024-03-15T09:19:53Z,2024-03-15T09:19:53Z
Ugw8fokfylv1IluPZfF4AaABAg,,False,@KAKAUUUKA,Ураааааааааа новое видео❤,0,2024-03-15T09:18:33Z,2024-03-15T09:18:33Z
Ugz2KDWAa2hs9PR97n94AaABAg,,False,@Jimblix,Queens ❤❤,0,2024-03-15T09:17:30Z,2024-03-15T09:17:30Z
UgyLv0gkW0HHxKPeM8p4AaABAg,,False,@azra_azraaa1903,I LOVE JENNIE❤❤❤❤❤,0,2024-03-15T09:15:26Z,2024-03-15T09:15:26Z
Ugz7cwuv0mmKV-Bv-vF4AaABAg,,False,@KUROU_world,Who else misses them? 😢😢,0,2024-03-15T09:15:04Z,2024-03-15T09:15:04Z
UgyM9rov0s51OxA7Hz14AaABAg,,False,@Luninha_11,❤,0,2024-03-15T09:13:57Z,2024-03-15T09:13:57Z
UgwwTXlxlV1sixpZDXB4AaABAg,,False,@Just_RAHAF-f5x,cool 💗 love Blackpink 😭💗,1,2024-03-15T09:09:42Z,2024-03-15T09:09:42Z
UgwXTOdL5RtOJ6fJ2PN4AaABAg,,False,@DPop-vb7ul,Wow,0,2024-03-15T09:09:37Z,2024-03-15T09:09:37Z
Ugw4z3gRmaZEv5p29bd4AaABAg,,False,@حوراء_ئالورد_ضد_الحراره_والبرد,해체하고 멤버들 각자 혼자 남게 될까요?,0,2024-03-15T09:09:08Z,2024-03-15T09:09:08Z
UgwuHBrMbN6afkwJUS14AaABAg,,False,@DPop-vb7ul,❤❤❤❤❤❤❤❤❤❤,0,2024-03-15T09:08:43Z,2024-03-15T09:08:43Z
UgxSJ4kiIhrnyGekz4p4AaABAg,,False,@menelademestreMerville,❤❤❤❤❤❤❤❤❤❤😍,0,2024-03-15T09:08:32Z,2024-03-15T09:08:32Z
Ugye24vYVwsu5SNEAeZ4AaABAg,,False,@Manel.727,"BLACKPINK
I LOVE YOU SOO MUCH ♥😭",0,2024-03-15T09:08:23Z,2024-03-15T09:08:23Z
UgxVtxWm2G0yhwjatXt4AaABAg,,False,@Saanvi-sharma0409,"✨ BLACKPINK IS THE REVOLUTION ✨

Slayyyy queens 👑🔥",1,2024-03-15T09:08:21Z,2024-03-15T09:08:36Z
UgxVtxWm2G0yhwjatXt4AaABAg.A1-Nvo__PRuA1-qqoob_Z4,UgxVtxWm2G0yhwjatXt4AaABAg,True,@TheHighLevel.,4️⃣ Fantastic Four 4️⃣,1,2024-03-15T13:29:49Z,2024-03-15T13:29:49Z
UgxVtxWm2G0yhwjatXt4AaABAg.A1-Nvo__PRuA1-tKPDzqds,UgxVtxWm2G0yhwjatXt4AaABAg,True,@Saanvi-sharma0409,@@TheHighLevel. Ysssss 👑 🔥 ✨,1,2024-03-15T13:51:28Z,2024-04-18T01:52:41Z
UgzP2wTQyuSrBqDNIRZ4AaABAg,,False,@Lavender.46,Indian🇮🇳 blinks loves you so much Blackpink ❤🖤💗,0,2024-03-15T09:08:04Z,2024-03-15T09:08:04Z
Ugy2mP2oNcRsXf6teQl4AaABAg,,False,@Ledi1313a,Blackpink ❤,1,2024-03-15T09:07:34Z,2024-03-15T09:07:34Z
UgzLyrtoTxznZt9wUht4AaABAg,,False,@Muslimahs_Journey,"*BLACKPINK x Takashi murakami*
_BLACKPINK_IS_THE_revolution_ 🖤💗",1,2024-03-15T09:06:34Z,2024-03-15T09:06:34Z
UgzLyrtoTxznZt9wUht4AaABAg.A1-NipMGhz2A1-qzrQPUyA,UgzLyrtoTxznZt9wUht4AaABAg,True,@TheHighLevel.,Fantastic 4️⃣,2,2024-03-15T13:31:03Z,2024-03-15T13:31:03Z
Ugxno-2UdhPi-_u8YjJ4AaABAg,,False,@lisooxqw4123,We miss you guys…,2,2024-03-15T09:03:26Z,2024-03-15T09:03:47Z
Ugx6tTQpgHaDmn4zws94AaABAg,,False,@JigyasaKumari-ru6ff,"Miss you my queens 🩷🩷🩷🩷
Waiting for your comeback 2024 🖤🩷
I will always be a blink and you are my only inspiration and motivation 💖💖💖💖
Blackpink is the revolution 💞💞
East or west Blackpink is the best 👑👑👑👑",212,2024-03-15T09:02:59Z,2024-03-17T17:21:03Z
Ugx6tTQpgHaDmn4zws94AaABAg.A1-NJZhU1RqA1-rEYE2of8,Ugx6tTQpgHaDmn4zws94AaABAg,True,@TheHighLevel.,Fantastic 4️⃣,1,2024-03-15T13:33:11Z,2024-03-15T13:33:11Z
Ugx6tTQpgHaDmn4zws94AaABAg.A1-NJZhU1RqA14fmr5ZdmH,Ugx6tTQpgHaDmn4zws94AaABAg,True,@JigyasaKumari-ru6ff,​@@TheHighLevel.Thank you 😊,0,2024-03-17T10:29:21Z,2024-06-12T21:28:42Z
UgzrfrxvDkkalIw2XH94AaABAg,,False,@jk.mo9,❤❤❤🌹🌹💓💕,1,2024-03-15T09:02:50Z,2024-03-15T09:02:50Z
UgyzjajAjPRuthRBv394AaABAg,,False,@bonis3894,Blackpink my favourite  ❤️❤️❤️❤️,1,2024-03-15T08:59:44Z,2024-03-15T08:59:44Z
UgyzjajAjPRuthRBv394AaABAg.A1-MwkesghGA1-r7NnRfXn,UgyzjajAjPRuthRBv394AaABAg,True,@TheHighLevel.,Fantastic 4️⃣,1,2024-03-15T13:32:12Z,2024-03-15T13:32:12Z
UgwRktaDk2iEqFVECl94AaABAg,,False,@Me_myself_and_I_47,We miss you guys a lot ❤,1,2024-03-15T08:58:28Z,2024-03-15T08:58:28Z
UgziD4Eeocv8c2Hp3Hh4AaABAg,,False,@bojangrbic5710,"I love you, BLACKPINK! My Queens.👑👑💖💖💐💐💖💖💐💐💖💖❤️❤️👑👑💜💜👑👑🌹🌹👑👑💕💕👑👑💖💖💕💕",1,2024-03-15T08:56:49Z,2024-03-15T08:56:49Z
UgwAd8jz_-Q8zb_USQp4AaABAg,,False,@Moonlitmannu,"I miss you my four Angeles , please come back together😊😊😊😊
💜💜🖤💗🖤💗🖤💗🖤💗🖤💗🖤💗🖤💗🖤💗🖤💗🖤💗🖤",2,2024-03-15T08:56:46Z,2024-03-15T08:56:46Z
UgzelFkxvP70iGHLphR4AaABAg,,False,@Jenniesllywq1_1,BLACKPİNK İ MİSS YOUUU❤❤❤,0,2024-03-15T08:55:34Z,2024-03-15T08:55:34Z
UgwcnMUTPu5QU6VhBRB4AaABAg,,False,@karinaNewღ,"Who will love BLACKPINK forever???
BLACKPINK is the revolution!",160,2024-03-15T08:54:27Z,2024-03-15T16:33:02Z
UgwcnMUTPu5QU6VhBRB4AaABAg.A1-ML-0Qj9XA1-P9mg6l0r,UgwcnMUTPu5QU6VhBRB4AaABAg,True,@Azgar1337,Me❤,8,2024-03-15T09:19:08Z,2024-03-15T09:19:08Z
UgwcnMUTPu5QU6VhBRB4AaABAg.A1-ML-0Qj9XA1-ZqNn-3km,UgwcnMUTPu5QU6VhBRB4AaABAg,True,@nairafan,I love BLACKPINK❤️💞✨,7,2024-03-15T10:52:28Z,2024-03-15T10:52:28Z
UgwcnMUTPu5QU6VhBRB4AaABAg.A1-ML-0Qj9XA1-dBBlGLhx,UgwcnMUTPu5QU6VhBRB4AaABAg,True,@JayyBlink,yoo,6,2024-03-15T11:30:24Z,2024-03-15T11:30:24Z
UgwcnMUTPu5QU6VhBRB4AaABAg.A1-ML-0Qj9XA1-kaZJwO5g,UgwcnMUTPu5QU6VhBRB4AaABAg,True,@Lovers_da_Jennie,Mee💗,5,2024-03-15T12:35:10Z,2024-03-15T12:35:10Z
UgwcnMUTPu5QU6VhBRB4AaABAg.A1-ML-0Qj9XA1-pgPTqptm,UgwcnMUTPu5QU6VhBRB4AaABAg,True,@TheHighLevel.,4️⃣ Fantastic Four 4️⃣,5,2024-03-15T13:19:39Z,2024-03-15T13:19:39Z
UgyvTJxT0Hqi5CMAGE54AaABAg,,False,@YunusEmreSengul-mh2jz,Blackpink 🖤💞,0,2024-03-15T08:51:00Z,2024-03-15T08:51:00Z
UgyxuiU7Rt1GJUJZNa94AaABAg,,False,@MaselArtt,MORE VIDEOS WE MISS YOU❤,0,2024-03-15T08:50:01Z,2024-03-15T08:50:21Z
Ugx_SKK9XqK0A9LhIRh4AaABAg,,False,@KimSirina,"I'm miss you BLACK PINK
ILOVE You 💗 BLACK PINK 💓💓💓",0,2024-03-15T08:48:45Z,2024-03-15T08:48:45Z
Ugxl0CQ_Rxz48AE0cNB4AaABAg,,False,@Minsol0102,블핑 사랑해 🖤🩷,0,2024-03-15T08:48:36Z,2024-03-15T08:48:36Z
Ugxg3nnIK6Zt7DTwuSx4AaABAg,,False,@Money3431,Cute❤,0,2024-03-15T08:47:10Z,2024-03-15T08:47:10Z
UgxwVuwOIB1ub52OKEt4AaABAg,,False,@네버버-p2n,블핑 사랑해여🩷🖤🩷🖤🩷🖤🩷🖤🩷🖤🩷,0,2024-03-15T08:46:16Z,2024-03-15T08:46:16Z
UgyoL-_FaCOXfrKswbR4AaABAg,,False,@QuynhLe-zx2fv,Black Pink I miss u soon much ❤❤❤,0,2024-03-15T08:45:55Z,2024-03-15T08:45:55Z
UgwaXtc55q7Y1P856lN4AaABAg,,False,@Icegirl_official,Blackpink forever life 💗🖤💗🖤💗🖤💗🖤💗🖤💗🖤💗🖤💗🖤💗🖤BLACKPINK IN YOUR AREA 💗🖤💗🖤💗🖤♾♾♾♾👑👑👑👑,0,2024-03-15T08:45:52Z,2024-03-15T08:45:52Z
UgwCzXsZFTe9ADQgynJ4AaABAg,,False,@Bunnies517,Oh wow,0,2024-03-15T08:45:28Z,2024-03-15T08:45:28Z
UgxijnNyIn4ddvGSJpN4AaABAg,,False,@iloveblackpink13,Pls come to Armenia🇦🇲🩷🖤,0,2024-03-15T08:45:27Z,2024-03-15T08:45:27Z
UgwvIIUhK3nDnobKHN54AaABAg,,False,@bloominginrosie,Its nice to see more posts from you all<3 love u❤,0,2024-03-15T08:45:19Z,2024-03-15T08:45:19Z
UgzKHHylMEmFkx5gaGd4AaABAg,,False,@nessa-j3p,BLACK PINK I LOVE LOVE LOVE LOVE LOVE LOVE LOVE LOVE LOVE LOVE LOVE LOVE LOVE LOVE LOVE LOVE LOVE LOVE LOVE LOVE LOVE LOVE LOVE LOVE LOVE LOVE LOVE LOVE YOU,0,2024-03-15T08:40:11Z,2024-03-15T08:40:11Z
UgyWbIi5iLe6Qa5RR_d4AaABAg,,False,@BLINK_STAY777,I love BLACKPINK где вы ребята!!!!❤❤❤❤❤❤❤❤😢,0,2024-03-15T08:38:56Z,2024-03-15T08:38:56Z
UgxrU2I9UVc7afJpv-l4AaABAg,,False,@_Barbie_Granny,BLACKPINK I MISS YOU GUYS😭😭😍😍✨✨🌸🌸🩷🩷,0,2024-03-15T08:38:10Z,2024-03-15T08:38:10Z
UgzqPt1oFM0Oqk08U8J4AaABAg,,False,@Blinkpetal,❤❤,1,2024-03-15T08:37:56Z,2024-03-15T08:37:56Z
UgzqPt1oFM0Oqk08U8J4AaABAg.A1-KS7abcSNA5hgDG4MK87,UgzqPt1oFM0Oqk08U8J4AaABAg,True,@seayacc,@@Blinkpetal 🎀,0,2024-07-10T09:28:17Z,2024-07-10T09:28:17Z
UgyMhO5giXKCMEhgu4d4AaABAg,,False,@enayistay.,"They are our daughters, we will always support them.",11,2024-03-15T08:37:49Z,2024-03-15T08:37:49Z
UgyPJMc5w-neOzxLcyZ4AaABAg,,False,@Alokgamin729,❤❤❤❤❤❤❤❤,0,2024-03-15T08:36:37Z,2024-03-15T08:36:37Z
Ugyo68s2iWmVBFF5v4V4AaABAg,,False,@Nusrathossain4189,"Blackpink ❤ Blinks 
Our true love will never end🥺🥺🥺",0,2024-03-15T08:36:14Z,2024-03-15T08:36:14Z
UgyWc6Kes9w3krmQ0j14AaABAg,,False,@DimaAlsaied,Part 2 looks so exciting and fun 😻😻,0,2024-03-15T08:34:56Z,2024-03-15T08:34:56Z
UgyGjDFaDI7VBvJzvzZ4AaABAg,,False,@DimaAlsaied,Let's gooo I'm so excited for this one 💜💜💜,0,2024-03-15T08:34:21Z,2024-03-15T08:34:21Z
UgwTanCUzse7cBT6O3R4AaABAg,,False,@DimaAlsaied,BLACK PINK THE REVOLUTION OSCARS QUEENS ❤️👑,0,2024-03-15T08:34:03Z,2024-03-15T08:34:03Z
UgxYqUCjI4blRuWwAc94AaABAg,,False,@روديتابوتي-ط7ح,جيت بدري,0,2024-03-15T08:33:52Z,2024-03-15T08:33:52Z
Ugy_uotm-AlO0JwcuAB4AaABAg,,False,@lalisaofchae,Bune,0,2024-03-15T08:31:43Z,2024-03-15T08:31:43Z
UgxhDlsy01ODi-R6sKt4AaABAg,,False,@Uniqueen123,I’m soo excited 😆,1,2024-03-15T08:31:20Z,2024-03-15T08:31:20Z
Ugxg3GJHCkx1F_YcjQd4AaABAg,,False,@NhuiDinh,Vây la blackpink đa quay lai 😊❤❤❤,1,2024-03-15T08:31:13Z,2024-03-15T08:31:13Z
Ugxg3GJHCkx1F_YcjQd4AaABAg.A1-JfsJ5inTA1-JiSmBnqc,Ugxg3GJHCkx1F_YcjQd4AaABAg,True,@Uniqueen123,❤❤,1,2024-03-15T08:31:34Z,2024-03-15T08:31:34Z
UgwOPo08Tf7iYVOiR1N4AaABAg,,False,@Sunandmoonndk,"Türk blinkler burda mı
👇
👇
👇",0,2024-03-15T08:31:12Z,2024-03-15T08:31:12Z
Ugzrihx8jprZ4KTquBt4AaABAg,,False,@kimsidra_593,❤,0,2024-03-15T08:30:23Z,2024-03-15T08:30:23Z
Ugxy7uTMvDcgZT_KaXF4AaABAg,,False,@KYKYPUDIM,BLACK PINK IN YOUR AREAAA❤❤❤❤,0,2024-03-15T08:30:16Z,2024-03-15T08:30:16Z
Ugx3bI3O8OmCkAP_h9Z4AaABAg,,False,@4you2C,Wait what is happening?!,0,2024-03-15T08:30:06Z,2024-03-15T08:30:06Z
UgzeeT1nYkcygOX0Q994AaABAg,,False,@4you2C,BLACKPINK 🖤🩷,0,2024-03-15T08:29:50Z,2024-03-15T08:29:50Z
UgzarTMMa7ZB4DXozrZ4AaABAg,,False,@xstan_kpopx,"Today is my birthday and I got a Blackpink cake, I love you guys so much ❤❤❤",1,2024-03-15T08:29:41Z,2024-03-15T08:29:41Z
UgyutYyuAZr6zdd2Rql4AaABAg,,False,@sahilbhallaa,Please give us a comeback,0,2024-03-15T08:28:07Z,2024-03-15T08:28:07Z
UgxjAz4m2aDoR7kzjkJ4AaABAg,,False,@L_FATIMA11,Blackpink are the queens of kpop,1,2024-03-15T08:28:01Z,2024-03-15T08:28:01Z
UgyUBH2QXaEhrAaxx3d4AaABAg,,False,@RubySooJen,I miss you BLACKPİNKK❤❤,1,2024-03-15T08:27:53Z,2024-03-15T08:27:53Z
UgxrsZIkAIkPrYEnTRR4AaABAg,,False,@Blackpinkotp4,I am a blink❤ amd you,0,2024-03-15T08:27:35Z,2024-03-15T08:27:35Z
UgwUJ0xbGoktQHK-pfJ4AaABAg,,False,@fimilxx,Блэк Пинк = королевы👑,0,2024-03-15T08:26:18Z,2024-03-15T08:26:25Z
UgyJMwAfT2eM45kqUyl4AaABAg,,False,@ValentinaUNNIE,BLACKPINK YOU WILL ALWAYS BE IN KY HEART,0,2024-03-15T08:25:39Z,2024-03-15T08:25:39Z
UgzZgNsDW6HCkXkZGUV4AaABAg,,False,@vihmalhotra,🖤💓,0,2024-03-15T08:25:38Z,2024-03-15T08:25:38Z
Ugz-Fe_ZF0IVSxeoKTN4AaABAg,,False,@vihmalhotra,🖤💗,0,2024-03-15T08:25:28Z,2024-03-15T08:25:28Z
Ugx0tkGuJnRuufJOtOd4AaABAg,,False,@vihmalhotra,🖤💗,0,2024-03-15T08:25:15Z,2024-03-15T08:25:15Z
UgzPuSARIaeAibxvgGt4AaABAg,,False,@RoseEnertainment,Blackpink misss you,0,2024-03-15T08:25:12Z,2024-03-15T08:25:18Z
UgzxN7Tr8C-UUGt8GXR4AaABAg,,False,@rosies_pookies,Blackpink is the revolution ❤❤❤❤❤❤❤love youuu blackpink ❤❤❤❤❤❤,0,2024-03-15T08:24:31Z,2024-03-15T08:24:31Z
UgwK1YCT-VGT4yNdI114AaABAg,,False,@jisoo-847,❤블랙핑크가 너무 보고 싶고 사랑해요  😊,0,2024-03-15T08:23:59Z,2024-03-15T08:23:59Z
Ugycb-yRrtEUrePXoOp4AaABAg,,False,@LeahNir,Love you Blackpink 💓🖤 im a lovesick blink ❤❤,1,2024-03-15T08:23:41Z,2024-03-15T08:23:41Z
UgyHHLCPsV1zuwn1QJx4AaABAg,,False,@AfifahKhan-d7w,BLACKPINK i miss you ❤❤,0,2024-03-15T08:23:02Z,2024-03-15T08:23:02Z
UgxJhEC2EAkRmSGgMo54AaABAg,,False,@Rafeeflulu,Love you blackpink ❤❤❤❤,1,2024-03-15T08:22:56Z,2024-03-15T08:22:56Z
UgyGXMluP7XX5iNR8-B4AaABAg,,False,@HamidaZidan-uj7kx,"BLACK PINK You guys are very, very beautiful. ❤️❤️❤️",0,2024-03-15T08:22:54Z,2024-03-15T08:22:54Z
Ugy_pATN_Vt2XqzRh3V4AaABAg,,False,@Chan_8919,what is the name of the game?,1,2024-03-15T08:22:44Z,2024-03-15T08:22:44Z
UgzAcRrm6EJmOgV2jkh4AaABAg,,False,@alma_blink479,BLACK PINK in your areaa ❤❤❤❤❤❤❤❤,0,2024-03-15T08:22:32Z,2024-03-15T08:22:32Z
UgxIvXfbDap2-Pt3oRd4AaABAg,,False,@Moonlightfunandtherianthropy,BLACKPINK pls come backkk,0,2024-03-15T08:21:44Z,2024-03-15T08:21:44Z
Ugw2hBIi5vSzP2VTqhd4AaABAg,,False,@zahramissoum2610,My love black pink♡♡♡♡♡♡♡♡♡♡♡,0,2024-03-15T08:21:43Z,2024-03-15T08:21:43Z
UgzDhdEz_WOuIRR_X294AaABAg,,False,@peekakuchu6878,Not a CB announcement 😵,0,2024-03-15T08:21:35Z,2024-03-15T08:21:35Z
UgxtO8eiseBT7lYIXZB4AaABAg,,False,@masal_on_slayy,I LOVE YOU BLACKPİNKKKKK❤❤❤❤❤❤❤❤❤❤❤❤❤❤❤❤❤,0,2024-03-15T08:19:37Z,2024-03-15T08:19:37Z
UgwciV5Floe2wetuYDZ4AaABAg,,False,@8ha,I miss you,0,2024-03-15T08:19:30Z,2024-03-15T08:19:30Z
Ugxbe_EUi8AqvyZdorB4AaABAg,,False,@Just-Chris143,❤❤❤❤,1,2024-03-15T08:19:13Z,2024-03-15T08:19:13Z
Ugxs9S_YdRzVYt-Wjmp4AaABAg,,False,@Lizzy_4568,Whaaoow,0,2024-03-15T08:17:38Z,2024-03-15T08:17:38Z
UgyG7-sXO6c_vu6Qb5h4AaABAg,,False,@Meni_Triks,Новое видео ❤️‍🩹,0,2024-03-15T08:17:37Z,2024-03-15T08:17:37Z
Ugy0vfFFWGpzpLc9sZJ4AaABAg,,False,@İbrahimFatullayev,l love you Blackpink,0,2024-03-15T08:16:50Z,2024-03-15T08:16:50Z
UgxOkXUS7TLXtCfdwT54AaABAg,,False,@gouravkumarsingh7482,Its been ages guys,0,2024-03-15T08:15:23Z,2024-03-15T08:15:23Z
UgyD7IIB0cJO7tdRCjZ4AaABAg,,False,@asimaziz208,Black pink please come back😢,0,2024-03-15T08:15:17Z,2024-03-15T08:15:17Z
UgxNObWuTFFWgAfHXYB4AaABAg,,False,@Cool.alex574.44,❤👑👑👑👑🙈,0,2024-03-15T08:10:47Z,2024-03-15T08:10:47Z
UgxcIKn3d-vHrNbGobV4AaABAg,,False,@likitha-x9c,BLACKPINK make a shorts of Jennie SOLO ❤,0,2024-03-15T08:10:43Z,2024-03-15T08:10:43Z
Ugysd_i7yNJFOAHh7BF4AaABAg,,False,@junaidequbal20,❤,1,2024-03-15T08:10:21Z,2024-03-15T08:10:21Z
Ugy75seRXpb6Anp_RWt4AaABAg,,False,@likitha-x9c,It's so cute ❤❤,0,2024-03-15T08:10:17Z,2024-03-15T08:10:17Z
UgybweWHkmAeuuy6gYN4AaABAg,,False,@Rubies-786,Blackpink comeback please we are waiting for you 🌈🌺 proud to be a blink,1,2024-03-15T08:10:14Z,2024-03-15T08:10:14Z
UgzB9iO9fWJvekbZ6W14AaABAg,,False,@Love_kpop-w2s,❤❤❤❤❤❤❤,0,2024-03-15T08:08:19Z,2024-03-15T08:08:19Z
UgwuiSmX3UX6TeBI6214AaABAg,,False,@sidra_mon,Blackpink in your area🖤💖,1,2024-03-15T08:06:55Z,2024-03-15T08:06:55Z
UgzT3Oc7EvM3EWDM9fx4AaABAg,,False,@PinkQueen_bp,This is so cute!! I LOVE YOU BLACKPINK U ARE MY IDOLS AND MY EVERYTHING,1,2024-03-15T08:05:41Z,2024-03-15T08:06:07Z
UgyeqAUJJ-2qgnEmDYd4AaABAg,,False,@LaLizamanoble,Please come back black pink please please please 😭😞,0,2024-03-15T08:05:32Z,2024-03-15T08:05:32Z
UgxIAxGdT7byIzcvPOB4AaABAg,,False,@Maya_fix,Вау❤,0,2024-03-15T08:04:12Z,2024-03-15T08:04:12Z
Ugw_ScUgKiMfxjcFsod4AaABAg,,False,@akuma420-w7x,Yayyy,0,2024-03-15T08:04:03Z,2024-03-15T08:04:03Z
Ugx0Y7Wp4OCo9qFO3Dx4AaABAg,,False,@Blink.Editor64,Wow for 1 minute like shut down😮🖤💖,1,2024-03-15T08:03:14Z,2024-03-15T08:03:14Z
UgyP67HJ4Y8pZtXhBuN4AaABAg,,False,@Vsoo703,My heart jisoo unnie and Lisa queen Lisoo l miss you so much honey 🍯😢🥺🥺,1,2024-03-15T08:02:53Z,2024-03-15T08:02:53Z
Ugx8EdQNxJnv6HNg2894AaABAg,,False,@fidanbakirli2303,How many blinks support Blackpink forever ♾️,1,2024-03-15T08:01:37Z,2024-03-15T08:01:37Z
UgwVHO49nc2THR1rUqB4AaABAg,,False,@EMI_WESSING,INTERNATIONAL BLINKS WHERE ARE YOU FROM????,0,2024-03-15T07:58:33Z,2024-03-15T07:58:33Z
UgzTPMp6nX12jRyYOUJ4AaABAg,,False,@Andher4bp,"Y empezamos con el contenido repetido, una saga sin fin en BLINKCITY",0,2024-03-15T07:57:46Z,2024-03-15T07:57:46Z
Ugw7AUpe7_F0jiwwLE54AaABAg,,False,@qweenie_m,"Love you 🖤BLΛƆKPIИK💗
BTW
It was my last day of school",1,2024-03-15T07:57:05Z,2024-03-15T07:57:05Z
UgwzetjyUO87aI515154AaABAg,,False,@BBaMeSis,Whats that? Btw we love BLACKPINK 🖤🩷,0,2024-03-15T07:56:34Z,2024-03-15T07:56:34Z
UgzXiNEaGozagIEcRJd4AaABAg,,False,@user-Lalisa700,"BLACKPINK IS THE REVOLUTION 🖤🩷🖤🩷🖤🩷🖤🩷🖤🩷🖤🩷
LOVE YOU LISA,ROSE, JISOO,JENNIE.",1,2024-03-15T07:55:12Z,2024-03-15T07:55:12Z
UgzXiNEaGozagIEcRJd4AaABAg.A1-FZ1VYLecA1-qx0E2fIv,UgzXiNEaGozagIEcRJd4AaABAg,True,@TheHighLevel.,Fantastic Four,1,2024-03-15T13:30:39Z,2024-03-15T13:30:39Z
UgzXiNEaGozagIEcRJd4AaABAg.A1-FZ1VYLecA1-ucRG7cJ3,UgzXiNEaGozagIEcRJd4AaABAg,True,@user-Lalisa700,@@TheHighLevel. Tysm💜💜,1,2024-03-15T14:02:48Z,2024-06-12T22:21:05Z
Ugyi7jbCQMWNMZAoR_R4AaABAg,,False,@Ereny-_bive,"I love you Back pink ❤
jisoo ❤Lisa ❤jenny ❤Rose❤",1,2024-03-15T07:53:18Z,2024-03-15T07:53:18Z
Ugxo4FCmLXzNRKPTM194AaABAg,,False,@jessealmeida5790,Blackpink is finally back 🖤💗🖤💗💗💗🖤,0,2024-03-15T07:50:58Z,2024-03-15T07:50:58Z
UgyJVSvjirCWW0NGGpR4AaABAg,,False,@Youssef_lx1r,who thought it was a Comeback at first ?,1,2024-03-15T07:49:38Z,2024-03-15T07:49:38Z
UgwbarPUFL0hl4VSLJ14AaABAg,,False,@Manya20142,I ❤ bp!,0,2024-03-15T07:49:24Z,2024-03-15T07:49:24Z
Ugx_nHI0ZPJa9vgJTvp4AaABAg,,False,@Kisha_park,"BLACKPINK, Miss you so much... 🥺❤",0,2024-03-15T07:48:26Z,2024-03-15T07:48:26Z
UgxFLxg_KL0Gyv7__Vh4AaABAg,,False,@Lalisamanobal-kk1br,❤❤❤,0,2024-03-15T07:47:17Z,2024-03-15T07:47:17Z
UgxFmzIQSwPAS5vYBzx4AaABAg,,False,@Emereld224,"Blackpink is the revolution
Haters are pollution",0,2024-03-15T07:47:10Z,2024-03-15T07:47:10Z
UgwLF-DgWFA5WAr_M8d4AaABAg,,False,@BD_SULLYXX_ROSE_OT4,BLACKPINK 🎉🎉🎉🎉🎉,0,2024-03-15T07:45:18Z,2024-03-15T07:45:18Z
UgxAiovORfXa5gT0Jot4AaABAg,,False,@Тренды-г4ж,Привет 💗♥️♥️😉🤩😘😘🥺🥺🩷💕🤍,0,2024-03-15T07:43:17Z,2024-03-15T07:43:17Z
UgxfWH9NBvU0NBB5JDB4AaABAg,,False,@zgdxx_official,❤❤❤,1,2024-03-15T07:42:49Z,2024-03-15T07:42:49Z
UgzMAbQPnQ6UEMfSvPR4AaABAg,,False,@zgdxx_official,❤❤❤,1,2024-03-15T07:42:44Z,2024-03-15T07:42:44Z
UgzPLxTZQR9u-7luToN4AaABAg,,False,@zgdxx_official,❤❤❤❤❤❤❤❤❤❤❤❤❤❤❤❤❤❤❤❤❤❤❤❤❤❤❤❤❤❤❤❤❤❤❤❤❤❤❤❤❤❤❤❤❤❤❤❤❤❤❤❤❤❤❤❤❤❤❤❤❤❤❤❤❤❤❤❤❤❤❤❤❤❤❤❤❤❤,0,2024-03-15T07:42:26Z,2024-03-15T07:42:26Z
Ugy1TodWIEyK3ToMBad4AaABAg,,False,@AilinGoudarzi,We loveeeee youuuuuu,0,2024-03-15T07:40:51Z,2024-03-15T07:40:51Z
UgyrIZP_bx315Dhf-eB4AaABAg,,False,@AilinGoudarzi,I love youuuuuuu,0,2024-03-15T07:40:42Z,2024-03-15T07:40:42Z
Ugy2src256vDUx9V7mZ4AaABAg,,False,@AilinGoudarzi,BLACK PINK i miss you 😢😢😢😢😢😢😢,0,2024-03-15T07:40:33Z,2024-03-15T07:40:33Z
UgwHXJNVkFYMRtxh4ZV4AaABAg,,False,@paolareginaquino,hazme el video❤🌹,0,2024-03-15T07:40:33Z,2024-03-15T07:40:33Z
UgxficJqrxZbcQ6sImJ4AaABAg,,False,@kimdo-hee12345,I miss you blackpink I am waiting for your new concert 🥺,1,2024-03-15T07:40:26Z,2024-03-15T07:40:26Z
UgwVRIx7ViBihKRcuN94AaABAg,,False,@Definitely_hi-_-,PROUD TO BE A BLINK,0,2024-03-15T07:40:06Z,2024-03-15T07:40:06Z
UgykszfZcsfiZLJ82fN4AaABAg,,False,@cheryy_bites,❤❤❤❤,0,2024-03-15T07:39:33Z,2024-03-15T07:39:33Z
UgyfaHswte3YORDuAfZ4AaABAg,,False,@Kit_Kat210-,Blackpink :DDD,0,2024-03-15T07:39:31Z,2024-03-15T07:39:31Z
UgxC1-TReCE6qQr1Wcl4AaABAg,,False,@Lilys_xoxo,Who wants blackponk to stay a group for ever,0,2024-03-15T07:39:17Z,2024-03-15T07:39:17Z
UgwPAZY7s0f8FlEc9114AaABAg,,False,@julyit_tube13,بلاك بنك اختفوا مدة طويلة بدأت اقلق عليهم😢,1,2024-03-15T07:38:10Z,2024-03-15T07:38:10Z
Ugysvgoo0xL55IflxMl4AaABAg,,False,@YASHSHARMA-t3t7b,🖤BLACKPINK💗✨IS THE REVOLUTION✨😘💞💕💖🎉🤘🏻🤟🏻🎊 PROUD TO BE A BLINK😏😌😍😆,0,2024-03-15T07:35:39Z,2024-03-15T07:35:39Z
Ugy42CrW9MD7Dl0-8NF4AaABAg,,False,@_.Lisacore._,I miss Blackpink together hope they’re doing well,0,2024-03-15T07:35:31Z,2024-03-15T07:35:31Z
UgyHNCSESKR7PbpxFqt4AaABAg,,False,@mohsinjaved9734,"I really miss you Blackpink ❤
Blackpink in your area❤
Team who love blackpink 
Like please
👇",0,2024-03-15T07:35:14Z,2024-03-15T08:44:26Z
UgxivHiW6QXZ5aZiFd54AaABAg,,False,@Tarhanashortvideo,yg thank you black pink new song is coming 🥹😭😭😭😭😭,0,2024-03-15T07:33:12Z,2024-03-15T07:33:12Z
Ugxq3svGV68HNQo6FU54AaABAg,,False,@Blissooyaaa3,I miss you my Queens 💗💗💗💗,0,2024-03-15T07:31:33Z,2024-03-15T07:31:33Z
Ugxb6tMHyEJcICDtLUZ4AaABAg,,False,@K-pop_sweety_maker7816,"BLACKPINK IS A REVOLUTION 💥🔥
          
 B 🖤.                     
   L💗
     A🖤
       C💗
          K 🖤.              FOREVER❤
P💗
  I🖤
    N💗
       K🖤",0,2024-03-15T07:30:40Z,2024-03-15T07:30:40Z
UgzuFlwEh-bMZGGt8Wp4AaABAg,,False,@TheCraa_Editz,Comback soon?,0,2024-03-15T07:29:29Z,2024-03-15T07:29:29Z
UgzpsQ1dN4esqmTXkxR4AaABAg,,False,@HannahsQuizzes,🖤💖,0,2024-03-15T07:29:14Z,2024-03-15T07:29:14Z
UgwuE6XVBX-cKZ_bj854AaABAg,,False,@HQFOAM,What's this? 🧐❤,1,2024-03-15T07:28:57Z,2024-03-15T07:28:57Z
UgwR3Sx1TLGI7BGbsCZ4AaABAg,,False,@BLISSOOENTERTAINMENTFan-PageNJ,HOW MUCH INTERNATIONAL FANS OF BLACKPINK ARE HERE?! 🖤🩷,1,2024-03-15T07:28:56Z,2024-03-15T07:28:56Z
Ugy0XcFfV14ssC-N6oh4AaABAg,,False,@Rupkathaaaaaaaaaaa,"Who loves Blackpink 
👇",1,2024-03-15T07:28:04Z,2024-03-15T07:28:04Z
UgwrmWeJUE4T3n5Tphh4AaABAg,,False,@جعفرالصادق-ف4ت,😂😂😂😂😂,1,2024-03-15T07:27:37Z,2024-03-15T07:27:37Z
Ugzid4UdxF3NxD70yId4AaABAg,,False,@Zuzanna-v4s,Soo cute,0,2024-03-15T07:25:28Z,2024-03-15T07:25:28Z
UgyW0jXy_XXVa4yCMBp4AaABAg,,False,@blinkgirl-l9y,Love you black pink  ❤❤❤❤,0,2024-03-15T07:24:47Z,2024-03-15T07:24:47Z
UgwxVBzxPzEJOLsZXSx4AaABAg,,False,@Itz_Anisha,"Blackpink, we've missed you! Release more posts(",0,2024-03-15T07:24:41Z,2024-03-15T07:24:41Z
UgwThE1kY7FH0l-EbUB4AaABAg,,False,@YourlocalK-pop_stan,🖤💗BLACKPINK YOU ARE MY FAVOURITE GROUP!!💗🖤 YOU GUYS ARE AMAZING!! MY FAMILY SAY IM TOO OBSESSED WITH BLACKPINK BECAUSE YOU GUYS ARE SOO AMAZING!! 🖤💗,1,2024-03-15T07:24:39Z,2024-03-15T07:24:39Z
UgzUG7sCUm0c34-rFJ94AaABAg,,False,@NosheenIjaz-q4n,"WHO WILL ALWAYS SUPPORT BLACKPINK 🖤💗 RAISE THEIR HANDS🤚
👇",0,2024-03-15T07:24:36Z,2024-03-15T07:24:36Z
UgyUYECEOFE0wYKmXVh4AaABAg,,False,@jane_mm_m,I just came across this on TikTok.💗,0,2024-03-15T07:24:34Z,2024-03-15T07:24:34Z
UgyDvpwNsLxfHl9rFG54AaABAg,,False,@kffected_fan,Blackpink's Year,0,2024-03-15T07:24:04Z,2024-03-15T07:24:04Z
UgyE0eJQpKfh3yDiPxd4AaABAg,,False,@TheBest_STAY,BLACKPİNK I MİSS YOUUUUUU ❤❤❤❤❤❤I LOVE YOUUUU❤❤❤❤,0,2024-03-15T07:24:03Z,2024-03-15T07:24:03Z
Ugw22BK7h9kpPG3pzi14AaABAg,,False,@powerN22,i miss you so much blackpink love you a lot 😫🖤💖🖤💖,0,2024-03-15T07:17:33Z,2024-03-15T07:17:33Z
UgzqYZRUeQmHRI6Xty14AaABAg,,False,@Fidansqw,BLACKPINKKKKKKKKKK❤❤❤❤,0,2024-03-15T07:17:11Z,2024-03-15T07:17:11Z
Ugyz-TMxtEJczkd_DXR4AaABAg,,False,@aishaatamna2173,قبل المليون🌷💗,1,2024-03-15T07:16:58Z,2024-03-15T07:16:58Z
Ugw5D00wJcj8kcMhMUV4AaABAg,,False,@Tanha183,Blackpink i miss you💖💖,0,2024-03-15T07:16:43Z,2024-03-15T07:16:43Z
UgwCt7fAR6aycg4XoRh4AaABAg,,False,@MaritemayerlynavedaRobayo,BLACKPINK🖤💖 in you area ha!🖤💖,0,2024-03-15T07:16:40Z,2024-03-15T07:16:40Z
UgxdSJ0hFOcD7nIjOXR4AaABAg,,False,@KuraFilmm,𝘽𝙡𝙖𝙘𝙠𝙥𝙞𝙣𝙠 𝙞𝙨 𝙩𝙝𝙚 𝙧𝙚𝙫𝙤𝙡𝙪𝙩𝙞𝙤𝙣!!!!!! 💕,0,2024-03-15T07:16:19Z,2024-03-15T07:16:19Z
UgxB4MEG24EC2fo68LB4AaABAg,,False,@BLACKPINK.IN.YOUR.AREAAAAA,Omgggg I love blackpink❤,0,2024-03-15T07:14:50Z,2024-03-15T07:14:50Z
UgwtaWTnN7CjkgaCkaN4AaABAg,,False,@Zawyyar,Is black pink disband?,0,2024-03-15T07:14:20Z,2024-03-15T07:14:20Z
UgzhJY3SDUKZ6PrXe5h4AaABAg,,False,@Rubydancegirly,Blackpink is the most beautiful k pop,0,2024-03-15T07:14:12Z,2024-03-15T07:14:12Z
UgxHOwiMAre32mktJOh4AaABAg,,False,@ВикторияАртемьева-щ7ы,우리는 당신을 사랑합니다,0,2024-03-15T07:12:58Z,2024-03-15T07:12:58Z
UgxlcAJbK0SIYrKRlBt4AaABAg,,False,@aliev4max,Это что?,0,2024-03-15T07:12:46Z,2024-03-15T07:12:46Z
UgwJ5B-HLQs7cUWQ5cF4AaABAg,,False,@ivanilol,THIS IS SO DAMN CUTE,0,2024-03-15T07:12:21Z,2024-03-15T07:12:21Z
UgxAnukJB42lraBYgWZ4AaABAg,,False,@liliewss1,"Blackpink, I love you so much, I will support you forever, especially Lisa, I love you very much. IT IS A PRIVILEGE TO BE A LILIES💛",0,2024-03-15T07:11:40Z,2024-03-15T07:11:40Z
UgwTad8RaptPuw0L7tR4AaABAg,,False,@straykidsandblackpink4eva,Will you guys come back to London soon because I'm a kid I'm not lying,0,2024-03-15T07:11:32Z,2024-03-15T07:11:32Z
UgwJ0LTJnj4-VlbPJ614AaABAg,,False,@JankiSingh-t8r,🖤💖,1,2024-03-15T07:11:16Z,2024-03-15T07:11:16Z
Ugy-EKlMTMXJ5E_6KxB4AaABAg,,False,@fati-x5z4w,I Love You BLACKPINK,0,2024-03-15T07:11:04Z,2024-03-15T07:11:04Z
UgzcAO1spokHL5rNUR94AaABAg,,False,@debendrajain8834,Blackpink please come to India assam golaghat,0,2024-03-15T07:10:11Z,2024-03-15T07:10:11Z
UgwXsl6sNusZs1Nro9t4AaABAg,,False,@siddetlihisler,Blackpink Love you❤❤,0,2024-03-15T07:09:56Z,2024-03-15T07:09:56Z
UgyvcRno4nBLbtjH-F14AaABAg,,False,@Afraihsan01,❤❤,0,2024-03-15T07:09:44Z,2024-03-15T07:09:44Z
UgwSOOxJeKcp7ZZ7n3N4AaABAg,,False,@BLACKQUEEN-fy3og,*WE NEED A COMEBACK!!*,0,2024-03-15T07:08:43Z,2024-03-15T07:08:43Z
Ugw0SQnXW8jOgrlSHj54AaABAg,,False,@zeysseys,Blacpink in your heart❤,0,2024-03-15T07:08:20Z,2024-03-15T07:08:20Z
UgxE-3nURdQtHVBbYa54AaABAg,,False,@Squıdgamesevdalısı,I love big fan blackpink lisaaa,1,2024-03-15T07:07:50Z,2024-03-15T07:07:50Z
Ugz_rSoE0JDZPBMhiNR4AaABAg,,False,@xxD4rkXxtheticsxx,Blinks let's get our chipmunks solo to 1 million 🩷🩷🩷🖤🖤,0,2024-03-15T07:07:40Z,2024-03-15T07:07:40Z
UgwH3qarAjTOs2XoA1x4AaABAg,,False,@ayeshaislam5905,Black pink is  the  bast❤️❤️❤️❤️❤️❤️,0,2024-03-15T07:06:59Z,2024-03-15T07:06:59Z
UgziqOW3LOMdWHTyQIR4AaABAg,,False,@Lisa_9_bp,Hello blackpink ❤ thanks you for 0 liké😢,1,2024-03-15T07:06:11Z,2024-03-19T15:43:00Z
Ugy7UOJwzd7l06bvp9B4AaABAg,,False,@まい下地,可愛い😂💕,1,2024-03-15T07:06:04Z,2024-03-15T07:06:04Z
UgwBEcWX4KjbPtfqOQV4AaABAg,,False,@SnehalRaul-hq5kc,Queens are back,0,2024-03-15T07:03:55Z,2024-03-15T07:03:55Z
UgyFQaJ0WQOuYoiyETh4AaABAg,,False,@BansariPatel-m7k,I'm proud to be blink❤❤❤❤❤❤❤❤,1,2024-03-15T07:01:56Z,2024-03-15T07:01:56Z
UgwsysDJe9QIe5PjbdJ4AaABAg,,False,@CraftyASMR,Blackpink we need a comeback!!!!!,0,2024-03-15T07:00:21Z,2024-03-15T07:00:21Z
Ugy0nSBqo7sDSIB4PFp4AaABAg,,False,@ЛинараАбазехова,I love you Black Pink💕💕😊,0,2024-03-15T07:00:06Z,2024-03-15T07:00:06Z
UgwA0zjM3vN-7sEOl954AaABAg,,False,@rociolanzasrico9561,Don't remind me that there is no longer black pink,0,2024-03-15T06:59:50Z,2024-03-15T06:59:50Z
UgzcJD0kBMknMKTW0n54AaABAg,,False,@HalaALzopi,❤❤,0,2024-03-15T06:58:45Z,2024-03-15T06:58:45Z
UgzMRIOkri4kSTZOrPV4AaABAg,,False,@Savage_Blinky_247,♥💖,1,2024-03-15T06:58:06Z,2024-03-15T06:58:06Z
Ugx6JlFBS3H6al9Vyj14AaABAg,,False,@Savage_Blinky_247,♥💖,0,2024-03-15T06:57:50Z,2024-03-15T06:57:50Z
UgyUOGiJLZ36J8tTH6R4AaABAg,,False,@ahmeterben5680,"吧啦吃亏贫困 哥日 懂都 ，私自 从卡 色vi一入住 吧啦吃亏贫困 ，v饿 笨
突然可i是 的一面 ，不然打 从可色vi里喲日速努咋❤",0,2024-03-15T06:55:39Z,2024-03-15T06:55:39Z
UgzDst7HSQq54xg4eKR4AaABAg,,False,@Naslty_7,블랙핑크 사랑해요,0,2024-03-15T06:55:26Z,2024-03-15T06:55:33Z
UgyQyjEb6c_ACYswkBJ4AaABAg,,False,@AleezaSaif-ys2ik,Baby blackpink ❤,1,2024-03-15T06:54:06Z,2024-03-15T06:54:06Z
Ugy2jNpTQZp86NUznhh4AaABAg,,False,@zehwxx,BLACKPİNK I miss you 🖤🩷,1,2024-03-15T06:53:48Z,2024-03-15T06:53:48Z
UgztXKdEFi0ci980KS14AaABAg,,False,@J09-x9t,블핑 컴백해줘ㅠ,0,2024-03-15T06:53:39Z,2024-03-15T06:53:39Z
UgzqPTLmihuBkG9NvuF4AaABAg,,False,@kamleshsrivastava7143,Can I look for blackpink comeback this year ? I want them to make a comeback this year 🥺 . Yg please let be blackpink comeback this year . Please reply 🙏,1,2024-03-15T06:53:24Z,2024-03-15T06:53:24Z
UgxY6-5HOhKW3o5Ebsh4AaABAg,,False,@I_loveto,I missed you guys so much you guys are my favourite nothing is like you you are the queens of k-pop ❤❤❤❤ Edit: mama I am famous thanks!!,151,2024-03-15T06:53:11Z,2024-05-30T10:58:48Z
UgxY6-5HOhKW3o5Ebsh4AaABAg.A1-8SstOjwfA10SkaJcENx,UgxY6-5HOhKW3o5Ebsh4AaABAg,True,@твикси-и9т,Мы скучаем(❤,1,2024-03-15T19:09:45Z,2024-03-15T19:09:45Z
UgxY6-5HOhKW3o5Ebsh4AaABAg.A1-8SstOjwfA10fFj2kZWj,UgxY6-5HOhKW3o5Ebsh4AaABAg,True,@Its_meeee_Grandma,115 likes and one Comment let me fix that 😌❤️💞🧡💕💙💖💓💜💗💚💘❣️💝🖤💝🖤💝🖤💝🖤💝🖤,1,2024-03-15T21:07:44Z,2024-03-15T21:07:44Z
UgxY6-5HOhKW3o5Ebsh4AaABAg.A1-8SstOjwfA11Zphqz_qa,UgxY6-5HOhKW3o5Ebsh4AaABAg,True,@Iamgulnaaz_blink,of course ❤,0,2024-03-16T05:30:51Z,2024-03-16T05:30:51Z
Ugxq5mDFlzHg_HfwiGB4AaABAg,,False,@DAXKI0,BLΛƆKPIИK,0,2024-03-15T06:52:36Z,2024-03-15T06:52:36Z
UgxHIo0MtyQBkYvIhpF4AaABAg,,False,@rbyjanex,SOO CUTE! BLACKPINK IS THE REVOLUTION!!! 🖤💗,1,2024-03-15T06:52:20Z,2024-03-15T06:52:20Z
UgywuYGAeVilTArSgqh4AaABAg,,False,@Evelynnlyy,BLACKPINK IN YOUR AREA 🖤💗,1,2024-03-15T06:51:52Z,2024-03-15T06:51:52Z
Ugw7lTlKZjHForYqMZR4AaABAg,,False,@habibaakterhashi6278,Love you so much BLACKPINK❤❤,0,2024-03-15T06:51:41Z,2024-03-15T06:51:41Z
UgzHcSxqDoo-c9Phpgt4AaABAg,,False,@_RoyalRain_,BLACKPINK 💞🖤💞🖤💞,0,2024-03-15T06:50:57Z,2024-03-15T06:50:57Z
UgwsTPRnd4eCYjibdqB4AaABAg,,False,@ranjithdayananda3325,"Yg we are waiting for you to release a short about solo hitting i billion views.And jendukie's thoughts or an interwiew.❤❤
👇",0,2024-03-15T06:50:16Z,2024-03-15T06:50:16Z
UgzJ6psh-qSDrFWbbWR4AaABAg,,False,@jenxzy_shine,miss you Blackpink I am waiting for your comeback,0,2024-03-15T06:50:01Z,2024-03-15T06:50:01Z
Ugw2jPWep85V_8-mhX94AaABAg,,False,@black_pink072,BLACKPINK can i get a ♥,0,2024-03-15T06:49:00Z,2024-03-15T06:49:00Z
UgwAGGhfyCXTFRpbayF4AaABAg,,False,@Sanna.cheetha,Blackpink I LOVE YOU ❤❤❤❤❤❤,1,2024-03-15T06:48:38Z,2024-03-15T06:48:38Z
UgxHKBRJz9lgx4lcubZ4AaABAg,,False,@SitaBishwokarma-p8b,Blackpink in your area who gonna support this queens raise your ✋🤚,0,2024-03-15T06:48:17Z,2024-03-15T06:48:17Z
UgxarRZAlJNHgZjYfMN4AaABAg,,False,@베르-c2r,so cute😍😍😍,1,2024-03-15T06:47:54Z,2024-03-15T06:47:54Z
UgxSTeZsbpJ34S2a2QR4AaABAg,,False,@Liyeon_p3,Please make a new song 🎵 😢,0,2024-03-15T06:47:51Z,2024-03-15T06:47:51Z
Ugw04iYKwazZRLwIsuZ4AaABAg,,False,@Sofiay_Eleni,Приветь,0,2024-03-15T06:47:28Z,2024-03-15T06:47:28Z
Ugy0WnHr3Le-Bw5QtHl4AaABAg,,False,@soniasanchezmateu,Blackpink in your area,0,2024-03-15T06:46:26Z,2024-03-15T06:46:26Z
Ugx8qcoZpzBE6gpFHrV4AaABAg,,False,@kushalsutar6411,Can someone plz tell me what is this?,0,2024-03-15T06:43:25Z,2024-03-15T06:43:25Z
UgyFlf5ek5ELjaJb0ix4AaABAg,,False,@今井みゆき-x3u,ブラックピンクの皆様お疲れ様です😌💓動画有り難う御座います🍀よろしくお願い申し上げます❤かわいい🎀❤❤❤❤,0,2024-03-15T06:42:31Z,2024-03-15T06:42:31Z
UgxGEsRd5rOUKpToZ7B4AaABAg,,False,@ARIVONMART,"Blackpink has come back again. I miss you guys a lot ❤️❤️. Glad you all are bringing some great things for us. Waiting for you, Blackpink ❤❤❤❤",35,2024-03-15T06:40:24Z,2024-03-15T06:40:24Z
UgxjMCEklXCOqJG8HcV4AaABAg,,False,@OFFICIAL_BLINK01,✨✨✨,0,2024-03-15T06:39:46Z,2024-03-15T06:39:46Z
Ugz7Y98NKt00gV8DQFJ4AaABAg,,False,@iamlia-g7y,Lisa and jisoo and  rose jennie ❤❤❤❤❤❤❤❤🎉🎉🎉🎉🎉,0,2024-03-15T06:39:32Z,2024-03-15T06:39:32Z
UgwDzmJSQgx8Qa01-6R4AaABAg,,False,@Mdmizanurrahmandraw0132,"Who love Blackpink ❤❤❤
👇
👇",2,2024-03-15T06:38:24Z,2024-03-15T06:38:24Z
Ugx0Kp3KPMgZdV6Lqih4AaABAg,,False,@sonikachouhan3352,Black pink I am your big fan,0,2024-03-15T06:35:55Z,2024-03-15T06:35:55Z
Ugz0sPgMECnWwxreTPt4AaABAg,,False,@MahaAlkadri,"Wow, that's amazing. Black pink is progressing. Black pink is progressing.❤❤",1,2024-03-15T06:34:21Z,2024-03-15T06:34:21Z
UgyEj77WDhP_4rfR8eF4AaABAg,,False,@BDA_world,❤,1,2024-03-15T06:33:08Z,2024-03-15T06:33:08Z
UgyEj77WDhP_4rfR8eF4AaABAg.A1-69yRTXKYA1-8c_f-ljq,UgyEj77WDhP_4rfR8eF4AaABAg,True,@Samaptichoudhury148,❤,0,2024-03-15T06:54:39Z,2024-03-15T06:54:39Z
Ugw2qI3VcP_h-UrbbOh4AaABAg,,False,@jenniexrubyss,We are miss blackpink so much,0,2024-03-15T06:32:52Z,2024-03-15T06:32:52Z
UgyHbDnOW_yaQTVRGe14AaABAg,,False,@Aishuu._.0ffical3,BLACKPINK BLINK FOREVER ♾️❤,0,2024-03-15T06:32:51Z,2024-03-15T06:32:51Z
Ugw9ohNX65vR8Fcv4UF4AaABAg,,False,@Rosekook172,"BlackPink ❤I love you❤
                      
                         ❤Jisoo❤
 .                          ❤ Jennie❤.  
                                ❤Lisa❤ 
                                    ❤Rosé❤❤
I Love You ❤Rosééé❤",0,2024-03-15T06:32:43Z,2024-03-15T06:32:43Z
Ugy32QMc2PRiRFw6a2F4AaABAg,,False,@Kinich_hhh,I love youuuuuuu❤❤❤❤,0,2024-03-15T06:32:31Z,2024-03-15T06:32:31Z
UgyW4RMfZwzoz7Eo-fB4AaABAg,,False,@Василиса-с7д,Love you❤❤❤❤,0,2024-03-15T06:31:59Z,2024-03-15T06:31:59Z
UgyJ7VnDvwig_ctAGsN4AaABAg,,False,@painunstop5722,"I missed you guys
 Why the absence?  💖🌹💘",1,2024-03-15T06:31:58Z,2024-03-15T06:31:58Z
UgxUFlVO0hQlS8zJqrp4AaABAg,,False,@nalikapriyanthi9262,We miss you guys 🖤💖,1,2024-03-15T06:31:42Z,2024-03-15T06:31:42Z
Ugy532BtqzOC8GuzxRF4AaABAg,,False,@Jenniekim94019,black pink on your territory,0,2024-03-15T06:31:31Z,2024-03-15T06:31:31Z
UgwhfJ8yluvc21ApC4t4AaABAg,,False,@Lismin989,"Our queen❤
Jisso❤
Jennie❤
Rosie❤
Lisa❤",1,2024-03-15T06:30:17Z,2024-03-15T06:30:17Z
Ugz3lr3dlsTgrNVRmId4AaABAg,,False,@Olga_Olya101,Я люблю вас!❤ Black pink❤,0,2024-03-15T06:28:16Z,2024-03-15T06:28:16Z
Ugz1pJoXplbT_TKbv1d4AaABAg,,False,@mrbeastfan-v9u,Č,0,2024-03-15T06:28:10Z,2024-03-15T06:28:10Z
UgyPjcGUiCL13lukgBN4AaABAg,,False,@anushayasmin985,lets support them for forever,0,2024-03-15T06:27:50Z,2024-03-15T06:27:50Z
Ugz6HRzzDivy4TCVsXR4AaABAg,,False,@PINKSTHETIC_,Can someone explain what is this about?,0,2024-03-15T06:27:18Z,2024-03-15T06:27:18Z
Ugxp7xjQPsObrMWrHUB4AaABAg,,False,@REEF7love,Love you BLVCK PlNK ❤,0,2024-03-15T06:27:05Z,2024-03-15T06:27:05Z
UgxDq70fSubqn8l7KhZ4AaABAg,,False,@Blackpinklovergurl,BLACKPINK I AM ALREADY MISSING YOU ALL PLS COME BACK ❤️💖,0,2024-03-15T06:26:50Z,2024-03-15T06:26:50Z
UgwvGblVokZLsdoBPxV4AaABAg,,False,@Itzzy162lol,I love you😭😭😭😭😭😭❤❤❤❤❤❤❤❤❤so much,0,2024-03-15T06:25:26Z,2024-03-15T06:25:26Z
Ugwx_k-yPvd2i5ZDA-V4AaABAg,,False,@Полина-ъ5й8й,"Blackpink I adore you you are the best
❤❤❤",1,2024-03-15T06:24:15Z,2024-03-15T06:24:15Z
UgyLoCs5qgDvam4zU3R4AaABAg,,False,@kamrulhasan-up6jh,BLACKPINK IS THE BEST ✨🖤💗🖤💗😚💗🖤💗😚💗🖤💗🖤💗🖤💗🖤💗,0,2024-03-15T06:23:55Z,2024-03-15T06:23:55Z
UgyBkkUb0cvrTapcLUp4AaABAg,,False,@zubairvirk8388,soo happy to see this post from BLACK 🖤 PINK ❤️ i really miss you guys a lot ❣️ stay safe and healthy 💖😍💖💖💖💖💖💖💖 i always waiting for you guys please😢 comeback together 🤗🤗🤗,23,2024-03-15T06:23:54Z,2024-03-17T09:10:35Z
UgwHYunA5J7mABAyqn54AaABAg,,False,@chiastoryy,Omg finally BLACKPINK is back❤,0,2024-03-15T06:23:53Z,2024-03-15T06:23:53Z
Ugxhxya2p5gVkGKv-7h4AaABAg,,False,@Rselea_432,그룹 노래 다시 가져올 수 있나요? 보고 싶어요 😢,0,2024-03-15T06:23:41Z,2024-03-15T06:23:41Z
UgxsWB49SBoZ3YCYLrx4AaABAg,,False,@BlackLilit,proud to be a blink ❤ ✨✨,0,2024-03-15T06:22:47Z,2024-03-15T06:22:47Z
UgwXglJaYGbT4zuTMSZ4AaABAg,,False,@Whosmarys,I LOVEE IT 💗,0,2024-03-15T06:22:15Z,2024-03-15T06:22:15Z
Ugz-vn5j4iMyzWIOrh14AaABAg,,False,@SamiaLabyadh,Black pink ❤❤❤❤,0,2024-03-15T06:21:52Z,2024-03-15T06:21:52Z
UgyVsQI1kOXS7DeDg6t4AaABAg,,False,@sunwschannels_real,İ love you blackpinkkkk,0,2024-03-15T06:21:43Z,2024-03-15T06:21:43Z
UgwM9IN198sW-D-KfDx4AaABAg,,False,@rosesarerosie_fan_I,☀👑BLΛƆKPIИK l love you❤❤❤,1,2024-03-15T06:21:32Z,2024-03-15T06:21:32Z
UgwqbB66yjQ1_6pZzcB4AaABAg,,False,@Cute_chingu,My biggest dream is to meet blackpink but it is imposible cuz i am in india and tou are in beautiful korea atleast i can get a pin from you ♡︎ ☹︎,1,2024-03-15T06:21:11Z,2024-03-15T06:21:35Z
UgxubOdo7fG36LOU_vZ4AaABAg,,False,@rora-i1g,❤❤❤❤❤❤❤❤,0,2024-03-15T06:20:47Z,2024-03-15T06:20:47Z
UgxKoa5JNEnw-pJLqiZ4AaABAg,,False,@Skz_iam-stayloveyousomuch,새로운 노래? 😅❤,0,2024-03-15T06:20:31Z,2024-03-15T06:20:31Z
UgxdjCog_Xr3A1C_dP14AaABAg,,False,@Sara3-s8t,Finally New viddd😻😻,0,2024-03-15T06:20:15Z,2024-03-15T06:20:15Z
Ugy8-YNKxp9EfmMeQR14AaABAg,,False,@Blinky439,Finally! Proud to be a 🖤💓BLINK💓🖤 BLACKPINK IS THE REVOLUTION 🖤💖,1,2024-03-15T06:18:55Z,2024-03-15T06:18:55Z
UgxLADvazUIdgZqC80N4AaABAg,,False,@KochamJulke._,부탁할게 떠나지마 사랑해❤❤,1,2024-03-15T06:17:30Z,2024-03-15T06:17:30Z
UgwKf7_AG94x6zaoUr14AaABAg,,False,@Alfi-art-and-crafts,BLACKPINK IS THE REVOLUTION ❤,68,2024-03-15T06:17:11Z,2024-03-15T06:17:11Z
UgwKf7_AG94x6zaoUr14AaABAg.A1-4LEr9NRPA1-pXAT0ykL,UgwKf7_AG94x6zaoUr14AaABAg,True,@TheHighLevel.,4️⃣ Fantastic Four 4️⃣,3,2024-03-15T13:18:15Z,2024-03-15T13:18:15Z
UgytYJl2_OBc0x0Xm5p4AaABAg,,False,@modaserabbasi,"LOVE YOU BLACK PINK ❤❤❤❤❤❤❤❤❤ i Love you  WHO Loves black pink to ❤❤❤❤❤
👇🏻",3,2024-03-15T06:16:40Z,2024-03-15T06:16:40Z
UgytYJl2_OBc0x0Xm5p4AaABAg.A1-4HLZSU50A1-u--0R3L0,UgytYJl2_OBc0x0Xm5p4AaABAg,True,@ckdrama538,❤❤me too myself S.Gokul but my nick name SPARK DEVIL,0,2024-03-15T13:57:16Z,2024-03-15T13:57:16Z
UgzQ-2trwzZGsUQ2g854AaABAg,,False,@everythingloveyou-r4t,기다릴 수 없어,0,2024-03-15T06:14:03Z,2024-03-15T06:14:03Z
UgwWL7CKcUm-ASFESPx4AaABAg,,False,@Masha_hom,"Black pink, Я ваша большая фанатка. Выступите в России! прошу!😭😭😭😭😭😭",1,2024-03-15T06:11:01Z,2024-03-15T06:11:01Z
UgxuNwsnNQYQX-rfZgZ4AaABAg,,False,@flor6109,We LOVE you Blackpink!! 🖤🖤🩷🩷,0,2024-03-15T06:09:59Z,2024-03-15T06:09:59Z
Ugzu3UCrfwcY5nx_w594AaABAg,,False,@Zoee-Js,💗🖤💗🖤,0,2024-03-15T06:09:09Z,2024-03-15T06:09:09Z
Ugyshsb2JESGzVJk_C94AaABAg,,False,@Lee_Felix-stay-143,"Blackpink, plaise come to baku🥺🌍💋",0,2024-03-15T06:08:32Z,2024-03-15T06:08:32Z
Ugz3VPhvmQlkVV7f0JV4AaABAg,,False,@eedd2061,YOU HAVE TO DO THE COMEBACK SOON I CAN'T WAIT TO SEEE WE BLINKS HAVE BEEN WAITING FOR SO LONG😭,25,2024-03-15T06:08:11Z,2024-03-15T06:08:11Z
UgzYyCbMm0PisGzNN2t4AaABAg,,False,@Jimi-ir5jd,Miss you soo much blackpink ♥️😭❤️,0,2024-03-15T06:07:46Z,2024-03-15T06:07:46Z
UgzpsttUhHw1_6zHnPF4AaABAg,,False,@TanviSumanBlinkbp,Love you blackpink ❤❤❤❤,1,2024-03-15T06:07:42Z,2024-03-15T06:07:42Z
UgwB4YGylnntNdsQexp4AaABAg,,False,@user-nora2464,We want combackkkkkkkkkkk,0,2024-03-15T06:07:40Z,2024-03-15T06:07:40Z
UgzT--IcckCwpaRgOZp4AaABAg,,False,@Kimsoojin-x9k,بلااااكيييييي😭😭😭❤️,0,2024-03-15T06:07:27Z,2024-03-15T06:07:27Z
Ugy0T3CwIvUXHhx3dzR4AaABAg,,False,@UR_FAV_KPOPSTAN_,Blackpink i have waited on you ❤❤❤and your the best,0,2024-03-15T06:06:57Z,2024-03-15T06:06:57Z
Ugx9Imk5HhWnDDoKsF94AaABAg,,False,@Mdshanyt,"Thanks for,100 subscribers 🎉",1,2024-03-15T06:06:05Z,2024-03-15T06:06:05Z
UgxIQ6lJvGculR0EzZd4AaABAg,,False,@blink-ux3zx,Black pink never gone❤❤❤,0,2024-03-15T06:04:50Z,2024-03-15T06:04:50Z
UgwGJ1sPM9KRi6AKioF4AaABAg,,False,@Annya_is_me_hi,BLACKPINK comeback plzz,0,2024-03-15T06:04:04Z,2024-03-15T06:04:04Z
Ugwg6xfZfkwPHnI43UN4AaABAg,,False,@VintageSparkle_27,Who is the stan of B.P. since 2020 ❤👇👇👇👇,1,2024-03-15T06:04:03Z,2024-03-15T06:04:03Z
Ugw1COLlcErCeshKrOB4AaABAg,,False,@anoopasachan5834,So cute,0,2024-03-15T06:03:50Z,2024-03-15T06:03:50Z
Ugy-frrk30bTOtNe5nl4AaABAg,,False,@neetachopada9412,"I hope your companies work well and pls never forget us BLINKS 
BLACKPINK× BLINKS= 🖤🩷💗❤️",0,2024-03-15T06:02:54Z,2024-03-15T06:02:54Z
UgzZmoMEmTSteHhfbSJ4AaABAg,,False,@lorimishra7344,BLACKPINK IS THE BEST,0,2024-03-15T06:02:43Z,2024-03-15T06:02:43Z
UgzFQEpnl1vAnP2iE3l4AaABAg,,False,@SuperstarMm2,Missing  my 4 queen🥹🥹🙁🙁,1,2024-03-15T06:00:06Z,2024-03-15T06:00:06Z
Ugyeq2p3iCmzn04VGXF4AaABAg,,False,@Jeon_Maisha74,I love you blackpink 💖🖤💖🖤💖🖤💖🖤,0,2024-03-15T05:59:27Z,2024-03-15T05:59:27Z
UgxcqYoWPB9c0tyYUhZ4AaABAg,,False,@İLOSXWSQৎ,I LOVE YOU BLACKPİNK 🖤💖🖤💖🖤💖🖤💖🖤💖🖤💖🖤💖,0,2024-03-15T05:59:00Z,2024-03-15T05:59:00Z
Ugwd2FrR0Bd275Eg-PV4AaABAg,,False,@rksfip,Мило😄💟,1,2024-03-15T05:57:09Z,2024-03-15T05:57:09Z
UgxRGZShv_8sjETiUjt4AaABAg,,False,@adacool,✨This is so cute!!!✨😘❤️ love you BLACKPINK ❤️❤️🫶🏼🫶🏼,2,2024-03-15T05:55:37Z,2024-03-15T05:55:37Z
UgweT6FWr0STDgvg2CN4AaABAg,,False,@neherinnusrat9889,I love u blackpink.  ❤❤❤❤,1,2024-03-15T05:55:13Z,2024-03-15T05:55:13Z
UgyCewiHsCEk9amFhfR4AaABAg,,False,@anusreevinil,I miss you blackpink lisa jisoo jennie rose miss you,1,2024-03-15T05:51:36Z,2024-03-15T05:51:36Z
Ugze0CUFSjvmmoaYIzh4AaABAg,,False,@ArshGaming_25,Blackpink is my life line,1,2024-03-15T05:51:15Z,2024-03-15T05:51:15Z
Ugw17FYP46WfanrS7dt4AaABAg,,False,@shinbishouse17,Yok Comeback yok. 👉🏻👈🏻❤🥺,1,2024-03-15T05:50:51Z,2024-03-15T05:50:51Z
Ugx6UV87uPlewYYOMTt4AaABAg,,False,@BLACKPINKkpop679,Please a comeback 🙏😭😢,1,2024-03-15T05:50:45Z,2024-03-15T05:50:45Z
UgxJQDgXRFLYtCu13jV4AaABAg,,False,@Love-yi8gx,❤❤❤❤,2,2024-03-15T05:50:43Z,2024-03-15T05:50:43Z
UgxSz4aPchuXJnNMc4V4AaABAg,,False,@Aedits_69,Takashi Murakami x blackpink amazing ❤,6,2024-03-15T05:49:41Z,2024-03-15T05:49:41Z
UgxbOgvP_zCQbs06sGR4AaABAg,,False,@Bp_lover_blink_ot4,"BLACKPINK I love you, I waiting for your new songs 😘 💖 💗",2,2024-03-15T05:48:17Z,2024-03-15T05:48:17Z
UgxbOgvP_zCQbs06sGR4AaABAg.A1-11Yc63FQA1-1QWH5wJz,UgxbOgvP_zCQbs06sGR4AaABAg,True,@Tasfiaartworld,"Well, what do you think, what will be the next song of blackpink? 🤔🤔",1,2024-03-15T05:51:42Z,2024-03-15T05:51:42Z
UgyRskydo_Bk9TmrrQZ4AaABAg,,False,@ELI_BLACKPINK,Hello blackpink,0,2024-03-15T05:46:25Z,2024-03-15T05:46:25Z
UgzImoLBnuuzIj7-XLN4AaABAg,,False,@ReetandInayat,MISS YOU GUYS PLEASE POST MORE OFTEN I GOT SO EXCITED PLUS LISA AT BLVAGRIS🖤💗🖤💗 ♥️♥️♥️♥️♥️🖤💗🖤💗🖤🖤💗💗,1,2024-03-15T05:44:23Z,2024-03-15T05:44:23Z
UgxfFegcxeZutBeL8hV4AaABAg,,False,@AsmanMondal-v3q,"I really miss you 🥹😭
Black pink 💞💞💞💞",0,2024-03-15T05:44:00Z,2024-03-15T05:44:00Z
Ugyu6xKi_8wapltcUet4AaABAg,,False,@HabirXeditor1,Blackpink is Revolution!👑💅🏻😌,0,2024-03-15T05:43:56Z,2024-03-15T05:43:56Z
UgwLmay8gQ_Euf2gEWl4AaABAg,,False,@Black_heart905,I miss blackpink so much who missed blackpink      👇,0,2024-03-15T05:41:30Z,2024-03-15T05:42:11Z
UgziLXZ46uVVi2LWerR4AaABAg,,False,@harvinderkaur75,❤❤🎉 Lisa please send me your number,0,2024-03-15T05:39:35Z,2024-03-15T05:39:35Z
UgyI4iOXVONqOHtDJC14AaABAg,,False,@Miasunshine134,We want a Comeback 😢,0,2024-03-15T05:37:44Z,2024-03-15T05:37:44Z
UgxvIaaTvMiev_SYswJ4AaABAg,,False,@Avandhika667,Miss you guys 😢😢😢😢,0,2024-03-15T05:37:12Z,2024-03-15T05:37:12Z
UgwbcrrycQZlRNemVth4AaABAg,,False,@Alan55645,For real ❤🎉,1,2024-03-15T05:36:43Z,2024-03-15T05:36:43Z
UgyvDjp8zcoRPwaialJ4AaABAg,,False,@hardtolove77,블랙핑크 언제 컴백해ㅠ🖤🩷,1,2024-03-15T05:35:45Z,2024-03-15T05:35:45Z
UgzeQbQQ1lp-i1kwBX14AaABAg,,False,@Пинкамина-ш3ъ,Мой биас Лиса❤❤❤,0,2024-03-15T05:35:44Z,2024-03-15T05:35:44Z
Ugw-QPWN_LtuvxtOc214AaABAg,,False,@manjuriroy7853,Proud to be a blink,0,2024-03-15T05:35:09Z,2024-03-15T05:35:09Z
UgyiTqtl40vNNLd1tdx4AaABAg,,False,@reetasingh_rathore,I love you blackpink 🖤💖 blink from India 🇮🇳,1,2024-03-15T05:34:54Z,2024-03-15T05:34:54Z
UgztgrOCQRz93fXfau54AaABAg,,False,@muniregulesci197,Aaaaaa canımlarm❤❤,0,2024-03-15T05:34:33Z,2024-03-15T05:34:33Z
Ugx8RaxKea2gxUtSF2F4AaABAg,,False,@Hermione._.Granger9,Bir an muzik videosu falan paylasdilar sandim sevinerek gelmisdim,0,2024-03-15T05:34:26Z,2024-03-15T05:34:26Z
UgzebEaCI3H-SyWBhfB4AaABAg,,False,@avramhomeniuc9943,", 🖤💗",0,2024-03-15T05:33:53Z,2024-03-15T05:33:53Z
Ugynw40n3ZeZJLZjTMV4AaABAg,,False,@artword-de6yj,All blackpink members are beautiful,0,2024-03-15T05:33:01Z,2024-03-15T05:33:01Z
UgxrF-7u5gQ6q_CZi3J4AaABAg,,False,@BLINK_NOVA,"I'm hoping to see my idols perform together and comeback this year!
I'm a blink since early 2017!",1,2024-03-15T05:32:12Z,2024-03-15T05:32:12Z
UgwbisatmBBnvv8KWwZ4AaABAg,,False,@freddymartinez1072,I don’t wanna get this notification I want to get one a release date for more music 😭,0,2024-03-15T05:31:08Z,2024-03-15T05:31:08Z
UgweSSJ2vmjcxT1Qeht4AaABAg,,False,@ixzi_ic,احبكم,0,2024-03-15T05:30:22Z,2024-03-15T05:30:22Z
UgyUatT0EHQeH71Cy6h4AaABAg,,False,@Jennxq_eylul,BLACKPİNK❤❤❤JENNİE❤❤❤JİSOO❤❤❤LİSA❤❤❤ROSE❤❤❤BLİNK,0,2024-03-15T05:29:07Z,2024-03-15T05:29:07Z
UgwtnvdZf1NDJxqxQaV4AaABAg,,False,@Love_k-pop110,Кто русский❤,0,2024-03-15T05:29:00Z,2024-03-15T05:29:00Z
Ugzz-IS0Fl44RW-U1ad4AaABAg,,False,@eeshanisingh7797,"Please come back with your new songs we are still waiting 🤞❤
BLACK PINK IN YOUR AREA🖤💗✨
BLACK PINK IS THE REVOLUTION 🖤💗✨",1,2024-03-15T05:27:52Z,2024-03-15T05:28:28Z
UgwiBiz5YefCHPkPtRd4AaABAg,,False,@kissykissychoerry,WOW,0,2024-03-15T05:27:21Z,2024-03-15T05:27:21Z
UgxG1L0vRzj0gl4sIbd4AaABAg,,False,@MDAlamgir-sb3yb,I love you BLACKPINK❤🎉,0,2024-03-15T05:26:37Z,2024-03-15T05:26:37Z
UgwcRK8njUzJjWTuvHh4AaABAg,,False,@IcardiKerem_,Yesss,0,2024-03-15T05:26:11Z,2024-03-15T05:26:11Z
Ugw-Wo4ev91_JIpqKst4AaABAg,,False,@Ice_Bad-m78k,Too cute,0,2024-03-15T05:25:45Z,2024-03-15T05:25:45Z
UgyXCepuI8sFy6E8vRd4AaABAg,,False,@btsarmywith12g34,Wow❤,0,2024-03-15T05:25:29Z,2024-03-15T05:25:29Z
UgwAiOsCkE4YNUcjlgB4AaABAg,,False,@Blink_shining_star,"Blackpink I miss you😢 
I'm so happy to see a new post 😊😊😊❤❤",1,2024-03-15T05:25:14Z,2024-03-15T05:25:14Z
UgzI8WEnWTaFNgl_35x4AaABAg,,False,@Lisa-y5s8w,Love you blackpink ❤❤❤❤❤😊,0,2024-03-15T05:25:11Z,2024-03-15T05:25:11Z
Ugzjg7tnzXtD9kgNrPl4AaABAg,,False,@tinuvarghese6487,Blackpink in a revulsion 🔥🔥🔥🔥🔥🔥🔥🔥🔥💥,0,2024-03-15T05:24:29Z,2024-03-15T05:24:29Z
UgwQzz0HnHVLWmqsvXx4AaABAg,,False,@Wannabe_a_winner,"Когда мы увидим девушек, а не анимации",0,2024-03-15T05:23:51Z,2024-03-15T05:23:51Z
Ugzo86yynv0DHk5EJVt4AaABAg,,False,@Lizi-m5i,Please come back blackpink we love you soooooooooooooooooooooooooooooooooooooooooooooooooooooooooooooooooooooooooooooooooooooooooooooooooooooooooooooooooooooooooooooooooooooooooooooooooooooooooooooooooooooooooooooooooooooooooooooooooooooooooooooooooooooooooooooooooooooooooooooooooooooooooooooooooooooooooooooooooooooooooooooooo muchhhhhhhhhhhhhhhhhhhhhhhhhhhhhhhhhhhhhhhhhhhhhhhhhhhhhhhhhhhhhhhhhhhhhhhhhhhhhhhhhhhhhhhhhhhhhhhhhhhhhhhhhhhhh,0,2024-03-15T05:23:13Z,2024-03-15T05:23:13Z
UgxhI_gOBL02qrUonrl4AaABAg,,False,@dreamygirl-28,Sonunda Blackpink video attı Allahıma Şükür,1,2024-03-15T05:22:39Z,2024-03-15T05:22:39Z
UgyJqf9x4ebvRvV1YYp4AaABAg,,False,@anhoang2050,I Love Blackpink very muchhhhh,0,2024-03-15T05:22:07Z,2024-03-15T05:22:07Z
UgwQ9-URD0oNTDQYFvh4AaABAg,,False,@Kitarusteller,YAYY,0,2024-03-15T05:22:02Z,2024-03-15T05:22:02Z
UgzSDERktOEpinv31fx4AaABAg,,False,@onkardeepsingh5625,Someone can  please explain me what is this?😢😢,0,2024-03-15T05:21:55Z,2024-03-15T05:21:55Z
Ugxg_Kq_1lPmz2kpXat4AaABAg,,False,@Serene_Blink,"We want a COMEBACK!!!!!!!!!!
PLEASE 😭😭😭😭😭😭😭😭😭😭😭😭😭😭😭😭😭😭😭😭😭😭😭😭😭😭😭😭😭😭😭😭😭😭😭🔥🔥🔥🔥🔥🔥🔥🔥🔥🔥🔥🔥🔥🔥😭😭😭🔥😭😭🔥🔥😭🔥🔥😭🔥😭🔥🔥😭😭😭🔥🥲😭🔥🤨😭🔥🥲😭😭😭🔥😭🔥🔥😭😭🔥😭😭🔥🔥😭🔥😭🔥🔥😭😭😭😭",1,2024-03-15T05:21:46Z,2024-03-15T05:21:46Z
Ugyo6T06tPdls00XhGt4AaABAg,,False,@PINK_QUEEN2,"BLACKPINK IS THE REVOLUTION ❤
who agreed ❤",0,2024-03-15T05:20:59Z,2024-03-15T05:20:59Z
Ugw2z0Fzp_1FnVTRVmd4AaABAg,,False,@Zoox_kpop,🖤BLΛƆKPIИK💗Топ❤,1,2024-03-15T05:19:46Z,2024-03-15T05:19:46Z
UgxR2dZGrT92RBp2SEF4AaABAg,,False,@real.billingham,Oh my goodness it's a sign of their return I'm so very excited 🥹🥀,9,2024-03-15T05:19:10Z,2024-03-15T05:19:10Z
UgzlCbgkJm0E0cUOgp54AaABAg,,False,@Rakhi-r8t,❤❤,1,2024-03-15T05:19:05Z,2024-03-15T05:19:05Z
Ugx6HcuMpJ4r2vo8nLl4AaABAg,,False,@lucychan7619,OMG I LOVE YOUU BP ❤,0,2024-03-15T05:18:07Z,2024-03-15T05:18:07Z
Ugzlt-DRUNvGwFhQJG14AaABAg,,False,@Roseqlix_Linooo,I love BLACKPİNK ❤❤❤,0,2024-03-15T05:17:52Z,2024-03-15T05:17:52Z
UgwsD1KovpNB6TEr6IZ4AaABAg,,False,@alaraaqq,🖤BLACKPİNK İN YOUR ARE YEAH💗,0,2024-03-15T05:17:18Z,2024-03-15T05:17:18Z
UgzOLB750WgRwwLqyVN4AaABAg,,False,@AnzhelaCripy333,💙💝💙💝,0,2024-03-15T05:16:27Z,2024-03-15T05:16:27Z
Ugzkgm7p9wn_simailJ4AaABAg,,False,@sahiraashraf7311,Please comeback blackpink we are waiting 😭😭😭😭,0,2024-03-15T05:16:05Z,2024-03-15T05:16:05Z
UgwGje9yrA9qZfBdl6F4AaABAg,,False,@kimnhn,WOWW New lightstick?? So excited,1,2024-03-15T05:15:53Z,2024-03-15T05:15:53Z
UgyJkF9QHjih1zSGcr54AaABAg,,False,@Julia-zulix,🖤💖,0,2024-03-15T05:15:18Z,2024-03-15T05:15:18Z
UgwHhXFbfiEqcVvKqnZ4AaABAg,,False,@DanitoAlexis,"¡Beautifull! 🖤💖
¡BLINKS!
👇🏻",1,2024-03-15T05:15:01Z,2024-03-15T05:15:01Z
UgzrxUyJza3M4W94n3J4AaABAg,,False,@LegendLily97,Black pink is disband😢?,0,2024-03-15T05:13:15Z,2024-03-15T05:13:15Z
UgwAqXSUS79nKawLFmN4AaABAg,,False,@whoss.Emma.00,❤❤❤❤,0,2024-03-15T05:13:13Z,2024-03-15T05:13:13Z
UgzdAqP5XNBsvEWfVCd4AaABAg,,False,@alexia.ioana1,❤,0,2024-03-15T05:11:46Z,2024-03-15T05:11:46Z
UgwA7IZGsr85rl-Tx7x4AaABAg,,False,@MarioarturoContreras,I need Blackpink comeback,0,2024-03-15T05:11:24Z,2024-03-15T05:11:24Z
UgyB4MpgswC42jCI4h94AaABAg,,False,@Japdongsani132,아❤❤❤ 귀엽다아,0,2024-03-15T05:10:45Z,2024-03-15T05:10:45Z
Ugws86y8osqYsjAAK3J4AaABAg,,False,@БоймирзоеваСоня,I LOVE❤ BLACK PINK😭💖🖤,0,2024-03-15T05:10:44Z,2024-03-15T05:10:44Z
Ugx50h24EWvtuHmYRdV4AaABAg,,False,@Liliesss-Lalisam,I love you BLACKPINK 💗🖤,1,2024-03-15T05:09:33Z,2024-03-15T05:09:33Z
UgxbXPzCxyT1ZtJ9at94AaABAg,,False,@Jennie_Worlds_97,Blackpink 🖤 🩷,0,2024-03-15T05:09:24Z,2024-03-15T05:09:24Z
UgzA7p_aDLX4VFjx81p4AaABAg,,False,@EllenBalary,Waiting for it 😘,0,2024-03-15T05:08:46Z,2024-03-15T05:08:46Z
UgzUhHrnrbVkjJTy1pF4AaABAg,,False,@Milanaa493,블랙핑크는 세계의 혁명이다.,0,2024-03-15T05:08:21Z,2024-03-15T05:08:21Z
Ugyz3L09nT3-sRHyXC54AaABAg,,False,@ويس-م4غ,Black 🖤 pink lisa,0,2024-03-15T05:06:21Z,2024-03-15T05:06:21Z
UgyczihQ42kTyyUptRd4AaABAg,,False,@Catpinké,BLACKPINK!💗💞🌸🌺,0,2024-03-15T05:06:07Z,2024-03-15T05:06:07Z
UgyXTeLVrWEQ7AI-rAF4AaABAg,,False,@varsharajput725,Revolution means ( blackpink)🖤💗,1,2024-03-15T05:05:22Z,2024-03-15T05:05:22Z
UgyPqGOgr3lDK_d2XLF4AaABAg,,False,@johnchristopher8636,BlackPink comeback when?!,0,2024-03-15T05:05:21Z,2024-03-15T05:05:21Z
UgxDNHD-lNjQcDSeAYl4AaABAg,,False,@blinkforever_and_ever,Blackpink we miss you😭😭😭😭,0,2024-03-15T05:04:32Z,2024-03-15T05:04:32Z
UgyyShCZbhOVaD3843t4AaABAg,,False,@loidameraz4413,LaLisa LaLisa LaLisa,0,2024-03-15T05:04:14Z,2024-03-15T05:04:14Z
Ugw3T4XF40Mb6iEKIkd4AaABAg,,False,@bangpink_is_the_revolution11,"blackpink is the revolution

miss our 4 queens",0,2024-03-15T05:03:51Z,2024-03-15T05:03:51Z
UgxBMQ9jtoUViOfl85x4AaABAg,,False,@Kimanda19,Omg😊,0,2024-03-15T05:02:13Z,2024-03-15T05:02:13Z
Ugy0t6RBu3oaKQxNz_B4AaABAg,,False,@Suiiiiiiibscribe,Blackpink i missing you ......why u were sending zero videos 😢 😢 😭,0,2024-03-15T05:01:20Z,2024-03-15T05:01:20Z
UgyYCxk0qaGLqp47Jv14AaABAg,,False,@gamzecakar12,What is this!! Omg❤😂,0,2024-03-15T05:00:17Z,2024-03-15T05:00:17Z
UgzUcDBtIBoWFAXsfK54AaABAg,,False,@nnnnnmmmnvvh,blackpink is back,0,2024-03-15T04:59:36Z,2024-03-15T04:59:36Z
UgzX5EQcDZ8dBmua9qp4AaABAg,,False,@danagul3907,BLACKPINK IS THE REVOLUTION ✨️,0,2024-03-15T04:59:22Z,2024-03-15T04:59:22Z
UgyDg9nnI2ZacATNIzh4AaABAg,,False,@tarequzzamanjewel7326,I LOVE YOU BLACKPINK FOREVER🖤🩷🖤🩷,0,2024-03-15T04:58:53Z,2024-03-15T04:58:53Z
UgxF86UZaXyYdKoMAFl4AaABAg,,False,@Reclowes,Black pink i miss you😢,0,2024-03-15T04:58:50Z,2024-03-15T04:58:50Z
UgwTZ275oVYlkvXUef54AaABAg,,False,@mitraciril439,"miss u 4 our queens 😢

i always waitin' for ur comeback this year (2024) ❤",124,2024-03-15T04:58:49Z,2024-03-15T04:58:49Z
UgwTZ275oVYlkvXUef54AaABAg.A0zwNFVh3SBA1-1ViRRxM2,UgwTZ275oVYlkvXUef54AaABAg,True,@Paola33818,And me 😢 I want them to fly I love them❤,5,2024-03-15T05:52:25Z,2024-03-15T05:52:25Z
UgwTZ275oVYlkvXUef54AaABAg.A0zwNFVh3SBA1-qeffQgx_,UgwTZ275oVYlkvXUef54AaABAg,True,@TheHighLevel.,4️⃣ Fantastic Four 4️⃣,3,2024-03-15T13:28:09Z,2024-03-15T13:28:09Z
UgwTZ275oVYlkvXUef54AaABAg.A0zwNFVh3SBA14YtB_B9yb,UgwTZ275oVYlkvXUef54AaABAg,True,@Blackpink_forever375,SAMEE,2,2024-03-17T09:20:19Z,2024-03-17T09:20:19Z
Ugy7b3_5Jfgj3PZJiKN4AaABAg,,False,@aysenazcubukcu,NEW SONGS PLEASEEE❤❤❤,0,2024-03-15T04:58:25Z,2024-03-15T04:58:25Z
UgzJbulpkcMzxDyCj7p4AaABAg,,False,@knajet-vf6ou,Blackpink l love you please come 😭⚘,0,2024-03-15T04:58:01Z,2024-03-15T04:58:01Z
UgwlNvt7F1fl-J1sfKV4AaABAg,,False,@Black_pink-b4p,❤,0,2024-03-15T04:57:18Z,2024-03-15T04:57:18Z
UgwAmdeTdudwUyURM1p4AaABAg,,False,@Döndü_edits196,블랙핑크가 해체하지 말고 신곡을 발표했으면 좋겠다,0,2024-03-15T04:56:32Z,2024-03-15T04:56:32Z
UgySYunZMHy7k_4vmhp4AaABAg,,False,@reader_mjt_0,when will be their comeback?? I miss u very much blackpink!!,0,2024-03-15T04:56:06Z,2024-03-15T04:56:06Z
UgxTg-20JDGs3OrdQoV4AaABAg,,False,@Vicknoi-idea.,"🖤Blackpink🩷 is the REVOLUTION🔥
Proud to be a BLINK❤😍😍
Love🖤🩷",0,2024-03-15T04:55:50Z,2024-03-15T04:55:50Z
Ugwv1L4aQgHHid0KU_l4AaABAg,,False,@my_angela_256,Your a blink ❤ like here 🖤💗,0,2024-03-15T04:55:33Z,2024-03-15T04:55:33Z
UgwOwfuRIzLBRyZYk8R4AaABAg,,False,@heavensyk,Woahhh 😭,0,2024-03-15T04:55:32Z,2024-03-15T04:55:32Z
UgylD8U3JR1ReuYaU454AaABAg,,False,@blink_ellie,🖤BLΛƆKPIИK💗,0,2024-03-15T04:54:59Z,2024-03-15T04:54:59Z
UgwXc2yu8bXK1DyYcYh4AaABAg,,False,@Manifestmina_07,❤❤❤,0,2024-03-15T04:52:20Z,2024-03-15T04:52:20Z
UgwXc2yu8bXK1DyYcYh4AaABAg.A0zvcjHWlGFA0zwBgfpB72,UgwXc2yu8bXK1DyYcYh4AaABAg,True,@Rosie._.lovies474,Türkleri görmek mutluluk veriyo,0,2024-03-15T04:57:15Z,2024-03-15T04:57:15Z
UgwXc2yu8bXK1DyYcYh4AaABAg.A0zvcjHWlGFA1-zMGsV1qK,UgwXc2yu8bXK1DyYcYh4AaABAg,True,@Manifestmina_07,@@Rosie._.lovies474 evt,0,2024-03-15T14:44:09Z,2024-06-12T22:04:05Z
UgxdhhBkaFxfT_eAtrJ4AaABAg,,False,@AlleseyonJISOOYAAA,🥺🥺🥺🥺🥲💘,0,2024-03-15T04:52:01Z,2024-03-15T04:52:01Z
UgxdhhBkaFxfT_eAtrJ4AaABAg.A0zvaOF7ZJbA0zzEY0jB9T,UgxdhhBkaFxfT_eAtrJ4AaABAg,True,@real.billingham,"I don't understand what this means, please explain to me!!",0,2024-03-15T05:23:51Z,2024-03-15T05:23:51Z
Ugxr8mzPCjuHp37HT814AaABAg,,False,@EvinaROSE,Seperti yu❤,0,2024-03-15T04:51:57Z,2024-03-15T04:51:57Z
UgyQTyi6RnykXp-AZm14AaABAg,,False,@AlleseyonJISOOYAAA,I'm so excited and happy because BLACKPINK posted a new video 🖤💗,0,2024-03-15T04:50:55Z,2024-03-15T04:50:55Z
Ugyk2_26QhB_W7woz8J4AaABAg,,False,@Аделиша-г1г,OMG OMG OMG OMG OMG OMG,0,2024-03-15T04:50:43Z,2024-03-15T04:50:43Z
Ugy4_CXIydu8cJliiGx4AaABAg,,False,@maltyhg,Are you back soon ？🥰,0,2024-03-15T04:50:38Z,2024-03-15T04:50:38Z
UgyzRguVIBxJJXkz2cJ4AaABAg,,False,@ROSIEEEENNNN,Finally blackpink posted I was waiting so much,1,2024-03-15T04:50:34Z,2024-03-15T04:50:34Z
Ugx3fVHb0Gn4vc9tSa94AaABAg,,False,@herminetovmasyan,❤❤❤🎉🎉🎉🎉🎉🎉,0,2024-03-15T04:50:26Z,2024-03-15T04:50:26Z
UgzJKIi4Ki66a4ijDFh4AaABAg,,False,@Minli_star,❤❤❤,0,2024-03-15T04:50:02Z,2024-03-15T04:50:02Z
Ugx41_sXWkY2HTN_7Jx4AaABAg,,False,@joonisgood_,한국에 팝업스토어 제발,0,2024-03-15T04:47:45Z,2024-03-15T04:47:45Z
UgyCVGAyqr0_ei7NZPt4AaABAg,,False,@Chaechaeu,😻사랑해요 블랙핑크<3,0,2024-03-15T04:46:37Z,2024-03-15T04:46:37Z
UgyCVGAyqr0_ei7NZPt4AaABAg.A0zuysQs_enA0zwDic9c1v,UgyCVGAyqr0_ei7NZPt4AaABAg,True,@Rosie._.lovies474,❤❤🇹🇷🇹🇷🇹🇷,0,2024-03-15T04:57:31Z,2024-03-15T04:57:31Z
Ugz453BGfaytBMQ_WSl4AaABAg,,False,@Floral24572,Blackpink is the revolution,0,2024-03-15T04:46:34Z,2024-03-15T04:46:34Z
Ugwq0fv607gSKkzl2ct4AaABAg,,False,@Ninijenss,BLACKPlNK 💜 blınk,0,2024-03-15T04:45:58Z,2024-03-15T04:45:58Z
UgwDP1HLLNx0QxKGjp94AaABAg,,False,@bebeyeu,I LOVE YOU BLACKPINK 😍,0,2024-03-15T04:45:12Z,2024-03-15T04:45:12Z
UgxkcTnAHqtUJVstPB54AaABAg,,False,@sweet_CHERRY_sweet,I LOVE 🖤BLΛƆKPIИK💗,0,2024-03-15T04:44:56Z,2024-03-15T04:44:56Z
UgzXnQaIATSKoWKF-Xx4AaABAg,,False,@meovv_ellafanıyız,Hi ❤,1,2024-03-15T04:44:54Z,2024-03-15T04:44:54Z
UgzXnQaIATSKoWKF-Xx4AaABAg.A0zumDiG7jRA0zwXNLCm09,UgzXnQaIATSKoWKF-Xx4AaABAg,True,@Rosie._.lovies474,Merhaba 🇹🇷❤❤,1,2024-03-15T05:00:12Z,2024-03-15T05:00:12Z
UgzFhb9W4tID8orO0eB4AaABAg,,False,@America-jb7vi,🖤 Blakpink 💓,0,2024-03-15T04:44:35Z,2024-03-15T04:44:35Z
UgxDWrOlb-izzy2nZtx4AaABAg,,False,@pramilamukesh7333,Yes,0,2024-03-15T04:43:57Z,2024-03-15T04:43:57Z
UgyDTHRmANQs7wSXHAZ4AaABAg,,False,@Jenzy_rubyy,Blackpink when comeback 😭😭💖💖,0,2024-03-15T04:43:53Z,2024-03-15T04:43:53Z
UgwCwFh5DqdrNB1aMKB4AaABAg,,False,@Youitsme-idk,"I miss you guyss🥲

Blackpink is the revolution!",1,2024-03-15T04:43:31Z,2024-03-15T04:43:31Z
UgzLrvvfnoBAu3i8L-V4AaABAg,,False,@user-8825s,I love you ❤  🖤BLΛƆKPIИK💗,0,2024-03-15T04:43:14Z,2024-03-15T04:43:14Z
UgzT9O5IOtJ9hHgf3KF4AaABAg,,False,@pizzamdapizzamm,"✧༺✦✮✦༻∞༺✦✮✦༻✧                         
  B͜͡L͜͡A͜͡C͜͡K͜͡P͜͡I͜͡N͜͡K͜͡  
            𝘉̆̈𝘌̆̈𝘚̆̈𝘛̆̈ 𝘎̆̈𝘐̆̈𝘙̆̈𝘓̆̈𝘚̆̈
◌⑅⃝🖤💗⋆ℒℴѵℯ𝓨𝓸𝓾⋆🖤💗⑅⃝◌",0,2024-03-15T04:42:19Z,2024-03-15T04:42:19Z
UgzhhkqRKEpFScaQVkZ4AaABAg,,False,@pizzamdapizzamm,ßLACKPİNK 🖤💗in your area~~,0,2024-03-15T04:41:31Z,2024-03-15T04:41:53Z
UgzcKbRmnjongvN5BCR4AaABAg,,False,@Rose_Naruto,"🎀🎀🎀🎀🎀🎀🎀🎀🎀🎀
🎀🎊🧁✨𝘑𝘪𝘴𝘰𝘰✨🧁🎉🎀
🎀🎉🧁🪐𝘑𝘦𝘯𝘯𝘪𝘦🪐🧁🎊🎀
🎀🎊🧁👑𝘙𝘰𝘴𝘦 👑🧁🎉🎀
🎀🎉🧁☄️ 𝘓𝘪𝘴𝘢 ☄️🧁🎊🎀
🎀🎀🎀🎀🎀🎀🎀🎀🎀🎀",1,2024-03-15T04:40:53Z,2024-03-15T04:40:53Z
UgwiAfODkx5M741uHLB4AaABAg,,False,@adhya8440,THIS IS SAUR ADORABLE.....!!! 🥺😭😳☺😘😍,1,2024-03-15T04:40:21Z,2024-03-15T04:40:21Z
UgzeBkG5-VXI2QOeCGF4AaABAg,,False,@tieumi6060,When will my BLACKPINK come back ?,0,2024-03-15T04:39:12Z,2024-03-15T04:39:12Z
UgyH8H0SxeypvsMERz94AaABAg,,False,@Blinkbpink,Bp in repeat ❤️‍🔥,0,2024-03-15T04:39:11Z,2024-03-15T04:39:11Z
Ugy_3GddVEMKsa3uML14AaABAg,,False,@pizzamdapizzamm,"You just came back, we are waiting for you!!",1,2024-03-15T04:37:52Z,2024-03-15T04:37:52Z
UgwQGwZv0EyIyQnBOc14AaABAg,,False,@madinaergasheva419,❤B❤L❤A❤C❤K❤P❤I❤N❤K❤,0,2024-03-15T04:37:29Z,2024-03-15T04:37:29Z
UgxKQWUVKD1acH-b2VV4AaABAg,,False,@katherine_blinkk,Si van a hacer comeback??? ❤ espero que si 🥺,0,2024-03-15T04:37:01Z,2024-03-15T04:37:01Z
UgzPsRv4zXJTB4OFzsN4AaABAg,,False,@FanMilanaHametova,"BLACKPINK!!!!! I’m blink not baby blink, I’m big blink!❤",0,2024-03-15T04:36:59Z,2024-03-15T04:36:59Z
UgyQe6hvZ1nF36BNgFN4AaABAg,,False,@katherine_blinkk,"💜💛    💚💙
💙🌹🌹🖤🌹🌹🖤
 ❤️🌹I💗Rosé🌹💜
      💚🌹🌹🌹💛
            💜🌹🖤
                  💙 
　💜💛    💚💙
💙🌸🌸🖤🌸🌸🖤
 ❤️🌸I💗Jennie💜
      💚🌸🌸🌸💛
            💜🌸🖤
                  💙 
　💜💛    💚💙
💙🌸🌸🖤🌸🌸🖤
 ❤️🌸I💗Lisa🌸💜
      💚🌸🌸🌸💛
            💜🌸🖤
                  💙 
　💜💛    💚💙
💙🌸🌸🖤🌸🌸🖤
 ❤️🌸I💗Jisoo🌸💜
      💚🌸🌸🌸💛
            💜🌸🖤
                  💙",0,2024-03-15T04:36:29Z,2024-03-15T04:36:29Z
UgwrWQRe0uNaAoiZT6B4AaABAg,,False,@SandeepSingh-re4co,Blackpink is the revolution ✨ 😍,0,2024-03-15T04:36:08Z,2024-03-15T04:36:08Z
UgwX57FYf6baMXsrNGB4AaABAg,,False,@Bwlinay01,O love you Blackpink,0,2024-03-15T04:35:59Z,2024-03-15T04:35:59Z
UgzpL4M2x0Wig2-P_id4AaABAg,,False,@kiranrajan9400,So excited 🖤💗🖤💗,0,2024-03-15T04:32:39Z,2024-03-15T04:32:39Z
UgzNzhQOVK0_lRYWfUh4AaABAg,,False,@Army_hasta_lamuerte,BLACKPINK🎉❤,0,2024-03-15T04:32:07Z,2024-03-15T04:32:07Z
UgyD4h2wReAbesusPlR4AaABAg,,False,@Ahyeon_Jung,Give us BLACKPINK COMEBACK,0,2024-03-15T04:31:52Z,2024-03-15T04:31:52Z
UgxO9wnB4yC-KbBnZt14AaABAg,,False,@Ahyeon_Jung,GIVE US BLACKPINK COMEBACK @ygentertainment,0,2024-03-15T04:31:03Z,2024-03-15T04:31:03Z
Ugy6PejxGaMXeLfhKAd4AaABAg,,False,@suhrobraximov-ti3kb,I love bp❤❤,0,2024-03-15T04:30:54Z,2024-03-15T04:30:54Z
Ugyw9CPcBzrOgXkYpZN4AaABAg,,False,@newnazrul,BIACKPINK LOVE YOU ❤❤,0,2024-03-15T04:30:50Z,2024-03-15T04:30:50Z
UgykEtRRU1Bsk8Q1Ki54AaABAg,,False,@nainaahuja7844,This is so  cute and proud to be a blink ❤️✨❤️✨,30,2024-03-15T04:29:36Z,2024-03-15T04:29:36Z
UgwnzL5BLKs3rxVLoJx4AaABAg,,False,@love_KG296,🖤💗 BLACKPINK 🖤💗,1,2024-03-15T04:28:23Z,2024-03-15T04:28:23Z
UgzHE2gcXnZ7Cekas3F4AaABAg,,False,@Nini_4life1,"I’m sooo proud to be a blinkkkk!
Blackpink in your area
Blackpink is the revolution!!!
Loveee u BLACKPINK",0,2024-03-15T04:25:14Z,2024-03-15T04:25:14Z
Ugwpih3f-2u9zk86Du94AaABAg,,False,@UmaimaArshad-u5x,🖤💗KIM JISOO! KIM JENNIE! PARK CHAEYOUNG! LALISA! BLACKPINK! SARANGHAE!💗🖤,1,2024-03-15T04:24:14Z,2024-03-15T04:24:14Z
Ugz-ZgTv3A2GLsmKHfR4AaABAg,,False,@Blink_monstiez47,Those who want blackpink to release more songs,2,2024-03-15T04:23:57Z,2024-03-15T04:23:57Z
UgzCeDSTBh_dB9Ca3PB4AaABAg,,False,@riddhimajain4843,Blackpink we miss you ❤😢,0,2024-03-15T04:23:36Z,2024-03-15T04:23:36Z
UgwOj3Cv_AzeEX7j7vB4AaABAg,,False,@فلور-غ6ع,l Love You Lisaaaaaaaaaaa,0,2024-03-15T04:23:07Z,2024-03-15T04:23:07Z
Ugxw8ANHfXxeAzfS7g94AaABAg,,False,@Keiryz,"Las esperamos con los brazos abiertos, las extrañamos :c",0,2024-03-15T04:22:18Z,2024-03-15T04:22:18Z
UgwrHgd01XN7GTqjqYp4AaABAg,,False,@Blink0822,Oh yes,0,2024-03-15T04:22:07Z,2024-03-15T04:22:07Z
Ugw8mj7t8w45s8Ilhlt4AaABAg,,False,@Blink_monstiez47,"Blackpink 
~Jennie~
~Lisa~
~Rosé~
~Jisoo~",2,2024-03-15T04:22:02Z,2024-03-15T04:22:02Z
UgwOVVeMDK8Nvo_VbkF4AaABAg,,False,@Kpop_potterhead,BLACKPINK ❤❤,0,2024-03-15T04:21:30Z,2024-03-15T04:21:30Z
UgwLHNhmBNDeh7Dm3Eh4AaABAg,,False,@DnsDns-u7h,🖤💗🖤💗🖤💗🖤💗🖤💗🖤💗,1,2024-03-15T04:21:12Z,2024-03-15T04:21:12Z
UgyMUNjxt_8HIqfB89h4AaABAg,,False,@_Stacy_Tina_,"I love you black pink
I love you🖤💗
 I love you🖤💗
   I love you🖤💗
    I love you🖤💗
     I love you🖤💗
      I love you🖤💗
      I love you🖤💗
      I love you🖤💗
        I love you🖤💗
         I love you🖤💗
          I love you🖤💗
           I love you🖤💗
            I love you🖤💗
             I love you🖤💗
              I love you🖤💗
            I love you🖤💗
          I love you🖤💗
        I love you🖤💗
        I love you🖤💗
         I love you🖤💗
          I love you 🖤💗
            I love you🖤💗
              I love you🖤💗
               I love you 🖤💗
                 I love you 🖤💗
                        I love you🖤💗
                          I love you🖤💗
                           I love you 🖤💗
                         I love you 🖤💗
                        I love you 🖤💗
  I love you Black pink Lisa you remember me i am navneet kaur",1,2024-03-15T04:20:53Z,2024-03-15T04:24:30Z
Ugy3FmooeOd7gy64GHN4AaABAg,,False,@Newjeanscoverdanceandsong,Жаль что вы распадетесь,1,2024-03-15T04:20:17Z,2024-03-15T04:20:17Z
UgwOZVq8E-DoULGqzBp4AaABAg,,False,@ouahiba1937,"Blackpink in your area ❤
Love Blackpink 🖤🩷",0,2024-03-15T04:17:02Z,2024-03-15T04:17:02Z
UgxwbGU3mS7BGof0zXt4AaABAg,,False,@Yeuviechoc,😊 I will forever be grateful to black pink because they made my life so beautiful through music😊,0,2024-03-15T04:15:35Z,2024-03-15T04:15:35Z
UgwQlw1e5zOI_oWqz-J4AaABAg,,False,@_the_aesthetics_k-blink,Blackpink in your area 🖤💝 im proud to be a blink ❤❤❤❤,1,2024-03-15T04:15:12Z,2024-03-15T04:15:12Z
UgyaZ8SOnHGlopUUffR4AaABAg,,False,@UlmekenAsspetullaeva,블랙핑크 여러분 많이 사랑해요 댓글 꼭 봐주세요. 보낸 사람 : 라시안 🤍🫀🤍❤️🤍❤️타슈켄트로도 와요😋😋❤️❤️🤍🫀🫀🫀🥰🫀🥰 🤍,1,2024-03-15T04:15:07Z,2024-03-15T04:15:07Z
Ugy8mJULWjQ41vrBVOJ4AaABAg,,False,@hearteupink2358,We want bp comeback,0,2024-03-15T04:15:04Z,2024-03-15T04:15:04Z
Ugy13eJpykrP5LQd6Ql4AaABAg,,False,@nonirosiee,volta blackpink meu mundo não tem cor sem vc,0,2024-03-15T04:14:54Z,2024-03-15T04:14:54Z
Ugx-Mij945rZxCJg2Wt4AaABAg,,False,@zaarakausar8864,I miss you blackpink i started staning bcyz of you but now I literally cry when I think of you if I meet you irl I am gonna get to the 7 cloud guys pls comeback i miss you so much not only me your blinks to blackpink I love you so muchhhgh❤❤❤❤❤,1,2024-03-15T04:14:18Z,2024-03-15T04:14:18Z
UgzsUM8-2HF5rr2n9-N4AaABAg,,False,@Claramlemon15,"As a blink, I am so HAPPY I EVEN GOT TO BE S BLINK!!! IM OBSESSED!!! And if jisoo reads this you are my favorite idol out of all the other k-pop groups you are literally my bias!!!",0,2024-03-15T04:14:01Z,2024-03-15T04:14:01Z
UgzTEn6MvgVTRb-Mei14AaABAg,,False,@blinkforeverkpopstan,Yas i love you blackpink❤🎉,0,2024-03-15T04:12:23Z,2024-03-15T04:12:23Z
UgwmRdDfsXloB2TIWxF4AaABAg,,False,@minecraftzeynep4375,Blackpink ıs The revolution 🎉🎉🎉🎉❤❤❤,0,2024-03-15T04:11:48Z,2024-03-15T04:11:48Z
Ugz_FW7vx0kGaTM_ccJ4AaABAg,,False,@РашидаАманкызы,14тыс лайк 😂,1,2024-03-15T04:11:23Z,2024-03-15T04:11:23Z
UgxNaVeNcqhs7Z-00UN4AaABAg,,False,@THENILESH69,I like the black pink ❤🎉❤,1,2024-03-15T04:10:14Z,2024-03-15T04:10:14Z
UgwWGtcy7XfRLTyrh994AaABAg,,False,@THENILESH69,BLACK PINK AND ME❤,1,2024-03-15T04:09:42Z,2024-03-15T04:09:42Z
UgzxG6khYlRSWOrb8e14AaABAg,,False,@fernandafelix2908,❤,0,2024-03-15T04:09:42Z,2024-03-15T04:09:42Z
UgxsglP7WS6G9UMOuWR4AaABAg,,False,@THENILESH69,BLACK PINK AND ME❤,1,2024-03-15T04:09:36Z,2024-03-15T04:09:36Z
UgyBvYD6-Rq5qmxnR_R4AaABAg,,False,@THENILESH69,BLACK PINK AND ME❤,1,2024-03-15T04:09:31Z,2024-03-15T04:09:31Z
Ugw_lzXoNYt0BnGXv6V4AaABAg,,False,@THENILESH69,BLACK PINK AND ME❤,1,2024-03-15T04:09:25Z,2024-03-15T04:09:25Z
UgwY0hqEczBBPck4yqp4AaABAg,,False,@AndrésMuñoz-d5q,Blackpink las extrañaba,0,2024-03-15T04:09:10Z,2024-03-15T04:09:10Z
UgxnwHcO8AOQRznTPD54AaABAg,,False,@THENILESH69,BLACK PINK AND ME❤,1,2024-03-15T04:08:59Z,2024-03-15T04:08:59Z
UgwU6Auwz5khDbNyY2B4AaABAg,,False,@AndrésMuñoz-d5q,❤❤❤,0,2024-03-15T04:08:59Z,2024-03-15T04:08:59Z
UgzjRGrI6njUoQqMvyB4AaABAg,,False,@Preety_savage_151_,BLACKPINK 🥹🥹I love you BLACKPINK 💗🖤,0,2024-03-15T04:08:32Z,2024-03-15T04:08:32Z
UgwyKc68WoX-7j0bPbx4AaABAg,,False,@DiegoArmandoSandovalValdez,"완벽한 소녀들, 축하합니다. 사랑합니다.",0,2024-03-15T04:08:26Z,2024-03-15T04:08:26Z
Ugx7GmCXqtMueyhh-yJ4AaABAg,,False,@Lilies_Kanij,❤❤❤❤❤❤,0,2024-03-15T04:06:51Z,2024-03-15T04:06:51Z
Ugxz01TDdR91oA-A3Q14AaABAg,,False,@jotirmoyeesarker3012,miss u blackpink 😢❤,1,2024-03-15T04:06:50Z,2024-03-15T04:06:50Z
UgwW7IuH9M2uQeLgCeN4AaABAg,,False,@آرميبلينك-ح1م,❤❤❤❤❤❤❤❤,0,2024-03-15T04:04:52Z,2024-03-15T04:04:52Z
UgwFfGtBfCfmnOxwNCd4AaABAg,,False,@nini__editz13,Finally BLACKPINK Chanel upload a video 🥺🦋💖,8,2024-03-15T04:02:59Z,2024-03-15T04:02:59Z
UgwLS4eENR6ibi4S4AV4AaABAg,,False,@joh-yj4oq,블랙핑크 ❤❤,0,2024-03-15T04:02:57Z,2024-03-15T04:02:57Z
UgwyJQkPocnVtwJio694AaABAg,,False,@EmilyAcosta-z6u,"Wow,❤❤❤❤❤❤",0,2024-03-15T04:02:53Z,2024-03-15T04:02:53Z
Ugyn8JIY15SElXqX2GR4AaABAg,,False,@kppop3278-fu5et,BLACKPINK is the revolution 🖤💝,0,2024-03-15T04:00:44Z,2024-03-15T04:00:44Z
Ugw4W6a4DHVx0zBqV6F4AaABAg,,False,@RosiePosie_31,Wow❤finally an update from blackpink channel,0,2024-03-15T04:00:20Z,2024-03-15T04:00:20Z
Ugw2iaI_DGRFeCI5BYx4AaABAg,,False,@pixel_pizzazz,❤❤❤❤🎉🎉🎉 love you,0,2024-03-15T03:57:48Z,2024-03-15T03:57:48Z
UgzcdfyMDSuGapSM8kF4AaABAg,,False,@DanelleCastillo-su6rz,I am blink🖤🩷🖤🩷🖤🩷🖤🩷🖤🩷🖤🩷🖤🩷🖤,0,2024-03-15T03:57:30Z,2024-03-15T03:57:30Z
UgyRcmGiN_x75jV2jDZ4AaABAg,,False,@Yeji-room,"블랙과 핑크 나는 당신을 사랑합니다❤🖤
ЧерноеРозовое я вас люблю❤🖤
Black Pink I love you❤🖤",0,2024-03-15T03:57:10Z,2024-03-15T03:57:10Z
UgwSwbhGXsG6D3cHns14AaABAg,,False,@AiweiRen-px7by,OMG IVE BEEN WAITING FOR THIS,0,2024-03-15T03:56:32Z,2024-03-15T03:56:32Z
Ugx86hlKnOYqEGIUqRZ4AaABAg,,False,@Ghorkhalixori,❤❤❤❤,0,2024-03-15T03:52:40Z,2024-03-15T03:52:40Z
UgzaSrbiuNnEMcxd-cx4AaABAg,,False,@rarity_jenniekim_parkjimin,Blackpink 🖤💗,0,2024-03-15T03:52:18Z,2024-03-15T03:52:18Z
UgxZlOhAbBmIAJbA8d14AaABAg,,False,@Firuze-xm4jr,Kurban olduğum yaaaa❤❤❤❤❤,0,2024-03-15T03:51:10Z,2024-03-15T03:51:10Z
Ugy6A2rKd8Kr7N8urSt4AaABAg,,False,@SaiKumar-xm7xr,I miss you ❤❤❤❤❤❤❤❤,0,2024-03-15T03:50:51Z,2024-03-15T03:50:51Z
UgxUX-MczNzoLrA2AvZ4AaABAg,,False,@keshkahh,BLACKPINK IN YOUR AREA-This is a revolution,1,2024-03-15T03:50:19Z,2024-03-15T03:50:19Z
Ugz_5zMmP8DQtAiMoft4AaABAg,,False,@shigyu69,✨✨🤍,0,2024-03-15T03:48:52Z,2024-03-15T03:48:52Z
Ugw_YuCT09Bdia3etc54AaABAg,,False,@Bharvad_prince,Who support black pink in any situation 💗✨👇🏻,1,2024-03-15T03:48:22Z,2024-03-15T03:48:22Z
Ugw_PXdpacl7-Gdg-QZ4AaABAg,,False,@Shineestar118,❤❤❤❤❤❤❤,1,2024-03-15T03:47:19Z,2024-03-15T03:47:19Z
UgwnCu6lsSJMDVkWcXd4AaABAg,,False,@Mai_0.0_Mai,BLACKPINK SLAYS EVERY DAY THEY ARE THE REVOLUTION🔥🔥🔥🖤💗,0,2024-03-15T03:44:51Z,2024-03-15T03:44:51Z
UgyZM_MG7e_avKmcGsV4AaABAg,,False,@harinisri25,I was in cloud 9 when I saw the notification 😍,1,2024-03-15T03:43:39Z,2024-03-15T03:43:39Z
UgyOSRQjkbPmQSXkgvV4AaABAg,,False,@laeswq,🩷,1,2024-03-15T03:42:37Z,2024-03-15T03:42:37Z
UgyF_yu70MDueyfTrpJ4AaABAg,,False,@laeswq,Mö,1,2024-03-15T03:42:28Z,2024-03-15T03:42:28Z
UgwkRDqAQ6NeXt5xXkN4AaABAg,,False,@ThomaVeko-zd2nv,Blackpink and BTS are best ❤❤❤❤,0,2024-03-15T03:42:04Z,2024-03-15T03:42:04Z
Ugyz04TVGM9G5qmqG5F4AaABAg,,False,@theMastergirl1210,BLACKPINK IS THE REVOLUTION 🖤🩷,122,2024-03-15T03:40:56Z,2024-03-15T03:40:56Z
Ugyz04TVGM9G5qmqG5F4AaABAg.A0znSlTAwWNA1-ppRsB9ml,Ugyz04TVGM9G5qmqG5F4AaABAg,True,@SmilingDrone-ky2in,Hey super  coment,0,2024-03-15T13:20:53Z,2024-03-15T13:20:53Z
Ugyz04TVGM9G5qmqG5F4AaABAg.A0znSlTAwWNA12yIOKv7iT,Ugyz04TVGM9G5qmqG5F4AaABAg,True,@theMastergirl1210,Hello,0,2024-03-16T18:32:36Z,2024-03-16T18:32:36Z
UgxYO15h_zT3eFyA0VB4AaABAg,,False,@Perlita_BP,Que bonito😍 TE AMO BLACKPINK ❤️,1,2024-03-15T03:40:19Z,2024-03-15T03:40:19Z
UgyaPSMtuHT5vCPp8JV4AaABAg,,False,@jhn_ra_,Blink,0,2024-03-15T03:39:19Z,2024-03-15T03:39:19Z
UgycLxSSG8SnP1SbTMh4AaABAg,,False,@yqzzhel,eso q mejor comback,0,2024-03-15T03:38:56Z,2024-03-15T03:38:56Z
UgwkrXLGY2ypYpW8lWF4AaABAg,,False,@JdjdjjdJsjsjsj-s9h,❤❤❤❤❤❤,2,2024-03-15T03:38:55Z,2024-03-15T03:38:55Z
Ugzy777v8jsD9ZBwe9d4AaABAg,,False,@bornpinkbukocang,Ls udh ver3😂 bp blm cb,1,2024-03-15T03:38:51Z,2024-03-15T03:38:51Z
UgyM3_67mdVLCBoLbOB4AaABAg,,False,@crisstall999,Ni idea con quién colabora pero apoyo (creo que lo vi en el tiktok del grupo)❤❤❤❤❤❤❤❤❤,0,2024-03-15T03:38:34Z,2024-03-15T03:38:34Z
Ugylw12uCSD0P5RoZTh4AaABAg,,False,@VeraRosesClovers._.Official31,I love blackpink❤,1,2024-03-15T03:37:35Z,2024-03-15T03:37:35Z
UgyTSc3SMSvol9SXdPp4AaABAg,,False,@rabiyakhanam4256,🌺I 🌺LOVE🌺 YOU🌺 BLACKPIN🌺💗 forever💗,0,2024-03-15T03:36:59Z,2024-03-15T03:36:59Z
UgwbUIPDigs3wbLZ83F4AaABAg,,False,@muskan143-mus,"👑 BLACKPINK IS A REVOLUTION 👑
👑 kIM JISOO 🔥
👑 JENNIE KIM 🔥
👑 PARK ROSÉ🔥
👑 LALISA MANOBAN 🔥
Love you BLACKPINK 🖤💗",0,2024-03-15T03:36:20Z,2024-03-15T03:36:20Z
UgyEmzT7TYYb8nV2ThR4AaABAg,,False,@MaazMoizVlogs1626,Love You BLACKPINK 🖤💗,1,2024-03-15T03:35:58Z,2024-03-15T03:35:58Z
UgyI4Q9rTSBJ8OcXE-R4AaABAg,,False,@chhayashukla1548,"🖤 BLACK PINK 🩷 is the revolution ✨
I wish black pink never disband ❤",0,2024-03-15T03:35:33Z,2024-03-15T03:35:33Z
UgzHsV6JNZn88mUcAmt4AaABAg,,False,@Dancingpotato_7848,We miss you guys 😢😢❤❤,0,2024-03-15T03:35:32Z,2024-03-15T03:35:32Z
UgwuKe-GTb1qBpHrrtN4AaABAg,,False,@sarahjanearresgado3054,I love BLACKPINK FOREVER😍❤️,0,2024-03-15T03:34:34Z,2024-03-15T03:34:34Z
UgwFovxzoN-nnp87Vlt4AaABAg,,False,@ayushichugh4501,BLACK PINK 🫰🫰🩷🖤🩷🖤🩷🖤,1,2024-03-15T03:34:04Z,2024-03-15T03:34:04Z
UgyPuqXhKJXK5QQ3KBl4AaABAg,,False,@GuadalupeSantoshernandez-c3f,Te amo mucho blackpink ❤❤❤,0,2024-03-15T03:33:23Z,2024-03-15T03:33:23Z
UgyA3zekHuN94NCNTg54AaABAg,,False,@jignashathakar6179,FINALLY AN UPDATE!!!!!!,0,2024-03-15T03:32:21Z,2024-03-15T03:32:21Z
UgxSG9UgmQuwZp7svep4AaABAg,,False,@bpblink4ever89,"I am a blink girl in the bp world my life fantastic 💓 full of light stick ❤we have 4 queens 👑 and there r veryy sweet 
   JISOO, JENNIE, ROSÉ, LISA ❤❤❤❤ sarange unnie 
 Plssss do come baccckkkkkkkkk",0,2024-03-15T03:30:37Z,2024-03-15T03:31:36Z
UgwKi53Eno8BHmfJ_nt4AaABAg,,False,@NurgulTurkmen-fb9cl,Sonunda yaşam belirtisi verdiler❤,5,2024-03-15T03:30:06Z,2024-03-15T03:30:06Z
UgwDbeqeLY9LcU8ykj94AaABAg,,False,@LucyLosAngeles-lv6kk,BLACKPINK IN YOUR AREA,1,2024-03-15T03:30:04Z,2024-03-15T03:30:04Z
UgxijA5xANMUVS_XBb94AaABAg,,False,@-Lalisa_Queen-,Yg şarkı at şarkı bune,1,2024-03-15T03:29:43Z,2024-03-15T03:29:43Z
UgzImlv3kqKH2hRWegl4AaABAg,,False,@AqilaPutri-p7y,"Blackpink I beg you Jennie, Jisoo, Rose and Lisa, do you still need or can you come back again? I'm blinking, please, I really want Blackpink to come back and please Jennie, Jisoo, Lisa and Rose I ask you once to return to Blink's arms, we really love you, I love you, don't you ever forget Blink ❤",1,2024-03-15T03:29:25Z,2024-03-15T03:29:25Z
UgxC4sfLjINDQaNB31h4AaABAg,,False,@2dayin,Back Pink,0,2024-03-15T03:29:10Z,2024-03-15T03:29:10Z
UgyN7O27bc-DkS11KyB4AaABAg,,False,@Blinkzy_BLACKPINK_143,BLACKPINK forever ❤❤❤❤❤❤♾️❤❤❤❤❤❤❤❤🎉🎉🎉🎉❤,1,2024-03-15T03:28:13Z,2024-03-15T03:28:13Z
Ugw957iJI6sZ3PE4chN4AaABAg,,False,@sagarpal6359,খুব সুন্দর 🥰😍❤।,0,2024-03-15T03:26:10Z,2024-03-15T03:26:10Z
UgxR3p44_TEmUmQZE2l4AaABAg,,False,@Srishti_goswami,I love Black pink 🖤💖,0,2024-03-15T03:25:52Z,2024-03-15T03:25:52Z
UgyT5eZFcIQmZ_lC35l4AaABAg,,False,@swapnadeepchakraborty5401,BLACKPINK SLAY 👑,0,2024-03-15T03:24:57Z,2024-03-15T03:24:57Z
UgynjTqNmYsawbqr35B4AaABAg,,False,@THEBEST_ADA,İ m lilies❤,0,2024-03-15T03:24:53Z,2024-03-15T03:24:53Z
UgzPWbR4gdI5OirnwKx4AaABAg,,False,@arkandutta8420,Vote For All Members 🖤🖤💓💓,0,2024-03-15T03:24:51Z,2024-03-15T03:24:51Z
Ugxese7NLBSGPtYxYvJ4AaABAg,,False,@Angela-lover.p-uy3zb,Black pink in your area,0,2024-03-15T03:24:23Z,2024-03-15T03:24:23Z
UgxtRVl1YC3eZnwrwTN4AaABAg,,False,@whois_bry,I LOVE,1,2024-03-15T03:23:43Z,2024-03-15T03:23:43Z
UgwZZuxwm0fFQiT6uk94AaABAg,,False,@RanuPradhan-q3l,Blackpink ( BORNPINK ) please stay always ❤❤❤❤🖤💖,0,2024-03-15T03:23:30Z,2024-03-15T03:23:30Z
Ugw-TXzvfWYe1a1Nr254AaABAg,,False,@arkandutta8420,Plz make Jennie You And Me M/V,0,2024-03-15T03:23:25Z,2024-03-15T03:23:25Z
Ugy2J64l26LpaaIZH1B4AaABAg,,False,@Tasfiaartworld,❤❤❤❤,0,2024-03-15T03:23:13Z,2024-03-15T03:23:13Z
UgwcyroeUnxU3b2eaxd4AaABAg,,False,@fla_0327,"tá, mas nós quer é conteúdo ot4 e comeback ot4.",0,2024-03-15T03:22:57Z,2024-03-15T03:22:57Z
UgyC42LmssxCOg57MGV4AaABAg,,False,@Beautyxbutterfly_.,Blackpink is everything ❤,0,2024-03-15T03:22:09Z,2024-03-15T03:22:09Z
Ugytfs2Heo-djNDlKKN4AaABAg,,False,@sanjaysuthar2375,Blackpink in your area,0,2024-03-15T03:22:02Z,2024-03-15T03:22:02Z
UgyxdeUDTEgzI3w_hgt4AaABAg,,False,@lauragamer7831,Jennieeeeeeeeeeeeeeeeeeeeeeeeeeeeeeeeeeeeeeeeeeeeeeeeeeeeeeeeeeeeeeeeeeeeeeeeeeeeeeeeeeeeeeeeeeeeeeeeeeeeeeeeeeeeeeeeeeeeeeeeeeeeeeeeeeeeeeeeeeeeeeeeeeeeeeeeeeeeeeeeeeeeeeeeeeeeeeeeeeeeeeeeeeeeeeeeeeeeeeeeeeeeeeeeeeeeeeeeeeeeeeeeeeeeeeeeeeeeeeeeeeeeeeeeeeeeeeeeeeeeeeeeeeeeeeeeeeeeeeeeeeeeeeeeeeeeeeeeeeeeeeeeeeeeeeeeeeeeeeeeeeeeeeeeeeeeeeeeeeeeeeeeeeeeeeeeeeeeeeeeeeeeeeeeeeeeeeeeeeeeeeeeeeeeeeeeeeeeeeeeeeeeeeeeeeeeeeeeeeeeeeeeeeeeeeeeeeeeeeeeeeeeeeeeeeeeeeeeeereeeeeeeeeeeeeeeeeeeeeeeeeeeeeeeeeeeeeeeeeeeeeeeeeeeeeeeeeeeeeeeeeeeeeeeeeeeeeeeeeeeeeeeeeeeeeeeeeeeeeeeeeeeeeeeeeeeeeeeeeeeeeeeeeeeeeeeeeeeeeeeeeeeeeeeeeeeeeeeeeeeeeeeeeeeeeeeee,0,2024-03-15T03:21:45Z,2024-03-15T03:21:45Z
UgwgKcxhJzousRHPJmh4AaABAg,,False,@faridseman9997,BLACKPINK FOREVER❤💖🖤,1,2024-03-15T03:21:01Z,2024-03-15T03:21:01Z
UgycwEG9fF_23DrjtDV4AaABAg,,False,@Ruhumkayıp-f1,Greetings from Azerbaijan🇦🇿🖤💗,0,2024-03-15T03:20:51Z,2024-03-15T03:20:51Z
Ugz4Ki3hA1DuikqFVIB4AaABAg,,False,@mereani,So many beautiful fabrics! For the last one maybe the Matchy Matchy perfect puff blouse with cute buttons down the front 😊,57,2024-03-15T03:20:25Z,2024-03-15T03:20:25Z
UgzubsxDAHX7w8wguM54AaABAg,,False,@BANGPINK_LOVER47,Blackpink is the revolution ❤❤❤,1,2024-03-15T03:20:14Z,2024-03-15T03:20:14Z
UgxBECndqLvlnUquIWh4AaABAg,,False,@meibel477,🌷🌷🌷🌷,1,2024-03-15T03:20:08Z,2024-03-15T03:20:08Z
UgxyouXZCNOrEhLvY-N4AaABAg,,False,@eterchaca1270,im so love blackpink 🥺💗,0,2024-03-15T03:19:57Z,2024-03-15T03:19:57Z
UgyUJquwKBOnRVnZQ9Z4AaABAg,,False,@AmaliaGalvez-u9v,BLACKPINK es lo mejor 😍❤,0,2024-03-15T03:19:19Z,2024-03-15T03:19:19Z
Ugw_wr1koJekmNVZDRJ4AaABAg,,False,@dreamsof-e2d,❤❤❤❤❤❤❤❤❤❤❤❤❤❤❤❤❤❤❤,0,2024-03-15T03:19:11Z,2024-03-15T03:19:11Z
UgzsTI8U3o1DLm58kTl4AaABAg,,False,@feridhuseynov3372,"I love you girls, you are amazing, please reply back😢😢🙏🙏🙏",1,2024-03-15T03:18:47Z,2024-03-15T03:18:47Z
Ugy_strSmaA1o-NlrRx4AaABAg,,False,@cazze.m,💗 BLACKPINK IS THE REVOLUTION WILL ALWAS BE LEGENDARY 💗,1,2024-03-15T03:17:30Z,2024-03-15T03:17:30Z
UgzSnrvmtKqE25JF9iB4AaABAg,,False,@mandu929,Я тоже скучаю 😢,0,2024-03-15T03:17:25Z,2024-03-15T03:17:25Z
UgxEFFb2Pfk-TplXgex4AaABAg,,False,@kalmaiteh-kw5rt,Black pink in your area❤❤,0,2024-03-15T03:15:26Z,2024-03-15T03:15:26Z
UgwDt3DTBgYL-ntVE0t4AaABAg,,False,@emma_urconcertmistress,"BLACKPINK IS THE REVOLUTION 
💗🖤💗🖤💗🖤💗🖤💗🖤💗
BLINKS FOREVER
🖤💗🖤💗🖤💗🖤💗🖤💗🖤",6,2024-03-15T03:15:15Z,2024-03-15T03:15:15Z
UgwDt3DTBgYL-ntVE0t4AaABAg.A0zkWexSoaUA1-tatX519Z,UgwDt3DTBgYL-ntVE0t4AaABAg,True,@TheHighLevel.,Fantastic 4️⃣,2,2024-03-15T13:53:51Z,2024-03-15T13:53:51Z
Ugz1ClhyDrnadC0Nj8l4AaABAg,,False,@Champagn7855,Whos gonna support blackpink forever?❤,0,2024-03-15T03:15:00Z,2024-03-15T03:15:00Z
Ugxn9OAjK4gu9McMz6d4AaABAg,,False,@Majumoots15,💕💕💕💕💕,0,2024-03-15T03:14:57Z,2024-03-15T03:14:57Z
UgwirKhAz2C1E3VILuB4AaABAg,,False,@blackphonk2,"우리 중 블랙핑크를 사랑하는 사람은 몇 명인가요❤

👇",1,2024-03-15T03:13:59Z,2024-03-15T03:13:59Z
UgxNraKhdTGN5gQ-2_p4AaABAg,,False,@marilynmamani4800,❤❤🔥🔥,0,2024-03-15T03:13:51Z,2024-03-15T03:13:51Z
Ugy3DEZHs7XGizoHtiN4AaABAg,,False,@BP........44444,bp 4ever💥💥💥💥💥💥💥💥💖💖💖💖💖💖💖💖,1,2024-03-15T03:13:34Z,2024-03-15T03:13:34Z
Ugyp7yHsm00sC49cqcN4AaABAg,,False,@Isa.shorts,WE NEED A COMEBACK!!,11,2024-03-15T03:13:31Z,2024-03-15T03:13:31Z
UgzBFHmltP-VmmNY7qR4AaABAg,,False,@Pretty_savage_47,BLACKPINK is revulation 🖤💗,1,2024-03-15T03:13:29Z,2024-03-15T03:13:29Z
UgzBFHmltP-VmmNY7qR4AaABAg.A0zkJlFFSIGA1-r4tyFtTx,UgzBFHmltP-VmmNY7qR4AaABAg,True,@TheHighLevel.,Fantastic 4️⃣,1,2024-03-15T13:31:52Z,2024-03-15T13:31:52Z
UgxTs0CiWkw8l5QfIOJ4AaABAg,,False,@Əlizadə_Zəhra.21,I LOVE YOU BLACKPİNK🖤💗.FROM AZERİBAİJAN🇦🇿,29,2024-03-15T03:13:24Z,2024-03-15T03:13:24Z
UgxTs0CiWkw8l5QfIOJ4AaABAg.A0zkJ3jnVeyA15hCaS2vza,UgxTs0CiWkw8l5QfIOJ4AaABAg,True,@nurayturker216,"Azerbaycan 💖💖
Türkiye 💖💖",1,2024-03-17T20:00:59Z,2024-03-17T20:00:59Z
UgxTs0CiWkw8l5QfIOJ4AaABAg.A0zkJ3jnVeyA17hIyTnHsu,UgxTs0CiWkw8l5QfIOJ4AaABAg,True,@Əlizadə_Zəhra.21,@@nurayturker216 🇦🇿❤🇹🇷,2,2024-03-18T14:40:20Z,2024-04-18T00:35:19Z
UgxTs0CiWkw8l5QfIOJ4AaABAg.A0zkJ3jnVeyA1FHYuPwqXf,UgxTs0CiWkw8l5QfIOJ4AaABAg,True,@Ruhumkayıp-f1,❤❤❤,1,2024-03-21T13:20:30Z,2024-03-21T13:20:30Z
UgzP2lXQNSgn_sIFAv94AaABAg,,False,@jsb140,Miss u guys💞✨❤‍🔥🔥💛,0,2024-03-15T03:13:13Z,2024-03-15T03:13:13Z
Ugyu2zYOfmHpkom47f54AaABAg,,False,@kawaiiimini,❤❤❤❤,0,2024-03-15T03:11:43Z,2024-03-15T03:11:43Z
UgxxZPoCnfOW3bnmw6B4AaABAg,,False,@jennierubyjane_blink,"I really miss blackpink, I hope you can get together like before again😢❤❤",0,2024-03-15T03:11:17Z,2024-03-15T03:11:17Z
Ugw7XDTh5H8aWNjbElF4AaABAg,,False,@PoromaDas-c7d,Black pink,1,2024-03-15T03:11:11Z,2024-03-15T03:11:11Z
UgzqQqRw7iAq102QRGJ4AaABAg,,False,@milu_things,BLACKPINK LAS AMAMOS MUCHO VUELVAN ❤❤❤,0,2024-03-15T03:09:57Z,2024-03-15T03:09:57Z
UgzEPoJhzOX7ljdUHat4AaABAg,,False,@BLINK_JJRL1234,"Estoy orgullosa de ser blink
Amo a BLΛƆKPIИK",0,2024-03-15T03:09:55Z,2024-03-15T03:09:55Z
UgzSvNDLh69ZHC2wl1N4AaABAg,,False,@MariaGabrielaOrtizOrtega,alguien de los blinks me explica que aun no entiendo,1,2024-03-15T03:09:00Z,2024-03-15T03:09:00Z
UgzSvNDLh69ZHC2wl1N4AaABAg.A0zjntrnfulA0zz6PBeSL5,UgzSvNDLh69ZHC2wl1N4AaABAg,True,@real.billingham,I expect it to return in 2024,2,2024-03-15T05:22:44Z,2024-03-15T05:22:44Z
UgzSvNDLh69ZHC2wl1N4AaABAg.A0zjntrnfulA1CZ1z4XPAz,UgzSvNDLh69ZHC2wl1N4AaABAg,True,@MariaGabrielaOrtizOrtega,@@real.billingham gracias,0,2024-03-20T11:55:34Z,2024-06-04T03:22:45Z
UgzUSy-NT6zQbWgWun94AaABAg,,False,@Shalini_Sharma-5p,Pin me blackpink please,1,2024-03-15T03:07:33Z,2024-03-15T03:07:33Z
UgxwC6ldmusRCKmE5j94AaABAg,,False,@4bpandblink,Quiero ❤,0,2024-03-15T03:07:29Z,2024-03-15T03:07:29Z
UgwHw_vVRUCJlKGaIMF4AaABAg,,False,@_Hyun.e_,Please come Türkiye Blackpink ı love you ❤❤❤❤❤💓💓💓💓💓💓💓💓💞💞💞💞💞💞💝💝💝💝💝💝💝💝💐💐💐💐💐💐,1,2024-03-15T03:07:12Z,2024-03-15T03:07:12Z
Ugwhk42WyitfiP-QTmp4AaABAg,,False,@WhitePink_entertainment2024,Love you blackpink,0,2024-03-15T03:05:52Z,2024-03-15T03:05:52Z
UgwvKS1wlXroUdI9aLN4AaABAg,,False,@Gracieeenoob,Cute panda and hi black pink nice to see your songs! 🐼🖤💕,0,2024-03-15T03:05:25Z,2024-03-15T03:06:36Z
UgyDOWK_xRVrg5rIo014AaABAg,,False,@tehemillytehe,BLACKPINK IS THE REVOLUTION 🖤🩷✨️,0,2024-03-15T03:05:08Z,2024-03-15T03:05:14Z
Ugx-00iC1xzaAfl89fh4AaABAg,,False,@rose_rosie70bp,I can't wait for part 3❤,1,2024-03-15T03:05:02Z,2024-03-15T03:05:02Z
Ugxffrtba8brRrcsqH54AaABAg,,False,@MitziPonce,❤❤❤,0,2024-03-15T03:04:51Z,2024-03-15T03:04:51Z
UgwXUgMThZ5lUkv2In94AaABAg,,False,@fideliauh4911,blackpink in your areah❤❤😊😊,0,2024-03-15T03:04:37Z,2024-03-15T03:04:37Z
UgxTH8mHHvDI3w-e8hV4AaABAg,,False,@nae.yodjin,BLACKPINK is the Revolution 🖤💗,72,2024-03-15T03:04:36Z,2024-03-15T03:04:36Z
UgxTH8mHHvDI3w-e8hV4AaABAg.A0zjIcZva3IA1-7xw3RLa-,UgxTH8mHHvDI3w-e8hV4AaABAg,True,@Whosmarys,Yess,1,2024-03-15T06:48:50Z,2024-03-15T06:48:50Z
UgxTH8mHHvDI3w-e8hV4AaABAg.A0zjIcZva3IA1-tHNXb5y6,UgxTH8mHHvDI3w-e8hV4AaABAg,True,@TheHighLevel.,Fantastic 4️⃣,1,2024-03-15T13:51:03Z,2024-03-15T13:51:03Z
UgxTH8mHHvDI3w-e8hV4AaABAg.A0zjIcZva3IA19zBACDFzT,UgxTH8mHHvDI3w-e8hV4AaABAg,True,@TugayTugay-xb9hj,Tejueeueeu  rjieejeu jejeeje 🖤💗,0,2024-03-19T11:55:02Z,2024-03-19T11:55:02Z
Ugzigt19Us07j2LX91l4AaABAg,,False,@rose_rosie70bp,I need comeback so bad  😫,0,2024-03-15T03:04:22Z,2024-03-15T03:04:22Z
UgybuP5Uw0r6UZ7IRRt4AaABAg,,False,@rose_rosie70bp,Who will support blackpink 👀 In 2024,0,2024-03-15T03:04:04Z,2024-03-15T03:04:04Z
UgyO9-5unvkVZ_ytn9p4AaABAg,,False,@Lewisa_333,I love you girls💜,0,2024-03-15T03:03:41Z,2024-03-15T03:03:41Z
Ugx-jY1ZgYb9rXLy9rB4AaABAg,,False,@Golden_fairy44,I love BLACK PINK 🖤💗,1,2024-03-15T03:02:30Z,2024-03-15T03:02:30Z
UgxR06Tm9Zl_OLMYWDB4AaABAg,,False,@izabelacarol,Comeback plisss 😭,0,2024-03-15T03:02:21Z,2024-03-15T03:02:21Z
Ugw_fOPDw7P8UWJt2d94AaABAg,,False,@DeEpJyOtI...,"Blackpink in your area 🖤💓
Who will support our girls forever
👇",1,2024-03-15T03:02:00Z,2024-03-15T03:02:00Z
Ugxf2SX4N_6MuuqNpyV4AaABAg,,False,@parkerkilloran7299,I'm glad ya'll are back and i hope ya'll try your best in your next album,0,2024-03-15T03:00:58Z,2024-03-15T03:00:58Z
Ugwacj0d1nafLLGPNcR4AaABAg,,False,@Wildberries_r,💓💓💓,0,2024-03-15T02:59:19Z,2024-03-15T02:59:19Z
Ugxlh6wToltfpjglQC94AaABAg,,False,@abii_xsgg,y el comeback cuando?,0,2024-03-15T02:58:08Z,2024-03-15T02:58:08Z
UgygNqeeCa-tNoXYvBV4AaABAg,,False,@rjsod29,это кб?,1,2024-03-15T02:58:03Z,2024-03-15T02:58:03Z
Ugy2RUsAPijLmtcePYl4AaABAg,,False,@only_girls4ever,JISOO MY QUEEN,1,2024-03-15T02:57:40Z,2024-03-15T02:57:40Z
Ugw5A4Duh7HhtoXHIfp4AaABAg,,False,@ratna-jh6xn,we want a comeback !!!,0,2024-03-15T02:57:02Z,2024-03-15T02:57:02Z
UgybySQRSIFCmCf9vgV4AaABAg,,False,@hwgwlw,❤❤❤,0,2024-03-15T02:56:25Z,2024-03-15T02:56:25Z
UgwPWrqMdcjjiBHH9id4AaABAg,,False,@blinkonceforreveluv9129,Ima buy,0,2024-03-15T02:56:13Z,2024-03-15T02:56:13Z
UgySwxWGeU6PMOff0gh4AaABAg,,False,@susmitaakter8478,Miss you blackpink ❤❤❤ Love you Lisa ❤Jisoo❤ Jennie ❤Rose ❤,0,2024-03-15T02:55:51Z,2024-03-15T02:55:51Z
UgyqR8eBvRGwZVmnbf94AaABAg,,False,@faizalakhdar2341,Blackpinck ❤❤❤,0,2024-03-15T02:55:12Z,2024-03-15T02:55:12Z
UgwWJ4ljOcpg7CltvdN4AaABAg,,False,@RIYA_MANOBAN,Love you BLACKPINK ❤❤❤❤,1,2024-03-15T02:55:04Z,2024-03-15T02:55:04Z
Ugw-GDj0-AqBC7hyfeB4AaABAg,,False,@marialuisamontanojaramillo1420,I LOVE BLACKPINK IS PERFECTS❤,0,2024-03-15T02:54:49Z,2024-03-15T02:54:49Z
UgyFn5fzmE3a-T3gLM14AaABAg,,False,@OdettesophieReynoso,Las amooo blackpink 💗🖤,0,2024-03-15T02:54:09Z,2024-03-15T02:54:09Z
UgxwWRTvFOB47Nvzyp54AaABAg,,False,@cherry_cherry_lady-666,Wow ❤so cute is this ❤❤...,1,2024-03-15T02:53:09Z,2024-03-15T02:53:09Z
Ugxwi85yQitKzPsKY2d4AaABAg,,False,@jheyeli1628,Something new?,1,2024-03-15T02:52:34Z,2024-03-15T02:52:34Z
UgxLIzVSUPooqk8hs6Z4AaABAg,,False,@LoveKpopik.,BLACKPINK you finally have a new video!),1,2024-03-15T02:51:40Z,2024-03-15T02:51:40Z
UgxzvC5YtGx7l3h93vd4AaABAg,,False,@Георгий-э6о,Продолжение мультика,0,2024-03-15T02:51:16Z,2024-03-15T02:51:16Z
UgyZxr_PPEwo01_O6IF4AaABAg,,False,@Rubyjenkpop61,❤,1,2024-03-15T02:51:04Z,2024-03-15T02:51:04Z
UgwotKg0W7LcSYeNDFx4AaABAg,,False,@andresc8420,GUYS WHEN IS THE COMEBACK ?,0,2024-03-15T02:50:11Z,2024-03-15T02:50:11Z
UgzaU20FvVSNISzaoFt4AaABAg,,False,@Bkkeren_starbk,😊LOVE YOU BLAIKPINK❤💛💚💙💜🤎🖤🤍🩷,0,2024-03-15T02:49:08Z,2024-03-15T02:49:08Z
UgwtxuKbI54ql0tRIJ94AaABAg,,False,@Jenkiki,"Honestly speaking. 
I'm tired of yg with this type of stupid collaboration. Why not give the girls a comeback.",1,2024-03-15T02:48:39Z,2024-03-15T02:48:39Z
UgwrwAKQdsYvOU4g0ix4AaABAg,,False,@karengonzales-rf8ti,I love you blackpink,0,2024-03-15T02:48:18Z,2024-03-15T02:48:18Z
UgxUvKf2ui89eMTqBiF4AaABAg,,False,@christianbarbas9833,WE NEED BLACKPINK COMEBACK!!!!,0,2024-03-15T02:47:25Z,2024-03-15T02:47:25Z
UgwouQjz-R8RUWPhpJ14AaABAg,,False,@Lilixsaa27,Selam ben bir türlü atamıyorum bana yardım eder misin şimdiden teşekkürler ❤️ Hedef 600,2,2024-03-15T02:47:09Z,2024-03-15T02:47:09Z
UgwwSI2mPn_ZZZkU4gF4AaABAg,,False,@N.kmr._.Kazuha,I love you blackpink forever 🖤💝 😊,0,2024-03-15T02:47:09Z,2024-03-15T02:47:09Z
Ugw4gmtfgAlZ_kjV6P94AaABAg,,False,@melissa_MLBB_7,"BLACKPINK IS MY LOVE ❤❤❤❤❤❤❤❤❤❤❤❤
BLINK 
⬇️",2,2024-03-15T02:47:00Z,2024-03-15T02:47:00Z
Ugwspb-wuEP9Tic1TeZ4AaABAg,,False,@monikagaur2766,So sweet ❤❤ I am a big blink my name is .......,1,2024-03-15T02:46:57Z,2024-03-15T02:46:57Z
UgyH3KKOBmuSSvOe3SF4AaABAg,,False,@Lilixsaa27,BLACKPİNK,1,2024-03-15T02:46:31Z,2024-03-15T02:46:31Z
UgwGI1ZcmxbfTSHlrex4AaABAg,,False,@Lilixsaa27,BLACKPİNK,1,2024-03-15T02:46:26Z,2024-03-15T02:46:26Z
Ugy22B3kKvbn9nr8slp4AaABAg,,False,@Lilixsaa27,BLACKPİNK,1,2024-03-15T02:46:22Z,2024-03-15T02:46:22Z
UgxGUn2fyWJRh2JC7vp4AaABAg,,False,@damnmonday,COMEBACK WHEN??,0,2024-03-15T02:45:17Z,2024-03-15T02:45:17Z
Ugz9l59WTaxY9J2rDSd4AaABAg,,False,@rli72,وش عودة ولا وشششش,0,2024-03-15T02:45:02Z,2024-03-15T02:45:02Z
Ugz9l59WTaxY9J2rDSd4AaABAg.A0zh3NLN8VxA0zyyZRvZM-,Ugz9l59WTaxY9J2rDSd4AaABAg,True,@real.billingham,يمكن تلميح رح يكون ب 2024 اتوقع بـ 25,0,2024-03-15T05:21:32Z,2024-03-15T05:21:32Z
Ugwsg7rXW83oMJaDViF4AaABAg,,False,@rekhashakya882,"I miss you very much 😢😢
My queens❤❤",1,2024-03-15T02:44:34Z,2024-03-15T02:44:34Z
UgzHCvDJpaERF_JlKWx4AaABAg,,False,@mildredumanzor6232,🩷BLACKPINK🖤✨IS THE REVOLUTION✨🐰🐻🐤🐿️,0,2024-03-15T02:44:32Z,2024-03-15T02:44:32Z
UgywEyHzcV73szwiEz14AaABAg,,False,@Jiminchannelvids,❤Yeji my star you dance so well,0,2024-03-15T02:44:25Z,2024-03-15T02:44:25Z
Ugx8CplBIfcIa_4-wp94AaABAg,,False,@GiovannaKely,Que fofoooo,0,2024-03-15T02:43:49Z,2024-03-15T02:43:49Z
UgyfRI1hSlVXQRQSAaB4AaABAg,,False,@Roma-gq8in,😘😍,1,2024-03-15T02:43:48Z,2024-03-15T02:43:48Z
Ugzh622If2tI-VnUr9F4AaABAg,,False,@Blinksss-m6g,We love blackpink ❤❤❤❤❤❤❤,0,2024-03-15T02:43:09Z,2024-03-15T02:43:09Z
UgxLVjIXUmFpluplwnV4AaABAg,,False,@eldopereira,"Ok, this is elegant",0,2024-03-15T02:42:53Z,2024-03-15T02:42:53Z
UgzvZhsJmcC-4ujdm2F4AaABAg,,False,@IyouBTS-x6f,Blink ❤love you both ❤,0,2024-03-15T02:42:43Z,2024-03-15T02:42:43Z
UgzJtlhGucFZ0l8FGR94AaABAg,,False,@Shady74016,I want a squishmallow with this cute thing face on it 😊,0,2024-03-15T02:42:27Z,2024-03-15T02:42:27Z
Ugy9wQQslff0XfNKvfp4AaABAg,,False,@BABY_PINK_25,Blackpink in your revolution 🖤💓,0,2024-03-15T02:41:58Z,2024-03-15T02:41:58Z
Ugy4UonJdhYBqNEdmj14AaABAg,,False,@Valen_14341,Blink por siempre Amo 🖤BLΛƆKPIИK💗,0,2024-03-15T02:40:42Z,2024-03-15T02:40:42Z
Ugzo40LJ2bVHdcKDC7J4AaABAg,,False,@Shreya_Karn,I'm waiting for Blackpink new song 😢,0,2024-03-15T02:40:28Z,2024-03-15T02:40:28Z
Ugwzeqe__IevO8Sa7w14AaABAg,,False,@Ahyoenk,Cadê o comeback caralho,0,2024-03-15T02:40:08Z,2024-03-15T02:40:08Z
Ugym0_HLYnsCa_nnBVx4AaABAg,,False,@nildagoisdejesus8965,"Blackpink girls Will you come to Brazil?
If yes, tell me when pleaseeeeeeee",0,2024-03-15T02:39:44Z,2024-03-15T02:39:44Z
UgzRSf3D0rFt8RLfW7p4AaABAg,,False,@Rosaesthetic324,BLACK PINK is a revolution 🖤💗,9,2024-03-15T02:39:30Z,2024-03-15T02:39:30Z
UgzRSf3D0rFt8RLfW7p4AaABAg.A0zgQoQ1xHdA1-qiekYEnX,UgzRSf3D0rFt8RLfW7p4AaABAg,True,@TheHighLevel.,4️⃣ Fantastic Four 4️⃣,1,2024-03-15T13:28:42Z,2024-03-15T13:28:42Z
UgzYeJrLmxlz8oGqc6B4AaABAg,,False,@Kitty_0612,Blackpink in you area❤️,0,2024-03-15T02:37:43Z,2024-03-15T02:37:43Z
UgxoX0CLBhhymupnMyR4AaABAg,,False,@nildagoisdejesus8965,"I love you blackpink you are perfect 

블랙핑크 너는 내 인생이야 

Eu sou do Brasil, vocês vão vir pra cá?",0,2024-03-15T02:37:24Z,2024-03-15T02:37:24Z
UgzkH7P1wNrmTE8YMeR4AaABAg,,False,@Jihyo_twiceblackpink,"BLACKPINK IS A REVOLUTION 🖤💗🖤💗,!!",0,2024-03-15T02:37:01Z,2024-03-15T02:37:01Z
UgxmSjYTcaXgsUedljl4AaABAg,,False,@Blackpink_worls,"Blackpink💕

Jisoo❤
Jennie❤
Lisa ❤
Rose❤",0,2024-03-15T02:36:37Z,2024-03-15T02:36:37Z
UgwmVmJkbLXU1KSZ4Fh4AaABAg,,False,@EvelynAndreaNavarretecarrera,I LOVEEE YOU BLACKPINK 💗🖤,1,2024-03-15T02:36:24Z,2024-03-15T02:36:24Z
UgwCgog_MbJ7kjMiqB94AaABAg,,False,@สมญไม่มี,Cuteeee❤,0,2024-03-15T02:36:19Z,2024-03-15T02:36:19Z
Ugznr-Z29KNmxsvDcsZ4AaABAg,,False,@niceqntaastuio-le6ou,아! 응? 으응~,1,2024-03-15T02:36:12Z,2024-03-15T02:36:44Z
UgxW6xtkpY3Gh8_3sKV4AaABAg,,False,@isabelleetienne5337,"They need to come back with new music, I miss them",1,2024-03-15T02:35:46Z,2024-03-15T02:35:46Z
UgzBJlInOGeGn59tOgx4AaABAg,,False,@iamlisxn.,Blackpink Queens,0,2024-03-15T02:34:51Z,2024-03-15T02:34:51Z
UgwgcrYZq79jYXyF0L54AaABAg,,False,@askhat1998,Comeback please❤,1,2024-03-15T02:33:31Z,2024-03-15T02:33:31Z
UgxcJ1-fUcsb1M4wrVl4AaABAg,,False,@Madison_torres_shorts,Are you guys gonna make a new song?,0,2024-03-15T02:33:07Z,2024-03-15T02:33:07Z
UgwjL4UBIji5Q2-ogn54AaABAg,,False,@Twicepink_lisa_sana,"BLACKPINK IN YOU AREA ❤️❤️❤️❤️
                                                 L  J   J  R",1,2024-03-15T02:31:54Z,2024-03-15T02:31:54Z
UgxYpyb5HcvBgodZYNx4AaABAg,,False,@daraxy3596,Music??????,0,2024-03-15T02:31:30Z,2024-03-15T02:31:30Z
UgxQ29IpqwbiaW1S9IZ4AaABAg,,False,@miraldanorbrius4789,I miss you so much blackpink😢,0,2024-03-15T02:31:21Z,2024-03-15T02:31:21Z
UgzE_IV1O9bxV5xewFN4AaABAg,,False,@jocelynperez8328,Blackpink in your area,1,2024-03-15T02:31:06Z,2024-03-15T02:31:26Z
UgxAbPxJTQ-VDQhYSQh4AaABAg,,False,@ErickCamacho-nx8un,comeback please.🙄,0,2024-03-15T02:30:51Z,2024-03-15T02:30:51Z
Ugxx57uchoaTV_Gd9kh4AaABAg,,False,@LaurensBubble,We miss you BLACKPINK! 🖤🩷🖤🩷,0,2024-03-15T02:29:44Z,2024-03-15T02:29:44Z
UgxnvI2KU7ifFBzZg9l4AaABAg,,False,@Hitman-r8t,❤❤❤❤❤❤❤,0,2024-03-15T02:29:01Z,2024-03-15T02:29:01Z
Ugyag6WsRNrWk--WNTh4AaABAg,,False,@spyxfamily-so3ev,Black pink ♾️,0,2024-03-15T02:28:13Z,2024-03-15T02:28:13Z
Ugz7GGptLwn02VqWUhh4AaABAg,,False,@Bangtan71322,Black pink🖤BLΛƆKPIИK💗,0,2024-03-15T02:27:45Z,2024-03-15T02:27:45Z
UgzHe-AWmqg-GFDbOh14AaABAg,,False,@kim_Palakk782,Who wait for their comeback 😅,2,2024-03-15T02:27:18Z,2024-03-15T02:27:18Z
UgzHe-AWmqg-GFDbOh14AaABAg.A0zf1UB00liA0zgk2wQFBB,UgzHe-AWmqg-GFDbOh14AaABAg,True,@BTSforever-g2o,Me 😢😢I love black pink,1,2024-03-15T02:42:16Z,2024-03-15T02:42:16Z
UgzoiQo0tUcDVrI2QYl4AaABAg,,False,@jenyuinie,"Blackpink will never disappoint us 🖤💓
BLACKPINK IS THE REVOLUTION ✨🔥",0,2024-03-15T02:27:14Z,2024-03-15T02:27:14Z
Ugz9tl6ldmBGxQJFf1F4AaABAg,,False,@seungmin_fresita_19,Extraño mucho a BlackPink porfavor saquen algo nuevo,0,2024-03-15T02:27:12Z,2024-03-15T02:27:12Z
Ugx0Yxzmd1rvKqiRYEN4AaABAg,,False,@DayanaTorres-kf3tf,Venga a Guatemala❤,0,2024-03-15T02:27:05Z,2024-03-15T02:27:05Z
UgzJKI7aqxLwZfLGh_94AaABAg,,False,@liveisgreat5608,Black pink,0,2024-03-15T02:26:57Z,2024-03-15T02:26:57Z
UgydfbBcw5emwEjCMrh4AaABAg,,False,@Art-uq4pc,BLACKPINK in your area,1,2024-03-15T02:24:52Z,2024-03-15T02:24:52Z
Ugx0bxldT9Htc2zdqSd4AaABAg,,False,@editzzzz_luv,OMg I LUV YOU BP SO HAPPY YOUR POSTING AGAIN,0,2024-03-15T02:24:08Z,2024-03-15T02:24:33Z
UgwogVQfhVRtyv5jQSJ4AaABAg,,False,@MalakAlmziad,❤❤❤❤❤❤❤❤❤❤😊,0,2024-03-15T02:24:05Z,2024-03-15T02:24:05Z
UgwXIz_F83zOSVbFLE94AaABAg,,False,@nikitajagyasi,Blackpink is the revolution ❤,0,2024-03-15T02:23:40Z,2024-03-15T02:23:40Z
UgyoImhYLuMiK_-49FJ4AaABAg,,False,@liliy.10-l,❤귀여운 ❤보고싶다 블랙핑크가 최고야 ❤당신 지역의 블랙핑크 ❤,21,2024-03-15T02:23:12Z,2024-03-15T02:23:42Z
Ugzs63j63PeIjP0ykXx4AaABAg,,False,@MalakElalamitalbi-uh7bv,❤❤❤,0,2024-03-15T02:22:19Z,2024-03-15T02:22:19Z
Ugz59bqj7cdCxXpQD914AaABAg,,False,@Merwrr,"No sé que es, pero lo quiero❤",0,2024-03-15T02:22:07Z,2024-03-15T02:22:07Z
UgyAGp0mav-9HKSQ3Cd4AaABAg,,False,@elizabethackerman8119,Y comeback pa cuando ? 😢,0,2024-03-15T02:20:57Z,2024-03-15T02:20:57Z
Ugw4s4hplQTp7Qa-GAF4AaABAg,,False,@maafbangyt,We need BLACKPINK comeback!!!,0,2024-03-15T02:20:49Z,2024-03-15T02:20:49Z
UgzlMZUHzAydTxF5kyJ4AaABAg,,False,@halamadridandkdrama,"I love blackpink
 I love blackpink
 I love blackpink 
I love blackpink 
I love blackpink
 I love blackpink 
I love blackpink 
I love blackpink 
I love blackpink
 I love blackpink 
I love blackpink 
I love blackpink 
I love blackpink 
I love blackpink 
I love blackpink
 I love blackpink
 I love blackpink 
I love blackpink
 I love blackpink
 I love blackpink
 I love blackpink 
I love blackpink
 I love blackpink 
I love blackpink 
I love blackpink 
I love blackpink
 I love blackpink 
I love blackpink
 I love blackpink
 I love blackpink 
I love blackpink 
I love blackpink
 I love blackpink
 I love blackpink
 I love blackpink
 I love blackpink
 I love blackpink 
I love blackpink
 I love blackpink
 I love blackpink
 I love blackpink 
I love blackpink
 I love blackpink 
I love blackpink
 I love blackpink
 I love blackpink 
I love blackpink 
I love blackpink
 I love blackpink 
I love blackpink
 I love blackpink 
I love blackpink
 I love blackpink
 I love blackpink
 I love blackpink 
I love blackpink 
I love blackpink 
I love blackpink 
I love blackpink
 I love blackpink
 I love blackpink
 I love blackpink
 I love blackpink
 I love blackpink
 I love blackpink 
I love blackpink
 I love blackpink 
I love blackpink
 I love blackpink
 I love blackpink 
I love blackpink 
I love blackpink
 I love blackpink
 I love blackpink 
I love blackpink 
I love blackpink
 I love blackpink 
I love blackpink
 I love blackpink 
I love blackpink
 I love blackpink
 I love blackpink 
I love blackpink
 I love blackpink 
I love blackpink 
I love blackpink
 I love blackpink
 I love blackpink 
I love blackpink
 I love blackpink 
I love blackpink 
I love blackpink 
I love blackpink 
I love blackpink
 I love blackpink 
I love blackpink
 I love blackpink
 I love blackpink 
I love blackpink
 I love blackpink
 I love blackpink 
I love blackpink 
I love blackpink
 I love blackpink 
I love blackpink 
I love blackpink 
I love blackpink
 I love blackpink
 I love blackpink 
I love blackpink
 I love blackpink 
I love blackpink
 I love blackpink 
I love blackpink 
I love blackpink 
I love blackpink 
I love blackpink 
I love blackpink
 I love blackpink
 I love blackpink 
I love blackpink
 I love blackpink
 I love blackpink 
I love blackpink
 I love blackpink
 I love blackpink
 I love blackpink 
I love blackpink
 I love blackpink 
I love blackpink 
I love blackpink
 I love blackpink 
I love blackpink
 I love blackpink 
I love blackpink 
I love blackpink
 I love blackpink
 I love blackpink
 I love blackpink 
I love blackpink 
I love blackpink 
I love blackpink
 I love blackpink 
I love blackpink
 I love blackpink
 I love blackpink
 I love blackpink
 I love blackpink 
I love blackpink
 I love blackpink
 I love blackpink 
I love blackpink
 I love blackpink 
I love blackpink",0,2024-03-15T02:20:47Z,2024-03-15T02:20:47Z
UgzbQuL9lExLylpIThh4AaABAg,,False,@Nikolay-pm5fk,aaaaaaaaaaaaa BLACKPlNK я вас очень сильно обожаю я вас люблю ❤️❤️❤️❤❤❤❤❤❤❤❤❤,0,2024-03-15T02:20:42Z,2024-03-15T02:20:42Z
UgwXMFE64Rr_Aq3V4Rx4AaABAg,,False,@captaincaptain2128,What is this?,1,2024-03-15T02:19:39Z,2024-03-15T02:19:39Z
Ugza2wsy8vFi0qXUnmV4AaABAg,,False,@silviafenty,👀👀👀,0,2024-03-15T02:18:35Z,2024-03-15T02:18:35Z
Ugx_KoGI-Uk-FeapoH14AaABAg,,False,@Black_life144,Blackpink jisoo unnie jennie unnie lisa unnie Rosie unnie please come back 😢,1,2024-03-15T02:17:04Z,2024-03-15T02:17:04Z
UgwTk7rkwZMrOecfkQt4AaABAg,,False,@الدبب,♡♡♡,0,2024-03-15T02:16:17Z,2024-03-15T02:16:17Z
Ugx-E2v1EnDmyRjVfHF4AaABAg,,False,@chicken,BLACKPINK forever! They are the revolution.,7,2024-03-15T02:15:45Z,2024-03-15T02:15:45Z
Ugx-E2v1EnDmyRjVfHF4AaABAg.A0zdhwyb99vA4Qc3ltfhDL,Ugx-E2v1EnDmyRjVfHF4AaABAg,True,@Neetu567,One like and no comments Let me fix this!,1,2024-06-08T12:34:19Z,2024-06-08T12:34:19Z
Ugx-E2v1EnDmyRjVfHF4AaABAg.A0zdhwyb99vA6RU_Gf80FA,Ugx-E2v1EnDmyRjVfHF4AaABAg,True,@Stay4Blackpink,@@Neetu567 I’ll help you,0,2024-07-28T13:42:08Z,2024-07-28T13:42:08Z
Ugx-E2v1EnDmyRjVfHF4AaABAg.A0zdhwyb99vA6RUbFS7wAg,Ugx-E2v1EnDmyRjVfHF4AaABAg,True,@Stay4Blackpink,@@chicken YOU KNOW THEY ARE💗💗,0,2024-07-28T13:42:25Z,2024-07-28T13:42:25Z
Ugx-E2v1EnDmyRjVfHF4AaABAg.A0zdhwyb99vAFfC7kbUqpk,Ugx-E2v1EnDmyRjVfHF4AaABAg,True,@BLINKIEGIRLX,@@chicken y,0,2025-03-14T23:32:07Z,2025-03-14T23:32:07Z
UgxqBp1hxIeoCuy34RN4AaABAg,,False,@misheelbaysgalan8768,Wow,0,2024-03-15T02:13:41Z,2024-03-15T02:13:41Z
UgwaAJmLFuWjeBGXeFF4AaABAg,,False,@Cinamoroll634,I love you ❤❤❤❤❤❤❤❤❤❤❤❤❤❤❤❤❤ blak pink,0,2024-03-15T02:13:36Z,2024-03-15T02:13:36Z
Ugz7V1I7BTesjUFw-CV4AaABAg,,False,@BrunoMartinezMusic,❤❤,0,2024-03-15T02:12:56Z,2024-03-15T02:12:56Z
UgxquqVLwDf06ycaCBt4AaABAg,,False,@Angel_rosie_232,"I love my celebrities jisoo , jennie,  lisa, . rosè 🖤💗💛💜",0,2024-03-15T02:12:54Z,2024-03-15T02:12:54Z
Ugw64QtIjrAUqE2NZD54AaABAg,,False,@slaFeride,Waw BLACKPİNK ❤❤,0,2024-03-15T02:12:08Z,2024-03-15T02:12:08Z
UgwKp5PnLokfs8DyxvN4AaABAg,,False,@adorglerr,"Love you 4 queens 👑💜
Proud of you guys ✨",11,2024-03-15T02:11:43Z,2024-03-15T02:11:43Z
UgwKp5PnLokfs8DyxvN4AaABAg.A0zdFIxwomJA1-qrtwQGfs,UgwKp5PnLokfs8DyxvN4AaABAg,True,@TheHighLevel.,4️⃣ Fantastic Four 4️⃣,1,2024-03-15T13:29:57Z,2024-03-15T13:29:57Z
UgzbdXcITM4hCAfJUYd4AaABAg,,False,@Angel_rosie_232,Blackpink is the revolution🖤💗🔥,0,2024-03-15T02:11:42Z,2024-03-15T02:11:42Z
UgxQiK8E_1AKBIw_arV4AaABAg,,False,@myììììsha,PLEASE JUST MAKE A COMEBACKKK,1,2024-03-15T02:10:56Z,2024-03-15T02:10:56Z
UgzZVnXffLB01MAtW614AaABAg,,False,@_ZATZUKI_,𝘣𝘭𝘢𝘤𝘬𝘱𝘪𝘯𝘬 𝘪𝘴 𝘵𝘩𝘦 𝘳𝘦𝘷𝘰𝘭𝘶𝘵𝘪𝘰𝘮🖤💗,0,2024-03-15T02:10:53Z,2024-03-15T02:10:53Z
UgxTc76c4GGGkjze_294AaABAg,,False,@halamadridandkdrama,"Blackpink is the revolution❤
 Blackpink is the revolution ❤
Blackpink is the revolution ❤
Blackpink is the revolution ❤
Blackpink is the revolution ❤
Blackpink is the revolution ❤
Blackpink is the revolution❤
 Blackpink is the revolution ❤
Blackpink is the revolution❤
 Blackpink is the revolution ❤",0,2024-03-15T02:10:13Z,2024-03-15T02:10:13Z
UgxWPC0x4cufx7ERMAd4AaABAg,,False,@Medinewq000,You realize it's very immersive?,0,2024-03-15T02:07:54Z,2024-03-15T02:07:54Z
UgxHtOy4NfHZclch0zl4AaABAg,,False,@sandyofficials,Comeback please❤,0,2024-03-15T02:07:21Z,2024-03-15T02:07:21Z
Ugyd1ZZvsm-4pNoM6eB4AaABAg,,False,@SofiaEscobedoFrias,❤❤❤❤❤❤❤❤,0,2024-03-15T02:07:03Z,2024-03-15T02:07:03Z
UgwGzcNDKzfxex5GCiJ4AaABAg,,False,@luislopezmillan3935,Por favor ya regresen 🥺,0,2024-03-15T02:06:41Z,2024-03-15T02:06:41Z
Ugwsj10l6iS6xdBhrCh4AaABAg,,False,@Starlight_queen4,Blackpink ❤❤❤,0,2024-03-15T02:06:36Z,2024-03-15T02:06:36Z
Ugy58oNvraDbEkcDMOx4AaABAg,,False,@shayrealvibes,I miss you guys,1,2024-03-15T02:05:50Z,2024-03-15T02:05:50Z
UgwgZPjbh4tgBsFMedF4AaABAg,,False,@phathumatsa7633,Awesome 💕💕💕💕,1,2024-03-15T02:05:49Z,2024-03-15T02:05:49Z
UgxNc8bh3kQTtjYF24F4AaABAg,,False,@L1ZARD_N,"No ex,no next.
For me,Lisa is the best!!",0,2024-03-15T02:05:48Z,2024-03-15T02:05:48Z
UgzeglXPolr7cQ6wQ5t4AaABAg,,False,@Only_blackpink_04_,I miss you blackpink 😭,0,2024-03-15T02:05:40Z,2024-03-15T02:05:40Z
UgwSRExNNJti2P1GUXx4AaABAg,,False,@Candy_668,BLACKPINK❤❤,0,2024-03-15T02:05:02Z,2024-03-15T02:05:02Z
UgwpyTeWA0V38P6Y7SB4AaABAg,,False,@DanielaEspinal-vx4jb,❤❤❤🎉,1,2024-03-15T02:04:43Z,2024-03-15T02:04:43Z
Ugy8g8Xyh3QSl5GnI3V4AaABAg,,False,@oncesuely,OMGGG,0,2024-03-15T02:04:21Z,2024-03-15T02:04:21Z
UgxPMNKrpt01Lc0Ce3p4AaABAg,,False,@Kaplan_nn,Sp cute ❤❤ türkiye,0,2024-03-15T02:03:45Z,2024-03-15T02:03:45Z
UgxTOedGaFULqiSbg9l4AaABAg,,False,@AskarKa,:),1,2024-03-15T02:02:52Z,2024-03-15T02:02:52Z
Ugx0PWt-bvnQFqh__KN4AaABAg,,False,@raisa.dakaeva,🤍💋,1,2024-03-15T02:02:33Z,2024-03-15T02:02:33Z
UgyvFWPNNI-Zsi3s2v54AaABAg,,False,@MZMZM21,يجنن,1,2024-03-15T02:02:16Z,2024-03-15T02:02:16Z
UgyvFWPNNI-Zsi3s2v54AaABAg.A0zcA8gubULA0zcwIaVDzv,UgyvFWPNNI-Zsi3s2v54AaABAg,True,@MZMZM21,@Jana_13m شلونن معجززهه اذا ماصار في عربب🌚💗,0,2024-03-15T02:08:59Z,2025-01-22T18:33:11Z
Ugw12U3WQNXv4AF-Kbh4AaABAg,,False,@Rosie_St4r,"BLACKPINK I MISS YOU A LOT😭😭
YOU ARE THE REVOLUTION❤",22,2024-03-15T02:01:59Z,2024-03-15T19:32:02Z
Ugw12U3WQNXv4AF-Kbh4AaABAg.A0zc804e6W8A1-qcMK3vhc,Ugw12U3WQNXv4AF-Kbh4AaABAg,True,@TheHighLevel.,4️⃣ Fantastic Four 4️⃣,2,2024-03-15T13:27:50Z,2024-03-15T13:27:50Z
Ugwg4PyzFcq2cVO7zLt4AaABAg,,False,@Ruby_luuv,BLACKPINK SAQUEN MÚSICAAA😭😭,1,2024-03-15T02:01:53Z,2024-03-15T02:01:53Z
Ugw-_w-DBMA7TurOhVR4AaABAg,,False,@Urfav_maci,"Proud blink here. 
Miss you guys so much! 
Please do more songs ur the whole reason I found out what K-pop was and now im addicted to u🖤🩷",230,2024-03-15T02:01:52Z,2024-03-15T02:01:52Z
Ugw-_w-DBMA7TurOhVR4AaABAg.A0zc7C6xOKeA12I74CJsNa,Ugw-_w-DBMA7TurOhVR4AaABAg,True,@cuenese9641,Yes pleasss❤,1,2024-03-16T12:15:19Z,2024-03-16T12:15:19Z
Ugw-_w-DBMA7TurOhVR4AaABAg.A0zc7C6xOKeA12ga4OY0zn,Ugw-_w-DBMA7TurOhVR4AaABAg,True,@syonaindugula9100,Yes the only reason I got introduced to kpop is because of you 4 queens! Miss you guys so much ❣️,2,2024-03-16T15:57:52Z,2024-03-16T15:57:52Z
UgxTtWLo8nlgRajhlsF4AaABAg,,False,@saladebellezayomaris1616,Comeback pls,0,2024-03-15T02:01:38Z,2024-03-15T02:01:38Z
UgxozDzHIusyaAf0kbh4AaABAg,,False,@Ji-ma-o6p,Blackpink ❤,0,2024-03-15T02:01:38Z,2024-03-15T02:01:38Z
UgwR3IQEX2ulqGvP4CR4AaABAg,,False,@rositalagos8421,❤I love you blackpink,1,2024-03-15T02:00:57Z,2024-03-15T02:00:57Z
UgzCmWEQtscmwTPk3W54AaABAg,,False,@Blink4ever546,The perfect loop doesn't exist-,1,2024-03-15T02:00:28Z,2024-03-15T02:00:28Z
UgwKdApUMmUEbYovSPt4AaABAg,,False,@SophiaSilva-c9n,"Black pink in your  área
 Black pink  is The  revolution",0,2024-03-15T02:00:11Z,2024-03-15T02:00:11Z
Ugw6hY4yc3kqiyKGfjd4AaABAg,,False,@Idontcareanymore640,They really want me to go broke 😂😂😂,0,2024-03-15T02:00:06Z,2024-03-15T02:00:06Z
UgxONqmNAXXlfS6jiip4AaABAg,,False,@NINIKBD,No puedo creerlo después de 3 meses aparecen mi chicas las amooo en serio fue una pena que se tuvieron que separar😢,0,2024-03-15T02:00:00Z,2024-03-15T02:00:00Z
UgyIZWykOqEjl0yKtyN4AaABAg,,False,@Blink_army-n1b,Blackpink in your area🖤🩷,1,2024-03-15T01:59:33Z,2024-03-15T01:59:33Z
UgyExa40-g-T1nFWPmx4AaABAg,,False,@Grace20504,Black pink in your area,0,2024-03-15T01:59:22Z,2024-03-15T01:59:22Z
UgwxUA0AvgaQVNnpU4h4AaABAg,,False,@Pink_punk_blinks,Black pink forever and for life,0,2024-03-15T01:58:24Z,2024-03-15T01:58:24Z
Ugw4vUet7auoO3OSekB4AaABAg,,False,@Dialovers_Official,OMG I LOVE BLACKPINK 🩷🖤,0,2024-03-15T01:58:09Z,2024-03-15T01:58:09Z
Ugx6oi0BYStwphMwnQh4AaABAg,,False,@AmitKumar-wc7mn,블랙핑크 보고싶다 💖🖤,0,2024-03-15T01:57:09Z,2024-03-15T01:57:09Z
UgwhogMI4OIhMLouaaZ4AaABAg,,False,@nl2na,جيت بدري يووه والفله,0,2024-03-15T01:54:23Z,2024-03-15T01:54:23Z
Ugzx1NG87B1nokCcDpt4AaABAg,,False,@ARTofNikki.,Love you BLACKPINK QUEENS forever and ever 🖤 💗 WE ALL MISS YOU SO MUCH.😅,1,2024-03-15T01:54:10Z,2024-03-15T01:54:10Z
UgyHz5QXvIxFNxhXINB4AaABAg,,False,@Savaga_akuma_blinku,"❤Blackpink👑 Forever🔥
Proud to be a Blink👑",1,2024-03-15T01:54:07Z,2024-03-15T01:54:07Z
UgwL5Q5Y2Zux-IwbmOh4AaABAg,,False,@siddkim1510,"Ommgggg slayyyyyy 
🖤🩷",0,2024-03-15T01:53:41Z,2024-03-15T01:53:41Z
UgyIolNZVk7o63xQLXp4AaABAg,,False,@confuzzledquokkaberry,Why is this so cute 😭,0,2024-03-15T01:53:37Z,2024-03-15T01:53:37Z
Ugy1jdWkY-kZ2OH4IjF4AaABAg,,False,@AliciaJoachin-l5c,BLACKPINK IN YOU AREA🖤💗,0,2024-03-15T01:53:24Z,2024-03-15T01:53:24Z
UgzVuSChWDRKbDWJ9N14AaABAg,,False,@ТтттТтт-р1в,BLACKPINK🖤BLΛƆKPIИK💗🖤BLΛƆKPIИK💗 in you area🖤💞,1,2024-03-15T01:52:49Z,2024-03-15T01:52:49Z
UgzJ9yzXmwJd1fw093Z4AaABAg,,False,@Shisū26,💕🖤,0,2024-03-15T01:52:40Z,2024-03-15T01:52:40Z
UgzopXRIKv6mnuK1TCx4AaABAg,,False,@삼천포불곰,❤❤❤❤,1,2024-03-15T01:51:44Z,2024-03-15T01:51:44Z
UgyboMDZllwzr59ADAF4AaABAg,,False,@vsamadao,I like Blackpink ❤❤❤❤,0,2024-03-15T01:51:20Z,2024-03-15T01:51:20Z
Ugx03yV8du0EYctEiNZ4AaABAg,,False,@Sincerly_Tan4,"CLAIM YOUR “FAN FOR 3+ YEARS” TICKET HERE

👇",1,2024-03-15T01:50:27Z,2024-03-15T01:50:41Z
UgyhkG31DWXyq_Gl1JJ4AaABAg,,False,@reggaetonluv,we want group music nothing whatever this is,1,2024-03-15T01:49:50Z,2024-03-15T01:49:50Z
UgwNk0LzAY5FM2YIpvt4AaABAg,,False,@morenapereyra3765,Blink 💕,1,2024-03-15T01:49:48Z,2024-03-16T13:05:47Z
UgzULcZ3zyde0_6PKf54AaABAg,,False,@PHARITAS_TOCA_KPOP,Blackpink Jennie solo hits 1Billion views pn Yt,0,2024-03-15T01:49:39Z,2024-03-15T01:49:39Z
UgxeYN-NQMxJXpQfvrp4AaABAg,,False,@MoniMoniapa,😮😮😊,0,2024-03-15T01:49:32Z,2024-03-15T01:49:32Z
UgyT9qzsZx5yJjPwDCF4AaABAg,,False,@YOULOVE907,BLACKPINK I LOVE YOU,1,2024-03-15T01:49:29Z,2024-03-15T01:49:29Z
UgwJcq7rlaL-pcLxjPB4AaABAg,,False,@naveenbhati3765,Blackpink ❤❤❤,0,2024-03-15T01:49:09Z,2024-03-15T01:49:09Z
UgyrPbURNEdhXqualeZ4AaABAg,,False,@Alondra102,"Here before it blows up
  👇",0,2024-03-15T01:49:04Z,2024-03-15T01:49:04Z
UgwQRa_GKOYzHAlLFHp4AaABAg,,False,@use_pd4ms9zp5u,I LOVE YOU BLACKPINK ❤❤❤❤❤❤❤❤❤❤❤❤❤❤❤❤❤❤❤❤❤,0,2024-03-15T01:48:52Z,2024-03-15T01:48:52Z
UgwVoSvJ12etjhMGdh54AaABAg,,False,@Andy_B4,Quiero pensar que es una señal de que Blackpink volverá pronto,0,2024-03-15T01:48:42Z,2024-03-15T01:48:42Z
UgwMeS74TkZv_IFyArp4AaABAg,,False,@Lalisa_LisaKpop,BLACKPINK❤,0,2024-03-15T01:48:01Z,2024-03-15T01:48:01Z
Ugy1Uel3YModzqx_C-V4AaABAg,,False,@juneberry8284,Nice 👍❤,0,2024-03-15T01:47:58Z,2024-03-15T01:47:58Z
Ugye7dCtMqI1sUKMrRR4AaABAg,,False,@Momo1238o,What is that someone tells me,1,2024-03-15T01:47:32Z,2024-03-15T01:47:32Z
UgwuVerpnT70jzfhdZx4AaABAg,,False,@YASH-fd1go,"WHO LOVE BLACK PINK 🩷 LIKE ME
👇✨",1,2024-03-15T01:47:28Z,2024-03-15T01:47:28Z
UgwyaiMl_O5oKwB09z54AaABAg,,False,@ANGIEE-b6z,OMG❤❤,0,2024-03-15T01:47:14Z,2024-03-15T01:47:14Z
UgwS2jsvgvy95VyykaR4AaABAg,,False,@YASH-fd1go,Blackpink is your areaaaa❤,1,2024-03-15T01:47:04Z,2024-03-15T01:47:04Z
UgyI8uMH4QMDtUDaJoR4AaABAg,,False,@BarbaraGarcia-i3b,I Love is supper cute,0,2024-03-15T01:46:42Z,2024-03-15T01:46:42Z
UgyV0rCFkMeLuHbh81V4AaABAg,,False,@واتبادية-م1م,❤ I LOVE YOU ❤️,0,2024-03-15T01:46:36Z,2024-03-15T01:46:36Z
UgyHolbshE7JtKSdECt4AaABAg,,False,@GabrielaOliveros-s8r,finally a new video!🎉 love you ❤,1,2024-03-15T01:46:10Z,2024-03-15T01:46:10Z
Ugwz0ow2FJAXC03Bqvp4AaABAg,,False,@껌꾸끼까,"블랙핑크야
블랙핑크야
보고싶다 
🐻🐇🐥🐿",0,2024-03-15T01:45:58Z,2024-03-15T01:45:58Z
UgysXw2S2pml1aq0uB94AaABAg,,False,@halamadridandkdrama,That's gonna be the best gift ever 💕✨️,2,2024-03-15T01:45:39Z,2024-03-15T01:45:39Z
UgwAOQf8I49_VTpt4yB4AaABAg,,False,@bypaprashanthi741,BLACK PINK THE BORN TO BE REVELOUTION❤❤❤❤❤❤🎉🎉🎉🎉🎉🎉,2,2024-03-15T01:45:33Z,2024-03-15T01:45:33Z
UgwqSxYvoPb8s45QTTF4AaABAg,,False,@143현J1N,"BLACKPINK IS THE REVOLUTION
BLACKPINK IS THE SOLUTION
TO ALL MY EQUATIONS
BLACKPINK IS THE DEFINITION
OF PERFECTION!
And BLINK 4EVER ♡",11,2024-03-15T01:44:32Z,2024-03-15T02:28:41Z
UgwqSxYvoPb8s45QTTF4AaABAg.A0za8G9Tvb9A0zf5adfMbZ,UgwqSxYvoPb8s45QTTF4AaABAg,True,@adorglerr,"Revolution*
(Not sounding mean 💗)",1,2024-03-15T02:27:52Z,2024-03-15T02:27:52Z
UgwqSxYvoPb8s45QTTF4AaABAg.A0za8G9Tvb9A1-qkjb-Y7w,UgwqSxYvoPb8s45QTTF4AaABAg,True,@TheHighLevel.,4️⃣ Fantastic Four 4️⃣,2,2024-03-15T13:28:59Z,2024-03-15T13:28:59Z
UgwqSxYvoPb8s45QTTF4AaABAg.A0za8G9Tvb9A1-vwr5uK0v,UgwqSxYvoPb8s45QTTF4AaABAg,True,@143현J1N,@@TheHighLevel.  The queens,1,2024-03-15T14:14:19Z,2024-04-18T02:03:28Z
Ugy8euzbc9_ZXDr5lXR4AaABAg,,False,@YOOOOO_iris,So Nice wow,0,2024-03-15T01:44:21Z,2024-03-15T01:44:21Z
UgwFfTwF5LF4kT1dCj94AaABAg,,False,@olvianemongi6861,Blackpink I miss u guys😘😘🖤💖🖤💖🖤💖🖤💖,1,2024-03-15T01:43:55Z,2024-03-15T01:43:55Z
UgyTss2E05zgfFJ3N0V4AaABAg,,False,@gennie866,❤❤❤,0,2024-03-15T01:43:43Z,2024-03-15T01:43:43Z
UgzSSX355gG_tmqq8tR4AaABAg,,False,@halamadridandkdrama,BLACKPINK IS THE REVOLUTION ❤️‍🔥,0,2024-03-15T01:43:31Z,2024-03-15T01:43:31Z
UgwRdAYtKbpeOvy37Vt4AaABAg,,False,@HADJI_777,Blackpink❤️‍🩹✨💋❤️❤️‍🔥,0,2024-03-15T01:43:25Z,2024-03-15T01:43:25Z
UgxD1uzz4QUIZi650ZV4AaABAg,,False,@armyblink2003ab,Hadi be sonunda❤ miss you miss you be BlackPinkim❤nerelerdeydiniz❤,0,2024-03-15T01:43:08Z,2024-03-15T01:43:08Z
UgzvxTnZWTOvcl2fa3h4AaABAg,,False,@Chssta_al,😮😮😮,0,2024-03-15T01:42:57Z,2024-03-15T01:42:57Z
UgyhoGESFraEEIaLrWZ4AaABAg,,False,@Choi_liz,BLACKPINK IN YOUR AREA,0,2024-03-15T01:42:44Z,2024-03-15T01:42:44Z
UgwxGtAlmfT23no1rVR4AaABAg,,False,@Jensooismyheart,BLACKPİNK İS THE REVOLATİON,0,2024-03-15T01:42:43Z,2024-03-15T01:42:43Z
Ugz554LCg0qz8xZGC5x4AaABAg,,False,@QuyenNguyen-fv1sj,❤❤❤❤❤😊😊😊😊😮😮😮😮,0,2024-03-15T01:42:13Z,2024-03-15T01:42:13Z
UgzxKxir6P2WYU9U9Xd4AaABAg,,False,@Aina0717,"Who missing blackpink
👇",1,2024-03-15T01:42:08Z,2024-03-15T01:42:08Z
UgyPaO_nO6okot10BV14AaABAg,,False,@AMNSEFAN-z9i,Blackpink!!!!,0,2024-03-15T01:41:51Z,2024-03-15T01:41:51Z
UgzZ2kHKTQ2PdNUN4594AaABAg,,False,@karekare1261,Omg I’m so so excited,0,2024-03-15T01:40:52Z,2024-03-15T01:40:52Z
UgxvnoSifOOjkCZQCBN4AaABAg,,False,@Papillonsotyyy,Omg yess BLACKPINK is the revolution 🤍🔥,1,2024-03-15T01:39:44Z,2024-03-15T01:39:44Z
Ugw3903MYueOacWy1pF4AaABAg,,False,@FranciRosie289,BLACKPINK IN YOUR AREA 😊❤ Hope to see you guys again!😊,2,2024-03-15T01:39:32Z,2024-03-15T01:39:32Z
UgwBvqSk9YYS6bRDdvx4AaABAg,,False,@Yanel-z2t,BLACKPINK!!!❤❤❤❤❤,0,2024-03-15T01:39:19Z,2024-03-15T01:39:19Z
Ugz07p6zx9KRXcxRNet4AaABAg,,False,@editbysuku_47,Black pink rosé lisa Jennie jisoo ❤,0,2024-03-15T01:39:07Z,2024-03-15T01:39:07Z
Ugxy1wyzau7ONYXIxt94AaABAg,,False,@xxslayz,BLACKPINK IS THE ❤️‍🔥 REVOLUTION❤️‍🔥,14,2024-03-15T01:38:37Z,2024-03-15T01:38:37Z
Ugxy1wyzau7ONYXIxt94AaABAg.A0z_SwLd_cuA1-r2ByrZVX,Ugxy1wyzau7ONYXIxt94AaABAg,True,@TheHighLevel.,Fantastic 4️⃣,1,2024-03-15T13:31:30Z,2024-03-15T13:31:30Z
Ugzo33x-aIaHlOSHFNB4AaABAg,,False,@bcwei0808,so cute❤❤❤❤,0,2024-03-15T01:38:36Z,2024-03-15T01:38:36Z
UgzBvji0oV0-qF1hG0F4AaABAg,,False,@Samyaaa_ji,Any BLACKPINK lover❤,0,2024-03-15T01:38:35Z,2024-03-15T01:38:35Z
Ugwf6rwsFiK-PrMsU5R4AaABAg,,False,@nam_soom,I already missed the blackpink videos ❤,1,2024-03-15T01:38:18Z,2024-03-15T01:38:18Z
UgwQgnwO9SzOkQpLcEp4AaABAg,,False,@Mateo..Naho3,BLACK PINK IN YOUR AREA 💗,0,2024-03-15T01:38:05Z,2024-03-15T01:38:05Z
UgxccvNFzkMtsQBIo0p4AaABAg,,False,@Channnnnn.2,wow I like it I hope you can upload songs ❤,1,2024-03-15T01:37:37Z,2024-03-15T01:37:37Z
UgwPYlmIa8-yvSfGl9d4AaABAg,,False,@24khjim,Queremos comeback,0,2024-03-15T01:37:34Z,2024-03-15T01:37:34Z
UgxUwTVVk7uVeEQJ6xV4AaABAg,,False,@Blink99.54,😻❤,1,2024-03-15T01:36:26Z,2024-03-15T01:36:26Z
UgxvaifnaEmepi-Jt_F4AaABAg,,False,@ifa0908,missing blackpink 😭💔,0,2024-03-15T01:36:01Z,2024-03-15T01:36:01Z
Ugwflaw97TRMnyLlfDV4AaABAg,,False,@StarlightCrafts,"Blinks, it is coming on March 25, 2024 so lets wait🎉🎉",1,2024-03-15T01:35:46Z,2024-03-15T01:35:46Z
Ugzyb-aBXtaSKX2I9Fx4AaABAg,,False,@Blackpink_rosita_jisoo_.jennie,💗💗,0,2024-03-15T01:35:21Z,2024-03-15T01:35:21Z
Ugwf7Xs8JUNW8sByfxF4AaABAg,,False,@Jennieiorgutezx,"Q saudades ! 🎀
Love Blackpink",0,2024-03-15T01:34:27Z,2024-03-15T01:34:27Z
UgyoajkXi5cx5ynnNiJ4AaABAg,,False,@evelynjeanethchavezmartine7699,😊blackpink,0,2024-03-15T01:34:11Z,2024-03-15T01:34:11Z
UgzdZnMoG68LY3mZxxV4AaABAg,,False,@kevinJoseDominguez-e1q,Yo música quiero 😢,0,2024-03-15T01:34:10Z,2024-03-15T01:34:10Z
UgwxQpvXH_CYDZmOgcB4AaABAg,,False,@KPOPLOVEッ,Las extraño 😢 estoy esperando sus canciones😢vuelvan haganlo para hacerme feliz😊,164,2024-03-15T01:33:58Z,2024-03-15T01:33:58Z
UgwxQpvXH_CYDZmOgcB4AaABAg.A0zZvqtfK2LA0ze-J2R9kO,UgwxQpvXH_CYDZmOgcB4AaABAg,True,@AdamarisMunguia-x1z,Si las esperaremos con los brazos abiertos 💗,6,2024-03-15T02:18:16Z,2024-03-15T02:18:16Z
UgwxQpvXH_CYDZmOgcB4AaABAg.A0zZvqtfK2LA0zomhpvSTQ,UgwxQpvXH_CYDZmOgcB4AaABAg,True,@AnaGloriaIslasHernandez-fv2om,Yo también estoy así .🖤🩷,6,2024-03-15T03:52:32Z,2024-03-15T03:52:32Z
UgwxQpvXH_CYDZmOgcB4AaABAg.A0zZvqtfK2LA1-3IN10TjC,UgwxQpvXH_CYDZmOgcB4AaABAg,True,@natalia_subliminada,yo amo a Blackpink 💞,3,2024-03-15T06:08:04Z,2024-03-15T06:08:04Z
UgzBq5Yy8bRhq_d_WFh4AaABAg,,False,@aairahkhurram223,"Last thing they posted was 9 days ago. 4 QUEENS👑👑👑👑
Waiting for a comeback😢💎",0,2024-03-15T01:33:46Z,2024-03-15T01:33:46Z
Ugz-t-rpVhi5a_aoQzd4AaABAg,,False,@chae-won12,I love blackpink ❤❤,0,2024-03-15T01:33:44Z,2024-03-15T01:33:44Z
UgwaLCskYFaksNcofEt4AaABAg,,False,@blackpink_buds,🖤💗♾️✨,0,2024-03-15T01:33:44Z,2024-03-15T01:33:44Z
UgzNhcnOXo6KAs7wqQ14AaABAg,,False,@DILLA_SND,❤❤❤❤❤❤,1,2024-03-15T01:33:39Z,2024-03-15T01:33:39Z
UgzKxwHUCJRDmOjGsGR4AaABAg,,False,@blink-world-sa,I waiting for Blackpink comeback 🎉,0,2024-03-15T01:33:05Z,2024-03-15T01:33:05Z
Ugxk17lUEIRtuaLrKHZ4AaABAg,,False,@Karol.chocoj06,Lovely,0,2024-03-15T01:33:03Z,2024-03-15T01:33:03Z
Ugwl91XgMA_cnazUfll4AaABAg,,False,@Tri-bg5vk,Las amooo,0,2024-03-15T01:32:44Z,2024-03-15T01:32:44Z
UgzcmqVWtkfMOxtHbXh4AaABAg,,False,@monztiedecorazon,I love you blackpink ❤❤❤❤❤❤🖤🩷 blink FOREVER,0,2024-03-15T01:32:21Z,2024-03-15T01:32:21Z
UgwyMMfqOosVsAuYnEl4AaABAg,,False,@peachy_lili,"oh my gosh, Murakami is LEGENDARY this is crazy high style retro stuf",50,2024-03-15T01:31:38Z,2024-03-15T01:31:38Z
UgwyMMfqOosVsAuYnEl4AaABAg.A0zZekJj5gOA1-8I52ecyc,UgwyMMfqOosVsAuYnEl4AaABAg,True,@Whosmarys,"hey, do you know where to buy it?💗",0,2024-03-15T06:51:43Z,2024-03-15T06:51:43Z
UgxaSjxslvUWkVVUTM94AaABAg,,False,@AErick-ou7,❤,1,2024-03-15T01:30:25Z,2024-03-15T01:30:25Z
UgxfWeeHFeFowVQNGXR4AaABAg,,False,@NezarAmer-el8ch,"Whoever will support Blackpink forever, please raise your hand✋✋✋",0,2024-03-15T01:30:25Z,2024-03-15T01:30:25Z
UgwUsUMSnsBVlbUXqhp4AaABAg,,False,@esprlife,Blackpink is back! ❤❤❤,0,2024-03-15T01:30:05Z,2024-03-15T01:30:05Z
Ugwl7b6qIDW2E_xrFmh4AaABAg,,False,@Swiftiesrandomeditzzz,BLACKPINK l love you,0,2024-03-15T01:29:55Z,2024-03-15T01:29:55Z
UgwOhEK69YhQwbbZ6Jl4AaABAg,,False,@SeymaChannel_Jisoowlq,Türkler! Bu yorumu beğensin 🇹🇷❤🇰🇷,4,2024-03-15T01:29:50Z,2024-03-15T01:29:50Z
UgwNjCm94gMtS6dXTL54AaABAg,,False,@Blinkinyourarea1965,I missed you guys so so so so so so so much we love you 💖💖,0,2024-03-15T01:29:46Z,2024-03-15T01:29:46Z
Ugw5DCfayBjS_wBmBqZ4AaABAg,,False,@rosetellbli,BLACK PINK IN YOUR AREA,0,2024-03-15T01:29:43Z,2024-03-15T01:29:43Z
Ugyjv9GdgfusyJM3Sbl4AaABAg,,False,@funforeveryone1392,Let's spam hearts for bp💓💓💓💓💓💓💓💗💗💗💗💗💗❤❤❤❤❤❤❤❤❤❤❤❤❤❤❤❤❤❤❤❤❤❤❤❤,1,2024-03-15T01:29:42Z,2024-03-15T01:29:42Z
Ugxr3BGnqDGe0jF4Z-B4AaABAg,,False,@priontigamer,Miss balckpink,0,2024-03-15T01:29:37Z,2024-03-15T01:29:37Z
UgyYZ_j6-69ZK7SqtJF4AaABAg,,False,@Luna_jenniesrealwife,BLACKPINK YAYAYAYAY,0,2024-03-15T01:29:19Z,2024-03-15T01:29:19Z
Ugw8BZpgUxOXNdxhhI54AaABAg,,False,@LEE_MINHO_EN,black pink❤❤,0,2024-03-15T01:29:10Z,2024-03-15T01:29:10Z
UgyK_0oDu6Q6LXk4oOF4AaABAg,,False,@Anshika-_-530,✨✨🖤BLΛƆKPIИK💗 is the revolution 💜🖤💗✨✨,1,2024-03-15T01:28:42Z,2024-03-15T01:29:19Z
Ugz8NZnXS-KZYS0NEEp4AaABAg,,False,@myheartisburn,I LOVEEEEE THIS,0,2024-03-15T01:28:07Z,2024-03-15T01:28:07Z
Ugz8xnzlAEbsCWO2Jv14AaABAg,,False,@miluuabi,De la nada aparecían 500 comentarios,0,2024-03-15T01:27:31Z,2024-03-15T01:27:31Z
UgyJ_jp7J3E0iEFmBcB4AaABAg,,False,@funforeveryone1392,Blackpink is the perfect definition of revolution💝👇,1,2024-03-15T01:27:23Z,2024-03-15T01:27:23Z
UgxKUxchKbjaIJx9ss94AaABAg,,False,@JoshuaLopez-v3d,Whatsapp blinks 🖤🩷🖤🩷🖤🩷🖤,0,2024-03-15T01:27:08Z,2024-03-15T01:27:08Z
UgxK5h0IOLp8XyWxaw94AaABAg,,False,@JoshuaLopez-v3d,Wow is so curious i loved,1,2024-03-15T01:26:43Z,2024-03-15T01:26:43Z
Ugw1-0XXsGGYJGNskA94AaABAg,,False,@PujiAstutik-d8i,"I LOVE BLACKPINK🖤💗 
KIYOWO❤",0,2024-03-15T01:26:37Z,2024-03-15T01:26:37Z
Ugxw5jrEx_Ql4tkA4Sl4AaABAg,,False,@RandyEntertainment,OMG Blackpink🎉🎉🎉🎉,2,2024-03-15T01:26:24Z,2024-03-15T01:26:24Z
UgwUh_sqmu31et3cooV4AaABAg,,False,@BriBlink,Raise your hand if you are going to love and support  Blackpink for all of 2024 🖐🏻,0,2024-03-15T01:25:51Z,2024-03-15T01:25:51Z
UgzsPFcDqpTw2D3jNm94AaABAg,,False,@Formerly_ANI,Yassssss 💗🖤,0,2024-03-15T01:25:18Z,2024-03-15T01:25:18Z
Ugxrlw2NoOhjKIKhkht4AaABAg,,False,@Vickyy_83739,Blackpink love you❤❤❤❤❤❤❤❤❤❤❤❤❤❤❤❤❤,0,2024-03-15T01:24:45Z,2024-03-15T01:24:45Z
UgyNJbmec0QCC7iRQqZ4AaABAg,,False,@laviniatorres4819,❤️💓🤗,0,2024-03-15T01:24:05Z,2024-03-15T01:24:05Z
UgytK7ZN7GhIPSs_pfd4AaABAg,,False,@Janesp.s,I love you BLACKPINK❤,1,2024-03-15T01:22:50Z,2024-03-15T01:22:50Z
UgxkBp7v8tkCCxqMQjh4AaABAg,,False,@BriBlink,BLACKPINK IS THE REVOLUTION,0,2024-03-15T01:22:42Z,2024-03-15T01:22:42Z
Ugy6ZTkgRxwKks9hoPR4AaABAg,,False,@Qwiksik172,Я жду возвращения Black Pink 💗,0,2024-03-15T01:22:42Z,2024-03-15T01:25:06Z
UgwRFcEWsXCzbf3S5X14AaABAg,,False,@ArieldavidGalarzayupa,Yo quiero musica no ropa,2,2024-03-15T01:22:39Z,2024-03-15T01:22:39Z
UgyllKkz-PGcaWH0OC54AaABAg,,False,@car7083,WHO WILL NEVER STOP SUPPORTING BLACKPINK 🩷🖤,1,2024-03-15T01:22:28Z,2024-03-15T01:22:28Z
UgyllKkz-PGcaWH0OC54AaABAg.A0zYb_01ZpbA0zhUPPNc9F,UgyllKkz-PGcaWH0OC54AaABAg,True,@N.kmr._.Kazuha,Me,0,2024-03-15T02:48:44Z,2024-03-15T02:48:44Z
UgxUae5NMHtA0IfoyLx4AaABAg,,False,@EmyxPusheen,BLAKPINK I LOVE YOU❤,1,2024-03-15T01:22:27Z,2024-03-15T01:22:27Z
UgzBHD_fpzuKjdi2Hi54AaABAg,,False,@Olivia_432,This is so cute! ❤😊,0,2024-03-15T01:22:23Z,2024-03-15T01:22:23Z
UgzdSgHc9ukVVivj-Pl4AaABAg,,False,@_Entertainment_world_5,Blackpink please please please comeback as a group please please please please please please please please please 🙏😇😭🙏 🙏🙏😭🙏🙏😭,1,2024-03-15T01:21:28Z,2024-03-15T01:21:28Z
UgzIo-LL-0FzNrRvxNN4AaABAg,,False,@jeffonlymy_,PENSEI Q ERA MUSICA 😭,0,2024-03-15T01:21:15Z,2024-03-15T01:21:15Z
Ugwd--cMKjQSCL4ZhW54AaABAg,,False,@Mini_Minnie_,Early?,1,2024-03-15T01:21:09Z,2024-03-15T01:21:09Z
UgyLJvT8v8DzTHQ5DAN4AaABAg,,False,@heladioavileshuerta9292,BLACKPINK IN YOU ÁREA 🖤💗🖤💗🖤💗,0,2024-03-15T01:21:03Z,2024-03-15T01:21:03Z
UgwdVQV9euWJ-SKI6px4AaABAg,,False,@diariesofvlogs,Aaaaa i love blackpink ❤❤❤❤ blackpink produts cute❤❤❤,0,2024-03-15T01:20:51Z,2024-03-15T01:20:51Z
UgwfLLvlchYN7t1c_2d4AaABAg,,False,@itzyfan-m1i,I love you so much black pink 🖤❤️🙏,0,2024-03-15T01:20:34Z,2024-03-15T01:20:34Z
UgxJkDyd_UGY6FQffjt4AaABAg,,False,@hayfatalbi2544,😊❤😊❤😊❤😊❤😊❤,0,2024-03-15T01:20:24Z,2024-03-15T01:20:24Z
UgzUl9vEGWVUmZFtQw54AaABAg,,False,@Camila.q-q,"I LOVE YOUUUUUU 
LISA MY BIASSSS 🥹",0,2024-03-15T01:20:19Z,2024-03-15T01:20:19Z
UgxP-Z3BuorjR9iArqZ4AaABAg,,False,@allysonnguyen2836,BLACKPINK FOREVER,0,2024-03-15T01:19:49Z,2024-03-15T01:19:49Z
UgxPMJeZURFiPCNHIcN4AaABAg,,False,@mohammadAlrasheedi-pc6el,BLACKPINK in you......🎉❤❤,0,2024-03-15T01:19:37Z,2024-03-15T01:19:37Z
UgwrxOYHNVtlw8VD1_R4AaABAg,,False,@My_melody_8,🖤BLACKPINK  QUEEN'S🩷,0,2024-03-15T01:19:35Z,2024-03-15T01:19:35Z
Ugzg8dgw5NKfy2k4GB94AaABAg,,False,@lore_cordoba,te extraño mucho blackpink,6,2024-03-15T01:18:38Z,2024-03-15T01:18:38Z
Ugzg8dgw5NKfy2k4GB94AaABAg.A0zYAWeWXFJA0zZrzG052t,Ugzg8dgw5NKfy2k4GB94AaABAg,True,@Karol.chocoj06,X2,0,2024-03-15T01:33:27Z,2024-03-15T01:33:27Z
UgzSJN4rArCjrUrrKlB4AaABAg,,False,@JenniekkjisoorosepLalalisa,Yay u finally posted❤❤❤❤,1,2024-03-15T01:18:36Z,2024-03-15T01:18:36Z
Ugx3xjy0cmnf8hSLAX54AaABAg,,False,@T.aripink,I miss posts on blackpink official channel 🥺❤️,0,2024-03-15T01:18:21Z,2024-03-15T01:18:21Z
UgyklBCVSoc0ahZJcy94AaABAg,,False,@KiM_SaRa_0.4,I love you Blackpink 🖤💗,1,2024-03-15T01:18:17Z,2024-03-15T01:18:17Z
UgwyNY5IxYkdUOAcpMl4AaABAg,,False,@Blink_once_stay,❤❤❤❤❤,0,2024-03-15T01:18:11Z,2024-03-15T01:18:11Z
Ugzk4IBar0ltO8fwaHV4AaABAg,,False,@Artist_Roblox_BLACKPINK,i love black pink,0,2024-03-15T01:17:56Z,2024-03-15T01:17:56Z
UgwRJ5-7Fe5hfNHfUDd4AaABAg,,False,@trishamae9784,BLACKPINK 🖤💗🖤💗🖤💗🌺,1,2024-03-15T01:17:16Z,2024-03-15T01:17:16Z
Ugy2PUnQKfDrzDqePO94AaABAg,,False,@jeshua3392,Temprano 🎉❤❤,0,2024-03-15T01:17:13Z,2024-03-15T01:17:13Z
Ugwjn7n9ZtiqwXwBmEJ4AaABAg,,False,@ماريون_ليسا,"Blackpink I miss you, the secret of my happiness ✨💜",205,2024-03-15T01:16:56Z,2024-03-15T01:16:56Z
Ugx4ij6E0nJu99CPJ6F4AaABAg,,False,@Tabes_by_nunuh,PLS A COMEBACK,0,2024-03-15T01:16:53Z,2024-03-15T01:16:53Z
UgwTE6Xrx1tuReh1Fat4AaABAg,,False,@lisablink7398,Las extraño❤,1,2024-03-15T01:16:40Z,2024-03-15T01:16:40Z
Ugx8zjCqxFj3YZmGtNl4AaABAg,,False,@naurah_6,The panda is so cute ❤❤❤❤🎉🎉🎉🎉,66,2024-03-15T01:16:30Z,2024-03-15T01:16:30Z
UgziDwdpdgn4ETbIKe94AaABAg,,False,@blinks459,Blackpink is the revolution,0,2024-03-15T01:16:18Z,2024-03-15T01:16:18Z
UgwGfZwsyqKEDNYu-Kd4AaABAg,,False,@Pretty_noraaaa,❤🎉We Love You BP🎉❤,0,2024-03-15T01:16:08Z,2024-03-15T01:16:08Z
UgzJ1HklD7FdgZ0xU-B4AaABAg,,False,@Veron.pop.,OMG ❤❤,0,2024-03-15T01:15:49Z,2024-03-15T01:15:49Z
UgzWp87hql9Ir7kuv6N4AaABAg,,False,@giselamariposarojas,BlackPink please colaboration whit twice,0,2024-03-15T01:15:45Z,2024-03-15T01:15:45Z
UgxrPNeI8FevLK1eHNJ4AaABAg,,False,@lailaaah5661,Can y'all stop milking the blackpink brand and give new music?,1,2024-03-15T01:15:25Z,2024-03-15T01:15:25Z
UgxME_9O_ejC1Z-0sM54AaABAg,,False,@blinks459,"Blink forever
    👇",0,2024-03-15T01:15:12Z,2024-03-15T01:15:38Z
UgxAm45pQj6VgEewikp4AaABAg,,False,@Black20blinksシ,I love you blackpink ❤❤❤❤❤,1,2024-03-15T01:15:10Z,2024-03-15T01:15:10Z
UgwT6iUb1HvJrlCMNjl4AaABAg,,False,@Not_ALoser,I actually really love this❤❤ I love black pink 🖤🩷,1,2024-03-15T01:14:52Z,2024-03-15T01:14:52Z
UgyDX1ChnARM18eUHcV4AaABAg,,False,@みおこ-p3h,😂,0,2024-03-15T01:14:46Z,2024-03-15T01:14:46Z
UgyDX1ChnARM18eUHcV4AaABAg.A0zXjAFYpFEA0zz8QR3gwI,UgyDX1ChnARM18eUHcV4AaABAg,True,@real.billingham,why!!!!!!,1,2024-03-15T05:23:01Z,2024-03-15T05:23:01Z
UgzBuho0IiMUSxo10ep4AaABAg,,False,@beremagallanes,I love you blackpink,0,2024-03-15T01:14:34Z,2024-03-15T01:14:34Z
UgyufrOcSD4E58p9z5F4AaABAg,,False,@MUHAMMADIRFAN-ej5wc,Pin me please because I your biggest fan in the world,2,2024-03-15T01:14:24Z,2024-03-15T01:14:24Z
UgxJhVXtWvUx0Cg0fA14AaABAg,,False,@chae_chocolate,"Blackpink
ᰔᩚᰔᩚroseᰔᩚᰔᩚ
❤❤Jisoo❤❤
✿lisa✿
❂Jennie ❂
🖤🩷Blackpink 🖤🩷
I love youu❤",0,2024-03-15T01:14:10Z,2024-03-15T01:14:10Z
UgyKoE5HWC1POQ9XtIt4AaABAg,,False,@babyshaw299,Black pink new light stick 😊😊😊😊❤❤❤❤❤,1,2024-03-15T01:14:07Z,2024-03-24T07:15:23Z
Ugy7n6uDp5ZlvOzf8gt4AaABAg,,False,@Sparkz.13,I will love to see the collaboration!❤,83,2024-03-15T01:13:56Z,2024-03-15T01:14:03Z
Ugz4mHaLL6nJ7lcRl5R4AaABAg,,False,@fabiolaperales4461,💞🖤,0,2024-03-15T01:13:41Z,2024-03-15T01:13:41Z
Ugz3-ddu8RwXfGh5-Ol4AaABAg,,False,@Cerrymix,"Hello, black, Pink, I am özlem Türk, I am 12 years old, I have been a fan for 7 years, 1 time watches, I am writing this article from here with a hug of love. ❤",1,2024-03-15T01:13:35Z,2024-03-15T01:13:35Z
UgxnfYPOiyj-j7w-wp14AaABAg,,False,@Manubarbieblox,❤❤❤❤❤❤❤❤❤❤❤,0,2024-03-15T01:13:31Z,2024-03-15T01:13:31Z
UgzQUSwJ710CRL1ugjx4AaABAg,,False,@mariadosocorrosilvasaboia1293,BLACKPINK 💗🖤💗🖤💗🖤💗🖤💗🖤💗🖤💗🖤💗🖤💗,0,2024-03-15T01:13:27Z,2024-03-15T01:13:27Z
UgzufM9Zf77NqHNHQLF4AaABAg,,False,@mialacuadra7942,Blackpink las amoo,0,2024-03-15T01:13:26Z,2024-03-15T01:13:26Z
UgyfkQ-YWpHEqf2WYoV4AaABAg,,False,@mialacuadra7942,Tempranooo,0,2024-03-15T01:13:15Z,2024-03-15T01:13:15Z
UgzjU4_Cwp6QbbICesl4AaABAg,,False,@Rishi.Rishika18,"✨BLACKPINK IS THE REVOLUTION ✨
PROUD TO BE A BLINK!!✨✨
BLINK FOREVER!! ♾️✨",1451,2024-03-15T01:13:11Z,2024-03-17T07:58:11Z
UgzjU4_Cwp6QbbICesl4AaABAg.A0zXYdksiodA0znzu3a7dc,UgzjU4_Cwp6QbbICesl4AaABAg,True,@himaririku9254,STRAY KIDS ARE THE KING LEGENDARY OF KPOP,8,2024-03-15T03:45:36Z,2024-03-15T03:45:36Z
UgzjU4_Cwp6QbbICesl4AaABAg.A0zXYdksiodA0zoHX6hgLr,UgzjU4_Cwp6QbbICesl4AaABAg,True,@nephywinslormestoire102,@@himaririku9254ok I love stray kids too But why do I see you writing the same comment in several kpop videos? Why?,27,2024-03-15T03:48:08Z,2024-04-18T00:42:21Z
UgzjU4_Cwp6QbbICesl4AaABAg.A0zXYdksiodA0zoNar7HOg,UgzjU4_Cwp6QbbICesl4AaABAg,True,@nephywinslormestoire102,Yes I’m a Blink Forever 🖤💗,16,2024-03-15T03:48:58Z,2024-03-15T03:48:58Z
UgzjU4_Cwp6QbbICesl4AaABAg.A0zXYdksiodA0zqhDT5xRU,UgzjU4_Cwp6QbbICesl4AaABAg,True,@THENILESH69,BLACK PINK AND ME❤,4,2024-03-15T04:09:15Z,2024-03-15T04:09:15Z
UgzjU4_Cwp6QbbICesl4AaABAg.A0zXYdksiodA0zqld1esZ9,UgzjU4_Cwp6QbbICesl4AaABAg,True,@THENILESH69,BLACK PINK AND ME❤,3,2024-03-15T04:09:51Z,2024-03-15T04:09:51Z
UgxzbDLwY4mvR7lUo0h4AaABAg,,False,@coni6472,Las amo😭✨,7,2024-03-15T01:13:07Z,2024-03-15T01:13:07Z
UgxzbDLwY4mvR7lUo0h4AaABAg.A0zXY57R-J0A0zZqUZE8_S,UgxzbDLwY4mvR7lUo0h4AaABAg,True,@Karol.chocoj06,X2,2,2024-03-15T01:33:14Z,2024-03-15T01:33:14Z
UgwcPfXEc-NZGPxCo2F4AaABAg,,False,@Cxnty0ne,"People who will support BLACKPINK

👇🏾",0,2024-03-15T01:13:00Z,2024-03-15T01:13:00Z
Ugz32I1N523CfukvDcF4AaABAg,,False,@Vicky_BTS,🖤 blackpink🩷,0,2024-03-15T01:12:28Z,2024-03-15T01:12:28Z
UgyZRjO7mMzyeDfrFMJ4AaABAg,,False,@bp_mylife,"blackpink four ever, stream!!! ❤",0,2024-03-15T01:12:27Z,2024-03-15T01:12:27Z
Ugw-nGXHLZezb1UGf4R4AaABAg,,False,@Isbllaa30,😻😻😻 Blackpink I love U,0,2024-03-15T01:12:26Z,2024-03-15T01:12:26Z
UgyR_nZDeGlXCknzcUZ4AaABAg,,False,@Mahmud_02-u1f,I LOVE YOU BLACKPINK ❤❤❤❤❤❤❤,1,2024-03-15T01:11:47Z,2024-03-15T01:11:47Z
Ugx2aS9S5fs3VPPjUol4AaABAg,,False,@AbelRodriguezBenavides-g8l,Amo a bp ❤❤,0,2024-03-15T01:11:42Z,2024-03-15T01:11:42Z
Ugye37axCGB4ouC75UR4AaABAg,,False,@_Taco67,6 MIN AAAA,0,2024-03-15T01:11:38Z,2024-03-15T01:11:38Z
UgxGWXN-xUgsFwHIhc94AaABAg,,False,@rayhana2239,LOVÉ BLACKPINK 😭💋💋💋💋💋,2,2024-03-15T01:11:35Z,2024-03-15T01:11:35Z
UgzxTEEUdJ0AViuWJZB4AaABAg,,False,@Jisooyaslayz18,Omg 5 minutes ago!!!,0,2024-03-15T01:11:32Z,2024-03-15T01:11:32Z
UgyiPqx4VkMauWoaAE14AaABAg,,False,@wdnxsz,quero comeback queridos,1,2024-03-15T01:11:28Z,2024-03-15T01:11:28Z
UgyF_3il5sPz9I7D2h54AaABAg,,False,@Quokka_valuu,BLACKPINK IN YOUR AREA 💗🖤😍😍,0,2024-03-15T01:10:53Z,2024-03-15T01:10:53Z
Ugx_79wT2fxLJV3sv9B4AaABAg,,False,@MayaJat-n5b,"Love you soooooo much BLACK PINK ❤😊 
Black pink forever forever 💜🥰💜💖",0,2024-03-15T01:10:45Z,2024-03-15T01:10:45Z
Ugxdud8RyX2ZCzeanZ54AaABAg,,False,@minagabriel356,Que bonito❤❤❤❤❤,0,2024-03-15T01:10:38Z,2024-03-15T01:10:38Z
UgxuVJB6XEwvP3GGJBJ4AaABAg,,False,@Stay_4ever_andever,Omg I love it<3❤️,1,2024-03-15T01:10:32Z,2024-03-15T01:10:32Z
UgwGHjuMO0HSMQcrRFd4AaABAg,,False,@DDLC_sayori,<3,0,2024-03-15T01:10:20Z,2024-03-15T01:10:20Z
UgwP5AiQeK_0RTV4Q4p4AaABAg,,False,@blink0t414,comeback ot4 when?,0,2024-03-15T01:09:51Z,2024-03-15T01:09:51Z
UgyFR1yRSNcwg4FOCfV4AaABAg,,False,@studyvlogswithlethy,Earlyyyyy,1,2024-03-15T01:09:50Z,2024-03-15T01:09:50Z
UgxOV_iFsDb-FHqw92N4AaABAg,,False,@J_M_park,Blackpink in your area ❤,1,2024-03-15T01:09:36Z,2024-03-15T01:09:36Z
Ugy3aRReK7ndou7OxRd4AaABAg,,False,@GODDESS.N.MASTER.MANIFESTATION,omg i cant blackpink my love n life love from PAKISTAN N AUSTRALIA🖤🖤🖤🖤🖤,0,2024-03-15T01:09:22Z,2024-03-15T01:09:22Z
UgzB_Ly4v2hB0RyJsEx4AaABAg,,False,@strawberry-vcc,Blackpink❤,1,2024-03-15T01:09:22Z,2024-03-15T01:09:22Z
UgwOVh8fNg_JcBissdB4AaABAg,,False,@JoacoMendozamora,BLACKPINK LLEGAA,0,2024-03-15T01:08:54Z,2024-03-15T01:08:54Z
UgxiMRMJ0DoJQUlmM294AaABAg,,False,@yong.lixevie,Blink forever.,1,2024-03-15T01:08:53Z,2024-03-15T01:08:53Z
Ugzp3IIIS7ZGK9l9F3R4AaABAg,,False,@Music-vr7sz,What is this?  😮,1,2024-03-15T01:08:51Z,2024-03-15T01:08:51Z
Ugw_ahL7sVW_xrZXiYR4AaABAg,,False,@Helpsxchannelhuman,I love You blackpink ❤,1,2024-03-15T01:08:45Z,2024-03-15T01:08:45Z
UgxpPpiPOuDj3f9I0R14AaABAg,,False,@AVRIL.415,I love blackpink Queen ❤❤,1,2024-03-15T01:08:44Z,2024-03-15T01:08:44Z
UgxH3zkao4JIvrsB8IN4AaABAg,,False,@AADarkUnicorn0,I LOVE YOU BLACKPINK🖤🩷,1,2024-03-15T01:08:38Z,2024-03-15T01:43:44Z
UgxKdhzCjw6tfrCFyg94AaABAg,,False,@HeriMontes-bs4ev,❤❤🇲🇽🇲🇽💜,1,2024-03-15T01:08:32Z,2024-03-15T01:08:32Z
UgweY31duF4Rqa4gJGR4AaABAg,,False,@Nikiistired88,Amazing,1,2024-03-15T01:08:22Z,2024-03-15T01:08:22Z
Ugz4XixifmOBLpnWMXd4AaABAg,,False,@praiselin00,❤,1,2024-03-15T01:08:22Z,2024-03-15T01:08:22Z
UgyHY4vW6Msk-ZKyXWx4AaABAg,,False,@sitaangbm7537,❤,0,2024-03-15T01:08:20Z,2024-03-15T01:08:20Z
UgygHxMVRFeNJE38YuB4AaABAg,,False,@Jasmine20078,BLACKPINK is a revolution,0,2024-03-15T01:08:14Z,2024-03-15T01:08:14Z
Ugx7k2-Qf2we-w4YgBt4AaABAg,,False,@Jeongins_watermelon,OMG BLACKPINK POSTED AFTER SO LONGGG ❤❤❤ LOVE U GUYS 4 QUEENS FR,2,2024-03-15T01:08:13Z,2024-03-15T01:08:13Z
UgzuoQNR6A-KgBIBYvR4AaABAg,,False,@mariajosenolascovilchis1229,Hola blackpink son mis ídolos,4,2024-03-15T01:08:10Z,2024-03-15T01:08:10Z
UgzuoQNR6A-KgBIBYvR4AaABAg.A0zWyss54GCA0zXM8m0b9-,UgzuoQNR6A-KgBIBYvR4AaABAg,True,@Choco_Lisa,Alguien en español sii,0,2024-03-15T01:11:29Z,2024-03-15T01:11:29Z
UgzuoQNR6A-KgBIBYvR4AaABAg.A0zWyss54GCA1-tYyoAH__,UgzuoQNR6A-KgBIBYvR4AaABAg,True,@TheHighLevel.,Fantastic 4️⃣,1,2024-03-15T13:53:27Z,2024-03-15T13:53:27Z
Ugy3azTehmGx3uQ9Gvh4AaABAg,,False,@Hjskshlaigs,واخيراً بعد سنه كامله ( هذي عوده ولا ),0,2024-03-15T01:08:08Z,2024-03-15T01:08:08Z
UgynBzfRFbJw7I9NXWR4AaABAg,,False,@ok_KAKii,신곡 언제 나와,0,2024-03-15T01:07:55Z,2024-03-15T01:07:55Z
Ugzz0C1liJmeZ7-I0lN4AaABAg,,False,@سارة-ط8ع,I Love you  BLACK PlNK 🖤💖🖤💖🖤💖🖤💖🖤💖🖤💖,0,2024-03-15T01:07:44Z,2024-03-15T01:07:44Z
UgxN2-J5TxK44O_DTNN4AaABAg,,False,@lmstay609,🖤💗,0,2024-03-15T01:07:44Z,2024-03-15T01:07:44Z
UgwbAw_77R2vEJNHrf14AaABAg,,False,@katteyes110,I Love black pink LOOOOVEEEEEEE,0,2024-03-15T01:07:41Z,2024-03-15T01:07:41Z
UgyIuBZu7VpNu1o3INp4AaABAg,,False,@Hjskshlaigs,واخيراً بعد سنه كامله ( هذي عوده ولا ),0,2024-03-15T01:07:33Z,2024-03-15T01:07:33Z
UgzhpW33hTR4nPyGbtV4AaABAg,,False,@Jasmine20078,I love you blackpink,1,2024-03-15T01:07:24Z,2024-03-15T01:07:24Z
Ugxkejsc4JwGAI-XqgZ4AaABAg,,False,@MayteAyaviriAri,❤,0,2024-03-15T01:07:23Z,2024-03-15T01:07:23Z
Ugw-WVdxllhVgAaydsF4AaABAg,,False,@Syne-xs3yb,Early❤ 블랙핑크가 그리워!!,2,2024-03-15T01:07:20Z,2024-03-15T01:07:20Z
Ugx_n1PPxsglbIOJ9vt4AaABAg,,False,@Jasmine20078,arrive early,0,2024-03-15T01:07:08Z,2024-03-15T01:07:08Z
UgxX0sh06H3nfg0rNl54AaABAg,,False,@letsevilized,Who will support BLΛƆKPIИK forever?🖤💖,114,2024-03-15T01:07:07Z,2024-03-15T01:07:50Z
UgxX0sh06H3nfg0rNl54AaABAg.A0zWrEd6qM4A0zae6gpOFX,UgxX0sh06H3nfg0rNl54AaABAg,True,@Andy_B4,Yo,1,2024-03-15T01:49:01Z,2024-03-15T01:49:01Z
UgxX0sh06H3nfg0rNl54AaABAg.A0zWrEd6qM4A0zhUNl7AN7,UgxX0sh06H3nfg0rNl54AaABAg,True,@christianushaben205,"pls reply ""blackpint "" in that font with # cuz i want to copy it 😅.. pls pls 💖💖💖",2,2024-03-15T02:48:43Z,2024-03-15T02:48:43Z
UgxX0sh06H3nfg0rNl54AaABAg.A0zWrEd6qM4A0zyWwT2a2n,UgxX0sh06H3nfg0rNl54AaABAg,True,@anoopasachan5834,Me,1,2024-03-15T05:17:37Z,2024-03-15T05:17:37Z
UgxX0sh06H3nfg0rNl54AaABAg.A0zWrEd6qM4A1-qlz8rcdF,UgxX0sh06H3nfg0rNl54AaABAg,True,@TheHighLevel.,4️⃣ Fantastic Four 4️⃣,1,2024-03-15T13:29:09Z,2024-03-15T13:29:09Z
UgxX0sh06H3nfg0rNl54AaABAg.A0zWrEd6qM4A6C1ykbLYXn,UgxX0sh06H3nfg0rNl54AaABAg,True,@ErikaPytlounova,B L /\ ⊃ K P I |/\ K ♡,1,2024-07-22T13:43:36Z,2024-07-22T13:43:36Z
Ugy0Qc2CqQWqS26Pk5J4AaABAg,,False,@Winflwrs.ৎ,𝔹𝕝𝕒𝕔𝕜𝕡𝕚𝕟𝕜 𝕚 𝕝𝕠𝕧𝕖 𝕪𝕠𝕦 ❤🎉,2,2024-03-15T01:06:58Z,2024-03-15T01:06:58Z
UgyxSyBWGSI5dSau39t4AaABAg,,False,@WeareÇbn,BLACKPINK is a revolution,715,2024-03-15T01:06:50Z,2024-03-15T01:06:50Z
UgyxSyBWGSI5dSau39t4AaABAg.A0zWp8-BqvdA0zcxsj9HcS,UgyxSyBWGSI5dSau39t4AaABAg,True,@dakoo183,*the,13,2024-03-15T02:09:12Z,2024-03-15T02:09:12Z
UgyxSyBWGSI5dSau39t4AaABAg.A0zWp8-BqvdA0ze3UBndF7,UgyxSyBWGSI5dSau39t4AaABAg,True,@maluvergirl7502,I love u blackpink,6,2024-03-15T02:18:50Z,2024-03-15T02:18:50Z
UgyxSyBWGSI5dSau39t4AaABAg.A0zWp8-BqvdA0ze97-LuJJ,UgyxSyBWGSI5dSau39t4AaABAg,True,@maluvergirl7502,You jennie are my favorite person of blackpink,6,2024-03-15T02:19:36Z,2024-03-15T02:19:36Z
UgyxSyBWGSI5dSau39t4AaABAg.A0zWp8-BqvdA0zeDZaE6cS,UgyxSyBWGSI5dSau39t4AaABAg,True,@maluvergirl7502,"I need a concert on:
Bucaramanga / santander/ colombiaaaa!",2,2024-03-15T02:20:13Z,2024-03-15T02:20:13Z
UgyxSyBWGSI5dSau39t4AaABAg.A0zWp8-BqvdA0zeFWYhw54,UgyxSyBWGSI5dSau39t4AaABAg,True,@maluvergirl7502,My friend and i love you,2,2024-03-15T02:20:29Z,2024-03-15T02:20:29Z
UgybzwITc6oKeTsymcx4AaABAg,,False,@mgs_stay,I miss you guys a lot. It's nice to see more posts from you guys ❤❤❤,641,2024-03-15T01:06:43Z,2024-03-15T01:06:43Z
UgybzwITc6oKeTsymcx4AaABAg.A0zWoF1H5NzA0zo0lZ9dmp,UgybzwITc6oKeTsymcx4AaABAg,True,@himaririku9254,STRAY KIDS IS THE KING OF KPOP,2,2024-03-15T03:45:51Z,2024-03-15T03:45:51Z
UgybzwITc6oKeTsymcx4AaABAg.A0zWoF1H5NzA0zrnt9VekV,UgybzwITc6oKeTsymcx4AaABAg,True,@BLINK_MIDZYY,​@himaririku9254 this video ain't about straykids...,14,2024-03-15T04:18:54Z,2024-03-15T04:18:54Z
UgybzwITc6oKeTsymcx4AaABAg.A0zWoF1H5NzA0zwXwJYsj6,UgybzwITc6oKeTsymcx4AaABAg,True,@Rosesareredvioletsareblue-m5y,@@himaririku9254  get out of blackpink’s account and go to your favorite,0,2024-03-15T05:00:17Z,2024-04-18T02:20:46Z
UgybzwITc6oKeTsymcx4AaABAg.A0zWoF1H5NzA1-339Tu8Il,UgybzwITc6oKeTsymcx4AaABAg,True,@LisaUnnie971,​@@himaririku9254 no more G Dragon ??😅,7,2024-03-15T06:05:59Z,2024-04-18T02:20:46Z
UgybzwITc6oKeTsymcx4AaABAg.A0zWoF1H5NzA1-4zqU_r2A,UgybzwITc6oKeTsymcx4AaABAg,True,@abit_of_T,So true though,2,2024-03-15T06:22:52Z,2024-03-15T06:22:52Z
UgwvAIy86PFAZvbku294AaABAg,,False,@asha_moni-t4e,😍😍😍❤❤🥰,1,2024-03-15T01:06:43Z,2024-03-15T01:06:43Z
UgxRBWRoIw1XWgt5Cjt4AaABAg,,False,@Smiley_Karol,Ameee,0,2024-03-15T01:06:41Z,2024-03-15T01:06:41Z
Ugz6G4Fg4G8XSTEnxF54AaABAg,,False,@Dior.xmiss8,Ay temprano,1,2024-03-15T01:06:35Z,2024-03-15T01:06:35Z
UgxnFz_yEP-CvkalCgR4AaABAg,,False,@Park_tn_kim473,I'm early I love you girls❤,0,2024-03-15T01:06:35Z,2024-03-15T01:06:35Z
UgwhGOI4C5_a2f9-ONZ4AaABAg,,False,@_minah_,"Who else loves blackpink?
👇",11,2024-03-15T01:06:34Z,2024-03-15T01:06:34Z
UgwhGOI4C5_a2f9-ONZ4AaABAg.A0zWnC41efbA0zhTPNQElD,UgwhGOI4C5_a2f9-ONZ4AaABAg,True,@N.kmr._.Kazuha,Me,0,2024-03-15T02:48:35Z,2024-03-15T02:48:35Z
UgwhGOI4C5_a2f9-ONZ4AaABAg.A0zWnC41efbA1-tQNT0yB5,UgwhGOI4C5_a2f9-ONZ4AaABAg,True,@TheHighLevel.,Fantastic 4️⃣,1,2024-03-15T13:52:17Z,2024-03-15T13:52:17Z
UgwKGzZFqTDkT3mUKh94AaABAg,,False,@renatasusanarodriguez1865,OMG I LOVE THIS❤❤❤❤,1,2024-03-15T01:06:34Z,2024-03-15T01:06:34Z
Ugzm76ouDfosDnr8cnJ4AaABAg,,False,@sirensonkyadiel1142,WHAYAAYTA,0,2024-03-15T01:06:33Z,2024-03-15T01:06:33Z
Ugym_001vPT2kiOOk_d4AaABAg,,False,@tamaracamacho6189,💗💗😍😍😍,0,2024-03-15T01:06:24Z,2024-03-15T01:06:24Z
UgybQ9kdcxQik1i8yGF4AaABAg,,False,@mc.artsie3671,Woww❤❤❤❤,0,2024-03-15T01:06:21Z,2024-03-15T01:06:21Z
UgwRxKimZGo6E-_eYdt4AaABAg,,False,@شوشو-ض6ه,and,2,2024-03-15T01:06:15Z,2024-03-15T01:06:15Z
UgwRxKimZGo6E-_eYdt4AaABAg.A0zWkrHFUA6A0zXcDiNFCV,UgwRxKimZGo6E-_eYdt4AaABAg,True,@AhadAkram-pg1sb,❤❤,0,2024-03-15T01:13:49Z,2024-03-15T01:13:49Z
Ugz7ZfHFAmXxH9S_5Dt4AaABAg,,False,@Iman8887.,واخيرراااا بعد غياب ❤🫶🏻❤️‍🩹🔥,1,2024-03-15T01:06:09Z,2024-03-15T01:06:09Z
UgyD518jBVhOvhW2VIN4AaABAg,,False,@BTSArmy_ee6rc,❤❤❤❤❤❤❤❤,0,2024-03-15T01:06:03Z,2024-03-15T01:06:03Z
Ugy9qrSrKQ8Jwvgp-Yh4AaABAg,,False,@Tomboy._.blink1234.,I love you BLACKPINK 🌸🖤💗,66,2024-03-15T01:06:01Z,2024-03-15T01:06:01Z
UgwpIow7Lvv7sG5x3ZR4AaABAg,,False,@Mia_jm78,Hi,2,2024-03-15T01:05:53Z,2024-03-15T01:05:53Z
Ugx42vl7PK5rkrNRAid4AaABAg,,False,@yunjiniesssss,OMG PIN PLS,1,2024-03-15T01:05:51Z,2024-03-15T01:05:51Z
Ugx42vl7PK5rkrNRAid4AaABAg.A0zWhyDAAi1A0zWp2BbSFi,Ugx42vl7PK5rkrNRAid4AaABAg,True,@theocrack3416,SI PLS,0,2024-03-15T01:06:49Z,2024-03-15T01:06:49Z
UgwV-s-6EWJ0yol42P94AaABAg,,False,@Lost_blink11,❤,9,2024-03-15T01:05:18Z,2024-03-15T01:05:18Z
