comment_id,parent_id,is_reply,author,text,like_count,published_at,updated_at
UgwW6_pfNc8OW46zRw14AaABAg,,False,@darkchochonute,doyoung voice so beautiful,1,2025-05-09T10:15:52Z,2025-05-09T10:15:52Z
UgxRXJPb0EapnNEvfpF4AaABAg,,False,@AyeChanMay-qt1ns,Who is listening with me ?,0,2025-05-08T12:33:28Z,2025-05-08T12:33:28Z
UgyHYZ6-JuCnwVjiWNF4AaABAg,,False,@연우석-o8d,"이선희 선배림이 커버 한 번 해주셨음 조켄네,,
도영슨도 이미 극락인데 이선희선배림은 어디까지 보내주실지 기대됨",0,2025-05-01T04:17:47Z,2025-05-01T04:18:45Z
Ugy3yl7zku7e2XwYtwh4AaABAg,,False,@darkchochonute,suka banget banget sama beginning 🥹🩵,2,2025-04-30T23:15:01Z,2025-04-30T23:15:01Z
Ugzx7uMzraUjFZT1IQV4AaABAg,,False,@nyty21,500k 🎉,0,2025-04-20T07:47:31Z,2025-04-20T07:47:31Z
UgwA3_QnVU1RPivgF7N4AaABAg,,False,@Forever_dream7,"도영아 새봄이 왔어, 도영이의 매일매일이 행복 했으면 좋겠다🤍 도영아 다시 시작이야 !",4,2025-04-13T06:22:53Z,2025-04-13T06:22:53Z
Ugz90HY5B1QRanvEf_J4AaABAg,,False,@morningbell7046,"English lyrics translations from Genius 

[Verse 1]
The newly blowing spring breeze
I'll sing along with the wind, spreading the song further
So I can tell you my dreams and wishes
That bloomed after winter

[Pre-Chorus]
Embracing this city filled with green
Flying higher until I reach the sky

[Chorus]
If we can play beyond the universe
If we can cross my sea together
Riding the melody until I reach my dream
I'll sing beyond my universe
The song of the new spring

[Verse 2]
Running through the sea of stars in imagination
I'll sing like the sparkling morning star
Meeting you waiting at the end of darknеss
So we can dream etеrnally

[Pre-Chorus]
The seasons that protected me when I was lost
Flying higher until the end of this world

[Chorus]
If we can play beyond the universe
If we can cross my sea together
Riding the melody until I reach my dream
I'll sing beyond my universe
The song of the new spring

[Bridge]
On the day when the light is obscured by clouds
Until I find stars in the faded night sky
I spread my wings along the waves
Until reaching the horizon in front of me
Flying high into the sky

[Chorus]
We'll fly together beyond that universe
We'll sing to fill the whole world
Riding the melody, I'll meet you at the place
Where I've always dreamed of
With the song of the new spring",4,2025-04-10T10:20:54Z,2025-04-10T10:20:54Z
UgzcA-2IXByXgniA1NJ4AaABAg,,False,@doystars,his voice OMGGGGGGGGGGGGGG,1,2025-04-08T21:53:28Z,2025-04-08T21:53:28Z
UgwySzkESAHOJjX7nE14AaABAg,,False,@doystars,i love doyoung,2,2025-04-08T21:53:20Z,2025-04-08T21:53:20Z
UgytbHvIU6llWBMLG5V4AaABAg,,False,@가람-e4b,요즘 밖에서 예쁘게 핀 벚꽃을 보며 새봄의 노래를 들으면 기분이 너어무나 좋아져🥹🥹🌸,2,2025-04-06T08:38:11Z,2025-04-06T08:38:11Z
UgyGa_6SjcTVyXUWpdJ4AaABAg,,False,@mauliyaww,His voice is everything,1,2025-04-05T21:14:23Z,2025-04-10T02:15:24Z
UgyIZ72fRQnvCZe2noh4AaABAg,,False,@NEO2016CT,"벛꽃을 봐도 벛꽃이네~ 봄인가부다 하고 그냥 별생각 없이 넘기던 나에게 봄을 기다리게 해주고 봄을 특별한 계절로 느끼게 해줘서 , 봄이 따뜻하고 포근한 계절이였구나를 비로소 느끼게 해줘서 고마워 
이제 나에게 봄은 도영이 그자체야 
나의 20살 첫 봄을 특별하게 , 청춘 그 자체로 받아드릴수 있게 해줘서 또 21살 2025년의 이번 봄을 더 다채로운 색으로 시작할 수 있게 해줘서 고맙고 고마워
앞으로도 나의 새봄은 도영이일거야 봄만 되면 새봄의 노래가 자동으로 떠오르고 결국에 나의 봄은 도영이로 완성되거든 
도영이에게도 앞으로의 모든 봄이 새봄이길 바라며 도영이의 영원한 청춘을 응원해 사랑해",1,2025-04-05T17:21:01Z,2025-04-05T17:21:45Z
UgzmtrWPIODLZVUTotZ4AaABAg,,False,@qpdffbk,대한민국에 드디어 봄이 왔다,1,2025-04-05T12:18:07Z,2025-04-05T12:18:07Z
Ugz1PSfwRoxO-150uL14AaABAg,,False,@紜-o2j,春天就是道英啊💚🍀🫧,0,2025-04-05T08:27:05Z,2025-04-05T08:27:05Z
UgzX6OwjfHQwqQbS7Bx4AaABAg,,False,@냠냠_hehe,새봄맞이 들으러 옴 너무 좋다 이 노래🩵🩵🩵앞으로 모두 행복만 가득하길,4,2025-04-05T04:51:31Z,2025-04-05T04:51:31Z
UgwlZZ16fWVHJMW_C6J4AaABAg,,False,@姐姐帥哥,대한민국 축하드립니다!!!,2,2025-04-05T04:21:07Z,2025-04-05T04:21:07Z
Ugyv1GRAh_2agleZRT14AaABAg,,False,@ddoingddoing_21,"우리 같이 행복하자 도영아
노래해줘서 고마워♡",1,2025-04-05T03:57:46Z,2025-04-05T03:57:46Z
UgytXDTEAtUDFqHMm494AaABAg,,False,@nanr1683,จะหนึ่งปีแล้วเหรอเนี่ย,0,2025-04-05T01:41:38Z,2025-04-05T01:41:38Z
UgwDuTyNtp42fUq2m_54AaABAg,,False,@yeoleum802,청춘의 포말과 함께하는 두 번째 새봄이 찾아왔어,2,2025-04-05T01:25:17Z,2025-04-05T01:25:17Z
UgyDPFVf6vHFPI5kmTh4AaABAg,,False,@haddody,Spring with Doyoung,1,2025-04-05T01:05:02Z,2025-04-05T01:05:02Z
UgyLHql9dGOyQILPkuR4AaABAg,,False,@nctislove-e8y,봄이다 행복하자 다들,1,2025-04-05T01:03:35Z,2025-04-05T01:03:35Z
UgwaPNAdUIG8MUOIcyh4AaABAg,,False,@inyourpomal,도영아 따뜻한 봄이야 새봄,1,2025-04-05T00:19:38Z,2025-04-05T00:19:38Z
Ugy3SQAVYGR4TyOIA4J4AaABAg,,False,@hsinhuijih3307,"오늘도 행복해
노래해줘서 고마워
一起迎接春天吧🫶🏻🫶🏻",1,2025-04-04T16:02:09Z,2025-04-04T16:02:09Z
Ugz9uYsE5Afvca5-AmF4AaABAg,,False,@acuiqbonap,도영아 드디어 새봄이 왔네. 밖에 벚꽃 핀거 너무 이쁘니까 봤으면 좋겠다. 1년 전 도영이의 노래를 들으면서 지냈던 날들을 기억하면서 올해도 도영이 노래를 들으며1년을 보내볼게. 봄이긴 하지만 아직 좀 추우니까 따뜻하게 입구다녀. 사랑한다 도영아.,2,2025-04-04T13:51:09Z,2025-04-04T13:51:09Z
UgzazVl2X0JxPrNjymJ4AaABAg,,False,@아인-m1j,정말 진심을 다해 사랑한다 김도영,1,2025-04-04T13:51:08Z,2025-04-04T13:51:08Z
Ugw_lNH1bGlH-9IV0cV4AaABAg,,False,@에-i3p,내이름이 새봄이라 어색하다.. 이런 노래 이런 댓글들..,1,2025-04-04T11:53:58Z,2025-04-04T11:53:58Z
Ugw_lNH1bGlH-9IV0cV4AaABAg.AGV0viguZRvAGWqPbW4jAK,Ugw_lNH1bGlH-9IV0cV4AaABAg,True,@냠냠_hehe,ㅋㅎㅋㅎㅋ 귀여워요!!,0,2025-04-05T04:51:48Z,2025-04-05T04:51:48Z
Ugw1zpgGBOm2gBOh8lN4AaABAg,,False,@jueun2038,새로운 봄을 도영이 노래와 함께…🥹🫰🏻,4,2025-04-04T11:20:50Z,2025-04-04T11:20:50Z
UgyFPXN3t8nqHxIW7tl4AaABAg,,False,@-hypnosis6560,도영아 고마워,6,2025-04-04T10:13:59Z,2025-04-04T10:13:59Z
UgwKPvqgUCM_xUs-EcZ4AaABAg,,False,@ET0618,새봄이 왔다,7,2025-04-04T09:05:59Z,2025-04-04T09:05:59Z
Ugy6Dw0jURYhyBighqN4AaABAg,,False,@se.0xx,도영아 이제 진짜 봄이야 매년 봄 항상 예쁘던 너와 함께해서 너무 좋았어 우리 앞으로도 함께하자 영원하자 김도영,8,2025-04-04T08:36:22Z,2025-04-04T08:36:22Z
UgwntrLKARDQvcM2GEd4AaABAg,,False,@starlight0422,"spring is here!!! thank you for making this masterpice, doyoung",5,2025-04-04T07:39:56Z,2025-04-04T07:39:56Z
UgyZrebnxAnLD37nar14AaABAg,,False,@어쩔수없다,4월4일 봄이 우리 곁으로 왔어,18,2025-04-04T07:35:40Z,2025-04-04T07:35:40Z
Ugy24575ZHynz2609414AaABAg,,False,@len9329,"내가 아는 새시작, 새봄의 노래라서 떠오른 곡.",16,2025-04-04T07:24:02Z,2025-04-04T07:24:02Z
UgxLZAQVyk1Ariwbn_F4AaABAg,,False,@uerimssi,봄이 왔어 도영아🥹🥹🥹,13,2025-04-04T07:16:25Z,2025-04-04T07:16:25Z
UgxePXtDWr70EO_l3pB4AaABAg,,False,@fromlittlewave,드디어 도영이의 계절이..🍃,7,2025-04-04T07:11:49Z,2025-04-04T07:11:49Z
UgwmriiTC0RGmHWQ5Yx4AaABAg,,False,@nxo-ect,드디어 봄이 왔어 도영아,8,2025-04-04T07:02:59Z,2025-04-04T07:02:59Z
UgxUkcATHKtKWzF9Att4AaABAg,,False,@ara3474,드디어 길고 긴 추운 겨울을 보내고 비로소 새봄이 왔어 도영아🍀,17,2025-04-04T07:01:59Z,2025-04-04T07:01:59Z
UgyWxDqJSprFJhSgi9N4AaABAg,,False,@oki9593,새봄의 노래가 진짜 새봄을 알리고 있잖아,13,2025-04-04T06:56:53Z,2025-04-04T06:56:53Z
UgwS8IxlbscdrdBcAOt4AaABAg,,False,@lululala.2,이제 진짜 새봄의노래 들을때가 왔다!!!!,8,2025-04-04T06:55:29Z,2025-04-04T06:55:29Z
UgzQfpvEdm5gf6Ou69x4AaABAg,,False,@user-tt9ps3wl6d,도영아 봄을 말해줘서 고마워어,7,2025-04-04T05:59:48Z,2025-04-04T05:59:48Z
UgwSm3VgPLmpM5E-Kcp4AaABAg,,False,@꿈은없고요돈은많이벌,도영아 드디어 봄이 왔어...🥺♥️,7,2025-04-04T05:57:49Z,2025-04-04T05:57:49Z
Ugx06cuQ6alPemVuXKF4AaABAg,,False,@누쉐,도영아 새봄이왔어 또 들으러왔어 시기때문인지 새봄의노래가 더욱 생각나더라 너의 청춘도 빛나길바래🫶🏻,24,2025-04-04T05:49:24Z,2025-04-04T05:49:24Z
Ugz113P3Py5gt9swls14AaABAg,,False,@nyu__nyu,"4월, 봄, 그리고 새로운 대한민국의 시작이다",27,2025-04-04T05:48:37Z,2025-04-04T05:48:37Z
UgxG90QCbztzSgcfdX14AaABAg,,False,@the__kar.a,"도영아 이제서야 새봄이 왔네.
그동안 힘든 일도 많았고 즐거운 일도 많았는데 그 모든 순간에 너가 있었어. 너 덕분에 힘들 때도 즐거울 때도 모두 웃을 수 있었던 것같아. 도영이 노래를 들으며 새봄을 만끽할게.
고마워. 사랑한다 풉ㅋㅋ",33,2025-04-04T05:47:41Z,2025-04-04T05:47:51Z
UgzsUQFdhXVfk0Pnp5h4AaABAg,,False,@user-ps8si6pt6l,도영아 봄이왔어,14,2025-04-04T05:45:33Z,2025-04-04T05:45:33Z
UgwEp1cjhTKUuCZ4J1p4AaABAg,,False,@Doy_201,새봄이 왔어🌿,17,2025-04-04T05:42:31Z,2025-04-04T05:42:31Z
UgwxxwNAaFK_BRN6_lB4AaABAg,,False,@michaela5669,도영아 함께 맞는 새봄이 너무 예쁘다,18,2025-04-04T05:31:38Z,2025-04-04T05:31:38Z
UgxnDnDHdBkUB2EYCDd4AaABAg,,False,@뮬-u2l,너무 기다려지던 날이야 딱 날짜도 봄이고  지금 벚꽆도 펴  너무 좋은 날이야 오늘,25,2025-04-04T05:30:52Z,2025-04-04T05:30:52Z
Ugz54ShZvMkeGRUNtW14AaABAg,,False,@황금동이네,대한민국에 새봄이 왔다,69,2025-04-04T05:10:28Z,2025-04-04T05:10:28Z
UgwefmNFGPiJwPtibnp4AaABAg,,False,@2timothy486,2025년 4월 4일 오전 11시 22분 역사의 날 이며 새로운 시작입니다,65,2025-04-04T05:07:12Z,2025-04-04T05:07:12Z
UgyoGlsN89aGO-VmAYN4AaABAg,,False,@darkchochonute,🐰🍀🍃🩵,6,2025-04-04T05:06:25Z,2025-04-04T05:06:25Z
UgyV83iQyBU4iad_lbp4AaABAg,,False,@Pupp_pupp,드디어 우리의 봄이 시작되었어 도영아,15,2025-04-04T04:51:19Z,2025-04-04T04:51:19Z
UgwESdd1Z6Afl0JBGhB4AaABAg,,False,@pkjy-j1g,도영아 마침네 새봄이 찾아왔어,19,2025-04-04T04:35:27Z,2025-04-04T04:35:27Z
Ugw9HbyD9W0KggDKRsp4AaABAg,,False,@ddoing1020,도영아 드디어 봄이왔어 겨울이 너무 길었다 그치,17,2025-04-04T04:27:06Z,2025-04-04T04:27:06Z
UgyedYP_DEuxMMzkuod4AaABAg,,False,@EMERALDCITY-127,다시 새봄이 왔어!!!  오늘꼭 들어야 할노래임,16,2025-04-04T04:27:00Z,2025-04-04T04:27:00Z
UgyD1KwNJXvDt_EE7vV4AaABAg,,False,@지현-b2v,드디어 새 봄이 왔다 도영아 행복하자 🌸,13,2025-04-04T04:13:27Z,2025-04-04T04:13:27Z
UgzV2BdNjwMFwxfeF4Z4AaABAg,,False,@nnn99-e9g,"도영아 마침내 새봄이 돌아왔어 
이제 다시 빛나는 봄볕을 만끽할 수 있게됐어",15,2025-04-04T04:12:47Z,2025-04-04T04:12:47Z
UgwSjK1s-93X1jiEozh4AaABAg,,False,@_s2s2,도영아 봄볕쬐러 왔어 드디어 봄이왔어,16,2025-04-04T04:04:41Z,2025-04-04T04:04:41Z
UgwzsmPPi7US66VxA1p4AaABAg,,False,@userofceliennn,"도영아 드디어 마침내 봄이 찾아왔어.
담주에  기분 좋은 마음으로 보자꾸나",37,2025-04-04T03:56:21Z,2025-04-04T03:56:21Z
UgxuGsh2r3DQI3O8zwB4AaABAg,,False,@Dear.my_chloe,도영아 오늘 우리나라에 새봄이 왔어💚🥹 고마워 1년 전 이 노래 티저가 뜬날을 절대 잊지못해. 1년이 지난 오늘도 너의 노래들로 함께 할께!,66,2025-04-04T03:55:10Z,2025-04-04T04:24:35Z
UgxxOSIo-6_que97hNt4AaABAg,,False,@busyduxk,세상에 봄이 왔으니까 들으러왔어,22,2025-04-04T03:47:40Z,2025-04-04T03:47:40Z
UgzQvgImTLpSibBvORl4AaABAg,,False,@lovemazeee,날씨뿐만이 아니라 마음도 따뜻해질 수 있는 봄을 기다리고 또 기다렸는데 드디어 왔길래 이 노래를 들으러 왔어....,49,2025-04-04T03:38:36Z,2025-04-04T03:38:36Z
Ugy1XMcdWa8-5_EgkRR4AaABAg,,False,@sseeroo,도영아 대한민국에 새봄이 왔다,250,2025-04-04T03:21:43Z,2025-04-04T03:21:43Z
UgzDt-9TL9ANZASzHxp4AaABAg,,False,@unaanunaa,봄이왔다,15,2025-04-04T02:57:18Z,2025-04-04T02:57:18Z
Ugx2QZIK65sm-qL2n394AaABAg,,False,@user-tfuginagak,왜인지 울컥하고 너무너무소중한노래…올해도 새봄의노래로 봄을 맞아요 도영님도 새봄의노래를 들으시는 분들도 모두 행복하시길🌸,7,2025-03-26T19:20:22Z,2025-03-26T19:20:22Z
Ugw9WYZBelYggIUaGfJ4AaABAg,,False,@BLUEMANG_D,"저는 플리인데요,, 회사 동기가 봄이 온다고 새봄의 노래를 듣고있다기에 저도 들었다가 멈추지 못하고있어요.. 도영님 모쪼록 가수해주셔서 감사합니다,, 앞으로도 좋은 노래 기대할게요!!!!!",17,2025-03-22T11:29:49Z,2025-03-22T11:29:49Z
Ugx_zEWbTiodV8Nv-FV4AaABAg,,False,@김밥-r1o,너 재능있어 계속해,10,2025-03-20T06:34:08Z,2025-03-20T06:34:08Z
Ugxbh2OAtQH3PgCc5ip4AaABAg,,False,@정은경-h6y,도입 피아노 선율도 넘 좋고 요즘 듣기 넘 기분좋아용~^^  운전하며 무한반복중입니다~^^,12,2025-03-19T02:41:32Z,2025-03-19T02:41:32Z
UgwjU635ZQsA06K5tpB4AaABAg,,False,@princess-ey3sf,"저도 한때 도영오빠처럼 선한 영향력을 주는 아이돌이 되고 싶었어요 지금은 제가 노래와 춤에 재능이 없다는걸 깨닫게되어🤣그 꿈을 접었지만 그땐 정말 제가 그런 아이돌이 되지 않으면 세상에 선한 영향력을 주는 아이돌은 없을 거라고 생각되었기에 꼭 아이돌이 되고 싶었어요 근데 세상에 선한 영향력을 주는 아이돌이 여기 있었네요 심지어 기독교인이라니..! 저도 기독교인이지만 정말 존경해요 바쁜 연예계 생활을 하며 신앙심을 굳건히 지키는 것도,이렇게 노래로 사람들에게 위로와 감동을 전하는 것도,꾸준히 후원하며 경제적으로 어려운 사람들을 돕는 것도・・・기독교인으로서도,종교적뿐만이 아니라 한 사람으로서도 제가 너무 존경해요 도영오빠!! 그래서 어제는 교회에 가서 제 기도가 아니라,도영오빠 기도를 응답해 달라고 기도드리고 왔어요😌일본에서 무대에 오르기 전에 기도드릴텐데,그때 도영오빠의 기도를 꼭 응답해 달라고 기도드렸답니다🙏제가 멀리서나마 항상 응원할게요☺️",5,2025-03-17T09:49:34Z,2025-03-17T09:49:34Z
Ugxpyt0Ug0DAIgUX3MR4AaABAg,,False,@benz6402,ชอบมากกกกกก,2,2025-03-13T04:33:27Z,2025-03-13T04:33:27Z
UgxKCcJf5mQio7qDJ-J4AaABAg,,False,@kokochen5754,"doyoung thank you, i know i'm 10 months late but this song is just what i needed today💚",2,2025-03-12T00:37:09Z,2025-03-12T00:37:09Z
UgzcrRItpxDDmg8JMut4AaABAg,,False,@복숭아콜렉터,봄이다💚💚💚💚💚,2,2025-03-09T22:49:23Z,2025-03-09T22:49:23Z
UgxStnT7QqS7VzEUmTZ4AaABAg,,False,@palansky77,박보검 배우님 추천으로 들으러 왔어요~~ 처음에 새소리도 그렇고 노래에도 봄 느낌이 나는데 너무 좋아요~~ㅎㅎ❤,17,2025-03-07T06:23:40Z,2025-03-07T06:23:40Z
Ugxqj-u9Ne3A3GXwKP54AaABAg,,False,@lululala.2,새봄의 노래 너무 좋아ㅠㅠ 새붐온 꼭 오길!!,7,2025-03-02T15:11:52Z,2025-03-02T15:11:52Z
UgwGCBpnp93d_ll2iyt4AaABAg,,False,@494-g3r,도영이 덕분에 나는 언제든 봄을 느낄 수 있게 됐어! 정말 고마워💚,2,2025-03-02T15:10:14Z,2025-03-02T15:10:14Z
Ugw7LCZV-kZ1bFQ6BwV4AaABAg,,False,@Dytrack-201,#새붐온,2,2025-03-01T17:29:07Z,2025-03-01T17:29:07Z
UgymMvTN_BDKX38-N2d4AaABAg,,False,@동-y7f,천사가 노래를 하는데 너무너무 잘한다... 진짜 좋다! 도영이 노래 덕분에 힘이 나 ㅎㅎㅎ,11,2025-03-01T07:42:14Z,2025-03-01T07:42:14Z
UgzRq7_7kPAORvLTqRZ4AaABAg,,False,@favefeb,새봄의 노래 들을 때가 왔다,4,2025-02-28T09:10:15Z,2025-02-28T09:10:15Z
Ugyf0zH3pCCABVZ-Ibt4AaABAg,,False,@4000년이라도_사랑할게,"도영 오빠를 처음 알게 된 건 ‘ 반딧불 ‘ 이였어요. 가사와 아리따운 멜로디에 반해 이것만 고집하며 지금까지 즐겨 듣다가 새봄의 노래까지 알게 되었어요. 이것도 가사와 멜로디가 참 예쁜 것 같아요. 그냥 눈을 감고 핸드폰에서 흘러 나오는 오빠의 목소리를 듣고 있을 뿐인데 치유된 느낌 이랄까요. 가사 중에서
“ 겨울 지나 피어난 내 꿈과 소원을 말할 수 있게 “ 라는 가사가 제일 와닿았고 애정이 가는 것 같아요. 저는 승무원이란 직업을 너무나 사랑하는데 주변에선 다들 좋게 생각하지 않으시더라고요. 진정으로 원하는 꿈을 비판 당하며 한 없이 무너져 내릴 때에도 이 가사를, 이 노래를 떠올리며 넘어져 무릎에 묻어있던 흙을 무심히 툭툭 털어버릴 것만 같아요. 이런 차가운 말들 속 이 노래로 당당히 제 생각과 꿈을 말하고 웃어보일 수 있을 것 같아요. 노래 내주셔서 정말 감사드려요, 오빠. 이 노래가, 오빠가 제 청춘이에요. 지금까지, 또 앞으로의 저를 일으켜 세워주고 함께 해줄 청춘이요. 가수 도영씨의 팬으로서 도영 오빠의 노래를 사랑하는 사람으로서 쭉 응원할게요. 고마워요, 너무. 노래도, 오빠도요.",10,2025-02-24T14:09:00Z,2025-02-24T14:09:00Z
UgwvMSKVN5ZkKUnpp1Z4AaABAg,,False,@sugaring127candy,나도 도영이 처럼 멋진 가수가 되고싶어 노력할게,4,2025-02-20T08:16:33Z,2025-02-20T08:16:33Z
UgwSRwRbC6ExY6asKuN4AaABAg,,False,@미므-z5h,청포도 정말 소중한 앨범 기점이자 고점이자 시작점이자 전환점이자 어쩌구 다갖다붙일수잇는 앨범,3,2025-02-18T10:51:41Z,2025-02-18T10:51:41Z
Ugxt5tQ4QG73VfzpCed4AaABAg,,False,@NathanSoedono,damnnnn he looks so gooooood here,1,2025-02-09T11:36:13Z,2025-02-09T11:36:13Z
Ugxa2OLjqXekccrFzIF4AaABAg,,False,@selena-rq9pv,"노래 너무 좋아요
이런 노래를 부르고 나누고 싶다고 생각한 당신의 마음과 삶에 항상 사랑이 가득하기를",10,2025-02-08T17:54:10Z,2025-02-08T17:54:10Z
UgxSU96G8YCWgbJsFTh4AaABAg,,False,@moonchild941,Doyoung(ू˃̣̣̣̣̣̣︿˂̣̣̣̣̣̣ ू),2,2025-02-01T16:10:53Z,2025-02-01T16:10:53Z
UgxWSyU8fq4Kj1PSXA94AaABAg,,False,@weeekly100m5,Happy birthday oppa 29th🎂🍪🧁🎇🤩🍿😁😘🍩😃🥰🎊🧈🍭😄🎐😆🍫🧊,2,2025-02-01T13:18:48Z,2025-02-01T13:18:48Z
UgwqKcH7JTEffI1ghMp4AaABAg,,False,@areumnun001,i come back and watch this often,2,2025-01-27T02:53:26Z,2025-01-27T02:53:26Z
UgxD5UyGXrKfkMu_bjF4AaABAg,,False,@petronellamukumbuta1882,Here in 2025 to flex about the best vocalist,4,2025-01-22T11:52:52Z,2025-01-22T11:52:52Z
UgzRhp4DmeqJ9RS6UzV4AaABAg,,False,@onyour_minhyung,새봄의 노래가 점점 들려올 시기가 왔다 !! 새봄의노래 붐은 온다.... 내가 그렇게 만들게 도영아🫶🏻,13,2025-01-22T04:38:05Z,2025-01-22T04:38:05Z
UgwUp0C_9D7NtHA7o8x4AaABAg,,False,@Kalam_Suara07,Terima kasih lagunya cantik dan membuat semangat kembali tumbuh ❤❤❤❤❤,2,2025-01-21T07:10:11Z,2025-01-21T07:10:11Z
UgzrJvj1vqMHkrlRXgZ4AaABAg,,False,@ardpld,เสียงโดยองเพราะจัง ❤,1,2025-01-17T02:32:34Z,2025-01-17T02:32:34Z
UgwRPfJYjD5B5Ou9zhZ4AaABAg,,False,@張寧-j2i,I watching late after released a few month. Just keeping fresh. When does he make sure held a concert around the world? To meet one idol in private. It doesn't have a opportunities so.,1,2025-01-12T10:09:36Z,2025-01-12T10:14:02Z
Ugy0TUaTvJrOhWxB5nV4AaABAg,,False,@jovilyndisu1585,I love you so much Doyoung,1,2025-01-10T01:39:31Z,2025-01-10T01:39:31Z
Ugzsy5bZtFA9B29PhL54AaABAg,,False,@KimDoyoung-o1y,"Jujur saja, aku pertama mendengar lagu ini saat subuh, karena aku bersiap berkerja dengan mata mengantuk. Saat aku mendengarnya hatiku menjadi sangat nyaman untuk berkerja dan saat itu aku tak tau kalau lagu ini doyoung yang menulisnya tapi saat itu aku bisa merasakan bahwa lagu ini adalah style doyoung, lagu ini sangat bagus, setiap aku merasa lelah aku mendengarkan beginning dan little light untuk menenangkan hatiku dari dunia yang melelahkan. TERIMAKASIH KIM DOYOUNG SUDAH MENJADI PENYANYI YANG BISA MEMBUAT KU MENGETAHUI BAWAH ADA PRIA YANG MEMILIKI SUARA INDAH DI DUNIA INI, SUARA YANG BISA MEMBUATKU TENANG DAN TERIMAKASIH SUDAH MENCIPTAKAN LAGU YANG BAGUS INI LALU MENYANYIKANNYA DENGAN SUARAMU YANG INDAH🩵🩵🩵🩵💯💯💯💯⭐⭐⭐⭐",2,2025-01-08T16:09:08Z,2025-01-08T16:09:08Z
UgzseXMz2bOC9JnjkPl4AaABAg,,False,@pillkyuu_,happy new year,3,2025-01-01T23:05:40Z,2025-01-01T23:05:40Z
UgzixmDSkYOwBpfMkgp4AaABAg,,False,@voryvoryssal,내 새해 첫곡❤,4,2024-12-31T15:15:29Z,2024-12-31T15:15:29Z
Ugx6ppKyV-7kj62vwYR4AaABAg,,False,@개떡이-g9n,"2025 첫곡입니다~~~~~~~~
해피뉴이아.. 행복한 새해 보내길",4,2024-12-31T15:11:07Z,2024-12-31T15:11:07Z
UgwBJ4myk82_tcq5J054AaABAg,,False,@yeahei_2,도영아 이거 내 새해 첫곡이야.. 너무 기대돼ㅜ 나의 청춘이 빛나길 바라며,15,2024-12-31T08:33:39Z,2024-12-31T08:33:39Z
UgxGQrkU9sDqC2XrmF54AaABAg,,False,@또끼이,올해 큰 시험과 면접을 준비하는 가운데 그리고 또 아주 힘든 일들을 연달아 겪으면서 도영님 노래들로 힘을 많이 얻었어요 힘든 순간 위로가 되어준 노래를 선사해주셔서 고맙습니다:) 도영님께도 좋은 일들만 있기를,3,2024-12-31T05:27:22Z,2024-12-31T05:27:22Z
UgxTVbhcwr2cgZFZ2tt4AaABAg,,False,@ddodoyoungs,늦게 도영이라는 사람을 알게되었고 아직 도영이에 대해 많이는 모르지만 점점 너에대해 알아갈수록 더더더 좋은 사람이란걸 알게 되는것같아 다가오는 새해에도 시즈니 곁에서 행복하게 예쁜 음악 들려주길.. 사랑해도영..,12,2024-12-23T07:11:04Z,2024-12-23T07:11:04Z
UgxvbKPZjkJHs7tJn7t4AaABAg,,False,@eeyooc,요즘 너무 힘든데 힘이 된다 더 행복해져야지,9,2024-12-19T19:52:18Z,2024-12-19T19:52:18Z
UgxcGxgWMZFIh5v-2nB4AaABAg,,False,@pillkyuu_,427.732,2,2024-12-19T13:12:10Z,2024-12-19T13:12:10Z
UgzsTkzBFSaPxSGIIKx4AaABAg,,False,@DeepBlue-so,💙💙💙💙💙,2,2024-12-16T11:35:19Z,2024-12-16T11:35:19Z
UgyIfPSwd23W0hIzQU14AaABAg,,False,@nyty21,The best B-side ever,2,2024-12-16T05:56:50Z,2024-12-16T05:56:50Z
Ugw2ITM-WQSUJrnVAFt4AaABAg,,False,@pillkyuu_,❤❤❤,0,2024-12-03T02:34:36Z,2024-12-03T02:34:36Z
UgzBcdxoibXCkPjYgaV4AaABAg,,False,@핸님업,"노래 잘 안 듣는 사람인데
도영노래만 유일하게 좋아함",10,2024-11-30T14:17:49Z,2024-11-30T14:17:49Z
UgzX9nDpe_XZpAoVA7F4AaABAg,,False,@Zoe66413,🥰🥰🥰,0,2024-11-21T02:15:35Z,2024-11-21T02:15:35Z
UgzHrIjvxqjuIicariV4AaABAg,,False,@Lalacong,"Music is like medicine for those who feel hurt. music is like encouragement for those who are having a bad day. Music is like a healer for those who feel tired. And for me personally, it's been a long time since I felt happy and warm, I even smiled without realizing it, when I heard and watched Beginning MV",0,2024-11-13T06:59:57Z,2024-11-13T06:59:57Z
UgwVCevIBObMnEP0UAt4AaABAg,,False,@coffeeandmilk-o8p,다시 돌아와 버렸다....😢,5,2024-11-08T08:32:19Z,2024-11-08T08:32:19Z
UgzKZ3lSNSp3onGQwap4AaABAg,,False,@heachanahcaeh-i2n,정말 도영이와 같은시대에 태어나 이런 노래들을 들을 수 있다는게 항상 감사해,5,2024-11-06T14:58:41Z,2024-11-06T14:58:41Z
Ugw-Ymj0l2ZFucaTrTF4AaABAg,,False,@_kuromidy,Listening every day,2,2024-11-06T11:36:14Z,2024-11-06T11:36:14Z
UgwMPy8uBbvPg4pdms54AaABAg,,False,@bluedy2678,시리눈듣고 새봄들으러왔어요,11,2024-11-06T11:16:44Z,2024-11-06T11:16:44Z
UgwgDoL7gFHRRTolDgJ4AaABAg,,False,@케이준린민,"도영이의 노래를 들을때마다 도영이한테 위로를 받는 느낌…너무 좋아. 도영아, 노래해줘서 고마웡🫧🤍",3,2024-11-05T23:31:58Z,2024-11-05T23:31:58Z
Ugyy4rc4HBKfwTnsbht4AaABAg,,False,@KimDodo-j7b,Kim Doyoung fighting,1,2024-11-05T17:35:26Z,2024-11-05T17:35:26Z
UgwGRCKd79aCZyxp-yx4AaABAg,,False,@_yatiu4850,Gracias Doyoung! Es hermoso que compartas tu gran talento nosotros 💕,1,2024-11-05T13:26:32Z,2024-11-05T13:26:32Z
UgxpsQbxwYJUw_5dDR14AaABAg,,False,@HeartRogel,Awesome sauce!,2,2024-10-21T01:51:39Z,2024-10-21T01:51:39Z
UgxNaN4GjbPzGoXF0WB4AaABAg,,False,@user-tfuginagak,도영 항상 행복해야대,5,2024-10-20T08:51:14Z,2024-10-20T08:51:14Z
Ugz2HrQw5Vg0pLnN4Sx4AaABAg,,False,@Mua734,ขอบคุณที่มาเป็นนักร้อง😭😭❤️‍🩹❤️‍🩹,1,2024-10-14T17:39:43Z,2024-10-14T17:39:43Z
UgwxPX47P2iT8XDFaMB4AaABAg,,False,@zandg6477,this song's bridge should be added into another sm legend bridge playlist,8,2024-10-14T08:57:43Z,2024-10-14T08:57:43Z
Ugz336iLxe-xJla8Qnt4AaABAg,,False,@popopupupo,ありがとう,4,2024-10-13T17:05:23Z,2024-10-13T17:05:23Z
Ugxkw3bvXOik84J_jwd4AaABAg,,False,@saebomibaram,Please sing for a long time,3,2024-10-09T01:33:38Z,2024-10-09T01:33:38Z
UgwQ0E77Y3zdPbBtQgl4AaABAg,,False,@AleKimDoyo,this song really is beautiful,4,2024-10-07T04:51:28Z,2024-10-07T04:51:28Z
Ugx8ePEDRqH0o8A-MO94AaABAg,,False,@anggiii_raa,Love u,3,2024-10-06T13:51:14Z,2024-10-06T13:51:14Z
Ugw1NF4u-0ipfdt5RSZ4AaABAg,,False,@rizkahusnia_,"Saeroi bureooneun saebomui baram
Bureulge baram ttara deo peojil norae
Gyeoul jina pieonan nae kkumgwa
Sowoneul malhal su itge

Chorogeul dameun i dosireul kkyeoana
Nara deo wiro jeo haneul daeul ttaekkaji

Ujureul neomeo ttwieonol su itdamyeon
Naui badareul geonneo hamkke nal su itdamyeon
Noraereul tago nae kkume daeul ttaekkaji
Nae ujureul neomeo bureulge
Saebomui noraereul

Dallyeoga sangsang sogui byeoldeurui bada
Bureulge banjjagineun saebyeokbyeolcheoreom
Eodum kkeute gidarin neol manna
Yeongwonhi kkumkkul su itge

Gireul ileotdeon nal jikyeojun gyejeolgwa
Nara deo wiro i sesangui kkeutkkaji

Ujureul neomeo ttwieonol su itdamyeon
Naui badareul geonneo hamkke nal su itdamyeon
Noraereul tago nae kkume daeul ttaekkaji
Nae ujureul neomeo bureulge
Saebomui noraereul

Gureume garyeo bicheul ileotdeon nal
Baraejin bam wiro byeoreul chajeul ttaekkaji
Nalgaereul dara jeo padoreul ttara
Nunape pyeolchyeojin supyeongseonkkaji
Nara jeo haneul wiro

Jeo ujureul hamkke naragal geoya
On sesangeul gadeuk beokchage noraehal geoya
I norael tagoseo naega kkumkkwowatdeon
Geugoseseo manna, neoege
Saebomui noraereul",1,2024-09-30T16:13:51Z,2024-09-30T16:13:51Z
UgwN2iGUkYzBBN4iw3R4AaABAg,,False,@autumncantabile,kim doyoung suaramu 😭💗,1,2024-09-22T14:55:22Z,2024-09-22T14:55:22Z
Ugygzw6naro02AnfTep4AaABAg,,False,@KimMinjeong0103,"그는 솔로 아티스트로서 인상적인 여정을 걸어왔고, 이미 많은 좋은 일들이 계속 일어나고 있습니다. 시간이 지나면서 많은 일들이 그에게도 일어나기를 바랍니다. 그의 첫 앨범은 정말 보석과도 같습니다.

잘 하셨어요! 💙",4,2024-09-21T09:10:26Z,2024-09-21T09:10:26Z
UgwW0XDxxTtszoi2o-94AaABAg,,False,@acupidcute,❤,0,2024-09-21T08:33:48Z,2024-09-21T08:33:48Z
Ugx3OVijg9maipGimQh4AaABAg,,False,@anggiii_raa,💙💙💙💙💙,0,2024-09-21T02:26:36Z,2024-09-21T02:26:36Z
UgxwdgthsifxdPmRiod4AaABAg,,False,@An_vin,솔직히 난 타이틀보다 새봄의 노래가 더 좋았음ㅋㅋ나만의 새로운 봄캐롤이 될거같음,60,2024-09-20T10:25:08Z,2024-09-20T10:25:08Z
UgyI8DH1GOaX1nWtUyJ4AaABAg,,False,@아기눈사람운학,힘들때마다 들을 노래 하나 알아가고 갑니다 울 엄마한테도 추천해줘야지💚💚,2,2024-09-19T14:46:02Z,2024-09-19T14:46:02Z
UgxZ4XGkN3KTJgHvvkZ4AaABAg,,False,@everglowsz,"새로이 불어오는 새봄의 바람
부를게 바람 따라 더 퍼질 노래
겨울 지나 피어난 내 꿈과
소원을 말할 수 있게
초록을 담은 이 도시를 껴안아
날아 더 위로 저 하늘 닿을 때까지
우주를 넘어 뛰어놀 수 있다면
나의 바다를 건너 함께 날 수 있다면
노래를 타고 내 꿈에 닿을 때까지
내 우주를 넘어 부를게 새봄의 노래를
달려가 상상 속의 별들의 바다
부를게 반짝이는 새벽별처럼
어둠 끝에 기다린 널 만나
영원히 꿈꿀 수 있게
길을 잃었던 날 지켜준 계절과
날아 더 위로 이 세상의 끝까지
우주를 넘어 뛰어놀 수 있다면
나의 바다를 건너 함께 날 수 있다면
노래를 타고 내 꿈에 닿을 때까지
내 우주를 넘어 부를게 새봄의 노래를
구름에 가려 빛을 잃었던 날
바래진 밤 위로 별을 찾을 때까지
날개를 달아, 저 파도를 따라
눈앞에 펼쳐진 수평선까지, 날아 저 하늘 위로
저 우주를 함께 날아갈 거야
온 세상을 가득 벅차게 노래할 거야
이 노랠 타고서 내가 꿈꿔왔던
그곳에서 만나, 너에게 새봄의 노래를",1,2024-09-16T04:57:58Z,2024-09-16T04:57:58Z
Ugzm75ngdbUgrWT_WVJ4AaABAg,,False,@MrBmlee21,일본감성노래!! 한국에선 흔하지않은 리듬과 보이스,0,2024-09-14T06:47:44Z,2024-09-14T06:47:44Z
UgxZadt37Gm1evJTcEl4AaABAg,,False,@상남자-i8o,도영이가 항상 행복했으면 좋겠어 항상 고마워❤️❤️,2,2024-09-09T12:07:03Z,2024-09-09T12:07:03Z
Ugy-ldH56NqcmX_IrHF4AaABAg,,False,@HWtrack,동영아 사랑해,1,2024-09-07T11:36:39Z,2024-09-07T11:36:39Z
UgwgkJwOpe1AeXl1mYZ4AaABAg,,False,@냠냠-e5p3q,도영이의 음악 그리고 도영이가 너무 소중해졌어,7,2024-09-03T22:08:10Z,2024-09-03T22:08:10Z
UgxgIkAgkjkfCCaYvWt4AaABAg,,False,@나비-n9s,"나에게 시작은 항상 불안했거든
그래서 봄도 항상 불안한 계절이었어
그런데 올해 봄부터 조금은 덜 불안해
그냥 봄이 아니라 새봄이어서 그런가 봐",3,2024-09-02T15:08:55Z,2024-09-02T15:08:55Z
Ugx8h4CdVqdD6tauO_x4AaABAg,,False,@talasaliya,god i love this song sm,0,2024-09-01T20:11:03Z,2024-09-01T20:11:03Z
Ugwl1zoXBS6dN8Xqv1F4AaABAg,,False,@epicookie2864,❤❤ love u my dear 😘,0,2024-09-01T00:31:29Z,2024-09-01T00:31:29Z
UgzEknEIkMHxA08oUxJ4AaABAg,,False,@아야-j3l,아직도 적응못해서 매일 매일 출근하는게 너무 싫은데 이 노래 들으면서 버티고 있다😂 좋은 노래 만들어줘서 고마워 도영아💙,0,2024-08-31T23:15:52Z,2024-08-31T23:15:52Z
UgwsVa9lhY6Y1fRaY3J4AaABAg,,False,@eaea8660,Beginning will always be a masterpiece,2,2024-08-31T22:03:47Z,2024-08-31T22:03:47Z
UgxWJpW-GneUmnKndOx4AaABAg,,False,@뽀잉-h6e,새봄의 노래 제 최애곡.... 너무 좋아서 자주 듣고 있습니다 ㅠㅠㅠㅠ 도영이 평생 가수해줘 음색도 대박이고 이 노래 들으면서 많은 위로가 됐어요..!! 모든 분들 이 노래 들으시면서 항상 행복한 날들만 가득하시길 바래요!!,0,2024-08-31T13:34:19Z,2024-08-31T13:34:19Z
Ugy7DaouFhV8nt9229J4AaABAg,,False,@jaylee952,라이브감이 느껴지는데 주변 소리는 죽여놔서 약간 아쉬움 매끄러운 라이브감보다 현장감이 있는 쪽이 취향이라ㅠ,0,2024-08-31T09:53:11Z,2024-08-31T09:54:41Z
Ugykow1YT4pRo84Pdnp4AaABAg,,False,@yoonso5740,어.. 작곡가분 Love wins all 서동환님이랑 같은 분인가...;;; 와 곡 분위기 쩐댜.. 가사도 넘 이뻐.. 도영님 작사구나.. ㅇㅅㅇ 되게 도회적이고 드라이한 이미진데 강아지풀 소년 감성을 갖고 계시네..,12,2024-08-31T06:20:17Z,2024-08-31T06:25:27Z
UgzXA1Qn-NS9asmwETZ4AaABAg,,False,@lokifrita,"I love how Doyoung's songs are still being discovered after 4 months and covered by many as of now. He created a great healing and fun solo release, our vocalist who has a colorful voice 🩵💙",17,2024-08-31T05:52:58Z,2024-08-31T05:52:58Z
UgyF4STFPUu2LZVRXWt4AaABAg,,False,@1odjj2,도영아사랑해,2,2024-08-31T05:09:07Z,2024-08-31T05:09:07Z
Ugx08QFHCl0zkKyiUsR4AaABAg,,False,@nct127dreamv,도영아 토요일 아침부터 감동받고 힐링 받았어. 노래해줘서 고마워.,5,2024-08-31T01:55:48Z,2024-08-31T01:55:48Z
UgwIJlp64GgZXnWKZcR4AaABAg,,False,@bunnydo6379,thank you for singing,2,2024-08-30T15:14:33Z,2024-08-30T15:14:33Z
Ugy3XQPlRsHqDXUZLPF4AaABAg,,False,@bunnydo6379,🤍🩵,0,2024-08-30T15:14:17Z,2024-08-30T15:14:17Z
UgzqiXwrAHtqJ8r5Fy54AaABAg,,False,@00l205,doyoung fighting!!!!!!!,0,2024-08-29T23:45:05Z,2024-08-29T23:45:05Z
UgyWTJNMJl5vCfuUxgN4AaABAg,,False,@ehduddktkfkdgo,사랑해!! 행복하자!!,1,2024-08-29T12:44:22Z,2024-08-29T12:44:22Z
Ugzz9V9FuSFdDJjCRIF4AaABAg,,False,@hhhappY-100,청량함 그거 김동영이자나,0,2024-08-27T00:10:58Z,2024-08-27T00:10:58Z
UgzYJvI4NsAPIQ9pXTV4AaABAg,,False,@S_alinnaaaaa,🎉🎉,0,2024-08-26T15:36:22Z,2024-08-26T15:36:22Z
Ugza7AlWbjbM9fEjgLt4AaABAg,,False,@Daisy-bx1uo,"우연히 선우정아님이 부른 노래를 듣게 되서 원곡을 들어보려 왔는데 힐링하고 갑니다..!
새봄의 노래같은 노래 추천해주실게 있으면 해주세요!! 더 들어보고 싶습니다:)",3,2024-08-26T05:40:39Z,2024-08-26T05:40:39Z
Ugza7AlWbjbM9fEjgLt4AaABAg.A7aIX7nEVgXA7gJ6prdxlT,Ugza7AlWbjbM9fEjgLt4AaABAg,True,@Etude-dream,"청춘의 포말 앨범 수록곡은 거의 다 추천해요! 
특히 쉼표 나의 바다에게 lost in California 

타이틀곡 반딧불 도 추천합니다❤",1,2024-08-28T13:41:15Z,2024-08-28T13:41:15Z
Ugwem5rmc46Y2IPMaz94AaABAg,,False,@mypawear,โดยองเก่งมาก,0,2024-08-24T03:25:43Z,2024-08-24T03:25:43Z
UgyetSAw4UBIKnNR6UB4AaABAg,,False,@smackdowntofu188,"the cleanest and most real live clip i've ever watched! beginning is such a beautiful song, doyoung you've made something that resonates with a lot of people and you sing it with all your heart conveying it so well to the world. please sing for a long time, doyoung",3,2024-08-22T16:10:33Z,2024-08-22T16:10:33Z
UgyWpztNpM00RA05Gfl4AaABAg,,False,@anisamaharani6757,❤❤❤❤❤,0,2024-08-20T16:06:18Z,2024-08-20T16:06:18Z
UgxYIuSNTSnQPr34FZ54AaABAg,,False,@saebomibaram,Beginning is masterpiece ❤,0,2024-08-12T04:17:07Z,2024-08-12T04:17:07Z
Ugw3uJoonFhK_ynosJl4AaABAg,,False,@Fullsun__0066,김도영 사랑해❤❤❤❤❤,0,2024-08-11T11:24:08Z,2024-08-11T11:24:08Z
UgyvNE4EVR5JByGL6gl4AaABAg,,False,@pinkblood810,🩷🩷💚💚,0,2024-08-09T07:37:14Z,2024-08-09T07:37:14Z
UgwfEzObKAaTBbuiRuR4AaABAg,,False,@smackdowntofu188,"this song is soo beautiful... i feel hopeful every time i listen to this song, it gives me strength... doyoung, thank you for making and singing this masterpiece <3",1,2024-08-09T07:09:19Z,2024-08-09T07:09:19Z
Ugym2ae6i0vqM0BgjHh4AaABAg,,False,@petronellamukumbuta1882,Doyoung the artist you are.,1,2024-08-07T16:03:12Z,2024-08-07T16:03:12Z
Ugz3Sp6UWRPJJBk-S854AaABAg,,False,@janjanjanjanjanj,"진짜.. 듣고 들을 수록 눈물 나고 싶은 느낌이야
어떻게 이렇게나 아름다운 노래를 만들고 부를 수 있을까..
노래를 해 줘서 고마워 도영아 🤍",0,2024-08-06T15:11:56Z,2024-08-06T15:11:56Z
UgzrO9Ojb_JSr-LstdR4AaABAg,,False,@__masquerade,"도영씨 가수해줘서 진심으로 감사합니다
익명을 빌려 남기자면, 얼마전까지 회사 부서 내에서 따돌림을 당하고있었습니다. 문자 그대로 '매일매일'이 지옥같은 날들이었습니다. 사무실 문 밖을 내딛는 순간 눈물이 터져 울면서 회사에서 지하철역까지 걸어가고, 지하철 안에서도 울고, 집에 도착해서도 펑펑 울었던 날들이 수두룩 했습니다. 퇴사하고싶어도 잘못은 그들이 하는데 왜 내가 퇴사를 고민하고 우는 날들을 보내야하는지 너무 억울했습니다. 아침에 눈뜨면 회사가기싫다는 생각뿐이었습니다.

그러던 중 도영씨의 솔로 앨범 발매 소식을 들었어요. 하나씩 들어보는데 '새봄의 노래'가 저에게 가장 필요한 노래더라구요. 그래서 어느 순간 아침 출근길에 여러 노래를 듣더라도, 회사가 가까워오면 사무실에 도착하는 시간까지 맞춰서 마지막 노래는 꼭 새봄의 노래를 들었습니다. 우울하고 절망뿐인 저에게 노래를 듣는 약3분간의 그 순간만은 희망이라는 게 뭔지 느낄 수 있었고, 절 유일하게 위로해주는 어떤 것이었어요. 비록 새봄의 노래를 듣고 출근을 하더라도 제 하루는 따돌림을 피해갈 수 없었지만, 타지에서 혼자 생활하고 꾸역꾸역 하루를 버텨내는 저에겐 새봄의 노래가 유일한 위로고 응원이었습니다.

약 4개월의 직장 내 따돌림이 지나고 전 부서이동을 하게됐습니다. 저는 여전히 새봄의 노래를 들어요. 이제는 아침 출근길에 듣는 새봄의 노래가 더없이 희망차고 긍정적이고 절 미소짓게 만듭니다. 마음이 건강할 때 듣는 새봄의 노래는 제게 또 다르게 다가오더라구요. 정말 다행이지요.

'청춘의 포말'은 4월에 발매됐지만 저에게는 이 무더운 여름까지도 새봄이 느껴져요. 저에게도 이제야 봄이 왔어요. 거의 매일 울면서 퇴근하고 악몽만 꾸던 봄이 아니던 저의 4~7월동안 아름다운 도영씨의 음색으로, 진심어린 가사로, 청춘의 포말 노래들로 절 위로해주셔서 정말 감사합니다

도영씨가 더 크고 더 대중적인 가수가 되시길 진심으로 응원해요. 노래가 엄청난 힘이 있다는 걸 또 보여주세요. 도영씨가, 김동영이라는 사람이 가수라서 정말정말 감사합니다. 남들을 아끼고 사랑을 빌어주는 만큼 도영씨도 온전히 사랑받길 바라요.

익명의 공간을 빌려 다시 한 번 도영씨에게 가수해주셔서 감사하단 말 전합니다.",544,2024-08-05T11:03:21Z,2024-08-05T11:03:21Z
UgzrO9Ojb_JSr-LstdR4AaABAg.A6knlHEh1K3A817Bwb7pb-,UgzrO9Ojb_JSr-LstdR4AaABAg,True,@lee-w3e-v9v,"잘견뎌줘서 고마워요
앞으론 좋은일들이 많아지길~~

다지나갑니다",31,2024-09-06T01:00:23Z,2024-09-06T01:00:23Z
UgzrO9Ojb_JSr-LstdR4AaABAg.A6knlHEh1K3A82cwIo-KTm,UgzrO9Ojb_JSr-LstdR4AaABAg,True,@sooyeon0122,"이런거보면 음악의 힘이 대단하죠. 같은 아픔이 있어 저는 너무 공감이 되네요.

전 학창시절 내내 한 그룹가수의 팬이었어요. 너무 힘든날엔 학교대신 공방도 다녔었는데... 너무 잘버텨주셨어요. 먼훗날 지나 돌이켜보면 그런 생각 들더라구요. '그때만큼 힘들지 않으니까 난 뭐든지 할수있지~'라구요. 꼭 그런때가 온답니다. 

아무쪼록 항상 건강하시고 이루시고 싶은 모든 것들 다 이루어내시길❤",25,2024-09-06T15:05:42Z,2024-09-06T15:05:42Z
UgzrO9Ojb_JSr-LstdR4AaABAg.A6knlHEh1K3A87DdVUiRH8,UgzrO9Ojb_JSr-LstdR4AaABAg,True,@봄나래,"이겨내줘서 고마워요, 앞으로 살면서 행복할 일만 많으시길 바랍니다",14,2024-09-08T09:52:09Z,2024-09-08T09:52:09Z
UgzrO9Ojb_JSr-LstdR4AaABAg.A6knlHEh1K3AA2EBopGn8w,UgzrO9Ojb_JSr-LstdR4AaABAg,True,@김민정-u1l,잘견더줘서감사합니다❤  댓글보니. 좋네용,6,2024-10-26T04:23:33Z,2024-10-26T04:23:33Z
UgzrO9Ojb_JSr-LstdR4AaABAg.A6knlHEh1K3ABO-FkL5t_6,UgzrO9Ojb_JSr-LstdR4AaABAg,True,@핫또그-y8j,"잘 지내나요? 눈이 펑펑 내린 겨울이지만, 늘 벅참과 설렘이 함께하는 봄이 함께하길, 나에게도 봄이 오길 바라며 댓글 적어봐요.
오늘도 고생 많으셨어요.",10,2024-11-28T11:47:42Z,2024-11-28T11:47:42Z
Ugyy6695kF-ZbsTkJiB4AaABAg,,False,@nurarifahaishahnorazman4623,I'm still here!!!,1,2024-08-02T06:05:26Z,2024-08-02T06:05:26Z
UgxFRsd7ejRbTw4d1nV4AaABAg,,False,@sarahaulia9294,doyoung voice is really smooth and comfort to listening,3,2024-07-31T16:59:21Z,2024-07-31T16:59:21Z
UgwgxSzFgZtzAyoy8f54AaABAg,,False,@higher2222,도영님 콘서트 가고 싶은데 나이가 안 차서 못 가요.비록 가지는 못해도 마음만큼은 1등석이라구요♡♡♡,0,2024-07-29T06:35:12Z,2024-07-29T06:35:12Z
UgxOqEId4bLpZ5Y3i9x4AaABAg,,False,@nyty21,So beautiful,0,2024-07-26T02:36:30Z,2024-07-26T02:36:30Z
Ugwl--Xpte78_6x-BEN4AaABAg,,False,@yumyumnyam,천사 아니야,1,2024-07-23T12:49:23Z,2024-07-23T12:49:23Z
UgzSEc9TLN1rL1tYi1d4AaABAg,,False,@kongeeee0313,여기 장소가 어딜까요,0,2024-07-22T06:39:00Z,2024-07-22T06:39:00Z
UgwPrh6EQJk_hlRpM1d4AaABAg,,False,@fairystarss,i'm falling in love with her again and again,1,2024-07-21T04:12:08Z,2024-07-21T04:12:08Z
Ugy-M26gRfQeD2_j4od4AaABAg,,False,@nyty21,"Can't stop listening this beautiful song. Doyoung, thank your wrote this song",0,2024-07-18T18:57:14Z,2024-07-18T18:57:14Z
UgzJ1Q921xOtiMpQMzt4AaABAg,,False,@hellomymusic1110,"아 진짜 모든 앨범 전곡이 다 좋아 ㅠㅠㅠ
오랜만에 500년 만에 내 심장을 뛰게 하는
노래가 나왔어.... 도영님 그냥 계속 가수 해주세요 또 앨범 좀 내주세여ㅡ........
사는 동안 돈도 많이 벌고,복만 받으세여",14,2024-07-18T08:37:49Z,2024-07-18T08:37:49Z
UgyXzXw2aZe-OMi7JtZ4AaABAg,,False,@sunshine_zz,노래 진짜 잘만든거같음,6,2024-07-17T08:19:02Z,2024-07-17T08:19:02Z
UgxP4oW3saBQ20i4YEl4AaABAg,,False,@jam444kyu,0:44 - 1:13 is pure perfection,0,2024-07-17T08:12:21Z,2024-07-17T08:12:21Z
UgxKxNRCXIhtaxpPjKh4AaABAg,,False,@higher2222,학교에서 계속 흥얼거렸네요.눈물나는 노래여...번창하시길...도영님 저랑 같은 나라에서 살아주셔서 감사합니다.,3,2024-07-17T04:46:20Z,2024-07-17T04:46:20Z
UgzgA1DH1BTzw35TgN14AaABAg,,False,@みち-b4i,EVNNE의 승언이 커버하고 있어서 이 곡을 알게 되었습니다!! 정말 감동하는 곡이네요ㅠㅠ 역시 승온이 좋아하는 멋있는 선배입니다♡,9,2024-07-16T21:20:34Z,2024-07-16T21:20:34Z
UgxvHvsoI4vaF54NCmJ4AaABAg,,False,@ielei,Another could've been the title track,0,2024-07-15T19:07:55Z,2024-07-15T19:07:55Z
UgxMYwjXC-NA1FgAh7x4AaABAg,,False,@SUNNY-f6d7r,도영을 지금이라도 알게되서 도영이라서 도영 목소리로 도영이 만든 노래 들으니 너무 좋네❤❤❤❤❤❤❤❤❤❤,0,2024-07-08T13:07:21Z,2024-07-08T13:07:21Z
UgxppezMoX1RFGKHp_14AaABAg,,False,@taeminismymiracle,i love so much this song 😭😭,1,2024-07-08T07:44:34Z,2024-07-08T07:44:34Z
UgwY_QkxO4TXMzyuriJ4AaABAg,,False,@TKKIM-GOLF,선우정아가 부르는거 보고 온사람 좋아요!,2,2024-07-08T04:39:09Z,2024-07-08T04:39:09Z
UgwkRoBVnjwuWNsbZFt4AaABAg,,False,@Dodolove-f4x,I'm so happy because this Beginning is loved by many people,1,2024-07-06T14:52:43Z,2024-07-06T14:52:43Z
Ugwxy1GOLhu31r8OjBR4AaABAg,,False,@joo58144,도영아 보고싶어,3,2024-07-06T02:46:16Z,2024-07-06T02:46:16Z
Ugx6-nWY5u9VE5tqpTV4AaABAg,,False,@janjanjanjanjanj,사랑한다면 되나..? 이 사람이 사랑할 수 밖에 없으니까 ㅜㅜ 더 대박나라 향해만 날아가기를 빌게 🩵,3,2024-07-04T17:57:36Z,2024-07-04T17:57:36Z
UgyNqpX4hHMAkyB73bx4AaABAg,,False,@pooja9256,Iam literally addicted to his voice,3,2024-07-02T17:58:00Z,2024-07-02T17:58:00Z
UgxJUMXO9_8RGdN-_6h4AaABAg,,False,@xxmimi5562,Wow,2,2024-06-27T13:00:18Z,2024-06-27T13:00:18Z
UgwzAEHLt-es1-6Uy_B4AaABAg,,False,@hanakeyyyy,Doyoung sounds so good it makes me cry😭❤❤❤,2,2024-06-26T07:19:52Z,2024-06-26T07:19:52Z
UgySsDedEwbVn0xyKlF4AaABAg,,False,@eriyanist,2:26 my favorite,0,2024-06-23T11:59:20Z,2024-06-23T11:59:20Z
Ugzp-gR1AY8oW5qYwBZ4AaABAg,,False,@deguldegul11,"도영님 안녕하세요….! 이번에 내신 노래 새봄의 노래 듣게 되고 너무 좋아서 가사도 필사해봤는데 감상평을 꼭 들려드리고 싶어서 댓글이라도 남겨요. 물론 안보실 것 같긴 하지만 그래도 전달은 해야 제 직성이 풀릴 것 같아 보내는 이기적인 말들이니.. 그냥 한번 들어주세요!
 노래가 너무 좋아서, 그리고 가사는 더 좋아서 마음의 병 때문에 힘들던 제게 힘이 됐어요. 그래서 가사 필사 하면서 진득하게 읽어봤어요. 노래 처음 듣고 든 생각은 영화 <괴물> 인데요. 혹시 고레에다 히로카즈 감독의 영화 <괴물> 아시나요? 그 영화 속 미나토와 요리가 서로에게 불러주는 노래같다는 생각이 들었어요. 진짜 ‘나’를 찾은 우주에서 다시 만나자는 이야기같아서 미나토와 요리가 가장 먼저 생각났고, 자연스럽게 눈물이 맺혔어요.
 그리고 두번째로 도영님이 이 노래를 부를 때, ‘너’라고 지칭하는 사람이 꼭 사랑하는 사람이 아니더라도, 저 하늘을 높게 날아 우주를 건너 만날 수 있는 진짜 자아를 찾은 또 다른 ’나‘라고 생각하고 불렀을 수도 있겠다, 생각했어요. 이 노래를 부르며 상상 속의 바다를 건너 만나게 될 진짜 나를 만났을 때를 ’새 봄‘이라고 칭하는거구나, 그리고 이 내용이 혼란스러운 청춘을 맞이한 도영님과 듣는 사람들에게 공감을 불러일으킬 수 있을 것 같다는 생각을 했어요.
 실제로 저도 이 노래를 들으면서 정말 마음이 몽글몽글해짐을 넘어서 또 다른 희망을 찾게 된 것 같은 생각이 들었어요. 좋은 노래 좋은 앨범 내주셔서 감사합니다!! 앞으로도 쭉 노래해주세요 도영님 팬 됐어요 정말!!🔥😭🩵
 긴 글 읽어주셨다면 정말 감사하고 안읽으셨어도 하고 싶은 말들 다 한 것 같아 마음은 후련하네요 안녕히 계세요..🙌🏻 행복하십셔!!",56,2024-06-19T08:00:23Z,2024-06-19T08:00:23Z
UgyHOH9cGEwOIQbwb994AaABAg,,False,@sosommw,내가 좋아하는 사람이 응원해주는 청춘은 정말 아름다운 거구나,4,2024-06-17T10:02:57Z,2024-06-17T10:02:57Z
UgySpVmuGCuigZUmitZ4AaABAg,,False,@sosommw,시간이 지날수록 도영이 음악이 얼마나 깊은 여운을 담은 곡인지 느껴져서…정말 너무 좋아,3,2024-06-17T10:01:29Z,2024-06-17T10:01:29Z
Ugx4re5ysf7AmDEPONp4AaABAg,,False,@user-ic5kw3xf3m,"도영아너무사랑해
너가 부르는 노래 들을때마다 너무 행복하고 좋아 노래불러줘서 진짜고마워💕💕",2,2024-06-16T15:29:54Z,2024-06-16T15:29:54Z
UgxP4N1XKJ3sYVK7MY94AaABAg,,False,@KIM-kz6yy,My daily healing song,5,2024-06-14T15:23:08Z,2024-06-14T15:23:08Z
UgwRj7hn-DIGAlQsSN94AaABAg,,False,@Laaammee,💞,1,2024-06-12T07:49:15Z,2024-06-12T07:49:15Z
Ugyg0T8jW4K8D1uPHfJ4AaABAg,,False,@HoaNhật-n2q,Doyoung's whole album deserves a youth-vibe drama/movie for itself,4,2024-06-12T01:12:22Z,2024-06-12T01:12:22Z
UgydeGrYAHJ8DTQkMzd4AaABAg,,False,@HoaNhật-n2q,"Doyoung is handsome, yet hardworking and talented",3,2024-06-12T01:11:23Z,2024-06-12T01:11:23Z
UgwrRtmlAEKW5BvC-Mh4AaABAg,,False,@asteriakurniawan532,"DY, although many Indonesian czenies are leaving you, I will not.. and I’ve decided to support you & NCT because I believe that you & all of the members are actually have a good heart. Just pray & be strong. Keep blossom & spread your love to us.",0,2024-06-11T01:14:28Z,2024-06-11T15:30:00Z
UgwrRtmlAEKW5BvC-Mh4AaABAg.A4X7e0s0u9rA4ZhMuDkXyU,UgwrRtmlAEKW5BvC-Mh4AaABAg,True,@HoaNhật-n2q,"Thank you so much for giving him love and support 💗I wish you all the best, really",1,2024-06-12T01:13:47Z,2024-06-12T01:14:20Z
UgxOlrHNVNj5u-H1Jvh4AaABAg,,False,@ws1p,수컷 버전 아이유,3,2024-06-09T12:45:38Z,2024-06-09T12:45:38Z
UgyrmaULzcXYJ3hWy_N4AaABAg,,False,@wariratb9497,รักเสียงโดยองคิม 🩵,1,2024-06-09T10:51:12Z,2024-06-09T10:51:12Z
UgzeQZonUZ7-k5MQQpd4AaABAg,,False,@venuslilith,❤❤❤❤❤❤❤,0,2024-06-08T14:54:55Z,2024-06-08T14:54:55Z
Ugyr1NL6VwHUJ8-VYWB4AaABAg,,False,@sibz5793,❤,0,2024-06-08T04:41:12Z,2024-06-08T04:41:12Z
UgzWpNZicfkBgit5bXB4AaABAg,,False,@andonqi,"What a beautiful song, Doyoung! Can't wait to hear this live",5,2024-06-07T16:36:19Z,2024-06-07T16:36:19Z
UgyaD2hTwP0UJh0vWqd4AaABAg,,False,@energy_zero,"봄의 또 다른 이름, 청춘은 누구에게나 찰나이기 때문에 더 아쉽지만 찬란한 그 마음이 노래에 잘 담겨있네용 .. 남자 보컬 중에서 봄을 노래하는 초록의 목소리로는 독보적인 것 같아요,, 좋은 노래 감사해요☘️",6,2024-06-06T08:25:31Z,2024-06-06T08:25:31Z
UgxSUM6klfADFR1yqDJ4AaABAg,,False,@방탄-t5y,i'm living for this beautiful masterpiece of doyoung ♥︎,4,2024-06-03T18:06:59Z,2024-06-03T18:06:59Z
UgwoHZvUNtkZtpXwhNJ4AaABAg,,False,@dlkanis9861,💚💚💚💚,1,2024-06-01T15:47:53Z,2024-06-01T15:47:53Z
Ugw8d6sBGqY1idjRizt4AaABAg,,False,@dlkanis9861,❤❤,1,2024-06-01T15:47:46Z,2024-06-01T15:47:46Z
UgwpYPFsV8qVIjIsImB4AaABAg,,False,@dlkanis9861,💗💗,1,2024-06-01T15:47:27Z,2024-06-01T15:47:27Z
UgypJy4jMvQuMg70Z5Z4AaABAg,,False,@mynameis4389,"쾌청한 푸른 하늘, 푸르른 대지, 햇빛이 들어오는 상쾌한 숲, 온화하게 반짝반짝 빛나는 바다... 당신은 정말 자연이 어울리네. 지구에 사랑받고 있는 것 같아.",2,2024-06-01T11:59:17Z,2024-06-01T11:59:17Z
Ugxsji80FxEyL33WhdN4AaABAg,,False,@vanisa2481,Doyoung I can't say anything because your voice is too beautiful to describe,4,2024-05-29T16:31:09Z,2024-05-29T16:31:09Z
UgwvSqvozyek5NjiF7l4AaABAg,,False,@bin3347,콘서트 끝나고 아쉬워서 또 보러왔어… 도영아 노래해줘서 고마워🍀,2,2024-05-29T06:27:22Z,2024-05-29T06:27:22Z
UgxyyoykCf0B2Zlopdx4AaABAg,,False,@stantheboyz1206,The OST of the first quarter of my life. Thank you for this amazing song Doyoung,1,2024-05-28T11:03:07Z,2024-05-28T11:03:07Z
Ugy6ax6qYdr86N0550d4AaABAg,,False,@lilackpop,Esse álbum é todo perfeito! Nosso Doyoung merecia mais,2,2024-05-26T12:09:33Z,2024-05-26T12:09:33Z
Ugz-2iqoILoJD1T1QLJ4AaABAg,,False,@hiririlll,도영 덕분에 진짜 너무 행복함 ㅠㅠㅠㅠㅠㅠㅠ,3,2024-05-26T11:45:17Z,2024-05-26T11:45:17Z
Ugy1OnOPReufqXL0mPh4AaABAg,,False,@noviaarifini,😍,1,2024-05-26T06:33:18Z,2024-05-26T06:33:18Z
Ugx_qNzuetZAcKxJwHt4AaABAg,,False,@dymylove21,Doyoung helped in writing the song. Doyoung you are a genius,2,2024-05-26T00:49:16Z,2024-05-26T00:49:16Z
Ugz9IB6Jmh4ICZPi7gN4AaABAg,,False,@Chanlan_2,이 노래를 듣고 있는 순간이 정말 행복해💙,4,2024-05-23T04:58:27Z,2024-05-23T04:58:27Z
UgxXHxX_gGF5xwERb9t4AaABAg,,False,@alinaaaaaa3771,So beautiful and peaceful voice our doyoungii🎉🎉😢❤❤❤❤,2,2024-05-22T08:18:39Z,2024-05-22T08:18:39Z
UgwQ2OlOzC_IqjGKKX94AaABAg,,False,@asteriakurniawan532,"Doyoung suaramu indah sekali.. 
Doyoung your voice is so beautiful..",3,2024-05-21T15:45:36Z,2024-05-21T15:45:36Z
UgzB7uU_UiR_985DvgR4AaABAg,,False,@수댕이-k4v,고3인데.. 가사가 너무 좋다...자라나는 새싹들에게 희망을 심어주는 느낌..,81,2024-05-21T02:58:00Z,2024-05-21T02:58:00Z
UgzB7uU_UiR_985DvgR4AaABAg.A3gEnuBk1GeA3hjSla2Q3g,UgzB7uU_UiR_985DvgR4AaABAg,True,@Etude-dream,"쉼표 - 이 노래도 들어보세요! 저는 대학 졸업한 수험생인데 이 노래 듣고 많이 위로받았어요 
입시 대박나세요 화이팅 ❤",8,2024-05-21T16:53:50Z,2024-05-21T16:53:50Z
UgzB7uU_UiR_985DvgR4AaABAg.A3gEnuBk1GeA3iPeAwE81y,UgzB7uU_UiR_985DvgR4AaABAg,True,@수댕이-k4v,@@Etude-dream 헐...감사합니당..😢,2,2024-05-21T23:11:16Z,2024-05-21T23:11:16Z
UgzlTb_JCc8fJ6Eb4Y54AaABAg,,False,@백성인-i5r,노래방에 좀 있었으면 좋겠습니다. 좋은 노래 감사합니다.,5,2024-05-20T18:14:45Z,2024-05-20T18:14:45Z
Ugyoywej8ordeOMimAV4AaABAg,,False,@엄-f1k,평소 서은광씨 보컬 좋아하는데 좀 더 부드러워진 느낌이라 너무 좋네요 앞으로의 발전이 기대되는 가수입니다,7,2024-05-20T09:54:39Z,2024-05-20T09:54:39Z
UgzEtlkHbb1TqLO2GY14AaABAg,,False,@강수인-m5o,노래 좋다~~~❤❤nct127 데뷔 7년 넘은 이제야 입덕한게 인생 가장 큰 실수..,8,2024-05-20T06:54:56Z,2024-05-20T06:54:56Z
UgzGKNybmHKGv62viRl4AaABAg,,False,@Always_eating_rice_dinoya,평소에 노래만 들었는데 여기까지 오게 되었네요. 목소리로 다른 사람들의 마음을 움직일 수 있다는게 정말 멋지다고 생각해요. 앞으로도 좋은 노래 많이 들려주시길 기대할게요,13,2024-05-19T16:43:03Z,2024-05-19T16:43:03Z
Ugye6zwwHMItwzOuAaN4AaABAg,,False,@토토-i9r,햐❤ 노래 너무좋아요,5,2024-05-19T14:28:58Z,2024-05-19T14:28:58Z
UgxxE8MkcGpwpGh6j5R4AaABAg,,False,@Dang56-f1j,"친구 추천으로 들었다가 맨날 이 앨범만 듣고 있어요… 여름에 듣기 너무 좋네요!
좋은 노래 만들어줘서 너무 고마워요!!",15,2024-05-18T09:56:42Z,2024-05-18T09:56:42Z
UgwYcd3k1y_IbhKJpNB4AaABAg,,False,@giselladwiputri6331,Berasa di dunia fantasi atau anime 💕☺️😣,1,2024-05-18T00:16:41Z,2024-05-18T00:16:41Z
UgxmhgYqZ4-krpRCkp54AaABAg,,False,@keunyoung772,NCT는 잘 모르지만 도영님은 궁금해지네요.. 이런 가사와 멜로디를 만들 수 있는 사람이라니❤,44,2024-05-17T13:08:02Z,2024-05-17T13:08:02Z
UgwGBVhBHKXl9Ut_x4B4AaABAg,,False,@haddody,doyoung is just amazing,2,2024-05-17T00:55:19Z,2024-05-17T00:55:19Z
Ugz8YqEtw1DHot097EJ4AaABAg,,False,@Red_1987,"This voice is just like a whisper and a scream into my soul. To me it's so intrinsic that I get goosebumps in seconds. 
How is is possible? It's my first time listening😮",8,2024-05-16T22:05:08Z,2024-05-16T22:05:08Z
Ugy6ISleyJT4BaTVSx14AaABAg,,False,@soultree1201,노래 너무 좋다,2,2024-05-16T21:33:00Z,2024-05-16T21:33:00Z
Ugxosr2hjP_8buEvcqB4AaABAg,,False,@dydoyoung2012,Beautiful voice 🩵🩵,1,2024-05-16T18:12:13Z,2024-05-16T18:12:13Z
Ugxsd4QB1bGVRBSZ2Kd4AaABAg,,False,@heydayha,"노래 가사가 내 의식의 흐름 같다ㅋㅋㅋㅋㅋ이어지지는 않는데 예쁜말이 차고 넘쳐 매일 나를 응원하는 내 의식 흐름, 그냥 좋은 말 반복이라 익숙해서 굳이 이해하려고도 하지 않아 매일이 낯선ㅋㅋ",8,2024-05-16T14:39:17Z,2024-05-16T14:39:17Z
Ugxh7dpBF1Um1oZ5AoZ4AaABAg,,False,@jasmineskrmango6885,"自然に涙が出てきました
とても大好きな曲です。ドヨンさんの歌声が大好きです。
ドヨンさんソロ本当におめでとうございます。",6,2024-05-16T12:50:54Z,2024-05-16T12:50:54Z
Ugxdmg8IycRvnnWsqH54AaABAg,,False,@viewnalink,Beautiful voice 💕,1,2024-05-15T16:21:58Z,2024-05-15T16:21:58Z
UgwjO4Uiso2tv69CXkp4AaABAg,,False,@꽃꽃-e3p,요새 매일 들어요 노래 너무 좋아요,3,2024-05-15T13:49:54Z,2024-05-15T13:49:54Z
Ugw2G9wUxkrwVtSSRAF4AaABAg,,False,@hjlee9633,아이돌 잘 모르는데 도영은 진짜 멋지고 노래도 좋다 ㅠ 요즘 무한반복중,17,2024-05-14T07:21:38Z,2024-05-14T07:21:38Z
UgwnqBfzX9-k2sy4bFd4AaABAg,,False,@kiim_jji5463,Как красиво всё выглядит (⁠っ⁠˘̩⁠╭⁠╮⁠˘̩⁠)⁠っ,1,2024-05-13T02:02:14Z,2024-05-13T02:02:14Z
UgxJMuuy2WsJh6tLe1h4AaABAg,,False,@kiim_jji5463,Атмосфера такая приятная... (⁠๑⁠♡⁠⌓⁠♡⁠๑⁠),1,2024-05-13T02:02:03Z,2024-05-13T02:02:03Z
Ugy6lJNtzT3LLUqPls14AaABAg,,False,@정윤서-l3t,도영옵 최고💚💚,1,2024-05-13T01:24:18Z,2024-05-13T01:24:45Z
UgyXsrpfQB1o5wKxERd4AaABAg,,False,@hyunwool7954,"새봄의 노래 진짜 역대급으로 좋아서 소름돋았음,,",8,2024-05-12T19:59:04Z,2024-05-12T19:59:04Z
Ugwg0ggSlb4raSDut6h4AaABAg,,False,@smstanenjoysqualitycontent7891,"Doyoung composed and wrote the lyrics for this is always be remembered for a long time~ on top of singing it so beautifully. Thank you for singing, Doyoung",7,2024-05-12T15:57:12Z,2024-05-12T15:57:12Z
UgyjKKQcoqPg1J7D8dx4AaABAg,,False,@dearmydearest,So so good best song from the album 😭🥹,4,2024-05-12T12:28:59Z,2024-05-12T12:28:59Z
Ugz4vPyLhQ9W-Ob-cnd4AaABAg,,False,@in_one_summer,최근에 들은 앨범 중에 몇 안 되게 정말 좋은 앨범이었음 모든 트랙 다 잘 듣고 있어요,11,2024-05-12T11:26:46Z,2024-05-12T11:26:46Z
UgyhhuYlv59SIuq39G14AaABAg,,False,@hyesung_dailydose,"동영아 노래 너무 좋다
나의 최애 봄 노래가 될 수 있을 만큼 좋다
이런 노래는 너와 너의 목소리랑 도 잘 어울린다
아무튼 아직 봄이 안 오던 핀란드에서 사는 나의 마음을 아름다운 너의 봄 노래로 참시나마 따뜻하게 해주고 꿈을 꾸게 해줘서 고맙다",7,2024-05-12T08:51:26Z,2024-05-12T08:52:38Z
UgzvgczPK-oXEnORXoR4AaABAg,,False,@alid588,"THE HIGH NOTE, DAMN",2,2024-05-12T04:46:02Z,2024-05-12T04:46:02Z
UgzzmQFJrDn9WrlS0Ft4AaABAg,,False,@Kjh-r3d,🩵🩵🩵🩵🩵🩵,1,2024-05-11T13:01:27Z,2024-05-11T13:01:27Z
UgwBTv9s91m4F130XEx4AaABAg,,False,@pillkyuu_,aigokkk,1,2024-05-11T06:09:49Z,2024-05-11T06:09:49Z
UgzU1E-BZHMw36-1Vkh4AaABAg,,False,@ulfiarifah,Beautiful song ♡♡,1,2024-05-10T16:21:26Z,2024-05-10T16:21:26Z
UgxMn9NsV8Kh249L4-V4AaABAg,,False,@jjvely_sy,초록초록한 배경이랑 너무 잘어울리고 노래자체가 너무 황홀해..매년 봄마다 생각날듯,7,2024-05-10T16:11:46Z,2024-05-10T16:11:46Z
UgyrIsITew1yLx77L3l4AaABAg,,False,@annejung197,Tq doyoung for working hard❤,1,2024-05-10T11:19:21Z,2024-05-10T11:19:30Z
Ugzm_2ac0BBN-q6-B2V4AaABAg,,False,@chilldeelawn7575,"this song is majestic🥹⭐️⭐️✨✨☁️☁️🪐 thanks for singing and make this song, Doyoung. his voice is so soft, he is IU’s lil brother🥹🥹",11,2024-05-10T07:00:19Z,2024-05-10T07:00:19Z
UgwK8ooiO5BBMxTuUJ14AaABAg,,False,@rahayusetyowatinugroho,Mic nya cute 🥰,1,2024-05-09T22:03:10Z,2024-05-09T22:03:10Z
UgykAMfvsXqyFmrFrmZ4AaABAg,,False,@체리링-u3b,새봄의 노래가 바람타고 멀리 퍼져 모두가 도영이의 목소리를 듣게 됬으면 좋겠어요💚,5,2024-05-09T10:19:44Z,2024-05-09T10:19:44Z
Ugw-KeuOp1GjxZkKubl4AaABAg,,False,@gumanjo,노래방 언제나옴,3,2024-05-09T09:15:04Z,2024-05-09T09:15:04Z
UgxlWYcBLYmzMGXQzh94AaABAg,,False,@서인숙-t8r,조카가 들어보라해서 듣는데 일단 엄청 진지하고 노래를 찰하네요. 단정하고 착한 도형군!!  흥하세요!!,8,2024-05-08T13:30:38Z,2024-05-08T13:30:38Z
UgzLQnFM7U7TBk5c-XZ4AaABAg,,False,@sandralinares1193,"Dado y su voz privilegiada, amo como canta y todo él ❤💙💙💙💙💙",0,2024-05-07T22:56:33Z,2024-05-07T22:56:33Z
UgzOBdcBmmi-KoNaAWp4AaABAg,,False,@bymboogles,"This song is magical, Doyoungie!",1,2024-05-07T20:42:51Z,2024-05-07T20:42:51Z
Ugz2My7llTzTvdBGTRV4AaABAg,,False,@zinnianayanika7026,Doyoung's voice ~~~ so beautiful,1,2024-05-07T16:10:38Z,2024-05-07T16:10:38Z
Ugz37x1x3v4C9Ri6Z6d4AaABAg,,False,@annanatalia3485,"새로이 불어오는 새봄의 바람
부를게 바람 따라 더 퍼질 노래
겨울 지나 피어난 내 꿈과
소원을 말할 수 있게

초록을 담은 이 도시를 껴안아
날아 더 위로
저 하늘 닿을 때까지

우주를 넘어 뛰어놀 수 있다면
나의 바다를 건너 함께 날 수 있다면
노래를 타고 내 꿈에 닿을 때까지
내 우주를 넘어 부를게
새봄의 노래를

달려가 상상 속의 별들의 바다
부를게 반짝이는 새벽별처럼
어둠 끝에 기다린 널 만나
영원히 꿈꿀 수 있게

길을 잃었던 날 지켜준 계절과
날아 더 위로
이 세상의 끝까지

우주를 넘어 뛰어놀 수 있다면
나의 바다를 건너 함께 날 수 있다면
노래를 타고 내 꿈에 닿을 때까지
내 우주를 넘어 부를게
새봄의 노래를

구름에 가려 빛을 잃었던 날
바래진 밤 위로 별을 찾을 때까지
날개를 달아
저 파도를 따라
눈앞에 펼쳐진 수평선까지
날아 저 하늘 위로

저 우주를 함께 날아갈 거야
온 세상을 가득 벅차게 노래할 거야
이 노랠 타고서 내가 꿈꿔왔던
그곳에서 만나, 너에게
새봄의 노래를",1,2024-05-07T10:33:25Z,2024-05-07T10:33:25Z
UgyQAi54k-lzmEVICzp4AaABAg,,False,@w_uth,I’ve been listening to Doyoung’s album everyday and it still keeps on getting better and better every time I listen to it 😭,0,2024-05-07T09:35:16Z,2024-05-07T09:35:16Z
UgyenG6wN_yogqLqUuN4AaABAg,,False,@카피바라TV-h4e,참 맑네요 노래가..  너의 이름은 인가요 그 애니도 생각이 납니다❤,3,2024-05-07T09:09:24Z,2024-05-07T09:09:24Z
UgzJTeQdqqSWD9TXDlh4AaABAg,,False,@Survey-ei1eg,난 정말 좋아. 도영님 목소리도 완벽했어요. 도영님 목소리도 완벽했어요. 앞으로도 도영이를 응원하겠습니다🩷,2,2024-05-06T12:48:23Z,2024-05-06T12:48:23Z
UgziUHJVyiv__Hhjf5F4AaABAg,,False,@Rjwu1828,도영님의 노래지만 선우정아 커버가 너무 좋다,1,2024-05-06T11:32:49Z,2024-05-06T11:32:49Z
Ugzg78voLcU_Y5xB_pZ4AaABAg,,False,@ANDYSHO127,🩵🩵,1,2024-05-06T11:01:53Z,2024-05-06T11:01:53Z
UgxCvbTmVQix46rjWFR4AaABAg,,False,@ddo_xy2,도영이가 작사한 노래가 너무 내취향인 노래여서 이번 앨범중에 젤 와닿는듯ㅠㅠ,4,2024-05-06T10:54:56Z,2024-05-06T10:54:56Z
UgyHegSj3NrmO3KCKLN4AaABAg,,False,@Injunprettylittle,"Que lindo se ve, esta canción me encanta!!",0,2024-05-06T00:32:23Z,2024-05-06T00:32:23Z
UgyTG2MsHCMwsE7lzsN4AaABAg,,False,@김승희-m1j,도영군 노래가 참 좋아요~,3,2024-05-06T00:20:49Z,2024-05-06T00:20:49Z
Ugzm4ggOX9mJNBLS2Kt4AaABAg,,False,@mmveelee,"My favorite song on the album!! Wow, I love the direction Doyoung went with this album. 
Also, if you enjoy these types of songs, also check out ONEWE. Their music is amazing~",1,2024-05-05T18:14:42Z,2024-05-05T18:14:42Z
UgyANAOf811TUikMDi14AaABAg,,False,@mad_city_seoul,와 첫 장면부터 너무 존잘이라서 깜짝 놀랐잖아요 도영아,4,2024-05-05T17:28:53Z,2024-05-05T17:28:53Z
UgwAiWV5GydiORYiI5p4AaABAg,,False,@woojuinzio,앨범 가득 내가 좋아하는 것만으로 가득해서 너무 좋아💚🌿✨💙,1,2024-05-05T16:07:06Z,2024-05-05T16:07:06Z
Ugwaz8TOxHEYDBsCRoJ4AaABAg,,False,@seoyeowi721,노래 너무 좋다 진짜 도영아 사랑해ㅜㅜㅜ,2,2024-05-05T08:16:33Z,2024-05-05T08:16:33Z
Ugy14NRPaQPz8UZQEiN4AaABAg,,False,@meelay3663,my fav one💙,0,2024-05-05T04:21:06Z,2024-05-05T04:21:06Z
UgyBDeVpm1IzCmtXc914AaABAg,,False,@말랑말랑-s5h,4월22일에 나온 이 좋은 노래를 이제서야 알고듣네ㅠ 22일이 도영님 첫 솔로데뷔 인가요??,6,2024-05-05T02:01:08Z,2024-05-05T02:01:08Z
UgyBDeVpm1IzCmtXc914AaABAg.A31w_TM8LCsA39OicoHGD0,UgyBDeVpm1IzCmtXc914AaABAg,True,@내새꾸천재강쥐정우킴,네 맞아요ㅎㅎ,1,2024-05-07T23:30:29Z,2024-05-07T23:30:29Z
UgwoNiG0QfO3JvgGvax4AaABAg,,False,@yun_06,the most favorite🥹🫶💚,1,2024-05-04T18:15:51Z,2024-05-04T18:15:51Z
UgzOrj5TjFxy1ARuh454AaABAg,,False,@Veeelleien,Congratulations on your solo album. I really like your songs 💖✨,0,2024-05-04T15:38:58Z,2024-05-04T15:38:58Z
UgyopSMoXkVua4gco414AaABAg,,False,@Menaratmeen,Doyoung's songs are very good. From now on I have to listen to it every day ☺️✨💖,1,2024-05-04T13:10:25Z,2024-05-04T13:10:25Z
UgxbW6Wo6YOXXLqpLXR4AaABAg,,False,@ТатьянаВивюрская,Beginning💖💖💖💖💖💖💖💖💖💖💖💖💖💖💖💖💖💖💖💖💖💖💖💖💖💖💖💖💖💖💖💖💖💖💖💖💖💖💖💖💖💖💖💖💖💖💖💖💖💖💖💖💖💖💖💖💖💖💖💖💖💖💖💖💖💖💖💖💖💖💖💖💖💖💖💖💖💖💖💖💖💖💖💖💖💖💖💖💖💖💖💖💖💖💖💖💖💖💖💖💖💖💖💖💖💖💖💖💖💖💖💖💖💖💖💖💖💖💖💖💖💖💖💖💖💖💖💖💖💖💖💖💖💖💖💖💖💖💖💖💖💖💖💖💖💖💖💖💖💖💖💖💖💖💖💖💖💖💖💖💖💖💖💖💖💖💖💖💖💖💖💖💖💖💖💖💖💖💖💖💖💖💖💖💖💖💖💖💖💖💖💖💖💖💖💖💖💖,0,2024-05-04T12:44:59Z,2024-05-04T12:44:59Z
UgyiRTO1HUJWBxtwxvR4AaABAg,,False,@ТатьянаВивюрская,💖💖💖💖💖💖💖💖💖💖💖💖💖💖💖💖💖💖💖💖💖💖💖💖💖💖💖💖💖💖💖💖💖💖💖💖💖💖💖💖💖💖💖💖💖💖💖💖💖💖💖💖💖💖💖💖💖💖💖💖💖💖💖💖💖💖💖💖💖💖💖💖💖💖💖💖💖💖💖💖💖💖💖💖💖💖💖💖💖💖💖💖💖💖💖💖💖💖💖💖💖💖💖💖💖💖💖💖💖💖💖💖💖💖💖💖💖💖💖💖💖💖💖💖💖💖💖💖💖💖💖💖💖💖💖💖💖💖💖💖💖💖💖💖💖💖💖💖💖💖💖💖💖💖💖💖💖💖💖💖💖💖💖💖💖💖💖💖💖💖💖💖💖💖💖💖💖💖💖💖💖💖💖💖💖💖💖💖💖💖💖💖💖💖💖💖💖💖,1,2024-05-04T12:42:52Z,2024-05-04T12:42:52Z
Ugw-ILpg48CwzYaJskJ4AaABAg,,False,@anakah15,It's so beautiful ♡,0,2024-05-04T12:40:59Z,2024-05-04T12:40:59Z
UgxWBJpouUJtsf4cakN4AaABAg,,False,@m1n1-J,들으면 너무 행복해지는 노래💙,5,2024-05-04T04:37:23Z,2024-05-04T04:37:23Z
Ugwul6yhZWsm1UfouJN4AaABAg,,False,@LOVE_SH.,도영아 너무 조타..힐링 💚💚💙💙,2,2024-05-04T04:10:13Z,2024-05-04T04:10:13Z
Ugxg51knGS0PtxgJKQh4AaABAg,,False,@nolle6692,🩵🩵🩵,0,2024-05-03T15:28:35Z,2024-05-03T15:28:35Z
UgxOdOzunLFljgbpcN94AaABAg,,False,@andhinirs,,0,2024-05-03T15:16:46Z,2024-05-03T15:16:46Z
Ugwl0ndF4agK3Dc-oH54AaABAg,,False,@pandoraspeachy_1150,Doyoung indah bangettt,0,2024-05-03T13:33:26Z,2024-05-03T13:33:26Z
UgxiAcUjrdZaE4KlB7N4AaABAg,,False,@yvonne14salena,His voice is so special amazing,0,2024-05-03T08:39:45Z,2024-05-03T08:39:45Z
UgzWRILMXlo9me47hmF4AaABAg,,False,@Ne0ct,This song bring me to heaven istg,0,2024-05-03T07:39:27Z,2024-05-03T07:39:27Z
UgxvLI_B8J8SoCspyk14AaABAg,,False,@darkchochonute,amazing,0,2024-05-03T07:18:59Z,2024-05-03T07:18:59Z
UgxCJjE5OjGtwu8n7rd4AaABAg,,False,@darkchochonute,love beginning,0,2024-05-03T07:18:31Z,2024-05-03T07:18:31Z
Ugw9HzgrJGA-W5j9OKB4AaABAg,,False,@user-tr3fc8om5m,노래 너무 좋아요..ㅠㅠ팬 아닌데 이번 앨범 미치도록 좋아요...앞으로도 음악 오래오래 해주세요!!,9,2024-05-03T00:08:53Z,2024-05-03T00:08:53Z
Ugw9HzgrJGA-W5j9OKB4AaABAg.A2xa8Yn191kAERi4G_wwEe,Ugw9HzgrJGA-W5j9OKB4AaABAg,True,@user-tr3fc8om5m,"결국 도프됨
버블 결제하고 왔다 도영아 사랑해...❤",0,2025-02-12T12:00:00Z,2025-02-12T12:00:00Z
UgyPvqZh4OaQ7rGrg-N4AaABAg,,False,@maysnowlibrary,"This song and Doyoung’s voice brings so much warmth and comfort in my life. I hope his life will be filled with double the happiness, warmth, and love he gives to his fans.💙💙💙",1,2024-05-02T23:44:52Z,2024-05-02T23:44:52Z
UgzWeQ6Xoy4aPyX8Vyl4AaABAg,,False,@n0cnhaJeongf4m,chấp niệm Beginning,0,2024-05-02T18:30:05Z,2024-05-02T18:30:05Z
UgzI0A4d2KH5Svqrlq54AaABAg,,False,@clrjane,This just in another level of vocal and it have it's unique style doyoung really is genius and amazing making such a song that feels unreal to hear so emotional and comforting at the same time another legendary masterpiece 😭♥ wishing to shine forever DOYOUNG!!!❤✨,0,2024-05-02T13:18:04Z,2024-05-02T13:18:04Z
Ugx6Je7iV33lT4ZgRhh4AaABAg,,False,@eunujung7322,"선우정아님의 노래듣고 원곡 찾아 들으면서 여기까지 왔어요 너무너무 힐링중이에요
노래도 좋고 목소리도 좋고 계속 흥얼거리고 있어요 ㅎㅎ",82,2024-05-02T12:52:30Z,2024-05-02T12:52:30Z
UgyP7OtTO50iwVER8ch4AaABAg,,False,@xyamolimabhuyan27,Waah this is so soothing,0,2024-05-02T12:03:14Z,2024-05-02T12:03:14Z
Ugxc2FZ4aEU2wHim-xp4AaABAg,,False,@juliank8283,와~ 타이틀 보다 이 노래가 더 좋네요~ 주우재님 유투브 보고 왔습니다. 노래 이렇게 잘하시는지 몰랐습니다!!!,5,2024-05-02T11:09:23Z,2024-05-02T11:09:23Z
Ugw1lOW04nl04RHeVE94AaABAg,,False,@김청순-y2n,이거 타이틀곡하지 ㅠㅠ 넘나 아쉬워 ㅠ^^ㅠ  반딧불도 못잃지만❤❤,0,2024-05-02T10:15:33Z,2024-05-02T10:15:33Z
UgwHlbpWBzLaqmTsD0p4AaABAg,,False,@wendy_son,내 사랑 🤩🤩🤩🥸,0,2024-05-02T09:30:37Z,2024-05-02T09:30:37Z
UgyMZBezIjB19g55aRB4AaABAg,,False,@An_even_fuller_sun,Doyoung really came through with this album. I wasn't worried but I was curious what he would make. Rather than making an ost for a drama he made an album of songs that DESERVE a drama.,2,2024-05-02T05:34:18Z,2024-05-02T05:34:18Z
Ugw5XxX_tR43CbWJSBV4AaABAg,,False,@yuqin6324,希望你可以一直热爱着音乐一直都用真挚的心来唱出内心的声音吧~我爱你~~~,0,2024-05-02T03:29:30Z,2024-05-02T03:29:30Z
UgwUiql9xe20D4ap3rF4AaABAg,,False,@briannza3922,doyoung you superstar i love you sm,0,2024-05-02T00:40:31Z,2024-05-02T00:40:31Z
UgzcQ7RkOMR2r_DnXed4AaABAg,,False,@briannza3922,i love singers who can sing,0,2024-05-02T00:40:11Z,2024-05-02T00:40:11Z
UgzivvWMlGGbgDAYmfF4AaABAg,,False,@Tiaaaw.,i am crying listening this song:'(,0,2024-05-02T00:18:39Z,2024-05-02T00:18:39Z
UgxKx1zgpPOUQEQ-lPN4AaABAg,,False,@Tiaaaw.,Cocok banget jadi ost😭😭,0,2024-05-02T00:16:08Z,2024-05-02T00:16:08Z
UgwDG2stsbdku4oIXed4AaABAg,,False,@ainisyafikha,"the beautiful voiceeee, i love this song soooo much. good job doyoung!!! ❤",0,2024-05-01T19:15:55Z,2024-05-01T19:15:55Z
Ugw_0F_dCpTEaDVnhAR4AaABAg,,False,@honbin_my_lover,My boy✨✨-,0,2024-05-01T16:05:35Z,2024-05-01T16:05:35Z
Ugy8XAEKrmk7B0k15ad4AaABAg,,False,@Fivebokkkk,너무좋다,2,2024-05-01T15:52:56Z,2024-05-01T15:52:56Z
UgwB5P7wLVMA62lLuBt4AaABAg,,False,@dudongmark,The song is giving me a K-Drama vibe and my ears are loving it. Doyoung oppa saranghae!,0,2024-05-01T15:26:30Z,2024-05-01T15:26:30Z
UgwQZAXlmd4igw_Fb2t4AaABAg,,False,@MM-vz1ol,ドヨンの歌声から生まれる世界観が壮大で美しい！！,2,2024-05-01T13:53:54Z,2024-05-01T13:53:54Z
UgzV-FHUPhonKFEhI894AaABAg,,False,@김킴-r6u,노래해줘서 고마워 도영아,0,2024-05-01T13:51:33Z,2024-05-01T13:51:33Z
UgxDKWjXxy2-JH4gHfp4AaABAg,,False,@FirstgirlUknow,โดยองเสียงเพราะสุดๆ หยุดฟังไม่ได้เลย 🥹🥰💖✨,0,2024-05-01T13:41:08Z,2024-05-01T13:41:08Z
Ugx3aw4U1fSaCeZQNgp4AaABAg,,False,@shicaBambi,"오빠 진짜 “좋아해“ 그런 말이로 표현 할수없는 만큼 이 노래가 진짜 좋고 오빠 목소리도 너무 좋고 진짜 진짜 좋아해요. 들을때마다 울고같기도하고..아니 그냥 울어요….ㅎㅎㅎ 전 일본인이라서 가사도 다 번역 해서 매일 아침에 힘내고 싶은 그럴때 엄청 힘이 돼요. 오빠 진짜 진짜 고마워요. 오빠가 행복했으면 저도 행복해요. 오빠의 행복을 오빠 꿈에 닿을 때까지, 저 우주를 넘어 바랄게요",3,2024-05-01T12:39:58Z,2024-05-01T12:39:58Z
UgzPJkgFIMgXb3i0S-p4AaABAg,,False,@김하트-ehdoe,도영아 수없이 들었겠지만 노래해줘서 정말 고마워,2,2024-05-01T11:20:19Z,2024-05-01T11:20:19Z
UgxKpNIP7IikTG9ebLh4AaABAg,,False,@옥순이-k7x,도영노래,0,2024-05-01T10:11:12Z,2024-05-01T10:11:12Z
Ugx-e3iL1YxRZ1dCEW54AaABAg,,False,@YOUR_DREAM_GALLERY,It gives Ghibli vibes. I love it,1,2024-05-01T09:48:11Z,2024-05-01T09:48:11Z
Ugz-_CyIWdlTwBJY-PN4AaABAg,,False,@bloodyselene00,도영아 가수가 되어 노래해줘서 고마워 항상 행복하기만 할 순 없겠지만 노래할때는 언제나 행복하길 바라 좋은 노래를 들려줘서 고마워 너의 팬이라는게 자랑스러워,1,2024-05-01T08:27:33Z,2024-05-01T08:27:33Z
UgyNx2kC2Q12dClbysl4AaABAg,,False,@hnnnyan,도영이 너무 좋아해🩷,1,2024-05-01T07:52:29Z,2024-05-01T07:52:29Z
Ugz3YfuANJBDdoA0yEp4AaABAg,,False,@NiDoy-uy4rl,"Doyoung, you are very good at writing. every day I find more and more people who like this song",1,2024-05-01T07:45:42Z,2024-05-01T07:45:42Z
UgzabLuHeyTSlq-anCV4AaABAg,,False,@Jasdeeeep,"What an amaziiiiing performance!!! We're always proud of you, Doyoung!!! 🥰💞",1,2024-05-01T07:28:34Z,2024-05-01T07:28:34Z
Ugzl3uS65mKXjWElyjp4AaABAg,,False,@kirishimari,❤❤,0,2024-05-01T05:42:34Z,2024-05-01T05:42:34Z
Ugw6IBd9YGCOxNMejK94AaABAg,,False,@lastriwulansari7892,💚💚💚💚💚,0,2024-05-01T04:37:42Z,2024-05-01T04:37:42Z
UgxvifM0G0NuE1dJmp94AaABAg,,False,@darkchochonute,beautiful 🤍,1,2024-05-01T04:17:07Z,2024-05-01T04:17:07Z
UgyPIacZL7EqI80sQRB4AaABAg,,False,@darkchochonute,aku suka banget sama beginning 😍,0,2024-05-01T04:16:50Z,2024-05-01T04:16:50Z
Ugx-ZjYCNKGUP9gD-ed4AaABAg,,False,@ten5213,Full MV next pls,0,2024-05-01T02:25:57Z,2024-05-01T02:25:57Z
Ugx0C85hA0wymvh8m9R4AaABAg,,False,@ten5213,Such a beautiful album. Thank You Doyoung❤,0,2024-05-01T02:21:50Z,2024-05-01T02:21:50Z
UgxdxCSoHA3SK9RYZ_d4AaABAg,,False,@GamVan-z1n,Beautiful Doyoung 💖✨,0,2024-05-01T02:05:35Z,2024-05-01T02:05:35Z
UgxCakD7QzVwIQ8LOpp4AaABAg,,False,@_kpbp_9886,"What a beautiful man I love you my life, what a beautiful voice you carry 💗✨",0,2024-05-01T01:16:34Z,2024-05-01T01:16:34Z
Ugxyjeb679IK99x8kAV4AaABAg,,False,@leticia9999,Kalo dikasih lirik lebih asik lagi,0,2024-04-30T22:24:47Z,2024-04-30T22:24:47Z
UgyeD-Lew_1JM7GItAF4AaABAg,,False,@espirituirishe,My fave! It was like being transported to a different world!,0,2024-04-30T19:08:25Z,2024-04-30T19:08:25Z
UgxhOR4vPtGueMcxOwV4AaABAg,,False,@user-trueblue,노래하는 천사,1,2024-04-30T17:48:36Z,2024-04-30T17:48:36Z
UgxGlq1M0u4JrgYOtEF4AaABAg,,False,@myfullsunifear0607,"You were really born to be a singer, Doyoung-ah.🐰🩵",1,2024-04-30T16:33:52Z,2024-04-30T16:33:52Z
Ugy2h9szltLAvn6_q7J4AaABAg,,False,@ajnai1485,"This songs is so encouraging
Doyoung's voice gives a soft and warm embrace but it can also give a strong feeling and I love the duality",0,2024-04-30T16:32:10Z,2024-04-30T16:32:10Z
UgwF9TbTiVbXhHZhOcZ4AaABAg,,False,@052-r8q,1音1音丁寧に歌ってるところがとてもドヨンらしいし、それが伝わるこのMVも美しいし、もうイントロから全ての瞬間が素敵です🥹🕊️,3,2024-04-30T15:34:50Z,2024-04-30T15:34:50Z
UgyHoUEg0zvz4hYFUip4AaABAg,,False,@くるみん-w8l,"너무나 좋다...
모두가 아름다워...
이 노래를 듣고 나니 부두럽고 다뜻한 마음이 돼네😊
이렇게 되기 위해 엄청 노력을 했었을탠데...아주 존경해😊
김도영 응원하고 있어요!
오래오래 도영 노래를 들 수 있길 바래!!",1,2024-04-30T15:30:49Z,2024-04-30T15:30:49Z
Ugynwqjt4HwLOgueatp4AaABAg,,False,@ゆうあ-e5z,ドヨンの声聞くと安心する！,1,2024-04-30T15:09:21Z,2024-04-30T15:09:21Z
Ugw1B_S9NK2YpKRDxUZ4AaABAg,,False,@Popesita,❤❤❤,0,2024-04-30T14:22:31Z,2024-04-30T14:22:31Z
UgzNeci8X9KOa3lIpud4AaABAg,,False,@fran9277,His voice is so unique and beautiful!! You can feel his passion the song,2,2024-04-30T13:59:31Z,2024-04-30T13:59:31Z
UgzCM1xjGBl1QS2RJIx4AaABAg,,False,@kendritaaaaaa,SENTI ESCALOFRIOS SOY UN MAR,0,2024-04-30T13:45:18Z,2024-04-30T13:45:18Z
UgyCYv52wZbFFgGhuPZ4AaABAg,,False,@justrina892,💚🐰🌊,1,2024-04-30T13:19:40Z,2024-04-30T13:19:40Z
UgynC7nMgRMHVUG6OaV4AaABAg,,False,@skyoceanlover,"My favourite track of the album!! It's so beautiful, and Doyoung's vocals take it to a whole new level.",0,2024-04-30T13:13:59Z,2024-04-30T13:13:59Z
UgwM9yxR2HGQFmJkm8R4AaABAg,,False,@_ing,I know he will be a great artist.,0,2024-04-30T13:11:27Z,2024-04-30T13:11:27Z
UgzMotodp4klLksVPIN4AaABAg,,False,@캉캉-k4q,진짜 너무 좋아요ㅠㅠㅠ청춘를 노래해줘서 고마워요 노래 들으면 위로 받는 기분이라 계속 듣고 있어요,0,2024-04-30T13:02:22Z,2024-04-30T13:02:22Z
UgwcAtz5aK5eJAcFtwN4AaABAg,,False,@jellymtnz7188,Amo esta canción ❤❤,0,2024-04-30T12:53:12Z,2024-04-30T12:53:12Z
UgwfHR3c4f8xYIOmcD54AaABAg,,False,@jellymtnz7188,"No puedo creerlo me encanta el álbum, Doie nos regalo tremendas joyas",0,2024-04-30T12:52:57Z,2024-04-30T12:52:57Z
UgwR2qI-JNHVXcg8bhh4AaABAg,,False,@Cuuufmeow,"방랑하는 어둠 속에서 도영이가 소개해준 희미하게 빛나는 반딧불처럼, 분명 우리의 청춘에는  작지만 감동적인 순간들이 있는 것 같아. 나도 앞으로 삶을 살아가면서 그 순간들을 잊지 않고, 항상 소중히 여기며 살아가려고. 도영이도 앞으로 노래하면서 어떤 힘들고 어두운 순간들이 있을지라도 그 속에서 미약하지만 빛을 내는 반딧불처럼 잘 이겨낼 수 있길 진심으로 응원할게. 어둠 속에서 길을 찾게 해준 곡을 이 세상의 빛을 볼 수 있게 해줘서 고마워",1,2024-04-30T12:41:18Z,2024-04-30T12:41:18Z
UgytOiKUyeoArtb-23t4AaABAg,,False,@아기여우-u7d,ㅁㅊ 온실 정원에 있는 황태자같음~~,0,2024-04-30T12:40:41Z,2024-04-30T12:40:41Z
UgyupdbeLOg1_LKIVXl4AaABAg,,False,@userrakzjns,진짜좋다..,0,2024-04-30T12:35:04Z,2024-04-30T12:35:04Z
UgzXaGFP_ScLQqbLVLl4AaABAg,,False,@nattarikainta2360,👏🏻👏🏻👏🏻👏🏻👏🏻👏🏻,0,2024-04-30T12:25:22Z,2024-04-30T12:25:22Z
UgwjfWFKvdX0KVcLVBl4AaABAg,,False,@오오-c3g7q,개좋다,0,2024-04-30T12:18:19Z,2024-04-30T12:18:19Z
UgyLAMKuIhcoVvo6ToN4AaABAg,,False,@4ever_withmega15,"Doyoungieee, love uuu",0,2024-04-30T12:06:42Z,2024-04-30T12:06:42Z
UgyddiVl_2zqUa5FiZ94AaABAg,,False,@여니-s1k,도영이 이쁜 목소리를 맨날 맨날 들을 수 있는 요즘 너무 행복해 평생 응원할게❤,0,2024-04-30T11:29:45Z,2024-04-30T11:29:45Z
UgzK9dJkJBujFvfZz6N4AaABAg,,False,@빵-t1f,어쩜 이렇게 찬란하지 ....,0,2024-04-30T10:53:28Z,2024-04-30T10:53:28Z
Ugx3F7rdeFiT9_kgmj94AaABAg,,False,@jaswinrdy1737,道英，你是世界上最棒的歌手。,0,2024-04-30T10:44:02Z,2024-04-30T10:44:02Z
Ugwx58c1cJp8TAgsZ2t4AaABAg,,False,@MagaliChiabaut,Kim Doyoung of course!my favorite song❤,0,2024-04-30T10:23:01Z,2024-04-30T10:23:01Z
Ugzs51wLvpO92lDPXxJ4AaABAg,,False,@ji_yeon_,"도영님 목소리 넘 청순락하세요.
제 플레이리스트가 청량해졌어요.
건강하세요 늘. 아 나혼산 보니까 잘 챙겨드시긴 하시더라구요. 다행입니다. 
아무쪼록 노래 계속 해주세요. 제가 정말 좋아하는 보컬입니다요🩵",1,2024-04-30T10:02:48Z,2024-04-30T10:02:48Z
UgwhsPJ7I1Qde-nUUb94AaABAg,,False,@dudadudaduda9377,O vocal dele é perfeitoo,0,2024-04-30T10:02:28Z,2024-04-30T10:02:28Z
UgzRmg7ELuJX3wt7uml4AaABAg,,False,@moomiinverse,Doyoung is such an angel🩵,0,2024-04-30T10:01:38Z,2024-04-30T10:01:38Z
UgzuV22H-wgip6vn3F94AaABAg,,False,@Im_soootired,진짜..컨텐츠가 끝이없네..얼마나 고생한거야ㅠㅠㅠㅠㅠㅠㅠㅠㅠ몸 잘챙기구...노래 너무 잘들을게.....,1,2024-04-30T09:49:04Z,2024-04-30T09:49:04Z
UgweincLkhnbl34Q1Sl4AaABAg,,False,@e3tidalmz897,Doyoung voice✨ ~~ for a better mood,0,2024-04-30T09:46:52Z,2024-04-30T09:46:52Z
UgznTTZa45-tDsPZlvF4AaABAg,,False,@fatiaalifah,"Aqsar says oppa doyong very funny 😂😆😂😆😂😆 keep spirit and stay healthy oppa doyong, oppa nct 127💚💚💚💚💚💚💚💚💚💚💚💚💚💚💚💚💚💚💚💚💚💚💚💚💚💚💚💚💚💚💚💚💚💚💚💚💚💚💚💚💚💚💚💚💚💚💚💚💚💚💚💚💚💚💚💚💚💚💚💚💚💚💚💚💚💚💚💚💚💚💚💚💚💚💚💚💚💚💚💚💚💚💚💚💚💚💚💚💚💚💚 keep spirit and stay healthy oppa doyong, oppa nct 💚💚💚💚💚💚💚💚💚💚💚💚💚💚💚💚💚💚💚💚💚💚💚💚💚💚💚💚💚💚💚💚💚💚💚💚💚💚💚💚💚💚💚💚💚💚 voice oppa Doyong very nice",0,2024-04-30T09:08:10Z,2024-04-30T09:08:10Z
Ugzgy7xVetpa6BDZRhp4AaABAg,,False,@fatiaalifah,"Fatia and Aqsar always support Oppa doyong and oppa nct 127 until fatia and aqsar grow up later 😊☺️☺️😊😊☺️☺️😊😊☺️☺️😊😊☺️☺️😊😊☺️☺️😊😊☺️☺️😊😊☺️☺️😊😊☺️☺️😊😊☺️☺️😊😊☺️☺️😊😊☺️☺️😊😊☺️☺️😊😊☺️☺️😊😊☺️☺️😊😊☺️☺️😊😊☺️☺️😊😊☺️☺️😊😊☺️☺️😊😊☺️☺️😊😊☺️☺️😊😊☺️☺️😊😊☺️☺️😊😊☺️☺️😊😊☺️☺️😊😊☺️☺️😊😊☺️☺️😊😊☺️☺️😊😊☺️☺️😊😊☺️☺️😊😊☺️☺️😊😊☺️☺️😊😊☺️☺️😊😊☺️☺️😊😊☺️☺️😊😊☺️☺️😊😊☺️☺️😊😊☺️☺️😊😊☺️☺️😊😊☺️☺️😊😊💚💚💚💚💚💚💚💚💚💚💚💚💚💚💚💚💚💚💚💚💚💚💚💚💚💚💚💚💚💚💚💚💚💚💚💚💚💚💚💚💚💚💚💚💚💚💚💚💚💚💚💚💚💚💚💚💚💚💚💚💚💚💚💚💚💚💚💚💚💚💚💚💚💚💚💚💚💚💚💚💚💚💚💚💚💚💚💚💚💚💚💚💚💚💚💚💚💚💚💚💚💚💚💚💚💚💚💚💚💚💚💚💚💚💚💚💚💚💚💚💚 oppa doyong, oppa nct 127 😊😊😊😊😊😊😊😊😊😊😊😊😊😊😊😊😊😊😊😊😊😊😊😊😊😊😊😊😊😊😊😊😊😊😊😊😊😊😊😊😊😊😊😊😊😊😊😊😊😊😊😊😊😊😊😊😊😊😊😊😊😊😊😊😊😊😊😊😊😊😊😊😊😊😊😊😊😊😊😊😊😊😊😊😊😊😊😊😊😊😊😊😊😊😊😊😊😊😊😊😊😊😊😊😊😊😊😊😊😊😊😊😊😊😊😊😊😊😊😊😊😊😊😊☺️☺️☺️☺️☺️☺️☺️☺️☺️💚💚💚💚💚💚💚💚💚💚💚💚💚💚💚💚💚💚💚💚💚💚💚💚💚💚💚💚💚💚💚💚💚💚💚💚💚💚💚💚💚💚💚💚💚💚💚💚💚💚💚💚💚💚💚💚💚💚💚💚💚💚💚💚💚💚💚💚💚💚💚💚💚💚💚💚💚💚💚💚💚💚💚💚💚💚💚💚

Fatia and aqsar always support Oppa doyong, and oppa nct 😊☺️☺️😊😊☺️☺️😊😊☺️☺️😊😊☺️☺️😊😊☺️☺️😊😊☺️☺️😊😊☺️☺️😊😊☺️☺️😊😊☺️☺️😊😊☺️☺️😊😊☺️☺️😊😊☺️☺️😊😊☺️☺️😊😊☺️☺️😊😊☺️☺️😊😊☺️☺️😊😊☺️☺️😊😊☺️☺️😊😊☺️☺️😊😊☺️💚💚💚💚💚💚💚💚💚💚💚💚💚💚💚💚💚💚💚💚💚💚💚💚💚💚💚💚💚💚💚💚💚💚💚💚💚💚💚💚💚💚💚💚💚💚💚💚💚💚💚💚💚💚💚💚💚💚💚💚💚💚💚💚💚💚💚💚💚💚💚💚💚💚💚💚💚💚💚💚💚💚💚💚💚💚💚💚 oppa doyong, oppa nct 😊☺️☺️😊😊☺️☺️😊😊☺️☺️😊😊☺️☺️😊😊☺️☺️😊😊☺️☺️😊😊☺️☺️😊😊☺️☺️😊😊☺️☺️😊😊☺️☺️😊😊☺️☺️😊😊☺️☺️😊😊☺️☺️😊😊☺️☺️😊😊☺️☺️😊😊☺️☺️😊😊☺️☺️😊💚💚💚💚💚💚💚💚💚💚💚💚💚💚💚💚💚💚💚💚💚💚💚💚💚💚💚💚💚💚💚💚💚💚💚💚💚💚💚💚💚💚💚💚💚💚💚💚💚💚💚💚💚💚💚💚💚💚💚💚💚💚💚💚💚💚💚💚💚💚💚

The beginning song is good
Voice oppa doyong good nice 😊",0,2024-04-30T09:06:56Z,2024-04-30T09:06:56Z
Ugw1E4X4gi8KEExIif94AaABAg,,False,@jydy,I love this song!!!,0,2024-04-30T08:59:19Z,2024-04-30T08:59:19Z
UgyqrdOOujE_Riq3Jcp4AaABAg,,False,@kang4595,"Doyoung, you sound even more amazing live.  What a beautiful song that you have made.   I'm so proud of you ❤",0,2024-04-30T08:53:48Z,2024-04-30T08:53:48Z
Ugwr6mCv1kntOigJenB4AaABAg,,False,@ObsErvEr-soul,Beautiful as always Doyoung,0,2024-04-30T08:13:03Z,2024-04-30T08:13:03Z
UgxJcigF57fDIDcMVvF4AaABAg,,False,@Kami-fk5pq,Doyoung's voice carries such warmth he truly is one of a kind !,5,2024-04-30T08:07:20Z,2024-04-30T08:07:20Z
UgyXeB5HqcXwzivgL454AaABAg,,False,@anonymity20,노래 영상 많이 찍어줘서 고마워요~,0,2024-04-30T07:57:42Z,2024-04-30T07:57:42Z
UgxHFddMfbWyKtqHbKl4AaABAg,,False,@osakana015,도영아 노래해줘서 고마워ㅠㅠ정말 좋다ㅠ노래 너무 좋아ㅠㅠㅠㅠㅠ,0,2024-04-30T07:50:11Z,2024-04-30T07:50:11Z
UgxSa7hcbWvLd6JyxZ54AaABAg,,False,@nabilaselima984,as always kerennn,0,2024-04-30T07:43:47Z,2024-04-30T07:43:47Z
UgwowWj7FTl_6SiZtXJ4AaABAg,,False,@mylovebusydog,선녀가 노래도 하네요..,1,2024-04-30T07:30:07Z,2024-04-30T07:30:07Z
UgwoNL75LhboHf2gZL14AaABAg,,False,@aisyahmuttaqin7428,"I cried hard.. because maybe my heart was also in a cloudy condition.. then listening to this made me feel it even more, the instrument.. I was really carried away❤",1,2024-04-30T07:26:05Z,2024-04-30T07:26:05Z
UgxCK3CPRP49oKHHY7B4AaABAg,,False,@jenoshandholderrr,this is my favorite song in the album because its the most doyoung coded out of all those songs,1,2024-04-30T07:18:39Z,2024-04-30T07:18:39Z
Ugy2LEqxLKzc0wMQkZ54AaABAg,,False,@aqsar0811,"Thank you for the live clip ""Beginning"" by DOYOUNG support from NCTzen🐰💚💚💚💚💚",8,2024-04-30T07:17:57Z,2024-04-30T07:17:57Z
UgwNWeWXPteVHu5LfGR4AaABAg,,False,@NadyaAnoraga,Kim Doyoung thank you for never give up reaching your dreams <3,0,2024-04-30T06:49:19Z,2024-04-30T06:49:19Z
UgyWSaYMsh7rzNakqcZ4AaABAg,,False,@yusiasfani7093,LoVE BEGINNING so Much ❤❤❤❤❤❤❤❤❤💚💚💚💚💚💚,3,2024-04-30T06:48:35Z,2024-04-30T06:48:35Z
UgyT0DHW3lUkUYYJOQ54AaABAg,,False,@tami-x8t,花鳥風月と歌声が溶け合って…感動,1,2024-04-30T06:47:02Z,2024-04-30T06:47:02Z
Ugxvf-GG8Z1Shh4OJZl4AaABAg,,False,@nyty21,Doyoung really look & sounds like an angel in this clip,1,2024-04-30T06:35:17Z,2024-04-30T06:35:17Z
UgySw4zRvy30vIoEVzB4AaABAg,,False,@Kimyinaa,"Congrats for your first song that composed by yourself, doyoung-ah~
Kamu bukan bias pertamaku di kpop, tapi kali ini aku merasa begitu disayangi sebagai fans, melihat kamu tumbuh, berhasil, bahagia, aku ikut merasa bahagia. Bagiku kamu selalu melibatkan fans dalam setiap step dalam karir kamu sebagai idol, kamu selalu berusaha belajar, memahami, dan nenerima saran dari orang2 yang menyayangi kamu, kamu juga selalu jujur kalau kamu khawatir, tidak percaya diri, bersyukur, ucapan terima kasih tulusmu seolah2 mengatakan ini keberhasilan kita, dan aku sebagai fans merasa juga disayangi. 
I don't feel like I'm falling in love alone, thank you 🩵🩵",0,2024-04-30T06:30:34Z,2024-04-30T06:30:34Z
UgxXFtGE-2zr8xn2fDN4AaABAg,,False,@chiaram99,"oh kim doyoung, your voice is such a precious gift. This song and the whole album are a masterpiece. <3",2,2024-04-30T06:25:06Z,2024-04-30T06:25:28Z
UgwtPvWSbJtKtkvbN-p4AaABAg,,False,@nanr1683,ชอบเพลงนี้มากกก สามารถเป็นไตเติลได้เลยจริงๆนะ,0,2024-04-30T05:42:12Z,2024-04-30T05:42:12Z
Ugx8Dm5IecBONfNiR5N4AaABAg,,False,@Do0ingg,도영이가 도영이의 목소리로 전해주는 이야기들이 너무 좋다 도영이가 노래하는 그 모든 순간을 응원할게,0,2024-04-30T05:33:40Z,2024-04-30T05:33:40Z
UgzTiGFi0vT-2ZfN-Fd4AaABAg,,False,@yena0315_,새봄의 요뎡아 .. 라이브 너무 조아 .. 🥹🧚🏻‍♂️🌊🤍,0,2024-04-30T05:21:15Z,2024-04-30T05:21:15Z
Ugyx3gFfwoQLS-uI23N4AaABAg,,False,@darkchochonute,So beautiful,1,2024-04-30T05:08:28Z,2024-04-30T05:08:28Z
UgwoSPfJUudjfBA32UB4AaABAg,,False,@darkchochonute,Beginning 🤍,3,2024-04-30T05:08:19Z,2024-04-30T05:08:19Z
Ugz_NSJo51mdrIS0JsB4AaABAg,,False,@ninas8210,the microphone is such a pretty color,2,2024-04-30T04:46:42Z,2024-04-30T04:46:42Z
UgyjGSScl_TAI3kbaIJ4AaABAg,,False,@kang4595,It's beautiful.  You are so talented.,1,2024-04-30T04:44:41Z,2024-04-30T04:44:41Z
Ugz8F1rhF1lswrBiZbB4AaABAg,,False,@24kanitthap18,이거 정말 좋다.,0,2024-04-30T04:39:07Z,2024-04-30T04:39:07Z
UgzDASjpG1qda_tpmcl4AaABAg,,False,@Lisa_Felix2715,I Love You Sooo Much Doyoung❤❤❤❤❤❤❤❤❤❤❤❤❤❤,0,2024-04-30T04:26:41Z,2024-04-30T04:26:41Z
UgwsOlaMFVzaLu6R1IN4AaABAg,,False,@뀨뀨-d4n,"“새로이 불어오는 새봄의 바람”가사 너무 따뜻하고 이쁘다..이번노래가 위로가 많이되고,도영이가 음악에 대한 진심이 느껴져서 넘 좋은거같다 노래 진짜 청순하고 희망 가득차서 너무 좋음 🤍🍀",12,2024-04-30T04:21:02Z,2024-04-30T04:22:26Z
UgwfAcTIQAWLJBX_cpF4AaABAg,,False,@나재민-v9r,도영아 너무너무 사랑해!!! 수고했어 앞으로도 함께 달려나가자💚,0,2024-04-30T04:14:53Z,2024-04-30T04:14:53Z
UgyuPbbZf-l_fEcwr454AaABAg,,False,@JamillyMedeiros-bw7ih,Eu amo doyoung essa é linda demais 🥺 tó adorando seu solo meu coelhinho lindo fofo ❤️‍🔥,0,2024-04-30T04:09:40Z,2024-04-30T04:09:40Z
UgynJU4vq4izFQ6Q-il4AaABAg,,False,@jovitairma,thank you for singing doyoung,0,2024-04-30T04:08:24Z,2024-04-30T04:08:24Z
Ugw3AQO1J8oqqY1Mwax4AaABAg,,False,@ashainabila,kim doyoung i love you,0,2024-04-30T04:06:26Z,2024-04-30T04:06:26Z
UgyG5PEZ_3reO_AkuJ94AaABAg,,False,@ddubi_,노래하는 모든 순간의 도영이가 좋아ㅠㅠ,0,2024-04-30T03:52:37Z,2024-04-30T03:52:37Z
UgyzdFQi7qS2Bq_OtuB4AaABAg,,False,@today_is_wendy21,"우리 모두를 위해 마음을 들어주고, 이야기해주고, 노래해 준 도영님께 감사드립니다. 🤍💙",1,2024-04-30T03:36:24Z,2024-04-30T03:36:24Z
UgyNAV_n4PZoHVPTVC94AaABAg,,False,@링고링고링-z9u,"도영이가 노래를 얼마나 사랑하는지, 시즈니를 얼마나 사랑하는지 이 앨범을 통해서 한번더 새기게된 사람으로써 도영이가 앞으로 더 많은 노래를 부르며 행복해했으면 좋겠어 사랑해 도영아",2,2024-04-30T03:34:27Z,2024-04-30T03:34:27Z
Ugyjhf_MoHHIyQ4iDit4AaABAg,,False,@ddoingcee,"I feel so comforted whenever I listen to this song, Doyoung. Thank youuu!!! :"">",0,2024-04-30T03:32:52Z,2024-04-30T03:32:52Z
UgwN-oPLTtG99oMecqJ4AaABAg,,False,@beastvaw,우리 도영이 가자ㅏㅏㅏㅏㅏㅏㅏ,0,2024-04-30T03:25:47Z,2024-04-30T03:25:47Z
UgwvBxAUNpdw5DElNpd4AaABAg,,False,@cakekh1699,เพราะมากกกกกก,0,2024-04-30T02:53:54Z,2024-04-30T02:53:54Z
UgxoFTyXfcC13eeJ__p4AaABAg,,False,@mnm-7u,힐링된다,0,2024-04-30T02:42:15Z,2024-04-30T02:42:15Z
Ugze4Olb4f1iMCZQEG54AaABAg,,False,@bluebunnie_20,it's been a long stressful day. coming here and listening to his beautiful voice can surely give you comfort.,0,2024-04-30T02:36:57Z,2024-04-30T02:36:57Z
UgyfHnb_ZJG4opVMf2F4AaABAg,,False,@잼잼-w5x,우리 도영이 정말 잘하지!!,0,2024-04-30T02:29:16Z,2024-04-30T02:29:16Z
Ugzd9bwxkmgGbRK7zaV4AaABAg,,False,@deardo.0,"도영아 너가 긴장이 되고 불안한건 
그만큼 진심을 가득 담고 그만큼 노력했다는 뜻이겠지 
그렇기에 이런 좋음 앨범이 세상에 나올 수 있었던 것 같아
너무 고맙고 고생했다고 말해주고싶어
이제는 너가 쏟아부은 노력 이상으로 사랑을 넘치게 받을 차례야",0,2024-04-30T02:26:37Z,2024-04-30T02:26:37Z
Ugz_zxKCAmFBmLSocCZ4AaABAg,,False,@noraejoah,쿨,0,2024-04-30T02:26:26Z,2024-04-30T02:26:26Z
Ugwy-8j2z6tSCm9QRel4AaABAg,,False,@alessandraaguirre,I love you Doyoung ❤,0,2024-04-30T02:22:52Z,2024-04-30T02:22:52Z
UgyqNTzUrb__OTOmFzZ4AaABAg,,False,@dayanamontielatencia657,Beautiful ❤,0,2024-04-30T02:03:04Z,2024-04-30T02:03:04Z
Ugyci3KMrrKuYOeJ0op4AaABAg,,False,@cucu2111,Doyoung voice so amazing and the song so healing ❤,0,2024-04-30T01:45:06Z,2024-04-30T01:45:06Z
UgxIsbZlUnWr2pxQnFx4AaABAg,,False,@hedatube,도영아 여기가 에덴동산인가봐,1,2024-04-30T01:22:27Z,2024-04-30T01:22:27Z
UgxNFHVMEhMboJheijd4AaABAg,,False,@candykatherinefloreselguer9571,💚🐰💚,0,2024-04-30T01:17:19Z,2024-04-30T01:17:19Z
Ugz2BLe92rmgElZqK_B4AaABAg,,False,@ariyanagita8816,this song nice since beggining he sing ❤,0,2024-04-30T01:13:05Z,2024-04-30T01:13:05Z
UgyTxmakH2ujOBxDgSF4AaABAg,,False,@jajasaleford,น้องโดยองคนเก่ง🎉,0,2024-04-30T01:08:35Z,2024-04-30T01:08:35Z
UgwOdcv-GBJSTJUIUsR4AaABAg,,False,@0201doyoungie,everything about him is beautiful ✨✨,0,2024-04-30T00:42:44Z,2024-04-30T00:42:44Z
Ugzqr3rHSFiDg8zMvjF4AaABAg,,False,@rachasangchai5648,You are my best ❤,0,2024-04-30T00:37:17Z,2024-04-30T00:37:17Z
UgwNmxuF7_VUXTDSI_F4AaABAg,,False,@Puss-gato,اسوء اغنية مرت على البشرية💀,0,2024-04-30T00:25:33Z,2024-04-30T00:25:33Z
UgxeqgtF3p0gTGrDcsh4AaABAg,,False,@spoookymelon,"This song is so Disney coded, it really is my favorite on the album 🥺 Doyoung deserves to voice at least one disney prince in his life! 🏰",1,2024-04-30T00:11:58Z,2024-04-30T00:11:58Z
Ugwwa-nTxhXXq9MqMI54AaABAg,,False,@itsme-tp6yu,Thank you for singing doyoung ❤,0,2024-04-30T00:11:27Z,2024-04-30T00:11:27Z
UgzDMEuEbBgYVFg4hFB4AaABAg,,False,@theminsung...,Comoo amooo su vozzz el mejor❤,1,2024-04-30T00:06:45Z,2024-04-30T00:06:45Z
UgxDTSJXd8ayyfEktxN4AaABAg,,False,@ikeuhoonp,🥰🥰🥰🥰,0,2024-04-30T00:05:12Z,2024-04-30T00:05:12Z
UgxScwUjOcJ0Q0ls9eR4AaABAg,,False,@미미-w7x,도영님 곡 멋져요~ 매일 듣고 있어요 ^^,1,2024-04-29T23:58:46Z,2024-04-29T23:58:46Z
UgyLVpXGrU6IJ1CuWbh4AaABAg,,False,@jocelynphuong4464,Wahhh Doyoung sang this song so beautifully here omggg!!! 😍💓,0,2024-04-29T23:56:53Z,2024-04-29T23:56:53Z
UgzebAb-YeVbwkeNNsl4AaABAg,,False,@pushzero_3,도영아 진심을 담아 노래 해줘서 고마워,1,2024-04-29T23:55:11Z,2024-04-29T23:55:11Z
UgwMMsG-YfOvoNw9k_14AaABAg,,False,@szky5808,たくさん歌ってくれてありがとう。人生で1枚のアルバムしか聴けないなら、このアルバムを聴くよ。ドヨン本当にありがとう。,2,2024-04-29T23:44:01Z,2024-04-29T23:44:01Z
UgyIJNVisbE1EQ_C48V4AaABAg,,False,@sonialopan3,Beautiful. Thanks Doyoung!,0,2024-04-29T23:33:21Z,2024-04-29T23:33:21Z
Ugz7a-IUdrCDFL-TH-J4AaABAg,,False,@user-eg9nt4ok9g,"Beginning is such a good song!!! Thank you lyricist, composer, and singer DOYOUNG!",1,2024-04-29T23:33:00Z,2024-04-29T23:33:00Z
UgxvVLlOEO4S7gQuUyV4AaABAg,,False,@singsingeeeee,"와.. 저는 도영님 팬 아닌데, 이번 앨범으로 팬이 된 것 같아요… 진짜 좋아요 ! 사고 싶게 만드는 앨범 너무 너무 오랜만에요 진짜 ㅎㅎ 
타이틀 듣고 이 노래 뭐야! 너무 좋잖아? 이러다가 수록곡도 듣게 되고 너무 좋아서 이렇게 도영님 라이브 영상들까지 보게 됐어요 ㅎㅎㅎ 
이 앨범 사람들이 많이 알았으면 좋겠네요 ㅋㅋㅋ
가수 도영 흥해라!!",7,2024-04-29T23:31:13Z,2024-04-29T23:35:34Z
Ugx54eio7wmLzhU9tMV4AaABAg,,False,@착하지이리온,도영이의 축복이 끝이 없네,2,2024-04-29T23:18:43Z,2024-04-29T23:18:43Z
UgyDTx5fAJZavhfryxp4AaABAg,,False,@moniecamp9895,"Bravo,song is so beautiful your vocals I love ❤❤",0,2024-04-29T23:14:47Z,2024-04-29T23:14:47Z
UgzBsYProYsWy70szw14AaABAg,,False,@Myislifesohappy,도영이 불러주는 도영의 노래 정말 마음이 울리는 노래..🥹,0,2024-04-29T23:13:50Z,2024-04-29T23:13:50Z
UgwtvoCByP7lu41gDe54AaABAg,,False,@aliciadelemus938,¡¡OLE TALENTAZO!!,0,2024-04-29T23:06:41Z,2024-04-29T23:06:41Z
UgxBGSMOYlGHGJXZ98N4AaABAg,,False,@かりこ-w7r,"ライブで聴かなきゃいけない
絶対ライブ当てないと😢😢",0,2024-04-29T22:48:16Z,2024-04-29T22:48:16Z
Ugzs_KcrpneLuAV0ye14AaABAg,,False,@dlsl_nct,"도영아 노래 많이 불러줘서 너무 고마워!!
도영아 내가  많이 사랑해!!🩵❤️💚",0,2024-04-29T22:45:02Z,2024-04-29T22:45:02Z
UgwCxF9vojTFwugjwSd4AaABAg,,False,@d.okyungsoo3108,Suka banget lagu ini😭,0,2024-04-29T22:42:54Z,2024-04-29T22:42:54Z
UgzCQleeOgHcMQajE554AaABAg,,False,@lovelybear-ss7fq,love this song so much❤,0,2024-04-29T22:37:10Z,2024-04-29T22:37:10Z
Ugxv7jKEKjLvL8SNk9R4AaABAg,,False,@Dn6f,우리 도영이 진심을 다해 노래해줘서 너무 고마워 노래 진짜 좋아,0,2024-04-29T22:35:32Z,2024-04-29T22:35:32Z
UgyqBuw-EC1Qlq4ImJp4AaABAg,,False,@eva78967,"เพราะมากๆ อยากฟังสดๆอะ , everything perfect DY",0,2024-04-29T22:29:50Z,2024-04-29T22:29:50Z
UgyEZDDApqO3eCfVKh14AaABAg,,False,@lostmermaidtoo,TY must be proud of you.. the 1st member after him who debut solo,1,2024-04-29T22:28:14Z,2024-04-29T22:28:14Z
UgxR6qnBTcUa_-W5QPh4AaABAg,,False,@sk-hi1fm,최고의 1번 트랙,0,2024-04-29T22:11:11Z,2024-04-29T22:11:11Z
Ugx7PAAtYVobsXyhUq14AaABAg,,False,@나만의세포들,도영이가 이 앨범으로 평생 활동해도 평생 들을 자신 있음 ㅠㅠㅠㅠㅠㅠ 노래들이 하나같이 다 이쁘고 도영이스러워 ..,0,2024-04-29T22:09:53Z,2024-09-01T17:37:32Z
UgxRF0G4RXQb_EoOOTN4AaABAg,,False,@taniii21,Damnnn he is singing so much as he said,0,2024-04-29T22:07:23Z,2024-04-29T22:07:23Z
UgyqLT_Oihy2ZpbGAf94AaABAg,,False,@NonnYool,Al inicio se escuchan pajaritos y en el patio de mi casa también 😅 ❤ un bonito momento,0,2024-04-29T21:48:14Z,2024-04-29T21:48:14Z
UgxzUZh_EP8p2N_Fwml4AaABAg,,False,@cudabullgurl,Thank you Doyoung for this beautiful video to go along with this beautiful song!,0,2024-04-29T20:40:28Z,2024-04-29T20:40:28Z
UgyNn0rpLW_2gzYyKHN4AaABAg,,False,@kimbella1820,I love you I love you I love you I love you I love you I love you I love you I love you I love you I love you I love you I love you I love you❤❤❤,0,2024-04-29T20:36:52Z,2024-04-29T20:36:52Z
Ugy8nf9miTU4AVc3NXB4AaABAg,,False,@whatsalove,😭😭😭😭😭 ily kimdo,0,2024-04-29T20:30:23Z,2024-04-29T20:30:23Z
UgxDgR3pyymeWoLCH5l4AaABAg,,False,@AnimeK77,Sooo beautiful 👏💙,0,2024-04-29T20:28:30Z,2024-04-29T20:28:30Z
UgwiTEJ2J62h-F1ow2t4AaABAg,,False,@AnimeK77,The warmth I feel while listening to this song is crazy 😭😭,0,2024-04-29T20:28:12Z,2024-04-29T20:28:12Z
UgwuolENfbvSBcqBFl94AaABAg,,False,@jkeey4,this is literally the best song ever,1,2024-04-29T20:20:30Z,2024-04-29T20:20:30Z
Ugx8sxGbPzwUwCVwgp94AaABAg,,False,@이리와서안겨우리칠,"평소에도 자주 듣겠지만 앞으로의 내 봄엔 너의 앨법으로 시작할테고 나이가 들어서도 노레를 들을때마다 매번 벅차고 설레는 이감정을, 내 청춘을 죽을때까지 잊지못하겠지ㅠ
고마워 도영아 너의 앨범은 내인생에 두고두고 남을 선물이야ㅎ",0,2024-04-29T20:17:05Z,2024-04-29T20:17:05Z
UgwImhe2JGHr9Yjnlnt4AaABAg,,False,@beuqlanduenakq,이게 김도영이야,0,2024-04-29T19:39:50Z,2024-04-29T19:39:50Z
UgwAR47L_wGJIO_itpJ4AaABAg,,False,@iolandaferreira7,"You are a great singer Doyoung, your vocals are always impeccable and bring a feeling of peace.🥹💚",0,2024-04-29T19:39:43Z,2024-04-29T19:39:43Z
UgxnAvOjoPsur5f7x0V4AaABAg,,False,@imlillyann,Your voice... 💋💋💋,0,2024-04-29T19:37:16Z,2024-04-29T19:37:16Z
Ugw6A6-telhoWw-r1xR4AaABAg,,False,@sinajhm,My fav song from the album 🥰🤞😭,1,2024-04-29T19:36:38Z,2024-04-29T19:36:38Z
Ugzpep33ealTuBed-x94AaABAg,,False,@yn4390,❤,0,2024-04-29T19:28:22Z,2024-04-29T19:28:22Z
Ugwk_1MjcsrpjESXOZh4AaABAg,,False,@safichii,Such a beautiful song and so beautifully filmed shot ❤,0,2024-04-29T19:28:08Z,2024-04-29T19:28:08Z
UgzP5mtIiBqkSK2O-VF4AaABAg,,False,@Mamu_tkm,This song deserves to in drama 🥹🫶,1,2024-04-29T19:26:19Z,2024-04-29T19:26:19Z
UgzlekrTf2QfA8noIIB4AaABAg,,False,@daeyoungieluvbot,"I love you Kim Doyoung, thank you for born",0,2024-04-29T19:18:29Z,2024-04-29T19:18:29Z
Ugw5x8_AM7GNInqGAsh4AaABAg,,False,@kkyoungr,도영이와 동시대를 살게 해주신 하나님께 감사드립니다.... 그래서 도영이의 아름다운 목소리를 들을 수 있게ㅠ,2,2024-04-29T19:07:20Z,2024-04-29T19:09:17Z
Ugyq_B6eRWO8FbxXSrZ4AaABAg,,False,@markgeolee_aeongie,Why do I feel like crying every time I listen to this song… it’s so beautiful and uplifting doyoung thanks so much for this wonderful gift 💝,3,2024-04-29T19:05:22Z,2024-04-29T19:05:22Z
UgyesIoHBki5hSYmmdp4AaABAg,,False,@kkyoungr,도영이의 아름다운 목소리를 오랫동안 들을 수 있기를 바래요<3,0,2024-04-29T19:04:06Z,2024-04-29T19:04:06Z
Ugxn-P7H4-R2XxkmfDN4AaABAg,,False,@kkyoungr,이 노래는 천국이야.... 그 말을 들을때마다 축복을 느낀다,0,2024-04-29T19:02:35Z,2024-04-29T19:02:35Z
Ugzs5yaB0k_3q5ksQ8d4AaABAg,,False,@vanessamimi5976,😢❤❤❤,0,2024-04-29T19:02:09Z,2024-04-29T19:02:09Z
UgxnX_Ht7-9XeRK8Nd54AaABAg,,False,@wtfyoutube,가사가 정말 예쁘다..,1,2024-04-29T18:59:51Z,2024-04-29T18:59:51Z
UgxwWSK-f8YQ-iaQGvB4AaABAg,,False,@kkyoungr,도영아 이렇게 아름다운 노래를 만들어주고 불러줘서 고마워ㅠㅠ💙,1,2024-04-29T18:59:40Z,2024-04-29T19:00:27Z
UgwXBkrpvKuDmOjE3hd4AaABAg,,False,@northarea1203,2282,0,2024-04-29T18:48:09Z,2024-04-29T18:48:09Z
UgzoPIqFJ1MrLenLE0B4AaABAg,,False,@kdy323,Its crazy how Doyoung sounds live even better than the studio version he is crazy talented 😊,4,2024-04-29T18:44:19Z,2024-04-29T18:44:19Z
Ugyf5rQ0hCyxaA8ILnp4AaABAg,,False,@kdy323,My favorite part is  from 2:27,0,2024-04-29T18:43:54Z,2024-04-29T18:43:54Z
UgzUyvzkgrSokTxbH9V4AaABAg,,False,@kdy323,Beginning is one of the best songs from the album its just excellent and doyoung sounds like an angel,5,2024-04-29T18:43:39Z,2024-04-29T18:43:39Z
UgxBqnXV41ImP9m5OQR4AaABAg,,False,@kdy323,This song will be a timeless classic Doyoung is so talented,2,2024-04-29T18:43:08Z,2024-04-29T18:43:08Z
UgwK_zmnmhOLfkf5hbF4AaABAg,,False,@kdy323,This track could easily be a title track not a bside the quality the text the instrumental doyoung really outdid himself,1,2024-04-29T18:42:50Z,2024-04-29T18:42:50Z
Ugw-CBDVtxY3dyEIjQB4AaABAg,,False,@kdy323,Doyoung looks like an angel in white,2,2024-04-29T18:42:18Z,2024-04-29T18:42:18Z
UgwRfmmOafVSHSynqoF4AaABAg,,False,@jondistefano288,the amount of talent this singer deserves and very much support as well,3,2024-04-29T18:42:16Z,2024-04-29T18:42:16Z
UgydJb-plnrLI9QPyQ94AaABAg,,False,@kdy323,Beautiful scenery beautiful voice beautiful song beautiful man,1,2024-04-29T18:42:03Z,2024-04-29T18:42:03Z
Ugzwyj_VzmPmrh0Gzwd4AaABAg,,False,@kdy323,So beautiful 😊,0,2024-04-29T18:41:45Z,2024-04-29T18:41:45Z
Ugz9xAp4HJA2G-Gr7Pd4AaABAg,,False,@mehwishkhan4859,"Ah this was so beautiful, your voice is so clear and pretty like a bell! And the live singing is incredible! DOYOUNG HYUNG FIGHTINGGGGG!!!💚💚💚",0,2024-04-29T18:29:05Z,2024-04-29T18:29:05Z
UgwvzhEkZd7A7qPde8l4AaABAg,,False,@userokm,영상 진짜 너무 예쁘다 도영이 노래 들을 수 있어 행복해 🌱🐰,1,2024-04-29T18:16:26Z,2024-04-29T18:16:26Z
UgyM8U17BAQPoVfJAit4AaABAg,,False,@williamboyes7132,Wow very nice,0,2024-04-29T18:08:03Z,2024-04-29T18:08:03Z
UgxiHqT78tzzy__e_JR4AaABAg,,False,@Nats_bloom,Doyoung's voice warms the heart like the sun's rays. Sweet and extraordinary 💞💞💞,2,2024-04-29T17:59:45Z,2024-04-29T17:59:45Z
UgyESeSCmXBhJWoyh0p4AaABAg,,False,@magali6344,te amo doyuuuuuuuuuuuuuuuu,0,2024-04-29T17:55:58Z,2024-04-29T17:55:58Z
UgzsL0tN3CMlgfPN6_t4AaABAg,,False,@carolechaney2830,Beautiful 🥰♥️🥰♥️🥰♥️🥰♥️🤗,0,2024-04-29T17:37:59Z,2024-04-29T17:37:59Z
UgwLUfkItef8ou_-6hx4AaABAg,,False,@nikkihagverdi6540,Angelic voice😊😊😊❤,0,2024-04-29T17:33:07Z,2024-04-29T17:33:07Z
UgwEa0t5lAtmsUZel_V4AaABAg,,False,@untitled.6934,ขอบคุณนะโดยอง รักน้าาาา,0,2024-04-29T17:29:25Z,2024-04-29T17:29:25Z
Ugx8Rl5fcND5B-5qNdB4AaABAg,,False,@얼음-f9h,"도영이의 새로운 시작을 함께할 수 있어 기뻐 🍀
진심이 담긴 노래 소중히 들을게! 노래해줘서 고마워 도영아 🤍",2,2024-04-29T17:28:55Z,2024-04-29T17:28:55Z
UgyXBuoKvpebGS9OLD94AaABAg,,False,@yyy-dt6le,난 이노래가 그렇게 좋더라 ㅠㅠ 모든게 다 좋아 ㅠㅠ,1,2024-04-29T17:23:36Z,2024-04-29T17:23:36Z
UgzdnMTc_DfG0A0ADpV4AaABAg,,False,@nibnueuy,도영아~~ 청춘의 포말의 첫 번째 트랙으로 너무 너무 잘 어울린다!! 오래 오래 소중히 들을게🩵🩵,1,2024-04-29T17:20:27Z,2024-04-29T17:20:27Z
UgyRVI02prko2E0y6EF4AaABAg,,False,@킴앤-m2x,도영이가 얘기한 확신. 확실히 전달된다,3,2024-04-29T17:17:17Z,2024-04-29T17:17:17Z
UgxOMJsaUdGKRmy9isJ4AaABAg,,False,@sone__,🩵🩵🩵,0,2024-04-29T17:13:36Z,2024-04-29T17:13:36Z
UgwOhr1PrP0jKnmFQBh4AaABAg,,False,@Soleee0543,너무 좋가🥰,0,2024-04-29T17:11:08Z,2024-04-29T17:11:08Z
UgyTp-2B64xtpo--gUl4AaABAg,,False,@kika_ckd,I am so in love with your voice Doyoung! Thank you for such an amazing song and album love you forever ❤,0,2024-04-29T17:10:21Z,2024-04-29T17:10:21Z
Ugx2gXkZ-p7ZcyKSl-Z4AaABAg,,False,@ChelseaJkt,"Doyoung, you’ve given us so many contents. Thank you !",0,2024-04-29T17:02:26Z,2024-04-29T17:02:26Z
UgxSxRVzftjp6RsjHNV4AaABAg,,False,@bunnycokr3807,doyoung aaaaaa❤❤❤,1,2024-04-29T16:56:42Z,2024-04-29T16:56:42Z
UgzdbbcEOTK6KbSlZ714AaABAg,,False,@This_Ayoifeoluwa,"nobody gets this song like I do. 🥺🥺🥺

Happy solo debut doie.",0,2024-04-29T16:56:14Z,2024-04-29T16:56:14Z
Ugw2CCLYAM1eaUdKUO54AaABAg,,False,@ふじまー-g7b,"活動中たくさんのジャンルのコンテンツを1人でこなして大変だと思うけど、どんな時でも良質な歌声を届けてくれるどよちを本当に尊敬するし、
毎日生きていてくれるだけでありがとうです。
残りの活動も体調に気を付けて。",1,2024-04-29T16:52:47Z,2024-04-29T16:52:47Z
Ugw7cDDR-Uz_EZca95t4AaABAg,,False,@fitripebrianti1253,So beautiful🥹 fighting kimdoyoung🫳🏻🫳🏻💗💗💙💙,0,2024-04-29T16:49:47Z,2024-04-29T16:49:47Z
UgyWRMRSzwyVK8lGCMB4AaABAg,,False,@쇼트케잌먹고싶다,"도영이가 시즈니에게 항상 말해줬던 문구!! 이젠 시즈니가 도영이에게 말해줄게☺️
도영아 내일은 분명히 더 행복해질거야🌊🍀💕 항상 화이팅!",0,2024-04-29T16:48:40Z,2024-04-29T16:48:40Z
UgxvtE_FXKJYolZ3M3R4AaABAg,,False,@fera12812,"Beautiful face, beautiful voice, beautiful song, beautiful clip...",1,2024-04-29T16:44:42Z,2024-04-29T16:44:42Z
UgwqyvpeNaHD6C7AYc54AaABAg,,False,@czennie6,"My favorite song for sure, it is a MASTERPIECE! It could be soundtrack of an epic movie like The Lord of The Rings <3",0,2024-04-29T16:42:34Z,2024-04-29T16:42:34Z
UgxpmMiC_zZv_I_xEHl4AaABAg,,False,@jjntw_r2283,so good,0,2024-04-29T16:41:32Z,2024-04-29T16:41:32Z
UgzQOOiPr2fj_oKbmvJ4AaABAg,,False,@aphrodites,SO GOOOOOD,0,2024-04-29T16:34:26Z,2024-04-29T16:34:26Z
UgxFf9cWe0A9kBjmaup4AaABAg,,False,@SEASONY-b3e,명반이다 정말….어카냐ㅜㅜㅜㅜ 내 순간을 좀 더 소중하게 만들어줘서 고마워요❤ 노래 정말정말 진짜루 좋아..🥲 오래오래 보고싶어 너가 좋아하는 노래를 하는 도영이.,0,2024-04-29T16:33:39Z,2024-04-29T16:35:02Z
UgxuCGWvVwoH7EWvgEB4AaABAg,,False,@nolongermove4071,suka banget beginning ❤,0,2024-04-29T16:30:52Z,2024-04-29T16:30:52Z
UgwvGXp_Cn2yncuKA9p4AaABAg,,False,@todaysweather6889,노래 너무 좋다☘️,0,2024-04-29T16:28:37Z,2024-04-29T16:28:37Z
UgyjjkGPli-EeQT-wFV4AaABAg,,False,@Eunjoonkimm,"이 곡을 직접 작곡하고 가사를 썼다는 소식을 듣고 정말 놀랐습니다 
당신의 음악이 내 삶을 아름답게 만들어줘서 고맙다는 말을 하고 싶어요 
김도영 감사합니다🩵🌊✨️",1,2024-04-29T16:20:14Z,2024-04-29T16:20:14Z
UgwXe7y86nKCLp_rqg14AaABAg,,False,@릴리-f5o,"들을 때마다 뭉클해 죽겠네ㅠㅠ
노래해줘서 고마워 도영아,,
요즘 도영이 노래 듣고 하루 마무리 할 수 있어서 행복해🌊🫧",1,2024-04-29T16:18:21Z,2024-04-29T16:18:21Z
UgzD4UxtE5-zqNorPb94AaABAg,,False,@PS-lk3zq,Love you Kim Doyoung❤,0,2024-04-29T16:17:19Z,2024-04-29T16:17:19Z
UgyMWzQqkeQFyba08114AaABAg,,False,@Katyathem,❤,0,2024-04-29T16:09:33Z,2024-04-29T16:09:33Z
UgwjFBsDhar-Astf-qB4AaABAg,,False,@ddd_bbb39,結婚して💍,0,2024-04-29T16:08:53Z,2024-04-29T16:08:53Z
UgzqDiitmOUn5N9jxc14AaABAg,,False,@Dbslzhsaa,타임머신의 라이브 클립은 아무래도ㅠ힘들겠지요…🥹,0,2024-04-29T16:07:19Z,2024-04-29T16:07:19Z
UgwcUGZ7V4s2o4gcOQF4AaABAg,,False,@ip4913,心に寄り添うような温かい曲に出会わせてくれてありがとうございます。目を瞑ってこの曲を聴けば全て乗り越えられる気がします。どよちが私の人生にいてくれて良かったです。一生大切に聴きます。,2,2024-04-29T16:07:13Z,2024-04-29T16:07:13Z
UgyTZymR0LtKSox4KVh4AaABAg,,False,@blefanfan1980,นี่ล่ะๆๆๆๆ👍🏻👍🏻👍🏻,0,2024-04-29T16:05:57Z,2024-04-29T16:05:57Z
UgzDqBjFsRRiC0I0ZVJ4AaABAg,,False,@MM-vz1ol,この歌大好き♡,1,2024-04-29T16:05:45Z,2024-04-29T16:05:45Z
UgzNik57LL-MWOLjWuh4AaABAg,,False,@jdowososo1477,오빠의 온기는 너무나도 나른하고 따뜻해요 이세상 사람들을 다 품어주는 그 넓은품이 너무 좋아요 목소리로 멜로디로 눈물과 웃음을 동시에 주는 오빠가 좋아요,0,2024-04-29T16:04:07Z,2024-04-29T16:04:07Z
UgzEadNKcv0bHWbcdAV4AaABAg,,False,@rikujie,Angel voice,0,2024-04-29T16:03:28Z,2024-04-29T16:03:28Z
UgxYyWUQFu2UYOjhdDB4AaABAg,,False,@jdowososo1477,같은 시대에 오빠의 노래를 들을수있어서 행복합니다 사랑햐요..,2,2024-04-29T16:03:13Z,2024-04-29T16:03:13Z
UgyaYU2VbDvK5OkMQ5F4AaABAg,,False,@bxturnxs,my favorite song from doyoung is this one i just can't explain its so him.,1,2024-04-29T15:59:18Z,2024-04-29T15:59:18Z
Ugyv8xltPymx9shaSuJ4AaABAg,,False,@user-pv5ne2ze5u,"도영아! 사랑해
사랑했고,사랑할게",1,2024-04-29T15:56:03Z,2024-04-29T15:56:03Z
UgzFBJDrPb_KCvmLrnF4AaABAg,,False,@slurfhond,doie ily,0,2024-04-29T15:55:16Z,2024-04-29T15:55:16Z
UgzBTM3rvtGmrf_vecB4AaABAg,,False,@dowo_0,진짜 노래 분위기 너무 좋다ㅠㅠㅠㅠ❤,1,2024-04-29T15:54:08Z,2024-04-29T15:54:08Z
Ugzezt1fBypHqD1Whn14AaABAg,,False,@slurfhond,the saturation looks perfect,0,2024-04-29T15:53:22Z,2024-04-29T15:53:22Z
Ugzezt1fBypHqD1Whn14AaABAg.A2oz2fKxf07A2oz3kGcY17,Ugzezt1fBypHqD1Whn14AaABAg,True,@slurfhond,video is gorg,0,2024-04-29T15:53:31Z,2024-04-29T15:53:31Z
UgzkLYwajAdP0s_caLV4AaABAg,,False,@Minju-qc9gl,도영아 진짜 이번 앨범에 도영이가 얼마나 진심인지 다 느껴져 하루하루가 지날때마다 새로운 콘텐츠들이 올라오고 진짜 이번에 도영이가 엄청 열심히 준비했구나 매일매일 느껴 그리고 무대 하나하나들이 너무너무 이뻐 왜 그럴까 생각해 봤는데 노래를 부를 때 도영이가 감정을 가득가득 담아서 노래를 부르는 것 같아 가사 하나하나가 전부 잘 전달되고 또 무엇보다 도영이 무대들에는 도영이가 진짜 행복해 보여 그게 듣는 사람들도 너무 잘 느껴지니깐 무대들이 다 이쁜 거 같아 이번에 도영이를 보면서 사람이 좋아하는 일을 하면 이렇게 빛이 나는구나를 느꼈어 도영아 이번 앨범 너무 좋고 도영이의 노래는 날이 갈수록 늘고 있는 거 같아 항상 옆에서 응원할게 계속 노래 불러줘🤍💚,1,2024-04-29T15:50:48Z,2024-04-29T15:55:04Z
Ugwyz7804IfYLGt2TcF4AaABAg,,False,@zziS2,나만의 팅커벨 🧚🏻‍♂️,1,2024-04-29T15:49:10Z,2024-04-29T15:49:10Z
UgxahFRbFN0BKx8HYYl4AaABAg,,False,@뽀짝포챠코,"영원히 도영이가 청춘을 노래하면 좋겠다
그게 언제든 도영이가 노래를 부르는
매 순간이 새봄이고 청춘 그 자체야",1,2024-04-29T15:48:11Z,2024-04-29T15:48:11Z
UgwNH5WPNcBlbmFRoQ94AaABAg,,False,@NaGaNaDa.,"도영아 이 말을 꼭 해주고 싶어 아침을 너의 노래로 들으면 오늘 하루 힘낼 용기를 얻고 하루 끝에 너의 노래를 들으면 고생했다 위로가 돼. 
나의 아침부터 저녁까지 나의 하루를 응원해줘서 고마워💗",1,2024-04-29T15:48:03Z,2024-04-29T15:48:03Z
UgxTvIIWN-qYs7r3gGt4AaABAg,,False,@Pettfriends,หล่อเกินมนุษย์ไปมาก,0,2024-04-29T15:47:04Z,2024-04-29T15:47:04Z
UgzaKZbp4eBi-uH5DbB4AaABAg,,False,@뽀짝포챠코,"자신이 좋아하는 것에 온몸을 던지는 사람
그게 도영이야
늘 음악에 진심인 도영이가 정말 좋아",1,2024-04-29T15:46:20Z,2024-04-29T15:46:20Z
Ugwfs_-r7yFGu-hIitl4AaABAg,,False,@annisafebriani3112,Doyyiieee you always amazing😭💚 Please concert to Jakarta😭😭😭😭😭😭💚💚💚💚💚💚💚💚💚💚💚💚,0,2024-04-29T15:44:34Z,2024-04-29T15:44:34Z
UgxQ2v7kdSkEi-ll5Wt4AaABAg,,False,@novitanrns,What a beautiful song,0,2024-04-29T15:43:22Z,2024-04-29T15:43:22Z
Ugx3hAzNoXdpRjD4zoV4AaABAg,,False,@한_hxu,"노래에 딱 맞는 환경, 분위기에서 도영이가 노래하니까 음악이 더 빛나고 더 멋진 것 같애 🥲🩵",1,2024-04-29T15:40:57Z,2024-04-29T15:41:37Z
UgwJR1L7JYLHhEL5Zbt4AaABAg,,False,@yusi.rahmatika,I don't even know what to say anymorem... You're amazing Doyoung! 💙,0,2024-04-29T15:40:56Z,2024-04-29T15:40:56Z
UgzniCgkOPMWqmqai1p4AaABAg,,False,@utopia_doO,It really makes me teary every time i hear doyoung's songs especially beginning and warmth--like i am suddenly being comforted by someone.  Thank you Doyoung for the wonderful album! 💙,1,2024-04-29T15:39:25Z,2024-04-29T15:39:25Z
UgyXrt9Si_GO60XZXE54AaABAg,,False,@쩔부요우마,동영이의 청춘에서는 도영이가 동영이의 반딫불이길,1,2024-04-29T15:37:50Z,2024-04-29T15:37:50Z
UgxpsDeoT7shjUXzqQN4AaABAg,,False,@JJHY-g3h,들을 때마다 벅차오르는 새봄의 노래 💚,1,2024-04-29T15:34:39Z,2024-04-29T15:34:39Z
UgzkdoHTZT4OlytdrmZ4AaABAg,,False,@Lizille78,Beautiful song! Beautiful Doyoung.,0,2024-04-29T15:34:31Z,2024-04-29T15:34:31Z
Ugz7NR8X1p53ggJ9Kud4AaABAg,,False,@JJHY-g3h,도영아 소중한 앨범 들려줘서 고마워 💚💚💚💚💚,1,2024-04-29T15:30:47Z,2024-04-29T15:30:47Z
Ugx5PmagynJUyedrO3p4AaABAg,,False,@stanct20,김도영 최고 💙💚,1,2024-04-29T15:30:19Z,2024-04-29T15:30:19Z
Ugx5KEqMOagC2WlRJrx4AaABAg,,False,@higongchabissa7502,도영이 작사작곡이라 이 선물 같은 곡을 재생 누를 때마다 설렌다구,3,2024-04-29T15:29:14Z,2024-04-29T15:29:14Z
UgxA2xuPPvkRXh7cKcR4AaABAg,,False,@user-ow2un7so2f,요즘 이 노래가 매일을 행복하게 만들어준다는 걸 도영이가 꼭 알았으면..,1,2024-04-29T15:27:40Z,2024-04-29T15:27:40Z
UgzUu1hTIlWYpY4DWNt4AaABAg,,False,@Sinakubpinfdiexd,I love Doyoung's voice.🐇,0,2024-04-29T15:26:39Z,2024-04-29T15:26:39Z
Ugz8cxngLHelP8PTy8J4AaABAg,,False,@jvazuela9440,Angelic voice💐,1,2024-04-29T15:25:58Z,2024-04-29T15:25:58Z
UgzEFRcLGWKjX4QMRO54AaABAg,,False,@ggaeal7516,도영이의 우주를 감히 함께 날아가고싶어. 너의 노래를 타고 네가 꿈꿔왔던 그 곳까지 데려다만 준다면 ㅎ,2,2024-04-29T15:25:09Z,2024-04-29T15:25:09Z
UgzTObYW4hrhDTKEnqd4AaABAg,,False,@lylonice,i love beginning sooooo much,0,2024-04-29T15:24:13Z,2024-04-29T15:24:13Z
UgznQpZQq1a0-MLKN3Z4AaABAg,,False,@khsryne,도영군 너무 벅차오른다.어쩜 노래가 도영 자체인지,0,2024-04-29T15:23:45Z,2024-04-29T15:23:45Z
UgyzocoOKxz6eEDgjmZ4AaABAg,,False,@himmatulliaa,💙💙💙,0,2024-04-29T15:22:38Z,2024-04-29T15:22:38Z
UgyPzZulwih0YZnSGFl4AaABAg,,False,@김정우내미래남편,"도영아 너는 알까? 너의 노래가 나한테 얼마나 큰 힘을 주는지…힘들고 각박한 이 세상에서 내일 하루를 또 살아가야 하는 이유를 만들어줘서, 오늘 밤도 그저 그렇게 버틸 수 있게 해줘서 고마워!! 나한테 힘을 주는만큼 우리 도영이 또한 이 과정에서 힘을 받았으면 좋겠어~!! 너의 오늘이 어제보다는 더 웃는 날이길, 내일이 기대되는 그런 하루하루가 되길 진심으로 바랄게. 도영아 험한 가시밭길은 내가 걸을테니까 우리 도영이는 꽃길만 걸어💚💚 오늘도 고마워 나의 바다야🌊",3,2024-04-29T15:21:32Z,2024-04-29T15:21:32Z
Ugx7W323gDhx6ox4cvt4AaABAg,,False,@7_yoDream,도영아 진짜 사랑해 노래 그렇게 해줘서 너무 고마워ㅠㅠㅠㅠㅠㅠ,2,2024-04-29T15:20:46Z,2024-04-29T15:20:46Z
Ugw8MFlIB5uf7VhYVDd4AaABAg,,False,@Evelin_Ayelen,De mis favoritas💙💙💙,0,2024-04-29T15:17:09Z,2024-04-29T15:17:09Z
Ugyoyz48s84GajJ4pH94AaABAg,,False,@do0855,beautiful voice🩵,0,2024-04-29T15:13:56Z,2024-04-29T15:13:56Z
UgxFDV8bwFbIwWUxPIx4AaABAg,,False,@doimvzii,beautiful song beautiful voice 🩵,0,2024-04-29T15:13:29Z,2024-04-29T15:13:29Z
UgyE5d8tymg2Iq7gvOF4AaABAg,,False,@Skrr_neo,긴말필요없다 좋다,1,2024-04-29T15:10:53Z,2024-04-29T15:10:53Z
UgzWY82KrNpkG9w4VLB4AaABAg,,False,@YontipTosaeng,เก่งมากกกอ้วนนน,0,2024-04-29T15:10:07Z,2024-04-29T15:10:07Z
UgyLPsYzFUC_9QGQReB4AaABAg,,False,@theyakinyakgan2186,"Thank you for giving birth to such beautiful song,Doyoung. It gives me comfort as always.",1,2024-04-29T15:09:47Z,2024-04-29T15:09:47Z
Ugyyg8upTxD_llesU4F4AaABAg,,False,@cheesejae9369,"I love u🥺⭐️ please be yourself forever 🐰❕
Hope to see u in DOYOUNG FIRST FAN MEETING in BANGKOK 🎀💐",1,2024-04-29T15:09:34Z,2024-04-29T15:09:34Z
Ugw0xkqhJr8pXPEuzU14AaABAg,,False,@여우-k1f,"도영아
앞으로 도영이의 길은 밝고 희망차며 우주처럼 넓을거야
너의 온 마음 가득으로 펼쳐진 앨범을 통해 너를 많이 많이 더 보여주길 바랄게
팬들은 너가 무엇을 하든 응원해 주고 기도하고 사랑하며 보살펴주고 함께할거야
걱정말고 끝까지 웃으며 함께하자❤",0,2024-04-29T15:08:10Z,2024-04-29T15:08:10Z
UgzQDBX9sr7PTe5NMr54AaABAg,,False,@이하은-k4b,토끼이면서 카나리아일수도 있는거임?,0,2024-04-29T15:03:25Z,2024-04-29T15:03:25Z
UgyN2g0oMW9J_vS8bXd4AaABAg,,False,@msaworld06,I love you voice 😻❤️,1,2024-04-29T15:00:33Z,2024-04-29T15:00:33Z
UgypMP1ylIgeOWZk2714AaABAg,,False,@_Maria-Clara,Your voice is so beautiful...,1,2024-04-29T14:58:20Z,2024-04-29T14:58:20Z
UgzYNz6pi0TF4cRAcZt4AaABAg,,False,@wisdom9611,나의 바다에게도 .. 라이브 해주세요..💙,0,2024-04-29T14:57:11Z,2024-04-29T14:57:11Z
Ugw421sLx9lam423_254AaABAg,,False,@จ่ายจ้ายจ๊ายจ๋าย4208,ปังๆๆๆๆ,0,2024-04-29T14:56:40Z,2024-04-29T14:56:40Z
UgyZazBvKisPe4x0k2p4AaABAg,,False,@alexwild740,"As more I listen to this song, as more I fall in love with it ❤️‍🔥",0,2024-04-29T14:56:35Z,2024-04-29T14:56:35Z
UgwAmwZStD2mSVj8-Zh4AaABAg,,False,@밍먕-n6b,나 이렇게 행복해두 되나 ..,2,2024-04-29T14:54:19Z,2024-04-29T14:54:19Z
Ugx5ckgZ9yeizz_ALtt4AaABAg,,False,@speeoflove7233,Luv u so much boy 😭😭😭😭😭💗💗😭💗😭💗💗💗💗,0,2024-04-29T14:53:53Z,2024-04-29T14:53:53Z
UgxSkg968iCyi0xG5uJ4AaABAg,,False,@Noline46,새봄의 노래 들을 때마다 정말 벅차오르고 행복하다 도영아 고마워 평생 노래해주라!!!!!!!!!!,1,2024-04-29T14:53:16Z,2024-04-29T14:53:16Z
UgzXQ9q-mwyS4YNPpUR4AaABAg,,False,@anitafebrianasari1591,"Mo nangis bahagia....lihat doyoung nyanyi ini.
Suaranya bagus banget",0,2024-04-29T14:53:15Z,2024-04-29T14:53:15Z
UgyHvO7-knv0WIggssN4AaABAg,,False,@christina0802,Tu es magnifique 🩵🩵🩵🩵🩵🩵🩵🩵🩵🩵🩵,0,2024-04-29T14:52:52Z,2024-04-29T14:52:52Z
UgzIBLdaedYpu7e6rZ94AaABAg,,False,@alebz,Asi te reciben cuando llegas al cielo <3,0,2024-04-29T14:52:33Z,2024-04-29T14:52:33Z
Ugw2f0nQ2Q93_JVWw7Z4AaABAg,,False,@dontmakemeangryyyy1525,Doyoung in nature = Ghibli Male Character,2,2024-04-29T14:49:05Z,2024-04-29T14:49:05Z
UgyH1KWwpl90f64sRjR4AaABAg,,False,@stepbystep121,김도영씨 이렇게 작사도 잘하고 노래도 잘하고 잘생기고하시면 믿고듣는도영이 될수밖에 없어요. 그리고 이 노래들을때마다 눈물나게 만들면 바다가 하나가 더 만들어져서 하이라이트 부분에서 제 눈물바다가 파도가 될수밖에 없어요,2,2024-04-29T14:46:37Z,2024-04-29T14:46:37Z
UgydS9JepHgaKulnm1N4AaABAg,,False,@TeresaCamille,Beginning is my favorite song on the album! Doyoung did an amazing job writing it.,0,2024-04-29T14:46:21Z,2024-04-29T14:46:21Z
Ugwhch6-tHUMchonyTZ4AaABAg,,False,@도영님사랑해요,도영이의 노래들이 매일의 행운을 빌어주듯이 도영이를 향한 따뜻한 마음들이 모이고 모여 도영이의 행운 또한 빌어줬으면 좋겠다.. 도영아 너가 품은 음악들은 언제나 옳고 그 진심들을 듣는 나는 덕분에 행복으로 가득해 고마워,1,2024-04-29T14:45:18Z,2024-04-29T14:45:18Z
Ugw856Tb27XjPkYNnSR4AaABAg,,False,@balakecrakanfumcan1832,"My favorite song from the beginning I listen this album. It's so fairy it's so calm. This relieve music for me 🥰
Thannkyou diyiung for this beautiful song. I Love You 💙✨️",1,2024-04-29T14:45:15Z,2024-04-29T14:45:15Z
UgyOqo6HkmcnyeIqlAF4AaABAg,,False,@Dn6f,새봄이는 이제 우리 자식이야,0,2024-04-29T14:44:57Z,2024-04-29T14:44:57Z
UgzGWX4Ma99c4L762rV4AaABAg,,False,@dyn721_sea,도영이의 노랫소리가 나에게 주는 힘은 매우 크다.,0,2024-04-29T14:44:02Z,2024-04-29T14:44:02Z
UgxNlsPKPt69tcMN2Np4AaABAg,,False,@영이편,도영아 오늘도 도영이의 노래 덕분에 행복한 하루를 보냈네. 나의 일상에 따뜻하게 스며들어줘서 고마워,1,2024-04-29T14:43:40Z,2024-04-29T14:43:40Z
UgxV2OKSrm6ULDvyY6t4AaABAg,,False,@젼이-h2d,도영아 내가 요즘 정말 많이 힘든 시기였는데 도영이 노래 들으면서 위로 정말 많이 받았어 들으면 내가 지금 잘하고 있다고 괜찮다고 안심시켜주는 기분이여서 계속 무한반복해서 듣게 되는 것 같아. 너가 팬들한테 힘과 위로 많이 받고 있다고 항상 말하는데 어쩌면 너보다 팬들이 너한테 더 많이 위로와 행복감을 받고 있을지 몰라 가수해줘서 고마워 노래를 사랑해줘서 고마워,1,2024-04-29T14:42:31Z,2024-04-29T14:42:31Z
UgzlW00mka5YvzqmAvx4AaABAg,,False,@wsunsetwx9691,น้องโดยองเก่งที่สุดในโลก😭🫶🏻💝,0,2024-04-29T14:39:40Z,2024-04-29T14:39:40Z
Ugy7uVQeAXE9w-_X3eR4AaABAg,,False,@carrotball9,天使みたいな声だな,1,2024-04-29T14:39:32Z,2024-04-29T14:39:32Z
UgyxV6hxlFAo19AVTd54AaABAg,,False,@yuria87,도영의 마음이 녹아 있는 가사. 새봄의 노래만 재생하면 가슴이 벅차..,4,2024-04-29T14:38:24Z,2024-04-29T14:38:24Z
UgykmxFOpJiqLAISIXF4AaABAg,,False,@rehidion,"どよち
さいこう
ありがとう
だいすき",1,2024-04-29T14:37:29Z,2024-04-29T14:37:29Z
UgyMb9Yo3VrvpIHQtNF4AaABAg,,False,@문예빈-h7q,그냥 이게 사랑아니면 뭘까.. 도영이랑 존재가 ㅈㄴ좋다 진심,1,2024-04-29T14:36:46Z,2024-04-29T14:36:46Z
UgyBspnIbYHOQXlLi614AaABAg,,False,@ericaratzen,my favorite track !!!!,0,2024-04-29T14:36:01Z,2024-04-29T14:36:01Z
UgxsDjdnl6IlVAWBdH94AaABAg,,False,@혜민-c2g,김도영얼굴진짜장난똥때리나,1,2024-04-29T14:33:02Z,2024-04-29T14:33:02Z
Ugy8VO2r5QpCHBfK_2V4AaABAg,,False,@Lavuri,진짜 이번 솔로앨범 계기로 김도영이라는 가수를 더 사랑하게 됐다... 이렇게 음악에 진심인 가수 너무 오랜만이야❤,3,2024-04-29T14:33:02Z,2024-04-29T14:33:02Z
UgxiRsFGlkkvcBGoOIl4AaABAg,,False,@evaniagnesialaia4584,❤❤❤❤❤,0,2024-04-29T14:32:47Z,2024-04-29T14:32:47Z
Ugw62LjXfMr9hhBHObV4AaABAg,,False,@galtang_spoon,ありがとうどよち,1,2024-04-29T14:32:25Z,2024-04-29T14:32:25Z
UgyZtkrAS6SftzofC1x4AaABAg,,False,@babi_b2546,เพราะมากกกกกกกกกกก,0,2024-04-29T14:30:10Z,2024-04-29T14:30:10Z
UgyDy-RcA02hc0NR0RB4AaABAg,,False,@youngyoung-q8v,아 이쁘다...,0,2024-04-29T14:29:35Z,2024-04-29T14:29:35Z
UgzRIjJ84-PlBDtWaZR4AaABAg,,False,@이선화-m5d,이번 앨범으로 매번 입덕을 한다 너한테..,0,2024-04-29T14:28:27Z,2024-04-29T14:28:27Z
Ugzuy_o45nDruXW_BOJ4AaABAg,,False,@myfortressofbooks,I get chills everytime I hear this song (in the best way possible) especially when Doyoungie performs it live! Doyoung-ah thank you for making this masterpiece!!,0,2024-04-29T14:28:11Z,2024-04-29T14:28:11Z
UgzPlkMiHxgRDY_tGOh4AaABAg,,False,@may-rr9yj,"耳が幸なんですがぁ😊♡ 
ドヨンの声心地良い✨",2,2024-04-29T14:25:13Z,2024-04-29T14:25:13Z
UgydegzPgGuyYD-wlNF4AaABAg,,False,@nurarifahaishahnorazman7439,Sweet guy doyoung ❤❤❤❤,0,2024-04-29T14:24:49Z,2024-04-29T14:24:49Z
Ugz_DR85hCSOTsRh6OV4AaABAg,,False,@noviantinurasiah,love the instrument and ofc ur voice doy🥺💗,1,2024-04-29T14:24:28Z,2024-04-29T14:24:28Z
UgywhTdn4fT2nDWQN_d4AaABAg,,False,@markwoomaharani99,Blleeeesssedd my ears😭✨✨🙇🏻‍♀️🫶🏻,0,2024-04-29T14:23:53Z,2024-04-29T14:23:53Z
Ugy3PmMPAXsEMQ6eA5F4AaABAg,,False,@inoriya,Favorite song of the album 🩵 thank you for writing this beautiful piece and congratulations for your debut doyoung 🎉,1,2024-04-29T14:22:34Z,2024-04-29T14:22:34Z
UgwommHHm2q7JutWSP94AaABAg,,False,@김슈비-n8e,도영아 노래해줘서 고마워,0,2024-04-29T14:21:52Z,2024-04-29T14:21:52Z
Ugy1UPL2Q2Me914NwZ14AaABAg,,False,@keanedevadatta7055,Present 1 Hours,0,2024-04-29T14:21:24Z,2024-04-29T14:21:24Z
UgwEmHreodOwxNM70sh4AaABAg,,False,@Ana-ej7ev,"Ele fez a letra dessa, o que deixa tudo mais especial, sua voz é magnífica doyoung 💚💚",0,2024-04-29T14:19:34Z,2024-04-29T14:19:55Z
UgzJKl6OBY-2yTOSg_B4AaABAg,,False,@last_ringo,노래 부르는 도영이 보는 거 매일매일 더더더 좋아져서 어떡하지🥹 영상 너무 예쁘고 노래도 너무 좋다🥹 이렇게 좋은 노래 만들어주고 노래해줘서 고마워 도영아🫶,0,2024-04-29T14:18:17Z,2024-04-29T14:18:17Z
UgzKle6jspF8BSAwo814AaABAg,,False,@alvinafaradilla8456,A great song has made,0,2024-04-29T14:17:59Z,2024-04-29T14:17:59Z
Ugyri7DgqaYrZVdS4zN4AaABAg,,False,@강쥐댕댕,"도영씨, sm선생님들… 나의 바다에게도 부탁합니다… 너무 좋아요🥹",4,2024-04-29T14:17:13Z,2024-04-29T14:17:13Z
UgyMXLcEjCayK7f5NUx4AaABAg,,False,@luvme201,도영이 노래할때 행복한게 내 눈에도 보이는거 같아서 넘 행복해 ㅠㅠ 오래 오래 예쁜 목소리 많이 들려줬으면 좋겠어 우주를 너머 도영이의 목소리가 울려퍼질때까지 좋아해야지 내 세상이고 내 자랑인 도영아 오늘도 내가 많이 좋아해 🤍,2,2024-04-29T14:17:12Z,2024-04-29T14:17:12Z
Ugz5octswRg1eiMeR6t4AaABAg,,False,@dydy0_201,도영이의 시작을 함께 할 수 있어서 너무 행복해. 앞으로 도영이가 노래하는 모든 곳에 함께 할게. 사랑해🩵,0,2024-04-29T14:16:58Z,2024-04-29T14:16:58Z
UgxAFxpvX_gPzsTA3zJ4AaABAg,,False,@똥을싸요-w1q,도영아 나는 너의 노래로 위로받는 사람 중 하나야 나도 너가 위로를 준 만큼 너에게 큰 힘이되었으면 좋겠어 너는 모르겠지만 항상 너를 응원하고 있으니까 아무 걱정하지 말고 좋은것만 보고 듣고 지금처럼만 잘 지내줘 너의 하루하루가 행복으로 가득찼으면 좋겠어..사랑해 도영아,0,2024-04-29T14:16:45Z,2024-04-29T14:16:45Z
UgxdGQJ5n28VoC8YD354AaABAg,,False,@kinan12xd,HIS VOICE IS AMAZING AAAA,0,2024-04-29T14:15:21Z,2024-04-29T14:15:21Z
UgynroN4rQyCh1Cpf494AaABAg,,False,@jjellykoongya,예쁘다 도영아,0,2024-04-29T14:14:49Z,2024-04-29T14:14:49Z
UgzGRN1tidOBF81M1HN4AaABAg,,False,@gogoongsim,너무 좋당,0,2024-04-29T14:14:32Z,2024-04-29T14:14:32Z
UgwtHfKFtOlf-zExMOd4AaABAg,,False,@젤리-x3p,도영이 노래해줘서 고마워 덕분에 늘 힘난다,0,2024-04-29T14:11:00Z,2024-04-29T14:11:00Z
UgzWlmt-J-7XzAW8Sct4AaABAg,,False,@erinmor,Beginning so wonderful I love this song🩵,0,2024-04-29T14:10:49Z,2024-04-29T14:10:49Z
UgwUW0spRJtA89XTR8R4AaABAg,,False,@afiqahahmdt,BEST SONG EVER!! THANK YOU LYRICIST & COMPOSER DOYOUNG FOR THIS MASTERPIECE!! 🤍,1,2024-04-29T14:10:30Z,2024-04-29T14:10:30Z
UgxqqC2lif7zUUHEfgZ4AaABAg,,False,@cord6329,이 노래가 제일 도영다워서 좋다 고마워 푸릇푸릇한 이 계절에 어울리는 노래 들고 와줘서,4,2024-04-29T14:10:24Z,2024-04-29T14:10:24Z
UgzFWkZVXv3CJubTawl4AaABAg,,False,@doimvzii,"Doyoung ah ~ This song is so healing and your voice is so amazing, I'm so proud of you so much and always thank you for working hard to make us happy. You can did so well of every part anyway whatever you do I will always support you. I promise. Love You 🩵",3,2024-04-29T14:09:22Z,2024-04-29T14:09:22Z
UgyvPdNZwGw6RTOLMTF4AaABAg,,False,@yun_06,the lyrics🥹🫶💚,0,2024-04-29T14:09:13Z,2024-04-29T14:10:07Z
UgzXIMG_vjSUGKhUq714AaABAg,,False,@woehlt21,하….행복하다…..,0,2024-04-29T14:07:52Z,2024-04-29T14:07:52Z
Ugwf0qR8q6v6psnbWEF4AaABAg,,False,@doramamanama,"이거 진짜로 라이브예요?(진짜 궁금)
진짜면 대박....... 진짜 음정 정확하다....",0,2024-04-29T14:07:11Z,2024-04-29T14:07:11Z
UgyLSv4IdFFKYpvjQ_t4AaABAg,,False,@Lapbit13,Nice 👍🏻 ❤,0,2024-04-29T14:05:38Z,2024-04-29T14:05:38Z
UgwHEcR76LoGlGZX9nJ4AaABAg,,False,@Hyeonjeong_Beckyannalauren,도영아 너는 정말 바다들을 울려,0,2024-04-29T14:05:29Z,2024-04-29T14:05:29Z
UgzMG5jZtWqqhQiI_Al4AaABAg,,False,@yshhh-n4u,진짜 새봄의 노래는 전세계 사람들이 모두 들어봤으면 좋겠다…,5,2024-04-29T14:04:47Z,2024-04-29T14:04:47Z
UgzkW7R22qb8DW3yZqZ4AaABAg,,False,@Sm-j7v,"도영 목소리가 들려서 너무 행복했어요.
앞으로도 많이 들어주세요.",2,2024-04-29T14:04:46Z,2024-04-29T14:05:21Z
Ugyj_IFsSRrgCmIPVll4AaABAg,,False,@sarahprosetti6156,beautiful and lovely and talented and gorgeous and lovely,0,2024-04-29T14:04:44Z,2024-04-29T14:04:44Z
UgxLLe1HRZuwn6n4gCd4AaABAg,,False,@doimvzii,진짜 진짜 너무 촣아용 도영이 목소리고 이 노래를 나는 애정함니다 ㅠㅠ,0,2024-04-29T14:03:36Z,2024-04-29T14:03:36Z
UgwWKCwT5Ecs3wNulat4AaABAg,,False,@dossdcrwrr6295,Excuse me ??? This is the most perfect video in the world,0,2024-04-29T14:03:23Z,2024-04-29T14:03:23Z
UgwcuxgpKW0-_7NhatB4AaABAg,,False,@user-70825,노래가 너무 좋아 💚 라이브클립 너무 좋아💚,0,2024-04-29T14:02:15Z,2024-04-29T14:02:15Z
UgzQtAhYMw6XS6jyICl4AaABAg,,False,@lali_do0,"This album has all wonderful songs but ""Beginning"" is my favorite song. The one that melts every corner of my soul. Thank you Doyoung for listening to your heart, for telling it and singing it for all of us.🌿🐰💜🎤🌼",179,2024-04-29T14:00:30Z,2024-04-29T14:00:30Z
UgzQtAhYMw6XS6jyICl4AaABAg.A2om80PUp3wA2oqhWcnz3Y,UgzQtAhYMw6XS6jyICl4AaABAg,True,@RebaMcImTired,Same!,5,2024-04-29T14:40:26Z,2024-04-29T14:40:26Z
UgzQtAhYMw6XS6jyICl4AaABAg.A2om80PUp3wA38gRV1pqaB,UgzQtAhYMw6XS6jyICl4AaABAg,True,@AnnRi-yb5ii,I love little light more..❤❤,4,2024-05-07T16:54:47Z,2024-05-07T16:54:47Z
UgwaoyNrLgzmAg31Q094AaABAg,,False,@김동영-x8f,존재 자체가 빛과 초록을 넘나드는 남성 .. 라이브를 어쩜 이리 잘하지 .. 진짜 가수가 되어주어서 너무 감사하고 이 노래를 들을 수 있게 해주어서 고맙고 그냥 존재 자체가 고맙다 ..,0,2024-04-29T14:00:26Z,2024-04-29T14:00:26Z
UgyR2PEpHueblpqmfSl4AaABAg,,False,@토끼-o4c,너무 예뿌다 진짜 내 봄이야 도영아 너가,1,2024-04-29T14:00:14Z,2024-04-29T14:00:14Z
Ugw48gBnATMCSKmNdkl4AaABAg,,False,@CYoungs,와 .. 너무너무너무 아름다운 영상이다 ㅜㅜㅜㅜ,0,2024-04-29T13:59:54Z,2024-04-29T13:59:54Z
Ugxey-M1QJ9gzQ2Ntc14AaABAg,,False,@Ur_mylight_RJ,"내 최애 수록곡..🌱ฅᐢ..ᐢ₎♡
모든 영상들이 여러모로 신경쓴게 보여🥹
노래해줘서 고마워 매일매일 선물같은 영상도 고마워💚",0,2024-04-29T13:59:38Z,2024-04-29T14:01:03Z
UgxDV05ol6LXlns7cLJ4AaABAg,,False,@CloudNine_,"도영님의 청춘을, 가장 빛나게 될 도영님의 순간들을 함께할 수 있음에 그저 감사할 따름이에요..✨🥺 추웠던 날들이 따듯해지기 시작하는 봄의 끝무렵에 시즈니들을 위해서 햇살처럼 따듯하고 구름처럼 포근하고 반딧불처럼 빛나는 도영님의 청춘을 들려주셔서 감사합니다🤍 앞으로도 쭉 빛날 도영님의 청춘의 모든 날들을 듣게되는 그날까지 늘 뒤에서 묵묵하게 응원하고 있을께요❕",0,2024-04-29T13:59:31Z,2024-04-29T13:59:31Z
UgyxeEY4HQh9sw-qvU54AaABAg,,False,@우리의웃음이다야,힘들었던 하루 도영이의 노래로 행복하게 마무리 할 수 있어 다행이다,2,2024-04-29T13:59:21Z,2024-04-29T13:59:21Z
Ugxw4r6VozQKlvFfUIt4AaABAg,,False,@요주-v3j,조타,0,2024-04-29T13:59:04Z,2024-04-29T13:59:04Z
UgzdzmoV5JaUCBLqiDh4AaABAg,,False,@Shelpeck1,The most beautiful song ever,0,2024-04-29T13:58:53Z,2024-04-29T13:58:53Z
UgwTjiXBFswPY3mrfQh4AaABAg,,False,@hyunniekim,🥹🩵,0,2024-04-29T13:58:41Z,2024-04-29T13:58:41Z
UgzI8AVV3X4O3h6K6Pp4AaABAg,,False,@GongmyungKim-cw2zg,💚💚💚,0,2024-04-29T13:58:39Z,2024-04-29T13:58:39Z
Ugz56r0TAPmok3IzxW14AaABAg,,False,@user-ih7yj5jb7x,かわいい！！！！ほんとにだいすき！！！！！！😭😭😭😭😭,1,2024-04-29T13:57:57Z,2024-04-29T13:57:57Z
UgwwAG7tAHLCBAdZ2Gl4AaABAg,,False,@Doyoungson,so pretty,0,2024-04-29T13:57:33Z,2024-04-29T13:57:33Z
Ugx_UQQduExNb1LB4GZ4AaABAg,,False,@kpopstanunnie,"Honestly, Beginning is my favorite",8,2024-04-29T13:57:26Z,2024-04-29T13:57:26Z
Ugx_UQQduExNb1LB4GZ4AaABAg.A2olmYwEWycA2zMEqiFLqW,Ugx_UQQduExNb1LB4GZ4AaABAg,True,@venuslilith,❤,1,2024-05-03T16:37:09Z,2024-05-03T16:37:09Z
UgzwngleXlU5gxrp6GF4AaABAg,,False,@ชรินรัตน์ไตรอุโภค,เก่งแล้วน่ารักมากตลอดเลย ดีใจมากที่มารักโดยอง,0,2024-04-29T13:57:16Z,2024-04-29T13:57:16Z
UgyPL2Ym_QjdSgNh9LB4AaABAg,,False,@ttokkieyo,도영아 노래해줘서 고마워,0,2024-04-29T13:57:15Z,2024-04-29T13:57:15Z
Ugxi7mzLjQ2PLsR4J4d4AaABAg,,False,@김윤선-f4s,진짜 벚꽃엔딩이후에 봄 노래인데 왜 잘 안듣는거야 제발 들어,2,2024-04-29T13:57:15Z,2024-04-29T13:57:15Z
UgxbPkY8550hRD0rz-V4AaABAg,,False,@acaayyyy,kim doyoung fightinggg!!,0,2024-04-29T13:56:50Z,2024-04-29T13:56:50Z
UgzUqY1SPJspwnFrAOV4AaABAg,,False,@진덕-j5p,예뻐죽겠다 내토끼,0,2024-04-29T13:55:54Z,2024-04-29T13:55:54Z
Ugxk8d8OyP2XnHBRy9t4AaABAg,,False,@worathidasamee8454,โดยองรู้มั้ยว่าไม่ใช่แค่โดยองที่โลภในการร้องเพลงเราเองก็โลภที่จะได้ยินเสียงโดยองตอนร้องเพลงมากๆเหมือนกัน ไม่ว่าจะร้องกี่ครั้งก็ยังคงเพราะทุกรอบที่ได้ฟัง ขอบคุณที่ทำเพลงดีๆแบบนี้ออกมานะ ภูมิใจในตัวโดยองมากๆ💙💙🌊,1,2024-04-29T13:55:46Z,2024-04-29T13:56:20Z
Ugy2mWOdQtcWA4z0yHB4AaABAg,,False,@jonodistefano1726,Doyoung is a soul art to his music and songs,2,2024-04-29T13:55:39Z,2024-04-29T13:55:39Z
Ugy12EyTWL3RoxCbwtt4AaABAg,,False,@ixoraazalea,"Indah banget
Very beautiful 
Kim doyoung, thanks for singing this beautiful masterpiece 💚",1,2024-04-29T13:52:14Z,2024-04-29T13:52:14Z
UgwelrN76yRPkUX_2A94AaABAg,,False,@RaInDrOpS_05,Lots of love from PAKISTAN 🇵🇰🇵🇰 please also come to Pakistan please ❤❤,1,2024-04-29T13:51:59Z,2024-04-29T13:51:59Z
UgyX56CFPDKfqwqTXSx4AaABAg,,False,@a2ongi,"날이 갈수록 더 어려지네 
목소리도 얼굴도 진짜 청춘이야",4,2024-04-29T13:51:36Z,2024-04-29T13:51:49Z
UgxunAQoWk_hiS_VzSJ4AaABAg,,False,@연-t4c,진짜 오래오래 노래한다고 약속해줘,2,2024-04-29T13:48:37Z,2024-04-29T13:48:37Z
UgzPkjLVYzhN2ggiL1t4AaABAg,,False,@Miokun622,I love this song so much..❤Doyoung sweet and beautiful voice..literally my ears are blessed 😌 🙌 😇 ^-^,0,2024-04-29T13:47:06Z,2024-04-29T13:47:06Z
Ugwyldwc4M5JeGmGOE94AaABAg,,False,@EiThazinMaung-km3ic,I'm addicted to his cleanest voice ❤,0,2024-04-29T13:46:46Z,2024-04-29T13:46:46Z
UgxTvwPx3J26htL3bpx4AaABAg,,False,@Hellokitty_391,This song can take me to heaven (i'm an atheist),0,2024-04-29T13:46:20Z,2024-04-29T13:46:20Z
Ugz_n26EOA61o4BUuWB4AaABAg,,False,@Ily14517,팬 아닌데 노레 영상 다 찾아보고 있음…!!! 노래가 느무느무 좋아요….👍🏻👍🏻,3,2024-04-29T13:44:48Z,2024-04-29T13:44:48Z
UgxrD1gR_BVFEiLog214AaABAg,,False,@JenDoyriii,🩵🩵🩵,0,2024-04-29T13:44:17Z,2024-04-29T13:44:17Z
UgxhxeuLzXOUbOfc18Z4AaABAg,,False,@또하링-h8n,새봄의 노래는 늘 나를 벅차게 해 노래해줘서 고마워 도영아,2,2024-04-29T13:42:54Z,2024-04-29T13:42:54Z
UgwiLZJUudG2zOxQsYZ4AaABAg,,False,@_grmmns,natural is doyoung,0,2024-04-29T13:42:50Z,2024-04-29T13:42:50Z
UgwO_qpTl0H-6oZyhlF4AaABAg,,False,@yunoverse14,Best song of 2024,0,2024-04-29T13:42:24Z,2024-04-29T13:42:24Z
Ugxx9E-4e8AsBSIUa794AaABAg,,False,@hzshi,너의 노래에 매번 힘을 얻어 네가 우리에게 작은 힘이라도 얻을 수 있게 많이 노력할게 도영아 사랑해 !!,2,2024-04-29T13:41:22Z,2024-04-29T13:41:22Z
Ugw--cPk3aQ15GvtFfd4AaABAg,,False,@alyssaohn9126,I love his honey voice so much🥹🩵,0,2024-04-29T13:40:59Z,2024-04-29T13:40:59Z
UgxnJ335AfGp4H8eoEt4AaABAg,,False,@sunandmoon__,"그저 도영이가 노래해줘서 고맙고
그 노래를 들을 수 있음에 감사하고
그 사람의 팬이 될 수 있음에 기쁘다..",3,2024-04-29T13:40:25Z,2024-04-29T13:40:25Z
UgyINWeE8_LcCM3NfZl4AaABAg,,False,@indorang_i,신기해 매번 들을때마다 오는 감동이 달라 그래서 이번 영상도 너무 소중하다,8,2024-04-29T13:39:59Z,2024-04-29T13:39:59Z
UgzPTf52Q5Rx4AEliTR4AaABAg,,False,@nct_doyoung,"도영아 늘 노래가 1번인 삶을 살면서 시즈니가 좋아하는 노래를 많이 부르겠다는 말을 변함없이 지켜줘서 고마워. 그러고 보니 너를 좋아한 지 꽤 오래됐는데 너는 정말 하나도 변하지 않았어 

노래를 부를 때면 늘 반짝이는 눈, 노래를 위해 만들어진 습관, 노래에 대한 자부심, 노래를 대하는 태도까지 정말 하나도 안 변했어. 

사람은 불완전하고 위태로워서 변하지 않는 것으로부터 위안을 얻잖아 아마 그래서 많은 사람들이 널 좋아하나 봐. 근데 나는 욕심이 많아서 너를 좋아하는 사람들이 지금보다 훨씬 더 많아졌으면 좋겠어. 그러면 네가 좋아하는 노래를 오래오래 행복하게 할 수 있을 테니까

나는 몇번의 봄을 다시 겪어도 여전히 널 좋아할 거니까 걱정하지 말고 마음껏 노래해줘

고마워 도영아",3,2024-04-29T13:39:50Z,2024-04-29T13:39:50Z
UgxuYccr5uMObkGYxa54AaABAg,,False,@do0_sseuka,이 노래 듣고 진짜 울뻔했음... 노래가 날 위로해주는 느낌이랄까..ㅠㅠ,27,2024-04-29T13:38:56Z,2024-04-29T13:38:56Z
UgwI-qBwQ8gtshlGR114AaABAg,,False,@juliamaria1401,The perfect song is here!,0,2024-04-29T13:38:30Z,2024-04-29T13:38:30Z
UgxUo9BEUpRKaLJxc514AaABAg,,False,@Always7RZ,This song is a masterpiece 💚,0,2024-04-29T13:38:09Z,2024-04-29T13:38:09Z
Ugy2D4fhX0iR87xfMSJ4AaABAg,,False,@ramji3286,도영이 생각날때마다 보러 올 영상들이 너무 많아서 행복해 고마워 사랑해~,2,2024-04-29T13:37:18Z,2024-04-29T13:37:18Z
Ugy7WGxfG6adaI2ejiB4AaABAg,,False,@doyiland,beginning will always have special place in my heart🥹🍀,0,2024-04-29T13:37:17Z,2024-04-29T13:37:17Z
UgzJe6xw_GptUcIsrIB4AaABAg,,False,@qtri1186,Thank you for creating and singing this song Doyoung,0,2024-04-29T13:36:49Z,2024-04-29T13:36:49Z
Ugx4MxCxqRTqlTLl5bp4AaABAg,,False,@Mm-ss0809,잘생긴거개크게축하,0,2024-04-29T13:36:37Z,2024-04-29T13:36:43Z
Ugwzck7goub7a8NbqQJ4AaABAg,,False,@공오공육-d2t,버블로 말했던게 이거였구만.. 매일매일 도영의 축복은 끝이없다..💚,4,2024-04-29T13:36:06Z,2024-04-29T13:36:06Z
Ugwf2eBQn7fQHEe1A2F4AaABAg,,False,@주주-j5f,목요일 밤 보고 오니깐 또 도영이 떠있네...도영이 축복은 끝이없네....,3,2024-04-29T13:35:42Z,2024-04-29T13:35:42Z
UgweEBTt5a06dMpkSJB4AaABAg,,False,@_HJ-gl3io,너무 좋네,0,2024-04-29T13:35:28Z,2024-04-29T13:35:28Z
Ugx3jvM9TusihZg1gON4AaABAg,,False,@ddoyi1437,Thankyou for singing and release this beautiful song doyiii,0,2024-04-29T13:34:53Z,2024-04-29T13:34:53Z
Ugx0d7UxjMFt97WEbGl4AaABAg,,False,@user-nk7px5xv4z,So beautiful,0,2024-04-29T13:34:33Z,2024-04-29T13:34:33Z
UgyJWQu4Mma1PQg5IJh4AaABAg,,False,@아기토끼왕댜도영,난 김도영 안 사랑하는 법 몰라❤❤,1,2024-04-29T13:34:19Z,2024-04-29T13:34:19Z
Ugw9b_MzKxEWW-8iN7h4AaABAg,,False,@치치-n9s2y,고마워 도영아🌿 선물 같은 곡이야💚,1,2024-04-29T13:33:25Z,2024-04-29T13:33:25Z
UgyrsD3GCFHiv1fndtp4AaABAg,,False,@user-ph2en5ni2q,우리 도영이 사랑 많이 받기를 고마워 항상,5,2024-04-29T13:33:11Z,2024-04-29T13:33:11Z
Ugyfz1sCCU8VV9D7KUR4AaABAg,,False,@써니-j9e2p,도영아 내가 모든 기억이 잃더라도 너의 노래는 잊지 않을께 고마워 좋은노래들려줘서💚💚,0,2024-04-29T13:32:41Z,2024-04-29T13:32:41Z
Ugy4LN2zTiXG_HKAg1p4AaABAg,,False,@nne13,"너무 좋아,,, 나의 인생 앨범🌿🌊",0,2024-04-29T13:31:30Z,2024-04-29T13:31:30Z
UgzMhvw-1ie55joUjYx4AaABAg,,False,@Dobiduba4760,도영이의 소중한 노래덕분에 하루하루 도영이 노래들으면서 새봄을 맞이하며 소중하게 살아가고있어!! 노래해줘서 고마워 덕분에 행복해 도영아!,0,2024-04-29T13:31:10Z,2024-04-29T13:31:10Z
UgxhpeHHQ4ciVLWBp8J4AaABAg,,False,@kzw_oo,괴팍팍한 세상에 이런 감정과 감성을 전달 받을 수 있다니... 도영군 진짜 따뜻한 사람인 것 같아요.... 노래가 다정함........ 감사합니다,72,2024-04-29T13:30:57Z,2024-04-29T13:30:57Z
Ugxzosh-MPAIiXgXs5p4AaABAg,,False,@doyochidesu,So beautiful,0,2024-04-29T13:30:27Z,2024-04-29T13:30:27Z
Ugz_i7pz7jszewa1cZl4AaABAg,,False,@vitaayulestari2038,정말 정말 마음에 들어요,0,2024-04-29T13:29:58Z,2024-04-29T13:29:58Z
UgwiJxWfznv2IFXcGAp4AaABAg,,False,@user-hihit,노래가 들어도 들어도 너무 좋다……. 나만 알기에 진짜 너무 아까운 곡이야 열심히 홍보중💕💕 갓반인 친구도 가만히 듣다가 너무 좋다구 했어!!!!!,1,2024-04-29T13:29:53Z,2024-04-29T13:30:19Z
Ugza1X80I30A-jwo8pR4AaABAg,,False,@fullsunny2530,Doyoung you have such a beautiful voice 💚,0,2024-04-29T13:29:25Z,2024-04-29T13:29:25Z
UgxMidbvPsr6gm7LbCR4AaABAg,,False,@rickywhenIcatchuuricky,YALL THIS IS MY SONG,0,2024-04-29T13:29:01Z,2024-04-29T13:29:01Z
UgzUeRKGkzadfxnUT094AaABAg,,False,@kktmjm4001,ドヨンさんが、歌いたい歌を歌い続けられますように…,2,2024-04-29T13:28:50Z,2024-04-29T13:28:50Z
Ugy9oFFo5h2trof1m0B4AaABAg,,False,@mypage5640,❤,0,2024-04-29T13:28:36Z,2024-04-29T13:28:36Z
UgyFQ4K1j2kZQBYtGql4AaABAg,,False,@mallangkawoo,음원 잘 들었고요 이제 라이브클립 주세요,0,2024-04-29T13:28:30Z,2024-04-29T13:28:30Z
Ugx7osD8hzVlOQAsphp4AaABAg,,False,@kdydolo,this is so pretty and beautiful!! 🥹,0,2024-04-29T13:27:21Z,2024-04-29T13:27:21Z
Ugzo9yp7X5NAvcYwBoV4AaABAg,,False,@mmmyyy3426,I love this and I love you Kim Doyoung 🩵,0,2024-04-29T13:27:20Z,2024-04-29T13:27:20Z
Ugy9bgglvqZH5d_ph_F4AaABAg,,False,@헤-r2k,도영이노래들을수잇어서너무행복해❤️❤️,0,2024-04-29T13:27:10Z,2024-04-29T13:27:10Z
UgwKuzfxPV_MinUlHPx4AaABAg,,False,@chanamonp183,Beautiful place & Beautiful voice 🩵🩵🩵🩵🩵,0,2024-04-29T13:27:10Z,2024-04-29T13:27:10Z
UgwxYlTwhO2cH_wceyV4AaABAg,,False,@m_4307,😭😭😭😭😭😭😭😭🩵🩵🩵🩵🩵🩵🩵🩵,0,2024-04-29T13:27:08Z,2024-04-29T13:27:08Z
Ugw_rZbMHwA-MXveslp4AaABAg,,False,@NCT_127_DREAM_WAYV,아름답다..,0,2024-04-29T13:26:58Z,2024-04-29T13:26:58Z
UgxBA4J3nFtNi7W7PHN4AaABAg,,False,@ayml0701,So very happy that there are lots of videos of him singing thus song. This is definitely my favorite song from the album. I feel it so much. Thank you for writing this song and singing it so beautifully that I can feel the emotions everytime I hear it.,0,2024-04-29T13:26:54Z,2024-04-29T13:26:54Z
Ugwj075DEGzOHgIXpLZ4AaABAg,,False,@Blue_sooo,최고다 김도영 ❤,0,2024-04-29T13:26:21Z,2024-04-29T13:26:21Z
UgxaoiB-I7iprnio_Ap4AaABAg,,False,@iiitendo,Myy song 🥹🥹🥹🥹🥹🥹🥹🥹🥹,0,2024-04-29T13:26:03Z,2024-04-29T13:26:03Z
UgwYolFU-zFu6lb5xTN4AaABAg,,False,@emma3743,"This is my favorite song, and I love you Doyoung.",0,2024-04-29T13:25:59Z,2024-04-29T13:25:59Z
UgzGAaAKsWV566AOh294AaABAg,,False,@Dyahayu-hp8lm,DAEBAK!😍🥰🐰❤️,0,2024-04-29T13:25:32Z,2024-04-29T13:25:32Z
Ugy9TgiFcpVVeZCH0IR4AaABAg,,False,@likesaltedbread,우리에게 끊이지 않는 행복을 선사해 준 도영이를 잊지 않을게 편안한 밤을 보내길 바라,4,2024-04-29T13:25:16Z,2024-04-29T13:25:16Z
UgwEn2az9BKidToAjKB4AaABAg,,False,@lisa_so,너무 좋아요 라이브무대많이많이!!!!,0,2024-04-29T13:25:05Z,2024-04-29T13:25:05Z
UgxseD2Sl68vDpSAcdF4AaABAg,,False,@kuzvis,ดีม้าดดดดด ขอบคุณคับลูก เสียงหวานหน้าตาดี เก่งมากเยยเนี่ย⭐️💚,0,2024-04-29T13:25:04Z,2024-04-29T13:25:04Z
Ugxvcg9QS9NwGfhLX714AaABAg,,False,@에고-s9v,"봄이다 봄이야
도영아 새봄같아요",4,2024-04-29T13:24:56Z,2024-04-29T13:24:56Z
UgxvpnI5229SM3Hyt014AaABAg,,False,@butterflai_,Wow doyoung!,0,2024-04-29T13:24:44Z,2024-04-29T13:24:44Z
UgyYUeCBhMZ3VIkNu_R4AaABAg,,False,@user-ju4lp8bz4j,doyoung really has a voice of angel. and i am looking forward to hearing more tracks composed by our talented writer doyoung:),1,2024-04-29T13:24:39Z,2024-04-29T13:24:39Z
UgxiLxS9C3Vzn6829IJ4AaABAg,,False,@king.250,เสียงสวรรค์มากลูก😭💞💞,0,2024-04-29T13:24:31Z,2024-04-29T13:24:31Z
UgxqYmxV0zC65r7xmVV4AaABAg,,False,@stylinminishop8016,his voice is heaven,0,2024-04-29T13:24:01Z,2024-04-29T13:24:01Z
UgyxlutR7C8VtosHicl4AaABAg,,False,@219jung_woo,1:55 에서 ’날 지켜준 계절과‘ 라는 가사가 계절=시즌(season)=시즈니 라는 걸 듣고 얼마나 도영이가 시드니 사랑하고 아끼는지 알려줘서 고맙다고 생각했어💚 앞으로도 벅차고 힘차게 노래해줘,33,2024-04-29T13:23:13Z,2024-04-29T13:23:13Z
UgxWVyVeeAEP_C758ul4AaABAg,,False,@martucki127,So proud of you doie,0,2024-04-29T13:23:10Z,2024-04-29T13:23:10Z
UgwemCqueZAh5lNN56x4AaABAg,,False,@보우-x1c,"새: 새로이 시작되는 가수 김도영이 그리는
봄: 봄같은 청춘과
의: 의미없는 가삿말이 아닌 진심을 담은 김도영의
노: 노래를 항상 응원해. 우리의
래: 내일은 반드시 더 행복할거야!",0,2024-04-29T13:22:56Z,2024-04-29T13:22:56Z
UgwDsNkRQ3r-ZU6kgJ14AaABAg,,False,@pearlesampjts,Can do videoclip for REST song?🥺,0,2024-04-29T13:22:47Z,2024-04-29T13:22:47Z
UgwmUUhrfZuhrBKcqMl4AaABAg,,False,@user-ncttiamo,"헤드폰 꾹 눌러쓰고 듣는 동영오빠의 새봄의노래는 정말….그 누군가 오늘 하루 수고했다고 직접 말해주는것보다 더욱 위로가돼고 위안이 됨…🥲 이만큼 기분이 좋아지기도 어려울 것 같다….
동영오빠의 내일은 분명 더 행복해질거에요:)",1,2024-04-29T13:22:46Z,2024-04-29T13:22:46Z
UgwYePKrepwpo1V0K9R4AaABAg,,False,@우수인-e4x,너는 진짜 죽을때 까지 행복해라 진짜 너의 불행은 내가 다 가져갈테니까 맨날 행복해라,0,2024-04-29T13:22:12Z,2024-04-29T13:22:12Z
UgyzvKmZXjfCZsIAdFR4AaABAg,,False,@yukimw2048,나 진짜 울어 ㅠㅠㅠㅠㅠㅠ 도영님 노래 해줘서 고마워요 ❤,0,2024-04-29T13:21:20Z,2024-04-29T13:21:20Z
UgzBCiefmUDr_rPAaul4AaABAg,,False,@mimu_jsdy,เพราะมากเลยค่ะ,0,2024-04-29T13:21:01Z,2024-04-29T13:21:01Z
Ugy57rPQLky82xyaiuJ4AaABAg,,False,@natadecoco611,"doyoung sounds so heavenly… thank you for singing and making this song, it’s so beautiful…",22,2024-04-29T13:20:40Z,2024-04-29T13:20:40Z
UgyE4mrSG7JOyt8UENt4AaABAg,,False,@yeehaw4073,i love this sing so much and the setting is so beautiful,0,2024-04-29T13:20:34Z,2024-04-29T13:20:34Z
Ugx8870AgI7hVKQhRI94AaABAg,,False,@riririririkaaa3427,저기 김도영씨.. 그냥 노래를 불렀어야 했는데 왜 사람을 사랑에 빠지게 만드는 거에요 ㅠㅠ,2,2024-04-29T13:20:16Z,2024-04-29T13:20:16Z
UgxgSb8polMfPthvm0p4AaABAg,,False,@yeehaw4073,so beautiful,0,2024-04-29T13:20:14Z,2024-04-29T13:20:14Z
Ugw0vZXAP14xzgew8ux4AaABAg,,False,@Eveths_Kim,น้องโดยองเก่ง น่ารัก สวยมากๆค่ะ เสียงหวานเพราะสุดๆเลยค่ะ,0,2024-04-29T13:20:05Z,2024-04-29T13:20:05Z
Ugxhf0JvLrI0wViDRV14AaABAg,,False,@219jung_woo,도영아 노래해줘서 고마워💚,0,2024-04-29T13:20:03Z,2024-04-29T13:20:03Z
UgxNT2F66h3fI509IRh4AaABAg,,False,@shnctd6,am i the only one who always got teared up every single time listening to this song? everything about this song is just so so so beautiful. thank you so much Doyoung to bring this song into existence! <3,14,2024-04-29T13:19:37Z,2024-04-29T13:19:37Z
UgwU9uy4n-0cJU4R2nR4AaABAg,,False,@yeond000,"요즘 아침출근길 지하철 40분동안 1번트랙부터 10번트랙까지 쭉 들으면서 출근하고, 퇴근하는 지하철 40분동안 1번트랙부터 10번트랙까지 들으면서 퇴근하고있어. 도영아 정말 생각보다 더 아주많은 위로와 힘이 되고있어! 이번 앨범 트랙의 컨셉은 청춘 여정의 시작과 끝 이라고 했잖아? 사실 내 청춘은 뒤돌아보면 출퇴근의 기억밖게 없는데, 이번 네 앨범으로 내 흑백이였던 청춘이 그리고 지나간것만 같던 청춘이 다시 색칠되어지고 색이 입혀지고 있는 느낌이야! 다시한번 이번 앨범 너무 좋은곡들 너무 좋은 목소리로 불러주어서 정말 고마워. 난 내일도 어김없이 아침7시에 일어나서 지옥철을 타고 출근을 하고 퇴근을 하겠지만, 네 곡으로 위로받으며 잘 보내볼게! 고마워 도영아 내 세상에 색칠을 해주어서.",0,2024-04-29T13:19:31Z,2024-04-29T13:19:31Z
UgyUhIUcLYoLkHXuaGV4AaABAg,,False,@Coconut-we8bv,천사가 노래를 하네?;,0,2024-04-29T13:18:18Z,2024-04-29T13:18:18Z
UgyD_FFt9julw_DOAgl4AaABAg,,False,@hermosavida_,도영이가 걱정했던 시간을 생각하니까 눈물이 자꾸 나네 도영아 좋은 노래 들려줘서 고마워,3,2024-04-29T13:18:07Z,2024-04-29T13:18:07Z
Ugx_DmxstzmdN7Pq8yh4AaABAg,,False,@user-zhong,도영아 노래해줘서 고마워 💚,1,2024-04-29T13:17:36Z,2024-04-29T13:17:36Z
Ugw7echsn3rL3ojWDMR4AaABAg,,False,@user-pe1et7ht3c,정말 새봄의 바람을 타고 나에게 닿은 듯한 목소리,0,2024-04-29T13:16:56Z,2024-04-29T13:16:56Z
UgxY0Tts6Hc0fZIk0ix4AaABAg,,False,@loove9730,So beautiful,0,2024-04-29T13:16:54Z,2024-04-29T13:16:54Z
Ugw-d1x0Ut-gXTt4ZXV4AaABAg,,False,@Kimkim_moon,"Knp di IG ada lirik, di youtube gk ada 😭😭",0,2024-04-29T13:16:46Z,2024-04-29T13:16:46Z
Ugx7KtjdEd0tfICZn_B4AaABAg,,False,@hwaiting_sunshine,Heavenly Vocals,0,2024-04-29T13:16:39Z,2024-04-29T13:16:39Z
UgynzEQsz3_ZQ7Tvo4B4AaABAg,,False,@리호-g3l,癒される,0,2024-04-29T13:16:38Z,2024-04-29T13:16:38Z
UgyEIptSXKRjjHmoeYZ4AaABAg,,False,@d0zeroooo,도영이 노래 덕분에 계속 꿈 속에 있는 기분이다…🥹 노래 해줘서 고마워 우리 한 달 뒤에 보자🩵,2,2024-04-29T13:16:26Z,2024-04-29T13:16:26Z
UgwOuDtNgwr4uAW5n0t4AaABAg,,False,@ilrakna7310,"영상도 이쁘고 도영이 목소리도 이쁘고
라이브 진짜 좋다ㅠ새봄의 노래 젤 좋아하는데..
내 귀에 꽃이 피네",0,2024-04-29T13:16:23Z,2024-04-29T13:16:23Z
Ugzv7057KEC3rW9jipZ4AaABAg,,False,@Rodtod_26,내가 고3인거빼고 모든게 완벽하다..,0,2024-04-29T13:16:10Z,2024-04-29T13:16:10Z
UgzRLau8ZL2KaZ9FFoJ4AaABAg,,False,@piecesoffeb,도영아 고마워,0,2024-04-29T13:16:08Z,2024-04-29T13:16:08Z
UgxXGT_Rz8rl3Vt-qGJ4AaABAg,,False,@hyun_90,"도영이가 바라보는 모든 세상이 
빛나는것들로만 가득했으면 좋겠다
도영아 너의 청춘에 초대해줘서 고마워
도영이 덕분에 오늘을 살아갈힘을 
또 내일을 힘차게 살아갈힘이 생겨
고마워 도영아
내일의 도영이는 분명히 더 행복할거야🫶",5,2024-04-29T13:16:02Z,2024-04-29T13:16:13Z
Ugw0Av1R5oBMI_jKTM54AaABAg,,False,@jjw-j,쉴 틈을 주지 않는 김도영... 나는 행복하게 바쁜 시즈니야♡,0,2024-04-29T13:15:59Z,2024-04-29T13:15:59Z
UgytRmngIlkwGkBU-H54AaABAg,,False,@shirleyallen8179,Thank you for being my morning sunshine…❤,0,2024-04-29T13:15:39Z,2024-04-29T13:15:39Z
UgyhXQeGkBvSHr9u6GR4AaABAg,,False,@clarixcse,Nós nctzens vamos sempre te amar 💚,0,2024-04-29T13:15:11Z,2024-04-29T13:15:11Z
Ugycl9qJFJ3_EpN2I7d4AaABAg,,False,@_you_yeon,이 노래에 진심인 게 너무나도 보여서 나도 그저 진심으로 응원해주고 싶은 사람 🩵,3,2024-04-29T13:15:02Z,2024-04-29T13:15:02Z
UgyQna-iXyJ7WmeZpL94AaABAg,,False,@Goldrose-h8q,Doyoung-aaaa... I LOVE YOUR ALBUM AND BEAUTIFUL VOICE ❤❤❤❤❤,0,2024-04-29T13:15:01Z,2024-04-29T13:15:01Z
UgySWSBClutLe5_zG3d4AaABAg,,False,@suhotvdoy,So beautiful,0,2024-04-29T13:14:57Z,2024-04-29T13:14:57Z
UgwFKqJiQl3OdDdw5dZ4AaABAg,,False,@기여미-v6p,"도영아 뭐든지 다 열심히 하는 니가ㅜ너무 좋다..
앞으로도 도영이가 음악을 사랑하는 마음이 변치 않았으면 해. 오늘은 더 행복하기를🍀",2,2024-04-29T13:14:55Z,2024-04-29T13:37:24Z
UgxvVWge0ZWvhZXv4Rp4AaABAg,,False,@clarixcse,"Que orgulho de você, doyoung",0,2024-04-29T13:14:52Z,2024-04-29T13:14:52Z
UgzOl_Rfbby5V8Lsq6J4AaABAg,,False,@eriz__h-o2y,김도영 너가 내 봄이다,4,2024-04-29T13:14:39Z,2024-04-29T13:14:39Z
UgyOS8SypuxNQEAyjhh4AaABAg,,False,@Angel_o0915,봄이 도영과 함께 왔으니 또 행복한 하루다.😊,1,2024-04-29T13:14:37Z,2024-04-29T13:14:37Z
Ugx0VzMKlZq_TbSnUh94AaABAg,,False,@clarixcse,Ele canta com a alma,0,2024-04-29T13:14:36Z,2024-04-29T13:14:36Z
UgxjAurNVtY6BPt8WU14AaABAg,,False,@clarixcse,Essa canção é tão bonita,0,2024-04-29T13:13:56Z,2024-04-29T13:13:56Z
Ugw0s9mHdmMtQqu44TF4AaABAg,,False,@clarixcse,Doyoung você tem meu apoio total pelo seu álbum!,0,2024-04-29T13:13:47Z,2024-04-29T13:13:47Z
UgwO09zyJUqlNOWPSZd4AaABAg,,False,@user-ve7bm6gq8h,영상에 새소리 넣을 생각 누가 한 거야 진짜 너무 좋아서 침 나옴,1,2024-04-29T13:13:37Z,2024-04-29T13:13:37Z
Ugwp8GOQ_i4z8urDZ394AaABAg,,False,@รักพี่จองอู,One of best vocalist in the industry,9,2024-04-29T13:13:33Z,2024-04-29T13:13:33Z
UgyTSQdyaJE6SCFHL3R4AaABAg,,False,@Kep1ontheV,เพราะมาก,0,2024-04-29T13:13:29Z,2024-04-29T13:13:29Z
UgwGFdaW56F7_lqselh4AaABAg,,False,@doie1296,EVERYTHING IS SO BEAUTIFUL THANK YOU DOYOUNGGG,0,2024-04-29T13:13:24Z,2024-04-29T13:13:24Z
Ugx0jF-MtFv_xjnX-il4AaABAg,,False,@minujung02,노래 진짜 따숩다 동영아...,1,2024-04-29T13:13:08Z,2024-04-29T13:13:08Z
Ugy7A1RUbuIjvkZnDCV4AaABAg,,False,@美しい_24,وربي مدري احجي على جمالك لو على جمال صوتك لو على الخلفيه لو على الاغنيه وربي كلشي مثالييي فديتتتت,0,2024-04-29T13:12:55Z,2024-04-29T13:12:55Z
UgyaoQrtONvDGFb05EF4AaABAg,,False,@do0_nct_zen,얼굴 무슨 일..,0,2024-04-29T13:12:24Z,2024-04-29T13:12:24Z
UgzdgwMg_RFSI-dUiVp4AaABAg,,False,@박하은-t2l,도영이는 정말 노래에 진심이야,0,2024-04-29T13:12:22Z,2024-04-29T13:12:22Z
UgynYFU0TEAlzhEYQAx4AaABAg,,False,@user-dy201,초록초록한 도영이 넘아름답다💚,0,2024-04-29T13:12:17Z,2024-04-29T13:12:17Z
UgyiORYBu5UI53WpEgN4AaABAg,,False,@mwwara,SO BEAUTIFUL…🩵✨,0,2024-04-29T13:11:32Z,2024-04-29T13:11:32Z
UgycUSuNxei7F7tpJtt4AaABAg,,False,@inthegreenshade,이렇게 모든 게 아름다운 라이브이라니! 나무가 되어 새봄을 데려온 요정 노래를 듣는 것 같네. 마음에 안정을 주는 새소리 바람소리 그리고 도영 목소리.. 자꾸만 듣고 싶은 걸 알고 여러 모습으로 노래를 들려주는 도영 고마워,0,2024-04-29T13:11:07Z,2024-04-29T13:11:07Z
UgyAQSMN16gZ1fjlnvh4AaABAg,,False,@번-r4f,저기 식물들 귀호강했네... 너무 예쁘다 도영아 이 또한 소중히 감상할게🍀,0,2024-04-29T13:11:04Z,2024-04-29T13:11:04Z
UgwLMtvw1WqkUgBY6yl4AaABAg,,False,@도리-f7d,영상 너무 이뻐ㅠㅠ,0,2024-04-29T13:10:43Z,2024-04-29T13:10:43Z
UgyprdaNixM6S8gq8bh4AaABAg,,False,@sugaringdoi,도영이가 음악에 진심인만큼 많은 사람들에게 이 마음이 닿길! 오늘도 고마워 김도영 내일은 더 행복할거야!,1,2024-04-29T13:10:29Z,2024-04-29T13:10:29Z
UgxQLoWuxU32OLeECxZ4AaABAg,,False,@jonginahceah,I LOVE THIS SONG SO MUCH,0,2024-04-29T13:10:20Z,2024-04-29T13:10:20Z
Ugy0YUM1MgOl_KxDmCd4AaABAg,,False,@onlyonelove21,청춘을 노래로 만들면 딱 새봄의 노래일것같아서 더 좋아해… 가사도 한국어라서 더 우리의 청춘같달까… 좋은 노래 만들어주고 불러줘서 고마워 도영아 너의 목소리는 모두에게 위로고 청춘이야🤍,3,2024-04-29T13:10:10Z,2024-04-29T13:10:10Z
UgytE0tYr9XR6rrLy0B4AaABAg,,False,@WendKusuma,"You are my superstar, thank you for singing doyoung❤❤❤",0,2024-04-29T13:10:10Z,2024-04-29T13:10:10Z
Ugx_sl9esMNiI-ilAr54AaABAg,,False,@lindarusdiana,sumpah ini sisjsjs bagus bgt❤,0,2024-04-29T13:10:07Z,2024-04-29T13:10:07Z
UgyGk_LVCt5uMWnwFEZ4AaABAg,,False,@nctyong701,"Doyoung-ah, thankyou for blessing my ears & making me cry while watching this. This is a wonderful song & it heals me. Can't wait to hear this on live. Fighting! Saranghae! 💙💙💙",4,2024-04-29T13:10:00Z,2024-04-29T13:10:00Z
Ugxym0XdzTUxDhvO18V4AaABAg,,False,@saebomibaram,so pretty,1,2024-04-29T13:09:53Z,2024-04-29T13:09:53Z
Ugx4od_PU9Gqws8xYI94AaABAg,,False,@doieforbubu1,A masterpiece.✨️🩵,0,2024-04-29T13:09:49Z,2024-04-29T13:09:49Z
UgzjcDvb6LHvb-zvshZ4AaABAg,,False,@spacebarpp6221,너무 아름다워요…,0,2024-04-29T13:09:41Z,2024-04-29T13:09:41Z
UgxcRbHPFQS9Paq_Sj54AaABAg,,False,@___-vz9jm,아이궁 ㅠㅠㅠㅠ 방금 목요일밤 컨텐츠 보구왔는데 라이브클립이 또 뜨다니!!!!!! 진짜 열일했구만요 ㅋㅋㅋㅋㅋㅋ 감동입니다!!!!!!!! 💚💚💚💚💚💚💚,0,2024-04-29T13:09:41Z,2024-04-29T13:09:41Z
UgxgzggDJcxW4GmNL4p4AaABAg,,False,@yuinwon,"김명창토끼 씨 인트로 영상처럼 3절에 ""저 우주를 함께 날아갈 거야"" 할 때 명창 목소리만 나오는 버전으로 한 번 라이브 가능할까요😢😢😢😢 제가 것 때메 티저만 주야장천 돌려대는데 제발",0,2024-04-29T13:09:40Z,2024-04-29T13:09:40Z
Ugyujh61wJmG_r_ftIl4AaABAg,,False,@SunnieWinnie,Oh my god!! Doyoung The singing of this song is very beautiful 🥹🫠💕💕,1,2024-04-29T13:09:40Z,2024-04-29T13:09:40Z
Ugw9DMJoBZ6oUXJkx_94AaABAg,,False,@bluetopeach,thank you so much for making this masterpiece🥹🩵🤍,0,2024-04-29T13:09:37Z,2024-04-29T13:09:37Z
UgwQEPUxNAY3Gn5yh5F4AaABAg,,False,@taeminismymiracle,"Questa canzone è così meravigliosa. La melodia, il suono limpido della sua voce, e lo scenario intorno.. è tutto così comfort. Mi viene da piangere per quanto sia bella questa canzone, ma al tempo stesso mi rassicura con la sua voce. Provo tante emozioni diverse, doyoung è capace di trasmettere solo energie positive.
beginning, e warmth sono le mie canzoni preferite dell'album, e sono felicissima che abbia rilasciato questa clip live. Non vedo l'ora di vedere quali altre clip live usciranno",2,2024-04-29T13:09:31Z,2024-04-29T13:09:31Z
UgymzE0fX9skwndUfQh4AaABAg,,False,@misskarlin127,My favoriteeee❤❤❤,0,2024-04-29T13:09:28Z,2024-04-29T13:09:28Z
UgzrSsOJq7ZkF9Wc0T14AaABAg,,False,@lindarusdiana,aku suka bgttt lagu ini doy 😭😭,0,2024-04-29T13:09:22Z,2024-04-29T13:09:22Z
UgwYWL7id0dKrl8UCEV4AaABAg,,False,@dillaanggiejuventia2221,Favorite!!! My pick hehe number 1 of 10,0,2024-04-29T13:09:19Z,2024-04-29T13:09:19Z
UgxlV6QCwwr9Eh5tOCd4AaABAg,,False,@Iyaaaaaa04,This is my favorite in the album. His explanation about this song just made me realized that I do feel the same way. Doyoung has been my ocean ever since.,20,2024-04-29T13:09:05Z,2024-04-29T13:09:05Z
UgwEa7HtcTt81rIRJDR4AaABAg,,False,@02luck_01,도영이가 내 청춘을 채워줘서 고마워,4,2024-04-29T13:09:05Z,2024-04-29T13:09:05Z
UgwBQBIk7aqo4qF5zEx4AaABAg,,False,@han-lk7it,"beautiful lyrics and masterfully composed song, this song is a gem",0,2024-04-29T13:09:04Z,2024-04-29T13:09:04Z
UgydbahlC5P3bSVZVVt4AaABAg,,False,@winsunnyy,뒤에 새소리 미땡나... 도영이가 봄의 왕자(그게뭔데)로 보여요,1,2024-04-29T13:09:02Z,2024-04-29T13:09:02Z
UgySdd6Dm5V_FcZ0G-x4AaABAg,,False,@atdotat7546,도영아 노래해줘서 고마워,1,2024-04-29T13:09:02Z,2024-04-29T13:09:02Z
UgzjGM4lO2vL-oaR75h4AaABAg,,False,@ddooi7855,마음이 따땃해,3,2024-04-29T13:08:57Z,2024-04-29T13:08:57Z
UgwA9A3Yjs9P5xUN94J4AaABAg,,False,@햄랑-u9o,노래부를때 반짝이는 너의 눈이 너의 진심을 말해주듯 .. 너무 행복해보이는 도영이야 고마워 노래해줘서,13,2024-04-29T13:08:42Z,2024-04-29T13:08:42Z
Ugz71DzLdse3y5WnLzp4AaABAg,,False,@m.maidyy9963,เพราะมากๆเลยโดยอง,1,2024-04-29T13:08:37Z,2024-04-29T13:08:37Z
UgybXJSYRmInYiT9F3p4AaABAg,,False,@happydyhappme,정말 아름다워요,3,2024-04-29T13:08:34Z,2024-04-29T13:08:34Z
UgyrA46XyD2oMk7uk1h4AaABAg,,False,@영이편,도영아 노래 많이 불러줘서 고마워,6,2024-04-29T13:08:27Z,2024-04-29T13:08:27Z
UgzeskMJ-iDmjJbOpOx4AaABAg,,False,@herbutterfly1916,❤️❤️❤️,1,2024-04-29T13:08:21Z,2024-04-29T13:08:21Z
Ugw4MyVZbLgCx32g98t4AaABAg,,False,@sijunhee127,❤️❤️❤️,0,2024-04-29T13:08:17Z,2024-04-29T13:08:17Z
Ugw7bW0OGSXjxzgh_ih4AaABAg,,False,@찌니_S2,나를 더 사랑해주고 싶을 때 꼭 들을 노래,9,2024-04-29T13:08:08Z,2024-04-29T13:08:08Z
UgydG2WjiZqlvcUJ40h4AaABAg,,False,@joshvilla4325,Doyoung's voice is like a hug to me. His vocals are really comforting to me. Thank you for singing Doyoung.🩵,98,2024-04-29T13:07:55Z,2024-04-29T13:07:55Z
UgydG2WjiZqlvcUJ40h4AaABAg.A2og6t1I3SwA2qMmLglNXe,UgydG2WjiZqlvcUJ40h4AaABAg,True,@ninas8210,completely agree with you,2,2024-04-30T04:48:42Z,2024-04-30T04:48:42Z
UgysUmaMclhRsJJz0Kt4AaABAg,,False,@kdoy0201,Doyoung voice is so beautiful 🥺🌟,4,2024-04-29T13:07:54Z,2024-04-29T13:07:54Z
UgzTvoow1c97D4ihK_J4AaABAg,,False,@annnnn1902,My favorite song on this album,8,2024-04-29T13:07:54Z,2024-04-29T13:07:54Z
UgzCSAW3ZUHyjyvPyf54AaABAg,,False,@eungyeon789,아니 영아 니 혹시 신내림 받았나 그러지 않고서야 이럴수가 없다…,9,2024-04-29T13:07:43Z,2024-04-29T13:07:43Z
UgzLDDXdKlDG8CUAFO94AaABAg,,False,@SapedehNovato,صدای قشنگی داره,0,2024-04-29T13:07:37Z,2024-04-29T13:07:37Z
UgwqtB17ryvgZUftmwN4AaABAg,,False,@saebomibaram,Beginning SOTY,1,2024-04-29T13:07:32Z,2024-04-29T13:07:32Z
Ugxgb6rbGdgZHMcxgKV4AaABAg,,False,@bluetopeach,2:54 - 3:19 this part never fail to make me cry😭🩵,0,2024-04-29T13:07:31Z,2024-04-29T13:07:31Z
UgwIbKWL5UuYAx_BnmB4AaABAg,,False,@Kkingkkang-21,너무 조아 ㅜㅜㅜ,4,2024-04-29T13:07:29Z,2024-04-29T13:07:29Z
UgynC3iwxniIFrso41t4AaABAg,,False,@hgfd98,고마워여 영아,4,2024-04-29T13:07:15Z,2024-04-29T13:07:15Z
UgwQrh4CZn-p2651yfN4AaABAg,,False,@Lalazerobbabbbab,아….. 신님 오늘도 저에게 살아갈 힘을 주시는군요 ㅠㅠ,6,2024-04-29T13:07:14Z,2024-04-29T13:07:14Z
UgxFRly7QtcLTs0ZNTJ4AaABAg,,False,@teboihiteboihi2953,💚🤍💚,1,2024-04-29T13:07:13Z,2024-04-29T13:07:13Z
UgwTm9k1kiODL1SYfc94AaABAg,,False,@elsarchv,Indah.....,1,2024-04-29T13:07:07Z,2024-04-29T13:07:07Z
UgxCpRWMPDw0Srx_bXd4AaABAg,,False,@Mark_jay7,도영아 진짜 노래 너무 좋다.. 도영아 너무너무 부탁이 있는데.. 무주 반딧불 축제 좀 와조라.. 진짜 그 전날부터 돗자리 깔고 기다릴게.. 타이틀 곡 이름도 반딧불 이니까.. 여름에 하는데 진짜 제발 꼭 꼭 와줘..ㅎ 절대 불가능 하겠지만.. 어쨌든 도영아 요즘 여러 예능 나가고 여러 활동 하면서 잠은 잘 자는지 밥은 잘 먹는지 모르겠지만 절대 알상생활에는 피해 안가게 활동하면 좋겠다 사랑해 도영아~💚,26,2024-04-29T13:06:58Z,2024-04-29T13:06:58Z
UgxCpRWMPDw0Srx_bXd4AaABAg.A2og-wzbV-xA8OTmwTRoOH,UgxCpRWMPDw0Srx_bXd4AaABAg,True,@꺅-u2y,제발 내년이라도 와줬으면 좋겠네요💚💚,0,2024-09-15T02:40:20Z,2024-09-15T02:40:20Z
UgyzN1-RO_KcPRndaCR4AaABAg,,False,@yuyoe4h,도영아 노래 많이 부르는 컨텐츠 찍어줘서 고마워ㅠㅠㅠㅠ 진짜 김도영 감동 너무 줘...,47,2024-04-29T13:06:55Z,2024-04-29T13:06:55Z
Ugw1gUAwO8Qz7XdM9Zd4AaABAg,,False,@Dkwociwkkkkk,"너무 좋다🥹
뭐든 다 할 수 있을 것만 같은 노래야",17,2024-04-29T13:06:45Z,2024-04-29T13:06:45Z
UgwdSbzjSV-Pq6zM_jd4AaABAg,,False,@izelyuta1277,AAAAA FAVIRİM ÇOK GÜZELSİN DODO,2,2024-04-29T13:06:41Z,2024-04-29T13:06:41Z
UgzoKEUJOo50ccLIXeN4AaABAg,,False,@I2theK,I like this song the mosttt,2,2024-04-29T13:06:38Z,2024-04-29T13:06:38Z
Ugx706zwHqvMLaAdOxt4AaABAg,,False,@j1ny,미친 라이브 진짜 넘 잘해,6,2024-04-29T13:06:37Z,2024-04-29T13:06:37Z
UgxA-fGlNSnGPcqc5ZJ4AaABAg,,False,@흐흐-t8h,에이씨 기분이다! 도영 도영!!,7,2024-04-29T13:06:35Z,2024-04-29T13:06:35Z
UgxbWZygIBApMCXw2eV4AaABAg,,False,@수빈-q8o,도영가 너가 온맘 다해 전하고자 하는 이 노래를 나도 온맘 다해 사랑할게,5,2024-04-29T13:06:30Z,2024-04-29T13:06:30Z
UgwF2Yi7woFABA6HzFF4AaABAg,,False,@ynitobliviate1351,ร้องไห้ละ T_________________T,1,2024-04-29T13:06:23Z,2024-04-29T13:06:23Z
UgylgfUf_KriDdqQ6Ud4AaABAg,,False,@onyourmn,내가 도영이 꿀보이스 들을려고 살지요.......,10,2024-04-29T13:06:17Z,2024-05-12T08:32:03Z
UgwjgcH5VaWTrWHk7xV4AaABAg,,False,@labbit4341,"청춘을 노래해줘서 고마워..
내가 8년동안 너희에게 사랑을 준것에 보답해주고 있는 너에게 고마워..영원한 시즈니 될게..",54,2024-04-29T13:06:16Z,2024-04-29T13:06:16Z
Ugy__QKxmcOzB5hI0Ft4AaABAg,,False,@yr_do0_nct,"도영이가 직접 만든 노래 ㅠㅠ 최애곡 고를 수 없지만.. 
에잇 기분이다 내 최애곡 !!!!!!!!!! 🩵",6,2024-04-29T13:06:14Z,2024-04-29T13:06:46Z
UgwP8zrYFcwld_AHLfN4AaABAg,,False,@Noissionii,도영님이 새봄에 찾아온 천사가 아님 뭐야,12,2024-04-29T13:06:06Z,2024-04-29T13:06:06Z
UgxDjKgbOXbZ3-XGYeF4AaABAg,,False,@gna9432,love u,2,2024-04-29T13:05:55Z,2024-04-29T13:05:55Z
Ugw23khXOywxDHN8cNF4AaABAg,,False,@luckyeney,도영아 노래해줘서 고마워 진짜루우웅 정말정말루웅,9,2024-04-29T13:05:45Z,2024-04-29T13:05:45Z
Ugyj2GE_sdNPOxr6cax4AaABAg,,False,@joo58144,좋다 좋다 너무 좋아,7,2024-04-29T13:05:43Z,2024-04-29T13:05:43Z
Ugz4wSfI778ZPhrJpLN4AaABAg,,False,@dongdongbros,ohhh i thought i am in heaven because of the angelic voice of doyoung...,0,2024-04-29T13:05:40Z,2024-04-29T13:05:40Z
Ugy9ZXaScmFH-yxyolx4AaABAg,,False,@roro_tonnie,난 이 노래가 참 좋더라 🍀,7,2024-04-29T13:05:38Z,2024-04-29T13:05:38Z
UgyDgNWsCasxhKbw7lx4AaABAg,,False,@lovedoie,my favorite song,3,2024-04-29T13:05:34Z,2024-04-29T13:05:34Z
UgwPMSw53OOf1caC66Z4AaABAg,,False,@Doddoddoing,"이제부터 청춘의 뜻은 김도영이다… 얼굴도 실력도 진짜 미텼다.. 
도영아 노래 해줘서 고마워 진짜…♡",29,2024-04-29T13:05:28Z,2024-04-29T13:09:27Z
Ugzl2AcY5hrc9UxZwFx4AaABAg,,False,@rokorokke,도영아 노래해줘서 고마워,6,2024-04-29T13:05:28Z,2024-04-29T13:05:28Z
UgzGwndqkb_NhVpddKJ4AaABAg,,False,@ho0ho0ho0ho,이노래진짜 너무너무 좋음 ....ㅠㅜㅠㅠㅠ,10,2024-04-29T13:05:25Z,2024-04-29T13:05:25Z
UgxQOpz0GDITe8Rh9kx4AaABAg,,False,@bunnynaaaa,I really like this song🥹♥️♥️,1,2024-04-29T13:05:20Z,2024-04-29T13:05:20Z
UgwcwT9RDH9V0-qALCB4AaABAg,,False,@말티Z-s9w,도영이가 내 봄이고 청춘이야,11,2024-04-29T13:05:13Z,2024-04-29T13:05:13Z
UgzJnKRx7aOYuSMN0Sd4AaABAg,,False,@bunny_cat_9926,노래하는 도영이가 너무 행복해보여서 좋다💕 도영아 노래해줘서 고마워❤️,11,2024-04-29T13:05:10Z,2024-04-29T13:05:10Z
UgyR0T5Lx8DD-cDKTQN4AaABAg,,False,@dearmydearest,This is so beautiful??? Oh my god,1,2024-04-29T13:05:10Z,2024-04-29T13:05:10Z
Ugx340vOBCOVXwxSfRR4AaABAg,,False,@jieunlee.,도영아 콘텐츠 덕분에 너무 배불러,8,2024-04-29T13:05:10Z,2024-04-29T13:05:10Z
UgyXnsSEgBISWazKIER4AaABAg,,False,@dylover0201,"나 꿈이 생겼다!!
평생 도영이 노래 듣기!
이루게 해 줄 거지?",32,2024-04-29T13:05:04Z,2024-04-29T13:05:04Z
Ugz3QbWni2XNVeKU6eV4AaABAg,,False,@annes7522,제일 좋아하는 노래 💚💚,7,2024-04-29T13:05:03Z,2024-04-29T13:05:03Z
Ugy5D8RBi5RNZYiagRp4AaABAg,,False,@뭔소리야짜증나게뭔소,아 너무 행복해ㅐㅐㅐ 도영이 좋아하면서 안 행복한 날이 없네 진짜.. 오늘도 덕분에 행복하게 마무리한다 도영아🫳🐰🩵,35,2024-04-29T13:05:02Z,2024-04-29T13:05:02Z
UgyFca1fps7V0e8rifJ4AaABAg,,False,@jeongkimdy,I love doyoung’s voice ㅠㅠㅠㅠㅠ,10,2024-04-29T13:05:00Z,2024-04-29T13:05:00Z
UgwEvCLYNl76EI9Q4g54AaABAg,,False,@_s2s2,난 이 영상을 평생 잊지 못할거야,5,2024-04-29T13:04:59Z,2024-04-29T13:04:59Z
Ugzzs0UAmiYsEmwuxPZ4AaABAg,,False,@renzyg,"Doyoung's impressive journey as a solo artist is only beginning, and yet, a lot of good things kept on happening already. I hope a lot of things will come on his way as time goes by, his first album is such a gem, really.

Fighting, Doyoung. 🩵",12,2024-04-29T13:04:56Z,2024-04-29T13:04:56Z
Ugwan5U46weYnHjrfWB4AaABAg,,False,@nanahayakawa8214,So beautiful,3,2024-04-29T13:04:55Z,2024-04-29T13:04:55Z
UgyhwwVpSMW8mpB-iP54AaABAg,,False,@cheeze201,노래도 영상도 너무 예쁘다 도영아ㅠㅠㅠㅠㅠ 최고야 진짜,8,2024-04-29T13:04:49Z,2024-04-29T13:04:49Z
UgxOEQiWdEUAYnQ-fLR4AaABAg,,False,@힝구_0201,"노래하는 도영아 많이많이 사랑해
우리는 언제나 김도영 그리고 김도영의 노래를 응원해",18,2024-04-29T13:04:46Z,2024-04-29T13:04:46Z
UgxBpynEsSiw35NajgV4AaABAg,,False,@puttita_nun,My favorite song 🩵🐇,1,2024-04-29T13:04:42Z,2024-04-29T13:04:42Z
UgxoK_0N4bE9hv-0Qnd4AaABAg,,False,@double.u8,도영이 이번앨범 준비하느라 너무 수고많았어ㅠ!! 항상 노력하는 우리 도영이 너무 멋있다🥹🥹,67,2024-04-29T13:04:38Z,2024-04-29T13:04:38Z
UgwcA9XxAsUlKRymXnt4AaABAg,,False,@또잉-r4k1y,도영아 네가 내 봄이다,4,2024-04-29T13:04:29Z,2024-04-29T13:04:29Z
Ugyan_5j7fH0StxFUbl4AaABAg,,False,@도도돗-o6y,홀리하다 정말,3,2024-04-29T13:04:27Z,2024-04-29T13:04:27Z
Ugx7-XHnJYuSgji8-uF4AaABAg,,False,@user-bk9zd7vh1x,너의 노래를 늘 응원해,4,2024-04-29T13:04:24Z,2024-04-29T13:04:24Z
Ugxf9bHGSzLab6ath994AaABAg,,False,@lovedoie,angel voice doyoung,3,2024-04-29T13:04:13Z,2024-04-29T13:04:13Z
UgzStrmDqIXozM3SvuB4AaABAg,,False,@nbldst,KEREN BGT SAYANG AKU,2,2024-04-29T13:04:11Z,2024-04-29T13:04:11Z
UgxpRaGlXQELpKf1-JB4AaABAg,,False,@ppyo-k7j,2024년 내 최애 노래 ❤,17,2024-04-29T13:04:09Z,2024-04-29T13:04:09Z
Ugya81cYCtg8T9EjcsJ4AaABAg,,False,@somanypeopo,Woah so beautiful,3,2024-04-29T13:04:07Z,2024-04-29T13:04:07Z
UgxCjX4HDL0CQHjf34h4AaABAg,,False,@annes7522,i am so in love with your voice doyoungie 💚 please don't ever stop singing.,5,2024-04-29T13:04:05Z,2024-04-29T13:04:05Z
Ugz9i2sDuI_KzCzyjgN4AaABAg,,False,@nctwish_for_my_wish,우아 김도영의 행복이 끝이없네 너무 행복하다 도영이의 노래를 들으니까 너무 사랑해 도영아 !,77,2024-04-29T13:04:03Z,2024-04-29T13:04:03Z
UgzflfEW8pUcWzU_Vjd4AaABAg,,False,@djyj222,도영아!!! 너가 나의 새봄이고 바다고 청춘이다!!! 앞으로도 노래 많이 많이 불러줘🩷🍀,45,2024-04-29T13:04:02Z,2024-04-29T13:04:02Z
UgyjccriN60s3ZMsOrl4AaABAg,,False,@nunu200,와 진짜...아름답다,11,2024-04-29T13:04:01Z,2024-04-29T13:04:01Z
UgxyK_6pMU1ebt3t49Z4AaABAg,,False,@Kjh-r3d,💚💚💚💚🩵,1,2024-04-29T13:04:00Z,2024-04-29T13:04:00Z
UgwKxPh20b4PGiIbENp4AaABAg,,False,@jennyyun4770,"도영이가 팬들에게 주는 따뜻함만큼
도영이의 세상도 따뜻하고 다정하기를🍃",358,2024-04-29T13:03:57Z,2024-04-29T13:03:57Z
UgyVamoRnYmzhcAyv2J4AaABAg,,False,@ejk6222,도영이가 세상에게 들려주고 싶었던 노래가 어떤 느낌인지 설명할 때 말없이 보여주기 좋은 영상,160,2024-04-29T13:03:46Z,2024-04-29T13:03:46Z
Ugz5nuSdiWkqqkcxjxx4AaABAg,,False,@뮹-s9x,내 최애 수록곡...🩵,11,2024-04-29T13:03:44Z,2024-04-29T13:03:44Z
Ugy1EnN2MAvXpKTbEmx4AaABAg,,False,@KimJisung-l8l,Wowww baru intronya aja cantik bangetttt huhu<333,1,2024-04-29T13:03:43Z,2024-04-29T13:03:43Z
UgzYJWWZzBC2eRFID394AaABAg,,False,@DongyoungKim-iw5uq,Doyoungiee❤❤,2,2024-04-29T13:03:42Z,2024-04-29T13:03:42Z
UgyJsZ8-yaUdUWBZnjB4AaABAg,,False,@S2._.r,本当にだいすきすぎるㅠㅠ,2,2024-04-29T13:03:35Z,2024-04-29T13:03:35Z
Ugy2ZHNBAd5USF7ULTt4AaABAg,,False,@ehdus1217,이번 앨범 노래 진짜 다 너무 좋아요 ㅠㅠ 도영아 좋은 노래 들려줘서 너무 고마워💚💚,15,2024-04-29T13:03:26Z,2024-04-29T13:03:26Z
UgyqaK7AwlQRbe56kSp4AaABAg,,False,@lovedoie,you looks soo gorgeous my soloist doyoung ❤,2,2024-04-29T13:03:21Z,2024-04-29T13:03:21Z
UgyUTc0IitKmQLSDsud4AaABAg,,False,@juven3008,Doy suara mu ya Allah ❤,4,2024-04-29T13:03:12Z,2024-04-29T13:03:12Z
UgzHSSCxkuyUIy4reqR4AaABAg,,False,@sara.fav801,Love this song,1,2024-04-29T13:03:06Z,2024-04-29T13:03:06Z
Ugz2hy1zk-FL97LYXot4AaABAg,,False,@user-hn6yc2qh4z,이게 자작곡이라니ㅠ 진짜 음악적 재능을 타고났나봥,27,2024-04-29T13:03:06Z,2024-04-29T13:03:06Z
UgzNqqWmEvZPeYruuGB4AaABAg,,False,@bunnydo6379,the perfect song to be track 1,11,2024-04-29T13:03:01Z,2024-04-29T13:03:01Z
UgwUPd2jkNWbP_sA86h4AaABAg,,False,@sara.fav801,Here so early,0,2024-04-29T13:02:56Z,2024-04-29T13:02:56Z
UgxZ1KHU1VUtPqlhZ3l4AaABAg,,False,@lookingforrookie,새봄요정도졍도영🧚🏼,9,2024-04-29T13:02:49Z,2024-04-29T13:02:49Z
Ugz5ykYDCbAcFEnzAY14AaABAg,,False,@waterbottle6736,prince doyoung❤,3,2024-04-29T13:02:48Z,2024-04-29T13:02:48Z
UgzDG-4NMnO5wn6u8S94AaABAg,,False,@jnkjungdy9052,"So pretty!!!! The vocals, the lyrics, the music, the video, the singer",0,2024-04-29T13:02:46Z,2024-04-29T13:02:46Z
UgzfArmuelaOYXFs3Eh4AaABAg,,False,@chroyy,spring is coming,9,2024-04-29T13:02:37Z,2024-04-29T13:02:37Z
Ugwu7xrJglDYMh5XOi94AaABAg,,False,@_rurubaebae,도영 많이 노래하는 모습을 보여줘서 고마워요!!!!!,16,2024-04-29T13:02:36Z,2024-04-29T13:02:36Z
UgxbCEIBqgq4S7_QYHt4AaABAg,,False,@orange6267,도영아 잘 들을게요 고마워요 나의 카나리아,9,2024-04-29T13:02:26Z,2024-04-29T13:02:26Z
UgyPM8ZlYFLyVJ5eKZt4AaABAg,,False,@JjJjJj1JjJj,난 이 곡을 도영이가 단독 작사 했다는 점과 청춘의 포말 앨범 중 첫번째 수록곡이라는 점이 미치도록 좋아...,534,2024-04-29T13:02:23Z,2024-04-29T13:02:23Z
UgwNraP1iRYpbN9jfRh4AaABAg,,False,@m66-00,도영이 최고~~,8,2024-04-29T13:02:21Z,2024-04-29T13:02:21Z
UgxHBO60cA2isIQJlqJ4AaABAg,,False,@yoonzin3254,เพราะมาก โดยองทำถึงเกิน,2,2024-04-29T13:02:14Z,2024-04-29T13:02:14Z
Ugzh1oXbXVR1Km-I1AN4AaABAg,,False,@민들레-m3c,숲의 요정인데????? 너무 노래랑 찰떡인 배경이야..,8,2024-04-29T13:02:12Z,2024-04-29T13:02:12Z
UgxVoXUkbN_Vr2CV4SN4AaABAg,,False,@yonnnnne,내 고막 녹아서 없어졌어,17,2024-04-29T13:02:03Z,2024-04-29T13:02:17Z
UgyKb5WORDnQ0-zbdl14AaABAg,,False,@Ddoing_0201,도영이가 살아가는 이 세상에 같이 살아가고 있는 내가 너무 행복해 ..,911,2024-04-29T13:02:01Z,2024-04-29T13:02:01Z
UgyKb5WORDnQ0-zbdl14AaABAg.A2ofReTXzQ5A3Nt8KXaOAE,UgyKb5WORDnQ0-zbdl14AaABAg,True,@이라희-p3t,저도요...,3,2024-05-13T14:34:23Z,2024-05-13T14:34:23Z
UgyKb5WORDnQ0-zbdl14AaABAg.A2ofReTXzQ5A3leh4fdqXJ,UgyKb5WORDnQ0-zbdl14AaABAg,True,@broccoli1419,저도 😭😭😭,2,2024-05-23T05:29:12Z,2024-05-23T05:29:12Z
Ugw3nY2QtLuWHjjVgtB4AaABAg,,False,@lovemazeee,도영아 나는 노래하는 네가 너무 좋아... 8년차임에도 불구하고 러브썸에 간 이후로 꿈이 생겼다고 말하며 좋아하는 노래로 계속해서 꿈을 만들어가는 도영이가 너무 너무 좋아....,180,2024-04-29T13:01:50Z,2024-04-29T13:01:50Z
Ugxr_lk3-T9SgIRl7M14AaABAg,,False,@0699zf,❤,3,2024-04-29T13:01:41Z,2024-04-29T13:01:41Z
UgyqTzcaPKl7Z13Ydnt4AaABAg,,False,@KatelynBonjour,BEAUTIFUL 🩵,1,2024-04-29T13:01:39Z,2024-04-29T13:01:39Z
UgyHE9RRd0LGorJQisN4AaABAg,,False,@8seokjoon,❤❤❤,0,2024-04-29T13:01:36Z,2024-04-29T13:01:36Z
UgzerPHugSDJQtjo1Ot4AaABAg,,False,@peanutbutter-banana,this song deserves a drama/movie of its own,270,2024-04-29T13:01:36Z,2024-04-29T13:01:36Z
UgzerPHugSDJQtjo1Ot4AaABAg.A2ofOY59I-DA2q-bZneJ6O,UgzerPHugSDJQtjo1Ot4AaABAg,True,@limitlessbeauty4566,❤️☺️ I'm sure there will be one 😁 with Limitless Beauty LLC 🌹 Sending much love ❤️ Thank you for sharing it's greatly appreciated ❤️😊,5,2024-04-30T01:26:15Z,2024-04-30T01:26:15Z
UgzerPHugSDJQtjo1Ot4AaABAg.A2ofOY59I-DA2r6Nycwb45,UgzerPHugSDJQtjo1Ot4AaABAg,True,@cindymartinez2152,"I don't know why the movie ""Your Name"" comes to mind when I listen to this 🥹",5,2024-04-30T11:44:40Z,2024-04-30T11:44:40Z
UgzerPHugSDJQtjo1Ot4AaABAg.A2ofOY59I-DA2rrxFdnSnn,UgzerPHugSDJQtjo1Ot4AaABAg,True,@limitlessbeauty4566,"❤️☺️ My Name My phone number with Limitless Beauty LLC 🌹 as I said ""Remember my name when flipping through my pages/phone"" My hackers Stay busy with AI PROGRAMMING 😏 Thank you for asking it's greatly appreciated with Limitless Beauty LLC 🌹 Sending much love ❤️😁 I give no permission to use nor copyrights of Limitless Beauty LLC 🌹 therefore Felicia Hunter without my permission please and Thank you ❤️🤗",0,2024-04-30T18:49:03Z,2024-04-30T18:49:03Z
UgzerPHugSDJQtjo1Ot4AaABAg.A2ofOY59I-DA2zM4FKpNDV,UgzerPHugSDJQtjo1Ot4AaABAg,True,@venuslilith,❤❤❤,2,2024-05-03T16:35:42Z,2024-05-03T16:35:42Z
UgzerPHugSDJQtjo1Ot4AaABAg.A2ofOY59I-DA2zW0PkNcDx,UgzerPHugSDJQtjo1Ot4AaABAg,True,@limitlessbeauty4566,❤️😊 Thank you with Limitless Beauty LLC 🌹 Sending much love ❤️ with more hugs and love ❤️ it's greatly appreciated 🤗,0,2024-05-03T18:02:34Z,2024-05-03T18:02:34Z
UgwtH9Z2135Cto61DIJ4AaABAg,,False,@MINETURNNOWGamingRblxOnYT,Doyoung voice are so freaking BEAUTIFUL,31,2024-04-29T13:01:31Z,2024-04-29T13:01:31Z
Ugw659GGNMPw3e6U9nh4AaABAg,,False,@민들레-m3c,천사가 노래부른다,17,2024-04-29T13:01:30Z,2024-04-29T13:01:30Z
UgzW81DFHk7MrFQlgIJ4AaABAg,,False,@561-m6b,영상 때깔 미쵹다,10,2024-04-29T13:01:27Z,2024-04-29T13:01:27Z
UgxFqclPQ3YUUn4hyY14AaABAg,,False,@cucu3987,도영아 소중히 잘 들을게 정말 고마워 이번 솔로앨범을 위해서 열심히 일한거 진짜 감동이고 이 순간이 끝나지 않았으면 좋겠어ㅜㅜ,197,2024-04-29T13:01:25Z,2024-04-29T13:01:25Z
UgxudKedKM1z3vQ8Dyh4AaABAg,,False,@쿵나물7,도영아💚💚💚💚,2,2024-04-29T13:01:18Z,2024-04-29T13:01:18Z
UgyV2anqbHZiBchjCqt4AaABAg,,False,@tokkikim2501,요정 도영이,11,2024-04-29T13:01:12Z,2024-04-29T13:01:12Z
UgwjUkTrFZjXMwO_G754AaABAg,,False,@aproditelee,❤❤❤,0,2024-04-29T13:01:11Z,2024-04-29T13:01:11Z
Ugw16tlcPHU9ru5kxGx4AaABAg,,False,@hyomin_hyoming,도영의 축복이 끝이없네......🌟,50,2024-04-29T13:00:58Z,2024-04-29T13:00:58Z
UgycHAzuniY43qTctqF4AaABAg,,False,@NctzenGreen,Perfect,2,2024-04-29T13:00:51Z,2024-04-29T13:00:51Z
UgzCpBLlEPsVgyZumyV4AaABAg,,False,@doyiepcy,Woowww amazing,1,2024-04-29T13:00:46Z,2024-04-29T13:00:46Z
Ugz6zIriUESak9F_0Qh4AaABAg,,False,@detteario,"My favorite singer! Thank you for singing, Doyoung!",3,2024-04-29T13:00:41Z,2024-04-29T13:00:41Z
Ugw6SR0e6uE6WaP3Prx4AaABAg,,False,@eggken520,My favorite 😍,3,2024-04-29T13:00:26Z,2024-04-29T13:00:26Z
