comment_id,parent_id,is_reply,author,text,like_count,published_at,updated_at
UgxGkQYhtXVXgRRWgdF4AaABAg,,False,@zaxqimaesthetic5439,Canon event,0,2025-05-16T04:31:56Z,2025-05-16T04:31:56Z
UgxoZzTV5aRAVdcNu8d4AaABAg,,False,@iluvlari_,Go to 1M,0,2025-05-15T09:30:24Z,2025-05-15T09:30:24Z
UgyMxSOlAfpYMx_VwaB4AaABAg,,False,@iluvlari_,Preappty pink hair,0,2025-05-15T09:30:15Z,2025-05-15T09:30:15Z
UgybbDth1IFtba2CkjV4AaABAg,,False,@richshopeey1410,MOMMY GISELLE🔥🔥🔥,2,2025-02-26T06:31:19Z,2025-02-26T06:31:19Z
Ugx6UPfBV11f75WxYwl4AaABAg,,False,@mutmainnahiryanti5163,PINKSELLE IS LEGENDARY🔥,0,2025-02-24T01:20:31Z,2025-02-24T01:20:31Z
UgxwUzsY3vJ9n1e0B0x4AaABAg,,False,@rsplmr,GIIIIIRRRLLLL 🪭,1,2025-02-17T02:45:22Z,2025-02-17T02:45:22Z
Ugw7EOu9dVg2ADDuo6N4AaABAg,,False,@alasca8096,O CABELO DA GISELLE SENDO UM ACESSÓRIO,0,2025-02-14T16:22:34Z,2025-02-14T16:22:34Z
UgyMDmeab0caIY9xkid4AaABAg,,False,@yeolmae61,Damnn gurl,0,2025-02-09T04:41:57Z,2025-02-09T04:41:57Z
UgwrRFfug6EQwKVi_d94AaABAg,,False,@romila357,Ooo que hermosa❤❤❤,0,2025-02-03T15:10:28Z,2025-02-03T15:10:28Z
UgzGiPee3t5JVcAQhQh4AaABAg,,False,@nn-fu6pv,GISELLLEEEEEEEEEEEEEEE!,0,2025-02-03T11:32:26Z,2025-02-03T11:32:26Z
Ugz1PQbd3VBWrdSA1gd4AaABAg,,False,@sanaakonalangfr,this is so mothering to be honest,0,2025-01-18T03:19:21Z,2025-01-18T03:19:21Z
UgyFRgQurYSlQdOShZV4AaABAg,,False,@keyway7056,Pinkselle,1,2025-01-01T10:40:06Z,2025-01-01T10:40:06Z
UgyGqeveNA6wVssqWXV4AaABAg,,False,@alasca8096,ISSO AQUI FOI UMA OBRA DE ARTE GISELLE!,1,2024-12-27T02:55:26Z,2024-12-27T02:55:26Z
Ugyd4AIS0-nN-5kbCap4AaABAg,,False,@evallss,ЛЮБИМАЯ ❤❤,1,2024-12-18T21:06:57Z,2024-12-18T21:06:57Z
UgxBpCSgHt85XdCjMKR4AaABAg,,False,@dmsgml2758,이번에 지젤님 덕에 에스파 빠지게 되었어요~~ 너무 예뻐요 ㅠㅠ,7,2024-12-04T11:31:41Z,2024-12-04T11:31:41Z
Ugw2_yRRjCyasOfbFuB4AaABAg,,False,@helloww1097,GG这次可是美出圈了😘,2,2024-11-29T16:24:14Z,2024-11-29T16:24:14Z
UgxPQCKyHer22IJ_JcB4AaABAg,,False,@onesee,MAIN SLAYER,4,2024-11-09T04:47:01Z,2024-11-09T04:47:01Z
Ugxx1U11sdpd0IxCg-54AaABAg,,False,@URLOCALSTAY-l,WHO ARE U????,0,2024-11-04T23:30:47Z,2024-11-04T23:30:47Z
Ugx7sv3dOY4zqcAQYoJ4AaABAg,,False,@1lovaespa,Giselle looks amazing!!,0,2024-11-02T21:22:31Z,2024-11-02T21:22:31Z
Ugx7KhGCLetp1zcN7j54AaABAg,,False,@God_personYes,Slayselle,0,2024-10-27T06:23:32Z,2024-10-27T06:23:32Z
UgxRAbxFjh_OmkI0eHd4AaABAg,,False,@miyaxwaki,SLAY MOMMIEST 💅,3,2024-10-26T05:43:54Z,2024-10-26T05:43:54Z
UgwsjA-EYCglWWKRKOZ4AaABAg,,False,@just.sayraa,so gorgeous,1,2024-10-25T02:55:36Z,2024-10-25T02:55:36Z
UgyAtFKpVbXI7tBAHNt4AaABAg,,False,@shrmnrcnslvdr,MOMMY,1,2024-10-25T02:33:34Z,2024-10-25T02:33:34Z
UgzM24HUfnll20OxgF54AaABAg,,False,@unknown-ch3cm,the best one,2,2024-10-24T12:31:33Z,2024-10-24T12:31:33Z
UgwYr6i93s8ry5rKR654AaABAg,,False,@yasminemaruf139,Mother gigi what is this😭❤️❤️❤️❤️❤️❤️ this is a whole cuntyverse😔,2,2024-10-24T02:00:28Z,2024-10-24T02:00:28Z
UgzS4OdSDscKCPKszj54AaABAg,,False,@茜茜-n4b,ジゼルさん美しい✨,2,2024-10-23T14:15:56Z,2024-10-23T14:15:56Z
Ugyc4aS-tl1uXDiD4Dl4AaABAg,,False,@munou000,"マジで今回ジゼルのインパクトがすごい。
ビジュもここ最近で一番だけど、コンセプトと曲のパートがすごくハマってて完成度が半端ない。",28,2024-10-21T16:32:57Z,2024-10-21T16:32:57Z
UgyGad4D-uV0FmNadVZ4AaABAg,,False,@KeithLund,I love Giselle 🖤,1,2024-10-21T08:02:33Z,2024-10-21T08:02:33Z
Ugy41DuVwutkRubICVp4AaABAg,,False,@agiagi_pan03,えりちゃん愛してるよ🫶🏻,1,2024-10-21T06:42:20Z,2024-10-21T06:42:20Z
UgyYo4TcuGQgPn27wuR4AaABAg,,False,@just.sayraa,so pretttyyy,0,2024-10-21T05:51:22Z,2024-10-21T05:51:22Z
Ugx91F65ZebSRRK3EPN4AaABAg,,False,@aellusion,It’s her era 100%,0,2024-10-20T22:07:08Z,2024-10-20T22:07:08Z
Ugxzc0naKNlZ1uc14yF4AaABAg,,False,@aellusion,MOTHERRR,0,2024-10-20T22:07:01Z,2024-10-20T22:07:01Z
Ugypacm0nRminkZFR4J4AaABAg,,False,@JG_Vietnam,Her visuals are so SLICK!!!!!!!!!!!,0,2024-10-20T16:22:53Z,2024-10-20T16:22:53Z
Ugzt_ncDZFClclxCmCh4AaABAg,,False,@이재인-v5w,❤,0,2024-10-20T13:10:28Z,2024-10-20T13:10:28Z
Ugw6ftucRosmcxYmzxF4AaABAg,,False,@이재인-v5w,시크프리티지잴,1,2024-10-20T13:09:51Z,2024-10-20T13:09:51Z
UgywjIyZQgYwrf4pgRh4AaABAg,,False,@MeyFarina,omgggg❤,0,2024-10-20T02:52:35Z,2024-10-20T02:52:35Z
Ugwe1wKtSMLGg6TtJzt4AaABAg,,False,@dantebabette,나만 지젤 세비지때 얼굴이 그립나… 코는 점점 얇고 뾰족해지고 입술은 점점 두꺼워져서 살짝 들창코+돌출입 인상으로 가고있는 기분인데.. 세비지부터 스파이시때가 자연스럽게 예뻤는데 ㅠ,0,2024-10-19T14:57:09Z,2024-10-19T14:57:09Z
Ugwe1wKtSMLGg6TtJzt4AaABAg.A9mL8H7AhL8AC4rXHMT6Yc,Ugwe1wKtSMLGg6TtJzt4AaABAg,True,@aerihia,그녀는 방금 체중을 줄였어요.,0,2024-12-15T21:57:17Z,2024-12-15T21:57:17Z
UgzpQnkhN8BW2Ftd9eh4AaABAg,,False,@mariachristi9260,Giselle's teaser is the best from the outfit to her sassy moves omg she's really something...i love her,1,2024-10-19T13:05:05Z,2024-10-19T13:05:05Z
UgzkJZG5CflLBfu9jAR4AaABAg,,False,@Feña-x1p,Que guapaaaaa,2,2024-10-18T12:46:39Z,2024-10-18T12:46:39Z
UgyAYvKOJ2jPdgOPLRV4AaABAg,,False,@oktariantiahmad6777,"Giselle is so beautiful and talented, amazing..",5,2024-10-18T12:06:43Z,2024-10-18T12:06:43Z
UgxEe60Z7HQg7nNy_hZ4AaABAg,,False,@may-mr4qb,"Are Heeasung and Nining dating? Why are they living together and there are no other members? If indeed the two of them are dating, it's really cute and I'm afraid they will get insulted like Taehyung and Jennie because they were caught dating.

￼",0,2024-10-17T17:20:44Z,2024-10-17T17:20:44Z
UgxEe60Z7HQg7nNy_hZ4AaABAg.A9hRzE45H4hA9jFEBcwhh4,UgxEe60Z7HQg7nNy_hZ4AaABAg,True,@axlecalnir7685,weirdo,1,2024-10-18T10:07:48Z,2024-10-18T10:07:48Z
UgwgB7tkN2AvcY1VWpd4AaABAg,,False,@prenagurung7658,Are they coping blackpink or it's just a normal teaser I'm confused am I the only one who think this and I'm not hating aspa it's just what I think in my mind,0,2024-10-17T15:16:48Z,2024-10-17T15:16:48Z
Ugw6-TaKK5D04Kxwr5F4AaABAg,,False,@왕우-g6d,0:06 attitude❤️,0,2024-10-17T03:08:02Z,2024-10-17T03:08:02Z
Ugwjk_cWVuG8Of-BsZp4AaABAg,,False,@beaterus,Por favor... só peço um rap...,0,2024-10-16T17:24:14Z,2024-10-16T17:24:26Z
UgwX34Fa9LVTQwiJ-H54AaABAg,,False,@sweeticeprincess1,Amazing and wow,0,2024-10-16T17:07:58Z,2024-10-16T17:07:58Z
UgwkxagDhLIaqR0RDRJ4AaABAg,,False,@77hl,"這個造型大火🔥🔥🔥🔥
This skin is on fire.",0,2024-10-16T12:12:48Z,2024-10-16T12:12:48Z
Ugx2rEIEFB2fOPkJoAl4AaABAg,,False,@jessihernandezmartinez0512,"Giselle
Giselle
Giselle
Giselle
Giselle
Giselle
Giselle
❤🎉🎉",1,2024-10-16T06:22:11Z,2024-10-16T06:22:11Z
Ugw7QY4Qhz2Drc_uoEZ4AaABAg,,False,@yvettelegacion,BROOOOOOOOOOOOO,0,2024-10-15T23:54:37Z,2024-10-15T23:54:37Z
Ugz4zVhr9RMzsy7IehZ4AaABAg,,False,@AnaVitoriaSiqueira-lr7sb,"Gisele , estou preparada 😅",0,2024-10-15T23:49:05Z,2024-10-15T23:49:05Z
UgxxipXiwTDq3vCGL5J4AaABAg,,False,@narimansabah8655,😍😍😘😍😍😍🥰🥰🥰🥰,0,2024-10-15T21:12:53Z,2024-10-15T21:12:53Z
UgzIuD0-01wl6AdbNlp4AaABAg,,False,@vegacula,I hope we can get those Whiplash necklaces,0,2024-10-15T15:50:40Z,2024-10-15T15:50:40Z
UgwyhAoXvr3PDoxKNGl4AaABAg,,False,@heyyou2834,지젤 핑크헤어 존버,0,2024-10-15T14:21:45Z,2024-10-15T14:21:45Z
Ugx7l-c5UftHGn1WuSt4AaABAg,,False,@tribudiarto9175,Why giselle’s vibe like krystal f(x) ?,1,2024-10-15T10:47:44Z,2024-10-15T10:47:44Z
Ugxvn0Iset66TOnUojJ4AaABAg,,False,@just.sayraa,PINKSELLE,2,2024-10-15T05:45:08Z,2024-10-15T05:45:08Z
UgzGPmOX0J9btDgJMQJ4AaABAg,,False,@just.sayraa,so pretttyyy,0,2024-10-15T05:44:57Z,2024-10-15T05:44:57Z
UgzmuvlKkel9UhtPH1p4AaABAg,,False,@jiiiiiie8019,0:06 머리 넘기는 장면 수없이 반복해서 보는 중... 진짜 이번 지젤 찰떡 소화라서 그냥 그 분위기에 눈물이.....,1,2024-10-15T04:15:45Z,2024-10-15T04:15:45Z
UgwFaVP5K86ktDlKKNl4AaABAg,,False,@ellavesjeonghan,pinkselle is my everything,0,2024-10-15T03:40:33Z,2024-10-15T03:40:33Z
Ugyw2QmWbmtNCd-bvFR4AaABAg,,False,@ellavesjeonghan,"WAHT ARE WE, GISELLE?????",0,2024-10-15T03:40:20Z,2024-10-15T03:40:20Z
Ugxowg8dAOPh0ZldmWR4AaABAg,,False,@hopedream3319,GISSELE LOOKS LIKE KRYSTAL JUNG. SHE IS PRETTY,0,2024-10-15T03:34:45Z,2024-10-15T03:34:45Z
UgxZi8YhT9CgyL8v4Nh4AaABAg,,False,@bartsimpson3275,QUEEN❤,0,2024-10-14T23:56:55Z,2024-10-14T23:56:55Z
UgwAFeUgK2OcZYRRnXt4AaABAg,,False,@lolo-bl7ji,yasss queen,0,2024-10-14T21:46:13Z,2024-10-14T21:46:13Z
UgxO3RBb_7X7XIAyC_V4AaABAg,,False,@royaction7303,Hands down this is her era,0,2024-10-14T20:31:03Z,2024-10-14T20:31:03Z
UgyqOxeSFbGwofSa7iZ4AaABAg,,False,@05-HoNguyenLinhAnh,Slayyyyyyyyyy,0,2024-10-14T15:21:13Z,2024-10-14T15:21:13Z
Ugw_lrXxopPX-WG8iGZ4AaABAg,,False,@eyo7101,She looks like some freaking sci-fi main character,0,2024-10-13T17:24:09Z,2024-10-13T17:24:09Z
Ugz-97ArCgquNZLf7cx4AaABAg,,False,@imluiza84,linda mamãe,0,2024-10-13T14:51:56Z,2024-10-13T14:51:56Z
UgyleYg6ZIB0QHBLQkl4AaABAg,,False,@AnnaPoirier-hm8qn,please she looks insane,6,2024-10-13T07:25:32Z,2024-10-13T07:25:32Z
UgyDcq5QgO9GY0qvQUJ4AaABAg,,False,@frugyus,GISELLEEE THE WOMAN YOU ARE 😍,2,2024-10-13T05:17:25Z,2024-10-13T05:17:25Z
UgwOBEE5Z3Xyook3iu54AaABAg,,False,@katarinabluu16,570K GISELLE WHIPLASH,0,2024-10-13T04:28:08Z,2024-10-13T04:28:08Z
UgyLvofoZf8r_0bEWcB4AaABAg,,False,@alasca8096,STREAM NO MV TEASER DA GIGI MYS!!,0,2024-10-13T04:18:56Z,2024-10-13T04:18:56Z
Ugw1FpxjfQpjwLQwzGZ4AaABAg,,False,@alasca8096,GISELLE SO BEAUTIFUL SO TALENT,2,2024-10-13T04:18:25Z,2024-10-13T04:18:25Z
UgxSGpdrI_6g7kzOuAx4AaABAg,,False,@aerinumberone,love giselle,0,2024-10-13T03:03:54Z,2024-10-13T03:03:54Z
Ugwf0z7QoTa0KLebHd14AaABAg,,False,@baelynb9430,❤️‍🔥,0,2024-10-13T01:26:16Z,2024-10-13T01:26:16Z
UgyN3WXgKm5_35CynJZ4AaABAg,,False,@sofasobarna1740,🕳️💣,0,2024-10-12T23:57:51Z,2024-10-12T23:57:51Z
UgxvqO5vqbnlEXweJH14AaABAg,,False,@kiyomi4yuri,GIGI THE WOMEN YOU ARE 🙂‍↕️🫦,1,2024-10-12T22:22:33Z,2024-10-12T22:22:33Z
UgyMgFHff1Hy37TB-YZ4AaABAg,,False,@lolo-bl7ji,GISELLE TU HITOUUU,0,2024-10-12T20:22:56Z,2024-10-12T20:22:56Z
Ugy3TAWB9E-JP2yNJrp4AaABAg,,False,@lexie0617,YASSSSS GISELLE PINK HAIRR!!! FINALLYY SOMETHING COOLLLLL,1,2024-10-12T16:35:45Z,2024-10-12T16:35:45Z
UgyywUquJj5k9zyhIzl4AaABAg,,False,@Ray-ce7kp,แม่เอาอยู่,0,2024-10-12T15:07:14Z,2024-10-12T15:07:14Z
Ugym_DYfzp_CrUYc2Tx4AaABAg,,False,@oincaburgers,okaaaaay nicki minaj,0,2024-10-12T13:08:22Z,2024-10-12T13:08:22Z
Ugyy7q2b1atqU1n5qCZ4AaABAg,,False,@pngknooo,"COME ON, SUPPORT MY GISELLE",0,2024-10-12T08:04:41Z,2024-10-12T08:04:41Z
UgyWIJ1LUrc-wIqE0u54AaABAg,,False,@God_personYes,PinkSelle 💞,1,2024-10-12T06:26:38Z,2024-10-12T06:26:38Z
UgwFceGXXIwLjAzy1zl4AaABAg,,False,@aerinumberone,stream dopamine!,0,2024-10-12T03:39:50Z,2024-10-12T03:39:50Z
UgwhMtJaOZuPC-pZEVR4AaABAg,,False,@sofiakartika237,go giselle,0,2024-10-12T02:47:17Z,2024-10-12T02:47:17Z
UgyXmP3KVfx9_myn_2Z4AaABAg,,False,@aerinumberone,Giselle best girl,0,2024-10-11T22:27:36Z,2024-10-11T22:27:36Z
UgwJB7oaPnzHCu9PeYR4AaABAg,,False,@DeeDeexx,🔥🔥🔥🔥🔥🔥🔥😍,0,2024-10-11T20:52:46Z,2024-10-11T20:52:46Z
Ugw0eSSJYEZhf3dlBRp4AaABAg,,False,@alasca8096,PISA EM MIM,0,2024-10-11T19:50:26Z,2024-10-11T19:50:26Z
UgxHaf6dSNBEtriu2ih4AaABAg,,False,@alasca8096,BARBIESELL💘,1,2024-10-11T19:50:17Z,2024-10-11T19:50:17Z
UgxntaRhDzZPsIj1VtZ4AaABAg,,False,@prophetjanekimani987,She so fing preety,0,2024-10-11T15:29:01Z,2024-10-11T15:29:01Z
UgxbN9xW6QihKuErrm54AaABAg,,False,@jadeemersonmalacaste9267,Dammnn! 🔥,0,2024-10-11T14:26:56Z,2024-10-11T14:26:56Z
UgzdpzLk_jO2O63ZzKh4AaABAg,,False,@Akskkpp,OUR MOTHAAAA🙇‍♂️🙇‍♂️🔥🔥🔥,2,2024-10-11T14:02:41Z,2024-10-11T14:02:52Z
Ugx8M_h--MWlNMzpLW14AaABAg,,False,@khervieeezriah,Mother is Mothering.,1,2024-10-11T13:31:35Z,2024-10-11T13:31:35Z
UgxWXkSWpLxlhAgG8Tl4AaABAg,,False,@rosieposie50,MOTHER! 👑,0,2024-10-11T13:11:12Z,2024-10-11T13:11:12Z
Ugzp12fmyFXcB_I4zcB4AaABAg,,False,@lala07083,えりちゃんえぐい、髪サラッサラだし全てが綺麗すぎる,0,2024-10-11T13:01:25Z,2024-10-11T13:01:25Z
Ugyz7iFgrVrz-x-QThp4AaABAg,,False,@anemsjj,😍😍😍😍,0,2024-10-11T12:16:39Z,2024-10-11T12:16:39Z
UgzjoxAXCkeayc0IvDR4AaABAg,,False,@W0ny0ung3-r3j,MOTHER IS MOTHERING!,0,2024-10-11T12:09:03Z,2024-10-11T12:09:03Z
UgxXf5p1WD_y2EQ6RH54AaABAg,,False,@Cnixxxbi,Loovee uuu Giselle ❤❤❤❤❤❤,0,2024-10-11T10:35:13Z,2024-10-11T10:35:13Z
UgwPpNNTDTIbWUaWt094AaABAg,,False,@werleus,PINK GISELLE,0,2024-10-11T10:11:42Z,2024-10-11T10:11:42Z
UgwLUs_MIJYmiiduQDB4AaABAg,,False,@werleus,OMG MY QUEEN,0,2024-10-11T10:11:22Z,2024-10-11T10:11:22Z
UgxjVs-jt9gIpYKoseV4AaABAg,,False,@빂이다,아니 블랙립이 잘어울리면 어쩌노……..ㄷㄷ,0,2024-10-11T09:14:55Z,2024-10-11T09:14:55Z
Ugy4n3uMEj9-btsURKZ4AaABAg,,False,@aerixaze,BU NE MÜKEMMELLİK,0,2024-10-11T07:44:41Z,2024-10-11T07:44:41Z
UgwiRczQK_K6dbaoUKJ4AaABAg,,False,@aerixaze,ASİGİM BU KADİNA BENN,0,2024-10-11T07:44:30Z,2024-10-11T07:44:30Z
UgwCX11SoWF9AFVGAO54AaABAg,,False,@aerixaze,AERİMMMMM,0,2024-10-11T07:44:16Z,2024-10-11T07:44:16Z
UgzxlPbqQtUp5Q85-TB4AaABAg,,False,@陳芃頤-r3h,Mother.,1,2024-10-11T06:30:09Z,2024-10-11T06:30:09Z
Ugym51uE8-97MHdBbcN4AaABAg,,False,@da1b0ng,지젤 이번이 역대급이다!!!!!!!!!!!!!,0,2024-10-11T04:24:43Z,2024-10-11T04:24:43Z
UgwuFnhoDFbTYQKYirl4AaABAg,,False,@nyan-p1i,くるしいだいすきえりちゃん愛してる,0,2024-10-11T04:23:00Z,2024-10-11T04:23:00Z
UgyE4qRBUMomOLiSYU14AaABAg,,False,@viperbubbles3358,Why does her face keep changing? She looks gorgeous here but I can’t help the obvious.,0,2024-10-11T02:51:22Z,2024-10-11T02:51:22Z
UgyE4qRBUMomOLiSYU14AaABAg.A9RRiWbfvQ1A9_FKAhtYO_,UgyE4qRBUMomOLiSYU14AaABAg,True,@tondoma,Her makeup style just changed its impossible she had procedures on her face between Armageddon and now anyway since aespa are on tour rn,0,2024-10-14T12:56:13Z,2024-10-14T12:56:13Z
Ugx-xayfwIe7klj0jeR4AaABAg,,False,@JenniekimBatista,❤❤❤❤,0,2024-10-11T01:09:08Z,2024-10-11T01:09:08Z
UgxquL3uhvs0SDOZS714AaABAg,,False,@me_nice_guy,Pink hair Giselle? Iconic!🫶🤍,0,2024-10-11T00:49:44Z,2024-10-11T00:49:44Z
Ugx2qY7k-uFn0V5UjsR4AaABAg,,False,@edmiltonsilva3425,Minha favorita do aespa ❤,1,2024-10-10T23:43:09Z,2024-10-10T23:43:09Z
UgyvoLzOntdHP232rCd4AaABAg,,False,@seajelly349,"빨간 머리를 잇는 핑크 머리인가
좋은데 👀",0,2024-10-10T23:41:08Z,2024-10-10T23:41:08Z
Ugx5Jcnf-Q3dAPLTnn94AaABAg,,False,@kim._.sook18,Aiiiiiiii,0,2024-10-10T22:26:39Z,2024-10-10T22:26:39Z
UgwgGQu85aaZSOmuiwt4AaABAg,,False,@kim._.sook18,Auauauuauauauaua que mulherrrrrr,1,2024-10-10T22:26:29Z,2024-10-10T22:26:29Z
UgxPaFN_h-N6wzMElK94AaABAg,,False,@jessicalais1725,XG?,0,2024-10-10T21:57:18Z,2024-10-10T21:57:18Z
UgwDIGNxgt3AYSgXWRR4AaABAg,,False,@shdkcjdbxlxue,티저에서 제일 섹시하고 여성스럽게 선보인 느낌 이런 컨셉 너무 잘어울린다… 와,0,2024-10-10T21:34:35Z,2024-10-10T21:34:35Z
UgzsKy9GgYFf2oR2Gsd4AaABAg,,False,@조기열-p1w,고스 느낌이 강렬하네요 ^^,0,2024-10-10T21:18:45Z,2024-10-10T21:18:45Z
Ugwrs7AS9gFEg6IdXah4AaABAg,,False,@EmmanuellaDadier-qc7nr,I love you Giselle💗💗💗💗,0,2024-10-10T19:29:51Z,2024-10-10T19:29:51Z
Ugx4YFIO3Tuw1KI3Mxh4AaABAg,,False,@eun-jo27,하 지젤력 도랏네..🩷,0,2024-10-10T18:57:43Z,2024-10-10T18:57:43Z
Ugz_z7PB5BJsQuDowaJ4AaABAg,,False,@enenvoi,MY GIRL,0,2024-10-10T18:42:16Z,2024-10-10T18:42:16Z
Ugy2WKI2Jlq6z8obGAd4AaABAg,,False,@iz6028,WE GOT PINKSELLE AGAIN!! been waiting for this one,0,2024-10-10T17:43:38Z,2024-10-10T17:43:38Z
UgwaA1xZWlR6A--RlMh4AaABAg,,False,@buniezz8992,Pink Selle is the BEST,0,2024-10-10T16:31:13Z,2024-10-10T16:31:13Z
UgxaQOTDlm0L3PKGZ054AaABAg,,False,@DemiiilovesEXO,WE DEMAND FULL RAP LINE FOR GISELLE 😠,0,2024-10-10T16:26:14Z,2024-10-10T16:26:14Z
Ugwel3b6ZJOlQedepQN4AaABAg,,False,@Danuiqbals,Badass girl,0,2024-10-10T16:25:33Z,2024-10-10T16:25:33Z
UgzlcOTYxzCJfPOa_7d4AaABAg,,False,@DemiiilovesEXO,GISELLE🔥,0,2024-10-10T16:25:28Z,2024-10-10T16:25:28Z
UgzqtwyRoRhBEMf7R554AaABAg,,False,@minholee2669,this.,0,2024-10-10T15:57:44Z,2024-10-10T15:57:44Z
UgzitbC2nETXqyliEOl4AaABAg,,False,@BLACKLION-t2o,最強と思う❤︎,2,2024-10-10T15:31:50Z,2024-10-10T15:31:50Z
UgzDSMLDtV6xokOhfGJ4AaABAg,,False,@chun8908,えりちゃん愛してる♡,1,2024-10-10T15:20:18Z,2024-10-10T15:20:18Z
UgwWTlaDPXzI9Ig9RIJ4AaABAg,,False,@alasca8096,ESSA MULHER AINDA VAI ME MATAR,0,2024-10-10T15:11:39Z,2024-10-10T15:11:39Z
UgxKIocDhO7M4EjRvAZ4AaABAg,,False,@alasca8096,PINKSELL É ICÔNICO!!,0,2024-10-10T15:11:06Z,2024-10-10T15:11:06Z
UgyE3kYZjNd9GTAGlOZ4AaABAg,,False,@alasca8096,"A GISELLE É UMA DEUSA, A MAIOR JAPONESA DO KPOP AMORES!!!",0,2024-10-10T15:10:07Z,2024-10-10T15:10:07Z
UgzcLCB4xs3UdB2HoVt4AaABAg,,False,@mynameid,정규2집 컨셉 퀼리티를 미니앨범으로 내면 어떻합니까. 정규2집 땐 뭐하려고 ㅋ,0,2024-10-10T14:56:06Z,2024-10-10T14:56:06Z
UgxJKmSQqBKwLfwsz014AaABAg,,False,@BIBBLE1,Giselles visuals are really such a schock to kpop. She is so beautiful,1,2024-10-10T13:50:20Z,2024-10-10T13:50:20Z
UgxW3i--PYZxw3E7ZAh4AaABAg,,False,@Cheisaaa,빡빡이 나와서 드럼치는거임?,1,2024-10-10T13:19:17Z,2024-10-10T13:19:17Z
UgzQcW1YbH3xI-YZewR4AaABAg,,False,@silfiasekarayu468,GISEL CANTIK BANGETTTTTTT JIRRRRRRR,1,2024-10-10T12:18:38Z,2024-10-10T12:18:38Z
UgyUuWpzGa17rnmwjfN4AaABAg,,False,@마이-b7n,Omg….,1,2024-10-10T11:59:20Z,2024-10-10T11:59:20Z
Ugwm7QcPdNpGQWTkneZ4AaABAg,,False,@Point6252,나는 정말 지젤이 너무 좋아서,1,2024-10-10T10:47:43Z,2024-10-10T10:47:43Z
UgwxSHr7iiCcIZgTzsJ4AaABAg,,False,@youerasedme,THE MOTHER IS MOTHERING🔥🙌🏻🌙,2,2024-10-10T09:15:54Z,2024-10-10T09:15:54Z
UgzS-nvugBFCn8g3TxV4AaABAg,,False,@aullyp2893,MOMMY GISELLE😍😍😍,1,2024-10-10T09:15:46Z,2024-10-10T09:15:46Z
UgwIgDw-rgOLRyFg7v14AaABAg,,False,@strawmilk123,本当に綺麗。装飾が少なくてもこんなに映えるのは真の美。,125,2024-10-10T09:10:44Z,2024-10-10T09:10:44Z
Ugy3jeLS9qpBvnXuAvF4AaABAg,,False,@choking0708,MOTHEEEEERRRRR 🔥,1,2024-10-10T08:54:38Z,2024-10-10T08:54:38Z
Ugx1fj--d4srtEHT6B94AaABAg,,False,@petch0011,OMG😮,0,2024-10-10T07:34:50Z,2024-10-10T07:34:50Z
UgxNPr4ceiJkH1_l1N94AaABAg,,False,@bbbhworks,🎉🎉,0,2024-10-10T06:28:55Z,2024-10-10T06:28:55Z
UgySDq0DM9uRCGitQ694AaABAg,,False,@flowder3719,"Mother, Mother, Motheeeeerrrrr !!! 🫦",1,2024-10-10T04:35:29Z,2024-10-10T04:35:29Z
Ugz1oPqU3yPTyOeHwo54AaABAg,,False,@meowmeow1531,"Their stylist always dressing up Giselle in the most boring and basic outfit, but did you see what could happen if Giselle gets dressed up this cool? The most talked teaser on twitter with million views!",2,2024-10-10T02:13:47Z,2024-10-10T02:13:47Z
Ugy-94Jc43IVEglXxvN4AaABAg,,False,@dann1368,She wins the teaser,1,2024-10-10T02:11:35Z,2024-10-10T02:11:35Z
UgzOpSNI1w5Q4eY1_fV4AaABAg,,False,@jamjam1303,ต้นตำรับเติดระแบดตุวจิง ขนลุกคักปู่เอ้ย🫦🫦🫦,0,2024-10-10T02:06:33Z,2024-10-10T02:06:42Z
UgxgsI4eCljT2fY2TPV4AaABAg,,False,@S-K-Zreaccionver.hombresJYP,GODDESS,2,2024-10-10T01:31:27Z,2024-10-10T01:31:27Z
UgyAVPYwXWra6Mu7NyF4AaABAg,,False,@alasca8096,MYS DOPAMINE JÁ LANÇOU NO SPOTIFY,1,2024-10-09T23:05:39Z,2024-10-09T23:05:39Z
UgzIS2p-NPJwL4Gt2Bh4AaABAg,,False,@0xbluu,핑머에 블랙립? 왜 잘 어울려..확실히 애리는 핫한게 잘 받음,0,2024-10-09T22:49:53Z,2024-10-09T22:49:53Z
UgzKjrALoqJorK9sBpF4AaABAg,,False,@tyler_and_layzee_fan,MOTHER IS MOTHERING 😭😭😭,1,2024-10-09T22:45:50Z,2024-10-09T22:45:50Z
UgzabXPoUCaJMwZBnTt4AaABAg,,False,@Koi_Akito,<3,1,2024-10-09T21:15:56Z,2024-10-09T21:15:56Z
Ugx8aeCnfkOWUmKeNYB4AaABAg,,False,@jazultraviolence,IT'S GIVING NICKI MINAJ IN MOTORSPORT WHAT (Giselle u ate),2,2024-10-09T20:57:02Z,2024-10-09T20:57:02Z
Ugxs7GTUPvVyscC9GLZ4AaABAg,,False,@roar5853,지젤의 깔끔하고 단정하면서 시크한 미모 너무 좋음. 이제껏 케이팝씬에 없던 미모. 액션 영화 여주인공으로 꼭 한번 만나고싶다.,54,2024-10-09T18:46:52Z,2024-10-09T18:46:52Z
UgxjT9JkpLGlES0Zc414AaABAg,,False,@神の裁判官,❤❤❤❤🔥🔥🔥🔥🔥,1,2024-10-09T18:15:38Z,2024-10-09T18:15:38Z
UgyBS0PnhuXsHlL1ed14AaABAg,,False,@いまいむちこ,キレイ!!!,1,2024-10-09T16:52:45Z,2024-10-09T16:52:45Z
UgwfxC1lYEuiDVRI39p4AaABAg,,False,@danielish3794,Omg 🤩 she ate this totally,1,2024-10-09T16:49:29Z,2024-10-09T16:49:29Z
Ugyx0mCRPZ5pwUpDnHx4AaABAg,,False,@markeulee_,you go girllllll🔥,1,2024-10-09T15:54:37Z,2024-10-09T15:54:37Z
Ugyy2VEzQAQ_waWQ6414AaABAg,,False,@heythereperth,Girl,2,2024-10-09T15:46:29Z,2024-10-09T15:46:29Z
Ugz1nLm8iOAR18vCA_Z4AaABAg,,False,@gibirainbow1805,LOOK SO BEAUTIFUL!! THIS PINK HAIR MAKES HER LOOK SO PRETTY!😍😭,0,2024-10-09T15:25:01Z,2024-10-09T15:25:01Z
UgwkaJB6f2sHdawxU794AaABAg,,False,@ciravictoria5679,Queen,0,2024-10-09T15:01:30Z,2024-10-09T15:01:30Z
Ugz5IyOx5OtEhsA8suJ4AaABAg,,False,@jennifer1170,OOOOOISH,0,2024-10-09T14:28:11Z,2024-10-09T14:28:11Z
UgymzspAwfTmVvxN9SN4AaABAg,,False,@thananpornvaivong5965,สวยตะโกน คุณเอริโปรดมาเที่ยวที่ประเทศไทยของฉันอีก ฉันรักคุณมากๆ กรี๊ดดดดมาดามจือ💋,0,2024-10-09T14:21:08Z,2024-10-09T14:21:08Z
UgwmnRu-YhMrb1gXaIR4AaABAg,,False,@thananpornvaivong5965,ยัยจืออ,0,2024-10-09T14:20:14Z,2024-10-09T14:20:14Z
UgzeHHpUhEklGMCiUxd4AaABAg,,False,@LuzyOL-v8j,Giselle's teaser for the WIN,0,2024-10-09T13:34:53Z,2024-10-09T13:34:53Z
UgzjnaSUV5NMowaQnoV4AaABAg,,False,@ka1wlks,아름다워요 지젤 앞에 무릎을 꿇었어요💘🛐,6,2024-10-09T13:29:16Z,2024-10-09T13:29:16Z
UgypwT04dfXEjYwqorJ4AaABAg,,False,@shibarralubogna2767,YESSSS MOMI,0,2024-10-09T13:22:56Z,2024-10-09T13:22:56Z
UgwBRtsXHsJDR7D5JL54AaABAg,,False,@happyunbirthdayyyyy,지젤 로우라이즈 한번만 입어죠 제발..,0,2024-10-09T13:13:40Z,2024-10-09T13:13:40Z
Ugzz8MxzLSkurQFQsPR4AaABAg,,False,@user-ow4wz3jl9w,何回みてもヤバい,0,2024-10-09T13:02:31Z,2024-10-09T13:02:31Z
UgwlfsXSauJKeje2Dgh4AaABAg,,False,@ricalynpantoja9390,SLAYED,0,2024-10-09T12:36:26Z,2024-10-09T12:36:26Z
UgwzMeIufQvnJcdcdoJ4AaABAg,,False,@chui3224,Amazing,0,2024-10-09T12:20:54Z,2024-10-09T12:20:54Z
UgxS62MVg0dBVJwtJt54AaABAg,,False,@zehra_erenn,Mother,0,2024-10-09T12:05:26Z,2024-10-09T12:05:26Z
Ugxnq_DnEBCXz8iPt-54AaABAg,,False,@theislandprincessro,MOTHER slayed so hard ❤,1,2024-10-09T11:48:26Z,2024-10-09T11:48:26Z
UgyxAOnMtcb7awiGVy14AaABAg,,False,@Kenzaa-p,It’s Giselle Eraaa🎉❤,2,2024-10-09T11:40:20Z,2024-10-09T11:40:20Z
UgxsLEqOlglzmAN1jDJ4AaABAg,,False,@Kenzaa-p,Giselle is so prettyyy,7,2024-10-09T11:40:00Z,2024-10-09T11:40:00Z
Ugy44AIQ_791VpVCDXd4AaABAg,,False,@darkknight-q3s,THE REAL HOT GIRL 😭,4,2024-10-09T11:06:00Z,2024-10-09T11:06:00Z
UgymmBn11NnsEX9zISN4AaABAg,,False,@Lyeol2502,Aku suka rambut pinknyaaaaaaa,0,2024-10-09T10:26:50Z,2024-10-09T10:26:50Z
UgzJ-012u7VPfS2biux4AaABAg,,False,@kkkkkkk-k2l,진짜 헉소리 나온다,1,2024-10-09T10:14:45Z,2024-10-09T10:14:45Z
UgyLfyxJBNaW6dmpBbJ4AaABAg,,False,@cocainesuperstar666,This is Giselle's era,2,2024-10-09T09:54:08Z,2024-10-09T09:54:08Z
UgwcGoMQuDpNVHkP8el4AaABAg,,False,@BIBBLE1,YESS GISELLE SO STUNNING,0,2024-10-09T09:35:08Z,2024-10-09T09:35:08Z
Ugzi92ZfXQwFx7boZJh4AaABAg,,False,@ichigo_ni,えりちゃんめっちゃ痩せた！？美しい〜ぴんく髪も可愛い！😍🖤🤍🖤🤍,3,2024-10-09T08:27:20Z,2024-10-09T08:27:20Z
UgyTJ1y-_egF04Uv4N54AaABAg,,False,@RoseWoo,지젤은 그냥 싸이버펑크 2077 주인공 시켜도 되겠네,1,2024-10-09T08:12:15Z,2024-10-09T08:12:15Z
UgxuGdMH8HLwB5b0hYx4AaABAg,,False,@mnosh.7ren270,Wow Giselle 😍,4,2024-10-09T06:38:30Z,2024-10-09T06:38:30Z
UgzruUMKIhxWjvgtZDl4AaABAg,,False,@gintaemin,She ate so much. Everyone is amazing but this is definitely giselles era!,49,2024-10-09T06:32:39Z,2024-10-09T06:32:39Z
Ugz4EUQ0EWYCw1Dlbml4AaABAg,,False,@ÆSPANingNing02,Mother Giselle! You own my heart❤️‍🔥,5,2024-10-09T05:53:42Z,2024-10-09T05:53:42Z
UgwKNOiSBCPM8x8v0xl4AaABAg,,False,@parkbacon6857,Trời oi!!!! mẹ của con 10 điểm!!,0,2024-10-09T03:54:23Z,2024-10-09T03:54:23Z
UgzuJ_OxHGsAmhQpI-54AaABAg,,False,@VinsmokeRei,MOTHER GISELLE,0,2024-10-09T03:49:50Z,2024-10-09T03:49:50Z
UgyHMeO17nxO6AwUtGZ4AaABAg,,False,@beol_uv,AAAAAAAA GIGI LOOKS GORGEOUS,4,2024-10-09T03:36:28Z,2024-10-09T03:36:28Z
UgyL50tItt250WIQw_x4AaABAg,,False,@뮝뮝들레용사,ㅈㄴ미쳤다,1,2024-10-09T03:10:58Z,2024-10-09T03:10:58Z
UgxCoiJMZGHGiWpysPV4AaABAg,,False,@ivanbraidi,"Dude, Gigi is just majestic.",1,2024-10-09T02:21:09Z,2024-10-09T02:21:09Z
UgwLOq47NWyGB_xdSk14AaABAg,,False,@lov33e,SO PRETTY MY EYES ARE BLESSED. GISELLE I KNOW YOU'LL EAT THIS CONCEPT LIKE EVERY CONCEPT. UR THE SWEETEST 💗👑,0,2024-10-09T01:34:13Z,2024-10-09T01:34:13Z
UgyPhNfCAVoogs0LYtF4AaABAg,,False,@katarinabluu16,422K GISELLE,1,2024-10-09T01:16:20Z,2024-10-09T01:16:20Z
Ugx_Xx5ZbU9vK3HJKFZ4AaABAg,,False,@どらイムンド,"ELA NA9 EH INOCENTE, BRASIL!",2,2024-10-09T00:44:17Z,2024-10-09T00:44:17Z
Ugy4hYBjfkY9pOZIEVV4AaABAg,,False,@どらイムンド,"mommy just turned me straight, teaching gay boys how to be actual man, lysm ❤ 


Obviously meant it ironically, but didn't lie about the mommy part",0,2024-10-09T00:43:49Z,2024-10-09T00:43:49Z
Ugx26AFwUFxzNwpNLSZ4AaABAg,,False,@armyforlife3191,Wepaaaa,1,2024-10-08T23:54:14Z,2024-10-08T23:54:14Z
UgxvX9c6TNxO84rhhD14AaABAg,,False,@j198s,Mommy,2,2024-10-08T23:50:22Z,2024-10-08T23:50:22Z
UgxoPLLd1iDgVv9lQZd4AaABAg,,False,@amaliafitripermatasari3937,Perfect pose,0,2024-10-08T23:39:41Z,2024-10-08T23:39:41Z
UgzabczUIXuMsi2ljbB4AaABAg,,False,@EyyCecii,MOTHER,0,2024-10-08T23:33:29Z,2024-10-08T23:33:29Z
UgwNUNUMkNU_nVuHmv54AaABAg,,False,@soooj-_-,"the hair flip 🫠 omggg, perfect poses and facial expression 😮🖤  gorgeous Gisele 💖",0,2024-10-08T23:22:19Z,2024-10-08T23:22:19Z
Ugw0JuGxZePn2VC_MxN4AaABAg,,False,@joanam3835,No way she looks so iconic,1,2024-10-08T23:18:15Z,2024-10-08T23:18:15Z
Ugx8lUw2eJmB7i11CpZ4AaABAg,,False,@Flower_Boy0202,THAT'S HOT,2,2024-10-08T19:28:29Z,2024-10-08T19:28:29Z
UgwOWmKACN0kFzu4w8l4AaABAg,,False,@SanaSeohyunSeulgiSakuraJiSoo,YES,0,2024-10-08T17:33:14Z,2024-10-08T17:33:14Z
UgzfKbwbI1VAIRrSeXd4AaABAg,,False,@sosukapisuka,LETS GOOO,0,2024-10-08T17:05:17Z,2024-10-08T17:05:17Z
Ugz6eLP4twQ9k113U_x4AaABAg,,False,@김채민-e3z,Wow so  perfect wow herhe,0,2024-10-08T17:04:04Z,2024-10-08T17:04:04Z
Ugwyry_G-i_4oWWRrvt4AaABAg,,False,@adoraeble,0:12 im straight..,0,2024-10-08T16:55:12Z,2024-10-08T16:55:12Z
Ugw-e9dXQsjjbc5sZ3p4AaABAg,,False,@monchipo1362,Slay Queen,0,2024-10-08T16:38:33Z,2024-10-08T16:38:33Z
UgwShtySmyhuz-aHy5R4AaABAg,,False,@aespa_supporter,GISELLE ATE NOW,0,2024-10-08T16:03:18Z,2024-10-08T16:03:18Z
UgwFaE4t5CgpDF1eddd4AaABAg,,False,@whi-whiplash,♥♥♥♥♥♥♥,0,2024-10-08T15:05:10Z,2024-10-08T15:05:10Z
UgwgUddAY5IRAUc1mK14AaABAg,,False,@yvysntual,QUEEEN GISELLE,3,2024-10-08T14:58:08Z,2024-10-08T14:58:08Z
UgzVgKsaP1PECJBsojB4AaABAg,,False,@VinsmokeRei,😻😻😻😻😻,0,2024-10-08T14:52:13Z,2024-10-08T14:52:13Z
UgzwAuJMk_VsXPrxN4F4AaABAg,,False,@VinsmokeRei,CADA VEZ MAS BELLA GISELLE,1,2024-10-08T14:49:48Z,2024-10-08T14:49:48Z
UgyN8PaIg7I4DTiCty54AaABAg,,False,@lexsfly,giselle's era,2,2024-10-08T14:35:17Z,2024-10-08T14:35:17Z
Ugza8yulPR92TUVv5pF4AaABAg,,False,@walleall,OMG🔥🔥,3,2024-10-08T14:28:40Z,2024-10-08T14:28:40Z
Ugy7vPifvsPJ4nsNgSB4AaABAg,,False,@ivyeppi,SHES HOT ASHEEELLL,3,2024-10-08T14:20:07Z,2024-10-08T14:20:07Z
UgzrwdQOVgNNVAThPdp4AaABAg,,False,@nurleliirwan944,That hair flipss,40,2024-10-08T14:07:38Z,2024-10-08T14:07:38Z
Ugz2w26zCrSC4rpLyJl4AaABAg,,False,@ahmadghaisan_,GISELLEEE,1,2024-10-08T14:00:38Z,2024-10-08T14:00:38Z
Ugz9X1X5-xMqyPXoLPF4AaABAg,,False,@영-l6w3t,지젤 겁나 이쁘다,4,2024-10-08T13:47:22Z,2024-10-08T13:47:22Z
UgxMqPHtx_Px3AektsF4AaABAg,,False,@da7072,perfection!,1,2024-10-08T13:46:34Z,2024-10-08T13:46:34Z
UgyZmmUdE520pCrOXqp4AaABAg,,False,@she3821,"髪の毛の靡くところめっちゃすき
マジで美しい",9,2024-10-08T13:27:59Z,2024-10-08T13:27:59Z
UgxnWftOVseX-qAz7MR4AaABAg,,False,@she3821,もうずっと女王様こんせぷとでいってくれたのむ,18,2024-10-08T13:25:33Z,2024-10-08T13:25:33Z
UgxhdfU5kArN-uTTxu94AaABAg,,False,@캉캉술래-w9e,하 지젤 사랑해❤❤❤❤❤,2,2024-10-08T13:20:03Z,2024-10-08T13:20:03Z
UgxJNBKRni1_N7WboLt4AaABAg,,False,@jenniver_g,MOTHER SELLE,2,2024-10-08T13:03:06Z,2024-10-08T13:03:06Z
Ugwbg0C0emmodTonF7h4AaABAg,,False,@zeinataintanchurinuljannah8244,Masyaallah cantiknya❤,1,2024-10-08T13:01:01Z,2024-10-08T13:01:01Z
UgygJXUKAZE1GkxdtTF4AaABAg,,False,@christianfaustinorio8671,CVNT!,0,2024-10-08T12:31:14Z,2024-10-08T12:31:14Z
Ugz5U-Fkxq-yVj0srjh4AaABAg,,False,@watermelon42571,omg hotselle,1,2024-10-08T12:22:05Z,2024-10-08T12:22:05Z
UgyLqS-TXqSTo7tS5Kt4AaABAg,,False,@lncrrp,"제발 오라 나의 달콤한 블랙젤이여..,,,,",1,2024-10-08T12:15:52Z,2024-10-08T12:15:52Z
UgzkglugaCl2FMNXyFl4AaABAg,,False,@jimidanan,Giselle Mothered. That's it.,1,2024-10-08T12:04:52Z,2024-10-08T12:04:52Z
Ugz84PCslO1iqfhwp154AaABAg,,False,@nancydublin8364,Giselle so pretty,2,2024-10-08T12:00:59Z,2024-10-08T12:00:59Z
UgyzEsOkrfj2rNoDm094AaABAg,,False,@BIBBLE1,❤❤❤❤,0,2024-10-08T12:00:38Z,2024-10-08T12:00:38Z
UgxYP0oCxJOjHySmw3V4AaABAg,,False,@BELUGARBLX_YT,GISELLE PINK HAIR ARE COMING!!,1,2024-10-08T11:53:39Z,2024-10-08T11:53:39Z
Ugz1tPFMp4p9qTKX9694AaABAg,,False,@바니쨩-c8n,이번엔 지젤언니가 미쳤다 개예쁨🎉,1,2024-10-08T11:53:18Z,2024-10-08T11:53:18Z
Ugw8-wunXBGppY4suwh4AaABAg,,False,@danieliribeiro7716,Maravilhosa 😍😍,0,2024-10-08T11:34:29Z,2024-10-08T11:34:29Z
UgyyYQ-M7r2n-MKQo9R4AaABAg,,False,@llilillillillil,지젤이 이번 컨셉 젤 잘받아먹네,1,2024-10-08T11:26:15Z,2024-10-08T11:26:15Z
Ugy_lvC8eKViAHEuZKZ4AaABAg,,False,@PR3TTYFACEc2,GISELLE 사랑해요 ❤❤,4,2024-10-08T11:12:08Z,2024-10-08T11:12:08Z
Ugyw7CfeOnVmYF2kuyF4AaABAg,,False,@leesolsite,WHAT'S THE BACKWARDS OF ETA!!!??🗣️🗣️🔥🔥🔥🔥🔥,2,2024-10-08T11:04:25Z,2024-10-08T11:04:25Z
UgzyUBQKBeBTSGm0dWV4AaABAg,,False,@Jimin_BTS11,DOPAMINE BY GISELLE WILL RELEASE TOMORROW,3,2024-10-08T09:57:00Z,2024-10-08T09:57:00Z
Ugx3WzWC3y3GLi9HNmh4AaABAg,,False,@Jimin_BTS11,MYs let's make NEXT LEVEL MV TO 300M VIEWS,0,2024-10-08T09:56:44Z,2024-10-08T09:56:44Z
UgzR_UpJ8HLIAN0S_KN4AaABAg,,False,@cecesukiwaerea9149,What now??? Looking like BLACKPINK Rosé.... Kpop always recycles looks & stages...,0,2024-10-08T08:44:55Z,2024-10-08T08:44:55Z
UgzR_UpJ8HLIAN0S_KN4AaABAg.A9KLnK7qNv7A9KWrFtSXzn,UgzR_UpJ8HLIAN0S_KN4AaABAg,True,@nodescription7286,what ? i don't even see the similarities.,1,2024-10-08T10:21:34Z,2024-10-08T10:21:34Z
UgxjPGq6MY8jES300sJ4AaABAg,,False,@DJSoulbrother,My bias since the start and this is why. STUNNING,1,2024-10-08T08:15:37Z,2024-10-08T08:15:37Z
Ugwua-AHBElmJXydMlV4AaABAg,,False,@평화-g7u,"지젤이 제일 안 어울린다고?
무슨소리?
이젠 지젤까지 아름다움이 뿜어져나오잖어. 
4명이 다 완벽해.",0,2024-10-08T07:59:23Z,2024-10-08T07:59:23Z
UgyEvscQmtSIxl2PncN4AaABAg,,False,@gimest,girl DAMN!!!!!!!!,0,2024-10-08T07:50:51Z,2024-10-08T07:50:51Z
Ugxki1sqZuS0sTZErpl4AaABAg,,False,@katarinabluu16,382K WHIPLASH,0,2024-10-08T07:48:11Z,2024-10-08T07:48:11Z
UgySuC_cTKtKF9IheOF4AaABAg,,False,@머엉-f9s,바라보기만해도고능해지는얼굴,0,2024-10-08T07:46:17Z,2024-10-08T07:46:17Z
UgxIxaepSdMeBAcjofx4AaABAg,,False,@user-pi2,えりちゃん愛してる！,0,2024-10-08T07:46:05Z,2024-10-08T07:46:05Z
Ugw11HqKglIpkqSBdfx4AaABAg,,False,@xcvuedcbus,ジゼルはひとつひとつの動きが美しすぎる自分の魅せ方分かってて好き❤️,28,2024-10-08T07:37:21Z,2024-10-08T07:37:21Z
UgyPzXh3EiJliVH2kh14AaABAg,,False,@Minji_oppa_is_sohutee,Mother is mothering ☝🏻😌💋,2,2024-10-08T07:29:23Z,2024-10-08T07:29:23Z
UgwBEuSl47xA7BPmDjd4AaABAg,,False,@ujin01,SLAYED SO HARD,0,2024-10-08T07:24:44Z,2024-10-08T07:24:44Z
UgwcRDdhhxtQT0F4X9B4AaABAg,,False,@ujin01,GISELLEE,0,2024-10-08T07:24:31Z,2024-10-08T07:24:31Z
Ugzyj5cTCPAr-tSkK394AaABAg,,False,@bishojofin23,媽咪,1,2024-10-08T06:51:26Z,2024-10-08T06:51:26Z
UgzNHsj3JX1joBCj3XZ4AaABAg,,False,@itsyoungie,PINK HAIR WE WON!,1,2024-10-08T06:39:49Z,2024-10-08T06:39:49Z
UgzDiR6Xc38gw1nJNZJ4AaABAg,,False,@-ESS-,애리야아ㅏㅏㅏ♡,0,2024-10-08T06:31:50Z,2024-10-08T06:31:50Z
Ugza5Xmvt97MGyogBpV4AaABAg,,False,@antcity4754,MOTHER,0,2024-10-08T06:08:00Z,2024-10-08T06:08:00Z
UgyEa3bVPt08HkVEUjd4AaABAg,,False,@seutepi,PINKSELLE!!!!!!,1,2024-10-08T05:19:06Z,2024-10-08T05:19:06Z
UgzOOPlDX_PRTuVmQkl4AaABAg,,False,@맠미-h6m,아니 너무이쁜거아니냐,0,2024-10-08T05:18:50Z,2024-10-08T05:18:50Z
Ugw5C-EhRAPlMZmvVM14AaABAg,,False,@cindydelrosario2089,Pink hair gigi,1,2024-10-08T04:43:04Z,2024-10-08T04:43:04Z
UgzWkR7otDgviWCkTa54AaABAg,,False,@mochimeoww,Its her era yal,1,2024-10-08T04:11:55Z,2024-10-08T04:11:55Z
UgxBTeISESh8-glt18t4AaABAg,,False,@lvdiany,UGH MOTHERRRR,1,2024-10-08T03:33:13Z,2024-10-08T03:33:13Z
Ugzk570hkhyOmtzDrv94AaABAg,,False,@seutepi,My Dopamine,1,2024-10-08T03:21:59Z,2024-10-08T03:21:59Z
UgyS-ye2h7RY5-iAmD54AaABAg,,False,@keyway7056,Whiplash is coming,0,2024-10-08T03:19:26Z,2024-10-08T03:19:26Z
Ugw2z7peoeWOgxLd14N4AaABAg,,False,@itsafab,Snatched my wig,0,2024-10-08T03:14:42Z,2024-10-08T03:14:42Z
UgxC2k-C9BVFkwHOdix4AaABAg,,False,@khagiahien7401,cuốn nhất luôn bây 😮😮,0,2024-10-08T02:57:32Z,2024-10-08T02:57:32Z
UgxeFKDs8nGm-bTEcMx4AaABAg,,False,@BIBBLE1,YESSS GISELLE OUR LOEWE QUEEN,0,2024-10-08T02:51:11Z,2024-10-08T02:51:11Z
UgzXoY1D6ZkG9IwmOaR4AaABAg,,False,@BIBBLE1,OUR AERI SO CUTEEEE,0,2024-10-08T02:49:50Z,2024-10-08T02:49:50Z
UgwQlaqAdcDOMBR--KN4AaABAg,,False,@bonjourkim3815,이번 컨셉은 지젤이 제일 잘어울리는듯,476,2024-10-08T01:40:13Z,2024-10-08T01:40:13Z
UgwQlaqAdcDOMBR--KN4AaABAg.A9JaBiyHDIiA9Kd0t05eY3,UgwQlaqAdcDOMBR--KN4AaABAg,True,@llilillillillil,ㄹㅇ 얘가 잘 받은듯,17,2024-10-08T11:24:11Z,2024-10-08T11:24:11Z
UgwQlaqAdcDOMBR--KN4AaABAg.A9JaBiyHDIiA9MgswtToYy,UgwQlaqAdcDOMBR--KN4AaABAg,True,@미니미니m2m2,오 저도 그 생각했는데 신기하네요!! 완전 컨셉 몰입도 최강ㅎㅎ,4,2024-10-09T06:36:24Z,2024-10-09T06:36:24Z
UgwQlaqAdcDOMBR--KN4AaABAg.A9JaBiyHDIiA9MoIJAISPd,UgwQlaqAdcDOMBR--KN4AaABAg,True,@폴유폴링,인정인정,5,2024-10-09T07:41:10Z,2024-10-09T07:41:10Z
UgwQlaqAdcDOMBR--KN4AaABAg.A9JaBiyHDIiA9NTsBpOV1Q,UgwQlaqAdcDOMBR--KN4AaABAg,True,@bapbirb,이번 컴백에는 일부러 다른멤버들은 좀 쎈 걸크러시 컨셉 하고 지젤은 여성스러운 컨셉으로 나간듯.,2,2024-10-09T13:53:12Z,2024-10-09T13:53:12Z
UgwQlaqAdcDOMBR--KN4AaABAg.A9JaBiyHDIiA9XfCKsDSLC,UgwQlaqAdcDOMBR--KN4AaABAg,True,@oooY00Nooo,그 말 하려고 들어왔는데 여기 먼저 쓴 사람이 있네,3,2024-10-13T12:53:21Z,2024-10-13T12:53:21Z
UgyxZ5UjLwDTGSqUlnp4AaABAg,,False,@AriaLowry,I love you,0,2024-10-08T01:35:54Z,2024-10-08T01:35:54Z
UgxB4iSRmwFerlqvkBR4AaABAg,,False,@Soneforevaa,Slay!!!! 👑👑👑,0,2024-10-08T01:34:57Z,2024-10-08T01:34:57Z
UgzDMtWOpBy7C-0GN8x4AaABAg,,False,@katarinabluu16,368K GISELLE,1,2024-10-08T01:07:23Z,2024-10-08T01:07:23Z
UgzN6METfietlYEsW-N4AaABAg,,False,@ABrunnaGoncalves,OH MOTHEEEER!!! 💗,0,2024-10-08T00:57:39Z,2024-10-08T00:57:39Z
UgzjqBDwtftirYz2ngV4AaABAg,,False,@LeeAJ922,"SHE IS DROPING ME ON THE GROUND 
GISELLE IS STUNNNED IN PINK AHHHHHH",2,2024-10-08T00:36:18Z,2024-10-08T00:36:18Z
UgxGIYvFP33567Jac0h4AaABAg,,False,@THiE-ir3ll,PINK HAIR GISELLE,0,2024-10-08T00:31:14Z,2024-10-08T00:31:14Z
Ugy4Ga-cs-q1eFaarZZ4AaABAg,,False,@sweety_ww4077,cakep bener neng jijellll❤️‍🔥,0,2024-10-08T00:21:42Z,2024-10-08T00:21:42Z
Ugw6dCCMaltu6Igj5EJ4AaABAg,,False,@YulitzaMolano-o7x,Giselle omg tan hermosa ❤❤❤❤😊😊❤😊😊❤😊❤😊😊❤😊❤😊❤😊❤😊❤😊❤😊😊❤,0,2024-10-08T00:15:48Z,2024-10-08T00:15:48Z
UgyOUtEwXRFKWGFh9HZ4AaABAg,,False,@AlejandraMartinez-hx2ym,Giselle looks sooo beautiful✨✨,0,2024-10-08T00:09:21Z,2024-10-08T00:09:21Z
UgyscJwmeB_aXZu-0it4AaABAg,,False,@요베리,이번 컨셉은 지젤이 찰떡임ㅜㅜㅜ❤,3,2024-10-08T00:00:03Z,2024-10-08T00:00:03Z
Ugzxo8xLsuTvl-Eipyt4AaABAg,,False,@twasbrillig33,so far this is the hottest look of them all - pastel pink hair with the black omg,0,2024-10-07T23:51:54Z,2024-10-07T23:51:54Z
Ugz-tN8cyeKQGQVq2VN4AaABAg,,False,@luisfernando-sb7nq,new combacK???,0,2024-10-07T22:53:18Z,2024-10-07T22:53:18Z
UgyVR7Dbkzk-hMc4jSh4AaABAg,,False,@lakparabbire6689,"demasiado MADRE, me temo",0,2024-10-07T22:43:07Z,2024-10-07T22:43:07Z
UgwKBT213ojTaojy1g14AaABAg,,False,@moonmiaz,I LOVE ITTTT,0,2024-10-07T22:36:36Z,2024-10-07T22:36:36Z
UgwqGk_WI5ISXksdL8l4AaABAg,,False,@RAMI_loverBM,giselleeeeeeeeeee,0,2024-10-07T22:24:31Z,2024-10-07T22:24:31Z
Ugyale83fPW74euCKiN4AaABAg,,False,@진해돌문어,어나더구만.,1,2024-10-07T22:24:14Z,2024-10-07T22:24:14Z
UgzMnVQWTjYC6TxeMhZ4AaABAg,,False,@ฅJฅ-u6x,mommy❤😻😻🎀✨️,0,2024-10-07T22:03:38Z,2024-10-07T22:03:38Z
UgzQvQtW-rqXBQk6kap4AaABAg,,False,@allfornothingforall,MOTHERSELLE❤,2,2024-10-07T21:48:56Z,2024-10-07T21:48:56Z
UgwZYQ5KByo6Dcpkz594AaABAg,,False,@hihi_0906,MOTHER GISELLE,3,2024-10-07T21:47:11Z,2024-10-07T21:47:11Z
Ugz07pKtgPPAPBzy36J4AaABAg,,False,@SteerSteer-wp4ij,GISELLE 🎉❤😊,8,2024-10-07T21:00:58Z,2024-10-07T21:00:58Z
UgyKMAovBFI50i8GWdh4AaABAg,,False,@soo_cherryxo,Giselle era let’s go!,3,2024-10-07T20:19:27Z,2024-10-07T20:19:27Z
Ugy9JB45ErfSrV8xul54AaABAg,,False,@A.M-b8t,"Giselle is eating this concept, dang !",3,2024-10-07T19:27:27Z,2024-10-07T19:27:27Z
Ugy8UCacWkv1btCVsRR4AaABAg,,False,@kunpunko,the pink hair and black lip… everything,2,2024-10-07T19:07:57Z,2024-10-07T19:07:57Z
UgyABkd66DH2yjL7Bjd4AaABAg,,False,@multifandomn,"CARALHO,A GISELLE DE PINK HAIR,GI QUE VISUAL PERFEITO EH ESSE,ARRASA MARAVILHOSA",2,2024-10-07T18:56:19Z,2024-10-07T18:56:19Z
UgwHpULQXIgRxMJ79pd4AaABAg,,False,@adisoncarloc,sm stop edging us already,0,2024-10-07T18:34:44Z,2024-10-07T18:34:44Z
UgwxH_VhcR3Ny66jsdF4AaABAg,,False,@byunrisya736,🔥🔥🔥🔥🔥🔥🔥🔥🔥🔥🔥🔥🔥🔥🔥🔥🔥🔥🔥🔥🔥🔥🔥🔥🔥🔥,0,2024-10-07T18:28:39Z,2024-10-07T18:28:39Z
Ugz_Gg3DZcvUaZXHK6p4AaABAg,,False,@Zzzz02334,GISELLE!!,0,2024-10-07T17:57:21Z,2024-10-07T17:57:21Z
UgxoXJF2BoRvyjIRypJ4AaABAg,,False,@SergioRodriguez-po3dl,Just hire her for a matrix spin-off,0,2024-10-07T17:39:43Z,2024-10-07T17:39:43Z
Ugwa9LdEGFY9OqspO394AaABAg,,False,@Seulgi_I_love_you,지젤 공주님 여기보세요~ 아유! 이뻐❤,1,2024-10-07T17:15:19Z,2024-10-07T17:15:19Z
UgwVDa9F4Y2oLy6VRz94AaABAg,,False,@tomatooqyeo,GISELLE??😍😍,0,2024-10-07T16:58:37Z,2024-10-07T16:58:37Z
UgwnHnMX2OK0W1LyPuB4AaABAg,,False,@cloaksoul9145,let's goo,0,2024-10-07T16:38:29Z,2024-10-07T16:38:29Z
Ugx1d5L-girT0TodtpN4AaABAg,,False,@lizash248,literally goosebumps 😫😫 we love you aeri🩷🩷🩷,0,2024-10-07T16:34:56Z,2024-10-07T16:34:56Z
UgxxNhdz-9kugt8v8JR4AaABAg,,False,@oieoieee,이 느좋 초미녀 외계인 뭐야 진짜,0,2024-10-07T16:31:03Z,2024-10-07T16:31:03Z
Ugxb5QTMx7XSBOGJAX94AaABAg,,False,@danagul3907,Stunning woman 🤍,0,2024-10-07T16:21:14Z,2024-10-07T16:21:14Z
Ugz0tm8n9TawBZve7hF4AaABAg,,False,@danagul3907,THE ERA OF GISELLE ❤️‍🔥,0,2024-10-07T16:21:01Z,2024-10-07T16:21:01Z
UgyNuevb8gzY-G79RbJ4AaABAg,,False,@danagul3907,OMGGG GISELLE 🛐❤️‍🔥,0,2024-10-07T16:20:40Z,2024-10-07T16:20:40Z
UgzvQgP88BwiG7RdaeN4AaABAg,,False,@salvadorramirez4114,Giselle-ous enough yet? ❤,0,2024-10-07T16:14:14Z,2024-10-07T16:14:14Z
UgzaPgLCUk-pNyz6ppJ4AaABAg,,False,@delicatevampire,Gislay,0,2024-10-07T16:09:56Z,2024-10-07T16:09:56Z
UgyeRRBhkzr3ab5kznp4AaABAg,,False,@MYKJ5zk7,Pink hair def suits her.,0,2024-10-07T16:09:51Z,2024-10-07T16:09:51Z
Ugwe0sPTpBMoO1KAfkl4AaABAg,,False,@이은수-q7i,지젤력 미쳤다 ㄹㅇ..,3,2024-10-07T16:05:35Z,2024-10-07T16:05:35Z
Ugw8_lytPwsEsjIm_Vd4AaABAg,,False,@bbyyppccnnww,มาดามจือ ปึ้งงง เตรียมเติดระเเบดทั่วประเทศ,0,2024-10-07T16:00:07Z,2024-10-07T16:00:07Z
UgzJCoImP957LXLj1oV4AaABAg,,False,@defonotwinter,And that’s why Giselle it’s my bias,1,2024-10-07T15:58:33Z,2024-10-07T15:58:33Z
UgyOSYMh0GWR4g6ynR14AaABAg,,False,@jhonatancaetan2,Belíssima,0,2024-10-07T15:54:18Z,2024-10-07T15:54:18Z
UgxDFjhj6VnzENnIyaB4AaABAg,,False,@witchass,This pink hair girl going to slay this comeback,1,2024-10-07T15:54:03Z,2024-10-07T15:54:03Z
UgztU65Jo4BP5AVJYBR4AaABAg,,False,@imyura-n2w,GISELLE,0,2024-10-07T15:52:07Z,2024-10-07T15:52:07Z
UgwA4v7JdC7RjIl0XuZ4AaABAg,,False,@letstrytogetbetterokay8516,Giselles teaser is the best for me,0,2024-10-07T15:47:32Z,2024-10-07T15:47:40Z
Ugw0SO4U-apJ-i16s0V4AaABAg,,False,@ajay-s1j,GISELLE'S PINK HAIR IS SO GIVING THE BADDIE LOOK 🔥,1,2024-10-07T15:47:07Z,2024-10-07T15:47:07Z
Ugw6B5t8hXI1UMUAwEp4AaABAg,,False,@johnsthetic,OH MY GOSH ✨✨✨😭AERI ATE❤❤❤,0,2024-10-07T15:44:48Z,2024-10-07T15:44:48Z
UgxfP2IxsC0d579-CLx4AaABAg,,False,@fujii5101,apa perasaan gw aja teasernya jijel paling panjang😂,0,2024-10-07T15:22:09Z,2024-10-07T15:22:09Z
UgyHNNMqKA1y_IORYml4AaABAg,,False,@libemsanachanu2357,💕💕💕💕❤❤❤,0,2024-10-07T15:21:52Z,2024-10-07T15:21:52Z
UgzpcGwhbQbOECDiehp4AaABAg,,False,@감성이-o4r,와 진짜 2000년때 생각나는데 ㅠㅠ 그때 그린 미래 느낌… 미쳐따……..ㅠㅠㅠㅠㅠㅠㅠㅠ,0,2024-10-07T15:20:33Z,2024-10-07T15:20:33Z
UgydKPKxLIPLmPjPjaN4AaABAg,,False,@AraliMP,SHE SO BEAUTIFUL!!! She's like a model,1,2024-10-07T15:17:47Z,2024-10-07T15:17:47Z
UgyLDkCWH8To24Dp2qB4AaABAg,,False,@ttttbesttttt205,"AESPA slay too hard this cb!! can´t wait, GISELLE in pink hair slayyyy",0,2024-10-07T15:17:09Z,2024-10-07T15:17:09Z
UgyxtlssbOL0IypbmWV4AaABAg,,False,@waitamoment,Giselle ❤❤,0,2024-10-07T15:15:53Z,2024-10-07T15:15:53Z
UgyECBN39h2PnpGaEdV4AaABAg,,False,@trolliar8947,MOTHER GISELLE.,1,2024-10-07T15:14:17Z,2024-10-07T15:14:17Z
Ugw_I4cbLrJYCMvRvCt4AaABAg,,False,@agatakusuma3234,"all of her pose are so stunning, love it momma aeri 💗",5,2024-10-07T15:12:38Z,2024-10-07T15:12:38Z
UgyNfw8J2GlykIoGWXF4AaABAg,,False,@AstridAudrey-le6eb,damn,0,2024-10-07T15:10:31Z,2024-10-07T15:10:31Z
UgwUHNwarjfcOFifmYp4AaABAg,,False,@T1andO411,핑크지젤 완전찰떡이네🩷,1,2024-10-07T15:09:31Z,2024-10-07T15:09:31Z
Ugy4LwsykDGcsqrAird4AaABAg,,False,@Thekimmm,SLAY GISELLE SLAY OMG UR MY GODDESS,0,2024-10-07T15:08:25Z,2024-10-07T15:08:25Z
Ugy9_pN2OyXNy9ZGEHB4AaABAg,,False,@che5yuna6,骨格大優勝こと足永えり,0,2024-10-07T15:07:15Z,2024-10-07T15:07:15Z
UgyuKFVxvo3yzQnxd0N4AaABAg,,False,@Thekimmm,ATE GIRL ATEEEE,0,2024-10-07T15:07:13Z,2024-10-07T15:07:13Z
UgxNqP-rcJd50YJi5mV4AaABAg,,False,@Thekimmm,"GORGEOUS, G O R G E U S QUEEEEEN",0,2024-10-07T15:07:04Z,2024-10-07T15:07:04Z
UgweS7IuV4g4n7YmSgx4AaABAg,,False,@violetteters1142,GISELLE BEST ENGLISH PRONOUCING,0,2024-10-07T15:05:19Z,2024-10-07T15:05:19Z
Ugxy0XPNHiyclDFD8mJ4AaABAg,,False,@Lilac__dreams,나 사이버펑크 2077 갔다온 것 가타..,0,2024-10-07T15:02:49Z,2024-10-07T15:02:49Z
UgxyS59dQuzkMUIXNrx4AaABAg,,False,@elsantilailafajrin9812,Neng jijel,0,2024-10-07T14:58:52Z,2024-10-07T14:58:52Z
UgzLM84ipHNN3xTgjhV4AaABAg,,False,@mugimaru.,えりちゃんのぴんく髪がぁぁぁうああぁあぁ！！！！！💖💖,0,2024-10-07T14:58:21Z,2024-10-07T14:58:21Z
UgyUR6DwQGLvVYV6qHR4AaABAg,,False,@ixoriize,Giselle is too hot with pink hair 😮😍,0,2024-10-07T14:52:49Z,2024-10-07T14:52:49Z
UgzWN0BYoyOlaTQFLiZ4AaABAg,,False,@caiooliveira6775,My girlfriend,0,2024-10-07T14:50:54Z,2024-10-07T14:50:54Z
UgzJpfzbBAHtycT-oFp4AaABAg,,False,@softmarshmalllow,PINK HAIR GIGI IS BAAACK 💖🔝🧎‍♀️,0,2024-10-07T14:50:17Z,2024-10-07T14:50:17Z
Ugw4M6Xg7IwzeZEikNp4AaABAg,,False,@shan8849,It's giselle era i can feel it,0,2024-10-07T14:45:45Z,2024-10-07T14:45:45Z
Ugy5opC9VMvKrTrflr14AaABAg,,False,@user-rebwnskd,와 지젤 무슨일임;; 리즈갱신했다 ㄹㅇ,0,2024-10-07T14:42:16Z,2024-10-07T14:42:16Z
UgxNdIOL-0qre75a_d54AaABAg,,False,@Exhuberant,"Her poses, expressions and attitude are nothing lesser than a *professional model* . She's gonna be the IT FACTOR of this era ( if SM didn't sabotage her ) (^_-)",2,2024-10-07T14:32:53Z,2024-10-07T14:32:53Z
UgxNdIOL-0qre75a_d54AaABAg.A9IOp-T_rsGA9IonQmXDim,UgxNdIOL-0qre75a_d54AaABAg,True,@dercfts1,they will as they always do,0,2024-10-07T18:28:35Z,2024-10-07T18:28:35Z
Ugw-k0CI70XqwHLWBXZ4AaABAg,,False,@user-ow4wz3jl9w,"美貌がヤバい、気が狂いそう
美し過ぎてる",0,2024-10-07T14:17:51Z,2024-10-07T14:17:51Z
UgyAw7wN-PoE-ymFh294AaABAg,,False,@aestyria,Her era 🔥,0,2024-10-07T14:17:36Z,2024-10-07T14:17:36Z
Ugy4QwJPBj-W2A9Pkjt4AaABAg,,False,@aestyria,THIS CB IS GONNA SLAY,1,2024-10-07T14:17:03Z,2024-10-07T14:17:03Z
Ugx-uwGG0btDB00rTYF4AaABAg,,False,@aestyria,OMG PINK HAIR,1,2024-10-07T14:16:56Z,2024-10-07T14:16:56Z
UgzbyFEHz6DF5pe0OeJ4AaABAg,,False,@aestyria,GISELLE WTFFF,1,2024-10-07T14:16:51Z,2024-10-07T14:16:51Z
UgyF14sA-EhIdZEFieJ4AaABAg,,False,@とよ-y4w,可愛い可愛い可愛い❤️,0,2024-10-07T14:13:15Z,2024-10-07T14:13:15Z
Ugzq9eIZHOJr2LPND6t4AaABAg,,False,@mayooreet,ROR SAYANG RORRRRRR,0,2024-10-07T14:07:44Z,2024-10-07T14:07:44Z
UgyOfZFqr9UxnVvb-8l4AaABAg,,False,@JullienjorgeRepunte,Bibble bibble bibble,0,2024-10-07T13:55:02Z,2024-10-07T13:55:02Z
UgyV6zvEA6rSH57ejsN4AaABAg,,False,@BIBBLE1,❤❤❤❤❤ i love giselle so pretty talented gorgeous,0,2024-10-07T13:54:33Z,2024-10-07T13:54:33Z
UgwC9kAC8vJql0weneJ4AaABAg,,False,@Park_zip_ing,아니... 이런 헤메코가 말이 도ㅐ...? 하지만 되게 만드는 핫걸 실존...,0,2024-10-07T13:51:29Z,2024-10-07T13:51:29Z
UgyU2HmQPakxyDIyB8x4AaABAg,,False,@bevvrlyhill,hope to see rapper gigi in this era cus i miss her so bad fr,1,2024-10-07T13:49:16Z,2024-10-07T13:49:16Z
UgzOdhVt1baYxUHRuHZ4AaABAg,,False,@Oi_li,💚💚💚💚💚,0,2024-10-07T13:39:58Z,2024-10-07T13:39:58Z
UgzwxDZ3Nroka_KqZuh4AaABAg,,False,@거꾸로해도2봄2,지젤❤,0,2024-10-07T13:35:59Z,2024-10-07T13:35:59Z
UgyHEnP1VVKVxTasxzt4AaABAg,,False,@nodescription7286,Motherrrrrrrrrr,0,2024-10-07T13:30:31Z,2024-10-07T13:30:31Z
Ugx-TzOLoQH0yOmUNoN4AaABAg,,False,@roluqis,SLAYYYYYYY❤️‍🔥❤️‍🔥❤️‍🔥❤️‍🔥❤️‍🔥,0,2024-10-07T13:29:28Z,2024-10-07T13:29:28Z
Ugy-xK2jXV8CjFBIlnB4AaABAg,,False,@Youtubegroupfan,omg,1,2024-10-07T13:26:12Z,2024-10-07T13:26:12Z
UgwUjkiO40_5dkv_eu14AaABAg,,False,@gachaplays692,How many international fans are here to support aespa’s comeback ‘Whiplash’?,1,2024-10-07T13:23:58Z,2024-10-07T13:23:58Z
UgyRDW1lCN-Wy7XamUd4AaABAg,,False,@notursra,MAMAAAA PINKIE GISELLEEEE,0,2024-10-07T13:23:01Z,2024-10-07T13:23:01Z
UgzupBAACy8pxVSXQ9Z4AaABAg,,False,@don_orlandero,Mi regia oficial jshdjjs amo,1,2024-10-07T13:20:24Z,2024-10-07T13:20:24Z
Ugwn_8hRDSYj0ROMUId4AaABAg,,False,@krisciasaraga4192,HOT MAMA GISELLE,0,2024-10-07T13:16:25Z,2024-10-07T13:16:25Z
UgxVw6RfoijZdpaFNld4AaABAg,,False,@cepineza,on firee,0,2024-10-07T13:14:35Z,2024-10-07T13:14:35Z
UgzoMcYmpkv_OAkvvft4AaABAg,,False,@user-vx0adj1,이게 지젤코어야,0,2024-10-07T13:13:51Z,2024-10-07T13:13:51Z
UgyZZ2mo-HrzLLa34_14AaABAg,,False,@ayoschk,PINKSELLE 😍😍😍,0,2024-10-07T13:11:57Z,2024-10-07T13:11:57Z
UgysdZ1cnqOhQqp_5q14AaABAg,,False,@subbbw,МОЯЯЯ,0,2024-10-07T13:11:53Z,2024-10-07T13:11:53Z
Ugy7fKH-9BegFiv8-ct4AaABAg,,False,@CepiBadrujaman,gothic aeri,0,2024-10-07T13:02:21Z,2024-10-07T13:02:21Z
UgyLgrPihk0U47WCVI94AaABAg,,False,@CepiBadrujaman,gothic aeri,0,2024-10-07T13:01:56Z,2024-10-07T13:01:56Z
UgyrytqRuT_JT3IsVHp4AaABAg,,False,@CepiBadrujaman,ATE,0,2024-10-07T13:01:34Z,2024-10-07T13:01:34Z
UgxrELMYDWe8wrNmf8N4AaABAg,,False,@jeonsoo257,역시 지젤이다 👍 👍 👍 👍 👍 👍 👍 👍,0,2024-10-07T13:01:19Z,2024-10-07T13:01:19Z
UgzFQ4jJvOy1PKi-Jp54AaABAg,,False,@AalG0118,ATE,0,2024-10-07T13:00:22Z,2024-10-07T13:00:22Z
UgxiY1dmaXmpE1Wxuf54AaABAg,,False,@えび-f2s,何回も見てしまう美しさに殴られてます,0,2024-10-07T12:58:06Z,2024-10-07T12:58:06Z
UgxodIKsDcEG9OuNGFh4AaABAg,,False,@mmwntn4763,🥺🥺🥺🖤🖤🖤🖤🖤,0,2024-10-07T12:55:54Z,2024-10-07T12:55:54Z
UgydydqtbphdUDR9TZV4AaABAg,,False,@thekawaiidemon9015,GiGi always serves,0,2024-10-07T12:55:42Z,2024-10-07T12:55:42Z
Ugxfyqg20fAcLd3h0qh4AaABAg,,False,@ぴーまんぴー-z5y,ジゼル様❤,0,2024-10-07T12:48:17Z,2024-10-07T12:48:17Z
Ugyc8q2eWvV6FWbu_B14AaABAg,,False,@coco_chaneco,えりちゃん綺麗すぎ,0,2024-10-07T12:40:43Z,2024-10-07T12:40:43Z
Ugy6L7ybtJNrpcYKTWp4AaABAg,,False,@astutisuryadi1198,GISELLEEEEEEEEE🔥🔥🔥🔥🔥🔥,0,2024-10-07T12:40:22Z,2024-10-07T12:40:22Z
UgyDBxfrMrcHhNvqqWB4AaABAg,,False,@defradiohead,Mother,1,2024-10-07T12:34:29Z,2024-10-07T12:34:29Z
UgzWt3Jnt_oEU_XH9Ph4AaABAg,,False,@defradiohead,she’s so fine,0,2024-10-07T12:34:19Z,2024-10-07T12:34:19Z
UgyDXGqNP1mb6yRX-S54AaABAg,,False,@JezreelAEser,🖤🩶🤍🩷,0,2024-10-07T12:33:43Z,2024-10-07T12:33:43Z
UgwmkZ8LEsU4I_Xsk7t4AaABAg,,False,@juroobong1705,이모한테 작작 징징대라,0,2024-10-07T12:33:31Z,2024-10-07T12:33:31Z
UgzdGE7hU3DXNc4LpRZ4AaABAg,,False,@darkinferno9068,"SO INCREDIBLE,IRRESISTIBLE❤",0,2024-10-07T12:31:12Z,2024-10-07T12:31:12Z
UgwsoBSZaMkhTjT_Pl54AaABAg,,False,@tomo3422,吉賽兒太美了❤️‍🔥🖤❤️,0,2024-10-07T12:28:28Z,2024-10-07T12:28:28Z
UgzEdmkhNcU1rx5kaZd4AaABAg,,False,@Haewoniw,Giselle in pink hair will be a ERA 💓💕💞🔥,0,2024-10-07T12:27:56Z,2024-10-07T12:27:56Z
Ugx6Yl2StkF4y6m2PiZ4AaABAg,,False,@haerin.skzLk-z6i,"まじで美しい...！！！！
楽しみ〜〜！✨",1,2024-10-07T12:23:53Z,2024-10-07T12:23:53Z
Ugz_KGWgMNNoMqSpHEx4AaABAg,,False,@katnip8228,Giselle turning up the stun level to 10/10  😲,0,2024-10-07T12:22:10Z,2024-10-07T12:22:10Z
Ugw-pw9v5z5QxIpCZpB4AaABAg,,False,@grayholy9897,정말 예쁘다,5,2024-10-07T12:20:23Z,2024-10-07T12:20:23Z
UgwDiyLiXBL9jkbwUid4AaABAg,,False,@kaiizomw,HOLY  WHATTTATTA WINSELLE I CANT BREATY WITH THIS,0,2024-10-07T12:15:39Z,2024-10-07T12:15:39Z
Ugx1zn-CIvqg_SDnqZR4AaABAg,,False,@Melodyline536,300 k lets go,2,2024-10-07T12:11:38Z,2024-10-07T12:11:38Z
Ugx1o742hXmq9sd8vs14AaABAg,,False,@Anyaa_hyuta,LET'S RARWWWW MOMY,2,2024-10-07T12:09:45Z,2024-10-07T12:09:45Z
Ugz8kLR38pTppqJ58iN4AaABAg,,False,@BIBBLE1,GISELLE SO BEAUTIFULL,5,2024-10-07T12:09:19Z,2024-10-07T12:09:19Z
Ugw-Vgb9kIykmyoHyqh4AaABAg,,False,@tataonlyy,GISELLE 💗🔥🔥,3,2024-10-07T12:05:15Z,2024-10-07T12:05:15Z
Ugyp_UUnSJ5_J2aA3QR4AaABAg,,False,@hazel-kp3jb,I can’t wait omg,2,2024-10-07T12:04:24Z,2024-10-07T12:04:24Z
UgxU7D0Vou-NVKKhmV14AaABAg,,False,@jumpol1659,Gizzzzzz ♥,1,2024-10-07T12:03:22Z,2024-10-07T12:03:22Z
UgztMkuDF1WeKRl53QZ4AaABAg,,False,@MissVoiceMaster,미쳤다요….❤,0,2024-10-07T12:01:16Z,2024-10-07T12:01:16Z
UgzXGZFAl-5aQ9tADOt4AaABAg,,False,@user-stutter,지젤 이번꺼 미쳤네ㅋㅋ 미국 팝가수같은 포스가 있어버림,0,2024-10-07T12:00:37Z,2024-10-07T12:00:37Z
Ugy4oIvZvP0FIiXWAQx4AaABAg,,False,@Wzyzzhi,핑크머리 개찰떡,2,2024-10-07T12:00:10Z,2024-10-07T12:00:10Z
UgywkdZxtIh_bW-yj2B4AaABAg,,False,@ElizabethTheVyondAnimator2K10,MY BIASSSSS,0,2024-10-07T11:58:23Z,2024-10-07T11:58:23Z
Ugyg7B8sTo6wf7qsPNV4AaABAg,,False,@서령-p9y,아 블랙립 미쳤네 대박 쩐다 이번 신곡,0,2024-10-07T11:58:07Z,2024-10-07T11:58:07Z
Ugxzn7Vxjzh4mQL-NfN4AaABAg,,False,@まる-q1u2m,死ぬほど好き！！国宝❤❤❤❤❤❤❤,0,2024-10-07T11:51:17Z,2024-10-07T11:51:17Z
UgxPDeobXwSBEiBiEp54AaABAg,,False,@우주참개,나왔다~~~!!!!,2,2024-10-07T11:45:21Z,2024-10-07T11:45:21Z
UgzsuM5hELvEZFDfvm54AaABAg,,False,@hel3n_banyang,Slay queen,1,2024-10-07T11:44:17Z,2024-10-07T11:44:17Z
UgzcmaTqU0LhY2icI3B4AaABAg,,False,@grosclown,Pink hair ❤️❤️❤️😍😍😍😍,0,2024-10-07T11:32:36Z,2024-10-07T11:32:36Z
Ugz--dQdBBRqiMlOySV4AaABAg,,False,@cutie870,So excited for this comeback!!!,0,2024-10-07T11:32:02Z,2024-10-07T11:32:02Z
Ugw9-pdXOjZ-e8XuUil4AaABAg,,False,@cutie870,Pinkselle!,0,2024-10-07T11:31:34Z,2024-10-07T11:31:34Z
UgxEUAyWbrWN4hLXp9h4AaABAg,,False,@katarinabluuuu0918,This teaser alone deserves SOTY DAESANG GRAMMY'S,0,2024-10-07T11:31:32Z,2024-10-07T11:31:32Z
Ugz8r7dpqje83cBrft14AaABAg,,False,@Ronaldo-Santos-Ferreira,Linda e talentosa! s2,1,2024-10-07T11:28:38Z,2024-10-07T11:28:38Z
UgxjVz0cZhW-RtnNell4AaABAg,,False,@Moldy_cheese-qx8vn,AHHH so excited for this eraaaa,1,2024-10-07T11:27:11Z,2024-10-07T11:27:11Z
Ugzc5FF3iRQuTflLjtJ4AaABAg,,False,@keyartzgraphic6514,servidora nata,0,2024-10-07T11:19:56Z,2024-10-07T11:19:56Z
UgxM44lESrTLjpK9l7x4AaABAg,,False,@ydifkckc,ШИКАРНАЯ ЖЕНЩИНА,3,2024-10-07T11:14:23Z,2024-10-07T11:14:23Z
Ugzo297bfycUt34kzK14AaABAg,,False,@JullienjorgeRepunte,Giselle i love youuu,7,2024-10-07T11:12:57Z,2024-10-07T11:12:57Z
UgxnHOAnE7_ZEoMlTUl4AaABAg,,False,@JullienjorgeRepunte,Giselle❤❤❤,1,2024-10-07T11:11:42Z,2024-10-07T11:11:42Z
UgxkuLKHKGu1j3qNorZ4AaABAg,,False,@温玉付きで,"エリチャーーーん😭
カッコ可愛すぎるてぇぇ😭
綺麗なヘアーだけど、何かアレンジして欲しかっだああ😭",17,2024-10-07T11:10:44Z,2024-10-07T11:10:44Z
UgykD9iqXaFduKcGKQ14AaABAg,,False,@rimhein,mận dữ z pà 🙀,1,2024-10-07T11:02:18Z,2024-10-07T11:02:18Z
Ugy65uNHkBq7m2X7C854AaABAg,,False,@kaimikelson9262,MOTHERRRRR,1,2024-10-07T11:01:57Z,2024-10-07T11:01:57Z
UgyWtaZvJ1ujjybVBBR4AaABAg,,False,@ElsaWinter-m7u,My girl ❤🔥,4,2024-10-07T11:00:21Z,2024-10-07T11:00:21Z
UgxSfcdimkcizqkKnaZ4AaABAg,,False,@NerminAli-hc7se,"Screw you sm, just drop the album already i can't wait anymoreeeeee😭😭😭😭😭🔥🔥🔥",0,2024-10-07T10:55:24Z,2024-10-07T10:55:24Z
Ugwj9U27gOLLvRZ72ZF4AaABAg,,False,@치킨아이스크림,난 지젤이 정말 좋아~♡,44,2024-10-07T10:48:14Z,2024-10-07T10:48:14Z
Ugz_LXa2-RS6ODcugsx4AaABAg,,False,@Hazzzz-t4j,"와 이번에 지젤 미쳤네 ;
제발 지젤한테도 어울리는 헤메코 입혀주길",5,2024-10-07T10:46:35Z,2024-10-07T10:46:35Z
UgxJZw4M3DojnTpOTCV4AaABAg,,False,@BIBBLE1,지젤❤❤❤❤❤🎉🎉🎉🎉😊😊😊😊,2,2024-10-07T10:43:01Z,2024-10-07T10:43:01Z
UgyRhdEywKP5Eb1C4ap4AaABAg,,False,@BIBBLE1,WHIPLASH GISELLE,0,2024-10-07T10:42:01Z,2024-10-07T10:42:01Z
UgxE1BZGz7rlYmpS5mN4AaABAg,,False,@BIBBLE1,GISELLE I LOVE YOUUU,2,2024-10-07T10:41:52Z,2024-10-07T10:41:52Z
UgxjePTYh55k_wezpDB4AaABAg,,False,@kix2206,"まさに神秘的な美しさ。
人類に許された美しさの範疇を逸脱した危険な美しさ。
もはや神が嫉妬する…何つって笑",1,2024-10-07T10:25:24Z,2024-10-07T10:25:24Z
Ugz3PIFPHaZp1k4UWNB4AaABAg,,False,@acors4832,❤,1,2024-10-07T10:14:13Z,2024-10-07T10:14:13Z
UgzOC6R9SB5sfvc2JWB4AaABAg,,False,@aka-hy3rz,エリ😢😢😢😢😢😢❤❤❤❤,1,2024-10-07T10:10:22Z,2024-10-07T10:10:22Z
UgzqmLaTDAyAxSip5mN4AaABAg,,False,@youerasedme,Whiplash IS COMING!!!,5,2024-10-07T10:01:14Z,2024-10-07T10:01:14Z
UgzMQcZIUczlgpGY6st4AaABAg,,False,@youerasedme,GISELLE PINK HAIR ON TOP🙌🏻🔥🙇🏻 UNBEATABLE CAUSE NO ONE TOUCHING AESPA CONCEPT🔥,3,2024-10-07T10:01:00Z,2024-10-07T10:01:00Z
Ugzm672BTsSVI2LOkzJ4AaABAg,,False,@rubyjane.mp4ৎ,She’s MOTHERING. 🔥,0,2024-10-07T10:00:56Z,2024-10-07T10:00:56Z
Ugwp4y17NmbEJsH50TZ4AaABAg,,False,@ajlapasic7401,Slay,0,2024-10-07T10:00:08Z,2024-10-07T10:00:08Z
UgxRDWZlFxwJcSsoOAx4AaABAg,,False,@mynameisdior,cant wait for ningning,0,2024-10-07T09:58:22Z,2024-10-07T09:58:22Z
UgyqnMt7j-miOQdRsCp4AaABAg,,False,@MIXXLETER,Nhịp đập không thể đánh bại,1,2024-10-07T09:56:07Z,2024-10-07T09:56:07Z
Ugxpj6ho9IDH2_KksM94AaABAg,,False,@silver-kr125,내 이상형 블랙립을 해도 잘 어울리는 그런 여자,25,2024-10-07T09:53:42Z,2024-10-07T09:53:42Z
UgwVMMh0uwGJlXAGvz94AaABAg,,False,@SVT_NCT_AESPA_SKZ_NMIXX_KOF_BM,포브스 선정 블랙립이 제일 잘 어울리는 여자 1위 지젤....💜🩵,5,2024-10-07T09:32:59Z,2024-10-07T09:32:59Z
UgyunQSgREjdTc0QD3V4AaABAg,,False,@northarea1203,204887,0,2024-10-07T09:26:58Z,2024-10-07T09:26:58Z
UgzxSw-1_JYnL68fAPh4AaABAg,,False,@가나다-z3p,입술 블랙입술인거 댓글보고 암 ...미모 무슨일이야 진짜...,2,2024-10-07T09:23:42Z,2024-10-07T09:23:42Z
UgxF2Ro0wYv1BCZKT8h4AaABAg,,False,@wizzlenizzl3367,CVNT,1,2024-10-07T09:17:03Z,2024-10-07T09:17:03Z
UgwfBkc-H5qhB-jqTa94AaABAg,,False,@attavoyx,MOTHERRRRRRRRRRR,0,2024-10-07T09:12:48Z,2024-10-07T09:12:48Z
UgygRmwgdoWCG0dw2PN4AaABAg,,False,@julia-bj9mr,"Giselle está tão lindaaaa❤❤❤ ela realmente está arrasando com esse cabelo rosa😍 Por favor SM, de a ela as lines e os raps que ela merece e ficarei 100% feliz ❤ QUEREMOS OS SOLOS DAS MENINAS NESSE ALBUM",1,2024-10-07T08:57:08Z,2024-10-07T08:57:08Z
UgxdJa49WVsqqrCKHPZ4AaABAg,,False,@briize-L,insane visual giselle!,33,2024-10-07T08:51:51Z,2024-10-07T08:51:51Z
UgxZAew2cP9papxWTlF4AaABAg,,False,@aechuuu,What movie is this GISELLE ?,2,2024-10-07T08:45:56Z,2024-10-07T08:45:56Z
UgxOwgrmSh8QAePW6ep4AaABAg,,False,@ghostofangren,This is awesome,5,2024-10-07T08:45:16Z,2024-10-07T08:45:16Z
Ugw3K7QnTZAYMytNCnh4AaABAg,,False,@aeri_taylors-version,AERI HOT DAMN 🔥🔥🔥🔥,3,2024-10-07T08:31:57Z,2024-10-07T08:31:57Z
Ugy6ad1v1FSU_n09qVR4AaABAg,,False,@예린-c5k,독보적인 컨셉에 소화력까지 미치면 어떡해요.. 볼 때마다 기대됨,2,2024-10-07T08:26:17Z,2024-10-07T08:26:17Z
UgzVNh2gTDgPA27ULIR4AaABAg,,False,@쇼츠박스-u8h,에스파는 광야지,1,2024-10-07T08:25:19Z,2024-10-07T08:25:19Z
Ugxv7AUq9R0wSlyQ1ZZ4AaABAg,,False,@Bangchansstolenlaptop3,Looks like a Samsung ad😭,0,2024-10-07T08:22:58Z,2024-10-07T08:22:58Z
Ugzb8Ryczl6ZW0FD-fF4AaABAg,,False,@Mamamumumomi,"이번에 지젤 미쳤다❤❤❤❤
사랑해❤❤❤",3,2024-10-07T08:18:59Z,2024-10-07T08:18:59Z
UgwMxrVnidXDeLEz5014AaABAg,,False,@HG-if6pc,Every cb she looks like a different person,3,2024-10-07T08:09:11Z,2024-10-07T08:09:11Z
UgwiBKmMCUPUZJ4tBYZ4AaABAg,,False,@HG-if6pc,Every cb she looks like a different person,0,2024-10-07T08:08:50Z,2024-10-07T08:08:50Z
UgyOiWpGwf5T_1wcc3h4AaABAg,,False,@we._.eeeeeeeee,えりちゃん黒の似合う女すぎて愛,1,2024-10-07T08:07:21Z,2024-10-07T08:07:21Z
UgyH_HVu6R8ahffQs5h4AaABAg,,False,@giselle_global,Gisellleeeeeeeee,1,2024-10-07T08:02:37Z,2024-10-07T08:02:37Z
UgzXlfHnnRXVHat0QBB4AaABAg,,False,@naoo523,まじでこういう女大好物,0,2024-10-07T07:59:53Z,2024-10-07T07:59:53Z
UgwwBGS5C9dCTEwIe8h4AaABAg,,False,@백구십솸,와 어떻게 블랙립이 찰떡..,74,2024-10-07T07:51:24Z,2024-10-07T07:51:24Z
UgyeR7wWbfL7vG3ZIIR4AaABAg,,False,@a_dorablee,지젤 폼 미쳤네잉,1,2024-10-07T07:50:02Z,2024-10-07T07:50:02Z
UgxtiJHRcvDfT6rCT494AaABAg,,False,@kimkardashi-un2004,OH MOMMY,0,2024-10-07T07:35:41Z,2024-10-07T07:35:41Z
Ugz9y4ixL1JcS0D5B5F4AaABAg,,False,@kyishin-d7y,You are so pretty .,4,2024-10-07T07:32:38Z,2024-10-07T07:32:38Z
Ugw8fQ9tNe8qQwNdMUF4AaABAg,,False,@satoru__gojo,Hopefully this is going to be main rapper giselle era,3,2024-10-07T07:32:35Z,2024-10-07T07:32:35Z
Ugw9MTYpTGJ3hV0MAmN4AaABAg,,False,@Florineakunke2,OMG!,0,2024-10-07T07:32:21Z,2024-10-07T07:32:21Z
Ugxd685f6ZyQVP7DVaJ4AaABAg,,False,@sevtyauliani,"The concept suits you well, gigi… you look amazing…",19,2024-10-07T07:23:13Z,2024-10-07T07:23:13Z
Ugz_C4YQEEZYuNHyokN4AaABAg,,False,@쿠쿠루삥뽕-w8b,지젤력미침….ㅠㅠ찰떡이야,140,2024-10-07T07:17:05Z,2024-10-07T07:17:05Z
UgxvomWgbwCtJbbxp214AaABAg,,False,@raevenne_,OMG PINKSELLE 💗💗💗 aespa slaying every comeback go off queens 💅🔥,1,2024-10-07T07:04:04Z,2024-10-07T07:04:04Z
UgxNm0BvohkwZZ-gJV14AaABAg,,False,@adoraeble,If she don't rap ..,2,2024-10-07T06:34:28Z,2024-10-07T06:34:28Z
Ugwp9sMXqrwDixlFazx4AaABAg,,False,@aimr6981,あーーーーーーーーーーーー神コンセプト,1,2024-10-07T06:12:50Z,2024-10-07T06:12:50Z
UgwHuzr-Tlp1KrOlqTl4AaABAg,,False,@kyniaw,MOTHER OMGG,1,2024-10-07T06:07:07Z,2024-10-07T06:07:07Z
UgxS8u2tLDfeggp7sNB4AaABAg,,False,@HariSina-oc8ss,"Wadidaw.. mantulity 
Beautifull ❤❤❤❤",1,2024-10-07T06:04:52Z,2024-10-07T06:04:52Z
Ugz-bnNWxIumq3-mGnB4AaABAg,,False,@ekchiefify,미래까지 씹어드셔요.에스파❤,0,2024-10-07T06:00:43Z,2024-10-07T06:00:43Z
UgwN4z99vsIs0Btxk-N4AaABAg,,False,@kangpijett,MOOOOOOOOOOOOOOOOOOOTHER,2,2024-10-07T06:00:29Z,2024-10-07T06:00:29Z
Ugyv77fJoKBY4v1ynzl4AaABAg,,False,@Nina-xo555,She has the best teaser,3,2024-10-07T05:58:05Z,2024-10-07T05:58:05Z
UgxazNvhzzjkMcGbdcV4AaABAg,,False,@zpeeey,my queen 👑🔥,2,2024-10-07T05:53:05Z,2024-10-07T05:53:05Z
UgxA4gddik-E6EDcenh4AaABAg,,False,@dfernandez3482,"Beautiful 💘😍💍

ILYSMB 😘💨💞",1,2024-10-07T05:51:24Z,2024-10-07T05:51:24Z
UgzNvq9XF9_C-4T_Fwt4AaABAg,,False,@Itsmejigguu,❤️‍🔥❤️‍🔥❤️‍🔥,1,2024-10-07T05:49:23Z,2024-10-07T05:49:23Z
UgyKQB55LfwyqExC9Z94AaABAg,,False,@yagirstyms,This reminds me f(x),1,2024-10-07T05:43:12Z,2024-10-07T05:43:12Z
Ugy7A5-N2Q5NE952Cwl4AaABAg,,False,@longnguyenhuungoc1823,🔥🔥🔥,0,2024-10-07T05:41:15Z,2024-10-07T05:41:15Z
UgzPrp10rB_EYt8Gej54AaABAg,,False,@Nobodyknows2222,"Slayyyyyy, major slayyyy 🤟🔥💅🏻",1,2024-10-07T05:40:50Z,2024-10-07T05:40:50Z
UgwEtrill2PKYYpQ8LV4AaABAg,,False,@boh-k5z,MOTHER IS MOTHERING,0,2024-10-07T05:27:00Z,2024-10-07T05:27:00Z
UgyHmxukB9yUdlVfc494AaABAg,,False,@NurceeuuCeriaa45,Define HOT GIRL,1,2024-10-07T05:25:21Z,2024-10-07T05:25:21Z
Ugy0LiuV-6xPYcXLI9F4AaABAg,,False,@kwangyanavis,Như next top model luôn,1,2024-10-07T05:22:42Z,2024-10-07T05:22:42Z
Ugy5Lhbg8POuLjTSV4x4AaABAg,,False,@chelodaffa2084,who is this DIVA? 💜💜💜💜💜💜,0,2024-10-07T05:20:30Z,2024-10-07T05:20:30Z
UgzmoPA_Yc3F59-nHUt4AaABAg,,False,@vomez1228,❤❤❤,0,2024-10-07T05:15:03Z,2024-10-07T05:15:03Z
UgyNTv2yVA8uLb6LVbt4AaABAg,,False,@pinksxblink,TE AMO GISELLE,1,2024-10-07T05:14:14Z,2024-10-07T05:14:14Z
UgzBhDy63JHKBhiJkIt4AaABAg,,False,@meomaptran3067,Đu ma đep vai,0,2024-10-07T05:11:38Z,2024-10-07T05:11:38Z
UgxkTNRXQJjghmCdyEF4AaABAg,,False,@비가와-e4e,지젤 더 이쁘졌어 ㅠㅠ,0,2024-10-07T05:06:29Z,2024-10-07T05:06:29Z
UgwIDAhAg5J5qG7PSTV4AaABAg,,False,@에스파_지젤_aespa,"이건 분명 지젤의 룩이에요, 정말 대단해요!",1,2024-10-07T05:00:23Z,2024-10-07T05:00:23Z
Ugxc7tOzoMFGMyv9Yox4AaABAg,,False,@thebrightfen,Let's make Giselle shine in this era! She deserves it ❤,1,2024-10-07T04:58:42Z,2024-10-07T04:58:42Z
UgzK3kac2DlL_S2MvJJ4AaABAg,,False,@kpoprubix9812,Mother!,1,2024-10-07T04:58:37Z,2024-10-07T04:58:37Z
UgzUsoTVu9qL1vY2xuF4AaABAg,,False,@Jontae4288,Man Giselle is smoking hot here,0,2024-10-07T04:54:56Z,2024-10-07T04:54:56Z
Ugz7Dp9ssAoBGQOw3Kh4AaABAg,,False,@monitahanif,My lovelyyy❤❤❤❤,1,2024-10-07T04:52:10Z,2024-10-07T04:52:10Z
Ugw48woZDo3e95zwOdl4AaABAg,,False,@Gmriizeseunghaan.02,Hermosa,1,2024-10-07T04:42:18Z,2024-10-07T04:42:18Z
UgyGq0UVy_W-TJkADq94AaABAg,,False,@rieeza,Giselle🔥🔥,1,2024-10-07T04:36:58Z,2024-10-07T04:36:58Z
UgwAkn6gMnYNohilSEt4AaABAg,,False,@debritubose3363,Giselle on her way to slay this era,1,2024-10-07T04:23:27Z,2024-10-07T04:23:27Z
Ugw3KcYulcwN5bYaCW54AaABAg,,False,@ikabm7564,Mommy Giselle🧎🏻‍♀️,0,2024-10-07T04:23:11Z,2024-10-07T04:23:11Z
UgyiNetPLPfkDCTPg1Z4AaABAg,,False,@whatdoesitmeanhandle,"이번컨셉은 지젤이 짱먹을 느낌적인느낌ㄷㄷ
멤버 모두가 고르게 잘난 에스파 너무 짜릿해!!",0,2024-10-07T04:19:14Z,2024-10-07T04:19:14Z
UgzCeTtZYhixb48R0ex4AaABAg,,False,@scha1028,Njirr lah makin hot aja nih my coconut girl❤❤❤,0,2024-10-07T04:14:51Z,2024-10-07T04:14:51Z
UgwRGpBlDzUPaWLbphJ4AaABAg,,False,@chaewonmoment,"Watch ya mans, you should watch ya mouth. 🐕 is pressed. Administer mouth to mouth.",0,2024-10-07T04:08:43Z,2024-10-07T04:08:43Z
Ugy8XyCrnHjlxL3AWNx4AaABAg,,False,@ObhaayhaaKim,I hate you for using the N word,0,2024-10-07T04:06:19Z,2024-10-07T04:06:19Z
Ugy8XyCrnHjlxL3AWNx4AaABAg.A9HH6wJgKEOA9HKh0QfPpA,Ugy8XyCrnHjlxL3AWNx4AaABAg,True,@jnkchanel,"she already apologize, there's a lot of things to worry about in life hunny :))",4,2024-10-07T04:37:36Z,2024-10-07T04:37:36Z
Ugy8XyCrnHjlxL3AWNx4AaABAg.A9HH6wJgKEOA9Ho7BJ_AzH,Ugy8XyCrnHjlxL3AWNx4AaABAg,True,@little_evil_birdy,"it was when she sang one song, but don't you have questions for the author of the song? 
Giselle just sang along. Then should black people not release their songs? 
I have a lot of favorite black artists and I also love to sing along to them. Then you can criticize me too because I also say the n-word a lot when I sing along to them, and i'm white.

I have black friends, but I don't use the n-word to address any of them. So what's the problem if Gisele didn't say it to anyone? Just sang along.",0,2024-10-07T09:03:27Z,2024-10-07T09:07:14Z
Ugy8XyCrnHjlxL3AWNx4AaABAg.A9HH6wJgKEOA9LvbIW1K1x,Ugy8XyCrnHjlxL3AWNx4AaABAg,True,@thebigjennie,you keep up w her well 😂,0,2024-10-08T23:25:49Z,2024-10-08T23:25:49Z
Ugx4FXHkrELw6ATfzJ14AaABAg,,False,@kunimitanaka1079,Yes.,0,2024-10-07T04:02:43Z,2024-10-07T04:02:43Z
UgzNFPqcgKSN-C4eKR94AaABAg,,False,@맠미-h6m,퀸..,0,2024-10-07T03:53:47Z,2024-10-07T03:53:47Z
UgxYCy2i2PeQVYwEYzZ4AaABAg,,False,@3halfblood600,excuse me madam😮😮😮,0,2024-10-07T03:48:14Z,2024-10-07T03:48:14Z
UgzerkRKXz4rQ4Zwtyh4AaABAg,,False,@로제-n4n,에스파 항상 사랑한다❤,0,2024-10-07T03:44:26Z,2024-10-07T03:44:26Z
UgzAQhdcKVx1VjkDm1t4AaABAg,,False,@alodollalo,Diosa,1,2024-10-07T03:43:34Z,2024-10-07T03:43:34Z
Ugz9kmG-MjzO6bNcRed4AaABAg,,False,@moonmaknae,Seriously one of her best looks everrrr,1,2024-10-07T03:43:15Z,2024-10-07T03:43:15Z
UgynPD6USPS-3MXIwMp4AaABAg,,False,@yadom_here,Mother is MOTHERING🔥🔥,0,2024-10-07T03:38:58Z,2024-10-07T03:38:58Z
UgxvtcrJpeuqRVMe0Vl4AaABAg,,False,@linhtram9265,Eh cái đoạn hất tóc slay vcc,0,2024-10-07T03:36:33Z,2024-10-07T03:36:33Z
UgycFL2zsLTmdYPgK754AaABAg,,False,@akunperbestian,Giselle hotttt girls,1,2024-10-07T03:24:57Z,2024-10-07T03:24:57Z
UgxHXNjXo8wfhpHyavx4AaABAg,,False,@chicamarchela4762,OMG GIGI!!!!! ❤❤❤,1,2024-10-07T03:24:22Z,2024-10-07T03:24:22Z
UgzjfUZhNAJgR31r8Od4AaABAg,,False,@sssiansan,MY QUEEN,1,2024-10-07T03:24:17Z,2024-10-07T03:24:17Z
Ugy0VWsR85fUTnZajRV4AaABAg,,False,@そらい-f9y,ほんと極上,2,2024-10-07T03:22:49Z,2024-10-07T03:22:49Z
UgyekF9V_pdLt6v82_p4AaABAg,,False,@spfpare3514,this girl insane,2,2024-10-07T03:17:59Z,2024-10-07T03:17:59Z
UgylL8JuQfWJO-9RC9l4AaABAg,,False,@Youoongseo,뭔 춘장을 발라도 이쁘네,4,2024-10-07T03:17:19Z,2024-10-07T03:17:19Z
UgzmbdBjJ6yyqaroF1x4AaABAg,,False,@giselleuchinaga-il6ks,She's hot and she devour this concept❤,1,2024-10-07T03:15:30Z,2024-10-07T03:15:30Z
Ugzp1pDQ-0zfh_AErQ54AaABAg,,False,@Juxisang,Giselle you are my ❤❤❤,1,2024-10-07T03:13:10Z,2024-10-07T03:13:10Z
UgwsTMBxeYAxWy6G6zd4AaABAg,,False,@lemonlemonade5669,Why is it that I ALWAYS get notification for WINTER’s video but never the rest of the members????😅,0,2024-10-07T03:11:38Z,2024-10-07T03:11:38Z
Ugx4mMn4ZIDqVnSgDHN4AaABAg,,False,@Farokkk-le1qf,GISELLE MY QUEEN,0,2024-10-07T03:10:50Z,2024-10-07T03:10:50Z
UgwpLZCstbsL7_lSwt54AaABAg,,False,@janesarstineyz9927,motherrrrrrrrrrrr,0,2024-10-07T03:09:15Z,2024-10-07T03:09:15Z
UgwSVRqKhkgoKD8xehl4AaABAg,,False,@turzo_kpopfanboy,Love from Bangladesh🇧🇩 Giselle❤,0,2024-10-07T03:01:34Z,2024-10-07T03:01:34Z
UgwYMQtC2nWv8IU0KI54AaABAg,,False,@どらイムンド,SELLE NOS MEMBROS DO BAU ESQUIZO TE AMAMOS,0,2024-10-07T02:58:52Z,2024-10-07T02:58:52Z
UgwywKACE5FB3hmB-1l4AaABAg,,False,@どらイムンド,ela meio q incorporou o espirito de phonsyr,0,2024-10-07T02:58:33Z,2024-10-07T02:58:33Z
UgxqhDkYMdFxh0c9UT54AaABAg,,False,@どらイムンド,did it like rent was due,0,2024-10-07T02:58:01Z,2024-10-07T02:58:01Z
UgxxRglQ4sUhjI9Lz1x4AaABAg,,False,@waitamoment,สวยมากกกก ตัวแม่,1,2024-10-07T02:53:30Z,2024-10-07T02:53:30Z
UgwNsLwv5N9psmy2iHR4AaABAg,,False,@chocloconquesobp,GISELLEEE AAHHHH MAMI 🔥🔥,1,2024-10-07T02:51:41Z,2024-10-07T02:51:41Z
UgxBAO1FvqjiXfEJ-AJ4AaABAg,,False,@thihuongnguyen3351,"bả hợp với concept chiến như vậy, từ hồi debut là rõ rồi. Mà về sau SM cứ cho bả thành bánh bèo này kia chi, bực thiệt",2,2024-10-07T02:47:36Z,2024-10-07T02:47:36Z
UgywyFBvxmhogTrrB-t4AaABAg,,False,@walkinsummer,THAT’S HOT GI!,1,2024-10-07T02:46:58Z,2024-10-07T02:46:58Z
UgyUZ1y6b2jGNsmSAkN4AaABAg,,False,@jondistefano288,this girl singer is very extraordinary and wonderful,2,2024-10-07T02:46:11Z,2024-10-07T02:46:11Z
Ugwj6yVVsMXch6HuREt4AaABAg,,False,@mutmainnahiry,GISELLE❤️‍🔥❤️‍🔥❤️‍🔥,3,2024-10-07T02:45:50Z,2024-10-07T02:45:50Z
UgxwhIEZuWJJJ9TNm1J4AaABAg,,False,@katarinabluu16,202K GISELLE WHIPLASH,1,2024-10-07T02:29:26Z,2024-10-07T02:29:26Z
UgyD-iO73wCOW-Ucqel4AaABAg,,False,@iasmin604,GOSTOSA,1,2024-10-07T02:28:58Z,2024-10-07T02:28:58Z
UgzLEByRy4XU_JT1WHR4AaABAg,,False,@iasmin604,minha,0,2024-10-07T02:28:48Z,2024-10-07T02:28:48Z
UgzC86WqdbCuhev5cEV4AaABAg,,False,@LoLzWatsUsay,Giselle  marry me!!!!,0,2024-10-07T02:28:33Z,2024-10-07T02:28:33Z
Ugy091XABk_PKYknMKR4AaABAg,,False,@viennalee8360,i think this is definitely my fav hair color on her so far..,53,2024-10-07T02:27:28Z,2024-10-07T02:27:28Z
Ugw40ueb-KEvd4-9CzN4AaABAg,,False,@ArielStar,Awesome Giselle!,3,2024-10-07T02:27:07Z,2024-10-07T02:27:07Z
UgzRURVUHZ7noEFWCCp4AaABAg,,False,@iroseqn3438,"I expect Giselle to have more lines, she is amazing always! I LOVE YOU GIGI 💞",61,2024-10-07T02:26:21Z,2024-10-07T02:26:21Z
UgxQiHGHy7kNu05J8bV4AaABAg,,False,@b-thehater,omggg Giselle,1,2024-10-07T02:23:28Z,2024-10-07T02:23:38Z
UgxlxDj6Jp1r5ayDi814AaABAg,,False,@wowwow6488,this might just possibly and certainly be the hardest slay giselle has ever slayed in the entire universe of slayage!!11!!?,1,2024-10-07T02:10:08Z,2024-10-07T02:10:08Z
UgwBfBSwQPQg8Xeydph4AaABAg,,False,@phihieu9232,XINH ĐẸPPPPP,0,2024-10-07T02:03:52Z,2024-10-07T02:03:52Z
Ugwe9VPkpvdsJheXM014AaABAg,,False,@phihieu9232,MOTHER IS MOTHERINGGGGG,0,2024-10-07T02:03:44Z,2024-10-07T02:03:44Z
UgxjssCj7gGjd6bkReZ4AaABAg,,False,@drippinchaotic,oh this is HER ERA,1,2024-10-07T01:50:27Z,2024-10-07T01:50:27Z
Ugwo-B3PWK3v3W_CIS94AaABAg,,False,@aechuuu,GISELLE looks like a new hero in a movie,1,2024-10-07T01:50:25Z,2024-10-07T01:50:25Z
Ugx5SzU9N50zOc-HmsR4AaABAg,,False,@pratamahrs,How I love this Gothic Giselle!!! 😍,10,2024-10-07T01:47:37Z,2024-10-07T01:47:37Z
Ugy4e8Rh5_m-uFRBz3x4AaABAg,,False,@aechuuu,GISELLE GISELLE WOW,2,2024-10-07T01:47:03Z,2024-10-07T01:47:03Z
UgwAoCUbeyB4RsGjOCh4AaABAg,,False,@lovemusic22113,Giselle looks like Kristal Jung😱🥰😍,0,2024-10-07T01:37:25Z,2024-10-07T01:37:25Z
UgzF-DGXslgrlB1I7vB4AaABAg,,False,@choirunnisak888,Please be Giselle's era,0,2024-10-07T01:36:49Z,2024-10-07T01:36:49Z
UgzlowU0Rfz06iKgCa54AaABAg,,False,@hitmongg,I'm ded.,0,2024-10-07T01:25:06Z,2024-10-07T01:25:06Z
UgxA70n0JMdoYp38r0N4AaABAg,,False,@amypizza8351,YES MOMMY,0,2024-10-07T01:23:34Z,2024-10-07T01:23:34Z
Ugy9eE9vgq5e-13zzPV4AaABAg,,False,@Thebattleofsalsu,하데스의 딸인가 왜케 이쁘냐 😍  지옥으로 가고 싶을 정도의 ❤,1,2024-10-07T01:23:25Z,2024-10-07T01:23:25Z
UgwVqvdpQUPYvZOpq954AaABAg,,False,@ishidaclara,<3,0,2024-10-07T01:19:27Z,2024-10-07T01:19:27Z
Ugy2oe_2wuRgA5_ifRp4AaABAg,,False,@gardenerstrike8628,giselle how could you do this to me???,0,2024-10-07T01:17:36Z,2024-10-07T01:17:36Z
UgwKrz3peNdHxtz5IGN4AaABAg,,False,@dalknb4268,Giselle's long pink hair is so attractive,1,2024-10-07T01:17:34Z,2024-10-07T01:17:34Z
Ugw5acARVfqe3zgmzCd4AaABAg,,False,@kynnaii,bgst cakep bgt,0,2024-10-07T01:16:18Z,2024-10-07T01:16:18Z
UgzWmCk2epPkPwx2nqt4AaABAg,,False,@Ivy_illit,omg giseleeee,1,2024-10-07T01:14:15Z,2024-10-07T01:14:15Z
UgwOOsRWzzlrs-Q4WI54AaABAg,,False,@haeunim568,모야.. 지젤넘무이뿌쟈냥....ㅠㅠㅠ 블랙립 찰떡이뉴 ㅠ!!!!!!!빨리 보고싶어여,16,2024-10-07T01:10:50Z,2024-10-07T01:10:50Z
Ugx0AzHiXnG2ug9NlK14AaABAg,,False,@leivaetwiz_oq,まーじでかっこい！！,1,2024-10-07T01:05:02Z,2024-10-07T01:05:02Z
Ugwc6f6r2861APrQt6N4AaABAg,,False,@Lívia-m5k5q,MINHA MARIDA,0,2024-10-07T01:03:16Z,2024-10-07T01:03:16Z
UgzwyQYjPaO1LXJaVH14AaABAg,,False,@Lívia-m5k5q,LINDAAAA,0,2024-10-07T01:03:04Z,2024-10-07T01:03:04Z
UgyJ0GeaNigKyhxiHaN4AaABAg,,False,@지유-c8k,지젤 웬일로 컨셉 1위네,0,2024-10-07T01:02:52Z,2024-10-07T01:02:52Z
UgxaVqprX7uEqqcEFGl4AaABAg,,False,@tamingalter5853,Jijelllll❤❤❤❤❤,0,2024-10-07T01:02:02Z,2024-10-07T01:02:02Z
UgwmCmeZRxzlatUczi14AaABAg,,False,@あやたん-o1k,最高かよ^_^,0,2024-10-07T01:01:23Z,2024-10-07T01:01:23Z
UgznC9NM0aLaJEfEh_N4AaABAg,,False,@fredflint8399,I almost did not reconizer her!!!,0,2024-10-07T00:58:23Z,2024-10-07T00:58:23Z
UgxU7Pq-EyubGn_FegF4AaABAg,,False,@monchipo1362,"oMG, So pretttyyyyuyyyuyyy❤",0,2024-10-07T00:50:08Z,2024-10-07T00:50:08Z
Ugwza4qZoHwVf6-0H594AaABAg,,False,@jvnabelle,Haaaaa,0,2024-10-07T00:49:04Z,2024-10-07T00:49:04Z
UgzmBtehY6vJts4lEol4AaABAg,,False,@ildreamy,GISELLE THE WOMAN YOU ARE OMG@()$(@)$(@)$,0,2024-10-07T00:49:04Z,2024-10-07T00:49:04Z
UgxBIRfhs5b2XEpde_14AaABAg,,False,@saltrain908,สวยแบบเติดระแบดเว่อ,0,2024-10-07T00:44:49Z,2024-10-07T00:44:49Z
Ugw0-g0OgbRBtGt0bW94AaABAg,,False,@로제-n4n,이번에 지젤 장난아니네 ㄷㄷ,2,2024-10-07T00:36:54Z,2024-10-07T00:36:54Z
UgzRfpPr8CQdFKCOx3R4AaABAg,,False,@Khaunsha,Keren banget buset😍 menyala Giselle koh🔥❤️❤️,3,2024-10-07T00:35:29Z,2024-10-07T00:35:29Z
Ugyr9XiV4onSCvhiHSR4AaABAg,,False,@niinapochmann,Omg so pretty!,3,2024-10-07T00:35:15Z,2024-10-07T00:35:15Z
UgxVmQ8rg1arUNaafKl4AaABAg,,False,@IZTheOne,giselle is the future,1,2024-10-07T00:33:22Z,2024-10-07T00:33:22Z
UgziESOyFWZ78eO3LWZ4AaABAg,,False,@CG-gr8xg,COMMON GISELLEEEE!!! SLAY BOOTS DOWN I’M DECEASED!!,4,2024-10-07T00:33:04Z,2024-10-07T00:33:04Z
UgwPyV4DU8ugsdcDb894AaABAg,,False,@parkkh9491,쌘 거 온다,1,2024-10-07T00:32:42Z,2024-10-07T00:32:42Z
Ugxpty9WNGkWZ07yBrR4AaABAg,,False,@eberthjimenez1556,QUE BELLAA MI AMORRR,0,2024-10-07T00:31:31Z,2024-10-07T00:31:31Z
UgwIYPVNy7LDvmerIMp4AaABAg,,False,@Rochelle_Ballah,Giselle is so baddie energy,0,2024-10-07T00:30:49Z,2024-10-07T00:30:49Z
UgyjL7pnfn6SsWmYwKx4AaABAg,,False,@Rochelle_Ballah,omg i got whiplash,0,2024-10-07T00:30:33Z,2024-10-07T00:30:33Z
UgwxWyMB4MFX0tuajcV4AaABAg,,False,@alessandraaguirre,I love you Giselle ❤,0,2024-10-07T00:27:44Z,2024-10-07T00:27:44Z
UgxSBcaJMg38yorH75t4AaABAg,,False,@boraboraring,쏘핫걸 알러뷰쏘마취,0,2024-10-07T00:27:32Z,2024-10-07T00:27:32Z
UgxBushEzdfZQvAba394AaABAg,,False,@leeyooow,Mommy turns mommiest!,0,2024-10-07T00:24:36Z,2024-10-07T00:24:36Z
Ugw1xazm68wTJ-XYC1d4AaABAg,,False,@daphuulztha5856,so hot. so cool.,0,2024-10-07T00:24:24Z,2024-10-07T00:24:24Z
Ugz6H4O9guRmzVguqWB4AaABAg,,False,@PrincessAhmanet,Sm keep giving G the credit she deserves ❤❤❤❤,0,2024-10-07T00:21:28Z,2024-10-07T00:21:28Z
UgzC7HD9BQ-X1uKGlwZ4AaABAg,,False,@aerinumberone,i love u Queen,0,2024-10-07T00:15:38Z,2024-10-07T00:15:38Z
UgzKp63BOJeGVpN9gZZ4AaABAg,,False,@howtwolive979,Pinkselle supremacy!,0,2024-10-07T00:08:00Z,2024-10-07T00:08:00Z
UgxwXg1tyesmnqwSg2x4AaABAg,,False,@힝구리퐁퐁-m9r,비트 맛깔난다,0,2024-10-07T00:07:52Z,2024-10-07T00:07:52Z
UgxKQjDz-xfNVp1Qxrd4AaABAg,,False,@howtwolive979,Queen Giselle,0,2024-10-07T00:07:42Z,2024-10-07T00:07:42Z
UgxaJZzgZ44wjnQ19ix4AaABAg,,False,@rp8936,what?? the wardrobe department is giving her better styling??? OMG,0,2024-10-07T00:05:30Z,2024-10-07T00:05:30Z
Ugy51E47tOocm37Zoy54AaABAg,,False,@EILYANTHEBIGBACK,I love Gissle ❤,1,2024-10-07T00:04:44Z,2024-10-07T00:04:44Z
UgxN7-mQZj_8Kly0pPB4AaABAg,,False,@aaa-zc4qf,脚長すぎるしピンクモリと強強メイク似合いすぎてて最高,0,2024-10-07T00:02:21Z,2024-10-07T00:02:21Z
Ugzufzkcdy6ezjmpAJN4AaABAg,,False,@viviaerii,mother!!,0,2024-10-07T00:01:20Z,2024-10-07T00:01:20Z
UgzZ60aPUvH_bRuXiFB4AaABAg,,False,@kevinyeohck,MOTHERING. 🩷,1,2024-10-06T23:55:56Z,2024-10-06T23:55:56Z
UgyEQXs3mHA2WQaIsf14AaABAg,,False,@야라구해,머야 광야 재입갤함?,0,2024-10-06T23:53:00Z,2024-10-06T23:53:00Z
UgxyjJjoXMpsLcN2SFJ4AaABAg,,False,@iheworld134,She gettin look alike with krystal fx,0,2024-10-06T23:48:20Z,2024-10-06T23:48:20Z
Ugw9GopiMlB04XzTtz94AaABAg,,False,@yukaanjeli8439,Ogm Gisele,0,2024-10-06T23:45:54Z,2024-10-06T23:45:54Z
UgyWuEBUJ38vh8jqKCZ4AaABAg,,False,@jenaissances,AERI MINAJ,0,2024-10-06T23:45:01Z,2024-10-06T23:45:01Z
Ugw6uANrZElRvHDrXj54AaABAg,,False,@jenaissances,AERI MINAJ,0,2024-10-06T23:45:00Z,2024-10-06T23:45:00Z
UgzruGeDyGz8u1QZAap4AaABAg,,False,@Bilalsarfraz8,"Aespa has huge fan following in Pakistan 🇵🇰🇵🇰🇵🇰. We love their music, their vocals, choreography, and videos. And their popularity is increasing day by day. Pakistan loves Aespa💜🇵🇰💙🇵🇰❤🇵",0,2024-10-06T23:42:50Z,2024-10-06T23:42:50Z
Ugxfrxg2xkQ5Gx93PYR4AaABAg,,False,@minjilovelly,DELCIAA GATINHA TESUDAAAAAA,0,2024-10-06T23:36:26Z,2024-10-06T23:36:26Z
UgyTFuO2v7LG6r_qbot4AaABAg,,False,@minjilovelly,AVISA QUE É A TUA ERA GISELLE,0,2024-10-06T23:36:11Z,2024-10-06T23:36:11Z
Ugwvx2WkWyGgfS8a1zp4AaABAg,,False,@matchamochichu6816,"GISELLE PRETTY, GORGEOUS, HOT 🔥🔥🔥",0,2024-10-06T23:35:06Z,2024-10-06T23:35:06Z
UgxGrHX4lcp1666TilV4AaABAg,,False,@matchamochichu6816,GISELLE SOOOO HOT 🔥,0,2024-10-06T23:34:36Z,2024-10-06T23:34:36Z
UgxQySeL4SUTb7FhPet4AaABAg,,False,@matchamochichu6816,GISELLE TRENDING ON X !!! 😮❤,0,2024-10-06T23:34:19Z,2024-10-06T23:34:19Z
UgyFL3WIxOF6ErW9Epx4AaABAg,,False,@rgbr3854,지제리 미쳤네. 개멋있다,0,2024-10-06T23:31:51Z,2024-10-06T23:31:51Z
UgxhCIH0de-gfqYOnq54AaABAg,,False,@Empress_em,OKAYYYYYY???? QUEEENNN,0,2024-10-06T23:24:50Z,2024-10-06T23:24:50Z
Ugz8rOrQwjWOK8a9-2F4AaABAg,,False,@adararai,❤️‍🔥❤️‍🔥❤️‍🔥❤️‍🔥❤️‍🔥,0,2024-10-06T23:24:34Z,2024-10-06T23:24:34Z
Ugy-eMWGATQIS3YhpjV4AaABAg,,False,@1_itggi,입술이 까매도 잘 어울리는 우리 짱스파❤❤❤❤,2,2024-10-06T23:20:58Z,2024-10-06T23:20:58Z
Ugzf_5KRkGWWG_Oe0ZV4AaABAg,,False,@alasca8096,WE NEED DOPAMINE SOLO GISELLE NO SPOTIFY!!,0,2024-10-06T23:19:12Z,2024-10-06T23:19:12Z
Ugwh3t0j7h6bj3TPu0d4AaABAg,,False,@alasca8096,"GISELLE DEFINITIVAMENTE DONA DA ERA!! ELA COMEU A TODOS AQUI, ESSA GAROTA TÁ UM ABSURDO, ELA DOMINA ESSE CONCEITO!!",0,2024-10-06T23:18:35Z,2024-10-06T23:18:35Z
Ugyhgb9IuA4V7qyWpSd4AaABAg,,False,@AlejandroCardona-hq8ns,DIOSA❤,0,2024-10-06T23:17:10Z,2024-10-06T23:17:10Z
UgyZfpEZWbdvkfcz0Zd4AaABAg,,False,@kennymiahermanus5641,YASS G 🔥,0,2024-10-06T23:16:52Z,2024-10-06T23:16:52Z
UgyT89JR1LDFjcfQi3h4AaABAg,,False,@Sama-m5s,power of giselle,9,2024-10-06T23:13:48Z,2024-10-06T23:13:48Z
Ugw91hA2nBhJWzFENwF4AaABAg,,False,@inga.feuilleei,she's a star,0,2024-10-06T23:11:49Z,2024-10-06T23:11:49Z
UgxlV8oB8V1lxNyFlCV4AaABAg,,False,@South_KOR,블랙 립스틱 바르고 살아남다니... ㄷㄷ,0,2024-10-06T23:09:15Z,2024-10-06T23:09:15Z
Ugx6dPKQ_bf8IeKf8uZ4AaABAg,,False,@felixlee5916,DAMN GISELLEEEEE,0,2024-10-06T23:07:50Z,2024-10-06T23:07:50Z
UgwqDEShyX70FwIY21J4AaABAg,,False,@thepointiswhat,Giselle on pink hair❤,0,2024-10-06T23:01:59Z,2024-10-06T23:01:59Z
UgzW-61ww5Vc_1995T54AaABAg,,False,@sammmorn,she's serving? SHE'S SERVING! PERIOD,0,2024-10-06T23:01:40Z,2024-10-06T23:01:40Z
UgyhwLc9S9bRs6MnSLV4AaABAg,,False,@Miyaaacat,MOTHERRR,0,2024-10-06T22:59:43Z,2024-10-06T22:59:43Z
UgyguKj1qZmPHk3Nq894AaABAg,,False,@catherineebunilo4915,My bias for a reason,2,2024-10-06T22:56:58Z,2024-10-06T22:56:58Z
UgzkkcN2TGRh7QXUEcJ4AaABAg,,False,@milspec_adhd,PINK GIGI ❤,0,2024-10-06T22:56:36Z,2024-10-06T22:56:36Z
Ugxav3I0Yq9UhKFsb6d4AaABAg,,False,@m0nst3r.81,STOP SHE EATS SO BAD,0,2024-10-06T22:53:28Z,2024-10-06T22:53:28Z
UgykF2HJo45Zgx8-ikZ4AaABAg,,False,@yves2133,ela fica a coisa mais linda de cabelo rosa,0,2024-10-06T22:53:06Z,2024-10-06T22:53:06Z
UgzOgYDIEJ8LaVrKKTp4AaABAg,,False,@laviendaisy,LET'S GO GISELLEEEEEE,3,2024-10-06T22:47:11Z,2024-10-06T22:47:11Z
Ugx9azLPqA_bEgBgu2l4AaABAg,,False,@たっくん-e9j,こんなにダークな色のリップ似合ってる人いる？ってぐらいもう最の高,0,2024-10-06T22:47:08Z,2024-10-06T22:47:08Z
UgzwX1ztrxd-0OlJ7ZF4AaABAg,,False,@laviendaisy,YES MY GIRLLLL,1,2024-10-06T22:46:59Z,2024-10-06T22:46:59Z
UgwnXNgKHyoT47EL8uJ4AaABAg,,False,@mikaelchandesu,Omg look at this woman 🫦,0,2024-10-06T22:44:00Z,2024-10-06T22:44:00Z
UgwYZ_Pyuictzkojo9l4AaABAg,,False,@riya117,Giselle looks absolutely amaizng,0,2024-10-06T22:37:45Z,2024-10-06T22:37:45Z
UgxIevLh6DDnKg3Qr314AaABAg,,False,@GaluhKristinArdiningrum,omg so gorgeous,3,2024-10-06T22:35:09Z,2024-10-06T22:35:09Z
Ugzh5uTdJfY2R_zRqPB4AaABAg,,False,@nmsk9,Oh the visual,0,2024-10-06T22:33:02Z,2024-10-06T22:33:02Z
UgwXtXzBxsCaFTGzwqx4AaABAg,,False,@Trix_slat,MOMMY GISELLE,0,2024-10-06T22:32:50Z,2024-10-06T22:32:50Z
Ugx4pZQz7gBE0aZV7CR4AaABAg,,False,@soledad221,My queen. 👑,0,2024-10-06T22:26:34Z,2024-10-06T22:26:34Z
UgzJy74WqSa1_dEvZLB4AaABAg,,False,@وينيلنثحثكثزينثنوثثمثمثنثمي,so pretty,1,2024-10-06T22:23:26Z,2024-10-06T22:23:26Z
UgwdtWs6TGReX8n1ZH94AaABAg,,False,@taristadeva9642,mother is mothering,0,2024-10-06T22:22:52Z,2024-10-06T22:22:52Z
UgxegKv_Em5AgpZCITV4AaABAg,,False,@وزسميتثنثممث,gigi,3,2024-10-06T22:17:37Z,2024-10-06T22:17:37Z
UgxI9AwTFvLHeWCuiZF4AaABAg,,False,@وزسميتثنثممث,love,5,2024-10-06T22:17:25Z,2024-10-06T22:17:25Z
UgxqY6cFXyyLX5i0p0F4AaABAg,,False,@batmanbatman994,It's GISELLE's era. 🔥🔥🔥🔥,4,2024-10-06T22:14:11Z,2024-10-06T22:14:11Z
UgxHihZKmBjXsO9S68Z4AaABAg,,False,@까망고앵이,와 애리 진짜 미모 어쩌냐 ㅠㅠ 그저 빛,1,2024-10-06T22:13:56Z,2024-10-06T22:13:56Z
UgzOAFXLabaVULv4wvF4AaABAg,,False,@jayk4985,Hi 親愛的Gigi早安,1,2024-10-06T22:10:15Z,2024-10-06T22:10:15Z
UgwXP2ec8E73waBFm3Z4AaABAg,,False,@Ummaysanthire,0:15 i see rosié,10,2024-10-06T22:09:25Z,2024-10-06T22:09:25Z
UgywM61k6mpFB97LjIl4AaABAg,,False,@린때리는솔밍,"지젤언니,, 징쨔 너무 이쁘잖아..;;",1,2024-10-06T22:05:07Z,2024-10-06T22:05:07Z
Ugy36PxK6VcPEEx_8-Z4AaABAg,,False,@illushacherevatyi7935,💖,1,2024-10-06T22:01:13Z,2024-10-06T22:01:13Z
UgxXfPPRiPv0Gce8BQt4AaABAg,,False,@pelinsule1055,❤,2,2024-10-06T21:59:37Z,2024-10-06T21:59:37Z
Ugxz-bVLFiENdeQCOiF4AaABAg,,False,@miraimirai5264,"지젤, 너는 크리스탈 정을 닮았어.❤🔥",0,2024-10-06T21:52:57Z,2024-10-06T21:52:57Z
UgzJBz-6a_FiFedfj9J4AaABAg,,False,@Rnmn_rea,Queen!! 👑,3,2024-10-06T21:52:18Z,2024-10-06T21:52:18Z
UgxdbUCuUr82QdbAMx54AaABAg,,False,@giuliaadde,giselle você é a maioral ❤,1,2024-10-06T21:52:14Z,2024-10-06T21:52:14Z
UgxVpYzCgjwksnPEAG14AaABAg,,False,@Heeinsita,giselleteamo,21,2024-10-06T21:51:05Z,2024-10-06T21:51:05Z
Ugx2lRpS_0xA741NvDx4AaABAg,,False,@amalesh.s,Giselle❤❤❤❤,9,2024-10-06T21:49:28Z,2024-10-06T21:49:28Z
UgzdxexB8Uhx8F5E03p4AaABAg,,False,@Cookiecookie7567,aespaってほんとにいろんなコンセプトで飽きさせないよね👏👏👏👏👏👏,16,2024-10-06T21:43:29Z,2024-10-06T21:43:29Z
UgxQopAxxLnRIdDsCrZ4AaABAg,,False,@aellusion,oh the fashion is everything,89,2024-10-06T21:40:31Z,2024-10-06T21:40:31Z
UgwJaiWp2zJSHY4lEjJ4AaABAg,,False,@aellusion,GAGASELLE,2,2024-10-06T21:40:24Z,2024-10-06T21:40:24Z
UgzlIAi6PZG6aYrObKB4AaABAg,,False,@aellusion,oh she’s taking it,70,2024-10-06T21:40:18Z,2024-10-06T21:40:18Z
UgxRXzyXjG7bXKNOf_l4AaABAg,,False,@aellusion,IM SO EXCITED FOR NINGNING AND KARINA,1,2024-10-06T21:40:11Z,2024-10-06T21:40:11Z
UgyC5qZBX3Qt8ifUQWh4AaABAg,,False,@aellusion,SHE LOOKS AMAZING,32,2024-10-06T21:40:01Z,2024-10-06T21:40:01Z
Ugw84lpxGvaWHIH5xJR4AaABAg,,False,@aellusion,PINKSELLE,1,2024-10-06T21:39:55Z,2024-10-06T21:39:55Z
UgwWnoWUWX34TOuaXJl4AaABAg,,False,@astrada9554,Lord they came to slay us. That dark outfit and pink hair combo WORKS. I can’t imagine how Karina and Ningning are going to look after these two teasers.,106,2024-10-06T21:38:36Z,2024-10-06T21:38:36Z
UgwWnoWUWX34TOuaXJl4AaABAg.A9G_kGdb5k2A9KLvfqhbqh,UgwWnoWUWX34TOuaXJl4AaABAg,True,@cecesukiwaerea9149,borrowed from BLACKPINK... She looking like Rosé now.,0,2024-10-08T08:46:03Z,2024-10-08T08:46:03Z
UgwWnoWUWX34TOuaXJl4AaABAg.A9G_kGdb5k2A9NhZUsdfys,UgwWnoWUWX34TOuaXJl4AaABAg,True,@asviop,​@@cecesukiwaerea9149 not everything is labelled from blackpink..,0,2024-10-09T16:01:35Z,2024-10-09T16:01:35Z
Ugx8Ojr7r29gUhXwbe14AaABAg,,False,@AISHAxAISHAA,Kim aeri the woman you are 😍😍,0,2024-10-06T21:38:02Z,2024-10-06T21:38:02Z
Ugx62SxKttBFWStet-94AaABAg,,False,@Yutchi-m4k,"ピンク髪最強なんだけど😂
えりちゃんビジュ爆発してる❤",0,2024-10-06T21:36:32Z,2024-10-06T21:36:32Z
UgxPeJVlD4SEDaKpalJ4AaABAg,,False,@KEVINI.RICARDO,OMG SOOOO ICONIC!!!🤩👑,1,2024-10-06T21:34:20Z,2024-10-06T21:34:20Z
UgxaW-xw_EUqgOaoaJh4AaABAg,,False,@dallanasanchez3193,Mi niña!!!! Te mereces un comeback digno de ti 🩷,2,2024-10-06T21:32:14Z,2024-10-06T21:32:14Z
UgyTDrOZQTwu5fOLkW14AaABAg,,False,@ChunTienIsCute,i love her sm,5,2024-10-06T21:31:09Z,2024-10-06T21:31:09Z
Ugy5qjftnEP8Co0S_4l4AaABAg,,False,@ib7375,SHE IS AN ICON,23,2024-10-06T21:25:17Z,2024-10-06T21:25:17Z
Ugzw2mAP1QIX9Dl7M1h4AaABAg,,False,@souhi1027,Aeri era?,1,2024-10-06T21:24:32Z,2024-10-06T21:24:32Z
UgzqRYFagOoMOLz-3LR4AaABAg,,False,@ZzRaidennZZ,Aeri-chan ❤,1,2024-10-06T21:21:54Z,2024-10-06T21:21:54Z
UgzIQAd1vsX_i3BslYx4AaABAg,,False,@benhurzz,lord have mercy,0,2024-10-06T21:21:42Z,2024-10-06T21:21:42Z
UgwHXhA43Qeb1RHRxbh4AaABAg,,False,@cindydelrosario2089,Up,0,2024-10-06T21:21:08Z,2024-10-06T21:21:08Z
UgyL8uEwyx94ggBVMLp4AaABAg,,False,@follefoupazzo,a giselle bem passiva tóxica amoooo,0,2024-10-06T21:17:37Z,2024-10-06T21:17:37Z
UgwBmhht2faXzwDXZEt4AaABAg,,False,@bebejelly,girllllllllllll,0,2024-10-06T21:11:53Z,2024-10-06T21:11:53Z
UgyOIow18PXMy66eF1B4AaABAg,,False,@str3litziaaa,Hello miss Giselle ate this up,5,2024-10-06T21:07:01Z,2024-10-06T21:07:01Z
UgwiVsECYjoTz4YyfVd4AaABAg,,False,@jlolxd,giselle living out her emo fantasy for this teaser,0,2024-10-06T21:06:36Z,2024-10-06T21:06:36Z
UgyqHJSezghRbdikpYl4AaABAg,,False,@koeIho,AI ME COME MAE,0,2024-10-06T21:06:04Z,2024-10-06T21:06:04Z
Ugz43gIguAXYhBZamT14AaABAg,,False,@Hyperestelar,"Perfeita, rainha do Olimpo",0,2024-10-06T21:05:23Z,2024-10-06T21:05:23Z
Ugw1DA8_WOnOkrO6Xa94AaABAg,,False,@LittleSunlight,"PERO GISELLEEEEEE PORQUE ME ATACAS ASII AAHHHHHHHH

Giselle ERAAA",0,2024-10-06T21:05:00Z,2024-10-06T21:05:00Z
UgxKNIfi_JSPdHWFPW54AaABAg,,False,@dorkyangel,mammy a girl behind u,0,2024-10-06T20:57:06Z,2024-10-06T20:57:06Z
Ugy8gJiZqer37nYVMGt4AaABAg,,False,@dorkyangel,Mama,0,2024-10-06T20:57:01Z,2024-10-06T20:57:01Z
Ugydd7z5Qb0yFH8YS6F4AaABAg,,False,@dorkyangel,Mother,0,2024-10-06T20:56:57Z,2024-10-06T20:56:57Z
UgwsJUQITUIN0JcvtjJ4AaABAg,,False,@Cloudysw,Slay 🔥,0,2024-10-06T20:55:26Z,2024-10-06T20:55:26Z
UgwzkmfzhSl-QeL8RMt4AaABAg,,False,@jacktkx_x,Omggg pinkselle 💖,0,2024-10-06T20:54:57Z,2024-10-06T20:54:57Z
Ugwr29XXZ8EuwiWPjVZ4AaABAg,,False,@c0nfus3d.4l,girl is serving,0,2024-10-06T20:51:59Z,2024-10-06T20:51:59Z
UgxMlb1NEbjewGpu1sx4AaABAg,,False,@maiphuong.stories,AHHHHHHHHHHHHH SPEECHLESS,0,2024-10-06T20:51:51Z,2024-10-06T20:51:51Z
Ugxx8CHSkpCeCEFwbdZ4AaABAg,,False,@Skdus333,와 립을 검정으로 칠해놨는데도 이쁘네.. 심지어 잘어울려…….ㅈㄴ이쁨걍…,444,2024-10-06T20:45:45Z,2024-10-06T20:45:45Z
Ugxx8CHSkpCeCEFwbdZ4AaABAg.A9GUhAVmj4NABvQXNn5RMK,Ugxx8CHSkpCeCEFwbdZ4AaABAg,True,@박시연-e1j,ㅇㅈ,0,2024-12-11T20:40:13Z,2024-12-11T20:40:13Z
UgzdNST3tDllTxN6TMN4AaABAg,,False,@yynen-bi9qp,えりちゃんカッコよすぎるよ！❤️‍🔥カムバ楽しみすぎる！,40,2024-10-06T20:42:41Z,2024-10-06T20:42:41Z
UgxU35s6KSg_3YkcuUN4AaABAg,,False,@d_dylan04,Mommmy plssss,0,2024-10-06T20:40:52Z,2024-10-06T20:40:52Z
UgyX2Dse6mZNwcQDzth4AaABAg,,False,@basicguy33,Honestly Breathtaking their concepts just keep getting better and better every time,1,2024-10-06T20:40:12Z,2024-10-06T20:40:12Z
UgxGcG0I-1O3pFTQD7l4AaABAg,,False,@scvrlettzzi,MOMMY?!?!,0,2024-10-06T20:39:40Z,2024-10-06T20:39:40Z
UgzRlOztBPGwSMVfTqN4AaABAg,,False,@hyemsdiary,MOTHERRR,0,2024-10-06T20:36:42Z,2024-10-06T20:36:42Z
UgwkSRTnJXgifSe2c9N4AaABAg,,False,@nandolima4696,That's Hot 🔥,0,2024-10-06T20:36:14Z,2024-10-06T20:36:14Z
UgyxeOOGhX2rbCT7ihh4AaABAg,,False,@merkaba_lite,Damn Aeri. Lookin 💯,0,2024-10-06T20:34:13Z,2024-10-06T20:34:13Z
UgwnAUcJff7ZYXacJvV4AaABAg,,False,@ari.babymonster_,We want iconic rap,0,2024-10-06T20:32:41Z,2024-10-06T20:32:41Z
Ugw_hotZojd3dZ5Y8it4AaABAg,,False,@MariaCecília-g6j,🫦🫦🫦🫦🫦🫦🫦🫦🫦,0,2024-10-06T20:31:40Z,2024-10-06T20:31:40Z
UgwQ90l-KwiEaQblvqp4AaABAg,,False,@XVRMIRANDA,OMG AERIIII 👑🔥✨,0,2024-10-06T20:30:10Z,2024-10-06T20:30:10Z
UgzxbkFUZP7ZO6iZ9vB4AaABAg,,False,@Tr0lazaa,GRRR GISELLE MARRY ME,0,2024-10-06T20:22:13Z,2024-10-06T20:22:13Z
UgyHEnqtevY5c6HeZV14AaABAg,,False,@lumimsp,Holy frick,0,2024-10-06T20:22:10Z,2024-10-06T20:22:10Z
UgyriGB9GF_iAMJrEB94AaABAg,,False,@Thomas-xc6sq,🔥🔥,0,2024-10-06T20:20:54Z,2024-10-06T20:20:54Z
UgxJmZFqj2eCdv6JrN14AaABAg,,False,@PinkPrincess-fz8tt,I feel like this will be her era,2,2024-10-06T20:16:14Z,2024-10-06T20:16:14Z
Ugyz7LiO42exywA7Ebd4AaABAg,,False,@bambikyun3320,Holy moly,0,2024-10-06T20:14:16Z,2024-10-06T20:14:16Z
UgwKV7hFM7cdq44_w-94AaABAg,,False,@tobiasbacca6944,MADREEE eso es lo que sos Giselle,0,2024-10-06T20:12:29Z,2024-10-06T20:12:29Z
UgymdBMkoNQEBnSvmwF4AaABAg,,False,@tatianecarmo684,Mds... Como esta linda❤,0,2024-10-06T20:09:05Z,2024-10-06T20:09:05Z
UgzPV8kbfMvwT81t94t4AaABAg,,False,@dennisblidzy,Omg Giselle !!! What a Woman!!,0,2024-10-06T20:06:36Z,2024-10-06T20:06:36Z
UgyTdgv5MY5vQCIy_Ax4AaABAg,,False,@mimiimartaus,BEST,0,2024-10-06T20:05:44Z,2024-10-06T20:05:44Z
UgwsLRpIWufOFI4lQbx4AaABAg,,False,@wnxnin8472,MY GOSSSSHHHH,0,2024-10-06T20:00:16Z,2024-10-06T20:00:16Z
UgziqcSyj1bD6PyM05B4AaABAg,,False,@sumayaloai8664,Where's ningning quickly!!!,2,2024-10-06T19:56:57Z,2024-10-06T19:56:57Z
UgyJ1HscU9mxxKjt1914AaABAg,,False,@mildredlopez7625,Giselle es una  💣😍🥰🥰,6,2024-10-06T19:56:34Z,2024-10-06T19:56:34Z
UgzUCDaUgmDwLRy05Mt4AaABAg,,False,@bliss7211,애리 섹시하네,1,2024-10-06T19:53:38Z,2024-10-06T19:53:49Z
Ugz4Wimv_t33Na6llc94AaABAg,,False,@Sk.20.1,사쿠라 📌,0,2024-10-06T19:53:26Z,2024-10-06T19:53:26Z
UgygQu6zkVa-aoWrO5V4AaABAg,,False,@Bp_j_je_r_L,Oh giselle🔥,2,2024-10-06T19:52:38Z,2024-10-06T19:52:38Z
UgyztkDFFiF7lUEylL14AaABAg,,False,@aespamores,"OUTUBRO VAI QUEBRAR, ELAS ESTÃO VOLTANDO 🗣️❤️‍🔥❤️‍🔥

GISELLE, MULHERÃO DA POHA ❤❤",2,2024-10-06T19:51:58Z,2024-10-06T19:51:58Z
Ugz8mZ_LS44qtpQXMmx4AaABAg,,False,@我会活下去,I love you 😤,0,2024-10-06T19:49:04Z,2024-10-06T19:49:04Z
UgzKJMSve-v-v_Yq3xN4AaABAg,,False,@weirdowego,MOTHERSELLE,0,2024-10-06T19:47:10Z,2024-10-06T19:47:10Z
UgxJ0PAyHwKCVb7jYWh4AaABAg,,False,@Lalynda_,STUNNING 🔥🔥🔥🔥🔥🔥🔥,0,2024-10-06T19:45:12Z,2024-10-06T19:45:12Z
Ugw7fPTYEusDWR4EOnR4AaABAg,,False,@Nno0oel,ATE,0,2024-10-06T19:44:56Z,2024-10-06T19:44:56Z
Ugx5muZGWCblxhvFC314AaABAg,,False,@matizzzk,MI MUJER,0,2024-10-06T19:43:04Z,2024-10-06T19:43:04Z
UgydfIzscUQPOOekdGB4AaABAg,,False,@matizzzk,QUE HERMOSAAAA😭💓,0,2024-10-06T19:42:56Z,2024-10-06T19:42:56Z
Ugzj-8s2q1dWGMkCQap4AaABAg,,False,@akihironoa,MOTHERSELLEEEEE,0,2024-10-06T19:41:23Z,2024-10-06T19:41:23Z
Ugww1s-C0j6RotM6GzF4AaABAg,,False,@Aeri.luvvvv,I'M SO BUYING THAT ALBUM AND PRAYING FOR A GIGI PC,0,2024-10-06T19:40:59Z,2024-10-06T19:40:59Z
UgyG63mfRmNRe2UqY4d4AaABAg,,False,@Aeri.luvvvv,GISELLE THE WOMAN YOU ARE,0,2024-10-06T19:39:26Z,2024-10-06T19:39:26Z
Ugw0i0lwXVA0XWMSKbl4AaABAg,,False,@Aeri.luvvvv,MY GORGEOUS,0,2024-10-06T19:39:11Z,2024-10-06T19:39:11Z
UgxFdNYdLPpZ4JhEYol4AaABAg,,False,@Shahinaz.17,#kurdishexol,1,2024-10-06T19:38:49Z,2024-10-06T19:38:49Z
UgxfJtGseFkZjiWXdBV4AaABAg,,False,@Shahinaz.17,#kurdishnctzen,1,2024-10-06T19:38:43Z,2024-10-06T19:38:43Z
UgxjQu612Z1MjAs1AgV4AaABAg,,False,@Shahinaz.17,#kurdishmy,1,2024-10-06T19:38:36Z,2024-10-06T19:38:36Z
UgwiKh-LvMLSCZCv9u14AaABAg,,False,@Shahinaz.17,MOMY GISELLE IS BACK !!!!,14,2024-10-06T19:38:24Z,2024-10-06T19:38:24Z
UgwgrEEkaSuXky-zbUt4AaABAg,,False,@ladykastseye,BARK,0,2024-10-06T19:37:04Z,2024-10-06T19:37:04Z
UgwvrFQ7s8YvEOppfr54AaABAg,,False,@Nomatterill,She looks so cool,2,2024-10-06T19:33:58Z,2024-10-06T19:33:58Z
UgyAOghRT6an2nx6sYN4AaABAg,,False,@ooo0553,Giselle looks amazing,0,2024-10-06T19:32:21Z,2024-10-06T19:32:21Z
Ugwx6LvOZHOPWA--ptp4AaABAg,,False,@filq66,My Japanese queen is baaack👑👑👑,0,2024-10-06T19:32:19Z,2024-10-06T19:32:19Z
UgzeLQpKp_aV4tq3BTh4AaABAg,,False,@Ponchik328,Giselle is something else!,0,2024-10-06T19:29:44Z,2024-10-06T19:29:44Z
Ugy6_NiTXb727OlMrBB4AaABAg,,False,@defikha658,WOWWW,0,2024-10-06T19:27:16Z,2024-10-06T19:27:16Z
Ugy7uyS93sv24HE7pAV4AaABAg,,False,@lolololoo12,MOTHERR,0,2024-10-06T19:23:54Z,2024-10-06T19:23:54Z
UgwNW6I5MLxSWz7nGRl4AaABAg,,False,@henifrimesha5177,WOW GISELLE 🔥,21,2024-10-06T19:20:51Z,2024-10-06T19:20:51Z
Ugyh3f6x_sh9l0faMip4AaABAg,,False,@Izzy12cxq,GISELLE ALWAYS EAT,2,2024-10-06T19:17:54Z,2024-10-06T19:17:54Z
UgzDpibqNipI58NHaqN4AaABAg,,False,@nathalie0327ify,She came to eat and DEVOURED ❤❤❤,2,2024-10-06T19:16:37Z,2024-10-06T19:16:37Z
UgxRg_WqWGiOyCXIca94AaABAg,,False,@VanNistxenrooy,omFG,0,2024-10-06T19:14:20Z,2024-10-06T19:14:20Z
Ugya-bcDip_D2uKxsct4AaABAg,,False,@Ginywolf,Woooooow!!! 🤌🖤✨,1,2024-10-06T19:07:28Z,2024-10-06T19:07:28Z
UgzOaajkaC660dfC_gF4AaABAg,,False,@Jichuunniem,She is so beautiful💕😭,3,2024-10-06T19:06:45Z,2024-10-06T19:06:45Z
UgwviPwYJRLqHqMpFxl4AaABAg,,False,@Judithleee,젤이는 춘장립도 소화하네.....🖤,1,2024-10-06T19:05:34Z,2024-10-06T19:05:34Z
UgyJLRS3dfSL0TvH_Jd4AaABAg,,False,@miluminni,"rabuselle, vc é incrível, vc arrasa",12,2024-10-06T19:02:23Z,2024-10-06T19:02:23Z
UgyJLRS3dfSL0TvH_Jd4AaABAg.A9GIs3qA5frA9GNKzP6xZ-,UgyJLRS3dfSL0TvH_Jd4AaABAg,True,@terroreaespa,AVISA,0,2024-10-06T19:41:25Z,2024-10-06T19:41:25Z
Ugz1zyamHzOVbYqpQAZ4AaABAg,,False,@aesfnby,SHE WILL OWN THIS ERA,1,2024-10-06T19:02:18Z,2024-10-06T19:02:18Z
Ugy52qHAn0Cfcna18al4AaABAg,,False,@dnxdiana,"NEW ERA OF GISELLE, ILOVEIT🩷",11,2024-10-06T18:57:27Z,2024-10-06T18:57:27Z
Ugw0LKBP971IItoKc1h4AaABAg,,False,@DAS1VU,GISELEE?! OMG ❤,12,2024-10-06T18:55:55Z,2024-10-06T18:55:55Z
UgzAjpFXPawH7d1n23V4AaABAg,,False,@imabusyman,GISELLE THE WOMAN YOU ARE,19,2024-10-06T18:54:45Z,2024-10-06T18:54:45Z
UgxJye1nv6zdb0DAMi94AaABAg,,False,@hgphzz5916,"GISELLE SLAYY , GISELLE ATE",1,2024-10-06T18:53:12Z,2024-10-06T18:53:12Z
Ugygez6L6so4rFxSqXt4AaABAg,,False,@editash1314,Giselle will slay with this pink hair😭💖,4,2024-10-06T18:50:28Z,2024-10-06T18:50:28Z
UgwmA5MvKuQwzK3rxal4AaABAg,,False,@larissatrajano5065,GISELLE DE CABELO ROSA❤️✨✨✨🎉🎉❤️💗💗💖,1,2024-10-06T18:49:56Z,2024-10-06T18:49:56Z
UgzcYDo_vSiE9LaN4Hl4AaABAg,,False,@SilicaDust-v1f,Omg!!!,1,2024-10-06T18:48:38Z,2024-10-06T18:48:38Z
Ugw8QvsLuNYFFuDT3WJ4AaABAg,,False,@Carol-qq3ie,OMGGGGG GISELLEEEEEEE,5,2024-10-06T18:46:59Z,2024-10-06T18:46:59Z
UgxqHl47vPuu48_t2E14AaABAg,,False,@greatamber55,THATS. MY. GISELLE.,1,2024-10-06T18:45:38Z,2024-10-06T18:45:38Z
UgypYbn3aABLWsrtK8p4AaABAg,,False,@نازشیرین,MOTHER🔥🔥🔥🔥,0,2024-10-06T18:41:59Z,2024-10-06T18:41:59Z
UgyRqA_sGN0hC3IMR8h4AaABAg,,False,@ProjectSydney,QUEEN GIGI,13,2024-10-06T18:41:54Z,2024-10-06T18:41:54Z
Ugy4GvnztgJZBEeW0qt4AaABAg,,False,@susanagisselasanchezhuacac1986,MOMMY GISELLEEEEEEEEEE,2,2024-10-06T18:38:38Z,2024-10-06T18:38:38Z
UgzjAfxwFLkWyOib4Kx4AaABAg,,False,@annysilva06,MAMÃE,4,2024-10-06T18:36:48Z,2024-10-06T18:36:48Z
UgzjAfxwFLkWyOib4Kx4AaABAg.A9GFwgShzUbA9GNMj8wQGz,UgzjAfxwFLkWyOib4Kx4AaABAg,True,@terroreaespa,!!,0,2024-10-06T19:41:40Z,2024-10-06T19:41:40Z
UgzibfkfNqeAn39O6nR4AaABAg,,False,@fukushima-soul-border,ピンク髪ええね😊,1,2024-10-06T18:36:38Z,2024-10-06T18:36:38Z
UgwQh_0mDe8G_VSMslN4AaABAg,,False,@kalleyneves,❤😅,0,2024-10-06T18:35:54Z,2024-10-06T18:35:54Z
UgwKfgc4O76xBSck_BV4AaABAg,,False,@roxpb8669,Love her ❤,2,2024-10-06T18:34:02Z,2024-10-06T18:34:02Z
UgyZNOQVZLp2J7SXmVV4AaABAg,,False,@amidiaji,MOTHER,2,2024-10-06T18:33:45Z,2024-10-06T18:33:45Z
UgwUe9UnVcG7WWgmoFV4AaABAg,,False,@estemontf,A MULHER DISPAROU,3,2024-10-06T18:31:53Z,2024-10-06T18:31:53Z
UgxShKa8Vbjp9adgTy54AaABAg,,False,@destinyray2041,Shawty give me,0,2024-10-06T18:31:32Z,2024-10-06T18:31:32Z
UgyxyXavIcoqwiBWVFl4AaABAg,,False,@tariktarik2260,❤❤❤❤ Love Love Love Love aespa 🍀🍀🍀🍀🎉🎉🎉🎉❤❤❤❤🍬🍬🍬🍬🌸🌸🌸🌸🫰🏻🫰🏻🫰🏻🫰🏻🇰🇷🇲🇦,1,2024-10-06T18:31:08Z,2024-10-06T18:31:08Z
UgxajpLLjbyQVd3A8tt4AaABAg,,False,@silvia91193,"I love Giselle.
I love aespa.",4,2024-10-06T18:29:53Z,2024-10-06T18:29:53Z
UgxEme7Yzv6wTpOTW_V4AaABAg,,False,@반건조다람쥐,"포징을 진심 너-무너무 잘한다...
진짜 퀸이세요..... 바로 이거지.. 
이번 컨셉 애리한테 진짜 착붙이야!!!",99,2024-10-06T18:28:17Z,2024-10-06T18:28:17Z
UgxObRpoA_CF82TXIox4AaABAg,,False,@Melanieedit,Wowwwww w,0,2024-10-06T18:27:50Z,2024-10-06T18:27:50Z
UgyEzdRchXVj6Cr0OzJ4AaABAg,,False,@lixie_788,mother giselle ATEE SO HARDDDD🔥🔥🔥❤‍🔥,0,2024-10-06T18:27:39Z,2024-10-06T18:27:39Z
Ugxvvrwlf_6f9wCqswZ4AaABAg,,False,@jasminpizarro6702,Gosh gigi unnie looks stunning 😊,0,2024-10-06T18:27:38Z,2024-10-06T18:27:48Z
Ugw7MoF2eg1qRs_7VwF4AaABAg,,False,@tawkw,Giselle 🔥,0,2024-10-06T18:27:29Z,2024-10-06T18:27:29Z
UgyHorFpE6THJSgQAWV4AaABAg,,False,@PeasantNerd,Wow!,0,2024-10-06T18:25:04Z,2024-10-06T18:25:04Z
Ugwj0pYESP_QdLIB6_h4AaABAg,,False,@patrik2u,OMG MY QUEEEN ❤❤😭😭,0,2024-10-06T18:22:21Z,2024-10-06T18:22:21Z
UgyKakk3wTcSaUPSwpx4AaABAg,,False,@0ayeri1,MOTHER QUEEN GISELLE,0,2024-10-06T18:21:45Z,2024-10-06T18:21:45Z
UgxPQZ7E9p4vgbSwZ2V4AaABAg,,False,@dercfts1,too kvnty for your heart❤,0,2024-10-06T18:21:36Z,2024-10-06T18:21:36Z
UgwtdRc2efmA4PgLiJ54AaABAg,,False,@Fi03-v5q,PINKSELLE😭😭🌷🌙🌙🌙,0,2024-10-06T18:21:35Z,2024-10-06T18:21:35Z
UgwyZBmspTCmJR8VEU94AaABAg,,False,@byunrisya736,Giselle🔥🔥🔥,0,2024-10-06T18:21:28Z,2024-10-06T18:21:28Z
UgwAQxKnqzWzWuBSjh54AaABAg,,False,@Fi03-v5q,MY GIRL 🌙🌙🌙,0,2024-10-06T18:21:17Z,2024-10-06T18:21:17Z
UgxW-JKm3ge2GBUuY8V4AaABAg,,False,@Fi03-v5q,NOOO😭😭😭😭,0,2024-10-06T18:20:36Z,2024-10-06T18:20:36Z
Ugw30Rn7LgJQbTkIQd14AaABAg,,False,@besbessie,SO CUTEEE,0,2024-10-06T18:20:19Z,2024-10-06T18:20:19Z
UgwxwDnXM5_Oc83Kkw94AaABAg,,False,@ricknayti,ESSA MULHER SENSUALIZANDO PRA CÂMERA ISSO NÃO É DE DEUS,0,2024-10-06T18:20:08Z,2024-10-06T18:20:08Z
UgzzAyF3e0-sRTQ8dT14AaABAg,,False,@Fi03-v5q,NO I CAN'T OMG GISELLE 😭😭😭🌙,0,2024-10-06T18:20:01Z,2024-10-06T18:20:01Z
Ugxl5Mq0k2XfUJGcI7N4AaABAg,,False,@MarionSoubeyrand-th4ej,My queennnn❤❤❤❤,0,2024-10-06T18:19:26Z,2024-10-06T18:19:26Z
UgyDJ1K_TzbENTfMHxx4AaABAg,,False,@fadilahasnaa,MISS GISELLEEEE,0,2024-10-06T18:19:25Z,2024-10-06T18:19:25Z
UgzgiRrFO3xUqyhpK8V4AaABAg,,False,@Fi03-v5q,OMG GISELLE 😭😭🌷,0,2024-10-06T18:19:13Z,2024-10-06T18:19:13Z
UgwIR_XUgEExNZmfi4Z4AaABAg,,False,@kim_jiwoo08,Як її можна не біасити?,0,2024-10-06T18:17:40Z,2024-10-06T18:17:40Z
UgxX9998AgYiglDEj7B4AaABAg,,False,@Ewwa-u9d,GODDESS,0,2024-10-06T18:17:23Z,2024-10-06T18:17:23Z
UgzzX55Ja9GMBQ0R-9J4AaABAg,,False,@nhitrieu3483,ghệ chiến nẹt bô ầm ầm 🥵❤️‍🔥,0,2024-10-06T18:16:14Z,2024-10-06T18:16:14Z
UgwvsEesyakksmiDK6d4AaABAg,,False,@sam4mj99,The SASS!! yes ma’am!!,0,2024-10-06T18:13:20Z,2024-10-06T18:13:20Z
UgzlYquT4EAGWa9ovnt4AaABAg,,False,@VanessaSantos087,RAINHA GISELLE,0,2024-10-06T18:13:07Z,2024-10-06T18:13:07Z
UgyAeFgax_tjBCjTpsl4AaABAg,,False,@cherry78808,"eis aqui a mulher que engole o próprio grupo em todos os sentidos mesmo sem nenhum benefício dentro dele e na empresa, isso chamamos de diva",0,2024-10-06T18:13:00Z,2024-10-06T18:13:14Z
UgzWBBKnMVa1NyuHqC94AaABAg,,False,@staxli143,MOTHERRR,0,2024-10-06T18:12:41Z,2024-10-06T18:12:41Z
UgwyBUm-kp3JVQf_cnF4AaABAg,,False,@nadiramendoza9931,💋💋💋💋💋,0,2024-10-06T18:11:52Z,2024-10-06T18:11:52Z
UgwdzpOFTrqROoD2uLF4AaABAg,,False,@Kiwi_Shou,GORGEOUS,0,2024-10-06T18:11:48Z,2024-10-06T18:11:48Z
UgxVlam_hs-0g-jebiB4AaABAg,,False,@Piercethelyce,Amor da minha vida,1,2024-10-06T18:09:16Z,2024-10-06T18:09:16Z
UgwP5hyRQ9RXsKb4pb14AaABAg,,False,@markqiuu,😍😍😍😍😍,0,2024-10-06T18:08:55Z,2024-10-06T18:08:55Z
UgwKjJT0sv7FmcjQKAx4AaABAg,,False,@elenaft3790,this cunty pink haiiiiiir💋💋💋,0,2024-10-06T18:06:51Z,2024-10-06T18:06:51Z
UgwnPwWH-gfpzs60ga54AaABAg,,False,@themrs.nishimura,Giselle is such a queen,0,2024-10-06T18:06:45Z,2024-10-06T18:06:45Z
Ugz3KTb3N0IQxxjCLgp4AaABAg,,False,@ohshjtt,Giselleee❤❤❤❤❤❤,0,2024-10-06T18:05:20Z,2024-10-06T18:05:20Z
Ugz6OZXYe79Fc_jnbtl4AaABAg,,False,@ALAYNAABRAR,I can't wait! ❤,0,2024-10-06T18:03:59Z,2024-10-06T18:03:59Z
UgylF5xV98lN6_T7Wv54AaABAg,,False,@xcosy_lemonx,PINK,0,2024-10-06T18:03:00Z,2024-10-06T18:03:00Z
UgzaCwAk8d28JocZYAB4AaABAg,,False,@OoMASEoO,Ooohhhh wooowwwww,0,2024-10-06T18:01:50Z,2024-10-06T18:01:50Z
UgxOOVZYgYAgdwa2hsN4AaABAg,,False,@Jaxqe,THIS IS THE GISELLE ERA,0,2024-10-06T18:00:57Z,2024-10-06T18:00:57Z
UgzgvB6ezMC9N7ZKNo94AaABAg,,False,@usagi_mary,HERMOSAA AAAH ❤❤❤❤,0,2024-10-06T17:59:25Z,2024-10-06T17:59:25Z
Ugy8G-F9Lg4KnFEIN854AaABAg,,False,@sbdsw,크리스탈이 보여,0,2024-10-06T17:59:22Z,2024-10-06T17:59:22Z
Ugw485a2f-rGD40qv6R4AaABAg,,False,@gabikpopfangirl,AESPA WILL BE ALWAYS BEST GIRL GROUP! ❤,1,2024-10-06T17:58:15Z,2024-10-06T17:58:15Z
UgzwwPssFPS4dnQbd4p4AaABAg,,False,@mirrorcleworld,Fatal hair flip,0,2024-10-06T17:57:27Z,2024-10-06T17:57:27Z
UgypYXwwF0e1TIOOjWt4AaABAg,,False,@Wonyiee,OMG OMG GISELLE LOOKS BREATH TAKING?!😻😻😻😻,0,2024-10-06T17:57:06Z,2024-10-06T17:57:06Z
UgyUZC3ZoAG4dn2Q31N4AaABAg,,False,@NayMyoNaing-p6m,mother is mothering,1,2024-10-06T17:53:54Z,2024-10-06T17:53:54Z
UgyPMqn7nrJwL5XpLCJ4AaABAg,,False,@by-my_ae,HUM HELLO !???????,0,2024-10-06T17:50:11Z,2024-10-06T17:50:11Z
UgxuJfojpk-SVOjuCMJ4AaABAg,,False,@saj.p6464,this look is everything,0,2024-10-06T17:49:50Z,2024-10-06T17:49:50Z
Ugwfp3qcaYRellEvRmF4AaABAg,,False,@saj.p6464,This is so slay,0,2024-10-06T17:49:38Z,2024-10-06T17:49:38Z
UgyboiAO5qKrOWLVZOl4AaABAg,,False,@terroreaespa,Delicious.,0,2024-10-06T17:48:06Z,2024-10-06T17:48:06Z
UgxGJhxRVQfm6PVupIp4AaABAg,,False,@terroreaespa,"THE GREATEST HAPPINESS IN MY LIFE IS HAVING YOU AS A UTT, YOU ARE A DELICIOUS LOVE.",0,2024-10-06T17:47:53Z,2024-10-06T17:47:53Z
Ugy0QKgHPlbLVkA-f7h4AaABAg,,False,@terroreaespa,🫦🫦🫦,0,2024-10-06T17:47:30Z,2024-10-06T17:47:30Z
UgynnZgiFknaHR8-k-54AaABAg,,False,@인체해부도,진짜 유죄... 안 사귀어줄 거믄서....,0,2024-10-06T17:46:50Z,2024-10-06T17:46:50Z
UgzMBZYOcxrYu9p-olp4AaABAg,,False,@ærıı3q,EARLYYYYY,0,2024-10-06T17:46:36Z,2024-10-06T17:46:36Z
UgwqVBH5f7IbVt-Wpe14AaABAg,,False,@mistyxaart5228,WINSELLE ERA I'M FEELING IT OMAGAGAGAHWBWYAJSUSKWIWN I'VE BEEN WAITING FOR CENTURIES FOR THIS,0,2024-10-06T17:46:22Z,2024-10-06T17:46:22Z
Ugwu3UgYh5fFafibBY14AaABAg,,False,@jayk4985,Hi Gigi 紫色頭髮好漂亮😍,0,2024-10-06T17:46:15Z,2024-10-06T17:46:15Z
UgzueWRAUTVkrAQio4l4AaABAg,,False,@markjosephnasayao4209,"hopefully, she gets a full rap part this time",0,2024-10-06T17:45:58Z,2024-10-06T17:45:58Z
UgzILjqqCpYj5MtQSD94AaABAg,,False,@jayla6759,WELCOME BACK MOTORSPORT NICKI,0,2024-10-06T17:45:49Z,2024-10-06T17:45:49Z
UgyEdAfYYFXYXUhr50h4AaABAg,,False,@markjosephnasayao4209,mother,0,2024-10-06T17:45:25Z,2024-10-06T17:45:25Z
UgypINowPJ65Ro68VVB4AaABAg,,False,@jenlisa6356,hot girl pinkselle🔥😍,0,2024-10-06T17:44:49Z,2024-10-06T17:44:49Z
UgwSoKwzy8DTPskt9Jx4AaABAg,,False,@vibrantk2065,Omg ....Giselle,0,2024-10-06T17:43:31Z,2024-10-06T17:43:31Z
Ugz_9GtuC6dSTgJ85_d4AaABAg,,False,@LareenELF,🩷🩷🩷,0,2024-10-06T17:43:11Z,2024-10-06T17:43:11Z
UgxhWjhYHn1jfoMxXx54AaABAg,,False,@simonbonde9123,I love this concept! Giselle slays so hard in that look,0,2024-10-06T17:43:07Z,2024-10-06T17:43:07Z
Ugx8-YRjjLD1NuhWcwx4AaABAg,,False,@Fruitloopmeowmeow,MOTHERSELLE💜💜💜💜,0,2024-10-06T17:42:56Z,2024-10-06T17:42:56Z
UgwJSqq4FNxcyRxlVAZ4AaABAg,,False,@jayk4985,Hi Gigi 這好像是廣告🪧⋯⋯,0,2024-10-06T17:42:49Z,2024-10-06T17:42:49Z
UgxDFTHnEptobigfshJ4AaABAg,,False,@0H7lzz,핑머에 블랙립 개좋다,0,2024-10-06T17:42:03Z,2024-10-06T17:42:03Z
Ugz8Sv9RZCEiZMydMEt4AaABAg,,False,@Kpopeditz_2024,Giselle looks like a dark femine queen❤🤍💗🙈,1,2024-10-06T17:40:52Z,2024-10-06T17:40:52Z
UgwtFGdgpiqjwQxPF3d4AaABAg,,False,@oreofilling1751,Giselle is coming back with straight up heat love this girl! ❤,0,2024-10-06T17:39:03Z,2024-10-06T17:39:03Z
Ugxreg8N6ILTvsEJ5TV4AaABAg,,False,@bahngchanz,THE PINK HAIR??!! OMFGGGGGGG,0,2024-10-06T17:38:44Z,2024-10-06T17:38:44Z
Ugwd2F74kCOfwBo6iY94AaABAg,,False,@giraffesmile,SHE LOOKS GORG,0,2024-10-06T17:38:19Z,2024-10-06T17:38:19Z
UgytaXtI8uUTwUZ5r6h4AaABAg,,False,@yungkrzesloxd,GISELLE MARRY ME,0,2024-10-06T17:37:31Z,2024-10-06T17:37:31Z
Ugw-WUfwiSRreLxu3gt4AaABAg,,False,@AFAF931,This year is Giselle year❤❤❤🎉🎉🎉,0,2024-10-06T17:36:52Z,2024-10-06T17:36:52Z
UgzC6LPSsUDRbNue8Tp4AaABAg,,False,@solohere...,GISELLE IS SO PRETTY,0,2024-10-06T17:36:42Z,2024-10-06T17:36:42Z
UgzrnUPY9W7LkgIAZ354AaABAg,,False,@Kpopstan_120,AAAH SHES SO PRETTYYY❤,4,2024-10-06T17:36:35Z,2024-10-06T17:36:35Z
UgwisKshVCJXjWZ8lR94AaABAg,,False,@Aespaloverr,THE PINK HAIR😍😍,0,2024-10-06T17:33:49Z,2024-10-06T17:33:49Z
UgzElCGzyvUcp4CHXRh4AaABAg,,False,@roses_are_rosisie,"LORD HAVE MERCYY, SHES GONNA GOT THIS ERA",0,2024-10-06T17:33:31Z,2024-10-06T17:33:31Z
Ugz5ldDTEyPhsK7Y6xl4AaABAg,,False,@Sedored-LuvU,Better be her era/,0,2024-10-06T17:33:10Z,2024-10-06T17:33:10Z
UgwywuGpWlp6Np-Y0px4AaABAg,,False,@roses_are_rosisie,QUEEN,0,2024-10-06T17:32:56Z,2024-10-06T17:34:45Z
UgxpuajswEnZUhlVMQx4AaABAg,,False,@Lisannix12345,1b yorum turkey fan,2,2024-10-06T17:32:22Z,2024-10-06T17:32:22Z
UgyD4tqVC0Co3WSnKDF4AaABAg,,False,@missallsundayx,Giselle- that hair flip LET ME BREATHE,0,2024-10-06T17:28:18Z,2024-10-06T17:28:18Z
UgyiZNY-gmttgAkWFPZ4AaABAg,,False,@Dinshobiel,Aaaaaaaaaa✨✨✨✨✨🫶🏻🫶🏻🫶🏻🫶🏻,0,2024-10-06T17:27:23Z,2024-10-06T17:27:23Z
UgydRHMrzNFHCf-UuKt4AaABAg,,False,@kaaaryyyy,PINK HAIR AERIIII LETS GO SHE IS SO PRETTY,0,2024-10-06T17:27:04Z,2024-10-06T17:27:04Z
UgwCLsu_YM9fqHGA7HZ4AaABAg,,False,@pebble8978,Giselle!!! 🔥,0,2024-10-06T17:25:03Z,2024-10-06T17:25:03Z
UgwUSHuUT7D-jardWKB4AaABAg,,False,@devil_myoui,Girlie is serving,0,2024-10-06T17:24:57Z,2024-10-06T17:24:57Z
Ugze3_RKKErYV_sJbu54AaABAg,,False,@fellahawu,SLAYYY,0,2024-10-06T17:22:26Z,2024-10-06T17:22:26Z
UgyOmlc9ZcErKaejXkR4AaABAg,,False,@qnhcy.25,GISELLE SO PRETTY!!OMGGG,0,2024-10-06T17:22:13Z,2024-10-06T17:22:13Z
UgxddAMRozFKMYmXpMZ4AaABAg,,False,@neptunekrl6594,She always serves,0,2024-10-06T17:19:50Z,2024-10-06T17:19:50Z
UgyXdlBw_ElQfkHQ7hF4AaABAg,,False,@sithlrd70,Breathtakingly Beautiful Giselle 💕💯 PURE AWESOMENESS and Absolutely Stunning Visuals 🥰🥵🤩🌟,0,2024-10-06T17:19:35Z,2024-10-06T17:19:35Z
UgzAmd5sZZ7qCGAKu5d4AaABAg,,False,@hyolvsminho,GISELLEEEER,0,2024-10-06T17:19:35Z,2024-10-06T17:19:35Z
Ugy5CURx4lO4_uQkXp54AaABAg,,False,@thebigjennie,GISELLE I’M ALSO GISELLE ✨💘,0,2024-10-06T17:19:30Z,2024-10-06T17:19:30Z
UgybMQiIVTeiVpJgfNN4AaABAg,,False,@naerin_009,"This very Giselle coded, our black queen 👽🎱🖤🩶",0,2024-10-06T17:19:24Z,2024-10-06T17:19:24Z
UgxCmiK1Kbacj_ZSRkh4AaABAg,,False,@annabela7032,Giselleeeee❤,0,2024-10-06T17:19:00Z,2024-10-06T17:19:00Z
UgyDFlGBR7iYiQp1F-Z4AaABAg,,False,@V1isionEntertainment,"AESPA MY'S ARE GAGGING,WHAT IS THIS?? ❤❤❤❤",0,2024-10-06T17:18:51Z,2024-10-06T17:18:51Z
Ugz8fLp0twmH29yDtFJ4AaABAg,,False,@loona_best_kpop_group,Linda,0,2024-10-06T17:18:41Z,2024-10-06T17:18:41Z
UgyHgYhG3jbz-SOtV-54AaABAg,,False,@triples24assemble,"Mother is mothering. Giselle my Love, look so gorgeous 😖",0,2024-10-06T17:18:30Z,2024-10-06T17:18:30Z
UgyYdkLDaAYMuTZdafl4AaABAg,,False,@lurianie,ouuuu that necklace BETTER be an md,0,2024-10-06T17:18:08Z,2024-10-06T17:18:08Z
UgxYZclwIn9EKVoNvvN4AaABAg,,False,@BigDealbiased,Gigi so pretty 💗💗,1,2024-10-06T17:17:41Z,2024-10-06T17:17:41Z
Ugz3oFio0jXQso2ZbNZ4AaABAg,,False,@Zerryboo,This is so her era,0,2024-10-06T17:15:27Z,2024-10-06T17:15:27Z
UgzXlMUxxuTezKFZkt94AaABAg,,False,@its.me.vanesa,Why is it screaming jojo siwa😭 I can't look at someone with black lipstick without thinking of jojo😭,1,2024-10-06T17:14:45Z,2024-10-06T17:14:45Z
UgydmjhwRCV5ARVK-M14AaABAg,,False,@sheree._.,she’s sooooo gorgeous ahhhh 💕,1,2024-10-06T17:14:40Z,2024-10-06T17:14:40Z
Ugxe7QFfrzIRllXGwmp4AaABAg,,False,@grvinderkour9353,She's on fireeee❤❤❤❤,1,2024-10-06T17:13:32Z,2024-10-06T17:13:32Z
Ugy7hbWdmsbUdocfIDh4AaABAg,,False,@jonodistefano1726,Aespa is always great and one of a kind,21,2024-10-06T17:12:12Z,2024-10-06T17:12:12Z
UgzX4DO5xBFGgA9KJ0N4AaABAg,,False,@allemanthei,GORGEOUS!,2,2024-10-06T17:11:20Z,2024-10-06T17:11:20Z
Ugya0jdAdE2WcMOCbwB4AaABAg,,False,@TinyWow-www,มาดามจือ (พี่จีเซล) สวยฉ่ำ สมเป็นสาวฮ็อต ผมชมพูก็สวยมงลง ลุคนี้คือจึ้ง เท่ สับ อยากดูแล้ววว,0,2024-10-06T17:10:40Z,2024-10-06T17:10:40Z
UgzmS0c80oJTjy5gDPp4AaABAg,,False,@mikorin3388,LUXOOOOOOOOOOO❤❤❤❤❤❤❤❤,0,2024-10-06T17:10:00Z,2024-10-06T17:10:32Z
UgyZlqdesHEdO7nbDW94AaABAg,,False,@winrinaws,MOTHER GISELLEEE,0,2024-10-06T17:09:11Z,2024-10-06T17:09:11Z
UgwcLyMms3jRheSTQn94AaABAg,,False,@reactwithmel,BEAUTIFUL 😍 😍😍😍,1,2024-10-06T17:07:37Z,2024-10-06T17:07:37Z
UgxFAVBX5W-_49Ds-z14AaABAg,,False,@JunJunMusume,"10 out of 10, honestly.",0,2024-10-06T17:07:15Z,2024-10-06T17:07:15Z
UgwPs1qt28zOMFNiEGd4AaABAg,,False,@Mai_0.0_Mai,Pink on Giselle is so pretty she is a queen❤,6,2024-10-06T17:06:24Z,2024-10-06T17:06:24Z
UgxijXItnqWeUpnuQoV4AaABAg,,False,@user-ne3eu1ug8k,지젤사마 내게오라..,0,2024-10-06T17:06:08Z,2024-10-06T17:06:08Z
UgzC-etr3p8ZA5o3GOd4AaABAg,,False,@nosabo666,:00,0,2024-10-06T17:05:52Z,2024-10-06T17:05:52Z
UgyfzWRdwJpsCmDdC4t4AaABAg,,False,@muhammadfairuz201,YESS MAM I GET IT I NEED TO BOW 😭😭😭,1,2024-10-06T17:05:33Z,2024-10-06T17:05:33Z
Ugz9YGNd1RQ0AcCUAEd4AaABAg,,False,@koncreteto2758,NINGNING please,0,2024-10-06T17:05:04Z,2024-10-06T17:05:04Z
UgxUmNXvL6D832osXnd4AaABAg,,False,@sooyaguitar,Lindaaaa,1,2024-10-06T17:04:57Z,2024-10-06T17:04:57Z
UgxZBlLsBmixjYnLBJZ4AaABAg,,False,@intanamalia1711,So gorgeous,0,2024-10-06T17:04:37Z,2024-10-06T17:04:37Z
Ugzx_bnWLG1BxcfNmjV4AaABAg,,False,@catcutee_s,BEST,0,2024-10-06T17:04:26Z,2024-10-06T17:04:26Z
UgwNccjmPVe3URPzWRJ4AaABAg,,False,@catcutee_s,ATE,0,2024-10-06T17:04:21Z,2024-10-06T17:04:21Z
Ugz0OboaOXH7EKlvkAZ4AaABAg,,False,@nzzlxy,SHE'S MOTHERING!!! YAASS SHOWER US PINK,0,2024-10-06T17:04:07Z,2024-10-06T17:04:07Z
UgyKQW9g2PRgCyaocZp4AaABAg,,False,@Kirakit3y,Giselle our cunty queen🫦,0,2024-10-06T17:03:10Z,2024-10-06T17:03:10Z
Ugzbc8Lz5iwd9s53qVF4AaABAg,,False,@oceaneangel1761,Oh my gosh the pink hair!!!!,0,2024-10-06T17:02:55Z,2024-10-06T17:02:55Z
UgwhZVT3tkYnNbzqnbZ4AaABAg,,False,@Lala-zar,Love you giselle,0,2024-10-06T17:02:54Z,2024-10-06T17:02:54Z
Ugz_Mud8RWj9v8IR1214AaABAg,,False,@shiro5427,GISELLE SLAYING SO HARD,0,2024-10-06T17:01:17Z,2024-10-06T17:01:17Z
UgwHzVZaxjvxUIY7bwJ4AaABAg,,False,@SyncedReactions,Omggg GISELLE😍,0,2024-10-06T17:00:00Z,2024-10-06T17:00:00Z
Ugz1wUrkogBuQSQGNs14AaABAg,,False,@Dydy___,Letsgo our Gigi ❤,0,2024-10-06T16:59:29Z,2024-10-06T16:59:29Z
UgxJxRY9OhNBC75d7rR4AaABAg,,False,@lepilonevert1445,Slay the hous down boots,0,2024-10-06T16:58:47Z,2024-10-06T16:58:47Z
UgyWIozAs2YhBelBNmx4AaABAg,,False,@Justinmhn,MOTHER? excuse me...🔥,0,2024-10-06T16:58:30Z,2024-10-06T16:58:30Z
UgzI7NIYngG7v1tl6tl4AaABAg,,False,@rohansinterlude,this has to be her era,1,2024-10-06T16:57:51Z,2024-10-06T16:57:51Z
UgxBmpX7jayhzX6mmmJ4AaABAg,,False,@PaulaMarcelaAlvarez,Giselle slayedddddddddd always 💕💕,2,2024-10-06T16:57:33Z,2024-10-06T16:57:33Z
UgwbPfvSfTdSj-pky7F4AaABAg,,False,@rikamesya3512,Huuuuu mommy gissel,0,2024-10-06T16:57:03Z,2024-10-06T16:57:03Z
Ugy3KzBrsMgTEnXbjwt4AaABAg,,False,@njzpam,"멋있다 ㄴ
비트는 믿듣이니까 당빠 하반기 쓸어버리고 대상 또 타라 에스파

🐸저 저기요!?

아니 뉴진스는 시방혁이 활동을 못하게 막아버렸잖아요? 
우리는 팬들이 다 파이터 되서 
지금 법원탄원서 국감 준비 이러고
있는데.. 대상 못타죠

2025년에 타면 되죠

지금 2024년은 에스파의 해린 아니 해로 만들어서 시방혁같은게 밟을수없다 는걸 보여줘여죠

진심으로 응원하고 
마이들이 하기 힘든 말 
저는 할수수수수수 수퍼노바 가 되서
할수가 있거든요

스엠이 음악 외 관리 못하는거 저도 잘 알고있습니다 ㄴ

카리나 희롱댓글만 못달게 해도 편하잖아요? 

에스파 넥스레블 시대때 1차 악플웨이브때 저는 쓸려나가는거 아닝가? 
근데 잘 버텨서 그리고 팬들관계랑 등등 아무렇지 않아서 

근데 역시 사람이 좋더라구요 생각보다 상상보다 훨씬더

-

뉴진스 라방을 보는데.. 댓글에
5명 같이 있는거만 봐도 행복하다 ㄴ
라는 글을 봤어요

자는 누군가를 나쁘게 말한적이 한번도 없이 정말로
팬채널 영상을 올리고 있는 그냥 그런
소소하고 평범한 팬이었는데

아무 죄없는 우릴 죽이려고 달려들었었죠.. 스팸은 그때 생각했습니다 ㄴ

내가 악마가 되서라도 막아내야겠다 
하지만 난 반드시 다시 돌아간다 ㄴ
보통은 날 재물로 삼아 라고 생각하는데 아니죠

뇌를 더 돌리면 되죠


챌린지 하이브가 왕따시켜서
아무도 같이 챌린지를 안해줘서
괜찮아 하면서도 어떤 소외감이
우릴 삼키려고 할때 블랙맘바를
쳐부스듯 에스파가 나와서 챌린지
해줬을때 

너무나 찬란한 느낌이었습니다 ㄴ
쉬웠다면 누군가도 했겠죠
쉬운게 아닙니다 ㄴ
절대로

그리고 에스파X뉴진스 
그냥 간지폭발 ㅈㄴ 잔인한 퀸이자 
뭐였지 종결자 

🐸🇰🇷🐰🩷

저는 팬으로 다시 반드시 돌아갈거에요..",2,2024-10-06T16:53:53Z,2024-10-06T16:53:53Z
Ugyp8LhConi_HS5cZn94AaABAg,,False,@umesareumeis,Mommy 😭😭,0,2024-10-06T16:52:20Z,2024-10-06T16:52:20Z
UgzzPPgRrZERUs0jEJt4AaABAg,,False,@albagomezalonso2363,El video es muy bueno 💗💗💗💗💗💗os adoro aespa💗😍😍💗😙😚💖💖💖❤💕💕❤❤💕💕❤,0,2024-10-06T16:52:08Z,2024-10-06T16:52:08Z
Ugzw0AV8ygFNyPIiv3R4AaABAg,,False,@juliiashkka,insane!!!!,1,2024-10-06T16:49:45Z,2024-10-06T16:49:45Z
UgwEGeAUzGLDOPvyEiB4AaABAg,,False,@silviananrzjh,WHATTTTTT GISELLE?!?!?!!!!!!!!,0,2024-10-06T16:49:29Z,2024-10-06T16:49:29Z
UgyjWqeU5NZIev_GR6N4AaABAg,,False,@forlife_lifegood,Another slay coming ❤,1,2024-10-06T16:49:10Z,2024-10-06T16:49:10Z
Ugwbdza7uxMovtQ6oiN4AaABAg,,False,@miumiu435q,black queen,0,2024-10-06T16:48:46Z,2024-10-06T16:48:46Z
UgwQyfXh2dIH6OiJ5GF4AaABAg,,False,@yumwicecakes2068,OH GISELLE THE MOTHER YOU AREE,0,2024-10-06T16:48:15Z,2024-10-06T16:48:15Z
UgwG35w_m6D_xw6ujQZ4AaABAg,,False,@Praepattcha,มาดามจือ💅🏻💅🏻💅🏻💅🏻,0,2024-10-06T16:47:45Z,2024-10-06T16:47:45Z
UgyV0paubyNYOsIF_ph4AaABAg,,False,@MrPiggy-zj9pg,🩶💜🌙,0,2024-10-06T16:47:01Z,2024-10-06T16:47:01Z
UgyiVUFs6zRsaKUlXCR4AaABAg,,False,@InVu-y9f,"SLAYED!
OMFG......",0,2024-10-06T16:47:00Z,2024-10-06T16:47:00Z
UgxII9s70ltNAGg4BpZ4AaABAg,,False,@rahimanabilah6999,"yes maam, anything for u",0,2024-10-06T16:46:55Z,2024-10-06T16:46:55Z
UgynVjTF4A456xaOH394AaABAg,,False,@mikshaaaa,CUNTSELLE IS BACK TO SLAUGTHER US ALL,0,2024-10-06T16:46:32Z,2024-10-06T16:46:47Z
UgxxB9JAqIk4mGa1R6J4AaABAg,,False,@rahimanabilah6999,CRAZILY ATTRACTIVE,0,2024-10-06T16:46:23Z,2024-10-06T16:46:23Z
UgwEuwk-g_TqE3SqXGB4AaABAg,,False,@rahimanabilah6999,BON APPETIT NOMNOMNOMNOM,0,2024-10-06T16:45:57Z,2024-10-06T16:45:57Z
UgzkkEfdUBdjQs2GfPh4AaABAg,,False,@rahimanabilah6999,"JAW DROPPING, BREATH TAKING, DROP DEAD GORGEOUS, SENSATIONAL",31,2024-10-06T16:45:36Z,2024-10-06T16:45:36Z
UgyccGipJg-zQskVDOl4AaABAg,,False,@6lyvio,"I CANT I CANT ……. I LOSE MY BREATHHH, HER PINK HAIR OMG",0,2024-10-06T16:45:21Z,2024-10-06T16:45:21Z
UgwYUkrlL2cdu6_-fvB4AaABAg,,False,@Thisisbellamisr,She ATEEE,0,2024-10-06T16:44:53Z,2024-10-06T16:44:53Z
UgyvUqaDnnWA0A2NeeV4AaABAg,,False,@rahimanabilah6999,THE LOOK + THE CONCEPT??????????,0,2024-10-06T16:44:32Z,2024-10-06T16:44:32Z
UgyuJSe5DahIpLGlu5F4AaABAg,,False,@rahimanabilah6999,애리 개 이뻐,0,2024-10-06T16:43:33Z,2024-10-06T16:43:33Z
UgyO2q-IeaN5BQQitaN4AaABAg,,False,@rahimanabilah6999,ㅎㄹ 애리..,0,2024-10-06T16:42:49Z,2024-10-06T16:42:49Z
Ugwr9lloAAqOOSYdQ-p4AaABAg,,False,@karlaemanuellesantiagocard7054,ISSO TA INCRÍVEL,1,2024-10-06T16:42:47Z,2024-10-06T16:42:47Z
Ugy9PVO_vvy6gM1vpsJ4AaABAg,,False,@rahimanabilah6999,김애리 ㄹㅈㄷ 찐짜,0,2024-10-06T16:42:28Z,2024-10-06T16:42:28Z
UgwCtYgUtKRXApYgRXZ4AaABAg,,False,@P.KS20,Damn girl!,0,2024-10-06T16:42:06Z,2024-10-06T16:42:06Z
Ugx3e1viZ91wFMjnTE54AaABAg,,False,@rahimanabilah6999,U'RE SO JULIA,1,2024-10-06T16:41:35Z,2024-10-06T16:41:35Z
Ugz7ow4LMgxX8UGW_hl4AaABAg,,False,@MarinalvaSantos-cf1dk,Hiiii❤❤❤,0,2024-10-06T16:40:24Z,2024-10-06T16:40:24Z
UgxdCcxPZRKmcNTnSF14AaABAg,,False,@cudoxiao,mãe,0,2024-10-06T16:40:02Z,2024-10-06T16:40:02Z
UgyxcpyDG0H9Z3IBS8J4AaABAg,,False,@cudoxiao,LINDÍSSIMA,0,2024-10-06T16:39:58Z,2024-10-06T16:39:58Z
UgxmA170mVkhqMW0c6N4AaABAg,,False,@rahimanabilah6999,"OUR ICON, OUR ROLE MODEL",0,2024-10-06T16:39:40Z,2024-10-06T16:39:40Z
UgwmYpTLIUsrKZSKyIt4AaABAg,,False,@sanjeevbirbal6227,GISELLE  is cute 😍 ❤❤,0,2024-10-06T16:39:30Z,2024-10-06T16:39:30Z
UgxtZCZKHQ4cBceb_Kx4AaABAg,,False,@rahimanabilah6999,HOW MANY LETTERS ARE THERE IN UCHINAGA????????,0,2024-10-06T16:39:07Z,2024-10-06T16:39:07Z
UgxGWTYu9Oy4UVNAYtB4AaABAg,,False,@trashydemon118,MOTHER.,0,2024-10-06T16:39:01Z,2024-10-06T16:39:01Z
Ugxy6eURLRDSl4_Cz9x4AaABAg,,False,@dreamagicker,*period*,0,2024-10-06T16:38:45Z,2024-10-06T16:38:45Z
UgybOeMigfN_ck4QoMh4AaABAg,,False,@rahimanabilah6999,I WANT U BAE I WANT U,0,2024-10-06T16:38:31Z,2024-10-06T16:38:31Z
UgwvD_ugaxCxjl6eWgR4AaABAg,,False,@me_hanan,Slaaaayyyyyyyyyy,0,2024-10-06T16:38:26Z,2024-10-06T16:38:26Z
Ugyr_icGQl79WZ4Xllh4AaABAg,,False,@ffvvnnaa,WIIIII,0,2024-10-06T16:38:12Z,2024-10-06T16:38:12Z
Ugzke0uCctLsQWzT1VN4AaABAg,,False,@rahimanabilah6999,SHE'S A HOT MESS,0,2024-10-06T16:38:02Z,2024-10-06T16:38:02Z
UgyxWgxDCzuFBizr8Qt4AaABAg,,False,@jenniver_g,SLAYSELLE,0,2024-10-06T16:37:34Z,2024-10-06T16:37:34Z
UgzmoKDHX3yMDdmNZ814AaABAg,,False,@rahimanabilah6999,PRETTY AND TALENTED UCHINAGA AERI IS HERE,0,2024-10-06T16:37:32Z,2024-10-06T16:37:32Z
UgxcFdW-OFN90VFQq2h4AaABAg,,False,@rahimanabilah6999,EXCUSE ME FOR STARING AT UR EYES WITHOUT PERMISSION,0,2024-10-06T16:36:35Z,2024-10-06T16:36:35Z
Ugwzf4kVnk1vblih8Yd4AaABAg,,False,@idle_cxrd,GISELLE SUPREMACY.,0,2024-10-06T16:36:24Z,2024-10-06T16:36:24Z
UgyP3q3U4PuEjiNeCnN4AaABAg,,False,@idle_cxrd,SO PRETTY AHWUEISJSIW,0,2024-10-06T16:36:16Z,2024-10-06T16:36:16Z
Ugxz6ZV9-aAClSE1A4t4AaABAg,,False,@idle_cxrd,MY WIFE,0,2024-10-06T16:36:07Z,2024-10-06T16:36:07Z
Ugyp7RfhKh7OIm794YZ4AaABAg,,False,@rahimanabilah6999,THROW THEM BACKKKKK,0,2024-10-06T16:35:25Z,2024-10-06T16:35:25Z
UgznafnWsbSzk0ea-4N4AaABAg,,False,@ppxls9589,โอ้ยยบยยยมาดามงี้นุ้ก้ตุยหมดสิคะ😭💘💋🫦🔥,1,2024-10-06T16:35:11Z,2024-10-06T16:35:11Z
UgyAVIz5gI5NY47i4-Z4AaABAg,,False,@2say541,ｱﾞｱﾞｱﾞｱﾞｱﾞｱﾞｱﾞｱﾞｱﾞｱﾞうちながさ！？！え,0,2024-10-06T16:34:33Z,2024-10-06T16:34:33Z
Ugw96joZWlXFm1kz0qJ4AaABAg,,False,@dtiaquatic,ATE,0,2024-10-06T16:34:17Z,2024-10-06T16:34:17Z
Ugw693-uz3B1oXqzboB4AaABAg,,False,@syyjvn,PINK HAIR GIGI UR AN ICON,0,2024-10-06T16:34:08Z,2024-10-06T16:34:08Z
UgzUwxsmlq4OENK6Gll4AaABAg,,False,@__LALISA__WORLDWIDENUMBERONE,"This concept really suits her so well, Giselle is just too sweet.",136,2024-10-06T16:33:52Z,2024-10-06T16:33:52Z
UgyNHtwgoVSU7Tw3cex4AaABAg,,False,@rahimanabilah6999,SHE'S ON THE NEXT LEVEL,27,2024-10-06T16:33:46Z,2024-10-06T16:33:46Z
UgydZdSEC603_ZlzRCF4AaABAg,,False,@ParkJunHa0321,넷 다 어떻게 이렇게 예뻐졌는지,33,2024-10-06T16:33:31Z,2024-10-06T16:33:31Z
UgzvTADUAXv0sTUo_yR4AaABAg,,False,@rahimanabilah6999,THATS MA GURL,2,2024-10-06T16:33:17Z,2024-10-06T16:33:17Z
Ugz6vPFcDSGGk1Jqpa14AaABAg,,False,@L....F,Wow,0,2024-10-06T16:32:23Z,2024-10-06T16:32:23Z
UgynVImQ7FzEzT-NrlV4AaABAg,,False,@Yingshixo,DROP DEAD GORGEOUS AERI OMG,4,2024-10-06T16:32:02Z,2024-10-06T16:32:02Z
UgyW3ffaHcDKNf0DpK54AaABAg,,False,@rahimanabilah6999,SM U BETTER GIVE HER A LOT OF RAP LINES,0,2024-10-06T16:31:56Z,2024-10-06T16:31:56Z
Ugx7om-Y132er9HSAR14AaABAg,,False,@jenniver_g,ICONIC,0,2024-10-06T16:31:09Z,2024-10-06T16:31:09Z
UgwQy_AFtUmyUwpyvUd4AaABAg,,False,@rahimanabilah6999,"I LIKE THE VIEW, U'RE MY VIEW",0,2024-10-06T16:30:59Z,2024-10-06T16:30:59Z
Ugz-ESUS9Wshl1AM1ol4AaABAg,,False,@rahimanabilah6999,SHE DONT NEED A MEN JUST ACCESORIES YUH,0,2024-10-06T16:29:58Z,2024-10-06T16:29:58Z
UgxewGjYBVM5jBVbbK94AaABAg,,False,@pnn2401,ピンクモリジゼル助かる,0,2024-10-06T16:29:53Z,2024-10-06T16:29:53Z
UgxW9AzTi0SkX_LlZex4AaABAg,,False,@rahimanabilah6999,THANK U FOR UR SERVICE MAMI,0,2024-10-06T16:29:25Z,2024-10-06T16:29:25Z
Ugy-w5sD-R8yBtgoTxJ4AaABAg,,False,@rahimanabilah6999,YUMMY YUMMYYY,0,2024-10-06T16:29:03Z,2024-10-06T16:29:03Z
UgzItej8oD-nOfFhWMp4AaABAg,,False,@rahimanabilah6999,지젤력,0,2024-10-06T16:28:52Z,2024-10-06T16:28:52Z
UgwJ48Rq1ACZpqmUhSF4AaABAg,,False,@__LALISA__WORLDWIDENUMBERONE,Giselle looks so intense and strong. Her pink hair is absolutely stunning.,26,2024-10-06T16:28:40Z,2024-10-06T16:28:40Z
UgwJeCuN6yB7BgUaYzl4AaABAg,,False,@rahimanabilah6999,ISTG U LOOK HOTTER AND HOTTER EVERYTIME I SEE U BABYYYY,0,2024-10-06T16:28:35Z,2024-10-06T16:28:35Z
UgyIefTr8iR5W8DjIFV4AaABAg,,False,@davey6022,OMG Giselle a vision of beauty🥰❤️,7,2024-10-06T16:27:46Z,2024-10-06T16:27:46Z
UgwShsROFRLfZE-TuKV4AaABAg,,False,@rahimanabilah6999,HI SEÑOR,0,2024-10-06T16:26:33Z,2024-10-06T16:26:33Z
UgwlNwPKD032-NGB6hV4AaABAg,,False,@Ilovecatsss_7,I feel early,0,2024-10-06T16:26:22Z,2024-10-06T16:26:22Z
Ugw_k1CS-BOYTkKC08d4AaABAg,,False,@laladainha,MAMAEEEERRR,0,2024-10-06T16:25:47Z,2024-10-06T16:25:47Z
UgyhxuDij696Ah66rfR4AaABAg,,False,@CalmnessCaree33,Damn 🔥,0,2024-10-06T16:25:12Z,2024-10-06T16:25:12Z
Ugw0v0K9l_YMtS2h8p94AaABAg,,False,@rahimanabilah6999,GIGI BRINGING CVNT TO THE TABLE,0,2024-10-06T16:24:50Z,2024-10-06T16:24:50Z
UgxQRTC3nIzpQ0MEqeh4AaABAg,,False,@hanazennie,ILYSM,0,2024-10-06T16:24:33Z,2024-10-06T16:24:33Z
Ugy9Cwjq1JV4ohnsRAB4AaABAg,,False,@toff_.7736,GISELLE?!?! HOLY MOLY THE AURA? 💋🔥,0,2024-10-06T16:24:23Z,2024-10-06T16:24:23Z
UgzDTTGOCaGZ1gZUmHR4AaABAg,,False,@hanazennie,Stunning,0,2024-10-06T16:24:19Z,2024-10-06T16:24:19Z
UgyPd0o93hw-A74pFH94AaABAg,,False,@hoiiis8249,queeeeeennnn,0,2024-10-06T16:24:11Z,2024-10-06T16:24:11Z
UgzaA7waGVpqapijNrp4AaABAg,,False,@hanazennie,OMG,0,2024-10-06T16:23:56Z,2024-10-06T16:23:56Z
UgwcOh9B0ht0Pz4l2pl4AaABAg,,False,@lanascherryflvrduche,GISELLEEEEEEEEEEEE,0,2024-10-06T16:23:52Z,2024-10-06T16:23:52Z
Ugyf9C062dXgK63V2WN4AaABAg,,False,@hanazennie,So slay,0,2024-10-06T16:23:47Z,2024-10-06T16:23:47Z
UgwbQ__vjnqFIVAQ-8h4AaABAg,,False,@pcywifie3500,giselle,0,2024-10-06T16:23:47Z,2024-10-06T16:23:47Z
UgwGe8u32kFS3hKlfb54AaABAg,,False,@pcywifie3500,pinkselle,0,2024-10-06T16:23:42Z,2024-10-06T16:23:42Z
UgxenpYvxWHuE_QJbH14AaABAg,,False,@pcywifie3500,hottyselle,0,2024-10-06T16:23:37Z,2024-10-06T16:23:37Z
UgxfYdT2cmVwOcwVFVB4AaABAg,,False,@hanazennie,I CAN'T,0,2024-10-06T16:23:34Z,2024-10-06T16:23:34Z
UgwP_upApYHoupwTqF14AaABAg,,False,@pcywifie3500,love u,0,2024-10-06T16:23:23Z,2024-10-06T16:23:23Z
UgyjW_T5Eo76sU-q_NV4AaABAg,,False,@pcywifie3500,pretty,0,2024-10-06T16:23:18Z,2024-10-06T16:23:18Z
UgxVUOb6kHz8BdZENNh4AaABAg,,False,@pcywifie3500,aeri chan,0,2024-10-06T16:23:13Z,2024-10-06T16:23:13Z
UgyCjWoXHr0UWamHYn94AaABAg,,False,@hanazennie,MOTHER,0,2024-10-06T16:23:09Z,2024-10-06T16:23:09Z
UgxMrcMEvejSf9P5Z9J4AaABAg,,False,@pcywifie3500,mommy,0,2024-10-06T16:23:05Z,2024-10-06T16:23:05Z
UgwT54LwDFrBpcdmBuh4AaABAg,,False,@lovegiselle555,好美,0,2024-10-06T16:22:57Z,2024-10-06T16:22:57Z
Ugw2g_48qaMXEoNUch94AaABAg,,False,@lincasilitonga3248,Woww,0,2024-10-06T16:22:38Z,2024-10-06T16:22:38Z
Ugxtyji9gK4BTugBM9F4AaABAg,,False,@lovegiselle555,❤❤❤,0,2024-10-06T16:22:35Z,2024-10-06T16:22:35Z
UgwCiTLlsZDTNQFWDDJ4AaABAg,,False,@hanazennie,QUEEN,0,2024-10-06T16:22:31Z,2024-10-06T16:22:31Z
UgwOCujMrHVmW7YmDal4AaABAg,,False,@cindy_23,¡¡OMGGGG GISELLE!!😮💗,0,2024-10-06T16:21:56Z,2024-10-06T16:21:56Z
Ugx1JTVtMjt_LVccS0l4AaABAg,,False,@rahimanabilah6999,"SHE'S ON FIRE, BABY",0,2024-10-06T16:21:13Z,2024-10-06T16:21:13Z
Ugx-0o1qIXoTAQpLJ3h4AaABAg,,False,@k17thæ,GISELLE THE WOMAN YOU ARE 🔥🔥🔥,6,2024-10-06T16:20:49Z,2024-10-06T16:20:49Z
UgyK--Z_YN5wI9wkz1x4AaABAg,,False,@MGS772,와우~ ♡,0,2024-10-06T16:20:29Z,2024-10-06T16:20:29Z
Ugz6MYp5DaHVeHuCphx4AaABAg,,False,@_love_lia,QUEEN,0,2024-10-06T16:19:54Z,2024-10-06T16:19:54Z
UgyTPqP5CqfU3KGCQ_V4AaABAg,,False,@cherlieskychocolate21,Giselle looks so pretty cool with her pink hair 💖,0,2024-10-06T16:19:48Z,2024-10-06T16:19:48Z
UgzDoF79cSiCbILUpWZ4AaABAg,,False,@_love_lia,SLAY,0,2024-10-06T16:19:35Z,2024-10-06T16:19:35Z
UgwbPFXuO8JLWWhEep54AaABAg,,False,@rahimanabilah6999,SHE'S SERVING CVNT YALL,0,2024-10-06T16:19:13Z,2024-10-06T16:19:13Z
UgyHbrCiuESIuF40rHN4AaABAg,,False,@unethpeduruhewa5970,🥵 that hair is fatal ❤,0,2024-10-06T16:18:56Z,2024-10-06T16:18:56Z
UgwFrb-wwQXdcDjc1e54AaABAg,,False,@rahimanabilah6999,"MMM, EVERYBODY LOOK AT ME",0,2024-10-06T16:18:11Z,2024-10-06T16:18:11Z
UgyW57jDwwMNw6lrrll4AaABAg,,False,@ImNOTtingting_MY,PINK AND CVNTY!? GISELLE THE STANDARD!! HOW CAN SOMEONE BE THIS FINE?!?! BRUHHH AERIIIIII,3,2024-10-06T16:17:59Z,2024-10-06T16:17:59Z
UgxfwCbdbfznvQ5P95F4AaABAg,,False,@rahimanabilah6999,PRETTY PRETTY,0,2024-10-06T16:17:27Z,2024-10-06T16:17:27Z
Ugx0UaJIBydFmfa0e9V4AaABAg,,False,@rahimanabilah6999,IM SORRY MOMMY??? SORRYY?????,0,2024-10-06T16:17:11Z,2024-10-06T16:17:11Z
UgwE4rg3Dp_quRlXY9R4AaABAg,,False,@movingkculture2006,WOWWWW!!!,1,2024-10-06T16:16:32Z,2024-10-06T16:16:32Z
UgxknQN2mW5OnH-iXit4AaABAg,,False,@rahimanabilah6999,SHE'S SPICYYYYY,0,2024-10-06T16:16:30Z,2024-10-06T16:16:30Z
Ugy_4Y6j-fErqx51qUR4AaABAg,,False,@whyrano825,우리 핫걸 지젤이 ㅈㄴ이뻐,7,2024-10-06T16:16:29Z,2024-10-06T16:16:29Z
UgymTzUvsaI3LQwNoUZ4AaABAg,,False,@CO-2-06,아앜..아아..너무..좋아..,15,2024-10-06T16:15:38Z,2024-10-06T16:15:38Z
UgzLLEjyN461Q_WiNFB4AaABAg,,False,@rahimanabilah6999,CUTIE JIJELLYYYY,0,2024-10-06T16:15:21Z,2024-10-06T16:15:21Z
UgzvtuQGOZFhBBCYIKZ4AaABAg,,False,@lovelickyist,OH MOTHER WE LOVE YOU,1,2024-10-06T16:15:00Z,2024-10-06T16:15:00Z
Ugxh-CecauVtNl2wd4d4AaABAg,,False,@am.hegazy7273,MOTORSPORT,0,2024-10-06T16:14:52Z,2024-10-06T16:14:52Z
Ugw0SFSFhBX_hfaUV9d4AaABAg,,False,@rahimanabilah6999,JIJEL IS A TEN OUT OF TEN HONESTLY,0,2024-10-06T16:14:36Z,2024-10-06T16:14:36Z
UgzQP2UcIsJrc_Kovn94AaABAg,,False,@sunsettes,MOTHER??????,0,2024-10-06T16:14:26Z,2024-10-06T16:14:26Z
UgwXaJJCa9fsVwYTsrB4AaABAg,,False,@rahimanabilah6999,TOKYO PRINCESS AERI,0,2024-10-06T16:13:48Z,2024-10-06T16:13:48Z
Ugw5KWJ2VoDuykJ4I8B4AaABAg,,False,@jaemren,OMFG GIGI YOU LOOK SPECTACULAR,0,2024-10-06T16:13:45Z,2024-10-06T16:13:45Z
Ugy7v_rKbrgo9OG8rOd4AaABAg,,False,@Zygarde3110,Giselle going BADDESSSSTTTT🔥🔥🔥🔥,0,2024-10-06T16:13:40Z,2024-10-06T16:13:40Z
UgwvVkFZzURtnB_y93d4AaABAg,,False,@r.l769,GISELLE,0,2024-10-06T16:13:30Z,2024-10-06T16:13:30Z
UgwhRqzAg3OCv1t3-bZ4AaABAg,,False,@rahimanabilah6999,I NEED SOME DOPAMINE AFTER WATCHING AERI,0,2024-10-06T16:13:30Z,2024-10-06T16:13:30Z
Ugxi9SkbuKbvEE-rQgl4AaABAg,,False,@aprilsday_xo,MOTHER MORHER MORHWR,0,2024-10-06T16:12:58Z,2024-10-06T16:12:58Z
Ugxi3NC4t-xVf3HWj6x4AaABAg,,False,@rahimanabilah6999,"AERI ITS UUUU, UR THE ONE I WANT",0,2024-10-06T16:12:56Z,2024-10-06T16:12:56Z
UgxwbMbIoK51o1Cw2MF4AaABAg,,False,@endofthisurface,It’s literally an ae came out into reality,1,2024-10-06T16:12:43Z,2024-10-06T16:12:43Z
UgzQHxUjvtJT7VCXdzN4AaABAg,,False,@rahimanabilah6999,"SASSY, CLASSY, BOUGIE",0,2024-10-06T16:12:32Z,2024-10-06T16:12:32Z
UgzUPJfWWYHweTahTx14AaABAg,,False,@gutzyuo,PINK HAIR GIGI AAAAAAAAAAAAAAAAAAAAAAAAAAAAAAAAAAAAAAAAAAAAAAAAA,0,2024-10-06T16:12:03Z,2024-10-06T16:12:03Z
UgzJQSXIDmEI0aF55Wd4AaABAg,,False,@anabeatricy1798,giselle mothering,0,2024-10-06T16:12:02Z,2024-10-06T16:12:02Z
Ugwo3Ua-991CGyX02yh4AaABAg,,False,@rahimanabilah6999,"I GOT U AERI, I GOT UUUU",0,2024-10-06T16:11:56Z,2024-10-06T16:11:56Z
Ugz9jZ-D-rdGivca5nx4AaABAg,,False,@rahimanabilah6999,IM ADDICTED,0,2024-10-06T16:11:23Z,2024-10-06T16:11:23Z
UgzVweM3HLxN-i62F6t4AaABAg,,False,@MoonMoonTM,OKAY QUEEN 🥵,0,2024-10-06T16:11:13Z,2024-10-06T16:11:13Z
Ugy8yLJJdtHLjpsqqMp4AaABAg,,False,@nanananaaaaaaaaaaaa,MOTHER💸,0,2024-10-06T16:11:02Z,2024-10-06T16:11:02Z
UgzNsbJ_IoUSYkEX_VR4AaABAg,,False,@rahimanabilah6999,AERI NEE–SAN,0,2024-10-06T16:10:29Z,2024-10-06T16:10:29Z
UgwD0RU6WHolk1aULe14AaABAg,,False,@フォーク-t6j,えりちゃん最高！👍❤公開が楽しみ！,2,2024-10-06T16:10:28Z,2024-10-06T16:10:28Z
UgzPUgb9kxeppljegkB4AaABAg,,False,@TrangNguyen-kv7jq,OMG,0,2024-10-06T16:10:08Z,2024-10-06T16:10:08Z
UgxKQjKCSLHdDh9B63F4AaABAg,,False,@rahimanabilah6999,UR CRAZY AERI,0,2024-10-06T16:10:00Z,2024-10-06T16:10:00Z
UgwNUgf2FIrch7U2eZ54AaABAg,,False,@crescent.t,Gigi ajsbsj I’m hyperventilating,0,2024-10-06T16:09:59Z,2024-10-06T16:09:59Z
UgwuXD3vnEB9N6qp05p4AaABAg,,False,@StrayKidsTheFutureofKpop,"I know one thing, aespa GISELLE the best idol and never dissapoints us ❤‍🔥",7,2024-10-06T16:09:55Z,2024-10-06T16:09:55Z
Ugzyse1ax0BBIlis6f94AaABAg,,False,@rahimanabilah6999,UH UH SHE'S COMINGGGG,0,2024-10-06T16:09:36Z,2024-10-06T16:09:36Z
UgykydXSOBjWG4OZWmR4AaABAg,,False,@i0180,❤GISELLE❤,0,2024-10-06T16:09:29Z,2024-10-06T16:09:29Z
Ugxz9Dtlgpr0idZcLjl4AaABAg,,False,@rahimanabilah6999,UCHINAGA AERIZZ,0,2024-10-06T16:09:02Z,2024-10-06T16:09:02Z
UgwBLLcVYEheGTBVXxh4AaABAg,,False,@rahimanabilah6999,THE RIZZLER AERI,0,2024-10-06T16:08:36Z,2024-10-06T16:08:36Z
UgwqusmrtMDmFXhqtxN4AaABAg,,False,@mixedup5858,robocam's shadow lol,0,2024-10-06T16:08:35Z,2024-10-06T16:08:35Z
UgzM--XtwBnRb5i5rpt4AaABAg,,False,@rahimanabilah6999,GIGI DO U FEEL BONITA???????,0,2024-10-06T16:08:10Z,2024-10-06T16:08:10Z
UgyrcK2noXpP4HNlLZt4AaABAg,,False,@yvrqii,SLAYYYYYYYYYY,0,2024-10-06T16:07:57Z,2024-10-06T16:07:57Z
UgyIgVgNrjmKTiqB6u14AaABAg,,False,@オラオレンジ,やばいよおおお,0,2024-10-06T16:07:48Z,2024-10-06T16:07:48Z
UgxgvBzH-sTa0CDYNt14AaABAg,,False,@rahimanabilah6999,MY AERI IS DOING GREAATTTT,0,2024-10-06T16:07:45Z,2024-10-06T16:07:45Z
Ugw3jIYXEFF3L7XLdsZ4AaABAg,,False,@livuzumaki9288,LOOK AT MY GURL AHHHHH!!!! GISELLE THE WOMAN THAT YOU ARE,0,2024-10-06T16:07:41Z,2024-10-06T16:07:41Z
UgxEa4IlXPxMNbh7wDJ4AaABAg,,False,@wlovelouise,MEU DEUSSSSSSS,0,2024-10-06T16:07:33Z,2024-10-06T16:07:33Z
UgzcubfI5wjK5N1jQit4AaABAg,,False,@rahimanabilah6999,THIS IS UCHINAGA AERI YALL,0,2024-10-06T16:07:32Z,2024-10-06T16:07:32Z
UgwrRKoBa5klhJXPbd94AaABAg,,False,@wlovelouise,GISELLE ARRASTA MINHA CARA NO ASFALTO,0,2024-10-06T16:07:25Z,2024-10-06T16:07:25Z
Ugzw9Z5CjaEhzMwWXU14AaABAg,,False,@DodoGembulGacha,0:15 Rosé what are you doing here??,6,2024-10-06T16:07:24Z,2024-10-06T16:07:24Z
Ugw54mYbHz301Y1avAZ4AaABAg,,False,@KristineApostol-hz1rb,SO HOT SO STUNNING SO GORGEOUS,0,2024-10-06T16:07:16Z,2024-10-06T16:07:16Z
UgzSfZxiWT0MOANdLjF4AaABAg,,False,@yana.n3,Почему такая красивая???,0,2024-10-06T16:07:16Z,2024-10-06T16:07:16Z
UgzyUEhhTBDzn2k28AV4AaABAg,,False,@jwde5692,minha,0,2024-10-06T16:07:13Z,2024-10-06T16:07:13Z
UgyL-_vzozlT53OQb894AaABAg,,False,@wlovelouise,THIS IS ABSOLUTLY INSANE,0,2024-10-06T16:07:09Z,2024-10-06T16:07:09Z
UgwXm_-CsCkz_aPBTwJ4AaABAg,,False,@rahimanabilah6999,MADAM I CANNOT,0,2024-10-06T16:07:08Z,2024-10-06T16:07:08Z
Ugx0m0OsWuOsT4p6ru14AaABAg,,False,@nasdabratt,Giselle’s era 😍💝,0,2024-10-06T16:06:53Z,2024-10-06T16:06:53Z
UgzuZG7aXyNdWvH9EEV4AaABAg,,False,@rahimanabilah6999,SHE'S 2 HOT 4 U,2,2024-10-06T16:06:32Z,2024-10-06T16:06:32Z
Ugy-zJbu5hSVH0bx2Dl4AaABAg,,False,@Rusabulan173,Wow,2,2024-10-06T16:06:21Z,2024-10-06T16:06:21Z
UgwusZoOtx2r-SiKJFp4AaABAg,,False,@rahimanabilah6999,UR 매력 IS UNDENIABLE,2,2024-10-06T16:06:17Z,2024-10-06T16:06:17Z
UgwaoEM1LvxukSu7m354AaABAg,,False,@Araceli-p5j,I love her pink hair,0,2024-10-06T16:05:35Z,2024-10-06T16:05:35Z
UgzlcHoXlmAWP-PMVyV4AaABAg,,False,@Dess694,Omgomg so pretty so gorgeous (pink hair+ black lips giselle = perfection),2,2024-10-06T16:05:33Z,2024-10-06T16:05:33Z
Ugy_N0W2WRMnsozxaoF4AaABAg,,False,@ae-Michael,Giselle always slay when it comes to teasers,0,2024-10-06T16:05:17Z,2024-10-06T16:05:17Z
UgxwpSMDNq2S9YTqN4R4AaABAg,,False,@rahimanabilah6999,"I FANCY U LIKE I FANCY MY JACKET POTATO, HOTTTTTT",0,2024-10-06T16:05:13Z,2024-10-06T16:05:13Z
UgwzkJ1XvblGCbLXGnF4AaABAg,,False,@NaishiYT,Giselle is so attractive….I want to marry her so bad😭,0,2024-10-06T16:04:55Z,2024-10-06T16:04:55Z
Ugxoacfz3gaY_ZUvyY54AaABAg,,False,@chacha-ke5sd,aespaのコンセプトは誰にも真似ができない♡♡♡,5,2024-10-06T16:04:46Z,2024-10-06T16:04:46Z
UgzWD1Pj0ynnBiYdRhx4AaABAg,,False,@rahimanabilah6999,I LOVE U,0,2024-10-06T16:04:45Z,2024-10-06T16:04:45Z
Ugwv57XLgUi9GoUYHB14AaABAg,,False,@rahimanabilah6999,LETS GO,0,2024-10-06T16:04:38Z,2024-10-06T16:04:38Z
Ugw3u8umSgfThaqpcap4AaABAg,,False,@АннаАнна-ф6о,"невероятная !! никто не делает это так, как она !!",0,2024-10-06T16:04:28Z,2024-10-06T16:04:28Z
UgzmDgM0wMtpTc0cVY94AaABAg,,False,@rahimanabilah6999,LORD HAVE MERCY,0,2024-10-06T16:04:03Z,2024-10-06T16:04:03Z
UgysJAV7-aX-ZRl8vZN4AaABAg,,False,@yspsrh,김애리 지젤력 드러내셨다!!,2,2024-10-06T16:03:56Z,2024-10-06T16:03:56Z
UgwQ9EA9LRDjHIqqXkB4AaABAg,,False,@rahimanabilah6999,AAYYYYYY SLOW DOWNNNNN,0,2024-10-06T16:03:39Z,2024-10-06T16:03:39Z
UgzVkhT8b_8-Zc8lIVN4AaABAg,,False,@khaingthetzaw1656,I’m so freaking excited!!!!,2,2024-10-06T16:03:26Z,2024-10-06T16:03:26Z
UgyHFrcEkAtSCBkOsaB4AaABAg,,False,@luluvi,MOTHER?,1,2024-10-06T16:03:08Z,2024-10-06T16:03:08Z
UgwhVhp1tbqynImRqdR4AaABAg,,False,@Wigsnatcher1.0,"HELLOO?, SHES THE ONLY ONE SERVING CVNT!!",1,2024-10-06T16:02:46Z,2024-10-06T16:02:46Z
UgyVvocMKOyqeNsfX4x4AaABAg,,False,@rahimanabilah6999,ITS HOT IN HERE GISELLE,4,2024-10-06T16:02:33Z,2024-10-06T16:02:33Z
UgxnZ6b6RufINfoHuCN4AaABAg,,False,@KamilaMercado-tv3px,AESPA DIOSAS DE LA 4GR,1,2024-10-06T16:02:23Z,2024-10-06T16:02:23Z
Ugyx5nU6sLAR_uoiIRJ4AaABAg,,False,@k4000,cant wait!,1,2024-10-06T16:02:17Z,2024-10-06T16:02:17Z
UgyfnTFumBlKGB52tX94AaABAg,,False,@jandxinho,🗣wooow,1,2024-10-06T16:01:50Z,2024-10-06T16:01:50Z
UgyFLdY_-MsP5nP_CkR4AaABAg,,False,@rahimanabilah6999,SIRENSELLE,1,2024-10-06T16:01:33Z,2024-10-06T16:01:33Z
UgzzAdMfqVNVJIdeOzZ4AaABAg,,False,@nashdow,Aeri chan evil princess era looks,1,2024-10-06T16:01:24Z,2024-10-06T16:01:24Z
UgwLvzqMX7eF-RxjtSN4AaABAg,,False,@rahimanabilah6999,YEA MAMI,0,2024-10-06T16:01:19Z,2024-10-06T16:01:19Z
Ugwbkd5JMlid_NNul9t4AaABAg,,False,@wonderingheights,I AM SO READY FOR THIS,0,2024-10-06T16:01:19Z,2024-10-06T16:01:19Z
Ugz0idYaC42Og8xslvJ4AaABAg,,False,@thuthao7062,So slay,0,2024-10-06T16:01:16Z,2024-10-06T16:01:16Z
Ugw0PR-w1_bxjzLWyJV4AaABAg,,False,@HumanBeing402,PINKSELLE IS THE BEST THING THAT HAPPENED 🫠🫠🫠,0,2024-10-06T16:01:10Z,2024-10-06T16:01:10Z
UgySmEu5bsXZp1LXAb94AaABAg,,False,@juliahoseok,Entregou,0,2024-10-06T16:01:03Z,2024-10-06T16:01:03Z
UgwE0z5Jk4RXaAwHxTd4AaABAg,,False,@yangyang-ij2qb,Omg 🔥🔥🔥🔥🔥so cool 👍🏻👍🏻👍🏻👍🏻👍🏻,0,2024-10-06T16:00:56Z,2024-10-06T16:00:56Z
Ugws9hKdAXhR4xBm6vR4AaABAg,,False,@Inhaevii,OKAY OMG MOTHER GIGI🤭🤭🤭,0,2024-10-06T16:00:55Z,2024-10-06T16:00:55Z
Ugyebi1MBpGapU2LliB4AaABAg,,False,@rahimanabilah6999,YOU CAN TAKE ME HOT TO GO GISELLEE,1,2024-10-06T16:00:41Z,2024-10-06T16:00:41Z
UgxCT13Hp8-iaktBJOF4AaABAg,,False,@Rikue7,Aespa always has the best concepts,30,2024-10-06T16:00:41Z,2024-10-06T16:00:41Z
UgxMjUPvDkFi-Fpnzcd4AaABAg,,False,@sa0ko434,THIS IS SICKENING OMGGGG,7,2024-10-06T16:00:31Z,2024-10-06T16:00:31Z
Ugz0t1l8PHdqg_e-Jn94AaABAg,,False,@rahimanabilah6999,GIGI'S ENERGY IS UNMATCHED,1,2024-10-06T16:00:11Z,2024-10-06T16:00:11Z
Ugxk-5dpLyZtFdkbcUF4AaABAg,,False,@PoempKim71,SO COOL WOAGHH,1,2024-10-06T16:00:05Z,2024-10-06T16:00:05Z
Ugw6fx00TlDmsoysvcN4AaABAg,,False,@yelllow1428,Queen scorpio slayed as always,1,2024-10-06T16:00:02Z,2024-10-06T16:00:02Z
Ugw8_fgVELR9-UqcDi54AaABAg,,False,@rahimanabilah6999,OUR ALLROUNDERSELLE,0,2024-10-06T15:59:51Z,2024-10-06T15:59:51Z
UgxHKm0nv6YMOAj9JaF4AaABAg,,False,@JisooisAlwaysMyMother12345,Giselle IS MY OWN D.R.A.M.A.,0,2024-10-06T15:59:26Z,2024-10-06T15:59:26Z
UgxjA7Amr3m0nwl64dJ4AaABAg,,False,@rahimanabilah6999,ILYSM GIGIIII,0,2024-10-06T15:59:19Z,2024-10-06T15:59:19Z
UgybRW7xMrxYenZrI9h4AaABAg,,False,@Berrybear_eida,Serving as always 😍❤love gigi with pink hair mother,0,2024-10-06T15:59:02Z,2024-10-06T15:59:02Z
UgzdV1euOF5EW3H3__Z4AaABAg,,False,@rahimanabilah6999,ITS GISELLE'S ERAAAAA,0,2024-10-06T15:58:39Z,2024-10-06T15:58:39Z
Ugx5TizC_2qz0kUcEkJ4AaABAg,,False,@nonistra,insane,0,2024-10-06T15:58:34Z,2024-10-06T15:58:34Z
UgwTgY4SX1wZYnrp1YB4AaABAg,,False,@rahimanabilah6999,PINKSELLEEEE,0,2024-10-06T15:58:20Z,2024-10-06T15:58:20Z
Ugwi0J2w_fLmEdCSbg14AaABAg,,False,@rahimanabilah6999,OUR TOKYO GURLY,1,2024-10-06T15:58:07Z,2024-10-06T15:58:07Z
Ugyrc2EtUiBpf7A4snh4AaABAg,,False,@rahimanabilah6999,GIGI GOT ME WEAAKKKK,1,2024-10-06T15:57:51Z,2024-10-06T15:57:51Z
UgxHvWefs8MUEHlt1JV4AaABAg,,False,@rahimanabilah6999,PURRRRRRR,1,2024-10-06T15:57:39Z,2024-10-06T15:57:39Z
UgzwKl23_pCdNA-RHJd4AaABAg,,False,@z_mksmwcz,GISELLE ❤❤,1,2024-10-06T15:57:32Z,2024-10-06T15:57:32Z
UgxsifGdik0k99fnIE14AaABAg,,False,@rahimanabilah6999,MAMI DONT,1,2024-10-06T15:57:20Z,2024-10-06T15:57:20Z
Ugw3RozQWQXhDDuXypV4AaABAg,,False,@rahimanabilah6999,THE G IN GISELLE STANDS FOR GORGEOUS,10,2024-10-06T15:56:49Z,2024-10-06T15:56:49Z
UgxdQyQ1hBuSD25aePF4AaABAg,,False,@SwibeuOfBLACKJACK,MY BIAS GISELLE IS THAT ACTUALLY YOU 😮,1,2024-10-06T15:56:48Z,2024-10-06T15:56:48Z
Ugxa3oX1SQItUXyWsex4AaABAg,,False,@rahimanabilah6999,"ITS NOT FACE CARD ANYMORE YALL, ITS FACE BANKKKKKK",1,2024-10-06T15:56:18Z,2024-10-06T15:56:18Z
UgyZqglx5PH8ytenO4F4AaABAg,,False,@sweetsugar08,AERI THIS BETTER BE YOUR ERA BABY,0,2024-10-06T15:56:00Z,2024-10-06T15:56:00Z
UgzYEhYDcUJ1-KaNTQJ4AaABAg,,False,@rahimanabilah6999,GISELLE'S AURA IS BREATHTAKING,0,2024-10-06T15:55:50Z,2024-10-06T15:55:50Z
UgzzJHqomwJ-9gLsbbl4AaABAg,,False,@sweetsugar08,IM NOT BREATHIGN OKAY,0,2024-10-06T15:55:44Z,2024-10-06T15:55:44Z
UgzCepImypXXGnwPqf94AaABAg,,False,@mrpikachu3154,😮,0,2024-10-06T15:55:43Z,2024-10-06T15:55:43Z
UgzyjsEWb6XiMcIOGF94AaABAg,,False,@hoangphita8143,Mother Giselle🫦🫦🫦🔥🔥🔥🔥,0,2024-10-06T15:55:42Z,2024-10-06T15:55:42Z
Ugx42ls_PhzlRS5gdzB4AaABAg,,False,@rahimanabilah6999,GO GISELLE GOOOO,0,2024-10-06T15:55:36Z,2024-10-06T15:55:36Z
Ugzn_LLOT_i32quv85Z4AaABAg,,False,@もぬ-j5t,まさしくhot girl💗💗,0,2024-10-06T15:55:25Z,2024-10-06T15:55:25Z
Ugz768MLsuHkGRrZxQl4AaABAg,,False,@2林,OmG cool😎,0,2024-10-06T15:55:24Z,2024-10-06T15:55:24Z
UgzQZDTdkoq8pT8Mu354AaABAg,,False,@rahimanabilah6999,GO GIRLLLLLL,0,2024-10-06T15:55:02Z,2024-10-06T15:55:02Z
Ugz90XxwFbXuTZxs-3x4AaABAg,,False,@YuaH34rt,GISELLE LOOKS SO HOT,1,2024-10-06T15:54:57Z,2024-10-06T15:54:57Z
Ugz4TIWf1kMtZH2BPVR4AaABAg,,False,@hihjowao,she's looks like krystal jung,0,2024-10-06T15:54:55Z,2024-10-06T15:54:55Z
Ugxd8UgwJ3hF_HoQEmF4AaABAg,,False,@rahimanabilah6999,U'RE TOO SPICY MAAM,0,2024-10-06T15:54:45Z,2024-10-06T15:54:45Z
UgypZoyJYj_bMzz3a6l4AaABAg,,False,@fullh4811,Bener bener plek ketiplek sama ae gisellenya,0,2024-10-06T15:54:42Z,2024-10-06T15:54:42Z
UgxlquyGi6FPSVRhHxR4AaABAg,,False,@n0t51ck3n0ugh,Mother,0,2024-10-06T15:54:42Z,2024-10-06T15:54:42Z
UgxpN-_qGqpzLD30EO94AaABAg,,False,@fullh4811,Mother,0,2024-10-06T15:54:22Z,2024-10-06T15:54:22Z
UgyQzHrd4IfP0uuNDLR4AaABAg,,False,@Ningning64y,Wowwwww❤❤❤,0,2024-10-06T15:54:16Z,2024-10-06T15:54:16Z
Ugy-tj8GaeZ0or7uzNl4AaABAg,,False,@rahimanabilah6999,지젤력,0,2024-10-06T15:54:11Z,2024-10-06T15:54:11Z
UgxlkhCfFk8MHF4benR4AaABAg,,False,@Darkgirltl,HERMOSA GISELLE ❤🎉💜,0,2024-10-06T15:54:08Z,2024-10-06T15:54:08Z
UgyGCvSTIfnw-AhtXLx4AaABAg,,False,@Yuri_ttoki,WOAWIEE,0,2024-10-06T15:54:04Z,2024-10-06T15:54:04Z
Ugzsd0FQ3xgbru-dFS14AaABAg,,False,@user-sy9og9cy6m,😍😍😍😍,0,2024-10-06T15:53:34Z,2024-10-06T15:53:34Z
Ugxt4W38VJ2GSFjnuzp4AaABAg,,False,@rahimanabilah6999,SHE'S GIVINGGGG,0,2024-10-06T15:53:33Z,2024-10-06T15:53:33Z
Ugx6PFIPWVF6sLFcY4B4AaABAg,,False,@hanpham4190,mommmm,0,2024-10-06T15:53:33Z,2024-10-06T15:53:33Z
UgwLAoiog0aM56IFm7t4AaABAg,,False,@sahilbhallaa,Stunning,0,2024-10-06T15:53:31Z,2024-10-06T15:53:31Z
Ugy2UqGQkZdWQD0MqD14AaABAg,,False,@MYoomiiii,YEOKSIII QUEEN GISELLE SAVAGE IS BACK🙇🏼‍♀️💜🔥,0,2024-10-06T15:53:26Z,2024-10-06T15:53:26Z
UgzYdKlSBqTvc-s4FY94AaABAg,,False,@rahimanabilah6999,gorjus (hold awn im trynna spell gorgeous),1,2024-10-06T15:53:15Z,2024-10-06T15:53:15Z
UgzYvCSdSym5wWSWEnt4AaABAg,,False,@ongytrungtam305,A SLAY,1,2024-10-06T15:52:56Z,2024-10-06T15:52:56Z
Ugwi0YqYH3J6o_fJpEx4AaABAg,,False,@_DreamzGaming,👀,0,2024-10-06T15:52:52Z,2024-10-06T15:52:52Z
UgzS7LDlELWldWU0arx4AaABAg,,False,@puttd8375,SLAYSELLE 🔥💅,1,2024-10-06T15:52:45Z,2024-10-06T15:52:45Z
Ugyk0uSdJtxf2AJvpLV4AaABAg,,False,@rahimanabilah6999,MISS AERI??????? MISS??????,1,2024-10-06T15:52:38Z,2024-10-06T15:52:38Z
Ugy8vRLQEIDtwCR9j214AaABAg,,False,@Iovegood,지젤력,7,2024-10-06T15:52:29Z,2024-10-06T15:52:29Z
Ugyb9kCiHdErvgloGYx4AaABAg,,False,@rahimanabilah6999,GISELLE'S TRYING TO RIZZ US UP GUYSSSS,0,2024-10-06T15:52:12Z,2024-10-06T15:52:12Z
Ugys0pPINVUQg8oQ1Eh4AaABAg,,False,@riju8194,MOTHEEEEEERRRRRAAAAAAAAAAAA,0,2024-10-06T15:51:57Z,2024-10-06T15:51:57Z
Ugwar69rvsmX67Z-57N4AaABAg,,False,@bambangyrp,Aerichan,0,2024-10-06T15:51:49Z,2024-10-06T15:51:49Z
Ugxv9Wcc5UFH1vjHixp4AaABAg,,False,@bambangyrp,Giselle,0,2024-10-06T15:51:35Z,2024-10-06T15:51:35Z
UgxzaSyQT9tUDH56CDx4AaABAg,,False,@SARA2213,Diva demais,0,2024-10-06T15:51:31Z,2024-10-06T15:51:31Z
Ugxy7iVQdBr4yXdbjcV4AaABAg,,False,@bambangyrp,Ahhhh,0,2024-10-06T15:51:14Z,2024-10-06T15:51:14Z
UgypWCRqDHqrU7CW5pV4AaABAg,,False,@rahimanabilah6999,GIGI IS THRIVINGGGG,0,2024-10-06T15:51:08Z,2024-10-06T15:51:08Z
UgwYUYcpXaQRfCZqxOh4AaABAg,,False,@imnotigorr,GISELLEEEEE,0,2024-10-06T15:50:59Z,2024-10-06T15:50:59Z
Ugw0XzI9qU6TmBJyCNh4AaABAg,,False,@indriii4,EXCUSE MEE GISELLEE,0,2024-10-06T15:50:56Z,2024-10-06T15:50:56Z
Ugz2Fu-rUsfjr6UfUHB4AaABAg,,False,@rahimanabilah6999,BLACK LIPS GIGIII,0,2024-10-06T15:50:47Z,2024-10-06T15:50:47Z
UgxgBsl9tIyqNm428Dp4AaABAg,,False,@afrikabill,Mother mothering ❤❤❤❤,0,2024-10-06T15:50:41Z,2024-10-06T15:50:41Z
Ugz4Nd7EzEaTklEG1w94AaABAg,,False,@tiameinica1178,GORG❤❤🎉🎉🎉,0,2024-10-06T15:50:27Z,2024-10-06T15:50:27Z
UgyFGo1x9gckrbcMNpF4AaABAg,,False,@nezapuja,❤❤❤❤,0,2024-10-06T15:50:21Z,2024-10-06T15:50:21Z
UgzH5UyBpVCmbsBiWst4AaABAg,,False,@1styaaq,มาดามจือเริ่ดดดอ่า,0,2024-10-06T15:50:21Z,2024-10-06T15:50:21Z
UgzGm37CoYTiyoCZVZJ4AaABAg,,False,@alyana552,PINKSELLE WE LOVE YOU,0,2024-10-06T15:50:19Z,2024-10-06T15:50:19Z
UgxNP-gah05qnupro4p4AaABAg,,False,@rahimanabilah6999,AY GIGII,0,2024-10-06T15:50:05Z,2024-10-06T15:50:05Z
Ugz4Z4onFm10rUTpIox4AaABAg,,False,@liiddw,MOTHER 🔥🔥🔥,0,2024-10-06T15:49:57Z,2024-10-06T15:49:57Z
Ugz9nRZYRmo-KeR-5Ft4AaABAg,,False,@MariaEloysamorais,"Maravilhosa , linda demais ❤❤❤",1,2024-10-06T15:49:54Z,2024-10-07T15:44:01Z
UgzRmNC9dTkmJchxza14AaABAg,,False,@Clinds_Diary,Giselllleeee my aespa rap queeeeennn❤❤❤,0,2024-10-06T15:49:50Z,2024-10-06T15:49:50Z
UgwYuZsy2hNJnCzScyd4AaABAg,,False,@rahimanabilah6999,OUR MAIN RAPPERRRRRR,1,2024-10-06T15:49:37Z,2024-10-06T15:49:37Z
UgwwI6QRnqO0MhuYYIJ4AaABAg,,False,@givemeatippa,SHES SO BEAUTIFUL OMGGG😻😻😻💜💜💜,7,2024-10-06T15:49:32Z,2024-10-06T15:49:32Z
UgwWjUuXF2Z-fCn1V4V4AaABAg,,False,@rahimanabilah6999,HOT GIRL GISELLEEEEE,0,2024-10-06T15:49:14Z,2024-10-06T15:49:14Z
UgzP1Quk6dTq7TY6QuR4AaABAg,,False,@aeD4RK,GISELLE GOING PINK FOR WHIPLASH ERA is really creating a ripple.... Can't wait to see her perfrom in full MV and on stages!,1319,2024-10-06T15:49:12Z,2024-10-06T15:49:12Z
UgzP1Quk6dTq7TY6QuR4AaABAg.A9FxlAiD45PA9G-GyW4h2M,UgzP1Quk6dTq7TY6QuR4AaABAg,True,@pruitv1,just everglowup aka choujimi ningverse winterosy thewoo hooned peachxtaehyung psdoyoo etc trying to look nice after being xpsd with her alts nasrun and hypeboy with which she always wants all groups to d13.,4,2024-10-06T16:11:09Z,2024-10-06T16:11:09Z
UgzP1Quk6dTq7TY6QuR4AaABAg.A9FxlAiD45PA9G-HQrPtu0,UgzP1Quk6dTq7TY6QuR4AaABAg,True,@pruitv1,not a single liike on your first comment even after 40mins so youre coming back with your alts and just got 10 in seconds which just further confirmed that no one sees you as a my.,2,2024-10-06T16:11:13Z,2024-10-06T16:11:13Z
UgzP1Quk6dTq7TY6QuR4AaABAg.A9FxlAiD45PA9G-IG_W9LH,UgzP1Quk6dTq7TY6QuR4AaABAg,True,@pruitv1,and now you got xpsd with your karinaverse alt so you got riled up and started to use your script here now too for more liikes just like how you got 20k in one jump on multiple comments at the same time in yesterdays shorts being that mental shouldnt even be possible.,2,2024-10-06T16:11:20Z,2024-10-06T16:11:20Z
UgzP1Quk6dTq7TY6QuR4AaABAg.A9FxlAiD45PA9G-_Vrje6N,UgzP1Quk6dTq7TY6QuR4AaABAg,True,@Arin_29044,​@@pruitv1 why I always saw you replying with her 😭,5,2024-10-06T16:13:50Z,2024-10-06T16:13:50Z
UgzP1Quk6dTq7TY6QuR4AaABAg.A9FxlAiD45PA9G-er13JFP,UgzP1Quk6dTq7TY6QuR4AaABAg,True,@Itzstar446,​@@pruitv1what-,3,2024-10-06T16:14:33Z,2024-10-06T16:14:33Z
Ugzb0TvGz_qePw64q6l4AaABAg,,False,@jinrose_jiro,Giselle the woman you are 🫶🏻✨🖤,0,2024-10-06T15:49:11Z,2024-10-06T15:49:11Z
UgxVPBfHf0NcAw0GV714AaABAg,,False,@rahimanabilah6999,ILY MAMI,0,2024-10-06T15:49:04Z,2024-10-06T15:49:04Z
UgySte7tETc9-CV9J814AaABAg,,False,@user-ht6mv8tr6x,Giselle I hadn't seen you well 😈,1,2024-10-06T15:48:59Z,2024-10-06T15:48:59Z
Ugwj7DdeDKeU00De_Mp4AaABAg,,False,@DanielGomez-lt9or,Perfecta ❤,1,2024-10-06T15:48:35Z,2024-10-06T15:48:35Z
UgzLZLHbq7aziLzxVXt4AaABAg,,False,@rahimanabilah6999,DEFINITION OF STUNNING,1,2024-10-06T15:48:21Z,2024-10-06T15:48:21Z
UgzsoTXmBp8mWEl8DSh4AaABAg,,False,@amanifiorentina1911,WOWWWW THATS HOTTTT,1,2024-10-06T15:48:17Z,2024-10-06T15:48:17Z
UgzN-u3UJzMKd0-pG2p4AaABAg,,False,@nezapuja,damn,2,2024-10-06T15:48:10Z,2024-10-06T15:48:10Z
Ugx8TPaW6w3IhH54qAp4AaABAg,,False,@rahimanabilah6999,MOTHERSELLE,0,2024-10-06T15:48:06Z,2024-10-06T15:48:06Z
UgyOIQycEKi2YGZSDWp4AaABAg,,False,@possesed_beans,Giselle looks amazing with the dark style and pink hair 🩷🖤✨,4,2024-10-06T15:48:00Z,2024-10-06T15:48:00Z
UgyCJPrnFSP8PbuTEgd4AaABAg,,False,@rahimanabilah6999,GIRLIEEE,0,2024-10-06T15:47:53Z,2024-10-06T15:47:53Z
UgyitnlzPvACXgxmH3N4AaABAg,,False,@jjongbibi,Mother Aeri O.O,0,2024-10-06T15:47:52Z,2024-10-06T15:47:52Z
Ugz8kpdJzeTmr-2F9Ch4AaABAg,,False,@giselle.__,OMG GISELLE,0,2024-10-06T15:47:43Z,2024-10-06T15:47:43Z
Ugz-JU-hdPYWemcjUah4AaABAg,,False,@rahimanabilah6999,DAMN GISELLE,0,2024-10-06T15:47:40Z,2024-10-06T15:47:40Z
UgzEcse1Ae5eZg_zmft4AaABAg,,False,@rahimanabilah6999,FACE CARD NEVER DECLINE,0,2024-10-06T15:47:21Z,2024-10-06T15:47:21Z
Ugw7cw_svt0HmDSYFX54AaABAg,,False,@wqddxx,Who is this DIVA💜,0,2024-10-06T15:47:15Z,2024-10-06T15:47:15Z
UgxqZMoLx5DVVMYoozB4AaABAg,,False,@joannasagasandur6865,Woyyy giselle?!!🥵🥵🔥😭,0,2024-10-06T15:47:08Z,2024-10-06T15:47:08Z
UgyN8QoXAyCiO0qOFHN4AaABAg,,False,@rahimanabilah6999,BODY TEA,0,2024-10-06T15:47:08Z,2024-10-06T15:47:08Z
UgxPpBgTfR9gbzqldj94AaABAg,,False,@fabiopires14,A maior 💥🔥,0,2024-10-06T15:47:00Z,2024-10-06T15:47:00Z
UgwCZdzSfA8ecn25G9N4AaABAg,,False,@user-oy2ry4ie5i,あーす,0,2024-10-06T15:46:47Z,2024-10-06T15:46:47Z
UgyRcLdwig3Y7u4KscV4AaABAg,,False,@rahimanabilah6999,IM NOT UR STRONGEST SOLDIER GISELLE,0,2024-10-06T15:46:44Z,2024-10-06T15:46:44Z
UgyVg-fxabknfypesp54AaABAg,,False,@rahimanabilah6999,SLOW DOWN GISELLEEE,0,2024-10-06T15:46:06Z,2024-10-06T15:46:06Z
UgzrHWKYu6uJFqvb6yZ4AaABAg,,False,@김성수-y5t,이 글에 좋아요를 누르시면 행복해집니다,0,2024-10-06T15:46:05Z,2024-10-06T15:46:05Z
UgzVt7YjM2pqTXW02vZ4AaABAg,,False,@NARA035,Моя💋,2,2024-10-06T15:46:03Z,2024-10-06T15:46:03Z
Ugwo5M1nz42djdkvoaN4AaABAg,,False,@crxiiaa,GISELLEE,0,2024-10-06T15:45:42Z,2024-10-06T15:45:42Z
Ugxg0waUH-RN2ffbby54AaABAg,,False,@darknessfallx_x,Mamãe sabe entregar visual ❤,0,2024-10-06T15:45:22Z,2024-10-06T15:45:22Z
UgxlNO5l5iRiyx9tCel4AaABAg,,False,@ioniamapping8874,GIGI BESTIE CALMDOWN.,0,2024-10-06T15:45:12Z,2024-10-06T15:45:12Z
Ugwm3mkPSV--y7S3wB94AaABAg,,False,@PuppyWint3r,Hermosa preciosa,0,2024-10-06T15:44:45Z,2024-10-06T15:44:45Z
UgxkJHQZgGdqW2obGx94AaABAg,,False,@rahimanabilah6999,THAT SILHOUETTE,0,2024-10-06T15:44:43Z,2024-10-06T15:44:43Z
Ugwn5xV5aARZxr7-0bZ4AaABAg,,False,@PuppyWint3r,TE AMO GISELLE MI MEDIA NARANJA 😭,0,2024-10-06T15:44:40Z,2024-10-06T15:44:40Z
UgyoTALW6PIkrZ1HM6h4AaABAg,,False,@aengelfrr,🤩🤩🤩,0,2024-10-06T15:44:38Z,2024-10-06T15:44:38Z
UgzzV6DVxhWHzraYMqd4AaABAg,,False,@HAILEY_HAYY,AAAAAAAHHAHAHAHAHAAHAHHAAAA,0,2024-10-06T15:44:37Z,2024-10-06T15:44:37Z
Ugwm4qzlMncYxX2qjpV4AaABAg,,False,@aengelfrr,🤯🤯🤯,0,2024-10-06T15:44:30Z,2024-10-06T15:44:30Z
Ugy7H-9xH41K_OtFlXN4AaABAg,,False,@TknbBifcnj-ly9hi,mommy🥵🥵,0,2024-10-06T15:44:30Z,2024-10-06T15:44:30Z
Ugw35S64qKc-sUvyJ-l4AaABAg,,False,@enzo.doroww,QUEENNNN,0,2024-10-06T15:44:30Z,2024-10-06T15:44:30Z
Ugz2ESodliCbGrFPnz94AaABAg,,False,@PuppyWint3r,TE AMO GIGI,0,2024-10-06T15:44:27Z,2024-10-06T15:44:27Z
UgzHnmCg_UiQjWcshK14AaABAg,,False,@aengelfrr,❤️‍🔥❤️‍🔥❤️‍🔥,0,2024-10-06T15:44:22Z,2024-10-06T15:44:22Z
UgwmtOYqIIOgo4vqsJJ4AaABAg,,False,@aengelfrr,🫦🫦🫦,0,2024-10-06T15:44:10Z,2024-10-06T15:44:10Z
UgwTeDt_W9N_x2ytkYl4AaABAg,,False,@rahimanabilah6999,MAMA,0,2024-10-06T15:44:08Z,2024-10-06T15:44:08Z
UgxmLKVBTh3LBlpiE3V4AaABAg,,False,@luvamaxava,Giselle I'm WEAK,0,2024-10-06T15:44:04Z,2024-10-06T15:44:04Z
UgxcxAm1Q2M8W3L4QD14AaABAg,,False,@aengelfrr,🔥🔥🔥,0,2024-10-06T15:44:04Z,2024-10-06T15:44:04Z
Ugw9qDTgevD3PDBODJl4AaABAg,,False,@PuppyWint3r,"Mi novia, mi todo, mi bonita, te amo, ya quiero ir al concierto de CDMX 🙌🙌🙌",6,2024-10-06T15:43:58Z,2024-10-06T15:43:58Z
UgzxDdqjwjxZ4AYwCsF4AaABAg,,False,@aengelfrr,❤❤❤❤,0,2024-10-06T15:43:58Z,2024-10-06T15:43:58Z
UgxZHRW_xAH5l5teJgh4AaABAg,,False,@rahimanabilah6999,WE LOVE U PINKSELLEE,0,2024-10-06T15:43:54Z,2024-10-06T15:43:54Z
UgxjdVUvJZ3nWN32ObV4AaABAg,,False,@rahimanabilah6999,AYYEEE,0,2024-10-06T15:43:38Z,2024-10-06T15:43:38Z
Ugxqdij1BrPzhfUiPN94AaABAg,,False,@bvnsyx,she’s so adorable 🫦🫦🫦,1,2024-10-06T15:43:36Z,2024-10-06T15:43:36Z
Ugw_vXDK2-ENp24ENt54AaABAg,,False,@nadiaalfimufidah426,GILE LU SELLLL... GISELLE OMG 🎉🎉🎉🎉,0,2024-10-06T15:43:12Z,2024-10-06T15:43:12Z
UgxEnGvDlLElo1tdrhN4AaABAg,,False,@momo_mamosa,I'm screamingg GiGii,0,2024-10-06T15:43:09Z,2024-10-06T15:43:09Z
UgwvCsmAEkhjHrnKX8Z4AaABAg,,False,@momo_mamosa,Khét lẹt z bà Chi Cheooo,0,2024-10-06T15:42:55Z,2024-10-06T15:42:55Z
UgzRmkNHHAFZ7mB5sDN4AaABAg,,False,@rahimanabilah6999,LETS GO G,0,2024-10-06T15:42:45Z,2024-10-06T15:42:45Z
UgxHVyQc3ns2eM0NVnJ4AaABAg,,False,@soisoi3068,まってててててててて、大優勝すぎるえりおんに🥹🥹🥹🥹🥹🥹🥹🥹💞💞💞💞💞💞💞💞💞💞🌙,0,2024-10-06T15:42:40Z,2024-10-06T15:42:40Z
UgxcJvm40MJxJ-n7w9p4AaABAg,,False,@syarifasyafiranisa3388,Emang boleh?,0,2024-10-06T15:42:38Z,2024-10-06T15:42:38Z
Ugz16sO_AO6iWKNnNHx4AaABAg,,False,@_itzyxxx,TE AMO HERMOSA,0,2024-10-06T15:42:38Z,2024-10-06T15:42:38Z
Ugza91wnRU39Do9GrDF4AaABAg,,False,@EternalKing-ofDeath,OH MY GOSH ❤,0,2024-10-06T15:42:36Z,2024-10-06T15:42:36Z
UgwtweGCIH5-zsUgZWN4AaABAg,,False,@_itzyxxx,GISELLEEEEEE AAAAAAAAA,0,2024-10-06T15:42:17Z,2024-10-06T15:42:17Z
Ugz51IhjTTWRtqkh25Z4AaABAg,,False,@rahimanabilah6999,AERI GOOOOO,0,2024-10-06T15:42:16Z,2024-10-06T15:42:16Z
UgztREIYE4oJNNa9RDJ4AaABAg,,False,@bimozalabim2149,"Waduhhh selllll, ampun dah🔥🔥",0,2024-10-06T15:41:55Z,2024-10-06T15:41:55Z
UgyQPanRTj3gzjxvfNx4AaABAg,,False,@staychellin5905,SLAY QUEENSELLE 🖤💋,0,2024-10-06T15:41:50Z,2024-10-06T15:41:50Z
UgwCPEf28F4Y-1A_HIB4AaABAg,,False,@wirelessdirk,"please, please let Giselle go back to her natural hair color. 
you don't mess with perfection.
that is all.",2,2024-10-06T15:41:16Z,2024-10-06T15:41:16Z
Ugx9iYJSlJ3hQ2iSIT94AaABAg,,False,@Aerisele,Who is excited for this to release 👇😃🎉,0,2024-10-06T15:40:47Z,2024-10-06T15:40:47Z
UgyDv3bnFrQuN61K-BF4AaABAg,,False,@silmiazzahra4730,HOTTT GGGG!!!!,0,2024-10-06T15:40:45Z,2024-10-06T15:40:45Z
UgycQUkvHSszdbyaIRF4AaABAg,,False,@esther3683,She ate,0,2024-10-06T15:40:42Z,2024-10-06T15:40:42Z
UgwwMiOvgMmBMkSyvVx4AaABAg,,False,@Smyhuh03,OMGGGGGGGGGGG?!!!AERII!! SLAYYYY QUEEN🔥🔥🔥🔥🔥🔥🔥,1,2024-10-06T15:40:39Z,2024-10-06T15:40:39Z
Ugw72_mkQvloeLmkotF4AaABAg,,False,@user-skkskrsjsjssjsjs6974,ㄹㅇ 티저 볼때마다 가슴이 웅장해지는 그룹은 처음본다.. 이번 컴백은 에스파가 얼마나 찢을지 기대가 된다,7,2024-10-06T15:40:25Z,2024-10-06T15:40:25Z
Ugys5AqdNH5h_Atvfvx4AaABAg,,False,@yaownznn,"WHO LOVES GISELLE?
ME OF COURSE",0,2024-10-06T15:40:10Z,2024-10-06T15:40:10Z
UgxQ9OydfudS0nyNdAR4AaABAg,,False,@bumuckpar,아니 어케 블랙립을 바르실 생각을 한건데요 아니 진짜 와..........................,17,2024-10-06T15:39:54Z,2024-10-06T15:39:54Z
UgyQbBbOOoDrar6XalF4AaABAg,,False,@seola4365,Slay 🩷 I really needed a pink wallpaper to match my new tablet case 🤩,0,2024-10-06T15:39:47Z,2024-10-06T15:39:47Z
UgyA4AtXl84sZqo19JZ4AaABAg,,False,@yaownznn,YOU ARE A QUEEN GISELLE,0,2024-10-06T15:39:44Z,2024-10-06T15:39:44Z
Ugz6U45tOX2LPLz4WwV4AaABAg,,False,@al7693,I can't they already slay 😭 QUEEN BEHAVIOR 👑,0,2024-10-06T15:39:42Z,2024-10-06T15:39:42Z
UgxzpHj-IpcPdEf53zp4AaABAg,,False,@yaownznn,GISELLE IS A QUEEN,5,2024-10-06T15:39:27Z,2024-10-06T15:39:27Z
UgzRkBwjuJBrNKypB2Z4AaABAg,,False,@hellonkitty,젤님 진심 자비 없는 거 ㅈㄴ 권위 있으심,1,2024-10-06T15:39:24Z,2024-10-06T15:39:24Z
UgxQLE0Dd5dZFIjLmgR4AaABAg,,False,@hotentertainment488,so crazyyyy,0,2024-10-06T15:39:22Z,2024-10-06T15:39:22Z
Ugx7Xze-1y7LnC7UrTt4AaABAg,,False,@ilwnora,slayyyy,0,2024-10-06T15:39:21Z,2024-10-06T15:39:21Z
UgzcFgNikyaPH8HEuGF4AaABAg,,False,@rahimanabilah6999,GO AERI GOOOOOO,0,2024-10-06T15:39:15Z,2024-10-06T15:39:15Z
UgztClQDhXSRFMhGv394AaABAg,,False,@Exhuberant,She's 2HOT4US ♨️❤,7,2024-10-06T15:39:12Z,2024-10-06T15:39:12Z
UgzwFK1tDECj1cWVlpR4AaABAg,,False,@yaownznn,"OUR FASCINATING, SUCCESFULL, BEAUTIFUL AND COOL GIRL. HOW CAN YOU BEING THEM AT THE SAME TIME",0,2024-10-06T15:39:11Z,2024-10-06T15:39:11Z
UgwXNcaJpNjDCzAufxV4AaABAg,,False,@lvsmnj,ATEATEEE TAMOOO,0,2024-10-06T15:39:02Z,2024-10-06T15:39:02Z
Ugwlot4h3piXE9SryeJ4AaABAg,,False,@bumuckpar,지젤님이 너무 고능하시잖아,52,2024-10-06T15:39:01Z,2024-10-06T15:39:01Z
UgzXGgFpAz5GfBOxpN94AaABAg,,False,@zz_029,im drooling,0,2024-10-06T15:38:59Z,2024-10-06T15:38:59Z
UgxxeRS6tgEZ79C8XFp4AaABAg,,False,@Soyeoniification,Hottiselle😍,0,2024-10-06T15:38:50Z,2024-10-06T15:38:50Z
UgxdY0aa-NMJFu6-yQF4AaABAg,,False,@lipiapioo,oh my aeri .. 😻💥,1,2024-10-06T15:38:50Z,2024-10-06T15:38:50Z
UgzLbxhImi2mGNHXhOt4AaABAg,,False,@emerald9467,GIGI MY LOVEEE OH MY GOSHHHH,0,2024-10-06T15:38:46Z,2024-10-06T15:38:46Z
Ugzw7kveg61aLWT4t5p4AaABAg,,False,@Back2BackLakers2010,Gigi !!,0,2024-10-06T15:38:30Z,2024-10-06T15:38:30Z
UgwVZ__jxT21cfIhR0Z4AaABAg,,False,@Love_L33-1,GIGI U ATEEEE,0,2024-10-06T15:38:20Z,2024-10-06T15:38:20Z
UgyO2vTROCCHUyHAXsJ4AaABAg,,False,@nvis453,I wish they made this video 1min longer,0,2024-10-06T15:38:06Z,2024-10-06T15:38:06Z
UgxJr45Ku9deAnn2BnF4AaABAg,,False,@aeD4RK,GISELLE'S PINK HAIR + MOTHER LOOK + DRAMA OUTFIT = PINKISELLE GONNA SLAY LIKE THE SLAYSELLE SHE IS!,1095,2024-10-06T15:37:49Z,2024-10-06T15:37:49Z
UgxJr45Ku9deAnn2BnF4AaABAg.A9FwSir_awiA9Fx15blxjH,UgxJr45Ku9deAnn2BnF4AaABAg,True,@pruitv4,even using your karinaverse alt to sppm more than you as if that would help you somehow.,6,2024-10-06T15:42:47Z,2024-10-06T15:42:47Z
UgxJr45Ku9deAnn2BnF4AaABAg.A9FwSir_awiA9Fx5t7YUzS,UgxJr45Ku9deAnn2BnF4AaABAg,True,@pruitv1,just everglowup aka choujimi ningverse winterosy thewoo hooned peachxtaehyung psdoyoo etc trying to look nice after being xpsd with her alts nasrun and hypeboy with which she always wants all groups to d13.,3,2024-10-06T15:43:26Z,2024-10-06T15:43:26Z
UgxJr45Ku9deAnn2BnF4AaABAg.A9FwSir_awiA9FxRpPb3vB,UgxJr45Ku9deAnn2BnF4AaABAg,True,@pruitv1,not a single liike on your first comment even after 40mins so youre coming back with your alts and just got 10 in seconds which just further confirmed that no one sees you as a my.,3,2024-10-06T15:46:26Z,2024-10-06T15:46:26Z
UgxJr45Ku9deAnn2BnF4AaABAg.A9FwSir_awiA9Fxc_0ZrBa,UgxJr45Ku9deAnn2BnF4AaABAg,True,@pruitv1,and now you got xpsd with your karinaverse alt so you got riled up and started to use your script here now too for more liikes just like how you got 20k in one jump on multiple comments at the same time in yesterdays shorts being that mental shouldnt even be possible.,3,2024-10-06T15:48:02Z,2024-10-06T15:48:02Z
UgxJr45Ku9deAnn2BnF4AaABAg.A9FwSir_awiA9G-UuZJmrz,UgxJr45Ku9deAnn2BnF4AaABAg,True,@pruitv1,another 40 liikes in one jump seconds after your last copy paste comment so you admit once more that you know that no one is on your side here.,3,2024-10-06T16:13:04Z,2024-10-06T16:13:04Z
UgxPM2RIX2pRsSgOS-F4AaABAg,,False,@chickenhotdog6741,MOTHER AERI,0,2024-10-06T15:37:39Z,2024-10-06T15:37:39Z
UgwFPPKjp4rO3hbCnlN4AaABAg,,False,@nvis453,4th gen leader  👑,1,2024-10-06T15:37:27Z,2024-10-06T15:37:27Z
Ugy6t3prV2ejhV21eJF4AaABAg,,False,@PuppyWint3r,QUE PRECIOSA A LA VERGA LA MÁS HERMOSA CÓMO TE AMO GISELLEEE TE AMO TE AMOOOOOOOO,1,2024-10-06T15:37:13Z,2024-10-06T15:37:13Z
Ugzeyo0Je1e4OcKGcnV4AaABAg,,False,@VIMICISUKT,Trabajo regular integral logrando giselle 💜👑,6,2024-10-06T15:37:00Z,2024-10-06T15:37:00Z
UgxAqUt4Y0HLb00e1IZ4AaABAg,,False,@zahraarvinindita,pretty giselle ❤,1,2024-10-06T15:36:50Z,2024-10-06T15:36:50Z
Ugx06h8ZgVQY7SchjRV4AaABAg,,False,@zahraarvinindita,i love you giselle ❤,1,2024-10-06T15:36:43Z,2024-10-06T15:36:43Z
UgyKPauvWA2jBOk8i1N4AaABAg,,False,@whereisfaith,mothherrrr,0,2024-10-06T15:36:31Z,2024-10-06T15:36:31Z
UgzJKv4JW4ax2JoXTuJ4AaABAg,,False,@Yexizwan,I LOVE THIER CYBERPUNK AESTHETIC😭,0,2024-10-06T15:36:13Z,2024-10-06T15:36:13Z
UgyouFX1PKCk3Kg3X_l4AaABAg,,False,@jendeuk143,The pink hair??? The song isn't out yet but she already ate.,0,2024-10-06T15:36:13Z,2024-10-06T15:36:13Z
UgzoR1AetZl-EzDcgAN4AaABAg,,False,@samueltrujillosanchez2309,THIS IS SOO UNREAL 😍😍😍😍😍,1,2024-10-06T15:36:10Z,2024-10-06T15:36:10Z
Ugz1awsgVG48P7Bnclx4AaABAg,,False,@zeddnl6514,Oh this is her era TRUST,0,2024-10-06T15:36:08Z,2024-10-06T15:36:08Z
Ugwz2Hm6YFEIq6MfZWZ4AaABAg,,False,@lilshenvert9250,go off rosé!!!!!!,0,2024-10-06T15:35:58Z,2024-10-06T15:36:27Z
UgwZF5SjJh8wozQyA6t4AaABAg,,False,@maykelposumah6886,Gisel menyala,0,2024-10-06T15:35:50Z,2024-10-06T15:35:50Z
UgyQnr2wFRFCpC_dMO94AaABAg,,False,@rizzo_is_somebody,"심각하게 기대되는 위플래시..컨셉 돌았고 메이크업 돌았고 .. 에스파 계속 이렇게 다양한 도전해줘 팬질하기가 너무 재밌다,,",0,2024-10-06T15:35:47Z,2024-10-06T15:35:47Z
UgzCpNFHlavBpmFRjf94AaABAg,,False,@sornhee2357,"WATCH YOUR MAN, THE YOU SHOULD WATCH YOUR MOUTH",1,2024-10-06T15:35:39Z,2024-10-06T15:35:39Z
Ugwi55l_wWXthZzzcbV4AaABAg,,False,@recarecord,MAMAHH😵‍💫😵‍💫😵‍💫,7,2024-10-06T15:35:11Z,2024-10-06T15:35:11Z
Ugw_MNf2ylaVC84GPtl4AaABAg,,False,@ppitadea,MOMMY,1,2024-10-06T15:35:11Z,2024-10-06T15:35:11Z
UgybamL4bL69okSaEkF4AaABAg,,False,@karll270,Looking at Giselle in new hair made me smile uncontrollably,25,2024-10-06T15:35:09Z,2024-10-06T15:35:09Z
UgzSU8mGtXUFM4Jrwrl4AaABAg,,False,@recarecord,crystal banget cikk,1,2024-10-06T15:34:49Z,2024-10-06T15:34:49Z
UgxYNFCH0pbo-YhS1ah4AaABAg,,False,@ximenafalcon332,Te amo mi reina preciosa gigi,5,2024-10-06T15:34:47Z,2024-10-06T15:34:47Z
UgyGgxsqyot8cUwt4T94AaABAg,,False,@nvis453,Im hoping for full rap vers 🔥,1,2024-10-06T15:34:42Z,2024-10-06T15:34:42Z
UgyGgxsqyot8cUwt4T94AaABAg.A9Fw6-HtCImA9G6qvZ7J3A,UgyGgxsqyot8cUwt4T94AaABAg,True,@aeriismine,Me too,0,2024-10-06T17:17:22Z,2024-10-06T17:17:22Z
UgwG8m_KnFpyp10W0fp4AaABAg,,False,@ximenafalcon332,If this aint her era ill be doing some  things to SM,1,2024-10-06T15:34:33Z,2024-10-06T15:34:33Z
UgxvqKGCFvidYPnpIZR4AaABAg,,False,@Mynniiee,"GOSTOSAAAAA, ELA É MINHAA MÃE MEU DEUS. EU TE AMO GISELLE ❤❤❤❤❤❤❤❤❤❤❤❤❤❤❤❤",1,2024-10-06T15:34:31Z,2024-10-06T15:34:31Z
UgxA5Li5OObt0Ls6ofN4AaABAg,,False,@riski5670,Wow,0,2024-10-06T15:34:30Z,2024-10-06T15:34:30Z
UgyLsjkFU3BkEWJWbjN4AaABAg,,False,@soulfulleigh,This is definitely her ERA!!!,3,2024-10-06T15:34:25Z,2024-10-06T15:34:25Z
Ugz1WiVNxH1QZX02Ok14AaABAg,,False,@hi_j5730,TRỜI ĐẤT ƠII ĐẸP PHÁT ĐIÊN LÊN MẤT THÔIIII!! VỊU Ơ CỦA ELMMM💗💗,4,2024-10-06T15:34:24Z,2024-10-06T15:34:24Z
UgzWBu1rxgBenp31uaN4AaABAg,,False,@JenifferSilva-d9b,LINDA E MINHA,0,2024-10-06T15:34:21Z,2024-10-06T15:34:21Z
UgzG-s3YQ2RjbMgIhFh4AaABAg,,False,@Faeri-desu,MOTHERS GISELLE😭😭😭💕,0,2024-10-06T15:34:10Z,2024-10-06T15:34:10Z
UgzKHCoTzhWRXiu_vPN4AaABAg,,False,@Alltownisred,GISELLE 🔥🔥🔥🔥,3,2024-10-06T15:33:20Z,2024-10-06T15:33:20Z
UgxXXiDflO8BoOHZE614AaABAg,,False,@juliak2728,damnnn girl,1,2024-10-06T15:33:09Z,2024-10-06T15:33:09Z
UgxjCni6cK_SNwxf4Kp4AaABAg,,False,@hellonkitty,걍 말도 안 나옴 말도 안 됨 걍 이게 와,0,2024-10-06T15:32:35Z,2024-10-06T15:32:35Z
UgxBXl45gSkJlknl_GJ4AaABAg,,False,@nvis453,I'm so proud!!,3,2024-10-06T15:32:33Z,2024-10-06T15:32:33Z
Ugxu7C6dOsJD7KNwI2B4AaABAg,,False,@yaownznn,GISELLE IS SO BEAUTIFUL AS ALWAYS,23,2024-10-06T15:32:20Z,2024-10-06T15:32:20Z
UgyhGijZobK4VslvJUh4AaABAg,,False,@yaownznn,PINK GISELLE SLAYY,1,2024-10-06T15:31:51Z,2024-10-06T15:31:51Z
UgwOgGnV4ba8Gl1cIZ14AaABAg,,False,@josiahrubyjosh,mother is mothering,0,2024-10-06T15:31:40Z,2024-10-06T15:31:40Z
Ugxpwm-BnQgTwEX7jDZ4AaABAg,,False,@bbidloavv,OMGGG JIJELLL CANTIK BANGETTTT PLISSSSS,0,2024-10-06T15:31:38Z,2024-10-06T15:31:38Z
UgywtxKbe5vSjQWKAXp4AaABAg,,False,@AJJOTTA,GISELLEEEEEE,0,2024-10-06T15:31:34Z,2024-10-06T15:31:34Z
Ugwj2fb6-JdLwhGgOQR4AaABAg,,False,@manyunyaleplus,"MY WOMAN, I LOVE YOU. I'M PRAYING MOM!!!🙇🏼‍♀️🙇🏼‍♀️⚡",0,2024-10-06T15:31:27Z,2024-10-06T15:31:27Z
UgwrLo6qhI9jBEp3YHp4AaABAg,,False,@megustachan,Dios mio esta mujer es real?,0,2024-10-06T15:31:20Z,2024-10-06T15:31:20Z
Ugy7rBaAD5cyOoLCNXl4AaABAg,,False,@manyunyaleplus,"MY WOMAN, I LOVE YOU. I'M PRAYING MOM!!!🙇🏼‍♀️🙇🏼‍♀️⚡",7,2024-10-06T15:31:19Z,2024-10-06T15:31:19Z
Ugw8MrsQElpr7erifH54AaABAg,,False,@KaizenCH08,핑크머리 에리 너무 예쁘고 매력적이야 💖,125,2024-10-06T15:31:17Z,2024-10-06T15:31:17Z
Ugx2oLrXliT6fvyvBkx4AaABAg,,False,@andrezapata5,MOTHER IS MOTHERING,0,2024-10-06T15:31:13Z,2024-10-06T15:31:13Z
Ugxm_WpcKz4frt62UWp4AaABAg,,False,@Jimin_BTS11,Giselle pink hair,0,2024-10-06T15:31:11Z,2024-10-06T15:31:11Z
Ugw5vB5RORbAipfWdcx4AaABAg,,False,@winning976,they werent lying when ning said our comeback will be completely different style,1,2024-10-06T15:31:08Z,2024-10-06T15:31:08Z
Ugw5vB5RORbAipfWdcx4AaABAg.A9FvgmBdGA_A9Fw-HcglNA,Ugw5vB5RORbAipfWdcx4AaABAg,True,@nvis453,But with a touch of Aespa cuz this is so Aespa 😭🔥,0,2024-10-06T15:33:48Z,2024-10-06T15:33:48Z
Ugwas3fKYCqZBKHNp5p4AaABAg,,False,@kutakix,giselle really owns this era. her pink hair really shines and is the highlight of this era. hope we get her full rap line moment bc ISTG,263,2024-10-06T15:30:58Z,2024-10-06T15:30:58Z
UgwgfsBbriVyonUgCp54AaABAg,,False,@yaownznn,"OUR GISELLE IS EVERYTIME BEAUTIFUL, COOL AND SUCCESFULL IDOL",20,2024-10-06T15:30:56Z,2024-10-06T15:30:56Z
UgxsEAHi9fJ0CsKZZG14AaABAg,,False,@andrezapata5,TE AMO,0,2024-10-06T15:30:32Z,2024-10-06T15:30:32Z
UgzYyMQ90kPQuOwpBPZ4AaABAg,,False,@Pearl_25-10,so cool ❤❤,0,2024-10-06T15:30:31Z,2024-10-06T15:30:31Z
UgzVABvMg91Xqg08s894AaABAg,,False,@arena_asada,Giselle looks so beautiful 💗💗🔥🔥,2,2024-10-06T15:29:59Z,2024-10-06T15:29:59Z
UgzsFu1IF-SnL1nYs554AaABAg,,False,@noemi5082,ピンク可愛い❤❤❤❤新しいビジュ見せてくれてありがとう,1,2024-10-06T15:29:59Z,2024-10-06T15:29:59Z
Ugz4pHJhR_J16TCgdZ14AaABAg,,False,@nadariyani1922,Giselle 🥰,1,2024-10-06T15:29:56Z,2024-10-06T15:29:56Z
Ugzq-047cuFTNc9fAPh4AaABAg,,False,@reverb2665,Since when was Nicki Minaj  a aespa member?,1,2024-10-06T15:29:26Z,2024-10-06T15:29:26Z
Ugzq-047cuFTNc9fAPh4AaABAg.A9FvVMsk79cA9FvoMlPzZx,Ugzq-047cuFTNc9fAPh4AaABAg,True,@BilalElmoutiq,😂,0,2024-10-06T15:32:10Z,2024-10-06T15:32:10Z
Ugxjh5zFqCyQQCfILo54AaABAg,,False,@ws836,지젤❤❤❤❤❤❤❤,2,2024-10-06T15:29:23Z,2024-10-06T15:29:23Z
UgwL0qXff5wo5AFrq5x4AaABAg,,False,@wonbiniee,DAMN GISELLE YOURE SO COOL,5,2024-10-06T15:29:15Z,2024-10-06T15:29:15Z
UgwzJ-w2yOfO5mkUMdB4AaABAg,,False,@Aespamyaekarina,I love this concept!!!! ❤,1,2024-10-06T15:29:15Z,2024-10-06T15:29:15Z
Ugx-JIOmdmVElROMxJR4AaABAg,,False,@Aliathedumbo,IM EARLY,0,2024-10-06T15:29:09Z,2024-10-06T15:29:09Z
UgykRbsSg8hapZw9FC54AaABAg,,False,@이준석-m3j,노래 언제 나오냐,0,2024-10-06T15:29:04Z,2024-10-06T15:29:04Z
UgzOJevTzZQhTJFVURh4AaABAg,,False,@cnkarsn,MOmmyy🫡,0,2024-10-06T15:28:55Z,2024-10-06T15:28:55Z
Ugx9gcCe4npr_SgtS_d4AaABAg,,False,@indiraazalia186,Proud of you gigi❤ love u💗💗💗💗💗💗💗💗💗💗💗💗💗💗💗💗💗💗💗💗💗💗💗💗💗💗💗💗💗,10,2024-10-06T15:28:49Z,2024-10-06T15:28:49Z
UgxWzk3BZbagZzjKfIp4AaABAg,,False,@Alnuaimi678-f8u,NO COMMENT……QUEEN,0,2024-10-06T15:28:28Z,2024-10-06T15:28:28Z
UgwL-E2YdBAtFaX_RjR4AaABAg,,False,@indiraazalia186,Pretty Giselle❤❤❤❤,0,2024-10-06T15:28:21Z,2024-10-06T15:28:21Z
UgzbDM6Vl6FqJRI3hd14AaABAg,,False,@anominus-04,미친거 아님,0,2024-10-06T15:28:12Z,2024-10-06T15:28:12Z
UgxjMMf93fvbeRFzIat4AaABAg,,False,@qbabyie,GISELLE SAYANGHH,8,2024-10-06T15:28:08Z,2024-10-06T15:28:08Z
Ugxwg8FH-ju0qKneo4h4AaABAg,,False,@indiraazalia186,GIGI❤❤❤❤❤❤❤,0,2024-10-06T15:28:08Z,2024-10-06T15:28:08Z
Ugx6OwxP_AH_Rw5Xn014AaABAg,,False,@lovelyclownn,omfg giselle!,0,2024-10-06T15:27:51Z,2024-10-06T15:27:51Z
Ugx_WzzgM_o3obhDNg14AaABAg,,False,@katwoo.m,MOTHERRRR,1,2024-10-06T15:27:42Z,2024-10-06T15:27:42Z
UgyCS-wa0jkv7Tz55Gx4AaABAg,,False,@찗찔찕찝,약간 드라마랑 아마겟돈 합친것 같다.. 너무 좋아...이런 컨셉 너무 찰떡같이 소화하네,0,2024-10-06T15:27:08Z,2024-10-06T15:27:08Z
Ugy__5ZxniP_jXYAhQd4AaABAg,,False,@doxhansee,GISELLE THE WOMAN THAT YOU ARE,0,2024-10-06T15:27:07Z,2024-10-06T15:27:07Z
Ugw3SrBeURfMaL3TkvF4AaABAg,,False,@vnnil,HISOS GISELLE😭❤,0,2024-10-06T15:26:56Z,2024-10-06T15:26:56Z
UgyX4DT-9lJRblpG1c94AaABAg,,False,@Maryluv2,GISELLEEEEEE,2,2024-10-06T15:26:52Z,2024-10-06T15:26:52Z
UgzcVXt0Ugd6L4gHpix4AaABAg,,False,@입술토깽이,에스파 미쳤다,1,2024-10-06T15:26:42Z,2024-10-06T15:26:42Z
UgxSiyhXHGsRZq5Sisx4AaABAg,,False,@LaLisa-u2t,오 마이 갓 지셀레 너 너무 예뻐 ❤❤❤❤,55,2024-10-06T15:26:35Z,2024-10-06T15:26:35Z
Ugxt2LK11xY0BBv3zDZ4AaABAg,,False,@dailydoseu,EXCUSE ME MOM? THATS TOO HOT!!!,0,2024-10-06T15:26:29Z,2024-10-06T15:26:29Z
UgxqeUSZZIigOXZdyGl4AaABAg,,False,@Limyoone0964,Omfg mother Giselle. 😭😭😭😭,0,2024-10-06T15:26:25Z,2024-10-06T15:26:25Z
UgxI2ftDIy1AS6qyUR14AaABAg,,False,@beth_hteb,Es tan hermosaaaa💗,0,2024-10-06T15:26:23Z,2024-10-06T15:26:23Z
Ugxz40hk60bKPr2oGah4AaABAg,,False,@jasonfisher8529,"Wow, very different look for Giselle, and it's awesome!",0,2024-10-06T15:26:23Z,2024-10-06T15:26:23Z
Ugyh7nrhQx-sukiUxhN4AaABAg,,False,@chill_vibes4life,ahhhhhhhh!!!!! GISELLE YOU NEED TO STOP BREAAKING OUR HEARTS THE BLACK LIPSTICK THE PINK HAIR SLAYYYYYYYYYYYYYYY!!!LOL i was just so hyped,52,2024-10-06T15:26:01Z,2024-10-06T15:26:01Z
UgyjBj2pmCG3pKLnf9d4AaABAg,,False,@aisenyou,なんという高級な猫のような美人！さいこ～～～～～～～～～～！,0,2024-10-06T15:26:01Z,2024-10-06T15:26:01Z
UgyvtCF6VEf2akqp2hh4AaABAg,,False,@elfishlyinfinitex1528,Absolutely stunning. Gassed for this comeback,18,2024-10-06T15:25:59Z,2024-10-06T15:25:59Z
Ugw5nshOPIeTuk74xGd4AaABAg,,False,@MardaWika-z3z,Yaampun mommy Giselle baddas sekali dirimu,0,2024-10-06T15:25:42Z,2024-10-06T15:25:42Z
Ugx3qrpTrcEKQKMLphx4AaABAg,,False,@INmendigo,lindaaaaaaaaaaaaaaaaaaaaa,0,2024-10-06T15:24:47Z,2024-10-06T15:24:47Z
UgzmKd3ylJOFDfRJw2R4AaABAg,,False,@MeMyselfI123,Girly’s slaying the black lip & pink hair 💅,0,2024-10-06T15:24:42Z,2024-10-06T15:24:42Z
Ugx4Ms8IzmnfeBBBZB14AaABAg,,False,@AthenaLopez-h2x,OMG THIS IS ITTTT AAAAAA,1,2024-10-06T15:24:19Z,2024-10-06T15:24:19Z
UgzVNbG-3s3OEx3uTaV4AaABAg,,False,@aespa_love07,"えりちゃん美しすぎる✨
ビジュやばすぎ！！",70,2024-10-06T15:24:03Z,2024-10-06T15:24:03Z
UgyiY5qH2A_Jzx27c-h4AaABAg,,False,@naevispastora,SLAYYY GIGI,0,2024-10-06T15:23:24Z,2024-10-06T15:23:24Z
UgxpA6fU3SHCBXCPI8x4AaABAg,,False,@paradisekissy,"YES, GET EM GIRL!!!!!!",0,2024-10-06T15:23:10Z,2024-10-06T15:23:10Z
UgySBrz1qcCRiSAwxXF4AaABAg,,False,@thaimivelazqueznico4338,Que hermosa ❤❤❤❤,0,2024-10-06T15:23:09Z,2024-10-06T15:23:09Z
UgyhuiVRLAAIx5LH0bx4AaABAg,,False,@ellen_æ,Mommy!?❤️‍🔥,0,2024-10-06T15:23:01Z,2024-10-06T15:23:01Z
Ugw5ocuGJSVcclEv6BJ4AaABAg,,False,@Katarina_aespa,Ahhhhhhh,0,2024-10-06T15:22:57Z,2024-10-06T15:22:57Z
UgwhcWJL34SZSi6ZZNZ4AaABAg,,False,@chaewonechuulesbian,MINHA GATAAA,0,2024-10-06T15:22:48Z,2024-10-06T15:22:48Z
UgzqMakRJbM92KCKjFd4AaABAg,,False,@chaewonechuulesbian,Cheguei antes dos 10k,0,2024-10-06T15:22:34Z,2024-10-06T15:22:34Z
UgzKmbRTN5Dru3WTW4F4AaABAg,,False,@하연-w6p,핑크머리젤...이건 귀하다 귀해요❤️,0,2024-10-06T15:22:30Z,2024-10-06T15:22:30Z
UgwPZ0w2OlCcRhKVwE14AaABAg,,False,@laralp,Ese color de cabello le queda hermoso.,0,2024-10-06T15:22:30Z,2024-10-06T15:22:30Z
UgypbuTR9aW-YFfRIn54AaABAg,,False,@jenniver_g,That’s my girl!!🫦,2,2024-10-06T15:22:28Z,2024-10-06T15:22:28Z
UgxhxS_6YvG2xrE1t1J4AaABAg,,False,@snlhrk9183,Waitin' for a bombastic rap of GISELLE 🔥,0,2024-10-06T15:22:26Z,2024-10-06T15:22:26Z
UgxspE0_rUOGBSziQit4AaABAg,,False,@oumalaa1545,How many international fans are supporting aespa??❤❤❤,1,2024-10-06T15:22:22Z,2024-10-06T15:22:22Z
UgyTDAa6d5vyCdpE-w94AaABAg,,False,@GiaTru1015,Queen 👑,0,2024-10-06T15:22:12Z,2024-10-06T15:22:12Z
UgzJcenvsarAOZl4dVN4AaABAg,,False,@АлександрВикторов-ь5э,"AESPA
           GISELLE
            Whitish
<10<10<10<10<10",6,2024-10-06T15:21:58Z,2024-10-06T15:21:58Z
Ugx7kOPD6DhRtFmj4pt4AaABAg,,False,@Ronikas_vlogs,20 dk önce 😮,0,2024-10-06T15:21:52Z,2024-10-06T15:21:52Z
Ugwx3yshHu4M8KVpNVN4AaABAg,,False,@Chris_Knight7,"She looks so intense and strong, they're going hard this comeback 😵",172,2024-10-06T15:21:50Z,2024-10-06T15:21:50Z
Ugwx3yshHu4M8KVpNVN4AaABAg.A9FucfvU4Z7A9KToM2hAQc,Ugwx3yshHu4M8KVpNVN4AaABAg,True,@pearsblikingone.jand9cb764,let's go crazy MY <3,1,2024-10-08T09:54:57Z,2024-10-08T09:54:57Z
Ugyo_fyYgEoX79JNfb14AaABAg,,False,@t0tally.not.hana926,SLAY,0,2024-10-06T15:21:46Z,2024-10-06T15:21:46Z
Ugzjn2coCABB-HLNAW94AaABAg,,False,@freak6877,GISELLEEEEEEEEEEEEEEEEEEEEEEE💗💗💗,0,2024-10-06T15:21:40Z,2024-10-06T15:21:40Z
Ugw9dlj3gfUtFzRE69Z4AaABAg,,False,@sealulls,WAHHHHHHHHHHHHHHHHHHHHHHHHHHHHHHHH GIGI,0,2024-10-06T15:21:39Z,2024-10-06T15:21:39Z
UgwdEabkQr5RK27R5cx4AaABAg,,False,@katheryne8224,Woaaaaaa diosa!!!,0,2024-10-06T15:21:19Z,2024-10-06T15:21:19Z
UgxDXHk0mMLQlPU6_xx4AaABAg,,False,@leafs4444,AHHH GIGI,0,2024-10-06T15:21:18Z,2024-10-06T15:21:18Z
UgzwzqdXC4wtowiV-3d4AaABAg,,False,@mochimoch-d9i,マジで生きててよかった,0,2024-10-06T15:21:13Z,2024-10-06T15:21:13Z
UgxEJVDZPaZWMUh3enx4AaABAg,,False,@gozdlixlle8295,MOTHERR,0,2024-10-06T15:21:06Z,2024-10-06T15:21:06Z
Ugw9mBWC7913j6qjI-54AaABAg,,False,@meovvnikitty,GISELLE MY QUEEN,3,2024-10-06T15:20:56Z,2024-10-06T15:20:56Z
UgyYOGal9oYF1z5628J4AaABAg,,False,@MepBumble,QUEREMOS A PINKSELLE NO BRASIL,0,2024-10-06T15:20:53Z,2024-10-06T15:20:53Z
UgyIqZLY4BNhCp1cb-14AaABAg,,False,@Nanaclxx,GISELLLEE OMG SO PRETTY,2,2024-10-06T15:20:43Z,2024-10-06T15:20:43Z
UgwHkwFS1JqPxeF5HJx4AaABAg,,False,@aaaeee08,ATE!!!,1,2024-10-06T15:20:42Z,2024-10-06T15:20:42Z
UgxBbw8gLMrjY6OZw8h4AaABAg,,False,@yuki7333,와 지젤 개예뻐,17,2024-10-06T15:20:39Z,2024-10-06T15:20:39Z
UgwNBDyKuXdAPhTEW8J4AaABAg,,False,@terroreaespa,DIVA,0,2024-10-06T15:20:35Z,2024-10-06T15:20:35Z
UgwUtn0RDO8Pp653Ofx4AaABAg,,False,@ninomae-n5p,吉吉國王很適合這種風格耶 😎 越來越期待aespa回歸了 🥳🥳🥳🥳🥳,11,2024-10-06T15:20:27Z,2024-10-06T15:21:47Z
UgyZSum5tI8Mlfskkml4AaABAg,,False,@ujahtinadora3672,Giselle is sooo gorgeous and cool 😎,14,2024-10-06T15:20:26Z,2024-10-06T15:20:26Z
UgwNZsO8REpskDSvqgR4AaABAg,,False,@armaegeddon-nh2xb,me aww,0,2024-10-06T15:20:16Z,2024-10-06T15:20:16Z
UgyYC1_it95yyI7GZKN4AaABAg,,False,@karinalepitan851,MOMMY GISELLE ALWAYS SLAYINGGG,0,2024-10-06T15:20:14Z,2024-10-06T15:20:14Z
UgyycrbbmmbNIfAJeRh4AaABAg,,False,@MadamJeong,Mother 🙇🏻‍♀️,0,2024-10-06T15:20:06Z,2024-10-06T15:20:06Z
Ugxdw-nIabL5yRro9Rx4AaABAg,,False,@naoniii11,OH LORD GISELLE !,1,2024-10-06T15:19:38Z,2024-10-06T15:19:38Z
UgwE_OTS9e0yDHojOux4AaABAg,,False,@aallunna6087,OMG MOMMY GISELLE 🥵🥵❤️❤️❤️,2,2024-10-06T15:19:31Z,2024-10-06T15:19:31Z
UgyV9upCYLHwcN3Gc814AaABAg,,False,@manami2216,지젤❤,8,2024-10-06T15:19:17Z,2024-10-06T15:19:17Z
UgxshWFg7Ng4F_so6ql4AaABAg,,False,@MUSAMMIL98,🥰🥰🥰,0,2024-10-06T15:19:04Z,2024-10-06T15:19:04Z
Ugw5NR7u6nGCi-qx4hN4AaABAg,,False,@kokkydo2972,My Hott G is back❤️‍🔥🔥,0,2024-10-06T15:18:56Z,2024-10-06T15:18:56Z
Ugyn0esMhjj9Iwe5pYF4AaABAg,,False,@Ramonex.x,HELOIOOOOOOO GORGEOUSSSSSSSSS😍😍😍😍,1,2024-10-06T15:18:55Z,2024-10-06T15:18:55Z
UgyxQwn_OnG5bznraxZ4AaABAg,,False,@im_ca_17,GISELLE?!?! MOTHER?!?!,2,2024-10-06T15:18:50Z,2024-10-06T15:18:50Z
UgxcqdPtmvKlbQpWec54AaABAg,,False,@npariong806,Kawaii Giselle,0,2024-10-06T15:18:37Z,2024-10-06T15:18:37Z
Ugw681o9J1YMVpPPDTF4AaABAg,,False,@galaxysupernova1024,와 진짜 sf게임캐릭터같다...........개조흠,0,2024-10-06T15:18:33Z,2024-10-06T15:18:33Z
UgwCRbdPVKu-w88paY14AaABAg,,False,@Abbey_luvs_laufey_kpop2,HELP AHHHHH!!! I LUV THE HAIR COLOR GISELLE!!!❤❤❤,0,2024-10-06T15:18:31Z,2024-10-06T15:18:31Z
Ugw9LbrL4bplBXuLdpR4AaABAg,,False,@maprangtata4495,"she's so fine, Giselle",0,2024-10-06T15:18:26Z,2024-10-06T15:18:26Z
Ugww1L0WHMbCffpyB0t4AaABAg,,False,@liviatapioca,giselle is my mother,0,2024-10-06T15:18:11Z,2024-10-06T15:18:11Z
Ugyw5d7fol9MfdIhH114AaABAg,,False,@chushka_xx,❤❤,0,2024-10-06T15:18:07Z,2024-10-06T15:18:07Z
UgygE7IkRjtcw_m47y94AaABAg,,False,@BlinkLam,❤❤❤❤,0,2024-10-06T15:18:07Z,2024-10-06T15:18:07Z
Ugzm0Qtk9-_unfBkiY94AaABAg,,False,@うみつかはいじ,高貴なお猫様って感じで最高❤,0,2024-10-06T15:18:01Z,2024-10-06T15:18:01Z
UgzfijzDzgEDAQtp0dp4AaABAg,,False,@rizzrina,NOT HER SLAYING THE BLACK LIPSTICK AAAAAA,0,2024-10-06T15:18:00Z,2024-10-06T15:18:00Z
UgxwtkiuJnK5Y6c8Lsh4AaABAg,,False,@SitiAisyahUmrah,"AESPA will break the whole industry with "" Whiplash """,5,2024-10-06T15:17:51Z,2024-10-06T15:17:51Z
UgyjOR4bWaO-YmTmamR4AaABAg,,False,@whateverimlucas,지젤의 외모는 놀랍고 아름답습니다.,3,2024-10-06T15:17:48Z,2024-10-06T15:17:48Z
UgxzjQceIGxbkQZj1Wl4AaABAg,,False,@BOBCATEVERYDAY,omfkg master… my master 😭🫶,0,2024-10-06T15:17:44Z,2024-10-06T15:17:44Z
Ugzv71xPZ_Dj2TtZkhB4AaABAg,,False,@aerichanz,pinkselle so🔥,0,2024-10-06T15:17:42Z,2024-10-06T15:17:42Z
UgzMH5q7mnWJIJgPPyh4AaABAg,,False,@rizzrina,OMGGGGGGG GIGIIIII,0,2024-10-06T15:17:41Z,2024-10-06T15:17:41Z
UgycGSwMcP1zHcQPviR4AaABAg,,False,@putrikirana9169,CANTIK BET COYYY MENYALA GISELLE KUU!!!😀,0,2024-10-06T15:17:40Z,2024-10-06T15:17:40Z
UgxLtwv8qtlJhphz5oN4AaABAg,,False,@katarinabluu16,OMG GISELLE,0,2024-10-06T15:17:35Z,2024-10-06T15:17:35Z
UgwpGdJXAwLise4WN7J4AaABAg,,False,@aerichanz,giselle ate,0,2024-10-06T15:17:30Z,2024-10-06T15:17:30Z
UgyXOOW46TLjG3Mzv4F4AaABAg,,False,@Isabella-rs9xl,Giselle i love youu,1,2024-10-06T15:17:28Z,2024-10-06T15:17:28Z
Ugx4EKxthABKNTttKm54AaABAg,,False,@_loriox,Not aespa giving us hits back to back ❤,0,2024-10-06T15:17:25Z,2024-10-06T15:17:25Z
UgyFWHFZfUhYuOpK8qF4AaABAg,,False,@terrydanu,Gilak visualnya luar biasa❤❤,0,2024-10-06T15:17:24Z,2024-10-06T15:17:24Z
UgyL2qKSwBECu8BLQn54AaABAg,,False,@warrenespinoza274,Giselle is so beautiful,0,2024-10-06T15:17:12Z,2024-10-06T15:17:12Z
Ugxgj8iD6IxvjScP57N4AaABAg,,False,@Imgreenuk,Its giving BOOOODYYYYY🔥🗣️,0,2024-10-06T15:17:09Z,2024-10-06T15:17:09Z
UgyAlKgg_18YVTyCskt4AaABAg,,False,@likeJENNIE.0116,MOTHERRR,0,2024-10-06T15:17:08Z,2024-10-06T15:17:08Z
Ugy3pWm8F2S-sWQ7mrt4AaABAg,,False,@kamxzq.,Omg นางพญามากอ่ะ,1,2024-10-06T15:17:01Z,2024-10-06T15:17:01Z
UgxyP-_Y7uoZ2ULkGOl4AaABAg,,False,@aerichgurl,cakeppp bgtt 😍🩷🩷🩷🩷🩷,0,2024-10-06T15:16:57Z,2024-10-06T15:16:57Z
Ugy7bw92thw1dEUYBwN4AaABAg,,False,@fanyutseng2284,GISELLE 🖤🖤🖤,0,2024-10-06T15:16:47Z,2024-10-06T15:16:47Z
UgxHi0vyEohngx2OBt14AaABAg,,False,@ezgi8734,OMG İM FİRST AAAAAAAA,0,2024-10-06T15:16:41Z,2024-10-06T15:16:41Z
UgxyIHT4cFxeu7O4W6B4AaABAg,,False,@AnAnAndAnAn,Giselle looks amazing ! ❤️,2,2024-10-06T15:16:39Z,2024-10-06T15:16:39Z
Ugw3nXGeDTTWo32A5jF4AaABAg,,False,@APPLE-zc7ss,強勢回歸,3,2024-10-06T15:16:30Z,2024-10-06T15:16:30Z
UgxbTQJV3yHsJ6iUfrN4AaABAg,,False,@aerichgurl,anjayyy,0,2024-10-06T15:16:29Z,2024-10-06T15:16:29Z
UgxEHKyM9SsxqmL3Nn54AaABAg,,False,@j6.enn1ni,"THE WAY I KNOW GISELLE IS GONNA EAT UP THIS COMEBACK (NOT THAT SHE DOESNT ALREADY) THIS JS LITERALLY STELLAR, OUTSTANDING, PLS",0,2024-10-06T15:16:28Z,2024-10-06T15:16:28Z
UgxGntj9Z3EI-sVHjoV4AaABAg,,False,@Lara_channelll,Soooo pretty,0,2024-10-06T15:16:25Z,2024-10-06T15:16:25Z
UgyfJicK4wpSQgaNTNh4AaABAg,,False,@Kong101K,เอริจัง 😍,0,2024-10-06T15:16:15Z,2024-10-06T15:16:15Z
UgykJTnlcgMZTCLLnlB4AaABAg,,False,@tomeeyeahtomeyeahhh,Kehabisan kata kata 😭,0,2024-10-06T15:16:15Z,2024-10-06T15:16:15Z
UgygCo24gsg2DYUEFi94AaABAg,,False,@Lara_channelll,❤❤❤❤❤❤❤,0,2024-10-06T15:16:11Z,2024-10-06T15:16:11Z
UgyLfNljSnmMdwUzrlZ4AaABAg,,False,@Bambie222,LOVE THW BLACK LIP STICK,0,2024-10-06T15:16:00Z,2024-10-06T15:16:00Z
UgzpqNleyRSNWiM9DQB4AaABAg,,False,@HeungMinSon_7,지젤도 활동한지 4년차되니깐 이제 정점을 찍는거같다. 데뷔일이 11월 17일이니 2020년은 사실상 빼고.,1,2024-10-06T15:15:58Z,2024-10-06T15:19:56Z
Ugxlcn052nf72rgLUZd4AaABAg,,False,@pupipipapipu3412,Omg,0,2024-10-06T15:15:58Z,2024-10-06T15:15:58Z
Ugw1XzAFsyZtDosgVcZ4AaABAg,,False,@boikiddd,지젤력ㅁㅊ다,0,2024-10-06T15:15:57Z,2024-10-06T15:15:57Z
UgytGvq23NZJxY5ic614AaABAg,,False,@boikiddd,“이게지젤이야”,0,2024-10-06T15:15:47Z,2024-10-06T15:15:47Z
UgxrnWybCWuN4_MYFCR4AaABAg,,False,@Bambie222,CVNTTTTTTTT,0,2024-10-06T15:15:40Z,2024-10-06T15:15:40Z
UgxrGF4PuDulKA5O4rB4AaABAg,,False,@Two_Of_Heart,OMGGGG 🔥,0,2024-10-06T15:15:27Z,2024-10-06T15:15:27Z
Ugw7sopw2NFTOxAlrV94AaABAg,,False,@naimaraven,Get it GISELLEEEEEEE😍😍😍,0,2024-10-06T15:15:22Z,2024-10-06T15:15:22Z
Ugy-Yw1vnKSWXsN22Jp4AaABAg,,False,@einakgn.josh2,MOMMY,0,2024-10-06T15:15:22Z,2024-10-06T15:15:22Z
UgyFOSmJC0uypEXZMid4AaABAg,,False,@레자-q2k,i love 춘장립,0,2024-10-06T15:15:21Z,2024-10-06T15:15:21Z
UgxQRlPIoxzgfTKnH1R4AaABAg,,False,@bjsbsh,PISA EM CIMA DELES GIGIIIIIIII,0,2024-10-06T15:15:19Z,2024-10-06T15:15:19Z
Ugys86oM7mQeXSU-zBN4AaABAg,,False,@BLACKLION-t2o,"🫢ヘェ〜！全然違うね🙄🫢
こんなに変わるんだ🤭",0,2024-10-06T15:15:15Z,2024-10-06T15:15:15Z
Ugy4co6aCVIetu-b32Z4AaABAg,,False,@mgs1813,😍😍😍😍,0,2024-10-06T15:14:57Z,2024-10-06T15:14:57Z
UgxTEX6YXzhLHjfQcH14AaABAg,,False,@nam_wrl,มาดามจือแรงมาก,0,2024-10-06T15:14:56Z,2024-10-06T15:14:56Z
Ugx6ffGYjU0q55pAHa14AaABAg,,False,@Choomeul_,와 æ 랑 거의 차이가 없는 비주얼 미쳤다,0,2024-10-06T15:14:55Z,2024-10-06T15:14:55Z
Ugz26lpV4P0AF2mcATl4AaABAg,,False,@yomena8aster650,ㅠㅠㅠㅠㅠ너무 이쁘다!!!!💕💕💕💕,0,2024-10-06T15:14:49Z,2024-10-06T15:14:49Z
UgyUjx0sE0_MJFnQU_l4AaABAg,,False,@popcorn-11,HOT GIRL GISELLE ❤‍🔥❤‍🔥❤‍🔥 concept looks interesting!!,8,2024-10-06T15:14:44Z,2024-10-06T15:14:44Z
UgzBDp6Rx7eEtaqAXN14AaABAg,,False,@kikkychoco3023,❤❤❤❤🌙🌙🌙🌙,0,2024-10-06T15:14:43Z,2024-10-06T15:14:43Z
UgzfGyLUv0NwkWX58vJ4AaABAg,,False,@aerigigi,"GIGI I LOVE YOU
YOU SLAY IN ALL ERAS",0,2024-10-06T15:14:29Z,2024-10-06T15:14:29Z
UgytppXWAGGJp62hcrB4AaABAg,,False,@rickybatobato4657,Mothered,0,2024-10-06T15:14:24Z,2024-10-06T15:14:24Z
Ugy5SlPSGhZ32YjYiBJ4AaABAg,,False,@blinkwithinsomnia8907,Mother,0,2024-10-06T15:14:04Z,2024-10-06T15:14:04Z
UgyY_MTV-skEIVeWC2t4AaABAg,,False,@Rose-kp4wq,GISELLE WOOOOOOW,0,2024-10-06T15:13:54Z,2024-10-06T15:13:54Z
UgyNE52saXojmo_cuap4AaABAg,,False,@meowmiaumeong5877,MOTHER,0,2024-10-06T15:13:49Z,2024-10-06T15:13:49Z
Ugw8Zmjsm3BYycVz_ih4AaABAg,,False,@johnwilbalea5138,Thats my girl ❤❤❤,0,2024-10-06T15:13:43Z,2024-10-06T15:13:43Z
Ugz5idM-al3DryCCgaB4AaABAg,,False,@reinyourheart_,아니 블랙립 너무 잘어울림 ㅁㅊ,711,2024-10-06T15:13:27Z,2024-10-06T15:13:27Z
UgyAOzBZkGTlfbNJw0p4AaABAg,,False,@samanthamng,Giselle is so pretty ❤❤❤,0,2024-10-06T15:13:22Z,2024-10-06T15:13:22Z
Ugwk0b15cj79p_lDbTp4AaABAg,,False,@fabisplat,kuntenserven,0,2024-10-06T15:13:07Z,2024-10-06T15:13:07Z
Ugw7BelbrQYCm9fDUOV4AaABAg,,False,@1004hours,"고능하고 전설적인, 가장 높은 곳에서 인간을 어루만져주는 절대적인 QUEEN. 유기 동물을 위해 아낌없이 기부하는 세계시민이자 여성을 위해 먼저 행동 하는 1인자. 그리고나는그런젤님을지지하는 지젤프렌드이자 애리샤인즈 란다...",1,2024-10-06T15:13:06Z,2024-10-06T15:13:06Z
UgyAuY9IXhybilXPcgN4AaABAg,,False,@melanierwis,GISELLE SO COOL,0,2024-10-06T15:12:56Z,2024-10-06T15:12:56Z
UgxUYE1-Z-4Hv1m6n5V4AaABAg,,False,@midorigreene5194,Mindblowing!,0,2024-10-06T15:12:55Z,2024-10-06T15:12:55Z
UgzuUtdBJgBdL_MdDHp4AaABAg,,False,@iim_winterr,Giselle you are so fire these days 😆🔥,0,2024-10-06T15:12:55Z,2024-10-06T15:12:55Z
UgwlbeMjnz4NDwSIpyh4AaABAg,,False,@DuyThông-l3s,omgg,0,2024-10-06T15:12:54Z,2024-10-06T15:12:54Z
UgzJWDxkx_GCjaH-4454AaABAg,,False,@kiayu._,mãe 💗,0,2024-10-06T15:12:52Z,2024-10-06T15:12:52Z
UgyT9wPwxrZn41FFylR4AaABAg,,False,@소다크림-n4q,"하 멋지다 너무 예뻐요 애리 언니…지젤력 뿜뿜…언제 컴백해 누가 저 기절좀 시켜주세요…컴백하면 깨우시고…
❤❤❤",70,2024-10-06T15:12:51Z,2024-10-06T15:12:51Z
UgxD2NnwxEovQ8N1hgR4AaABAg,,False,@Crismasita0303,PERO GISELLE???? PQ ME ATACAS ASIIIIIIIIIII🥵❤️‍🔥❤️‍🔥❤️‍🔥❤️‍🔥❤️‍🔥❤️‍🔥,1,2024-10-06T15:12:50Z,2024-10-06T15:12:50Z
UgybtWRYwPvJAOFM1XR4AaABAg,,False,@melanierwis,Pinkselle is so iconic,0,2024-10-06T15:12:46Z,2024-10-06T15:12:46Z
UgyINgg8yS3KRSc0MS94AaABAg,,False,@kpopliving,ABSOLUTE QUEEN.,7,2024-10-06T15:12:42Z,2024-10-06T15:12:42Z
Ugxn3QqJPzoN6Ylqis94AaABAg,,False,@Qwerthies,omg giselle new hair,0,2024-10-06T15:12:42Z,2024-10-06T15:12:42Z
Ugw2l_rX35xE1BSv9yt4AaABAg,,False,@efstrick,OMG SHE İS SO STUNNİNG AND AMAZİNG,0,2024-10-06T15:12:41Z,2024-10-06T15:12:41Z
UgzFipO7rivpxrmJVp14AaABAg,,False,@kiayu._,GISELLE PUTA QUE PARIU,0,2024-10-06T15:12:37Z,2024-10-06T15:12:37Z
UgyiR5uFUncxSED9H_54AaABAg,,False,@lamrongpeng533,PRETTY GISELLE ❤,0,2024-10-06T15:12:34Z,2024-10-06T15:12:34Z
UgyUVhlgrkOpxbPh0w54AaABAg,,False,@Crismasita0303,MAMIIIIIIIIIIII❤️‍🔥❤️‍🔥❤️‍🔥❤️‍🔥,1,2024-10-06T15:12:19Z,2024-10-06T15:12:19Z
Ugzul6yd7HcJjBM0iHh4AaABAg,,False,@sarah_endna1830,Omg GISELLE MAMA,0,2024-10-06T15:12:14Z,2024-10-06T15:12:14Z
UgyKZzpk42BzYSMgKiR4AaABAg,,False,@Chiqilovefood,GIGII,0,2024-10-06T15:12:13Z,2024-10-06T15:12:13Z
UgzR2Ip16pmhZUYuNLt4AaABAg,,False,@lorenaos5356,G 🖤🚀🌟,0,2024-10-06T15:12:09Z,2024-10-06T15:12:09Z
UgyFKp4zo3Ap9n4GaFN4AaABAg,,False,@youbaebee,a monument called giselle 🖤🩷🖤,0,2024-10-06T15:12:09Z,2024-10-06T15:12:09Z
UgxsmywaJYsV82XMHqd4AaABAg,,False,@newjeansbunnie,Supernova evil sister,1,2024-10-06T15:11:56Z,2024-10-06T15:11:56Z
UgxhiPR3YQ8t4BTkun94AaABAg,,False,@guilhermerodriguesavelino9772,OMG😮😮😮,0,2024-10-06T15:11:56Z,2024-10-06T15:11:56Z
Ugz2hAniOt2Ju-weCtJ4AaABAg,,False,@sarangaeul,MOTHER IS GIVING MOTHER,1,2024-10-06T15:11:53Z,2024-10-06T15:11:53Z
UgxiIatSWoqsxQhHqbx4AaABAg,,False,@Arnabit,뭐여,0,2024-10-06T15:11:48Z,2024-10-06T15:11:48Z
Ugwxy1JkE7ZaQF-xM1l4AaABAg,,False,@allyyy123,IDK WHY BUT I FEEL WHIPLASH GONNA BE GIGI’S ERA,1,2024-10-06T15:11:47Z,2024-10-06T15:11:47Z
Ugzuske_cAqci5ZB_cd4AaABAg,,False,@faraazgh,OH IM ON MY KNEES MAAM,1,2024-10-06T15:11:44Z,2024-10-06T15:11:44Z
UgzFv1ICYL-ydzLkykp4AaABAg,,False,@DobleDzMrMaster15,Bonita,0,2024-10-06T15:11:42Z,2024-10-06T15:11:42Z
UgwWvB7XuwjeAvdauQp4AaABAg,,False,@rubygummy6401,PINK HAIR GISELLE 💖,0,2024-10-06T15:11:38Z,2024-10-06T15:11:38Z
UgxplOxewlGQzHJu1BZ4AaABAg,,False,@xmysteriousheroine2790,本当にKrystalに似てるね,0,2024-10-06T15:11:34Z,2024-10-06T15:11:34Z
UgyUXYqppUA_NRFVhC94AaABAg,,False,@innerchim_2122,GISELLE!!!! WOAH,0,2024-10-06T15:11:15Z,2024-10-06T15:11:15Z
Ugx_1lBBugbxOAyxWll4AaABAg,,False,@فلسطينيهواأحبكم,I'm speechless wow,0,2024-10-06T15:11:15Z,2024-10-06T15:11:15Z
UgzriG2rRC8IZWerlOd4AaABAg,,False,@sjmmsjjt3598,YOUR BLACK LIPSTICK IS TOO IMPACTFUL AAAAAAAAAAAAAAAAAAAAAA YOURE DRIVING ME CRAZYYYYYY,0,2024-10-06T15:11:13Z,2024-10-06T15:11:13Z
UgzdQkUSxFGXgaVy5Cx4AaABAg,,False,@Kjminjeonh,OH MY GOSH This looks amazing,0,2024-10-06T15:11:08Z,2024-10-06T15:11:08Z
Ugy2ERXB_52OZhkflfZ4AaABAg,,False,@yulhee5,MOMMYYYYYYY!!!🖤🖤🖤🖤🖤🖤🖤🖤,16,2024-10-06T15:11:07Z,2024-10-06T15:11:07Z
UgyD_0gB422MFgxvhvh4AaABAg,,False,@izzy-kh5zl,NOSSA GISELE ME BOTA,0,2024-10-06T15:11:01Z,2024-10-06T15:11:01Z
UgyL1FZtOT5iIEcoq_14AaABAg,,False,@ningysq,MOTHER?,0,2024-10-06T15:11:00Z,2024-10-06T15:11:00Z
UgxxNcMQDTmL_Otfi8F4AaABAg,,False,@miko.Wrld.,GISELLE⁉️⁉️⁉️🔥🔥❤️,0,2024-10-06T15:10:53Z,2024-10-06T15:10:53Z
UgzwF15u_FTLkvdhH9F4AaABAg,,False,@vousmevoyezsj2480,Giselles silhouette is sooOoo ✨💅🏻 Can't wait!!!!,8,2024-10-06T15:10:49Z,2024-10-06T15:11:06Z
UgwqTKvpWS1XcG0_ks94AaABAg,,False,@bongmecari,Đến nhanh đi hóng quá,0,2024-10-06T15:10:42Z,2024-10-06T15:10:42Z
UgxdVMU5G_DhpwENgeV4AaABAg,,False,@D00RU_death,ERIIIIIIIIII💗💗💗💗,0,2024-10-06T15:10:42Z,2024-10-06T15:10:42Z
UgylyLGCjNGw_X-osAh4AaABAg,,False,@l---l6,Aaaa,0,2024-10-06T15:10:33Z,2024-10-06T15:10:33Z
UgyrHjQA6KymdlItizZ4AaABAg,,False,@l---l6,THE VISUALS! ❤❤❤❤,0,2024-10-06T15:10:29Z,2024-10-06T15:10:29Z
UgzKXcsavtUvjIxJdap4AaABAg,,False,@s3n3m,PINK HAIR GISELLE OMG,0,2024-10-06T15:10:27Z,2024-10-06T15:10:27Z
UgzgdR4tVZtLMEa29RF4AaABAg,,False,@fulloflowers,MOTHER.,1,2024-10-06T15:10:27Z,2024-10-06T15:10:27Z
UgzBmFIvAEuV5JAQ5pl4AaABAg,,False,@Aleksey337,"Giselle is so beautiful, I'm waiting for a new album and a new track 🎵",95,2024-10-06T15:10:12Z,2024-10-06T15:10:12Z
UgycaVaciczOCR6jD2t4AaABAg,,False,@rubygummy6401,GISELLE YOU ARE!!!!,0,2024-10-06T15:10:06Z,2024-10-06T15:10:06Z
UgwLgJIMXwzk15W2yb94AaABAg,,False,@PiolhodeCool,O CABELOOO😭😭,0,2024-10-06T15:10:02Z,2024-10-06T15:10:02Z
UgwDbVjvnqvjhcqafJJ4AaABAg,,False,@yourbiggestfanthisisstan,"GISELLE IS LITERALLY DEFINITION OF AURA, LIKE I CAN FEEL HER RADIATING ON MY SCREEN LIKE A WHIPLASH💓💓💓💓⭐⭐",5,2024-10-06T15:09:52Z,2024-10-06T15:09:52Z
UgzwFfW9U_bemmOIsQt4AaABAg,,False,@enisaremaikhaorueang,มาดามเริ่ดอ่ะ,1,2024-10-06T15:09:52Z,2024-10-06T15:09:52Z
UgwMWuxftzKYJJ_fEMB4AaABAg,,False,@syl_230,Gorgeous Giselle❤,1,2024-10-06T15:09:48Z,2024-10-06T15:09:48Z
Ugz2T0tE3q7dqfJV2H94AaABAg,,False,@AudreyFirly,OMG GISELLE ❤️‍🔥❤️‍🔥,14,2024-10-06T15:09:46Z,2024-10-06T15:09:46Z
UgxmrwQNARG4vVSSXsh4AaABAg,,False,@eye-cq7qi,🩶🩶🩶,0,2024-10-06T15:09:45Z,2024-10-06T15:09:45Z
Ugwng45JH6eczZc_64t4AaABAg,,False,@_ttjnhp,beautiful𝜗𝜚.⋆,0,2024-10-06T15:09:43Z,2024-10-06T15:09:43Z
Ugw3vG9E8xFm6jDZvfZ4AaABAg,,False,@bibibirahma8128,Giselle badannya bener bener🥵🥵🥵,3,2024-10-06T15:09:38Z,2024-10-06T15:09:38Z
UgzNFs0RofAWQEZLEed4AaABAg,,False,@syl_230,Giselle🫦🫦,0,2024-10-06T15:09:37Z,2024-10-06T15:09:37Z
UgwoEUODJsrZwf7qJLp4AaABAg,,False,@서카니-r2n,애리야 넘 멋져❤❤❤,14,2024-10-06T15:09:36Z,2024-10-06T15:09:36Z
UgxabMRhV376qh5xIyx4AaABAg,,False,@imnotblackmamba,Pinkselle OMGGGGGG 🔥🔥,0,2024-10-06T15:09:29Z,2024-10-06T15:09:29Z
UgyP7Clp58OvL2AnqXd4AaABAg,,False,@MinYoung._,"о мой бог, жизель так красива",0,2024-10-06T15:09:10Z,2024-10-06T15:09:10Z
UgyeqZY_YSYciJGwWe94AaABAg,,False,@Asabidou,What’s that tool called. It’s a lot larger than I thought it would be 😮.,0,2024-10-06T15:09:10Z,2024-10-06T15:09:10Z
UgyCL-wT1mDdBp_jByp4AaABAg,,False,@chrry_taeng_goo,지젤 너무이쁘당 ~블랙립이 잘어울려😍🖤,41,2024-10-06T15:09:10Z,2024-10-06T15:09:10Z
UgxAqbTlWOl2F2SlrZp4AaABAg,,False,@iluvaeri,DAMN SHE IS STUNNING 😍 ✨️,24,2024-10-06T15:09:09Z,2024-10-06T15:09:09Z
UgxFegzZTuP9uWcxiDt4AaABAg,,False,@imnotblackmamba,Essa era é toda sua 🖤,0,2024-10-06T15:09:06Z,2024-10-06T15:09:06Z
UgwZ2NFB6jDNbL_M57h4AaABAg,,False,@Sasaaa-v1z,🥵🥵🥵🥵,1,2024-10-06T15:09:06Z,2024-10-06T15:09:06Z
Ugz6l5JX-S6yeqOBopx4AaABAg,,False,@WoKpop.Official,지젤 너무 예뻐요,23,2024-10-06T15:09:02Z,2024-10-06T15:09:02Z
UgwPvoypEjVGp7XnCyF4AaABAg,,False,@najwamaulidya448,mommy,0,2024-10-06T15:09:01Z,2024-10-06T15:09:01Z
UgwrUHeJgZHZJqCPQK94AaABAg,,False,@bjsbsh,MDSSSSSSSS GISELLEWWEEEEEEE MDSSSSSSS AQAAAAAAAAA,0,2024-10-06T15:08:55Z,2024-10-06T15:08:55Z
UgzMZoXseIrBZ9aYBwZ4AaABAg,,False,@hyungseokie,MOTHER,0,2024-10-06T15:08:54Z,2024-10-06T15:08:54Z
Ugy0hReWpjtG4EE25aN4AaABAg,,False,@БориславАмов-ю8е,2 minutes ago ❤😊,1,2024-10-06T15:08:53Z,2024-10-06T15:08:53Z
Ugz1uuInvH8-UYvi1HJ4AaABAg,,False,@Bsbjsjjjsjsj,Mejor hagan una colaboración con blackpick saludos,0,2024-10-06T15:08:53Z,2024-10-06T15:08:53Z
UgypopTnTkqty8Q7fFl4AaABAg,,False,@HeungMinSon_7,"이번에도 기계음 지리네. 확실히 슈퍼노바의 대히트가 에스파 향후 음악 색깔의 방향성에 큰 영향을 미쳤다고본다. 솔까 드라마, 아마겟돈은 같은 결이고 2곡 다 메인 타이틀로 잡은거보면 그 쪽 색깔로 갈려고했던거같은데 슈퍼노바가 대성공하면서 뭔가 우주틱하고, 미래틱하고, 쇠맛, 기계음 비트로 제대로 가는 느낌. 갠적으로 드라마,  아마겟돈 스탈보다 슈퍼노바쪽이 더 좋아서 만족이다.",1,2024-10-06T15:08:52Z,2024-10-06T15:11:36Z
UgzovgaC5jCgomUGesh4AaABAg,,False,@mayyq-97,Omgggggg❤,0,2024-10-06T15:08:50Z,2024-10-06T15:08:50Z
UgzfBFj_9zwUqFVUHgh4AaABAg,,False,@猫ねこ-n8r,美しすぎる,2,2024-10-06T15:08:48Z,2024-10-06T15:08:48Z
Ugy0Iwbvtx04Jv8LVYJ4AaABAg,,False,@beaterus,Giselle maravilhosa como sempre!!!!,0,2024-10-06T15:08:43Z,2024-10-06T15:08:43Z
Ugy-jQNz8wo0fPwkcxp4AaABAg,,False,@ae-loren,"GISELLEEEEEE OHM,YGOF",0,2024-10-06T15:08:42Z,2024-10-06T15:08:42Z
Ugxx3h99uIDRiwYRyG54AaABAg,,False,@alondrayz,Don’t look my girl👀🚫 Mother 🛐✨,0,2024-10-06T15:08:42Z,2024-10-06T15:08:42Z
UgziWuZrKQjUre6f-Al4AaABAg,,False,@엡베벱뻬,으른미 장착이구나 ㅋㅋㅋㅋㅋ 캬,0,2024-10-06T15:08:41Z,2024-10-06T15:08:41Z
UgyDFttPV14Wf83a-H94AaABAg,,False,@nicolasmagalhaeslussim2711,OMFG,0,2024-10-06T15:08:40Z,2024-10-06T15:08:40Z
UgxWxSYQ6RdJ8otKFY14AaABAg,,False,@larissamarques2325,"ERA BLACK MAMBA VOLTOU, BABY!🎉",0,2024-10-06T15:08:32Z,2024-10-06T15:08:32Z
UgxttTqS5n3URnacQ-54AaABAg,,False,@crisstiiaan,G I S E L L E 🩷,0,2024-10-06T15:08:23Z,2024-10-06T15:08:23Z
Ugw_SyyjjXC4CqejqXV4AaABAg,,False,@rinaluvie,I CAN'T WAIT FOR THIS COMEBACK,0,2024-10-06T15:08:22Z,2024-10-06T15:08:22Z
UgwP6k4nrUihVdSZBIV4AaABAg,,False,@drestustar,"OMGGG, I LOVE THIISSS",0,2024-10-06T15:08:21Z,2024-10-06T15:08:21Z
UgyuktvTkkKCzW7lSFx4AaABAg,,False,@novalight.nostalgic,Her hair is so beautiful❤❤,3,2024-10-06T15:08:21Z,2024-10-06T15:08:21Z
UgzLrzwXD4_mBALm5oB4AaABAg,,False,@oyooo3395,Bangerrr,6,2024-10-06T15:08:18Z,2024-10-06T15:08:18Z
Ugzu8QkC0NSrlzurPnl4AaABAg,,False,@idkkk395,MISS GISELLE???,0,2024-10-06T15:08:17Z,2024-10-06T15:08:17Z
UgzChF91iEREOaBVW4J4AaABAg,,False,@sufviz3626,the black lipstick theme is eatinggg,0,2024-10-06T15:08:13Z,2024-10-06T15:08:13Z
UgxCUbePwC2vjjnqDlV4AaABAg,,False,@kpop_matcha,*PINK HAIR HAIR GISELLE THE CVNTRESS!!!!!!*,0,2024-10-06T15:08:11Z,2024-10-06T15:08:11Z
UgzQIJ2h_mR57WB3exJ4AaABAg,,False,@빵상-b7g,얼굴 미춌따,0,2024-10-06T15:08:11Z,2024-10-06T15:08:11Z
UgwWh-FFAsBtAeDi_xR4AaABAg,,False,@Mayonnaiseee1,Meows,0,2024-10-06T15:08:10Z,2024-10-06T15:08:10Z
UgzkwsO8KWwQnq43OrZ4AaABAg,,False,@vr0512,OMGGGGGG SO HOOOOOT,0,2024-10-06T15:08:08Z,2024-10-06T15:08:08Z
UgwTCDNFmPZEegFHNaR4AaABAg,,False,@jodohjaehyun_ril,omg mommy gie,0,2024-10-06T15:08:08Z,2024-10-06T15:08:08Z
UgwdOHye9G1QwDccGCl4AaABAg,,False,@omgoshdontyouknowimasavage,MOMMYSELLE,0,2024-10-06T15:08:03Z,2024-10-06T15:08:03Z
UgwG4OtPGEbHJJgbIBd4AaABAg,,False,@exois9223,MOTHERRRRRRSELLEEEEEEEEEEEEEEE,0,2024-10-06T15:08:02Z,2024-10-06T15:08:02Z
UgwIRKhRiDpP2DcII094AaABAg,,False,@halsti99,omg baddiee! step on meeee :O,0,2024-10-06T15:08:02Z,2024-10-06T15:08:02Z
Ugwoz6KAJlxkp4DQeFB4AaABAg,,False,@visurvix,SHE IS CRAZYYYYY,0,2024-10-06T15:08:00Z,2024-10-06T15:08:00Z
UgwQRL8wCU1QSLYlXxl4AaABAg,,False,@anisagustin1891,BUSET GISELLE 🧎🏻‍♂️🧎🏻‍♂️🧎🏻‍♂️,0,2024-10-06T15:07:58Z,2024-10-06T15:07:58Z
UgzuETHG8PYCq314w7F4AaABAg,,False,@visurvix,.... omggggg,0,2024-10-06T15:07:50Z,2024-10-06T15:07:50Z
UgyZjkTj34Nr1U2PAd54AaABAg,,False,@nanadream.00,검은립스틱.... 와 아니 사기잖아 핑머랑 검.립? 돌아그냥 핫걸그자체.,0,2024-10-06T15:07:47Z,2024-10-06T15:13:03Z
UgyxOKG-RdmiQeCWvnZ4AaABAg,,False,@Hanisiaa,MOTHER 🙏🙏🙏🙏,0,2024-10-06T15:07:46Z,2024-10-06T15:07:46Z
UgzowesCkwFVMAh9ALd4AaABAg,,False,@velvetposca,Aaah,0,2024-10-06T15:07:46Z,2024-10-06T15:07:46Z
UgwQVQ3Z_9SiYOfkTn54AaABAg,,False,@nottebuffo,*gulp*,0,2024-10-06T15:07:46Z,2024-10-06T15:07:46Z
UgyA3UQmllaxMvCu7oN4AaABAg,,False,@heyykwim,WTHHHH😊,0,2024-10-06T15:07:46Z,2024-10-06T15:07:46Z
UgytN9_273J1U-yahKt4AaABAg,,False,@Xotw-djz,AHHH,0,2024-10-06T15:07:45Z,2024-10-06T15:07:45Z
UgxTiJPO7KLQEWnVuAJ4AaABAg,,False,@erilvsjmk,AERI DIOS MIO DE MI VIDA,0,2024-10-06T15:07:45Z,2024-10-06T15:07:45Z
Ugz78p2VtJ2-XTwQGjV4AaABAg,,False,@oyooo3395,Omg can't wait,1,2024-10-06T15:07:42Z,2024-10-06T15:07:42Z
UgxdpQH9klIv_pG1-E94AaABAg,,False,@Miakyfangirldolinn,ESTA MULHER ESTÁ UM LUXO MDS,0,2024-10-06T15:07:42Z,2024-10-06T15:07:42Z
Ugwf5il01aontioL-6R4AaABAg,,False,@leo_kun4572,Broooooooooo😭😭😭😭😭❤,0,2024-10-06T15:07:40Z,2024-10-06T15:07:40Z
UgxHJqG7sDxM57h5bnF4AaABAg,,False,@Ranimuraa,AERIS HAIR 🙈🙈,0,2024-10-06T15:07:39Z,2024-10-06T15:07:39Z
UgykkymSOnqwNWdOxKF4AaABAg,,False,@devianasusanti3679,EXCUSE ME AERI UCHINAGA!?😭🔥,0,2024-10-06T15:07:38Z,2024-10-06T15:07:38Z
UgxAnx4TiOB3h-ok-F54AaABAg,,False,@bibi_bibj,GISELLEEEEEEE!!!,3,2024-10-06T15:07:37Z,2024-10-06T15:07:37Z
Ugx-mnqC_j3dpsw-Rph4AaABAg,,False,@Lina_ae_m,애리 핑크머리와 컨셉 찰떡이야 🥹💙위플래시 컨셉 너무 좋은데? 🖤🖤🖤,3,2024-10-06T15:07:37Z,2024-10-06T15:07:37Z
UgyjbESd-CFj-f-A0VB4AaABAg,,False,@anadrole2620,MOTHER GISELLE😻😻😻,0,2024-10-06T15:07:37Z,2024-10-06T15:07:37Z
UgxgUjSgv-0m9bbbNI54AaABAg,,False,@gerberadaisies6122,Dope,0,2024-10-06T15:07:35Z,2024-10-06T15:07:35Z
UgwWtyfDBaMpixqjjg94AaABAg,,False,@bluebunnie_20,OMG,0,2024-10-06T15:07:34Z,2024-10-06T15:07:34Z
UgyEINDSSdlT9T_UOD94AaABAg,,False,@garlicchips6863,MOTHER SERVED😭,0,2024-10-06T15:07:34Z,2024-10-06T15:07:34Z
UgySTUN-dEOTXfjam0B4AaABAg,,False,@BabychickKim,Can't wait anymore,0,2024-10-06T15:07:30Z,2024-10-06T15:07:30Z
UgyOuzdBweV9HB0FeNt4AaABAg,,False,@snynnn,My girl is very beautiful ❤❤❤,29,2024-10-06T15:07:29Z,2024-10-06T15:07:29Z
UgzMiHIWqjyEgytYr9V4AaABAg,,False,@Yanaphat_c21,มาดามจือ😻,0,2024-10-06T15:07:28Z,2024-10-06T15:07:28Z
Ugx3dMs6LlB-zbFHzWZ4AaABAg,,False,@rinaluvie,OUR QUEEN!!,0,2024-10-06T15:07:25Z,2024-10-06T15:07:25Z
Ugzuese21A3S83Z47Vh4AaABAg,,False,@yvesidalso,im so lesbian,0,2024-10-06T15:07:24Z,2024-10-06T15:07:24Z
Ugx-4l86KAGrLWp7S5p4AaABAg,,False,@wintergirlfiend,AAAAAAHHHHH MOTHER,0,2024-10-06T15:07:23Z,2024-10-06T15:07:23Z
UgwTwX0uTmBQ9xCIIi54AaABAg,,False,@กฤตวัฒน์ทองสุภา,เริ่ดเกินมาดามจรือ,1,2024-10-06T15:07:20Z,2024-10-06T15:07:20Z
Ugzt0eHplCRdOFu3xMB4AaABAg,,False,@im_cantaloupe,aeri🖤🩶🤍🩷,1,2024-10-06T15:07:19Z,2024-10-06T15:07:19Z
UgxW8g75tddxYk67OiB4AaABAg,,False,@tulips4.newjeans,GISELLE SO PRETTYYY POOKS,0,2024-10-06T15:07:15Z,2024-10-06T15:07:15Z
UgykA6IHqnKPCdt6Fyx4AaABAg,,False,@myningirl,giselle is so perfect,0,2024-10-06T15:07:13Z,2024-10-06T15:07:13Z
Ugy9pkpd5HEh7fBlOG54AaABAg,,False,@aenergyzxx,PINK HAIR GISELLE!!? OMGHSIWBSHSSJ ‼️,2,2024-10-06T15:07:09Z,2024-10-06T15:07:09Z
Ugzlj95kfZH8L7_fcr14AaABAg,,False,@_ZHUYUNXSSTAROUY_,Finally a new hair style 💗💗 love you Giselle 💗💗,51,2024-10-06T15:07:06Z,2024-10-06T15:07:06Z
Ugx9xY3z0XX_-ptG7ep4AaABAg,,False,@qelsbel,MY MOTHER,0,2024-10-06T15:07:04Z,2024-10-06T15:07:04Z
UgyEBpD-5mwb-kp6r9J4AaABAg,,False,@Reveluvdepressivo,MÃE,0,2024-10-06T15:07:02Z,2024-10-06T15:07:02Z
UgwwLZ-TxywRDZtYaYh4AaABAg,,False,@Izaanplays,GISELLE PINK HAIR!!! 😯,1,2024-10-06T15:07:00Z,2024-10-06T15:07:00Z
UgwpZkhAfWrbF-SjHJV4AaABAg,,False,@anisagustin1891,OMG GISELLE VISUAL?!! SO PRETTY,0,2024-10-06T15:06:58Z,2024-10-06T15:06:58Z
Ugw-NnnGuvgkUzBBFY14AaABAg,,False,@さっきー-x1n,えりちゃん美しすぎるは❤,9,2024-10-06T15:06:55Z,2024-10-06T15:06:55Z
Ugx9Dt8Gompyr4mCB9R4AaABAg,,False,@si.ninichen,HEEEEYYY😢😢❤❤❤,0,2024-10-06T15:06:55Z,2024-10-06T15:06:55Z
Ugyp3LOZjmvBGWTaqa14AaABAg,,False,@Gulay.g,so pretty GİSELLE💋,7,2024-10-06T15:06:53Z,2024-10-06T15:06:53Z
UgxUD3kLbM80VUoDQE54AaABAg,,False,@mymy20luli35,Love youuuu,0,2024-10-06T15:06:53Z,2024-10-06T15:06:53Z
UgwnUS4QGbmwi2Ju_eR4AaABAg,,False,@junoh5,시크하고 다크한 애리 !!화이팅,1,2024-10-06T15:06:52Z,2024-10-06T15:06:52Z
Ugw7wXIvDaC2JkUghUh4AaABAg,,False,@tomeeyeahtomeyeahhh,AURA NYA 😍😍😍😍😍,0,2024-10-06T15:06:52Z,2024-10-06T15:06:52Z
UgzjPxbhT3JxW-oY57l4AaABAg,,False,@acelestedoceu,EH SUA ERA BB TO SENTINDO,0,2024-10-06T15:06:50Z,2024-10-06T15:06:50Z
UgzHAdtIibd5UHD9X5p4AaABAg,,False,@yurikociprianoparedes6855,OMG SHE'S CRAZY!!!!!❤❤❤,0,2024-10-06T15:06:49Z,2024-10-06T15:06:49Z
UgwroqDp4Cg-ZU-pAUZ4AaABAg,,False,@에스파는신이야,와티저 미쳤다❤❤❤❤❤❤❤와아,25,2024-10-06T15:06:45Z,2024-10-06T15:06:45Z
Ugx-xavESUEB8XL-brN4AaABAg,,False,@deandrafelicia9624,지젤 아우라 진짜 돋보였어❤,0,2024-10-06T15:06:45Z,2024-10-06T15:06:45Z
UgyfqR1v6sleVupKfAt4AaABAg,,False,@chympui,Goddess of the Night! Our Giselle! 🌙✨,13,2024-10-06T15:06:44Z,2024-10-06T15:06:44Z
UgymJWk_gs6J6PALFGV4AaABAg,,False,@ininaj,Hot gurl sekali 😭,0,2024-10-06T15:06:43Z,2024-10-06T15:06:43Z
Ugx-D86tmtYVe2_cizt4AaABAg,,False,@Renndumb,❤❤❤,0,2024-10-06T15:06:42Z,2024-10-06T15:06:42Z
UgzwMZr31jCwf4Ja7Sx4AaABAg,,False,@naeswoo,THIS IS CRAZY,0,2024-10-06T15:06:41Z,2024-10-06T15:06:41Z
Ugx5SBfLZvoN7XM78yB4AaABAg,,False,@박해리-k9t,😲😲🫢우와아,0,2024-10-06T15:06:41Z,2024-10-06T15:06:41Z
Ugw9H_eGvozRXQqC0Qx4AaABAg,,False,@johnzig,WTFFFFF GIGIIIII!!! WAHHHHHHHHH,0,2024-10-06T15:06:41Z,2024-10-06T15:06:41Z
UgyACK3JH44vdyqPNOl4AaABAg,,False,@Bellee_123,𝗗𝗮𝗺𝗻 𝘆𝗼𝘂𝗿 𝘀𝗼 𝗴𝗼𝗿𝗴𝗲𝗼𝘂𝘀,27,2024-10-06T15:06:40Z,2024-10-06T15:06:40Z
UgxwZ1v1OWKdpfXwmKt4AaABAg,,False,@유쵸코송이,애리 머리색이랑 립 너무 잘어울린다🥹,15,2024-10-06T15:06:39Z,2024-10-06T15:06:39Z
UgzKydeIbdTqN4VfmvJ4AaABAg,,False,@zjxwly648,ถ้าน้องไม่ชอบกะเทยน้องอยู่ในวงการนี้ไม่ได้นะคะ จืออีกค่ะ,0,2024-10-06T15:06:37Z,2024-10-06T15:06:37Z
Ugx5HVvlNL0Rx6CvBRJ4AaABAg,,False,@choibis,icônica como sempre😻,1,2024-10-06T15:06:37Z,2024-10-06T15:06:37Z
Ugz-HVkpd5l6PULXaFx4AaABAg,,False,@acelestedoceu,GISELLE AAAAAAA,0,2024-10-06T15:06:34Z,2024-10-06T15:06:34Z
UgyLWN8Ajh5PpG9ZIOZ4AaABAg,,False,@lapmanyip_MY,OMG,0,2024-10-06T15:06:31Z,2024-10-06T15:06:31Z
UgyT1CtN6hjyU8YOv654AaABAg,,False,@iltimaifteza-pi4rz,"Giselle is crazy,real crazy.Go girl go🗣",0,2024-10-06T15:06:31Z,2024-10-06T15:06:31Z
Ugw-eRqP_TqglGmQIQl4AaABAg,,False,@Stareei,OMGGG,0,2024-10-06T15:06:30Z,2024-10-06T15:06:30Z
Ugx6n2HJYnqUzHg6F1N4AaABAg,,False,@Imnot_pls,มาดามจือแรงมากกก,0,2024-10-06T15:06:28Z,2024-10-06T15:06:28Z
UgzjuGznUblmQPA5z6J4AaABAg,,False,@little_nayoung-jung,So beautiful Giselle ❤,11,2024-10-06T15:06:28Z,2024-10-06T15:06:28Z
UgzXZJ4wMuQO_tX6dhB4AaABAg,,False,@shirushana,My love!,11,2024-10-06T15:06:24Z,2024-10-06T15:06:24Z
UgxcccSSFqlBmk9CQrx4AaABAg,,False,@hellonkitty,핑젤 하나만으로 세계 정복 세계 평화 ㅈㄴ 가능,1,2024-10-06T15:06:23Z,2024-10-06T15:06:23Z
UgzAvtl-gMifcb6y8qR4AaABAg,,False,@bk_TS,아 진짜 에스파 사랑해,51,2024-10-06T15:06:23Z,2024-10-06T15:06:23Z
UgwFFg2JJVEdvGBYKPF4AaABAg,,False,@antoniomarcos2760,👏👏😍😗♥️♥️♥️🇦🇷,3,2024-10-06T15:06:22Z,2024-10-06T15:06:22Z
UgxOSEG4XdBHXcANTUl4AaABAg,,False,@wouessodu,MY GİRL! I LOVE YOU GİGİ💖🌟🤘🏻,3,2024-10-06T15:06:22Z,2024-10-06T15:06:22Z
Ugya1FEDEAgost45bw14AaABAg,,False,@yooniwon,"giselle is SOOOO HOT 🔥🔥!!!
the pink hair??? the black lipstick??? the accessories???
damn, this concept really suits her so so well!!!",87,2024-10-06T15:06:17Z,2024-10-06T15:28:35Z
UgzfCRBvNySix1X2DOZ4AaABAg,,False,@aerichannndesuuuu,MOTHERRRRR❤,0,2024-10-06T15:06:15Z,2024-10-06T15:06:15Z
Ugwb3ZPFUWHWzRci81J4AaABAg,,False,@Ningtaoma,ATE,0,2024-10-06T15:06:15Z,2024-10-06T15:06:15Z
Ugx0byrA3V1TFMuHHDZ4AaABAg,,False,@avifekalaksmana7553,Our queen aeri.,0,2024-10-06T15:06:14Z,2024-10-06T15:06:14Z
UgyMvjBeTYYlrB_SU0t4AaABAg,,False,@imnotblackmamba,OMG,0,2024-10-06T15:06:12Z,2024-10-06T15:06:12Z
UgzoJgMs9NxjVOcdNnp4AaABAg,,False,@Asabidou,YESSS I CAN SEE THAT HOURGLASS ⌛️ BODY GIRLLLLLLLLL,13,2024-10-06T15:06:10Z,2024-10-06T15:06:10Z
UgwDDu8P5opKOem1K3B4AaABAg,,False,@dooniewoonie,MOTHERRRRR!!!!!!,0,2024-10-06T15:06:09Z,2024-10-06T15:06:09Z
UgwRrLYtzn_jDBnmqK54AaABAg,,False,@srodfaroq4184,Giselle is gorgeous,22,2024-10-06T15:06:06Z,2024-10-06T15:06:06Z
Ugz1IKzD7oy4zm0glkd4AaABAg,,False,@astronautsamuel_xxv2295,OMG??? GISELLE SLAYEDDDDDDD,0,2024-10-06T15:06:05Z,2024-10-06T15:06:05Z
UgxQ5h0uVMXZXtc7LdJ4AaABAg,,False,@Ni-ki_kiki,Giselle😍💗💗,12,2024-10-06T15:06:01Z,2024-10-06T15:06:01Z
UgzBkidr6RKK1jsuIdl4AaABAg,,False,@grAvYGraVyy,GISELLE???!?!?!?! YOU ARE CRAZY FOR THIS!,0,2024-10-06T15:06:00Z,2024-10-06T15:06:00Z
UgyCcFfEiPurQvqv6Kl4AaABAg,,False,@dollhikari,4 min ago ngheheheh,0,2024-10-06T15:05:59Z,2024-10-06T15:05:59Z
UgzpEjQORI4lS0Oe6YB4AaABAg,,False,@srodfaroq4184,Pinkselle,1,2024-10-06T15:05:57Z,2024-10-06T15:05:57Z
Ugz4a9CXKL4Sww-Va0p4AaABAg,,False,@rinaluvie,HER MAKE UP >>>>>,0,2024-10-06T15:05:55Z,2024-10-06T15:05:55Z
Ugww0REoVL0vvL08cAR4AaABAg,,False,@MYS_AESPA.,GISELLE LOKKS SO STUNNING WITH THE PINK HAIR!! HER ERA FOR SURE❤️❤️❤️,57,2024-10-06T15:05:54Z,2024-10-06T15:05:54Z
Ugww0REoVL0vvL08cAR4AaABAg.A9Fso26kzJZA9KU0zX4aSk,Ugww0REoVL0vvL08cAR4AaABAg,True,@pearsblikingone.jand9cb764,pink hair just does something idk what but it's absolutely STUNNING definitely let's go crazy MY <3,0,2024-10-08T09:56:49Z,2024-10-08T09:56:49Z
Ugy06vekVLGolOxUhId4AaABAg,,False,@elodierouge-k4v,queen G is definition of slayyyy 💅💅,0,2024-10-06T15:05:54Z,2024-10-06T15:05:54Z
UgyEfGKv4APej0igq1F4AaABAg,,False,@sage4597,Giselle!!,0,2024-10-06T15:05:53Z,2024-10-06T15:05:53Z
UgzO6y7LEU6UXnpx64N4AaABAg,,False,@heekyungseo1977,워메!멋지고 아름답고 화려하고 완전 다른사람이되는듯한 지젤씨의모습이네요 베리나이스 굿이네요 👍👍👍👍👍👍👍😊😊😊😊😊😊,118,2024-10-06T15:05:52Z,2024-10-06T15:05:52Z
UgzUyB2I3WXI2TP1_Ml4AaABAg,,False,@neelimasalam9437,Gigi look amezing 😮🥵🔥🔥,1,2024-10-06T15:05:49Z,2024-10-06T15:05:49Z
UgzkvHhw-QtyGhhfArV4AaABAg,,False,@rjiejlk,MOTHER,1,2024-10-06T15:05:46Z,2024-10-06T15:05:46Z
UgyVtE2aNySa-iI2Qyp4AaABAg,,False,@nolanwn,AAAAAHHHH OMGGOMOGOMGGG!!!,0,2024-10-06T15:05:45Z,2024-10-06T15:05:45Z
Ugw7MJ9Y1n6wc9T-Dr54AaABAg,,False,@Itsmytempo,ATEEEE,0,2024-10-06T15:05:44Z,2024-10-06T15:05:44Z
Ugy__CVN0GEwdBo3IEB4AaABAg,,False,@nyaliso3342,ate.,0,2024-10-06T15:05:41Z,2024-10-06T15:05:41Z
UgxGEpbJUZq5hbHU2pd4AaABAg,,False,@Aep1nk_bluu,"OUR GORGEOUS QUEEN! GET READY FOR WHIPLASH, MYS",1,2024-10-06T15:05:39Z,2024-10-06T15:05:39Z
UgxxOfNxmTEHWEFbKzN4AaABAg,,False,@kariinaeverse,WHOS READY TO STREAM WHIPLASH?! WE ARE SO EXCITED AND THE GIRLS LOOK BEAUTIFUL!!,46,2024-10-06T15:05:38Z,2024-10-06T15:05:38Z
UgxxOfNxmTEHWEFbKzN4AaABAg.A9Fsm1Q6hLaA9FvgFnuIpI,UgxxOfNxmTEHWEFbKzN4AaABAg,True,@pruitv4,using this alt to sppm more to make aedark look better only to use that one seconds later as you do every single day so you still manage to tell us how youre the most mental h aater even with your alts.,1,2024-10-06T15:31:03Z,2024-10-06T15:31:03Z
Ugw0nblO_LSFdzjBMqF4AaABAg,,False,@suzy2724,素晴らしい,0,2024-10-06T15:05:37Z,2024-10-06T15:05:37Z
Ugyjwd94HurrW5F4ia94AaABAg,,False,@L_see127,Ok miss uchinaga !!,1,2024-10-06T15:05:34Z,2024-10-06T15:05:34Z
UgzmxQHhvyC6TL3ypDZ4AaABAg,,False,@Naenaveluv,АААА ЖИЗЕЛЬЬЬЬ Я ТЕБЯ ЛЮБЛЮЮЮ❤❤❤❤❤,0,2024-10-06T15:05:34Z,2024-10-06T15:05:34Z
UgybixOkvEdjWBfy1JF4AaABAg,,False,@niju_maruu,えりちゃん綺麗🥹ピンク髪最高だよ💖,56,2024-10-06T15:05:31Z,2024-10-06T15:05:31Z
UgyhkDW9ZqTZ0_SLggh4AaABAg,,False,@TanviSumanBlinkbp,Giselleee❤❤❤❤,3,2024-10-06T15:05:31Z,2024-10-06T15:05:31Z
Ugy8gB0BPzP0EdeKVSF4AaABAg,,False,@alarakilinc5,"When is it on Spotifyyyyyy?????
BTW: you guys are SLAYYYYINGGG❤️🔥🎉🥳✨️",0,2024-10-06T15:05:28Z,2024-10-06T15:05:28Z
Ugx2m_Uo9srIMT6HQuJ4AaABAg,,False,@pandugiofano,omagaaaaaaa,1,2024-10-06T15:05:28Z,2024-10-06T15:05:28Z
Ugz0sgKHEjAsH2vg1Zd4AaABAg,,False,@its4bie,MOMMY GISELLE IS BACKKK!,0,2024-10-06T15:05:28Z,2024-10-06T15:05:28Z
UgwAxgarCE-AAE8b1_x4AaABAg,,False,@S_LXC,Crazyyy🔥🔥🔥🔥,0,2024-10-06T15:05:27Z,2024-10-06T15:05:27Z
UgxvX8BgO2A9SL-M-zJ4AaABAg,,False,@hanhdo2355,GISELLE THE WOMAN YOU ARE,6,2024-10-06T15:05:26Z,2024-10-06T15:05:26Z
UgxcHz3_n4pNMOjZoGF4AaABAg,,False,@katejoulesbernales5375,PINK IS REALLY YOUR COLOR! AAHHHH SHET GISELLE U LOOKS SOOO GREAT,1,2024-10-06T15:05:24Z,2024-10-06T15:05:24Z
UgxNRemuK0HJQ5avZSh4AaABAg,,False,@mymy20luli35,Giselle sayangku cintaku,0,2024-10-06T15:05:23Z,2024-10-06T15:05:23Z
UgzYAgZy_ISEMWhtNXN4AaABAg,,False,@Aep1nk_bluu,SHE’S SO STUNNING,0,2024-10-06T15:05:22Z,2024-10-06T15:05:22Z
UgxYU-abNLkSHAKPig94AaABAg,,False,@IndahSripratiwi,❤❤❤,0,2024-10-06T15:05:22Z,2024-10-06T15:05:22Z
UgxrOfmGUSjYkVqKhfp4AaABAg,,False,@plix9797,Main character!!!,0,2024-10-06T15:05:20Z,2024-10-06T15:05:20Z
UgzIfAValng9RLrq2DV4AaABAg,,False,@sunflower_______,지☆젤☆력,0,2024-10-06T15:05:17Z,2024-10-06T15:05:17Z
Ugy6nedj1tqPANKv1S14AaABAg,,False,@kshabria,WOAH GISELLE SO MOTHERING,0,2024-10-06T15:05:17Z,2024-10-06T15:05:17Z
UgwJweKlY2w1Tyi7rqh4AaABAg,,False,@AngelaAriana-wi6wv,DAMNNN GURLL!??🤯🤯,4,2024-10-06T15:05:16Z,2024-10-06T15:05:16Z
UgzaRDi8t_L8YYaqC9p4AaABAg,,False,@ACNnóiđãvc,Wow giselle,0,2024-10-06T15:05:14Z,2024-10-06T15:05:14Z
UgwoQSEFFu8pk8G-fzF4AaABAg,,False,@kariinaeverse,Aeri!! すごく可愛いよ！メインラッパーの雰囲気ある！,37,2024-10-06T15:05:13Z,2024-10-06T15:05:13Z
UgwoQSEFFu8pk8G-fzF4AaABAg.A9Fsj1vf8n7A9Fvbnt0-5o,UgwoQSEFFu8pk8G-fzF4AaABAg,True,@pruitv4,just everglowup aka choujimi ningverse winterosy thewoo hooned peachxtaehyung psdoyoo etc trying to look nice after being xpsd with her alts nasrun and hypeboy with which she always wants all groups to d13.,1,2024-10-06T15:30:27Z,2024-10-06T15:30:27Z
UgwoQSEFFu8pk8G-fzF4AaABAg.A9Fsj1vf8n7A9FvcL-nm0_,UgwoQSEFFu8pk8G-fzF4AaABAg,True,@pruitv4,using this alt to sppm more to make aedark look better only to use that one seconds later as you do every single day so you still manage to tell us how youre the most mental h aater even with your alts.,1,2024-10-06T15:30:31Z,2024-10-06T15:30:31Z
UgwIB6LQ8y8Kefd7fwV4AaABAg,,False,@vei268,OMG EMO GISELLE INLOVE RN,0,2024-10-06T15:05:11Z,2024-10-06T15:05:11Z
Ugx8WwD6-iJ6PxuuvM14AaABAg,,False,@inthemoodpinkmoon,มาดามจึ้งมาก❤❤,0,2024-10-06T15:05:11Z,2024-10-06T15:05:11Z
UgzSPZg7sxq_llRECyd4AaABAg,,False,@yoonriqq,EXCUSE ME??? QUEEN GISELLE WHAT IS THIS???!!😫❤❤,3,2024-10-06T15:05:09Z,2024-10-06T15:05:09Z
UgxjnMEafi8hcCQDNNl4AaABAg,,False,@winiwuw,МАМА,0,2024-10-06T15:05:08Z,2024-10-06T15:05:08Z
UgwNGCl9iTqCpanPLbh4AaABAg,,False,@Aep1nk_bluu,THIS IS OUT GISELLE! SLAYING!,0,2024-10-06T15:05:06Z,2024-10-06T15:05:06Z
Ugwdpth-Dc2AmhMG-PF4AaABAg,,False,@silymoon7168,IM SPEECHLESS RN IM WO EXCITED,0,2024-10-06T15:05:05Z,2024-10-06T15:05:05Z
UgyL6zZRhjSCnpaE7pd4AaABAg,,False,@Aep1nk_bluu,This HAIRCOLOUR AND HER FACE EXPRESSION 😍😍,0,2024-10-06T15:05:02Z,2024-10-06T15:05:02Z
UgwNNc3Pdd8qGMmM5wt4AaABAg,,False,@choisuaaa,SO PRECIOS❤❤❤❤,0,2024-10-06T15:05:00Z,2024-10-06T15:05:00Z
Ugy_BsG8iwd1bDsNVkZ4AaABAg,,False,@4xaa-x,QUE REINA ❤,0,2024-10-06T15:05:00Z,2024-10-06T15:05:00Z
Ugxvq3N3aIIH3rQ56W94AaABAg,,False,@Wynezxx8,EARLY GANG HERE 👇,1,2024-10-06T15:04:59Z,2024-10-06T15:04:59Z
UgyUTTF5FbLJFDqNyVp4AaABAg,,False,@wish4yushi,MOTHER,0,2024-10-06T15:04:59Z,2024-10-06T15:04:59Z
UgzZpqKWXIO7yz-otAd4AaABAg,,False,@megalunar7860,Who will support aespa forever,1,2024-10-06T15:04:57Z,2024-10-06T15:04:57Z
UgzwO6rrk3Vl1KLrJJd4AaABAg,,False,@shannoncapuyan6459,Giselle gives off villainess black mamba with those black lipstick gorgeous 🤩,754,2024-10-06T15:04:55Z,2024-10-06T15:04:55Z
UgzwO6rrk3Vl1KLrJJd4AaABAg.A9Fsgm5IohcA9Fw70JqzeM,UgzwO6rrk3Vl1KLrJJd4AaABAg,True,@jendeuk143,Fr,3,2024-10-06T15:34:51Z,2024-10-06T15:34:51Z
UgzwO6rrk3Vl1KLrJJd4AaABAg.A9Fsgm5IohcA9G0GBPOrTO,UgzwO6rrk3Vl1KLrJJd4AaABAg,True,@_love_lia,frr,3,2024-10-06T16:19:47Z,2024-10-06T16:19:47Z
UgzwO6rrk3Vl1KLrJJd4AaABAg.A9Fsgm5IohcA9KTXBh1uQf,UgzwO6rrk3Vl1KLrJJd4AaABAg,True,@pearsblikingone.jand9cb764,it's,0,2024-10-08T09:52:29Z,2024-10-08T09:52:29Z
UgzwO6rrk3Vl1KLrJJd4AaABAg.A9Fsgm5IohcA9KTY19LuJK,UgzwO6rrk3Vl1KLrJJd4AaABAg,True,@pearsblikingone.jand9cb764,literally,0,2024-10-08T09:52:35Z,2024-10-08T09:52:35Z
UgzwO6rrk3Vl1KLrJJd4AaABAg.A9Fsgm5IohcA9KT_Yyl-nP,UgzwO6rrk3Vl1KLrJJd4AaABAg,True,@pearsblikingone.jand9cb764,so ✨,0,2024-10-08T09:52:56Z,2024-10-08T09:52:56Z
Ugy7yByQnmhAyrLF59p4AaABAg,,False,@Aep1nk_bluu,HOTSELLE IS SO PERFECT AND STUNNING,0,2024-10-06T15:04:55Z,2024-10-06T15:04:55Z
UgxDDJXvbcdJ6A3pJSh4AaABAg,,False,@gigi354e,Giselle with pink hair ✨✨,0,2024-10-06T15:04:54Z,2024-10-06T15:04:54Z
UgzIngko2HKqgWm3ox94AaABAg,,False,@kariinaeverse,그녀의 시선 ~~,11,2024-10-06T15:04:54Z,2024-10-06T15:04:54Z
UgzIngko2HKqgWm3ox94AaABAg.A9Fsgd_OHN9A9Fv_wCqeGy,UgzIngko2HKqgWm3ox94AaABAg,True,@pruitv4,just everglowup aka choujimi ningverse winterosy thewoo hooned peachxtaehyung psdoyoo etc trying to look nice after being xpsd with her alts nasrun and hypeboy with which she always wants all groups to d13.,0,2024-10-06T15:30:12Z,2024-10-06T15:30:12Z
UgzIngko2HKqgWm3ox94AaABAg.A9Fsgd_OHN9A9FvaW6gwK8,UgzIngko2HKqgWm3ox94AaABAg,True,@pruitv4,using this alt to sppm more to make aedark look better only to use that one seconds later as you do every single day so you still manage to tell us how youre the most mental h aater even with your alts.,0,2024-10-06T15:30:16Z,2024-10-06T15:30:16Z
UgzIngko2HKqgWm3ox94AaABAg.A9Fsgd_OHN9A9Fvaz7Fkb1,UgzIngko2HKqgWm3ox94AaABAg,True,@pruitv4,still make fun of their language the same way you always do with aedark when many knetz xpsd you for doing so everything you do is still one of the most mental things you do.,0,2024-10-06T15:30:20Z,2024-10-06T15:30:20Z
UgzgQaQkeZDXru74GhB4AaABAg,,False,@sharkcakess,AHH ATEE,0,2024-10-06T15:04:51Z,2024-10-06T15:04:51Z
Ugy28TG5qqVkHDbPgjp4AaABAg,,False,@LuvKpopforlife,THE PINK HAIR AND DARK LIPS?!,0,2024-10-06T15:04:50Z,2024-10-06T15:04:50Z
UgxCitmhWioByRrukKR4AaABAg,,False,@깡성-e7w,애리 믓지다,0,2024-10-06T15:04:50Z,2024-10-06T15:04:50Z
UgxHhnovlaFGDGGHxA94AaABAg,,False,@elodierouge-k4v,danggg she's on fire ❤‍🔥❤‍🔥❤‍🔥,15,2024-10-06T15:04:49Z,2024-10-06T15:04:49Z
Ugx6llZvvxZGk6KOe5V4AaABAg,,False,@libemsanachanu2357,😮😮😮😮😮❤❤❤❤❤,0,2024-10-06T15:04:48Z,2024-10-06T15:04:48Z
Ugxu_BIHeLpUpO926w14AaABAg,,False,@whixzpies,WHIPLASH GUYS- THIS IS GONNA BE FIRE,0,2024-10-06T15:04:48Z,2024-10-06T15:04:48Z
UgwB1tKP5RFrbtpAFOh4AaABAg,,False,@karinalepitan851,PUTANGINAAAAAAAAA,0,2024-10-06T15:04:46Z,2024-10-06T15:04:46Z
UgwdSaYOAmO0eKIFLbR4AaABAg,,False,@najujva,MY GLORIOUS QUEEN GISELLE,3,2024-10-06T15:04:44Z,2024-10-06T15:04:44Z
UgzvACA3ivep0_86LsV4AaABAg,,False,@Aep1nk_bluu,"GISELLE IS SO STUNNING, OMG",0,2024-10-06T15:04:43Z,2024-10-06T15:04:43Z
UgzFuLq6mez18R4zdVt4AaABAg,,False,@kariinaeverse,GISELLE IS ON FIRE!! MY PINK SELLE IS SO SWAG~`,51,2024-10-06T15:04:41Z,2024-10-06T15:04:41Z
UgzFuLq6mez18R4zdVt4AaABAg.A9Fsf7XZwqRA9Fve8wQvOh,UgzFuLq6mez18R4zdVt4AaABAg,True,@pruitv4,using this alt to sppm more to make aedark look better only to use that one seconds later as you do every single day so you still manage to tell us how youre the most mental h aater even with your alts.,0,2024-10-06T15:30:46Z,2024-10-06T15:30:46Z
UgzFuLq6mez18R4zdVt4AaABAg.A9Fsf7XZwqRA9FvnwvNJvY,UgzFuLq6mez18R4zdVt4AaABAg,True,@pruitv4,the same copy paste sppm as you always do with aedark who coincidentally for the first time ever isnt sppming here and using script for 20 liikes in one jump while you didnt use it with aedark yet truly the most mental h aater ever seen.,0,2024-10-06T15:32:06Z,2024-10-06T15:32:06Z
UgyguFk07DERWrBckZt4AaABAg,,False,@liveloveveryone,EARLYYY,0,2024-10-06T15:04:40Z,2024-10-06T15:04:40Z
UgzmFT6k1GOvm2qYiUp4AaABAg,,False,@marioantonioacosta5214,❤❤❤❤,0,2024-10-06T15:04:37Z,2024-10-06T15:04:37Z
Ugxz5U7Cg4qBAtUkzUd4AaABAg,,False,@KtubeTara,😻💗💗💗,0,2024-10-06T15:04:36Z,2024-10-06T15:04:36Z
UgwAfnb-z_qAOHlu6bJ4AaABAg,,False,@lllluhvr,PINKSELLEE IS GONNA OWN THIS ERA TRUST 😋,1,2024-10-06T15:04:35Z,2024-10-06T15:04:35Z
UgzkV6Z-LoVOHolp_SR4AaABAg,,False,@whixzpies,Omg yes,0,2024-10-06T15:04:34Z,2024-10-06T15:04:34Z
UgzRsAMjhQno9EHDIkp4AaABAg,,False,@aliasuser12345,Mother 😮😮😮😮,0,2024-10-06T15:04:33Z,2024-10-06T15:04:33Z
Ugx7X2vfsaTIV3w_3V54AaABAg,,False,@jisoo_nue,❤,0,2024-10-06T15:04:33Z,2024-10-06T15:04:33Z
Ugyg7rbcipsFV9F0oCR4AaABAg,,False,@Avaaayyaaa,GURLLLLL???,1,2024-10-06T15:04:32Z,2024-10-06T15:04:32Z
Ugzt_t_P2SEZlQg1hz54AaABAg,,False,@cha-sk2qy,MOTHER omg😫🙌🏻🙌🏻🙌🏻💞💞,0,2024-10-06T15:04:32Z,2024-10-06T15:04:32Z
Ugx1bspZE02BteACpZd4AaABAg,,False,@wonymyliferosie,OMG MY GIRLLL ❤❤,0,2024-10-06T15:04:32Z,2024-10-06T15:04:32Z
UgwwS7gSPk086oCLaDl4AaABAg,,False,@nawshintarannumarthi,"Try not to say mother:
*FAILED*",1,2024-10-06T15:04:32Z,2024-10-06T15:04:32Z
UgzFHpuDgvXOXWvFIhB4AaABAg,,False,@KtubeTara,😻💗💗💗,0,2024-10-06T15:04:31Z,2024-10-06T15:04:31Z
UgxVjIEzQCdYsY9o3rF4AaABAg,,False,@Aep1nk_bluu,I CAN’T WAIT FOR WHIPLASH!,0,2024-10-06T15:04:31Z,2024-10-06T15:04:31Z
Ugy18a4SA-MwIWxTUPt4AaABAg,,False,@amnawael9370,Mother Giselle,0,2024-10-06T15:04:30Z,2024-10-06T15:04:30Z
Ugx8plf7kf0gLxtoNy94AaABAg,,False,@alanavirtue3671,She’s a literal queeennnnnn😆😆😆😆,46,2024-10-06T15:04:23Z,2024-10-06T15:04:23Z
UgwR4beZwHl-nVMvZTJ4AaABAg,,False,@Aep1nk_bluu,GET READY MYS! THIS IS SO EXITING!,6,2024-10-06T15:04:23Z,2024-10-06T15:04:23Z
UgwfbYNJIvjjVgFzOs94AaABAg,,False,@kariinaeverse,WOW!!! SHES SO PRETTY!!,33,2024-10-06T15:04:21Z,2024-10-06T15:04:21Z
UgwfbYNJIvjjVgFzOs94AaABAg.A9Fsci6deJ_A9Fvf5TxTFM,UgwfbYNJIvjjVgFzOs94AaABAg,True,@pruitv4,using this alt to sppm more to make aedark look better only to use that one seconds later as you do every single day so you still manage to tell us how youre the most mental h aater even with your alts.,1,2024-10-06T15:30:54Z,2024-10-06T15:30:54Z
UgwfbYNJIvjjVgFzOs94AaABAg.A9Fsci6deJ_A9FvoLrIMQj,UgwfbYNJIvjjVgFzOs94AaABAg,True,@pruitv4,the same copy paste sppm as you always do with aedark who coincidentally for the first time ever isnt sppming here and using script for 20 liikes in one jump while you didnt use it with aedark yet truly the most mental h aater ever seen.,2,2024-10-06T15:32:10Z,2024-10-06T15:32:10Z
UgzxiNmKRIlPgleJMJp4AaABAg,,False,@jaeminwife8164,anjayy❤❤❤❤,1,2024-10-06T15:04:20Z,2024-10-06T15:04:20Z
Ugy25hFa15we2Uj-xJp4AaABAg,,False,@MinhHaTran-px1jj,THAT'S MY GIRL!!!,15,2024-10-06T15:04:19Z,2024-10-06T15:04:19Z
Ugy9q8qQsHn2fdROpe94AaABAg,,False,@Doonie4life,Omg Giselle 💖💞💖💖🩷💖🩷💖🩷💖🩷💖😻💖😻💖🩷💖🩷💖😻💖,51,2024-10-06T15:04:16Z,2024-10-06T15:04:16Z
Ugw0XVPH-rxq7lvOZ2N4AaABAg,,False,@Dontbrokenbarbie,찢었다,0,2024-10-06T15:04:14Z,2024-10-06T15:04:14Z
UgzRTSCpI_uKZTAZMUB4AaABAg,,False,@kalinggaaini2872,AERI MY GIRL ❤❤❤,0,2024-10-06T15:04:13Z,2024-10-06T15:04:13Z
UgzAhpQa21nc7H2CZZV4AaABAg,,False,@BlackpinkJisoo_Sooyaaa,Pretty girl❤,2,2024-10-06T15:04:12Z,2024-10-06T15:04:12Z
Ugzr8i11cIoqB_0QTwt4AaABAg,,False,@visp3ria,INSANEEEW,0,2024-10-06T15:04:08Z,2024-10-06T15:04:08Z
UgxAfo3-kQ8njNEuK-x4AaABAg,,False,@shaistang2152,So pretty Giselle and that hair just BMS 😭😭😭❤❤,2,2024-10-06T15:04:08Z,2024-10-06T15:04:08Z
Ugydxskl1uquYG0hysd4AaABAg,,False,@0greendragon,MOTHER,0,2024-10-06T15:04:07Z,2024-10-06T15:04:07Z
UgzGwjq_7xQax8Qtsbl4AaABAg,,False,@aeriu7,GERCEP HARUS DAPET GISELLE YAAAAA ❤,0,2024-10-06T15:04:06Z,2024-10-06T15:04:06Z
UgxmRo6hxtFkMRyXdc14AaABAg,,False,@aepl1xie,my mom....😭😭😭😭🙏🏻🙏🏻🙏🏻🙏🏻,0,2024-10-06T15:04:05Z,2024-10-06T15:04:05Z
UgygbEbhZHJJWwVZFQN4AaABAg,,False,@Mr.HitsOfficiel2008,틱톡 덕분에 여기 없는 사람들은 이 댓글에 좋아요를 눌러도 됩니다. ❤,1,2024-10-06T15:04:05Z,2024-10-06T15:04:05Z
UgwmmR5_3wIaBNq528d4AaABAg,,False,@Aep1nk_bluu,"THIS IS SO EXITING, can’t WAIT!",0,2024-10-06T15:04:04Z,2024-10-06T15:04:04Z
UgzeoPG-MyUYu4wA7Dx4AaABAg,,False,@baksoborak,HSKQJDHWQ GISELLE GODDESS,0,2024-10-06T15:04:04Z,2024-10-06T15:04:04Z
UgyQqoVyv7ghky-CMDZ4AaABAg,,False,@aerenaz,OMG,0,2024-10-06T15:04:01Z,2024-10-06T15:04:01Z
UgzpDmxZeiskAd5k4QJ4AaABAg,,False,@mahardhikaak6769,Whoaa,0,2024-10-06T15:04:01Z,2024-10-06T15:04:01Z
UgystzgzjWVgwnKFKWJ4AaABAg,,False,@giselle_aespa_21,OMG GISELLE❤ I LOVE YOU SO MUCH,0,2024-10-06T15:04:00Z,2024-10-06T15:04:00Z
UgyFD3AFggM034x9MtZ4AaABAg,,False,@sometimesugottabbold,Giselle the WOMAN YOU ARE 😍,0,2024-10-06T15:04:00Z,2024-10-06T15:04:00Z
Ugx50l6BJRIPRIKuhdF4AaABAg,,False,@nyan-nyan-v2w,えりにゃーんー！！💞🥹なんでも似合うね,0,2024-10-06T15:04:00Z,2024-10-06T15:04:17Z
UgxKX0-pUXAW5vbaPVx4AaABAg,,False,@lulaberna,Giselle 😍🔥👑,3,2024-10-06T15:03:59Z,2024-10-06T15:03:59Z
UgwyNwrJsbuD4575HOR4AaABAg,,False,@karinalepitan851,MOTHER GISELLEEEEEEEEEE,0,2024-10-06T15:03:59Z,2024-10-06T15:03:59Z
Ugwnh_twJsyguLOR5Hd4AaABAg,,False,@akillimy,4TH GEN BEST GG AND BEST CONSEPT GROUP,0,2024-10-06T15:03:58Z,2024-10-06T15:03:58Z
UgwatcvFN4WzKE-uFPF4AaABAg,,False,@Aep1nk_bluu,"SHE’S SO STUNNING AND BEAUTIFUL, hotselle is BACK!",96,2024-10-06T15:03:54Z,2024-10-06T15:03:54Z
Ugz1KAO_wga6QxNSGOR4AaABAg,,False,@terroreaespa,PQP QUE MULHER PERFEITA,0,2024-10-06T15:03:52Z,2024-10-06T15:03:52Z
UgxboKgIHrDqssbVYJd4AaABAg,,False,@lulubecaaaS2,SHE'S SO BEAUTIFUL,3,2024-10-06T15:03:51Z,2024-10-06T15:03:51Z
UgwfEmRBCNQ5a_yD02x4AaABAg,,False,@donghyucute,PLEASE LIKE GIRLS,0,2024-10-06T15:03:50Z,2024-10-06T15:03:50Z
UgzXL5CcGirEly5MYIJ4AaABAg,,False,@OhnMyint-me5kv,❤,0,2024-10-06T15:03:47Z,2024-10-06T15:03:47Z
Ugx6rVPK08dsUX8PAvZ4AaABAg,,False,@_.Moottsdino_.,DYVAAAAA❤❤❤❤,0,2024-10-06T15:03:47Z,2024-10-06T15:03:47Z
Ugx70OIjh64vJgH9v4Z4AaABAg,,False,@susanasusan8414,😮❤❤❤❤,0,2024-10-06T15:03:46Z,2024-10-06T15:03:46Z
Ugx5qZLETL9YhWtSNyd4AaABAg,,False,@opal_memorabilia,WOWWWWW,0,2024-10-06T15:03:46Z,2024-10-06T15:03:46Z
Ugw5cE2O4UChN4TXKmB4AaABAg,,False,@Aep1nk_bluu,GORGEOUS OMGG ❤,0,2024-10-06T15:03:44Z,2024-10-06T15:03:44Z
UgzZELbI_e-pMKW-XPR4AaABAg,,False,@cxxn.moomin,LOOKING SO FINE AERIII,0,2024-10-06T15:03:43Z,2024-10-06T15:03:43Z
Ugypuygq3EJlaB7LlZ94AaABAg,,False,@aestourrhe,OMG OMG IMG OMG OMG PINK HAIR GIGI,0,2024-10-06T15:03:43Z,2024-10-06T15:03:43Z
UgwxH126RkqHXIXJAdB4AaABAg,,False,@Aep1nk_bluu,STUNNINGSELLE!,1,2024-10-06T15:03:43Z,2024-10-06T15:03:43Z
UgyfO0lBGe4eYnfW8hR4AaABAg,,False,@JYTOWN,Eyoooooooo,0,2024-10-06T15:03:41Z,2024-10-06T15:03:41Z
UgzoifB7S1CTEGWjaRN4AaABAg,,False,@glairre,DAMNNNNNNN,1,2024-10-06T15:03:40Z,2024-10-06T15:03:40Z
Ugy00vYE-eeW0CaAn_Z4AaABAg,,False,@triminh5835,Ahhhh,0,2024-10-06T15:03:35Z,2024-10-06T15:03:35Z
Ugzo1THeO4zFH4612194AaABAg,,False,@prprddangddang,쇠스파... 이번엔 너무 쇠잖아...,0,2024-10-06T15:03:34Z,2024-10-06T15:03:34Z
UgxY0Nx39JCJSUpHnqt4AaABAg,,False,@Psychic-01tube,핑크머리 애리 누나 진짜 ㅁㅊ거 아니냐고ㅠ,0,2024-10-06T15:03:32Z,2024-10-06T15:03:32Z
UgyrsKvSY4hWs59P7TN4AaABAg,,False,@Menji-.-,이번 컴백 진짜 기대됌,0,2024-10-06T15:03:31Z,2024-10-06T15:03:31Z
UgzT1sONEtiguIu7ZmR4AaABAg,,False,@Aep1nk_bluu,THIS IS SO EXITING!,0,2024-10-06T15:03:29Z,2024-10-06T15:03:29Z
UgzsH2Dtfs6A-eER8PB4AaABAg,,False,@Da10sha._7,Omggg omggg ommggg,0,2024-10-06T15:03:29Z,2024-10-06T15:03:29Z
Ugx7nCFe0lNt9ZgyoDt4AaABAg,,False,@levitorating,te amoooo,0,2024-10-06T15:03:27Z,2024-10-06T15:03:27Z
UgzGw1vyrHuUTzpnwmF4AaABAg,,False,@madmax0116,GISELLEEEEEEEE ❤❤❤❤❤❤❤❤❤❤❤❤❤❤,0,2024-10-06T15:03:26Z,2024-10-06T15:03:26Z
Ugw87hJ4n2tG974EvMR4AaABAg,,False,@lalalix.,THATS MY GİRLSSS💋💋💍💍💍,0,2024-10-06T15:03:25Z,2024-10-06T15:03:25Z
UgyykDZiLJTHkSd4tzh4AaABAg,,False,@Kimchi_jisoo,880 like,0,2024-10-06T15:03:24Z,2024-10-06T15:03:24Z
Ugxu5NbsinEDp5SN_vR4AaABAg,,False,@moonae_,OH MY!!! OH MY!!! GISELLE !!! AERI !! WHAT !!??,0,2024-10-06T15:03:24Z,2024-10-06T15:03:24Z
UgzAHGKrApiZgh1oO4p4AaABAg,,False,@makemeobsessedd,GISELLEEEEEEEEEEEE ❤❤❤❤❤,0,2024-10-06T15:03:22Z,2024-10-06T15:03:22Z
UgwlFrMNpvUgcKYVdCh4AaABAg,,False,@kymultizs,OMG 😍❤️‍🔥,0,2024-10-06T15:03:20Z,2024-10-06T15:03:20Z
UgwHv7FJK9WxQlJoFlF4AaABAg,,False,@JiwooLee-mj2lt,I LOVE YOU GISELLE♥♥♥,1,2024-10-06T15:03:19Z,2024-10-06T15:03:19Z
Ugy6DEVS236nBGUqOVR4AaABAg,,False,@ohwntr8565,🩵🌙⭐️🦋,0,2024-10-06T15:03:14Z,2024-10-06T15:03:14Z
UgxNxlPE0R3GONV55f14AaABAg,,False,@gigi-l1over,미치겠다,0,2024-10-06T15:03:12Z,2024-10-06T15:03:12Z
UgxSsRDuhwWqt2Ob_Il4AaABAg,,False,@Nessyyy0777,PINK HAIR 😮,0,2024-10-06T15:03:12Z,2024-10-06T15:03:12Z
Ugx3fw43x81tpFMu_u54AaABAg,,False,@이러다미쳐내가,김애리너뭐냐?핫걸미쳤네,2,2024-10-06T15:03:09Z,2024-10-06T15:03:09Z
Ugx9sZAyFqfSqJOig6d4AaABAg,,False,@Limonelguey,She looks so fine!!!! ❤❤❤🎉🎉,0,2024-10-06T15:03:07Z,2024-10-06T15:03:07Z
UgwgC34_ZisV4d8JCAd4AaABAg,,False,@raisfitra5021,Giselle,0,2024-10-06T15:03:07Z,2024-10-06T15:03:07Z
UgznqbsLAykIdKDsIDt4AaABAg,,False,@lucidreamae,SHES SO PRETTY IM CRYING,0,2024-10-06T15:03:05Z,2024-10-06T15:03:05Z
Ugx8lhEYAhBQ1RsyJCB4AaABAg,,False,@Nessyyy0777,CRAZY GIRL GISELLE,0,2024-10-06T15:03:05Z,2024-10-06T15:03:05Z
Ugz3i1y8KcobtzKUK5Z4AaABAg,,False,@zzx-g9e,1분 전 귀하다,0,2024-10-06T15:03:03Z,2024-10-06T15:03:03Z
UgzW1ADDxmgKuO4xFkF4AaABAg,,False,@Ryujinsfuturewife,MOTHER IS MOTHERING❤❤❤,1,2024-10-06T15:03:02Z,2024-10-06T15:03:02Z
UgyJ2u_hiMHyueBvA2B4AaABAg,,False,@krsitofmolnar2081,I love you giselle,2,2024-10-06T15:03:02Z,2024-10-06T15:03:02Z
UgwzdK4Dz8Th12I2_V94AaABAg,,False,@Mona-sq1do,The hottest gurlll,4,2024-10-06T15:03:01Z,2024-10-06T15:03:01Z
UgzlSUCCU4VCizeSW_d4AaABAg,,False,@mmm-MJ-,LET'S GO!,0,2024-10-06T15:02:58Z,2024-10-06T15:02:58Z
UgwWFMtfwrLaJgxhdt94AaABAg,,False,@Nessyyy0777,OMGGG,0,2024-10-06T15:02:57Z,2024-10-06T15:02:57Z
UgxqGZ5Gy8s1Q0i8GpN4AaABAg,,False,@Stutiloveskpop-bg1jl,WE MYS ALWAYS LOVE AESPA SUNBAENIM ATE HWAITING!!!😘😍🥰❤‍🔥,8,2024-10-06T15:02:55Z,2024-10-06T15:02:55Z
UgxksUwZwnb_h54KTtp4AaABAg,,False,@wffty,Wowwww Giselle ❤❤❤,65,2024-10-06T15:02:54Z,2024-10-06T15:02:54Z
Ugzou5AHSSc1Iu2zjZx4AaABAg,,False,@전성재-z7b,지젤이 사람이냐 진짜 개이쁜거 아니야,0,2024-10-06T15:02:53Z,2024-10-06T15:02:53Z
UgwHQA_Wv12LouJjhtd4AaABAg,,False,@BernardNguyễn-t4u,Slayy,0,2024-10-06T15:02:49Z,2024-10-06T15:02:49Z
Ugxgv-maYTZkU7rKuxJ4AaABAg,,False,@syu2002,머시다냐 이게,0,2024-10-06T15:02:48Z,2024-10-06T15:02:48Z
UgxAhguFnd8EcXOPNh54AaABAg,,False,@NataliaLazareva-sd8ll,"AAH , GISELLE",4,2024-10-06T15:02:48Z,2024-10-06T15:02:48Z
UgyylpSJLl75BRcmTGF4AaABAg,,False,@0501PM,THAT'S HOT GG,0,2024-10-06T15:02:47Z,2024-10-06T15:02:47Z
UgyVthYWcVv6wgXbSfp4AaABAg,,False,@лиза-г5п5ж,ЖИЗЕЛЬ СЛЭЙ МАМА СТЭНЬТЕ КОРОЛЕВ,3,2024-10-06T15:02:47Z,2024-10-06T15:02:47Z
UgyWvimx9IRqrj2hjMh4AaABAg,,False,@yofavgirl_bellaibarra,OMGG THIS WAS 45 SEC AGO BTW THE LIKES ARE HOW MUCH IM GOING TO WATCH THE MUSIC VID OVER AND OVER AGAIN,1,2024-10-06T15:02:47Z,2024-10-06T15:02:47Z
UgylPUKpr8LmSYgweuR4AaABAg,,False,@m_o____r_e4084,Giselle ❤,0,2024-10-06T15:02:46Z,2024-10-06T15:02:46Z
Ugy5JL1Glj8F_2CSun54AaABAg,,False,@katherinepierce5922,OMGGG GIGI,0,2024-10-06T15:02:44Z,2024-10-06T15:02:44Z
UgwINOQEj7p8RpkpRTR4AaABAg,,False,@chaerx,Gıselle❤,0,2024-10-06T15:02:41Z,2024-10-06T15:03:10Z
UgyufiI72mQa_9NMjut4AaABAg,,False,@gorlwbs,WOAH,0,2024-10-06T15:02:40Z,2024-10-06T15:02:40Z
UgwLGtxUx_ONwq6Wt-h4AaABAg,,False,@juliavitoria9537,"Her era, finally!",0,2024-10-06T15:02:40Z,2024-10-06T15:02:40Z
UgxLf6IC_KZEGAiNG394AaABAg,,False,@Mr.HitsOfficiel2008,How many international fans are here to support Aespa?❤,3,2024-10-06T15:02:39Z,2024-10-06T15:02:39Z
UgxLf6IC_KZEGAiNG394AaABAg.A9FsRG6O_mYA9G5iGL92dP,UgxLf6IC_KZEGAiNG394AaABAg,True,@forlife_lifegood,Me 🇵🇰,0,2024-10-06T17:07:27Z,2024-10-06T17:07:27Z
UgxLf6IC_KZEGAiNG394AaABAg.A9FsRG6O_mYA9G6ytwFEJp,UgxLf6IC_KZEGAiNG394AaABAg,True,@aeriismine,Me 🇨🇦,0,2024-10-06T17:18:27Z,2024-10-06T17:18:27Z
Ugw8rompGfJw6zzaJgV4AaABAg,,False,@lucidreamae,ENDEDD,0,2024-10-06T15:02:38Z,2024-10-06T15:02:38Z
UgydmZTzx7VYxLOOgVh4AaABAg,,False,@jiajiafeii8659,Slayqueen,0,2024-10-06T15:02:38Z,2024-10-06T15:02:38Z
UgxdNSsqgh7DlUqxO6p4AaABAg,,False,@0501PM,OH WOW,0,2024-10-06T15:02:37Z,2024-10-06T15:02:37Z
UgwV6ZeG53mXOS5EYoN4AaABAg,,False,@godlike899,Pinkselle 🔥,1,2024-10-06T15:02:36Z,2024-10-06T15:02:36Z
UgxTRuYMwNU3IvmUyrB4AaABAg,,False,@tt31807,SEC,0,2024-10-06T15:02:33Z,2024-10-06T15:02:33Z
Ugz0R62U8OV0GF9wqhh4AaABAg,,False,@cherrie_riez,Aeri❤,0,2024-10-06T15:02:32Z,2024-10-06T15:02:32Z
UgwOvBoRybXjsnUGR3l4AaABAg,,False,@toasthamcheese,애리야….너무…예쁘다….ㅠㅠㅠㅠㅠㅠ,0,2024-10-06T15:02:27Z,2024-10-06T15:02:27Z
UgwXJi_qWIYwdp1yBDh4AaABAg,,False,@정은희-j3w,omgomg,0,2024-10-06T15:02:25Z,2024-10-06T15:02:25Z
Ugw2vK9cV7swi0Jbcgp4AaABAg,,False,@semiriize,OH LORD SHE IS THE PERFECTION,1,2024-10-06T15:02:23Z,2024-10-06T15:02:23Z
Ugx3YLoBxJph-Lrr6MF4AaABAg,,False,@Rainupy-29,OMG 🖤🩷,0,2024-10-06T15:02:22Z,2024-10-06T15:02:22Z
UgwWpmLamxepCUp_e8V4AaABAg,,False,@SKI_nanami25,eyyyyyy🤙🤙🤙🤙🤙,0,2024-10-06T15:02:21Z,2024-10-06T15:02:21Z
Ugw5YUSkuQ8QxLFK_RJ4AaABAg,,False,@spenceroh,핑크머리 우치나가 위플래쉬 컨셉에 핫걸력도 미쳤고 미모도 예뻐서 미쳤다🔥🌙,121,2024-10-06T15:02:20Z,2024-10-06T15:02:20Z
Ugyx_I18UTPLMOXh7UB4AaABAg,,False,@hanatime923,黒リップがしっくり来すぎるえりちゃん、天才🩷,0,2024-10-06T15:02:20Z,2024-10-06T15:02:20Z
UgytGpPOUsoN9Etd7614AaABAg,,False,@letstrytogetbetterokay8516,Giselle motherrrrrrr 🔥,0,2024-10-06T15:02:19Z,2024-10-06T15:02:19Z
UgytGpPOUsoN9Etd7614AaABAg.A9FsOkFkFYNA9FsQ_cTCkA,UgytGpPOUsoN9Etd7614AaABAg,True,@letstrytogetbetterokay8516,FIFTH,0,2024-10-06T15:02:34Z,2024-10-06T15:02:34Z
UgyN1xuv_pUStWXZ2Xt4AaABAg,,False,@NaingMinHan-j9c,giselle is on fire,28,2024-10-06T15:02:10Z,2024-10-06T15:02:10Z
UgxWdMY_wRT5W4uYzat4AaABAg,,False,@Isatori-15,so beautiful! 💗,46,2024-10-06T15:02:10Z,2024-10-06T15:02:10Z
UgyZ77eLzxn8UDlwvId4AaABAg,,False,@Seonmi_Lnhi185,My biass 😄😄😄,0,2024-10-06T15:02:08Z,2024-10-06T15:02:08Z
UgzncEfeB09OhutN3Gd4AaABAg,,False,@sirenebae,MISS UCHINAGAAAAA,0,2024-10-06T15:02:06Z,2024-10-06T15:02:06Z
Ugw2nc7P-vQXSrxrWrB4AaABAg,,False,@4everentertainment-officals,love,0,2024-10-06T15:02:04Z,2024-10-06T15:02:04Z
UgwBN1hJcyBtWePY7494AaABAg,,False,@rabbiteboy7436,Aespa’s here to save Kpop AGAIN,0,2024-10-06T15:02:03Z,2024-10-06T15:02:03Z
Ugxe6vje0_V33cGe0Vl4AaABAg,,False,@ARIMIX_Official,PINK HAIR GIVE EM WHIPLASH!,0,2024-10-06T15:02:02Z,2024-10-06T15:02:02Z
UgyweNygeOEsxoegn7t4AaABAg,,False,@ellios5058,❤❤,0,2024-10-06T15:02:02Z,2024-10-06T15:02:02Z
Ugw3C_3mM94U9kELVV54AaABAg,,False,@Felpss_SSRG,IT'S GIVING GISELLE ERA,0,2024-10-06T15:02:02Z,2024-10-06T15:02:02Z
Ugyjs9YfYElNi0aLsAh4AaABAg,,False,@Karisaly,İLKK,1,2024-10-06T15:01:59Z,2024-10-06T15:01:59Z
Ugyjs9YfYElNi0aLsAh4AaABAg.A9FsMN119ydA9FsiZTF19y,Ugyjs9YfYElNi0aLsAh4AaABAg,True,@Karisaly,@goldenjeonjung_kookieverse ilkim,0,2024-10-06T15:05:09Z,2024-10-06T15:05:09Z
Ugyjs9YfYElNi0aLsAh4AaABAg.A9FsMN119ydA9FsjXzHq8Q,Ugyjs9YfYElNi0aLsAh4AaABAg,True,@Karisaly,@eftoyumbenৎ EVET TÜRKÜM,0,2024-10-06T15:05:17Z,2024-12-11T01:05:12Z
Ugzpn9dzVGvrWTwdlox4AaABAg,,False,@2xivilli,اولللل,0,2024-10-06T15:01:58Z,2024-10-06T15:01:58Z
UgwjtN6ykJHEbA5kXed4AaABAg,,False,@MEOVVFANPAGE,이것이 바로 지젤력 ~👍👍✨✨,140,2024-10-06T15:01:57Z,2024-10-06T15:01:57Z
UgxMpqX7ZN7g4zyag1B4AaABAg,,False,@Jasmine-u1x,💓,0,2024-10-06T15:01:56Z,2024-10-06T15:01:56Z
UgwQbU2nu0YRqmB2BZR4AaABAg,,False,@jun-hee222,Second🎉,0,2024-10-06T15:01:52Z,2024-10-06T15:01:52Z
UgzvM-yBkPlf8kXj8Nl4AaABAg,,False,@naori9880,ОМГ,0,2024-10-06T15:01:46Z,2024-10-06T15:01:46Z
Ugz7I6CwMkH5G4z64rR4AaABAg,,False,@ucnlermb,GIGI MY GIRL!!!!!,0,2024-10-06T15:01:44Z,2024-10-06T15:01:44Z
UgwmN1e7bR1z2l2Lk1x4AaABAg,,False,@ItsMeDanny,MOTHER,1,2024-10-06T15:01:43Z,2024-10-06T15:01:43Z
UgyJw6B07dpz9XJrkq54AaABAg,,False,@comming_onda,GIGIII,0,2024-10-06T15:01:35Z,2024-10-06T15:01:35Z
UgyWsVMEMegWg7p2Gc54AaABAg,,False,@Omiayth,MY GIRL IS CRAZY❤,173,2024-10-06T15:01:25Z,2024-10-06T15:01:25Z
UgxHYwl0aeU-rXP4uXR4AaABAg,,False,@buteracps,FIRST,1,2024-10-06T15:01:19Z,2024-10-06T15:01:19Z
