comment_id,parent_id,is_reply,author,text,like_count,published_at,updated_at
UgzN_QhgyITx-xsIHpl4AaABAg,,False,@alansetiawanvlog,Kenapa yg pakai masker itu enggam terkejut ya?,0,2025-05-14T23:25:01Z,2025-05-14T23:25:01Z
UgynTrnq7ACpIrT-lVN4AaABAg,,False,@Dana-ky5bo,اليوم الي تغيبين فيه:,0,2025-05-10T14:17:24Z,2025-05-10T14:17:24Z
UgyrEZl3nJO1AgBbhS54AaABAg,,False,@佐伯-f1w,うわーこれはいい思い出すぎる😢,0,2025-05-08T07:39:21Z,2025-05-08T07:39:21Z
UgyJkpP-UvxOpJ_az6l4AaABAg,,False,@ConfirmedCynic,Why is Joo Eun's hoodie blurred out?,0,2025-05-05T14:40:33Z,2025-05-05T14:40:33Z
Ugz-tkWItUtssF2m3kV4AaABAg,,False,@SyakilaAzita,Andaikan aespa datang di rumah sekolah kuu,1,2025-05-03T07:33:21Z,2025-05-03T07:33:21Z
Ugx5bgR_O78SjagPQ414AaABAg,,False,@user-uq6uy8zf7m,1か月前とかまでアイドルなんて全く関心なかったしけーぽの曲も数曲しか知らへんかったけどaespaどハマりすぎてこの動画見てめちゃくちゃ泣いちゃったよまじ永久保存版なんやが,0,2025-05-01T08:14:40Z,2025-05-01T08:14:40Z
UgyN_WB02lIH6oib4BN4AaABAg,,False,@AlissonSilva-rq5lv,Linda linda linda ❤❤❤❤❤💐💐💐💐✌🏼✌🏻✌️💘❤️💞♥️💞,0,2025-04-29T00:41:08Z,2025-04-29T00:41:08Z
UgzVZWE8u9HhGzyPJKJ4AaABAg,,False,@vlt-e3h,맨 앞에 스쿼트 가운데 공기놀이 맨 뒤에 비닐봉지 잡기ㅋㅋㅋㅋㅋㅋㅋㅋㅋㅋㅋㅋㅋ,0,2025-04-24T15:17:26Z,2025-04-24T15:17:26Z
Ugx8mp9uJNewdZT-SP14AaABAg,,False,@jinu4966,아 귀엽따 진짜,0,2025-04-20T11:49:48Z,2025-04-20T11:49:48Z
Ugx9iyE6h010w5Qn1Bp4AaABAg,,False,@런닝맨-n1z,말투가 왜 이렇게 순해졌어? ㅋㅋ,0,2025-04-13T20:30:00Z,2025-04-13T20:30:00Z
UgwlcwKP6oKIcir3YTx4AaABAg,,False,@서-j3w,중동고등학교도 와주세요,0,2025-04-12T17:43:08Z,2025-04-12T17:43:08Z
UgzEkRNzElC2ljrxG9d4AaABAg,,False,@NayaaCeha,Aku kalo disitu pasti nangis jugaa soalnya my bias winterr❤,0,2025-04-08T12:02:46Z,2025-04-08T12:02:46Z
UgzWl4KGjdO3VqMmTVR4AaABAg,,False,@ovovhehe,아 언니들 나도 여고 다니는데 제발 와주라 제에발...... 응? 부탁이야 와주면 기절할 수 있어,0,2025-04-06T15:29:09Z,2025-04-06T15:29:09Z
UgyIPQt2XubfF-ux4Lh4AaABAg,,False,@Lotto-channel,카리나 봉지 미션 현타 오겠다,0,2025-04-04T01:22:13Z,2025-04-04T01:22:13Z
Ugwg1A9t9StMyd0jqNd4AaABAg,,False,@Lotto-channel,처음 등교한 학생 신유빈 닮았네,0,2025-04-04T01:20:35Z,2025-04-04T01:20:35Z
Ugz0pSr_ki9ewL31sJF4AaABAg,,False,@A.is.for.aespalicious,지젤이 영상 내내 겨울의 표적이 된 것 같아요,0,2025-03-30T14:56:05Z,2025-03-30T14:56:05Z
UgzoaoHcEal0amN-GAJ4AaABAg,,False,@yurifulangel,imagine being absent that day,1,2025-03-29T15:16:46Z,2025-03-29T15:16:46Z
UgxQuDfFQaQy1plnQS54AaABAg,,False,@박광원-e5p,마무리가. ㅋㅋ 지들만묵냐,0,2025-03-28T15:11:40Z,2025-03-28T15:11:40Z
UgxcIxWTrlcAs2kuJAh4AaABAg,,False,@박광원-e5p,우리애들평생 기억,0,2025-03-28T15:10:16Z,2025-03-28T15:10:16Z
UgxdzqLxtTnwjbe8Bs54AaABAg,,False,@CitraMutiara-g9s,"lucu banget kakak"" gw",0,2025-03-28T03:04:04Z,2025-03-28T03:04:04Z
Ugz_uFXsTdWDx864ZLt4AaABAg,,False,@lalisaofficial4167,PENGEN JUGA SEKOLAH DIDATENGIN AESPAA 😭😭😭,0,2025-03-27T07:19:38Z,2025-03-27T07:19:38Z
UgwH9JPNwXodg4Q9c194AaABAg,,False,@junghwanlee5101,카리나  이쁘다.,0,2025-03-21T18:52:26Z,2025-03-21T18:52:26Z
UgxYYWx4OiPq-TREBHN4AaABAg,,False,@dancingintherains,High School æspa,0,2025-03-10T10:54:01Z,2025-03-10T10:54:01Z
UgxDOrO-vDh4QLxnUX54AaABAg,,False,@김미오-b5i,이게 진정한 힐링이지,9,2025-03-05T06:25:59Z,2025-03-05T06:25:59Z
UgwMvSwPrS5fKxHaVf14AaABAg,,False,@Lialauw,15:45  lol,0,2025-03-01T19:59:32Z,2025-03-01T19:59:32Z
UgyieHzox3TUD9Xbfl14AaABAg,,False,@Lialauw,Wow really zhes a goddess❤❤❤  9:56,0,2025-03-01T19:50:37Z,2025-03-01T19:50:37Z
UgyHUieHlIlb4AD_xpR4AaABAg,,False,@Lialauw,Idk why but thats is my reaction. ❤ my fav person rgt there 6:59,0,2025-03-01T19:46:03Z,2025-03-01T19:46:03Z
Ugw4a3Whrn5LyDfE26J4AaABAg,,False,@ferdinsmp,김민증ㅇㅣ,0,2025-02-28T23:41:55Z,2025-02-28T23:42:01Z
Ugwvdgll8W3ZKk5HUqB4AaABAg,,False,@doievi3107,"11:20 salfok bgt sama yang fokus belajar dibelakang..
dia drtd diem aja😦",0,2025-02-27T15:21:06Z,2025-02-27T15:21:15Z
UgzH_3pOenP6BAuQ5994AaABAg,,False,@adelheid6,their prettie,0,2025-02-26T12:06:11Z,2025-02-26T12:06:11Z
UgyXH34d_uqDSSUz75N4AaABAg,,False,@mmmmm74741,윈터 사랑해,0,2025-02-24T07:54:40Z,2025-02-24T07:54:40Z
UgxzYXUkTL8_w2TXktp4AaABAg,,False,@Starla90,Hallo i'm SONE....melihat aespa begitu cantik..semangat terus di masa depan ❤,0,2025-02-22T12:53:13Z,2025-02-22T12:53:13Z
UgxXnLzGaGHWJUGwaI14AaABAg,,False,@김주호-f1w,참 나 이게 뭐라고 나도 눈물이 나지,0,2025-02-18T23:05:59Z,2025-02-18T23:05:59Z
Ugy_cSOIcm5JfjGy5bd4AaABAg,,False,@네珉天也想见你,나라면 울 것 같다,0,2025-02-16T12:01:04Z,2025-02-16T12:01:04Z
UgzqDirLF4OHmyE4zH54AaABAg,,False,@shdskd-x6d,저 상황에 아싸는 공부하는척 한다😂😂😂,0,2025-02-10T08:23:04Z,2025-02-10T08:23:04Z
UgxbQwoa0E1VyH3Ij054AaABAg,,False,@luigitedjoputro3056,1:40 the sfx ahahahaha editor needs a raise,0,2025-02-09T13:58:58Z,2025-02-09T13:58:58Z
UgyP-beYNcaedZxDGRB4AaABAg,,False,@Tomiyuuki,"The 2 episodes at school really warmed my heart. They were so funny but also so touching to see how they all interacted, from Winter giving random funny missions and having so much fun watching them, to Giselle doing squat while talking, Ningning giving snacks and Karina laughing with students and giving the present to the teacher, to hugging crying students at the end. I love Aesparty, thank you for making these videos !",3,2025-02-07T21:01:49Z,2025-02-07T21:01:49Z
UgynbNFnHY_lrvXqvrx4AaABAg,,False,@mxrax,"좋겟다,,,……..진짜로…",2,2025-02-03T16:55:34Z,2025-02-03T16:55:34Z
UgxVBOJ5KbKvFL-0r9d4AaABAg,,False,@soap-en3cz,30:15 진짜 학생들 좋겠다ㅋㅋㅋ 울 학교에도 아이돌 와 줬으면...,0,2025-01-30T14:31:17Z,2025-01-30T14:31:17Z
UgxHwaqCWV3DRdB6Sml4AaABAg,,False,@Winterrr0101,"MY和她們四隻都太可愛了吧😂
冬冬的安慰拍拍好暖",1,2025-01-30T07:28:25Z,2025-01-30T07:28:25Z
Ugydj52khZU7CbA5Y6R4AaABAg,,False,@TytWmf,카리나 실제로 보면 지릴 자신있다,0,2025-01-28T16:55:05Z,2025-01-28T16:55:05Z
UgyrnoHGTxVKD7nuZ0h4AaABAg,,False,@anajuliagurgel4647,I had to hold myself not to cry hard when the girls started to cryyyyyy,0,2025-01-26T02:26:02Z,2025-01-26T02:26:02Z
UgwhLmx-s4zpz3cIq3Z4AaABAg,,False,@anajuliagurgel4647,"Giselle thanking while squatting 🤣🤣🤣 I cried, her friend is suddenly squatting too 🤣🤣🤣🤣",0,2025-01-26T02:13:33Z,2025-01-26T02:13:33Z
UgxUYSRPIx6dykIELJd4AaABAg,,False,@KBBOK-k5v,아 이거 뭔가 재미도 있고 감동도 있네..에스파 리얼리티 또 잼난걸로 좀 해주셈,10,2025-01-25T18:01:54Z,2025-01-25T18:01:54Z
UgxY_VenwanXdbOR_nt4AaABAg,,False,@고양이-z8c,개부럽네.,0,2025-01-22T16:54:09Z,2025-01-22T16:54:09Z
UgyL0JZka8ehL9OJH114AaABAg,,False,@aylindstar,seruu,0,2025-01-22T04:46:49Z,2025-01-22T04:46:49Z
UgzMi4zyn9fSjJ9yDrF4AaABAg,,False,@haerinisthaeyuki0515,주은이학생 귀엽지 않아요?😮,2,2025-01-20T11:54:45Z,2025-01-20T11:54:45Z
Ugz4kRjqmrHCgaCeEaV4AaABAg,,False,@PinkCabinet,4:07 is she a human? HAHAHAHA,1,2025-01-18T17:30:45Z,2025-01-18T17:30:45Z
UgwrUUYYkF2WnNFWBZ14AaABAg,,False,@KeithLund,I love aespa 😍,0,2025-01-18T09:00:22Z,2025-01-18T09:00:22Z
UgyWHmECBGr_GzGszMx4AaABAg,,False,@dlmusicproduction3132,"Ugh...those poor girls didn't get ANY studying done. 

🤭",0,2025-01-16T03:32:52Z,2025-01-16T03:32:52Z
UgwP6XGy_erkrmb-1y14AaABAg,,False,@ursaveme,"I'm the same age as the members, but I feel so jealous that high school students can mingle with them😢😂",0,2025-01-14T17:14:32Z,2025-01-14T17:14:32Z
UgwExspANdzDObEyxoR4AaABAg,,False,@밀크-u4o,ㅊ차원 반송여중에도 왔으면 좋겟따 다들 자기학교에 왔으면 좋겠겠지  실제로 보고싶다...,0,2025-01-14T12:46:04Z,2025-01-14T12:46:04Z
Ugz-SelsORFwsd3MiA14AaABAg,,False,@김도주-z6l,카리나 진짜 귀엽다,3,2025-01-12T16:22:01Z,2025-01-12T16:22:01Z
UgyKHqFZfRcKL_stRHh4AaABAg,,False,@지현_업어버려_이현,"에스파 만난 애들 너무 좋겠다,,❤ 다들 입틀막하고 쓰러지던데😂",4,2025-01-12T01:18:20Z,2025-01-12T01:18:20Z
UgzUtCNC4xRDO0lQx7Z4AaABAg,,False,@yy22468__,Karina is such a warm-hearted girl😭she even noticed the teacher.!No one would dislike her!!,0,2025-01-08T10:07:12Z,2025-01-08T10:07:12Z
UgyY2ImImLP6YkiFPqN4AaABAg,,False,@unknown-ch3cm,6:06 doing squats with your bias 😭🤣,0,2025-01-07T08:12:43Z,2025-01-07T08:12:43Z
UgwVlzi7VpwT2Pj6pep4AaABAg,,False,@user-do1kw4vt5h,저 상황에도 제일 열심히 공부하는 뒷자리 학생 대단..,0,2025-01-04T06:40:06Z,2025-01-04T06:40:06Z
UgwVlzi7VpwT2Pj6pep4AaABAg.ACriTCGBIFkAEMAjtH_HZ2,UgwVlzi7VpwT2Pj6pep4AaABAg,True,@shdskd-x6d,공부하는 척 하는 아싸😂😂,1,2025-02-10T08:23:46Z,2025-02-10T08:23:46Z
UgzU0u9OQPN1YMwYN_14AaABAg,,False,@YunJan-c3b,Oh~~so jealous 🥹,0,2025-01-01T16:32:54Z,2025-01-01T16:32:54Z
Ugw8pLeuf94DDvbjHNN4AaABAg,,False,@Kpop1234-o8j,Imagínate que estás en el colegio y te encuentras a tus hijas en tu clase 😭💗,0,2024-12-29T19:49:45Z,2024-12-29T19:49:45Z
UgzG7dVS6oFzU_MycO54AaABAg,,False,@SyifaaXxz,카리나는 제가 가장 좋아하는 곳이자 가장 편안한 곳이에요.,0,2024-12-29T05:43:01Z,2024-12-29T05:43:01Z
UgyRHnoWv05ZP4rTTth4AaABAg,,False,@eliskanovakova3776,I'm jealous and like a lot of AAA I want it too,1,2024-12-26T19:15:47Z,2024-12-26T19:15:47Z
UgwHXJOV6FQ7qd4CRlJ4AaABAg,,False,@princeofcaladan,18:46 average ningning noise,2,2024-12-25T16:38:25Z,2024-12-25T16:38:25Z
UgzEM7KaUL92RF0E6Cx4AaABAg,,False,@goreshittt5687,el que falto ese dia debe estarse revolcando en la calle,0,2024-12-22T09:18:16Z,2024-12-22T09:18:16Z
Ugz7vS3CiL5Ln_PzkCV4AaABAg,,False,@goreshittt5687,ayer vino aespa,0,2024-12-22T09:17:54Z,2024-12-22T09:17:54Z
Ugx04y1bAJO2T75zgpJ4AaABAg,,False,@meowid2647,This is really cute OMG 😭,0,2024-12-21T03:56:57Z,2024-12-21T03:56:57Z
UgwR5ytUpZ3LriXp6bp4AaABAg,,False,@아리미-c3o,나도 aespa 보고싶어ㅠㅠㅠㅠ,1,2024-12-20T09:42:27Z,2024-12-20T09:42:27Z
UgwZ9p4etqpptiAlk9N4AaABAg,,False,@시아-t1e,4:21 이때 나도모르게 끄덕거려버렸ㄷ😊😊😊😊,1,2024-12-20T09:16:11Z,2024-12-20T09:16:11Z
UgzHWuq36g8J1loNzq14AaABAg,,False,@masterfulcat,The girl in mask just chilling 😂,0,2024-12-15T21:06:09Z,2024-12-15T21:06:09Z
UgzxVuW8nJBCRT015194AaABAg,,False,@jane9888,19:08 닝이 귀엽ㅋㅋ,1,2024-12-08T02:24:50Z,2024-12-08T02:24:50Z
Ugz4VebRRnUV19a8tXB4AaABAg,,False,@beicucudu,아니 윈터어 으아악 너때문에 산다아,0,2024-12-07T12:26:57Z,2024-12-07T12:26:57Z
UgxnnUClgbiy7f7N70R4AaABAg,,False,@발로란트잘하는법좀,14:21 흰색패딩반응개웃기네ㅠ,1,2024-12-04T11:05:52Z,2024-12-04T11:05:52Z
UgwlLRHkodz4mMCCQmt4AaABAg,,False,@발로란트잘하는법좀,하 지젤스쿼트ㅋㅋㅋㅋㅋㅋㅋㅋㅋㅋㅋㅋㅋㅋㅋㅋㅋ,0,2024-12-04T10:54:39Z,2024-12-04T10:54:39Z
UgyZteL3vfXrvIeGJTV4AaABAg,,False,@애니-m6x,우리 학교도 와줘~~,0,2024-12-01T15:53:46Z,2024-12-01T15:53:46Z
UgxwEdglIVPm_3nQh6V4AaABAg,,False,@소원.0805,학생분들도 다 넘 귀여우시고 에스파도 너무 예뿌고 귀엽다.... 결론:에스파 우리 학교도 와 주세요,4,2024-12-01T04:30:33Z,2024-12-01T04:30:33Z
UgwynezTD9EmfDryXBh4AaABAg,,False,@lolailaglam,3:53 what song is?,0,2024-11-29T21:55:48Z,2024-11-29T21:56:08Z
UgzKNeMMGVSlNduSPuB4AaABAg,,False,@FOFJjuni,나는 시험 제일 낮은 점수가 79점 인데,0,2024-11-26T06:54:47Z,2024-11-26T06:54:47Z
UgzI4_7x9uwI-1-EAc94AaABAg,,False,@미소_남,학생들 진짜 다 천사다❤,2,2024-11-23T14:50:19Z,2024-11-23T14:50:19Z
UgzFXuKyNIMcJcezpUB4AaABAg,,False,@김주섭-x2v,내동생 학교에 오셨었네.. 동생이 얘길 안해주니 몰랐네.. ㅎㅎ,2,2024-11-23T07:04:51Z,2024-11-23T07:04:51Z
UgxH0InJGrG0ZCGydvR4AaABAg,,False,@베스트고어-l3p,주은이 매력적이네,7,2024-11-20T10:38:57Z,2024-11-20T10:38:57Z
UgyLB31ocOWRmj86VqB4AaABAg,,False,@leety1260,この学生達は一生の宝になったことでしょう！aespa最高！ჱ̒^.  ̫ .^✧︎,1,2024-11-14T12:20:09Z,2024-11-14T12:20:09Z
UgwpYZizjueTsG-OZth4AaABAg,,False,@sitisarah4031,Aku rasa ningning lebih di cintai warga internasional dr pd d korea,0,2024-11-10T08:59:00Z,2024-11-10T08:59:00Z
UgzSs854tDf_XSQ64Zp4AaABAg,,False,@onefineday6202,연예인은 소녀.소년들의 꿈이다.,0,2024-11-03T15:15:41Z,2024-11-03T15:15:41Z
UgyvNEqvKlRyFwkZkw14AaABAg,,False,@EmmanuellaDadier-qc7nr,I love you AESPA💗💗💗💗💗,0,2024-10-30T11:45:13Z,2024-10-30T11:45:13Z
UgwaLmdhCjJpQukc_E14AaABAg,,False,@RoyalRadiantJade,The students are so cute! I am crying !😭😭 their reactions were so sweet ❤,0,2024-10-30T01:23:40Z,2024-10-30T01:23:40Z
UgzHY4ytcZvWy_pDnmJ4AaABAg,,False,@smipson,18:19 ㅈㅉㅇㅇ?,0,2024-10-29T04:28:47Z,2024-10-29T04:28:47Z
UgxQXo92zkzWhd8JZ7F4AaABAg,,False,@가이드-b4e,재밌다재밌어,1,2024-10-27T06:49:51Z,2024-10-27T06:49:51Z
Ugz5Qb__3Ljh2KDmn7x4AaABAg,,False,@alien_772,아 이렇게 일초도 안 쉬고 싱글벙글 웃으면서 본 예능 얼마만인지 모름ㅜㅋㅋㅋㅋㅋㅋ 너무 귀여워 다들!!!!!!!,12,2024-10-26T14:03:42Z,2024-10-26T14:03:42Z
UgzifDfVuPt7IjR5SbJ4AaABAg,,False,@imwinter13,우리학교에 에스파 오면 평균 10점은 올릴 수 있다,1,2024-10-26T04:31:40Z,2024-10-26T04:31:40Z
UgyH6zZqnRPjra_7gGR4AaABAg,,False,@sco551,에스파다 에스파다 헤으응,0,2024-10-26T03:12:04Z,2024-10-26T03:12:04Z
UgxOqsva0I1VGgkKB3F4AaABAg,,False,@wowwow6488,6:01 giselle doing squats suddenly per winter's request had me crying actual tears 🤣🤣,14,2024-10-23T03:34:51Z,2024-10-23T03:34:51Z
UgzlDASgubKnAmD9EZ94AaABAg,,False,@カイ-s6o,15:39   16:44    24:25  31:20,0,2024-10-20T18:24:51Z,2024-12-09T08:52:06Z
UgwkAhuiJdBjv_nWZLt4AaABAg,,False,@MmAaHhYy,この優しさに泣いてしまう,1,2024-10-20T02:36:36Z,2024-10-20T02:36:36Z
Ugzfb23DYgZvdNN7wfN4AaABAg,,False,@inuzukamayu5678,Kalo gue pasti udah kejang2 😂,0,2024-10-19T13:34:55Z,2024-10-19T13:34:55Z
Ugwzgj0uPn8sobaXRHl4AaABAg,,False,@wora4169,This is such a wonderful variety to join with other students. I thinks these girls must get encouragement from Aespa for sure❤,0,2024-10-19T12:30:17Z,2024-10-19T12:30:17Z
UgycqpE83Zrvqsqp66J4AaABAg,,False,@jamessantos4476,can someone tell me about the title of the song used at 19:20?,0,2024-10-17T17:20:28Z,2024-10-17T17:20:28Z
UgycqpE83Zrvqsqp66J4AaABAg.A9hRxEK5bMMAALaTBAk_uP,UgycqpE83Zrvqsqp66J4AaABAg,True,@L1MeR3nCE_37,"Its the song prologue from their album, Armageddon",1,2024-11-02T16:52:28Z,2024-11-02T16:52:53Z
UgzueM9AdXbd3L8IqNV4AaABAg,,False,@itsrinaa21,"Imagine aespa is in your classroom, but your absent",1,2024-10-16T11:15:10Z,2024-10-16T11:15:10Z
Ugx3sIzNu2h7k5DtTIx4AaABAg,,False,@monzsxx,AESPA를 만난 학급의 학생들이 이것을 본 적이 있습니까? 숫자 하나를 입력했다면 알겠습니다👌,0,2024-10-14T19:39:12Z,2024-10-14T19:39:12Z
UgwKoGDnzzHsTE-INaB4AaABAg,,False,@김윤-z9h,26:55 적셔 적시자 왤케 기욤기욤 하지❤,2,2024-10-14T13:34:59Z,2024-10-14T13:35:09Z
UgxR7wWu7uR6iFhKrtd4AaABAg,,False,@ヒロ-w3y1l,えりちゃん可愛すぎるやろめっちゃ高校生じゃん,0,2024-10-12T13:20:15Z,2024-10-12T13:20:15Z
UgyTe40thJgLcjrBFEd4AaABAg,,False,@짱구hu,제발 구미 상모 정수초도 !!!6학년4반이에요!박지은 18ㅓㄴ!!,2,2024-10-09T11:45:59Z,2024-10-09T11:46:18Z
UgzDq1y-GrTQTYYrOAd4AaABAg,,False,@아꿈-g8f,카리나 옆에 앉는 사람은 다 이쁘네 근데 카리나가 더 이뻐서 뭍여졌서..,0,2024-10-06T12:31:18Z,2024-10-06T12:31:18Z
UgxDCtcCscumZEILIxx4AaABAg,,False,@SHOSH2609,❤,0,2024-10-05T23:26:38Z,2024-10-05T23:26:38Z
UgxFOvlnDRX2anWatjB4AaABAg,,False,@esari27,❤❤❤❤,0,2024-10-01T12:41:27Z,2024-10-01T12:41:27Z
UgxMwBaXFCn5EzSHXb14AaABAg,,False,@mehrappa,"That was such a great surprise  transfer student video because aespa were so close and personal, those kids will never forget that day",3,2024-10-01T04:15:59Z,2024-10-01T04:15:59Z
Ugx1CPubpydOaEHx8Uh4AaABAg,,False,@user_8585,주은? 가은? 두 친구가 예능감 있고 센스가 있네요 에스파랑 잠시나마 같은 학생이라니 ㄷㄷㄷ,1,2024-09-30T17:29:40Z,2024-09-30T17:29:40Z
UgwavW-V4-f9-CJw1Zd4AaABAg,,False,@정인환-l2u,하교 후 분식집 가는거를 학생들하고 같이 가고 같이 먹징 멤버들끼리 먹는거 보니깐 아쉽네용,0,2024-09-28T11:47:25Z,2024-09-28T11:54:20Z
UgzD9Ll2x9FNyU4asP94AaABAg,,False,@FlavioSantosSousa,Muito legal ❤. AESPA na escola e surpreendendo as alunas 😂😂😂💗💓😘💕💕💕💕💕💕💕💕💕,0,2024-09-28T10:42:50Z,2024-09-28T10:42:50Z
UgwyEkse-6GsSTbAaQJ4AaABAg,,False,@JungJaeYoon1,우리여고생들 이추억 평생간다 ~ ㅎㅎㅎ,0,2024-09-19T16:02:49Z,2024-09-19T16:02:49Z
Ugye1EUk5jz59Ko7Nsh4AaABAg,,False,@karina0462,NINGINING ❤❤❤,1,2024-09-19T03:33:54Z,2024-09-19T03:33:54Z
Ugzp0ePp50KCmgb4XUt4AaABAg,,False,@АлинаСумбаа-с1х,"Почему у Giselle нету ленты??? 
очень подло со стороны SM😡",0,2024-09-17T16:47:27Z,2024-09-17T16:47:27Z
Ugx3CcKLOTrrEfQ84dB4AaABAg,,False,@나라라-j8r,지나가 던 위즈원 인데.. 에스파 귀여운 친구들 이었네요  ~,4,2024-09-17T12:49:08Z,2024-09-17T12:49:08Z
UgymoFWr1HStH0B2pfZ4AaABAg,,False,@nadariyani1922,aespa so humble^^,0,2024-09-16T16:36:07Z,2024-09-16T16:36:07Z
UgxiNNvhYXcqd1-TMJF4AaABAg,,False,@Sguosougou,우리 학교에도  오면  좋겠다ㅠㅠ,0,2024-09-16T14:11:34Z,2024-09-16T14:11:34Z
UgwHDD05XYhboiFqNXt4AaABAg,,False,@donotdonotdo,"27:18 라볶이 묻었어 자기야.
아앟,아니양! 🥺💓 너무 사랑스러워요🤧",0,2024-09-15T21:25:56Z,2024-09-15T21:28:01Z
Ugwj91k8xOMbNvxRaVV4AaABAg,,False,@김광휘-v6y,8:32 아니 카리나 옆자릴 양보하다니…,1,2024-09-14T17:10:19Z,2024-09-14T17:10:19Z
UgxTKTX8uH-cY98-Atl4AaABAg,,False,@ハゲてんじゃねえよ,5:19,0,2024-09-14T01:41:33Z,2024-09-14T01:41:33Z
UgxAu1-2KnCwbB8k2zJ4AaABAg,,False,@bubblesnbuttercupn,7:09 ㅋㅋㅋㅋㅋㅋㅋㅋㅋㅋㅋㅋㅋㅋㅋㅋㅋㅋㅋㅋㅋㅋㅋㅋㅋㅋㅋㅋㅋㅋㅋ아 이게진짜웃김ㅋㅋㅋㅋㅋㅋㅋㅋㅋㅋㅋㅋ시트콤같애,3,2024-09-11T06:08:18Z,2024-09-11T06:08:18Z
UgwcQ5ULbbnDvGcvREV4AaABAg,,False,@starchase0,닝닝 웃음소리 세상 젤 좋더라 !,1,2024-09-11T05:24:03Z,2024-09-11T05:24:03Z
UgzewvLnuVivMwXsHdx4AaABAg,,False,@ratujagat5766,"Aaah I just realized why winter isn't in the class

she's blonde

is that even allowed at school?",0,2024-09-10T13:26:33Z,2024-09-10T13:26:33Z
Ugyp7h1T6Kt-tJvr8gN4AaABAg,,False,@berlianapz,Ga Eun for real carried,0,2024-09-09T10:22:25Z,2024-09-09T10:22:25Z
UgxBoRplD8EAQ3ZKMId4AaABAg,,False,@wtf5_28,너무너무 귀여워… 사랑스러워….,1,2024-09-08T16:19:08Z,2024-09-08T16:19:08Z
UgxhcW3Oa8K1UrFeLuJ4AaABAg,,False,@yvecarminaiah,"this is heartwarming tho...

the students who are also MY are crying.


aespa is really big now...
I'm glad I was there since predebut.",27,2024-09-08T12:03:26Z,2024-09-08T12:03:26Z
UgwAT_kYJLDW9zVLVLh4AaABAg,,False,@yvecarminaiah,Giselle had the most random stuffs tho haha.. Winter is really enjoying hete controlling role😂,0,2024-09-08T11:52:17Z,2024-09-08T11:52:17Z
UgwBbOFbgd1jNewad9l4AaABAg,,False,@yvecarminaiah,Karina looke like the real Soobin in that bangs though.. Chae SooBin in Im not a robot,0,2024-09-08T11:46:49Z,2024-09-08T11:46:49Z
UgxIbBoAVAOjFrgn5Pl4AaABAg,,False,@Yongwon_gay,ㅋㅋㅋㅋㅋㅋㅋ,0,2024-09-07T05:22:25Z,2024-09-07T05:22:25Z
Ugyc-t4l9Oaw4DrkwWZ4AaABAg,,False,@shortclips99-w8q,"6:29 same Ningning, literally every single day",0,2024-09-07T04:16:30Z,2024-09-07T04:16:30Z
UgyD9EERJqpE8_IKgSF4AaABAg,,False,@Soobsuniv.kcristao,"Imagina ir estudar e encontrar o AESPA, que tudooooo",0,2024-09-06T13:32:12Z,2024-09-06T13:32:12Z
UgwWK1DfdALgCTXTXNh4AaABAg,,False,@amirakireina9400,Lolllll the students were sooo funny,0,2024-09-06T06:24:33Z,2024-09-06T06:24:33Z
UgzRAPqRPuNcr_LuYS14AaABAg,,False,@VanNistxenrooy,Why they are pretty cutes that look real sudents 😊,0,2024-09-06T03:12:12Z,2024-09-06T03:12:12Z
UgySvHENxmHeD4smC-B4AaABAg,,False,@guzelsonmez5135,"❤안녕하세요 Aespa, 언젠가 터키 이스탄불에 오셔서 Feridun Tümer 중등학교의 ""C""반에서 그러한 행사를 조직해 주세요. 저는 C반에 있고 언제든지 거기에 있다고 말씀드리겠습니다. 영어든 한국어든 이 댓글을 썼습니다. ❤",1,2024-09-05T09:38:03Z,2024-09-05T09:38:03Z
UgxX1094VOYZv4YoYfV4AaABAg,,False,@edentaynan5874,omg i love you,0,2024-09-04T09:25:35Z,2024-09-04T09:25:35Z
UgwXxV5gkMo0NRAkAkx4AaABAg,,False,@ACianelsaswdaas,Im alergice to aespa,0,2024-09-01T02:54:25Z,2024-09-01T02:54:25Z
UgynZNzNFAOrneibYul4AaABAg,,False,@ゆっちゃんまっちゃん,面白かった！最高や！ae and my,0,2024-08-31T21:50:19Z,2024-08-31T21:50:19Z
UgyJ4EEo8ubvN8BBNMZ4AaABAg,,False,@baekminha,I would cry too if I saw them in my classroom lol,0,2024-08-31T09:44:06Z,2024-08-31T09:44:06Z
UgzJw4fMCsq80VUPxIB4AaABAg,,False,@annetee7050,Karina so mesmerising,1,2024-08-29T18:53:36Z,2024-08-29T18:53:36Z
Ugyeoil-Mow5mPE7X494AaABAg,,False,@che5yuna6,羨ましい😢反応がリアルだねみんな,1,2024-08-29T14:58:48Z,2024-08-29T14:58:48Z
Ugym8HOv7qLEoZehql94AaABAg,,False,@monzsxx,다음에는 학교에서 공연을 해보세요. 꼭 학생들을 다시 만날 수 있을 거예요.,0,2024-08-29T14:12:14Z,2024-08-29T14:12:14Z
UgxXIH9VzQdJmJPnnWB4AaABAg,,False,@미스터-d4p,4:23 청소 백만번 같이 할수 있습니다,1,2024-08-29T03:04:07Z,2024-08-29T03:04:07Z
Ugw6Ik_2UOnDucbyZox4AaABAg,,False,@robbydelacruz3159,For sure these ladies will treasure this experience for a lifetime. A story that they'll tell their family and kids for generations. I admire aespa for giving back the love to their fans and will give them more inspiration.,1,2024-08-28T02:52:39Z,2024-08-28T02:52:39Z
Ugw6Ik_2UOnDucbyZox4AaABAg.A7f8tKGqy8qAEKF5VIFvUV,Ugw6Ik_2UOnDucbyZox4AaABAg,True,@luigitedjoputro3056,"""aespa ate my snacks 😎""",1,2025-02-09T14:23:20Z,2025-02-09T14:23:20Z
Ugy3RJahv47LpgQkDDl4AaABAg,,False,@lillyyeager2070,giselle😂,0,2024-08-27T18:35:16Z,2024-08-27T18:35:16Z
Ugxc67xPctFU-KnXIEp4AaABAg,,False,@vintol99,murid yang ga masuk 👁️..👁️,0,2024-08-27T16:58:36Z,2024-08-27T16:58:36Z
UgzeA0mlvY0lykKSwSR4AaABAg,,False,@동윤-L6y,09:56에서 카리나 누나 미모 진짜 미쳤다리😮 너무 예쁘자너 ㅠㅠ,2,2024-08-27T12:05:32Z,2024-08-27T12:05:32Z
UgxHEy_IFgbOHEfCPbZ4AaABAg,,False,@박규정-w4n3m,19:40 에 나온 노래 정보좀..,0,2024-08-27T04:08:33Z,2024-08-27T04:08:33Z
UgzPTw4o5wwAQtlf7Wt4AaABAg,,False,@MikkyLanCinema,"Precious moments with Aespa and the students. I kept replaying the scenes—too sweet! I really enjoyed this episode! Lovely interaction, highly interesting all through! 😸💖",1,2024-08-25T20:28:16Z,2024-08-25T20:28:16Z
UgxuMNDpf9whE0GvYh94AaABAg,,False,@babelemin6224,Acá controlandome para no llorar con las estudiantes xq me preguntarán que me pasa JAJA,0,2024-08-25T02:42:39Z,2024-08-25T02:42:39Z
Ugy9_9GjxDeUXIdmaT94AaABAg,,False,@iHeartU10000,So cool,0,2024-08-23T19:25:09Z,2024-08-23T19:25:09Z
UgwMkCvIEceWVibjlEN4AaABAg,,False,@azhaa8775,2:50   3:29   3:38   6:48   9:49   10:47   12:17   12:38   15:08   17:28   17:33   17:52   18:22   18:54   19:04   19:26   19:38   27:34   29:50   30:40,1,2024-08-23T08:13:48Z,2024-08-23T08:39:38Z
UgyLssnAZ6y0odXWgZZ4AaABAg,,False,@sleepycat7816,How lucky are you? 😭🤣,0,2024-08-22T11:16:02Z,2024-08-22T11:16:02Z
Ugwgz0vb7-ItuPQf7d14AaABAg,,False,@BABYMONSTERSOFFICIAL-bv8sx,Yang pakai masker pasti traine label lain itu,0,2024-08-20T02:36:53Z,2024-08-20T02:36:53Z
UgxMB6_a9Dg0Nth29ol4AaABAg,,False,@CUTE_유키,김지원=리즈=닝닝ㅋㅋ,1,2024-08-18T23:44:32Z,2024-08-18T23:45:09Z
UgxzaIkrNe7-IH-8W7B4AaABAg,,False,@zzzu.27,주은이란 친구울때 나도 울컥헀다 사람이 만나면 정이란게  생기니깐.,10,2024-08-18T03:49:56Z,2024-08-18T03:49:56Z
UgzXK55RYEDqueI7RcF4AaABAg,,False,@blustarcross,Karina's seatmate praying to protect their heart hahahaha so cute😂,0,2024-08-17T18:42:39Z,2024-08-17T18:42:39Z
UgyJtBj1nSh7lj0BKyR4AaABAg,,False,@Хенбин-к5ц,"Когда они к нам в школу придут? (Я постараюсь их не украсть, обещаю)
)",0,2024-08-17T12:44:17Z,2024-08-17T12:44:17Z
Ugw_A_saY-PhCbNOU2V4AaABAg,,False,@karin6670,4:07 is she a human? 😂😂😂 exactly things i often ask when seeing karina,1,2024-08-17T06:42:17Z,2024-08-17T06:42:17Z
UgxeCzB7fAwrjfNj1914AaABAg,,False,@Feyd_27,"Guys can anybody tell me what’s the name of the song in the background in 19:39 
it’s sounds great😮 thanks",0,2024-08-16T15:17:00Z,2024-08-16T15:17:00Z
UgxeCzB7fAwrjfNj1914AaABAg.A7C_XiihZIrA8nGgR5lXvK,UgxeCzB7fAwrjfNj1914AaABAg,True,@a.k0903,Aespa- Prologue 😊,0,2024-09-25T03:06:06Z,2024-09-25T03:06:06Z
UgwS02k7GxjMHZZ-lCN4AaABAg,,False,@boyganjahi4613,💯💯💯💥💫💫💫💫,0,2024-08-15T09:43:33Z,2024-08-15T09:43:33Z
UgxocpUSlciN13im_at4AaABAg,,False,@ditahardianti4335,Ga Eun You are so ridiculous 😂,0,2024-08-14T11:24:29Z,2024-08-14T11:24:29Z
UgxETOgGfHMNtzuqd654AaABAg,,False,@hiu7195,부천어디,0,2024-08-14T11:02:04Z,2024-08-14T11:02:04Z
Ugzx9gHhkBET1Fg08e94AaABAg,,False,@abdhullahyaishmohamed2520,Imagine missing school this day,31,2024-08-13T18:59:09Z,2024-08-13T18:59:09Z
Ugzx9gHhkBET1Fg08e94AaABAg.A75F_6WDF1cAF70xm7U1S4,Ugzx9gHhkBET1Fg08e94AaABAg,True,@hundollaracksss6459,i would never get over it 😭,0,2025-03-01T07:41:05Z,2025-03-01T07:41:05Z
UgzOPIB95E7tem7O6vZ4AaABAg,,False,@k-archive,LMAO that student doing squats with Giselle is so funny man HHAHAHAH,0,2024-08-13T10:41:27Z,2024-08-13T10:41:27Z
UgwSEgAw5wl39SyyPh54AaABAg,,False,@yalice6055,I admire the girl with the white face mask who studied the entire time despite everything lmao,5,2024-08-12T09:46:08Z,2024-08-12T09:46:08Z
Ugx7xSsEUZJZ0jScLax4AaABAg,,False,@leemike4364,평생 간직하고 힘들 때 버팀목이 되는 추억을 주었을 시간. 친구들 화이팅,10,2024-08-11T04:45:13Z,2024-08-11T04:45:13Z
UgwrR0DrEk03HxPw-Np4AaABAg,,False,@shunkojimax,こんなドッキリ受けたら普通に心臓止まると思う,0,2024-08-10T14:58:49Z,2024-08-10T14:58:49Z
Ugx5dc8TOsU2697IaTl4AaABAg,,False,@xxanxx758,카리나 옆에 앉고 흰색후리스 입고 있는 사람 인스타 아시는 분 있나요??!,1,2024-08-09T23:57:47Z,2024-08-09T23:57:47Z
UgxyOJ88D3t2cZonLM14AaABAg,,False,@mxxro_12,8시부터 정주행중이다 하나도 안 졸려 대ㅏㄱ,0,2024-08-09T15:55:23Z,2024-08-09T15:55:23Z
UgxU9bdFIKtxylbH9R94AaABAg,,False,@케이씽-p1m,내귀에 윈터 썸네일보고 왔어요. 두산이라..,0,2024-08-09T13:26:36Z,2024-08-09T13:26:36Z
UgzwuuvkIN9WX1Dl2mZ4AaABAg,,False,@bearpolar6148,9:54 찰나의 순간 빛낫다.,2,2024-08-08T17:01:14Z,2024-08-08T17:01:14Z
Ugx2m6x7bC2rC4b4kjx4AaABAg,,False,@uronly_cally,"Giselle is so pretty, I'm obssessed",4,2024-08-08T11:44:26Z,2024-08-08T11:44:26Z
UgzD_sPvlbhg9HRJ5d54AaABAg,,False,@이준서-s4z,ㅈㄴ 부럽다….ㅎ…,0,2024-08-07T16:43:53Z,2024-08-07T16:43:53Z
Ugz9dp2nRjBW5GKtHKF4AaABAg,,False,@coltymayo,"I would totally be the friend to try to gaslight the others like ""girl wdym she looks like NingNing? that's just Jiwon""",1,2024-08-06T18:22:08Z,2024-08-06T18:22:08Z
Ugx1IlBZWBx9PY87vGh4AaABAg,,False,@Karina2021my,Gaeun is such an icon,0,2024-08-05T13:38:41Z,2024-08-05T13:38:41Z
UgxHcEJ_3CLcGNAUUI54AaABAg,,False,@BNKIVA,15:25 햇빛까지 완벽하다...,1,2024-08-05T06:29:31Z,2024-08-05T06:29:31Z
UgyeGi6kTZueVXsX8UF4AaABAg,,False,@lydiamphaokip,"Ningning throughout the whole video ""I'm Kim Jiwon"" 💕😭🤣🤣",0,2024-08-05T06:06:46Z,2024-08-05T06:07:13Z
UgxkIoeinKiEuqnOkup4AaABAg,,False,@백풍룡a,멤버들도 너무 예쁘지만 학생들도 너무 순수하고 에쁘다 ^^,25,2024-08-05T04:51:07Z,2024-08-05T04:51:07Z
UgxSm04ZlvLzfOx6tpd4AaABAg,,False,@꾸꾸-d6r,카리나 진짜 이쁘다,2,2024-08-02T03:34:21Z,2024-08-02T03:34:21Z
UgxKl12rLV_IUmEQwih4AaABAg,,False,@Craze_for_kpop,I got so emotional when joo eun and the my girl started crying at the end,0,2024-08-01T18:26:03Z,2024-08-01T18:26:03Z
UgwH--OAmoT492Xl-eh4AaABAg,,False,@Dang1090,아주 좋은 영상,2,2024-08-01T16:02:38Z,2024-08-01T16:02:38Z
UgyZqprJgU_FJRrgBqp4AaABAg,,False,@gumballdarwin-hj4mx,school life is sorely missed 😊,0,2024-07-31T18:33:39Z,2024-07-31T18:33:39Z
Ugzm2C_YdDvPMnylgy54AaABAg,,False,@rel-vm3qf,18:18,0,2024-07-31T15:06:52Z,2024-07-31T15:06:52Z
UgxjexKkM4ZSxu6OgU94AaABAg,,False,@Ainoyu,19:23 song please?,0,2024-07-31T14:50:05Z,2024-07-31T14:50:05Z
UgxjexKkM4ZSxu6OgU94AaABAg.A6ZKjTBjI9LA7E0r6zkIFJ,UgxjexKkM4ZSxu6OgU94AaABAg,True,@NJPROTECTOR-t2s,Aespa-prologue,1,2024-08-17T04:43:42Z,2024-08-17T04:43:42Z
UgynwXRz7xzgC3TEWSZ4AaABAg,,False,@byeonvarlen-n5x,ياخي افتحو التنزيلل😭😭😭,0,2024-07-30T06:25:42Z,2024-07-30T06:25:42Z
UgxNvS0rslCSGSSBNQ14AaABAg,,False,@runthecomics,"Those girls will NEVER forge this moment. Artists should do more of these. That creates life-long fans outside of the music. Winter...take her mic away. LOL. Funniest pat was the girl who kept backing up after seeing a new Aespa member. LOL. Giselle was like ""What's a MY""...LOL",15,2024-07-30T02:39:29Z,2024-07-30T02:39:29Z
UgzpvSia-koj5g1vX1V4AaABAg,,False,@음-s6g,21:40,0,2024-07-29T15:36:34Z,2024-07-29T15:37:08Z
UgyJiW9SultwJQrFzvZ4AaABAg,,False,@규하0516,21:40,2,2024-07-29T00:20:53Z,2024-07-29T00:20:53Z
UgzGvvFmx_N5m-WbazR4AaABAg,,False,@福助-h3j,"学生さんたち、一生の想い出ができて良かった😊

aespaの4人とも最高の対応で、見てて心が温まりました✨️",3,2024-07-28T09:57:11Z,2024-07-28T09:57:11Z
UgwdBtwfQz-8vsDtstR4AaABAg,,False,@user-xi1nh1cz7c,우리 학교도 와주세요 광주에 하남중학교 1학년 4반이여,0,2024-07-27T08:23:03Z,2024-07-27T08:23:03Z
UgwJxcErUc5fQx6SY6x4AaABAg,,False,@강현정-s8n,나 저 학교로 전학 갈래요❤❤,1,2024-07-27T02:13:26Z,2024-07-27T02:13:26Z
UgwdWEUGK0HWQktZo4h4AaABAg,,False,@pittanko-pingpong1470,aespaが自分のクラスに入ってきたら...そらぁ泣いちゃうわ😭😭😭嬉しすぎ,0,2024-07-27T01:42:12Z,2024-07-27T01:42:12Z
UgweypkrnaZUGa_74W94AaABAg,,False,@fcbr_jo,"다 보고나니까 왜케 마음이 따땃한지
새로 친구들 들어올때마다 
옆자리 양보해주는것도 너무 귀엽고 ㅋㅋ",64,2024-07-26T17:52:02Z,2024-07-26T17:52:02Z
Ugxg28Je0ZsNh4ffwmV4AaABAg,,False,@GON-lu4me,부천 카리낰 ㅋㅋㅋㅋㅋㅋㅋㅋㅋㅋㅋㅋㅋㅋㅋㅋ,1,2024-07-26T17:09:28Z,2024-07-26T17:09:28Z
Ugy8SpgdBakRKhK-FBB4AaABAg,,False,@BreadFeel,카리나 그림체 확실히 다르네 ㄷㄷ,1,2024-07-26T12:57:50Z,2024-07-26T12:57:50Z
Ugx6slipV0WkmokHUZZ4AaABAg,,False,@Mikima83-b7e,우리학교 교장쌤 섭외좀 하죠,0,2024-07-26T06:27:53Z,2024-07-26T06:27:53Z
UgxN4cAe3jjBJLfh7eV4AaABAg,,False,@gisofkntalented,6:07 지젤 스쿼트 팬미팅ㅋㅋㅋㅋㅋㅋ,1,2024-07-25T13:24:41Z,2024-07-25T13:24:41Z
UgwzgsGp005zzWp8H2h4AaABAg,,False,@JohnyCarter777,when Giselle did a squat LMAO 😭😭😭,8,2024-07-25T03:58:28Z,2024-07-25T03:58:28Z
Ugyaoo3wlZ_noxmBaiZ4AaABAg,,False,@celestine3232,Imagine you were absent that day😭😆,0,2024-07-25T00:43:57Z,2024-07-25T00:43:57Z
Ugx6MjX1CB9nVbfNQx94AaABAg,,False,@dbfjjdbdb.2091,this will be unforgettable for them,0,2024-07-24T18:17:26Z,2024-07-24T18:17:26Z
UgxHp-NTZwyPXcdFwW54AaABAg,,False,@모팜겜,19:46 기약이 몬지 몰라서 이해를 못한 나..,0,2024-07-24T12:30:30Z,2024-07-24T12:30:30Z
UgyR3CBYR_S0feWo11Z4AaABAg,,False,@NLN.BONOSWU,Imagine being absent on this day🤣🤣,0,2024-07-23T18:32:58Z,2024-07-23T18:32:58Z
Ugxj37BEq3rUjD_Q2wR4AaABAg,,False,@李星羽-i6m,karina so hot♥️♥️,0,2024-07-23T17:45:08Z,2024-07-23T17:45:08Z
Ugyy65vFqgXqJWWi0UF4AaABAg,,False,@prabusaka13579,Banyakin program kaya gini donk SM Aespa😍,0,2024-07-23T15:25:24Z,2024-07-23T15:25:24Z
Ugzd41axc2Wi7ih8wu94AaABAg,,False,@sven6680,when giselle said INFJ comes to my mind is INFINITE JUSTICE GUNDAM,1,2024-07-23T13:52:41Z,2024-07-23T13:52:41Z
UgzvtgXoaAYL7Eu3MZ54AaABAg,,False,@ivyeppi,i wish this was my class,0,2024-07-23T08:11:08Z,2024-07-23T08:11:08Z
UgzRlO6y8nvwX3vmXpN4AaABAg,,False,@rkkkkk4255,14:28 존야 누르셨는데..?,0,2024-07-23T06:54:15Z,2024-07-23T06:54:15Z
Ugydt0qzSv-oKW_59h14AaABAg,,False,@kriziapascual,"who’s the girl with the mask, tho? I can’t keep my eyes off her",1,2024-07-22T19:29:06Z,2024-07-22T19:29:06Z
Ugz7RVFXYFAPjvmAc4F4AaABAg,,False,@abcdefGG-RV,Ga Eun and Joo Eun are mvps here.,51,2024-07-22T12:59:06Z,2024-07-22T12:59:06Z
UgxC_jN_lvELSALPQPR4AaABAg,,False,@benji1775,아무도 봉지소녀 안쳐다봐주네 😂😂,0,2024-07-22T12:55:47Z,2024-07-22T12:55:47Z
Ugx0_M-woJS6epyXrGN4AaABAg,,False,@birdred4215,학생들 너무 순수하고 귀엽고 예쁘다ㅋㅋㅋㅋㅋ,9,2024-07-22T12:31:20Z,2024-07-22T12:31:20Z
UgzFfF_QlsAe4JJIC6Z4AaABAg,,False,@christinecheahenjou0103,Karina is so out of this world ohmy goodness.,0,2024-07-22T05:32:01Z,2024-07-22T05:32:01Z
Ugxn8kBAVxCMlNyIU594AaABAg,,False,@abcdefGG-RV,Imagine being late that day 😅,0,2024-07-21T06:00:59Z,2024-07-21T06:00:59Z
UgxggCqEZCuKfyzTEDJ4AaABAg,,False,@seoyeom-anton,4:49 6:28,0,2024-07-21T05:28:57Z,2024-07-21T05:29:57Z
UgwSIXMeEJ7hvDycn4d4AaABAg,,False,@roseismine9212,Tht ggirl w black sweater n wear glasses in the back was soo calm 😅,0,2024-07-20T13:12:14Z,2024-07-20T13:12:14Z
UgwSIXMeEJ7hvDycn4d4AaABAg.A66pnBdJBzFA6BkMzr1nvl,UgwSIXMeEJ7hvDycn4d4AaABAg,True,@ze-ph9774,"The one with the glasses and has face mask on? She looked like she wasn't on it and seem disinterested. The whole time even on the previous episode she just looked down on her notebook writing something, probably an introvert and very shy. She didn't know what to do at the time. But thinking positively hopefully she enjoyed the day.
EDIT: She was smiling at 13:06. I guess she's just very shy.",0,2024-07-22T11:01:02Z,2024-07-22T11:07:00Z
UgzdpBe4YVVhdGXHKtx4AaABAg,,False,@Dirk_Nowelzki,Imagine being absent that day 😭,0,2024-07-20T08:23:19Z,2024-07-20T08:23:19Z
UgyDSmHWk83xH6uMZFV4AaABAg,,False,@jdw-lt7rd,민정이랑 지민이는 둘다 얼굴에 점이있네 ㅎㅎ,1,2024-07-20T03:19:39Z,2024-07-20T03:19:39Z
UgxdrEIuONSRDZvYm194AaABAg,,False,@thewilythylacine,"Crying because you get to meet someone you admire so much is such a very sweet, endearing thing. It must be a great feeling to have people respond to you that way.",77,2024-07-19T22:48:24Z,2024-07-19T22:48:24Z
UgxelpX6lc6UQsRt7qt4AaABAg,,False,@toblerownee,NOOO BECAUSE KARINA LOOKS LIKE SAWAKO 😭,0,2024-07-19T15:50:32Z,2024-07-19T15:50:32Z
UgwO7e8KCMFtBoUTqJR4AaABAg,,False,@user-mf5ox1dy6f,카리나 내내보면서 입꼬리가 안내려오노,0,2024-07-19T15:16:00Z,2024-07-19T15:16:00Z
UgzMdiRShxgGBxzASFt4AaABAg,,False,@alasca8096,"O FINAL DO VIDEO, OS EXTRAS COM AS ALUNAS NA SALA DE AULA, É TÃO EMOCIONANTE🥺🥺😭😭💖",1,2024-07-19T15:03:17Z,2024-07-19T15:03:17Z
Ugykc1ak0fUf-vPtnrl4AaABAg,,False,@alasca8096,GISELLE BEST GIRL,1,2024-07-19T15:02:28Z,2024-07-19T15:02:28Z
Ugxlg1bVvvFWtTkPtwl4AaABAg,,False,@alasca8096,NOSSA MAS Q GISELLE BRILHOU MUITO NESSE EPISÓDIO,1,2024-07-19T15:02:12Z,2024-07-19T15:02:12Z
UgxAcGOKM7vQZxgYyUt4AaABAg,,False,@M3g4nnGi2,WHY IS GISELLE CRYING I WAITED 2 WEEKS TO FIND OUT AND IT WASNT SHOWN😭,3,2024-07-19T14:24:03Z,2024-07-19T14:24:03Z
UgxWAv-7CPZTuUQwrMJ4AaABAg,,False,@putriIma-k3x,i like this,0,2024-07-19T13:12:14Z,2024-07-19T13:12:14Z
UgyDTr6rl0bn1KOZqoR4AaABAg,,False,@annavysotskaya5664,💙💜,0,2024-07-19T11:47:12Z,2024-07-19T11:47:12Z
UgyROrQVPT627VAoQr54AaABAg,,False,@d.h.y,이거 완전 힐링이구만 😮,2,2024-07-19T02:57:33Z,2024-07-19T02:57:33Z
UgyROrQVPT627VAoQr54AaABAg.A639eHn6do8A639vk_KRnx,UgyROrQVPT627VAoQr54AaABAg,True,@d.h.y,??: 마이주 먹을래~😮❓,0,2024-07-19T02:59:56Z,2024-07-19T02:59:56Z
Ugx7LZOyu8MF6RaM1N94AaABAg,,False,@Geovannabani,나는 학교에 있는 Aespa를 상상한다 .. 😭,1,2024-07-19T00:44:22Z,2024-07-19T00:44:22Z
Ugz6bgdbTf88NDbeQXl4AaABAg,,False,@oliviali3544,ningning would be such a nice friend she's so nice awh ❤,8,2024-07-18T21:58:54Z,2024-07-18T21:58:54Z
Ugw2r7dwsvuqZftDUPp4AaABAg,,False,@oliviali3544,4:49 sleeping beauty woah🧍‍♀,9,2024-07-18T21:54:52Z,2024-07-18T21:54:52Z
UgysFbI-TIkzT1mOE4Z4AaABAg,,False,@구라-p9m,학생들이 잘 따라주네😊,1,2024-07-18T11:47:31Z,2024-07-18T11:47:31Z
Ugxx854XTABFKkA1XdZ4AaABAg,,False,@sitinursolihah2620,LUCU NYOOO,0,2024-07-18T09:22:24Z,2024-07-18T09:22:24Z
UgyRgUIECutmIabr4TZ4AaABAg,,False,@Lea_lly7,Please tell me your favorite scene.,0,2024-07-18T06:47:58Z,2024-07-18T06:47:58Z
Ugyn-5HJpM_0g6AY7TZ4AaABAg,,False,@배다인-w1p,ㅋㅋ 윈터 겨울,0,2024-07-18T04:20:30Z,2024-07-18T04:20:30Z
UgztJdCiIxaoCCWc7Np4AaABAg,,False,@zvezdniy_dozhd,"Ахах, у девочек чуть инфаркт не случился)))",0,2024-07-17T18:20:13Z,2024-07-17T18:20:13Z
Ugw3HH0yKwSCdDD2pBl4AaABAg,,False,@Akamiiee,"tellement mignon, tellement touchant et tellement drôle !!!",0,2024-07-17T16:03:25Z,2024-07-17T16:03:25Z
UgxYEsoyLeUM_dmBKhh4AaABAg,,False,@yunacho8822,이영상 카리나 진짜이뿌다,0,2024-07-17T15:51:21Z,2024-07-17T15:51:21Z
UgxQM32R6rHvOio0lqV4AaABAg,,False,@오버사이즈,애기들 너무 순수하고 귀엽네,5,2024-07-17T15:08:14Z,2024-07-17T15:08:14Z
UgwPHSRS2ujknIuzBy94AaABAg,,False,@illgoo_sister,9:57 카리나 햇빛에 비친 얼굴 존예다…,0,2024-07-16T06:14:14Z,2024-07-16T06:14:14Z
UgzW8WQlmRvDJ7yIzp94AaABAg,,False,@llmaohhgge,31:21 giselle…???,2,2024-07-15T15:38:28Z,2024-07-15T15:38:28Z
UgysPCHTDlSOSzjbOnB4AaABAg,,False,@nazwazahira52,I'm crying,0,2024-07-15T12:07:35Z,2024-07-15T12:07:35Z
UgzX2KF19npsFIKZjbN4AaABAg,,False,@Fearnot77-m3y,The girl with the mask are u serious?? 😕😂😂😂😂😂,0,2024-07-15T10:00:47Z,2024-07-15T10:00:47Z
UgwxlcLSQyOcn3W7HXd4AaABAg,,False,@lingth,"15:14 Ga Eun: You cant have 2 aespa...
(In reference to their song lyrics in Black Mamba 😅)",4,2024-07-15T07:35:07Z,2024-07-15T07:36:38Z
UgwaB9KuPxKQnfTQNxF4AaABAg,,False,@ningluvx,Hiiii,0,2024-07-15T03:25:41Z,2024-07-15T03:25:41Z
UgyXVBuBYzEeLQAd0il4AaABAg,,False,@skz-caffe,"21:40 winter saying ""nom nom nom"" was so funnyyy 😂😂",0,2024-07-14T20:56:13Z,2024-07-14T20:56:13Z
UgyJM0lkzwa12f5i8Z94AaABAg,,False,@megn2215,15:47 jelly minjeong hahahhaah cutieee,0,2024-07-14T16:35:35Z,2024-07-14T16:35:35Z
UgyeC-PLeKzXo1_Nup94AaABAg,,False,@megn2215,4:49 ningning is so pretty omfg,72,2024-07-14T16:24:21Z,2024-07-14T16:24:21Z
UgxAYbXRJnTykm0r06B4AaABAg,,False,@즈크비,30:15,0,2024-07-14T12:41:24Z,2024-07-14T12:41:55Z
Ugy3xOL7Y0xOBCZWq7h4AaABAg,,False,@happy_virus0,카리나 윈터가 얼굴이 작기는 진짜 작구나 ㄷㄷㄷ 닝닝이 얼굴 작은지 알았는데 분식집에서 같이있으니까 확 차이나네.. 닝닝이가 정상이고 카리나윈터가 비정상!!!!!!! 너무 작아,1,2024-07-14T02:30:27Z,2024-07-14T02:30:27Z
UgxbGfx4ZSNHXUib5px4AaABAg,,False,@joshuatin7271,What song is at 19:18?,0,2024-07-13T15:49:08Z,2024-07-13T15:49:08Z
UgxbGfx4ZSNHXUib5px4AaABAg.A5q5BFTDSmCA62fSQB4WIi,UgxbGfx4ZSNHXUib5px4AaABAg,True,@oliviali3544,Prologue - Aespa,0,2024-07-18T22:24:55Z,2024-07-18T22:24:55Z
UgwKBZFf2Sa4Fc5RdvF4AaABAg,,False,@yuna-ggy21,"Quero muito conhecer a Karina 
Manda ela pro Brasil",0,2024-07-13T14:15:59Z,2024-07-13T14:15:59Z
Ugy__uAZGrQ4xhv6_554AaABAg,,False,@보니베어,오순도순 교실 창가에 모여서 먹던 도시락...그 어떤 것보다도 맛있었는데 이제는 맛볼 수 없네,0,2024-07-13T13:37:21Z,2024-07-13T13:37:21Z
UgyD80XEc6ld8H-I7dN4AaABAg,,False,@아르핌레사다,에스파는 교복도 다 잘어울리는듯한 2d에서 나온듯한 모습,0,2024-07-13T13:04:50Z,2024-07-13T13:05:03Z
UgxL9cw8I-sF49kvIzB4AaABAg,,False,@strawxcake,love you aespa,0,2024-07-13T12:19:47Z,2024-07-13T12:19:47Z
Ugz-C7gTZ_vxRm50CIx4AaABAg,,False,@r_orie,✨,0,2024-07-13T12:01:43Z,2024-07-13T12:01:43Z
UgzlCJkuzg3y9QdpSTx4AaABAg,,False,@BC-bs4kb,지나가던 버니즈인데요.. 에스파 넘귀엽❤마이❤  정신챙기자 난버니즈😅  에스파도 응원해요!,1,2024-07-13T11:48:42Z,2024-07-13T11:48:42Z
UgzP125c-CZdvGbnnX14AaABAg,,False,@foxlittleprince3504,15:40 that girl got ning's full attention lol,4,2024-07-13T11:28:49Z,2024-07-13T11:29:24Z
Ugz9fOU_P7_Jkgfur9F4AaABAg,,False,@jihye209,12:43 인기녀의 삶이란..,0,2024-07-13T11:20:28Z,2024-07-13T11:20:28Z
UgwyfZkNuGHtItTpt6t4AaABAg,,False,@vlog6022,중앙 맨 뒷줄 왼쪽 친구가 찐이다! 딱히 신경 안쓰고 공부중!,0,2024-07-13T08:30:23Z,2024-07-13T08:30:40Z
UgylxYh-yrZQR6Ms53B4AaABAg,,False,@nijasakina5468,i js know the students from the other classes are punching air rn 😭,1,2024-07-13T08:16:18Z,2024-07-13T08:16:18Z
UgyuNVkBiDeyOEDkYKh4AaABAg,,False,@_megoc_,제일 좋아하는 포맷..학교에 잠입한 아이돌!!! ㅠㅠ,41,2024-07-13T05:36:50Z,2024-07-13T05:36:50Z
UgwDjm3hudRq5RzdWNB4AaABAg,,False,@nalist,Aespa,0,2024-07-13T03:24:55Z,2024-07-13T03:24:55Z
Ugx__WNvbgVUIE0ZEWB4AaABAg,,False,@katheryne8224,Me encantó,0,2024-07-13T03:10:05Z,2024-07-13T03:10:05Z
UgxPY4hCqLSBvSI8g8Z4AaABAg,,False,@katheryne8224,Que bonitoooooo,0,2024-07-13T03:09:49Z,2024-07-13T03:09:49Z
UgxOwtsjGO50Tjf2uK94AaABAg,,False,@KpopBopping,seeing this I just want synk road S2,1,2024-07-13T02:09:15Z,2024-07-13T02:09:15Z
UgxqQ-0RFR_cC-0ZHGV4AaABAg,,False,@0521taks,2학년들인가?여튼 얼마안남았으니 모두 고생하고 대학갈 학생들은 준비하는 학교에 모두 들어가길 바라고 다른거 하려는 학생들도 모두 건강하게 즐겁게 화이팅,10,2024-07-12T17:55:30Z,2024-07-12T17:55:30Z
UgxcoMwR63n_S4G6DfJ4AaABAg,,False,@aechuuu,That GISELLE FAN IS SO LOYAL & SWEET SHES ME,1,2024-07-12T16:46:09Z,2024-07-12T16:46:09Z
Ugyx3EU41km9MBkalHR4AaABAg,,False,@aechuuu,I WANT TO BE THAT GISELLE FAN SO BAD I WANT TO SQUAT & HUG GISELLE,0,2024-07-12T16:34:59Z,2024-07-12T16:34:59Z
Ugy69RiKspCGFbSsaMN4AaABAg,,False,@dunianya.mimaaa,Aespa so humble to the students ❤❤❤,1,2024-07-12T15:01:11Z,2024-07-12T15:01:11Z
UgzdvIK7TQR3O3M5-SR4AaABAg,,False,@balqisnadiya4776,AAAAAA KARINAAAA AKU JUGA MAU KETEMU KARINAAAA 😭😭 AKU SAMBIL NANGIS INI NONTONNYA HAAAAAAAAAAAA 😭😭,2,2024-07-12T14:28:05Z,2024-07-12T14:28:05Z
Ugy_gikW9Vf3XcLHdUt4AaABAg,,False,@itemuspl8557,And now go to boys school.,0,2024-07-12T13:46:27Z,2024-07-12T13:46:27Z
Ugz1MbOVWTvWrazgOFV4AaABAg,,False,@yellenj582,왜 나한테만 이런일이 안일어나는거지…살면서한번도 아이돌을 본적이없어… 손이라도 잡아보고싶다…🤍ㅠㅠ,3,2024-07-12T11:42:15Z,2024-08-06T00:35:58Z
Ugz1MbOVWTvWrazgOFV4AaABAg.A5n48DQUDxqA6lPR8c2mfK,Ugz1MbOVWTvWrazgOFV4AaABAg,True,@허남기-j3k,저두여ㅜㅜ,0,2024-08-05T16:41:16Z,2024-08-05T16:41:16Z
Ugxpk__pK7t9qTfwl2p4AaABAg,,False,@sap-k3n,내가 저 상황이였으면 책상에 머리박고 현실인지 파악부터 했을 듯 저걸 어떻게 믿어 저 상황을,0,2024-07-12T10:23:27Z,2024-07-12T10:23:27Z
UgzGsbuqeD0bvup5RL14AaABAg,,False,@nori_yyi1331,I’m not a MY but i found this on tiktok and watch it because of this interesting content 😭,6,2024-07-12T09:23:01Z,2024-07-12T09:23:01Z
UgzKwGNRpAgGqDVbrzd4AaABAg,,False,@Laaammee,🩷,0,2024-07-12T08:51:47Z,2024-07-12T08:51:47Z
UgxYLcwzuP3KGAYWl6R4AaABAg,,False,@ريتآجَ-ث6ق1ك,الحلقة تهبللل كيوت 🥹🎀🎀🎀,0,2024-07-12T07:58:44Z,2024-07-12T07:58:44Z
Ugwcb-BDumOxHrJsCk54AaABAg,,False,@현-u6e,사우나편 닝닝이 안나옴??,0,2024-07-12T05:46:42Z,2024-07-12T05:46:42Z
UgzMM9Ssdq0gwSAGa8R4AaABAg,,False,@winz9993,Imagine not going to school that day 😂😢,14,2024-07-12T04:54:13Z,2024-07-12T04:54:13Z
UgxV2BywjgUPuCKrbRR4AaABAg,,False,@드루와-k2o,👍👍👍👍👍👍👍,0,2024-07-12T04:43:50Z,2024-07-12T04:43:50Z
UgwVFEehajWhiUmcXpJ4AaABAg,,False,@Syifa-t6n,Seru banget,0,2024-07-11T23:18:08Z,2024-07-11T23:18:08Z
UgzSzjopzMTrN90qbAh4AaABAg,,False,@Sagha119,12:27 카리나만 할 수 있는 말이다 저건ㅋㅋㅋㅋㅋ,17,2024-07-11T21:33:21Z,2024-07-11T21:33:31Z
UgwB-IL6wxuQKIG8KTN4AaABAg,,False,@ptr_grin,Such a wholesome episode for me. And why is Ningning not there in the next teaser??,0,2024-07-11T19:24:47Z,2024-07-11T19:24:47Z
Ugyc6_Oz7veL35fSaSV4AaABAg,,False,@bluuueberrye,If I knew Aespa I would be crying with emotion 😭😭😭😭😭😭😭😭,15,2024-07-11T18:09:12Z,2024-07-11T18:09:12Z
UgzaKm-bV3c0T73Iabd4AaABAg,,False,@fardils,"eh, what's on Winters cheek?",2,2024-07-11T17:49:04Z,2024-07-11T17:49:04Z
UgyAPAw7XNEr_9WaXU94AaABAg,,False,@myriamtouil3347,When they switch their sit that so sweet they want to share their hapiness with their classmate,3,2024-07-11T14:04:45Z,2024-07-11T14:04:45Z
Ugz4Q_8N8hA5fgq8R0F4AaABAg,,False,@cittyy,나도 같은반좀되자 ㅡㅡ;,0,2024-07-11T09:50:46Z,2024-07-11T09:50:46Z
UgzUsXy1OYLADBo6Mbt4AaABAg,,False,@jaykim175,다들 당연히 일반인하고는 비교가 안되는데 카리나 첫 등장은 진짜 이 세계 인물이 아닌듯 싶다,1,2024-07-11T07:06:37Z,2024-07-11T07:06:37Z
Ugxnc5rNZMPo3FnyzjV4AaABAg,,False,@Memento_mori-2903,19:22 what's name song???,0,2024-07-11T06:14:39Z,2024-07-11T06:14:39Z
Ugxnc5rNZMPo3FnyzjV4AaABAg.A5juqrB3kfUA5jvYRbLd-o,Ugxnc5rNZMPo3FnyzjV4AaABAg,True,@user-RedyEditz,Prologue,0,2024-07-11T06:20:44Z,2024-07-11T06:20:44Z
Ugxnc5rNZMPo3FnyzjV4AaABAg.A5juqrB3kfUA5kVaoSJOL1,Ugxnc5rNZMPo3FnyzjV4AaABAg,True,@Memento_mori-2903,@@user-RedyEditz tks!!!,0,2024-07-11T11:44:30Z,2024-07-11T11:44:30Z
UgydGcrL2C5mI6jv9FZ4AaABAg,,False,@aespa_Karina_0411,오타있어요 19:48초,1,2024-07-11T03:04:45Z,2024-07-11T03:04:45Z
UgydGcrL2C5mI6jv9FZ4AaABAg.A5j_70ev2b2A5kfbomzxZt,UgydGcrL2C5mI6jv9FZ4AaABAg,True,@냠-l9j,기약하다ㅠ맞는데,0,2024-07-11T13:20:46Z,2024-07-11T13:20:46Z
Ugymv-KPkpbPwevSe0B4AaABAg,,False,@user-tv7dx1fb1j,지젤 친화력 지리긴한다 ㅋㅋ,1,2024-07-11T02:47:25Z,2024-07-11T02:47:25Z
UgybtsTlzqKfzmlqxs14AaABAg,,False,@swon2000-v9l,2:54 winter ordering karina to drop sth and say oh in Shin-chan's voice was sth i didn't expect:))),0,2024-07-11T02:15:25Z,2024-07-11T02:15:33Z
Ugxipa0jYCZW0lUYzbJ4AaABAg,,False,@YassmineYassou-g7o,ياحضهم,0,2024-07-11T00:03:03Z,2024-07-11T00:03:03Z
UgysOv0lEwL4CCP3-2Z4AaABAg,,False,@그쵸맞죠이렇게하는거,에스파 본 애들 존내 부럽노,2,2024-07-10T21:36:34Z,2024-07-10T21:36:34Z
UgzOBW4tj-i8mv4c07t4AaABAg,,False,@sofyannugraha4722,Dan aku juga menginginkannya🤣,2,2024-07-10T17:55:22Z,2024-07-10T17:55:22Z
Ugx2ZH4uy4WRdbfiYaJ4AaABAg,,False,@HariesBlack,Reaksi winter ko manis banget ya sikapnya cara bicaranya juga manis,3,2024-07-10T16:16:27Z,2024-07-10T16:16:27Z
UgxXJ68Vd_6bwiu1QOJ4AaABAg,,False,@shijrac,This is such a sweet and heartwarming episode! How I wish to sit with aespa too ❤️,3,2024-07-10T16:09:51Z,2024-07-10T16:09:51Z
UgzxnhLrjzkYQDX3UGV4AaABAg,,False,@프로불편러-b7l,9:55 ANGEL ㅈ되내,2,2024-07-10T15:29:03Z,2024-07-10T15:29:03Z
Ugy20AE8FukYMofMx9d4AaABAg,,False,@winter_20001,"랼탸셔녀굔영녕전통역
노요아요냧오른여아",0,2024-07-10T14:17:35Z,2024-07-10T14:17:35Z
UgwMHWsuZRi2kQMpKU54AaABAg,,False,@K-pop-r2z,"31:20 why is nobody talking about giselle crying?😢
Btw why is she crying, what happened😢😭",1,2024-07-10T13:55:04Z,2024-07-10T13:55:04Z
UgzEMfWRS111uUk809V4AaABAg,,False,@lucassniper486,"Hmm...I'm a little sad for the next episode, but I'm assuming they'll give us a proper explanation for NingNing's whereabouts. A show promoting their friendship shouldn't be incomplete without just cause. Hopefully, she's alright at that time.",1,2024-07-10T13:50:09Z,2024-07-10T13:50:09Z
Ugw4Em3RpjCuwV1DLbR4AaABAg,,False,@cappuccino5506,winter's orders are so 😭 HAHAHAHAHAHA,0,2024-07-10T13:39:50Z,2024-07-10T13:39:50Z
UgxklStVDvTL89WX1-d4AaABAg,,False,@no.1.youtuber,"aespaって本当に実在するの？？？？
まじで美しすぎる。",0,2024-07-10T13:24:39Z,2024-07-10T13:24:39Z
Ugz05cQzcxOr7DHXlgB4AaABAg,,False,@card021,저기 무슨 여고죠?너무 부럽네요......,0,2024-07-10T07:17:42Z,2024-07-10T07:17:42Z
UgyokfrUNkYu-ACpqnt4AaABAg,,False,@betlogboy3,She really just says it outta nowhere.. XD 23:22,0,2024-07-10T05:44:04Z,2024-07-10T05:44:04Z
UgzeF9r_xPE8UAFnP6h4AaABAg,,False,@문지은남친이제노아니,양양 출신 김민정 두고보자 ㅈ목포 카리마박맘정아 기다린다,2,2024-07-10T05:36:30Z,2024-07-10T05:36:30Z
Ugy4kSPY3JP8qYHEYx14AaABAg,,False,@angelinasone,너무 부럽다 ㅠㅠㅠ,0,2024-07-10T04:36:12Z,2024-07-10T04:36:12Z
UgzVOsjfqqO-ZYX8g114AaABAg,,False,@tiffany9snsd,아~ 재밌었다. 다들 너무 귀엽네요.,1,2024-07-10T04:09:15Z,2024-07-10T04:09:15Z
UgztE0tb9kNhdHv27554AaABAg,,False,@LiaChrrs,Why giselle crying??😢,0,2024-07-10T03:56:49Z,2024-07-10T03:56:49Z
UgygWTISX9-NP0D_GhJ4AaABAg,,False,@K-pOPStorY1,❤❤❤❤,0,2024-07-10T02:03:59Z,2024-07-10T02:03:59Z
UgxiL-E_oKDp2ajyg-Z4AaABAg,,False,@grizzladie,I will cry along the school hallway everyday if im there T—T,0,2024-07-10T01:14:46Z,2024-07-10T01:14:46Z
UgwmlRBePSf6-ewbutV4AaABAg,,False,@gandoriano,"Aaahhhh, soooo sweeeetttttttt",0,2024-07-09T18:41:18Z,2024-07-09T18:41:18Z
UgzS944QrkIHZMFK1qR4AaABAg,,False,@anushathakur7255,"GURL WHAT????? 28:04 
karina's whipped for winter❤",1,2024-07-09T18:18:28Z,2024-07-09T18:18:28Z
Ugz-mRqchUqBHo3BIvJ4AaABAg,,False,@ranibalqis,"aakkhkhhakak they are so cute, I envy with that school students 😭they are lucky 👍🏻
I love interactions aespa with that school students 💗💗💖",1,2024-07-09T18:17:11Z,2024-07-09T18:18:46Z
UgxeGu46kYVWAuG6Dkh4AaABAg,,False,@ixx.Miri.xiixxi,I feel so bad for that one person that decided to skip school that day 😭😭😭,1,2024-07-09T16:39:13Z,2024-07-09T16:39:13Z
Ugz9gJQhdDd2VXUdTuR4AaABAg,,False,@Urm0mnice1,3명 다 엎드려있는데 어째 표정이 보이는 것 같네 ㅋㅋㅋㅋ 개귀엽다,0,2024-07-09T15:02:34Z,2024-07-09T15:02:34Z
UgxuU8j6WcTJddQhKh54AaABAg,,False,@ratihhidayah-b4r,Iri banget ❤,0,2024-07-09T14:07:44Z,2024-07-09T14:07:44Z
Ugy7ydXmj23uJkFpJh94AaABAg,,False,@MYaespa-4kn,aespa💙🦋🌙⭐,0,2024-07-09T12:55:15Z,2024-07-09T12:55:15Z
UgxZ8ZdXi0yxpAkQx9p4AaABAg,,False,@CCGWTR1,青春,0,2024-07-09T12:46:40Z,2024-07-09T12:46:40Z
UgxrfnsdzrI6ZxAjE6t4AaABAg,,False,@준서박-k7b,카리나님 잘드시니깐 너무 보기 좋으셔요!!,4,2024-07-09T12:34:56Z,2024-07-09T12:34:56Z
UgwPZwcwbJpSFelMREt4AaABAg,,False,@Justmeowmeow333,,0,2024-07-09T11:44:10Z,2024-07-09T11:44:10Z
UgxsdreNe2Oynp_m4J54AaABAg,,False,@andini5328,lucuuu semuaaaa😂❤ nyengirr teruss sampe gigi keringg nontonnyaaa,0,2024-07-09T10:48:34Z,2024-07-09T10:48:34Z
Ugzsq923NEcxxOp4ryt4AaABAg,,False,@마이멜로디의딸기우유,헐 윈터만 교실에 업써서 슬펏는데 결국 나중에 교실에 가구나ㅠㅠㅠㅠ 헤헤 짱…,0,2024-07-09T10:14:52Z,2024-07-09T10:15:10Z
UgwCOccDdaPm9EY5xxl4AaABAg,,False,@phismaker,와 부럽당 진짜  진짜,2,2024-07-09T06:32:03Z,2024-07-09T06:32:03Z
Ugxlho7FV6gujxvKKbd4AaABAg,,False,@kazemakase15,이런 전학생이면 교장센세 최고!! 를 외치며 교무실에서 그랜절과 환희의 댄스를 추다가 체육센세한테 끌려가는 엔딩이라도 좋다.,0,2024-07-09T04:56:49Z,2024-07-09T04:57:25Z
UgxYr1L55QIlYF3lcJ14AaABAg,,False,@hellonkitty,아니 우리 애리 예고편에서 뿌앵하는 거 무슨 일이야,2,2024-07-09T04:20:50Z,2024-07-09T04:20:50Z
UgxYuV36vvwg9Xsy_Rt4AaABAg,,False,@hellonkitty,12:45 지민이 일어나자마자 쏟아지는 담요 세례 ㅋㅋㅋㅋㅋㅋㅋㅋ ㄱㅇㅇ,0,2024-07-09T03:59:35Z,2024-07-09T03:59:35Z
UgyVj39vSXOoOCJ6Z654AaABAg,,False,@hellonkitty,6:57 떨어트렸는데 카리나가 까준 거니까 먹을 수 있다는 거 개웃김 ㅠㅠ ㅋㅋㅋㅋㅋㅋㅋㅋㅋㅋ,3,2024-07-09T03:48:52Z,2024-07-09T03:48:52Z
UgyLwBgKvTDKV3JzLvh4AaABAg,,False,@Jose-nw1cz,Girls are the best in the whole universe!!!,3,2024-07-09T03:41:18Z,2024-07-09T03:41:18Z
UgzIrEnWIFoNhM2Jot14AaABAg,,False,@yuyunhooz,que amorr,0,2024-07-09T03:28:11Z,2024-07-09T03:28:11Z
UgwZ0RZHv8tRXzjsAcp4AaABAg,,False,@카드값줘체리-c2q,와...진짜 카리나는 움직이는 인형같아,1,2024-07-09T02:01:17Z,2024-07-09T02:01:17Z
Ugweu-rFd0BocUqO7T54AaABAg,,False,@swwraf,POV: You didn’t come to school today😭,1,2024-07-09T01:10:04Z,2024-07-09T01:10:04Z
UgwtH7tecB3EYJ_UWvp4AaABAg,,False,@Erica-n4w,❤❤❤,0,2024-07-09T00:47:19Z,2024-07-09T00:47:19Z
UgyxC69q3nKZX3L0NKl4AaABAg,,False,@mngbtj,I NEED TO BE THERE,0,2024-07-08T21:42:51Z,2024-07-08T21:42:51Z
Ugzg3Wq3uF-_UwtfeEZ4AaABAg,,False,@mngbtj,,0,2024-07-08T21:41:06Z,2024-07-08T21:41:06Z
Ugzd5ANjC5GjrjgZf0J4AaABAg,,False,@svsj,19:34,0,2024-07-08T19:00:29Z,2024-07-08T19:00:29Z
UgxxYKtADDav1Sk3fLx4AaABAg,,False,@Le-qx7kt,하...교복지민정이랑 데이트하면 세상 다가진기분이겠다..❤,0,2024-07-08T18:21:44Z,2024-07-08T18:21:44Z
UgyqNNy3ajv0tEhu-Bt4AaABAg,,False,@LightDouble,윈터는진짜 진심 독보적이닺ㅋㅋㄱㅋㅋ,1,2024-07-08T17:49:17Z,2024-07-08T17:49:17Z
UgyPwJ4SwucgElsn1cN4AaABAg,,False,@jamxpjtjmtkm,"7:00に来てたらマンツーマンで90分aespaとお話しできてたってことやんな、やばすぎんか笑笑
てかジュワンちゃん可愛いんだが",1,2024-07-08T17:29:23Z,2024-07-08T17:29:23Z
UgxPdfa26WRxk3JJQ2t4AaABAg,,False,@MsKIMSUNGCHAN,아이들 자리 배정 안되있는 새학기 인가,0,2024-07-08T17:16:47Z,2024-07-08T17:16:47Z
Ugxx7siEr3uM0Wxv7mV4AaABAg,,False,@phamlinhchi2428,❤❤❤❤❤,0,2024-07-08T16:54:28Z,2024-07-08T16:54:28Z
UgwFsplq3bJNfwuX8U54AaABAg,,False,@aespamyne-49,can i know what is the intro song name? Anyone??,1,2024-07-08T16:22:56Z,2024-07-08T17:06:03Z
UgwFsplq3bJNfwuX8U54AaABAg.A5dH4S9ZsMlA5eGdrepMcC,UgwFsplq3bJNfwuX8U54AaABAg,True,@layyyza6,Live my life,2,2024-07-09T01:38:25Z,2024-07-09T01:38:25Z
UgwFsplq3bJNfwuX8U54AaABAg.A5dH4S9ZsMlA5fQpQk3IKV,UgwFsplq3bJNfwuX8U54AaABAg,True,@aespamyne-49,@@layyyza6 Thank youu😍,1,2024-07-09T12:26:37Z,2024-07-09T12:26:37Z
Ugy6AT9kTxaKB59X8w94AaABAg,,False,@국선문노공,18:14 이장면만 10번본듯 넘이쁘다 ㅜ,25,2024-07-08T16:04:40Z,2024-07-08T16:04:40Z
Ugx6Ym6sYQz_RjPJZyt4AaABAg,,False,@jongseokoh7509,첫번째 마스크 여학생 나만 짠하냐...,0,2024-07-08T15:18:17Z,2024-07-08T15:18:17Z
UgzecWRXyZ1XExRXTQx4AaABAg,,False,@워낭소리-k1z,범수형 슈퍼노바 듣다 알고리즘에 뜬 에스파 ㅋㅋㅋ,1,2024-07-08T14:13:06Z,2024-07-08T14:13:06Z
UgxYF9w9_oavSD9Ppvp4AaABAg,,False,@mthiahaffh,eh episode selanjutnya kok ningning ga ada???????////,1,2024-07-08T13:32:28Z,2024-07-08T13:32:28Z
UgwADrwxNea94TZXOAh4AaABAg,,False,@ainhoasalinassanchez3259,"AESPA Y MY FOREVER!
💙💙💙💙💙💙💙💙💙💙💙💙💙💙💙💙💙💙💙💙💙💙💙💙💙💙💙💜💜💜💜💜💜💜💜💜💜💜💜💜💜💜💜💜💜💜💜💜💜💜💜💜💜💜",0,2024-07-08T12:23:02Z,2024-07-08T12:23:02Z
UgyhHQYke-R_6nf0NtZ4AaABAg,,False,@user-v7e,내귀에 도청장치가 아니라 내귀에 윈터 ㅋㅋ,0,2024-07-08T11:56:31Z,2024-07-08T11:56:31Z
UgyDMHeh-yphGj0EZst4AaABAg,,False,@jameschad8190,한남들에게 인기떨어져서 이런거 찍는건가요?,0,2024-07-08T11:45:16Z,2024-07-08T11:45:16Z
UgyeEZt5HRwOb3sNG7N4AaABAg,,False,@ivannn595,dayyyyyyymnnnnnn theyn so cute💓💓💓,1,2024-07-08T11:22:06Z,2024-07-08T11:22:06Z
Ugz0f_S28O-TNsPElqV4AaABAg,,False,@콥이-r2z,넷다 존예~~,2,2024-07-08T11:16:16Z,2024-07-08T11:16:16Z
UgycBnDUm2aH1j34dUl4AaABAg,,False,@HOTBAR2149,내심장ㅜㅜ,0,2024-07-08T10:37:57Z,2024-07-08T10:37:57Z
UgyroGwjcjffGjq5i5F4AaABAg,,False,@TeRrY-z3v,겨울이 최하점도 겨울이답게 눈사람(8) 받았데 ㄱㅇㅇ,0,2024-07-08T10:37:36Z,2024-07-08T10:37:36Z
Ugz7T1vtJv-1KLc7uqJ4AaABAg,,False,@박지민-q8v,"윈터 교생선생님 같다. 
“같이 사진 찍을까요?”할때",0,2024-07-08T09:17:30Z,2024-07-08T09:18:25Z
UgybzxKa5gmVHliYoqB4AaABAg,,False,@ceyra.,giselle ❤,1,2024-07-08T07:50:26Z,2024-07-08T07:50:26Z
Ugw3I6DSCWoZRDO6w014AaABAg,,False,@bluwieepie_mwl,Boykot,0,2024-07-08T07:14:58Z,2024-07-08T07:14:58Z
UgxpX5xrYHWtOtI2O_t4AaABAg,,False,@DSgonnalikeit,"1:16 하 자막
난 자컨팀이 너무 좋다",0,2024-07-08T06:34:09Z,2024-07-08T06:34:09Z
UgxTcIzMGx-nZDxahQp4AaABAg,,False,@Learn-wb4fv,"ngakak banget giselle kayaknya gugup, mana ada orang bangun tidur langsung kepikiran foto mirror wkwkwk",0,2024-07-08T06:10:24Z,2024-07-08T06:10:24Z
UgxwzibXy7z62AbYn014AaABAg,,False,@marcosguardado1001,"Subtítulos en español por favor u,u",0,2024-07-08T05:42:31Z,2024-07-08T05:42:31Z
Ugz4wkiWMvlaoVzSJtZ4AaABAg,,False,@Gdy-zuzu,Giselle is so cute ❤❤❤❤❤❤ very very cute,2,2024-07-08T04:33:32Z,2024-07-08T04:33:32Z
Ugw_XoLoWkqQRPozuil4AaABAg,,False,@9-ec6kc,우리 학교로 와 우리 애기,2,2024-07-08T03:22:03Z,2024-07-08T03:22:03Z
Ugy3TgL1ZMnNcDQFT0V4AaABAg,,False,@theejams2385,i would feel like we are all under black mamba's genjutsu if I was there too,1,2024-07-08T01:49:32Z,2024-07-08T01:49:32Z
Ugyi-HlijjxannNxKMd4AaABAg,,False,@yogabcd115,❤❤❤,0,2024-07-07T23:24:35Z,2024-07-07T23:24:35Z
UgycBflnqTEoYqO7CHB4AaABAg,,False,@도니킴707,"이효리 = 카리나
성유리 = 윈터
이진 = 지젤
옥주현 = 닝닝
핑클 이후 최고 걸그룹아이돌 에스파
(50대 중반 아저씨팬)",0,2024-07-07T23:12:54Z,2024-07-07T23:12:54Z
UgyWSj_7ZMlahNcfawJ4AaABAg,,False,@ava-rainehouston,15:15 HELP SO REAL,0,2024-07-07T21:32:46Z,2024-07-07T21:32:46Z
Ugw09x1PFmBDJBk_of14AaABAg,,False,@illushacherevatyi7935,👍🏻,0,2024-07-07T20:15:23Z,2024-07-07T20:15:23Z
Ugws2BejLUNJjXM8um14AaABAg,,False,@imtiredthankyouandryu,WHAT I WOULDNT GIVE FOR MY FAVES TO COME TO MY SCHOOLLL,0,2024-07-07T19:23:20Z,2024-07-07T19:23:20Z
UgzyAK_IuDicAzlSwB94AaABAg,,False,@Frameizra,Ini ga bisa bahasa jawa ?,0,2024-07-07T18:39:29Z,2024-07-07T18:39:29Z
Ugx7GNozjZM6IdT6CqV4AaABAg,,False,@Pinky-fi8pv,"""don't you have a boyfriend?""
""actually, i have a girlfriend...... it's giselle"" sgjdhdkshd that girl saw the chance and took it 😂",969,2024-07-07T18:08:19Z,2024-07-07T18:08:19Z
Ugx7GNozjZM6IdT6CqV4AaABAg.A5atLNcIP0uA5nwNdrh6rT,Ugx7GNozjZM6IdT6CqV4AaABAg,True,@chrissy907,MJAKDKSD I LOVE HER,36,2024-07-12T19:44:58Z,2024-07-12T19:44:58Z
Ugx8ocfHQ1KsPtF8bmF4AaABAg,,False,@AntitheticMe,How amazing was it for those girls in that class.  I wish I had been there to be shocked like the others.  So cute how they act when reality came crashing down around them!  hehe,1,2024-07-07T18:07:39Z,2024-07-07T18:07:39Z
UgzRiHcMVP3xh-WMs5B4AaABAg,,False,@Multiiz,Imagino o aluno que faltou esse dia kkkk,0,2024-07-07T18:03:35Z,2024-07-07T18:03:35Z
UgzUjpAdBQaI0a10hTx4AaABAg,,False,@krzkqqqxx,WHY GISELLE IS CRYINGG 😢,2,2024-07-07T18:02:28Z,2024-07-07T18:02:28Z
UgxYQaAylEU3IHySsWN4AaABAg,,False,@mariaf_daniel22,Poor students who didn't went to school that they lol btw they look so cute with the school uniforms 🥺❤,0,2024-07-07T18:00:44Z,2024-07-07T18:00:44Z
Ugzeqk3Z6DQEHKzaGbB4AaABAg,,False,@yurarichan,感動しました！！,0,2024-07-07T17:20:46Z,2024-07-07T17:20:46Z
UgzN7du9HY_urRxi_814AaABAg,,False,@팝페라-b5m,"에스파는 개개인의 인성, 실력은 우월한 데  안무와 의상이 문제, 특히 의상을 보면 히말라야 만국기가 생각 남.
보석의 기공사가 문제임",0,2024-07-07T16:33:26Z,2024-07-07T16:33:26Z
UgyOmIaF2SsPcOApqbZ4AaABAg,,False,@dee_diki,Oh how I wish to be born in Korea so I can have some surprise moments 😫Knetz are all so lucky,0,2024-07-07T16:11:12Z,2024-07-07T16:11:12Z
UgyNqASVdS0mxnN7Qyp4AaABAg,,False,@infounikbyirfan,We need to talk about a girl with eyeglasses and mask behind ningning’s seat. Don’t tell me she didn’t know about aespa 😅😅,2,2024-07-07T15:05:38Z,2024-07-07T15:05:38Z
UgzORIZ9YtEaba2ojj14AaABAg,,False,@cr-bp5wx,"絶対忘れられない日になっただろうなー
驚く子もそれみるaespaもみんなかわいい",0,2024-07-07T14:52:01Z,2024-07-07T14:52:01Z
UgzoHr2SXYPQPRjVWBd4AaABAg,,False,@geksinthawika4274,"So Funny,,, 😂😂😂",0,2024-07-07T14:35:16Z,2024-07-07T14:35:16Z
UgzHkwiDEilNXS2ZX9p4AaABAg,,False,@CessMaaKneeLaa,rewatching cause this so wholesome series became my favorite,2,2024-07-07T14:12:58Z,2024-07-07T14:12:58Z
UgzHkwiDEilNXS2ZX9p4AaABAg.A5aTPdqhQIlA5cYzaUc9Ld,UgzHkwiDEilNXS2ZX9p4AaABAg,True,@CessMaaKneeLaa,again today before sleep 😫🥺❤️,0,2024-07-08T09:40:11Z,2024-07-08T09:40:11Z
Ugz9TrO25-Uv0XyvoQB4AaABAg,,False,@Present_Dibo,31:06 ㅋㅋㅋㅋ기선을 제압해,1,2024-07-07T14:00:31Z,2024-07-07T14:00:31Z
UgygrngC_zTu-GYkti54AaABAg,,False,@jenniemandukim4224,I'll gladly help Karina too,0,2024-07-07T13:42:04Z,2024-07-07T13:42:04Z
UgzivXhQpwdAYUy_4fp4AaABAg,,False,@Pokjinler,넘 따뜻하고 재밌네요❤,0,2024-07-07T13:38:43Z,2024-07-07T13:38:43Z
UgyQhmr5LYoawlLg5I54AaABAg,,False,@jake10168,진짜 이것만 기다렸다,3,2024-07-07T13:37:26Z,2024-07-07T13:37:26Z
Ugzh5U3wWv3chxigcZF4AaABAg,,False,@김까치-z6w,어떤 상황에서도 묵묵히 공부하는 저 사람은 대단하다 느껴지내요,10,2024-07-07T13:13:01Z,2024-07-07T13:13:01Z
UgyTykl7tH9_qqJFypN4AaABAg,,False,@bruhiscomin,giselle's missions is out of the world 😂😂,288,2024-07-07T12:55:25Z,2024-07-07T12:55:25Z
UgyTykl7tH9_qqJFypN4AaABAg.A5aKXg_JHDyAB63ELgPdDZ,UgyTykl7tH9_qqJFypN4AaABAg,True,@ccsl42,😂😂😂,0,2024-11-21T12:36:08Z,2024-11-21T12:36:08Z
Ugz5Am0w0WVv7Kgn8kx4AaABAg,,False,@jhamycasantos2552,IM SO JEALOUS OF THEMMM 😢,0,2024-07-07T12:27:49Z,2024-07-07T12:27:49Z
UgziVHdK8Ci1KPLxzcR4AaABAg,,False,@SpekterTP,winteerr torturing giselle with the tasks i kennat 😭😭😭,69,2024-07-07T11:26:34Z,2024-07-07T11:26:34Z
Ugywi6J4p1ig9EdasN54AaABAg,,False,@taewoolee4909,컨텐츠도 재밌지만 공부로 고생하는 학생에게 둘도 없는 소중한 추억을 준 게 정말 좋네요. :-),17,2024-07-07T10:40:53Z,2024-07-07T10:40:53Z
Ugza3EqhyUTcWD5Mbz94AaABAg,,False,@Miles_Link,ㅋㅋㅋㅋ에스파 간다니까 우는 주은이 친구 귀엽다. ㅋㅋㅋㅋ😂,105,2024-07-07T09:42:00Z,2024-07-07T09:42:00Z
Ugx6Aw3itkUjvlc6GFJ4AaABAg,,False,@gery0238,OMG KARINA CAKEP BET AJG,0,2024-07-07T09:18:00Z,2024-07-07T09:18:00Z
UgwwqmCNPiQ_hdOBiXB4AaABAg,,False,@jottkasaeyu210,30:20 김민정 저 따수움 어쩔껀데...,5,2024-07-07T09:11:49Z,2024-07-07T09:11:49Z
UgwMw6dIJtxUqYo7nKR4AaABAg,,False,@heemurra,Is it just me who always sees this aed4rk person in the comments,0,2024-07-07T09:04:42Z,2024-07-07T09:04:42Z
UgzPcIg2Ufxsy62a-R94AaABAg,,False,@kingbatne8377,예탁이 개웃기네 ㅋㅋ,0,2024-07-07T08:59:37Z,2024-07-07T08:59:37Z
UgxaV5W6dn5KgL8GThN4AaABAg,,False,@gabbyomega,having a normal class after aespa was in it like I could not omg,1,2024-07-07T08:21:46Z,2024-07-07T08:21:46Z
UgyoHHvVDaNQEr4Nsgp4AaABAg,,False,@sophiathaole,Karina is thoughtful!,0,2024-07-07T08:08:04Z,2024-07-07T08:08:04Z
UgwIS7DzQRlb7CiIist4AaABAg,,False,@gabbyomega,GISELLE DOING SQUATS WITH THE FAN SISJJSJSJS,2,2024-07-07T08:06:44Z,2024-07-07T08:06:44Z
UgyKokQyRE3lrAvuCCV4AaABAg,,False,@dennisblidzy,Winter making Giselle doing squats all the time is too funny😂,11,2024-07-07T07:57:37Z,2024-07-07T07:57:37Z
UgyGXG3xJMdfJu_0lXV4AaABAg,,False,@nowit2ki,학교가서 그냥 공연하는것보다 이런게 훨씬 애들 추억에 많이 남을듯 스엠 요즘 일 잘하네ㅋㅋ,45,2024-07-07T07:44:12Z,2024-07-07T07:44:12Z
UgzAhQNSrvurjZ4ePnN4AaABAg,,False,@daveretcamacho2639,When Ga Eun said that “you can’t have two aespa” you can tell that she’s a fan since debut❤,161,2024-07-07T07:37:38Z,2024-07-07T07:37:38Z
Ugy3xQ73vKSFmoWaf5R4AaABAg,,False,@lyekahkit9366,18:07😂😂😂,0,2024-07-07T07:37:25Z,2024-07-07T07:37:25Z
UgxPieesEhcdTIsN-1h4AaABAg,,False,@leesuh3259,9:57 진짜 햇빛까지 받은 미모 말 안된다 너무 예쁘네😂😂,209,2024-07-07T06:58:33Z,2024-07-07T06:58:33Z
UgzLHdMzX5jwWhM2_4x4AaABAg,,False,@rosiee-de7yv,Pliss ini gue daritadi nyengir mulu 😭😭,1,2024-07-07T06:25:45Z,2024-07-07T06:25:45Z
UgwTPVdEOEB0w8VWm714AaABAg,,False,@ha_nyang9o,부러워유ㅠㅠㅠ,2,2024-07-07T06:24:54Z,2024-07-07T06:24:54Z
UgyMFzyhjEFGZ4N94cN4AaABAg,,False,@Candyflat3,진짜...부럽다...평생 간직할 추억인듯 ㄷㄷ,3,2024-07-07T05:16:17Z,2024-07-07T05:16:17Z
UgzpzVY3ChC9pedNNmt4AaABAg,,False,@NEMONEMONEMONEMO-SIGN,10:06 놀라는 반응 너무웃김ㅋㅋㅋㅋㅋㅋㅋ,0,2024-07-07T05:15:53Z,2024-07-07T05:16:14Z
UgzpzVY3ChC9pedNNmt4AaABAg.A5_Vwxnxy0oA5aRDToJI6K,UgzpzVY3ChC9pedNNmt4AaABAg,True,@Seoung-i6w,어떡해ㅠㅠ버퍼링걸린듯,0,2024-07-07T13:53:50Z,2024-07-07T13:53:50Z
UgxUNJFI2oyvzZBAz_h4AaABAg,,False,@abcd77e,애들 삐걱거리는거 웃기네 ㅋㅋ,2,2024-07-07T04:34:55Z,2024-07-07T04:34:55Z
UgxMKFweMEhoA87q7Kl4AaABAg,,False,@My-ck5qq,15:50,1,2024-07-07T04:30:26Z,2024-07-07T04:30:26Z
UgypqiLxnxHJTG-eRwZ4AaABAg,,False,@excel8489,에스파는 둘이 될수없어 개욱기네 ㅋㅋㅋㅋㅋ,1,2024-07-07T04:30:19Z,2024-07-07T04:30:19Z
UgxQHgU5D1LiKjVx7DB4AaABAg,,False,@미소무라,the students were so sweet,4,2024-07-07T04:29:06Z,2024-07-07T04:29:06Z
Ugz0f8JfKamCS3GH0y14AaABAg,,False,@미소무라,them trying to comfort jooeun and the other students as they cried was so wholesome,20,2024-07-07T04:27:12Z,2024-07-07T04:27:12Z
UgypxzCud2dFSzimxO14AaABAg,,False,@FuryOfCalderon,I hope the highschoolers know their looks are not natural.,2,2024-07-07T04:07:38Z,2024-07-07T04:07:38Z
Ugxol0_skR4QDT66-UF4AaABAg,,False,@가으니-v5b,마시막에 기선을 재압해 ㅋㅋㅋㅋㅋ,1,2024-07-07T03:44:34Z,2024-07-07T03:44:34Z
UgxuNRMkSlV_VFH3DWt4AaABAg,,False,@nurulfatihah9919,like fx variety show😢😢,0,2024-07-07T03:20:58Z,2024-07-07T03:20:58Z
Ugxdn6kwypEjgbSKwlB4AaABAg,,False,@jondistefano288,this party episode is far greater and sooo very awesome like,5,2024-07-07T02:52:58Z,2024-07-07T02:52:58Z
UgyAeA1CPtcxNRjD56R4AaABAg,,False,@즉율,다음 편 넘 기대된다! ❤️❤️,2,2024-07-07T02:38:47Z,2024-07-07T02:38:47Z
UgwOcn87gxUboYmY9AJ4AaABAg,,False,@frog3849,스쿼트 같이하는 거 개웃기네 ㅋㅋㅋ,4,2024-07-07T02:25:48Z,2024-07-07T02:25:48Z
UgzEolyPc0XlKMid69h4AaABAg,,False,@ksenia_x_x1639,милое и интересное шоу!,0,2024-07-07T02:15:24Z,2024-07-07T02:15:24Z
UgyVSo55CYSuSpXxK_F4AaABAg,,False,@6aubz,Minjeong fine asl,0,2024-07-07T01:22:07Z,2024-07-07T01:22:07Z
UgwsI_578pTt_ZsPNeN4AaABAg,,False,@abeadzalsalem4382,In just in short time and they're already attached to the girls.. So cute..,2,2024-07-07T01:01:05Z,2024-07-07T01:01:05Z
UgywttQuBkIrMpyqZj14AaABAg,,False,@22zooley,"All the kids were nice and gentle with aespa, but the one with glasses and mask at the bottom was so unbothered, not even at little interaction.",4,2024-07-06T23:59:55Z,2024-07-06T23:59:55Z
UgwEahgpxWZVSSYK03N4AaABAg,,False,@LDH21,완전체로 교실 들어갔으면 ㅠㅠ,10,2024-07-06T23:57:59Z,2024-07-06T23:57:59Z
Ugwy3qS2OtByk28Kt7R4AaABAg,,False,@이건아니지-y7x,"와.... 그림체가 다른데?
신의 차별이 느껴진다 와...",0,2024-07-06T23:40:00Z,2024-07-06T23:40:00Z
Ugx9NkEaxeQvhTjhxMJ4AaABAg,,False,@reefajr,the students are so lucky damn :'),1,2024-07-06T23:17:44Z,2024-07-06T23:17:44Z
UgyN_WcwnxcN5qO8D_h4AaABAg,,False,@peterchan6999,aespa fighting !!!!,1,2024-07-06T22:47:04Z,2024-07-06T22:47:04Z
UgwecB_h-dnTy0oQmU14AaABAg,,False,@BlinkAngelica,La chica del tapabocas se nota que no es fan 😅 incluso yo que no soy fan de Aespa estaría feliz y sorprendida,0,2024-07-06T21:57:02Z,2024-07-06T21:57:02Z
UgwecB_h-dnTy0oQmU14AaABAg.A5ZiihhhCdNA5ZystIBE4p,UgwecB_h-dnTy0oQmU14AaABAg,True,@22zooley,"Jajajajaj yo siento o que era hater/anti o boy grupera, incluso ahí se vio que chicas eran realmente Mys y quienes no pero de todos modos se portaron lindas y amables, esta simplemente estuvo así todo el tiempo 😐😷, por eso la cámara ni la enfocaba.",0,2024-07-07T00:18:14Z,2024-07-07T00:18:14Z
Ugyp_ynr8-a3LvbKTSt4AaABAg,,False,@dicoyaclub69,the masked girl doesn't like the presence of Aespa?,0,2024-07-06T21:45:30Z,2024-07-06T21:45:30Z
Ugyp_ynr8-a3LvbKTSt4AaABAg.A5ZhPFbxCPBA5ZyweyFj_1,Ugyp_ynr8-a3LvbKTSt4AaABAg,True,@22zooley,She was a little antiphatic,1,2024-07-07T00:18:45Z,2024-07-07T00:18:45Z
Ugyp_ynr8-a3LvbKTSt4AaABAg.A5ZhPFbxCPBA5_iwH1xhQO,Ugyp_ynr8-a3LvbKTSt4AaABAg,True,@dicoyaclub69,@@22zooley I think she's someone who prefers studying too,0,2024-07-07T07:18:07Z,2024-07-07T07:18:07Z
Ugyp_ynr8-a3LvbKTSt4AaABAg.A5ZhPFbxCPBA5b4y3gJntp,Ugyp_ynr8-a3LvbKTSt4AaABAg,True,@22zooley,"@@dicoyaclub69 too nerd, imagine have one of the biggest celebrities and most popular girl groups of your country and all your calssmates enjoy the experience but be like -___- nah",0,2024-07-07T19:58:35Z,2024-07-07T19:58:35Z
Ugyp_ynr8-a3LvbKTSt4AaABAg.A5ZhPFbxCPBA5cwXGXNF-j,Ugyp_ynr8-a3LvbKTSt4AaABAg,True,@dicoyaclub69,@@22zooley hahaha so funny 😭,0,2024-07-08T13:14:38Z,2024-07-08T13:14:38Z
UgzY2i-ngRBpEit0sXd4AaABAg,,False,@bpaesugoi,ㅠㅠㅠ ㅠㅠㅠ ㅠㅠㅠ ㅠㅠㅠ ㅠㅠㅠ,0,2024-07-06T21:13:46Z,2024-07-06T21:13:46Z
UgwiefaQCR4hNoqzgL14AaABAg,,False,@bpaesugoi,😭😭😭😭😭😭 this is so sweet,1,2024-07-06T21:13:31Z,2024-07-06T21:13:31Z
UgwKhMs04NSp2SOg6i54AaABAg,,False,@bpaesugoi,"When it was time for aespa to leave, it really touched my heart i teared up too",1,2024-07-06T21:12:59Z,2024-07-06T21:12:59Z
UgyUdqM_FNklhA8dtDp4AaABAg,,False,@Fanai938,I'm so happy about this video❤❤❤❤😂❤❤❤❤😂❤❤❤❤😂,1,2024-07-06T20:18:38Z,2024-07-06T20:18:38Z
UgyaVx9ddtBiIguNgs54AaABAg,,False,@heejuns7482,가슴이 찡한건 … 학생분들 순수함에 너무 재밌게 잘 봤습니다 😆👍👍👍👍👍👍👍👍,5,2024-07-06T20:11:49Z,2024-07-06T20:11:49Z
UgxEKUmhNxgmLRsoqMJ4AaABAg,,False,@joaquinvaleri7022,I love Korean girls ❤,0,2024-07-06T19:00:49Z,2024-07-06T19:00:49Z
Ugx9O7JzgVEdAoJfSAR4AaABAg,,False,@asp-f3r,24:11 ㅋㅌㅋㅋㅌㅋㅋㅋㅋ저도 이번 기말에서 역사 8점 받았어요..,0,2024-07-06T18:48:13Z,2024-07-06T18:48:13Z
UgxdavNarOQY495uh7N4AaABAg,,False,@defr7614,I got 8 alsoo 🤣😭‼️ but for addmath,0,2024-07-06T18:45:56Z,2024-07-06T18:45:56Z
Ugwe1FctRus__qkH5I54AaABAg,,False,@SergioZhou,"Where is NINGNING?  She didn’t appeared in the next episode TRAILER ! She is not going to appear?? Is the second time she didn’t appear in a group programe that is self-made (first one was in 2023). The more i stan aespa the more disgusting i get because of the company!
STOP MISTREATING NINGNING!  ╰(‵□′)╯",0,2024-07-06T18:43:31Z,2024-07-06T18:43:31Z
Ugz2Qvshw-ZuMvr5muh4AaABAg,,False,@Antispotlight_hunter,so lovely when winter said 'it's okay don't cry' ❤❤,17,2024-07-06T18:31:32Z,2024-07-06T18:33:35Z
UgzS_4jqLOKNf0Lu4VV4AaABAg,,False,@lleyycute,Boycott 😢😢😢,1,2024-07-06T18:29:52Z,2024-07-06T18:29:52Z
UgwjduUxyAyF7G6_kx94AaABAg,,False,@lleyycute,Aespa boycot!!pre palestina 🇵🇸🇵🇸🇵🇸💞,1,2024-07-06T18:29:37Z,2024-07-06T18:29:37Z
Ugw2icVI0AC8UcjcRDh4AaABAg,,False,@lleyycute,Pre palestina 🇵🇸🇵🇸🇵🇸🇵🇸🇵🇸💞💞💞,0,2024-07-06T18:29:20Z,2024-07-06T18:29:20Z
UgzJeFqtv-HAXNxek0h4AaABAg,,False,@lleyycute,Pre palestina🇵🇸🇵🇸🇵🇸🇵🇸🇵🇸🇵🇸🇵🇸,0,2024-07-06T18:29:07Z,2024-07-06T18:29:07Z
UgygcqR3qwttUVZqXuB4AaABAg,,False,@lleyycute,Boycot aespaa!!!!,0,2024-07-06T18:28:44Z,2024-07-06T18:28:44Z
Ugyg7C0U3fulrDaNqB94AaABAg,,False,@lleyycute,Aespa boycot,0,2024-07-06T18:28:32Z,2024-07-06T18:28:32Z
Ugw1AB3BD3jzlS4Kem94AaABAg,,False,@lleyycute,Aespaa boycott,0,2024-07-06T18:27:42Z,2024-07-06T18:27:42Z
UgzuCB8fTHtXU1SbrHN4AaABAg,,False,@lleyycute,Boycott,0,2024-07-06T18:27:31Z,2024-07-06T18:27:31Z
Ugw5phWH_pBSvUaWHA94AaABAg,,False,@lleyycute,Boycott,1,2024-07-06T18:24:15Z,2024-07-06T18:24:15Z
Ugw5phWH_pBSvUaWHA94AaABAg.A5ZLNGhBcYkA5ZzJNJWmRw,Ugw5phWH_pBSvUaWHA94AaABAg,True,@22zooley,"You are annoying, don’t wish what can happen to your favorites, that bad wishes and energy is going to come back to you or your favorite boy group, it’s called divine justice, Amen.",1,2024-07-07T00:21:59Z,2024-07-07T00:21:59Z
UgzY7o2XeDLiEgJqFkR4AaABAg,,False,@lleyycute,Boycot😢,1,2024-07-06T18:24:05Z,2024-07-06T18:24:05Z
Ugw7-zUGLZsceY7DGt54AaABAg,,False,@lleyycute,Boycott aespaa boycott!!!,1,2024-07-06T18:23:59Z,2024-07-06T18:23:59Z
UgwiD2QUD_svqNBH9PV4AaABAg,,False,@lleyycute,Boycott!!!!!!!,1,2024-07-06T18:23:45Z,2024-07-06T18:23:45Z
UgxEbM-lwTbBSCH2Ga94AaABAg,,False,@lleyycute,Boycot,1,2024-07-06T18:23:34Z,2024-07-06T18:23:34Z
UgxEm7Ueu1K6-onE9Gl4AaABAg,,False,@lleyycute,Aespa boycot!!!!,1,2024-07-06T18:23:22Z,2024-07-06T18:23:22Z
UgwrND4fYT2h1SeiwLF4AaABAg,,False,@lleyycute,Boycot aepaa!!!fre palestina💞,1,2024-07-06T18:23:07Z,2024-07-06T18:23:07Z
UgxfOpNU3buB2pM9DPV4AaABAg,,False,@JeKurokawa,아이러브 에스파 ❤❤❤,2,2024-07-06T18:07:26Z,2024-07-06T18:07:26Z
UgxEgsKkK97pSgUNzMd4AaABAg,,False,@natasyasetiadji9107,18:04 winter enter the class is so cute and cool At the same time 🫠,181,2024-07-06T18:04:50Z,2024-07-06T18:04:50Z
UgwFpYuwJxFSKnEpGid4AaABAg,,False,@Lambdaye0,애기들 너무 이쁘고 귀엽다❤❤,1,2024-07-06T17:54:22Z,2024-07-06T17:54:22Z
UgxRKX78vf73KVZUebh4AaABAg,,False,@maryrpm93,"Wow, how nice it made me remember my time in high school, how I also hated mathematics (which caused my average to drop) but I loved universal, artistic and contemporary history. The very pretty girls with the students and the students with the Aespa girls 🤭🫰🏼🫶🏼",0,2024-07-06T17:34:04Z,2024-07-06T17:34:04Z
Ugw6LjnuPzXwBmUeshh4AaABAg,,False,@caiooliveira6775,Giselle was cute all the time,88,2024-07-06T17:13:38Z,2024-07-06T17:13:38Z
UgyMkzK9WvH1WMlGFYJ4AaABAg,,False,@SS-dg4fs,"何が面白いってニンニンがジゼルに顎で
『早くやれっ』の顔",0,2024-07-06T16:45:01Z,2024-07-10T09:34:44Z
Ugy4AjN_V9x5qSJscth4AaABAg,,False,@dahlia__8880,하…진짜 부럽다ㅠㅠㅜㅜ,0,2024-07-06T15:58:42Z,2024-07-06T15:58:42Z
UgwYskw4_Gw2VScmg5p4AaABAg,,False,@alenadelmiguez2968,🥹❤️❤️❤️,0,2024-07-06T15:56:42Z,2024-07-06T15:56:42Z
Ugy2c9R2xAxpderOGYV4AaABAg,,False,@hyuswn,oq acontece quando eu falto na aula:,1,2024-07-06T15:17:39Z,2024-07-06T15:17:39Z
UgycyAIB8yn9a6cuuw54AaABAg,,False,@aewinternimm,에스파 정말 사랑해요 ❤️,4,2024-07-06T15:01:57Z,2024-07-06T15:01:57Z
Ugx_YI2bfnnfJWi8syJ4AaABAg,,False,@castard6721,학교로 뽑아내는 컨텐츠중에 제일 순하고 귀엽고 사랑스러웠당😢💕,112,2024-07-06T14:56:54Z,2024-07-06T14:56:54Z
UgxeDXM5JPkAgaG-8Up4AaABAg,,False,@我愛羅-d1k,後面有一個學生完全在認真學習 絲毫不知道AESPA是誰 笑死,3,2024-07-06T14:45:58Z,2024-07-06T14:45:58Z
Ugw1sLvvKJHoLGkzw854AaABAg,,False,@왕왕-d8o,"친구랑 픽한 에스파티 하이스쿨파티 최애 장면 모음들❤

1:49 친구가 시킨다고 자는 지민이한테 인사히는 친구 귀엽고
2:24 컨트롤러 민정이 말 듣고 얌전히 뒤로 가서 거울셀카 찍는 애리도 너무 귀여운데 그거 보고 만족하는 민정이가 너무 웃기고 귀여운ㅋㅋㅋㅋ
3:15 아니 짱구 성대모사의 벽을 넘지 못한 지민이가 너무 웃겨서ㅜㅋㅋㅋㅋㅋ 촤학하고 터지는 지민이가 귀엽구
3:48 이때 친구들이 일어났네? 하고 바람 잡아주는 거 너무 귀엽고ㅋㅋㅋㅋ 청소 하러가는 예쁜 언니가 청소 플러팅 하는 게 너무 귀여운ㅠㅋㅋㅋㅋㅋㅋㅋ
6:00 미션해야 되니까 스쿼트 하면서 얘기하는게 너무 웃기고 앞에 친구도 같이 해주는 게 너무 순수하고 예쁜😂
8:38 갑자기 자리 양보해주고 나한테 감사하라는 친구가 웃긴ㅜㅋㅋㅋㅋ 근데 나 같아도 나중에 알면 고마워할 것 같은ㅠ
9:53 비닐봉지 틱톡 미션하려고 일어난 지민이 보고 놀란 친구들이 너무ㅠㅋㅋㅋㅋㅋㅋ 
10:48 아직 미션 안 하고 걸린 지민이한테 뭐하시냐며 하곤 닝닝이한테 바로 미션 주는 민정이도 너무 웃기고
같이 스쿼트하자면서 다같이 운동하는 애리와 친구도 웃긴ㅠ
11:53 카라니씨 벌점이라는 소리에 다급하게 시작하는데ㅠㅋㅋㅋㅋㅋ 현타 못 이기고 쓰러지는거 너무 웃긴😂😂 
17:04 비장하게 몸 푼 거에 비해서 너무 작은 디귿이 너무 웃긴 우리스파ㅜㅠㅋㅋㅋㅋㅋㅋㅋㅋ 
19:26 맘이 따수워지는 친구들과의 단체 사진❤
19:32 근데 우리 에스파가 애들 눈물바다 되니까 너무 따숩고 언니처럼 챙겨주니까 내가 대리심쿵이고.. 언니 저도 챙겨달라고 하고싶은😂
23:16 이 장면 k-학교 출신 지민이랑 민정이는 공감하는데 드라마로 접한 애리는ㅋㅋㅋ 드라마인줄만 알았다는게 진짜 웃긴😂
24:05 민정이 여기부터 밑밥깔고 8점 받은거 말하는 거 너무 웃기도 나름 수습하려고 막내가 수학 잘 하게 생겼다고 하는게 웃기고ㅜㅋㅋㅋㅋㅋ

에스파티 통해서 각자 하고 싶은 것도 하고 분식 먹으면서 우리스파 학창 시절 에피소드도 들을 수 있게 되어서 너무 좋아요❤ 에스파티 다음 화도 기대할게요🥰🫶🏻",12,2024-07-06T14:40:32Z,2024-07-07T02:47:58Z
UgxONfiIeDjYGE7HWDV4AaABAg,,False,@miharuuu1007,MY CUTIEESSS❤,0,2024-07-06T14:39:56Z,2024-07-06T14:39:56Z
UgwSyj866VO8F3p1QR14AaABAg,,False,@castard6721,12:38 수빈아~ 부르는 닝이 너무너무너무 귀여워ㅠㅠ,0,2024-07-06T14:36:46Z,2024-07-06T14:36:46Z
UgylpyIO0iXmzqLmfY94AaABAg,,False,@강호-b6l,군필 30대 아재인데 여고 갈수 있나요?,1,2024-07-06T14:32:21Z,2024-07-06T14:32:21Z
UgxibKkXcTYnm94K5TZ4AaABAg,,False,@미스터횽,닝닝이랑 카리나랑 디젤이? 하나식좀 줘라3인걸륩인가,0,2024-07-06T14:31:35Z,2024-07-06T14:32:15Z
UgzGPyEVS3nErV6Bm9l4AaABAg,,False,@jiminwwww,저런 학교 전학가고싶은데 어떻게하나요. 예비군 4년차 직장인 20대남성입니다.,0,2024-07-06T14:28:31Z,2024-07-06T14:28:31Z
Ugw2Ou-ZvABgOUbrgBx4AaABAg,,False,@dlkangho,"에스파분들이 되게 짧게 편집하셨네(특히 어린 학생들이 원했던것보다는) ㅎㅎ. 뭐, 이제 좀 빨리 업로드들은 해주시겠지(아니면 이거랑 똑같이 일주일마다 올려주려나?)ㅎ",2,2024-07-06T14:15:19Z,2024-07-07T11:38:07Z
UgwoeBsooToLMUb-6VB4AaABAg,,False,@nuruledogawa19,kiyowo ❤,0,2024-07-06T14:06:34Z,2024-07-06T14:06:34Z
UgxN73hkAiandbO4XId4AaABAg,,False,@我愛羅-d1k,明明片長半小時 我每次都看了兩個小時,2,2024-07-06T14:00:17Z,2024-07-06T14:00:17Z
UgyyvUJv4OGmyz15cEN4AaABAg,,False,@82729twr,우리학교도 와 줬으면 좋겠다....,1,2024-07-06T13:55:43Z,2024-07-06T13:55:43Z
UgwrqkSOIcuCrC1Gl5F4AaABAg,,False,@jhonnykim01,estoy llorando y ni siquiera estoy alli 😂,0,2024-07-06T13:51:19Z,2024-07-06T13:51:19Z
UgyPyLz6Lgkpmle5maZ4AaABAg,,False,@김민이-u3m,윈터가 너무 노잼인 것들만 시키네 ㅜ,0,2024-07-06T13:46:39Z,2024-07-06T13:46:39Z
UgyPyLz6Lgkpmle5maZ4AaABAg.A5Yqb3Q2M9PA5Yvpd7Bcrj,UgyPyLz6Lgkpmle5maZ4AaABAg,True,@Yeorin.y,What?,0,2024-07-06T14:32:20Z,2024-07-06T14:32:20Z
UgyPyLz6Lgkpmle5maZ4AaABAg.A5Yqb3Q2M9PA5Yw6VU5GKq,UgyPyLz6Lgkpmle5maZ4AaABAg,True,@김민이-u3m,@@Yeorin.y hi,0,2024-07-06T14:34:46Z,2024-07-06T14:34:46Z
Ugymx1BbWlpezCmUmtJ4AaABAg,,False,@wwp00h,"Too bad winter couldnt join, i think she wasnt feeling that well & because her hair is blonde.
I love the girls in this class esp gaeun & jooeun, the whole class are really friendly & kind",243,2024-07-06T13:40:07Z,2024-07-06T13:40:07Z
Ugx_PlS_HZaCv2M_84J4AaABAg,,False,@jangwinka,아 등교했는데 에스파가 있으면 어떤 느낌일까 ㅋㅋㅋㅋㅋ,2,2024-07-06T13:29:35Z,2024-07-06T13:29:35Z
UgzdO3SoyqBMbe0i6V94AaABAg,,False,@GhostZen-se2fq,,0,2024-07-06T13:19:02Z,2024-07-06T13:19:02Z
UgwroH6-SpOVSyWoi6B4AaABAg,,False,@katarina_jimin,애리야 결혼해요,2,2024-07-06T13:16:09Z,2024-07-06T13:16:09Z
UgykEcPpzRrm_Hn8bg54AaABAg,,False,@AnAnAndAnAn,aespa 🩷 The BEST,1,2024-07-06T13:15:27Z,2024-07-06T13:15:27Z
Ugy1X_FkxFVWvDH1c7J4AaABAg,,False,@MK-id8db,부천 카리나 라길래 어딘가 했더니 소명여고였구나.. 애들 부럽다 ㅠㅠ,0,2024-07-06T12:51:07Z,2024-07-06T12:51:07Z
Ugw-5W3ym5jWEq_Xg994AaABAg,,False,@thalia5436,3:39 창밖에서 들어오는 햇살마저도 완벽한 순간이다,2,2024-07-06T12:23:17Z,2024-07-06T12:23:17Z
UgyOx0Oioc_aC80VhS14AaABAg,,False,@김연수-p7h,31:11 단소살인마 처단자..? ㅋㅋ,1,2024-07-06T12:22:05Z,2024-07-06T12:22:05Z
Ugw0LL1WBSrPclQOx6t4AaABAg,,False,@아마란스-o1p,"1:39 가슴과 머리를 연타 ㅋㅋㅋ ""정신차려 떨지마 심장아"" ㅋㅋㅋㅋㅋㅋ",1,2024-07-06T12:13:26Z,2024-07-06T12:13:26Z
UgybxvJU-QqLGZ00Ond4AaABAg,,False,@ChoDupal,Winter is a menace for those behind the scenes instructions lol,50,2024-07-06T11:52:52Z,2024-07-06T11:52:52Z
UgwGsVlexMqZUbNFCYx4AaABAg,,False,@astronautsamuel_xxv2295,Its actually so cute that they did this in an all-girls school. All the students' reactions are so cute!,3,2024-07-06T11:52:26Z,2024-07-06T11:52:26Z
UgxFpuC0mppthARomwN4AaABAg,,False,@junghee-c2w,윈터 얼굴에 밴드가 붙어져있어ㅠㅠㅠ,0,2024-07-06T11:31:27Z,2024-07-06T11:31:27Z
UgwAuAUl04NSjKftBZJ4AaABAg,,False,@꼬부기-i7j8j,주작인거 다 티 나는데도 재밌다,0,2024-07-06T11:15:07Z,2024-07-06T11:15:07Z
UgwAuAUl04NSjKftBZJ4AaABAg.A5Y_GBehj8IA5ZCeNXt5EK,UgwAuAUl04NSjKftBZJ4AaABAg,True,@키키-s9n,주작무새 등장,1,2024-07-06T17:08:05Z,2024-07-06T17:08:05Z
Ugz-tclSUvJfeozONzN4AaABAg,,False,@LoMayyTann,Ơ đoạn tặng quà cô đâu😢,0,2024-07-06T10:45:00Z,2024-07-06T10:45:00Z
Ugzyzj4pbgUMjn_tHcF4AaABAg,,False,@몰라-r3j,와 10분 때 햇볓받은 카리나 ㅁㅊ….,1,2024-07-06T10:41:11Z,2024-07-06T10:41:11Z
UgwxrXt1gszHgfYjMPR4AaABAg,,False,@ellewii__,Ningning ❤,0,2024-07-06T10:38:26Z,2024-07-06T10:38:26Z
Ugxj_GwJEgKdJvo1Ahh4AaABAg,,False,@xdcjlsjdooba,kenapa acara ini lucu woee😂😂😂,0,2024-07-06T10:30:41Z,2024-07-06T10:30:41Z
Ugz3Ap3_utcdyodg_GJ4AaABAg,,False,@kygofan1016,진짜 이런 심장에 위험한거 자꾸 만드시면... 감사해요...,119,2024-07-06T10:29:01Z,2024-07-06T10:29:01Z
Ugyrbc7w1hyQuSjLTxF4AaABAg,,False,@afk3889,그러고보니 겨울에 찍은건가보네,0,2024-07-06T10:24:54Z,2024-07-06T10:24:54Z
UgzCpovg3RjifvrHXYd4AaABAg,,False,@burnbabyburn3929,"Joo eun: You have to thank me forever 

She's so real",0,2024-07-06T10:12:58Z,2024-07-06T10:12:58Z
UgybP0ut89XtHN9elFV4AaABAg,,False,@Harsh_Reality28,1:40 😂😂😂,1,2024-07-06T10:09:00Z,2024-07-06T10:09:00Z
UgxhWQRCQDjTC_hgaXV4AaABAg,,False,@aerz._st4r,omgg the first trigger with the hearts is sooo cuteee 💓✨🎀,0,2024-07-06T10:05:16Z,2024-07-06T10:05:16Z
Ugw4GI_CnnVPzI8c0Xd4AaABAg,,False,@yongjoocho7491,18:15 민정이 나왔어요? 이 학교 제 1지망입니다,1,2024-07-06T09:26:52Z,2024-07-06T09:26:52Z
Ugzn_4cYORceytuThBB4AaABAg,,False,@MHBrazuca,Karina e Ningning jogando e a Giselle na altas amizades com as meninas na mesa e a Winter só vendo suas cria,2,2024-07-06T09:22:29Z,2024-07-06T09:23:11Z
Ugx26EMH_9IV3iUsekx4AaABAg,,False,@chococo848,clickbait talaga ni yung winrina ❤🤣,0,2024-07-06T09:12:02Z,2024-07-06T09:12:02Z
UgwQv2lc4nFUGyuPFoR4AaABAg,,False,@Jinn1eeeeeeee,5:41 왜 이렇게 뿌듯하지 ㅠㅅㅠ 으앙 뭉클하다 저 학생 너무 떨려하는게 보임 ㅋ,340,2024-07-06T08:54:45Z,2024-07-06T08:55:13Z
UgwgCG4kUC1QDpHdR9Z4AaABAg,,False,@dsfhbr3dsokjh,31:08 기~ Sun을 제압~ 해~,0,2024-07-06T08:52:23Z,2024-07-06T08:52:23Z
Ugy17oW0BqapUx3jnS14AaABAg,,False,@알로-k6u,"9:55 화보 아님.

아무튼 아님.",0,2024-07-06T08:51:05Z,2024-07-06T08:51:05Z
Ugxmg20wnBljkuIt9rh4AaABAg,,False,@ineedtoseetwiceagain,I was gonna cry,0,2024-07-06T08:49:57Z,2024-07-06T08:49:57Z
UgwCpIAxqfmcpPMxTuR4AaABAg,,False,@Jinn1eeeeeeee,"드디어 나왔다,,❤ 뒷 에피소드 궁금해 죽는줄 ㅠㅠㅠ 공주님들 잘 보겟숩니다🙇‍♀️",5,2024-07-06T08:48:10Z,2024-07-06T08:48:10Z
UgwbS01FPTp9-IK2tdJ4AaABAg,,False,@blackpoodlechan,"登場人物みんなかわいい…
韓国料理食べたくなった🥢",1,2024-07-06T08:32:43Z,2024-07-06T08:32:43Z
UgxcmLWAN7ci9ok2Lsp4AaABAg,,False,@elleronquillo6028,"Yejin is so loyal to Giselle! She really went from Karina’s side, and then went to Giselle’s Back, then Giselle’s Front! She’s the sweetest!",437,2024-07-06T08:22:17Z,2024-07-06T08:22:17Z
UgwA861LAGqT0GNFqiJ4AaABAg,,False,@ey9353,Giselle's missions are so funny hahaha,0,2024-07-06T08:18:16Z,2024-07-06T08:18:16Z
Ugx5yfSDY-qeTfaVTQh4AaABAg,,False,@Sdfuie,KARINA 為何要對我的心臟爆擊🤩😍😍,0,2024-07-06T08:15:08Z,2024-07-06T08:15:08Z
Ugyaw1ZT0ZGhXsaLVNZ4AaABAg,,False,@user-yv2vr3rj6s,7:50 지젤이 닝아라고 부르는 거 왜케 좋지,5,2024-07-06T08:09:15Z,2024-07-06T08:09:15Z
UgzHT2IoiArwokGxcj14AaABAg,,False,@catwisdom8469,담에는 대학도 가주세요~~~,1,2024-07-06T08:07:21Z,2024-07-06T08:07:21Z
UgwsIOJytRehTgnL08l4AaABAg,,False,@여-l2j,주은 친구 존예!!,14,2024-07-06T08:00:26Z,2024-07-06T08:00:26Z
UgzrtHbFwP-ZfllKMF54AaABAg,,False,@lestariwulandari,15:42 giselle girlfriend mode on😂😂😂,0,2024-07-06T07:57:50Z,2024-07-06T07:57:50Z
UgwUqODrwdtF1vNY1KF4AaABAg,,False,@kathleenrsmla,GO GISELLE GOOOOO!!!,0,2024-07-06T07:50:58Z,2024-07-06T07:50:58Z
Ugzh_OA7acpT8YFqezF4AaABAg,,False,@Bonsai24779,하하....윈터가 의도적으로 카리나(남편)에게 몇 가지 일을 할당한 것 같아요.🤡,1,2024-07-06T07:50:17Z,2024-07-06T07:50:17Z
Ugy8sMvdQo9gHxp_Q6l4AaABAg,,False,@boogshbini,🤍,0,2024-07-06T07:41:05Z,2024-07-06T07:41:05Z
UgwuuwOc8EYMVH1e3554AaABAg,,False,@Maraz-z4w,19:32 The girl will have a heart attack,1,2024-07-06T07:39:53Z,2024-07-06T07:39:53Z
UgztgS2hMYXecoLixlB4AaABAg,,False,@Maraz-z4w,The students' love for aespa is so cute,12,2024-07-06T07:38:33Z,2024-07-06T07:38:33Z
Ugys0WuFR8SnzHxyXKt4AaABAg,,False,@albina1330,The MY and Giselle doing squat are so cute ❤ it made me laugh 😂 I love aespa 😊,19,2024-07-06T07:37:25Z,2024-07-06T07:37:25Z
UgypJ-BXIN1dTP8SKhB4AaABAg,,False,@fitzzaa_18,whats the name of the song that played in 19:23 ?,3,2024-07-06T07:35:31Z,2024-07-06T07:35:31Z
UgypJ-BXIN1dTP8SKhB4AaABAg.A5YB7iyD465A5YD9XGuwvb,UgypJ-BXIN1dTP8SKhB4AaABAg,True,@lorrainelimquiaco461,Prologue - aespa,1,2024-07-06T07:53:14Z,2024-07-06T07:53:14Z
UgzXM-5RdxSfxjO3wLJ4AaABAg,,False,@cristelhwang146,Giselle's moment is always fun to watched. I feel like I was Yejin too 15:33 ❤ Karina with a ray of sunlight is a lit. Then there's this cute shy Ningningandbher reaction when Yejin claims Giselle as her girlfriend. The savage doll Winter making Giselle do things. 😂,50,2024-07-06T07:28:36Z,2024-07-06T07:41:00Z
Ugzkz3JjeeIbo05OtmV4AaABAg,,False,@Maraz-z4w,15:42 This place was so funny,0,2024-07-06T07:27:37Z,2024-07-06T07:27:37Z
UgxcQTeHplSd_kwqNQR4AaABAg,,False,@lqxnk,みんな反応が可愛いww🩷,1,2024-07-06T07:27:21Z,2024-07-06T07:27:21Z
UgzudTutWW3tLvQc7W14AaABAg,,False,@micayy_qyuiuh,에스파아아아!! PH🇵🇭 소녀들이 자랑스러워요!,7,2024-07-06T07:17:38Z,2024-07-06T07:17:38Z
Ugx-mdSnCdLiIohQv1J4AaABAg,,False,@hi_hello135,아 진짜 예뻐.. 학생들 넘 부럽다아,10,2024-07-06T07:16:10Z,2024-07-06T07:16:10Z
UgxzZA_mJoLRdFVezrB4AaABAg,,False,@aespa_love07,次が楽しみ！！,0,2024-07-06T07:14:21Z,2024-07-06T07:14:21Z
UgwwTw_R25DWId9KXFJ4AaABAg,,False,@아기멍게www,흐엉..ㅠㅠㅠㅠ 넘예뻐…,0,2024-07-06T07:00:39Z,2024-07-06T07:00:39Z
UgwV5r2WadK_YNS9fv54AaABAg,,False,@BCD.A_MS,3월 14일에 촬영한거임?,1,2024-07-06T06:55:04Z,2024-07-06T06:55:04Z
Ugwc3-O0d-TCBcTPlI14AaABAg,,False,@Yun-qwer,여자도 홀리는 에스파.. 만나보고싶다 나도,4,2024-07-06T06:46:30Z,2024-07-06T06:46:30Z
Ugw_DVEvqpmjPiWs7kB4AaABAg,,False,@boogshbini,TO SQUAT TOGETHER WITH YOUR IDOL IS SUCH A FUNNY ENCOUNTER YET A DREAM COME TRUE HAHAHAHHAHAHAHAHA,75,2024-07-06T06:40:37Z,2024-07-06T06:40:37Z
Ugw9UBjWg-aH58mwknJ4AaABAg,,False,@lxy._.drtfie,THEY ALL ARE SO LUCKYYYYYYYY!!! OMGGG,2,2024-07-06T06:40:30Z,2024-07-06T06:40:30Z
UgwqkBn3kx_O4WCXnQt4AaABAg,,False,@充-x5v,aespa最高!,1,2024-07-06T06:29:02Z,2024-07-06T06:29:02Z
UgwZUtsrRmpYYTCacCR4AaABAg,,False,@user-DSV7,4화 잘봤고 다음화 찜질방편도 기대할게요 ㅎㅎ,11,2024-07-06T06:23:05Z,2024-07-06T06:23:05Z
Ugw6th_8Onf_U2OcbAV4AaABAg,,False,@phuongngannguyen7915,THAT GISELLE'S MOMENT SQUATTING WITH MY IS SO SWEET😭😭,211,2024-07-06T06:21:42Z,2024-07-06T06:21:42Z
Ugyp2PVRol6--VyHIEx4AaABAg,,False,@Chen-iw3lj,21:39,0,2024-07-06T06:20:52Z,2024-07-06T06:20:52Z
UgyP8rI_Z7-DUkxS8MZ4AaABAg,,False,@cennChanelkpop,Is the girl wearing the mask a trainer ? Why she so quiet,1,2024-07-06T06:10:44Z,2024-07-06T06:10:44Z
UgwxTxA0mT-mFfp8-RJ4AaABAg,,False,@ghyericzennies7272,😂😢❤ so adorable,0,2024-07-06T06:09:10Z,2024-07-06T06:09:10Z
Ugxw9zQT6kz2yd_4q-d4AaABAg,,False,@chucilok,pas mau pulang kok ikutan nangis ya gue😭,0,2024-07-06T05:56:08Z,2024-07-06T05:56:08Z
Ugx-vBE7-YRmSn5ZBZJ4AaABAg,,False,@kimidelgado1364,Giselle is my girlfriend too,0,2024-07-06T05:55:44Z,2024-07-06T05:55:44Z
UgyD9t3cdG7PcuY4ntB4AaABAg,,False,@Boonsitabq,น่ารักมากกกกก,0,2024-07-06T05:41:02Z,2024-07-06T05:41:02Z
UgxlkJFSSHWPRD0Fzel4AaABAg,,False,@Yourgirlsawako,i wish aespa come to my school,1,2024-07-06T05:34:45Z,2024-07-06T05:34:45Z
Ugx5x7RsedgNqgnuN9x4AaABAg,,False,@user-my7my3dq9e,와 소명여고…..부천 아 …..바로 옆인데 하아…….,0,2024-07-06T05:29:48Z,2024-07-06T05:29:48Z
UgxQrt9XB7lgDO2icXZ4AaABAg,,False,@winspa01,Aku sangat terhibur melihat acara aespa seperti ini 😁,0,2024-07-06T05:22:18Z,2024-07-06T05:22:18Z
Ugw09b8iPvqRg3ftSnN4AaABAg,,False,@PINKBLOOD_98,학생들도 귀엽고 애들도 귀엽고 ㅋㅋㅋㅋㅋ 진짜 엄마미소로 봤당ㅠㅠ아 귀여워 진짜 ㅠㅠㅠ 다음은 찜질방..ㅈㄴ 기대되,22,2024-07-06T05:22:17Z,2024-07-06T05:25:05Z
UgyD_ClhR8K-TNlFR3t4AaABAg,,False,@piecesposie,nontonin ini jadi bikin dejavu :( gue juga jd kepengen balik SMA 😭,0,2024-07-06T05:17:45Z,2024-07-06T05:17:45Z
Ugyhxk0uJhA4Fj8uVc14AaABAg,,False,@jaynetcole1371,😂😂😂😂😂😂😂😂,0,2024-07-06T05:13:14Z,2024-07-06T05:13:14Z
UgzCrPxeUGQuLhXeuvR4AaABAg,,False,@kaiiiiiiii_88,RANDOM BANGETT 😂😂,0,2024-07-06T05:10:30Z,2024-07-06T05:10:30Z
UgyqMdq9n1m2jTq0WLR4AaABAg,,False,@tamb8970,🥰 love this episode & Aespa…..❤,1,2024-07-06T05:05:38Z,2024-07-06T05:05:38Z
Ugza6AnqgNPSYk_lV_54AaABAg,,False,@유지태-l9s,뽀삐 너무 커엽다,2,2024-07-06T05:04:14Z,2024-07-06T05:04:14Z
UgzB71Gz3VhYaeA1s914AaABAg,,False,@서준lovvaespa,"모든 것이 너무 달콤합니다 ... 에스파의 모든 소녀들은 진짜 공주입니다..., 저는 이 비디오를 사랑합니다, 평생 동안 볼 수 있습니다♥♥♥♥♥",32,2024-07-06T05:00:40Z,2024-07-06T05:00:40Z
Ugz_HK6CYDieDALNOt94AaABAg,,False,@Amira-2015alemi,Тот самый чел который заболел,0,2024-07-06T05:00:09Z,2024-07-06T05:00:09Z
UgzzKXQR4U_fbkP32Ml4AaABAg,,False,@rosekhmis5049,❤❤❤❤,0,2024-07-06T04:34:42Z,2024-07-06T04:34:42Z
UgwWO1z1lwdgCFTbbWZ4AaABAg,,False,@มะหมาหูลู่,Giselle💖,1,2024-07-06T04:33:06Z,2024-07-06T04:33:06Z
UgwL_w0TNGEWmlCr69x4AaABAg,,False,@lamrongpeng533,"aespa's interaction with the girls is just so hilarious 💕 another fun episode
in the end they revealed themselves and most of the girls cried it's so touching to see aespa prepare gifts for them",18,2024-07-06T04:29:59Z,2024-07-06T04:50:34Z
UgzGWuCXaXzYg1ciPdN4AaABAg,,False,@mehorton2657,Imagine having to do the rest of the school day after this 😭😭,594,2024-07-06T04:26:12Z,2024-07-06T04:26:12Z
UgzGWuCXaXzYg1ciPdN4AaABAg.A5XqTF-7JjoACpHrbun5QA,UgzGWuCXaXzYg1ciPdN4AaABAg,True,@jia234,ㅠㅠㅠ,3,2025-01-03T08:00:25Z,2025-01-03T08:00:25Z
UgzGWuCXaXzYg1ciPdN4AaABAg.A5XqTF-7JjoAD2w211Q9fE,UgzGWuCXaXzYg1ciPdN4AaABAg,True,@user-kb1ji8,ㅠㅠ,2,2025-01-09T00:29:37Z,2025-01-09T00:29:37Z
UgzGWuCXaXzYg1ciPdN4AaABAg.A5XqTF-7JjoAGH9DHHrY0U,UgzGWuCXaXzYg1ciPdN4AaABAg,True,@핑코티코,ㅋㅋㅋㅋㅋㅋ쿠ㅠㅜㅜㅜ ㅜ ㅜㅜ,0,2025-03-30T02:37:02Z,2025-03-30T02:37:02Z
UgzMKE95agw6Qw7QJCd4AaABAg,,False,@Nuraini-yf3ht,Aku ketemu aespa boro2 kaget langsung pingsan aku 😭❤,1,2024-07-06T04:20:32Z,2024-07-06T04:20:32Z
UgzfSvABz-FPA4CfyzJ4AaABAg,,False,@mehorton2657,15:33 YEJIN IS SO REAL LMAOOOO,1,2024-07-06T04:19:26Z,2024-07-06T04:19:26Z
Ugz4kpYdE1gHct_GyCZ4AaABAg,,False,@anny9380,La chica de cabello corto y lentes es muy bonita,0,2024-07-06T04:19:07Z,2024-07-06T04:19:07Z
Ugy28NbFEdfBgeJCAbt4AaABAg,,False,@kaekaekaekaekae,31:22 gigi crying??,2,2024-07-06T04:16:03Z,2024-07-06T04:16:03Z
Ugy28NbFEdfBgeJCAbt4AaABAg.A5XpItt_hoRA5Y-w4HPYc8,Ugy28NbFEdfBgeJCAbt4AaABAg,True,@kimidelgado1364,yes :<<,0,2024-07-06T05:57:40Z,2024-07-06T05:57:40Z
UgwXrRfoS6Y2-nIq-A54AaABAg,,False,@Rai_MONSTIEZ,次回楽しみーーー！,1,2024-07-06T04:14:14Z,2024-07-06T04:14:14Z
Ugx-I96sk678cOWSOhZ4AaABAg,,False,@Rai_MONSTIEZ,あ、aespaのことで頭がいっぱいだ、、,1,2024-07-06T04:11:25Z,2024-07-06T04:11:25Z
UgyOtreFhU9kAfHEc3l4AaABAg,,False,@Rai_MONSTIEZ,今日のmusic day楽しみすぎる,2,2024-07-06T04:10:48Z,2024-07-06T04:10:48Z
UgxrduBRxmpXAUux0nx4AaABAg,,False,@Rai_MONSTIEZ,aespartyさいこおーーー,1,2024-07-06T04:10:02Z,2024-07-06T04:10:02Z
UgzI2husX1cnNV-7vt54AaABAg,,False,@Rai_MONSTIEZ,冬子マジで可愛すぎるやろ,7,2024-07-06T04:09:04Z,2024-07-06T04:09:04Z
Ugx3MNuECUriTqvvPuV4AaABAg,,False,@shirushana,LORD ME WHEN,0,2024-07-06T04:07:40Z,2024-07-06T04:07:40Z
UgzUrUPpI15HmIS7xSl4AaABAg,,False,@나현-x6o,아 너무 귀여워 ㅠㅠㅠㅠ,0,2024-07-06T04:07:19Z,2024-07-06T04:07:19Z
UgzIhdsOhbtDYYmdXvp4AaABAg,,False,@shai_hashi,So lucky! 😢💗,4,2024-07-06T04:04:33Z,2024-07-06T04:04:33Z
UgymrUFjSAzQE2n1qQt4AaABAg,,False,@배정우-q1f,"학생들과헤어질때  졸업식보는줄알았어요
우는학생도있고
언제또연예인하고얘기도하고사진도찍어봐",2,2024-07-06T04:04:06Z,2024-07-06T04:04:06Z
Ugxi3EA6hWGeBrNCUR54AaABAg,,False,@Yunessa02,Gonggi is such a fun game love playing that with family,0,2024-07-06T03:59:45Z,2024-07-06T03:59:45Z
Ugzv1Z5Id0RiITsvuZ14AaABAg,,False,@ELC_VAREN,"Ah, this is what I've been waiting for. Finally there is a sequel 🔥🎉",4,2024-07-06T03:59:26Z,2024-07-06T03:59:26Z
UgycyJFoLkeYBgp73HR4AaABAg,,False,@aespa_Fighting,yeahhh i have been waiting for this episode,1,2024-07-06T03:57:58Z,2024-07-06T03:57:58Z
UgynazPUFeypA28BVtN4AaABAg,,False,@22zooley,888 aespa forever,0,2024-07-06T03:56:45Z,2024-07-06T03:56:45Z
UgxLdKk7Gbh9SJzccgp4AaABAg,,False,@Cherry-pe6qj,Mis bebés siempre tan dulces y hermosas las amo  winter y karina  gracias por los subtitulos en español,0,2024-07-06T03:48:37Z,2024-07-06T03:48:37Z
Ugxt19oNwAQr2YMbGyh4AaABAg,,False,@xenxh_,우리학교도 와주면 조켓어 언니들……….,0,2024-07-06T03:42:17Z,2024-07-06T03:42:17Z
UgzbRliOATX9XJxgpAx4AaABAg,,False,@LeonardAbdar,Kalo gw yg jadi muridnya udah pingsan duluan😂,2,2024-07-06T03:41:23Z,2024-07-06T03:41:23Z
UgxTDgmf-Ghic-edexZ4AaABAg,,False,@kirimi__,학생들 우는거 넘 귀엽고 공감감 ㅠㅠㅠ🥹🥹,6,2024-07-06T03:17:38Z,2024-07-06T03:17:38Z
Ugx8TioIOuMweW1CbP14AaABAg,,False,@joonwooshim6371,30:50 다음에피소드도 기대된다 ㅎㅎ,1,2024-07-06T03:16:59Z,2024-07-06T03:17:15Z
UgzkWx3a01aF8qHFlix4AaABAg,,False,@Jongu-s5s,Guys is it true that the aespa don’t work now!,0,2024-07-06T03:16:14Z,2024-07-06T03:16:14Z
UgyPE5TYsMoYIJx6bwx4AaABAg,,False,@Cfghjs,닝닝이 귀여워 아구 애깅 닝깅이❤️❤️❤️😍,14,2024-07-06T03:13:14Z,2024-07-06T03:13:14Z
UgzJrRFujd7ouWHXjIl4AaABAg,,False,@rayakirana955,엄청 웃겨점점 더 슬퍼지네요 🥰😻😻😻😻🎉🎉🎉🎉,1,2024-07-06T03:12:50Z,2024-07-06T03:12:50Z
UgzZ30G7h02ngDajn_94AaABAg,,False,@21vendetta71,This content is so funny and wholesome😍😍😍,2,2024-07-06T03:05:34Z,2024-07-06T03:05:34Z
UgxWJCJwUWXVXHySGyB4AaABAg,,False,@sherrenvalencia6167,"giselle has such a sweet and bright attitude, much love! ❤️",31,2024-07-06T02:59:52Z,2024-07-06T02:59:52Z
UgyVp9vf-aKN9N_8CZR4AaABAg,,False,@nx21023,너무 재밌당 에스파 만난 MY소녀들은 진짜 평생 팬하겠네ㅜ.ㅜ 너무 좋은 추억!!!,63,2024-07-06T02:58:44Z,2024-07-06T02:58:44Z
Ugy19j8T6Ym82UkMCOh4AaABAg,,False,@sunny10234,왜 지젤만 리본 엊ㅅ는거죠,259,2024-07-06T02:51:52Z,2024-07-06T02:51:52Z
Ugy19j8T6Ym82UkMCOh4AaABAg.A5XffFehfQpA5aTCuxQ4ar,Ugy19j8T6Ym82UkMCOh4AaABAg,True,@jerrykim4837,알빠노,14,2024-07-07T14:11:14Z,2024-07-07T14:11:14Z
Ugy19j8T6Ym82UkMCOh4AaABAg.A5XffFehfQpA5aWaF9hZc0,Ugy19j8T6Ym82UkMCOh4AaABAg,True,@nowit2ki,이건 시리즈 몇번째 “왜 지젤만 XX없는거죠?”일까ㅋㅋㅋㅋ 이 정도면 스엠 내부에 상습범이 있다봐도 될거같은데,78,2024-07-07T14:40:46Z,2024-07-07T14:40:46Z
Ugy19j8T6Ym82UkMCOh4AaABAg.A5XffFehfQpA5adFibRXGL,Ugy19j8T6Ym82UkMCOh4AaABAg,True,@지뉴-q2c,​​​​@@nowit2ki 뭐 더워서 본인이 뺀걸수도 있긴한데 당장 회사 대표이사인 탁영준부터가 지 sns로 일본인 멤 이간질했던걸로 유명함 ㅋㅋㅋㅋ 엔시티 유타한테도 그랬음 ㅋㅋ,50,2024-07-07T15:47:44Z,2024-07-07T15:50:02Z
Ugy19j8T6Ym82UkMCOh4AaABAg.A5XffFehfQpA5cD_PJnh4G,Ugy19j8T6Ym82UkMCOh4AaABAg,True,@DSgonnalikeit,다른 멤버였어도 똑같은 반응이었을 거다~,5,2024-07-08T06:33:06Z,2024-07-08T06:33:06Z
Ugy19j8T6Ym82UkMCOh4AaABAg.A5XffFehfQpA5eUaNKAKg1,Ugy19j8T6Ym82UkMCOh4AaABAg,True,@리트리Retri,불편하다해서 안한듯,7,2024-07-09T03:40:16Z,2024-07-09T03:40:16Z
UgyKoqdkRRzCYjfpN-B4AaABAg,,False,@deltaboy2011,Why you guys all sound so nice?  LOL!!,0,2024-07-06T02:51:26Z,2024-07-06T02:51:26Z
UgxkiVo5IzyT-PmjDCx4AaABAg,,False,@arczngel,6:03 HAHAHAHAHAHAHA,1,2024-07-06T02:37:38Z,2024-07-06T02:37:38Z
UgzjXAHqrGKtAgqlDlF4AaABAg,,False,@maknaemandu6401,Pongan la opcion de los subtítulos en español porfavor,1,2024-07-06T02:35:21Z,2024-07-06T02:35:21Z
UgwCOoCqKWFkXgI7Q3x4AaABAg,,False,@mcbts2,"애기들이 얌전하네. 좀 더 강렬하게 하려면 남고 비밀 교생, 최고 난장판을 원하면 여 장교로 군대 난입이겠지.",0,2024-07-06T02:30:54Z,2024-07-06T02:30:54Z
UgxuYTvr9MdL_BLCLH54AaABAg,,False,@draculencerichthofen8283,🥰🥰🥰,0,2024-07-06T02:26:36Z,2024-07-06T02:26:36Z
UgwmTCAvlOjQJeoePxJ4AaABAg,,False,@pikachubread,"it would've been fun if aespa got to join the students during lunch time too, and let ningning & giselle have more of the full experience ",42,2024-07-06T02:23:17Z,2024-07-06T02:23:17Z
UgyGCwkY4OMQ12YbrlF4AaABAg,,False,@akdong1024,16:42 주먹안에 눈코입이 다 있어 😂😂,0,2024-07-06T02:15:09Z,2024-07-06T02:15:09Z
UgzqGeX1lPc_XSBVjep4AaABAg,,False,@Ningmybaby,"🗣️: who's your bias jn aespa? 
-kim jiwon",1,2024-07-06T01:58:02Z,2024-07-06T01:58:02Z
Ugyl983naEiG6y1X97V4AaABAg,,False,@그레타,"Я не живу в Южной Корее, поэтому я не щнаю как всё в корейский школах. Но я часто слышу про то, что в школах в Корее могут легко буллить кого нибудь из за внешности. 
Но в видео все такие добрые и милые 😄😄 в россии все не такие добрые и общительные. :(
И это очень трогательно, что к Жизель подошла MY, а потом начала с ней приседать 😂😂😆😁 
И Ниннин таккя милая, что я сейчас умру 😩 и даже если бы она не была такой милой, я бы всё равно восхещалась ею. 
А смех Карины так прекрасен 😩😩. 
А Винтер заставила меня сильно смеяться из за заданий, которые она давала в этом видео.😄 Винтер выглядит как ангел, с этим цветом волос.😩 Её выражение лица на сцене, когда aespa поют supernova просто прекрасное. Это невозможно описать.Винтер родилась для того, что стать айдолом. 😩😩❤❤ Мне достаточно посмотреть одно выступление aespa, и у меня будет ещё весь день и всю ночь хорошее настроение. 
И я не могу отделаться от мысли, что ведь в этот момент в другой части мира aespa сейчас что то делают. Я не могу поверить, что они скществуют, также и с другими группами. У меня такое, ощущение, что это другой мир, вы все слишком прекрасны для того, чтобы существовать. В реальной жизни в социофоб, и у меня наверное емть какое то проблемы с головой, но кпоп всегда мне помогает. Я преставлчю, как разговариваю с участницей какой нибудь группы, вообщем у меня большое воображение, поэтому, я разговариваю с вами.❤ С aespa и другими кпоп группами.
Я потом удалю этот комментарий, я не люблю писать комментарии.😬",9,2024-07-06T01:33:48Z,2024-07-06T01:33:48Z
Ugyl983naEiG6y1X97V4AaABAg.A5XXjYs8vEJA5Y7vLzbEIT,Ugyl983naEiG6y1X97V4AaABAg,True,@simpelcity8381,"Fighting MY. please don't delete your comment, its very heart warming",0,2024-07-06T07:07:28Z,2024-07-06T07:53:23Z
Ugyl983naEiG6y1X97V4AaABAg.A5XXjYs8vEJA5Zti90pT6M,Ugyl983naEiG6y1X97V4AaABAg,True,@FromOneStep,"Drama and reality are different. Korea has a lot of dramas and movies about bullying, which has created a preconceived notion among foreigners that is not true. ""School"" is a frequent choice for Korean entertainment because it is familiar to everyone who has experienced it, and it can be filmed without a big budget as long as you have a location and actors. Contrary to the drama, in reality, school violence in South Korea is quite low by global standards.",0,2024-07-06T23:33:05Z,2024-07-06T23:33:05Z
UgygPLZpWyGuj34Xc3J4AaABAg,,False,@nurulmujayana3762,학교에 가지 못한 학생들은 에스파를 만나지 못해 많이 아쉬울 텐데요.😢,12,2024-07-06T01:29:12Z,2024-07-06T01:29:12Z
UgzfcTvhJt9kFXEZHC54AaABAg,,False,@madons05,Thank you. In any case please make more videos with 30 mins to 1 hr content for aespa. ❤❤,2,2024-07-06T01:28:53Z,2024-07-06T01:28:53Z
UgzPXNCS9PdeEwGH1Ap4AaABAg,,False,@werii7e,Cewek kacamata dibelakang ningning diem diem bae,1,2024-07-06T01:28:50Z,2024-07-06T01:28:50Z
UgzPXNCS9PdeEwGH1Ap4AaABAg.A5XXA4JdOClA5X_4voSqym,UgzPXNCS9PdeEwGH1Ap4AaABAg,True,@dore7304,iya.. bahkan dia pas liat member aes aja gak kaget,1,2024-07-06T01:54:20Z,2024-07-06T01:54:20Z
UgwMh1YTOJPIFZxCA0Z4AaABAg,,False,@SitiMaisyarah-x1k,AESPA가 우리 학교를 방문한다면 매우 즐거운 여행일 것입니다. 🎉🎉,5,2024-07-06T01:28:35Z,2024-07-06T01:28:35Z
Ugzdm_shNKLQfuee9gF4AaABAg,,False,@hanjeee,so cuteee,2,2024-07-06T01:27:47Z,2024-07-06T01:27:47Z
Ugx6byBx_BuYPJCKK7x4AaABAg,,False,@구리-o5m,민정이도 가발씌워서 같이 했으면 좋았을 텐데 너무 기대된다~,3,2024-07-06T01:10:33Z,2024-07-06T01:10:33Z
UgwkyuabtfBeEX2Ciq14AaABAg,,False,@음이온-b9d,실제 학생들이 아줌마로 보이는 현실,0,2024-07-06T01:07:49Z,2024-07-06T01:07:49Z
UgzFpmwoX1TmkXxS6jR4AaABAg,,False,@adefajarfauzan536,19.12 whats the song tittle ?,1,2024-07-06T01:07:27Z,2024-07-06T01:07:27Z
UgzFpmwoX1TmkXxS6jR4AaABAg.A5XUiVh7klIA5XWtfGkY2D,UgzFpmwoX1TmkXxS6jR4AaABAg,True,@hanjeee,Prologue*,1,2024-07-06T01:26:27Z,2024-07-06T01:26:36Z
UgzFpmwoX1TmkXxS6jR4AaABAg.A5XUiVh7klIA5XWtjVUCD3,UgzFpmwoX1TmkXxS6jR4AaABAg,True,@Galleryvoli,aespa - prologue,1,2024-07-06T01:26:28Z,2024-07-06T01:26:28Z
UgxbfEJZxRipQMvj_T14AaABAg,,False,@summero,고마워요 에스파,0,2024-07-06T01:03:57Z,2024-07-06T01:03:57Z
Ugy4AWtGLCjxHSFf4PF4AaABAg,,False,@kissvox1,닝닝 공기 잡은게 아니고 잡힌게 본인도 신기해서 응?하는거 귀엽넹 😂😂,1,2024-07-06T01:03:31Z,2024-07-06T01:03:31Z
UgwSZvnFeCUPzHu3lnZ4AaABAg,,False,@auranuraziba1848,di next episode tidak adak ningning kah ?,2,2024-07-06T01:02:38Z,2024-07-06T01:02:38Z
UgxuP-P4rCNggc5-gKZ4AaABAg,,False,@iinnurkarima4263,"Cewek yang duduk dibelakang pake (kacamata, hodie, masker) seperti gk tau aespa",1,2024-07-06T01:01:19Z,2024-07-06T01:01:19Z
UgzqF0bajOkNP1QgjOF4AaABAg,,False,@mmialya,Thats why to allways show up to school,4,2024-07-06T00:57:16Z,2024-07-06T00:57:16Z
UgzQgWhHeD5-Ndnmv1t4AaABAg,,False,@nadya_-si2uf,Their interactions are very cute,4,2024-07-06T00:50:34Z,2024-07-06T00:50:34Z
UgwBh7pIkJJjiukXSXh4AaABAg,,False,@user-ml9vm6tx4y,학교에 애들이 저래없나,0,2024-07-06T00:39:22Z,2024-07-06T00:39:22Z
UgxVWq2v1dko21Zu4BV4AaABAg,,False,@kissvox1,너무 좋으면 운다~,1,2024-07-06T00:37:31Z,2024-07-06T00:37:31Z
Ugw8BiZsGs_gQ7PzfCl4AaABAg,,False,@sigoff0599,아니 얘들이 그냥 너무 귀여움!!,2,2024-07-06T00:36:24Z,2024-07-06T00:36:24Z
UgxZ1pozrT3_rao9SpF4AaABAg,,False,@yuliantonugraha24,Gue jadi ikut nangis bahagia 🥺😊 hehe,1,2024-07-06T00:35:47Z,2024-07-06T00:35:47Z
UgyiGb_TT46OFOiQ9YZ4AaABAg,,False,@MrJayjay312,애스파는 맴버들이 전부 진짜 웃김 ㅋㅋㅋㅋ 사이도 정말 좋아보이고,52,2024-07-06T00:27:33Z,2024-07-06T00:27:33Z
UgyDX21WRUzJKyIknix4AaABAg,,False,@alfazahra6513,너무 귀여워서 다음 영상이 너무 기대됩니다 ❤,16,2024-07-06T00:23:05Z,2024-07-06T00:23:05Z
UgzqNBbAbrPUrhv_rIR4AaABAg,,False,@JaejaeK-s1q,BOYCOTT,0,2024-07-06T00:21:32Z,2024-07-06T00:21:32Z
UgzaGuf_XsbMcjLRfxN4AaABAg,,False,@로제-n4n,짱스파 최고❤,1,2024-07-06T00:17:07Z,2024-07-06T00:17:07Z
UgwotG8uOaZubW4Q9oN4AaABAg,,False,@seollem_0326,4:49 누가 나 불렀어? 하고 일어나는 닝깅이 진짜 .. ㅇㅏ 너무 좋아 너무 귀여워,12,2024-07-06T00:15:47Z,2024-07-06T00:15:47Z
Ugwxgi9DwYh16TVCQcx4AaABAg,,False,@벼락식혜-f7p,"우리 이쁜 윈터가 양산에 태어나서 다행이고 기쁘네...
조금만 더 가까운 밀양에 태어났음...생각만 해두 끔찍하네~~",0,2024-07-06T00:06:39Z,2024-07-06T00:06:39Z
UgzEyYnuAt_op5jCf3V4AaABAg,,False,@waxin0139,"Te imaginas faltar un día a clases, y al día siempre digan, ayer vino aespa al salón, me da un infarto☠️",7,2024-07-06T00:02:50Z,2024-07-06T00:02:50Z
UgzjLaP_9ed15E7tL9d4AaABAg,,False,@fairskaa,Lucunya,1,2024-07-05T23:59:59Z,2024-07-05T23:59:59Z
UgxXyLZykvvHnek6yfd4AaABAg,,False,@칡-w8f,3월에 촬영한거구나.,2,2024-07-05T23:51:47Z,2024-07-05T23:51:47Z
Ugz6bfGcFZyencVR-hd4AaABAg,,False,@ojisansenoubi3303,最後の方に登校してきた生徒達は、もっと早く登校してれば良かった、って後悔しているだろうな😂😂😂😂,12,2024-07-05T23:46:52Z,2024-07-05T23:46:52Z
Ugz8GSBUaQvabmaHXOZ4AaABAg,,False,@BluesyBunny2819,Can't wait for next eps😂,10,2024-07-05T23:41:43Z,2024-07-05T23:41:43Z
Ugw4CVbjGjrgaz_zH5V4AaABAg,,False,@nicegreat6548,❤😁❤,0,2024-07-05T23:20:44Z,2024-07-05T23:20:44Z
Ugwa0fFHfOLTWwY3NQ94AaABAg,,False,@megagene,"Mom: So what did you do on your first day of school?

""Went over the curriculum. Hung out with Aespa...""",3,2024-07-05T23:19:43Z,2024-07-05T23:19:43Z
UgwTEkRT2YwYPFdOCKV4AaABAg,,False,@jessicaho,"i’m loving the aesparty series so much, let aespa do whatever they want then film it!",8,2024-07-05T23:05:47Z,2024-07-05T23:05:47Z
UgxIxVMRJl3qCs6ua5d4AaABAg,,False,@jmbgon,This is every My's dream. love this episode,3,2024-07-05T22:39:44Z,2024-07-05T22:39:44Z
UgwAORdHxQBC1nIHzep4AaABAg,,False,@jiehoon05,15:45 닝이 진짜 현실웃음 너무 호탕해 ㅋㅋㅋㅋㅋㅋ 15:40부터 너무 웃김 ㅋㅋㅋ,1,2024-07-05T22:30:12Z,2024-07-05T22:30:39Z
UgxPGNBqr1rnP7nbZ9l4AaABAg,,False,@RuthDeysiChecasacaRimac,Muy bien aespa flores,0,2024-07-05T22:25:50Z,2024-07-05T22:25:50Z
UgzA1cRFbbdcOavuFLp4AaABAg,,False,@ChancellorMango,That must have been so fun. Can't wait for next weeks episode!,5,2024-07-05T22:23:11Z,2024-07-05T22:23:11Z
UgwveQ0P30deZu05-Dd4AaABAg,,False,@trapitouwu6666,Winter🛐🛐🛐🛐🛐🛐🛐🛐,1,2024-07-05T22:04:20Z,2024-07-05T22:04:20Z
Ugz4CIiw0Fe_j6iDWeJ4AaABAg,,False,@Pepperthedestroyer,YESSS,0,2024-07-05T21:52:48Z,2024-07-05T21:52:48Z
Ugw9efzCZ8XEGrstoXZ4AaABAg,,False,@Behv.,この動画何回も巻き戻したくなるから全部見るのに2時間かかった,54,2024-07-05T21:50:28Z,2024-07-05T21:50:28Z
Ugy9eF6C8G913ZLQrmt4AaABAg,,False,@misamo00,Karina bener2 kaya bukan manusia❤ dia bidadari❤,0,2024-07-05T21:40:47Z,2024-07-05T21:40:47Z
Ugxx-BfgAk-F64-fhxR4AaABAg,,False,@eugenioserafin-p4h,Linda maneira  que trataram suas fãs  ❤❤❤❤,1,2024-07-05T21:39:00Z,2024-07-05T21:39:00Z
UgxzyYQSP-Dqr8Z1NDJ4AaABAg,,False,@joohunandrew,난 왜 울고있는건지요? 흑,0,2024-07-05T21:27:16Z,2024-07-05T21:27:16Z
UgzIyEIcm0AI6FhDxzt4AaABAg,,False,@jocikaaudry2660,"WKWK WINTER CEMBURU AHAHAHA 😭 15:50 aku sudah menyuruh mereka melakukan misi, mereka jadi akrab ahahaha",3,2024-07-05T21:21:43Z,2024-07-05T21:21:43Z
UgyHhPNznwGUtkSWObV4AaABAg,,False,@kenobiwan5644,27:18 eu só queria ser o papel neste momento ;----;,0,2024-07-05T21:21:08Z,2024-07-05T21:21:08Z
UgxQoRzlp1ezLVgDOPh4AaABAg,,False,@kujokujo6650,15:15 😂😂😂😂,1,2024-07-05T21:19:27Z,2024-07-05T21:19:27Z
UgxMcCjnjLWwfTxpZDp4AaABAg,,False,@jocikaaudry2660,15:16 aespa tidak mungkin jadi dua wkwkw betullll❤,2,2024-07-05T21:19:27Z,2024-07-05T21:19:27Z
UgwdBTknz5QguFJq7_54AaABAg,,False,@YUN053,Fun fact : j'ai la meme date de naissance que Giselle le 30/10,0,2024-07-05T20:59:42Z,2024-07-05T20:59:42Z
Ugz3Mvanjb2k5qBzMhx4AaABAg,,False,@davidpham455,idk if this is scripted but Winter so bad lmao.,0,2024-07-05T20:52:06Z,2024-07-05T20:52:06Z
UgxxWCN7aayiUNWtmwZ4AaABAg,,False,@86so,高校生の皆さんもみんな可愛いですね,0,2024-07-05T20:41:40Z,2024-07-05T20:41:40Z
UgyKSuZu9wku4zuUOAB4AaABAg,,False,@CelyaYa-uf7kz,16:43 I see you ningselle 👀 what are you guys doing 😭😂,0,2024-07-05T20:34:04Z,2024-07-05T20:34:04Z
Ugz6f6_hmuQDjEIR1BB4AaABAg,,False,@kangkim150,Aespa always ordering blood sausages,0,2024-07-05T20:24:04Z,2024-07-05T20:24:04Z
UgyPcN17r-g5DcGtfeh4AaABAg,,False,@michealchitan8194,It was so awesome and cute for aespa to go to a school and act like students to supi the students,1,2024-07-05T20:22:02Z,2024-07-05T20:22:02Z
Ugz8JsCKcHIS93mVBZ54AaABAg,,False,@cheezzstor,girl with mask and glasses looks so pretty but she dgaf 🤣,1,2024-07-05T20:11:56Z,2024-07-05T20:11:56Z
UgwEZh-22O_qqaN_q754AaABAg,,False,@하루-l8g1s,개부럽다 ㅠㅠㅠㅠ 팬싸급 아닝교,91,2024-07-05T20:11:55Z,2024-07-05T20:11:55Z
UgwEZh-22O_qqaN_q754AaABAg.A5Wxu-MOzvTADx_qkLM9N9,UgwEZh-22O_qqaN_q754AaABAg,True,@dongjunekim-s3c,팬싸는 2-3분이자네..,3,2025-01-31T09:51:39Z,2025-01-31T09:51:39Z
UgwEZh-22O_qqaN_q754AaABAg.A5Wxu-MOzvTAG0zUOwk3ob,UgwEZh-22O_qqaN_q754AaABAg,True,@무하이-z2z,비교안되징 바로옆에서 자연스럽게 대화하는건데,1,2025-03-23T19:55:24Z,2025-03-23T19:55:24Z
UgzureVfbIl10vgnPUl4AaABAg,,False,@씨우uuuuuuuu,순수함 그자체다,0,2024-07-05T19:39:48Z,2024-07-05T19:39:48Z
UgwMYI1I0W6u1ps_h7h4AaABAg,,False,@R98zz,aespa ❤❤❤❤,1,2024-07-05T19:34:12Z,2024-07-05T19:34:12Z
Ugyu2GMJ520VBCzjsmx4AaABAg,,False,@shammalegend,love it,1,2024-07-05T19:33:22Z,2024-07-05T19:33:22Z
Ugz9d7avuuer17b0FHR4AaABAg,,False,@jacktkx_x,I CANT BELIEVE THAT IM NOT ONE OF THOSE STUDENTS😭,2,2024-07-05T19:33:09Z,2024-07-05T19:33:09Z
UgwZwcG5wXfZE7nDRlt4AaABAg,,False,@바보Queen,"honestly , i expected a more crazy reaction seeing Aespa....  reactions were pretty weak",1,2024-07-05T19:32:11Z,2024-07-05T19:32:11Z
UgyHPmTotfrBBItzTZh4AaABAg,,False,@ThatOneScxt,winter just casually rocking a glyf spot sticker from somi,2,2024-07-05T19:23:36Z,2024-07-05T19:23:36Z
UgzY0_l2tFuv8r4vedZ4AaABAg,,False,@KristineApostol-hz1rb,i love Aespa so much,2,2024-07-05T19:17:07Z,2024-07-05T19:17:07Z
UgxnpXgnuUY7uA-a0wl4AaABAg,,False,@인체해부도,짱...,1,2024-07-05T19:16:20Z,2024-07-05T19:16:20Z
UgzlSausGXI4cnU5Dhp4AaABAg,,False,@chuzzwoon1106,그 지젤 팬 너무 귀여워ㅋㅋㅋ 애리는 스쿼트를 하려고 하는데 왜 갑자기 고백했엉ㅠㅋㅋ,647,2024-07-05T19:14:48Z,2024-07-05T19:14:48Z
UgzlSausGXI4cnU5Dhp4AaABAg.A5WrMaUbFUpACtV5vWohEu,UgzlSausGXI4cnU5Dhp4AaABAg,True,@김은남-e7g,그래서,0,2025-01-04T23:13:04Z,2025-01-04T23:13:04Z
UgzlSausGXI4cnU5Dhp4AaABAg.A5WrMaUbFUpAGHauwSGRVC,UgzlSausGXI4cnU5Dhp4AaABAg,True,@kt_elinah12d,@@김은남-e7gㅂㄷ,0,2025-03-30T06:47:48Z,2025-03-30T06:47:48Z
UgzqnQ1xQKM2vDxyPYh4AaABAg,,False,@stAAr89THeeF,에스파 아니야?? 뒤에 카리나도 잇어 ㅋㅋ,0,2024-07-05T19:11:23Z,2024-07-05T19:11:23Z
UgwDF-wuA6KCCFW4OSt4AaABAg,,False,@ezellezell8331,So happy for them,2,2024-07-05T19:08:56Z,2024-07-05T19:08:56Z
UgzVk4Rzf6qCSdCxDiF4AaABAg,,False,@fankpop24rus99,러시아에서 큰 인사! 나는 한국 음악을 사랑! 저도 한국을 정말 좋아합니다!,0,2024-07-05T19:07:21Z,2024-07-05T19:07:21Z
UgyX_eLTtuPDUJqlavZ4AaABAg,,False,@lutfiahamdani9302,do moreee!!!! I love this😍🤩,7,2024-07-05T19:05:00Z,2024-07-05T19:05:00Z
UgzdidU8lytVJ4ROBNd4AaABAg,,False,@themafia6617,"Que suerte tuvieron las chicas de la escuela, tal vez en otra vida también tuve esa suerte y como dijo Ningning, en otra vida volveremos a nuestra época de estudiantes… también la extraño. 

Las amo mucho aespa <3, gracias por hacer mejores mis días y en especial mis viernes <3",6,2024-07-05T19:04:58Z,2024-07-05T19:04:58Z
UgzXPvrvjaMTelCyIxB4AaABAg,,False,@hithere2588,It's okay winter i got 8 too 😂,1,2024-07-05T19:00:44Z,2024-07-05T19:00:44Z
UgzYehiwy27kd8Re6Th4AaABAg,,False,@용선생랜더스,남고랑 너무 다르다 ㅋㅋ,0,2024-07-05T18:53:04Z,2024-07-05T18:53:04Z
UgwPQfBy5xSH9ltcOYN4AaABAg,,False,@조국의노래,신선하고 재밌다! ㅋㄷㅋㄷ 귀여웡!,25,2024-07-05T18:52:38Z,2024-07-05T18:52:38Z
UgxQ8ZxpzhqklSYvoSt4AaABAg,,False,@Notreallyj,Aespa mentioning 2NE1 ♥️♥️♥️ my two favorite groups :)! 2NE1 got me into kpop and i haven’t like a group this much since them… my heart feels complete,13,2024-07-05T18:49:36Z,2024-07-05T18:49:36Z
Ugz4Ta72J2UweSVtAnB4AaABAg,,False,@WsupDuck5413,why not me 😢,1,2024-07-05T18:48:37Z,2024-07-05T18:48:37Z
Ugx34rPRBLhinsArLK54AaABAg,,False,@frz3rbRnotaku1,I think Giselle is about to have enough of Winter’s missions lol 😂,65,2024-07-05T18:44:51Z,2024-07-05T18:44:51Z
UgxDU30eYKPAGmUbkQ94AaABAg,,False,@TWICE8TH,에스파 오늘도 한건 했다 🎉🎉🎉🎉🎉🎉🎉🎉🎉🎉🎉,1,2024-07-05T18:43:25Z,2024-07-05T18:43:25Z
UgxXHnkrNBA7TDVBoAl4AaABAg,,False,@Blue10mimim,น่ารักมากๆ สิ่งนี้คือดูจบแล้วใจฟูสุดๆๆๆ,0,2024-07-05T18:34:14Z,2024-07-05T18:34:14Z
UgxFoJCoOCb44sxcF5x4AaABAg,,False,@jikacyu,yang ditunggu² akhirnya up jugaa 😍😍,3,2024-07-05T18:32:47Z,2024-07-05T18:32:47Z
Ugwly5wsKbL7iVEH93p4AaABAg,,False,@chorumeks,좋아 아스파티!,4,2024-07-05T18:21:14Z,2024-07-05T18:21:14Z
UgyhonQLX16lmigTwlJ4AaABAg,,False,@Samdung2,아바타 컨텐츠 르세라핌도 했던데  에스파것도 너무 재밌네요 ㅋ ㅋ,0,2024-07-05T18:19:47Z,2024-07-05T18:19:47Z
UgwQfZiO6Sq-wJPMSGJ4AaABAg,,False,@chaeng9768,"episode selanjutnya terlihat sangat menyenangkan, saya tidak sabar menunggu episode selanjutnya, aespa saya mencintai kalian 😘💗💗",0,2024-07-05T18:16:35Z,2024-07-05T18:16:35Z
UgwuMpqBnTe3YjxK1Fh4AaABAg,,False,@ahmadghaisan_,my aesparty fav episode so far,36,2024-07-05T18:16:10Z,2024-07-05T18:16:10Z
UgyLUvS4l0GnlQvYcc54AaABAg,,False,@Andrewatogutuamarkiano,I love you muach,1,2024-07-05T18:13:41Z,2024-07-05T18:13:41Z
UgyajAJHgTbrjLsnrzB4AaABAg,,False,@kymultizs,EU AMEI MUITO ESSE EP ELAS SÃO FOFAS DEMAIS 😭❤️❤️❤️❤️,0,2024-07-05T18:11:41Z,2024-07-05T18:11:41Z
UgzeAyd1FSQ9NKWVEdR4AaABAg,,False,@산신령이다-dd5hs,지젤 왤케 이쁘죠???,30,2024-07-05T18:08:31Z,2024-07-05T18:08:31Z
Ugw3CaE8rgxWIOgXzYF4AaABAg,,False,@朽木白哉-d5w,"あっという間に終わってしまった😳
やはり楽しい時間ってあっという間にすぎてしまう😳
今回の動画もおもしろ楽しすぎてあっという間に終わってました😅
来週もめっちゃ楽しみです😆🙌",0,2024-07-05T18:08:17Z,2024-07-05T18:08:17Z
Ugw5ctf_q0oHAIIAvDF4AaABAg,,False,@salasiahmaya1850,26:35 I know that feeling😭 I also want to go back to school huhu😔🙌,3,2024-07-05T18:04:57Z,2024-07-05T18:04:57Z
UgzldXkZqAlkqt6xhep4AaABAg,,False,@muhammadsyahrulrohman4346,the masked girl who is silent😮,0,2024-07-05T18:04:37Z,2024-07-05T18:04:37Z
Ugzmi8TRpFy45zjzqcN4AaABAg,,False,@kcrystal03,Giselle is so nice!!! So happy that MY appreciate her ❤️ The classmates were also kind to her 😄,204,2024-07-05T18:01:32Z,2024-07-05T18:01:32Z
Ugzmi8TRpFy45zjzqcN4AaABAg.A5Wiyutm0WcA5Xupmsdz_w,Ugzmi8TRpFy45zjzqcN4AaABAg,True,@kimidelgado1364,Giselle is really kind,12,2024-07-06T05:04:22Z,2024-07-06T05:04:22Z
UgwJbOHC8DNZNRtfxzx4AaABAg,,False,@kryzsjenspetter9078,Seru banget 😭😭😭 didatengin Aespa ke sekolah.,0,2024-07-05T17:57:51Z,2024-07-05T17:57:51Z
UgwE-Kg9-WWkXHVRt3R4AaABAg,,False,@TigreCabal,❤,0,2024-07-05T17:57:19Z,2024-07-05T17:57:19Z
UgznbHZz9iUM-0O8M3B4AaABAg,,False,@하늘-w5u3z,너무귀엽다❤❤❤,2,2024-07-05T17:52:44Z,2024-07-05T17:52:44Z
UgywRAY097u2Rtd5hIZ4AaABAg,,False,@DentikaSari,Sangat lucu dan terharu 😽😽,0,2024-07-05T17:51:51Z,2024-07-05T17:51:51Z
UgxEiCOdZ1wL0TFiXu94AaABAg,,False,@Serenityykaze,Seruuu,0,2024-07-05T17:47:51Z,2024-07-05T17:47:51Z
UgweyqW2NNz-bto1wvZ4AaABAg,,False,@michellealbertinelevi6744,"Karina is very cute, I really like her personality. seeing everyone mesmerized by her beauty was hilarious and seeing the expressions of the students haha so funny. can't wait for the next episode, love u aespa",39,2024-07-05T17:40:43Z,2024-07-05T17:40:43Z
UgxDuWTZoSdVLq13ggl4AaABAg,,False,@kaayvy,aespa please come to my campus😭,0,2024-07-05T17:34:59Z,2024-07-05T17:34:59Z
UgzjqXV-QUtwdOE-uDl4AaABAg,,False,@mitameiliya3256,Aku lihat emang guru gak dapet tapi akhir emang Nih leader orangnya peka 🥰,0,2024-07-05T17:31:33Z,2024-07-05T17:31:33Z
UgyL1VRMkj-ToX4HLnd4AaABAg,,False,@faifaif3i,"I am so happy for those students sitting near aespa in the classroom, talking like real friends, playing random things together, it's more than a dream comes true bcuz nobody could even dream for this. I can relate to those students. If I were them, I would cry hard too. Like I don't want this moment to end. It would be even more than post concert blue.",66,2024-07-05T17:30:16Z,2024-07-05T17:30:16Z
UgyUltFgvtlkLeb3Y1d4AaABAg,,False,@mercadocordovaabril6144,This is so funny❤,1,2024-07-05T17:29:17Z,2024-07-05T17:29:17Z
UgxdJaio55ZHFxphbEJ4AaABAg,,False,@jhuilee8325,나근데 왜 보는데 눈물이남 ㅠㅠ 여고친구들 마음도 알겠고 이게 되게 큰 추억이 되었을거란 생각이 드네ㅠ,26,2024-07-05T17:22:22Z,2024-07-05T17:22:22Z
UgxdJaio55ZHFxphbEJ4AaABAg.A5WeV3HulhbA5YIf3GsDvL,UgxdJaio55ZHFxphbEJ4AaABAg,True,@wdwep5412,agree. i fill the same. it is my dream to talk to them like that. i really love them. the are so nice and adorable :(,0,2024-07-06T08:41:22Z,2024-07-06T08:41:22Z
Ugx4BNsY4JTH6DGveqB4AaABAg,,False,@thawshonalai,my school when I'm absent,1,2024-07-05T17:22:14Z,2024-07-05T17:22:14Z
UgwtnlmSUTXYX2bb4C54AaABAg,,False,@reiluann,GISELLE AND KARINA CRIED TvT,2,2024-07-05T17:19:01Z,2024-07-05T17:19:01Z
UgyhtqZmJrwAabO8HXl4AaABAg,,False,@reiluann,EXITED FOR THE NEXT EPISODE,1,2024-07-05T17:18:11Z,2024-07-05T17:18:11Z
UgyFXfZt82MvknZ3Tn54AaABAg,,False,@seuzunie,Вони такі милі та смішні 😭 усмішка не сходила з мого обличчя всі цілі 30 хвилин,0,2024-07-05T17:15:51Z,2024-07-05T17:15:51Z
Ugxh1ObdkxDnGnDD55F4AaABAg,,False,@danielehsantana,Eu amei esses dois episódios em uma escola. Foi muito divertido!,1,2024-07-05T17:14:00Z,2024-07-05T17:14:00Z
UgzHOUjvJPHiPw_ThSx4AaABAg,,False,@AznIntegra521,Lol min jeong making gigi do squats in the classroom omg,44,2024-07-05T17:03:31Z,2024-07-05T17:03:31Z
UgwyptHdBSoKzTh0xk14AaABAg,,False,@queenzezes3103,Seru bangettt hih❤ gak sabar next episode nya🎉,2,2024-07-05T16:54:15Z,2024-07-05T16:54:43Z
UgySoCY7pbO7QE3eXy54AaABAg,,False,@honeyvoice_lover,얘네 예능감 뭔데 ㅋㅋㅋㅋㅋ너무 웃겨 ㅠㅠㅠㅠ,5,2024-07-05T16:54:05Z,2024-07-05T16:54:05Z
Ugy62kD6tsla-26H86R4AaABAg,,False,@plsplsplsdont,부러워...,0,2024-07-05T16:50:51Z,2024-07-05T16:50:51Z
UgzspYIo50sKPbzNcpF4AaABAg,,False,@Apiss18,너무 신나서 짠해지네요😊,3,2024-07-05T16:50:00Z,2024-07-05T16:50:00Z
Ugzdy3OUJVRO8pQlVXl4AaABAg,,False,@nothingiseverperfect,"9:56
Literally out of a movie!",0,2024-07-05T16:49:14Z,2024-07-05T16:49:14Z
UgzJToAOzJgwPna3OMJ4AaABAg,,False,@Apiss18,다음 aesparty는 어디입니까?,0,2024-07-05T16:48:49Z,2024-07-05T16:48:49Z
Ugw8Iwkv70h-2evwzfF4AaABAg,,False,@taejentaejen3790,I cry too...... how lucky girls!! 😭,0,2024-07-05T16:48:44Z,2024-07-05T16:48:44Z
Ugy-ubJfmXtO9suWw2V4AaABAg,,False,@Rikorei__10,4:33 AM DYING,0,2024-07-05T16:46:33Z,2024-07-05T16:46:33Z
Ugxc3Gbb5IR4vu0hlxl4AaABAg,,False,@lanzo19,They all looked like they wanted to laugh out loud 😂,0,2024-07-05T16:43:31Z,2024-07-05T16:43:31Z
Ugw6_wfJUnCZ9X2zFUh4AaABAg,,False,@Rikorei__10,Who’s here before 100k likes?,4,2024-07-05T16:42:10Z,2024-07-05T16:42:10Z
UgzGNELUJE-wtEY1l094AaABAg,,False,@yanuaraf7558,Teman sebangku gissele visual idol,2,2024-07-05T16:39:17Z,2024-07-05T16:39:17Z
UgySDgfL7lM57b1dREV4AaABAg,,False,@숏-i9g,민정아 나도 너 포카 많이 모았는데 나도 안아줘ㅠ,0,2024-07-05T16:37:38Z,2024-07-05T16:37:38Z
UgzbuMLuxYKHYAtIFB54AaABAg,,False,@cheezecake666,"class leader is the real one, she come earliest AND NOT EVEN SIT BESIDE ANY ONE OF THEM!!! she gave that opportunity to all of her classmate!! if you see this, youre awesome!!!",24,2024-07-05T16:36:47Z,2024-07-05T16:36:47Z
UgzbuMLuxYKHYAtIFB54AaABAg.A5W_HG38tJaA5WsTAKgtkW,UgzbuMLuxYKHYAtIFB54AaABAg,True,@xro_e8965,she wasn’t the earliest and she sat beside ningning most of the time.,0,2024-07-05T19:24:26Z,2024-07-05T19:24:26Z
Ugyh_XdPhl02tfLAybd4AaABAg,,False,@ws836,윈터이쁘다!!    ..그리고 다들 학생같네❤,36,2024-07-05T16:35:41Z,2024-07-05T16:35:41Z
UgydwBm3aLw7TZmrpuZ4AaABAg,,False,@Seoung-i6w,애들 다 너무 이쁘다,10,2024-07-05T16:35:25Z,2024-07-05T16:35:25Z
UgwRsAL4ALA27qT2zTx4AaABAg,,False,@bryanferguson_,NINGNINGGGGG WHY U SO CUTEE?????? 😭😭😭😭😭,0,2024-07-05T16:34:36Z,2024-07-05T16:34:36Z
Ugyxy_W9mHIXT2IvttF4AaABAg,,False,@pranavraj100,karina face with that sun light.....who will stay calm....no one can...those poor students....now know what is love at first sight,74,2024-07-05T16:33:27Z,2024-07-05T16:33:27Z
UgwWeXtT82VCLgvNm6F4AaABAg,,False,@anagy20,Best part of the whole thing is that these girls will always have this video to remember the day aespa went to their school :'),3,2024-07-05T16:31:27Z,2024-07-05T16:31:27Z
UgytKWFnoWWSfRKleEJ4AaABAg,,False,@immof44,아니.. 학생들이랑 뭐라도 같이 활동을 해야지.. 등교만 하고 끝이 뭐야.. 이번 기획 재미있어보여서 기대했는데 완전 용두사미자너..,1,2024-07-05T16:31:17Z,2024-07-05T16:31:17Z
UgytKWFnoWWSfRKleEJ4AaABAg.A5WZdx7eGUlA5Xt4XwJJwW,UgytKWFnoWWSfRKleEJ4AaABAg,True,@illlillilllii,그러게 저렇게 불만지펴놓고 그냥 가버리네 ㅋㅋㅋ 너무해,1,2024-07-06T04:49:03Z,2024-07-06T04:49:03Z
UgxqETTZzBZv9_FAAVR4AaABAg,,False,@jasonkennedy8375,imagine that one time you decided to skip school and aespa was in your classroom.,1,2024-07-05T16:31:02Z,2024-07-05T16:31:02Z
UgxjWyuIprBy2m2rpDR4AaABAg,,False,@WardahMutmainnah,tolong banyakin konten kaya gini lahh,0,2024-07-05T16:29:01Z,2024-07-05T16:29:01Z
UgzbmUwSn1eMKgOz57l4AaABAg,,False,@Jensetter.heree_,LUCU BANGET CEWE CEWE AKUU❤,1,2024-07-05T16:24:05Z,2024-07-05T16:24:05Z
UgyJucjQhZe4xWoK4h14AaABAg,,False,@IRIS-486,레알 부럽다 ㅠㅠ 라떼는 연예인 상상도 못할때인데...유튜브가 생기니  좋긴좋다 ㅠㅠ,4,2024-07-05T16:22:26Z,2024-07-05T16:22:26Z
Ugz4UqeO_IqFKGQukSx4AaABAg,,False,@문정환-p5f,❤❤,1,2024-07-05T16:20:11Z,2024-07-05T16:20:11Z
UgzIxQutBPYYwTGAOiJ4AaABAg,,False,@다람쥐-d5o,6:10,0,2024-07-05T16:19:11Z,2024-07-05T16:19:11Z
UgzZl8L7cqmtqBBaWLV4AaABAg,,False,@aeD4RK,"에스파를 본 학생들의 솔직한 반응 --
3:37 카리나
4:45 닝닝
5:34 지젤
9:59 카리나
10:17 지젤
14:27 점차 세 멤버 모두 만나보기
16:41 세 가지 모두
18:06 드디어 민정이
18:22 네 명 모두

모두가 에스파 멤버들을 사랑합니다.... 학생들의 팬걸 리액션과 사랑스러운 환영이 그것을 증명합니다!",254,2024-07-05T16:19:00Z,2024-07-05T16:19:00Z
UgzZl8L7cqmtqBBaWLV4AaABAg.A5WYEvmY3ABA5XMi4ncldh,UgzZl8L7cqmtqBBaWLV4AaABAg,True,@pruitv4,still running away after you got xpsd 2 weeks ago for being narsuun1 when you used it seconds after aedark and bshd kepler in their stream and wished them to d13 and when they stopped seconds later you came back again giving once more solid eviidence that you are behiind it thats why you go off sppming so many copy paste comments and use so many alts to support urself.,0,2024-07-05T23:57:29Z,2024-07-05T23:57:29Z
UgzZl8L7cqmtqBBaWLV4AaABAg.A5WYEvmY3ABA5XMiWOcYUX,UgzZl8L7cqmtqBBaWLV4AaABAg,True,@pruitv4,wrong timestamps confirming once more that you didnt watch this like you never did and only use them for cloout.,0,2024-07-05T23:57:33Z,2024-07-05T23:57:33Z
UgzZl8L7cqmtqBBaWLV4AaABAg.A5WYEvmY3ABA5bdSZICoE7,UgzZl8L7cqmtqBBaWLV4AaABAg,True,@davidhan9979,교복컨셉 뉴진스 따라했네. 많이 급한듯,0,2024-07-08T01:08:43Z,2024-07-08T01:08:43Z
UgzZl8L7cqmtqBBaWLV4AaABAg.A5WYEvmY3ABA5bly00AepG,UgzZl8L7cqmtqBBaWLV4AaABAg,True,@공주-q9u,@@davidhan9979ㅋㅋㄱㅋㅋㄱㅋㅋㅋㅋㅋㅋㅋㅋㅋㅋ엄마 잘 살아계시노?,1,2024-07-08T02:23:03Z,2024-07-08T02:23:03Z
UgzZl8L7cqmtqBBaWLV4AaABAg.A5WYEvmY3ABA7WcRirMw_u,UgzZl8L7cqmtqBBaWLV4AaABAg,True,@gwhshs2,​@@davidhan9979지ㄹ,0,2024-08-24T10:07:13Z,2024-08-24T10:07:13Z
UgwhvRDLfuBEg53xWlN4AaABAg,,False,@ginasalarosa3896,Cinta cinta ku❤,0,2024-07-05T16:18:35Z,2024-07-05T16:18:35Z
Ugyr6BlCSxunBEvns1B4AaABAg,,False,@arobrien1990,Imagine doing squats while someone is confessing to you that you're their ult. Winter was savage for that. 💀,42,2024-07-05T16:18:31Z,2024-07-05T16:18:31Z
Ugx2SFI-1VJ1OWL7av14AaABAg,,False,@lyvanter,"Going to school without thinking than suddenly seeing aespa in your class... i can't imagine it, i'm sure it's gonna be remembered forever by the students and the teacher",18,2024-07-05T16:18:15Z,2024-07-05T16:18:15Z
UgyD5MXX26dnIXUxOJJ4AaABAg,,False,@민준-v1g,윈터 이번에도 너무 귀여워 영원히 사랑합니다♥️♥❄️☃️❤❤,18,2024-07-05T16:18:03Z,2024-07-05T16:18:03Z
UgzCirN3XMVOKYh-T2V4AaABAg,,False,@vincenzoscialpi3070,"Winter had the best time of her life coached Karina,Giselle and Ningning 😂 i loved the student and teacher 😊 see you next episode ❤",29,2024-07-05T16:13:23Z,2024-07-05T16:13:23Z
UgxbnHZe4kKnasFsmoF4AaABAg,,False,@soulfulleigh,"This will be the best core memory for the students 🥹 so luckyyy T-T

And btw, where's Ningning for the next ep?",2,2024-07-05T16:10:03Z,2024-07-05T16:10:03Z
Ugy8AzxDCZcn3bHmlqN4AaABAg,,False,@ajwakhoirunnikma8660,LAGII GA?!!!,0,2024-07-05T16:08:32Z,2024-07-05T16:08:32Z
UgzzYQjxG4LAO_j-5AB4AaABAg,,False,@돌매-o6f,석 돌 애 리 믹 스,0,2024-07-05T16:07:03Z,2024-07-05T16:07:03Z
UgwaUwYiHv569f6e-fN4AaABAg,,False,@julliezzer,SEE YOU NEXTWEEK AESPARTY,0,2024-07-05T16:06:29Z,2024-07-05T16:06:29Z
UgxAXzXLQ2s5ow5E_OJ4AaABAg,,False,@doyle245,약간 오글거리면서도 개욱기다ㅋㅋㅋ,1,2024-07-05T16:02:47Z,2024-07-05T16:02:47Z
UgzmYlGmwA388-s-_Sl4AaABAg,,False,@Yong-bok7,진짜 잊지 못할 최고의 추억이다..,8,2024-07-05T16:02:34Z,2024-07-05T16:02:50Z
Ugy4sjYRrleB66Pyawl4AaABAg,,False,@adowrzaa,"BUSET, KAPAN LAGI JADI TEMEN DEKETT AESPA",1,2024-07-05T16:02:27Z,2024-07-05T16:02:27Z
Ugw7km1lSCanUhzdSm14AaABAg,,False,@VIMICISUKT,Tenido suerte hemos estado juntos luchando busca karina ningning en 💖💖😄,1,2024-07-05T16:00:52Z,2024-07-05T16:00:52Z
UgyzJDDCu4dlmGJ1W394AaABAg,,False,@LixxieStay_23,지젤이 스쿼트하는 부분 너무 좋았는데 여러분 너무 웃겨요 에스파 ♡,0,2024-07-05T16:00:27Z,2024-07-05T16:00:27Z
UgwfoKwfTkqWyuQBw2F4AaABAg,,False,@danissegomez7953,why is Ningninh not in the next episode????,1,2024-07-05T16:00:27Z,2024-07-05T16:00:27Z
Ugx-9p9s2dAwpxd_ddR4AaABAg,,False,@MatiasTrujillo-ib1mr,Muy bien aespa flores hermanos bus cetur,0,2024-07-05T15:58:09Z,2024-07-05T15:58:09Z
UgwiPuCMrTWfDLzO_bJ4AaABAg,,False,@gminigurll-__,where is Ningning the next eps?,1,2024-07-05T15:56:03Z,2024-07-05T15:56:03Z
UgweNNPEbkVPkgXliah4AaABAg,,False,@호건맘쏘이뷔,아니 마지막에 애리랑 지민이 우는거 뭔데ㅜㅜ  누가 울 언니들 울렸어ㅜ,4,2024-07-05T15:55:48Z,2024-07-05T15:55:48Z
Ugxs-0Zyv8z9NKwGsHd4AaABAg,,False,@teboihiteboihi2953,💕💕,0,2024-07-05T15:52:26Z,2024-07-05T15:52:26Z
UgzLFhmZ4YOsgIJu_fl4AaABAg,,False,@박지환-w7i7i,20:02 개귀엽다,0,2024-07-05T15:49:48Z,2024-07-05T15:50:50Z
UgwbNcVwep6Z-yT5qzZ4AaABAg,,False,@jobbap7353,귀가 차가울거 같은 카리나...,0,2024-07-05T15:49:14Z,2024-07-05T15:49:14Z
UgwNWd9xcSi0aZqF9fZ4AaABAg,,False,@scone-i7c,ㅋㅋㅋㅋㅋㅋㅋㅋ이것만 기다렸다 에스파도 귀엽지만 애기들 졸귀,5,2024-07-05T15:48:22Z,2024-07-05T15:48:22Z
Ugw6cuuc0lQzxPdgJL94AaABAg,,False,@sitinuraeni6658,selalu ga sabar nunggu episode selanjutnya ❤,0,2024-07-05T15:45:21Z,2024-07-05T15:45:21Z
UgwKd__YjdK9DjbQT2V4AaABAg,,False,@al7693,Everyone is so sweet 😭 this is so wholesome ❤,1,2024-07-05T15:45:14Z,2024-07-05T15:45:14Z
UgxmjOY9mC0iN5V6grh4AaABAg,,False,@coffeebreak019,Winter lu definisi waketos bgt ngomongnya,0,2024-07-05T15:40:07Z,2024-07-05T15:40:07Z
UgzfjeVYsKuswrwT-U94AaABAg,,False,@henriquepaschoal,I cherished every single minute of this video g_g <3,0,2024-07-05T15:39:33Z,2024-07-05T15:39:33Z
UgxDSyeQ7-32fIA2nSh4AaABAg,,False,@ditapr6,apakah para siswa yg ada di video itu sedang menonton disini,0,2024-07-05T15:39:31Z,2024-07-05T15:39:31Z
Ugzg1HAMkj3pAPLBsb94AaABAg,,False,@cassieplaynow,"aw this was so sweet and wholesome! the students were so cute and played along to everything, so sweet of them",3,2024-07-05T15:37:30Z,2024-07-05T15:37:30Z
UgxKoVu-TD-eUPmiea94AaABAg,,False,@elianebancairen3083,"Im so sorry about this, but I saw these 2 students who doesn’t (i think) not too happy with aespa 😢",0,2024-07-05T15:37:29Z,2024-07-05T15:37:29Z
UgzpzJcwfPE_Qg9mT614AaABAg,,False,@potato_onesong,ยิ่งกว่าบัตรวีไอพี😭😭,0,2024-07-05T15:36:32Z,2024-07-05T15:36:32Z
UgxZXy8MqiwVtRzCU514AaABAg,,False,@아마란스-o1p,가은 학생 옆에 앉은 안경 쓴 짝꿍은 반응이 전혀 없네 ㅋㅋㅋㅋ 반응이 있었는데 편집된건가 ㅋ,1,2024-07-05T15:35:32Z,2024-07-05T15:37:03Z
Ugz8OgShfoLJ2x8g1J94AaABAg,,False,@rip0vvv,GYMSELLE,0,2024-07-05T15:32:50Z,2024-07-05T15:32:50Z
UgxaDNxXaEO7QZTjOPZ4AaABAg,,False,@syirah_1,the last video where is ningning ??,0,2024-07-05T15:29:42Z,2024-07-05T15:29:42Z
Ugy75lJ7Mf1F9HjzuXJ4AaABAg,,False,@iuaerichếtđidc,erm im sorry but wheres ningning,0,2024-07-05T15:27:42Z,2024-07-05T15:27:42Z
Ugy75lJ7Mf1F9HjzuXJ4AaABAg.A5WSN9q6gwwA5WZqrDrr-Z,Ugy75lJ7Mf1F9HjzuXJ4AaABAg,True,@plutomi,"If you’re talking about next episode, I would assume she wasn’t feeling well. They’ll probably explain her absence next episode.",2,2024-07-05T16:33:02Z,2024-07-05T16:33:02Z
Ugy75lJ7Mf1F9HjzuXJ4AaABAg.A5WSN9q6gwwA5W_JM9McJS,Ugy75lJ7Mf1F9HjzuXJ4AaABAg,True,@iuaerichếtđidc,@@plutomi tysm,0,2024-07-05T16:37:04Z,2024-07-05T16:37:04Z
UgwhSOq5zx3f-U0ZZkJ4AaABAg,,False,@chelseaf.c.3660,이집 자컨 맛집이네 ㅋㅋㅋㅋ,3,2024-07-05T15:26:36Z,2024-07-05T15:26:36Z
UgwXPgVO1c7_Lm-_aSh4AaABAg,,False,@caycau20,LANJUTKANNNN AKU SUKA KONTEN KAYA GINIII,0,2024-07-05T15:25:19Z,2024-07-05T15:25:19Z
UgxlpP9OvEqwDfdcdmh4AaABAg,,False,@__0172,"소명여고 너무 부럽다… 바로 집 앞인데 도대체 언제 와서 촬영하고 간거야😭😭 거기다가
역곡에 유명한 학교가는길 분식집가서 떡볶이도 먹구 ㅠㅠ 나도 윈터 보고싶다🥺 군바리는 서럽다",13,2024-07-05T15:25:12Z,2024-07-05T15:25:12Z
UgyT2KsUrGtud7vpFRF4AaABAg,,False,@ortzaize48,What beautiful content 💖 those girls are having the day of their lives 🤩✨ this was so cute and sweet 💕 😊,0,2024-07-05T15:24:53Z,2024-07-05T15:24:53Z
UgxlTkmAwRFZ-3UKZfB4AaABAg,,False,@esmka78,아 진심 애기들 너무 귀여워 미치겠다,27,2024-07-05T15:24:48Z,2024-07-05T15:24:48Z
Ugy5EeR8Sw7RAjVdIjd4AaABAg,,False,@asmrxd3895,개웃기네진짜 ㅋㅋㅋ,1,2024-07-05T15:20:45Z,2024-07-05T15:20:45Z
UgzZ7a12yG1M-cOmIyZ4AaABAg,,False,@music.s9219,สนุกมากๆ น่ารักกันทุกคนเลย,0,2024-07-05T15:20:41Z,2024-07-05T15:20:41Z
Ugz7_Apq702BTZx3utt4AaABAg,,False,@ABCDEFG-de5gr,ジュウン可愛い,1,2024-07-05T15:20:35Z,2024-07-05T15:20:35Z
UgxslOAfXH3Oc306GvF4AaABAg,,False,@TiOnEr-n3v,31:08  기선 제압하실 수수수수퍼노바,1,2024-07-05T15:20:27Z,2024-07-05T15:20:27Z
UgzWTtW29j_NGs8V9oR4AaABAg,,False,@cathrinecharlotte,WHAT DO YOU MEAN LAST EPISODE???? C'MON GIVE ME MOREEEEEE 😢😢😢,1,2024-07-05T15:15:30Z,2024-07-05T15:15:30Z
Ugzee9UV2gtFX4vdKUB4AaABAg,,False,@dbxbqm1209,이집자컨팀일잘하네…부럽다,0,2024-07-05T15:11:22Z,2024-07-05T15:11:22Z
Ugy4xNxmASycoHeaHK94AaABAg,,False,@yhu2567,💓💗,1,2024-07-05T15:10:44Z,2024-07-05T15:10:44Z
UgzK2VHkG0VoRMZrWoF4AaABAg,,False,@minnie.min1,아무도 물어보지 않았어요 winter(,0,2024-07-05T15:08:38Z,2024-07-05T15:08:38Z
UgxEftqxUhI-jM2BJV94AaABAg,,False,@aeD4RK,15:50 HAHAHAHA WINTER GETTING JELOUSE PLAYFULLY IS SO CUTE HAHAHAHA,298,2024-07-05T15:08:32Z,2024-07-05T15:08:32Z
UgxEftqxUhI-jM2BJV94AaABAg.A5WQAxaDYY7A5XMdmzjWd6,UgxEftqxUhI-jM2BJV94AaABAg,True,@pruitv4,still running away after you got xpsd 2 weeks ago for being narsuun1 when you used it seconds after aedark and bshd kepler in their stream and wished them to d13 and when they stopped seconds later you came back again giving once more solid eviidence that you are behiind it thats why you go off sppming so many copy paste comments and use so many alts to support urself.,1,2024-07-05T23:56:54Z,2024-07-05T23:56:54Z
UgxEftqxUhI-jM2BJV94AaABAg.A5WQAxaDYY7A5XMf9BJji6,UgxEftqxUhI-jM2BJV94AaABAg,True,@pruitv4,7 comments in less than 15 seconds is also a solid eviidence that you didnt write one single praise here too like you never did.,1,2024-07-05T23:57:05Z,2024-07-05T23:57:05Z
UgxEftqxUhI-jM2BJV94AaABAg.A5WQAxaDYY7A5XMgmgcm-o,UgxEftqxUhI-jM2BJV94AaABAg,True,@pruitv4,wrong timestamps confirming once more that you didnt watch this like you never did and only use them for cloout.,1,2024-07-05T23:57:18Z,2024-07-05T23:57:18Z
UgxEftqxUhI-jM2BJV94AaABAg.A5WQAxaDYY7A5pXCTm_rzw,UgxEftqxUhI-jM2BJV94AaABAg,True,@Hira-wp6ol,@@pruitv4 they not using wronmg timestamps,1,2024-07-13T10:34:44Z,2024-07-13T10:34:44Z
UgxEftqxUhI-jM2BJV94AaABAg.A5WQAxaDYY7A5pXDgVQ_I7,UgxEftqxUhI-jM2BJV94AaABAg,True,@Hira-wp6ol,@@pruitv4 how would you know,1,2024-07-13T10:34:53Z,2024-07-13T10:34:53Z
Ugzmzw1fu3qBp1q8OQx4AaABAg,,False,@PYPaul616,"Anyone know about named Jueun/주은? that girl IG?
She really look so cute!!",0,2024-07-05T15:06:51Z,2024-07-05T15:06:51Z
UgyEq37sIJx_JAHWwZ94AaABAg,,False,@824scale,이 집 자컨 잘하네,1,2024-07-05T15:06:49Z,2024-07-05T15:06:49Z
UgxJzy5CTBZ154i-JIJ4AaABAg,,False,@All-617,Maknae NINGNINGE😍🫶🏻😻,5,2024-07-05T15:01:59Z,2024-07-05T15:01:59Z
UgxgVKf69BgCaC9okEN4AaABAg,,False,@까꿍-o9h,"에스파는 아이돌이 아니라 국민돌이다~!!!! 
어쩜이리 맴버 한명한명이 전부 사랑스럽고 착하고 이쁠수가있지??♡♡",30,2024-07-05T15:00:48Z,2024-07-05T15:04:26Z
UgzbjmvRkTyT1dCAKa94AaABAg,,False,@ningie02,Is Ningning's next vlog missing? why is my ningning not there?,2,2024-07-05T14:58:36Z,2024-07-05T14:58:36Z
UgyJRA_V3nsYiCEK_cN4AaABAg,,False,@かとっくアルミニウム,何か見てて幸せになる。,0,2024-07-05T14:58:11Z,2024-07-05T14:58:11Z
Ugz692XB8KO-3oVahB94AaABAg,,False,@fhity11,교실에 갑자기 카메라들이 많아지면.. .ㅋ 아주 난장재미교실이군 ㅋ,0,2024-07-05T14:55:31Z,2024-07-05T15:02:44Z
Ugy4vFn5pnHorEsEmjJ4AaABAg,,False,@iayeu,🐶🤍,0,2024-07-05T14:51:46Z,2024-07-05T14:51:46Z
Ugxbv-LKykPzsYxY3Yh4AaABAg,,False,@Minwintrs,"28:06  WINRINAAAAAA
❤❤❤",1,2024-07-05T14:48:10Z,2024-07-05T14:48:10Z
UgwzoUXeVRGFby-q3Ax4AaABAg,,False,@hwan_tory,ㅜㅜㅜ같이움,0,2024-07-05T14:47:36Z,2024-07-05T14:47:36Z
UgygM_MRdBc5-BlGrrt4AaABAg,,False,@meyzhaafa4178,Kelas dan sekolah yg beruntung 😊,0,2024-07-05T14:47:20Z,2024-07-05T14:47:20Z
UgyElSFLaMKME8yEwIF4AaABAg,,False,@noname-vz5wx,i love this video serie! so sweet cute n funny,1,2024-07-05T14:46:58Z,2024-07-05T14:46:58Z
UgxHZDqpGWbZQ_OT5j94AaABAg,,False,@K-Dot-617,共感性羞恥ゲージMAX,0,2024-07-05T14:46:04Z,2024-07-05T14:46:04Z
UgyLFCe0z6hv60xDhPR4AaABAg,,False,@justmemindingmyownbusiness,I wonder how much prettier Karina is in real life. Everyone is shocked to see her face up front. Wishing to see our Aespa Girlies up front too!,14,2024-07-05T14:45:41Z,2024-07-05T14:45:41Z
UgwxqOjRanjmaX7rNUB4AaABAg,,False,@Rubjanne,Winrina ❤,2,2024-07-05T14:45:10Z,2024-07-05T14:45:10Z
Ugzr-6_J990WGyTgY2x4AaABAg,,False,@Brianryu21,아이돌 학교가는게 이렇게 재밌을 일이냐곸ㅋㅋㅋ 오늘 뉴진스에 에스파에😅,0,2024-07-05T14:43:52Z,2024-07-05T14:43:52Z
Ugyh2xicAbQuMKoPtrp4AaABAg,,False,@imjjongP,학교 친구들 모두 귀여워...,1,2024-07-05T14:43:15Z,2024-07-05T14:43:15Z
Ugzj0zB0BnKex0F3sEd4AaABAg,,False,@cheywjk,닝닝이는 ㅋㅋㅋㅋㅋㅋ 여기서도 이름을 제대로 안불러줘 ㅋㅋㅋㅋㅋㅋ “나 지원이야”,0,2024-07-05T14:43:13Z,2024-07-05T14:43:43Z
UgwYFJKlWIKomPQYMOp4AaABAg,,False,@smy992,สงสารพี่เจล ภารกิจแต่ละอันคือ😂😂,0,2024-07-05T14:41:17Z,2024-07-05T14:41:17Z
UgwVtX5-ZdtbosLdWeF4AaABAg,,False,@Killuameomeo13,"5:37 I wanna say thank to this cute MY. She showed her love to Giselle. The situation was a bit awkward, but i think, when Giselle thought back, she would be very(x10) happy.",0,2024-07-05T14:40:05Z,2024-07-05T14:40:05Z
UgypA0b0Z9Cd_cD7Y5p4AaABAg,,False,@꺅-u2y,언니들 우리학교 오면 내 가방에 포카 항시준비 되어있다구 인증 가능해 우리학교 와죠…❤️,1,2024-07-05T14:39:11Z,2024-07-05T14:39:11Z
UgzdOh4C_jH2M9z7t094AaABAg,,False,@ricksteresturas4215,"I like the girl 15:18 who said “you can’t have two aespa” hahahaha just like the lyrics in black mamba “I'm the aespa, there can't be two”",381,2024-07-05T14:38:45Z,2024-07-05T14:38:45Z
Ugw86Jp3iPgf69tOKJZ4AaABAg,,False,@YaiBLBand,하하하 😄,0,2024-07-05T14:38:45Z,2024-07-05T14:38:45Z
Ugx5INqS9ccUqk5xx8t4AaABAg,,False,@jilsub,나도 학생시절로 돌아가고 싶은데 라떼는데 선생들이 깡패라...맞아서 쌍코피 안나면 다행...돌아가기 싫어요 급식도 없어서 굶고...,0,2024-07-05T14:37:54Z,2024-07-05T14:37:54Z
UgxDYtpLcmuSNUQK0v14AaABAg,,False,@veronikadewi8654,EPS 5 PLEASEEEE,1,2024-07-05T14:37:19Z,2024-07-05T14:37:19Z
Ugy0sLDneoBPY0AHKWt4AaABAg,,False,@golladalla1050,이상하게 이 친구들 보고있으면 웃음이나네 싱크로드? 때도 그렇고. 마이는 아니지만 사람 기분 좋게 만들어주는 에스파,19,2024-07-05T14:36:56Z,2024-07-05T14:36:56Z
Ugx81dAn-cnsLCggNVt4AaABAg,,False,@류숭-x9r,진짜 아이돌은 아이돌이다 레전드네 얼굴,0,2024-07-05T14:36:02Z,2024-07-05T14:36:02Z
UgzXX0aECMShmtlgodt4AaABAg,,False,@セイ-p3h,本当に楽しそうだね　aespa の学生服見れて良かった　　みんな似合ってたね　　学生さん達もいい思いでだねw次は何？サウナはいいよ汗かくしととのうからw次も楽しみ,0,2024-07-05T14:35:23Z,2024-07-05T14:35:23Z
Ugy_GYVLAXJ42snY81d4AaABAg,,False,@zkzkykyk,윈터 너무 귀여워,25,2024-07-05T14:33:06Z,2024-07-05T14:33:06Z
Ugy7ivGBschLjev9xVR4AaABAg,,False,@alright8043,This is the most memorable ep for the student and aespa girls. I am so glad,0,2024-07-05T14:31:31Z,2024-07-05T14:31:31Z
UgwDcuLdYMdfhX9YeSN4AaABAg,,False,@koreanlego,너무 훈훈하네 ㅋㅋㅋㅋㅋ,4,2024-07-05T14:31:29Z,2024-07-05T14:31:29Z
UgxJy6r0N9BejX9ew9F4AaABAg,,False,@catwo6893,aespa are genuinely kind people.  They will blessed more for bringing inspiration to many.,27,2024-07-05T14:31:10Z,2024-07-05T14:31:10Z
Ugx7R7ADA4kjjGybIyl4AaABAg,,False,@Dandelion01-w4q,"이 시리즈 너무 좋아..에스파 교복
 잘 어울려서 볼맛 남❤",52,2024-07-05T14:30:52Z,2024-07-05T14:31:36Z
UgzJ975beg4h6pJx3l14AaABAg,,False,@Nahyorina,This is so wholesome episode! the student and Aespa got their precious moment and really had fun. its so nice.,12,2024-07-05T14:30:37Z,2024-07-05T14:30:37Z
UgxaaYl7cyGKagFdPud4AaABAg,,False,@dkw2633,ㅋㅋ넘 재밌자나,2,2024-07-05T14:30:10Z,2024-07-05T14:30:10Z
Ugxe0ZqUkMhcG8gfEFt4AaABAg,,False,@WaveGoh67,karina and winter ❤️,9,2024-07-05T14:29:50Z,2024-07-05T14:29:50Z
Ugwa1VIapfF-XMmmo_h4AaABAg,,False,@silvia91193,"I love Giselle.
I love aespa.",3,2024-07-05T14:28:55Z,2024-07-05T14:28:55Z
UgzSPJjYzpFpJTmZED14AaABAg,,False,@Ioqwer13,❤❤😂,0,2024-07-05T14:28:33Z,2024-07-05T14:28:33Z
Ugz9fYjCUSNNIFad-vt4AaABAg,,False,@darksniper461,아이고 배야❤❤ 얼른 찜질방편도 올려줭❤❤,0,2024-07-05T14:27:16Z,2024-07-05T14:27:16Z
UgzwlC_pT-A8D3l-MW54AaABAg,,False,@neogriff,"so nice to see how popular aespa is with girls. Giselle fans just beelining straight to her is so wholesome. Ningning handing out treats also quite heart warming. as for Karina, well... the girls seems to force the others to sit next to her and couldn't get up after seeing Karina's face. ""are they human?"" 😅
Winter who came last also got moments of her own there at the end. so nice!",52,2024-07-05T14:27:06Z,2024-07-05T14:27:06Z
UgzwlC_pT-A8D3l-MW54AaABAg.A5WLRQthAm7A5XV3ffq8wX,UgzwlC_pT-A8D3l-MW54AaABAg,True,@neogriff,@kimminjeong-zi9to I would say  at 30:18 near the end,0,2024-07-06T01:10:29Z,2024-07-06T01:10:29Z
UgxCgNw5lfQ1198V5l14AaABAg,,False,@PhiVaGoo,❤,0,2024-07-05T14:27:00Z,2024-07-05T14:27:00Z
UgyaMfBbPkv513_SlvB4AaABAg,,False,@Lala-zar,I loved it,1,2024-07-05T14:26:52Z,2024-07-05T14:26:52Z
Ugz-LCL0X65EdzfOqvJ4AaABAg,,False,@needisnecessito8663,Worst day to ba absente 😂😂😂,0,2024-07-05T14:26:27Z,2024-07-05T14:26:27Z
UgxGsaqdAHJmkgVMRV14AaABAg,,False,@azisnurhamzah7602,Aku tidak berhenti membayangkan mereka berempat ❤❤❤❤ Kenapa mereka membuat orang² merindukan aespa? Aku mencintai kalian aespa... Dari indonesia ❤❤❤❤,0,2024-07-05T14:25:36Z,2024-07-05T14:25:36Z
UgxZY7H8M8TR-leO3OF4AaABAg,,False,@ihyeonseo05,다들 너무 귀엽다💙💙,51,2024-07-05T14:24:04Z,2024-07-05T14:24:04Z
UgyjrgnW-wmJ5BbwOel4AaABAg,,False,@winter_20001,"털었텰애해향파럋차랴  꺛토요차😢

오야햐럳 야구텨랼오으타😊",0,2024-07-05T14:23:28Z,2024-07-05T14:23:28Z
Ugw75giuM3W3nXGNPgR4AaABAg,,False,@mnouvz,Wkwk 😂,1,2024-07-05T14:23:07Z,2024-07-05T14:23:07Z
UgzFNNF2rdFSw0GQ5IB4AaABAg,,False,@Courgette23,C'était mignon ! C'était mignon ! 🫠💛,0,2024-07-05T14:22:13Z,2024-07-05T14:22:13Z
UgxgE818WkmQK58R9c54AaABAg,,False,@soboitzy,What happened MASKED gurl? guys,0,2024-07-05T14:19:35Z,2024-07-05T14:19:35Z
Ugx-47oqGUtQr33Kj1d4AaABAg,,False,@GalaxyKim31,"the girl wearing mask seems to only be interested in studying, how can that be? AESPA IN FRONT OF YOU GIRL!!!!! T.T",1,2024-07-05T14:19:22Z,2024-07-05T14:19:22Z
UgzT03ypYGVWYCRpGPh4AaABAg,,False,@lucifer-ut5ze,winter saying she got 8 over 100 in her math test makes me remember my 5 points score over 80 in our calculus test last week and it has only 8 questions too 😭😭😭,3,2024-07-05T14:19:00Z,2024-07-05T14:19:00Z
UgzT03ypYGVWYCRpGPh4AaABAg.A5WKW1IDWehA5WL-R-c7az,UgzT03ypYGVWYCRpGPh4AaABAg,True,@lm__notbluudesu,Winter loves math. 8/100 was for the history subject 😂,1,2024-07-05T14:23:17Z,2024-07-05T14:23:17Z
UgzT03ypYGVWYCRpGPh4AaABAg.A5WKW1IDWehA5WLnPnwHaT,UgzT03ypYGVWYCRpGPh4AaABAg,True,@lucifer-ut5ze,"ohh it hought it was for the math, but i still think she did great with the 8 bcs even me got only 5 😭",0,2024-07-05T14:30:14Z,2024-07-05T14:30:14Z
Ugz8p51f4DcQrjQvEtx4AaABAg,,False,@rikka4980,finally,1,2024-07-05T14:18:01Z,2024-07-05T14:18:01Z
Ugzkj7_dalKfAXxmwPJ4AaABAg,,False,@GottenMusic,Yess akhirnya...... Update,0,2024-07-05T14:16:02Z,2024-07-05T14:16:02Z
UgyyIYCeQGxsU2bNA654AaABAg,,False,@구름10,"8:12초에 지젤이 네이름을(실명) 불러줬다😢🎉😝😍
에스파 이의중에도와줘
22:58 우리학교급식 존맛인데",1,2024-07-05T14:15:39Z,2024-07-05T14:24:34Z
Ugww1geSbp6bRSR6OBN4AaABAg,,False,@이시후-t3o,개같이 뛰어왔으면 개추 ㅋㅋㅋ,1,2024-07-05T14:14:00Z,2024-07-05T14:14:00Z
UgxWbgc5ZpM_jP9ODKt4AaABAg,,False,@zzz-gx6cf,WINTER🐶❤,19,2024-07-05T14:13:36Z,2024-07-05T14:13:36Z
Ugz7GlfLP9JSbiYCfQ94AaABAg,,False,@_dionne,"Aeri looked so approachable. Like she didn't look intimidating at all even though she is a big celebrity. You can see how the other students were so comfortable talking and interacting with her. Also, out of the 4, she has always been the most relatable.",2,2024-07-05T14:11:56Z,2024-07-05T14:11:56Z
Ugw6YbOAYAdRF-IeO-Z4AaABAg,,False,@Seojunggg_00,하 나도 카리나 보고싶다ㅠ,3,2024-07-05T14:11:43Z,2024-07-05T14:11:43Z
Ugzo4yCpPM_VZ1YrQFx4AaABAg,,False,@rkxnfl00,애들이 걍 착하다,0,2024-07-05T14:11:18Z,2024-07-05T14:11:18Z
UgyDoSHqUBGyPoDoQV14AaABAg,,False,@whereisjustice5112,So touching this episode. I really love Gisele and Winter.,4,2024-07-05T14:11:09Z,2024-07-05T14:11:09Z
UgyvlxdKCgCc42qhGHZ4AaABAg,,False,@jaurnwk,이것만 기다렸다구우!,0,2024-07-05T14:10:54Z,2024-07-05T14:10:54Z
Ugx_6s8iDENSa6CGqKl4AaABAg,,False,@여름날-p9y,아~~ 영상보는 동안 너무 행복했다,21,2024-07-05T14:10:48Z,2024-07-05T14:10:48Z
UgzBKnDc_19-ASSpE6x4AaABAg,,False,@ymj011119,아 저 저기로 가고싶어요 . 얼짱들 진짜 너무 많은데,3,2024-07-05T14:10:28Z,2024-07-05T14:10:28Z
Ugw1mRiUOB-c0UiQjLF4AaABAg,,False,@patmorads5489,🥺🥺❤️❤️,1,2024-07-05T14:08:53Z,2024-07-05T14:08:53Z
UgyJJjMJWlamkrPHctB4AaABAg,,False,@aeim_yours,knowing how much they miss their school life  makes this episode more wholesome,5,2024-07-05T14:08:20Z,2024-07-05T14:10:42Z
UgyPbUe9qD7CzQXfEH54AaABAg,,False,@ocachaos,"ga bisa berenti ketawa liatin nyaa ㅠㅠ, mereka nahan tawa, lucu bngttt",0,2024-07-05T14:07:02Z,2024-07-05T14:07:02Z
Ugw9Px0w0-yBmEv2Nl94AaABAg,,False,@aeD4RK,"11:47 12:16 KARINA'S PLASTIC BAG FLIRTING that took TikTok by storm is here~~ Yes, even those girls can't help but fall in love with our PLASTIC JUGGLER JIMINIE!",89,2024-07-05T14:06:46Z,2024-07-05T16:19:34Z
UgybFV4du7f8kL4N0vl4AaABAg,,False,@neng-yu,아 이시리즈 너무 재밌어 ㅠㅠ,14,2024-07-05T14:05:52Z,2024-07-05T14:05:52Z
UgwFyt41QM9l5L2JmOt4AaABAg,,False,@lysndhrlnn,This makes me happy too! Excited for ep 5 :),0,2024-07-05T14:05:09Z,2024-07-05T14:05:09Z
UgzjeNcx91r7TcMqemV4AaABAg,,False,@frisconinja3108,"I always love aespa show, the last one that I watch was ""better things"" hehe so funny with the I -ToTTe like Siri Machine you can ask to do things like play music and I am excited to watch this show, I am and will be rewinding and and pausing many times until I understand everything, yes this is my mission, I am actually not very smart and very slow, so it takes time for the to get the movie, tv show , books, school materials , I have to repeat many times until i get it and something I dont get it at all and got frustrated and stressed out..sigh...so i try to find something that I can easily understand, its tough to find but once i found it, omg its the best",0,2024-07-05T14:04:20Z,2024-07-05T14:04:20Z
Ugz2BPq1mMWZxxynrJF4AaABAg,,False,@Hidden_Text,31:08 기~선을 제압해!,0,2024-07-05T14:03:56Z,2024-07-05T14:04:09Z
UgwTbs0tWd9GtxizP3h4AaABAg,,False,@hey5431,"에스파는 코미디인거 같음 ㅋㅋㅋㅋㅋ 지젤 스쿼트 하는거 겁나 웃기네 ㅋㅋㅋㅋㅋ

에스파 사랑해~~❤❤",2,2024-07-05T14:03:39Z,2024-07-05T14:03:57Z
UgxMqsyz0Ad7TkPifeZ4AaABAg,,False,@뮤디스-n3p,19:50,0,2024-07-05T14:03:23Z,2024-07-05T14:03:23Z
UgzfsYwHhsC1ZDqB5PV4AaABAg,,False,@sanaagiania,Seruuu bgt 😂😂😂,1,2024-07-05T14:03:00Z,2024-07-05T14:03:00Z
Ugz-6z755ebqbx3uqup4AaABAg,,False,@aeD4RK,11:00 12:32  NINGNING PLAGING GONGGI as Winter asked is so funny~~ I am bad at it too like her. What a nostalgic dose!,141,2024-07-05T14:02:44Z,2024-07-05T14:07:27Z
Ugz-6z755ebqbx3uqup4AaABAg.A5WIdxLBLNhA5XMeN85Fwq,Ugz-6z755ebqbx3uqup4AaABAg,True,@pruitv4,still running away after you got xpsd 2 weeks ago for being narsuun1 when you used it seconds after aedark and bshd kepler in their stream and wished them to d13 and when they stopped seconds later you came back again giving once more solid eviidence that you are behiind it thats why you go off sppming so many copy paste comments and use so many alts to support urself.,3,2024-07-05T23:56:59Z,2024-07-05T23:56:59Z
Ugz-6z755ebqbx3uqup4AaABAg.A5WIdxLBLNhA5XMfsGHDkM,Ugz-6z755ebqbx3uqup4AaABAg,True,@pruitv4,7 comments in less than 15 seconds is also a solid eviidence that you didnt write one single praise here too like you never did.,2,2024-07-05T23:57:11Z,2024-07-05T23:57:11Z
Ugz-6z755ebqbx3uqup4AaABAg.A5WIdxLBLNhA5XMhNqCNP6,Ugz-6z755ebqbx3uqup4AaABAg,True,@pruitv4,wrong timestamps confirming once more that you didnt watch this like you never did and only use them for cloout.,1,2024-07-05T23:57:23Z,2024-07-05T23:57:23Z
UgxRPABgoj1KJ1lNgLZ4AaABAg,,False,@here_Tan,"Wait, does the next episode mean there will be no Ning Ning?",0,2024-07-05T14:02:34Z,2024-07-05T14:02:34Z
UgzNEVyuRltB7Q_QJZh4AaABAg,,False,@bemyaeinyourarea,AHHHHH the prettiest student that ever existed. I love you our 4,3,2024-07-05T14:01:25Z,2024-07-05T14:01:25Z
UgxvkZjwZpE3QzsxshB4AaABAg,,False,@northarea1203,❤Mai Oshima,1,2024-07-05T14:01:18Z,2024-07-05T14:01:18Z
UgzgsreA31URSl1XbpR4AaABAg,,False,@wonbiniee,giselle so friendly,0,2024-07-05T13:59:20Z,2024-07-05T13:59:20Z
Ugzpz672Bby_ANV3zaJ4AaABAg,,False,@dakong9040,남고였으면 80프로는 쓰러졌다 ㅋㅋ,0,2024-07-05T13:59:18Z,2024-07-05T13:59:18Z
UgySvmS_fYGcCyTJdot4AaABAg,,False,@트짖개,"ㅋㅋ지젤이 실제보면 존예인데..
아무것도 모르는구나 ㅋㅋ",1,2024-07-05T13:58:52Z,2024-07-05T13:58:52Z
UgxfdN6qL_Pn1kObKTl4AaABAg,,False,@ae-mf8zb,"I love how giselle remembered tiny details like the school lunch that the students will have that day... I love her, she’s so detailed and really pays attention to people around her 🥹",18,2024-07-05T13:57:07Z,2024-07-05T13:57:07Z
UgxfdN6qL_Pn1kObKTl4AaABAg.A5WI-sMYYx1A5nbiakvvHN,UgxfdN6qL_Pn1kObKTl4AaABAg,True,@aechuuu,I love GISELLE,0,2024-07-12T16:44:28Z,2024-07-12T16:44:28Z
UgxNpzOV7JnHqkPx6nt4AaABAg,,False,@excascarlet,"Next aesparty, di High School yang banyak cowok nya. Paling suka lihat ekspresi bahagia nya anak sekolahan. Paing seru ekspresi nya murid cowok. Harus di sekolah campuran, tapi paling banyak cowok nyaa... Jaebaaaal, 😍😍",1,2024-07-05T13:55:29Z,2024-07-05T13:55:29Z
UgxgeOhgSsQ54OFUb7F4AaABAg,,False,@ae-mf8zb,Thank you to the MyJelf / Giselle fan who made her feel so loved. We owe you one 🫶🏻🫶🏻🫶🏻,3,2024-07-05T13:55:17Z,2024-07-05T13:55:17Z
UgynmQfekTZNizh82sV4AaABAg,,False,@icanttlie,"에스파 팬 아닌데 기다럈어요…. 입덕위기임 ㅠㅠ 아니 이미 입덕했을지도,,,,,,,, 😮",1,2024-07-05T13:55:15Z,2024-07-05T13:55:15Z
UgynmQfekTZNizh82sV4AaABAg.A5WHn7T9YRHA5WQMVeuPVc,UgynmQfekTZNizh82sV4AaABAg,True,@heyyou2834,그럼 입덕하신거예요 ㅎㅎ 환영합니당~~,0,2024-07-05T15:10:07Z,2024-07-05T15:10:07Z
UgwSDZtvzDgBASqfqK54AaABAg,,False,@신효종-f6o,다음 에피소드 나오면 진짜재밌을거같아요 특히 학생애들도 해어지기 싫어서 울고 다시만나는 그날이올꺼에요~^^,1,2024-07-05T13:54:53Z,2024-07-05T13:54:53Z
UgxVzcHOa4P22IZ8qCd4AaABAg,,False,@MandyChen-gr4rt,預告為什麼沒有寧寧死sm,0,2024-07-05T13:53:49Z,2024-07-05T13:53:49Z
Ugxfxh5hsbxLP_ri0194AaABAg,,False,@guvyii,The students were so relatable 😭 this was the cutest interaction I've ever seen🩷,16,2024-07-05T13:52:53Z,2024-07-05T13:52:53Z
UgyHnPIbYCa_pvyX2ON4AaABAg,,False,@gumxxi,i love you so much aespa,0,2024-07-05T13:52:15Z,2024-07-05T13:52:15Z
Ugw7HfLxbf5u7tVXBAJ4AaABAg,,False,@vinhvu1409,Something just like this,1,2024-07-05T13:51:40Z,2024-07-05T13:51:40Z
UgynIn5ZP-e_1Fjf0ZR4AaABAg,,False,@HannaSwee,Don’t tell me no Ning Ning for next week 😭,0,2024-07-05T13:51:27Z,2024-07-05T13:51:27Z
UgySOhREciDWhikCeq94AaABAg,,False,@unalveen,학생들도 에스파들도 너무귀엽다구,31,2024-07-05T13:50:26Z,2024-07-05T13:50:26Z
UgzgJRPqSG4-03zOfHJ4AaABAg,,False,@あい-d3r,국민 태소 투애니원 였더라니ㅋㅋㅋㅋ,0,2024-07-05T13:50:26Z,2024-07-05T13:50:26Z
UgxVdegKNt4uTHtMJM54AaABAg,,False,@Lakuza,"I was dying from laughing when giselle had to do squats and she starts doing it with the student lmao XD Not everyday someone gets to meet their bias and then get asked to do squats at the same time haha XD
once they started crying though, hard to hold back tears 😭The whole thing was so wholesome. Thats a day they'll never forget.

(I'm assuming NingNing was either not feeling well or had a solo schedule to attend for the next ep, didnt see her in the preview, but otherwise the ep looks really fun too 😎)",29,2024-07-05T13:49:06Z,2024-07-05T13:49:06Z
Ugwlc124Gg5rSScEnLJ4AaABAg,,False,@luzgalvan4357,My precious aespa 🥹🩷 thank you~,0,2024-07-05T13:47:24Z,2024-07-05T13:47:24Z
UgwXFczU9XgO_1_biAF4AaABAg,,False,@Eli-ke3nw,Me gustaría ver nuevamente #aespa una semana o días completos en la escuela,0,2024-07-05T13:46:31Z,2024-07-05T13:46:31Z
Ugy4pR91EqrZi7gVo9B4AaABAg,,False,@addevale,WEEEE NEEEED MOREEEE CONTENTTTT PLEASEEEE JUSEYOOOO,0,2024-07-05T13:46:00Z,2024-07-05T13:46:00Z
UgwDf9oQwcEncsw-la94AaABAg,,False,@고윤정520,남고나 공학갔으면 소리 ㅈㄴ 질렀을듯 ㄹㅇ,0,2024-07-05T13:45:26Z,2024-07-05T13:45:26Z
Ugxj5Ywb-6VB_pH4QzJ4AaABAg,,False,@카악-e3i,개부럽따 다음생엔 소명여고 입학할래요,1,2024-07-05T13:44:40Z,2024-07-05T13:44:40Z
UgxWPFju5UbUVT3f4Bp4AaABAg,,False,@PIUNA_c,윈터 웅뇸념 할때 미치게 귀여워.....;;❤,29,2024-07-05T13:44:26Z,2024-07-05T13:44:26Z
Ugy1Eus6vsyqNlVVG4J4AaABAg,,False,@OhnMyint-me5kv,Love❤,1,2024-07-05T13:43:42Z,2024-07-05T13:43:42Z
Ugw1KMSVU-tAHRltKYd4AaABAg,,False,@min-s4v,으아아 😢 진짜 보면서 저도 너무 좋고 떨리고 울뻔😢😢 저희 학교도 와주셨으면...😢 진짜 너무 좋겠다.. 마이의 삶 너무 행복❤💜 앞으로도 잘 활동해줬으면😊😊,18,2024-07-05T13:43:22Z,2024-07-05T13:43:22Z
UgzzungDQhymja9kK094AaABAg,,False,@maulidiyasalsabila6503,CEPAT UPDATE EP 4 JIBA;LL,0,2024-07-05T13:39:48Z,2024-07-05T13:39:48Z
UgyvFCJOsMw4Uztb36Z4AaABAg,,False,@memoriiize,I love you aespa💜💜💜💜,0,2024-07-05T13:39:41Z,2024-07-05T13:39:41Z
Ugz4vVMHJM1vdtaWbiJ4AaABAg,,False,@maulidiyasalsabila6503,HOHOHO KONTEN YANG BAGUS AESPA,0,2024-07-05T13:39:28Z,2024-07-05T13:39:28Z
UgyPQGik-hFh_fbV_q54AaABAg,,False,@벨크라넬-d4w,카리나 옆에 주은 학생은 기획사에서 연락 좀 받을텐데.. 좋은 기획사로 가시길 바랍니다.,6,2024-07-05T13:36:35Z,2024-07-05T13:36:35Z
UgyPQGik-hFh_fbV_q54AaABAg.A5WFeRGNxdtA5WzCiS-dOT,UgyPQGik-hFh_fbV_q54AaABAg,True,@상록수-e5t,매니저로가나요,0,2024-07-05T20:23:22Z,2024-07-05T20:23:22Z
Ugz11p170qQ7nlK60Mh4AaABAg,,False,@백아별뷹,나중에 에스파티 공포 특집도 꼭꼬고꼮꼭 해주셧으면 좋겠어요 수고들햇어 !!!,7,2024-07-05T13:35:20Z,2024-07-05T13:35:20Z
UgwDPDUfbRatr8QO8Id4AaABAg,,False,@오승민-k7h,"카리나 지젤 윈터 닝닝 에스파 사랑해 ❤
이야 다음주 찜질방 이네 재미있겠다 ㅋㅋㅋㅋㅋㅋㅋㅋㅋ",4,2024-07-05T13:35:12Z,2024-07-05T13:35:12Z
UgxETKXznxLjwNzlckR4AaABAg,,False,@mulyadin3504,"They love aespa somuch, I N V U guys!",1,2024-07-05T13:34:34Z,2024-07-05T13:34:34Z
UgxGSC9fDFyTVuKuNgV4AaABAg,,False,@ThudnerFam7,"2:37 LAMFOO winter
15:40 THE WAY EVERYONE WAS SHOCKED",19,2024-07-05T13:33:44Z,2024-07-05T13:46:59Z
UgynYDjzspB0lBvl1DB4AaABAg,,False,@phamminji12,WINRINA ON THUMBNAIL AWHHHHHHHH😫😫😩😩❤❤💖💖💖,2,2024-07-05T13:30:46Z,2024-07-05T13:30:46Z
Ugy4F9vEogp4MYoGQPh4AaABAg,,False,@anastasyavie6236,"진짜 눈물이 났어 감동이잖아
어떡해  에스파 짱!!",7,2024-07-05T13:30:24Z,2024-07-05T13:30:56Z
UgwzjXTc537Vl0ZSID14AaABAg,,False,@weq1074,my girl winter😎,25,2024-07-05T13:30:10Z,2024-07-05T13:30:10Z
UgxH7kTX7iX7Kyrvwtt4AaABAg,,False,@poppymetalhead,Imagine skipped the day when aespa come to your class 🥲,10,2024-07-05T13:29:25Z,2024-07-05T13:29:25Z
UgzMYAuJNDnzYkX1NM94AaABAg,,False,@si__87,私の学校にもaespaが必要<3,0,2024-07-05T13:29:19Z,2024-07-05T13:29:19Z
UgyGL5F5B8aWEX2V_154AaABAg,,False,@-taeyeonn0309,다음에  에스파 다 같이 노래방 콘텐츠 보고싶다,1,2024-07-05T13:29:09Z,2024-07-05T13:29:09Z
UgyFA-zs3RSodM6_wnJ4AaABAg,,False,@a.a677,I would be the girl saying I have so many of your photocards haha it's nice that they find it sweet and cute,31,2024-07-05T13:28:04Z,2024-07-05T13:28:04Z
UgxyQluZvNYlR5hXEJd4AaABAg,,False,@viewer1338,this ep is so heart warming 🥹🥹🥹,4,2024-07-05T13:26:56Z,2024-07-05T13:26:56Z
UgxJRpK1rnl9_Evv1vN4AaABAg,,False,@taengoo991,Giselle is the social butterfly 😍 so glad they appreciate gigi here 🥰,16,2024-07-05T13:26:40Z,2024-07-05T13:26:40Z
UgwoEuhtGukh5LTfYc14AaABAg,,False,@Imnot.renyfr,lmao why the embarrassing things😆,0,2024-07-05T13:26:12Z,2024-07-05T13:26:12Z
Ugz0yC4wDl4z23lk0e54AaABAg,,False,@veneno4882,우리 애기들 넘 사랑스러워,0,2024-07-05T13:26:00Z,2024-07-05T13:26:00Z
UgwBEFfKXtSIjBEsliR4AaABAg,,False,@hangtran7167,Coi mà muốn khóc theo luôn á😂,0,2024-07-05T13:25:26Z,2024-07-05T13:25:26Z
UgxfDiiwmUTVPnMzg5Z4AaABAg,,False,@RtanipUx,I cry along with the students😭 it’s a precious moment to cherish for a lifetime🥺,5,2024-07-05T13:25:21Z,2024-07-05T13:25:21Z
UgwLwDMCDOy_SCj5feN4AaABAg,,False,@ajq5-q9x,"19:27 karina comforting joo eun is so sweet! karina also replied to joo eun’s comment on instagram, she remembers her 🥹🤍 so genuine and wholesome",13,2024-07-05T13:23:57Z,2024-07-05T13:24:29Z
UgwFyrnlxBLz1-iiYGJ4AaABAg,,False,@theghst5147,ㄱㅇㅇ,0,2024-07-05T13:23:39Z,2024-07-05T13:23:39Z
Ugx2CYAYGHt3z21lBKp4AaABAg,,False,@alchorinawhyuu,Kiyowoo 😭😭,1,2024-07-05T13:22:21Z,2024-07-05T13:22:21Z
UgyvgS4GBdl-sMrVuVB4AaABAg,,False,@isfp1378,20:17 같이 노가리 까는 거 같아서 너무 귀여워 !!!!!,7,2024-07-05T13:22:00Z,2024-07-05T13:22:00Z
UgyxzTytVRhCHe-StvV4AaABAg,,False,@hazel-kp3jb,I wish aespa came to my school,1,2024-07-05T13:21:35Z,2024-07-05T13:21:35Z
UgyaNw69lSYb5HSxV3x4AaABAg,,False,@하늘이-e4x,does anyone know why ningning didn't appear for the preview of their sauna segment?,0,2024-07-05T13:20:57Z,2024-07-05T13:20:57Z
Ugxh6rAUO2W6JXzXy0Z4AaABAg,,False,@sgshz,윈터 예쁘다,17,2024-07-05T13:19:26Z,2024-07-05T13:19:26Z
UgzSzNP9Ak6QYe7nRLl4AaABAg,,False,@gellatoooo,so precious my aespa mahal ko kayoo,2,2024-07-05T13:19:18Z,2024-07-05T13:19:18Z
Ugz4wmlYTb-cDZFVP114AaABAg,,False,@chrislouisemelo,"I keep watching the reactions of the students, it's adorable. ❤",4,2024-07-05T13:19:15Z,2024-07-05T13:19:15Z
UgzopEmwQ7vaKbUzR-l4AaABAg,,False,@용원-v4n,민정,1,2024-07-05T13:18:03Z,2024-07-05T13:18:03Z
UgyoD-f_2zOeLGUlrT14AaABAg,,False,@용원-v4n,민정,1,2024-07-05T13:17:57Z,2024-07-05T13:17:57Z
UgyZ54hWdVSe92PkI4Z4AaABAg,,False,@용원-v4n,민정,1,2024-07-05T13:17:53Z,2024-07-05T13:17:53Z
UgzxjptlNhj6IJnhUy54AaABAg,,False,@용원-v4n,민정,1,2024-07-05T13:17:48Z,2024-07-05T13:17:48Z
UgyHj_xTzA_Saviw6a14AaABAg,,False,@용원-v4n,민정,1,2024-07-05T13:17:44Z,2024-07-05T13:17:44Z
UgxTugbAU6-9xWoLPZ54AaABAg,,False,@윤지-n5kk,카리나ㅡ왤케ㅡ이쁘지,13,2024-07-05T13:16:18Z,2024-07-05T13:16:18Z
Ugxz54LALF4Fw-9qo514AaABAg,,False,@rmm8703,I love aesparty so much damn🤍,0,2024-07-05T13:16:12Z,2024-07-05T13:16:12Z
Ugx8Pzqj41hGF1k8t-p4AaABAg,,False,@rrormi9392,Winter so cute😍,16,2024-07-05T13:15:51Z,2024-07-05T13:15:51Z
Ugx1T9AGxV8D-yA0woV4AaABAg,,False,@백아별뷹,"11:24 애리가.. 불러준.. 서윤이..!
물론 저 서윤이는 아니지만 동명이인이라서 설렛습니다 ㅠㅠ",51,2024-07-05T13:15:29Z,2024-07-05T13:15:29Z
UgxAHn_TNE3QDTZX2iB4AaABAg,,False,@josh_who_what,"These 2 videos have made me into a Ningning/Karina stan even more. 

THE 2 VIDS WERE SO WHOLESOME I CANT 🤧🥹",5,2024-07-05T13:15:24Z,2024-07-05T13:15:24Z
UgyFKMnTDBg2nTTLF6R4AaABAg,,False,@MyKatRina_Winter,really funny😂😂😂😂,0,2024-07-05T13:14:47Z,2024-07-05T13:14:47Z
UgzDTY0Y7W_gLiczQbR4AaABAg,,False,@coffeebreak019,"Yang bner aje lu Aeri, 57 masih OK heyyylahh. 😂😂😂 lu kepinteran",0,2024-07-05T13:14:06Z,2024-07-05T13:14:06Z
UgyWb9WqDkLC4P5tEaZ4AaABAg,,False,@aeD4RK,6:49 Karina immediately chweing the chocolate and being so sorry after dropping that chocolate~~ YEP SHE DEFINITELY BELONGS TO THIS CLASS!,420,2024-07-05T13:14:02Z,2024-07-05T13:14:02Z
UgyWb9WqDkLC4P5tEaZ4AaABAg.A5WD4FrywpYA5XMcMrQac1,UgyWb9WqDkLC4P5tEaZ4AaABAg,True,@pruitv4,still running away after you got xpsd 2 weeks ago for being narsuun1 when you used it seconds after aedark and bshd kepler in their stream and wished them to d13 and when they stopped seconds later you came back again giving once more solid eviidence that you are behiind it thats why you go off sppming so many copy paste comments and use so many alts to support urself.,1,2024-07-05T23:56:42Z,2024-07-05T23:56:42Z
UgyWb9WqDkLC4P5tEaZ4AaABAg.A5WD4FrywpYA5XMdP9ZYqn,UgyWb9WqDkLC4P5tEaZ4AaABAg,True,@pruitv4,7 comments in less than 15 seconds is also a solid eviidence that you didnt write one single praise here too like you never did.,1,2024-07-05T23:56:51Z,2024-07-05T23:56:51Z
UgyWb9WqDkLC4P5tEaZ4AaABAg.A5WD4FrywpYA5XMgPIYxlL,UgyWb9WqDkLC4P5tEaZ4AaABAg,True,@pruitv4,wrong timestamps confirming once more that you didnt watch this like you never did and only use them for cloout.,1,2024-07-05T23:57:15Z,2024-07-05T23:57:15Z
UgyKAj1UAA3dQfq1zYV4AaABAg,,False,@KessernTube,"어우 깜짝이야 , 시작할때 자막이 왜 마지막회야 ㅋㅋㅋ 너무 놀랐넼ㅋㅋㅋㅋ 너무 재밌었고 다음주 찜질방도 너무 기대 됨",4,2024-07-05T13:11:55Z,2024-07-05T13:11:55Z
UgyH0bXVUe-HrepW5OJ4AaABAg,,False,@ssaa-mv9ry,MINJEONG❤,17,2024-07-05T13:11:27Z,2024-07-05T13:11:27Z
UgzfbFMTk86N_-Zu7TF4AaABAg,,False,@후즈02,씨이팔 부럽다,0,2024-07-05T13:09:31Z,2024-07-05T13:09:31Z
UgzQZFG1CxuvRCzE7Yt4AaABAg,,False,@choconimss,Minjeong nom nom nom,1,2024-07-05T13:08:22Z,2024-07-05T13:08:22Z
Ugy5ZvFkkg4LTPb_WJ14AaABAg,,False,@beonmin2,하와와..... 군필 여고생짜응도 받아주시나여❤,0,2024-07-05T13:08:08Z,2024-07-05T13:08:08Z
Ugx8Bar_iV8J7W6mc2d4AaABAg,,False,@a.a677,KARINAAA LMAOOO CALLING WINTER HER GIRLFRIEND HAHAHAHA,1,2024-07-05T13:07:50Z,2024-07-05T13:07:50Z
UgwCpr5VOlv-xxtNNdB4AaABAg,,False,@HannaSwee,I wish everyday is Friday 😢,0,2024-07-05T13:05:54Z,2024-07-05T13:05:54Z
Ugzm92ifRcJfmckzUGZ4AaABAg,,False,@dssw7578,WINTER😍,19,2024-07-05T13:05:14Z,2024-07-05T13:05:14Z
UgwGqfFbAWYa6OVpIA14AaABAg,,False,@8lo8IoME,"와,,,",1,2024-07-05T13:05:04Z,2024-07-05T13:05:04Z
UgxGKimred6NqI27WUd4AaABAg,,False,@mywinter0914,다음 에피소드 너무 기대된다아아,15,2024-07-05T13:03:20Z,2024-07-05T13:03:20Z
UgxUw7Ap6x7Ic5bxssl4AaABAg,,False,@iRyuSarang,PARAH BGT NGEJEK GURU 😭😭😭😭😭,18,2024-07-05T13:01:46Z,2024-07-05T13:01:46Z
Ugyu-QvASow0JNW3ytl4AaABAg,,False,@구름위를둥둥-g6t,"요즘은 가수든 배우든 예능감이 있어야 한다니까..
얼마나 잼있어..에스파 짱 ❤❤😊😊",17,2024-07-05T13:01:35Z,2024-07-05T13:02:10Z
UgzfPD2NSII38dZuxhx4AaABAg,,False,@SOOKIE_offical,I couldn’t imagine walking in on aespa in my classroom 😂,1,2024-07-05T13:00:48Z,2024-07-05T13:00:48Z
UgyHhlJPTHpa0xUn7Ch4AaABAg,,False,@ej0142,학생들 너무 귀엽다,12,2024-07-05T13:00:23Z,2024-07-05T13:00:23Z
UgwwCdbqLQeNKR3qmIV4AaABAg,,False,@puppleyou5658,애들한테 이보다 더 큰 선물이 어딨겠노 ㅎㅎㅎ,16,2024-07-05T12:59:52Z,2024-07-05T12:59:52Z
UgxMFwthsWUh0JiyUHN4AaABAg,,False,@이야호-f3i,윈터 넘 귀엽다아,12,2024-07-05T12:59:22Z,2024-07-05T12:59:22Z
UgzZXi9oWbi31BQWoIh4AaABAg,,False,@Clairoo_ilv,BOYKOTT BOYKOTT,0,2024-07-05T12:59:11Z,2024-07-05T12:59:11Z
UgzGiwVol4_jg9tkhxR4AaABAg,,False,@BEcauseILoveYooh,Winter having way too much fun messing with the members lol,17,2024-07-05T12:59:05Z,2024-07-05T12:59:05Z
Ugy5zZxNLdMcEOPjz1h4AaABAg,,False,@kkd1127,週一の楽しみです,4,2024-07-05T12:59:03Z,2024-07-05T12:59:03Z
Ugwdelf7tUkvOumuzt54AaABAg,,False,@kain13777,에스파 학교 전학생 꿀잼 😊 😂 ❤,5,2024-07-05T12:57:29Z,2024-07-05T12:57:29Z
UgzyX52oz3qgdGxp1QZ4AaABAg,,False,@honerchris1769,회사에도 전학와줘여,0,2024-07-05T12:55:27Z,2024-07-05T12:55:27Z
Ugx4LVu-ORuiWhW_17x4AaABAg,,False,@이게무야-k9l,다들 넘 귀엽다잉,40,2024-07-05T12:54:50Z,2024-07-05T12:54:50Z
Ugzbh_RVLP3BEB5qRiN4AaABAg,,False,@Stannie936,Luckiest students of all time,1,2024-07-05T12:53:57Z,2024-07-05T12:53:57Z
UgxoE6MY4VDZNUu3IMd4AaABAg,,False,@honerchris1769,끝나지마ㅜㅜㅜ,5,2024-07-05T12:52:58Z,2024-07-05T12:52:58Z
UgyjySULYIHsa7Jktnd4AaABAg,,False,@taya____,“The stay calm  clap” 👏🏽 is cute 😊,1,2024-07-05T12:52:05Z,2024-07-05T12:52:05Z
Ugydso0ob-t2Beiq_9R4AaABAg,,False,@hellofuture5,30:56 왜 닝닝이 없어???!!!,2,2024-07-05T12:51:23Z,2024-07-05T12:51:23Z
Ugydso0ob-t2Beiq_9R4AaABAg.A5WAUMA0OUiA5WdNAJSZ_Z,Ugydso0ob-t2Beiq_9R4AaABAg,True,@fkkor4764,"쭝궈라서 아마도 자컨퇴출, 좀 지나면 팀에서도 방출할듯",0,2024-07-05T17:12:33Z,2024-07-05T17:12:33Z
UgzSGYIFQ-uoGYzhnhF4AaABAg,,False,@roslanroyal8006,That girl is so lucky sitting next to hotmess Goddess & breathing the same air as Karina........Even the air will ask  permission first to enter her lungs !!!,6,2024-07-05T12:51:23Z,2024-07-05T12:51:23Z
UgyDXk0tiq_qaUon_Jx4AaABAg,,False,@felixlee5916,giselleeee 😘😘😘😘,0,2024-07-05T12:49:02Z,2024-07-05T12:49:02Z
UgxB4DuydSBSi58AhVF4AaABAg,,False,@khafidfauzi6855,"Can't agree anymore, Giselle is really pretty ❤❤",0,2024-07-05T12:48:27Z,2024-07-05T12:48:27Z
UgxrqVnwID3Zl-4AJql4AaABAg,,False,@user-sc6oo4nb4o,학생분들에게 좋은 추억이 되었겠네요 😊,6,2024-07-05T12:46:24Z,2024-07-05T12:46:24Z
UgzB-2gHFCR5gKsgHwB4AaABAg,,False,@daveharoldmercado8779,Nagngawngaw idol,0,2024-07-05T12:46:20Z,2024-07-05T12:46:20Z
UgxH7jxs_CcRmgkcDlx4AaABAg,,False,@姿璇黃-q5c,so cute,0,2024-07-05T12:46:16Z,2024-07-05T12:46:16Z
Ugx6ufrF9BqT_m-cydh4AaABAg,,False,@IZTheOne,"aespa as your classmates would be a dream come true, there were lots of MYs in that classroom which is heartwarming. Even a Giselle bias since Black Mamba that's amazing to know. Thank you for the smiles aespa and the students!",12,2024-07-05T12:45:19Z,2024-07-05T12:45:19Z
Ugz-Nhh_hmV3CrvRMCh4AaABAg,,False,@jokerlhs,ㅇ ㅣ야 !!! 이렇게 재밌냐 크으으으!!!!!!!!!! ㅋㅋㅋ 아놔 진짜 나도 아재가됬구나 아무렴 어떠냐 신난다 ㄴ(__ )ㄱ ┌( -0-)┘ 오예!!!!!!!! 다음주는 드럽게바쁘고 고된데 영상이 더 재밌을꺼같으니 한주 더 힘내자!!!!!!!!!! 퐈이링!,9,2024-07-05T12:44:24Z,2024-07-05T12:45:23Z
Ugyvi5miDi0fo8sb4wt4AaABAg,,False,@audryagustari150,ini pasti ada episode selanjut nya?,0,2024-07-05T12:43:40Z,2024-07-05T12:43:40Z
Ugx0TWR-kqIUtCyIBOl4AaABAg,,False,@aeD4RK,5:34 THAT MY AND GISELLE FAN GIRL IS SO SWEET..... But I lost it when Winter told Giselle to squat and talk and the girl did the same HAHAHAHAHAHA,1580,2024-07-05T12:43:28Z,2024-07-05T12:43:28Z
Ugx0TWR-kqIUtCyIBOl4AaABAg.A5W9_QnIGDTA5WtdYJ1MEY,Ugx0TWR-kqIUtCyIBOl4AaABAg,True,@R98zz,Lol,1,2024-07-05T19:34:44Z,2024-07-05T19:34:44Z
Ugx0TWR-kqIUtCyIBOl4AaABAg.A5W9_QnIGDTA5XMXrGjehm,Ugx0TWR-kqIUtCyIBOl4AaABAg,True,@pruitv4,still running away after you got xpsd 2 weeks ago for being narsuun1 when you used it seconds after aedark and bshd kepler in their stream and wished them to d13 and when they stopped seconds later you came back again giving once more solid eviidence that you are behiind it thats why you go off sppming so many copy paste comments and use so many alts to support urself.,8,2024-07-05T23:55:57Z,2024-07-05T23:55:57Z
Ugx0TWR-kqIUtCyIBOl4AaABAg.A5W9_QnIGDTA5XMYMeNlXg,Ugx0TWR-kqIUtCyIBOl4AaABAg,True,@pruitv4,still using your script for your liikes because you got xpsd here today as narsuun1 and a sppmer too which is why youre so riled up and think that number would somehow help you.,4,2024-07-05T23:56:01Z,2024-07-05T23:56:01Z
Ugx0TWR-kqIUtCyIBOl4AaABAg.A5W9_QnIGDTA5XMZ6lOLok,Ugx0TWR-kqIUtCyIBOl4AaABAg,True,@pruitv4,7 comments in less than 15 seconds is also a solid eviidence that you didnt write one single praise here too like you never did.,5,2024-07-05T23:56:07Z,2024-07-05T23:56:07Z
Ugx0TWR-kqIUtCyIBOl4AaABAg.A5W9_QnIGDTA5XMZiAGvaQ,Ugx0TWR-kqIUtCyIBOl4AaABAg,True,@pruitv4,wrong timestamps confirming once more that you didnt watch this like you never did and only use them for cloout.,4,2024-07-05T23:56:12Z,2024-07-05T23:56:12Z
Ugzgy3nLRMwgi2RlM0Z4AaABAg,,False,@Cargocontrol-p9k,"The way karina said ""AKA girlfriend in my ear"" is soo sweet 😭🤧",20,2024-07-05T12:43:11Z,2024-07-05T12:43:11Z
UgwOwnEIQSe5KZnxj5N4AaABAg,,False,@angelinew274,❤❤❤❤,0,2024-07-05T12:42:33Z,2024-07-05T12:42:33Z
UgxVIjMjl5ie60qUue14AaABAg,,False,@닥쳐슬럼프-r7c,이렇게 학생들 만나주는 컨텐츠 너무 좋네요. 앞으로도 건강하게 활동 하시고~ 좋은 노래 많이 내 주세요,7,2024-07-05T12:42:27Z,2024-07-05T12:53:51Z
UgxwujFeT6AeirzxE-B4AaABAg,,False,@해쉬브라운v7,학생들 너무따숩다❤,5,2024-07-05T12:42:13Z,2024-07-05T12:42:13Z
Ugypove2aueSBnjc6WZ4AaABAg,,False,@civilianno.3997,Finally waited for days for this,0,2024-07-05T12:41:53Z,2024-07-05T12:41:53Z
UgwLRQpanDrZGk2v66V4AaABAg,,False,@Jihanauriz_,Seruuu bgtt lucky bgt itu sekelaaas,1,2024-07-05T12:41:31Z,2024-07-05T12:41:31Z
Ugyqd7nJOmbZxt2oEOh4AaABAg,,False,@reinesss13,I'VE BEEN WAITING!!!,0,2024-07-05T12:41:26Z,2024-07-05T12:41:26Z
UgxfohWQK2M3J1qeRYN4AaABAg,,False,@winto022,"Winter lu cakep bangetttttttttttttttt  njirrrr 🫠🫠🫠, cakep semua",1,2024-07-05T12:41:16Z,2024-07-05T12:41:16Z
UgzvgKvOVW-uZTwnQJt4AaABAg,,False,@Thayy_kimiy,I wish it was at my school 😭,0,2024-07-05T12:40:58Z,2024-07-05T12:40:58Z
UgxlOa880DLk2Sm0yLh4AaABAg,,False,@Thayy_kimiy,Lucky 😭😭💕,0,2024-07-05T12:40:38Z,2024-07-05T12:40:38Z
UgymWiLb-m5zjdFKRkV4AaABAg,,False,@nnnnnn__4,más lindas 😞,0,2024-07-05T12:40:28Z,2024-07-05T12:40:28Z
Ugz3yVL-s8cbCF4IgAh4AaABAg,,False,@r30nj27,HAHAHAHHAHA I LOVE YOU AESPA PUNTA KAYO PHILIPPINES PLS,1,2024-07-05T12:40:04Z,2024-07-05T12:40:04Z
UgwLWTiBfRYMuCe9w-N4AaABAg,,False,@7y_x334,Love AESPA❤,0,2024-07-05T12:39:51Z,2024-07-05T12:39:51Z
UgywibTDVtv1J9pZK614AaABAg,,False,@ve1n525,imagine the empty seats they really missed aespa,2,2024-07-05T12:39:36Z,2024-07-05T12:39:36Z
UgwZfmiOcCDs_nYQSrl4AaABAg,,False,@jsrildoingthings,"no, because i’d cry too",0,2024-07-05T12:39:34Z,2024-07-05T12:39:34Z
UgxMhhOQCy7kDhdyXt14AaABAg,,False,@rachelmutia9619,aespaaa❤,0,2024-07-05T12:39:11Z,2024-07-05T12:39:11Z
UgxZ619XLOsMntTXboJ4AaABAg,,False,@lordnashs.tanedo299,1hour agooooo,0,2024-07-05T12:39:00Z,2024-07-05T12:39:00Z
Ugzv1Fm2YK58XIkY_KB4AaABAg,,False,@jiaa041,너랑 친구가 되고 싶은 기분이야 AESPA 그게 어때요?😾😾,6,2024-07-05T12:38:08Z,2024-07-05T12:38:08Z
UgxYCtRWfgqbU_wIeR94AaABAg,,False,@irencome1698,The girl with black hoodie and white mask.. What happen to herrr??,0,2024-07-05T12:37:58Z,2024-07-05T12:37:58Z
UgwKED0WyZLXuCM-_mZ4AaABAg,,False,@yayayaya-r9t,6:03 too cute😂,1,2024-07-05T12:37:01Z,2024-07-05T12:37:01Z
UgwWuzGGe5LWBP_QuCx4AaABAg,,False,@고슴도치따가움,다음주에 닝닝 안나와요?,1,2024-07-05T12:36:36Z,2024-07-05T12:36:36Z
Ugy-A0DRaa9lVKzIoGd4AaABAg,,False,@khahuynh1657,31:20 Aww my Audiz ...so CUTE 😂😂,2,2024-07-05T12:36:01Z,2024-07-05T12:36:01Z
Ugxf800_cD6TqeL5S4J4AaABAg,,False,@toasthamcheese,아 학생들 너무 귀엽네요ㅠㅠㅠㅠ❤❤❤,21,2024-07-05T12:35:59Z,2024-07-05T12:35:59Z
UgzfGaDXl2IVw0Ve1354AaABAg,,False,@나무지기-m4r,저 소녀들 가운데 제2의 에스파가 나올수도 있지 않을까? 이시대 고등학생들의 꿈을 응원합니다,13,2024-07-05T12:34:36Z,2024-07-05T12:34:36Z
Ugw24Zn6SLVAq_x-6wF4AaABAg,,False,@a.a677,Lmaooo Ningning wanted to SEE it when Aeri was doing squats lmaoooo,9,2024-07-05T12:33:54Z,2024-07-05T12:33:54Z
Ugwl6xNULOTT-vJRFgN4AaABAg,,False,@jhienerationlooks,now this is it... i love how wholesome and warm this video is. you can tell that aespa really enjoyed and loved staying with the students even interacting with them and hugging them is awesome... no hesitation but a 100% full devotion in what they are doing.. they love their fans so much...,0,2024-07-05T12:33:50Z,2024-07-05T12:33:50Z
Ugzn_639zmtFce4eCZt4AaABAg,,False,@sitisaadah2016,Seru banget woy😭😭😭,0,2024-07-05T12:33:34Z,2024-07-05T12:33:34Z
Ugy3PZFEEaqxyr5xRtB4AaABAg,,False,@a.a677,"Minjeong is a menace, I love her so much hahaha, she's the best member to have order them around",16,2024-07-05T12:32:02Z,2024-07-05T12:32:02Z
UgxtKuj42HxQh7WmWOp4AaABAg,,False,@sukim7065,학교 다시 다니고 싶다...,17,2024-07-05T12:31:33Z,2024-07-05T12:31:33Z
UgxTFhhYV8Fdep79WOR4AaABAg,,False,@한서-k6t,이날만을 기다렸다❤ㅠㅠ,4,2024-07-05T12:30:24Z,2024-07-05T12:30:24Z
UgwHarORwIcwSPogqTN4AaABAg,,False,@유토비-c4x,닝닝 개이쁘네,11,2024-07-05T12:30:23Z,2024-07-05T12:30:23Z
UgzxwxDJdK3jwLzhw2Z4AaABAg,,False,@지-e7l,저희 학교(전주교도소)도 와주실 수 있나요?,2,2024-07-05T12:28:21Z,2024-07-05T12:28:21Z
Ugy-DYxiOWLZDmiYs894AaABAg,,False,@박포포-i3q,에스파는 둘이 될 수 없대ㅋㅋㅋㅋ학생들 너무 귀엽고 센스도 있고,70,2024-07-05T12:28:21Z,2024-07-05T12:28:21Z
UgyTGhME7jszw5f2cwt4AaABAg,,False,@chucassiopeia4384,저는 인도네시아 출신의 에스파 팬입니다.. 에스파가 펭수를 만날 날이 너무 기대됩니다  😊😊,1,2024-07-05T12:27:44Z,2024-07-05T12:27:44Z
UgxPEtMIHts0p7cr2lV4AaABAg,,False,@myblinkoncewithu3647,30:16 winter ❤,3,2024-07-05T12:25:04Z,2024-07-05T12:25:04Z
Ugy_eY1FCLEIEchxKJZ4AaABAg,,False,@krisienneteodoro9363,"27:17 why was ningning kissing the paper so attractive 👁️👄👁️ ""You got rapokki on your face girl"" LMAOOHJGDWWUPV",3,2024-07-05T12:24:28Z,2024-07-05T12:24:28Z
UgxV3j9QK73cX2nZCPR4AaABAg,,False,@yayayaya-r9t,4:09 😂,0,2024-07-05T12:24:17Z,2024-07-05T12:24:17Z
UgyynKG7Pg3zPFsstMd4AaABAg,,False,@newbro,"What a moment for the students, they will remember this for the rest of their lives!~",3,2024-07-05T12:24:14Z,2024-07-05T12:24:14Z
UgwmCy3JUYTZhdG5LYF4AaABAg,,False,@KOMODOXXXX,😂👍,0,2024-07-05T12:24:01Z,2024-07-05T12:24:01Z
UgwD8xP6A_fDmaZWha14AaABAg,,False,@myaespa6528,They are so lovely! So proud to be a MY!,0,2024-07-05T12:23:49Z,2024-07-05T12:23:49Z
UgyMkqFJXCNd6XY6tfx4AaABAg,,False,@Afsela,SERU BANGET!! berharap aespa ke sekolah aku juga 😂😂,6,2024-07-05T12:23:32Z,2024-07-05T12:23:32Z
UgzheVz0FNRCb0irb894AaABAg,,False,@myaespa6528,Aespa the sweetest girls ever!,4,2024-07-05T12:23:02Z,2024-07-05T12:23:02Z
UgwJFJVD_OtPKvK1Cfl4AaABAg,,False,@myblinkoncewithu3647,28:03 ❤❤❤❤❤❤❤,3,2024-07-05T12:22:53Z,2024-07-05T12:22:53Z
UgyFtykc5mDI7brkqad4AaABAg,,False,@hanjsiwan,I LOVE THIS😢,0,2024-07-05T12:22:53Z,2024-07-05T12:58:13Z
Ugz7EgPdN-TsiecnkNR4AaABAg,,False,@innQtube,에스파 참..... 탐난다.... ^^,0,2024-07-05T12:22:30Z,2024-07-05T12:22:30Z
UgzM33iunYF-IR3ZS0R4AaABAg,,False,@Sticker6181,No ningning next episode 😢,0,2024-07-05T12:21:56Z,2024-07-05T12:21:56Z
UgzFys3wNl8fCpNCTTl4AaABAg,,False,@myblinkoncewithu3647,29:12 The way she looks at winter 😊,23,2024-07-05T12:21:55Z,2024-07-05T12:21:55Z
UgzFys3wNl8fCpNCTTl4AaABAg.A5W76WtcNU9A5WPGlXow8Y,UgzFys3wNl8fCpNCTTl4AaABAg,True,@Anomanomanom,"​@@kpoppie_ynf yall need help, it's just teasin bruh",1,2024-07-05T15:00:36Z,2024-07-05T15:00:36Z
UgzFys3wNl8fCpNCTTl4AaABAg.A5W76WtcNU9A5_2rE6vwBA,UgzFys3wNl8fCpNCTTl4AaABAg,True,@abeadzalsalem4382,❤❤❤❤,0,2024-07-07T01:01:42Z,2024-07-07T01:01:42Z
UgzUULu_oKM5CAZYSsh4AaABAg,,False,@감사-y7c,풋풋하고 아련한 느낌이에요,6,2024-07-05T12:21:50Z,2024-07-05T12:21:50Z
Ugz9KxpNFa9i8lRJY_Z4AaABAg,,False,@robinlu1110,太羨慕啦😣😆,0,2024-07-05T12:21:49Z,2024-07-05T12:21:49Z
UgzsKcQOiLoU_LquI7V4AaABAg,,False,@daily_aespa,진짜 학생들 너무 귀엽넼ㅋㅋㅋㅋㅋㅋㅋㅋㅋㅋㅋㅋㅋㅋㅋㅋㅋ,3,2024-07-05T12:21:47Z,2024-07-05T12:21:47Z
Ugx3KMgaOP2rJquSxut4AaABAg,,False,@Knarasha,Yang ditunggu2 akhirnya ❤❤❤,0,2024-07-05T12:21:31Z,2024-07-05T12:21:31Z
UgxNzEIzMnb_lfMc-4x4AaABAg,,False,@DrakorChennel,노무 조아요 😊,3,2024-07-05T12:21:24Z,2024-07-05T12:21:24Z
UgwhhZbiz0Gvo0sKOpR4AaABAg,,False,@ARSone_The,Какая огромная разница внешности!,0,2024-07-05T12:20:35Z,2024-07-05T12:20:35Z
UgyDJVuuSygTFqzfiah4AaABAg,,False,@South_KOR,아주좋아. 자컨 시작이구나~~~~,9,2024-07-05T12:20:04Z,2024-07-05T12:20:04Z
UgxIjXx-u0aMXKREYth4AaABAg,,False,@Enhypen-y5c,어디 ningning ep 5😢,0,2024-07-05T12:19:53Z,2024-07-05T12:19:53Z
UgzGM-15RUQm2_vi4iN4AaABAg,,False,@myaedentty149,"The students when watching this be like: aespa know my name. aespa call my name.
and me: I never be relate..",8,2024-07-05T12:19:45Z,2024-07-05T12:19:45Z
UgweA97eoiJ4keR40ZZ4AaABAg,,False,@sibbil8650,"i think it's a great idea to have a show like this, because there are many idol who started trainee in their young age and doesn't manage to have experience of going to school",12,2024-07-05T12:19:38Z,2024-07-05T12:19:38Z
Ugy3gXadSz3vcVaaL2Z4AaABAg,,False,@shannenmanalo9675,"imagine skipping school😭
;Aespa went here yesterday sadly you skipped school

I’d cry😭😭😭",17,2024-07-05T12:19:28Z,2024-07-05T12:19:28Z
UgwtddAEDgkP-TDtbFV4AaABAg,,False,@chickenhotdog6741,lucky students that got to be friend with aespa. they're so sweet! we won't have ningning for the next aesparty episode? that's sad:'(,8,2024-07-05T12:19:24Z,2024-07-05T12:21:02Z
UgxBkGGquhbmY7BglKB4AaABAg,,False,@muhammadfitrarosyadianto8267,yeeeeeeeeee,0,2024-07-05T12:18:39Z,2024-07-05T12:18:39Z
UgxqJ9tVLhsCPb7Ltbx4AaABAg,,False,@girlsgeneration715,Apakah dia manusia😂,0,2024-07-05T12:17:55Z,2024-07-05T12:17:55Z
Ugxrf0aFVxEY86tLe_N4AaABAg,,False,@KJHae7,다음화 언제 기달려... 빨리 보고프다,8,2024-07-05T12:16:56Z,2024-07-05T12:16:56Z
UgxSNNXj-3hnifYL0h54AaABAg,,False,@snowhite8184,"Gimana perasaan anak anak sekolah itu setelah selesai syuting ya, syik syak shok😂😂",3,2024-07-05T12:16:50Z,2024-07-05T12:16:50Z
UgxCjSU16E8wqpJ2P454AaABAg,,False,@anne-em7zu,I would cry too,1,2024-07-05T12:15:40Z,2024-07-05T12:15:40Z
Ugw_9STlhF4YVKvEdQN4AaABAg,,False,@해쉬브라운v7,아 윈터시키는것도 신박하게 잘햐ㅋㅋㅋㅋ,18,2024-07-05T12:15:29Z,2024-07-05T12:15:29Z
Ugz7p_J3_18YJEaxHfF4AaABAg,,False,@ARSone_The,Что за манипуляции?,0,2024-07-05T12:15:09Z,2024-07-05T12:15:09Z
UgzUeMpvkaPB-Vi0hKt4AaABAg,,False,@anne-em7zu,When is ep 5?,0,2024-07-05T12:15:06Z,2024-07-05T12:15:06Z
UgzUeMpvkaPB-Vi0hKt4AaABAg.A5W6Kg5QsAmA5WDtWMA48K,UgzUeMpvkaPB-Vi0hKt4AaABAg,True,@lh_th330,Next Friday,0,2024-07-05T13:21:10Z,2024-07-05T13:21:10Z
Ugw_-0vxreQ1IA5ugt14AaABAg,,False,@00jinny80,"15:16 이거 못이겨...🎉🎉🎉
에스파 나야~ 둘이 될 순 없어~
오늘 입꼬리 귀에 걸리는 날 ^^❤
12:51 벌써 학생들이랑 공기 놀이
김지원학생의  친화력 부스터",13,2024-07-05T12:15:04Z,2024-07-05T12:34:44Z
UgzelySQ3qZQrp2wzg54AaABAg,,False,@usernn777,Um? Where is nn?,0,2024-07-05T12:14:56Z,2024-07-05T12:14:56Z
Ugyb9rFw-l2s5B_1dQN4AaABAg,,False,@이이재훈-t8m,휴 안늦었다,0,2024-07-05T12:14:20Z,2024-07-05T12:14:20Z
Ugyz3ATbYxlFIwfk2fR4AaABAg,,False,@Katamiruley,Knpe gw yg ngerasa malu 😅,0,2024-07-05T12:14:14Z,2024-07-05T12:14:14Z
Ugxh4-p2MvtJDMOL0ax4AaABAg,,False,@TheHighLevel.,한국 여자들은 정말 아름답지만 💯,1,2024-07-05T12:13:02Z,2024-07-05T12:13:02Z
Ugx5BkqvRyMh_bZ2bt94AaABAg,,False,@味付けたまご-u8x,19:01　なぜか自分も泣いてしまったｗ,0,2024-07-05T12:12:25Z,2024-07-05T12:12:25Z
Ugy4RhiWAISEzMv3S7x4AaABAg,,False,@매련-q6h,애기들 반응 귀엽내요 ㅋㅋㅋㅋ 에스파한테도 좋은 추억이 될겁니다~,37,2024-07-05T12:11:17Z,2024-07-05T12:11:17Z
Ugzr0oPemhST5ajEmit4AaABAg,,False,@a.a677,I love the Jiminjeong thumbnail 🤭,14,2024-07-05T12:10:40Z,2024-07-05T12:10:40Z
UgytQsRzG4qfZryq2zF4AaABAg,,False,@KimMin-jeong01,"wow sulit paghihintay ng one week hahahaha 💖

Bakit parang wala yata si Ningning nxt  ep???",0,2024-07-05T12:09:57Z,2024-07-05T12:09:57Z
UgxtTZWww1STeqpBfLJ4AaABAg,,False,@ariaria6599,Giselle lucu parah❤ disuruh squad dong😂,0,2024-07-05T12:09:50Z,2024-07-05T12:09:50Z
UgzSr_13cLVGKAWo9Ah4AaABAg,,False,@Liiingz,다음화에는 닝닝이 없나요?,16,2024-07-05T12:09:50Z,2024-07-05T12:09:50Z
UgzSr_13cLVGKAWo9Ah4AaABAg.A5W5j1CdYO_A5ZtmgMXdSM,UgzSr_13cLVGKAWo9Ah4AaABAg,True,@므-v5s,그러게요..?,0,2024-07-06T23:33:42Z,2024-07-06T23:33:42Z
Ugzv3ClV3xzk8tWzS2h4AaABAg,,False,@henifrimesha5177,kiyowoooo 🎉🎉🎉,0,2024-07-05T12:09:33Z,2024-07-05T12:09:33Z
UgwsIChbsTVg1v2l-KJ4AaABAg,,False,@saltine111,Awhhh,0,2024-07-05T12:09:18Z,2024-07-05T12:09:18Z
Ugx82pM4pf2SVrga32N4AaABAg,,False,@MB-nv8sw,I love you Kim winter 🥰,5,2024-07-05T12:08:19Z,2024-07-05T12:08:19Z
UgxPtHGQ5IRaIbOxi6J4AaABAg,,False,@South_KOR,생각보다 학생들 한테도 인기많구나. 2030에서 에스파 팬이 많다고 들었는데. ㄷㄷ,78,2024-07-05T12:08:15Z,2024-07-05T12:08:15Z
UgxPtHGQ5IRaIbOxi6J4AaABAg.A5W5YSpv-AjA5WgQrpmTb7,UgxPtHGQ5IRaIbOxi6J4AaABAg,True,@Fozeta,요즘 고등학생들은 에스파 대부분 좋아합니다,9,2024-07-05T17:39:16Z,2024-07-05T17:39:16Z
UgzpbX3et4Ksmhj5Wz14AaABAg,,False,@riskiarianti4268,Seru banget,0,2024-07-05T12:07:24Z,2024-07-05T12:07:24Z
Ugy0293e7T_ORg6Gp3J4AaABAg,,False,@AllenChibi,What happened to Ningning in the nezt episode?,0,2024-07-05T12:07:14Z,2024-07-05T12:07:14Z
Ugz6_3jqFyCyITClfod4AaABAg,,False,@ReTRy985,찜질방예고에 닝닝이 없는데...,2,2024-07-05T12:06:56Z,2024-07-05T12:06:56Z
UgztYM9kIH3ByhMPh_x4AaABAg,,False,@mtown6191,평생  안주거리 생겼네  부럽당,0,2024-07-05T12:06:51Z,2024-07-05T12:06:51Z
UgzOsgXnzylaYsC-MhZ4AaABAg,,False,@wlli2681,닝닝❤❤❤닝닝❤❤❤닝닝❤❤❤,41,2024-07-05T12:06:42Z,2024-07-05T12:06:42Z
Ugx4h3vWyjMjlA3exyp4AaABAg,,False,@TanviSumanBlinkbp,I cried seeing the students crying after seeing them ❤😢,20,2024-07-05T12:06:37Z,2024-07-05T12:06:37Z
UgyG8aNK1NFmp_lt79J4AaABAg,,False,@lovepattranitefan,puro korean ba nasa comments 😭,0,2024-07-05T12:05:45Z,2024-07-05T12:05:45Z
UgzoG8Al49LqfBc39lh4AaABAg,,False,@minjewe,this episode is so cute,1,2024-07-05T12:04:42Z,2024-07-05T12:04:42Z
Ugypy3rtpD--zFD9u0V4AaABAg,,False,@Mer0syy,Love FROM turkey,2,2024-07-05T12:04:31Z,2024-07-05T12:04:31Z
Ugx2isZ8O2nTqyi0C0F4AaABAg,,False,@찰리-b3c,why there's no NINGNING on the next episode??? T.T,3,2024-07-05T12:03:17Z,2024-07-05T12:03:17Z
Ugyqv7ptBAO2SFFabfJ4AaABAg,,False,@Katariyahhh20,where is ningning in the preview?,1,2024-07-05T12:02:57Z,2024-07-05T12:02:57Z
UgzZv_S9nx8aqhL8h5F4AaABAg,,False,@찰리-b3c,NINGNING❤❤❤,26,2024-07-05T12:02:24Z,2024-07-05T12:02:24Z
Ugz2jTSfELiYjPFaGAR4AaABAg,,False,@거꾸로해도2봄2,애리짱 ❤,2,2024-07-05T12:02:23Z,2024-07-05T12:02:23Z
UgztqikX0FjZVQV_yTd4AaABAg,,False,@Leon-vu9nb,寧寧後面那個帶口罩的，非常淡定,1,2024-07-05T12:02:06Z,2024-07-05T12:02:06Z
UgyH_HPeyxBN4xmTNlN4AaABAg,,False,@MnCTZen,Akhirnya yang aku tunggu 🎉,1,2024-07-05T12:01:49Z,2024-07-05T12:01:49Z
Ugz9z8qjiVURGzGBdF54AaABAg,,False,@홀리몰리-d9d,"마지막 선물 나눠줄때 카리나보고 인형같다고 말한 친구와 손으로 입가리고 카리나에게서 눈을 떼지 못하는 친구들
잠깐보고 그새 정들어서 우는 친구부터
너무 순수해 보인다",3,2024-07-05T12:01:47Z,2024-07-05T12:02:27Z
Ugwf9E1-ht-ArIjsdWt4AaABAg,,False,@Thaayib,I've been waiting for this episode for a very long time,1,2024-07-05T12:01:30Z,2024-07-05T12:01:30Z
UgzgDC_PvAFbs4UqGTJ4AaABAg,,False,@vilmiza9624,Finally 🎉🎉🎉,0,2024-07-05T12:01:26Z,2024-07-05T12:01:26Z
Ugw8wdnzglwc4MZU8nt4AaABAg,,False,@Kimminjeong124,THIS IS SO WHOLESOME I CRIED A BIT😭😭😭🫶,9,2024-07-05T12:01:03Z,2024-07-05T12:01:03Z
UgzGkSDrNyXWissXqcl4AaABAg,,False,@TeRrY-z3v,에스파 너무 좋아,12,2024-07-05T12:00:47Z,2024-07-05T12:00:47Z
Ugw223zoWQ3lJdba32F4AaABAg,,False,@CamilaLover,i wish we got to see more of winter in the classroom,8,2024-07-05T12:00:41Z,2024-07-05T12:00:41Z
Ugxd3xgyFNjPjkx-No54AaABAg,,False,@callsins3413,i  iwsh international fan can get to see aesspa thaat  close,0,2024-07-05T11:59:32Z,2024-07-05T11:59:32Z
UgwW9Thj3qlL7Qtj1Tt4AaABAg,,False,@emelindaferrer4455,I really like aeri face and personality,27,2024-07-05T11:59:29Z,2024-07-05T11:59:29Z
Ugx2N3jfyTTUCpOFMoR4AaABAg,,False,@golden-m6r,deve ser um momento nostálgico pras meninas voltarem ao colegial😊 gostei do ep de hoje,1,2024-07-05T11:58:59Z,2024-07-05T11:58:59Z
UgzEwjqS5GRzdPA3aox4AaABAg,,False,@yetyii,진촤부러움....,0,2024-07-05T11:58:53Z,2024-07-05T11:58:53Z
Ugz9djP8dtop6SyQ4FF4AaABAg,,False,@anhphac2836,😂😂😂😂,0,2024-07-05T11:58:37Z,2024-07-05T11:58:37Z
UgwwmN70xHa8JwsuXG14AaABAg,,False,@aeD4RK,5:16 10:29 11:33 WINTER telling our Gym Rat GISELLE to do squat in class hahahahaha like any regular student do that in classroom hahahahaha,873,2024-07-05T11:57:44Z,2024-07-05T14:04:20Z
UgwwmN70xHa8JwsuXG14AaABAg.A5W4LTTyqZqA5WtcLZu_G-,UgwwmN70xHa8JwsuXG14AaABAg,True,@R98zz,I'm done hating on you I love aespa❤,3,2024-07-05T19:34:34Z,2024-07-05T19:34:34Z
UgwwmN70xHa8JwsuXG14AaABAg.A5W4LTTyqZqA5XGVHPTc7b,UgwwmN70xHa8JwsuXG14AaABAg,True,@JosoLifts,she's so funny I can't deal with her LMFAO,6,2024-07-05T23:03:11Z,2024-07-05T23:03:11Z
UgwwmN70xHa8JwsuXG14AaABAg.A5W4LTTyqZqA5XMSrbZXom,UgwwmN70xHa8JwsuXG14AaABAg,True,@pruitv4,still running away after you got xpsd 2 weeks ago for being narsuun1 when you used it seconds after aedark and bshd kepler in their stream and wished them to d13 and when they stopped seconds later you came back again giving once more solid eviidence that you are behiind it thats why you go off sppming so many copy paste comments and use so many alts to support urself.,2,2024-07-05T23:55:16Z,2024-07-05T23:55:16Z
UgwwmN70xHa8JwsuXG14AaABAg.A5W4LTTyqZqA5XMTNYQbeO,UgwwmN70xHa8JwsuXG14AaABAg,True,@pruitv4,and still using your script for your liikes because you got xpsd here today as narsuun1 and a sppmer too which is why youre so riled up and think that number would somehow help you.,2,2024-07-05T23:55:20Z,2024-07-05T23:55:20Z
UgwwmN70xHa8JwsuXG14AaABAg.A5W4LTTyqZqA5XMWMdlnD5,UgwwmN70xHa8JwsuXG14AaABAg,True,@pruitv4,wrong timestamps confirming once more that you didnt watch this like you never did and only use them for cloout.,2,2024-07-05T23:55:45Z,2024-07-05T23:55:45Z
UgwIxeGd0I54Okb2r2F4AaABAg,,False,@lightgold3223,Seru banget kalo aespa ketemu my,1,2024-07-05T11:56:54Z,2024-07-05T11:56:54Z
UgwfI6TVV1fZpffzzpl4AaABAg,,False,@조혜원-o7s,저 식당 제 최애 분식집인데.. 팬분들 많이 가시겠네요..ㅎㅅㅎ,19,2024-07-05T11:56:50Z,2024-07-05T11:56:50Z
UgwfI6TVV1fZpffzzpl4AaABAg.A5W4Et4QJNIA5W5WS-_22X,UgwfI6TVV1fZpffzzpl4AaABAg,True,@조혜원-o7s,"제 모교,분식집 많이 좋아해주세요..! 학교 정식 홍보부 1기이자 며칠전에도 갔던 최애 떡볶이집 손님으로서 에스파분들이 가서 촬영해주셔서 감사합니다:)",1,2024-07-05T12:07:59Z,2024-07-05T12:07:59Z
Ugy-92RGJas9dVNXVLZ4AaABAg,,False,@ishaeri,"AHHHHHH MYs and aerishines moments 05:35 and 18:50 , cuties ☺🥺",5,2024-07-05T11:55:51Z,2024-07-05T12:23:24Z
UgxxAdQK01UwLMQcZgt4AaABAg,,False,@hilumi5135,Those that came early to class paid off xD being able to chat and play with aespa members,0,2024-07-05T11:55:48Z,2024-07-05T11:55:48Z
UgwUQ3J-6-Y365zKB1x4AaABAg,,False,@South_KOR,애리 우짜누 ㅋㅋㅋ 마이 자기가 최애라는데...ㅋㅋㅋㅋㅋㅋㅋ 스쿼트 ㅋㅋㅋㅋㅋ,7,2024-07-05T11:55:27Z,2024-07-05T11:55:27Z
Ugx1knyH5fV7Y3LUtTx4AaABAg,,False,@perfectplay-purple,재밌게 잘 봤습니다,13,2024-07-05T11:54:51Z,2024-07-05T11:54:51Z
UgyeiKDT_pJdiqfr2Hh4AaABAg,,False,@김후드-o5l,다음화도 얼른 나에게 오라오라오라,14,2024-07-05T11:54:23Z,2024-07-05T11:54:23Z
UgxKwjGFhWajzb8k1rx4AaABAg,,False,@陸亀-k2c,こんな可愛い子いたら学校がとても楽しくなりそうですね😂,0,2024-07-05T11:53:47Z,2024-07-05T11:53:47Z
UgzVPuQuTszEpdMWu0h4AaABAg,,False,@pfmromla,너무너무 귀엽당....,2,2024-07-05T11:53:35Z,2024-07-05T11:53:35Z
UgwQiiGn5Y_1njPzyHl4AaABAg,,False,@1121AUYEUNGNOKSZE,왜 현재 학생들의 반응보다 내 기분이 더 격렬합니까?,2,2024-07-05T11:53:04Z,2024-07-05T11:53:04Z
UgwO3_pUgaiTEYVEja14AaABAg,,False,@jocikaaudry2660,"WOAHHH ADA MY, FANS NYA GISELEE",0,2024-07-05T11:51:16Z,2024-07-05T11:51:16Z
UgyYPmsxsVvwZ1Xn3jt4AaABAg,,False,@myriamtouil3347,Yesss,0,2024-07-05T11:50:27Z,2024-07-05T11:50:27Z
Ugyo36t1nsQx4hbZMqR4AaABAg,,False,@AllenChibi,My stomach hurts from laughing too much 😂😂😂,2,2024-07-05T11:49:27Z,2024-07-05T11:49:27Z
Ugy0VxFFHQiK9uBm7WZ4AaABAg,,False,@danielleantenors5187,ISA NAIINGGIT AKO HA😭,0,2024-07-05T11:49:05Z,2024-07-05T11:49:05Z
UgzWfikqpoMETEhAklV4AaABAg,,False,@cacaberryy,earlyyy,0,2024-07-05T11:49:03Z,2024-07-05T11:49:03Z
UgyDSXkZn9NfLpjWkPx4AaABAg,,False,@Dive23fearnot,❤,0,2024-07-05T11:48:46Z,2024-07-05T11:48:46Z
Ugza0oX77S58K0ooP-B4AaABAg,,False,@ARRama_,Finaly 🥰,1,2024-07-05T11:48:43Z,2024-07-05T11:48:43Z
UgyaoAlTiPJyXrqt0F94AaABAg,,False,@discruen_official,I'm MY from Uzbekistan 🇺🇿  and I really like to watch aesparty ♡ I love you AESPA !!!,3,2024-07-05T11:48:29Z,2024-07-05T11:48:29Z
UgwRMjzkkoowGCmBEN14AaABAg,,False,@329kilometer,내 나이 스물 둘 등교했는데 에스파가 있는 교실이라면 고교 3년 다시 재학할 수 있습니다 하 ... 제발,5,2024-07-05T11:47:50Z,2024-07-05T11:47:50Z
UgzQvs99egbpjFGMqX14AaABAg,,False,@Ota_1122,"Their visit is so short, I think it'll be better if they sing or take conversations with student more",0,2024-07-05T11:47:42Z,2024-07-05T11:47:42Z
UgzQvs99egbpjFGMqX14AaABAg.A5W3BwIsro2A5W3aex6ZX-,UgzQvs99egbpjFGMqX14AaABAg,True,@marrymejisoo3413,"Bro 2 episodes is already long, for such a popular group like aespa",0,2024-07-05T11:51:13Z,2024-07-05T11:51:13Z
UgwNkkgJA3HyZwp4KHZ4AaABAg,,False,@anitarefesada5756,영상엔 없는데 왜 울었나요 학생들의 마음도 느껴지네요 부럽네요 저도 이런 경험을 해보고 싶네요 😔,7,2024-07-05T11:47:27Z,2024-07-05T11:59:58Z
UgwNkkgJA3HyZwp4KHZ4AaABAg.A5W3A5akt86A5W4g0jXvWa,UgwNkkgJA3HyZwp4KHZ4AaABAg,True,@anitarefesada5756,정말 질투난다 😔,0,2024-07-05T12:00:41Z,2024-07-05T12:00:41Z
Ugy_agta_UOoXF0rGwh4AaABAg,,False,@South_KOR,기다리다 현기증이... ㅠ 보고싶었다.,3,2024-07-05T11:47:19Z,2024-07-05T11:47:19Z
UgzQLvAv8Ea0SrnxgGt4AaABAg,,False,@rafidirsyaad,AAAA THEY ARE SO CUTEEE,2,2024-07-05T11:47:15Z,2024-07-05T11:47:15Z
UgxN-PHt7lhsbnjAHC14AaABAg,,False,@ИванГадов,"Приятного аппетита девушки.
Люблю и обожаю вас.❤",1,2024-07-05T11:46:31Z,2024-07-05T11:46:31Z
UgwGwOQsFsLgxGiIUbd4AaABAg,,False,@luc_87,5:33 porque le hacen hacer eso? Pobrecilla,0,2024-07-05T11:46:26Z,2024-07-05T11:46:26Z
UgyS1hjS-4aQPevAE8l4AaABAg,,False,@hiitsme1830,"학생들이랑 너무 짧아ㅏㅏㅏㅏㅏㅏㅏㅏ
나도 설렘ㅜㅜㅜㅜㅜㅜㅜ",4,2024-07-05T11:45:31Z,2024-07-05T11:45:31Z
UgxXDyFzkSAOhaDyVd14AaABAg,,False,@zahraarvinindita,"karina adalah dewi, alias cantik bangettt 😍",0,2024-07-05T11:45:19Z,2024-07-05T11:45:19Z
Ugyi2oghiLMZcGUa-xx4AaABAg,,False,@ИванГадов,"Зима, отличный руководитель aespa.👍🌹🌹🌹🌹🌹❤️",3,2024-07-05T11:44:45Z,2024-07-05T11:44:45Z
UgyX7t_zNmB3izGPBWR4AaABAg,,False,@jonodistefano1726,Yes..another party episode of aespa queen's...wooo ya,1,2024-07-05T11:44:30Z,2024-07-05T11:44:30Z
UgyLLdeG5xmayvGfDLV4AaABAg,,False,@zahraarvinindita,seru banget bisa sekelas sama aespa 😍,1,2024-07-05T11:44:12Z,2024-07-05T11:44:12Z
UgwIG5pitw7tcHJnwXt4AaABAg,,False,@ahduiu19dj,다음에피가 찐일듯 찜질방+노래방이라니 하 담주까지 어떻게 기다리냐고~!~!,3,2024-07-05T11:44:06Z,2024-07-05T11:44:06Z
UgzGrX6JyantsXtJsbx4AaABAg,,False,@xomwxx,GRRRRRR 41 MINUTES AGO I LOVE AESPA,1,2024-07-05T11:42:51Z,2024-07-05T11:42:51Z
UgwAIiG2_k2yr3m1WyJ4AaABAg,,False,@저이슬사주세요,만약  에스파가 알바로 나온다면 반응 웃길듯,2,2024-07-05T11:42:34Z,2024-07-05T11:42:34Z
UgyNAMMRWt8bE0Qg2I14AaABAg,,False,@dannxzz03,"4:07 ""is she a human?"" HAHA",4,2024-07-05T11:42:18Z,2024-07-05T11:42:18Z
UgwTaDbxPHRzhbcTfOZ4AaABAg,,False,@galaxy404th,"Jim Ae Ning = Prank the students
MinJeong = Prank Jim Ae Ning 
🤣🤣😂😂",1,2024-07-05T11:41:33Z,2024-07-05T11:41:33Z
UgzbTUIEvnZ6E482uuh4AaABAg,,False,@heyitsmeain4983,🥺🥺🥺🥺,0,2024-07-05T11:41:11Z,2024-07-05T11:41:11Z
Ugy3eY_4NxDL3CjjDgh4AaABAg,,False,@pearlneochampagne782,Oh? Next episode without Ningning? :(,0,2024-07-05T11:40:16Z,2024-07-05T11:40:16Z
Ugy3eY_4NxDL3CjjDgh4AaABAg.A5W2LZXQqzwA5W2YYvnZHZ,Ugy3eY_4NxDL3CjjDgh4AaABAg,True,@bearice4935,where ningning is? are he do a job?,0,2024-07-05T11:42:03Z,2024-07-05T11:42:03Z
UgykoisXhABSmAzCpbx4AaABAg,,False,@콧뉴리,윈터는 어디까지 예쁠거야❤,4,2024-07-05T11:40:10Z,2024-07-05T11:40:10Z
UgzUWh9Pgou5SXDmthF4AaABAg,,False,@kkent6431,全員可愛い綺麗かっこいい面白い全持ちaespa最高💯💯💯,12,2024-07-05T11:39:55Z,2024-07-05T11:39:55Z
UgwLL6cbFDH7FJhupzR4AaABAg,,False,@gladysrenata1992,Its soo funnyy,1,2024-07-05T11:39:54Z,2024-07-05T11:39:54Z
UgxT9wTlfnCnzTLjrY54AaABAg,,False,@3017shin,닝닝이가 멘트를 진짜 웃기게 침. 다음 생에 학교 또 가야지 ㅋㅋㅋㅋ 야 근데 꿋꿋하게 공부하는 친구도 대단하다. 미래가 밝네~,22,2024-07-05T11:39:54Z,2024-07-05T11:50:38Z
Ugw2TpXNfNSHPBPjaX94AaABAg,,False,@Donguromi,❤,1,2024-07-05T11:39:47Z,2024-07-05T11:39:47Z
Ugz_EdRgKhPlbwNyYTl4AaABAg,,False,@baeka_playing,6:01 ㅋㅋ,3,2024-07-05T11:39:43Z,2024-07-05T11:39:43Z
UgzqRy3lOEIaIBZI0ih4AaABAg,,False,@nhu_nyc,what was on winter’s cheek when they were eating???,1,2024-07-05T11:39:40Z,2024-07-05T11:39:40Z
UgypoqLC1fMRZR7e1uZ4AaABAg,,False,@tahsiningning,Ahh i wish i can meet aespa one day  😭😭😭 i know that day will never come,0,2024-07-05T11:39:39Z,2024-07-05T11:39:39Z
UgxhKakTeT-qOXkPjF14AaABAg,,False,,I would cry too,0,2024-07-05T11:38:40Z,2024-07-05T11:38:40Z
UgzdKrRNBKPn5e5GYMx4AaABAg,,False,@CessMaaKneeLaa,this is soooo wholesome and loved it to the core 😍,3,2024-07-05T11:38:36Z,2024-07-05T11:38:36Z
UgzAOJ1OYhpyvzGtSpJ4AaABAg,,False,@치즈-u3v,애들이 진짜 착해보임.. 귀엽고.. 저런 모습이 진짜 예쁘다,18,2024-07-05T11:38:28Z,2024-07-05T11:38:28Z
Ugzcnz0-H9rbXwdeBr94AaABAg,,False,@hafizgv,,0,2024-07-05T11:38:16Z,2024-07-05T11:38:16Z
UgyZMzYo83HoUBQo6O14AaABAg,,False,@zahraarvinindita,aesparty episode 4 😍,0,2024-07-05T11:38:03Z,2024-07-05T11:38:03Z
UgxAu7-7RJu8kryRLjd4AaABAg,,False,@JinYoungSeo-ql6xm,"12:30-12:34 서로 너무 잘 알아서 봉지 플러팅 시키는 윈터 / 
17:05-17:21 서로 소심하게 윈터가 시킨 next level 춤추는 멤버들 
21:37-27:11 K 먹방 찍으면서 서로 좀더 알아가는 시간을 가지는 멤버들과 서로의 학교 이야기 하고 학창시절을 공유하는 멤버들이 너무 사이가 좋아보여요!! 나도 저 수다에 끼고 싶었음!!!",5,2024-07-05T11:37:55Z,2024-07-05T11:37:55Z
Ugwce2u6SO0RDK2dXAx4AaABAg,,False,@zahraarvinindita,yeay konten baru 😍,1,2024-07-05T11:37:43Z,2024-07-05T11:37:43Z
UgxpKnsu-GFoUjF1OkV4AaABAg,,False,@CathieMa,진짜 귀엽다 미치겠다 막 몽글몽글해,13,2024-07-05T11:37:01Z,2024-07-05T11:37:01Z
UgwHh1uubNI-lpAgbBZ4AaABAg,,False,@ggung._.3682,하 김민정 미션 너무 재밌는 거 주는 거 아니냐고ㅋㅋㅋㅋㅋㅋ 그래서 저런 전학생들은 우리 학교에 언제 오시죠...,19,2024-07-05T11:36:57Z,2024-07-05T11:36:57Z
UgxR8iZFVG6jKuLSWYx4AaABAg,,False,@박성욱-q5k,에스파 핑계고 또 나왔으면 좋겠어요,2,2024-07-05T11:36:40Z,2024-07-05T11:36:40Z
UgwBaOfLUeckAryeiM14AaABAg,,False,@곰당농-w6o,아니 교실에 에스파가 왔는데 어떻게 안 우나요😭😭😭😭😭😭,12,2024-07-05T11:36:37Z,2024-07-05T11:36:37Z
Ugx6GAICu6qU-8xEKTB4AaABAg,,False,@lolonjwinnn,why is Ningning not in the next episode teaser?!,3,2024-07-05T11:36:11Z,2024-07-05T11:36:11Z
UgzN1trSH3Yt1oNi5oB4AaABAg,,False,@박성욱-q5k,에스파 유퀴즈온더블럭 런닝맨 나왔으면 좋겠어요,15,2024-07-05T11:36:08Z,2024-07-05T11:36:08Z
UgzN1trSH3Yt1oNi5oB4AaABAg.A5W1sDpehKkA5WLD1RJneZ,UgzN1trSH3Yt1oNi5oB4AaABAg,True,@구름10,너무좋은아이디어인데요!,0,2024-07-05T14:25:08Z,2024-07-05T14:25:08Z
Ugw3mugi0tNj76Y12CF4AaABAg,,False,@raiiii111,itu yang ga masuk pasti nyesel😭😭😭,1,2024-07-05T11:35:42Z,2024-07-05T11:35:42Z
UgyFDGxrUhWCmTdAvtp4AaABAg,,False,@lingth,Winter is enjoying herself...😂,2,2024-07-05T11:35:28Z,2024-07-05T11:35:28Z
UgzSsqBeBH8TEG7pvJl4AaABAg,,False,@heekyungseo1977,재미있게 잘봤습니다 ^^진짜 소녀들(여고)학생 다이쁜고 순수하네요^^,6,2024-07-05T11:35:20Z,2024-07-05T11:35:20Z
UgwDIhF6sG1O5-WDfaZ4AaABAg,,False,@r.l769,Kim Minjeong myluv,1,2024-07-05T11:35:04Z,2024-07-05T11:35:04Z
UgycFq49uxsJlm2WK7d4AaABAg,,False,@debbymiranda438,Semoga aespa ada kunjungan ke sekolah mereka dulu,0,2024-07-05T11:34:35Z,2024-07-05T11:34:35Z
UgyV7C222Qa1-13T0-l4AaABAg,,False,@GOT805,รักนะน้องเอส #หาทีมสตรีมหน้าใหม่ #สนใจเข้าทีมสตรีมทักแชทคุณนางฟ้าในX,0,2024-07-05T11:34:36Z,2024-07-05T11:34:36Z
UgzaG17jP3X1sOKQorJ4AaABAg,,False,@r.l769,Winter🤍,1,2024-07-05T11:34:29Z,2024-07-05T11:34:29Z
UgzUgS7XK2Nzc_h1Shh4AaABAg,,False,@남강현우,윈터 이렇게 귀여우면 ㅠㅠ,60,2024-07-05T11:34:26Z,2024-07-05T11:34:26Z
UgzUgS7XK2Nzc_h1Shh4AaABAg.A5W1fiiYIlHA5nEttLJceE,UgzUgS7XK2Nzc_h1Shh4AaABAg,True,@혜린-l4k,새삼스럽게.. 숨만 쉬어도 귀여운 애를 ㅋㅋ,0,2024-07-12T13:16:17Z,2024-07-12T13:16:17Z
UgzRjpxdbxjVwAW_QU14AaABAg,,False,@qalcaanafsya,I LOVE AESPAA❤❤,2,2024-07-05T11:34:23Z,2024-07-05T11:34:23Z
UgyQOl_SaaKXf9cSxPZ4AaABAg,,False,@itsme.farizgusta,Gercep banget nihh?? Suka banget acara ini woyyy 😆😍❤️,0,2024-07-05T11:34:01Z,2024-07-05T11:34:01Z
UgwRmsXrst2LouYTQvp4AaABAg,,False,@r.l769,Yeey finally,0,2024-07-05T11:33:53Z,2024-07-05T11:33:53Z
UgxZjTQ6mW_v3PKskth4AaABAg,,False,@user-bu3ju9qr3d,짱스파,1,2024-07-05T11:33:20Z,2024-07-05T11:33:20Z
UgzpVR0O7s1atnPwE_R4AaABAg,,False,@ollie5929,That Giselle bias who did squats with her and told her she's her girlfriend............. she really shot her shot hahahahah love that for her,0,2024-07-05T11:33:18Z,2024-07-06T09:19:57Z
UgyQ062zhD724ohYFTJ4AaABAg,,False,@liliy.10-l,.우리 언니 너무 귀여워요.,4,2024-07-05T11:33:02Z,2024-07-05T11:33:07Z
Ugyx-c9QoluTuNtpXxF4AaABAg,,False,@my_jaehoonlee,영상 보면서 학생들처럼 왜 눈물이 날까요? ㅠㅠ 다음주가 예고편에 나왔던 궁금한 장면인데 기대되네요.,11,2024-07-05T11:32:56Z,2024-07-05T11:32:56Z
UgxLxOeg910pvd6N58d4AaABAg,,False,@spenceroh,사령관 김민정이 이상한 지령 내리는게 너무 웃긴데 그걸 또 수행하는 서플ae 지민애리닝도 귀엽고 점점 커지는 세계관 스케일 수행하는 학생분들 반응도 귀여웠음🤣 12:10만 봐도 진짜 대환장파티라 재밌었고 본캐모드로 돌아가서 선물 나눠줄때도 다정하구 짱스파끼리 각자 학창생활 얘기에 쿠키영상까지 보는내내 행복했다💙⭐️🌙🦋 다음 에피소드도 너무 재밌을꺼같다 에스파티 화이팅😆,10,2024-07-05T11:32:20Z,2024-07-05T11:32:20Z
Ugx8Zwwue7fz-bs49Dx4AaABAg,,False,@Jy-i3u,ㅋㅋㅋ,0,2024-07-05T11:32:19Z,2024-07-05T11:32:19Z
Ugxl70YYSnBPxnfKksh4AaABAg,,False,@arrchwntr,WINTER AKU IRI BANGETTT,1,2024-07-05T11:32:07Z,2024-07-05T11:32:07Z
Ugyp040gklsxAl5dNJF4AaABAg,,False,@AhnQu,뀨우웅❤,1,2024-07-05T11:32:05Z,2024-07-05T11:32:05Z
UgwPOgHwIQSCpkDLLth4AaABAg,,False,@이러다미쳐내가,26:07 뿌엥이래……뿌엥이래…..뿌엥이래……..귀여워…..귀여워….귀여워….뿌엥….뿌엥…,6,2024-07-05T11:31:59Z,2024-07-05T11:31:59Z
UgwULFvM6N4VgR1xj0x4AaABAg,,False,@prilly0,드디어 당신이 기다리던 것 🎉🎉,10,2024-07-05T11:30:52Z,2024-07-05T11:30:52Z
UgwtJUjaR_QvOFNmxlR4AaABAg,,False,@남예슬-y6r,근데...이게 왜 이제 업로드 했냐??????,1,2024-07-05T11:30:32Z,2024-07-05T11:30:32Z
Ugzw6phGV1xuEU62RAt4AaABAg,,False,@RENN2_4,Finally. I have been checking countless times everyday 🤍😭,0,2024-07-05T11:30:17Z,2024-07-05T11:30:17Z
Ugy95D1HN3qVU3Xz4MN4AaABAg,,False,@junoh5,마지막에 카리나 기썬을 제압해 는 ㅋㅋㅋㅋㅋㅋㅋㅋㅋㅋㅋㅋㅋ  듣기만해도 웃기네 ㅋㅋㅋㅋㅋㅋㅋㅋㅋㅋ,0,2024-07-05T11:29:59Z,2024-07-05T11:29:59Z
UgzrFVY7CMK_3sREQx54AaABAg,,False,@chi_bal,진짜 닝닝 말투 어눌한게 개귀여움 저렇게 귀여운 고딩이 어딨어 ㅠㅠ,12,2024-07-05T11:29:43Z,2024-07-05T11:29:43Z
UgxbDvnRK4DGO_PYUp94AaABAg,,False,@Nohoosuk1,윈터사랑해❤,11,2024-07-05T11:29:32Z,2024-07-05T11:29:32Z
UgyalseS4PtfmbKnFVB4AaABAg,,False,@elapooy2953,"The way sm is trying to sabotage winters popularity is insane
This era they gave other members specially karina bunches of schedules 
And they chose to make winter act with a 50 year old weirdo 
Her mistreatment is unjustified when she brings the most money to that damn company",3,2024-07-05T11:29:23Z,2024-07-05T11:29:23Z
UgyalseS4PtfmbKnFVB4AaABAg.A5W15nkV0FvA5W1mr8Y9kb,UgyalseS4PtfmbKnFVB4AaABAg,True,@홀리몰리-d9d,"정신나간 소리 작작해라
이번 앨범이나 일본 앨범 보면 윈터만 밀어줬다고 생각이 들더만
카리나는 에스파 팬들만 좋아하는 게 아냐
4세대 아이돌 통틀어 인기 최정상이구만
카리나가 하고 싶다고 하는 거도 아니고...",0,2024-07-05T11:35:24Z,2024-07-05T11:40:48Z
UgyalseS4PtfmbKnFVB4AaABAg.A5W15nkV0FvA5W3X28r2Hn,UgyalseS4PtfmbKnFVB4AaABAg,True,@dimibe918,"This is not misstreatment, Winter underwent complicated operation and is still recovering, the fact she is even part of the comback is already applausing. She needs to rest and take care of her health!",1,2024-07-05T11:50:35Z,2024-07-05T11:50:53Z
UgyalseS4PtfmbKnFVB4AaABAg.A5W15nkV0FvA5W4-yW8u29,UgyalseS4PtfmbKnFVB4AaABAg,True,@elapooy2953,@@dimibe918 lamooo what tf does her surgery have to do with this content? Sm could get her to perform in those damn universities when her health was at stake but spending time with her fans in a class is risking her health?think with ur brains,1,2024-07-05T11:54:48Z,2024-07-05T11:54:48Z
UgxpB6EPpOwMYkn6Tl94AaABAg,,False,@pupabo,chờ mãi cũng có 🎉❤,1,2024-07-05T11:28:59Z,2024-07-05T11:28:59Z
Ugxs6rkkWyo6-U-zs-J4AaABAg,,False,@DontFallDown-v9v,18:53 너,3,2024-07-05T11:28:29Z,2024-07-05T11:28:29Z
Ugwzs-5b6lKaUsyAi354AaABAg,,False,@user-gy6ym2kp2p,하루종일 이것만 기달림!!,26,2024-07-05T11:28:11Z,2024-07-05T11:28:11Z
UgySqO06SElJjXjDdyB4AaABAg,,False,@iuu96,WINTEREREERRRRREE?!?!?!??❤❤❤❤❤❤❤,4,2024-07-05T11:27:43Z,2024-07-05T11:27:43Z
UgwnBlyEO_a1aQjhh1t4AaABAg,,False,@parkkwangho2887,기다렸다고... 일주일...일년인줄 알았어..,1,2024-07-05T11:27:36Z,2024-07-05T11:27:36Z
UgwHSGU8-kAa-NOCJ5d4AaABAg,,False,@Arianabaile,맙소사 25분 일찍이네 만약 에스파가 우리 학교에 있었다면 난 기절했을 거야 😭😭,8,2024-07-05T11:27:00Z,2024-07-05T11:47:54Z
Ugxmcle8VH6nWpJU6wN4AaABAg,,False,@user-mmaboxingwrestling,다 봤어 다음.,7,2024-07-05T11:26:49Z,2024-07-05T11:26:49Z
Ugzt29O8pWZKrT9vuLR4AaABAg,,False,@minnwinnt,I would also cry if I saw aespa,10,2024-07-05T11:26:45Z,2024-07-05T11:26:45Z
UgxZ9Gw36IquOm241jR4AaABAg,,False,@cheesysunday4228,"i have been waiting for this, gonna enjoy it.",7,2024-07-05T11:26:26Z,2024-07-05T11:26:26Z
Ugzj4UiZlyUWK7JxvRt4AaABAg,,False,@클레이튼커쇼-w1y,3화 나오고 일주일간 목빠지게 기다렸다 ㅠㅠㅠㅠㅠㅠㅠㅠㅠㅠㅠㅠㅠㅠㅠㅠㅠㅠㅠㅠㅠㅠ,16,2024-07-05T11:25:54Z,2024-07-05T11:25:54Z
UgxXmbafWyr_x2zUyGl4AaABAg,,False,@순두부-q9j,언제뜨나하고 기다렸는대 드뎌 떴네,2,2024-07-05T11:25:44Z,2024-07-05T11:25:44Z
Ugx26EY-oXQwheKZT8p4AaABAg,,False,@chaengg4677,Imagine being absent on the day Aespa came to ur school,7,2024-07-05T11:25:34Z,2024-07-05T11:25:34Z
UgwHpMbCWhsWsJpOxRZ4AaABAg,,False,@moddergaming05,here it issss,1,2024-07-05T11:24:50Z,2024-07-05T11:24:50Z
UgzdggjxA9HX1iJMRGd4AaABAg,,False,@今井みゆき-x3u,仲良しだね🍀❤❤❤,0,2024-07-05T11:24:45Z,2024-07-05T11:24:45Z
Ugy4CJuzidCM-aBkwSV4AaABAg,,False,@BaechuItzu,매일매일 4화를 기대하고 있어요. 매우 흥미로운 콘텐츠입니다. 가장 귀여운 에스파 😣😣💗💗,5,2024-07-05T11:24:40Z,2024-07-05T11:24:40Z
UgzYM354XfG7uHsMKoV4AaABAg,,False,@imwintcr,I'd cry too if aespa was in the same room as me,4,2024-07-05T11:24:22Z,2024-07-05T11:24:22Z
UgzYM354XfG7uHsMKoV4AaABAg.A5W0X2F6vIwA5W2K5vtztB,UgzYM354XfG7uHsMKoV4AaABAg,True,@summerthongsuwan3419,"Cry of joy, for sure",0,2024-07-05T11:40:04Z,2024-07-05T11:40:04Z
Ugyg7FFmNlVzE04DlVx4AaABAg,,False,@타꾸-p3c,다음주에는 닝닝이 안나오는건가?😢,0,2024-07-05T11:24:01Z,2024-07-05T11:24:01Z
Ugx-eAeMfSOYTlPG2_p4AaABAg,,False,@shurqeh,Winter proving she is a true savage telling Giselle to do squats time after time,13,2024-07-05T11:23:46Z,2024-07-05T11:23:46Z
Ugxo9zhXV8VrglJBmRd4AaABAg,,False,@siak2167,저도 에스파랑 같은 학교 다닐래요 저도 에스파랑 같은 학교 반친구할래요 저는 에스파밖에 몰라요,0,2024-07-05T11:23:34Z,2024-07-05T11:23:34Z
UgwBYhGB2DXNwyg6xIp4AaABAg,,False,@이러다미쳐내가,유지민 앉아있는 자리… 한줄기햇빛+빛이나는미모가 너무 청춘로맨스드라마 한장면같음 진짜 말이 안나오게 이쁨,0,2024-07-05T11:23:19Z,2024-07-05T11:23:19Z
UgzVQNiWqH51AVoBhkR4AaABAg,,False,@user-skkskrsjsjssjsjs6974,역시 에스파는 교복이 찰떡인듯 다들 너무 이쁘고 잘어올린다😆,19,2024-07-05T11:23:08Z,2024-07-05T11:23:08Z
Ugxb-56DiHqx-rhjGnN4AaABAg,,False,@jocikaaudry2660,AKHIRNYAAAAAA😍 nunggu nunggu karna gasabar banget soalnya mood bangett kiyowooo,22,2024-07-05T11:21:52Z,2024-07-05T11:21:52Z
UgzsLI9FXKHRD2TdynB4AaABAg,,False,@AzureSteel,"11:55 Winter making Karina do the plastic bag challenge is pure evil!!! 🤣 
OMG I can barely breathe rn...that second hand embarrassment is crazy.
She looks like an absolute lewser with plastic bags in the back.😭 Winter is too savage.",1,2024-07-05T11:21:28Z,2024-07-05T11:21:28Z
UgxpMRhlY38YRPvBEUB4AaABAg,,False,@이러다미쳐내가,17:11 소심한넥레너무귀여움,2,2024-07-05T11:21:08Z,2024-07-05T11:21:08Z
UgxzYF9ZYXQfyhibmUV4AaABAg,,False,@aeD4RK,"I WISH WINTER HAD A LOT TIME WITH THE STUDENTS....!!! But please calm down MYs cause,
1) Maybe it's Minjeong's own wish to stay behind as she is an introvert. So if you complain you are complaining aginst her wish.
2) Maybe her Blonde hair would put of the game (as a have MY suggested in reply)
3) Maybe the director wanted to try something new in the show so gave her directing part.

So let's be supportive and positive about it.... MINJEONG STILL DID AMAZING AS THE DIRECTOR OF THE SHOW!",32,2024-07-05T11:20:56Z,2024-07-05T11:55:38Z
UgxzYF9ZYXQfyhibmUV4AaABAg.A5W07tLFt6kA5W0NYduxFh,UgxzYF9ZYXQfyhibmUV4AaABAg,True,@shurqeh,I thought it was 'cos her blonde hair would kind of give the game away,4,2024-07-05T11:23:04Z,2024-07-05T11:23:04Z
UgxzYF9ZYXQfyhibmUV4AaABAg.A5W07tLFt6kA5W0P4Dqkoo,UgxzYF9ZYXQfyhibmUV4AaABAg,True,@elapooy2953,What an excuse u don't even know winter is an extrovert now,1,2024-07-05T11:23:17Z,2024-07-05T11:23:17Z
UgxzYF9ZYXQfyhibmUV4AaABAg.A5W07tLFt6kA5W0zIler5y,UgxzYF9ZYXQfyhibmUV4AaABAg,True,@aeD4RKreply,"​@@elapooy2953 PEOPLE JUST CAN'T CHANGE THEIR NATURE LIKE THAT! Introverts can and be more outgoing than Extroverts when they enjoy it, but it's their innate nature why they are introvert most of the time.",1,2024-07-05T11:28:22Z,2024-07-05T11:28:22Z
UgxzYF9ZYXQfyhibmUV4AaABAg.A5W07tLFt6kA5W180MJBs7,UgxzYF9ZYXQfyhibmUV4AaABAg,True,@aeD4RKreply,"​@@elapooy2953and it's a guess, I am not the director of Aesparty that I am making an excuse. BEING POSITIVE DON'T COST MONEY, it's a virtue all should cultivate.",0,2024-07-05T11:29:41Z,2024-07-05T11:29:41Z
UgxzYF9ZYXQfyhibmUV4AaABAg.A5W07tLFt6kA5W1H1U0NCz,UgxzYF9ZYXQfyhibmUV4AaABAg,True,@marrymejisoo3413,"That's not an excuse, NingNing is an introvert too",1,2024-07-05T11:30:55Z,2024-07-05T11:30:55Z
UgxZPb1P_SgsL6Vhor94AaABAg,,False,@danissegomez7953,Ning❤❤❤,8,2024-07-05T11:18:38Z,2024-07-05T11:18:38Z
UgzbmF_rVrQEZCmciq94AaABAg,,False,@aniniii72,The important thing is not McDonald!!!,0,2024-07-05T11:18:13Z,2024-07-05T11:18:13Z
UgyMV7rU3mTqSv9a_6F4AaABAg,,False,@야이거진짜같다-r6d,나왜 고등학생아닌데...😢😢,0,2024-07-05T11:18:10Z,2024-07-05T11:18:10Z
UgylymV1fCP9ag8ns5t4AaABAg,,False,@thekalogerassunday,Yesss im happy,1,2024-07-05T11:17:56Z,2024-07-05T11:17:56Z
Ugw8QiXAImWkk5xfod54AaABAg,,False,@ko5to1uz5d-x1m,애초에 남고 에서 했으면 타격감 좋았을 텐데,0,2024-07-05T11:17:31Z,2024-07-05T11:17:31Z
Ugw8QiXAImWkk5xfod54AaABAg.A5W-jrkO5FyA5WLRbxWkqB,Ugw8QiXAImWkk5xfod54AaABAg,True,@ko5to1uz5d-x1m,그렇긴 하져.,0,2024-07-05T14:27:08Z,2024-07-05T14:27:08Z
UgwHhKjigTf7rhHuj394AaABAg,,False,@__LALISA__WORLDWIDENUMBERONE,The members chemistry is really wholesome and perfect,6,2024-07-05T11:17:17Z,2024-07-05T11:17:17Z
Ugz9w4ZDIspKMoZYIMx4AaABAg,,False,@Rikue7,"Being a nerd and getting to school early, you get to play with aespa",3,2024-07-05T11:16:41Z,2024-07-05T11:16:41Z
Ugz9w4ZDIspKMoZYIMx4AaABAg.A5W-djveKmQA5W-qugxBz7,Ugz9w4ZDIspKMoZYIMx4AaABAg,True,@danissegomez7953,😂😂😂😂,1,2024-07-05T11:18:28Z,2024-07-05T11:18:28Z
UgyJIVaWii-6gxLX_694AaABAg,,False,@DontFallDown-v9v,8:55 너,0,2024-07-05T11:16:40Z,2024-07-05T11:16:40Z
UgwF8xIvZSkUtBuGtHJ4AaABAg,,False,@곰당농-w6o,계속 웃느라 광대가 아프다...... 사랑해 에스파ㅠㅜㅜㅜㅜㅜㅜ,8,2024-07-05T11:16:24Z,2024-07-05T11:16:24Z
Ugy0CzEwFXirw8yGtv54AaABAg,,False,@DontFallDown-v9v,8:40 너,1,2024-07-05T11:16:22Z,2024-07-05T11:16:22Z
UgxCyHpFW6AkJcotLvR4AaABAg,,False,@문지니-b6b,드디어 올라왔군 ㅎㅎㅎ. 엄청 기다렸다~~~~  땡큐~~~,6,2024-07-05T11:16:10Z,2024-07-05T11:16:10Z
UgzTX2vXiIyyHaDkukp4AaABAg,,False,@pineapplbread0322,"Luv you, aespa 💗",0,2024-07-05T11:15:59Z,2024-07-05T11:15:59Z
UgyFte34QW7CAWRxaQ54AaABAg,,False,@홀리몰리-d9d,카리나보고 사람이야?라고 말한게 진짜웃기네 ㅎ,7,2024-07-05T11:15:14Z,2024-07-05T11:15:14Z
UgwnSQcgjUqJzJlvfGJ4AaABAg,,False,@김희정-v2m,다들 재밌었겠다.,3,2024-07-05T11:15:07Z,2024-07-05T11:15:07Z
UgxNUsHplVcb8xBxvR94AaABAg,,False,@이러다미쳐내가,10:53 하……………….귀여워,0,2024-07-05T11:14:35Z,2024-07-05T11:14:35Z
UgzadgovmDthd1YQhvV4AaABAg,,False,@백숨-d8q,이런거 재밌다 스엠아 더 줘,14,2024-07-05T11:14:09Z,2024-07-05T11:14:09Z
Ugwz1tnDxduKgKt0Ij14AaABAg,,False,@aeD4RK,29:49 18:22 19:18 이 시리즈의 가장 건전한 순간....! 학급 전체는 물론 선생님까지 우리 에스파를 자기 것으로 받아들여줬어요....! 우는 소녀들을 천사처럼 위로해준 우리 소녀들....! 그 소속감은 정말 마법같습니다....!,426,2024-07-05T11:13:45Z,2024-07-05T15:52:35Z
Ugwz1tnDxduKgKt0Ij14AaABAg.A5W-JKCchL5A5XMe5--Auu,Ugwz1tnDxduKgKt0Ij14AaABAg,True,@pruitv4,still running away after you got xpsd 2 weeks ago for being narsuun1 when you used it seconds after aedark and bshd kepler in their stream and wished them to d13 and when they stopped seconds later you came back again giving once more solid eviidence that you are behiind it thats why you go off sppming so many copy paste comments and use so many alts to support urself.,1,2024-07-05T23:56:56Z,2024-07-05T23:56:56Z
Ugwz1tnDxduKgKt0Ij14AaABAg.A5W-JKCchL5A5XMfanFM61,Ugwz1tnDxduKgKt0Ij14AaABAg,True,@pruitv4,7 comments in less than 15 seconds is also a solid eviidence that you didnt write one single praise here too like you never did.,0,2024-07-05T23:57:09Z,2024-07-05T23:57:09Z
Ugwz1tnDxduKgKt0Ij14AaABAg.A5W-JKCchL5A5XMh5cO9fR,Ugwz1tnDxduKgKt0Ij14AaABAg,True,@pruitv4,wrong timestamps confirming once more that you didnt watch this like you never did and only use them for cloout.,0,2024-07-05T23:57:21Z,2024-07-05T23:57:21Z
UgxwDY2Nhz3AgOFCi8N4AaABAg,,False,@DanieleRuotolo,I love you so much Aespa🫶♥️💖😘,0,2024-07-05T11:13:42Z,2024-07-05T11:13:42Z
UgypaDNMP34PmUMXHsN4AaABAg,,False,@DontFallDown-v9v,네,0,2024-07-05T11:13:23Z,2024-07-05T11:13:23Z
UgzLgIkxW5b4_aHke_14AaABAg,,False,@WITFITMAN.,LOVE WINTER 🤟🏻💟💟💟💟💟💟💟💟💟,7,2024-07-05T11:13:06Z,2024-07-05T11:13:06Z
UgzLgIkxW5b4_aHke_14AaABAg.A5W-EWm5eguA5W-J-v7fLP,UgzLgIkxW5b4_aHke_14AaABAg,True,@فلسطين_حرة-س6ش,انا ايضا,2,2024-07-05T11:13:43Z,2024-07-05T11:13:43Z
UgznjxKDmEiAdNBfHnZ4AaABAg,,False,@WITFITMAN.,LOVE KARINA 🤟🏻💟💟💟💟💟💟💟💟💟,0,2024-07-05T11:12:57Z,2024-07-05T11:12:57Z
Ugysn_D-pMPDl0Yx-vx4AaABAg,,False,@t0o_.y0ou_xx,떴다 내 자양강장제.,0,2024-07-05T11:12:13Z,2024-07-05T11:12:20Z
Ugy9AwIrnWHx7qeFX1t4AaABAg,,False,@즉율,"진짜 다들 어쩜 이렇게 기여운지 
 짱스파 교복 넘 잘 어울린다 ❤❤",1,2024-07-05T11:12:11Z,2024-07-05T11:12:11Z
UgzDVLixxpzTb_JwYxN4AaABAg,,False,@hoyo27,떴다!!!! 선댓글 후감상!!❤❤,12,2024-07-05T11:11:33Z,2024-07-05T11:11:33Z
UgwGCjLN3kOJd3UPVqd4AaABAg,,False,@BND_ae-my_yena,얘들아 진짜 사랑해..,5,2024-07-05T11:11:12Z,2024-07-05T11:11:12Z
Ugz_EyWgy6mL94K58Dh4AaABAg,,False,@user-nr7bf3hg1i,❤❤❤,0,2024-07-05T11:11:09Z,2024-07-05T11:11:09Z
UgwYOIAl3vZpPvlK52l4AaABAg,,False,@everythingisbluweee,멤버들 다 너무 예뻐요😻,15,2024-07-05T11:10:54Z,2024-07-05T11:10:54Z
UgxpXemC3u9fftrqGdN4AaABAg,,False,@chokorettonhn,ahh my my my my winter and karina❤,11,2024-07-05T11:10:48Z,2024-07-05T11:10:48Z
UgwzZ7inkwOawv9LwLV4AaABAg,,False,@bhuvanesworinakarmi5793,Korean student privilege 😩,9,2024-07-05T11:10:41Z,2024-07-05T11:10:41Z
UgxcsQOslTEnfLEarbt4AaABAg,,False,@haerinireah,AESPA,0,2024-07-05T11:10:35Z,2024-07-05T11:10:35Z
UgwNlX985cbYP5O0sDB4AaABAg,,False,@mxczyne,Yeyyy,0,2024-07-05T11:10:28Z,2024-07-05T11:10:37Z
UgxahpUkrFn1EUNMi4J4AaABAg,,False,@ymmylatte,INIII YANG AKU TUNGGU TUNGGU,1,2024-07-05T11:10:21Z,2024-07-05T11:10:21Z
UgxQV5Y1UkZZ9b_MmXF4AaABAg,,False,@Naviraezkie,Woahhh,0,2024-07-05T11:10:05Z,2024-07-05T11:10:05Z
Ugz-FWulQ_XtDTNtAsV4AaABAg,,False,@Soft_tv0,9:10 l love you Karina❤,1,2024-07-05T11:09:59Z,2024-07-05T11:09:59Z
Ugx4wkB8VprsmOzp2rd4AaABAg,,False,@이러다미쳐내가,6:27 뒤에서 유지민 방방 뛰는거 왜이렇게귀여움,0,2024-07-05T11:09:48Z,2024-07-05T11:09:48Z
UgwiwpSWcBcbFw6Qmhp4AaABAg,,False,@softmarshmalllow,How many international MYs here? ✋🏻,1,2024-07-05T11:09:46Z,2024-07-05T11:09:46Z
UgxC7CeH2Fh1sMzVsqN4AaABAg,,False,@user-ui1qnafgdgfg,카리나는 맨뒤에 있는데 빛이나네,0,2024-07-05T11:09:32Z,2024-07-05T11:09:32Z
UgzX_f3GHwvEPu5b0nJ4AaABAg,,False,@win_ter133,"윈터,,❤️",7,2024-07-05T11:09:15Z,2024-07-05T11:09:15Z
UgzLCDKUiOFeuz8JORZ4AaABAg,,False,@Carrot-sama,에스파가 그들에게 심장마비를 일으킬 거야 ㅋㅋㅋㅋㅋㅋ,3,2024-07-05T11:09:13Z,2024-07-05T11:09:13Z
UgyB8TALJE5kFlE4M9h4AaABAg,,False,@미니몰-k5z,진짜 짱스파 귀여워💙🌙🌟🦋,2,2024-07-05T11:08:46Z,2024-07-05T11:08:46Z
UgwCFCXk61G8y-YGmvl4AaABAg,,False,@PanhakunSareth,came here when the video was made 6 minutes ago and i see already 5k views and 102 comments and 1.5k likes,0,2024-07-05T11:08:21Z,2024-07-05T11:08:21Z
UgwWEpfJygIRmcy_tA14AaABAg,,False,@nkhansasr,Ningning visual ✨🐱,2,2024-07-05T11:08:18Z,2024-07-05T11:08:18Z
UgywDe5-kl0JZvDCx214AaABAg,,False,@asyouwishDaerrong2,에스파도 에스파인데 등교한 친구들 놀라는 거 보러 득달같이 달려왔습니다 ㅎㅎㅎ,13,2024-07-05T11:08:19Z,2024-07-05T11:08:19Z
UgxsJ7jyaX7vReQk7Mx4AaABAg,,False,@주혜-n4m,윈뭉이❤❤❤,6,2024-07-05T11:08:13Z,2024-07-05T11:08:13Z
Ugxbr0MhvTb4Z7MvBqR4AaABAg,,False,@adamsim4049,FIRST,0,2024-07-05T11:08:04Z,2024-07-05T11:08:04Z
UgyroGoxg_PiLy3mNHt4AaABAg,,False,@주혜-n4m,나왓다❤,1,2024-07-05T11:08:04Z,2024-07-05T11:08:04Z
UgzjE4nrLulxDuDOxTl4AaABAg,,False,@NihatHaqverdiyev-wz1hi,Winte the best❤,7,2024-07-05T11:07:18Z,2024-07-05T11:07:18Z
Ugw3imwRllJj-OF-0eV4AaABAg,,False,@형이야-c2d,나도 가고싶다,5,2024-07-05T11:07:15Z,2024-07-05T11:07:15Z
Ugw_gpiHHrVWh3PFduh4AaABAg,,False,@lilac7910,Ningning 🎀🫶🏻,0,2024-07-05T11:07:07Z,2024-07-05T11:07:07Z
Ugzv93vytgquyjvrB9B4AaABAg,,False,@이러다미쳐내가,4:22 네제발요,0,2024-07-05T11:07:07Z,2024-07-05T11:07:07Z
UgwTt38uVsH8f_XESKV4AaABAg,,False,@PhanYến-l1l,WINTER;LÔNG MÀY CHỊ ĐÂU RỒI,0,2024-07-05T11:06:50Z,2024-07-05T11:06:50Z
Ugwir_JrrZe0bNjVmpJ4AaABAg,,False,@도린0330,윈터 왤케 예쁘노 .. 갈수록 예뻐지네,15,2024-07-05T11:06:24Z,2024-07-05T11:06:24Z
UgxZQyWNBngyoJCUFal4AaABAg,,False,@Kimchae.1_Sarangdan,저도 당장 전학가고 싶은데…❤,32,2024-07-05T11:06:16Z,2024-07-05T11:06:16Z
Ugz2NEm4SIxYpPSvuhF4AaABAg,,False,@Uebebabo-o6y,"저 여고 가고싶어요
전 여자니까
쳐들어갈게요",5,2024-07-05T11:05:55Z,2024-07-05T11:05:55Z
UgySH5TijtgVxOnczXF4AaABAg,,False,@BAUOK_WoW,OMG,0,2024-07-05T11:05:42Z,2024-07-05T11:05:42Z
UgwPPKer4jODBfZtZz54AaABAg,,False,@ssangflower,I'm waiting for this..❤,16,2024-07-05T11:05:33Z,2024-07-05T11:05:33Z
UgxW2B91yAcJF_QwpZ54AaABAg,,False,@이러다미쳐내가,3:14 진짜유지민너무귀엽다,6,2024-07-05T11:05:31Z,2024-07-05T11:05:45Z
UgxwbPv16N5IodkXKNl4AaABAg,,False,@Kpopgirly24,나는 에스파를 좋아한다❤,2,2024-07-05T11:05:26Z,2024-07-05T11:05:26Z
UgxrRxHRVze1NPM2clR4AaABAg,,False,@Tzukyo_ae,HOW MANY INTERNATIONAL FANS ARE HERE TO SUPPORT AESPA,1,2024-07-05T11:05:11Z,2024-07-05T11:05:11Z
Ugygr-1DdtGLBX3Gz554AaABAg,,False,@aeD4RK,29:49 18:22 19:18  THE MOST WHOLESOME MOMENT OF THE AESPARTY.... Entire class and even the teacher accepted Aespa as their own....! And our girls hugged and comforted the students like angels....! That sense of belonging is magical....!,840,2024-07-05T11:05:05Z,2024-07-05T15:28:22Z
Ugygr-1DdtGLBX3Gz554AaABAg.A5VzJn2Q9zMA5W-wID9AV8,Ugygr-1DdtGLBX3Gz554AaABAg,True,@AzureSteel,Yo this video was uploaded 17 minutes ago and you're 29 mins and 49 seconds in?!!! 🙃Watch the video properly.,6,2024-07-05T11:19:13Z,2024-07-05T11:19:13Z
Ugygr-1DdtGLBX3Gz554AaABAg.A5VzJn2Q9zMA5W0Kms-Gyx,Ugygr-1DdtGLBX3Gz554AaABAg,True,@aeD4RKreply,"​@@AzureSteel watching ATM, at middle point. It's just I always make comments about highlights first.",9,2024-07-05T11:22:42Z,2024-07-05T11:22:42Z
Ugygr-1DdtGLBX3Gz554AaABAg.A5VzJn2Q9zMA5W0Ow1wiwf,Ugygr-1DdtGLBX3Gz554AaABAg,True,@luvxh_mimi,FRRR,0,2024-07-05T11:23:15Z,2024-07-05T11:23:15Z
Ugygr-1DdtGLBX3Gz554AaABAg.A5VzJn2Q9zMA5WPqMKABIg,Ugygr-1DdtGLBX3Gz554AaABAg,True,@mctive,i love seeing your comments so much,0,2024-07-05T15:05:35Z,2024-07-05T15:05:35Z
Ugygr-1DdtGLBX3Gz554AaABAg.A5VzJn2Q9zMA5WPs-SUABP,Ugygr-1DdtGLBX3Gz554AaABAg,True,@mctive,thank you for supporting aespa so much aed4rk,0,2024-07-05T15:05:50Z,2024-07-05T15:05:50Z
UgxNUSblo89GZ3MJSdR4AaABAg,,False,@princessjollymaerivero1303,AYAN NA CUTEEEEEE,0,2024-07-05T11:05:03Z,2024-07-05T11:05:03Z
UgyLoNLn7MlbFANlMYN4AaABAg,,False,@العنودقايمز,ひい1,0,2024-07-05T11:04:58Z,2024-07-05T11:04:58Z
UgxPOwk0bRQzi5s3KRp4AaABAg,,False,@saidydaisy123,I would cry too if i met them🥺🥲,1,2024-07-05T11:04:57Z,2024-07-05T11:04:57Z
UgwSopqzk2pcfq0Ej-Z4AaABAg,,False,@脇山たいし,日本に来ないのですか？😢,0,2024-07-05T11:04:54Z,2024-07-05T11:04:54Z
Ugxztw-OtcMA4aTKqsF4AaABAg,,False,@Wonderful.Writing,윈터는 💕,15,2024-07-05T11:04:51Z,2024-07-05T11:04:51Z
Ugw50Ktv3zSzxZiYGvF4AaABAg,,False,@NRH1012,Waktunya nonton,0,2024-07-05T11:04:45Z,2024-07-05T11:04:45Z
UgycMqiVlcEV_4ZNvNF4AaABAg,,False,@Rhannar7738,Aespa 4th gen leaders ❤😻,4,2024-07-05T11:04:43Z,2024-07-05T11:04:43Z
UgySnxBtwOuxRqTJGfV4AaABAg,,False,@ssomday-g9b,❤❤❤❤❤❤❤❤,0,2024-07-05T11:04:17Z,2024-07-05T11:04:17Z
Ugx0NCb9AyzkzBGGkIN4AaABAg,,False,@taengoo8939,😍😍,1,2024-07-05T11:04:09Z,2024-07-05T11:04:18Z
UgyzrpntShf9fsLk5UZ4AaABAg,,False,@Euns-2437,🎉오 영상 일분전에뜸❤❤,1,2024-07-05T11:04:07Z,2024-07-05T11:04:07Z
UgzvYcp16YlGd1b1WDh4AaABAg,,False,@lyyneeei,왠지 부럽네요~ 에스파 우리 학교로 와주세요! 그러면 나는 학교에 가는 것이 매우 신날 것이다,8,2024-07-05T11:04:04Z,2024-07-05T11:04:04Z
Ugx-NNCOVHS03fS0lDR4AaABAg,,False,@gokceosh,AAA,0,2024-07-05T11:04:03Z,2024-07-05T11:04:03Z
UgwlW2finhsEOtNIcRN4AaABAg,,False,@sigoff0599,😢❤,0,2024-07-05T11:03:57Z,2024-07-05T11:03:57Z
Ugy5rpcQLBopnA9qGEh4AaABAg,,False,@cheskamarie2054,i love you,0,2024-07-05T11:03:50Z,2024-07-05T11:03:50Z
Ugwc-7jgRoLvCLQppY94AaABAg,,False,@Mer0syy,Omg ❤❤❤❤,0,2024-07-05T11:03:48Z,2024-07-05T11:03:48Z
UgxKpY63woiSjasgWFd4AaABAg,,False,@vanillauraa,GERCEPPP UDAH NUNGGUIN BANGET GW,0,2024-07-05T11:03:42Z,2024-07-05T11:03:42Z
UgwDlvpwsCu0DBU3Tt54AaABAg,,False,@s0vieq,일찍!!!!!,1,2024-07-05T11:03:39Z,2024-07-05T11:03:39Z
Ugw2499YfpuL2bWy2e14AaABAg,,False,@Tkata_Kijoriing,Haiiii,0,2024-07-05T11:03:36Z,2024-07-05T11:03:36Z
Ugx3384OaxP9omn0YOd4AaABAg,,False,@MYs_Mulfand,M,0,2024-07-05T11:03:34Z,2024-07-05T11:03:34Z
UgwGilc5N4De6EU8_A14AaABAg,,False,@TiffanyM.F,"finally, i got the eps 4",2,2024-07-05T11:03:34Z,2024-07-05T11:03:34Z
UgwXX4r7LhGJtirlkt54AaABAg,,False,@dannxzz03,WINTER I LOVE YOU❤❤❤,6,2024-07-05T11:03:34Z,2024-07-05T11:03:34Z
Ugx6_WIzGRrbVaXRUIt4AaABAg,,False,@skyler4575,Eyyyy,1,2024-07-05T11:03:28Z,2024-07-05T11:03:28Z
Ugws1IZe45PBMqXoVfx4AaABAg,,False,@krsitofmolnar2081,I love you aespa,2,2024-07-05T11:03:14Z,2024-07-05T11:03:14Z
UgyiSkwiUKVOh4keZF94AaABAg,,False,@TanviSumanBlinkbp,Love you aespaaa ❤❤❤,4,2024-07-05T11:03:14Z,2024-07-05T11:03:14Z
Ugzyjm9Jrucoc-kahHJ4AaABAg,,False,@uehags0,당장 전학 가겠습니다,0,2024-07-05T11:03:11Z,2024-07-05T11:03:11Z
UgyPExPp9x0ab6Z5z4h4AaABAg,,False,@putudutaarisanjaya1816,Omgggggggg,0,2024-07-05T11:03:06Z,2024-07-05T11:03:06Z
Ugxhsqneuhe6xvqvqwt4AaABAg,,False,@景森-z3n,⛽️⛽️,0,2024-07-05T11:03:04Z,2024-07-05T11:03:04Z
Ugy_F_E42UaJuBcRG1V4AaABAg,,False,@marchelworld,LETSSS GOOO,0,2024-07-05T11:03:02Z,2024-07-05T11:03:02Z
UgwFzICK-tW3-lyr3-N4AaABAg,,False,@milxsi,"Winter, please marry me",4,2024-07-05T11:02:57Z,2024-07-05T11:02:57Z
Ugyq3gxAmxLFs_7YyjV4AaABAg,,False,@keii4428,Here b4 1k views❤❤,1,2024-07-05T11:02:55Z,2024-07-05T11:02:55Z
UgzQfptcXioFiL2WgRN4AaABAg,,False,@kevinmasyhuri1427,Thats so sweet❤,6,2024-07-05T11:02:53Z,2024-07-05T11:02:53Z
UgyUYYJIRqGPJJv1AC94AaABAg,,False,@mostlyseungwan,How many international AESPA fans are here?,9,2024-07-05T11:02:44Z,2024-07-05T11:02:44Z
UgyUYYJIRqGPJJv1AC94AaABAg.A5Vz2_cd3fdA5W4Q9Lj2br,UgyUYYJIRqGPJJv1AC94AaABAg,True,@XyzitsmeagainV,Here ❤ btw i'm from india.,0,2024-07-05T11:58:23Z,2024-07-05T11:58:23Z
Ugx6dweNex8lNe4P5kd4AaABAg,,False,@yaziqrazaky5911,OMG,0,2024-07-05T11:02:44Z,2024-07-05T11:02:44Z
UgzNW2XS4RKm7O-06E14AaABAg,,False,@rivalsatya6564,p,0,2024-07-05T11:02:43Z,2024-07-05T11:02:43Z
UgzkeVfKA4SVtykCeVh4AaABAg,,False,@Snowinter0101,WHO'S EARLY HERE??,0,2024-07-05T11:02:42Z,2024-07-05T11:02:42Z
Ugy1UuPQbNH_LdL3m094AaABAg,,False,@Berrynizz_fan11,에스파 사랑해요❤❤❤❤,7,2024-07-05T11:02:39Z,2024-07-05T11:02:39Z
UgxCa7org2FlaPDZGNR4AaABAg,,False,@cyberaeri,cheguei cedo,1,2024-07-05T11:02:35Z,2024-07-05T11:02:35Z
UgyVLzLBYooHubK-kNZ4AaABAg,,False,@소정-p4f,헐 1분전!! 오늘도 재밌어요,2,2024-07-05T11:02:29Z,2024-07-05T11:02:29Z
Ugyv2SLWY1kHq80w1wh4AaABAg,,False,@new_new_xx,"저기 학교로 전학가고싶다..,;(｡•́︿•̀｡)",2,2024-07-05T11:02:26Z,2024-07-05T11:02:26Z
UgzMSM-K2Fg7wPhpEaB4AaABAg,,False,@ACNnóiđãvc,나는 에스파를 좋아한다❤❤❤❤,4,2024-07-05T11:02:22Z,2024-07-05T11:02:28Z
UgwZx5s_kVIpLpkGrIV4AaABAg,,False,@MY.zzzzzzzzz,早く見れた！天使は実在してくれた泣,4,2024-07-05T11:02:16Z,2024-07-05T11:02:16Z
UgzpFBFRzqPiF76sf014AaABAg,,False,@lk_stay143,aespa forever💙🌙⭐️🦋‪,5,2024-07-05T11:02:15Z,2024-07-05T11:02:15Z
UgxDldkM--xwGIioGEJ4AaABAg,,False,@keii4428,AHHHCKKK❤❤❤,0,2024-07-05T11:02:06Z,2024-07-05T11:02:06Z
UgwziCOaGgTTGSfIoix4AaABAg,,False,@Josrawdiaz,Hi,0,2024-07-05T11:02:06Z,2024-07-05T11:02:06Z
UgwmFFf4ryEszt960F94AaABAg,,False,@chosemina,WE CHEEREDDDDDDDDDD,0,2024-07-05T11:02:05Z,2024-07-05T11:02:05Z
Ugwcu7v4VIGDu9P539d4AaABAg,,False,@大樹-z6m,❤,0,2024-07-05T11:02:04Z,2024-07-05T11:02:04Z
Ugx4vIj1uAiupsL0Xcl4AaABAg,,False,@Leilj21,22빠!! 다들 너무 이쁘다 ㅠㅠ❤️‍🔥❤️‍🔥💗💗,0,2024-07-05T11:02:03Z,2024-07-05T11:02:03Z
Ugz2YTkpK1PSjDt2ifx4AaABAg,,False,@heliolirik,😍,0,2024-07-05T11:02:02Z,2024-07-05T11:02:02Z
UgzqYE8rTWyqrFF1fep4AaABAg,,False,@파전이요,34빠,0,2024-07-05T11:02:02Z,2024-07-05T11:02:02Z
UgzJb_FkSCLZdS2O_xl4AaABAg,,False,@xjjuso,CIITEE,4,2024-07-05T11:02:01Z,2024-07-05T11:02:01Z
UgyFZTqWrn3DwGhCjjZ4AaABAg,,False,@zoey4148,NINGNING I LOVE YOU ❤,0,2024-07-05T11:01:51Z,2024-07-05T11:01:51Z
Ugzk605cJXFsDXOmR614AaABAg,,False,@prettyisontheinside,Karinaaaaa!!,0,2024-07-05T11:01:50Z,2024-07-05T11:01:50Z
Ugw6NBOkTHEaVOlh1vJ4AaABAg,,False,@Just_me860,"AESPAAAAA
FIRST TIME THIS EARLY",1,2024-07-05T11:01:49Z,2024-07-05T11:01:49Z
UgzKdDL-to83FSvBtEh4AaABAg,,False,@Nn-mv1zr,a,0,2024-07-05T11:01:48Z,2024-07-05T11:01:48Z
UgzRDwUGkQLF2GOZTGt4AaABAg,,False,@amalissoebagyo1351,Finally.. im waiting to long..,0,2024-07-05T11:01:43Z,2024-07-05T11:01:43Z
UgxCYVqPLG22rM0i0NJ4AaABAg,,False,@HanzzHnzz,Aespa biggest girl group,1,2024-07-05T11:01:38Z,2024-07-05T11:01:38Z
UgwmB5gEGccu2jZqw8h4AaABAg,,False,@KimGuobaorou,요즘 에스파 영상 볼게 너무 많아서 행복해,14,2024-07-05T11:01:36Z,2024-07-05T11:01:36Z
UgxCiQNW9TwpVBM13At4AaABAg,,False,@Rjxfa_na1.123,넘 재미맀겠다라라러러럴,7,2024-07-05T11:01:34Z,2024-07-05T11:01:34Z
UgzmGPvBi1cTScELKZZ4AaABAg,,False,@hmayh,Cute,0,2024-07-05T11:01:32Z,2024-07-05T11:01:32Z
Ugybre9w1W6d9bmPaRF4AaABAg,,False,@vkyjmlgnh,❤❤❤❤,0,2024-07-05T11:01:31Z,2024-07-05T11:01:31Z
UgwS8psTkJmz5e7PDXN4AaABAg,,False,@hmayh,Winter,7,2024-07-05T11:01:26Z,2024-07-05T11:01:26Z
UgzYOrKb9YA2Ka21ufZ4AaABAg,,False,@minj17,진짜 에스파 교복 넘 이뻐 다들 게임하는거 넘 귀엽넼ㅋㅋㅋㅋ,1,2024-07-05T11:01:26Z,2024-07-05T11:01:26Z
UgyS09vVSfdzZf5mW7d4AaABAg,,False,@paaaloma_lp,AYYYYY,0,2024-07-05T11:01:23Z,2024-07-05T11:01:23Z
UgwAp6FFRGLkUmW2-n94AaABAg,,False,@hmayh,Omgg,0,2024-07-05T11:01:18Z,2024-07-05T11:01:18Z
UgzCBG21RU-9ZJsasNR4AaABAg,,False,@wheee4110,I'm earlyyyyy,0,2024-07-05T11:01:16Z,2024-07-05T11:01:16Z
UgwjcspTl6Oh5h7EsuZ4AaABAg,,False,@user-xl2md8ot4x,당장 전학가고 싶은데 저 여고 어디인가요? 아 참고로 전 남자입니다,812,2024-07-05T11:01:16Z,2024-07-05T11:01:16Z
UgwjcspTl6Oh5h7EsuZ4AaABAg.A5VyssAjbP6A5VzPWf09Fl,UgwjcspTl6Oh5h7EsuZ4AaABAg,True,@오옹-n7g,교무실로 전학신고 하시면 제가 경찰에 신고 진행 해 드리겠습니다 ^^7,248,2024-07-05T11:05:52Z,2024-07-05T11:05:52Z
UgwjcspTl6Oh5h7EsuZ4AaABAg.A5VyssAjbP6A5VzcwW8z32,UgwjcspTl6Oh5h7EsuZ4AaABAg,True,@백숨-d8q,응 안돼~,54,2024-07-05T11:07:50Z,2024-07-05T11:07:50Z
UgwjcspTl6Oh5h7EsuZ4AaABAg.A5VyssAjbP6A5W-gZoR1rU,UgwjcspTl6Oh5h7EsuZ4AaABAg,True,@꼬마버스-i3g,되겠냐?,44,2024-07-05T11:17:04Z,2024-07-05T11:17:04Z
UgwjcspTl6Oh5h7EsuZ4AaABAg.A5VyssAjbP6A5W-oiNFBs0,UgwjcspTl6Oh5h7EsuZ4AaABAg,True,@10smeih,ㅋㅋㅋㅋㅋㅋㅋㅋㅋ,10,2024-07-05T11:18:11Z,2024-07-05T11:18:11Z
UgwjcspTl6Oh5h7EsuZ4AaABAg.A5VyssAjbP6A5W2R5n7Ikq,UgwjcspTl6Oh5h7EsuZ4AaABAg,True,@크런키-w9x,소명여고요ㅋㅋㅋ,11,2024-07-05T11:41:02Z,2024-07-05T11:41:02Z
Ugw5iILnpiljX_oiDPF4AaABAg,,False,@woodu_qp,지젤 이쁘다,8,2024-07-05T11:01:16Z,2024-07-05T11:01:16Z
UgzVxpDgK8gmAG_5uJ54AaABAg,,False,@Icexec,AAAAAAAAAAAAAAAA,0,2024-07-05T11:01:11Z,2024-07-05T11:01:11Z
UgwgELhn2Fvw4MpCmK14AaABAg,,False,@YU0JU,"미모 미쳤,,
나라세워라 2빠임ㅋㅋㅋ",10,2024-07-05T11:01:10Z,2024-07-05T11:01:10Z
UgybEFgSgi2xVkKC9JF4AaABAg,,False,@Bluu_kk,알람보고 바로 달려옴,8,2024-07-05T11:01:08Z,2024-07-05T11:01:08Z
Ugwpmld3o7e7vBawcRB4AaABAg,,False,@jinsouljeong-jc4to,"WAAAAAAAAAAA
 <3",0,2024-07-05T11:01:04Z,2024-07-05T11:01:04Z
UgyEdqmgv9tWB9-luFt4AaABAg,,False,@intankaromah4924,Armegadonn😊😊😅❤😮😮🎉🎉😮😂😮😂,1,2024-07-05T11:01:03Z,2024-07-05T11:01:03Z
Ugx6mP5UqqohD_UFhkh4AaABAg,,False,@lenosr,TÜRKİYE'YE GEKİN,0,2024-07-05T11:01:03Z,2024-07-05T11:01:03Z
UgzYSEWDBH72DB6Sf794AaABAg,,False,@일와,1빠,0,2024-07-05T11:01:02Z,2024-07-05T11:01:02Z
Ugyyat5bQoQWmrtl40x4AaABAg,,False,@이러다미쳐내가,사랑해!!!!!!!❤❤❤❤❤,16,2024-07-05T11:01:01Z,2024-07-05T11:01:01Z
UgwmlCHSw_Mml_BhRCR4AaABAg,,False,@접어용가리치킨,! 오늘도 엣파 얼굴 짱!,3,2024-07-05T11:00:54Z,2024-07-05T11:02:20Z
UgxcetcmDpF1l2ByD0B4AaABAg,,False,@winter._x11,1빠!다음컨셉 기대된다❤,0,2024-07-05T11:00:46Z,2024-07-05T11:47:27Z
UgzDK1qFoDSToGnV44Z4AaABAg,,False,@m_o____r_e4084,AESPA ❤,0,2024-07-05T11:00:46Z,2024-07-05T11:00:53Z
UgzxFy7w9iek9ol41Dt4AaABAg,,False,@ohwntr8565,🩵🌙⭐️🦋,1,2024-07-05T11:00:43Z,2024-07-05T11:00:43Z
Ugxlt2Yk_xarVYSegQp4AaABAg,,False,@DarkDeath-vx4zi,Eyy,4,2024-07-05T11:00:39Z,2024-07-05T11:00:39Z
