comment_id,parent_id,is_reply,author,text,like_count,published_at,updated_at
UgwOtyOhyPOncMjZPPd4AaABAg,,False,@RukaBM81,I was going to do it to him like this😂😭,1,2025-05-06T19:39:57Z,2025-05-06T19:39:57Z
UgwWFRDQOuWrb9rJZht4AaABAg,,False,@Rosés_are_rosie_apt,it is like a rabbitttt,0,2025-05-05T08:41:20Z,2025-05-05T08:41:20Z
Ugz60_TmldRf8iIs30R4AaABAg,,False,@AashnaJennie,THE BOBA EYESSSS😭🤌,1,2025-05-02T08:10:34Z,2025-05-02T08:10:34Z
Ugw0Iyq7q-NTTLkTLuF4AaABAg,,False,@Hannie_JisungStay,THEIR ALL VIDEO CUTESTT!!!,1,2025-05-01T12:03:11Z,2025-05-01T12:03:11Z
UgzGFFyIUkXa0X6KnEB4AaABAg,,False,@Yildizwq_Official,🐿🤏🏻,1,2025-04-30T13:47:49Z,2025-04-30T13:47:49Z
UgzUJRclAm-KyOnEVBB4AaABAg,,False,@christianAppiah-y1t,I love you han,0,2025-04-30T12:10:25Z,2025-04-30T12:10:25Z
UgyXmooeRygSlEyzsux4AaABAg,,False,@ElafDuski,His cute cheeks and i.n's cute little smile melted my heart♥️♥️♥️♥️,0,2025-04-30T10:06:15Z,2025-04-30T10:06:15Z
UgzysOcMmFOpwP6sR254AaABAg,,False,@УльянаЧучнева,Stray kids🛐🛐🛐,0,2025-04-29T11:26:17Z,2025-04-29T11:26:17Z
UgzmURd0W7DqD4cdxoB4AaABAg,,False,@MeryemNurYılmaz,🤗🥰😍😍❤‍🔥❤‍🔥😘💕❤❣️❣️😝🥹,0,2025-04-28T12:13:43Z,2025-04-28T12:13:43Z
UgwKYETUdJAdovoxZH54AaABAg,,False,@IsabellaZeglem,Han lindo ❤❤🐿🐿🐿,0,2025-04-27T17:34:50Z,2025-04-27T17:34:50Z
Ugx-GdtVMIQOtmbNTat4AaABAg,,False,@22indrakshighose4b3,😂❤,0,2025-04-26T18:28:07Z,2025-04-26T18:28:07Z
Ugw_mw9DXTQKFZTgqW14AaABAg,,False,@winter_stay_soft,Gente que bochechinha fofaaaa 😍😍🇧🇷🇧🇷🇧🇷,0,2025-04-26T00:50:38Z,2025-04-26T00:50:38Z
UgwVGukJPlTbZNGIKGZ4AaABAg,,False,@DavidAdrian-f4i,噢，多麼美麗的事物☺️,0,2025-04-25T21:51:00Z,2025-04-25T21:51:00Z
UgxSTO5mO-mHYvVfNaR4AaABAg,,False,@başıboş_cocuklar8,Why are they so cuteeee,1,2025-04-25T17:26:05Z,2025-04-25T17:26:05Z
UgyM5vCtDKYWMoyNPhZ4AaABAg,,False,@Cl4wSkz,HAHAGA my friends to me every secound.. 😭,0,2025-04-25T15:58:14Z,2025-04-25T15:58:14Z
UgyWYm8r1C3dWv6WJdt4AaABAg,,False,@aradhyatumpati2595,Han looks like cute little hamster.,1,2025-04-25T15:50:37Z,2025-04-25T15:50:37Z
UgzPlwzWErvehyN5JWd4AaABAg,,False,@mayvih-d9f,Hans cute face💖💞,1,2025-04-25T01:35:24Z,2025-04-25T01:35:24Z
Ugzs9xnX1kCygJkOCI14AaABAg,,False,@MalihaRahman-s2l,Fox with quokka,1,2025-04-24T17:06:49Z,2025-04-24T17:06:49Z
UgzfwnVft1BGM30Bk0h4AaABAg,,False,@rasanhawlery2659,Han is so cute help😭,1,2025-04-24T10:40:23Z,2025-04-24T10:40:23Z
UgxYY3jf5MKPhbr7K_14AaABAg,,False,@Linda_stay,한의 얼굴,1,2025-04-22T19:47:50Z,2025-04-22T19:47:50Z
UgyORWbtsMbEElYzs_Z4AaABAg,,False,@소나무2-s3h,나두 ㅜ,0,2025-04-20T21:53:52Z,2025-04-20T21:53:52Z
UgxgNFRUqxLoC2mGaUR4AaABAg,,False,@Bia1-e4p,❤❤❤❤❤😂😂😂,0,2025-04-20T21:06:30Z,2025-04-20T21:06:30Z
UgyZ-_cFahDLuLJN6EZ4AaABAg,,False,@Nova123YT,"Innie poking hand cheeks:🥰🥰🥰🥰
Meanwhile han: 🫡🫡",1,2025-04-20T14:22:25Z,2025-04-20T14:22:25Z
UgyA8cZZjSMKrChyaZ54AaABAg,,False,@Kayliahmery,Is so cute ❤❤❤,0,2025-04-18T19:05:19Z,2025-04-18T19:05:19Z
Ugx3-kqbI205Mvu-_l14AaABAg,,False,@Madelinealexa-n6k,"Bebe pan es muy tierno ,me muero por aplastarle sus mejillas a Han ❤",0,2025-04-17T12:16:53Z,2025-04-17T12:16:53Z
Ugwb-KV9lBYjLZkodoh4AaABAg,,False,@Hoods_707,Han is so cute bro this is why he is my bias :),3,2025-04-16T10:24:13Z,2025-04-16T10:24:13Z
Ugwf0a2MxToy7G-nQxJ4AaABAg,,False,@Aquiesaopaulorespeita,O que é isso rapaz???🤨,0,2025-04-15T15:42:27Z,2025-04-15T15:42:27Z
Ugx1f9eeuI3VHLakhx14AaABAg,,False,@okumak_mutluluktur,Soo cute ım die,0,2025-04-11T08:14:49Z,2025-04-11T08:14:49Z
Ugx_3Ug2UlqBfGjs1b54AaABAg,,False,@xMISS_LULUx,Baby bread & baby girl ❤️,0,2025-04-10T21:14:22Z,2025-04-10T21:14:22Z
UgxWNfWa_RQY8S5aRgt4AaABAg,,False,@MarinLisica-z5s,Han his face 🥰😂,0,2025-04-09T15:31:26Z,2025-04-09T15:31:26Z
UgyrBjn1afqtSvXTvdF4AaABAg,,False,@Jisoomipatrona-e1r,"Ilove you stray kids,han and I.N❤",0,2025-04-08T17:04:08Z,2025-04-08T17:04:08Z
Ugz4kEUKnNb5erBDqs94AaABAg,,False,@hinatauzumaki6655,Jg,0,2025-04-02T22:41:04Z,2025-04-02T22:41:04Z
Ugxfk0LwWOBEZ1gWzUd4AaABAg,,False,@justingrant1091,"Awwww so cute!  I love you guys so much, it’s the stuff like this that saves me in dark times.",0,2025-03-29T06:08:05Z,2025-03-29T06:08:05Z
Ugx1HMeVTz1hOPJpOrp4AaABAg,,False,@atonversionschanel9650,I.N is collaring Han's face😂,0,2025-03-27T04:50:20Z,2025-03-27T04:50:20Z
Ugw5XoD4eawDECUQURt4AaABAg,,False,@Miley-h9f,I.n looked so happy at the end and han just froze there and looked over ❤,0,2025-03-24T02:46:24Z,2025-03-24T02:46:39Z
Ugyc9bCJUucFZetRuAx4AaABAg,,False,@Hanjisung-d3w,I WANT TO DO THAT TOO!! Han is like soooooooooo cute and I.n is like so ✨️✨️✨️✨️✨️✨️✨️✨️✨️✨️✨️✨️✨️✨️✨️✨️✨️✨️✨️✨️✨️✨️✨️ They are so handsome ❤❤❤❤❤❤❤❤,0,2025-03-23T20:42:23Z,2025-03-23T20:42:23Z
UgxivuuTwYQdvhSUQP54AaABAg,,False,@InnieFan,I.n is so cute 😍,1,2025-03-23T08:47:17Z,2025-03-23T08:47:17Z
Ugx8lvSxf3-km8Jbxbt4AaABAg,,False,@Luvvvdiamondss,SO CUTEEE 💗💗😍😍,0,2025-03-22T07:17:59Z,2025-03-22T07:17:59Z
Ugwl9s5f7ynWQZLtNeR4AaABAg,,False,@ElaLi-rw6ms,🤏🤏🤏🤏,0,2025-03-21T22:34:25Z,2025-03-21T22:34:25Z
UgxLS0CLKtBE1Wy1t654AaABAg,,False,@LUV_EEE,SO CUTE😭,1,2025-03-20T23:33:33Z,2025-03-20T23:33:33Z
UgzRdmbu8VxHwykwPe14AaABAg,,False,@MuattarJorayeva-f9w,Kim handsome Jisung beautiful,0,2025-03-20T14:53:54Z,2025-03-20T14:53:54Z
UgxmQsl8m1vlrG82zrZ4AaABAg,,False,@LauraSofia-l3y,Love,0,2025-03-18T14:44:13Z,2025-03-18T14:44:13Z
UgyjL5aevHJwzo9l2xB4AaABAg,,False,@Tochiblox,😵😵😵❤️❤️❤️,0,2025-03-18T03:38:16Z,2025-03-18T03:38:16Z
UgxTUa5H0-LhayY7fRZ4AaABAg,,False,@1shoy,ايان حقق كل احلام الستاي 😂😂خدود هان😭😭🎀🇸🇦🎀,0,2025-03-17T17:45:54Z,2025-03-17T17:45:54Z
UgyooE0StfoH-iUYzQd4AaABAg,,False,@Kawiigirl-q7o,Hangin 😂😂😂,0,2025-03-16T15:35:08Z,2025-03-16T15:35:08Z
UgwR-m8T9JqSklylauR4AaABAg,,False,@Hanjisung9.14,Han~~~cute,0,2025-03-16T03:42:15Z,2025-03-16T03:42:15Z
UgzV8Chca606AWFIF9N4AaABAg,,False,@angelhechaime2597,😂😂,0,2025-03-16T02:56:15Z,2025-03-16T02:56:15Z
UgwnDxMMyPd7Tr0egSN4AaABAg,,False,@용뽀기-yb,나도 한 번 찔러 보고싶당..,1,2025-03-15T06:34:17Z,2025-03-15T06:34:17Z
UgyFshxx4ro56FqUENF4AaABAg,,False,@Stich-x7p,Alguem do brasil em 2025 ???,0,2025-03-14T16:49:15Z,2025-03-14T16:49:15Z
Ugx1Vgit86296-yBDYJ4AaABAg,,False,@FROGGY_PANCAKE1,HAN IS THE CUTEST PERSON EVER CUTER THAN A BABY AAAAAAAAA🐿🐿🐿🐿🐿🐿❤,3,2025-03-14T01:01:47Z,2025-03-14T01:02:11Z
UgxwUcoPv5m9J_YEZnR4AaABAg,,False,@AnnaMorsee,"Hans face 😗😗😗😗
Jeongin/I.n face 😐☺️😐☺️",0,2025-03-13T09:38:37Z,2025-03-13T09:38:37Z
UgwZgBkIvTZK7oYYKsV4AaABAg,,False,@rosalbasantos1932,😂😂😂😂❤❤❤❤❤❤,0,2025-03-04T02:47:34Z,2025-03-04T02:47:34Z
Ugx5NHLU8Gv5_K6CO2F4AaABAg,,False,@Lolabunny08910,I would die to touch his cheeks,0,2025-03-03T01:34:56Z,2025-03-03T01:34:56Z
Ugx9UzPlOFYXiqmFK894AaABAg,,False,@millygriffiths,I love u guys so much because you guys are so funny,0,2025-03-02T16:58:07Z,2025-03-02T16:58:07Z
UgyI2hw3LiJTPgf4aMx4AaABAg,,False,@Sanghoonxx107,Aww they're are so adorable!!🩵💗,0,2025-03-02T15:08:29Z,2025-03-02T15:08:29Z
UgzaZbn-1XiiyQcoFo14AaABAg,,False,@KarlaRenataLópez,네 남자친구 리노가 펠릭스랑 바람피는 걸 봤어. 내 위에 나타났어. 뭔가 해. 그렇게 있지 마.,0,2025-03-01T15:08:46Z,2025-03-01T15:08:46Z
UgyCv3w6syf9KWuW0z94AaABAg,,False,@hudaobaid8337,Han❤❤,0,2025-02-28T23:58:19Z,2025-02-28T23:58:19Z
UgyqEliLlVP2Cf1nOu54AaABAg,,False,@RamonDomínguez-i2s,cute face♡♡,0,2025-02-28T16:22:26Z,2025-02-28T16:22:26Z
UgwJ4uaAkKlneM7-nNV4AaABAg,,False,@maridadosminsungin,So cutieee ❤😊,0,2025-02-25T17:56:04Z,2025-02-25T17:56:04Z
UgwVc0VVTXjta_h8Cqt4AaABAg,,False,@이채은-r1r6e,넘후 기엽따...❤,0,2025-02-20T10:10:24Z,2025-02-20T10:10:24Z
Ugwh0L4fj9LMnmTXQ0R4AaABAg,,False,@SKZStayForever-Ot8,Han looks so done I can't 🤣🤣,0,2025-02-19T20:20:55Z,2025-02-19T20:20:55Z
UgzmfFTkc4js3rb_X614AaABAg,,False,@StRaYkIdS_STAY_37115,Han looks so confused😂,0,2025-02-17T14:50:43Z,2025-02-17T14:50:43Z
UgwOIPl_0CTrS4Xe6b54AaABAg,,False,@한_Stay,Mi sueño😭,0,2025-02-16T00:24:59Z,2025-02-16T00:24:59Z
UgzBKVa461oWHLx7NuF4AaABAg,,False,@橋本加織,ぷにツンカワイイ💖,0,2025-02-12T09:44:42Z,2025-02-12T09:44:42Z
UgxrXIZgtEdFTV5hu3B4AaABAg,,False,@BangChanseyelashes,Squish squish ❤😂,0,2025-02-09T13:27:34Z,2025-02-09T13:27:34Z
UgzCCqI9u1jkGcRP8pJ4AaABAg,,False,@sofihernandez321,Han is so cute❤,0,2025-02-06T22:44:51Z,2025-02-06T22:44:51Z
Ugy0R5a9hTeZfj6y3uN4AaABAg,,False,@karynegarcia7399,Que fofuraaaaa❤️,0,2025-02-06T06:56:04Z,2025-02-06T06:56:04Z
UgyrXnashxppQMr3Ulh4AaABAg,,False,@AsyaYalçın-q2d,I ♥️ I N,0,2025-02-02T10:52:09Z,2025-02-02T10:52:09Z
UgyqpynynGVgnd2ZvmB4AaABAg,,False,@ChonkySealVR,HAN'S HAT 😭😭😭😮😮 their so cute together,0,2025-01-31T22:54:53Z,2025-01-31T22:54:53Z
Ugx1n5WfcJ086edOopV4AaABAg,,False,@EsilaaAydınn,SQUIRREL'S CHEEKS ARE PERFECT,2,2025-01-31T20:14:47Z,2025-01-31T20:14:47Z
UgwvHenD4yPPTqKbozx4AaABAg,,False,@Eyshilamonsao,Meu marido buchechudo ❤💍,0,2025-01-31T16:21:47Z,2025-01-31T16:21:47Z
UgwUlSS82_g9kS92u114AaABAg,,False,@cleubarroso5843,❤❤❤❤❤🥰🥰🥰,0,2025-01-31T03:28:24Z,2025-01-31T03:28:24Z
UgwIMyKBX0ehXfj54V94AaABAg,,False,@nenqinglin4887,OMG IM OBSESSED WITH HAN AND I.N THEY R SO CUTEEEE😭😭😭❤️❤️❤️❤️,0,2025-01-30T21:45:31Z,2025-01-30T21:45:31Z
Ugw5qrGQ6QflTp96vCB4AaABAg,,False,@lydiapar7022,Ahhh my heart ❤❤❤❤,0,2025-01-30T08:40:43Z,2025-01-30T08:40:43Z
UgyWPHLizhXsKUAnRcZ4AaABAg,,False,@erdenerakan4950,Han so cute,0,2025-01-29T16:06:53Z,2025-01-29T16:06:53Z
UgyIrrJ9b3yqCAR2BXh4AaABAg,,False,@seungmininthebuilding_ayedomin,Q bellos ❤❤❤,1,2025-01-28T23:07:01Z,2025-01-28T23:07:01Z
UgyuLrcFlLMIamv391x4AaABAg,,False,@Natalia-i8u6i,Hans so cute,0,2025-01-27T21:12:18Z,2025-01-27T21:12:18Z
UgzKb9MVpUL5TWEH_gJ4AaABAg,,False,@Lizy_pookie,OMG they are so CUTE!!!!!!🥰 this made my day❤❤❤❤❤❤,1,2025-01-27T02:12:08Z,2025-01-27T02:12:08Z
Ugy2B8l3EULzMr1KgNR4AaABAg,,False,@strayquokkaa,I WANNA SQUISH IT TOO😫😫,0,2025-01-27T00:35:50Z,2025-01-27T00:35:50Z
Ugwj52b23-499V_QwJN4AaABAg,,False,@STAY-CLOSE-ZEROSE,Ha-ha-ha-ha-ha-ha-ha-ha-ha han I.N Very good and very cute and Han's cheeks look very cute I love you,0,2025-01-26T11:03:15Z,2025-01-26T11:03:15Z
Ugzov9jFJRGyxBUlsqR4AaABAg,,False,@버블-t4x,예들아 곧 보자,0,2025-01-25T04:52:38Z,2025-01-25T04:52:38Z
Ugxr1iifeS87pYG2QTB4AaABAg,,False,@enbykstaykanalıolmyaçalışıyor,I.N your face looks a lot like Moonbin,0,2025-01-23T15:28:31Z,2025-01-23T15:28:31Z
Ugy2etyLstNhuUuiTbV4AaABAg,,False,@vanilyalıcips_888,STAY AWAY FROM HAN HE IS ME,1,2025-01-23T06:53:18Z,2025-01-23T06:53:18Z
UgyCMFjUwOGFH2GLBiF4AaABAg,,False,@AHYUNNIE-d4h,"Han's cute expression and i.'n cute smile 
Is super cute 🥰",0,2025-01-23T02:24:31Z,2025-01-23T02:24:31Z
UgxsbVAiG79bjYQw8dd4AaABAg,,False,@Lee_felix_yongbok-y6y,Las mejillas de Han se ven super suaves💞😭,0,2025-01-20T20:14:31Z,2025-01-20T20:14:31Z
UgyUjvhU4UqXSfDB5vt4AaABAg,,False,@AmigoHamid-mm4gr,ضحكة ايان فالاخر😂❤,0,2025-01-20T11:08:42Z,2025-01-20T11:08:42Z
Ugw6IOqe8wCSmidKuuh4AaABAg,,False,@staysarestay,jisungun yanaklat tam sıkılmalık,0,2025-01-20T07:58:04Z,2025-01-20T07:58:04Z
UgymIa3cZQv_4XRifvp4AaABAg,,False,@MahdeShokaa,I.n save your self 😂😂😅❤❤🦊🦊,0,2025-01-18T13:56:19Z,2025-01-18T13:56:19Z
UgywDMAyvuVaBAwQJPZ4AaABAg,,False,@TabassumBaktiyarova-u1s,Haaaaan i love youuu❤❤❤❤,0,2025-01-10T08:57:41Z,2025-01-10T08:57:41Z
Ugwyj2eh77xqGf12oRl4AaABAg,,False,@heather2anthony,Soo adorable,0,2025-01-07T08:06:40Z,2025-01-07T08:06:40Z
Ugyln9_rkoRDKm2oFrh4AaABAg,,False,@Kssbagakqmlpkbebs,Han and i.n the cutest,0,2025-01-06T14:08:30Z,2025-01-06T14:08:30Z
Ugys5kgowFd3UPk1tZJ4AaABAg,,False,@KーPOP-a7,イエナ〜❤可愛いすぎますあなた❤❤❤❤❤❤❤❤❤❤❤ハンくんきっと嬉しいと思う❤❤❤,0,2025-01-06T00:36:36Z,2025-01-06T00:36:36Z
UgwOq719GrkHBiF6Xid4AaABAg,,False,@sourabhsingh5423,🥺🥺🥺🥺🥺🥺🥺,0,2025-01-05T20:19:34Z,2025-01-05T20:19:34Z
Ugzth6KwIE2_LtmWLId4AaABAg,,False,@Анастасия-метро,cddhfruedhudh,0,2025-01-05T13:19:49Z,2025-01-05T13:19:49Z
Ugy965iPOfpSJpTIe594AaABAg,,False,@FlagmapCreator,"Bangchan x Changbin = Bangbin
방찬 × 창빈 = 방빈

Lee Know x Félix = Lee Félix
리노 × 피릭스 = 이피릭스

Hyunjin x Seungmin = Seungjin
현진 × 승민 = 승진

Han x I.N (Jeongin) = Jeonghan
한 × 아이엔 (정인) = 정한

That formatted Stray Kids",0,2025-01-04T00:41:22Z,2025-01-04T00:41:22Z
Ugzj0ClLLFHfhz2Ykkd4AaABAg,,False,@hajnalkatopos1060,i.n is so cute,0,2025-01-03T04:29:47Z,2025-01-03T04:29:47Z
Ugwtwo6myG8ZQ_JP2fF4AaABAg,,False,@yoyoyolix,ボッポズかわいい🩷,0,2025-01-02T16:29:30Z,2025-01-02T16:29:30Z
UgydYB1LwHJ0P_Wa0_h4AaABAg,,False,@reemabdulkarrim3496,HAN IS SO CUTE,0,2024-12-31T11:29:15Z,2024-12-31T11:29:15Z
UgwO5eNJB3CeHYZlMFV4AaABAg,,False,@DarkstrifeQueen-v8v,They’re so cute,0,2024-12-28T02:13:01Z,2024-12-28T02:13:01Z
UgxmSUhM-NA9_Wkd8ZR4AaABAg,,False,@علیعبداللهی-د4س,نانازا,0,2024-12-22T09:37:41Z,2024-12-22T09:37:41Z
UgweHRBVTXAhEossNVB4AaABAg,,False,@WanitaNick,Aaaaahhhhh SO CUTE 😭,0,2024-12-21T18:51:07Z,2024-12-21T18:51:07Z
UgxG6fd2oaQrrfZZIF94AaABAg,,False,@bernardinadelacruzhernande2969,Que lindo de gesto para Han 🐿,0,2024-12-21T04:54:01Z,2024-12-21T04:54:01Z
UgyRhm0hm65UimedSMd4AaABAg,,False,@neznam-xx,Baby bread and Quokka fits eachother's cuteness...,0,2024-12-20T12:27:34Z,2024-12-20T12:27:38Z
Ugx0t7PpuCbNDnLS05J4AaABAg,,False,@mynameisevye,Soo cute.,1,2024-12-19T16:39:50Z,2024-12-19T16:39:50Z
Ugxkg_Y3X3D1jl1pCD54AaABAg,,False,@hyunjinni_1970,Jeongin smiled so cute,0,2024-12-19T09:50:07Z,2024-12-19T09:50:07Z
UgzX60zTnCu9L6YJ0sZ4AaABAg,,False,@علیعبداللهی-د4س,Haaaaaan😢😢😢❤I.N❤❤❤😢😢😢😢😢😢,0,2024-12-18T10:26:17Z,2024-12-18T10:26:17Z
Ugxy6azx5zamaICwU5N4AaABAg,,False,@Lee_felbok,Uvik uvik vik vik MAMSKSLSKSKDJDKDJD,1,2024-12-17T16:56:48Z,2024-12-17T16:56:48Z
Ugy_aY2ua_cxt6KpkdB4AaABAg,,False,@Jisungs._.Quokka,Jeekies :D,0,2024-12-16T08:14:50Z,2024-12-16T08:14:50Z
UgzZDvBcksIAsWwFGRl4AaABAg,,False,@manuelzambrano7700,Han es un pan dulce ❤,0,2024-12-15T02:46:37Z,2024-12-15T02:46:37Z
UgzbRI970nvd5Ub-KDZ4AaABAg,,False,@Binniewqq1999,Yeriimmm,0,2024-12-14T08:24:14Z,2024-12-14T08:24:14Z
Ugw8D_Xg-who3HQL6dR4AaABAg,,False,@Sparkle_874,Han I-l really love you marry me😭🙏🏻,1,2024-12-13T15:45:07Z,2024-12-13T15:45:07Z
Ugw8D_Xg-who3HQL6dR4AaABAg.AC-2LkwZAMIAC-2OlEhzlJ,Ugw8D_Xg-who3HQL6dR4AaABAg,True,@Sparkle_874,Ik y’all are gonna attack me so it was a dare💀,1,2024-12-13T15:45:32Z,2024-12-13T15:45:32Z
Ugw8D_Xg-who3HQL6dR4AaABAg.AC-2LkwZAMIAC-2fXCJGdj,Ugw8D_Xg-who3HQL6dR4AaABAg,True,@BTS_Yoonie7,Ahmmm i said k tuber 👽 ​@@Sparkle_874,0,2024-12-13T15:47:57Z,2024-12-13T15:47:57Z
UgzGFeKcmPBShrZqQzx4AaABAg,,False,@IZZABTSskzoo,"Hannn's pretty face, her cheeks, oh no, I'm dying 😭🥹",0,2024-12-13T07:02:50Z,2024-12-13T07:02:50Z
UgwPWhVTFprcxQAXyqZ4AaABAg,,False,@Fresinqu-3,Han cheeks🤏🏻🥺,0,2024-12-12T17:16:01Z,2024-12-12T17:16:01Z
UgxRmzlOCS-IrE_r3fp4AaABAg,,False,@Gabyhstarilove,Fofos ❤ cute cute 😊❤❤❤❤,0,2024-12-12T01:30:30Z,2024-12-12T01:30:30Z
Ugysoo5Kjk-Kgu7YZj94AaABAg,,False,@Diamond2123-k2l,I just had this meeme in my head lol!😂,0,2024-12-09T01:27:39Z,2024-12-09T01:27:39Z
Ugz-XYEtN_67gGvZmOp4AaABAg,,False,@ohhh-mayz,No reaction 😂😂😂😂😂😅😅,0,2024-12-08T10:17:59Z,2024-12-08T10:17:59Z
UgxfKoRbk_mt28JTi4J4AaABAg,,False,@ruamamartins4299,Han is mine,0,2024-12-07T13:23:48Z,2024-12-07T13:23:48Z
UgwVURRogIOfzJp7EEl4AaABAg,,False,@ruamamartins4299,Stooooop,0,2024-12-07T13:23:39Z,2024-12-07T13:23:39Z
Ugxzyfv4a-YB-t5_Y6B4AaABAg,,False,@Skz_JYpappi,Han can fit every STAY in his mouth ❤,0,2024-12-05T14:08:34Z,2024-12-05T14:08:34Z
UgxHDwc9q0_k0XV8nwp4AaABAg,,False,@Hanjisungungiydiğiatmaskesi,HAN JİSUNG<33 I LOVE YOU,1,2024-12-05T09:33:20Z,2024-12-05T09:33:38Z
UgxXrHqs-sOptGxvss54AaABAg,,False,@wanesa.menezes5828,Han love,0,2024-12-05T01:09:06Z,2024-12-05T01:09:06Z
UgxjmNXA6CMk-7jzUT54AaABAg,,False,@LuisMedina-s1o,"한은 정말 귀여워요 
그리고 꽤 귀여워 
사랑해요 스트레이 키즈",0,2024-12-04T23:07:54Z,2024-12-04T23:07:54Z
Ugwq9qgcTCGjcl58oq14AaABAg,,False,@RoseCose-hr2xp,Han so cute Han my LOVE ❤❤,0,2024-12-04T20:15:53Z,2024-12-04T20:15:53Z
Ugyt_kQrvabIXhP0PgR4AaABAg,,False,@戸川雅貴,ハン君大好き💓♥️❤️,0,2024-12-04T10:28:17Z,2024-12-04T10:28:17Z
Ugxel0BHaH8iHRjk1jN4AaABAg,,False,@AinaKokperieva,So cuuuute ❤❤❤❤,0,2024-12-04T04:59:16Z,2024-12-04T04:59:16Z
UgzV-nh4QgMOAEhOtoJ4AaABAg,,False,@Nayeon_twice-fan1,❤,0,2024-12-03T23:43:20Z,2024-12-03T23:43:20Z
UgxkZwtrW1dOwskDOBB4AaABAg,,False,@Moonlxght2367,ASMR with Han be like:,0,2024-12-02T05:00:04Z,2024-12-02T05:00:04Z
Ugx-FopqQ5Q1uRM9xDZ4AaABAg,,False,@Theleardermylife,I.N and Han perfect,0,2024-12-02T03:18:51Z,2024-12-02T03:18:51Z
UgzeyRjI0HXLFwo9WVt4AaABAg,,False,@순두부-14,잘생긴 사람 둘❤❤,0,2024-12-01T13:10:46Z,2024-12-01T13:10:46Z
UgzZiCi26c-_YbpfJ654AaABAg,,False,@T0K1D0K1LUV3R,WHY DID THEY MAKE IT SO CUTE,0,2024-12-01T02:41:38Z,2024-12-01T02:41:38Z
UgzBBG-Cu71QlLqPKzp4AaABAg,,False,@ElizabethAlvarado-h6w,Han ilove forever❤🐿️,0,2024-12-01T01:32:40Z,2024-12-01T01:32:40Z
Ugw7oOmNbf_DGbOfpuF4AaABAg,,False,@abelbustos9401,Han be like,0,2024-12-01T00:56:11Z,2024-12-01T00:56:11Z
UgzpI5VC96qreoz-m7d4AaABAg,,False,@EEAMTT,I.NNN Why so cuteee,0,2024-11-30T12:24:31Z,2024-11-30T12:24:31Z
UgzopssEKCKPu82UKHV4AaABAg,,False,@daisy15415,WHY IS I.N HANDS SO MAJESTIC😭,0,2024-11-29T07:58:45Z,2024-11-29T07:58:45Z
UgzKx4XUq-UX-6pIiW94AaABAg,,False,@bettyleek,Hans so cute lol,0,2024-11-28T18:15:52Z,2024-11-28T18:15:52Z
UgwQtrMxDKAnnb5mxPd4AaABAg,,False,@leighherborn3674,NO WHY IS IT SO CUTE PLEASE SAVE MEFROM THIS CUTENESS!!!!🐿️🦊🐕🦊🐿️🦊🐿️🦊❤❤❤,0,2024-11-28T12:56:33Z,2024-11-28T12:56:33Z
UgzleJx51GragRVX-JN4AaABAg,,False,@shannanopia90,Hans face is so cute with his chubby cheeks and I.n face at the end who doesn’t love this duo❤,0,2024-11-28T11:12:18Z,2024-11-28T11:12:18Z
Ugxr_0sgwwm9qzFlfdJ4AaABAg,,False,@krewkkie,HELP THE SOUND SOUNDS LIKE FRYING BBOKARI,0,2024-11-28T06:59:50Z,2024-11-28T06:59:50Z
Ugy63GWbLgl9n29HaCd4AaABAg,,False,@4578Leen_Straykids,Han looks like a baby 🤣😍 I.N is having fun❤😂❤😂,0,2024-11-27T07:44:00Z,2024-11-27T07:44:00Z
UgzIEo8iv7y-AJX6L8B4AaABAg,,False,@Stay-j-s1g,너무나 아름다워요,0,2024-11-26T22:41:30Z,2024-11-26T22:41:30Z
Ugy6_2_UVEovuF60jUp4AaABAg,,False,@Realstay_leeknow,Yaaa hannie sen bir sincapsınnn,0,2024-11-26T12:52:56Z,2024-11-26T12:52:56Z
Ugy2FsQDXy-ueoFuczZ4AaABAg,,False,@Realstay_leeknow,Maknae mizin son da ki gülüşü = Tüm Dünya,0,2024-11-26T12:52:42Z,2024-11-26T12:52:42Z
Ugxr--Iy3fkZjplbhLB4AaABAg,,False,@evelyncristinapereira8720,Que lindos ❤❤❤❤❤❤,1,2024-11-25T17:28:13Z,2024-11-25T17:28:13Z
UgzyqNBMxWnezVSScRd4AaABAg,,False,@سونغمين_لي_وبس,😶‍🌫️🫶😭,0,2024-11-25T13:04:18Z,2024-11-25T13:04:18Z
UgziB97s9klCD3CRSb54AaABAg,,False,@Lee_m1998,QUE FOFOSSSSS 🤍🤍,0,2024-11-25T05:09:39Z,2024-11-25T05:09:39Z
UgxCjFdv0jLB_LcgETp4AaABAg,,False,@NotiMata,emnupo,0,2024-11-24T21:55:08Z,2024-11-24T21:55:08Z
UgwCpPVphIBIYZQCcud4AaABAg,,False,@mh6_vlog55,그의 볼에는 귀여움이 가득하다 😭😭😭😭😭💝💝💝💗🎀🎀⭐,0,2024-11-24T11:54:05Z,2024-11-24T11:54:05Z
UgyPiG96eUdYGfLdgJ54AaABAg,,False,@مريمرعد-غ2س,😊😊He is so cute,0,2024-11-23T17:38:58Z,2024-11-23T17:38:58Z
UgxJjoa6dUHV62e3j694AaABAg,,False,@장학수-i1g,"나도 눌러봐두돼?
지성아?",0,2024-11-23T14:15:59Z,2024-11-23T14:15:59Z
UgzrvrVtTF_lxjrtMDZ4AaABAg,,False,@እሙዩቱብ-ሸ1ጰ,❤❤❤❤,0,2024-11-23T00:15:40Z,2024-11-23T00:15:40Z
UgyD7_N4Elp6PTckGm14AaABAg,,False,@Engene-skzie,Aww❤,1,2024-11-22T20:53:47Z,2024-11-22T20:53:47Z
UgwfDEGr7rgqWb0Jidx4AaABAg,,False,@Valejuegaa,HAN😭😭😭🐿️🐿️,0,2024-11-22T17:27:17Z,2024-11-22T17:27:17Z
UgwnZyHvXg_KHDxp4zd4AaABAg,,False,@wavetoheeseung,I wanted minsung😔😔,0,2024-11-21T21:53:11Z,2024-11-21T21:53:11Z
Ugx0iXaqlnWwb6toCsx4AaABAg,,False,@Jisung_ie,Han is very cute❤,0,2024-11-21T19:21:17Z,2024-11-21T19:21:17Z
UgzmnfFL6QcRcwx3Mqx4AaABAg,,False,@Markiza_,"По-видимому, э о кулинарная реклаиа",0,2024-11-21T12:00:00Z,2024-11-21T12:00:00Z
Ugy6qWnmywPVfdCpn1p4AaABAg,,False,@little_miku14,Why Han is so beautiful??❤❤❤❤,1,2024-11-20T19:52:51Z,2024-11-20T19:52:51Z
Ugzo0tEHQ-S5XLQGN2R4AaABAg,,False,@Itztoca_CrystalYT,When in pulls han checks look likes mochi😭🙏🙏,0,2024-11-20T12:14:30Z,2024-11-20T12:14:30Z
Ugxp2WXJl2resnkD1QR4AaABAg,,False,@Bananaboatfelix4321,That’s the sound of I.N getting air fried (R.I.P I.N),0,2024-11-20T01:26:59Z,2024-11-20T01:26:59Z
Ugy3X_cr_hQEebzL5KZ4AaABAg,,False,@RomuloSousa-c8j,😊😊😊,0,2024-11-20T01:16:27Z,2024-11-20T01:16:27Z
UgzDPT9J0ZrrFk4Dvip4AaABAg,,False,@alenamazankova3650,"Hannn,i love han becouse  stray kids are best k-pop in worlddd🥳💐🍾😍👌",0,2024-11-19T08:53:15Z,2024-11-19T08:53:15Z
UgyzgsrkYyTr7mfxivZ4AaABAg,,False,@Oscar-zl6mt,This is so cringe but cute,0,2024-11-19T00:15:13Z,2024-11-19T00:15:13Z
Ugw5wGGsSob36gRB_hZ4AaABAg,,False,@Fanedits_K,Han 🫶,0,2024-11-18T13:12:14Z,2024-11-18T13:12:14Z
UgyY88k2RlZnIIeyD-F4AaABAg,,False,@Bbokarihasarrived,If you 100milions I'm one of them of you have one thats me if you have 0 I'm dead,0,2024-11-18T01:53:01Z,2024-11-18T01:53:01Z
UgzUEBbIv78-NhRo1Nt4AaABAg,,False,@CathleenRoyals,I luv them,0,2024-11-17T20:23:59Z,2024-11-17T20:23:59Z
UgwDf-ms4TBZhBLZUv54AaABAg,,False,@skzeditroom14,His cheeks and I.Ns smile,0,2024-11-17T07:46:37Z,2024-11-17T07:46:37Z
Ugz54adYU06p7pid4Jt4AaABAg,,False,@morganamendesinn4201,cuteness ❤,0,2024-11-17T07:19:58Z,2024-11-17T07:19:58Z
UgxfAe5amwUqNPwp5KF4AaABAg,,False,@АртемийПанарамийский,❤🧡💛💚🩵💙💜🩷😢🫶,0,2024-11-17T05:01:06Z,2024-11-17T05:01:06Z
UgxZ4VpHVDhrowrAbjB4AaABAg,,False,@Gabrielle-in4zm,😀🥹,0,2024-11-16T23:29:55Z,2024-11-16T23:29:55Z
UgwY2hmnqlSM6Qx_M6N4AaABAg,,False,@Anime-SkzStAy,Han’s face is so cute,0,2024-11-16T20:34:07Z,2024-11-16T20:34:07Z
UgzhhX9nMQwwISk3i8J4AaABAg,,False,@HibbahKhan-kc6vi,Han is soooooo chuueebbyy and  cauute,0,2024-11-16T18:34:01Z,2024-11-16T18:34:01Z
Ugwo-bFUmCx-EzbkvCN4AaABAg,,False,@Rose_vibes-d3n,Han is looking like what are you doing,0,2024-11-16T16:19:52Z,2024-11-16T16:19:52Z
UgyFpb_qY8W0QwYB4M14AaABAg,,False,@tanvipatel3246,OMG I want to pinch his cheeks 😭😭😭😭😭😭😭 he is so cuteeeeeeeeeee,1,2024-11-16T16:16:21Z,2024-11-16T16:16:21Z
Ugx-90qy5HN8Huf0E9h4AaABAg,,False,@bellenk-no8582,The way Han looks it’s just so CUTEEE😊😊❤❤,0,2024-11-16T15:36:38Z,2024-11-16T15:36:38Z
UgwiiJNBeqhCYma1IOJ4AaABAg,,False,@Hümeyra-şahin,지성: 진지함을 유지하는 게 정말 중요해요 스키스크츠크츠❤😂,1,2024-11-16T14:41:41Z,2024-11-16T14:41:41Z
UgwtI51yT_7x-C-VOt54AaABAg,,False,@Tukijohabelonskzoo,Que bonitos 😍,0,2024-11-16T02:16:07Z,2024-11-16T02:16:07Z
Ugw1AJvzts0OFTcYwFp4AaABAg,,False,@LaisMoura-fz8gm,Que fofos 🥰🥰🤗🤗,0,2024-11-15T17:04:26Z,2024-11-15T17:04:26Z
UgxKDzgmTFY9Zz3-Ypd4AaABAg,,False,@prabhwander,This is soo precious !🩷🫶🏻🥹🤌🏻,3,2024-11-15T16:10:01Z,2024-11-15T16:10:01Z
UgyWFzC7kCZqF7LktVd4AaABAg,,False,@오랑이는1살,"쿼카 볼살 뭔데?
개귀엽노ㅋㅋㅋ",0,2024-11-15T11:16:24Z,2024-11-15T11:16:24Z
Ugw9aPxDKt9zE1SvvaN4AaABAg,,False,@kirstenobrien7187,……………😳😳😳😳😳 I’m just going to keep it quiet.,1,2024-11-15T09:19:02Z,2024-11-15T09:19:02Z
UgzLNYBL4RIFLX2z4v14AaABAg,,False,@lauracardozo3894,"WHY HAN, WHY YOU DO THAT?? WHY DO YOU ABANDONESD LEE KNOW?? 😭🤧🤧",0,2024-11-14T23:19:24Z,2024-11-14T23:19:24Z
UgxF7x37iuelnqxuW6t4AaABAg,,False,@Hann_Editx,안녕하세요. 저는 Zümra입니다. 저는 귀하와 Han의 가장 큰 팬입니다. 제 메시지에 답장해 주세요. Han을 매우 만나고 싶습니다.,0,2024-11-13T23:53:26Z,2024-11-13T23:53:26Z
UgxdrF8brWlVOsPzSJJ4AaABAg,,False,@IldetyRaice,"Eu não paro de ver o vídeo, o rosto fofo do Han me deixa louca",0,2024-11-13T19:45:38Z,2024-11-13T19:45:38Z
UgxzuXifv0gdtMmKuPN4AaABAg,,False,@AbigailCurtis-x1q,This is adorable!!! ❤❤❤❤,0,2024-11-13T13:05:38Z,2024-11-13T13:05:38Z
UgxIaFRX0VoEd5c6IAB4AaABAg,,False,@LeeJackson-v9p,Han: this is fine😊,0,2024-11-12T22:27:05Z,2024-11-12T22:27:05Z
UgyyIvIWo9V8_dqwlyJ4AaABAg,,False,@Yasminstalbaum,Cute,0,2024-11-12T20:48:40Z,2024-11-12T20:48:40Z
UgzAjFOJDXC7owWp46J4AaABAg,,False,@moubhattacharya-samanwita756,Han is looking very  cute,0,2024-11-12T16:27:33Z,2024-11-12T16:27:33Z
UgzRl5UTNFtgiiCPbWV4AaABAg,,False,@mohanashivaprasad8514,Cute,0,2024-11-12T09:20:48Z,2024-11-12T09:20:48Z
UgykpgSx7c5_Ao64lnF4AaABAg,,False,@marilisalasca2333,Awwwwww hannnn,0,2024-11-12T01:11:33Z,2024-11-12T01:11:33Z
Ugyx73R69EY1WhJU3oZ4AaABAg,,False,@Capybara_eatws,🐰🐥🦊🐿,0,2024-11-11T14:59:09Z,2024-11-11T14:59:09Z
UgwqvbqYW6sNKiEKjal4AaABAg,,False,@hj08-r2v,우리 쿼카 말랑뽀짝하네요....🦫❤,0,2024-11-11T08:49:36Z,2024-11-11T08:50:29Z
UgyVCydsKuf2YLhlMgN4AaABAg,,False,@Viktoriya-ye6qc,❤❤❤❤😍😍😍,0,2024-11-11T06:41:16Z,2024-11-11T06:41:16Z
UgxfI89zhuOJFJGpgNF4AaABAg,,False,@SarahTsai-h5s,Smile,0,2024-11-11T04:13:00Z,2024-11-11T04:13:00Z
Ugz6c08fwZmJSsGTSf54AaABAg,,False,@Im.antitititifragile,Why is Lee knows air fryer on in the background?,1,2024-11-10T23:54:31Z,2024-11-10T23:54:31Z
UgzNT-KYFxKS_-dE43B4AaABAg,,False,@ЮлияЧикилева-п7я,드는 💗🎀🥰🤗,0,2024-11-10T18:56:18Z,2024-11-10T18:56:18Z
UgyHIQWZZ_IZwezlLmV4AaABAg,,False,@The_walking_zombie.2804,THIS SO CUUUUTEE^^,0,2024-11-10T14:29:33Z,2024-11-10T14:29:33Z
UgyD-grS8Rxhab80DqZ4AaABAg,,False,@Realstay_leeknow,IN - AHHH,0,2024-11-10T13:44:54Z,2024-11-10T13:44:54Z
UgzVI_pmfoSUSp4NtWF4AaABAg,,False,@SKZBEST_G-BG,Stay dreams,0,2024-11-10T09:17:36Z,2024-11-10T09:17:36Z
UgxEpCQ1f4bGNZ40_Xh4AaABAg,,False,@jinirettyt,L love you,1,2024-11-10T08:38:30Z,2024-11-10T08:38:30Z
UgwNE8BDhVvl7zwjjVB4AaABAg,,False,@Kafid370,Hans so cute face ❤😭,0,2024-11-10T07:08:50Z,2024-11-10T07:08:50Z
UgxuzC5KjVBaHv_t7TZ4AaABAg,,False,@지니레트,HAN'S CHEEK😭😭😭,0,2024-11-10T02:55:43Z,2024-11-10T02:55:43Z
Ugw9YZsLw-RS8vDaGRJ4AaABAg,,False,@rubyrodriguez6704,Aaáa amo I.N ❤❤❤❤❤❤❤❤😂❤❤,0,2024-11-09T22:00:49Z,2024-11-09T22:00:49Z
UgzS9jgVqp8CtjAPeTV4AaABAg,,False,@sarahwright6827,Han looks so fed up😂,0,2024-11-09T17:38:33Z,2024-11-09T17:38:33Z
UgzTmUcQJoInwr_v_4V4AaABAg,,False,@ofitecproyectos9476,Uuuuuuuuuu😻😻😻😻🫦,0,2024-11-09T12:56:15Z,2024-11-09T12:56:15Z
Ugx2fr7IvmrVa_AaYJ94AaABAg,,False,@Straykidsedits123,Han to cute❤❤한이 너무 귀엽다,0,2024-11-09T11:04:30Z,2024-11-09T11:04:30Z
UgzpPmOP2PzUKTpQqud4AaABAg,,False,@YesseniaGonzalez-ef7nu,❤❤love,0,2024-11-09T03:39:08Z,2024-11-09T03:39:08Z
UgzvYJfMmI5NcmKg9jR4AaABAg,,False,@nikenayu3657,😅,0,2024-11-08T22:00:48Z,2024-11-08T22:00:48Z
UgwlczQ7g3Nwa2SGVj54AaABAg,,False,@LtifIsmaylova,Çok tatlış,0,2024-11-08T20:32:03Z,2024-11-08T20:32:03Z
UgyVxfOS_pImMptuEOF4AaABAg,,False,@sofiaeloa6749,Han jisung:🥺🤗❤      Geongin:🤨💅,0,2024-11-08T00:28:04Z,2024-11-08T00:28:04Z
Ugz0QQCq_y3fqfHXTcx4AaABAg,,False,@Roses4.channie_X,JEONGIN ITS MY TURN PLSSSSSSSS,0,2024-11-07T03:15:32Z,2024-11-07T03:15:32Z
Ugx00qpVlDmA3v3y2qZ4AaABAg,,False,@Park_Chaehyeon,لپ واقعی رو حیسونگ داره ❤❤❤❤,0,2024-11-06T12:42:00Z,2024-11-06T12:42:00Z
UgyQKRqj_biSq9gIEp54AaABAg,,False,@Шахлошкавсети,So cute 😍 ❤,0,2024-11-06T12:35:37Z,2024-11-06T12:35:37Z
UgyDpawqoptS262ye8t4AaABAg,,False,@MediryCristelMartines,하하하 둘이 너무 예뻐요❤❤❤❤❤❤,0,2024-11-06T02:40:54Z,2024-11-06T02:40:54Z
UgziND9UTEYy0x_qk_N4AaABAg,,False,@RebeccaRichwine,😂😂😂😂😂😂😂😂😂,0,2024-11-05T15:36:35Z,2024-11-05T15:36:35Z
UgwpIeNYbyBm9-NDVrB4AaABAg,,False,@ManiacStaaafaniee,I.N THANK YOUUUUUUU SO MUCH FROM STAYS,0,2024-11-04T23:19:33Z,2024-11-04T23:19:33Z
UgyFRCYRoOSBcBUyODF4AaABAg,,False,@the._.skysoraa,THE WAY HANS CUTEEEE PIEEE FACE GOT ME CRYING AND DYING ✨😭🎀🎀🎀🧸🧸🧸🧸,0,2024-11-04T21:57:36Z,2024-11-04T21:57:36Z
Ugzw70168NCdCbHAtJt4AaABAg,,False,@Moura_cindy,🦫🦊 best friends 😊😁,0,2024-11-04T20:55:45Z,2024-11-04T20:55:45Z
UgzYCnEJIAxfxXCDX8J4AaABAg,,False,@saadrad9156,Aaaa it's so cute ❤❤❤,0,2024-11-04T18:29:13Z,2024-11-04T18:29:13Z
UgxeIWuKVMq_1p6khZt4AaABAg,,False,@AnisaBazarganipoor-s4m,Omg omg Hans reaction is adorabke,0,2024-11-04T18:22:26Z,2024-11-04T18:22:26Z
UgxQaR0_6r3MCk0HP6F4AaABAg,,False,@laramorais6091,Han cute face i love skz,0,2024-11-04T11:18:05Z,2024-11-04T11:18:05Z
UgwkiIeqMRf7BvmxymJ4AaABAg,,False,@Rebeca-4straykids143,THIS IS SAUR CUTE!🥰 ❤😊,1,2024-11-03T23:12:51Z,2024-11-03T23:12:51Z
Ugx_vcJXu3Fh7RqOimx4AaABAg,,False,@Rebeca-4straykids143,THIS IS SAUR CUTE!🥰 ❤😊,1,2024-11-03T23:12:45Z,2024-11-03T23:12:45Z
UgyDgnBVu0nYjbeVG914AaABAg,,False,@EmelyEmy-nt3wt,Oiii sou do brasil❤,0,2024-11-03T17:55:26Z,2024-11-03T17:55:26Z
UgwjQklVEub1Z_pbqal4AaABAg,,False,@LiaAdorjan,Omg ❤ so cute thats why i love Han,0,2024-11-03T17:47:17Z,2024-11-03T17:47:17Z
UgzdAB8dWtdpT8apt8R4AaABAg,,False,@HanJisungs_luv,Nah٫ now I wanna squish Hans checks😂❤,0,2024-11-03T17:39:37Z,2024-11-03T17:39:37Z
UgwKAYdJhhYIQF-fiyx4AaABAg,,False,@Bbokaris_Freckle,❤❤❤,0,2024-11-03T16:36:02Z,2024-11-03T16:36:02Z
UgwPlxQ3sMB1C3zy9dh4AaABAg,,False,@AndrewRexDG,😻😻,0,2024-11-03T16:27:28Z,2024-11-03T16:27:28Z
UgwAh0yZkht3m6f6yFJ4AaABAg,,False,@Skzfanloveee,Hanieeeeeeeeeeeeeeeeeeeee❤❤❤❤,0,2024-11-03T16:08:20Z,2024-11-03T16:08:20Z
UgzQDm6AK2GJ0WUNcJp4AaABAg,,False,@PinkTeddy._.IsBored,I can be a squirrel too. I easily put 20 chips in my mouth im KIRBAY,1,2024-11-03T15:05:10Z,2024-11-03T15:05:10Z
UgyJuet6EUm_hcXcd1h4AaABAg,,False,@andicaanchidin,So cute ❤,0,2024-11-03T12:04:33Z,2024-11-03T12:04:33Z
Ugw5j-x3bF0e_P5k0id4AaABAg,,False,@Cuts_catss,《🍞𝑰.𝑵 𝒐𝒏 𝒕𝒐𝒑🍞》🐥‧₊˚✩HAN‧₊˚✩ 🐥,1,2024-11-03T10:24:06Z,2024-11-03T10:24:06Z
Ugwm_niPn2d8a1RauIV4AaABAg,,False,@gundepuikalyani673,"I.N and HAN are so cute ❤❤
Love SKZ ❤❤❤❤❤❤❤❤😊",0,2024-11-03T07:02:30Z,2024-11-03T07:02:30Z
Ugwoajvylwi8j5Lt5El4AaABAg,,False,@КсенияФедосимова-э6о,❤❤❤,0,2024-11-03T04:22:44Z,2024-11-03T04:22:44Z
UgxlgS7ci7rn7LHMfc14AaABAg,,False,@Jinshihybelabels,"😂 so happy 😂
🦊🐿️",1,2024-11-03T01:52:58Z,2024-11-03T01:52:58Z
UgzoeBEN5zT4LAG_U914AaABAg,,False,@НинаКозлова-п2д,Ребёнок счастливый,0,2024-11-02T17:12:36Z,2024-11-02T17:12:36Z
UgxHZweWQ8WpYfCCKCd4AaABAg,,False,@Nanahana89067,Hehe Hans why poke your  cheeks is so cute Hans cheeks fired  vibes is given  me to die about  wait my name  is Hana just call me Hana so bye,0,2024-11-02T13:01:20Z,2024-11-02T13:01:20Z
UgzCtOPGxdAV2-CE83V4AaABAg,,False,@ЛаззатЖексенбекова,IN зделай так Сынмину❤,0,2024-11-02T11:41:53Z,2024-11-02T11:41:53Z
UgxjbP_3fPv-eeTiIm94AaABAg,,False,@нав_вивизка,хан: спасите...,0,2024-11-02T04:15:39Z,2024-11-02T04:15:39Z
UgyT-NouchVT8BZrbGl4AaABAg,,False,@AnnaLuiza-g8j,I.N and han cute ❤❤❤❤❤,0,2024-11-02T01:46:55Z,2024-11-02T01:46:55Z
Ugx3Z9CALjyhxhM9QmZ4AaABAg,,False,@marthalopez-torres1667,I want to do that tooooo,0,2024-11-01T15:06:49Z,2024-11-01T15:06:49Z
UgxB6Kzfc0fHt8rGHNt4AaABAg,,False,@7رونالدو,يالبتني هان بس💋,0,2024-11-01T13:55:17Z,2024-11-01T13:55:17Z
Ugw5qlCYmc1DV_ZaRsB4AaABAg,,False,@Chan_hayatım_olmuş_Railway,Jeongin hayallerimizi gerçekleştirdi❤,0,2024-11-01T10:16:56Z,2024-11-01T10:16:56Z
UgxvgV2ThR0zEphl3d94AaABAg,,False,@쌈뽕한_김망고,한지성이 내 맘을 녹인ㄷㅏ..,0,2024-11-01T09:23:01Z,2024-11-01T09:23:01Z
UgxFCeG6zCZtA99f_TV4AaABAg,,False,@Vanda_Kpop,"Is it the Animal crosing sound effects?😂
OMG HAN IS SOOOOOOOOO CUUUTEEE!",0,2024-11-01T09:04:11Z,2024-11-01T09:04:11Z
UgxcXwmb50d4NuvSX2V4AaABAg,,False,@skznimm,HAN'S CUTE FACE I CAN'T-😭,0,2024-11-01T08:48:36Z,2024-11-01T08:48:36Z
UgxoqdmbRAcUhycwykp4AaABAg,,False,@YasminKetlyn-s2z,🥰🥰💕,0,2024-10-31T20:38:38Z,2024-10-31T20:38:38Z
UgzrCSV1q7sPYqGNmC94AaABAg,,False,@Yeoweatz,Please squeeze my cheek like that too 😻🤏,0,2024-10-31T15:30:37Z,2024-10-31T15:30:37Z
UgzdDc6-6qQ_KbSEh9N4AaABAg,,False,@jisong991,maknae having fun,0,2024-10-31T07:27:26Z,2024-10-31T07:27:26Z
Ugxd5KOHEQYtJL92MD14AaABAg,,False,@starlightxskz,when i clicked on it i was like whats going on???,1,2024-10-30T21:33:59Z,2024-10-30T21:33:59Z
Ugxa9ibVrxQM5BrpoAN4AaABAg,,False,@willymusitu1741,So cute😊,0,2024-10-30T19:52:10Z,2024-10-30T19:52:10Z
UgwL8ilOfe_EZlnD5WB4AaABAg,,False,@Magg12345,😂❤❤😅😅 in and han fanny cute good and cool,0,2024-10-30T19:31:52Z,2024-10-30T19:31:52Z
Ugx1xj0zucGbLazmJ_Z4AaABAg,,False,@nursyaidatuleryssa,"윽, 이 암팡 소년은 얼마나 귀여운지 🥲❤",0,2024-10-30T19:00:47Z,2024-10-30T19:00:47Z
UgwEFAXTEm-Aplyc8fF4AaABAg,,False,@Kaylastraykids-u3b,"🤣🤣🤣😍🤌🏻🤌🏻
Han trop Kawaaaiiiiiiii",1,2024-10-30T14:48:53Z,2024-10-30T14:48:53Z
UgwDgMKbVMFmilcm_kV4AaABAg,,False,@HHHFKS,분홍 볼 🍥🥟,0,2024-10-30T12:57:45Z,2024-10-30T12:57:45Z
UgydE40SfCExlp_Gf5R4AaABAg,,False,@Hyunj1nwqpx,Allahımmm şu tatlılığa bakkk yiycemmmm🎀🎀😻🫀,0,2024-10-30T11:16:37Z,2024-10-30T11:16:37Z
Ugy6Of-M8cN8qYIePa94AaABAg,,False,@semonaazeez6535,I am a fox jeongin❤❤,0,2024-10-30T01:19:17Z,2024-10-30T01:19:31Z
UgwbsQ1FEIS9CPZsvGR4AaABAg,,False,@stephaniegriffin9148,I call dibs on han jisung and the others😮😮😮😮😮,0,2024-10-29T22:37:46Z,2024-10-29T22:37:46Z
UgxYDA4mYxETOa2WdOx4AaABAg,,False,@Оксана-ж7у7ж,aaa this is very cute❤. Han why are you so cute?😢❤❤,0,2024-10-29T21:05:17Z,2024-10-29T21:05:17Z
UgzDeFVrPkkr6enfXSp4AaABAg,,False,@new6a965,Зачем скз похищают сердца девушек..😍🤤😭😭😭💞💋,0,2024-10-29T20:16:31Z,2024-10-29T20:16:31Z
UgzFYetT7sxCLELqAx54AaABAg,,False,@paigematthiae9051,Hahaha why is han so  cute ❤❤,3,2024-10-29T18:21:32Z,2024-10-29T18:21:32Z
UgzWyu1tn1-aLSUD_Y14AaABAg,,False,@Style-w5l,군대 양배추,0,2024-10-29T16:44:37Z,2024-10-29T16:44:37Z
UgyBz2W3UTxrEHa2wvp4AaABAg,,False,@stanehnasunoo,Jeongin my love ❤❤❤,1,2024-10-29T16:18:31Z,2024-10-29T16:18:31Z
UgxlG7y1oBuzVkZXhfR4AaABAg,,False,@Parksumina,💘💘💘,0,2024-10-29T15:30:51Z,2024-10-29T15:30:51Z
UgwDqL2uq4Q_798R19h4AaABAg,,False,@Pink_bobacat,Awww so cute fox and squirrel,0,2024-10-28T21:46:32Z,2024-10-28T21:46:32Z
UgwNUT3EyVNpdX9so0l4AaABAg,,False,@ЛиИсм,"У Джисона кажется вся жизнь перед глазами пролетела. А его взгляд  говорит сам за себя 😅

Jisung feels like his whole life flashed before his eyes. And his gaze speaks for itself 😅",0,2024-10-28T18:56:45Z,2024-10-28T18:56:45Z
UgwdfN8nePxzdNVTUxx4AaABAg,,False,@MeryemKaplan-m6g,So cute,0,2024-10-28T09:43:38Z,2024-10-28T09:43:38Z
UgzQ2mVKCBpDC2sPPYh4AaABAg,,False,@anasophia2959,❤❤,1,2024-10-28T00:32:26Z,2024-10-28T00:32:26Z
UgwsaB3lkajUEv2HAxJ4AaABAg,,False,@tatianashadrina6750,Chuby like acute baby,0,2024-10-27T22:16:16Z,2024-10-27T22:16:16Z
UgzMrBsDy1aqa8Ss-PZ4AaABAg,,False,@Hyunshoodee,Cute Han standing like a quokka ❤😊.. I.n cute fox ❤🎉,6,2024-10-27T18:59:55Z,2024-10-27T18:59:55Z
UgxA0BH2Y0CmFGN5oNR4AaABAg,,False,@i.2.n.8.8.8,"I,N you, my sister's husband",0,2024-10-27T13:05:31Z,2024-10-27T13:05:31Z
Ugz6o59RoxHZ1xTEyPR4AaABAg,,False,@vivianeschroeder9384,i.n Han love,0,2024-10-27T03:00:18Z,2024-10-27T03:00:18Z
UgwhVWkNa8W7a_xF1R94AaABAg,,False,@xoxodaysie,Han looks so confused! He’s like a squirrel that lost his nuts! 😂❤,0,2024-10-26T13:21:09Z,2024-10-26T13:21:09Z
Ugy5mCQiBPc51-x9lqR4AaABAg,,False,@Demonslayer_fan2,YESTERDAY WAS LEE KNOW'S BIRTHDAY!❤️‍🩹 HAPPY BIRTHDAY MY LEE KNOW! ❤️‍🩹🤍,0,2024-10-26T10:47:11Z,2024-10-26T10:47:11Z
UgxFKJaymaTkjPbxfAV4AaABAg,,False,@annahaponiuk7799,Hannie hyung is sooooooooo cute and adorable and lovely💚💚💚💚💚💚💚💚💚💚💚💚💚💚💚💚💚💚💚💚💚💚💚💚💚💚💚💚💚💚💚💚💚💚💚💚💚💚💚💚💚💚💚💚💚💚💚💚💚💚💚💚💚💚💚💚💚💚💚💚💚💚💚💚💚💚💚💚💚💚💚💚💚💚💚💚💚💚💚💚💚💚💚💚💚💚💚💚💚💚💚💚💚💚💚💚💚💚💚💚💚,0,2024-10-26T06:34:31Z,2024-10-26T06:34:31Z
UgzSzh1AOSkgaKPo1YN4AaABAg,,False,@elatedLIFE,Han and I.Ns face is soooooo cute 🥰,0,2024-10-26T03:55:38Z,2024-10-26T03:55:38Z
UgwaRDOFYmE8E6jNtRB4AaABAg,,False,@Лера-чё,"Моргни два раза, если тебя держат в заложниках",0,2024-10-25T21:59:48Z,2024-10-25T21:59:48Z
UgwaIIxTRvP6vn871Zp4AaABAg,,False,@Лера-чё,Хан: Не ржать... Не ржать... НЕ РЖАТЬ,0,2024-10-25T21:59:16Z,2024-10-25T21:59:16Z
Ugzvo8SRJW32SqR5kUh4AaABAg,,False,@lee__m1nh00__lqqß,"생일 축하해요 리, 우리가 당신을 사랑한다는 걸 알아요 당신이 우리와 함께 있어서 정말 기뻐요🎉🎀🌸🌷😭❤️‍🩹💝🎂🎂🎂🎂",0,2024-10-25T18:12:15Z,2024-10-25T18:12:15Z
Ugwh-1UJXccC9iE17md4AaABAg,,False,@RevathiBharathi-e8z,Han and i.n r js 🤌🏻🤌🏻🤌🏻🤌🏻,0,2024-10-25T16:32:49Z,2024-10-25T16:32:49Z
UgyOQQu_SJyH2I6cOfV4AaABAg,,False,@HyunjinStan-w8o,Awww Han is always cute <33,2,2024-10-25T14:40:42Z,2024-10-25T14:40:42Z
Ugy7E0LpXo7oG9iVJoF4AaABAg,,False,@nirvana_skz,#letskzrest,0,2024-10-25T11:18:30Z,2024-10-25T11:18:30Z
Ugxp4iyZVFdBZqv3vXd4AaABAg,,False,@causeimonlyhuman,AW OMG,1,2024-10-24T19:59:04Z,2024-10-24T19:59:04Z
UgwQxBHU7TSaOylxSJ94AaABAg,,False,@True_leebomsu,"Omg, Han is so cute💖💖",0,2024-10-24T19:02:39Z,2024-10-24T19:02:39Z
UgwmJvG7kDX2leZlWfN4AaABAg,,False,@hulix-uw7ly,Sooo cute han-iiiii,3,2024-10-24T17:24:20Z,2024-10-24T17:24:20Z
UgxcxY0UIM5ikT-M1454AaABAg,,False,@_Straykids876_,"화려한,민호 생일 축하해❤❤",0,2024-10-24T15:19:42Z,2024-10-24T15:19:42Z
Ugz79u3Cjs2jbnB8l9V4AaABAg,,False,@Urbestypgulsoom,Y’all are the best duo I love y’all,1,2024-10-24T00:02:46Z,2024-10-24T00:02:46Z
Ugyo6onZtiBo5huEURl4AaABAg,,False,@Urbestypgulsoom,lol I was laughing so hard I choked but Hans cheeks are so cute,1,2024-10-23T23:53:00Z,2024-10-23T23:53:00Z
Ugx_pfNouEPn2NSY7ct4AaABAg,,False,@sambadiawara585,I love you I.N😊❤,1,2024-10-23T19:12:27Z,2024-10-23T19:12:27Z
UgzCzUYPinXa-I9x2Pp4AaABAg,,False,@Tamara179-jid,😂😂😂😂,0,2024-10-23T17:43:59Z,2024-10-23T17:43:59Z
Ugz6FYSIRruyT-1BVal4AaABAg,,False,@wompwomp-xf5up,I.N’s little smile after poking Han is so cute✨✨,0,2024-10-23T16:37:19Z,2024-10-23T16:37:19Z
UgxdF2pDYEhhBx8aYgN4AaABAg,,False,@Rosiee_rosew,ALLAH IM AGAGAGAAGAGA,0,2024-10-23T12:24:19Z,2024-10-23T12:24:19Z
UgysayxLgAIkyl0Qrdl4AaABAg,,False,@YsfHsirinov,Oin sweetie I'm your new fan I love you while BTS is not in ARMY I will watch you,0,2024-10-23T04:37:23Z,2024-10-23T04:37:23Z
UgwVxC7cQd7Fcx9Tw5t4AaABAg,,False,@Straykidslove200,Han is so cute🫶,0,2024-10-22T20:28:50Z,2024-10-22T20:28:50Z
UgxEvHraE-aMjnrOzN54AaABAg,,False,@Gabriellafridmane,Can l do the same thing with Han please ❤❤❤❤❤❤❤❤❤❤,0,2024-10-22T20:07:28Z,2024-10-22T20:07:28Z
Ugy4E40TgdF5eU1hyD14AaABAg,,False,@ninixclub_0,Han is so cutee😭😭😭❤❤❤❤,0,2024-10-22T16:25:28Z,2024-10-22T16:25:28Z
UgzVgOZj_hTsVvFZIER4AaABAg,,False,@hassangardezi1722,I.N poking Hans cheeks are actually adorable best duo!,2,2024-10-21T23:09:57Z,2024-10-21T23:09:57Z
Ugw1Jk9yEYGr1km37rF4AaABAg,,False,@kaka12364,So cute ❤,0,2024-10-21T08:57:09Z,2024-10-21T08:57:09Z
UgzFF7mHIE9_cVs5PvV4AaABAg,,False,@Utah-Rainey,❤❤,0,2024-10-21T07:53:56Z,2024-10-21T07:53:56Z
Ugw0PB3rmM9CltMqbh14AaABAg,,False,@HanjisAmericanoWithStraw,HAN looks so done with him💀,0,2024-10-21T06:43:49Z,2024-10-21T06:43:49Z
Ugy1HL7EhxytGpz6iVJ4AaABAg,,False,@Aniela-b9i,Hannnnnnnnn❤❤❤❤❤,0,2024-10-20T16:27:58Z,2024-10-20T16:27:58Z
UgzoZbeV9vkXHIyOEcJ4AaABAg,,False,@Yutbr_Yaren,❤❤❤❤❤❤,0,2024-10-20T14:31:58Z,2024-10-20T14:31:58Z
Ugz3J3dAqHZIPLS-VBd4AaABAg,,False,@kennedybrooks6352,I ❤ stray kids!,0,2024-10-20T12:44:36Z,2024-10-20T12:44:36Z
UgxyuRVvHLpfdKdw_4x4AaABAg,,False,@Akkik-f8n,I.N tho❤❤😂,0,2024-10-20T12:13:32Z,2024-10-20T12:13:32Z
Ugzzvt2D0aqg2bc1JtB4AaABAg,,False,@SahiləMəhərrəmova-u9s,Hans cute 😊 l love stray kids❤❤❤❤❤❤❤❤,2,2024-10-20T08:56:12Z,2024-10-20T08:56:12Z
UgxPOmvCz6K93q3qPMd4AaABAg,,False,@SahiləMəhərrəmova-u9s,Hans cute❤❤,1,2024-10-20T08:55:12Z,2024-10-20T08:55:12Z
UgyjetIFMv673LeY_lF4AaABAg,,False,@summerlovessummer-q5n,asmr with i.n. ❤❤❤❤😂,0,2024-10-19T20:01:33Z,2024-10-19T20:01:33Z
UgxByXvZAOF1uHi44wZ4AaABAg,,False,@hordewolfs_fighting,Я шя лино позову,0,2024-10-19T18:14:27Z,2024-10-19T18:14:27Z
UgxgFcJN_yNY-D1qACV4AaABAg,,False,@НаташаКорнева-е2с,ТАП ТАП ТАП ПО ХОМЯКУУУ,0,2024-10-19T11:46:06Z,2024-10-19T11:46:06Z
UgwrQn6Cwc05pvrzOT54AaABAg,,False,@teijarinne1469,I.N and Han✨✨✨✨✨♥️♥️♥️♥️♥️♥️♥️♥️♥️,0,2024-10-19T09:08:11Z,2024-10-19T09:08:11Z
UgyUs0FeL1iGZB3RSxV4AaABAg,,False,@anushka_soni1831,I.N LOOKS SO CUTE HERE HELPP 😭,0,2024-10-18T20:02:32Z,2024-10-18T20:02:32Z
Ugz0motvS7yYffsc4Kp4AaABAg,,False,@SADECEMİNHO_O,"Jisung's cheeks;🤗🐿🍯🍼
i.n's eyes;😉🦊🍭🍡",13,2024-10-18T19:52:32Z,2024-10-18T19:52:32Z
UgzyWdIi0qH-OGWzbPl4AaABAg,,False,@SADECEMİNHO_O,Why are you so easy-going?❤🫶🏻💫,1,2024-10-18T19:48:43Z,2024-10-18T19:48:43Z
UgwCvczACis_OJqLvvR4AaABAg,,False,@SADECEMİNHO_O,"""Clickh,clickh 
Yum,yum""",3,2024-10-18T19:47:42Z,2024-10-18T19:47:42Z
Ugw3ssfxKswVogSbKml4AaABAg,,False,@meraltekeli4429,"지성의 달콤한 볼, İ.n의 아름다운 눈, 모두 너무 귀여워요 ❤️",1,2024-10-18T16:39:23Z,2024-10-18T16:39:23Z
UgwaA5_x9s3iyf6nBDh4AaABAg,,False,@y0shinoriou,JEONGIN AND HAN ITS MY BIAS THOO (i cant pick bias in skz i dont know why?) ^___^,1,2024-10-18T14:23:17Z,2024-10-18T14:23:17Z
UgwWe_7eGrkwKkhOUEl4AaABAg,,False,@Zackstromcart,Happy alowine😊❤🎉,1,2024-10-18T12:42:36Z,2024-10-18T12:42:36Z
UgydnmZ0wCNZuecW_sp4AaABAg,,False,@I.got.the.imposter.,Han: imma turn into a hamster rn.                         I.N look at this!,1,2024-10-18T07:35:55Z,2024-10-18T07:35:55Z
UgzXzWPIAuuB3-c9PdJ4AaABAg,,False,@AzizaRahimova-z5b,❤❤,0,2024-10-18T05:33:46Z,2024-10-18T05:33:46Z
UgwK66nnn5zLQPovwHt4AaABAg,,False,@Lovekrew335,STOP THE CUBBY CHEEKS 😊,0,2024-10-17T20:27:54Z,2024-10-17T20:27:54Z
Ugz0Mbx7zSpa2fX3Ia54AaABAg,,False,@ItsMe-ct9br,"Istg, they should by called ✨FluffyRacha✨",0,2024-10-17T13:10:15Z,2024-10-17T13:10:15Z
UgznZBGxEHvGbVTGwb94AaABAg,,False,@OmurGanpolat,"OMG, baby bread and squirrel they are such an incredible duo wow they are so cute🎀🍪🧸🍓🍯🐞",30,2024-10-17T08:45:12Z,2024-10-17T08:45:12Z
Ugzf_9WnCDPQGDhQxT94AaABAg,,False,@MINSUNG-r7s,WHY ARE THEY SO CHUBBY JEHWGUBWHI,0,2024-10-17T02:06:33Z,2024-10-17T02:06:33Z
Ugy-BEC63Gk9_crnhqd4AaABAg,,False,@LeeknowsLeebitBunny,POV: Fox and squrriel behavior❤❤❤,0,2024-10-17T01:37:26Z,2024-10-17T01:37:26Z
UgzOr8rEOOJFyZrVjHJ4AaABAg,,False,@Yunchajin,That should be me,0,2024-10-16T23:29:26Z,2024-10-16T23:29:26Z
UgxgVWVHNahtsaqRcaV4AaABAg,,False,@naureenjaffery,full,0,2024-10-16T22:01:04Z,2024-10-16T22:01:04Z
UgxYzkkFltW7Bzmk4wF4AaABAg,,False,@NaireGavidia,Han's cheeks are like two marshmallows ❤,0,2024-10-16T19:37:13Z,2024-10-16T19:37:13Z
UgzEPvdjKY6i1S6pLmx4AaABAg,,False,@rhifatsami5304,That should be lee know and han..🎀😫,0,2024-10-16T16:58:20Z,2024-10-16T16:58:20Z
Ugxo6RaeNHmo4D3TKyN4AaABAg,,False,@Likeandsubscribe2001,To cute to be alive,1,2024-10-16T15:55:23Z,2024-10-16T15:55:23Z
UgyfuvgK_PucbQG9Wxp4AaABAg,,False,@FtB-eb7hg,ilove jou straykids your my oppa❤❤,0,2024-10-16T10:38:11Z,2024-10-16T10:38:11Z
UgzDmj5PGsl93Rz53494AaABAg,,False,@SheevaAlnaira-k9s,Han Ji-Sung ❤❤❤,0,2024-10-16T06:23:47Z,2024-10-16T06:23:47Z
Ugwb45VlAvr8r7NiN0x4AaABAg,,False,@Мяточка,Милашки,0,2024-10-16T05:28:13Z,2024-10-16T05:28:13Z
Ugzy-KaJeAuRsG3nrxx4AaABAg,,False,@Grayjini,나도해보고싶댜 볼콕콕👈🏻👈🏻❤,0,2024-10-16T04:31:32Z,2024-10-16T04:31:32Z
UgzZ_O13McNlYGXm3pZ4AaABAg,,False,@katyvasquez7822,❤Awwww❤some cute,0,2024-10-16T03:22:05Z,2024-10-16T03:22:52Z
UgzCavoSMs3RX6peQO54AaABAg,,False,@SelenaZ18,the sound effects make it 10x better than the original video itself 😂😂,0,2024-10-16T01:59:39Z,2024-10-16T01:59:39Z
UgzxpmxmatxUvLKcfoR4AaABAg,,False,@EleaneMoreirateles,ㅏㅏㅏ,0,2024-10-15T21:26:54Z,2024-10-15T21:26:54Z
UgyyC8_1voeh0QKAyEB4AaABAg,,False,@user-br6tf7md6j,아아악 너무 귀여워....,0,2024-10-15T20:15:23Z,2024-10-15T20:15:23Z
UgwuWdqSWOStMkBVEK54AaABAg,,False,@hayleyosalarson,BBY IN😊😭😭😭,0,2024-10-15T13:54:58Z,2024-10-15T13:54:58Z
UgxQkgaOoFfWCb7ft814AaABAg,,False,@LucyMatlatzin,❤🖤💜🖤💜🖤💜🖤💟💟💟,0,2024-10-15T12:56:51Z,2024-10-15T12:56:51Z
UgzuO89E_U0aASFqruF4AaABAg,,False,@allanventura6967,HAaaaaaaaaaaaaaaaaaaaaaaaaaaan I love you More than i,0,2024-10-15T11:58:09Z,2024-10-15T11:58:09Z
UgysZnFsUB3qaWBTCth4AaABAg,,False,@KhotimKhotim-cq5zt,Good,0,2024-10-15T11:36:12Z,2024-10-15T11:36:12Z
UgwpQhgPUgKDngckiP94AaABAg,,False,@Khadi_1414,"Чонииииин, ты что делаешь? Оставь Хана, вы такие красивые, мои... 🐿🦊",0,2024-10-14T20:09:47Z,2024-10-14T20:09:47Z
Ugwac3gbA9RsWbXLLnZ4AaABAg,,False,@dulteh,한이 너무 무표정한 것 같아😂😂😂,0,2024-10-14T15:57:36Z,2024-10-14T15:57:36Z
Ugz8cTkYdYhO5P3Mgv94AaABAg,,False,@foxijeonginn,Jeoninin bakışları,0,2024-10-14T13:22:47Z,2024-10-14T13:22:47Z
UgwpQe0Wplv-iTaW5YF4AaABAg,,False,@CACHORRINHO_SOFT,ASMR,0,2024-10-14T10:53:28Z,2024-10-14T10:53:28Z
Ugwe6bserseQFwSudzR4AaABAg,,False,@dikshyadhakal1670,Awwwww❤❤❤❤❤😊😊,0,2024-10-14T08:39:39Z,2024-10-14T08:39:39Z
UgzY4NBEejhObcUvxmd4AaABAg,,False,@StaylyMidzy,Han is trying to understand what happened 😁😁,1,2024-10-14T07:31:02Z,2024-10-14T07:31:02Z
UgwO5xEXKQ7MoZtH9-J4AaABAg,,False,@FazilatAdel,Lee knowsssssss👿👿👿👿,0,2024-10-14T03:12:07Z,2024-10-14T03:12:07Z
UgylT3iwl81anIaPKJR4AaABAg,,False,@skz.weak-hero,Han’s cute face and the smile of Jeongin is a very cute combo!! 💗✨🦊🐿️,2,2024-10-14T01:21:01Z,2024-10-14T01:21:01Z
UgwcHQDssKJhTIZafuN4AaABAg,,False,@clarinete80,Han mi bb ermoso te amo han,0,2024-10-13T22:14:30Z,2024-10-13T22:14:30Z
UgyhIvkBxR4jkmt38eR4AaABAg,,False,@apomhoad,هل يوجد عربين هونا❤😂,0,2024-10-13T21:28:32Z,2024-10-13T21:28:32Z
UgzJWr5ssblWla9RO-Z4AaABAg,,False,@Thehonz1223,귀여워. ❤❤❤,0,2024-10-13T20:49:06Z,2024-10-13T20:49:06Z
Ugx32Hc-VNsso2QgPA54AaABAg,,False,@eevi5122,BRO U GUYS ARE ADULTS,0,2024-10-13T18:09:03Z,2024-10-13T18:09:03Z
Ugz_6W5EFECEMbGyIRd4AaABAg,,False,@maxliyoabdixalilova5126,I love you I.N❤❤❤❤❤,0,2024-10-13T13:55:19Z,2024-10-13T13:55:19Z
UgxtZYvhf1y1FUqvJtx4AaABAg,,False,@Seungminbaby64877b,❤i.n❤😊,0,2024-10-13T13:23:27Z,2024-10-13T13:23:27Z
UgwnmAsNQPgUlV9TPiV4AaABAg,,False,@ΜαριαΦουσκου,Fav duo.😭🩷🎀✨️,0,2024-10-13T13:14:47Z,2024-10-13T13:14:47Z
Ugyh98TOQ5q5ePlrxXd4AaABAg,,False,@jenni_ri,Jeongin has lovely eyes,0,2024-10-13T13:08:42Z,2024-10-13T13:08:42Z
Ugwt9pO_YHo1UA8wtSZ4AaABAg,,False,@Bangchanismine4ever,Han looks so innocent!!♥️,5,2024-10-13T13:02:55Z,2024-10-13T13:02:55Z
Ugw4K6_GLzZFSv9z_P54AaABAg,,False,@ESTJ-선재업고튀어,앜ㅋㅋㅋㅋ 입덕해버렷다!!!,0,2024-10-13T12:49:57Z,2024-10-13T12:49:57Z
UgwNhbqTR8JA9czxFwB4AaABAg,,False,@ЛюдмилаСвирина-в2щ,🎉❤🎉❤🎉❤🎉❤🎉❤🎉❤🎉❤🎉❤🎉❤🎉,1,2024-10-13T09:10:36Z,2024-10-13T09:10:36Z
UgxAciLWusYoD72RHQN4AaABAg,,False,@janetvillavicencio2061,Omggg so cute 🎉😂❤❤❤,0,2024-10-13T08:43:04Z,2024-10-13T08:43:04Z
Ugz0-Vo2j2tXdP9bTHh4AaABAg,,False,@Gachasmile-po4ec,Hi Stray kids please come to Uzbekistan there are some stays who can't go to Seul 😢🙏🥺,0,2024-10-13T07:18:35Z,2024-10-13T07:18:35Z
UgwiAcP-p_ItK_wfhBF4AaABAg,,False,@Baconsdabestt,"Can you please tell seungmin that his smile is so cute and tell bangchan that we all love him and Changbin he isn’t fat and Felix is really cute and Han he is not too childish and that’s what we live about him and hyunjin we love him and in and Lee know I love them pleaseeeeeee



From:kennlie",1,2024-10-13T02:53:25Z,2024-10-13T02:53:25Z
UgyVN2WBknmIpS071054AaABAg,,False,@Reiko_Lynn,HAN'S BABY CHEEKS IS EVERYTHING 😭😭,0,2024-10-13T02:09:04Z,2024-10-13T02:09:12Z
Ugxp40dZfs017bVkJHp4AaABAg,,False,@VerónicaGuadalupeHernández,I n te amo tanto amor cabellleroso,0,2024-10-13T00:59:24Z,2024-10-13T00:59:24Z
UgwOz3jUAKe4-9ERTqB4AaABAg,,False,@Hyunnjinn-8,Q sactifactorio jsjs❤,1,2024-10-13T00:46:55Z,2024-10-13T00:46:55Z
UgyeMKLbvUt2t73nB0x4AaABAg,,False,@lindacee745,Omg Hans cheeks are so perfect to squeeze,0,2024-10-12T18:43:22Z,2024-10-12T18:43:22Z
Ugw-s0AQtqAt0Lc4V0h4AaABAg,,False,@Stay_Engene1,Cute,0,2024-10-12T14:25:12Z,2024-10-12T14:25:12Z
UgyYPN-zcGsyWQPOfN94AaABAg,,False,@Saimori871,Hanni :]❤,0,2024-10-12T13:45:21Z,2024-10-12T13:45:21Z
UgxSNOeoD5b3FQK7IRh4AaABAg,,False,@umarturopov2940,😂😂😂😂😂😂❤,0,2024-10-12T13:30:45Z,2024-10-12T13:30:45Z
UgzQsgevFJuZsi3xrYh4AaABAg,,False,@ErionDodoveci,I.N is cute😊,0,2024-10-12T09:59:08Z,2024-10-12T09:59:08Z
UgxpAQ14rsd2oDU8v3J4AaABAg,,False,@구영애-o2e,한지성아이엔귀엽내❤❤❤❤❤❤❤❤❤❤❤❤❤❤❤❤❤❤❤❤❤❤❤❤❤❤❤❤❤❤❤❤❤❤❤❤❤❤❤❤❤❤❤❤❤❤❤❤❤❤.❤❤❤❤❤❤❤❤❤❤❤❤❤❤❤❤❤❤❤❤❤,0,2024-10-12T07:01:14Z,2024-10-12T07:01:14Z
UgxmDh4xp70jrx94a-h4AaABAg,,False,@ONCE_AJJA,Puse uwu sin querer😭😭😭😭,0,2024-10-11T23:03:07Z,2024-10-11T23:03:07Z
UgxJZ9SKSu5o0GzHE1N4AaABAg,,False,@ONCE_AJJA,Uwu,0,2024-10-11T23:02:34Z,2024-10-11T23:02:34Z
UgzE-ldlIf8SGVmB4VV4AaABAg,,False,@eu_mari_edits,Han is so so so so cute 💗🐿️,0,2024-10-11T22:42:23Z,2024-10-11T22:42:23Z
UgyvUIcsx8H06DOQwId4AaABAg,,False,@straykids_143_i_luv_u,when,0,2024-10-11T21:50:52Z,2024-10-11T21:50:52Z
UgwYmFHRIIZvvzr9L4J4AaABAg,,False,@IvetBlanco,Ow My goood ❤❤,0,2024-10-11T21:02:54Z,2024-10-11T21:02:54Z
Ugy3wwRqjwEkoAvA7CR4AaABAg,,False,@Kei_2014,"Han 's cheeks be like : 
Pillows 
No hate 
No offense",0,2024-10-11T17:48:42Z,2024-10-11T17:48:42Z
UgyR6ohl6jXnXjOj-Vd4AaABAg,,False,@manuelaperjanleite2698,I.N yuo are perfect!!!!!!!!!!!!❤❤❤❤❤❤❤❤❤❤,0,2024-10-11T17:22:59Z,2024-10-11T17:23:14Z
UgxAMScIinWfYgXHYKR4AaABAg,,False,@Edits_dehyunjin,Jeonjin's so cute the little smile,0,2024-10-11T14:15:18Z,2024-10-11T14:17:03Z
UgxFmgMrs9TqrDiaIt94AaABAg,,False,@MiraKIOP,j'suis trop jalouse,0,2024-10-11T13:47:30Z,2024-10-11T13:47:30Z
Ugyel7l6NvWmPaRhPcN4AaABAg,,False,@natalie_STAY_MONSTIEZ_DIVE,😂😂😂 I could never keep a straight face like Han is… HOW IS HE DOING THAT?! I would be smiling like an idiot in the first 5 seconds,0,2024-10-11T13:05:56Z,2024-10-11T13:05:56Z
UgwnM1j2FZekWKcbpoZ4AaABAg,,False,@Hwang_selene,나 학교에 있어,0,2024-10-11T13:04:16Z,2024-10-11T13:04:16Z
Ugzq-_crhWgJsyIpMVV4AaABAg,,False,@HirviShah-yu6oh,2 cuties 😍 in one video ❤❤,0,2024-10-11T13:00:37Z,2024-10-11T13:00:37Z
Ugy-Fh-XQO-MP6dpnkJ4AaABAg,,False,@MINJI_753,Ha is so cute❤❤❤,0,2024-10-11T07:02:00Z,2024-10-11T07:02:00Z
UgyNqf6xReHwdFq-IPx4AaABAg,,False,@MielaShinCruz-1,HAN I LOVE YOUU❤❤❤❤❤ STRAY KIDS FOR EVER!!!!!!! WE LOVE YOUUU❤!!!!!,0,2024-10-11T06:55:34Z,2024-10-11T06:55:34Z
UgzoPToVQeq6r01QlId4AaABAg,,False,@belular.6887,TE AMO I.N!!! SOS EL AMOR DE MI VIDA 😍😍😍,0,2024-10-11T02:36:09Z,2024-10-11T02:36:09Z
UgymFiR6WY0Usf5VNMl4AaABAg,,False,@GeethFernando-gd7dp,2 cuties in a one video😢❤❤❤,0,2024-10-11T01:23:29Z,2024-10-11T01:23:29Z
UgydTfMfQb8TmRJD64R4AaABAg,,False,@jilix143,❤❤,0,2024-10-11T00:33:50Z,2024-10-11T00:33:50Z
UgySGIicin-yQYq4tqN4AaABAg,,False,@chailenemaplelibunao8010,No wonder Han is a chipmunk 😊😂❤,0,2024-10-10T23:52:57Z,2024-10-10T23:52:57Z
Ugw9h8rNcilgNSfBd7J4AaABAg,,False,@Mawhas666,Se parece a pintor nocturno,0,2024-10-10T22:01:37Z,2024-10-10T22:01:37Z
UgxcrrssVNhSLituMhh4AaABAg,,False,@Hanalovesyuuu,I.N looks like he's touching slime😅,0,2024-10-10T21:47:50Z,2024-10-10T21:47:50Z
UgxUfPR8JRbM8Wfa4X54AaABAg,,False,@TaeandRae7,Who made Han soooo cute  he’s so adorable and cute and  I love him,3,2024-10-10T18:55:59Z,2024-10-10T18:55:59Z
UgxKXgGkYeCOPt9tk6x4AaABAg,,False,@Criss-Elena,I.Ns smile tho ❤😊,0,2024-10-10T18:16:49Z,2024-10-10T18:16:49Z
UgwJLsLgDq7CW8hTrON4AaABAg,,False,@ЭвелинаКРД,Хан такой милый,0,2024-10-10T17:42:51Z,2024-10-10T17:42:51Z
UgztDQrklZ9aUpks8g94AaABAg,,False,@EFSTATHIOSKRITIKOS,Il   love you han❤❤❤,1,2024-10-10T12:00:08Z,2024-10-10T12:00:08Z
UgwB7lvSbrz__oCmb3x4AaABAg,,False,@Efeyimulan,HYUNLİX,0,2024-10-10T10:24:28Z,2024-10-10T10:24:28Z
UgzCdTdnk_c6PIlvVm94AaABAg,,False,@ElifKaraca-c9r,Ağlamayım çok tatlısınız❤❤,1,2024-10-10T06:25:55Z,2024-10-10T06:25:55Z
UgwIjJjfkuosM9xqrut4AaABAg,,False,@BerkBerk-f3p,I love yolu han ❤😊😊😊 my bias yolu han,0,2024-10-10T00:02:11Z,2024-10-10T00:02:11Z
UgwHogDRLFs49IGApgR4AaABAg,,False,@fede-k1,너무 귀엽고 부드러워요가끔 그는 나에게 그 옷이 너무 아름다워서 어디서 왔냐고 물었습니다.,0,2024-10-09T20:53:29Z,2024-10-09T20:53:29Z
Ugw0qz50nziWyCHpYeN4AaABAg,,False,@dogaceylingungor2053,Soo cutee❤❤,1,2024-10-09T19:48:05Z,2024-10-09T19:48:05Z
Ugz7jy-vPw_U1euxN8p4AaABAg,,False,@dogaceylingungor2053,사랑해요 ❤❤,1,2024-10-09T19:47:57Z,2024-10-09T19:47:57Z
UgzyBri8Sb7x5XXtuJ54AaABAg,,False,@gracielaalveo3492,Hay si es de esa caricatura de conejitos cosinando y comiendose la comida ❤,0,2024-10-09T17:45:01Z,2024-10-09T17:45:01Z
UgyxMfbMqcdm11QW1094AaABAg,,False,@Rii7E-7ForeverARMY,Hannie and Innie both are too cute. Can't handle this cuteness. Baby girl I.N but Han has lost his title of Baby girl though now.❤❤❤❤❤❤😘😘🥰🥰🥰🥰,0,2024-10-09T14:55:50Z,2024-10-09T14:56:12Z
UgwVcnF9AFFruLMpwYd4AaABAg,,False,@sriyasingh3321,IN is very cute and his smile very innocent ❤😊,5,2024-10-09T14:34:24Z,2024-10-09T14:34:24Z
UgwBIgGiSZ287JHQIIl4AaABAg,,False,@dannijensen3518,why so cute❤❤❤❤❤,0,2024-10-09T13:51:58Z,2024-10-09T13:51:58Z
UgwBIgGiSZ287JHQIIl4AaABAg.A9NTj5Zj3TkA9NTpzaiY3v,UgwBIgGiSZ287JHQIIl4AaABAg,True,@dannijensen3518,I love stray Kids ao much❤❤❤❤❤,0,2024-10-09T13:52:54Z,2024-10-09T13:52:54Z
UgzE7VYtq5qw4QHgH454AaABAg,,False,@justazepeto_girl,Stray kids more like gay kids,0,2024-10-09T08:56:09Z,2024-10-09T08:56:09Z
UgyFGwIbu5-UONzS6954AaABAg,,False,@LetíciaDuarte-u5b,I.N is cute and Chan  Bim too,0,2024-10-08T17:13:48Z,2024-10-08T17:13:48Z
UgzZpFgBIIWA_mr-xDd4AaABAg,,False,@sachinkumarbalmiki9280,🌝🌝🌝🌙🌙🌙🌙 moon,0,2024-10-08T16:23:09Z,2024-10-08T16:23:09Z
Ugx1p535uM81iQZMA_p4AaABAg,,False,@NikolLimon-q8c,Porque no asen un grupo de stray kids en WhatsApp sería divertido,0,2024-10-08T15:34:53Z,2024-10-08T15:34:53Z
UgyOv5eG7Lg-LzgX_6d4AaABAg,,False,@Micu-kiww,Айен тапает хомяка,0,2024-10-08T13:58:44Z,2024-10-08T13:58:44Z
UgyfazF-ScZHCDC_hSp4AaABAg,,False,@JeanDelavi,Que bom que deve se apertar a bochecha do Han ❤❤❤❤❤❤❤❤❤❤,0,2024-10-08T12:06:30Z,2024-10-08T12:06:30Z
UgyyXxk1rpedxr2qaGZ4AaABAg,,False,@AbdelAl-w4c,Han and I.N oppa saranghae ilove you so much we are stays forever♥️♥️♥️,0,2024-10-08T10:25:16Z,2024-10-08T10:25:16Z
UgxZV_M7W4zraUCfjcR4AaABAg,,False,@uhhsyaii,MY FAVS❤,0,2024-10-08T08:32:58Z,2024-10-08T08:32:58Z
UgwVW1Mc-DvJLVz8E0B4AaABAg,,False,@Chalescian,i.n is youngis,0,2024-10-08T08:23:18Z,2024-10-08T08:23:18Z
UgzIVZHmMlMBORZ8LRl4AaABAg,,False,@عراقية_قمر,Ha ha ha ha good❤❤❤😂,0,2024-10-07T19:29:03Z,2024-10-07T19:29:03Z
Ugz-kUBe7Qs6zLVPfT54AaABAg,,False,@jirybrunenberg4446,Han is so cute❤❤❤,0,2024-10-07T15:22:09Z,2024-10-07T15:22:09Z
UgyV9uSPYeKVPGTqc_t4AaABAg,,False,@BUBS-y3i,I can understand I.N,0,2024-10-07T14:55:06Z,2024-10-07T14:55:06Z
UgyGQQ-4yTh1ld_A8mZ4AaABAg,,False,@Jenniemwii,very sweet ❤😊,0,2024-10-07T14:44:07Z,2024-10-07T14:44:07Z
UgwwnXyXgGrkDvVhuSx4AaABAg,,False,@Бешаная-е5с,Какая замечательная пара я так хочется вас обнять.,0,2024-10-07T11:10:37Z,2024-10-07T11:10:37Z
Ugwd0toOsWk8zps5dHp4AaABAg,,False,@Harlin-u8r,"Love you straykids 💗🎀
Your fan from Afghanistan 🇦🇫",0,2024-10-07T07:22:14Z,2024-10-07T07:22:14Z
UgyCERU7FUtYthO-VAp4AaABAg,,False,@neidefatimadossantos2849,Eles são muito fofos ❤,0,2024-10-06T23:43:12Z,2024-10-06T23:43:12Z
Ugz2fzulXWNHAq6zew94AaABAg,,False,@neidefatimadossantos2849,"Los apresento meus maridos 😅tô brincando, mas e vdd kkkk mano não está escrito o quanto eu amo esses dois ❤😊",0,2024-10-06T23:43:00Z,2024-10-06T23:43:00Z
UgwGa7qkdd6Zw_LJjfh4AaABAg,,False,@Milagros309,Stray kids,0,2024-10-06T23:20:18Z,2024-10-06T23:20:18Z
UgxBvOWTOGLUCKPlxLh4AaABAg,,False,@hans.quokkaaa,*jealously increases* lol but seriously I.n and han are such a cute duo :3,4,2024-10-06T21:14:20Z,2024-10-06T21:14:45Z
UgzUiqBFwvjzDH9vSfN4AaABAg,,False,@ricardorivera3845,Jajajaja,0,2024-10-06T20:44:35Z,2024-10-06T20:44:35Z
Ugxhav2Ml8FTlB-dD2t4AaABAg,,False,@vivi.021,❤❤,0,2024-10-06T19:31:51Z,2024-10-06T19:31:51Z
UgwArEJTMHyq77rETYp4AaABAg,,False,@tuyakula2077,Tbh they look like brothers 😅😊😊,0,2024-10-06T16:39:55Z,2024-10-06T16:39:55Z
Ugwmqh27VBzG-i183ax4AaABAg,,False,@olisalas,Que lindo❤,0,2024-10-06T16:17:29Z,2024-10-06T16:17:29Z
Ugw-hQa1PRIjqu1LxyF4AaABAg,,False,@FabianaCamiloSimãoSimão,Love Love ❤❤,0,2024-10-06T15:57:03Z,2024-10-06T15:57:03Z
UgwG8kCJzMKwZ0eXRGx4AaABAg,,False,@ekeneduchika1223,Hannie what's your private Facebook page,0,2024-10-06T14:58:02Z,2024-10-06T14:58:02Z
UgxIZMOmInoCeR0i53h4AaABAg,,False,@Yongbokfan01,Soooooooooooooooooooooooooooo cute,0,2024-10-06T08:38:48Z,2024-10-06T08:38:48Z
UgzJmCLfZUvDBh2SFex4AaABAg,,False,@just.me11,WAAAHHH I.N'S SMILEEEEE>>>❤,0,2024-10-06T07:16:26Z,2024-10-06T07:16:26Z
Ugx7Csjd3QdjE7U5Hzh4AaABAg,,False,@Strayyyyykidssssss,사랑해요.💞,1,2024-10-06T05:55:51Z,2024-10-06T05:55:51Z
Ugzmt8qSqVw5nTLvjBV4AaABAg,,False,@Stay-o4s,🫶,0,2024-10-06T05:40:05Z,2024-10-06T05:40:05Z
UgwDs70HaKMV2JcvEvR4AaABAg,,False,@Blinkster_27,🙈,0,2024-10-06T03:56:15Z,2024-10-06T03:56:15Z
Ugz1PvV3dpM6ZRQPIoZ4AaABAg,,False,@Izzy.luvsdti,I love the HaTtTtTtTtT,0,2024-10-06T03:36:12Z,2024-10-06T03:36:12Z
UgxNRztYvSij-fx4WtF4AaABAg,,False,@Hyunjinslostfelix,Innie's smile always make my dayyyy❤❤,0,2024-10-06T03:09:34Z,2024-10-06T03:09:34Z
Ugx9GnsGisrbUifB1CR4AaABAg,,False,@dimitrapanagopoulou-v2j,Stray kids I love you,0,2024-10-05T19:31:33Z,2024-10-05T19:31:33Z
UgyziQcU40AUUv5YFh94AaABAg,,False,@The_chaennie,I.n cute,0,2024-10-05T15:32:17Z,2024-10-05T15:32:17Z
UgypB5S_MXxSGI-7nqV4AaABAg,,False,@lunchieatswৎ,This is really cute I loved it,0,2024-10-05T08:25:47Z,2024-10-05T08:25:47Z
Ugz7aY9kmI3bcPu7aVh4AaABAg,,False,@143ihateu,jeongins little smile at the end ❤️😭,0,2024-10-05T05:30:50Z,2024-10-05T05:30:50Z
UgwI-YfEtWPkybsuUVB4AaABAg,,False,@starr702,HAN IS SO CUTE AND I.N,0,2024-10-04T19:23:39Z,2024-10-04T19:23:39Z
Ugy6AAssu1KhyLQOmzR4AaABAg,,False,@K-POPLOVER_4,Han is too adorable for this world🥰...And Innie's smile 🤭,24,2024-10-04T18:51:45Z,2024-10-04T18:51:45Z
UgzHt_bvtv9FCPHd5M14AaABAg,,False,@leaphypao8128,❤han is so cute,1,2024-10-04T18:36:50Z,2024-10-04T18:36:50Z
Ugxtnm92DK1-hlA3idR4AaABAg,,False,@solangemartins7931,Cute Brazil,0,2024-10-04T14:51:26Z,2024-10-04T14:51:26Z
UgwHdSqHkFl8X3XXAhp4AaABAg,,False,@Redmeredme-lr4cy,You are so cute Han....and No words for I.N😭😭love you,0,2024-10-04T10:31:23Z,2024-10-04T10:31:23Z
UgyO_Q9RFBRzxh_SPpJ4AaABAg,,False,@Isa-b3y1c,Cute,0,2024-10-04T10:30:52Z,2024-10-04T10:30:52Z
UgzWIarkEoOcszbyWWV4AaABAg,,False,@7r4efy,I want to meet you very badly I love you ❤❤❤❤❤❤❤❤❤❤❤❤❤❤❤❤❤❤❤❤❤❤❤❤❤❤❤❤❤❤❤❤❤❤❤❤❤❤❤❤❤❤❤❤❤❤❤,0,2024-10-04T07:37:41Z,2024-10-04T07:37:41Z
UgxsmD_af15Qv9lBxLp4AaABAg,,False,@ktothetpop,🤣🥰😂,0,2024-10-04T00:41:27Z,2024-10-04T00:41:27Z
UgxWG1vZt6JaXScAh854AaABAg,,False,@kanayaDeaAlaskarkanaya-z4x,kawaine.. Han Kun....😊😊😅😅,0,2024-10-04T00:28:44Z,2024-10-04T00:28:44Z
Ugxz_WvToE1PpbuRSEh4AaABAg,,False,@yiyihuimixx,"Han now: 🎀💕🐿🌸🧸
Predebut han: 👿💢🐺",0,2024-10-03T22:16:45Z,2024-10-03T22:16:45Z
UgxRPfOjFSCdEHxSC8x4AaABAg,,False,@kono_blyat,"Uh, disgusting",1,2024-10-03T14:00:02Z,2024-10-03T14:00:02Z
Ugw0FS1oUKexnOL7RVR4AaABAg,,False,@daimeichun,Cute🤩🤩🤩🤩🤩,0,2024-10-03T13:57:17Z,2024-10-03T13:57:17Z
Ugy1HscQFMCVwhuAiQN4AaABAg,,False,@Posystar,"bang chan....it's been a year since I've been staying and...I've never felt so happy in my life as I did when I met the stray kids...you all are so talented, beautiful and kind, honestly, I have very proud to be yours utt you are so sweet, kind, beautiful, talented, attentive, friendly, funny, you are so...everything
I simply love you even though I'm 17 years old but younger than you I love you, I really love you I feel like if the stray kids are over I... I wouldn't be able to live with a smile on my face, your smile, yours dimples, your cute eyes, your voice, everything, everything about you!
I love i.n because he is so cute and greasy 
I love Seungmin so much because of his smile, his messy way and his cute face
I love Hyunjin's dramatic way, his greasy attack and his look at Felix lol
I love Changbin for his beauty, his muscles, his ""girly"" way lol 
I love Lee Know and his three kittens so much! his look, his ""grumpy"" way
I love Han so much because of his little cheeks, the way he and his reactions to his laugh
And in fact, I may only have stayed for a year but I can identify you just by your laugh, your smile, your eyes, your hair, etc. and even by your bang chan feet lol
I'm from Brazil and I'm hoping for a FREE skz show here in Goiania!! kisses I love you",0,2024-10-02T23:47:08Z,2024-10-02T23:47:08Z
UgwJ7qYejQAm4zKwtVR4AaABAg,,False,@jarred-d6z,I.N is so cute,0,2024-10-02T22:49:27Z,2024-10-02T22:49:27Z
Ugy6mCGrm7sX2CRUHkd4AaABAg,,False,@Jade_dynasty_fan,Han is being cute 24/7,0,2024-10-02T16:50:31Z,2024-10-02T16:50:31Z
UgyNtoDl6ztgzlNJ9VV4AaABAg,,False,@emochigurl,CHEEKS ALERT Y’ALL 😂❤,0,2024-10-02T14:57:37Z,2024-10-02T14:57:37Z
Ugx9rFf9y84dMIGquAl4AaABAg,,False,@XimenaJiménez-l7k,Han and I.N. They're too adorable I love them guys ❤,2,2024-10-01T23:36:55Z,2024-10-01T23:36:55Z
UgyCAag9GM32KSyMdjt4AaABAg,,False,@sophie-moa-stay,man i wanna poke jisung's cheeks,0,2024-10-01T20:37:51Z,2024-10-01T20:37:51Z
UgxAzZ2nuoToXdy0MEN4AaABAg,,False,@stay-w3u,"I,n  Very popular ❤❤❤❤",0,2024-10-01T18:35:19Z,2024-10-01T18:35:19Z
UgyCq-zdI688UtkNhVJ4AaABAg,,False,@resparzag,Oooh so cute baby i.n and han❤,0,2024-10-01T18:11:38Z,2024-10-01T18:11:38Z
UgwLPbgWZ5CXaGb2B914AaABAg,,False,@RimEnnaceur,❤,0,2024-10-01T15:41:26Z,2024-10-01T15:41:26Z
Ugw2RaEvdZ-lXBn88_F4AaABAg,,False,@Biso-p5t,❤❤❤❤❤❤❤❤❤❤,0,2024-10-01T04:25:17Z,2024-10-01T04:25:17Z
UgxwhEkslJjVlL4vNnR4AaABAg,,False,@SamireSirinova-q9z,Hans cuteee faceeee ww solo cuteee Hannn ❤❤,1,2024-09-30T17:21:55Z,2024-09-30T17:21:55Z
UgwDaOYigB7UVkqEfLh4AaABAg,,False,@Kpopvibes-i7y,LIKE OMG!!!!! Y ARE THEY SOOOO CUTE!!!,0,2024-09-30T16:42:04Z,2024-09-30T16:42:04Z
UgzPSpnjKeSP8nuxYct4AaABAg,,False,@geraldinerivera3627,Han i.n 🥰,0,2024-09-30T14:27:48Z,2024-09-30T14:27:48Z
UgxTdCCgLd-5G15dSz14AaABAg,,False,@enayistay1,FOR SOME REASON JEONGIN DOESN'T LOOK HAPPY AT ALL TO ME.,1,2024-09-29T21:46:15Z,2024-09-29T21:46:15Z
UgzyG3SB7kG4OQu7oHh4AaABAg,,False,@Army-hj5gc,Aaaah so cute,1,2024-09-29T20:49:33Z,2024-09-29T20:49:33Z
UgzYV1jZZsgc9rtJvcB4AaABAg,,False,@Kafieh,Han is realy cute 😍 😅😅❤❤😊,0,2024-09-29T19:53:11Z,2024-09-29T19:53:11Z
Ugx1HXKqRhYnSR6n5L54AaABAg,,False,@stevetesta6680,Who thinks it should be the opposite?,0,2024-09-29T17:06:20Z,2024-09-29T17:06:20Z
UgynEkFw2bMXU3VwTP14AaABAg,,False,@angelamutheu3871,Han is the best😊,0,2024-09-29T15:18:02Z,2024-09-29T15:18:02Z
UgzhkdRTFcc-FuOZ_8F4AaABAg,,False,@shakirasaintumas4145,😂😂😊😊,0,2024-09-29T15:06:27Z,2024-09-29T15:06:27Z
UgwDJHLsIgG5-vblt5Z4AaABAg,,False,@ckskejckakfncms6321,is so cute ❤❤❤❤,0,2024-09-29T12:18:06Z,2024-09-29T12:18:06Z
UgwWxLDmAyNgGTqrBb14AaABAg,,False,@abdullahAzeez-zx7xd,is so cute ❤❤❤,0,2024-09-29T11:45:01Z,2024-09-29T11:45:01Z
Ugz8q73zRUek4J46CuR4AaABAg,,False,@МарьянаСизова-ь4т,Хан такой весёлый. Даже страшно представлять что он пережил в начале карьеры,1,2024-09-29T07:56:23Z,2024-09-29T07:56:23Z
UgxrP11KBQ01Yrodsg94AaABAg,,False,@MageswariM-jk4yi,Both cutie pies are awesome to see😊,0,2024-09-29T07:10:22Z,2024-09-29T07:10:22Z
UgxSbo1gM2BXjmb3ZSh4AaABAg,,False,@kokoakinosita,INかわいい💓,0,2024-09-29T06:46:05Z,2024-09-29T06:46:05Z
Ugx6-rGg033p2eF6RoN4AaABAg,,False,@ProfessorChrystianCEEP,I Love you i.n ❤❤❤ my baby,0,2024-09-28T19:17:27Z,2024-09-28T19:17:27Z
Ugwp3Dll1Fw3P0rftYp4AaABAg,,False,@Birkişiişte-e7p,Tas firin ekmegiiiiiiiiii (jeongin),1,2024-09-28T18:56:27Z,2024-09-28T18:56:27Z
UgziNdCKiZF7AS_Kpfd4AaABAg,,False,@Leman.Coraline,тап тап по хомяку,0,2024-09-28T16:33:42Z,2024-09-28T16:33:42Z
Ugz4U0xcniusWIM6JO14AaABAg,,False,@TanushaTeryoshkina,Здорова;-) мне нравится;-) ваша аура мощная;-) сильные ребята;-),0,2024-09-28T11:01:36Z,2024-09-28T11:01:36Z
UgzU2PvnfNGUDi5npQl4AaABAg,,False,@ゆう-t9u8e,ポッポズーー！！,0,2024-09-28T10:29:18Z,2024-09-28T10:29:18Z
UgyK-F4KVaPEVD4f-jN4AaABAg,,False,@eblee-h2z,뽀뽀즈~ 한이 눈이 진짜 예뻐,0,2024-09-28T09:11:16Z,2024-09-28T09:11:16Z
UgxG14ASTJYpvdeQHKB4AaABAg,,False,@keerpacopeca,como voltea I.N a la cámara BDBSKAKA parece una tarea d ka escuela y que pregunta si ya con eso con la mirada,0,2024-09-28T06:44:47Z,2024-09-28T06:44:47Z
UgyZ0Igl7DIVOBqh5VR4AaABAg,,False,@LuisOcampo-ff2hf,Hjhh👍😍💗💗👹,0,2024-09-28T00:35:57Z,2024-09-28T00:35:57Z
UgzvjM7rkgBZCL6cqQl4AaABAg,,False,@Hwang_07-love,Stray Kids >>>🎀💘💗❤️🌷,0,2024-09-27T20:05:51Z,2024-09-27T20:05:51Z
UgxpXXJlT2wLJJiylPp4AaABAg,,False,@uma.stay.aleatóriaa,Sou a única brasileira ❤,0,2024-09-27T19:27:50Z,2024-09-27T19:27:50Z
UgxK9dh841BMUMaFf3F4AaABAg,,False,@Park_Chaehyeon,Cute as usuall ❤❤,0,2024-09-27T16:59:45Z,2024-09-27T16:59:45Z
Ugxbx3VVMjGflmrV_NZ4AaABAg,,False,@Stay_babo801,#Stray_kids_need_rest,0,2024-09-27T15:14:14Z,2024-09-27T15:14:14Z
Ugw4hco-y9aUJ6aufmh4AaABAg,,False,@DanteDavids-z6k,This is so cute ❤😊,0,2024-09-27T15:03:20Z,2024-09-27T15:03:20Z
Ugy5ibPJ5Zg1dPiOcXd4AaABAg,,False,@dmsgk1,"한이 볼 만져보고 싶다아
볼빵빵 기엽쿤.",0,2024-09-27T14:58:13Z,2024-09-27T14:58:13Z
Ugw0iSGZNlcUPHcF6dF4AaABAg,,False,@ملكالعراق-ل3غ,😂❤🐿️🦊❤😂,0,2024-09-27T14:39:37Z,2024-09-27T14:39:37Z
Ugx0t_xVwok6Z0hUYXZ4AaABAg,,False,@julie-co6army-BTS,so cute❤😊,0,2024-09-27T11:50:38Z,2024-09-27T11:50:38Z
UgwaHH5SLzuP4lNjtyV4AaABAg,,False,@RBLXMaishechka,Щёчки джисона это отдельный вид искусства,0,2024-09-27T06:03:47Z,2024-09-27T06:03:47Z
UgzZyqp-uOehAcMeOYV4AaABAg,,False,@nmixii,STRAY KIDS WORLD DOMINATION ❤❤❤,0,2024-09-27T05:13:41Z,2024-09-27T05:13:41Z
UgwHZC6m618_-XpDXmB4AaABAg,,False,@aqilahrefing,Pick up 😂🚺🟢🔇🗯️🔕😂⬅️⏮️⏸️⏬️⏬️◀️🔽🔼↔️↗️,0,2024-09-27T03:46:12Z,2024-09-27T03:46:12Z
UgwJDbSPyHJKEiip2194AaABAg,,False,@ItzelAvila-s7p,❤❤😂,0,2024-09-27T02:48:14Z,2024-09-27T02:48:14Z
Ugznl_Q_gDgaue7AILd4AaABAg,,False,@HeatherBashaw-sx8iq,❤hiiiiii,0,2024-09-26T20:51:59Z,2024-09-26T20:51:59Z
UgzqG3W7JFIb683ZFQx4AaABAg,,False,@EG7TUT,ну почему они такие милиии,0,2024-09-26T08:32:58Z,2024-09-26T08:32:58Z
UgyPHnEF8pey3ArplNl4AaABAg,,False,@nadiaschatz8436,Ⓗⓐⓝ❤❤❤❤❤❤❤ Ⓘ.Ⓝ,0,2024-09-25T19:13:41Z,2024-09-25T19:13:41Z
Ugx4AmogqVOYok9Ctn54AaABAg,,False,@andressamunck7481,BRO PLS,0,2024-09-25T17:42:08Z,2024-09-25T17:42:08Z
UgzSgQHiP2V2Vf1C78l4AaABAg,,False,@행복_tv,볼을 터치해주세요.,0,2024-09-25T15:12:23Z,2024-09-25T15:12:23Z
Ugzx0gIJZ4pw6IDjEE14AaABAg,,False,@츄선책,한이엔 ㅋㅋ,0,2024-09-25T11:35:14Z,2024-09-25T11:35:14Z
UgwDpxQDOAUct98SfM54AaABAg,,False,@stay-w8q,У Хана так миленько бегают глазки... уууииии милота😭💞😘😘♥️,0,2024-09-25T07:05:15Z,2024-09-25T07:05:15Z
UgyVg9NCaD36uWxU6W94AaABAg,,False,@강예은-b3u,뽀뽀즈를찬양하라,0,2024-09-25T05:58:07Z,2024-09-25T05:58:07Z
UgxygIztADJLL_LP7Ul4AaABAg,,False,@Asmita731,❤😂😮😊😅 two cute 🥰 dumplings,0,2024-09-25T05:39:04Z,2024-09-25T05:39:04Z
UgwXEa0BGi0_r2KdsEp4AaABAg,,False,@hopecm86,Han❤❤❤❤ and I.N,0,2024-09-25T02:06:46Z,2024-09-25T02:06:46Z
UgyOsYY7c4aDJn2Kkq94AaABAg,,False,@iqbalhassan7833,Han with his innocent face and I.N. with his cute face ❤❤,3,2024-09-25T00:57:09Z,2024-09-25T00:57:09Z
UgzUtmks-sHxTDr7Nf14AaABAg,,False,@ZulmaQuientana,Wooo han i love you,0,2024-09-24T22:47:11Z,2024-09-24T22:47:11Z
UgzdNnbqyoYhHlP7cQx4AaABAg,,False,@Hannieverse-8,HAN IS SO CUT 😢❤,0,2024-09-24T18:26:03Z,2024-09-24T18:26:03Z
UgyDVQ4qB4M69gHW7314AaABAg,,False,@HoshiandwooziShow,I.n is so FLIPPING CUTE AWE ❤❤❤❤❤❤❤❤❤,0,2024-09-24T17:29:17Z,2024-09-24T17:29:17Z
UgyZDz6tr5TFGacG3Sl4AaABAg,,False,@TheLunawq,AWWWWWWWWWWWWWWWW Han so CUTEEE 🫀🤍💗✨,0,2024-09-24T16:56:51Z,2024-09-24T16:56:51Z
UgyeWIlSJJxGrcswqAd4AaABAg,,False,@TheOnlyAlpha87,Han just staring into space while innie plays with his face is so 🤩,0,2024-09-24T16:50:50Z,2024-09-24T16:50:50Z
Ugx11aLV2Y-98lKpiM54AaABAg,,False,@a.lr81,ايانيييي هانييي🤙🏻🤙🏻😭😭,0,2024-09-24T15:42:03Z,2024-09-24T15:42:03Z
UgyarpDbEGB_Jy6Kr3x4AaABAg,,False,@Luna.almautiri,Jeongin and Hannie is so cute ♡,0,2024-09-24T15:26:54Z,2024-09-24T15:26:54Z
UgzVDJjGx_tQX5ufseB4AaABAg,,False,@Wihejoon,Why are you so cute?,0,2024-09-24T14:03:30Z,2024-09-24T14:03:30Z
UgxzU3JsxZ79Dbo5sVF4AaABAg,,False,@SilvinoKudlarh,❤❤❤❤❤,0,2024-09-24T12:41:08Z,2024-09-24T12:41:08Z
UgyWQilkbFly-wm7qxB4AaABAg,,False,@naeemazafar9965,Cute maknae ❤,1,2024-09-24T10:53:34Z,2024-09-24T10:53:34Z
Ugwu--goA65yccxCeON4AaABAg,,False,@えええ20,Han with 'wedding' hanbok....😅,0,2024-09-24T10:26:42Z,2024-09-24T10:26:42Z
Ugw3Ao5m4gZJ_KC9tgx4AaABAg,,False,@MeherunNessa-uu8sz,So cute 🥹🫶🏻,0,2024-09-24T09:58:12Z,2024-09-24T09:58:12Z
UgytsHA006TFIxXZ_KV4AaABAg,,False,@popyakther6513,i hate han,1,2024-09-24T07:52:19Z,2024-09-24T07:52:19Z
UgwBIOb2GqrqwS2VcpN4AaABAg,,False,@StrayKids_SamsungLions,아 귀여워ㅠ,0,2024-09-24T06:41:30Z,2024-09-24T06:41:30Z
UgxAeU4ciiTWyj-zk914AaABAg,,False,@SUSANITARE,O son tan lindos y se ven muy hermosos 😊,0,2024-09-24T05:25:45Z,2024-09-24T05:25:45Z
UgxMFItCqHi_XCtKQz94AaABAg,,False,@LidiaVivancoHerrera,Q lindo ❤😊,0,2024-09-24T00:34:54Z,2024-09-24T00:34:54Z
UgwqYqp7f6to8tXm0cx4AaABAg,,False,@Iamokayy,soo cutee,0,2024-09-24T00:32:41Z,2024-09-24T00:32:41Z
Ugyw-QjelGORBMG_GZp4AaABAg,,False,@MmMm-b7o7j,Hanissocutee❤🐿❤,0,2024-09-23T20:22:52Z,2024-09-23T20:22:52Z
Ugyax9Oq0NqlaX03KyV4AaABAg,,False,@Stary_kids143,Тап тап тап по хомяку 😂😂😂,0,2024-09-23T19:14:05Z,2024-09-23T19:14:05Z
Ugyqn4XmgSSJEZrMcPZ4AaABAg,,False,@4_everskz,SO CUTEEE😊,0,2024-09-23T18:01:33Z,2024-09-23T18:01:33Z
UgyMK8hFFsnMSscb8ep4AaABAg,,False,@JEONGIN_ONLY,ياريت لو كنت مكان هان🥹💗,0,2024-09-23T17:10:59Z,2024-09-23T17:10:59Z
UgwmJjiN4vhPpPc4Ojt4AaABAg,,False,@ChangbinnieFan-n7t,He has such squishy cheeks and there somcute,0,2024-09-23T16:33:02Z,2024-09-23T16:33:02Z
UgxMdfe5d0oT6uOa2Ud4AaABAg,,False,@FarangizTuraboyeva-o7u,Тап тап тап по хомяку 😂,1,2024-09-23T15:02:55Z,2024-09-23T15:02:55Z
UgxrvBox4VECBQ80YSJ4AaABAg,,False,@Korean_star-y1c,😊😊😊😊😊,0,2024-09-23T14:47:11Z,2024-09-23T14:47:11Z
UgyRz4ZFkOszCV8QCJl4AaABAg,,False,@dohee_k,전부치는 소리인가 ㅎㅎ정인 지성오빠 귀요미,0,2024-09-23T12:45:58Z,2024-09-23T12:45:58Z
UgzgazRH5ft-TsoDktR4AaABAg,,False,@melo-j6y,❤❤❤😊😊,0,2024-09-23T12:33:28Z,2024-09-23T12:33:28Z
UgzOuKZSiE_o3gW4ecZ4AaABAg,,False,@Elena3-nw1pg,정말 보고 싶어요🙂,1,2024-09-23T12:31:02Z,2024-09-23T12:31:02Z
UgydXW6DIXwqMkHZMdF4AaABAg,,False,@olgarc7699,Happy chuseokkkkk,0,2024-09-23T11:29:33Z,2024-09-23T11:29:33Z
Ugz59xA7ZMvRa2Br2cB4AaABAg,,False,@cherenka_itzi,тар тап тап по хомеку❤😂,0,2024-09-23T11:08:36Z,2024-09-23T11:08:36Z
UgyyQLzs_-K6uSXhODV4AaABAg,,False,@áries_líder_do_grupo,❤️🦊🐿️,0,2024-09-23T09:51:51Z,2024-09-23T09:51:51Z
UgyTfVs7ZZwOb-rf99N4AaABAg,,False,@Winterbowbunni,Han just standing there like : 😐,1,2024-09-23T05:40:02Z,2024-09-23T05:40:02Z
UgzNCzn8CB4dOkYYePh4AaABAg,,False,@Blinkgirl_sooyaNenna,Hannn sooo cute 🥰,1,2024-09-23T04:04:04Z,2024-09-23T04:04:04Z
Ugz8fIEmyCttSDKD9Xt4AaABAg,,False,@Girls_kaiser,Sweet ❤❤❤,0,2024-09-23T02:48:22Z,2024-09-23T02:48:22Z
UgzI8-jicb1a41zJiat4AaABAg,,False,@IluvSealzzzsz,Their are so much cuteee 😭😭💗✨,0,2024-09-22T21:43:35Z,2024-09-22T21:43:35Z
UgyJaSYl-J58G0RQQiV4AaABAg,,False,@sthefany-wi5,아름다운 두 사람,0,2024-09-22T21:07:35Z,2024-09-22T21:07:35Z
Ugz7fYrgl7-_wCUEmVN4AaABAg,,False,@SalomGardiyon,I. N    men seni sevaman ❤❤❤❤❤❤❤,0,2024-09-22T19:37:48Z,2024-09-22T19:37:48Z
Ugze6NURDByfiiQqj1h4AaABAg,,False,@brittanyartist,Han❤❤,0,2024-09-22T19:21:07Z,2024-09-22T19:21:07Z
UgznQETH7pXRksO0Ry14AaABAg,,False,@K-Pop_Stay_SKZ,I.N's face is so cute,0,2024-09-22T17:19:36Z,2024-09-22T17:19:36Z
Ugw0ZMCYwh56dq3bkI14AaABAg,,False,@Aesthetic_palace_77,Waee??? Han cuteeeee😢❤😫😍,0,2024-09-22T17:12:52Z,2024-09-22T17:12:52Z
UgwSYWUatzpi5tG4J1R4AaABAg,,False,@лина-х4ц6я,너무 귀여워   ❤,0,2024-09-22T15:31:49Z,2024-09-22T15:31:49Z
UgzWKKGzRhrm50mjLy54AaABAg,,False,@Hanniiluvcute,Who's peeing is the back,0,2024-09-22T14:35:29Z,2024-09-22T14:35:29Z
UgxyzVqvAbMbxg2Zl654AaABAg,,False,@VuyelwaMthembu-rv1vu,For some kind of reason they look similar,0,2024-09-22T13:31:07Z,2024-09-22T13:31:07Z
UgyOh7i1dnejfw5aQch4AaABAg,,False,@RIZWANIQBAL1982,❤❤❤❤❤❤❤❤❤❤❤❤❤❤❤❤❤❤❤❤❤❤❤❤❤❤❤❤❤❤❤❤❤❤❤❤❤❤❤❤❤❤❤❤❤❤❤❤❤❤❤❤❤❤❤❤❤❤❤❤❤❤❤❤❤❤❤❤❤❤❤❤❤❤❤❤❤❤❤❤❤❤❤❤❤❤❤❤❤❤❤❤❤❤❤❤,0,2024-09-22T12:11:27Z,2024-09-22T12:11:27Z
UgwyiV0K3R7VMTdNRuB4AaABAg,,False,@SOFIK-yx1cg,"Honey, I'm sorry, I forgot to congratulate you on the past ❤️❤️❤️",0,2024-09-22T11:28:14Z,2024-09-22T11:28:14Z
UgzWk3OTkELcxuKRK-N4AaABAg,,False,@Shuhuaa_yeh,I.N is doings stays dream..,0,2024-09-22T11:11:05Z,2024-09-22T11:11:05Z
UgzQVjw0WhwBXfTmBn94AaABAg,,False,@Lojien_95,الله يحطني مكان ايانيي,0,2024-09-22T10:12:57Z,2024-09-22T10:12:57Z
UgxJ7WX_kjVhDjYxyYJ4AaABAg,,False,@ТасяЕщкерепикми,Тап тап хомяка! Тапай хомяка!,0,2024-09-22T09:41:20Z,2024-09-22T09:41:20Z
UgxBfy4DJHox8kpz7kd4AaABAg,,False,@yourbehaviorissoUGHH,THATS SO CUTE WHAT-,6,2024-09-22T09:28:11Z,2024-09-22T09:28:11Z
UgxaaTvNWcaqvb6ye754AaABAg,,False,@aesthetik981,Cuteeee❤,0,2024-09-22T08:15:20Z,2024-09-22T08:15:20Z
Ugz_WJ-lrjDN7dYYscl4AaABAg,,False,@Weseesnor,❤❤🧡🧡💛💛💚💚💙💙💜💕💕❣️❣️💝💝💘💘💖💖❤‍🔥❤‍🔥💗💗💓💓💞💞,1,2024-09-22T08:00:34Z,2024-09-22T08:00:34Z
UgwWJVuvMnxZmOEyHVl4AaABAg,,False,@cat4-q9k,Хан такой милаха аааааа не могу ❤,0,2024-09-22T06:43:50Z,2024-09-22T06:43:50Z
UgxfPKLnrRf-Vx0CqAZ4AaABAg,,False,@АннаИгнатьева-х9щ,Там так там по хомяку,0,2024-09-22T06:42:56Z,2024-09-22T06:42:56Z
UgzrWak7Quqj4_QkiG54AaABAg,,False,@K-Poplover-x7o,The smile😂😊,0,2024-09-22T05:41:13Z,2024-09-22T05:41:13Z
UgwuiqtQc23b41VCg5l4AaABAg,,False,@FefeshSaurus,Crying because of so much cuteness,0,2024-09-22T05:02:01Z,2024-09-22T05:02:01Z
UgxS-NJgIbrb2XSgKJ54AaABAg,,False,@bekaa3581,Chegueiiii❤❤❤,0,2024-09-22T00:44:32Z,2024-09-22T00:44:32Z
Ugx7CweKQLrF0vKooT14AaABAg,,False,@MiaLee09,Han is so cutee🫠💓,85,2024-09-21T22:24:04Z,2024-09-21T22:24:04Z
Ugx7CweKQLrF0vKooT14AaABAg.A8f216j9YhwA8iv8Tdaytx,Ugx7CweKQLrF0vKooT14AaABAg,True,@melanyamartirosyan3958,My bias is Han 🎉🎉🎉🎉❤,1,2024-09-23T10:32:08Z,2024-09-23T10:32:08Z
Ugx7CweKQLrF0vKooT14AaABAg.A8f216j9YhwA9Cyoe6JjZe,Ugx7CweKQLrF0vKooT14AaABAg,True,@FelixyongbokLee-u8s,"Hello thanks for the love and support in my career, I've been viewing your comments on my public post, I hope you are a big fan of mine.",1,2024-10-05T12:00:42Z,2024-10-05T12:00:42Z
Ugx4gavwMpRiSoD7IKd4AaABAg,,False,@hancuddle,Cute,0,2024-09-21T21:19:53Z,2024-09-21T21:19:53Z
Ugwf_y5qezamy4HRtc94AaABAg,,False,@YuliToro-fz7se,❤❤❤,0,2024-09-21T20:15:39Z,2024-09-21T20:15:39Z
Ugxk8R8wLWl8oMvWKTR4AaABAg,,False,@Straykids_bs,I.N AAAAAAAAAHHHHH MARRY MEEEEE I WILL DIE FOR YOU❤❤,0,2024-09-21T20:07:42Z,2024-09-21T20:07:42Z
UgwemKjKVEzwGUK-feF4AaABAg,,False,@Sekikofallinlove143,Cutie❤🥹💗🎀❤️🩷💕,0,2024-09-21T18:35:27Z,2024-09-21T18:35:27Z
Ugxm2rf0V7Rf5CNpCMt4AaABAg,,False,@Luan.gamerD,Se queria reir han JAJAJA,1,2024-09-21T18:27:41Z,2024-09-21T18:27:41Z
Ugw5ASjZqnTnKq27V614AaABAg,,False,@wonnie0902,I.N est si mignon j'adore ❤❤❤❤❤son regarde et trop cuteee❤,3,2024-09-21T17:22:57Z,2024-09-21T17:22:57Z
UgxVcIBICqB5uCVRrAd4AaABAg,,False,@angelavargas9954,Que bellos los amo 🥰😍😘,0,2024-09-21T16:03:35Z,2024-09-21T16:03:35Z
UgxUZo7bYBVwCrmlj6t4AaABAg,,False,@Tamara-e7f,I love you so much I.N,0,2024-09-21T15:55:39Z,2024-09-21T15:55:39Z
Ugw4aOt10oenMH96kUR4AaABAg,,False,@Gessyca_skz18,Is so cuteeeee,2,2024-09-21T15:43:30Z,2024-09-21T15:43:30Z
UgzZ8xCS_kw3E9MIg394AaABAg,,False,@EhanPatwary-io8wg,I support stray kids forever 🖤,0,2024-09-21T14:51:22Z,2024-09-21T14:51:22Z
UgwSc-1l0GupzE_lGb94AaABAg,,False,@Belen-g4i,I.n blink only one time,0,2024-09-21T13:27:37Z,2024-09-21T13:27:37Z
Ugxtgy68JBOoFhx9GoB4AaABAg,,False,@Itzelliegamex,MG I CAN'T STOP WATCHING THERE CHANNEL,0,2024-09-21T13:04:56Z,2024-09-21T13:04:56Z
UgwbRV-hEMa2ApCnuwN4AaABAg,,False,@килькуяни,"HAN looks like he was lifted out of bed, but not fully woken up) I.N is like an older brother here) big beloved children) Stray kids are the best, happiness to you all",12,2024-09-21T12:46:24Z,2024-09-21T12:46:24Z
UgyBka3qvRBKl02K8rF4AaABAg,,False,@ShavkatShuhratov-gx1ob,😂😂😂😂😂😢😢😢😢😢😢,0,2024-09-21T12:26:12Z,2024-09-21T12:26:12Z
Ugw94VTmJxeyBW5bSER4AaABAg,,False,@Дина01111,I LOVE YOU STRAY KIDS! ❤️‍🩹🥹🤌🏻,0,2024-09-21T11:01:17Z,2024-09-21T11:01:23Z
Ugw8iVzgST0PyiSTylJ4AaABAg,,False,@stayy-pv5in,AWHHHH BABY (daddy) BREAD IS SAUR CUTE- AND JISUNG MYYYY QUOKKAAAA AWHHHH 😭💋💋💋,1,2024-09-21T10:36:46Z,2024-09-21T10:36:46Z
Ugz1cxuWeDSGi9sV8ch4AaABAg,,False,@stayy-pv5in,Han looking like a lost Quokka 😭❤️😂💙,1,2024-09-21T10:36:07Z,2024-09-21T10:36:07Z
UgzuBkzwovRnN1po05Z4AaABAg,,False,@minsung_reals,Is minsung real?,1,2024-09-21T09:43:03Z,2024-09-21T09:43:03Z
Ugw_rPzIMS108wgJVhh4AaABAg,,False,@poranglinozz1025,both of them are so cute 🤓🤓,0,2024-09-21T08:33:07Z,2024-09-21T08:33:07Z
UgyKYIpJi8lIMlHP5FN4AaABAg,,False,@Hansjisung,I want to do this👽,0,2024-09-21T07:32:55Z,2024-09-21T07:32:55Z
Ugw9ApWPod7MbAjiSV94AaABAg,,False,@Stayarmyblink784,Love you Stray Kids ❤,0,2024-09-21T07:15:34Z,2024-09-21T07:15:34Z
UgxjSGhcGFlnhuYyDuR4AaABAg,,False,@Valeria-l7r8k,💖❤️‍🩹,0,2024-09-21T06:58:11Z,2024-09-21T06:58:11Z
UgwK0yWpAO-kMrCpgch4AaABAg,,False,@Valeria-l7r8k,💖❤️‍🩹,0,2024-09-21T06:57:58Z,2024-09-21T06:57:58Z
Ugx4-a77NvTbzsqgeC94AaABAg,,False,@Valeria-l7r8k,💖❤️‍🩹,0,2024-09-21T06:57:39Z,2024-09-21T06:57:39Z
Ugz-S0SPNCBPDWpRZ8h4AaABAg,,False,@QutieQ2,I've always wanted to do that to Han's cheeks!!! They're so squishyyyyy!!!!😢😢😢,0,2024-09-21T05:05:49Z,2024-09-21T05:05:49Z
UgyGVoAIfXR3cXHJwBd4AaABAg,,False,@nicky_kitty_777,"i saw a clip of the staff poking his cheek

but i wanna be that staff member 😭",0,2024-09-21T05:01:56Z,2024-09-21T05:01:56Z
Ugx6ZiyD_vgfy_NdrRp4AaABAg,,False,@АйлйнАкылбек-ж8й,So cute ❤,0,2024-09-21T04:54:44Z,2024-09-21T04:54:44Z
UgzMazqUdFgqMaqZ4Rx4AaABAg,,False,@Layloni-id3el,Don't hate me but Han kinda looks like the character that paints from painter of the night please don't hate me it's just my mind in dumb 😭,0,2024-09-21T04:23:22Z,2024-09-21T04:23:22Z
Ugwrk4KqoH79YfpjvSJ4AaABAg,,False,@BluWar-c8c,Love❤❤,0,2024-09-21T04:08:08Z,2024-09-21T04:08:08Z
Ugzh9BuPEKo8i8zZIJl4AaABAg,,False,@Straykids-stay775,How. Old. Is. Flixe,0,2024-09-21T03:15:03Z,2024-09-21T03:15:03Z
Ugzs5kp82iA32OzGRjZ4AaABAg,,False,@로로-j7o,귀여워..진짜...너무,0,2024-09-21T02:50:17Z,2024-09-21T02:50:17Z
UgwqQ_d05WjVe6ScpV14AaABAg,,False,@psychofelixz,ARRASOU STRAYKIDS🎉🎉🎉🎉🎉🎉,0,2024-09-21T02:46:43Z,2024-09-21T02:46:43Z
Ugxh5f6lsuy3oR6e9sl4AaABAg,,False,@sablgrl01,Han and I.N .. 🤩 what’s not to love about this,0,2024-09-21T02:40:44Z,2024-09-21T02:40:44Z
UgwyWvU7AtVAMic6Nvp4AaABAg,,False,@unnie_blinks-s1m,Han looks so cute so does i.n soooooooooooo cute 🥰❤❤❤,0,2024-09-21T02:07:37Z,2024-09-21T02:07:37Z
UgwE7Il93N4FpIVUj9d4AaABAg,,False,@MisaelMelo-ud5kt,jllioiiklķbJIiaioaoap0PO0a00oo😊i😊o😊😊,0,2024-09-20T22:32:56Z,2024-09-20T22:32:56Z
UgwfaQZHtXtXjdXiGi94AaABAg,,False,@FereynazAydın,Jeongin hayallerimi yaşıyor :),2,2024-09-20T22:26:20Z,2024-09-20T22:26:20Z
UgwjhtZcmke1VKK5LJx4AaABAg,,False,@goddess2142,Real maknae and fake maknae,0,2024-09-20T22:01:01Z,2024-09-20T22:01:01Z
UgxfbQczE4kLwmMnYK54AaABAg,,False,@Panterabts,😂😂😂😂😂😂😂😂😂😂😂😂,0,2024-09-20T20:54:27Z,2024-09-20T20:54:27Z
UgzIDHWk3heqFuk0esR4AaABAg,,False,@KristinaAnglea,They are so cute I love this friendship. The was I.N smiled he was so adorable 😭,7,2024-09-20T19:58:21Z,2024-09-20T19:58:21Z
Ugzm7kj-wyuSWAkwBJB4AaABAg,,False,@oleevia143,I.N. a fait ce que tout Stay rêve de faire 🤣🩷🎀🎐,1,2024-09-20T18:54:59Z,2024-09-20T18:54:59Z
UgyEY8ABq-iOGcfeLCV4AaABAg,,False,@Summerstarsoriginal.,Тапаем по белкам вместе с Чонином,0,2024-09-20T18:07:34Z,2024-09-20T18:07:34Z
UgwGS_nCXn-Qn1NtcnZ4AaABAg,,False,@NinguémMartins,I.n bebê pão,0,2024-09-20T17:36:17Z,2024-09-20T17:36:17Z
UgyCFtNjv3QTwZPDaBF4AaABAg,,False,@Straykidsbutterfly,I.NS FOXY FEATURES WITH QOUKA 💦💙,1,2024-09-20T17:07:31Z,2024-09-20T17:07:31Z
UgyvXqn4k-0n0c6O7dd4AaABAg,,False,@CallieCross-r8e,This is so cute,0,2024-09-20T16:51:22Z,2024-09-20T16:51:22Z
Ugxf8t6vTjzECuACKdB4AaABAg,,False,@ZelainscaFrancisca-qn7wi,❤,0,2024-09-20T16:20:30Z,2024-09-20T16:20:30Z
Ugyvm6dKYScg7WKVgZ94AaABAg,,False,@EmiINTP,Какие красивые и милые 😊❤,0,2024-09-20T16:03:32Z,2024-09-20T16:03:32Z
Ugzz_ZhrcT-l666IfzV4AaABAg,,False,@Jeonginim_jeonginim,'Cause there's,1,2024-09-20T15:24:43Z,2024-09-20T15:24:43Z
UgxB8yvQrDNxjnL7BoJ4AaABAg,,False,@Lostpiece1,Cute❤... İstiyom,0,2024-09-20T14:48:03Z,2024-09-20T14:48:03Z
Ugw9GYBbnJawW49lARR4AaABAg,,False,@로젤리나-q7k,아인ㅏ앙 나도 한번만😢,1,2024-09-20T14:34:40Z,2024-09-20T14:34:40Z
UgyzsGYrWqS_y85Z9HF4AaABAg,,False,@АннаАнгелова-щ9с,The best ❤❤❤ Jeongin my love 💓 💘 💗,0,2024-09-20T14:32:57Z,2024-09-20T14:32:57Z
UgwxPS-kM-yNwIbjWSZ4AaABAg,,False,@Staylio_143ৎ,Siiiiinnnncccaaaaappppppppppp🐿💞🌟🌈✨🫶💕💐,0,2024-09-20T14:31:51Z,2024-09-20T14:31:51Z
UgwGscsWvxZn3PSsPK54AaABAg,,False,@RoxanaPatriciaNavarro,Que  lindos 😅😅😮❤❤🦊🐿👍🇦🇷,0,2024-09-20T14:25:27Z,2024-09-20T14:25:27Z
UgxAJoFcRT3lAxUMyuN4AaABAg,,False,@KatarinaOne-ly3ix,Eu quero me dá,0,2024-09-20T13:56:14Z,2024-09-20T13:56:14Z
Ugzy2vkWxVH1eEe5k0N4AaABAg,,False,@Zxjkv,يشبه جاي شين,0,2024-09-20T12:44:40Z,2024-09-20T12:44:40Z
Ugx9GjJ0bHJ7LE72XTB4AaABAg,,False,@MalikAlRashdi-l7u,so cute ❤😊,0,2024-09-20T12:20:48Z,2024-09-20T12:20:48Z
UgzJZFOXNHNWxsvYhVZ4AaABAg,,False,@ElifalyaDikilitaş,❤I LOVE YOU❤,0,2024-09-20T11:38:20Z,2024-09-20T11:38:20Z
UgxgHCK_0uED_tygvrp4AaABAg,,False,@MusicOnTop2,Han 🐿️ ur too cuteeeee 😭 and I.N 🦊 too!!! Maknae ❤️,0,2024-09-20T11:10:54Z,2024-09-20T11:10:54Z
Ugzr6ya1ODntk3rNbh94AaABAg,,False,@user-bf6sc9op2n,한이 볼따구 ㅋㅋㅋㅋㅋㅋㅋ❤으앜,0,2024-09-20T06:31:01Z,2024-09-20T06:31:01Z
UgzCgPSryWZxpSELHMp4AaABAg,,False,@TOMMYI-ou4ky,ハニのほっぺは世界遺産❤,1,2024-09-20T05:45:34Z,2024-09-20T05:45:34Z
UgyejplcFC-L7gBVz6l4AaABAg,,False,@FathimaFaheena,Han 😂😂,0,2024-09-20T05:28:03Z,2024-09-20T05:28:03Z
Ugz6r5Cs99jmXJcuOxV4AaABAg,,False,@EuihyunReal,Me recuerda a Na-kyum,0,2024-09-20T03:40:34Z,2024-09-20T03:40:34Z
UgzAtAlbT5sX-bkj20B4AaABAg,,False,@RugiyyaYoosuf-r6k,Come to Maldives at least for a vacation please 😢,0,2024-09-20T03:40:10Z,2024-09-20T03:40:10Z
UgzMVzTw4Y2bK0vs1Ud4AaABAg,,False,@j.one_0325,"Йена, я тоже хочу пожмякать❤",0,2024-09-20T03:37:01Z,2024-09-20T03:37:01Z
UgwSCuXE_YG5AmznTDV4AaABAg,,False,@claireveril9457,Han and i.n are literally the cutest duo ever,1,2024-09-19T22:27:49Z,2024-09-19T22:27:49Z
UgznYD61-4pSD2zK5hR4AaABAg,,False,@luizgomez163,"사랑해요, 당신은 인형처럼 포근해요",0,2024-09-19T21:56:58Z,2024-09-19T21:56:58Z
UgxhcwhR6JBFI0hhyU14AaABAg,,False,@Cuidadasua,Eu queria tá no lugar do i.n apertado a bochecha do Han mais que inveja ❤,1,2024-09-19T20:43:23Z,2024-09-19T20:43:23Z
Ugw7rKWp0T03lzkzmy94AaABAg,,False,@ENASLEEKNOW,I'M LOVE YOU han💍💍🎉🎉😭😭😭,0,2024-09-19T20:36:36Z,2024-09-19T20:36:36Z
UgwljUY2UJ84Uyn-9s94AaABAg,,False,@ENASLEEKNOW,I'M LOVE YOU I.N 🥵🥵💍💍💍,0,2024-09-19T20:36:26Z,2024-09-19T20:36:26Z
UgwNS9opPxax0ImBQi94AaABAg,,False,@CarolinaChilatamayo,💫💫💌💌💌💌💌💌💌,0,2024-09-19T20:25:35Z,2024-09-19T20:25:35Z
UgzN6ULRhfpHFsUK2OF4AaABAg,,False,@anagomez4460,Feluz chuseok❤❤,0,2024-09-19T18:57:39Z,2024-09-19T18:57:39Z
Ugwet9iIxduUoSj6p654AaABAg,,False,@KpopWithLex,THEY ARE SO CUTE AAAHHHG 😭😭😭😭😭😭 *CUTENESS AGRESSION* 👹👹👹❤️❤️❤️❤️‍🩹❤️‍🩹❤️‍🩹 I LOVE THEM SO MUCH AAAAAAHHHHH,0,2024-09-19T18:48:14Z,2024-09-19T18:48:14Z
Ugxn8xjCdqijuPCb1y94AaABAg,,False,@brookParsons,The Spam is cooked??,0,2024-09-19T18:34:37Z,2024-09-19T18:34:37Z
Ugzkp9FCBnwdsWZXgIZ4AaABAg,,False,@AsadZaman-q4l,Oww his chubby cheeks cuuu,0,2024-09-19T18:34:18Z,2024-09-19T18:34:18Z
Ugyy2sFJ9gNOcCnrt1R4AaABAg,,False,@Blink_fan1,❤❤❤❤❤❤❤,0,2024-09-19T18:23:11Z,2024-09-19T18:23:11Z
UgxjMbdAgnw7-1GpR4x4AaABAg,,False,@Cationna,Han's disassociating 😂,0,2024-09-19T18:14:25Z,2024-09-19T18:14:25Z
UgzDD1oE_87k1VurGPl4AaABAg,,False,@melliwynblocksberg6731,"Was für eine Geduld 😂, irgendwann hätte ich den Kopf weg bewegt😂😂",0,2024-09-19T18:02:00Z,2024-09-19T18:02:00Z
UgwJgjmAMubgpoUFrWd4AaABAg,,False,@berthacordova7705,❤❤❤❤,0,2024-09-19T17:58:11Z,2024-09-19T17:58:11Z
Ugw4RoOW6_40h6gXG2V4AaABAg,,False,@Fofi-n1e,❤❤❤❤❤❤❤❤❤❤❤❤❤❤❤❤❤❤❤❤❤❤❤❤❤❤❤❤❤❤ han,0,2024-09-19T17:18:51Z,2024-09-19T17:18:51Z
UgzTqznGNeG4LZBYD9p4AaABAg,,False,@ΧρύσαΞαρχουλάκου,Hans cuteeeeeee face 😩❤️,0,2024-09-19T17:00:23Z,2024-09-19T17:00:23Z
Ugx6Vzl5w41AL2q5MiF4AaABAg,,False,@HanaBakh,دور سرتون بگردم من:),0,2024-09-19T16:46:46Z,2024-09-19T16:46:46Z
UgzGkKINMFDXPiqjJe14AaABAg,,False,@KittySmith-p6g,Omg Hans hat 😂😂,0,2024-09-19T16:18:22Z,2024-09-19T16:18:22Z
Ugz7AM0iSKvK15jDCTR4AaABAg,,False,@Inga-Freja,❤❤❤,0,2024-09-19T16:15:45Z,2024-09-19T16:15:45Z
Ugy-1DMxVEP4B2dfMh94AaABAg,,False,@ElenaAnnaNygaard,🥰,0,2024-09-19T15:36:28Z,2024-09-19T15:36:28Z
UgxToaLkh219NSqrbCN4AaABAg,,False,@Haewoniw,Han’s chest are like quokka❤❤❤,0,2024-09-19T15:29:10Z,2024-09-19T15:29:10Z
UgxgrYolSzNwBIk0vlt4AaABAg,,False,@Kwinu,🔥💙🫰,0,2024-09-19T15:22:35Z,2024-09-19T15:22:35Z
UgwnHZLmtD9pW5ElzzR4AaABAg,,False,@Army_Madridstan,Cute 🥹🤍,0,2024-09-19T14:41:11Z,2024-09-19T14:41:11Z
UgwpuzUZIGXJ-t5Wgbl4AaABAg,,False,@CallmeHan144,Han's cheeks are more precious than a diamond😌,0,2024-09-19T14:08:58Z,2024-09-19T14:08:58Z
UgywEqT2tt3ydCtHvwN4AaABAg,,False,@nataliadesouza9563,I.N Fulfilled our wish,0,2024-09-19T14:03:43Z,2024-09-19T14:03:43Z
Ugz_qFxF6Lr8wGrifJJ4AaABAg,,False,@kasthuris8118,They ate the cutest duo,1,2024-09-19T13:46:16Z,2024-09-19T13:46:16Z
UgwTakGPdY6GpE7DbZR4AaABAg,,False,@erikalarcon9199,Nose si quisiera ser i.n o han,0,2024-09-19T13:31:45Z,2024-09-19T13:31:45Z
Ugyuvtnw7WeHvC85Xzp4AaABAg,,False,@adrianadbramirezcurvas8131,Cute❤,0,2024-09-19T13:26:43Z,2024-09-19T13:26:43Z
UgzrTVpA2GR3RtzoCV54AaABAg,,False,@SoundousYahiaoui-d9d,Oh my god his cheeks are so squishy he is so cute and Ian is so cute too... ah all the members are really cute ❤❤❤❤,0,2024-09-19T12:47:01Z,2024-09-19T12:47:01Z
UgyHrCSRXvF1LpncGqF4AaABAg,,False,@silvia91193,"I love I.N.
I love Stray Kids.",1,2024-09-19T12:42:51Z,2024-09-19T12:42:51Z
Ugz3Z1udGKDFmuOPeQt4AaABAg,,False,@jisoo_my_love1,STRAY KİDS PLEASE FİRST,0,2024-09-19T12:36:56Z,2024-09-19T12:36:56Z
UgwHfrpGv3FR5zulC6t4AaABAg,,False,@HyunjinMylove-l5o,"최고의 커플 이안과 한, 사랑해요 ❤❤",1,2024-09-19T12:13:45Z,2024-09-19T12:13:45Z
Ugy6iiGV_vKeqwT7oPd4AaABAg,,False,@isabellelucaora417,QUE SONHO,0,2024-09-19T12:13:16Z,2024-09-19T12:13:16Z
UgwtIxI3Wti34FbxQEh4AaABAg,,False,@isabellelucaora417,DEVE SER TAO BOM FAZER ISSO CARA AAHHHHHHHHHH,0,2024-09-19T12:13:09Z,2024-09-19T12:13:09Z
UgzEv7QoRIgUVb0HiIh4AaABAg,,False,@籾井裕美-i8h,とても楽しくて可愛いものをありがとうございます❤❤😂😆🤗😭一生 見てられるかも・・✨💘💘💘です🥰🥰🥰🥰🥰,1,2024-09-19T11:47:33Z,2024-09-19T11:47:33Z
UgzEv7QoRIgUVb0HiIh4AaABAg.A8ZkaN3_YAxA9G9HYZMx2s,UgzEv7QoRIgUVb0HiIh4AaABAg,True,@СветланаМагомедова-е2ц,🎉,1,2024-10-06T17:38:37Z,2024-10-06T17:38:37Z
UgzEv7QoRIgUVb0HiIh4AaABAg.A8ZkaN3_YAxA9G9K9Wlitw,UgzEv7QoRIgUVb0HiIh4AaABAg,True,@СветланаМагомедова-е2ц,❤😂,1,2024-10-06T17:38:59Z,2024-10-06T17:38:59Z
Ugy83DMtdeMF0YDKpup4AaABAg,,False,@sunyoungryu1099,나도 한번만 제발 제발제발ㅈㅂㅈㅂㅈㄷㅂㅈㅂ,0,2024-09-19T11:36:35Z,2024-09-19T11:36:35Z
UgxSCQvWgAAobFtEg554AaABAg,,False,@jojoqueen4367,OH CUTE,0,2024-09-19T09:03:40Z,2024-09-19T09:03:40Z
Ugw2GR4rEEaXDpk5N954AaABAg,,False,@Yulia__skz,cheeks  Han as soft as buns🐹🐹,1,2024-09-19T08:13:12Z,2024-09-19T08:13:12Z
UgzxO3ZpaBzCFseyOfx4AaABAg,,False,@user-kt1bx4wd7n,🫰🏻🇰🇷🫧🫧,1,2024-09-19T06:07:02Z,2024-09-19T06:07:02Z
Ugwaq1NJWKFDcDAfKcR4AaABAg,,False,@عبدوعبدو-ج2ن,So cute 😎😎😎😎😎,0,2024-09-19T05:39:59Z,2024-09-19T05:39:59Z
UgylOn8Z2hudNCCcorN4AaABAg,,False,@dany_cris,I.N so cute ❤😊,0,2024-09-19T05:29:49Z,2024-09-19T05:29:49Z
UgzZkJue51qyNXDuPtd4AaABAg,,False,@Hannikpop53,CUTEEE,0,2024-09-19T05:22:10Z,2024-09-19T05:22:10Z
Ugw5gCLrWcebFppf-FB4AaABAg,,False,@Nannie_skz143,Sooo CUTE ✨ ❤❤❤,1,2024-09-19T05:10:15Z,2024-09-19T05:10:15Z
UgwVA7PF7r6ocFzdcqp4AaABAg,,False,@채채-j3v,이엔이 넘 기여워🤩,1,2024-09-19T04:34:31Z,2024-09-19T04:34:31Z
Ugx0R0eguExmmyhh0ul4AaABAg,,False,@jesterfeathers,This is just the sound I imagined touching Han’s cheeks would make,2,2024-09-19T03:36:59Z,2024-09-19T03:36:59Z
Ugw2lKEFE8M2Ko3ZwWd4AaABAg,,False,@Mineyourownbussniss,Han and I.N is so adorable 🫶😍,52,2024-09-19T02:54:57Z,2024-09-19T02:54:57Z
UgzIqcHdCA8cO2CUz554AaABAg,,False,@U3M8N,Happy late birthday han❤❤❤❤hope you have a great time with your friends❤❤❤❤😊 love u ❤,1,2024-09-19T02:25:26Z,2024-09-19T02:25:26Z
Ugy9NCS_jrG3AE8MLwB4AaABAg,,False,@lixxi_lix143,Aw I.Ns smile at the end! 💖🙏,1,2024-09-19T02:09:44Z,2024-09-19T02:09:44Z
UgzWutsKzb46tqGpGp14AaABAg,,False,@AJ-xf1wj,😩🔥❤️🤩😭😂,1,2024-09-19T02:02:55Z,2024-09-19T02:02:55Z
Ugz2Rn6TdDuY0fem0Y14AaABAg,,False,@aleidabarrios1584,Que hermosos mis niños Han y IN los adoro y a Straykids asta el infinito ♾️ y más allá desde Venezuela con respeto 🥰❤️😍🌹😘💋🇻🇪💛💙❤️,4,2024-09-19T01:49:38Z,2024-09-19T01:49:38Z
UgzMJPqdn7ldfmT0y1R4AaABAg,,False,@peacefulsolutions2121,So cuteee,1,2024-09-19T01:17:24Z,2024-09-19T01:17:24Z
UgwV7VX0LiGFxfVtMk14AaABAg,,False,@Kacey_cookie,Maknae on top fr 🤭,0,2024-09-19T00:43:43Z,2024-09-19T00:43:43Z
UgwTkkTsNZ4oPE8osLd4AaABAg,,False,@MercyBryan,❤❤❤❤,0,2024-09-19T00:19:57Z,2024-09-19T00:19:57Z
UgwLnf0Q6XLMO0bt2Wt4AaABAg,,False,@RIKKISKZ,😮❤❤❤,0,2024-09-18T23:05:06Z,2024-09-18T23:05:06Z
UgwCnFF6DkZIn9jBbs94AaABAg,,False,@lauramunoz6692,AHHH😊,0,2024-09-18T22:03:44Z,2024-09-18T22:03:44Z
UgwlDG5_bibf8VbFKEd4AaABAg,,False,@lucianasangalli5408,아주 귀여워,0,2024-09-18T21:53:44Z,2024-09-18T21:53:44Z
UgyCvveLQBot4hsuZtB4AaABAg,,False,@VAFILKA24,ТаП тАп ТаП пО хОмЯкУ 🐹,0,2024-09-18T21:46:11Z,2024-09-18T21:46:11Z
UgweHG0yW6_44jbPRCJ4AaABAg,,False,@Елена-д7ю5в,..🎉😊🎉..,0,2024-09-18T20:59:49Z,2024-09-18T20:59:49Z
UgwHanMPUK4mxWaoSA94AaABAg,,False,@STEY-j1k,❤❤❤❤,0,2024-09-18T20:47:43Z,2024-09-18T20:47:43Z
UgzZfTWg3Y75Tkz85iN4AaABAg,,False,@АминаАгишева,"Аену лучше всех, у хана щёчки мягкие 💗",1,2024-09-18T20:37:38Z,2024-09-18T20:37:38Z
Ugx8jHtq0u9X5ra1yod4AaABAg,,False,@Komatsu0208,Innie ❤,0,2024-09-18T20:05:59Z,2024-09-18T20:05:59Z
UgxsKQUQBhYMoGsEQdh4AaABAg,,False,@Meonlyme-o9d,CUTEEEE❤,0,2024-09-18T20:03:17Z,2024-09-18T20:03:17Z
UgzbGysTjzqFhAlYo914AaABAg,,False,@carlamarieledeoliveira9800,Mostra o felix um ❤ para ele ❤❤,0,2024-09-18T20:00:02Z,2024-09-18T20:00:02Z
Ugyd4dCI1fN7Ng5fLAN4AaABAg,,False,@asuntasaire15,Squishy squishy 💗💗💗💗💗💗,0,2024-09-18T19:58:37Z,2024-09-18T19:58:52Z
UgyKpfZS1eZybBzI8rR4AaABAg,,False,@surftrumpsa30designs31,ASMR lol,0,2024-09-18T19:39:01Z,2024-09-18T19:39:01Z
Ugwzx_5PM6N8SG-vnR54AaABAg,,False,@Armyracha_gnab,They are just to cute 🥰,0,2024-09-18T19:37:34Z,2024-09-18T19:37:34Z
UgzlnpF4YazArXqnbKp4AaABAg,,False,@nancylopezmavesoy2963,I love han's face ❤❤❤❤❤❤,0,2024-09-18T19:36:37Z,2024-09-18T19:36:37Z
UgwFgpbGaAbaEeEgA0V4AaABAg,,False,@Missvict0ri4yt,Hannie's cheeks 💕💕💕,0,2024-09-18T19:20:01Z,2024-09-18T19:20:01Z
UgwezIbE7vvz1WyOHit4AaABAg,,False,@Drama_queen_hyunjin,Han being nonchalant...,3,2024-09-18T19:08:09Z,2024-09-18T19:08:09Z
UgzKMp6Zxb0Mb7J4rOh4AaABAg,,False,@JeenyAlharbi,so keto 💞🫶🤭,0,2024-09-18T18:49:38Z,2024-09-18T18:49:38Z
UgzwFiZ3HOEiAwyn3YF4AaABAg,,False,@liliy.10-l,.they're so cute.,2,2024-09-18T18:44:09Z,2024-09-18T18:44:15Z
UgxExPrw8bpfAnQS-hJ4AaABAg,,False,@adnanahmed4295,Han is wearing a wedding hanbok 😂😂😂😂😂,0,2024-09-18T18:23:58Z,2024-09-18T18:23:58Z
Ugw-YvkuDwJZNZVVA6V4AaABAg,,False,@Zara-kj3px,Omg am I crying it's just a six-second video,0,2024-09-18T18:20:24Z,2024-09-18T18:20:24Z
Ugy1W_-ZKrfIkFCP01R4AaABAg,,False,@KimSeoyoon_Korea,Cute!❤❤❤❤,0,2024-09-18T17:46:24Z,2024-09-18T17:46:24Z
UgyBH9wbo5Eyc0TBFat4AaABAg,,False,@StageneBlinstiezModzy4life,I.n’s smile at the end ❤❤❤,0,2024-09-18T17:29:54Z,2024-09-18T17:29:54Z
UgySU9jM71B5yvoG2nd4AaABAg,,False,@elya317,So cute🤗😆,0,2024-09-18T17:23:41Z,2024-09-18T17:23:41Z
Ugz9xEE1RJAYR8zLs8l4AaABAg,,False,@GandomNafar,HAN❤❤❤❤❤❤❤❤❤❤❤❤❤❤,0,2024-09-18T17:21:24Z,2024-09-18T17:21:24Z
Ugy5S2Da1fUYSSRr1Pt4AaABAg,,False,@GandomNafar,I.N❤❤❤❤❤❤❤❤❤❤❤❤,0,2024-09-18T17:21:15Z,2024-09-18T17:21:15Z
UgzJssbW2k-ijYvanmB4AaABAg,,False,@GandomNafar,SO CUTE ❤❤❤❤❤❤❤,0,2024-09-18T17:21:02Z,2024-09-18T17:21:02Z
UgzFj2ZOsQ8fIwdqqYh4AaABAg,,False,@BadTrue-l3q,OMG Why is I.N so beautiful? 😍,20,2024-09-18T17:14:21Z,2024-09-18T17:14:21Z
Ugy9c_0JDc-1oMKsjoJ4AaABAg,,False,@Jeonginkaaa,💕💕💕💕💕💕💕I'm stay forever💗💗💗💗🌹🌹🌹🌹,0,2024-09-18T17:12:19Z,2024-09-18T17:12:19Z
UgzSAW15m84JWp0anzB4AaABAg,,False,@SomayehHosseinimajd,I just wanna touch Hans cheek 😫 😩 I wanna touch it!!!!!!😂😢,0,2024-09-18T17:03:43Z,2024-09-18T17:03:43Z
Ugy8XzW74Pv6QRJmLY14AaABAg,,False,@KPOPISMYLIFE-x3f,AWWWWW 🥰🥰,0,2024-09-18T16:51:18Z,2024-09-18T16:51:18Z
Ugz3Pj8-hPWwCV8heKJ4AaABAg,,False,@seksitey,ıkısınıde yıycem yıaaa,0,2024-09-18T16:45:51Z,2024-09-18T16:45:51Z
UgxuZ2t7Uio5BHsqxmN4AaABAg,,False,@MuborakAbdupattayeva,I.N Han love you❤❤,0,2024-09-18T16:39:28Z,2024-09-18T16:39:28Z
Ugz9uiFfjmrRnt3g5z94AaABAg,,False,@STAAAAA_aye_DOMINO,Тап тап тап по хомяку...,0,2024-09-18T16:31:00Z,2024-09-18T16:31:00Z
UgxjkrdDoNqtOCtwpKx4AaABAg,,False,@nevzattatarhan1982,OMG 🤣🤣🤣🧏🏻‍♂️🧏🏻‍♂️🧏🏻‍♂️🧏🏻‍♂️🧏🏻‍♂️🧏🏻‍♂️,0,2024-09-18T16:19:48Z,2024-09-18T16:19:48Z
UgywFvq42J8EQeTzQZd4AaABAg,,False,@dorothy.c.watson2813,Two cutie pies 😍,0,2024-09-18T16:12:43Z,2024-09-18T16:12:43Z
Ugwod_KSIZjbj0pAKqx4AaABAg,,False,@ikokugoodness1560,I.N is so cute😊,0,2024-09-18T15:59:29Z,2024-09-18T15:59:29Z
UgwjR9XpQgeJrc4XNqN4AaABAg,,False,@nazlinomar7071,Omg Han i love you the cutest boy ❤🫵🏻😭,1,2024-09-18T15:53:19Z,2024-09-18T15:53:19Z
UgwmrXskxrC__hknc1J4AaABAg,,False,@hyunmomo,YOU SO CUTE HANNIE,0,2024-09-18T15:53:12Z,2024-09-18T15:53:12Z
UgyTUqkCQ_CvkLRYxzZ4AaABAg,,False,@hyunmomo,"POOR HAN 
HAPPY I.N
HAPPY STAY",0,2024-09-18T15:52:52Z,2024-09-18T15:52:52Z
Ugx0-Kg_C3fXb69sqcV4AaABAg,,False,@iswiftlylovehyunjin,I.N TOUCHING THE JEEKIES,0,2024-09-18T15:50:23Z,2024-09-18T15:50:23Z
UgyPBgkhXDE60Szxc5Z4AaABAg,,False,@SinanefeGökmen,🇹🇷🇹🇷🇹🇷🇹🇷🇹🇷🇹🇷🇹🇷🇹🇷🇹🇷🇹🇷🇹🇷🇹🇷🇹🇷🇹🇷🇹🇷🇹🇷🇹🇷🇹🇷🇹🇷🇹🇷🇹🇷🇹🇷🇹🇷🇹🇷🇹🇷🇹🇷🇹🇷🇹🇷🇹🇷🇹🇷🇹🇷🇹🇷🇹🇷🇹🇷🇹🇷🇹🇷🇹🇷🇹🇷🇹🇷🇹🇷🇹🇷🇹🇷🇹🇷🇹🇷🇹🇷🇹🇷🇹🇷🇹🇷🇹🇷🇹🇷🇹🇷,0,2024-09-18T15:34:26Z,2024-09-18T15:34:26Z
Ugyr5TZVUgUQxybXeWR4AaABAg,,False,@Luveyheloss_channel,"Han face so cute,I.n cute maknea vibee❤❤",0,2024-09-18T15:19:43Z,2024-09-18T15:19:43Z
Ugwd-ayW5Pq-Wu1dPsR4AaABAg,,False,@anayaathar4381,Cuteness overload,3,2024-09-18T15:04:10Z,2024-09-18T15:04:10Z
UgyMMvQ62_ISvv4EG754AaABAg,,False,@おかめたえこ,"HANくんかわいい😂💕💕💕
マーガリンズ大好き👍👍✨✨",0,2024-09-18T14:53:03Z,2024-09-18T14:53:03Z
UgyP0ezM5xYIreIKz0x4AaABAg,,False,@Just_kim_01,Cutee✨😭,0,2024-09-18T14:45:55Z,2024-09-18T14:45:55Z
UgzalKaHUj0FP-gXE_h4AaABAg,,False,@Kyki.of.,"КАКОЙ ЖК ХАН МИЛЫЙ, ВСЕГДА ЛЮБИЛА ЕГО",0,2024-09-18T14:34:13Z,2024-09-18T14:34:13Z
Ugz1Ke0OfGcyHFfFhlp4AaABAg,,False,@ONEDOOR_0530-f7x,귀엽다ㅏ,0,2024-09-18T14:31:43Z,2024-09-18T14:31:43Z
UgwKeq9_cTg6bHmTmQZ4AaABAg,,False,@LonEr4evah,"I.N smile at the end, so adorable 😀 because of Han's very bouncy cheeks!",1,2024-09-18T14:04:38Z,2024-09-18T14:04:38Z
Ugw2UE9R_c3Koc_lICx4AaABAg,,False,@Yong.13,АЙЕН ТАПАЕТ ХОМЯКА,0,2024-09-18T13:59:54Z,2024-09-18T13:59:54Z
UgydZtNb19nugaU45Xl4AaABAg,,False,@RupjiliBeypi-jm6jh,Han❤❤❤❤❤❤❤❤❤❤❤❤❤❤❤❤❤❤❤❤❤❤❤❤❤❤❤❤❤❤❤❤❤❤❤❤❤❤❤❤❤❤❤❤❤❤❤❤❤❤❤❤❤❤❤ i lob u❤❤❤,0,2024-09-18T13:59:44Z,2024-09-18T13:59:44Z
Ugwaq4VGKcVGmptscXx4AaABAg,,False,@FanofAnime4428,han is so cute 😘😘😘😘❤,0,2024-09-18T13:50:12Z,2024-09-18T13:50:12Z
UgyhwFfZANGQhfy-Xzd4AaABAg,,False,@simsek_prlts,Ohhh my jeongsung is so cutieeee🫠😭🩵,0,2024-09-18T13:43:17Z,2024-09-18T13:43:17Z
UgyNfMerOcCoF_Az2sZ4AaABAg,,False,@syafstay,Jeongsung❤,0,2024-09-18T13:07:21Z,2024-09-18T13:07:21Z
UgySr-x2q0e3Qo0wdCp4AaABAg,,False,@muu._0967,かわいいが渋滞してる💕,4,2024-09-18T13:06:25Z,2024-09-18T13:06:25Z
UgySr-x2q0e3Qo0wdCp4AaABAg.A8XJpAZ2nLVA9aFZL0m7jj,UgySr-x2q0e3Qo0wdCp4AaABAg,True,@吉川奈々-t4d,分かります,0,2024-10-14T22:17:32Z,2024-10-14T22:17:32Z
UgyjQokVXpvplbt0kSB4AaABAg,,False,@Yunjinwzq,YANAKLARA BAK YA SIKASIM GELDİİ O GUZELLL YANAGİNİİİ GAGAGGAAGGAGAGAGAG😭😭😔😔😔,1,2024-09-18T13:06:18Z,2024-09-18T13:06:18Z
UgyjQokVXpvplbt0kSB4AaABAg.A8XJoFYiOQCA8XNwquy_0H,UgyjQokVXpvplbt0kSB4AaABAg,True,@hjinyuNn,WAGAGAGAGWGA,0,2024-09-18T13:42:25Z,2024-09-18T13:42:25Z
UgyZyJ_DJsTD79TbTGV4AaABAg,,False,@binksvlogs3452,EARLY,0,2024-09-18T13:03:06Z,2024-09-18T13:03:06Z
Ugzw3pgTqcfiMmEvzOt4AaABAg,,False,@StrawbxrryMocha,"This is so precious, Their smiles literally added me years of life. 🤣💕",0,2024-09-18T12:43:51Z,2024-09-18T12:43:51Z
Ugw0dBDJU98OwWo1vKp4AaABAg,,False,@live_laugh_and_be_delulu,Han looks a baby here 😭,0,2024-09-18T12:42:57Z,2024-10-11T16:20:35Z
UgySP6jPVcDUObelrDp4AaABAg,,False,@УльянаЗурилина,I. N♡,0,2024-09-18T12:29:10Z,2024-09-18T12:29:10Z
Ugx7CkFjHHE__8XIs8h4AaABAg,,False,@بوكاري--لحياة---افضل,"So cute? 😭💕 I also want to touch his cheek Or even touching the cheeks of the entire group would be a fine thing But I live in Palestine, not Korea 🥲💔",0,2024-09-18T12:27:21Z,2024-09-18T12:27:21Z
Ugwjg1jbKGCh8Ud56n54AaABAg,,False,@재능쿼카람쥐,한 볼 콕스❤❤,1,2024-09-18T12:17:53Z,2024-09-18T12:17:53Z
UgzJCcRjmDEPJB9YeRd4AaABAg,,False,@Луночкаа,han is very cute with chubby cheeks ❤❤,0,2024-09-18T12:14:17Z,2024-09-18T12:14:17Z
UgyYeveKluqVeNwNd0l4AaABAg,,False,@Lrxx99,I.N's smile made my day 🤍 and Han's adorable face too 🤭,0,2024-09-18T12:00:23Z,2024-09-18T12:03:59Z
UgwkGvQlRQATvWfFBVZ4AaABAg,,False,@Miyu-g1w-s4s,I.N is so cute maknae ❤❤❤,5,2024-09-18T11:48:35Z,2024-09-18T11:48:35Z
Ugx-JENrfYs4Cqz0AbN4AaABAg,,False,@sarinaklllllll,🥺💕🤌🏻,0,2024-09-18T11:46:38Z,2024-09-18T11:46:38Z
UgzM3t43sGxAik0qkOh4AaABAg,,False,@Jgshsk992,🥹🤏🏻🤏🏻,0,2024-09-18T11:44:38Z,2024-09-18T11:44:38Z
UgyN5cI6XAhSsBUsGEJ4AaABAg,,False,@Jistee-skz,가가가가 너무 귀여워,0,2024-09-18T11:27:38Z,2024-09-18T11:27:38Z
UgxXSji86nec456JZl94AaABAg,,False,@Funfettinie_,Awwww so adorable ❤❤❤,0,2024-09-18T11:19:39Z,2024-09-18T11:19:39Z
UgzxtGCwPB4Dqdh_BgZ4AaABAg,,False,@Naya.88-r7x,😢Mr. Hani...can I eat your cheeks?,0,2024-09-18T11:16:25Z,2024-09-18T11:16:25Z
Ugx0DTWVZDs5M4qPEyt4AaABAg,,False,@mehrsa.T,❤,0,2024-09-18T11:15:43Z,2024-09-18T11:15:43Z
Ugx2fJCBo7XIZravEph4AaABAg,,False,@chaee_spacee,stray kids all around the world 🌍!,0,2024-09-18T11:11:38Z,2024-09-18T11:11:38Z
UgxZjuJRLC1DjK6srA14AaABAg,,False,@RamimromTango,i.n❤❤❤❤❤❤❤❤🤗🤗🤗🤗💗💗💗💗💗🌹🌹🌹🌹🌹🎉🎉🎉🎉🦊🦊🦊🦊🦊🦊🦊🦊😮😮😮💗💗💗,0,2024-09-18T11:10:22Z,2024-09-18T11:10:22Z
UgypYG4mK9fV1A8dlIt4AaABAg,,False,@탯동탯동,하니볼!!!!만지게해줘ㅓㅓㅓㅓㅠ,0,2024-09-18T11:09:07Z,2024-09-18T11:09:07Z
UgwbPxohgo4CSU4MO_d4AaABAg,,False,@Pkbs-g6w,뭐냐 저 게이들은,0,2024-09-18T11:06:57Z,2024-09-18T11:06:57Z
Ugy04Nu8xb3r3jR6vgl4AaABAg,,False,@stay__sunshine,Это так залипательно😅🥰👍,0,2024-09-18T10:51:33Z,2024-09-18T10:51:33Z
UgwHsotw9XAkW8UikzZ4AaABAg,,False,@melanieperugachi2422,💕💕💕💕💕💕💕💕🤩💕,0,2024-09-18T10:51:18Z,2024-09-18T10:51:18Z
Ugy6mSm0g3kWZiQ5PJ54AaABAg,,False,@Оутэнг,Щёчки хана это чудо,0,2024-09-18T10:43:38Z,2024-09-18T10:43:38Z
Ugz5iJiFaBXOqI7haG14AaABAg,,False,@Leeknaur_skz,"Quokka,s Chubby cheeks!!! Soooo cuuute!!!!",0,2024-09-18T10:43:21Z,2024-09-18T10:43:21Z
UgwEA7VWCSJTthY5rcl4AaABAg,,False,@Jennybrownie,Xan❤❤❤❤,0,2024-09-18T10:41:17Z,2024-09-18T10:41:17Z
UgzfHafqkoIR2H5_5gJ4AaABAg,,False,@Nabiie.kkqum13,Why is this so cuteee😩❤️,0,2024-09-18T10:32:24Z,2024-09-18T10:32:24Z
Ugyorhn0JtWhXAq-gfx4AaABAg,,False,@retdasangseekaew6070,น่ารัก❤❤,0,2024-09-18T10:27:23Z,2024-09-18T10:27:23Z
UgwJ5M6P98ssJqaPNOR4AaABAg,,False,@alessandrolongo3768,🥰🥴🥴🥴🥴🥴we love y'all,0,2024-09-18T10:21:43Z,2024-09-18T10:21:43Z
UgxgjKAI1-GI723u2hh4AaABAg,,False,@آیلینابراهیمزاده,Omg is so cute 😍 😭 ❤,0,2024-09-18T10:07:05Z,2024-09-18T10:07:05Z
UgzOhYyWmWjWii-Aw854AaABAg,,False,@Zynis7,🦊👉🐿️,0,2024-09-18T09:59:36Z,2024-09-18T09:59:36Z
UgxWgm1hncO9UIPpG7V4AaABAg,,False,@İsayevaFiruze-i8i,Aaaa so cute 🥰💜,0,2024-09-18T09:57:07Z,2024-09-18T09:57:07Z
UgzRU28owiB3NO2tiIV4AaABAg,,False,@Fatimaarif-v7x,"This is so cute,but they look like they are trying not to laugh.😂",0,2024-09-18T09:51:08Z,2024-09-18T09:51:08Z
UgyoBc-b1c48vSEfDXJ4AaABAg,,False,@SkzIovers,❤❤,0,2024-09-18T09:31:11Z,2024-09-18T09:31:11Z
Ugy8lH8JJFkOiN1VriV4AaABAg,,False,@888kibic,❤❤❤❤❤❤❤❤❤❤❤❤,1,2024-09-18T09:23:56Z,2024-09-18T09:23:56Z
UgyqEHpPkZ33Y1PR5fR4AaABAg,,False,@ShebaanKhawar,My bias and bias wrecker 😘💕💕💕,0,2024-09-18T09:17:40Z,2024-09-18T09:17:40Z
UgwWl-bUqURLExFqsKB4AaABAg,,False,@انيوشا_عمك_حياتي,كيوت 😊,0,2024-09-18T09:15:29Z,2024-09-18T09:15:29Z
UgwKFsNlmaa7LVQd-S54AaABAg,,False,@northarea1203,518004,0,2024-09-18T09:09:32Z,2024-09-18T09:09:32Z
UgzhGWzezHuRnx2vk-F4AaABAg,,False,@최요나는누구인가,Put me in Han's place 😭,0,2024-09-18T09:07:53Z,2024-09-18T09:07:53Z
Ugw_avRKY6OCJnhW2LZ4AaABAg,,False,@MalakDairi,😊❤❤❤😅😅,0,2024-09-18T08:39:12Z,2024-09-18T08:39:12Z
UgwrTb1hbKOmy8QDflJ4AaABAg,,False,@zoha.h22,so cute 😭❤️,0,2024-09-18T08:26:24Z,2024-09-18T08:26:24Z
UgyZRfmfR1xFpseTV1J4AaABAg,,False,@bn2396,"안녕하세요, 한이 너무 아름답고 이안님도 이 영상을 좋아해요☺️🐾🦊+🐿️=⚡",0,2024-09-18T08:02:35Z,2024-09-18T08:02:35Z
Ugwtntq5ld3OXOz5onx4AaABAg,,False,@АбидатАлжанбекова-щ2п,cuties ❤❤❤,0,2024-09-18T08:01:01Z,2024-09-18T08:01:01Z
UgzP_EKsD3lA9EyuKm54AaABAg,,False,@TrueBlueFriendy,awwwww so cute han jisung!! love you han jisung,0,2024-09-18T07:51:31Z,2024-09-18T07:51:31Z
Ugwf1e_XPsSvJDGO2JJ4AaABAg,,False,@みっぽん-q1f,アイエン油断しないで。そのうち急にハンからポッポされるかもしれないから！笑笑,2,2024-09-18T07:51:30Z,2024-09-18T07:51:30Z
Ugyh2ocfbRc9BOXBEcl4AaABAg,,False,@Felix_fansgirl,Han's face is so fluffy i.n said❤❤❤❤❤❤❤❤❤❤❤😊😊😊😊😊,0,2024-09-18T07:46:24Z,2024-09-18T07:46:24Z
UgwU-DTUnfEyPcpgsjV4AaABAg,,False,@dollisari,💗💗💗,0,2024-09-18T07:38:57Z,2024-09-18T07:38:57Z
Ugw0f-oP1YXImBDwL2Z4AaABAg,,False,@ドルヲタさん,可愛いのしかいないっだとっ！,2,2024-09-18T07:36:23Z,2024-09-18T07:36:23Z
Ugw4p7u68G0GycjnKHN4AaABAg,,False,@Samira_muslimka,Тап тап тап по хомяку😂,1,2024-09-18T07:35:12Z,2024-09-18T07:35:12Z
Ugxn3mONUXN06dhNa3h4AaABAg,,False,@Han-kook-bin,ابعد ايان دوري💃💃💃💃,0,2024-09-18T07:32:55Z,2024-09-18T07:32:55Z
Ugw-nqXw-j4l20ST2HV4AaABAg,,False,@NanaDancer91,Cute little faceeees! 😍😍😍🩵🩵🩵🩵🩵,0,2024-09-18T07:32:19Z,2024-09-18T07:32:19Z
UgwD-Y8AflLZAW9unL94AaABAg,,False,@AbduSalma-u1h,They are so cute the part that in smiled is so cute❤❤❤❤❤❤❤❤❤❤❤❤❤❤,0,2024-09-18T07:32:03Z,2024-09-18T07:32:03Z
UgwvJKVFmPKoSa224Tt4AaABAg,,False,@Hui-Hui_Gaming,Awwww❤❤❤,0,2024-09-18T07:26:47Z,2024-09-18T07:26:47Z
UgwBQbTAotdioRLN9g14AaABAg,,False,@みり-p2m,"ハニのほっぺはイエニのもの！)尊🫶
ポッポズホント一生見てられる♡",3,2024-09-18T07:25:46Z,2024-09-18T07:25:46Z
UgwBQbTAotdioRLN9g14AaABAg.A8Whq9kYyEdA8cUGprscBT,UgwBQbTAotdioRLN9g14AaABAg,True,@MisaelMelo-ud5kt,kLLllÑÑññ,0,2024-09-20T22:33:10Z,2024-09-20T22:33:10Z
UgwBQbTAotdioRLN9g14AaABAg.A8Whq9kYyEdA8cUMpRyH3J,UgwBQbTAotdioRLN9g14AaABAg,True,@MisaelMelo-ud5kt,gkñejpahñaNLLÑpññzpoññpllñññño7,0,2024-09-20T22:33:59Z,2024-09-20T22:33:59Z
Ugx4lVJny8Zd5DzVxwB4AaABAg,,False,@Brooklynn-b6i,Lol they made this video at 2am😂,0,2024-09-18T07:01:15Z,2024-09-18T07:01:15Z
UgwdITXBFmp8gbZHeSp4AaABAg,,False,@x.hyunji,미소가 절로 지어진 순간 당신은 빠진것입니디,37,2024-09-18T07:01:11Z,2024-09-18T07:01:11Z
UgwdITXBFmp8gbZHeSp4AaABAg.A8Wf16IhR5cADv3_iytAQY,UgwdITXBFmp8gbZHeSp4AaABAg,True,@chengyiching33,Me too😂,1,2025-01-30T10:22:29Z,2025-01-30T10:22:37Z
UgwL2HQHVJuuzFiaQW54AaABAg,,False,@Ангелина-у2н7б,Чонин такой Мили<3,0,2024-09-18T06:59:30Z,2024-09-18T06:59:30Z
UgxZHgBN_75uA-02WDB4AaABAg,,False,@tpoprocks,I keep falling deeply in love with I.N every time he dyed his hair back to black tbh 🫠,6,2024-09-18T06:49:16Z,2024-09-18T06:49:16Z
Ugya0TJffLibjbIZ74l4AaABAg,,False,@Rosiembenimdir,"As Turkish Stayler, we want you, Stay Kids, to give a concert in Turkey🇹🇷🇰🇷🇹🇷🇰🇷",1,2024-09-18T06:25:34Z,2024-09-18T06:25:34Z
UgyskhUpG_3y1DRGovd4AaABAg,,False,@Isthraykideu,😂omg .. I am still laughing after watching this 😅😂... But why Han is so cute ❤,1,2024-09-18T06:19:03Z,2024-09-18T06:19:03Z
UgxkLch836FnvBJ968x4AaABAg,,False,@celine-jh,haniiii so cute❤,3,2024-09-18T06:13:20Z,2024-09-18T06:13:20Z
Ugz46K_PGMRV34BEDoB4AaABAg,,False,@fell_22,who is the real maknae? 😂,0,2024-09-18T06:10:08Z,2024-09-18T06:10:08Z
Ugx0-M8btX4tH6NtQCV4AaABAg,,False,@Channieslaptop143,Before 1mil,0,2024-09-18T06:06:54Z,2024-09-18T06:06:54Z
Ugz0deYShDVdCzGdGBp4AaABAg,,False,@白玉だお-r9n,"きゃあ〜！
二人のほっぺたむにむにしたい！",2,2024-09-18T06:06:40Z,2024-09-18T06:06:40Z
UgzNUCA0W38lFMZbkrx4AaABAg,,False,@Leeknow_Rhino,❤,0,2024-09-18T05:59:37Z,2024-09-18T05:59:37Z
Ugz3ZdsOrYIVun0MW994AaABAg,,False,@D.D.Bailey,You guys are too cute 🥹,0,2024-09-18T05:50:57Z,2024-09-18T05:50:57Z
UgxmcMVi9IZ7n7jDlfx4AaABAg,,False,@skz_st1y,"Han's features are so cute❤️, and I.N smile is cute💞",15,2024-09-18T05:49:12Z,2024-09-18T05:49:24Z
UgzsL0dTc-IHrdP9dHd4AaABAg,,False,@Bangchan_love-x3e,"I.n has dimples, I have them too❤",4,2024-09-18T05:46:39Z,2024-09-18T05:46:39Z
Ugx1QlCDFAY86X-ec7F4AaABAg,,False,@saleheiugffhjoiijb5959,🐿️❤🦊,0,2024-09-18T05:38:37Z,2024-09-18T05:38:37Z
UgyMpJ2HLTKCclTIwBN4AaABAg,,False,@qertiewSTAY,Тап тап тап по хомяку,0,2024-09-18T05:35:54Z,2024-09-18T05:35:54Z
UgyFkDTwZbhVEPEddeN4AaABAg,,False,@bestquokk14,So cute hannie❤❤❤,0,2024-09-18T04:50:46Z,2024-09-18T04:50:46Z
UgwaUWtePnz9VFJcxFh4AaABAg,,False,@Злата-щ2я9ы,❤❤❤❤❤❤❤❤❤😢🎉😢😢😢😢😢😊😊😊1,0,2024-09-18T04:50:19Z,2024-09-18T04:50:19Z
Ugwl_AXaGMCIUxf8bPh4AaABAg,,False,@TreydenKruithoff,ADORABLE🥰🥰🥰🥰🥰🥰🥰,0,2024-09-18T04:50:05Z,2024-09-18T04:50:05Z
UgzE361prLXREDRrfrB4AaABAg,,False,@Leo_the_therian13,The Quokka looks so confused but content with himself 🫶,1,2024-09-18T04:44:13Z,2024-09-18T04:44:13Z
UgzwOU6vQxuqjYO-_cF4AaABAg,,False,@manuelguzman536,Hans cheeks look so soft 😝😝😝😝,5,2024-09-18T04:29:07Z,2024-09-18T04:29:07Z
UgwHZ7molwFR9NFdoZ14AaABAg,,False,@Sana_73747,cuties😭❤,0,2024-09-18T04:26:01Z,2024-09-18T04:26:01Z
UgwkGUAyy4RZIkHOk9p4AaABAg,,False,@GulshanKhan-v6i,I m indian army BTS are 1st always BTS,0,2024-09-18T04:22:13Z,2024-09-18T04:22:13Z
Ugxld9COOmWR403n0zd4AaABAg,,False,@Saturo_GYATT,Cutest thing EVER,0,2024-09-18T04:16:31Z,2024-09-18T04:16:31Z
UgwlsKM53IucsEHjyHJ4AaABAg,,False,@Jisommkimmm,❤❤,0,2024-09-18T04:16:06Z,2024-09-18T04:16:06Z
UgwQADAuU9TVQdV0Qzh4AaABAg,,False,@DianaEsmeralda-s7o,Son muy lindos,0,2024-09-18T04:15:54Z,2024-09-18T04:15:54Z
UgwSV-tM5ysh_5oP7BJ4AaABAg,,False,@BarbaraCarrasco-sk4qb,"I would do the same thing, honestly.",0,2024-09-18T04:12:49Z,2024-09-18T04:12:49Z
UgydCiibVMuT5Vzc4pl4AaABAg,,False,@행복-v1o,나도 한이 볼 만지고 싶다...(얼마나 말랑할까?),0,2024-09-18T04:09:37Z,2024-09-18T04:09:37Z
UgxhXtfIj8gRI0CVSN94AaABAg,,False,@yuanhan.j,❤❤❤,0,2024-09-18T04:05:33Z,2024-09-18T04:05:33Z
UgzSUBy3uU8qe6PX2qx4AaABAg,,False,@ShayhAbdulloev,🥰🥰,0,2024-09-18T03:57:12Z,2024-09-18T03:57:12Z
UgxZ3XNqWYof-Y2H4dt4AaABAg,,False,@--jade--,Mans was 💯 disassociating.,0,2024-09-18T03:52:52Z,2024-09-18T03:52:52Z
UgwlP396mfU-G08Z0bh4AaABAg,,False,@Daisytheoriginal,"너무 귀여워요, 세상에!!❤",0,2024-09-18T03:46:10Z,2024-09-18T03:46:10Z
UgyaqxX9RP0iuN2ZEEF4AaABAg,,False,@Yexiret-Araujo,"This is my service hahaha, but how beautiful ❤",0,2024-09-18T03:44:16Z,2024-09-18T03:44:16Z
UgzQSj-1O4-k5YKrHat4AaABAg,,False,@Michinstay,It’s so cute I’m gonna die 🤭🤭,0,2024-09-18T03:39:28Z,2024-09-18T03:39:28Z
UgybSm2CC8MJBs9F06J4AaABAg,,False,@yelitzeguerrero2710,🤗🤗🤗♥️♥️♥️♥️♥️♥️♥️🤗🤗🤗♥️♥️♥️♥️♥️♥️♥️♥️,0,2024-09-18T03:35:55Z,2024-09-18T03:35:55Z
UgyWmmqjvQczdUZzcE14AaABAg,,False,@LaLoquete-mh4wt,HAN IS SO CUTEEEE!!!! 😍😍😍😍,2,2024-09-18T03:14:27Z,2024-09-18T03:14:27Z
UgwEWLuoQh2KBBfewIJ4AaABAg,,False,@T.SpiderHann,He just a lil squishy boy ❤🥺,0,2024-09-18T03:06:28Z,2024-09-18T03:06:28Z
UgzKdRdgixTSoPUyS1t4AaABAg,,False,@Kpopuni111,"Han's cheek is soooo damn adorable 
I.N cute vibes ❤❤ 
THEY ARE SUCH A CUTE DUO",0,2024-09-18T03:06:21Z,2024-09-18T03:06:21Z
UgymHtfIxv0hlj5DW0x4AaABAg,,False,@yaminthu1582,So cute❤,0,2024-09-18T03:03:39Z,2024-09-18T03:03:39Z
UgxFnYWY95UJ9tYtD7l4AaABAg,,False,@Aさん-z9s,チョーーーーーーーーーーーリス🐿😂❤,1,2024-09-18T03:01:35Z,2024-09-18T03:01:35Z
Ugze2hgKKYtE66q8Xml4AaABAg,,False,@PurpleFlowerwork,I.N gets more handsome every second and Han  is the most adorable rapper I've ever seen,1,2024-09-18T03:00:44Z,2024-09-18T03:00:44Z
Ugw09i7ujq-DVAA3voZ4AaABAg,,False,@ЕленаТаро-б8х,😂❤,0,2024-09-18T02:55:56Z,2024-09-18T02:55:56Z
UgxHKVUMPeHC3AKFOHx4AaABAg,,False,@SofiaGarcia-y7g,"Teamo   ❤❤❤  in
❤❤❤❤❤❤❤❤❤❤❤w❤❤❤❤❤❤❤❤",0,2024-09-18T02:55:39Z,2024-09-18T02:55:39Z
Ugx4fnHqLKSqlTvjiZF4AaABAg,,False,@평테이리노,한지성 볼 말캉말캉 할거가튜 ㅠㅠ 마지막 이엔이 빵 기엽다 ㅠㅠㅠㅠ,1,2024-09-18T02:51:41Z,2024-09-18T02:51:41Z
UgxLbXpF_e0kQZu0TqR4AaABAg,,False,@Hwang_hyuna_8_08,I was waiting for him to take advantage of the situation and slap him 😹🥹☁,0,2024-09-18T02:51:28Z,2024-09-18T02:51:28Z
UgxSWm4sWcc7J7iK03d4AaABAg,,False,@psychiatrysmch1419,아 진짜 볼..한쿼카 볼..ㅠㅠ햄찌 기여워ㅠ,0,2024-09-18T02:45:31Z,2024-09-18T02:45:31Z
UgxK3AunWKfgA6PHkY54AaABAg,,False,@Sunshine.Minnie,쿼카쿼카 😊😊😊,0,2024-09-18T02:38:36Z,2024-09-18T02:38:36Z
UgyiKc0Fx4LhvEm5qOZ4AaABAg,,False,@howliho,Как это мило 😊,0,2024-09-18T02:34:29Z,2024-09-18T02:34:29Z
UgwG49j55-8Xe1TIm1N4AaABAg,,False,@spacejunk2494,I want to know. What goes on in their heads. When the stray kids PR Team. Tell them to do these weird interactions? Cause look at Han’s face when I.N. pokes him😂,0,2024-09-18T02:32:24Z,2024-09-18T02:32:24Z
Ugxa9dnGesrtLyRQwgV4AaABAg,,False,@Mariacelinajmiranda,A raposa e o esquilo uma raposa cutucando o esquilo meu Deus do céu ó paí ó😅😅😅😅,0,2024-09-18T02:30:55Z,2024-09-18T02:30:55Z
UgwmQhnYIw-jy0C5YTp4AaABAg,,False,@Knayeong,Han is so cute 🤧🤚,0,2024-09-18T02:28:33Z,2024-09-18T02:28:33Z
UgwOCt1VBhOVKo2qE0V4AaABAg,,False,@Rosie-vd5sn,Ayan the first Video of his eyes on here and the last thing he noticed that she is filming Hahaha😂😂❤❤,0,2024-09-18T02:28:23Z,2024-09-18T02:28:23Z
UgzWpYdldMrQmBYtrqx4AaABAg,,False,@Uma-f2g,"🥺 Sooooooo  🤌🏻 cute 🥺🤌🏻✨🎀💙💙💙💙💙
Stayyy ✨ forever ♾️",0,2024-09-18T02:25:09Z,2024-09-18T02:25:09Z
Ugw1o8wShXlgbDWTUc14AaABAg,,False,@Seungs_tea,Their tenderness gives me a thousand years of life 💗💗💗💗,0,2024-09-18T02:23:33Z,2024-09-18T02:23:33Z
Ugy33-usRz4I9W2ybpN4AaABAg,,False,@윈터즈_한느,와..완전 쫀득하다,0,2024-09-18T02:21:53Z,2024-09-18T02:21:53Z
UgxxpKvELTk2-L9VYmV4AaABAg,,False,@XimenaGonzalez-rg7rw,😂😂,0,2024-09-18T02:19:32Z,2024-09-18T02:19:32Z
UgzM1kC0kJ1NY0wwAeV4AaABAg,,False,@XimenaGonzalez-rg7rw,Hola,0,2024-09-18T02:18:57Z,2024-09-18T02:18:57Z
UgzBgffxomyfumrnRs54AaABAg,,False,@elmxi-t8q,ладн эт мило.,0,2024-09-18T02:16:55Z,2024-09-18T02:16:55Z
UgwCmQc-Zs2LTJ4PTwJ4AaABAg,,False,@uybbaetookv,한쿼카 넘 귀여워 ㅠㅠ,0,2024-09-18T02:12:17Z,2024-09-18T02:12:17Z
UgyzWDh_x9uTuV3bQIB4AaABAg,,False,@JungHasWonTheGame,CUTE I.N AND HAN❤,1,2024-09-18T02:08:08Z,2024-09-18T02:08:08Z
Ugwz1ChVkXwoCbZ2ZkB4AaABAg,,False,@Hannie_meena,Cutiesssss❤❤❤❤😊😊😊,0,2024-09-18T02:03:43Z,2024-09-18T02:03:43Z
UgwFs7JWfx2y6GnvMal4AaABAg,,False,@LeaChong143,"I.N: you're adorable 
Han: I'm not your plushy",0,2024-09-18T02:03:31Z,2024-09-18T02:03:31Z
Ugz-czBnHbtz7cVPEM14AaABAg,,False,@Felixandiforever,Awwww cute i.n!,0,2024-09-18T01:57:10Z,2024-09-18T01:57:10Z
Ugw-0W3KCtTrj5CyrY94AaABAg,,False,@hands_to_guns,AWWWWWW AHHHHH I'M DEAD,0,2024-09-18T01:43:50Z,2024-09-18T01:43:50Z
Ugy_e2zNp9vqyUJwYfh4AaABAg,,False,@alexahernandez5167,❤,0,2024-09-18T01:37:51Z,2024-09-18T01:37:51Z
UgzIim0HNIG6T91zz3x4AaABAg,,False,@Tony_01989,😅❤ that’s cute and hi stray kids,0,2024-09-18T01:35:27Z,2024-09-18T01:35:27Z
Ugwz5aWbwZgzmmhhfQd4AaABAg,,False,@PrasanshaGiri,Soo cute,0,2024-09-18T01:20:15Z,2024-09-18T01:20:15Z
UgyRvX3F3m_fqovNVkF4AaABAg,,False,@Chibi_chan-b51,How cuteeee 😭😍🥺,0,2024-09-18T01:19:40Z,2024-09-18T01:19:40Z
UgwICbOA4r6BJhJyEXJ4AaABAg,,False,@Christiecchan,Ofc Han doesn't really care😂,1,2024-09-18T01:14:56Z,2024-09-18T01:14:56Z
UgwIrhWVf9a4pnVhIjJ4AaABAg,,False,@AustinGraham-e2q,Cute,0,2024-09-18T01:12:05Z,2024-09-18T01:12:05Z
Ugy4N1y4kmX15sN4wf14AaABAg,,False,@Liv0714,KD AS STAYS BRS?!,0,2024-09-18T01:07:22Z,2024-09-18T01:07:22Z
Ugz4lZzUabPfH370TtJ4AaABAg,,False,@Lisa_Felixx,This made me feel good after long day 💖,0,2024-09-18T01:04:40Z,2024-09-18T01:04:40Z
Ugz1MXM6Dm3FuGJZotp4AaABAg,,False,@army.07-r1s,Qué bonitos💗💖,0,2024-09-18T00:56:21Z,2024-09-18T00:56:21Z
UgwOo-5joZAPN2-w48R4AaABAg,,False,@pamelafranco4196,Ambos son muy cute❤❤❤,0,2024-09-18T00:53:52Z,2024-09-18T00:53:52Z
UgwO5dCEyYeZe2gm4yR4AaABAg,,False,,Stray kits que lindo gostei do video. Pode me mandar mais video amanhã.  Obrigada,0,2024-09-18T00:44:11Z,2024-09-18T00:44:11Z
UgyVX9YNQ9md5bYpB1d4AaABAg,,False,@박윤경-c3e,마지막에우리한이넘귀여웡 ㅎㅎ❤❤❤,11,2024-09-18T00:43:52Z,2024-09-18T00:43:52Z
UgyVX9YNQ9md5bYpB1d4AaABAg.A8VzqW0p7rIA8WJb3dErhX,UgyVX9YNQ9md5bYpB1d4AaABAg,True,@Michinstay,진짜 귀여!!!💜💜💜💜💜,1,2024-09-18T03:45:15Z,2024-09-18T03:45:15Z
UgyxBAx_zOuH646X35p4AaABAg,,False,@rositabueno,Los dos son tan lindos 😍😍😍😍😍,0,2024-09-18T00:35:20Z,2024-09-18T00:35:20Z
Ugx-ao_rSIYSFmLDcjB4AaABAg,,False,@nancyalvarez61,"What are you doing, do you want to be my friend?",0,2024-09-18T00:31:36Z,2024-09-18T00:31:36Z
UgzCgv5iX7ii7woy_hp4AaABAg,,False,@nancyalvarez61,안녕 스트레이 키즈 잘 지내?,0,2024-09-18T00:31:28Z,2024-09-18T00:31:28Z
UgzpoBc2UHaW8UF0IUR4AaABAg,,False,@LixxieStay_23,한이 너무 귀엽고 얼굴도 너무 귀엽고 아이엔 웃는 것도 너무 예뻐요!!!♡,7,2024-09-18T00:28:12Z,2024-09-18T00:28:12Z
UgysDSCkbC1l0AFd2Xp4AaABAg,,False,@ideawoman,Cute,0,2024-09-18T00:24:54Z,2024-09-18T00:24:54Z
UgwAs1AMesvy9a5w0314AaABAg,,False,@SkzSeungminSmile,"This is so special, I love them😂😂",0,2024-09-18T00:21:07Z,2024-09-18T00:21:07Z
UgxVbnmF9UmhWlGw5uN4AaABAg,,False,@CristinaNunesdeAguiar,Please come to brazil😢😢,0,2024-09-18T00:17:23Z,2024-09-18T00:17:23Z
UgwrBGTLMyApCRs5Twh4AaABAg,,False,@daddybread143,Aww I love Hannie's cheeks and I.N's face,0,2024-09-18T00:13:57Z,2024-09-18T00:13:57Z
UgwgYaATogpJMxTLKPV4AaABAg,,False,@새싹이와클로버,한이 너무 귀여운거 아니냐고 우리 이엔이 도 너무 귀여워☺️,50,2024-09-18T00:10:54Z,2024-09-18T00:10:54Z
UgxJwfGgH6aukfd4dph4AaABAg,,False,@leiasouza992,Até IN se encantou com as bochechas lindas de Han🙃♥️♥️,0,2024-09-18T00:08:52Z,2024-09-18T00:08:52Z
UgwDCzlCiu3yAi7O6iZ4AaABAg,,False,@ChrisnaLarosilière,How good is that?💞💞💜💜💜,0,2024-09-18T00:04:54Z,2024-09-18T00:04:54Z
UgwxllFXs39li_FCvgJ4AaABAg,,False,@MusicLover-f7r,"I can’t Hans face and his cheeks!! AND I.N being a sweet, cute maknae 💞🥰",0,2024-09-17T23:57:25Z,2024-09-17T23:57:25Z
UgwHXEaGZ-o9R2plopR4AaABAg,,False,@Savage_Seungmin-143,Every Stay's dream ✨️🫠,0,2024-09-17T23:56:29Z,2024-09-17T23:56:29Z
UgxCSkZk-LpTKMdak1Z4AaABAg,,False,@BenicioCampos-lk7yj,Yo te amo tiene no me sale el baile más complicado de usted de las canciones de chk chk boom los amo un montón,0,2024-09-17T23:52:13Z,2024-09-17T23:52:13Z
UgwpcbPqBBRH-6TUZfR4AaABAg,,False,@raneemA-i6p,I stray kids I am one of your biggest fans pls contact me I’m waiting love u,0,2024-09-17T23:50:59Z,2024-09-17T23:50:59Z
UgzDStH5jL-Y0V--ZAh4AaABAg,,False,@Emily.stayy124,❤❤,0,2024-09-17T23:50:06Z,2024-09-17T23:50:06Z
UgxyiJTRR4FvQrh23Wh4AaABAg,,False,@OddinaryMe,"Tbh if I were not a STAY, I'd be convinced if anyone told me that Han was the maknae and I.N was older than Han 😭😭😭",0,2024-09-17T23:48:28Z,2024-09-17T23:48:28Z
UgxEEs_gMDqHWLRU9Ad4AaABAg,,False,@felicie7074,Maknae and fake maknae 🫠🤏🏻,0,2024-09-17T23:43:59Z,2024-09-17T23:43:59Z
Ugz9cTe0zWMZ-CcE0tJ4AaABAg,,False,@ariana5274,Hahaha stray kids.,0,2024-09-17T23:39:15Z,2024-09-17T23:39:15Z
UgwNeUnTAbvgwQAk4hZ4AaABAg,,False,@kaykay_kkmaka,OH MY GODDD THANK YOU I.N FOR THIS🥹🥹 THE JEEKIES🥺🥺 AHHHHHH THE JEEKIES EVERYONE- AHHHHHHHHHHHH😭😭😭,15,2024-09-17T23:37:23Z,2024-09-17T23:37:23Z
UgzFnIOKfIrmFcB_LWR4AaABAg,,False,@HawraaAlkaabi-ch6qs,اعععع خدود هانييي😭🎀💋,1,2024-09-17T23:36:38Z,2024-09-17T23:36:38Z
Ugzxn_DVz3TnF_4_o9x4AaABAg,,False,@STXR_SH33P,I SEE SO MUCH RIZZZ WHATTT,0,2024-09-17T23:32:23Z,2024-09-17T23:32:23Z
UgzaNYzhDkM9u6Iqg4d4AaABAg,,False,@원우야-t6y,말랑말랑,0,2024-09-17T23:30:27Z,2024-09-17T23:30:27Z
UgybQAj01cH5dfuETpl4AaABAg,,False,@Onlyblinks_vk,"I.N SO CUTEE😭💞
HAN SO CUTEE😭💞",0,2024-09-17T23:30:10Z,2024-09-17T23:30:24Z
UgxC2JYjueyM6R7r1Pd4AaABAg,,False,@kpopbysoff,My baby❤,0,2024-09-17T23:22:23Z,2024-09-17T23:22:23Z
UgwyGF3i9c4bGcZ0uL54AaABAg,,False,@weng.8841,Maknae on top always!!,0,2024-09-17T23:20:03Z,2024-09-17T23:20:03Z
UgxJOGRLUNBlCh_AxZx4AaABAg,,False,@DuongNgo-ju9fq,Sao mà dễ thương quá dị,0,2024-09-17T23:17:12Z,2024-09-17T23:17:12Z
UgzGqn9EEvNEmORU1gp4AaABAg,,False,@Braziliandesasters,QUE FOFINHO FKDJDJJSJ 😭😭😭😭,0,2024-09-17T23:16:08Z,2024-09-17T23:16:08Z
Ugxd06vXq0M8U1teo7x4AaABAg,,False,@mariafamilia9134,It's so beautiful 😍 🤩 ❤❤❤❤❤I can't😭,0,2024-09-17T23:15:06Z,2024-09-17T23:15:06Z
Ugzy25JcW8p0tPPkMFt4AaABAg,,False,@SelviatulMahbubah,I want to be I.N for awhile.,0,2024-09-17T23:07:45Z,2024-09-17T23:07:45Z
UgyYypLReO2nOdNqEvh4AaABAg,,False,@hannie_skz143,Han squishy cheeks🤏❤️,1,2024-09-17T23:06:23Z,2024-09-17T23:06:23Z
UgwRc6N0gyHQmxt0VV14AaABAg,,False,@PaolaPineda-sb8sd,Is Banngchan yall Boss,0,2024-09-17T23:04:28Z,2024-09-17T23:04:28Z
UgxxD41djj1ihqNkjF54AaABAg,,False,@flqraflower,Lowkey they need one this Hyunjin and Felix 😭❤️❤️,1,2024-09-17T23:04:01Z,2024-09-17T23:04:01Z
Ugxwg6SwIQL4F7C7XHx4AaABAg,,False,@christinahunter4701,😂😂😂❤,0,2024-09-17T22:57:54Z,2024-09-17T23:06:02Z
Ugw8dLgKmTQpSIab8F94AaABAg,,False,@Sari_kpop,I love Han and I.N❤,1,2024-09-17T22:54:33Z,2024-09-17T22:54:33Z
UgzjxTBUv1zswIh4RHh4AaABAg,,False,@Starsyves,As bochechinhas do Han são tão fofinhas❤❤❤,0,2024-09-17T22:54:12Z,2024-09-17T22:54:12Z
UgxHFy8KC-qf24S4v594AaABAg,,False,@l0ca1ity-313,IN아이엔 and Han한 are so 🔥 AH,0,2024-09-17T22:48:13Z,2024-09-17T22:48:13Z
UgwNV83ZHL29LQ7GvgZ4AaABAg,,False,@djdjsjskjdnnxsjns,cuties,0,2024-09-17T22:48:00Z,2024-09-17T22:48:00Z
Ugx7K6Zd6rubormdQLd4AaABAg,,False,@maggivenjua3428,❤❤❤Las mejillas de Hannie (que lindo✨😍). Innie (como siempre hermosisímo💕) cumplió mi sueño de tocar las mejillas de Jisung😭❤️✨,2,2024-09-17T22:45:25Z,2024-09-17T22:45:25Z
UgyFcJlfXr_nRcx7FJx4AaABAg,,False,@dndakywo,imutnyaaaaaaaaa!😫💗,0,2024-09-17T22:38:23Z,2024-09-17T22:38:23Z
UgwH3SQuUKoXS_9xVTp4AaABAg,,False,@Unofficial_Official_Stay_Acc,"Hans eyes being wide open the whole time, and Innies cute smile, I swear I’m melting🥲💗",13,2024-09-17T22:34:42Z,2024-09-17T22:34:42Z
UgxiTbnAcEfQp9xTPvB4AaABAg,,False,@user-jn6wy6kc5t,イエニ羨ましすぎる,1,2024-09-17T22:29:52Z,2024-09-17T22:29:52Z
UgwCDnolk3tHwVV6cTt4AaABAg,,False,@ستايطايححضها,كيوتتتتت,0,2024-09-17T22:29:31Z,2024-09-17T22:29:31Z
UgyXaLhnI1983wR7Vt54AaABAg,,False,@skz_stay643,Ahhhhhhh hannie❤❤❤❤,0,2024-09-17T22:27:39Z,2024-09-17T22:27:39Z
Ugy9SB--Xfm7zMwO5Td4AaABAg,,False,@DEKUSWIFE-0,Why is there a sound of something being fried? are you hungry guys? 😭🥚,0,2024-09-17T22:21:12Z,2024-09-17T22:21:12Z
Ugy5OL-KwsCzp64WiIJ4AaABAg,,False,@Prez-hi3rv,AWWW,0,2024-09-17T22:20:45Z,2024-09-17T22:20:45Z
UgwdE_zMFea05JmtyTN4AaABAg,,False,@muskanrana7775,❤❤,0,2024-09-17T22:18:00Z,2024-09-17T22:18:00Z
UgzbL62ZkzTLLUuS-wl4AaABAg,,False,@AlejandroSuárez-d5k,"Se ve tan hermoso I.N al final.
Y las mejillas de Han son tan lindas❤",0,2024-09-17T22:16:36Z,2024-09-17T22:16:36Z
Ugy5k28fdArX0qak8rZ4AaABAg,,False,@varshiniv6619,"Best one ever, they look so cute!! like omg why can't I be Han right now!! So Jealous",0,2024-09-17T22:16:30Z,2024-09-17T22:16:30Z
UgweEaw-ps0IxmvvBJJ4AaABAg,,False,@mahaosama5381,😂😂😂😂 what is that star kids 😂😂😂,0,2024-09-17T22:13:02Z,2024-09-17T22:13:02Z
UgzzxEgmDBNqnMTmBc54AaABAg,,False,@Хинами-ц8я,"Я ради вас буду учить карейский вы просто нечта вы всегда позетивные и очень добрые. Я хочу сказа что бы вы себя не нагружали работать трудиться надо но и отдыхать тоже надо.
Я вас очень силно люблю вы научили меня многому. Удачи вам всем💋",0,2024-09-17T22:10:11Z,2024-09-17T22:10:11Z
UgwjeGnWo7X83IFnJph4AaABAg,,False,@HassnOdy,هان تحت تهديد,0,2024-09-17T22:05:33Z,2024-09-17T22:05:33Z
Ugx0grHlIb49jm2IXSh4AaABAg,,False,@KimSeungminSavageking,I.Nieee is so cute Baby bread 🍞 and Hanieee,0,2024-09-17T22:04:16Z,2024-09-17T22:04:16Z
Ugx37CcY8isfb_rkbMx4AaABAg,,False,@mks.keyli3,IN LOOKS LIKE A LITERAL CHILD😂❤❤,1,2024-09-17T22:03:30Z,2024-09-17T22:03:30Z
Ugy5FsDV3xGDLV01aXV4AaABAg,,False,@stay_forever152,I.N fulfilled every Hanista's dream,0,2024-09-17T22:02:20Z,2024-09-17T22:02:20Z
UgxnTOe2uLW3CIamf0d4AaABAg,,False,@hyeinjinnn,AYAYYAYAYA OUR OPPAS POSTED.!❤,0,2024-09-17T22:00:19Z,2024-09-17T22:00:19Z
UgzsZQ3kLCDdzl4RLGx4AaABAg,,False,@WitchAngelNekora,Squeeshy~❤ Soft quokka cheeks must be squeeshed!,0,2024-09-17T21:59:12Z,2024-09-17T21:59:12Z
UgzDpeyq2UIl6HLtF_d4AaABAg,,False,@guadalupeplata9151,Son tan lindos los dos ❤❤❤,0,2024-09-17T21:56:34Z,2024-09-17T21:56:53Z
UgxTNQaPGtoYQiBBs794AaABAg,,False,@tleeknon,満足げなイエナの可愛い🩷　次は逆でも出してね！,2,2024-09-17T21:53:41Z,2024-09-17T21:53:41Z
UgwBJTk8IPZKSsGuDf14AaABAg,,False,@stay.czennie3,앜ㅋㅋㅋㅋㅋ귀여워❤,0,2024-09-17T21:48:04Z,2024-09-17T21:48:04Z
Ugx2Rn_SE7Jlw4yWygh4AaABAg,,False,@user-lamulamu,なんだこの2人、可愛くて尊い,56,2024-09-17T21:46:40Z,2024-09-17T21:46:40Z
UgzV4gJ6-54E39gWd4F4AaABAg,,False,@Ana_larara,I love you Han,0,2024-09-17T21:45:30Z,2024-09-17T21:45:30Z
Ugy5B1GRBFZOnVyKoYJ4AaABAg,,False,@АлександерЧерненький,나는 당신을 사랑하지만 나는 러시아 출신입니다 вы такие милые ❤❤,0,2024-09-17T21:42:09Z,2024-09-17T21:42:09Z
UgyzSvTvRFy8lX9ndbh4AaABAg,,False,@티라미스,Tbh han is giving maknae vibes and I.N is giving hyung there so cutee❤,61,2024-09-17T21:38:55Z,2024-09-17T21:38:55Z
UgyzSvTvRFy8lX9ndbh4AaABAg.A8Vefud0Vd4A8h3vsE_w-V,UgyzSvTvRFy8lX9ndbh4AaABAg,True,@K-Pop_Stay_SKZ,I don't see hyung vibes in I.N at all because he's the maknae 😭,0,2024-09-22T17:19:10Z,2024-09-22T17:19:10Z
UgwhG8wNe7l5UKvAWHJ4AaABAg,,False,@nayd.k.4364,Hannie just wants to go home),0,2024-09-17T21:37:47Z,2024-09-17T21:37:47Z
Ugyx1-PR2_5j6NrzCj54AaABAg,,False,@Luvforstraykids,I love you guys so much 😂❤,0,2024-09-17T21:32:55Z,2024-09-17T21:32:55Z
UgwtINMzXOnzzov_AWZ4AaABAg,,False,@qkanerd,Innie and Han's JEEKIES! ❤❤,0,2024-09-17T21:30:55Z,2024-09-17T21:30:55Z
UgwuYfTJvXkOYqHwuO14AaABAg,,False,@小池歩-p2v,❤❤❤❤❤❤❤❤,0,2024-09-17T21:30:05Z,2024-09-17T21:30:05Z
Ugyz3zTNyZODe1BD8Ul4AaABAg,,False,@giool16,❤❤❤,0,2024-09-17T21:28:41Z,2024-09-17T21:28:41Z
Ugxq3-36afJ9d7hSiRl4AaABAg,,False,@tahoora-g4x,The cutest people in the world 🥺🥺,0,2024-09-17T21:25:52Z,2024-09-17T21:25:52Z
UgxCqx91hB_nmvSLUtZ4AaABAg,,False,@thedreamtrio3,This is too cute as I.N  pokes Han cheeky cheeks is to cute and with the audio ❤❤❤❤,0,2024-09-17T21:17:51Z,2024-09-21T19:23:56Z
UgzARjw4dEycw5NEzwx4AaABAg,,False,@theodorozeyraymonsch,Two yammys..,0,2024-09-17T21:17:12Z,2024-09-17T21:17:12Z
UgylqNAPwsMgiwtYzoZ4AaABAg,,False,@nancymullican2372,GUYS WAKE UP STRAY KIDS POSTED❤,0,2024-09-17T21:15:58Z,2024-09-17T21:15:58Z
UgxG2ZZfTUhGMx_Jc7d4AaABAg,,False,@f_k._.F_1234F6,Wow he is really cute 💗🤏🏻,0,2024-09-17T21:12:03Z,2024-09-17T21:12:03Z
UgxmAuA0UC1mxFGap-14AaABAg,,False,@Stay_straykids_love,パンが軽くこねていくスタイル好こ,1,2024-09-17T21:10:36Z,2024-09-17T21:11:13Z
UgxF7_qLiE_6Zq9Uy7l4AaABAg,,False,@K-TUBERfavorita,Kaka 😂,1,2024-09-17T21:06:42Z,2024-09-17T21:06:42Z
UgwI2Td5MXz8gRZAJaN4AaABAg,,False,@mthvxsz,Que lindinhos,0,2024-09-17T21:04:21Z,2024-09-17T21:04:21Z
Ugw36DOLVEfo2u4qghZ4AaABAg,,False,@Skz_lov0320,Fox and quokka so cute ❤❤❤,0,2024-09-17T21:04:19Z,2024-09-17T21:04:19Z
UgwgBzcVjhJ00ubEdtd4AaABAg,,False,@Seungminster3,Awww,1,2024-09-17T21:03:59Z,2024-09-17T21:03:59Z
UgwQAKk9FtDPT4N3keN4AaABAg,,False,@toonstay,Can you do the doodle,0,2024-09-17T21:00:55Z,2024-09-17T21:00:55Z
UgyU4kK9FX1cohO7S6d4AaABAg,,False,@mohamedrouyfy512,"내가 왜 그 사람들을 그렇게 사랑하는지 모르겠는데, 너무 귀여워요💖☘",12,2024-09-17T21:00:38Z,2024-09-17T21:00:38Z
UgxyU_RCrC3Uot5PmGZ4AaABAg,,False,@its_mirindaaa28115,I.n so cuteeeeee❤,0,2024-09-17T21:00:05Z,2024-09-17T21:00:05Z
UgxvpLrx7FHM3qEAaDh4AaABAg,,False,@guadalupeartecona7015,Una cosa felix no te levantes la remera y que se te vea todo el ombligo porque mi mama noe va a dejar ir thank,1,2024-09-17T20:54:04Z,2024-09-17T20:54:04Z
UgzrLKZYfrVjOzFUBtl4AaABAg,,False,@Lizzyd789,Han😭😭,1,2024-09-17T20:51:54Z,2024-09-17T20:51:54Z
Ugz44VMjVDPhhD7Jg_14AaABAg,,False,@ezgiforskz,My babies❤,0,2024-09-17T20:44:42Z,2024-09-17T20:44:42Z
UgzF71W88rdnaMYXGBp4AaABAg,,False,@W4V33,Quokka cheeks❤,1,2024-09-17T20:41:39Z,2024-09-17T20:41:39Z
UgwWFqn-sJDSkF2EyYt4AaABAg,,False,@guadagomez4077,No puedo... Son tan lindos los dos son tan tiernos awww😩❤️,0,2024-09-17T20:41:36Z,2024-09-17T20:41:36Z
Ugx38XysK7ilcO6JKY94AaABAg,,False,@RaniaHamouche-zt2ko,Cut❤,0,2024-09-17T20:40:59Z,2024-09-17T20:40:59Z
Ugza5U67az3xc3jRxop4AaABAg,,False,@vqlezxo,Han your cheeks are squishy,0,2024-09-17T20:37:42Z,2024-09-17T20:37:42Z
Ugyw4ok94TKgeX19aoV4AaABAg,,False,@刺身-w3q,2人のほっぺ柔らかくて気持ちよさそう…,109,2024-09-17T20:34:49Z,2024-09-17T20:34:49Z
Ugyw4ok94TKgeX19aoV4AaABAg.A8VYLMV41sFA8WlLQuV4kH,Ugyw4ok94TKgeX19aoV4AaABAg,True,@misaaki1420,ただの天国か❤❤❤❤,6,2024-09-18T07:56:23Z,2024-09-18T07:56:23Z
Ugyw4ok94TKgeX19aoV4AaABAg.A8VYLMV41sFA8XHZKNDlu7,Ugyw4ok94TKgeX19aoV4AaABAg,True,@刺身-w3q,​@@misaaki1420それなｯ！あぁ絶対学校の後に見ると更に癒し度が増す奴だ…,0,2024-09-18T12:46:39Z,2024-09-18T12:46:39Z
Ugx1ZVpJZpjhHIwAapF4AaABAg,,False,@Stayvzxr,Minha vez I.n,0,2024-09-17T20:32:47Z,2024-09-17T20:32:47Z
UgwgMIwo6xFSG_VaHVx4AaABAg,,False,@Akecia0325,aww so cute,0,2024-09-17T20:30:50Z,2024-09-17T20:30:50Z
Ugz3zcJW4fNNvkoVvEZ4AaABAg,,False,@ArmyStayBlinkMoaEngene,❤❤❤❤❤,0,2024-09-17T20:28:32Z,2024-09-17T20:28:32Z
UgzEPFTzGGRTVwh2vMx4AaABAg,,False,@LuisannaVasconesz,❤,0,2024-09-17T20:27:19Z,2024-09-17T20:27:19Z
Ugytu78sMMTT44JffBZ4AaABAg,,False,@Tomboy-CG,happy chuseok,0,2024-09-17T20:26:46Z,2024-09-17T20:26:46Z
Ugyd6FymacRYqb4zdP54AaABAg,,False,@Kapandı-h5x4l,Han so pretty and cute,0,2024-09-17T20:26:02Z,2024-09-17T20:26:02Z
UgySJsifxjR529dQPNl4AaABAg,,False,@My_stay_2018,Cute,4,2024-09-17T20:23:43Z,2024-09-17T20:23:43Z
UgyVbWG35cmCBsPB_UV4AaABAg,,False,@linasuci1458,Pengen nyoba ih 😂,0,2024-09-17T20:23:14Z,2024-09-17T20:23:14Z
UgyRCN0MMKnwZOm-ybx4AaABAg,,False,@xansu-f7,It's so cute ❤,0,2024-09-17T20:22:39Z,2024-09-17T20:22:39Z
UgwLJfYVnPTNSoz12cF4AaABAg,,False,@kaybae4722,Ahhh both of my biases are so cute hehe🥹☺️❤️,1,2024-09-17T20:21:46Z,2024-09-17T20:21:46Z
Ugw3G1D9UpRUR-HqLGZ4AaABAg,,False,@lotficherni9622,😂😂😂😂😂😂,0,2024-09-17T20:21:07Z,2024-09-17T20:21:07Z
Ugxda5c8QhCjbdt5I7t4AaABAg,,False,@Berries.By.The.Billions,Happy Chuseok Stray Kids!!!,0,2024-09-17T20:19:44Z,2024-09-17T20:19:44Z
Ugz3IhTZfRtu3GOAFmR4AaABAg,,False,@j.one_love,Stay’s dream is to touch Hannie’s cheeks 😭😭🫶🏻🫶🏻,0,2024-09-17T20:16:55Z,2024-09-17T20:16:55Z
Ugw03rAAnHoZBIEsFl54AaABAg,,False,@Brownies24-7,🥰🥰🥰,0,2024-09-17T20:16:34Z,2024-09-17T20:16:34Z
UgyzkILWeRc5HNjV3YF4AaABAg,,False,@necmettinaydas4915,HI FROM TURKEY 🇹🇷🇹🇷🇹🇷WE LOVE YOU💖💖💖💫💫💫,1,2024-09-17T20:16:29Z,2024-09-17T20:16:29Z
UgyW_6TT_zhP-6LplQ54AaABAg,,False,@Lee_Know.fficial,Han just standing there like this is a daily thing. 😂 (It probably is though.),0,2024-09-17T20:16:09Z,2024-09-17T20:16:09Z
Ugwjv-_VScqLZcEz4FR4AaABAg,,False,@j.one_love,cuteee,0,2024-09-17T20:15:37Z,2024-09-17T20:15:37Z
Ugyh-FX51tBkVgTKZ8R4AaABAg,,False,@Jstanbabezz0-0,Han…🤍🤍🤍🤍🤍,5,2024-09-17T20:11:37Z,2024-09-17T20:11:37Z
Ugyis3BPtp4r-LRdf1x4AaABAg,,False,@SKZCBGuideTeam,I can’t take this cuteness overload 🥹😭♥️,0,2024-09-17T20:11:24Z,2024-09-17T20:11:24Z
UgzrbbLjSW5jtmrKxdB4AaABAg,,False,@OK_323,💓,0,2024-09-17T20:10:43Z,2024-09-17T20:10:43Z
Ugx14Md0NwUHH072rBJ4AaABAg,,False,@OK_323,🥰🥰💕,0,2024-09-17T20:10:30Z,2024-09-17T20:10:30Z
UgyxbRQ5iJy_h5ar2M54AaABAg,,False,@Leekxw_,HAN LOOK SO ADORABLE!!,2,2024-09-17T20:08:25Z,2024-09-17T20:08:25Z
Ugyd-HnPdulVjo-Qad14AaABAg,,False,@Sunni-stay,"Han is so used to people poking his cheeks that he is unfazed 😶. Meanwhile, Jeongin is lost in the qoukka's squishy soft cheeks 😊",1,2024-09-17T20:07:40Z,2024-09-17T20:07:40Z
UgxaPAQCRI81zrv_WsZ4AaABAg,,False,@Jess-g2s,🌟,0,2024-09-17T20:06:58Z,2024-09-17T20:06:58Z
UgxSg-F65mbC-qOasfN4AaABAg,,False,@Lolozinha-i8v,현진 vc 나모라?,0,2024-09-17T20:04:45Z,2024-09-17T20:04:45Z
UgwUn7GJuiXJzIMSLq94AaABAg,,False,@ButtheadIguess,HANS SQUISHY CHEEKS AND I.NS FACE  IS A BEAUTIFUL MIX,0,2024-09-17T20:04:06Z,2024-09-17T20:04:12Z
UgweKq_SQqBZKcx3aCx4AaABAg,,False,@numbimpoyo6397,Such a amazing duo..🎀😊,3,2024-09-17T20:00:56Z,2024-09-17T20:00:56Z
UgzRo9MdyV9sLBbhcG14AaABAg,,False,@SanazAmiri-n4v,😢😂,0,2024-09-17T20:00:12Z,2024-09-17T20:00:12Z
UgwUiJ7oS05nUGp4e994AaABAg,,False,@Moonone-p8g,Cute 😭😭,0,2024-09-17T19:59:01Z,2024-09-17T19:59:01Z
UgzpTD1IBvYQ6-QXchl4AaABAg,,False,@AndrewCortez-ys3jf,I-N being the cutest maknae and Han looking so cute the cutest dou in the world ❤❤❤❤❤,4,2024-09-17T19:56:54Z,2024-09-17T19:56:54Z
UgwhdnHeE1C45_2FjGJ4AaABAg,,False,@LittleBuny81194,They’re both so cute!!!! 💖,0,2024-09-17T19:56:01Z,2024-09-17T19:56:01Z
UgxpaP4_I-0FvVd660F4AaABAg,,False,@OnedoorBoyNextDoorDoc,Necesito uno de I.n Con beomgyu,0,2024-09-17T19:52:21Z,2024-09-17T19:52:21Z
UgwPQe13w4b-dN-g_UV4AaABAg,,False,@AislinnBautista-y6f,SO CUTE 🥺😥,0,2024-09-17T19:52:03Z,2024-09-17T19:52:03Z
Ugw4aWjc-f4TnmYuVNZ4AaABAg,,False,@S.fan.harrypotter,😂😂😂🫶✨️,0,2024-09-17T19:50:45Z,2024-09-17T19:50:45Z
UgxKGUJyInW3iFiixxF4AaABAg,,False,@MatildeAbreu-p7v,COME TO PORTUGAL,1,2024-09-17T19:47:13Z,2024-09-17T19:47:13Z
UgzlUR3BfRO8oT1gsfB4AaABAg,,False,@Lixie_berryy,OUR BABY BREAD AND QUOKKA I’M CRYING 😭✋❤️,20,2024-09-17T19:46:32Z,2024-09-17T19:46:32Z
UgzlUR3BfRO8oT1gsfB4AaABAg.A8VSoqR7TpqA8jHKoSLD3D,UgzlUR3BfRO8oT1gsfB4AaABAg,True,@AnnaAngelova-wt5ry,🙌💯💯💯,0,2024-09-23T13:54:47Z,2024-09-23T13:54:47Z
UgzkpjT9UhrvpiOn5xx4AaABAg,,False,@ranaa_moon,يحظ الاعضاء,0,2024-09-17T19:46:11Z,2024-09-17T19:46:11Z
UgxsMNl5lSzbAb88sGd4AaABAg,,False,@MariaJuliaAraújo-i1h,My babyyyyy❤❤❤🐿🐿💍💍,0,2024-09-17T19:39:49Z,2024-09-17T19:39:49Z
Ugwyy36_pIW3o9RZRwR4AaABAg,,False,@Хтото-это,Хани не откуси Айену палец пожалуйста 😂,0,2024-09-17T19:39:07Z,2024-09-17T19:39:07Z
UgwXGXeZqOVfMnsoAiZ4AaABAg,,False,@Joud-h6m,It's a video that i needed,0,2024-09-17T19:39:05Z,2024-09-17T19:39:05Z
UgwFYxMKVo44TfEjfQ54AaABAg,,False,@denizr6866,I am a lagendary❤,0,2024-09-17T19:34:59Z,2024-09-17T19:34:59Z
UgyfqduxeFGdpgZUtyV4AaABAg,,False,@brzem2453,😂,0,2024-09-17T19:34:35Z,2024-09-17T19:34:35Z
UgwsUs7EiYhNh-UNmgt4AaABAg,,False,@Yong2512,Cute,0,2024-09-17T19:34:10Z,2024-09-17T19:34:10Z
Ugx-aHqqygJX-QDnLiJ4AaABAg,,False,@Minnihov7,Little squirrel and Baby bread are so cute,21,2024-09-17T19:33:09Z,2024-09-17T19:33:09Z
UgyzykoPY3iyyz_ii8p4AaABAg,,False,@AnnaAngelova-wt5ry,Jeonginnnnnnnn the best ❤❤❤,1,2024-09-17T19:28:57Z,2024-09-17T19:28:57Z
Ugx02i3INu-nIdFDk894AaABAg,,False,@Ranimuraa,STOP THIS IS SO CUTEEE 💗😭,0,2024-09-17T19:28:40Z,2024-09-17T19:28:40Z
UgwY6dpHyEORA8ImNFZ4AaABAg,,False,@4ever_seungberry143,IM A HYUNBERRY 😃🥰😍😘🤩🤗😜🥴🥳😭🥹👽❤️✌️🤟💅🫶👍🫵🤫🧏‍♀️😇🍓,0,2024-09-17T19:20:43Z,2024-09-17T19:20:43Z
UgxBEmsz_8LVSEYjN9B4AaABAg,,False,@heba-9762,I.N hands don't match with his facee,0,2024-09-17T19:17:39Z,2024-09-17T19:17:39Z
UgwOqiNgD_3jNUs_eQB4AaABAg,,False,@leshy_indeluluville,Innie’s smile at the end so precious 😍 and Han’s adorable cheeks 🥰,527,2024-09-17T19:16:14Z,2024-09-17T19:16:14Z
UgwoCdwOivtPYD2rAf94AaABAg,,False,@GordoMartinez-b6s,❤❤❤❤❤,0,2024-09-17T19:15:41Z,2024-09-17T19:15:41Z
UgwzAbxq-lgLp8y7Y_p4AaABAg,,False,@Ruby_Jane-v7o,❤️❤️❤️❤️❤️,0,2024-09-17T19:13:28Z,2024-09-17T19:13:28Z
UgytKJNF_ZfnG1pBKQx4AaABAg,,False,@Jisungwqs273,Han's Face so cuteeee❤❤❤❤,0,2024-09-17T19:12:56Z,2024-09-17T19:12:56Z
UgwLoaZqv_tZ0IlxiKJ4AaABAg,,False,@みれす-v4i,"出た！
謎のBGM！！！
この音は何の音なの〜？😂",1,2024-09-17T19:12:56Z,2024-09-17T19:12:56Z
Ugx03gTGP6U-RVuKL994AaABAg,,False,@ikra0istwee,AAAAAA THEY BOTH ARE EXTREMEEELY ADORABLEEE‼️🥹❤️‍🩹😭,0,2024-09-17T19:10:20Z,2024-09-17T19:10:20Z
Ugx7DV2XrBm9m-q9O_N4AaABAg,,False,@multistanvibes-u3d,Awww Hannie!!!,0,2024-09-17T19:09:06Z,2024-09-17T19:09:06Z
Ugx-REwGxYatJ9T9LpJ4AaABAg,,False,@tashas4241,How is it the others aren't poking/pinching I.N's cheeks?!?,0,2024-09-17T19:03:47Z,2024-09-17T19:03:47Z
UgwfAJRlT7qXNlav0NJ4AaABAg,,False,@URFAVYEVE,happy CHUSEOK,0,2024-09-17T19:01:35Z,2024-09-17T19:01:35Z
UgxrzWc7PSXaex2ljWp4AaABAg,,False,@Thayla_Blox668,Stray kids calma um pouco eu não tenho muita bateria pra esperar vídeo novo😭😭😭😭😭😭,0,2024-09-17T19:00:46Z,2024-09-17T19:00:46Z
UgxcMOX4z4fN5RfpqX94AaABAg,,False,@Anfisa_stay,Я ничего не понимаю,0,2024-09-17T18:58:36Z,2024-09-17T18:58:36Z
UgwcLPC1QJ86muKwxIp4AaABAg,,False,@leeberryy,Han’s little squirrel cheeks..🩵🐿️,7,2024-09-17T18:53:13Z,2024-09-17T18:53:13Z
Ugyvs-PkPVM1InnoD714AaABAg,,False,@ds9wormhole,Geezuz they're beautiful ❤❤❤,0,2024-09-17T18:50:24Z,2024-09-17T18:50:24Z
UgzIg_hplPv0MKglRPR4AaABAg,,False,@berenm870,Cuteee❤❤❤,0,2024-09-17T18:50:10Z,2024-09-17T18:50:10Z
Ugw6pOztmUxvOC70xVR4AaABAg,,False,@rosanavideira8861,I love you soooooooooooooooooooo much 💙S͓̽t͓̽r͓̽a͓̽y͓̽K͓̽i͓̽d͓̽s͓̽💙,1,2024-09-17T18:46:41Z,2024-09-17T18:46:41Z
UgwiYb7rNiPVS8cdVEF4AaABAg,,False,@jenniferholsten731,I'm a huge fan of u guys,0,2024-09-17T18:45:36Z,2024-09-17T18:45:36Z
UgyDYavDonCMg04yTRJ4AaABAg,,False,@NicollyRodriguês-y1c,So cute 🥹,0,2024-09-17T18:45:24Z,2024-09-17T18:45:24Z
UgxvQJTBIOHzoJnc1c54AaABAg,,False,@aygunahmedova1779,Awwwwwwwww❤❤❤❤😊❤😊❤😊❤😊😊❤🎉🎉,0,2024-09-17T18:44:45Z,2024-09-17T18:44:45Z
UgxMYPS49c5dYFiEVGB4AaABAg,,False,@I1en3_Pr0ject1,This is what I always do with my friend and I’m the one with puffy cheeks 😂,0,2024-09-17T18:40:49Z,2024-09-17T18:40:49Z
UgxCoYOQkQAyuQOfVoJ4AaABAg,,False,@sarahmaebation6387,HAAAAAN you are so cuuuute 🤩🫶🏼 we ❤ SK 🫶🏼,0,2024-09-17T18:38:43Z,2024-09-17T18:38:43Z
UgyOqo1J4W3Bf5RMaSV4AaABAg,,False,@HannieJi1,Cute hannnie😢😢😢❤️❤️❤️🌷🌷🌷🌷🌷,0,2024-09-17T18:38:29Z,2024-09-17T18:38:29Z
Ugyx46grGTB0iCb_6ad4AaABAg,,False,@HannieJi1,يماااممممممي الخدووود😭😭❤️❤️❤️❤️😭😭😭❤️❤️❤️😭❤️❤️❤️❤️😭❤️😭❤️❤️❤️❤️,0,2024-09-17T18:38:15Z,2024-09-17T18:38:15Z
UgwSLZL1TDqugzgz5RV4AaABAg,,False,@Jensoo2.0,que lindoooo❤,0,2024-09-17T18:38:14Z,2024-09-17T18:38:14Z
UgxYMfjc4xf9eFSR_kd4AaABAg,,False,@Elm_353,GREETINGS FROM AZERBAIJAN,1,2024-09-17T18:35:52Z,2024-09-17T18:35:52Z
UgzghmhKOaIg4vdXVEJ4AaABAg,,False,@Elm_353,LOVE FROM AZERBAIJAN,1,2024-09-17T18:35:41Z,2024-09-17T18:35:41Z
UgyPqF1DvM3_IwiaIzV4AaABAg,,False,@Marga_allsharany,❤❤😂,0,2024-09-17T18:35:06Z,2024-09-17T18:35:06Z
UgyCGT3lhj1pPVrEFU94AaABAg,,False,@slaalt6802,Yaa yerim 😂,0,2024-09-17T18:32:32Z,2024-09-17T18:32:32Z
UgyZ3fxfyHEMsecwbsN4AaABAg,,False,@GurpreetKaur-vy4bm,😂😂😂😂 SO FUNNY 🤣,0,2024-09-17T18:32:25Z,2024-09-17T18:32:25Z
Ugyr6hZl1E8LAjLsbLZ4AaABAg,,False,@ЧулпанГизз,Everyone has such cute cheeks))))),0,2024-09-17T18:32:14Z,2024-09-17T18:32:14Z
UgwCD_O-vtL0lYX6OMl4AaABAg,,False,@DoraAparico,HERMOSOS 🥰🥰🥰,0,2024-09-17T18:31:22Z,2024-09-17T18:31:22Z
UgzBp7Jpg6gqfDceWqB4AaABAg,,False,@RazznFadi,❤❤❤,0,2024-09-17T18:28:58Z,2024-09-17T18:28:58Z
Ugx0V_HmNtEYX61Etop4AaABAg,,False,@a.y.e.d.o.m.i.n.o,I.N is so lucky to touch those cheekiess,0,2024-09-17T18:28:26Z,2024-09-17T18:28:26Z
UgwRn10ZmoNbDPUk-zZ4AaABAg,,False,@samanarizvi2577,This is actually cuteness overload 😩😫😩😫😩😫😩😩😫😫😫😫😫🥰🥰🥰🥰🥰🥰🥰🥰 they both are so cuteeeeeeee,5,2024-09-17T18:28:11Z,2024-09-17T18:28:11Z
UgzFj2oTEODr7uzF-jJ4AaABAg,,False,@TuçeBS87,I love han,0,2024-09-17T18:25:56Z,2024-09-17T18:25:56Z
Ugx1AIKOb-CgD0dnrC94AaABAg,,False,@Magy225,Es mi turno 🤚🏼,0,2024-09-17T18:25:42Z,2024-09-17T18:25:42Z
Ugx9wn8nWIWwtDqGJEN4AaABAg,,False,@steshaonelove,милые наши 😭🩷🙏🏻,0,2024-09-17T18:24:31Z,2024-09-17T18:24:31Z
UgwpVaYllTergY0uSuh4AaABAg,,False,@samramdani-ne6bf,Boyaaa so cute,0,2024-09-17T18:22:39Z,2024-09-17T18:22:39Z
Ugw4GA0vl9B-_FlfYQ94AaABAg,,False,@SkzStay-h2h,Wait but can we talk abt I.N's hands,0,2024-09-17T18:21:44Z,2024-09-17T18:21:44Z
UgyUwmA0yBdKaiS7vLF4AaABAg,,False,@dancing_vocals,"I love you Stray Kids. I live in Russia in the city of St. Petersburg. I really want to meet you. I listened to you, watched you all your existence of the group Stray Kids. I will not be able to get to the concert or come. 😭😭😭. I love you and will always love you, I wish you good luck 🥰🥰🥰☺.",0,2024-09-17T18:19:32Z,2024-09-17T18:19:32Z
UgwW_xu6FhfD7CDNwT54AaABAg,,False,@Qoukka3,My 2 bias ❤,0,2024-09-17T18:19:22Z,2024-09-17T18:19:22Z
UgyxmAqBCcu9zk3C3hZ4AaABAg,,False,@northarea1203,Kinako,0,2024-09-17T18:18:58Z,2024-09-17T18:18:58Z
UgxTLvo_y8EKiuq0qBB4AaABAg,,False,@Xellaly,Cute I love you forever ❤❤❤❤❤,0,2024-09-17T18:18:32Z,2024-09-17T18:18:32Z
UgwjL4P5NBGC-7epEv94AaABAg,,False,@Fhferenity,Why is this so short though 😢,0,2024-09-17T18:17:59Z,2024-09-17T18:17:59Z
Ugz3AEwu6YFA58K5uK14AaABAg,,False,@airinochoa6454,Beautiful😍😍😍😍,0,2024-09-17T18:16:53Z,2024-09-17T18:16:53Z
UgznmxEnBoNT3RBx-xh4AaABAg,,False,@ria_rosie,So cute❤... I'm in love with I. N smile🥰,6,2024-09-17T18:14:28Z,2024-09-17T18:14:28Z
UgyIFxm7qTcuPCERn2R4AaABAg,,False,@Gracemarie4281,So cute 🥺🥰,0,2024-09-17T18:13:19Z,2024-09-17T18:13:19Z
UgyrRa42KlCwXpdH5vN4AaABAg,,False,@user-nh5vx5qj5d,最初のぷにぷにの時の、柔らかそうなハンのほっぺたがたまらなく好きです,61,2024-09-17T18:12:44Z,2024-09-17T18:13:12Z
Ugzd1fRmM-RwIo0uD414AaABAg,,False,@kotori_tori_shiroi,🥰🥰 isso ta fofo dois lindinhos 😊🦊🐿️dois gatinhos lindos 💖💖💖💖💖💖💖💖💖💖💖💖💖💖💖,0,2024-09-17T18:12:27Z,2024-09-17T18:12:27Z
UgwC_IQO9MJ38ec3Gt54AaABAg,,False,@Hannah-j1x4e,Cutie,0,2024-09-17T18:11:18Z,2024-09-17T18:11:18Z
Ugz35YWd5zuNPX3hB6N4AaABAg,,False,@ZeynepDemirsoy8411,Çok tatlılar özellikle ı.n.,1,2024-09-17T18:11:11Z,2024-09-17T18:11:11Z
Ugzdui8oZrCb1-UgH954AaABAg,,False,@Saffron194,"They look so pretty, and it’s a fact, that I.N. Smiling can make anyone’s day lot better and brighter hehe, same goes for jisungie 😊😊❤❤",17,2024-09-17T18:09:11Z,2024-09-17T18:09:11Z
UgzgFs7yHy8kxT8a0v54AaABAg,,False,@홍서우-x3n,아앙 ㅠㅠ 한지성 넘 귀엽자나 ㅠㅠ 한지성 그냥 햄스토 인간버전같아 기여어 ㅠㅠ,0,2024-09-17T18:07:13Z,2024-09-17T18:07:13Z
UgxWZSoQnyiS3rAIDQJ4AaABAg,,False,@Arigsoqme,Aww,0,2024-09-17T18:06:18Z,2024-09-17T18:06:18Z
UgxpGSTDd2ATIXALoxp4AaABAg,,False,@Marinette-88,❤❤❤,0,2024-09-17T18:02:17Z,2024-09-17T18:02:17Z
Ugw3SN2CLnXT7Ypwst14AaABAg,,False,@paoseok,Lindoooss!!😭🩷,0,2024-09-17T18:02:07Z,2024-09-17T18:02:07Z
UgzCNch4f2VBH16Z3at4AaABAg,,False,@AnahiBarragan-oi4lk,❤😊❤😊❤😊😊❤😊❤😊❤😊❤❤,0,2024-09-17T18:01:40Z,2024-09-17T18:01:40Z
Ugw8b1SxUjy1EvE0kVV4AaABAg,,False,@lily-chan1815,Ahora quiero tocar las mejillas de Han ❤,0,2024-09-17T18:01:36Z,2024-09-17T18:01:36Z
Ugznezpf6tAx0d36zLl4AaABAg,,False,@Bubbles-d7t,😂 yes sizzling hot 😂😂 ❤you both 💙💙👍,0,2024-09-17T18:01:31Z,2024-09-17T18:01:31Z
UgxkYzeLDTci-oo6OaV4AaABAg,,False,@skz_Ella,🎀🤍You redeemed our squirrel and our baby hottie,0,2024-09-17T17:58:16Z,2024-09-17T17:58:16Z
UgyaEecFqQPmyN_TD3Z4AaABAg,,False,@vikramdutta5557,Cutie patooties😭💗,0,2024-09-17T17:57:48Z,2024-09-17T17:57:48Z
UgyKWSe4DFRfK8zxCjZ4AaABAg,,False,@luvrenia,OTHERS ASMRS VS STAYS ASMR 🤌🏻🤌🏻😻😭🥹🫂💋🤏🏻🤏🏻,11,2024-09-17T17:57:45Z,2024-09-17T17:57:45Z
UgwPPHYsmMbjPU-RBNx4AaABAg,,False,@MsAsianful,OK I CAN'T WITH THIS TWO CUTIESSSS ❤❤.,0,2024-09-17T17:57:21Z,2024-09-17T17:57:21Z
Ugwg0pdagVwPrrpXMxh4AaABAg,,False,@Eva-w2d6r,❤😊,0,2024-09-17T17:55:51Z,2024-09-17T17:55:51Z
Ugxyg_o584Efiy-SwDx4AaABAg,,False,@rabeyakhatun613,They are so cute🐇🐇❤️❤️❤️😍😍😍😍😍,0,2024-09-17T17:54:05Z,2024-09-17T17:54:05Z
UgxhB1XgMImBQFpRJON4AaABAg,,False,@secretadmir,كيوووت ❤,1,2024-09-17T17:51:17Z,2024-09-17T17:51:17Z
UgyXI2CGQh0_pYCUgqJ4AaABAg,,False,@Esilaa-q1x,Han so cute,7,2024-09-17T17:48:49Z,2024-09-17T17:48:49Z
Ugy3WPheNSbXA6c6lXp4AaABAg,,False,@sugarromm,Han Jisung and I.N so cute ! ❤,3,2024-09-17T17:48:14Z,2024-09-17T17:48:14Z
UgyB4nZqbMP4Vliuo4Z4AaABAg,,False,@Teamin_park,How i can explain what i see😭😭❤,0,2024-09-17T17:47:17Z,2024-09-17T17:47:17Z
Ugwq8AmU5Evm8TGmV0h4AaABAg,,False,@AmeraAsii,هان 😭😭😭,0,2024-09-17T17:46:07Z,2024-09-17T17:46:07Z
UgzDAJ9phqtdIOKkbkZ4AaABAg,,False,@Belen-sq2ul,I.N 🫶🏻❤️❤️,0,2024-09-17T17:45:31Z,2024-09-17T17:45:31Z
UgxRIUVj-FoDXd-vMB14AaABAg,,False,@staaa_atiny,JeongIn move it's my turn 🥺,1,2024-09-17T17:45:22Z,2024-09-17T17:45:22Z
UgzDqwOywPp3QRlZrPZ4AaABAg,,False,@Mariela_Barja,Tan lindos 💗💗,0,2024-09-17T17:44:04Z,2024-09-17T17:44:04Z
UgwJv0uCeACcVEmJriF4AaABAg,,False,@Ddoraapw,Jeongin’s smile so sweet,5,2024-09-17T17:44:03Z,2024-09-17T17:44:03Z
UgzZfpe4qOBR7zn4Xop4AaABAg,,False,@masall.33,Aww❤❤,0,2024-09-17T17:42:50Z,2024-09-17T17:42:50Z
UgzrCuF04v17AK_Pkj94AaABAg,,False,@Quokkasdelulu,Yerim ya gıdısı çıkmısss,0,2024-09-17T17:41:31Z,2024-09-17T17:41:31Z
UgwxuLOsdRDFFSWiH4t4AaABAg,,False,@Kamochka_678,Тап Тап Тап по хомяку.....,0,2024-09-17T17:40:55Z,2024-09-17T17:40:55Z
UgyPRCPlSrIe7jxkpaB4AaABAg,,False,@claudiaplata1694,I love them❤,0,2024-09-17T17:36:11Z,2024-09-17T17:36:11Z
UgxG1dDwfucDce9Sgtx4AaABAg,,False,@Love.sr11,❤❤❤❤❤❤❤❤🩷🩷🩷🩷🩷🩷🩷🩷🩷🩷❤❤❤❤❤❤❤❤❤❤❤❤❤❤,1,2024-09-17T17:36:03Z,2024-09-17T17:36:03Z
UgxHyIDfeJ4iC4TGmrF4AaABAg,,False,@gottachewa12,Jeongin's smile make my day better🥹🤏🏻🤏🏻,2,2024-09-17T17:35:45Z,2024-09-17T17:35:45Z
Ugy577v5f235np976fd4AaABAg,,False,@МарзиятМагомедова-м3о,Булочки💛,0,2024-09-17T17:34:07Z,2024-09-17T17:34:07Z
UgwXmI5xV-HRpA56Zgl4AaABAg,,False,@worldofmee,So cutieeeee ❤❤❤,0,2024-09-17T17:33:52Z,2024-09-17T17:33:52Z
Ugx08DEFhnGUMw3SQ-54AaABAg,,False,@memory_526,Ураа мы дождались когда хан снимет это со своими щëчками,4,2024-09-17T17:33:45Z,2024-09-17T17:33:45Z
Ugyrl5aAb1R5MAH8uM94AaABAg,,False,@UHPAPAICHEGOU-ej5ip,🇧🇷💚💙💛STRAY KIDS COME FROM BRAZIL 🇧🇷💚💙💛,0,2024-09-17T17:33:01Z,2024-09-17T17:33:01Z
Ugxmy9gsxT4Jg0ClBoV4AaABAg,,False,@ClakyNotReversed,Hannie and Jeonginie so cute ❤❤❤❤,4,2024-09-17T17:32:55Z,2024-09-17T17:32:55Z
Ugz-CqIj9h3SRwEkGW54AaABAg,,False,@SharonDenisa,Awwww 😍 please give us more delulu pills😅,0,2024-09-17T17:31:21Z,2024-09-17T17:31:21Z
UgykdrIBqstqtFZ3Uyt4AaABAg,,False,@heliaaryanpour5952,Iiiiiiii.nnnnnnnaaaaa,0,2024-09-17T17:29:40Z,2024-09-17T17:29:40Z
UgxijUvzWH_Xdvybmpx4AaABAg,,False,@JUSTALOVELYKPOPSTAN7,SOOOOOOOOOOOOOOOOOOOÒOOOOOO CUTEEEEEEE I.N'S SMILEEEEEE❤❤❤,7,2024-09-17T17:29:26Z,2024-09-17T17:29:26Z
UgxeRJb6qwjp6Crnlq14AaABAg,,False,@Cutefitl_ove,12 minute 66k likes ?wow,0,2024-09-17T17:28:49Z,2024-09-17T17:28:49Z
UgzNJJxRk3UIyTfjmrV4AaABAg,,False,@daisytami,my babyyy,1,2024-09-17T17:28:40Z,2024-09-17T17:28:40Z
Ugwr6N_-S6eTLv6k_zN4AaABAg,,False,@meldastay,cute👈,0,2024-09-17T17:25:45Z,2024-09-17T17:25:45Z
UgyJjN7PMI-ckC1BisN4AaABAg,,False,@BangersSuperman,Han sincap kavurmasına dündü,0,2024-09-17T17:25:44Z,2024-09-17T17:25:44Z
UgyvWlz0sP7cHnZpz9l4AaABAg,,False,@Hira-bestjisoo,Han is very cute,0,2024-09-17T17:24:22Z,2024-09-17T17:24:22Z
UgzN9GigsAxmANL2HBF4AaABAg,,False,@marimu2130,🦊と🐿️かわいい,1,2024-09-17T17:24:17Z,2024-09-17T17:24:17Z
Ugw3Rc2o6Eok7-zELGF4AaABAg,,False,@Drawing_withstar,Cute! 🦊🐿,0,2024-09-17T17:22:23Z,2024-09-17T17:22:23Z
UgwAtbCUZw9_xG7Gm9N4AaABAg,,False,@Kkkkkk-d6f,I.N I LOVE YOU SO MUCH💙💙💙💙💫,3,2024-09-17T17:20:25Z,2024-09-17T17:20:25Z
UgzLDaU5BSmf138miGJ4AaABAg,,False,@Kkkkkk-d6f,HAN JISUNG YOURE SO PRETTY,0,2024-09-17T17:20:02Z,2024-09-17T17:20:02Z
Ugw7S5yiVhDUFliO9Od4AaABAg,,False,@AyshinMr,😂❤Cute,0,2024-09-17T17:19:56Z,2024-09-17T17:19:56Z
UgzgEYgtdPcuNYvadfJ4AaABAg,,False,@Staym11,Jisung so cutee...❤,0,2024-09-17T17:19:28Z,2024-09-17T17:19:28Z
UgzBzS7atfhHWlEZOgh4AaABAg,,False,@Queen_Yuqi01,"Пишу на канал в 2 часа ночи, русские есть?",0,2024-09-17T17:18:42Z,2024-09-17T17:18:42Z
UgxElNaNQ3QpSDefMGR4AaABAg,,False,@deepsha-zn4gi,HAN IS MY BIAS BRO 😂😂😂,0,2024-09-17T17:17:14Z,2024-09-17T17:17:14Z
UgwPcMK9dJZQsV_VcEp4AaABAg,,False,@Kpop_LOVAAA,AAAAAAAAAAAAAAAAH I.N'S SMILE AT THE END OMG 😭💗,1,2024-09-17T17:17:09Z,2024-09-17T17:17:09Z
Ugy7lEon6eETwG09_RN4AaABAg,,False,@darya_durn,Love popogang❤❤❤❤,0,2024-09-17T17:17:01Z,2024-09-17T17:17:01Z
Ugz32fRB6ElEqWpq7Wh4AaABAg,,False,@aliyabinnaqeeb6498,واحنا طيب ؟ مفروض في فعالية نروح نمسك خدود الأعضاء 😭😂,1,2024-09-17T17:16:52Z,2024-09-17T17:16:52Z
UgxX8YCaMKLdsh1fGXh4AaABAg,,False,@aliyabinnaqeeb6498,يا ليتني ايان 😢,1,2024-09-17T17:16:19Z,2024-09-17T17:16:19Z
UgweptEdetYOvvixc0l4AaABAg,,False,@Rosé_y9,احبكم,0,2024-09-17T17:16:14Z,2024-09-17T17:16:14Z
UgzZUcMLGcCCrJplM3t4AaABAg,,False,@StormEclipseYT,Soo cuteee  I want him,0,2024-09-17T17:14:52Z,2024-09-17T17:14:52Z
UgztkNd1mR8dXebHiCd4AaABAg,,False,@nezirkocak9598,HANNIE INNIEE SO CUTEEEE WUAAA,0,2024-09-17T17:13:27Z,2024-09-17T17:13:27Z
UgxKfz77Ig0pdRYIuGp4AaABAg,,False,@LíaEstuHernán,Una serie juntos por favor,0,2024-09-17T17:12:53Z,2024-09-17T17:12:53Z
UgwrTqUOQ1kYB8JkMKd4AaABAg,,False,@YOSOYREALSYRENO,🎉🎉🎉🎉🎉🎉,0,2024-09-17T17:11:49Z,2024-09-17T17:11:49Z
Ugwpr8lchdAlsj7COW54AaABAg,,False,@Staywithfire,So cutee🇹🇷🇹🇷🇹🇷😭,0,2024-09-17T17:08:27Z,2024-09-17T17:08:27Z
UgyMKLWRED1Qf6tI17Z4AaABAg,,False,@EriPablo,Aquí las que son de latam 👇,0,2024-09-17T17:08:25Z,2024-09-17T17:08:25Z
UgzLNCxYjuiEtrUooqd4AaABAg,,False,@SandrineMolinari,I have the same cheeks as Han so people do that to me all the time😭😭😭🤘🩷,0,2024-09-17T17:07:41Z,2024-09-17T17:07:41Z
Ugz-ktPk7Y3EgV-8zPR4AaABAg,,False,@vixxi_vixxishkA,ААААААА РЕБЯТАААААА ОН НАКОНЕЦ-ТАКИ СНЯЛ ПОД ЭТОТ ТРЕНД!!! ❤❤❤❤❤❤❤😊❤😊❤😊😊❤❤😊❤❤❤❤,1,2024-09-17T17:07:08Z,2024-09-17T17:07:08Z
UgzgjGcVnLVkEr2r4oB4AaABAg,,False,@KawtarKawtar-x1m,So cute❤❤❤,2,2024-09-17T17:05:54Z,2024-09-17T17:05:54Z
Ugyb6YX7G1dMLb5FLa14AaABAg,,False,@SoadBoulaklaka,😂,0,2024-09-17T17:02:29Z,2024-09-17T17:02:29Z
UgykW5OSr_eIvdivVEJ4AaABAg,,False,@Арина-д6н2ы,Ути какие милые,4,2024-09-17T17:02:15Z,2024-09-17T17:02:15Z
UgyZHblU0TmSfNnJqvp4AaABAg,,False,@xxxnicoler,17:39 여기서 부르는 노래가 뭐였더라,0,2024-09-17T17:01:26Z,2024-09-17T17:01:26Z
Ugw25xYLs-4INfuA_-V4AaABAg,,False,@СайдархановРамзан,I.N. and han citeeeee ❤,0,2024-09-17T17:00:28Z,2024-09-17T17:00:28Z
Ugy1-rEwweXgCNw2C5x4AaABAg,,False,@miracle8i.n,ohh this foxyy smileee❤❤❤😂😂🦊🦊i.n,6,2024-09-17T17:00:27Z,2024-09-17T17:00:27Z
UgwEpsQSG8R4UPuZ_gR4AaABAg,,False,@Roqaia-of1kw,😭💗💗💗💗,0,2024-09-17T17:00:18Z,2024-09-17T17:00:18Z
UgyQRMvdv6DEoq15QhB4AaABAg,,False,@Valentinasm466,Mis amores 💕,0,2024-09-17T17:00:04Z,2024-09-17T17:00:04Z
UgxiOdj3_6FlqiIJiRB4AaABAg,,False,@y_b-m1d,뽀뽀형 볼 만지기 나도 해보고싶다... 정인이 재밌어보여ㅋㅋㅋㅋㅋ,1,2024-09-17T16:59:47Z,2024-09-17T16:59:47Z
UgxvddqsdIk_HroDJaV4AaABAg,,False,@Hyein-h3j,IS SO CUTE!!!!,0,2024-09-17T16:57:26Z,2024-09-17T16:57:26Z
UgxsfGYNMK0IN2S88Hx4AaABAg,,False,@fxsh-iqy,WHY AM I DYING FROM THIS CUTENESSSS,0,2024-09-17T16:57:15Z,2024-09-17T16:57:15Z
UgyZHA26w5RZ_69Bo-Z4AaABAg,,False,@Mika_Pite,STRAY KIDS❤,0,2024-09-17T16:57:01Z,2024-09-17T16:57:01Z
UgzYaVn0z85aq5i3Blh4AaABAg,,False,@derrickcastillo7131,내 하루를 더 좋게 만들어줘서 고마워,1,2024-09-17T16:56:59Z,2024-09-17T16:56:59Z
UgxddAgnSOYQUKUpLW94AaABAg,,False,@carolineblom6900,They are too cute to handle. Hannie's cheeks look so squishable too,0,2024-09-17T16:56:43Z,2024-09-17T16:56:43Z
Ugwsqz04WqgNnSRr7914AaABAg,,False,@pussydestroyerxddd,QUE LINDOS 💗,0,2024-09-17T16:52:51Z,2024-09-17T16:52:51Z
Ugx43xlB7PXJSE5mOF14AaABAg,,False,@raufamanov3529,"STAYS WHERE ARE YOU?!🫶🏻. STRAY KIDS should deserve more🌟👌🏻
^WE LOVE YOU STRAY KIDS🤍^",3,2024-09-17T16:51:23Z,2024-09-17T16:51:23Z
UgykNr_sILBWWDw8yg14AaABAg,,False,@DefneYetiskin,Han's cheeks...,0,2024-09-17T16:51:10Z,2024-09-17T16:51:10Z
UgzyOS_LL0f_QojaPUx4AaABAg,,False,@Diana_staaa,Тап тап тапал хомяка 😂,2,2024-09-17T16:50:08Z,2024-09-17T16:50:08Z
UgxIrzIBorjdT1BTPhF4AaABAg,,False,@mugdhananwatkar7087,MY BIAS LINE IN ONE FRAME WTHHH,0,2024-09-17T16:49:21Z,2024-09-17T16:49:21Z
UgwJTZiMOQDE4-ctnlJ4AaABAg,,False,@lilianavelezanguloviajesti7385,❤❤❤🥹😍😍cute,0,2024-09-17T16:48:30Z,2024-09-17T16:48:30Z
Ugw66m2OMz7N6BKHe2h4AaABAg,,False,@Chaniswes,Anaammm,0,2024-09-17T16:47:59Z,2024-09-17T16:47:59Z
UgxMujgD5HpAladIScJ4AaABAg,,False,@raufamanov3529,"Why are Stray Kids so sweet and perfect? They really deserve more🌟💍.

 💍🤍 🇦🇿 Greetings from Azerbaijan and know that I love you very much (we love you very much) 🇦🇿 🤍💍.",1,2024-09-17T16:47:42Z,2024-09-17T16:47:42Z
UgyaeCVJJShytXHEiDp4AaABAg,,False,@Hanjico.h,MY UTTS!! 😞🙌❤️‍🩹💗🎀,0,2024-09-17T16:47:09Z,2024-09-17T16:47:09Z
UgyAjEzSOpoRtjOpJRR4AaABAg,,False,@Youngest_en,очень мило 🙂 ❤,0,2024-09-17T16:46:59Z,2024-09-17T16:46:59Z
UgzsR0fuXW_FF26XWvJ4AaABAg,,False,@Misoox,Cute han 🌷,0,2024-09-17T16:46:58Z,2024-09-17T16:46:58Z
UgxJoEJVhXnQoZjCjfF4AaABAg,,False,@yeseul.stay.8,아에인 잠깐 당신의 장소 좀 빌려도 될까요 😭🥺🌷,1,2024-09-17T16:46:56Z,2024-11-08T12:17:44Z
UgxhkGUE-t3KWtodS-J4AaABAg,,False,@나리nari,"Cutie pies, this is one of the reasons why I'm obsessed with this guys😅☺️",0,2024-09-17T16:43:42Z,2024-09-17T16:43:42Z
Ugzcbrvc70nkt9TZwCV4AaABAg,,False,@rebeccaspiwoks,So much cuteness in one frame...this is lethal 😭😍🥰💖💖💖💖💖,0,2024-09-17T16:42:41Z,2024-09-17T16:42:41Z
UgzIBs1OiSpVJXzOB9t4AaABAg,,False,@laurettemakhubele5000,Hahaha,0,2024-09-17T16:42:29Z,2024-09-17T16:42:29Z
UgxWJUfg1wJ09hn9rtx4AaABAg,,False,@Marrquesz.s,HAN IS SO CUTE!,0,2024-09-17T16:42:27Z,2024-09-17T16:42:27Z
UgwTvGnvbqyUNrE61At4AaABAg,,False,@espark4683,귀여워❤,0,2024-09-17T16:41:18Z,2024-09-17T16:41:18Z
UgxW4c4ZqPPbSWpOWVB4AaABAg,,False,@Skzmylife88,Love you Hannie and Baby breaddd💖💗🎀🌟💌💓💞❣🌍,4,2024-09-17T16:40:41Z,2024-09-17T16:40:41Z
UgwHLVdEM5LNKO5gEpB4AaABAg,,False,@maricielocano5753,Que tiernos ❤❤❤❤,0,2024-09-17T16:40:32Z,2024-09-17T16:40:32Z
UgxsbZe7565u1w5VPtB4AaABAg,,False,@vikimaster7530,Cute Han quokka ❤❤❤😂,0,2024-09-17T16:39:40Z,2024-09-17T16:39:40Z
UgzIUzDz2SaynEy_eo94AaABAg,,False,@znba8823,happy 中秋节 韩国人热爱中国古代文化。Korean love traditional Chinese culture.,0,2024-09-17T16:33:27Z,2024-09-17T16:33:27Z
Ugxryugf9N-mxp4VWap4AaABAg,,False,@kiwi6013,"get aside innie, its my turn",0,2024-09-17T16:33:06Z,2024-09-17T16:33:06Z
UgwtZqVeCt9j7JbZb_h4AaABAg,,False,@ilovestraykids-forever8,CUTIES STOP 🛑 THEY ARE JUST AMAZING I LOVE💗YOU GUYS EVEN THOUGH TOU DON’T KNOW ME 😫😭💗,0,2024-09-17T16:33:04Z,2024-09-17T16:33:04Z
Ugwa7QgreW8KHs1lVlR4AaABAg,,False,@nusrat-f2l,cute oppas,0,2024-09-17T16:32:27Z,2024-09-17T16:32:27Z
UgzOUfimM3j47Fj0cMd4AaABAg,,False,@tahminaakter7527,"I.n means han's cheek is so cute, soft and sweet 😅😂😂🤔🧐🧐🤔😁🔥🔥💝💝💞🥰💗",16,2024-09-17T16:31:04Z,2024-09-17T16:31:04Z
UgwqbshRNGJrP3fM4u14AaABAg,,False,@징징이-s8m,이엔이 직업만족도 최상ㅋㅋㅋㅋ😂,2,2024-09-17T16:31:03Z,2024-09-17T16:31:03Z
Ugz0N34O6iVKfJyxavN4AaABAg,,False,@ствтолвирвлсл,мечта также потискать эти щёчки,0,2024-09-17T16:30:07Z,2024-09-17T16:30:07Z
Ugw1zLXoLUcDEbxmty14AaABAg,,False,@unnatijaiswal4119,💕🫶,0,2024-09-17T16:30:02Z,2024-09-17T16:30:02Z
Ugxz9NBOxuZEBkOkfQd4AaABAg,,False,@Kpop_BTSarmy_ot7,Awww my cutie pies😊😊😊😊🎉🎉🎉❤❤❤,2,2024-09-17T16:29:06Z,2024-09-17T16:29:06Z
UgyeriUqATDWy2gSNrV4AaABAg,,False,@user-we4oo5zh6cLYAN,انهم لطيفان جدا ❤,2,2024-09-17T16:28:54Z,2024-09-17T16:28:54Z
UgyeriUqATDWy2gSNrV4AaABAg.A8V6CDz_rkXA8VM7yKVSOQ,UgyeriUqATDWy2gSNrV4AaABAg,True,@Salma_kim-l6i,صح والله,1,2024-09-17T18:48:07Z,2024-09-17T18:48:07Z
UgyQT3Nrkap3WcS6NN14AaABAg,,False,@SKZ-j5t,Han face is so cuteee🥰❤️🫀,0,2024-09-17T16:26:50Z,2024-09-17T16:26:50Z
Ugy-QXJSmWa-XYJETER4AaABAg,,False,@susanaosan1354,So fricking cutee omg ❤❤❤❤,6,2024-09-17T16:25:11Z,2024-09-17T16:25:11Z
Ugy0uRO7U0nD30hB3aF4AaABAg,,False,@sxmply_fatom,"jisung pre debut: 👹
Jisung now: 💗🥹🎀",1,2024-09-17T16:25:01Z,2024-09-17T16:25:01Z
UgwcAvjnSAKLkQyjc-p4AaABAg,,False,@lepetitmondededonyetisa10,Amorucci....,0,2024-09-17T16:24:44Z,2024-09-17T16:24:44Z
UgxctmVtr11o7emDGqJ4AaABAg,,False,@SageTheMobian_102,I can’t with your guys cute faces!! ❤😂,0,2024-09-17T16:24:34Z,2024-09-17T16:24:34Z
UgyWSs4FHdz7pDGXBMN4AaABAg,,False,@Stay8-love,So cute ❤,0,2024-09-17T16:24:15Z,2024-09-17T16:24:15Z
UgxF5YC68zNI2K8hyId4AaABAg,,False,@2sweetbears,I.N smile at the end❤❤❤,9,2024-09-17T16:23:53Z,2024-09-17T16:23:53Z
UgwByfgew56tCBj_nF14AaABAg,,False,@Quokkababygirlfanfics,This fits Han perfectly,2,2024-09-17T16:23:41Z,2024-09-17T16:23:41Z
UgxpTIW9MmLyIVf367h4AaABAg,,False,@stayhyunliximm,İkinizin de gözleri çok güzellll,1,2024-09-17T16:22:49Z,2024-09-17T16:22:49Z
UgxSrBjC1L7lT5EXaC14AaABAg,,False,@2sweetbears,I.N smile had the end❤❤,2,2024-09-17T16:22:46Z,2024-09-17T16:22:46Z
UgzZPrB_O590ngELMXl4AaABAg,,False,@Fandekny_3,La cara tierna de Han y i.n❤❤❤❤❤,0,2024-09-17T16:22:08Z,2024-09-17T16:22:08Z
UgwNMlrF3p1GkE8Z4uZ4AaABAg,,False,@stayhyunliximm,❤❤❤❤❤❤,1,2024-09-17T16:20:50Z,2024-09-17T16:20:50Z
UgyiJdnO_CPpZO49TTd4AaABAg,,False,@zerosose4evrerr,Cute!!!,0,2024-09-17T16:20:45Z,2024-09-17T16:20:45Z
UgzPH6RkLEcRYqYObvB4AaABAg,,False,@hanjisuuung13,I love them so muchhh,0,2024-09-17T16:20:39Z,2024-09-17T16:20:39Z
Ugy7G1I68p-s73D4CcV4AaABAg,,False,@jstkddng,"Так завидую Йене, тоже так хочу пожмякать эти прекрасные пухлые щечки",0,2024-09-17T16:19:16Z,2024-09-17T16:19:16Z
UgyTm3gDmKFmOYqL7J54AaABAg,,False,@luv__irem,내 다람쥐는 정말 귀엽고 🐿️ 그리고 내 여우 🦊는 다정하고 온화해요. 당신을 사랑해요,4,2024-09-17T16:18:28Z,2024-09-17T16:18:28Z
UgwxXOKmF8vpycbPt8J4AaABAg,,False,@Yeonjunismymainbias,❤❤❤,0,2024-09-17T16:17:29Z,2024-09-17T16:17:29Z
UgxvZddViTil4tPEpDt4AaABAg,,False,@user.lauchi,내가 만나고 싶어서 칠레에는 언제 오나요?,0,2024-09-17T16:15:41Z,2024-09-17T16:15:41Z
Ugy-Bb5piwAB2uy9AKd4AaABAg,,False,@Hyunlix_minsung-k6k,❤❤❤,0,2024-09-17T16:15:32Z,2024-09-17T16:15:32Z
UgwfD2-4-72pOkCQ-f54AaABAg,,False,@insertname8081,<3,0,2024-09-17T16:14:42Z,2024-09-17T16:14:42Z
UgwwLqkYFij2G_GBJS54AaABAg,,False,@taraa.diaries,Cutie + cutie = ❤✨🤌💖🌟💕💞,0,2024-09-17T16:14:20Z,2024-09-17T16:14:20Z
UgwltdTFUQI41KQQ-u54AaABAg,,False,@StayNow-z8g,Aaa,0,2024-09-17T16:14:17Z,2024-09-17T16:14:17Z
UgyD9BhjYTJN_peOi2N4AaABAg,,False,@먕고굼,"이 반죽덩어리들~!!
뽀듕뽀듕 갸귀엽짜나 증만뤄ㅓ",15,2024-09-17T16:14:07Z,2024-09-17T16:14:07Z
Ugx164H-CB5YZ6gZZdt4AaABAg,,False,@Stay_babbo_2012,I loveeee youuu skzzz💙💙💙💙,0,2024-09-17T16:13:54Z,2024-09-17T16:13:54Z
UgwVtUB5y7FaN1q7JUx4AaABAg,,False,@ABLAGOTUN,Bebek sincappp🇹🇷,0,2024-09-17T16:13:32Z,2024-09-17T16:13:32Z
UgwuIgPWm2FUK65SXWl4AaABAg,,False,@Daisy-cc5fu,🍞が🐿をこねている,1,2024-09-17T16:12:27Z,2024-09-17T16:12:27Z
UgxNVp16l9hnyR-iXNB4AaABAg,,False,@enasselamin7539,I'n  smile  at the end is so cute 🦊🎀,15,2024-09-17T16:11:46Z,2024-09-17T16:11:46Z
UgyJeYhZ0WwuSbHUU2t4AaABAg,,False,@pick_me5551,ЧОНИН ЕСЛИ ТЕБЯ ДЕРЖАТ В ЗАЛОЖНИКАХ МОРГНИ,1,2024-09-17T16:11:36Z,2024-09-17T16:11:36Z
UgxR8sQrb9Yva-SV2N94AaABAg,,False,@MADY123milena,alguien habla español?😅,0,2024-09-17T16:10:08Z,2024-09-17T16:10:08Z
UgxppXq5D1six73Rv6N4AaABAg,,False,@vent_here_lovely,Jesus loves you all!!❤❤❤,0,2024-09-17T16:09:50Z,2024-09-17T16:09:50Z
UgzKf0s-bbH73tGlXnt4AaABAg,,False,@DiySoo64,I love StrayKids,0,2024-09-17T16:08:40Z,2024-09-17T16:08:40Z
Ugxy-qA7FTwDZCEDrsV4AaABAg,,False,@iwantBEEF,"move IN , it’s my turn",0,2024-09-17T16:07:16Z,2024-09-17T16:07:16Z
Ugw_QELPIw6Zp1BuZ1d4AaABAg,,False,@ejiwatson6390,🧡💛🤍💛🧡,0,2024-09-17T16:07:12Z,2024-09-17T16:07:12Z
UgwLsACzV106LHZ2vtF4AaABAg,,False,@nadaalirkabyalirkaby9008,Very cute,0,2024-09-17T16:06:46Z,2024-09-17T16:06:46Z
Ugz-l7K_9gGm9upuLEx4AaABAg,,False,@pinksunflower_,They are the cutest ☺💜💜❤,0,2024-09-17T16:05:46Z,2024-09-17T16:05:46Z
UgwJS12qx2tnLl5sQ7d4AaABAg,,False,@ШораанХертек-ы1ф,"너무 친절하세요. 못 찍으면 사진 더 찍어주세요. 찍지 말고, 원하시면 지금은 찍으세요.))",0,2024-09-17T16:04:08Z,2024-09-17T16:04:08Z
UgxzyckU6K-6rJL-6S14AaABAg,,False,@yaposhka_916,I love these cheeks❤,0,2024-09-17T16:03:46Z,2024-09-17T16:03:46Z
UgxfRag1h_ZFfjgxBOJ4AaABAg,,False,@M3lekkxx,THEY ARE SO SWEET AND HANDSOME❤,0,2024-09-17T16:01:38Z,2024-09-17T16:01:38Z
UgxGp2rAZc49klu0yXZ4AaABAg,,False,@Yoongis_tangerine1113,I CAN'T HANS BABY CHUBBY CHEEKS AAHHH,0,2024-09-17T16:01:37Z,2024-09-17T16:01:37Z
UgyRqSjKpE0YLWKveCB4AaABAg,,False,@aliboyut9117,🇹🇷🇹🇷🇹🇷🌹🌹🌹🌹🌹🌹🌹🌹🌹🌹🌹🌹🌹🌟🌟🌟🌟🌟🌟🌟👑👑👑👑👑👑👑👑👑👑💓💗💞💜💝💕💗💓💞💖💜💕💗💓💞💖💜💕💗💓💞💖💜💕💗💓💞💖💜💕👍👍👏👏👏👏🤭🤭😂😂🤗🤗🥰🥰😁😁😉😉,0,2024-09-17T16:01:35Z,2024-09-17T16:01:35Z
Ugz7NKf9CyplnL4TO7l4AaABAg,,False,@idaiervolino2209,😘😍❤️🔥❤️‍🔥🥰,0,2024-09-17T16:00:14Z,2024-09-17T16:00:14Z
Ugx8N-SbnadGelXCAzN4AaABAg,,False,@theresemargarettemangubat1569,HAN!!!!!,0,2024-09-17T16:00:02Z,2024-09-17T16:00:02Z
UgxXYVVyjjIfjj_mu0Z4AaABAg,,False,@Brugzin,The fact that  I.n was the one poking Han's cheek and everyone squeezes his daily😂,15,2024-09-17T15:59:49Z,2024-09-17T15:59:49Z
UgxIlaH-ZHVTF_axThF4AaABAg,,False,@anyastay25,I also wanna poke the jeekies!!!,0,2024-09-17T15:59:00Z,2024-09-17T15:59:00Z
UgwDbVIkPJNaKDM0X4B4AaABAg,,False,@HanJisungAh,"Jeongin is like- why am I still here? To suffer… 
HAN I LOVE UR CHEEKS❤❤❤❤",0,2024-09-17T15:58:37Z,2024-09-17T15:58:37Z
UgytJht7q1aWcHYDsYR4AaABAg,,False,@Brugzin,Who wants to poke Han's cheek too..?,0,2024-09-17T15:58:27Z,2024-09-17T15:58:27Z
Ugwl4zhfDKJdhusyysx4AaABAg,,False,@TheNaturelia08,❤,0,2024-09-17T15:58:01Z,2024-09-17T15:58:01Z
Ugwzgc_I-pWoVdxB4Ix4AaABAg,,False,@Bilalefealss72,Ayyyy,1,2024-09-17T15:55:01Z,2024-09-17T15:55:01Z
UgwDI8l2ysV9YKBzYIh4AaABAg,,False,@VeraVardanyan-k6n,❤❤❤❤❤❤❤❤❤❤❤❤❤❤❤❤❤❤❤❤❤❤❤❤😊❤❤💜💜💜💜💜💜💜💜💜💜💜💜💜💜💜💜💜🎀,0,2024-09-17T15:54:23Z,2024-09-17T15:54:23Z
UgxxUDm6zO56aEYk0NV4AaABAg,,False,@bbangjeongin,브raaaa쟈는 볼때마다 웃김ㅋㅋㅋㅋㅋㅋㅋ,0,2024-09-17T15:53:14Z,2024-09-17T15:53:14Z
UgxK4goaa2yZrhpDhBx4AaABAg,,False,@МадинаСаидова-ю7з,"I.Naaah , Hannaah😂🫶🏻",0,2024-09-17T15:53:11Z,2024-09-17T15:53:11Z
UgyljHC9mEyjRq7qcTx4AaABAg,,False,@mangie-ee9ri,🦊🦊🦊,0,2024-09-17T15:53:06Z,2024-09-17T15:53:06Z
Ugwlv6uXDhtdeG8wO954AaABAg,,False,@Changbincutemegaverse,Awww they are SOOO SWEET,0,2024-09-17T15:52:38Z,2024-09-17T15:52:38Z
UgwwISNaU_9P2c_4AgZ4AaABAg,,False,@Hai_kpopies,Aye domino!🔊🗣️❤,1,2024-09-17T15:52:30Z,2024-09-17T15:52:30Z
Ugw-RpSfYimLqhmm60J4AaABAg,,False,@Mel-h8u,"Sueño de todxsl, realidad para I.N",1,2024-09-17T15:52:04Z,2024-09-17T15:52:04Z
Ugy8uEt0qMTh1RcTZtd4AaABAg,,False,@b4ngch4nn13,cute duo !! ❤❤🎉,0,2024-09-17T15:51:58Z,2024-09-17T15:51:58Z
UgyL4p5qBhvVoQmapQZ4AaABAg,,False,@skzwqskz,SONUNDA... BEN DE BOYLE YAPMAK ISTIYODUM JISUNG'UN YANAĞINA SONUNDA,0,2024-09-17T15:51:39Z,2024-09-17T15:51:39Z
UgxLRCADfBXgSan-ecR4AaABAg,,False,@Lica-b2i,ㅐㅡㅎ❤❤❤❤,0,2024-09-17T15:51:17Z,2024-09-17T15:51:17Z
UgzVN0PVuV_TYIapmHd4AaABAg,,False,@ArvinAri-g2v,He so cute 🥺❤❤❤ han😅,2,2024-09-17T15:49:59Z,2024-09-17T15:49:59Z
UgxcIwGvAHFn70Y5mYF4AaABAg,,False,@LEEKNOW_MYLOVE,Han’s check and I.N’s smile 😩,7,2024-09-17T15:49:15Z,2024-09-17T15:49:15Z
UgzmmcVXR6kmK_tqQPB4AaABAg,,False,@durudururmusenceee,JİSUNGG YOU ARE SU CUTEE AWWWWWW❤,0,2024-09-17T15:48:03Z,2024-09-17T15:48:03Z
UgyQ37ybUacOtlJ0BW14AaABAg,,False,@Lucky-g7y,Haans is looking like a cute fluffy doll😅❤😂,0,2024-09-17T15:47:35Z,2024-09-17T15:47:35Z
Ugy3HD0I3cnd8qNle9V4AaABAg,,False,@minhoulticim,Baby Bread is really cute,9,2024-09-17T15:46:40Z,2024-09-17T15:46:40Z
Ugy3HD0I3cnd8qNle9V4AaABAg.A8V1Mz2UYyHA8V6gY8xNt9,Ugy3HD0I3cnd8qNle9V4AaABAg,True,@TugbaDuzgun-shjlbcfI,Yeah,0,2024-09-17T16:33:10Z,2024-09-17T16:33:10Z
UgyAs8C7LbJNRB_brBB4AaABAg,,False,@tanishakonkani767,❤❤❤,0,2024-09-17T15:46:23Z,2024-09-17T15:46:23Z
Ugys54Memfxne5nVodN4AaABAg,,False,@NoemiVega-c5o,Quien no quisiera tocar los cachetitos de Han OMG ❤❤❤❤,0,2024-09-17T15:40:45Z,2024-09-17T15:40:45Z
UgztOA-lBYoIy4n5inV4AaABAg,,False,@ElizabethCamacho-v5u,Que lindo el maknae con el Han amoo,0,2024-09-17T15:40:40Z,2024-09-17T15:40:40Z
UgwqPszra9IbWjgYv0t4AaABAg,,False,@Cute_Hyunjin_Hen,Stray kids when in the stream???,0,2024-09-17T15:40:18Z,2024-09-17T15:40:18Z
Ugw-S-i5xTWGBj4J2ol4AaABAg,,False,@everlastingfelix,저를왜이렇게괴롭게하십니카,0,2024-09-17T15:39:10Z,2024-09-17T15:39:10Z
UgxFm45-ufYMXC-MWVl4AaABAg,,False,@efkarlibukalemun,This is my DREAM!,0,2024-09-17T15:39:06Z,2024-09-17T15:39:06Z
UgzhYXKOlLG77iy0sMh4AaABAg,,False,@Roshe_ll,so cute ✨💕,0,2024-09-17T15:38:41Z,2024-09-17T15:38:41Z
Ugzw5KEDmcdtjiOmE0R4AaABAg,,False,@yunaskibiditoilet,Live laugh love SKZ chuseok vids,0,2024-09-17T15:38:25Z,2024-09-17T15:38:25Z
UgxfRPp4bPpsjTn_WdR4AaABAg,,False,@njmk.lvrr3,q fofos mds-,0,2024-09-17T15:37:37Z,2024-09-17T15:37:37Z
UgyRph1UyCLhWcOAHFV4AaABAg,,False,@miniknowhan,모옹한 벌금이랑 이쁜 이엔이 둘다 너무 커여워🥹,0,2024-09-17T15:37:14Z,2024-09-17T15:37:14Z
UgxXuz4z-2fWRmcCRet4AaABAg,,False,@Masko.78i,Han lpb enft 😝,0,2024-09-17T15:36:31Z,2024-09-17T15:36:31Z
UgwaI__2of4rGjF5hv94AaABAg,,False,@Dana-o7d4v,❤❤😭,0,2024-09-17T15:33:51Z,2024-09-17T15:33:51Z
UgxD_f-jyfgbKyBic-V4AaABAg,,False,@zouka__boom1882,oh nooo😂❤,0,2024-09-17T15:33:11Z,2024-09-17T15:33:11Z
UgwDoo6h-ZqwTUQiQOV4AaABAg,,False,@libraseungsung,Jeo bagi gua juga mau😖😍,0,2024-09-17T15:31:41Z,2024-09-17T15:31:41Z
UgyCyTYjkGuy-x4oh9l4AaABAg,,False,@Stay_blinkeww,A-D-O-R-A-B-L-E,0,2024-09-17T15:30:49Z,2024-09-17T15:30:49Z
Ugyf_K7OQ6cdPuWtW5x4AaABAg,,False,@inamohrle3939,His hand❤❤❤❤,0,2024-09-17T15:29:28Z,2024-09-17T15:29:28Z
UgwCi5roZrNpvtTd3e14AaABAg,,False,@HarmonyTheKF,literally everyone to anyone with a chubby face ⭐,0,2024-09-17T15:28:48Z,2024-09-17T15:28:48Z
UgzmhByqsHn6Ff8wDrJ4AaABAg,,False,@Fedevigevanilino,Han jisung is my angel i.n is my baby (˘³˘)♥ (˘³˘)♥,0,2024-09-17T15:28:38Z,2024-09-17T15:28:38Z
UgyIuBeKGHxhLnv1kdJ4AaABAg,,False,@ミキ-g3o,ハンのどこを見てるのかわからない視線がかわいい🥰,4,2024-09-17T15:28:32Z,2024-09-17T15:28:32Z
UgxwMhdQMyXYyThTWT94AaABAg,,False,@AsInA-q9b,Тапаем хана,0,2024-09-17T15:28:11Z,2024-09-17T15:28:11Z
UgxREy9Rh20M9RSDlrd4AaABAg,,False,@hanniewonito,Losamoguapos,0,2024-09-17T15:27:43Z,2024-09-17T15:27:43Z
Ugzpccg64auJaK_Z2Nl4AaABAg,,False,@Summer-v2c,That’s what they do every time I have chubby cheeks they do that,0,2024-09-17T15:27:39Z,2024-09-17T15:27:39Z
UgzNvww0Ez9E1xxM_1F4AaABAg,,False,@SMY_kpop,Он такой милый😭😭😭😭,0,2024-09-17T15:27:16Z,2024-09-17T15:27:16Z
UgwxlSaenqa2S_7tckp4AaABAg,,False,@May_iluvv,Ai q bonitinhos meus bebês ❤,2,2024-09-17T15:27:04Z,2024-09-17T15:27:04Z
Ugz51ahcQcM1sQMX3LV4AaABAg,,False,@Dylan11511,Han cute ❤❤❤,0,2024-09-17T15:25:28Z,2024-09-17T15:25:28Z
UgzYLQL8ouvR0Ynot9h4AaABAg,,False,@Kangarooleader,💗💗💗💗💗💗💗💗💗💗💗💗💗💗💗💗💗💗💗💗💗💗💗💗💗💗💗💗💗💗💗💗💗💗💓💓💓💓💓💓💓💓💓💓💓💓💓💓💓💓💓💓💓💓💓💓💓💓💓💓💓💓💓💓💓💓💓💓💓🩷🩷🩷🩷🩷🩷🩷🩷🩷🩷🩷🩷🩷🩷🩷🩷🩷🩷🩷🩷🩷🩷🩷🩷🩷🩷🩷🩷🩷🩷🩷🩷🩷🩷🩷🩷💞💞💞💞💞💞💞💞💞💞💞💞💞💞💞💞💞💞💞💞💞💞💞💞💞💞💞💞💞💞💞💞💞💞💞💞💕💕💕💕💕💕💕💕💕💕💕💕💕💕💕💕💕💕💕💕💕💕💕💕💕💕💕💕💕💕💕💕💕🌸🌸🌸🌸🌸🌸🌸🌸🌸🌸🌸🌸🌸🌸🌸🌸🌸🌷🌷🌷🌷🌷🌷🌷🌷🌷🌷🌷🌷🌷🌷🌷🌷🌷🌷🌷🌷🌷🌷🌷🌷🌷🌱🌱🌱🌱🌱🌱🌱🌱🌱🌱🌱🌱🌱🌱🌱🌱🌱🌱🌱🌱🌱🌱🌱🌱🪻🪻🪻🪻🪻🪻🪻🪻🪻🪻🪻🪻🪻🪻🪻🪻🪻🪻🪻🪻🪻🪻🪻🪻🪻🪻🪻🪻🪻🪻🪻🪻🪻🪻🪻🪻✨✨✨✨✨✨✨✨✨✨✨✨✨✨✨✨✨✨✨✨✨✨✨✨✨✨✨✨✨✨✨✨✨✨✨✨✨✨✨✨,0,2024-09-17T15:25:28Z,2024-09-17T15:25:28Z
UgwdNq7Z0oFAjrR1Rk14AaABAg,,False,@M4sk3dMan,I'm crying 😂❤❤❤😂😂,0,2024-09-17T15:24:55Z,2024-09-17T15:24:55Z
UgwECN6iMrm2ajzYM3x4AaABAg,,False,@skidledaddle,❤,0,2024-09-17T15:24:52Z,2024-09-17T15:24:52Z
UgzZqSiNvGSEcTDxceN4AaABAg,,False,@Jasmine-w6w,They are so cuteee❤,0,2024-09-17T15:24:44Z,2024-09-17T15:24:44Z
UgyO9ShzdU_W0ZHc5wN4AaABAg,,False,@dhanushreeSaroj,Han and I.N look soooooooo cute❤❤,0,2024-09-17T15:24:12Z,2024-09-17T15:24:12Z
UgxPM4npA6tL_yd__094AaABAg,,False,@милка-д2ы,❤🌷,0,2024-09-17T15:23:51Z,2024-09-17T15:23:51Z
Ugyw5uZUemc16ciGDNd4AaABAg,,False,@Kangarooleader,MY LOVEEEEEEEEEEEEEEEEEEEEE 💓💓💓💓,0,2024-09-17T15:23:29Z,2024-09-17T15:23:29Z
UgwIqpz3gAmMTh-knnx4AaABAg,,False,@Nesrinisteaw,Bende dokuna bilir miyim bir kerecik sadece.Çok tatlılar🙌🏻💗😭,0,2024-09-17T15:23:16Z,2024-09-17T15:25:23Z
UgzWuHat9mTT65gkW4N4AaABAg,,False,@SKZ_ATINY24,ОЙЙЙЙЙЙЙ КАКИЕ МИЛАШКИ❤❤❤❤❤❤❤❤❤❤❤❤❤,1,2024-09-17T15:22:57Z,2024-09-17T15:22:57Z
UgycC2xsC5-3nKxX7pZ4AaABAg,,False,@Kangarooleader,Extremely cuteeee 🥹🩷🩷🩷🩷💗💗💗💗💗,0,2024-09-17T15:22:55Z,2024-09-17T15:22:55Z
UgywX5rmimb8jz16mh94AaABAg,,False,@k-pop.fan.love.88,"ok, google, how to become Jisung .",0,2024-09-17T15:22:52Z,2024-09-17T15:22:52Z
UgyS4B-DGVa2tZ_b4a14AaABAg,,False,@persona_bts,Isnt that han jisung?,0,2024-09-17T15:22:34Z,2024-09-17T15:22:34Z
UgzXegWptyCQPUjxVy94AaABAg,,False,@HadjerMacheri,"Please come to Algeria, Oran",0,2024-09-17T15:22:34Z,2024-09-17T15:22:34Z
Ugy_x083zUo8TsVIirR4AaABAg,,False,@Depressed_boi_Giyuu,왜 이렇게 귀여워?!?!,0,2024-09-17T15:22:17Z,2024-09-17T15:22:17Z
UgyA2eTUdCuVQd_VkWd4AaABAg,,False,@rugr82day,"Then Han immediately said ""Give me a kiss "" 😂😂😂",0,2024-09-17T15:22:00Z,2024-09-17T15:22:00Z
UgwA35E0XO1fdTmNwnh4AaABAg,,False,@doubleoc5605,HAPPY BIRTHDAY HANN,0,2024-09-17T15:21:32Z,2024-09-17T15:21:32Z
UgzUJroCLBy-87WauuZ4AaABAg,,False,@SfiaRjas,Hermosooo 😻,0,2024-09-17T15:20:51Z,2024-09-17T15:20:51Z
UgxZK4M3JOX9qfu1u9t4AaABAg,,False,@FMS-STAY-SKZ,So cute❤❤❤❤❤😭🥰🥰,0,2024-09-17T15:20:42Z,2024-09-17T15:20:42Z
UgwuCRnq3EGf1apV8614AaABAg,,False,@zhengqingli-p5d,中秋节快乐🎉！,0,2024-09-17T15:20:22Z,2024-09-17T15:20:22Z
UgwFFlQCewVdNz-tubV4AaABAg,,False,@皇瑶YoonJihyun,"MY FAVORITE DUO POSTED THIS VIDEO ON MY BIRTHDAY I'M SO HAPPY!

I LOVE YOU I.N!!!! 🧡🧡🧡🧡🦊",13,2024-09-17T15:18:56Z,2024-09-17T15:18:56Z
UgytnS_jRSPHqg6jQ7N4AaABAg,,False,@solnyshko.-.,❤,0,2024-09-17T15:18:33Z,2024-09-17T15:18:33Z
UgxAU50aQOKJVMck9Mt4AaABAg,,False,@soniacolucci6264,❤️❤️❤️❤️🇧🇷🇧🇷🇧🇷🇧🇷🇧🇷🇧🇷🇧🇷🇧🇷,0,2024-09-17T15:18:24Z,2024-09-17T15:18:24Z
Ugx-KawMGug0M-cE6mN4AaABAg,,False,@Minisauraus_love_Miniverse,𝐝𝐢𝐝 𝐲𝐨𝐮 𝐠𝐞𝐭 𝐝𝐞𝐣𝐚 𝐯𝐮? (𝐡𝐚),0,2024-09-17T15:18:05Z,2024-09-17T15:18:05Z
UgyTz5ssCL_xVhtE53l4AaABAg,,False,@T_vmin,Because someone can be so beautiful and tender at the same time 😭💜✨,6,2024-09-17T15:17:56Z,2024-09-17T15:17:56Z
Ugzxd73n1RDzttMKVON4AaABAg,,False,@נעהאלון-ז5פ,🥹I love every video of yours,1,2024-09-17T15:17:29Z,2024-09-17T15:17:29Z
Ugwk03Oogw6EuDs26114AaABAg,,False,@deepamore7603,Wish you a very Happy Chuseok family 💕,0,2024-09-17T15:17:27Z,2024-09-17T15:17:27Z
UgwZMXBiucmHgpzqYad4AaABAg,,False,@Nikows1847,Rahhh so cute !!! <3 happy chuseok 🫶🫶,0,2024-09-17T15:16:55Z,2024-09-17T15:16:55Z
UgwFFUoIwh4hv7NseLB4AaABAg,,False,@sky_hyunn,CUTEEEEE,0,2024-09-17T15:15:11Z,2024-09-17T15:15:11Z
UgwEOLm8YhgQChsrG6l4AaABAg,,False,@abdulmazed6258,"Han and I,N both of them are looking so cute❤❤😊",0,2024-09-17T15:14:03Z,2024-09-17T15:14:03Z
UgxriATql4_AIXg3IV54AaABAg,,False,@buildurhappiness1,"Han is so cuteeeeeee
IN is so cuteeeeeeee
Im dying acehskddk",0,2024-09-17T15:13:29Z,2024-09-17T15:13:29Z
Ugxkpj2rRYd53lluxSR4AaABAg,,False,@millwwwx,Хан выиграл этот тренд,1,2024-09-17T15:13:26Z,2024-09-17T15:13:26Z
UgwN2TA04UCTS4LNKsp4AaABAg,,False,@FAN_HYUNJIN143,تكفى دوري ابي اجرب,1,2024-09-17T15:12:23Z,2024-09-17T15:12:23Z
UgxQijyUrQqTCDT8y5d4AaABAg,,False,@EvaGalstyan2012,Han Quokka and Foxie JEONGIN 😊❤❤❤❤❤,0,2024-09-17T15:11:45Z,2024-09-17T15:11:45Z
UgyR72XDOTKFt52La6N4AaABAg,,False,@Miyo_Miyo_0722,めっちゃ、恐る恐るwww🤭,0,2024-09-17T15:10:07Z,2024-09-17T15:10:07Z
UgweLbH-Qz91iqMeGQR4AaABAg,,False,@forstraykids-on4dc,AHHH you guys are so CUTEEEEE!!! Perfect way to wake up 😂🫶,5,2024-09-17T15:09:15Z,2024-09-17T15:09:15Z
UgwtYwgtrfxJx08MMUh4AaABAg,,False,@Hwang_hg04,"맙소사 저 볼 좀 봐❤
난 아기를 원하지 않아, 너도 너무 귀여워 ❤",0,2024-09-17T15:08:36Z,2024-09-17T15:08:36Z
Ugz_gcdmYh1t7lZ-VKZ4AaABAg,,False,@NamiRah-gj1mf,"Han's cute bubbly cheeks are saur ccuuutteee.AND INNIE'S SMILE made my day❤😢❤😢❤😢❤
AA A THEY ARE SAUR ADORABLE",1,2024-09-17T15:08:34Z,2024-09-17T15:08:34Z
UgxxC4MUYk7vA8KrYkF4AaABAg,,False,@selenadiaz8626,So cuteeee 😊😊,0,2024-09-17T15:08:02Z,2024-09-17T15:08:02Z
UgxJ8blYTK8JOegdDNN4AaABAg,,False,@whduda,Fofos afi,0,2024-09-17T15:07:40Z,2024-09-17T15:07:40Z
UgwCYXLnvJYz2meIH2p4AaABAg,,False,@TesmarSt,"❤I love you all, you are my whole life",2,2024-09-17T15:07:30Z,2024-09-17T15:07:30Z
UgyuFApVkdTxIa7Auj14AaABAg,,False,@stay_kids10,Kkk,0,2024-09-17T15:06:32Z,2024-09-17T15:06:32Z
UgzKmyGmG2GzITIxyFh4AaABAg,,False,@malkmalk-z2t,𝐒𝐨 𝐬𝐨 𝐬𝐨 cute❤❤,0,2024-09-17T15:06:25Z,2024-09-17T15:06:25Z
UgzppTNZqPrNacb9rMJ4AaABAg,,False,@adoolsetnet,THEY ARE SO CUTE STAWP😭😭😭,1,2024-09-17T15:06:05Z,2024-09-17T15:06:05Z
UgyZeeDhM5bGd_3HLKR4AaABAg,,False,@alejandracunarro3570,💚💚💚💚🇦🇷,0,2024-09-17T15:05:49Z,2024-09-17T15:05:49Z
Ugwoy7DMC6OM4NH3Xot4AaABAg,,False,@たるーぷ,0:00,0,2024-09-17T15:05:30Z,2024-09-17T15:05:30Z
Ugy46ZxOoXWFkkiFg054AaABAg,,False,@K-popFannies,So CUTEEEE 🐿🦊,1,2024-09-17T15:04:31Z,2024-09-17T15:04:31Z
UgzYi78dks2zAlQoDLd4AaABAg,,False,@milenkagorska1690,WHO LOVE STRAY KIDS 👇,0,2024-09-17T15:03:55Z,2024-09-17T15:03:55Z
Ugy_XqGpW_8aOcR1YiF4AaABAg,,False,@Rosebp-k5s,I.N and HAN cuteeeeeeeeeee 😭😭😭😭💔🎀,18,2024-09-17T15:03:13Z,2024-09-17T15:03:13Z
UgzL2u9EjgDHV6c6K5N4AaABAg,,False,@trisshitanairapyogendranmo7143,OMG MY BIAS AND MY BIAS WRECKER IN ONE FRAME AND HAN LOOKS SO ADORABLE AND I.N SMILE IS SO CUTE I CANT-❤❤❤❤❤,10,2024-09-17T15:02:57Z,2024-09-17T15:02:57Z
UgwiFadDFBOMtuKyZKB4AaABAg,,False,@han_lover-skz,HAN❤❤❣💕💞💓💗💖💘💝👄💋😍❤💋💯👌💘💍💄👠👰❤💜💜💛🤎💛🖤🤍❣️💕💞💓💗💖💘💝💝💝💝💝💟💌❣☙♥︎❥ᰔᰔᩚ🏩🎀🐿,1,2024-09-17T15:02:49Z,2024-09-17T15:02:49Z
UgzYdZvAoGOytG5jSv94AaABAg,,False,@SruthiDevadasan,♥️♥️♥️♥️♥️♥️♥️♥️,0,2024-09-17T15:02:13Z,2024-09-17T15:02:13Z
UgxGT3vWyRp9mPfuAmp4AaABAg,,False,@gretelrodriguez1650,😂😂,0,2024-09-17T15:01:40Z,2024-09-17T15:01:40Z
UgwDJAeEz9IQYi9BtWB4AaABAg,,False,@joanndewar3918,LOL these two are so funny!,0,2024-09-17T15:01:24Z,2024-09-17T15:01:24Z
Ugxj--iLy1YCyDH46KN4AaABAg,,False,@CadenceIP,Han is zoned out,0,2024-09-17T15:00:48Z,2024-09-17T15:00:48Z
UgwmllXTEB_li96GQ5V4AaABAg,,False,@ranginahsan-ld5ix,I wanna tuch him too‌,0,2024-09-17T15:00:17Z,2024-09-17T15:00:17Z
UgwgLxQ2pFRya6FTbbF4AaABAg,,False,@nf.13jk27,Han's face is so cool 😂❤,0,2024-09-17T14:58:50Z,2024-09-17T14:58:50Z
UgxSsJBIyAxdPyq9ezJ4AaABAg,,False,@nf.13jk27,♥✨♥✨♥✨♥✨♥✨♥✨♥✨♥✨♥✨♥✨♥✨♥✨♥✨♥✨♥✨♥✨♥✨♥✨♥✨♥✨♥✨♥✨♥✨♥✨♥✨♥✨♥✨♥✨♥✨♥✨🇮🇷✨🇮🇷✨🇮🇷✨🇮🇷✨🇮🇷✨🇮🇷✨🇮🇷✨🇮🇷✨🇮🇷✨🇮🇷✨🇮🇷✨🇮🇷✨🇮🇷✨🇮🇷✨🇮🇷✨🇮🇷✨🇮🇷✨🇮🇷✨🇮🇷✨🇮🇷✨🇮🇷✨🇮🇷✨🇮🇷✨🇮🇷✨🇮🇷✨🇮🇷✨🇮🇷✨🇮🇷✨🇮🇷✨🇮🇷✨,0,2024-09-17T14:58:34Z,2024-09-17T14:58:34Z
UgzPVFVK-8ee50Sizdp4AaABAg,,False,@nf.13jk27,ILOVE U ILOVE U ILOVE U ILOVE U ILOVE U ILOVE U ILOVE U ILOVE U ILOVE U ILOVE U ILOVE U ILOVE U ILOVE U ILOVE U ILOVE U ILOVE U ILOVE U ILOVE U ♥♥♥♥♥♥♥♥♥♥,0,2024-09-17T14:58:30Z,2024-09-17T14:58:30Z
UgzyB-oFQ5n13uSwwaB4AaABAg,,False,@YeanLim-t3d,❤❤❤,0,2024-09-17T14:58:26Z,2024-09-17T14:58:26Z
Ugwt6XHpLQZPNTE3Bct4AaABAg,,False,@Americano_joAh...jOah8,They are so cute😭❤,0,2024-09-17T14:58:19Z,2024-09-17T14:58:19Z
UgzT5fNeYi6_9dukIvd4AaABAg,,False,@someday_i,우리 한이 막내라고 가만 있는 거 봐 😊,0,2024-09-17T14:58:15Z,2024-09-17T14:58:15Z
UgyVT3A7ueY-tPw_6RB4AaABAg,,False,@VixenVulpix990,Han and I.N. are adorable interactions,0,2024-09-17T14:57:59Z,2024-09-17T14:57:59Z
Ugz0dS9MaKa9DAQhCVp4AaABAg,,False,@kellykretzmann3737,Uau mas que anjos mais lindos que são vocês dois ❤,0,2024-09-17T14:57:31Z,2024-09-17T14:57:31Z
Ugx4j3QODrromRxU4L94AaABAg,,False,@Emmaraczynski222,❤,0,2024-09-17T14:57:29Z,2024-09-17T14:57:29Z
UgwdUSI6sOtVruq3yBB4AaABAg,,False,@negarnabavi630,"Put Hyunjin and Felix together for once, please ❤🎉😢",0,2024-09-17T14:57:08Z,2024-09-17T14:57:08Z
Ugz2gLA4SKck1qDJ_rx4AaABAg,,False,@negarnabavi630,So cuteee ❤🎉,0,2024-09-17T14:56:58Z,2024-09-17T14:56:58Z
UgxBsPG8WeWQqgZfY9N4AaABAg,,False,@JhamiraxiomaraBarbaCruz,Oh que adorable❤,0,2024-09-17T14:56:37Z,2024-09-17T14:56:37Z
UgxN-BwZxlrVsTMaizB4AaABAg,,False,@Yong_bok_lover_078,so cute guys 😭😭😭😭💞,0,2024-09-17T14:56:28Z,2024-09-17T14:56:28Z
UgymJ1leoPzufeNGjWl4AaABAg,,False,@felix_brownieee,He’s soooo cuteeee I love him ❤,0,2024-09-17T14:56:25Z,2024-09-17T14:56:25Z
UgzwVlF1B85B9xNgLEN4AaABAg,,False,@aesro7530,Cuteeeeeeeeeee❤❤❤❤❤,0,2024-09-17T14:56:24Z,2024-09-17T14:56:24Z
UgxBexTdJHvrLY9UXZd4AaABAg,,False,@STAY0922-ml,I.N AND HAN IS SO CUTE!❤❤,0,2024-09-17T14:56:05Z,2024-09-17T14:56:05Z
Ugw3R5rLdemQg1UuD1J4AaABAg,,False,@Blimy_yoongi,Ya bu adamlar niye bu kadar tatlı,0,2024-09-17T14:55:59Z,2024-09-17T14:55:59Z
UgwzMYCSqhb-P29MPO54AaABAg,,False,@andreiaviviane505,Ah muito lindinhos 🎉🎉,0,2024-09-17T14:55:25Z,2024-09-17T14:55:25Z
UgwOvrOK4-8VuoWRiGd4AaABAg,,False,@Yena-zy-c5k,Sooo cute😊,0,2024-09-17T14:55:17Z,2024-09-17T14:55:17Z
UgxKK4GzGmmMYoa52Yp4AaABAg,,False,@chococrunch5,"Jeongsung, blink twice if u need help!! Ha (jk) those r some quite spongy cheeks, i love it, perfectly smooshable 😆 haha",1,2024-09-17T14:55:16Z,2024-09-17T14:55:16Z
UgzqbtBu45JSV6RhDGV4AaABAg,,False,@yomarfer1968,😂😂😂😂 Feliz shuseok🫰🫶🖤❤️🖤,0,2024-09-17T14:54:27Z,2024-09-17T15:00:42Z
UgwfZlE9o10nmTXKrTB4AaABAg,,False,@mintbluee79,아 넘 귀여워 어떡해😘뾱뾱,0,2024-09-17T14:53:39Z,2024-09-17T14:53:39Z
Ugzmxg1j0lvWZ7YVDl94AaABAg,,False,@StayForever-SupportStraykids,❤ Soo cute 🥹,0,2024-09-17T14:53:30Z,2024-09-17T14:53:30Z
Ugz-Qqm83JmyBRd-h4x4AaABAg,,False,@marugav6632,I.N is living my dream 😭,2,2024-09-17T14:53:20Z,2024-09-17T14:53:20Z
UgwLdsrs5WDypivsZot4AaABAg,,False,@User_shikhahalder,Sooo cute 🥺,0,2024-09-17T14:53:05Z,2024-09-17T14:53:05Z
Ugxc423FGoH3DxFZGmV4AaABAg,,False,@Naby_kyra,I love stray kids❤❤❤❤❤❤,0,2024-09-17T14:52:40Z,2024-09-17T14:52:40Z
UgyVNZfCRlLM9H_kP_N4AaABAg,,False,@adwaitahaldar4234,The cutest video ever........ 😅😅😅,0,2024-09-17T14:52:29Z,2024-09-17T14:52:29Z
UgwJiv0-uL4QuVswQRd4AaABAg,,False,@OddinaryWolf_OT8,Squishy Quokka & Cutie Maknae 😭😭😭🩷,0,2024-09-17T14:52:21Z,2024-09-17T14:52:21Z
UgxzWx4rbBb1ilCp1KN4AaABAg,,False,@adwaitahaldar4234,They love jisung's cheeks too😂😂😂😂😂,0,2024-09-17T14:52:02Z,2024-09-17T14:52:02Z
UgxmNBh3lPuYY5lHkVh4AaABAg,,False,@mirna-e8j,❤❤❤😂😂,0,2024-09-17T14:51:56Z,2024-09-17T14:51:56Z
UgxmiTfxrHEYnEqrEjp4AaABAg,,False,@StrayKidsTheFutureofKpop,"Fact: HAN and maknae I.N cuteness, gorgeousness, handsomeness and visuals overload are not a joke y'all. So angelic, beautifully and breathtaking. Their cuteness, gorgeousness, handsomeness and visuals overload are outta this world 😹❤",3,2024-09-17T14:51:53Z,2024-09-17T14:51:53Z
UgySZDdCBX61KnqBKF54AaABAg,,False,@HollywoodMovies-i6h,I N SMILE ❤ and han ❤ thay er so cute,6,2024-09-17T14:51:52Z,2024-09-17T14:51:52Z
Ugyq0Xu0ecJkApAKn4l4AaABAg,,False,@180derece20dk,TWO CUTE AND HANDSOME MAN IS TOGETHER THIS IS SOS BEATIFUL SCENE❤❤❤❤❤❤❤,4,2024-09-17T14:51:39Z,2024-09-17T14:51:39Z
UgwkoUgNMt0mtTr6L8N4AaABAg,,False,@스.트.라.이.키.즈.143,كيوتهع,0,2024-09-17T14:51:29Z,2024-09-17T14:51:29Z
Ugx2jR8UF8XhTbNOqdp4AaABAg,,False,@asashwii_ii,🐿&🍞,0,2024-09-17T14:50:14Z,2024-09-17T14:50:14Z
Ugx3rfRj7EKoYdFF_jJ4AaABAg,,False,@goodmorning-rj8li,I.n❤❤❤,2,2024-09-17T14:50:13Z,2024-09-17T14:50:13Z
UgwgDSAiQRYFmt_AyZ94AaABAg,,False,@StrayKidsTheFutureofKpop,HAN HANDSOME SMILE + I.N BEAUTIFUL SMILE = WORLD HEALING ❤❤,0,2024-09-17T14:50:08Z,2024-09-17T14:50:08Z
UgwxKq1peztNa1Pj8Ax4AaABAg,,False,@alaefennane-w9j,omg sooo cute,0,2024-09-17T14:49:54Z,2024-09-17T14:49:54Z
UgzW7VT-0UWH9-z1Sch4AaABAg,,False,@AkramHassan-z3e,My han ❤,0,2024-09-17T14:48:32Z,2024-09-17T14:48:32Z
UgxagvvwEaIZjvmhefd4AaABAg,,False,@Straykids_Stay-4c,Cute Duo❤❤❤,0,2024-09-17T14:48:30Z,2024-09-17T14:48:30Z
UgweVQVagkC64cy_l014AaABAg,,False,@alldayskz,Our Quokka and Foxi.ny are so adorable 😘😘😘,2,2024-09-17T14:48:19Z,2024-09-17T14:48:19Z
UgygDorzE9AStOberUZ4AaABAg,,False,@아캥-v4h,어머.. 둘다 볼 누르면 뽀옹뽀옹 소릴 날 것 같어..,1,2024-09-17T14:48:18Z,2024-09-17T14:48:18Z
UgzwQCyTIchD6Z75pCV4AaABAg,,False,@Эмохан-о6р,Это так мило❤❤,0,2024-09-17T14:47:53Z,2024-09-17T14:47:53Z
UgztVYCDER1gy09HWGt4AaABAg,,False,@Lisa_I.n,I.N❤❤❤,2,2024-09-17T14:47:44Z,2024-09-17T14:47:44Z
UgxKxoSD9Q85aSfcg5V4AaABAg,,False,@Stay4ever778,❤❤❤❤,0,2024-09-17T14:47:26Z,2024-09-17T14:47:26Z
UgxP0M7ZCKDxOQRj4bB4AaABAg,,False,@りえ-m3e,触り心地良さそう,6,2024-09-17T14:47:17Z,2024-09-17T14:47:17Z
Ugwwj4wNcFuyB08Nih94AaABAg,,False,@OTTOMANDEVLETİ,WHERE MİNHO?,0,2024-09-17T14:46:43Z,2024-09-17T14:46:43Z
UgzsxRtEDe8oUfeygo14AaABAg,,False,@cv9bll,lan,0,2024-09-17T14:46:02Z,2024-09-17T14:46:02Z
UgyvIG2GZJaztFNvTj94AaABAg,,False,@YourWorld195,Счастливого Чхусока 🤗❤,0,2024-09-17T14:45:41Z,2024-09-17T14:45:41Z
UgwIJJemDUQUwQPIvPF4AaABAg,,False,@Amalia-y6v,"So
FUCKING 
CUTEEEEEE❤❤❤❤❤",0,2024-09-17T14:45:08Z,2024-09-17T14:45:08Z
Ugyha6ob8Rr9rqH9Uu54AaABAg,,False,@Andreaguadalupecas-g7i,Que tiernos 😍😻😍😍😻😻😍😍😻😍😍😻😻,1,2024-09-17T14:44:54Z,2024-09-17T14:44:54Z
UgyxqNTn7uhR4wfRw-t4AaABAg,,False,@SunshinedaBelli,"AWWWW, SO CUTE ! 😞☝️💞",0,2024-09-17T14:44:48Z,2024-09-17T14:44:48Z
UgzhlabSCRixlc39otB4AaABAg,,False,@marialozano1319,I.N and Han So Cute ❤,0,2024-09-17T14:44:37Z,2024-09-17T14:44:37Z
UgwF5UMPaWgd0YaxuOl4AaABAg,,False,@aysansokoti,شوهرااااا,0,2024-09-17T14:44:00Z,2024-09-17T14:44:00Z
UgzNG-WefTyQpQV9fu94AaABAg,,False,@aysansokoti,شوهرااااا,0,2024-09-17T14:44:00Z,2024-09-17T14:44:00Z
UgwlvOt6OcjOrQN4Vop4AaABAg,,False,@Xx_XxcookieXx_Xx,So cute!!❤❤,1,2024-09-17T14:43:43Z,2024-09-17T14:43:43Z
UgwSDi0i8UlJOkwGkmt4AaABAg,,False,@フォスティリアス,"腕を前に回すタイプ😊😊😊かわちい😊😊😊
ハニおめめきょろきょろしててかわいい😊😊😊
ポッポズ…世界平和…🙏(?)",2,2024-09-17T14:43:25Z,2024-09-17T14:43:25Z
UgxPHWyEPzMr2WpXu6V4AaABAg,,False,@wiolettasowka5793,Cute ❤,0,2024-09-17T14:43:00Z,2024-09-17T14:43:00Z
UgypAwWPaPclRyMoqep4AaABAg,,False,@canalASAAimeeSamuelAlice,São muito lindo e fofo❤🎉,1,2024-09-17T14:42:14Z,2024-09-17T14:42:14Z
Ugx1YKOhTrQfmletTsF4AaABAg,,False,@twiggydelange5642,Awww♥️♥️♥️♥️,0,2024-09-17T14:42:08Z,2024-09-17T14:42:08Z
UgxnECE3Yh2zTTAmBvt4AaABAg,,False,@jaicehunter7094,🫶,0,2024-09-17T14:42:00Z,2024-09-17T14:42:00Z
UgwZDly4Gri2CDlCrIZ4AaABAg,,False,@NezrinCebrayilova-p7s,OMG!!!! They are so cute ❤❤❤,1,2024-09-17T14:41:26Z,2024-09-17T14:41:26Z
UgyqSnPGmQZcFm78Mtt4AaABAg,,False,@Luxi-s7w,"I.N looks cute ,and han looks shy",41,2024-09-17T14:41:24Z,2024-09-17T14:41:24Z
Ugx_pvaDftzM0k44wTp4AaABAg,,False,@Incishaa,Omggg they are very cute and amazingg❤❤❤❤❤❤🥺🥺🥺🥺🥺 love you Han and I N❤🌺🌼🌼🌼🌹🌹🌹,1,2024-09-17T14:41:01Z,2024-09-17T14:41:01Z
Ugwyn4p-SCapq_2EQK14AaABAg,,False,@claudiacolonna7823,El cachetito de Han❤❤❤❤❤,0,2024-09-17T14:39:36Z,2024-09-17T14:39:36Z
UgyFODqFuOcj9jL4RY94AaABAg,,False,@Dagestan_dom,"Оуу, Хани такой маленький 💗💋",0,2024-09-17T14:39:32Z,2024-09-17T14:39:32Z
UgyzOgFk3sMLfDhe4dR4AaABAg,,False,@ChansStolenLaptop,HAPPY CHUSEOK!! ❤,1,2024-09-17T14:39:11Z,2024-09-17T14:39:11Z
UgwGm9omMG6_a8kuHU14AaABAg,,False,@juliebrown7893,I'm 1 hr latee nooooo,0,2024-09-17T14:39:04Z,2024-09-17T14:39:04Z
UgxbtpQarH5klHnWIw14AaABAg,,False,@QAMARFGKFJC,"قببلل ساعهه لحقتت Ian, will you come and kiss my baby?",0,2024-09-17T14:39:04Z,2024-09-17T14:39:04Z
UgyitnjufGpnAVpYPTF4AaABAg,,False,@yjh_svt1004,나도 만질ㄹㅐ..,1,2024-09-17T14:38:55Z,2024-09-17T14:38:55Z
Ugym3gG1CI3C03qv7e54AaABAg,,False,@sofialoveskittys4life,"Aye domino🔥
(Guys start the chain❤)",1,2024-09-17T14:38:05Z,2024-09-17T14:38:05Z
Ugy1TrBvx5K1TXbQRf54AaABAg,,False,@t.ecenazsaurus,CUTESSS 😭😻,1,2024-09-17T14:36:18Z,2024-09-17T14:36:18Z
Ugw5ow1OrtD-quFhkp14AaABAg,,False,@스테이_엔써_원도어,한지성 햄스터냐고오옥 아 귀여워ㅠㅠ ❤️,1,2024-09-17T14:35:43Z,2024-09-17T14:35:43Z
UgwbL3hA7-2oNszAk9t4AaABAg,,False,@minthosung,AKU KURANG GERCEP YA BANH 😢,0,2024-09-17T14:35:34Z,2024-09-17T14:35:34Z
UgyvDrhG4nWspxKAMnp4AaABAg,,False,@Jennie-m4y,I m from türkiye l love you kore l love you stray kids❤❤❤❤,0,2024-09-17T14:35:13Z,2024-09-17T14:35:13Z
UgwmIMGVExN8jneZeHt4AaABAg,,False,@GGIIIIIIIIIIIIIIIIllllllll,عزه حبايبييييييي,0,2024-09-17T14:34:42Z,2024-09-17T14:34:42Z
Ugzp_TBhVU7LgHAY0kR4AaABAg,,False,@SaraIdbenbellasara,Haniiiiiii❤❤🎀🎀🤏,0,2024-09-17T14:34:16Z,2024-09-17T14:34:16Z
UgxA0n7DAeVqN7vcUmp4AaABAg,,False,@Фатима-ф8г,I love you stray kids❤,0,2024-09-17T14:34:15Z,2024-09-17T14:34:15Z
UgwTQGQkxJWGXL_km014AaABAg,,False,@قناةهديلوشيماء,🫶🫶💕,0,2024-09-17T14:33:47Z,2024-09-17T14:33:47Z
Ugy1iKS3zMi8B_n805p4AaABAg,,False,@Verona.3,Тап тап тап по хомяку хахахаха,0,2024-09-17T14:33:38Z,2024-09-17T14:33:38Z
Ugx9euggU2kMu6fKX214AaABAg,,False,@Шахноза-м2и,❤❤❤,0,2024-09-17T14:32:41Z,2024-09-17T14:32:41Z
UgzsUpjHnjVHtuuLqN14AaABAg,,False,@Goalalalala,They're so cute! Han reminds me of a friend <3,0,2024-09-17T14:32:18Z,2024-09-17T14:32:18Z
UgzSaOtW75nUqMupRyJ4AaABAg,,False,@mariaxaralampidou-yk7pd,He has the best cheeks when he is eating too🤗🤗🤗🤗🤗,0,2024-09-17T14:31:51Z,2024-09-17T14:31:51Z
UgykCsmjHCBDykqTwKB4AaABAg,,False,@starykids-y1g,Жандарыммм ❤❤,0,2024-09-17T14:31:46Z,2024-09-17T14:31:46Z
UgyRzSXpnwuYH8jiTdt4AaABAg,,False,@9rcask,🐿️🐿️🐿️,0,2024-09-17T14:30:56Z,2024-09-17T14:30:56Z
UgzFsPbWtkex_UBQDFt4AaABAg,,False,@당쉰은그레잇해여,민달팽이처럼 훌륭한 지성짱의 볼따구🐹><,0,2024-09-17T14:30:32Z,2024-09-17T14:30:32Z
UgxFOrg5gPjDrpjmdfB4AaABAg,,False,@dariatsmyg,🌟🌟🌟🌟🌟🌟🌟🌟🌟🌟🌟🌟🌟🌟,0,2024-09-17T14:30:07Z,2024-09-17T14:30:07Z
UgxESBeS4a4dZR4f5W54AaABAg,,False,@dariatsmyg,💘💘💘💘💘💘💘💘💘💘💘💘💘💘,0,2024-09-17T14:30:00Z,2024-09-17T14:30:00Z
UgwU8ADqv27vw6KA5L54AaABAg,,False,@dariatsmyg,❤️‍🔥❤️‍🔥❤️‍🔥❤️‍🔥❤️‍🔥❤️‍🔥❤️‍🔥❤️‍🔥❤️‍🔥❤️‍🔥❤️‍🔥❤️‍🔥❤️‍🔥❤️‍🔥,0,2024-09-17T14:29:53Z,2024-09-17T14:29:53Z
Ugxe4vX7G5Jyooqo6wB4AaABAg,,False,@NAZNEENAFIABINTIMOHDKHIRZUNMoe,earlyy,0,2024-09-17T14:29:48Z,2024-09-17T14:29:48Z
UgzOVydsPS4ck_odnEh4AaABAg,,False,@EsterVitóriaSantosLopes,Because Han was just that 😢,0,2024-09-17T14:29:33Z,2024-09-17T14:29:33Z
UgxjXqeekgeLPmd4-L94AaABAg,,False,@EuLetícia-bt57,As bochechas do Han e o sorriso do Jeongin no final é tão fofo ❤❤❤,0,2024-09-17T14:29:13Z,2024-09-17T14:29:13Z
UgxcNCLAq0alDuIeWJ54AaABAg,,False,@Hanjisungstan143,MY POOKIES,0,2024-09-17T14:29:09Z,2024-09-17T14:29:09Z
UgwAjFwptEAUr3-zOIl4AaABAg,,False,@prakashthanal3038,Cutie little pies....❤❤,0,2024-09-17T14:29:05Z,2024-09-17T14:29:05Z
UgzNV8-Pqw3K2YgYp2p4AaABAg,,False,@iznattmh,ADORABLE,0,2024-09-17T14:29:02Z,2024-09-17T14:29:02Z
Ugxwhzm_W-7oU3_VwEt4AaABAg,,False,@برشلونه15,يجننو😭🌟🫶🏻,1,2024-09-17T14:28:42Z,2024-09-17T14:28:42Z
Ugyo6LsL6gG652XMWAV4AaABAg,,False,@Leesgirll,LAN YORUMLAR NIYE AZZ,0,2024-09-17T14:28:38Z,2024-09-17T14:28:38Z
Ugw_4bYQqw4Jwjuaf454AaABAg,,False,@SofiaHimrane,Happy chuseok,0,2024-09-17T14:28:38Z,2024-09-17T14:28:38Z
UgwcWAdnF9R5ha5R91h4AaABAg,,False,@Hwangjinn_lixxlvr,SO CUTE HAAGHAGAGAGSGGAGAAFAAGAGAGGA ❤❤❤❤❤,0,2024-09-17T14:28:03Z,2024-09-17T14:28:12Z
UgwOb7jmg1z0cY-aVsZ4AaABAg,,False,@Polya_Stay_752,They're so cute💖💖💖,0,2024-09-17T14:27:46Z,2024-09-17T14:27:46Z
Ugxl_c4wVhIpe7EmnNl4AaABAg,,False,@Colour_Dream143,УТЯЯЯЯЯ,0,2024-09-17T14:27:32Z,2024-09-17T14:27:32Z
UgwgA7146_A55wXBsHh4AaABAg,,False,@지우개-k5l,지성이 볼따구 왤케 빵빵해 ㅋㅋㅋㅋㅋ,0,2024-09-17T14:27:29Z,2024-09-17T14:27:29Z
Ugz32232kLPkTB0ZwyN4AaABAg,,False,@stayyana,Tão lindos tão fofos,0,2024-09-17T14:27:21Z,2024-09-17T14:27:21Z
UgyFPyH_zcmb6SaDLhB4AaABAg,,False,@CrewX_Official,CUTIESSS,0,2024-09-17T14:27:05Z,2024-09-17T14:27:05Z
UgwHVfgl7GLIYbHYG-l4AaABAg,,False,@pola_-jv4iy,Tell me I'm not the only one who has the dream of being able to touch and squeeze Han's cheeks. 🥲💓,0,2024-09-17T14:27:04Z,2024-09-17T14:27:04Z
UgxmhOfPD3L82SENJol4AaABAg,,False,@linojagiya,Quokka's cheeks are super cuteeee💖💖💖,0,2024-09-17T14:26:50Z,2024-09-17T14:26:50Z
Ugxfl1eNfVNjXQmRsHl4AaABAg,,False,@Stay-d3o,Лишь бы хлебушку было весело😅,0,2024-09-17T14:26:35Z,2024-09-17T14:26:35Z
UgzUc611pjdSvdBdHWt4AaABAg,,False,@InaRizaj,Han and I.n is so cute best friends 🫂🫂❤️❤️🫶🫶🫂🫂❤️❤️,1,2024-09-17T14:26:21Z,2024-09-17T14:26:21Z
Ugw2stHBwWqHB39ELjl4AaABAg,,False,@소금사탕-e8n,나두 나두 찔러보고 싶다ㅋㅋㅋ,0,2024-09-17T14:26:16Z,2024-09-17T14:26:16Z
UgzACmNcaYM6nFVKPa94AaABAg,,False,@Seolsim8,🇦🇿🇦🇿🇦🇿🇦🇿🇦🇿🇦🇿,0,2024-09-17T14:26:13Z,2024-09-17T14:26:13Z
UgzH825Sa9Rsz4mN7Ql4AaABAg,,False,@blondielaura86,Han has the cutest cheeks for this!,0,2024-09-17T14:25:54Z,2024-09-17T14:25:54Z
UgyoFIra-SJRPtxHLoR4AaABAg,,False,@N_for-Nene234,Cuteeeeeee😍♥️,0,2024-09-17T14:25:39Z,2024-09-17T14:25:39Z
UgwfWB7knlPBVDBE2L94AaABAg,,False,@ArwaMohamed-m4g,"ايان: الله خدود 
هان: اتألم ولا اتكلم اتكلم ولا أتألم 😂",0,2024-09-17T14:25:24Z,2024-09-17T14:25:24Z
UgwddDQ6-68BqwHQ8Bp4AaABAg,,False,@anayapapayaxx,해피 추석!!🌸🌸,0,2024-09-17T14:24:51Z,2024-09-17T14:24:51Z
UgySHZm88Tekkty_9nV4AaABAg,,False,@RahatElbel-mr4yd,"I love you, Stray Kids. Please have a party in Tunisia, not for Lala and Qafsa. Because I love you, I want to bring a party for you next to the post office. I love you, Stray Kids, please. ❤",0,2024-09-17T14:24:11Z,2024-09-17T14:24:11Z
UgztU7NpCbkxvCl1kTB4AaABAg,,False,@naiaina28,イエニがほっぺむにゅしていいのはジソンだけだよ🫶,2,2024-09-17T14:24:09Z,2024-09-17T14:24:09Z
UgxkiUwZi2wDlz28I1N4AaABAg,,False,@cutelittlebrattho,Aww😍,0,2024-09-17T14:24:04Z,2024-09-17T14:24:04Z
UgwUYOeDvyt5hBohU-t4AaABAg,,False,@عازفةالصمت-ث1ي,كيوت✨️💗😔,0,2024-09-17T14:23:05Z,2024-09-17T14:23:05Z
UgwDyYCPyGoaV7FgUC54AaABAg,,False,@yeoniezx,Im so earlyy,0,2024-09-17T14:22:53Z,2024-09-17T14:22:53Z
UgzKiE2SHvBUyMozDOp4AaABAg,,False,@Emily.sun.,i.n en maxima concentracion xdd,0,2024-09-17T14:22:37Z,2024-09-17T14:22:37Z
UgyR8m__ZliMV1CCemB4AaABAg,,False,@jiisunging,MOVE I.N IT’S MY TURN,1,2024-09-17T14:22:14Z,2024-09-17T14:22:14Z
UgwQaTSB4uygmtptC6V4AaABAg,,False,@Bangchanxwp,CUTEEEE❤❤,0,2024-09-17T14:22:11Z,2024-09-17T14:22:11Z
UgzruVpGNlXwYq5poxd4AaABAg,,False,@stayy_143s2,어떡하죠 지성이 볼따구 누르면 진짜로 뾱뾱 소리날 거 가틈.. 나도 볼따구 한 번만 지뎡아🥺❤️❤️,14,2024-09-17T14:21:53Z,2024-09-17T14:21:53Z
UgxlRdubCEDsMX9fxwJ4AaABAg,,False,@qinnheoy,제발저요저도제발요제발저요 어떻게 볼따구가 저렇게 몰랑몰랑하게 촵 잡히고 폭 들어가냐고 이건 안돼 심해 진짜ㅠㅜㅜㅜㅠㅜㅠ🩷🩷🩷🩷🩷,0,2024-09-17T14:21:36Z,2024-09-17T14:21:36Z
UgyDVLhVQAYcKEIUPd54AaABAg,,False,@SenySazy,Cuties,0,2024-09-17T14:21:17Z,2024-09-17T14:21:17Z
UgxYIALJqLODw9zqBn94AaABAg,,False,@Haes-sal-ui_miso.,Idk why but this makes me so happy,0,2024-09-17T14:20:57Z,2024-09-17T14:20:57Z
UgzDNgkP1bM0G8_eQWZ4AaABAg,,False,@Baby_Anu2,Two cuties ❤,0,2024-09-17T14:20:51Z,2024-09-17T14:20:51Z
UgyQZQutFRubwvLeOU54AaABAg,,False,@vencili,Cute,0,2024-09-17T14:20:28Z,2024-09-17T14:20:28Z
Ugx-JZIrRFWa6rOWCU14AaABAg,,False,@zahraarvinindita,i love you i.n 😍,2,2024-09-17T14:20:16Z,2024-09-17T14:20:16Z
Ugy1diq-VObUWq573Ap4AaABAg,,False,@ILoveSundayJiaoqiuAnaxaEunho,Ackk cuties!!,0,2024-09-17T14:20:15Z,2024-09-17T14:20:15Z
UgyPPCs2D22UU_aRqMV4AaABAg,,False,@İrem_su_yumm,The sweetness and handsomeness of Han and I. N❤❤,3,2024-09-17T14:20:13Z,2024-09-17T14:20:13Z
UgwUT-T6h9OeLkojjDV4AaABAg,,False,@zahraarvinindita,i love you han 😍,0,2024-09-17T14:20:08Z,2024-09-17T14:20:08Z
Ugwv6FuHFIShGOwUIvJ4AaABAg,,False,@ねこ-w4z8x,もちもちはんじそん🥺ツンツンしてみたい😂,8,2024-09-17T14:19:55Z,2024-09-17T14:19:55Z
UgwOJlPM3xjFRxnDSJh4AaABAg,,False,@mihi_ua,❤,0,2024-09-17T14:19:44Z,2024-09-17T14:19:44Z
UgxDaQ3OHIHr8h07_k94AaABAg,,False,@straykidsxin,"Почему это так мило, но одновременно смешно?❤️",1,2024-09-17T14:19:31Z,2024-09-17T14:19:31Z
Ugxq7H9FzGRnpL4S80J4AaABAg,,False,@Byeol_Berry2753,Oh yeah it’s chuseok 😊,0,2024-09-17T14:19:29Z,2024-09-17T14:19:29Z
UgxEHkWHrMRbhkSvWIp4AaABAg,,False,@jisungiem,Han benim kocammm❤,0,2024-09-17T14:19:17Z,2024-09-17T14:19:17Z
UgyLnmvh-ouYG5MjNP14AaABAg,,False,@Bl_fan3555sa,I.n is so handsome 🔥🔥😘😘,2,2024-09-17T14:19:07Z,2024-09-17T14:19:07Z
UgxO44VsJOj-jUfKlPF4AaABAg,,False,@CindyClaessens-qz3wx,BABY BREAD AND QUOKKA🫶✨️🌸,0,2024-09-17T14:18:43Z,2024-09-17T14:18:43Z
UgwzLQlk54yfq5dU6TJ4AaABAg,,False,@sosolvsjeong,MY BABY'S!!😭😭💘💘,1,2024-09-17T14:18:34Z,2024-09-17T14:18:34Z
Ugw1iuCf8u9tBem1h5l4AaABAg,,False,@Channienin_Karısı,Han and İ.N cuteeeee,0,2024-09-17T14:18:21Z,2024-09-17T14:18:21Z
UgzEajOORlyEpt-tBbB4AaABAg,,False,@albinos689,Он теперь тоже хомяка тапает,0,2024-09-17T14:17:47Z,2024-09-17T14:17:47Z
UgzlT1PK_8axnUnPXoh4AaABAg,,False,@bethburnett9934,So cute ❤❤❤❤❤,0,2024-09-17T14:17:24Z,2024-09-17T14:17:24Z
UgzkzW1h3AuC8LvxE_Z4AaABAg,,False,@july-t4x,so cute love you han  ❤😩,0,2024-09-17T14:17:00Z,2024-09-17T14:17:00Z
UgzpAYRN72Ea6rLSIfl4AaABAg,,False,@ty.alilix,Lindoooos,0,2024-09-17T14:16:37Z,2024-09-17T14:16:37Z
UgwTJLpdLuqNgW_wWYF4AaABAg,,False,@Minsunglover5489,막내에는 다람쥐의 뺨을 열 개의 공으로 만진다. 막내에가 너무 달콤하다❤️❤️❤️❤️❤️❤️❤️,0,2024-09-17T14:16:29Z,2024-09-17T14:16:29Z
Ugwz7u5nkFnhhocUNzR4AaABAg,,False,@SKZ와이프,지성앜ㅋㅋ,0,2024-09-17T14:16:06Z,2024-09-17T14:16:06Z
UgwDy5PM6-guh1lcmNh4AaABAg,,False,@MonserrathAlarcon,"I.n y han son tan tiernos 🎉😊
Que lindo Han es precioso .
Saludos stray kids desde Nicaragua🇳🇮 . Hoy en la noche soñe con chanbing 🎉🎉pero no soñe nada malo",0,2024-09-17T14:16:00Z,2024-09-17T14:16:00Z
Ugw0UGBLLqxoM3ehi314AaABAg,,False,@MonserrathAlarcon,"I.n y han son tan tiernos 🎉😊
Que lindo Han es precioso .
Saludos stray kids desde Nicaragua🇳🇮 . Hoy en la noche soñe con chanbing 🎉🎉pero no soñe nada malo",0,2024-09-17T14:15:54Z,2024-09-17T14:15:54Z
UgyDFeM-s4jCv-WKymZ4AaABAg,,False,@azliazainol8496,"Aww.. cute Jeongin playing 
hannie's cheeks😂❤❤",0,2024-09-17T14:15:34Z,2024-09-17T14:15:34Z
UgxL6O2NBiyRNTTWhCB4AaABAg,,False,@السيده_تشانيه,🌝🌛🌛🤍💛🌜,0,2024-09-17T14:15:33Z,2024-09-17T14:15:33Z
UgxzfUTZDxKRVeYqGqV4AaABAg,,False,@STAYzeybo,SO CUTEEEEEEEEEEEEEEEEEEEEEEEEEEEEEEE,0,2024-09-17T14:15:28Z,2024-09-17T14:15:28Z
Ugzoqs9KsXNjyUQqqUd4AaABAg,,False,@cintanirosdiana,sayangku cintaku,0,2024-09-17T14:14:28Z,2024-09-17T14:14:28Z
UgzHLjxKvp66lvmx0bd4AaABAg,,False,@TherealWESTCOAST,The vibes are immaculate 😂,7,2024-09-17T14:14:19Z,2024-09-17T14:14:19Z
UgyNF1I28UDFhrO5Snl4AaABAg,,False,@gaiadascenzo1958,My 2 biases❤❤❤❤,0,2024-09-17T14:14:00Z,2024-09-17T14:14:00Z
UgyyHbzs1dD0FzeWokJ4AaABAg,,False,@neverlylavignati,❤👈🏻,0,2024-09-17T14:13:38Z,2024-09-17T14:13:38Z
UgwLF18j9iRBl2-eOCx4AaABAg,,False,@河童のポム,ありがとう、、ポッポズペン大歓喜です、、幸せです、、,2,2024-09-17T14:13:09Z,2024-09-17T14:13:09Z
Ugz6TjfnFKtfSmBp9tl4AaABAg,,False,@Sungsung_ji,이 둘의 조합 난 찬성일세,0,2024-09-17T14:13:01Z,2024-09-17T14:13:01Z
UgyByeyAZ2miWNdhwoF4AaABAg,,False,@upasanaanoop556,They're such cuties!❤❤❤,0,2024-09-17T14:12:06Z,2024-09-17T14:12:06Z
UgxMgtPqRev_hJcm0Fd4AaABAg,,False,@mousumiislam234,Han look's like real qoquka rn,0,2024-09-17T14:11:54Z,2024-09-17T14:11:54Z
UgylGWWZNATiO4i4_UF4AaABAg,,False,@yuyoki8771,Bobo line💛,0,2024-09-17T14:11:00Z,2024-09-17T14:11:00Z
Ugy3LJZ6P5uZm4JE0NB4AaABAg,,False,@3rachan27,They both are so cute😭😭 stray kids are killing me out of cuteness I swear👹,1,2024-09-17T14:10:52Z,2024-09-17T14:10:52Z
UgxYauatwTCxUIGNiSV4AaABAg,,False,@93문주,한이 볼 진짜 말캉말캉 몰캉몰캉이네 귀여워ㅓㅓㅓㅓㅓㅓㅓㅓ,0,2024-09-17T14:10:49Z,2024-09-17T14:10:49Z
Ugy6rfFRFQpG28IMBzN4AaABAg,,False,@НаташаКорнева-е2с,можно мне весь ассортимент стрей кидс   в Россию?) По почте❤,0,2024-09-17T14:10:37Z,2024-09-17T14:10:37Z
UgyUoM1ZhgQ7MaBP7cB4AaABAg,,False,@Fatimahastalamuerteoitebebe,They are so cuteee god❤,1,2024-09-17T14:09:36Z,2024-09-17T14:09:36Z
UgyteYsykiti3AyJIrl4AaABAg,,False,@ZozyJ,I. N marry me,0,2024-09-17T14:09:08Z,2024-09-17T14:09:08Z
Ugxy6unp0Al5QVKW9Il4AaABAg,,False,@vX_taewqllw_Xv,Ohhh so cutee,0,2024-09-17T14:08:43Z,2024-09-17T14:08:43Z
Ugx8kpQLuVGiTbb0JQl4AaABAg,,False,@Angelalluana,تأثير التشوسوك😭😭💔,0,2024-09-17T14:08:37Z,2024-09-17T14:08:37Z
UgyAjwdp1rE25S_kquZ4AaABAg,,False,@SureshkumarR-d4w,"Han is very cute, when he is keeping a straight face😂❤☺️",57,2024-09-17T14:08:37Z,2024-09-17T14:08:37Z
UgwWZRb6PDXqQ5AIuox4AaABAg,,False,@Uesweetness,Ssoooo cutee!!!! 🩷🩷🩷💕💕💕,0,2024-09-17T14:08:27Z,2024-09-17T14:08:27Z
UgwpziVf2ndodsMeVaF4AaABAg,,False,@Adrichilipiruli,❤Bellos❤,1,2024-09-17T14:08:01Z,2024-09-17T14:08:01Z
UgwwGPIUcXadyZhzFvl4AaABAg,,False,@I_am_Lauren,Han is a certified cutie patootie.,0,2024-09-17T14:07:49Z,2024-09-17T14:07:49Z
UgxBt07gr76YfPDW_Ch4AaABAg,,False,@SureshkumarR-d4w,I.N smile at the end of the video looks very innocent and precious ❤🥰😍,5,2024-09-17T14:07:24Z,2024-09-17T14:07:24Z
Ugyxt3hQtG0TDHmlUa94AaABAg,,False,@SkzCore4Life,Han's cute cheeks+ I.N's cute smile= CUTENESS OVERLOAD ahhhh I love you guys so much ❤🫶🏻💖😫🩷💫🎀,10,2024-09-17T14:06:33Z,2024-09-17T14:06:33Z
UgzFHlgMw1hsnrXrFjh4AaABAg,,False,@КамиллаЖайшибек,Рускиииие!!,0,2024-09-17T14:06:14Z,2024-09-17T14:06:14Z
UgyXwPAqJMVHcCs2meF4AaABAg,,False,@HansNoona_xoxo,"*googles ""how to be i.n""*",1,2024-09-17T14:05:53Z,2024-09-17T14:06:03Z
UgyEard6KOkPBCXD1a14AaABAg,,False,@ZHKREMB,❤❤❤❤❤❤❤❤❤❤❤❤❤❤😂😅😊😮,0,2024-09-17T14:05:30Z,2024-09-17T14:05:30Z
UgwSz3WWvkKY0cPb8oh4AaABAg,,False,@かんねこ-22,"キョトンってしてるハニ、されるがままで可愛すぎる笑
ついぽっぽを期待してしまった🐿😘🦊",3,2024-09-17T14:05:26Z,2024-09-17T14:05:26Z
UgzwZE0qRy-LZ2Ogu9Z4AaABAg,,False,@말랑콩떡-j7z,볼이 너무 말랑한거 아니니 지성아,0,2024-09-17T14:05:08Z,2024-09-17T14:05:08Z
Ugy8mZDsdlYt6rkOgsN4AaABAg,,False,@Yuka-ir6lr,丸目と切れ長目のふたりかわいい💓‪💓‪,5,2024-09-17T14:04:39Z,2024-09-17T14:04:39Z
UgxKBv9mlKBaBpTE8xx4AaABAg,,False,@felixmwpx,So Cuteeeeeeee❤❤❤❤😂😂😂😂😂,0,2024-09-17T14:04:22Z,2024-09-17T14:04:22Z
UgzEBGy4LeXw6wz_ZM14AaABAg,,False,@NadiKauser,Hannie and i.n 😍😍😍,0,2024-09-17T14:03:57Z,2024-09-17T14:03:57Z
Ugx9GnDRLSo0NJFiyTt4AaABAg,,False,@Mukaddeshanımnasılsınız-p5y,<3,2,2024-09-17T14:03:19Z,2024-09-17T14:03:19Z
Ugy9mLdYnkemvTjKXeh4AaABAg,,False,@lefeyaaa,Jeongin was lucky with his partner in the touch😂 It’s a pleasure to feel such cheeks ❤,0,2024-09-17T14:03:16Z,2024-09-17T14:03:16Z
Ugys6IJb9h5qSEsyND54AaABAg,,False,@Şeytan_Avcısı,Han ❤❤❤❤❤ and l.N ❤❤❤❤,0,2024-09-17T14:02:51Z,2024-09-17T14:02:51Z
Ugz0ppG4w4vIXRhgBbF4AaABAg,,False,@Mukaddeshanımnasılsınız-p5y,I.n must have enjoyed touching Han's cheeks😃,2,2024-09-17T14:02:37Z,2024-09-17T14:02:37Z
Ugzw2cm_8Gvkav7T8Ph4AaABAg,,False,@staymoacaratonedoorzerose,한지성의 저 묭…한 표정이 귀엽다..,0,2024-09-17T14:02:29Z,2024-09-17T14:02:29Z
UgxrA_AI47VSr2r7XK94AaABAg,,False,@LaurenSimoes-vd2zj,"Jeongin is super cute, I really love him, and Han is so cute ❤",0,2024-09-17T14:02:07Z,2024-09-17T14:02:07Z
UgxLSUnTjlYsqTZeqYx4AaABAg,,False,@armystayfearnot.bangla,"Hannie ❤
I.n ❤
2cutie",0,2024-09-17T14:01:40Z,2024-09-17T14:01:40Z
UgyvHUU7Y6i_dEvj4Ld4AaABAg,,False,@Mukaddeshanımnasılsınız-p5y,That's what Han has cheeks for🐿️,2,2024-09-17T14:01:31Z,2024-09-17T14:01:31Z
Ugyi0AnbhDoDjCUkKuJ4AaABAg,,False,@Zeynepmisimomg,OY SİZİ YERİM AGAGAGGAHS ÇOK TATLISINIZ,0,2024-09-17T14:01:04Z,2024-09-17T14:01:04Z
UgwVfaXVtLMOyj8VyAx4AaABAg,,False,@Skz_fan_4ever-cj8kb,Jisung’s already used to it,0,2024-09-17T14:01:04Z,2024-09-17T14:01:04Z
UgyGlc9jtlYrbXDWRsl4AaABAg,,False,@Hiironotsuki-u5g,"Soooooooooo adooooooooooraaaaaaaable🤍😺
How Jeongin squished Hans cute squirrel cheeks, so cute.🤍🤍🤍",2,2024-09-17T14:00:48Z,2024-09-17T14:00:48Z
UgxDd1FXRo1aXkvbBxN4AaABAg,,False,@STAYFOREVER-143N,The maknae is much cuter,4,2024-09-17T14:00:34Z,2024-09-17T14:00:34Z
UgyWzXsUCtrL5Zh0LIZ4AaABAg,,False,@zorttikbuğlem,다람쥐🐿️,1,2024-09-17T14:00:33Z,2024-09-17T14:00:33Z
Ugxo7CotUIfbpZO70CN4AaABAg,,False,@Mukaddeshanımnasılsınız-p5y,THEY ARE SO CUUUUUUTTTTTTEEEEE ❤❤❤,8,2024-09-17T14:00:25Z,2024-09-17T14:00:25Z
UgwUGBnZtYs7XneCD_Z4AaABAg,,False,@Han_Wang_Suga,❤❤❤),1,2024-09-17T14:00:23Z,2024-09-17T14:00:23Z
Ugx7l9dnKE8vDsaStkJ4AaABAg,,False,@Iviebhflhics,Early,0,2024-09-17T14:00:22Z,2024-09-17T14:00:22Z
UgxzMhFhpSepXPs7T0B4AaABAg,,False,@STAYFOREVER-143N,Cute Hani's cheeks are very beautiful,4,2024-09-17T13:59:56Z,2024-09-17T13:59:56Z
Ugx7mEriVYOkzZozg7h4AaABAg,,False,@somalathakorala9911,Omggggg that's ssoososos cuttsssss❤❤❤❤❤😭😭😭😭😭😫😫😫😫,0,2024-09-17T13:59:49Z,2024-09-17T13:59:49Z
Ugwa4PrPapW_XU_x-tZ4AaABAg,,False,@Omniya___143,So cute 💕,0,2024-09-17T13:59:42Z,2024-09-17T13:59:42Z
UgzkClQUn1nw0AmuHjt4AaABAg,,False,@РозаРози-т9щ,58 минууууут,1,2024-09-17T13:59:19Z,2024-09-17T13:59:19Z
Ugxj7twi4ETaMGI4jvV4AaABAg,,False,@say1-uy8bf,イエニ、そのポジション交代してー❤ハニのほっぺツンツン、むにむにしたい。。。,2,2024-09-17T13:59:10Z,2024-09-17T13:59:10Z
Ugya27YDlZ63Qzipclh4AaABAg,,False,@bukkiyoseph2689,CUTIEE PIESS ❤❤❤❤,0,2024-09-17T13:58:43Z,2024-09-17T13:58:43Z
UgyK1YQHHC8OwbMWpyp4AaABAg,,False,@haridashiray3642,"Stray kids doesn't have the right to be this much handsome 
Do you agree stays 👍",1,2024-09-17T13:58:34Z,2024-09-17T13:58:34Z
Ugw1iVbQvx2x-BdCogN4AaABAg,,False,@Lillys-c5n,57 минут назад💗,1,2024-09-17T13:58:25Z,2024-09-17T13:58:25Z
Ugxvn4tOQXLVgr-J1Zt4AaABAg,,False,@sadiarehan5800,THE JEEKIES AHHH,0,2024-09-17T13:58:17Z,2024-09-17T13:58:17Z
UgzOhoOg4dftfXnbLy54AaABAg,,False,@わをん-q5d,この音は完全にハンくんの為のもの,3,2024-09-17T13:57:56Z,2024-09-17T13:57:56Z
UgxhewtYnPeFMwljUlV4AaABAg,,False,@Tanyt_a,Those cheeks!!! ❤,0,2024-09-17T13:57:45Z,2024-09-17T13:57:45Z
Ugwg7UklXMSKCAQiYmt4AaABAg,,False,@agnieszkagrygowska6928,😂😂❤Sweetly funny😂❤,0,2024-09-17T13:57:41Z,2024-09-17T13:57:41Z
Ugy2zwCs4FseRseff4h4AaABAg,,False,@공주-v4h,Oh why is he so cute and wonderful oh they are beautiful 🤭❤️,0,2024-09-17T13:56:37Z,2024-09-17T13:56:37Z
UgyDaKXEDfwWebc7Zlx4AaABAg,,False,@Kpop4live-stay,❤❤,0,2024-09-17T13:56:05Z,2024-09-17T13:56:05Z
UgxLjxxMhnq0I4NO5gN4AaABAg,,False,@PARK_HANA6,❤❤❤❤❤ 😊,0,2024-09-17T13:56:03Z,2024-09-17T13:56:03Z
Ugyko-htrTGOFRnr9ut4AaABAg,,False,@chan1648,"もちもちほっぺ🤦🏼‍♀️‎🤍
幼稚園生にしか見えないかわいい(笑)",4,2024-09-17T13:55:57Z,2024-09-17T13:55:57Z
UgxZt2xIVIQDLFmaajB4AaABAg,,False,@shaimaasha2453,🎀😭,0,2024-09-17T13:55:43Z,2024-09-17T13:55:43Z
Ugz-eaR1M1VvLesSD5d4AaABAg,,False,@yeseniapaxtor2270,Que tiernos los dos 😻😍 me encantan! 💜,0,2024-09-17T13:55:41Z,2024-09-17T13:55:41Z
UgyL4Zp1284e0LMb9hp4AaABAg,,False,@NoneofYourbuisness-l6v,Why is han dressed as a groom ?!,0,2024-09-17T13:55:31Z,2024-09-17T13:55:31Z
Ugx4iBmD8iB7usKl_b54AaABAg,,False,@Hyunlixwioxx,Aaaa your smile is so beautiful,2,2024-09-17T13:55:30Z,2024-09-17T13:55:30Z
UgyFb5RwOwqkBxK9puJ4AaABAg,,False,@ふひはひ-v7r,"可愛すぎる～
私も触りたい(ハニ逃げて😅🎉",3,2024-09-17T13:55:02Z,2024-09-17T13:55:02Z
UgztIVAUFjRLjtPhbT14AaABAg,,False,@Jenniemfansw,"When I type baby squirrel on Pinterest, Han comes out and they look a lot like Chanbin. I am Turkish. ❤❤❤❤❤❤❤❤",0,2024-09-17T13:54:30Z,2024-09-17T13:54:30Z
UgzvSpiLYXoMY4OW5Y54AaABAg,,False,@LIXIAOMEIStudent,quokka :),0,2024-09-17T13:54:29Z,2024-09-17T13:54:29Z
UgyoRWU8ePGA1q5f-lZ4AaABAg,,False,@o_.x._STAY_.x._o,Cute 😊❤,0,2024-09-17T13:54:13Z,2024-09-17T13:54:13Z
UgwxqguHgLqhZvjkRvx4AaABAg,,False,@jjulizzy,O Jeongin sendo forçado a fzr isos,0,2024-09-17T13:53:25Z,2024-09-17T13:53:25Z
UgypS5a2eQgQ7gOuodt4AaABAg,,False,@iu12_69,ILOVE Hahhhhhhhhhhhhhhhh🫦🤭🤭🤭🤭😔💋💋💋💋,1,2024-09-17T13:53:18Z,2024-09-17T13:53:18Z
UgwsmcJvaouAnRYocKl4AaABAg,,False,@reiko9527,Love💓💓💓💓👍🏻✨,0,2024-09-17T13:52:44Z,2024-09-17T13:52:44Z
Ugw6Zh8TImqfsNmaBWh4AaABAg,,False,@user-ierkk,Full moon cute,0,2024-09-17T13:52:26Z,2024-09-17T13:52:26Z
UgzLhWD8t1dvysdRUKZ4AaABAg,,False,@Sweet_Han_15,خدودههه يا ناسووووووو😭,0,2024-09-17T13:51:49Z,2024-09-17T13:51:49Z
UgyUIVZkAbDhpZc9qTx4AaABAg,,False,@EmanuelaCevallos,Awwwwwwww,0,2024-09-17T13:51:42Z,2024-09-17T13:51:42Z
UgyzhlHZBWMeMMV1tq54AaABAg,,False,@EmanuelaCevallos,owwwwww,0,2024-09-17T13:51:33Z,2024-09-17T13:51:33Z
UgwXAzlAmKEQyHWMGo54AaABAg,,False,@xhrissy_y,seungminnie is just checking if his dumpling is too hot… seems like its too cute!,1,2024-09-17T13:51:13Z,2024-09-17T13:51:13Z
UgwXAzlAmKEQyHWMGo54AaABAg.A8Up9MseI5lA8UzmHJm0Iu,UgwXAzlAmKEQyHWMGo54AaABAg,True,@생겼아잘,But this video is Han and I.N 😭,2,2024-09-17T15:24:03Z,2024-09-17T15:24:03Z
UgwXAzlAmKEQyHWMGo54AaABAg.A8Up9MseI5lA8VfiySc67q,UgwXAzlAmKEQyHWMGo54AaABAg,True,@xhrissy_y,@@생겼아잘 😭😭my yt was glitchijng,1,2024-09-17T21:48:04Z,2024-09-17T21:48:04Z
UgwXAzlAmKEQyHWMGo54AaABAg.A8Up9MseI5lA8_Gcgs7JeY,UgwXAzlAmKEQyHWMGo54AaABAg,True,@생겼아잘,@strayhyunlix  Don't worry I get it lol 😭,1,2024-09-19T16:36:14Z,2024-09-19T16:36:14Z
UgwnT8PD_Myg_FKVAgN4AaABAg,,False,@Qwerty92742,STARYKIDS WORLD DOMINATION,0,2024-09-17T13:51:12Z,2024-09-17T13:51:12Z
UgxEaBtpwqFkjqeA9NJ4AaABAg,,False,@magdadt7090,OMG Jisung ❤ Ich liebe seine Wangen ich will auch so wie I.N die anfassen. 😮 ❤,1,2024-09-17T13:51:11Z,2024-09-17T13:51:11Z
UgyXkn4yApzv6QiRssl4AaABAg,,False,@Thebestchaeryeongfan,BEBEKLERİMM,0,2024-09-17T13:50:59Z,2024-09-17T13:50:59Z
UgyUBSB2L_Uecd11-zJ4AaABAg,,False,@jenh4376,I.N. Showing Hannie what it’s like….the Maknae and 🐿️ are so cute!,7,2024-09-17T13:50:56Z,2024-09-17T13:50:56Z
UgxrXiN_frp5oSrA1XJ4AaABAg,,False,@Ruqiya-p9s,Cute,1,2024-09-17T13:50:55Z,2024-09-17T13:50:55Z
UgyJH4OBsKhE_-iHNcd4AaABAg,,False,@indigo_jjam,QUE PRECIOSOS 😭❤️❤️❤️,0,2024-09-17T13:50:49Z,2024-09-17T13:50:49Z
UgzDFwU2-KN8kcgJZFN4AaABAg,,False,@rinwi2511,IN so lucky I wanna touch Jeekies too 😭,0,2024-09-17T13:50:43Z,2024-09-17T13:50:43Z
Ugwaq6UoYYbgKFaeV2J4AaABAg,,False,@minhoulticim,jeongin is incredibly cute,1,2024-09-17T13:50:41Z,2024-09-17T13:50:41Z
UgxWdzTR_x5_c_fyc4J4AaABAg,,False,@Fantasygirl-f6q,❤,0,2024-09-17T13:50:34Z,2024-09-17T13:50:34Z
UgxifxTT-6EMWei7MgR4AaABAg,,False,@famsh7778,They’re so cute,0,2024-09-17T13:49:41Z,2024-09-17T13:49:41Z
Ugzl8Qt8zN3757QFPV54AaABAg,,False,@Damlassssshyuns,My one and only children are really cute I love them,2,2024-09-17T13:49:25Z,2024-09-17T13:49:25Z
UgyNLeqQAjFSvszwDgh4AaABAg,,False,@zozo_Oskz,cute duo 💙,1,2024-09-17T13:48:56Z,2024-09-17T13:48:56Z
Ugyh-yi0hXZ1PiZIEU14AaABAg,,False,@zozo_Oskz,his cheeks look so squishy 😌✨,0,2024-09-17T13:48:43Z,2024-09-17T13:48:43Z
UgyI56rWQrvsnPPupBp4AaABAg,,False,@FELİXBENİMKUDURMAYIN,maknae on top,1,2024-09-17T13:48:37Z,2024-09-17T13:48:37Z
UgyasNkNiaCmSE6HdMR4AaABAg,,False,@리노고하루-q4m,可愛すぎる,10,2024-09-17T13:48:13Z,2024-09-17T13:48:13Z
Ugwa299uJjbf6UyJoOl4AaABAg,,False,@Anime-i7f1s,AAAAH THEY'RE SO CUTE,2,2024-09-17T13:48:08Z,2024-09-17T13:48:08Z
UgyNcQGEQCJKa5nyWMh4AaABAg,,False,@laylaalis,I.N your hair is amazing,9,2024-09-17T13:48:04Z,2024-09-17T13:48:04Z
UgyzEhudV8yefgbzWQh4AaABAg,,False,@IoarinJion,my love. I love you all,0,2024-09-17T13:47:51Z,2024-09-17T13:47:51Z
UgyhVXtKD8TKxcQhr9h4AaABAg,,False,@leeMINHOMUAHAHAH,AHH OMG SO CUTE,0,2024-09-17T13:47:42Z,2024-09-17T13:47:42Z
UgyycaTHC78kuORS3E94AaABAg,,False,@lolypop627,So cute,2,2024-09-17T13:47:41Z,2024-09-17T13:47:41Z
UgyfEtQCUuYK2jYjEzN4AaABAg,,False,@DanicaHayes-DH10,I.N CUTIEEEE,1,2024-09-17T13:47:35Z,2024-09-17T13:47:35Z
UgyIis35JHf-ayWmgZN4AaABAg,,False,@In_124,너무 귀엽다🥺❤️,2,2024-09-17T13:47:28Z,2024-09-17T13:47:28Z
UgyRkrry5A4n1OLwNah4AaABAg,,False,@itzyantisiyim,All I have to say is they are really cute.,6,2024-09-17T13:47:18Z,2024-09-17T13:47:18Z
Ugy-aG_UhApXDkVrkHZ4AaABAg,,False,@SetayeshJafari-s4p,So cute,0,2024-09-17T13:47:18Z,2024-09-17T13:47:18Z
Ugy2lePYARHqcxXqMdF4AaABAg,,False,@محمدرياض-ر3ل,خدود هان 😭❤️‍🔥,0,2024-09-17T13:47:15Z,2024-09-17T13:47:15Z
UgxIW88sGAj3KF3t3Lh4AaABAg,,False,@ReginaLovelly,so cute❤,0,2024-09-17T13:46:58Z,2024-09-17T13:46:58Z
Ugz5Je5Mp3H3lQBk0ch4AaABAg,,False,@nahomifuertes4360,MI SUEÑOOO,0,2024-09-17T13:46:54Z,2024-09-17T13:46:54Z
UgxLEcq_a5rrkhJaUVB4AaABAg,,False,@k-pop.fan.love.88,"ok, google, how to become I.N 😂.",0,2024-09-17T13:46:51Z,2024-09-17T13:46:51Z
UgydMeZgo4yg9MUkeSR4AaABAg,,False,@Laurajimenez-ec3vp,❤❤❤❤❤,1,2024-09-17T13:46:43Z,2024-09-17T13:46:43Z
UgzGg6Q6_D-nel6WgLt4AaABAg,,False,@jeonginee,CUTIEEE JEONGSUNG❤,3,2024-09-17T13:46:43Z,2024-09-17T13:46:43Z
Ugzccc44KU3P5ErqNth4AaABAg,,False,@محمدرياض-ر3ل,لحقت 😂😂,0,2024-09-17T13:46:27Z,2024-09-17T13:46:27Z
UgwRDeK--9iExeBxpAp4AaABAg,,False,@Pelinmisimaw,The sound of water in the background and this duo are so relaxing,1,2024-09-17T13:46:10Z,2024-09-17T13:46:10Z
Ugxx-0vo9_oh4lcFKjx4AaABAg,,False,@lolastayarmy9509,😂😂😂jisung face cute ❤❤ i.n be like this is my time 😈👻😭😭😭 both of them so cute ❤❤,0,2024-09-17T13:46:06Z,2024-09-17T13:46:06Z
Ugy56SWfMDSFNdB7xud4AaABAg,,False,@fardausjahan2309,HAN AND I.N IS SO CUTE ABD THEM TOGETHER IS EVEN CUTER ❤❤❤,1,2024-09-17T13:45:53Z,2024-09-17T13:45:53Z
Ugzp4DWxTwd1BWxLECF4AaABAg,,False,@javii1958,"I love how it's always I.N and Han doing these cuteness overloaded videos 😭😭
Ps: Innie doing what i wanna do to Hannie's cheeks 😭😭",13,2024-09-17T13:45:51Z,2024-09-17T13:45:51Z
UgxATPu141byzGYJHZV4AaABAg,,False,@andressasantos9121,SO CUTE,0,2024-09-17T13:45:49Z,2024-09-17T13:45:49Z
UgzjJVDUV6zCFyA7U-x4AaABAg,,False,@rainrainpurple,OMG 44min ago! Han and maknae always so cuteee,0,2024-09-17T13:45:46Z,2024-09-17T13:45:46Z
UgxSiOpbINW8anJ_ZzB4AaABAg,,False,@Hachi_n,hen is so cute,0,2024-09-17T13:45:45Z,2024-09-17T13:45:45Z
UgwLgDr_yfRFkU-aUNF4AaABAg,,False,@merrymekk-pd2bg,HAN and I.N are so cute and sweet 💖🥰,11,2024-09-17T13:45:13Z,2024-09-17T13:45:13Z
Ugw_HOo2EkIKqGnG8DZ4AaABAg,,False,@Sara_cohen,😊❤,0,2024-09-17T13:45:13Z,2024-09-17T13:45:13Z
Ugx-u13aXDVEoPUpWZ54AaABAg,,False,@aYdaskjdn,Lovely I.N and hanni,4,2024-09-17T13:45:06Z,2024-09-17T13:45:06Z
UgyglAbqGCQwXj3QClN4AaABAg,,False,@della597,Cheeks ❤❤,0,2024-09-17T13:45:03Z,2024-09-17T13:45:03Z
UgylOq8o2jHKg5A0uBR4AaABAg,,False,@Lily_cute859,so cute,1,2024-09-17T13:45:02Z,2024-09-17T13:45:02Z
Ugz1lA8yENATLlWWh1B4AaABAg,,False,@anggunrizki2704,Meleleh hatiku melihat senyum siberondong I.N 😣😭🤏😍,0,2024-09-17T13:44:45Z,2024-09-17T13:44:45Z
UgyV4jEvOz6DjpA-OWZ4AaABAg,,False,@みつき-h1e,"ハンちゃんの目とか顔の動きが、もう小動物のそれでしかない😂
めっちゃ可愛い❤",8,2024-09-17T13:44:40Z,2024-09-17T13:44:40Z
UgwfUNSra77NgmBMoz54AaABAg,,False,@missrandomistic7,Han's face !!! OMG HE IS ADORALE 😭❤,9,2024-09-17T13:44:35Z,2024-09-17T13:44:35Z
Ugz2B-paSNvVf4MZhhR4AaABAg,,False,@anel88,美味しい非常食が詰まってるに違いない🤭🐿️🌕,10,2024-09-17T13:44:31Z,2024-09-17T13:44:31Z
Ugx6r2Qc7KtFywSgn_d4AaABAg,,False,@jsxwias,jeongiiinnn 😭🎀☝,0,2024-09-17T13:44:30Z,2024-09-17T13:44:30Z
UgyfCQDlw4ywnafA3154AaABAg,,False,@Suki_Okawa._.Official,I. N:llego mi hora Han:😐,1,2024-09-17T13:44:23Z,2024-09-17T13:44:23Z
Ugx44-cjN4_ZvnZA9V54AaABAg,,False,@ceyda-y2b,I don't know why but this couple makes me happy.,90,2024-09-17T13:44:21Z,2024-09-17T13:44:21Z
Ugx44-cjN4_ZvnZA9V54AaABAg.A8UoN5giC3_A8UpAM9cSfF,Ugx44-cjN4_ZvnZA9V54AaABAg,True,@minhoulticim,me too,3,2024-09-17T13:51:21Z,2024-09-17T13:51:21Z
Ugx44-cjN4_ZvnZA9V54AaABAg.A8UoN5giC3_A8UtaI-8iqX,Ugx44-cjN4_ZvnZA9V54AaABAg,True,@sognd_in_real_life,It's better to call it a duo or racha,5,2024-09-17T14:29:59Z,2024-09-17T14:29:59Z
Ugx44-cjN4_ZvnZA9V54AaABAg.A8UoN5giC3_A8VYjTpYqo1,Ugx44-cjN4_ZvnZA9V54AaABAg,True,@vqlezxo,itd not a couple,1,2024-09-17T20:38:14Z,2024-09-17T20:38:14Z
Ugx44-cjN4_ZvnZA9V54AaABAg.A8UoN5giC3_A8u8cQQzfUf,Ugx44-cjN4_ZvnZA9V54AaABAg,True,@naiiiomiii,@@vqlezxoa couple as different meanings,0,2024-09-27T19:10:20Z,2024-09-27T19:10:20Z
Ugx44-cjN4_ZvnZA9V54AaABAg.A8UoN5giC3_AG9epfae5AH,Ugx44-cjN4_ZvnZA9V54AaABAg,True,@atonversionschanel9650,That’s ain’t no couple😂😂😂😂,0,2025-03-27T04:48:06Z,2025-03-27T04:48:06Z
UgyUUTD9NX5GSjxgUb94AaABAg,,False,@SoniaAredes-r5j,😢😮😢😅😊😊😊😂😂😊❤❤❤❤❤❤❤❤❤❤❤❤❤❤❤❤,0,2024-09-17T13:44:15Z,2024-09-17T13:44:15Z
UgwPoGndPPKh871Fpat4AaABAg,,False,@Dool_silly_143,They're so cute ❤❤ luv this duo smm,0,2024-09-17T13:44:15Z,2024-09-17T13:44:15Z
Ugz9Uqosloqx1SAdyGN4AaABAg,,False,@CeylinErkus,Hans so cutee,0,2024-09-17T13:44:12Z,2024-09-17T13:44:12Z
UgzXEtwEvMJnM-vrSTV4AaABAg,,False,@Lee_Knowwwwww,They are so cutee😭❤️❤️,0,2024-09-17T13:44:01Z,2024-09-17T13:44:01Z
Ugw2w-_cfAUojrN6PNB4AaABAg,,False,@pokahon-y9g,無反応オモロッッ😂😂😂,2,2024-09-17T13:43:44Z,2024-09-17T13:43:44Z
UgyTjKpKN3hNbG3dZbd4AaABAg,,False,@della597,Ppoppozz so cuteeee😂,0,2024-09-17T13:43:30Z,2024-09-17T13:43:30Z
UgwUE7Wbac9ciWFSJlt4AaABAg,,False,@ElieteMaria-r1i,Lindo,0,2024-09-17T13:43:29Z,2024-09-17T13:43:29Z
UgxWw-ydVsHMrDlz-jR4AaABAg,,False,@titanickurucusu,She has a sweetness blessed by the gods,6,2024-09-17T13:43:29Z,2024-09-17T13:43:29Z
Ugy1xzdTm3CgT3UtUJV4AaABAg,,False,@liluguoh,cute,0,2024-09-17T13:42:50Z,2024-09-17T13:42:50Z
UgycFsbqrYnnpqBgSQ94AaABAg,,False,@에나미_레이,I.N is really cute😭❤️,10,2024-09-17T13:42:24Z,2024-09-17T13:42:24Z
UgycFsbqrYnnpqBgSQ94AaABAg.A8Uo8pdbUsMA8Up83G9zxX,UgycFsbqrYnnpqBgSQ94AaABAg,True,@minhoulticim,yessss,2,2024-09-17T13:51:02Z,2024-09-17T13:51:02Z
UgzKqzBZf-vXUuZ1iVR4AaABAg,,False,@elsapodiondo4378,Yo queria con Hyunjin pero me vale 😚,0,2024-09-17T13:42:20Z,2024-09-17T13:42:20Z
UgxpvcezatNy5CKWFZR4AaABAg,,False,@Kath_mee,41 минуту назад 🎉🎉🎉🎉❤❤❤❤,0,2024-09-17T13:42:03Z,2024-09-17T13:42:21Z
UgwNk_PcMheJ04tuTtl4AaABAg,,False,@G-IDLES,MANKAE,0,2024-09-17T13:42:03Z,2024-09-17T13:42:03Z
Ugw0cQ0bsvmQhPaMnnR4AaABAg,,False,@BangchansULTRAfartinhaler,THIS IS SO CUTE OMGGG,0,2024-09-17T13:41:34Z,2024-09-17T13:41:34Z
UgxdQCmCIh5MWR_oM-54AaABAg,,False,@ponyatnotigey,"ХАЭЭМЭКХКХК Я ПОМНЮ КАК Я ПИСАЛА, ЧТОБЫ ДЖИСОНЧИК ЭТО СНЯЛ🧑🏿‍🦲😭",0,2024-09-17T13:41:15Z,2024-09-17T13:41:15Z
UgyU8bAa3_5yclbgDOV4AaABAg,,False,@kpopinmyhands,cute ❤,0,2024-09-17T13:40:59Z,2024-09-17T13:40:59Z
UgyPfqGf29NIunfdIvB4AaABAg,,False,@Changbiningotu1912,그룹에서 가장 귀여운 멤버❤,1,2024-09-17T13:40:45Z,2024-09-17T13:40:45Z
UgykDy025Qvk-FbN0IZ4AaABAg,,False,@phono5137,ハニ綺麗😍🎉,5,2024-09-17T13:40:43Z,2024-09-17T13:40:43Z
UgzWeOsjqxXWEYInf2V4AaABAg,,False,@J1slull,Oyyss Yicemmm çok tatlısslarr😻🤍,0,2024-09-17T13:40:29Z,2024-09-17T13:40:29Z
UgxPySoybcy9Hbfa_8h4AaABAg,,False,@cnr0118,Jeongin squishing the hamster jeeks hahaha,0,2024-09-17T13:40:21Z,2024-09-17T13:40:21Z
Ugz9O35xyU7kN2QEWfl4AaABAg,,False,@ElenaBrauer,HERE BEFORE 700 COMMENTS ❤,0,2024-09-17T13:40:02Z,2024-09-17T13:40:02Z
UgwEBiTVGoJubOt21Ll4AaABAg,,False,@sugar3106,可愛すぎる😭💗💗💗,2,2024-09-17T13:40:01Z,2024-09-17T13:40:01Z
UgweaGMbY8_8Hs7YUgJ4AaABAg,,False,@minhoulticim,"For some reason, when I see the maknae, I feel joy",13,2024-09-17T13:40:00Z,2024-09-17T13:40:00Z
Ugxtvt5_biK2gswjXrN4AaABAg,,False,@kellykretzmann3737,Meu mas que meninos mais fofos ❤,0,2024-09-17T13:39:51Z,2024-09-17T13:39:51Z
UgyHewWbwhCMxJW40Fl4AaABAg,,False,@FarhaZaman-w4y,"Jeongin  is  so  cute  and  handsome  
And  Jeongin  Do  you  like  ENHYPEN  
Please please please please 
Reply  please  please  please  reply 
I  am  stay
💗💗💗💗💗🩷🩷🩷🩷🩷💖💖💖💖💖💖💖❤️❤️❤️❤️❤️❤️❤️❤️",1,2024-09-17T13:39:46Z,2024-09-17T13:39:46Z
UgyT8EnhjiBfw0fehu54AaABAg,,False,@Shexy_mee,❤❤❤,0,2024-09-17T13:39:13Z,2024-09-17T13:39:13Z
UgzDF6DCwREo27b-9cd4AaABAg,,False,@gungunthakur6374,I cant anymore their cuteness is overflowing out of my phone 😂,2,2024-09-17T13:39:06Z,2024-09-17T13:39:06Z
UgxhtiNSNVQkxgKvyxF4AaABAg,,False,@keyksz,JEONGSUNG 💗😭,0,2024-09-17T13:38:58Z,2024-09-17T13:38:58Z
UgxHSb-vMrHBUSA3tol4AaABAg,,False,@Darkremant,So cute❤❤,0,2024-09-17T13:38:55Z,2024-09-17T13:38:55Z
UgyQV1ieoP-c99yOGwB4AaABAg,,False,@m.bhaskarnaidu2248,"Others:cute and adorable
Changbin: sarcastic",0,2024-09-17T13:38:34Z,2024-09-17T13:38:34Z
UgzArn1ry5xjzLaKo6Z4AaABAg,,False,@민아김-l9f,기여워,0,2024-09-17T13:37:32Z,2024-09-17T13:37:32Z
Ugx74JJ3EXQozMLRDbt4AaABAg,,False,@minhoulticim,These two are really cute,7,2024-09-17T13:36:47Z,2024-09-17T13:36:47Z
Ugwbvpl8eG8SxRebPkN4AaABAg,,False,@Narutozagirl,I'm dying from cuteness 🫠🫠🫠,0,2024-09-17T13:36:40Z,2024-09-17T13:36:40Z
UgxpKu812CI8kKoztDB4AaABAg,,False,@vợiucủaskzvàtxt,Theyre so cute,0,2024-09-17T13:36:35Z,2024-09-17T13:36:35Z
UgyQQl3QEEJc5-i3MLV4AaABAg,,False,@raffaellagafa404,Le super guance di Han 😍🫶. Ma che carini ❤❤❤😊,9,2024-09-17T13:36:32Z,2024-09-17T13:36:32Z
UgyjFWsNbBrlwNC1JSB4AaABAg,,False,@iesmoon,I love you Straykids ❤,0,2024-09-17T13:36:14Z,2024-09-17T13:36:14Z
Ugwcn5rV3dIiwDH5Pjp4AaABAg,,False,@ميميالدوسري-ت6خ,Hannnnn❤❤,0,2024-09-17T13:35:49Z,2024-09-17T13:35:49Z
UgyhXuebQBEcfpg4SAN4AaABAg,,False,@Creamy_moon_sun,I'm reporting them for being soo cuteee 👑😅,5,2024-09-17T13:35:13Z,2024-09-17T13:35:13Z
Ugz1iSEOfZBDzsCKYMB4AaABAg,,False,@yanteamri1506,I.N AND HAN CUTE,5,2024-09-17T13:35:09Z,2024-09-17T13:35:09Z
Ugxo-0Y5tUvMvopAZZB4AaABAg,,False,@nakanoyotsuba698,Two cuties in one short 😭❤,0,2024-09-17T13:35:02Z,2024-09-17T13:35:02Z
UgzFBdRce-GRLIwOfF94AaABAg,,False,@stay_with_skz_4ever,this soooo cuteeeee,0,2024-09-17T13:35:01Z,2024-09-17T13:35:01Z
UgwXoqE6EtgAJvgvcUt4AaABAg,,False,@Zisungg_0,아놔 한지성 ㅠㅠ Day 6 녹아내려요,0,2024-09-17T13:34:59Z,2024-09-17T13:34:59Z
UgwYz1y8PiVL_KXDs6B4AaABAg,,False,@Shiny_MoonSkkrr,This is the sound of Han’s cheeks 🙈 they just so cute,0,2024-09-17T13:34:39Z,2024-09-17T13:34:39Z
UgxWMzrDJRQ_DNLh6ix4AaABAg,,False,@Один-ц2х,❤❤❤такие хорошие❤❤❤,0,2024-09-17T13:34:37Z,2024-09-17T13:34:37Z
UgzeaMCz4R0cjikRX0N4AaABAg,,False,@한지성-m1c,나도 저 볼 만져보고싶다…,0,2024-09-17T13:34:36Z,2024-09-17T13:34:36Z
Ugx1dVFBLylINTJOgk54AaABAg,,False,@SurajKumar-o9r4r,Hi I am dimpal negi from India I love you so much please reply me ❤❤❤,1,2024-09-17T13:34:29Z,2024-09-17T13:34:29Z
Ugy4edDlldcFSyiT8054AaABAg,,False,@HelloXDDDDx,help tehyre so cute😭,0,2024-09-17T13:34:24Z,2024-09-17T13:34:24Z
Ugx3aukEpaInR7J0N2p4AaABAg,,False,@RiyaSingh-wr8cs,Quokka and fox duo is soooo cuteeeee❤❤❤❤❤,3,2024-09-17T13:34:15Z,2024-09-17T13:34:15Z
UgySyQUM1KOE_gkPaYZ4AaABAg,,False,@KaylaneYeon,The JeongSung duo being the cutest of all. I had a genuine smile with this lovely video,10,2024-09-17T13:34:08Z,2024-09-17T13:34:30Z
UgzQWBNegsloO-QDss54AaABAg,,False,@abc_chl,ㄱㅇㅇ,0,2024-09-17T13:34:07Z,2024-09-17T13:34:07Z
UgxdFadlX4Vz3dWXofp4AaABAg,,False,@Leeknowalwaysknows25,I.N is so lucky he gets to squish Han cheeks it so cute ❤,18,2024-09-17T13:34:01Z,2024-09-17T13:34:01Z
Ugz8VPZxQF7i76NX3a14AaABAg,,False,@Yourfav-_-,WE LOVE STRAYKIDS❤,0,2024-09-17T13:33:59Z,2024-09-17T13:33:59Z
Ugx_fjCAnT6UZxgJRtx4AaABAg,,False,@Jeongin.ın2001,Han and Jeongin's cuteness is no joke❤️‍🔥✨🤍🥹,20,2024-09-17T13:33:59Z,2024-09-17T13:33:59Z
Ugx_fjCAnT6UZxgJRtx4AaABAg.A8UnBAlDEIOA8Une_Wa5BC,Ugx_fjCAnT6UZxgJRtx4AaABAg,True,@minhoulticim,yeah,1,2024-09-17T13:38:08Z,2024-09-17T13:38:08Z
Ugyo2igDqHmhrU5bBFN4AaABAg,,False,@Firuzibrahimova,I want to squeeze Jisung's cheeks 🤏🏻💗 it's so cute,1,2024-09-17T13:33:49Z,2024-09-17T13:33:49Z
UgwbkbiBPFyBIJ5VcWN4AaABAg,,False,@SRt-h4u,😭💗💗💗,0,2024-09-17T13:33:33Z,2024-09-17T13:33:33Z
UgxdBI_-SffYihodxOx4AaABAg,,False,@TalinZawitay,Saw kiot🤗🤭,0,2024-09-17T13:33:06Z,2024-09-17T13:33:06Z
UgzqmgAEWx9-yiOnqh14AaABAg,,False,@1.xlilil,Cute,0,2024-09-17T13:32:54Z,2024-09-17T13:32:54Z
UgzO0ptj6UNeC5iPv5V4AaABAg,,False,@yoonna7831,So cute🦊🐿❤,0,2024-09-17T13:32:48Z,2024-09-17T13:32:48Z
UgwQAKiW_WBelQuXUl54AaABAg,,False,@채린백-x8l,"둘다 왜이렇게 귀엽냐 ㅋㅋ 나도 지성이 볼 만져보고싶어 정인아,,ㅋ",9,2024-09-17T13:32:48Z,2024-09-17T13:32:48Z
UgwQAKiW_WBelQuXUl54AaABAg.A8Un2QcjaGbA8UnlSuJRpb,UgwQAKiW_WBelQuXUl54AaABAg,True,@minhoulticim,same,2,2024-09-17T13:39:05Z,2024-09-17T13:39:05Z
UgwU05imQgvWMv9Mat94AaABAg,,False,@ГалинаВеселова-ч4е,😂🎉упс,0,2024-09-17T13:32:42Z,2024-09-17T13:32:42Z
Ugzl_3ueSl8tduOs54p4AaABAg,,False,@miakpopxx,❤❤❤❤❤❤❤❤❤❤❤❤❤❤❤❤❤❤❤❤❤❤❤❤❤❤❤❤❤❤❤❤❤❤❤❤❤❤❤❤❤❤❤❤❤❤❤❤❤❤❤❤❤❤❤❤❤❤❤❤❤❤❤❤❤❤❤❤❤❤❤❤❤❤❤❤❤❤❤❤❤❤❤❤❤❤❤❤❤❤❤❤❤❤❤❤❤❤❤❤❤❤❤❤❤❤❤❤❤❤❤❤❤❤❤❤❤❤❤❤❤❤❤❤❤❤❤❤❤❤❤❤❤❤❤❤❤❤❤❤❤❤❤❤❤❤❤❤❤❤❤❤❤❤❤❤❤❤❤❤❤❤❤❤❤❤❤❤❤❤❤❤❤❤❤❤❤❤❤❤❤❤❤❤❤❤❤❤❤❤❤❤❤❤❤❤❤❤❤❤❤❤❤❤❤❤❤❤❤❤❤❤❤❤❤❤❤❤❤❤❤❤❤❤❤❤❤❤❤❤❤❤❤❤❤❤❤❤❤❤❤❤❤❤❤❤❤❤❤❤❤❤❤❤❤❤❤❤❤❤❤❤❤❤❤❤❤❤❤❤❤❤❤❤❤❤❤❤❤❤❤❤❤❤❤❤❤❤❤❤❤❤❤❤❤❤❤❤❤❤❤❤❤❤❤❤❤❤❤❤❤❤❤❤❤❤❤❤❤❤❤❤❤❤❤❤❤❤❤❤❤❤❤❤❤❤❤❤❤❤❤❤❤❤❤❤❤❤❤❤❤❤❤❤❤❤❤❤❤❤❤❤❤❤❤❤❤❤❤❤❤❤❤❤❤❤❤❤❤❤❤❤❤❤❤❤❤❤❤❤❤❤❤❤❤❤❤❤❤❤❤❤❤❤❤❤❤❤❤❤❤❤❤❤❤❤❤❤❤❤❤❤❤❤❤❤❤❤❤❤❤❤❤❤❤❤❤❤❤❤❤❤❤❤❤❤❤❤❤❤❤❤❤❤❤❤❤❤❤❤❤❤❤❤❤❤❤❤❤❤❤❤❤❤❤❤❤❤❤❤❤❤❤❤❤❤❤❤❤❤❤❤❤❤❤❤❤❤❤❤❤❤❤❤❤❤❤❤❤❤❤❤❤❤❤❤❤❤❤❤❤❤❤❤❤❤❤❤❤❤❤❤❤❤❤❤❤❤❤❤❤❤❤❤❤❤❤❤❤❤❤❤❤❤❤❤❤❤❤❤❤❤❤❤❤❤❤❤❤❤❤❤❤❤❤❤❤❤❤❤❤❤❤❤❤❤❤❤❤❤❤❤❤❤❤❤❤❤❤❤❤❤❤❤❤❤❤❤❤❤❤❤❤❤❤❤❤❤❤❤❤❤❤❤❤❤❤❤❤❤❤❤❤❤❤❤❤❤❤❤❤❤❤❤❤❤❤❤❤❤❤❤❤❤❤❤❤❤❤❤❤❤❤❤❤❤❤❤❤❤❤❤❤❤❤❤❤❤❤❤❤❤❤❤❤❤❤❤❤❤❤❤❤❤❤❤❤❤❤❤❤❤❤❤❤❤❤❤❤❤❤❤❤❤❤❤❤❤❤❤❤❤❤❤❤❤❤❤❤❤❤❤❤❤❤❤❤❤❤❤❤❤❤❤❤❤❤❤❤❤❤❤❤❤❤❤❤❤❤❤❤❤❤❤❤❤❤❤❤❤❤❤❤❤❤❤❤❤❤❤❤❤❤❤❤❤❤❤❤❤❤❤❤❤❤❤❤❤❤❤❤❤❤❤❤❤❤❤❤❤❤❤❤❤❤❤❤❤❤❤❤❤❤❤❤❤❤❤❤❤❤❤❤❤❤❤❤❤❤❤❤❤❤❤❤❤❤❤❤❤❤❤❤❤❤❤❤❤❤❤❤❤❤❤❤❤❤❤❤❤❤❤❤❤❤❤❤❤❤❤❤❤❤❤❤❤❤❤❤❤❤❤❤❤❤❤❤❤❤❤❤❤❤❤❤❤❤❤❤❤❤❤❤❤❤❤❤❤❤❤❤❤❤❤❤❤❤❤❤❤❤❤❤❤❤❤❤❤❤❤❤❤❤❤❤❤❤❤❤❤❤❤❤❤❤❤❤❤❤❤❤❤❤❤❤❤❤❤❤❤❤❤❤❤❤❤❤❤❤❤❤❤❤❤❤❤❤❤❤❤❤❤❤❤❤❤❤❤❤❤❤❤❤❤❤❤❤❤❤❤❤❤❤❤❤❤❤❤❤❤❤❤❤❤❤❤❤❤❤❤❤❤❤❤❤❤❤❤❤❤❤❤❤❤❤❤❤❤❤❤❤❤❤❤❤❤❤❤❤❤❤❤❤❤❤❤❤❤❤❤❤❤❤❤❤❤❤❤❤❤❤❤❤❤❤❤❤❤❤❤❤❤❤❤❤❤❤❤❤❤❤❤❤❤❤❤❤❤❤❤❤❤❤❤❤❤❤❤❤❤❤❤❤❤❤❤❤❤❤❤❤❤❤❤❤❤❤❤❤❤❤❤❤❤❤❤❤❤❤❤❤❤❤❤❤❤❤❤❤❤❤❤❤❤❤❤❤❤❤❤❤❤❤❤❤❤,0,2024-09-17T13:32:29Z,2024-09-17T13:32:47Z
UgzsrSFGsaf1XTAjVpF4AaABAg,,False,@Arely-staaaa,Cute❤❤❤❤❤❤❤❤😊🙆🏻‍♀️🙆🏻‍♀️🙆🏻‍♀️🙆🏻‍♀️🙆🏻‍♀️🦊🐿️,0,2024-09-17T13:32:27Z,2024-09-17T13:32:27Z
UgyE_JnwRjwvIVA0tTF4AaABAg,,False,@CamilaBurgos-v1d,❤️‍🩹😻✨️,0,2024-09-17T13:32:24Z,2024-09-17T13:32:24Z
Ugy5p32KuekCEjlSfF14AaABAg,,False,@_sunshine_kpop,SO CUTENESS❤❤❤❤,0,2024-09-17T13:32:22Z,2024-09-17T13:32:22Z
Ugw4hd_3DWXP1ctJUAR4AaABAg,,False,@aylinmissimm,Han so cute🤍,13,2024-09-17T13:32:20Z,2024-09-17T13:32:20Z
UgxEKYDgCbpRQuMkXKJ4AaABAg,,False,@H0PEFHVLL,31 MIMS AGOO,0,2024-09-17T13:32:12Z,2024-09-17T13:32:12Z
UgwT_f8_79EvSSsChOZ4AaABAg,,False,@samiabouki9690,너무 귀엽다 🥺💖,0,2024-09-17T13:32:07Z,2024-09-17T13:32:07Z
Ugw9brzJQ5ayTJ7-RVN4AaABAg,,False,@shlomibenatar-q4d,❤❤❤❤❤❤❤❤❤❤❤️❤️❤️❤️❤️❤️❤️✨️✨️✨️✨️✨️😍😍😭😭😭,0,2024-09-17T13:31:57Z,2024-09-17T13:31:57Z
UgynRd1IT7mCXUCWHDd4AaABAg,,False,@ZabiSayedo,❤❤❤,0,2024-09-17T13:31:27Z,2024-09-17T13:31:27Z
Ugz73JPiSrRfBTrO5T54AaABAg,,False,@ivalesiya,Боже какой же Джисон красивый😢❤,0,2024-09-17T13:31:17Z,2024-09-17T13:31:17Z
UgwQ9kB8EKlJNomV4154AaABAg,,False,@634-ee6sq,웃음이 저절로 ㅎㅎ,2,2024-09-17T13:31:17Z,2024-09-17T13:31:17Z
UgwJNQGAGALW2JN1j714AaABAg,,False,@Zhanel_sun,LOVE YOU STRAY KIDS,1,2024-09-17T13:30:55Z,2024-09-17T13:32:46Z
UgyeMvyK3vdmod4BIHB4AaABAg,,False,@briseidarociomartinezreyes6563,❤❤❤❤❤❤❤,0,2024-09-17T13:30:55Z,2024-09-17T13:30:55Z
UgxwKDK3hPSSWXaPKH94AaABAg,,False,@Lisa_Felix2715,I Love You Sooo Much Han and I.N❤️❤️❤️❤️❤️❤️❤️❤️❤️❤️❤️❤️❤️❤️❤️❤️❤️❤️❤️❤️❤️❤️❤️❤️❤️❤️❤️❤️❤️❤️❤️❤️❤️❤️❤️❤️❤️❤️❤️❤️❤️❤❤❤❤❤❤❤❤❤❤❤❤❤❤❤❤❤❤❤❤❤❤❤❤❤❤❤❤❤❤❤❤❤❤❤❤❤❤❤❤❤❤❤❤❤❤❤❤❤❤❤❤❤❤❤❤❤❤❤❤❤❤❤❤❤❤❤❤❤❤❤❤❤❤❤❤❤❤❤❤❤❤❤❤❤❤❤❤❤❤❤❤❤❤❤❤❤❤❤❤❤❤❤❤❤❤❤❤❤❤❤❤❤❤❤❤❤❤❤❤❤❤❤❤❤❤❤❤❤❤❤❤❤❤❤❤❤❤❤❤❤❤❤❤❤❤❤❤❤❤❤❤❤❤❤❤❤❤❤❤❤❤❤❤❤❤❤❤❤❤❤❤❤❤❤❤❤❤❤❤❤❤❤❤❤❤❤❤❤❤❤❤❤❤❤❤❤❤❤❤❤❤❤❤❤❤❤❤❤❤❤❤❤❤❤❤❤❤❤❤❤❤❤❤❤❤❤❤❤❤❤❤❤❤❤❤❤❤❤❤❤❤❤❤❤❤❤❤❤❤❤❤❤❤❤❤❤❤❤❤❤❤❤❤❤❤❤❤❤❤❤❤❤❤❤❤❤❤❤❤❤❤❤❤❤❤❤❤❤❤❤❤❤❤❤❤❤❤❤❤❤❤❤❤❤❤❤❤❤❤❤❤❤❤❤❤❤❤❤❤❤❤❤❤❤❤❤❤❤❤❤❤❤❤❤❤❤❤❤❤❤❤❤❤❤❤❤❤❤❤❤❤❤❤❤❤❤❤❤❤❤❤❤❤❤❤❤❤❤❤❤❤❤❤❤❤❤❤❤❤❤❤❤❤❤❤❤❤❤❤❤❤❤❤❤❤❤❤❤❤❤❤❤❤❤❤❤❤❤❤❤❤❤❤❤❤❤❤❤❤❤❤❤❤❤❤❤❤❤❤❤❤❤❤❤❤❤❤❤❤❤❤❤❤❤❤❤❤❤❤❤❤❤❤❤❤❤❤❤❤❤❤❤❤❤❤❤❤❤❤❤❤❤❤❤❤❤❤❤❤❤❤❤❤❤❤❤❤❤❤❤❤❤❤❤❤❤❤❤❤❤❤❤❤❤❤❤❤❤❤❤❤❤❤❤❤❤❤❤❤❤❤❤❤❤❤❤❤❤❤❤❤❤❤❤❤❤❤❤❤❤❤❤❤❤❤❤❤❤❤❤❤❤❤❤❤❤❤❤❤❤❤❤❤❤❤❤❤❤❤❤❤❤❤❤❤❤❤❤❤❤❤❤❤❤❤❤❤❤❤❤❤❤❤❤❤❤❤❤❤❤❤❤❤❤❤❤❤❤❤❤❤❤❤❤❤❤❤❤❤❤❤❤❤❤❤❤❤❤❤❤❤❤❤❤❤❤❤❤❤❤❤❤❤❤❤❤❤❤❤❤,1,2024-09-17T13:30:54Z,2024-09-17T13:30:54Z
UgwqyyHdoeCOkFL0bm94AaABAg,,False,@Blackpearl320,Innie having so much fun lol Han so cute ❤️❤️❤️❤️,1,2024-09-17T13:30:48Z,2024-09-17T13:30:48Z
UgzOk2NdCJzYNw3UHMF4AaABAg,,False,@ChanWq_Benimdir,İ love you STRAY KİDS,0,2024-09-17T13:30:45Z,2024-09-17T13:30:45Z
UgyUFsxkzHmZiwPsIgJ4AaABAg,,False,@luiseduardopereiraferraz4424,❤,0,2024-09-17T13:30:29Z,2024-09-17T13:30:29Z
Ugx3QbOVQRgszCGSChh4AaABAg,,False,@fouziashahid1527,Cutieeee❤,1,2024-09-17T13:30:28Z,2024-09-17T13:30:28Z
UgxJy45fk-ypPBsf0314AaABAg,,False,@Skz_stay837,AWWWWWWW,0,2024-09-17T13:30:13Z,2024-09-17T13:30:13Z
Ugyfj-MUHT6KDzbLz7V4AaABAg,,False,@V_V_gojo,HAN-AHHHHHH 🥺🥺🥺🥺🥺🥺🥺,1,2024-09-17T13:30:08Z,2024-09-17T13:30:08Z
Ugxa8JMIU0w9Dzisjzd4AaABAg,,False,@jasminaabdikadir1973,Isn't this kiss duo ❤,2,2024-09-17T13:30:02Z,2024-09-17T13:30:02Z
UgwyKCl--7dlMgiuk754AaABAg,,False,@LaouaraouadiKamel,❤❤❤❤😂😂😂😂😂,0,2024-09-17T13:29:53Z,2024-09-17T13:29:53Z
UgyA0oZDyOkkFv_3JVB4AaABAg,,False,@karyout30,CUUUTTTEEE!  Hans cheeks are so squishy.☺️,7,2024-09-17T13:29:50Z,2024-09-17T13:29:50Z
UgyUTgmnNcR9LVnVHDx4AaABAg,,False,@망함개,한지성 멍때릴때 나오는 멍청미 가득한 표정이 좋음,45,2024-09-17T13:29:48Z,2024-09-17T13:29:48Z
UgxjKCuYSv0CyTNP3Il4AaABAg,,False,@ΒΑΓΓΕΛΗΣΣΥΓΓΕΛΑΚΗΣ,CUTIESSS,0,2024-09-17T13:29:41Z,2024-09-17T13:29:41Z
UgzhPW3QpD9c05-5GGF4AaABAg,,False,@Sonya-c6j,"HAN TRIES SO HARD NOT TO SMILE FOR THE CAMERAS IT'S SO FUNNY!! THEY ARE SO CUTE, HAPPY BELATED BIRTHDAY TO OUR HANDSOME QUOKKA 💗🐿️",8,2024-09-17T13:29:38Z,2024-09-17T13:29:38Z
UgxQwWmetHbHLpQ4McF4AaABAg,,False,@Naslty_7,Cuteee😭😭😭💗💗,0,2024-09-17T13:29:37Z,2024-09-17T13:29:37Z
UgyjOMT1CitI1J_wEw14AaABAg,,False,@JennieKim-ys3cx,😂😍😍😍🎀❤️❤️🐿️,0,2024-09-17T13:29:32Z,2024-09-17T13:29:32Z
UgyhjETJC99JUypO7Xd4AaABAg,,False,@jasminaabdikadir1973,"Han so cute his cheeks, facial expressions and everything about him i wanna adopt him pls ❤",9,2024-09-17T13:29:31Z,2024-09-17T14:11:44Z
Ugw391osPEh87HzvZo14AaABAg,,False,@Mafer2212,Yo también quiero ♥️😭,1,2024-09-17T13:29:26Z,2024-09-17T13:29:26Z
Ugw391osPEh87HzvZo14AaABAg.A8Umer1zlO4A8VRMSVnsbd,Ugw391osPEh87HzvZo14AaABAg,True,@AIRISSHARITHANDRIOLIFREYLE,Hay pero cuando lee know mire el video la que se le va a formar a Han ☠️,0,2024-09-17T19:33:47Z,2024-09-17T19:33:47Z
UgysRVOCd4UaIZZT8up4AaABAg,,False,@minholee2669,babys,0,2024-09-17T13:29:10Z,2024-09-17T13:29:10Z
UgxiZHF33OHXws_rrrx4AaABAg,,False,@Jazzy_luvs_skz,Cuties!!!!!✨✨🪿🥰,0,2024-09-17T13:29:02Z,2024-09-17T13:29:02Z
UgwGzZa9jFb6oMzKdlt4AaABAg,,False,@Linstayy,Han and Jeongin looks so cuteeeeeeee,0,2024-09-17T13:29:01Z,2024-09-17T13:29:01Z
Ugwy1v2qwonxbOGuUX94AaABAg,,False,@Jeongin.ın2001,Maknea soo cuteee💗,6,2024-09-17T13:28:38Z,2024-09-17T13:28:38Z
Ugz15sDI4BT6-pR813F4AaABAg,,False,@cheonsa_al99,Kiyowoooo!,0,2024-09-17T13:28:32Z,2024-09-17T13:28:32Z
UgzT-YxzD8F5cUvYGv54AaABAg,,False,@Amo_elk-pop,I love han❤️,0,2024-09-17T13:28:28Z,2024-09-17T13:28:28Z
UgxbNRag16PfsL5nMqh4AaABAg,,False,@trini86,Cuties❤,0,2024-09-17T13:28:25Z,2024-09-17T13:28:25Z
UgyPoqa_O4ACA3Ak2yJ4AaABAg,,False,@알콩-g8y,귀여워 ㅜㅜㅜㅜ,0,2024-09-17T13:28:21Z,2024-09-17T13:28:21Z
Ugzvatm2KbFLrnELo2J4AaABAg,,False,@AestheticMonster385,"Han's face looks like a babygirl💗
Happy CHUSEOK 🤍",11,2024-09-17T13:28:12Z,2024-09-17T13:28:12Z
UgwR0Mkp9MrKK8_JIJB4AaABAg,,False,@Aguss_aguett,Ay se ven tan tiernos han y yang jeongin son un amor 💗💗🙈,2,2024-09-17T13:27:51Z,2024-09-17T13:27:51Z
UgyD1_8pnLoRIDyjBsN4AaABAg,,False,@Nabibobetaw,"Udah kan dek, pinjem 😮 🫴",0,2024-09-17T13:27:44Z,2024-09-17T13:27:44Z
UgzED97Bw5qPZK5Q8ql4AaABAg,,False,@하나다-h3s,아이고~아가들아 즉당히 귀여워야지~~ 우얄꼬,2,2024-09-17T13:27:31Z,2024-09-17T13:27:31Z
UgzlkeBM4I8TsN2SNk14AaABAg,,False,@nellzz.3dits,awww they’re so cutesy,0,2024-09-17T13:27:16Z,2024-09-17T13:27:16Z
UgxAEZ4SDy9vMIm2xKl4AaABAg,,False,@МөнхцэцэгБалдиржанцан,So cute ❤❤❤❤,0,2024-09-17T13:27:09Z,2024-09-17T13:27:09Z
Ugw_5MazRJiNPci8P5V4AaABAg,,False,@stayzyyy,❤❤❤❤,0,2024-09-17T13:27:03Z,2024-09-17T13:27:03Z
UgwXLOQ2uYggEXVKuVx4AaABAg,,False,@uiy_xz7.028,ポッポズ最高！！もちもちハニきゃわ！！つんつんイエニ癒！！,11,2024-09-17T13:26:57Z,2024-09-17T13:26:57Z
UgyrmlS2xinX_pcCqrt4AaABAg,,False,@chichan.sakura,"なんだこのかわいいのは！
ずっと見てられる😂❤✨",13,2024-09-17T13:26:54Z,2024-09-17T13:26:54Z
UgyGD8vr1if5m_zqTPF4AaABAg,,False,@bambibernard7583,So cute lol 😂❤,0,2024-09-17T13:26:31Z,2024-09-17T13:26:31Z
UgwLpJBsN2JMcaPU6jV4AaABAg,,False,@Je0NaN0211,Ahhh they’re so funny and damn cute😂😂🤌🏻😍🔥🔥💗,0,2024-09-17T13:26:31Z,2024-09-17T13:26:31Z
UgyAxK-wSgt-IR9jF1x4AaABAg,,False,@cha-jakim8127,😍❤️‍🔥,0,2024-09-17T13:26:21Z,2024-09-17T13:26:21Z
UgwUbmTO4qup3IfKE9d4AaABAg,,False,@Nad_stay,Can I be Han ???!??!??,0,2024-09-17T13:26:10Z,2024-09-17T13:26:10Z
UgwkyOpJZyyq1nL3F3d4AaABAg,,False,@Asiya-ng5bd,마음에 드는 사람,0,2024-09-17T13:25:46Z,2024-09-17T13:25:46Z
UgzPRJe8YTk0EsszIcF4AaABAg,,False,@kkss2872,웅 애기들 귀여워❤,2,2024-09-17T13:25:38Z,2024-09-17T13:25:38Z
UgwfWCtj5oAxwFAYONx4AaABAg,,False,@Rose_STAY_143,Hahaha cutiess 🥰🥰🥰🥰,0,2024-09-17T13:25:23Z,2024-09-17T13:25:23Z
UgxzO0tNPcqgWBPGv6d4AaABAg,,False,@woahokay1512,Im DYING this is so wholesome❤,0,2024-09-17T13:25:21Z,2024-09-17T13:25:21Z
UgzJCvsO2nGsmX784Ep4AaABAg,,False,@kpop_0001-z6e,All videos so funny🤣🤣🤣🤣,0,2024-09-17T13:24:51Z,2024-09-17T13:24:51Z
Ugzr0ZcHnDBp2F32f1Z4AaABAg,,False,@doolsetnet.000,I LOVE YOU HAN AND I.N ❤❤❤❤❤❤❤❤❤❤❤❤❤❤❤❤❤❤❤,0,2024-09-17T13:24:46Z,2024-09-17T13:25:17Z
UgzTfUtmWp4TblFOGzZ4AaABAg,,False,@ZabiSaye,i.n han❤❤,0,2024-09-17T13:24:42Z,2024-09-17T13:24:42Z
UgwZSJJbFidK8pZApSB4AaABAg,,False,@danielasassa4710,I.n. e il suo sorriso.....,1,2024-09-17T13:24:31Z,2024-09-17T13:24:31Z
UgzNMl_HeU0G9ugs7bp4AaABAg,,False,@Yongbokbenimgüneşışığım,Yıllardır yapmak istediğim şeyi yaptı🤧,0,2024-09-17T13:24:25Z,2024-09-17T13:24:25Z
UgzYEeLhrehENYKfFhF4AaABAg,,False,@sushasherlythomasthomas,Foxiny and Quokka . Adorable duo!!,0,2024-09-17T13:24:21Z,2024-09-17T13:24:21Z
Ugw0f-9AUXyOv_vkw394AaABAg,,False,@kpop_0001-z6e,🤣🤣🤣🤣🤣🤣🤣🤣🤣🤣🤣🤣🤣🤣🤣🤣🤣🤣🤣🤣🤣,0,2024-09-17T13:24:14Z,2024-09-17T13:24:14Z
UgwMZiUz_mqMtmBvul14AaABAg,,False,@SheraYann,NAHNHH WE WANNA PINCH IT TOO😭🫶🏻,0,2024-09-17T13:24:13Z,2024-09-17T13:24:13Z
Ugz-MEN1zazFLBmDAtN4AaABAg,,False,@rapbetterdancebetter3106,Mi sueño es tocar esas mejillss❤,0,2024-09-17T13:24:06Z,2024-09-17T13:24:06Z
Ugznqj1zaSu6zoIucwJ4AaABAg,,False,@よことん-p9c,"もちもち🍡のほっぺだね。触ってみたいな。
(^-^)〜♡",0,2024-09-17T13:24:02Z,2024-09-17T23:40:13Z
UgwZe9wzb_GdROlGYgJ4AaABAg,,False,@ValentinaBergelino,"Seungmin your smile is the BEST!!❤🥺🤏😻
I want your smile for MEEE!!!!💕💞
(I am waiting for your b-day live 👀)",0,2024-09-17T13:23:55Z,2024-09-17T13:23:55Z
UgykPx8zVRaMN67nehh4AaABAg,,False,@Lee_know_for_me,왤케 귀엽냐 🥹🫶🏻,9,2024-09-17T13:23:49Z,2024-09-17T13:23:49Z
UgzSyvko__ST6BTHxEt4AaABAg,,False,@aber8in238in,I love you I. N,3,2024-09-17T13:23:48Z,2024-09-17T13:23:48Z
UgzIKCe4RWX0qnjo7hp4AaABAg,,False,@Minsung_realll,"The sweetest person I've ever seen, so cutee❤",2,2024-09-17T13:23:44Z,2024-09-17T13:23:44Z
UgxsnqsHbiIcHQ95C054AaABAg,,False,@yh-sisi-xh,와 지성이 너무 귀여운데 이엔이가 눈웃음으로 날 홀린다ㅠㅠ❤️❤️,0,2024-09-17T13:23:41Z,2024-09-17T13:23:41Z
UgyA5L0rLyLa6bnC9v14AaABAg,,False,@nilclk6036,❤❤❤❤❤❤,1,2024-09-17T13:23:34Z,2024-09-17T13:23:34Z
Ugym7yaYm9Ujsurt9sB4AaABAg,,False,@Elsa-u7m,Hans is so cute and i.ns smile is so cute too IAM going to cry their so cuteeeeeeeeee 😭😭,0,2024-09-17T13:23:02Z,2024-09-17T13:23:02Z
UgxZTQK0LtdmirqWkuN4AaABAg,,False,@zehrainsel9022,❤ÇOK TATLISINIZ❤❣️❤️❣️❤️❣️TÜRKİYEDEN SELAM🇹🇷🇹🇷🇹🇷🇹🇷🇹🇷🇹🇷🇹🇷🇹🇷❤️🇰🇷🇰🇷🇰🇷🇰🇷🇰🇷🇰🇷🇰🇷🇰🇷,1,2024-09-17T13:22:58Z,2024-09-17T13:22:58Z
UgzQD_O6Mf7bYHgJ5YB4AaABAg,,False,@YUKI_SAN_OFFICIAL,SOO CUTEE WAAAA🫶,0,2024-09-17T13:22:51Z,2024-09-17T13:22:51Z
Ugw5Is0tMPfoHILlNTV4AaABAg,,False,@jisungsboyfriendknow,"Hey it sounds like a spoiler to something ngl, in each video they're doing it differently. I wonder what it means...",2,2024-09-17T13:22:47Z,2024-09-17T13:22:47Z
Ugw5Is0tMPfoHILlNTV4AaABAg.A8Ulu5fpth3A8UmS9WxlC2,Ugw5Is0tMPfoHILlNTV4AaABAg,True,@jisungsboyfriendknow,2 🤏 2 👈,2,2024-09-17T13:27:34Z,2024-09-17T13:27:34Z
UgxpN1WcxcbqaYy8cap4AaABAg,,False,@ValentinaBergelino,Han cheeks are SO cute! 🥺🤏,0,2024-09-17T13:22:39Z,2024-09-17T13:22:39Z
Ugw3nvZGv6dDiCWNlHZ4AaABAg,,False,@dearjevngin,save han 😭,0,2024-09-17T13:22:38Z,2024-09-17T13:22:38Z
UgxnlUhDV3i0q9t_c7t4AaABAg,,False,@idontknow14331,I love this duoooo,0,2024-09-17T13:22:34Z,2024-09-17T13:22:34Z
UgyvuJkPcPQRV54QMjR4AaABAg,,False,@MariaFernandaSanchez-oq1ew,Ooooh very cute ❤,0,2024-09-17T13:22:15Z,2024-09-17T13:22:15Z
UgxfYE0qUYodEUKBxx94AaABAg,,False,@dynamıtekiwihwang,two cute baby,1,2024-09-17T13:22:05Z,2024-09-17T13:22:05Z
UgxLf7JM3ZUOSIKfFR54AaABAg,,False,@loveforwony3,"EARLY OUR BABIES TOGBETHERER
ER",0,2024-09-17T13:21:59Z,2024-09-17T13:21:59Z
UgznTApUMXns6Pa-RbJ4AaABAg,,False,@flowerlover3575,Such cutie,0,2024-09-17T13:21:59Z,2024-09-17T13:21:59Z
Ugz661_Uqoo7Z86VTUx4AaABAg,,False,@kpop_love-m7r,"Какой красивый Айен и Хан Джисон, они милашки ❤❤❤",1,2024-09-17T13:21:51Z,2024-09-17T13:21:51Z
UgzR7yKKhKABwBdTcbF4AaABAg,,False,@Jisung-z0h,Han🤌🤌🤌🤌🐿🐿🐿🐿🫶🫶🫶🫶🫶💥❤️‍🔥,1,2024-09-17T13:21:42Z,2024-09-17T13:21:42Z
Ugxfg5rWLLCbzWIGMnJ4AaABAg,,False,@idontknow14331,Han’s cuteness and I.N cuteness fits this concept for sure,9,2024-09-17T13:21:38Z,2024-09-17T13:21:38Z
UgwIOfETzhwn8GRu72Z4AaABAg,,False,@hani_5172,나도 한이 볼따구 조물조물 콕 콕 하고싶댜규🫠,0,2024-09-17T13:21:11Z,2024-09-17T13:21:11Z
Ugzm26qlo2PWsDOZVbl4AaABAg,,False,@ゃぎ_123,可愛すぎる…🥹🥹,0,2024-09-17T13:21:10Z,2024-09-17T13:21:10Z
UgzNnn1iO3L27Atllax4AaABAg,,False,@luvshannie,HANNIES CUTE FACE ❤❤,0,2024-09-17T13:21:09Z,2024-09-17T13:21:09Z
UgzJMD_MTR50yYjqCVZ4AaABAg,,False,@ЛиксиОЛайонс,So cute ❤,0,2024-09-17T13:21:06Z,2024-09-17T13:21:06Z
UgxoqZbEqbEsfeEw9Bl4AaABAg,,False,@Cat_astrophey_lol,Cuties,0,2024-09-17T13:20:58Z,2024-09-17T13:20:58Z
UgzrYUWgoP7sRBeNSV94AaABAg,,False,@HasmetliStay,Jisung can I bite your cheeks?,0,2024-09-17T13:20:58Z,2024-09-17T13:20:58Z
UgzQaIbJbd5E7ncaGkF4AaABAg,,False,@TutkusChannel,So cute❤,1,2024-09-17T13:20:46Z,2024-09-17T13:20:46Z
Ugyo6gQwadptskXqQLh4AaABAg,,False,@HyunjinHwang-STAYbymyside,AWWWWW❤❤❤❤❤❤❤,1,2024-09-17T13:20:26Z,2024-09-17T13:20:26Z
Ugxw5biWa_xnWWDiieV4AaABAg,,False,@NasreenaP-j3t,OMG they are so cute 🥺🥰 SKZ FOREVER ❤,2,2024-09-17T13:20:12Z,2024-09-17T13:20:12Z
UgyyMpzTdDvZicNKYjR4AaABAg,,False,@valerie_ivanna2993,SO FREAKING CUTEEE 😭😭,0,2024-09-17T13:20:04Z,2024-09-17T13:20:04Z
UgwQrYRpexd3ua_ousl4AaABAg,,False,@sky.1604,Apaansii lucu bangetttt😆😆😆,0,2024-09-17T13:19:53Z,2024-09-17T13:19:53Z
Ugwm3nnD8pNCJqX7u194AaABAg,,False,@Adiana-13,Han face ahhhhhh,1,2024-09-17T13:19:53Z,2024-09-17T13:19:53Z
Ugzdo3ZNaYdPgj1pUaJ4AaABAg,,False,@darorong,자 이제 누가 막내죠?,0,2024-09-17T13:19:48Z,2024-09-17T13:19:48Z
UgxigM8IETKTXZbnXb94AaABAg,,False,@Adnoka,"Cara, porque tão fofos??? Ah que lindinho! Adoro de montão!! 💙💜💖💖",0,2024-09-17T13:19:46Z,2024-09-17T13:19:46Z
UgyqirRcvtBmysrte6t4AaABAg,,False,@iSlayQueen-yass,Happy Chuseok everyone!,0,2024-09-17T13:19:26Z,2024-09-17T13:19:26Z
UgyYGFyXtIPLTbzf0St4AaABAg,,False,@Nanh.0125,HAHA THEY ARE CUTE! 😂🎉🎉,1,2024-09-17T13:19:20Z,2024-09-17T13:19:20Z
Ugy3yTNASOMiCZnLOkV4AaABAg,,False,@StayHwangYoonjiha-ot8,Cute 🥰🥰🥰,0,2024-09-17T13:19:13Z,2024-09-17T13:19:13Z
UgxLE3psJd5zRjKAVVx4AaABAg,,False,@198656darkangel,Happy chuseok,0,2024-09-17T13:19:12Z,2024-09-17T13:19:12Z
UgzZ55YM2hftqC9NYLN4AaABAg,,False,@amator_piyanistt,Hello again stray kids❤❤,1,2024-09-17T13:19:02Z,2024-09-17T13:19:02Z
Ugz5DAZeD358CUW3APR4AaABAg,,False,@Yong7784,So cute 😊🥰,0,2024-09-17T13:19:01Z,2024-09-17T13:19:01Z
Ugx0iLtmDVcFcH6sBOp4AaABAg,,False,@juanevandeventer664,Squishy face🥰,2,2024-09-17T13:18:58Z,2024-09-17T13:18:58Z
UgxSP0ypi06fRel7Qud4AaABAg,,False,@Chrishayatımolmuş,They are so cute🩷💓💕,2,2024-09-17T13:18:51Z,2024-09-17T13:18:51Z
Ugz3FwVVBmRw4xRwziZ4AaABAg,,False,@mariant473,Sauuurrrr cute,0,2024-09-17T13:18:24Z,2024-09-17T13:18:24Z
UgyaWXWAP9zGtUn-YDd4AaABAg,,False,@eliferen9025,ısırıcam suratlarını yaa tiplere bakınnnnn,0,2024-09-17T13:18:19Z,2024-09-17T13:18:19Z
UgxdfV_RQNar2qnAdip4AaABAg,,False,@flawless9346,As someone who loves Jeongsung since survival show I'm truly happy to see them together 🐿️🦊,1,2024-09-17T13:18:09Z,2024-09-17T13:18:09Z
Ugzgl14GE3u2jHwQj9h4AaABAg,,False,@lifestylesoftherichandeorzean,Ahhhhh so cute,0,2024-09-17T13:17:55Z,2024-09-17T13:17:55Z
Ugw0CyJuG_Jvn3JwdZB4AaABAg,,False,@DuckMurderer123,Poke poke…,0,2024-09-17T13:17:36Z,2024-09-17T13:17:36Z
Ugw0rHj4viPgCd0Z9-94AaABAg,,False,@Odd_Cinderella,JEEKIES! 😍😍😍😍,0,2024-09-17T13:17:34Z,2024-09-17T13:17:34Z
UgwumjVS0PFDAOM3ced4AaABAg,,False,@БалымшайКенесова,I.N is so cute🥺🤗,2,2024-09-17T13:17:31Z,2024-09-17T13:17:31Z
Ugw2p5Qtc64b2lBiR5F4AaABAg,,False,@DarijaJelic-m9h,YOU GUYS ARE SO CUTE🥹❤,0,2024-09-17T13:17:20Z,2024-09-17T13:17:20Z
Ugyqc6FicAZiG8NtVwd4AaABAg,,False,@Stayforever-x3j,Hannie is ssoooo cute T.T 💓,2,2024-09-17T13:16:56Z,2024-09-17T13:16:56Z
Ugys4No-kGcFAF6txrp4AaABAg,,False,@rumsthatsme,Why are they so cute❤ ❤,0,2024-09-17T13:16:50Z,2024-09-17T13:16:50Z
UgxrjrFMWFIFOevyZF94AaABAg,,False,@MartelHelga,😅😁😁😊👍,0,2024-09-17T13:16:48Z,2024-09-17T13:16:48Z
UgxI6NtwKMkskMeZX0x4AaABAg,,False,@nikolettbaranyi8602,Han so cute ❤❤❤❤,0,2024-09-17T13:16:41Z,2024-09-17T13:16:41Z
UgzAoNULzzbxNDc8xbR4AaABAg,,False,@Cute-k7r1o,Stray kids❤❤❤❤❤❤❤❤,1,2024-09-17T13:16:40Z,2024-09-17T13:16:40Z
Ugx_pGQqaYHgj0w5apF4AaABAg,,False,@ラクとイス,"えええ、まって可愛すぎるて？！
されるがままのハニも好きやし最後にこって笑うイエニも好き💗",0,2024-09-17T13:16:39Z,2024-09-17T13:16:39Z
UgxuTUk0hFs0XxEOuFB4AaABAg,,False,@Twilight5676t,🤍,0,2024-09-17T13:16:15Z,2024-09-17T13:16:15Z
UgyTl1nyeJPItnfxDJd4AaABAg,,False,@aloysialee,wahhhh cute,0,2024-09-17T13:16:09Z,2024-09-17T13:16:09Z
Ugwb1Uys1slY1Xkx1p14AaABAg,,False,@What_shouldIdoTV,아ㅠㅠㅠ귀야우어ㅜㅜㅜ,0,2024-09-17T13:15:55Z,2024-09-17T13:15:55Z
UgxwxLagTTidgbbAxct4AaABAg,,False,@Feliwsq,I love you Stray kids❤,0,2024-09-17T13:15:55Z,2024-09-17T13:15:55Z
Ugx6yL8UjKTo5cuPWo54AaABAg,,False,@MIRA-143,Хомячок такой😊❤😊❤😊😊❤,0,2024-09-17T13:15:49Z,2024-09-17T13:15:49Z
UgxvKY3jvqckl7kxo2l4AaABAg,,False,@Honey-l8p,"ポッポズ可愛い～!!
本当に効果音出そうなハンのほっぺもスクイーズ触る感じのイエナも可愛すぎる…",0,2024-09-17T13:15:31Z,2024-09-17T13:15:31Z
Ugzp31v5Ulgw752ltoF4AaABAg,,False,@avav_vv,Han is so cuteee❤,2,2024-09-17T13:15:31Z,2024-09-17T13:15:31Z
Ugz3NRHsrivLqVebyeJ4AaABAg,,False,@hanianaf,Jeongin j'adore ton sourire 😭😭😭😭😭😭😭😭😭😭😭😭😭❤️❤️❤️❤️❤️❤️❤️❤️❤️❤️❤️❤️❤️❤️❤️❤️❤️❤️❤️❤️❤️❤️❤️,0,2024-09-17T13:15:26Z,2024-09-17T13:15:26Z
UgyY2UUnBZGsiPaRJYN4AaABAg,,False,@jcs0li,ودلبوسييي يتاكلوننن🥹🥹🤏🏻🤏🏻🤏🏻,0,2024-09-17T13:15:25Z,2024-09-17T13:15:25Z
UgwBsNoa9ToXGfCt6ax4AaABAg,,False,@KimUry-f3_stay,(⁠ ⁠ꈍ⁠ᴗ⁠ꈍ⁠)❤,1,2024-09-17T13:15:17Z,2024-09-17T13:15:17Z
UgzYBO-bCGoqmRcobqR4AaABAg,,False,@ivananabaeza,❤❤❤❤❤❤,0,2024-09-17T13:15:14Z,2024-09-17T13:15:14Z
Ugz6gvQo-_1GPOvYw_94AaABAg,,False,@143-skz-ch8s,"God, you are so cute🙂🫠",0,2024-09-17T13:15:08Z,2024-09-17T13:15:08Z
UgwsmCel_lLL9zEYsqR4AaABAg,,False,@Softum-y7x,널 먹을게 넌 너무 달콤해,0,2024-09-17T13:15:08Z,2024-09-17T13:15:08Z
Ugw11FjF00m9yybiJiJ4AaABAg,,False,@Dbdky,우리는 슼둥가족이 필요해요우,0,2024-09-17T13:15:07Z,2024-09-17T13:15:07Z
UgwlRhKFO7ss5uax3Y94AaABAg,,False,@in-s6w,뽀뽀즈 너흰 정말 사랑스러워 ㅈㄴ,0,2024-09-17T13:14:59Z,2024-09-17T13:14:59Z
UgyEi-fC0GmOq4xTu0h4AaABAg,,False,@DianaCechina,So cute❤❤❤,0,2024-09-17T13:14:49Z,2024-09-17T13:14:49Z
UgyJxMgZ5dAJFec31uJ4AaABAg,,False,@vanomano3292,So cute babe I.N and Babe Han 😂💫🦊🌕🐹❤❤,1,2024-09-17T13:14:44Z,2024-09-17T13:14:44Z
UgwHWA9Et_XEt-Lah5d4AaABAg,,False,@KPOPAZE1,Soo cute😻😻🐿🦊,1,2024-09-17T13:14:43Z,2024-09-17T13:14:43Z
UgxD3mOm2_oS8OY2xvt4AaABAg,,False,@feenicks__,he looks like jello 😭🫶,0,2024-09-17T13:14:42Z,2024-09-17T13:14:42Z
UgwMjep5DRjC1ZRcLfF4AaABAg,,False,@hossy-k9h,私もつんつんぷにぷにしたーい❤,2,2024-09-17T13:14:39Z,2024-09-17T13:14:39Z
Ugyv7s2QpAO5cmyJHcF4AaABAg,,False,@soniaigwe3546,No thought behind those eyes 😂,0,2024-09-17T13:14:31Z,2024-09-17T13:14:31Z
Ugyi39qqL0q4wgFNxXp4AaABAg,,False,@Heheheheh-y5m,❤❤❤❤❤,0,2024-09-17T13:14:23Z,2024-09-17T13:14:23Z
UgxZVlSNbgGg4wMJN7Z4AaABAg,,False,@songlyrics91400,너무 귀여워😭❤️,0,2024-09-17T13:14:18Z,2024-09-17T13:14:18Z
UgwcTJfyy56RpqyzZdd4AaABAg,,False,@캐럿-o5o,"아 너무귀여운데?
미치겠네
볼 진짜 말랑말랑
만지고싶다",2,2024-09-17T13:14:16Z,2024-09-17T13:19:57Z
UgyCpa5sZUd9_UENrPV4AaABAg,,False,@ShriyanshiArya,Han's cheek is worth poking,1,2024-09-17T13:14:12Z,2024-09-17T13:14:12Z
UgwdB9Xm0E7AJ4I24sh4AaABAg,,False,@vannevaldeshikariyuka,❤❤❤❤❤,0,2024-09-17T13:14:07Z,2024-09-17T13:14:07Z
UgywvzDO6WIYebVr9qB4AaABAg,,False,@MissVoiceMaster,Han: 😶,0,2024-09-17T13:14:07Z,2024-09-17T13:14:07Z
UgweeFy5cAQLVDOBagN4AaABAg,,False,@riiiaagustin08,😂😂❤✨,0,2024-09-17T13:14:07Z,2024-09-17T13:14:07Z
UgykPiG0plC3kpmGTVx4AaABAg,,False,@xx_hyunjin_skz_xx,i love Han's cheeks and Jeongin's smile at the end🥹🙏🏻❤️,2,2024-09-17T13:14:00Z,2024-09-17T13:14:00Z
Ugz3UpegFR6RUKVdmnV4AaABAg,,False,@Yayaofficial_122,"OMG THE SMILE❤❤❤



AND THE CHUBBY FACE❤❤❤",1,2024-09-17T13:13:59Z,2024-09-17T13:13:59Z
UgyKe8itW0JF_PoxDjh4AaABAg,,False,@3rachanoona999,Cuties❤❤❤❤,0,2024-09-17T13:13:56Z,2024-09-17T13:13:56Z
Ugypm5Tx5lD1wyukJZl4AaABAg,,False,@CherryBlossom-vo3yc,cutee❤,0,2024-09-17T13:13:55Z,2024-09-17T13:13:55Z
Ugx4tHMyFfb_8aSX1WN4AaABAg,,False,@Надійка-ж7л,"Yeeees, i believe all stays want to do the same😅",0,2024-09-17T13:13:41Z,2024-09-17T13:13:41Z
UgzxcbXE28br3Y3suwV4AaABAg,,False,@retaj_stay_143,Cuteeee😭😭!!.. I really can't😂😭💗💗✨!!,0,2024-09-17T13:13:36Z,2024-09-17T13:13:36Z
UgysD-MEV7QXY-mVCeZ4AaABAg,,False,@CristhelRayo-mr2re,"The face for Han is so cuteee, ang Jeongin iguality",0,2024-09-17T13:13:29Z,2024-09-17T13:13:29Z
Ugx33xGgJlszut59PhN4AaABAg,,False,@StayGENEarmyMOA,キョロキョロするハンがかわいすぎる,2,2024-09-17T13:13:22Z,2024-09-17T13:13:22Z
Ugzv1Mz1iGZqNPiBU_54AaABAg,,False,@StaysSlay,No one can resist the jeekies!!!😂,0,2024-09-17T13:13:20Z,2024-09-17T13:13:20Z
UgyQTCRstThW9FYUz_J4AaABAg,,False,@songlyrics91400,Aaahhh I also want to touch Han's cheek 😭😭🐿❤️,6,2024-09-17T13:12:54Z,2024-09-17T13:12:54Z
UgxnkG3agePASXVum1N4AaABAg,,False,@감쟈-u4y,정인이 맨날 귀여움 당하다가 막상 시키니까 멍어색ㅋㅋㅋ,0,2024-09-17T13:12:41Z,2024-09-17T13:12:41Z
UgwKZq9mvIFA3wDk3394AaABAg,,False,@mo_0305,ぷくぷくほっぺのハニかわいーーー！！！！,1,2024-09-17T13:12:36Z,2024-09-17T13:12:36Z
UgwlyRiMSMhMZcBXb9d4AaABAg,,False,@hanjii_021,meus fofinhos 🤍😕☝🏼,0,2024-09-17T13:12:23Z,2024-09-17T13:12:23Z
Ugx92nMfyvhZkXPWeYB4AaABAg,,False,@みらい-c1h,絶対もっちもちなんやろうなぁ、触りたい^^,0,2024-09-17T13:12:06Z,2024-09-17T13:12:06Z
UgzQPlUNtKzYtxY-5fh4AaABAg,,False,@Bloomandstayyy,early,0,2024-09-17T13:12:04Z,2024-09-17T13:12:04Z
UgyrHPK_SHIeZTPTYNB4AaABAg,,False,@awanganghlamzth,The actual Maknae and the Fake Maknae,2,2024-09-17T13:12:02Z,2024-09-17T13:12:02Z
UgwrJUjHPPM3bQyORo94AaABAg,,False,@technologyandbusinesses9904,They are too cute for this world ❤,0,2024-09-17T13:12:01Z,2024-09-17T13:12:01Z
UgzdSqGXepsPRO7fdUB4AaABAg,,False,@wendywong8535,SAUR CUTEEE❤,0,2024-09-17T13:11:43Z,2024-09-17T13:11:43Z
UgyfpYJaaNoXDuM5GJV4AaABAg,,False,@Azearmy-7bts,Han❤♡azestay🇦🇿,0,2024-09-17T13:11:36Z,2024-09-17T13:11:36Z
UgzE3JwKd26qYPHto6p4AaABAg,,False,@Accal1a,These two are so lovely. I'm still not over the EX episodes,0,2024-09-17T13:11:31Z,2024-09-17T13:11:38Z
Ugz-WwOihp97Hdk_pVx4AaABAg,,False,@To4_w,WHO’S HERE BEFORE 10K LIKES}!!?!?!?,0,2024-09-17T13:11:28Z,2024-09-17T13:13:35Z
Ugxum1dkZtUZGCoK2q54AaABAg,,False,@love-nf7zw,イエニの目線に色気を感じるのはなぜだろう⁉︎(〃ω〃),0,2024-09-17T13:11:28Z,2024-09-17T13:11:28Z
Ugx1YqGZGbnSTURw3oF4AaABAg,,False,@C4tloverr.,CUTEEE,0,2024-09-17T13:11:25Z,2024-09-17T13:11:25Z
UgyjRFHdQxt18_4B9aJ4AaABAg,,False,@love-nf7zw,イエニの目線に色気を感じるのはなぜだろう⁉︎(〃ω〃),0,2024-09-17T13:11:23Z,2024-09-17T13:11:23Z
Ugzfe-mLD2As0b_9TNN4AaABAg,,False,@aminalove-n16,그의 뺨은 뭔가 ❤,0,2024-09-17T13:11:21Z,2024-09-17T13:11:21Z
Ugzs_Z0PHjX0WeUxSr94AaABAg,,False,@Taemylifess,Cuteee,0,2024-09-17T13:11:08Z,2024-09-17T13:11:08Z
UgwKQq4fpv1n_Xs1uOd4AaABAg,,False,@stefankranz9954,So cute!❤😊,1,2024-09-17T13:11:07Z,2024-09-17T13:11:07Z
UgziNcn1eGuZAqg1jYp4AaABAg,,False,@shana012,Han's fluffy cheeks🥹🥹☺️🩷🩷🩷💓💓,0,2024-09-17T13:10:55Z,2024-09-17T13:10:55Z
UgzM2itZsrG-Tc0NIJV4AaABAg,,False,@tubyhobby,I guess the real sounds of Hancheeks 🥰,0,2024-09-17T13:10:50Z,2024-09-17T13:10:50Z
Ugzy2_KZ1GFqGQ5hhBJ4AaABAg,,False,@babymonsTV,ℍ𝕀𝕀𝕀𝕀,0,2024-09-17T13:10:44Z,2024-09-17T13:10:44Z
UgzLyZCwKd3iEGk2Bbx4AaABAg,,False,@waves_breaking,숏츠가 안끝남 영원히 난 그저 쥐자님의 말랑쫀득찹쌀콩떡 볼따구를 감상하고 있는거야...,1,2024-09-17T13:10:38Z,2024-09-17T13:10:38Z
UgwzLrkcUnU_HM4yZ8Z4AaABAg,,False,@staysBlink,"Stray Kids는 정말 내 목숨을 구해줬어, 엄마아빠는 날 사랑하지 않아, 난 따돌림을 당해, 몇천번도 겪어봤어, 오직 Stray Kids만을 믿어, 내 삶에 니가 있어서 기뻐, 매일 밤 널 위해 기도해 , 당신을 보면 가슴이 뭉클해집니다.. 당신은 정말 완벽해요. 당신이 내 생명과 많은 사람의 생명을 구했다는 것을 알게 된다면 정말 당신을 사랑하게 될 것입니다..
~From Turkish Stay🇹🇷🇹🇷",0,2024-09-17T13:10:37Z,2024-09-17T13:10:37Z
UgxM60EDefV4agxXX514AaABAg,,False,@staysBlink,"Stray Kids는 정말 내 목숨을 구해줬어, 엄마아빠는 날 사랑하지 않아, 난 따돌림을 당해, 몇천번도 겪어봤어, 오직 Stray Kids만을 믿어, 내 삶에 니가 있어서 기뻐, 매일 밤 널 위해 기도해 , 당신을 보면 가슴이 뭉클해집니다.. 당신은 정말 완벽해요. 당신이 내 생명과 많은 사람의 생명을 구했다는 것을 알게 된다면 정말 당신을 사랑하게 될 것입니다..
~From Turkish Stay🇹🇷🇹🇷",0,2024-09-17T13:10:33Z,2024-09-17T13:10:33Z
UgwdjQXa1d0VdWRSGPx4AaABAg,,False,@NajninSultanaShorna,Han ❤,0,2024-09-17T13:10:30Z,2024-09-17T13:10:30Z
UgwAlTKlW8D8zQIaqbB4AaABAg,,False,@staysBlink,"Stray Kids는 정말 내 목숨을 구해줬어, 엄마아빠는 날 사랑하지 않아, 난 따돌림을 당해, 몇천번도 겪어봤어, 오직 Stray Kids만을 믿어, 내 삶에 니가 있어서 기뻐, 매일 밤 널 위해 기도해 , 당신을 보면 가슴이 뭉클해집니다.. 당신은 정말 완벽해요. 당신이 내 생명과 많은 사람의 생명을 구했다는 것을 알게 된다면 정말 당신을 사랑하게 될 것입니다..
~From Turkish Stay🇹🇷🇹🇷",2,2024-09-17T13:10:27Z,2024-09-17T13:10:27Z
Ugx7JI9Y-wVI1tRP9DJ4AaABAg,,False,@NominOchiroo-z9n,QuokkaHan💖,0,2024-09-17T13:10:23Z,2024-09-17T13:10:23Z
UgyrTJl4QYnf6eOsZ9d4AaABAg,,False,@staysBlink,"Stray Kids는 정말 내 목숨을 구해줬어, 엄마아빠는 날 사랑하지 않아, 난 따돌림을 당해, 몇천번도 겪어봤어, 오직 Stray Kids만을 믿어, 내 삶에 니가 있어서 기뻐, 매일 밤 널 위해 기도해 , 당신을 보면 가슴이 뭉클해집니다.. 당신은 정말 완벽해요. 당신이 내 생명과 많은 사람의 생명을 구했다는 것을 알게 된다면 정말 당신을 사랑하게 될 것입니다..
~From Turkish Stay🇹🇷🇹🇷",0,2024-09-17T13:10:18Z,2024-09-17T13:10:18Z
Ugxi1y75iy8IzrnwTKx4AaABAg,,False,@sarraah_.0,HAN JISUNG YOU'RE AN ANGEL AND I ADORE YOU 😭♥️! I.N'aaaaa YOU SOO CUTE,1,2024-09-17T13:10:11Z,2024-09-17T13:10:11Z
Ugy4J2iyMhlTfS9guiB4AaABAg,,False,@jolus1985,😁cute,0,2024-09-17T13:10:10Z,2024-09-17T13:10:10Z
UgzMPn8XcoRjwBZvF014AaABAg,,False,@staysBlink,"Stray Kids는 정말 내 목숨을 구해줬어, 엄마아빠는 날 사랑하지 않아, 난 따돌림을 당해, 몇천번도 겪어봤어, 오직 Stray Kids만을 믿어, 내 삶에 니가 있어서 기뻐, 매일 밤 널 위해 기도해 , 당신을 보면 가슴이 뭉클해집니다.. 당신은 정말 완벽해요. 당신이 내 생명과 많은 사람의 생명을 구했다는 것을 알게 된다면 정말 당신을 사랑하게 될 것입니다..
~From Turkish Stay🇹🇷🇹🇷",1,2024-09-17T13:10:08Z,2024-09-17T13:10:08Z
UgyIHqLg2L0U5VAbnJJ4AaABAg,,False,@user-bbok-0915,"뽀뽀즈 무해해....,둘 다 너무 귀엽다...❤❤",1,2024-09-17T13:10:07Z,2024-09-17T13:10:07Z
Ugwi9IHkZhoF5ZR9L6t4AaABAg,,False,@staysBlink,"Stray Kids는 정말 내 목숨을 구해줬어, 엄마아빠는 날 사랑하지 않아, 난 따돌림을 당해, 몇천번도 겪어봤어, 오직 Stray Kids만을 믿어, 내 삶에 니가 있어서 기뻐, 매일 밤 널 위해 기도해 , 당신을 보면 가슴이 뭉클해집니다.. 당신은 정말 완벽해요. 당신이 내 생명과 많은 사람의 생명을 구했다는 것을 알게 된다면 정말 당신을 사랑하게 될 것입니다..
~From Turkish Stay🇹🇷🇹🇷",1,2024-09-17T13:10:03Z,2024-09-17T13:10:03Z
Ugz9TNtjX94MAzd1UQF4AaABAg,,False,@staysBlink,"Stray Kids는 정말 내 목숨을 구해줬어, 엄마아빠는 날 사랑하지 않아, 난 따돌림을 당해, 몇천번도 겪어봤어, 오직 Stray Kids만을 믿어, 내 삶에 니가 있어서 기뻐, 매일 밤 널 위해 기도해 , 당신을 보면 가슴이 뭉클해집니다.. 당신은 정말 완벽해요. 당신이 내 생명과 많은 사람의 생명을 구했다는 것을 알게 된다면 정말 당신을 사랑하게 될 것입니다..
~From Turkish Stay🇹🇷🇹🇷",0,2024-09-17T13:09:59Z,2024-09-17T13:09:59Z
UgwDLHzVzJ9yzRDkhRt4AaABAg,,False,@lourdesrogerstay,Both are so cute,0,2024-09-17T13:09:58Z,2024-09-17T13:09:58Z
UgzY3IhRygcebbaOrzV4AaABAg,,False,@Ben_ecooo,Helelelele,0,2024-09-17T13:09:56Z,2024-09-17T13:09:56Z
UgwKcpHl27NjV_hLxHl4AaABAg,,False,@staysBlink,"Stray Kids는 정말 내 목숨을 구해줬어, 엄마아빠는 날 사랑하지 않아, 난 따돌림을 당해, 몇천번도 겪어봤어, 오직 Stray Kids만을 믿어, 내 삶에 니가 있어서 기뻐, 매일 밤 널 위해 기도해 , 당신을 보면 가슴이 뭉클해집니다.. 당신은 정말 완벽해요. 당신이 내 생명과 많은 사람의 생명을 구했다는 것을 알게 된다면 정말 당신을 사랑하게 될 것입니다..
~From Turkish Stay🇹🇷🇹🇷",0,2024-09-17T13:09:54Z,2024-09-17T13:09:54Z
UgwFgJuKl0yk-3hvqaN4AaABAg,,False,@EvaHorvat-rn3tb,omg,0,2024-09-17T13:09:51Z,2024-09-17T13:09:51Z
UgwBE0KqUh99M6mbA-R4AaABAg,,False,@staysBlink,"Stray Kids는 정말 내 목숨을 구해줬어, 엄마아빠는 날 사랑하지 않아, 난 따돌림을 당해, 몇천번도 겪어봤어, 오직 Stray Kids만을 믿어, 내 삶에 니가 있어서 기뻐, 매일 밤 널 위해 기도해 , 당신을 보면 가슴이 뭉클해집니다.. 당신은 정말 완벽해요. 당신이 내 생명과 많은 사람의 생명을 구했다는 것을 알게 된다면 정말 당신을 사랑하게 될 것입니다..
~From Turkish Stay🇹🇷🇹🇷",0,2024-09-17T13:09:48Z,2024-09-17T13:09:48Z
UgzZSYiBOP4EdxCHRDZ4AaABAg,,False,@Darbelzahra,❤❤❤,0,2024-09-17T13:09:44Z,2024-09-17T13:09:44Z
Ugw8_rZKknopWYlondh4AaABAg,,False,@staysBlink,"Stray Kids는 정말 내 목숨을 구해줬어, 엄마아빠는 날 사랑하지 않아, 난 따돌림을 당해, 몇천번도 겪어봤어, 오직 Stray Kids만을 믿어, 내 삶에 니가 있어서 기뻐, 매일 밤 널 위해 기도해 , 당신을 보면 가슴이 뭉클해집니다.. 당신은 정말 완벽해요. 당신이 내 생명과 많은 사람의 생명을 구했다는 것을 알게 된다면 정말 당신을 사랑하게 될 것입니다..
~From Turkish Stay🇹🇷🇹🇷",12,2024-09-17T13:09:44Z,2024-09-17T13:09:44Z
Ugw8_rZKknopWYlondh4AaABAg.A8UkPYRx9sdA8VhrMLrsSZ,Ugw8_rZKknopWYlondh4AaABAg,True,@Beallllly,Sonunda Türk🇹🇷🐺🇹🇷🐺🇹🇷,1,2024-09-17T22:06:42Z,2024-09-17T22:06:42Z
Ugw8_rZKknopWYlondh4AaABAg.A8UkPYRx9sdA8WRCyl131N,Ugw8_rZKknopWYlondh4AaABAg,True,@staysBlink,@@Beallllly 💋,0,2024-09-18T04:51:44Z,2024-09-18T04:51:44Z
UgyjIDorEyREiLu4jFF4AaABAg,,False,@staysBlink,"Stray Kids는 정말 내 목숨을 구해줬어, 엄마아빠는 날 사랑하지 않아, 난 따돌림을 당해, 몇천번도 겪어봤어, 오직 Stray Kids만을 믿어, 내 삶에 니가 있어서 기뻐, 매일 밤 널 위해 기도해 , 당신을 보면 가슴이 뭉클해집니다.. 당신은 정말 완벽해요. 당신이 내 생명과 많은 사람의 생명을 구했다는 것을 알게 된다면 정말 당신을 사랑하게 될 것입니다..
~From Turkish Stay🇹🇷🇹🇷",12,2024-09-17T13:09:40Z,2024-09-17T13:09:40Z
UgyjIDorEyREiLu4jFF4AaABAg.A8UkP4lYUv-A8UndIpfjKp,UgyjIDorEyREiLu4jFF4AaABAg,True,@minhoulticim,kıyamam sana üzülme,0,2024-09-17T13:37:58Z,2024-09-17T13:37:58Z
Ugz9Iw167ILxs1b9LVx4AaABAg,,False,@My_world_k-pop-s7u,Have a nice Chuseok,0,2024-09-17T13:09:37Z,2024-09-17T13:09:37Z
UgzN4gutucCYetGIb6Z4AaABAg,,False,@staysBlink,"Stray Kids는 정말 내 목숨을 구해줬어, 엄마아빠는 날 사랑하지 않아, 난 따돌림을 당해, 몇천번도 겪어봤어, 오직 Stray Kids만을 믿어, 내 삶에 니가 있어서 기뻐, 매일 밤 널 위해 기도해 , 당신을 보면 가슴이 뭉클해집니다.. 당신은 정말 완벽해요. 당신이 내 생명과 많은 사람의 생명을 구했다는 것을 알게 된다면 정말 당신을 사랑하게 될 것입니다..
~From Turkish Stay🇹🇷🇹🇷",6,2024-09-17T13:09:30Z,2024-09-17T13:09:30Z
UgzSHTHs8-MawcqDYiB4AaABAg,,False,@GhAhmed-vs9lu,사랑해요 스트레이 키즈 ❤❤❤❤❤❤❤❤❤,0,2024-09-17T13:09:22Z,2024-09-17T13:09:22Z
Ugx7c45f5LlnMyQ1TjZ4AaABAg,,False,@bhavanaagr6515,This reminds me their old video where i.n squeeze hans cheeks😭😭😭,1,2024-09-17T13:09:20Z,2024-09-17T13:09:20Z
Ugyi72tOAWqUaQfmP494AaABAg,,False,@عالمالنصائح-م5ي,"When two cute people meet, this is what happens 😭😭💗💗",0,2024-09-17T13:09:19Z,2024-09-17T13:09:19Z
Ugw5s2HsvMUCLntvKNR4AaABAg,,False,@LakshmithaSivabalan,the way han's cheeks like squirrel ❤,1,2024-09-17T13:09:09Z,2024-09-17T13:09:09Z
UgyFLFQi3tWIfSxuMTB4AaABAg,,False,@staysBlink,"Stray Kids는 정말 내 목숨을 구해줬어, 엄마아빠는 날 사랑하지 않아, 난 따돌림을 당해, 몇천번도 겪어봤어, 오직 Stray Kids만을 믿어, 내 삶에 니가 있어서 기뻐, 매일 밤 널 위해 기도해 , 당신을 보면 가슴이 뭉클해집니다.. 당신은 정말 완벽해요. 당신이 내 생명과 많은 사람의 생명을 구했다는 것을 알게 된다면 정말 당신을 사랑하게 될 것입니다..",0,2024-09-17T13:09:06Z,2024-09-17T13:09:06Z
UgyHBvLvjDmg5gjprAx4AaABAg,,False,@marthaferguson2799,I.N looks overjoyed to not be the one being poked for once ❤,0,2024-09-17T13:09:06Z,2024-09-17T13:09:06Z
UgzY4ilmtQ-IqGhi3994AaABAg,,False,@Lixie_909,Cuuuteeee❤,0,2024-09-17T13:09:06Z,2024-09-17T13:09:06Z
Ugx2Zi5psCv9PKM7bXV4AaABAg,,False,@ゆか-z4s,なんで遠いほうツンツンするの可愛いね…,0,2024-09-17T13:09:03Z,2024-09-17T13:09:03Z
UgzC10tNDU0nAs-rMMl4AaABAg,,False,@Veronicasilvana1,❤😂,0,2024-09-17T13:09:03Z,2024-09-17T13:09:03Z
Ugyh-iFewHlBNsyzDSF4AaABAg,,False,@babugaeddong,내가 좋아하는 뽀뽀즈ㅠㅠ,0,2024-09-17T13:08:57Z,2024-09-17T13:08:57Z
UgyYk0IS3Oo9dFniiSN4AaABAg,,False,@ilskz.8,cuteee,0,2024-09-17T13:08:52Z,2024-09-17T13:08:52Z
Ugz19o9UKnm9WxhabD54AaABAg,,False,@Beats_with_Sahithya,I.N not knowing what to do just pinching Han's cheek❤😭😂,0,2024-09-17T13:08:34Z,2024-09-17T13:08:34Z
UgyAObMhxg503ly9wjZ4AaABAg,,False,@Seumira,I want to touch Jisung's cheeks too pleaseeeeeee,0,2024-09-17T13:08:33Z,2024-09-17T13:08:33Z
UgziMkTR2TQRnFzlb-V4AaABAg,,False,@蒯绯轩,Kiyo❤❤❤,0,2024-09-17T13:08:26Z,2024-09-17T13:08:26Z
UgzS3jVb0K_306ujia94AaABAg,,False,@Chineese-stay,so cute sooooooooooo cuuuuuuuuuuuuttttteeeeeere,1,2024-09-17T13:08:24Z,2024-09-17T13:08:24Z
UgyTeJ7CT26kKgYDUZ94AaABAg,,False,@destinyfeggins2680,"All eyes and cheeks, no thoughts quokka 😂",0,2024-09-17T13:08:18Z,2024-09-17T13:08:18Z
UgweGxDXVZAT385OzTZ4AaABAg,,False,@leenowstrakids,"I love you, I love you, I love you ❤❤❤",0,2024-09-17T13:08:11Z,2024-09-17T13:08:11Z
Ugy_kdun7JO_ZpzGC-l4AaABAg,,False,@ElisaPozzi,STRAY KIDS 😂😂😂😂,1,2024-09-17T13:08:07Z,2024-09-17T13:08:07Z
Ugz7flj2wrmp-iTkX3d4AaABAg,,False,@لينو_لي_واقطع,OmGGG!!! Han is so cute I can't!!! 😭🤏🏻💗,1,2024-09-17T13:08:06Z,2024-09-17T13:08:06Z
UgzMp10suJ2ivjQ16et4AaABAg,,False,@えびふらい-t5x,"つんつんされる側解釈一致🐹💕
最後のニコってしてるイエンちゃん可愛いな🩷",0,2024-09-17T13:08:04Z,2024-09-17T13:08:04Z
Ugyidgxu3AQrqgQIU6t4AaABAg,,False,@sy.1-86,미치겠다 귀여워 ㅋㅋㅋㅋㅋㅋㅋ,0,2024-09-17T13:08:03Z,2024-09-17T13:08:03Z
Ugw0Hoi3B0Zgai3HyzN4AaABAg,,False,@i.97lisa,ı love youu,1,2024-09-17T13:08:00Z,2024-09-17T13:08:00Z
UgwZIfg8N_GxA_fTls94AaABAg,,False,@Seumira,This is too cute no wayyyy,0,2024-09-17T13:07:55Z,2024-09-17T13:07:55Z
UgzqX1auf6bfKqqzXPR4AaABAg,,False,@DenizBakhtiari-or3ck,nnnnnno🐤,0,2024-09-17T13:07:55Z,2024-09-17T13:07:55Z
UgzxvV4xkqYtDUSykax4AaABAg,,False,@i.97lisa,💓💓💓💓💓💓,0,2024-09-17T13:07:54Z,2024-09-17T13:07:54Z
UgzZPCC4FZV_eoW9dzF4AaABAg,,False,@baselasad2994,Omg so cuteeee😂,0,2024-09-17T13:07:50Z,2024-09-17T13:07:50Z
UgxZdPF9dPC-hq0pmmV4AaABAg,,False,@heavenmemoriesnotta,Yes the jeekies ❤❤❤❤,0,2024-09-17T13:07:47Z,2024-09-17T13:07:47Z
Ugx-p8h7CeQciwvKodJ4AaABAg,,False,@sokzwe,Han and i.n are the cutest,0,2024-09-17T13:07:45Z,2024-09-17T13:07:45Z
UgwbsRDYev5CfQdBTk54AaABAg,,False,@lavanya3562,so cute!,1,2024-09-17T13:07:42Z,2024-09-17T13:07:42Z
UgwOqvzoFemHeHHS4iZ4AaABAg,,False,@Likopokemonhorizons-y4e,❤❤❤❤❤❤❤❤❤❤❤❤❤❤❤❤❤❤❤❤❤❤❤❤❤❤❤❤❤❤❤❤❤❤❤❤❤❤❤❤❤❤❤❤❤❤❤❤❤❤❤❤,0,2024-09-17T13:07:33Z,2024-09-17T13:07:33Z
Ugx-65Qq7jC4tE5XlW14AaABAg,,False,@HanJiji_115,Kalian lucu tauuuu😆😆😆,0,2024-09-17T13:07:32Z,2024-09-17T13:07:32Z
UgyIZaZCLkeGUwmxlud4AaABAg,,False,@SUGACSTER,Why are you so sweet? ❤,1,2024-09-17T13:07:27Z,2024-09-17T13:07:27Z
Ugwvh7uK_TUW7iK2cdF4AaABAg,,False,@hann_doolsetnet,those jeekies❤❤❤,1,2024-09-17T13:07:09Z,2024-09-17T13:07:59Z
UgxWu8fNRFkrU42lKE14AaABAg,,False,@깽그리-o3y,"하아아아ㅏ 너무 기엽자나 너네 ,,🤦‍♀️🤦‍♀️",0,2024-09-17T13:07:08Z,2024-09-17T13:07:08Z
UgyVfixTztwAqnFA-zd4AaABAg,,False,@RubyMendez-ii2ts,Hannie 😂😂 just like that 😂🤣,0,2024-09-17T13:07:07Z,2024-09-17T13:07:07Z
UgyWNYgp4pi52o66DPF4AaABAg,,False,@STAY-STAY-S12,They are so cutee damnn💓💓😩,1,2024-09-17T13:07:05Z,2024-09-17T13:07:05Z
UgwMBvOTJKAwkK3SFEV4AaABAg,,False,@Zxrr67,뽀뽀즈가 좋다고 빵인히가 좋다고,0,2024-09-17T13:06:59Z,2024-09-17T13:06:59Z
Ugxgxfo1Q_quSiX9Jot4AaABAg,,False,@i.97lisa,MY LOVE,0,2024-09-17T13:06:54Z,2024-09-17T13:06:54Z
UgxMQnvCkUjpoe0AWe14AaABAg,,False,@millilitre9184,"too cute, han is giving the vibes of a baby and i.n. was really focused for most of the video until he smiled at the end",2,2024-09-17T13:06:51Z,2024-09-17T13:06:51Z
UgymcGxlZXMKBfMDsLt4AaABAg,,False,@i.97lisa,MY STARS,0,2024-09-17T13:06:50Z,2024-09-17T13:06:50Z
UgyRaRyyAbsGLopFg9l4AaABAg,,False,@Sssaaara,بدريههعععع,0,2024-09-17T13:06:49Z,2024-09-17T13:06:49Z
UgzphiYbxhGDZtjW0Ft4AaABAg,,False,@Vero_life2014,Cute🐱,0,2024-09-17T13:06:48Z,2024-09-17T13:06:48Z
UgwLrq8WMPVTpIXVdoR4AaABAg,,False,@Hyunjinirettd,Agagagagaaa,0,2024-09-17T13:06:47Z,2024-09-17T13:06:47Z
Ugws5cToW5mL_1QZTHd4AaABAg,,False,@i.97lisa,MY ONLY WORLD,0,2024-09-17T13:06:44Z,2024-09-17T13:06:44Z
UgyUiU3YPXvxsnM3fql4AaABAg,,False,@akmarjoe2680,I.N look too adorable here😂,9,2024-09-17T13:06:41Z,2024-09-17T13:06:41Z
UgyUiU3YPXvxsnM3fql4AaABAg.A8Uk3Dn1URZA8UpF5dJCO0,UgyUiU3YPXvxsnM3fql4AaABAg,True,@minhoulticim,cute maknae,0,2024-09-17T13:52:00Z,2024-09-17T13:52:00Z
UgxYhgWYw9vzpgiQdbl4AaABAg,,False,@fSiTlAiYz,Maknae ve sincap çok tatlı görünüyor😊😊,1,2024-09-17T13:06:40Z,2024-09-17T13:06:40Z
UgwqUHd1ofbykFD8yUB4AaABAg,,False,@i.97lisa,MY WORLD,0,2024-09-17T13:06:39Z,2024-09-17T13:06:39Z
Ugw421vYJMgUEICbQIh4AaABAg,,False,@hokaru05,MY FAVS🥹,0,2024-09-17T13:06:39Z,2024-09-17T13:06:39Z
UgyZ2AQaqC3zaFXUBXt4AaABAg,,False,@i.97lisa,MY BABY,2,2024-09-17T13:06:35Z,2024-09-17T13:06:35Z
UgyeoTwXV-YjzpbUYVV4AaABAg,,False,@i.97lisa,HYUNJİN AND SEUNGMİN LOOKS PERFECT,1,2024-09-17T13:06:31Z,2024-09-17T13:06:31Z
Ugx_OLyh2RhUCf5jExl4AaABAg,,False,@GraceStokes-z3u,They are so amazing❤❤,0,2024-09-17T13:06:29Z,2024-09-17T13:06:29Z
UgwkEEQzyAhIwh6X7Dh4AaABAg,,False,@han_smile,OMG OMG THIS IS SO CUTE WTFFF,0,2024-09-17T13:06:29Z,2024-09-17T13:06:29Z
Ugw3RQ568n1uF-ydWXN4AaABAg,,False,@Varshini25-w9s,Blinding cuteness ❤❤❤,0,2024-09-17T13:06:28Z,2024-09-17T13:06:28Z
Ugy1BuOaVoUMX7tjqy14AaABAg,,False,@shemo-fi5gh,Help why they look so cute,0,2024-09-17T13:06:26Z,2024-09-17T13:06:26Z
UgyJmIOQtQFVABgHb-B4AaABAg,,False,@joojoo9788,찹쌀떡아ㅜㅜ,0,2024-09-17T13:06:23Z,2024-09-17T13:06:23Z
UgxaqcxiENwt-QkaKv54AaABAg,,False,@i.97lisa,SEUNGMİN SO CUTİE,1,2024-09-17T13:06:19Z,2024-09-17T13:06:19Z
UgwKWJv60Re-c1j9xiZ4AaABAg,,False,@NoEasyBestAlbum,I.N poking Hans cheek is such cute behaviour!! Love these chuseok vids they are spoiling us with!! 😭💙🩵🎉,1373,2024-09-17T13:06:17Z,2024-09-17T13:06:17Z
UgwKWJv60Re-c1j9xiZ4AaABAg.A8Uk0HKbmv0A8Un_Oz-Z-4,UgwKWJv60Re-c1j9xiZ4AaABAg,True,@minhoulticim,Me too,14,2024-09-17T13:37:26Z,2024-09-17T13:37:26Z
UgwKWJv60Re-c1j9xiZ4AaABAg.A8Uk0HKbmv0A8V_KYLSnQL,UgwKWJv60Re-c1j9xiZ4AaABAg,True,@Lizzyd789,😭😭,6,2024-09-17T20:52:10Z,2024-09-17T20:52:10Z
UgwKWJv60Re-c1j9xiZ4AaABAg.A8Uk0HKbmv0AAeT4xhTNjk,UgwKWJv60Re-c1j9xiZ4AaABAg,True,@stayss_will_stayy,Why do you comment twice on their videos?,0,2024-11-10T10:04:04Z,2024-11-10T10:04:04Z
UgwKWJv60Re-c1j9xiZ4AaABAg.A8Uk0HKbmv0AAt2f4vXi1l,UgwKWJv60Re-c1j9xiZ4AaABAg,True,@MaloryHernandez-gz1ee,Hfbf te rdls❤ 🙏,0,2024-11-16T02:01:49Z,2024-11-16T02:01:49Z
UgypOnwaK6GuLXqHfex4AaABAg,,False,@زوجة_هيونجين_الاصليه,I feel like Han's cheeks are marshmallows. 😭😭,0,2024-09-17T13:06:16Z,2024-09-17T13:06:16Z
Ugzi4WP_HP5P6vJr6ZJ4AaABAg,,False,@Elrisaৎ,❤,0,2024-09-17T13:06:16Z,2024-09-17T13:06:16Z
UgxOu0bAYrT8olxm0Nd4AaABAg,,False,@i.97lisa,HYUNJİN SO HANDSOME,1,2024-09-17T13:06:13Z,2024-09-17T13:06:13Z
Ugzgk4eO6JyREmwxrBV4AaABAg,,False,@동글동글아기빵,나도 한이 볼 만져보고싶은데...,0,2024-09-17T13:06:05Z,2024-09-17T13:06:05Z
UgwTr54cStcrjHYQUop4AaABAg,,False,@UNK0904-k4m,可愛いわ❤❤❤,2,2024-09-17T13:06:03Z,2024-09-17T13:06:03Z
Ugzmd3l-zdukROqY4p54AaABAg,,False,@Dilayyyss,"3분 전이었나, 여기까지 온 행운을 다 쓴 것 같아요 Han jisung👾🤧👉🏼👈🏼🎀🎀✨️✨️❤️❤️❤️❤️👊🏻",1,2024-09-17T13:06:01Z,2024-09-17T13:06:01Z
UgwMjgw2xRuZLHcHpkt4AaABAg,,False,@i.97lisa,SO PRETTY,3,2024-09-17T13:05:58Z,2024-09-17T13:05:58Z
Ugw9gtbtZttGxtKg0vV4AaABAg,,False,@simimol228,That's soo cute 😍😍😍,1,2024-09-17T13:05:57Z,2024-09-17T13:05:57Z
UgzrxligYgf0kmp-gZt4AaABAg,,False,@i.97lisa,JEONGİN SO HANDSOME,1,2024-09-17T13:05:54Z,2024-09-17T13:05:54Z
UgyyxSXlbGtPXIcnGxJ4AaABAg,,False,@NoEasyBestAlbum,Hans cute face hold is making me smile! I.Ns sudden smile at the end had me crying our of joy!! 😭🥹🫶,740,2024-09-17T13:05:50Z,2024-09-17T13:05:50Z
UgyyxSXlbGtPXIcnGxJ4AaABAg.A8Ujxw_ZrcBA8UlA1NIT6n,UgyyxSXlbGtPXIcnGxJ4AaABAg,True,@Kpopfanforever-i7s,35 likes and no comments?Lemme fix that(I liked your comment),3,2024-09-17T13:16:21Z,2024-09-17T13:16:21Z
UgyyxSXlbGtPXIcnGxJ4AaABAg.A8Ujxw_ZrcBA8Ulfth-0Tf,UgyyxSXlbGtPXIcnGxJ4AaABAg,True,@NoEasyBestAlbum,@Yaraloveyouall  Thank you so much STAY! 🥹,6,2024-09-17T13:20:50Z,2024-09-17T13:20:50Z
UgyyxSXlbGtPXIcnGxJ4AaABAg.A8Ujxw_ZrcBA8Um5XIBPX0,UgyyxSXlbGtPXIcnGxJ4AaABAg,True,@Kpopfanforever-i7s,@@NoEasyBestAlbum welcomeeeee🫶🏻,1,2024-09-17T13:24:29Z,2024-09-17T13:24:29Z
UgyyxSXlbGtPXIcnGxJ4AaABAg.A8Ujxw_ZrcBA8UmMjoI_Ih,UgyyxSXlbGtPXIcnGxJ4AaABAg,True,@htpp_estella,Handsome,2,2024-09-17T13:26:50Z,2024-09-17T13:26:50Z
UgyyxSXlbGtPXIcnGxJ4AaABAg.A8Ujxw_ZrcBA8UnYqpjZBn,UgyyxSXlbGtPXIcnGxJ4AaABAg,True,@minhoulticim,cute,1,2024-09-17T13:37:13Z,2024-09-17T13:37:13Z
UgyqkBZ5jPq_UUAM_nR4AaABAg,,False,@Carolaasotorojass,TEMPRANO,0,2024-09-17T13:05:48Z,2024-09-17T13:05:48Z
UgxzTb2APm3kVJ2Dx194AaABAg,,False,@i.97lisa,HAN SO CUTİE 😭😭,1,2024-09-17T13:05:46Z,2024-09-17T13:05:46Z
Ugx_Vob5je4l0Ye526Z4AaABAg,,False,@Sunixisko,매우 귀엽다. 💗💗,0,2024-09-17T13:05:44Z,2024-09-17T13:05:44Z
UgzBPijIsY-BU2X62TR4AaABAg,,False,@Carolaasotorojass,AAAH,0,2024-09-17T13:05:42Z,2024-09-17T13:05:42Z
UgzxQuPNuIYA_qak0E54AaABAg,,False,@Мич-и8о,❤❤❤❤❤❤❤❤❤😊😊😊,0,2024-09-17T13:05:41Z,2024-09-17T13:05:41Z
Ugx5VSX2XO6V5x9HjMl4AaABAg,,False,@alyshaahsen4545,❤❤❤,0,2024-09-17T13:05:31Z,2024-09-17T13:05:31Z
UgzxovZBe905YyJPGUR4AaABAg,,False,@Stay-forever145,Cutee,0,2024-09-17T13:05:29Z,2024-09-17T13:05:29Z
Ugw0fl7QkzaD9xDpzcN4AaABAg,,False,@hans_snaur,AGHH HANIES SO CUTE aye domino,1,2024-09-17T13:05:27Z,2024-09-17T13:05:27Z
Ugw0DIgepP_T-kBMaMl4AaABAg,,False,@aesthetic-f1n,Han be like 😭😫😫😫,1,2024-09-17T13:05:24Z,2024-09-17T13:05:24Z
UgxVy25bbh7vAYqH1xt4AaABAg,,False,@minidani9898,귀여워😂 둘다 뽀둥뽀둥 귀엽다구~!!!,1,2024-09-17T13:05:23Z,2024-09-17T13:05:23Z
Ugxp9Zu9fJjx7VCpVmd4AaABAg,,False,@julianalozoya4839,❤❤❤,0,2024-09-17T13:05:20Z,2024-09-17T13:05:20Z
UgwtyOqcBNTOld4tg8h4AaABAg,,False,@Noheli-vall0825,You so cute 🥺🥺🥺❤,0,2024-09-17T13:05:18Z,2024-09-17T13:05:18Z
UgwmCb-DB1_3bneO52B4AaABAg,,False,@NoEasyBestAlbum,Hans cute face with his cheeks... I.Ns cute maknae vibes.. they botha re such a cute duo!! 😭🫶💞,3849,2024-09-17T13:05:16Z,2024-09-17T13:05:16Z
UgwmCb-DB1_3bneO52B4AaABAg.A8UjtqDSzDIA8UnWyWGd44,UgwmCb-DB1_3bneO52B4AaABAg,True,@minhoulticim,Yeah😭❤️,22,2024-09-17T13:36:58Z,2024-09-17T13:36:58Z
UgwmCb-DB1_3bneO52B4AaABAg.A8UjtqDSzDIA8UoOD-GkXX,UgwmCb-DB1_3bneO52B4AaABAg,True,@ceyda-y2b,cutesss,4,2024-09-17T13:44:30Z,2024-09-17T13:44:30Z
UgwmCb-DB1_3bneO52B4AaABAg.A8UjtqDSzDIA8Uog2ci0vL,UgwmCb-DB1_3bneO52B4AaABAg,True,@meerei,STOP IT,1,2024-09-17T13:47:05Z,2024-09-17T13:47:05Z
UgwmCb-DB1_3bneO52B4AaABAg.A8UjtqDSzDIA8Uqfg5LXTN,UgwmCb-DB1_3bneO52B4AaABAg,True,@RubencilloCoss,Alessbnqa🦫🦊,0,2024-09-17T14:04:30Z,2024-09-17T14:04:30Z
UgwmCb-DB1_3bneO52B4AaABAg.A8UjtqDSzDIA8UrJmgIfT1,UgwmCb-DB1_3bneO52B4AaABAg,True,@hjinyuNn,YOU AGAIN AHSJSSJWJSAH😭😭,3,2024-09-17T14:10:07Z,2024-09-17T14:10:07Z
Ugw-8mT4wN6aibd75vJ4AaABAg,,False,@chloei.n,OMG SO CUTE,0,2024-09-17T13:05:10Z,2024-09-17T13:05:10Z
UgwNXZZ_-F1QEkslir94AaABAg,,False,@Straykids-FelIX1234,AHH SO CUTEE❤❤,0,2024-09-17T13:05:08Z,2024-09-17T13:05:08Z
UgyRv9yiarRSEsbujoZ4AaABAg,,False,@hira-d1w,❤❤❤❤❤❤❤❤💋💋💋💋💋💋🐿🦊,0,2024-09-17T13:05:07Z,2024-09-17T13:05:07Z
Ugxl2bj_ji9ztOo2uEh4AaABAg,,False,@chloei.n,CUTEEEES,0,2024-09-17T13:05:02Z,2024-09-17T13:05:02Z
Ugzaulzl24srIcBGIFF4AaABAg,,False,@Cherryblossomdream_mz9,They are so freaking cute 🥺🥰❤❤❤❤,2,2024-09-17T13:05:01Z,2024-09-17T13:05:01Z
Ugyjjwe_8FpJt-dawYR4AaABAg,,False,@Berenngokkaya,CUTEEEE,0,2024-09-17T13:05:01Z,2024-09-17T13:05:01Z
UgxEwFkA7ZRgnvu8AQx4AaABAg,,False,@sina_4608,They are so cute! Happy chuseok🎉❤️,4,2024-09-17T13:04:56Z,2024-09-17T13:04:56Z
UgxB1PBZoYXiJmIMNup4AaABAg,,False,@Duni_kot_Minho,I love stray kids so much❤,0,2024-09-17T13:04:55Z,2024-09-17T13:04:55Z
Ugy6XSqIS47r5V_7JLV4AaABAg,,False,@chloei.n,tempranoooo,0,2024-09-17T13:04:50Z,2024-09-17T13:04:50Z
UgwLBx0G9SWV7b9WNGZ4AaABAg,,False,@kny00615,이엔아.. 나도 한번만 찌르게 해주라ㅜㅜㅜㅜ,0,2024-09-17T13:04:49Z,2024-09-17T13:04:49Z
Ugz4ik3YfVvMVZ982lx4AaABAg,,False,@chloei.n,AAAAAAHHH SO CUTE,0,2024-09-17T13:04:44Z,2024-09-17T13:04:44Z
UgxsQPxYFGVq3YIpBKV4AaABAg,,False,@LivingLifeAtp,I just know han was jumping up and down in happiness after that 🙂,2,2024-09-17T13:04:39Z,2024-09-17T13:04:39Z
UgzSUTFL6nl2quszrvt4AaABAg,,False,@planets-o2y2z,😂😂😂😂😂😂,1,2024-09-17T13:04:37Z,2024-09-17T13:04:37Z
Ugz2PmpAHNzn7Zf2dRF4AaABAg,,False,@mariasag9208,❤❤❤,0,2024-09-17T13:04:36Z,2024-09-17T13:04:36Z
Ugwokx9gLMQNR0h3WcB4AaABAg,,False,@kimbyeon_,정인이 진짜 남자임....,0,2024-09-17T13:04:30Z,2024-09-17T13:04:30Z
Ugyv_T80hfdx83qHSK94AaABAg,,False,@ccogiend0,CUTEEEEE❤❤❤,0,2024-09-17T13:04:29Z,2024-09-17T13:04:29Z
UgyWc-0SXE8I41rrTiN4AaABAg,,False,@SweetStay-,the way Han's eyes stared blankly into space is just TOO cute for ma lil heartue🥺🤧💓,12,2024-09-17T13:04:25Z,2024-09-17T13:04:25Z
UgyZsIEIBHiTfBjc-FV4AaABAg,,False,@먼지-love,넘 귀여워!!,3,2024-09-17T13:04:24Z,2024-09-17T13:04:24Z
UgzKVxBeuvWIhp3K2md4AaABAg,,False,@Dynamite-k7p,❤❤Our cutie-pies❤❤,1,2024-09-17T13:04:24Z,2024-09-17T13:04:24Z
UgyGc5hVri-g6uTMrzt4AaABAg,,False,@Edithjee_stay,They are way to cute❤❤,0,2024-09-17T13:04:20Z,2024-09-17T13:04:20Z
Ugw4r2eTqB7EsKy4WjJ4AaABAg,,False,@Rich_Changmi,I.n❤❤❤❤❤,2,2024-09-17T13:04:18Z,2024-09-17T13:04:18Z
UgxvVemH8e_d0Y_PDtd4AaABAg,,False,@Spring_star-x8g,ヤンジョンイン、ハンジソンを見てる目がえろすぎるw‪w‪w‪w‪‪w‪w‪w,1,2024-09-17T13:04:18Z,2024-09-17T13:04:18Z
UgyoBWpM4Skc6_kujVJ4AaABAg,,False,@Minkcy,In the face of jisung 😅😅,0,2024-09-17T13:04:18Z,2024-09-17T13:04:18Z
UgyRWAlem2nNMavgGpl4AaABAg,,False,@Ангелина-р6д1и,HAHAHHAAHAH,0,2024-09-17T13:04:18Z,2024-09-17T13:04:18Z
UgzAqZ57KphwnQC0zaB4AaABAg,,False,@big_end,I. N you are so cute and handsome❤,1,2024-09-17T13:04:17Z,2024-09-17T13:04:17Z
UgyEmN-jHwz_CBdKIeZ4AaABAg,,False,@malikris9590,i love u jeongin ❤ i love u and also han ❤❤❤❤❤❤❤❤,1,2024-09-17T13:04:17Z,2024-09-17T13:04:27Z
UgyMtHgrZGBKGYV7D8d4AaABAg,,False,@chocchy,all STAYS dream:,0,2024-09-17T13:04:10Z,2024-09-17T13:04:10Z
Ugxdr3JBqeIDw6dVXlJ4AaABAg,,False,@Chinchi134,The quokka cheeks! ❤ I.N is the luckiest of them all!😂,0,2024-09-17T13:04:10Z,2024-09-17T13:04:10Z
Ugw6Q3nH7YLRbRjdnu54AaABAg,,False,@Themostsaneskzandateezstan0801,A fox and a quokka being silly,0,2024-09-17T13:04:09Z,2024-09-17T13:05:24Z
UgwLLoHarXjdaCNzygR4AaABAg,,False,@FatimaGarcíaLópez-c4f,Temprano,0,2024-09-17T13:04:06Z,2024-09-17T13:04:06Z
UgyoHI3xMHh97QMXVJp4AaABAg,,False,@نبراسعدي-ع9ص,❤❤,0,2024-09-17T13:04:02Z,2024-09-17T13:04:02Z
Ugw1S6zvaq1qjDTyvIB4AaABAg,,False,@Estay10-p4w,❤❤❤,0,2024-09-17T13:04:01Z,2024-09-17T13:04:01Z
Ugwy4BLgsPbHzoTaFc54AaABAg,,False,@callisia_,NOT JEONGIN LIVING EVERY STAYs' DREAM,0,2024-09-17T13:04:00Z,2024-09-17T13:04:00Z
Ugy78kpxvhyvim9RxKR4AaABAg,,False,@patriciaahing5916,Maknae on Top❤❤❤. They're tooo cute❤❤❤,2,2024-09-17T13:03:55Z,2024-09-17T13:03:55Z
UgyjwRJC2gEC6teh-BZ4AaABAg,,False,@ansixx07,И оба такие милые😭,0,2024-09-17T13:03:55Z,2024-09-17T13:03:55Z
UgxdMGq3YaGBP6Nk3M14AaABAg,,False,@Shespider,"I feel like I'm watching something private. Like, a small moment of joy and trust between close people and I just walked in without even knocking, something like that? A cute moment, but not mine, kind of?",0,2024-09-17T13:03:44Z,2024-09-17T13:03:44Z
Ugy5vySMFWcazb3J4c54AaABAg,,False,@dhyasofya595,그의 뺨이 너무 귀엽다 <33,0,2024-09-17T13:03:43Z,2024-09-17T13:03:43Z
UgyU4g66AldTju3KvRR4AaABAg,,False,@tiamaria8889,The cutest one Iv seen!,0,2024-09-17T13:03:39Z,2024-09-17T13:03:39Z
Ugxd3b6cF9gMkd35IsJ4AaABAg,,False,@Kana_wishes,I'm too early😭🙏,0,2024-09-17T13:03:36Z,2024-09-17T13:03:36Z
Ugy-0fg7hUlfJ0q3bcV4AaABAg,,False,@Im_Stay-BbokAri,SOOO CUTES😭💗,0,2024-09-17T13:03:35Z,2024-09-17T13:03:35Z
UgwBdpXSos3VvwWjMk94AaABAg,,False,@mj_rg_vj,They both look very cute 🥺💗,0,2024-09-17T13:03:35Z,2024-09-17T13:03:35Z
UgzsgjEBL_T8shLMRkR4AaABAg,,False,@eunicee-614,SO CUTE🎀🎀,0,2024-09-17T13:03:34Z,2024-09-17T13:03:34Z
UgzdPaddY0ikw-cW_rB4AaABAg,,False,@loveangel0127,뽀뽀즈!!!,0,2024-09-17T13:03:31Z,2024-09-17T13:03:31Z
UgypAewpKjJsRY3ypWt4AaABAg,,False,@waves_breaking,저 효과음이 어울리는 물떡 볼따구가 존재한다니...🥹🥹,1,2024-09-17T13:03:30Z,2024-09-17T13:03:30Z
Ugx08oSsqsIYbTfmQAN4AaABAg,,False,@hemilix,ХАЩАЩАЩААЗХАХВХЗААХАЗАХАХАХАХЗАХАХАХАХАХАХАХА ТАКИЕ МИЛЫЕ,0,2024-09-17T13:03:27Z,2024-09-17T13:03:27Z
UgzG6Q4fjbKV6G1uU2F4AaABAg,,False,@tahnhoang4161,ㅇㅅㅇ👈👈,0,2024-09-17T13:03:23Z,2024-09-17T13:03:23Z
Ugxj_bU-xhi4ZnA2JFR4AaABAg,,False,@ainundewanip,HANNNNN I.N❣️❣️,0,2024-09-17T13:03:19Z,2024-09-17T13:03:19Z
UgwC_ZasWa8qXJXfm6N4AaABAg,,False,@eyyoonz,amo tanto vocês vey🥹❤️‍🩹,0,2024-09-17T13:03:19Z,2024-09-17T13:03:19Z
UgxPKrFiFfyPVX5xEIl4AaABAg,,False,@SarraChs,Cuteee,0,2024-09-17T13:03:18Z,2024-09-17T13:03:18Z
Ugw33IrkwXDGF5bVu-J4AaABAg,,False,@jimka_01,такие мили ❤❤,0,2024-09-17T13:03:17Z,2024-09-17T13:03:17Z
Ugz1tI9Ev6IEONK3SKZ4AaABAg,,False,@Bublik-cet,❤❤,1,2024-09-17T13:03:12Z,2024-09-17T13:03:12Z
Ugzna0yLPZj3EmoW2NF4AaABAg,,False,@neez12,My babies.. so cute...,0,2024-09-17T13:03:12Z,2024-09-17T13:03:12Z
UgzFV7hXFr3DNav9ccR4AaABAg,,False,@Öylesine-rubies,I love you skz❤❤❤,1,2024-09-17T13:03:12Z,2024-09-17T13:03:20Z
Ugyz1wcJH5Xb87xslap4AaABAg,,False,@ناريا_يروحمك,"He's so cute, I can't stand this cuteness, you're so cute, I love you😭💗",0,2024-09-17T13:03:10Z,2024-09-17T13:03:10Z
Ugz8SuEZY7UI4MqVQm94AaABAg,,False,@teu4827,The squishiest and quenchiest cheeks I've ever seen,0,2024-09-17T13:03:09Z,2024-09-17T13:03:09Z
UgxkPAOfauTTZJSPfbR4AaABAg,,False,@Cassidy-SkyeArendse,😊😊❤,0,2024-09-17T13:03:08Z,2024-09-17T13:03:08Z
UgwFhC8U3gBxDWaR8Yd4AaABAg,,False,@intheworld201,"SO CUTE 
HELP🙏",2,2024-09-17T13:03:06Z,2024-09-17T13:03:06Z
UgySARmTaAKlJt1YD7x4AaABAg,,False,@chRIZZtopher_7_kids,Being maknae is privilege 😭👍,0,2024-09-17T13:03:04Z,2024-09-17T13:03:04Z
Ugw-Rdb0_8CqGv_2cnR4AaABAg,,False,@bananana8639,ايان عايش احلامنا,0,2024-09-17T13:03:02Z,2024-09-17T13:03:02Z
Ugw2YStA5WY-rnecBaJ4AaABAg,,False,@hilmanh3852,MOCHI CHEEKS,0,2024-09-17T13:03:01Z,2024-09-17T13:03:01Z
UgyLD4-Y5K5fFb76zFl4AaABAg,,False,@sudal_0325,으악!!!! 대신 눌러봐줘서 고맙다 정인아 ㅠㅠㅠ,0,2024-09-17T13:02:59Z,2024-09-17T13:02:59Z
UgzK4IoW4JMbnxNwPlt4AaABAg,,False,@루나-z4f,한지성 볼따구!!!!!,0,2024-09-17T13:02:58Z,2024-09-17T13:02:58Z
UgxtOawLNEopuVQduct4AaABAg,,False,@PrincessSnowWhite2121,😊,0,2024-09-17T13:02:56Z,2024-09-17T13:02:56Z
UgwMgbEX7YnXO7Oathp4AaABAg,,False,@chRIZZtopher_7_kids,Hannie pookie face 😭🎀,2,2024-09-17T13:02:53Z,2024-09-17T13:02:53Z
Ugxzq_q8zgneleyOo7h4AaABAg,,False,@Junghanashiii,Han's chicks>>>>>>,0,2024-09-17T13:02:53Z,2024-09-17T13:02:53Z
Ugw8pDJEw92szP4mwkB4AaABAg,,False,@Army-hj5gc,Baby bread and cute squirrel,1,2024-09-17T13:02:53Z,2024-09-17T13:02:53Z
UgyaFyEkR6ZmFaezeYR4AaABAg,,False,@REY.WOLF.1479,Cuties🥺 how soft and squish you are✨️✨️,0,2024-09-17T13:02:52Z,2024-09-17T13:02:52Z
Ugw0TgTksXYW03qnj3F4AaABAg,,False,@eeylukkk,CUTEE,0,2024-09-17T13:02:51Z,2024-09-17T13:02:51Z
Ugx7oiJB1_gb8NhoQXZ4AaABAg,,False,@Afreenaline,Baby bread kneading quokka😂❤,0,2024-09-17T13:02:48Z,2024-09-17T13:02:48Z
UgzCTIcOaS_sFan6C_F4AaABAg,,False,@Skztopi,ЛУЧШИЕ,0,2024-09-17T13:02:47Z,2024-09-17T13:02:47Z
UgyKCdy5e9BsVbdWNFt4AaABAg,,False,@ruralovelychan1193,หยิกแก้มนิดเดียวแก้มก็แดงแล้ว ฮันแก้มนุ่มมากถูกใจน้องอิน,0,2024-09-17T13:02:44Z,2024-09-17T13:02:44Z
UgzqyeXtc_2trIjxve14AaABAg,,False,@seungmin_fresita_19,K ermosos,0,2024-09-17T13:02:43Z,2024-09-17T13:02:43Z
UgwS0U7S4HxcAPJusct4AaABAg,,False,@seosoft_bin,cutiesss,0,2024-09-17T13:02:43Z,2024-09-17T13:02:43Z
UgzJXJLQ_sx0rxHWOuJ4AaABAg,,False,@mouniragaba484,❤I love you all❤,0,2024-09-17T13:02:42Z,2024-09-17T13:02:42Z
UgxZarY6cL4PkeKV3d94AaABAg,,False,@Just_XiangChen-uh7mb,WHY ARE THEY SO CUTE OMG,0,2024-09-17T13:02:41Z,2024-09-17T13:02:41Z
UgwuF6LHLIZZho0mfVV4AaABAg,,False,@STRAYKIDS_111-Skz,Я не могу перестать это смотреть❤🥺,1,2024-09-17T13:02:41Z,2024-09-17T13:02:41Z
UgxbZIaKt3w9kBhhJSp4AaABAg,,False,@BrianaAlexaMartinezMata,So cute,0,2024-09-17T13:02:40Z,2024-09-17T13:02:40Z
Ugy5jHi9wltEoUyUs_V4AaABAg,,False,@Wedyan_Alazmi,귀여운🥹🥹,0,2024-09-17T13:02:40Z,2024-09-17T13:02:40Z
UgzfwWhCCM4vT_j61xp4AaABAg,,False,@jemimahgoma,Awww 😊 cute,0,2024-09-17T13:02:37Z,2024-09-17T13:02:37Z
UgxRC2RNlZApwH6SiUd4AaABAg,,False,@piecefragment4464,可愛い可愛い,0,2024-09-17T13:02:36Z,2024-09-17T13:02:36Z
UgwyW6RMdBR-g69yNix4AaABAg,,False,@RUN-mw5my,ポッポズ➰‼️,1,2024-09-17T13:02:36Z,2024-09-17T13:02:36Z
UgzQzrQMao256Y6SuLJ4AaABAg,,False,@AlviaBilqispravitasari,Han and I.N so cuteee,5,2024-09-17T13:02:35Z,2024-09-17T13:02:35Z
UgwSynzuiSSpz4FXgOJ4AaABAg,,False,@LINOZ_PURANG,MY BAABBIIIESS 🤍❗️,0,2024-09-17T13:02:35Z,2024-09-17T13:02:35Z
UgwsX5N6m1R4Vst6YDl4AaABAg,,False,@-xioi7.,*فِدوةة ءَوفف 🫦🙈،*,1,2024-09-17T13:02:34Z,2024-09-17T13:02:34Z
Ugz1MDfsjuoQ43-IcDF4AaABAg,,False,@Ruqeea_Rheem,I wish you good health ❤,0,2024-09-17T13:02:33Z,2024-09-17T13:02:33Z
Ugxq40e_AEn_QP4wxqB4AaABAg,,False,@MayarAlowaimer,Hiii,0,2024-09-17T13:02:32Z,2024-09-17T13:02:32Z
Ugw4Yg_hh4MjDKPUEcV4AaABAg,,False,@ayazztr8e,Like if you think everyone in Strey kids is handsome,1,2024-09-17T13:02:31Z,2024-09-17T13:02:31Z
Ugwjy4CYZTsqp3mB4qt4AaABAg,,False,@hyunjin-h2m,I love ❤,0,2024-09-17T13:02:31Z,2024-09-17T13:02:31Z
UgwM-meJiQ5uqMDiaDp4AaABAg,,False,@KhadraleilaDliouah,❤❤❤,0,2024-09-17T13:02:29Z,2024-09-17T13:02:29Z
Ugyo2QEG_NnWn53cIM54AaABAg,,False,@My_Pace_,Cutest....combo.....❤💖💖🌿,0,2024-09-17T13:02:27Z,2024-09-17T13:02:27Z
Ugw7Rt_M2hcDhpDLgsB4AaABAg,,False,@bernierussell45,Ah so cute men love from Ireland 🇮🇪  ❤❤,0,2024-09-17T13:02:26Z,2024-09-17T13:02:26Z
UgyGBGks8Ohmw1ygAE14AaABAg,,False,@韩知城-s9i,太可爱了,0,2024-09-17T13:02:26Z,2024-09-17T13:02:26Z
UgwvCDiF6VJPtgoGYG14AaABAg,,False,@Lixie_imagination,"OK LIKE WHY ARE THEY SO FREAKING CUTEEEE
💕",0,2024-09-17T13:02:25Z,2024-09-17T13:02:31Z
Ugzh5ptNM9DFZBcFf4N4AaABAg,,False,@2Oreo-s9n,THIS IS SO CUTE,0,2024-09-17T13:02:25Z,2024-09-17T13:02:25Z
Ugz_dpaIJ8X7F_8-VaN4AaABAg,,False,@Arpine-su5ii,💋💋💋❤️❤️💞💞💞💞💞😂😂😂😂💗💗💗💗💗,0,2024-09-17T13:02:24Z,2024-09-17T13:02:24Z
UgziSYCiOQ2-fEXnD8t4AaABAg,,False,@Kpop.loverforever1,Sooo cute Han is my bias ❤❤,1,2024-09-17T13:02:24Z,2024-09-17T13:02:24Z
Ugxko_NUgoXN_jr_9814AaABAg,,False,@HelloKitty0492,Han is so cute and i.n,0,2024-09-17T13:02:25Z,2024-09-17T13:02:38Z
UgzyD60coJe9TzRKb4Z4AaABAg,,False,@Makeupbykaren.22,❤,0,2024-09-17T13:02:23Z,2024-09-17T13:02:23Z
UgwS7X092sJJXJJOhi14AaABAg,,False,@ilonarie,PLS GIVE ME ONE CHANCE TO TOUCH THE JEEKIES TOO,0,2024-09-17T13:02:23Z,2024-09-17T13:02:23Z
Ugy1VBbiJKfCHWPgdxh4AaABAg,,False,@BaysanSamer,😂😂😂😂😂😂😂😂😂,0,2024-09-17T13:02:23Z,2024-09-17T13:02:23Z
UgySXz1a3fIricVgctd4AaABAg,,False,@CURLY-stay0325,かわいいっっっ,2,2024-09-17T13:02:20Z,2024-09-17T13:02:20Z
Ugw2QseszhQXRlsLBhZ4AaABAg,,False,@Paula-jq7yl,Cute❤,0,2024-09-17T13:02:19Z,2024-09-17T13:02:19Z
UgxNqNn3Ork5Qlwc5iZ4AaABAg,,False,@OdrijaStabulīte,건강하게 지내세요,0,2024-09-17T13:02:19Z,2024-09-17T13:02:19Z
Ugxh3zykUxCT3sSQbdp4AaABAg,,False,@leeknows4thcat-y4j,they're too cute❤❤,0,2024-09-17T13:02:18Z,2024-09-17T13:02:18Z
Ugz8znZWavZg3nH50YR4AaABAg,,False,@JeromeDump-h3z,Sooo cuteeee😭😭,0,2024-09-17T13:02:18Z,2024-09-17T13:02:18Z
UgzMH6FvYJGS8s2irw14AaABAg,,False,@5k2_hyunJ1n,CUTEE,0,2024-09-17T13:02:16Z,2024-09-17T13:02:16Z
Ugxqr7s-E_GdhnmlwIV4AaABAg,,False,@jaiippang,SO CUTE❤,0,2024-09-17T13:02:16Z,2024-09-17T13:02:16Z
Ugyu_Q0Ebe2v2cMoHFx4AaABAg,,False,@mariacamila2351,Love you❤,0,2024-09-17T13:02:15Z,2024-09-17T13:02:15Z
UgwV0AQii4NBTRqNu0t4AaABAg,,False,@Hana-143s,가져가😣😣😣😣😣,0,2024-09-17T13:02:15Z,2024-09-17T13:02:15Z
UgxyjbnL3I_laMmMjxF4AaABAg,,False,@Istanclowns,Oh Yang Jeongin you are so lucky to poke hanquokka cheekies 😔😔😔😔,1,2024-09-17T13:02:15Z,2024-09-17T13:02:15Z
UgxSQEBFEuq4e499DTd4AaABAg,,False,@thewinterbonnie,The way Jeongin looks so concentrated on the jeekies 😂,0,2024-09-17T13:02:13Z,2024-09-17T13:02:13Z
UgyUUt0VhwC4dBScMGd4AaABAg,,False,@AnaLiliaTovar-e4u,THEY ARE SO CUTE 💗,0,2024-09-17T13:02:12Z,2024-09-17T13:02:12Z
Ugx-HM3jVJfP933OV-l4AaABAg,,False,@Miarayoki-chan,❤❤❤,0,2024-09-17T13:02:11Z,2024-09-17T13:02:11Z
UgyruNUkhZxp7WHmM3V4AaABAg,,False,@OdrijaStabulīte,건강하게 지내세요💗💗,0,2024-09-17T13:02:08Z,2024-09-17T13:02:08Z
Ugyy9J2m9QfPuVh5kaV4AaABAg,,False,@ritamaru67,ぽっぽは無しですか！アイエンさーん！！！,2,2024-09-17T13:02:08Z,2024-09-17T13:02:08Z
UgyxaAf1y862U48ZEPZ4AaABAg,,False,@Kim-hi.354,Han punches its so cute 😂,0,2024-09-17T13:02:07Z,2024-09-17T13:02:07Z
UgwWZgetJuvRhzZGMF54AaABAg,,False,@Hrts4_han,GUYS THEY ARE SO CUTEE I CANTT TAKE OFF MY EYESS OFF THEMM😭😭😭🐿🦊,0,2024-09-17T13:02:07Z,2024-09-17T13:02:07Z
UgyZHs4z0vDXb-KFmF54AaABAg,,False,@Chan_l1vv,CUTESY ❤,0,2024-09-17T13:02:06Z,2024-09-17T13:02:06Z
Ugz3rQq3iQGzbi_yD_J4AaABAg,,False,@Munera-d8d,🤞🏻🤞🏻🤞🏻🤞🏻🩵,0,2024-09-17T13:02:06Z,2024-09-17T13:02:06Z
Ugym4F5AN4vHDWEJDY54AaABAg,,False,@kaeyaicinkursunatarkursunyerim,Cutiejis 😭💗💗💗💕💕💕💕🌟💕🌟💕🌟💕,0,2024-09-17T13:02:05Z,2024-09-17T13:02:05Z
Ugwl6pwpkVxnVcBrtyp4AaABAg,,False,@شيخ_آل_بادي,اطلققققق نسخةةةة,0,2024-09-17T13:02:04Z,2024-09-17T13:02:04Z
UgzW8Dh4kmVNkNJDPNl4AaABAg,,False,@amcrazierthenuthink,CUTIES PATOOTIESSSSS POOKIEESS,0,2024-09-17T13:02:04Z,2024-09-17T13:02:04Z
UgxbwSxHsImJuf934pt4AaABAg,,False,@Marine-u6e,"They are so cute, I adore them",0,2024-09-17T13:02:03Z,2024-09-17T13:02:03Z
UgzwIg1e8F-O4jLTNRF4AaABAg,,False,@trose332,Sweet babbiiiesssss🥹❤️🥹❤️,0,2024-09-17T13:02:00Z,2024-09-17T13:02:00Z
Ugyj5tGYTmdvIznfd9h4AaABAg,,False,@Skz_duck,ㅜㅠㅠ큐ㅠㅠㅠㅠㅠㅠ너무 귀여우ㅠㅠㅠㅠ 진짜 말랑할것같음..,0,2024-09-17T13:02:00Z,2024-09-17T13:02:00Z
UgwXZNSAxV_oGxeYOUV4AaABAg,,False,@Deadly_horrors,So cute❤,0,2024-09-17T13:01:59Z,2024-09-17T13:01:59Z
UgxwSOm59hYd7NgQrrd4AaABAg,,False,@Jisasigi,So cuteeee,0,2024-09-17T13:01:58Z,2024-09-17T13:01:58Z
UgygEcspzUTJIItfiOB4AaABAg,,False,@stellabraoudaki,So cutee❤❤❤❤❤,1,2024-09-17T13:01:57Z,2024-09-17T13:01:57Z
UgyTDPuGPm6BQU2c9jd4AaABAg,,False,@skz-143-25,🥰🥰🥰,0,2024-09-17T13:01:57Z,2024-09-17T13:01:57Z
Ugwh3ulV2-IxmPFN-ap4AaABAg,,False,@stay_skz-325,아!!멀라 걍 스키즈 그자체가 귀여워!!!,4,2024-09-17T13:01:57Z,2024-09-17T13:01:57Z
Ugx4BnrLkt-5Hc5eNwJ4AaABAg,,False,@ModelMDme,🎉น่ารักมากกก❤,0,2024-09-17T13:01:56Z,2024-09-17T13:01:56Z
Ugy9sCCb9381ZTfSU3l4AaABAg,,False,@뵤-g4p,❤❤뽀뽀즈❤❤,0,2024-09-17T13:01:56Z,2024-09-17T13:01:56Z
Ugx4ngZv_6X2mbwITWN4AaABAg,,False,@sofakim000,❤,0,2024-09-17T13:01:55Z,2024-09-17T13:01:55Z
Ugzy1WiuVYOY-FV_pY94AaABAg,,False,@ssehaj_ch,AWHH,0,2024-09-17T13:01:54Z,2024-09-17T13:01:54Z
UgxNLS6udghnnnjNb294AaABAg,,False,@ilxna_,So cuuute 🥹,0,2024-09-17T13:01:54Z,2024-09-17T13:01:54Z
UgxlpmOpAayeQn3tioh4AaABAg,,False,@محمدجبار-ع4ب2ب,so cute 🥺,0,2024-09-17T13:01:53Z,2024-09-17T13:01:53Z
UgxR_7NYhl3Z3FVn4ZZ4AaABAg,,False,@assilbr,❤❤❤❤❤❤ iam army and ilove youuuuu❤😊,1,2024-09-17T13:01:53Z,2024-09-17T13:01:53Z
UgxaiXpRVRTiE3tWz2V4AaABAg,,False,@k1ttyluttz,LOS AMO ❤😢,0,2024-09-17T13:01:53Z,2024-09-17T13:01:53Z
Ugw6gRH7T5ZRzfDli1t4AaABAg,,False,@Strowberrix.ৎ,❤❤❤,0,2024-09-17T13:01:51Z,2024-09-17T13:01:51Z
UgwhUGkeJM4Xzp4XoER4AaABAg,,False,@myeonmocha,OMGGGG FIRST,0,2024-09-17T13:01:51Z,2024-09-17T13:01:51Z
UgyCaN7ydyiFLjWBcSl4AaABAg,,False,@sonachella,AKGKGSGSSKGSGKKYASKYKSYSKGDGDKG I CAN'T,1,2024-09-17T13:01:50Z,2024-09-17T13:01:50Z
UgyGVYWbi3Lc-SjRhtx4AaABAg,,False,@Stray_kids7764,cuties❤,1,2024-09-17T13:01:49Z,2024-09-17T13:01:49Z
Ugxi6IJdnfxppm6mzqZ4AaABAg,,False,@RaDwaaAlaa-n5v,Han ❤ and l.N ❤,1,2024-09-17T13:01:49Z,2024-09-17T13:01:49Z
UgwjOV0PEpJHqwfyqdZ4AaABAg,,False,@Rin_0530.,ぽっぽず！,1,2024-09-17T13:01:49Z,2024-09-17T13:01:49Z
UgxVdio0lN3Fd24x-Hd4AaABAg,,False,@OhVivi-g4t,Pasti idenya Felix,0,2024-09-17T13:01:49Z,2024-09-17T13:01:49Z
UgwrFr6lg02ZZEXIGlR4AaABAg,,False,@SkzStay-4ever,너무 귀여워요 🦊🐿,3,2024-09-17T13:01:49Z,2024-09-17T13:01:49Z
UgywxPyz2aDgPag2wHh4AaABAg,,False,@DNikaV,✨💖,0,2024-09-17T13:01:49Z,2024-09-17T13:01:49Z
Ugx2vC2pGFa4yTDrTit4AaABAg,,False,@lauraroberta3934,안녕 이제 안 볼 거 알아 정말 존경해 사랑해,0,2024-09-17T13:01:48Z,2024-09-17T13:01:48Z
Ugy-7NHMdje9bBtAWsV4AaABAg,,False,@Hyun_Ae_23,خوایە کە قشتن🎀🥹🫶🏻,0,2024-09-17T13:01:47Z,2024-09-17T13:01:47Z
UgwlqocVn6262fMdvRV4AaABAg,,False,@OFFICIALJealovvsie,The way I.n pinched han's cheeks✨💋,1,2024-09-17T13:01:47Z,2024-09-17T13:01:47Z
Ugyp7BYLWMwYNmZLmLN4AaABAg,,False,@I.N-Aabc,ㅋㅋㅋ 쿼카야 전많이먹었어???볼에저장해둔거야??ㅋㅋㅋ❤❤,0,2024-09-17T13:01:46Z,2024-09-17T13:01:46Z
UgwadWhICOGKiQkGE-Z4AaABAg,,False,@Hyunjin-b5w,💗💗💗,0,2024-09-17T13:01:45Z,2024-09-17T13:01:45Z
UgxNOjZfHksR-phUvXB4AaABAg,,False,@Sami_Mohammed_Ghani,احبكم,0,2024-09-17T13:01:44Z,2024-09-17T13:01:44Z
UgwrCTSR626-vUvz7eZ4AaABAg,,False,@sofiamanusina,AAAHHHHHH MY HEART❤❤❤❤ THIS IS SO CUTEE!! BABY HAN,2,2024-09-17T13:01:44Z,2024-09-17T13:01:44Z
Ugw7T6r4i3XtnDs_0mp4AaABAg,,False,@Ivy_felixer,Hans cheeks are SOOO SOOO cute 🥺🥰,0,2024-09-17T13:01:44Z,2024-09-17T13:01:44Z
UgxfN3m6yaQqVE1mDWx4AaABAg,,False,@jiniretttofficial,"So squishy quokka, :)",3,2024-09-17T13:01:42Z,2024-09-17T13:01:42Z
UgzxX-cPNPpXfBsBy_l4AaABAg,,False,@tuesiadoptets,stays would sacrifice everything just do do that,1,2024-09-17T13:01:42Z,2024-09-17T13:01:42Z
UgxHWHqh0QbJ2UXpzwB4AaABAg,,False,@Luna_gacha.creator,Awwwww so cute❤,0,2024-09-17T13:01:42Z,2024-09-17T13:01:42Z
Ugx-WQZETES7l28irw94AaABAg,,False,@kimb3rly_xx,THE WAY HAN IS JUST STANDING THERE 😂😂😂,47,2024-09-17T13:01:41Z,2024-09-17T13:01:41Z
UgxQDhaeFZdmEdNWeat4AaABAg,,False,@Arwastars-s6n,❤❤❤❤❤❤,0,2024-09-17T13:01:41Z,2024-09-17T13:01:41Z
UgzmOkxvL5DrVWe3Crl4AaABAg,,False,@CB97bbang,SOOO CUUUUTE❤,0,2024-09-17T13:01:41Z,2024-09-17T13:01:41Z
Ugwv8qV-cH5YYewyPqJ4AaABAg,,False,@Girl_love-r3i,❤,0,2024-09-17T13:01:41Z,2024-09-17T13:01:41Z
UgzAaek7BL2A_IA-shl4AaABAg,,False,@GsmlYj,I love you so much guys❤❤❤,0,2024-09-17T13:01:41Z,2024-09-17T13:01:41Z
UgwlezhU9zsjp1vb6q14AaABAg,,False,@Fan_Hanako143,Cute 😭,0,2024-09-17T13:01:41Z,2024-09-17T13:01:41Z
UgwURhIbC0GvnsQidiF4AaABAg,,False,@Aninha_141,Two cuties together! OMG 😍🤏🏻,0,2024-09-17T13:01:40Z,2024-09-17T13:01:40Z
UgyKYeOCWd99BXVoT5J4AaABAg,,False,@kafasızstay,Stray kids best❤❤,0,2024-09-17T13:01:39Z,2024-09-17T13:01:39Z
UgwGeycZWxxSRImkoQp4AaABAg,,False,@leonidelo99,Cute 😂😂😂😂😂,0,2024-09-17T13:01:38Z,2024-09-17T13:01:38Z
UgwaNnh8sQAXmeA-Yz14AaABAg,,False,@staykiki,❤❤❤,1,2024-09-17T13:01:38Z,2024-09-17T13:01:38Z
Ugxe0loOpZR1vD72z-t4AaABAg,,False,@ام_اسا_الاصلية,😭🤏🏻🤏🏻🤏🏻,1,2024-09-17T13:01:37Z,2024-09-17T13:01:37Z
UgxP1c0WXA13WQGysId4AaABAg,,False,@Skzoooooa,ᥫ᭡😇,0,2024-09-17T13:01:36Z,2024-09-17T13:01:36Z
Ugz-BywRG6G28jpB2U54AaABAg,,False,@S_mini_mung,저도 한번만 콕콕 해봐도 될까요,1,2024-09-17T13:01:36Z,2024-09-17T13:01:36Z
Ugw1NTfvyVJ2KWcGMph4AaABAg,,False,@Stay_stella,Early,0,2024-09-17T13:01:36Z,2024-09-17T13:01:36Z
UgwCiLu9x7hfUSLph314AaABAg,,False,@Moon-rose-n9m,So cuteeeeeeeeeeeeeeee,0,2024-09-17T13:01:36Z,2024-09-17T13:01:36Z
UgxN_j36TLR2JwF_sqN4AaABAg,,False,@vseunglife,"Aí que lindinhos meu Deus 🎀🤏
I'm brazilian🇧🇷",0,2024-09-17T13:01:35Z,2024-09-17T13:01:35Z
UgzF3XV7cfoqUFpV5k54AaABAg,,False,@user_sasanyuxx,かんわいい,2,2024-09-17T13:01:35Z,2024-09-17T13:01:35Z
UgxhWVz8PcUGbGNK8Lt4AaABAg,,False,@StayMom3,Quokka cheeks!!,0,2024-09-17T13:01:35Z,2024-09-17T13:01:35Z
UgwmAkxQACd10t5qYLl4AaABAg,,False,@Chx14,❤❤,0,2024-09-17T13:01:33Z,2024-09-17T13:01:33Z
Ugw1ChY0PussLfXVSux4AaABAg,,False,@bonnitta,HAN HOW DO YOU HAVE SO CUTE CHEEKS?!,1,2024-09-17T13:01:33Z,2024-09-17T13:01:33Z
UgzzuoasWwfn0bU_4fR4AaABAg,,False,@Stay_143-h,بدريييي,0,2024-09-17T13:01:33Z,2024-09-17T13:01:33Z
UgymNIL_vV0W2JbI1fF4AaABAg,,False,@Nom313,Cutie pies ❤,0,2024-09-17T13:01:31Z,2024-09-17T13:01:31Z
Ugy4TO8TmZx3e6JJ12N4AaABAg,,False,@Leelood30,얼마나 달콤한 당신,0,2024-09-17T13:01:31Z,2024-09-17T13:01:31Z
Ugx1i_3cix8Hau87PIt4AaABAg,,False,@스테이스테이,귀여워!!+!!❤❤❤❤,0,2024-09-17T13:01:29Z,2024-09-17T13:01:29Z
UgwEoM163qJXxJfWWFB4AaABAg,,False,@Spider-Hyunjinniee,They're so cute🥺🥺,0,2024-09-17T13:01:28Z,2024-09-17T13:01:28Z
Ugz6fHNh8Mc7rKVoiBN4AaABAg,,False,@rin_12957,나도 한지성 볼 만질래에😚🙈,0,2024-09-17T13:01:28Z,2024-09-17T13:01:28Z
UgxTFK5Rqi_B3Gtn60l4AaABAg,,False,@TheOfficialMillie,❤❤❤🩷🩷🩷,0,2024-09-17T13:01:27Z,2024-09-17T13:01:27Z
UgwC07Kg5xdR6o-3UmZ4AaABAg,,False,@erikasimonskz09,So cuteeeeee💘😹🎉,0,2024-09-17T13:01:26Z,2024-09-17T13:01:26Z
Ugy0jHWgroQ6EMQshWx4AaABAg,,False,@Хадижа-ы9х,Ааааааааа❤🎉,0,2024-09-17T13:01:25Z,2024-09-17T13:01:25Z
UgzDj9VzrrM8HdjURb14AaABAg,,False,@collision1409,"YO también quiero vivir ese sueño
Los adorables Jeekies de Han Ji 🥹🤏🏻",0,2024-09-17T13:01:25Z,2024-09-17T13:01:25Z
UgxvU4Ys6bKINtGbpqx4AaABAg,,False,@Just-KeepSwimming,하니 정말 사랑해  😊,0,2024-09-17T13:01:23Z,2024-09-17T13:01:23Z
Ugw-Ddsyzi-EKbN1lOd4AaABAg,,False,@Lilyyy____1_1,In the face of jisung bro😂,0,2024-09-17T13:01:23Z,2024-09-17T13:01:23Z
UgxvQ6YXWc1BOe_W4Yt4AaABAg,,False,@saraabokk_0325,U are so beautiful 💗,0,2024-09-17T13:01:23Z,2024-09-17T13:01:23Z
UgzAoKE0YJwZxwKld3J4AaABAg,,False,@Eb_rar,First,0,2024-09-17T13:01:23Z,2024-09-17T13:01:23Z
UgxuDVGuU-duwF14nxp4AaABAg,,False,@jinnyheho,한이랑 이엔이 넘 졸귀…,0,2024-09-17T13:01:23Z,2024-09-17T13:01:23Z
UgzVxwSqmSEC4MQ6E-B4AaABAg,,False,@PronitaSarkarDas-lj8mr,Han is doll 🎎🪆,1,2024-09-17T13:01:22Z,2024-09-17T13:01:22Z
UgxdIVE_ZSRuh5vG63h4AaABAg,,False,@kpop-m3u,cute,0,2024-09-17T13:01:22Z,2024-09-17T13:01:22Z
Ugz-cTEmBTrirJD_Z0p4AaABAg,,False,@Hondigedagedi,EARLY,0,2024-09-17T13:01:22Z,2024-09-17T13:01:22Z
Ugy19zM8WEOKVxbRpzF4AaABAg,,False,@Thatnpcguy-0,YALK CUTIES,0,2024-09-17T13:01:21Z,2024-09-17T13:01:21Z
UgwVGLyYn5V07fCBcTF4AaABAg,,False,@Babybrea4,Ayyy,0,2024-09-17T13:01:21Z,2024-09-17T13:01:21Z
UgxVkQq4h8Q4Bnw4C7l4AaABAg,,False,@kafasızstay,❤❤❤❤❤,0,2024-09-17T13:01:20Z,2024-09-17T13:01:20Z
UgwO0RE0FbGbf5PAaX94AaABAg,,False,@gracep4894,쿡쿡 꼬집꼬집,0,2024-09-17T13:01:20Z,2024-09-17T13:01:20Z
UgySoxXm8YbL5hwozVx4AaABAg,,False,@izzyyoung1207,Straykids world dominATEion ❤🖤❤️🖤,0,2024-09-17T13:01:20Z,2024-09-17T13:01:20Z
UgzWOgV8c6FRtxZZZL54AaABAg,,False,@143staa,SO CUTEEEEE,0,2024-09-17T13:01:19Z,2024-09-17T13:01:19Z
UgwEmfB-P45ghTYfAHh4AaABAg,,False,@Hyunjinslostfelix,CUTEEE❤,0,2024-09-17T13:01:19Z,2024-09-17T13:01:19Z
UgzFl659IE0iH4BgI8N4AaABAg,,False,@stay_dalkom,귀여운애가 귀여운애 귀여워하기❤❤❤,0,2024-09-17T13:01:19Z,2024-09-17T13:01:19Z
UgzPutaPqCZQ6b7HaJN4AaABAg,,False,@ZhraaGg,Han looks like a doll,0,2024-09-17T13:01:19Z,2024-09-17T13:01:19Z
UgwarE8HDd8QCa-Ss3R4AaABAg,,False,@olyaseungminovaa,I.N AND JISUNG SO CUTE❤,0,2024-09-17T13:01:18Z,2024-09-17T13:01:18Z
UgzHMEty5u4byFcS1gx4AaABAg,,False,@hadishk2011,𝗜 𝗹𝗼𝘃𝗲 𝘆𝗼𝘂 𝘀𝘁𝗿𝗮𝘆 𝗸𝗶𝗱𝘀❤,0,2024-09-17T13:01:17Z,2024-09-17T13:01:17Z
Ugxacsj3ktqYjfLVzBl4AaABAg,,False,@xhwxngzz,cutest.,35,2024-09-17T13:01:17Z,2024-09-17T13:01:17Z
UgwMTTgpEzv_4ojdUst4AaABAg,,False,@SKZ_599,БОЖЕНЬКИ ПОЧЕМУ ТАМ НЕ МИНХО ВМЕСТО ЧОНИНА,1,2024-09-17T13:01:16Z,2024-09-17T13:01:16Z
Ugx-PjRQsIT69gIvx8Z4AaABAg,,False,@Kunaii_him,Yessir,0,2024-09-17T13:01:15Z,2024-09-17T13:01:15Z
UgwOMO0HTsFdEf-fWqR4AaABAg,,False,@sly-d7z,cute❤❤❤❤❤,0,2024-09-17T13:01:16Z,2024-09-17T13:01:16Z
UgxO94N6xrUdrFSUi3l4AaABAg,,False,@하루카-y6i,I love you💛,0,2024-09-17T13:01:15Z,2024-09-17T13:01:15Z
Ugxk3fPXAxpKLSDlYll4AaABAg,,False,@hancheeks0_0,AGHHGG,0,2024-09-17T13:01:15Z,2024-09-17T13:01:15Z
UgzHyVY3o9Qkfz6tVZh4AaABAg,,False,@areejalkhaldi2174,كيوووعتتتتتتتتتتتتتتتتتت🎀🎀🎀🎀🎀🎀,0,2024-09-17T13:01:15Z,2024-09-17T13:01:15Z
UgzB-mIRTyArEE6Y_PJ4AaABAg,,False,@СоняНикишина-ф2и,I love you stray kids!!! ❤❤❤❤,0,2024-09-17T13:01:14Z,2024-09-17T13:01:14Z
UgzQIK6lAP7lj7es_FV4AaABAg,,False,@rariruu-t2k,かわいーーー🫶,0,2024-09-17T13:01:14Z,2024-09-17T13:01:14Z
UgwoFUDbunQXc1AObUF4AaABAg,,False,@moonlight0198-m8k,😻😻😻,0,2024-09-17T13:01:14Z,2024-09-17T13:01:14Z
UgwUMuqrLSq4zK4TkJN4AaABAg,,False,@Felixin_ayakabisi,❤❤❤,0,2024-09-17T13:01:14Z,2024-09-17T13:01:14Z
UgyTOP1EYPGKWeQoVep4AaABAg,,False,@СтрайкидсСтэй,Первая,0,2024-09-17T13:01:13Z,2024-09-17T13:01:13Z
UgzjhT_fows9zqicVxd4AaABAg,,False,@СтрайкидсСтэй,Первая,0,2024-09-17T13:01:13Z,2024-09-17T13:01:13Z
Ugw4MnaFyqW2HeiuGJZ4AaABAg,,False,@sohakaysar,❤❤🎉😊,0,2024-09-17T13:01:12Z,2024-09-17T13:01:12Z
Ugzd4Q-rjIALuX5RxNx4AaABAg,,False,@yesthisiswhoiam,love them,0,2024-09-17T13:01:11Z,2024-09-17T13:01:11Z
UgxSi08JdwOLinG3I_p4AaABAg,,False,@stephanyferreira3704,🐿🦊🤍,0,2024-09-17T13:01:11Z,2024-09-17T13:01:11Z
UgzRzEX7KEve9d2n2tJ4AaABAg,,False,@Malak.__2013.ò,✨🎀🎀,0,2024-09-17T13:01:10Z,2024-09-17T13:01:10Z
UgwVOqy-bf7mrxNNM_54AaABAg,,False,@Solinunlysls,나는 내가 일찍 일어나는 새라고 생각한다.😅,0,2024-09-17T13:01:10Z,2024-09-17T13:01:10Z
UgwIaQfNlf1GCDDRnyJ4AaABAg,,False,@Амина-б4х4п,Ой милашка,0,2024-09-17T13:01:09Z,2024-09-17T13:01:09Z
UgwIzjs9mMBSSCdH6m94AaABAg,,False,@Hyunliks_skz,❤❤❤,0,2024-09-17T13:01:08Z,2024-09-17T13:01:08Z
UgxWix4DDrYoIy7MHIF4AaABAg,,False,@EmaK-nx1qr,❤,0,2024-09-17T13:01:08Z,2024-09-17T13:01:08Z
Ugw0SWBQGz3iVERY7Gl4AaABAg,,False,@anglchanni143,AWWWWWWH HOW ARE THEY SO CUTE,0,2024-09-17T13:01:07Z,2024-09-17T13:01:07Z
UgyxznaMYzSI1wyxCyJ4AaABAg,,False,@rahaf143H,The second,0,2024-09-17T13:01:07Z,2024-09-17T13:01:07Z
UgxrBdFwBlMyFh0Wol94AaABAg,,False,@مدريديه975,😂😂😂❤,0,2024-09-17T13:01:06Z,2024-09-17T13:01:06Z
UgygAwGDa2l0Veh_kwJ4AaABAg,,False,@Jisungiexwy,💗💗⭐🇹🇷🇹🇷⭐⭐⭐🇹🇷⭐⭐⭐🇹🇷🇹🇷⭐⭐🇹🇷🇹🇷💗⭐🇹🇷⭐,0,2024-09-17T13:01:06Z,2024-09-17T13:01:06Z
UgxlS3_KOgrqEjvg6X94AaABAg,,False,@hwang_jinnie_official,I love you IN ❤❤❤❤❤,1,2024-09-17T13:01:06Z,2024-09-17T13:01:06Z
Ugxt1_n6oBFS6ssQanV4AaABAg,,False,@Latife-e4o,COK TATLISSINIZ!!,0,2024-09-17T13:01:05Z,2024-09-17T13:01:05Z
UgzN8QczLEEeCA7Eb494AaABAg,,False,@F.B2012,hannieee❤,0,2024-09-17T13:01:04Z,2024-09-17T13:01:04Z
UgxNqShMO2O8YI6OXWR4AaABAg,,False,@Юми_зй,❤,0,2024-09-17T13:01:04Z,2024-09-17T13:01:04Z
UgzLBqU-w_8U5adPCid4AaABAg,,False,@Mini1320Skz,I love straykids❤❤❤,0,2024-09-17T13:01:03Z,2024-09-17T13:01:03Z
UgyoyBIoS5TrzFKw--V4AaABAg,,False,@stray_kingsssss,Cute💗💗💗,7,2024-09-17T13:01:03Z,2024-09-17T13:01:03Z
Ugxb46YDmEOE8h9M_HF4AaABAg,,False,@abcjisoo,WE LOVES STRAY KİDS,0,2024-09-17T13:01:03Z,2024-09-17T13:01:03Z
UgwbDyxVMrC6w2w2DOt4AaABAg,,False,@RawaaRawaa-e9s,I love you 😙💞,0,2024-09-17T13:01:03Z,2024-09-17T13:01:03Z
UgwO1cPiyGKRBeER1np4AaABAg,,False,@57_Haipik_75,❤❤❤❤❤❤❤❤❤❤❤❤,0,2024-09-17T13:01:03Z,2024-09-17T13:01:03Z
UgwICU1eVHSSkJaVQFt4AaABAg,,False,@c.p.x1,Cute❤,0,2024-09-17T13:01:03Z,2024-09-17T13:01:03Z
UgxkCb69r4sIf6yIKLJ4AaABAg,,False,@kiyora7036,사란해요😇,0,2024-09-17T13:01:03Z,2024-09-17T13:01:03Z
UgwzCVa4hQKZnp-cBfN4AaABAg,,False,@Stay_4ever-15,Bigestfan,0,2024-09-17T13:01:02Z,2024-09-17T13:01:02Z
UgxgIzIPeVDvJymoY6x4AaABAg,,False,@Skz..fannniie__3,Heheheh,0,2024-09-17T13:01:02Z,2024-09-17T13:01:02Z
UgzstoS7BNynCfrJQ2d4AaABAg,,False,@ام_لينو_الاصليه._14,한 사랑해요 ❤❤,0,2024-09-17T13:01:02Z,2024-09-17T13:01:02Z
UgxfqbLqhbZWjd0hxZ54AaABAg,,False,@MinnieEntle-t8i,So cute❤😂,0,2024-09-17T13:01:02Z,2024-09-17T13:01:02Z
UgxDFEP8jHMfhwppYJ54AaABAg,,False,@kpop_blackpink04,HAN TE AMO CON MI VIDAAA,2,2024-09-17T13:01:01Z,2024-09-17T13:01:01Z
UgyW5Pwxxgve9trlkQR4AaABAg,,False,@JasminKaur-f2v,So cute❤,0,2024-09-17T13:01:01Z,2024-09-17T13:01:01Z
UgyK2l1IlGFhbeB7Mth4AaABAg,,False,@Hanberrydominos,THATS SO ADORABLE!!❤❤❤😭😭 #LOVESTRAYKIDS,0,2024-09-17T13:01:00Z,2024-09-17T13:01:00Z
UgzK_u0U7mavTeizNkF4AaABAg,,False,@짜장면-z3z,미친뽀뽀즈 개귀여워 한지성 얼굴 왜케작아,14,2024-09-17T13:01:00Z,2024-09-17T13:01:00Z
Ugxhcjo8AgAGpJKs8Wp4AaABAg,,False,@Franelito-g6q,TODOS MIS ESPOSOS,0,2024-09-17T13:00:59Z,2024-09-17T13:00:59Z
UgyXgV5QLTObPyuxKaN4AaABAg,,False,@Felix-zb9ko,OHH SO CUTE,0,2024-09-17T13:00:59Z,2024-09-17T13:00:59Z
UgyD_L8vvNVUKuZH6yF4AaABAg,,False,@YunH-k1h,So cute❤❤,0,2024-09-17T13:00:59Z,2024-09-17T13:00:59Z
UgwfRRdPrxCZCL679BF4AaABAg,,False,@13xnxj,Hans cheeks are adorable 😭,2,2024-09-17T13:00:58Z,2024-09-17T13:00:58Z
UgwbiigNcwvgD5C7lgx4AaABAg,,False,@Reem-c3r5k,❤😂,0,2024-09-17T13:00:58Z,2024-09-17T13:00:58Z
UgwVglq3pq6sujBaK6x4AaABAg,,False,@breakingnewskz,THEY'RE SOOOOOO DAMN CUTE 😭😭😭,14,2024-09-17T13:00:58Z,2024-09-17T13:00:58Z
UgyF_rr8EipSHr1cvSN4AaABAg,,False,@Justanother_seungberry,I love em sm 😭 ❤,0,2024-09-17T13:00:57Z,2024-09-17T13:00:57Z
UgxkgkCTl_UEsL1YOUl4AaABAg,,False,@МичийэИванова-м1к,❤❤❤,0,2024-09-17T13:00:57Z,2024-09-17T13:00:57Z
UgxOWvinBYEYlvwGVUZ4AaABAg,,False,@Avi_stay.143,QUOKKA AND FOXINYY❤❤,0,2024-09-17T13:00:57Z,2024-09-17T13:00:57Z
UgxGPi3TDuOfO_xYVIR4AaABAg,,False,@Hanlee0325,Hiii❤,0,2024-09-17T13:00:56Z,2024-09-17T13:00:56Z
UgwedYsTrrXrQ7Mx9k54AaABAg,,False,@anee_m1,Innie ❤,1,2024-09-17T13:00:56Z,2024-09-17T13:00:56Z
UgzzYjMzeqA1y_qSS554AaABAg,,False,@Belinnnaayyy,Stray kids please çöme turkiyee 🇹🇷🇹🇷🇹🇷🇹🇷🇹🇷🇹🇷🇹🇷🇹🇷🇹🇷,0,2024-09-17T13:00:55Z,2024-09-17T13:00:55Z
Ugzh12t7pmcPgI52Qq94AaABAg,,False,@tranquility2305,So handsome ❤❤❤🐥,5,2024-09-17T13:00:55Z,2024-09-17T13:00:55Z
UgzBS6Ev_Grp5G2MoW14AaABAg,,False,@Felix.9990,يحياتتيييييي كيوتيتيتيتيي,0,2024-09-17T13:00:55Z,2024-09-17T13:00:55Z
UgyGGdgZtCets2cyMrV4AaABAg,,False,@IwasNEVE_here,STRAY KIDS!!! 💚🖤💚🖤💚🖤,0,2024-09-17T13:00:55Z,2024-09-17T13:00:55Z
UgzjZIzWXgrgqMR44bx4AaABAg,,False,@madride_c-r7,Wowwwwwwwwww❤❤❤❤,0,2024-09-17T13:00:54Z,2024-09-17T13:00:54Z
UgzCjNvQqsuMyM3AHXB4AaABAg,,False,@Leyan-e6m,Cuteeeeeeee!,0,2024-09-17T13:00:53Z,2024-09-17T13:00:53Z
UgwrY1eg28IvT8ZaTN14AaABAg,,False,@BenYusuf-yusko,Agaagagag,0,2024-09-17T13:00:53Z,2024-09-17T13:00:53Z
Ugy6f7Qg5zXK5iNI2hF4AaABAg,,False,@Stay_4ever-15,Pls pin,0,2024-09-17T13:00:53Z,2024-09-17T13:00:53Z
Ugz6huM5AKbFZWp3Mih4AaABAg,,False,@Hiah0917,슼둥가족어딧냐묘,0,2024-09-17T13:00:53Z,2024-09-17T13:00:53Z
Ugx6H4eNdeKuLojf2X94AaABAg,,False,@Jisungiexwy,YİXEMMM❤❤,0,2024-09-17T13:00:53Z,2024-09-17T13:00:53Z
UgxMyS8gywYQVVWv_jx4AaABAg,,False,@chumitlov,"내 인생에서 본 것 중 가장 아름다운 것, 사랑",2,2024-09-17T13:00:53Z,2024-09-17T13:00:53Z
Ugy1LWSxRX9-tm4j4sd4AaABAg,,False,@SeungminZ,❤❤,0,2024-09-17T13:00:53Z,2024-09-17T13:00:53Z
Ugx9zRR12vf2tlytWM94AaABAg,,False,@peanji1503,AAAAA CUTE~,0,2024-09-17T13:00:53Z,2024-09-17T13:00:53Z
UgxSVkt-ppSvpZq8nHB4AaABAg,,False,@amayraniruiz7396,❤,0,2024-09-17T13:00:53Z,2024-09-17T13:00:53Z
UgxOqTuQp51EvsWVRUF4AaABAg,,False,@sturniotripletsfan,Stray kids,0,2024-09-17T13:00:51Z,2024-09-17T13:00:51Z
Ugx0H4I65ydEpdLtxqF4AaABAg,,False,@Merve-s7e,❤❤❤,0,2024-09-17T13:00:49Z,2024-09-17T13:00:49Z
Ugyz5e85H0-F9cvDEw54AaABAg,,False,@BonnieAllieplays,ONG,0,2024-09-17T13:00:49Z,2024-09-17T13:00:49Z
UgwDiOLqWRq8fFF7Dup4AaABAg,,False,@user-unctjsvekns,한이 걍 내꺼해라!!!!ㅋ❤❤❤,1,2024-09-17T13:00:49Z,2024-09-17T13:00:49Z
Ugx1XPBnuVpg3EotXOt4AaABAg,,False,@armanihablado2528,EARLY!!,0,2024-09-17T13:00:48Z,2024-09-17T13:00:48Z
Ugwo11jj9-Yw1nOi_Q54AaABAg,,False,@cesarfarias2743,Hii,1,2024-09-17T13:00:48Z,2024-09-17T13:00:48Z
UgypOjDUdCUTwa-17Fx4AaABAg,,False,@changbin-y1m,HANNIEE,2,2024-09-17T13:00:47Z,2024-09-17T13:00:47Z
Ugw764iSspkqgdyrC9d4AaABAg,,False,@Queensnow201,I love u❤❤❤❤❤❤❤ veryyyy cute❤❤❤❤,0,2024-09-17T13:00:46Z,2024-09-17T13:00:46Z
Ugw764iSspkqgdyrC9d4AaABAg.A8UjNvxoJSQA8Ujr0np2Jv,Ugw764iSspkqgdyrC9d4AaABAg,True,@Queensnow201,Aaaaaaa veryyyyyyyyyyyyyyy cute😡😡😡😡😡😡😡😡😡😡😡😡😡😡😡😡😡😡😡😡😡😡😡😡😡❤❤❤❤❤❤❤❤❤❤❤❤❤❤😂,0,2024-09-17T13:04:53Z,2024-09-17T13:04:53Z
Ugx90NCD2Gn_pyD8D814AaABAg,,False,@plantorzo3259,cuteeeeee,1,2024-09-17T13:00:44Z,2024-09-17T13:00:44Z
UgyCqDgkuysJkXU_kBF4AaABAg,,False,@anellix06,cutiee,4,2024-09-17T13:00:44Z,2024-09-17T13:00:44Z
UgxMJbsZtjW-LSJ7aNZ4AaABAg,,False,@straykidslover02,cuteee😍🩷,0,2024-09-17T13:00:44Z,2024-09-17T13:00:44Z
UgyYZf9bPJJtLphoYcx4AaABAg,,False,@Aurorawr1,P,0,2024-09-17T13:00:43Z,2024-09-17T13:00:43Z
UgzF0oRJVZLqfboc3Zd4AaABAg,,False,@stayx143,SO CUTEEE,14,2024-09-17T13:00:43Z,2024-09-17T13:00:43Z
UgyJ0Elhe8IsSqLQMGZ4AaABAg,,False,@CynthiaSustaita-p5f,Second person,0,2024-09-17T13:00:42Z,2024-09-17T13:00:42Z
Ugy1SpxqU_oIysH1Xdt4AaABAg,,False,@chRIZZtopher_7_kids,They are saurr cute 😭💖,0,2024-09-17T13:00:41Z,2024-09-17T13:00:41Z
UgxTVdhon-1Y75PrB-14AaABAg,,False,@sky_iris_amelia_thecutie,ILYYYY,1,2024-09-17T13:00:41Z,2024-09-17T13:00:41Z
Ugxh-3svQmwQQl9cF5d4AaABAg,,False,@IsisArtemis-g1p,Two baby,0,2024-09-17T13:00:41Z,2024-09-17T13:00:41Z
Ugyt6F0KsXS2AH1ci814AaABAg,,False,@mayasophhy,❤,0,2024-09-17T13:00:40Z,2024-09-17T13:00:40Z
Ugzopce_iHoEEbYhVZB4AaABAg,,False,@Shinhanaoffical,Han and I.n are too cute,155,2024-09-17T13:00:37Z,2024-09-17T13:00:37Z
Ugzopce_iHoEEbYhVZB4AaABAg.A8UjMkTaB7qA8UjbVjIwnD,Ugzopce_iHoEEbYhVZB4AaABAg,True,@SweetStay-,facts <3,3,2024-09-17T13:02:46Z,2024-09-17T13:02:46Z
UgwzVssmB8Tvdu27y5J4AaABAg,,False,@ayushipriyadarshni2378,2nd one to like yes,0,2024-09-17T13:00:36Z,2024-09-17T13:00:36Z
Ugy1mXCjac-uRrVPGRF4AaABAg,,False,@MaryamRoblox11,First,0,2024-09-17T13:00:36Z,2024-09-17T13:00:36Z
UgztGUvJ1MVsU1pnYgZ4AaABAg,,False,@callme3mo_x,First?!,0,2024-09-17T13:00:36Z,2024-09-17T13:00:36Z
Ugz43Cc9TVB7tzM65lB4AaABAg,,False,@stay11-bc11,❤❤❤,0,2024-09-17T13:00:35Z,2024-09-17T13:00:35Z
UgyKH73yuhvSghz-ebJ4AaABAg,,False,@Nlnojojon,First,0,2024-09-17T13:00:34Z,2024-09-17T13:00:34Z
Ugwo6Dlqu4bfbw44ZRV4AaABAg,,False,@Kenia1437,❤,0,2024-09-17T13:00:34Z,2024-09-17T13:00:34Z
Ugziby1lSzZCIbNhdjx4AaABAg,,False,@sofiiqueen630,💗💗🌷🌷,0,2024-09-17T13:00:30Z,2024-09-17T13:00:30Z
Ugzlq4zEgKIbewu1rp54AaABAg,,False,@Kpopfanforever-i7s,❤❤❤❤❤❤❤❤❤❤❤❤,1,2024-09-17T13:00:30Z,2024-09-17T13:00:30Z
Ugzzbzi92Bf-wSCOkj54AaABAg,,False,@Jenna-skz143_5J,❤❤❤❤,0,2024-09-17T13:00:27Z,2024-09-17T13:00:27Z
