comment_id,parent_id,is_reply,author,text,like_count,published_at,updated_at
Ugy8dDTKfWYT5PrSSqp4AaABAg,,False,@에이-c6y,"나 또 왔어... 이영상에서 벗어나는 방법 
없습니다",0,2025-05-17T03:14:25Z,2025-05-17T03:14:25Z
UgxKrKucBvB_FbzaMWd4AaABAg,,False,@darkchochonute,🩵🩵,0,2025-05-16T12:38:44Z,2025-05-16T12:38:44Z
UgwQlnia1aE76SXJFYJ4AaABAg,,False,@freya0201,YOUTH will have a sibling! june 9th i can’t wait!!!!!,1,2025-05-11T10:33:27Z,2025-05-11T10:33:27Z
UgyX_o3-yf7wjnER9Tt4AaABAg,,False,@leek226,하 진짜 벅차올라,0,2025-05-11T02:46:31Z,2025-05-11T02:46:31Z
UgyWdqM0XYFjn3KFRMJ4AaABAg,,False,@연우석-o8d,"이선희 선뱌림이 커버 한 번 해줘쓰면 조켄네,,",0,2025-05-01T04:16:59Z,2025-05-01T04:16:59Z
UgzQI-bOVKwcPlc_K-Z4AaABAg,,False,@darkchochonute,indah banget 🥹🐰🍀,0,2025-04-30T23:18:38Z,2025-04-30T23:18:38Z
Ugx3BKA0XCbBKaGYYOp4AaABAg,,False,@mochimi214,"안녕하세요.일본 시즈니입니다.
도영님은 이 댓글을 안 볼 수도 있지만,감사하러 왔습니다.번역을 사용하고 있기 때문에 이상했다면 미안해요.우선 어색해서 오빠라고 부르게 해주세요.
제가 이 영상에 코멘트를 쓰는 것도 의미가 있어요.이 영상이 나온 날는 제의 사랑하는 멍멍이가 별이 된 날이에요.그날 많이 울고 있었어요.매우 슬프고 죄송한 마음 때문에..근데 이 영상을 보았을 때에도 눈물이 나왔어요.뭔가 제의 가족이되어 주셔서 감사한 마음도 있고 행복했던 기억이 떠오르고,천국에서도 많은 밥을 먹고 많이 달리고 놀고 있으면 좋겠어!!!이런 느낌으로 울고 있었다고 생각해요.지금도 때때로 기억하고 눈물이 나오지만 아름다운 기억을 많이 기억할 수 있는 것은 오빠의 노래 덕분이에요.오빠의 요코하마 공연에서 처음으로 직접 새봄의 노래를 들었던 때에도 진짜 많이 울었어요ㅎㅎ너무 감동했고 이 노래를 더 더 좋아하게 됐어요.오빠의 노래가 저를 몇번이고 구해주었어요.진짜 노래를 불러 주어서 고마워요.
며칠 전 오빠의 두 번째 단독 콘서트 정보가 나왔어요.축하드려요~저는 갈 수 없지만ㅠㅠ오빠를 사랑하는 많은 시즈니와 함께 행복한 시간 보내세요~약속이에요!!
전하고 싶은 일이 많아서 길어졌지만 (아직 부족하지만)오빠의 편을 드는 사람들이많다는 것을 잊지 마세요.
더모멘텀 도쿄돔 공연이 끝나면 제가 다음 오빠를 만남은 좀 늦을 것 같아요.솔직히 이미 너무 슬프고 그때도 또 울 것 같지만 언제까지나 기다리고 있어요!!!
만약 부담이 되면 죄송하지만 ""일이칠오빠들이가 NCT127인 한 저는 시즈니에요.""아무데도 가지말고 이 소중한 자리를 지킬게요.
다시 한번 항상 많니 고맙고 정말 사랑합니다.밥을 잘 챙겨 먹고 쉬는 시간에는 푹 자고 건강하고 행복하게 지내세요. 愛してる~~♡
아 유타오빠가 가끔 말하고 있지만 일본인은 사랑한다는 말을 많이 말하지 않아요!근데 일이칠오빠들에게 많이 말하고 싶어요!!!뭔가 갑자기 부끄러워ㅋㅋㅋ하지만!정말 진심이에요!!!사랑해!!!!!!!!",0,2025-04-23T05:58:45Z,2025-04-23T05:58:45Z
UgzIFe2Wpdel4Y6GukR4AaABAg,,False,@고은-v7z,도영아 1주년 축하해.,1,2025-04-21T15:58:13Z,2025-04-21T15:58:13Z
UgzJcG_HeT2IBI3vih54AaABAg,,False,@Aaaaaplepan,"‘노력은 배신하지 않는다’ 라는 말을 굳건히 믿으며 살아왔지만, 노력도 가끔은 아니 어쩌면 자주 우리를 배신한다. 하지만 노력은 그 자체로 가치가 있다. 그러니 부디 포기하지 말길. 느려도 뒤쳐져도 좋으니 꾸준한 사람이 되길. 우리가 가는 모든 길이 정답일테니, 마음껏 후회하고 넘어지며 당당하게 살아가자.",5,2025-04-08T16:29:09Z,2025-04-08T16:29:09Z
UgwQjCwkGMNqDJzVi9t4AaABAg,,False,@hy0_onna,거즘 일년만에 다시 봤는데 진짜 처음봤을 때 느꼈던 감정들이 벅차오른다,3,2025-04-08T03:58:55Z,2025-04-08T03:58:55Z
Ugy_1yyrl-vCOD937zl4AaABAg,,False,@lifeispuckfuck,도영아 진짜 너무 좋다,0,2025-04-07T09:42:50Z,2025-04-07T09:42:50Z
UgxSelYGuozYHCphHF14AaABAg,,False,@김동이동,이제 완전한 봄이야 도영아,0,2025-04-06T14:38:38Z,2025-04-06T14:38:38Z
UgxfwfK-A3XJm6SXtuV4AaABAg,,False,@roexdi,도영아 보고싶어,0,2025-04-06T04:06:43Z,2025-04-06T04:06:43Z
UgxvlT5SqPZBXAzSAWB4AaABAg,,False,@NEO2016CT,"벛꽃을 봐도 벛꽃이네~ 봄인가부다 하고 그냥 별생각 없이 넘기던 나에게 봄을 기다리게 해주고 봄을 특별한 계절로 느끼게 해줘서 , 봄이 따뜻하고 포근한 계절이였구나를 비로소 느끼게 해줘서 고마워 
이제 나에게 봄은 도영이 그자체야 
나의 20살 첫 봄을 특별하게 , 청춘 그 자체로 받아드릴수 있게 해줘서 또 21살 2025년의 이번 봄을 더 다채로운 색으로 시작할 수 있게 해줘서 고맙고 고마워
앞으로도 나의 새봄은 도영이일거야 봄만 되면 새봄의 노래가 자동으로 떠오르고 결국에 나의 봄은 도영이로 완성되거든 
도영이에게도 앞으로의 모든 봄이 새봄이길 바라며 도영이의 영원한 청춘을 응원해 사랑해",2,2025-04-05T17:23:10Z,2025-04-05T17:23:10Z
UgxvVxGEbpJByfgG5Tl4AaABAg,,False,@nyty21,Happy one year to this beautiful intro film,0,2025-04-05T10:05:51Z,2025-04-05T10:05:51Z
UgxRCEY4neNT8tjfSN14AaABAg,,False,@jungwo2o,도영이의 계절이 왔어☺️,2,2025-04-05T08:23:29Z,2025-04-05T08:23:29Z
Ugz0sGHdOBCOCyvBo754AaABAg,,False,@noname-sy5te,아주 힘든 시기를 지나고 무엇이라도 다시 시작해보려고 부단히 스스로를 일으켜 세우던 시기에 등을 가장 밀어주던 노래에요 모두의 새봄을 응원합니다 도영이두요❤,1,2025-04-05T07:01:50Z,2025-04-05T07:01:50Z
UgwEE1z6uToFV4LSgYJ4AaABAg,,False,@yeoleum802,"도영아 일년이 지나 새봄이 다시 찾아왔어 올해의 새봄은 조금 더 도영이에게 따스하길, 올해의 도영이의 청춘은 조금 더 푸르디 푸르길. 도영이의 새봄을 또 한 번 더 응원해",3,2025-04-05T01:24:46Z,2025-04-05T01:24:46Z
UgwBA8YxCUj0kBQ2vX94AaABAg,,False,@inyourpomal,"도영아 벌써 새봄의 노래가 내 곁에 찾아온지도 1년이 되었어 너 덕분에 유독 봄이 기다려지고 더욱 따뜻한 봄을 맞이 할 수 있었어 너의 봄도 그러하길 바래 도영아 너의 새봄을, 청춘을 응원해",2,2025-04-05T00:18:48Z,2025-04-05T00:18:48Z
UgxQrxTCvLPTCzSHK1B4AaABAg,,False,@00ivorring52,새붐온,0,2025-04-04T23:38:05Z,2025-04-04T23:38:05Z
UgxOupNVBEL48gdD_A94AaABAg,,False,@Haebitze,"Udah setahun, udah ditonton berkali-kali tetep bikin merinding, terharu sama kagum. DOYOUNG yang terbaik.",0,2025-04-04T22:56:31Z,2025-04-04T22:56:31Z
Ugyfv342PND9L0czKjB4AaABAg,,False,@hsinhuijih3307,1 year🥺🫶🏻,0,2025-04-04T15:59:01Z,2025-04-04T15:59:01Z
Ugwx-6wwRzgGJI5B57x4AaABAg,,False,@dylover0201,어떻게 사람 서사 자체가 봄 일수가 있지..도영이를 알고나서 매일이 봄이야🥹겨울에 태어났지만 봄처럼 따스함을 가진 도영이를 늘 응원해 많이많이 사랑해,4,2025-04-04T15:45:52Z,2025-04-04T15:45:52Z
UgzjEprj-PBp3JmRUL94AaABAg,,False,@dylover0201,새봄아 사랑해 도영아 고마워 사랑해,2,2025-04-04T15:05:34Z,2025-04-04T15:05:48Z
UgyyLPqXLe0Suwvq3sJ4AaABAg,,False,@sn0w_bunny9621,1년 축하해 청포도,3,2025-04-04T15:02:16Z,2025-04-04T15:02:16Z
UgyeHvHH2d0_FzhehNt4AaABAg,,False,@An_ku0709,이번 연도 겨울에는 함께일 수 없을지도 모르지만 이젠 새봄이 찾아왔으니까.,0,2025-04-04T12:07:26Z,2025-04-04T12:07:26Z
Ugyw0nqFOdvvpsFiR0J4AaABAg,,False,@inyourpomal,도영아 봄이 왔어,1,2025-04-04T10:15:06Z,2025-04-04T10:15:06Z
UgwZktCWWZuyRnaro2l4AaABAg,,False,@do0._96,다시 찬란한 새봄이 왔어 도영아,5,2025-04-04T09:33:47Z,2025-04-04T09:34:01Z
UgwNh4HUcTciUFi9K1p4AaABAg,,False,@나는무너-l5t,봄이 찾아왔다 드디어❤,2,2025-04-04T09:20:08Z,2025-04-04T09:20:08Z
Ugz-WnZFEfAwlOU0ZH14AaABAg,,False,@be_able2,"하루 뒤면 이 영상이 나온지도 1주년이네. 오래도록 기다려온 찬란한 새봄이 드디어 우리 앞에 펼쳐졌다. 이 노래 덕분에 추운 겨울을 견디고 버틸 수 있었어. 도영아, 노래해줘서 고마워.",13,2025-04-04T07:01:52Z,2025-04-04T07:01:52Z
UgwMAdzDoyrEWlOxuJV4AaABAg,,False,@핑핑블,봄이왔어,11,2025-04-04T06:48:34Z,2025-04-04T06:48:34Z
UgzyMZ1IW6eR9IGQHMF4AaABAg,,False,@yuinwon,역주행 가자,5,2025-04-04T06:05:53Z,2025-04-04T06:05:53Z
UgzqXpn_yDY8-vCdKM94AaABAg,,False,@user-ps8si6pt6l,봄이다 드디어,8,2025-04-04T05:43:41Z,2025-04-04T05:43:41Z
UgwznfCYEb1b9lUrapx4AaABAg,,False,@유별-r4j,새봄날 듣는 새봄의 노래 🩵,12,2025-04-04T05:03:13Z,2025-04-04T05:03:13Z
UgwgWTbuKfgkCvHAHR94AaABAg,,False,@forddo_rab,벌써 1주년이네 도영아 2025년의 오늘은 새봄이 왔어,38,2025-04-04T04:08:34Z,2025-04-04T04:08:34Z
Ugz38d5Us0PeVM2vstJ4AaABAg,,False,@userofceliennn,도영아 드디어 마침내 봄이 왔다,53,2025-04-04T03:56:41Z,2025-04-04T03:56:41Z
UgyleVgjeSO0te3eNuB4AaABAg,,False,@흐흐-t8h,오늘 하루종일 새봄의 노래를 들어야지. 날씨도 봄이고 우리도 봄이야,23,2025-04-04T03:08:18Z,2025-04-04T03:08:18Z
UgxKGWvXHvvtvnpRAzl4AaABAg,,False,@최저뉸,다시금 찬란한 봄이 왔어 새봄이 왔어 도영아,33,2025-04-04T02:38:38Z,2025-04-04T02:38:38Z
UgwN7dVtgZZNFldi5N14AaABAg,,False,@br1anna21,happy 1 year to the most beautiful intro film ever,9,2025-04-03T17:24:44Z,2025-04-03T17:24:44Z
Ugwuyha6sm6QtmPGrwJ4AaABAg,,False,@Dytrack-201,이것만 보면 도영이가 노래한 청춘의 시작이 너무 아름다워서 마음이 울렁거림,10,2025-03-27T14:17:22Z,2025-03-27T14:17:22Z
UgyLBGr_jdknY4xmCF14AaABAg,,False,@mongddong7,역시 대기업은 다르구나,5,2025-03-24T14:26:34Z,2025-03-24T14:26:34Z
Ugw-68StyjsnquE_1st4AaABAg,,False,@ladamoiselleelue5588,진짜 소름돋도록 좋은 영상미와 노래다 💙,8,2025-03-23T11:55:38Z,2025-03-23T11:55:38Z
UgzC0ScIZYOnFOl9uNx4AaABAg,,False,@imbeayourbae,"I'm here again because of Sung Hanbin. Doyoung, I love your songs so much 🥹🩵",5,2025-03-23T09:09:27Z,2025-03-23T09:09:27Z
UgzGXWjiiHwhSQ_QLPN4AaABAg,,False,@shanbins,"thanks sung hanbin for reminding me once again that this masterpiece exists. badly need KDY2 now, oh how immaculate you are doyoung-ah.",3,2025-03-23T03:38:36Z,2025-03-23T03:38:36Z
Ugx58kL9ehjKWT5X6f54AaABAg,,False,@오호-s5n,"성한빈 군이 티저 오늘 보고 오라해서 들렀습니다
사실 작년 봄부터 새봄의 노래, 반딧불, 댈러스 러브필드, 나의 바다에게 플리에서 빠진 적이 없어요
우리 한빈이도 도영군처럼 멋진 곡들로 멋진 아티스트가 되길 이 영상에서 염원해보고 갑니다..♡",24,2025-03-22T18:57:03Z,2025-03-22T18:57:03Z
UgxBryldkT9rj4y4f6t4AaABAg,,False,@a-jelly6361,❤❤❤❤❤❤,1,2025-03-22T14:34:25Z,2025-03-22T14:34:25Z
Ugx-OZVZ7XGoWCJcspl4AaABAg,,False,@haticemuslu11,Kdy2 coming soon 🙏🏻,2,2025-03-15T02:17:15Z,2025-03-15T02:17:15Z
UgyCkx9OaJe0jyFmNDR4AaABAg,,False,@hayoonooyah,다시 이거 들을 계절이 오고 있다,10,2025-03-13T11:36:36Z,2025-03-13T11:36:36Z
UgxXOFQ0ee0czsnE2Ex4AaABAg,,False,@user-trueblue,"느낀게 있다면 도영이는 장르가 뭐가 됐든지 스케일이 큰 음악을 해야할 것 같아
그래야 도영이 보컬의 강점들이 극대화 되는 것 같아
물론 더 머리아파지고 할게 많아지고 예산도 훨씬 더 많이 들지만 그래도 도영아 스케일 큰 음악 하자
미니멀한 것들은 수록곡으로 하면 되는거니까
너의 목소리는 그걸 다 품을 수 있는 목소리야 그걸 다 품고 날아오를 보컬이야 정말",6,2025-03-05T10:36:40Z,2025-03-05T10:39:13Z
UgxVX0Fu70BGZpi72Dd4AaABAg,,False,@pink_bloood,봄과 여름의 향이 났던 1집과는 달리 2집에는 늘 곁에 있지만 없다고 느껴질때도 꺼내들으면서 마음을 채워주어야 하니까 사계절을 담겠다는 도영이..,8,2025-03-04T12:50:50Z,2025-03-04T12:50:50Z
UgwJncHOwzrt1vaZkOF4AaABAg,,False,@real_vibe_killer,6개월 간잽이하고 있었는데 이거보고 인정하고 개큰입덕했음. 자정에 티져가 떠서... 그 날 새벽 1시 넘어서까지 돌려봤었던 것 같은데.. 도영이를 포함한 많은 사람들의 노고가 모여 이렇게 감동적인 필름이 나와서 눈물 살짝 났었음.....,9,2025-03-02T12:12:39Z,2025-03-02T12:12:39Z
UgxQVtW_txm3U2iFrUt4AaABAg,,False,@eunji-y1s,새붐온,6,2025-03-02T07:05:36Z,2025-03-02T07:05:36Z
UgyXgW-YBM1om3N7i4p4AaABAg,,False,@rem-1d,"봄이 오고있는 기념으로 
이 영상을 처음 봤을 때 느낀 감정을
다시 느끼러 왔습니다…",5,2025-03-02T01:28:38Z,2025-03-02T01:28:38Z
Ugz5-AKBBQWBtEMu6bJ4AaABAg,,False,@뽑,봄맞이 들으러 왔어용…..,5,2025-03-01T17:00:12Z,2025-03-01T17:00:12Z
Ugy8eSHUm5owW6YOdEh4AaABAg,,False,@나당-g5k,아직도 이 영상을 처음 봤을 때 그 설렘을 잊을 수 없어….🥹,6,2025-02-28T17:32:06Z,2025-02-28T17:32:06Z
UgyWULZ0Up_k_ev3Tv54AaABAg,,False,@Meowww_0201,"행복했던 감정을 다시 느끼고 싶어 강을 거슬러 오르는 연어마냥 주기적으로 찾아오게 되네요
처음 이 영상을 마주했을 때 느꼈던 계절의 온도와 분위기, 날 둘러싸고 있던 공간의 모든것들이 아직까지 생생해요 아마 절대 잊지 못할 순간일 것 같아요 이것 또한 도영이의 노래가 가진 힘이겠죠
지금의 감정들이 당시 느꼈던 벅차오름과 감동의 무게와 완전히 같다고 할 수는 없겠지만, 최신 댓글에 계신 모든 분들의 오늘들도 이 영상처럼 기억하고 싶은 나날들이길 바라봅니다",10,2025-02-24T09:48:45Z,2025-02-24T09:48:45Z
Ugwv6F7DZKkS8ebL9UB4AaABAg,,False,@미므-z5h,아직도 이거 첨봣을때 벅차오름 잊지못함. 나를 작년 4월로 데려다놓는 영상,9,2025-02-18T10:51:04Z,2025-02-18T10:51:04Z
Ugyj8EqHFU-R0e1rjIJ4AaABAg,,False,@미므-z5h,아직도 이거 첨봣을때 벅차오름 잊지못함. 나를 작년 4월로 데려다놓는 영상,5,2025-02-18T10:50:29Z,2025-02-18T10:50:29Z
UgznXxnKUs5d-ElvM_h4AaABAg,,False,@forddo_rab,두번째 앨범에서 곧 만나자 도영아,5,2025-02-10T17:57:13Z,2025-02-10T17:57:13Z
Ugw-RDwjDYnY1jABNt14AaABAg,,False,@cucu3987,아직도 이 영상 떴을 때 감동이 잊혀지지가 않아,7,2025-02-10T08:38:18Z,2025-02-10T08:38:18Z
UgxL1vhCd5aMTgUHS5t4AaABAg,,False,@원영이내가낳을걸,오늘도 행복해야해 울지말고 속상해하지말고 그렇게 예쁘게만 있어,1,2025-02-04T15:51:06Z,2025-02-04T15:51:06Z
UgywdsLQzfLpnZ-wnuV4AaABAg,,False,@inyourpomal,이 비디오를 처음 봤을 때로 새봄의 노래를 처음 들었을 때로 돌아가고 싶다,4,2025-02-04T13:29:10Z,2025-02-04T13:29:10Z
UgxOUM1DFR5B17IU-yd4AaABAg,,False,@해찬엄마,계속계속 봐도 어제 봐도 오늘 또 봐도 소름임,5,2025-02-04T06:05:29Z,2025-02-04T06:05:29Z
UgxPnnkY-o8nix6JXtB4AaABAg,,False,@fullssun6,이 영상이 도영이의 포말의 시작을 알렸던 순간이었는데… 이걸 본 순간 도영이가 말해주는 청춘 속의 음악이 더 기대가 되고 벅찼는데 내가 생각했던게 한없이 작아보일만큼 도영이의 청춘의 포말이라는 음악은 더 벅차고 시리도록 눈부셨다는 것……,8,2025-01-15T18:19:43Z,2025-01-15T18:20:17Z
Ugy2Y-P135Rks2UuBZN4AaABAg,,False,@ujeongddi,시간이 지나도 우리의 청춘은 끝나지 않을거야!,7,2025-01-08T03:18:45Z,2025-01-08T03:18:45Z
Ugwp6pL82mtNRPoUs1B4AaABAg,,False,@lovemazeee,"도영아. 나는 이 티저를 처음 봤을 때 그리고 0:38 이 부분을 처음 들었을 때의 그 감동을 아직도 잊지 못하고 살아 ,, 도영이가 가져오는 도영이만의 노래는 얼마나 좋을까 했는데 역시나 그냥 너무 도영이가 들려주는 청춘의 노래 그 자체라 이때의 감동을 아직도 잊지 못하고 있어,, 우리 도영이 올해 청춘의 포말을 시작으로 솔로 콘서트 투어와 그리고 시리눈까지 정말 열심히 달려왔는데 달려오던 그 길이 마냥 평지였다고는 할 수 없겠지만 그래도 네가 넘어지지 않고 끌까지 달려와준 게 정말 너무너무 고맙고 기특해 우리 토키... ㅠㅠ 
이 앨범이 나올 때 청춘의 포말들로 우리를 위로하고 사랑하고 고마움을 전해준다던 너의 말이 잊히지 않는데 도영이에게도 올해가 누군가에게 사랑과 위로 고마움을 잔뜩 받은 한 해로 남았으면 좋겠네. 
나는 정말 너라는 다정한 아이를 알게 된 이후로 위로도 받고 사랑도 받았고 특히나 네가 불러주는 노래들을 들으며 정말 많은 감정들을 느낄 수 있게 되어서 정말 너무 행복하거든. 
그러니 도영아 나는 가끔 우리 도영이가 자신에게 쏟아지는 무수한 사랑을 가끔은 너무 많은 생각 말고 그냥 잔뜩 받으며 행복함을 느꼈으면 좋겠어엉... 너는 그래도 될 정도로 이미 팬들에게 큰 행복이자 자랑이거든 ㅠㅠ... 팬들은 네가 노래를 하지 않아도 그리고 네가 무대에서 노래를 하는 동안에는 더더욱 너의 곁을 떠날 일이 없으니 너는 그저 행복하게 좋아하는 노래 평생 불렀으면 좋겠어 진심으로. 
내 행운 내 행복 내 청춘 도영아 올해 정말 너무 고생 많았고 다가오는 내년에도 언제나 늘 너를 응원하고 있을게 우리 같이 또 열심히 달려보자 @.@ 귀엽고 다정한 토끼야 늘 건강하고 행복하기를 바래 해피뉴이어💙💚🍀🐰🍀💚💙",10,2024-12-31T14:35:57Z,2024-12-31T16:27:01Z
UgzpofGV-khsZBGWlbd4AaABAg,,False,@do0_liliy,"올해 나를 가장 응원해줬던 이 노래 
늘 도영이는 음악으로 나를 그리고 우리를 응원해줘 나는 2024년을 노래의 힘으로 버텨왔어 내년에도 더 힘내 볼게 2024년 너의 마지막 20대를 누구보다 열심히 달려온 도영아 너무 수고했고 내년에도 잘 부탁할게 사랑해 천사야",6,2024-12-31T09:16:22Z,2024-12-31T09:16:22Z
UgxT70t1KX3EiKP6T3x4AaABAg,,False,@뎡이-y9m,"올해 가장 벅찼던 순간 진짜 ㅜ 
도영아 올해 진짜 너로 가득해서 너무 행복했어🥹🤍",4,2024-12-30T17:55:33Z,2024-12-30T17:57:14Z
UgwkfsZqIyDTbqEjnl14AaABAg,,False,@mnm-7u,"2025 첫 시작에 이 영상 봐야겠다!!
도영이 새해 복 많이 받아🍀",4,2024-12-30T15:52:07Z,2024-12-30T15:52:07Z
UgyK1Csje13s_Vk4myZ4AaABAg,,False,@thme6222,I’m looking forward to KDY2 🥹,3,2024-12-21T17:38:20Z,2024-12-21T17:38:20Z
UgzL9SA9JKBQinQWLMZ4AaABAg,,False,@스텔라-i8d,도영 그자체를 표현한 느낌이라 이 티저 진짜 계속 보게됨ㅜㅜㅜㅜ,5,2024-12-18T16:06:12Z,2024-12-18T16:06:12Z
UgxlOKQG0ULe0k3ZJAF4AaABAg,,False,@ffurnbydy,"wish i could back to the time this released, what a magical moment 🥺",5,2024-12-16T03:38:15Z,2024-12-16T03:44:07Z
UgwG5kIMyiCXdOygfLJ4AaABAg,,False,@Aaaaaplepan,"내일 2학기 기말고사가 시작되는데 여태까지 치룬 네번의 시험 증 가장 긴장이 된다. 시험이, 대학이 내 인생을 보장해주는것도 아니고 내 인생의 전부도 아니라는 것을 꼭 명심했으면 좋겠다. 결과와 무관하게 나의 노력과 투자한 시간은 가치있다. 그저 늘 그랬듯이 미련보다는 후회가 남기를 바란다.",4,2024-12-08T16:13:12Z,2024-12-08T16:13:12Z
UgzFxqWcckp3Tie-io54AaABAg,,False,@원영이내가낳을걸,"이 때의 감동을 아직도 잊을 수 없음,,,진짜 너무 설렛다",9,2024-12-04T22:10:33Z,2024-12-04T22:10:47Z
UgzmoTl_fyrHTXare894AaABAg,,False,@do0ddo0_nct,🍀,0,2024-12-03T17:08:27Z,2024-12-03T17:08:27Z
UgzVHMepNSUaZCcXEAB4AaABAg,,False,@rui3535,ソロコンの始まりでこれ使ったのは天才すぎる,5,2024-11-20T03:49:34Z,2024-11-20T03:49:34Z
Ugw6_0TgeO5JGNYMmZd4AaABAg,,False,@yl_ss,proud of you doyyie!,4,2024-11-15T11:12:26Z,2024-11-15T11:12:26Z
UgwtveMtvuHwHQt_fGx4AaABAg,,False,@user-rimkim,내 첫사랑은 너야 도영아……,4,2024-11-15T10:00:33Z,2024-11-15T10:00:33Z
Ugx9fOmZ_5nzBLO59HZ4AaABAg,,False,@reyniashifa6591,aku kangen masa masa Doyoung solo debut 😔,6,2024-11-11T08:41:12Z,2024-11-11T08:41:12Z
UgzjQoz9sltVLh4XQ0x4AaABAg,,False,@nyty21,"The magical Beginning will have a sister called The Story. Thank you for the amazing songs, my soloist",5,2024-11-05T06:51:17Z,2024-11-05T06:51:17Z
UgwF4qpFcLjT2dCfmWN4AaABAg,,False,@세상에-e4b,내일 도영이 보기전에 처음부터 복습하기,7,2024-11-01T11:21:33Z,2024-11-01T11:21:33Z
UgzeQdk6koQJHFFyGMh4AaABAg,,False,@nunu200,또 봐,4,2024-10-28T13:33:22Z,2024-10-28T13:33:22Z
Ugy-sVA5akK0od5HTBx4AaABAg,,False,@LUCAS_NAING,Why is the MV ain’t like this 😞,0,2024-10-23T18:17:48Z,2024-10-23T18:17:48Z
Ugz99GAZpvei7FE-W2F4AaABAg,,False,@ixoraazalea,This is magical,7,2024-10-23T17:11:04Z,2024-10-23T17:11:04Z
UgzFwtTERvpTkksFyfh4AaABAg,,False,@noonyada,Little (Mermaid) Doyoung 😍,0,2024-10-20T07:05:04Z,2024-10-20T07:05:04Z
UgyD4KjRhki6r_r3AHx4AaABAg,,False,@roexdi,나 또 보러왔잖니 진짜 볼때마다 벅차오른다ㅠㅠㅠ,12,2024-10-17T16:43:42Z,2024-10-17T16:43:42Z
Ugy1pWje1d23Vdm_QJh4AaABAg,,False,@user-tfuginagak,구라안치고 올해 가장 심장뛰었던 날 이거 뜬 날임,13,2024-10-13T05:13:08Z,2024-10-13T05:13:08Z
Ugw8d3ixyz17dEP1gmN4AaABAg,,False,@nurlailiwidyawati4121,Mau diliat sampe berapa kali pun ini teaser masih keliatan WOW banget 😭😭,13,2024-10-09T12:37:24Z,2024-10-09T12:37:24Z
UgxL27Qovl7yjZCD-zl4AaABAg,,False,@요로롱-n6z,이렇게 완벽한 프로모는 진짜... 다신 없을 것 같음,16,2024-09-27T07:38:27Z,2024-09-27T07:38:27Z
UgzX5MFq4VNzZy231gB4AaABAg,,False,@nctzeni_7,진짜 시즈니들 말이 맞는듯 내 인생에 최고의 티저..,15,2024-09-23T13:35:11Z,2024-09-23T13:35:11Z
Ugx6iJMsiXNlluAJ5yh4AaABAg,,False,@Hatzzan,"이거보고 김도영 미쳤구나 했는데 정말 미친 앨범이 나옴,,,, 나쁜 의미 아니고 다른쪽으로 미친거라는거 아시죠",11,2024-09-22T11:38:39Z,2024-09-22T11:38:39Z
Ugy27SLNO9UVGX9c-M14AaABAg,,False,@Aaaaaplepan,"늘 그랬듯이 시간이 흘러가는대로 살다가도, 무기력해지고 힘이 빠질때가 많다. 나의 청춘이 때론 무겁고 버겁게 느껴질 때, 이 영상을 들여다 보게 된다. 등급을 나누고 순위 매기기 좋아하는 대한민국의 경쟁사회 속에서, 뒤쳐지지 않기 위해 끊임없이 노력해야 하는 삶은 어쩌면 늘 고단하고 외롭다. 그런 나에게 도영이의 노래는 위로와 희망을 가져다 준다.",12,2024-09-21T17:49:14Z,2024-09-22T01:59:32Z
UgzYfgFRYf-4QyU65b54AaABAg,,False,@KimMinjeong0103,지금까지 들어본 가장 아름다운 인트로 영상입니다. 목소리도 좋고 편곡도 훌륭합니다...,9,2024-09-21T09:25:27Z,2024-09-21T09:25:27Z
UgwWWYbl7JHIjpSlaAN4AaABAg,,False,@enokitake7532,All time favorite <3,6,2024-09-18T14:05:14Z,2024-09-18T14:05:14Z
UgxSeFaYzLRmkiMlBXF4AaABAg,,False,@도영글라스,개인적으로 올한해를 바쁘게 보내면서 행복했나? 하는 생각이 들다가 문득 이 티저가 보고 싶어서 다시 보러왔는데 나는 행복했었구나 깨달았어 고마워 도영아🩵,6,2024-09-15T16:01:19Z,2024-09-15T16:01:19Z
Ugw1ta0XFe2Nwv98Z114AaABAg,,False,@skidz1533,"Masih legend sih ini , perasaan teh terharu liat klip ini",11,2024-09-10T13:14:13Z,2024-09-10T13:14:13Z
UgyLsHigvEK5rcr529V4AaABAg,,False,@dylover0201,벅참을 느끼고 싶을때마다 보러옴..내인생 최고의 티저,11,2024-09-09T18:44:41Z,2024-09-09T18:44:41Z
UgzxgGW8ktpjLBdizbZ4AaABAg,,False,@히히-u9y3q,이거 처음 본 순간으로 돌아가고 싶다 열두시에 딱 뜨자마자 봤을 때 너무너무 좋아서 밤새 몇 번을 돌려봤는지 모르겠어,15,2024-09-09T14:02:37Z,2024-09-09T14:05:06Z
UgxSLcV5_qSm-K3f8al4AaABAg,,False,@roexdi,진짜 주기적으로 보러와 볼때마다 가슴뛴다 도영아 내청춘 사랑해🤍,7,2024-09-08T09:47:57Z,2024-09-08T09:47:57Z
UgxIq9WM5yooDkFGobx4AaABAg,,False,@nnnnnee-j4v,この曲は私の青春を語ってくれているような、私の人生になくてはならない曲です💚,10,2024-09-08T05:37:12Z,2024-09-08T05:37:12Z
UgzrZtUXFtEJLzkN4uN4AaABAg,,False,@sssssunggg,나의 청춘 도영이,7,2024-09-07T23:34:16Z,2024-09-07T23:34:16Z
Ugy0j_Nop6M6L1_Tmax4AaABAg,,False,@ppmaeumu,"내 청춘의 하나인 도영에게

도영의 콘서트 [Dear youth in BKK] 보고 나서 뭔가 생각났다. 나는 15살부터 당신을 좋아하게 되었다. 그때 중학생이었는데 지금은 8년이나 지나버렸다. 그렇게 긴 시간이 아니라고 보일 수 있는데 친구들이랑 웃었던 학교 시절이나 공부하면서 스트레스받은 대학교 다녔을 때나 도영은 나의 모든 순간에 있었다. <청춘의 포말>이라는 앨범이 나왔을 때도 나는 졸업한 지 얼마 안 되고 직장을 구하고 있었을 때였다. 같은 나아 친구들이 한 단계 더 성장하는 모습을 볼 수 있을 때다. 그때는 내가 자기 자신을 가장 실망했을 때였는데 도영의 노래 덕분에 항상 위로받고 힘이 얻는 것이다. 이 지친 인생에서 뭔가 다시 희망을 보게 되었다, “자기랑 맞는 속도에 따라 가장 빛나는 모든 청춘에게”라는 말처럼.

나는 도영이 솔로 앨범을 내고 단독 콘서트 하면서 성장해 앞쪽으로 한 걸음을 더 걷는 모습을 볼 수 있는 게 너무나 기쁘다. 도영의 첫 여행에 함께 있다는 건 참 기뻐해. 도영을 좋아하게 되었을 때부터 지금까지 도영 자랑스럽지 않은 날이 단 한 날이라도 없더라. 우리 함께 영원히 성장해 가자.

나의 청춘을 채워줘서 고마워. 나는 도영이가 행복하게 살았으면 좋겠어. 얼마나 걸릴지도 모르는데 다시 도영이를 만날 수 있을 때까지 나는 자기의 삶을 최대한 잘 살게.",9,2024-09-07T13:27:21Z,2024-09-07T13:27:21Z
Ugzm_2B7P1zKoGk9HbV4AaABAg,,False,@prdmagh,"the most beautiful intro film with amazing voice and arragement I've had so far... so magical, making me fall in love over and over again",10,2024-09-05T14:05:16Z,2024-09-05T14:05:16Z
UgxRko3cJfHqhAHUZhR4AaABAg,,False,@morningbell7046,Still remember when this dropped… you just had to be there,9,2024-09-01T12:17:35Z,2024-09-01T12:17:35Z
UgzD6S_IESzfqJ8KhhZ4AaABAg,,False,@user-trueblue,"나의 행운 도영이가 꼭 행복해주었으면 하는 마음 뿐
너의 노래는 아주 많은 사람들을 구원해",7,2024-08-31T05:43:26Z,2024-08-31T05:43:26Z
UgzQwHkRcfFV2umi1CZ4AaABAg,,False,@jslee377,볼때마다 벅차오름❤❤❤,4,2024-08-31T01:17:11Z,2024-08-31T01:17:11Z
Ugx6bf5bjRZrW0EfpDh4AaABAg,,False,@jallyyys,또 보러 옴,9,2024-08-27T14:07:28Z,2024-08-27T14:07:28Z
UgwlrbC8taMO9JZ9Qnl4AaABAg,,False,@yshhh-n4u,도영아 나 아직 이영상에서 벗어나질 못했어……,10,2024-08-27T12:40:59Z,2024-08-27T12:40:59Z
UgxXy0Sn1rRrQV6RjRt4AaABAg,,False,@hhhappY-100,확실하게 도영이의 역량을 보여주는 앨범이지 않았나... 다음 앨범이 더 기대되게 만드는 첫앨범이었음.,14,2024-08-27T01:12:45Z,2024-08-27T01:12:45Z
UgyJ52aqwuO6G20buiB4AaABAg,,False,@hhhappY-100,🐰💚🍀,0,2024-08-26T22:53:03Z,2024-08-26T22:53:03Z
UgzPyGE4wS2MpvzMyRB4AaABAg,,False,@lovely_rabbit_dy,돌고돌아 나는 결국 여기야.,147,2024-08-26T15:24:23Z,2024-08-26T15:24:23Z
UgzRVu_VcMUVXuD4qg54AaABAg,,False,@dayzney,나의 청춘을 영화로 만든다면 이 노래를 ost로 넣고싶다,12,2024-08-23T08:22:43Z,2024-08-23T08:23:05Z
UgxNO-6mdykxc514jSV4AaABAg,,False,@do0_nct_zen,김도영 입덕 시작된 영상,15,2024-08-23T01:37:15Z,2024-08-23T01:37:15Z
UgzuQklCmwgdFy_RXop4AaABAg,,False,@배고프다배고파-w2v,도영이 목소리 들리는 순간 진짜 소름돋아 너무 좋아서...,17,2024-08-22T08:36:22Z,2024-08-22T08:36:22Z
Ugyci04FJtakZvOY_A54AaABAg,,False,@배고프다배고파-w2v,너무벅차🥹,3,2024-08-22T08:35:05Z,2024-08-22T08:35:05Z
UgzhY684LJJW1PQYErh4AaABAg,,False,@_loooovu,이 영상을 처음 본 그 순간으로 돌아가고 싶다,7,2024-08-21T15:26:52Z,2024-08-21T15:26:52Z
UgySdBfrmnHrmnL1wwF4AaABAg,,False,@정다원-x7m,도영아 니가 인어공주 해라,0,2024-08-21T13:48:21Z,2024-08-21T13:48:21Z
UgzeQSKK74oc8zJV6xZ4AaABAg,,False,@YangDoDJ,이 영상을 보던 그 순간을 기억해,7,2024-08-21T10:55:38Z,2024-08-21T10:55:38Z
UgwWYcMF5n2aR7ttpiV4AaABAg,,False,@dytrack_127,처음 봤을때로 돌아가고 싶다,8,2024-08-20T15:43:02Z,2024-08-20T15:43:02Z
UgxQ9zdZ_Jo5K2lbmT94AaABAg,,False,@starlight0422,My heart still races whenever I watch this. The EXCITEMENT!!!,8,2024-08-20T07:56:45Z,2024-08-20T07:56:45Z
UgynOyDbsKwJzieHxxN4AaABAg,,False,@bellovebya4661,Sigue siendo mágico 💫,9,2024-08-16T09:01:08Z,2024-08-16T09:01:08Z
UgxMy8Hm__TghAD-Bvx4AaABAg,,False,@br1anna21,This still feel so magical,9,2024-08-16T05:18:19Z,2024-08-16T05:18:19Z
UgwDAktR6ok2Y_Jau0B4AaABAg,,False,@2umm3r,너는 내 평생의 가장 큰 감동이 아닐까 싶다 도영아,6,2024-08-15T23:34:42Z,2024-08-15T23:34:42Z
UgwCwmtahNVQS2R4cCl4AaABAg,,False,@gettingbetter0302,도영이라는 존재덕에 스엠도 기존에 안 해보던 기획들 하면서 스펙트럼이 더 넓어지는 새로운 경험을 해 보았을 듯!,7,2024-08-15T16:44:14Z,2024-08-15T16:44:14Z
UgwenootrtTv9a81lS94AaABAg,,False,@_daleyza,YOUTH AOTY,5,2024-08-15T14:10:25Z,2024-08-15T14:10:25Z
Ugx9-J0lxOK4bZ32T0t4AaABAg,,False,@ejk6222,나아직여기에살아..,9,2024-08-15T03:02:25Z,2024-08-15T03:02:25Z
UgyOuIYZjoKXsct2PUB4AaABAg,,False,@ilrakna7310,4월 5일 잊지못해..벅차오르던..또 그 날로 돌아가😢,7,2024-08-14T06:36:59Z,2024-08-14T06:36:59Z
UgylPpVn0UwStJLYYkB4AaABAg,,False,@elfaedriwati1758,masih ditunggu mv beginning hehehe,4,2024-08-13T10:38:40Z,2024-08-13T10:38:40Z
Ugwi4gjp0-Vyt6921914AaABAg,,False,@tidlslxoxo,이걸 처음 봤을 때의 전율을 잊을 수 없다,23,2024-08-12T10:54:12Z,2024-08-12T10:54:12Z
Ugw_M8ckTEPOP-mqnDh4AaABAg,,False,@Coconut-we8bv,다시 봐도 좋다 이건 ㅠ,8,2024-08-12T09:23:34Z,2024-08-12T09:23:34Z
UgxjeWLub74YfdxcD5l4AaABAg,,False,@joo58144,김도영이 내 우주야,8,2024-08-12T03:44:04Z,2024-08-12T03:44:04Z
UgzVhouPM69NJd5RGy94AaABAg,,False,@user-pl6ti5nm7c,와 또 봐도 떨려,8,2024-08-11T15:23:08Z,2024-08-11T15:23:08Z
UgybA0DOJDA0fp69Dtl4AaABAg,,False,@우리정을쌓아요,"이 시기가 진짜 행복하게 덕질한 날이었던 것 같아...
노래가 너무 좋아서 고등학생 때마냥 오랜 만에 머글 친구들한테 노래 좋다고 추천하고(고딩때는 나밖에 몰라서 그냥 아무때나 추천하고 그랬는데 성인 되어서는 아이돌 얘기가 머글 친구들이 좋아하는 주제는 아니란 걸 깨닫고 굉장히 조용히 덕질했었음) 
진짜 모든 노래가 다 좋아서 버스타고 학교,집 갈때 전곡 재생해서 풍경보면서 다니고
솔로콘서트도 5월인가? 그래서 날씨가 너무 좋아가지고 도영이 노래 들으면서 청량리역에서 경희대까지 걸어가고 그때는 내가 걷고 들어가는 곳마다 너무 아름답고 행복했어.. 노래 효과가 큰 것 같아ㅋㅋㅋ
그리고 그팬에 그가수라고 솔콘 양옆앞뒤에 앉으신 분들 다 너무 친절했었어~~
진짜 죽을 때까지 가져갈 추억이야
사실 최애 이니면 솔콘은 잘 안 가는데 진짜 노래 하나만 보고 간거야! 내 청춘의 한 조각이 되어줘서 고맙다~~~ 저 시기만 생각하면 웃음이 막 나와ㅋㅋㅋㅋ",4,2024-08-11T13:00:26Z,2024-08-11T13:00:26Z
UgwntNkClJn2Lwi_0U94AaABAg,,False,@goguma6923,영원히 이 영상이 세상에 나온 그 새벽을 잊지 못할꺼야,5,2024-08-09T17:20:03Z,2024-08-09T17:20:03Z
UgwKcSQf3Bz2Y4JHGk94AaABAg,,False,@user-df2mo7de7h,아직도 이 영상 처음 봤을 때의 감동을 잊지 못한다......,241,2024-08-08T12:15:58Z,2024-08-08T12:15:58Z
Ugxetpj4mcNqklvqYvt4AaABAg,,False,@KatukiDo,Love this forever,3,2024-08-08T11:37:19Z,2024-08-08T11:37:19Z
Ugw6xlweJvlfhJZsy8Z4AaABAg,,False,@geraldoyie,it's still feel like magical,6,2024-08-06T18:28:35Z,2024-08-06T18:28:35Z
Ugx1wZli2DoJky2IePB4AaABAg,,False,@clairexclaire,I miss Youth era :(,9,2024-08-01T20:19:31Z,2024-08-01T20:19:31Z
Ugw41NlB0mD1jVtL5Kl4AaABAg,,False,@niceday2105,너가내디즈니플러스다,5,2024-07-26T14:16:34Z,2024-07-26T14:16:34Z
UgyFgxvPbwfNBGyy20Z4AaABAg,,False,@jh__500,"初めて見た時の感動を思い出したくて何回も見に来ちゃうㅋㅋㅋㅋ
本当に大好きだよ~（ ;  ; ）",10,2024-07-23T17:55:33Z,2024-07-23T17:55:33Z
UgyfwrvszHzshVx7YUB4AaABAg,,False,@YangDoDJ,야밤에 주책맞게 울어,6,2024-07-23T17:43:58Z,2024-07-23T17:43:58Z
Ugy-m78n3MpQgUVtYDx4AaABAg,,False,@nyty21,Let's begin this week happily with Doyoung's songs,5,2024-07-21T21:38:57Z,2024-07-21T21:38:57Z
UgypcrSt_0LIwIL9K954AaABAg,,False,@NiDoy-uy4rl,best released of the year,5,2024-07-19T14:35:06Z,2024-07-19T14:35:06Z
UgzNRDbDy_mTw6OnF9h4AaABAg,,False,@mnm-7u,지금봐도 감동적이다 처음 봤을때 벅차서 울었었는데ㅠ,6,2024-07-18T18:17:30Z,2024-07-18T18:17:30Z
Ugwsa6mZcojsVZF2PLZ4AaABAg,,False,@doramamanama,"난 이거 아직도 가끔 보러옴
도영의 당찬 시작같아서",10,2024-07-18T09:43:00Z,2024-07-18T09:43:00Z
Ugx1IxiFlK4YE7voN-l4AaABAg,,False,@동-y7f,들을 때마다 벅차고 너무 좋다...,6,2024-07-16T18:55:26Z,2024-07-16T18:55:26Z
UgxMMmO6LYKUlZBvWjl4AaABAg,,False,@nyty21,I wanna go back to the moment when this magical intro film was released,2,2024-07-12T12:40:39Z,2024-07-12T12:40:39Z
UgzcvxyB5WFmSaS2G-l4AaABAg,,False,@br1anna21,I miss the Youth era 😢,4,2024-07-11T16:59:44Z,2024-07-11T16:59:44Z
UgyZ7Xv6bRDF7JV0M9t4AaABAg,,False,@dearmydearest,Doyoung worked so hard for this album and song and now youth is so loved. Beginning is honestly the SONG of the year for me,3,2024-07-11T01:50:41Z,2024-07-11T01:50:41Z
UgyE_Ohr9_EP4cowiX54AaABAg,,False,@prdmagh,"whenever or wherever I watch this intro, it just feel so magical and give me wild goosebumps 🍃💕",5,2024-07-09T06:43:47Z,2024-07-09T06:43:47Z
Ugx40MVKHwdp_FGa0Gx4AaABAg,,False,@dyrang21,힘들 때마다 보러 온다.. 내 청춘도 이렇게 찬란했으면 해서,16,2024-07-04T14:46:14Z,2024-07-04T14:46:14Z
UgwwtSXd7X0O3rWSNDx4AaABAg,,False,@wtfyoutube,전설의 시작...,6,2024-07-03T17:58:40Z,2024-07-03T17:58:40Z
UgxhV3IJVAdXSQo75FR4AaABAg,,False,@젤리-x3p,여전히 이날의 감동을 다시 찾아오게 된다,8,2024-07-03T14:27:26Z,2024-07-03T14:27:26Z
UgzXdeMbma2Zi60uID54AaABAg,,False,@untitled.6934,I really miss the YOUTH era 🥺,4,2024-06-27T14:41:48Z,2024-06-27T14:41:48Z
UgyZzboducRYnCXznuJ4AaABAg,,False,@user-tfuginagak,첫 프로모로 이게 떳던 날을 잊을수가 업슴..,7,2024-06-27T06:57:52Z,2024-06-27T06:57:52Z
Ugw_YmSbCLZcDxlAj0l4AaABAg,,False,@hiririlll,정말 네 청춘까지 모조리 다 받친 느낌임 ㅠㅠㅠㅠㅠㅠㅠㅠ,7,2024-06-07T17:15:22Z,2024-06-07T17:15:22Z
Ugzmrkk48qz2K7y8PVJ4AaABAg,,False,@dlv56,도영아 콘서트가 끝나고 자꾸만 이 영상이 생각나서 댓글을 남겨보아.. 새봄의 노래 인트로 필름을 시작으로 두 달을 꽉 채워 함께할 수 있어서 너무 행복했다. 두 달 동안이나 매일매일 웃을 수 있던 건 전부 도영이 덕분이야. 지금 와서 생각해 보니 정말 신기루같이 지나간 시간이네. 내가 아는 시간은 고작 두 달인데도 괜히 헛헛한데 이 앨범을 거의 일 년간 준비한 도영이의 마음은 어떨까 생각하면 심장이 아리다. 그렇지만 도영이가 말한 것처럼 도영이의 노래는 이제 시작이니까 너무 오랫동안 슬퍼하진 않을게. 네 노래도 미소도 정말 소중하지만 언제나 너의 존재함이 가장 큰 선물이라고 말해주고 싶어…도영아 내가 너를 너무너무 좋아해,8,2024-05-31T15:26:47Z,2024-05-31T15:26:47Z
UgzeJNK44L14ow0P3hB4AaABAg,,False,@Doyoung1004,도영의 포말 다큐 영상 다시보면  이 영상 도영이의 아이디어로 디테일하게 의견내서 진행하는거 나와요  진짜 너무 기특함 사랑아 도영해,6,2024-05-30T22:35:07Z,2024-05-30T22:36:29Z
UgyY5EywjcyHW5RuwAZ4AaABAg,,False,@vanisa2481,nice song with beautiful voice,4,2024-05-29T16:29:19Z,2024-05-29T16:29:19Z
UgzghnwfUf2fy4KaECF4AaABAg,,False,@gabytornay,LOVE OF MY LIFE! KIM DOYOUNG Thank you for always do your best!! you are so amazing,2,2024-05-21T16:34:13Z,2024-05-21T16:34:13Z
Ugy7w2KXmkcUxV_nxiJ4AaABAg,,False,@ourproblem_is,들을때마다 소름돋음 진짜로…. 닭 될 것 같다,4,2024-05-19T05:10:43Z,2024-05-19T05:10:43Z
UgycTKE7aM13W81ly-N4AaABAg,,False,@skzS2,타팬인데 쇼츠 넘기다가 듣고 좋아서 여기까지 찾아옴... 와 노래가 벅차오르는 느낌인데 가사도 예쁘고 영상미도 좋아서 계속 보게됨,11,2024-05-14T13:47:18Z,2024-05-14T13:47:18Z
Ugzyj3d1X8f_DQNFu4Z4AaABAg,,False,@kdydolo,DOYOUNG!!!! 🤍🤍💙🥹,2,2024-05-10T08:42:21Z,2024-05-10T08:42:21Z
UgylZI2RVl7cn0tKwGV4AaABAg,,False,@emonnieeee,이거 처음 나온 때로 돌아가고 싶어서 다시왔습니다...도영아 컴백더하자..계속하자..,9,2024-05-10T03:28:18Z,2024-05-10T03:28:18Z
Ugw_9rbZkrHXi-Pe38l4AaABAg,,False,@maisarahradzi513,I really like beginning and i really want mv ❤,4,2024-05-05T13:06:15Z,2024-05-05T13:06:15Z
UgyRcKJuVWcdp4k4Ffd4AaABAg,,False,@haechanholic,beautiful,1,2024-05-01T12:38:44Z,2024-05-01T12:38:44Z
UgzCpDUhYn0yNj0YiwB4AaABAg,,False,@엑스와이-z8h,이거 인트로밖에없나요ㅠ 풀버전주세요 제발,4,2024-04-30T03:33:22Z,2024-04-30T03:33:22Z
UgzCpDUhYn0yNj0YiwB4AaABAg.A2qE9aW07EXA3ShrBi7LnY,UgzCpDUhYn0yNj0YiwB4AaABAg,True,@Gulem607,"https://youtu.be/a5TheCP_T1Q?feature=shared

음원 발매했어요!!",0,2024-05-15T11:31:59Z,2024-05-15T11:31:59Z
Ugy2rQ9twJSRTvCFGWx4AaABAg,,False,@khsryne,정말 노래 널리 알리고싶다,7,2024-04-28T03:39:08Z,2024-04-28T03:39:08Z
UgwUwJMWfoTnsBvaflp4AaABAg,,False,@최주은-c7j,나.빠져나오지못하고있어도영아,3,2024-04-28T02:58:11Z,2024-04-28T02:58:11Z
Ugz1ovswAnYjGdJ7fAl4AaABAg,,False,@아기여우-u7d,도영아 열심히 해줘서 고마워~~ 항상 열정 가득히 최선을 다하는 모습이 청춘이자 도영이 그 자체다 ㅎㅎ,3,2024-04-27T11:33:38Z,2024-04-27T11:33:38Z
Ugx8Xh04PZzPW8MeN1p4AaABAg,,False,@trnhmkh,So stunning and dazzling ❤,1,2024-04-27T05:33:18Z,2024-04-27T05:33:18Z
UgzQtJn5Qg-0D88LSdd4AaABAg,,False,@voice_of_luna,제발 영상 풀버전….ㅠㅠㅠㅠ 찍어놓은 게 정말 없나요… 진짜 적어도 하이라이트 전에 뮤트 잠깐 있는 버전으로 노래라도 내 줬으면 좋겠다ㅜㅜㅜㅜㅜㅜ,5,2024-04-26T03:28:12Z,2024-04-26T03:28:12Z
Ugx_XbFU0KI_Y7GBKCZ4AaABAg,,False,@YOUR_DREAM_GALLERY,I want to see this as the mv😭,1,2024-04-25T15:22:03Z,2024-04-25T15:22:03Z
UgzTTgzZJr0c8xm2hFl4AaABAg,,False,@yoursunshine9112,Sooo beautiful.....it reach us... doyoung thank you! You are the best vocalist,0,2024-04-25T13:21:55Z,2024-04-25T13:21:55Z
UgxXb4M6dd_95Ie4PaF4AaABAg,,False,@noonyada,Just like a movie soundtrack 💚💚💚💚,0,2024-04-24T15:35:36Z,2024-04-24T15:35:36Z
Ugw0T1IzrNyX6oLnOd54AaABAg,,False,@2001.o_o,Perfect,0,2024-04-24T15:00:16Z,2024-04-24T15:00:16Z
Ugw9GEvmIqTdqGxOWft4AaABAg,,False,@종예안,대박 화면이 짜이야,0,2024-04-24T00:46:01Z,2024-04-24T00:46:01Z
UgxVVm3iBJn4Gh1JtHt4AaABAg,,False,@오총사-z9d,"아니 진자 노래 넘 좋아서 정신나갈거같음
김도영님 응원해요",5,2024-04-23T09:51:20Z,2024-04-23T09:51:20Z
UgyGu5nhJ7k6UC5uOtN4AaABAg,,False,@blackpoodleguru,아니 SM은 이 필름 영상 풀버전 내놓으라고 내 디즈니 감성 건드려놓고 어떻게 1분 31초짜리로 감질맛나게 나게 만들어놨냐고,6,2024-04-23T09:29:00Z,2024-04-23T09:29:00Z
UgyHkhoqJUt7AIJP6c14AaABAg,,False,@ぽん-d8q,とても素敵で爽やかなメロディー！,0,2024-04-23T08:50:01Z,2024-04-23T08:50:01Z
UgwsWeKRTF0qZtOeDNR4AaABAg,,False,@y6487,"It's giving little mermaid ""Part of your Worlddd""",1,2024-04-23T07:35:32Z,2024-04-23T07:35:32Z
Ugwry0pMkga9BiyFy554AaABAg,,False,@neobongzzz,와 이곡 풀버전 너무 좋아,2,2024-04-22T20:20:59Z,2024-04-22T20:20:59Z
UgyQrjMNVSBBCrNFI6F4AaABAg,,False,@anonymity20,ღ,0,2024-04-22T16:27:22Z,2024-04-22T16:27:22Z
UgzuK269M_q5GcFOX8l4AaABAg,,False,@user-fairyoflikes,"이건 시준희들만 알면 너무 큰 손해다..
더 널리 홍보해라 스엠",4,2024-04-22T14:12:27Z,2024-04-22T14:12:27Z
UgxjXbS7im2W5ZDK1yl4AaABAg,,False,@JenoMeng,Cugak aku SM!!!,0,2024-04-22T12:53:52Z,2024-04-22T12:53:52Z
UgwWRNbPFRqCPU10E2d4AaABAg,,False,@Ilove기니피그,와~!!!,0,2024-04-22T11:00:09Z,2024-04-22T11:00:09Z
Ugw1KQUBik4aPxWvbzh4AaABAg,,False,@akzhurekaskarbek7476,Тамаша екен,0,2024-04-22T10:52:37Z,2024-04-22T10:52:37Z
UgyWk1acqRje9bosT7V4AaABAg,,False,@166_cmm,고생이 많았어..도영아🥹,1,2024-04-22T09:31:38Z,2024-04-22T09:31:38Z
Ugx5a9XP63W4wh_0aIV4AaABAg,,False,@neobongzzz,!!!!!,1,2024-04-22T09:00:12Z,2024-04-22T09:00:12Z
Ugwx8ge5ryJWM88byQx4AaABAg,,False,@user-xd5xp6bk6d,중독적이야! 너무 좋아!!!,2,2024-04-22T08:02:49Z,2024-04-22T08:02:49Z
Ugxr4dcKIQadZ6nQ-DZ4AaABAg,,False,@debbykezia7413,❤❤❤,0,2024-04-22T07:53:41Z,2024-04-22T07:53:41Z
Ugyuu8UfbSLef2SoAnZ4AaABAg,,False,@筋肉プーさん-h2s,推します,0,2024-04-22T06:48:43Z,2024-04-22T06:48:43Z
UgxwQ9WgCNSbEVjr_uh4AaABAg,,False,@組織液-k3s,ついに今日だ...たくさんの人たちに届きますように...,3,2024-04-22T05:09:33Z,2024-04-22T05:09:33Z
UgzX0FXnVN_lKGogBKB4AaABAg,,False,@pkarolina,"It's DOLO Day!!! We're all excited to hear the songs in your first album, Doyoungie!",2,2024-04-22T03:42:13Z,2024-04-22T03:42:13Z
UgxEr6CWtzG_ny3Sky54AaABAg,,False,@pirateHN,도영이 ㅎㅇㅌ❤,1,2024-04-22T03:02:10Z,2024-04-22T03:02:10Z
UgzHJITh-s4e1bhTTw14AaABAg,,False,@cutebunnyhops,Such beautiful intro film,1,2024-04-22T02:50:12Z,2024-04-22T02:50:12Z
Ugzjue-8892-Wzjm6Oh4AaABAg,,False,@cutebunnyhops,I'm soo in love with beginning intro,1,2024-04-22T02:50:01Z,2024-04-22T02:50:01Z
Ugz7-iYMKyJZfURNS2Z4AaABAg,,False,@alekimdo,i love you Doyoung this album is really special,1,2024-04-21T22:57:16Z,2024-04-21T22:57:16Z
UgxOjwvnp0n5RhoIA_R4AaABAg,,False,@user-tfuginagak,아기대돼 나오자마자 새봄의노래부터 들어볼거야!!!,1,2024-04-21T22:50:12Z,2024-04-21T22:50:12Z
UgybOJp0MFygrHdPmJd4AaABAg,,False,@user-dy201,이 영상이 뜬게 엊그제 같은데.. 이제 당장 몇시간 뒤면 벅차게 노래하는 도영이를 볼 수 있다니🥹,4,2024-04-21T18:21:10Z,2024-04-21T18:21:10Z
Ugyj3YGpO2D7ZXKY2ot4AaABAg,,False,@user-wr9st8yv2f,아 너무 기대돼🥺🥺🥺🥺 이것만 들어도 좋은데 다 나오면 또 얼마나 좋을지......,8,2024-04-21T15:39:07Z,2024-04-21T15:39:07Z
Ugx16Tavb3wMg5NPjl94AaABAg,,False,@오늘-t3x2k,"지나가던 타팬인데요...?
반주부터 진짜 이건 반칙인데요ㅠㅠ
너무 기대된댜..nct는 빡센곡들도 잘 어울리지만 이런 청량한 노래들도 잘하는듯 ㅠㅠ
22일 6시 기다림미다....",12,2024-04-21T15:31:37Z,2024-04-21T15:31:37Z
UgzoEBHXUABHR-x-1_54AaABAg,,False,@dearmyluv0o,"17歳になりました🍀
ドヨンさんのソロアルバム楽しみです。",3,2024-04-21T15:17:55Z,2024-04-21T15:17:55Z
UgwWshzeLh2mwdJcl5F4AaABAg,,False,@doiedoyoung,"tomorrow is finally the day we've all been waiting for, doyoung's 'youth' is gonna see the light of day!",3,2024-04-21T12:57:57Z,2024-04-21T12:57:57Z
UgzZjl7HnOL8l1qY5n94AaABAg,,False,@haticemuslu11,yarın full halini dinlicez sonunda,3,2024-04-21T12:31:31Z,2024-04-21T12:31:31Z
Ugwlue0Z2XlWd7ypxil4AaABAg,,False,@Kjh-r3d,멋져 멋져 도영오빠💚💚💚💚💚💚💚💚💚💚💚💚💚❤❤❤❤❤❤❤❤❤❤❤🩷🩷🩷🩷🩷🩷🩷🩷🩷😍😍😍😍😍😍😍🥰🥰🥰🥰🥰🥰💖😘😘😘😘💋💋💋💋💋💋💋💚💚💚💚💚💚,2,2024-04-21T11:50:09Z,2024-04-21T11:50:09Z
UgzFZYIyk4eqKMSLGsx4AaABAg,,False,@Wyntercome,같은 나이인데도 청춘을 허송세월 보낸 내가 감히 도영님 노래로 청춘을 느껴도 될지 모르겠지만 그래도 기다릴게요.... 도영님이 노래하는 청춘이 너무 예뻐보여서,12,2024-04-21T11:38:51Z,2024-04-21T11:38:51Z
UgzJhLO--qA1sbXgqmV4AaABAg,,False,@maykhaing5881,tmw is d-day🎉,0,2024-04-21T11:37:02Z,2024-04-21T11:37:02Z
UgzwsOrqlQMEdM_-Oyx4AaABAg,,False,@whaleblue1519,미쳤다..너무 기대돼요,4,2024-04-21T10:21:18Z,2024-04-21T10:21:18Z
Ugw9G3DGhHrGdMagfod4AaABAg,,False,@aipandanyan,Thank you Doyoung!!!! ❤❤❤We love you so much❤❤❤,0,2024-04-21T10:20:19Z,2024-04-21T10:20:19Z
UgwZGmhmPtVsk8CgvUV4AaABAg,,False,@Kjh-r3d,도영오빠💚💚💚💚💚💚,0,2024-04-21T09:26:58Z,2024-04-21T09:26:58Z
UgwVE6-hvYDV9_66wEB4AaABAg,,False,@Kjh-r3d,내일 6시가 빨리 되기를 까악 멋져❤❤❤❤❤❤❤❤❤❤❤❤❤❤❤❤💋💋💋💋💋💋💋💋💋💋💋💋💋💋💋💋💋🩷🩷🩷🩷🩷🩷🩷🩷💚💚💚💚💚💚💚💚💚💚💚💚💚💚💚💚💚💚💚💚💚💚💚💚💚💚,2,2024-04-21T09:26:27Z,2024-04-21T09:26:27Z
UgygUN7p2TAeA8HibLl4AaABAg,,False,@lenlen555,"te amo doyo mi vida mi amor, falta poquito",2,2024-04-21T06:45:59Z,2024-04-21T06:45:59Z
UgwrPQktfKNJ52zS6DJ4AaABAg,,False,@mai-iv3tm,早くフルで聴きたい。待ちきれなくて何度もここに来てる。,6,2024-04-21T06:37:37Z,2024-04-21T06:39:13Z
Ugy2FHpxK_YClVY-4NR4AaABAg,,False,@neobongzzz,we love you doie you will always be famous our angel <3,3,2024-04-21T05:19:25Z,2024-04-21T05:19:25Z
UgzCklRBjBPlYJZk9Qd4AaABAg,,False,@youare-myday,밴드 사운드로 솔로 내줘서 너무 조아...,6,2024-04-21T05:06:46Z,2024-04-21T05:06:46Z
UgzHFw9MBdEI-fe97xR4AaABAg,,False,@youare-myday,🥹... 이런 노래를 가져와줘서 너무 감사합니다... 도영만의 색깔이 이런 거라는 게 느껴져 너무 좋다,8,2024-04-21T05:06:06Z,2024-04-21T05:06:06Z
UgxFr_lOr-YAnh0bEtt4AaABAg,,False,@eri_doyoung9621,Everything about you is glorious🦋,2,2024-04-21T04:21:01Z,2024-04-21T04:21:01Z
UgwVMleWrqXi4CIFf414AaABAg,,False,@eri_doyoung9621,도영아아아 너어무 사랑해,3,2024-04-21T04:18:16Z,2024-04-21T04:18:16Z
UgyMoZ71mAcDoZK-7oB4AaABAg,,False,@뇽냥-v1x,니가 내 청춘의 한 페이지야 도영아,2,2024-04-21T04:17:21Z,2024-04-21T04:17:21Z
UgywpwpEs94QDGlfQNR4AaABAg,,False,@dirndlwpzndlajdn22,너무 청량하고 청순하다!🩵너무 좋은 노래야 기대하게 만든당..💗,4,2024-04-21T04:11:13Z,2024-04-21T04:11:13Z
Ugy56k5CnTcGqjBOLo94AaABAg,,False,@hyuckren7to3,ついにあしただね！！！🍀🍀🍀,1,2024-04-21T02:42:56Z,2024-04-21T02:42:56Z
UgxNbE-0SOfQkAFUrht4AaABAg,,False,@지성아사랑해-h7h,진짜 퀄리티 미쳤고 진짜 너무너무 기대된다,4,2024-04-21T02:07:43Z,2024-04-21T02:07:43Z
UgyGkRRRdhZ5cna4QC14AaABAg,,False,@neobongzzz,ALMOSTTT,0,2024-04-21T01:17:38Z,2024-04-21T01:17:38Z
Ugz-i701D3sUaxOWZTR4AaABAg,,False,@geraldoyie,Tomorrow is d-day,2,2024-04-20T21:18:46Z,2024-04-20T21:18:46Z
UgxJjdjHPiQ85VD4JYB4AaABAg,,False,@upsidecrown,아니 이런 걸 준비해놓고 불안해하고 있었다고...........? 자신감을 충분히 가지셔도 될 것 같아요 도영군 .................,6,2024-04-20T18:54:43Z,2024-04-20T18:54:43Z
UgzCsxAyy2MHVBAUcdp4AaABAg,,False,@sinel-i1t,응원합니다ㅜㅜ노래 진짜 너무 좋아요,6,2024-04-20T16:25:36Z,2024-04-20T16:25:36Z
UgziVkSOmRmPdLkkeDN4AaABAg,,False,@VFFCF,잠깐인데도 들으니 벅차다ㅜㅜㅜㅜ도영아ㅜ ㅜㅜㅜㅜㅜㅜㅜㅜㅜ,7,2024-04-20T16:06:52Z,2024-04-20T16:06:52Z
UgwQ7cG0m8fWiu_83Wh4AaABAg,,False,@mypawear,ดีมากกกกกก,1,2024-04-20T15:53:31Z,2024-04-20T15:53:31Z
Ugy0Mf7thEUfjKOWcoV4AaABAg,,False,@doie1753,I'm here after watching the teaser,4,2024-04-20T15:35:10Z,2024-04-20T15:35:10Z
UgxkCqGvKKPmvJrmkDZ4AaABAg,,False,@5692-x6q,"다큐 보고 다시 이 영상을 보니까 도영이가 이번 앨범, 노래에 얼마나 진심인지, 노력하고 또 소중하게 생각하고 있는지 잘 느껴져요ㅜㅜㅜ
진짜로 첫 앨범 잘되었음 좋겠고 반드시 잘될거라구 믿고 있어!!
우리는 언제나 도영이를 사랑하고 응원할테니 도영이는 아무 걱정하지 말고 늘 행복하고 아프지 않길..💚",6,2024-04-20T14:46:09Z,2024-04-20T14:46:09Z
UgypEKqdCQ-yACUJs_B4AaABAg,,False,@Kite_Acquaintance,오늘도 왔어 동영아🍀🍀,3,2024-04-20T13:49:38Z,2024-04-20T13:49:38Z
UgypcDyJc0EbRpYM7kB4AaABAg,,False,@คนส๋วยคะ-ฤ7ษ,โดยองดูสวยมาก,2,2024-04-20T12:51:31Z,2024-04-20T12:51:31Z
UgySHs8ce7ovahPT5Mt4AaABAg,,False,@체리조아-u8z,컨셉 몽글몽글 ㅜ 너무 이쁘다,5,2024-04-20T11:30:58Z,2024-04-20T11:30:58Z
UgwrjgPpPVagh7CAFTx4AaABAg,,False,@체리조아-u8z,.나의 10대와 20대는도영이로 가득해 마음을 따땃하게 해줘서 고마워요❤,4,2024-04-20T11:30:39Z,2024-04-20T11:30:39Z
UgzECxopE8_pIVS7z3t4AaABAg,,False,@error0281,UZUN ZAMANDIR BU ANI BEKLIYORDUM VE ARTIK KAVUSMAK UZEREYIM LUTFEN BIR AN ONCE GEL 😭😭😭,2,2024-04-20T10:14:26Z,2024-04-20T10:14:26Z
UgxdWyB9__4jD9nGI0d4AaABAg,,False,@error0281,VIDEO DOYOUNG'UN TA KENDISI,2,2024-04-20T10:13:19Z,2024-04-20T10:13:19Z
UgwTxergjGDqatoNm7p4AaABAg,,False,@강민주-f6b,니가 내 행복이고 청춘이고 희망이다 도영아 사랑해 고마워,5,2024-04-20T08:20:43Z,2024-04-20T08:20:43Z
UgyY2MoCyCtKiCXt5zB4AaABAg,,False,@Kjh-r3d,와❤💚💚💚💚💚💚💚💚,2,2024-04-20T06:31:03Z,2024-04-20T06:31:03Z
UgwHr_z3MZjxR_sJxHh4AaABAg,,False,@s4kuchill,BAGUSSSS BANGETTTTT😢❤,3,2024-04-20T05:52:03Z,2024-04-20T05:52:03Z
Ugw27s00S3xUG0mscYV4AaABAg,,False,@Pocoapoco0,인트로필름 진짜 좋다. 청춘의 포말 베일이 조금씩 벗겨질때마다 다시 와서 보는데 나날이 더 기대되고 설렌다. 다큐까지 보고나니 서막으로 딱이야 뎡말.. 새봄의 노래 소중행..,6,2024-04-20T04:45:08Z,2024-04-20T04:50:37Z
UgzHBOWYaJIhxAjhIlt4AaABAg,,False,@써은-f6o,너무 좋다아아아,1,2024-04-20T04:15:32Z,2024-04-20T04:15:32Z
UgybtK0_wJuwJfHlVXR4AaABAg,,False,@미미-w7x,소~~~름~~~ 멋지다~~~ 😆,1,2024-04-20T04:07:31Z,2024-04-20T04:07:31Z
UgzTkS9uNtoZWhuSASN4AaABAg,,False,@ivbay4,너무 기대됭,2,2024-04-20T02:54:42Z,2024-04-20T02:54:42Z
UgyxBMS5GTOhDEiHnX54AaABAg,,False,@airpodsjaehyun1299,Your voice 😍🤩🤩🤩🤩❤ nada tingginya juara 😘😘😍💚💚💚,2,2024-04-20T00:32:12Z,2024-04-20T00:32:12Z
Ugwp-ouYyYtSuROYOc14AaABAg,,False,@CarleighKaiser,EPIC visuals to match his EPIC voice. There is no voice like Doyoung's. It's so uplifting and inspiring....just watching this I got all the feels one would get from the climax scene in a Fairytale movie. He's THAT powerful...and beyond!,2,2024-04-19T23:16:33Z,2024-04-19T23:16:53Z
UgwEDcG6OCQhhCHMyyp4AaABAg,,False,@Ksxoxk,미치겠다 도영아..😢 아직 인트로 선공개밖에 안되는데 이것만 듣고 있다.. 어디까지 좋을거야ㅠㅠ 이 곡으로 힘들었던 하루들도 밝게 마무리 할 수 있을것 같아.,5,2024-04-19T22:39:39Z,2024-04-19T22:39:39Z
Ugz0Vc1Ju2mwStu-knF4AaABAg,,False,@reyniashifa6591,"You did well, Kim Dong-Young🤍",1,2024-04-19T21:32:23Z,2024-04-19T21:32:23Z
UgwyZus68tXqByR-ycF4AaABAg,,False,@dorcikayame3960,Omg its so good canttttt waitttttt,1,2024-04-19T21:26:46Z,2024-04-19T21:26:46Z
UgyjMB6NUkhVIB8dB014AaABAg,,False,@user-trueblue,"도영이의 첫 솔로가 나오기 전에 너를 많이 사랑하게 
되어서 정말 다행이다
이 감정을 못겪어봤다면 너무 안타까웠을거야
너라는 큰 행운을 만나게 된 것에 항상 감사해",4,2024-04-19T20:20:35Z,2024-04-19T20:20:35Z
UgwKviBXMrGbckSee0Z4AaABAg,,False,@nurfaar,"What vocals, I'm amazed!!",2,2024-04-19T18:49:33Z,2024-04-19T18:49:33Z
UgyHc6yQ5wFLzXW7FJJ4AaABAg,,False,@itzdo0_jj,"you did well kim doyoung
we love u... 
sijeuni love u..
doppus love u...",1,2024-04-19T16:36:45Z,2024-04-19T16:36:45Z
UgzzQoM-sQZ76NsOMJx4AaABAg,,False,@hibernatingfromlife,"This masterpiece shouldn’t be hidden . I’m going to promote it as much as I can. I keep coming back here just to listen to him , just. 3 days from now I can finally listen the full version!",3,2024-04-19T14:38:03Z,2024-04-19T14:38:03Z
UgzVNcJEdpNxh3iUd7t4AaABAg,,False,@유나-g9d,영상에서 사골 나올듯 ㄹㅇ 몇 번을 돌려보냐 내 자신아,4,2024-04-19T13:57:33Z,2024-04-19T13:57:33Z
UgwjNMiep_fWcunCuAN4AaABAg,,False,@LitaPutri18,Im speechless....,1,2024-04-19T13:32:58Z,2024-04-19T13:32:58Z
Ugw24EtA5Z8ImEz23tl4AaABAg,,False,@o5_sion,나의 디즈니 김도영,2,2024-04-19T13:19:08Z,2024-04-19T13:19:08Z
UgwiKaJDtEX65aWHwIZ4AaABAg,,False,@นางสุนิสาสุวรรณโณ,ต้องลูกคอแบบนี้เท่านั้น หูเราเป็นทองคำละ,0,2024-04-19T13:17:14Z,2024-04-19T13:17:14Z
UgzpArfSb0rHDjAnFlN4AaABAg,,False,@นางสุนิสาสุวรรณโณ,ฟังละหูเคลือบทองคำ,1,2024-04-19T13:16:34Z,2024-04-19T13:16:34Z
UgxMPOsb0yP8g9F6-ZZ4AaABAg,,False,@Iamthefirstfruit,22일 언제와……완곡 시급하다,3,2024-04-19T13:07:48Z,2024-04-19T13:07:48Z
UgxrzLi74MbNxenIDjx4AaABAg,,False,@영이편,너무 소중한 앨범과 노래가 될 것 같다 22일이 빨리 왔으면 좋겠네!! 우리 도영이 최고,2,2024-04-19T12:40:17Z,2024-04-19T12:40:17Z
Ugzvom4e6YObEWAfU-B4AaABAg,,False,@Seizethemoment_0,진짜 너의 진심이 앨범에 묻어있는 것 같아서 얼른 듣고싶어 도영아 ~💗,3,2024-04-19T10:27:57Z,2024-04-19T10:27:57Z
UgxdBfvTpnk9rO5gA0R4AaABAg,,False,@masageeee,도영아 너가 나의 청춘이고 새봄이야 우린 함께 청춘 한 가운데 있는 건가봐 우리가 있는 모든 시간이 청춘이고 모든 계절이 새봄이길 바라,2,2024-04-19T09:10:44Z,2024-04-19T09:10:44Z
Ugza5iAor4UUasiEK654AaABAg,,False,@Septiathre_0919,BEAUTIFUL INTRO🎉🎉🎉,0,2024-04-19T08:05:41Z,2024-04-19T08:05:41Z
UgyqBKgSOBz6gmAulM14AaABAg,,False,@Septiathre_0919,OMG DOYY,0,2024-04-19T08:05:20Z,2024-04-19T08:05:20Z
UgwA0o7gEqgQa0Yw6UB4AaABAg,,False,@zmfltpffk,love wins all 작곡가님 서동환 작곡한 곡들중에 이 노래가 top 3 안에 있다던데... 아 우리 도영님 진짜 좋은 노래 많이 준비했네요 ㅠㅠ,0,2024-04-19T07:14:18Z,2024-04-19T07:14:18Z
Ugzh48Y5svpaDYJuCT94AaABAg,,False,@neobongzzz,❤❤❤,0,2024-04-19T03:53:39Z,2024-04-19T03:53:39Z
Ugzk1Wl2VZbYiLAPowB4AaABAg,,False,@dillaanggiejuventia2221,3 days ....,2,2024-04-19T03:06:39Z,2024-04-19T03:06:39Z
UgwqDpsONjj0BlD-0G14AaABAg,,False,@auhmuhmuh,love this song so much!!🌿💚 so overwhelming😭can't wait for the full album,2,2024-04-19T03:01:02Z,2024-04-19T03:01:56Z
UgzsITb0bG0GUlBpm1Z4AaABAg,,False,@wulanpermatasari191,"Gak sabar hari senin dengerin ""anak"" doyoung lahir ke dunia",1,2024-04-19T02:51:21Z,2024-04-19T02:51:21Z
Ugz3KUuLk6_LhkiEVGp4AaABAg,,False,@buchuntu5130,都已经两周了吗…还在每天看,1,2024-04-19T01:54:17Z,2024-04-19T01:54:17Z
UgwlT2HjDLlQclW7lL14AaABAg,,False,@user-dy201,도영이가 이 곡에 얼마나 많은 진심을 쏟았는지 알고 들으니까 더더 소중하게 느껴진다.. 새봄의 노래 오래오래 사랑하고 아껴줘야지,7,2024-04-19T01:28:53Z,2024-04-19T01:28:53Z
UgwmJPwCNfamTLnt8d94AaABAg,,False,@htckbr99,Tamamını duymak istiyorum,2,2024-04-18T18:18:37Z,2024-04-18T18:18:37Z
Ugx7ewUsx73LxxIJp_B4AaABAg,,False,@neobongzzz,D-4!!!!,4,2024-04-18T17:15:23Z,2024-04-18T17:15:23Z
UgwpDheot4h2sbDlqwt4AaABAg,,False,@kyeolul,back here again... always so proud of how far singer doyoung has come 🥹,4,2024-04-18T17:10:14Z,2024-04-18T17:10:14Z
Ugwqljvhr3ZYJRVQGBN4AaABAg,,False,@uzlifatuljna,balik kesini abis nonton doyoungie pomal🥹🥺,2,2024-04-18T16:14:23Z,2024-04-18T16:14:23Z
UgxvwwoBfcQoXbjlXjB4AaABAg,,False,@muthiatp,It's d-4 already!!!,1,2024-04-18T15:22:46Z,2024-04-18T15:22:46Z
UgyoBInWtjJbmbfaHpJ4AaABAg,,False,@민소이-i2h,미친컨셉에 미친목소리와 미친가사로 눈물 광광 흘려…… 내 눈물로 포말을 만들어버려…🌊,7,2024-04-18T15:00:57Z,2024-04-18T15:00:57Z
Ugy_NhOd0Nji5Xb6ZSJ4AaABAg,,False,@yukimw2048,Abis nonton documentary nya dan dijelasin behind the scene of this song yaampun jadi pengen cepet dengerin full lagu nya,2,2024-04-18T14:49:29Z,2024-04-18T14:49:29Z
UgyK8D4Hp-DRdLyiFB94AaABAg,,False,@Rimi0212,와... 도영이 가사 얘기듣고 다시 들으니까 풀버전들으면 진짜 펑펑 울것같은데.. 도영아 마음이 너무 따뜻하다..🥹❤,7,2024-04-18T14:22:52Z,2024-04-18T14:22:52Z
UgxTDoVWtEOPqRyO50B4AaABAg,,False,@Dodolove-f4x,"Thank you for this song, Doyoung!",2,2024-04-18T14:16:01Z,2024-04-18T14:16:01Z
UgzjmVO8UOaxvq3uvil4AaABAg,,False,@neobongzzz,can't waittt,1,2024-04-18T14:04:17Z,2024-04-18T14:04:17Z
Ugyu0MFnYgWV-a7W84Z4AaABAg,,False,@smackdowntofu188,"coming back after watching doyoung's documentary on how he prepared and made this song... thank you for giving us such a beautiful song, doyoung, i can't wait to listen to the full song and message you're trying to convey through this song <3",9,2024-04-18T13:59:02Z,2024-04-18T13:59:02Z
UgwULF_61I67X_O9TK94AaABAg,,False,@한효슬-i7t,감동 max 최대! 김동영 흥하자🎉,3,2024-04-18T13:14:34Z,2024-04-18T14:08:25Z
UgxSuwVT2LJI2VK3RHZ4AaABAg,,False,@yoochoiwasabi,나 너무 울컥해. 진짜 너 같은 아티스트 어디에도 없어 도영아.,5,2024-04-18T12:54:05Z,2024-04-18T12:54:05Z
UgyGiK8-fiROTtGfJVN4AaABAg,,False,@dillaanggiejuventia2221,4 hari lagi,2,2024-04-18T11:57:41Z,2024-04-18T11:57:41Z
Ugy-31cKsgS2o7hNidh4AaABAg,,False,@lynxxxxo_0,Doyyyyy🥺🥺🥺🥺🥺,1,2024-04-18T11:08:14Z,2024-04-18T11:08:14Z
UgzLyPXWWFhR7fOFlrd4AaABAg,,False,@yuria87,빨리 듣고 싶다.... 기다리기 넘 힘들다,8,2024-04-18T08:54:01Z,2024-04-18T08:54:01Z
Ugy6mXaadzWEGAJixvZ4AaABAg,,False,@moomiinverse,"Doyoung, i love the most🩵",2,2024-04-18T07:40:47Z,2024-04-18T07:40:47Z
UgxfbOOes8LmOIqCtxB4AaABAg,,False,@ar__chived,i’m tearing up this is so beautiful doyoung 🥺❤️,4,2024-04-18T07:17:34Z,2024-04-18T07:17:34Z
UgzIUs8uTDKgYWEvnzx4AaABAg,,False,@Cantikv,"Kim doyoung, you always be my favorite",3,2024-04-18T07:10:27Z,2024-04-18T07:10:27Z
Ugz4T45IAf38HF87t3x4AaABAg,,False,@成-o6k,来週ですね！　ワクワク！,2,2024-04-18T04:47:43Z,2024-04-18T04:47:43Z
UgzKdygaUIlZHVGwmB94AaABAg,,False,@chyodakoziku752,beautiful 🥹🤍,1,2024-04-18T04:16:53Z,2024-04-18T04:16:53Z
Ugy_7pkIKm46R3bDrnx4AaABAg,,False,@nina.ng1208,Can’t wait to listen to the full version. It must be even more touching,1,2024-04-18T03:07:13Z,2024-04-18T03:07:13Z
UgzlX76kS2nIRDAbgNF4AaABAg,,False,@netoidchu,"this is such a masterpiece, so beautiful",6,2024-04-17T22:24:58Z,2024-04-17T22:24:58Z
UgwYRtrwzJFrsLAF5al4AaABAg,,False,@Angelina-q3l4b,언제 오나요 목 빠지겠어요!! 제가  인생처음으로 그 카톡프로필뮤직인가 머시기를 설정해볼까 하는데요 :),19,2024-04-17T17:15:49Z,2024-04-17T17:15:49Z
UgxuYS0mzRrSF327Ott4AaABAg,,False,@user-ny3op3yd1r,도영이 목소리 나오자마자 눈물이 차오르는데요...노래가 너다ㅠㅠ 진짜 고마워 노래해줘서ㅠㅠㅠㅠ,26,2024-04-17T15:49:00Z,2024-04-17T15:49:00Z
UgwwW2_SljI9fJNvG2B4AaABAg,,False,@neoberries,this is so magical. so doyoung.,6,2024-04-17T15:38:56Z,2024-04-17T15:38:56Z
UgwVYQf9aoC9TTQOdqd4AaABAg,,False,@rusdita7688,"Gua yakin album doyoung bakalan sukses, semangat ❤",4,2024-04-17T14:52:21Z,2024-04-17T14:52:21Z
UgwMIjY-GhWLsV4XznB4AaABAg,,False,@NiDoy-uy4rl,"Thank you for this masterpiece, Doyoung",4,2024-04-17T14:24:25Z,2024-04-17T14:24:25Z
UgzDmrppy0pSQqsBR7J4AaABAg,,False,@muthiatp,can we make this 500k? let's go guys,4,2024-04-17T14:00:17Z,2024-04-17T14:00:17Z
Ugzq96OOpAxjkGI-ult4AaABAg,,False,@geraldoyie,5 more days until this masterpiece is released,5,2024-04-17T12:42:35Z,2024-04-17T12:42:35Z
UgwKNWUY2zn5f7HX_UR4AaABAg,,False,@sosommw,인트로도 너무 좋아서 맨날 들으러 와…이번 앨범 도영이의 노력과 진심이 꾹꾹 눌러담긴 결과물인만큼!! 좋은 노래들이 너무나도 좋은 주인 만난만큼 사랑 많이 받을 수 있게 우리도 노력할게🤍🤍도영아 걱정은 넣어두고 22일에 행복해 할 생각만 해~~,30,2024-04-17T11:27:22Z,2024-04-17T11:27:22Z
UgxKVGzazt1oXsVqyQF4AaABAg,,False,@smackdowntofu188,i need beginning full song now 😩,5,2024-04-17T08:34:06Z,2024-04-17T08:34:06Z
Ugw9mV_MVPddem-xpap4AaABAg,,False,@soso_try9621,너가 사랑하는 그 노래 잠깐만 들어도 벌써 좋다><,4,2024-04-17T07:40:27Z,2024-04-17T07:40:27Z
UgyFt5CrbdKVDZ2wEn14AaABAg,,False,@cherry88353,인어왕자맞네.....perfume에서 그렇게 appeal을 하더만....이유가 있었네~💚💚💚💚💚💚💚💚💚💚💚💚💚💚💚💚💚💚💚💚💚💚💚💚💚💚💚💚,4,2024-04-17T07:08:48Z,2024-04-17T07:08:48Z
Ugz4x9O4j38ZUFGQMkB4AaABAg,,False,@urmy_puzzlepiece,미쳤다 미쳤어,4,2024-04-17T06:45:15Z,2024-04-17T06:45:15Z
UgzDjehNZho_hZZmvnZ4AaABAg,,False,@neobongzzz,ahhh so excited,3,2024-04-17T05:46:04Z,2024-04-17T05:46:04Z
UgyaI0T9IX-KPPPvUJ94AaABAg,,False,@kang4595,Your hard work will pay off.  I can see you gaining new fans and love from the gp.,3,2024-04-17T03:30:48Z,2024-04-17T03:30:48Z
UgyG-frVe_0XgnEUBiF4AaABAg,,False,@dochinna7082,It’s giving Moana!,1,2024-04-17T01:11:00Z,2024-04-17T01:11:00Z
UgwEiotg8f8e7g0ixzB4AaABAg,,False,@destinyazbsm,아가 토끼가 내 청춘이에요,3,2024-04-16T23:13:26Z,2024-04-16T23:13:26Z
Ugws434vaoMmPeaGXTJ4AaABAg,,False,@도영글라스,네오에 귀가 절여졌던 시즈니지만 소신발언 그동안 엔시티 티저들 중에서 이렇게 자발적으로 자주 보러오고 자주 들으러 온 티저가 없었는데 김도영 1집이 그걸 해냅니다..,208,2024-04-16T22:32:56Z,2024-04-16T22:32:56Z
UgxE03zQ-j4o_zF40CN4AaABAg,,False,@neobongzzz,D-5,0,2024-04-16T21:51:40Z,2024-04-16T21:51:40Z
UgzHujfUC6WhNer58It4AaABAg,,False,@하멍냥,도영아 사랑해,2,2024-04-16T17:59:55Z,2024-04-16T17:59:55Z
UgyV18v2L7nM9OdzI8B4AaABAg,,False,@stepbystep121,들을때마다 청량하지만 울컥하게하고 도영이만의 따뜻함으로 위로를 주는 그런 느낌이야.. 진짜 이번 앨범 도영이가 어떤 사람인지 잘 보여주는 앨범이 될 것같아,11,2024-04-16T16:30:53Z,2024-04-16T16:31:32Z
UgzDq0-8e4FiV7JIs-F4AaABAg,,False,@ukam6226,早く全てが聴きたすぎて待てないよドヨチ。早く聞かせて。こんなに好みの曲に出会ったの数年ぶりなの。。,7,2024-04-16T14:25:54Z,2024-04-16T14:25:54Z
Ugy0ycgjsbkd33hrQpB4AaABAg,,False,@Flocergromis,Im so proud of you!👏🏻❤️❤️❤️,1,2024-04-16T11:37:29Z,2024-04-16T11:37:29Z
UgyuSZ7xHjoHn5y9qVx4AaABAg,,False,@Flocergromis,🫧🌊🐚,1,2024-04-16T11:36:43Z,2024-04-16T11:36:43Z
UgwUPK8zmvCI2nN8TyF4AaABAg,,False,@Flocergromis,Our doyoung ❤️,1,2024-04-16T11:36:27Z,2024-04-16T11:36:27Z
UgxFhZDRfbLG7_e4H8N4AaABAg,,False,@favvhanji,Doyoung kiedy ślub,0,2024-04-16T10:58:41Z,2024-04-16T10:58:41Z
Ugw-5MVIce45mzxNKHB4AaABAg,,False,@Sasoobae.,Wonderful video ❤,0,2024-04-16T10:22:40Z,2024-04-16T10:22:40Z
Ugz6vnpPIN9451GDtE14AaABAg,,False,@airinyaw3069,feels like in a disney movie trailer WHICH I LOVE SOOOO DAMN MUCHHH,2,2024-04-16T10:20:36Z,2024-04-16T10:20:36Z
UgxPxHlRIyYhoq-QR1N4AaABAg,,False,@castard6721,"태연이 I로 솔로데뷔할때 보아 아틀란티스 소녀가 엄청 떠올랐는데
지금 이걸보면서 태연 I가 떠오름ㅜㅜ
스엠에 또 멋진 솔로 아티스트가 데뷔하는구나",270,2024-04-16T10:03:07Z,2024-04-16T10:03:07Z
UgxdyYxA3C2sjl0REol4AaABAg,,False,@patheresyacarolinehutapea2668,beautiful song voice and everything,2,2024-04-16T07:40:17Z,2024-04-16T07:40:17Z
UgzEQGoTAbPH82kEirF4AaABAg,,False,@neobongzzz,so beautiful imma keep watching everyday even after the dolo release,3,2024-04-16T07:12:38Z,2024-04-16T07:12:38Z
UgwqEq984YVKO8K4ntB4AaABAg,,False,@Unndewb428uvRJR,이거 들으면 나 착해짐 꿈꾸듯 행복행,2,2024-04-16T05:49:14Z,2024-04-16T05:49:14Z
UgxmTCra0UXqAaafnzR4AaABAg,,False,@neobongzzz,dolo save me,2,2024-04-16T05:45:29Z,2024-04-16T05:45:29Z
UgzCqOZaDgwJn_1LJ-h4AaABAg,,False,@neobongzzz,road to 400k,0,2024-04-16T05:45:14Z,2024-04-16T05:45:14Z
Ugz2xrMGzOnjDKva7Ap4AaABAg,,False,@urrirenjunii,mv nya pasti cantik banget,2,2024-04-16T03:57:03Z,2024-04-16T03:57:16Z
Ugw6S5_5H40_BNjB-0J4AaABAg,,False,@linhinhthiphuong2631,His angel voice wakes me up form real life nightmare...,3,2024-04-16T02:36:04Z,2024-04-16T02:36:04Z
Ugw2m0Hs8LQAmVrEwV14AaABAg,,False,@ployt.nondest8676,His Voice is so beautiful. I'm waiting to cheer up this album.,5,2024-04-16T02:29:24Z,2024-04-16T02:29:24Z
UgzUNN_Hcf0Fu09ESpN4AaABAg,,False,@do0_sya,"You always amaze me, Doyoung! Thank you for your hard work and you're doing great My Love!!!",3,2024-04-16T02:28:03Z,2024-04-16T02:28:03Z
UgyZHHeuaeLdW3rmETx4AaABAg,,False,@neobongzzz,so exciteddd,2,2024-04-16T01:36:28Z,2024-04-16T01:36:28Z
UgzSzqjm3wx7RagFCdV4AaABAg,,False,@neobongzzz,❤❤❤,0,2024-04-16T01:35:52Z,2024-04-16T01:35:52Z
Ugx2v9qAQ4bz2hCuBa14AaABAg,,False,@김쏘야채,스바도영어,0,2024-04-15T23:41:14Z,2024-04-15T23:41:14Z
UgxUydVxFhKUztBJeBF4AaABAg,,False,@dianayup90,"looks like SM spent all the budget to this intro film production and collecting 10 great songs, then called it day
the pre debut promotion is sooooo lacking
they better do the unprecedented tv programs and contents for the actual promotion after the album release, so more general public will tune in to doyoung's greatness",5,2024-04-15T18:32:28Z,2024-04-15T18:32:28Z
UgzDeCsgcfY4cqWzQKR4AaABAg,,False,@kdy323,Please shower dy with so much love and buy a lot of albums 😊,6,2024-04-15T17:33:39Z,2024-04-15T17:33:39Z
UgxSWB3G8ESSjVod2wN4AaABAg,,False,@정우편,인어공주 여주로 당장 캐스팅 해주세요 내가 남주,3,2024-04-15T16:50:22Z,2024-04-15T16:50:22Z
UgxisqLDCH_j6dphqO54AaABAg,,False,@kang4595,i love it so much.  i feel so much passion in everything you do.,1,2024-04-15T16:39:13Z,2024-04-15T16:39:13Z
UgyS-A6utAewalUQOrt4AaABAg,,False,@siriwimonainsawang6662,Beautiful angle voice,2,2024-04-15T15:34:47Z,2024-04-15T15:34:47Z
UgwLtos25-VnqUJ63B54AaABAg,,False,@simonbonde9123,I love doyoung so much. He's spoiling us so bad,2,2024-04-15T14:44:13Z,2024-04-15T14:44:13Z
Ugw7UV0S-xP5f4Vwwuh4AaABAg,,False,@nina.ng1208,Imagine Doyoung singing this song on a big outdoor stage in a beautiful spring day. I hope that I can be there to see it 🥺,3,2024-04-15T14:32:35Z,2024-04-15T14:32:35Z
UgzyWmPLjYzw-mJ-p154AaABAg,,False,@Nabilaputri-ls4jh,Keren banget,2,2024-04-15T14:20:50Z,2024-04-15T14:20:50Z
UgwSDLKzrqeoN54sfiB4AaABAg,,False,@fifi-kl3pc,神仙在唱歌🎤,3,2024-04-15T09:15:16Z,2024-04-15T09:15:16Z
UgyK1daz65d2Mu1JbcZ4AaABAg,,False,@lit.emovie,어딜 가나 누구에게나 사랑받아 마땅할 도영이의 청춘,45,2024-04-15T04:05:33Z,2024-04-15T04:05:33Z
UgxN80i0G5tJF8Udaqt4AaABAg,,False,@pjb1003,풀버젼 진짜 기대된다...,5,2024-04-15T03:30:52Z,2024-04-15T03:30:52Z
UgyOLo2Bo1TVnMYJiZ54AaABAg,,False,@jkate9695,I can't wait to hear the full version,2,2024-04-15T02:30:48Z,2024-04-15T02:30:48Z
Ugxuwq6jvA6D8y95tCd4AaABAg,,False,@DoyieKim-mh8zl,I like this so much. The music is so good,1,2024-04-15T01:37:51Z,2024-04-15T01:37:51Z
UgyCBKQFCU-xAzolcd94AaABAg,,False,@스누피-v1j,매일 들어와서 보고있는 영상,4,2024-04-14T22:26:43Z,2024-04-14T22:26:43Z
UgxdFd8rooQF3Bv3MrR4AaABAg,,False,@margheritamazzali6712,Ha una voce così limpida....❤,1,2024-04-14T21:02:00Z,2024-04-14T21:02:00Z
UgzqdQLpFkyxigh6nbB4AaABAg,,False,@markys99,"Omg.... It looks like a Disney trailer... It's really so, SO beautiful, I'm thrilled. Doyoung will deliver everything, I can't wait for this album🤧🫧🌈💚",2,2024-04-14T19:17:56Z,2024-04-14T19:17:56Z
UgytK159ghACWMrsVH14AaABAg,,False,@hibernatingfromlife,0:38 bookmark for self,2,2024-04-14T17:21:04Z,2024-04-15T10:48:11Z
UgxMA6HM0P19RDnrjd94AaABAg,,False,@doyochity9408,Keep repeating this masterpiece. D-7 until the album releares🥹,16,2024-04-14T16:57:38Z,2024-04-14T16:57:38Z
UgzQ_cojwhR7eGGeyV14AaABAg,,False,@Lunavissnct,"esto es tan emocionante, te amo Doyoung <333",1,2024-04-14T16:27:02Z,2024-04-14T16:27:02Z
UgyMrfdzm7keHIqOqWh4AaABAg,,False,@ananyapuri1792,his voice sounds so clean and pure,3,2024-04-14T15:51:05Z,2024-04-14T15:51:05Z
Ugxzt8Fti50Df7LTUal4AaABAg,,False,@dewiandriani3652,Cant wait till the released day,1,2024-04-14T15:22:05Z,2024-04-14T15:22:05Z
UgzgHFmQzkTizHvKO5B4AaABAg,,False,@axelheeham,little mermaid💙,1,2024-04-14T15:08:06Z,2024-04-14T15:08:06Z
UgyEYkQW4qU7c1g4jHR4AaABAg,,False,@Vhanbibi,56K LIKES IN 10DAYS,2,2024-04-14T15:04:37Z,2024-04-14T15:04:37Z
UgyxgUv5VYUm6fmIlsp4AaABAg,,False,@user-trueblue,이 영상 한 5년 뒤에 전설의 시작 이런 평가 받을 듯 단군 신화 마냥,77,2024-04-14T14:45:03Z,2024-04-14T14:45:03Z
UgwADx04m0mU_vg47h54AaABAg,,False,@_sooo2.19,볼때마다 눈물이 난다ㅠㅠ,5,2024-04-14T13:47:29Z,2024-04-14T13:47:29Z
UgxOR4sEQy0OlewnrYl4AaABAg,,False,@Cinnamon_girl.f,Bu vocal halis miii,1,2024-04-14T13:38:11Z,2024-04-14T13:38:11Z
UgzQ1Jd9xZoELnqpK5Z4AaABAg,,False,@rawringcat2511,Cannot wait for this!,1,2024-04-14T13:23:43Z,2024-04-14T13:23:43Z
UgxeApntrsA1KaoOUfd4AaABAg,,False,@leemarklove_2,도영오빠 이렇게만 듣는데도 나 눈물 날것 같이 너무 벅차 ㅠㅠ 오빠가 하는 음악이 나한테 너무 힘이 돼 고마워💙💙,9,2024-04-14T10:32:08Z,2024-04-14T10:32:08Z
UgxvfzjgRkHI02hugsN4AaABAg,,False,@wingyankelly,can't waittttt,2,2024-04-14T09:39:00Z,2024-04-14T09:39:00Z
UgzFk4OwRcw6jhKPPmx4AaABAg,,False,@wingyankelly,omgggggg,1,2024-04-14T09:38:48Z,2024-04-14T09:38:48Z
UgypnfL2WD7cBPa8Ww14AaABAg,,False,@FitriaOkthaviolina-ud3sw,Intro nya bagus bgt,3,2024-04-14T05:07:21Z,2024-04-14T05:07:21Z
UgwqKjD18u4zcQOfu854AaABAg,,False,@christinedoquiatan6452,We'll continue supporting you our Doyoung(⁠◍⁠•⁠ᴗ⁠•⁠◍⁠)⁠✧⁠*⁠。,4,2024-04-14T03:29:42Z,2024-04-14T03:29:42Z
UgyH5ASmQJ2sxnRtpjh4AaABAg,,False,@wlt7d,잠겨 죽어도 좋으니 도영이가 내 인생에 파도처럼 밀려오길,25,2024-04-14T02:59:43Z,2024-04-14T03:00:01Z
Ugwu7UlMHiXLt27tJ8Z4AaABAg,,False,@celinet620,"도영아. 너의 청춘의 포말을 노래해 주어서 정말 고마워. 벅차도록 아름다운 이야기가 음악을 진심으로 사랑하는 네 어여쁜 발자취에 새로운 편린이 되기를. 우리는 네가 초대해 준 그 우주에서, 변함없이 너를 사랑하고 있을게❤",14,2024-04-14T02:55:52Z,2024-04-14T03:01:30Z
Ugxe-Y_KCMBB8NDC7Yx4AaABAg,,False,@haddody,I love this so much!,5,2024-04-14T00:33:13Z,2024-04-14T00:33:13Z
UgwFi0WbOxpK6XfXqqh4AaABAg,,False,@쟈찬이,스엠도 도영이가 워낙 잘하니까 이렇게 하이라이트 자신있게 2주 전부터 들려주는거 아닐까?? 이건 된다 싶은거지.. 도영아!! 온 세상이 너의 노래를 듣고 힘 낸다👍🏻 최고 도영이이이,18,2024-04-13T23:49:12Z,2024-04-13T23:49:12Z
UgxZPMv1gkDr6ibWvc14AaABAg,,False,@simonbonde9123,This is beautiful! But isn't the intro from Radwimps?,1,2024-04-13T21:34:26Z,2024-04-13T21:34:26Z
Ugw-zbPY9zd_cQxE5o14AaABAg,,False,@sexng,"이 분위기와 감성이 엔시티에서 나올 수 있다고?
미쳤다...........................",26,2024-04-13T21:10:24Z,2024-04-13T21:10:45Z
Ugw9K2y5BvxDpwbwJ_R4AaABAg,,False,@yeehaw4073,so beautiful,2,2024-04-13T19:44:53Z,2024-04-13T19:44:53Z
UgwWorovVemk4bAzqwR4AaABAg,,False,@macyeast6585,Thinking of studio ghibli. This is so beautiful. I love ya my DY 💖,4,2024-04-13T19:16:47Z,2024-04-13T19:16:47Z
UgyOzfxeZOBRvvrf3vx4AaABAg,,False,@kdy323,Beginning sounded so different in the medley im even more excited,5,2024-04-13T16:12:03Z,2024-04-13T16:12:03Z
UgwX_5waNoB0VaMJ2zp4AaABAg,,False,@youngwon212,와..,5,2024-04-13T16:05:46Z,2024-04-13T16:05:46Z
Ugw4J_GYjHjzpZmRO5R4AaABAg,,False,@nyty21,I can 't stop to playing this video and listening to Doyoung's beautiful voice,6,2024-04-13T14:49:56Z,2024-04-13T14:49:56Z
Ugw31HsFJ8PdXnlsOyV4AaABAg,,False,@민지박-l4o,"봄이 오는구나. 자연만물같은 느낌이든다
뭐가 거대한 느낌….",13,2024-04-13T13:41:55Z,2024-04-13T13:41:55Z
UgyZfeSh52mykFpLIsh4AaABAg,,False,@Haaaaaa06,감동이야…아니ㅡ그냥 노래의 멜로디자체가 나를 위로해주는 느낌이랄까 흐어엉ㅜ,10,2024-04-13T12:47:57Z,2024-04-13T12:47:57Z
UgyFzc3QD7GPwbD-huh4AaABAg,,False,@yun_06,🥹🫶,4,2024-04-13T11:54:57Z,2024-04-13T11:54:57Z
UgySriX5P1TSgI4Ytht4AaABAg,,False,@ellyplatino6278,if beauty is a person,6,2024-04-13T11:37:43Z,2024-04-13T11:37:43Z
Ugw8BreK6_hXj4XtL2Z4AaABAg,,False,@dytrack_127,또 보러왔어 22일 언제와,4,2024-04-13T07:03:30Z,2024-04-13T07:03:30Z
UgzHxlC0GDpAQvpUN6B4AaABAg,,False,@irisheyes9912,Doyoung has the kind of voice that needs to be in every Disney movie with the scenes that gives you goose bumps & makes you cry 💚,18,2024-04-13T06:55:42Z,2024-04-13T06:55:42Z
UgzPBBNVoce1s8QQv494AaABAg,,False,@trust.a6052,Such a wonderful teaser album! I love his sweet saint voice smmmm.,10,2024-04-13T06:27:15Z,2024-04-13T06:27:15Z
UgxxlOkyFZJgwJW68YV4AaABAg,,False,@aliyyahaa,우와 우리 도영이 🥺💚💚,7,2024-04-13T05:26:48Z,2024-04-13T05:26:48Z
UgxC7Rb2XZi5l-3deEx4AaABAg,,False,@allyi9863,ピアノの音とドヨンさんの声って本当に相性が良すぎる、、！,5,2024-04-13T05:23:59Z,2024-04-13T05:23:59Z
UgwSuC5kdkr4PFVs3o14AaABAg,,False,@yen_seul,아 콘서트에샤 들으면 눈물날것같음 ㅠㅠ,12,2024-04-13T05:14:20Z,2024-04-13T05:14:20Z
UgyqPSvuTQFwcjDBcjh4AaABAg,,False,@정-m7l,"하라메까지 뜬 지금 새봄의 노래가 티저로 공개된 이유, 그리고 01번 트랙인 이유까지 너무 잘 알겠음.. 타이틀 반딧불은 이 앨범의 주제(청춘)이겠지만 01새봄의 노래는 첫 솔로 앨범을 만들며 고집을 피웠다던 도영이의 고집과 포부를 담은 노래 같아.... 버블로 도영이가 노래를 어떤 마음으로 해왔고 어떻게 사랑하고 있는지 평소 잘 공유해줘서 알고있었는데 그래서 노래로 무엇을 어떻게 할거란 선언. 으로 다가옴 ㅠㅠ",68,2024-04-13T04:23:30Z,2024-04-13T04:23:30Z
UgwUpA62uwIe_Rm-I594AaABAg,,False,@noraejoah,22-04-24 soon,6,2024-04-13T03:43:24Z,2024-04-13T03:43:24Z
UgxNrVQ3ObFVeS5V_nN4AaABAg,,False,@neobongzzz,i keep rewatching this like every hour,4,2024-04-13T03:03:15Z,2024-04-13T03:03:15Z
UgwubC0MaxB1aRpD4u14AaABAg,,False,@pitchayapornchumcheun8961,Very best album,6,2024-04-13T02:53:42Z,2024-04-13T02:53:42Z
UgzKaV_e2hDpzx5MPmN4AaABAg,,False,@donaldzuramp4404,Why does this feels like a little mermaid ost,5,2024-04-13T02:17:02Z,2024-04-13T02:17:02Z
UgxmW2LSMwd8JIrLQHl4AaABAg,,False,@sindkys9336,Next Taeil album❤❤,3,2024-04-13T01:35:21Z,2024-04-13T01:35:21Z
Ugy23S6om4LTbcLLK_F4AaABAg,,False,@itsme-tp6yu,It's so pretty,4,2024-04-12T23:32:23Z,2024-04-12T23:32:23Z
UgyteNKC90skKULpWsN4AaABAg,,False,@BTSAteez-q1g,Какой сильный прекрасный вокал и голос❤❤❤❤,3,2024-04-12T22:34:21Z,2024-04-12T22:34:21Z
UgxIbx_UpHIOa3a1JWl4AaABAg,,False,@밍밍-f9w6n,22일 언제와…… 🥹,5,2024-04-12T21:56:35Z,2024-04-12T21:56:35Z
Ugy-RwsbC8r1dx-cEdV4AaABAg,,False,@riniagustiani2194,sangat baguss❤❤❤❤❤,4,2024-04-12T21:43:38Z,2024-04-12T21:43:38Z
UgyhSGucQIy-hDuPPMN4AaABAg,,False,@이이은정-v6z,잘생겼다 ❤,4,2024-04-12T20:53:51Z,2024-04-12T20:53:51Z
UgzZO7Dm1WwkaDu7YqR4AaABAg,,False,@taeminismymiracle,doyoung is so talented 😭😭 i’m everyday here,21,2024-04-12T18:22:17Z,2024-04-12T18:22:17Z
UgzKMgEMnGmpA-r7aBh4AaABAg,,False,@raquel.jejejj,🌊🌊🌊🤍🥰,3,2024-04-12T18:02:29Z,2024-04-12T18:02:29Z
UgwhV1iEj6i83JkoPrt4AaABAg,,False,@rema2769,This so pretty I’m gonna cry 🥲 fighting doyoung,7,2024-04-12T17:13:52Z,2024-04-12T17:13:52Z
UgxqHT1hMAE5xqSGZOZ4AaABAg,,False,@MIKA_xx25,"도영인 해찬이와 스엠의 보물 
도영이가 재중이 음역대 높아진 
고음 잘 뽑는 버전의 더 웅장한 
섹시하면서 감미로운 오묘한 음색",5,2024-04-12T16:36:13Z,2024-04-16T16:41:59Z
UgzTojeGBwi9eo_boZ14AaABAg,,False,@dilyrtyuiop,이날만을 기다렸다 엔시티 보물인 보컬멤들의 솔로 데뷔. 다음은 문태일 이해찬이지 딱기다릴게.. 김도영 미쳤다 ㅠ,1,2024-04-12T16:16:42Z,2024-04-12T16:16:42Z
UgyTBRsu1GBZQGKh1CZ4AaABAg,,False,@다채-z4n,진짜 몇번째 듣고있는 건지 모르겠어 이게 아직 발매되지 않은 노래라니..도영이가 얼마나 아름답고 정성이 담긴 청춘의 메세지를 보여주려는 건지 너무 기대되고 도영이의 앞날들을 시즈니가 찬란하게 빛날 수 있도록 비출게💚,10,2024-04-12T16:12:46Z,2024-04-12T16:12:46Z
UgzwuKmGgw4slY8BbdJ4AaABAg,,False,@핳-n3f,이건 진짜 미쳤다🫨,7,2024-04-12T15:53:36Z,2024-04-12T15:53:36Z
UgxkhSl0JVVsNAPJSoV4AaABAg,,False,@Ashlyn_Dodd,그는 나의 악마 같은 순간을 가졌다. 💚💚💚,0,2024-04-12T15:48:39Z,2024-04-12T15:48:39Z
UgzbTnbvHu_e2fj4l8N4AaABAg,,False,@lai_laurrrr,Is that a ponyo reference? Or I'm just tripping? (Pls tell me I'm not),0,2024-04-12T15:46:27Z,2024-04-12T15:46:27Z
Ugz-Xk89dw6T3HiTP8N4AaABAg,,False,@leehan_wife,아들 엄마가 항상 응원해💪💪💪💪,8,2024-04-12T15:36:08Z,2024-04-12T15:36:08Z
UgyJbVnNZ45sviOfMv14AaABAg,,False,@minesoda_love,"도영이는 청춘이 퍼스널 컬러같아. . 
이번 솔로 잘됐으면 좋겠고, 잘 될거고!!!! 빨리 듣고싶다🥰",5,2024-04-12T15:24:05Z,2024-04-12T15:24:05Z
UgxoJhVDKpWjZOresyl4AaABAg,,False,@cilaarr,kereeeen bangeeeet sayaaang kuuu❤❤❤❤,2,2024-04-12T15:19:58Z,2024-04-12T15:19:58Z
Ugw7H2TArS5KeMEZ0Th4AaABAg,,False,@므앙-h3j,🩵🩵🩵🩵🩵,2,2024-04-12T15:17:25Z,2024-04-12T15:17:25Z
Ugw1mu2rupowsNa0swd4AaABAg,,False,@natasharodriguez-pc1km,I can't Wait!!!. The MV looks like it's going to be so pretty and the vocals were as amazing as always. I Will be watching this over and over until it finally comes out!!🩵🩷.,11,2024-04-12T15:12:02Z,2024-04-12T15:12:02Z
UgzjYue4LuHxSycQOpl4AaABAg,,False,@smackdowntofu188,april 22 please come faster 😭,5,2024-04-12T13:21:55Z,2024-04-12T13:21:55Z
UgzjYue4LuHxSycQOpl4AaABAg.A27wCXL-rz8A28BeKYOiSg,UgzjYue4LuHxSycQOpl4AaABAg,True,@lai_laurrrr,It's been so long since i have genuinely anticipated an album release 😭😭,1,2024-04-12T15:45:40Z,2024-04-12T15:45:40Z
UgxywWCJWezBKx6GExV4AaABAg,,False,@IDHfuturewife,무조건 뜬다 이건,4,2024-04-12T13:09:33Z,2024-04-12T13:09:33Z
Ugym0A0nCjIJms5XZ354AaABAg,,False,@shanummiee,COWO GUAAA AKHH,2,2024-04-12T12:32:55Z,2024-04-12T12:32:55Z
UgzMqBsyI59IBM6JK3V4AaABAg,,False,@haechi606,너가 내 디즈니고 너가 내 청춘이야..,4,2024-04-12T12:27:01Z,2024-04-12T12:27:01Z
UgxQiRrtXCE-0vX9y454AaABAg,,False,@su.n_flower06,이게 내 디즈니다 ㅜㅜ,4,2024-04-12T11:24:51Z,2024-04-12T11:24:51Z
Ugx3p9vCE9LhCnlcvfF4AaABAg,,False,@Dn6f,오늘밤은 좀 대단한 게 뜬다지? 기다리면서 또 새봄이 들으러 와따 도영아 기다리는 시간의 행복 느끼고 있어 💚,5,2024-04-12T10:08:09Z,2024-04-12T10:08:09Z
Ugwa3RQCfCqgCQTVXFh4AaABAg,,False,@촤용,도영아 나 설렌다❤❤❤❤,6,2024-04-12T09:57:11Z,2024-04-12T09:57:11Z
UgzIXXltL9tzzUmAD3d4AaABAg,,False,@fatiaalifah,"Aqsar says oppa doyong very funny 😂😆😂😆😂😆 keep spirit and stay healthy oppa doyong and oppa nct 127 , oppa nct 💚💚💚💚💚💚💚💚💚💚💚💚💚💚💚💚💚💚💚💚💚💚💚💚💚💚💚💚💚💚💚💚💚💚💚💚💚💚💚💚💚💚💚💚💚💚💚💚💚💚💚💚💚💚💚💚💚💚💚💚💚💚",0,2024-04-12T09:47:41Z,2024-04-12T09:47:41Z
UgzE0ytc5LEYwATrJOd4AaABAg,,False,@fatiaalifah,"Fatia and Aqsar always support Oppa Doyong and Oppa NCT 127 and Oppa NCT 😊😊😊😊😊😊😊😊😊😊😊😊😊😊😊😊😊😊😊😊😊😊😊😊😊😊😊😊😊😊😊😊😊😊😊😊😊😊😊😊😊😊😊😊😊😊😊😊😊😊😊😊😊😊😊😊😊😊😊😊😊😊😊😊😊😊😊😊😊😊😊😊😊😊😊😊😊😊😊😊😊😊😊😊😊😊😊😊😊😊😊😊😊😊😊😊😊😊😊😊😊😊😊😊😊😊😊😊😊😊😊😊😊😊😊😊😊😊😊😊😊😊😊😊😊😊😊😊😊😊😊😊😊😊😊😊😊😊😊😊😊😊😊😊😊😊😊😊😊😊😊😊😊😊💚💚💚💚💚💚💚💚💚💚💚💚💚💚💚💚💚💚💚💚💚💚💚💚💚💚💚💚💚💚💚💚💚💚💚💚💚💚💚💚💚💚💚💚💚💚💚💚💚💚💚💚💚💚💚💚💚💚💚💚💚💚💚💚💚💚💚💚💚💚💚💚💚💚💚💚💚💚💚💚💚💚💚💚💚💚💚💚 oppa doyong, oppa nct 127 , oppa nct 😊☺️☺️😊😊☺️☺️😊😊☺️☺️😊😊☺️☺️😊😊☺️☺️😊😊☺️☺️😊😊☺️☺️😊😊☺️☺️😊😊☺️☺️😊😊☺️☺️😊😊☺️☺️😊😊☺️☺️😊😊☺️☺️😊😊☺️☺️😊😊💚💚💚💚💚💚💚💚💚💚💚💚💚💚💚💚💚💚💚💚💚💚💚💚💚💚💚💚💚💚💚💚💚💚💚💚💚💚💚💚💚💚💚💚💚💚💚💚💚💚💚💚💚💚💚💚💚💚💚💚💚💚💚💚💚💚💚💚💚💚💚💚💚💚💚💚💚💚💚💚💚💚💚💚💚💚💚💚💚💚💚💚💚💚💚💚💚💚💚💚💚💚💚💚

Oppa doyong, oppa nct 127, oppa nct 😊☺️☺️😊😊☺️☺️😊😊☺️☺️😊😊😊😊😊💚💚💚💚💚💚💚💚💚💚💚💚💚

Cheer up oppa doyong, oppa nct 127, oppa nct",0,2024-04-12T09:46:27Z,2024-04-12T09:46:27Z
UgzwyoUGeWkAJqBS2s54AaABAg,,False,@jkeey4,most beautiful sweet angelic voice ever love u so much my doyoung im so proud of u,1,2024-04-12T08:39:24Z,2024-04-12T08:39:24Z
Ugz6BElkCtE0GtOVA-Z4AaABAg,,False,@영이편,도영아 노래 들으려고 또 왔어!! 일부만 들어도 이렇게 좋은데 풀로 들으면 얼마나 더 좋을까? 노래해줘서 고마워 ㅎㅎ,5,2024-04-12T07:33:58Z,2024-04-12T07:33:58Z
Ugw3pFvUGVU0c7EwyY94AaABAg,,False,@TeresaCamille,This is so beautiful!,4,2024-04-12T07:15:11Z,2024-04-12T07:15:11Z
Ugw4TQ6PWAKwAeT4JcJ4AaABAg,,False,@kang4595,you bring me joy and comfort when I am down.  Thank for all you do.,4,2024-04-12T06:11:34Z,2024-04-12T06:11:34Z
UgxrpLmdbec_v0lNd2N4AaABAg,,False,@CatMom-qq8ir,Love Doyoung’s angelic voice! Can’t wait to hear all of his masterpieces on his album! 🔥,6,2024-04-12T05:38:44Z,2024-04-12T05:38:44Z
Ugxov1sQyxZD3WT9-9N4AaABAg,,False,@Haecfhyuck,kamu animek ya,0,2024-04-12T05:38:37Z,2024-04-12T05:38:37Z
UgziMT92nf_ckVwkyTd4AaABAg,,False,@aeonglee,WoW🙆🙆,2,2024-04-12T05:11:20Z,2024-04-12T05:11:38Z
UgxRmJShFJFJCx0S_tZ4AaABAg,,False,@bellovebya4661,Debut del añoooo,5,2024-04-12T03:56:38Z,2024-04-12T03:56:38Z
Ugzu3UdcNONoGLaGrMp4AaABAg,,False,@k_eehos,네가 내 동화고 현실이고 환상이야. 오래오래 노래해줘❤,7,2024-04-12T03:06:52Z,2024-04-12T03:06:52Z
UgzaFnJEY_updQz6gFx4AaABAg,,False,@hs23235,"도영이가 걱정하는만큼 정말 열심히 준비했다는 거겠지? 우린 너가 하는게 뭐든 응원하고 좋아할거야 이제껏 그래왔고 앞으로도 그럴거고
그냥 너가 특정한 무언가를 해서가 아닌 김도영,김동영 이라는 사람을 좋아해서 너가 하는 모든걸 응원하는거니까 너무 걱정은 안하면 좋겠어 빨리 22일이 됐음 좋겠다
도영아 항상 안보이는 곳에서도 도프들이 많이 응원하고 있어☺️❤️",13,2024-04-12T02:21:41Z,2024-04-12T02:21:41Z
Ugyyx91HcAs3fc2XsqV4AaABAg,,False,@yukimw2048,22 April please come faster,6,2024-04-12T00:50:48Z,2024-04-12T00:50:48Z
Ugyyx91HcAs3fc2XsqV4AaABAg.A26aFAxI4nAA26nk3Tbk_H,Ugyyx91HcAs3fc2XsqV4AaABAg,True,@neobongzzz,"RIGHT, PLEASEE",1,2024-04-12T02:48:45Z,2024-04-12T02:48:45Z
UgxJiKSYK8BKgi6KD0Z4AaABAg,,False,@xdlyon_lyonxd,DOYOUNG made a theme song already 👏🏾👏🏾👏🏾👏🏾👏🏾,3,2024-04-11T23:43:42Z,2024-04-11T23:43:42Z
UgzFeb-LstKHyrChhxB4AaABAg,,False,@slmyoung,Doyoung jjang,3,2024-04-11T23:18:52Z,2024-04-11T23:18:52Z
UgyjGnJfINUCSZ8TLFB4AaABAg,,False,@hyuckren7to3,まいにち、まいにち、まいにち、きいています💚🍀💚🍀🐰🍀💚🍀💚,6,2024-04-11T22:41:07Z,2024-04-11T22:41:07Z
UgxAfJV0xlR0EwjHTKh4AaABAg,,False,@lynnreza,i don't think doyoung has ever looked more ethereal than in this video :') i'm so incredibly excited for his solo album!!! so proud of doy <3,13,2024-04-11T20:29:06Z,2024-04-11T20:29:06Z
Ugygu1CzzFkm6oJSklB4AaABAg,,False,@Narasewar,진짜 너무너무너무 기대된다 너무너무 좋아서 미치겠음 ㅠㅠㅠ 도영이 진짜 음색이 미침 목소리만으로 서사 뚝딱 완성,13,2024-04-11T20:25:20Z,2024-04-11T20:26:10Z
Ugy7uDrd9bh9O9O_M_N4AaABAg,,False,@МаринаКузнецова-щ5и,Очень красивое видео,1,2024-04-11T20:04:06Z,2024-04-11T20:04:06Z
Ugy4pj0f-xlz2jUcGXx4AaABAg,,False,@deyja1357,I teared up for real this is so fucking dope😭😭❤,6,2024-04-11T18:40:10Z,2024-04-11T18:40:10Z
Ugy4pj0f-xlz2jUcGXx4AaABAg.A25vpZg4PCvA260gSj7nS9,Ugy4pj0f-xlz2jUcGXx4AaABAg,True,@saltyriz7734,Me too!!!,0,2024-04-11T19:31:21Z,2024-04-11T19:31:21Z
Ugy4pj0f-xlz2jUcGXx4AaABAg.A25vpZg4PCvA264cpDkmM1,Ugy4pj0f-xlz2jUcGXx4AaABAg,True,@neobongzzz,it isss,0,2024-04-11T20:05:48Z,2024-04-11T20:05:48Z
UgxBVBNbJB8ckU1AyH94AaABAg,,False,@麥麥-j8x,简直绝了啊啊啊啊啊太期待了🩵🩵🩵🥹🥹🥹🥹,3,2024-04-11T17:51:53Z,2024-04-11T17:51:53Z
UgwIwOd4Y0Wm5lzr9HB4AaABAg,,False,@매캐롱,슴덕의 심장이 반응하는....그런 노래다...ㄸㄹㄹ,11,2024-04-11T17:07:35Z,2024-04-11T17:07:35Z
UgxCfLlaHHHCpxm9CHl4AaABAg,,False,@graciahalim7371,Sukaa sangat aaaa,1,2024-04-11T15:32:38Z,2024-04-11T15:32:38Z
Ugyi6r1-c0lWrpEZ53t4AaABAg,,False,@graciahalim7371,Kerenn banget dahh,1,2024-04-11T15:32:28Z,2024-04-11T15:32:28Z
Ugz4TVZl-Q0qSEY0BX94AaABAg,,False,@Xkksndskskm,도영아 너가 내 청춘이자 미래다,7,2024-04-11T15:10:50Z,2024-04-11T15:10:50Z
UgxWmgKyn0BEub9MdW54AaABAg,,False,@user-ddorong,"애니ost같은 느낌 넘 좋아 ㅠㅠ
노을진 배경에 어딘가 달려야될거같은 느낌
도영  목소리 믿고듣지",10,2024-04-11T14:58:10Z,2024-04-11T14:58:45Z
UgyDPACGPDall7IFLcZ4AaABAg,,False,@밈-x9r,노래 진짜ㅜ좋음 도영아 사랑해🥺🥺😻😻,7,2024-04-11T14:52:09Z,2024-04-11T14:52:09Z
Ugw7Zv65_VphuMZ3IHx4AaABAg,,False,@Dn6f,10분 후에 또 새로운 것이 뜬다고 해서 ㅋㅋㅋㅋㅋ 그동안 새봄이 보러 왔옹💚,6,2024-04-11T14:50:40Z,2024-04-11T14:50:40Z
Ugy_qx4ieMaLvhyNWZN4AaABAg,,False,@silverwave1248,"도영님 목소리 좋아해서 도영님이 참여한 곡이면 바로 플리에 넣고 듣는데 솔로앨범라니🙊모르고 있다가 알고리즘에 떠서 들었는데 너무너무 좋아요!!!영상도 예쁘고 노래는 말할 것도 없고,,빨리 완곡 듣고 싶어서 발매일만 기다려요!!그리고 듣는데 저의 감정을 건드리는 무언가가 있어서 눈물이 조금 났어요🥲덕질하는 팬은 아니지만 도영님의 목소리를 좋아하는 사람으로서 가수해줘서 노래해줘서 정말 감사하다고 말하고 싶어요. 솔로활동 화이팅하세요!!!",12,2024-04-11T14:44:55Z,2024-04-11T14:44:55Z
UgyIGk7YBx7QN2Ngv8N4AaABAg,,False,@쵸코쵸코-g5e,"일부만 들어도 이렇게나 좋은데, 도영이가 직접 꾸린 이번 앨범은 얼마나 좋을까..🥹🥹🥹 빨리 22일이 왔으면 좋겠다. 도영이의 청춘을 언제나 응원해줘야지..💚",8,2024-04-11T14:39:59Z,2024-04-11T14:39:59Z
UgzGYnpf5u00LviEkCh4AaABAg,,False,@nodmuw000,솔로 데뷔까지 앞으로 11일‼︎ 기다려져...너무 기대하고 있어 도영 오빠 파이팅😆🩵🩵🩵🩵🩵🩵🩵🩵🩵🩵🩵,11,2024-04-11T14:03:16Z,2024-04-11T14:03:16Z
UgxJGMQP7pmT32ewmi14AaABAg,,False,@momomimiu,"Aku akan selalu mendukungmu Doyoung sii.. ❤
Love u forever from Indonesia ❤",1,2024-04-11T14:00:59Z,2024-04-11T14:00:59Z
UgyVFR4iw4b_4JF8HF94AaABAg,,False,@ksxcill1759,🩵🩵🩵🩵,1,2024-04-11T13:35:02Z,2024-04-11T13:35:02Z
UgwS5fyfPoNDdZev5ml4AaABAg,,False,@Deudeubaba,"도영오빠 목소리를 너무 좋아하는 시즈니입니다. 변함없이 음악을 사랑해줘서 고마워요!
이번 솔로 앨범 예약구매했어요. 22일에 음원 기대하고 있겠습니다",8,2024-04-11T13:20:41Z,2024-04-11T13:21:38Z
UgzlMkbIFYAcoK7EKcR4AaABAg,,False,@OpalChaisatiansup,can't wait for full song😍,3,2024-04-11T13:00:48Z,2024-04-11T13:00:48Z
Ugyb-hQOeZfMhe_vZ7Z4AaABAg,,False,@라껜롤,"평소 호소력 있는 음색이라 좋게 생각하고 있다가 찰떡같은 솔로곡을 가지고 오다니... 이번년도 닿을 때까지 들을 노래가 생겼네요,,,",9,2024-04-11T12:42:58Z,2024-04-11T12:42:58Z
UgyFrElJhkZ_ynBpedF4AaABAg,,False,@haticemuslu11,Albüm çıksın diye gün sayıyorum,1,2024-04-11T12:42:17Z,2024-04-11T12:42:17Z
Ugx4CoGSTM8c-7cFJ4R4AaABAg,,False,@JunglimF,"도영아 내가 진짜 많이 사랑해..🥹
힘들때마다 도영이 파트모음듣고 위로 받는데..진짜 이번에 솔로로 나와서 너무너무 행복해..",5,2024-04-11T12:38:14Z,2024-04-11T12:38:14Z
UgwIChKDkmIip7JcxyZ4AaABAg,,False,@smackdowntofu188,gonna keep coming back until the full song is released on the 22nd 😍,4,2024-04-11T12:06:57Z,2024-04-11T12:06:57Z
Ugxj0zoD5c6hv1jMgLl4AaABAg,,False,@hh-yq6bm,진짜 이어폰 꼽고 소리 크게 해서들으면 너무 좋아요,18,2024-04-11T11:34:05Z,2024-04-11T11:34:05Z
Ugym9oZHUgKkwuTBS6J4AaABAg,,False,@Kong_Gogi,에스엠이 남자 발라드 솔로는 또 기막히게 잘 말아주긴 하지..,6,2024-04-11T11:30:41Z,2024-04-11T11:30:41Z
UgwLI6DnmRP3PxNLQCB4AaABAg,,False,@diajengimasgandasari5749,So beautiful 💚,2,2024-04-11T11:28:57Z,2024-04-11T11:28:57Z
UgyXX96YKeMG_1VSIRp4AaABAg,,False,@Dn6f,하도 많이 들어서 이제 정들었어 우리 새봄 나의 새봄 사랑하는 새봄💚,6,2024-04-11T11:01:28Z,2024-04-11T11:01:28Z
UgyapWbLBXi2VAAKC554AaABAg,,False,@slmyoung,Pretty doyoung pretty voice,4,2024-04-11T10:07:14Z,2024-04-11T10:07:14Z
Ugzl1xRNNEDKeJiYAkd4AaABAg,,False,@GaleriStranger,Kim Doyoung and his beautiful voice’s warming my heart🩵,5,2024-04-11T10:02:28Z,2024-04-11T10:02:28Z
UgzlNdqb4hym_HQqGlx4AaABAg,,False,@djjdebut,"Doyoungieee who love singing the most, congrats for your solo debut soon babe",5,2024-04-11T09:36:15Z,2024-04-11T09:36:15Z
UgxpObKq4D6CeakX0qx4AaABAg,,False,@djjdebut,Doyoungieee hwaitingg,3,2024-04-11T09:35:51Z,2024-04-11T09:35:51Z
UgzOV77D1dtfITgaBph4AaABAg,,False,@djjdebut,Disney prince coded,4,2024-04-11T09:35:43Z,2024-04-11T09:35:43Z
Ugznq9GG279Lz4tefSF4AaABAg,,False,@96DOYIE,IM GGAGED.,4,2024-04-11T09:31:51Z,2024-04-11T09:31:51Z
UgwWz26LQPiO6f26UnV4AaABAg,,False,@mnm-7u,페스티벌에서 새봄의 노래 부를 도영이 떠올리니까 너무 행복하다 언넝 만나자🩵,22,2024-04-11T09:25:41Z,2024-04-11T09:25:41Z
UgyzzVWGb2He1PXdm5p4AaABAg,,False,@annalog-hs4ch,Is this some kind of Disney OST or something??? 와 진짜 첫조부터 소름이 끼첬네 ㅠㅠㅠㅠ,3,2024-04-11T09:09:35Z,2024-04-11T09:09:35Z
UgxKwq0OeYUCzgZCIlB4AaABAg,,False,@Dn6f,오늘도 또 와따❤ 새봄같은 도영이 얼른 듣고 싶다,6,2024-04-11T08:37:49Z,2024-04-11T08:37:49Z
Ugw8d9cFdxDwqthlHkt4AaABAg,,False,@롸-w9j,노래가 좋다👍🏻👍🏻,7,2024-04-11T08:26:40Z,2024-04-11T08:26:40Z
UgwrCZp3SjME9dnKP8x4AaABAg,,False,@slmyoung,도영아 최고,6,2024-04-11T08:24:10Z,2024-04-11T08:24:10Z
Ugx-J-VMbb8RoSZGySl4AaABAg,,False,@slmyoung,사랑해 도영시,3,2024-04-11T08:23:37Z,2024-04-11T08:23:37Z
UgwKthpBvIdnLgupDSV4AaABAg,,False,@slmyoung,"Doyoung nyanyian mu memberi semangat semangat untuk ku, makasih ya",2,2024-04-11T08:23:14Z,2024-04-11T08:23:14Z
UgzYPEgqDan2upSHkYp4AaABAg,,False,@slmyoung,Full song nya cepat rilis pliss,1,2024-04-11T08:22:36Z,2024-04-11T08:22:36Z
UgzkxmElZbUBQfvdibd4AaABAg,,False,@ewlnnv,"도영이의 감정선이 너무 좋고
도영이만의 노래를 하는 도영이가 
너무 좋아서 지금 좀 눈물날 거 같아",28,2024-04-11T08:18:01Z,2024-04-11T08:18:01Z
UgwvCX257TMdvSZL4f14AaABAg,,False,@nina.ng1208,This song is for many days that i feel tired and start loosing hopes about this life. But Doyoung saved me by his songs and his sincere heart. I'm always thankful that he chose this path as a singer,6,2024-04-11T08:15:39Z,2024-04-11T08:15:39Z
UgylaMrI74reiSIFQDR4AaABAg,,False,@김예솔-t8y,문빈이 좋대,0,2024-04-11T08:01:29Z,2024-04-11T08:01:29Z
UgzqzBkqt8by3ukvaeh4AaABAg,,False,@김예솔-t8y,우주는 너네 싫대. 아 엔시티.,0,2024-04-11T08:01:17Z,2024-04-11T08:01:17Z
UgzK1waWdlXMtypOL1t4AaABAg,,False,@김예솔-t8y,양아치 엔시티 화이팅,0,2024-04-11T08:00:56Z,2024-04-11T08:00:56Z
Ugx2f_xoTsUz_g-s1OV4AaABAg,,False,@자영-q7j,학업으로 스트레스 너무 받는 중딩인데 풀버전도 아니고 아주 살짝 듣는노래인데 노래 진짜 몽환적이고 스트레스 풀려요 빨리 22일이 와서 제 남은 스트레스 풀어주세요,8,2024-04-11T08:00:19Z,2024-04-11T08:00:19Z
Ugw9FxPGh2hUPrWbq1d4AaABAg,,False,@guadalupemelena8077,wow it sounds and looks beautiful,2,2024-04-11T07:58:44Z,2024-04-11T07:58:44Z
Ugy1AKvmqRjWZYMtnzF4AaABAg,,False,@doie1753,So beautiful,2,2024-04-11T07:43:53Z,2024-04-11T07:43:53Z
Ugz7zKHEhV5Qef_GRdx4AaABAg,,False,@saltyriz7734,I love you!,1,2024-04-11T07:31:42Z,2024-04-11T07:31:42Z
Ugy7FlOPoz_gg8-lhk94AaABAg,,False,@진덕-j5p,도영아 사랑해❤❤,3,2024-04-11T07:30:10Z,2024-04-11T07:30:10Z
Ugzb09f2CA6OWI_h8G14AaABAg,,False,@saltyriz7734,"I will always love you doyoung, you are such a gift to this world. You are a living angel 💙💙💙💙💙",0,2024-04-11T07:28:12Z,2024-04-11T07:28:12Z
Ugyb4ecJLZXzGbUzndV4AaABAg,,False,@bubu127n,His voice is so amazing,2,2024-04-11T07:27:10Z,2024-04-11T07:27:10Z
Ugz21wKVa2e8Kcw6tjB4AaABAg,,False,@youngyoung-q8v,도영아 오늘도 사랑해 곧 보자 파이팅~~~!!!!!!,6,2024-04-11T07:14:20Z,2024-04-11T07:14:20Z
UgwrtGvGk5X7VwfTdet4AaABAg,,False,@westi33,of cocugum be ben dogurdum JSHASJHBHUGQU,1,2024-04-11T06:55:32Z,2024-04-11T06:55:32Z
Ugw7Fl7_jy4E_pT7bxN4AaABAg,,False,@o0o6o6,진짜 말로 표현할 수 없을 정도로 너무 예쁘다 도영이의 청춘을 노래로 표현한 거 같아서 더 마음이 가고 기다려지는 거 같음… 항상 건강하고 더 이쁘고 청춘을 가득 담은 모습으로 곧 만나자,17,2024-04-11T06:48:51Z,2024-04-11T06:49:15Z
UgyOueXDxd2bLgXYiAJ4AaABAg,,False,@oceanandsoon,"노래는 사람의 마음을 움직이는 힘이 있죠.. 우연히 눌러본 티저 영상에 소름이 돋았습니다. 영상 속 분위기, 보컬, 멜로디 모두 여운을 남기네요. 이 노래가 도영님이 전하는 음악이라 더 따뜻하게 느껴질 것 같아요.. 예전부터 좋게 봐왔는데 더더 기대되네요. 음원 기다릴게요!",8,2024-04-11T06:16:47Z,2024-04-11T06:18:11Z
Ugx5oC9itt-kcRttGMZ4AaABAg,,False,@gongmyung5846,a masterpiece from doyoungie,2,2024-04-11T05:44:43Z,2024-04-11T05:44:43Z
UgwBsYWibzJAgZ1lnth4AaABAg,,False,@imsevenyearsold,THE STRONG VOCALS OF OUR DODO!!! MAKES ME FLY OVER THE MOON FR.,2,2024-04-11T05:42:09Z,2024-04-11T05:42:09Z
UgwTtIsIw_HS_UpEkUp4AaABAg,,False,@imsevenyearsold,Wait the rabbit is now a mermaid?!!,0,2024-04-11T05:41:19Z,2024-04-11T05:41:19Z
UgwsDH8mD2ydS4TmIE14AaABAg,,False,@dikatiasss,❤❤❤,0,2024-04-11T05:23:06Z,2024-04-11T05:23:06Z
Ugye9MTt_pkfJtQ-ETt4AaABAg,,False,@どんどんうどん-r9f,"あまりにも透明度高すぎてさすがにいろはすのCM
それか南アルプスの天然水",0,2024-04-11T05:21:42Z,2024-04-11T05:21:42Z
Ugz4iwM3lPNe2CP5RuB4AaABAg,,False,@mmello_jello,"Its giving kdrama ost vibes!! He sounds so good as alwaysss, looking forward to his 1st album!!! <33",3,2024-04-11T04:58:52Z,2024-04-11T04:58:52Z
UgxRx-QUxTvXTqvqb7R4AaABAg,,False,@5_roseses,Owwew my type of music,2,2024-04-11T04:51:34Z,2024-04-11T04:51:34Z
UgyIBpNREREm6OD76Xp4AaABAg,,False,@qownfklY,빨리 완곡듣고 싶다..,6,2024-04-11T04:33:10Z,2024-04-11T04:33:10Z
UgxXwWA3_xMYY6XbjmF4AaABAg,,False,@itssweetclown,beautiful❤️❤️,2,2024-04-11T03:46:38Z,2024-04-11T03:46:38Z
UgwMvUGBskejhqrouSZ4AaABAg,,False,@영이편,노래해줘서 고마워 도영아,5,2024-04-11T03:37:02Z,2024-04-11T03:37:02Z
UgyRBUdT3F2QSBNpZIZ4AaABAg,,False,@gooha4776,"고마워 도영아. 덕분에 힘든 20대, 노래듣고 더 단단해질수 있을거같아 기대된다",7,2024-04-11T03:32:07Z,2024-04-11T03:32:07Z
UgwGzQ7a0T0RtXSTJFZ4AaABAg,,False,@dweillonrtillpe,nice video,1,2024-04-11T03:30:08Z,2024-04-11T03:30:08Z
Ugx-fr0bpOZEhvThgfF4AaABAg,,False,@nanddys,NO MAMES HERMOSA Q ES ESTA OBRA TAN BELLAAAA,4,2024-04-11T02:58:09Z,2024-04-11T02:58:09Z
UgyEUx11D0XXiDfIEBV4AaABAg,,False,@Better-ri3xj,미쳐따ㅠㅠㅠㅠ,5,2024-04-11T01:24:33Z,2024-04-11T01:24:33Z
UgxCihEwlFY0mzbte2J4AaABAg,,False,@soso_try9621,난 들으면서 가사 좋다ㅎㅎㅎㅎ느낌도 뮤비도 좋다했는데ㅎㅎㅎ도영이 작사라니💚💚💚,8,2024-04-10T23:22:51Z,2024-04-10T23:22:51Z
UgxKugAkNDpIOUxl2aF4AaABAg,,False,@BLKPopChaos,"This is like, straight out of a Disney movie with Doyoung looking like the prince he is!",6,2024-04-10T23:05:21Z,2024-04-10T23:05:21Z
UgxKugAkNDpIOUxl2aF4AaABAg.A23pO1mtocLA24izk-F18w,UgxKugAkNDpIOUxl2aF4AaABAg,True,@saltyriz7734,It really is,2,2024-04-11T07:28:43Z,2024-04-11T07:28:43Z
UgzJNykId7leH5ta2Hl4AaABAg,,False,@vipinncity9161,"everything about kim doyoung is just beautiful 🥹💗 with a face like that and with that voice and personality!? 

the 22nd can't get here any faster!",8,2024-04-10T23:02:02Z,2024-04-10T23:02:02Z
Ugy5C2TDXg7OfS4lZUR4AaABAg,,False,@mynaminjun,ภาพสวยมากๆๆๆๆๆอ่าา,1,2024-04-10T22:49:32Z,2024-04-10T22:49:32Z
UgwtjKAcwFmvEWxkWhN4AaABAg,,False,@neobongzzz,"youth is going to be an amazing album and probably one of the best kpop releases this year, i just know it",29,2024-04-10T21:54:26Z,2024-04-10T21:54:26Z
UgwtjKAcwFmvEWxkWhN4AaABAg.A23hGViSsjMA24j170resl,UgwtjKAcwFmvEWxkWhN4AaABAg,True,@saltyriz7734,It will be ❤ i love him,3,2024-04-11T07:29:02Z,2024-04-11T07:29:02Z
UgwtjKAcwFmvEWxkWhN4AaABAg.A23hGViSsjMA2652xMe_9K,UgwtjKAcwFmvEWxkWhN4AaABAg,True,@neobongzzz,"let's keep supporting doyo, i can't wait for the day of release",3,2024-04-11T20:09:30Z,2024-04-11T20:09:30Z
UgwtjKAcwFmvEWxkWhN4AaABAg.A23hGViSsjMA266nExzdw-,UgwtjKAcwFmvEWxkWhN4AaABAg,True,@saltyriz7734,@@neobongzzz on the 22!!! Its almost here,3,2024-04-11T20:24:42Z,2024-06-13T23:10:18Z
UgzrOjXNV1ObfK1eagh4AaABAg,,False,@عراقي-ش5س,كل عام وانت بخير دويونغ موفق بالصحة و السلامه و ان شاء الله العيد الجاي عريس,4,2024-04-10T21:10:11Z,2024-04-10T21:10:11Z
UgzNmB9N2lvlLIyYXDV4AaABAg,,False,@acgoldjewelry,#DOYOUNG #도영 #청춘의포만 #DOYOUNG_청춘의포만 #DOYOUNG_청춘의포만_YOUTH #NCT #NCT127,1,2024-04-10T20:45:37Z,2024-04-10T20:45:37Z
UgynqDZaBRJJTcJRhod4AaABAg,,False,@acgoldjewelry,#DOYOUNG #도영 #청춘의포만 #DOYOUNG_청춘의포만 #DOYOUNG_청춘의포만_YOUTH #NCT #NCT127,1,2024-04-10T20:45:28Z,2024-04-10T20:45:28Z
Ugy2LFxr2pqmgSkAVxx4AaABAg,,False,@acgoldjewelry,"#DOYOUNG #도영 #청춘의포만
#DOYOUNG_청춘의포만 
#DOYOUNG_청춘의포만_YOUTH #NCT #NCT127",1,2024-04-10T20:45:18Z,2024-04-10T20:45:18Z
UgwD4M5rB1O02kcp3a14AaABAg,,False,@kang4595,"It'd beautiful, comforting, and magical ❤",2,2024-04-10T19:58:53Z,2024-04-10T19:58:53Z
Ugw0QMJcYehxlkpqddB4AaABAg,,False,@bellovebya4661,Te amoooo,1,2024-04-10T18:59:21Z,2024-04-10T18:59:21Z
UgxGZJkRL97EF15p4wJ4AaABAg,,False,@ฟูน้อยหอยสังข์-ย3บ,เพราะมากค่ะ😭🫶🏼,1,2024-04-10T18:50:17Z,2024-04-10T18:50:17Z
UgwB68CgRvvbexv0nbB4AaABAg,,False,@meuvalk3544,Can't wait!!!!,2,2024-04-10T17:53:44Z,2024-04-10T17:53:44Z
UgzWDfjbgj4dStXdXlh4AaABAg,,False,@nnneeooooo,ive been waiting for this day ❤ lets support our doyoung to the maximum!,5,2024-04-10T16:45:25Z,2024-04-10T16:45:25Z
UgzWDfjbgj4dStXdXlh4AaABAg.A238uE4BMMDA24j39206Eh,UgzWDfjbgj4dStXdXlh4AaABAg,True,@saltyriz7734,YASSS,3,2024-04-11T07:29:19Z,2024-04-11T07:29:19Z
UgzWDfjbgj4dStXdXlh4AaABAg.A238uE4BMMDA264x-mfzB5,UgzWDfjbgj4dStXdXlh4AaABAg,True,@neobongzzz,YESSS,1,2024-04-11T20:08:34Z,2024-04-11T20:08:34Z
Ugyys9dJFnUAJP77f7J4AaABAg,,False,@Inthe_dew,오 좋다,10,2024-04-10T16:01:32Z,2024-04-10T16:01:32Z
Ugy6Vso26-EGdo83GS94AaABAg,,False,@user-dy201,또들어..계속들어..영원히들어..,27,2024-04-10T15:41:03Z,2024-04-10T15:41:03Z
Ugwq1KXw9h2t94yRoZV4AaABAg,,False,@Dn6f,아니 새봄 이미지 티저 미쳤어 그래서 또 들으러 와땅❤,16,2024-04-10T15:24:15Z,2024-04-10T15:24:15Z
UgyJuAiYHAqMGNCXVex4AaABAg,,False,@capsuled1375,Wow it's so musical-like I can't wait,4,2024-04-10T15:23:05Z,2024-04-10T15:23:05Z
UgysGmQyDdjzztTMQuR4AaABAg,,False,@jieunlee.,22일 언제 와!!?!?!?!?,10,2024-04-10T15:14:42Z,2024-04-10T15:14:42Z
UgzojKMS7SXEsmpHeXd4AaABAg,,False,@Amyyy00,🤍🫶🏼🤍,1,2024-04-10T15:00:23Z,2024-04-10T15:00:23Z
UgzRT59jDfxuBOcjEo54AaABAg,,False,@tnqlssssss,노래가 진짜..너무 아름답다..,8,2024-04-10T14:50:23Z,2024-04-10T14:50:23Z
Ugwx3kWJmdvXJJsfLsV4AaABAg,,False,@elleeeistrisahdoyoung,i love you doyoung,4,2024-04-10T14:33:36Z,2024-04-10T14:33:36Z
Ugy8SvaAXkKKI7Gn57B4AaABAg,,False,@도키-j7v,또보러옴,11,2024-04-10T14:14:34Z,2024-04-10T14:14:34Z
UgxoWGMWZIk5R9MmBAR4AaABAg,,False,@tjddusuddjt,음원 발매되면 플리에 추가각이다.. 진짜 미쳤는데????,79,2024-04-10T14:10:33Z,2024-04-10T14:10:33Z
UgyUrEjDdYwl-_wdyQ94AaABAg,,False,@dxmple381,🩵🌊🫶🏻,1,2024-04-10T13:44:05Z,2024-04-10T13:44:05Z
Ugz5qV2egufyJ2aPHYV4AaABAg,,False,@uzlifatuljna,KIM DOYOUNG SO BEAUTIFUL 🥹,5,2024-04-10T13:39:39Z,2024-04-10T13:39:39Z
UgwadjlaODsIKIjwkDV4AaABAg,,False,@jisungpilled,I LOVE YOU DOYOUNG,3,2024-04-10T13:36:49Z,2024-04-10T13:36:49Z
UgwWaVu_PosFiLzvmlp4AaABAg,,False,@SUMiii888,"ドヨチが「自分はこういう人間ですという自分自身を示すアルバムになった」と言っているのだから無論期待しかない。
キム・ドンヨンの歌への自信と誇りと人生が詰まってるってことでしょ？今年一番楽しみにしてるアルバム。",4,2024-04-10T13:30:49Z,2024-04-10T13:30:49Z
UgzJDvNo2LB_4CXJG354AaABAg,,False,@SUMiii888,この数十秒聴いただけで圧倒された。とんでもない傑作の予感。好き。,4,2024-04-10T13:27:08Z,2024-04-10T13:27:08Z
Ugx8SfbV1Nq-KxWhx694AaABAg,,False,@nyty21,"This is what happens when we let Doyoung grab the pen, a masterpiece is created",10,2024-04-10T13:16:36Z,2024-04-10T13:16:36Z
UgxhTqNxLB71biXxqjd4AaABAg,,False,@nisanurulfitri7458,pretty...,3,2024-04-10T13:12:02Z,2024-04-10T13:12:02Z
Ugx_AjWyLZbYP3QOjH94AaABAg,,False,@lop_x,시바 심장이 바운스바운스!!🥹🎀,10,2024-04-10T13:05:31Z,2024-04-10T13:05:31Z
Ugx6Z63Kf0atgS8UqrR4AaABAg,,False,@hi_ng,나으 인어왕자 김도영!!!!!!,5,2024-04-10T12:59:54Z,2024-04-10T12:59:54Z
UgwBvzHbldWXfREbURd4AaABAg,,False,@Hiiimina,"너무 예뻐요, 목소리도 영상도♥♥우리 도영이 ♥♥많이 응원할게요.",7,2024-04-10T12:59:07Z,2024-04-10T12:59:07Z
UgzBlkd8zAI8SwZ5ew94AaABAg,,False,@doyochie,"enduring life until April 22nd comes,,,,, please come faster I need the full song on my playlist",3,2024-04-10T12:58:32Z,2024-04-10T12:58:32Z
UgzTvohu5XzZjQXHHut4AaABAg,,False,@kdyjnk8297,Still here oh wow,2,2024-04-10T12:55:29Z,2024-04-10T12:55:29Z
Ugx5aT3eHeK9mX4z6Tl4AaABAg,,False,@soraxido,오빠사랑해개좋ㅇ어,4,2024-04-10T12:41:20Z,2024-04-10T12:41:20Z
Ugz3NWLSTISPHW4nmPh4AaABAg,,False,@Dn6f,도영이는 원래 어른이었지만 ㅋㅋㅋㅋ솔로앨범 준비하면서 유독 어른같아(?) 너무 의젓하고 대단해. 항상 같이 하다가 혼자하고 혼자 책임지는 거 엄청 떨리고 조금은 무섭기도 한 일이잖아. 근데 음악 하나 믿고 나는 내 갈길 간다! 하는 거 엄청 어른같아 ㅋㅋㅋㅋ 8년전 꼬맹이가 어느새 커서 하고 싶은 음악 한다고 고집부린다 라고 했자나 ㅋㅋ 어른이 된거같아 도영아 ㅋㅋㅋㅋㅋ,62,2024-04-10T12:11:47Z,2024-04-10T12:11:47Z
UgxFmglAjaxoL1lG5BZ4AaABAg,,False,@Doyoung1004,노래는 도영이가 잘하는데  내 어깨가 으쓱 올라가네  도영이는 우리의 자부심,16,2024-04-10T12:03:22Z,2024-04-10T12:03:22Z
UgzgzTEoLLyIJ5pSRcR4AaABAg,,False,@또잉또잉-t3k,요즘 좀 우울한 날이많은데 22일까지 삶의의미가 생겼다 도영아 고마워,55,2024-04-10T11:05:14Z,2024-04-10T11:05:14Z
UgxH3tLVgKSIoUDRWL94AaABAg,,False,@yeinggg,그래그래 우리 음악의 힘을 믿어보자,18,2024-04-10T10:24:15Z,2024-04-10T10:24:15Z
UgzySFgenTt2jowhjfB4AaABAg,,False,@nyeong-seo,도영이가 만든 노래라 더더더 좋은 거 있지 🩵,36,2024-04-10T10:12:58Z,2024-04-10T10:14:06Z
UgzFdJdj-l6r2uNM4SZ4AaABAg,,False,@darkchochonute,so amazing 🐰,2,2024-04-10T10:06:56Z,2024-04-10T10:06:56Z
UgzHRJtgH42tZuW6Mf14AaABAg,,False,@mark___lee,"미쳐ㅅ다김도영!,!!!!!!!!!!!!!!!!!!!! ㅠㅠㅠㅠㅠㅠㅠㅠㅠㅠㅠㅠㅠ",9,2024-04-10T09:41:13Z,2024-04-10T09:41:13Z
UgzeCeNZLQrORWct6N14AaABAg,,False,@바라던-r6o,도영이의 진심이 부디 많은 이들에게 닿을 수 있기를..,51,2024-04-10T09:40:41Z,2024-04-10T09:40:41Z
UgwciPtfAXh5i4puQhd4AaABAg,,False,@gongmyung5846,Heavenly voice,5,2024-04-10T09:19:40Z,2024-04-10T09:19:40Z
UgxhGtvRL4NtgjWjisJ4AaABAg,,False,@lalidasen,ดูทีไรก็ขนลุก ภูมิใจในตัวน้องโดยองจริงๆ 🥺🫶🏻,2,2024-04-10T09:06:10Z,2024-04-10T09:06:10Z
UgzaeC05LCWJxPx0yqx4AaABAg,,False,@lovely-najaemin,도영아 네가 내 인어왕자다,13,2024-04-10T08:56:32Z,2024-04-10T08:56:32Z
UgwmXO6s62naUSYrj2t4AaABAg,,False,@lovely-najaemin,하 너무 설레잖아ㅏ 22일 빨리와라..,8,2024-04-10T08:56:16Z,2024-04-10T08:56:16Z
UgyYJzDL5ziZoRy9Mm54AaABAg,,False,@고라파덕_2,내 봄을 밝혀줄 도영오빠는 세상에서 가장 빛나는 존재며 빛나야 하는 존재입니다 내 첫 20대의 봄에 찾아와줘서 고맙습니다🫶🏼,12,2024-04-10T08:48:33Z,2024-04-10T08:48:33Z
UgwtiWyNcm_EVGJCHGl4AaABAg,,False,@Dn6f,세상 사람들이 다 알았으면 좋겠다 우리 도영이 노래에 진심인 것💚,12,2024-04-10T08:27:26Z,2024-04-10T08:27:26Z
UgzXabfrPX451W3Jvvl4AaABAg,,False,@doyochiarchive,"As a fan of over 8 years, I can't believe this moment has finally arrived. I became a fan because of his singing when he was just a trainee, and I still am a fan because of his singing. His continuous strive for improvement and vocal excellence is what struck me the most over the years, and this song 'Beginning', which he co-composed and wrote the lyrics for, is a solid proof of his persistence and passion for music. In his Weverse Live yesterday, he even mentioned that he'll just put his trust in the music this time, and that he has a lot of pride and confidence in his music now. I hope he knows that there are a lot of fans and non-fans who have a lot of trust in the music of an artiste named Doyoung, someone who is always known to love music and deliver unrivalled excellence. Looking forward to April 22!",35,2024-04-10T08:22:14Z,2024-04-10T08:22:14Z
UgzXabfrPX451W3Jvvl4AaABAg.A22FJquwfGnA8Ld8QAv0gk,UgzXabfrPX451W3Jvvl4AaABAg,True,@AlimiMega,❤,0,2024-09-14T00:13:04Z,2024-09-14T00:13:04Z
Ugzm5NDgtkUKlC8GaVl4AaABAg,,False,@bunnydo6379,"if my voice was beautiful like this, i would never stop singing",0,2024-04-10T08:02:42Z,2024-04-10T08:02:42Z
UgwCrKcyS9_HvfM_mkl4AaABAg,,False,@bunnydo6379,my youth is yours doyoung ah,0,2024-04-10T08:01:06Z,2024-04-10T08:01:06Z
UgzRkdzfcvNbXRilr1Z4AaABAg,,False,@araaa81,❤❤❤,1,2024-04-10T07:45:27Z,2024-04-10T07:45:27Z
Ugx1TE2IJxRWK6bq4Px4AaABAg,,False,@na_jam7,새봄의 노래가 이때까지 쉬지않고 달려왔던 nct 도영에게 너의 찬란했던 청춘에대해 말해주는것 같아서 너무 좋은것 같아 그리고 이번 앨범을 통해 김도영이라는 사람이 얼마나 대단하고 아름다운 노래를 하는 사람인지 많은 사람들이 알수있을것 같아 이때까지 시즈니 와 멤버들과 청춘을 써내려온 도영아 앞으로도 더욱 빛나고 아름다운 청춘을 함께 만들어 가자,18,2024-04-10T07:13:36Z,2024-04-10T07:13:36Z
Ugz4RlRH3oxS3aaNpnV4AaABAg,,False,@TeresaCamille,This already sounds like the most beautiful album to ever exist!,5,2024-04-10T07:10:33Z,2024-04-10T07:10:33Z
UgxNA-j3wki_Iiijtmx4AaABAg,,False,@eaea8660,"I really really really can't wait
This album is everything I wanted for Doyoung.....for years.......
My goal has always been to hear his voice along with beautiful melodies.
I'm sure wonsang's song will be amazing",2,2024-04-10T06:51:40Z,2024-04-10T06:51:40Z
UgzJ-KgIWI3f0kC9tSt4AaABAg,,False,@angelinorte2884,"Doyoung, saranghae <3 Congratulations on your album❤",2,2024-04-10T05:55:59Z,2024-04-10T05:55:59Z
Ugy98RlOsBukuT89CxZ4AaABAg,,False,@GONG_GO,"김도영 너 최고야 완전 멋있다고
동영이를 응원해주는 많은 댓글들 사이에서 내 글을 볼 수 있을지는 모르겠지만, 너의 노래는 단 한번도 날 감동시키지 않은적이 없었어. 이번 노래도 마찬가지고🥺 도영이가 하는 노래에 대해 난 항상 큰 믿음을 가지고 있어. 내 자부심인 도영이를 계속 응원하고 싶어졌어",13,2024-04-10T05:34:15Z,2024-04-10T05:34:15Z
UgxKMVtI8fu9mHM6OgV4AaABAg,,False,@두부-b5c,이걸 다 작곡 작사 했다니ㄷㄷㄷㄷ 동영의 능력의 한계는 없도다,16,2024-04-10T05:11:11Z,2024-04-10T05:11:11Z
Ugw8Bn4LvAdp2qm4YOB4AaABAg,,False,@두부-b5c,미쳤다 인트로부터 찢었어,6,2024-04-10T05:10:32Z,2024-04-10T05:10:32Z
UgyLAj0aUqMflNarXFB4AaABAg,,False,@송효재-r3d,하 존나 좋아,6,2024-04-10T04:44:02Z,2024-04-10T04:44:02Z
UgzxNhadRtWxh_WWRIJ4AaABAg,,False,@badtzmiruu,i love you my dear doyoung,3,2024-04-10T04:37:23Z,2024-04-10T04:37:23Z
UgzpHg6AaBJMwTKNt9p4AaABAg,,False,@제이-d2u,"고마워 도영아 
내 청춘이 음악과 함께 보낼 수 있는 행운으로 채워지게 해주어 고마워!! 
너와 함께한후로 행복과 행운이 날 찾아와
항상 사랑하고 응원할게요 🍀💚",10,2024-04-10T04:20:16Z,2024-04-10T04:20:16Z
Ugyv1O7h3sT9zgIryLN4AaABAg,,False,@nctwish_for_my_wish,우리 같이 청춘을 영원히 노래하자 김도영 개사랑해,11,2024-04-10T04:01:25Z,2024-04-10T04:01:25Z
UgwwWPyZLVrEyDMLGeR4AaABAg,,False,@kang4595,"Doyoung, I'm so proud of you.  I can finally witness your artistic creativity thru your new solo album ❤",1,2024-04-10T04:00:14Z,2024-04-10T04:00:14Z
Ugwjj4aXpf-ZL0EgWxN4AaABAg,,False,@anarianty88,i’m here again 🥰,0,2024-04-10T03:21:57Z,2024-04-10T03:21:57Z
UgyYrsI7C37rF_aheiR4AaABAg,,False,@예스-x2u,도영 솔로를 기다려온 이유.. 바로 이거..,57,2024-04-10T03:18:42Z,2024-04-10T03:18:42Z
UgwvbwqHvgkDg7ttTGB4AaABAg,,False,@minghaxs,This looks so magical like a fantasy movie they kept this hidden gem for so long doyoungs voice and visuals are so mesmerising 😭,3,2024-04-10T03:18:18Z,2024-04-10T03:18:18Z
UgwvbwqHvgkDg7ttTGB4AaABAg.A21hXkzfG7iA24j8N6kbj8,UgwvbwqHvgkDg7ttTGB4AaABAg,True,@saltyriz7734,He is really beautiful 😭,1,2024-04-11T07:30:02Z,2024-04-11T07:30:02Z
UgzLX1_yVwBiAmkHOeZ4AaABAg,,False,@bluesfield,april 22 come faster,0,2024-04-10T03:03:59Z,2024-04-10T03:03:59Z
Ugz0Wjs4J7Irpj4FV4x4AaABAg,,False,@yesseniatorres4656,✨Such a beautiful concept! Can’t wait for DOYOUNG’s first solo album!🫶🏼,1,2024-04-10T03:03:04Z,2024-04-10T03:03:04Z
UgwfmYh70TVD8iDCgER4AaABAg,,False,@mongle-t5z,아니 잠깐만 타이틀이 아니었어? 인트로도 이렇게 좋은데 타이틀은 얼마나 더 좋을까 기대되네,12,2024-04-10T03:02:50Z,2024-04-10T03:02:50Z
Ugyv-Q9ZpWoTWUpNrGZ4AaABAg,,False,@nyzhu0,Ini intronya pasti bside,0,2024-04-10T03:00:09Z,2024-04-10T03:00:09Z
UgwACyASXXmSCSIIZfx4AaABAg,,False,@nyzhu0,"Wow.. 
Bakal masuk playlist nih",1,2024-04-10T02:59:53Z,2024-04-10T02:59:53Z
UgwEEF8bhmy89vR4btZ4AaABAg,,False,@부지런히노는법,도영이랑 딱 잘어울리는 노래 컨셉 영상미인듯🥹🤍,11,2024-04-10T02:11:22Z,2024-04-10T02:11:22Z
UgxhuuHTr6jbNyCBq3N4AaABAg,,False,@지수-d6c1g,진짜 너의 이름은 한국 버전 같아 ㅠㅠㅠ 도영아 ㅠㅠ 진짜 나 맨날 이거 들어 ㅠㅠㅠ 🤍💜💙,9,2024-04-10T02:01:27Z,2024-04-10T02:01:27Z
UgwR4PZ3LZyV5mWYrfR4AaABAg,,False,@souuii-r5o,이거 된다 도영아. 이거되는 주식이다. 김도영 청춘 풀매수.,14,2024-04-10T01:42:10Z,2024-04-10T11:40:15Z
UgwFcGDC777wxnq7U4d4AaABAg,,False,@gabrieldoceu1913,nosso doyoungie! te amamos,0,2024-04-10T01:32:50Z,2024-04-10T01:32:50Z
UgzVifNhwcQj_oc3Y8x4AaABAg,,False,@영배-b9z,겨울에서 딱 봄으로 넘어가는 지점을 노래로 잘 표현한 듯. 노래 좋다,4,2024-04-10T01:24:46Z,2024-04-10T01:25:06Z
Ugzx32l9PXTw2ZhnobV4AaABAg,,False,@KayHaha-g8j,Aaaakkk gantengkuuuu,0,2024-04-10T01:17:54Z,2024-04-10T01:17:54Z
UgxziM1--VcaV9CBrgF4AaABAg,,False,@halomyjoker8943,"Doyoung I really wanna say that you always give me the courage to overcome everything,whatever fears or anxiety. Almost every time I was cured at once when I heard your voice . Thank you for being yourself and spreading the lovely voice. Love u and don’t worry about anything,enjoy this album ❤❤",7,2024-04-10T01:09:44Z,2024-04-10T01:09:44Z
UgwiWYl-1DNQQKqFvvJ4AaABAg,,False,@kdy323,The fact that the first song he wrote and co-composed has so much quality people think its already the title track really speaks for Doyoung’s immense talent,32,2024-04-10T00:56:40Z,2024-04-10T00:56:40Z
UgzLA44MvLk2rPp4ZbV4AaABAg,,False,@다람이-h8s,정승환님의 '언제라도 어디에서라도' 라는 곡 커버해도 넘 잘어울릴 것 같아요😙😙,7,2024-04-10T00:37:56Z,2024-04-10T00:37:56Z
UgzMIitYaSAmWgo9mrt4AaABAg,,False,@온온-l9o,목소리가 보물이다,7,2024-04-10T00:36:05Z,2024-04-10T00:36:05Z
Ugz7wmDAcaEwpJIXe7F4AaABAg,,False,@Dn6f,모든 일에 진심인 사람💚,9,2024-04-10T00:26:12Z,2024-04-10T00:26:12Z
UgxQvw1BplmquHsG92p4AaABAg,,False,@kdy323,I really think that doyoung is one of the rare idols who isnt here for fame but pure love and talent for music and he will show this with his debut album,61,2024-04-10T00:24:56Z,2024-04-10T11:53:34Z
UgxQvw1BplmquHsG92p4AaABAg.A21OgvrUO5sA24jDzRgyDr,UgxQvw1BplmquHsG92p4AaABAg,True,@saltyriz7734,Yes! He is truly in tune with music. You can tell by the way he sings. The emotions he displays. I love him for that 💙,7,2024-04-11T07:30:48Z,2024-04-11T07:30:48Z
UgxQvw1BplmquHsG92p4AaABAg.A21OgvrUO5sA26zS-rUZF1,UgxQvw1BplmquHsG92p4AaABAg,True,@natasharodriguez-pc1km,I couldn't agree more! 😊.,3,2024-04-12T04:31:00Z,2024-04-12T04:31:00Z
UgxLWKMSWtbc-_oB2hh4AaABAg,,False,@Realuvrgirl,ate so hard,0,2024-04-10T00:07:03Z,2024-04-10T00:07:03Z
Ugzl_jKPfp2J6bwSFbt4AaABAg,,False,@Realuvrgirl,DOYOUNG ILY SM KING,0,2024-04-10T00:06:44Z,2024-04-10T00:06:44Z
Ugwl3PnFnYoAW0sKk2B4AaABAg,,False,@inyourpomal,도영이의 청춘이 늘 푸르고 소중하게 간직되길 🤍 도영아 이쁜 노래 고마워,8,2024-04-09T23:43:55Z,2024-04-09T23:43:55Z
UgwmTqmV6fARR97xG1p4AaABAg,,False,@beuqlanduenakq,Hugs,0,2024-04-09T23:31:27Z,2024-04-09T23:31:27Z
Ugw7mMlD29L_3p0TcKJ4AaABAg,,False,@qkrtkfkd_10,노래 벌써 겁나 좋다ㅜㅜㅜㅜ 진짜 동영아 항상 행복하자,7,2024-04-09T23:08:03Z,2024-04-09T23:08:03Z
UgzXfcqYZqzAMcqu7jh4AaABAg,,False,@oneitjam11,今日もこの曲を聴いて頑張ろ。,1,2024-04-09T23:05:57Z,2024-04-09T23:05:57Z
UgwuTlNsCc5dkBqKM3N4AaABAg,,False,@doyochie,Doyoung I hope you check the comments and see how much love and appreciation we have for your talents not only as a singer but also as a writer and lyricist 🥺 you should be proud for introducing this masterpiece as your first official work it's incredibly beautiful 🩵,17,2024-04-09T22:36:16Z,2024-04-09T22:36:33Z
Ugx2ACmE351ULuQ5wgV4AaABAg,,False,@doyloml_,Doyoung you make me cry your voice!! Omg I can’t,6,2024-04-09T21:57:06Z,2024-04-09T21:57:06Z
Ugx2ACmE351ULuQ5wgV4AaABAg.A217mCjLRhyA24jH8xymR2,Ugx2ACmE351ULuQ5wgV4AaABAg,True,@saltyriz7734,Its so beautiful 😭💙💙,1,2024-04-11T07:31:14Z,2024-04-11T07:31:14Z
Ugx2ACmE351ULuQ5wgV4AaABAg.A217mCjLRhyA24loF8Xt_j,Ugx2ACmE351ULuQ5wgV4AaABAg,True,@doyloml_,@@saltyriz7734 sso much!!,1,2024-04-11T07:53:22Z,2024-06-14T00:47:21Z
Ugx2ACmE351ULuQ5wgV4AaABAg.A217mCjLRhyA24mBjRGtKQ,Ugx2ACmE351ULuQ5wgV4AaABAg,True,@saltyriz7734,@@doyloml_ im crying his voice is so beautiful!,0,2024-04-11T07:56:42Z,2024-04-11T07:56:42Z
Ugx9OY7tyAByFbxp7n14AaABAg,,False,@juanjoseperezbustamante4162,Te amo Doyoung,2,2024-04-09T20:26:58Z,2024-04-09T20:26:58Z
Ugx80hwvHwiNXmhl7vV4AaABAg,,False,@miau514,words can't explain how excited I am to listen to a whole album by Doyoung,9,2024-04-09T20:11:58Z,2024-04-09T20:11:58Z
UgyGhYFD6Z1gStZqn3R4AaABAg,,False,@myfortressofbooks,Imagine getting introduced to Doyoung’s first ever solo music by a song that he wrote all by himself and co-composed it too? No wonder this sounds like him as a song and why I fell in love at first listen! I’m so proud of you Doyoungie!! This is a gift that nothing could compare to! 🥹🤧🤍,17,2024-04-09T19:37:13Z,2024-04-09T19:37:13Z
UgzJXb6Lcm0r4Qq7GrV4AaABAg,,False,@neobongzzz,i wish videos were printable so i could frame this,4,2024-04-09T19:26:16Z,2024-04-09T19:26:16Z
UgywFWb3cI12pOgHs3d4AaABAg,,False,@bellovebya4661,"350k soon ♡
Love you doyoung 🤍",4,2024-04-09T18:37:13Z,2024-04-09T18:37:13Z
UgwAPR4aUV8aGVRy9aZ4AaABAg,,False,@kinou-s9n,もうこの時点でソロ活動大成功です。,7,2024-04-09T17:17:31Z,2024-04-09T17:17:31Z
Ugyph0HOrKrdnTcBJ5t4AaABAg,,False,@kdy323,This song is just perfection,4,2024-04-09T17:11:39Z,2024-04-09T17:11:39Z
Ugzym1D5OxYCBJK46aJ4AaABAg,,False,@kdy323,Youth is going to be one of the best debut albums in history,22,2024-04-09T17:11:17Z,2024-04-10T00:23:37Z
Ugz1QG6l4Ik0Xo9hIkd4AaABAg,,False,@kawachii789,항상 응원합니다!,3,2024-04-09T16:57:40Z,2024-04-09T16:57:40Z
UgztnME8E6E4kEJ8E4J4AaABAg,,False,@xxmimi5562,i hope you will be a very very successful soloist kim doyoung. you deserve the world. we will be rooting for you and your solo debut!,10,2024-04-09T16:50:41Z,2024-04-09T16:50:41Z
Ugwy9_lVOhImk2QxVIN4AaABAg,,False,@xxmimi5562,kim doyoung we love youuu,2,2024-04-09T16:49:58Z,2024-04-09T16:49:58Z
UgxOBM4RDW6f1WVbJ8J4AaABAg,,False,@nina.ng1208,I trust Doyoung and Doyoung’s music.    True music finds its way to our hearts.,4,2024-04-09T16:42:29Z,2024-04-09T16:42:29Z
UgyGpNJJe4Hwzjq-3YJ4AaABAg,,False,@user-ze9ie2bd8t,도영아 … 벌써 감동적이다,4,2024-04-09T16:14:29Z,2024-04-09T16:14:29Z
Ugxbpsoiwp26l-1kz0h4AaABAg,,False,@きむ-w4u,"진짜 이 감정을 어떻게 문장으로 담아야 할지 모르겠는데 진짜 너무 좋아 너무 좋아서 몇번이나 듣게 되고 듣고 싶어져
도영오빠 너무 고마워 사랑해",10,2024-04-09T16:07:18Z,2024-04-09T16:07:18Z
UgzCGYAKIQ5vmhnussN4AaABAg,,False,@영이편,도영아 너의 노래를 들으면 마음이 벅차,7,2024-04-09T16:03:37Z,2024-04-09T16:03:37Z
UgwpFwh_TJ0STnKduz54AaABAg,,False,@きむ-w4u,오빠 이 노래가 내 청춘인거같아,1,2024-04-09T16:02:58Z,2024-04-09T16:02:58Z
UgwOmfXlOeVtyOaIR9J4AaABAg,,False,@きむ-w4u,오빠 난 이 노래가 너무 좋아 정말로 좋아 고마워,1,2024-04-09T16:00:54Z,2024-04-09T16:00:54Z
UgyAcQhYqbhwBkE86sF4AaABAg,,False,@2j816,진짜 김도영 최고다 작살난다 미쳤다,3,2024-04-09T15:59:19Z,2024-04-09T15:59:19Z
Ugwy_RaTPSLXWpdhhU94AaABAg,,False,@루왈-l7z,네?? 아직 발매가 안됐다고요??? 발매되면 매일 들을텐데요…….,6,2024-04-09T15:42:04Z,2024-04-09T15:42:04Z
UgxbFemONdWtgm49YG14AaABAg,,False,@양념쨩,전주만 들어도 마음이 벅차오른다😊,10,2024-04-09T15:17:34Z,2024-04-09T15:17:34Z
UgzBhZTgunpWrY1kcL14AaABAg,,False,@pupipchu7654,이번에 솔로가수로 데뷔하는 도영이의 진심이 모든이들에게 전해졌으면 좋겠다. 언제나 노래에 진심인 사람이라고.,96,2024-04-09T15:15:26Z,2024-04-09T15:15:26Z
UgzCZdKH4g9Nv7aqmRt4AaABAg,,False,@ahjinnnnnnnnnnnnnn,미쳤어 약간 일본 애니메이션 ost 느낌 나는데 너무 좋다 진짜,7,2024-04-09T14:56:34Z,2024-04-09T14:56:34Z
Ugw-Oayw-s1a3nf36j54AaABAg,,False,@babaler5525,ดีสุดๆ ❤,0,2024-04-09T14:48:30Z,2024-04-09T14:48:30Z
UgwV9jpxvVZ4R0il4mp4AaABAg,,False,@Dn6f,"나는 솔직히 여기저기 홍보니 프로모션이니 자꾸 욕심이 났거든. 이왕하는 거 쉽게 현실과 타협해서 성과내는 방법이 있지 않을까 생각도 해봤고. 근데 음악으로 정면승부 보겠다는 도영이 말 들으니까 다시 생각하게 됐어. 네가 뭘 하든, 어떤 결정을 하든 흔들리지 않고 잘 갈 수 있도록 뒷받침 하도록 노력해볼게. 너의 자신감은 음악에서 나온다고 했지. 거기에 우리도 더해줘💚",20,2024-04-09T14:46:27Z,2024-04-09T14:46:27Z
UgzZynoFhiXM6ZY943R4AaABAg,,False,@ilrakna7310,내가 도영이보다 더 들어주겠어!!!,5,2024-04-09T14:30:34Z,2024-04-09T14:30:34Z
UgxLMlfs2ScKVcc1xaN4AaABAg,,False,@JENOYAYAYA,도영이가 써내려갈 또 하나의 청춘이 기대되서 하루하루가 넘 설렌다 그러니까 22일까지 기절해있을게오 아무나 깨워주세요,7,2024-04-09T14:26:55Z,2024-04-09T14:26:55Z
UgwFzzPURbFdg_2VYrR4AaABAg,,False,@Dn6f,도영아 댓글에 칭찬이 이렇게 많은데 ㅋㅋㅋ 자신감 마니 얻어랑💚,9,2024-04-09T14:20:28Z,2024-04-09T14:20:28Z
UgxPhM4qaxXIhJHM8ax4AaABAg,,False,@Kite_Acquaintance,"아니 이게 타이틀이 아니라니,,,ㅜㅠㅜㅠㅜㅠㅜㅠ
타이틀은 얼마나 더 좋으려고,,,,",8,2024-04-09T14:20:15Z,2024-04-09T14:20:15Z
Ugzvkrcd4qXbzNW-uZV4AaABAg,,False,@bunny_cat_9926,도영아 아무래도 네가 내 청춘인거 같아 노래해줘서 고마워❤,8,2024-04-09T14:06:57Z,2024-04-09T14:06:57Z
UgzRnx7-BF6oOeHiqXN4AaABAg,,False,@운학이오빠,김도영 내가 너 많이 아끼고 사랑한다!!,7,2024-04-09T14:04:47Z,2024-04-09T14:04:47Z
Ugx8eZWFPXDvTTbzRvp4AaABAg,,False,@dilara7908,insallah this album will be hit🙏,3,2024-04-09T13:48:21Z,2024-04-09T13:48:21Z
UgzhlyW9iGhF2g_LA6R4AaABAg,,False,@yukimw2048,너무 기대해,2,2024-04-09T13:43:30Z,2024-04-09T13:43:30Z
UgzIL2Et3WQrHzjEWz54AaABAg,,False,@embistan2776,Kim Doyoung fighting,0,2024-04-09T13:41:44Z,2024-04-09T13:41:44Z
UgyxzL3aawi-leZmfHl4AaABAg,,False,@bunnydo6379,dolo is gonna be very SUCCESSFUL,2,2024-04-09T13:41:15Z,2024-04-09T13:41:15Z
UgyVDGczotjDUyKxgkJ4AaABAg,,False,@hamandandy,ost느낌 이런거 너무 좋음ㅜㅜ,4,2024-04-09T13:40:31Z,2024-04-09T13:40:31Z
Ugw98R1bTba41xK2zE54AaABAg,,False,@bubblybooba7017,I love your voice doyoung,1,2024-04-09T13:40:24Z,2024-04-09T13:40:24Z
Ugw0u4SOlWuC3SyhpYB4AaABAg,,False,@jdigitaldiary,Kim Doyoung fighting,2,2024-04-09T13:39:23Z,2024-04-09T13:39:23Z
UgwK7pnOn_O_KRt24Ml4AaABAg,,False,@doie1753,Doyoung so amazingggg,2,2024-04-09T13:39:01Z,2024-04-09T13:39:01Z
UgytbMgcUJEER8PkA3x4AaABAg,,False,@aqilakhaliesa5004,Please make doyoung a big hit,12,2024-04-09T13:36:48Z,2024-04-09T13:36:48Z
UgytbMgcUJEER8PkA3x4AaABAg.A20EWvqnlu8A20EdxBb7vQ,UgytbMgcUJEER8PkA3x4AaABAg,True,@loove9730,Aminnnnn,1,2024-04-09T13:37:54Z,2024-04-09T13:37:54Z
UgyFKGyMww__YmeL2ix4AaABAg,,False,@mkhcloversclub,와.. 진짜 컨셉 미쳤다 엔시티에서는 볼 수 없었던 느낌,447,2024-04-09T13:36:43Z,2024-04-09T13:36:43Z
UgzQObS-RC2THrefkHZ4AaABAg,,False,@loove9730,Kim Doyoung fighting,3,2024-04-09T13:34:48Z,2024-04-09T13:34:48Z
UgzQaA3m6xj_IDsiIJ94AaABAg,,False,@Dn6f,하고 싶은 거 하는 도영이의 고집이 멋지다! 응원할게💚,16,2024-04-09T13:34:27Z,2024-04-09T13:34:27Z
Ugwms9DEEI8VrwiEiEd4AaABAg,,False,@kualigosong2709,Kim Doyoung fighting,3,2024-04-09T13:31:54Z,2024-04-09T13:31:54Z
Ugz1fh8gWVReywtXQK94AaABAg,,False,@user-nk7px5xv4z,Kim Doyoung fighting,4,2024-04-09T13:29:45Z,2024-04-09T13:29:45Z
Ugw494liyigKZMVUvKN4AaABAg,,False,@kingnanas8960,Kim Doyoung fighting,3,2024-04-09T13:28:14Z,2024-04-09T13:28:14Z
Ugxx8Q8CfC4Kkr1pAyx4AaABAg,,False,@goyoung4388,Kim Doyoung fighting,2,2024-04-09T13:22:37Z,2024-04-09T13:22:37Z
Ugyn27WaXh_0Z3TWPSZ4AaABAg,,False,@kimmimi6573,Kim Doyoung fighting,1,2024-04-09T13:10:19Z,2024-04-09T13:10:19Z
UgxNmsDhGTV7cM9WTTB4AaABAg,,False,@kimmimi6573,Need 1500 more for 300k,3,2024-04-09T13:10:03Z,2024-04-09T13:10:03Z
UgxLq9CJY4plFxSUHfh4AaABAg,,False,@londy3127,almost 300k,3,2024-04-09T13:05:27Z,2024-04-09T13:05:27Z
UgwU4LHaCNH7fCyvQt54AaABAg,,False,@user-ih7yj5jb7x,だいすきです！！！！おめでとう！,0,2024-04-09T12:53:10Z,2024-04-09T12:53:10Z
Ugyu2_MwxFqKKwBYFk54AaABAg,,False,@공오공육-d2t,동영아 사랑한다...,5,2024-04-09T12:49:56Z,2024-04-09T12:49:56Z
UgwA8CE90FoS7_3MFFx4AaABAg,,False,@nizii5866,"좋은말로 할때 이번 앨범 홍보 많이 해주세요 스엠 
이 좋은 노래 이 좋은 목소리 이 좋은 도영이 나만 알 수 없어!!!!!",34,2024-04-09T12:46:35Z,2024-04-09T12:46:35Z
UgxxQV4uPBSRVnyjqEd4AaABAg,,False,@Raktawan_n,Love your voice Doyoung 💚,2,2024-04-09T12:38:28Z,2024-04-09T12:38:28Z
UgyVaba0ECXFHB79fgl4AaABAg,,False,@Cantikv,Beautiful voice with beautiful song,5,2024-04-09T12:33:16Z,2024-04-09T12:33:16Z
Ugxy2MFUPJDBjfvMyqV4AaABAg,,False,@수수-h9u,또봐,4,2024-04-09T12:30:39Z,2024-04-09T12:30:39Z
UgxsaKTz6UZu882W7up4AaABAg,,False,@포멜로-e1o,들으면서 퇴근중... 빨리 전곡 주세요,9,2024-04-09T11:04:57Z,2024-04-09T11:04:57Z
Ugyfgcqdgkzql3SnJBF4AaABAg,,False,@말티Z-s9w,도솔 기다리며 한번 더 보기,11,2024-04-09T11:04:36Z,2024-04-09T11:04:36Z
UgyigbUknahoV0rti9B4AaABAg,,False,@WATERMELON-gb4mt,"타팬인데 하루종일 들어요 ㅠㅠㅠㅠㅠ 도영님 목소리 너무 좋다,,,,,,, 노래도 너무 좋다,,,, 22일 언제 오나요",375,2024-04-09T10:54:14Z,2024-04-09T10:54:14Z
UgyigbUknahoV0rti9B4AaABAg.A2-wvBw0eD8A21j0JsZjVS,UgyigbUknahoV0rti9B4AaABAg,True,@도키-j7v,저두 타팬인데 매일 들어요.......,31,2024-04-10T03:31:13Z,2024-04-10T03:31:35Z
UgyigbUknahoV0rti9B4AaABAg.A2-wvBw0eD8A230oSGFJEb,UgyigbUknahoV0rti9B4AaABAg,True,@WATERMELON-gb4mt,노래 이렇게 잘 하시는 줄 몰랐음 정말……. 반성합니다 도영님 최고,24,2024-04-10T15:34:43Z,2024-04-10T15:34:43Z
UgyigbUknahoV0rti9B4AaABAg.A2-wvBw0eD8A27gRzfNUZq,UgyigbUknahoV0rti9B4AaABAg,True,@시쥬니-k8w,입덕의 과정,11,2024-04-12T11:04:13Z,2024-04-12T11:04:13Z
UgyigbUknahoV0rti9B4AaABAg.A2-wvBw0eD8A27jNZa2Rjz,UgyigbUknahoV0rti9B4AaABAg,True,@WATERMELON-gb4mt,"@@시쥬니-k8w 아니 어떻게 아셨어요 지금 엔시티 영상 찾아보다가 깜짝 놀랐네;;; 시준희 선배님 인사 박습니다 ㅠㅠ,,,,,,,,,",14,2024-04-12T11:29:50Z,2024-04-12T11:29:50Z
UgyigbUknahoV0rti9B4AaABAg.A2-wvBw0eD8A292gRqSj9D,UgyigbUknahoV0rti9B4AaABAg,True,@제인-m3i,@@WATERMELON-gb4mt 입덕 아니어도 우리 아이 노래 들어주면 고마운데 입덕까지 ㅠㅠ 우리 영원히 함께 가요 ㅋㅋㅋㅋㅋ,7,2024-04-12T23:46:33Z,2024-06-13T21:12:34Z
UgzPPgpKUnXsp9oMNZF4AaABAg,,False,@영이편,도영이가 작사한 곡이라 더 뜻깊은 것 같다,27,2024-04-09T10:52:03Z,2024-04-09T10:52:03Z
UgzS6lUVkfNYB5I51Ed4AaABAg,,False,@smackdowntofu188,"let’s hit huge, doyoung! 💙",4,2024-04-09T10:24:25Z,2024-04-09T10:24:25Z
UgwBN3Q7H_iDGexQLdt4AaABAg,,False,@블랙쉐도우님의수제자,“저 우주를 함께 날아갈꺼야 온 세상을 가득 벅차게 노래할꺼야 이노랠 타고서 내가 꿈꿔왔던 그 곳에서 만날 너에게 새봄의 노래를“,195,2024-04-09T10:09:30Z,2024-04-09T10:09:30Z
UgxzU7mB5_s3YGBlGBp4AaABAg,,False,@andiraima8662,Nice song,7,2024-04-09T09:55:29Z,2024-04-09T09:55:29Z
UgzNhHt28n_XoGf_rZB4AaABAg,,False,@doyochikim,Lets fly higher,6,2024-04-09T09:54:53Z,2024-04-09T09:54:53Z
Ugz7Rfr61ftabbUJ4dl4AaABAg,,False,@sudaratkrainara,แอเรียล!เธอไม่เป็นไรนะ,3,2024-04-09T09:45:12Z,2024-04-09T09:45:12Z
UgxHYhajTp4vwTt4uTR4AaABAg,,False,@mando0oj,또 들으러왔어요..💚🥹🌊✨,8,2024-04-09T09:31:30Z,2024-04-09T09:31:30Z
Ugzo6SNaWpOYP-0iVOZ4AaABAg,,False,@lifeispuckfuck,진짜 우리 도영이깔이다.. 응원한다,9,2024-04-09T09:28:11Z,2024-04-09T09:28:11Z
UgzkpATDM8jFm163ku14AaABAg,,False,@11.02mm,"벅차다,,,,",7,2024-04-09T09:27:27Z,2024-04-09T09:27:27Z
UgxUAS0RkEQ0oaLuaqp4AaABAg,,False,@doie1753,The best intro film,5,2024-04-09T08:59:03Z,2024-04-09T08:59:03Z
UgzsNqi-2PZqKyAMc2h4AaABAg,,False,@user-eg9nt4ok9g,still here... cant wait to listen to the whole song!,6,2024-04-09T08:50:07Z,2024-04-09T08:50:07Z
Ugy9qC2KcwEI4wDoBZd4AaABAg,,False,@slmyoung,Semangat doyoung keren,6,2024-04-09T08:43:29Z,2024-04-09T08:43:29Z
UgxDn393wDZdFgzvFZJ4AaABAg,,False,@do0_vx,海洋之子道英 22号快点到来吧 我真的很期待整张专辑,8,2024-04-09T08:26:13Z,2024-04-09T08:26:13Z
UgxTCkFy5UvLoTz1WkR4AaABAg,,False,@haddody,Composition and lyrics by Doyoung. Wow!,8,2024-04-09T08:17:17Z,2024-04-09T08:17:17Z
UgxPRU-5LVaGTaeb15J4AaABAg,,False,@haddody,This is so doyoung!,12,2024-04-09T08:16:49Z,2024-04-09T08:16:49Z
Ugxro714io7XRf_OI_d4AaABAg,,False,@square_Green,너의 목소리를 계속 사랑하려고 해,11,2024-04-09T08:08:53Z,2024-04-09T08:08:53Z
Ugzic4hOt2Tu7hH2otJ4AaABAg,,False,@jelienafendi7810,"YOUTH, FIGHTING!!!!",7,2024-04-09T07:41:23Z,2024-04-09T07:41:23Z
UgxJlE5daHHjouiKRLN4AaABAg,,False,@0S2S2S20,거짓말 안 치고 영상 오프라인저장해놓고 출퇴근길마다 연속재생으로 요것만 100만번씩 듣는 중인데 너무 좋음...ㅠㅠㅜㅜ,117,2024-04-09T07:28:29Z,2024-04-09T07:28:29Z
UgxurBLEvGdPpOlE2cN4AaABAg,,False,@Cantikv,Doyoung time!!!,3,2024-04-09T07:19:51Z,2024-04-09T07:19:51Z
UgxqCCbV86vElk5aGjl4AaABAg,,False,@ddoyi1437,This is so doyoung🥺💙,6,2024-04-09T07:13:24Z,2024-04-09T07:13:24Z
Ugx6EwvuJa0nHMeeJCt4AaABAg,,False,@Leto_drugstoreofwolf,"아 도영이 목소리 왜이렇게 눈물 나지,",11,2024-04-09T06:49:26Z,2024-04-09T06:49:26Z
Ugy2XShG2GKbZ2ocn694AaABAg,,False,@asandrikarts,I firmly believe Doyoung's album is an amazingly beautiful album!!!,10,2024-04-09T06:47:15Z,2024-04-09T06:47:15Z
UgyR7iob0Nk0JKyylSF4AaABAg,,False,@엥-b5r,아니 영상은 디즈니인데 노래는 지브리야 ㅜㅜㅜ 너무 좋아... ㅠㅠ,27,2024-04-09T06:41:31Z,2024-04-09T06:41:31Z
UgxPECXvZF3h-Fk01Fx4AaABAg,,False,@doie1753,Magical voice with magical song,11,2024-04-09T06:40:41Z,2024-04-09T06:40:41Z
UgyE4L2l9Qif_mOoUMl4AaABAg,,False,@Rin-nr1gl,Heavenly song from a heavenly man,11,2024-04-09T06:28:43Z,2024-04-09T06:28:43Z
UgzT7keDZZQySaSIbcV4AaABAg,,False,@Cantikv,Letssss gooo dolo,8,2024-04-09T06:00:49Z,2024-04-09T06:00:49Z
UgzYid-dH8CpLgvwLSJ4AaABAg,,False,@dianamedinaexo,Omggg este será el álbum del año!!!,6,2024-04-09T05:59:30Z,2024-04-09T05:59:30Z
UgxrsjWKbn_S2D6TCgl4AaABAg,,False,@클라우디-l8i,진짜 봐도봐도 너무 좋아서 저파트 가사 머리에 박혀버렸고ㅠㅠㅠ 다다음주 어케 기다리는지ㅠㅠㅠㅠㅠㅠㅠ 얼렁와라ㅠㅠㅠ,20,2024-04-09T05:59:08Z,2024-04-09T05:59:33Z
UgyGS0YBZGtb5xfz-vN4AaABAg,,False,@dilara7908,"For all doppus here,please preorder as much as you can❤",15,2024-04-09T05:41:21Z,2024-04-09T05:41:21Z
UgwiV8FiS4RuB42PHv14AaABAg,,False,@쩡신차렷,인트로만 들어도 눈물나네,5,2024-04-09T05:35:19Z,2024-04-09T05:35:19Z
UgxYnphJRImrfr-NbSt4AaABAg,,False,@halomyjoker8943,Doyoung you are the best 😭😭,11,2024-04-09T05:31:00Z,2024-04-09T05:31:00Z
UgxBCdnsByTCba2sX5l4AaABAg,,False,@bonnamaetibudan4625,OMGGG?!! it sounds so magical so theatrical so phenomenal?!? ohh i just know this album would devour. i literally cant stop replaying this intro film cause it already sound so good im so excited for this! doyoung's solo is the one im really looking forward to the most amongst all the nct members if im being fr and im very much looking forward!!! #seated,11,2024-04-09T05:26:56Z,2024-04-09T05:26:56Z
UgxBCdnsByTCba2sX5l4AaABAg.A2-MSzuAIQxA24jOJMCHzF,UgxBCdnsByTCba2sX5l4AaABAg,True,@saltyriz7734,YESSS,0,2024-04-11T07:32:13Z,2024-04-11T07:32:13Z
Ugzt0Elxz761MDYUmu14AaABAg,,False,@h__Ji.,청춘의 의인화 =  도영 그 자체,14,2024-04-09T05:06:44Z,2024-04-09T05:06:44Z
UgybRaYA81oFoKGmLFV4AaABAg,,False,@hihowdy5814,"Can't wait for the album, please come faster,",8,2024-04-09T04:54:01Z,2024-04-09T04:54:01Z
Ugxd9K80V4qF2Yn-20N4AaABAg,,False,@응채-i9p,아너무기대돼미치겟어미쳐버리겟다고빨리나와라제발앨범빨리나와줬으면좋겟다너무기대된다너무궁금하다진짜빨리듣고싶다맨날맨날듣고싶다맨날와서이거출첵하고잇다나미치겠따,21,2024-04-09T04:11:30Z,2024-04-09T04:11:30Z
UgzRWe6jtSGvVEW6Bmt4AaABAg,,False,@얍얍-r9k,"도영아 너의 청춘을 들려주고 싶다고 마음 먹어줘서, 그리고 그 방법이 너의 목소리와 너의 청춘이 담긴 음악이라 진심으로 감사해.

나의 청춘을 채워주고 있는 너이기에, 함께 공감하면서 듣고 싶은 마음 꼭꼭 담아 기다릴게!
어떠한 노래이든, 청춘 그 자체일거라 생각하기 때문에 부담갖지 말고 봄 바람 따라 날아가면서 파랗게 피어나줘!",19,2024-04-09T04:02:10Z,2024-04-09T04:02:40Z
Ugxu3W7JtUfmm1ph32F4AaABAg,,False,@camiIIeteresa,Doyoung is amazing. This album already sounds like a work of art!,7,2024-04-09T03:24:46Z,2024-04-09T03:24:46Z
UgzijKDTgmN0VclenNh4AaABAg,,False,@darkchochonute,beautiful,2,2024-04-09T02:45:21Z,2024-04-09T02:45:21Z
UgzzDvBTKFfNpVtwbnp4AaABAg,,False,@dearmydearest,The best INTRO FILM EVER,6,2024-04-09T02:33:49Z,2024-04-09T02:33:49Z
Ugx2atIdNnJznSo_Fkp4AaABAg,,False,@d.okyungsoo3108,Keren banget kim doyoung,2,2024-04-09T01:34:33Z,2024-04-09T01:34:33Z
UgzgthBZt1CcCWO9UZp4AaABAg,,False,@이해찬한테미친여자,도영아 화이팅!!,5,2024-04-09T01:21:36Z,2024-04-09T01:21:36Z
UgwOC-D7sCyDVy81Nsd4AaABAg,,False,@anabellaramos3416,"Lyricist and composer Doyoung I´m waiting for you, love this song already.",7,2024-04-09T00:57:13Z,2024-04-09T00:57:13Z
UgwzygvxVKYuHLpARuF4AaABAg,,False,@아아-r7y,또 들어,4,2024-04-09T00:31:32Z,2024-04-09T00:31:32Z
Ugw9XaG7JPPhZEBucjB4AaABAg,,False,@이선화-m5d,진짜 됐다. 우리만 잘하면돼,12,2024-04-09T00:28:32Z,2024-04-09T00:28:32Z
UgxHCCi1ke8kFVv8gBd4AaABAg,,False,@포도-v6o,도영이 보컬 머글일때도 좋다고 생각했는데 이 노래로 입덕하게 될 것 같아.. 그정도로 뭔가 마음 벅차게 만드는 무언가가 있어서 기대돼 노래 나오는 날만 기다리는 중,127,2024-04-09T00:22:50Z,2024-04-09T00:22:50Z
UgwTodDTzDMmNuMdugl4AaABAg,,False,@LovelyLouise,This reminds me of the little mermaid so much. So part of your world.,1,2024-04-09T00:09:37Z,2024-04-09T00:09:37Z
UgzHLtcI8xeIf00g0VF4AaABAg,,False,@yvesy1880,Mermaid!!!,1,2024-04-08T23:48:12Z,2024-04-08T23:48:12Z
UgxurtWpBhKux8ZMVkh4AaABAg,,False,@dldos103,작곡에 루시 원상이라는 분이 참여햇다고 햇던 거 같은데 맞나요?? 노래 넘 조아요ㅠㅠ,1,2024-04-08T22:51:44Z,2024-04-08T22:51:44Z
UgxurtWpBhKux8ZMVkh4AaABAg.A1zeEWupawPA1zpRaGvXae,UgxurtWpBhKux8ZMVkh4AaABAg,True,@Olivia-sc2zb,지금 이영상에 나오는 노래는 아니구 원상님은 타이틀에 참여했어요. 이 영상 노래는 서동환님과 도영이가 작업한 곡이랍니당,5,2024-04-09T00:29:39Z,2024-04-09T00:29:39Z
Ugz9GUbcPQCyVbc7OGZ4AaABAg,,False,@dldos103,와 미친;; 존나 조아,12,2024-04-08T22:50:53Z,2024-04-08T22:50:53Z
Ugxpne2oWAq-S8c98K94AaABAg,,False,@포멜로-e1o,여기서 못나가.. 빨리 발매해주세요,11,2024-04-08T22:42:04Z,2024-04-08T22:42:04Z
UgyC7YFtq3XfVkcwS7x4AaABAg,,False,@cntk07,소름... 이 노래 진짜 좋아해요! 22일 빨리 나오면 좋겠다~ 도영 오빠 화이팅!!!! 나 확실해 이 앨범 레젠드 될 거예용!,12,2024-04-08T22:25:01Z,2024-04-08T22:25:01Z
UgzWwbMPiT3T2I6-Ncp4AaABAg,,False,@geraldoyie,I always proud of you vocalist doyoung,5,2024-04-08T22:11:24Z,2024-04-08T22:11:24Z
Ugza2XxJU8LqV8S0V8F4AaABAg,,False,@serqsdps,Still here listening to this masterpiece,4,2024-04-08T21:57:13Z,2024-04-08T21:57:13Z
Ugx33diXNUeq8_n7tSd4AaABAg,,False,@bellovebya4661,En pocos días se viene el debut del año 🤍,4,2024-04-08T19:48:41Z,2024-04-08T19:48:41Z
UgzHyBzMapfigdIODYd4AaABAg,,False,@Tenandseohowife,Ça va être une dinguerie les gars,2,2024-04-08T19:17:29Z,2024-04-08T19:17:29Z
Ugyoyu2rMjMAiOvUxR54AaABAg,,False,@aonantintarachot3130,ร้องไห้เลยอ่าาา..ภูมิใจ,2,2024-04-08T18:43:18Z,2024-04-08T18:43:18Z
UgwN_i6XqDhGNOZJyrJ4AaABAg,,False,@yeehaw4073,can't wait for the 22nd ❤,7,2024-04-08T18:33:02Z,2024-04-08T18:33:02Z
Ugz_Hx5pqaomAk7cjzZ4AaABAg,,False,@kdy323,Doyoung debuted 8 years ago and now he will finally debut as a soloist 🥹,17,2024-04-08T18:18:56Z,2024-04-08T18:18:56Z
UgxKMKx9MmwgnLhKjQ94AaABAg,,False,@kdy323,Lets get 300k soon! 🥳,8,2024-04-08T18:16:13Z,2024-04-08T18:16:13Z
Ugw6EBOIR2Vah0QYNph4AaABAg,,False,@Ropen,"Sounding kinda Disney, SM couldn't give him an RnB bop...I'm excited either way",1,2024-04-08T17:52:33Z,2024-04-08T17:52:33Z
Ugw6EBOIR2Vah0QYNph4AaABAg.A1z7-ArvJjnA1z9ssjSq8f,Ugw6EBOIR2Vah0QYNph4AaABAg,True,@kdy323,"This is just a bside that dy wrote btw
The title track will probably be band sound",4,2024-04-08T18:17:46Z,2024-04-08T18:17:46Z
Ugw6EBOIR2Vah0QYNph4AaABAg.A1z7-ArvJjnA1zBIbjst7p,Ugw6EBOIR2Vah0QYNph4AaABAg,True,@Ropen,"@@kdy323 oh right I see, thanks!",0,2024-04-08T18:30:09Z,2024-06-13T23:22:45Z
UgwctvcOX8VYeB84RmR4AaABAg,,False,@smackdowntofu188,"yes, i’m still here",5,2024-04-08T17:39:23Z,2024-04-08T17:39:23Z
UgwqCOrF_oAQBw-TyY54AaABAg,,False,@unaisahazzahra8297,vibes nya kaya castaway diva!!!,4,2024-04-08T17:38:04Z,2024-04-08T17:38:04Z
UgzWit5va33BCI-fi5p4AaABAg,,False,@wtfyoutube,아니 이렇게 건강하고 아름다운데 이렇게까지 중독성 있을 수 있다고?,60,2024-04-08T17:34:01Z,2024-04-08T17:34:01Z
Ugx4xUJsliOpjEfIQSN4AaABAg,,False,@do0_vx,出道八周年快乐！,5,2024-04-08T17:30:31Z,2024-04-08T17:30:31Z
Ugz3Dqb9nnMRBrTBn-V4AaABAg,,False,@sasasaya1873,Masterpiece ✨,6,2024-04-08T17:18:09Z,2024-04-08T17:18:09Z
UgyCybwAk5ezTHBXdJJ4AaABAg,,False,@bellovebya4661,Happy debut day 🫂🥺,5,2024-04-08T17:00:16Z,2024-04-08T17:00:16Z
UgxFpZEATctFL9fIhOB4AaABAg,,False,@익명-t6k,도영아 매번 말하지만 정말 노래해줘서 고마워… 노래하기위해 태어난것같은 우리 도영이의 청춘을 함께할수있어 너무 좋다….ㅠㅠㅠㅠ,21,2024-04-08T16:49:30Z,2024-04-08T16:49:30Z
Ugx05fAfKP7GGWmbFot4AaABAg,,False,@aerimars,Do you want about the show😭,4,2024-04-08T16:49:00Z,2024-04-08T16:49:00Z
UgxUH77PSgq8meyfopp4AaABAg,,False,@lovedrunkenergy,the goosebumps….. wow this is BEAUTIFUL,6,2024-04-08T16:48:10Z,2024-04-08T16:48:10Z
Ugz-wvgCLfHYKisQUtR4AaABAg,,False,@김정우-k3k,너무 사랑해 ㅠ,4,2024-04-08T16:34:47Z,2024-04-08T16:34:47Z
UgxHKC6l1zzb9lDHkTR4AaABAg,,False,@yianlei4129,"🎉❤❤❤❤🎉🎉🎉🎉🎉도영!정말 어린 왕자 같은 존재였고,계속 노래하세요!!!!🎉🎉🎉🎉🎉",4,2024-04-08T16:26:08Z,2024-04-08T16:26:08Z
UgyX_jRaH3D8hcDKWyF4AaABAg,,False,@user-ll7zn3pw5v,아우 도영아 도영아 도영아!!!!!!!!!!!!,9,2024-04-08T15:58:47Z,2024-04-08T15:58:47Z
Ugx6E9xpGhXjauoTW1l4AaABAg,,False,@yoohoo0825,와 이건 된다. 청량+청춘+청초 청청청은 다들어감. 김도영 그 자체임,22,2024-04-08T15:44:31Z,2024-04-08T15:44:31Z
Ugw1RoHijahj86YS8HZ4AaABAg,,False,@baberabbit26,도영아 노래해줘서 고마워요,12,2024-04-08T15:30:31Z,2024-04-08T15:30:31Z
Ugw-IWb8fOTOscoJ8ZN4AaABAg,,False,@candyurimo,누가 시켰냐...,1,2024-04-08T15:08:49Z,2024-04-08T15:08:49Z
UgyFSAS5vZBhElP1oXp4AaABAg,,False,@user-bbbuwnss,"하루에도 몇번씩 보는데도 볼때마다 새롭고 너무
뭉클해 솔로데뷔를 너무나도 응원해 도영아 !",37,2024-04-08T14:38:06Z,2024-04-08T14:38:06Z
UgxCKd5b7nzY4jXEnzt4AaABAg,,False,@jeongyoo-lg6gy,好期待，太美好了，道英和道英的音乐！,6,2024-04-08T14:28:44Z,2024-04-08T14:28:44Z
UgzABH5Jj8ly3ZyZylB4AaABAg,,False,@sugaringdoi,"진짜 이 노래는 레전드입니다…
아직 나오지도 않았는데 영상 매일
출석하고 있어요 도영이의 빛나는 청춘으로
가득찬 노래 기대할게 항상 사랑하고 응원해❤",50,2024-04-08T14:27:39Z,2024-04-10T18:44:35Z
UgxtA4IserYVuEInWMF4AaABAg,,False,@joshhh000,도영아 너의 청춘에 내가 함께할 수 있음이 기뻐 늘 응원할게,12,2024-04-08T14:23:34Z,2024-04-08T14:23:34Z
UgxtA4IserYVuEInWMF4AaABAg.A1yk4ahxhEjA1ypL9uNlCN,UgxtA4IserYVuEInWMF4AaABAg,True,@candyurimo,몇개월 전 미소..,2,2024-04-08T15:09:32Z,2024-04-08T15:09:32Z
UgyioO-MmXAJBvO28iR4AaABAg,,False,@NiDoy-uy4rl,cant wait to hear the full version of this magical song and the other 9 songs,8,2024-04-08T14:21:09Z,2024-04-08T14:21:09Z
UgxVKZPVmFtFps2lr2l4AaABAg,,False,@Kite_Acquaintance,미쳤다ㅜㅠㅜㅠ오늘도 들으러 왔어,7,2024-04-08T14:11:27Z,2024-04-08T14:11:27Z
Ugx0Ke0DUgiZQsGKx3R4AaABAg,,False,@YEO0N2,케이팝이랑 거리두기 하고 있었는데 도영군의 솔로 데뷔 소식을 듣고 달려옴🥺... 앨범 이름도 너무 예쁘고 영상도 진짜 아름다워..✨🤍,130,2024-04-08T13:41:09Z,2024-04-08T13:41:09Z
UgyWeQ1LWrVmusO9XMV4AaABAg,,False,@dilara7908,i'm still here,6,2024-04-08T13:26:06Z,2024-04-08T13:26:06Z
Ugx6s1-p19FE5X1sVcR4AaABAg,,False,@fiyafiyo,dolo is coming 😍 can't wait for doyoung's beautiful voices 💙,10,2024-04-08T13:17:07Z,2024-04-08T13:17:07Z
Ugy9yHskaRpTaf36YWF4AaABAg,,False,@fiyafiyo,dolo is coming 😍 can't wait for doyoung's beautiful voices 💙,7,2024-04-08T13:16:35Z,2024-04-08T13:16:35Z
UgxcP3JOhJiZjWLTrWJ4AaABAg,,False,@또하링-h8n,또보러왔어,5,2024-04-08T13:13:42Z,2024-04-08T13:13:42Z
UgycOgHZKXUeHz1sk814AaABAg,,False,@Kka-d3n,안ㄴ짜너무좋음 눈물나진짜로……,10,2024-04-08T13:10:38Z,2024-04-08T13:10:38Z
UgxHbz4NPYdlN1MDifF4AaABAg,,False,@jiinny368,도영아 노래해줘서 고마워ㅠㅠㅠㅠㅠㅠㅠㅠㅍ,6,2024-04-08T13:06:44Z,2024-04-08T13:06:44Z
Ugy9wmb_DW7FJgXsk0x4AaABAg,,False,@ChelseaJkt,Menggelegar,2,2024-04-08T12:55:33Z,2024-04-08T12:55:33Z
Ugxec1_Vk9lht4W_7OJ4AaABAg,,False,@aetorii,"들을 때 마다 너무 감동적이야.. 전주부터 클라이맥스, 영상, 가사, 목소리 그 모든게.. 너무 좋다 도영아 진짜로",24,2024-04-08T12:51:00Z,2024-04-08T12:51:00Z
UgyoR9bbytV-F06wrCR4AaABAg,,False,@NinaKim-lp8ly,"Excitedly waiting for Doyoung's album, i can tell it will be great!! Success for DoLo 🩵🩵🩵",8,2024-04-08T12:28:05Z,2024-04-08T12:28:05Z
UgwwDt_ZwAZkrWo5gOl4AaABAg,,False,@dxmple381,🩵🩵🌊🌊🌟,2,2024-04-08T12:27:45Z,2024-04-08T12:27:45Z
UgztGSssOiAApx021h94AaABAg,,False,@userwithme_99,So proud of you❤,5,2024-04-08T12:11:13Z,2024-04-08T12:11:13Z
Ugxvc8wgHgwRshPhn5d4AaABAg,,False,@j.6895,รอวันที่22แล้วววว❤,3,2024-04-08T12:05:26Z,2024-04-08T12:05:26Z
UgzjFAhAPPN0ig0xY8B4AaABAg,,False,@ncityyy127,"OMG, HIS VOCALS ARE SO PRETTY AND PERFECT, HE IS SO HANDSOME, AND I LOVE HIM SO MUCH IM SO GLAD THAT IM A NCTZEN",17,2024-04-08T12:05:18Z,2024-04-08T12:05:18Z
Ugynua61VLH1_eXKEqZ4AaABAg,,False,@user-zj4rd6lm6c,컨셉과 노래 미쳤다 이건 무조건 차트 올라갈듯 나 이거 왜 이제 알았음…. 도영팬들아 홍보해라 어서!!,125,2024-04-08T12:02:59Z,2024-04-08T12:02:59Z
UgzYLDM9zT2k2racm3V4AaABAg,,False,@onlyjuneee,"beautiful voice is coming soon, intro film so wonderful, can't wait for the album to release, Kim doyoung fighting",14,2024-04-08T11:59:27Z,2024-04-08T11:59:27Z
UgyX7TNb3FpcLwKtjQV4AaABAg,,False,@Dn6f,도영이가 말한 기다리는 순간의 즐거움을 요즘 알겠어 ㅋㅋㅋ💚기다리는 순간까지도 진심으로 아끼고 아껴볼게,19,2024-04-08T11:54:43Z,2024-04-08T11:54:43Z
UgxX0SX_hlC8rDIRXKt4AaABAg,,False,@Dn6f,하루하루 기다리는데 설렌다 도영아❤,7,2024-04-08T11:54:04Z,2024-04-08T11:54:04Z
Ugwub45tj4Yks-T5k_F4AaABAg,,False,@asya8715,Keep watching guys,4,2024-04-08T11:49:37Z,2024-04-08T11:49:37Z
UgzGwGAqp2K263rxRSB4AaABAg,,False,@콩나물-o1s,선생님 저 못기다려요... 빨리 내주세요.... 도영군의 청춘을 빨리 듣고 싶어요....,38,2024-04-08T11:39:49Z,2024-04-08T11:39:49Z
UgzO78TS8qrjnpmD8gd4AaABAg,,False,@Iyaaaaaa04,💚💚💚💚💚💚💚💚💚💚💚💚💚💚,1,2024-04-08T11:15:59Z,2024-04-08T11:15:59Z
Ugypy7Iozn9Hotc70-N4AaABAg,,False,@아아-r7y,도영이가 작사한 새봄의 노래 얼른 듣고 싶다,29,2024-04-08T10:59:30Z,2024-04-08T10:59:30Z
UgwXqZP1_FpKXRnJsMR4AaABAg,,False,@w_uth,I wish this song could be a 10 minute version because it’s too beautiful I don’t want it to end please 😭🩵,5,2024-04-08T10:54:44Z,2024-04-08T10:54:44Z
Ugzz7lphoEJqrklIhQR4AaABAg,,False,@cherry_rrang,도영이 미쳤다ㅠㅠㅠㅠㅠㅠㅠㅠㅠㅠㅠㅠㅠㅠㅠㅠㅠ도영아 고마유ㅓ 노래해줘서❤❤❤,9,2024-04-08T10:53:24Z,2024-04-08T10:53:24Z
UgyIPX15cAM5Ios_bjN4AaABAg,,False,@aiaplay,노래 너무 좋아 ㅠㅠ 듣기때 힐링이다... 도영오빠 목소리 진짜 ㄹㅈㄷ ㅠㅠ,11,2024-04-08T10:22:08Z,2024-04-08T10:22:08Z
UgwdwVPjOUfj6ACJiN94AaABAg,,False,@륄-c6e,아니 22일에 나오는노래를 벌써 기대하게해.. 어떻게 기다리라고..,12,2024-04-08T10:15:40Z,2024-04-08T10:15:40Z
Ugws6WZbk69JZ660o254AaABAg,,False,@zero_zeni,"매일듣는데도 너무좋다💚
너무기대돼💚💚",9,2024-04-08T10:14:07Z,2024-04-08T10:14:07Z
Ugx6UhkX-0Oo54RRnkx4AaABAg,,False,@ssogoss,Sii!! Mi voz favorita de NCT tiene un full álbum!!,4,2024-04-08T08:59:48Z,2024-04-08T08:59:48Z
UgxGwzz8g6B0uSJ7R7t4AaABAg,,False,@_rurubaebae,Doyoung Kim will be coming🐇✨,3,2024-04-08T08:35:19Z,2024-04-08T08:35:19Z
UgzTmB3lW_a6rD9yyw94AaABAg,,False,@YangDoDJ,우리 도영이가 작사했다니,6,2024-04-08T08:26:49Z,2024-04-08T08:26:49Z
UgwfZgcoGV_fIINNtmx4AaABAg,,False,@ruthlydiql4246,OMG bro I’m literally crying…😇😇🥲😢😭😇😇,4,2024-04-08T07:31:12Z,2024-04-08T07:31:12Z
UgwfZgcoGV_fIINNtmx4AaABAg.A1y-tIichBFA1y101wFJFn,UgwfZgcoGV_fIINNtmx4AaABAg,True,@saltyriz7734,I AM TOO ITS SO BEAUTIFUL,1,2024-04-08T07:41:00Z,2024-04-08T07:41:00Z
UgyYhzQcc-K6pbKAQK94AaABAg,,False,@neteioduhc2773,cant wait for our soloist doyoung!!! 🥹,5,2024-04-08T07:18:17Z,2024-04-08T07:18:17Z
UgzCiMSiQZiqSeCSH9V4AaABAg,,False,@아토지킴이,도영 ~~ 너무 너무 사랑하고 덕분에 행복해,8,2024-04-08T07:09:27Z,2024-04-08T07:09:27Z
UgzSQYA6otVxsny0gZF4AaABAg,,False,@desvinaaulia2559,Our vocalist ❤,3,2024-04-08T07:05:06Z,2024-04-08T07:05:06Z
Ugz5PIaeXcXIXyZZs2h4AaABAg,,False,@michellec5418,Lets gooo 💚💚💚,2,2024-04-08T06:40:49Z,2024-04-08T06:40:49Z
UgwlchWI_luvfjn2X3Z4AaABAg,,False,@SuphawanChante-nm4dm,매우 아름답고 노래도 아름답습니다.,5,2024-04-08T06:39:29Z,2024-04-08T06:39:29Z
UgwocJnqEry01INdj154AaABAg,,False,@LUCYROSEWEST,Oh yes this is what I signed for,1,2024-04-08T06:35:20Z,2024-04-08T06:35:20Z
UgyAqdvxgmdagm_cBP94AaABAg,,False,@누눈-g2w,22일언제와그냥당장내놔앨범….,4,2024-04-08T06:33:38Z,2024-04-08T06:33:38Z
Ugx5FMNl3Av8VE6b-cF4AaABAg,,False,@yonnnnne,bㅠㅠㅠ너무햄보케ㅠㅠㅠㅠㅠㅠㅠㅠㅠㅠ내마음이뻥뚫리는목소리,5,2024-04-08T06:14:57Z,2024-04-08T06:14:57Z
UgxfIqQgMnKb4F1niW54AaABAg,,False,@fbsngie2135,Ternyata selama ini doyoung pengendali air😭,1,2024-04-08T06:07:17Z,2024-04-08T06:07:17Z
UgxwjmlJyYYgNDBe4rx4AaABAg,,False,@jkeey4,i love u doyo 🥺❤️,0,2024-04-08T05:57:10Z,2024-04-08T05:57:10Z
Ugxh_fW-mSJ0S27xj5Z4AaABAg,,False,@evalibertadx,"Ahora sabiendo que Doyoung compuso esta canción, me dan más ganas de escucharla. Estoy muy ansiosa❣❣❣",3,2024-04-08T05:53:17Z,2024-04-08T05:53:17Z
UgyPVGxgwMXjTT4lPn54AaABAg,,False,@eemqerr,道作家🥹完全是道英的歌啊,1,2024-04-08T05:52:21Z,2024-04-08T05:52:21Z
Ugw4K4EtvDXGgalfkwt4AaABAg,,False,@쏜이-j6h,아 개개개개벅차오른다........파이팅입니다 도영군,9,2024-04-08T05:48:44Z,2024-04-08T05:48:44Z
Ugyjx-4McbwaSVKT-794AaABAg,,False,@bellovebya4661,270k soon Fighting,0,2024-04-08T05:07:14Z,2024-04-08T05:07:14Z
Ugwrasw4AKqXJMWCFXt4AaABAg,,False,@keijunista,😭💗,0,2024-04-08T04:47:07Z,2024-04-08T04:47:07Z
UgwV0FUzp9j_jgPf3od4AaABAg,,False,@goyohi482,노래 너무 좋아 ㅠㅠㅠ 빨리 22일 왔으면 좋겠다아ㅏㅏ빨리 풀버전 듣구싶어,10,2024-04-08T04:41:08Z,2024-04-08T04:41:08Z
Ugy7ypb2-hwDzEWcYjd4AaABAg,,False,@kang4595,You've worked hard!  So happy for you and the amount of support you have received from the industry.  I pray it will be endless  love and support.,7,2024-04-08T04:17:56Z,2024-04-08T04:17:56Z
UgxmmS3ibZ4_8U9jmQB4AaABAg,,False,@lvlvgrnbl,so beautiful:((,3,2024-04-08T03:55:49Z,2024-04-08T03:55:49Z
Ugxccom8RvMLxFa4IIh4AaABAg,,False,@GaleriStranger,COULDN’T BE MORE PROUD OF HIM🥹🩵,6,2024-04-08T03:35:50Z,2024-04-08T03:35:50Z
Ugzv7_Co9x_f0MTApQh4AaABAg,,False,@Dobiduba4760,빨리 22일아 와줘...,4,2024-04-08T03:24:43Z,2024-04-08T03:24:43Z
UgwVqz5iz0wHNCH9q7V4AaABAg,,False,@youngandrich99,suara yang sangat indah. Thank you Doyoung <3,1,2024-04-08T03:18:13Z,2024-04-08T03:18:13Z
UgxItSzP_fz0iW7G7mp4AaABAg,,False,@vanyasabilya3881,"selamaatt sayang kuuu, I'm proud of you💗💗",1,2024-04-08T02:45:38Z,2024-04-08T02:45:38Z
UgyMW75UIb2uIY-FIV54AaABAg,,False,@noon_do9058,노래 너무 좋다 앨범 기대돼요!!,9,2024-04-08T02:44:04Z,2024-04-08T02:44:04Z
Ugzvk6khlYMtpw4gpEx4AaABAg,,False,@azwazafira,"Reminds me of the drama"" My Demon""",2,2024-04-08T02:25:31Z,2024-04-08T02:25:31Z
Ugwqo1RP9UPXvViKxwV4AaABAg,,False,@smackdowntofu188,this song is just DOYOUNG himself,1,2024-04-08T02:24:47Z,2024-04-08T02:24:47Z
UgxxkdydA7gLqCLQIWl4AaABAg,,False,@DarkBin127,It's so beautiful,2,2024-04-08T02:19:57Z,2024-04-08T02:19:57Z
Ugz3o5JvfmcC-SL4iUp4AaABAg,,False,@jynnevy,ลูกแม่,1,2024-04-08T02:16:20Z,2024-04-08T02:16:20Z
UgxTk6MynvqnqDgw1vd4AaABAg,,False,@mira-ys1gc,"Kenapa sih lagu2 dari SM ini kek vibesnya ngasih kita sebuah harapan, kek arti hidup, atau kasih kita semangat untuk hidup??aaakhh,,suka bangettt😭😭😭😭",2,2024-04-08T02:05:26Z,2024-04-08T02:05:26Z
UgzfDneKteB-YIbNYAp4AaABAg,,False,@영이편,가사가 너무 예쁘다고 생각했는데 도영이가 작사한 곡이라고 하니까 더 좋아진다ㅠㅠㅠㅠㅠㅠ,25,2024-04-08T01:40:24Z,2024-04-08T01:40:24Z
UgyFXqWWSqW3Cg9xRo94AaABAg,,False,@Alwaysaround-t9x,🥰🥰🥰🥰🥹🥹🥹🥹🥰🥰🥰🥰,1,2024-04-08T01:30:22Z,2024-04-08T01:30:22Z
Ugxpd8clPkXxkoZNrO94AaABAg,,False,@MM-vz1ol,ドヨンの歌声は繊細で上品で芯にある力強さが美しい！,5,2024-04-08T01:24:09Z,2024-04-08T01:24:09Z
Ugxbme4evVmk6OBrYlZ4AaABAg,,False,@user-cj8wp6nu6e,끝이 없는 도영이의 노래를 응원해,19,2024-04-08T01:21:35Z,2024-04-08T01:21:35Z
Ugzzv5yYdPSw8NSpUY14AaABAg,,False,@kdy323,Doyoung really wrote this masterpiece 😢,5,2024-04-08T00:59:43Z,2024-04-08T00:59:43Z
UgzJtDKsM0-s3Li2r_h4AaABAg,,False,@joovely.,럽윈올 이쁘게 부르시더니 럽윈올 작곡가님한테 곡 받아오셨네 멜로디 좋다,43,2024-04-08T00:57:39Z,2024-04-08T00:57:39Z
Ugx2LGKLus9o_x-3US14AaABAg,,False,@KatukiDo,"Doyoung shii.... Love this already. How would the complete song sound like?? The beginning of our youth is described perfectly through this song T_T. I want to cry and it's not even the whole song yet!!  I'm also LUCY'S fan so i'm also looking forward to the title song. The whole album actually T_T . To others, let's appreciate our youth together,,,, T T",8,2024-04-08T00:50:27Z,2024-04-08T00:50:27Z
UgydjZ8yNlmKOraS3FV4AaABAg,,False,@do201_,선공개..주세요..나 못 참아,8,2024-04-08T00:42:47Z,2024-04-08T00:42:47Z
UgwVNVJzcs9MPGJ68EN4AaABAg,,False,@MarianRocha-vy4mb,"Omg, I can't wait",2,2024-04-08T00:13:46Z,2024-04-08T00:13:46Z
UgwkRwObuj4j9cZOCVZ4AaABAg,,False,@nina.ng1208,The fact that Doyoung co-composed this song and wrote the lyrics all by himself 🥹 this is a Doyoung’s song for real,23,2024-04-08T00:11:20Z,2024-04-08T00:11:20Z
UgwkRwObuj4j9cZOCVZ4AaABAg.A1xDYf6wTqXA1y0wmlFSsj,UgwkRwObuj4j9cZOCVZ4AaABAg,True,@saltyriz7734,I'm crying rn this is so beautiful,2,2024-04-08T07:40:25Z,2024-04-08T07:40:25Z
UgzXRXFEVJOrYHHu-dJ4AaABAg,,False,@광일여친은빈,아니 원상이가 반딧불  작사작곡편곡 참여 했대서 들으러 왔는데 아직 안나왔길래 이거라도 들어야징… 하고ㅠ왔는데 이게 아직 발매가 안됐다고요…? 노래진짜너무좋다…. 발매하면 매일 들을 자신있다진짜로… 진짜너무좋다,280,2024-04-07T23:35:30Z,2024-04-07T23:40:20Z
UgzXRXFEVJOrYHHu-dJ4AaABAg.A1x9SAXF8DmA2AntNj1NH7,UgzXRXFEVJOrYHHu-dJ4AaABAg,True,@youngwon212,꺄악 왈왈이군요 저도 매일 들으러 와요... 매번 소름돋고 원상이가 자랑스럽구ㅠㅠ,6,2024-04-13T16:06:59Z,2024-04-13T16:06:59Z
UgxmMpc6rILF2YYuCVN4AaABAg,,False,@9292yc,나 방금 청춘 영화 한편 다봄…,6,2024-04-07T23:30:26Z,2024-04-07T23:30:26Z
UgygZ5X9ZIHnEEhAval4AaABAg,,False,@kang4595,"you are perfection!  I'm loving the concept, the song and the vocals so much!",4,2024-04-07T23:23:34Z,2024-04-07T23:23:34Z
UgznMOHhyzoB5sFKSwV4AaABAg,,False,@macamenpuig8676,mi encantador doyoung💝,2,2024-04-07T23:10:53Z,2024-04-07T23:10:53Z
UgxTQIcjvl9I1MQw3ZJ4AaABAg,,False,@fairybear06_,"Fighting my precious person, kim doyoung🔥 hopefully your solo debut succesfull🩵",3,2024-04-07T23:10:05Z,2024-04-07T23:10:05Z
Ugw6pck9ipKr1YWj9gx4AaABAg,,False,@beatrizg.2,TE AMO TANTO DOYOUNG😭❤️‍🩹,1,2024-04-07T23:03:45Z,2024-04-07T23:03:45Z
UgzFTRHlBxholFG4eI14AaABAg,,False,@Dn6f,정말 김도영답다라는 생각이 드는 앨범 도영이의 진심이 상처받지 않도록 열심히 해야겠다는 생각이 드는 매일💚,53,2024-04-07T22:50:30Z,2024-04-07T22:50:30Z
Ugx6L9tjHTZokog57k14AaABAg,,False,@dreamereadd229,Cant’t wait for the release it will so good i know it💗,3,2024-04-07T22:45:49Z,2024-04-07T22:45:49Z
Ugy2qFStH_eqQ4QY2Ql4AaABAg,,False,@127fan,The tracklist got released today and even more excited to hear all the songs ❤,3,2024-04-07T22:39:41Z,2024-04-07T22:39:41Z
UgxkEjXZedPwNlE-vDx4AaABAg,,False,@nct._,와 미쳤다 도영.......... 와 분위기 실화야진짜?????? 너무좋잖아ㅠㅠㅠㅠㅠㅠㅠㅠ 하 제발❤❤❤❤❤ 너무사랑행,9,2024-04-07T22:35:42Z,2024-04-07T22:35:42Z
UgweBqUWchiHBcjDeht4AaABAg,,False,@shanshan714,Will listen to this a lot ! Like the vibe,2,2024-04-07T22:27:11Z,2024-04-07T22:27:11Z
UgwDjIgjo8CNPimU0BZ4AaABAg,,False,@Olivia-sc2zb,도영이가 만든곡이라니......도영이가 작사한 곡이라니ㅠㅠㅠㅠㅠㅠ,28,2024-04-07T22:05:44Z,2024-04-07T22:05:44Z
UgySvRes1ix8M1HvqiJ4AaABAg,,False,@Jer-h2n,Doyoung can’t wait to hear this!!!,1,2024-04-07T22:01:20Z,2024-04-07T22:01:20Z
Ugw93dNRcNxWU1eHorF4AaABAg,,False,@NoroSelet,Nice one doyoung❤❤❤❤,1,2024-04-07T21:41:43Z,2024-04-07T21:41:43Z
UgxuPM4sHkwG3EF3dOh4AaABAg,,False,@katy29vc,Que bonito suena 😭😭😭😭😭😭😭😭😭😭😭😭😭💕,1,2024-04-07T21:37:55Z,2024-04-07T21:37:55Z
Ugxr7ffb2NziauAe5Wt4AaABAg,,False,@callietania241,"Like this even its just teaser, good one",2,2024-04-07T21:24:56Z,2024-04-07T21:24:56Z
UgxvXCAVFmbVY8knEdp4AaABAg,,False,@teraly6088,Doyoung huu solo debutee hiih gj bn aaaa 😭💚,1,2024-04-07T21:20:07Z,2024-04-07T21:20:07Z
Ugx3BO5XfMvJMtRYhst4AaABAg,,False,@sW-hf6vx,So good doyoung the best😊,2,2024-04-07T21:10:44Z,2024-04-07T21:10:44Z
UgzaHmU2LfmbM248lJR4AaABAg,,False,@bellovebya4661,Hermosa intro y la escribiste tu doyoungie 🥺,1,2024-04-07T21:09:06Z,2024-04-07T21:09:06Z
Ugxr92ygb3cgU02hNeR4AaABAg,,False,@kdy323,Doyoung wrote this lyrics 😭,6,2024-04-07T20:43:29Z,2024-04-07T20:43:29Z
UgyxZt1nkqoc8n7x_U94AaABAg,,False,@kdy323,Iconic debut album,4,2024-04-07T20:43:14Z,2024-04-07T20:43:14Z
Ugy8gji2MW2cACF5uf54AaABAg,,False,@blessedone3060,Nice song doyoung! Support you always,1,2024-04-07T20:37:28Z,2024-04-07T20:37:28Z
Ugzdib7H9v78JdIUKHR4AaABAg,,False,@miruru-mq3mo,도영아 항상 팬들을 위해 노력해줘서 고마워 그로인해 항상 행복하게 살아가 :) 🩵,8,2024-04-07T20:05:01Z,2024-04-07T20:05:01Z
Ugy1BhbGdOCo5Bikr-p4AaABAg,,False,@minefanfiction1540,love the song already,1,2024-04-07T19:55:09Z,2024-04-07T19:55:09Z
Ugwdk0itN26gY5T1t1t4AaABAg,,False,@jikotsy6495,"是你參與作曲獨立作詞的歌。
真的很開心❤️
一直都想知道你做的歌詞與曲子是怎樣的情感，現在終於可以知道了🍀",1,2024-04-07T19:50:38Z,2024-04-07T19:50:38Z
Ugxf_FToIJs8eBQ9ZdV4AaABAg,,False,@bellovebya4661,Te amo doyoung,1,2024-04-07T19:37:22Z,2024-04-07T19:37:22Z
Ugzd5iJS8X8qoULuJKR4AaABAg,,False,@Cacomond,This is so good ❤❤,2,2024-04-07T19:31:52Z,2024-04-07T19:31:52Z
Ugyqq1nBlaHNnySdqbZ4AaABAg,,False,@Jizonfloor,This  is a blessing🎉,2,2024-04-07T19:30:50Z,2024-04-07T19:30:50Z
UgwBh3ApU0nE7relH8p4AaABAg,,False,@티모-l5k,도영아 꼭 일등 시켜줄게 시즈니만 믿어,9,2024-04-07T19:12:56Z,2024-04-07T19:12:56Z
Ugx0w-NqpubRvgze7zZ4AaABAg,,False,@leonlouis2428,"it's disney ost? so cool woahhhhh kim doyoung quality no joke
Doyoung's debut: a symphony of talent, passion, and sheer excellence
can't wait",5,2024-04-07T18:55:47Z,2024-04-07T18:55:47Z
UgxevF0PdateXH4O3El4AaABAg,,False,@0825146090,We are finally getting our Douyoung 😭😭😭💖💖💖💖🥰🥰🥰🥰😁✌️🇿🇦🇿🇦,1,2024-04-07T18:48:49Z,2024-04-07T18:48:49Z
UgwMStVqR-saf23JI5B4AaABAg,,False,@tk-dd3ji,君の名は的な,1,2024-04-07T18:21:43Z,2024-04-07T18:21:43Z
UgwybkQ1WC0Sis17W-t4AaABAg,,False,@VickyChen-lb7fq,I promise I will listen your song until I die 🥹,2,2024-04-07T18:19:08Z,2024-04-07T18:19:08Z
UgzbBH7kpWsrnUXcWAl4AaABAg,,False,@VickyChen-lb7fq,I can't deny that it's the first time I listen to your voice. My heartstrings are touched by you. Your voice is like a refreshing spring trapped in the desert. I admit that at that moment I found that I couldn't live without you. You are so beautiful and pure that you deserve to be cherished and loved by everyone.❤❤❤,2,2024-04-07T18:17:48Z,2024-04-07T18:17:48Z
UgzdMjNE7nqYZ1SadTN4AaABAg,,False,@VickyChen-lb7fq,You save my life make me try anything I can’t do in the past,2,2024-04-07T18:09:20Z,2024-04-07T18:09:20Z
Ugxb146xrVUUIIlwrbV4AaABAg,,False,@VickyChen-lb7fq,You are the April day in the world.😊,1,2024-04-07T18:06:14Z,2024-04-07T18:06:14Z
UgwVHEiV-QLFce-dFGd4AaABAg,,False,@VickyChen-lb7fq,I will always be intoxicated by your voice,0,2024-04-07T18:04:39Z,2024-04-07T18:04:39Z
UgyIs9QBqu1N7rjOM-N4AaABAg,,False,@VickyChen-lb7fq,"The piano in the front is soothing, and then the arrangement is like an elf jumping. The rhythm accelerates and becomes powerful. It's exciting. The sound is really good and great. This is the song that doyoung participated in the creation and has devoted a lot of effort. It really makes me to tears. Please take care of this solo. Thank you for appearing in doyoung 😢😢😢❤❤❤❤",1,2024-04-07T18:02:22Z,2024-04-07T18:02:22Z
UgwbbWhe7vH2u7lHu6R4AaABAg,,False,@잉잉-t5j,とてもすてきな歌と映像でドヨンにとても似合っています❤,2,2024-04-07T18:00:57Z,2024-04-07T18:00:57Z
Ugw0EP4tMKRHKn-7EA14AaABAg,,False,@VickyChen-lb7fq,"Doyoung, your voice heals all my haze.❤❤❤😢😢😢",0,2024-04-07T17:54:24Z,2024-04-07T17:54:24Z
Ugwo1e5UN9Nh_q1YfGl4AaABAg,,False,@br-tallyh0nest,This is GORGEOUS!! We’re here to support you Doyoung 🫶🫶🫶,0,2024-04-07T17:47:40Z,2024-04-07T17:47:40Z
UgyvrU0WIZeJpKAG9Hx4AaABAg,,False,@Dohoonuppp,要单曲循环这段预告十几天了……特别好听🥲,0,2024-04-07T17:35:58Z,2024-04-07T17:35:58Z
UgwJK3ehmpsPQACgEKJ4AaABAg,,False,@ekaputririsiyani9516,woahhhhh yoksi Kim doyoung,0,2024-04-07T17:25:51Z,2024-04-07T17:25:51Z
UgzJYjiGb-UUaeEic7R4AaABAg,,False,@smackdowntofu188,the tracklist has been revealed and doyoung is the only one credited as lyricist for this song... i can't wait to listen to the full song and feel the sincerity of singer doyoung in this song and the rest of the album <3,4,2024-04-07T17:23:34Z,2024-04-07T17:23:34Z
UgzVDvwoafodnlsIbZ14AaABAg,,False,@itsmeberlin,omg kaka doyoung 😭🫶🏻🩷,0,2024-04-07T17:17:33Z,2024-04-07T17:17:33Z
Ugw6hs86jqNvbjlnXul4AaABAg,,False,@hihowdy5814,It's gonna be the album of my life,2,2024-04-07T17:14:45Z,2024-04-07T17:14:45Z
UgyxX00qzcwgaIO9r714AaABAg,,False,@soojin0813,"도영오빠 .. 진짜 나 에게 너무 큰 선물을 주는구나 내가 받아도 될 지 모르겠어 
이 노래에 뭔가 행복하고 다짐한 느낌도 나면서 슬픈 느낌도 나는 거 같아 말그대로 청춘 말이야 아파도 청춘 행복해도 청춘.. 오빠의 청춘이 너무 아프지만은 않았었으면 좋겠다 행복해야해 내가 너무 사랑해..",6,2024-04-07T16:45:11Z,2024-04-07T16:45:11Z
UgwVLEpQwLhNFwyaknx4AaABAg,,False,@naou4734,こんなに短いのに、ドヨンの歌声と素敵なメロディ🎵に鳥肌と涙が出てきました🥹,3,2024-04-07T16:36:20Z,2024-04-07T16:36:20Z
Ugw7xlHJCoWkpQ44A4V4AaABAg,,False,@오뎅좋아,"진짜
좋다",1,2024-04-07T16:34:46Z,2024-04-07T16:34:46Z
UgzxJBRwk1rnLE7PlnJ4AaABAg,,False,@AYELLOW-zw2el,도영이가 내 가수라는게 너무 벅차고 소중하고 행복해ㅠㅠㅠㅠ,5,2024-04-07T16:30:40Z,2024-04-07T16:30:40Z
UgwhXn7TSyoxMGx_KRB4AaABAg,,False,@RUJU-f6f,노래 너무 좋아ㅏㅏ 목소리 어칼거야.ᐟ.ᐟ.ᐟ.ᐟ.ᐟ.ᐟ,2,2024-04-07T16:28:21Z,2024-04-07T16:28:21Z
UgxiEWshn383QAG8o854AaABAg,,False,@ekdus2012,도영아~~~댓글 보고있냐~~~너 진짜 행복하고 소중한 사람이야 짜샤 ㅋㅋㅋㅋㅋㅋ 역시 좋은 사람은 다들 알아보고 좋아해주는구나,392,2024-04-07T16:24:29Z,2024-04-07T16:24:29Z
Ugzxz5OfPvTrV_lvcjB4AaABAg,,False,@loove9730,Kim Doyoung fighting,0,2024-04-07T16:22:10Z,2024-04-07T16:22:10Z
Ugw-itcVYFshwWw7sI14AaABAg,,False,@Dn6f,우리 도영이는 뭐든 허투루 말하는 법이 없찌 한다면 하는 애지!,1,2024-04-07T16:19:36Z,2024-04-07T16:19:36Z
UgxQSyTprgr0gmomNjd4AaABAg,,False,@Glgl123,"단독작사와 작곡에 참여했다는 소식을 듣고 다시 들으러 왔어요.
온세상을 가득 벅차게 노래할거라는 가사가 얼마나 노래에 진심인지 보여주는거 같아요
4/22일 솔로 나옵니다 많관부",77,2024-04-07T16:18:45Z,2024-04-07T16:18:45Z
UgwYW0eP61GjN6P2sKR4AaABAg,,False,@민킨,"도영아, 우리 서로가 서로에게 청춘이네",5,2024-04-07T16:18:20Z,2024-04-07T16:18:20Z
UgyozWNjxpnyjjP6wtp4AaABAg,,False,@joshvilla4325,I'm so excited to hear your album Doyoung!! So proud of you!!🐰💙,2,2024-04-07T16:13:49Z,2024-04-07T16:13:49Z
UgwaOG8LrdIillQK5zJ4AaABAg,,False,@tangerine_jay,진짜 소름 엔시티의 엔터테이너,3,2024-04-07T16:13:42Z,2024-04-07T16:13:42Z
Ugzc3rAHseUyFsGHWpB4AaABAg,,False,@Dn6f,이노래 도영이 단독 작사라구??? 한단어 한단어 꼭꼭 씹어먹듯이 새겨야지,5,2024-04-07T16:13:17Z,2024-04-07T16:13:17Z
UgyKGTNQZZmR3V6XmwR4AaABAg,,False,@ppxls9589,ไปค่าคิมดงยอง ไฟ้ติ้ง,0,2024-04-07T16:11:59Z,2024-04-07T16:11:59Z
UgwTwWuc0BuqJap5WJN4AaABAg,,False,@zeoradnly3350,doyoungie thank you so muchhhh,0,2024-04-07T16:10:36Z,2024-04-07T16:10:36Z
UgzJpdoWVp4hR2VFH9t4AaABAg,,False,@Finopmasyiue,Good job doyoung😍😍😍,0,2024-04-07T16:09:23Z,2024-04-07T16:09:23Z
Ugxu_-lKBk6ywUgsEDx4AaABAg,,False,@눈누난나-t6l8c,도영이가 직접 쓴 가사하는걸 알고 들으니까 더 도영이가 우리한테 보여주고 싶은게 뭔지 보여서 좋은 것 같아:) 좋은 노래 써줘서 너무 고마워 도영아💚💙,9,2024-04-07T16:05:52Z,2024-04-07T16:05:52Z
UgyxeERwruNC0n-SHEl4AaABAg,,False,@dsyuxn,김도영이 나라고 법이다,3,2024-04-07T16:04:37Z,2024-04-07T16:04:37Z
UgwEwBnAgsHUHEcWRUl4AaABAg,,False,@Kkingkkang-21,도영이 단독 작사라니 ㅜㅜㅜ 미춌더,9,2024-04-07T16:00:01Z,2024-04-07T16:00:01Z
Ugy7GZH1DFrpt79J5h54AaABAg,,False,@yujia9297,加油啊宝宝,0,2024-04-07T15:58:54Z,2024-04-07T15:58:54Z
UgwHvF2dpcGva6BcwXd4AaABAg,,False,@Mr-hj2em,마이데인데 너무나 밴드음악 벅참 까라라 못 나가고 있음......22일 언제기다려 빨리 나와주세요 ㅠㅠㅠㅠㅠㅠㅠㅠㅠㅠㅠㅠ,43,2024-04-07T15:48:29Z,2024-04-07T15:49:32Z
Ugxm0l4GRjpD61xVmi14AaABAg,,False,@dearmydy,풀버전 언제 나오는데 나 22일까지 어케 기다리는데 어카라고 우뜨카라고 내가 어떻게 5년이나 기다린 앨범인데 진짜 누가 나 기절 좀 시켜 주세요 제발요......,5,2024-04-07T15:46:59Z,2024-04-07T15:46:59Z
UgwRnsI0a2LxltPheJh4AaABAg,,False,@왈왈왈왈왈왈오리,진짜… 조원상 느낌난다…🥺🥺🥺,0,2024-04-07T15:44:59Z,2024-04-07T15:44:59Z
UgxDIzqyrveQlN2IYP94AaABAg,,False,@지니-n4i,노래 듣고 너무 좋아서 소름 돋았고 뭉클했어요💕요즘 너무 힘들었는데 노래가 나를 위로해주는 것 같아 울컥했어요 빨리 노래 나왔으면 좋겠다💚,5,2024-04-07T15:41:46Z,2024-04-07T15:41:46Z
UgzX1kSAOZOUlStlTD54AaABAg,,False,@Dn6f,"진심은 통한다는 말, 네가 우리한테 진심을 전하기까지 거쳐왔을 많은 순간들이 다 기분 좋은 추억이 되도록 우리도 열심히 해볼게. 꼭 많은 사람들한테 사랑 받았으면 좋겠다.💚",9,2024-04-07T15:40:42Z,2024-04-07T15:40:42Z
Ugw-KXqiLRZnablCIWB4AaABAg,,False,@Dn6f,내 생각보다 더 단단하고 깊은 진심을 담은 우리 도영이💚 너의 청춘을 들려줘서 고마워. 네가 예쁘게 가져온 진심 모든 사람들이 느낄 수 있게 우리도 열심히 할게 🩵,10,2024-04-07T15:38:23Z,2024-04-07T15:38:23Z
UgyvBNxQ5ey9xsK6fY54AaABAg,,False,@user-ve7bm6gq8h,"도영이 단독 작사에 작곡 참여했다는 소식 듣고 다시 들으러 왔어. 도영이가 소개하고싶은 도영이가, 도영이의 음악이, 그리고 우리와 함께 했던 너의 청춘은 이런 모양과 색이구나. 반가워 도영의 청춘아.",54,2024-04-07T15:34:25Z,2024-04-07T15:34:25Z
UgyIM_GhKmwnWPGu5oJ4AaABAg,,False,@400년만나자,너무 이쁜노래다…,3,2024-04-07T15:31:28Z,2024-04-07T15:31:28Z
UgyIOhbRTLgk0Wh1NWt4AaABAg,,False,@Effysuh,"너무 좋아…
살다보니 이런 날도 오는구나
고마워…..도영아아…..🥹🥹",3,2024-04-07T15:31:25Z,2024-04-07T15:31:25Z
Ugwhp3hMMFuUYe44XWF4AaABAg,,False,@imnotsyaka,0:52 kekny doyy terinspirasi dri anime kimi no nawa 😅,1,2024-04-07T15:23:34Z,2024-04-07T15:23:34Z
UgxXwStyOJbfm_mWTCV4AaABAg,,False,@jieunlee.,도영이 단독 작사라니 눈물 광광...,12,2024-04-07T15:20:10Z,2024-04-07T15:20:10Z
UgzBrHZq-yQczTHd54t4AaABAg,,False,@뭔소리야짜증나게뭔소,아니 도영아.. 이게 타이틀이 아니라니.. 와.. 수록곡도 이렇게 좋은데 타이틀은 얼마나 더 좋은거야? 아 기대돼.. 이 예쁜 가사가 도영이가 쓴거라니.. 더 좋아 진짜..🥹🩷,19,2024-04-07T15:13:29Z,2024-04-07T15:13:29Z
Ugx2ACqzyYI5lhFbcp14AaABAg,,False,@user-qf3qq8by3z,"도영아, 내가 같이 너와 걸을 수 있음에 감사해.
시간이 지나서 뒤돌아봤을 때 이 노래가
내 청춘의 한 조각이라 자부해.
고마워. 정말 행복해.",8,2024-04-07T15:07:02Z,2024-04-07T15:07:02Z
UgyEwFy1O71I1Vkbew54AaABAg,,False,@lovedrawater,단독 작사라니 !!!! 노래에 대한 사랑을 가득 담은 노래라는 걸 다시 깨닫고 들으니 더 좋다 도영아 ㅎㅎ,8,2024-04-07T15:05:32Z,2024-04-07T15:05:32Z
UgxLDiElVPLuxysYwYx4AaABAg,,False,@kdy323,Waiting for the new release,0,2024-04-07T14:55:12Z,2024-04-07T14:55:12Z
UgxRqrJhbyMe-GA4gFZ4AaABAg,,False,@smackdowntofu188,doyoung i really hope ‘youth’ become a huge hit 😭🙏,0,2024-04-07T14:54:16Z,2024-04-07T14:54:16Z
UgxMNLMrtNbNNw0Rh_h4AaABAg,,False,@hyj7896,진짜 벌써좋아요 .. 너무 기대된다 도영아ㅠㅠㅠ,2,2024-04-07T14:41:53Z,2024-04-07T14:41:53Z
UgzPnEji715KAm6YPeR4AaABAg,,False,@한올-f4z,에스엠 잠입해서 곡 빼오고 싶을 정도로 당장 듣고 싶음 도영이랑 범죄자인 상태로 만나고 싶진 않아서 몰래 보내주시면 안될까요 창문 문 다닫고 저 혼자만 이불 다섯겹 뒤집어쓰고 들을게요 제발요 진짜로,3,2024-04-07T14:41:46Z,2024-04-07T14:41:46Z
UgyJwM_k87t5WNiRUb94AaABAg,,False,@darkchochonute,🐰💙💙,0,2024-04-07T14:37:37Z,2024-04-07T14:37:37Z
UgyP9KJc2_kyef93uOp4AaABAg,,False,@pokapoka264,ㄹㅇ 갓레전드솔로활동의 시작으로 이만큼 적합한 곡과 영상이 있을까,4,2024-04-07T14:24:25Z,2024-04-07T14:24:25Z
Ugz6RgJ8Oo8i-5EsCgJ4AaABAg,,False,@nalvsme,whoaa I can't wait!!!,0,2024-04-07T14:19:51Z,2024-04-07T14:19:51Z
UgzHYkk_bJQezpPk9H14AaABAg,,False,@tidlslxoxo,선공개 해주시면 안될까요 지금 1분30초짜리 영상을 몇번 봤는지 …,5,2024-04-07T14:19:22Z,2024-04-07T14:19:22Z
UgwYnBhWkiTj5A3e8Gt4AaABAg,,False,@하핫하-r4o,"고삼시절 내 희망이 되어준 도영아!!!
기대이상으로 상상이상으로 노래가 좋아 기대가 된다
도영 그 자체가 장르처럼 느껴져   
항상 응원할게❤",6,2024-04-07T14:19:15Z,2024-04-07T14:19:15Z
UgybPqmRI4cPC7RncU14AaABAg,,False,@oxly_rexxaxa813,진짜 살맛 난다…..,3,2024-04-07T14:14:09Z,2024-04-07T14:14:09Z
Ugx1X211ikq2T-1CSVl4AaABAg,,False,@aliasyakira5906,I'm addicted,2,2024-04-07T14:13:45Z,2024-04-07T14:13:45Z
UgydssYqgnhYY4So4W54AaABAg,,False,@alwlsqkdrk,노래 진짜 너무 좋아...들어도 들어도 안질려 얼른 완곡 듣고싶당,11,2024-04-07T14:13:18Z,2024-04-07T14:13:18Z
UgwM-mh0d97pgvAStNd4AaABAg,,False,@nyty21,"this video gave me goosebumps. the combination of Doyoung's voice, visuals, instrumental and cinematography is so beautiful",17,2024-04-07T14:11:24Z,2024-04-07T14:11:24Z
UgwS6KzqoTXB7aBtL7Z4AaABAg,,False,@nadiadelviana3119,❤❤❤❤❤,1,2024-04-07T14:09:11Z,2024-04-07T14:09:11Z
Ugx_Tk9okhenW4zrHeR4AaABAg,,False,@말랑깜장콩,22일이 얼른 왔으면 좋겠다…..,10,2024-04-07T14:09:08Z,2024-04-07T14:09:08Z
UgwwooXLqEkr80a9Cip4AaABAg,,False,@honeyynaa,SO BEAUTIFUL!!!,2,2024-04-07T14:08:30Z,2024-04-07T14:08:30Z
UgwD6hcrBes0MPV8ogZ4AaABAg,,False,@젤리-x3p,새봄의 노래 계속 맴돌아서 하루에도 몇 번씩 들어오게 돼 ... 늘 기대하게 되는 도영의 노래 얼른 플리에 청춘의 포말 앨범 담아두고 닳도록 듣고 싶다,67,2024-04-07T14:06:15Z,2024-04-07T14:06:15Z
UgwbqVpSjOod0weSFVV4AaABAg,,False,@LEE-r6d,사랑둥이야,6,2024-04-07T14:05:13Z,2024-04-07T14:05:13Z
UgzCE-jgT5EQsZNK2H14AaABAg,,False,@user-cj8wp6nu6e,도영아 더더 고집부려줘 도영이의 미감 너무 사랑해,14,2024-04-07T14:03:47Z,2024-04-07T14:03:47Z
Ugzi-UFZHEgYkEjEkUt4AaABAg,,False,@user-cj8wp6nu6e,도영이 목소리는 정말 유니크해 섬세한데 단단하고 촉촉한데 버석하고,30,2024-04-07T14:02:26Z,2024-04-07T14:02:26Z
Ugx7IXW56QZCHCYWnQ94AaABAg,,False,@lillie00lillie,도영아 너무 예뻐 나에게는 네가 새봄이고 청춘이다... 준비 많이 한 것 같아서 정말 기대되고 수고했다고 말해주고 싶어!! 너 덕분에 행복해 항상 고마워,14,2024-04-07T13:36:45Z,2024-04-07T13:36:45Z
UgwDgPcGalnkQwjnLex4AaABAg,,False,@Fullsun_2006,Que lindo 🥹 tá lindo demais mdsss,2,2024-04-07T13:33:59Z,2024-04-07T13:33:59Z
UgxtiKmi_EMoWbaQrQh4AaABAg,,False,@1likeyouS2,"피아노 반주와 함께 바다 속 도영이가 등장하고, 여러 악기가 쌓이면서 벅차게 만들다가 뚝 끊기더니 수면 위의 도영이가 노래하면서 등장하는 장면이 무한재생 된다... 청춘의 포말 속 바다가 도영이었고 밖으로 나온 도영이에게 끝없이 밀려오는 포말이 도영이의 청춘에게 있어 많은 이야기와 시련일텐데도 계속해서 노래해주겠다는 가사가 나오면서 장면 속 모든 것들을 아름답게 만들어주는 것 같아. 새봄의 뜻이 2개인데 어쩌면 도영이는 '새봄'을 맞아 '새로운 힘이 생기거나 희망이 가득 찬 시절'인 본인의 청춘을 알려주려는 것 같아서 너무 행복하고 기대돼. 늘 노래해줘서 고마워 도영아. 넌 세상에서 가장 찬란한 새봄이야.",10,2024-04-07T13:25:43Z,2024-04-07T13:25:51Z
UgzWvJ_0Mg8ScNlcwjp4AaABAg,,False,@sarahkabeya5839,My prince is he is magnificent as always listen to his voice I die I can't wait to discover his album we love you doyoung,6,2024-04-07T13:25:06Z,2024-04-07T13:25:06Z
Ugy7dYz5xZDrJxczIGB4AaABAg,,False,@Dn6f,도영이는 고집이라 했지만 그건 네가 우리에게 보여주는 진심인 걸💚 타협하지 않고 꿋꿋하게 진심으로 노래하는 도영이 자랑스러워. 언제나 한 말은 꼭 지키는 도영이. 그래서 이번에도 너의 진심을 믿고 응원할게🩵 청춘 같은 도영이 새봄 같은 도영이 응원해 💚,19,2024-04-07T13:09:42Z,2024-04-07T13:09:42Z
UgxbguHhGBdVWvbCLLd4AaABAg,,False,@Dn6f,김도영 자기가 하고 싶은 거 하는 거 진짜 멋있다💚 그만큼 실력이 있으니까 그런거겠지? 사랑해💚🩵💚,4,2024-04-07T13:05:19Z,2024-04-07T13:05:19Z
Ugye6pHHjd8Z9eckT3d4AaABAg,,False,@doyochie,the song was only 25 seconds but I'm already obsessed with it.... really can't wait for the whole album to be released,24,2024-04-07T13:01:18Z,2024-04-07T13:01:18Z
UgyOpKTqtHewC_kXYTd4AaABAg,,False,@서연-r5r,리무진 서비스부터 내 귀를 아주 김도영으로 물들여버리는구나,12,2024-04-07T12:58:40Z,2024-04-07T12:58:40Z
UgwEYPwsTiRP3fSMyYh4AaABAg,,False,@서연-r5r,도영아 너 이렇게 열심히 살면 내 남자밖에 못돼。。。,4,2024-04-07T12:58:08Z,2024-04-07T12:58:08Z
UgwdOgZ5Ei_-5o3YFZ54AaABAg,,False,@서연-r5r,김도영 책임져 너때문에 다른 아이돌 노래가 귀에 안들어오잖아,85,2024-04-07T12:57:28Z,2024-04-07T12:57:28Z
Ugyy5MBL8PArSWxBwjZ4AaABAg,,False,@서연-r5r,이렇게 맛깔나는 노래가 인트로라니,9,2024-04-07T12:56:57Z,2024-04-07T12:56:57Z
Ugz7-2Js9OsqKc5aeEh4AaABAg,,False,@제로즈니-h3d,지금 저만 10번 째 이상 돌려보는 중인가요ㅠㅠ,34,2024-04-07T12:55:42Z,2024-04-07T12:55:42Z
Ugwvulz_BB7Y8pBRRq94AaABAg,,False,@maguma-99996,도영이 최고👍항상 행복하게 노래불러줘🥰,12,2024-04-07T12:54:52Z,2024-04-07T12:54:52Z
Ugx0ovcKm9x-ZKi-KU94AaABAg,,False,@hirokoweiwei,❤,1,2024-04-07T12:48:12Z,2024-04-07T12:48:12Z
Ugz3tfKG84dZLHE1c4Z4AaABAg,,False,@keila2948,I’m so excited omg,1,2024-04-07T12:41:52Z,2024-04-07T12:41:52Z
UgwJf46VrVhK0h1U3gV4AaABAg,,False,@do0_vx,25万播放量了！！🎉🎉,2,2024-04-07T12:39:10Z,2024-04-07T12:39:10Z
Ugz4G_Z8BGdE_MLUO5F4AaABAg,,False,@sulistiani8110,"So happy and proud of you, Doyoung!!!",2,2024-04-07T12:28:11Z,2024-04-07T12:28:11Z
Ugzctm5ILJ0aMVNDJ7F4AaABAg,,False,@aliasyakira5906,Magical song magical voice,2,2024-04-07T12:25:14Z,2024-04-07T12:25:14Z
Ugz0S_wCqZGgOHY_v5h4AaABAg,,False,@sulistiani8642,💙💙💙,2,2024-04-07T12:25:00Z,2024-04-07T12:25:00Z
UgxKkkEbsnNQ9CtmlQ94AaABAg,,False,@むんとっき,ドヨンさん本当にすごい😭この一瞬だけでも心奪われた…楽しみ,6,2024-04-07T12:23:40Z,2024-04-07T12:23:40Z
Ugy6b7Ud55QzubOtIbt4AaABAg,,False,@watermelon_jh,이 노래 들으면서 걸으면 세상이 푸르르게 느껴져🐳🪼🫧🩵,6,2024-04-07T12:16:58Z,2024-04-07T12:16:58Z
Ugw2n0xhyDPf0ltJJUN4AaABAg,,False,@dojaejung127,"Candu banget semoga doyoung solo sukses besar, promosi lancar, dan chartnya bagus aamin",3,2024-04-07T12:15:32Z,2024-04-07T12:15:32Z
UgynvAl7I-GVjcgG5854AaABAg,,False,@m1doree,도영아 고마워 넌 진짜 최고야,5,2024-04-07T12:07:21Z,2024-04-07T12:07:21Z
UgzjQgLV_P-EFodvi1l4AaABAg,,False,@february.kim-jeong,IM GONNA CRYYYYY,2,2024-04-07T12:06:48Z,2024-04-07T12:06:48Z
UgwriR6FK5rNj3eYAId4AaABAg,,False,@Ohnthr,It's magical like fantasy❤,2,2024-04-07T11:58:57Z,2024-04-07T11:58:57Z
UgyFtfOOmDWUI3qsOEF4AaABAg,,False,@Ohnthr,❤,1,2024-04-07T11:58:25Z,2024-04-07T11:58:25Z
UgxaYZMZ7RY9HwaxD-h4AaABAg,,False,@OTL-r7e,아니ㅜ더영아ㅠㅠ 노래 낼 때까지 어떻게 기다려ㅠㅠ,5,2024-04-07T11:56:57Z,2024-04-07T11:56:57Z
UgwuKTrbpqgjIo_HYaN4AaABAg,,False,@다니-e3p,도영이 솔로가 내 생일날 나오는데 정말 엄청난 선물이 될것같아 🩵🩷,10,2024-04-07T11:56:43Z,2024-04-07T11:56:43Z
UgzjeaT9IlqZbY6utKR4AaABAg,,False,@rockstaryuta,Maybe we finally will get the schedule post today,4,2024-04-07T11:51:37Z,2024-04-07T11:51:37Z
Ugz6mkOMfxPGoJGChvR4AaABAg,,False,@Abigail-su1pc,How to move on,1,2024-04-07T11:43:20Z,2024-04-07T11:43:20Z
Ugxq7RbtgVeY_ec_vy94AaABAg,,False,@hyejinhyejinoo,지나가던 왈왈이인데 노래가 너무 좋아요.... 벌써부터 심장 뜀,11,2024-04-07T11:30:15Z,2024-04-07T11:30:15Z
Ugxq7RbtgVeY_ec_vy94AaABAg.A1vrSIowXAqA1wKwlpLLZ2,Ugxq7RbtgVeY_ec_vy94AaABAg,True,@Jacky-m5n,타이틀 반딧불 원상이가 작사 작곡 했어요ㅠㅠㅠㅠ 진짜 천재 너구리.....🫢,0,2024-04-07T15:56:42Z,2024-04-07T15:56:42Z
UgxsHtz17iz9rJZ_WBJ4AaABAg,,False,@kdy323,I love how Doyoung always gives his best so many called him out of not writing his own songs but i prefer if he gives us just one song but with this quality than 100 forgettable ones,19,2024-04-07T11:24:33Z,2024-04-07T11:24:33Z
Ugxdp6RTa2G98W4vcf14AaABAg,,False,@kdy323,Can you believe Doyoung cowrote this amazing song? The quality is so great,27,2024-04-07T11:23:25Z,2024-04-07T11:23:25Z
UgxyLgFwEaawDIX_FuR4AaABAg,,False,@kdy323,The instrumental is so iconic,5,2024-04-07T11:23:00Z,2024-04-07T11:23:00Z
UgwAnV3LbX4CZE_F-5V4AaABAg,,False,@hibernatingfromlife,"22 seems so far away. I'm so excited 
I JUST CAN'T WAIT",6,2024-04-07T11:21:02Z,2024-04-07T11:21:02Z
Ugwsz0DGzGByKdK9It94AaABAg,,False,@gojomikali6005,จะมาอีกเมื่อไหร่คะ เพลงเพราะมาก อยากฟังอีกค่ะๆ มาไหมน้าๆวันนี้,1,2024-04-07T11:09:20Z,2024-04-07T11:09:20Z
UgwRB3rLYW1n2eF4Uu94AaABAg,,False,@ch_fudge,내 퇴근송.. 얼른 데뷔해줘요 도영ㅇ아,9,2024-04-07T11:08:13Z,2024-04-07T11:08:13Z
UgzI9dhjCCrupD3FNul4AaABAg,,False,@rmilana,как же ему этот концепт подходит,1,2024-04-07T10:54:01Z,2024-04-07T10:54:01Z
UgxQzzzUJSTNZDjCqJx4AaABAg,,False,@EH-eg9qi,완곡이 궁금해서 잠이 안온다구요,11,2024-04-07T10:44:02Z,2024-04-07T10:44:02Z
UgyH-Ef_1vmaLMGaKAN4AaABAg,,False,@nanaluvbinn,LA SIRENITAA,1,2024-04-07T10:43:57Z,2024-04-07T10:43:57Z
UgwUeMYbk4fUmGriSN54AaABAg,,False,@ss_4e,더비인데요.. 도영군 목소리 너무 예쁘고 마음이 뭉클해져요 곡 발매하면 스밍 돌리고 싶을만큼 좋네요 노래가🥹,131,2024-04-07T10:42:00Z,2024-04-07T10:42:00Z
UgwUeMYbk4fUmGriSN54AaABAg.A1vlvqnxHIQA1xtvlQgGik,UgwUeMYbk4fUmGriSN54AaABAg,True,@Etude-dream,노래 나오면 많이 들어주세요! 감사합니다 ❤,4,2024-04-08T06:30:22Z,2024-04-08T06:30:22Z
UgxbctSKUptuYatX5EV4AaABAg,,False,@Lu.Murillo127,Tan tan el .. precioso ❤,1,2024-04-07T10:36:36Z,2024-04-07T10:36:36Z
UgzLovA8kggSvB1nG-x4AaABAg,,False,@kyeolul,I think I have watched this >150 times already and I'm not kidding......,14,2024-04-07T10:34:37Z,2024-04-07T10:34:37Z
UgzuDXL6WKRnJHTbzgB4AaABAg,,False,@cookiesjam,You're always gonna be my saviors,3,2024-04-07T10:29:59Z,2024-04-07T10:29:59Z
UgzYrippobPb9Zj1Y654AaABAg,,False,@cookiesjam,You're always gonna be my saviors,3,2024-04-07T10:27:25Z,2024-04-07T10:27:25Z
Ugz_pxLmFZRwojh8pMJ4AaABAg,,False,@cookiesjam,Beautifull voice with beautifull visual,6,2024-04-07T10:26:13Z,2024-04-07T10:26:13Z
UgzlCPgwEYI8a2j824N4AaABAg,,False,@kavitakuril6773,The fact that Doyoung was my first bias from 127 i always love Doyoung and his voice ♡,6,2024-04-07T10:24:41Z,2024-04-07T10:24:41Z
UgzeAoT6f4cOuJj2_rp4AaABAg,,False,@diajengramadhani8806,좋아요,2,2024-04-07T10:23:36Z,2024-04-07T10:23:36Z
Ugy7tb9SmwCD2WeoI2F4AaABAg,,False,@nchh-i3i,Wowowowowowoowow,1,2024-04-07T10:04:12Z,2024-04-07T10:04:12Z
UgxnzUelVrtBRCTLhe94AaABAg,,False,@berryverryiloveu,와.....와와...,5,2024-04-07T09:23:48Z,2024-04-07T09:23:48Z
Ugyk_ZxU-IicZoI5pHd4AaABAg,,False,@smackdowntofu188,"if you think i've moved on from this intro film, you're absolutely wrong",37,2024-04-07T09:02:30Z,2024-04-07T09:02:30Z
UgxOZpZp76-kf5T2mcZ4AaABAg,,False,@dodododoooo21,또 들어…얼른 완곡 듣고싶다ㅜㅜㅜ,14,2024-04-07T08:41:20Z,2024-04-07T08:41:20Z
UgxuyFlCIhqjtRQkdNJ4AaABAg,,False,@민세연-w9n,SM 나만 몰래 좀 일찍 보여주면 안 되냐 그때까지 어떻게 기달려😢,84,2024-04-07T08:27:59Z,2024-04-07T08:27:59Z
UgyRnzU-rrIJ0Ize-jd4AaABAg,,False,@MfQtaesankitty,BEAUTIFUL⯎💗,3,2024-04-07T08:26:32Z,2024-04-07T08:26:32Z
UgxboSwSkMEnEfD8dGZ4AaABAg,,False,@2umm3r,빨리 보고 싶다 천사야,3,2024-04-07T08:25:09Z,2024-04-07T08:25:09Z
UgyJSwOOJQIvQdr378B4AaABAg,,False,@Meowww_0201,"도영아 항상 너의 노래로 행복을 느끼게 해줘서 고마워 내가 이렇게 많은 행복을 받아도 되는건가 싶을 정도야
하지만 비로소 너를 통해 완성되는 너만의 노래는 그 누구보다 도영이에게 많은 위로와 행복이 되었으면 좋겠다
어떤 날은 특별한 날일수도, 어떤 날은 평범한 날일수도 있겠지만 너의 매일이 걱정없이 마무리되는 하루이길 바라
나도 나의 자리에서 늘 너의 청춘을 응원하고 있을게 어제도 오늘도 내일도!
노래해줘서 진심으로 고마워",33,2024-04-07T07:34:35Z,2024-04-07T07:35:28Z
Ugww0p34tH5dj9zPf4l4AaABAg,,False,@alessitv_,Se aproxima otra obra de arte♡,2,2024-04-07T07:18:18Z,2024-04-07T07:18:18Z
UgxpHcKfvLVYQG1q8414AaABAg,,False,@nakayumoto2697,"Be healthy, my shining star Doyoungie. Really looking forward to the release of your solo debut album~~~",6,2024-04-07T07:00:41Z,2024-04-07T07:00:41Z
UgxQcmxVfluAndz4Q-h4AaABAg,,False,@ki-yoswishwp483,ドヨチの歌は期待していましたが、彼に付き纏う少女時代のテヨンに近づかないでと再三言ってきたのに、アルバム参加等の付き纏い行為とSMのパワハラ行為をいい加減止めて下さい！私を傷つけ続け、冒涜行為を止めて下さい！,1,2024-04-07T06:53:24Z,2024-04-07T06:53:24Z
UgwasG0Zt4CVBbw1ehJ4AaABAg,,False,@ingridvzr,So excited to have a full album from my favorite boy,7,2024-04-07T06:53:01Z,2024-04-07T06:53:01Z
UgzF9pfqYUjbvcqvA9p4AaABAg,,False,@sandracarroll3501,My ultimate bias. My heart is so happy it's about to explode. HIS VOICE.....,9,2024-04-07T06:38:14Z,2024-04-07T06:38:41Z
UgzsPZN9--HCQ0fHNJZ4AaABAg,,False,@doyamond,doyoung fighting,3,2024-04-07T06:38:00Z,2024-04-07T06:38:00Z
Ugwx09O8XQUpBOVyKZ94AaABAg,,False,@최윤아-i1p,도영아 너 덕분에 요즘 너무 행복하다 진짜,11,2024-04-07T06:27:55Z,2024-04-07T06:27:55Z
UgxDL2QXJnT7akB7EDl4AaABAg,,False,@nitarahma416,doloo sukses besaar❤,3,2024-04-07T06:13:15Z,2024-04-07T06:13:15Z
UgwPGfNbj2I8F6Pdh9h4AaABAg,,False,@mloiognht,너무 짧아 음원 언제나와ㅠㅠㅠㅠㅠㅠㅠㅠㅠㅠㅠ 영상이 안끝나여 며칠째 여기 갇혀있어.......🫠,43,2024-04-07T06:10:24Z,2024-04-07T06:10:24Z
UgxFnxTGWaU-wUm3TxB4AaABAg,,False,@exo-lnctzeninspiritalwaysi1098,I'm repeating this over and over,7,2024-04-07T06:05:29Z,2024-04-07T06:05:29Z
UgxdPSgRWpqRtjj5jst4AaABAg,,False,@bellovebya4661,Dodo fighting,2,2024-04-07T05:45:11Z,2024-04-07T05:45:11Z
UgxD-jEamHuFvXJTyMR4AaABAg,,False,@user-ku8djsi1dj0,도영아 미친,3,2024-04-07T05:44:05Z,2024-04-07T05:44:05Z
UgxjRj6VpthT47TUpXp4AaABAg,,False,@문시연-r7b,와 미춌다 걍 도영아 나랑 빨리 결혼하자,2,2024-04-07T05:39:47Z,2024-04-07T05:39:47Z
Ugyk76jL7Xl2bDafSvl4AaABAg,,False,@elsarchv,DOLO sukses ya sayang,4,2024-04-07T05:29:33Z,2024-04-07T05:29:33Z
UgyyTDdgSqyfu6oBZSJ4AaABAg,,False,@김민정-y7q,"너와 나, 그리고 우리의 청춘
너무 기대된다 도영아",4,2024-04-07T05:17:06Z,2024-04-07T05:17:06Z
UgznQn6li4D8iWmHlhR4AaABAg,,False,@darkchochonute,So beautiful,1,2024-04-07T05:14:01Z,2024-04-07T05:14:01Z
UgyBG5I_sYdUEg2ZQTR4AaABAg,,False,@d00_nc.t,RAAAAA MY MAN IS GETTIING A SOLO ALBUMMM,11,2024-04-07T05:06:56Z,2024-04-07T05:06:56Z
UgzPHreAiiAmJ5du-F94AaABAg,,False,@usersdyhdus,어떤 노래를 불러도 빛나는 네가 너의 노래를 부를 때 최고로 빛나는 구나 온 세상을 노래한다는 가사가 너랑 정말 잘 어울린다 사랑해 기대할게 고마워,10,2024-04-07T05:04:57Z,2024-04-07T05:04:57Z
UgyucC1WemnDggu59s94AaABAg,,False,@Fansbase183,"Doyoung, when you go to Indonesia ❤❤",4,2024-04-07T05:04:05Z,2024-04-07T05:04:05Z
UgxF0JdcrXYc_wiKtfJ4AaABAg,,False,@은채-o3t,진짜 도영아 디즈니 노래 같아 너무 좋아 김도영 스타일 너무 청량..🌸🌸🌸❤❤,5,2024-04-07T05:02:32Z,2024-04-07T05:02:32Z
Ugx4ZF4pc6jdhPjKE5p4AaABAg,,False,@sirak-tp5xz,너무 예뻐요😭💚💚기대돼요^^ ～,4,2024-04-07T04:48:43Z,2024-04-07T04:48:43Z
Ugx5AY0HgV278Fwunxl4AaABAg,,False,@Juliazizah12,"Congratsss for your solo debut, i hope you always success❤",3,2024-04-07T04:34:26Z,2024-04-07T04:34:26Z
UgyfOEeWijfBBf1Zg4F4AaABAg,,False,@kyeolul,"I'm back here again... I just can't help but keep replaying this intro film over and over again. This is such a beautiful and breathtaking intro film - from the scenery, effects, transitions, to the song itself that gives off Disney-vibes and Doyoung's incredible voice. Doyoung has truly ""Doyoung-ed"" again. This concept fits him so well, and I really can't wait for the full album to be out so that we can all appreciate his singing and artistry even more. So glad to also see the positive response from the GP to this!",10,2024-04-07T04:31:44Z,2024-04-07T04:31:44Z
Ugw4zZdibe3UsltT0fd4AaABAg,,False,@mutiarasahitadwiazzahra5908,indah banget bener bener definisi doyoung,1,2024-04-07T04:29:57Z,2024-04-07T04:29:57Z
UgwwTe5Ny5M5GxqAjtF4AaABAg,,False,@_cursaaa_1096,"what an anime is this,,,, i love you doyoung",2,2024-04-07T04:02:51Z,2024-04-07T04:02:51Z
Ugw0n-YQYfY97knvv7F4AaABAg,,False,@vaneesza,DOYOUNGGG,2,2024-04-07T03:51:55Z,2024-04-07T03:51:55Z
UgxQ4HEIM8wz23euc1h4AaABAg,,False,@jeongjee.2,"나만의 도리얼,,,, 나만의 도네즈 켄시,,,,,,사랑해",7,2024-04-07T02:54:42Z,2024-04-07T02:54:42Z
UgynqG1X85Q3tZ0qzJd4AaABAg,,False,@anjoalimario,So proud of my ult NCT bias!,6,2024-04-07T02:53:54Z,2024-04-07T02:53:54Z
Ugwq_Zwj9dFzSZWpyaZ4AaABAg,,False,@유연-t2c,0:38,2,2024-04-07T02:43:33Z,2024-04-07T02:43:33Z
UgwwKMU5yoXhookbm6h4AaABAg,,False,@nana-wv2pd,アリエルドヨン最高,4,2024-04-07T02:29:18Z,2024-04-07T02:29:18Z
UgyBPl1HHR58xVdZCq14AaABAg,,False,@slmyoung,"Can't wait to 22 april, please come faster, this is so so so good",4,2024-04-07T02:26:24Z,2024-04-07T02:26:24Z
UgztNxYM1Qq8QPDAZYN4AaABAg,,False,@do0s21,"음악은 참 위대한 힘을 가진 것 같아 그중에서도 도영이의 노래는 말야.. 내가 인생을 살면서 가장 힘든 순간을 마주할 때 찾아와줬고, 난 그 고비를 이겨낼 용기를 가지게 되었어. 온 세상 가장 벅차게 노래할 너를 온 우주가 응원하니, 도영이는 근심 걱정 내려놓고 즐겁고 행복하게 노래를 불려주렴🤍🩵✨🍀",18,2024-04-07T02:23:38Z,2024-04-07T02:23:38Z
UgwzZB95RTZQ4XrIxsl4AaABAg,,False,@smackdowntofu188,i keep coming back to watch this intro film because i just can’t get enough! can april 22 comes any sooner??,4,2024-04-07T02:23:30Z,2024-04-07T02:23:30Z
UgweJ5Fy776O7UQHXRB4AaABAg,,False,@yawncodes,everything is so pretty,4,2024-04-07T02:17:08Z,2024-04-07T02:17:08Z
Ugy_gIFT2K4cTw151tl4AaABAg,,False,@kdy323,If this is just a bside imagine how great the album and title track will be? The quality of this is amazing the instrumental doyoungs voice just masterpiece,8,2024-04-07T02:07:05Z,2024-04-07T02:07:05Z
UgxrVq_QNCAIyhxj-Sx4AaABAg,,False,@ciceroble7215,OMGGG THIS IS SOOO AMAZING,1,2024-04-07T01:56:02Z,2024-04-07T01:56:02Z
UgyqqpIRGFqrUlDTyMB4AaABAg,,False,@user-py3or8tf4l,도영아 너가 내 이무진이고 아이유다 진짜 미쳤어....,15,2024-04-07T01:48:39Z,2024-04-07T01:48:39Z
UgxYElMtCEOB54uPXId4AaABAg,,False,@withsuim,명곡의 느낌이 강하게 난다… 응원합니다!,47,2024-04-07T01:37:08Z,2024-04-07T01:37:08Z
UgyVY6xwrYrU01tvPrh4AaABAg,,False,@Jjaejjaeddo,청춘을 예쁘게 담아 빚어낸 목소리가 있다면 그게 동영이 목소리가 아닐까 노래해 줘서 고마워 동영아♡,26,2024-04-07T01:25:55Z,2024-04-07T05:33:36Z
Ugz9As97oQ4-Uc3dwzh4AaABAg,,False,@doyamond,beautiful voice 😍,3,2024-04-07T01:16:16Z,2024-04-07T01:16:16Z
Ugwzd3LvuF5oAWgvFd14AaABAg,,False,@luvingtytrck,IM SO EXCITED!!!!!!,2,2024-04-07T01:10:18Z,2024-04-07T01:10:18Z
UgxzcFnGQoiwTUiDj594AaABAg,,False,@doyitolover,THIS GONNA BE AOTY 🎉🎉🎉🎉🎉💘❤️‍🔥,2,2024-04-07T01:03:44Z,2024-04-07T01:03:44Z
UgyxxuGHeioY5FrexXh4AaABAg,,False,@isabelmaytezamoraramirez,"Doyoung.... por un momento pensé que era un documental y pensé que era una colaboración, pero es más hermoso porque me recordó a los seres vivos que están en peligro a causa del hombre y eso me puso triste pero además, fue realmente lindo que escogieras este tema porque tu voz suena realmente bien y el nombre del albúm es muy significativo, no esperaba algo así, Doyoung tu voz brillará aún más con este tema!!!",4,2024-04-07T00:36:38Z,2024-04-07T00:36:38Z
UgxGp6JEBv_ieBZeebJ4AaABAg,,False,@Wanggamja_1112,도영아 귀호강 고맙다😢😢,4,2024-04-07T00:09:43Z,2024-04-07T00:09:43Z
UgxLeQUKnWRmuzpe6ql4AaABAg,,False,@yuyu_cococo,울 도영이 화이팅❤❤❤❤,4,2024-04-06T23:17:27Z,2024-04-06T23:17:27Z
Ugwkz1fwyeYoqni3eIV4AaABAg,,False,@hibernatingfromlife,"it's so beautiful. 
it definetly has the disney feels, i am so excited. 
His voice sounds amazing",25,2024-04-06T22:57:49Z,2024-04-06T22:57:49Z
UgxJzEJ7wy3BGCGHbOx4AaABAg,,False,@dal-moon-1k,몇초안되는데도 이걸 계속 듣고있네.. 완곡 언제 나오냐,30,2024-04-06T22:55:34Z,2024-04-06T22:55:34Z
UgzgdtUYIluvUICK0GJ4AaABAg,,False,@sasasaya1873,Pretty voice,0,2024-04-06T22:47:56Z,2024-04-06T22:47:56Z
Ugw3A4Asv0sOYByOXVZ4AaABAg,,False,@antoniaskz7503,"Esta preciosa intro merece estar en un kdrama, porque es precioso y el hermoso Doyong su voz es increible!!!👌🏻💞",3,2024-04-06T22:31:36Z,2024-04-06T22:31:36Z
Ugy-DsjeJtLUFCE_9yF4AaABAg,,False,@ayml0701,He sounds so good!!!! I can imagine DY's face being so emotional while singing the song ❤,5,2024-04-06T22:18:19Z,2024-04-06T22:18:19Z
Ugz9zLQdrBid6cu_QlR4AaABAg,,False,@Dn6f,새봄이랑 청춘에 최적화된 목소리 김도영💚,12,2024-04-06T22:08:22Z,2024-04-06T22:08:22Z
UgzMcOsbL3rlBTnvXd14AaABAg,,False,@hahaha3796,왜 이렇게 눈물이 나냐ㅠㅠㅠ 도영아 너무 좋다.... 마지막에 씨디 모양으로 나오는 거 감동쓰..,12,2024-04-06T22:00:15Z,2024-04-06T22:00:15Z
UgzNn8s6RFikRhzicaB4AaABAg,,False,@ollie_jollie_w,Your number 1 fan Junee sent me here,1,2024-04-06T21:53:58Z,2024-04-06T21:53:58Z
Ugxb1h-szx2g0EnLpkZ4AaABAg,,False,@Nekonaa,Your number 1 fan Junee sent me here,5,2024-04-06T21:52:12Z,2024-04-06T21:52:12Z
Ugxb1h-szx2g0EnLpkZ4AaABAg.A1uOpj4qxSNA1uPCFiJ8Ai,Ugxb1h-szx2g0EnLpkZ4AaABAg,True,@Nekonaa,All hail,1,2024-04-06T21:55:25Z,2024-04-06T21:55:25Z
UgwRsWPun3yNJmTy0QN4AaABAg,,False,@kiakia4776,이노래 먼저 선공개해주면 안되나요.. ?ㅜㅜㅜㅜㅜ,10,2024-04-06T21:45:18Z,2024-04-06T21:45:18Z
UgzPCcREpK6g_WA2Jnx4AaABAg,,False,@jnkjungdy9052,So beautiful,0,2024-04-06T21:38:40Z,2024-04-06T21:38:40Z
UgzkJybLY6iQem-8Pil4AaABAg,,False,@dongkyute,His voice is made for these type of songs ❤,3,2024-04-06T21:21:08Z,2024-04-06T21:21:08Z
UgyQ5AbgoatM7RcZNqp4AaABAg,,False,@dongkyute,ITS A BALLAD YAY,0,2024-04-06T21:19:51Z,2024-04-06T21:19:51Z
UgzzT7N0NoillLNfT514AaABAg,,False,@lucassilva-ec9ti,amoo o querido,0,2024-04-06T20:22:34Z,2024-04-06T20:22:34Z
Ugzo0mkU6Tfm0DQTHxF4AaABAg,,False,@asya8715,So excited for the full song,1,2024-04-06T20:10:11Z,2024-04-06T20:10:11Z
UgyJN0412y6_p12R_lV4AaABAg,,False,@aqilakhaliesa8957,"Doyoung, i'll always support you",9,2024-04-06T20:08:19Z,2024-04-06T20:08:19Z
Ugyq7J0AQaXxyYMgay94AaABAg,,False,@bellovebya4661,250k soon,2,2024-04-06T20:06:53Z,2024-04-06T20:06:53Z
UgwT_horYoxtWHSTDsJ4AaABAg,,False,@waraqras419,เพลงเพราะจังเลยค่ะ❤,1,2024-04-06T20:04:33Z,2024-04-06T20:04:33Z
UgxPFMlLb7q1sAK9Aqh4AaABAg,,False,@aqilakhaliesa8468,So pretty,6,2024-04-06T19:35:33Z,2024-04-06T19:35:33Z
UgztQaT9bSNeChL_po54AaABAg,,False,@noraiharun1819,The song so beautiful like doyoung,3,2024-04-06T19:34:31Z,2024-04-06T19:34:31Z
UgzOOnaK4tg8MPMAve54AaABAg,,False,@hibahiba-kl9mb,احبك ❤❤❤❤❤❤❤❤,1,2024-04-06T19:11:11Z,2024-04-06T19:11:11Z
UgwaBiJygADUS0186Ql4AaABAg,,False,@KOTORI-oc6dz,ارنوبنا دويو احبك❤❤❤ الاغنية رائعة 😢😢😢,0,2024-04-06T18:57:10Z,2024-04-06T18:57:10Z
UgzPQnzzKRo9MVP90Ix4AaABAg,,False,@LRwer,it's like a disney movie 🥺,6,2024-04-06T18:30:41Z,2024-04-06T18:30:41Z
Ugy8FbA6wyf_AyD-BWp4AaABAg,,False,@neogotmyback5506,OLDER VHS DISNEY LAND IS THAT YOU?,0,2024-04-06T18:16:21Z,2024-04-06T18:16:21Z
UgwjZ1xrpA_4qPF9XJh4AaABAg,,False,@caizhiie,im so ready for his solo,2,2024-04-06T18:00:10Z,2024-04-06T18:00:10Z
UgwuLn5PlJBzha-Myvl4AaABAg,,False,@sjy_04,"동영아 네가 내 인생의 청춘이야✨
우리의 가수가 되어주어서 정말 고마워🩵",6,2024-04-06T17:59:24Z,2024-04-06T17:59:24Z
Ugy5Zdh2i3ue4NSILZd4AaABAg,,False,@asya8715,So beautiful,5,2024-04-06T17:30:08Z,2024-04-06T17:30:08Z
Ugx8zxiLsn9Njj2xII94AaABAg,,False,@bellovebya4661,Te quiero mucho,2,2024-04-06T17:29:32Z,2024-04-06T17:29:32Z
Ugx1Ni57U0XumvwSQ_V4AaABAg,,False,@lovemazeee,도영아 나는 너의 목소리가 너무 좋아. 도영이 음색은 많은 계절을 느낄 수 있는 힘이 담겨져있는 기분이야. 서늘하면서도 따뜻한게 여름에는 덥지 말라고 시원함을 나눠주는 거 같고 겨울에는 춥지 말라고 따뜻함을 나눠주는 거 같아서 보이지 않는 계절도 다 느껴져서 너무 좋아... 도영이 노래를 들을 수 있어서 너무 너무 행복해. 도영아 늘 행복하게 노래하기를 바랄게.,63,2024-04-06T17:21:36Z,2024-04-06T17:21:36Z
UgwvMRhSumvLmc03VZF4AaABAg,,False,@정은-f6s,이번 앨범 너무 기대된다 딱 도영이 컨셉....,20,2024-04-06T17:15:42Z,2024-04-06T17:15:42Z
Ugxw28foshfQhDyoG194AaABAg,,False,@carlii_ii,Esta canción merece estar en un k-drama❤️,6,2024-04-06T16:48:13Z,2024-04-06T16:48:13Z
UgwUBMQbhXKJfmsZXD54AaABAg,,False,@lariih_,mãe natureza tá orgulhosa,2,2024-04-06T16:40:27Z,2024-04-06T16:40:27Z
UgxbcCafboiN7QwJZAp4AaABAg,,False,@everimprovinboy,"1분 30초짜리를 몇번을 봤는지 모르겠네
큰 유튜브 화면에 담기는 웅장한 화면과 도영이의 목소리, 깔리는 피아노까지
하나하나 다 도영이스러워서 너무 좋고 기대돼. 우리 최고의 보컬리스트 김도영 .. ❤ 

DOLO 화이팅 ! 새봄의 노래 다들 많관부 ..~~",31,2024-04-06T16:40:07Z,2024-04-06T16:40:07Z
Ugz7i6nRfjEHBG2G-jh4AaABAg,,False,@Nini_01027,Thank you for singing mr kim doyoung 💙,7,2024-04-06T16:37:21Z,2024-04-06T16:37:21Z
UgwAu645ZBjP1ODZNvV4AaABAg,,False,@plantitasp,Ahhhh why didn't I know this was comming out like???? Algorithm what are you doing???,5,2024-04-06T16:22:31Z,2024-04-06T16:22:31Z
UgwAu645ZBjP1ODZNvV4AaABAg.A1to6414updA1twdyJaDZJ,UgwAu645ZBjP1ODZNvV4AaABAg,True,@smackdowntofu188,"in case you're missing out, he will make his solo debut on the 22nd of april :)",5,2024-04-06T17:37:12Z,2024-04-06T17:37:12Z
UgwAu645ZBjP1ODZNvV4AaABAg.A1to6414updA1uX7rKjLKk,UgwAu645ZBjP1ODZNvV4AaABAg,True,@plantitasp,"@@smackdowntofu188 thank you, yes I had no idea",0,2024-04-06T23:04:43Z,2024-06-14T00:45:14Z
UgzqdZ3FdthF2eJvnRl4AaABAg,,False,@yteelenen,คนเก่งของแม่🐰🤲🏻🩵,1,2024-04-06T15:57:18Z,2024-04-06T15:57:18Z
UgwgZilJ78slGNNPb_R4AaABAg,,False,@user-tsra41eb21,이건 피아노 커버하면 무조건 잘 어울리겠다,10,2024-04-06T15:53:48Z,2024-04-06T15:53:48Z
UgwOhTyPkr9PoVy_2hZ4AaABAg,,False,@smackdowntofu188,"'beginning' is such a fitting title for this song, especially as it serves its purpose as an introduction to doyoung's solo debut album... i hope 'youth' can become a huge hit doyoung, may everyone listen to your beautiful voice and love it just as much as i love your voice",21,2024-04-06T15:42:34Z,2024-04-06T15:42:34Z
Ugy5Z8ZovIPr1yRZtFd4AaABAg,,False,@shi_doych,ありがとうドヨン..,3,2024-04-06T15:37:46Z,2024-04-06T15:37:46Z
UgyPOtHB1X511n3M6tR4AaABAg,,False,@tobbu201,너는 나의 새봄의 노래를 도영아,3,2024-04-06T15:34:44Z,2024-04-06T15:34:44Z
UgzaAy2Y8dF_px0Hbfl4AaABAg,,False,@hon0,良すぎる、、綺麗すぎる、、,5,2024-04-06T15:33:43Z,2024-04-06T15:33:43Z
UgyRvjwKDMfLlErLsbF4AaABAg,,False,@ladysun17xlla82,Ким Доен самый лучшый,2,2024-04-06T15:31:25Z,2024-04-06T15:31:25Z
Ugw0zIAduqkYcYvaOx94AaABAg,,False,@sugaringyun,"이 댓글을 쓸 까 말까 고민하다가 써봐!! 
도영아 나는 너의 목소리에 힐링이 되고
또 너의 목소리를 매우 좋아해 
그러니까 앞으로도 많은 노래를 들려줬으면 좋겠어!!
이번 앨범 1등 우리 시즈니들이 같이 힘을 합쳐서 해줄게!! 
도영아 앞으로 행복만 하자❤",23,2024-04-06T15:25:54Z,2024-04-06T15:25:54Z
Ugy2MGUJ0LFr39CYiVZ4AaABAg,,False,@theivydianne,"omg its so beautiful, his voice, concept and mv is like a disney fairytale!! can't wait for the release of the album!",25,2024-04-06T15:23:09Z,2024-04-06T15:23:09Z
UgyUVhQHTigRYDgviuV4AaABAg,,False,@staraerin,un verdadero príncipe de disney,2,2024-04-06T15:16:53Z,2024-04-06T15:16:53Z
UgzFeoJDra5NlAyeV6p4AaABAg,,False,@staraerin,"hermosísimo, me dio escalofríos",2,2024-04-06T15:16:39Z,2024-04-06T15:16:39Z
UgzRg8fmtTVABzkNkxh4AaABAg,,False,@영이편,도영아 오래오래 노래하자 도영이의 노래를 정말 많이 사랑해,7,2024-04-06T15:15:19Z,2024-04-06T15:15:19Z
UgwREFXmDGLjwk0UDqJ4AaABAg,,False,@成-o6k,"とても楽しみです！
ドヨンかっこいい！
予約しました！",6,2024-04-06T15:13:14Z,2024-04-06T15:13:14Z
UgxMwLwNQStEb85LfNV4AaABAg,,False,@cutebunnyhops,"I love this so much, thank you Doyoung",6,2024-04-06T15:11:53Z,2024-04-06T15:11:53Z
UgyAky8icBhOL5Z5fNx4AaABAg,,False,@nolle6692,💖💖💖,2,2024-04-06T15:11:47Z,2024-04-06T15:11:47Z
UgwLeQyFZ51tG6p94fB4AaABAg,,False,@누구쇼쇼쇼-s7n,니가 내 디즈니다.,4,2024-04-06T15:08:00Z,2024-04-06T15:08:00Z
UgzQs8_24-sKdhpYghZ4AaABAg,,False,@haddody,i keep coming back here,4,2024-04-06T15:04:25Z,2024-04-06T15:04:25Z
UgyuVVWUk2TgAzBGcZJ4AaABAg,,False,@wxshrxch,누가 폰배경이나 컴터 배경 만들어주면 좋겟어요 ㅜㅜㅜㅜ매 장면이 다 너무 이쁨,5,2024-04-06T15:04:15Z,2024-04-06T15:04:15Z
UgwWn24cBD45MPB2QuB4AaABAg,,False,@uphoria9819,아니 이게 인트로라고.. ㅠㅠ 너무 좋다.. 에스엠은 정규로 내면서 왜 홍보를 안하나 쇼케공지든 팬콘공지든 빨리 띄워라,329,2024-04-06T14:56:44Z,2024-04-06T14:56:44Z
UgzGSeMIfvjo8v-qx1V4AaABAg,,False,@CanTik-kt3zb,So beautiful,6,2024-04-06T14:54:19Z,2024-04-06T14:54:19Z
UgwyijQfiviVZFwdust4AaABAg,,False,@user-ci2jr6yg6l,도영이는 진작 솔로로 이런 컨셉 했어야 됐어… 너무 좋아서 눈물이 나온다,260,2024-04-06T14:50:42Z,2024-04-06T14:50:42Z
UgwkadO6-JGh9IwPM614AaABAg,,False,@adoring_bin,"so beautiful~ doyoung, you look so handsome and this is very lovely 💓",12,2024-04-06T14:50:39Z,2024-04-06T14:50:39Z
UgxEaoAiDmWmVlHUm5h4AaABAg,,False,@cantikcantik9905,Bagus bangetttt,5,2024-04-06T14:39:02Z,2024-04-06T14:39:02Z
Ugw216ogAQbTWqEBHc14AaABAg,,False,@jieunlee.,"새봄의 요뎡 김동영은 보아라

1. 놀토
2. 아이유의 팔레트

꼭 필참하라",8,2024-04-06T14:28:31Z,2024-04-06T14:28:31Z
UgyjLljdsGrGiU1z-KB4AaABAg,,False,@onefameislane6519,Finally doyoung solo,9,2024-04-06T14:18:14Z,2024-04-06T14:18:14Z
Ugxv49deLUKRpKgKHWt4AaABAg,,False,@김슈비-n8e,"하루에 한 번씩 보는 중……나의 청춘, 나의 새봄 도영아 사랑해",10,2024-04-06T14:17:59Z,2024-04-06T14:17:59Z
Ugw5EnMCIi1IxHdvC7t4AaABAg,,False,@aelinchains,we love u soloist doyoung,10,2024-04-06T14:16:37Z,2024-04-06T14:16:37Z
UgxIDBG-KlOmiiggMeZ4AaABAg,,False,@taniatann,it's so beauriful 🥹 fighting for your solo debut doyoung 💚,9,2024-04-06T14:13:52Z,2024-04-06T14:13:52Z
UgwHXqbQirw9pOsPI2F4AaABAg,,False,@nikuniku2341,gilsss adek gueeeeeeeee.. cakep banget suaranyaaaa..,5,2024-04-06T14:13:22Z,2024-04-06T14:13:22Z
UgyLCxjphPx77l06N9d4AaABAg,,False,@hanultemin6670,"Wow!
 Que producción!!
잘 헤써!",5,2024-04-06T14:10:00Z,2024-04-06T14:10:00Z
UgzUgPXEFjiWDH3crhV4AaABAg,,False,@dianayup90,early spring fairy doyoungie will serenade the world at the earth day!,8,2024-04-06T14:09:35Z,2024-04-06T14:09:35Z
UgxJ9esiC7LBPv6fj-Z4AaABAg,,False,@麥麥-j8x,dolo爆爆爆,3,2024-04-06T14:06:37Z,2024-04-06T14:06:37Z
Ugwxdgcb0BUWYHd318F4AaABAg,,False,@Cantikv,LETSSSS GOOOO,4,2024-04-06T14:05:18Z,2024-04-06T14:05:18Z
Ugx5roY5nKirHifZAKB4AaABAg,,False,@ainiez18242,KAJJAAAAAA DOYOUNGGG OPPAAAAAA❤❤❤❤❤❤❤,5,2024-04-06T14:00:54Z,2024-04-06T14:00:54Z
UgxTE5gl6FGKzQHIeHl4AaABAg,,False,@linabee15,Lets go DOLO,4,2024-04-06T13:58:34Z,2024-04-06T13:58:34Z
UgyMmIGqBxlvFKXWkR94AaABAg,,False,@r6h-341,"한참을 머뭇거리다
네게 닿을 것만 같아 댓글 남겨
도영아 
너의 다정한 진심은 언제나 내가 고민한 것들을 무용하게 만들고
네 시간과 걸어갈 수 있는 내 청춘의 흐름이 그 무엇보다 소중하게 해 준다
서툰 첫걸음을 같이 내딛을 순간이 너무나도 기다려져
투박한 내 청춘을 기대로 가득찬 나날로 만들어 주어 고마워
너는 얼마나 다정한 사람인지……",13,2024-04-06T13:55:51Z,2024-04-06T13:55:51Z
Ugx1Vbo4Y4S-_J05IVR4AaABAg,,False,@doyochie,PLEASE RELEASE THE FULL SONG I CANNOT WAIT ANY LONGER ㅠㅠ,7,2024-04-06T13:55:32Z,2024-04-06T13:55:32Z
Ugy0NjKA_HHTfqXwt814AaABAg,,False,@연주정-d5o,와 도영아 노래 너무 좋다ㅠㅠ 얼른 듣고 싶다 김도영 화이팅!! 노래 대박나자,16,2024-04-06T13:49:30Z,2024-04-06T13:49:30Z
Ugxd5zCwyRmpC_4iBe94AaABAg,,False,@londy3127,IM READY,3,2024-04-06T13:48:07Z,2024-04-06T13:48:07Z
UgwRrbmbJYMqZwhfjnR4AaABAg,,False,@Dn6f,너 이제 새봄의 요뎡이야💚,2,2024-04-06T13:45:26Z,2024-04-06T13:45:26Z
UgySVaMQglaMrw3hIT54AaABAg,,False,@ytvjmeih,"김도영 인어왕댜님 물 밖으로 나오실 때 목소리 잃지 않으셔서 정말 다행입니다
왜 마녀가 인어 목소리를 빼앗고 싶어했는지 이 영상을 보고 이유를 깨달았습니다",34,2024-04-06T13:44:02Z,2024-04-06T13:44:02Z
UgwoO37yTKo9krhfmox4AaABAg,,False,@mullbow,아가야…😢😢,1,2024-04-06T13:41:05Z,2024-04-06T13:41:05Z
UgwphGNnvql9QLU5ky54AaABAg,,False,@virly4746,"dpyoung suara yang manis
Dan film intro yang sangat indah.",4,2024-04-06T13:32:43Z,2024-04-06T13:32:43Z
Ugy6hDBjXQBAor1ten14AaABAg,,False,@rayanebaghriche6744,Yessss,1,2024-04-06T13:31:13Z,2024-04-06T13:31:13Z
UgyA3FBYYjqSqQxC_HV4AaABAg,,False,@YangDoDJ,빨리 보고싶다 내 봄,5,2024-04-06T13:26:54Z,2024-04-06T13:26:54Z
UgzuzUCHO7qIOwlJBw14AaABAg,,False,@뎡̤-b4u,오빠의 존재가 나의 삶의 의미야🥹🫶🏻🩵🌊🧜🏻‍♂️🫧 사랑해😭❤️,2,2024-04-06T13:22:12Z,2024-04-06T13:22:12Z
UgwvIDbwddMx6jlWF2R4AaABAg,,False,@Cantikv,Suksesss terus bb,1,2024-04-06T13:19:48Z,2024-04-06T13:19:48Z
UgxoHs8MBVDPYUNJ6AF4AaABAg,,False,@Cantikv,Fighting everyone,1,2024-04-06T13:19:29Z,2024-04-06T13:19:29Z
UgzwC-1AzQub1sslisB4AaABAg,,False,@azzayasandag-ochir9294,💚💚💚,1,2024-04-06T13:00:54Z,2024-04-06T13:00:54Z
UgxQdA9i2F75xDpBIfF4AaABAg,,False,@민주-v8p,🍀🍀🍀🍀🍀🍀🍀🍀🍀🍀🍀,1,2024-04-06T12:58:03Z,2024-04-06T12:58:03Z
UgyUW7oPQnUrfWXuI3h4AaABAg,,False,@PC-ud6lc,"영화에니?ost느낌인데
근데 화면 진짜 영화같았어 소름
전주 반주 멜로디가 진짜 너무 이쁘다 목소리두 근데 진짜 장난아니고 물속에서 청순 몽환 따뜻함을 머금은 인어왕자 느낌이랄까",101,2024-04-06T12:56:37Z,2024-04-06T12:58:39Z
UgwLgwsFodGBsEE-HgZ4AaABAg,,False,@spr._ing07,내 이름이 새봄이라서 행복하다.. 눈물이 흐른다.. 엄마 사랑해요ㅠㅠ 김동영 하루하루 행복했음 좋겠고 항상 건강만 합시다ㅜㅜ 꽃길만 걷길 사랑해 김동영&엔시티,13,2024-04-06T12:55:23Z,2024-04-06T12:55:23Z
UgwNvF0p2YQVP21Lm154AaABAg,,False,@creamsoup0403,도영이 목소리 너무 예쁘다🥹 노래가 딱 청량 청춘느낌🙈 진짜 딱 내가 찾던 노래!!,6,2024-04-06T12:45:17Z,2024-04-06T12:45:17Z
UgxDaSxlUSmOnJCNgfl4AaABAg,,False,@ezbh408,"도영아 노래해줘서 정말정말 고마워
앞으로도 오래오래 청춘을 노래해주라
나의 청춘이 되어주어 고마워 사랑해🤍",7,2024-04-06T12:31:57Z,2024-04-06T12:31:57Z
UgwKLCI3gDpWMapPkTJ4AaABAg,,False,@말랑깜장콩,자신의 청춘을 자신 있어 하는 노래로 표현하는 게.. 너무 좋다 그리고 그 청춘을 모두에게 나누는 것도…… 도영이 노래는 많은 걸 담고 많은 걸 표현하고 있어….. 도영이 노래 평생 들을래 도영아 노래해줘서 고마워,6,2024-04-06T12:29:14Z,2024-04-06T12:29:14Z
Ugy3jBneu6HxkzhJyU54AaABAg,,False,@fermillepeligrino1860,NCTzen's own little Merman 🥹🥹🥹🫤,0,2024-04-06T12:26:07Z,2024-04-06T12:26:07Z
Ugwz8-_mOhkXe0AsciF4AaABAg,,False,@MercyZimike,I was literally waiting for this doy to come. I'm so happy 😆😁🥳,0,2024-04-06T12:23:05Z,2024-04-06T12:23:05Z
UgxUvmYAIiaowuYt7GZ4AaABAg,,False,@520g3,ㅠㅠㅠㅠ풀로 듣고싶어 22일 언제와 ㅠㅠㅠㅠㅠ이 영상만 무한반복재생중😢,11,2024-04-06T12:22:52Z,2024-04-06T12:22:52Z
Ugy_MdeJv375fd7_iHh4AaABAg,,False,@유미-c5o,하루종일 봐서 영상 닳겠다.. 22일 언제오니 기다리고 있어요 오빠..,25,2024-04-06T12:12:26Z,2024-04-06T12:12:26Z
Ugyv5J6Ng9KS6HW0h7V4AaABAg,,False,@do201_,선공개 해주세요,6,2024-04-06T12:02:58Z,2024-04-06T12:02:58Z
UgwGzbHNgf_G5tKF7aB4AaABAg,,False,@km_gyeong,아니 자기야 이러면 내가 곤란해ㅜㅜ,3,2024-04-06T11:56:41Z,2024-04-06T11:56:41Z
Ugw3JR673uwz7cda8bN4AaABAg,,False,@muhammadzulfikar2047,Good luck kim doyoung,2,2024-04-06T11:45:47Z,2024-04-06T11:45:47Z
UgyesvVKJ0CjXMDT5od4AaABAg,,False,@Dokdo_is_korea,1:05 내 그립톡으로 평생 저장하고싶다,8,2024-04-06T11:22:50Z,2024-04-06T11:22:50Z
UgzE62jKd_ObnaIn1G14AaABAg,,False,@phaksubsrinurse34,그것은 내가 들어본 것 중 가장 아름다운 소리였습니다.😍🩵🩵🐰🫶🏻,11,2024-04-06T11:22:46Z,2024-04-06T11:22:46Z
Ugygn4B_wKax038QD5p4AaABAg,,False,@จ่ายจ้ายจ๊ายจ๋าย4208,🎉🎉🎉,1,2024-04-06T11:20:41Z,2024-04-06T11:20:41Z
Ugx--nW1Q2owAQ7znIJ4AaABAg,,False,@จ่ายจ้ายจ๊ายจ๋าย4208,❤❤❤,1,2024-04-06T11:20:31Z,2024-04-06T11:20:31Z
UgyO1xkESR20DuiRpvx4AaABAg,,False,@chanamonp183,Omg I really love it 😍,3,2024-04-06T11:17:59Z,2024-04-06T11:17:59Z
UgzRgFNXyD4ViYvy_O94AaABAg,,False,@nina.ng1208,I keep coming back to watch this. Waiting to April 22 is so hard now 🥹,8,2024-04-06T11:14:52Z,2024-04-06T11:14:52Z
UgznTDMT7BLxcxLmyON4AaABAg,,False,@jhdyjhdyw,아 22일까지 언제기다려요 현기증나,5,2024-04-06T10:56:10Z,2024-04-06T10:56:10Z
UgyawvVRLTYbp4MkLb14AaABAg,,False,@Doyoungson,So pretty,2,2024-04-06T10:53:13Z,2024-04-06T10:53:13Z
UgyMBTwWmzfEySlYU1R4AaABAg,,False,@soran9009,LESGO DOLOOOOO ❤‍🔥❤‍🔥❤‍🔥❤‍🔥❤‍🔥❤‍🔥,3,2024-04-06T10:51:55Z,2024-04-06T10:51:55Z
UgyLGZkbnRntX-w9c-Z4AaABAg,,False,@starwish127,So beautifullㅠㅠ Tidak sabar menunggu fullnya. Sukses teruss doyyie~<3,6,2024-04-06T10:49:32Z,2024-04-06T10:49:32Z
UgwLkz040b2VpAxl-bR4AaABAg,,False,@Jogaeringu,"에리얼 남자 버전인가요…?
노래 너무 좋다..🥹",12,2024-04-06T10:41:09Z,2024-04-06T10:41:09Z
Ugxo-uXw0FB3ShuGR-J4AaABAg,,False,@haribongg,"진짜 좋다.. 도영이랑 너무 잘어울리고 목소리랑도 진짜 잘어울려,,,",8,2024-04-06T10:38:17Z,2024-04-06T10:38:17Z
Ugx5SSQ-1S7ZWDNO7-Z4AaABAg,,False,@박세은-r8l,어디까지 더 발전할꺼야 미쵸따 도영아ㅜㅜㅜㅜㅜㅜㅜㅜ,8,2024-04-06T10:36:10Z,2024-04-06T10:36:10Z
Ugy-KQ35D7lLd6vzTax4AaABAg,,False,@deborr27,I LOVEE  U DOYOUNGII,2,2024-04-06T10:33:28Z,2024-04-06T10:33:28Z
Ugx7wZhniOfUGGpcyBV4AaABAg,,False,@deborr27,WAOOW SO COOL,1,2024-04-06T10:33:04Z,2024-04-06T10:33:04Z
Ugz6FW85ZSuLOG8OhXd4AaABAg,,False,@user-pwphmr,도영이랑 너무 잘어울린다.. 그리고 상상이상으로 좋음,7,2024-04-06T10:14:41Z,2024-04-06T10:14:41Z
Ugx8hiW-BeAAZPxUTIN4AaABAg,,False,@ddoing8319,it gave me goosebumps!! the melody and doyoung's voice made it even more beautiful..i hope your solo album receives love from many people♡,5,2024-04-06T10:12:56Z,2024-04-06T10:12:56Z
Ugy0V6QTyscOsCF1DQZ4AaABAg,,False,@nunsangi7398,🫶🥹,1,2024-04-06T10:11:54Z,2024-04-06T10:11:54Z
UgwfBLoFZPTB9s2nHAt4AaABAg,,False,@darkchochonute,Doyoungg🐰💙,2,2024-04-06T10:08:01Z,2024-04-06T10:08:01Z
UgwKR3bVSveNHYds0sJ4AaABAg,,False,@o.o-j3k,미치겠다 너무좋아 그토록 바래왔던 도영이 솔로앨범... 비록 시험 이틀전에 발매되지만ㅠㅠㅠ 열심히 응원할게! 벌써 너무좋아서 미치겠어어떡해ㅠㅠ,8,2024-04-06T09:49:10Z,2024-04-06T09:49:10Z
UgxGIg4uuRn-cw6gxa54AaABAg,,False,@ntrkdy97,🌊💙🤍,1,2024-04-06T09:45:27Z,2024-04-06T09:45:27Z
UgyShTnHtyldbw9IsRN4AaABAg,,False,@giosdanika6657,so beautiful 😭♥️,1,2024-04-06T09:37:32Z,2024-04-06T09:37:32Z
UgxNQjRyadNI47VJdc54AaABAg,,False,@Ejdkssud,도영아💚💚💚💚💚💚💚💚💚,2,2024-04-06T09:28:36Z,2024-04-06T09:28:36Z
Ugyf_5OtU_jvULNNJgx4AaABAg,,False,@wannapajokkoksung633,รอฟังเพลงเต็มค้าบบบบ,1,2024-04-06T09:28:15Z,2024-04-06T09:28:15Z
UgznOtejzkbOCvlpi5h4AaABAg,,False,@winkysrabbit9904,Doyoung-a i've been waiting for your solo debut for 7 years and now I can finally see and listen to your's solo album. I'm so happy it felt like my wait was paying off 🥺💙,7,2024-04-06T09:28:04Z,2024-04-06T09:28:04Z
Ugz23IGRetzM6mah5jJ4AaABAg,,False,@Invisible.n,"Our main vocalist, doyoung voice so pretty. Can't wait for April 22nd",8,2024-04-06T09:16:36Z,2024-04-06T09:16:36Z
UgyCiafMX-AuO_bDGZZ4AaABAg,,False,@하랑-k5x,"아 이건 무조건 된다 노래 너무 좋아🥰💋
도영아 진짜 너무 고맙고 사랑해💗",6,2024-04-06T09:14:48Z,2024-04-06T09:14:48Z
Ugxqm9TD5y6oBjn0l-J4AaABAg,,False,@kdy323,Pure talent,5,2024-04-06T09:09:52Z,2024-04-06T09:09:52Z
UgzZ_SnNBw3NYnVlHNd4AaABAg,,False,@devashreerastogi9976,1 thing for sure that its gonna be dope,9,2024-04-06T09:01:47Z,2024-04-06T09:01:47Z
UgzVpVhJ5JELEWiospx4AaABAg,,False,@ttoekissttoekiss6838,"you've come this far, doyoung. it's so beautiful, i don't even know how many times i've watched this",25,2024-04-06T09:00:09Z,2024-04-06T09:00:09Z
UgyhIKI0g8nCt-GWgSt4AaABAg,,False,@wataneechantapo1919,♡♡♡♡♡,1,2024-04-06T08:57:21Z,2024-04-06T08:57:21Z
UgzBINRfBRdksqpwv_R4AaABAg,,False,@MIASARAFAIHABINTIFARIZALIPG-Pe,its giving anime intro vibes! truly amazing soloist kim doyoung 💚,1,2024-04-06T08:56:04Z,2024-04-06T08:56:04Z
Ugz2GYJ67BBU9DNG58x4AaABAg,,False,@luvsjihwan9005,GOT GOOSEBUMPS OMG,2,2024-04-06T08:53:57Z,2024-04-06T08:53:57Z
UgyU_OxS1Dl-N5Acp814AaABAg,,False,@ilrakna7310,"저 우주를... 도영이 목소리 듣자마자  끝났어
22일이 언제 오는대ㅠ 너무 멀었자나",10,2024-04-06T08:44:17Z,2024-04-06T08:44:17Z
UgxlvNUNvA75Ehjw73N4AaABAg,,False,@doyoungie96-eu8tw,"Doyoung you are so cool, I'm really proud of you. I hope this album is a success and hope it goes well. Thank you for working hard all this time. You deserve a lot of love from everyone.<3",5,2024-04-06T08:42:56Z,2024-04-06T08:42:56Z
UgwKOU50LYN5TVoVkHB4AaABAg,,False,@heavycokedrinker,와 개쩐다 싱글 아니고 제대로 앨범이에요?,6,2024-04-06T08:41:13Z,2024-04-06T08:41:13Z
UgwKOU50LYN5TVoVkHB4AaABAg.A1szJJLsWiWA1tF_Wutj6J,UgwKOU50LYN5TVoVkHB4AaABAg,True,@내새꾸천재강쥐정우킴,넹 정규 1집이용!,2,2024-04-06T11:12:07Z,2024-04-06T11:12:07Z
UgxSwL9Cj6C1oQiwCSJ4AaABAg,,False,@jingyinyin804,海洋之子！期待这次solo！,2,2024-04-06T08:39:21Z,2024-04-06T08:39:21Z
UgyIbKxPz06ARHN1NVp4AaABAg,,False,@user-ni5go3zw4b,사랑해 내 청춘 도영아,5,2024-04-06T08:38:35Z,2024-04-06T08:38:35Z
Ugz1FXVeuZyDMGKhUHl4AaABAg,,False,@annisasantri0412,기대가 많이 돼요!!💙💙💙💙💙💙,2,2024-04-06T08:33:37Z,2024-04-06T08:33:37Z
UgwaiqRXM7nDgXLub294AaABAg,,False,@annisasantri0412,가자 우리 도영이오빠!!💙💙💙💙,2,2024-04-06T08:28:31Z,2024-04-06T08:28:31Z
UgwCtr_vxxfpgZb7YEV4AaABAg,,False,@aks_ang4728,เพราะมากกกกกกกกกกกก ไม่เคยฟังเพลงเพราะขนาดนี้มาก่อน ทำถึง ทำเกินมากคุณลู๊กกกกกกกกกกก,1,2024-04-06T08:28:04Z,2024-04-06T08:28:04Z
Ugzqbz5G4oxBiyjL0-14AaABAg,,False,@Dn6f,노래할거야! 이거 뭔가 버블 말투로 읽힌다 ㅋㅋㅋㅋ그래 많이하자 우리도영이💚,3,2024-04-06T08:25:01Z,2024-04-06T08:25:01Z
UgwFSwHrse9nsntKG-J4AaABAg,,False,@two_yoxxg,도영이가 가장 잘하는 노래로 위로해줘서 고마워🤍,8,2024-04-06T08:24:04Z,2024-04-06T08:24:30Z
UgzrhAAWU9JhJ6P-Ef94AaABAg,,False,@wheouyun,"What a amazing voice, my singer!!",5,2024-04-06T08:14:03Z,2024-04-06T08:14:03Z
UgzS-P5aAZ5JIqONjhZ4AaABAg,,False,@Me-dyng2,몇 번을 봐도 들어도 처음에 받은 감동과 같다... 역시 우리 메인 보컬... 넘 좋다..ㅠㅠ,18,2024-04-06T08:07:55Z,2024-04-06T08:07:55Z
UgxY4p-RJaY6ODZ4Gb14AaABAg,,False,@yuinwon,"헐 무한반복재생하다 이제야 안 사실
이 영상에 나온 가사에 외래어도 외국어도 단 하나도 없다",9,2024-04-06T08:01:44Z,2024-04-06T08:01:44Z
UgxQFRg9unKGht5aLvh4AaABAg,,False,@UffCf-ji5jg,The best intro film ever,8,2024-04-06T07:56:52Z,2024-04-06T07:56:52Z
UgyNo8A2dFWyWghvS7F4AaABAg,,False,@djjdebut,"Our doyoungie hwaitingg
Can't wait for your solo debut 22nd April
Hope everything going well",5,2024-04-06T07:54:33Z,2024-04-06T07:54:33Z
Ugw7K5yXsY7dqSgVJ8B4AaABAg,,False,@dlxod_eka,항상 힘들고 외로울때면 엔시티 특히 1우리칠 노래랑 영상 보고 힘내고 위로받고 웃기도 하고 울고도 하는데 청춘의포말 나오면 정말 힘나고 눈물날것고 같아 앞으로도 쭉! 행복하고 앞으로 나아갈일만 있었으면 좋겠어!! 청포도! 새봄의 노래 완전 짱먹자 우리가 빛내줄게! 🍇💚,14,2024-04-06T07:53:25Z,2024-04-06T07:54:59Z
UgzFWE1o85mOJtLYGdN4AaABAg,,False,@hanifati97,Kereeen bgt weeeee🫶🏻,3,2024-04-06T07:44:23Z,2024-04-06T07:44:23Z
UgzEsDV0iUqjGUKjSPh4AaABAg,,False,@arsantir5348,MY YOUTH IS YOURS KIM DOYOUNG ❤,5,2024-04-06T07:42:50Z,2024-04-06T07:42:50Z
UgxeSRDDUQwdCEwx8Sl4AaABAg,,False,@ilydojae,"fighting doy, solo album sukses aamiin",4,2024-04-06T07:41:15Z,2024-04-06T07:41:15Z
Ugw_IyAAO80i6sJWUfd4AaABAg,,False,@요주-v3j,와라..,2,2024-04-06T07:40:24Z,2024-04-06T07:40:24Z
UgzAVpJJVGvzlm39Tfl4AaABAg,,False,@silvershore2166,"도영아 너의 진심이 담긴 노래를 들을 수 있다는 사실에 나는 요즘 너무 행복해. 
얼른 노래 듣고 싶다!! 노래하는 도영이를 항상 응원할게 사랑해💚",9,2024-04-06T07:38:12Z,2024-04-06T07:38:12Z
Ugymeiz1Xx4cC2Vfemd4AaABAg,,False,@KimDoyoung-gv8jg,"도영의 데뷔: 재능, 열정, 탁월한 탁월함의 교향곡.",129,2024-04-06T07:37:09Z,2024-04-06T07:37:09Z
UgwoJPG9JzzXGj898XV4AaABAg,,False,@KimDoyoung-gv8jg,"Doyoung's debut: a symphony of talent, passion, and sheer excellence.",25,2024-04-06T07:35:23Z,2024-04-06T07:35:23Z
UgxXvV2YhNkXXLHFVFB4AaABAg,,False,@KimDoyoung-gv8jg,"Doyoung's debut: a symphony of talent, passion, and sheer excellence",93,2024-04-06T07:35:04Z,2024-04-06T07:35:04Z
UgwN040F52pvR0m-WrF4AaABAg,,False,@susudikor,สวัสดีฉันชื่อแอเรียล,2,2024-04-06T07:34:52Z,2024-04-06T07:34:52Z
UgyELo1LdB-LYr-TYod4AaABAg,,False,@tobbu201,"doyoung, my talented singer, you've come so far to finally releasing your own album that identifies you as a singer that you've been dreaming of portraying. i hope everyone can listen and love your beautiful voice, i hope you achieve your goals in this era as a soloist. may 'youth' become a big hit and everyone tune in to listen to a singer who truly loves singing. please be happy and healthy always! <3",4,2024-04-06T07:30:13Z,2024-04-06T07:30:13Z
UgxZ0CgobgaPmVCySml4AaABAg,,False,@Cantikv,Doyoung!!!,2,2024-04-06T07:29:20Z,2024-04-06T07:29:20Z
UgwqGMe9gxxpeGIwQi14AaABAg,,False,@doieberry,"I'm still here and I've been repeating this on loop. I really can't wait to here the full version of Beginning and really can't wait to hear all of the 10 songs on the album. Good luck, Doyoung!! And big CONGRATULATIONS on your upcoming solo debut 🩵🩵🩵",4,2024-04-06T07:26:11Z,2024-04-06T07:26:11Z
UgxOuiI96lbnrRSOHGd4AaABAg,,False,@johnnyfams2461,"DOYOUNG!!! YOU ARE THE GREATEST. I can see that you’re getting better and better. More I listen to this song, the more I fall in love with you. You never fails to amaze me. I like you the mosttt💙💙💙💙",8,2024-04-06T07:24:54Z,2024-04-06T07:24:54Z
UgwdgbXGclTOGrqItmR4AaABAg,,False,@yuria87,도영이가 노래하는 희망은 힘이 있어.. 도영이 입에서 나온 말이니까.,24,2024-04-06T07:23:19Z,2024-04-06T07:23:19Z
Ugx2VEpdw_0aNMs2rxp4AaABAg,,False,@해지아이,청춘의 포말이란 말에 왠지 가슴이 벅차고 막 그런다구요.. 노래가 너무 청춘영화 ost..... 도영이의 능력치가 벅찰만큼 가득 담길 앨범같아서 너무 기대된다! 도영이 솔로 대박나자!!!!,25,2024-04-06T07:14:44Z,2024-04-06T07:14:44Z
Ugy93ft7xG4hf_f3HDB4AaABAg,,False,@Doyoungkim-tc3vt,❤❤❤❤❤❤❤❤❤❤,3,2024-04-06T07:06:25Z,2024-04-06T07:06:25Z
Ugw3gNDPuYuAGen40WV4AaABAg,,False,@Cantikv,Mr. Merman,2,2024-04-06T06:58:12Z,2024-04-06T06:58:12Z
UgwQwmIYTHhyJIgP6hB4AaABAg,,False,@subioiiiiiiink,몽환적이고 신비로운 느낌이 도영이랑 너무 잘어울려ㅜㅠ,8,2024-04-06T06:53:15Z,2024-04-06T06:53:15Z
UgyKv3gwxN5689hAfzR4AaABAg,,False,@JinMew,Doyoung is the god of emotional singer.,6,2024-04-06T06:52:53Z,2024-04-06T06:52:53Z
UgzTKnECmehYZaUWJ2V4AaABAg,,False,@눈다섯개,이지리스닝 시대에 이런 노래로 나오는 거 쉽지 않은데..  첫 솔로 앨범에 10곡 꽉꽉 채워서 나오고 처음 영상이 새봄의 노래인 것도 노래에 대한 도영이의 진심이 보여서 도영이가 더 좋아졌어. 얼른 전곡 듣고싶다,226,2024-04-06T06:51:50Z,2024-04-06T06:51:50Z
UgzTKnECmehYZaUWJ2V4AaABAg.A1smnFOxcfWA2J_01Hq04y,UgzTKnECmehYZaUWJ2V4AaABAg,True,@haham-vd8nz,sm 아티스트니까 가능한 실력이 기반된 음악 아닙니까 ㅎㅎ,2,2024-04-17T01:50:07Z,2024-04-17T01:50:07Z
UgxIBoALe-UcqJwwJRx4AaABAg,,False,@yeeunkim-y1n,"오빠 이게 진정한 청춘이지...항상 바라는 모든 일이 잘되길 바래
시즈니랑 영원히 행복하게 함께해!
오빠의 행복이 우리의 행복이야😘😘",21,2024-04-06T06:49:19Z,2024-04-06T06:49:19Z
UgxKAifHfCnYBWCh4Jt4AaABAg,,False,@뎡아사랑해,"너의 독보적인 목소리로 이렇게 솔로 내줘서 너무 고마워 커버곡도 너무 좋았지만 솔로로 도영이의 노래를 들을수 있어서 넘 좋다ㅜㅜ
발매일 빨리 오라…",25,2024-04-06T06:45:53Z,2024-04-06T06:45:53Z
Ugyh8d5XSdGBxEApOKR4AaABAg,,False,@kapalapiuuuuu_,proud of u doyiee🤍,3,2024-04-06T06:43:41Z,2024-04-06T06:43:41Z
UgyYY4EiTLHIG9BMLX54AaABAg,,False,@Sum_mer1401,나 여기 쉬러왓더 도영아... 너무 좋다,8,2024-04-06T06:41:44Z,2024-04-06T06:41:44Z
UgwxuFsI0H2ACsYCkfB4AaABAg,,False,@shanyny,Jaehyun's voice is softer than Doyoung's❤,0,2024-04-06T06:25:11Z,2024-04-06T06:25:11Z
UgzNMf3mzi45wzuUj_14AaABAg,,False,@doiedoyoung,"doyoung, this is so beautiful... i hope only good things come to you and may this solo debut become a big hit! 🙏",6,2024-04-06T06:24:27Z,2024-04-06T06:24:27Z
UgzCU9O1oyF-nCUkIUd4AaABAg,,False,@9292yc,"목소리 분위기 얼굴 
인어왕자 그자체십니다..왕자님❤",18,2024-04-06T06:22:33Z,2024-04-06T06:22:33Z
UgyHcpdDrQK-fzrMl654AaABAg,,False,@porporboo4737,เมอร์เมดมากน้องโดยอง youth เริดที่สุด,2,2024-04-06T06:22:04Z,2024-04-06T06:22:04Z
Ugwq8IAcg7sqYbuBRq94AaABAg,,False,@kang4595,So happy to see Soloist Doyoung.,0,2024-04-06T06:21:38Z,2024-04-06T06:21:38Z
UgwAl7xtj21sYHNnDlB4AaABAg,,False,@FORECORDINGS,"보잘것없는 것부터 시작하여 마침내 위대하다.도영의 꿈에 대한 확고함을 느꼈어요, 화이팅!",8,2024-04-06T06:15:26Z,2024-04-06T06:15:26Z
UgwTMTYRcNIcziDHp2Z4AaABAg,,False,@Babababe_y,ทำถึงมากค่ะ🥹🥹🤏🏻,1,2024-04-06T06:14:28Z,2024-04-06T06:14:28Z
UgxPwwF1zQS-u3Hs4S94AaABAg,,False,@tjfg21hvxfh,이거 타이틀 아니고 인트로라고?,4,2024-04-06T06:12:15Z,2024-04-06T06:12:15Z
UgxyTLwoTuAafUSytpV4AaABAg,,False,@deannawilliams5671,I love you Doyoung!!❤❤ I have been waiting for this!!❤😊,2,2024-04-06T06:08:30Z,2024-04-06T06:08:30Z
Ugzt5DlyV_GUzcAAat54AaABAg,,False,@Cantikv,It's amazing,0,2024-04-06T06:08:24Z,2024-04-06T06:08:24Z
UgxSNZtuN-91e-VnO1J4AaABAg,,False,@와기고영이,진짜 너무 멋있다 도영아 사랑하고 응원해,4,2024-04-06T06:05:09Z,2024-04-06T06:05:09Z
UgyVoSE9fJK1CA7QSDN4AaABAg,,False,@벌써벗은임금님-g3i,도영이 목소리 너무 좋다,4,2024-04-06T06:04:42Z,2024-04-06T06:04:42Z
UgzWEGej4g5zBU9Xiux4AaABAg,,False,@skyhfl2408,"Only 94,410 --> 300K",0,2024-04-06T05:59:11Z,2024-04-06T05:59:11Z
UgwB9vO1n9npDH10exx4AaABAg,,False,@채원-c3m,도영아 나 좀 벅차오른다 ... 진짜 기대하고 또 기대중이야 보고싶다 빨리 너무 멋있다 김도여어어어엉💚💚💚,13,2024-04-06T05:53:33Z,2024-04-06T05:53:33Z
UgwkJ4N2ZQUjrv6nm-14AaABAg,,False,@blxxbxrries,Love it already,3,2024-04-06T05:50:36Z,2024-04-06T05:50:36Z
Ugw-jDi3HPetOz3Jhoh4AaABAg,,False,@blxxbxrries,Love this already,2,2024-04-06T05:50:08Z,2024-04-06T05:50:08Z
UgznRE1znA8GFlnQUQl4AaABAg,,False,@palmy1153,💚💙💚💙💚💙💚💙,1,2024-04-06T05:48:04Z,2024-04-06T05:48:04Z
UgzCYiufpSHdD3RyHzt4AaABAg,,False,@Dn6f,이것저것 준비 많이해줬네 도영아💚 너는 고집이라했지만 흔들리지 않고 하고 싶은 것 하는 너가 너무 멋있고 좋아💚,11,2024-04-06T05:37:01Z,2024-04-06T05:37:01Z
Ugxq1dwEFrTcj_caSfh4AaABAg,,False,@셔여니,도영아 진짜 솔로앨범 내줘서 너무너무 고마워 내가 살면서 도영이 실물을 보러가다니 우리 28일에 보자 도영아 이번 앨범 열심히 준비하고 진짜 너무 좋다 노래 항상 응원할게 많이 사랑해💕💕💕,9,2024-04-06T05:31:58Z,2024-04-06T05:31:58Z
UgyE_X99bH5rFKxvdzd4AaABAg,,False,@bellovebya4661,210 k soon,1,2024-04-06T05:30:36Z,2024-04-06T05:30:36Z
UgzJhtMGu5iLW-H-dXB4AaABAg,,False,@말랑깜장콩,봐도 봐도 인트로 필름 너무 좋다…,3,2024-04-06T05:24:49Z,2024-04-06T05:24:49Z
UgyWfwiI7CauY1UHDWR4AaABAg,,False,@가쨩,아주 오래오래 기다린 도영이의 첫 앨범이   이런 노래라는게 .. 더 감사하고 행복해,25,2024-04-06T05:20:17Z,2024-04-06T05:20:17Z
Ugzc9xR3NjQUzSnjpj94AaABAg,,False,@krn8856,ドヨンやばいよ！絶対いい曲じゃん😭,2,2024-04-06T05:18:08Z,2024-04-06T05:18:08Z
UgzvtJVO4_quPi9VZZJ4AaABAg,,False,@merisaazara,"I am very happy to know that Doyoung will make a solo debut, I really can't wait to hear the Solo song on Doyoung's album. Thank you Doyoung for working hard and doing your best all this time, we will always support you, Fighting Doyoung 🥰💗",3,2024-04-06T05:15:34Z,2024-04-06T05:15:34Z
UgzU4ikAUtV7flinvbJ4AaABAg,,False,@lailarizkimufidah4584,Cannot wait for Dolo!! Good job Doyoung,2,2024-04-06T05:12:12Z,2024-04-06T05:12:12Z
UgylD1zS9ASF90jYGxZ4AaABAg,,False,@LitteDY,"영상이, 또는 영상에 삽입된 노래가 아무리 좋아도 절대 여러번은 안 보는 내가 영상이 공개되자마자  nnn번째 보고 있다는 걸로 이미 말 다 했어...",7,2024-04-06T05:12:06Z,2024-04-06T05:12:06Z
UgzQLoFZoy93Sm52SVZ4AaABAg,,False,@user-5679j0,여기가 디즈니월드다 완전… 시즈니월드,11,2024-04-06T05:04:34Z,2024-04-06T05:04:34Z
Ugz3J5xArJIfOGIx3ox4AaABAg,,False,@nina.ng1208,The miracle in Doyoung’s voice… it’s the most beautiful thing in the world,108,2024-04-06T05:04:05Z,2024-04-06T05:04:05Z
UgyGjbKZ6g4A4EXp_Y54AaABAg,,False,@darkchochonute,suka bgt😍,3,2024-04-06T04:59:39Z,2024-04-06T04:59:39Z
Ugy6s5F54E3kf3rPj9h4AaABAg,,False,@deardo.0,"도영아 파도처럼 진심을 노래해줘서 고마워
듣는 이로 하여금 청춘을 느끼게 해주어서 고마워",9,2024-04-06T04:53:58Z,2024-04-06T04:53:58Z
UgyluKJNI8NU-SgaGn54AaABAg,,False,@deardo.0,"포말: 물이 다른 물이나 물체에 부딪쳐서 생기는 거품

정말 포말이라는 단어 뜻처럼 도영이가 지금까지 있는 힘껏 부딪혀온 진심과 청춘을 노래하는 것 같아서
그 순간을 함께하는게 너무 감사하다....

따뜻한 봄에 청량한 목소리로 청춘을 노래해줘서 고마워
늘 응원하고 사랑할게",8,2024-04-06T04:52:18Z,2024-04-06T04:52:18Z
Ugxxk0hT6QRjy8yumLx4AaABAg,,False,@sigmarizznotskibidi,U DESERVE IT!! KAMU KEREN BANGETT DOYOUNGG🥹🤍 love u more n more💗,2,2024-04-06T04:48:07Z,2024-04-06T04:48:07Z
UgyXwnFb041Sj9AKdql4AaABAg,,False,@sigmarizznotskibidi,PROUDD OF U DOYYYY!!!,2,2024-04-06T04:47:36Z,2024-04-06T04:47:36Z
Ugy3UWCZAgf4XRIGkjV4AaABAg,,False,@GaleriStranger,YOUTH ALBUM OF THE YEAR!!!,5,2024-04-06T04:42:35Z,2024-04-06T04:42:35Z
Ugy3UWCZAgf4XRIGkjV4AaABAg.A1sZ-c4rxAYA1s_1-d8Tm2,Ugy3UWCZAgf4XRIGkjV4AaABAg,True,@user-nk7px5xv4z,Aminnnnn,3,2024-04-06T04:51:31Z,2024-04-06T04:51:31Z
UgxDEPcJp2HU7hPuKnx4AaABAg,,False,@Erika-eg5rg,"Im already emotional from this, idk how I'll survive the actual release 😭💚",5,2024-04-06T04:32:35Z,2024-04-06T04:32:35Z
UgweqpcE8JWomiHiPQ14AaABAg,,False,@hyunkim8273,완전 취저다..,3,2024-04-06T04:30:05Z,2024-04-06T04:30:05Z
UgwWNX4Fqt37KytlYuN4AaABAg,,False,@GaleriStranger,YOUTH BY DOYOUNG GONNA BE A HIT ALBUM!!!,5,2024-04-06T04:29:13Z,2024-04-06T04:29:13Z
Ugx4b_ICUZRZkYdf0xF4AaABAg,,False,@sabrimontu_,Doyoung>>> la sirenita,1,2024-04-06T04:19:53Z,2024-04-06T04:19:53Z
UgyDpC9HG0CxdQ9p5qJ4AaABAg,,False,@nightair5477,"I'm so glad doyoung is doing a very different direction for his solo. Everything about the song, the video and album name just screams very Doyoung. I cannot wait to listen to the full song especially knowing he cowrite the lyrics. Can 22nd come any faster pleaseee",6,2024-04-06T04:18:08Z,2024-04-06T04:18:08Z
UgzZS9_RKJQSJkAMW0Z4AaABAg,,False,@jsmjngdn,너무 너무 기대되!!!,1,2024-04-06T04:14:34Z,2024-04-06T04:14:34Z
Ugz4qFUBRwcNDj0ryIB4AaABAg,,False,@gongmyung5846,really nice,1,2024-04-06T04:14:22Z,2024-04-06T04:14:22Z
UgzZ_YYXK4fGJ4tho1h4AaABAg,,False,@odroop6416,진주알같은 도영이.. 몰아치는 파도같은 도영이.. 물 속에 있지만 물 밖에 있는 슈뢰딩거의 도영이.. 영상최고예요,23,2024-04-06T04:12:14Z,2024-04-06T04:12:14Z
Ugylbqg_4xuRySvlkJV4AaABAg,,False,@ummmpapago5836,내 아이돌이 인어왕자라니........ 숲의 아이라니........,4,2024-04-06T04:11:42Z,2024-04-06T04:11:42Z
UgxootNzDW5L7AkFQgp4AaABAg,,False,@1uvdoy,도영이의 세상이 담긴 노래를 들을 수 있다니 🤍 언제나 응원하고 사랑해 !! 노래해줘서 고마워 도영아 🤍,5,2024-04-06T04:09:17Z,2024-04-06T04:09:17Z
UgxfNyXFwUFaJzEEHyV4AaABAg,,False,@bellovebya4661,Orgullosa de tí,1,2024-04-06T04:04:47Z,2024-04-06T04:04:47Z
UgwC44WU8ZBW51I5-414AaABAg,,False,@littlebear9930,Intro Film ที่อลังการงานสร้างมากๆ ภาพสวยมาก เสียงโดยองก็เพราะมากด้วย สุดยอด !!,0,2024-04-06T04:04:07Z,2024-04-06T04:04:07Z
UgyubA2C_HD_mggq4LF4AaABAg,,False,@adellafajrianty2062,vibe nya kayak little mermaid abis itu jadi elsa frozen,3,2024-04-06T04:01:50Z,2024-04-06T04:01:50Z
UgyubA2C_HD_mggq4LF4AaABAg.A1sUL74b7KRA1sUSFHX699,UgyubA2C_HD_mggq4LF4AaABAg,True,@adellafajrianty2062,Semangat KIM DOYOUNG <3,1,2024-04-06T04:02:48Z,2024-04-06T04:02:48Z
UgyOP0aRfWk8WDh9lmR4AaABAg,,False,@emillyfox,Looking forward to this 💖❤️,3,2024-04-06T03:59:56Z,2024-04-06T03:59:56Z
Ugynj9EIx3ZcKN1KVkF4AaABAg,,False,@hellowenie,Sounds like Doyoung's powerful voice is singing A song for a drama or anime intro ❤,3,2024-04-06T03:56:28Z,2024-04-06T03:56:28Z
Ugyc420YuusqdhOlOLl4AaABAg,,False,@또오잉-b9o,티저 하나로 이렇게 마음이 벅찰수있나요.. 빨리 듣고싶댜..,22,2024-04-06T03:55:49Z,2024-04-06T03:55:49Z
UgyIZ3tKvnwj6sQLQZB4AaABAg,,False,@thiahisyam2068,can’t wait to hear the full version 🥹🩵,0,2024-04-06T03:53:51Z,2024-04-06T03:53:51Z
Ugykjl89YF-PIZenMLl4AaABAg,,False,@beprincess_joy,天啊為什麼有些片段讓我想到《與惡魔有約》哈哈 *마이데몬,1,2024-04-06T03:53:06Z,2024-04-06T03:53:06Z
UgyCaNQrvm4N_8FZZPB4AaABAg,,False,@qtri1186,I keep repeating this😭😭,2,2024-04-06T03:43:00Z,2024-04-06T03:43:00Z
UgxVXpmm0WLqk5vEvlN4AaABAg,,False,@Kiki-ul7cb,"22일까지 못기다리겠어,,,",8,2024-04-06T03:42:25Z,2024-04-06T03:42:25Z
UgyvA9wTPYpOS4ltdg54AaABAg,,False,@delittlelulu,"Doyoung-ah this is beautiful! I can’t wait for the album because even with just this intro film, it’s already wonderful! Thank you for singing 🥰",7,2024-04-06T03:41:24Z,2024-04-06T03:41:24Z
UgwEGJ_sbEf5xFVtv5p4AaABAg,,False,@piska6232,Это так красиво.. просто потрясающе!!!!,0,2024-04-06T03:41:17Z,2024-04-06T03:41:17Z
UgxyaNX5_UEy9hcEwe54AaABAg,,False,@ldhgopha,"도영이가 이야기 하고싶었던 청춘을 들을수있어서 너무 행복해
솔로 활동 가장 열심히 응원할게
사랑해 도영아",1,2024-04-06T03:41:17Z,2024-04-06T03:41:17Z
UgxFfx48PoeC32q4QC14AaABAg,,False,@ikeuhoonp,te amo Doyo tienes la voz más hermosa del mundo😿💞,0,2024-04-06T03:37:42Z,2024-04-06T03:37:42Z
UgydaY6TxMxkoJsl-9t4AaABAg,,False,@angeliquekann,Everything about this is so pretty and it makes me so excited for when the album is released,1,2024-04-06T03:37:30Z,2024-04-06T03:37:30Z
Ugze3ji6QmyFlAUxsGF4AaABAg,,False,@lovely_rabbit_dy,진짜좋다..행복해,2,2024-04-06T03:37:17Z,2024-04-06T03:37:17Z
Ugy8p3Qjiakt-u3yxf94AaABAg,,False,@haddody,this makes me so emotional,0,2024-04-06T03:34:10Z,2024-04-06T03:34:10Z
Ugwh_7ZnQW4Yv4yylsl4AaABAg,,False,@lyssapaige99,so excited!!!!,0,2024-04-06T03:29:11Z,2024-04-06T03:29:11Z
Ugx-Q0HeSqYxRISc7694AaABAg,,False,@나대만-t4q,아따마 인어공주가 따로없네,3,2024-04-06T03:21:16Z,2024-04-06T03:21:16Z
UgwcEq8IQyctdAxTH6h4AaABAg,,False,@nanaandko,"He is either a siren or mermaid, isn't he?",1,2024-04-06T03:17:41Z,2024-04-06T03:17:49Z
UgwPsuum2QNEB1k1tmR4AaABAg,,False,@user-nk7px5xv4z,Kim Doyoung fighting,0,2024-04-06T03:09:20Z,2024-04-06T03:09:20Z
UgzMoZCzCayi482lwkZ4AaABAg,,False,@weosal,fighting dy!,0,2024-04-06T03:01:58Z,2024-04-06T03:01:58Z
UgwA3PO_k7uHvUVv2Vd4AaABAg,,False,@summerlikesyou,드디어 도영이가 하고 싶은 음악을 들어볼수 있는 기회가 왔당ㅎㅎ응원해🎉🎉,2,2024-04-06T02:58:24Z,2024-04-06T02:58:24Z
UgxreJ0R0MAg0wyI3SN4AaABAg,,False,@mingha-cb1ve,나 진짜 도영이가 좋아..... 도영이 팬이라서 너무 행복해...,3,2024-04-06T02:56:12Z,2024-04-06T02:56:12Z
UgyD6nXSA2ObECLyOpF4AaABAg,,False,@rohcakep2901,"Need 1000+ to 200,000 let's go",0,2024-04-06T02:55:30Z,2024-04-06T02:55:30Z
Ugz8OvPdtkC_bIT2Dqd4AaABAg,,False,@doiedoyoung,"everyone, doyoung co-wrote this song, that's why it feels like doyoung, he must've written it from his heart 🥺",12,2024-04-06T02:54:11Z,2024-04-06T02:54:11Z
Ugz8OvPdtkC_bIT2Dqd4AaABAg.A1sMacZmKP8A1v2J_cjqkc,Ugz8OvPdtkC_bIT2Dqd4AaABAg,True,@smackdowntofu188,ikr!! he’s so amazing 😭,1,2024-04-07T03:54:41Z,2024-04-07T03:54:41Z
UgzSwmONt9jJh2lKflt4AaABAg,,False,@radiant4896,"4월 22일이 너무 기대되네요
노래해줘서 고맙고 항상 응원할게요 😊",3,2024-04-06T02:53:01Z,2024-04-06T02:53:01Z
UgyCUiXo80XyfMEx8Yd4AaABAg,,False,@Doyoung1004,"피아노선율🎹  저 우주를.. 치고나오는 목소리 🎤  
영상미 🌊🫧 모든게 완벽함
도영솔로  이거 되는 주식 🩵",11,2024-04-06T02:50:48Z,2024-04-06T02:51:59Z
UgxQVlkgHua1U-D143x4AaABAg,,False,@luckytutu,앨범 너무 기대돼,5,2024-04-06T02:50:40Z,2024-04-06T02:50:40Z
UgyeuaVxEW5N4VNFZ5F4AaABAg,,False,@user-dy201,이 영상을 이루는 모든 요소가 아름다워서 무한반복으로 보게 돼.. 아름답다 도영아,19,2024-04-06T02:50:03Z,2024-04-06T02:50:03Z
UgwptTxg4dlr1NSeNUl4AaABAg,,False,@doiedoyoung,i keep repeating this song like my life depends on it... i can't wait to listen to the album 😭,5,2024-04-06T02:48:58Z,2024-04-06T02:48:58Z
UgwKPOYqKPCpCGN2kk94AaABAg,,False,@영이편,볼때마다 눈물난다 도영아 너무 좋아,3,2024-04-06T02:48:19Z,2024-04-06T02:48:19Z
Ugyfmox6rqhXKs170-B4AaABAg,,False,@hihaechi,Can't wait to listen doyoung albummm,6,2024-04-06T02:39:40Z,2024-04-06T02:39:40Z
Ugx0GXvoqt5bqElj9Ul4AaABAg,,False,@hsk8692,목소리도 영상도 너무 아름답고 얼른 앨범 전체를 듣고 싶어요… 솔로 가수 도영 응원합니다!,25,2024-04-06T02:39:19Z,2024-04-06T02:39:19Z
Ugyh1QhIysiVvNa_c1l4AaABAg,,False,@fabruarvones,레전드찍었다진짜,12,2024-04-06T02:36:36Z,2024-04-06T02:36:36Z
UgzdxivTpkStrco6FWF4AaABAg,,False,@0nim810,노래 너무 좋아 진짜 여기 계속 갇혀서 이것만 반복재생 하고이써 도영아😭,9,2024-04-06T02:36:26Z,2024-04-06T02:36:26Z
Ugw6rqrfExWrefPcbyV4AaABAg,,False,@lenmorenox,new ballad incoming omg sooo excited 🎉,4,2024-04-06T02:32:23Z,2024-04-06T02:32:23Z
UgwKkLtvRyvuFQJPCVh4AaABAg,,False,@user-trueblue,"진심 오백번을 본 거 같은데 
볼 때 마다 또 눈물나는 거 정상인가요
노래하는 천사 도영아 
너는 정말 특별하고 소중한 존재야",111,2024-04-06T02:24:27Z,2024-04-06T02:53:20Z
Ugym_7vCM1Y5RLMdM114AaABAg,,False,@KellyLXinyi,🥰🥰🥰🥰🥰🥰🥰🥰,2,2024-04-06T02:21:09Z,2024-04-06T02:21:09Z
Ugw4N8_s2FIBgpnwyIl4AaABAg,,False,@jkjyhs,또 들으러 왔다 노래 진짜 너무 좋아,17,2024-04-06T02:19:30Z,2024-04-06T02:19:30Z
UgxqJxScW3_KWfUdcSR4AaABAg,,False,@chunza0323,개좋다(아직안들음),3,2024-04-06T02:18:07Z,2024-04-06T02:18:07Z
Ugx01nouzG4oeDhWlzd4AaABAg,,False,@putriayu5455,Doyoung jadi putra duyung ❤❤😅 cantik banget konsepnya,3,2024-04-06T02:17:46Z,2024-04-06T02:17:46Z
UgwUalHDp09PM-Yrazl4AaABAg,,False,@kdy323,Hope we stream a lot for doyoung he deserves love and support ♥️,4,2024-04-06T02:10:27Z,2024-04-06T02:10:27Z
UgxGuBft2MqR3NOrAWZ4AaABAg,,False,@kyeolul,나 여기 나갈 수 없어.....,10,2024-04-06T02:10:25Z,2024-04-06T02:10:25Z
UgzGVUq4dZGZMXOwxTd4AaABAg,,False,@하연-k4k5o,와 노래ㅠ너무 좋은데????,7,2024-04-06T02:06:11Z,2024-04-06T02:06:11Z
UgziMgqmfcUeJidOosp4AaABAg,,False,@2niceidenleeKimbunny,หยุดฟังไม่ได้เลย,1,2024-04-06T01:57:54Z,2024-04-06T01:57:54Z
Ugym-S_GcC469LBU5Bd4AaABAg,,False,@asdfzxc-m3o,"아미쳣다…
난 진짜
청춘을 노래하는 도영이가,
희망을 노래하는 도영이가 내 아이돌이여서 너무너무 좋아
솔로 데뷔 너무 축하하고 사랑한다아아아앙💚",8,2024-04-06T01:55:15Z,2024-04-06T01:55:15Z
UgzEaE4OiVe3s800HZF4AaABAg,,False,@heyyou2834,22일까지 어케 기다려ㅠㅠ 이렇게 행복한 기다림을 주다니ㅠㅜㅠ 도영아 가수해줘서 너무 고마워! NCT메보가 되어줘서 너무 고마워!💚💚,8,2024-04-06T01:53:33Z,2024-04-06T01:53:33Z
UgwTcURJyJr2OajWeuB4AaABAg,,False,@narohoo,이런 청춘이라면 잠겨 죽어도 좋다,8,2024-04-06T01:52:53Z,2024-04-06T01:52:53Z
UgwAgnU2mMwzMyvodmJ4AaABAg,,False,@megsy_pegsy,fuuuuuuck man his voice is literally like heaven,5,2024-04-06T01:37:42Z,2024-04-06T01:37:42Z
UgwSAb4wuJ-UUsPIP_54AaABAg,,False,@slmyoung,Lagunya suka kali,3,2024-04-06T01:36:20Z,2024-04-06T01:36:20Z
UgxV94HLg5pmxLn3CjV4AaABAg,,False,@haddody,Doyoung good luck on your solo album,4,2024-04-06T01:32:18Z,2024-04-06T01:32:18Z
UgxxDLH2k94AHpfT9dZ4AaABAg,,False,@missSatournels,the spring is coming and Doyoung is coming too,1,2024-04-06T01:30:31Z,2024-04-06T01:30:31Z
UgwZThzHzkXaTxsK0HR4AaABAg,,False,@missSatournels,sungguh-sungguh melodi yang indah dengan suara yang merdu,1,2024-04-06T01:30:07Z,2024-04-06T01:30:07Z
Ugz2lwvmDZ6c7F_aKTF4AaABAg,,False,@vvxlxn,💚💚💚💚,1,2024-04-06T01:28:52Z,2024-04-06T01:28:52Z
UgziBjNLxkTD_ZQ0TaR4AaABAg,,False,@sungchanpevensie6645,Uwaaaa Daebak,1,2024-04-06T01:21:02Z,2024-04-06T01:21:02Z
Ugyl6zBqz1teWRSy4Ih4AaABAg,,False,@takebanee,Can't wait to listen to Doyoung's album!,2,2024-04-06T01:10:20Z,2024-04-06T01:10:20Z
UgxeBAGOPKFCrslIkDx4AaABAg,,False,@dianaw6335,💙,1,2024-04-06T01:07:21Z,2024-04-06T01:07:21Z
UgzffsNF2eZEvKObFWN4AaABAg,,False,@dianaw6335,bonitoo,1,2024-04-06T01:06:45Z,2024-04-06T01:06:45Z
Ugyp4x7gLyy4Ee6RZHp4AaABAg,,False,@janecenufer9097,Doyoung has been my ult bias for years! I'm so excited for him!,3,2024-04-06T01:05:06Z,2024-04-06T01:05:06Z
UgyF0KKPQIPPIEmztfF4AaABAg,,False,@tkt3274,Tears are already flowing... I'm so moved...,3,2024-04-06T00:58:45Z,2024-04-06T00:58:45Z
Ugyq1joCF4AvVg5DgFV4AaABAg,,False,@emma3743,I love you Doyoung.,1,2024-04-06T00:50:02Z,2024-04-06T00:50:02Z
UgzQ80v0hFm3BWzBq6h4AaABAg,,False,@yoon0h_,와 노래 진심 아ㅜㅜ 도영띠ㅜㅜ 뭐야ㅜㅜ 너무 좋아 진짜 김동영 퍼컬 파랑이라고 진짜,3,2024-04-06T00:48:13Z,2024-04-06T00:48:13Z
UgxUlyQix6JNtjtFqil4AaABAg,,False,@yy-lt8ui,최고다....보면 볼수록 힘이 나ㅜㅜ감동..고마워요 도영아.활동 홧팅!♡,7,2024-04-06T00:43:25Z,2024-04-06T00:43:25Z
Ugwr7dXLTWN0pI4c8QV4AaABAg,,False,@Hyuna0201,도영이 화이팅!! 이 곡을 듣는 모든사람들도 화이팅 ฅ( ̳• ·̫ • ̳ฅ)♡,5,2024-04-06T00:39:05Z,2024-04-06T00:39:05Z
UgxGHRmAwHAIZFAXQPF4AaABAg,,False,@sunshineslover3251,doyoung fightiing i can't wait to hear more of your beautiful voice 🥰,3,2024-04-06T00:26:07Z,2024-04-06T00:26:07Z
UgwxtPm2NVSSeUUBZvl4AaABAg,,False,@monicajoti8517,IT SO DAMN GOOD!!!,1,2024-04-06T00:20:46Z,2024-04-06T00:20:46Z
UgxZAH6FGo2jDIRP59J4AaABAg,,False,@장지희-f2j,도영이가 이걸 볼지는 모르겠지만 혹시라도 이걸 보게 된다면 정말 너무너무 잘하고있고 이런 노래를 들을때마다 도영이 취향이 내 취향이구나 이생각이 들어 또 웃음이 이쁜 도영이기에 항상 웃는 일만 있었으면 좋겠고 도영이기 전에 동영이고 아이돌이기 전에 사람이니까 슬픈일이 있거나 너무나 걱정되는 일이 있으면 뒤에 있는 시즈니를 생각해줘 항상 이쁘고 사랑스럽게 활동 해줘서 고마워!,4,2024-04-06T00:11:14Z,2024-04-06T00:11:14Z
Ugzr1IyQWju3fHdU5894AaABAg,,False,@bambileehee,Can't wait for this masterpiece ❤❤❤,2,2024-04-06T00:02:50Z,2024-04-06T00:02:50Z
UgyKU6DhXUZDjuH5M5p4AaABAg,,False,@bambileehee,0:39 it reminds me of my demon,3,2024-04-06T00:01:48Z,2024-04-06T00:02:22Z
UgxW-_FIODAEQxZBkrB4AaABAg,,False,@bambileehee,Omg his voice is just sooooo angelic,4,2024-04-06T00:01:00Z,2024-04-06T00:01:00Z
UgzsAHslSDX3tIc1Aax4AaABAg,,False,@Dn6f,가사에 쓰인 단어 하나하나 다정한게 김도영 그자체인 노래. 딱 너다운 노래를 가지고 와줘서 고마워💚,2,2024-04-05T23:51:55Z,2024-04-05T23:51:55Z
Ugxo3XKY5Xs97IQbXZR4AaABAg,,False,@Sum_mer1401,온 세상을 가득 벅차게 노래할거라는 가사 도영이 아니면 누가 소화해? 매번 온 마음을 다해 노래해주는 우리 도영이가 체고야💕💕💕💕💕,0,2024-04-05T23:51:38Z,2024-04-05T23:51:38Z
UgydWddyEd7pRNVOqw14AaABAg,,False,@Sum_mer1401,내 평생을 청.포.도하려고 태어났다 얼른 22일 되라!!!,2,2024-04-05T23:50:50Z,2024-04-05T23:50:50Z
UgxTgc-FxZHlQGH5ejN4AaABAg,,False,@ddyoing21,청춘이야...,1,2024-04-05T23:36:44Z,2024-04-05T23:36:44Z
Ugztjnil7SqL39ioR5d4AaABAg,,False,@junglecat_rant,I am sooooooo excited 💚 Can't wait for this heavenly voice 💚,0,2024-04-05T23:32:32Z,2024-04-05T23:32:32Z
UgwVUwQhzQ40LfX7VJp4AaABAg,,False,@doyamond,so proud of you 🥺,0,2024-04-05T23:31:52Z,2024-04-05T23:31:52Z
UgyM_2IChTOLZxP_J9t4AaABAg,,False,@りり-h4s2g,どよち最高、！！！！！,1,2024-04-05T23:30:50Z,2024-04-05T23:30:50Z
UgyGW2Es-jvbukiZJtN4AaABAg,,False,@mutiarasimarmata1181,Concept nya cantik gasabar mv nya sama suaraa kak doy!!,0,2024-04-05T23:25:33Z,2024-04-05T23:25:33Z
UgxFs9WDLPpNblw82zF4AaABAg,,False,@naratulkubayeva7665,넘 아름다운 ㅠㅠ,0,2024-04-05T23:12:20Z,2024-04-05T23:12:20Z
UgzynJW8ahq4-MqV0NR4AaABAg,,False,@marimo340,マジでずっと聴いていられる…,2,2024-04-05T23:09:08Z,2024-04-05T23:09:08Z
UgzxAhKObXaEDaVnATp4AaABAg,,False,@sMilelikeAstarr,your voice is magical,2,2024-04-05T23:08:03Z,2024-04-05T23:08:03Z
UgxWvuWfujQ2H5tyN0R4AaABAg,,False,@itsme-tp6yu,Amazing as always,1,2024-04-05T23:04:38Z,2024-04-05T23:04:38Z
UgwZCyJp62ge2eSGyCh4AaABAg,,False,@뭔소리야짜증나게뭔소,진짜 너무너무 좋아ㅠ 걍 가사도 김도영 그자체야.. 노래 좋아하는 동영이야 진짜..🥹 도영아 노래 해줘서 고마옹..🫶 울 명창토끼.. 평생 노래 해줘🐰🩷 온 세상이 노래 하는 도영이를 응원한다…,5,2024-04-05T22:58:49Z,2024-04-05T22:59:08Z
UgxeELcgVEmBIv8YIqJ4AaABAg,,False,@EH-eg9qi,아 왜벌써 눈물날것같지?ㅜㅜ,2,2024-04-05T22:54:05Z,2024-04-05T22:54:05Z
Ugw_Qo4GPgyqIB6HR954AaABAg,,False,@yvesy1880,Sooo beautiful.... I'm so happy Doyoung is finally debuting,2,2024-04-05T22:38:39Z,2024-04-05T22:38:39Z
UgzHBdXgfdJp3oQwsIV4AaABAg,,False,@v_olin,빨리나와라.....,2,2024-04-05T22:37:16Z,2024-04-05T22:37:16Z
UgzrP9U1Kq__P6Hsb1N4AaABAg,,False,@ddmm6856,미친거 아니야 김동영 ㅠㅠㅠㅠㅠㅠ목소리에 녹는다ㅠㅠㅠㅠ,2,2024-04-05T22:24:56Z,2024-04-05T22:24:56Z
UgwUkFLJWQ5NP4DNBhJ4AaABAg,,False,@ace1276,"노래가 주는 메시지, 보컬 완벽하다💚 지치는 삶이지만 도영이🐇 덕에 버틴다. 힘들때마다 127 멤버들 보러 갈 기회들이 종종 생겨 힐링한다ㅠㅠ 솔로 데뷔해서 너무 행복하고 28일에 만나 김도영🍀",1,2024-04-05T22:22:53Z,2024-04-05T22:22:53Z
UgzqZ3uZi73zuPou0AZ4AaABAg,,False,@marc-kg3jr,Doie 🥹🥹💚💚,0,2024-04-05T22:09:24Z,2024-04-05T22:09:24Z
Ugy6gTQ5ybmos5ikO314AaABAg,,False,@marc-kg3jr,Im gonna cry,0,2024-04-05T22:09:10Z,2024-04-05T22:09:10Z
UgymKLOe1zFQmGyyaf14AaABAg,,False,@alongwayout885,THIS IS SO FREAKING BEAUTIFUL OH MY GOD,0,2024-04-05T22:06:07Z,2024-04-05T22:06:07Z
UgyDNPyeZWIpNN-2lRV4AaABAg,,False,@neftalee_,"Ariel, is that you? 🦞",2,2024-04-05T21:50:58Z,2024-04-05T21:50:58Z
UgxCWLPTpHbEV1H5UEx4AaABAg,,False,@fitrasjh6009,Cantik banget,0,2024-04-05T21:44:03Z,2024-04-05T21:44:03Z
UgxURxRT9q0oXsFsfkt4AaABAg,,False,@maiaguirre,"¡Por fiiin! Esperé mucho este momento. Amo mucho la voz de Doyoung, por eso es uno de mis cantantes favoritos de NCT. Sin dudas, lo escucharé.
Deseo que le vaya muy bien y todo el éxito del mundo.",3,2024-04-05T21:31:13Z,2024-04-05T21:31:13Z
UgzydBICxZ4_1Xs8JzB4AaABAg,,False,@inoutinout701,도영아 너가 들려주고 보여주는 모든 것에는 너의 따뜻함이 담겨있어 항상 너의 마음을 담아서 이렇게 들려줘서 고마워♥,3,2024-04-05T21:30:08Z,2024-04-05T21:30:08Z
Ugyl4yxPSdUuOjuxtEt4AaABAg,,False,@yeehaw4073,❤❤❤,0,2024-04-05T21:26:05Z,2024-04-05T21:26:05Z
UgwUI2eOSsk7WxUj37V4AaABAg,,False,@desvinaaulia2559,Its beautiful intro film,4,2024-04-05T21:22:57Z,2024-04-05T21:22:57Z
UgyB4wskL6TBqSXoZkh4AaABAg,,False,@izzyBrun,Incredible! It looks so good and his vocals 😮,2,2024-04-05T21:21:25Z,2024-04-05T21:21:25Z
UgzrbPIAVY2Os939t7N4AaABAg,,False,@goyoung4388,"Seeing this video makes us nostalgic for our childhood, I just really like all of this",5,2024-04-05T21:11:11Z,2024-04-05T21:11:11Z
UgwDL3x8zgLoYjq7Z8x4AaABAg,,False,@MyrnadelCarmenFlores,So beautiful voice❤,2,2024-04-05T20:58:12Z,2024-04-05T20:58:12Z
UgwEobYfMXljilVa0-54AaABAg,,False,@asya8715,My mermaid doyoung,4,2024-04-05T20:52:57Z,2024-04-05T20:52:57Z
UgwcRii2Hdn6WW8KhW14AaABAg,,False,@joselyngarcia5702,"Estoy tan orgullosa de Doyoung, sé que será un gran álbum 🤍",2,2024-04-05T20:45:38Z,2024-04-05T20:45:38Z
UgzlXPxt7EaW6DZeKiJ4AaABAg,,False,@dy_kudomi,Mermaid boyy😭😭😭🩵🩵🩵🩵,5,2024-04-05T20:25:46Z,2024-04-05T20:25:46Z
Ugx1-98gUz5Rk5AK3-J4AaABAg,,False,@asya8715,"Doyoung, you're so amazingggg",6,2024-04-05T20:19:57Z,2024-04-05T20:19:57Z
UgyV_M6Tq3JXBEOZNI94AaABAg,,False,@elainevivi,i'm so happy to see doyoung getting this level of production. and it's even a full album!! the whole thing is just as beautiful and epic as his voice deserves,28,2024-04-05T20:19:25Z,2024-04-05T20:19:25Z
Ugwu5_6Ii1tYWxopnON4AaABAg,,False,@adzrilrafifhafizhan8475,"Yoo broo, your intro film was good!  Good luck on your solo debute, Doyoung",6,2024-04-05T20:16:00Z,2024-04-05T20:16:00Z
UgxiWF89MabAJJW99aB4AaABAg,,False,@1996yrs,so proud of doyoung 🩵💜,4,2024-04-05T20:12:07Z,2024-04-05T20:12:07Z
UgyIprg6P9Hf_Rlg6O54AaABAg,,False,@i.c.e_ice,แค่ดนตรีขึ้นก็ร้องไห้แล้ว ยิ่งได้ยินเสียงที่นี่หนักเลยยย,2,2024-04-05T20:09:32Z,2024-04-05T20:09:32Z
UgzqzMD4zZYl66xibux4AaABAg,,False,@alesyakun7817,Ah tam bir prens..,2,2024-04-05T20:06:16Z,2024-04-05T20:06:16Z
Ugy2RwctELybSNfmH1Z4AaABAg,,False,@chokyuhyun905,Ganteng sekali doyoung kita,4,2024-04-05T20:05:49Z,2024-04-05T20:05:49Z
UgytI0A5Izms-CrA6iV4AaABAg,,False,@user-jz8jy6st8p,ドヨンさんずっと大好きだよ,4,2024-04-05T20:03:29Z,2024-04-05T20:03:29Z
UgxUAqKJB-oEMWO0oYZ4AaABAg,,False,@zazasusie,I am excited just by this intro film. Can't wait!🥰,4,2024-04-05T20:00:27Z,2024-04-05T20:00:27Z
UgwTi7MZdhGaT7R_itt4AaABAg,,False,@kdy323,IM OBSESSED,2,2024-04-05T19:57:59Z,2024-04-05T19:57:59Z
UgzoURVR6rKrt5XO3Vx4AaABAg,,False,@antoniaskz7503,Eres increible hermoso Doyoung y tienes una gran voz me encantas!!!🥰💖,3,2024-04-05T19:53:26Z,2024-04-05T19:53:26Z
Ugw7xE6ChUGZtKga0lp4AaABAg,,False,@kimseeczn7262,i am in love with your voice doyoung aaaaa <3 you have my heart doyoungieee. please sing forever :D i love you!!,1,2024-04-05T19:50:10Z,2024-04-05T19:50:39Z
Ugy4LluDpCg7bXDizUh4AaABAg,,False,@pon-ok6bo,歌声聴いた途端、涙こぼれた,4,2024-04-05T19:47:16Z,2024-04-05T19:47:16Z
UgwJ-Wg3yUl0iz-bij14AaABAg,,False,@jungwonsdimpless,THE BEST SOLO TO EVER EXIST❤,3,2024-04-05T19:41:08Z,2024-04-05T19:41:08Z
Ugyksn6i2sSbzfjNIrt4AaABAg,,False,@jungwonsdimpless,KIN DOYOUNG THE MAN YOU AREEE❤❤❤❤❤,0,2024-04-05T19:40:56Z,2024-04-05T19:40:56Z
Ugx7kdj8kixPo87VP9J4AaABAg,,False,@jungwonsdimpless,I GOT GOOSEBUMPS,3,2024-04-05T19:40:32Z,2024-04-05T19:40:32Z
Ugx7kdj8kixPo87VP9J4AaABAg.A1r_yTh1AVtA1s96EDSf9P,Ugx7kdj8kixPo87VP9J4AaABAg,True,@haddody,Thats what i've been sayiiiiing,1,2024-04-06T00:56:18Z,2024-04-06T00:56:18Z
Ugy4R61cPBJscO0OZVB4AaABAg,,False,@Userjantofebfor14,정승환- 에필로그,0,2024-04-05T19:38:37Z,2024-04-05T19:38:37Z
Ugz1jQsG0Wt46inUaUp4AaABAg,,False,@wtfyoutube,너무 좋다 진짜로...,4,2024-04-05T19:27:03Z,2024-04-05T19:27:03Z
UgyA4j_M3jiYk_KDvvZ4AaABAg,,False,@MyattThiri-te8zg,Have never seen an intro film that’s so nostalgic like that,2,2024-04-05T19:03:12Z,2024-04-05T19:03:12Z
UgyhtyplfvmYWPoVvTB4AaABAg,,False,@eva78967,The best DY👏👏,1,2024-04-05T18:38:17Z,2024-04-05T18:38:17Z
UgwLoquqo2e_8RHdbHB4AaABAg,,False,@suluchewy,Beautiful it loooks like the intro for a movie ... I got Little Mermaid vibes ... nice...looking forward to seeing it.,4,2024-04-05T18:34:28Z,2024-04-05T18:34:28Z
UgzrCBtUpgiXEVTwMBF4AaABAg,,False,@pandoraspeachy_1150,Sweet vocals doy ♡,1,2024-04-05T18:33:11Z,2024-04-05T18:33:11Z
UgwCqPPTd2-vFQqOCnB4AaABAg,,False,@bellovebya4661,Sos increíble doyo,0,2024-04-05T18:28:40Z,2024-04-05T18:28:40Z
UgxfigxudxnEoU3xDJ54AaABAg,,False,@나나-o3w7q,"동영아 사랑해! 넌 날 모르고 또 난 너의 아주 작은 부분만 알겠지만..
그럼에도 난 너가 노래하는 한 영원히 널 사랑하게되겠지ㅠ
이번 앨범 너무너무 기대되고~ 행복하게 노래할 도영일 생각하니 난 벌써 행복해졌다
널 생각하면서 쓴 글에 사랑과 행복뿐이니 도영인 사랑과 행복인가보오..🥺",5,2024-04-05T18:22:37Z,2024-04-05T18:22:37Z
Ugxfe3HVmlx3jhE1HqN4AaABAg,,False,@Plan2541,really love our Doyoung and his voice ❤,0,2024-04-05T18:11:27Z,2024-04-05T18:11:27Z
UgwKsk2JmgNGGczgt5l4AaABAg,,False,@효원최-j6z,"도영아 어쩌면 너는 이걸 다 보고잇을 거라는 생각이 들어, 그래서 조심스래 댓글을 남겨. 도영이가 도영이의 색을 뚜렷하게 알고 있는 것 같고, 그 곳을 향해 달려가는 느낌이 들어서 너무 좋다. 네가 이 길을 걷기 위해 얼마나 노력했는지 알아서 우리에게 더 감사하고 값진 노래일 것 같아. 도영아 잘 해내고 있어. 앞으로도 너를 위해, 우리를 위해 노래해줘.",67,2024-04-05T18:09:51Z,2024-04-05T18:09:51Z
Ugyyyv4y3cYJStqUh-h4AaABAg,,False,@jff2000,BEAUTIFUL,0,2024-04-05T18:09:06Z,2024-04-05T18:09:06Z
UgxC2es3lyjC82XGUIN4AaABAg,,False,@jondistefano288,soo very heart warming this teaser film is and awesome,1,2024-04-05T18:08:59Z,2024-04-05T18:08:59Z
UgxJbQjP9WF9FPsJcLV4AaABAg,,False,@mmmyyy3426,So proud of you Doyoung 🩵,0,2024-04-05T17:59:48Z,2024-04-05T17:59:48Z
Ugwuw5V-Vjz2pSvqdc14AaABAg,,False,@kang4595,"this is a true work of art.  doyoung, you have outdone yourself.",2,2024-04-05T17:57:17Z,2024-04-05T17:57:17Z
UgyRoJEl4tmQi37HaSN4AaABAg,,False,@kimdoyo515,SO PROUD OUR KIM DOYOUNGGGGGGG,0,2024-04-05T17:48:51Z,2024-04-05T17:48:51Z
UgwrP2bcK6Jpm66j6St4AaABAg,,False,@kimdoyo515,DOYOUNG DOYOUNG DOYOUNG,0,2024-04-05T17:48:33Z,2024-04-05T17:48:33Z
UgxWykc84XqkePHsD4F4AaABAg,,False,@kimdoyo515,Kim doyoung I love you so much... gila keren banget sih ini..,1,2024-04-05T17:48:19Z,2024-04-05T17:48:19Z
Ugz5TGNgiPCzwQ_Su214AaABAg,,False,@MM-vz1ol,"歌手になってくれてありがとう♡
ディズニーの曲みたい!!楽しみ〜",4,2024-04-05T17:47:59Z,2024-04-05T17:47:59Z
UgzNox6zqcafvqf69394AaABAg,,False,@rounaulisabettambunan7736,Sayangku 💙,0,2024-04-05T17:42:51Z,2024-04-05T17:42:51Z
UgxZKwkvrGS7SH_Un3x4AaABAg,,False,@lali_doyoung,"The video and images are gorgeous. The blue colors of the depths of the sea are also considered a symbol of spirituality, tranquility, sensitivity and mystery, Doyoung's favorite color. Purple is the color of metamorphosis, transition, mystery and magic, the color I love. Then we have brown which is a symbol of loyalty, reliability, stability, constancy and materiality, it is the color most associated with the earth. Fantastic combination of colors and emotions. I listened to this beautiful voice, with that unique timbre that I would recognize among a thousand and I finally understood why I love Doyoung. His voice is like music, universal. A language that only a few know how to use well. When Doyoung sings there is no universe unknown to him, his emotions he manages to convey to any people, to any culture, to any heart. 💙💜🤎🐰",15,2024-04-05T17:33:09Z,2024-04-05T17:33:09Z
UgzJc4kWRDBu1cKzjMN4AaABAg,,False,@plumhtv3891,"Oooooh I got so much goosebumps when the voice came in!
What a wonderful video and song, I like it so so much!

I will check your songs, I'm sure there will be much more surprises like this one! 😮",0,2024-04-05T17:31:35Z,2024-04-05T17:33:37Z
UgyIMbY517Whro2Zd5N4AaABAg,,False,@이세이-b7e,도영이다워서 좋아,2,2024-04-05T17:30:02Z,2024-04-05T17:30:02Z
Ugy5AOIScAeFGrieij94AaABAg,,False,@choc0b4ll,eh kiểu chưa bao h replay một cái intro nào của idol nhiều như này í =))))) bấm vào nghe xong đắm đuối vl ngày phải nghe đến 7 lần r í =)))),0,2024-04-05T17:29:18Z,2024-04-05T17:29:18Z
UgzQCsxfzP151lsj9Kx4AaABAg,,False,@y-siwan,doyoung disney princess,1,2024-04-05T17:28:43Z,2024-04-05T17:28:43Z
Ugw6mCX-Vdl3jiYM84p4AaABAg,,False,@Chandalye,"La canción será majestuosa🩵
Me recuerda a Disney",0,2024-04-05T17:24:37Z,2024-04-05T17:25:27Z
UgzUpyWygUjHDzNac654AaABAg,,False,@채원-p5s,아 진짜 너무 기대된다,2,2024-04-05T17:24:07Z,2024-04-05T17:24:07Z
Ugyzl0qlC7fMRqIg_pR4AaABAg,,False,@angeliaputrisa,KIM DOYOUNG FIGHTING!! LOVE YOU SO MUCH BOY 🩵🤍🩵🤍,0,2024-04-05T17:22:29Z,2024-04-05T17:22:29Z
UgzlyjjwYSpVQ_-AZu14AaABAg,,False,@dellynann,Disney Prince 💙,1,2024-04-05T17:14:27Z,2024-04-05T17:14:27Z
Ugw8IaixUOr7mTzsnKx4AaABAg,,False,@srihastutie5438,Doyoung mirip bgt Naevis disini,0,2024-04-05T17:00:45Z,2024-04-05T17:00:45Z
Ugw0VlhWB3qVt_4VMXF4AaABAg,,False,@existentialcrisis233,i love how everyone agrees that doyoung is the little mermaid lol,1,2024-04-05T16:59:41Z,2024-04-05T16:59:41Z
UgxaXdAoI6gyuPNXIPV4AaABAg,,False,@kylanaelnuelzy,KEREN BANGET SUMPAAA COWOKUUUU,0,2024-04-05T16:49:58Z,2024-04-05T16:49:58Z
Ugwp9-_0RAFIj_JfRSx4AaABAg,,False,@inno_san_,0:38 could someone translate or tell me the lyrics? 🥲,0,2024-04-05T16:49:42Z,2024-04-05T16:49:42Z
UgzlQdHI8hXIMZdp6qZ4AaABAg,,False,@쩔부요우마,"도영아 역시나 이번에도 아름다운 노래 들려줘서 고마워
내가 표현하는것 보다 훨씬 더 많은 빛을 비추어주고 있어
고마워",5,2024-04-05T16:45:54Z,2024-04-05T16:45:54Z
UgwhUQaf6enITUmDmSx4AaABAg,,False,@yuinwon,티저를 보기보다 들으려고 무한재생한 건 살면서 진짜 처음 해 봄 티저 근데 너무 일찍 푼 거 아니니 어떻게 기다려 이제 4월 첫 준데😢😢😢😢 스엠 최초 솔로데뷔가 정규앨범인 김도영 기대할게 수록곡 녹음 영상도 다 풀거라 믿을게 스엠제 특유 굉장히 많은 백보컬이 너무 기다려짐 김도영 백보컬만으로 이루어진 곡이면 하 벌써 애가 타 흙흙 너무 행복해서 미침,3,2024-04-05T16:43:45Z,2024-04-05T16:43:45Z
UgyMgcJ4KsFEUK1QHEN4AaABAg,,False,@sunshine_is_happy,뭐야..? 우리도영이 인어공주야? 와... 뭐야? 아니 나 이노래 평생들어ㅠㅠㅠㅠㅠㅠㅠ,4,2024-04-05T16:39:46Z,2024-04-05T16:39:46Z
UgzQoQFMmOyR4x-NVgN4AaABAg,,False,@orxjr,全てが綺麗すぎるさすがドヨンさんを表す曲だ,4,2024-04-05T16:39:15Z,2024-04-05T16:39:15Z
Ugzd8wBZeYJ5b8zB2gJ4AaABAg,,False,@doiejen,예뻐… 천사이야 🤍,2,2024-04-05T16:38:54Z,2024-04-05T16:38:54Z
Ugwrasqa3C7SrPtJJ8d4AaABAg,,False,@csj6956,도영이 목소리 진짜 어떤 말로 표현해야되나 그냥 좋다는 말론 너무 부족해,2,2024-04-05T16:37:52Z,2024-04-05T16:37:52Z
Ugw-VlKCjg_ux47CQ_t4AaABAg,,False,@orxjr,本当にみんなが幸せになれる歌声で聴いた瞬間に涙出てきた、、！これフルで聴いたら絶対に号泣します（ ;  ; ）,1,2024-04-05T16:37:08Z,2024-04-05T16:37:08Z
Ugw2_eVNA-a8d4UiQ1h4AaABAg,,False,@cutebunnyhops,"So excited for a new chapter, doyoung becoming a soloist and artist is such a dream come true. Wish him only the absolute best",4,2024-04-05T16:36:12Z,2024-04-05T16:36:12Z
Ugw7mx7NT9rg7ggPTmB4AaABAg,,False,@cutebunnyhops,"Such beautiful intro, doyoung's amazing vocals, his written lyrics and amazing visual",4,2024-04-05T16:35:33Z,2024-04-05T16:35:33Z
UgxqS2QRoMeInjgzzk94AaABAg,,False,@griome.,โดยองเป็นความสุขในวัยเยาว์ของเราจริงๆนะ 🩵,0,2024-04-05T16:33:47Z,2024-04-05T16:34:26Z
UgzkzfjwdIvcJ3pubVl4AaABAg,,False,@ginaidaamiceteensa6080,my baby 🥰🥰🥰🥰🥰🥰,1,2024-04-05T16:28:08Z,2024-04-05T16:28:08Z
UgwFbVz-yTLZCjTzcLZ4AaABAg,,False,@bluesfield,So excited to hear more 🩵,2,2024-04-05T16:27:49Z,2024-04-05T16:27:49Z
UgyvPtKuOYGwMlCMdal4AaABAg,,False,@Lucala.6,kok kaya intro anime?! mana didukung lagi ama intro filmnya ❤️💚,0,2024-04-05T16:27:35Z,2024-04-05T16:27:35Z
UgzOttWti0bDSgNxWSp4AaABAg,,False,@1odjj2,솔로 너무 기대돼💚💚노래 벌써 좋다 진짜ㅠㅠ,1,2024-04-05T16:25:40Z,2024-04-05T16:25:40Z
UgzfzrJYJNZWMdseEiR4AaABAg,,False,@doie1753,So excited to hear the full song,2,2024-04-05T16:24:14Z,2024-04-05T16:24:14Z
Ugyouwao7u7DynRsSrp4AaABAg,,False,@junnad9376,omg my doyoung❤❤❤ proud of u❤,0,2024-04-05T16:24:11Z,2024-04-05T16:24:11Z
UgyZfDBF4krZ78ja7214AaABAg,,False,@tkk9698,เพราะมาก เพราะมากจริง ๆ ปังแน่ รอ รอ รอ รอวันที่ 22 April 2024  กาญรักโดยอง💙,0,2024-04-05T16:23:01Z,2024-04-05T16:23:01Z
Ugz22mergs58uZM_zm54AaABAg,,False,@isalvim,"oh my god this is EXACTLY how i imagined his solo debut would sound like!! so gorgeous

i can’t wait",12,2024-04-05T16:18:38Z,2024-04-05T16:18:38Z
Ugy-WeAgjHsUdjZ1JXp4AaABAg,,False,@yada6734,อยากฟังของเต็มแล้ววว❤❤,0,2024-04-05T16:15:42Z,2024-04-05T16:15:42Z
UgzkIN4o65hBYAkBSRl4AaABAg,,False,@5kull0x,este es el príncipe de disney que yo quiero,0,2024-04-05T16:13:07Z,2024-04-05T16:13:07Z
UgwEeQBTi9o4c-DpFRN4AaABAg,,False,@멍멍-y3o,"유튜브 뮤직 최고,,,  이걸 한곡반복으로 들을 수ㅜ있다니 빨리 전곡 다 듣고싶다",2,2024-04-05T16:12:58Z,2024-04-05T16:12:58Z
UgynjUFEsZxvPd8DWU54AaABAg,,False,@hayoonooyah,김도영이 말아주는 청춘? 이거 된다,1,2024-04-05T16:08:58Z,2024-04-05T16:08:58Z
Ugz1iKrGh82615z5KqF4AaABAg,,False,@8instar,"I CAN'T WAIT ANYMORE, I WANT THIS RIGHT NOW  😭💖",1,2024-04-05T16:06:49Z,2024-04-05T16:06:49Z
UgwjRwBTf6tPblPULQd4AaABAg,,False,@satisfiedpuppy,또 들으러 왔어 도영아🩵,2,2024-04-05T16:04:23Z,2024-04-05T16:04:23Z
UgxNWyDuxmNtShGzSAR4AaABAg,,False,@17love.,💚💚💚💚,0,2024-04-05T16:01:53Z,2024-04-05T16:01:53Z
UgzVh9aGfr-izvHNX3F4AaABAg,,False,@overthem2on,โปรดักชั่นดีจิงๆแก อยากฟังเพลงเต็มแล้วววว❤❤❤,0,2024-04-05T16:01:26Z,2024-04-05T16:01:26Z
UgzJQt1KVjdyEfDN-aB4AaABAg,,False,@dec1ee278,🩵🩵🩵🩵🩵😭😭😭😭,0,2024-04-05T15:59:58Z,2024-04-05T15:59:58Z
Ugxq8R_0Qolb8ZxOs4h4AaABAg,,False,@Aleczennie,IT'S SO MAGICAAAAAAAL!!!! 😭💙😭💙😭💙😭💙😭,0,2024-04-05T15:59:07Z,2024-04-05T15:59:07Z
UgxYoPx5sFz2CeC8TuV4AaABAg,,False,@Doyoung0102,ภูมิใจในตัวโดยองมากๆ สิ่งที่โดยองตั้งใจทำมาตลอดวันนี้ทุกคนจะได้เห็นและฟังเพลงที่โดยองร้องแล้วนะ ยินดีกับเดบิวต์โซโล่ด้วยจริงๆ,0,2024-04-05T15:51:38Z,2024-04-05T15:51:38Z
UgzUtESDXSZqxVWJ5jZ4AaABAg,,False,@vitaniaar,"CAN'T WAIT CAN'T WAIT MY LOVE, I LOVE THISSS I WANNA HEAR THE FULL SONGS ❤ LOVE YOU DOIE",2,2024-04-05T15:50:28Z,2024-04-05T15:50:28Z
Ugxj4TelAIbK4pqplMx4AaABAg,,False,@mhamhaizz,너무 예쁨 ㅜㅜ,2,2024-04-05T15:49:32Z,2024-04-05T15:49:32Z
UgzTvFzenkjdFuQkCcZ4AaABAg,,False,@Amaildswe,"와 도영 형 대박가자고!!!

노래 넘 좋아 ㅠㅠ",3,2024-04-05T15:45:15Z,2024-04-05T15:45:15Z
Ugx0Mbgyo2BYn2TAGCV4AaABAg,,False,@berryoio,Doyoung voice is so beautiful 🩵🥺,2,2024-04-05T15:42:11Z,2024-04-05T15:42:11Z
UgyrcIhjMqUokLk3e4Z4AaABAg,,False,@kiimGeena63,MY DEMON ❤😅,0,2024-04-05T15:41:24Z,2024-04-05T15:41:24Z
UgxigZTZ-cqQTIcUenZ4AaABAg,,False,@itsme-030hehe,도영오빠 저 곧 첫 고등학교 시험봐요  노래가 시험 이틀전에 나오더라구요. 제 청춘을 응원해준다고 생각할게요 항상 너무너무너무 응원해요 많이 좋아하고있어요 이번 앨범은 아마 앞으로도 저의 가장 찬란한 지금을 나타낼거에요.  오빠의 모든 발자취를 응원해요. 항상 믿고 고마워하고 있어요🙋‍♀️,2,2024-04-05T15:40:22Z,2024-04-05T15:40:22Z
UgzkXstrr3zpchZ1XRJ4AaABAg,,False,@aprilfools00,"도영오빠, 너무 멋있어요 난 이것이 좋아👌",2,2024-04-05T15:39:03Z,2024-04-05T15:39:03Z
UgycTVBiqebDbjqnVVB4AaABAg,,False,@mkl0802,"vibes nya jepang gitu ga sihhh, kerenn🥺",0,2024-04-05T15:35:59Z,2024-04-05T15:35:59Z
UgzbsGaVLAEThJMPMCR4AaABAg,,False,@qedjvkvk,진짜 청량하고 벅찬 느낌의 노래…너무 좋아🥹🥹,3,2024-04-05T15:35:38Z,2024-04-05T15:35:38Z
UgwrpOComdtN2-aawBt4AaABAg,,False,@mkl0802,"cantik bgt konsepnyaaa, di tambah sama suara doyoung yg indah jadi makinn bagusss🥺",3,2024-04-05T15:35:34Z,2024-04-05T15:35:34Z
UgwudriOwYJt99ubmC54AaABAg,,False,@hoapark3519,🩵🩵🩵🩵🩵,0,2024-04-05T15:35:22Z,2024-04-05T15:35:22Z
UgygULTnSenA63aZu2t4AaABAg,,False,@hoapark3519,❤❤❤ Yêu lắmmmm,0,2024-04-05T15:35:15Z,2024-04-05T15:35:15Z
Ugy-uN-szj6jV7ygTo54AaABAg,,False,@hoapark3519,大丈夫❤,0,2024-04-05T15:34:37Z,2024-04-05T15:34:37Z
UgyXPJX2HVOuxdBZD2J4AaABAg,,False,@mkl0802,so beautiful 🥺,1,2024-04-05T15:34:32Z,2024-04-05T15:34:32Z
UgwRAF7B2yjWF_FH3il4AaABAg,,False,@mkl0802,aaaa bagus bangetttttt,0,2024-04-05T15:34:20Z,2024-04-05T15:34:20Z
Ugz98GQ8VHtIQG732kF4AaABAg,,False,@surf__black204,หูเคลือบทองแล้ว,0,2024-04-05T15:34:14Z,2024-04-05T15:34:14Z
UgxqF9bTv3iimjxqwqp4AaABAg,,False,@kdy323,This song will forever be in my heart since its the start of something beautiful i can’t believe i finally got my soloist doyoung im so emotional 🥹,10,2024-04-05T15:34:02Z,2024-04-05T15:34:02Z
Ugx4Vmq1rn9jiCMNM-N4AaABAg,,False,@Chuurostrades,It’s giving such Disney vibes 😭,1,2024-04-05T15:30:03Z,2024-04-05T15:30:03Z
Ugx4Vmq1rn9jiCMNM-N4AaABAg.A1r8IqREuDkA1r8qf5hdy0,Ugx4Vmq1rn9jiCMNM-N4AaABAg,True,@haddody,Yesss,0,2024-04-05T15:34:48Z,2024-04-05T15:34:48Z
UgwOnaRCjdTdIS9CzIB4AaABAg,,False,@ditakditak-zz6vy,I LOVE YOU DOYOUNGGGG!!!🤍🤍🤍,3,2024-04-05T15:27:44Z,2024-04-05T15:27:44Z
UgzgXDy6pav7-QJ6sIl4AaABAg,,False,@dudksa1r,우리가 다시는 없을 새봄의 선율을 선물해줄게 도영아 사랑하고 응원해,10,2024-04-05T15:25:32Z,2024-04-05T15:25:32Z
UgwsfGtEPKYE6QW196B4AaABAg,,False,@do0855,the greatest singer of all time,2,2024-04-05T15:22:45Z,2024-04-05T15:22:45Z
Ugz_7SynCnIA-PYo7iF4AaABAg,,False,@Chihanliu,This is so good!!!!! Thanks for Doyoung’s beautiful voice ❤,3,2024-04-05T15:22:10Z,2024-04-05T15:22:10Z
UgyKFj_ubgwe6uxjPP54AaABAg,,False,@wwitounx,"이번노래도 도영이의 감성이 가득 들어있는것 같아서 너무 기대돼 언제나 그랬던것처럼 이번에도 잘할거라고 믿어
늘 응원할게",86,2024-04-05T15:21:25Z,2024-04-05T15:21:25Z
Ugx1WiMd9v6AWTbe0wR4AaABAg,,False,@Pierre-gracie,"아니 이렇게 맛만 보여주고 22일에 나오면 어떡해요
진짜 애초에 보지를 말걸 못 기다리겠어요,,",3,2024-04-05T15:21:19Z,2024-04-05T15:21:19Z
Ugw_tqUbxfHDsbpJd654AaABAg,,False,@asya8715,So pretty like Doyoung,2,2024-04-05T15:20:53Z,2024-04-05T15:20:53Z
UgxpSHQtmvWSI0GgitB4AaABAg,,False,@kdy323,Is it just me that is obsessed with this song? The intro doyoungs voice i play it over and over again 😭,8,2024-04-05T15:19:19Z,2024-04-05T15:19:19Z
UgxpSHQtmvWSI0GgitB4AaABAg.A1r74EEb0JRA1r7CyIUeGj,UgxpSHQtmvWSI0GgitB4AaABAg,True,@asya8715,Me too,3,2024-04-05T15:20:30Z,2024-04-05T15:20:30Z
UgzwWAKpNRT0NAPK89B4AaABAg,,False,@kdy323,The start of soloist doyoung 🥹 we are finally seeing a glimpse of what his personal style is,9,2024-04-05T15:18:47Z,2024-04-05T15:18:47Z
UgyCThEQtMotu3t0_k14AaABAg,,False,@아기토끼김도영원히사,미성인데 단단한거.. 유리인데 안깨지는 유리.. 다이아몬드같다 도영아 진짜 너무 좋다…,6,2024-04-05T15:17:45Z,2024-04-05T15:17:45Z
UgwgFdYBmfBhBc2Xrwx4AaABAg,,False,@ssmm1784,"良すぎて😇💦
どよちの声と、壮大な音楽が最高😭💚💚💚💚💚💚💚",3,2024-04-05T15:15:36Z,2024-04-05T15:15:36Z
Ugz_i_05jCmA101JQTR4AaABAg,,False,@jkjyhs,"이 노래 듣고 싶어서 계속 동영상 반복재생중
22일 언제되냐 빨리 전곡 듣고 싶다",29,2024-04-05T15:14:54Z,2024-04-05T15:14:54Z
Ugw6ONEwtyRJCFeT1k54AaABAg,,False,@나나-g6m,요정이야 우리 도영이,0,2024-04-05T15:12:11Z,2024-04-05T15:12:11Z
UgynQ9Q_aFQC8jzaE6Z4AaABAg,,False,@agustinaaa0813,Doyoung's voice is like heaven ✨,4,2024-04-05T15:11:34Z,2024-04-05T15:11:34Z
Ugz5LxfGZ4RR7zRNSBZ4AaABAg,,False,@尚-b7k,On The まゆげ👏On The まゆげ👏,0,2024-04-05T15:08:10Z,2024-04-05T15:08:10Z
UgwiVyxWySyqMPHmHv54AaABAg,,False,@올포포즈,고마워 도영,0,2024-04-05T15:07:15Z,2024-04-05T15:07:15Z
UgwvHwAjkbFnmpqtTdh4AaABAg,,False,@尚-b7k,ま、前髪…………,1,2024-04-05T15:07:01Z,2024-04-05T15:07:01Z
UgzsozDEOAiE8YuLkXd4AaABAg,,False,@thanabeam1103,That's great! Doyoung voice is so beautiful. ❤,4,2024-04-05T15:04:57Z,2024-04-05T15:04:57Z
UgyFqdZWuPkE7hQ6hJJ4AaABAg,,False,@尚-b7k,ド👏ヨ👏ン👏,1,2024-04-05T15:04:27Z,2024-04-05T15:04:27Z
UgyMIzwhaclKzlyoyPh4AaABAg,,False,@miftasabilaputrimifta6407,"Kerennn bangettt, indah, cantikkkk, semuanyaaaa jadiii satuuu bangga bangett samaa doyoungggg 🥺❤️",1,2024-04-05T15:04:01Z,2024-04-05T15:04:01Z
UgxL8MtitskUYg8f5tJ4AaABAg,,False,@intannuraeni1690,cantik bangetttt❤ yakin siihhh dolo sukses besar🥹🩵,0,2024-04-05T15:03:35Z,2024-04-05T15:03:35Z
Ugz5RdWHdIaC-Qzkq1d4AaABAg,,False,@dawan3645,เก่งมากคับเจ้าโด 💚🐰🩵,0,2024-04-05T15:02:27Z,2024-04-05T15:02:27Z
UgyEUIRZytWSqrhE2s94AaABAg,,False,@firetruckanalog,하 이 새파란 청춘을 어쩜 좋냐 ..도영아 너무 좋아너무너무,3,2024-04-05T15:02:22Z,2024-04-05T15:02:22Z
UgxK9XEPkrc3ydja8MN4AaABAg,,False,@GunillaNilsson-d9w,Beatiful.,0,2024-04-05T15:02:10Z,2024-04-05T15:02:10Z
UgyUS7mgjBt56iEqAsN4AaABAg,,False,@taengo821,💚💚💚💚💚💚💚,0,2024-04-05T15:00:41Z,2024-04-05T15:00:41Z
Ugxwln1VI-IGj0ZKDdt4AaABAg,,False,@firetruckanalog,도영아 ㅜㅜㅜ너무 사랑해 ㅜ ㅜ,0,2024-04-05T14:59:07Z,2024-04-05T14:59:07Z
Ugxb8gp6z4H74-AnGu94AaABAg,,False,@Lizen_127,BAGUSS BANGETTT💚💚💚,0,2024-04-05T14:58:05Z,2024-04-05T14:58:05Z
Ugz4uSdvVIvszckP7-94AaABAg,,False,@blueSkyoce,Could imagine this song as inspiring slice of life anime op/ed. Beautiful.,2,2024-04-05T14:53:27Z,2024-04-05T15:22:42Z
UgxGshTonr1STlOhudt4AaABAg,,False,@_tinniegrass,"this intro film is very beautiful 💚😮 
Doyoung's voice + instrumentals + concept + cinematography = MASTERPIECE 🤧",4,2024-04-05T14:52:52Z,2024-04-05T14:52:52Z
UgzOfdMivxWf4HhxgfN4AaABAg,,False,@donglove666,내 청춘을 빛나게 해준 네 청춘에게 감사해,4,2024-04-05T14:49:16Z,2024-04-05T14:49:16Z
UgwgocCIyN6GfSDqZSp4AaABAg,,False,@geeangeles6600,so cinematographic very impressive 👌,3,2024-04-05T14:47:53Z,2024-04-05T14:47:53Z
UgzibZQVlli5kUiLM6l4AaABAg,,False,@고춘식-t1h,김도영 가자💚,2,2024-04-05T14:47:26Z,2024-04-05T14:47:26Z
UgzEt6bnYEI8Gvcg9Qt4AaABAg,,False,@lips0712,Wow so beautiful,3,2024-04-05T14:46:48Z,2024-04-05T14:46:48Z
UgwF_sRSmQfWhKqVyCR4AaABAg,,False,@dailydoseofsya,My favorite voice in the whole world.. Everything about this Intro Film is breathtakingly beautiful.. I'm looking forward to the whole album.. My doyoung you are amazing T__T <3,7,2024-04-05T14:45:09Z,2024-04-05T14:45:09Z
UgzsaRegqa6sJOWGYYJ4AaABAg,,False,@KatukiDo,This is too good,3,2024-04-05T14:44:56Z,2024-04-05T14:44:56Z
Ugx0XtcpEHYd8EPLPuR4AaABAg,,False,@nct_world77,"듣자마자 벅찼는데 도영이 목소리 나오자마자 진짜 소름돋았어 도영이랑 너무 잘어울리는 노래고 진짜 청춘을 노래하고 있는것같아서 눈물이 나더라 한창 청춘을 달리고 있는 도영이는 이렇게 멋있구나 싶었어 건강하게 정규 활동하고 좋은곳에서 도영이 목소리 많이 들려줬으면 좋겠어
어디서든 응원하고 있을게💚",8,2024-04-05T14:39:17Z,2024-04-05T14:39:17Z
UgyU3r-D8ZhP0zLzaMh4AaABAg,,False,@allinaputri6874,disney vibes bangettt!!!!!  pengen nangis udah balik asramaa,1,2024-04-05T14:39:08Z,2024-04-05T14:39:08Z
UgwhHgR8SU9YlOMptqN4AaABAg,,False,@nct.muggle,"우리 도영이가 제일 잘하는 걸로 왔다!!!!!! 무려 10곡이나 가지고!!!!!!!!
나의 왕자님 이번 활동이 도영이에게 오래 기억에 남는 행복이었으면 좋겠다 행복하게 해줄게 도영아 💚",4,2024-04-05T14:38:43Z,2024-04-05T14:38:43Z
UgxXhCRfqMY4BfIPo4V4AaABAg,,False,@Dodolove-f4x,this is a masterpiece,2,2024-04-05T14:34:24Z,2024-04-05T14:34:24Z
UgzhcH-tfhORthirdPJ4AaABAg,,False,@힣힣힣-f9j,정말 객관적으로 너무 좋다 ㅜ,2,2024-04-05T14:32:52Z,2024-04-05T14:32:52Z
Ugwcbpd6hPIVWyNd1SF4AaABAg,,False,@ditta7145,The mv will be beautiful as Doyoung voice. Can't wait Dolo 🤩💚. Doyoung amazing singer 🥰,5,2024-04-05T14:27:20Z,2024-04-05T14:27:20Z
UgxniZU2IrNIweGA-OF4AaABAg,,False,@feb1to9,the lyrics delivered through his beautiful voice and emotion. the whole video is so magical,0,2024-04-05T14:23:18Z,2024-04-05T14:23:18Z
UgzM6a1Jm6P5fyzHR_h4AaABAg,,False,@tokki_doyochii,So beautiful,1,2024-04-05T14:22:03Z,2024-04-05T14:22:03Z
Ugz9syuEwF5SxHSzwNZ4AaABAg,,False,@Dude-tw4kq,"첫소절 듣자마자 고막 뚫리면서 귀지 싹다없어졌네요, 근데 진짜 너무 좋은데…?? 진짜 생각했던 것보다 더 좋아서 깜짝 놀랐음,, 도영아 여기서 더 흥할 일만 남았다",1,2024-04-05T14:19:13Z,2024-04-05T14:19:13Z
UgyH_tt1MP9zZ8astXt4AaABAg,,False,@21ov2,"도영의 노래를 아주 오래도록 기다려왔어
기쁘다 말로 다 못 할 만큼",25,2024-04-05T14:15:33Z,2024-04-05T14:15:33Z
Ugzo_mfZ4YwqcevDJAp4AaABAg,,False,@emz3457,i'm gonna cry,2,2024-04-05T14:10:20Z,2024-04-05T14:10:20Z
UgxZK9UNOuvYdwD-oEd4AaABAg,,False,@FionnaListi,Finally ❤❤❤,2,2024-04-05T14:08:36Z,2024-04-05T14:08:36Z
UgxV4fHIC2V-TYXyewl4AaABAg,,False,@seoji_nlee,"모든지 진심으로, 온 마음 다해 최선을 다하는 동영오빠의 모습을 볼때마다 어쩔땐 너무 고맙기도하고 어쩔땐 제대로 쉬지도 못하는 것 같아 맘이 아프기도 해 
이번 티저를 보고 동영오빠가 음악을 얼마나 사랑하고 주변 사람들을 아끼는지 충분히 느낄 수 있었던 것 같아 :) 좋은 사람 곁에는 좋은 사람이 있듯이 오빠 곁엔 좋은사람들이 넘쳐날거야 !
이 글을 읽을지 안읽을진 모르겠지만, 너무 잘하고 있다는거 말해주고 싶고, 지쳐 그만두고 싶었을때 오빠의 노래들 덕분에 다시 맘을 다잡고 일어설 수 있었던 순간이 많았거든 
이번 솔로앨범에 담긴 오빠의 목소리가 한 곡 한 곡 정말 소중할거야 🤍
많이 애정하고 응원해 :) 오빠와 같이 모든일에 열심히인 팬이 되볼게☺️",5,2024-04-05T14:08:01Z,2024-04-05T14:10:25Z
UgxT6tmgVupUTrOgBFR4AaABAg,,False,@babi_b2546,เข้ามาฟังวันละร้อยรอบไม่เกินจริงเมื่อไร่จะถึง 22 หรอคะนุใจจะขาดแล้วววววววว🥹🥹🥹🥹🥹🫧🌊🫧🌊🫧🫧🫧🪼🪼🪼🪼🪼,0,2024-04-05T14:08:00Z,2024-04-05T14:08:00Z
Ugwd8pmWTK55anspmMh4AaABAg,,False,@yukikarin577,Ini konsep nya pangeran Duyung apa gmn dah 😭😭,1,2024-04-05T14:07:45Z,2024-04-05T14:07:45Z
Ugx-AoO5SvMKaD7evc54AaABAg,,False,@labbit4341,동영아.. 왤케 청량해..??? 미쳤다.. 이 노래가 내 청춘이다.. 마지막 청춘.. nct에 영원히 청춘 바쳐줄게..,3,2024-04-05T14:05:58Z,2024-04-05T14:05:58Z
UgxzQOQQLgrHA9oBwh94AaABAg,,False,@EH-eg9qi,내가수라서가 아니라 노래 진짜잘해,2,2024-04-05T14:04:21Z,2024-04-05T14:04:21Z
UgwAeGeB0khgDpmlpJp4AaABAg,,False,@s-rj5ip,노래 너무 좋다 도영아··· 겁나 기대중이야 나 ‼️😭🩷,1,2024-04-05T14:04:02Z,2024-04-05T14:04:02Z
Ugzg7zSdzhkPB6-k86d4AaABAg,,False,@Haechan-Fullsun,鳥肌…！フル聞くの楽しみすぎる,1,2024-04-05T14:04:00Z,2024-04-05T14:04:00Z
UgwkdyoB08md4CpMD8h4AaABAg,,False,@Cantikv,Cant waittt,0,2024-04-05T14:02:02Z,2024-04-05T14:02:02Z
Ugyv4ERjykO0QFGD3Ed4AaABAg,,False,@Cantikv,KWREN BANGETTTTT,0,2024-04-05T14:00:53Z,2024-04-05T14:00:53Z
Ugxh3tE2CJ9d7QGsW5R4AaABAg,,False,@이찡-h4h,"뭔가 되게 형용할 수 없는 큰 파도같이 밀려오는 감정에 북받쳐올라 감상을 안남길 수가 없더라구요.. 도영이가 모든 댓글을 보고 너의 청춘이 정말 헛되지 않았음을, 모두가 알고, 또 함께 했음을 꼭 봐줬으면 좋겠어요.. 힝구 또잉이애썼다ㅠㅠㅠㅠㅠ",6,2024-04-05T14:00:46Z,2024-04-05T14:00:46Z
UgwSIsy8REz8l_DgCGl4AaABAg,,False,@yoshelarachel,Can't wait for Dolo,1,2024-04-05T13:59:44Z,2024-04-05T13:59:44Z
UgyYxYIOz45a0pNMRnp4AaABAg,,False,@yoshelarachel,Abang kerennnnnn,1,2024-04-05T13:59:33Z,2024-04-05T13:59:33Z
UgzFqxySnSH5oQ7_V3R4AaABAg,,False,@Seaaaa3,Doyoung's voice is really addictive❤❤,2,2024-04-05T13:52:10Z,2024-04-05T13:52:10Z
Ugzdv43nrGgmAKaKZ4R4AaABAg,,False,@長谷場美和,"もうすでにいい‼️
すぐまた会いたくなる",1,2024-04-05T13:49:49Z,2024-04-05T13:49:49Z
UgzU8LHMP0lStUOm-Td4AaABAg,,False,@user-sp3oq4jd6s,머냐구….,0,2024-04-05T13:47:12Z,2024-04-05T13:47:12Z
UgyaPKLQPp77UO-wEJh4AaABAg,,False,@감자의왕따일기,항상 응원해,0,2024-04-05T13:45:29Z,2024-04-05T13:45:29Z
Ugya2hXz4s3A5h27lmV4AaABAg,,False,@kdyonly,I'm so looking forward to hear the whole song and also the album 🥺,3,2024-04-05T13:44:02Z,2024-04-05T13:44:02Z
Ugy4yKrzidvJDQq05iF4AaABAg,,False,@double.u8,도영아 시즈니들이 우리 도영이 꼭 1등 시켜줄게💚💚,1,2024-04-05T13:43:32Z,2024-04-05T13:43:32Z
UgxUkIS5UhDRMJkwjEd4AaABAg,,False,@do_da127,"나의 청춘에 함께 해줘서 고마워
너의 청춘에도 함께할게",1,2024-04-05T13:43:18Z,2024-04-05T13:43:18Z
Ugx4kfYJmcLOWRTkUf54AaABAg,,False,@BeatrizBarbosa-rz1tt,김도영이 그런 놀라운 일을 해낼 수 있어서 너무 기뻐. 걱정돼! 😟❤️,0,2024-04-05T13:42:04Z,2024-04-05T13:42:04Z
UgxaNbskH-3s5miarOd4AaABAg,,False,@sara.fav801,A born-superstar,0,2024-04-05T13:38:33Z,2024-04-05T13:38:33Z
UgyzbdvZeDzhbuB_zTR4AaABAg,,False,@loveten_1_0,doriel😢,0,2024-04-05T13:37:58Z,2024-04-05T13:37:58Z
UgwxxsQzslSfD7xxm8B4AaABAg,,False,@hyeb._.n,"노래가 진짜 도영 그자체,,, 밝고 좋은 기운 나눠줘서 고마워요💓💓 노래가 벅차요ㅜㅜ 좋아하는 음악 즐기면서 계속 해줘여!!",1,2024-04-05T13:36:26Z,2024-04-05T13:36:26Z
Ugz5rHMC5wTGvWYQN4l4AaABAg,,False,@wantaneep1233,Beautiful ❤ Can’t wait for full MV,0,2024-04-05T13:36:00Z,2024-04-05T13:36:00Z
UgzASfsPUQ1-0_vhJdZ4AaABAg,,False,@annesfichier,"You always make me proud, Kim Doyoung ^^",1,2024-04-05T13:28:48Z,2024-04-05T13:28:48Z
UgzSyseV6enqaiY29zN4AaABAg,,False,@annesfichier,You always make me proud. Thank you ^^,1,2024-04-05T13:28:12Z,2024-04-05T13:28:12Z
Ugx7tMFq4bHe-q6XsWR4AaABAg,,False,@justbae8891,"really love it, doyoung oppa is sooo talented",1,2024-04-05T13:28:07Z,2024-04-05T13:28:07Z
UgzBz6XIOh_Me3kN9BF4AaABAg,,False,@marky6297,도영이가 내 청춘 그 잡채다 내가 더 늙어도 도영이 노래 듣고 도영이 보면 날 다시 청춘으로 이끌어줄거 같다 도영이의 노래에 항상 고마워💚 내 인생의 한페이지를 장식해줘서 고마워 앞으로도 잘 부탁해 노래 너무 좋다 도영아💚,1,2024-04-05T13:27:52Z,2024-04-05T13:27:52Z
UgxCAw8AA5wOUbaFV514AaABAg,,False,@Heart_to_sm,"나의 청춘 도영아!
우리 같이 새봄을 노래하자!!💚",0,2024-04-05T13:26:36Z,2024-04-05T13:26:36Z
UgxdvFFFX8ylebn-QSp4AaABAg,,False,@tirzaeunike,oh this is so beautiful... the visuals.. and the song,0,2024-04-05T13:25:24Z,2024-04-05T13:25:24Z
Ugyexjo-Mas2tL1ZjtZ4AaABAg,,False,@mishkatulzannat2728,My type!!!,1,2024-04-05T13:25:09Z,2024-04-05T13:25:09Z
Ugxxjo9HoqaJbhhhpeJ4AaABAg,,False,@myfortressofbooks,"I live here now, this is my new home until the album and title mv drops. I love it all so much Doyoung, thank you for being you. <3",1,2024-04-05T13:22:37Z,2024-04-05T13:22:37Z
UgyWIor3rAZAhSZ7QVt4AaABAg,,False,@xxmimi5562,"hoping for your success, doyoung",0,2024-04-05T13:21:50Z,2024-04-05T13:21:50Z
Ugwyhbj0K5v_OB0dfnh4AaABAg,,False,@Lapbit13,Nice ❤,1,2024-04-05T13:21:09Z,2024-04-05T13:21:09Z
Ugyeb9P1_ezbNn5snVl4AaABAg,,False,@yyyyyu.2,"나의 청춘은 도영이야 그런 도영이가 불러주는 청춘을 , 너의 노래를 응원하고 사랑해 나는 노래하는 도영이를 오래오래 사랑할거야 ❤️",4,2024-04-05T13:18:14Z,2024-04-05T13:18:14Z
Ugx2IxNmgzAwyvY4rdp4AaABAg,,False,@czennie7349,Doyoungggg!!!! Lancar2 yaa nang solo debutnya. Semoga SUKSES BESAR AAMIIN. aku jg gasabar dengerin lagu2nya huhuu. Intro aja masyaAllah seenak ini😍,1,2024-04-05T13:17:46Z,2024-04-05T13:17:46Z
UgxyW3EfUOOTn0egwH54AaABAg,,False,@tobbu201,"the instruments are so rich in this song, accompanied with doyoung’s beautiful and powerful voice, and a colorful and amazing cinematography, making this intro film a grandiose opening for the album 💙",16,2024-04-05T13:16:14Z,2024-04-05T13:16:14Z
Ugw7E7-vJNoZ0BhR8XJ4AaABAg,,False,@Nono-sq7xo,"I GOT CHIIILLSS DAMN, CALM DOWN IT'S JUST AN INTRO! You aint gotta sound that good thooo",6,2024-04-05T13:12:23Z,2024-04-05T13:12:23Z
Ugxf1iB0uFxGy-H917B4AaABAg,,False,@sitinazla5284,so prettyyyyy🥺 Doyoungieee hwaitingggggg~~~ YOUTH kajjjaaa!!!!💫💐💌💓,3,2024-04-05T13:09:30Z,2024-04-05T13:09:30Z
UgwVzTnJF1KnvAUwE4t4AaABAg,,False,@Cantikv,Angel voice,2,2024-04-05T13:07:17Z,2024-04-05T13:07:17Z
Ugw3X0ki4032BILUVt94AaABAg,,False,@Cantikv,Cantik banget,0,2024-04-05T13:06:10Z,2024-04-05T13:06:10Z
UgzWbTxWCHmvLJsv1RB4AaABAg,,False,@동도로동동김동영,너만을 담은 너만의 노래가 나온다는게 지금까지 도영이의 노력의 결실이라고 생각해서 괜히 눈물이 난다. 사랑해. 기대할게 내 청춘,6,2024-04-05T13:06:05Z,2024-04-05T13:06:05Z
UgyfEmnSMxF5tnBauMx4AaABAg,,False,@auekarnk.3712,The best introfilm ever,4,2024-04-05T13:05:48Z,2024-04-05T13:05:48Z
UgwadF424Eqkh3b3HH14AaABAg,,False,@child__cloud,열정을 가지고 진심을 전하는 사람의 눈은 이렇게 빛나고 아름답구나.,2,2024-04-05T13:05:13Z,2024-04-05T13:05:13Z
Ugyz25FQJbb3I3g5UJB4AaABAg,,False,@noviantinurasiah,💗,0,2024-04-05T13:02:31Z,2024-04-05T13:02:31Z
UgzeFcShS4ZQ_OCpq9V4AaABAg,,False,@haena_ya,도영아...ㅠㅠㅠㅠㅠㅠㅠ 진짜... 넌 보물이야❤,2,2024-04-05T13:01:24Z,2024-04-05T13:01:24Z
Ugz6b1MI7il-Ss8dfgd4AaABAg,,False,@보조개-j9j,"第一声で心を掴まれた
発売が楽しみです😌",1,2024-04-05T13:01:17Z,2024-04-05T13:01:17Z
UgzM7m6zJ79JMJ5raUN4AaABAg,,False,@NadyaAnoraga,my baby doyoungie so breathtaking 🥹🩵,4,2024-04-05T12:59:06Z,2024-04-05T12:59:06Z
Ugz5iMKNPNh8mrgyQ6h4AaABAg,,False,@제이이-h1v,난 진짜 도영이가 너무 좋다...,6,2024-04-05T12:54:48Z,2024-04-05T12:54:48Z
Ugzm8i5rN4znVjJ4-SZ4AaABAg,,False,@fitriaazzahra2637,Sayang❤,1,2024-04-05T12:54:43Z,2024-04-05T12:54:43Z
UgyWMbb3Y6wnaciCTI94AaABAg,,False,@yunfeij563,加油啊,0,2024-04-05T12:54:13Z,2024-04-05T12:54:13Z
UgzgNMXfc-FqHnJeYaZ4AaABAg,,False,@yunfeij563,我想让宝贝被更多人看到,1,2024-04-05T12:53:55Z,2024-04-05T12:53:55Z
UgyfPGodEGwrIqXpbZd4AaABAg,,False,@doie1753,This song pretty like doyoung,2,2024-04-05T12:53:48Z,2024-04-05T12:53:48Z
UgyrtxMgUFpuhW0ESY54AaABAg,,False,@xxmimi5562,I like this,0,2024-04-05T12:51:54Z,2024-04-05T12:51:54Z
Ugyl7Ki19t15TKUdaiZ4AaABAg,,False,@xxmimi5562,Oh wow this is beautiful,1,2024-04-05T12:51:31Z,2024-04-05T12:51:31Z
UgzPmLkNzEaWd-h6RT14AaABAg,,False,@Sdfryfvbjsrryyvxbo,딱 진짜 김도영같다.. 너무 기대돼 정말 😢❤ 사랑해!! 🥰,2,2024-04-05T12:49:26Z,2024-04-05T12:49:26Z
Ugy-XSz525grbiU7PKh4AaABAg,,False,@user-trueblue,도영이가 스스로의 시작을 알리는 노래는 이토록 아름답구나,22,2024-04-05T12:47:23Z,2024-04-05T12:47:23Z
Ugx_3LGJJmcV71qo0XB4AaABAg,,False,@kdy323,Can we show dy love and get to 200k quickly 😊,5,2024-04-05T12:42:35Z,2024-04-05T12:42:35Z
UgwQ2OaRmyfDIUxLr-J4AaABAg,,False,@doie1753,So beautiful,0,2024-04-05T12:41:44Z,2024-04-05T12:41:44Z
Ugylq9fiaeIkXdlmLWR4AaABAg,,False,@はなこ-w2i,"すごく待ってたドヨンのアルバムがもう少しで聴けると思うと楽しみです。
アルバム予約しました。
早く聴きたいです。",1,2024-04-05T12:40:33Z,2024-04-05T12:40:33Z
UgxnZXIjbZ2j1UFolUl4AaABAg,,False,@LUCKY-kl7vo,모아나 남자 버전이야? 너무 좋다 도영아...,2,2024-04-05T12:35:11Z,2024-04-05T12:35:11Z
UgyIIhmLTlkGcMz0ApZ4AaABAg,,False,@jieunlee.,토낀 줄 알았는데 인어왕자인 내 가수…,4,2024-04-05T12:31:39Z,2024-04-05T12:31:39Z
UgwAV0eR8K3gXe9RPKd4AaABAg,,False,@Doyoung_wife_S2,우리 도영이 수고 많았고 앞으로도 행복한 노래하자💗💗 예쁘다,3,2024-04-05T12:31:35Z,2024-04-05T12:31:48Z
Ugw7ufqEy9IjVUDhMgB4AaABAg,,False,@rryy_0,"진짜 노래자체가 너무 도영이같구 진짜 나만의
 디즈니 세계에 온것같은 느낌이야
진짜 너무좋다 기대돼! 뒤에선 항상 응원 하고있으니
꼭 알아주고 응원할게🫶",2,2024-04-05T12:31:09Z,2024-04-05T12:31:21Z
UgyZNHTYQZQKII4SmTt4AaABAg,,False,@min_k19,도영이가 작곡 참여했다니 울 도영이 못하는게없네💚 빨리 도영이 보고싶당,2,2024-04-05T12:30:15Z,2024-04-05T12:30:15Z
UgwlGTZMyuYnQK1Jbat4AaABAg,,False,@Hyyuun-qo5gz,"언제나 시즈니들을 향해있다고 하는 도영이기에 완곡을 듣기 전에도 감정이 전해지기에 넘 벅차올라 🥹
도영이여도 동영이여도
늘 우리는 같은 마음으로 너를 응원하니까 
언제나 늘 너를 사랑한다는거 잊지않았으면 좋겠어
- 너만의 도프, 도영이를 사랑하는 이들이 -",3,2024-04-05T12:29:30Z,2024-04-05T12:29:30Z
UgzMQXxp4EJ6jZJP4ZV4AaABAg,,False,@태일쨩쨩,빨리 전체 듣고 싶다….너므 조아 ㅠ,1,2024-04-05T12:29:27Z,2024-04-05T12:29:27Z
Ugy7FU4A9KCNeCF00jl4AaABAg,,False,@อําไพรัตน์สุทธิธรรมถาวร,My mermaid ❤,0,2024-04-05T12:29:13Z,2024-04-05T12:29:13Z
UgxFYRwWFHvrHGtlEsd4AaABAg,,False,@태일쨩쨩,도영아 노래 영상 둘다 미쳤다 진짜 너무 좋아 소름돋아!!!!ㅠㅠㅠㅜ,0,2024-04-05T12:29:04Z,2024-04-05T12:29:04Z
UgyD0rIJmrThC2Rfdwx4AaABAg,,False,@haddody,this is so beautiful and magical,1,2024-04-05T12:28:00Z,2024-04-05T12:28:00Z
UgyYn-EtyLJV0g0zIyp4AaABAg,,False,@ohvohtaetae7457,Omg i love your voice💚,1,2024-04-05T12:27:55Z,2024-04-05T12:27:55Z
UgyfgAU8mmE4arR_evd4AaABAg,,False,@haddody,"I hope we get to hear you in many singing shows like Begin Again, Mask Singer, Lee Mujin again. Please keep singing. You shine the best when you sing, Doyoung 💙",3,2024-04-05T12:27:20Z,2024-04-05T12:27:20Z
UgwWwh8gSRHPUk_ltS94AaABAg,,False,@kankunk.3962,🩵,0,2024-04-05T12:26:14Z,2024-04-05T12:26:14Z
Ugw6hiFHGYoXWN47ExJ4AaABAg,,False,@Skrrrrrrrrrrrrrrrream,역시 믿듣도❤,0,2024-04-05T12:25:52Z,2024-04-05T12:25:52Z
Ugxijzs3ulv3RS3OWDx4AaABAg,,False,@m_4307,どよちの歌だけが詰まったアルバムずっと待ってた😭😭😭💓おめでとう😭😭楽しみにしてるよ😭😭😭😭😭💓,3,2024-04-05T12:25:27Z,2024-04-05T12:25:27Z
Ugx2L7c2c3gIE1bpOGB4AaABAg,,False,@Sum_mer1401,도영이가 추구하던 그 모든것들을 이렇게 한데모아 도영이만의 것으로 만들어낸게 정말 천재같아... 점점 바다깊숙한 곳으로 내려가는 영상나올때 점점 음계(?)가 낮아지다 가장 깊숙한 곳에선 음악이 멈추고 다시 세상에서 파도와 부딪힐때 도영이 목소리가 온세상에 퍼지는게 진짜 쾌감쩔어 ㅠㅠㅠㅠㅠㅠ,2,2024-04-05T12:25:06Z,2024-04-05T12:25:29Z
UgyM3l_QKPP37GPVeHp4AaABAg,,False,@anaiahlampkin974,He’s eating rn omg I’m so excited and proud,3,2024-04-05T12:24:02Z,2024-04-05T12:24:02Z
UgyB_xcEKyX6vmcNz7p4AaABAg,,False,@bunnypeachy9796,I hope doyoung's album will be a big success :) 도영오빠 화이팅~,7,2024-04-05T12:23:54Z,2024-04-05T12:23:54Z
Ugys2m8nVl06WqpBFYN4AaABAg,,False,@25인승차량입니다,못 들어본 사람은 있어도 한 번 만 들은 사람은 없을 것 같다...시험 기간인 고딩즈니 인데 번아웃이 오는 것 같아서 가끔 공부하다가 가만히 앉아 있고 아무 것도 안 하고 있을 때도 많아서 좀 힘들었는데.. 듣고 나서 울었습니다.. 도영이 덕분에 다시 마음 다잡고 열심히 공부하러 가요! 앨범 나오면 주구장창 들어야지.. 김도영이 내 청춘의 시작이다 @.@..💚,3,2024-04-05T12:23:46Z,2024-04-05T12:23:46Z
Ugwe6229AzOFM73GSAd4AaABAg,,False,@Doy_201,"도영이가 원없이 노래했으면 좋겠어 
듣는거 만으로 너무 벅찬데 부르는 너는 얼마나 행복할까",2,2024-04-05T12:21:00Z,2024-04-05T12:21:00Z
Ugx2YNQKGXXk_F9NjgZ4AaABAg,,False,@yuinwon,이야 스엠 영상에서 한글 댓 이리 많은 거 처음 봄🥹🥹🥹🥹🥰🥰🥰,1,2024-04-05T12:19:20Z,2024-04-05T12:19:20Z
Ugx9ELViEjDfv47psW14AaABAg,,False,@angeliquekann,Lets get it to 200k views,1,2024-04-05T12:18:25Z,2024-04-05T12:18:25Z
UgwbQTQTz4LvAxCwi0J4AaABAg,,False,@lifangyan-000,简直是仙曲  伟大的作品,0,2024-04-05T12:14:11Z,2024-04-05T12:14:11Z
UgxWQobTf9KTy5j6abd4AaABAg,,False,@lifangyan-000,天气之子,0,2024-04-05T12:12:44Z,2024-04-05T12:12:44Z
Ugze3jF_3QSMFp8yqAF4AaABAg,,False,@nugrahenifitriana4633,💚🌼💯,0,2024-04-05T12:11:26Z,2024-04-05T12:11:26Z
UgyO0iIS6sscpKHHNpp4AaABAg,,False,@cocofu,Doyoung❤❤❤❤❤DOLO 파이팅!🎉🎉🎉,0,2024-04-05T12:08:59Z,2024-04-05T12:08:59Z
UgwZEonf8875etymtMR4AaABAg,,False,@ЮлияС-м8й,Ааааааа скоро соло доёнаааа❤❤❤❤❤🎉🎉🎉🎉,0,2024-04-05T12:08:24Z,2024-04-05T12:08:24Z
UgzZrRF6iLz18WhPhth4AaABAg,,False,@Esther-fk4wj,인어왕자 동영💚,1,2024-04-05T12:04:58Z,2024-04-05T12:04:58Z
UgyzACQ06erlyOx8CEV4AaABAg,,False,@127chill,ディズニーすぎるどよち大好き,1,2024-04-05T11:58:45Z,2024-04-05T11:58:45Z
UgznQZvAUEiiFphKqhJ4AaABAg,,False,@user-gy3qx1be5j,ドヨン、おめでとう🥹💚,1,2024-04-05T11:58:28Z,2024-04-05T11:58:28Z
Ugz-U56NL3-2HKpyfP94AaABAg,,False,@Ay_yo-09,"아 눈물 날 것 같아...
노래가 너무 위로되는 노래인 것 같다ㅜ 도영이가 불러서 더 좋은 것 같구 너무너무 기대된다💚 
이 노래 무조건 된다 무조건 뜬다 도영아 사랑한다💚💚",2,2024-04-05T11:56:54Z,2024-04-05T11:56:54Z
UgwXRyX5MLcmxQJeuO54AaABAg,,False,@sukumi0127,"最高です！ドヨンの歌声と海の映像がハマり過ぎていて早く全貌が見たい
22日が待ち遠しくてたまりません！
素敵なプレゼントを本当にありがとう😭",2,2024-04-05T11:52:05Z,2024-04-05T11:52:05Z
Ugx8CA9voKRRSts9Bxh4AaABAg,,False,@camillee3127,I'm so happy!,1,2024-04-05T11:49:50Z,2024-04-05T11:49:50Z
Ugx6e_f6sFajFhUeMil4AaABAg,,False,@yep38,들어도 들어도 계속 궁금한 느낌이다 🌊 일단 도입부가 미쳤고여.. 이제 이 계절에는 이 음악이 떠오를듯해,3,2024-04-05T11:48:55Z,2024-04-05T11:49:52Z
UgxzHKM1P1nleK2c8uh4AaABAg,,False,@doie1753,Doyoung so artistic,3,2024-04-05T11:48:25Z,2024-04-05T11:48:25Z
Ugy39iSHggEIMdF315R4AaABAg,,False,@helloangel2325,"This is sooo beautiful, I can’t wait 😭😭",2,2024-04-05T11:47:20Z,2024-04-05T11:47:20Z
UgwY4CMdb3ebF-yPvOl4AaABAg,,False,@quinnindreamland2712,stunning like a movie sceneee 😭😭❤️‍🔥❤️‍🔥,2,2024-04-05T11:47:17Z,2024-04-05T11:47:17Z
UgwFwUO0gNdgq0y7Mr14AaABAg,,False,@jae6426,"자체가 청춘, 김도영
청춘이 청춘의 포말을 보여준다",2,2024-04-05T11:46:34Z,2024-04-05T11:46:34Z
UgzfKHXxTMPmHHrbrg94AaABAg,,False,@ckezzz1121,오마이갓 아름다워서 눈물 날 수 있는거임..?,35,2024-04-05T11:42:31Z,2024-04-05T11:42:31Z
Ugwb1hYfT_jaIw4LpWB4AaABAg,,False,@_lucky__,"따뜻하고 신비하고 벅차오르지만 행복해
우리의 청춘에 또 그려갈 이야기들이 벌써 기대된다 !
도영아 언제나 응원해 내 청춘 🐰🍀",3,2024-04-05T11:41:45Z,2024-04-05T11:41:45Z
UgxYulTH8tYcmrQ2jmt4AaABAg,,False,@kr8391,진짜 뮤비도 너무 예쁘지만 김도영 보컬 미쳤다 진짜 김도영이 김도영 했다..🥺🥺🔥🔥,4,2024-04-05T11:40:24Z,2024-04-05T11:40:24Z
UgzKSdUeWUPj-7a1UPZ4AaABAg,,False,@윤서진-r2v,"너의 청춘이자 나의 청춘인 지금
어쩌면 가장 청춘임을 느끼게 해주는 건 너와 내가 이렇게 소중한 감정을 느끼고 나눌 수 있는 거 아닐까
도영이의 청춘에 내가 함께해서 감사해",3,2024-04-05T11:39:50Z,2024-04-05T11:39:50Z
UgxBJiTC6yxJ_u68GYF4AaABAg,,False,@치치-t1c,너가 내 청춘이야,2,2024-04-05T11:35:16Z,2024-04-05T11:35:16Z
Ugy_cTicXdgMIBQ2OwJ4AaABAg,,False,@ウリエギドヨン,数あるボーカル曲のジャンルの中でこれを選ぶセンス、、、、そして歌声も全て完璧、、、,2,2024-04-05T11:33:20Z,2024-04-05T11:33:20Z
UgxRdemhRcqpj8ypm_V4AaABAg,,False,@ajjengdp2660,Vibenya mirip2 lagu Disney kaya Frozen into the unknow,1,2024-04-05T11:33:16Z,2024-04-05T11:33:16Z
Ugx7Zz-FXJBZoLwmqrZ4AaABAg,,False,@카르페디엠-b8q,"도영님 목소리에 입덕했는데,
첫 솔로 앨범 응원해줄수있어서 기뻐요!
마흔앞둔 나도 청춘이라고 말해주는듯한 
설렘과 벅참을 이 짧은 영상에서 느꼈네요
도영님의 청춘을 온전히 느끼게 될 22일이 기다려집니다😊",4,2024-04-05T11:32:40Z,2024-04-05T11:32:40Z
UgwKr_EcACG2YUbAcW54AaABAg,,False,@ju_S2-ku,좋은 목소리로 좋은 음악 좋은 노래 해줘서 항상 너무 고마워 오빠 노래와 함께 하는 내 청춘은 항상 행복만 가득해 가수해줘서 내 가수가 되어주어서 고마워어🍀🤍,3,2024-04-05T11:32:17Z,2024-04-05T11:32:17Z
UgwNUldSN-U3vMMmGlp4AaABAg,,False,@nayakaty,❤❤,1,2024-04-05T11:27:06Z,2024-04-05T11:27:06Z
Ugz_vlLQYfifE6UyrXZ4AaABAg,,False,@user-cj8wp6nu6e,계속 듣게 되는 음악,2,2024-04-05T11:26:40Z,2024-04-05T11:26:40Z
Ugy6AX95ALLgsJQRpch4AaABAg,,False,@jungwoota,go Dodo 💞,1,2024-04-05T11:24:57Z,2024-04-05T11:24:57Z
UgypdwX247b4QNKxaux4AaABAg,,False,@fxrnkp9805,มีน้ำตาจำนวนมาก,1,2024-04-05T11:24:23Z,2024-04-05T11:24:23Z
UgwfbD8gdL4VkeQD_iZ4AaABAg,,False,@kdy323,Lovee ittt,1,2024-04-05T11:23:22Z,2024-04-05T11:23:22Z
UgwRthxidIFQlv1nEwp4AaABAg,,False,@baiqnursyafiqa1971,DOYOUNGGGGGGI'll buy your album ❤❤❤❤❤,4,2024-04-05T11:21:46Z,2024-04-05T11:21:46Z
UgzGmXv7KcacDVPo-kV4AaABAg,,False,@Laaammee,🌊!!!!!!!,3,2024-04-05T11:21:03Z,2024-04-05T11:21:03Z
UgxNP28hiaun9FJsdq14AaABAg,,False,@Shuaa__31,oh I'm gonna luv this so much !!,3,2024-04-05T11:20:59Z,2024-04-05T11:20:59Z
UgzSi38g1Se19WniAyt4AaABAg,,False,@AiraNassyazaskia,"sayang,kamu indah bangett",2,2024-04-05T11:20:44Z,2024-04-05T11:20:44Z
UgzFSaRTV7x0MzhIn-l4AaABAg,,False,@Emmawasrton,Love Doyoung,2,2024-04-05T11:19:05Z,2024-04-05T11:19:05Z
UgxCb6NE5470hdgXjJp4AaABAg,,False,@thingoctrinhvo9114,Demo có xí thôi mà vô gu quáaaa,1,2024-04-05T11:15:32Z,2024-04-05T11:15:32Z
Ugx6c0-9Vuyj0EsyeV94AaABAg,,False,@bxturnxs,Doyounggg! finally our prince you are gonna debut im so happy i wanna cry 🥹🥹😭,3,2024-04-05T11:14:22Z,2024-04-05T11:14:22Z
UgwptGCD4y2pBcxHJ9t4AaABAg,,False,@904riize,오빠 우리 영원히 함께하자,1,2024-04-05T11:11:52Z,2024-04-05T11:11:52Z
UgxfqxJGxc_liY3x9qV4AaABAg,,False,@nayaana-l7k,🩶,1,2024-04-05T11:11:03Z,2024-04-05T11:11:03Z
UgydkPiY8rO37Um8-R54AaABAg,,False,@nayaana-l7k,aaaaa🩶🩶🩶,1,2024-04-05T11:10:53Z,2024-04-05T11:10:53Z
UgyUY2l7PjDkyuMiHnF4AaABAg,,False,@02luck_01,뭘 선택하든 항상 후회 했었는데 살면서 단한번도 후회하지 않은 건 도영이를 좋아하게된 것이다. 도영이가 내 청춘이고 행복이고 기쁨이라고 망설임없이 말 할 수 있다. 별 것 없는 내인생에 들어와줘서 고마워 도영아 ..🩵,7,2024-04-05T11:09:47Z,2024-04-05T11:09:47Z
UgxCZ6jBNAPpAEZYbPF4AaABAg,,False,@waranya08,โดยองง💘💘,1,2024-04-05T11:09:40Z,2024-04-05T11:09:40Z
UgyJPFygDVMzPDizK9h4AaABAg,,False,@이름뭐하노-y2o,디즈니는 뭐하나 어서 도영씨 안모셔가고,3,2024-04-05T11:08:34Z,2024-04-05T11:08:34Z
UgwLmpaPWYWr2WX8mMF4AaABAg,,False,@양하연-b2r,미쳐따,1,2024-04-05T11:08:27Z,2024-04-05T11:08:27Z
Ugzi35u1y-jXRLsn7r14AaABAg,,False,@noekoura,WOOWWWW,1,2024-04-05T11:07:45Z,2024-04-05T11:07:45Z
Ugwie6oef5dQyhMbJTV4AaABAg,,False,@pororiya7,헐.. .. 노래 좋네 😦,1,2024-04-05T11:06:36Z,2024-04-05T11:06:36Z
Ugwo4ZjM7R948EtaPDV4AaABAg,,False,@DoY0oung,"잔잔히 깔리는 피아노 너무 좋다,, 첫 솔로앨범 너무 축하해요!!!",98,2024-04-05T11:01:10Z,2024-04-05T11:01:10Z
Ugy-g_svshxlaEKdq5p4AaABAg,,False,@cocobam,"소중한 청포도야,, 많이많이 아껴줄게 🍇💚",3,2024-04-05T11:00:37Z,2024-04-05T11:00:37Z
UgyrYQUo4dcqoKOHnoB4AaABAg,,False,@cocobam,작정하고 나왔구나.. 이게 디즈니지 아님 뭐야,2,2024-04-05T10:59:18Z,2024-04-05T10:59:18Z
UgwfYNaRXNh9Fi_meQh4AaABAg,,False,@Dn6f,매일을 동영이가 아닌 도영이로 살고있다난 홍길동영💚 너무너무 진심 담아 준비한게 느껴지고 사람들도 다 응원하는게 느껴진다. 물론 나도 헤헤 사랑해 하고싶은 거 다 하자!,2,2024-04-05T10:55:18Z,2024-04-05T10:55:18Z
UgxT5Yxh2P-RFmGUaOZ4AaABAg,,False,@Dn6f,노래가사부터 다정한 게 너무 도영이 다웠다 💚 우리 도영이 하고 싶은 거 다 하자🩵,3,2024-04-05T10:54:00Z,2024-04-05T10:54:00Z
UgzeZIVYFBbOgwPk1zR4AaABAg,,False,@haddody,i am so proud of you doyoung,2,2024-04-05T10:53:42Z,2024-04-05T10:53:42Z
UgyEoSgyDjSooMgV-7p4AaABAg,,False,@haddody,i am back here again. gives me so much goosebumps,2,2024-04-05T10:53:10Z,2024-04-05T10:53:10Z
Ugwzj2ouE4YolIvYHIh4AaABAg,,False,@andiyyyyyyy25,GILAAA PLS INI CAKEP BGT😭❤,1,2024-04-05T10:52:01Z,2024-04-05T10:52:01Z
Ugy30innHx6LISaWtgF4AaABAg,,False,@gustiayukadeliawartami6788,Wow wow wow 😍,1,2024-04-05T10:51:41Z,2024-04-05T10:51:41Z
Ugxf9TIKKQjRzTFigCR4AaABAg,,False,@pillkyuu_,WOWWWW KIM DOYOUNG?,1,2024-04-05T10:50:25Z,2024-04-05T10:50:25Z
UgyJc4K4AChX9Ks2jjZ4AaABAg,,False,@doie1753,I'm addicted,3,2024-04-05T10:47:57Z,2024-04-05T10:47:57Z
Ugzbh7KXsskszs1UWN94AaABAg,,False,@pramitaputri8706,Cakep amat 😍,1,2024-04-05T10:46:36Z,2024-04-05T10:46:36Z
UgwvSBFVF0z1YtZe8s54AaABAg,,False,@do201_,나 진짜 이거 계석 듣고 있음,4,2024-04-05T10:43:41Z,2024-04-05T10:43:41Z
Ugwb57880JqxyrKtCVV4AaABAg,,False,@아기토끼김도영원히사,우리아기.... 진짜 너무너무 기대된다... 도영솔로의 시작을 함께 할 수 있어서 행복해!!! 7년동안 응원했고 앞으로도 잘 부탁해 도영아!!!!,9,2024-04-05T10:42:48Z,2024-04-05T10:42:48Z
UgxrXV7nagTX6h9aGcp4AaABAg,,False,@Lovenct_0606,"드디어 찾았다 ..내 디즈니가 여기 있었네 
내 청춘을 평생 너에게 바칠께",25,2024-04-05T10:40:30Z,2024-04-05T10:40:30Z
Ugy7fVlfPdvIO-zJxpZ4AaABAg,,False,@Dn6f,김도영 최고다 누가뭐래도 최고야 달리느라 고생했네 우리도영이 ㅋㅋㅋㅋ,8,2024-04-05T10:39:11Z,2024-04-05T10:39:11Z
UgwxYuynt7r95npgAWR4AaABAg,,False,@NhungTran-pn9fs,Can't wait for the album 😍,2,2024-04-05T10:38:19Z,2024-04-05T10:38:19Z
Ugzu98iIQK_qqI_gpyt4AaABAg,,False,@yenuxee,도영이가 하는 모든 음악 모든 활동 발을 딛는 모든 순간들을 항상 응원해 너를 가득 담은 듯한 소중한 앨범 너무 고마워 너의 청춘을 나를 위해 모두를 위해 써주어서 고마워 너가 내 청춘이고 너가 내 이유야,7,2024-04-05T10:37:52Z,2024-04-05T10:37:52Z
UgxO9EMRmENpdRzyoBd4AaABAg,,False,@prizcaasty535,keren bangettt❤❤,1,2024-04-05T10:36:37Z,2024-04-05T10:36:37Z
UgzAa7agVih3R_oRAl14AaABAg,,False,@ANDYSHO127,I can't wait 😭💚💚,2,2024-04-05T10:35:20Z,2024-04-05T10:35:20Z
UgxLrUyZRXY_9k17Ve94AaABAg,,False,@ANDYSHO127,💚💚,2,2024-04-05T10:34:12Z,2024-04-05T10:34:12Z
UgwHliwc_oNhY4AYj-p4AaABAg,,False,@asdfghhkl5398,Fighting Doyoung ah ❤,1,2024-04-05T10:31:35Z,2024-04-05T10:31:35Z
UgxSWOY--TG0O59kSOF4AaABAg,,False,@daddych0nl084,Indah banget 😢,1,2024-04-05T10:29:12Z,2024-04-05T10:29:12Z
Ugy6gDjAWREXjmLRrl94AaABAg,,False,@Daninhaofficial,❤❤❤🥰,1,2024-04-05T10:26:39Z,2024-04-05T10:26:39Z
UgzKxMkuevy4S3oKAYJ4AaABAg,,False,@hihowdy5814,doyoung never fail to deliver emotion on his voice ❤,2,2024-04-05T10:25:34Z,2024-04-05T10:25:34Z
UgznNAgtEmZBcbTwLCZ4AaABAg,,False,@Ne0ct,Doyoung sounds and looks so good here and I cried while watching this. All the best doie in ur solo album,1,2024-04-05T10:21:04Z,2024-04-17T11:29:15Z
UgzodUqCqOKv3TxkcTx4AaABAg,,False,@Anatomybowie,แอเรียลลลล นั่นเธอสินะ,1,2024-04-05T10:19:11Z,2024-04-05T10:19:11Z
Ugy6lpLi7u-prRwLBJ54AaABAg,,False,@puanmaharani329,Sampe nangiss guee 🥺,1,2024-04-05T10:16:42Z,2024-04-05T10:16:42Z
Ugz6mCw_G5x-HJLpizp4AaABAg,,False,@puanmaharani329,indah bangettt 🥺🥺🥺,1,2024-04-05T10:16:22Z,2024-04-05T10:16:22Z
Ugy-rlkRsGvj3CLR1hd4AaABAg,,False,@33menikaamnakmanee69,โดยองฉันรักคุณ,1,2024-04-05T10:14:41Z,2024-04-05T10:14:41Z
UgwKJ9NhuHdYSK3n_Nt4AaABAg,,False,@nniliapyolp,ทำถึง ที่สุด,1,2024-04-05T10:14:10Z,2024-04-05T10:14:10Z
UgyOIovJTmH0uRQzad94AaABAg,,False,@hibasobh,Doyoung king of vocals ❤,1,2024-04-05T10:10:27Z,2024-04-05T10:10:27Z
UgwXmTHOw3a-5EqLoTd4AaABAg,,False,@renjunsalanghae,도영님은 학생인 저에겐 너무 확실한 행복이에요,5,2024-04-05T10:09:36Z,2024-04-05T10:09:36Z
UgwlY4B5fBkVlrrSzN94AaABAg,,False,@Iwantgohome_H,김뎡 짱!! 애기 너무 고생했구 4월 22일날에 만나쟈,4,2024-04-05T10:07:29Z,2024-04-05T10:07:29Z
UgxsDzPEVq0LUsOv9dp4AaABAg,,False,@김민채-x3t,"도영아 인트로만 들어도 벌써 가슴이 뛴다.... 새삼 네가 노래해줘서 너무 고마워. 삶이 버거울때마다 네 노래에 위로받고 다시 힘을 얻게되는게, 난 별로 해줄 수 있는 것도 없는데 너에게 늘 받기만 하는 것 같아 미안하기도 하고 더 고마워. 도영이의 모든 순간, 장면들을 사랑하지만 노래하는 너를 특히 더 사랑해. 늘 응원하고있고, 매일 더 사랑해♡",5,2024-04-05T10:04:48Z,2024-04-05T10:04:48Z
UgyNOgmT0f6ez78BlwR4AaABAg,,False,@beefwonton08,I love this omg,3,2024-04-05T10:01:47Z,2024-04-05T10:01:47Z
UgymgZUVk1-8AVkkplJ4AaABAg,,False,@justroyalspeachiesss,such a beautiful concept!,2,2024-04-05T09:58:44Z,2024-04-05T09:58:44Z
UgyW3tOIVp6LtX7Ve2l4AaABAg,,False,@이맠큼윤오해,도영아…🥹🥹🥹🥹🥹🥹🥹🥹🥹🥹,2,2024-04-05T09:57:28Z,2024-04-05T09:57:28Z
UgwVgk1ZL8qcwDpsOcV4AaABAg,,False,@Kjh-r3d,도영오빠 넘 좋아요 비주얼 미친❤❤🥰💚💚💚💚💚💚💚💚💚💚,4,2024-04-05T09:56:35Z,2024-04-05T09:56:35Z
Ugy_csDyOQoH_Deu7fB4AaABAg,,False,@다연-h3p,미쳤다.. 디즈니 도영😊,6,2024-04-05T09:55:53Z,2024-04-05T09:55:53Z
UgwqgWdjS1wucWUM2GZ4AaABAg,,False,@darkchochonute,so beautiful🐰,1,2024-04-05T09:55:11Z,2024-04-05T09:55:11Z
Ugy0U4zYxzlz1vcsnox4AaABAg,,False,@HongDelfie,우리도영이 최고,2,2024-04-05T09:53:43Z,2024-04-05T09:53:43Z
UgyKfrG2MqcXu6dr1u54AaABAg,,False,@민-e7b,"노래도 목소리도 영상도 다 좋아…
난 도영이 만나서 “아름답다”라는 단어의 의미을 알게 된 거 같아요. 8년동안 내 청춘이 되어줘서 고마워🩵🩵",3,2024-04-05T09:53:03Z,2024-04-05T09:53:03Z
UgyDMYBcQea5VMHBDo14AaABAg,,False,@Cantikv,I'm so proud of you kim doyoung,3,2024-04-05T09:52:10Z,2024-04-05T09:52:10Z
Ugx7NUc5AHbTFW993E14AaABAg,,False,@Cantikv,So beautiful,1,2024-04-05T09:51:26Z,2024-04-05T09:51:26Z
UgySGUffli2I0T55U_x4AaABAg,,False,@耶耶卷饼,道英特别棒！！！solo大爆🎉🎉🎉,2,2024-04-05T09:50:34Z,2024-04-05T09:50:34Z
UgyyVgAqsC4ZgJuyfF94AaABAg,,False,@fianurfadilla9261,"the prettiest, kim doyoung🩵",1,2024-04-05T09:50:03Z,2024-04-05T09:50:03Z
Ugyy2De-9-vFyw1UF814AaABAg,,False,@angelinaliu97,This intro film is so beautiful and magical. I love it 😭🩵💙,2,2024-04-05T09:49:27Z,2024-04-05T09:49:27Z
Ugyv6UK1sE-05DT7I194AaABAg,,False,@수-j3c,도영아 이거 된다 찢었다,5,2024-04-05T09:47:08Z,2024-04-05T09:47:08Z
Ugyj4XJGL_QGgho8yA54AaABAg,,False,@wariratb9497,แค่introก็ทำน้ำตารื้นได้ โดยองเก่งมากจริงๆ รอฟังเพลงเต็มนะ เก่งที่สุดด my little mermermaid 🩵,1,2024-04-05T09:44:15Z,2024-04-05T09:44:15Z
Ugy5z5VgQLVfYFFNHPV4AaABAg,,False,@배고팡-m9d,"미쳤다… 듣자마자 소름 돋았어ㅜㅜㅜ 도영아 너무 멋있어 너가 짱이야 
이번 솔로 대박나자💚💖💚",3,2024-04-05T09:44:04Z,2024-04-05T09:44:04Z
UgzBUyrGiQK0knnMcGJ4AaABAg,,False,@준희-e6l,너무 김동영 노래다 너무 잘 어울려요….🥺🥺🥺🥺,4,2024-04-05T09:43:55Z,2024-04-05T09:43:55Z
UgxaD4l8AuDsJ3H0n314AaABAg,,False,@솥뚜껑-o6q,앨범이 사고싶어졌다,4,2024-04-05T09:42:29Z,2024-04-05T09:42:29Z
Ugy4jYG-gPJY4tvugc54AaABAg,,False,@SOOBIN-o9c,아휴 참 좋다...... 너무 좋다,1,2024-04-05T09:39:37Z,2024-04-05T09:39:37Z
Ugw12ze00VEf9ivloyp4AaABAg,,False,@Jeeho013,Mình là fan của Taeyeon và đến để ủng hộ Doyoung ❤,0,2024-04-05T09:38:24Z,2024-04-05T09:38:24Z
UgwjUfy5Z4ltZIvR4_Z4AaABAg,,False,@y.0uzxg,미친 도영오빠 노래 존나좋다,0,2024-04-05T09:37:38Z,2024-04-05T09:37:38Z
UgyRFPmo0dGB5A-JhkJ4AaABAg,,False,@endarti7164,Keren mv nya👍🏻,0,2024-04-05T09:34:39Z,2024-04-05T09:34:39Z
UgzoAflwThB-RF1SPPN4AaABAg,,False,@쪼코-c9z,동영이오빠가 걍 다찢어따...👍,0,2024-04-05T09:32:26Z,2024-04-05T09:32:26Z
UgwN6NpbVeaAsP3HXgx4AaABAg,,False,@alannisayesa7339,"Kerenn, suaramu bagus sekali doyy, selamat atas album solo pertamamu doyy!",0,2024-04-05T09:30:47Z,2024-04-05T09:30:47Z
UgzNUUMAKKPOuRhpidp4AaABAg,,False,@northarea1203,Leah Rincon,0,2024-04-05T09:30:37Z,2024-04-05T09:30:37Z
UgyNm8NFAyFIijgN9lt4AaABAg,,False,@JJHY-g3h,"첫 도입부부터 디즈니 느낌 물씬에, 도영이 목소리 나오자마자 감동뭉클 받아버렸다..
진짜 도영아 너무너무너무 좋아 ㅠㅠㅠ
울 도영이 솔로 데뷔 파이팅!!!!! 💚💚💚",2,2024-04-05T09:28:52Z,2024-04-05T09:28:52Z
Ugz9-B3EZzBdM2y1Gdp4AaABAg,,False,@JJHY-g3h,도영아 진짜 너무 좋다……………….,3,2024-04-05T09:27:58Z,2024-04-05T09:27:58Z
Ugzp-upkFUOxaYV2yth4AaABAg,,False,@stywks72.k,노래 기대했던 것보다 더 좋은 것 같아서 기대된다,2,2024-04-05T09:25:43Z,2024-04-05T09:25:43Z
UgwNl3seRwTBvvo_tmp4AaABAg,,False,@rlawoahvlwk,"이거 무조건 되는 노래다 도영아 🥹
노래할 때 가장 빛나는 너의 청춘이
이 봄보다도 아름답게 피어나길
응원해! 세상에서 제일 멋진 사람 🌸",4,2024-04-05T09:23:06Z,2024-04-05T09:23:06Z
Ugwij_Pl-xkBEtV95c94AaABAg,,False,@mihun04,미쳤다 완전 벅차..ㅜㅜ 진짜 행복하다 동영아 니가 나라다..,2,2024-04-05T09:22:03Z,2024-04-05T09:22:03Z
UgxKjUwSyNy52AFbC3h4AaABAg,,False,@tnsn0432,美しくて綺麗だよ本当に,1,2024-04-05T09:20:56Z,2024-04-05T09:20:56Z
UgyWqj3wXwbQ72lXkG94AaABAg,,False,@GendisPraeswari,proud of u doyoung🥺💙🩵🤗♥️,1,2024-04-05T09:20:37Z,2024-04-05T09:20:37Z
UgyTIWbQf8-3ERJfDq14AaABAg,,False,@ismaseptiyani7125,Kamu keren bangett,0,2024-04-05T09:18:46Z,2024-04-05T09:18:46Z
UgzMKstnW_pF7ogYMNV4AaABAg,,False,@js-ssa-hl,거의 날씨의 아이 실사판인ㄷㅔ..!,2,2024-04-05T09:18:15Z,2024-04-05T09:18:15Z
UgwPKPXe41e-LMdlViZ4AaABAg,,False,@user-rimkim,내 아이돌이 디즈니 왕자님 모아나 에리얼이라니….. 나의 청춘은 너야 도영아,6,2024-04-05T09:13:08Z,2024-04-05T09:13:08Z
UgzaPB8kLHpTHu18AKp4AaABAg,,False,@별그리며,도영이 노래는 뭔가 항상 벅차오름을 느낀다고 할까요... 그냥 좋다구요😢😢,20,2024-04-05T09:12:42Z,2024-04-05T09:12:42Z
Ugx8thEVv4W-xifxSZh4AaABAg,,False,@stuvwisxyz,Prince Doyoung from NCT universe😍 fighting for the album Doy 🔥🔥,2,2024-04-05T09:12:35Z,2024-04-05T09:12:35Z
UgzRMEaanw9PBmYny_R4AaABAg,,False,@nandaatri,"it's beautiful, i just know this would be my all time favorite song, thank you doyoung and team!!",1,2024-04-05T09:11:36Z,2024-04-05T09:11:36Z
Ugxw6V7HycR-X5Rzqex4AaABAg,,False,@212-u4j,내 인생을 예쁘게 만들어줘서 고마워,2,2024-04-05T09:11:10Z,2024-04-05T09:11:10Z
UgxFGYPtNz41RHoe1bN4AaABAg,,False,@lovelovemyDY,도영아 청춘이다,2,2024-04-05T09:09:34Z,2024-04-05T09:09:34Z
UgwCMOepo5h6aV-TVwR4AaABAg,,False,@ireanredealed6882,เก่งมากคับ 💘🫶🏻,0,2024-04-05T09:09:07Z,2024-04-05T09:09:07Z
Ugyp4THwe8pLoNYERlt4AaABAg,,False,@Jaedo127,💚💚💚💚,0,2024-04-05T09:07:35Z,2024-04-05T09:07:35Z
UgwSuVTKjXU4BYkL_uh4AaABAg,,False,@아ssdd,오~~왼~~~오~~~ 청순,1,2024-04-05T09:07:29Z,2024-04-05T09:07:29Z
UgxTTAXl1_k0qCQGAJd4AaABAg,,False,@At_Sweetney,OMG this concept is so beautiful and magic looks like Disney princess movies I loved it and also Doyoung’s vocals are adding more magic to the scenario 🤌🏾❤️🔥,3,2024-04-05T09:06:53Z,2024-04-05T09:06:53Z
UgznqhdWxu0LZmh3q3J4AaABAg,,False,@oneitjam11,"ありがとう。
どよちのシズニでほんとに良かった。ありがとう。",2,2024-04-05T09:05:53Z,2024-04-05T09:05:53Z
Ugxle9_X37W_OGaSA5x4AaABAg,,False,@ilydojae,doyoung kerennn❤❤❤,2,2024-04-05T09:04:19Z,2024-04-05T09:04:19Z
UgzGsP1A8oTmGHqbcPR4AaABAg,,False,@jh__500,私なんかもうすごく幸せ大好きだよどよち,3,2024-04-05T09:01:31Z,2024-04-05T09:01:31Z
UgybfUlfRzeg5fJxUtB4AaABAg,,False,@darkchochonute,amazing,1,2024-04-05T09:01:14Z,2024-04-05T09:01:14Z
UgwqzT8eaG-WchQ1lR14AaABAg,,False,@shk3738,개좋다,1,2024-04-05T09:01:04Z,2024-04-05T09:01:04Z
Ugxr_LZQmjCe_tIar5p4AaABAg,,False,@darkchochonute,can't wait for dolo,2,2024-04-05T09:00:56Z,2024-04-05T09:00:56Z
UgyILxVxK0WWLv9rdxR4AaABAg,,False,@caterinaaulia202,speechless 🥺😀,1,2024-04-05T08:58:03Z,2024-04-05T08:58:03Z
UgxpIoNnf7_JhWjj5bl4AaABAg,,False,@ObsErvEr-soul,I CAN'T WAIT!!! AAAAAAAAAAAAAAAAAA!!!!,1,2024-04-05T08:56:27Z,2024-04-05T08:56:27Z
UgyPo-5bKqa_l3k9Ant4AaABAg,,False,@전세정-l3z,니가 내 세상이고 지구고 중력이다,1,2024-04-05T08:53:49Z,2024-04-05T08:53:49Z
Ugwr1sb23sV60Ky0c-Z4AaABAg,,False,@jdh_0718,김도영사랑해 화이팅 내가 학교에 다 홍보하고온다,4,2024-04-05T08:53:29Z,2024-04-05T08:53:29Z
Ugx5cDAsXDXNz30Y57l4AaABAg,,False,@Hakumai_kpop,너무 예쁘고... 영상도 노래도 너무 예쁘고 매력적이어서 눈물이 날 것 같아요.굉장히 기대가 됩니다,212,2024-04-05T08:52:52Z,2024-04-05T08:52:52Z
UgxQIvzYUKYJgCNI0ml4AaABAg,,False,@kkking4004,김도영의 청춘을 응원합니다🩵,1,2024-04-05T08:51:37Z,2024-04-05T08:51:37Z
UgzFDcodeLNiDG6eK1J4AaABAg,,False,@doyamond,kim doyoung fighting 💪,3,2024-04-05T08:48:53Z,2024-04-05T08:48:53Z
UgyQ532pK79_-8vfTMR4AaABAg,,False,@user-shlee13,도영아 너가 내 청춘이야...진짜ㅜㅜㅜㅜ행복하게 오래오래 너의 노래를 듣고 싶어,1,2024-04-05T08:48:13Z,2024-04-05T08:48:13Z
Ugxj9F8RiSyeYa3fzd54AaABAg,,False,@ry6ew6tm6g,"아니.. 티저만 보고 소름 돋은 거 처음이야……
도영아 축하해🎉🎉　화이팅🥹🫶🏻",3,2024-04-05T08:42:57Z,2024-04-05T08:42:57Z
UgyU9HoupCzg34udN3V4AaABAg,,False,@fashyanurinayahfauzi2989,This give me anime ost,2,2024-04-05T08:42:44Z,2024-04-05T08:42:44Z
Ugwy7TcCAFNIWinjnmN4AaABAg,,False,@diajengfitrianingtyas8859,"everything about doyoung , is always beautiful!!!
fighting ddoi",3,2024-04-05T08:41:03Z,2024-04-05T08:41:03Z
UgwPKCvxWMJKGNGlB194AaABAg,,False,@서-x5m-s9f,너무너무 좋다...... 빨리 듣고싶어,1,2024-04-05T08:40:09Z,2024-04-05T08:40:09Z
Ugw8DOUHiuhveeuI2ex4AaABAg,,False,@krh3409,저기 도영씨 죄송한데… 이 노래만 선공개 안될까요?😅 22일까지 기다릴 수가 없어요 나 좀 살려줘😂,7,2024-04-05T08:39:17Z,2024-04-05T08:39:17Z
UgypH08YrNnBeyHP5s54AaABAg,,False,@eliquos,RAISE FOR THE EDITOR!!!!,1,2024-04-05T08:37:38Z,2024-04-05T08:37:38Z
UgyEDLTtpbYPAP41BHV4AaABAg,,False,@Nezha100le,Doyoung ganteng bgt ❤,1,2024-04-05T08:37:34Z,2024-04-05T08:37:34Z
Ugy4pWi5eDBiK76TjaN4AaABAg,,False,@elfaedriwati1758,beautiful voice ❤,1,2024-04-05T08:35:00Z,2024-04-05T08:35:00Z
UgxQp0Srd-uVW1Kg4X94AaABAg,,False,@Yongyounglv,"doyoung’s voice is so so so beautiful 😍 like no words could ever describe how pretty it is, I'M SO PROUDDDD
CAN'T WAIT FOR YOUTH",5,2024-04-05T08:33:23Z,2024-04-05T08:33:23Z
UgxTMemGVOnjCsZFpkV4AaABAg,,False,@dysz835,"아름답다 도영아 너무 찬란해
언제나 응원하고있어 잊지마",49,2024-04-05T08:32:48Z,2024-04-05T08:32:48Z
UgwqtqSg8YpHtUZriWF4AaABAg,,False,@doie1753,"When i listen to this intro, i feel like the main character",4,2024-04-05T08:32:19Z,2024-04-05T08:32:19Z
Ugx0VY940MLEB81seiF4AaABAg,,False,@yuliasucilestari5930,KEREN BANGET DOYIIIII❤❤❤ suaranya indah banget❤,0,2024-04-05T08:29:40Z,2024-04-05T08:29:40Z
UgzhuS3qMQoKDISQ3l94AaABAg,,False,@doyamond,DOLO LET'S GOOOO 🔥,0,2024-04-05T08:29:31Z,2024-04-05T08:29:31Z
Ugzh2lPFpbBtV-5sryN4AaABAg,,False,@3210axnkzz,"도여치...청말 멋지네요!!
Fullversion 기대돼요!!",83,2024-04-05T08:24:03Z,2024-04-05T08:24:03Z
Ugx8VDqJoi1ccRuv1V94AaABAg,,False,@K.atarina,도영오빠........학생즈니로서 제 청춘을 오빠에게 바칠게요. 절대 후회하지 않을 것 같아요. 이번 앨범 진짜 너무 기대된다 ㅠㅠㅠ💚,3,2024-04-05T08:19:59Z,2024-04-05T08:19:59Z
Ugz5TiSseOM15Gc9btd4AaABAg,,False,@aaaawgky-k8k,Doyoung kpn ya konser solo:(,1,2024-04-05T08:19:09Z,2024-04-05T08:19:09Z
UgzEoOR6bce56ruFmER4AaABAg,,False,@alfisyahrina7629,"indah banget demi apa merinding sebadan-badan, huhuuu proud of you doyoung",1,2024-04-05T08:17:50Z,2024-04-05T08:17:50Z
UgwUe1U_6S5Af2xVB0N4AaABAg,,False,@xove0pl23dq,"완전 내 취향이라서 기절할것같아...
너무 자랑스러워 이미 너무 좋아하고 기대됌",76,2024-04-05T08:17:30Z,2024-04-05T08:17:30Z
Ugz52-r2BERe5S3RWWp4AaABAg,,False,@deyanaputri3705,"doyoung thank u for beautiful things that u've been made, your beautiful voice gave strength for everyone that heared it, may your solo succesful, once again thank you, ilove u, always🥺🥹❤❤❤",1,2024-04-05T08:14:16Z,2024-04-05T08:18:32Z
UgxPG8PKUBv-HKCIMnZ4AaABAg,,False,@아니진짜미친,하아우리 도영이 솔로앨범 명반예상합니다. ㅇㄴ 딱 시기가 너뮤 좋음 4월이라 이제 막 봄 끝내는 무드여서 시원하게 여름 준비하는 그런 느낌이라 벌써 부터 기대된다아 ㅜㅜ 도영아 대박나자고오!!!!!!!❤❤,9,2024-04-05T08:14:10Z,2024-04-05T08:14:10Z
UgwNg38ThsPeRqqgvCl4AaABAg,,False,@jiiesooung,good job doyyie !!,2,2024-04-05T08:10:47Z,2024-04-05T08:10:47Z
Ugw8eT9TPj_YtU29Z4Z4AaABAg,,False,@김보미-r6c,"그냥 지브리, 디즈니 섞어놓은 책이랑 영화 펼쳐놓은 느낌;;;
몽환적, 시원함, 소름 끼친다 내영혼 다가져갔다",2,2024-04-05T08:09:41Z,2024-04-05T08:09:41Z
UgzUTNR2oGFKVSW3MKV4AaABAg,,False,@erii4549,DOYOUNG KAMU KEREN PAKE BANGET,0,2024-04-05T08:08:24Z,2024-04-05T08:08:24Z
Ugy6620ryXFvwFCM13F4AaABAg,,False,@ddoingg4070,벌써 좋아 어떡하죠,19,2024-04-05T08:05:51Z,2024-04-05T08:05:51Z
Ugw-kOcQmIDfgqk0B7t4AaABAg,,False,@ddoingg4070,너무 내 스타일,1,2024-04-05T08:05:37Z,2024-04-05T08:05:37Z
UgzLdYbgrE4QeE5T_Fd4AaABAg,,False,@도비이즈프리-g8k,도영이의 색깔이 듬뿍 담겼다는 게 너무 설레고 자랑스럽다ㅜㅜ! 이번에 대박나게 해줄게! 늘 사랑하구 응원해! 이번 솔로 힘내자!,16,2024-04-05T08:04:15Z,2024-04-05T08:04:15Z
UgxNcIVuvzvYfgYI73l4AaABAg,,False,@vietadoie,"kim doyoung you are great you made this video very well, I am very proud of you, I always support you...",4,2024-04-05T08:03:53Z,2024-04-05T08:03:53Z
Ugx2rN4R_bVZJ4w5pIV4AaABAg,,False,@Dn6f,김도영 ㅠㅠㅠ 너다운,2,2024-04-05T08:01:26Z,2024-04-05T08:01:26Z
Ugw8Up_IUDzvS4toHC14AaABAg,,False,@bunnypeachy9796,I'm so excited to see the 1st full album with Doyoung's voice,21,2024-04-05T07:58:49Z,2024-04-05T07:58:49Z
UgzOZXoXwX-lrOY5BOx4AaABAg,,False,@un-b8u,미쳤다,4,2024-04-05T07:58:46Z,2024-04-05T07:58:46Z
UgzeJ-ln4tyzetSVE7p4AaABAg,,False,@fianurfadilla9261,"I really like this video, doyoung's voice, doyoung's face, everything is beautiful & perfect🥹🩵",5,2024-04-05T07:58:45Z,2024-04-05T07:58:45Z
Ugx1XdsT8UNU-JtE99t4AaABAg,,False,@暇人-n9s,もう好き フル楽しみすぎる,3,2024-04-05T07:57:51Z,2024-04-05T07:57:51Z
UgzQC_CH6kQtXElUlad4AaABAg,,False,@michelleputri5291,Very happy to be there until Doyoung solo. doyoung did his best for his debut. will definitely be successful. Let's be enthusiastic about giving good things to Doyoung,11,2024-04-05T07:56:01Z,2024-04-05T07:56:01Z
Ugxyu8JjJocfacJxT254AaABAg,,False,@do0ayx_08,Is Doyoung Eric?  And Taeyeon is Ariel?,3,2024-04-05T07:55:09Z,2024-04-05T07:55:09Z
UgzlBBARdESyOKmBxD94AaABAg,,False,@domk_16,도영이 솔로ㅜㅜㅜ,3,2024-04-05T07:54:00Z,2024-04-05T07:54:00Z
Ugz2wJC_poVZU7acpv14AaABAg,,False,@นินจาจานิน-ษ8ซ,THE VOCAL IS INSANE,6,2024-04-05T07:53:24Z,2024-04-05T07:53:24Z
UgyveoZPVotD76Yw5P14AaABAg,,False,@jasmitorkkel,yesss!! i've been waiitng for his solo album for yearrrrs! love doyoung's voice so much <3,2,2024-04-05T07:51:02Z,2024-04-05T07:51:02Z
UgxgpJRfGKtnx3eVqnR4AaABAg,,False,@nanahayakawa8214,It's so magical,6,2024-04-05T07:45:38Z,2024-04-05T07:45:38Z
Ugxw3Oh0i4oFA7ya46l4AaABAg,,False,@Alfishana,Aaaaaa.. bangga banget.. 😭,4,2024-04-05T07:43:49Z,2024-04-05T07:43:49Z
UgwJMkwtAmABlQuOJSZ4AaABAg,,False,@dearmydearesto,"도영이가 들려주는 도영이의 청춘 , 너무나도 기대돼 이 영상만 봐도 시즈니들에게 들려줄려고 도영이의 음악을 꾹꾹 담아 불러주는거 같아 그리고 도영아 도영이만의 음악은 항상 날 위로해줘 너무 고마워",25,2024-04-05T07:43:40Z,2024-04-05T07:43:40Z
UgzTO3p58ry7JcWQoyx4AaABAg,,False,@d-day5355,Can't wait 🌊🌊,3,2024-04-05T07:41:58Z,2024-04-05T07:41:58Z
UgzHFeaQq0Wihi_Yu9d4AaABAg,,False,@agatheaegis17,"This album will be my Album of The Year filled with multiple masterpieces 
I already love it even before it got released",3,2024-04-05T07:41:06Z,2024-04-05T07:41:06Z
UgxfMRna5zSoTsgTWsp4AaABAg,,False,@h3ll0sundae,❤❤,1,2024-04-05T07:40:25Z,2024-04-05T07:40:25Z
UgxrO2q0T3X0KR0M0Bp4AaABAg,,False,@shineesdiamond3218,I'll wait patiently for you,3,2024-04-05T07:40:23Z,2024-04-05T07:40:23Z
UgxPurFgNR6s1-dX-6J4AaABAg,,False,@yunfeij563,说实话播放量这么点，不合理😢,2,2024-04-05T07:39:07Z,2024-04-05T07:39:07Z
UgzwOofy6_4gLrQni7V4AaABAg,,False,@girlbossed4441,LET'S GO DOYOUNG!!!! ❤️❤❤❤,4,2024-04-05T07:38:08Z,2024-04-05T07:38:08Z
UgzchsioAjjBgsKVKR94AaABAg,,False,@nina.ng1208,This song is so beautiful I feel hopeful but also want to cry,3,2024-04-05T07:37:09Z,2024-04-05T07:37:09Z
Ugz2bwSZR268sYUeiMN4AaABAg,,False,@edrick02,"wandering free, wish i could be... can't wait 🫶🏽",2,2024-04-05T07:36:25Z,2024-04-05T07:36:25Z
UgxesvAct6Zmga_Ghld4AaABAg,,False,@NANA-gu3xh,Princess Doyoung 👸🧜‍♀,4,2024-04-05T07:36:18Z,2024-04-05T07:36:18Z
UgxPesT977p3QPR0fs14AaABAg,,False,@araafauzh,"very beautiful concept, proud of you",3,2024-04-05T07:35:45Z,2024-04-05T07:35:45Z
Ugwk6UAjerqaV4mDdoV4AaABAg,,False,@febysitorus4245,So beautifull 💚,2,2024-04-05T07:35:42Z,2024-04-05T07:35:42Z
UgyxHSElxgT-YACHnoZ4AaABAg,,False,@cerenabigaellase,KERENN BGT SAYANGGG,1,2024-04-05T07:34:23Z,2024-04-05T07:34:23Z
UgwvJBUXTEKryUg8ZUl4AaABAg,,False,@wanladaaiampee7845,เพราะมากกกกก😭😭😭😭😭😭,1,2024-04-05T07:31:45Z,2024-04-05T07:31:45Z
Ugx7nLkCVg6MlaiyEhJ4AaABAg,,False,@kbdysj_91965,너무 좋아서 더 할 말이 없고 그냥 이걸 듣고 듣고 또 듣고 계속 듣고 듣고 또 듣고 계속 듣고 듣고 듣고 또 듣고 계속 듣고 듣고 또 듣고 계속 듣고 듣고 듣고 또 듣고 계속 듣고 듣고 또 듣고 계속 듣고 듣고 듣고 또 듣고 계속 듣고 듣고 또 듣고 계속 듣고 듣고 듣고 또 듣고 계속 듣고 듣고 또 듣고 계속 듣고 듣고 듣고 또 듣고 계속 듣고 듣고 또 듣고 계속 듣고 듣고 듣고 또 듣고 계속 듣고 듣고 또 듣고 계속 듣고 듣고 듣고 또 듣고 계속 듣고 듣고 또 듣고 계속 듣고 듣고 듣고 또 듣고 계속 듣고 듣고 또 듣고 계속 듣고 듣고 듣고 또 듣고 계속 듣고 듣고 또 듣고 계속 듣고 또 듣고 듣고 또 듣고 계속 듣고 듣고 또 듣고 계속 듣고 듣고 듣고 또 듣고 계속 듣고 듣고 또 듣고 계속 듣고 듣고 듣고 또 듣고 계속 듣고 듣고 또 듣고 계속 듣고 듣고 듣고 또 듣고 계속 듣고 듣고 또 듣고 계속 듣고 듣고 듣고 또 듣고 계속 듣고 듣고 또 듣고 계속 듣고 듣고 듣고 또 듣고 계속 듣고 듣고 또 듣고 계속 듣고 듣고 듣고 또 듣고 계속 듣고 듣고 또 듣고 계속 듣고 듣고 듣고 또 듣고 계속 듣고 듣고 또 듣고 계속 듣고 듣고 듣고 또 듣고 계속 듣고 듣고 또 듣고 계속 듣고 듣고 듣고 또 듣고 계속 듣고 듣고 또 듣고 계속 듣고 또 듣고 듣고 또 듣고 계속 듣고 듣고 또 듣고 계속 듣고 듣고 듣고 또 듣고 계속 듣고 듣고 또 듣고 계속 듣고 듣고 듣고 또 듣고 계속 듣고 듣고 또 듣고 계속 듣고 듣고 듣고 또 듣고 계속 듣고 듣고 또 듣고 계속 듣고 듣고 듣고 또 듣고 계속 듣고 듣고 또 듣고 계속 듣고 듣고 듣고 또 듣고 계속 듣고 듣고 또 듣고 계속 듣고 듣고 듣고 또 듣고 계속 듣고 듣고 또 듣고 계속 듣고 듣고 듣고 또 듣고 계속 듣고 듣고 또 듣고 계속 듣고 듣고 듣고 또 듣고 계속 듣고 듣고 또 듣고 계속 듣고 듣고 듣고 또 듣고 계속 듣고 듣고 또 듣고 계속 듣고 또 듣고 듣고 또 듣고 계속 듣고 듣고 또 듣고 계속 듣고 듣고 듣고 또 듣고 계속 듣고 듣고 또 듣고 계속 듣고 듣고 듣고 또 듣고 계속 듣고 듣고 또 듣고 계속 듣고 듣고 듣고 또 듣고 계속 듣고 듣고 또 듣고 계속 듣고 듣고 듣고 또 듣고 계속 듣고 듣고 또 듣고 계속 듣고 듣고 듣고 또 듣고 계속 듣고 듣고 또 듣고 계속 듣고 듣고 듣고 또 듣고 계속 듣고 듣고 또 듣고 계속 듣고 듣고 듣고 또 듣고 계속 듣고 듣고 또 듣고 계속 듣고 듣고 듣고 또 듣고 계속 듣고 듣고 또 듣고 계속 듣고 듣고 듣고 또 듣고 계속 듣고 듣고 또 듣고 계속 듣고 또 듣고 듣고 또 듣고 계속 듣고 듣고 또 듣고 계속 듣고 듣고 듣고 또 듣고 계속 듣고 듣고 또 듣고 계속 듣고 듣고 듣고 또 듣고 계속 듣고 듣고 또 듣고 계속 듣고 듣고 듣고 또 듣고 계속 듣고 듣고 또 듣고 계속 듣고 듣고 듣고 또 듣고 계속 듣고 듣고 또 듣고 계속 듣고 듣고 듣고 또 듣고 계속 듣고 듣고 또 듣고 계속 듣고 듣고 듣고 또 듣고 계속 듣고 듣고 또 듣고 계속 듣고 듣고 듣고 또 듣고 계속 듣고 듣고 또 듣고 계속 듣고 듣고 듣고 또 듣고 계속 듣고 듣고 또 듣고 계속 듣고 듣고 듣고 또 듣고 계속 듣고 듣고 또 듣고 계속 듣고 또 듣고 계속 들음 ...,1,2024-04-05T07:31:38Z,2024-04-05T07:31:38Z
Ugx7nLkCVg6MlaiyEhJ4AaABAg.A1qHYoKYGiEA1qHm_O0Gtb,Ugx7nLkCVg6MlaiyEhJ4AaABAg,True,@kbdysj_91965,이런 댓글이라 미안해 사랑해 도영아 노래해줘서 고마워 항상 너무 힘이 돼 덕분에 이겨낼 수 있었던 게 많아 솔로활동도 너무 기대된다ㅎㅎ 꿈만같아,0,2024-04-05T07:33:39Z,2024-04-05T07:33:39Z
UgxS562oe9ai9eg5il94AaABAg,,False,@dobunny1,this is so beautiful 😍 I can't wait for the full mv and album,1,2024-04-05T07:31:32Z,2024-04-05T07:31:32Z
UgyCiYs0HvRRN4c1Wj14AaABAg,,False,@Cantikv,Itsss amazing,1,2024-04-05T07:28:25Z,2024-04-05T07:28:25Z
UgyGOXyAR0uUmQqB0tN4AaABAg,,False,@fitripebrianti1253,Can’t waittt!!!!!,1,2024-04-05T07:28:23Z,2024-04-05T07:28:23Z
UgxJWbLDrRERhfHYylF4AaABAg,,False,@Cantikv,KIM DOYOUNG KEREN BANGET,4,2024-04-05T07:27:48Z,2024-04-05T07:27:48Z
Ugx-cxVARtDXfxJv2jp4AaABAg,,False,@salwashabiyyah383,Your voice so beautiful doyoung! Can't wait to see full album ❤,3,2024-04-05T07:27:40Z,2024-04-05T07:27:40Z
UgwhGsBn4Mpv5EQOfVx4AaABAg,,False,@aqsar0811,"Thank you for the intro to the film ""Youth"" by DOYOUNG, please support from NCTzen 127🐰💚💚💚💚💚",4,2024-04-05T07:27:40Z,2024-04-05T07:27:40Z
UgwB9p6szIXHjGT6lo14AaABAg,,False,@who0_C,So excited for DOLO,2,2024-04-05T07:26:16Z,2024-04-05T07:26:16Z
UgwHTHdAUYt6OxTObMZ4AaABAg,,False,@euunseoo,"미친, 첫 솔로부터 레전드다아ㅠㅠ
이렇게 도영이한테 찰떡인 노래를 주다니,,
스엠아 드디어 일하는구나ㅜㅠㅠ!!",66,2024-04-05T07:25:50Z,2024-04-05T07:25:50Z
Ugy4WQ_hvFYBnvQn8Z94AaABAg,,False,@hansg.fernandez5720,doyoungggggg,2,2024-04-05T07:25:41Z,2024-04-05T07:25:41Z
UgwuZ-JYv7lO42A1bUJ4AaABAg,,False,@LetsDona,"Beautiful view, beautiful voice. Can't wait to see full album  of youth♥︎",2,2024-04-05T07:24:57Z,2024-04-05T07:24:57Z
Ugzp-f50l0DM9cAVHfF4AaABAg,,False,@윤오랑재잘재잘,도영아 듣고 나 눈물날뻔했어…🥲고마워 노래해줘서,0,2024-04-05T07:24:51Z,2024-04-05T07:24:51Z
Ugz6EVV4IQOXVWzPMQF4AaABAg,,False,@4seasons1-12,뮤비 청량하다.. 청춘의 포말 맞는듯,0,2024-04-05T07:24:50Z,2024-04-05T07:24:50Z
UgxnUfOl8iK5FZf4NKl4AaABAg,,False,@makotonat8028,Your voice is very beautiful Doyoung🩵,1,2024-04-05T07:24:26Z,2024-04-05T07:24:26Z
UgxS-CoqGZIShPq1FYt4AaABAg,,False,@sasasaya1873,Can't wait to hear doyoung full album. Success DOLO🙏,2,2024-04-05T07:24:20Z,2024-04-05T07:24:20Z
UgzASyG9LV95rgUXs7J4AaABAg,,False,@leo-c2r6d,❤🎉🎉🎉🎉🎉,1,2024-04-05T07:24:17Z,2024-04-05T07:24:17Z
UgxsUFLeciIg1lClq0F4AaABAg,,False,@chilzenily,KIM DOYOUNG IS A GREAT SINGER,3,2024-04-05T07:24:01Z,2024-04-05T07:24:01Z
UgzyanPz46yZAIG4J1h4AaABAg,,False,@fromme_26,도영아 항상 응원한다. 우리 예쁜 도영이…💙,0,2024-04-05T07:22:59Z,2024-04-05T07:22:59Z
UgxaSzqxLl5WfIRv1xZ4AaABAg,,False,@おとうふ-w5z,예쁘다..,0,2024-04-05T07:22:27Z,2024-04-05T07:22:27Z
UgxSHU9ocbZTRYb-rAp4AaABAg,,False,@ntrkdy97,ยังหยุดฟังไม่ได้เลย🥹,3,2024-04-05T07:20:16Z,2024-04-05T07:20:16Z
Ugww-oTsKWzoLTibjuZ4AaABAg,,False,@DDoing_21,내 청춘을 가득 채워준 도영아💗 노래해줘서 고마워 우리 계속 오래 함께하자,0,2024-04-05T07:19:33Z,2024-04-05T07:19:33Z
Ugxv6uuuUhj8bPYmo-J4AaABAg,,False,@ice-qv7wq,Go doyoung!!,2,2024-04-05T07:18:27Z,2024-04-05T07:18:27Z
UgwgsGvHT2tr-7A1L4t4AaABAg,,False,@markloOo0ver,"아니 우리 도영이 청량 개큰구매,,, 미친 진짜 노래 개좋아 너무 기대됨ㅠㅠㅠ",1,2024-04-05T07:18:12Z,2024-04-05T07:18:12Z
UgzV42mQZSjWHFaTuJV4AaABAg,,False,@arien_000,Lol it's at 127k views when I saw this on my feed,2,2024-04-05T07:17:16Z,2024-04-05T07:17:16Z
UgzFhuOmaTvGJK3zWvR4AaABAg,,False,@loove9730,"How many numbers?

Puku puku pow pow",2,2024-04-05T07:16:31Z,2024-04-05T07:16:31Z
UgwPsWR_nHrhgQtITT94AaABAg,,False,@haddody,Sooo excited for the album release!,3,2024-04-05T07:16:18Z,2024-04-05T07:16:18Z
Ugy2yy4f0GIyTyRMFk14AaABAg,,False,@haddody,Doyoung is so lovely,7,2024-04-05T07:15:50Z,2024-04-05T07:15:50Z
UgxS-2_qQ4RS20IDUU14AaABAg,,False,@user-qn9tn2gp3m,내 청춘은 김도영이다….,1,2024-04-05T07:15:09Z,2024-04-05T07:15:09Z
Ugyg-KKGFTl_TRTL7bV4AaABAg,,False,@채민-j4g,도영이 솔로앨범 기다렸어 어서와,1,2024-04-05T07:14:46Z,2024-04-05T07:14:46Z
Ugzay8-WyI1-_X9zWAd4AaABAg,,False,@nctwish_for_my_wish,진짜 레전드,3,2024-04-05T07:12:09Z,2024-04-05T07:12:09Z
UgwZaYqF6h6BaLtldnp4AaABAg,,False,@bunnydo6379,thank you so much doyoungah 🥹,6,2024-04-05T07:11:47Z,2024-04-05T07:11:47Z
UgzDXCe3jJvq_dxI1AR4AaABAg,,False,@인제-w7w,미챳어 김도영 항상 행복하고 힘냐!!!,10,2024-04-05T07:09:51Z,2024-04-05T07:09:51Z
Ugy_8AY2T7bv2g-vZ2B4AaABAg,,False,@bunnydo6379,เสียงนางฟ้านางสวรรค์ 🥹,4,2024-04-05T07:09:42Z,2024-04-05T07:09:42Z
UgzlA4TGwgJSz7Vps_Z4AaABAg,,False,@do0_26,Doyoung and all his beauty,7,2024-04-05T07:09:19Z,2024-04-05T07:09:19Z
UgwkbFf8ZdFvr2qaPxp4AaABAg,,False,@bunnydo6379,what an angel’s voice,4,2024-04-05T07:09:18Z,2024-04-05T07:09:18Z
UgwBcGcroXTVfmennkt4AaABAg,,False,@heyyou2834,벌써 눈물난다😭 도영아💚💚 너무 기대돼!!,3,2024-04-05T07:08:50Z,2024-04-05T07:08:50Z
UgyHJLB2s2Jb4IdfEL54AaABAg,,False,@djdjdjdjdjdj6,your voice look like dreams except my nightmares of course,2,2024-04-05T07:08:10Z,2024-04-05T07:08:10Z
Ugwcyx_BwxYVwiKugkJ4AaABAg,,False,@Jench-mm5pz,Semua yang ada di video ini cantik banget..,6,2024-04-05T07:06:41Z,2024-04-05T07:06:41Z
UgzsKv4baFk6GzYxHON4AaABAg,,False,@yenaring.,좋다아아아아아앙ㅇ아앙히히힣힛ㅅ히힣ㅅ,1,2024-04-05T07:04:43Z,2024-04-05T07:04:43Z
UgxvFYoE7m6xbHDpc514AaABAg,,False,@allyquintero7981,Emotional damage❤,1,2024-04-05T06:59:06Z,2024-04-05T06:59:06Z
UgztmEBF8jc3CMVE64Z4AaABAg,,False,@ttoekissttoekiss6838,"a masterpiece, this is beyond beautiful. can't wait for the album release",5,2024-04-05T06:58:25Z,2024-04-05T06:58:25Z
UgynbhOIg2RA2UOHB4h4AaABAg,,False,@fromlittlevvave,우리 도영이 화이팅!!!!!!!!,3,2024-04-05T06:55:56Z,2024-04-05T06:55:56Z
UgwpT9wpJ8SRyWaryIF4AaABAg,,False,@hanifaalkhansa9194,So beautiful ❤️,4,2024-04-05T06:54:41Z,2024-04-05T06:54:41Z
UgwAOimUVGiXe7-HQLd4AaABAg,,False,@Cocorim,엔시티팬은 아닌데 도영 착해서 추천누르고감 ><ㅎ총각활동오래해~,100,2024-04-05T06:54:21Z,2024-04-05T06:54:21Z
Ugx64EbIeLuI_JiC8MR4AaABAg,,False,@3ol_,ドヨンの歌声は本当に素敵,4,2024-04-05T06:53:01Z,2024-04-05T06:53:01Z
UgwtV_pxAlsLuHjIWgd4AaABAg,,False,@yr-gd1zv,도영아 진짜 너무 좋다ㅠㅠ,2,2024-04-05T06:52:59Z,2024-04-05T06:52:59Z
Ugx0XYaeMPrtF1lovwN4AaABAg,,False,@talithaputeri9455,doyoung best boy 🩷,4,2024-04-05T06:52:47Z,2024-04-05T06:52:47Z
Ugzfi0tTRTsFSk6VCuV4AaABAg,,False,@yeyezen,it's giving little mermaid,1,2024-04-05T06:52:46Z,2024-04-05T06:52:46Z
Ugzcqtwn3GaBtK8ZaxR4AaABAg,,False,@0S2S2S20,진짜 너무 좋다... 노래 한 소절로 마음이 벅차오르는 기분이 든 건 진짜 오랜만.. 이거 도영이가 안 하면 누가 해.. 최고다 정말,1,2024-04-05T06:51:48Z,2024-04-05T06:51:48Z
Ugzc5wCnk7pml8DfZPd4AaABAg,,False,@dhsmfwldms,벅차오른다아아.. 맑고 푸르고 찰랑이고 시원하고 반짝이고 힘차고도 아름다운 도영이의 youth! 먼 미래에서 지금의 나를 돌아보며 아름다운 시절이었다 라고 말하는 상상을 해버림.,2,2024-04-05T06:51:30Z,2024-04-05T06:51:30Z
UgwljfyXZC9CEU3B7Ix4AaABAg,,False,@untitled.6934,I can’t stop watching this video 🥹,3,2024-04-05T06:50:57Z,2024-04-05T06:50:57Z
UgyBGzvqS3qyijwVQeJ4AaABAg,,False,@dodobble,"beautiful scenery, beautiful vocal, beautiful doyoung",5,2024-04-05T06:49:37Z,2024-04-05T06:49:37Z
Ugx6Uymmdf51J5oshVN4AaABAg,,False,@dodobble,SO AMAZING,3,2024-04-05T06:48:47Z,2024-04-05T06:48:47Z
UgxwxGNZjvBYXimlBOt4AaABAg,,False,@MarkMarkwoo16-gz1sc,Indah bgttttt,3,2024-04-05T06:48:22Z,2024-04-05T06:48:22Z
UgwLqwDTm6Cm-yrmrqh4AaABAg,,False,@Dingsss-26,"너가 내 디즈니고 지브리야…
진짜 목소리 미쳤나봐 ㅜㅜ ❤
도영이 이뿌다 ♡ 청춘의 포말 화이티잉~",0,2024-04-05T06:47:42Z,2024-04-05T06:48:13Z
UgwKsSU_kbhoUAwyJe54AaABAg,,False,@daysy6778,도영아🥹🥹 너무 기대된다,2,2024-04-05T06:46:40Z,2024-04-05T06:46:40Z
Ugy2BZIwxoTmaQ7E_iN4AaABAg,,False,@1441.2,Hope this solo album will be a hit and big🫶🏻🫶🏻🫶🏻 i love doyoung's voice!!!!,4,2024-04-05T06:46:28Z,2024-04-05T06:46:28Z
UgzV1GZ1pzOomvWLzsN4AaABAg,,False,@arahg03,Yooooo!!!! Doyoung!!! ❤😍😭,3,2024-04-05T06:45:10Z,2024-04-05T06:45:10Z
Ugw1BIiIgXzlMtnDGzx4AaABAg,,False,@nanalee6251,ดีมากกกกกกกก ขนลุกกก,2,2024-04-05T06:45:06Z,2024-04-05T06:45:06Z
Ugx-Ol_t9bP_dR1cgKB4AaABAg,,False,@제로즈니-h3d,와... 도영이 미쳤다...ㅠ 도영아!! 칠떡이야!!! 영화인줄 ㅠㅠㅠ 건강하자!! 사랑해!!,10,2024-04-05T06:43:19Z,2024-04-05T06:43:19Z
UgyiGlOCZdg4x4Da4l14AaABAg,,False,@aaauuuimo,"옴마 애니 한편 뚝딱나오겠는데? 
+ 앞으로 우리나라 봄노래는 새봄의 노래로 시작해서 벚꽃엔딩으로 마무리될듯",2,2024-04-05T06:42:50Z,2024-04-05T06:42:50Z
Ugw0Z9H-5Y0UWMVkuKh4AaABAg,,False,@fitrinurahimah6357,suara doyoung buat merinding😭😭,5,2024-04-05T06:42:04Z,2024-04-05T06:42:04Z
UgyXGRqHl4k3cWvSHl54AaABAg,,False,@LZW525,its feel like a Disney hero song!!!!!,0,2024-04-05T06:41:44Z,2024-04-05T06:41:44Z
UgzXZuzC4qELX1DCRWl4AaABAg,,False,@윤슬-m1c,새봄의 노래를 노래하는 도영아 너의 청춘을 함께 겪을 수 있어서 행복해!!,2,2024-04-05T06:41:36Z,2024-04-05T06:41:36Z
UgwAD5tQU40uWR3QJ2t4AaABAg,,False,@Hyuna0201,들으면 들을수록 한시라도 더 빨리 전곡을 듣고싶다는 마음밖에 안든다..,8,2024-04-05T06:38:15Z,2024-04-05T06:38:15Z
Ugxt4O3FKRrxvdJ0w_t4AaABAg,,False,@rachasangchai5648,Your voice from the heaven 🩵,4,2024-04-05T06:34:47Z,2024-04-05T06:34:47Z
Ugxx36-JMi0s0xkyZ5B4AaABAg,,False,@Im_soootired,도영아 진짜 사랑한다...,2,2024-04-05T06:34:39Z,2024-04-05T06:34:39Z
UgwcJjCcHmD3L39lqYh4AaABAg,,False,@jaehyunyuno,最高すぎる、、SMありがとう😭,5,2024-04-05T06:30:36Z,2024-04-05T06:30:36Z
Ugy9h61O6WVMNZqv4CJ4AaABAg,,False,@eelliey,真的太美了💚💚💚 加油doyoung我永遠都會支持你 愛你愛你愛你😘,4,2024-04-05T06:28:14Z,2024-04-05T06:28:14Z
UgzgqNf3L-vaHqaxhzd4AaABAg,,False,@nanachi1009,beautiful..masterpiece💙,5,2024-04-05T06:27:41Z,2024-04-05T06:27:41Z
Ugyq5J_U_SCLOsnM7Kh4AaABAg,,False,@nanachi1009,好温柔..真的好温柔 宏大而又漂亮的一切，声音、画面、音乐、道英本身..好美丽的你,4,2024-04-05T06:27:07Z,2024-04-05T06:27:07Z
UgxqQhzJ45JLMeY9ij14AaABAg,,False,@kmdynnn21,정말 멋져요.도영 씨가 생각하는 아름다운 세계관을 볼 수 있어서 정말 기쁩니다.22일까지 기다릴 수 없어!!!,24,2024-04-05T06:26:51Z,2024-04-05T06:26:51Z
Ugwbb8cGmX2fzz4a60F4AaABAg,,False,@monsoli,미쳤다 미쳤다 미쳤다....... 이거다,5,2024-04-05T06:24:34Z,2024-04-05T06:24:34Z
Ugx3tDegiwyIo0rWEnR4AaABAg,,False,@kinan12xd,Amazing!😮 Berasa kaya ost ost anime gitu!!😭 This is gonna be so good,6,2024-04-05T06:22:55Z,2024-04-05T06:22:55Z
UgxHWLWgQnMtMhtfl914AaABAg,,False,@62MK9,시즈니가 생각하는 도영이의 감성은 바로 이거야... 너무 좋다..사랑해,12,2024-04-05T06:18:59Z,2024-04-05T06:18:59Z
UgzXa4rZkVW11Vgl9814AaABAg,,False,@dare-lm0,도영+청춘 ... 그저 박하사탕하늘솜사탕봄날청량사이다파랑그자체🩵,10,2024-04-05T06:18:23Z,2024-04-05T06:18:23Z
UgypvRo_4XbaWmFqaz14AaABAg,,False,@zzeaxla_monstxrr9465,พี่พระเอกมาก,3,2024-04-05T06:17:18Z,2024-04-05T06:17:18Z
Ugz4Y6G-mH9vDa0f7z54AaABAg,,False,@user-rl4lr7gu8p,"청순 도영 이거 무조건 되는 주식이다… 청순 청아 청초 김도영!!!!! 
니가 내 디즈니고 내 문학이고 첫사랑이다 이 말이야 ㅠㅠ",2,2024-04-05T06:11:42Z,2024-04-05T06:11:42Z
Ugym35K6GHxFqTB4YYx4AaABAg,,False,@buikim1925,Hay vỡiiii,1,2024-04-05T06:10:41Z,2024-04-05T06:10:41Z
UgzUHEWchSGVXvuI8hJ4AaABAg,,False,@wntrsm,te amo mucho doyoung !! ^_^,4,2024-04-05T06:10:37Z,2024-04-05T06:10:37Z
Ugwzw04YUWOE6r08cmd4AaABAg,,False,@user-rl4lr7gu8p,"어떻게 앨범 이름이 청춘의 포말??? 
도영아 니가 내 문학이다",3,2024-04-05T06:10:25Z,2024-04-05T06:10:25Z
UgwQm0JscHtTssXmcWp4AaABAg,,False,@tidlslxoxo,"나는 행복합니다~
도영이 팬이라 행복합니다~
이게 가수잖아",10,2024-04-05T06:09:04Z,2024-04-05T06:09:16Z
UgxRCACCKkZF9tPIriN4AaABAg,,False,@kohakuchihiro8674,"El vocal de doyoung transmite mucho sentimiento, lo amo",4,2024-04-05T06:09:00Z,2024-04-05T06:09:00Z
UgydvJJvl0wYlLV3DO94AaABAg,,False,@bellovebya4661,Te amo doyoung,4,2024-04-05T06:08:18Z,2024-04-05T06:08:18Z
UgwaDMOdwq2HWrFVjv54AaABAg,,False,@felixpolloo,doyoung te amo precioso,4,2024-04-05T06:07:45Z,2024-04-05T06:07:45Z
Ugyytg7tPL5-UQ9f_fB4AaABAg,,False,@chichiyeea,好听！果然是金道英,2,2024-04-05T06:06:03Z,2024-04-05T06:06:03Z
UgzOk9491dzWkP_5Ngx4AaABAg,,False,@chichiyeea,非常期待！英子！帅帅帅,2,2024-04-05T06:05:22Z,2024-04-05T06:05:22Z
UgxyOXnT_AU6hHxJem54AaABAg,,False,@18kimsoo,"도영아 진짜 ㅜㅜ 너무 좋다 꿀보이스~~~💚💚💚💚🔥🔥🔥🔥
시즈니가 꼭 상타줄게!!!!!!!!",1,2024-04-05T06:04:33Z,2024-04-05T06:04:33Z
UgwLTp2NV_uWFr8sxfp4AaABAg,,False,@hokkicell8922,도영아 넘 기대된다 ...,1,2024-04-05T06:04:16Z,2024-04-05T06:04:16Z
UgyPbu4ig27NwgFge9V4AaABAg,,False,@syun0305mama,"ドヨン、『スパーク』持った！！！

と思ったのは私だけか？",2,2024-04-05T06:02:30Z,2024-04-05T06:02:30Z
UgxirvkSgt972CUiBQh4AaABAg,,False,@j.o.d6393,Prince Doyoung,5,2024-04-05T05:58:29Z,2024-04-05T05:58:29Z
UgwGELbw4P1xEV8xnTl4AaABAg,,False,@99swatermelon,i cant waiiitttttt,3,2024-04-05T05:58:03Z,2024-04-05T05:58:03Z
Ugx_5NhdN2AtsXu459p4AaABAg,,False,@Garel2927,OMG HE IS A SIREN 😭😭😭❤❤ So good,1,2024-04-05T05:57:32Z,2024-04-05T05:57:32Z
UgxpbGxkLmFXE56WnnN4AaABAg,,False,@aithvv_16,Ккрасивый🫣🫣,0,2024-04-05T05:56:56Z,2024-04-05T05:56:56Z
Ugx8WlArYgx_SMpAOI94AaABAg,,False,@xhzns.h,돌았다 미친 김동영이 김동영 했다 진짜 와 노래 뭐야 와...,2,2024-04-05T05:56:16Z,2024-04-05T05:56:16Z
UgxsoxgziwcjBDSna914AaABAg,,False,@RijkiHermawan,도영은 솔로 데뷔에서 어인이나 인어 역할을 맡을 것으로 보인다. 처음에는 바다 장면이 있기 때문입니다.,1,2024-04-05T05:55:35Z,2024-04-05T05:55:35Z
UgzJYOxto7KNieMxcVF4AaABAg,,False,@7DREAM_4EVER,👍👍👍👍💚💚💚💚🌱🌱너무 너무 기대된다!!!!,0,2024-04-05T05:52:55Z,2024-04-05T05:52:55Z
UgyY-K3QuBMpqjFzrVh4AaABAg,,False,@embecuadoyoung,your voice is so precious babi 😭🫧💙,0,2024-04-05T05:48:47Z,2024-04-05T05:48:47Z
UgxaLVlIg1xkHu68sDl4AaABAg,,False,@lovemazeee,도영아 노래하는 너를 너무 너무 좋아해 행복하게 노래했으면 좋겠어 도영이도 도영이의 노래도 항상 응원할게,2,2024-04-05T05:48:43Z,2024-04-05T05:48:43Z
Ugyav9ohhXURyAZGQnh4AaABAg,,False,@lovemazeee,노래에 확신이 생긴 그때부터 지금 이 순간을 열심히 그려왔다 ..... 이번 나침반은 청춘의 포말인데 자신이 그려본 크고 작은 청춘의 포말들로 우리를 위로하고 사랑하며 고마워 해준다는 멘트가 너무 도영이다운 전달 방식이라서 나를 울림 ... 도영이와 이 시작을 함께 할 수 있어서 너무 행복해.. 도영아 너의 공간에 우리를 초대해줘서 너무 고마워. 도영이는 평생 행복하게 노래해줘. 우리가 노래하는 널 항상 늘 응원할게. 도영이처럼 다정하고 따뜻한 사람을 좋아하고 있어서 .... 나 진짜 너무 행복해.,3,2024-04-05T05:47:45Z,2024-04-05T05:47:45Z
Ugz9lpvli8tBQ_rjFtV4AaABAg,,False,@Ningning-i3q,이거다.,0,2024-04-05T05:46:07Z,2024-04-05T05:46:07Z
UgxlP4_ymmvY0Wb5n6B4AaABAg,,False,@Ohnthr,This needs to be studied. Ocean has always meant so much to doyoung each and every scene must have a deeper meaning to it.,0,2024-04-05T05:45:44Z,2024-04-05T05:45:44Z
UgwI9Z4WvFstv0EcMjN4AaABAg,,False,@ey0go1,도영아 떨리는 면접날 이런 작품을 공개해주다니ㅠㅠㅠ 가사랑 노래 벅차고 너무 좋다💜 얼른 만나자!!!!,0,2024-04-05T05:45:16Z,2024-04-05T05:45:16Z
UgzbNnBAhGiqHBjZLLh4AaABAg,,False,@Keke88,So lovely,0,2024-04-05T05:44:39Z,2024-04-05T05:44:39Z
UgxhIWXMTPwcQQoDlhl4AaABAg,,False,@gyuvis,re hermoso todo,0,2024-04-05T05:43:44Z,2024-04-05T05:43:44Z
UgzB9UT-38Zgwno_FvB4AaABAg,,False,@doyieefans__3708,So beautiful,0,2024-04-05T05:43:37Z,2024-04-05T05:43:37Z
UgxmTdsZnfhipUGt9Vd4AaABAg,,False,@gyuvis,aaiii,0,2024-04-05T05:43:34Z,2024-04-05T05:43:34Z
UgwporOyZLMZYTesUB94AaABAg,,False,@gyuvis,parece q hace referencia a las princesitas,0,2024-04-05T05:43:25Z,2024-04-05T05:43:25Z
UgzJ8iv9OQ3kz5Ougjp4AaABAg,,False,@melkie3,This sounds amazing already!!! Cant wait to see what else doyoung has in store for us!,0,2024-04-05T05:43:12Z,2024-04-05T05:43:12Z
UgwudUNX2sS1FxiOiu94AaABAg,,False,@gyuvis,todo bonito,0,2024-04-05T05:42:46Z,2024-04-05T05:42:46Z
Ugx6bfRZh_FMkr_WwIp4AaABAg,,False,@gyuvis,parece q se basó en makoto,0,2024-04-05T05:42:35Z,2024-04-05T05:42:35Z
UgwfZOTXJeihNvAa6xl4AaABAg,,False,@LamNhi-nl2to,YOU ARE MY YOUTH. KDY!,1,2024-04-05T05:42:27Z,2024-04-05T05:42:27Z
UgytZyEH4FGg3T3x4mN4AaABAg,,False,@gyuvis,doyoung sireno,0,2024-04-05T05:42:16Z,2024-04-05T05:42:16Z
UgzfkJ3o9np4MP7Qd6x4AaABAg,,False,@kimmi1807,เริ่ดมาก ปังมาก เลิฟสุบๆ🫶🏻✨,0,2024-04-05T05:42:06Z,2024-04-05T05:42:06Z
UgwPDt8_LsqnT7YX4q94AaABAg,,False,@peacebewithyouandI,"인어왕자가 여기 살아있었네.. 김도영왕자님 🥹
난 인어가 있을 거라고 믿고 있었다구!!!!!!!!!!!!!!!!!!!!!!!",0,2024-04-05T05:41:01Z,2024-04-05T05:41:01Z
Ugx4LptSZ7sUWf6aZ9d4AaABAg,,False,@pennypresilia6006,"Kim Doyoung, I'm sorry to write this comment in Indonesian, but:

Makasih udah hadir, udah bikin aku kenal sama NCT sampai akhirnya join fandom ini.

Aku join Desember kemarin dan aku ngerasa Januari-Februari, Comeback kalian, konten kalian, UNITY bahkan sampe kamu debut solo, ini masa terbahagia selama hidup aku.

Makasih udah balikkin aku ke dunia kpop setelah rest 3 tahun lamanya. Makasi udah jadi pribadi yang pekerja keras, penuh kasih dan berdampak bagi orang lain. Makasih untuk setiap lagu yang kamu nyanyikan. Makasih untuk setiap perasaan yang kamu tumpahkan dalam setiap lagu. Makasih untuk setiap usaha dalam pekerjaan kamu.

Dalam waktu 5 tahun, aku ingin tetap menjadi bagian dari Doppus dan menjadikan kamu sebagai role model. Seseorang yang tetap rendah hati, suka berdonasi, peduli pada orang lain, berani kritis dan berpendapat, humoris dan mampu merealisasikan impian bukan hanya melalui kata, tetapi juga aksi.

Tunggu aku 5 tahun lagi dan aku harap saat hari itu tiba, aku akan menemui kamu sebagai orang sukses. Maybe, in the same stage? Me as your MC? Nobody knows, but I pray to God to meet u in person and talk to you.

Thank you for this amazing album. Amazing concept, unreal melody, gorgeous singer. All the feels and efforts u put in this album. U deserve all the love, all the supports. I'm rooting for you and can't wait for ur awards!

DOYOUNG DEBUT SOLO APRIL 22nd LET'S GOURRRR🫰",1,2024-04-05T05:40:12Z,2024-04-05T05:40:12Z
UgwIsUzhxDAyrl98a4F4AaABAg,,False,@영이-k4x,듣자마자 소름이..역시 도영👍👍👍,1,2024-04-05T05:39:36Z,2024-04-05T05:39:36Z
Ugx47z8r9k11WGXlZMV4AaABAg,,False,@Sunlight-es3ms,22일까지 언제 기다려 도영아ㅠㅠ💓💓,1,2024-04-05T05:35:43Z,2024-04-05T05:35:43Z
UgxUER-JCeeNI5x4pXt4AaABAg,,False,@lindamanek,"Wow, like Disney World!💚",1,2024-04-05T05:34:54Z,2024-04-05T05:34:54Z
UgxZW2RqpF-lemjauD94AaABAg,,False,@Ohnthr,This is so creative and comforting❤,3,2024-04-05T05:33:04Z,2024-04-05T05:33:04Z
Ugyl_zOD8z-9GcRRo8Z4AaABAg,,False,@환자-v9h,"내가 이 영상을 자정부터 몇 번이나 보고 있는거지?
도영아 네가 우리에게 보여주고 싶은 너의 수 많은 청춘은 이런 형태구나 ㅠㅠ
너무 예쁘고 아름답다... 내가 생각했던 것보다 훨씬 더 아름답고 동화같아
드디어 시작이니까 앞으로 평생 네가 원하는 노래를 해 줘! 영원히 응원할게!",1,2024-04-05T05:32:51Z,2024-04-05T05:32:51Z
UgyQ20UKXjEDG7sGSmZ4AaABAg,,False,@mayyaah4964,Powerful vocal,1,2024-04-05T05:32:15Z,2024-04-05T05:32:15Z
UgzcdK8owy30k5TNMkZ4AaABAg,,False,@Kadilofri,"I wish the best and greater success to Dongyoung. If you’ve found your voice, please share it with the whole world, as loud as you can🩵 I don’t even know what you’ve been through but I do now that you’ve done your best, kept working hard and been a good person, that’s what matters most and reason enough for you to get all you wish for 🥹 DOLO fighting! 🙌🏼",1,2024-04-05T05:30:22Z,2024-04-05T05:30:22Z
UgyWJypmo4NEgwxJejh4AaABAg,,False,@1188lemon,"김도영 노래 진짜 잘한다!!! 내 가수 최고다!!! 항상 도영이를, 도영이의 노래를 응원해 💙",1,2024-04-05T05:29:46Z,2024-04-05T05:29:46Z
UgyIyBBwnjVOx_zJlJ94AaABAg,,False,@recwithlove,와 보다가 노래 나오는 순간부터 온몸에 소름이 돋았음... 근데 계속 돋아... 노래 너무 좋아서,1,2024-04-05T05:29:23Z,2024-04-05T05:29:23Z
UgwSJwj4II5Idl30qLh4AaABAg,,False,@dxcdayn,THE MOST BEAUTIFUL THINGS I SAW FROM SOLOIST!!,3,2024-04-05T05:24:35Z,2024-04-05T05:24:35Z
Ugy-xZreJvktLPqSBV54AaABAg,,False,@chympui,Aesthetic sekali... Doyoung kami... ʚ♡⃛ɞ(ू•ᴗ•ू❁),2,2024-04-05T05:24:00Z,2024-04-05T05:24:00Z
Ugz9v7wQuM20IDn1oPh4AaABAg,,False,@Blueberry0_,🩵🩵🩵🩵,1,2024-04-05T05:22:51Z,2024-04-05T05:22:51Z
UgyGwTui00564vEAJ1l4AaABAg,,False,@neobongzzz,tan bello el concepto,1,2024-04-05T05:22:48Z,2024-04-05T05:22:48Z
Ugy4FC2oqAS5JlU3k-x4AaABAg,,False,@gretelmiranda6160,AHHH QUE EMOCIONNNN felicidades Doyo bonito exito en tu solo debut te amooooo milll,1,2024-04-05T05:21:34Z,2024-04-05T05:21:34Z
UgxUmAoZZunnmDEABmx4AaABAg,,False,@Lalala12343,❤❤❤,1,2024-04-05T05:17:36Z,2024-04-05T05:17:36Z
UgymMaj3ZYaFuhhRfDh4AaABAg,,False,@nabilaselima984,gilak keren bgt kim doyoung😭😭😭😭😭😭😭😭,1,2024-04-05T05:15:49Z,2024-04-05T05:15:49Z
UgxMQh_uAzb-inK6C2Z4AaABAg,,False,@For_jstc,"데뷔 8년만에 발매되는 도영이의 솔로앨범이라니 너무 기대되고 벅차다... 도영이가 음악에 있어 항상 진심이고, 또 신중한 사람인 걸 잘 알기에 우린 늘 너를 응원할 수밖에 없어. 솔로가수로서의 첫걸음 너무너무 축하하고 응원해! 사랑해 동영아💚",2,2024-04-05T05:12:25Z,2024-04-05T05:12:25Z
UgyzVcXJIAt1l_8y43Z4AaABAg,,False,@chikaannisawibowo7133,Sooooo exciteddddd,1,2024-04-05T05:11:40Z,2024-04-05T05:11:40Z
UgwcGtSpwrimxMx2ajl4AaABAg,,False,@wongweixicharlote2719,,1,2024-04-05T05:11:30Z,2024-04-05T05:11:30Z
Ugx9HvoUNMtCASLnBQV4AaABAg,,False,@sobbexe,와 미쳤구나 김도영 솔로 빨리 와.. ㅠ 하루종일 이 노래만 듣게,2,2024-04-05T05:10:49Z,2024-04-05T05:10:49Z
UgzeUkSr8_5P5-c1ggV4AaABAg,,False,@hhaaeecchhaann,너무나게도 왕자님이세요…. 청순아련…사랑해,3,2024-04-05T05:09:08Z,2024-04-05T05:09:08Z
UgzkIqjmlkdtXKoNouh4AaABAg,,False,@อยากไปเที่ยว-ษ7ฆ,❤❤❤ทำถึงเกินน,0,2024-04-05T05:08:04Z,2024-04-05T05:08:33Z
UgxUEdv3tY3aLGs6CE14AaABAg,,False,@이즈-w4b,도영이 믿고 좋을거라 생각했는데 내 생각보다 훨씬좋잖아?? ㅠ,0,2024-04-05T05:07:41Z,2024-04-05T05:07:41Z
UgzFFaNeq7otrv4bQVV4AaABAg,,False,@kuru9742,美しい..........🥲💚,1,2024-04-05T05:05:52Z,2024-04-05T05:05:52Z
UgzUuOT753pmXSDdeQ54AaABAg,,False,@desvinaaulia2559,Fighting doppus,1,2024-04-05T05:03:20Z,2024-04-05T05:03:20Z
Ugyw0tSQDk-IaVrpjIl4AaABAg,,False,@desvinaaulia2559,Let's hype doloo,1,2024-04-05T05:03:11Z,2024-04-05T05:03:11Z
Ugzy-mmrmhPqIBN-wFV4AaABAg,,False,@gakirily4237,THAT'S AMAZING,0,2024-04-05T05:00:41Z,2024-04-05T05:00:41Z
UgzWu-S7wCP_QMDem8N4AaABAg,,False,@UMR-go1gs,"Estoy muy emocionada, gracias DoYoung por siempre entregar lo mejor de ti 💚🫂💜",0,2024-04-05T04:59:01Z,2024-04-05T04:59:01Z
UgzzhuJzQu67QznxmB14AaABAg,,False,@inahani6544,It's giving anime vibe. This intro film is so magnificent 😍💙✨ Praying for the success of doyoung 1st solo album !! 🙏💖🔥,0,2024-04-05T04:57:58Z,2024-04-05T04:57:58Z
UgyzP-Ii6Vlshv8SmlV4AaABAg,,False,@いちに-g8j,ディズニーの主題歌みたい,1,2024-04-05T04:57:52Z,2024-04-05T04:57:52Z
UgyxUhLy7kLz0h48Jr14AaABAg,,False,@prdntp9880,This is really awesome.  How many more times do you have to say it?  I will also say that I love Doyoung's voice.  Eagerly waiting for the full album.,1,2024-04-05T04:57:43Z,2024-04-05T04:57:43Z
Ugz8YNzTzb4JGa-eD9N4AaABAg,,False,@UMR-go1gs,💚🫂💜,0,2024-04-05T04:57:21Z,2024-04-05T04:57:21Z
UgwTPOkWb5eOMGR18rh4AaABAg,,False,@marissananaa,Wow ! I am in awe and shock at this concept !!! Fighting doyoung !!!!,0,2024-04-05T04:57:10Z,2024-04-05T04:57:10Z
Ugwolxal8LQAdDZosVh4AaABAg,,False,@johnmichaelvinson8867,Doyoung sings so well🎉 excited for his solo,0,2024-04-05T04:56:13Z,2024-04-05T04:56:13Z
UgxSGIEjNP8d_2nXcgR4AaABAg,,False,@johnmichaelvinson8867,Daebak,0,2024-04-05T04:55:32Z,2024-04-05T04:55:32Z
UgwyaKuOJL00uIuu85F4AaABAg,,False,@moominjjh1376,สวย สง่า หรูหรา ลูกแม่เก่งที่สุด,0,2024-04-05T04:55:20Z,2024-04-05T04:55:20Z
Ugyy88qjk4BaR4us0294AaABAg,,False,@DrSimpleBeauty,OST Feeling ✨,0,2024-04-05T04:54:05Z,2024-04-05T04:54:05Z
Ugxnq_swHMKB1dSxXtV4AaABAg,,False,@주주-x6x,디즈니 같다가도 지브리같고 이게 도영이라는 장르구나 도영아 너무 자랑스럽다,7,2024-04-05T04:51:16Z,2024-04-05T04:51:16Z
UgzWXht7EbZIwcE2Hp14AaABAg,,False,@leecjnoo,I LOVE IT,0,2024-04-05T04:50:09Z,2024-04-05T04:50:09Z
UgzzOvjcNa1zwKphNh54AaABAg,,False,@happy_cat_GOGO,뭔가 따뜻한데 시원하면서 눈물이 벅차오르면서 청량한게 뭔가 형용할 수 없는 감정이.. 벌써부터 22일이 기다려져요🐰💚,1,2024-04-05T04:49:56Z,2024-04-05T04:49:56Z
Ugwjnklz4j5rlP01Imx4AaABAg,,False,@j.eunj___,도영이의 노래들 늘 응원해 🩵✨,1,2024-04-05T04:49:06Z,2024-04-05T04:49:06Z
UgyYVn5DQT3xz03Auo14AaABAg,,False,@1369F,เพราะมาก รอแล้วววว❤,0,2024-04-05T04:48:22Z,2024-04-05T04:48:22Z
UgzDBjGBR0bK8sF5NtB4AaABAg,,False,@samanthalee3216,어머어머어머어머 축하해영 베이비ㅠㅠㅠㅠㅠ,0,2024-04-05T04:48:01Z,2024-04-05T04:48:01Z
UgxqSk9Upe88uQ9qW-94AaABAg,,False,@정연-e1q1r,아니아니..이게이게 무슨일이야..청량도영이 너무 예쁜데..??,0,2024-04-05T04:47:32Z,2024-04-05T04:47:32Z
Ugza5G31Nk24FapDavF4AaABAg,,False,@วิลลี่วิลลี่-ล8อ,ดี🩵🩵,0,2024-04-05T04:44:31Z,2024-04-05T04:44:31Z
UgxDPGkAOJV1JuO8Krd4AaABAg,,False,@haddody,this is so magical,0,2024-04-05T04:43:34Z,2024-04-05T04:43:34Z
UgwKH-J-ppsBTmcvb9Z4AaABAg,,False,@gojomikali6005,โดยองเก่งจังเลย,0,2024-04-05T04:41:30Z,2024-04-05T04:41:30Z
UgwD3ouzvArV-C8I3zN4AaABAg,,False,@hutaripratiwi1301,Too beautifull Kim Doyoung ♥️🫶🏻,1,2024-04-05T04:37:11Z,2024-04-05T04:37:11Z
Ugx34jrloKY8PJ8ig454AaABAg,,False,@sheeeeedreams,It gives of an anime or movie OST vibes!! So excted,0,2024-04-05T04:36:27Z,2024-04-05T04:36:27Z
Ugw-Gmmy2WUFr6S92Y54AaABAg,,False,@keira3388,どよちの素晴らしい歌声、もう感動♡楽しみ~~,2,2024-04-05T04:36:03Z,2024-04-05T04:36:03Z
UgxnUQHJhdjtkZ9vfmh4AaABAg,,False,@uriahg9775,It's gonna be great to see Doyoung get to unleash all his talent in an album with just his voice.,2,2024-04-05T04:35:56Z,2024-04-05T04:35:56Z
Ugz86Z0MVwt45lLQeOd4AaABAg,,False,@F1fan-YT,Doyoung support raise your hands ✋️,1,2024-04-05T04:35:49Z,2024-04-05T04:35:49Z
Ugz86Z0MVwt45lLQeOd4AaABAg.A1pyRAlb6D-A1pyx20kkn7,Ugz86Z0MVwt45lLQeOd4AaABAg,True,@virly4746,me from indonesia,0,2024-04-05T04:40:19Z,2024-04-05T04:40:19Z
Ugy5TJQkr6cMpTbmwqd4AaABAg,,False,@hasanhasanudin212,DOYOUNG KAMU KEREN BAMGETTTT🤩❤❤❤,2,2024-04-05T04:35:07Z,2024-04-05T04:35:07Z
UgxXDNWoi06mgIvkjHJ4AaABAg,,False,@heyyou2834,"Cant wait for the full version, just OMG😭",2,2024-04-05T04:33:53Z,2024-04-05T04:33:53Z
UgytdD6Q3fBwX7dhfAt4AaABAg,,False,@heyyou2834,Daebak!!!!,2,2024-04-05T04:33:26Z,2024-04-05T04:33:26Z
Ugy1frFudIJlIZdYNH54AaABAg,,False,@dianayup90,"doyoung our disney princess, little mermaid, aphrodite, water deity, spring fairy fightiiiinggg!!!!",2,2024-04-05T04:32:20Z,2024-04-05T04:32:20Z
UgycUNXIEVl7y6UovE54AaABAg,,False,@riyanath2842,WOW JUST WOW.,1,2024-04-05T04:32:01Z,2024-04-05T04:32:01Z
Ugy8g565xqyAZ1jCk1p4AaABAg,,False,@daisykimmihyun,ทำถึงเกิน,1,2024-04-05T04:31:18Z,2024-04-05T04:31:18Z
Ugy0_BK5yn9LTAZBaPl4AaABAg,,False,@Dooooyoungbabo,김도영 너가 내 청춘이다…🩵,1,2024-04-05T04:30:25Z,2024-04-05T04:30:25Z
Ugx5zqKXggL7PwRop9J4AaABAg,,False,@sxilormxrs,ariel core,0,2024-04-05T04:29:44Z,2024-04-05T04:29:44Z
Ugz7hL6VE0JINvG5r154AaABAg,,False,@starrynight2650,예뻐서,1,2024-04-05T04:28:50Z,2024-04-05T04:28:50Z
UgyVt84Mte4rgfC_NUR4AaABAg,,False,@MyTaylordCloset,I'm so excited for this solo album Doyoung I'm so proud of you.,2,2024-04-05T04:28:23Z,2024-04-05T04:28:23Z
UgxRCHik60Zo-DWHlkB4AaABAg,,False,@nagilolo5660,声の芯に確信が聴こえた。,2,2024-04-05T04:25:09Z,2024-04-05T04:25:09Z
UgzUwphEMBetu9hSg794AaABAg,,False,@뭔소리야짜증나게뭔소,아니 도영아.. 어케 스포 참았어? 노래 너무너무너무 좋잖아… 진짜 김동영 최고야 .. 도영이가 불러주는 노래 아님 이제 못 듣겠다.. 너무 잘불러 진짜로.. 🫶,9,2024-04-05T04:25:00Z,2024-04-05T04:25:00Z
UgwSHX6XxCHCxpdrk_14AaABAg,,False,@erikachzd2467,Estoy viendo una película espectacular.... waw quede inpresionada con mi bello Doyoung .,1,2024-04-05T04:24:15Z,2024-04-05T04:24:15Z
UgwgFUXvEv8RKuCrpWR4AaABAg,,False,@polymorphism_26,"진짜 내 힘든 시간에 힘이 되어준 도영이, 오늘도 너에게 힘를 얻고 간다, 너는 내 행복이고 내 인생의 행운이야! 정말 정말 사랑해!",1,2024-04-05T04:23:53Z,2024-04-05T04:23:53Z
UgzQvpAHn2sxErOv4VV4AaABAg,,False,@yeehaw4073,the most beautiful album into ever,1,2024-04-05T04:23:31Z,2024-04-05T04:23:31Z
Ugy9bMUhbNlLmIc57mZ4AaABAg,,False,@mbaddoyii5290,SAYANG KUUU 😭🩵🌊🐰,0,2024-04-05T04:21:52Z,2024-04-05T04:21:52Z
Ugz_-eP2WlPRpeBBcj14AaABAg,,False,@ninalee0812,DOYOUNG OPPA I’M SO PROUD OF YOU ㅠㅡㅠ,0,2024-04-05T04:21:34Z,2024-04-05T04:21:34Z
UgyP2F8mK3aNHvqNlQt4AaABAg,,False,@user-trueblue,"어떡해 너무 좋아서 오백번째 다시 들어오는 중 이러다 이 영상 속에서 살겠어
도영이의 노래는 왜 이렇게 안심이 되고 안전하다고 느껴질까 이렇게 연결되어 있는 것만으로도 위안이 돼
나의 위안이 되어줘서 고맙고 너의 존재 자체에 정말 감사해",3,2024-04-05T04:17:24Z,2024-04-05T04:17:24Z
Ugy3Xv_hyTZ4Iln2Qp94AaABAg,,False,@plmoknplm-r4o,노래 빨리 나왔으면 좋겠다!!ㅠㅠ 너무 기대돼!!!!,2,2024-04-05T04:16:31Z,2024-04-05T04:16:31Z
UgxOQ-RpLA1vvIIYzu54AaABAg,,False,@คุณครูปลาทู,เพลงเพราะ เสียงของโดยองทำให้เพลงยิ่งมีพลังขึ้นไปอีก เก่งมากๆ,3,2024-04-05T04:13:39Z,2024-04-05T04:13:39Z
UgyQI7WgZIuib2xMQvF4AaABAg,,False,@jkate9695,It really sounds so magical,1,2024-04-05T04:13:20Z,2024-04-05T04:13:20Z
UgyDzjEfo2YXODov1oV4AaABAg,,False,@castle0108,완전 그냥 디즈니 재질이자나 도영아 너무 좋다 ……,17,2024-04-05T04:12:46Z,2024-04-05T04:12:46Z
UgzxSwcxiHsYmOJ7K914AaABAg,,False,@kang4595,This is visually stunning.  And your vocals are always out of this world.,10,2024-04-05T04:12:05Z,2024-04-05T04:12:05Z
Ugw4b6sn10hmQoYbhSV4AaABAg,,False,@สุทธาธารกรุมรัมย์,ขนลุกกกก น้องโดยองทำถึงอ่ะเก่งสุดๆ👏👏👏👏,1,2024-04-05T04:11:38Z,2024-04-05T04:11:38Z
Ugyz0FM6rK7U-yqIbGN4AaABAg,,False,@tanhcutee7860,so beautiful,1,2024-04-05T04:11:38Z,2024-04-05T04:11:38Z
UgzuSnIQCUTOZBAn9zl4AaABAg,,False,@soundsso1912,kenapa kesanya kaya ost anime anime gitu yaa,1,2024-04-05T04:11:22Z,2024-04-05T04:11:22Z
UgzrqlgorTD-wO5Tsnl4AaABAg,,False,@말랑우유푸딩,미쳤다… 노래며 영상미까지 첫 솔로부터 이렇게 완벽하면 어떡하지 도영이 목소리 말해뭐해 너무 기대된다 얼른 듣고싶어 김도영 사랑해,147,2024-04-05T04:09:46Z,2024-04-05T04:09:46Z
Ugyrxdu0barIsSDR67R4AaABAg,,False,@melinagarciaespinoza,Can't wait!!❤,1,2024-04-05T04:08:23Z,2024-04-05T04:08:23Z
UgyRwhubYY6Q_D5O3vJ4AaABAg,,False,@BunnyDY-px7le,So beautiful 🩵🩵🩵🩵,1,2024-04-05T04:06:03Z,2024-04-05T04:06:03Z
Ugz3NY1ufEVPj8FWzKF4AaABAg,,False,@이호호-q7i,동영씨 솔로 기대할께요!! 벌써부터 좋다~~~~,66,2024-04-05T04:05:48Z,2024-04-05T04:05:48Z
UgyBb90XkI7J8JtGSbF4AaABAg,,False,@youngabogosiq,"도영이의 노래 장르는 김도영장르야 어떤 장르라고 말을 못 하겠어 ㅜㅜㅜㅜ 청춘을 노래할 도영이가 너무 기대 돼!!!!
도영이에게 봄을 선물받은 기분이야 
얼른 보자 도영아 사랑해 
온 세상에 가득 힘차게 노래 할 도영이를 항상 응원할래 🩵",14,2024-04-05T04:05:35Z,2024-04-05T04:05:35Z
Ugx8-4yJoUDX3m9CwSF4AaABAg,,False,@내군침은마치쇽샥도는,아 사랑해 ㅠㅠㅠㅜㅠㅠㅜㅜㅜ,3,2024-04-05T04:03:59Z,2024-04-05T04:03:59Z
Ugy0DqDesB86S5zN4jx4AaABAg,,False,@febrisemarace,this is too beautiful!!!!,2,2024-04-05T04:03:37Z,2024-04-05T04:03:37Z
Ugx0NQDjeAzngAU-9nN4AaABAg,,False,@ryansetyono8923,"DISNEY'S ""THIS WISH"" VIBES 
CAN'T WAIT!!!",1,2024-04-05T04:02:41Z,2024-04-05T04:02:41Z
UgwZ9BKogT5cJXotb0Z4AaABAg,,False,@nightsofsilver1573,beautiful,1,2024-04-05T04:02:26Z,2024-04-05T04:02:26Z
UgztuvZtGhEc4rkZzep4AaABAg,,False,@hallofafaa8595,keren bgt syggg😻❣️💕,1,2024-04-05T04:02:06Z,2024-04-05T04:02:06Z
Ugyk0rbJ8Laq2FAhNHd4AaABAg,,False,@darchive28,도영짱!🩵🩵,3,2024-04-05T04:00:10Z,2024-04-05T04:00:10Z
UgzjFKabIIk9zceT1-54AaABAg,,False,@js.addict,I LIKE THE SONGGGG🥹🤍🤍🌟🌟,1,2024-04-05T03:59:56Z,2024-04-05T03:59:56Z
Ugx61e0EJ57U2wm5RBx4AaABAg,,False,@Yu-r6e,청포도💚💚💚,2,2024-04-05T03:59:54Z,2024-04-05T03:59:54Z
UgznSE4NlxBb-qXeMQx4AaABAg,,False,@annisasantri0412,can't wait for the MV!! soloists kim doyoung💙💙💙,1,2024-04-05T03:59:45Z,2024-04-05T03:59:45Z
Ugyr98gdh-CkO6ZmqL14AaABAg,,False,@alessandraaguirre,I love you Doyoung ❤,1,2024-04-05T03:58:20Z,2024-04-05T03:58:20Z
UgxlyRCafpeBdzN9ijh4AaABAg,,False,@jenleejmnie,Omgggg 😭🐰🐰🐰🫧🩵🤍,1,2024-04-05T03:56:43Z,2024-04-05T03:56:43Z
Ugy9Wr295Tbi5rPZ3uV4AaABAg,,False,@nddo-s7b,도영아 너무 좋아 너의 모든 걸 응원해,2,2024-04-05T03:56:35Z,2024-04-05T03:56:35Z
UgxcAHVsMyOKfC9KGKd4AaABAg,,False,@_Amino_Acid_,"Боже, это так красиво, что я щас помру😢💚",1,2024-04-05T03:54:12Z,2024-04-05T03:54:12Z
Ugyk77bBCMgbVpD9CY54AaABAg,,False,@bunnypeachy9796,It's really a good song~,1,2024-04-05T03:53:18Z,2024-04-05T03:53:18Z
UgzDs-U-dGE2OpaJ2o94AaABAg,,False,@lilyunte,Doyoung Serius jadi Duyung beneran?!!,1,2024-04-05T03:50:06Z,2024-04-05T03:50:06Z
Ugz9S88RBo3Vl_C6zbN4AaABAg,,False,@Huha-i4c,찢었다 도영아 이번 솔로 응원해 잘되자!!,2,2024-04-05T03:48:30Z,2024-04-05T03:48:45Z
UgwgiNQPa1maAdMzjEl4AaABAg,,False,@푸실-k9w,여름을 기다려왔던 봄이 여름을 맞아 반갑게 맞으러 달려나가는 것만 같아,2,2024-04-05T03:47:20Z,2024-04-05T03:48:33Z
UgwW7dy8XFoMWee-NYt4AaABAg,,False,@oceandelver,i feel so refreshed really 😭❤i am excited for this album.... i have been waiting! #DOLO,1,2024-04-05T03:46:40Z,2024-04-05T03:46:40Z
UgycLfayXNBcEXEiJB94AaABAg,,False,@kittenleemk,ปังมากคุรน้า ทำถึง ทำเกิน ทำอีก ฟังแค่นี้ยังเหมือนได้ขึ้นสวรรค์ น้องโดยองเก่งมาก แม่รักหนู,2,2024-04-05T03:46:22Z,2024-04-05T03:46:22Z
UgyYFq_mX-_0oIRWZCV4AaABAg,,False,@KimMintKun,"이렇게 좋은데 9곡이나 더 남았다니!!! 너무 행복하다
새봄의 노래 참 멋있는 인트로네 도영이 같음 노래가",11,2024-04-05T03:46:15Z,2024-04-05T03:46:15Z
UgyGAvDBPoWvWbE4shB4AaABAg,,False,@doyiepcy,Let's go doyoung❤❤❤❤❤,1,2024-04-05T03:46:05Z,2024-04-05T03:46:05Z
UgzB88xDQgtpbXGwJd54AaABAg,,False,@kiakia4776,노래 선공개 해주세요 ㅠㅠ 이노래 들으면서 벚꽃구경하고싶어요...,4,2024-04-05T03:45:10Z,2024-04-05T03:45:10Z
UgzN-OVC3mAKPjUKXzB4AaABAg,,False,@eIectrichearts,우리 도영이 너무 멋있어ㅠㅠ,2,2024-04-05T03:44:54Z,2024-04-05T03:44:54Z
UgxJziOejalThBwNffl4AaABAg,,False,@didititidt,벅차 오르는 감정을 느끼게 하는 귀한 목소리,3,2024-04-05T03:42:01Z,2024-04-05T03:42:01Z
UgzwzRCxyo0HJ4-AMoN4AaABAg,,False,@carolechaney2830,❤❤❤❤❤❤Doyoung ⭐️⭐️⭐️🤗,1,2024-04-05T03:41:06Z,2024-04-05T03:41:31Z
UgwX_VSfxnmWQOCjQ8J4AaABAg,,False,@selee1012,"와 .... 나무 벅차오르자나🥹 도영아 이건 진짜 된다,,",3,2024-04-05T03:40:58Z,2024-04-05T03:40:58Z
UgzSy_FBNeesUWdF8bx4AaABAg,,False,@diyasss0112,so beautiful so magical 🩵💙✨,1,2024-04-05T03:39:54Z,2024-04-05T03:39:54Z
UgwCkyOLItYQPgtBNph4AaABAg,,False,@KIMYEOUL,도영이의 청춘의 한 순간을 이렇게 같이 보낼 수 있어서 고마워. 그리고 전곡이 모두 좋을 것 같아서 설레고 기대돼!,8,2024-04-05T03:39:45Z,2024-04-05T03:39:45Z
UgyaBByhDMIMpvfxwpx4AaABAg,,False,@elsarchv,Indahnya,1,2024-04-05T03:39:29Z,2024-04-05T03:39:29Z
UgzbPL3XZBlDVPpcXut4AaABAg,,False,@febbihermawan8060,Doyoung fighting,1,2024-04-05T03:38:58Z,2024-04-05T03:38:58Z
UgzRvk7qzkN-e_b31wh4AaABAg,,False,@mmmbacyy,여기가 디즈니월드인 것 같아요..... 인트로와 도영의 감미로운 목소리가 어우러지면 너무 좋아요!!,299,2024-04-05T03:38:53Z,2024-04-05T03:38:53Z
UgxAbd7EDOu18p2Wj-V4AaABAg,,False,@8million869,🩵🩵🩵,1,2024-04-05T03:37:16Z,2024-04-05T03:37:16Z
Ugwoqatr-AFhvJpzKPN4AaABAg,,False,@8million869,声音绝了,1,2024-04-05T03:37:08Z,2024-04-05T03:37:08Z
UgwKYp-7qxzNN_kp1XJ4AaABAg,,False,@8million869,迪士尼公主呀😢,1,2024-04-05T03:36:45Z,2024-04-05T03:36:45Z
Ugx1CdE_MIbwK89k9Mt4AaABAg,,False,@8million869,期待道英🎉,1,2024-04-05T03:36:30Z,2024-04-05T03:36:30Z
UgwUcpO6rPKZ1-SJut14AaABAg,,False,@annisasantri0412,도영오빠 너무 예뻐요!!,4,2024-04-05T03:36:02Z,2024-04-05T03:36:02Z
Ugw44gFZasjEnh1fgYB4AaABAg,,False,@tangmo1474,"Я уже записалась на разбор и куплю всё😈 사랑해, 도영이 ❤",1,2024-04-05T03:33:41Z,2024-04-05T03:33:41Z
UgyVYeG2F5ahEpNCB3l4AaABAg,,False,@kurikooe-gd9xw,Can‘t wait for do0 solo🫶🏻,1,2024-04-05T03:33:31Z,2024-04-05T03:33:31Z
UgxS5MTc74IPJ1ZAcdl4AaABAg,,False,@도-t4g,도영아 노래해줘서 고마워 너의 노래를 응원할게,2,2024-04-05T03:33:07Z,2024-04-05T03:33:07Z
Ugz80051xacrAqfmJ294AaABAg,,False,@doyamond,i love doyoung's voice ❤,1,2024-04-05T03:32:02Z,2024-04-05T03:32:02Z
UgyN9DvZvziV5rUYM6Z4AaABAg,,False,@OeO-g9k,아 걍 빨리 줘 듣게 좀,2,2024-04-05T03:31:26Z,2024-04-05T03:31:26Z
UgyzZmSDSvmW0FzHN7Z4AaABAg,,False,@meidreamin,Loving it already!!! 😭 Doyoung's voice is heavenly! 💚,3,2024-04-05T03:30:32Z,2024-04-05T03:30:32Z
Ugy7PN5fdlq6Y3lBZ5d4AaABAg,,False,@xaexove,도영아 너무 이뻐 사랑해 항상 ❤❤,1,2024-04-05T03:30:01Z,2024-04-05T03:30:01Z
Ugx_1q51lUTVtpZmOqh4AaABAg,,False,@sasasaya1873,I hope many new fans like doyoung's solo album,1,2024-04-05T03:28:07Z,2024-04-05T03:28:07Z
UgzP2Yl3MbKkTtLEV2B4AaABAg,,False,@TravelStori,omg 🎉🎉🎉🎉🎉🎉🎉🎉,1,2024-04-05T03:27:31Z,2024-04-05T03:27:31Z
UgwqvO4zxEgvkvxS59V4AaABAg,,False,@OpalChaisatiansup,DOLO LET’S GO🥳,2,2024-04-05T03:27:10Z,2024-04-05T03:27:10Z
UgywAczn4cPdCrYiLop4AaABAg,,False,@haddody,"as a doyoung fan since t7s, i'm so happy to see him releasing solo music. i am so proud of you, doyoung. may you have abundance and success in everything you do",3,2024-04-05T03:26:53Z,2024-04-05T03:26:53Z
UgxhZ5ZIWG5PMyo-54l4AaABAg,,False,@itsme-tp6yu,Prince doyoung 😍,1,2024-04-05T03:26:27Z,2024-04-05T03:26:27Z
Ugx5Yy5oDekN3yhKOzN4AaABAg,,False,@NCT127stan,Merman doyoung 😊 so proud of my baby 💚 my vocal king i know you are going to slay.,1,2024-04-05T03:25:55Z,2024-04-05T03:25:55Z
Ugy-oXBXM18T3dcz8G14AaABAg,,False,@jmjub3663,เพราะไพเราะเพราะพริ้งสมกับเป็นคิมโดยองจริงๆ,1,2024-04-05T03:25:51Z,2024-04-05T03:25:51Z
UgyGBENhxgjoj4XwwLZ4AaABAg,,False,@virginiaglorian9257,EMANG BOLEH SEGANTENG INII?,1,2024-04-05T03:24:42Z,2024-04-05T03:24:42Z
Ugy9BkVQ8NAJ_OS9YTJ4AaABAg,,False,@Usagihatika,"Best K-drama intro ever. 

All jokes. Love you Doyoung <3",1,2024-04-05T03:24:34Z,2024-04-05T03:24:34Z
UgyajeAiuh5p7PWAoUp4AaABAg,,False,@미미-p3b,처음부터 끝까지 모두 다 어울리는 도영이 첫 솔로를 응원합니다💚,5,2024-04-05T03:23:50Z,2024-04-05T03:23:50Z
UgxrKhB9h_rFapzA2F54AaABAg,,False,@또오잉-b9o,도영아...도영아...이거야.. 이거다ㅜㅜㅜㅜ이게 청춘이고.. 이게 세상이지ㅜㅜㅜㅜ,2,2024-04-05T03:23:30Z,2024-04-05T03:23:30Z
Ugxszsyr6TN7PxfPdWh4AaABAg,,False,@thanyaratk6133,เพลงเพราะมากๆ คิมโดยองเก่งมากกกกกกก😭🫶🏻,1,2024-04-05T03:23:17Z,2024-04-05T03:23:17Z
UgwY9ENkbemRAABiScp4AaABAg,,False,@Necroherz,"Our Doyoungie said that every track was very meaningful, personal and carefully planned by himself and people who he considers important so he was really excited about this finally coming out so i promise listen every song on this album giving every each of them the time necessary to appreciate lyrics, composition and the message behind 🥺💚",1,2024-04-05T03:22:36Z,2024-04-05T03:22:36Z
Ugx_MqyPIwMM4ndUY1x4AaABAg,,False,@김자두-b6b,도영이 그 자체~~~!!!벌써 너무 조아❤❤❤❤❤❤우아,2,2024-04-05T03:21:45Z,2024-04-05T03:21:45Z
Ugzd_8bQHODS-8h7BjN4AaABAg,,False,@Thanyarat-mn2rp,โดยองเก่งมากค่ะ เพลงเพราะมากกกกก,1,2024-04-05T03:20:59Z,2024-04-05T03:20:59Z
UgwAchwtMePC8FH7N3p4AaABAg,,False,@rominacordoba1383,"He knows the peace that transmits with that beautiful voice, WE💚💚💚💚💚💚💚💚💚💚💚💚💚💚💚U DOYOUNG AND  WE SUPPORT U",1,2024-04-05T03:20:49Z,2024-04-05T03:20:49Z
UgwjNtFDACQRio6sjbR4AaABAg,,False,@windaayu7181,Huaa doyoung,1,2024-04-05T03:20:40Z,2024-04-05T03:20:40Z
Ugy5tTDqx_U178XGSFZ4AaABAg,,False,@angeliquekann,Doyoung is so good,0,2024-04-05T03:19:56Z,2024-04-05T03:19:56Z
UgzHB0xfjpLv0wulnoh4AaABAg,,False,@ceokihyun8688,Nesin sen? peri falan mı?,0,2024-04-05T03:19:16Z,2024-04-05T03:19:16Z
UgwDIkmMugQnea1rj794AaABAg,,False,@windaayuputriningtyas4528,Love,0,2024-04-05T03:18:51Z,2024-04-05T03:18:51Z
Ugy5cNy6Yx7QTvAgUw94AaABAg,,False,@chenniexgaming7891,너무 아름다워 ㅠ 아 눈물난다 ㅠㅠ,1,2024-04-05T03:18:37Z,2024-04-05T03:18:37Z
UgzACAhVjEUj_TJ-wsJ4AaABAg,,False,@kcta2026,its giving disney prince vibes! I love it! letsgooooo my soloist Doyoungieeeee!,0,2024-04-05T03:18:07Z,2024-04-05T03:18:07Z
UgzYpjU-GS1zXvoJ51N4AaABAg,,False,@fffnanana8536,I heared Angel‘s voice❤,0,2024-04-05T03:17:40Z,2024-04-05T03:17:40Z
UgwIktUG-fVUIXwFdV94AaABAg,,False,@chenniexgaming7891,lets make this 1M views!!,0,2024-04-05T03:17:19Z,2024-04-05T03:17:19Z
Ugw1t3epKj2K6Zw_7-F4AaABAg,,False,@do0_vx,虽然已经过去了十几个小时了 但是我还是一直在看这段预告 从画面到声音都是非常完美的一支影片🥺 为你感到自豪 我的solo歌手金道英,0,2024-04-05T03:16:57Z,2024-04-05T03:16:57Z
UgwvKXkITq1cUsBEodp4AaABAg,,False,@nunu200,도영이..좋다.......🛌,1,2024-04-05T03:16:34Z,2024-04-05T03:16:34Z
UgwybaXwJNywKbSjKXJ4AaABAg,,False,@tokki_doyochii,So amazinggggg,1,2024-04-05T03:14:07Z,2024-04-05T03:14:07Z
UgwhL5UE29cJgMjYe9t4AaABAg,,False,@angellaerixa6141,GOOOO SAYANYG 🤍,0,2024-04-05T03:13:58Z,2024-04-05T03:13:58Z
UgzJ_yRDSqKN86tsZlF4AaABAg,,False,@나라도전,"영상은 푸른빛이 도는데 노래는 봄의 색이 물씬이네 너가 내 청춘이야 
도영아 정말 고맙다",2,2024-04-05T03:11:00Z,2024-04-05T03:11:00Z
UgyaDqhr8sdN6Lzw7yd4AaABAg,,False,@과몰입-g4t,이거잖아 내가 원하던게 이거잖아 생각만하던게 진짜 눈에 보이고 들리니까 뭐라고 더 해야될지 모를정도로 행복해,8,2024-04-05T03:10:43Z,2024-04-05T03:10:43Z
UgwyFTwNOH6mLEXLhZ14AaABAg,,False,@과몰입-g4t,이거잖아 내가 원하던게 이거잖아 생각만하던게 진짜 눈에 보이고 들리니까 뭐라고 더 해야될지 모를정도로 행복해,0,2024-04-05T03:10:35Z,2024-04-05T03:10:35Z
UgwkY7MHqXVm2O-pHF14AaABAg,,False,@jedoie,my soloist Kim Doyoung💙💙,1,2024-04-05T03:08:58Z,2024-04-05T03:08:58Z
UgxTD-pdMXkyfRINIJx4AaABAg,,False,@ndna3984,"디즈니 + 신카이 마코토를 합친 느낌.
내가 도프여서가 아니라 진짜로...
영화의 한 장면 같아 
도영 솔로 화이팅 !!!!!",2,2024-04-05T03:07:41Z,2024-04-05T03:07:41Z
UgxHk81QlWr7FPQ309p4AaABAg,,False,@OomilyOom,im so happy for doyoung. cant wait to hear the whole album!!!,2,2024-04-05T03:06:24Z,2024-04-05T03:06:24Z
Ugy-T0qflgNqQBwQUAN4AaABAg,,False,@sairahania,MV nya hrs sebagus ini pokoknya.,1,2024-04-05T03:06:12Z,2024-04-05T03:06:12Z
UgzgbskzX8mdM7I1A_x4AaABAg,,False,@てょてょまる,기대한다! 내 왕자님 ㅠㅠ,2,2024-04-05T03:05:26Z,2024-04-05T03:05:26Z
Ugxxe427vtHHCZPdx5h4AaABAg,,False,@Jannie-t7s,so wonderful,0,2024-04-05T03:05:22Z,2024-04-05T03:05:22Z
UgwPofPGnKM3l1MOjI94AaABAg,,False,@official_runchronda4221,Okay little mermaid slay,1,2024-04-05T03:04:21Z,2024-04-05T03:04:21Z
UgzdvNnp_dFm3Uxqgd94AaABAg,,False,@jiawang4116,I’ve been waiting for this! Doyoung!!!  💚💚💚,0,2024-04-05T03:03:29Z,2024-04-05T03:03:29Z
UgwGuZKh5MnTmLddHVZ4AaABAg,,False,@Mimire13,WOOOOOOOOOOOOOOOOOOOOOOOOOOOOOOOOOOOOW,0,2024-04-05T03:03:08Z,2024-04-05T03:03:08Z
UgxtXI850fvW8dZdaFJ4AaABAg,,False,@hyuki1429,Doyoung solo at long last 😮‍💨,0,2024-04-05T03:02:52Z,2024-04-05T03:02:52Z
UgyIKRZqRJ8gcyvHY7l4AaABAg,,False,@justanormalperson98,Probably one of the most beautiful mv I have ever seen 😭,0,2024-04-05T03:01:40Z,2024-04-05T03:01:40Z
UgzJG5Tay15hygwBnfh4AaABAg,,False,@포멜로-e1o,새봄을 닮은 도영의 시작을 응원해요,2,2024-04-05T02:59:16Z,2024-04-05T02:59:16Z
Ugw3-_Di3gvQj1TqVFV4AaABAg,,False,@hayashi_V,ドヨチ、Disneyの映画の歌仕事とかやればいいのにな、とこれ見て思っていたら、他にもそういうコメント見かけて嬉しい。,1,2024-04-05T02:58:00Z,2024-04-05T02:58:00Z
UgwDVMyPe_P4hFWxVwh4AaABAg,,False,@제나-q3v,"이 영상으로 도영이가 들려줄 노래들이 더 궁금해졌어
우리 빨리 만나자",1,2024-04-05T02:56:19Z,2024-04-05T02:56:19Z
UgzlCAdeHc2PgwmS88Z4AaABAg,,False,@reveal899,歌手になってくれてありがとう...ほんとにだいすき(TT)(TT),1,2024-04-05T02:55:57Z,2024-04-05T02:55:57Z
Ugw0Coc1XDqD-p9_gBN4AaABAg,,False,@rlwdprkrhtlvek,도영아 이번에도 기대할게 고생많았어💚,1,2024-04-05T02:54:56Z,2024-04-05T02:54:56Z
UgzKFbrKyNL10octXi94AaABAg,,False,@nsyrkn,"KEREN BANGETTTT!!!!
GAK SABAR DENGERIN SATU ALBUM FULL SUARA DOYOUNG",0,2024-04-05T02:54:25Z,2024-04-05T02:54:25Z
UgwDtFJXObXYz3H5EDl4AaABAg,,False,@so0125,도영이가 마음껏 노래해주길 많이많이 오래오래 노래해줘 도영아🩵,2,2024-04-05T02:54:07Z,2024-04-05T02:54:07Z
UgyUMkysskkr-dAhcc54AaABAg,,False,@hanaam152,I love this so much im so excited for the full album 🥹🫶,0,2024-04-05T02:52:56Z,2024-04-05T02:52:56Z
UgzBptfyye3CqAvq4QF4AaABAg,,False,@박하은-t2l,도영이 최고,1,2024-04-05T02:52:36Z,2024-04-05T02:52:36Z
UgymHI0N2oleNZGRJL94AaABAg,,False,@joy-tn3ro,So pretty I’m crying,0,2024-04-05T02:52:27Z,2024-04-05T02:52:27Z
Ugz0X8Txa1JNvaXK64d4AaABAg,,False,@MmClub1603-cg1yh,เสียงนดยเพราะที่สุดในโลก 🐰💙✨,1,2024-04-05T02:51:50Z,2024-04-05T02:51:50Z
UgyNjBoBBL5KNaFAcOZ4AaABAg,,False,@mmmk6793,not the dove commercial,0,2024-04-05T02:51:33Z,2024-04-05T02:51:33Z
UgwxRfxaqxQsf3Ib3JF4AaABAg,,False,@Evelin_Ayelen,"Es lo más bonito que vi  y escuché en mi vida😭 te amo Doyoung, gracias por cantar. Tu voz me trae mucha paz💙",0,2024-04-05T02:48:56Z,2024-04-05T02:48:56Z
UgyGzk0yg9E6fbd5zLN4AaABAg,,False,@exo-lnctzeninspiritalwaysi1098,Doyoung merman prince serenading his voice for the whole world,0,2024-04-05T02:48:54Z,2024-04-05T02:48:54Z
Ugzs4AEK9LmdVmCZqiV4AaABAg,,False,@nayeliolguin9670,"It's giving The Little Mermaid and I love it 💖 So, so, soooo excited for our Doyito!!!",0,2024-04-05T02:48:49Z,2024-04-05T02:48:49Z
UgwK5DusTCAH8maxsvN4AaABAg,,False,@natsweeter,Your sound is healing me,1,2024-04-05T02:48:01Z,2024-04-05T02:48:01Z
UgwbNNoFOw7Kvv4T4LR4AaABAg,,False,@mabelkarlen4416,wow! the concept is so beautiful .,1,2024-04-05T02:46:19Z,2024-04-05T02:46:19Z
UgwDVYIbH_Z_eJTlXDJ4AaABAg,,False,@yk2supalonely,huhuhu kaya ost anime,1,2024-04-05T02:45:56Z,2024-04-05T02:45:56Z
UgwLCY_h9JfvCeIxHgN4AaABAg,,False,@S12842J,와 역대급인데?,3,2024-04-05T02:44:16Z,2024-04-05T02:44:16Z
UgyXqAbRm1gyqukQzXt4AaABAg,,False,@해피지롱,도영아 첫 솔로 앨범을 축하해! 도영아 항상 사랑해,3,2024-04-05T02:44:08Z,2024-04-05T02:44:08Z
Ugyqtatz90akINlbZuB4AaABAg,,False,@우와저거진짜유맹해,"도영이가 볼 것 같아서 댓글 써요💚내가 상상하던 도영이의 첫솔로곡이네🥹 도영이를 수년간 좋아하면서 도영이의 음악에 응원과 위로를 받을 수 있어서 너무 행복해 ᰔ 눈물이 핑돌아 ,, 너만의 색이 가득 담긴 앨범이 세상에 나오게 된 걸 축하해 도영아 💚",2,2024-04-05T02:41:26Z,2024-04-05T02:41:26Z
Ugy7qtmUqxl-hb7Mg0t4AaABAg,,False,@fridaeuresti4427,que barbaro Doyo eres un chingon 😢,0,2024-04-05T02:38:36Z,2024-04-05T02:38:36Z
UgxfHf8tx87GKGxx7wl4AaABAg,,False,@맠맠그러지또,도영.. 디즈니깔 난다,2,2024-04-05T02:38:21Z,2024-04-05T02:38:21Z
Ugx51Sye7VGnGE7mgN54AaABAg,,False,@DindinKang-yx6wx,Komen bakornya banyk banget,1,2024-04-05T02:38:18Z,2024-04-05T02:38:18Z
Ugy2QO_w1DltK-lCOId4AaABAg,,False,@aaaaaaa-q4h,"優しくてとても綺麗で美しくてドヨンって感じ
頑張ってるねお疲れ様って言ってくれて心が落ち着く感じめっちゃ好き",2,2024-04-05T02:37:56Z,2024-04-05T02:37:56Z
UgxNS86pcU6g-s-mTox4AaABAg,,False,@OliviaLeong-qc9sc,slay!!,1,2024-04-05T02:37:56Z,2024-04-05T02:37:56Z
UgxDi28lMiE3tD9D5Wh4AaABAg,,False,@qkslffk0827,도영아 벌써 찢었다,2,2024-04-05T02:36:53Z,2024-04-05T02:36:53Z
UgyqSQK-O67vNkjoHYZ4AaABAg,,False,@Anto-yk2sd,"도영쿤 .. 언제나 시즈니를 향한 오빠의 진심을 믿고, 노래에 대한 진심을 믿어! 오빠 덕분에 4월 한 달 기대하면서 보낼 수 있을 것 같아 ♡ 
노래하는 하루하루 고민되기보단 행복하기를, 즐겁기를 바라 진심으로! 오늘도 내일도 그리고 앞으로 매일 행복만하고 행운만 가득하길 바라요",2,2024-04-05T02:36:18Z,2024-04-05T02:36:18Z
UgzvMEMdz1FpGwygrIZ4AaABAg,,False,@kimmoli9128,Bagus banget semuanya,1,2024-04-05T02:35:33Z,2024-04-05T02:35:33Z
UgwG0lRhZWcU6MTdcsV4AaABAg,,False,@에고-s9v,정말 개쩐다 이게 김도영이야,2,2024-04-05T02:33:54Z,2024-04-05T02:33:54Z
UgwB0ksEWNA73W0cxxt4AaABAg,,False,@youocii,doyoung🥹🥹🥹🥹,1,2024-04-05T02:32:42Z,2024-04-05T02:32:42Z
UgzMvpdePacMvKTWvPx4AaABAg,,False,@내림-x7p,기대하고있겠삼용~,2,2024-04-05T02:32:40Z,2024-04-05T02:32:40Z
UgwfhhxT7-l_dLX-Hgp4AaABAg,,False,@lalakpop23,This song is like a Disney movie,1,2024-04-05T02:30:55Z,2024-04-05T02:30:55Z
UgxKfLMWS9brWYJoOrd4AaABAg,,False,@tofuv2251,doyoung you don't know how much impact this had in my life 😭 cant wait for the full album,3,2024-04-05T02:29:53Z,2024-04-05T02:29:53Z
UgwwVj6vOHLUbMSbBYN4AaABAg,,False,@today_is_wendy21,"Doyoung do you want to watch the Belle (2021) with me? Or the direct to DVD prequel Ariel's Beginning...

I think he's gonna give his heart out in this album… 😭💙",2,2024-04-05T02:29:47Z,2024-04-05T02:29:47Z
Ugyc4yscjg80hFRV8PN4AaABAg,,False,@Ur_mylight_RJ,"도영씨,,, 청춘을 선물해줘서 고마워요,,💚",3,2024-04-05T02:27:41Z,2024-04-05T02:27:41Z
UgxrX51VVIuK3ung3fN4AaABAg,,False,@RIAN_s_NIGHT,"그냥 너무 아름답다,,말로 표현하기 힘든데,,그냥 김도영이랑 너무 잘 어울리고 노래는 듣자마자 소름이 돋을정도로 좋아,,완곡 들으면 울어버릴지도..",5,2024-04-05T02:27:06Z,2024-04-05T02:27:06Z
Ugy0b1VWrqyPLY3Jcld4AaABAg,,False,@Ur_mylight_RJ,"도영 솔로앨범 불매합니다

불티나게 매입하기, 불처럼 뜨겁게 매입하기, 불만 있는 척 잽싸게 매입하기, 불타게 매일매일 사랑하기, 불장난같이 매입하기, 불면증 이기고 매입하기, 불멸의 사랑 매입하기, 불닭 먹으며 매입하기, 불타라 불타라 부채질하다 잽싸게 매입하기, 불량식품 씹으며 매입하기, 불현듯 매입하기",0,2024-04-05T02:26:31Z,2024-04-05T02:26:31Z
UgzVj24PfmhPAxGJ41t4AaABAg,,False,@RinaRinawati-cv9si,Selamat atas debut solonya artis doyoung,1,2024-04-05T02:26:09Z,2024-04-05T02:26:09Z
UgwaTbBPyT7cFfQz-Mt4AaABAg,,False,@mswalker4006,"Disney映画っぽいってコメント見かけたけど本当だね
クライマックス感がすごい",3,2024-04-05T02:25:42Z,2024-04-05T02:25:42Z
Ugz8DuY2PcNx9eRbokR4AaABAg,,False,@emilyevilshark,doyoung omg its only the intro and im literally so excited ahhhhh! so proud of you doyoung!!! 💚💚💚💚🎧🎧🎧,4,2024-04-05T02:25:10Z,2024-04-05T02:25:10Z
UgysC3HNflnCzlsV2YN4AaABAg,,False,@오오-c3g7q,진짜개조음 ㅜㅜ,2,2024-04-05T02:24:52Z,2024-04-05T02:24:52Z
UgworJuLjiZgYjtEHhh4AaABAg,,False,@리보니-v6p,도영이의 청춘이 너무나도 찬란하고 아름답다,2,2024-04-05T02:23:56Z,2024-04-05T02:23:56Z
Ugz2ihfPb0ji1_LkYWd4AaABAg,,False,@제나-q3v,"도영아 네 목소리의 힘을 세상에 널리 퍼뜨리자 >,< 우리 같이 열심히 해보자 노래해줘서 고마워 사랑해~",1,2024-04-05T02:23:47Z,2024-04-05T02:23:47Z
Ugy4PBEOAzzUVdSbDI54AaABAg,,False,@doyochic9596,สุดยอดดดดดด กราบน้องโดยอง กราบทีมโปรดักชั่น ผลงานออกมาดีมาก ทำถึงสุดๆ ขอให้ Dolo ปังๆเลยน้าาาา,2,2024-04-05T02:21:49Z,2024-04-05T02:21:49Z
UgzwKmRD1GSBz537elZ4AaABAg,,False,@RinaRinawati-cv9si,Gak sabar dengar full nya keren kali artis doyoung,3,2024-04-05T02:21:26Z,2024-04-05T02:21:26Z
UgzZyHzDTU3BIOeHxn94AaABAg,,False,@dearmydearest,This is so magical ARTIST DOYOUNG THE SINGER YOU ARE 😭😭😭😭,2,2024-04-05T02:20:13Z,2024-04-05T02:20:13Z
UgxlhDI0vym8ZMQlind4AaABAg,,False,@user-ls3py3pt5i,เพราะมากค่ะ เหมือนหนังฟอร์มยักษ์เลย,1,2024-04-05T02:18:29Z,2024-04-05T02:18:29Z
Ugy1Y81WrYyR5Szam7N4AaABAg,,False,@dannapadilla3419,💚💚💚,1,2024-04-05T02:18:01Z,2024-04-05T02:18:01Z
Ugx-JOUS-g57npNOEZJ4AaABAg,,False,@immspenguin26,still can't get over of how beautiful doyoung voice is,3,2024-04-05T02:17:38Z,2024-04-05T02:17:38Z
UgwiIyJgAmWQiluv0Xd4AaABAg,,False,@domuhaengKim,"Beautiful, Doyoung voice and the video so beautiful
Can't wait to hear all songs, Doyoung i'm so proud of you",8,2024-04-05T02:17:05Z,2024-04-05T02:17:05Z
Ugz11ciUH8dQIPuqzJN4AaABAg,,False,@singing_ch021,"정말 1분 30초 동안 거의 숨도 안 쉬고 본 것 같다.. 어떻게 노래로 청춘 이라는 느낌을 이렇게 잘 전달 할 수 있는걸까
노래에 진심이고 또 노래를 통해 사람들에게 진심을 전달하는 것, 이게 내가 도영이를 좋아하는 이유🥹 도영 솔로 진짜 너무 기대된다ㅠㅠ 항상 노래해줘서 고마워 도영아!! 도영이의 모든 청춘을 응원할게🍀🩵",4,2024-04-05T02:16:28Z,2024-04-05T02:16:28Z
UgyNp85lFUqepPF-BY14AaABAg,,False,@saepuljhoand1259,go go go go kim doyounggg,1,2024-04-05T02:16:19Z,2024-04-05T02:16:19Z
UgxEp4hGRBIRCE4C4bJ4AaABAg,,False,@wonbina_,유ㅓ ㅅㅂ 붐업,1,2024-04-05T02:16:12Z,2024-04-05T02:16:12Z
UgwkUP57hMgszeyFIj14AaABAg,,False,@jellymtnz7188,No puedo con la emoción,1,2024-04-05T02:15:47Z,2024-04-05T02:15:47Z
UgzwyGIdUnuBvjoGnUd4AaABAg,,False,@jellymtnz7188,Sin duda la vas a romper doie eres super talentoso,1,2024-04-05T02:15:23Z,2024-04-05T02:15:23Z
Ugzvpq7O6pnafhmpRGx4AaABAg,,False,@jellymtnz7188,"Casi 8 años esperando tu debut, te lo mereces",1,2024-04-05T02:14:58Z,2024-04-05T02:14:58Z
UgznZxBtFiZukNNMCQ14AaABAg,,False,@JEONG-SOO-IN,와 진짜 쩐다 김도영 최고다,2,2024-04-05T02:14:36Z,2024-04-05T02:14:36Z
UgzE_7sVzhKFEjvKwCl4AaABAg,,False,@jellymtnz7188,😢😢😢😢Lo amoo es el mejor,1,2024-04-05T02:14:24Z,2024-04-05T02:14:24Z
UgxzuArbrv3Q5S4472V4AaABAg,,False,@jellymtnz7188,Amooo,1,2024-04-05T02:14:06Z,2024-04-05T02:14:06Z
Ugxai5SkopAzPBEiyjV4AaABAg,,False,@jellymtnz7188,Doie❤❤,1,2024-04-05T02:13:57Z,2024-04-05T02:13:57Z
Ugza8wQgEvQpERBV7r94AaABAg,,False,@n_nn2460,ดีที่สุดในโลกกก🎉❤,1,2024-04-05T02:13:36Z,2024-04-05T02:13:36Z
UgxL7JETREhtxMEIjT94AaABAg,,False,@Dn6f,노래 가사가 다정한 게 김도영 답다💚🫶💚,2,2024-04-05T02:12:03Z,2024-04-05T02:12:03Z
Ugzz8BGj4UHZNBuqb4Z4AaABAg,,False,@Eerisey17,I'm so proud of Doyoung 💚 this suits him so much! It also sounds like a K-drama OST which I think is perfect for him 💚💚💚💗💗,1,2024-04-05T02:11:27Z,2024-04-05T02:11:27Z
UgzVVDU2i8g0LuASVCl4AaABAg,,False,@kayapapaya.mp4,he’s in his disney princess era 🥺,1,2024-04-05T02:10:50Z,2024-04-05T02:10:50Z
UgxtTJeXg4kQEALqUVh4AaABAg,,False,@doiedoie3623,can't wait for dolo!!!,2,2024-04-05T02:10:23Z,2024-04-05T02:10:23Z
UgzLD7OGJWzs5wSFNll4AaABAg,,False,@kimkai9005,MY BUUUNNNYYY,1,2024-04-05T02:10:12Z,2024-04-05T02:10:12Z
UgwqnZb4GAnb9eF6cN94AaABAg,,False,@bunnydo6379,my youth is yours baby,1,2024-04-05T02:10:00Z,2024-04-05T02:10:00Z
UgzEEuy-FQyZ9dB64L14AaABAg,,False,@bunnydo6379,thank you for always singing doyoungah,1,2024-04-05T02:09:45Z,2024-04-05T02:09:45Z
Ugwxpo0C3849eCP0u-N4AaABAg,,False,@akshatamathema1842,Disney princess,1,2024-04-05T02:09:35Z,2024-04-05T02:09:35Z
UgxLhh4Cda8ZbubS41l4AaABAg,,False,@Kimlee1027,เพราะมาก ประทับใจ❤❤❤❤,1,2024-04-05T02:06:13Z,2024-04-05T02:06:13Z
Ugy5FFtL_gOIQhrD3dN4AaABAg,,False,@smackdowntofu188,"a masterpiece, a work of art! the visual, cinematography, doyoung’s voice, doyoung himself, everything is perfect!",107,2024-04-05T02:04:43Z,2024-04-05T02:04:43Z
Ugw5vxvGeLRODYIuQYl4AaABAg,,False,@Grlybrainiac1,"I got goosebumps, this is SO beautiful, I can’t wait 🩵",0,2024-04-05T02:03:25Z,2024-04-05T02:03:25Z
UgwhATvK9uP0us_HgCd4AaABAg,,False,@nanak5232,"이게 내가 도영오빠한테 원했던 노래장르인거 같애. 가슴에 오는 것이 있으면서도, 힘찬 목소리에 용기를 얻을 수 있는 그런 유일한 천재.",2,2024-04-05T02:03:21Z,2024-04-05T02:03:21Z
UgxNQyU3JJ-1lvdi-hF4AaABAg,,False,@mins5019,도영아 진짜 너무 잘한다,1,2024-04-05T02:02:09Z,2024-04-05T02:02:09Z
UgwVdnN6HJgnSZvCLvJ4AaABAg,,False,@Eveths_Kim,นางเงือกน้อยแม่เก่งจังเลยค่ะ,0,2024-04-05T02:01:40Z,2024-04-05T02:01:40Z
Ugw2uk5f40OPpKxHHEx4AaABAg,,False,@user-uu4eh1ng9f,아 심장뛰어 진짜 노래해줘서 고마워 도영아,1,2024-04-05T02:01:31Z,2024-04-05T02:01:31Z
UgyWsCAsc9AjU1upvR14AaABAg,,False,@김비비-q1d,"아침에 한 번 보고 계속 생각나서 또 보고 또 보고 또 보게 된다 청춘과 바다, 하늘, 도영이… 디즈니같은 cg와 피아노 반주에 맘이 몽글몽글해져 여러 번 들을수록 가사가 맘에 자꾸 꽂히는데 “저 우주를 함께 날아갈거야. 온 세상을 가득 벅차게 노래할거야. 이 노래를 타고서 내가 꿈꿔왔던 그곳에서 만날 너에게 새봄의 노래를. ” 도영이를 좋아하면서 노래에 정말 좋아하는 사람라고 생각했었는데 가사를 곱씹으면서 그 마음을 느낄 수 있었던 것 같아서 좋았어 도영이 솔로 앨범 진짜 미치도록 잘됐으면 좋겠다 그냥 많은 사람들이 도영이 노래를 들어줬으면…💗",0,2024-04-05T02:01:06Z,2024-04-05T02:01:06Z
Ugw7dBsT9yOlV6cxrZt4AaABAg,,False,@xsihyunx,아니 벌써 좋은데? ㅠㅠㅠㅠ 이게 나라지,1,2024-04-05T02:00:16Z,2024-04-05T02:00:16Z
Ugy-szQVoGca-NuOVwp4AaABAg,,False,@ieehnah,김동영~~~ 응원해! 🔥🔥🔥,0,2024-04-05T01:57:37Z,2024-04-05T01:57:37Z
UgwDqQkZxwCVrLE9YSJ4AaABAg,,False,@melanie8247,"노래 잠깐인데도 너무 좋다.. 이게 내 가수야🥹
도영아 이제 도영이의 노래를 들려줄 시간이야 ! 
청춘을 노래할 내 사랑아 기대할게🩵",1,2024-04-05T01:55:04Z,2024-04-05T01:55:04Z
UgwAnQN0msMVuh_c5GJ4AaABAg,,False,@kimdanggeun127,드디어 도영이의 노래가 세상으로 나오다니....벅차오르고 감동이다🥹,1,2024-04-05T01:51:57Z,2024-04-05T01:51:57Z
Ugxdg86-LGDhZzeKOql4AaABAg,,False,@thuonglee3835,our prince,0,2024-04-05T01:51:03Z,2024-04-05T01:51:03Z
UgzmcKk1zBaAsUadyX54AaABAg,,False,@이레-y1s,너무 좋아서 계속 계속 듣고 있어. 존재의 증명이 무엇인지 말해주는 곡이야,2,2024-04-05T01:50:50Z,2024-04-05T01:50:50Z
Ugwd1Jl4QTwhgJv9UsB4AaABAg,,False,@sandramaya1633,Increíble su voz! Bello Doyoung,0,2024-04-05T01:50:43Z,2024-04-05T01:50:43Z
UgyMBPg5sJRNvtIOIH54AaABAg,,False,@shubinies,"This is so beautiful, it's the kind of concept that i personally really like and doyoung's voice sounds wonderful as always. The fact that there's gonna be 10 songs in the album... we're so blessed fr :"" i can't wait to listen to your first album, Doyoung!",0,2024-04-05T01:49:31Z,2024-04-05T01:49:31Z
Ugya7zZmhFaGtf0Sdqh4AaABAg,,False,@bunny-x4o,แสงออกหู ดีมากๆๆ,0,2024-04-05T01:48:13Z,2024-04-05T01:48:13Z
UgwJpyvZDJxzyBOW13Z4AaABAg,,False,@__8317,김도영 폼 미쳤다,1,2024-04-05T01:47:40Z,2024-04-05T01:47:40Z
UgxOGO2xkzb0HXXsK-d4AaABAg,,False,@ireneserrano4570,💚,0,2024-04-05T01:47:35Z,2024-04-05T01:47:35Z
UgzlwdWmRfsLqpknfR14AaABAg,,False,@user-ec5jr8mw8o,너무… 내가 봐 온 도영이의 이미지 같은 노래라고 생각 들어서 더더 기대되는 것 같아 도영아 정말정말 첫 솔로 앨범 축하하고 기대하고 있을게😍,2,2024-04-05T01:47:21Z,2024-04-05T01:47:21Z
UgzFnIPICyQLt6Rkwkl4AaABAg,,False,@2niceidenleeKimbunny,งืออออออออออออ ดีมากกกกก  ตื่นเต้นมากๆ,0,2024-04-05T01:47:17Z,2024-04-05T01:47:17Z
Ugx9tTnTuB9H2QmLu9h4AaABAg,,False,@piecesoffeb,이거야!!!!!!!!!!!!!!!!!!,1,2024-04-05T01:47:05Z,2024-04-05T01:47:05Z
UgxUokV5sHe_Ve_wBPp4AaABAg,,False,@elviradindasaraswati316,아름다워요 💙,1,2024-04-05T01:46:43Z,2024-04-05T01:46:43Z
UgyG2PRuTLYvJ6wpbG14AaABAg,,False,@soyeonpark127,sooo elegent 🤌🏻,0,2024-04-05T01:46:12Z,2024-04-05T01:46:12Z
UgyXYs_PnMVH-NRLH-x4AaABAg,,False,@goodseptember9388,you shine brighter more than any star 🤍🩵✨,0,2024-04-05T01:44:42Z,2024-04-05T01:44:42Z
Ugzh3NCr8fX1aapnFIB4AaABAg,,False,@ทราเวลมอร์กินแล้วกินอีก,คิม โดยอง คือที่สุดดดด,0,2024-04-05T01:42:28Z,2024-04-05T01:42:28Z
Ugx9autkJZYJobLl-0V4AaABAg,,False,@luvme201,도영아 니가 내 청춘이고 세상이야 도영이가 잘하는 노래 하면서 우리 오래오래 함께하자💚 온 세상을 가득 도영이의 노래로 채워줘 ..!,1,2024-04-05T01:41:51Z,2024-04-05T01:41:51Z
Ugx5HwXO_IsrbvmL6Qt4AaABAg,,False,@Ze.x_y,"스포왕자가 안한다고 해서, 얼마나 준비를 많이했나 했더니, 솔로 정규앨범인것도 대단한데........기다려진다 진짜 ㅠㅠㅠㅠㅠㅠㅠ 내 인생 첫 앨범이 청춘의 포말이라니",0,2024-04-05T01:39:57Z,2024-04-05T01:39:57Z
UgxkGtPIUYz-IlravU94AaABAg,,False,@냥-m7t,이게 청춘이지…도영이만의 청량과 청춘이 만난 느낌,1,2024-04-05T01:39:53Z,2024-04-05T01:39:53Z
UgyP1heiVJIYJA17SQt4AaABAg,,False,@Phenominal_C-Zennie,"full album solo debut? not mini?!?!?
I didn't think it will be this SOON, like THIS FLIPPING MONTH!! 💚",0,2024-04-05T01:39:22Z,2024-04-05T01:39:22Z
Ugza2S1deqbxDEUejGt4AaABAg,,False,@yoon8213,도영아 진심으로 노래해줘서 고마워.. 매번 도영이의 노래는 나에게 위로가 되고 행복이 되고 위안이 되고.. 많은 것을 선물해주는 것 같아. 청춘을 노래해줘서 고마워!,1,2024-04-05T01:38:56Z,2024-04-05T01:38:56Z
UgxzxKgIRKBfU9685PR4AaABAg,,False,@kayserria,Where's the r&b??,0,2024-04-05T01:38:44Z,2024-04-05T01:38:44Z
Ugx2wK3BFSXd1a-7JXl4AaABAg,,False,@kdy323,Im really soo emotional since im finally witnessing doyoung being a soloist after waiting for this moment for years 🥹 its finally here,2,2024-04-05T01:38:15Z,2024-04-05T01:38:15Z
UgztJ7mDTmMqUfQmJPN4AaABAg,,False,@kdy323,I love this song already its so poetic so pretty so doyoung,0,2024-04-05T01:37:15Z,2024-04-05T01:37:15Z
UgwLRv9mw-shgyF38gF4AaABAg,,False,@user-se5bw3mz2e,"누군가를 좋아하는 것에 있어 그 사람의 이름을 당당히 말할 수 있도록 하는 것, 그 존재가 김도영이라 다행이라 생각해. 
도영아. 언제나 다정한 네가 건네는 위로는 어떤 형태로든 고마웠지만 가장 큰 위로는 네 목소리로 노래하는 지금 이 순간이 아닐까
노래해줘서 고마워 내 가수. 내 청춘. 내 위로.",2,2024-04-05T01:37:13Z,2024-04-05T01:37:13Z
UgzWCgoR-ZcdTJW9Irh4AaABAg,,False,@dilara7908,i was lost interest nct 127 but i'm coming back for DOLO its so good,0,2024-04-05T01:36:59Z,2024-04-05T01:36:59Z
UgyFlxCD-i_nYejNGbd4AaABAg,,False,@lovelove_meandyouz,"도영아 너가 이 댓글창을 들어온다는 건 시즈니들의 반응을 볼려고 들어오는 거 같은데 정말 최고다. 나는 너가 무엇을 잘하고 재능이 있는지 아는 도영이라 너무 행복해. 솔로 데뷔 축하하고 앞으로도 너가 하고 싶은 노래, 활동 등등을 하기 바랄게. 묵묵히 응원할게! 솔로데뷔 축하해!!🩵",1,2024-04-05T01:36:44Z,2024-04-05T01:36:44Z
Ugw459fGbmMcbTtE7A14AaABAg,,False,@kiki_tutu,나 도영이 좋아해서 너무 행복해 도영아 응원해요 사랑해요 ㅠㅠㅠㅠㅠ,1,2024-04-05T01:36:25Z,2024-04-05T01:36:25Z
Ugxx1XtrK_h66Hs1Bsh4AaABAg,,False,@anomaka1,สวยมาก โดยองร้องเพราะมาก ดีสุดๆ 💕,0,2024-04-05T01:36:08Z,2024-04-05T01:36:08Z
UgzaxmUW5yr_eHjQVbt4AaABAg,,False,@OIO1304,"이게 정말 도영이의 청춘을 담아 써내려간 진짜 도영이의 노래같아
항상 노력해줘서 너무 고마워💚",2,2024-04-05T01:34:29Z,2024-04-05T01:34:29Z
UgymLz-IGRyVg9U5MS94AaABAg,,False,@asya8715,"Doyoung, my youth is yours",1,2024-04-05T01:34:00Z,2024-04-05T01:34:00Z
UgzBtC4C55iz3atxt214AaABAg,,False,@kimbella1820,Aaaaaaaaaaaaaaaaaaaaaaaaaaaaaaaaaaaaaaaaa ❤❤️‍🔥,0,2024-04-05T01:33:53Z,2024-04-05T01:33:53Z
UgwGK94S10z1_Krp34J4AaABAg,,False,@youshouldfoundme,들어도 들어도 벅참이 가시질 않는다.. 도영아 인트로부터 이렇게 좋아도 되냐 ㅠㅠ,20,2024-04-05T01:32:12Z,2024-04-05T01:32:12Z
UgzFnYiLeLsN_J1xNkp4AaABAg,,False,@고정은-l8r,모야 도영이 디즈니 새 영화 인어왕자의 주인공 된거임????!?!!?!,1,2024-04-05T01:32:04Z,2024-04-05T01:32:04Z
UgwXjz1zTO3OtPbPAAd4AaABAg,,False,@OK_323,🥳🥳🥳,0,2024-04-05T01:31:54Z,2024-04-05T01:31:54Z
UgxtaeVD75IjspaXMkR4AaABAg,,False,@OK_323,💚,0,2024-04-05T01:30:56Z,2024-04-05T01:30:56Z
UgzM-r-Pfr0YN321XS14AaABAg,,False,@Rose_Tyong,"그가 하는 음악이, 추구하는 방향성이 
인생을 대하는 태도가 늘 나와 비슷해서 
혹 늘 바른 길이라 마음 놓고

온전히 도영이를 사랑할 수 있는 것 같다. 

진짜 이런 말 잘 안하는데 

노래 해줘서 고마운 사람이 처음이라
잘 자라줘서 고마운 사람도 처음이라 

넌 정말 좋은 사람이야 도영아",2,2024-04-05T01:30:51Z,2024-04-05T01:30:51Z
UgzPREf6vyQePiDk6tV4AaABAg,,False,@0606personal,歌声が綺麗すぎる、、、,0,2024-04-05T01:30:36Z,2024-04-05T01:30:36Z
UgwGlI0LNPQxdJsofll4AaABAg,,False,@Domongga,도영이는 진짜 도화지 같은 사람이야 그룹색을 입어도 유닛의 색을 입어도 본인의 것처럼 소화했는데 그런 도화지가 본인 고유의 색을 보여줘… 너무 감동적이라고🥺🥺🥺🥺,7,2024-04-05T01:30:21Z,2024-04-05T01:30:21Z
Ugy9c29ea7KCsEqhO094AaABAg,,False,@kdy323,Its just perfection,1,2024-04-05T01:29:54Z,2024-04-05T01:29:54Z
UgyB9WSG0tK4X__ubAx4AaABAg,,False,@kdy323,Loveee you doyoung,1,2024-04-05T01:29:42Z,2024-04-05T01:29:42Z
UgzWh6uURX2gufDZHAh4AaABAg,,False,@melotoha,스케일 미텼다,0,2024-04-05T01:28:53Z,2024-04-05T01:28:53Z
UgyIUgPkyLtvUC_-QNJ4AaABAg,,False,@anethjian,"oh my god why am i tearing up… been waiting for doyoung solo for so long! this was so beautiful, cant wait 🥹🫶",0,2024-04-05T01:27:20Z,2024-04-05T01:27:20Z
UgyJfduKiqYPFXuuTyh4AaABAg,,False,@D0216R,ㅠㅠㅠㅠㅠㅠㅠㅠㅠㅠㅠㅠㅠㅠㅠㅠㅠㅠㅠㅠㅠㅠㅠㅠㅠㅠㅠㅠㅠㅠㅠㅠㅠㅠㅠㅠㅠㅠㅠㅠㅠㅠㅠㅠㅠㅠㅠㅠㅠㅠㅠㅠㅠㅠㅠㅠㅠㅠㅠㅠㅠㅠㅠㅠㅠㅠㅠㅠㅠㅠㅠㅠㅠㅠㅠㅠㅠㅠㅠㅠㅠㅠㅠㅠㅠㅠㅠㅠㅠㅠㅠㅠㅠㅠㅠㅠㅠㅠㅠㅠㅠㅠㅠㅠㅠ 역시 우리도영아 🩵🩵,0,2024-04-05T01:24:56Z,2024-04-05T01:25:19Z
UgzQXNnjfDfnb6YgUjt4AaABAg,,False,@nanaandko,Do wins all,3,2024-04-05T01:23:31Z,2024-04-05T01:23:31Z
Ugxn5TGGKr0gSTMg3NZ4AaABAg,,False,@san-il8do,ドヨンさんの何もかもが美しい,0,2024-04-05T01:23:11Z,2024-04-05T01:23:11Z
UgwNU9pu0bM6HvCmgw54AaABAg,,False,@huonghoang-mt8rt,doyoung voice is honey to my ear,1,2024-04-05T01:22:33Z,2024-04-05T01:22:33Z
UgyLhWKxnuOzaw-ogh94AaABAg,,False,@velantani,Ayyyy mi corazoncitooo🥹💚,0,2024-04-05T01:20:01Z,2024-04-05T01:20:01Z
UgxJfTkD5CY4_Bx6rht4AaABAg,,False,@ikaika_03,ソロを本当に楽しみにしていました！私はドヨンオッパの声が本当に大好きです。mvの雰囲気もよく似合っていて最高すぎます。いつもファンのためにたくさん準備してくれて、頑張ってくれてありがとう🥹ドヨンのおかげで頑張れます。これからもずっと応援しています！ファイティン！！,1,2024-04-05T01:19:48Z,2024-04-05T01:19:48Z
Ugx_YnzAcOl-kJKbxPB4AaABAg,,False,@mmmmmmmmm12-g7f,너가 내 청춘의 포말이다…,1,2024-04-05T01:19:39Z,2024-04-05T01:19:39Z
UgyX4DLsSfE7vNRfstx4AaABAg,,False,@りぃまろ-r8c,세상에 하나밖에 없는 그대의 목소리나 그대의 노래를 얼마나 사랑하는지🇯🇵,0,2024-04-05T01:18:46Z,2024-04-05T01:18:46Z
UgxUZMFTSV-xuspoJjp4AaABAg,,False,@stepbystep121,진짜 노래 컨셉 김동영 그 자채야 너무 이쁘고 청초하고 퓨어하고 그냥 너무 좋아🥺💚🩵,2,2024-04-05T01:18:11Z,2024-04-05T01:18:11Z
UgzQ8nN0JZZPD2FrOet4AaABAg,,False,@taewww8918,ตั้งตารอเลยครับ มันจะต้องดีมากๆแน่เลย โดยองสู้ๆ นะครับ โดปุของโดยองรอซัพพอร์ตเสมอ,0,2024-04-05T01:17:46Z,2024-04-05T01:17:46Z
UgzI3EWi7aC3SZvbjKB4AaABAg,,False,@user-bz1xy7lg5w,도영이의 청춘을 응원해 사랑해,1,2024-04-05T01:17:44Z,2024-04-05T01:17:44Z
UgySzAh1okv-dI0irr14AaABAg,,False,@ula8052,"sumpah aku suka banget, suaranya bagus banget kak 😭👍🏻",0,2024-04-05T01:16:22Z,2024-04-05T01:16:22Z
UgyxGuLBEIWL5MgFZQl4AaABAg,,False,@zzz127x,도영아 노래를 할 준비가 드디어 다 됐다니 ㅎㅎ 아무 걱정말고 네 노래를 마음껏 나누어줘 나는 네가 나누어준 노래를 다른 사람에 또 나누어 주기 위해 노력할게 도영이의 청춘이 더욱 빛나길 🩵,1,2024-04-05T01:15:26Z,2024-04-05T01:18:04Z
Ugz6pqHJKAZXfsrlxJp4AaABAg,,False,@CYoungs,"영상미 .. 가사 .. 도영이의 얼굴과 목소리 ..... 진짜 너무너무 소중하다 도영이 첫 솔로 앨범 나오는 날에 내가 응원할수있다는게 정말 기뻐 ㅜㅜ 평생 응원해 도영아 ~~~~~~~
청춘의 포말 !!!!!!!!!!! 가보자고 !!!!!!!!!!!!!!!!!",2,2024-04-05T01:14:58Z,2024-04-05T01:14:58Z
Ugyu40DxLBvvDGT7so14AaABAg,,False,@user-h10-l3i,"항상 덕분에 우리가 위로를 받는다는 거, 바쁘고 힘들때 잠깐이라도 영상보고 노래들으면서 웃을 수 있다는거 이것만큼 우리 도영오빠에게, 엔시티에게 고마운게 없다는거 알아주면 좋겠다💚",2,2024-04-05T01:14:39Z,2024-04-05T01:15:00Z
Ugy_h18wijA5NxH6vdR4AaABAg,,False,@Annette8912,도영아 너무 좋다!🥰,2,2024-04-05T01:13:35Z,2024-04-05T01:13:35Z
UgzqI0WJVuuZpjHE2o54AaABAg,,False,@izzz0201,"도영이를, 도영이의 노래를 항상 응원해! 우리의 청춘을 널리 퍼뜨려보자",1,2024-04-05T01:13:12Z,2024-04-05T01:13:12Z
UgzFv8jKW6JnxPQMyy94AaABAg,,False,@meissastella,DOYYY OMGGG SO COOLLL💗,0,2024-04-05T01:13:02Z,2024-04-05T01:13:02Z
UgztuntDRqvi0pSxQaV4AaABAg,,False,@ilovehobi228,😭😭😭😭😭😭😭😭,0,2024-04-05T01:12:08Z,2024-04-05T01:12:08Z
UgzV-YvMh3sBk0aj2IJ4AaABAg,,False,@justinbab_y,도영아 니가 내 청춘이다.,2,2024-04-05T01:11:57Z,2024-04-05T01:11:57Z
UgxZe0kPAYeEbBhjkrp4AaABAg,,False,@DearmyD,"도영아ㅠㅠㅠㅠㅠㅠ내청춘이 너와 함께인건 너무 큰 축복이다 너무너무 감사하고 정말 행복해 
노래하는 도영아 사랑해!!!!!",2,2024-04-05T01:09:45Z,2024-04-05T01:09:45Z
Ugyrdj1YPwz3c9lyaOd4AaABAg,,False,@zi7846,도영 파이팅!,0,2024-04-05T01:09:27Z,2024-04-05T01:09:27Z
Ugz9vGpgSnuXrn_SKXJ4AaABAg,,False,@요로로로-b2k,"너의 청춘을 노래해줘서 고마워
도영이덕분에 내 청춘도 더욱 찬란해질거야",0,2024-04-05T01:06:52Z,2024-04-05T01:06:52Z
Ugxm6C8v1tIXBbvuqDZ4AaABAg,,False,@KatelynBonjour,AHHHHH DOYOUNG ❤,0,2024-04-05T01:06:24Z,2024-04-05T01:06:24Z
UgyBJhLJfCG_a9cwXtt4AaABAg,,False,@수빈-v6z,"김도영의 청춘이 온통 노래라니...!
심장 벅벅 쥐어뜯는중...
내 청춘의 노래도 다 도영이 목소리야..!",22,2024-04-05T01:03:32Z,2024-04-05T01:03:32Z
Ugzi-YTq2kiDm9hN2TB4AaABAg,,False,@8mkitty,미쳤다..미쳣다... 내 고삼이 행복한건 오빠덕분이야....🩵🩵 솔로앨범 너무너무축하해ㅜ!!!!!!!!,0,2024-04-05T01:03:05Z,2024-04-05T01:03:05Z
Ugx8LrRVbeWKUkwJ1Mx4AaABAg,,False,@호호빵-v7z,도영아 걍 언더더씨다 너무 아름답다 지금 내가 세바스찬이 되어서 니 옆에서 장구나 치고 싶다 사랑한다 도영아...너무 사랑해,0,2024-04-05T01:03:01Z,2024-04-05T01:03:01Z
UgwJ5yR5WPitZqNSTy14AaABAg,,False,@jjomang_ee,"너무 좋다 진짜… 이걸 그냥 들어도 되는 걸까
도영이가 걸어온 시간들을 다 봐오진 못했지만 지금까지 어떤 마음으로 노래해왔는지 앞으로 어떻게 노래하고 싶은지 너에게 노래가 무엇인지 어렴풋이나마 느껴지는 기분이야 그래서인지 하염없이 눈물이 흘러ㅠㅠ

이 앨범이 세상에 나오기까지 너는 또 얼마나 많은 고민과 걱정을 했을까 이제는 걱정하지 말고 마음껏 노래하며 즐겼으면 해 우리도 끝내주게 즐겨줄게
늘 진심을 다한 노래로 말로는 다 표현하기 힘들 만큼의 행복을 줘서 정말 고마워

이번 솔로 앨범을 시작으로 너의 목소리가, 너의 노래가 더 많은 세상에 울리길 
도영이의 청춘을, 앞으로 노래할 모든 순간들을 응원할게 청춘의 포말 진짜 너무 기대된다 노래해 줘서 정말 고마워🩵",2,2024-04-05T01:02:53Z,2024-04-05T01:02:53Z
Ugz3eH8ANpDKhcWdJm94AaABAg,,False,@수빈-v6z,"도영이 첫 솔로 이럴줄은 알았지만 이정도로
""제가 김도영입니다.
반갑습니다.
만나뵙고싶었어요.
이게바로 김도영입니다.""
하는 노래일줄 상상도 못함.
나는 그냥
""예. 부정맥일까요? 기절할 것 같아요.
심장이 3cm떠있습니다.""
이런말밖에 못하게되는거임..
청춘의 포말 최고다...",0,2024-04-05T01:02:14Z,2024-04-05T01:02:14Z
Ugx1EeHYMm12RzprCrx4AaABAg,,False,@PPk_do0,ดีมากกกก อยากฟังแล้ว😭💗,0,2024-04-05T01:02:01Z,2024-04-05T01:02:01Z
UgyjlpFFXMXUyN-bq-x4AaABAg,,False,@illgaemi_,"노래가 존재의 증명이라던, 도영이가 이 앨범으로 보여줄 모습이..너무 기대돼💚",0,2024-04-05T01:01:15Z,2024-04-05T01:02:47Z
UgzEtaW-TqNmc0cPU6B4AaABAg,,False,@pollyannealves2314,I literally can't wait,0,2024-04-05T01:00:45Z,2024-04-05T01:00:45Z
UgySMqbXC7ohhw8vjbd4AaABAg,,False,@호호빵-v7z,도영아.....니가 내 영화야....,1,2024-04-05T01:00:15Z,2024-04-05T01:00:15Z
UgzUIoGTYcLU09E4u0Z4AaABAg,,False,@Glgl123,영상도 얼굴도 목소리도 노래도 너무 아름다워요,29,2024-04-05T00:59:12Z,2024-04-05T00:59:12Z
UgzuRgI8iLSNHw3GfMV4AaABAg,,False,@씨크릿-i7v,내가 시즈니가 되게끔 인도 한 도영. 내 판단이 옳았음을 늘 증명해줘서 너무 고마워요❤,1,2024-04-05T00:58:07Z,2024-04-05T00:58:07Z
UgyxdcbnZoNnZoIJN-Z4AaABAg,,False,@adilamutia,Fighting doyoung ahh,0,2024-04-05T00:57:44Z,2024-04-05T00:57:44Z
UgyeUIB8ofu8TLNYebV4AaABAg,,False,@thelostandfoundlamb,WAITT OH MY GOSN THIS IS SO PRETTY,0,2024-04-05T00:57:28Z,2024-04-05T00:57:28Z
Ugzls3MGU6O8xcM51vx4AaABAg,,False,@supichayakhumsa-ard9688,🩵🩵🩵,0,2024-04-05T00:57:08Z,2024-04-05T00:57:08Z
Ugy8Bu65UtgAtaU-mpZ4AaABAg,,False,@einctzein4809,WHY DOES THIS LOOK LIKE A DISNEY MOVIE OMG SO PRETTY🥹🥹🥹,0,2024-04-05T00:56:41Z,2024-04-05T00:56:41Z
UgxfqiDN3HWiD9AaJLZ4AaABAg,,False,@fanindahilmalaili5862,doy lu ngapaa main di laut,0,2024-04-05T00:56:18Z,2024-04-05T00:56:18Z
UgyhKSMHmhtiURBpYuZ4AaABAg,,False,@RenaRizkiaSaptiani,UWOW MAGICAL VOICE KIM DOYOUNG!!!,0,2024-04-05T00:56:16Z,2024-04-05T00:56:16Z
UgzKpduUO2UOK3TPpD14AaABAg,,False,@EiMon-wp7gk,"Perfect ,we are so proud of doyoungie💚🐰💯🎉",0,2024-04-05T00:56:02Z,2024-04-05T00:56:02Z
UgwOECv9UG8sP_bRYlh4AaABAg,,False,@piliredondo2661,"So exciting! You got get your spotlight, my lovely Doyoung! 🎊🎊🎊💚🎊🎊🎊",0,2024-04-05T00:53:29Z,2024-04-05T00:54:01Z
UgzHQd8mRKrMepi_NEd4AaABAg,,False,@user-neogotmyback,DOYOUNGS VOCALLSS AREVSO UNDERRRATEDDD AND THEIR SO MAGICAL WHAT THE FLIPPP,0,2024-04-05T00:52:58Z,2024-04-05T00:52:58Z
UgxVq8ELVmSKs8rvEzt4AaABAg,,False,@fitriyanti2703,Doyoung❤❤❤❤❤❤❤❤❤miss youuuuuuu,0,2024-04-05T00:52:22Z,2024-04-05T00:52:22Z
UgwKU2FWuEJHIqxfR5p4AaABAg,,False,@Cantikv,Keren banget,0,2024-04-05T00:50:20Z,2024-04-05T00:50:20Z
UgygkmgGQ91WDNp0txB4AaABAg,,False,@김이름-l6i,도영이 이거다!!! 너무좋다!!! 김도영 화이팅,24,2024-04-05T00:49:15Z,2024-04-05T00:49:15Z
UgxHVTK5E7y2ICfOQLh4AaABAg,,False,@dojamjam,도영아 너의 청춘을 보여줘서 고마워 왜 나 눈물이 나니 🥹🥹🥲🥲,1,2024-04-05T00:48:43Z,2024-04-05T00:48:43Z
Ugz0Mps_Ytbz9KI2O0d4AaABAg,,False,@Jojo-17Argentina,...It's like we're underwater (we're underwater)...🎵🎵,1,2024-04-05T00:47:44Z,2024-04-05T00:47:44Z
UgzXoPuE44um_uMmQl54AaABAg,,False,@한승희-d8q,사랑해요 도영 응원해요 늘,3,2024-04-05T00:45:34Z,2024-04-05T00:45:34Z
UgwtHiRQifF665Q8KGV4AaABAg,,False,@tvbipll08y,김도영이 내 청춘이다.,1,2024-04-05T00:42:51Z,2024-04-05T00:42:51Z
Ugxm-NiVcRpS2wCEFGN4AaABAg,,False,@고도영-e2e,너무너무너무너무 좋아서 10분에 한번씩 머리 쥐어뜯으면서 기어들어옴😇,3,2024-04-05T00:39:26Z,2024-04-05T00:39:26Z
UgxYZWvbVl5dmn65Ghl4AaABAg,,False,@liunancy449,道英我们一直爱你,0,2024-04-05T00:38:55Z,2024-04-05T00:38:55Z
UgxAcfmp9jmSssCdWPV4AaABAg,,False,@syifabil,"I love everything about you Kim Dongyoung.
I can assure you that I will love your first solo album Doyoungie!💫
I can't wait to read what you have to say in each lyrics, feel how you feel in each melody and soak in how sincerely you sing it!
I can't wait to hum along to every song with your warm voice!🥹🤍✨

Aku sayang kamu Kim Dongyoung!🐨🥹🤍💫",2,2024-04-05T00:38:40Z,2024-04-05T00:38:40Z
UgxONCG2uhUALLNrj5d4AaABAg,,False,@고도영-e2e,니가 내 청춘이다..,2,2024-04-05T00:38:23Z,2024-04-05T00:38:23Z
Ugxw1o9Cnw3CTCn4STd4AaABAg,,False,@bunnypeachy9796,"Beautiful face, beautiful voice kim doyoung^^",1,2024-04-05T00:38:09Z,2024-04-05T00:38:09Z
Ugx6Nvv1RaiEwXtOlst4AaABAg,,False,@rokorokke,도영아 ㅠㅠㅠㅠㅠㅠㅠㅠㅠㅠㅠㅠㅠ,1,2024-04-05T00:36:51Z,2024-04-05T00:36:51Z
UgxeWxj0LkZc79r4-ct4AaABAg,,False,@hiimnotu,진자개잘샐겻닿,2,2024-04-05T00:36:32Z,2024-04-05T00:36:32Z
UgyghpmWvmWxf_fweP54AaABAg,,False,@78HannaH78,wow under da sea !!!! heaven!!!,0,2024-04-05T00:36:20Z,2024-04-05T00:36:20Z
UgwCw62ZlgkwBI8A_o54AaABAg,,False,@hiimnotu,야김동영진ㅋ자미쳤나바ㅜㅜㅜㅜㅜㅜㅜㅜㅜㅜㅜㅜㅜㅜㅜㅜㅜㅜㅜ❤❤❤걍디즈니야그냥미친,0,2024-04-05T00:35:46Z,2024-04-05T00:35:46Z
UgyGtTtN7Z6lEhQLoQR4AaABAg,,False,@kanjanakanjana7402,❤❤❤,0,2024-04-05T00:34:59Z,2024-04-05T00:34:59Z
UgysENfumLm5g-aKbT94AaABAg,,False,@김봉지-c6k,도영아 너가 행복해보여서 나도 더 행복한가봐 듣자마자 눈물나는거 보니까 우리 더더 행복할건가보다🩵🩵🩵 고마워 사랑해!!!!🩵🩵,2,2024-04-05T00:34:52Z,2024-04-05T00:34:52Z
UgwoklAOae7lCHVc4l14AaABAg,,False,@laurenhealy5343,i 100% fw this,0,2024-04-05T00:34:14Z,2024-04-05T00:34:14Z
UgyPly_kSXiIGM7ZMhN4AaABAg,,False,@りあ-h4c,도영이의 노랫소리가 진짜 진짜 촣아해 불러줘서 고맙다는 말을 언젠가 도영이에게 하고 싶어,0,2024-04-05T00:32:29Z,2024-04-05T00:32:29Z
Ugxx-VUVTaSIAc55Zel4AaABAg,,False,@tyongtyong71,와…이거 무조건 잘됀다…….도영아 솔로데뷔 너무너무 축하해,2,2024-04-05T00:32:27Z,2024-04-05T00:32:27Z
UgxjQfoA3pVe4a4bbsZ4AaABAg,,False,@indriputripatrisia4132,AAA BAGUSSS BANGETTT,1,2024-04-05T00:32:03Z,2024-04-05T00:32:03Z
UgxS65jLdw_mmHXTmzB4AaABAg,,False,@naysillarevanggiec.p21,kwangya???,0,2024-04-05T00:31:23Z,2024-04-05T00:31:23Z
UgxobwHN5H9sFmd4zxB4AaABAg,,False,@Maybemo602,日本のNCT Nationでテイルさんの分までメインボーカルを務めようと努力するドヨンの誠実な姿に感動しました。,0,2024-04-05T00:31:04Z,2024-04-05T00:31:04Z
UgzFpXSZzxc2RdA1PMV4AaABAg,,False,@hynnn03,너의 노래를 항상 응원해💚💚,1,2024-04-05T00:28:56Z,2024-04-05T00:28:56Z
UgyROFJ41Nd0elEebhJ4AaABAg,,False,@asya8715,The best singer,1,2024-04-05T00:28:54Z,2024-04-05T00:28:54Z
Ugzjydu24RdYfW2Jr-Z4AaABAg,,False,@unijib,"저 우주를 함께 날아갈 거야
온 세상에 가득 벅차게 노래할 거야 
이 노랠 타고서 내가 꿈꿔왔던
그곳에서 만날 너에게
_____________새봄의 노래 .*⟡.·",0,2024-04-05T00:26:48Z,2024-04-05T00:26:48Z
Ugz-TLafep6uVWad9wp4AaABAg,,False,@fuckthathoes,WOAH,0,2024-04-05T00:26:39Z,2024-04-05T00:26:39Z
Ugx5TRHtU-Yy6GJpQU54AaABAg,,False,@dalevcee,SUPER EXCITED!!!! Go Doyoung!! 💚💚💚,0,2024-04-05T00:26:08Z,2024-04-05T00:26:08Z
UgwSVqBUcce6RZnyqGt4AaABAg,,False,@anabellaramos3416,"The combination of cinematography of this film and Doyoung´s heavenly vocals is absolutely stunning, I love it!",2,2024-04-05T00:25:40Z,2024-04-05T00:25:40Z
UgzejLsjNEvLmO9TZD54AaABAg,,False,@fairytinkerbyun,Kim Doyoung im so proud of you 😢🩵🩵,0,2024-04-05T00:24:57Z,2024-04-05T00:24:57Z
UgwoTc3KqzD2okPE-j54AaABAg,,False,@fairytinkerbyun,SO MAGICAL ❤❤❤,0,2024-04-05T00:24:31Z,2024-04-05T00:24:31Z
Ugy9YHiOzEV3f7BdBv54AaABAg,,False,@yeond000,"내가 도영이 너를 하나부터 백까지 다 알진 못하지만, 5년째 응원하면서 확신한건 노래의 대한 애정과 자부심이 정말정말 커서 우리가 보이지않는곳에서도 엄청나게 노력을 많이하고 힘을 많이 들이고 있구나  정말 좋은 결과물을 원하고  ,원했고, 그만큼 많은 과정과 많은 노력이 있었구나를 매 활동마다 매 노래마다 느끼는거같아🙂 이번 솔로의 활동은 그룹활동에서 열심히 달리기해왔던거랑 다르게 또 다른 달리기가 되겠지만, 너의 달리기 끝에는 어떤 끝이 있을지 아무도 모르지만, 난 이번에도 네가 달릴때 발이 다치지않도록 지켜주고 싶은 마음이야. 
아직 시작은 하지않아서 고생했다 하기엔 조금 이른감이 있지만 그래도 ㅎㅎㅎ 앨범준비 고생했어!💙 넌 앞만보고 달려! 나는 네 바닥을 보면서 달려볼게💙",1,2024-04-05T00:24:23Z,2024-04-05T00:24:49Z
Ugw7j_DrdQ8XbQNGhfV4AaABAg,,False,@joannelee2501,this is so disney coded im loving it 😭😭😭😭,1,2024-04-05T00:19:34Z,2024-04-05T00:19:34Z
Ugwi6R304jDMG5MWWAV4AaABAg,,False,@novia9572,이번 컨셉 도영이랑 너무 잘어울린다,2,2024-04-05T00:19:28Z,2024-04-05T00:19:28Z
UgzuVc8FE2q5gkjdjKF4AaABAg,,False,@sonchae9369,노래 개좋은데....? 티져 시작부터 노래   대놓고 공개하는거 이거 자신있단 소리로 들려서 넘 기대됨,4,2024-04-05T00:14:16Z,2024-04-05T00:14:16Z
UgyWn82njIfxLVGHtIB4AaABAg,,False,@kd0lmk,"나는 진심으로 노래하는 사람을 사랑하고있구나
이게 내가 도영이를 사랑하고 응원하는 이유야 
도영이 스스로를 잘 알고 잘 표현해낼줄 아는 너라서 참 다행이야 ..💙
고마워 도영아",1,2024-04-05T00:13:34Z,2024-04-05T00:13:34Z
UgxkQG80BuQThzL_I9h4AaABAg,,False,@satisfiedpuppy,내 청춘의 시작과 끝을 도영이 너로 채우고싶다!,3,2024-04-05T00:13:20Z,2024-04-05T00:13:20Z
Ugzf8DR3IC_wqQDNvv94AaABAg,,False,@_cutiedy,Doyoung’s voice is amazing🩵🩵🩵🩵,0,2024-04-05T00:11:13Z,2024-04-05T00:11:13Z
Ugz2ZZWLx29viJ5Q7lV4AaABAg,,False,@adelianurlina2536,kim doyoung🥹🥹🥹,0,2024-04-05T00:10:04Z,2024-04-05T00:10:04Z
Ugzk3ZyxagLOliD51P94AaABAg,,False,@nina.ng1208,I love it so much 🥺,0,2024-04-05T00:08:13Z,2024-04-05T00:08:13Z
UgwbDil_bLbOdRZCznd4AaABAg,,False,@RaInDrOpS_05,"doyoung love from PAKISTAN and I wish and I hope we can meet in one day of my life😔😔and the intro is beautiful as you,you are so kind hearted and pure person",1,2024-04-05T00:07:56Z,2024-04-05T00:10:29Z
Ugx-EoN8bEVmv0PNOS54AaABAg,,False,@deuk678,도영이 노래듣고 모두들 행복해져라 ~😊,0,2024-04-05T00:07:03Z,2024-04-05T00:07:03Z
UgyBxNIDNepEMB-VQnF4AaABAg,,False,@회전초밥-w8f,목소리며 노래며 감성이며 다 맘에 안드는게 없다ㅠㅠㅠㅠ,4,2024-04-05T00:06:14Z,2024-04-05T00:06:14Z
UgxSynaBeb1GCpbLSIF4AaABAg,,False,@sjkkk3016,됐다 됐어 이건 찢었다,3,2024-04-05T00:06:10Z,2024-04-05T00:06:10Z
UgxNDUnEKVqf5LsyUPB4AaABAg,,False,@___saaraa,"이건 디즈니 영화 같은 거야? 도영이 노랫소리 너무 좋고 멋있잖아!
첫 솔로 엘범 활동 화이팅!🐰💙",19,2024-04-05T00:04:46Z,2024-04-05T00:04:46Z
UgwEVkwupn-tq6Tjog14AaABAg,,False,@selennecristinaquispeleyth5102,Genial 🎉❤,0,2024-04-05T00:03:21Z,2024-04-05T00:03:21Z
UgwAZ1w_yMCGEDImxSZ4AaABAg,,False,@수수-h9u,ㅠㅠㅠㅠㅠㅜㅠㅠ도영아,1,2024-04-05T00:03:09Z,2024-04-05T00:03:09Z
UgxJQhuEuxQMsN7pt5V4AaABAg,,False,@화이트-v7u,퀄리티 대박이다.. 청초의 끝판왕,5,2024-04-05T00:03:03Z,2024-04-05T00:03:22Z
Ugy1qBD0s8M0ONEJ40d4AaABAg,,False,@Lilyyxyy,DOYOUNG HAS THE MOST BEAUTIFUL VOICE I HAVE EVER HEARD,0,2024-04-05T00:02:30Z,2024-04-05T00:02:30Z
UgzL6UDk1Vbqrp2cCFh4AaABAg,,False,@박소이-n7w,도영❤️유녕,0,2024-04-05T00:02:07Z,2024-04-05T00:02:07Z
UgyveI_wp396ukHkZEN4AaABAg,,False,@aqq2887,도영 < 진짜 자기가 뭘 할 때 빛나는지 아는 사람이다 정말 좋네 ...,1,2024-04-05T00:01:56Z,2024-04-05T00:01:56Z
Ugydjw5uQIwIPcay0el4AaABAg,,False,@doyoungvotingteam9255,DOYOUNG😭🩵🩵🩵,1,2024-04-05T00:01:45Z,2024-04-05T00:01:45Z
UgxIUpMsvaXBYuISYP14AaABAg,,False,@kessaraniyomchai3372,กี้ดดด ดีมากดกก,0,2024-04-05T00:01:33Z,2024-04-05T00:01:33Z
UgzYlYAqhWdOlf4J_op4AaABAg,,False,@dojaejung_comeback_plz,도영아 지금까지 열심히 부딪쳐오며 고민하고 성장해온 너의 모든 진심이 이 앨범에 담겨있는 것 같아! 너의 새봄의 시작 노래를 함께 응원해주는 사람이 이렇게 많은 것도 다 도영이가 지금까지 만들어 온 거야. 나는 이 자리에서 모두와 함께 변함없이 너의 봄날을 앞으로도 계속해서 응원할게🩵,0,2024-04-05T00:01:09Z,2024-04-05T00:01:09Z
UgwItA4Jr-q4vzCN1k94AaABAg,,False,@하와수-w2c,"오늘도 살게 해줘서 고마워요
언제고 나의 봄일 당신",1,2024-04-04T23:58:39Z,2024-04-04T23:58:39Z
UgwPzR3i4RQHq82O4z54AaABAg,,False,@kiakia4776,영상도 예쁘지만 그보다 목소리에 귀를 기울이게 된다. 오랜만이야 목소리의 힘이 느껴지는 노래.,15,2024-04-04T23:57:04Z,2024-04-04T23:58:28Z
UgxHGY44rgePFH8Qe4h4AaABAg,,False,@jobduckindeyo,"네가 내 인어공주고, 내 왕자님이고, 내 여름이자 봄이자 사랑이다, 도영아..",1,2024-04-04T23:56:06Z,2024-04-04T23:56:06Z
UgyNxL4FXy0vVV5YjHJ4AaABAg,,False,@cheisjsk,"도영이 목소리로 꽉꽉 채운 앨범이 드디어 세상에 나오는 구나… 내 소원이 이루어져서, 도영이 꿈이 하나 더 이루어져서 기쁘고 행복해ㅎㅎ 티저를 보니 살짝 눈물도 나네ㅜ 도영이를 좋아하고 응원한지 벌써 6년째인데 앞으로도 영원히 도영이 편이야 늘 응원해💚 앨범 너무 기대된다😳",0,2024-04-04T23:56:04Z,2024-04-04T23:56:04Z
Ugyjpz63FCdan3-tn4R4AaABAg,,False,@nadnad2098,너무 이뻐 🥹,0,2024-04-04T23:55:32Z,2024-04-04T23:55:32Z
UgwNcunp7r5VINKyzBh4AaABAg,,False,@who0_C,Kim Doyoung Fighting❤,0,2024-04-04T23:55:30Z,2024-04-04T23:55:30Z
UgyR5KrR_U3rNShgAPR4AaABAg,,False,@katiep.1949,우리를 위해 이렇게 고생해줘서 고마워 내 기쁨의 눈물이 막 나와.,1,2024-04-04T23:52:51Z,2024-04-04T23:52:51Z
Ugy0HQZovvnYBYXAJUR4AaABAg,,False,@thorpang,"💚✨🐳🐟🐋🪼🐠 뭔데.. 이 벅차오르는 디즈니, 청춘 감성 ㅠㅠㅠㅠㅠㅠㅠ 도영아ㅠㅠㅠㅠ 이번년도 봄은 너가 짱먹자ㅠㅠㅠㅠㅠㅠ 가쟈ㅜㅜㅜ",2,2024-04-04T23:52:43Z,2024-04-04T23:52:43Z
UgwRhH6mZwhN2gYXt2x4AaABAg,,False,@selinahebeella,作为道英粉丝我也太幸福了,2,2024-04-04T23:52:15Z,2024-04-04T23:52:15Z
UgxFQux30l-KaQOfXIN4AaABAg,,False,@For_My_art_account,파이팅 넘친다..,1,2024-04-04T23:51:50Z,2024-04-04T23:51:50Z
Ugya0LDxEPBArvn5Cx94AaABAg,,False,@Hyuna0201,이런 도영이에게는 사랑만줘야돼...꼭........,3,2024-04-04T23:51:47Z,2024-04-04T23:51:47Z
Ugyt0IibEMzxH8Aqfuh4AaABAg,,False,@aerikimc,"so beautifull 🥹 i've been following him since 2017 and until today he has his own solo album i felt like... i really want to cryyyy 😭😭 im so proud, so happy for him! congrats DOLO 💙💙💙💙💙💙💙💙",0,2024-04-04T23:48:26Z,2024-04-04T23:50:26Z
Ugwo-APZoQAvRSWeaHV4AaABAg,,False,@ro77266,the video from start to finish puts a smile on your face and gives you chills at the same time. it is so doyoung that i could not imagine something more doyoung. my youth was spent with doyoung in the most beautiful and doyoung way possible… it’s always been and always will be a blessing and an honor to call myself his fan i hope that life will always smile at you like the way you smile for us doyoung!,2,2024-04-04T23:48:24Z,2024-04-04T23:48:24Z
UgyVeKVj3MZ4EnalwmV4AaABAg,,False,@ruthyth,"Lloré al primer segundo de escuchar la voz de Doyoung, estoy tan orgullosa de él.",2,2024-04-04T23:47:19Z,2024-04-04T23:47:19Z
Ugxh92NoGyrZipNzhRJ4AaABAg,,False,@aris3537,김도영 노래 미쳣구요 가창력 미쳣구요 고음 미쳣구요 얼굴 미쳣구요 스토리 미쳣구요 연출 미쳣구요 ㄹㅈㄷ라구요 !!!!!!,2,2024-04-04T23:47:15Z,2024-04-04T23:47:15Z
Ugx5JJveltARuMz6_TF4AaABAg,,False,@yvonneverapalangdao9279,Pang Disney huhu so proud of you Doyoungieeeee!🥺💗,1,2024-04-04T23:46:29Z,2024-04-04T23:46:29Z
UgzWaePphDjfz-Zj0Ot4AaABAg,,False,@woo_vern,I love you doyoung 😭😭😭😭🌊🌊🌊🌊🌊,1,2024-04-04T23:46:24Z,2024-04-04T23:46:24Z
UgwhZW5pTIzMfMDdaQt4AaABAg,,False,@ihatemosquito2366,It's really good 💯🥺✨,1,2024-04-04T23:46:24Z,2024-04-04T23:46:24Z
UgyFkd1uWhs_hhvKNLJ4AaABAg,,False,@떡볶이조와,"진짜진짜 너무 기대된다 도영아🥹 
도영이 팬이라서 너무 기뻐",4,2024-04-04T23:45:37Z,2024-04-04T23:45:37Z
UgwvDR9EeFRHP0ShNvd4AaABAg,,False,@renjunaegii,"Its so pretty. The concept, visual and his vocal. Doyoung we love youu 🩵",2,2024-04-04T23:44:44Z,2024-04-04T23:44:44Z
UgxYbXrgryThlVm2Am54AaABAg,,False,@mithamaharani3666,"역시 김도영, 가자아아",2,2024-04-04T23:44:30Z,2024-04-04T23:44:30Z
UgzwFuBY79GVqhiEICR4AaABAg,,False,@coolkidrem,도영아 내 청춘은 너야,1,2024-04-04T23:44:07Z,2024-04-04T23:44:07Z
UgwhLgqUiUgS3EPq9BZ4AaABAg,,False,@medimalism,내가 힘들 때 큰 위로가 되어줬던 도영아 그때의 너보다 더 멋진 사람으로 나타났구나 .. 출근길 네 영상과 음악 들을 때면 그날은 뭐라도 견디고 해낼 수 있는 하루가 되곤 했는데 이제는 나대신 뜀박질이라도 뛰어줄 것만 같은 힘이 뿜어져나오는 곡을 들고 나와줬네 너의 진심이 모든 사람들에게 닿길 그 진심이 틀린 적이 없음을 증명해보이길 나도 먼 곳에서나마 응원할게,5,2024-04-04T23:44:03Z,2024-04-04T23:44:03Z
UgzM8E1iPzrCGA1aV0t4AaABAg,,False,@user-trueblue,"세상에서 가장 아름다운 사람이 세상에서 가장 아름다운 목소리로 아름답게 노래해주어 고맙고 감사해
너는 축복이고 선물이자 행운이야",11,2024-04-04T23:43:39Z,2024-04-04T23:51:28Z
Ugx2vYRajSaC5wgNns54AaABAg,,False,@Suhyeon_98,"나는 왜 오빠 노래만 들으면 막 벅차고, 눈물날 것 같고 그럴까ㅠ
진짜 진짜 진짜 많이 오빠의 목소리가 너무 좋아
항상 응원할게💙💙💙
이번 솔로 대박날거야 확신해!!",1,2024-04-04T23:43:22Z,2024-04-04T23:43:22Z
UgyOKzwSkBLD-_9kb3B4AaABAg,,False,@coolkidrem,우리 토끼가 언제 이렇게 커서 솔로앨범을 내지???? 그것도 정규를?!????? 완전 자랑스러버..,2,2024-04-04T23:43:16Z,2024-04-04T23:43:16Z
UgxiaEzkili6mm0JbIZ4AaABAg,,False,@dyjh0201,진짜축복이끝이없네,2,2024-04-04T23:42:23Z,2024-04-04T23:42:23Z
UgwPHGnSgizEg1Lupu14AaABAg,,False,@cakemocha,"도영이한테 또 한 번 따뜻한 계절을 선물받았네
너를 사랑하게 되어서 정말 행복해 
노래해 줘서 고마워 도영아 사랑해",4,2024-04-04T23:41:39Z,2024-04-04T23:41:39Z
UgykdtvFHk8e2wiocMx4AaABAg,,False,@montserratperez6258,"FINALLY. THIS IS ART. I LOVE U DOYOUNG, I CAN'T WAIT",3,2024-04-04T23:41:31Z,2024-04-04T23:41:31Z
UgzkScxSIFCMMIHRThZ4AaABAg,,False,@tokki_doyochii,"Goosebumps, so good",2,2024-04-04T23:40:59Z,2024-04-04T23:40:59Z
UgxhGN1MBSd4OXOzt8Z4AaABAg,,False,@D-onetwothree,Beautiful clip and beautiful voice….,2,2024-04-04T23:39:47Z,2024-04-04T23:39:47Z
UgyeFEIyh05I80ytU8p4AaABAg,,False,@Gooriroong,도영이가 노래해줘서 얼마나 고마운지 몰라,1,2024-04-04T23:39:02Z,2024-04-04T23:39:02Z
Ugyfv1LlyIvPQY2THKd4AaABAg,,False,@blingbling2544,Amazing goodjob Doyoung,1,2024-04-04T23:38:30Z,2024-04-04T23:38:30Z
UgxFj_2aMwZZk16ba3x4AaABAg,,False,@foreverJAEonly,WAAAAAAAAAAAAHHHHHHHHHHHHHH,1,2024-04-04T23:38:07Z,2024-04-04T23:38:07Z
UgxvjigIon9sap0xdS14AaABAg,,False,@Doyoung1004,"노래하나를 위해 다내려놓고  달려온 토평고 동영이. 
그  치열했던 시간들에  드디어  노래가 도영이에게 화답하는구나 🩵🌊🫧🫳🐰",5,2024-04-04T23:37:49Z,2024-04-04T23:39:33Z
Ugw_gDQe3M6E860wqWR4AaABAg,,False,@awe_something,오케스트라와 가장 잘어울리는 목소리..도영아 곡 너무 좋은데 너랑 너무 잘어울려……..,9,2024-04-04T23:37:35Z,2024-04-04T23:37:35Z
UgzpwFd0nl1zbkPeCMl4AaABAg,,False,@user-jenn23,Literally a Disney Prince,2,2024-04-04T23:37:30Z,2024-04-04T23:37:30Z
UgxKvJ_AxP60feKJV7J4AaABAg,,False,@lovejlove3,우리 도영이가 노래할때 제일 행복하다는데 저는 그 노래 를 들을때 행복해요🍀 그러니까 계속 노래하자 도영아 💚,1,2024-04-04T23:37:02Z,2024-04-04T23:40:44Z
UgynrBjcDdtppN3zTaJ4AaABAg,,False,@geringedin,MEU DEUS TÁ ACONTECENDO,1,2024-04-04T23:36:54Z,2024-04-04T23:36:54Z
UgywZbtvcgQ0rik90y54AaABAg,,False,@bunnypeachy9796,Doyoung's voice is amazing ❤,3,2024-04-04T23:34:54Z,2024-04-04T23:34:54Z
UgwEQrjDeCnMUwu0BY94AaABAg,,False,@egg.-_-.,"우리 도영이 너무 고생많았고 수고했어
도영이 덕분에 행복하고 좋은 노래 들려줘서 너무 고마워!
사랑하고 또 사랑해 도영아",2,2024-04-04T23:34:32Z,2024-04-04T23:34:32Z
UgwKdeD9OJe0kKgJHhZ4AaABAg,,False,@leilasantos8207,제가 제일 좋아하는 도영이가 온다는데 이제서야 알았네요. 애타게 기다리고 있어요 ❤,9,2024-04-04T23:34:21Z,2024-04-04T23:35:04Z
UgysyJnT1yLb78k3tCh4AaABAg,,False,@agarachika5605,Kereeennn amat pacar gua.,1,2024-04-04T23:33:38Z,2024-04-04T23:33:38Z
UgyNqQQAsVSPLXI0wzh4AaABAg,,False,@weareone405,도영이의 앨범의 첫노래 너무 벅차고 도영이가 말하려는게 뭔지 와닿는 노래야🩵 도영이의 첫 앨범 많이많이 응원하고 좋아할게🥰,10,2024-04-04T23:32:33Z,2024-04-04T23:32:33Z
UgxnSGisO1WyT1JyuBp4AaABAg,,False,@quacksonjane,진자 내취향일것같아 아 티저듣고 노래 기다린 적 한 번도 없었는데 풀버전 듣고 싶러 미치넥ㅆ네ㅠㅠㅠ,40,2024-04-04T23:32:10Z,2024-04-04T23:32:10Z
UgzzS81t7OewHrqm22l4AaABAg,,False,@맠으리퐉찌송,도영이를 잘 보여줄 수 있는 노래인 것 같아서 이 노래를 부르는 사람이 도영이라서 아름답고 빛난다 너무…,3,2024-04-04T23:31:55Z,2024-04-04T23:31:55Z
Ugyhl6UHW9LCeA09mWt4AaABAg,,False,@kheenashia,This is so beautiful Doyoung 🩵🥹,1,2024-04-04T23:31:51Z,2024-04-04T23:31:51Z
UgxF0PHvUMYCBy1g8PR4AaABAg,,False,@do0lee485,Love u doyoung,1,2024-04-04T23:31:35Z,2024-04-04T23:31:35Z
UgzLLTAg6R_GCXc2DDJ4AaABAg,,False,@youngyoung8682,"노래에 대한 재능과 욕심 무엇보다 사랑이 있는 사람을 누가 이길 수 있겠어
도영이의 진심 어린 애정이 가득 담긴 첫 솔로앨범이라 너무 벅차다
나도 벅찬데 도영이는 얼마나 벅찰까
늘 그 작은 머리로 어떤 고민을 그렇게 많이 하는지 걱정도 되었는데 그 모든 번뇌들이 있었기에 지금까지 도영이가 노래를 사랑하는게 아닐까 싶어
그리고 마침내 도영이가 원하고, 도영이의 목소리가 가득한 소중한 앨범도 나오게됐고!
정말 온 마음을 다해 응원해요 도영아
많은 순간들을 함께 해줘서 고맙고 노래해줘서 고마워
나의 청춘을 도영이와 함께해서 너무 기쁘다
사랑해 !!!
첫 솔로 축하해 첫 순간을 함께 만끽하자",5,2024-04-04T23:30:22Z,2024-04-04T23:30:22Z
UgxWR7r-Wu0YHPGIvsx4AaABAg,,False,@marzoukisirine,wow i love it,1,2024-04-04T23:29:59Z,2024-04-04T23:29:59Z
UgxOOnwZ5NhJIFWg95Z4AaABAg,,False,@iolandaferreira7,You look so sweet and I really loved the ocean concept.🌊🥹💚,1,2024-04-04T23:29:38Z,2024-04-04T23:29:38Z
Ugx-BBAdQ3Oq6oGIZVJ4AaABAg,,False,@이면의면,김도영 사랑해,2,2024-04-04T23:28:56Z,2024-04-04T23:28:56Z
UgwKHnsOigWkxwVU8Rh4AaABAg,,False,@irdinaafzawafiqoh8928,Semangat sayang ❤,1,2024-04-04T23:28:24Z,2024-04-04T23:28:24Z
UgzKSeYiI4hl0FRlmRZ4AaABAg,,False,@thething1975,"Doyoung, what a singer you are❤❤❤",1,2024-04-04T23:27:38Z,2024-04-04T23:27:38Z
UgzbArX44cuFtV-RuEN4AaABAg,,False,@butsaba13,แค่อินโทรก็เพราะขนาดนี้แล้ว เพลงเต็มจะขนาดไหน เตรียมหูเคลือบทองแล้วค่ะ โดยองเก่งที่สุด ดีที่สุด รักนะคะพี่คนเก่ง จะตั้งใจรออย่างดีเลยค่ะ เตรียมต่อลำโพงให้คนทั้งหมู่บ้านฟังละ,1,2024-04-04T23:27:14Z,2024-04-04T23:27:14Z
UgwZczMTCsGvMyZuiy14AaABAg,,False,@imnotwanling,It’s a Do-sney Fantasy,1,2024-04-04T23:24:38Z,2024-04-04T23:24:38Z
UgyXkzIVuHXjsbbPmyN4AaABAg,,False,@dearmelik482,언제나 항상. 너를 응원하고 있어,4,2024-04-04T23:22:48Z,2024-04-04T23:22:48Z
UgysITUHbXsFcNqlpml4AaABAg,,False,@Kirby082,"함께 날아보자 이 봄 , 도영이의 찬란한 청춘의 노래 응원해 🌊🫧",4,2024-04-04T23:22:30Z,2024-04-04T23:23:27Z
Ugz3bisGrZhUW7HaI-t4AaABAg,,False,@w__ow,루키즈 시절 부터 노래 하나만 생각하고 달려온 우리 도영이 장하다 얼른 전곡 듣고픔💚,10,2024-04-04T23:21:15Z,2024-04-04T23:21:15Z
UgxFR536d9XKtxV8RwV4AaABAg,,False,@keijxn,SOLOIST DOYOUNG WE LOVE YOU,1,2024-04-04T23:20:55Z,2024-04-04T23:20:55Z
UgyR1W35Kv33IxShCwp4AaABAg,,False,@kimcandyoung,노래 완곡도 아니고 짧게 들려진 소절 듣고도 마음을 벅차오르게 하고 울컥하게 만드는 도영이 너의 맑고 힘찬 목소리가 벌써 힘이 되고 위로 받는거 같아 도영이가 들려줄 청춘의 노래들이 너무 기대된다 노래해줘서 너무 고마워 도영아 많이 사랑해❤❤,3,2024-04-04T23:20:09Z,2024-04-04T23:20:09Z
UgwlJ0dcwTTDBha5sal4AaABAg,,False,@hervipure,"Good luck, boy~~~🍀",1,2024-04-04T23:19:58Z,2024-04-04T23:19:58Z
UgwfJSUxBRvpyPtUuat4AaABAg,,False,@a__xyn,도영아 노래해줘서 너무 고마워,2,2024-04-04T23:19:58Z,2024-04-04T23:19:58Z
UgwgFVE7LIGUHWTjL3F4AaABAg,,False,@벌꿀오소리-l7x,아니 이거 진짜 너무 잘될거같아여;; 미친 ㅠㅠ 도영이 목소리 나오자마자 소름돋음,34,2024-04-04T23:19:35Z,2024-04-04T23:19:35Z
Ugz1-fwmT01GB6-2Vv94AaABAg,,False,@ghegbrl,"q tidak sabar, ini suaranya doyoung udah pas bgt ditelinga buat didengar tiap hari",1,2024-04-04T23:18:52Z,2024-04-04T23:18:52Z
UgzbxgtT0rfA3n8cx5l4AaABAg,,False,@덤비시라,인어공주임 ㅠ,2,2024-04-04T23:16:46Z,2024-04-04T23:16:46Z
UgxmeygrUhxlE-wRs694AaABAg,,False,@oyayapark8226,영상도 아름답고 노래도 너무 좋다 도영아 솔로 축하해💚,3,2024-04-04T23:15:51Z,2024-04-04T23:15:51Z
UgwBJR4BLYtzg5c8K1J4AaABAg,,False,@asya8715,Magical voice and magical song,2,2024-04-04T23:15:49Z,2024-04-04T23:15:49Z
UgwOcRLHp68_Kw4pYNZ4AaABAg,,False,@user-ee5ny6pf6k,우니 도영이 너무 기특하다👍 노래 실력 진짜 최고야💚,2,2024-04-04T23:15:12Z,2024-04-04T23:15:12Z
UgyKNf7UnV0qNfPIsBF4AaABAg,,False,@skdud5889,아존나눈물나,2,2024-04-04T23:15:05Z,2024-04-04T23:15:05Z
UgwgV5gXYtg6WlaZEAd4AaABAg,,False,@라벤더밤,와씨,2,2024-04-04T23:14:54Z,2024-04-04T23:14:54Z
UgzTpLATchLBL7xS1vl4AaABAg,,False,@wooo633,도영이다운 음악이다 진짜 넘 좋다 😊💚,2,2024-04-04T23:14:50Z,2024-04-04T23:14:50Z
UgxL-0Fco5nJ9Qu-0-94AaABAg,,False,@ハマモコ-k9y,"素敵💓
ドヨンの透明感ある美声が生かされてるMV。イントロだけでも期待が爆上がりです。
完全リリースが待ちきれません🎉🎉🎉🎉🎉🎉🎉🎉🎉🎉🎉",2,2024-04-04T23:14:38Z,2024-04-04T23:14:38Z
UgxxoReGSXRj_AQ_Itl4AaABAg,,False,@noelly3751,Nossa pequena sereia vey,1,2024-04-04T23:13:32Z,2024-04-04T23:13:32Z
UgxAfsjrvN9ytOXVPsV4AaABAg,,False,@웨딩피치-z9i,"찾았다. 나의 에리얼 
노래가 살랑거려서 내 마음을 간지럽히잔아
도영아 너가 내 봄이고 청춘이구나ㅜㅠ",53,2024-04-04T23:13:19Z,2024-04-04T23:13:19Z
UgwGwOWzm7ULk433AeF4AaABAg,,False,@oesddy9480,"우리 도영이 이렇게 크게 팡 터뜨리려고 맨날 조구만 머리 꽁꽁 싸매어 고민하고, 이리저리 말랑한 마음 부딪혀왔나보아요. 🥹 그리하여 잘 빚어진 사려깊고 다정한 도영이의 마음을 정말정말 좋아해요! 이렇게 만날 수 있어서 정말 기쁩니다. 새봄이 찾아온 아름다운 도영의 청춘을 응원해요 🩵",17,2024-04-04T23:13:04Z,2024-04-04T23:13:04Z
UgxPxWwz6Ry93lrLjtJ4AaABAg,,False,@armykpopmultistan4e127,Beautiful ❤,2,2024-04-04T23:12:37Z,2024-04-04T23:12:37Z
Ugyt4NrWJFofsj1jEa94AaABAg,,False,@sugaringdoi,가장 아름다운 도영이의 청춘을 응원할게,18,2024-04-04T23:12:03Z,2024-04-04T23:12:03Z
Ugzuq0zt4UtSn8z-X8p4AaABAg,,False,@dptmapswjdtlsckdu,"하,,,김도영 또 일냈네,,",4,2024-04-04T23:09:57Z,2024-04-04T23:09:57Z
Ugz1pUTGIczCCIL1Fw14AaABAg,,False,@lindatruong8208,This lowkey sounds kinda like an anime movie ost lol. Obviously god vocal Doyoung served,1,2024-04-04T23:09:12Z,2024-04-04T23:09:12Z
Ugw-MUJ-vcGhvUWpGMR4AaABAg,,False,@xoxomarina127,omg his voice is just>>>>>,0,2024-04-04T23:08:21Z,2024-04-04T23:08:21Z
UgxmqKkoKVoLFKHOZ954AaABAg,,False,@lipprincesshj,귀르가즘 짱이다,4,2024-04-04T23:08:13Z,2024-04-04T23:08:13Z
Ugyn_lAjXq07tsiGSnB4AaABAg,,False,@xoxomarina127,ariel? doyriel?,0,2024-04-04T23:07:56Z,2024-04-04T23:07:56Z
UgxwZLeNsQoVAi_b52l4AaABAg,,False,@talitatae,Meu amor tá vindo com tudo,1,2024-04-04T23:07:34Z,2024-04-04T23:07:34Z
UgzTQHw8F5tx4hSKSbZ4AaABAg,,False,@mrannoyedtea2259,So happy Doyoung is getting his solo album! It's going to be every bit as magical as he is!,2,2024-04-04T23:07:30Z,2024-04-04T23:07:30Z
Ugz2Qw3DpvHy2LvNK2Z4AaABAg,,False,@수지원-l3c,사랑해 도영아,2,2024-04-04T23:06:49Z,2024-04-04T23:06:49Z
UgzR5undFmSN8tDvwHd4AaABAg,,False,@acuiqbonap,도영이 완전 디즈니 인어인데…?? 진짜 벅차오름의 끝.. 도영아 너는 모든 순간들이 다 청춘이야 도영아 항상 응원하고 사랑해,166,2024-04-04T23:06:28Z,2024-04-04T23:07:52Z
UgxQyARmIDFFKqLlGoh4AaABAg,,False,@renataa3569,도영이 목소리 터져 나올때 왠지 눈물 날것 같았다ㅠㅠ,1,2024-04-04T23:05:56Z,2024-04-04T23:05:56Z
UgwDHiybIxBbSrSn0794AaABAg,,False,@pupipchu7654,내 디즈니다,2,2024-04-04T23:05:36Z,2024-04-04T23:05:36Z
UgxylxvWp4KykNpsq214AaABAg,,False,@ohmycamo,"온 세상을 벅차게 노래 할 도영아 너의 노래로 가득할, 너가 꿈꿔온 우주로 함께 가자. 거기서 기다릴게",1,2024-04-04T23:05:12Z,2024-04-04T23:05:12Z
UgzevVzCkGSdPg_UDkd4AaABAg,,False,@nuraengi,"도영이가 늘 말하는 게 나는 많은 노래를 할 거고 계속 노래할 거고, 오래 노래할 거라고 했는데 처음으로 자기 노래를 하는 도영이가 이 말들을 노래 가사로 들고 오다니 너무 벅차올라. 네가 항싱 우리에게 다짐해왔던 말들이 멜로디로 세상에 나오고 그 포부가 담긴 노래가 너의 첫 앨범 시작을 여는 노래라니까 도영이 팬으로 너무 행복하고.벅차올라. 나는 늘 너의 노래를 들을 준비가 되어있어. 기다리는 시간도 늘 길지않게 챙겨주는 너에게 고맙고 네가 하고싶었던 노래들 소중하게 들을 게. 난 도영이가 내 최애라 정말 행복한 순간이 많은데 지금이 정점을 찍었다ㅠ",1,2024-04-04T23:05:07Z,2024-04-04T23:05:07Z
UgwB8D-DiA1t_xOB2Jl4AaABAg,,False,@dlacodus8,도영아 됐다. 이거다. 너 잘한다. 역시.,0,2024-04-04T23:05:04Z,2024-04-04T23:05:04Z
UgzgQPdwYsCgYhmsGgh4AaABAg,,False,@kelee6153,미쳤어ㅠㅠ 노래 너무 좋잖아ㅠ 도영아 너무 이뻐,0,2024-04-04T23:04:54Z,2024-04-04T23:04:54Z
UgyeJXGlhmNvCrWBBR14AaABAg,,False,@ch_fudge,"너가 제일 잘하는 걸 혼자 보여주는 것에 두려움이 있었을 시간이 무색할 만큼 너무 멋지다. 도영아 지금 이대로 멋지게 활동하자 
늘 응원할게",0,2024-04-04T23:04:21Z,2024-04-04T23:04:21Z
UgwRnN7rAsr2ZyJM--N4AaABAg,,False,@iamjane6676,This is so magical 😭 Doyoung voice is so amazing.,0,2024-04-04T23:04:11Z,2024-04-04T23:04:11Z
UgyRqFBavaT_5BlxPIN4AaABAg,,False,@Kusmiati17,beautiful song by beautiful voice. I like it Doyoung-ah,0,2024-04-04T23:04:09Z,2024-04-04T23:04:09Z
UgzIJ139LX6paQOp_ad4AaABAg,,False,@injuniee00,LET'S GO DOLO!!!! DOYOUNG SOLO 💚,0,2024-04-04T23:03:01Z,2024-04-04T23:03:01Z
UgzMBDEob0SgON4yjfh4AaABAg,,False,@dandelionmooon8137,당신이 바로 시즈니의 디즈니다,2,2024-04-04T23:02:44Z,2024-04-04T23:02:44Z
UgzZbbzEhqASrFYyiWJ4AaABAg,,False,@najminaizzati,So beautiful… visual wise and music wise,1,2024-04-04T23:02:43Z,2024-04-04T23:02:43Z
UgwuhmjQi_hJ5jk7g_R4AaABAg,,False,@user-young1do0,왜 내가 눈물이 나지? 도영님 노래로 그냥 우주 짱 먹읍시다 지구권 밖에도 이 목소리 들려줘야해요,26,2024-04-04T23:02:12Z,2024-04-04T23:02:12Z
Ugwsp0rLnYmLlZFu4L54AaABAg,,False,@NORAE_S2,도영이 덕분에 도영이 노래 덕분에 난 또 힘을 얻고 용기를 얻어 !! 도영아 노래해줘서 너무 너무 고마워 💙  도영이가 노래에 얼마나 진심인지 진심을 꼭꼭 담은 첫 번째 솔로앨범 기대할게 사랑해!,1,2024-04-04T23:02:08Z,2024-04-04T23:02:08Z
UgwI5E0Es6pDPx39q094AaABAg,,False,@izmireina9081,Doyoung Putra duyung❤😊,0,2024-04-04T23:00:50Z,2024-04-04T23:00:50Z
UgzEDy7tG4n-0Bbm0UN4AaABAg,,False,@koodita_3,"I keep coming back, I can’t wait! I’m so excited.",1,2024-04-04T22:58:07Z,2024-04-04T22:58:07Z
UgzAETWcZf1xocyGqal4AaABAg,,False,@이레-y1s,"도영이와
함께하고 너의 노래를 듣고 있는 이 순간이 내 청춘의 한복판이야",0,2024-04-04T22:56:33Z,2024-04-04T22:56:33Z
UgxXSZBB0rlYCH4MiNN4AaABAg,,False,@_HJ-gl3io,우리 올해는 꼭 만나자🥹💚,0,2024-04-04T22:56:32Z,2024-04-04T22:56:32Z
UgzFl69oxdTqYIJb-gB4AaABAg,,False,@Lapbit13,🎉🎉,0,2024-04-04T22:56:29Z,2024-04-04T22:56:29Z
UgwYKtRicUjKAPPYfOZ4AaABAg,,False,@peach0214,"도영아 이게 네가 들려주고 싶었던 음악이구나, 너무 좋다 좋은 노래 선물해줘서 고마워💚💚",3,2024-04-04T22:54:35Z,2024-04-04T22:54:35Z
UgyeWRFSqqHscU1uKkl4AaABAg,,False,@umhk.,Love this so much,0,2024-04-04T22:54:24Z,2024-04-04T22:54:24Z
UgxLr7nJLHHF5sLlCaR4AaABAg,,False,@kattyseraphin3812,Whoever was responsible for this concept deserves a raise. This is so beautiful. I can't wait for the full mv,255,2024-04-04T22:54:14Z,2024-04-04T22:54:14Z
UgxLr7nJLHHF5sLlCaR4AaABAg.A1pMLJ7jpqtA1phGz6cBf5,UgxLr7nJLHHF5sLlCaR4AaABAg,True,@smackdowntofu188,"this is only the b-side in the album, i doubt we’ll be getting full mv for this. the title track is yet to be revealed",25,2024-04-05T02:05:53Z,2024-04-05T02:05:53Z
UgxP6ssZaEgmyxbhWHR4AaABAg,,False,@SJ-ct8mk,그동안 말해왔던 진심이 진짜라고 믿어의심치 않도록 좋은 노래 들고와줘서 고마워 도영아 기분좋게 올 봄을 시작할게!!!,8,2024-04-04T22:53:19Z,2024-04-04T22:53:19Z
UgwJ-VxsbwPUdtTwfR14AaABAg,,False,@526Nylssej,도영아 첫 앨범 너무 기대돼!! 응원할 거야 화이팅 💚,3,2024-04-04T22:52:51Z,2024-04-04T22:52:51Z
UgwSdF4Zsz9uNilChFN4AaABAg,,False,@anngyeom,🤍🤍🤍,0,2024-04-04T22:52:16Z,2024-04-04T22:52:16Z
UgyuMRzp_7jFaIu-EjF4AaABAg,,False,@cherry_rabbit0,"시즈니의자부심 도영아💚 기대이상그자체다ㅠㅠㅠㅠㅠ

넌 나의 희망이야..💖
항상 시즈니가 응원해!🙏🏻",3,2024-04-04T22:50:42Z,2024-04-04T22:50:42Z
UgwpjdGa3XfOSanaFjR4AaABAg,,False,@doyounglovely7,노래 너무 좋다 늘 응원해 도영아,5,2024-04-04T22:50:23Z,2024-04-04T22:50:23Z
Ugw24ACJv-u_qw6I6854AaABAg,,False,@D0ingnthing,너무 좋아 🌊,1,2024-04-04T22:50:15Z,2024-04-04T22:50:15Z
UgzqF2CprnJJw0971Ud4AaABAg,,False,@t85.0a_,SO COOLL 🥰🥰❤‍🔥❤‍🔥🙌🙌🙌,0,2024-04-04T22:49:52Z,2024-04-04T22:49:52Z
UgwAFqtv2J-z-0Tzzwl4AaABAg,,False,@seize-the-day,도영이가 진짜 열심히 준비한게 느껴지네 진짜 너무너무 좋다 도영아🥹 준비하느냐 고생많았고 빨리 다 듣고싶다아,7,2024-04-04T22:48:57Z,2024-04-04T22:48:57Z
Ugz8--WebKovaCOlTyN4AaABAg,,False,@mymymy2121,인트로 잠깐 듣는것만으로도 벅차올라🩵 도영이 첫 솔로앨범에 대해 기대만 더 커져가,39,2024-04-04T22:48:54Z,2024-04-04T22:48:54Z
Ugz8--WebKovaCOlTyN4AaABAg.A1pLjDIYB7hA1qoZ9oTHdf,Ugz8--WebKovaCOlTyN4AaABAg,True,@태일쨩쨩,진짜 노래 영상 미쳤다ㅠ 소름돋앙 ㅠㅠㅠㅠㅠ 너무 좋아ㅠㅠㅠㅠㅠㅠ,0,2024-04-05T12:28:46Z,2024-04-05T12:28:46Z
UgxTEmdJ0nKN3MWbiYR4AaABAg,,False,@elly-4016,미쵸따.......,1,2024-04-04T22:48:25Z,2024-04-04T22:48:25Z
Ugxznziau0U-D8DS8wp4AaABAg,,False,@かりこ-w7r,"ドヨンさんは私たちの期待をいつも上回ってくる
ほんとに素敵な曲をありがとう
22日全部聴けるのが楽しみ",0,2024-04-04T22:48:13Z,2024-04-04T22:48:13Z
Ugyy5lzCGpx2NXJsxTl4AaABAg,,False,@funketwins,it's giving the little mermaid but anime intro song ver. magnificent,1,2024-04-04T22:48:08Z,2024-04-04T22:48:08Z
UgwtqD6qN0ecTj0wtQd4AaABAg,,False,@wintaering,마지막에 CD 모양 세상이 화면 한 가득 잡히는게 너무 설렌다 도영 솔로 지금부터 시작! 이란 느낌 🥹 응원해 응원해 ❤,5,2024-04-04T22:47:59Z,2024-04-04T22:47:59Z
UgxKH0_TRaRC4chZi-N4AaABAg,,False,@Dn6f,"나는 왜이렇게 모든 것에 진심일까라던 우리 도영이가 이렇게 진심을 가득 담은 꼭 자기같은 노래를 가지고 왔따💚도영이의 이 청춘, 새봄, 진심이 널리 알려지길 우리도 열심히 할게 💚🫶",1,2024-04-04T22:47:55Z,2024-04-04T22:47:55Z
UgzfvR0L-ztzC2BlSSd4AaABAg,,False,@iuszr,도영아 진짜 내가 너무 아끼고 좋아해 … 단지 어떤 이유 몇가지로 널 좋아하는게 아니라 진짜 너라는 사람 자체를 너무나도 애정해 ❤😢,2,2024-04-04T22:47:43Z,2024-04-04T22:47:43Z
Ugw4VgT3ZuXRVEwxJtZ4AaABAg,,False,@barudaksenja6773,❤❤❤,0,2024-04-04T22:47:42Z,2024-04-04T22:47:42Z
Ugx-YVxMuueCNbLN4Th4AaABAg,,False,@RositaDolo,Doyoungie te amamoooos,0,2024-04-04T22:47:34Z,2024-04-04T22:47:34Z
UgyllDENan_PZPTnkq14AaABAg,,False,@Cheezebullet,미쳤다,1,2024-04-04T22:47:14Z,2024-04-04T22:47:14Z
Ugy3xUNgFNkmvFndHdF4AaABAg,,False,@cerceilia90,진짜 딱 영상 재생누르고 시작하자마자 든 생각이 이거 된다 .. 뭔가 진짜 도영이 깔이야 .. 마음이 몽글해지면서 좀 생각이 많아지고 또 시원하면서 울컥하는 부분도 있는 .. 도영아 솔로 대박날 거 같다 진짜다 .,2,2024-04-04T22:46:13Z,2024-04-04T22:46:13Z
UgyCWv_hxEmnpMQh4N14AaABAg,,False,@Dkwociwkkkkk,영상 너무 예쁘다.. 도영이의 청춘을 항상 응원해!!,36,2024-04-04T22:45:32Z,2024-04-04T22:45:32Z
UgzN2GZNjFG0glB2GVp4AaABAg,,False,@riiiiiin038,最高すぎる。震えた,0,2024-04-04T22:45:09Z,2024-04-04T22:45:09Z
UgziW4BY0ZR3nr5m68l4AaABAg,,False,@asya8715,So good,1,2024-04-04T22:44:53Z,2024-04-04T22:44:53Z
UgwZVWif3ZHhEsYtILN4AaABAg,,False,@nabilaanggraini9076,KNP TGL 22 LAMA BGT!!,0,2024-04-04T22:44:52Z,2024-04-04T22:44:52Z
UgwIrRmFuIGwFYqKwNV4AaABAg,,False,@ikura_onigiridayon,ドヨンさん〜🥲🥲🥲まだ全部聞いたわけじゃ無いのにもう泣きそうです…ソロデビューおめでとうございます👏応援してます🌟,0,2024-04-04T22:44:46Z,2024-04-04T22:44:46Z
UgwVRhD_NazvOwDZ8nt4AaABAg,,False,@yujin.c,그냥 아주 미쳤네 와 김도영 사랑해,2,2024-04-04T22:43:50Z,2024-04-04T22:43:50Z
UgwXUuO_4E5uoUXuI4N4AaABAg,,False,@영도-k9i,너무 좋아,0,2024-04-04T22:43:13Z,2024-04-04T22:43:13Z
UgwJwOF3ng-YJuYXAa14AaABAg,,False,@kukirollings3369,Gracias por tu sinceridad doyoung,0,2024-04-04T22:43:05Z,2024-04-04T22:43:05Z
UgzJiV4WHjo7yTjOZ7F4AaABAg,,False,@adagiettoi,진짜 도영이 그자체다ㅠㅠ 너무 좋다,1,2024-04-04T22:42:22Z,2024-04-04T22:42:22Z
UgyF5ZBXm256A_v9JxB4AaABAg,,False,@annisafitri1262,So magical😍,0,2024-04-04T22:42:00Z,2024-04-04T22:42:00Z
Ugz2omRfen4_HDAvKYF4AaABAg,,False,@lilinervis2345,Hermoso,0,2024-04-04T22:41:59Z,2024-04-04T22:41:59Z
UgyuX7ngZixSYPo2qzV4AaABAg,,False,@dear.mydy_,도영이의 청춘이 오래오래 푸르게 빛나길,3,2024-04-04T22:40:07Z,2024-04-04T22:40:07Z
UgwH0y-tcReHoCabsLB4AaABAg,,False,@alicepasinger4750,"Estoy temblando, sos un increíble artista y no puedo de la ansiedad por conocer todas las canciones",0,2024-04-04T22:39:51Z,2024-04-04T22:39:51Z
Ugyda4Yu6wiARTSfoFt4AaABAg,,False,@chaBxxn,도영이 보컬은 우리에게는 늘 자부심이야  노래 해 줘서 항상 고마워 💚,1,2024-04-04T22:39:41Z,2024-04-04T22:39:41Z
UgzYUiApQHY53Pu8P614AaABAg,,False,@kyeolul,노래하는 도영이를 너무 사랑해...,2,2024-04-04T22:38:45Z,2024-04-04T22:38:45Z
UgzX1P_l0KRr3nFzrdh4AaABAg,,False,@nadonajjang,티저만 봤는데 벌써 위로가 되네요.. 진짜 너무 좋구요 도영오빠 노래해줘서 고마워요! ㅜㅜ,3,2024-04-04T22:38:11Z,2024-04-04T22:38:11Z
UgzdW2N6gDUjT0KIKrt4AaABAg,,False,@arielchay9660,"omg this gave me goosebumps!! kim doyoung,, I can't wait for this beautiful masterpiece to be released ❤ thank you for giving us such a wonderful gift",0,2024-04-04T22:37:48Z,2024-04-04T22:37:48Z
UgyorKSaW_lM2LeYwmx4AaABAg,,False,@dylover0201,"식목일에 나온 새봄의 노래
도영이의 목소리로 인해 두려울수도 있을 세상 모든 시작들이  조금이라도 더 빛나길 외롭지 않길",3,2024-04-04T22:37:34Z,2024-04-04T22:43:56Z
UgzgLod1trA-Z1f1HA94AaABAg,,False,@juyisunwooji9715,Un artista de principio a fin,0,2024-04-04T22:37:23Z,2024-04-04T22:37:23Z
Ugz-I_d0d6PZdw7zgax4AaABAg,,False,@doyochie,"I'm still here,,, i keep going back for both the sound and the visuals which is something I rarely do but this intro film is really a work of art I love every single detail in it, it all matches Doyoung's image so well. And Doyoung's voice? perfection
now I'm more excited to check the album and his music video because I know the people who worked behind them are great at their job",1,2024-04-04T22:37:18Z,2024-04-04T22:37:18Z
Ugy_Emv7i98oOEnk-zV4AaABAg,,False,@hh-g8b,내 청춘이 김도영이라 기뻐 왠지 청춘이 엄청 예쁘고 길 것 같아서,2,2024-04-04T22:37:00Z,2024-04-04T22:37:00Z
UgzxbpJ0JtnisNJtJb54AaABAg,,False,@do0_mapitube,大好き😭😭😭😭😭😭,0,2024-04-04T22:36:24Z,2024-04-04T22:36:24Z
UgyRZ-oU9VTp2YkLeW94AaABAg,,False,@hh-g8b,정말 너무 좋아 인어왕자 같다 도영아 내가 역대 들은 인트로 중 제일 좋아..,3,2024-04-04T22:36:22Z,2024-04-04T22:36:22Z
Ugzcgjk9ole9Ivm35Pt4AaABAg,,False,@또하링-h8n,도영아 노래 너무 좋다 고마워 사랑해,1,2024-04-04T22:36:11Z,2024-04-04T22:36:11Z
UgwHSXkicelyev4PNaF4AaABAg,,False,@hyunjaeyounghooie4017,Es demasiado hermosooooooo,0,2024-04-04T22:35:28Z,2024-04-04T22:35:28Z
UgzMZE9q3-hf6weEeCJ4AaABAg,,False,@farsyaayuza2125,KIM DOYOUNGGG❤🎉,0,2024-04-04T22:35:23Z,2024-04-04T22:35:23Z
UgxQ4NC7CdGvG7rqQ_14AaABAg,,False,@Dn6f,그래서 여기서 너에게의 너가 우리란 말이지? 🫶,1,2024-04-04T22:35:10Z,2024-04-04T22:35:10Z
UgynG9AZIoj7Y7AOLEV4AaABAg,,False,@Dn6f,도영이가 딱 자기같은 음악을 들고 왔다 그것도 진심을 듬뿍 담아서💚,8,2024-04-04T22:34:37Z,2024-04-04T22:34:37Z
UgzHu8IYuY1hQFAGd714AaABAg,,False,@vxrxnxcxv,doyoung its so good 😭😭😭,1,2024-04-04T22:34:09Z,2024-04-04T22:34:09Z
UgwrYidEoIOeprY1PfJ4AaABAg,,False,@Neomi026,I'm so happy and excited for you Doyoung<3 thank you for singing,1,2024-04-04T22:32:51Z,2024-04-04T22:32:51Z
UgzhRTvgmD2hD2ViYEp4AaABAg,,False,@sotheb3deobi260,"Soy felíz, gracias doyoung",1,2024-04-04T22:32:46Z,2024-04-04T22:32:46Z
Ugx3dt8xSX5gZuzXdlp4AaABAg,,False,@띨롱영,니가 내 청춘이다 도영아😢😢😢,2,2024-04-04T22:32:46Z,2024-04-04T22:32:46Z
UgzDKQrazktXSyqzalJ4AaABAg,,False,@cieloortega8944,hermoso ♡ todo lo la have increible,1,2024-04-04T22:32:28Z,2024-04-04T22:32:28Z
UgyBgaXYhNkJERLAmnF4AaABAg,,False,@lalasunwoodeobi3553,"Una voz que contiene un ángel, realmente orgullosa de ti",1,2024-04-04T22:31:49Z,2024-04-04T22:31:49Z
UgyaBOoDa7q-rUml-7N4AaABAg,,False,@hopeonthestreetz,정말 대단해 😍,3,2024-04-04T22:31:32Z,2024-04-04T22:31:32Z
UgySWgYb7IeUJr8LVPp4AaABAg,,False,@iamprecious97,"JUST TO BE CLEAR, THIS IS ONLY 1/10 SONGS EVERYBODYYYY🥺 WE STILL HAVE 9 MORE SONGS🙌🙌🙌💙💙💙",0,2024-04-04T22:30:37Z,2024-04-04T22:30:37Z
UgyB1wvxF30SPZx_7Dp4AaABAg,,False,@deobithebzen4996,Es tan doyoung 🥺🫂,0,2024-04-04T22:29:53Z,2024-04-04T22:29:53Z
UgxWDPyaf-uc4XJLLZd4AaABAg,,False,@Hakhakhak309,와 영상이 너무 예뻐 노래도 청춘 그자체…너무 좋다 더 기다려져 도영아 언제나 행복해라💚,3,2024-04-04T22:29:45Z,2024-04-04T22:29:45Z
Ugy3YLctX7-qd1um1Hd4AaABAg,,False,@이지현-w9g,아 김도영 진짜 미쳤다미쳤다미쳤다..여러분.....도영이는 사랑입니다 진짜 노래도 잘부르고 목소리도 완벽하고 얼굴도 잘생이고 진짜 도영아 사랑한다🤍,5,2024-04-04T22:29:13Z,2024-04-04T22:29:13Z
Ugyhqi-3aSKFHe_ASsR4AaABAg,,False,@kdy_201,도영이가 	노래하는 모든순간을 사랑하고 응원해 청.포.도 하이띵 🩵,9,2024-04-04T22:28:18Z,2024-04-04T22:28:18Z
Ugwcquu5HFBIgmYWTlJ4AaABAg,,False,@chillll_7,언제나 도영이가 말하던 진심이 이 짧은 영상 안에서조차 다 느껴지는 것 같아. 앨범 너무 기대된다! 우리도 너의 노래를 들을 준비 다 했어🩵 도영아 솔로 데뷔 너무 축하해!,10,2024-04-04T22:28:08Z,2024-04-04T22:28:08Z
Ugz5pe8Go6LLBsPNMht4AaABAg,,False,@ggqkqh,네가 노래하는 너의 청춘을 곧 맞이할 생각에 눈물이 나 🥺🩵,2,2024-04-04T22:27:32Z,2024-04-04T22:27:32Z
UgzajLSdoQq-Ox-bcH54AaABAg,,False,@apriliaadc,❤❤❤❤❤❤❤❤❤❤,0,2024-04-04T22:27:26Z,2024-04-04T22:27:26Z
UgyHLGk5XukpYoS_NuF4AaABAg,,False,@rosieblink4667,"No hay palabras, realmente no puedo esperar por el álbum 
Youth fighting ♡",0,2024-04-04T22:27:07Z,2024-04-04T22:27:07Z
UgxTaLGOzglMr-F-bux4AaABAg,,False,@erizen_teurose_briize,This will be a masterpiece!!!,0,2024-04-04T22:26:30Z,2024-04-04T22:26:30Z
Ugwrv1ewyj6IBQsiPlN4AaABAg,,False,@bk6621,Good,0,2024-04-04T22:26:07Z,2024-04-04T22:26:07Z
Ugx8xfJ_oRq75fZO_kh4AaABAg,,False,@Helmi387,드디어 도영이 기다리고 있던 것은 솔로 앨범이다.,1,2024-04-04T22:25:49Z,2024-04-04T22:25:56Z
UgxRoaNhkrRAAhX_TZJ4AaABAg,,False,@도영글라스,고작 1분 미리들었는데 나 이제 이노래 아니면 못듣는귀가 돼버렸으니 알아서 하세요 김도영씨 하 ㅁㅊ,1,2024-04-04T22:25:08Z,2024-04-04T22:25:08Z
UgzTfUL0Jo_JYH5IVq94AaABAg,,False,@user-gk3td8gz5u,도영오빠 조금 들은거지만 노래 너무 좋아요❤,2,2024-04-04T22:24:28Z,2024-04-04T22:24:28Z
UgzD5E_cf_z16SE-ykZ4AaABAg,,False,@trinilalablinks3558,Sos increíble doyoung ❤,0,2024-04-04T22:23:55Z,2024-04-04T22:23:55Z
UgxnFUvYmrqAz2Isu094AaABAg,,False,@godbreathyou,도영 is 뭔들 노래 좋다 도잉,0,2024-04-04T22:23:51Z,2024-04-04T22:23:51Z
UgwZ_aq42iJJyc6ZCIR4AaABAg,,False,@Rin-dt6od,綺麗な歌声と合ってる綺麗な映像。,0,2024-04-04T22:23:07Z,2024-04-04T22:23:07Z
UgzxitcMcPM70bSy4qF4AaABAg,,False,@jung78827,와! 와! 와! 노래랑 뮤비 기대가 만땅 차요♡,23,2024-04-04T22:22:02Z,2024-04-04T22:22:02Z
Ugypt6JkmbDDIkseAEx4AaABAg,,False,@j_j_ung,"미쳤다,,, 김도영,,,,,,, 넘 좋아ㅠㅠㅠㅠ나 왜 도영이 목소리 듣자마자 눈물나니,,,,,,,,,,,
도영아 항상 응원한다ㅠㅠㅠㅠㅠㅠㅠㅠㅠ화이팅💚💚",1,2024-04-04T22:21:45Z,2024-04-04T22:21:45Z
UgzvunD7ub2B1_IU3ZR4AaABAg,,False,@sofialalalalbelen6000,Omg doyoung,0,2024-04-04T22:21:22Z,2024-04-04T22:21:22Z
Ugzpr0kQ9IgM3utLMPh4AaABAg,,False,@emonnieeee,우리도영이의 노력의 과정을 볼 수있는 앨범이라니ㅠㅠㅠ 도영이의 청춘을 지켜보고 함께할 수 있어서 너무 행복해 !!,1,2024-04-04T22:21:02Z,2024-04-04T22:21:02Z
Ugwc6Iu5vhBlYFd1rRV4AaABAg,,False,@정우가제일귀엽다,도영아......고마워,1,2024-04-04T22:20:49Z,2024-04-04T22:20:49Z
UgxTrD3GTMV7OKyVjqd4AaABAg,,False,@imayourboss,"semangattt bang doyyy, sukses solo nyaaa❤",0,2024-04-04T22:20:24Z,2024-04-04T22:20:24Z
UgwWc2eAs0orQqTjbiF4AaABAg,,False,@amalitasofiasalsabila5414,Dunia bawah laut. Aku amat menyukainya.,0,2024-04-04T22:20:23Z,2024-04-04T22:20:23Z
UgyP5VJFfKCkSWN8s354AaABAg,,False,@suna173.6jm,"what the hell omg. reminds me of iu last fantasy, the orchestra!! we love u doyoung",0,2024-04-04T22:19:19Z,2024-04-04T22:19:19Z
UgwLOruEoPFgmADs2pp4AaABAg,,False,@mmi458,"벅차오르네요🥹
오래 기다린 만큼 행복하게 노래할 수 있길 많은 이들에게 사랑받는 노래가 되었으면 좋겠어요 컨셉도 너무 좋다",109,2024-04-04T22:18:54Z,2024-04-04T22:18:54Z
UgyqAxG1pq4WfohLNMx4AaABAg,,False,@hehetsome,oooo im so exited omg,0,2024-04-04T22:17:37Z,2024-04-04T22:17:37Z
UgwL8ai7hs9RH8jyTGd4AaABAg,,False,@rosiyahmia950,So proud of youu 💙💙,0,2024-04-04T22:16:32Z,2024-04-04T22:16:32Z
Ugw4dVk9hzIk6B76clB4AaABAg,,False,@이리와서안겨우리칠,"너가 항상 말했잖아 진심은 통한다고ㅎ 진심을 담은 너의 마음은 항상 통했어 우리에게 따듯히 닿았고! 너를 좋아해서 너의 모든게좋아! 너가 웃었으면, 행복했으면 해💚 걱정하지 말고 즐기자 우리🔥 보는 내내 너무 벅차고 설렌다.. 청춘을 지나는 시간 속에 우리가 같이 있다는 사실이 그리고 너의 노래와 내 청춘을 함께 할 수 있음에 감사해 노래해줘서 고마워 도영아",1,2024-04-04T22:14:55Z,2024-04-04T22:14:55Z
UgxtySk8Hg5ApH6eKmN4AaABAg,,False,@HL_NDJ,"도영이의 청춘을 함께 할 수 있음에 행복해 !
도영이가 행복하게 노래하는 모습 눈에 잘 담아야지 💚",1,2024-04-04T22:13:57Z,2024-04-04T22:13:57Z
UgypaU-sKktmp1-S7vh4AaABAg,,False,@dont-look-down-on-me,"Woah, our vocalist!!",0,2024-04-04T22:12:56Z,2024-04-04T22:12:56Z
UgwWgJidAGxgwj1xtFd4AaABAg,,False,@Dodolove-f4x,So magical,0,2024-04-04T22:12:38Z,2024-04-04T22:12:38Z
UgzcOjBo4SkKv4-dJRd4AaABAg,,False,@darkchochonute,Doyoung 😭💙,0,2024-04-04T22:10:12Z,2024-04-04T22:10:12Z
UgzJDl5oKMisieOVxuZ4AaABAg,,False,@darkchochonute,So beautiful,0,2024-04-04T22:09:55Z,2024-04-04T22:09:55Z
UgwWo9IP-x5gEQc0vDh4AaABAg,,False,@아기말랑경단,도영아 너의 진심은 어디서든 늘 같은 모양새로 보이구나 ㅎㅎ 나는 도영이 너 다운 앨범일 것만 같아서 기대돼,7,2024-04-04T22:09:40Z,2024-04-04T22:09:40Z
UgxJyJaH5p5c8yC0Msh4AaABAg,,False,@mayanario,His voice is not normal ❤️‍🔥😭,0,2024-04-04T22:09:13Z,2024-04-04T22:09:13Z
UgzPoEHyCIDpvG4dgAV4AaABAg,,False,@백설기-r4h,"포카리스웨트 탄산 버전같아..💚
시원하고 청량해 갈증해소 제대로다",0,2024-04-04T22:07:57Z,2024-04-05T13:03:06Z
UgyTsBjspJ1m5ismF_J4AaABAg,,False,@나만의세포들,준비하느라 고생하기도 행복했을 도영아 역시 이번 노래도 너무 좋고 벌써부터 벅차다.. 이 노래 듣고 힘낼 수 있는 사람들이 정말 많을거 같아 도영이도 우리로 인해 행복했음 좋겠어 정말!!! 노래해줘서 너무 고마워,4,2024-04-04T22:07:49Z,2024-04-04T22:07:49Z
Ugywt-7QUSl9m2EYl4R4AaABAg,,False,@BincangwithMentari,"Doyoung, kamu keren banget😭😭",0,2024-04-04T22:06:58Z,2024-04-04T22:06:58Z
Ugw1TlT0_LkiA58JA-94AaABAg,,False,@mrnyan22,ドヨンさんソロデビューおめでとう🩵あなたの歌声をずっと聴いていたい🫧ほんとうに大好きだよ〜,0,2024-04-04T22:05:19Z,2024-04-04T22:05:19Z
Ugwij4rpTWGrS1iTAfB4AaABAg,,False,@do0_vely,김도영 최고다 사랑해 🩵🩵🩵🩵🩵🩵🩵🩵🩵🩵🩵🩵,0,2024-04-04T22:04:23Z,2024-04-04T22:04:23Z
UgziR2qK65eVc7VV-MN4AaABAg,,False,@Hikmahcantiii,OMOOOO!! DOYOUNG!!! 😚❤,0,2024-04-04T22:04:17Z,2024-04-04T22:04:41Z
Ugzcp-S-5xZ2o1lWXyp4AaABAg,,False,@syoon0910,벅차올라 눈물이 난다는 말이 무슨 뜻인지 알겠다 도영아 몰랐던 감정들을 이제라도 느끼게 해줘서 고마워,0,2024-04-04T22:03:53Z,2024-04-04T22:03:53Z
UgyvC9U6u6jULIATUON4AaABAg,,False,@meliaherawati7746,This song is like a miracle I swear,1,2024-04-04T22:01:43Z,2024-04-04T22:01:43Z
UgwLek40xjqKXfPcj9p4AaABAg,,False,@virly4746,film nya sangat³ indah dan vocal doyoung yang dangat manis.,0,2024-04-04T22:01:01Z,2024-04-04T22:01:01Z
Ugy2W1t-l3BkHZv-CGR4AaABAg,,False,@demisodaJ,도영이가 보여주고 싶은 세상을 기대할게,0,2024-04-04T21:58:55Z,2024-04-04T21:58:55Z
UgwidUpBu8FO0ZMZG4F4AaABAg,,False,@aliasyakira5906,"Doyoung, you're so amazing",1,2024-04-04T21:58:27Z,2024-04-04T21:58:27Z
UgzPROjOlYISp9w3I4F4AaABAg,,False,@Coconut-we8bv,작년에 입덕갈긴 나 칭찬해;;,0,2024-04-04T21:58:09Z,2024-04-04T21:58:09Z
Ugx6SY7XsK2WcPZT3-x4AaABAg,,False,@mbmb3133,ドヨンは私の誇りです。出会えて良かった。,0,2024-04-04T21:57:21Z,2024-04-04T21:57:21Z
Ugx7kpqQgCB65cLXPI14AaABAg,,False,@jydy,I've been replaying this video so many times. I can't wait for the full ver on April 22!!!!,0,2024-04-04T21:57:03Z,2024-04-04T21:57:03Z
UgxxYisbqO0YUxA5axt4AaABAg,,False,@lilackpop,Finalmente o nosso vocal de ouro Doyoung vai brilhar solo 😢💚🥰,0,2024-04-04T21:55:55Z,2024-04-04T21:55:55Z
Ugz1zm7rS8omqXMB_JZ4AaABAg,,False,@alLana-nf8bh,도영씨 최선을 다했어요 자랑스러워요 정말 대단한 일이에요🎉🎉🎉😮😮,7,2024-04-04T21:55:11Z,2024-04-04T21:55:11Z
UgzKOBXCI4-SZLjZp9p4AaABAg,,False,@Jssssso,김도영한테 딱 어울리는 첫번째 솔로 축하해👏👏👏 얼른 완곡 듣고싶드아!!!!,0,2024-04-04T21:53:50Z,2024-04-04T21:53:50Z
UgwCa-OLTSvoZegqiel4AaABAg,,False,@아이돌댄싱머신,뮤비감성왜케좋아 색감 느낌 다 앨범 커버랑도 너무잘어울림 ㅠㅠ 처음 시작 무슨 세상에 아직나오지 못하고 외딴 무인도같은곳에서 혼자 살고 있는 숨겨진 영와주인공같음 ㅠㅠ기대돼요,0,2024-04-04T21:53:35Z,2024-04-04T21:53:35Z
UgxfhapNI5k3pb8swRZ4AaABAg,,False,@blackswan071,벌써 기대된다 김도영이 말아주는 청춘이라니,1,2024-04-04T21:53:22Z,2024-04-04T21:53:22Z
UgyWPeL__-yTPhf_24F4AaABAg,,False,@はるのひなた,ドヨンの歌声は、心の琴線に触れる。,0,2024-04-04T21:51:48Z,2024-04-04T21:52:19Z
UgxUHdwv9JQ3AuvasCt4AaABAg,,False,@KPOPERS_01,"Ahhh! This song is so good I can't wait to hear the full version of it, it feels like an ost💙💙And Doyoung really hit that notes perfectly and that high note is so dope🥰🥰Cant wait to hear the full album💙💙",1,2024-04-04T21:51:05Z,2024-04-04T21:51:05Z
UgytI1lMW3s82t85oJR4AaABAg,,False,@your.erizen_mai,Wow! As expected to Doyoung!,1,2024-04-04T21:50:29Z,2024-04-04T21:50:29Z
Ugzzdr4bl3rAlIOUm5V4AaABAg,,False,@sarahprosetti6156,I could cry rn,0,2024-04-04T21:48:47Z,2024-04-04T21:48:47Z
Ugyl63xAlnSMkJGgwa14AaABAg,,False,@riaramadhani9189,Man of my dream🩵,0,2024-04-04T21:47:33Z,2024-04-04T21:47:33Z
UgzabUmCJfCGrQVUqK94AaABAg,,False,@dreami7e,que preciosura 🥺 estoy muy feliz de que doyo finalmente tenga su álbum en solitario <3,0,2024-04-04T21:47:29Z,2024-04-04T21:47:29Z
UgyR-CCBf-_gS9s6ZPB4AaABAg,,False,@mrnyan22,도영솔로 데뷔 축하해🩵 당신의 노랫소리를 계속 듣고 싶어. 정말 너무 좋아.,1,2024-04-04T21:47:06Z,2024-04-04T21:47:06Z
UgwBv9x5_4So9c3r_Q54AaABAg,,False,@thaisferreira5939,"Te amo, Doyoung 💚 ansiosa pelo álbum",0,2024-04-04T21:46:20Z,2024-04-04T21:46:20Z
UgxUkEJi6GY6VJ2v8aN4AaABAg,,False,@angie-tt6jw,BEST DEBUT OF THE HISTORY 😭🩵,0,2024-04-04T21:46:14Z,2024-04-04T21:46:14Z
UgxZrYJhHoLiOU00iwZ4AaABAg,,False,@angie-tt6jw,THIS IS SUCH A MASTERPIECE,0,2024-04-04T21:46:05Z,2024-04-04T21:46:05Z
Ugw_ZybuEKhKdoIu2it4AaABAg,,False,@NiDoy-uy4rl,"Doyoung, our vocal king!",0,2024-04-04T21:44:43Z,2024-04-04T21:44:43Z
UgwEpSkD41RqfQ0mhsV4AaABAg,,False,@jodohdoyoung146,Indah sekali,0,2024-04-04T21:43:25Z,2024-04-04T21:43:25Z
UgwD32J1kbaYBT1NCU94AaABAg,,False,@aryindrayani2082,가즈아ㅏㅏㅏㅏㅏㅏㅏㅏ🩵🩵🩵🩵🩵,0,2024-04-04T21:43:12Z,2024-04-04T21:43:12Z
UgyPZ7RWdFWC2kk8ZO14AaABAg,,False,@kharinadiskanadia8214,so beautiful 🩵,0,2024-04-04T21:42:10Z,2024-04-04T21:42:10Z
UgzRiWG9TcJUvooUOEp4AaABAg,,False,@Intaansy23,Cant wait to DOLO😍😍,0,2024-04-04T21:41:40Z,2024-04-04T21:41:40Z
Ugz48cMeAeXLPDjAqmJ4AaABAg,,False,@neotsukishiro,YES!!!! <3,0,2024-04-04T21:41:34Z,2024-04-04T21:41:34Z
UgzNmdBFM3VO-M2fnGF4AaABAg,,False,@jennierubyjane0816,"Su voz no es una broma, es increíble",0,2024-04-04T21:39:44Z,2024-04-04T21:39:44Z
UgyQMPtn1NPJcxz4-h54AaABAg,,False,@zerooo_jjjddd,노래가 아름답고 도영이 기특해요,1,2024-04-04T21:38:41Z,2024-04-04T21:38:41Z
UgyC7YJZMRqFT4udixh4AaABAg,,False,@loving127,도영이를 넘따랑해... 도영이가 사랑하는 노래 나도 너무 사랑해,0,2024-04-04T21:38:29Z,2024-04-04T21:38:29Z
Ugz-dzO2j2FFnyrwp3l4AaABAg,,False,@Cantikv,Fighting Doyoung and doppus,0,2024-04-04T21:37:45Z,2024-04-04T21:37:45Z
UgzkBBDks3MO0n6rit14AaABAg,,False,@_onetwoseven,"푸른색을 좋아하는, 노래를 사랑하는 도영이가 도영이만의 푸른 곡을 낼 수 있게 되어 나조차 너무 들뜨고 행복해 얼른 만나자♥ 도영이의 노래를 듣고 나도 멋진 청춘을 향해 걸어가볼게 청춘의 포말 대박나자!!❤️",1,2024-04-04T21:37:29Z,2024-04-04T21:47:06Z
Ugyl1Uru-9PijRnG9c14AaABAg,,False,@Pocoapoco0,이게 김도영이야. nct 메인보컬의 내공이야. 뻥 아니고 듣자마자 앉은 자리에서 50번 연속으로 들음. 진짜 기대된다 청춘의 포말!,92,2024-04-04T21:37:16Z,2024-04-04T21:37:16Z
UgzkJsAwUvFdc1q6Fyp4AaABAg,,False,@ao_mey0,우리 도영이가 보여주는 청춘의 포말이구나 진짜 도영이의 청춘의 포말 새봄은 이런 거구나 느꼈어 진짜 우리 도영이 언제나 고마워ㅓ 이렇게 좋은 음악을 들려줘서,0,2024-04-04T21:37:04Z,2024-04-04T21:37:04Z
UgwBS8nM_ARz4NFCM4d4AaABAg,,False,@Cantikv,Cantik,0,2024-04-04T21:37:02Z,2024-04-04T21:37:02Z
UgwIe6863qC3Qbqa7Px4AaABAg,,False,@CD5C엄마,도영아 응원해❤❤❤,0,2024-04-04T21:35:58Z,2024-04-04T21:35:58Z
UgzXLQxxiwb853br7FJ4AaABAg,,False,@HengUnicorn8714,정말 마술적인 것 같아요 ㅜㅜㅜ노래가 너무 기대돼요 💚,0,2024-04-04T21:35:49Z,2024-04-04T21:35:49Z
UgzELjyK-vNNCYPDcCB4AaABAg,,False,@keanedevadatta7055,Present 6 Hours,0,2024-04-04T21:35:47Z,2024-04-04T21:35:47Z
UgwbzLJCQ8XTBiLW0bN4AaABAg,,False,@nurdianakewa375,Aahhh masih gini Uda merinding dgn voicex🔥🥰,0,2024-04-04T21:35:46Z,2024-04-04T21:35:46Z
Ugz1orq5VmtMcPxVhml4AaABAg,,False,@viniciusluz2381,"um album INTEIRO?
trabalhador esse doyoung",0,2024-04-04T21:35:17Z,2024-04-04T21:35:17Z
Ugz7LfsgF2zG-qPBJEB4AaABAg,,False,@du2xd,"WOWWWWW, is doyoung a mermaidman?",1,2024-04-04T21:34:06Z,2024-04-04T21:34:06Z
Ugyi7yze6nP-OzTCwyB4AaABAg,,False,@viraseptiana1917,so doyoung,1,2024-04-04T21:33:23Z,2024-04-04T21:33:23Z
Ugx3_kWxFT50PDSS6dt4AaABAg,,False,@khaymuhammad5047,malaj beneran jadi duyung😓,0,2024-04-04T21:32:32Z,2024-04-04T21:32:32Z
Ugz0gBX-xbmSPcWmfMF4AaABAg,,False,@muhammadzulfikar7896,Good luck Doyoung on your solo debute album!,2,2024-04-04T21:31:51Z,2024-04-04T21:31:51Z
Ugyb59ioyQ8ACa_QVIt4AaABAg,,False,@yyO-jt2rp,도영아 너무 좋아서 벅차 오른다. 네가 그동안 보여주겠다고 한 것들이 잘 담겨있길 바랄게. 네가 늘 행복하고 하고 싶은 음악 맘껏 하길 모든 동영이를 응원해.,0,2024-04-04T21:31:14Z,2024-04-04T21:31:14Z
UgzGGwDgQsCZW0vTQ994AaABAg,,False,@唯唯-n3s,世界観がドヨンさんにぴったりな雰囲気で素敵✨鳥肌立ちました👏😇,0,2024-04-04T21:31:13Z,2024-04-04T21:31:13Z
Ugx21gCmKnA3B2nyvpx4AaABAg,,False,@user-gb8vg5pm9o,8년을 좋아하면서 단 한 번도 후회할 일 없게 만들어준 도영아 내 청춘에는 항상 네가 함께였어 청춘을 노래해 줘서 고마워 너의 청춘을 그리고 나의 청춘을 응원해,1,2024-04-04T21:30:03Z,2024-04-04T21:30:03Z
Ugx_RLMHUx6BYA9Tbpl4AaABAg,,False,@arialy1318,Te amooo💚💚💚🫂 por fin nuestro Doyoung debuta como solistaaaa🥰🥰🥺🫂,1,2024-04-04T21:29:39Z,2024-04-04T21:29:39Z
UgwgsvgEvXUdBRor_2R4AaABAg,,False,@therosaceous404,사랑해요 도영시.🙏💓,0,2024-04-04T21:28:58Z,2024-04-04T21:29:11Z
UgxIdFqCwc1wvmAYE3R4AaABAg,,False,@halfasyalsa,so proud of u doyoungggg! <33333,0,2024-04-04T21:26:32Z,2024-04-04T21:26:32Z
Ugy8ntD4hpSBruB2K354AaABAg,,False,@rna3885,the mermaid prince,1,2024-04-04T21:23:32Z,2024-04-04T21:23:32Z
UgzS2hBdUpfRxGB2oMJ4AaABAg,,False,@rna3885,Its really good 😭 i want to hear quickly,0,2024-04-04T21:23:14Z,2024-04-04T21:23:14Z
Ugz3L4NqETPTCpslbA54AaABAg,,False,@nicodenicole,"doyoung tiene una de las voces más hermosas que escuche en mi vida, ya no puedo esperar a que salga el album. 💚💚💚💚",0,2024-04-04T21:23:10Z,2024-04-04T21:23:10Z
Ugx0p5IeMF5kp8IbWbR4AaABAg,,False,@kdowife_0201,"도영이의 청춘을 들려줘서 고마워 도영아
내 청춘에도 항상 도영이가 있고 함께 할 수 있게 해줘서 고마워",0,2024-04-04T21:22:52Z,2024-04-04T21:22:52Z
UgxS-LYj1dHIRUdIRFV4AaABAg,,False,@i.am.10vely,Beautiful,0,2024-04-04T21:20:26Z,2024-04-04T21:20:26Z
UgxJhwGHoBGuXH-FDvV4AaABAg,,False,@gaffurkupkup1529,abi videolarınızı çok seviyorum nolursun adımı okurmusun abi bide babam geçen bana futbol topu almıştı top patladıda babam patladığını görürse beni fena döver nolursun bana futbol topu parası yollarmısın,0,2024-04-04T21:20:10Z,2024-04-04T21:20:10Z
UgyJf48w8iZA148JNMx4AaABAg,,False,@waa9107,"the concept, the visual, the vocal, and the cinematography are INSANEEEE",19,2024-04-04T21:19:49Z,2024-04-04T21:19:49Z
UgznhWL6VI3tCZ0Nn1t4AaABAg,,False,@carmen-fresa,im gonna cry i cant belive dolo is finally real !!!!!! i cant wait !!!! he sounds so good !,0,2024-04-04T21:19:37Z,2024-04-04T21:19:37Z
UgyFoKZesgxxRy--Ysp4AaABAg,,False,@xiao_xiaoneocity3486,Youth with you Mr D,0,2024-04-04T21:19:00Z,2024-04-04T21:19:00Z
Ugw9sDy07TUadk7SyTR4AaABAg,,False,@Peachybunny377,SENENG BANGET AKHIRNYAAAAA😭😭,0,2024-04-04T21:17:29Z,2024-04-04T21:17:29Z
UgwajtgXZJNPSbIuST54AaABAg,,False,@waa9107,so magical! 💙,0,2024-04-04T21:17:04Z,2024-04-04T21:17:04Z
UgxhfNGV4iSYHzlTdqF4AaABAg,,False,@Yo_dream_forever7,Fighting!,0,2024-04-04T21:16:23Z,2024-04-04T21:16:23Z
UgwRkEvZMYaF8VoHLB94AaABAg,,False,@fromalittlewave,it sounds so pretty and the visuals are soo pretty too,0,2024-04-04T21:15:56Z,2024-04-04T21:15:56Z
UgxzMnCdFc3A81pZsWd4AaABAg,,False,@kdy323,Lets give doyoung love and stream this a lot,0,2024-04-04T21:15:25Z,2024-04-04T21:15:25Z
Ugws5pApaXV2y25kW4J4AaABAg,,False,@kdy323,And this is just the introo,0,2024-04-04T21:15:10Z,2024-04-04T21:15:10Z
Ugw2FMfZTrEWjUCCGkB4AaABAg,,False,@girlgal123,This is so beautiful. His voice is so powerful and beautiful.,0,2024-04-04T21:15:00Z,2024-04-04T21:15:00Z
UgzQe_73remYjZ-ibop4AaABAg,,False,@kdy323,Doyoungs voice is magic,0,2024-04-04T21:14:58Z,2024-04-04T21:14:58Z
Ugw5JxE-1s46RRZWXLl4AaABAg,,False,@kdy323,Lets give it at least 100k in the first day,0,2024-04-04T21:14:39Z,2024-04-04T21:14:45Z
Ugzcd5vXuAIo2pfIEz94AaABAg,,False,@dillawahyuningsih9295,Semangat abang doy,0,2024-04-04T21:14:37Z,2024-04-04T21:14:37Z
UgxpdBM5KaMGYENzeFB4AaABAg,,False,@MissGladiolus,"Oh my, congrats for your solo debut 🎉",0,2024-04-04T21:14:36Z,2024-04-04T21:14:36Z
UgxnLNu6qQZ0Ya3_ash4AaABAg,,False,@kufitarahmahfauziah3360,This is sooo beautiful ❤,0,2024-04-04T21:14:03Z,2024-04-04T21:14:03Z
UgyDyHJJY9_Nyj5Q7hZ4AaABAg,,False,@camilanavarro4745,"It's giving Little mermaid, i'm here for that",0,2024-04-04T21:12:48Z,2024-04-04T21:12:48Z
UgyEZLf4mpezbuPMnJx4AaABAg,,False,@Dn6f,도진심 사랑해💚,0,2024-04-04T21:10:11Z,2024-04-04T21:10:11Z
UgzuYzcLEKAusYjbdPR4AaABAg,,False,@chantelmaime4415,Pretty beautiful ethereal majestic utopia everything all in one💚💚💚 me shedding tears of joy love and appreciation to such a talented soul,0,2024-04-04T21:08:42Z,2024-04-04T21:08:42Z
UgwiefQHJ2NOd002OnZ4AaABAg,,False,@johannandrej8781,So beautiful!!!!!!!!! Doyoung will teach the whole industry how to be a masterpiece ❤❤❤❤❤❤❤,1,2024-04-04T21:07:33Z,2024-04-04T21:07:33Z
UgwdWx90O--AGm4Tr614AaABAg,,False,@doyamond,beautiful voice and beautiful face ❤,1,2024-04-04T21:04:44Z,2024-04-04T21:04:44Z
Ugy8qnBy5ECzn0KaGVl4AaABAg,,False,@bunnydoie,❤❤❤❤,1,2024-04-04T21:04:04Z,2024-04-04T21:04:04Z
Ugz-BsPLQyfMwDGaZsJ4AaABAg,,False,@Jakeekc,"Oh my god doyoung, this is going to be amazing 💗💗💗💗💗💗✨",1,2024-04-04T21:03:09Z,2024-04-04T21:03:09Z
Ugzf-1TvX52kP45bWq14AaABAg,,False,@Jakeekc,😭😭😭😭💗💗💗💗,1,2024-04-04T21:02:20Z,2024-04-04T21:02:20Z
UgzZxEr9k16nZ47uZqB4AaABAg,,False,@LEE-r6d,"진짜 도영이는 도영이다
그게 누구와도 견줄 수 없는 장점이야",3,2024-04-04T21:01:44Z,2024-04-04T21:01:44Z
Ugzgbg4WiCBXle_cAJF4AaABAg,,False,@IndahIsmatuzzahro,너무 멋있어 이걸 보면 아무 말도 할 수 없어,2,2024-04-04T20:59:58Z,2024-04-04T20:59:58Z
UgzJyrepcxVJfld93H54AaABAg,,False,@mydearsnoopy,VERY PROUD AND EXCITED 🩵🩵,1,2024-04-04T20:57:27Z,2024-04-04T20:57:27Z
Ugz5Om_himJR-72kaEN4AaABAg,,False,@zhaoru,i'm so excited to hear the full song omg this sounds great already,1,2024-04-04T20:55:37Z,2024-04-04T20:55:37Z
Ugxd9Ad2ax-Pz6KxVyZ4AaABAg,,False,@emma3743,"I can’t wait, and I love you Doyoung.",1,2024-04-04T20:53:22Z,2024-04-04T20:53:22Z
UgxvYnOUrnU6iuU6EVl4AaABAg,,False,@jelienafendi7810,SOLOIST DOYOUNG OMGGGG,1,2024-04-04T20:52:52Z,2024-04-04T20:52:52Z
Ugx6s_IRHNzJNQjK-a54AaABAg,,False,@juikyn,아니 진짜 미쳤다 와..,1,2024-04-04T20:52:29Z,2024-04-04T20:52:29Z
Ugy1oLNkLZ0I4DipHiV4AaABAg,,False,@Sarah-wf3xv,omg dolo lets gooooo,1,2024-04-04T20:52:13Z,2024-04-04T20:52:13Z
UgwPfSrBNL5bXAvJ9bZ4AaABAg,,False,@Trzbne,A WHOLE album? Really? Do we have recently Christmas in April??,1,2024-04-04T20:51:37Z,2024-04-04T20:51:37Z
UgwbMJaSCuSNiu_Si_x4AaABAg,,False,@d.okyungsoo3108,Bagus banget konsepnya,1,2024-04-04T20:49:35Z,2024-04-04T20:49:35Z
Ugw2exPEz0CRD4pnBmV4AaABAg,,False,@bpuu8885,หนูเปลี่ยนสปีชีได้ไหมคะ คือหนูเป็นนาคอยากกลายเป็นเงือกค่ะ อยู่แต่น้ำโขงอยากลงน้ำเค็มไปเจอพี่สุดหล่อคนนี้ได้บ่,1,2024-04-04T20:48:05Z,2024-04-04T20:48:05Z
UgwXEmxY8RjGDfqSte94AaABAg,,False,@bellovebya4661,Fighting doyoung 💙,1,2024-04-04T20:46:56Z,2024-04-04T20:46:56Z
UgwORkqaLS0QmPxqF5V4AaABAg,,False,@kang4595,you're amazing doyoung.  you have already exceeded my expectations.,1,2024-04-04T20:45:40Z,2024-04-04T20:45:40Z
UgyT_EQW2vX2BFuUK6V4AaABAg,,False,@vivianh.3713,i am so excited you don’t understand i’ve been WAITING for this,1,2024-04-04T20:40:07Z,2024-04-04T20:40:07Z
UgwAmp90NEDpRYjcuoN4AaABAg,,False,@tokyogyul,어이가 없네. 도영아… 미치겠다,2,2024-04-04T20:39:58Z,2024-04-04T20:39:58Z
UgwDhXfAP1YnlL6G0pl4AaABAg,,False,@Adrianaa25,INCREIBLEEEEEEE,1,2024-04-04T20:38:24Z,2024-04-04T20:38:24Z
UgwahV017sP1PMaMrOJ4AaABAg,,False,@dessynurfitriani6051,🩵🩵🩵🩵🩵,1,2024-04-04T20:37:01Z,2024-04-04T20:37:01Z
UgxErb4uhLgvlVQMqxp4AaABAg,,False,@Onlyluvneo,도영이랑 청춘을 함께 지나고있다는게 너무 행복해서 눈물나..ㅠ🩵,5,2024-04-04T20:34:57Z,2024-04-04T20:34:57Z
UgzRgv6_wNatECADanZ4AaABAg,,False,@darin2041,"고마워. 너무 많은 것을 기대하는 건 아닐까, 너무 큰 진심을 바라는 건 아닐까 계속 어떤 앨범이더라도 너를 응원하고 앨범을 온전히 사랑하겠다고 마음먹었는데 너무나 감사하게도, 이런 우려가 다 사라지게 하는 가장 완벽한 앨범을 만들어줘서. 지난 나의 못난 생각을 덮어주었어.
정말 감사합니다. 당신이 가득 담긴 앨범을 만들어주어서 감사합니다.",4,2024-04-04T20:32:16Z,2024-04-04T20:32:16Z
UgyohJzMe0siy1DUgRZ4AaABAg,,False,@rffs07,"This gives off Disney's Little Mermaid vibes, whereas the song and his own description of the songs sound more like Onew's Circle album, but somehow it all feels Doyoung still. So excited for his music, I really hope it's not just all ballads the way SM prefers to give to  their main vocals, because DY can totally pull pop genre songs well, as well as Taemin-like sexy concepts",4,2024-04-04T20:32:03Z,2024-04-04T20:32:03Z
Ugyu0W3fWejm_r_b_V14AaABAg,,False,@eriyanist,"정말 멋져요! 도영아 네가 너무 자랑스러워, 열심히 해줘서 고마워! 아주 좋은 결과였어요.",2,2024-04-04T20:31:41Z,2024-04-04T20:31:41Z
Ugzu4CNm_WEP8QUXUVh4AaABAg,,False,@yonoohihicat,The visuals are stunning and the music and his voice sounds amazing 😍,1,2024-04-04T20:30:46Z,2024-04-04T20:30:46Z
UgxeML6lCX3nVo_48jl4AaABAg,,False,@DoKeMiD0,"Wow this is so beautiful, the colors, the melody and not to mention Doyoung's voice. Simply splendid. Words fall short, this represents Doyoung  🐰💚💚💚",3,2024-04-04T20:29:35Z,2024-04-04T20:30:03Z
UgyTGaW2NOnKlRyT1o14AaABAg,,False,@loveamia1319,"This sounds like an Anime OST, this is so cool! I love DY powerful vocals 💚💚",2,2024-04-04T20:27:26Z,2024-04-04T20:27:26Z
UgyVwHdAUfhUkmjj04p4AaABAg,,False,@funekimidori4803,どよちのイノセントな良さが活きる素敵なmvで、ますます期待が膨らみます… 楽しみにしてます！,2,2024-04-04T20:27:02Z,2024-04-04T20:27:02Z
UgzvK2QDMAnROSwNFEJ4AaABAg,,False,@imhidingfromakira_,"hes so majestic i love him 😭 
so excited for his solo album !!",1,2024-04-04T20:24:52Z,2024-04-04T20:24:52Z
UgwF9dUWnyibb9Odz9B4AaABAg,,False,@butterflai_,Underwater~ lol are we mermaid? ;),2,2024-04-04T20:24:35Z,2024-04-04T20:24:35Z
Ugw5HpUlUpAXT591BRt4AaABAg,,False,@kpopgirls5904,Aaa saya telah lama menantikan ini semoga ini tahun yang berkah untuk doyoung Solo🥳🥳🥳,2,2024-04-04T20:24:33Z,2024-04-04T20:24:33Z
UgyUaLvhq6aGx0bPSmt4AaABAg,,False,@아름-k3b,도영이의 청춘의 포말🥹💚,2,2024-04-04T20:24:05Z,2024-04-04T20:24:05Z
Ugzc6uvJfh-EzCCAhrl4AaABAg,,False,@zzungwoo_0219,도영이 그 자체 아니냐교,1,2024-04-04T20:21:22Z,2024-04-04T20:21:22Z
Ugy3s9QFDixGfc2kqER4AaABAg,,False,@Shadowofywan,"Our Doyoung I'm so happy for you, I'm really waiting for you album, I'm so proud of you💙😭",1,2024-04-04T20:20:36Z,2024-04-04T20:20:36Z
UgyWCTo7YFV8K8Fxa9F4AaABAg,,False,@nurungzi719,하고 싶은 노래를 하는 게 얼마나 멋진 일인지.. 용기 있고 뚝심 있는 모습이 넘 좋다,2,2024-04-04T20:20:22Z,2024-04-04T20:20:22Z
UgyTui8c2-d9mg64Pxh4AaABAg,,False,@dojaetyy3373,壮大で優しくて私の心が浄化されます🍀✨,2,2024-04-04T20:19:15Z,2024-04-04T20:19:15Z
Ugz--33_E02vJFGA4Hh4AaABAg,,False,@CLAIRM0NT,minha sereia favorita,1,2024-04-04T20:17:02Z,2024-04-04T20:17:02Z
Ugycwn2cjd9IyRBuHDh4AaABAg,,False,@liahzakiah6748,💚🤗,0,2024-04-04T20:16:21Z,2024-04-04T20:16:21Z
Ugxs0m3ZytIBG7__UTV4AaABAg,,False,@DEARMYBUNNY0201,이 노래와함께라면 뭐든 새로 시작할수있을거같아 용기를 주는 노래야 🩵,1,2024-04-04T20:16:15Z,2024-04-04T20:16:15Z
Ugz4NZmalOveecItml94AaABAg,,False,@soulhoon,IM CRYING,1,2024-04-04T20:15:56Z,2024-04-04T20:15:56Z
UgwGdUa-QT2RPl8lYd54AaABAg,,False,@ejk6222,"도영아 위로가 되는
노래를 불러줘서 고마워",2,2024-04-04T20:15:10Z,2024-04-04T20:15:39Z
Ugwti19tuxxS8Lc79at4AaABAg,,False,@samoyeddd,왕자님!!!!!!!!,1,2024-04-04T20:13:16Z,2024-04-04T20:13:16Z
Ugy4kD3vO1NZ_DYWo0V4AaABAg,,False,@suwuiwks,🥹,1,2024-04-04T20:13:02Z,2024-04-04T20:13:02Z
Ugxg-DXdNiZNBnYeVNZ4AaABAg,,False,@halwalulu2957,"네 동생은 정말 멋있어, 정신 차려, 난 너를 완전히 사랑하기 위해 여기 있어 ❤❤❤",1,2024-04-04T20:11:09Z,2024-04-04T20:11:09Z
UgzYNZpjzVrMSXPkpc94AaABAg,,False,@shotaron2152,Fighting,1,2024-04-04T20:10:39Z,2024-04-04T20:10:39Z
UgzzpYSqHx5umeD4DXt4AaABAg,,False,@sak7sa,"doyoungie, i love you, fighting!! 🤍",1,2024-04-04T20:09:06Z,2024-04-04T20:09:06Z
UgxH6VGMqk4mbS_5TxN4AaABAg,,False,@Alex_Traduz,*Frutiger Aero aesthetic is back* 🫧🐠🩵,2,2024-04-04T20:09:00Z,2024-04-04T20:09:00Z
UgzjduukTRywqOLzJwR4AaABAg,,False,@sintiambb3841,"Pero esto es tan hermoso, me siento una princesa de Disney",1,2024-04-04T20:08:56Z,2024-04-04T20:08:56Z
UgyHZwLgXScLV9oWm514AaABAg,,False,@오오-c3g7q,김도영 멋잇네,1,2024-04-04T20:07:22Z,2024-04-04T20:07:22Z
UgyBVFkRnCDPUPML6D94AaABAg,,False,@maria-py5kj,"esto es tan doyoung, ya quiero que llegue el dia y escuchar esas hermosas canciones T T",1,2024-04-04T20:07:01Z,2024-04-04T20:07:01Z
Ugw6_rE8eoQGsCF3FKx4AaABAg,,False,@yasmimp4,Wishing the best for soloist Doyoung,1,2024-04-04T19:59:39Z,2024-04-04T19:59:39Z
UgwU4Yu9ueHcT6t_EJN4AaABAg,,False,@lesmandarinpanboo,"So cool, really like film ost🎉",1,2024-04-04T19:58:20Z,2024-04-04T19:58:20Z
Ugx6fgdBREAk2YgyaIF4AaABAg,,False,@bunnist,"this is the best concept you could choose doyoung, i'm so proud of you, please listen to his solo album this April 22  💗",1,2024-04-04T19:56:01Z,2024-04-04T19:57:03Z
UgwuPn8ijqV0XH8w8r54AaABAg,,False,@エレクトロあめんぼ,ドヨンさんソロおめでとう、幸せをいつもありがとう、このアルバムを愛します,2,2024-04-04T19:55:33Z,2024-04-04T19:55:33Z
UgzsggL4Oc00GsouBlV4AaABAg,,False,@이핑핑-j8j,물의 요정 같은 도영아 4월 마다 행복을 선물해줘서 고마워💚 요즘 취준 때문에 힘들었는데 위로가 돼 도영이가 불러주는 노래처럼 나에게도 새봄이 찾아왔으면 좋겠다ㅎㅎ 도영이의 진심이 꾹꾹 담긴 솔로 앨범 기대할게 화이팅☺️,2,2024-04-04T19:55:27Z,2024-04-05T10:26:30Z
UgxVn-mL3OpS9Zgo-NV4AaABAg,,False,@birzadayana,keren❤,1,2024-04-04T19:55:17Z,2024-04-04T19:55:17Z
UgwjYBsHNJVzUMoDyFx4AaABAg,,False,@jjbjsskt,Проснулась и улыбнулась ❤,1,2024-04-04T19:54:41Z,2024-04-04T19:54:41Z
Ugw6l9aw6KC0BGY5CUZ4AaABAg,,False,@RijwaFauziah,Wow sangat indah dan gak tau kenapa mendengarnya/ngeliatnya aku terharu,1,2024-04-04T19:53:19Z,2024-04-04T19:53:19Z
UgxVrvbNU1WIXiH3Qrd4AaABAg,,False,@lulucylulu4980,와 ❤ 앨범이 저의 생일날에 나오거든요… 평생 이것보다 멋진 선물 받을 수 있을가? 라는 생각이 들 정도로 좋아요,7,2024-04-04T19:52:58Z,2024-04-04T19:52:58Z
UgyFo7qstcVw3uBAhBJ4AaABAg,,False,@zlabtorry,Bang Doy lg di kwangya,1,2024-04-04T19:51:30Z,2024-04-04T19:51:30Z
Ugx3F3pGiqr_WHs4GE94AaABAg,,False,@bellahadidiswearonhawktuah,SING HO,1,2024-04-04T19:50:47Z,2024-04-04T19:50:47Z
UgxJzb2iRtLvTktlsa94AaABAg,,False,@kingnanas8960,Doyoung lebih dari layak untuk mendapatkan album pertama penuh,1,2024-04-04T19:50:13Z,2024-04-04T19:50:13Z
UgyldRrBdR8Eq9BCBNp4AaABAg,,False,@rohcakep2901,"Kim Doyoung is a masterpiece in itself, amazing talent, amazing voice, doyoung I will always support you",4,2024-04-04T19:49:06Z,2024-04-04T19:49:06Z
UgweW97pW7MAa3mBh0d4AaABAg,,False,@titiphor,C'est vraiment beau 😊🥰🥰🥰🥰,1,2024-04-04T19:48:01Z,2024-04-04T19:48:01Z
UgxhAeHeIamNF3N3E5N4AaABAg,,False,@_hope_0109,내 청춘은 바로 도영이야ㅠㅠ 도영이가 확신을 가진 노래 그 노래하는 도영이를 응원할 수 있어서 너무 행복해 온세상을 가득 힘차게 노래하는 앞으로 온세상 가득 울려퍼질 도영이를 아주 많이 응원해,1,2024-04-04T19:47:24Z,2024-04-04T19:47:24Z
Ugw4bLozQNlrNXEkNWB4AaABAg,,False,@goyoung4388,"Everything in this video is very beautiful, beautiful sound, beautiful visuals, beautiful song, beautiful scenery",8,2024-04-04T19:47:02Z,2024-04-04T19:47:02Z
UgwiGbUYVy9T8uq_sWp4AaABAg,,False,@fera12812,The concept really look so dreamy and aesthetic.. really2 like it,2,2024-04-04T19:46:44Z,2024-04-04T19:46:44Z
Ugy9nnvW901T33seCpp4AaABAg,,False,@DonnaMichelleLocker,It is good for you! ❤,2,2024-04-04T19:42:04Z,2024-04-04T19:42:04Z
UgyxOLiaRZs71BYxTwd4AaABAg,,False,@kimmimi6573,Dolo sukses besar aminnnnn,1,2024-04-04T19:40:27Z,2024-04-04T19:40:27Z
Ugz5-MPrJxT9P1acH8N4AaABAg,,False,@boby442,OMG doyoung voice so amazing,1,2024-04-04T19:38:39Z,2024-04-04T19:38:39Z
UgwRDMPm5P-YmX43m5Z4AaABAg,,False,@laurenmiller149,I have goosebumps and it's only the freaking trailer!?!? we're so blessed to have dy's solo soon 😭💚,1,2024-04-04T19:38:19Z,2024-04-04T19:38:19Z
Ugyf4sorxh4hJIO9A2R4AaABAg,,False,@seemafhd6426,راح تصير اسطوريه👏🏻👏🏻❤️‍🔥❤️‍🔥😭😭💖💘,1,2024-04-04T19:38:05Z,2024-04-04T19:38:05Z
UgwSUtnypwPspGbKVk54AaABAg,,False,@embistan2776,Doyoung voice so amazing,1,2024-04-04T19:37:18Z,2024-04-04T19:37:18Z
Ugzd8HLr3erIQ7IOavx4AaABAg,,False,@ternakakunn8945,"Dolo sukses besar aminnnnn
Banyak yang suka lagunya",1,2024-04-04T19:35:28Z,2024-04-04T19:35:28Z
UgxmI1uwTC_Jj_UuNbx4AaABAg,,False,@최아랑-x7w,김도영 덕질 8년동안 이렇게 도영이 목소리에 찰떡콩떡인 좋은 노래 들어본적 없습니다 사랑해요 ㅠㅜㅠㅜㅠㅜ,54,2024-04-04T19:34:24Z,2024-04-04T19:34:24Z
Ugzg8atlGlcdEGG8czZ4AaABAg,,False,@promeleng_m,Thank God SM is giving ud an album 😍😍😍😍🥰🥰🥰🥰🥰🥰🥰🥰🥰🥰🥰💚💚💚💚💚💚💚💚,1,2024-04-04T19:34:23Z,2024-04-04T19:34:23Z
UgxJNcQgqMu8oq_HgN54AaABAg,,False,@promeleng_m,If he don’t belt out PART OF YOUR WORLD imma sue,1,2024-04-04T19:33:32Z,2024-04-04T19:33:32Z
UgxDpR3sdnVhcrbaOVR4AaABAg,,False,@최아랑-x7w,이전부터 알고있었지만 뮤지컬해줬을때부터 도영이 목소리를 한 공간 가득 듣는게 너무 행복하고 가슴벅찬일이라는걸 엄청 생각했는데 도영이만으로 꽉찬 노래를 들을 수 있어서 행복해 진짜 콘서트 내자리 제발 남겨주세요,1,2024-04-04T19:33:21Z,2024-04-04T19:33:21Z
Ugz3rYT3fs5JH1d6D3t4AaABAg,,False,@ternakakunn8945,Doyoung look so beautiful,2,2024-04-04T19:33:11Z,2024-04-04T19:33:11Z
UgwiRcG_d-2kqU39DAN4AaABAg,,False,@kualigosong2709,Doyoung voice so amazing,2,2024-04-04T19:31:05Z,2024-04-04T19:31:05Z
UgyEbYN2B00tIqxWfzF4AaABAg,,False,@jacksantos1840,Como esperado.. Kim Doyoung 💚💚,1,2024-04-04T19:27:10Z,2024-04-04T19:27:10Z
UgyvpDL0B46GFwHi5qN4AaABAg,,False,@최아랑-x7w,원래 좋은노래들으면 이렇게 벅차고 눈물나고 심장이 아픈거임? 이 새벽에 뛰쳐나가서 도영이와 바다를 보고싶어지는거임??,1,2024-04-04T19:26:41Z,2024-04-04T19:26:41Z
Ugxyo3rsbUR3lt76iuN4AaABAg,,False,@최아랑-x7w,도영이를 좋아하는 이유를 이렇게 보여줘서 너무 고마워,1,2024-04-04T19:25:42Z,2024-04-04T19:25:42Z
UgzbO9QaPZK8hUVWjFB4AaABAg,,False,@saraa127_,CAN'T WAIT,1,2024-04-04T19:25:19Z,2024-04-04T19:25:19Z
UgxxtayiaeGN2Rognsh4AaABAg,,False,@kang4595,it's perfection!,1,2024-04-04T19:25:12Z,2024-04-04T19:25:12Z
UgzyVKCENMsHmXTJ-2t4AaABAg,,False,@user-nk7px5xv4z,Doyoung voice so amazing,0,2024-04-04T19:25:07Z,2024-04-04T19:25:07Z
UgwpjCt4AM1kIYcvy4t4AaABAg,,False,@최아랑-x7w,진짜 사랑해 도영아,1,2024-04-04T19:25:03Z,2024-04-04T19:25:03Z
UgxfrC8NvNQhI4orLFN4AaABAg,,False,@javierapazgb,난 평생 기다려왔어,1,2024-04-04T19:24:06Z,2024-04-04T19:24:06Z
UgwVJ8sUD62WaKRGPWN4AaABAg,,False,@emz33,This looks absolutely beautiful! I’m so happy that Doyoung gets to showcase his spectacular voice like this 🥹❤️,0,2024-04-04T19:23:15Z,2024-04-04T19:23:15Z
UgwHCrk_pImvpEoIGFp4AaABAg,,False,@loove9730,Dolo sukses besar aminnnnn,0,2024-04-04T19:22:39Z,2024-04-04T19:22:39Z
UgxQfKMW7pX48fXrb0R4AaABAg,,False,@loove9730,Doyoung so beautiful,0,2024-04-04T19:22:26Z,2024-04-04T19:22:26Z
UgwSuV0xDcZLtLqS95J4AaABAg,,False,@loove9730,Doyoung voice so amazing,0,2024-04-04T19:22:12Z,2024-04-04T19:22:12Z
Ugy3owDlGjD2fTrcAO54AaABAg,,False,@우-m8n2n,수백번 들었는데 들을 때마다 눈물이 남...🥲,1,2024-04-04T19:21:46Z,2024-04-04T19:21:46Z
UgwmV38pSLSACjCGhrd4AaABAg,,False,@stanhwasaa,slay babe,0,2024-04-04T19:21:37Z,2024-04-04T19:21:37Z
UgyB_c6wMGzPcN7thAZ4AaABAg,,False,@brieyongco,❤❤KINGGGGGGGGGGGGGG!!!!!!!,0,2024-04-04T19:21:23Z,2024-04-04T19:21:23Z
UgwPEj7lDK8VyoGqjHl4AaABAg,,False,@javierapazgb,I've been waiting all my life for this,0,2024-04-04T19:19:35Z,2024-04-04T19:19:35Z
Ugz5EysnAJ4JtZIAdFJ4AaABAg,,False,@javierapazgb,principeee,0,2024-04-04T19:18:47Z,2024-04-04T19:18:47Z
Ugw6qZltLhPLv0e_b9B4AaABAg,,False,@Doyoung_x96,사랑해 도영아 항상 응원한다 정말로 사녹도 빨리ㅜ가고싶다아ㅠㅠㅠ,1,2024-04-04T19:17:49Z,2024-04-04T19:17:49Z
Ugx8B_i__fZpQWVLtwd4AaABAg,,False,@bluehour0115,벅차오른다. 어서 빨리 이 노래를 들으면서 하루를 힘차게 시작하고 싶어요🥺,1,2024-04-04T19:17:12Z,2024-04-04T19:17:12Z
UgwmZGlKx_wRQcQHd3p4AaABAg,,False,@二ハ-x3f,どよちの声で10曲も聞けるなんて幸せです、ずっと待ってたソロアルバムおめでとう🩵💙,1,2024-04-04T19:15:58Z,2024-04-04T19:15:58Z
UgzWNTgXwwkBP8g7I3h4AaABAg,,False,@auliaputrii6023,김도영 <3,0,2024-04-04T19:14:29Z,2024-04-04T19:14:29Z
UgwWwk5cwsSYAtrBTNt4AaABAg,,False,@yellow_3to3m,It sounds beautiful 😭,0,2024-04-04T19:14:28Z,2024-04-04T19:14:28Z
UgzFtNriazIgQvp65l54AaABAg,,False,@Aentumn_1217,Now this is called ART!,1,2024-04-04T19:14:21Z,2024-04-04T19:14:21Z
UgyMee_tIPPWTPIleZN4AaABAg,,False,@BLUEBLUE_,"한결같이 우리를 위해 노래한다던 도영이의 이야기를
이번에도 귀 쫑긋 세우고 앨범 들을게. 
솔로 앨범 정말 축하해
도영이를 좋아해서 정말 행복해
도영아 내 청춘이 되어줘서 정말 고마워",1,2024-04-04T19:14:05Z,2024-04-04T19:14:05Z
UgwRYTtXhU6ukpV7lDd4AaABAg,,False,@youngandbeutifull,"seperti film film disney, so proud of you kim doyoung💗💗💗",0,2024-04-04T19:13:21Z,2024-04-04T19:13:21Z
UgyoLhlB8jBfpFX1sPl4AaABAg,,False,@mxrxsxthxvxxchxt7330,ดีมากเก่งมากเพราะมากทำถึงสุดๆคับลูก👏🏻✨🩵,0,2024-04-04T19:12:50Z,2024-04-04T19:12:50Z
UgzSL0QqCYMVHjuRuBx4AaABAg,,False,@Lelieo,Nct members getting the budget and solos they deserve 👏🏼,0,2024-04-04T19:12:21Z,2024-04-04T19:12:28Z
UgwEaLGY8efDKCsZvKB4AaABAg,,False,@kpopperfanmulti,Lindo,0,2024-04-04T19:11:50Z,2024-04-04T19:11:50Z
UgxYym850AjJwUwvRJx4AaABAg,,False,@롤링마요,듣자마자 첫 솔로앨범이 명반으로 불리게될것으로 느꼈다ㅠ 어쩜 노래가 이렇게 청량하고 부드럽고 힘차게 느껴질까ㅠㅠ 너무 기대돼ㅠㅠㅠ,329,2024-04-04T19:11:41Z,2024-04-04T19:11:41Z
Ugw7huvvmjRhchX6Vx54AaABAg,,False,@mariajoseduquesuarez1461,Muy emocionadaaa,0,2024-04-04T19:11:31Z,2024-04-04T19:11:31Z
UgznB8hHY-7Xv06mpB54AaABAg,,False,@MyWayV-tz1ip,"Cada miembro de NCT es tan único, estoy tan emocionada T_T",0,2024-04-04T19:11:26Z,2024-04-04T19:11:26Z
Ugx10yyN0UBpljJ_ulR4AaABAg,,False,@nct-seventeen_enhypen,🐰🐰🐰💚💚💚🎉🎉🎉,0,2024-04-04T19:11:20Z,2024-04-04T19:11:20Z
Ugw1n2x52z6wPFVvcIp4AaABAg,,False,@ayudheanp6900,This is so prettyy 🥺🥺🥺🥺,0,2024-04-04T19:10:20Z,2024-04-04T19:10:20Z
UgyWpKBVW2Klxnx-czB4AaABAg,,False,@sidong3745,김도영.....너무좋아진짜,1,2024-04-04T19:10:14Z,2024-04-04T19:10:14Z
Ugx5mlgCNsxcLVAppc54AaABAg,,False,@bbtanyaa,"Doyoung you did so well , I’m so proud of you my love <3",0,2024-04-04T19:07:33Z,2024-04-04T19:07:33Z
UgxbCPpXfbvy8kN26Tx4AaABAg,,False,@yayanaaa,"So beautiful, I'm in love",1,2024-04-04T19:07:10Z,2024-04-04T19:07:10Z
Ugy8abBvyNDp5qS8Yal4AaABAg,,False,@OleLee,"Какая красота...Несомненно, это будет нечто грандиозное!
ЖДЁМ!!!❤‍🔥",0,2024-04-04T19:06:06Z,2024-04-04T19:06:06Z
UgwNZnyXQ8kxmhY4-Ht4AaABAg,,False,@H_n5545,I was creative🎀🌷,0,2024-04-04T19:05:32Z,2024-04-04T19:05:32Z
UgzaPXo-ag5cCux3mmd4AaABAg,,False,@sofiagalichanina5292,"It’s so beautiful, finally our Doyoung get solo, he deserves",1,2024-04-04T19:05:16Z,2024-04-04T19:05:16Z
UgyHqNpbO2_b7b-Jk6Z4AaABAg,,False,@STAY-CLOSE-ZEROSE,도영이 솔로데뷔하는지 알려주세요,0,2024-04-04T19:04:59Z,2024-04-04T19:04:59Z
UgzFyZAcngab2zyUhZB4AaABAg,,False,@최아랑-x7w,영상이 안끝나요,0,2024-04-04T19:04:14Z,2024-04-04T19:04:14Z
UgwY-aQnXthNEhnpznt4AaABAg,,False,@ls88tth59,도영이의 축복이 끝이없다 ♥,1,2024-04-04T19:02:41Z,2024-04-04T19:02:41Z
UgwreUVpL8gxIQzreYF4AaABAg,,False,@goingcrazy7571,Doyoung's voice = heaven,1,2024-04-04T19:01:33Z,2024-04-04T19:01:33Z
UgxBiltkC40sxLqLagR4AaABAg,,False,@문지수-t4g,내취향 개 꽂았다 .. 하 …. 눈물나ㄹ거같에 ….ㅜㅜ,1,2024-04-04T19:01:11Z,2024-04-04T19:01:11Z
Ugz758W4LJwsgZsqNrN4AaABAg,,False,@alphazunitee,I hope Smini version of Doyoung 's album will be soon available <3,1,2024-04-04T18:58:48Z,2024-04-04T18:58:48Z
Ugx8Z00QbFfptjmZqyJ4AaABAg,,False,@stellaramz2178,"i remember when Taeyong said "" my friend is like glass. one wrong move and you can break u need to be careful "" 
he's so fragile here. but I know he is stronger than he seems.",1,2024-04-04T18:57:44Z,2024-04-04T18:57:44Z
Ugxth90lBoBnlxTFrLh4AaABAg,,False,@jbenja2106,I can’t wait 🥹,0,2024-04-04T18:57:31Z,2024-04-04T18:57:31Z
UgzEwb5MT-qorfEJ52d4AaABAg,,False,@gamtwilessgo,청량하면서도 웅장하고 아련하면서도 따뜻한게 도영이스럽다...🩵,10,2024-04-04T18:57:15Z,2024-04-04T18:57:15Z
UgzhaYnlpIuibQ2HBmN4AaABAg,,False,@naro_k,가수 도영이의 첫 앨범이 너무 기대되는 필름이다ㅠㅠㅠ 너무 좋다!,0,2024-04-04T18:55:44Z,2024-04-04T18:55:44Z
UgwfbFbMnQRNPv4_PwZ4AaABAg,,False,@giddyjae,WHAT THE FLUTE!??!?? IM CRYING,0,2024-04-04T18:55:21Z,2024-04-04T18:55:21Z
UgyZTYxQtnha49-tETN4AaABAg,,False,@Dolice-n3z,I am so happy that I know who Kim Doyoung is 🥹😭🤲🏻🩵,0,2024-04-04T18:53:49Z,2024-04-04T18:53:49Z
Ugy4hoCaix84PI20XJd4AaABAg,,False,@dianamckinley9898,"Как красивоооо, боже 😍
Доен, ты чудо! Удачи!",1,2024-04-04T18:52:48Z,2024-04-04T18:52:48Z
UgxVeQmRIJQkQ9kN5BF4AaABAg,,False,@wvxcosta7143,which anime is this from?,0,2024-04-04T18:52:40Z,2024-04-04T18:52:40Z
UgxfpiTVLNQBxJY7lmN4AaABAg,,False,@acamilat,i'm not crying you're crying lalalala ,0,2024-04-04T18:49:57Z,2024-04-04T18:49:57Z
UgxCq3YKFdWdtOpTPLl4AaABAg,,False,@nahxy,OMG MY MERMAID,0,2024-04-04T18:49:14Z,2024-04-04T18:49:14Z
UgyZ0Kdt-AfnOuMqVPB4AaABAg,,False,@さい-v2d,ドヨンさんの、声も歌も映像も表情も何もかもが綺麗。フルで聴いたら心が浄化されそうに綺麗。素敵ですね。何度も見たくなる！聴きたくなる！朝にも夜にも良さそうな雰囲気ですね。,0,2024-04-04T18:49:10Z,2024-04-04T18:49:10Z
Ugy_6V1rOuVUjPfDqQl4AaABAg,,False,@charmspeaker.mp4,Very Doyoung coded and I am here for it 🥺✨,0,2024-04-04T18:48:55Z,2024-04-04T18:48:55Z
UgzWouxF8uyfFj-8Z1R4AaABAg,,False,@김도영이,4센터 영상작업물 폼 미쳤다이,0,2024-04-04T18:48:28Z,2024-04-04T18:48:28Z
UgwcWOhQpbcBQxhY9jF4AaABAg,,False,@myfortressofbooks,It's way past midnight and I'm still here.,0,2024-04-04T18:48:28Z,2024-04-04T18:48:28Z
UgzlmEfC1Cpg_Zyo9154AaABAg,,False,@BLUEBLUE_,"이 노래 완전 내 취향 저격이라고 벌써 느낌 옴..... 
솔로 앨범 대박 난다....",53,2024-04-04T18:48:27Z,2024-04-04T18:48:27Z
UgyGGQy6qZrDtVCXP1J4AaABAg,,False,@fzzz632,목소리 너무 청량해 ㅠㅠ 전주 듣자마자 거의 디즈니 한편 보는 느낌이에요!!🥹,3,2024-04-04T18:47:58Z,2024-04-04T18:47:58Z
UgzENv9KztkEDJnqHl54AaABAg,,False,@kjwuw,Congratulations for your solo debut Doyoung ❤❤❤,0,2024-04-04T18:46:53Z,2024-04-04T18:46:53Z
Ugxn5g3dZHOmISO15kJ4AaABAg,,False,@reallylikereally4878,WHY AM I CRYING,0,2024-04-04T18:46:41Z,2024-04-04T18:46:41Z
UgyXvZkwU2ZcH4Bk3094AaABAg,,False,@mumoon51,รอดูเอ็มวีเลยค่ะ 🎉🎉🎉,0,2024-04-04T18:45:52Z,2024-04-04T18:45:52Z
UgxdEHrDYUY3P6v-gTt4AaABAg,,False,@mumoon51,มันดีมันหมดเลยยยยยย,0,2024-04-04T18:45:35Z,2024-04-04T18:45:35Z
Ugzw4MJ4dwVOhfRfudl4AaABAg,,False,@jkdggd,봄이다 청춘이고 우리다,1,2024-04-04T18:44:26Z,2024-04-04T18:44:26Z
UgzrWRfd7YfBWHOtWb94AaABAg,,False,@pinku._.3329,미쳤다... 김도영 개사랑해 진짜.. 이거에요ㅠㅠ 디즈니+청량 컨셉 너무 귀해 진짜 ....,146,2024-04-04T18:41:01Z,2024-04-04T18:41:01Z
UgyXEINqioHEloLR4D94AaABAg,,False,@뽀짝포챠코,"도영이를 사랑하는 내가 좋아
고마워 도영아
널 사랑하면서 날 사랑하는 법을 배웠어",2,2024-04-04T18:40:46Z,2024-04-04T18:40:46Z
UgwHeWBKMWW3fcqvpqJ4AaABAg,,False,@오오-c3g7q,아니 미치겟어 왤케 좋아 노래가 왤케 섬세해 왤케 도영이스러워 ㅠㅠ,1,2024-04-04T18:40:02Z,2024-04-04T18:40:02Z
UgwGfTMfGxiCzshPYc54AaABAg,,False,@mnm-7u,"부담감과 두려움을 이겨내고 솔로 가수로서 단단하게 성장할 도영이를 지켜볼 수 있어서 행복해
도영이가 그 누구보다도 노래를 사랑하고 노래에 진심인걸 알기에 앞으로 펼쳐질 도영이의 미래가 더더욱 기대돼
너의 청춘을 노래로 보여줘서 고맙고 나의 청춘이 되어줘서 고마워! 
앞으로 나에게 어떤 일이 있더라도 도영이를 응원하고 있을거라는 확신이 든다 오래오래 함께하자🤍",4,2024-04-04T18:38:44Z,2024-04-04T18:38:44Z
Ugxel8EI4y31moQisPN4AaABAg,,False,@alphazunitee,"The Intro Film reminds me so much of a beautiful song (million clouds, form my fave anime amanchu!). Doyoung's voice is so powerful like the stormy ocean and He is so beautiful like a pearl. His comeback will be perfect - I'm waiting with bated breath",2,2024-04-04T18:37:13Z,2024-04-04T18:37:13Z
UgwDzNTQOZl5mgL5CVF4AaABAg,,False,@user-dy201,도영이의 청춘을 온 마음다해 응원해🌊,2,2024-04-04T18:36:09Z,2024-04-04T18:36:09Z
UgyeMM_HktvIV2CyetB4AaABAg,,False,@ElenaR-u5z,Can’t wait for the album 🤍,0,2024-04-04T18:34:35Z,2024-04-04T18:34:35Z
Ugz1UOG10zXZ4v1Tz054AaABAg,,False,@wueeure,im so excited !!!!!❤❤❤,0,2024-04-04T18:34:20Z,2024-04-04T18:34:20Z
UgxjZlYJuU0pp7Wj7Lh4AaABAg,,False,@happypeeingdoyoung,B e s t  d e c i s i o n  S M  e v e r  m a d e,0,2024-04-04T18:33:49Z,2024-04-04T18:33:49Z
UgwfLZI-XREE3t-Mg9V4AaABAg,,False,@bunnibebie7331,도영이 최고야❤,1,2024-04-04T18:33:14Z,2024-04-04T18:33:14Z
UgwYedeXfTMXLtI1owx4AaABAg,,False,@happypeeingdoyoung,"I'M READY TO CRY, LEVITATE AND MAKE SOME BABIES",1,2024-04-04T18:33:03Z,2024-04-04T18:33:03Z
Ugy7zGfNXF95NdyPr1J4AaABAg,,False,@beth_hteb,😭💙,0,2024-04-04T18:32:59Z,2024-04-04T18:32:59Z
Ugx3dqpLwVMNeFC-3TR4AaABAg,,False,@user-usually09,"저 우주를 함께 날아갈 거야
온 세상을 가득 벅차게 노래할 거야
그 노랠 타고서 
내가 꿈꿔왔던 그곳에서 만나 너에게
새봄의 노래를",0,2024-04-04T18:32:51Z,2024-04-04T18:32:51Z
Ugy-CzHz9-BrZKp0ppt4AaABAg,,False,@nanahayakawa8214,Proud of you Kim Doyoung 💙,1,2024-04-04T18:31:33Z,2024-04-04T18:31:33Z
UgzMZ2vcOap9mJH9EhV4AaABAg,,False,@pinkbyeol1,"I love it already. Can't wait. It's so prettyyy, the video teaser and doyoung's voice. :')",1,2024-04-04T18:31:30Z,2024-04-04T18:31:30Z
UgzVib8arfUJzzlX24h4AaABAg,,False,@user-nd9xy9zp9j,"나는 오빠 덕분에 청춘을 보낼 수 있게 되었어
너무 지쳐서 모든 걸 포기하려고 했을 때 오빠가 부르는 노래를 듣고 일어서고 싶어졌거든 
오빠가 지금까지 불러준 노래들, 그리고 앞으로 불러줄 노래들을 계속 듣고 싶어서 나는 오늘도 살아내고 있어

그런데 마침 솔로 앨범이 나온다는 거 있지? 오빠의 노래 덕분에 용기를 얻자마자 오빠가 진심을 꾹꾹 눌러 담은 노래를 실컷 들을 수 있는 행운이 코앞에 펼쳐진다니 어떻게 예고도 없이 나타나서 이렇게 큰 행운을 가져다줄 수가 있는 거야? 

덕분에 요즘 행복으로 가득한 하루하루를 보내고 있어 
다시 일어날 용기를 가져다줘서 고맙다는 말을 꼭 전하고 싶은데 직접 전해 줄 수 있는 기회가 생길지 모르겠어서 이렇게 댓글을 남겨 
너무너무 고마워 나의 자랑 나의 행운 나의 행복🫶 
나를 행복하게 해준 만큼, 할 수 있다면 그것보다 더 많이 행복하길 바라 
아주 먼 미래에도 응원하고 있을게 우리 오래오래 함께하자
사랑해🩵🩵!!",4,2024-04-04T18:30:57Z,2024-04-04T18:30:57Z
UgxdM2DIJrnNFDipo194AaABAg,,False,@youngyoung-q8v,도영아 솔로 데뷔 축하해 덕분에 내 2024년 4월의 청춘도 정말 오래 기억에 남을 것 같아 제일 잘하는 거 제일 좋아하는 거 들고나와줘서 고마워 같이 열심히 달려보자 아자아자~~~~~~!!!,3,2024-04-04T18:30:56Z,2024-04-04T18:30:56Z
UgyP_1qk_d8SZH6hIsh4AaABAg,,False,@phs340021,"도영이의 청춘을 함께 할 수 있어 행복해🩵 
내 청춘에도 함께 해줘서 고마워",1,2024-04-04T18:30:55Z,2024-04-04T18:31:34Z
UgwseUakNpydv_r8rT54AaABAg,,False,@sh8600,인어완쟈님.....💚,2,2024-04-04T18:28:52Z,2024-04-04T18:28:52Z
UgyVueeq2PUyzmLCR_d4AaABAg,,False,@sh8600,우리 도영이 수고했다.,1,2024-04-04T18:28:18Z,2024-04-04T18:28:18Z
UgzQ7OEBcSh6JkYsyHR4AaABAg,,False,@sh8600,ㅠㅠㅠㅠㅠ뭐야 멜로디 눈물날 것 같음 나 파워 T인데 엥시리한텐 파워 F가 되.,2,2024-04-04T18:27:46Z,2024-04-04T18:27:54Z
Ugw4FTvbpTG9FTJSqWZ4AaABAg,,False,@Elena-cq4hk,"Im so excited, this is exactly what i was waiting for in Doyoung to relese💚 its absolutely beautiful, his voice really tocuhes you and makes you emotional and give you a feeling floating
Cant wait for the album💚💚",1,2024-04-04T18:27:30Z,2024-04-04T18:27:30Z
UgyDFKQHjf09_hH04U54AaABAg,,False,@ROSA-bj6xp,노래가 너무 좋다… 계속 듣는데도 너무 좋다 청량하고 저기 깊숙이에서 끌어올려지는 벅참이 느껴져ㅠㅠ 인간적으로 봄이 왔는데 새봄의 노래는 선공개 곡으로 먼저 맛보게 해줘야 하는 거 아닌지!!,6,2024-04-04T18:27:28Z,2024-04-04T18:27:28Z
UgzIydoYxRh74FbIUeh4AaABAg,,False,@is.jazm925,TE AMO MI VIDA,0,2024-04-04T18:27:12Z,2024-04-04T18:27:12Z
UgwRbV27OtNw3sAZITV4AaABAg,,False,@vardvarduhi,This is like a heartfelt anime OST✨✨so beautiful 🫧🫧,1,2024-04-04T18:26:27Z,2024-04-04T18:26:27Z
UgwGnd6b8NqRKj0ovVl4AaABAg,,False,@ganni_aa6060,เพราะตั้งแต่โน๊ตแรก,0,2024-04-04T18:25:19Z,2024-04-04T18:25:19Z
UgyE8z46Yr2Y9zjaZKB4AaABAg,,False,@ilhanfaisal7720,Omgggggggg so gorgeous my doyyyy❤❤,1,2024-04-04T18:25:04Z,2024-04-04T18:25:04Z
UgzLOf6Lpok8UA7UKvB4AaABAg,,False,@urilovedchil,This is so beautiful,0,2024-04-04T18:24:21Z,2024-04-04T18:24:21Z
UgwnyO7GYlfza5v-rVd4AaABAg,,False,@무해앵-p3x,"도영이 같은 앨범이 너무 기대된다!! 도영아 아무런 걱정하지 말고, 네가 원하는 음악을 해. 그게 곧 우리가 좋아하는 음악이지 싶다. 사랑해 도영아. 정말 아무런 걱정하지 말고 이대로만 해줘 내 사랑아!!",4,2024-04-04T18:24:10Z,2024-04-04T18:24:10Z
Ugx7zesumQVIJXLELMt4AaABAg,,False,@uhproo,도영아 진짜 사랑합니다,1,2024-04-04T18:22:33Z,2024-04-04T18:22:33Z
UgxKq17AtAJRfrwGHzB4AaABAg,,False,@삐-k2e,"소중히 듣고싶어지는 ,, ♡ 
도영아 너무 기대된다 언제나 몸조심하고 정규 축하해 ㅜㅜ 🫶🏻",2,2024-04-04T18:21:37Z,2024-04-04T18:21:37Z
UgwwSCdQpRCceQUnuFx4AaABAg,,False,@happypeeingdoyoung,Shiii let me watch this I'm trembling I'm so happyyyyyyyy,0,2024-04-04T18:20:30Z,2024-04-04T18:20:30Z
UgzH-_8WJJ3iMkVbohR4AaABAg,,False,@samiley_m2048,Oh! I feel like Disney 🎉😮,0,2024-04-04T18:20:23Z,2024-04-04T18:20:23Z
UgyG41eoneB7kge35Et4AaABAg,,False,@nyamnyampuring,내가 다 벅차오른다..,1,2024-04-04T18:20:12Z,2024-04-04T18:20:12Z
UgwTEKPBWNwDCEkh7Y14AaABAg,,False,@happypeeingdoyoung,THE VOCALIST.,0,2024-04-04T18:20:06Z,2024-04-04T18:20:06Z
UgwusKUw1KYbDKhcQ4x4AaABAg,,False,@happypeeingdoyoung,I'M SO HAPPY IT'S CONCERNING,0,2024-04-04T18:19:52Z,2024-04-04T18:19:52Z
Ugyg-f2ReG-Y6e_I7gl4AaABAg,,False,@JesycaEmiliaLucianoNhime,"isso ficou tão lido, dOYOUNG ESTOU MUITO ORGULHOSA DE VOCÊ",0,2024-04-04T18:19:38Z,2024-04-04T18:19:38Z
UgwOAdjum1LMBS1jAmx4AaABAg,,False,@leticiabrandao2391,"So excited for this!! Love you, doyoungieeeeee",0,2024-04-04T18:19:34Z,2024-04-04T18:19:34Z
Ugzz3kn9X4pvSk2YJdF4AaABAg,,False,@happypeeingdoyoung,Omg youuuuuuuuuuuu are glowing. It's your time,0,2024-04-04T18:19:32Z,2024-04-04T18:19:32Z
Ugxkh47KgKBhIm_i5yd4AaABAg,,False,@너굴맨-coco,"도영아 너무 큰 선물 고마워ㅓ❤
보거싶다 빨리 22일이 왂으면",1,2024-04-04T18:19:29Z,2024-04-04T18:19:29Z
UgzFAusXjmR5F7WDTt94AaABAg,,False,@estnie_4870,"Thank you for everyone who involved with this production. the music is fantastic, the animation, cg and of course Doyoung is the most prettiest I have ever seem. thank you so much for giving this hard working on doyoung solo. THANK YOU!!",0,2024-04-04T18:19:07Z,2024-04-04T18:19:07Z
UgyP7XcBGugnwU_Qdl14AaABAg,,False,@happypeeingdoyoung,This is soooo big I'm so happy for you bae,0,2024-04-04T18:19:01Z,2024-04-04T18:19:01Z
UgzkmxP3Oi2BRqFNM394AaABAg,,False,@happypeeingdoyoung,I'M FREAKING OUTTTTT,0,2024-04-04T18:18:41Z,2024-04-04T18:18:41Z
Ugx2omtThu4Qmfq46NZ4AaABAg,,False,@happypeeingdoyoung,DOYONCE IT'S TIMEEEEEEEEE,0,2024-04-04T18:18:20Z,2024-04-04T18:18:20Z
UgwmyQMp5nr4o-3ObX14AaABAg,,False,@leticiabrandao2391,Tão lindo 🩷🩷🩷,0,2024-04-04T18:18:14Z,2024-04-04T18:18:14Z
UgycYmmgv4HS5ylg4-R4AaABAg,,False,@林奕慈-q1m,도영이 목소리 너무 예뻐ㅠㅠ,3,2024-04-04T18:17:02Z,2024-04-04T18:17:02Z
UgyWBTlr2-3VJNsgT8B4AaABAg,,False,@bluestrela,so beautiful... i'm so excited doyoung i love you <3,0,2024-04-04T18:16:20Z,2024-04-04T18:16:20Z
Ugx70kArGvGP3IzA94h4AaABAg,,False,@luckylovefield,너무 기대된다 도영이!!!!🩵🩵🩵🩵🩵,1,2024-04-04T18:14:23Z,2024-04-04T18:14:23Z
UgxY87y9pKg7wCPumJl4AaABAg,,False,@dan8616,ESTÁ PRECIOSOOOO TE AMO DOIEEE,0,2024-04-04T18:13:45Z,2024-04-04T18:13:45Z
UgxPVeYqqvtjOoeXWxN4AaABAg,,False,@林奕慈-q1m,너무 좋다ㅠㅠ🐰💙🌊🫧,1,2024-04-04T18:12:37Z,2024-04-04T18:12:37Z
UgywbkzN0s3_bHRYnkN4AaABAg,,False,@김도영사랑해-x2g,너가 노래를 사랑하는 만큼 노래도 널 사랑하고 있는 것 같아,2,2024-04-04T18:12:17Z,2024-04-04T18:12:17Z
Ugwz4CgFrWA3PjK5HxN4AaABAg,,False,@ahgazeny,OMG,0,2024-04-04T18:12:10Z,2024-04-04T18:12:10Z
UgxxjR2Aa_EOv0jH-F94AaABAg,,False,@코코팜-u8q,영상미 진짜 장난 아니다...ㅠㅜ 도영아 이번 앨범 정말 너무 너무 기대 돼... 나의 청춘을 이 노래와 함께할 수 있어서 기뻐....🥹🩵🩵 앞으로도 네가 좋아하는 노래 마음껏 하고 행복하게 살아줘!!!!!,1,2024-04-04T18:10:05Z,2024-04-04T18:10:05Z
UgyIQtA3D36PQw6mNGZ4AaABAg,,False,@haya1396,احب البحر واحب صوت دويونق واحب كل شي يخصهه 🥹🥹🪽,0,2024-04-04T18:09:20Z,2024-04-04T18:09:20Z
UgyNAy7ZkRFYzm1t4kF4AaABAg,,False,@phookhin7603,"너무 예뻐서 눈물이 나요. ㅠㅠ 진짜 뿌듯하고 정말 자랑스러워요. 역시 김도영이다. 우리의 자부심, 아주 감동적이다.",1,2024-04-04T18:09:01Z,2024-04-04T18:09:01Z
UgxAbrG_HohGuilVPRN4AaABAg,,False,@alwayshappy3851,this is so awesome amazing wonderfull huwaaaa doyoung your voice really smooth that match with the concept. thank you so much doyie for the beautiful album 🥰🥰🥰,1,2024-04-04T18:08:51Z,2024-04-04T18:08:51Z
UgwS5S6a14ihm2sTWZl4AaABAg,,False,@tatianesilva9175,A nossa pequena sereia 🧜‍♀️ 💚,0,2024-04-04T18:08:30Z,2024-04-04T18:08:30Z
UgxBUbX_hjbkSBV9PCd4AaABAg,,False,@Jeniveve,Omg. SCREAMING!!!!! Yaaaaaaaay!!!!!!!! 🥹🥹💚💚🫶🏼,1,2024-04-04T18:07:44Z,2024-04-04T18:07:44Z
UgwJfh89xXEwYubmBcR4AaABAg,,False,@mywaygal,"결국은 도영, 여전히 도영. 6년이 넘는 시간동안 네 여정에 함께 할 수 있음에 감사해",6,2024-04-04T18:06:49Z,2024-04-04T18:06:49Z
UgwCIW9DqrV53UfdPOh4AaABAg,,False,@nanr1683,ยินดีกับแกด้วยจริงๆ เก่งมาก,0,2024-04-04T18:06:35Z,2024-04-04T18:06:35Z
UgwYGxZbttWeTcf91sF4AaABAg,,False,@mebreathe2608,영상도 노래도 도영이의 목소리도 다 아름답다 정말 빛나,1,2024-04-04T18:05:45Z,2024-04-04T18:05:45Z
UgwzCzQyKFRO4ytNhwB4AaABAg,,False,@ไพลินกอสุนทร,Doyoung🩵🩵🫶🏻🫶🏻,0,2024-04-04T18:04:30Z,2024-04-04T18:04:30Z
UgyzOOo2gTMTrPt7ffZ4AaABAg,,False,@surf__black204,ดีมากเลยค้าบ,0,2024-04-04T18:04:11Z,2024-04-04T18:04:11Z
UgxjLzJXPfsOHK4TEpR4AaABAg,,False,@user-hn6yc2qh4z,나의 청춘에 도영이가 있음에 감사해🫶,4,2024-04-04T18:03:54Z,2024-04-04T18:03:54Z
UgxcXiEMA6p1lYR6b354AaABAg,,False,@moehe-p4m,この一瞬で色んな感情が溢れて涙しました。,0,2024-04-04T18:03:17Z,2024-04-04T18:03:17Z
Ugz6YeRWwByFZeG1jjl4AaABAg,,False,@supersofia1200,this is about to be heavenly,1,2024-04-04T18:01:42Z,2024-04-04T18:01:42Z
Ugz6YeRWwByFZeG1jjl4AaABAg.A1oprilniFmA1orBzAxyEp,Ugz6YeRWwByFZeG1jjl4AaABAg,True,@RebaMcImTired,I just know this is going to make me sob and I’m kind of embarrassed about it😂,0,2024-04-04T18:13:20Z,2024-04-04T18:13:20Z
UgyNx3U_zxWYAb8-F_p4AaABAg,,False,@영이편,"몇번을 들어도 
저 우주를 함께 날아갈거야 
여기 들으면 계속 눈물이 나오네 도영아 노래해줘서 고맙고 이런 멋진 앨범 준비하느라 정말 고생 많았어
언제나 도영이의 노래의 확신이 되어줄게",1,2024-04-04T18:01:20Z,2024-04-04T18:01:20Z
UgzeOvVcAWR7rAZDA4x4AaABAg,,False,@mad_taste,나도 내가 왜 우는지 모르겠는데 그만큼 도영이가 들려주는 청춘이 아름답고 찬란하다는 증거겠지? 너의 청춘의 순간을 함께할 수 있음에 감사해. 좋아해 도영아.,7,2024-04-04T18:01:19Z,2024-04-04T18:01:19Z
UgzaOccT0MlOC_Gv3xF4AaABAg,,False,@pluto3603,dear god yes,1,2024-04-04T18:01:10Z,2024-04-04T18:01:10Z
UgzVfNM9Kmb8rouj8yp4AaABAg,,False,@AYELLOW-zw2el,너무 벅차고 눈물나ㅠㅠ 고마워 도영아,2,2024-04-04T17:59:38Z,2024-04-04T17:59:38Z
UgyfP4D7hw_yBHhSkZt4AaABAg,,False,@chroyy,can't wait for it🩵🩵,0,2024-04-04T17:58:52Z,2024-04-04T17:58:52Z
UgzT6vBKnlIhhc1YYLV4AaABAg,,False,@alebz,I feel like it takes me to another world and when I listen to it I reach a unique calm. Thank you very much Doyoung for always giving your best <3,1,2024-04-04T17:56:30Z,2024-04-04T17:56:30Z
Ugyv8tw6Cv7jRPS_sFt4AaABAg,,False,@ladydrakkaris6778,This is beautiful!,1,2024-04-04T17:55:00Z,2024-04-04T17:55:00Z
Ugxwazk57SlZey9V_BJ4AaABAg,,False,@neftalee_,I’m gonna be crying 🥹 the entire album with Doyoung angelic voice 🥰🩵,2,2024-04-04T17:54:41Z,2024-04-04T17:54:41Z
UgyBgyaY1FaXwmGw0J14AaABAg,,False,@dylover0201,무엇보다 벅차고 감동적인건 비로소 도영이가 하고 싶어한 음악을 가지고 왔다는게 느껴져서야 우리 생각 많고 걱정 많은 도영이 한편으론 너무 고민이 깊어지진 않을까 걱정도 했었지만 그생각을 정말 깨버릴 만큼 가장 너의 색을 잘 보여주는걸 가져왔다는걸 또 한번 느껴 너가 좋아하고 사랑하는 노래가 이제는 부담이 아닌 언제나 곁에 두고 싶은 존재로 함께 하길 바랄게 우리 도영이 너무 멋있다 앞으로 풀어나갈 도영이의 이야기와 목소리에 귀 기울일게 내 첫 가수이자 마지막 가수 늘 나의 자부심이 되어줘서 고마워 너의 모든 날을 응원해🩵🐰,5,2024-04-04T17:54:13Z,2024-04-04T18:14:28Z
UgwpTmwrV6EiugNT8it4AaABAg,,False,@딩가-h2g,너무 좋다..🔮🦄🫧💜,1,2024-04-04T17:52:44Z,2024-04-04T17:52:44Z
Ugw_vBXggy_B520VTGV4AaABAg,,False,@ristyemilya,INA DOPPUS PROUD OF YOU DOYOUNG,0,2024-04-04T17:52:36Z,2024-04-04T17:52:36Z
Ugwa28DWDKyGcKyZ5Fx4AaABAg,,False,@ristyemilya,CONGRATS KIM DOYOUNG,1,2024-04-04T17:52:17Z,2024-04-04T17:52:17Z
UgxUvm_8krrBjZVlqsV4AaABAg,,False,@AyaYoYo-ob8ik,I cry because of his beauty,1,2024-04-04T17:51:22Z,2024-04-04T17:51:22Z
Ugw0Rqa7Vo5jp47OWeZ4AaABAg,,False,@khanistapai,🩵🩵🩵🩵,0,2024-04-04T17:51:04Z,2024-04-04T17:51:04Z
UgzYA9m3PEDMpX8Z70l4AaABAg,,False,@thekindofcrazy,너무 춯아❤,1,2024-04-04T17:50:55Z,2024-04-04T17:50:55Z
Ugy9BMtkkTdQoMk4JRZ4AaABAg,,False,@neftalee_,omg I’m gonna cry 🥹 so beautiful,2,2024-04-04T17:50:30Z,2024-04-04T17:50:30Z
Ugy9BMtkkTdQoMk4JRZ4AaABAg.A1oo_imOUCWA1orHhyGBiJ,Ugy9BMtkkTdQoMk4JRZ4AaABAg,True,@RebaMcImTired,Same😂I feel like that’s kind of sad that just this video is making me feel teary eyed.,0,2024-04-04T18:14:07Z,2024-04-04T18:16:06Z
UgzfkcLG-FjoWW6gKNx4AaABAg,,False,@Dearmydearr,I love everything in this film 😭😭😭,1,2024-04-04T17:50:29Z,2024-04-04T17:50:29Z
Ugze7BcP-ga81KFH2TJ4AaABAg,,False,@Yeldaa95,I’m crying,2,2024-04-04T17:49:19Z,2024-04-04T17:49:19Z
UgyYG3Xk3yUsfMn3EOt4AaABAg,,False,@tinkerbew7237,เพราะมากค่ะคัมแบ๊คพรุ่งนี้เลยได้ไหมคะ,0,2024-04-04T17:48:45Z,2024-04-04T17:48:45Z
Ugw1ft_QWuMJeGSR_Mp4AaABAg,,False,@최저뉸,"도영아 이 일분 삼십 초의 영상을 수십 번 돌려봤어. 아마 난 시간이 지나도 이 영상을 처음 본 오늘을 못 잊을 것 같아. 내가 응원하는 사람이 나를 응원해 준다는 말이 얼마나 소중한지, 그리고 그게 느껴진 이 순간이 얼마나 감사한지. 이 소중한 청춘의 찰나를 선물해 줘서 너무너무 고마워. 너의 청춘에 내가 있어서 좋고 나의 청춘에 네가 있어서 너무 좋아 감사해. 새로운 봄이 왔어 그리고 언제나 그랬듯 예쁜 꽃이 폈어 도영아. 새로운 시작이 조금은 낯설을 수도 있지만 우리 언제나 그랬듯 이번에도 같이 가보자 아자자자잣💙",5,2024-04-04T17:48:30Z,2024-04-04T18:01:40Z
UgyDNDiZTXdk8ezUf0h4AaABAg,,False,@byeolofkjwoo02,목소리도 얼굴도 너무 예쁘다!! 영상도 진짜 예뻐. 울 도영이 짱이다!,3,2024-04-04T17:47:37Z,2024-04-04T17:47:37Z
Ugwxmpx2OaIRkq3HiuV4AaABAg,,False,@lilac7910,❤,0,2024-04-04T17:46:53Z,2024-04-04T17:46:53Z
Ugz3e-REsolRrhXWa1V4AaABAg,,False,@christinehollett8888,My heart is full. I can't wait for 4/22,1,2024-04-04T17:46:37Z,2024-04-04T17:46:37Z
UgwUIG0zQ76zq-eHnc14AaABAg,,False,@pattiecess,🩵,0,2024-04-04T17:46:01Z,2024-04-04T17:46:01Z
UgzLAokk0NC8MfjXj4J4AaABAg,,False,@lovanniezulkarnainputri6603,Waaaaaaa,0,2024-04-04T17:45:51Z,2024-04-04T17:45:51Z
Ugwiccx9aKvLBHqmz4F4AaABAg,,False,@ramaya-n9j,BEAUTIFULL VOICEEE❤❤❤❤,0,2024-04-04T17:45:28Z,2024-04-04T17:45:28Z
UgyJGS5rThUO_M0X3LN4AaABAg,,False,@_wisteriamoon,"Omg this is beautiful voice, love you Kim Doyoung",0,2024-04-04T17:45:07Z,2024-04-04T17:45:07Z
UgxHJSxPgOlrSPeJCnZ4AaABAg,,False,@lunaviolett1808,It's looks so beautiful and magical,1,2024-04-04T17:44:35Z,2024-04-04T17:44:35Z
UgxBQ019nfnccsvOVo14AaABAg,,False,@nadasagita4041,🤧💚💚💚💚💚💚💚💚💚💚,0,2024-04-04T17:44:35Z,2024-04-04T17:44:35Z
UgzQoCOQMBnJ4wFByup4AaABAg,,False,@haechanahcae,머야노래존나좋아 김도영개잘생겻다,2,2024-04-04T17:44:33Z,2024-04-04T17:44:33Z
UgxTmn93oDDPl2kaVUp4AaABAg,,False,@เเบมเเบม-ว8ฒ,Loveeeeee dy,1,2024-04-04T17:44:32Z,2024-04-04T17:44:32Z
Ugw-H9EuQO4CVaoYLmF4AaABAg,,False,@aliasyakira5906,I can't stop watching this,1,2024-04-04T17:44:15Z,2024-04-04T17:44:15Z
UgzxsOO2BbH-2rGl0ol4AaABAg,,False,@dxyxung,DOLOOOOOOO FINALMENTEEEE,0,2024-04-04T17:44:05Z,2024-04-04T17:44:05Z
UgzymTNowYd_cVVJR3p4AaABAg,,False,@doovelyy,도영아 빨리 노래 전곡 듣고싶다!! 앨범이 너무너무 기대돼~~,3,2024-04-04T17:43:58Z,2024-04-04T17:43:58Z
UgyemCmuVy_waN8FHtx4AaABAg,,False,@도잉-f9b,"도영이가 데뷔한지 7년이 지난 지금 그동안 차곡차곡 쌓아올린 시간과 앞으로도 너의 시간은 모두 너의 찬란하고 푸른 청춘이야. 도영이의 청춘을 바라보고 응원할 수 있는 시간은 나에게도 청춘이야.
내 청춘을 도영이로 가득 채워줘서 고마워요. 도영이랑 팬들이 그토록 기다리던 솔로로 데뷔하는거 축하해요.",3,2024-04-04T17:43:54Z,2024-04-04T17:43:54Z
UgwSXQ72vnsi0JHCuyt4AaABAg,,False,@mm-dl9bw,😢,0,2024-04-04T17:43:54Z,2024-04-04T17:43:54Z
Ugw445bU5WP0Q5Y9kBJ4AaABAg,,False,@dlv56,도영이가 노래하는 청춘은 이렇게나 벅찬거구나,4,2024-04-04T17:43:37Z,2024-04-04T17:43:37Z
UgyObHRBHsFgSRTPzhF4AaABAg,,False,@nellyrub2270,"La voz de doyoung es hermosa ,me encanta",1,2024-04-04T17:43:27Z,2024-04-04T17:43:27Z
Ugx1Q-E30dWxrM8rk8x4AaABAg,,False,@pichamonkhaefoy6269,พี่โดยอง😭,0,2024-04-04T17:43:21Z,2024-04-04T17:43:21Z
Ugx27uE673GZVw4vhNR4AaABAg,,False,@kihae1251,oh my god this’s gorgeous and the song is so beautiful 🥹🥹 i can’t wait for the album release 🩵🩵,1,2024-04-04T17:43:15Z,2024-04-04T17:43:15Z
UgxXH5cqjlPkzwJM4ul4AaABAg,,False,@Czennieswayv,綺麗すぎてびっくりした,0,2024-04-04T17:42:59Z,2024-04-04T17:42:59Z
UgyLqef2WEyzWx1psNl4AaABAg,,False,@hn9811,Doyoung always did well😭❤️❤️❤️,0,2024-04-04T17:42:58Z,2024-04-04T17:42:58Z
UgzBLjThBwjD-QmBvbJ4AaABAg,,False,@aliasyakira5906,I'm so exciteddddd,1,2024-04-04T17:42:52Z,2024-04-04T17:42:52Z
UgyI_bl-1-d93EArrRd4AaABAg,,False,@carrotball9,繋がってるのね空と,0,2024-04-04T17:42:46Z,2024-04-04T17:42:46Z
UgxVqa8hq0l9ysdUCEV4AaABAg,,False,@도토리-d1u,도영아 니가 내 별이다,1,2024-04-04T17:42:35Z,2024-04-04T17:42:35Z
UgxOOa9r6jiJLD6ZFzl4AaABAg,,False,@sachis8080,"ドヨチペン歓喜
solo応援するね",1,2024-04-04T17:42:16Z,2024-04-04T17:42:16Z
Ugy5SdZX0aGXJDLd_tV4AaABAg,,False,@preeyakamon7855,I cant wait,0,2024-04-04T17:42:11Z,2024-04-04T17:42:11Z
Ugz7DWJW5WJmAUXuoW14AaABAg,,False,@nfornailaa,AAA CINTAKUUU DOYYII❤❤❤❤❤,0,2024-04-04T17:40:45Z,2024-04-04T17:40:45Z
UgzUbF2iD1nhUIF3t514AaABAg,,False,@evalibertadx,"Todo es tan perfecto, me encantó💙",0,2024-04-04T17:39:37Z,2024-04-04T17:39:37Z
UgxFRiOL8hrPpIfGGVR4AaABAg,,False,@immspenguin26,Doyoung voice is so magical 🤍 I can't wait to hear everything he has prepared for his solo album!,2,2024-04-04T17:39:30Z,2024-04-04T17:39:30Z
UgzMCFOCF0xEaklBCYJ4AaABAg,,False,@효원-y9w,도영이 다운 음악이다 도영이가 노래하는 청춘 너무 기대된다 항상 기대 넘치는 노래해줘서 사랑해,4,2024-04-04T17:38:36Z,2024-04-04T17:38:36Z
UgzlTOmokmHDdrLdKu94AaABAg,,False,@lastriwulansari7892,Daebak,0,2024-04-04T17:38:36Z,2024-04-04T17:38:36Z
UgycyfAMBCFFiYGQNpp4AaABAg,,False,@neszes452,ลูกแม่,0,2024-04-04T17:38:25Z,2024-04-04T17:38:25Z
UgwBjTKs3bteq4k5-ZF4AaABAg,,False,@evernt4534,DOYOUNG YOU ARE PERFECT!!!,1,2024-04-04T17:38:18Z,2024-04-04T17:38:18Z
Ugy-GEqejaIrgtlIBbN4AaABAg,,False,@알콩달콩_꾸.꾸.타임,미쳤다ㅠㅠㅠㅠㅠㅠ진심 너무 좋아💚 진짜 도영아 솔로앨범 축하해ㅜㅠㅠㅠ!!!!!,2,2024-04-04T17:38:02Z,2024-04-04T17:38:02Z
UgwjWF0pOhTeilhEJDp4AaABAg,,False,@組織液-k3s,ドヨンさんが愛する歌…しかと見届けます…,0,2024-04-04T17:36:48Z,2024-04-04T17:36:48Z
Ugy3-M4ebbSD5pIiEsp4AaABAg,,False,@sasasaya1873,Doyoung Disney era,0,2024-04-04T17:36:05Z,2024-04-04T17:36:05Z
UgyYbX5YfkWWu8Q_3Td4AaABAg,,False,@iinumakki,"너무 고마워 도영아
너무 행복하게 들을 수 있는 앨범이 될 것 같아
도영이 목소리만으로 가득 채운 열 곡이 너무 기대되고 소중하다고 느껴진다
앞으로도 열심히 노래해줘, 나는 열심히 도영이를 응원할게.",1,2024-04-04T17:35:46Z,2024-04-04T17:35:46Z
Ugx_sZ9VAnAS0tlxkf14AaABAg,,False,@mariakoszalin,😮😮😮😮😮,0,2024-04-04T17:35:45Z,2024-04-04T17:35:45Z
UgzKvCDnWRcpypdo9p54AaABAg,,False,@mariakoszalin,Mic drop,0,2024-04-04T17:35:34Z,2024-04-04T17:35:34Z
Ugz_snLXumjjYKlmMhp4AaABAg,,False,@jaehyunsfriend,ยอด ดีเลิศ เด็ดขาด อันดับหนึ่ง ที่สุด สุดยอด เยี่ยม ยอดเยี่ยม ยอดเยี่ยม ยอด ดีที่สุด เลิศที่สุด ชนะเลิศ เลิศเลอ ดีเด่น สุดเหวี่ยง วิเศษ ฮีโร่ บริสุทธิ์ ล้ำเลิศ ชั้นเลิศ เลิศล้ำ เด็ด หนึ่งเดียว พิเศษ ยอดไปเลย เยี่ยมไปเลย ที่หนึ่งเลย โดดเด่น ปาฏิหาริย์,0,2024-04-04T17:35:24Z,2024-04-04T17:35:24Z
UgyzhrduBPnoGfEfash4AaABAg,,False,@sMilelikeAstarr,wowoww,0,2024-04-04T17:35:18Z,2024-04-04T17:35:18Z
UgyLsnebYxis6OQUp_d4AaABAg,,False,@sasasaya1873,THE BEST SOLO ALBUM EVER,1,2024-04-04T17:34:50Z,2024-04-04T17:34:50Z
UgwpcuoItVup6O8o9c54AaABAg,,False,@mmoo2429,I Love you doyoung .. 🖤,0,2024-04-04T17:34:40Z,2024-04-04T17:35:22Z
UgzjZyJqw15VRGYwbFB4AaABAg,,False,@doit_go4it,벌써 좋다 (오열) 😂😂😂,0,2024-04-04T17:34:40Z,2024-04-04T17:34:40Z
UgzRA9xCBo5ELEMu8s54AaABAg,,False,@SiL-ox3ho,OH. MY. GODDDDDD THE PRODUCTION QUALITY IS INSANE!! I wish he could take on a fantasy role in a drama like this just suits him SOOOOOO much!! I squealed at the mini jellyfish they were so cute lolll. The piano melody is HEAVENLY!! And we get 10 TENNNNNN whole songs all by himself I'M SO EXCITED I CAN'T WAIT UNTIL THE 22ND!! 💚,1,2024-04-04T17:34:34Z,2024-04-04T17:34:34Z
Ugx-sEIB7P6Bp35p-Xh4AaABAg,,False,@EH-eg9qi,도영아 영상이 너무 예쁘다 이제 진짜 솔로데뷔 실감이 나. 뭔가 첫공개 목소리에서 너의 포부가 느껴지는것같아 솔로활동 멋지게 잘해낼거라고 믿어 너는 엔시티고 일이칠이니까 자 우리 당분간 잠죽자하자,6,2024-04-04T17:34:23Z,2024-04-04T17:34:23Z
UgxSD7NiwbtfRD2aD5N4AaABAg,,False,@yoyo___inf,The Mermaid Prince Doyoungie<3,1,2024-04-04T17:34:13Z,2024-04-04T17:34:13Z
UgxiUzJ0w48DhSmHNNp4AaABAg,,False,@Summmmin,김도영이 김도영했다…,1,2024-04-04T17:34:04Z,2024-04-04T17:34:04Z
Ugxo0XW91WxP0HtrsLV4AaABAg,,False,@jasminehas3cats,"As soon as I started watching this, I’m crying",0,2024-04-04T17:33:58Z,2024-04-04T17:33:58Z
UgymHOaa9tKWRj17Gt54AaABAg,,False,@vv-ls8wl,"도영아 내 청춘의 전부가 되어줘서 고마워😭
평도프가되.ㅠㅠㅠㅠㅠㅠ",2,2024-04-04T17:33:37Z,2024-04-04T17:33:37Z
UgwD9YQ_PLkn2rphJgV4AaABAg,,False,@nurarifahaishahnorazman7439,So proud of doyoung 😢❤❤❤❤,1,2024-04-04T17:32:19Z,2024-04-04T17:32:19Z
UgzNT7HSfWCDqJ8n1O14AaABAg,,False,@elle_crmlsalt,"DOYOUNG você nasceu pra brilhar, pra ser um artista 💚💚",1,2024-04-04T17:32:16Z,2024-04-04T17:32:16Z
UgzsIiNdQIIi3MlqZLl4AaABAg,,False,@jy__99,도영아 그냥 너가 행복했으면 좋겠다,2,2024-04-04T17:31:30Z,2024-04-04T17:31:30Z
Ugx5ipbkJSeqygFjHMF4AaABAg,,False,@jiyan9831,I’m in love Doyoung finally 🥹💚💚,1,2024-04-04T17:31:15Z,2024-04-04T17:31:15Z
UgyBmbJTqA6aJ0A3gYJ4AaABAg,,False,@jonodistefano1726,Sooo amazing with lots of energy,0,2024-04-04T17:30:55Z,2024-04-04T17:30:55Z
UgwMrQqoB3fZlmUJChJ4AaABAg,,False,@dinosaorigrr2188,"BELLISIMO, HERMOSO, MAGNIFICO, INCREIBLE, SE VIENE ARTEEEE, TE AMO MUCHO DOYOUNG!!",0,2024-04-04T17:30:44Z,2024-04-04T17:30:44Z
Ugwb-AfQ9lJLAlDD3SN4AaABAg,,False,@dec1ee278,love u,0,2024-04-04T17:30:21Z,2024-04-04T17:30:21Z
Ugzy_CoBFJOvpH-Zyn14AaABAg,,False,@imaniuno,why did i start tearing up…..the vocals on this album are about to be insane,1,2024-04-04T17:30:02Z,2024-04-04T17:30:02Z
Ugz_Qn-J716WcGqwAyp4AaABAg,,False,@ivxxcya,so beautiful,0,2024-04-04T17:29:28Z,2024-04-04T17:29:28Z
UgxHMZj-rP_yNV-2hop4AaABAg,,False,@Pullitbackthat,Ủa ê nhạc hay vờ lờ nay ngày gì mà toàn được nghe nhạc hay lúc nửa đêm zạy,0,2024-04-04T17:29:25Z,2024-04-04T17:29:25Z
Ugx-LOB5vOwpY21ZpnB4AaABAg,,False,@NctzenssAzerbaijan,Wow slay Doyoung☆,0,2024-04-04T17:29:14Z,2024-04-04T17:29:14Z
UgwGsydRc29SkpMKl794AaABAg,,False,@umaimipoko,OMG I CAN'T WAIT,0,2024-04-04T17:29:05Z,2024-04-04T17:29:05Z
Ugz0lratPCCgwd7pr6t4AaABAg,,False,@cbwinner-yd3hd,Beautiful,0,2024-04-04T17:28:40Z,2024-04-04T17:28:40Z
UgxD9-fMdVk4BdxJFXp4AaABAg,,False,@행운의초록색,"도영이에게 노래라는 존재가 얼마나 소중하고 큰 의미를 가진 것인지 상상조차 못할 정도로 울림이 커다란 노래... 
진심으로 도영이의 노래가 온 세상을 날아가 저 하늘 끝까지 닿을 것 같아",4,2024-04-04T17:27:46Z,2024-04-04T17:27:46Z
UgwPJcxCceb6UTY47A14AaABAg,,False,@allifhanurvadila,"so proud of you doyounga, its just so beautiful and it makes me want to cry, because everything I like is you who represents it, so i'm cant wait to this album so muchhh",0,2024-04-04T17:27:34Z,2024-04-04T17:27:34Z
Ugx0DFuehzoHAw85IRF4AaABAg,,False,@nastashiask247,so beautiful…..,0,2024-04-04T17:27:19Z,2024-04-04T17:27:19Z
UgzpoqbJ6hczEu00ngV4AaABAg,,False,@zzzzz1278,"Doyoung i fall for your voice in the debut stage of inkigayo with  Withou You,  8 years later I'm so proud of the main vocal Doyoung and I'm excited about ""Youth"".
My Youth is with Doyoung.💙💙💙",2,2024-04-04T17:27:15Z,2024-04-04T17:27:15Z
UgwdE2Ue-KskQ8eCRCx4AaABAg,,False,@nehakumari7126,So beautiful,0,2024-04-04T17:26:00Z,2024-04-04T17:26:00Z
UgwqjNWBr8SV1qR-XEJ4AaABAg,,False,@user-fk1yu5nm3j,Doyoung fighting🎉,0,2024-04-04T17:25:39Z,2024-04-04T17:25:39Z
Ugx9KuD-a5lrt3iQxSJ4AaABAg,,False,@flowersandsky8,ES TAN HERMOSO,0,2024-04-04T17:25:19Z,2024-04-04T17:25:19Z
Ugxsi034po5bSNpY2Cx4AaABAg,,False,@mawm8881,❤❤❤❤,0,2024-04-04T17:25:07Z,2024-04-04T17:25:07Z
UgzlyFCgD6ODLUtM9Z54AaABAg,,False,@mrjayric,it sounds absolutely beautiful and has an inspiring/youthful vibe! can't wait to listen to the entire album <3,0,2024-04-04T17:24:59Z,2024-04-04T17:24:59Z
UgyiM8N9sSV7b2KAst94AaABAg,,False,@donghaeandsj,How beautiful his voice is😭😭😭😭,1,2024-04-04T17:24:22Z,2024-04-04T17:24:22Z
Ugy1J2H2bjQ6-giAKtl4AaABAg,,False,@Berryyylyl,"think this is going to be the calmest debut in NCT, all the others are like powerful, rap, powerful dance but doyoung is so calm, bright, beautiful, I really like the change LOL",4,2024-04-04T17:24:03Z,2024-04-04T17:24:03Z
UgzCqNS2LldONpd_QfN4AaABAg,,False,@bunnynaaaa,"Ka,nana selalu bangga sama kamu,apapun yang kamu lakuin rasanya selalu dari hati itulah kenapa kadang aku suka nangis tiap dengerin karya"" kamu.pokonya nana selalu bangga sama kamu,nana sayang bgt sama kamu❤❤❤❤",1,2024-04-04T17:24:00Z,2024-04-04T17:24:00Z
UgzA3zjMg0jYqwPhKzZ4AaABAg,,False,@eliaah315,everything is so pretttyyy,1,2024-04-04T17:23:44Z,2024-04-04T17:23:44Z
UgyjTbZkeW18jCnBCxh4AaABAg,,False,@user-gm7lg3ve3p,도영아 오래 응원할게 그러니 너도 계속 노래해줘,7,2024-04-04T17:23:20Z,2024-04-04T17:23:20Z
Ugz9_MTo28VaPeP3e9h4AaABAg,,False,@cin2167,I’m crying. I love DOYOUNG SO MUCH. Everything is perfect . Cg is beautiful. thank you all staff for work hard.,1,2024-04-04T17:22:40Z,2024-04-04T17:22:40Z
Ugzv71Lca5Ma9Ph5nTl4AaABAg,,False,@doyoungteamie5566,"doyoung ah, everything about this song, this intro film is toooo pretty toooo beautiful tooooo overwhelming for me to turn everything into words, it's so great that the word 'great' didn't even express everything about it.. 

doyoung ah, you did great our dearest 🤍🫂 don't get too worried about singing, just enjoy everything, at every chances you get to show off your singing skills & abilities.. allow me to let you know that you're one of the greatest singer in this generation 💖

I LOVE YOU SO MUCH KIM DOYOUNG !!",1,2024-04-04T17:22:37Z,2024-04-04T17:22:37Z
UgwdwOnHnX3iv0ffbuR4AaABAg,,False,@shawty____,진짜 이게 뭐야.. 진짜 청량하지만 아린 따뜻한 일본 애니메이션같아...,215,2024-04-04T17:22:11Z,2024-04-04T17:22:11Z
UgwnFz7Yuew-s3TXtvV4AaABAg,,False,@또잉아궁빵,내 소중한 도영이가 지난 8년동안 청춘과 함께 걸어온 시간들이 차라락 스쳐 지나가는 것 같아서 더 몽글몽글 해지는 것 같아 ㅠㅠㅠ  도영이가 생각하는 청춘을 들려줘서 고마워 ㅠㅠ 네 청춘의 새 걸음을 또 함께 걸어가게 해줘서 고마워 도영아,8,2024-04-04T17:22:07Z,2024-04-04T17:22:07Z
UgzqmHZRc3VfSqTdH4J4AaABAg,,False,@물오름달-v5l,뭘 해야 팬들이 좋아할지 아주 잘아네 칭찬해.,4,2024-04-04T17:21:25Z,2024-04-04T17:21:25Z
UgxigHEsvyxF1Q4pRlV4AaABAg,,False,@user-ws1ww7fz7v,진짜...미치겠다.죽어도 좋다。。。。,3,2024-04-04T17:21:24Z,2024-04-04T17:21:24Z
UgyuwY-cz2bYkEU9O6J4AaABAg,,False,@jasminehas3cats,ドヨンしか出来ないよ、頑張ったんやね、ドヨンの苦悩も恐れも怒りも苦しみも痛みも全部このアルバムに詰まっているんだろうなあ、ドヨンは美しいよ本当に,0,2024-04-04T17:21:21Z,2024-04-04T17:21:21Z
Ugy6-QBIiBUL5pMPnld4AaABAg,,False,@무행-v4k,12시에 영상 뜨고 지금 새봄의노래만 무한반복중................... 너무좋다도영아🥹🥹🥹,50,2024-04-04T17:20:52Z,2024-04-04T17:20:52Z
UgxDnSj2cTAuFBuy9sp4AaABAg,,False,@user-vo5hs9pv9y,SEATED,0,2024-04-04T17:20:48Z,2024-04-04T17:20:48Z
UgyXYg0wEgWRa2Ynikt4AaABAg,,False,@jenniferesteche1504,Dodo sirenita❤,1,2024-04-04T17:20:33Z,2024-04-04T17:20:33Z
UgyU9ANwfkQu7PQxZ1h4AaABAg,,False,@jkate9695,Why does it sound so empowering it feels like I'm healing from the pains I didn't know I have,7,2024-04-04T17:20:26Z,2024-04-04T17:20:26Z
UgyU9ANwfkQu7PQxZ1h4AaABAg.A1ol8U_vyX6A1onTL2-5US,UgyU9ANwfkQu7PQxZ1h4AaABAg,True,@immspenguin26,same feels here 🥺💝,1,2024-04-04T17:40:46Z,2024-04-04T17:40:46Z
UgzcAzajlvkUFU2Ny714AaABAg,,False,@myfortressofbooks,"Majestic vocals, magical visuals, and the ethereal Kim Doyoung…The Song of Early Spring screams Doyoung and it is perfection just like he is! I’m so proud of my love!! 🥹🤍🌊",5,2024-04-04T17:20:21Z,2024-04-04T17:20:21Z
UgwgSLxhm8BKdV416b14AaABAg,,False,@swifthings_,YOU KNOW?? I'M SO PROUD OF YOU!!! 🥺💗💗,1,2024-04-04T17:20:03Z,2024-04-04T17:20:03Z
Ugxjj2ufklYgbeK2LfR4AaABAg,,False,@jen8116,늘 우리를 향해있다고 말한 도영이의 이번 나침반은 청춘의 포말이라고 해준 말처럼 이번 활동도 우리가 오래 기억하게될 청춘의 기록이 될것같아…! 그 기록이 멋 훗날에도 빛나게 기억될 수 있게 늘 그래왔던것처럼 응원할게 도영이가 가진 나침반이 이끄는 곳에는 행복이 가득하기를 바라🤍,4,2024-04-04T17:19:42Z,2024-04-05T02:07:21Z
Ugz98GQ8yfL5bCukxNV4AaABAg,,False,@nina.ng1208,"The song is so beautiful and so Doyoung. I can feel that he’s singing from the bottom of his heart, with all sincerity. Doyoung is always my comfort source and my pride. Can’t wait to hear the whole song and the whole album full of Doyoung songs",1,2024-04-04T17:19:24Z,2024-04-04T17:19:24Z
UgxTtVG9TW9LTCilz5F4AaABAg,,False,@valentinagalloserna2333,Simplemente hermoso ❤,0,2024-04-04T17:19:10Z,2024-04-04T17:19:10Z
UgzAYelskP3EuY3N3aR4AaABAg,,False,@stepxy,TO AOS PRANTOS TE AMO KIM DOYOUNG 😭😭😭,0,2024-04-04T17:18:48Z,2024-04-04T17:18:48Z
UgyJK03A44MSGGblYo54AaABAg,,False,@iampraang,💙💙,0,2024-04-04T17:18:19Z,2024-04-04T17:18:19Z
Ugys3rIiD4COMedRZz14AaABAg,,False,@maisa_me,This is like a scene from a ghibli movie,0,2024-04-04T17:18:19Z,2024-04-04T17:18:19Z
UgxzZDMKKSxxMYbvAFV4AaABAg,,False,@anabellaramos3416,"A great and beautiful vocalist Doyoung we are so proud of you. Your solo debut will be amazing I know that, fighting!",1,2024-04-04T17:18:08Z,2024-04-04T17:18:08Z
UgwYGYwLCIBY5eQxT-R4AaABAg,,False,@bebelalala_02,Are you telling me that kdrama directors are letting him have this songs as his solo debut instead of it beaing the main ost for their drama’s?!!!,1,2024-04-04T17:17:36Z,2024-04-04T17:17:36Z
UgynLdT-Skpx1G604al4AaABAg,,False,@럭키뽀이,"당신이 나만의 디즈니 프린스. 이제는 당신이 하고싶은 노래만 하고 행복하게 너의 목소리를 더 많은 사람들에게 전할 수 있으면 좋겠다. 너의 음악은 늘 우리를 응원한다고 하지만, 우리도 항상 너의 음악을 응원한다는걸 꼭 기억하기. 언제나 사랑하고 응원해. 당신의 첫 솔로 정규 앨범을 축하하며, 도영의 팬이.",4,2024-04-04T17:17:09Z,2024-04-04T17:17:09Z
UgwPG84Q-CVneDaM-oB4AaABAg,,False,@bubbleblublee,도영 장르,2,2024-04-04T17:16:57Z,2024-04-04T17:16:57Z
UgyMffyQTt-CkSgDaM94AaABAg,,False,@Sunnana_J,"디즈니 영화한편 뚝땅이다..,. 사랑해 도영아
너무 완벽한 앨범일거같아❤",2,2024-04-04T17:16:44Z,2024-04-04T17:16:44Z
UgxEB7wdVI2pnem3Zlp4AaABAg,,False,@박하은-t2l,도영아 너무 좋다,2,2024-04-04T17:16:41Z,2024-04-04T17:16:41Z
UgyLcR5A5laTVVvBDDN4AaABAg,,False,@이름-q8l,첫 시작 너무 축하하고 앞으로 더 큰 바다가 되어보자 🤍,2,2024-04-04T17:15:59Z,2024-04-04T17:15:59Z
Ugzd5anMnab83wp6lYl4AaABAg,,False,@hihicat_214,도영아 ㅠㅠ진짜 너무너무 좋다,2,2024-04-04T17:15:05Z,2024-04-04T17:15:05Z
UgzXA6eXfP9QHmXXBPV4AaABAg,,False,@ddo_ingii,"막 두근거리고 설레고 벅찬 느낌..
청춘이라는 말이 너무 잘 어울려
영상도 너무이쁘고 목소리는 더 예쁘고ㅠㅠ 도영아 노래해줘서 고마워💚
덕분에 많이많이 행복해!!",2,2024-04-04T17:15:01Z,2024-04-04T17:15:01Z
UgywNBeZIyz3jwaj2XN4AaABAg,,False,@kdy323,Lets watch it a lot and practice for the real mv!!,1,2024-04-04T17:14:36Z,2024-04-04T17:14:36Z
UgxvO-REC_j-WPYAJ7x4AaABAg,,False,@kdy323,Just beautiful,0,2024-04-04T17:14:18Z,2024-04-04T17:14:18Z
UgwMTRE0Bqzv_nvdzZp4AaABAg,,False,@당군-c1v,이보다 완벽한 청춘을 노래한 곡이 있을까.. 도영이가 벌써부터 내 마음을 울렸어 너무 동영 그자체여서 좋고 너무 힐링이자나!!! 감동되정말 사랑한다,15,2024-04-04T17:14:04Z,2024-04-04T17:14:04Z
UgwGHg6LgKk7wIbkZuJ4AaABAg,,False,@rehidion,"泣いた。なんて美しくて儚いんだ。。
歌い続けてくれてありがとうどよち。
楽しみとかいう次元じゃなくてもう生きていてくれてありがとう。",0,2024-04-04T17:13:33Z,2024-04-04T17:13:33Z
Ugwfn44qh3EPyzIYv_Z4AaABAg,,False,@동-y7f,도영이가 들려주는 진심이 너무 아름답고 소중해서 노래를 듣는데 막 벅차오르고 눈물남... 우리 도영이 최고야!,22,2024-04-04T17:12:51Z,2024-04-04T17:12:51Z
UgxKN0BaRC8QYbr_fqN4AaABAg,,False,@noonbi.,오래도록 사랑할 노래가 생겼다 🩵,3,2024-04-04T17:12:29Z,2024-04-04T17:12:29Z
Ugxzv6ppbdZXQf_3CC14AaABAg,,False,@samanthahs9069,"Kim Doyoung,you and your voice will always be famous and truly aspiring",0,2024-04-04T17:11:48Z,2024-04-04T17:11:48Z
UgzJkews10ApXAhorgB4AaABAg,,False,@Luvyour_1,"도영오빠
엔시티127 노래를 통해 시즈니가 된지 오래되진 않았어
길진 않은 시간이지만, 오빠가 노래에 얼마나 진심인지, 가수라는 직업을 얼마나 사랑하는지 느껴져서 나도 많이 배우네

요새 나는 여러 상황으로 인해 어쩔 수 없이 대학교를 가지 못하는 상황이 이어져 답답했어
10여년을 애써온 결과였고, 공부기간이 짧지 않은 학문이라 시간이 아깝고, 이해하지 못하는 국민들이 서럽기도 했지
오늘 자기 직전에 오빠 목소리 들으면서 새삼 감사함을 느껴

이런 고민을 할 수 있음에, 청춘의 한 가운데 있다는 생각이 든다ㅎ
1년, 어쩌면 더 길게 쉬어가는 것도
나를 위해 꼭 필요한 일일수도 있을거야
길게 유럽을 다녀오거나, 요리를 본격적으로 배워보고 싶다는 마음도 생겼고
안좋은 상황에 좌절하기 보단 힘을 내보려고

첫 솔로 축하해
오빠도 나도
찬란한 청춘을 보내보자",7,2024-04-04T17:11:42Z,2024-04-04T17:12:06Z
UgzJkews10ApXAhorgB4AaABAg.A1ok8YwEZvWA1olU6KwBAH,UgzJkews10ApXAhorgB4AaABAg,True,@nina.ng1208,화이팅 🥺,1,2024-04-04T17:23:23Z,2024-04-04T17:23:23Z
UgzByb875TFsxpH7_op4AaABAg,,False,@ramji3286,이거 너무 좋잖아...듣는데 막 행복하잖아요 도영아 너무 고마워,35,2024-04-04T17:11:26Z,2024-04-04T17:11:26Z
UgzvBYb0YjcgdZzTaZt4AaABAg,,False,@elizagarcia1970,"Uno de los niños más  hermoso que tiene korea y una voz como pocos, esperando con ansias verte y escucharte",0,2024-04-04T17:11:26Z,2024-04-04T17:11:26Z
Ugy8Y_zAjGNBVRCIfiB4AaABAg,,False,@ksxcill1759,Beautiful song 😭🩵,0,2024-04-04T17:11:20Z,2024-04-04T17:11:20Z
UgxW0Y9ujzFfyICEV-R4AaABAg,,False,@kazootora,everything about doyoung is so beautiful thank you for blessing us with your voice doyoung,0,2024-04-04T17:11:16Z,2024-04-04T17:11:16Z
UgwU-sRDATcxSZY47mh4AaABAg,,False,@Arsipnaila,"your voice like my dream, so beautiful 💗💗🥺",0,2024-04-04T17:11:06Z,2024-04-04T17:11:06Z
UgwDWgcWiNUoTlWm0R54AaABAg,,False,@gleamingsky1256,나의 도영...뎡로 오라오라,3,2024-04-04T17:11:01Z,2024-04-04T17:11:01Z
Ugz03ZHfX3oTRAn63rZ4AaABAg,,False,@ksxcill1759,😭😭😭😭😭😭,0,2024-04-04T17:10:58Z,2024-04-04T17:10:58Z
Ugwh2bJDQTaIwQG7Kgp4AaABAg,,False,@tn2546,"美しさ、壮大さに圧倒され思わず涙が出てしまいました。
唯一無二なドヨンくんの爽やか且つ重い歌声と、持ち併せる人格とが素敵だからこそ期待が高まる今回のソロデビュー、ドプ一同全力で応援させてください。",1,2024-04-04T17:10:07Z,2024-04-04T17:10:07Z
UgzLeEt4mF6dMnaMo3l4AaABAg,,False,@Kadilofri,"Es como cuando la Sirenita encontró su voz 😭😭😭😭 Doyo, te amo, príncipe! Te mereces lo mejor del mundo",1,2024-04-04T17:09:57Z,2024-04-04T17:09:57Z
Ugw0NAWDhDnI04ARRrh4AaABAg,,False,@anencity62035,도영아 노래해줘서 고마워❤,3,2024-04-04T17:09:51Z,2024-04-04T17:09:51Z
UgwrnRExggVNAa-YLtp4AaABAg,,False,@tealuvkai,"Doyoung, I feel so proud of you",1,2024-04-04T17:09:51Z,2024-04-04T17:09:51Z
UgwewNjfyn1PYynVsf94AaABAg,,False,@user-si1uk3dj4c,"도영아 너의 청춘을 응원해 
너의 진심이 세상에 닿을때까지 하고 싶은 음악 많이해줘",6,2024-04-04T17:09:50Z,2024-04-04T17:09:50Z
Ugx2DaAxuwnQhT33YVB4AaABAg,,False,@seruleanade,this is fucking amazing cause doyoung..............you outdid yourself.................im so digging this..........i'll love you forever,0,2024-04-04T17:09:03Z,2024-04-04T17:09:03Z
UgzEpleKFVWphDPJjHd4AaABAg,,False,@mayajones3505,YOU BETTER SING DOYOUNG!!!!!!!!,0,2024-04-04T17:08:51Z,2024-04-04T17:08:51Z
UgyR2Z4vX-nUKflArMF4AaABAg,,False,@kuj9794,"Omg I love this soooo much 🥹🥹🥹 it's so Doyoung like, it's wonderful 🩷 I can't wait to see the album 😍",0,2024-04-04T17:08:44Z,2024-04-04T17:08:44Z
UgxHUU1Ebo0EthDu9UF4AaABAg,,False,@simonbonde9123,So proud! SM's pride Kim Doyoung,0,2024-04-04T17:08:39Z,2024-04-04T17:08:39Z
UgwtFaPYf0urN3HfHV94AaABAg,,False,@L.PEDITS,So Beautiful OMG😭😭😭❤❤❤❤,0,2024-04-04T17:08:39Z,2024-04-04T17:08:39Z
UgzRIVjXLajrG8OxCRt4AaABAg,,False,@Leejihyeonothinglove,나의 청춘 한 가운데에 너가 있어줘서 고마워 우리 각자의 서사를 끝까지 예쁘게 써내려가자,6,2024-04-04T17:08:15Z,2024-04-04T17:08:15Z
UgzXjkySkvvcTC4SKv54AaABAg,,False,@Kadilofri,"Feels like it’s a production of Disney, he’s a prince",2,2024-04-04T17:08:04Z,2024-04-04T17:08:04Z
UgyA1HZPefq7K7PdmNN4AaABAg,,False,@hmmia-8263,MY SOLOIST KIM DOYOUNG 🩵🩵🩵🩵,0,2024-04-04T17:07:38Z,2024-04-04T17:07:38Z
Ugxd7t5rI4wu8AQh1YB4AaABAg,,False,@simonbonde9123,I'm so happy!! Doyoung means so much to me,0,2024-04-04T17:07:35Z,2024-04-04T17:07:35Z
Ugzdi_CwJXK_zDnNsRh4AaABAg,,False,@Kadilofri,정말 예뻐,5,2024-04-04T17:07:22Z,2024-04-04T17:07:22Z
Ugyh-EZMs0OJxFudaol4AaABAg,,False,@장크림-q5w,너의 청춘이 담긴 첫 정규 앨범. 따스한 새봄의 노래처럼 너의 추억속에는 안좋은 기억들보단 청춘의 추억이 더 많았으면 좋겠다 김도영,5,2024-04-04T17:07:19Z,2024-04-04T17:07:19Z
UgzqeJ-0szhf49DMhDx4AaABAg,,False,@itsme-tp6yu,"So doyoung code, just perfect",0,2024-04-04T17:07:13Z,2024-04-04T17:07:13Z
UgxOeSt0xxGUdv6eX094AaABAg,,False,@ro0ket_art,Beautiful💙🌊,0,2024-04-04T17:06:59Z,2024-04-04T17:06:59Z
UgzMfyXXewABULdGXKJ4AaABAg,,False,@깡총-i6l,떠오르는 말은 너무 많은데 뭐 어디서부터 시작해야할지ㅠㅠㅠ 진짜 대박이다 도영아ㅠㅠ 1분30초동안 숨도 안쉬고봤어 눈물나진짜ㅠㅠ,27,2024-04-04T17:06:32Z,2024-04-04T17:06:32Z
UgxXO-7qYzjXa8qYjBB4AaABAg,,False,@Kadilofri,와 미쳤다 ㅠㅠ,2,2024-04-04T17:06:23Z,2024-04-04T17:06:23Z
UgzqgQ6S4YpWgPEtE994AaABAg,,False,@afriandapramd,도영 오빠가 최고야~~,3,2024-04-04T17:06:00Z,2024-04-04T17:06:00Z
UgzlBmAPGFkyeVXkCQZ4AaABAg,,False,@J1NNIJ,너무 아름답다…,2,2024-04-04T17:05:47Z,2024-04-04T17:05:47Z
UgzSsVJ3j-pXlR9gGpJ4AaABAg,,False,@hasibahaliaputeri5981,Omaygattt cant waitt for this doyongieee,0,2024-04-04T17:05:39Z,2024-04-04T17:05:52Z
UgwMbyeMO4IfMcJTTOZ4AaABAg,,False,@김미라-c1z,너의 다음 이야기가 궁금해서 오늘도 내일도 버티어볼까 한다. 위로가 되어줘서 고마워,4,2024-04-04T17:05:30Z,2024-04-04T17:05:30Z
UgzPq0_3h4X5-PXRU5Z4AaABAg,,False,@afriandapramd,도영 오빠가 최고야~~,3,2024-04-04T17:05:27Z,2024-04-04T17:05:27Z
UgxpvS2cy1yA8GuBkgx4AaABAg,,False,@user-cocokcush,오 생각지도 못했던 일본 그 마코토영화 ost갬성으로 나온게 오히려 너무 좋은데?? 기대된다 4월 푸짐하네 ㅎㅎㅎ,2,2024-04-04T17:05:13Z,2024-04-04T17:05:13Z
UgzY-5qczNiDmWTEiUl4AaABAg,,False,@김도영-r4h,너무 사랑해 도영아,4,2024-04-04T17:05:01Z,2024-04-04T17:05:01Z
UgwfuCWQexm-Z-M_qgJ4AaABAg,,False,@매슐리,도영아 고마워 노래해줘서💚,3,2024-04-04T17:04:27Z,2024-04-04T17:04:27Z
UgySEFBVqyPASqiM7Vh4AaABAg,,False,@jessicanovia_02068,Can wait to look full ver more ... 도 영 이 your are cool ... And always proud of you 😍😍😘🥹😭,0,2024-04-04T17:03:46Z,2024-04-04T17:03:46Z
Ugwh3v-oAz37f2-9h054AaABAg,,False,@은우-b1j,도영이가 노래하는 청춘은 어떨지 너무 기대된다.. 분명 찬란하게 빛나겠지?,62,2024-04-04T17:03:45Z,2024-04-04T17:03:45Z
UgwyEMJKIf-1DPPl7zZ4AaABAg,,False,@do_zero_,"여기있는 댓글들 다 도영이가 봤으면 좋겠어요
보고 힘 와방얻고 언제나 행복하게 노래할 수 있는 도영이가 되길 사랑해!!!!!!",835,2024-04-04T17:03:45Z,2024-04-04T17:03:45Z
UgzN8pftXwajMiGMLax4AaABAg,,False,@imtangu,도영이 보컬을 진짜 미첬다… 너무 촣아😭 화이팅! 💖🤏🏻,5,2024-04-04T17:03:43Z,2024-04-04T17:03:43Z
UgzkoN-ehBQOsFFIGlF4AaABAg,,False,@もくも-o8c,"まだティーザーなのに、優しいメロディーからドヨンの透き通ってるかつ力強い声でちょっと泣きそうになった…。
新海誠さんの映画で主題歌とかになって欲しい感じ…。",0,2024-04-04T17:03:33Z,2024-04-04T17:03:33Z
Ugz1Z-S5GdpUQscVc-14AaABAg,,False,@eridmczn,Why is this so Radwimps coded???? 😱 aamakjdjddkdksnddjksnxhdkd,0,2024-04-04T17:03:30Z,2024-04-04T17:03:30Z
UgxR6x6flnV9LBspmwh4AaABAg,,False,@srihastutie5438,Baru x ini nangisin Idol,0,2024-04-04T17:03:16Z,2024-04-04T17:03:16Z
UgzlwQWrYlbUI6Tiw4p4AaABAg,,False,@xdlyon_lyonxd,DOYOUNG the siren in the ocean 😎,1,2024-04-04T17:03:10Z,2024-04-04T17:03:10Z
UgwDsmOdOhiuXd4pWxF4AaABAg,,False,@orange6267,너무너무 따뜻하구 다정하다🥹 도영아 고맙구 사랑합니다아아🫧🍀,2,2024-04-04T17:03:00Z,2024-04-04T17:03:00Z
UgxmS7ohgRCnwLN2Nfl4AaABAg,,False,@harisa09,Cinematic masterpiece,0,2024-04-04T17:02:36Z,2024-04-04T17:02:36Z
Ugy9Y80l1qtzg6twVY94AaABAg,,False,@ys421,도영아 너의 첫번째 솔로앨범을 응원해! 기대하고 있을게❤️ 이것만 들어도 너무 좋다ㅜㅜㅜ,3,2024-04-04T17:02:15Z,2024-04-04T17:02:15Z
UgwPnwZiwiKzzX99fkR4AaABAg,,False,@glazeddonuts_,와 뮤비 너무 예쁘다 ㅎㅎㅎ 노래도 짧게 듣는것만으로도 이정도로 좋으니까 넘 기대된당,36,2024-04-04T17:02:03Z,2024-04-04T17:02:03Z
UgxIAiRpRQUL1BqHwBd4AaABAg,,False,@nctox00,Doyoung You're the best,1,2024-04-04T17:01:56Z,2024-04-04T17:01:56Z
Ugz5T5mMCj-Ey2RGm8Z4AaABAg,,False,@metoy2158,doyoung sekalinya comeback bikin merinding. BAGUS BANGET WEHHH,1,2024-04-04T17:01:40Z,2024-04-04T17:01:40Z
UgyyvMu6jrmMmHP_yDZ4AaABAg,,False,@heeheehih,올 쫌 쩔어따 도영아,3,2024-04-04T17:01:33Z,2024-04-04T17:01:33Z
UgyzC7PtvPFKcnVbEmd4AaABAg,,False,@alpakady4981,"I watched smiling and with teary eyes from beginning to end, I'm so happy and proud, I'm sure everything will be beautiful and perfect.
DoYoung-ah can't wait to hear your album and infinite loop",0,2024-04-04T17:01:28Z,2024-04-04T17:01:28Z
Ugzegho7NkQh_p_2INp4AaABAg,,False,@낮말은새가듣고반-n8n,아 예쁘다 목소리도 얼굴도 마음도 너무예쁘다,5,2024-04-04T17:01:25Z,2024-04-04T17:01:25Z
UgzCXZnjLFb3Q-jlFKl4AaABAg,,False,@suzyobless237,Doyoung video is so creativity in nature😍 I can't wait to see the video..,0,2024-04-04T17:01:21Z,2024-04-04T17:01:21Z
UgxD4rsu5_Ata8sLrVF4AaABAg,,False,@0nmy_heart,도영아 노래 해줘서 고마워 김도영의 노래를 들을 수 있어서 행복하다,4,2024-04-04T17:00:29Z,2024-04-04T17:00:29Z
Ugztj4Tg7Ld74TguisR4AaABAg,,False,@냥-u3o,그냥 김동영 자체가 청춘이자 희망이야,3,2024-04-04T17:00:24Z,2024-04-04T17:00:47Z
Ugz2ltF08uM1LPNVJWp4AaABAg,,False,@naam1657,Watching this in 2160p is so satisfying. I need the 4k version.,2,2024-04-04T17:00:18Z,2024-04-04T17:00:18Z
Ugy9oK3STicLX3Np5Wd4AaABAg,,False,@세상에-e4b,엥 개좋아 도영이 같은 노래로 돌아와줘서 고마워 🐰,3,2024-04-04T17:00:03Z,2024-04-04T17:00:03Z
Ugy0_mSA-YYoLr7ygYF4AaABAg,,False,@kimhg4354,🐇💜💙💜💙💜💙💜💙💜💙💜💙💜,1,2024-04-04T16:59:58Z,2024-04-04T16:59:58Z
UgwduWFl-YNTksy3rih4AaABAg,,False,@ae_wonbin,💙😭🥹🐰,1,2024-04-04T16:59:55Z,2024-04-04T16:59:55Z
UgyAG7wOCGJH4aBURDR4AaABAg,,False,@LanNguyen-lw4yb,So Doyoung 😭💚😭,0,2024-04-04T16:59:37Z,2024-04-04T16:59:37Z
Ugytz6onwENx9zhO1tl4AaABAg,,False,@bellovebya4661,"Youth, realmente es muy doyoung 
No puedo estar más orgullosa de ti, no puedo esperar para que salga el álbum el 22
Tienes mi alma entera doyoung, tu voz es simplemente increíble 
No hay palabras para describir lo amado que eres por todos ♡
Gracias por darnos tantas alegrías! Te amoooooo",0,2024-04-04T16:59:27Z,2024-04-04T16:59:27Z
UgywX8OTMN-q_DrmkvV4AaABAg,,False,@larabelfort6556,THIS IS BEAUTIFUL DOYOUNG!!!!,0,2024-04-04T16:59:04Z,2024-04-04T16:59:04Z
Ugz0TT3V_99wu66dQwZ4AaABAg,,False,@detadeti2057,"OH MY GOD, I LOVE IT ㅠㅠㅠㅠ",0,2024-04-04T16:58:50Z,2024-04-04T16:58:50Z
UgxYUcCCAJCJWsPTyXd4AaABAg,,False,@krislane4533,"This looks like a movie, and his magical voice is great",0,2024-04-04T16:58:36Z,2024-04-04T16:58:36Z
UgxTVcjcvvKbf1MwmWZ4AaABAg,,False,@mjme00,The best vibe for spring season full of spirits of hope and dream. Doyoung makes sure to give us the best work with no regrets. Thank you so much,0,2024-04-04T16:58:28Z,2024-04-04T16:58:28Z
Ugx9jhbuDDJdqY_EISt4AaABAg,,False,@valeriacn,Dodooooooo I’m so hapoy :)) So beautiful!! 💚💚,0,2024-04-04T16:58:28Z,2024-04-04T16:58:28Z
UgwLa_QWRxqmPrn_TX54AaABAg,,False,@trashere,i always love doyoung's voice❤,0,2024-04-04T16:58:25Z,2024-04-04T16:58:25Z
UgzQJ8pF51Q7irUAAXh4AaABAg,,False,@wish_for,네가 내 청춘의 한 줄기 빛이 되어줌에 감사해 도영아,5,2024-04-04T16:58:16Z,2024-04-04T23:12:12Z
UgzH7fWbQWGcC19F6Gl4AaABAg,,False,@nastynat2002,Damn that voice. Angelic voice. This is DY right there.,0,2024-04-04T16:57:57Z,2024-04-04T16:57:57Z
UgzafwmYfpFhKS4AvGl4AaABAg,,False,@됴됴-j2q,너무 도영이답다 그래서 너무 좋다..말도 안될정도로 진짜 너무 좋고 노래 자체가 도영이다.. 항상 옆에서 응원하고있어 도영아,82,2024-04-04T16:57:52Z,2024-04-04T16:57:52Z
Ugy118JBgurkq9NiPYV4AaABAg,,False,@jungwonspaws,Why is this one pf the most beautiful things i have ever seen omg,0,2024-04-04T16:57:52Z,2024-04-04T16:57:52Z
UgymAHzl-bKk1xqLv2N4AaABAg,,False,@rifdahiaa,Disney vibes,1,2024-04-04T16:57:19Z,2024-04-04T16:57:19Z
Ugyiz5mbj6ZT61R6eOF4AaABAg,,False,@luanne04,"이거 보고 나 왜 눈물이 나지...?
도영이가 하고 싶은 음악을 다 하자! 언제나 응원하고 사랑해♡",3,2024-04-04T16:57:13Z,2024-04-04T16:57:13Z
UgxNRAotgKbbi8h-6qJ4AaABAg,,False,@bellovebya4661,Amamos el concepto dios,0,2024-04-04T16:56:51Z,2024-04-04T16:56:51Z
UgzYIx2r8sXGLstWq814AaABAg,,False,@do201_,ㅁㅊ다,0,2024-04-04T16:56:43Z,2024-04-04T16:56:43Z
UgztS1d5mfyjykK2Hyx4AaABAg,,False,@wooluv3r,"Doyoungie I'm so EXCITED for you, I had tears rolling down my cheek. I'm so proud LET'S GO 💚💚",0,2024-04-04T16:56:41Z,2024-04-04T16:56:41Z
UgxEwzVCVRH2HvCfIO94AaABAg,,False,@bellovebya4661,Te amo con toda mi almaaaa,0,2024-04-04T16:56:39Z,2024-04-04T16:56:39Z
Ugyh9k_ZGQhGYr9ePxt4AaABAg,,False,@raynathavannessa1278,"doyoung doppus has been waiting for this all this time, thank you doyoung you did an amazing job for this. this is beyond my expectations",0,2024-04-04T16:56:22Z,2024-04-04T16:56:22Z
Ugx1hQmLu2TERED5XZZ4AaABAg,,False,@user-sx6ng4fo6j,청춘을 노래하는 도영이의 청춘을 함께 할 수 있어 행복하다! 도영아 행복하게 노래해! 그거면 돼. 꿈꿔왔던 곳으로 함께 날아가자 ㅎㅎ,5,2024-04-04T16:56:02Z,2024-04-04T16:56:02Z
Ugzhr7xINIeWop-jTaR4AaABAg,,False,@ls88tth59,도영아 나는 증말루 도프이자 시즈니라서 너무 행복해..♡,4,2024-04-04T16:55:59Z,2024-04-04T16:55:59Z
UgzhAVslcR2cJjkFxOJ4AaABAg,,False,@like_a_rainbow-ty7,와ㅏㅏㅏㅏ도영이가 나한테는 신이다💚너무 기대되잖아😍💚우리도영이 화이팅💚,2,2024-04-04T16:55:51Z,2024-04-04T16:55:51Z
UgyblT1scIBifPcvfCF4AaABAg,,False,@DearYouth_ID,sooo amazinggggg,0,2024-04-04T16:55:48Z,2024-04-04T16:55:48Z
UgzIjPnv2wIMRUbw-2V4AaABAg,,False,@sueda6247,"Wow okay this was overwhelming. 😭 Literally just been sitting here for the past 40 mins with tears in my eyes... Doyoung 🥺 This is so Doyoung... its more beautiful than what I could have imagined it to be like. I've always dreamed of his solo and this looks like an actual movie trailer depicting his inner world 😭💞

THIS IS FOR HIS SOLO ALBUM HIS FULL ALBUM WITH 10 SONGS ON IT. I CAN'T BELIEVE IT. SO MANY NEW SONGS. AND ONLY HIM 🤧THIS MIGHT BE THE FIRST TIME I'LL EVER BE SATISFIED WITH THE AMOUNT OF DOYOUNG VOCALS ON ONE ALBUM
(I won't be there is never enough)
| WILL FINALLY HAVE NO BREAK FROM HIM ON ONE FULL PROJECT 😭😭😭 AN ALBUM FOR ME 4 LIFE <3 BY MY FAV VOCALIST, FAV VOCAL TONE & MY FAV PERSON

It still feels so unreal but at the same time I'm already holding onto this era emotionally like crazy
already don't wanna let go of it and don't want it to end 🐠",1,2024-04-04T16:55:35Z,2024-04-04T16:55:35Z
Ugwkws6pkc69Dc_f0bF4AaABAg,,False,@abw9839,🥹🩵🩵🩵🩵🩵🩵🩵🩵,0,2024-04-04T16:55:29Z,2024-04-04T16:55:29Z
UgygZtalR6U5B8Cdnyd4AaABAg,,False,@ls88tth59,디즈니 인어공주팀 여러분 보고계신가요..?저희는 이런 심해를 원했습니다..,5,2024-04-04T16:55:24Z,2024-04-04T16:55:24Z
UgwL_sorlJF-KDqJKSl4AaABAg,,False,@무지개구름-v6o,도영아 사랑해 진짜,3,2024-04-04T16:55:23Z,2024-04-04T16:55:23Z
UgzLp1s4VnfbZh2EjJx4AaABAg,,False,@k-unnie,Its just a teaser and im already crying like what will i do when the full song comes out,1,2024-04-04T16:55:21Z,2024-04-04T16:55:21Z
Ugzpfe5etZFSal5S9CZ4AaABAg,,False,@annick3017,this is so beautiful why am i already crying??? I'm so proud of you doie,0,2024-04-04T16:55:08Z,2024-04-04T16:55:08Z
UgyG4VWtYlfChs9ipv94AaABAg,,False,@bellovebya4661,ES HERMOSOOOOOO,0,2024-04-04T16:55:08Z,2024-04-04T16:55:08Z
Ugy7QQiwNpVyuD0RPxd4AaABAg,,False,@nn97nn15,"도영오빠 첫 솔로앨범 너무너무 축하해요ㅠㅠ
보통 유튜브 댓글을 안 쓰는데 오빠 노래 들어서 떠오른 생각이 좀 있어서 여기에 남기려고 해요. 
tmi인데 내가 원래 같은 사람을 계속 좋아하는 타입이 아니었고 이건 좀 현실적인 이야기기도 하지만 이렇게 긴 시간 동안 돈을 들여서 응원하는 사람은 오빠가 처음이거든요. 
그리고 내가 일본인이라 처음엔 언어 문제도 있어서 오빠가 해주는 아름답고 예쁜 말들을 충분히 이해 못할 때도 사실 있었어요. 
근데 항상 노력하고 열심히 사는 모습을 보여주는 오빠를 보고 나도 한번 해보자는 마음으로 독학으로 토픽6급도 취득했어요. 내가 한국어 공부를 시작한 이유도 동기부여도 다 오빠였어요. 내가 오빠보다 한 살 연하라 이제 젊진 않은 나이긴 하지만 올해는 워홀로 한국에 가고 싶다는 새로운 목표도 생겼어요. 
내 청춘은 도영오빠에요. 
지금까지도 앞으로도 많이 사랑하고 평생 응원할께요. 
오빠도 오빠가 좋아하는 노래를 평생 해주길 바래요. 
노래 해줘서 고마워요.",6,2024-04-04T16:54:59Z,2024-04-04T16:54:59Z
Ugz9XioW8ZSiA_PpvE94AaABAg,,False,@Lizille97,Doyoung's voice is beautiful. 😊,0,2024-04-04T16:54:41Z,2024-04-04T16:54:41Z
UgyPSgYJWkW4KNgG4Ph4AaABAg,,False,@Pamalaintanimeladesi,Masyallah suara nya ❤,0,2024-04-04T16:54:21Z,2024-04-04T16:54:21Z
Ugw7ZVcdvT0AVIUk5UJ4AaABAg,,False,@ninas8210,this is already so majestic... can't wait to listen to the album,0,2024-04-04T16:53:55Z,2024-04-04T16:53:55Z
UgzwHuequKyFp_RD2vt4AaABAg,,False,@justrina892,💚🐰🌊🐡💫,1,2024-04-04T16:53:51Z,2024-04-04T16:53:51Z
UgxhC43EXG0c_VI_5Yt4AaABAg,,False,@theRADICAL--GNARLYduo,Why is the giving me little mermaid vibes? Still it’s going to be awesome 👏 😎,0,2024-04-04T16:53:36Z,2024-04-04T16:53:36Z
Ugw-k32usIZYsRhnwKt4AaABAg,,False,@suddenshift1231,Loving the vibes! Water/Ocean/Blue concept is soooo Doyoung,0,2024-04-04T16:53:28Z,2024-04-04T16:53:28Z
UgzxBZtZfRYLACFkq094AaABAg,,False,@김하트-ehdoe,도영이의 청춘은 언제나 노래구나 그런 너의 청춘을 따라가고 싶게 만든다,9,2024-04-04T16:53:19Z,2024-04-04T16:53:19Z
UgwA9Ld4SmAiqu945M94AaABAg,,False,@suddenshift1231,Wow kim doyoung!,0,2024-04-04T16:52:57Z,2024-04-04T16:52:57Z
UgxcMZLrV-W2nLiBImd4AaABAg,,False,@nct_,"도영이에게 1번인 노래가 
나한텐 너를 사랑하는 이유 중 1번인데
오롯이 너의 목소리로 꽉 채운 앨범을 들을 날이
머지 않았다는 생각에 너무 기대되고 기뻐

그 시작인 새봄의 노래, 시작부터 너무 좋다!
지금까지 함께 그려온 청춘의 크고 작은 포말들이 가득 담긴 YOUTH.

나침반이 향하는 곳에 함께 가자 나는 늘 준비되어 있으니까 오래오래 하고싶은 만큼 노래 하길 바라

너의 노래의 확신이 되어줄게
노래해줘서 고마워 도영아🌊🩵",3,2024-04-04T16:52:56Z,2024-04-04T16:52:56Z
UgyokWpGBSBK0Esztth4AaABAg,,False,@The14thNight,I love you Doyoung!! 💚 💚💚💚,0,2024-04-04T16:52:17Z,2024-04-04T16:52:17Z
UgwCw6mOz3aCLdvfbDp4AaABAg,,False,@Artbeatfans-00,Our voice angel doyoungie❤❤🔥,0,2024-04-04T16:52:03Z,2024-04-04T16:52:03Z
UgzhM6w2dAr_zfChAbN4AaABAg,,False,@lulashepard3253,"Wow! Finally! It’s actually happening. What a beautiful teaser for whatever is to come. His KOMS appearance seems like ages ago, so a solo album feels way overdue. I’m really excited for this. ❤️",0,2024-04-04T16:51:59Z,2024-04-04T16:51:59Z
UgygbGkBjH1bwjsvm8V4AaABAg,,False,@Kei-lu1zg,"It is too beautiful! I'm crying :"")",0,2024-04-04T16:51:52Z,2024-04-04T16:51:52Z
UgwOvSXOdU9-tM275UV4AaABAg,,False,@toniii4321,노래 넘 예쁘다 ㅠㅠㅠㅠ,1,2024-04-04T16:51:38Z,2024-04-04T16:51:38Z
Ugz-lL0izPNJFMyWJzl4AaABAg,,False,@kdyjnk8297,"This is so magical wow
The vocals are no joke! 
Kim Doyoung, I'll be cheering for you!",0,2024-04-04T16:51:31Z,2024-04-04T16:51:31Z
Ugy0Z7KdPzAIMhv-5rd4AaABAg,,False,@DOIZEN_NCTZEN,I LOVE U DOYOUNG 💚💚💚,0,2024-04-04T16:51:20Z,2024-04-04T16:51:20Z
UgzZopFooEEunmDhaJp4AaABAg,,False,@claurangel7555,Handsome Doyoung!!!,1,2024-04-04T16:50:42Z,2024-04-04T16:50:42Z
UgyMVAr9PqD5Qz9hDdh4AaABAg,,False,@neogoldfish,here i am after crying my eyes out this is beautiful! i love it sm i hope 22nd will come sooner 🥹,0,2024-04-04T16:50:41Z,2024-04-04T16:50:41Z
UgwqxujFB85lU1HzDBN4AaABAg,,False,@zakiaa.a,"This truly describes Doyoung, a combination of beautiful voice, beautiful music, and also an incredibly beautiful video. Doyoung and the team have worked hard on this beautiful thing, you guys are awesome💙🌊🌸",0,2024-04-04T16:50:40Z,2024-04-04T16:50:40Z
Ugy5KoB6KeHedQYOJLx4AaABAg,,False,@NiDoy-uy4rl,I wanna cry everything is so beautiful,0,2024-04-04T16:50:22Z,2024-04-04T16:50:22Z
UgxQ5WgEiz4AXnJaE9d4AaABAg,,False,@jjw.haruuuto,OMG!!!,0,2024-04-04T16:50:16Z,2024-04-04T16:50:16Z
UgwDMaBORadZZFHAbj14AaABAg,,False,@Wryr5191,How can I wait until Apr 22!!!,0,2024-04-04T16:50:01Z,2024-04-04T16:50:01Z
UgyY7tWCOWcP0XyMnCh4AaABAg,,False,@do0_hyeon21,청춘의 한가운데에 서있는 도영아 앞으로의 청춘도 응원할게 사랑해,2,2024-04-04T16:49:58Z,2024-04-04T16:49:58Z
Ugy-W1Ckzd-KtmtifyB4AaABAg,,False,@smet5775,마음이 감동으로 꽉 차요,1,2024-04-04T16:49:55Z,2024-04-04T16:49:55Z
UgxfBp86I8bkORIvDYN4AaABAg,,False,@haneen9680,So excited ❤,0,2024-04-04T16:49:34Z,2024-04-04T16:49:34Z
UgyXX5snE-ufWzO2q294AaABAg,,False,@NiDoy-uy4rl,Kim Doyoung you are amazing!!!!,0,2024-04-04T16:49:13Z,2024-04-04T16:49:13Z
Ugxb1oFKr_l8KNpq23t4AaABAg,,False,@CalmnessCaree33,Beautiful and airy just like his majestic voice 💚😊.,0,2024-04-04T16:48:27Z,2024-04-04T16:48:27Z
UgwxQKQZ0sIBrygVDJV4AaABAg,,False,@annafergy3899,Somewhere out there... in the very beginning shots... Ariel is hiding 🧜‍♀️,0,2024-04-04T16:48:23Z,2024-04-04T16:48:23Z
Ugxh88V4-MAKtHq7S5F4AaABAg,,False,@자각몽,우와 가슴 벅찬다 진짜.. 도영아 첫 솔로 앨범 내는거 축하하고 항상 이쁜노래 해줘서 고마워,2,2024-04-04T16:48:07Z,2024-04-04T16:48:07Z
UgxeeMAFEgTiCUAJhuZ4AaABAg,,False,@saltikgaliyeva6542,"A fairy tale is waiting for us! Doyounga,I'm so proud of you!So aesthetically pleasing! I want to cry! Love you!Waiting….",1,2024-04-04T16:47:48Z,2024-04-04T16:49:45Z
UgwtbxSregheifb-3St4AaABAg,,False,@user-dj5yh3gg46,아개좋은데????????????????,1,2024-04-04T16:47:38Z,2024-04-04T16:47:38Z
UgwXXSkz5HcDFIxW4wp4AaABAg,,False,@dear_dy,사랑해요 도영아~ 노래해줘서 너무 고마워 🩵,1,2024-04-04T16:47:26Z,2024-04-04T16:47:26Z
UgwwwGU6nAXseITgCYB4AaABAg,,False,@sumixing7649,Doyoung in his Disney Prince era,0,2024-04-04T16:47:22Z,2024-04-04T16:47:22Z
UgzND27AR32YplIp9sF4AaABAg,,False,@심혜인-o9z,"너무나 도영스러운 노래…🥺
처음 들으면서 소름 돋고 울컥했어..🥹
선물같은 앨범 가져와줘서 고마워 도영아🩵",1,2024-04-04T16:47:20Z,2024-04-04T16:47:20Z
Ugy9susdt0nQWvQ5OzJ4AaABAg,,False,@Wryr5191,Dolo is coming!!!!!! Feel like I’m in a musical show 💚✨ So Gorgeous,0,2024-04-04T16:47:09Z,2024-04-04T16:47:09Z
UgzMjRRBR8qKnl32K9p4AaABAg,,False,@josef0009,Finaly the main vocalists are starting to release albums. I have been waiting for so long.,1,2024-04-04T16:46:23Z,2024-04-04T16:46:23Z
UgyqznPMT84t-G0qZlR4AaABAg,,False,@cutie3.jaemin,❤❤❤,0,2024-04-04T16:46:18Z,2024-04-04T16:46:18Z
UgxDqT6DLQAGkDKbhbN4AaABAg,,False,@보우-x1c,이런퀄이면 10곡다 레코다 있어야댐,1,2024-04-04T16:46:17Z,2024-04-04T16:46:17Z
Ugw9j08LfXVcrEk1Z7l4AaABAg,,False,@ayuwulan20,this is so brilliant and beautiful idea!!! it’s very doyoung coded!!!!! Cant wait for DOLO!!! it’s gonna be amazing!!!!,0,2024-04-04T16:46:10Z,2024-04-04T16:46:10Z
UgwlvS94WZI2GMJcplV4AaABAg,,False,@bestdoyoungnista884,todo tan bonito casi tanto como tú mi niño,0,2024-04-04T16:46:08Z,2024-04-04T16:46:08Z
UgywXntCmuFgnEKiDEp4AaABAg,,False,@bibilqss,"it makes me want to cry, im always proud of u & i'll  always love u. uri doyoungie 🤍!",0,2024-04-04T16:46:05Z,2024-04-04T16:46:05Z
Ugy_24I2E-j6YkEVJ5t4AaABAg,,False,@bestdoyoungnista884,esto es tan tú que estoy llorando,0,2024-04-04T16:45:53Z,2024-04-04T16:45:53Z
Ugwg2BUG4HCW1pT5KoB4AaABAg,,False,@bestdoyoungnista884,te extrañé TT,0,2024-04-04T16:45:40Z,2024-04-04T16:45:40Z
UgySywL0qkV4WvnkOY54AaABAg,,False,@bestdoyoungnista884,MI AMOR HERMOSO ESTOY LLORANDO ERES TAN PERFECTO ESTOY MUY ORGULLOSA DE TI NENE,0,2024-04-04T16:45:30Z,2024-04-04T16:45:30Z
UgzgDItQ9rGKBwZSRq54AaABAg,,False,@sofihirata,I LOVE THIS SO MUCH ALREADY!! Can't wait to support and love my beautiful bias on his first ever solo project s2s2s2,0,2024-04-04T16:45:27Z,2024-04-04T16:45:27Z
UgzRyWn1Y4U3lW-TMJd4AaABAg,,False,@gxrye-u8j,"대박대박,, 영화다 영화.. 청량하고 맑은 도영이 음색이 잘 들어가있을 거 같애!! 너가 내 청춘인데 내 청춘이 ‘청춘의 포말’을 부르다니..,, 너무 기대 돼💚🩵",0,2024-04-04T16:45:13Z,2024-04-04T16:45:13Z
UgzLmAjw2umOYN06i9x4AaABAg,,False,@bestdoyoungnista884,MI AMOR,0,2024-04-04T16:45:03Z,2024-04-04T16:45:03Z
UgxIJmDQoX5eJQyWdvp4AaABAg,,False,@bluebunnie_20,everything is so pretty! i'm excited for the album.,0,2024-04-04T16:45:02Z,2024-04-04T16:45:02Z
UgxEnlxxnihnaRPQZ0d4AaABAg,,False,@Kmiri314,"온세상을 가득 힘차게 노래하는 너와 언제까지나 함께할게
너의 청춘을 그리고 나의 청춘을 노래해줘서 고마워",2,2024-04-04T16:44:16Z,2024-04-04T16:44:16Z
UgyeEJ1bvZb712kiCAd4AaABAg,,False,@보우-x1c,포카리스웨트 왜 마심? 김도영이 있는데,0,2024-04-04T16:44:08Z,2024-04-04T16:44:08Z
UgyzIysvjAGbWHYqh1t4AaABAg,,False,@jnkjungdy9052,The best!!,0,2024-04-04T16:43:53Z,2024-04-04T16:43:53Z
UgxiF7OiU6OdZdZhicx4AaABAg,,False,@meowmeoweyes2299,🩷🩷🩷🩷🩷🩷🩷🩷,0,2024-04-04T16:43:39Z,2024-04-04T16:43:39Z
UgwL3I_RlgKmB6VGW0R4AaABAg,,False,@BrianaGalicia-l8h,q bonito concepto <3,0,2024-04-04T16:43:08Z,2024-04-04T16:43:08Z
UgyKSZ81EfmH2WTHc_F4AaABAg,,False,@ingridvzr,"you are doing an amazing job with Youth, Doie 💕",0,2024-04-04T16:43:00Z,2024-04-04T16:43:00Z
UgwUrr0LrnVwxJR1V5h4AaABAg,,False,@송송가,노래할때 제일 즐겁고 행벅해보이는 도영오빠 이번 앨범도 기대하고 기다릴게요💚💚💚,146,2024-04-04T16:42:49Z,2024-04-04T16:42:49Z
UgyiSMeIx3-FAqR85L54AaABAg,,False,@mi-qd2du,눈물이 멈추질 않는다...예쁜 노래 준비해줘서 고마워 도영아,0,2024-04-04T16:42:21Z,2024-04-04T16:42:21Z
UgwOrEQjaCbTFcthh9Z4AaABAg,,False,@neoterritory,beautiful voice i've ever heard.. doyoung thank you for singing 🩵,0,2024-04-04T16:42:20Z,2024-04-04T16:42:20Z
UgzLnFNamp1NRy4L87F4AaABAg,,False,@KatukiDo,Kim Dongyoung ocean goddess!!!💙💙💙🌊🌊👑👑,0,2024-04-04T16:42:09Z,2024-04-04T16:42:09Z
UgxoY3099WBp12tpniN4AaABAg,,False,@zzimann,내가 김동영 좋아하는 이유가 가득해 노래해줘서 고마워💚💚💚💚💚💚💚💚💚,0,2024-04-04T16:41:45Z,2024-04-04T16:41:45Z
UgyOaXrBynJdaZdrRGt4AaABAg,,False,@user-dp5yc9xb3k,"미칠거같다…. 내 청춘에 늘 있던 가수가 청춘을 노래하다니 아름답고 벅차오르는 기분 
심지어 봄에 나오는 곡 제목이 새봄의 노래야",6,2024-04-04T16:41:19Z,2024-04-04T16:41:19Z
UgyhrjFmhy1GNuJJTet4AaABAg,,False,@ayu_gyu,The only Disney Prince I know 🥹🫶🏻✨️,2,2024-04-04T16:41:17Z,2024-04-04T16:41:17Z
UgzsE9Z27BmJJG6vvJV4AaABAg,,False,@히히캣-z1o,와...도영 왕자님 🥲,1,2024-04-04T16:40:46Z,2024-04-04T16:40:46Z
UgyWlkF5WftR8XUnlXF4AaABAg,,False,@mxamourx,WHO'S EXCITED FOR DOYOUNG'S LONG-AWAITED SOLO DEBUT?? I SURE AM!!!!,0,2024-04-04T16:40:46Z,2024-04-04T16:40:46Z
UgybtTwmS3i28yqanj54AaABAg,,False,@deacaetano,LINDOOOO ❤❤❤❤❤❤,0,2024-04-04T16:40:43Z,2024-04-04T16:40:43Z
Ugw9KnzrFPPTwlA3xMF4AaABAg,,False,@nagituyanis,Everything is so beautiful 🥺🩵,0,2024-04-04T16:40:42Z,2024-04-04T16:40:42Z
Ugx9J3bueWmOrNGhtUF4AaABAg,,False,@yourname9601,Doyoung thank you for dedicating yourself to music ♡,0,2024-04-04T16:40:22Z,2024-04-04T16:40:22Z
UgwoZnhPNTdAEdecfwh4AaABAg,,False,@餃子-d1s,全てが綺麗で全てが儚くて正しくドヨンさんみたいだなと思いながら泣いてました。,0,2024-04-04T16:40:22Z,2024-04-04T16:40:22Z
UgyC5ZD437M_G5PODNd4AaABAg,,False,@imNctzen_,"인어왕자가 떠오름.
그리고
윤아가 찍었던 이니스프리 광고 느낌도 있다",0,2024-04-04T16:39:49Z,2024-04-04T16:39:49Z
UgxuJ_gBqINNOB7SdJx4AaABAg,,False,@foreveryoung6788,"The great song, the harmonious songs. Voice and sound of music it’s very stunning",0,2024-04-04T16:39:18Z,2024-04-04T16:39:18Z
UgwijLsqvBwTxQXR9kx4AaABAg,,False,@aethers.1233,Sooooo beautiful,0,2024-04-04T16:39:11Z,2024-04-04T16:39:11Z
UgxFwUkZ6gP4NguuWux4AaABAg,,False,@얌냠-h4z,청춘을 노래하고 싶다던 도영이의 마음이 어땠는지 느껴지는 노래라서 너무 좋고 벅차오른다ㅠㅠㅠㅠ,2,2024-04-04T16:38:54Z,2024-04-04T16:38:54Z
Ugw6BqsJnKH2vfu1-SZ4AaABAg,,False,@고미-x9w,너무 좋으면 말문이 막히는구나.. 도영아 노래해줘서 고맙고 앞으로 잘 부탁해 같이 오래 걷자,0,2024-04-04T16:38:19Z,2024-04-04T16:38:19Z
UgymUtJAPVMuQ75WQ1F4AaABAg,,False,@สุวพัชรศรีแสนตอ,🩵🩵🩵🩵,0,2024-04-04T16:38:17Z,2024-04-04T16:38:17Z
UgwDZeWWj6S2T_RZc_d4AaABAg,,False,@cutebunnyhops,"Doppus have been waiting for your solo, Doyoung! Soo happy and excited for a new chapter",0,2024-04-04T16:38:09Z,2024-04-04T16:38:09Z
UgyTdj1LYqge_nuLg3F4AaABAg,,False,@l_llaannii,미친듯이감동이야,0,2024-04-04T16:37:47Z,2024-04-04T16:37:47Z
UgwIQRoMpLHSkbKQoH54AaABAg,,False,@ilovesuga22,AAAHHHH i can’t wait doyoung you look so pretty 😭💗ill listen to all of your songs well~,0,2024-04-04T16:37:40Z,2024-04-04T16:37:40Z
UgwNk0nkAOg8QrFxrbp4AaABAg,,False,@얼음-f9h,도영이의 진심이 가득 담긴 노래를 들을 수 있다니 정말 행복하고 벅차다 … 늘 네가 하고자 하는 노래를 마음껏 하길 응원해,5,2024-04-04T16:37:13Z,2024-04-04T16:37:13Z
UgzSQhOBXBNSVd05fgh4AaABAg,,False,@cutebunnyhops,"Doyoung has pretty face, pretty voice, pretty heart and pretty vision 💓",0,2024-04-04T16:37:09Z,2024-04-04T16:37:09Z
UgyaIZn_Rdu8EFWcgJd4AaABAg,,False,@megha111,Masterpiece,0,2024-04-04T16:36:58Z,2024-04-04T16:36:58Z
Ugzv5pdpdiAEaaA-LlJ4AaABAg,,False,@Lala_lovely,สวยตั้งแต่แจ้งเตือนแล้วค่ะ🥰,0,2024-04-04T16:36:56Z,2024-04-04T16:36:56Z
UgxV3eTzjhJia7wrG3Z4AaABAg,,False,@kdy323,This sounds so much like a disney song i loove it,0,2024-04-04T16:36:56Z,2024-04-04T16:36:56Z
Ugy0F6TP1r6uXihVZ5d4AaABAg,,False,@maciejook7,This better not be a boring ballad album please,1,2024-04-04T16:36:49Z,2024-04-04T16:36:49Z
UgxOqg9cZn_9uNnqi194AaABAg,,False,@doieddonut,CRYINGGGG,0,2024-04-04T16:36:44Z,2024-04-04T16:36:44Z
UgzS9ksfikFCtY-6hnR4AaABAg,,False,@이하-i4x,이거 당장 영화관에 틀어줘요 나의 인어왕자 톢기,0,2024-04-04T16:36:39Z,2024-04-04T16:36:39Z
UgzoBCmOKk6xL033NjF4AaABAg,,False,@kdy323,His voice is everything,0,2024-04-04T16:36:37Z,2024-04-04T16:36:37Z
UgyqLoO4sSxorgcSDA54AaABAg,,False,@cutebunnyhops,"Wow Doyoung, I see how much thought and vision you put into this album. The concept is soo pretty",0,2024-04-04T16:36:34Z,2024-04-04T16:36:34Z
UgzpdHX5Vr8T7l84u914AaABAg,,False,@peonyflowers01,🌊🫧🧜🏻‍♂️,0,2024-04-04T16:36:31Z,2024-04-04T16:36:31Z
UgyjMwB73s_r_RcrXRN4AaABAg,,False,@kdy323,Its just so beautiful,0,2024-04-04T16:36:21Z,2024-04-04T16:36:21Z
Ugyw2KJ6ZnCOadwXXWV4AaABAg,,False,@유노-i2s,진짜 대박이다 이게 바로 도영이의 정체성 자체를 나타낸 것 같아 항상 진짜 새봄 같은 말투와 자세로 시즈니들을 대해줘서 고마워 우린 계속 믿고 있어!!,0,2024-04-04T16:36:18Z,2024-04-04T16:36:18Z
Ugx6mDY3LKBgfdEWcPB4AaABAg,,False,@yanhle17,"Ugh this is so beautiful, I can already tell this album gon make me bawl my eyes out",0,2024-04-04T16:36:13Z,2024-04-04T16:36:13Z
UgwxtYRjHWVOzCBOR-t4AaABAg,,False,@kdy323,Doyoung cowriting the lyrics cant wait to hear it all 😭,0,2024-04-04T16:36:09Z,2024-04-04T16:36:09Z
UgygmUOv1PTuN_QVFhV4AaABAg,,False,@eklisea,Doyoung's voice is a national treasure,5,2024-04-04T16:36:04Z,2024-04-04T16:36:04Z
UgxQqyf62F6ZWyYj6e54AaABAg,,False,@sufiahdasabilavanero-zr5qj,"정말 아름다운 컨셉 
나는 그것을 좋아한다 💗",0,2024-04-04T16:35:57Z,2024-04-04T16:35:57Z
Ugw--kWV2-LLEYa8z114AaABAg,,False,@cutebunnyhops,This is the prettiest intro I've ever seen. Doyoung has such eye for beauty! It's all soo pretty,0,2024-04-04T16:35:46Z,2024-04-04T16:35:46Z
Ugz8dQk5c0ZXtwQKQFR4AaABAg,,False,@tkfkdaksgdk,도영이가 언제 이만큼 큰 사람이 되었을까 생각하다 보면 그 시간을 함께 보내며 함께 자라난 내가 보인다는 게 너무 감사한 일인 것 같아 앞으로 향하는 걸음을 더 소중히 여길게 도영아 오늘을 노래해줘서 고마워,3,2024-04-04T16:35:27Z,2024-04-04T16:35:27Z
UgxFzqGNrAEnEe7aNx14AaABAg,,False,@aliilyiu,"Я НАКОНЕЦ-ТО ДОЖДАЛАСЬ СОЛО ДОЁНА , ПОБЕДА",0,2024-04-04T16:35:17Z,2024-04-04T16:35:17Z
Ugx3xXZNHU47LyN3Nv94AaABAg,,False,@ainundy2102,"doyoung thank you for everything! you are the definition of the most beautiful word ever and you represent all the beautiful things that exist in this world, I love you so much! thank you for working hard for anything, I'm waiting for the next surprise from you dear",2,2024-04-04T16:35:08Z,2024-04-04T16:35:08Z
Ugw1jYa5k1_oSAdWuFN4AaABAg,,False,@토끼집사-p1x,"도영이가 스포도 안하고 시즈니들한테 
짜잔 하고 보여주고 싶었을 마음이 너무 사랑스러워..🥺 도영이를 믿고 기다린 덕분에 훨씬 놀라고 훨씬 행복하다 너는 내 청춘이야🤍 이번 활동 진짜 후회없이 즐기자! 도영이가 우리한테 보여준 것 처럼 우리도 좋은 것만 보여줄거야 사랑해 도영아",3,2024-04-04T16:34:57Z,2024-04-04T16:34:57Z
UgzpyI2lTq5dVmBVfvh4AaABAg,,False,@kang4595,He's a Disney prince,1,2024-04-04T16:34:54Z,2024-04-04T16:34:54Z
UgyHlYPrfU92t1T6wXR4AaABAg,,False,@shshiaparna4021,Our mermaid DOYOUNG 🌊💙🩵💜,1,2024-04-04T16:34:52Z,2024-04-04T16:34:52Z
UgzLLM1odw63_BPQM5t4AaABAg,,False,@carlarv928,"I LITERALLY GOT CHILLS FROM THIS!!!!! OMGGG, our Doyoungie is so talented and he always conveys so much emotion when he sings 🥺🥺🥺 This sounds so much like him and I absolutely love itttt 🤍🤍🤍",1,2024-04-04T16:34:48Z,2024-04-04T16:39:30Z
UgxBltvHVqACKgZFgkx4AaABAg,,False,@shshiaparna4021,"OMGGGGGGGG 
This is soooooo beautiful........",0,2024-04-04T16:34:20Z,2024-04-04T16:34:20Z
UgxX6u47WMpVRMun9u14AaABAg,,False,@ThomtheArtist-js9kp,Beautiful video! The underwater scene was amazing. Is he a Merman visiting the surface world?,0,2024-04-04T16:34:13Z,2024-04-04T16:34:13Z
Ugx09-C4sPIicKWrHO14AaABAg,,False,@onelnyenyo,이래서 나한테 일찍 자지 말라고 했지????,0,2024-04-04T16:34:12Z,2024-04-04T16:34:12Z
UgxzCOu8SHz4OSlxtjx4AaABAg,,False,@rcy9491,"Cant wait 😭, I know u and in fall in luv with u frm ur voice, ur voice is really catch my attention as always💝💘✨🤏",0,2024-04-04T16:34:06Z,2024-04-04T16:34:06Z
Ugz1xHyzCTeeGQKpRgl4AaABAg,,False,@ayu_gyu,THE LITTLE MERMAID ARIEL WHO??? I ONLY KNOW KIM DONGYOUNG🧜‍♂️🩵,1,2024-04-04T16:34:00Z,2024-04-04T16:34:00Z
UgwInx4fCfH3aeRK2MR4AaABAg,,False,@uzlifatuljna,EVERYTHING ABOUT DOYOUNG IS SO BEAUTIFUL 🩵😭,1,2024-04-04T16:33:56Z,2024-04-04T16:33:56Z
Ugww7Xj_wVlaQCtp9Ah4AaABAg,,False,@jessi5288,I was fully expecting the pan through the ocean to end with Doyoung dressed like a merman. But it’s fine that it didn’t 😂 but his voice is so good. Excited about this!,0,2024-04-04T16:33:44Z,2024-04-04T16:33:44Z
Ugz4EuGCsE80E7rcYNV4AaABAg,,False,@anzeni8583,"아니 도영이 네가 우리 노랫소리 이쁜 인어왕자양~? 😊💙🤍 진짜 장면들이 너무 내 취향 영화 같아서 한번 더 한번 더 정말 계속 다시 보고 싶어져용~ 진짜 너무 이쁘고 멋진 필름이에용~ 🥺💙🤍 또 도영이 노랫소리로 이렇게 웅장한 노래 스타일을 불러서,, 진짜 너무 감동 시킨 예쁜 작품이에용~ 🥺💙🤍 그리고 마지막 장면은,, 정말 내게 많이 소중한 꿈 장면 같아서,, 신기하고 너무 좋아해용 진짜 진짜롱~~~~~ 🥺💙🤍 정말 사랑행 고마웡~ 이렇게 좋은 작품을 준비해주고 만들어줘서~ 🥺💙🤍 사랑행 🥰💖💚 힘내용~ 💖💚",0,2024-04-04T16:33:38Z,2024-04-04T16:33:38Z
UgyaFQVdSCBoeTcug614AaABAg,,False,@laurasarda,"Looks like an angel omg, I'm so excited to hear Dodo full album 💚",1,2024-04-04T16:33:38Z,2024-04-04T16:33:38Z
UgxNcGmC6HIhuQ_RT_Z4AaABAg,,False,@iamprecious97,대박나자❤❤❤,2,2024-04-04T16:33:36Z,2024-04-04T16:33:36Z
Ugwi3qDs83pCrThSVWJ4AaABAg,,False,@user-zero_love6,빛나는 너의 청춘을 바쳐줘서 너무 고마워 너를 좋아해 도영아,1,2024-04-04T16:33:32Z,2024-04-04T16:33:32Z
UgyS7aezq43EmvevSSp4AaABAg,,False,@MarkMarkwoo16-gz1sc,DOYOUNG OMG INDAH BANGETTTT ㅠㅡㅠ,1,2024-04-04T16:33:12Z,2024-04-04T16:33:12Z
UgzJIHHzQIhlu_XGeKx4AaABAg,,False,@nasabirualtair,"SAYANGKUUU, KAMU KEREN BANGET SAYANG",0,2024-04-04T16:32:58Z,2024-04-04T16:32:58Z
UgyzZkff7Vfuh5awsjR4AaABAg,,False,@비모-j2b,"'저 우주를 함께 날아갈거야, 온 세상에 가득 힘차게 노래할거야' 라는 가사가 정말 도영이 다운 것 같아. 도영아, 너의 노래는 나의 세상이자 우주야. 나의 세상에서 힘차게 노래해줘서 고마워. 내 우주를 바쳐 사랑해",0,2024-04-04T16:32:51Z,2024-04-04T16:32:51Z
UgztRVxcthJFcO-zCJx4AaABAg,,False,@KPophome-j9u,wow its beautiful,0,2024-04-04T16:32:42Z,2024-04-04T16:32:42Z
UgyuxG6AXVrdIOYgesl4AaABAg,,False,@czennie6375,"아 진짜 눈물 났음 넘 이뻐서...목소리도 영상도
도영이 목소리로 가득 채운 앨범을 듣게 돼서 너무 기대된다
큰 위로가 될 것 같아

도영아, 노래해 줘서 진심으로 고맙고 너가 하고 싶은 거 다 해!
계속 응원할테니까~",0,2024-04-04T16:32:39Z,2024-04-04T16:32:39Z
UgzfPDIgZvWuGwbJerh4AaABAg,,False,@_jooo,"아름다워요
디즈니 너래 같다... 왕자님",0,2024-04-04T16:32:30Z,2024-04-04T16:32:30Z
UgzL48rg6_SprkVbY014AaABAg,,False,@Jin-wl2lh,도영아 너가 꿈꾸던 너의 노래는 이런 노래였구나 싶어서 감동받고 벅차올라,2,2024-04-04T16:32:25Z,2024-04-04T16:32:25Z
UgwTYT_ECPoF4tn1UKR4AaABAg,,False,@Khin20,Can't wait for the whole album🤍💚. I'm already in love with this intro. I will always be rooting for you Doyoung🤍. You got this!,0,2024-04-04T16:31:23Z,2024-04-04T16:31:23Z
Ugw96vtrBf2aCQBEj8N4AaABAg,,False,@_sooo2.19,도영아 내 최애가 너라서 매일매일이 너무 행복해. 항상 언제나 너의 옆에서 응원할게. 너무 사랑해🤍🤍🤍🩵🩵🩵🩵🩵,0,2024-04-04T16:31:19Z,2024-04-04T16:31:19Z
UgxPYQZ8LmbtrN6IP2x4AaABAg,,False,@vv-vc6vv,"SOO PROUUDD 🩵🩵🩵🩵🥺
EVERYTHING ABOUT THIS IS SOO BEAUTIFUL CAN'T WAIT TO LISTEN TO YOUR MUSIC 🩵🩵🩵🩵🩵",0,2024-04-04T16:31:17Z,2024-04-04T16:31:17Z
UgxexrUjvlRCIwEjnm94AaABAg,,False,@ayu_gyu,THIS IS SO DOYOUNG CODED! BLUE IS HIS COLOUR 🩵,0,2024-04-04T16:30:40Z,2024-04-04T16:30:40Z
UgzFUtQV8fwuy51J3MZ4AaABAg,,False,@맠크리내꺼,鸡皮疙瘩真的好棒！！！金道英要solo了！！！!,0,2024-04-04T16:30:18Z,2024-04-04T16:30:18Z
UgzdNssi3uhUNjBOANN4AaABAg,,False,@uu-10-v8z,도영아 사랑해,0,2024-04-04T16:30:11Z,2024-04-04T16:30:11Z
UgyualM7deSSzoOa7Zh4AaABAg,,False,@ahmadjunni8780,"Disney plus band, ditambah suara KA Doyoung yg super indah ditambah lagi sinematografi yg super duper indah. Soloist DOYOUNG Will be sucsess aamiin",0,2024-04-04T16:29:49Z,2024-04-04T16:29:49Z
UgwEapUZTth26qbfB4B4AaABAg,,False,@archdweller,Doyoung's little mermaid era! Let's go!💚sounds amazing!,0,2024-04-04T16:29:20Z,2024-04-04T16:29:20Z
UgyIVWxW3gwr0Gr_GeZ4AaABAg,,False,@agustinavictory3606,"wow, i love it ❤
I can't wait until it comes out",0,2024-04-04T16:28:56Z,2024-04-04T16:28:56Z
UgwtTrgQA5dEPegNK-R4AaABAg,,False,@jenkgae,"love u doyo, waiting for ur album ❤❤",0,2024-04-04T16:28:48Z,2024-04-04T16:28:48Z
Ugwd1XrUN22iVZOxZtV4AaABAg,,False,@alyssa9392,it’s so beautiful 😭 I CANT WAIT,0,2024-04-04T16:28:34Z,2024-04-04T16:28:34Z
UgzrfIUd-lZIHQbGPIN4AaABAg,,False,@ilovekounde,tengo los pelos de punta… QUE HERMOSA VOZ T_T,0,2024-04-04T16:28:26Z,2024-04-04T16:28:26Z
UgzYwK3GCU1F69Hu-pV4AaABAg,,False,@syalala00,"indah banget, bagus banget, keren bangett pokoknyaa",0,2024-04-04T16:28:26Z,2024-04-04T16:28:26Z
UgyzAjXqCx_Ig6mPd8Z4AaABAg,,False,@mandaviola,"This is so beautiful! The video, the music, the graphic, and ofc Doyoung’s voice, EVERYTHING IS SO BEAUTIFUL🩵",0,2024-04-04T16:28:05Z,2024-04-04T16:28:05Z
UgxHjE4bbvuAS89IFyZ4AaABAg,,False,@remixedv,"Beautiful... Doyoung your voice... All that water is our tears and we are Kleenex ready.  Music... vocalization.... Ahhhhhhhh!
<Throws shoe>  Saaang Doyoung.... 👏",0,2024-04-04T16:27:44Z,2024-04-04T16:27:44Z
UgzeFG-6xGkfxfAqqzF4AaABAg,,False,@뿌르꾸,"몇번을 봤는지 모르겠어
그동안 쌓아왔던 진심들이 모여서 이 노래가 된 것 같아서… 눈물이 나요",6,2024-04-04T16:27:33Z,2024-04-04T16:27:33Z
UgyinP4krl8HTPnKFJl4AaABAg,,False,@petite_bonbon_,인어왕자인가요???????너가 내 왕자고 인어고 나라고 세계고 우주다 도영아,0,2024-04-04T16:27:24Z,2024-04-04T16:27:24Z
UgzXSBbndXtIUv6cZoB4AaABAg,,False,@youshouldfoundme,The lyrics were written by him. Why am I crying?,2,2024-04-04T16:27:14Z,2024-04-04T16:27:14Z
UgxvAtheUIoTwkJIhfR4AaABAg,,False,@jkeey4,YOUR VOICE…….😢😢😢😢😢,0,2024-04-04T16:26:51Z,2024-04-04T16:26:51Z
UgxnzGf201JJ3txtDat4AaABAg,,False,@jkeey4,this is beautiful,0,2024-04-04T16:26:24Z,2024-04-04T16:26:24Z
UgyU0YkePdjuSSyl39l4AaABAg,,False,@rzz6,진짜 너무 기대된다 벌써 너무 좋아서 심장 두근대고 소름 돋음 아 설레,4,2024-04-04T16:26:23Z,2024-04-04T16:26:23Z
UgztyJ0upCHKRilq7K54AaABAg,,False,@elleeeistrisahdoyoung,"sumpah disini aku dengernya sampe mau nangis, suara doyoung bnr²indah dan cantik. doyoung aku sayang kamu, sukses terus ya sayangku",0,2024-04-04T16:26:15Z,2024-04-04T16:26:15Z
Ugyz3ZBGWtZ2JiS5HId4AaABAg,,False,@jkeey4,MY SINGER,0,2024-04-04T16:26:12Z,2024-04-04T16:26:12Z
UgzCTuyvp6Rsu2qg3IV4AaABAg,,False,@권민서-g8z,내가 도영이의 노래를 듣고 행복해진 것보다 도영이는 훨씬 더 행복했으면 좋겠다,6,2024-04-04T16:25:51Z,2024-04-04T16:25:51Z
UgwWypK5V2skfmC26WN4AaABAg,,False,@Cantikv,My singer,0,2024-04-04T16:25:47Z,2024-04-04T16:25:47Z
UgwL3T01oXYt0K5uAuh4AaABAg,,False,@arayalameed7959,This is so good!!!🩵❄️⭐️🫧☁️✨,0,2024-04-04T16:25:45Z,2024-04-04T16:25:45Z
Ugz0hUrhZ3eY8MUahdl4AaABAg,,False,@youshouldfoundme,여러분 이거 도영이가 작사 침여한거래요 ㅠㅠㅠㅠㅠㅠㅠㅠㅠ 새봄의 노래라니 진짜 나 눈물 안멈춰,164,2024-04-04T16:25:44Z,2024-04-04T16:25:44Z
UgyxFHTMKP8ZOLOfOch4AaABAg,,False,@Cantikv,So beautiful,0,2024-04-04T16:25:33Z,2024-04-04T16:25:33Z
UgxVQGIzFYpTGb9sIZx4AaABAg,,False,@Cantikv,"Suaranya indah banget, pemilihan konsep mvnya juga cocok sama pribadi Doyoung",0,2024-04-04T16:25:25Z,2024-04-04T16:25:25Z
Ugx1SbkdXW46bo_5Bih4AaABAg,,False,@yo_eyk,"Doyoungaaaaa finally 1st album.. aku terharu :"")",1,2024-04-04T16:25:02Z,2024-04-04T16:25:02Z
Ugy-0FjXaLuHPsG-pw54AaABAg,,False,@송정민-f5i,"너무 좋은 인트로 곡이다..  이걸 듣고나니까 앨범 완성도가 얼마나 좋을지 다 보이는 거 같아 도영이가 또 얼마나 열심히 진심을 꾹꾹 눌러담아 준비해 왔을지 아니까 너무 기대되고 설레어ㅠㅠ 내가 키운 것도 아닌데 왜 이렇게 장하고 마음이 따뜻해지는지.. 엄마가 되,,",7,2024-04-04T16:24:43Z,2024-04-04T16:24:43Z
UgxxNQfzh0UQbZRvzv54AaABAg,,False,@Narasewar,소름 전율 ㅠㅠㅠㅠ,0,2024-04-04T16:24:28Z,2024-04-04T16:24:28Z
UgzsTBMti66jppL_gEh4AaABAg,,False,@ashawilliams4683,He’s the little mermaid 🥹,0,2024-04-04T16:24:25Z,2024-04-04T16:24:25Z
UgwoPl2bVqHCubns6gd4AaABAg,,False,@ReginaLopez-nd9kq,this gonna be a blessing to my ears,0,2024-04-04T16:24:25Z,2024-04-04T16:24:25Z
UgzYJYztk5VLAvTKFGp4AaABAg,,False,@srihastutie5438,Semua2nya beautiful,0,2024-04-04T16:24:15Z,2024-04-04T16:24:15Z
Ugy13t4wuBSG9rjM9W94AaABAg,,False,@roco349,도영이가 노래로 말하는 청춘은 어떨지 너무 기대된다 사랑하는 도영아 너가 하는 모든 음악을 항상 응원해🎉,1,2024-04-04T16:23:54Z,2024-04-04T16:24:44Z
Ugzqjv5F5pwpfceXv594AaABAg,,False,@말랑깜장콩,도영아 노래해줘서 고마워,1,2024-04-04T16:23:50Z,2024-04-04T16:23:50Z
UgxxtHyabNdxzF0Pe5B4AaABAg,,False,@noraiharun1819,I'm crying,2,2024-04-04T16:23:42Z,2024-04-04T16:23:42Z
UgyDZyaLYt5Up78Tb_J4AaABAg,,False,@sevarayu99,Wow this mv gives Makoto Shinkay ‘Your Name’ vibes 💔,0,2024-04-04T16:23:25Z,2024-04-04T16:23:25Z
Ugy-qqoao55wDv-Tan54AaABAg,,False,@Apainiituapa,"What does the pearl (?), the ball and all the circles symbolizes? Is it the precious treasure of youth? Or is it doyoung’s precious voice burried in the ocean then coming out to the world? He appears to be in the center of the pearl at the end, well that’s doyoung being the center of my universe…",0,2024-04-04T16:23:20Z,2024-04-04T16:23:20Z
UgzICdFOuKF9QZ5vGvx4AaABAg,,False,@joo58144,솔콘해줄거지? 기다릴게,1,2024-04-04T16:23:15Z,2024-04-04T16:23:15Z
Ugw6OxtaciAGWb0lWJp4AaABAg,,False,@nnnaturn,So proud of you KIM DOYOUNG.,0,2024-04-04T16:23:06Z,2024-04-04T16:23:06Z
UgzE-g2YOyI9TQY0BAB4AaABAg,,False,@Abigail-su1pc,"His vocal in this song…. Oh doyoung, the singer that you are",0,2024-04-04T16:23:03Z,2024-04-04T16:23:03Z
UgzRe75VwtkzJMoyTbR4AaABAg,,False,@broccolichloe2975,แค่intro ยังเพราะขนาดนี้😭🩵👍🏻 Doyoung you are the best vocal,0,2024-04-04T16:22:57Z,2024-04-04T16:23:08Z
Ugz3AFNJygH_l7xdgeN4AaABAg,,False,@user-kq7hn8lo5h,"도영아 네 목소리에는 확신이 있어 
진짜 수고 많았다 .. 
내 가수 내 자부심 우리 도영이 너무 많이 사랑행",3,2024-04-04T16:22:44Z,2024-04-04T16:22:44Z
UgzwooXx9CrTGfM_rWx4AaABAg,,False,@앵-r2z,남자 아이유같다 ….,1,2024-04-04T16:22:17Z,2024-04-04T16:22:17Z
UgzO9TCQkDglOXTWLl14AaABAg,,False,@pooja9256,Am I the only one who is watching repeatedly?,5,2024-04-04T16:22:16Z,2024-04-04T16:22:16Z
UgyuAeJGEzUoUxDpb0h4AaABAg,,False,@anabellaramos3416,"Doyoung's voice is so beautiful feels like heaven and makes me want to cry TT the visuals and the vibe of the video is really beautiful too. So proud of you Doyoung, Fighting 💙",0,2024-04-04T16:22:13Z,2024-04-04T16:22:13Z
UgzxO6T2Np-ZhcrkAzF4AaABAg,,False,@Johnnys_Manager,freaking mermaid,0,2024-04-04T16:22:05Z,2024-04-04T16:22:05Z
Ugy2blyt9nPjjgH0Lfd4AaABAg,,False,@AengAengAe,기다렸어요❤ 도영 솔로 앨범!!!!,51,2024-04-04T16:21:43Z,2024-04-04T16:21:43Z
UgwVrd-oyuYG8c2Wyqp4AaABAg,,False,@sy070,🫶🏻💚🩵,0,2024-04-04T16:21:27Z,2024-04-04T16:21:27Z
UgzeeMWcf1zgvBOaLi94AaABAg,,False,@haery925,왜 눈물이 나지,0,2024-04-04T16:21:14Z,2024-04-04T16:21:14Z
UgzVORhtR5Q8beTPRGl4AaABAg,,False,@박예진-y6s,너무 좋다 기대된다 .....,0,2024-04-04T16:21:12Z,2024-04-04T16:21:12Z
UgxRJbqrC916TlHDzkJ4AaABAg,,False,@TYALISSA,can't wait sayang,0,2024-04-04T16:21:05Z,2024-04-04T16:21:05Z
Ugys_GL9MBCH2bBL0LV4AaABAg,,False,@nganan219,"Doyoungie, this intro will never be the best intro film without your angelic voice. I really have no words to express my feeling while watching your video. It's just so beautiful 🐇💚 happy your first solo alb 😭",0,2024-04-04T16:21:04Z,2024-04-04T16:21:04Z
UgwI_5URzLi15KpKhVJ4AaABAg,,False,@929tk,막 누가 기다리고 있을 것 같음 존니 지금당장 뛰어가서 만나러가야댈것같은느낌,2,2024-04-04T16:20:52Z,2024-04-04T16:20:52Z
UgzMyeNHLFSXO_eCm9J4AaABAg,,False,@whiskyonice2344,im abt to cry when his voice came out,2,2024-04-04T16:20:46Z,2024-04-04T16:20:46Z
Ugzve2vvzgajcL9uCDB4AaABAg,,False,@NEO-zenni,Красивенько,1,2024-04-04T16:20:36Z,2024-04-04T16:20:36Z
Ugy8u4sVTYbYdqkCmE14AaABAg,,False,@zyhong3776,谢谢你给我力量,1,2024-04-04T16:20:31Z,2024-04-04T16:20:31Z
Ugz_0PvYTSKTYPmZ-_J4AaABAg,,False,@929tk,존나 영원을 다짐해야될 것 같음,5,2024-04-04T16:20:30Z,2024-04-04T16:20:30Z
UgxSzA2hTR5bCrJ_gkZ4AaABAg,,False,@zyhong3776,只有金道英才能唱的歌,1,2024-04-04T16:20:17Z,2024-04-04T16:20:17Z
Ugyvaoyss6ET9WbpM9x4AaABAg,,False,@dal-moon-1k,이게 노래지... 이게 가수지... 싶다,14,2024-04-04T16:20:10Z,2024-04-04T16:20:10Z
UgyrHLKjTABwChLk3gR4AaABAg,,False,@929tk,와 개띵곡각,2,2024-04-04T16:20:08Z,2024-04-04T16:20:08Z
Ugym3T6hAeiSqt6qxZZ4AaABAg,,False,@khagoon,DOYOUNG BEST VOCALIST 💚,1,2024-04-04T16:20:06Z,2024-04-04T16:20:06Z
UgzgM5SN4oY35CxHfcF4AaABAg,,False,@ahmadjunni8780,"Woyyyyyyy, bagus banget indah bangettt. Soloist DOYOUNG keren parah",1,2024-04-04T16:19:55Z,2024-04-04T16:19:55Z
UgxzdgmkKvJ7FvfHlHB4AaABAg,,False,@h1vns,DOLO LETS GO,2,2024-04-04T16:19:52Z,2024-04-04T16:19:52Z
Ugzsil3NUdwe4syw9ll4AaABAg,,False,@zyhong3776,太美的歌了,1,2024-04-04T16:19:52Z,2024-04-04T16:19:52Z
UgxY9DFVR3hqOy7TETN4AaABAg,,False,@uuur0201,"이 짧은 노래에 왜 울컥하지
나의 청춘에 도영이가 있어서 참 다행이야
노래 해줘서 고마워",5,2024-04-04T16:19:51Z,2024-04-04T16:19:51Z
Ugx_JVH1Lo6Vf1T27LJ4AaABAg,,False,@kopii00,"This is soo beautiful! his vocals are so chilling, doyoung is amazing",2,2024-04-04T16:19:48Z,2024-04-04T16:19:48Z
UgxKcz9X7O2_nHw0rw94AaABAg,,False,@127lover09,これだけでも神曲確定！,1,2024-04-04T16:19:38Z,2024-04-04T16:19:38Z
UgxxiunfaVwFr8puckN4AaABAg,,False,@peachsun06,"와,, 디즈니 뭐해 이거보면 당장 김도영 섭외해라;; 이 노래 컨셉, 분위기, 도영이 목소리 삼박자가 디즈니랑 너무 찰떡인데??🥹 애틋하고 몽글몽글하면서 따듯함과 시원함이 공존함과 거기에 청순 한스푼 담긴 느낌이자나ㅠㅜㅜㅠㅜㅜㅜㅠㅠㅠ 이거 무조건 뜬다.. 도영아 가보자👍🏻",68,2024-04-04T16:19:21Z,2024-04-04T16:19:21Z
Ugzr99GxXydjeFvwHCF4AaABAg,,False,@dream0nU,"도영아 너의 노래가 정말 아름다워
그래서 눈물이나 도영이의 노래 덕분이 힘들었던 마음이 싹 사라지는 것 같아",5,2024-04-04T16:19:06Z,2024-04-04T16:19:06Z
Ugw84uan7cZDmfRWXRR4AaABAg,,False,@loverlinnoo,CAN'T WAIT TO SEE YOU AS SOLOIST 🥹🩵🩵🩵 SOO HAAPPY FOR YOUU 🩵🩵,1,2024-04-04T16:19:02Z,2024-04-04T16:19:02Z
UgzoDmZat7tZDtGbiZZ4AaABAg,,False,@tokkidopu,0:38 도영이 목소리가 나올 때 진심 전율이... 노래 벌써부터 너무 좋고 위로가 되는 느낌ㅠㅠㅠㅠ 평생 노래해줘 도영아 너의 목소리는 마법같아,0,2024-04-04T16:18:35Z,2024-04-04T16:18:35Z
Ugy_NA_MAgxFIMe0xcZ4AaABAg,,False,@user-rr5pr9m,김도영 흥하자,2,2024-04-04T16:18:33Z,2024-04-04T16:18:33Z
Ugz4fAtixtb0FK5qcyJ4AaABAg,,False,@loverlinnoo,SOO PROUUDD OF YOU DOYOUNG 🥹🥹🩵🩵🩵🩵,0,2024-04-04T16:18:16Z,2024-04-04T16:18:16Z
UgznHCsXH8kXN-yw14p4AaABAg,,False,@환-g8c,超好聽😭😭😭,0,2024-04-04T16:18:08Z,2024-04-04T16:18:08Z
UgwoLUrQnrSRabhPI9x4AaABAg,,False,@BBoBBi_won,"그냥 너무 듣기 편한 노래다 도영아,, 힘이 나는 노래 같아 노래 해줘서 고마워 김도영💚",0,2024-04-04T16:17:59Z,2024-04-04T16:17:59Z
UgxzgXEL6eHxSe1vV8F4AaABAg,,False,@jnkjungdy9052,Fighting for your solo Kim Doyoung!,0,2024-04-04T16:17:59Z,2024-04-04T16:17:59Z
UgzD5WWer7pCQAi3pXh4AaABAg,,False,@YoungOne_,나 김도영 여전히 사랑하네...,1,2024-04-04T16:17:49Z,2024-04-04T16:17:49Z
UgzwAQEgGlM_lIhvMP54AaABAg,,False,@jnkjungdy9052,So ghibli / disney coded omygod wow,0,2024-04-04T16:17:42Z,2024-04-04T16:17:42Z
UgwC3tF9yi8W0anpsBp4AaABAg,,False,@user-lq6io3ug3o,도영아 도영이가 얼마나 고민하고 만들어 낸 앨범인지 벌써 깊게 와닿는다 앞으로 더 벅차고 멋지게 노래할 도영이가 너무 기대돼 !!!🌊,5,2024-04-04T16:17:38Z,2024-04-04T16:18:03Z
Ugyia5hiIVVQXoaiBGZ4AaABAg,,False,@잼잼-w5x,멋진 내 가수 김도영동영🩵,2,2024-04-04T16:17:19Z,2024-04-04T16:17:19Z
UgxDmn4rrIF48p5IZ2x4AaABAg,,False,@아유-n8e,이렇게 또 최애곡이 생기는건가..❤,0,2024-04-04T16:17:16Z,2024-04-04T16:17:16Z
Ugye_MwRvVUYNjmZXod4AaABAg,,False,@user-eg9nt4ok9g,"both the visuals and the vocals in this intro film are so beautiful!!! soloist kim doyoung, i can't wait for you!!!!!!",0,2024-04-04T16:17:04Z,2024-04-04T16:17:04Z
UgzEi_QTgNNiqxnmAKx4AaABAg,,False,@lifdf_f,"댓글 잘 안 남기는데... 진짜 이건 말 해주고 싶었어
도영아 너의 목소리가 넓디 넓은 바다까지 들릴 거야
너는 청춘의 푸르름과 어울리는 사람이야
푸른색과 너무나 잘 어울리는 사람이라 너는 어디든 승승장구할 거야 
자부심을 가지게 해줘서 고마워 
네 팬이라서 너무 행복해
네가 가는 길이 바다 같이 깊고 예쁜 윤슬이길
너의 청춘의 끼워줘서 고마워!",5,2024-04-04T16:16:50Z,2024-04-04T16:16:50Z
Ugyiz9NK25eLeWYAYjZ4AaABAg,,False,@일리삼-l6o,도영이 노래 참 좋다! 응원해!! 빨리 노래 나왔으면 좋겠다아앙❤,1,2024-04-04T16:16:49Z,2024-04-04T16:16:49Z
UgyYiTMZ7G-Lx7uM3fZ4AaABAg,,False,@mycooolllect1415,도영이 축하해 사랑해 우리 행복한 4월 보내자 🩵,0,2024-04-04T16:16:08Z,2024-04-04T16:16:08Z
UgxxWig-nXSLXgXVkhh4AaABAg,,False,@당근도둑-b3k,미친다 도영이가 인어왕자가 되.....,0,2024-04-04T16:16:07Z,2024-04-04T16:16:07Z
UgwWXxk3pyNcQuSUVBJ4AaABAg,,False,@あい-q9v4r,너무 멋지다 도영아…🥹🫳🏻🫳🏻💞💞,0,2024-04-04T16:16:00Z,2024-04-04T16:16:00Z
Ugy0-PbaEOfxpj89L5l4AaABAg,,False,@cute___saywho,CD를 떠올리게 만드는 마지막 장면이 계속 기억에 남음... 도영이 자체가 담긴 앨범이라는 것 같아서,1,2024-04-04T16:15:57Z,2024-04-04T16:15:57Z
UgzJzcFAa6lp0Rfxk5N4AaABAg,,False,@threetymeen8898,it's so beautiful doyoung!,0,2024-04-04T16:15:55Z,2024-04-04T16:15:55Z
UgyUkBghxmOowlqS5Qt4AaABAg,,False,@priliaqiftyah2126,doyoung so amazingggg,0,2024-04-04T16:15:51Z,2024-04-04T16:15:51Z
UgwwlZ6apn7ddFWYopF4AaABAg,,False,@libemsanachanu2357,His vocal 👏👏👏👏👏👏Doyoung💚💚💚💚💚👍👍🤟🤟🤟🤟🤟 eagerly 💚💚💚💚💚 no word to express how i feel💚💚💚💚💚amazing,0,2024-04-04T16:15:37Z,2024-04-04T16:15:37Z
UgxSypCCaikzNeg7_sB4AaABAg,,False,@_kuromidy,เป็นอัลบั้มที่แทนตัวตนของโดยองจริงๆ🌊🩵,0,2024-04-04T16:15:27Z,2024-04-04T16:15:27Z
UgwzSVv-cOgYR97cIYx4AaABAg,,False,@dukyou8269,"온 세상 가득 도영이가 꿈꿔왔던 노래! 이제부터 시작이네 앞으로 많이많이 해주기를 바라💚 
솔로 축하하고 22일까지 열심히 기대하고 있을게. 사랑하고 노래 해줘서 정말 고마워🩵🩵",3,2024-04-04T16:15:26Z,2024-04-04T16:15:26Z
Ugx6TqmN46efnO2nHEJ4AaABAg,,False,@lisac3043,💚💚💚💚💚💚💚💚💚,0,2024-04-04T16:15:12Z,2024-04-04T16:15:12Z
UgxiWmpCiiRsoUJBcqF4AaABAg,,False,@hwengdy,"도영 씨 노래 해줘서 너무 고마워요
언제까지고 웃으면서 노래 불러달라고, 주제도 모르고 말하고 싶어요 정말 고마워요
찬란한 청춘 담은 노래 잘 들을게요",0,2024-04-04T16:15:09Z,2024-04-04T16:16:56Z
Ugxpr7y5FJvta2EENNh4AaABAg,,False,@zzz24854,The little prince of  Ocean🌊,0,2024-04-04T16:15:03Z,2024-04-04T16:15:03Z
UgxkizTlZ4-0sSNt-y14AaABAg,,False,@tokkidopu,김도영 사랑해 응원해💚💙,0,2024-04-04T16:14:54Z,2024-04-04T16:14:54Z
Ugz3ZfChC52NNboxwMN4AaABAg,,False,@MaryJane-th7mg,"yayyyy, doyoung's coming out with his first album!!!! Woooo! Hwaitinggg!✊",0,2024-04-04T16:14:51Z,2024-04-04T16:14:51Z
UgyIWsJirZwZLViUml54AaABAg,,False,@daii7705,Aaaaah hermoso 🥹🥰❤️,0,2024-04-04T16:14:50Z,2024-04-04T16:14:50Z
Ugx8QCqDXWP3xL1uUGp4AaABAg,,False,@jenomski,첫솔로 대박나자 도영아,0,2024-04-04T16:14:47Z,2024-04-04T16:14:47Z
UgylxbvxEpkF7OTWOcB4AaABAg,,False,@noeliamiranda9104,Yey! ❤ I'm so happy for you DODO. Love you ❤💕  I'll be waiting your album 😊❤,0,2024-04-04T16:14:44Z,2024-04-04T16:14:44Z
UgyxA7O_WMe4-4Dt9Dx4AaABAg,,False,@syahirahmasturi5999,"kim doyoung you are literally one of perfect voice i’ve heard in my life, thank you for singing 🩵",1,2024-04-04T16:14:28Z,2024-04-04T16:14:28Z
UgyT9TDYMtsyr-k0GmR4AaABAg,,False,@saikoyyo,omg omg,0,2024-04-04T16:14:20Z,2024-04-04T16:14:20Z
Ugy66EDbbCtM77YZqlF4AaABAg,,False,@ziantaesan,"인트로가 너무 눈물 나올 거 같은 느낌이다 
도영이랑 너무 잘 어울려ㅜㅜㅜㅜㅜㅜ🥹",3,2024-04-04T16:14:20Z,2024-04-04T16:14:20Z
Ugw80DzSWnFPdqxdrX94AaABAg,,False,@얄랼랼,이건 된다,2,2024-04-04T16:14:18Z,2024-04-04T16:14:18Z
UgxM_TgzEOHG9xlxiEt4AaABAg,,False,@do0peekaboo,벅차게 노래하겠다는 너의 진심이 느껴져. 정말 행복하다 도영아.,22,2024-04-04T16:14:16Z,2024-04-04T16:14:16Z
Ugz4xBA6i4jVIQqB7R14AaABAg,,False,@Bebe-oq8xv,i hope this debut so succsessful,0,2024-04-04T16:14:16Z,2024-04-04T16:14:16Z
UgwU1RmcHDA8GPppb8p4AaABAg,,False,@tenten1428,🤍,0,2024-04-04T16:14:15Z,2024-04-04T16:14:15Z
Ugz7uO5IeAXVxV8WobV4AaABAg,,False,@NindaLanisa,DOYOUNGGG❤❤❤😭😭😭😭,0,2024-04-04T16:14:14Z,2024-04-04T16:14:14Z
UgzmYVG8ARNUFnS_Hvt4AaABAg,,False,@butimseize,도영아 네가 내 청춘이다… <티저 사건> 앨범도 티저도 너무 김동영 그 자체라서 감격이슈로 할 말을 잃어버린 사건이다.,1,2024-04-04T16:14:03Z,2024-04-04T16:14:03Z
UgyBj0-kXj7Sr93jcrF4AaABAg,,False,@leeah9621,"자꾸 목소리로 나를 위로해준다.
분명 본인도 힘들고 지칠 때가 있을 텐데 자꾸 위로해준다.
신기하게 오빠의 목소리를 들으면 눈물이 나더라. 더 열심히 살아야겠다는 생각도 들고. 
나의 하루를 위로해줘서 고마워. 살아갈 힘을 줘서 고마워!
오빠가 노래를 그만하는 날까지 어느 노래든 오빠가 부르는 노래라면 응원할거야. 오빠의 목소리가 날 위로했듯이 나도 보이지 않는 곳에서 응원하고 있을게.
고맙고 솔로 앨범 준비하느라 분명 남모를 고민 많이 했을 텐데, 걱정도 부담도 많을 텐데, 조금은 즐겼음 좋겠다!! 수고많았엉❤",5,2024-04-04T16:13:47Z,2024-04-04T16:13:47Z
UgyowyLvHrKZo6XXoL14AaABAg,,False,@camillamprb,VAI EMOCIONAR!,0,2024-04-04T16:13:41Z,2024-04-04T16:13:41Z
Ugy9L21-NqSrIB0fthp4AaABAg,,False,@forevernct,도영아 너가 내 청춘이다,1,2024-04-04T16:13:30Z,2024-04-04T16:13:30Z
Ugyui1hOhts_wCCBmLV4AaABAg,,False,@camillamprb,album of the year,0,2024-04-04T16:13:25Z,2024-04-04T16:13:25Z
UgwtP8IDrPuh0R-ihzF4AaABAg,,False,@nctsmglobal,HELP MEEEEEEE IT SOUNDS SO GOOD AND THE VISUALS AND VIDEO? THE EDITING IS SO SO GOOD! AYAYAYYAYAYAYA HE’S SO HANDSOME AND AMAZING AND JUST MWAH,0,2024-04-04T16:13:16Z,2024-04-04T16:15:03Z
Ugxq-uq2e5zgvl0dxoR4AaABAg,,False,@พัชราภรณ์เพชรกุล,ภาพ เสียง คือดีงามมากก👍❤,0,2024-04-04T16:13:11Z,2024-04-04T16:13:11Z
UgygdK5uTgLwONxeAe14AaABAg,,False,@cshanxo,"omg it looks so calm 🥹 as someone who loves sea,ocean and Doyoung’s voice, it’s truly beautiful! Can’t wait to see more 🐰🫧🩵",0,2024-04-04T16:13:05Z,2024-04-04T16:14:02Z
Ugzv36sl8nSHMmD0zkR4AaABAg,,False,@user-vi9zw8pe1n,가장 김도영다운 음악으로 청춘을 노래해줘서 고마워! 봄을 도영이의 노래로 가득 채울 생각에 벌써 벅차다🫶,56,2024-04-04T16:13:04Z,2024-04-04T16:13:04Z
UgyTH-lPHhawFpcN6854AaABAg,,False,@박현아-f6l,가장 도영이 다운 앨범으로 청춘을 이야기를 해주겠구나 올해 봄이 따뜻하겠어,84,2024-04-04T16:12:42Z,2024-04-04T16:12:42Z
UgzGi4L2KBWxBOnAPLN4AaABAg,,False,@widyaaputri5571,THIS IS SO GOOD🥹💙,0,2024-04-04T16:12:28Z,2024-04-04T16:12:28Z
Ugx7WjJkxDvgq-24KQV4AaABAg,,False,@_oeilo,Doyoungi,0,2024-04-04T16:12:24Z,2024-04-04T16:12:24Z
UgyG6kujWRRgmaDWRbZ4AaABAg,,False,@aamon6723,全てが良いキムドヨン…,0,2024-04-04T16:12:07Z,2024-04-04T16:12:07Z
UgzngbvFIMDjivtW3-Z4AaABAg,,False,@cherrybomb5766,"From India, Doyoung so excited for your album ❤",0,2024-04-04T16:12:02Z,2024-04-04T16:12:02Z
Ugyjl7_HwuN-IhqlxPh4AaABAg,,False,@anzeni8583,"이 정도 해야징,, SM MV,, 난 이거만 봐도 너무 예뻐서 도영이 노랫소리 너무 좋아서 진짜 감동해서 울뻔했거든,, 진짜 너무 좋앙,, 제발 이런 품질 높은 작품을 많이 만들어줘용~ 🥺💙🤍💙🤍 도영이 사랑행 너무 이쁘고 멋있어용~ 진짜,, 나한테 또 다른 의미 있는데용 🥺💙🤍💙🤍💖💚",3,2024-04-04T16:11:57Z,2024-04-04T16:11:57Z
Ugx0Qb0GeAeyn6OW4Dd4AaABAg,,False,@Bebe-oq8xv,doyoung you so gorgeous,0,2024-04-04T16:11:49Z,2024-04-04T16:11:49Z
UgxsLJcZtRQikiXse754AaABAg,,False,@kenren555,Omo doyoung with ballad song❤️,0,2024-04-04T16:11:46Z,2024-04-04T16:11:46Z
UgyWP-23fINCoxBiWk54AaABAg,,False,@앙앙믐,아기토끼왕자님 늘 응원해요…,2,2024-04-04T16:11:36Z,2024-04-04T16:11:36Z
Ugxb1793g4xCzNEG3n14AaABAg,,False,@Bebe-oq8xv,ini sangat doyoung banget sih,0,2024-04-04T16:11:34Z,2024-04-04T16:11:34Z
Ugxrcx2e9W1yu4Tjjkx4AaABAg,,False,@이치-p2j,도영아 너의 계절은 늘 찬란하고 다정하게 느껴져 네 목소리를 들으면 동조되는 울림이 있어. 듣는 사람마저 반짝이는 청춘으로 만드는 게 도영이의 마법이야. 항상 따듯하게 노래해줘서 고마워.,2,2024-04-04T16:11:31Z,2024-04-04T16:11:31Z
UgwWf863VQR0FUqSgZF4AaABAg,,False,@Cantikv,Cant waitttttt to see your album,0,2024-04-04T16:11:30Z,2024-04-04T16:11:30Z
UgwK0ngoQmuspBx3urR4AaABAg,,False,@Lilly_1230,Just wow 🩵 this is my main vocalist Kim Doyoung,0,2024-04-04T16:11:26Z,2024-04-04T16:11:26Z
UgyY4hHO11IkPpIpl2l4AaABAg,,False,@하늘-b1i,도영 진짜로 이건 말로 표현이 불가능한 마음인 거 같아 이 노래는 진짜 무슨 의미에서든 그냥 김도영 그 자체야 너가 하고 싶은거 해서 너무 좋고 듣는 사람들도 너무 행복해 역시 부르는 사람이 행복하고 원해야 듣는사람도 편한가봐 도영아 이 글을 읽을진 모르겠지만 너무 응원해 정말로 너무너무 항상 고생하고 힘든 길을 겪고 있는 도영아🍀그거에 보답받는 날이 올거고 너의 노래로 인해 행복해 지는 사람이 엄청 많다는 걸 꼭 알아줘 사랑해 진심으로! 22일만 기다려야지 꿋꿋하게 열심히 살아갈 이유를 또 만들어줘서 고마워 너무 든든해 진짜 사랑한다 김동영,1,2024-04-04T16:11:12Z,2024-04-04T16:12:34Z
UgxMhKs72k9_NpWm81p4AaABAg,,False,@doie1753,I'm so proud of you doyoung,1,2024-04-04T16:11:10Z,2024-04-04T16:11:10Z
Ugx6opARTR5xO34qh7Z4AaABAg,,False,@Cantikv,The concept isss so amazing,0,2024-04-04T16:11:00Z,2024-04-04T16:11:00Z
UgxGr3dYLpL9fLkWGjV4AaABAg,,False,@Lyv-sos,도영이의 노래에는 늘 믿음이 있어,13,2024-04-04T16:10:59Z,2024-04-04T16:10:59Z
UgyUZXOv_3_Pk_vjfhZ4AaABAg,,False,@짐싸라짐-t7v,도영이의 청춘을 내가 함께 할 수 있다는 게 기뻐 도영아 그걸 알아? 청춘은 누가 정해주지 않는데 자신이 지금이 청춘이라 느끼면 그 순간이 청춘이래 꼭 우리 계속 행복한 청춘에 살자😊 엔시티 해줘서 고마워💚,1,2024-04-04T16:10:36Z,2024-04-04T16:10:36Z
UgzGBGwXqtfFIkq1QLp4AaABAg,,False,@kktmjm4001,ディズニーの主題歌みたいだ…,0,2024-04-04T16:10:33Z,2024-04-04T16:10:33Z
UgxOxolGMpt5MhCsL9h4AaABAg,,False,@user-bbbuwnss,짧게 멜로디만 들어도 마음이 몽글몽글해지고 따뜻해지네... 도영아 너무 멋있어요 고마워요,94,2024-04-04T16:10:22Z,2024-04-04T16:10:22Z
Ugz7Oq-vwfrO4uKhNn94AaABAg,,False,@Cantikv,INDAH BANGET,0,2024-04-04T16:10:15Z,2024-04-04T16:10:15Z
UgwBQeWUA3rKEHFBRdB4AaABAg,,False,@이혜미-s8k,"벌써좋아 어떡해 ,, 살짝들었는데도 뭉클.. 노래해줘서 고마워 도영아💚",2,2024-04-04T16:09:52Z,2024-04-06T23:17:34Z
UgwYGUe-MYj8kj5FL_t4AaABAg,,False,@rinrin51,도영의 노래는 도영처럼 아름답네,3,2024-04-04T16:09:38Z,2024-04-04T16:09:38Z
UgwIT5A4gi4Z-uD-RP14AaABAg,,False,@Valentina-kb5zk,TODO LO QUE VOS HACES ES ARTE MI AMOR,0,2024-04-04T16:09:35Z,2024-04-04T16:09:35Z
UgxV-L7d4glmGmFY-yt4AaABAg,,False,@retnowulandari8910,Akkkkk bagus banget gantengggggg😭😭,0,2024-04-04T16:09:25Z,2024-04-04T16:09:25Z
UgxECujm1L0FKdz_dC54AaABAg,,False,@isabelletenorio2911,❤❤❤❤❤❤❤❤❤❤❤,0,2024-04-04T16:09:11Z,2024-04-04T16:09:11Z
Ugy9I4btWZnmoQ9DfI94AaABAg,,False,@yoyooimardo,"내 청춘에 함께 있어줘서 고마워 
너의 목소리로 위로받고 우리가 청춘을 같이 보내고 있다는것에 감사하고 매일이 행복해     
노래해줘서 고마워 항상 응원해 도영아",2,2024-04-04T16:08:46Z,2024-04-04T16:08:46Z
Ugw5czWWuIo2F49dlt54AaABAg,,False,@doie1753,So exciteddddddd,1,2024-04-04T16:08:44Z,2024-04-04T16:08:44Z
UgwTrMGopdNj30sZvrx4AaABAg,,False,@Leau-zr1cr,체해서 소화제 먹고 보고 있었는데 보컬 내지르는거 듣자마자 속이 뻥 뚫렸읍니다.. 명창명의 김도영,2,2024-04-04T16:08:33Z,2024-04-04T16:08:33Z
UgxuOPt3h6K4xw4TH9N4AaABAg,,False,@JDNEVERDIE,ㅠㅠㅠㅠㅠㅠ나 왜 울어...얼른 보고싶어,3,2024-04-04T16:08:32Z,2024-04-04T16:08:32Z
UgywNg7Liu-YXXWDPGZ4AaABAg,,False,@toij9721,아름답다 도영아! 건강히 이번 활동 같이 잘 해보자!!!!! 쓰릉해!! 💚💚💚💚💚💚💚,4,2024-04-04T16:08:29Z,2024-04-04T16:08:29Z
Ugw7vMy8qqchwSKT16R4AaABAg,,False,@Young-np2ls,너무 도영이같은 노래다. 도영아 너무 반짝거리고 벅차는 청춘이야. 청춘을 들려줘서 고마워🩵,26,2024-04-04T16:08:28Z,2024-04-04T16:08:28Z
UgzyL8xNjerBjegViEl4AaABAg,,False,@dongile7,노래해줘서 고마워💚,1,2024-04-04T16:08:19Z,2024-04-04T16:08:19Z
UgwT0FP9eY4mWtHMuC54AaABAg,,False,@merrychristmasforya,เก่งมาก🫶🏻,0,2024-04-04T16:08:08Z,2024-04-04T16:08:08Z
Ugz3bJwhahjI7D-PyWp4AaABAg,,False,@papapapraewa4037,❤❤❤❤,0,2024-04-04T16:08:05Z,2024-04-04T16:08:05Z
UgyQHSx74GzFJzwTStd4AaABAg,,False,@Dearmyyouth_,내 청춘이 되어줘서 고마워,2,2024-04-04T16:07:57Z,2024-04-04T16:07:57Z
Ugw5gG7IVSyPqCk-tSN4AaABAg,,False,@mumu20571,인트로부터 너무나도 도영이의 색깔이 가득 담긴 노래 ⋯ 너무 좋아 진짜,1,2024-04-04T16:07:50Z,2024-04-04T16:07:50Z
Ugy5_2T8ZEnjqs3Isyp4AaABAg,,False,@an_nis,CAN'T WAAAAIT,0,2024-04-04T16:07:45Z,2024-04-04T16:07:45Z
Ugz9-tgDbDrFjIwJLsZ4AaABAg,,False,@laxmithami,Oh god he is here...Iam so so proud of you You Young ah...The vocal the concept the music sound magical just like you...Many many congratulations 🐰🐇💚💚💚,1,2024-04-04T16:07:42Z,2024-04-04T16:07:42Z
UgwV2x4ZFxKedLeZl3V4AaABAg,,False,@Kimyinaa,So beautiful 😭😭😭 cant wait for album with full of doyoung voice 🩵,1,2024-04-04T16:07:38Z,2024-04-04T16:07:38Z
Ugwt3T_CUWndiqPAJ2J4AaABAg,,False,@atha91,"Doyoung-ah... 
Listen, even if your company won't promote your solo well.. 
You have us,  Czeniess, who will support you and do whatever it takes to promote your solo..",2,2024-04-04T16:07:22Z,2024-04-04T16:07:22Z
UgzofOijgBAoHSYFHVd4AaABAg,,False,@bubuuwnana,AHSBAHDHAHDHSHSH MDSSS DOYOUNGGGG ANAHSHSH,0,2024-04-04T16:07:21Z,2024-04-04T16:07:21Z
UgyuXq4658gt3qyZ13F4AaABAg,,False,@eggtarteu9303,IM GONNA LOVE THIS,0,2024-04-04T16:07:20Z,2024-04-04T16:07:20Z
UgzP4SNP76Spxuchgl94AaABAg,,False,@Doylove-b7w,도영아 너가 우리의 청춘이야 우리같이 청춘을 노래하자 사랑해,5,2024-04-04T16:07:17Z,2024-04-04T16:07:17Z
UgyYJFtgGVK87LWCn0t4AaABAg,,False,@mumu20571,이게 내 봄이면서 여름이다 ....,2,2024-04-04T16:07:13Z,2024-04-04T16:07:13Z
Ugwtj6bNaEmIVITwnz14AaABAg,,False,@아시-m8c,제발…… 이건아니야 이렇게벅차도되는거야? 네가 걸어온 길을 알아서 더 눈물이 나 이토록 아름다운 청춘이라니 이것마저 너답다 평생 그렇게 노래해주길 나도 그럴 테니까,2,2024-04-04T16:07:12Z,2024-04-04T16:07:12Z
UgxxCvU-fq4A_5-grn54AaABAg,,False,@doyoungssugarbaby5861,It is definitely magical. Can't wait for the full album!,1,2024-04-04T16:06:59Z,2024-04-04T16:06:59Z
Ugx4IN08BgwC_3JVwIl4AaABAg,,False,@Urmaii,Hope you doyoung will have a successful solo career cause you deserve it !!! you are so talented and kind and amazing person,1,2024-04-04T16:06:51Z,2024-04-04T16:06:51Z
UgysAgF08uAB3K69v3Z4AaABAg,,False,@dinppeu,거품 방울 멈추는거 최고,1,2024-04-04T16:06:45Z,2024-04-04T16:06:45Z
UgxmV1W5GI6miTxxnd54AaABAg,,False,@코오어뇨,노래해줘서 고마워 너의 청춘이 담긴 노래를 들을 수 있음에 정말 행복해 🥺 우리와 청춘을 함께해줘서 고마워 정말,2,2024-04-04T16:06:37Z,2024-04-04T16:07:51Z
Ugx-gYCYGD7ji-hikU94AaABAg,,False,@127zone,"El video es tan hermoso como Doyoung, y su voz??? Jesus ese album sera puro arte.",1,2024-04-04T16:06:36Z,2024-04-04T16:06:36Z
UgypL51L5hyX7tQs37F4AaABAg,,False,@rebeckaroy6790,"Yes Doyoung, let's go!!  We all know this album is going to be a vocal and emotional powerhouse and I can't wait.
He was giving me serious Little Mermaid vibes here and I am so excited to hear everything he has worked so hard on  xx",0,2024-04-04T16:06:29Z,2024-04-04T16:06:29Z
UgxyXrhRBhwK6a8fcqp4AaABAg,,False,@yuanzhangrr7510,就这个dolo爽！！！！！好迪士尼,0,2024-04-04T16:06:28Z,2024-04-04T16:06:28Z
UgxJGw_MtK_kVOx8tn94AaABAg,,False,@valo6713,I can't wait for this album 🤩 DOYOUNG is an impressive singer 💖,0,2024-04-04T16:06:27Z,2024-04-04T16:06:27Z
UgyadpEm9cbqZf46EvJ4AaABAg,,False,@nagi_7,LOOKING FORWARD TO YOUR SOLO DEBUT KING!!!!!!!!!,0,2024-04-04T16:06:15Z,2024-04-04T16:06:15Z
UgxuDF4lSvJMtXreRO54AaABAg,,False,@유빈-l8f,도영이 목소리로 듣는 청춘.. 도영이의 청춘은 어떨지 넘 기대ㅠㅠ🩵💚,2,2024-04-04T16:06:13Z,2024-04-04T16:06:13Z
UgzTWknzNBOBwVed4yx4AaABAg,,False,@Haneul0214,우와~~ 목소리 진짜 좋아!!!💚🫶🏻💚,4,2024-04-04T16:05:53Z,2024-04-04T16:05:53Z
UgyNW6NNgFjS-SAMz154AaABAg,,False,@내새꾸천재강쥐정우킴,"뭔가 애니메이션 주제곡 같다
덕후의 심장이 뛴다 벅차오름",2,2024-04-04T16:05:19Z,2024-04-04T16:05:19Z
Ugw-ybw12Ds0QZ2OG-94AaABAg,,False,@드디어갔네,도영아 진심은 통했다,2,2024-04-04T16:05:17Z,2024-04-04T16:05:17Z
Ugx6FP4klJKRvsfSFSd4AaABAg,,False,@heart4shoto,"Omg he looks so beautiful🥹 like and doll 🪆 and his golden⚜️voice🎤 is so good! His eyes 👀 are shining so brightly🔆and pretty 🤩 i am sooo excited 😆 we love ❤ you doyoung🐰
we support you! LET‘S GO!!! 🎉🎉💗",0,2024-04-04T16:05:10Z,2024-04-04T16:05:10Z
UgyTrsfhFl20eCSVSnV4AaABAg,,False,@sitinurekawati6718,"Terima kasih Doyoung, ini sangat indah, music, lirik dan nyanyianmu. Mari berjalan di jalan yang penuh bunga untuk selamanya ❤❤",0,2024-04-04T16:05:10Z,2024-04-04T16:05:10Z
UgzuSAWW89fZFtHzaAx4AaABAg,,False,@KDY0NE,"This is so beautiful already, and it's just a glimpse!! I can't wait to hear the whole song, Doyoung you're SO amazing",1,2024-04-04T16:05:03Z,2024-04-04T16:05:03Z
Ugy7zlOLywglEpI2Q5Z4AaABAg,,False,@pejpp0627s,태용이도 그렇고 도영이도 자기가 하고싶은 음악을 하는 것 같아서 너무 좋다💚,3,2024-04-04T16:04:56Z,2024-04-04T16:04:56Z
UgxPSoui_5DgD8O7vzV4AaABAg,,False,@ashleylee9791,DOPPUS LET'S GO,0,2024-04-04T16:04:48Z,2024-04-04T16:04:48Z
Ugx36d7AoO7DLuhO9H14AaABAg,,False,@sheree._.,"ah, it was like the little mermaid at the beginning~ 🥹",1,2024-04-04T16:04:43Z,2024-04-04T16:04:43Z
UgyjpDZ_ASzUeW78TWt4AaABAg,,False,@wtfyoutube,인트로부터 울리면 어떡하지... 도영아 다른 걱정 아무것도 하지말고 네가 하고싶은 노래 맘껏 해. 네 노래는 어차피 사랑할 수밖에 없다,2,2024-04-04T16:04:41Z,2024-04-04T16:04:41Z
Ugy4NfjqIfRHxDxjKj14AaABAg,,False,@Jasdeeeep,THIS ALREADY SOUNDS AMAZING. OHMYGOD.,1,2024-04-04T16:04:39Z,2024-04-04T16:04:39Z
Ugy9fE_ZNwkfb63QJOd4AaABAg,,False,@minxim-g4w,이건 분명히 뜬다,0,2024-04-04T16:04:34Z,2024-04-04T16:04:34Z
UgzaWoewPXBaXOsJk4Z4AaABAg,,False,@GaleriStranger,we will got a full album filled with Kim Doyoung angelic voice🥹🩵,1,2024-04-04T16:04:33Z,2024-04-04T16:04:33Z
UgxvxUJ0dLTvzCfo11p4AaABAg,,False,@꿀떡-g4x,"도영이의 노래에 확신이 생겼다는게 너무 기쁘고
“새봄의 노래”와 함께 도영이의 노래가 시작된다는 말에 너무 벅차올라.
도영이가 그려본 크고 작은 청춘의 포말들로부터 받게될 위로와 사랑과 감사에 벌써부터 너무 설레고 행복하다!
도영아 노래해줘서 고마워 많이 사랑해🩵",2,2024-04-04T16:04:29Z,2024-04-04T16:04:29Z
UgyaCB6elWiZceNH5bd4AaABAg,,False,@신기방기-w4z,내가 도영이 팬이라는게 시즈니라는게 이순간만큼 벅찬 날이 또 올까..너무 벅차서 눈물이 나네ㅠㅠ솔로 앨범 내줘서 고마워,52,2024-04-04T16:04:26Z,2024-04-04T16:04:26Z
Ugxi4xKcy10kqr9WxDZ4AaABAg,,False,@dann22610,와 노래벌써좋다 컨셉 개좋다미친,1,2024-04-04T16:04:19Z,2024-04-04T16:04:19Z
Ugx1YEYMD8E526nBUIl4AaABAg,,False,@anitafebrianasari1591,"Soooo proud of youuuu....❤Kim Doyoung
I'll keep waiting patiently until that day come",1,2024-04-04T16:04:16Z,2024-04-04T16:04:16Z
UgxLPsPcvPOmV6FtQlV4AaABAg,,False,@Invisible.n,Aku bakal balik kesini terus doyoung. Ayoo cepetan dateng tanggal 22,0,2024-04-04T16:04:08Z,2024-04-04T16:04:08Z
Ugz8IEOL6j0hH85M9554AaABAg,,False,@swing7866,哇呜哇呜 好好听啊宝宝 好期待！！！！！,0,2024-04-04T16:04:03Z,2024-04-04T16:04:03Z
UgwP1xTothe7Ckf3ecN4AaABAg,,False,@Chideera,Wow🩵💙,1,2024-04-04T16:03:52Z,2024-04-04T16:03:52Z
Ugw0Q9IR-jkHwSJ2W-x4AaABAg,,False,@Elenglenggg,it’s giving 🌟 disney prince🌟❤,0,2024-04-04T16:03:41Z,2024-04-04T16:03:41Z
UgzqFYa2d_8LeA2tHvZ4AaABAg,,False,@somanypeopo,The high-note got revealed </3,0,2024-04-04T16:03:37Z,2024-04-04T16:03:37Z
UgyFQPhT3yCLHcLDmR54AaABAg,,False,@dinora_in_chengdu,Что за мужчина😭,0,2024-04-04T16:03:37Z,2024-04-04T16:03:37Z
Ugy-aHpqZtzCZAfkEid4AaABAg,,False,@becaptor,🩷🩷🩷🩷🩷🩷🩷🩷🩷🩷🩷🩷,0,2024-04-04T16:03:32Z,2024-04-04T16:03:32Z
UgxHyLEQ3GcHNRsngMJ4AaABAg,,False,@GaleriStranger,sooooo good omg kim doyoung i’m sooo proud of you 🥹😭🩵🩵🩵,0,2024-04-04T16:03:20Z,2024-04-04T16:03:20Z
Ugw6PB9gnY_IKitxwtZ4AaABAg,,False,@trongbestrong6880,"good song, good vibes, good vocal, best Kim Doyoung 💚💚💚🐰",0,2024-04-04T16:02:58Z,2024-04-04T16:02:58Z
UgwBM9VB-L5W21xhLSl4AaABAg,,False,@dinora_in_chengdu,"I am so proud of you, Doyoung🌱☘️",0,2024-04-04T16:02:54Z,2024-04-04T16:02:54Z
Ugy1uluXO0Ft2PeoJhB4AaABAg,,False,@somanypeopo,It's so pretty?!?!? <333333333,1,2024-04-04T16:02:51Z,2024-04-04T16:02:51Z
Ugzc_VyGFG1oZt1Ox194AaABAg,,False,@marimari-dj2nn,あーーーードヨンくんって感じ🥹,0,2024-04-04T16:02:50Z,2024-04-04T16:02:50Z
UgzDdky8xGo0aeV6UqR4AaABAg,,False,@isfps-h3c,"제목도 너무 예쁘고 노래랑 찰떡인 것 같아! 또잉이 음색도, 미모도, 뮤비 색감이랑 연출도 다 너무 취저야!! 근데 제일 좋은건 짧게 들었는데도 심장이 뛰고 벅차오르게 만드는 멜로디야!!! 도영이랑도 너무 잘 어울리고 감정선도 미쳤고 진짜 다 너무 좋다 너무 기대돼!! 돌판은 물론이고 아주 대한민국을 씹어먹는 도영이 모습이 벌써 훤하다!!!ㅋㅋㅋㅋ❤❤❤",3,2024-04-04T16:02:44Z,2024-04-04T16:02:44Z
Ugx11W1601VQNGKPNUF4AaABAg,,False,@lourdesgonzalez27,OMGGG THIS IS GORGEOUS!!!,0,2024-04-04T16:02:33Z,2024-04-04T16:02:33Z
Ugz4pKPbOe2s6TUV2QR4AaABAg,,False,@누냔나,청춘을 함께하는 도영아 모든 순간을 응원할께💚,1,2024-04-04T16:02:20Z,2024-04-04T16:02:20Z
UgxZtVtXZeukGP0H6kJ4AaABAg,,False,@에이-c6y,"도영이의 청춘에 함께할 수 있어 벅차도록 행복해
앞으로 써내려갈 너의 청춘에도 함께할게 
노래 해줘서 고마워",1,2024-04-04T16:02:19Z,2024-04-04T16:02:19Z
Ugzgv4r2vvDqjuYarsV4AaABAg,,False,@nabilakhair,like a Disney🥺💘 so good babe omggg cant waiiitt🤧💝💝💝,0,2024-04-04T16:02:02Z,2024-04-04T16:02:02Z
Ugw1Ofi3CV40hGBZOrF4AaABAg,,False,@TheBmj901,"되게 벅찬 느낌의 노래다…. 너의
이름은 영화가 생각나",1,2024-04-04T16:01:55Z,2024-04-04T16:01:55Z
UgyQyWRW5oOAwC3aHfx4AaABAg,,False,@plengplengj9563,❤❤❤,0,2024-04-04T16:01:38Z,2024-04-04T16:01:38Z
Ugzid3_nHPf6ZT33DWR4AaABAg,,False,@z00merang18,OMG LETS GOO THIS IS SO PRETTY CAN'T WAIT DOLO IS COMING‼️,0,2024-04-04T16:01:12Z,2024-04-04T16:01:12Z
UgxkHAkfrcsA1wRmhbJ4AaABAg,,False,@박쭈꾸-n9d,우리 오빠가 인어래요... 1번 트랙으로 이렇게 벅차오르는 노래라니 첫 시작이 정말 좋은 느낌!!,25,2024-04-04T16:01:12Z,2024-04-04T16:01:12Z
UgykQy-MSGYZhd56XpV4AaABAg,,False,@브라키오0,디즈니보다 더 디즈니같은 노래다. 영상 틀자마자 먹먹하고 퍽차올랐다,167,2024-04-04T16:01:10Z,2024-04-04T16:01:10Z
UgxrxYScPKU3H6Px9yt4AaABAg,,False,@goella,Ubur ubur yank,0,2024-04-04T16:00:53Z,2024-04-04T16:00:53Z
UgzLqmf5niVQVOacGJl4AaABAg,,False,@말티Z-s9w,사랑해 도영아 진심으로 네 목소리는 별가루같아 네 노래로 나는 위로받고 희망을 얻고 행복해져 사랑해,4,2024-04-04T16:00:52Z,2024-04-04T22:58:03Z
UgwS_T-3a_21PlPLZBZ4AaABAg,,False,@raquel.jejejj,Qué emoción DoYoung 🤍🥹🥹 ya quiero escuchar todo el álbum 🫠😭,0,2024-04-04T16:00:51Z,2024-04-04T16:00:51Z
UgwmgevB8izkgiycKZx4AaABAg,,False,@mkeb92,"내 청춘에 도영이가 있어 행복해 :)
솔로 앨범 축하해
행복하자 ෆ",2,2024-04-04T16:00:24Z,2024-04-04T16:00:24Z
Ugx2aHlWl8_I6wp3WxZ4AaABAg,,False,@단지-u3o,"도영아 노래해줘서 진짜 고마워
이번 앨범 진짜 청춘의 끝이야
영상이 너무 아름답고.. 너두 아름답고.. 영화 보는 줄 알았어 이렇게 좋은 앨범 내줘서 고마워🥹 앨범 정말 기대된다 🥹🥹이렇게 또 선물 줘서 고마워🫶 이번 활동 잘되자💚💚💚💚 항상 응원할게!!! 진짜 너 앨범 기다리는 하루하루가 설렌다 고마워",1,2024-04-04T16:00:20Z,2024-04-04T16:00:20Z
UgzKlQiHayZrb-96ay54AaABAg,,False,@fadllaambarwati739,Ihh kya film animasi baguss bgttt,0,2024-04-04T16:00:11Z,2024-04-04T16:00:11Z
Ugyp_RtvGnrk9hU0PFF4AaABAg,,False,@in_neocity,"どよち、、最高だよ😭😭
どよちの歌声でどれだけの人が癒されることか☺️ほんとに大好き!!!",0,2024-04-04T16:00:11Z,2024-04-04T16:00:11Z
Ugzw81tKFT3Ur3aanpd4AaABAg,,False,@anavirginiachastinet6042,Dodo!!!! 💚💚💚💚💚💚💚💚,0,2024-04-04T16:00:10Z,2024-04-04T16:00:10Z
UgxwooUu8ffakHBW0JN4AaABAg,,False,@젤리-x3p,언제라도 도영이가 걷는 모든 길들을 응원할게 청춘을 노래하는 도영이의 노래가 온 우주에 꼭 닿기를 기도해 덕분에 너무 행복하다 도영아,2,2024-04-04T16:00:09Z,2024-04-04T16:00:09Z
UgxaOL1K7ghi9jYkmad4AaABAg,,False,@오오-c3g7q,하 진짜 김도영이다 하고 세상에 나왔네,1,2024-04-04T16:00:07Z,2024-04-04T16:00:07Z
UgzQCAZCnMMN-a_coXx4AaABAg,,False,@elenazzza,"Doyoung, you are so great! 💚",0,2024-04-04T16:00:03Z,2024-04-04T16:00:03Z
UgwCJDBIFg16tW_K-7d4AaABAg,,False,@tarishaputriramadhani3297,Kim doyoung best vocalist,0,2024-04-04T15:59:56Z,2024-04-04T15:59:56Z
UgzxoPzxbOxin3RRN794AaABAg,,False,@noellealberich676,THE MOST BEAUTIFUL THING IVE EVER HEARD!!,0,2024-04-04T15:59:45Z,2024-04-04T15:59:45Z
Ugxlz-XbceHB_RjoEsx4AaABAg,,False,@ivanbrisbane5385,I am so excited. This better be a song on his album. It was beautiful,0,2024-04-04T15:59:39Z,2024-04-04T15:59:39Z
UgxYZw7qtFSFDRh-0BB4AaABAg,,False,@WatchoutforThisUser,우리에게 봄바람을 일으킬 도영이의 솔로를 응원하고 환영해! 나의 우주까지 날아와줘서 고마워,2,2024-04-04T15:59:38Z,2024-04-04T15:59:38Z
UgzxI42kfqhgJtOKiMF4AaABAg,,False,@maicadoie,Everything about it is beautiful,0,2024-04-04T15:59:27Z,2024-04-04T15:59:27Z
UgySx5fL1UJXhjL5pMV4AaABAg,,False,@ImNemuiNeko,This is already everything i have ever wanted and more!! Thank you Doyoung for gifting us with your hardwork <3 i'll respect and love you forever!!,0,2024-04-04T15:59:20Z,2024-04-04T15:59:20Z
UgyEKtbihHrTXrW5ZRB4AaABAg,,False,@몰바-j3t,1분 30초 남짓한 영상에 도영이의 진심이 꾹꾹 눌러 담겨 있는게 느껴져 💙💙 눈물나고 벅차네,2,2024-04-04T15:58:47Z,2024-04-04T15:58:47Z
Ugz6KKH6vPpctR4GMZB4AaABAg,,False,@장크림-q5w,"도영아 쉽지 않은 선택이었을텐데 확신을 가지고 앨범을 내주어서 고맙다는 얘기를 하고 싶어 :)
새봄의 노래를 듣고 봄처럼 따스하고 때론 벅찬 감정이 그대로 스며들어오는것 같은 생각이 들었어.완곡이 나오면 너의 뜻이 고스란히 전해질것이라는 말을 들었어. 인트로를 시작한 새봄의 노래가 너의 뜻을 담고 있는 진심어린 곡이라면 시즈니분들중 하나인 내가 정말 고맙다고 다시 한번 말해주고 싶어.
새봄의 노래,타이틀곡을 포함하여 10곡, 너의 첫 정규 앨범 청춘의 포말을 정말 정말 팬으로써,음악을 정말 애정하는 한 사람으로써 널 정말 응원할께.
첫 앨범의 표지를 새봄의 노래라는 좋은 노래로 찾아볼 수 있게 해주어서 정말 고마워💗
앞으로 세상에 나올 너의 곡들을 차근차근 기다릴께 🥺🙏🏻",2,2024-04-04T15:58:45Z,2024-04-04T15:58:45Z
UgxFVVNJQJu40_9zp5N4AaABAg,,False,@Omacchi,So beautiful.,0,2024-04-04T15:58:40Z,2024-04-04T15:58:40Z
UgzHJTm-kNq0KaDI4xd4AaABAg,,False,@angeliquekann,Being able to witness Doyoung's growth as an artist has been so rewarding as a fan,0,2024-04-04T15:58:37Z,2024-04-04T15:58:37Z
UgyHCcjz52Q1Fsw11DZ4AaABAg,,False,@Ppami11,ดีมากกกก ชอบสุดๆ เพราะสุดๆค่ะ,0,2024-04-04T15:58:35Z,2024-04-04T15:58:35Z
UgxqlLSXS23FBY8AJ5J4AaABAg,,False,@wtmys_,정말 김도영은 대단해😭😭,1,2024-04-04T15:58:08Z,2024-04-04T15:58:08Z
UgyxD9CGa3CVHOp_Ngh4AaABAg,,False,@gebibina257,ini baru intro doang bagus bgt kaa doyy😭😭,0,2024-04-04T15:57:54Z,2024-04-04T15:57:54Z
UgyvyBSI2jZpnsfuklV4AaABAg,,False,@yunfeij563,好听好听好听好听好听好听好听好听好听好听好听好听好听好听好听,0,2024-04-04T15:57:43Z,2024-04-04T15:57:43Z
Ugxwre8dtqmIGG4j4CZ4AaABAg,,False,@Hyuna0201,도영이의 청춘에 시즈니가 있고 시즈니의 청춘에 도영이가 있다는게 그 무엇보다 아름다운관계인것같아. 그리고 이런 관계를 특별한 노래로 기억하고 추억할수있게 선물해줘서 고마워💚,5,2024-04-04T15:57:33Z,2024-04-04T15:57:33Z
UgwLMu_R2_1UHIbzAAd4AaABAg,,False,@hosannaph_2513,"why is this giving Free Willy, Forrest Gump (bcos he ran), and Barbie The 12 Dancing Princesses?? LET'S GO, DOLO",0,2024-04-04T15:57:16Z,2024-04-04T15:57:16Z
UgzHjyRx7efBPNm6A-d4AaABAg,,False,@2-y2t,와아 노래 개좋다….,3,2024-04-04T15:57:05Z,2024-04-04T15:57:05Z
Ugz3yUy8ejKT96k-7wN4AaABAg,,False,@user-eeyyee,이게 도영코어야…,2,2024-04-04T15:57:04Z,2024-04-04T15:57:04Z
UgySQqoWF9rEIgcbsbl4AaABAg,,False,@wishyaa,"this is so perfect, Doyoung you deserve everything!",0,2024-04-04T15:57:01Z,2024-04-04T15:57:01Z
Ugw5X7HNfa7-A6efZCp4AaABAg,,False,@찌니_S2,도영아 노래해줘서 고마워,2,2024-04-04T15:56:59Z,2024-04-04T15:56:59Z
Ugy2YIba4xeN5E5gmmJ4AaABAg,,False,@짐니-t3f,너무 기대된다..!!!!!,2,2024-04-04T15:56:54Z,2024-04-04T15:56:54Z
UgzJv-5wA8cZlYm--rR4AaABAg,,False,@user-eeyyee,너의 시작이 좋아 도영아,2,2024-04-04T15:56:49Z,2024-04-04T15:56:49Z
UgwZajToaX-GpoCGKu14AaABAg,,False,@akane7692,鳥肌たった😢ドヨチ最高!!,0,2024-04-04T15:56:40Z,2024-04-04T15:56:40Z
UgyqNj4kLLZDv8-QlIt4AaABAg,,False,@yunfeij563,我现在变得只会发疯了😢😢真的好喜欢,0,2024-04-04T15:56:37Z,2024-04-04T15:56:37Z
Ugych2ep2uYGJ-x1Cll4AaABAg,,False,@trtr-z7e,待てないよ……,0,2024-04-04T15:56:33Z,2024-04-04T15:56:33Z
Ugz42Wu7Ul5Qb8BCcS14AaABAg,,False,@dal-moon-1k,이게 타이틀이 아니라는게 너무 감동적이야 이렇게 좋은 노래가 수록곡인 도영이의 첫 솔로 앨범은 어떨지 너무너무너무 기대돼..... 행복하다. 이런 감정을 되게 오랜만에 느끼는 것 같아. 10곡이 다 궁금하고... 그리고 이미지나 곡 공개될 때마다 다들 너무너무 도영이 같다고 할 때 뭔가 감정이 묘해 드디어 너의 음악을 하려는구나 싶어서,7,2024-04-04T15:56:24Z,2024-04-04T15:56:24Z
UgysTZ54SLqlDtV4y8p4AaABAg,,False,@도어디,"도영이가 써내려갈 앞으로의 긴 여정의 시작을 함께할 수 있어서 너무 행복해
노래해줘서 고마워 도영아",2,2024-04-04T15:56:22Z,2024-04-04T15:56:22Z
UgwHmIcB70DNeZBad0R4AaABAg,,False,@엔시리위올소쉑시,노래를 듣는 순간 인생을 잘 살아갈 용기가 생김.,7,2024-04-04T15:56:21Z,2024-04-04T15:56:21Z
UgwDrnYaphB5i7or0S14AaABAg,,False,@tube8243,"金道英超級適合這個風格!!
光看預告我就好想哭ㅠㅠ
不知道重複看了幾次了...ㅠ
我會好好期待的🥰 사랑해🫶🏻",1,2024-04-04T15:56:16Z,2024-04-04T15:56:16Z
UgylmhwUQrh7IoW9a-l4AaABAg,,False,@두둥-r6h,"노래가 가진 힘은 무엇일까
도영이의 노래로 나의 청춘을 빛내줘서 고마워",5,2024-04-04T15:56:12Z,2024-04-04T15:56:12Z
Ugyadj4KC8LQUK9LU6R4AaABAg,,False,@chaeny127,"도영아 소중히 다듬어온 너의 음악을 마침내 들려주어 고마워 비록 첫 앨범이지만 저 하늘 높이 가보자 우리 함께 
네가 나의 아이돌이라 참 감사하고 행복한 지금이야",3,2024-04-04T15:56:00Z,2024-04-04T15:56:00Z
Ugyu97JTUp-LBvPisTd4AaABAg,,False,@NurArifahAishahNorAzman,Why is he so good in singing,0,2024-04-04T15:55:55Z,2024-04-04T15:55:55Z
Ugz6KLQBdLTXNk3CmOp4AaABAg,,False,@ji_yeon_,?????????? 이 노래 뭐야. 당장 내주세요. 나 이거 무한반복해서 듣고 싶어요. 이게 뭔 물광 같은 노래? 너무 내 취향이다👏🏻,0,2024-04-04T15:55:54Z,2024-04-04T15:55:54Z
Ugzxt4XILqJabQBbShR4AaABAg,,False,@seayounglee6231,도영이의 아름답고 찬란한 청춘을 응원해 🩵,1,2024-04-04T15:55:40Z,2024-04-04T15:55:40Z
UgwHrIw3IsHN5TUIudV4AaABAg,,False,@bbangnyuwangi,YA ALLAH MAKASIH UDAH IZININ AKU HIDUP DI ZAMAN YANG SAMA DENGAN KIM DOYOUNG DAN BIKIN AKU SUKA SAMA ORANG SEKEREN KIM DOYOUNG,0,2024-04-04T15:55:33Z,2024-04-04T15:55:33Z
UgwqStpq0_V6CFE-D4d4AaABAg,,False,@sanzziee,❤❤❤,0,2024-04-04T15:55:32Z,2024-04-04T15:55:32Z
UgwJ2h8S5a4i_3TrBHp4AaABAg,,False,@buchuntu5130,看傻了有点,0,2024-04-04T15:55:31Z,2024-04-04T15:55:31Z
Ugwap7F-smrDGA5vskJ4AaABAg,,False,@justchilka,its gonna be beautiful album,1,2024-04-04T15:55:30Z,2024-04-04T15:55:30Z
UgxV4GoDnJ2Zf7aYYJ54AaABAg,,False,@natnass,🥹🥹🫶🏻,0,2024-04-04T15:55:25Z,2024-04-04T15:55:25Z
UgzV0cWr3BQkkNmdRoN4AaABAg,,False,@jogjacell5012,❤,0,2024-04-04T15:55:07Z,2024-04-04T15:55:07Z
UgytCOGEg08CUPhQ0Mp4AaABAg,,False,@jaehyunbly,진짜 김도영 같은 앨범이야 영화 다 보고 나올 것 같은 노래 재질이다 도영아 항상 고맙고 사랑해 네가 내 청춘이고 삶이야,1,2024-04-04T15:55:04Z,2024-04-04T15:55:04Z
Ugx6eF_V42Mpb4GYTcV4AaABAg,,False,@jjangdol91,나는 이제 청춘이 뭔질 알겠다 … 내가 아는 청춘은 청춘이 아니었음을 알게됨,2,2024-04-04T15:55:02Z,2024-04-04T15:55:02Z
UgxpqMR6vu4iI0VrCeJ4AaABAg,,False,@yunfeij563,我根本按耐不住现在激动的心情🎉🎉,1,2024-04-04T15:54:59Z,2024-04-04T15:54:59Z
UgzBli0Km5XD1A79ed14AaABAg,,False,@도이-02,노래를 듣고 이런 감정을 느낀적이 처음이라 감히 말로 다 표현할수가 없다…,3,2024-04-04T15:54:39Z,2024-04-04T15:54:39Z
Ugy2-4WFhLhKK41s7tR4AaABAg,,False,@Coolda46,"도영아 넌 내 청춘이야 정말로.
도영이 목소리 없는 노래는 듣지못하는 내가되어버렸어.. 정말 고마워 
우리 이번에 좋은추억 진짜 많이 만들자 
사랑해",2,2024-04-04T15:54:37Z,2024-04-04T15:54:37Z
UgzIsyAHO9aXNzcyP054AaABAg,,False,@sssssunggg,나 진짜 도영이가 아니면 안 된다고,1,2024-04-04T15:54:29Z,2024-04-04T15:54:29Z
UgzHulCqcuGahEgfvjh4AaABAg,,False,@supichayakhumsa-ard9688,The best vocal🩵,0,2024-04-04T15:54:24Z,2024-04-04T15:54:24Z
UgyGYDr1PPglm2iUW8B4AaABAg,,False,@Doyoungbabo,"도영이가 가장 도영이에게 잘 어울리는 곡으로, 도영이다운 형태로, 도영이스러운 가사들로 꽉 담긴 정규앨범! 대박나자 항상 고마워 도영이의 첫 솔로 앨범을 응원할게 사랑해",4,2024-04-04T15:54:19Z,2024-04-04T15:54:19Z
Ugy18YF7PNzHoiK5U1B4AaABAg,,False,@9a2i1,너무좋하ㅠㅠㅠㅠㅠ,2,2024-04-04T15:54:19Z,2024-04-04T15:54:19Z
UgxkQBkD0jYq74vhznp4AaABAg,,False,@이서영-j8e,모든 멜로디와 가사에 도영이의 취향과 흔적이 물씬 묻어나와서 너무 다채롭구 향기롭다 .. 노래해줘서 너무너무 고마워,1,2024-04-04T15:54:11Z,2024-04-04T15:54:11Z
UgymKQEzTU-AyoxP7St4AaABAg,,False,@1441.2,THIS IS SOOOO GOOD,0,2024-04-04T15:54:10Z,2024-04-04T15:54:10Z
UgwRdyPAegEpH401TR54AaABAg,,False,@ArielStar,"Absolutely beautiful and stunning. I definitely feel and see the youth concept. Such beauty, such aura. Lovely, mesmerizing Doyoung <3",1,2024-04-04T15:54:07Z,2024-04-04T15:54:07Z
Ugwaq83Mil5pT4BDSzJ4AaABAg,,False,@きな胡,全てが美しい,0,2024-04-04T15:54:05Z,2024-04-04T15:54:05Z
UgyhIfZOiB-Jbigd0gx4AaABAg,,False,@nctzen3101,НАКОНЕЦ-ТО МЫ ДОЖИЛИ ДО СОЛО ДОЕНА😭😭,0,2024-04-04T15:53:54Z,2024-04-04T15:53:54Z
UgwRYwwl-eVadlnjG8B4AaABAg,,False,@For_wish,내 청춘은 너야 동영아,0,2024-04-04T15:53:47Z,2024-04-04T15:53:47Z
UgzP-vOsHv8NuCxiCs94AaABAg,,False,@yunfeij563,大海之子金道英🌊,0,2024-04-04T15:53:41Z,2024-04-04T15:53:41Z
Ugyzq34j7R3e95T29GR4AaABAg,,False,@sara.fav801,He's just... I love him so much,0,2024-04-04T15:53:39Z,2024-04-04T15:53:39Z
UgxlmQe_RQ4EVeUV0gF4AaABAg,,False,@JeuN-rr6gu,도영아 자신감 있게 노래로 도영이로 증명해줘서 시즈니한테 예쁘게 네가 느꼈을 때 자신 있다고 했던 지금 이렇게 예쁜 노래로 와줘서 너무 고마워 우리 앞으로도 같이 가자 시즈니가 옆에 항상 있어,2,2024-04-04T15:53:30Z,2024-04-04T15:53:30Z
Ugw5_c28aN4UhQyOsN14AaABAg,,False,@안졸리나젤리-d3r,진짜.. 도영이 좋아해서.. 너무 다행이다…,1,2024-04-04T15:53:22Z,2024-04-04T15:53:22Z
Ugxaqkbs95K6GIcK8Qp4AaABAg,,False,@aerielledelrosario2148,Doiiee this is so beautiful ❤️,0,2024-04-04T15:53:21Z,2024-04-04T15:53:21Z
Ugwizhsad8dkhre1F954AaABAg,,False,@Honeylight92,노래 빨리 듣고 싶네요 😍😍,2,2024-04-04T15:53:18Z,2024-04-04T15:53:18Z
UgyacFJWvAY0ZyUng7J4AaABAg,,False,@violinzi,이건 걸작이다!!!!!!!! 당신은 훌륭한 일을했다!!!!! 우리는 너를 사랑해!!!!!,2,2024-04-04T15:53:14Z,2024-04-04T15:53:14Z
UgzPETa9cuPcERiM04p4AaABAg,,False,@reyniashifa6591,"Kim Doyoung, i hope your first solo debut will make you more successful in the future.. Aamiin 🥹🩵",0,2024-04-04T15:53:06Z,2024-04-04T15:53:06Z
UgxJ9GXAygxnbAc5pux4AaABAg,,False,@_kuromidy,I love you ❤,0,2024-04-04T15:52:46Z,2024-04-04T15:52:46Z
Ugz2atGNac0_TsvjBn54AaABAg,,False,@user-cj8wp6nu6e,벅차서 말이 안나온다,3,2024-04-04T15:52:45Z,2024-04-04T15:52:45Z
UgzVMMpZQAZjyayrXht4AaABAg,,False,@sara.fav801,He's just so angelic,0,2024-04-04T15:52:40Z,2024-04-04T15:52:40Z
UgwZ_LbC55hWTP03mkt4AaABAg,,False,@Raktawan_n,도영이는 대단해요. 아름다운 소리와 아름다운 그림 정말 완벽해요.,1,2024-04-04T15:52:39Z,2024-04-04T15:52:39Z
UgzCyPfp4zir_eEx7VF4AaABAg,,False,@QueenHela240,So Pretty,0,2024-04-04T15:52:30Z,2024-04-04T15:52:30Z
UgxNB-rlrsMwTwFgWtl4AaABAg,,False,@kkuri_,"도영이가 그려왔던, 김도영 그 자체를
담은 앨범일것같단 생각이 계속 드는것같아..!
도영아 노래해줘서 너무너무 고맙고, 앞으로의 청춘도 미래도 함께하자..!!",2,2024-04-04T15:52:29Z,2024-04-04T15:52:29Z
UgxI1aV9040vkJ2F8v14AaABAg,,False,@widyarismayantitampubolon5709,❤❤❤❤❤❤❤❤❤❤,0,2024-04-04T15:52:29Z,2024-04-04T15:52:29Z
UgwUcRNhWxPdt8GYmV54AaABAg,,False,@hhhhhh-smkill,김도영이라는 사람이 너무 기대되는데 어떡하지 너무 떨리는데.... 진짜 김도영의 음악을 들을 수 있다는게 너무 행복해!! 세상에서 제일 멋진 사람이야 어떤 길을 가도 응원할 수 있을것 같은 느낌이 처음으로 든 것 같아 청춘을 노래한다는 말이 오글거리지 않고 진심으로 느껴지게 만드는 사람이야 넌!! 이게 시작인게 말이 되냐고!!!,2,2024-04-04T15:52:24Z,2024-04-04T15:52:24Z
UgwVYs1n3vv3rO1I0XN4AaABAg,,False,@제이이-h1v,와 아니 노래 뭔데?? 진짜 좋다.....,1,2024-04-04T15:52:04Z,2024-04-04T15:52:04Z
UgyhVlHCyvTu5f740854AaABAg,,False,@doyochikim,Cant wait for the album release,0,2024-04-04T15:52:03Z,2024-04-04T15:52:03Z
UgxfWRgEao2VRKRnfpl4AaABAg,,False,@Alltownisred,"Apoyemos mucho a Doyoung, se viene arte puro.",0,2024-04-04T15:51:57Z,2024-04-04T15:51:57Z
Ugz6M5tCk8EY75mlxzZ4AaABAg,,False,@도이-02,도영아 너의 앞날을 정말 응원하고 사랑해 곧 나올 앨범 결과가 어떻든 난 오늘 본 이 영상에서의 너를 못잊을거 같아 청춘을 노래하는 청춘 동영아 지금 이 순간을 소중히 여기고 너 자신을 믿었으면 좋겠어 언제나 너의 뒤에서 지켜줄게 사랑한다 우리 토끼!!,2,2024-04-04T15:51:52Z,2024-04-04T15:53:02Z
Ugw8GjXVdRbzHnasend4AaABAg,,False,@picnicondamoon8138,ㅠㅠㅠㅠㅠㅠㅠㅠ,0,2024-04-04T15:51:50Z,2024-04-04T15:51:50Z
UgxE8kznYD34WlsQILp4AaABAg,,False,@_kuromidy,so good 🩵,1,2024-04-04T15:51:47Z,2024-04-04T15:51:47Z
Ugx0b7vX_AeCpLPw5Ap4AaABAg,,False,@buttercup2339,miss ariel should be afraid,1,2024-04-04T15:51:45Z,2024-04-04T15:51:45Z
UgwEsgiWq-W49RU2bL54AaABAg,,False,@Kkingkkang-21,진짜 도영이 머무 조아서 우뜨카지,1,2024-04-04T15:51:42Z,2024-04-04T15:51:42Z
UgzalXlN7FOxC6n7xvR4AaABAg,,False,@yena0315_,도영오빠가 자기 자신을 이 앨범에 온전히 다 담아내고 표현한 거 같아서 너무 기대댄다 진짜루 …. 🥹🤍 인트로부터 너무 좋아서 어떠케 … 눈물날 거 같다 … 🥲,2,2024-04-04T15:51:39Z,2024-04-04T15:51:39Z
UgyahVwUH0T4iqWt8ml4AaABAg,,False,@young_21,도영아 노래해줘서 고마워,4,2024-04-04T15:51:36Z,2024-04-04T15:51:36Z
UgxDrEkn7-_hj7KJskx4AaABAg,,False,@yyy-dt6le,2016년부터 도영이 팬이었던 나. 벌써 2024년 오랜 시간이 지나가고 있네. 나의 청춘에 찾아와줘 고마워. 도영아 너의 청춘을 노래해줘 고마워.,2,2024-04-04T15:51:31Z,2024-04-04T15:51:31Z
Ugyvbj0kEEOM-cBu_5B4AaABAg,,False,@ziiwoo_juu,하 너무 좋네...ㅜ 내가 기다려오던 노래야 딱 도영이한테 어울리는 청춘 그 자체다💚,3,2024-04-04T15:51:30Z,2024-04-04T15:51:30Z
Ugwv8FK92tXL_VQh0Pt4AaABAg,,False,@user-areyou7,아 너무 행복하다 .. 벌써 설레 첫 솔로 앨범 너무 축하해 도영아 💚,2,2024-04-04T15:51:19Z,2024-04-04T15:51:19Z
UgyoxG47zOoalq8WTRJ4AaABAg,,False,@2umm3r,진짜 사랑해 도영아 너를 사랑할 수 있는 것만으로도 위로가 되고 힘이 돼 ㅠㅠ,2,2024-04-04T15:51:01Z,2024-04-04T15:51:01Z
Ugy9F6QVI_5FhC8gbL94AaABAg,,False,@Jana-li5or,DOYOUNG I SWEAR YOU ARE THE BEST !!!,1,2024-04-04T15:50:53Z,2024-04-04T15:50:53Z
Ugz3WjU4FxW5pgdI8NF4AaABAg,,False,@abinaya276,sounds like a disney song wow,1,2024-04-04T15:50:48Z,2024-04-04T15:50:48Z
UgzeZBXc8UhKjhEiAbR4AaABAg,,False,@おもち-o3n3o,えっと、オッパがリトルマーメイドってこと？？,1,2024-04-04T15:50:47Z,2024-04-04T15:50:47Z
UgwKsKqqUsMFJRzFqHx4AaABAg,,False,@s27777__ee,너무 소중한 영상이라 말도 잘 안나오고 그냥 계속 하염없이 다시보게 되네..ㅠㅠ 우리 도영이가 노래에 대한 자부심도 넘치고 사랑도 많은 사람이라 노래도 도영이를 사랑해 주는 것 같아 오래오래 노래해줘 끝까지 응원할게,2,2024-04-04T15:50:36Z,2024-04-04T15:50:36Z
UgyL9h35N-P6lo7mX8J4AaABAg,,False,@dessyauliaa,MENYALA KIM DOYOUNGGG,1,2024-04-04T15:50:32Z,2024-04-04T15:50:32Z
UgwYezXGPntSBq2KrqR4AaABAg,,False,@sselem1t,어떻게 푸른 색채를 잔뜩 머금었는데도 이리 봄 내음이 가득할까 완벽한 청춘의 정의 같아 더더 소중해,293,2024-04-04T15:50:20Z,2024-04-04T15:50:20Z
UgzuPn-8VWtAIetaYyx4AaABAg,,False,@Jana-li5or,دقيقه بدوخ توني مفطره وذا الشي قدامي 😭😭😭,1,2024-04-04T15:50:14Z,2024-04-04T15:50:14Z
UgyLbnTEcps4MjfwOKV4AaABAg,,False,@VanessaSantos087,QUE LINDO MDS EU AMO TANTO ELE,1,2024-04-04T15:50:11Z,2024-04-04T15:50:11Z
UgyWAClZ4JQ9qytTAG94AaABAg,,False,@Syatcless,😍😍😍 wow proud of you beb ❤,1,2024-04-04T15:50:08Z,2024-04-04T15:50:08Z
UgzxUIojLcXt5bRZyfx4AaABAg,,False,@yunfeij563,仙女下凡,1,2024-04-04T15:50:06Z,2024-04-04T15:50:06Z
Ugz3Ik8tHR_qrS0pCvl4AaABAg,,False,@alvirossa,MAS DOYHHHH🤍 SEMANGAT MAS DOYH,1,2024-04-04T15:49:56Z,2024-04-04T15:49:56Z
Ugx3mH3wT7uk-QeTUyN4AaABAg,,False,@feb1to9,"the goosebumps when doyoung started singing, doyoung sounds so good as always",1,2024-04-04T15:49:55Z,2024-04-04T15:49:55Z
Ugz-LRFurAT1kz8TzJt4AaABAg,,False,@user-eeyyee,네가 노래할 청춘에 귀 기울일게,1,2024-04-04T15:49:47Z,2024-04-04T15:49:47Z
UgyO_kZ-yGir1O8xOLp4AaABAg,,False,@coolkidss3094,Dodo we love you so much,1,2024-04-04T15:49:39Z,2024-04-04T15:49:39Z
Ugw02qxMZEqVDqf-1YR4AaABAg,,False,@김동영-x8f,"햇살같은 너가 제일 좋아하고 그동안 얼마나 열심히 노력했는지 그 결실이 드디어 빛을 보는 거 같아 너무 대견하고 멋있어 너의 목소리 한 가득 담긴 노래를 들을때마다 무너져 있는 내가 더 열심히 살아야겠다 일어설 수 있었고 , 또 한 걸음 성장 할 수 있는 밑 거름이 되어주어 너무 고마워 정말 선물같은 솔로 데뷔다 그동안 얼마나 혼자 준비하고 연습하고 갈고 닦았을까 그 시간들을 감히 말 할수 없겠지만 그 결과가 세상에 나온다니 정말 너무 너무 멋있고 자랑스럽고 너의 팬이라는 게 너와 같은 세상에 살고 있다는 게 너무 좋다 진짜 앞으로도 이런 노래 많이 들려줘 언제나 응원해",1,2024-04-04T15:49:29Z,2024-04-04T15:49:29Z
UgxwJIWu5UAn_ov1vZ54AaABAg,,False,@Touchy_peach,사랑해요 도영이랑 목소리도,3,2024-04-04T15:49:26Z,2024-04-04T15:49:26Z
Ugzcw8KS3t-5PPJ8S9d4AaABAg,,False,@doyoung2133,"Keren banget doyoung gw, proud of you <3",2,2024-04-04T15:49:22Z,2024-04-04T15:49:22Z
UgwPTzl--QBnHkWKhuZ4AaABAg,,False,@bubblegummyyou,This is so pretty 😭,1,2024-04-04T15:49:20Z,2024-04-04T15:49:20Z
Ugy0LGbqtRsOdoU8STV4AaABAg,,False,@진예림-l7w,첫 솔로 앨범이라 시즈니들이 많이 기대하는 거 동영이는 알아서 잘 해내야 한다는 부담감이 많이 있을 텐데 그럼에도 이렇게 좋은 노래 내줘서 고마워 동영이 20대 청춘을 끝까지 함께 할게 사랑해 동영아,2,2024-04-04T15:49:19Z,2024-04-04T15:49:19Z
UgyXrSnRA_GY18K2juR4AaABAg,,False,@wennyvichinniati,Merinding denger dikit doank 😮😮💚💚💚,1,2024-04-04T15:49:15Z,2024-04-04T15:49:15Z
UgzR9jSve_GeG3e6dlB4AaABAg,,False,@user-eeyyee,달려나가는 모습 너무 좋아,2,2024-04-04T15:49:15Z,2024-04-04T15:49:15Z
UgxOEvPLdpZaVpVRYtt4AaABAg,,False,@coolkidss3094,Doyoung I 'm so excited for this 💚💚💚💚💚,1,2024-04-04T15:49:10Z,2024-04-04T15:49:10Z
UgxSaTcBBa60ozrFruR4AaABAg,,False,@doie1296,i don't know the meaning of the lyrics yet but i already feel so emotional 😭,1,2024-04-04T15:49:10Z,2024-04-04T15:49:10Z
Ugyq-UyJ32Va8qwChC94AaABAg,,False,@heeya105,"새봄의 도영아, 너의 노래에는 우리 서로 위로 받고 사랑 받고 고마워하던 청춘이 담겨 있는 듯해. 이런 너의 노래를, 너란 사람을 사랑하지 않는 건 어쩌면 나를, 나의 청춘을 사랑하지 않는 것일지도 몰라. 가타부타하지만 결국 우리 서로의 봄 그리고 여름 가을 겨울도 함께 해보자 이번 활동도 파이팅 💙",1,2024-04-04T15:49:06Z,2024-04-04T15:49:06Z
UgxukM-7IpoG2Wul9ZV4AaABAg,,False,@fabianaa6564,TE AMO INFINITAMENTE MI VIDA😭💙,1,2024-04-04T15:49:05Z,2024-04-04T15:49:05Z
UgwzPtoLlDrzyeWFt-J4AaABAg,,False,@user-eeyyee,선호장르 : 도영,1,2024-04-04T15:49:04Z,2024-04-04T15:49:04Z
UgyD-1-OMcveatOOJRJ4AaABAg,,False,@yunfeij563,短短一分半我还能听100遍都不够,1,2024-04-04T15:48:53Z,2024-04-04T15:48:53Z
UgzMImjnBXHjFPfubol4AaABAg,,False,@user-eeyyee,"가자
아이유 박효신 그리고 도영",1,2024-04-04T15:48:47Z,2024-04-04T15:48:47Z
UgwSLPGxnkAgDqJ5M9x4AaABAg,,False,@좀지나갈게요-b6u,아 존나 디즈니+애니 느낌 좔좔……….. 몽글몽글하다,1,2024-04-04T15:48:41Z,2024-04-04T15:48:41Z
Ugwh9Dad4stPwMsuY5J4AaABAg,,False,@l3sz_xx,진짜 김도영 그 자체라 너무 감격스러워 ㅠㅠㅠ 첫 솔앨 대박나자 도영아,3,2024-04-04T15:48:41Z,2024-04-04T15:48:41Z
UgwHB2QAsQQg18RfrzF4AaABAg,,False,@WendKusuma,"My baby, the film is so beautiful just like you❤❤❤",0,2024-04-04T15:48:40Z,2024-04-04T15:48:40Z
UgyfE8Zkoj3NrXmr_mt4AaABAg,,False,@무화과-y4v,도영아 너를 응원해.,1,2024-04-04T15:48:39Z,2024-04-04T15:48:39Z
Ugz3ahQ5k8YrufkoKXV4AaABAg,,False,@gkdltmf88,아 뭔가 눈물날 것 같아 벌써부터 너므 좋자나ㅜ,2,2024-04-04T15:48:36Z,2024-04-04T15:48:36Z
UgyMlzaJGWQjho2o_CZ4AaABAg,,False,@oyeahooyy,도영아 너무 좋다.. 항상 예쁜 목소리 들려줘서 고마워,6,2024-04-04T15:48:35Z,2024-04-04T15:48:35Z
Ugzxf-e1tcWgXRVxDaN4AaABAg,,False,@Shruti-pz2jb,Can we just take a moment to appreciate the people behind this MV 💚💚,1,2024-04-04T15:48:30Z,2024-04-04T15:48:30Z
UgwjFeyp8quWRRGYuLx4AaABAg,,False,@Urmaii,"This is just the introfilm??? Wow the soloist doyoung is really coming strong 
Cant wait for the album to release already 😭😭😭😭😭🩵",1,2024-04-04T15:48:22Z,2024-04-04T15:48:22Z
UgzxWASOdH94fUSWw0p4AaABAg,,False,@pawzhaer,QUE VOCALESS DIOSS TE AMO DOYO,1,2024-04-04T15:48:20Z,2024-04-04T15:48:36Z
UgxsnDz5oSROUdVY9TB4AaABAg,,False,@yunfeij563,这次你真的该火了道英🥺,0,2024-04-04T15:48:19Z,2024-04-04T15:48:19Z
Ugxb9gBxNe0-NYoVJal4AaABAg,,False,@CaroL-wg1wm,DOYOUNG YOU MADE ME CRY 😭😭 THIS IS SO BEAUTIFUL,1,2024-04-04T15:48:17Z,2024-04-04T15:48:17Z
UgzE9dJo8aWw0d-MT-l4AaABAg,,False,@nalbbong192,티저 노래만 들었는데 나 지금 디즈니 애니 주인공 됨. . .,0,2024-04-04T15:48:13Z,2024-04-04T15:48:13Z
Ugw8-ExRFc1oc6-Y9-54AaABAg,,False,@はっさく-g7w,たのしみ❤,0,2024-04-04T15:48:02Z,2024-04-04T15:48:02Z
UgxtCR4gp_6uf6o7y0N4AaABAg,,False,@rinrynnem,와 진짜 좋아,0,2024-04-04T15:48:02Z,2024-04-04T15:48:02Z
Ugz4SkRtKFk6IfP5YjF4AaABAg,,False,@yunfeij563,我期待的要死😢😢😢,0,2024-04-04T15:47:56Z,2024-04-04T15:47:56Z
UgzGncJ-xApeDn64oAF4AaABAg,,False,@Yuta-f1e,Ganteng banget suaranyaaaa,0,2024-04-04T15:47:48Z,2024-04-04T15:47:48Z
Ugz0_Y4UqKk_Bt3V0aV4AaABAg,,False,@peteartieda58,MY KINGS YOU DESERVE THE WORLD,0,2024-04-04T15:47:47Z,2024-04-04T15:47:47Z
UgxjGf9DFCknBdoD2YF4AaABAg,,False,@yunfeij563,妈咪你好美,0,2024-04-04T15:47:42Z,2024-04-04T15:47:42Z
UgzPlAl3TaLb1eLSjYh4AaABAg,,False,@userimbiryaa,야 듣는데 좋아서 소름돋는다 도영아...,0,2024-04-04T15:47:38Z,2024-04-04T15:47:38Z
Ugy8Hdfvs2Na3Uho_DZ4AaABAg,,False,@alesiajani5282,Slay doyoung,0,2024-04-04T15:47:33Z,2024-04-04T15:47:33Z
Ugw7j5Ax-30lKO2P9Fd4AaABAg,,False,@yunfeij563,道英的声音有着治愈的力量,0,2024-04-04T15:47:33Z,2024-04-04T15:47:33Z
UgwondZOXIFgoUj-UOt4AaABAg,,False,@iamyoursea,"Konsepnya bagus bgt, lagunya apalagi... Suara Doyoung emang ga pernah gagal, cakep bgt ಥ⁠╭⁠╮⁠ಥ",0,2024-04-04T15:47:25Z,2024-04-04T15:47:25Z
UgxyfkaLAe1td5TMGrJ4AaABAg,,False,@yunfeij563,好伟大的作品,0,2024-04-04T15:47:19Z,2024-04-04T15:47:19Z
UgxIcG3hVC63f3sgCHF4AaABAg,,False,@Be_emillysantos,"SM com certeza vai investir bastante no debut do Doyoung, nosso incrível vocalista merece muito",0,2024-04-04T15:47:17Z,2024-04-04T15:47:17Z
UgzaiZM2_Gtawb6bhbt4AaABAg,,False,@alesiajani5282,Omg❤,0,2024-04-04T15:47:17Z,2024-04-04T15:47:17Z
UgxWbAI__pMJisuH_sV4AaABAg,,False,@jocelynphuong4464,The song sounds so nice already! And the instrumental is so pretty too~!! Finding out recently that Doyoung is friends with LUCY makes me wanna check this out even more once it's released 😆💓,0,2024-04-04T15:47:15Z,2024-04-04T15:47:15Z
UgwvJ5-K7uDtA03Yjht4AaABAg,,False,@rakurai00,я поддерживаю тебя❤,0,2024-04-04T15:47:14Z,2024-04-04T15:47:14Z
UgyByz5rmMa-bi8zGnJ4AaABAg,,False,@Awan-m8j,It’s giving disney soundtrack omg I love it 😭💚,0,2024-04-04T15:47:13Z,2024-04-04T15:47:13Z
Ugx7GcE5ciVqVL9rE0V4AaABAg,,False,@yuno_that,듣는 이들도 각자의 청춘을 새삼 느끼거나 떠올리게 만드는 목소리,1,2024-04-04T15:47:06Z,2024-04-04T15:47:06Z
UgxTbemrP-6D0sguMjB4AaABAg,,False,@janjankim95,you voice are so beautiful 💙,0,2024-04-04T15:47:06Z,2024-04-04T15:47:06Z
UgwCswLu6ehpBkL5JCJ4AaABAg,,False,@RUnervousDontBe,벌써부터 벅차오르는데 어떡하지 고마워 도영아 내 청춘이 네 노래와 함께 시작된거 같아,0,2024-04-04T15:46:57Z,2024-04-04T15:46:57Z
Ugzl5CmC1QYPPdAF7mp4AaABAg,,False,@n0cnhaJeongf4m,Cảm ơn Doyoungie đã luôn chăm chỉ và cống hiến hết mình 💪🏻 TỰ HÀO RẤT NHÌUU🩵,0,2024-04-04T15:46:53Z,2024-04-04T15:46:53Z
UgwFONHS2b17ssGQuZR4AaABAg,,False,@김하정-e7p,김도영씨 응원해요,1,2024-04-04T15:46:47Z,2024-04-04T15:46:47Z
Ugx2Er81QkYNQFw2oDp4AaABAg,,False,@홍민아-w3w,이게 바로 도영이야...,1,2024-04-04T15:46:44Z,2024-04-04T15:46:44Z
Ugwj3KV4WVrq0fbxHH54AaABAg,,False,@Hyuckiestara,Kd1 is commmmming 😭😭😭😭😭,0,2024-04-04T15:46:33Z,2024-04-04T15:46:33Z
UgyRYPoDTodcrTg16Wx4AaABAg,,False,@xinzhou-qz3qy,仙曲仙曲！！❤,0,2024-04-04T15:46:31Z,2024-04-04T15:46:31Z
Ugx_tgWCu_jkgzmwTTx4AaABAg,,False,@jjamlody,"suit doyoung so well, literally perfect",0,2024-04-04T15:46:29Z,2024-04-04T15:46:29Z
UgzmyLJ0CSYwqe8Ty7x4AaABAg,,False,@ilkemce,"nasıl güzel bu çocuk ya, çıldıracam",0,2024-04-04T15:46:24Z,2024-04-04T15:46:24Z
Ugwblf30aWsQ_MXcydt4AaABAg,,False,@xinzhou-qz3qy,仙曲仙曲！！❤,0,2024-04-04T15:46:23Z,2024-04-04T15:46:23Z
UgzvgAMP0SVK2T1NB_p4AaABAg,,False,@graciellashelly5285,💜💜💜💜💜💜💜,0,2024-04-04T15:46:23Z,2024-04-04T15:46:23Z
UgyCnYenKmjs0cY0_pZ4AaABAg,,False,@mangx2,"또하나의 장르가 나왔네..
도영이 그 자체로도 청춘이다",0,2024-04-04T15:46:13Z,2024-04-04T15:46:13Z
UgynS92ngkaO2tAiaTV4AaABAg,,False,@베베33,남자 아이유 같다 뭔가,1,2024-04-04T15:46:06Z,2024-04-04T15:46:06Z
UgzzY4pt5o9gKbTpfEl4AaABAg,,False,@yeheehwang,"I like your voice coz you always singing with your heart. I can feeling a magic emotion through your sing and short performance on this video. KIM DOYOUNG, WE  PROUD OF YOU ❤

● 0:38 Epic Part 😮",1,2024-04-04T15:46:05Z,2024-04-04T15:46:05Z
UgzGbVOykkX7W38JlHh4AaABAg,,False,@xinzhou-qz3qy,仙曲仙曲！！❤,0,2024-04-04T15:46:03Z,2024-04-04T15:46:03Z
Ugycp5q1znmo7VZdwix4AaABAg,,False,@비그이-r9r,오빠가 내 청춘이고 오빠의 목소리가 내 안식처이고 오빠의 노래가 내 치료제야. 너무 기대된다.. 노래 해줘서 고마워 김도영,0,2024-04-04T15:46:03Z,2024-04-04T15:46:03Z
UgyTtEgfsRDACyvF4qF4AaABAg,,False,@nalbbong192,미치겟다 도영아..... 니가 바로 청춘이야...,0,2024-04-04T15:46:00Z,2024-04-04T15:46:00Z
Ugxpul0mnrkWWI0CNYl4AaABAg,,False,@dellynann,"It's really like a Disney trailer, incredibly beautiful 👏🏻💙",0,2024-04-04T15:45:59Z,2024-04-04T15:45:59Z
UgyhW1uKMYBGQjpjy_B4AaABAg,,False,@김연경-j6c,도영아 사랑해 항상 우리곁에 있어줘서 고마워 항상 응원해 이번에도 화이팅 우리의 청춘을 같이 그려나가보자💚,0,2024-04-04T15:45:57Z,2024-04-04T15:45:57Z
UgxvqEqwYhbt0QifDo54AaABAg,,False,@jjellykoongya,미쳤다 미쳤어 10곡인것도 놀라웠는데 ㅜㅜ 도영스러워서 더 감덩 ㅠㅠㅠㅠㅠㅠㅠㅠ,2,2024-04-04T15:45:54Z,2024-04-04T15:45:54Z
Ugxb_5VO7DOrRo2Ky4p4AaABAg,,False,@xinzhou-qz3qy,好棒啊道英宝贝😭😭,0,2024-04-04T15:45:52Z,2024-04-04T15:45:52Z
Ugx-FaVHm1WUzVpOGTh4AaABAg,,False,@warukii,어떻게 도영이가 인어왕댜... 💓💓,2,2024-04-04T15:45:51Z,2024-04-04T15:45:51Z
UgwTUDX0zjxl9ACfGk54AaABAg,,False,@nurrisya1877,"OMG!! YEOKSIII URI KIM DOYOUNG, YOU DID VERY VERY WELL.
FIGHTING!! WE ALWAYS WITH U🤍💚💙",1,2024-04-04T15:45:48Z,2024-04-04T15:45:48Z
UgyqRzxcHilHC23u_ul4AaABAg,,False,@Dn6f,도영아 이거 잔디마당에서 바람불고 네가 이거 부르는 거 상상했는데 청춘 그잡채...,0,2024-04-04T15:45:35Z,2024-04-04T15:45:35Z
Ugy5WnVQqTF-bKK0a-54AaABAg,,False,@2niceidenleeKimbunny,This is  so goodddddddd  ชนะเลิศ ประเสริฐ ดีเยี่ยมมากเลยค่ะ,0,2024-04-04T15:45:34Z,2024-04-04T15:45:34Z
Ugxigjbvef8dK5_D4cp4AaABAg,,False,@itsgirlygirl_,It's giving Barbie Mermaid Movie lol THIS GONNA BE MAGIC ❤✨,0,2024-04-04T15:45:32Z,2024-04-04T15:45:32Z
Ugzpvwf56fJmJezimmV4AaABAg,,False,@user-jy7ru1yh8p,맞아 난 이 목소리가 진짜 좋아,0,2024-04-04T15:45:17Z,2024-04-04T15:45:17Z
Ugy56IIzQGs8VArSLzh4AaABAg,,False,@sone__,🩵🩵🩵,0,2024-04-04T15:45:12Z,2024-04-04T15:45:12Z
UgwN7RJoKcBUokZinnZ4AaABAg,,False,@VionaGita-k2k,"Wowww, amazing ❤❤❤",0,2024-04-04T15:45:09Z,2024-04-04T15:45:09Z
Ugw1lG6z6IpZxxP1Wjd4AaABAg,,False,@04leakg64,Doyoung my little mermaid,0,2024-04-04T15:44:58Z,2024-04-04T15:44:58Z
Ugy84FPTabUhaEpKukd4AaABAg,,False,@josied516,更期待了！大事很妙！感觉我会很喜欢这样专辑！感觉这张专辑真的是道英的风格！道英的歌声充满了力量，也许这就是实现梦想的幸福吧🥹,0,2024-04-04T15:44:54Z,2024-04-04T15:44:54Z
UgzysTrwKHDqVbbXyJ94AaABAg,,False,@annaseilika8093,Aaaaa keren doy 😍😍,0,2024-04-04T15:44:52Z,2024-04-04T15:44:52Z
Ugywqb99znWOG7kksGF4AaABAg,,False,@ciwciz,"proud of you doyoung, this is so beautiful, i cried a lot",0,2024-04-04T15:44:39Z,2024-04-04T15:44:39Z
UgzfkF3XqVTGzt9Q3Rt4AaABAg,,False,@user-jy7ru1yh8p,너무 좋다ㅠㅠㅠㅠㅠㅠ❤,0,2024-04-04T15:44:37Z,2024-04-04T15:44:37Z
UgwmTxSordYvWr__pxx4AaABAg,,False,@noeisrn,도영오빠잘했어요🩵,0,2024-04-04T15:44:10Z,2024-04-04T15:44:10Z
Ugx3TTP19Yp5lap8UgN4AaABAg,,False,@Aaaaaplepan,도영이가 살아온 모든 순간이 아름다운 청춘이었길.. 그리고 앞으로 남은 날들도 새봄이라는 말처럼 겨울을 보내고 맞이하는 첫 봄같이 따뜻했으면 좋겠다.,2,2024-04-04T15:43:59Z,2024-04-04T15:43:59Z
UgyFZIhniXP1LxB-G3p4AaABAg,,False,@joo58144,노래 시작하자마자 벅차오름 목소리만으로 감동받음 나 울고 있어 도영오빠 ㅠㅠㅠㅠ,1,2024-04-04T15:43:57Z,2024-04-04T15:44:19Z
UgzdzjrCp4ltOXgV-2p4AaABAg,,False,@dianputripratama1275,도영아ㅠㅠㅠ 노래해주셔서 너무 너무 고마워🩵🩵,1,2024-04-04T15:43:49Z,2024-04-04T15:43:49Z
UgxT7eRuNWKiFoyifjt4AaABAg,,False,@IsasCamcorder,ALBUM?!!!??!?! OMG WE´RE SO EATING WELL,0,2024-04-04T15:43:43Z,2024-04-04T15:43:43Z
UgzYpqZsGXIbYBb_WK54AaABAg,,False,@chax2oo,도영아 사랑해요 도영이의 노래를 듣기 위해 살아간다...,0,2024-04-04T15:43:41Z,2024-04-04T15:43:41Z
Ugx1D__OuhzfzWdotqd4AaABAg,,False,@Zhouzhou-r3f,How fantastic! I’m so excited to see this!Why today isn’t 4.21🥺🥺🥺🥺,0,2024-04-04T15:43:29Z,2024-04-04T15:43:29Z
Ugxw-m9dZCnC4dwj0gx4AaABAg,,False,@아궁빵-n4j,하 김도영 미쳤다,0,2024-04-04T15:43:24Z,2024-04-04T15:43:24Z
UgxCigaJGyXRAMTZUlt4AaABAg,,False,@스무디킹-z2s,"도영이랑 너무 잘 어울리는 노래다
그리고 내 취향을 저격함..",1,2024-04-04T15:43:23Z,2024-04-04T15:43:23Z
UgwnjNav06NgOSIq0ht4AaABAg,,False,@슈슈-u6i,우리 도영이가 청춘을 노래하네…🥺 포말처럼 청춘은 찰나의 순간이지만 결국 포말이 멋진 해안 절벽을 만들게 되는 것처럼 도영이의 청춘은 아름다운 너의 미래를 그리게 될거야. 항상 곁에서 계속 응원할게 도영아 기대된다 이번 너의 사랑과 열정이 가득 담긴 노래💚💚💚,2,2024-04-04T15:43:22Z,2024-04-04T15:44:04Z
UgyT0ln_nm_V3QhvaRN4AaABAg,,False,@ccc42,위로하고 사랑하며 고마워해볼게요 라니ㅜㅜㅜㅜㅠㅠㅠㅠ도영아어어어아,2,2024-04-04T15:43:18Z,2024-04-04T15:43:18Z
UgyFULuuNyhXLKXwCTh4AaABAg,,False,@LeafyRoot7,スキ♡(´｡•ㅅ•｡`),0,2024-04-04T15:43:15Z,2024-04-04T15:43:15Z
Ugw-SINiGcuiqsNVfzt4AaABAg,,False,@my-jjoo,"앨법 표지부터 청춘 그자체 노래도 뭉클하면서 청춘을 표현한다는게 믿고듣는 도영
얼른나와서 매일 듣고싶어어어❤",3,2024-04-04T15:43:11Z,2024-04-04T15:43:11Z
UgxXYTAI6rKzgOkn_gN4AaABAg,,False,@happyamy398,อยากฟังเพลงเต็ม ๆ แล้วค่าาา,0,2024-04-04T15:43:08Z,2024-04-04T15:43:08Z
UgzVMz0vsbBSeL7TSut4AaABAg,,False,@eongnoe,팬아닌데도 처음 듣자마자 가슴벅차고 이거다 싶네요;;; 노래잘냇다,250,2024-04-04T15:42:49Z,2024-04-04T15:42:49Z
UgxvH7kezuxwaPTuZXZ4AaABAg,,False,@wosi11-n7o,"도영을 기대해요.
🧚🫧",1,2024-04-04T15:42:48Z,2024-04-04T15:42:48Z
Ugz-i3V_zamFQOBxnft4AaABAg,,False,@소리없는정우성-w2n,어휴 대견해 기특해 너무고마워 이렇게 또 도영이의 청춘과 함께할 수 있게해줘서 진짜 고마워 너의 청춘이 영원토록 빛나게 난 어김없이 널 응원할거야,4,2024-04-04T15:42:45Z,2024-04-04T15:43:06Z
UgzYs_6SEwSbgb9lwNx4AaABAg,,False,@anse-anse,미쳤다 겁나 웅장하고 아름답고 바닷물에 휩쓸리는듯한 음악이다 ... 인트로로 딱이야................전율이 쫙....,127,2024-04-04T15:42:37Z,2024-04-04T15:42:37Z
UgzC9y_VvQ3Mou4X6T54AaABAg,,False,@tonina4807,Kim Doyoung Solo. I am Up🎉🎉🎉,1,2024-04-04T15:42:33Z,2024-04-04T15:42:33Z
Ugz_FYvMw3mmTj83zLZ4AaABAg,,False,@2umm3r,도영이 처음 좋아하기 시작한 그때부터 지금까지 정말 자주자주 꿈꾸고 자주자주 상상한 순간이 눈앞에 다가오니까 설명할 수 없이 벅차고 감동스러워 내 세상에서 가장 아름다운 니가 가장 단단한 목소리로 가장 곧은 너의 진심을 부른 노래를 들을 수 있다는 것만으로도 너무 위로가 돼 너를 보듬어 줄 수 없지만 니가 주는 음악을 사랑할게 아낄게 노래해 줘서 너무 고마워 늘,2,2024-04-04T15:42:30Z,2024-04-04T15:42:30Z
Ugzd35egHeGRUKzH4Ch4AaABAg,,False,@최수빈-b1q,"진짜 도영아 네 노래로 인해서 나를 포함한 얼마나 많은 사람들이 행복해하는지 꼭 알아줬음해, 도영이가 나의 청춘의 일부분이고 우리가 네 청춘의 일부분이듯이 시간이 얼마나 지나던 서로 우리가 생각하는 청춘이라고 생각하는 그 때까지 즐기고 행복하자 벌써 도영이 목소리 기대된다!!!",1,2024-04-04T15:42:27Z,2024-04-04T15:42:27Z
UgyuCsx2-DttdHCJ-b54AaABAg,,False,@tanshaafiya-cutie,Wow its so unique and amazing❤❤,0,2024-04-04T15:42:17Z,2024-04-04T15:42:17Z
Ugz1SAunnBaUSsqsC6R4AaABAg,,False,@wichagapornhmadheem1839,รอไม่ไหวแล้วอ่ะ 22เมษาเลยได้มั้ยTT,0,2024-04-04T15:42:16Z,2024-04-04T15:42:16Z
UgyOvv-PL5a1YPCDE0d4AaABAg,,False,@suuaah,헐 뭐야 완전 기대돼... 벌써 좋다.... 약간 너의 이름은 재질인데..??,0,2024-04-04T15:41:58Z,2024-04-04T15:41:58Z
Ugytd2ustPI2OwHEuqp4AaABAg,,False,@zafweera,cantttt waittttt🥹🥹🥹💗💗💗,0,2024-04-04T15:41:55Z,2024-04-04T15:41:55Z
UgytMKRXiNPKyHb957B4AaABAg,,False,@Dn6f,쬴지마 ㅋㅋ넌 잘하는 아이야,0,2024-04-04T15:41:51Z,2024-04-04T15:41:51Z
Ugw8tdAXMwgccXs5Wg94AaABAg,,False,@dxmple381,Woww😲 This is so stunning🩵👏🌊 Doyoung is so gorgeous! He slays it!👏,0,2024-04-04T15:41:50Z,2024-04-04T15:41:50Z
UgwcA8Wr_OJbUE7mtx54AaABAg,,False,@greenpuppy24,Gak bisa berkata- kata keren abiiiss 😭❤️❤️❤️,1,2024-04-04T15:41:45Z,2024-04-04T15:41:45Z
UgyNIdefaQIr4rSjEuN4AaABAg,,False,@untitled.6934,So proud of you DOYOUNG 🥺🩵🩵,0,2024-04-04T15:41:44Z,2024-04-04T15:41:44Z
Ugy9DWtN_PCQsvk2W4F4AaABAg,,False,@dabeen4825,도영이가 부르는 청춘 기대할게,3,2024-04-04T15:41:41Z,2024-04-04T15:41:41Z
Ugy9OkLWsIHkTd5t_cV4AaABAg,,False,@sakuyabbang,도영아 너가 내 애리얼이고 포세이돈이고 디즈니다,2,2024-04-04T15:41:38Z,2024-04-04T15:41:38Z
UgyQQgxnfHfMlTPFw-p4AaABAg,,False,@가쨩,사랑아 도영해🩵,4,2024-04-04T15:41:22Z,2024-04-04T15:41:22Z
UgxJntsqnWWI4V2LKCh4AaABAg,,False,@sunhee5898,찬란하다는 말이 어울려 너는,1,2024-04-04T15:41:22Z,2024-04-04T15:41:22Z
UgztIt8hMse1JWqecs14AaABAg,,False,@RebaMcImTired,MY MAN💕,1,2024-04-04T15:41:18Z,2024-04-04T15:41:18Z
Ugyu5mYLXrb_WOj0yGB4AaABAg,,False,@salsasabila1922,"Bang sumpah aku nangis nonton ini, keren banget😭❤️",0,2024-04-04T15:41:17Z,2024-04-04T15:41:17Z
UgyfTIAgIuEKCo1SD594AaABAg,,False,@feican_,"""The MV reminded me of the vibe of the anime 'Tenki no Ko' ☔, and that's so cool I'm going to cry 🥲
It's really awesome 🥺✨💙
I'll be eagerly waiting for your solo debut, Doyoung... Hwaiting! 💙🐋🦭🐬""",1,2024-04-04T15:41:12Z,2024-04-04T15:48:34Z
UgwmuDGxdTkizgmHzYB4AaABAg,,False,@yuno_that,벅참을 선사해주는 노래와 목소리,2,2024-04-04T15:41:11Z,2024-04-04T15:41:11Z
UgysMHftIOTCKWIhn3t4AaABAg,,False,@joo58144,솔로앨범 정말 오랫동안 기다렸어,277,2024-04-04T15:41:10Z,2024-04-04T15:41:10Z
UgyI3c10lp5QbBbb_MZ4AaABAg,,False,@deadorarorimasri1517,INTRO FILIMNYA AJA UDAH SEBAGUS INI WAH WAH WAH WAH LEBIH DARI EKPETASI INI KEREN BANGET,0,2024-04-04T15:41:10Z,2024-04-04T15:41:10Z
UgyiF9sL2V8W_xcuRi94AaABAg,,False,@theady1878,I love you KIM DOYOUNG 🩵🌊,1,2024-04-04T15:41:03Z,2024-04-04T15:41:03Z
UgxeZmjcaU3zlSb0Ael4AaABAg,,False,@innerinside3520,Cant wait😮🎉,0,2024-04-04T15:41:02Z,2024-04-04T15:41:02Z
Ugy0qoUwPjiuOCfMHNN4AaABAg,,False,@ИвановаЕлена-е2х,"Самые талантливые, трудолюбивые, харизматичный и красивые артисты - это нст!!!!!!!! Мальчики, берегите себя, вы нам очень нужны💚🫶🥰",0,2024-04-04T15:40:58Z,2024-04-04T15:40:58Z
UgzfTSyG4_ek6K6gtr14AaABAg,,False,@llittleploy,Can't wait for a full song!,0,2024-04-04T15:40:57Z,2024-04-04T15:40:57Z
UgzhmVHgtPHCIxkEpQF4AaABAg,,False,@bIueberri,he looks so beautiful,0,2024-04-04T15:40:57Z,2024-04-04T15:40:57Z
UgxQcG92xF_udeITZBF4AaABAg,,False,@lalidasen,ชีเปรนางเงือกอ่าาาา,0,2024-04-04T15:40:56Z,2024-04-04T15:40:56Z
Ugz4tjdMS1bgkkFcUvZ4AaABAg,,False,@dessianggreani1901,so beautiful🥹,0,2024-04-04T15:40:51Z,2024-04-04T15:40:51Z
UgwbQ9jXteDKnPdJ8S14AaABAg,,False,@sakuyabbang,와 전율,1,2024-04-04T15:40:47Z,2024-04-04T15:40:47Z
UgyGW7OHOBi3C_Q00SR4AaABAg,,False,@다정한겨울-w1r,역시 메인보컬..노래 정말 좋네요,6,2024-04-04T15:40:45Z,2024-04-04T15:40:45Z
Ugx3rQw9LRmOfLhCwVh4AaABAg,,False,@honeyedo0,such an intense intro. this is beyond my expectation! good job kim doyoung,0,2024-04-04T15:40:44Z,2024-04-04T15:40:44Z
UgyD8cr0tIh28rcdAuF4AaABAg,,False,@GongmyungKim-cw2zg,"I'm crying, omg doyoung vocal",0,2024-04-04T15:40:39Z,2024-04-04T15:40:39Z
UgzxgLAwJHl7M_KsCL54AaABAg,,False,@Julietta660,какая красотища!,0,2024-04-04T15:40:27Z,2024-04-04T15:40:27Z
Ugy2-TZPG1Gc63A0xAp4AaABAg,,False,@Dn6f,노래에 김도영이름써서 나오네 아주 ㅋㅋ너무 잘어울린다 도영아,1,2024-04-04T15:40:24Z,2024-04-04T15:40:24Z
UgyEsC2W1TibqZWDxgh4AaABAg,,False,@doyoungiegf,정말 멋지다 도영아 수고했어 고마워 사랑해 💙💙💙💙,0,2024-04-04T15:40:22Z,2024-04-04T15:40:22Z
Ugz37S3r_c4EQhyQX6l4AaABAg,,False,@A.123.hakaeso,うま,0,2024-04-04T15:40:19Z,2024-04-04T15:40:19Z
Ugw5DgZoTWXdrXZ2gNd4AaABAg,,False,@JJJzuh,마침내 시작되는 말이 좋다,0,2024-04-04T15:40:18Z,2024-04-04T15:40:18Z
Ugz1qaor7IGO9bLt4zd4AaABAg,,False,@cherlyne9986,我们道英的第一个solo🥺好耶 期待期待,0,2024-04-04T15:40:04Z,2024-04-04T15:40:04Z
UgzNvuZ1MS9KfjV-Ffp4AaABAg,,False,@ddhyunk2166,我们道英就像大海一样温和包容但是强大 这张专辑会是我们的全新开始,2,2024-04-04T15:40:01Z,2024-04-04T15:40:01Z
UgzjjmX9rWu7SZ-6j4V4AaABAg,,False,@별-k5x,"아직 전곡을 들어보진 않았지만 앨범 명부터 티저까지 전부 도영이라서 너무 기대된다. 단순히 이런 컨셉이 어울린다가 아니라 청춘의 포말이라는 단어에서부터 평소 도영이의 생각, 고민, 말들이 떠올라. 4월은 도영이의 앨범을 기다리며 설레는 하루하루를 보낼거같아🩵💚",1,2024-04-04T15:40:00Z,2024-04-04T15:40:00Z
UgzqJ2B_UBcDrb_mqRF4AaABAg,,False,@ilrakna7310,꿈같아..나 꿈꾸는거같아..도영아 으앙ㅇㅇㅇ,1,2024-04-04T15:39:59Z,2024-04-04T15:39:59Z
Ugw54v2mvyspyD5Ocl94AaABAg,,False,@jjnnjn,미쳤다 도영아... 너무 좋아서 열두시부터 계속 듣고있어ㅠㅠ 노래해줘서 고마워 사랑해 정말,4,2024-04-04T15:39:54Z,2024-04-04T15:39:54Z
UgxhjZqNK1L2dXLzk_x4AaABAg,,False,@_deea_s.b6226,wow,0,2024-04-04T15:39:53Z,2024-04-04T15:39:53Z
Ugx6UwSazlb6xO4lPMR4AaABAg,,False,@ten5213,"Doyoung will always be one of the BIGGEST PRIDE of the entire NCT brand.

I’m so happy & proud that he finally has the spotlight.Keep aiming for the stars and shine the brightest doie!
I’m very proud of you🥹",1,2024-04-04T15:39:52Z,2024-04-04T15:39:52Z
UgzOWcGzmgLj3nUp1Vl4AaABAg,,False,@sunhee5898,도영아 사랑해,1,2024-04-04T15:39:52Z,2024-04-04T15:39:52Z
Ugy7jgtGmjwhTGIj07F4AaABAg,,False,@deadorarorimasri1517,"OMG OMG OMG OMG OMG KIM DOYOUNG THIS SO PERFECT CINEMA + VOICE + ACTING JUST PERFECT
KIM KIM DOYOUNG 1ST ALBUM YOUTH",1,2024-04-04T15:39:51Z,2024-04-04T15:39:51Z
UgyTdK4XigxioY2by2p4AaABAg,,False,@joshvilla4325,Doyoung's vocals are so amazing. His voice makes me emotional. I can't wait for Doyoung's album🩵,1,2024-04-04T15:39:50Z,2024-04-04T15:39:50Z
UgyPbKT1iPYDEI-MSxh4AaABAg,,False,@affnnsi,"AAAA BAGUS BANGET KONSEP NYA, AKU SUKAAAA💙",0,2024-04-04T15:39:49Z,2024-04-04T15:39:49Z
UgytbgPK3V42id7ZNk54AaABAg,,False,@dolecollab,หนูภูมิใจในตัวพี่,0,2024-04-04T15:39:46Z,2024-04-04T15:39:46Z
UgzqCy7ps7U5UAvz8D94AaABAg,,False,@neonotcultured,WAIT I JUST REALIZED.. WILL IT BE A FULL ALBUM ALREADY?,0,2024-04-04T15:39:31Z,2024-04-04T15:39:31Z
Ugw9obaSxauKRgzG5QN4AaABAg,,False,@buiphonglinh,my sis loves u sm❤❤❤ so do I,0,2024-04-04T15:39:25Z,2024-04-04T15:39:25Z
Ugz9XNDVH2Tllq3WuQF4AaABAg,,False,@norataleb4918,🩵🩵🩵🩵🩵🩵🩵🩵🩵🩵🩵🩵🩵🩵🩵🩵🩵🩵🩵🩵🩵🩵🩵🩵🩵🩵🩵🩵🩵🩵🩵🩵🩵🩵🩵🩵🩵🩵🩵🩵🩵🩵🩵🩵🩵🩵🩵🩵🩵🩵🩵🩵🩵🩵🩵🩵🩵🩵🩵🩵💚💚💚💚💚💚💚💚💚💚💚💚💚💚💚💚💚💚💚💚💚💚💚💚💚💚💚💚💚💚💚💚💚💚💚💚💚💚💚💚💚💚💚💚💚💚💚💚💚💚💚💚💚💚💚💚💚💚💚💚,0,2024-04-04T15:39:21Z,2024-04-04T15:39:21Z
UgyDXIjVxVtax-QmRet4AaABAg,,False,@patriciasilveira3416,Que voz lindaaa. Esse menino é muito talentoso . Essa musica é linda ❤,0,2024-04-04T15:39:20Z,2024-04-04T15:39:20Z
Ugx7zyMXZg3btC8RZvx4AaABAg,,False,@cherryputriansyah28,my precious doyoung 🥹🥹🤍,0,2024-04-04T15:39:13Z,2024-04-04T15:39:13Z
Ugw329GcZCRS31ciENx4AaABAg,,False,@J-s5kh,뭔가 애니메이션 오프닝이 생각나는....너무 벅차고 아련해ㅠㅜㅜㅠㅜㅠㅠㅠㅠㅜㅜㅜ,25,2024-04-04T15:39:01Z,2024-04-04T15:39:01Z
UgwFyzJgp1k9ca_MkNp4AaABAg,,False,@aliasyakira5906,Doyoung please sing forever,1,2024-04-04T15:38:57Z,2024-04-04T15:38:57Z
UgzHiaa4p3aK1QtYNRJ4AaABAg,,False,@allysamawardahkamal9422,so beautiful,0,2024-04-04T15:38:57Z,2024-04-04T15:39:03Z
Ugzo5Rm54V8ZHctxTL14AaABAg,,False,@sitiharsikin4300,Doyoung!!! Powerful voice amazing voice. You so perfect ❤,1,2024-04-04T15:38:52Z,2024-04-04T15:38:52Z
UgwGIaNbYq0ShGAqyy94AaABAg,,False,@fromneptunewithlove,BEYOND BEAUTIFUL! ALL THE BEST KIM DOYOUNG!!!😭🩵,0,2024-04-04T15:38:50Z,2024-04-04T15:38:50Z
Ugz0y0wGuPD9JpeUJlR4AaABAg,,False,@buiphonglinh,omg so beautiful honey ❤❤❤❤,0,2024-04-04T15:38:48Z,2024-04-04T15:38:48Z
Ugx8Xz08yAhdsnlCQWp4AaABAg,,False,@babi_b2546,เพราะมากจ้า🎉🎉🎉🎉🎉🎉🎉,0,2024-04-04T15:38:45Z,2024-04-04T15:38:45Z
UgzyHS8zlgQmdRb2Htp4AaABAg,,False,@heeya105,"무한한 가능성의 엔시티, 향으로 각인된 도재정, 이제는 ’도영‘으로서 청춘이라는 시간을 노래에 담아내는구나. 되돌릴 수 없어 소중하다는 청춘이지만 동영이의 노래를 들으면 언제든 지금의 나,로 돌아올 수 있을 것 같아 우리에게 와줘서 고마워 노래해줘서 고마워
+) 인어 왕자님 청순한 얼굴에 구멍 뽕뽕 뚫린 복장 Welcome I'm Ready",1,2024-04-04T15:38:44Z,2024-04-04T15:41:19Z
Ugws79x9i1JqSxYf6F54AaABAg,,False,@gail1015,So promising!  Doyoung!!!!!!!,0,2024-04-04T15:38:38Z,2024-04-04T15:38:38Z
UgxzQuXyWVwYnzBzioF4AaABAg,,False,@user-se8wh4kc4w,얼굴보고 충격 받다가 노래 목소리 나온 순간 숨멎음 그냥 사랑한다 도영아,2,2024-04-04T15:38:23Z,2024-04-04T15:38:23Z
Ugy3fVRzBtZsjfNAObh4AaABAg,,False,@MyneighborA,ウォルトディズニーのみなさん映画作るのどうですか？,0,2024-04-04T15:38:18Z,2024-04-04T15:38:18Z
UgxLZBffdrxsjOMu0WN4AaABAg,,False,@doyamond,"YOU DID GREAT DOYOUNG, SO BEAUTIFUL 😍",0,2024-04-04T15:38:16Z,2024-04-04T15:38:16Z
Ugyong0Bjr-9C24woFJ4AaABAg,,False,@AisLu127,"Словами не описать как это прекрасно
Я в предвкушении от дебюта",0,2024-04-04T15:38:15Z,2024-04-04T15:38:15Z
UgztDou6SleG_clcyEN4AaABAg,,False,@안녕하세요-f8q,"헐 도영이 솔로 앨범이 드디어!!
이번 활동하면서 도영이가 행복했으면 좋겠다! 보고싶어🥹",1,2024-04-04T15:38:13Z,2024-04-04T17:58:24Z
UgzkpnFYa6mlg-kWvFd4AaABAg,,False,@hihowdy5814,Oh my god,0,2024-04-04T15:38:06Z,2024-04-04T15:38:06Z
UgyMYV5h4brQ4onohDZ4AaABAg,,False,@benchmark82,아 김도영🥹 미쳤다,0,2024-04-04T15:37:58Z,2024-04-04T15:37:58Z
UgwcVMqaTjhbfK0bxrV4AaABAg,,False,@kiim_jji5463,"До сих пор не верится, что мы скоро услышим шедевр (⁠ ⁠╹⁠▽⁠╹⁠ ⁠)",0,2024-04-04T15:37:54Z,2024-04-04T15:37:54Z
Ugws68Yh8fzKZwRygtZ4AaABAg,,False,@sheilastamp7281,doyoung voice so attractive ❤,0,2024-04-04T15:37:51Z,2024-04-04T15:37:51Z
UgyZwPcpEMvjuDrgqJl4AaABAg,,False,@U_SIN_U,THE VOCALS‼️‼️‼️,0,2024-04-04T15:37:50Z,2024-04-04T15:37:50Z
UgwLLV6OsWQ4wOXEKhB4AaABAg,,False,@DoubleJD1998,I saw an angel and now I’m feeling my ears covered with gold.,0,2024-04-04T15:37:50Z,2024-04-04T15:39:33Z
Ugxb58MfGvSYm3d5rKp4AaABAg,,False,@devianadj3315,Cant waitttttttt ❤❤❤❤❤❤❤,0,2024-04-04T15:37:50Z,2024-04-04T15:37:50Z
UgwQmdW5i7S-gjARLVx4AaABAg,,False,@annesfichier,Aku sangat menyukainya >< Indah sekali seperti di negeri dongeng,0,2024-04-04T15:37:49Z,2024-04-04T15:38:04Z
UgxDot4Py_5Y5n22HkF4AaABAg,,False,@CTbehindN,아니 근데 진짜 미친 거 같아 피아노 선율이랑 도영이 목소리 조합이 너무 너무해요 진짜 아름답다ㅜㅜ,1,2024-04-04T15:37:44Z,2024-04-04T15:37:44Z
UgwUCLmOF78wsg679Y94AaABAg,,False,@tatawashereee,DOYOUNG I LOVE YOU! IM PROUD OF YOU!! ❤,0,2024-04-04T15:37:35Z,2024-04-04T15:37:35Z
Ugy7DtJJ88HqACj4Ftt4AaABAg,,False,@qiaoqiao-1485,道英好像迪士尼公主hhh 感觉唱着唱着城堡就要出来了,0,2024-04-04T15:37:32Z,2024-04-04T15:37:32Z
Ugx7pCayVGYh376wqB14AaABAg,,False,@kiim_jji5463,Доён разорвёт эту кпоп индустрию своим вокалом,0,2024-04-04T15:37:32Z,2024-04-04T15:37:32Z
UgzCp7YStAmAlnS4KwF4AaABAg,,False,@nctwish_for_my_wish,레전드다 도영아 개사랑해 진짜 개멋잇다 와 뮤비 보니까 진짜 레전드 미친미친미친 와 개멋있어 진짜로 존나 사랑해 진짜진짜 와 레전드 개쌉레전드 하 진짜 개사랑해 개사랑해 진짜 와 말로 표현못해 이거 진짜,3,2024-04-04T15:37:31Z,2024-04-04T15:37:31Z
UgwAxXaDZGWZQgP-eXR4AaABAg,,False,@-Liz--,"This has to be my most anticipated album of all time, my favourite voice ever and I get to hear it in Doyoung's own album, I'm already crying!
The trailer looks stunning",1,2024-04-04T15:37:29Z,2024-04-04T15:37:29Z
Ugy9TG2qCtdWTT3TvhN4AaABAg,,False,@haddody,This is so magical,1,2024-04-04T15:37:21Z,2024-04-04T15:37:21Z
Ugy-bPuCkLbbl7sieA94AaABAg,,False,@otternuay,โฮกกกกกสวยมากทำถึงมาก,0,2024-04-04T15:37:18Z,2024-04-04T15:37:18Z
Ugya9bG_N2TYVc4d_Pd4AaABAg,,False,@kiim_jji5463,"Представляю, какой будет разрыв",0,2024-04-04T15:37:13Z,2024-04-04T15:37:13Z
Ugx9J4eyIzFQLgJgbl14AaABAg,,False,@aliasyakira5906,So magical,1,2024-04-04T15:37:11Z,2024-04-04T15:37:11Z
Ugw-g7sUoIOvoofRsLV4AaABAg,,False,@Dn6f,도영아 이 노래 완전 김도영 그자체인데!! 너 멋지구 너 잘하니까 걱정말구 하고싶은 거 다해랑 우리가 열심히 할게💚,0,2024-04-04T15:37:06Z,2024-04-04T15:37:06Z
UgwjqdsjO9mbwE0DaR94AaABAg,,False,@liove7,"오빠의 마지막 20대 청춘을 함께 보낼 수 있어 고마워, 오빠 목소리의 특색이 인트로만 들어도 너무 나타나는 거 같아서 좋다. 오빠의 솔로앨범이 나오기까지 8년, 그 이야기가 잘 스며들었을 거 같다 항상 곁에서 응원할게 고마워 ♡",0,2024-04-04T15:37:05Z,2024-04-04T15:37:05Z
UgzNGINpUA5UY-rF4qN4AaABAg,,False,@warukii,우와......진짜너무좋다도영아파이팅이야사랑해응원해,28,2024-04-04T15:36:57Z,2024-04-04T15:36:57Z
UgxW-8spuT6vxvgO1yZ4AaABAg,,False,@kiim_jji5463,Мне так нетерпится скорее услышать песни и увидеть концепт фото!!,0,2024-04-04T15:36:56Z,2024-04-04T15:36:56Z
Ugz1yROh62UsJJ3eNXd4AaABAg,,False,@ww-oz2nb,도영이랑 너무 잘 어울리는 노래를 들고 온 것 같다 항상 응원해 도영아 너의 꿈을 널리 펼쳤으면 좋겠다,0,2024-04-04T15:36:53Z,2024-04-04T15:36:53Z
UgzbQ8e21PgQ_HhH4IF4AaABAg,,False,@dozero-s2,도영이의 청춘에 내가 함께해서 다행이야 앞으로의 청춘에도 내가 네 옆에 있을게,0,2024-04-04T15:36:48Z,2024-04-04T15:36:48Z
UgzPO7wbluQkWiWqfRZ4AaABAg,,False,@nikkihagverdi6540,I'm so glad for you Doyoung❤,0,2024-04-04T15:36:47Z,2024-04-04T15:36:47Z
Ugyk_BbN-DrW2nWnEJh4AaABAg,,False,@박박박-u8m,아니 벅차서 미치겄네 ㅠㅠㅠㅠ,0,2024-04-04T15:36:40Z,2024-04-04T15:36:40Z
UgyKnv70WkniFep4YS14AaABAg,,False,@kiim_jji5463,Doyoung fighting!!!,0,2024-04-04T15:36:39Z,2024-04-04T15:36:39Z
Ugxh2t1PrpneYAXDf-x4AaABAg,,False,@Liufeiesqp,Omg❤,0,2024-04-04T15:36:36Z,2024-04-04T15:36:36Z
UgyLGcExxmGVs30t67l4AaABAg,,False,@tatawashereee,드디어 도영 목소리로만 노래를 다 들을 수 있게 되어 귀에 축복을!!! 도영아 사랑해!!! 항상 뒤에서 응원하고 응원할게요!!!! 당신의 팬이 된 것이 자랑스럽습니다!!! 🥹🩵🤍,0,2024-04-04T15:36:29Z,2024-04-04T15:36:29Z
Ugxsa8XBbDOE5vckXtx4AaABAg,,False,@lauljmm6506,"Que emoción 🥹🥹  es lo que me imaginaba de Doyoung el siempre trasmite tanta alegria, amor, una paz increible. Deseo que sea exitoso el album Doyoung se lo merece ❤❤❤ Mi artista favorito 💕 ❤️",0,2024-04-04T15:36:29Z,2024-04-04T15:36:29Z
UgxPF-jyGXXcN3YcU5F4AaABAg,,False,@kiim_jji5463,"Вы просто не представляете, как я рада",0,2024-04-04T15:36:25Z,2024-04-04T15:36:25Z
UgzlGbUMNjMQHlRKPx54AaABAg,,False,@urneogirl_127,SOTY,0,2024-04-04T15:36:21Z,2024-04-04T15:36:21Z
Ugyct8argeP8hjsor9Z4AaABAg,,False,@doiedoyoung,this makes me cry happy tears 😭,0,2024-04-04T15:36:21Z,2024-04-04T15:36:21Z
UgwLECs_0u-66lWFcDd4AaABAg,,False,@jaehyuckie,"when i say doyoung's voice heals me, i mean it!",1,2024-04-04T15:36:18Z,2024-04-04T15:36:18Z
Ugztsm1br8b-ZTgmA5Z4AaABAg,,False,@kang4595,I love it so much.  Now my anticipation has increased tenfold.  This small clip of the song is really beautiful.  Can't wait to hear the whole song.,0,2024-04-04T15:36:12Z,2024-04-04T15:36:12Z
UgxzKmO560Nh16XHt0h4AaABAg,,False,@sekartanjungruliyanti3689,Amazing this is so beautiful of everything🥹,0,2024-04-04T15:36:12Z,2024-04-04T15:36:12Z
Ugwx_4V2v4wkmqDBA5N4AaABAg,,False,@k-popmultifan4817,WHAT A VOICE!!!!!!,0,2024-04-04T15:36:11Z,2024-04-04T15:36:11Z
UgyewunSvNH0sfkbAeh4AaABAg,,False,@마우스세X코,"그래 도영아 넌 그냥 좋아하는거를해 
그게 진심으로 시즈니가 원한 거니까",0,2024-04-04T15:36:05Z,2024-04-04T15:36:05Z
UgxE3I9AmY6kvSnKVIZ4AaABAg,,False,@jaemine1904,นดย.เก่งมากลู้กกก หม่ามี๊พูมใจในตัวหนูนะคะ❤❤❤❤,0,2024-04-04T15:35:58Z,2024-04-04T15:35:58Z
Ugy-O9ZCGN3ZCSi84Fl4AaABAg,,False,@cd2116,"I'm so proud of Doyoung, he finally can put all of his music passion to his own album. The intro film is really beautiful, music, vocal are also perfect. I really can't wait for actual full album to be released soon on April 22nd",2,2024-04-04T15:35:54Z,2024-04-04T15:35:54Z
UgzEFF9SnTcK5lG5StZ4AaABAg,,False,@letsgigi23,"나의 찬란한 별 도영아
더 멀리 멀리 빛나
나이가 들어도 넌 나에게 늘 청춘이고 그렇게 기억될거야",0,2024-04-04T15:35:48Z,2024-04-04T15:35:48Z
UgztGbcOvQaCWKOReAZ4AaABAg,,False,@neonotcultured,0:38 doyoung has a beautiful voice 💚💚💚 it really surprised me,1,2024-04-04T15:35:34Z,2024-04-04T15:35:34Z
UgzRTNUSjDwiilmOp9V4AaABAg,,False,@mumu-y7n,(❁´▽`❁),0,2024-04-04T15:35:23Z,2024-04-04T15:35:23Z
Ugx5ugYVXX-B6nNw0Al4AaABAg,,False,@k-popmultifan4817,♡♡♡♡♡♡♡♡♡♡,0,2024-04-04T15:35:19Z,2024-04-04T15:35:19Z
UgxvQp4WHCdEwQNugg54AaABAg,,False,@camilaarias9722,Sooooo beautiful prince siren doyoung,0,2024-04-04T15:35:17Z,2024-04-04T15:35:17Z
UgzouSjzjyH8eBIVOH14AaABAg,,False,@CTbehindN,미쳤다미쳤다미쳤다 진짜 김도영이 청춘이 아니면 뭔데. 지나간 줄 알았던 내 청춘 여기서 다시 찾았잖아 지금ㅜㅜㅜㅜㅜ,0,2024-04-04T15:35:17Z,2024-04-04T15:35:17Z
UgzxPvTzN6Zzy6u9CMZ4AaABAg,,False,@theresiamita2461,Sayang lu keren bgtttt,0,2024-04-04T15:35:06Z,2024-04-04T15:35:06Z
UgxrsL04s8MVkBpPhcN4AaABAg,,False,@merchestaytiny,"Suena hermosa, parece sacada de Disney 🥰",1,2024-04-04T15:35:05Z,2024-04-04T15:35:05Z
UgxrsL04s8MVkBpPhcN4AaABAg.A1o_4s3Jy3VA1pLKbhsow-,UgxrsL04s8MVkBpPhcN4AaABAg,True,@antoniaskz7503,Eso es verdad🥰,1,2024-04-04T22:45:24Z,2024-04-04T22:45:24Z
Ugxe-ofLzs4dPDljos14AaABAg,,False,@什么是真理,to金东营，很感谢你成为nct127的金道英,0,2024-04-04T15:35:05Z,2024-04-04T15:35:05Z
Ugx3aa03zo1eFMsEabN4AaABAg,,False,@user-se8wh4kc4w,아름답다는 말이 이렇게나 딱일 수가 있다니,0,2024-04-04T15:34:58Z,2024-04-04T15:34:58Z
UgzdtjUwevhIiP4IrzV4AaABAg,,False,@zenkh,Everything becomes beautiful with doyoung...,2,2024-04-04T15:34:57Z,2024-04-04T15:34:57Z
Ugy_LbaUntD_8y9WciV4AaABAg,,False,@cigroses,🥺🫧💜,0,2024-04-04T15:34:52Z,2024-04-04T15:34:52Z
UgxqV9MQQXYEfXS8y6B4AaABAg,,False,@namark08,"歌詞の意味もわからない、ドヨンの歌声を聞いただけだよ。でもなんでこんなに感動するんだろう涙が止まらない
ドヨンの歌声はほんとに美しい。「美しい」って言葉にすごく当てはまっテイル",0,2024-04-04T15:34:49Z,2024-04-04T15:34:49Z
UgxI7yd52gT4ECriEGx4AaABAg,,False,@zharko,ariel was ended,1,2024-04-04T15:34:44Z,2024-04-04T15:34:44Z
Ugy7GZ71FNG1UgTPBWl4AaABAg,,False,@rosandaiqtarorozqi,bagus banget🥹,0,2024-04-04T15:34:44Z,2024-04-04T15:34:44Z
UgxXbS-gSzEL6jdWy1x4AaABAg,,False,@fryday8644,"As a doppu from 2018 and had been watching lots of his song cover before and wishing for this day to come, I CRIED SO HARD",15,2024-04-04T15:34:36Z,2024-04-04T15:34:36Z
UgwqEhoeACWU12xubGd4AaABAg,,False,@hourlyjae,"At first, i thought i was watching disney. The concept 🥺💙",3,2024-04-04T15:34:30Z,2024-04-04T15:34:30Z
UgyF1Pcuck5XFL80K0l4AaABAg,,False,@什么是真理,道英你知道吗，你出solo了我可以在学校里看见你了，我要是要操作考试了，你就是我的光❤❤❤,0,2024-04-04T15:34:28Z,2024-04-04T15:34:28Z
UgyP0Q4Jyg9ofTvjIZR4AaABAg,,False,@Imgreenuk,That's aerial dude🥲🫶,0,2024-04-04T15:34:27Z,2024-04-04T15:34:27Z
UgzEmphqxxeSxR1sx_54AaABAg,,False,@felixkaster5081,the most talented and the most beautiful ❤,2,2024-04-04T15:34:26Z,2024-04-04T15:34:26Z
UgywYB-bE50FfIiaYtN4AaABAg,,False,@Moi-lj8uf,"All I can say is ""WOW!"" ❤❤❤",0,2024-04-04T15:34:25Z,2024-04-04T15:34:25Z
UgxpSfqvqptzVAQFqLp4AaABAg,,False,@Dn6f,뭐든 진심인 도영이여서 고마워 우리도 진심으로 들을게,0,2024-04-04T15:34:23Z,2024-04-04T15:34:23Z
UgzXDQNfuzNRl3Y2n314AaABAg,,False,@zenkh,Doyoung ahhhh 😭😭😭,0,2024-04-04T15:34:22Z,2024-04-04T15:34:22Z
Ugwbcvlc-Apj0FWXJ6p4AaABAg,,False,@cosmiclatte84,crazy... this is too much for me... I can't take it.... this is too endearing,0,2024-04-04T15:34:19Z,2024-04-04T15:34:19Z
UgyKgAlT5HxCtPvJAUZ4AaABAg,,False,@doyochikim,This is beyond beautifull and  so magical 💙,0,2024-04-04T15:34:19Z,2024-04-04T15:34:19Z
Ugw4zEkJfXsgMDRMFyN4AaABAg,,False,@Februaryhereagain,Oh sayang ❤,0,2024-04-04T15:34:09Z,2024-04-04T15:34:09Z
UgyJLypvERDhGufF3wd4AaABAg,,False,@mong0825,wahhh it gives me anime ost vibe so much!! can't wait for doyoung's solo debut!!!,1,2024-04-04T15:34:08Z,2024-04-04T15:34:08Z
UgxoEuwnde743834pUN4AaABAg,,False,@thwls0516,잘들을게 도영아아,0,2024-04-04T15:34:08Z,2024-04-04T15:34:08Z
UgyBj7N4efKVZGoC-nB4AaABAg,,False,@vastforcecrew553,Doyoung is the new Disney princess,0,2024-04-04T15:34:04Z,2024-04-04T15:34:04Z
UgwWYY-YkLWxBV7HSeN4AaABAg,,False,@-v-zzZ,"노래를 너무 사랑하고, 또 그만큼 잘하고, 그래서 자부심도 있고, 더더 잘하고 싶어하는 도영이라.. 이번 첫 솔로가 너무너무 기대되고 행복하다. 누군가가 노래하는 걸 보고 이렇게 행복할 수 있다는 게 참 신기한 것 같아. 정말 벅찰만큼 청춘이다 도영아. 어쩜 이런 재능을 갖고 이런 노래를 부르는 거니..... ㅠㅠ 김도영 단독 콘서트가 눈에 그려지기 시작해서 막 설레. 너도 내가 지금 느끼는 감정만큼이나, 아니 그보다 더 기대되고 설레고 행복했음 좋겠다. 목관리 건강관리 잘하구. 22일에 만나자!!!♥ 아자아자 김도영 첫 솔로 대박 나보자고~~~!!!!!",0,2024-04-04T15:34:02Z,2024-04-04T15:34:02Z
UgxGbX4tPQpMMkTLtRl4AaABAg,,False,@sang7924,Cantiknya oiiii,0,2024-04-04T15:33:55Z,2024-04-04T15:33:55Z
Ugxk9Gj6WVQ2_8UgiBt4AaABAg,,False,@doie1296,"that's so beautiful, so proud of you doyoung 🥹",1,2024-04-04T15:33:53Z,2024-04-04T15:33:53Z
Ugw5DOWThrO3J8JuuNJ4AaABAg,,False,@melisagogus657,çokk güzell bir performans olmuş üyeleri bulmadan önce ilk sizi takip ediyordum herşey sizi tanımamla başladı sonra üyelerinizin olduğunu araştırdım artık sizi hep izliyorum sağolun gece gündüz sizinleyim nct üyeleri🙏🏻🙏🏻🙈,1,2024-04-04T15:33:49Z,2024-04-04T15:42:17Z
Ugwk-5RoAjZPqvoyLcR4AaABAg,,False,@ilecthreez.,แงงงง น้องเก่งมากค้าบบ,0,2024-04-04T15:33:49Z,2024-04-04T15:33:49Z
UgwIY5aBuh40DmG4Rv14AaABAg,,False,@alyssaoliv,this song should be in a movie wow,0,2024-04-04T15:33:42Z,2024-04-04T15:33:42Z
UgyWxwBNhwqlVyuqOa14AaABAg,,False,@Ki-r1v,으앙 우리 도영이 많이 준비한 거 하나 하나 오픈 될 때마다 속으로 어어어엄청 떨려 할 거 같음 ㅜㅜ 근데 김도영이 하는데 우리가 뭔들 안 조아하겟냐구우 ~~,0,2024-04-04T15:33:40Z,2024-04-04T15:33:40Z
Ugx9HfKG51L1JV8hWER4AaABAg,,False,@qqoioh,너무 말갛다..…🥹,0,2024-04-04T15:33:38Z,2024-04-04T15:33:38Z
Ugw65KHj_z68jQ0whWp4AaABAg,,False,@k0910j27,진짜 너무 이쁘고 노래도 너무젛구 흥해보쟈아앙,0,2024-04-04T15:33:35Z,2024-04-04T15:33:35Z
UgwmoXRMXhk1sYd3lil4AaABAg,,False,@lalalala-9,beautiful vocal 🩵 this album gonna be top of my fav. truly madly deeply in love with doyoung's vocal.,1,2024-04-04T15:33:26Z,2024-04-04T15:33:26Z
Ugw0YaG9s_NWBk5SLGx4AaABAg,,False,@creamgoat,道英哪，只要是做自己想做的事情，我都会一直支持你的🥹🤲💚,0,2024-04-04T15:33:26Z,2024-04-04T15:33:26Z
UgzP9Ka--6duaOSiw394AaABAg,,False,@isnoteasy1334,that’s really goood,0,2024-04-04T15:33:25Z,2024-04-04T15:33:25Z
UgxomvTb17WZonkrTFR4AaABAg,,False,@choqueapazapatricia9366,Me recuerda a la sirenita...^^,0,2024-04-04T15:33:25Z,2024-04-04T15:33:25Z
UgwCLWZiST26Y_8scQt4AaABAg,,False,@Imgreenuk,Is this Disney?,0,2024-04-04T15:33:24Z,2024-04-04T15:33:24Z
Ugz1BB9aevQpN4dl0yF4AaABAg,,False,@Hyuna0201,그 어느때보다 도영이의 진심이 더욱 와닿는것같아. 정말 언제나 늘 곁에서 도영이의 진심을 응원하고있을게,203,2024-04-04T15:33:23Z,2024-04-04T15:33:23Z
UgwCAXvWD3ktMd4450Z4AaABAg,,False,@ぽあい-h4o,こんな壮大な歌、ドヨンしか歌われへんよ,0,2024-04-04T15:33:21Z,2024-04-04T15:33:21Z
Ugy11HtA3oCKF7ot_Pt4AaABAg,,False,@bunnybunny_0201,도영아 노래해줘서 고마워 사랑해,1,2024-04-04T15:33:17Z,2024-04-04T15:33:17Z
UgxX-L98lnIepQSCXO94AaABAg,,False,@Lillymemy,I love it,0,2024-04-04T15:33:17Z,2024-04-04T15:33:17Z
UgwsOXmF9rSe5yBIANx4AaABAg,,False,@mikiwang4603,พี่คะ ถ้าจะขนาดนี้ เอาใจหนูไป,0,2024-04-04T15:33:14Z,2024-04-04T15:33:14Z
UgzC9lq78mu5WVEFrKJ4AaABAg,,False,@deriarana735,Cantik bgtt younggg🥺🤍❕,1,2024-04-04T15:33:12Z,2024-04-04T15:33:12Z
UgzeBtzn7FeP-4z8WuV4AaABAg,,False,@beech-to2zo,คือสุดยอดมาก รักพี่โดยอง,0,2024-04-04T15:33:11Z,2024-04-04T15:33:11Z
UgzM8WNvK7_6x-Rmalt4AaABAg,,False,@Sharkring,사랑해 … 진짜 노래해줘서 너무너무 고마워 … 🩵🩵🩵🩵🩵,1,2024-04-04T15:33:09Z,2024-04-04T15:33:09Z
UgyqvOPXHVCxO6D1I1l4AaABAg,,False,@doiedoyoung,"this screams doyoung, this IS doyoung, this is the epitome of youth and doyoung",193,2024-04-04T15:33:04Z,2024-04-04T15:33:04Z
UgyqvOPXHVCxO6D1I1l4AaABAg.A1oZr2dDqPEA1pK9VOJCBP,UgyqvOPXHVCxO6D1I1l4AaABAg,True,@hyunjaeyounghooie4017,♡,3,2024-04-04T22:35:09Z,2024-04-04T22:35:09Z
Ugz75JomubIicqlE11R4AaABAg,,False,@jkkj0294,제발 이 곡 트랙비디오랑 커플곡으로 음방 활동한다고 말해줘요.. 내 취향을 저격함을 넘어 심장이 너덜너덜 해짐..,125,2024-04-04T15:33:02Z,2024-04-05T01:42:49Z
UgziLe6ZYOkmeP3Qi1l4AaABAg,,False,@rc_taeyong,"I was waiting for this moment
Thank you Doyoung😭",0,2024-04-04T15:32:55Z,2024-04-04T15:32:55Z
UgzSNJe1oDb3QoVUEqh4AaABAg,,False,@Patcha-k9b,I’m crying 🩵🌊🥺🥺,0,2024-04-04T15:32:53Z,2024-04-04T15:32:53Z
UgxbBQpmDOutd_G-mzV4AaABAg,,False,@haticemuslu11,Disney filmlerine benziyor çok güzel,0,2024-04-04T15:32:51Z,2024-04-04T15:32:51Z
UgxQJNRh-EapHsxhsbt4AaABAg,,False,@dotaenct,❤❤❤,0,2024-04-04T15:32:51Z,2024-04-04T15:32:51Z
UgxQq_C8fPvv2qRolt94AaABAg,,False,@__dy0.n,"ドヨンさんさらに声量増えた？？
力強くて伸びやかな歌声で最高です😭✨✨",0,2024-04-04T15:32:49Z,2024-04-04T15:32:49Z
Ugynez8hiNGoxAlNP1h4AaABAg,,False,@user-lo5jf9tp7a,내가 이래서 김도영 좋아했지 새삼 가슴이 뛰네 원없이 마음껏 노래해 도영아 한 소절도 쉬이 흘려보내지 않고 음절 단 하나도 놓치지 않고 소중한 네 노래를 전부 귀에 새길게!! 우리도영이 늘 자랑스런 내가수 화이팅이야,1,2024-04-04T15:32:46Z,2024-04-04T15:32:46Z
UgyiXkLBH2rRPtd6qxl4AaABAg,,False,@A2naS,как же я жду этот альбом 🥹🥹 это потрясающе 💘💘,0,2024-04-04T15:32:45Z,2024-04-04T15:32:45Z
UgxEdk_TYNju4rcz8g14AaABAg,,False,@exo-lnctzeninspiritalwaysi1098,Doyoung sounds so magical and i fall deeply for his voice,1,2024-04-04T15:32:42Z,2024-04-04T15:32:42Z
Ugxbe1o8yVPkTbB0i0F4AaABAg,,False,@jlz4278,Looking forward to doyoung’s powerful yet soothing voice 💚💚 come and pierce my heart w it~,1,2024-04-04T15:32:40Z,2024-04-04T15:34:50Z
UgzmLIxD2p7kXqggg-94AaABAg,,False,@luz5403,Love youuuu my Doyoung ❤,0,2024-04-04T15:32:30Z,2024-04-04T15:32:30Z
UgyKopz33zVI63tHv4p4AaABAg,,False,@tktojki1630,속이 뻥뚤린다 너무 좋아 도영아,7,2024-04-04T15:32:30Z,2024-04-04T15:32:30Z
UgypNDYQOdB3n_JooQV4AaABAg,,False,@sitinorhalida2597,Waw kerennnn🔥🔥💚💚,0,2024-04-04T15:32:29Z,2024-04-04T15:32:29Z
UgzPqIG1wurvzRgjEOd4AaABAg,,False,@pipeachwoo,"Cant waitt, hwaiting doyiee!!!",0,2024-04-04T15:32:20Z,2024-04-04T15:32:20Z
UgyFMQkz9neVQGW2xaB4AaABAg,,False,@힣힣힣-f9j,너무 좋아서 소름돋았음요 ㄷㄷ,13,2024-04-04T15:32:18Z,2024-04-04T15:32:18Z
UgwhdAq0dFIqPprsFuV4AaABAg,,False,@letsgigi23,"도영이는 본인스러운 노래를 고르고 부르는구나
도영이가 늘 말하던 ""진심은 통한다"" , ""내 노래는 널 응원해"" 라고 말했던 것들이 이 노래에 다 함축 되어있는거 같아
도영이가 오롯이 말하고자 하는 청춘이,노래가 너무 궁금했는데 이 영상을 보니깐 이제는 기대가 되는거 같아
너무너무 사랑하는 도영아 
너의 노래는 항상 나에게 위로고 행복이야 
정규1집 솔로가수 김도영 파이팅이아ㅑㅑㅑㅑ💚💚",1,2024-04-04T15:32:14Z,2024-04-04T15:56:24Z
Ugw3gio2r9iE5YVOFGB4AaABAg,,False,@nuruladzkia3585,WOW THE CONCEPTTT,0,2024-04-04T15:32:12Z,2024-04-04T15:32:12Z
Ugx2CrmDxm8ZdzV7MKB4AaABAg,,False,@JaedoieML67,What a singer beautiful voice,0,2024-04-04T15:32:11Z,2024-04-04T15:32:11Z
Ugx-h2hn6zRI7DVXRBJ4AaABAg,,False,@김김-u5v,응원해 항상,1,2024-04-04T15:32:10Z,2024-04-04T15:32:10Z
UgzR1Mp9jcM1vOBa_u14AaABAg,,False,@rita_2803,Everything is so doyoung coded  😭😭😭,1,2024-04-04T15:32:05Z,2024-04-04T15:32:05Z
UgyJi13U7SxdwVK8FY94AaABAg,,False,@어니언인,"머싯다,,동영",1,2024-04-04T15:32:05Z,2024-04-04T15:32:05Z
Ugxd_V1OFb2U9I9rcmt4AaABAg,,False,@Narumita,映像も声もとても美しい。アルバム楽しみにしています。,0,2024-04-04T15:32:05Z,2024-04-04T15:32:05Z
Ugwdm1u1uM05rtsHNfR4AaABAg,,False,@윤-j4k,"새봄의 도영이를, 도영이의 새봄을 너무 너무 응원해
잘 부탁해 솔로 가수 도영 ♡",1,2024-04-04T15:31:54Z,2024-04-04T15:31:54Z
Ugzm7iwgQCXIYNEBG3d4AaABAg,,False,@mandyktj,zika,0,2024-04-04T15:31:52Z,2024-04-04T15:31:52Z
UgzZRnoyIZ8dQ2fM13V4AaABAg,,False,@dochisings,This is my singer!!! Am so proud of you my love!! Let's gooo!! ♡♡♡,0,2024-04-04T15:31:52Z,2024-04-04T15:31:52Z
UgzMFUvfCPsyOphPAD14AaABAg,,False,@hourlyjae,SO PRETTY,0,2024-04-04T15:31:51Z,2024-04-04T15:31:51Z
UgwKnCJGTDnqc6wBMfN4AaABAg,,False,@KateYen-js3xt,Can't wait,0,2024-04-04T15:31:50Z,2024-04-04T15:31:50Z
Ugzj-gRxY-yb_cD_-3p4AaABAg,,False,@desvinaaulia2559,aaaaa bagus bangettt,0,2024-04-04T15:31:49Z,2024-04-04T15:31:49Z
UgzshEAn-mEtgBgxL254AaABAg,,False,@kembangmenur,너무 좋다아아아앙,1,2024-04-04T15:31:48Z,2024-04-04T15:31:48Z
Ugx5LRRChSOCjAKm3Np4AaABAg,,False,@vendingmachine25,Doyoung is my ultimate bias in NCT and I am so excited for this album. Can't wait to support my man with all my my might!!!!❤,1,2024-04-04T15:31:48Z,2024-04-04T15:31:48Z
Ugx5LRdPTIWmGtCiKk14AaABAg,,False,@blueorviolet,노래 너무 좋아...,1,2024-04-04T15:31:46Z,2024-04-04T15:31:46Z
Ugz5j5Zt3Zntb_PH3iB4AaABAg,,False,@Dn6f,너는 청춘 그자체니까 쫄지말구 파이팅이야 떨지말구 파이팅,1,2024-04-04T15:31:39Z,2024-04-04T15:31:39Z
UgzIHk6bi4xViOC2JCd4AaABAg,,False,@kimpye0n,도영 + 청춘 = 벅차오르는 조합 🥹,0,2024-04-04T15:31:38Z,2024-04-04T15:31:38Z
UgxfZWUbkHSlIK2WX5V4AaABAg,,False,@Miokun622,Oh my gosh!!!!it's so amazing and beautiful 😍 ❤❤❤❤Doyoung 👏👏👏proud of you ❤❤^-^,0,2024-04-04T15:31:26Z,2024-04-04T15:31:26Z
UgxFaVNF7Ehpgj7UEVx4AaABAg,,False,@none8236,도영아 너의 이야기를 마음껏 노래 해줘 난 그런 도영이를 온마음으로 응원할게 데뷔 축하해🩵🩵,2,2024-04-04T15:31:21Z,2024-04-04T15:31:21Z
UgzqrNs-Dbcd-27bd-Z4AaABAg,,False,@또잉-x7b,제주도가서 열심히 촬영했을 도영이 🥹🩵 첫 솔로 정규앨범 준비하느라 정말 고생많았을텐데 이제 후회없이 신나게 즐겨보자 🩵  우리만큼 동영이도 많이많이 행복하기를 🩵💚🩵💚🩵,42,2024-04-04T15:31:20Z,2024-04-04T15:31:20Z
UgxgQE5tdnuplGqS8L14AaABAg,,False,@지원-i8j1k,"나 왜 울어..? 인트로 부분에는 도영이다운 노래같아서 행복했는데 도영이 목소리 듣자마자 눈물 남… 이게 김도영이야ㅠㅠ 너무 기대된다,,,,",34,2024-04-04T15:31:14Z,2024-04-04T15:31:14Z
UgwCn0_mFgZaPxiOywd4AaABAg,,False,@kang4595,"My vocalist, you are so talented and gorgeous.",0,2024-04-04T15:31:13Z,2024-04-04T15:31:13Z
UgzFdX7JNNrODLD0tBJ4AaABAg,,False,@somiayasser,I’m about to cry I’m about to cry,0,2024-04-04T15:31:09Z,2024-04-04T15:31:09Z
Ugxo4nzT14NfuT8Ra0x4AaABAg,,False,@2umm3r,단지 목소리가 아닌 노래에 대한 감정을 담아 부른 너의 음악은 너울이 일어도 해무가 찾아와도 반짝이는 너의 청춘에 걷힐 거라는 거 이토록 아름다운 진심이 네 목소리를 듣는 모두에게 새겨지길 바라 도영아 노래해 줘서 너무너무 고마워,1,2024-04-04T15:31:08Z,2024-04-04T15:31:08Z
UgyOoptoNE_WrZHHen94AaABAg,,False,@karmasgod,cine en su máxima expresión,0,2024-04-04T15:31:04Z,2024-04-04T15:31:04Z
UgyABqLGqNs6D3GPspJ4AaABAg,,False,@erinmor,so wonderful ❤ I love it!!!,0,2024-04-04T15:31:00Z,2024-04-04T15:31:00Z
Ugxi_kw8PxuS2hcGqPp4AaABAg,,False,@DimasArdeen,Perfection,0,2024-04-04T15:30:46Z,2024-04-04T15:30:46Z
UgwW65W9RlTysz7RXDt4AaABAg,,False,@됴-l8v,진짜 청춘 그자체다 너무 좋아 노래,5,2024-04-04T15:30:46Z,2024-04-04T15:30:46Z
UgzVUKyWh_NtRmfRJ6F4AaABAg,,False,@수빈-y2v7p,노래할 때 소름 쫙 돋음... 너무 예뻐,8,2024-04-04T15:30:44Z,2024-04-04T15:30:44Z
Ugxm2xaZkOIrDjiXaFp4AaABAg,,False,@Hyuna0201,도영이가 노래해주는 청춘이 누군가에게 좋은 청춘으로 기억되기를 혹은 청춘을 떠올릴수있는 그런 노래가 되기를..,2,2024-04-04T15:30:43Z,2024-04-04T15:30:43Z
UgwsEvGKVdZLHg3nMlB4AaABAg,,False,@skyhfl2408,Can't wait 🫧🧜‍♀️🩵,0,2024-04-04T15:30:39Z,2024-04-04T15:30:39Z
UgyjjVs6NlAm024Czpp4AaABAg,,False,@KamoiuLionza,🩵🩵🩵🩵🩵,1,2024-04-04T15:30:36Z,2024-04-04T15:30:36Z
UgyLmtwIxoBkHERiWHl4AaABAg,,False,@MK_WIFE,"도영아, 네 덕분에 내 청춘도 함께 빛나는구나 
너가 내 청춘도 빛내주는구나.... 고마워",1,2024-04-04T15:30:35Z,2024-04-04T15:30:35Z
UgzcxmarAZJRRGwAdsh4AaABAg,,False,@Dororong_real27,우와……우와….진짜 소리를 질렀음 이 새벽에!!! 미친 사람처럼!!!!! 도영아!!! 미쳤다!!!! 이거다!!! 22일까지 어떻게 기다리니!!!어!!!,24,2024-04-04T15:30:29Z,2024-04-04T15:30:29Z
UgxR7HgdYr4b6B78e414AaABAg,,False,@CamilaRoca-my3kg,Doyoung mojando el agua,0,2024-04-04T15:30:28Z,2024-04-04T15:30:28Z
Ugw8eSM-Zmf31WSQfv94AaABAg,,False,@도경자-n9i,정말 도영이는 도영만의 노래를 하는구나.. 이렇게 또 새로운 도영이의 노래를 들을수 있고 응원할수있어 너무너무 행복해,1,2024-04-04T15:30:27Z,2024-04-04T15:30:27Z
Ugy8dfjnjpXZ9Kd7njx4AaABAg,,False,@삼순핑,도영머메이드 레츠가자잇..,0,2024-04-04T15:30:24Z,2024-04-04T15:30:24Z
UgwB4zrh-MpfAby82tt4AaABAg,,False,@its_angelayang,Doyoung fighting!,0,2024-04-04T15:30:24Z,2024-04-04T15:30:24Z
UgziX2yHyGKHi87aczx4AaABAg,,False,@aa-g2t,"도영이오빠사랑해
잘될거야
응원해
항상. 언제나 😢♡",0,2024-04-04T15:30:23Z,2024-04-04T15:30:23Z
UgzaElLUmsosi-VQBsB4AaABAg,,False,@matbaming,됐다 도영아,0,2024-04-04T15:30:18Z,2024-04-04T15:30:18Z
UgwbTbOonmSGJvkgEnd4AaABAg,,False,@fromfavouritetolrreplaceab2159,My DEMON DOYOUNG,0,2024-04-04T15:30:18Z,2024-04-04T15:30:18Z
Ugx4PuNObXf3X6mRQ214AaABAg,,False,@빡빵,"잠만,,, 스엠 진짜 이런 컨셉으로 해준다고,,? 미친거아님? 개좋아....",0,2024-04-04T15:30:14Z,2024-04-04T15:30:14Z
UgxYOHI46phBobXjFEV4AaABAg,,False,@JessMyers,okayyyyyyy little mermaid,1,2024-04-04T15:30:11Z,2024-04-04T15:30:11Z
UgxFNpvHh-3UapgGnvd4AaABAg,,False,@carilvsnct,Siempre quise ver a un neo sacar canciones  llenas de magia y fantasía y al parecer mi sueño se hizo realidad 🤍,0,2024-04-04T15:30:08Z,2024-04-04T15:30:22Z
UgzN9mULSqtpFfpTIPJ4AaABAg,,False,@fluffydoyiii,"her voice such an angel🥹🥹
doyoung i love you so much!!! fighting",0,2024-04-04T15:30:07Z,2024-04-04T15:30:07Z
UgytRQwZAwT7ITaogl54AaABAg,,False,@dy21js25,"도영이의 목소리로 가득한 솔로앨범 진짜 너무너무 기대되고 설레고 벌써부터 행복해진다🥹
티저만 보고도 이렇게 벅차오르는데 온전한 한 곡을 다 듣게되면 어떤 감정이 밀려올까 더 궁금하고 기대가 되네
우리 도영이 솔로 데뷔 축하해 항상 응원하고 좋아하고 사랑한다🫶🏻🩵💚",0,2024-04-04T15:30:06Z,2024-04-04T15:30:06Z
UgwrwD77osPhAH-cibN4AaABAg,,False,@비욤-y7i,도영이의 파워풀한 보컬이 잘 느껴져서 넘 좋음..ㅜ,0,2024-04-04T15:30:06Z,2024-04-04T15:30:06Z
UgwRiAlwcX95_F3wD8J4AaABAg,,False,@YaniAraujo,OH MY GOD MY DOYOUNG I AM CRYINGGGG OH MY GOD SO BEAUTIFUL,0,2024-04-04T15:30:04Z,2024-04-04T15:30:04Z
UgzqyuJ1qEDVOt3DA2h4AaABAg,,False,@hayoonhong,это так прекрасно🥹🥹🥹 💔💔💔,0,2024-04-04T15:30:03Z,2024-04-04T15:30:03Z
UgyVZc6uJyieqI6OEJl4AaABAg,,False,@kimfranco1992,Waaaah I got goosebumps!!!! I'm already excited 😭😭😭,0,2024-04-04T15:30:02Z,2024-04-04T15:30:02Z
Ugwlo3S8E2dzogWP22F4AaABAg,,False,@ivanamurdiyani2424,can't wait  !!,0,2024-04-04T15:30:02Z,2024-04-04T15:30:02Z
UgxFAu5DyqrsWsODzpd4AaABAg,,False,@jirawansripet9214,ดีมากเริ่ดมากทำถึงมาก❤,0,2024-04-04T15:29:59Z,2024-04-04T15:29:59Z
Ugy8wfS68M0kRch3t_R4AaABAg,,False,@JENNYRISHOEI,海の神様🌊🥹🥹🥹绝了,0,2024-04-04T15:29:56Z,2024-04-04T15:29:56Z
UgzTAkaKavh-xgm3pJJ4AaABAg,,False,@Immuu-k1i,特别好听 道英声音出来的那一刻眼泪都要流下来了😢真的特别幸福 好期待dolo🫧,0,2024-04-04T15:29:55Z,2024-04-04T15:29:55Z
UgzYFT3j_GJj9Z5eOaV4AaABAg,,False,@Dobiduba4760,"도영아 도영이의 음악으로 팬들과 함께 있어준다는 도영아!! 우리의 청춘을 위로,위안을 주고 응원해주는 느낌을 엄청 받고있는것같애ㅜㅜ 청춘을 함께하자!! 너무 큰 선물을 팬들한테 줘서 너무너무 고마워 항상 응원하고 사랑해 청춘김도영!!!!💚💚💚",1,2024-04-04T15:29:49Z,2024-04-04T15:29:49Z
UgxidFnCzArvU7ysMX54AaABAg,,False,@notonyourmark,"wow this is so beautiful, i am seated",0,2024-04-04T15:29:49Z,2024-04-04T15:29:49Z
UgzMvKN9-JmpIhmEoR54AaABAg,,False,@Morningstar-k4h,When I tell my JAW DROPPED! I sat there stunned for a few seconds 😂 That was absolutely amazing 😭😭✨✨ Omg I can't wait Doyoung 🎉💚💚,2,2024-04-04T15:29:44Z,2024-04-04T15:29:44Z
UgwBKSj3Dc1zBKzsnCt4AaABAg,,False,@donx-ur3ck,"映像も曲もドヨンも美しい
ありがとう
楽しみだよ",0,2024-04-04T15:29:39Z,2024-04-04T15:29:39Z
UgzxnC9quGW9bv0hGZl4AaABAg,,False,@jjvely_sy,외쳐 김도영!!!!!!,1,2024-04-04T15:29:33Z,2024-04-04T15:29:33Z
UgybxB9i-_HePiBowgp4AaABAg,,False,@yo_an_a7077,Wow. I’m in love. Looks like i found my album of the year,0,2024-04-04T15:29:27Z,2024-04-04T15:29:27Z
UgyBoNfFcF61oC7sqD54AaABAg,,False,@dydy0_201,"도영아 너는 내 청춘이야
우리 함께 청춘을 만들어가자 
봄같은 너의 목소리를, 너의 노래를 언제나 응원해",0,2024-04-04T15:29:27Z,2024-04-04T15:29:27Z
Ugxy2vIkG5FVOVejhnB4AaABAg,,False,@PookLuk96,little mermaid🧜🏻,1,2024-04-04T15:29:26Z,2024-04-04T15:29:26Z
UgwQlIN_8dVcJ7RhRIp4AaABAg,,False,@anarianty88,love it ❤,0,2024-04-04T15:29:26Z,2024-04-04T15:29:26Z
UgwsuYuXwH9uxs64EJF4AaABAg,,False,@user-sx6ng4fo6j,난 나의 너를 믿어,1,2024-04-04T15:29:22Z,2024-04-04T15:29:22Z
Ugw92nOPiThe5PuHqTJ4AaABAg,,False,@shahanaparvin1478,The intro is so perfect..... i can't wait for the album,1,2024-04-04T15:29:16Z,2024-04-04T15:29:16Z
Ugx3SQzg_8jEqt0-A694AaABAg,,False,@yasmin745,Bang doyy...,1,2024-04-04T15:29:14Z,2024-04-04T15:29:14Z
UgyVaKn3P9oc9hNpm5Z4AaABAg,,False,@ss.mermhz,그동안 127에서 보여주지 못했던 도영이만의 감성에 보고 몇번이나 울었다...청춘을 노래하는 도영이를 응원해💖,0,2024-04-04T15:29:13Z,2024-04-04T15:29:13Z
UgzJGT8IiXK68Jt-PfB4AaABAg,,False,@Eden-201,너무너무 사랑해 도영아..,0,2024-04-04T15:29:13Z,2024-04-04T15:29:13Z
UgxX-3QWqUVcNEGmMuh4AaABAg,,False,@suchitrap3880,"It's truly something special, and I feel so lucky to be able to experience your voice. 👏🏻👏🏻👏🏻",1,2024-04-04T15:29:09Z,2024-04-04T15:29:09Z
UgyYxJ-Qf8QqdnjouMt4AaABAg,,False,@우엙어얽,미쳤다 노래 너무좋다 와...도영아 진짜 너무 예쁘다,0,2024-04-04T15:29:09Z,2024-04-04T15:29:09Z
Ugxy5jk34k8m4oSWnDR4AaABAg,,False,@sooljin,"TOO BEAUTIFUL, MAGICAL!!!!! 💙",0,2024-04-04T15:29:01Z,2024-04-04T15:29:01Z
Ugzx-Deknflpt0_0Y3p4AaABAg,,False,@DesrianiRahma,MAS DOY I'M SO PROUD OF YOU🎉🎉🎉🎉,0,2024-04-04T15:28:57Z,2024-04-04T15:28:57Z
UgysLuLxDqhXxsOreWJ4AaABAg,,False,@Yamayasu-xg9rk,いろはす？,0,2024-04-04T15:28:51Z,2024-04-04T15:28:51Z
UgwsADmKa4Y9eEGO3PF4AaABAg,,False,@블루-f6w,사랑해 도영아💙,0,2024-04-04T15:28:47Z,2024-04-04T15:28:47Z
UgxSal5GLsphkGQk-eN4AaABAg,,False,@munjuice._.,너무너무 기대돼요 도영아ㅠㅠ💙🩵💙,0,2024-04-04T15:28:42Z,2024-04-04T15:28:42Z
UgyVMXXo1dCWuI9-SVl4AaABAg,,False,@sara.fav801,DOYOUNG SUPERSTAR,0,2024-04-04T15:28:41Z,2024-04-04T15:28:41Z
UgxESdj6msLI8DxSIAt4AaABAg,,False,@nursetyawanti8503,Doyoung sings so beautifully,0,2024-04-04T15:28:29Z,2024-04-04T15:28:29Z
UgxmpQ9B3fUaYkRI5mR4AaABAg,,False,@sara.fav801,Doyoung the vocal king you are,0,2024-04-04T15:28:28Z,2024-04-04T15:28:28Z
UgxhBh7Ps6zU_BrCHBN4AaABAg,,False,@sulistiani8110,SO PRETTY.... SO PRETTY SO PRETTY SO PRETTY SO MAGICAL DOYOUNG IM SO PROUD OF YOU,10,2024-04-04T15:28:27Z,2024-04-04T15:28:27Z
UgxuDULZwR4GR8yAWId4AaABAg,,False,@user-ih7yj5jb7x,いい歌😭,0,2024-04-04T15:28:14Z,2024-04-04T15:28:14Z
UgxXTvr0PAJEspV4jnR4AaABAg,,False,@cindychoco0,DOYOUNGGGG IT’S SO BEAUTIFUL😭😭😭,0,2024-04-04T15:28:12Z,2024-04-04T15:28:12Z
Ugz5rhZtnDQJdQnhl4V4AaABAg,,False,@sara.fav801,OMG I CAN'T HIS VOICE,0,2024-04-04T15:28:11Z,2024-04-04T15:28:11Z
UgxniCkOSSGuEssz40V4AaABAg,,False,@oO.o0o.,リトルマーメイドどよち❤,0,2024-04-04T15:28:10Z,2024-04-04T15:28:10Z
Ugx-gAZXUFko3W7jMrN4AaABAg,,False,@meemee-oo5cf,เจ้าหญิง😭😭,0,2024-04-04T15:28:07Z,2024-04-04T15:28:07Z
UgwFSy9B-9kugwVa5iF4AaABAg,,False,@putripandani2922,Sayang ❤,0,2024-04-04T15:28:07Z,2024-04-04T15:28:07Z
UgyqMcKnyCTHWZrmakJ4AaABAg,,False,@kang4595,"Wow!  the vocals are so powerful.  The aesthetics is so beautiful.   Doyoung, I'm so proud of your hard work.",1,2024-04-04T15:28:05Z,2024-04-04T15:28:05Z
UgyLQ0Sw3poXQSRwQA94AaABAg,,False,@di_jjye,누구보다 노래를 사랑하는 아이가 노래할거야 라고 부르짖는 노래라니 도영이 답다 도영이 다운 노래다,0,2024-04-04T15:28:00Z,2024-04-04T15:28:00Z
UgxIbLb9n7P2CvAYhI94AaABAg,,False,@Himawari-qc3wj,Woahh 💞💞,0,2024-04-04T15:27:57Z,2024-04-04T15:27:57Z
Ugx8ZXfhmcjAWkyWD4p4AaABAg,,False,@사학과,그것도 그런데 그냥 노래가 너무 좋은데… 역대 도영이 참여한 nct앨범 다 포함해도 최상위로 꼽힐듯,0,2024-04-04T15:27:55Z,2024-04-04T15:27:55Z
Ugz-od2x62lU2O2YOCl4AaABAg,,False,@sara.fav801,I'm so in love already,0,2024-04-04T15:27:54Z,2024-04-04T15:27:54Z
Ugz49fP-7c6bsx8mSUZ4AaABAg,,False,@Hyuna0201,도영이의 노래 덕분에 올해의 봄이 더 따스하게 느껴질것만같아 항상 이렇게 좋은 목소리로 노래해줘서 고마워!!,0,2024-04-04T15:27:53Z,2024-04-04T15:27:53Z
UgwU1aDQ_9Pw3G_Y9H14AaABAg,,False,@ollehfutureov4261,doyoung let's go!!!,0,2024-04-04T15:27:50Z,2024-04-04T15:27:50Z
UgyPcuC5-XImF7Ekdl54AaABAg,,False,@best_hengni,This album will be a success ~,0,2024-04-04T15:27:45Z,2024-04-04T15:27:45Z
UgzL9Pt6HixH34EGLvN4AaABAg,,False,@Ddoing1996,Keren banget sayang 💙💙 i'm crying 😭😭 proud u mas doyiee💙💙,0,2024-04-04T15:27:41Z,2024-04-04T15:27:41Z
UgzzJM8KfM8X7ehU__h4AaABAg,,False,@yukiyeo9855,鳥肌たちました…！！ドヨンのアルバム楽しみTT,0,2024-04-04T15:27:41Z,2024-04-04T15:27:41Z
UgxVMex5-EJ0Jq9uVyd4AaABAg,,False,@뎡쩬,"도영아 노래 진짜 너무 좋다ㅠㅠㅠㅠ
너의 첫 번째를 함께 할 수 있어서 너무 행복해ㅜㅜㅜ
청춘 청량 김도영 진짜 너무 벅차오른다ㅠ 너의 청춘을 언제나 응원할게!",0,2024-04-04T15:27:40Z,2024-04-05T02:27:03Z
UgyCdNyNDl6fZTmU1qN4AaABAg,,False,@8212x3g,도영아 너무너무 사랑해,0,2024-04-04T15:27:40Z,2024-04-04T15:27:40Z
Ugyjpwz9ya8uSKHb6Jd4AaABAg,,False,@sisiha-ha,도영이 아자아자 화이팅,0,2024-04-04T15:27:37Z,2024-04-04T15:27:37Z
UgxSbs8XPJlBUyBrzyN4AaABAg,,False,@Kimdodo0,แค่อินโทรเปิดตัวมันยอดเยี่ยมจริงๆ ฉันตั้งตารอคอยเพื่อที่จะได้ฟังเพลงที่โดยองร้องเลยนะ🩵🐰,0,2024-04-04T15:27:36Z,2024-04-04T15:27:36Z
UgxtPVcWL8dAf8PAFdd4AaABAg,,False,@ssn00_283,도영아 솔로 축하해💚 기대하고잇을게,0,2024-04-04T15:27:33Z,2024-04-04T15:27:33Z
UgyLk2OCQKFhq7iCi-t4AaABAg,,False,@pearypearr2412,Can't wait for this album 💚💚💚💚💚💚🫶🥰🥰🥰,0,2024-04-04T15:27:26Z,2024-04-04T15:27:26Z
UgyL1rMBiW9IfqRwfB94AaABAg,,False,@user-cj8wp6nu6e,아름답다..,1,2024-04-04T15:27:25Z,2024-04-04T15:27:25Z
Ugw2sfW50R2Aw97_0IZ4AaABAg,,False,@방운-v8k,이 티저 보고 눈물이 나 도영이 목소리는 마음을 울리는 힘이있다 정말루,0,2024-04-04T15:27:21Z,2024-04-04T15:27:21Z
UgxRjwlW3Jm5lyNsC_l4AaABAg,,False,@yeeed,"항상 노래가 1순위인 도영이의 첫 정규 앨범이 너무 기대돼 도영이가 좋아하고 잘하는 것들이 가득할 것 같아서 기다리고 있는 매일이 너무 설레고 두근거리네 ! 
와라 김도영",0,2024-04-04T15:27:17Z,2024-04-04T15:27:17Z
Ugw4IEHZe_UdLS3YfMt4AaABAg,,False,@tobbu201,"thank you for sharing your voice with the world, doyoung! i hope everyone can appreciate your voice as much as you want to be appreciated, luv u!",2,2024-04-04T15:27:16Z,2024-04-04T15:27:16Z
UgwvEQrWkEd9K6Fco_V4AaABAg,,False,@뮹-s9x,"어떡해..... 진짜 너무 좋아서 어떡하냐구....
새봄의 노래라니 제목부터 아름다운데 내가 너무나 사랑하는 목소리가 마음 벅차오르게 만들어서 눈물이 나 ㅠㅠ 도영이의 청춘이 담긴 노래 기대하고 응원할게 !!! -`♡´-",0,2024-04-04T15:27:08Z,2024-04-04T15:27:08Z
UgxfECI0Vh4WMeQe4YR4AaABAg,,False,@dyna1941,"our soloist doyoung, I'm soooo proud of you🥹💙",1,2024-04-04T15:27:05Z,2024-04-04T15:27:05Z
UgxAIVFhG1DYpPC2nnd4AaABAg,,False,@Himawari-qc3wj,Woahhh doyoung ocean theme is my favoritee 💝💝💝,0,2024-04-04T15:27:02Z,2024-04-04T15:27:02Z
UgzZkYas6vb5rtuKRqB4AaABAg,,False,@SEO_BIN_,사랑해 도영아 고마워,0,2024-04-04T15:26:54Z,2024-04-04T15:26:54Z
UgzWlpd6DEUANyPGDQd4AaABAg,,False,@빵-x9p,도영아 사랑해 노래해줘서 고마워,0,2024-04-04T15:26:52Z,2024-04-04T15:26:52Z
UgxQObDawO90Z-B8vK94AaABAg,,False,@americano7471,KIM DOYOUNG THE SINGER THAT YOU ARE,0,2024-04-04T15:26:49Z,2024-04-04T15:26:49Z
UgxlLHkLRoy3cjpOlU94AaABAg,,False,@narakjangwa,น้องโดยองเก่งมากลูก ทำถึงมากทำดีต่อไปเก่งมากกคับ นางเงือกน้อยของแม่🧜🏻‍♀️💝💝,0,2024-04-04T15:26:48Z,2024-04-04T15:26:48Z
UgxlLHkLRoy3cjpOlU94AaABAg.A1oZ8AL6GWqA1oZ9bWH2Mb,UgxlLHkLRoy3cjpOlU94AaABAg,True,@narakjangwa,เริ่ดมากกกกก,0,2024-04-04T15:27:00Z,2024-04-04T15:27:00Z
UgxlLHkLRoy3cjpOlU94AaABAg.A1oZ8AL6GWqA1oZAtqKHJh,UgxlLHkLRoy3cjpOlU94AaABAg,True,@narakjangwa,ขอแลกปีกกับหางง,0,2024-04-04T15:27:10Z,2024-04-04T15:27:10Z
Ugzjtja-dCSCqIpiHT54AaABAg,,False,@Doyoung_AGungppang,피아노 선율이 도영이처럼 너무 아름다운 노래다... 인어왕자냐구 ㅜㅜㅜ 넘 청춘이다,0,2024-04-04T15:26:45Z,2024-04-04T15:26:45Z
UgwcIbP9RFqpicrn7bJ4AaABAg,,False,@chennyanandita,omg dreams come true. IM SUPER WELCOMING FOR THIS SOLO DEBUT,0,2024-04-04T15:26:39Z,2024-04-04T15:26:39Z
Ugw-pQ7fIwDZtQ_Ghtp4AaABAg,,False,@arianandaz,"Everything about Doyoung is beautiful.. Oh, Kim Doyoung, you've come so far I'm so proud of you and so looking forward for the full album!!",1,2024-04-04T15:26:37Z,2024-04-04T15:26:37Z
UgyreMSPeNtwgCcy70V4AaABAg,,False,@127theloml,"THIS IS WAY BEYOND MY EXPECTATIONS, SO FUCKING GOOODDDDDDDDD OMG DOYOUNG! 😭😭😭😭😭😭🩵🩵🩵🩵🩵🩵",0,2024-04-04T15:26:36Z,2024-04-04T15:26:36Z
UgzeQ8uOlNLUhSAfj4h4AaABAg,,False,@이나-m1b,얼마나 인어같길래 하고 보는데 인어인어,0,2024-04-04T15:26:35Z,2024-04-04T15:26:35Z
UgyppBapfpBm3KStch94AaABAg,,False,@정우의하얀나비,미쳐따..🥹,0,2024-04-04T15:26:33Z,2024-04-04T15:26:33Z
UgzrSwLXQXUnBEEjabd4AaABAg,,False,@RealV_V,道英啊！希望你能快乐的唱歌🎉真的好棒！,0,2024-04-04T15:26:27Z,2024-04-04T15:26:27Z
UgwGzDl_yWNqsX7ePuR4AaABAg,,False,@xxxxbunnies,"The concept is very beautiful, Doyoung's voice is very hypnotic I'm proud of you Kim Doyoung😭💙",2,2024-04-04T15:26:23Z,2024-04-04T15:26:23Z
UgxI54bBcY-oShFZN7N4AaABAg,,False,@SaAMI-or4bu,"진짜, 우왕...ㅠ 말이 안 나와는 정도로 예쁘게 잘 찍고 왔네…?
 시즈니에게 힘을 선물을 줄 수 있는 노래가 완성된 것 같은 기대와 예감이 있는 느낌?
뭐보다 더 도영오빠가 마음대로 할 수 있는 알밤이가 나왔으면 좋겠다. 화이팅🐰💚",0,2024-04-04T15:26:22Z,2024-04-04T15:26:22Z
UgwbW2KAvHriPSJFvUl4AaABAg,,False,@zyzixfl7278,OMAYGAT DOYOUNG BAKALAN JADI DUYUNG!!! hightnotenya cantik banget plissss 😭🙏💚,0,2024-04-04T15:26:21Z,2024-04-04T15:26:21Z
Ugzme5QRNLZ-l2_ovEp4AaABAg,,False,@JIN-q3v,미친거긔 너무 좋다,0,2024-04-04T15:26:20Z,2024-04-04T15:26:20Z
UgxguWhAr48-bDWfR9Z4AaABAg,,False,@yuliarompis9786,"Vibe musiknya mirip kyk studio Ghibli soundtrack or like background music.. Ah bagus banget❤ Doyoung, hwaiting!!",0,2024-04-04T15:26:19Z,2024-04-04T15:26:19Z
UgznYgQAnixf2XC5rvd4AaABAg,,False,@lacepetal,beautiful!!!,0,2024-04-04T15:26:19Z,2024-04-04T15:26:19Z
UgxJXPAsgSVDihmLwDt4AaABAg,,False,@Hyuna0201,항상 한없이 맑고 깨끗한 목소리로 노래해줘서 고마워! 노래에 진심이 가득 담겨있고 그 노래를 영원히 응원해주고싶다는 감정을 느끼게 해줘서 고마워,0,2024-04-04T15:26:18Z,2024-04-04T15:26:18Z
UgwIbyjsCU2qBi64Hn14AaABAg,,False,@morningbell7046,this is so beautiful… oh doyoung how far you’ve come,1,2024-04-04T15:26:16Z,2024-04-04T15:26:16Z
Ugy8POQ5JdEE23H0Tm54AaABAg,,False,@itsme-tp6yu,Sumpah bagus banget,0,2024-04-04T15:26:14Z,2024-04-04T15:26:14Z
Ugy1rkmlUQs22Te7VD94AaABAg,,False,@farisahnajwa768,Amazingg❤love your vocal,0,2024-04-04T15:26:07Z,2024-04-04T15:26:07Z
UgyIt0V0D8NN5vtapE14AaABAg,,False,@Haebitze,"Semua tentang Doyoung memang seindah itu, Doyoung yang selalu pake hati kalau ngerjain sesuatu, makasi banyak Doyoung udah jadi penyanyi. Semoga solo debutenya sukses.",0,2024-04-04T15:26:05Z,2024-04-04T15:26:05Z
UgyXL6Dy6MV6wSlDdxl4AaABAg,,False,@hellomeowkitty,딱 드는 순간부터 ‘도영이답다’고 느꼈어… 이 벅차오르는 이 감정 오래 기억하고 있을게 새봄의 노래는 우리의 청춘이야🩵,0,2024-04-04T15:26:00Z,2024-04-04T15:26:00Z
UgxY0YOlxsSDv8RxDXN4AaABAg,,False,@dyzzang21,도영이의 청춘은 빛나도록 아름답구나,0,2024-04-04T15:25:59Z,2024-04-04T15:25:59Z
UgxJCiGqiHkdgVUj0854AaABAg,,False,@markedthehehe0_o,ohh damnnnn!!!! alrightttt🌀💎,0,2024-04-04T15:25:58Z,2024-04-04T15:25:58Z
Ugxz6pl_9lIew_mq0Fp4AaABAg,,False,@kittykapai9276,Vocal and Visual explosion💚💚💚Cannot wait. DY's album will be EPIC👌💚💚💚,1,2024-04-04T15:25:56Z,2024-04-04T15:25:56Z
Ugw9hoHFREhdu1jgct54AaABAg,,False,@overthem2on,dolo is da bestttt,0,2024-04-04T15:25:49Z,2024-04-04T15:25:49Z
UgwOB8_WOdjlFb-EeBV4AaABAg,,False,@maxiiiiiii2861,ยอด ดีเลิศ เด็ดขาด เทพบุตร อันดับหนึ่ง ศักดิ์สิทธิ์ มหัศจรรย์ ที่สุด สุดยอด เยี่ยม ยอดเยี่ยม เยี่ยมยอด ดีที่สุด เลิศที่สุด ชนะเลิศ เลิศเลอ ดีเด่น สุดเหวี่ยง วิเศษ ฮีโร่ บริสุทธิ์ ล้ำเลิศ หนึ่งเดียว พิเศษ โดดเด่น ปาฏิหาริย์ คนก็หล่อ เสียงก็เพราะ พี่โดยองดีที่สุด 🐰🩵🫧,0,2024-04-04T15:25:46Z,2024-04-04T15:25:46Z
UgyFDvyM_GrBhpx00Y94AaABAg,,False,@riririririkaaa3427,"The second his voice comes out, my tears fall down",0,2024-04-04T15:25:45Z,2024-04-04T15:25:45Z
UgxnoJatfFqvG7gfjIp4AaABAg,,False,@nctea6479,so soft just like Doyoung,0,2024-04-04T15:25:44Z,2024-04-04T15:25:44Z
Ugxp50n_SatJTWaqstJ4AaABAg,,False,@kang4595,So ethereal and comforting.  OMG can't wait!,0,2024-04-04T15:25:43Z,2024-04-04T15:25:43Z
Ugx0ynYkg0YzkVauVot4AaABAg,,False,@putputputyourpaw,청춘을 노래하는 도영...기대된다...,0,2024-04-04T15:25:39Z,2024-04-04T15:25:39Z
UgytSEBchVf9IBg6yC94AaABAg,,False,@Dn6f,도영이 얼마나 떨릴까 ㅋㅋ이댓글볼지 모르지만 너무 잘했고 우린 언제나 네편이니까 쫄지마!!!,0,2024-04-04T15:25:38Z,2024-04-04T15:25:38Z
UgzEDUkEoTwhE0ycT4l4AaABAg,,False,@naam1657,"His voice is so lovely 🩵
Everything about Doyoung is lovely.
The teaser is just so perfect.",1,2024-04-04T15:25:36Z,2024-04-04T15:25:36Z
UgxEaFNls7IPXE3IAD54AaABAg,,False,@s5._eun,"나의 사랑 나의 보물 도영이에게
도영아 티저만 봤는데도 눈물이 나올려고 하네… 오랜만에 보는 도영이 얼굴이어서 그런지 더 반갑고 더 기쁘다 도영이도 여러가지 해외 스케쥴에 엔시티 활동에 바쁜데 이렇게 짠하고 솔로 활동으로 시즈니들을 감동시켜줘서 너무 고마워 앨범 이름도 너무 이뻐 청춘의 포말… 단어가 참 이쁜거 같아 노래도 너무 좋은 거 같아 가사가 너무 이쁘다… 가사에서부터 도영이가 얼마나 지금 하고 있는 일을 열심히,최선을 다해서 하고 있는지 다 드러났어.. 그래서 더 감동이었던 거 같아
나의 사랑 나의 사계절 나의 청춘 도영아
이번년도에도,내년에도,내후년에도 나랑 같이 있어줄 수 있어?
난 널 계속 기다릴꺼고 언젠가는 우리..한번 만나는 날이 오지 않을까?!ㅋㅋㅋㅋ 4월 22일 기대할께 도영아 항상 고맙고 미안하고 사랑해 사랑하다는 말이 부족하고 말로 다 형용할 수 없을 정도로 사랑해 무리하지 말고 항상 건강챙기고 다 필요없고 건강하고 너가 행복했으면 좋겠다 너가 행복하면 나도 행복하고 너가 잘 지내면 나도 잘 지내니까 도영아 또 보자 우리",1,2024-04-04T15:25:33Z,2024-04-04T15:25:33Z
UgwjLl-l7odu-rrLoGF4AaABAg,,False,@ねこ棚,期待しかない…😳😳 どよちの歌声の良いところが際立ちそうな曲✨ 楽しみ😳😳,0,2024-04-04T15:25:27Z,2024-04-04T15:25:27Z
UgwXVMUwmWqg6FeuqXV4AaABAg,,False,@kimchipham47,"wowwowowowo my lifeeeee , i can feel it",0,2024-04-04T15:25:26Z,2024-04-04T15:25:26Z
Ugztle-2cR913Su2sDh4AaABAg,,False,@chenjiren,Straight out of a disney movie. THIS IS ART DOYOUNG!!!!!!,1,2024-04-04T15:25:22Z,2024-04-04T15:25:22Z
Ugx0XvoxSIJK-ah-pi54AaABAg,,False,@Cantikv,"Melodi, suara, dan video bagus banget",0,2024-04-04T15:25:21Z,2024-04-04T15:25:21Z
UgzcAr_pslqyg5zaesR4AaABAg,,False,@tutukkarunia2564,"Ini sangat keren, indah, menakjubkan, aku ingin cepat-cepat mendengarkan lagunya, Doyoungie i love you 😍😘💚💚💚",0,2024-04-04T15:25:21Z,2024-04-04T15:25:21Z
UgzbQ_jQ_wNXckEcwSR4AaABAg,,False,@nna_rdyeee,Mas doyoung 🫶🏻💚,0,2024-04-04T15:25:19Z,2024-04-04T15:25:19Z
UgwFasW3Ra1v8GjrdQV4AaABAg,,False,@elkaniahutagaol1838,CANT WAIT FOR IT❤️‍🔥❤️‍🔥❤️‍🔥,0,2024-04-04T15:25:17Z,2024-04-04T15:25:17Z
Ugyf4wfLMhtAwXLUhbR4AaABAg,,False,@bluem0_0n,취향저격이다 도영아,0,2024-04-04T15:25:17Z,2024-04-04T15:25:17Z
Ugys6N-xWVh6o9idYzZ4AaABAg,,False,@kimdoyoung968,so proud of you DOYOUNG ❤,0,2024-04-04T15:25:16Z,2024-04-04T15:25:16Z
Ugxda27rv_rO6vlqt8l4AaABAg,,False,@GG-ux9dq,너무 아름다워ㅜㅜ 도영어 화이팅!!! 노래해줘서 고마웡,0,2024-04-04T15:25:10Z,2024-04-04T15:25:10Z
UgxfyaXkxntulSmp1jl4AaABAg,,False,@user-tfuginagak,애니 오스트같다 넘넘 예쁘고 조아요 동영오빠 화이띵이다 우리가 1위시켜줄겤ㅋ,0,2024-04-04T15:25:01Z,2024-04-04T15:25:01Z
UgwDW16_JZSy01Pq4UZ4AaABAg,,False,@pi_oo29,ดีมากเพราะมากเก่งมากเลยน้าคิมโดยอง ㅠㅠ,1,2024-04-04T15:25:01Z,2024-04-04T15:25:01Z
UgynpzjQl2RoRpl8Ax94AaABAg,,False,@뚜뚜뚜-s9x,스엠... 정말 밉지만 우리 도영이 솔로 앨범 내 주셔서 정말 감사하고 도영아 노래래 줘서 고마워 사랑해,0,2024-04-04T15:24:58Z,2024-04-04T15:24:58Z
UgyYjRB86_K6J8KJm5p4AaABAg,,False,@tokki.zip_,keren kim doyoung terkeren 🙌,0,2024-04-04T15:24:54Z,2024-04-04T15:24:54Z
UgxUcOVPclsfQ8Lt0Kx4AaABAg,,False,@riririririkaaa3427,This is beyond beautiful😭😭😭😭😭😭😭😭😭😭😭😭😭😭💙🤍,0,2024-04-04T15:24:54Z,2024-04-04T15:24:54Z
Ugzhyw8abaKgZWx5rMx4AaABAg,,False,@a2ongi,도영이랑 노래 너무 잘어울린다 청춘이 청춘을 노래하네..,0,2024-04-04T15:24:54Z,2024-04-04T15:24:54Z
UgzMo6vYZ0FFPM-lGgx4AaABAg,,False,@찐만두-m2x,진짜 기깔나네 도영이 덕질하길 잘했다,0,2024-04-04T15:24:52Z,2024-04-04T15:24:52Z
Ugz6HxW-I_pUcxI1gfh4AaABAg,,False,@LitteDY,"1분 30초짜리의 영상과 음악으로 최근에 힘들었던 마음이 위로가 되었고 힘이 되었어. 도영이는 사람들에게 늘 음악으로 힘이 되어주는 존재라는 것을 절대 잊지 않았으면 해. 오늘도 도영이에게 힘을 얻어간다. 항상 고마워.

보면서 자꾸 눈물이 나서 내가 왜 우나 생각했는데 노래가 벅차는 것도 있지만 내가 도영이 팬이라는 게 너무 감사해서 자꾸 눈물이 나는 것 같다",0,2024-04-04T15:24:52Z,2024-04-04T15:31:34Z
UgxqhIz-zFNelF0TJ9N4AaABAg,,False,@flamiinhotlemon,"I'm so excited about your solo, doyoung, you are so special and delicate, I love it, I'm so proud of you 🥺🩵",1,2024-04-04T15:24:50Z,2024-04-04T15:24:50Z
UgyGHxh-DUsSiUOeUQ94AaABAg,,False,@nathalyalvarez5513,"Parece canción de cuento de hadas, Doyoung te amo",1,2024-04-04T15:24:50Z,2024-04-04T15:24:50Z
UgwL2rAoO3QM_ZOIPXN4AaABAg,,False,@beastvaw,도영이 솔로 데뷔 축하해🎉💚🐰💚🥳,0,2024-04-04T15:24:45Z,2024-04-04T15:24:45Z
UgwJmPy93ztrC3TZKTV4AaABAg,,False,@hayley385,"It's so nice enchanting or more,, I love it so much, because of that I can't say anything else. JUST Thank you!Thank you Doyoung!thank u sooo much for letting my ears go to heaven. I love you forever😢😭❤❤",0,2024-04-04T15:24:41Z,2024-04-04T15:24:41Z
UgwJmPy93ztrC3TZKTV4AaABAg.A1oYtloZXanA1oYygOoAqi,UgwJmPy93ztrC3TZKTV4AaABAg,True,@hayley385,Im proud of u as always❤😢😢,0,2024-04-04T15:25:22Z,2024-04-04T15:25:22Z
UgygCDX6kmtGEbb3qet4AaABAg,,False,@부리또-g2e1l,"아 진짜 너무 좋아서 눈물난다....🥺
노래해줘서 너무너무 고마워 도영아💗",1,2024-04-04T15:24:36Z,2024-04-04T15:24:36Z
Ugwrgra6FDO7PpPwLOZ4AaABAg,,False,@sallvm,CAKEPO BANGET BANG🥹🥹🫰🏻,3,2024-04-04T15:24:35Z,2024-04-04T15:24:35Z
UgxB7cWaEWlaxkSJDCN4AaABAg,,False,@림두현-b9r,"저 우주를 함께 날아갈거야
온 세상을 가득 벅차게 노래할 거야
이 노랠 타고서 내가 꿈꿔왔던 
그곳에 만나 너에게 새봄의 노래를",1,2024-04-04T15:24:35Z,2024-04-04T15:24:35Z
UgxJ4q4nEHgRBnmFpUB4AaABAg,,False,@javinicole96,🥺💙✨ Let's go doyoung,0,2024-04-04T15:24:34Z,2024-04-04T15:24:34Z
UgxBDgKZdlZtgJ7XutV4AaABAg,,False,@lofhaceniie,HUA KEREN KIM DOYOUNG 😻,2,2024-04-04T15:24:33Z,2024-04-04T15:24:41Z
UgyvBs011gzwd3wK06t4AaABAg,,False,@katarinabluesy,YOKSI KIM DOYOUNG,1,2024-04-04T15:24:26Z,2024-04-04T15:24:26Z
UgwvWH6ZPABHUAjuWqt4AaABAg,,False,@Juiceboxtin,Anticipating your solo debut Doyoung! Can’t wait for the release!!,0,2024-04-04T15:24:24Z,2024-04-04T15:24:24Z
Ugw9D01-tYs25bjcQiB4AaABAg,,False,@율0423,벌써 기대된다 ㅜㅜㅜ 역시 도영이야!!!,0,2024-04-04T15:24:18Z,2024-04-04T15:24:18Z
Ugzf4I7_h-o-P8zNB614AaABAg,,False,@lustayy,"io ti amo, non vedo l'ora🥲",1,2024-04-04T15:24:17Z,2024-04-04T15:24:17Z
UgxOjSadDUwXrmTCCp54AaABAg,,False,@do0855,😭😭😭😭😭😭😭,0,2024-04-04T15:24:15Z,2024-04-04T15:24:15Z
UgxOTC7PbSGaHFoNFE94AaABAg,,False,@김희수-y5h,너무 이쁘다 도영아 너의 목소리가 보물이야 ㅠㅠㅠ,0,2024-04-04T15:24:12Z,2024-04-04T15:24:12Z
UgxLbOfRzyCrrZCSk114AaABAg,,False,@SachiK-gp9ez,ドヨンの全てが詰まったアルバム😢映像もそうなんだけどドヨンって本当に綺麗な人だなって、心が綺麗。素敵な世界を共有してくれて嬉しいよ😢海より広い心の持ち主のドヨンが大好きです、、、,1,2024-04-04T15:24:11Z,2024-04-04T15:24:11Z
Ugw9xPufKVJIOBKBUHN4AaABAg,,False,@yodream8320,Can't waitttt. I'm exciteeeedddddd,3,2024-04-04T15:24:10Z,2024-04-04T15:24:10Z
Ugw7ajzWK_NZGbej1vl4AaABAg,,False,@suvexen,노래 자체 멜로디도 좋은데 도영이 목소리 자체가 노래를 더 디테일하고 풍성하게 만들어주는거 같음 김도영 사랑해,64,2024-04-04T15:24:10Z,2024-04-04T15:24:10Z
UgzhLzpMfAAZhSmooQ54AaABAg,,False,@johanapcy9009,도영은 파란색에 아주 잘 어울려요.,0,2024-04-04T15:24:07Z,2024-04-04T15:24:07Z
Ugysyeg2kh2R6nhwDp14AaABAg,,False,@涼夏-s9r,"ドヨンの歌声大好きです🍀😌🍀
自然の中での迫力を感じさせる歌声を聴いて、アルバムがますます楽しみになりました✨
待ち遠しいです💕",0,2024-04-04T15:24:07Z,2024-04-04T15:24:07Z
Ugzw53kHxZOw5Bpcy454AaABAg,,False,@nbstr_js3322,เก่งมากลูกแม่😭😭😭😭😭😭😭😭,0,2024-04-04T15:24:07Z,2024-04-04T15:24:29Z
UgzGWtJRowS97vWA7M54AaABAg,,False,@시혀니-x6i,네가 노래하는 청춘을 같이 들을 수 있어서 너무 행복해 도영아 도영이 너무너무 응원해 사랑해❤,0,2024-04-04T15:24:06Z,2024-04-04T15:24:06Z
UgzaRUsd1LNF4KbYv4h4AaABAg,,False,@janeyon2685,💚💚💚💚,0,2024-04-04T15:24:00Z,2024-04-04T15:24:00Z
UgxcAAfjnY793-HhAP14AaABAg,,False,@김가나-k4c,도영아 좋다.... 기대하고 있어!,0,2024-04-04T15:24:00Z,2024-04-04T15:24:00Z
Ugx3-vTSuBRpef0sGwF4AaABAg,,False,@Hlee535,정말 도영이같은 노래다😢,0,2024-04-04T15:23:56Z,2024-04-04T15:23:56Z
UgyIZ2m79yNfKzNP7yd4AaABAg,,False,@yodream8320,This is damnnn goooooodddddd,0,2024-04-04T15:23:54Z,2024-04-04T15:23:54Z
UgzgFkEoF_zinVgSg1F4AaABAg,,False,@chungsoonking,"도영아 사랑해

‘청춘의 포말’
그냥 처음부터 끝까지 꽉꽉 채운 김도영일것같아서 
마음이 너무 벅차올라 노래해줘서 고마워 사랑해",33,2024-04-04T15:23:54Z,2024-04-04T21:58:26Z
UgzlXlYQQGHflvfc1bd4AaABAg,,False,@Kjkj-wk5je,드디어 왔다 도영 솔로!!! 기대하던 청춘 그 자체인 노래 들려줘서 너무너무 고마워💚💚,0,2024-04-04T15:23:52Z,2024-04-04T15:23:52Z
Ugz0bxhBC92FIOgo2Ut4AaABAg,,False,@도리-f7d,미친거아냐ㅠㅠ개좋아ㅠㅠ,0,2024-04-04T15:23:52Z,2024-04-04T15:23:52Z
UgzDqdBXxX5tUbbQ7n94AaABAg,,False,@7luckyyya,"도영아 너무 축하해요 , 
도영이만의 음악을 하게 된 것을 ! 

그리고 또 도영이의 아름다운 청춘을 
도영이가 제일 좋아하고 잘하는 노래로 남겨줘서 참 고마워요 !",0,2024-04-04T15:23:48Z,2024-04-04T15:23:48Z
Ugw4r_i5T_BQAclYbhV4AaABAg,,False,@yeony__y,와 ... 러브썸에서 해줄지 모르겠지만 만약 이 노래 해준다면 진짜 그 날 행복하고 벅찰 것 같다...🥺,1,2024-04-04T15:23:46Z,2024-04-04T15:23:46Z
Ugw54C_jNglNOcGGP6Z4AaABAg,,False,@ppaknn8889,ดีมาก ดีมากๆๆ จะร้องไห้,0,2024-04-04T15:23:44Z,2024-04-04T15:23:44Z
UgxMQaA99Lu8h9XSvjh4AaABAg,,False,@_ing,My Ariel!!!!,0,2024-04-04T15:23:44Z,2024-04-04T15:23:44Z
UgwwnZao4VhsNIB7Rul4AaABAg,,False,@Kjkj-wk5je,드디어 왔다 도영 솔로!!! 기대하던 청춘 그 자체인 노래 들려줘서 너무너무 고마워❤️❤️,0,2024-04-04T15:23:43Z,2024-04-04T15:23:43Z
Ugx_tu2LOE7WSyZUtEZ4AaABAg,,False,@drea_ty,"One of my favorite vocalists everr, his vocals are so beautiful!! Can't wait for Doyoung solo album 😻💚",2,2024-04-04T15:23:41Z,2024-04-04T15:38:48Z
UgwyfhIvLPRUVxQD9MJ4AaABAg,,False,@linaszn,I CANT WAITT,0,2024-04-04T15:23:40Z,2024-04-04T15:23:40Z
UgwjOFC0KWl5FFH1cyR4AaABAg,,False,@fknxrose,*3rd NCT SOLOIST LET'S GOO!!*,0,2024-04-04T15:23:39Z,2024-04-04T15:23:39Z
Ugy033RNU5JKPQ_OrLp4AaABAg,,False,@starryxnight3,His voice is so beautiful 😭💙,0,2024-04-04T15:23:39Z,2024-04-04T15:23:39Z
Ugwaxw8_RJCbnTirKmR4AaABAg,,False,@hee8000,영상 너무 이쁘고 언제나 도영이가 하는 음악 응원할게!,14,2024-04-04T15:23:39Z,2024-04-04T15:23:39Z
Ugzgj3v_8El8EOVQMZV4AaABAg,,False,@cinnamorollbybubu641,OH MY GOOOOODDD!!!!!,1,2024-04-04T15:23:37Z,2024-04-04T15:23:37Z
UgzXzXq6VFks2-9mFA14AaABAg,,False,@oo_ing_ing,벌써 감동인데...🥹🥹,0,2024-04-04T15:23:35Z,2024-04-04T15:23:35Z
UgzUAkN4uUZQ5lzLJz94AaABAg,,False,@nodmuw000,天才です…もう好きです…🩵🩵🩵🩵🩵🩵🩵🩵🩵🩵🩵🩵🩵🩵🩵🩵🩵🩵🩵🩵🩵🩵🩵🩵🩵🩵🩵🩵🩵🩵🩵🩵🩵🩵🩵🩵🩵🩵🩵🩵🩵🩵🩵🩵🩵🩵🩵🩵🩵🩵🩵🩵🩵🩵🩵🩵🩵🩵,3,2024-04-04T15:23:31Z,2024-04-04T15:23:31Z
UgyLg-mUr9mIJLEhTmN4AaABAg,,False,@됴0됴0,이게 진짜 도영이를 나타내주는거 같다 … 아이돌로서의  도영이 자아 말고 동영이가 하고  싶었던게 이런게 아니었을까 하는 … 근데  너무 잘어울리고 데뷔하는 계절이랑도 딱이다….고마워 도영아  시즈니때문에 음악 한다고 했는데  시즈니를 위해서 더더 큰 선물로 돌아와줘서💙💙💙💙도영이의 모든 앞날을 응원해,0,2024-04-04T15:23:31Z,2024-04-04T15:23:31Z
Ugwj85PiWQUDyaa1Bbt4AaABAg,,False,@tororo0213,美しいよ、,0,2024-04-04T15:23:29Z,2024-04-04T15:23:29Z
UgxxXplC8c-zkS7ldX54AaABAg,,False,@river_star07,OMGGG🎉 NCT MEMBERS SOLOS YEEEYYYY😊😊😊😊🎉🎉🎉🎉,0,2024-04-04T15:23:28Z,2024-04-04T15:23:28Z
Ugz1bZQBfQxrnoZOy6Z4AaABAg,,False,@나얼빠라잘생긴사람좋,어떡하지…. 너무 좋아 ㅠㅠㅠ,0,2024-04-04T15:23:18Z,2024-04-04T15:23:18Z
UgwTrFev1x2qNLNwFYx4AaABAg,,False,@fangirlfoodie,GOOSEBUMPS. ITS GIVING IU,0,2024-04-04T15:23:15Z,2024-04-04T15:23:15Z
UgxcQ3U06Ix3L94EzZp4AaABAg,,False,@ashainabila,DOYOUNGGGGG😭😭😭😭😭,0,2024-04-04T15:23:09Z,2024-04-04T15:23:09Z
Ugy4Zeyht5fpPtv7tZ14AaABAg,,False,@Dn6f,생각해보니까 도영이 솔로 첫 영상이네 기념해야징💚,0,2024-04-04T15:23:07Z,2024-04-04T15:23:07Z
UgwDWeMu9bTLM0vMe7R4AaABAg,,False,@serqsdps,"This is so Doyoung. It's just so beautiful it makes me want to cry, and this is just the intro film. Really looking forward to the whole album.",446,2024-04-04T15:23:07Z,2024-04-04T15:23:07Z
UgwDWeMu9bTLM0vMe7R4AaABAg.A1oYiFMh_fhA1oiUGnAefs,UgwDWeMu9bTLM0vMe7R4AaABAg,True,@nastynat2002,Totally agree with you. He is very sensitive soul.,18,2024-04-04T16:57:12Z,2024-04-04T16:57:12Z
Ugx1xjNuU3wtcSOGcJ54AaABAg,,False,@ullreichpascual8880,OMG THIS IS SO GOOD,0,2024-04-04T15:23:04Z,2024-04-04T15:23:04Z
Ugxlb80bimwWgQskLSh4AaABAg,,False,@dozero-s2,"도영아 도영이는 계속 노래할 거라고
한 명이라도 도영이의 노래를 들어주는 사람이 있으면
계속 노래할 거라고 말했던 도영이의 첫 솔로 앨범 가사 중에
>> 온 세상에 힘차게 노래할 거야 << 라는 가사가 있다니!!!
너무 벅차도록 행복하고 감사해
도영이의 첫 솔로 앨범 파이팅!!! 언제나 함께할게",1,2024-04-04T15:23:00Z,2024-04-04T15:23:00Z
UgysfDtEUZiw9K0HwHZ4AaABAg,,False,@irenesws6295,KERENNNNN💙💙💙,0,2024-04-04T15:22:59Z,2024-04-04T15:22:59Z
UgxS69PlAWUfPuXfDcB4AaABAg,,False,@pare-pan551,ได้กลิ่น SOTY 🩵🧜🏻‍♂️🐰,0,2024-04-04T15:22:59Z,2024-04-04T15:22:59Z
UgxTWn3xAlouYT1ETYR4AaABAg,,False,@dongdongbros,THANK YOU FOR SINGING DOYOUNG,0,2024-04-04T15:22:57Z,2024-04-04T15:22:57Z
Ugxdx4CV_4W94dh5Nxh4AaABAg,,False,@littlewhiteboat9491,"Anime+musical+live band  
Amazing!!!! as expected! 
OUR TALENTED BOY KIM DOYOUNG
This is huge. I’m super excited!
can the full album come out tomorrow? Can’t wait!!!!",0,2024-04-04T15:22:55Z,2024-04-04T15:22:55Z
UgyrfxwhhKHWv4nxLnR4AaABAg,,False,@햇챤,이 노래를 끝까지 듣지는 못했지만 지금 들은 부분은 뭔가 뭉클함… 가장 도영이다운 앨범 너가 하고 싶은거 쭉 했으면 좋겠다..,1,2024-04-04T15:22:51Z,2024-04-04T15:22:51Z
UgzZp2kvMm8BiY8ZhEZ4AaABAg,,False,@dongdongbros,OUR MAIN VOCALIST FOR A REASON,0,2024-04-04T15:22:47Z,2024-04-04T15:22:47Z
UgzHsIKFp13UfGSx6El4AaABAg,,False,@watermelon_sugar_tai,Doyoung in his little mermaid era 😁❤️,1,2024-04-04T15:22:47Z,2024-04-04T15:22:47Z
Ugxz3dGXRviY3K8nE754AaABAg,,False,@히히-u9y3q,진짜 너무너무 조음 너무 사랑해ㅠㅠㅠㅠㅠ,0,2024-04-04T15:22:41Z,2024-04-04T15:22:41Z
Ugw3plvJqv1cDgQUtRZ4AaABAg,,False,@tr.nguyenx,🩵🩵🩵,0,2024-04-04T15:22:37Z,2024-04-04T15:22:37Z
UgwBWwUVF6wtgOEvALR4AaABAg,,False,@dongdongbros,CAN'T WAIT FOR THE FULL VERSION OF THIS SONG 🥹🥹🥹🩵,0,2024-04-04T15:22:26Z,2024-04-04T15:22:26Z
UgwCFbl6ZM1xL_GJNRV4AaABAg,,False,@netoidchu,go soloist doyoung!! 🤍,0,2024-04-04T15:22:25Z,2024-04-04T15:22:25Z
UgxCpXuV7m9SgkD5txF4AaABAg,,False,@cerayyy,디즈니 ost 느낌 나면서 너무 좋다…감정이 너무 벅차올라ㅜㅜ🥹🥺,0,2024-04-04T15:22:24Z,2024-04-04T15:22:24Z
UgzGuJTZVTLpacOu1p94AaABAg,,False,@prunusmumesnow2217,도영이 목소리 듣는데 벅차올라서 눈물이 나더라 도영아 진심으로 축하해,0,2024-04-04T15:22:23Z,2024-04-04T15:22:23Z
UgwXZW_b48DAmu_qbfl4AaABAg,,False,@yuno_that,"도영이의 목소리를 들으니 이제야 실감하게 된다 말 그대로 인트로 필름
도영의 목소리로 가득차서 나올 첫번째 앨범... 기대할게요",0,2024-04-04T15:22:23Z,2024-04-04T15:22:23Z
UgwEOG4Qcp5PDvv26HF4AaABAg,,False,@amanditititauwu,llegó dios,0,2024-04-04T15:22:20Z,2024-04-04T15:22:20Z
Ugw3-Y3IG-WU6l0c8xh4AaABAg,,False,@꾸-z9o,"도영아 네 노래로 세상을 가득 채우길, 네 목소리는 더 울려퍼지고 기억될거야
아름다운 시간 쌓아가보자 우리🩵",0,2024-04-04T15:22:07Z,2024-04-04T15:22:07Z
UgyERDRi_EvcXmxgK_h4AaABAg,,False,@Hyuna0201,도영이가 지금까지 전해준 진심과 이 노래를 통해 느껴지는 진심이 모여 정말로 모두가 이 곡의 그리고 또 도영이의 행복을 바래줄것만같아,0,2024-04-04T15:22:06Z,2024-04-04T15:22:06Z
UgyZYYqqhhgKu8xHO_N4AaABAg,,False,@do0855,amazing,0,2024-04-04T15:22:03Z,2024-04-04T15:22:03Z
Ugwd6NW0D658JO64zYJ4AaABAg,,False,@sararamosdiaz7599,Doyoung !!!!,0,2024-04-04T15:22:02Z,2024-04-04T15:22:02Z
UgwnCnpBwfs7YbRsoVt4AaABAg,,False,@김하연-y3p,영상이 안끝나고 눈물이 안멈춰요..,0,2024-04-04T15:22:00Z,2024-04-04T15:22:00Z
Ugzbz_xlp2EWdThOQvV4AaABAg,,False,@katrinsilvanakim,Sayangkuuuuuu...,0,2024-04-04T15:21:59Z,2024-04-04T15:21:59Z
UgwkWeL3ai9zpJGZMRV4AaABAg,,False,@cieloquintero4014,i love you doyoung im so proud of you,0,2024-04-04T15:21:58Z,2024-04-04T15:21:58Z
UgzaA28sZzKy3tQ4yCd4AaABAg,,False,@doyoung_721,도영아 좋은 노래 불러줘서 고마워 🥹 수고했어 🥹,0,2024-04-04T15:21:53Z,2024-04-04T15:21:53Z
UgyHk6IuFiGua8ZnORx4AaABAg,,False,@almiradeaa,kim doyoungggg 🥹,0,2024-04-04T15:21:51Z,2024-04-04T15:21:51Z
Ugz8ZL0Cak-L3d_5cN54AaABAg,,False,@anastasiaoktaerisna1610,Konsepnya putra duyung😂,0,2024-04-04T15:21:49Z,2024-04-04T15:21:49Z
UgyzEJDrEERBPQmqNpp4AaABAg,,False,@지나가는사람-j9o,도영이의 청춘을 들을수있어서 너무 감사해😢😢❤❤❤,0,2024-04-04T15:21:48Z,2024-04-04T15:21:48Z
UgwBjOP8rochEqyzrjt4AaABAg,,False,@ringo_jam3,"やばいもう泣きそう😭😭😭😭
これで好きにならない人いるん？？？🥺🥺🥺",0,2024-04-04T15:21:45Z,2024-04-04T15:21:45Z
UgyKL8-uQTWNTVrFdSt4AaABAg,,False,@shipmakja2798,เพราะมากค่ะ,0,2024-04-04T15:21:44Z,2024-04-04T15:21:44Z
Ugxo0NWH8xVzcbG6HsR4AaABAg,,False,@태용이와뚜잉뚜잉,언제나 자랑스러운 도영아 이번 솔로 데뷔 너무 축하하고 대박나자!!,0,2024-04-04T15:21:44Z,2024-04-04T15:21:44Z
Ugx5O3FVAYbww-3iztF4AaABAg,,False,@윤슬-m1c,이게 도영이야 이게 우리 도영이야,0,2024-04-04T15:21:43Z,2024-04-04T15:21:43Z
Ugx7CDlkq8FO3fCUFj54AaABAg,,False,@rteawon5052,Can't wait  doyoung solo ❤❤❤,0,2024-04-04T15:21:43Z,2024-04-04T15:21:43Z
UgwrK7qNYkXIQKBsbJZ4AaABAg,,False,@j.6895,💙💙💙💙💙,0,2024-04-04T15:21:42Z,2024-04-04T15:21:42Z
Ugyi9WQWgA8vokahOcF4AaABAg,,False,@Dn6f,하고싶은거 다 해줘서 고마워. 오늘도 너를 더 알아간당ㅋㅋ 우리도영이 너무 멋있따 개큰감동....❤,0,2024-04-04T15:21:41Z,2024-04-04T15:21:41Z
Ugwu19xXoEBHJ7ykNat4AaABAg,,False,@tobbu201,such a magical intro for a solo debut album!!,2,2024-04-04T15:21:39Z,2024-04-04T15:21:39Z
Ugy0RzJB_-7XjYa4Frl4AaABAg,,False,@Kellyshiii,Lo veo y no lo creo!! que genia so excited for this! :3,0,2024-04-04T15:21:34Z,2024-04-04T15:21:34Z
UgyDZ8zvZHOE2TL5HkB4AaABAg,,False,@indrd,lets goooo doyoung solo era☄️✨,0,2024-04-04T15:21:33Z,2024-04-04T15:21:33Z
UgxB9xtnkR8vFZi5IAd4AaABAg,,False,@JPACTORS,동영아 너의 인생에 있어 청춘을 함께 할 수 있음에 감사해 너의 목소리들로 한 페이지를 채워줘서 고마워,1,2024-04-04T15:21:34Z,2024-04-04T15:21:34Z
Ugw-2TELPJohTQXAjlx4AaABAg,,False,@ployploy2166,Good song 🐰🤍🐰🩵🐰🤍💙,0,2024-04-04T15:21:33Z,2024-04-04T15:21:33Z
UgxUTz-QnIi1B-qIO_l4AaABAg,,False,@user-kv3rf9xu3t,진짜 목소리가 너무 예쁘다...,0,2024-04-04T15:21:31Z,2024-04-04T15:21:31Z
UgyGKklPUqYbu3JJp3t4AaABAg,,False,@김희연-o9x,내가 살아숨쉬는한 우리의 인생은 늘 청춘이야 힘내자!,0,2024-04-04T15:21:29Z,2024-04-04T15:21:29Z
UgwExOmm0jo104YgcPd4AaABAg,,False,@iamherealways,"Doyoung, terimakasih udah nyiapin album yg indah ini...",1,2024-04-04T15:21:26Z,2024-04-04T15:21:26Z
UgyhlYNC-Emj1di6jgp4AaABAg,,False,@downtoearth__,"왜 눈물이 날 것 같지
온전한 도영이의 노래이면서도 인생의 새봄을 기약하는 이들의 노래가 될 것 같아서 너무 벅차오른다..",0,2024-04-04T15:21:24Z,2024-04-04T15:21:55Z
Ugx-PMqg-unQDz52Jst4AaABAg,,False,@Tallyours,"Doyoung, your vocals are really good❤️‍🩹",1,2024-04-04T15:21:23Z,2024-04-04T15:21:23Z
Ugy6Z-cCTp1b4aKn_Ll4AaABAg,,False,@luv127_v.v,"노래 듣자마자 그냥 딱 도영이같았어 
청춘을 노래하는 도영이 사랑해",1,2024-04-04T15:21:22Z,2024-04-04T15:21:22Z
UgwQVsXpnOOHsDqo6lh4AaABAg,,False,@razebaldemor_6t06,MAGNIFICENT,0,2024-04-04T15:21:20Z,2024-04-04T15:21:20Z
UgzPcEmMCaUaea7uzst4AaABAg,,False,@liakim6554,doyoung semua hal tentang kamu itu indah😭💙,0,2024-04-04T15:21:19Z,2024-04-04T15:21:19Z
Ugwbpy1hb1GNNXNsX4x4AaABAg,,False,@은빈-r5s,22일까지 어케 기다려 도영아 진짜 너무 멋있고 사랑한다 언제나 응원해,20,2024-04-04T15:21:19Z,2024-04-04T15:21:19Z
UgzZRjBPtNdtbNg2JXx4AaABAg,,False,@athitiya_dy.9,หูเคลือบทอง ดีมากเลน🥹🥹,0,2024-04-04T15:21:17Z,2024-04-04T15:21:17Z
UgxR3T_Gr4zqt00jXVl4AaABAg,,False,@Dooooyoungbabo,도영이의 색 도영이의 목소리 도영이의 청춘으로 가득한 노래다,0,2024-04-04T15:21:17Z,2024-04-04T15:21:17Z
UgxgOZTX99hy4AnJs6V4AaABAg,,False,@soyum_,"도영아 너는 말하는건 해내는구나...
네가 노래할 청춘은 어떤 빛일지 너무 기대가 돼 노래하는 도영이를 응원해",0,2024-04-04T15:21:16Z,2024-04-04T15:21:16Z
UgzexZ4eQKE-jnsKObV4AaABAg,,False,@ju2157,🥹🥹金道英你是迪士尼王子,0,2024-04-04T15:21:15Z,2024-04-04T15:21:15Z
Ugy_r81xqe0NNyZURc54AaABAg,,False,@nyu__nyu,진짜 느낌왔다 명반의 느낌... 개큰구매요,0,2024-04-04T15:21:11Z,2024-04-04T15:21:11Z
UgwWIWp4z4Bn26r8Jcx4AaABAg,,False,@razebaldemor_6t06,MAGICAL,0,2024-04-04T15:21:07Z,2024-04-04T15:21:07Z
UgwPKsHrkDhJdQqctAF4AaABAg,,False,@엘레나-r5w,"인트로필름 예쁘고 아름답고 찬란하고 벅차오로 미쳤어..ㅠㅠ 도영이가 솔로앨범이 나온다면 청춘을 노래하고 싶다고 말했었는데 진심 '청춘' 그 자체가 담겨있는 앨범인 것 같아
 도영이의 첫 솔로의시작에 함께할 수  있어서 정말 기쁘다ㅠㅜㅠ 도영아 노래해줘서 고마워",0,2024-04-04T15:21:07Z,2024-04-04T15:21:07Z
Ugz9-KWaCe8CQI2X5PR4AaABAg,,False,@user-ip8sp4iw3n,도영이가 꿈꾸던 것들을 이루는 순간에 함께 행복할 수 있어서 고마워🩵🍀,0,2024-04-04T15:21:04Z,2024-04-04T15:21:04Z
Ugw-nDAA8SyA0D4odil4AaABAg,,False,@stefani_05,MA QUANTO SEI STUPENDO DOYOUNGGGGG,0,2024-04-04T15:21:03Z,2024-04-04T15:21:03Z
Ugz8Ejqf0nb-qFJR4pF4AaABAg,,False,@김현주-g2m6u,도영이만의 컨셉을 가지고 나가서 너무 좋다,0,2024-04-04T15:21:03Z,2024-04-04T15:21:03Z
UgzKWF2s8SIClg9Ho2N4AaABAg,,False,@pnc4761,So stunning!,0,2024-04-04T15:21:00Z,2024-04-04T15:21:00Z
Ugxl-7y26g-DR1FDaax4AaABAg,,False,@razebaldemor_6t06,BEAUTIFUL,0,2024-04-04T15:20:58Z,2024-04-04T15:20:58Z
UgyVmYsE0NdqnjPTQ8d4AaABAg,,False,@kimyirori9568,"HE SOO CRAZY OMG OMG
THANK YOU DOYOUNG AND THE TIM WITH OUR SOLOIST DOYOUNG",0,2024-04-04T15:20:57Z,2024-04-04T15:20:57Z
UgylGJMawp9FJF6r2mR4AaABAg,,False,@ghaitsadhiyaulhaqrizal2651,Indah selalu indah sayangg❤❤,3,2024-04-04T15:20:51Z,2024-04-04T15:20:51Z
UgypVGHx7iaYLcLFBpl4AaABAg,,False,@pnc4761,Doyoung's sound is always be my favorite voice🐰🩵,14,2024-04-04T15:20:49Z,2024-04-04T15:20:49Z
UgypVGHx7iaYLcLFBpl4AaABAg.A1oYSOZ-fLJA1oYwohuhUr,UgypVGHx7iaYLcLFBpl4AaABAg,True,@ninasay5693,Me 2❤❤,3,2024-04-04T15:25:07Z,2024-04-04T15:25:07Z
UgwmwNmGuYDZ_ChC91p4AaABAg,,False,@orawanj5586,น้องโดยองเป็นนางเงือก,1,2024-04-04T15:20:49Z,2024-04-04T15:20:49Z
UgwncxFKQvM_ouZX9zx4AaABAg,,False,@florique.,Doyoung be like the little mermaid,1,2024-04-04T15:20:45Z,2024-04-04T15:20:45Z
UgxybZd_tkLBj5bVdit4AaABAg,,False,@elijahadje6702,SO BEAUTIFUL 😭,1,2024-04-04T15:20:45Z,2024-04-04T15:20:45Z
Ugxe0PdZC1cpcgzPTqJ4AaABAg,,False,@irapbri03,Woahhhhhhhhhhh,2,2024-04-04T15:20:44Z,2024-04-04T15:20:44Z
UgxebORANmzVukm8Hbl4AaABAg,,False,@amandon4221,Our youth with Doyoung❤❤❤,2,2024-04-04T15:20:41Z,2024-04-04T15:20:41Z
Ugy-ZkBpqPeaOLNs4TN4AaABAg,,False,@Tallyours,So perfect. Can't wait for it,2,2024-04-04T15:20:41Z,2024-04-04T15:41:46Z
Ugy8yP_lxKwwWQhYnKh4AaABAg,,False,@ghaitsadhiyaulhaqrizal2651,Konsep nya putri duyung ya doy?,2,2024-04-04T15:20:39Z,2024-04-04T15:20:39Z
UgyAOHJ_SAmHtrh6gT14AaABAg,,False,@lla4967,일단은 진짜 동영이가 도영했네 갓뎡!👍🏻,2,2024-04-04T15:20:38Z,2024-04-04T15:20:38Z
UgyISei8L3vEVO9nTut4AaABAg,,False,@eyeamjona,I cannot wait to hear the rest!,1,2024-04-04T15:20:32Z,2024-04-04T15:20:32Z
UgwHWS7-lsc4MWqqQ194AaABAg,,False,@nentystitik1651,Indah,1,2024-04-04T15:20:31Z,2024-04-04T15:20:31Z
Ugy9lW9jneKy0Fr0ne54AaABAg,,False,@aydana0201,Как спокойно и хорошо смотреть и слушать альбом Доена ♡,1,2024-04-04T15:20:28Z,2024-04-04T15:20:28Z
Ugy8o2-uWA9zTqcnyKx4AaABAg,,False,@florique.,This is soooo pretty,1,2024-04-04T15:20:28Z,2024-04-04T15:20:28Z
UgzlUmWWdazTqKU5Qet4AaABAg,,False,@HyukNamjoo-yn7ly,J'❤️❤️❤️❤️🥰,1,2024-04-04T15:20:25Z,2024-04-04T15:20:25Z
UgxZeyjUP9dOFJsgFPF4AaABAg,,False,@nabilapuspita7726,완전 기대된다 도영이 화이팅,7,2024-04-04T15:20:23Z,2024-04-04T15:20:23Z
Ugwl28OXut3_V7KAIZR4AaABAg,,False,@cutieppattie,으아악,1,2024-04-04T15:20:22Z,2024-04-04T15:20:22Z
UgyY8A2cPKLwfH82bDt4AaABAg,,False,@do0ppu,Our Soloist Kim Doyoung,2,2024-04-04T15:20:20Z,2024-04-04T15:20:20Z
UgwpZw76FTJ0DCJTNkd4AaABAg,,False,@iiitendo,بكييييتتتتت,1,2024-04-04T15:20:15Z,2024-04-04T15:20:15Z
UgyvAGO5TA1WPEg9R6x4AaABAg,,False,@ForKDY,"So beautiful, Doyoung",1,2024-04-04T15:20:15Z,2024-04-04T15:20:15Z
UgxR8GjQgD8wPqCFGuh4AaABAg,,False,@fizzyyfuzzy,Woahh this is so beautiful! I feel very emotional. I'm so excited for the album! 김도영 화이팅! 🥺💚,3,2024-04-04T15:20:13Z,2024-04-04T15:28:18Z
UgwM47xfs9cLYzkb6ap4AaABAg,,False,@YEALIMPARK-h4y,꿈이 음정과 박자의 형태로 들릴 수 있다면 바로 이 노래가 되지 않을까 싶다. 도영아 네 꿈은 정말 아름다워 !,2,2024-04-04T15:20:12Z,2024-04-04T15:20:12Z
UgzgDlNgAc9X_009IWF4AaABAg,,False,@richranya,"Look like Kim Doyoung identity, I can’t wait 😭",1,2024-04-04T15:20:10Z,2024-04-04T15:20:10Z
Ugx0aj83OM3rD-6Uq2t4AaABAg,,False,@jhd0_lovely,도영아 네가 내 댓글을 볼 수 있을지 모르겠지만 이건 정말 놀라웠어! 나는 네가 정말 자랑스럽고 항상 너를 영원히 지지할 거양~~~ 함께 좋은 추억을 가지자아앙🩵,1,2024-04-04T15:20:08Z,2024-04-04T15:20:08Z
UgxMNLrBH3m1WMJwEV14AaABAg,,False,@iiitendo,It's amazing  😭😭😭😭😭😭😭😭😭,1,2024-04-04T15:20:08Z,2024-04-04T15:20:08Z
UgxCKyIMxiNkYbBtIUp4AaABAg,,False,@LisohLee,DOYOUNG SO BEAUTIFUL 💙,1,2024-04-04T15:20:07Z,2024-04-04T15:20:07Z
UgxLCyqCs9jT1G904mB4AaABAg,,False,@luthfatulhashinah3234,"i got goosebumps by wathcing this and listening doyoung's voice, it sounds so magical",10,2024-04-04T15:20:06Z,2024-04-04T15:20:06Z
UgzzF-ccTPj8nFaQ1RB4AaABAg,,False,@아니그래가쥬구,으아 벌써 좋은데 ㅠㅠㅠ,1,2024-04-04T15:20:04Z,2024-04-04T15:20:04Z
UgywsdiyqvklBCwpMPJ4AaABAg,,False,@rmg0-589,이게내 디즈니야.... 이게내 청춘만화야 아니 노래 왤케좋아 청춘그자체자너..... 영상도 넘이쁜데..?,2955,2024-04-04T15:20:03Z,2024-04-04T15:20:03Z
UgywsdiyqvklBCwpMPJ4AaABAg.A1oYMlu_bsMA1qw5uF8lIX,UgywsdiyqvklBCwpMPJ4AaABAg,True,@mintysherbet,그치...정말미쳤다ㅠㅠ,21,2024-04-05T13:34:41Z,2024-04-05T13:34:41Z
UgywsdiyqvklBCwpMPJ4AaABAg.A1oYMlu_bsMA1rLSDaXcPl,UgywsdiyqvklBCwpMPJ4AaABAg,True,@Chandalye,Eso mismo pensé,8,2024-04-05T17:24:55Z,2024-04-05T17:24:55Z
UgywsdiyqvklBCwpMPJ4AaABAg.A1oYMlu_bsMA28jPKvTAUi,UgywsdiyqvklBCwpMPJ4AaABAg,True,@아자처커,미첫어 일등가수 하자 도영아,8,2024-04-12T20:49:19Z,2024-04-12T20:49:19Z
UgywsdiyqvklBCwpMPJ4AaABAg.A1oYMlu_bsMA29yPCzFfAl,UgywsdiyqvklBCwpMPJ4AaABAg,True,@pinchenzeng1207,This is a real little mermaid,4,2024-04-13T08:19:36Z,2024-04-13T08:19:36Z
UgywsdiyqvklBCwpMPJ4AaABAg.A1oYMlu_bsMA2V6OYAQSVA,UgywsdiyqvklBCwpMPJ4AaABAg,True,@labbit4341,이게 도영이만의 청춘만을 노래한게 아니라 도영이의 청춘을 같이 보내왔던 시즈니들과 멤버들에게도 노래하는 느낌이라 감동..,4,2024-04-21T13:22:13Z,2024-04-21T13:22:13Z
UgzLZQhCD_M4I1hntit4AaABAg,,False,@ぬいーちゃん,"너무 기대 돼😭😭
일본에서 응원할게!!🤧💘
울 도영이가 앞으로도 항상 평생 행복 했으면 저도 행복해요😭😭🥰💗
I luv you!!!!!!!",1,2024-04-04T15:20:03Z,2024-04-04T15:20:03Z
UgyFLA77Ydny_6ZkdOx4AaABAg,,False,@kimyirori9568,WE PROUD OUR DOYOUNG,1,2024-04-04T15:20:02Z,2024-04-04T15:20:02Z
Ugz-PR7ql6Bb0BUGMvl4AaABAg,,False,@do_001,"I can't  stop to watch this vidio, so beauty",1,2024-04-04T15:19:59Z,2024-04-04T15:19:59Z
UgxQsXYbVgOUuKnCLeV4AaABAg,,False,@cakekh1699,ยิ่งฟังยิ่งภุมิใจที่ได้เกิดเปนโดปุ❤,2,2024-04-04T15:19:56Z,2024-04-04T15:19:56Z
Ugz1z_f00hz-Ld37L054AaABAg,,False,@khasyiratulqutsiyah306,김도영..🥹🥹🥹 나 좋아ㅏㅏㅏㅏㅏ... 짱 🙌🏻,1,2024-04-04T15:19:51Z,2024-04-04T15:19:51Z
Ugxp6scMO4PeNt5Z6mJ4AaABAg,,False,@nominolraeljeffreydoe3238,คนสวย อุนแม่รอนะคะ🤟🏻🤟🏻🤟🏻,1,2024-04-04T15:19:50Z,2024-04-04T15:19:50Z
UgwAM4al3kx8F94gEBR4AaABAg,,False,@dheaamanda8944,kapan sih doyoung ga keren😭😭😭 nangis bangetttttt doyoung😭😭😭🫶🏻,2,2024-04-04T15:19:50Z,2024-04-04T15:19:50Z
Ugzck_wgt_bSEWznFVF4AaABAg,,False,@tye.u4264,🎉❤,1,2024-04-04T15:19:49Z,2024-04-04T15:19:49Z
Ugy11o6m0CvRJHvikZp4AaABAg,,False,@kimyirori9568,KEREN BANGET SIH DOYOUNG,2,2024-04-04T15:19:46Z,2024-04-04T15:19:46Z
UgxnHv1grAY5Qp_d-zx4AaABAg,,False,@mintahepeng,vocal king !!!!!!! cant wait for the full albummm💙💙💙,2,2024-04-04T15:19:45Z,2024-04-04T15:19:45Z
UgwrVIQHsM5rgWQ6Ti14AaABAg,,False,@밀-m5n,도영아 너의 목소리는 항상 날 울려 청춘을 노래하는 도영아 노래해 줘서 고마워,16,2024-04-04T15:19:45Z,2024-04-04T15:19:45Z
Ugw3qGIzaW-cm_31oTR4AaABAg,,False,@fitriyatushshalihah5075,"So magical, can't waittttt",1,2024-04-04T15:19:41Z,2024-04-04T15:19:41Z
Ugz1SoHQz7Tj8fAK8Z54AaABAg,,False,@alfiahlifikriyah474,INDAH BANGET INDAH BANGET BANGET BANGET KIM DOYOUNG KAMU INDAH BANGET,1,2024-04-04T15:19:41Z,2024-04-04T15:19:41Z
Ugx24eaz9OFduoyRwFV4AaABAg,,False,@naimahatdika6844,Seindah itu doyoung 😭,1,2024-04-04T15:19:37Z,2024-04-04T15:19:37Z
Ugx4fte-5-r9X_OhVrZ4AaABAg,,False,@remo8oe,애니 한편 뚝딱인데요?,1,2024-04-04T15:19:37Z,2024-04-04T15:19:37Z
UgzPRAoJ6nCbXUrB1x94AaABAg,,False,@宝丽-c6h,It’s so Doyoung I don’t know how to explain it,1,2024-04-04T15:19:37Z,2024-04-04T15:19:37Z
UgwrIurEcP431FaYY7N4AaABAg,,False,@Shree0410,The intro film is too good... We have Doyoung and nature with us 🥰💚 The vocals + The visuals + The film + The feeling of freeness is well delivered and it makes me want to see this solo album as soon as possible 😌💚💚,0,2024-04-04T15:19:36Z,2024-04-04T15:19:36Z
UgzbwssjowktnT4NAuR4AaABAg,,False,@charrybeom,ออกเเนวดิสนีย์มาก🩵,0,2024-04-04T15:19:34Z,2024-04-08T13:36:37Z
UgxgCroUArlw8y9heMZ4AaABAg,,False,@marwiyahwael4309,cryingggg so beautyful,0,2024-04-04T15:19:32Z,2024-04-04T15:19:32Z
UgzFG5JkCWsoLIFll5x4AaABAg,,False,@kimyirori9568,NGGAK SIA SIA SEBAGIS IIIII UYYYYY KEREN ANGEN SIHH OUR SOLOIST KIM DOYOUNG,0,2024-04-04T15:19:32Z,2024-04-04T15:19:32Z
UgwIYyUpATvCaCkrlVx4AaABAg,,False,@do_2116,22일 언제돼!!!!!! 김도영!!!!!!!!!!!!! 디즈니스러운 뮤지컬 한 장면을 보는거 같았어...........,6,2024-04-04T15:19:31Z,2024-04-07T11:57:43Z
UgxE5a0Gl5CurBtyUm54AaABAg,,False,@dotenny1855,So amazing,1,2024-04-04T15:19:30Z,2024-04-04T15:19:30Z
UgzJERlewyN_38Qa9EJ4AaABAg,,False,@도뿌-j6e,고마워 도영아,1,2024-04-04T15:19:29Z,2024-04-04T15:19:29Z
UgzMgLPCmqqCKNEez214AaABAg,,False,@rina5384,the way this suits him it’s perfect…. i can’t wait…… this is literally him oh god,0,2024-04-04T15:19:27Z,2024-04-04T15:19:27Z
Ugx_MEMxFjn6RbjxlDp4AaABAg,,False,@mingd_c,"그냥 앨범이 김도영일거같아서 도영이가 하고싶은 음악 하는거 같아서 너무 멋지고 계속 무한 응원만 해주고싶다. 1분짜리에 벅차고 감동적이고 설레고 희망적이고 그냥 긍정적인 모먼트가 다 담겨있다,,, 묵묵하게 준비해오더니 이런 멋진걸 가져온 도영이..진짜 기특하고 대단해ㅠㅜ",1,2024-04-04T15:19:28Z,2024-04-04T15:19:28Z
UgwoWJLwjRcOpDqiiO94AaABAg,,False,@opalchaisatiansup197,i can’t wait to listen the whole album,0,2024-04-04T15:19:21Z,2024-04-04T15:19:21Z
UgxVQHn7_EkxZ4mjgaZ4AaABAg,,False,@chiosupatsara3794,Finally!!!! DOLO is DOYONG🎉,0,2024-04-04T15:19:14Z,2024-04-04T15:19:14Z
UgyzaBcRal9hdols5Pl4AaABAg,,False,@우히힛-b1l,도영아 이번 앨범 너무 기대된다! 항상 청춘을 노래하는 네가 정말 반짝인다는것만 알아줘 노래해줘서 고마워💙,0,2024-04-04T15:19:11Z,2024-04-04T15:19:11Z
UgxmNttmahynk1W8H_x4AaABAg,,False,@carlapaiva3368,Que coisa mais linda meu Dodô.❤,0,2024-04-04T15:19:10Z,2024-04-04T15:19:10Z
UgyXxsLY37WTVNytn6h4AaABAg,,False,@宝丽-c6h,Sooo cool,0,2024-04-04T15:19:08Z,2024-04-04T15:19:08Z
Ugyy2ihhb-DAf6sEeVF4AaABAg,,False,@doyieefans__3708,너무 아름다워 도영아,0,2024-04-04T15:19:08Z,2024-04-04T15:19:08Z
UgzgPim0_aSCNl3bTm54AaABAg,,False,@blefanfan1980,นี่ค่ะ นะคะ เยี่ยม เยี่ยม เยี่ยมค่ะ👍🏻,0,2024-04-04T15:19:04Z,2024-04-04T15:19:04Z
Ugz0WR-MNCVU2kIkeLp4AaABAg,,False,@쮸빕-x7n,도영이 노래라면 다 좋아 근데 이건 진짜 대박이다 찢었다걍ㅜㅜ 도영이 팬이라서 너무 행복해ㅠㅠㅠㅠㅠㅠㅠ,0,2024-04-04T15:19:01Z,2024-04-04T15:19:01Z
UgwwTdoarTMXrhA5HhZ4AaABAg,,False,@kimyirori9568,OMG OMG OMG OMG OMG KIM DOYOUNG,0,2024-04-04T15:19:01Z,2024-04-04T15:19:01Z
Ugy7-GA_IGUO8ngoq6F4AaABAg,,False,@kkung-ya,노래를 좋아하고 사랑하고 더더더 잘하려고 하는 사람이 만든 앨범이 너무 궁금해진다 🥹 기대할게 도영아,11,2024-04-04T15:19:00Z,2024-04-04T15:19:07Z
UgwDwJ1dopFzUGFumiR4AaABAg,,False,@mlsgtang,"I waited a long time for this, it really suits for u👍💚🥹",0,2024-04-04T15:18:59Z,2024-04-04T15:18:59Z
Ugwjuyd6rpSGzzOvLFh4AaABAg,,False,@opalchaisatiansup197,the production looks amazing🔥,0,2024-04-04T15:18:58Z,2024-04-04T15:18:58Z
Ugx7qllsibRdF3a8QBB4AaABAg,,False,@GessiAndristaPutri,멋지다 김도영!!!!!! ㅜㅜ,1,2024-04-04T15:18:55Z,2024-04-04T15:18:55Z
Ugx84Z30MtuA_LyPIwt4AaABAg,,False,@도베르만-g4c,울음나,0,2024-04-04T15:18:54Z,2024-04-04T15:18:54Z
UgxeaFB463KtnYYJl8F4AaABAg,,False,@yyc-t4y,🫶🏻🫶🏻🫶🏻🫶🏻,0,2024-04-04T15:18:54Z,2024-04-04T15:18:54Z
Ugx1daczmITDrazEh594AaABAg,,False,@jallyyys,미쳤어진짜 ..어떡하면좋아 너무 잘될거같애,0,2024-04-04T15:18:53Z,2024-04-04T15:18:53Z
UgzEysrPy7tOy3GwuQt4AaABAg,,False,@眠ちゃん-z7f,この時代に生まれて、ドヨンの歌声を聞ける人生でよかったと思うよ  ありがとう‥‥ありがとう‥‥,0,2024-04-04T15:18:50Z,2024-04-04T15:18:50Z
UgyowP7G-tX7WjopLth4AaABAg,,False,@어쩌라고-f9x,도영이가 부르는 모든 노래를 사랑해,0,2024-04-04T15:18:50Z,2024-04-04T15:18:50Z
UgxUCSolbaKsgJez4uZ4AaABAg,,False,@안졸리나젤리-d3r,아 눈물나 너무 좋아,0,2024-04-04T15:18:49Z,2024-04-04T15:18:49Z
UgzrNiwtbz-mjz7KqRl4AaABAg,,False,@na078_,SOTY SOTY SOTY SOTY SOTY,0,2024-04-04T15:18:45Z,2024-04-04T15:18:45Z
UgxcMsI22CH_rMmXrSZ4AaABAg,,False,@k.sirinan3615,The world will be brighter because of ...Doyoung🩵💙🌊😭😭😭,0,2024-04-04T15:18:34Z,2024-04-04T15:18:34Z
UgxtEEzHK_PjDcI8i7l4AaABAg,,False,@蓑口智美,"봄에 진짜 잘어울리겠다
목소리도 너무 이쁘고 노래도 벌써 좋음",18,2024-04-04T15:18:34Z,2024-04-04T15:18:34Z
Ugxlt1m7o8f2HV5ZA9h4AaABAg,,False,@p0sie_kr,This will be the masterpiece,0,2024-04-04T15:18:33Z,2024-04-04T15:18:33Z
Ugx6Ak815Ls4kPRrvUV4AaABAg,,False,@iMaHae5,Parece película de Disney. 😭😭😭😭😭😭,0,2024-04-04T15:18:28Z,2024-04-04T15:18:28Z
Ugwgwaea89b6YTiFelN4AaABAg,,False,@Kamaliah-yl4gv,So doyoung coded,0,2024-04-04T15:18:24Z,2024-04-04T15:18:24Z
UgykmxmGi2FNl1qzigJ4AaABAg,,False,@bjy5011,so beautiful voice😢,0,2024-04-04T15:18:24Z,2024-04-04T15:18:24Z
UgxlREZSy90fAD2YlMl4AaABAg,,False,@jajasaleford,Order Now ❤🎉,0,2024-04-04T15:18:24Z,2024-04-04T15:18:24Z
UgzB5T5zO3XmX8iX_dB4AaABAg,,False,@atikaahan,"His voice with the beautiful melody, its so magical ✨",0,2024-04-04T15:18:18Z,2024-04-04T15:18:18Z
Ugzwvc9nsyY2O33ztVF4AaABAg,,False,@solbeom8260,❤❤❤❤ AMAZING ❤❤❤❤❤,0,2024-04-04T15:18:17Z,2024-04-04T15:18:17Z
Ugw1mZtRgpP3LDk48_p4AaABAg,,False,@p0sie_kr,สวยมากกก เจ้าหญิงสุดดด,0,2024-04-04T15:18:16Z,2024-04-04T15:18:16Z
Ugyocm_UtgiEgPvFBFB4AaABAg,,False,@jjntw_r2283,ดีมากกกก,0,2024-04-04T15:18:14Z,2024-04-04T15:18:14Z
UgwMaqbO4mMxwG_v6Ax4AaABAg,,False,@na078_,MAIS UM SOLO DO ANO!!!,0,2024-04-04T15:18:13Z,2024-04-04T15:18:13Z
UgxsSt_XmPHlOyndUs94AaABAg,,False,@haecha214,도영아 기대된다 너무 좋다 벌써💚,0,2024-04-04T15:18:08Z,2024-04-04T15:18:08Z
UgzG-dc9DqXP5sO6eDR4AaABAg,,False,@Karunjj,ทะเลนั้นคือน้ำตาของฉันเองTT โดยองสุดยอดดดดด,1,2024-04-04T15:18:05Z,2024-04-04T15:18:05Z
UgzWUh5mu85mL-R_BP54AaABAg,,False,@do_001,"beautiful and so dreamy, can't wait to get the mc",0,2024-04-04T15:18:03Z,2024-04-04T15:18:03Z
Ugye119-Xr3C3PfzP914AaABAg,,False,@rinahasnudin,Seriously doyoung? Why are you so good,0,2024-04-04T15:18:01Z,2024-04-04T15:18:01Z
UgwUL--J23tkH3OC6Y14AaABAg,,False,@또잉-b4o,왜 매번 내가 힘들때 내앞에 나타나주는거야ㅠㅠㅠㅠㅠㅠㅠㅠ 진짜 나한테 없어서는 안될존재인가봐…😖😢 다시한번 화이팅해볼게유….🙂,0,2024-04-04T15:17:59Z,2024-04-04T15:18:21Z
UgxGt7ySJJ-FhLfZzrt4AaABAg,,False,@leeyou_Do00201,전주 들으면서 이미 벅차고 기분 이상했는데 도영이 목소리 나오자마자 진짜 너무 벅차서 눈물이 막 날 거 같아 온 세상을 가득 벅차게 노래할 거야라니... 진짜 김도영 그 자체다.. 1분밖에 안 들었는데도 심장이 고장난 것처럼 쿵쿵거리는데 다 나오면 나 어떡하지 진짜????,0,2024-04-04T15:17:59Z,2024-04-04T15:17:59Z
UgyS7EW8hLka4g9wIbx4AaABAg,,False,@jjangda201,너가 내 청춘이고 바다야🩵,0,2024-04-04T15:17:58Z,2024-04-04T15:17:58Z
UgznAgQabAq6u2AG0yJ4AaABAg,,False,@yryr_x,"너무 예쁘다 도영아..,,, 영원히 노래해줘",0,2024-04-04T15:17:55Z,2024-04-04T15:17:55Z
UgwBtmQPmGBekJwzCU54AaABAg,,False,@angeliquekann,The is so beautiful,0,2024-04-04T15:17:51Z,2024-04-04T15:17:51Z
Ugwe2eDUvqZ9WFmnyyh4AaABAg,,False,@na078_,QUE VOZZZZZ,0,2024-04-04T15:17:51Z,2024-04-04T15:17:51Z
UgzA-flViFAsZqg8ynp4AaABAg,,False,@eve-psyche_doyoungwife,눈물이 막 나... 청춘을 노래하겠다던 도영이 노래는 거짓말 않는다던 도영이 오래오래 노래하겠다던 우리 도영이 첫 솔로 데뷔 너무 축하!,0,2024-04-04T15:17:51Z,2024-04-04T15:17:51Z
Ugy0hUSRz8T6Q112qfh4AaABAg,,False,@finimareta1986,Terhipnotis suara mu abang doy 💚💚💚🫶🏻,0,2024-04-04T15:17:50Z,2024-04-04T15:17:50Z
UgwrlC5SSFZpv8r5f9R4AaABAg,,False,@mnm-7u,그냥 눈물이 막 남ㅠㅠ,2,2024-04-04T15:17:40Z,2024-04-04T15:17:40Z
Ugwebu_-Rxiqp4tDiWx4AaABAg,,False,@Kami656,this album will make me cry i know it,0,2024-04-04T15:17:39Z,2024-04-04T15:17:39Z
Ugyye4EwTJOAZ3kGNhp4AaABAg,,False,@ydcse1726,เพราะสุบๆ😭🩵🤲,0,2024-04-04T15:17:38Z,2024-04-04T15:17:38Z
UgyjPtmnxVGbzK_pK4J4AaABAg,,False,@na078_,Doyoung é tão preciosinho 😭😭😭😭  EU TE AMO DOY!!!!,0,2024-04-04T15:17:36Z,2024-04-04T15:17:36Z
UgwZOgzkQ36BIqbvk1V4AaABAg,,False,@Dn6f,도영이는 고집이라고 말했지만 도영이의 음악에 대한 진심을 응원해💚 매사에 너무 진심이라고 했던 도영아 나도 진심으로 너의 노래를 들을게 사랑해🩵,0,2024-04-04T15:17:34Z,2024-04-04T15:17:34Z
UgzVVkG-Tee17BGaVeF4AaABAg,,False,@냥-s7c,도영이 너다운 아름다운 앨범이야.... 벅차오름,0,2024-04-04T15:17:31Z,2024-04-04T15:17:31Z
UgzKx2zCfWVZmlRLn7l4AaABAg,,False,@noturc__hue,"참으로 완벽한 영상, 참으로 완벽한 노래, 참으로 완벽한 목소리, 참으로 완벽한 비주얼까지… 완벽하다는 말의 의미가 이 영상안에 들어가 있구나.",0,2024-04-04T15:17:30Z,2024-04-04T15:17:30Z
UgxQ54KkPxKi9UaBwEV4AaABAg,,False,@AndiNurhalishah,"It's so beautiful. You're so cool, baby. We like it",0,2024-04-04T15:17:27Z,2024-04-04T15:17:27Z
UgzDLsctb1TqxOFUr-l4AaABAg,,False,@남예림-l3l,너와 청춘을 함께 지낼 수 있음에 감사해 너가 걷는 길이 꽃길 이길 사랑해,0,2024-04-04T15:17:27Z,2024-04-04T15:17:27Z
UgxRGXeBGiq86tespJd4AaABAg,,False,@obok2_zeus,너무 예뻐.... 너무 김도영같은 앨범이라 좋아,9,2024-04-04T15:17:26Z,2024-04-04T15:17:26Z
UgyaljWo3oLUASPDEwx4AaABAg,,False,@kkung-ya,“도영” 그 자체,0,2024-04-04T15:17:26Z,2024-04-04T15:17:26Z
UgwXosv9S4f7qX5fTOB4AaABAg,,False,@n83._s9y,"정말 솔로 나와 주셔서 감사합니다.
MV가 나올 때까지 100 주 정도 보자
지금 3주 버렸어🥹🫶🏻
이것을 듣고있을 때 귀가 화려한 느낌(？) 전해짐",0,2024-04-04T15:17:24Z,2024-04-04T15:17:24Z
Ugyp-DR88Aa85lEp9e14AaABAg,,False,@channe9600,A masterpiece,0,2024-04-04T15:17:21Z,2024-04-04T15:17:21Z
UgyZCcLq049eBnuu2ox4AaABAg,,False,@yspjkqo_000,"아ㅏㅏㅏ 어쩌지 너무 좋아!!!!!
어제 제목와 사진 봤을 때도 너무 도영이스러운 느낌을 느꼈는데 이 영상보고 노래 듣고 확신했어…진짜 좋아",0,2024-04-04T15:17:18Z,2024-04-04T15:17:18Z
UgyhLgNZYPXtJYwP5Eh4AaABAg,,False,@pierrrr9195,🥹🥹🥹🎀💖,0,2024-04-04T15:17:18Z,2024-04-04T15:17:18Z
Ugz93aILbBScsgCaY1d4AaABAg,,False,@acarmemcita,Te amo Doyoung pequena sereia,0,2024-04-04T15:17:15Z,2024-04-04T15:17:15Z
UgwQn3YGo1CU9twjdFF4AaABAg,,False,@user_water,도영이 목소리 듣자마자 진짜 벅참이 느껴져서 나도 모르게 눈물 흘림 ... 도영아 사랑해 💚,0,2024-04-04T15:17:15Z,2024-04-04T15:17:15Z
UgwLJFRr3gNt2DXwUEJ4AaABAg,,False,@SeokMatthew-mb2sj,Doyoung you're so beautiful,0,2024-04-04T15:17:15Z,2024-04-04T15:17:15Z
UgyEt2ZAD5H-lD_pCmZ4AaABAg,,False,@pattvarinst,Can't wait for this album ❤,0,2024-04-04T15:17:14Z,2024-04-04T15:17:14Z
Ugy515vZotrPcHU3QDd4AaABAg,,False,@arkive1663,아름답고 찬란하고 경이롭고 감동적이고 울컥하고 신비롭고 도영아아아…진짜 너는 항상 우리에게 선물같아🥲,0,2024-04-04T15:17:04Z,2024-04-04T15:17:04Z
UgwARkCKA33jbd5ShY94AaABAg,,False,@user-rq8gm7mf9r,👏👏👏👏👏👏,0,2024-04-04T15:17:02Z,2024-04-04T15:17:02Z
Ugzad9Yq5k5j1tbegjZ4AaABAg,,False,@GinGry-m8x,THIS MASTERPIECE 😭👍🏻💙✨,0,2024-04-04T15:17:00Z,2024-04-04T15:17:00Z
UgzRCPVi1WDhYncBqTd4AaABAg,,False,@OuO-o1o7,"시작 부분부터 뭐랄까 정말 ''청춘이라는 걸 표현한다면 이런 거구나''라는 느낌이 확 와닿았어 동영이만의 색감이 또렷하게 나타나서 너무 좋다 
진심으로 언제나 동영이의 청춘을 열원해",0,2024-04-04T15:16:58Z,2024-04-04T15:35:40Z
UgzFO3rfYMbmdACMPkl4AaABAg,,False,@deluxeroom0423,김도영 대통령 시키자,0,2024-04-04T15:16:57Z,2024-04-04T15:16:57Z
Ugy0x3hNtvdWCAXKjJV4AaABAg,,False,@yuno_that,도영이라서 할 수 있는 노래와 가사 같다 도영이답다 멋지다!!!,0,2024-04-04T15:16:53Z,2024-04-04T15:16:53Z
UgziRhKnLDJjoLs98Rd4AaABAg,,False,@eemqerr,道英声音冲出来的一瞬间 眼泪好像真的出来了😭,0,2024-04-04T15:16:52Z,2024-04-04T15:16:52Z
UgyWYK6mZyt6jAG5gV54AaABAg,,False,@hyeokiyomi,진짜 너무 아름답다.. 내 청춘에 도영이가 있어줘서 너무 고마워,0,2024-04-04T15:16:48Z,2024-04-04T15:16:48Z
Ugw8yR9PzFdCrMFMyrd4AaABAg,,False,@mnm-7u,도영이가 말하는 청춘을 들을 수 있어서 너무 행복해 사랑해 도영아🩵,1,2024-04-04T15:16:47Z,2024-04-04T15:16:47Z
Ugy-E2iyszHS5zs5Cxt4AaABAg,,False,@ssjinnn,DOYOUNG THIS IS ALREADY SO GOOD I’M CRYING,1,2024-04-04T15:16:47Z,2024-04-04T15:16:47Z
UgzVf8lYshnsu7DJk9J4AaABAg,,False,@amelkarmi357,Wow,0,2024-04-04T15:16:43Z,2024-04-04T15:16:43Z
UgxGQwAUzwpAk-2wzqN4AaABAg,,False,@do0_vx,道英的声音真的是宝物🥺特别特别伟大的一支影片,0,2024-04-04T15:16:42Z,2024-04-04T15:16:42Z
Ugx0XJgiYEdxkqqbnhV4AaABAg,,False,@bubblegummyyou,This is so beautiful 🩵,0,2024-04-04T15:16:41Z,2024-04-04T15:16:41Z
UgzOyNJyuoWwdKWvJBt4AaABAg,,False,@nadiahseptiana3559,semangaat ayaaang💙,0,2024-04-04T15:16:40Z,2024-04-04T15:16:40Z
UgxDDIUKpjPhb9Ayd_54AaABAg,,False,@도잉-v1t,도영아 너무 좋다 ❤️,1,2024-04-04T15:16:31Z,2024-04-04T15:16:31Z
Ugzt0EocrTL3fghBBzB4AaABAg,,False,@bii26_,you definitely can’t deny how great he is 🐰✨👍💖🥰,1,2024-04-04T15:16:31Z,2024-04-04T15:16:31Z
Ugxo8E7UFdbKuWFuoj94AaABAg,,False,@장채은-j8d,"늘 도영이가 부르는 모든노래로 위로받았는데 10곡모두 도영이의 목소리로 꽉꽉 채운 앨범이 나온다는것 자체가 너무나 고맙고 기특해 이렇게 짧은 몇소절만 들었는데도 너무 좋다 
세상 그 무엇보다도 위로가되는 도영다운 음악으로 찾아와줘서 고마워  도영이의 진심이 꾹꾹 담긴 첫 솔로앨범 누구보다 응원할게 오늘도 사랑해 우리토끼왕자도영이🍀💗",1,2024-04-04T15:16:31Z,2024-04-04T15:16:31Z
UgyTHVgwrO9DzjZ1xkV4AaABAg,,False,@iniusergabut,doyoung ❤,1,2024-04-04T15:16:31Z,2024-04-04T15:16:31Z
UgwmKYX1HEjJCGEgP4F4AaABAg,,False,@seialibria9119,"So beautiful. I'm crying huaaaa.
Doyoung fighting!! 💙💙",2,2024-04-04T15:16:31Z,2024-04-04T15:16:31Z
UgzUvPjVtBkb88l4ri54AaABAg,,False,@iniusergabut,doyoung ❤,1,2024-04-04T15:16:28Z,2024-04-04T15:16:28Z
UgxlMrZ-fgPkyq0hRw94AaABAg,,False,@yoon201,도영아 진짜 너 다워,1,2024-04-04T15:16:27Z,2024-04-04T15:16:27Z
Ugx0O_6jYFTfoIWm0AB4AaABAg,,False,@Heydn127,너무 멋지다 도영아... 새봄의 노래라니,1,2024-04-04T15:16:25Z,2024-04-04T15:16:25Z
UgwXVHbPW1Iu8EnOweV4AaABAg,,False,@m_7218,Doyoungs solo is the solo that ive been most excited for and this just proved that its going to be perfect his voice and his sense of what he wants to do musically has always wowed me IM SO EXCITED TO FEEL THE FEELSSS,25,2024-04-04T15:16:24Z,2024-04-04T15:16:42Z
UgwXVHbPW1Iu8EnOweV4AaABAg.A1oXwyw1hGfA1p5A2B9HyF,UgwXVHbPW1Iu8EnOweV4AaABAg,True,@timibrown3931,"I think the waterworks are going to be on for me.... I can already feel it. Doyoung is my Fav. Beautiful person, Beautiful voice.",3,2024-04-04T20:24:09Z,2024-04-04T20:24:09Z
Ugz_TtV8O925i6G4HSZ4AaABAg,,False,@Hyuna0201,도영이 노래에 담긴 진심이 이 곡을 들을 모두에게 전달되기를..,2,2024-04-04T15:16:23Z,2024-04-04T15:16:23Z
UgxjeuZA52WNHVVXG1p4AaABAg,,False,@Yuweezz,ว้าววววววววววววววววว😭,0,2024-04-04T15:16:14Z,2024-04-04T15:16:14Z
UgyZ8WM2jX9mCXqtHIN4AaABAg,,False,@phamlinhchi2428,Love,0,2024-04-04T15:16:14Z,2024-04-04T15:16:14Z
UgyQffavLnEnGxv3Zk54AaABAg,,False,@rifaumami6631,Kereeen,0,2024-04-04T15:16:12Z,2024-04-04T15:16:12Z
UgwGWRjSuWk0XA-NpZ94AaABAg,,False,@user-oe5ys7bb3v,ああ猛烈に会いたい大好きドヨン明日からどうやって生きようか😭😭😭😭,0,2024-04-04T15:16:10Z,2024-04-04T15:16:10Z
UgysSTTO9s0qG6y1SEt4AaABAg,,False,@-v-zzZ,"저 우주를 함께 날아갈 거야
온 세상을 가득 벅차게 노래할 거야
그 노랠 타고서 내가 꿈꿔왔던
그곳에서 만나 너에게 새봄의 노래를

🥹🥹🥹 어쩜 이렇게 도영이 다운 가사를 부를 수가.... 나 김도영 단독 콘서트가 너무너무 기대되는데 어떡하냐......ㅠ 넌 천재야 김도영",0,2024-04-04T15:16:06Z,2024-04-04T15:16:06Z
UgwBH4S9BQZnP8b16oh4AaABAg,,False,@nanahayakawa8214,KIM DOYOUNG YOU ARE SO AMAZING. I'M CRIYINGGG IT'S SOOO PRETTYY,3,2024-04-04T15:16:04Z,2024-04-04T15:16:04Z
UgwDf8RlZpKRON8BLR54AaABAg,,False,@aaachan4663,ポカリスエットのCMにしか見えない笑　さわやかすぎていい声すぎて疲れた時に聞いたら涙出そう,0,2024-04-04T15:16:03Z,2024-04-04T15:16:03Z
Ugz7DgdIZAAz2hNGUwl4AaABAg,,False,@김동영-d4y4x,그냥 도영이 그 자체라서 너무 좋다. 도영아 너가 하고 싶은 음악 앞으로도 오래오래 마음껏 해줘. 난 오래오래 응원할게!,0,2024-04-04T15:16:03Z,2024-04-04T15:16:03Z
UgyiGahsWwsDUbeOBUB4AaABAg,,False,@btnew3078,🩵🫶🏻,0,2024-04-04T15:16:03Z,2024-04-04T15:16:03Z
UgwOCHdlNDaxjCaVuNB4AaABAg,,False,@0nim810,너무 좋다 도영아 벅차오르는 기분이 드는 좋은 노래야🩵,0,2024-04-04T15:16:01Z,2024-04-04T15:16:08Z
UgyXZX0_Dtuj0j3CNtR4AaABAg,,False,@yuno1286,初めに見た時ディズニー映画でも始まるのかと思った笑！どよちだけにしか出せないこの壮大さと雰囲気が好きです,0,2024-04-04T15:16:01Z,2024-04-04T15:16:01Z
Ugyy7eAJ4lL4EO5BQO94AaABAg,,False,@Doyoung1004,"도영이의 새봄의 노래를 들으니
벅차오른다   
청춘을 노래하는 도영이 목소리 너무좋아서 소름끼친다",35,2024-04-04T15:16:00Z,2024-04-04T15:20:30Z
UgwdfrBYS6g9pT2I4Hx4AaABAg,,False,@melanyrodrigues3418,Super excited to listen to his new album.❤❤,0,2024-04-04T15:15:56Z,2024-04-04T15:15:56Z
UgyYn7mSHOPvzMsJloJ4AaABAg,,False,@somez3974,好幸福😢😢😢,0,2024-04-04T15:15:56Z,2024-04-04T15:15:56Z
Ugz4RVRQEf3EPpEYJ1t4AaABAg,,False,@tulipoct01,아 도영이 좋다 너무 사랑해😭,0,2024-04-04T15:15:55Z,2024-04-04T15:15:55Z
UgyhTYrtUuBsniVokeN4AaABAg,,False,@sarinanur9,KAK DOY SOLO🤩🤩🤩💚💚,0,2024-04-04T15:15:52Z,2024-04-04T15:15:52Z
UgwxcQKIMO6452GmahV4AaABAg,,False,@haveanicejay,HOW MANY INTERNATIONAL FANS HERE?,0,2024-04-04T15:15:47Z,2024-04-04T15:15:47Z
UgyvkTOh2zONHF0xDdV4AaABAg,,False,@Doddoddoing,도프라서 진짜 너무 자랑스럽고 행복하다.. 열심히 준비해줘서 고마워!!!!!!!  다 잘 될 거얏 노래 너무 좋고 얼굴도 너무 예쁘다ㅠㅠ 그냥 도영이라면 뭐든 다 좋아ㅠ… 개쩐다~~ㅠ🤍🤍🤍🤍🤍🤍,0,2024-04-04T15:15:46Z,2024-04-04T15:15:46Z
UgynRu4TSYIw7edmMi94AaABAg,,False,@jallyyys,페스티벌에서 꼭 불러조ㅜㅠㅠ 진짜 눈물날거같아,0,2024-04-04T15:15:46Z,2024-04-04T15:15:46Z
Ugyu2z6QHQ6XNXKjYP14AaABAg,,False,@greatdoyoung7212,"What a voice, It feel so majestic",0,2024-04-04T15:15:45Z,2024-04-04T15:15:45Z
UgyyukkX9t-C-uTONcR4AaABAg,,False,@krh3409,와.. 뭐지 이 오래된 기억같은 노래는.. 도영아 찢었다. 됐다 이건 무조건 된다..,1,2024-04-04T15:15:44Z,2024-04-04T15:20:31Z
UgxFyO-QmlJ_VB4Lp9p4AaABAg,,False,@fenchortu,Wow. Everything's so pretty.,1,2024-04-04T15:15:42Z,2024-04-04T15:15:42Z
UgxY_WiF0zlgZam0nT14AaABAg,,False,@eilidhraes,ITS GIVING DISNEY PRINCESS OHMYGOD,0,2024-04-04T15:15:40Z,2024-04-04T15:15:40Z
Ugy4CuxYCULna9XbvIR4AaABAg,,False,@SupananSaisong,"Your​ voice is so beautiful 
KIM DOYOUNG 🤍",0,2024-04-04T15:15:37Z,2024-04-04T15:17:07Z
Ugwh3nr4-U8nzmNhjCV4AaABAg,,False,@vitorineto,E VAI EMOCIONAR MEU AMOR,0,2024-04-04T15:15:35Z,2024-04-04T15:15:35Z
UgyNO81dZwXbblhNMtB4AaABAg,,False,@hangphanlemy3419,hay quá vlll,0,2024-04-04T15:15:28Z,2024-04-04T15:15:28Z
Ugz9G4dLyOveqWI-C7p4AaABAg,,False,@bubbl_ee,너무 벅차😢😢😢😢😢,0,2024-04-04T15:15:28Z,2024-04-04T15:15:28Z
UgwZGNQ4Ia8xDSkFXeR4AaABAg,,False,@eblalgen,Doyoung solo album! Fighting!!,0,2024-04-04T15:15:25Z,2024-04-04T15:15:25Z
UgydsNLF0b9qxOv-f6F4AaABAg,,False,@__bunnyyypeachhh,doyoung ini indah sekali... aku ngga sabar album kamu rilis ㅠ.ㅠ,0,2024-04-04T15:15:25Z,2024-04-04T15:15:25Z
UgzQDsP_IEPvzkVg80N4AaABAg,,False,@blackpurplez,the cinematography the excellent music and doyoung’s powerful voice ❤️‍🔥❤️‍🔥❤️‍🔥❤️‍🔥❤️‍🔥 so proud of you doyoung!!!!!,5,2024-04-04T15:15:25Z,2024-04-04T15:15:25Z
UgyoB-PnIapzKMZ72RB4AaABAg,,False,@lorenaborsari8687,Quindi l'album esce domani? Ho già i brividi solo per quel poco che si è sentito cantare 😍💚,0,2024-04-04T15:15:23Z,2024-04-04T15:15:23Z
Ugwcj2mjvZMZt5kF08B4AaABAg,,False,@srndpty4635,Doyoung..... I'm crying....,0,2024-04-04T15:15:23Z,2024-04-04T15:15:23Z
UgzzYH56LiJPb9q0YiZ4AaABAg,,False,@Shenen-f4q,완전 기절 ㅎㄷㄷ🫢🫢완전 대박👍 김동영씨 감사합니다 👍,0,2024-04-04T15:15:21Z,2024-04-04T15:15:21Z
UgztxwifpUTZdBo3-ct4AaABAg,,False,@S2._.r,声も雰囲気もビジュも曲も全てが良くてドヨン好きでよかったって思える😿💚,0,2024-04-04T15:15:21Z,2024-04-04T15:15:21Z
UgxgUhRYfZ_jXvOEjA94AaABAg,,False,@Damonistique,Doyoungie lezzzgoooooo,0,2024-04-04T15:15:19Z,2024-04-04T15:15:19Z
UgwcL42rvDVw9SIUxMh4AaABAg,,False,@sulistiani8642,SO PRETTY💙,1,2024-04-04T15:15:17Z,2024-04-04T15:15:17Z
UgyYXlAGqpGZGNW1Cn94AaABAg,,False,@subin-eh5tq,도영오빠 이 짧은 영상만으로도 너무 좋은데 앨범이 나오면 더더 좋겠죠? 첫 번째 솔로 앨범 진심으로 축하하고 응원합니다 김동영 사랑해 ❤,0,2024-04-04T15:15:16Z,2024-04-04T15:15:16Z
UgyJNp98e6oUkQl7UOR4AaABAg,,False,@장인경-r6y,좋을 거라는 건 예상했지만 기대 이상으로 너무 좋아ㅠㅠㅠㅠㅠㅠ아ㅠㅠㅠㅠ도영아ㅠㅠㅠㅠㅠ,0,2024-04-04T15:15:16Z,2024-04-04T15:15:16Z
UgyveTHlKoOneVn6ttR4AaABAg,,False,@seojin-u9n,김도영은 목소리가 하나의 진주같음....빛나는데 은은하게 계속 이쁘고 청초한 느낌,0,2024-04-04T15:15:15Z,2024-04-04T15:15:15Z
Ugxbq3e2JT-bvQjCO2N4AaABAg,,False,@jovitairma,its so magical and beautifullllll🥹🩵 doyoungieeeeee,1,2024-04-04T15:15:15Z,2024-04-04T15:15:15Z
UgzTvUi9jkAbYEyX41t4AaABAg,,False,@woonhakismyhugband,인트로부터 이렇게 벅차오르면 수록곡들은 어떡하지….,0,2024-04-04T15:15:14Z,2024-04-04T15:15:14Z
UgxgQlw4WHzqQaRaJJB4AaABAg,,False,@광야-o2p,"도영이의 찬란한 모든 청춘들을 언제나 응원해 
우리 같이 청춘을 만들어나가보자",0,2024-04-04T15:15:14Z,2024-04-04T15:15:35Z
UgwszAHY6wbKOqy-rC54AaABAg,,False,@Apainiituapa,How can i already love the album so much just from watching a 1:32 mins video?,0,2024-04-04T15:15:13Z,2024-04-04T15:15:13Z
UgxpBaua6Yzh4WjbUVR4AaABAg,,False,@dodobble,CAN'T WAIT FOR SOLOIST DOYOUNG,0,2024-04-04T15:15:13Z,2024-04-04T15:15:13Z
UgyCMBaeODskORBru6R4AaABAg,,False,@do0_17,🥹🥹💙💙,0,2024-04-04T15:15:11Z,2024-04-04T15:15:11Z
UgxpBlG_Il_pmYQAJdl4AaABAg,,False,@nct_doietyong,"This is so beautiful and at the same time magical! Why did this make me emotional all of a sudden? Doyoungie, you're doing so well! Can't wait to hear the whole album! Doie, hwaiting!",0,2024-04-04T15:15:10Z,2024-04-04T15:15:10Z
Ugz2XPAej2m_Ic2MylN4AaABAg,,False,@윤오-b5x,너무좋다 ㅜㅜ,0,2024-04-04T15:15:07Z,2024-04-04T15:15:07Z
Ugy7WDuVBzxv5JQNKLh4AaABAg,,False,@nay2488,めっちゃいい,0,2024-04-04T15:15:06Z,2024-04-04T15:15:06Z
UgzRIpABSUAXJSBsG-d4AaABAg,,False,@mialm,"Kim Doyoung, the superstar that you are!!!! When he said this album will contain his sincerity, he did not lieeee! This is just the intro and he's already singing his HEART OUT (just like he always does)!!!!!! Can't wait to hear the rest, Doyoung. You deserve this level of creativity for all your hard work and passion. Thank you for singing!",0,2024-04-04T15:15:06Z,2024-04-04T15:15:06Z
UgydAmdc28MdiJfcNfx4AaABAg,,False,@prdmagh,aaaa cant wait for DOLO!!!,0,2024-04-04T15:15:04Z,2024-04-04T15:15:04Z
Ugw0ZcB-Q2QtRMo_SyF4AaABAg,,False,@kimdoie,THIS IS SO BEAUTIFUL🥺,0,2024-04-04T15:15:04Z,2024-04-04T15:15:04Z
Ugzs6tlhaTQ7NJyzlqR4AaABAg,,False,@kyumary,"Wow con la cinematografía Wow wow, gracias por tanta belleza, Doyoung fighting 💙",0,2024-04-04T15:15:03Z,2024-04-04T15:15:03Z
Ugw0y0e4UkcwCLyGRgF4AaABAg,,False,@도도-x5x6m,도영아 대박이다 이거. 너무 아름답다,0,2024-04-04T15:15:03Z,2024-04-04T15:15:03Z
UgxAE2gEDv3mpR67mWJ4AaABAg,,False,@ramad8942,this is so beautiful. doyoung seriously fits this concept so much. AND CAN WE TALK ABOUT THAT VOCALS AND CINEMATOGRAPHY??? LIKE WOAH,128,2024-04-04T15:15:01Z,2024-04-04T15:15:01Z
UgxAE2gEDv3mpR67mWJ4AaABAg.A1oXmwMaEmTA1oZrv_2HJ7,UgxAE2gEDv3mpR67mWJ4AaABAg,True,@missSatournels,"this really really beautiful. the melody, the cinematography and of course the voice",17,2024-04-04T15:33:11Z,2024-04-04T15:33:11Z
UgxAE2gEDv3mpR67mWJ4AaABAg.A1oXmwMaEmTA1o_4iPq4F_,UgxAE2gEDv3mpR67mWJ4AaABAg,True,@doiedoyoung,"it's so magical and colourful, definitely giving 'youth', and doyoung's voice is amazing as always!!",19,2024-04-04T15:35:04Z,2024-04-04T15:35:24Z
UgzdRi58UN0IRoGODax4AaABAg,,False,@blablabl3,sayangg ❤❤❤,1,2024-04-04T15:15:00Z,2024-04-04T15:15:00Z
Ugy8FokTH2RRgHejdTR4AaABAg,,False,@sairahania,Siren doyoung  ㅠㅠ,0,2024-04-04T15:15:00Z,2024-04-04T15:15:00Z
Ugxpu33t_sLBiiAfQWh4AaABAg,,False,@nuramallllllll4555,WOI BAGUS BANGEEET 😭😭😭💕 niat yah 😍😍😍,0,2024-04-04T15:14:59Z,2024-04-04T15:14:59Z
Ugw37NIGmpqaj0AfUlN4AaABAg,,False,@user-cp5rc1xd9q,이건 된다,1,2024-04-04T15:14:58Z,2024-04-04T15:14:58Z
Ugza-Vx6AvTRdfPM74R4AaABAg,,False,@dodobble,OMG SOOOO BEAUTIFUL,0,2024-04-04T15:14:57Z,2024-04-04T15:14:57Z
UgztKhBNICgoZj6QU1p4AaABAg,,False,@meliseeaaa,the concept is so beautiful 🥹🩵,0,2024-04-04T15:14:52Z,2024-04-04T15:14:52Z
Ugz0sLebfcOGUk2UriZ4AaABAg,,False,@Adorable-il7yy,도영아 노래해줘서 고마워❤️,0,2024-04-04T15:14:52Z,2024-04-04T15:14:52Z
UgzUxZLbrAab1pjyU9h4AaABAg,,False,@bubbl_ee,도영아 아름답다ㅠㅠ,0,2024-04-04T15:14:52Z,2024-04-04T15:14:52Z
UgwCewMQGlXY1BLx9Rp4AaABAg,,False,@ひな-l6b5v,どよちおめでとう、沢山応援するね,0,2024-04-04T15:14:51Z,2024-04-04T15:14:51Z
UgyMqyrcQFPZ3LY8BKF4AaABAg,,False,@zyrah9814,So beautiful 😭,0,2024-04-04T15:14:51Z,2024-04-04T15:14:51Z
UgyCnYpUjGl5X15B6EV4AaABAg,,False,@doyochity9408,"Our soloist Doyoung is going to deliver the best thing only!! the vocals and visual of this, can't wait for the full album",26,2024-04-04T15:14:48Z,2024-04-04T15:14:48Z
UgwQVvSOfh4tP4MLoah4AaABAg,,False,@크로마키,최고야 도영아,0,2024-04-04T15:14:46Z,2024-04-04T15:14:46Z
Ugy9_k2FKQQx5P0ySpt4AaABAg,,False,@coolsleeper,잘하네요 짝짝짝,0,2024-04-04T15:14:44Z,2024-04-04T15:14:44Z
UgxVi5g2n12sGyZS0C14AaABAg,,False,@dodobble,KIM DOYOUNG,0,2024-04-04T15:14:43Z,2024-04-04T15:14:43Z
UgxXi_m8to3tb87wiWZ4AaABAg,,False,@DO.DOYOUNG0201,이거 무조건 뜬다 성공한다,0,2024-04-04T15:14:43Z,2024-04-04T15:14:43Z
Ugz3NpWu5oobIfDKP9x4AaABAg,,False,@spacebarpp6221,우리 도영이 최고야,0,2024-04-04T15:14:42Z,2024-04-04T15:14:42Z
UgzbI4n5Zzfpm0Cl_2t4AaABAg,,False,@luthfiizzudin4559,"THAT IS INSANEEEEE, SO DAMN BEAUTIFUL AND PRETYYYYY🫠🫠🫠🫠🫠🫠🥺🥺🥺🥺🥺",1,2024-04-04T15:14:40Z,2024-04-04T15:14:40Z
Ugzf5RwVsEs9cAvE5uh4AaABAg,,False,@atdotat7546,도영이가 노래할 벅찬 청춘을 응원해,0,2024-04-04T15:14:33Z,2024-04-04T15:14:33Z
UgyA-BZnObGIaSuj4tt4AaABAg,,False,@Mojisung2,❤,0,2024-04-04T15:14:29Z,2024-04-04T15:14:29Z
Ugwu7mYPsOj2eyGUPX94AaABAg,,False,@proff1078,"I'm crying so hard right now
Years of waiting finally paid off
His voiceeeeeeeeee
This will be on loop until the next trailer drops",2,2024-04-04T15:14:27Z,2024-04-04T15:14:27Z
UgzctxFvxQiaqkjZwON4AaABAg,,False,@feliciaivana3367,"who else cried?? everything is so pretty in this intro film like?? DOYOUNG IS PRETTY, HIS VOICE IS SO ANGELIC, THE WHOLE VIDEO IS PRETTY",364,2024-04-04T15:14:26Z,2024-04-04T15:14:26Z
UgzctxFvxQiaqkjZwON4AaABAg.A1oXieCgYyuA1oZTZRQmG8,UgzctxFvxQiaqkjZwON4AaABAg,True,@VampireDemonNinja,"I legit felt like I wanted to cry watching it, but it was like happy tears❤",12,2024-04-04T15:29:43Z,2024-04-04T15:29:43Z
UgzctxFvxQiaqkjZwON4AaABAg.A1oXieCgYyuA1oZm6HNBaQ,UgzctxFvxQiaqkjZwON4AaABAg,True,@missSatournels,"me!! so angelic and our disney prince is coming.
the melody is really beautiful",15,2024-04-04T15:32:23Z,2024-04-04T15:32:23Z
UgzctxFvxQiaqkjZwON4AaABAg.A1oXieCgYyuA1oavuxmJFk,UgzctxFvxQiaqkjZwON4AaABAg,True,@Luvrdoji,Yo también llore 😭 lo amo mucho,5,2024-04-04T15:51:12Z,2024-04-04T15:51:12Z
UgzctxFvxQiaqkjZwON4AaABAg.A1oXieCgYyuA1orrwA5CKc,UgzctxFvxQiaqkjZwON4AaABAg,True,@leticiabrandao2391,I did! So prettyyyyyy,1,2024-04-04T18:19:12Z,2024-04-04T18:19:12Z
UgzctxFvxQiaqkjZwON4AaABAg.A1oXieCgYyuA1pCv3njluN,UgzctxFvxQiaqkjZwON4AaABAg,True,@Seong_w,"I cried too 😭❤
I love him so much",4,2024-04-04T21:31:52Z,2024-04-04T21:31:52Z
UgzVp9zsFaL4d8jCB-x4AaABAg,,False,@vivianjacob1074,"My amazing vocalist...
Really can't wait for your album Kim Doyoung",1,2024-04-04T15:14:25Z,2024-04-04T15:14:25Z
UgzuKQzhdcQ_uCf84_F4AaABAg,,False,@giselleblanco8972,"AAAAHHH KIM DONGYOUNG, ERES UN DIOS ✨💖",1,2024-04-04T15:14:20Z,2024-04-04T15:14:20Z
UgzLKBU8hweaAJ91XbF4AaABAg,,False,@porntitajunsiri7691,เพราะมากกกก😭😭👍🏻👍🏻,1,2024-04-04T15:14:18Z,2024-04-04T15:14:18Z
UgzHidzBHWd0Im8-s0h4AaABAg,,False,@my_fav_stwo,멜로디 진짜 예쁘다..,1,2024-04-04T15:14:18Z,2024-04-04T15:14:18Z
UgyepbSobjAQNHMXu7N4AaABAg,,False,@user-ps8si6pt6l,도영아 ㅠㅠㅠㅠㅠ,1,2024-04-04T15:14:18Z,2024-04-04T15:14:18Z
UgyA3Jjd4aHokYeG1gN4AaABAg,,False,@KimJisung-l8l,SUMPAHHHHH KEREN BANGET KAMU KIM DOYOUNG!! ILYSM 3000 <3333,3,2024-04-04T15:14:16Z,2024-04-04T15:14:16Z
UgzTPafUMeB9obkJdkF4AaABAg,,False,@_s2s2,아 벅차올라 도영아 어쩜 이런걸 준비하고 있었어,1,2024-04-04T15:14:16Z,2024-04-04T15:14:16Z
UgxwLcN2Uhc7oThgXnJ4AaABAg,,False,@kumoriaya,DOYONCE IS BACK,1,2024-04-04T15:14:14Z,2024-04-04T15:14:14Z
UgxHIe6gQ_WfkJAr_qN4AaABAg,,False,@Angel_o0915,도영 내가 가장 너를 사랑한다.,1,2024-04-04T15:14:10Z,2024-04-04T15:14:10Z
UgzvDCpfHQh5ET4-Dct4AaABAg,,False,@lohaa1216,도영이가 아니면 안되는 귀가 되어버렷음🥹,1,2024-04-04T15:14:09Z,2024-04-04T15:14:09Z
UgzLwtwZZZmsW9qgsbN4AaABAg,,False,@iceildd,OMG Can’t wait 😭😭😭,1,2024-04-04T15:14:07Z,2024-04-04T15:14:07Z
UgyivVLBMEuAZGUOHuV4AaABAg,,False,@通りすがりのペンギン-j4q,"ヤバいの来た…
全てが美✨",1,2024-04-04T15:14:07Z,2024-04-04T15:14:07Z
Ugy7wWjjo9-qZUhO8iZ4AaABAg,,False,@bunnypeachy9796,It's so beautiful💙,2,2024-04-04T15:14:06Z,2024-04-04T15:14:06Z
Ugwg5sXMItaw00ZNK_R4AaABAg,,False,@s_u-tt,도영아 청춘을 함께 듣게 해줘서 너무 고마워 🩵🩵🩵🥹🥹🩵🩵🩵 너무 사랑해,1,2024-04-04T15:14:05Z,2024-04-04T15:14:05Z
UgyeVq1mzcf6Mp8TYzd4AaABAg,,False,@harry33333,"0:37
저 우주를 함께 날아 갈거야.
온 세상에 가득 힘차게 노래 할거야.
그 노랠 타고서,
내가 꿈꿔왔던 그곳에서 만날 너에게
새봄의 노래",2,2024-04-04T15:14:05Z,2024-04-04T15:14:38Z
UgyGO12JANOoC5OhHmZ4AaABAg,,False,@윤채은-i8j,"한참을 고민하다 댓글 남겨
왠지 너가 읽을 것 같아서
도영아 내가 쓰는 이 글도 너가 써가는 노래도 모두 청춘이야",1107,2024-04-04T15:14:04Z,2024-04-04T15:14:04Z
UgyGO12JANOoC5OhHmZ4AaABAg.A1oXfxFEKFCA1p7efbN3M2,UgyGO12JANOoC5OhHmZ4AaABAg,True,@eliwulan6632,"Terharu banget Doy 😭😭😭 konsep Laut dan Biru adalah ciri khas kamu,, kamu keren banget,, ganteng banget ❤❤❤❤❤",3,2024-04-04T20:45:57Z,2024-04-04T20:45:57Z
UgyGO12JANOoC5OhHmZ4AaABAg.A1oXfxFEKFCA1qQew1Lwer,UgyGO12JANOoC5OhHmZ4AaABAg,True,@sauronthecutie,아 뭐야 눈물나,14,2024-04-05T08:51:15Z,2024-04-05T08:51:15Z
UgyGO12JANOoC5OhHmZ4AaABAg.A1oXfxFEKFCA1xgw7zohTV,UgyGO12JANOoC5OhHmZ4AaABAg,True,@eliwulan6632,@@sauronthecutie 너무 훌륭해서 감동받았어요,3,2024-04-08T04:36:49Z,2024-04-08T04:36:49Z
UgxUwSy-QeR5fSJ3sZ14AaABAg,,False,@빵이-y1v,도영아 너는 항상 놀라움을 주는 사람이야 무엇을 하든 보여주든 상상 그 이상을 보여주는 아름다운 아티스트.. 네 팬이라 행복해 벅차오른다,0,2024-04-04T15:14:01Z,2024-04-04T15:14:01Z
Ugw-wE3IlmJci00l1DZ4AaABAg,,False,@Ur_mylight_RJ,"미쳤다.. 이건 된다…🐰ྀི
청량 감성자극 김도영 솔로 가자~~~~!!!!💚",1,2024-04-04T15:14:01Z,2024-04-04T15:14:01Z
UgyGufFA6ot0tnN_R4B4AaABAg,,False,@또빈-v3r,도영아 이런 노래를 가지고 오다니ㅠㅠㅠ 너무 고맙고 타이틀도 너무 기대된다!!!,1,2024-04-04T15:14:00Z,2024-04-04T15:14:00Z
Ugy8RIfQN1OB7-iWxFV4AaABAg,,False,@nanattookim,Doyoung little mermaid. Kkk I love his voice so much. Please give a lot of attention!!!,3,2024-04-04T15:13:57Z,2024-04-04T15:13:57Z
UgzZK47p6oO_bV1p2Qt4AaABAg,,False,@laybakim75,나는 매우 신난다 ❤,1,2024-04-04T15:13:55Z,2024-04-04T15:13:55Z
Ugxix_MoxP2clHGbK-t4AaABAg,,False,@유나-j5d,"도영아, 너무 예뻐",1,2024-04-04T15:13:54Z,2024-04-04T15:13:54Z
Ugy62A7NCP4LZyLMEqB4AaABAg,,False,@또잉-r4k1y,도영이가 노래하는 청춘이 너무 아름답고 예뻐서 눈물이 나..😭 가끔은 노래가 도영이에게 1번이 아닐 때가 있겠지만 그래도 오래오래 행복하게 노래 불러줬으면 좋겠어 내 청춘의 한 페이지를 함께 해주어서 정말 고마워,2,2024-04-04T15:13:54Z,2024-04-04T15:13:54Z
UgxI63DQoOpOQp6OTOJ4AaABAg,,False,@진짜아니근데,도영아 널 닮은 노래와 널 닮은 영상이야 너무 아름답다,2,2024-04-04T15:13:53Z,2024-04-04T15:13:53Z
Ugyz8BtnqzLZbfg1Hsd4AaABAg,,False,@cakekh1699,แกเก่งมาก พุมใจในตัวแกเสมอมาและตลอดไป👏🏻😭,1,2024-04-04T15:13:53Z,2024-04-04T15:13:53Z
UgyblC82sp5UA9WpZth4AaABAg,,False,@JM-dx1or,헐 미쳤다 완전 도영이가 불러주면 좋겠다!!!!!!라는 분위기의 노래!!!!💚💚💚,26,2024-04-04T15:13:51Z,2024-04-04T15:13:51Z
UgwJkrnDnZOxw1bpv7t4AaABAg,,False,@CloudNine_,도영님은 진짜 청춘을 노래하시는 것 같아요..✨ 비록 도영님을 알게된지 얼마 되지 않았지만 도영님의 노래를 들을때면 찬란했던 가장 아름다웠던 그 순간들이 느껴지면서 벅찬다고 해야할까요? 무언가 놓친게 있는것만 같았던 날들 사이로 다음 장면으로 넘어갈 수 있게 하는 목소리..🥺 도영님은 제 청춘의 기준점이 되셨어요🌊,88,2024-04-04T15:13:47Z,2024-04-04T15:13:47Z
UgxzBuxp13XFJNoKDMx4AaABAg,,False,@do0_17,i'm so excited 😊,1,2024-04-04T15:13:46Z,2024-04-04T15:13:46Z
UgwigVal55Fi8eTmOeZ4AaABAg,,False,@wonfave,DOYOUNG I LOVE YOU THIS ALBUM IS GONNA BE SO GOOD,8,2024-04-04T15:13:46Z,2024-04-04T15:13:46Z
Ugxd5q5NT-AlinCoERR4AaABAg,,False,@yeehaw4073,can't wait to hear the full song,1,2024-04-04T15:13:46Z,2024-04-04T15:13:46Z
UgwkLi7CFZUpx1-LU3V4AaABAg,,False,@worldclasssinner,OMG SO BEAUTIFUL I DIDNT EXPECT THIS,1,2024-04-04T15:13:42Z,2024-04-04T15:13:42Z
UgwBugC9DSqJ8kBtePF4AaABAg,,False,@daymoondye7601,Menyalaaa abangkuuu,1,2024-04-04T15:13:42Z,2024-04-04T15:13:42Z
Ugzi1y3VSqQLlIXBhvF4AaABAg,,False,@gemmaj7218,I’m so proud of you. Our Doyoung is the best 💚😭💚,3,2024-04-04T15:13:41Z,2024-04-04T15:13:41Z
Ugzx1Bn1MVl1vCojthx4AaABAg,,False,@dangphuonglinhcuteee,quả nhiên là Doyoungie <3 hát rất hay ạ ><,1,2024-04-04T15:13:39Z,2024-04-04T15:13:39Z
UgwCkfxyYSCRZYrWgMN4AaABAg,,False,@ff.k.here.1026,น้องโดยองเก่งมาก ฟังเพลงครั้งแรกติดหูเลย ชอบมากๆๆๆ🥹🫶🏻,1,2024-04-04T15:13:39Z,2024-04-04T15:13:39Z
UgzPNDJllBqMMzbllPh4AaABAg,,False,@ann.with.an.j,ドヨンらしい清純で繊細で美しい雰囲気がよく表れていて最高🫶💕,1,2024-04-04T15:13:38Z,2024-04-04T15:13:38Z
UgwpqzWpjFby_EFbfLt4AaABAg,,False,@DANNNDAELION,DOYOUNG YOU MAKE ME CRY SO HARD,2,2024-04-04T15:13:35Z,2024-04-04T15:13:35Z
UgwrE7C21YskhNAGcZN4AaABAg,,False,@Harmony06,"This is abt to be beautiful, amazing, spectacular. I literally can’t wait 😊😊",3,2024-04-04T15:13:35Z,2024-04-04T15:13:35Z
UgzQXUsOzu95e0H5yQB4AaABAg,,False,@pnd_toonny8392,น้องโดยองเป็นนางเงือกก,1,2024-04-04T15:13:35Z,2024-04-04T15:13:35Z
UgyW1CpwyyAbsSekQTJ4AaABAg,,False,@yeehaw4073,vocalist of the century!!!!!,2,2024-04-04T15:13:34Z,2024-04-04T15:13:34Z
UgwGR8_T9sVH_3kzBQJ4AaABAg,,False,@do0_17,doyoungggg,1,2024-04-04T15:13:34Z,2024-04-04T15:13:34Z
UgyoHKSwapYmLN1S_3J4AaABAg,,False,@ribonnie-303,"도영이가 보여주는 새봄은 이런거구나 … 
너무 아름답다 …. 해외 로케로 선택할 수도 있었을텐데 제주도 선택한 것도 좋고… 노래 제목에 “새봄” 이라는 우리말 들어간 것도 너무 좋아 !!!!",12,2024-04-04T15:13:32Z,2024-04-04T15:13:32Z
UgwDIvAs_V5cYjZohcR4AaABAg,,False,@haeb790,진짜 좋다...,2,2024-04-04T15:13:31Z,2024-04-04T15:13:31Z
UgyLxQ5CBGHcgw1CZWV4AaABAg,,False,@luciaegea1008,our brightest star,1,2024-04-04T15:13:30Z,2024-04-04T15:13:30Z
UgyA6AIx_BEzy735OPl4AaABAg,,False,@amandon4221,Can't waittt,2,2024-04-04T15:13:29Z,2024-04-04T15:13:29Z
Ugw5bv-1B3NoxaMkNg94AaABAg,,False,@bii26_,"i really love this debut for doyoung, this is fantastic 💖✨✨✨✨",3,2024-04-04T15:13:29Z,2024-04-04T15:13:29Z
UgwEE_g3pgwQXi9LK0Z4AaABAg,,False,@shelle_daily,"Omg, this gives me Disney vibe (little mermaid? Lol) Doyoung’s new song 기대한다.",5,2024-04-04T15:13:28Z,2024-04-04T15:13:28Z
Ugzh12ya4Lb5BjbRRBh4AaABAg,,False,@almainafits6904,Love the new Little Mermaid movie!,1,2024-04-04T15:13:28Z,2024-04-04T15:13:28Z
Ugwn6xabg5h_10oGwnR4AaABAg,,False,@iincahyani1965,🩵🥹,1,2024-04-04T15:13:25Z,2024-04-04T15:13:25Z
UgyHXcenMyYvYQBG7bJ4AaABAg,,False,@ccc42,벅차오른다 벅차오른다 ㅠㅠㅠㅠㅠㅠ 김도영 그자체야,8,2024-04-04T15:13:24Z,2024-04-04T15:13:24Z
UgxXBoXWE0SMLK5uWKN4AaABAg,,False,@Nonameseez,omgg❤❤❤❤,2,2024-04-04T15:13:23Z,2024-04-04T15:13:23Z
UgynQaXTsFoLtf5Ar114AaABAg,,False,@parita907,โฮ่งมาก❤❤❤,1,2024-04-04T15:13:22Z,2024-04-04T15:13:22Z
Ugx6KLKaWwnmNfxdyAd4AaABAg,,False,@cakekh1699,นี่แหละๆๆๆถูกๆๆๆๆ ทำถึง ทำเกิน😭😭,1,2024-04-04T15:13:18Z,2024-04-04T15:13:18Z
UgztllClMNXCupvTRuF4AaABAg,,False,@Jaehmn,너무좋다아아 벅차,1,2024-04-04T15:13:17Z,2024-04-04T15:13:17Z
Ugx1X7L6qDbzHYAkONd4AaABAg,,False,@warriorxheart,IM SO EXCITED,1,2024-04-04T15:13:17Z,2024-04-04T15:13:17Z
UgwzDHlOPthQUJ3DfTZ4AaABAg,,False,@루지목욕하는목욕하는,"도영이의 20대를 담아 청춘을 노래한 이 앨범이 나에게도 오래도록 내 청춘을 기억할 수 있을 앨범이 될 것 같아...
그냥 피아노 반주에 치고나오는 네 목소리 듣자마자 이건 됐다! 하고 외쳐버렸어
도영아 네 진심이 다 이겨. 우리 4월에 진짜 많이 행복하자. 네 이야기로 사람들에게 기쁨을 선물하자
내 행운이자 행복이자 청춘이 되어준 도영아 노래해줘서 고마워",2,2024-04-04T15:13:16Z,2024-04-04T15:13:16Z
Ugz801O3qDDBKc9XEc94AaABAg,,False,@양배츄-x8e,눈물날 것 같음 왜 내가 다 벅차지ㅜㅜㅜ 내가 좋아하는거 다 때려박았네ㅜㅜㅜㅜ,1,2024-04-04T15:13:16Z,2024-04-04T15:13:16Z
UgxFXBEsVCxXmOmr70R4AaABAg,,False,@dytunemaster,새봄의 노래 벌써 너무 벅차다 도영아,2,2024-04-04T15:13:14Z,2024-04-04T15:13:14Z
UgzMds21qUatsvwlUKp4AaABAg,,False,@onyourlast,"Pas ombakmya muncrat, ngingetin ke scene My Demon 😅",1,2024-04-04T15:13:13Z,2024-04-04T15:13:13Z
Ugy7jfrj8kZCycCaV3x4AaABAg,,False,@laybakim75,WAAAOWW 😻😻😻😻😻😻,1,2024-04-04T15:13:12Z,2024-04-04T15:13:12Z
UgxP__Nb7oXctMWrTdl4AaABAg,,False,@user-dldkgus7,도영아 사랑해,2,2024-04-04T15:13:11Z,2024-04-04T15:13:11Z
UgwvNNoaN1VVTAmbanl4AaABAg,,False,@grey9665,this is good 😲,1,2024-04-04T15:13:11Z,2024-04-04T15:13:11Z
UgzQgNsSCEqkRi8QKaN4AaABAg,,False,@sunzero_,도영아 많이 사랑해요,1,2024-04-04T15:13:09Z,2024-04-04T15:13:09Z
UgwwT4iJFYYc9SDv_QB4AaABAg,,False,@nyeong-seo,인트로만 들어도 너어무 좋다!!! 벅참과 행복을 선물해줘서 고마워 도영이 목소리는 항상 청춘이야 🩵,14,2024-04-04T15:13:09Z,2024-04-04T15:13:09Z
Ugw9omx16nOpTUCr10Z4AaABAg,,False,@jpeglores,i guess we can't avoid tears,2,2024-04-04T15:13:08Z,2024-04-04T15:13:08Z
UgwgSOzF5Nx4Waya4wd4AaABAg,,False,@주아-b9b,아 벌써 너무 좋아 도영이 목소리로만 가득찬.. 너무 기대가 되..🥹,4,2024-04-04T15:13:06Z,2024-04-04T15:13:06Z
UgxfEtdkZUbVSmFVJ2h4AaABAg,,False,@시즈니-c1i,도영이오빠!! 항상 좋은 노래로 보답해줘서 고마워요!! 여러 일들을 동시에 하기 힘들었을텐데ㅜ이렇게 찾아와줘서 고마워요!!!💚💚💚 오빠 첫 솔로곡 대박나길 바래여💚💚,1,2024-04-04T15:13:06Z,2024-04-04T15:13:06Z
UgzZ4YK3dtD5cMiFxJJ4AaABAg,,False,@율무-p1q,너의 찬란한 청춘에 함께할수있는 기회를 줘서 고마워 도영아,2,2024-04-04T15:13:06Z,2024-04-04T15:13:06Z
UgwjUVjBFdaHFu5F55h4AaABAg,,False,@bunnybunny_0201,와 도영아..어떻게햐 너무 좋아 진짜 좋아..,1,2024-04-04T15:13:03Z,2024-04-04T15:13:03Z
UgwoLlYNbvlPCyzDSVl4AaABAg,,False,@sosomnium,그토록 바라온 꿈을 곧 이룰 것만 같은 설렘과 벅찬 감정이 느껴진다💜,2,2024-04-04T15:13:02Z,2024-04-04T15:13:02Z
Ugw_v8NxWRywS_LsMY54AaABAg,,False,@jaykim3985,김도영 니가 내 디즈니 왕자다,1,2024-04-04T15:13:02Z,2024-04-04T15:13:02Z
Ugy17j8Cl5oolzDbbh94AaABAg,,False,@eli-vz1id,💚💚💚💚💚💚💚💚,1,2024-04-04T15:13:01Z,2024-04-04T15:13:01Z
UgxYUDb8Z3mtJSgOxWJ4AaABAg,,False,@LilyAlai,와.. 내가 상상한 것보다 더 좋다 어떻게 이렇지?🥹,1,2024-04-04T15:13:00Z,2024-04-04T15:13:00Z
Ugx6A0QCsflvm7uU1vB4AaABAg,,False,@lmin127mxbloom,"Doyoung es increíblemente talentoso, estoy segura que será un gran álbum 🥰",3,2024-04-04T15:13:00Z,2024-04-04T15:13:00Z
UgzKHa_omLlhcWskNgh4AaABAg,,False,@rioooq,도영아 사랑해 ㅠㅠㅠㅠ 정말 응원해 🥺💕,2,2024-04-04T15:12:59Z,2024-04-04T15:12:59Z
UgyWDWY-4poA2j2WyI14AaABAg,,False,@수수수수수-d2r,정말 다채로운 목소리 때문에 듣는 내가 다 행복해,1,2024-04-04T15:12:59Z,2024-04-04T15:12:59Z
Ugwgw_NsoRFt2Xb4wwN4AaABAg,,False,@alice8293,This song even could be the OST for a Japanese animation movie.. Good job Do Young...,3,2024-04-04T15:12:57Z,2024-04-04T15:13:37Z
Ugx1WjBrC__lXxOghjN4AaABAg,,False,@gojomikali6005,ถูกๆๆๆๆ,1,2024-04-04T15:12:56Z,2024-04-04T15:12:56Z
UgyB2ZFQB7O31IXFNJB4AaABAg,,False,@wannapajokkoksung633,"นางเงือกน้อย ลอยไปก็ลอยมา
เสียงเพราะ เพลงดี cg ปังมาก 👏👏👏",0,2024-04-04T15:12:55Z,2024-04-04T15:13:08Z
UgwKgS9rTNl6vQ0V8ap4AaABAg,,False,@dyoungcore,this is so amazingly beautiful doyoung 😭,1,2024-04-04T15:12:52Z,2024-04-04T15:12:52Z
UgxSLmDO-YLH9kxXFrt4AaABAg,,False,@Rosangela.Guedes689,QUE MARAVILHA ❤❤❤❤❤,1,2024-04-04T15:12:51Z,2024-04-04T15:12:51Z
Ugy3i2XOqAvy51ucZKh4AaABAg,,False,@zeninyourarea,It sounds like an anime ost ❤love it,1,2024-04-04T15:12:50Z,2024-04-04T15:13:00Z
UgzWRDmaALDgFXCgksB4AaABAg,,False,@karniawardani5581,Bakalan jadi list favorite nih..,1,2024-04-04T15:12:49Z,2024-04-04T15:12:49Z
Ugy7_bh14iE76h07YMx4AaABAg,,False,@delviraaudi,OH MY GOSH SO BEAUTIFUL,0,2024-04-04T15:12:48Z,2024-04-04T15:12:48Z
UgwthwmK6cwBdtOsiKp4AaABAg,,False,@Kdramahayatimolmus56,OMG MY BABY,0,2024-04-04T15:12:46Z,2024-04-04T15:12:46Z
UgyPAmuOl6Xts_Pd3qF4AaABAg,,False,@Susy_402,🩵🩵🩵🩵🩵🩵🩵,0,2024-04-04T15:12:45Z,2024-04-04T15:12:45Z
UgzfpqwMh-iABCH67Mh4AaABAg,,False,@user-dearmydear,도영아 내 마음을 다 표현하기에는 내 언어가 너무 작지만 이 말만은 하고 싶어 노래해줘서 정말 고마워,1,2024-04-04T15:12:42Z,2024-04-04T15:12:42Z
UgzHLBIqxM6TQr4uHfp4AaABAg,,False,@ZEAN-f2f,축하해요 형님.. 저희의 열정이 꼭 응원하겠습니다..❤🎉,1,2024-04-04T15:12:41Z,2024-04-04T15:12:41Z
Ugw0D0bsv6MsNnA-k9t4AaABAg,,False,@vivi_hndz,HOW MANY FANS ARE HERE TO SUPPORT DOYOUNG🙌🏼❤️❤,7,2024-04-04T15:12:40Z,2024-04-04T15:12:40Z
Ugx_Syw-daxFEJ8driN4AaABAg,,False,@cherrylemon4622,MY HEART WASNT READY 😭🌸,0,2024-04-04T15:12:39Z,2024-04-04T15:12:39Z
UgzGTlIcEMw-eCRsxf94AaABAg,,False,@carroty14,와 너무 기대된다!!!!!🥺,1,2024-04-04T15:12:38Z,2024-04-04T15:12:38Z
UgymW9-lI6DBanETSt94AaABAg,,False,@원주민-n9f,고마워 진짜...,0,2024-04-04T15:12:38Z,2024-04-04T15:12:38Z
UgzRYUm4F4wLbhlHxcd4AaABAg,,False,@butterfly2x,"bagus banget woi???? the concept, the execution, doyoung's voice..!!!!!!!!",0,2024-04-04T15:12:36Z,2024-04-04T15:12:36Z
UgyU1LoH0eU-AbRUVTN4AaABAg,,False,@Dn6f,도영이가 저 우-할때부터 심장터져버림..,0,2024-04-04T15:12:35Z,2024-04-04T15:12:35Z
UgwZ1A_Auq9Exy-jxct4AaABAg,,False,@dymommy,can’t wait 🥺🥺🥺,0,2024-04-04T15:12:35Z,2024-04-04T15:12:35Z
UgyMTMaedvfuXXs4Lep4AaABAg,,False,@Susy_402,呜呜呜呜呜太震撼了,0,2024-04-04T15:12:32Z,2024-04-04T15:12:32Z
UgwY9D7sswWnbQNjmfh4AaABAg,,False,@unaanunaa,도영이가 내 새봄이고 청춘이다,0,2024-04-04T15:12:31Z,2024-04-04T15:12:31Z
UgzSMIBrr4LU0DVViOp4AaABAg,,False,@mpmind,ㅠㅠㅠㅠ🤍🤍,0,2024-04-04T15:12:31Z,2024-04-04T15:12:31Z
UgxLTtZtWN9BItFpFBp4AaABAg,,False,@Imbusydog219,"청춘을 노래한다는 말이 바로 이해가 된다,,너가 내 청춘이다 이번 앨범 진짜 미쳤따!!!!!! 도영아 💚💚",0,2024-04-04T15:12:28Z,2024-04-04T15:12:28Z
UgzQ8-TnDrlq9lLC6Md4AaABAg,,False,@arsantir5348,I LOVE THE CONCEPT AND SONG ALREADY OH MY GOD DOYOUNG YOU ARE THE G.O.A.T,0,2024-04-04T15:12:26Z,2024-04-04T15:12:26Z
Ugxn0iM6NDpO3cA-8nh4AaABAg,,False,@cutepeach0214,헐 눈물남.. 존나 벅차 어카묘,0,2024-04-04T15:12:25Z,2024-04-04T15:12:25Z
UgxSY8unbxOptpWANMx4AaABAg,,False,@야광별-u5g,디즈니 재질💚,0,2024-04-04T15:12:25Z,2024-04-04T15:12:25Z
Ugxb_jXUyPPmcdrQa2Z4AaABAg,,False,@kozzykiss,this what i imagine it,0,2024-04-04T15:12:24Z,2024-04-04T15:12:24Z
UgzOtcgm_Mwz3YvdpYJ4AaABAg,,False,@riri-tukiki-,ソロきくと、もっと分かるドヨンの声の綺麗さ、顔の美しさ、全てが完璧~!!!!ドヨン사랑해❤,1,2024-04-04T15:12:23Z,2024-04-04T15:12:23Z
UgyySltvJOmtX-I7caF4AaABAg,,False,@Jooyomiman,딱 자기 같은 노래 들고왔네,0,2024-04-04T15:12:23Z,2024-04-04T15:12:23Z
UgwOt_p27JoxskI8YzN4AaABAg,,False,@Invisible.n,"Doyoung its so pretty, beautiful, gorgeous",1,2024-04-04T15:12:20Z,2024-04-04T15:12:20Z
Ugy0Onxeq6Zm3UDQsBJ4AaABAg,,False,@nurlailiwidyawati4121,GA SABAR BANGET DENGERIN FULLNYA. LAGUNYA CAKEPPPPP,0,2024-04-04T15:12:20Z,2024-04-04T15:12:20Z
UgyhqeTLXTDQe-8Y1yt4AaABAg,,False,@eyeamjona,goosebumps,0,2024-04-04T15:12:18Z,2024-04-04T15:12:18Z
Ugx_qWMr_lSHTDcmMYl4AaABAg,,False,@슬기-k2p,도영아 너무너무 사랑해🥹🥹🥹🥹 노래해줘서 너무 고마워,0,2024-04-04T15:12:16Z,2024-04-04T15:12:16Z
UgxK4AuzbFn3NLz3DVZ4AaABAg,,False,@user-ju4lp8bz4j,crying screaming dancing praying and it's all bc the concept fits doyoung just too well! can't wait to listen to the whole album on 22/04!,1,2024-04-04T15:12:16Z,2024-04-04T15:12:16Z
UgzQDbm4hBewbo_QsUh4AaABAg,,False,@dhitasrimulyani5983,"Dolooo is coming ❤❤this is so fantastic 😭😭so cool, amazing, beautiful 😭",1,2024-04-04T15:12:15Z,2024-04-04T15:13:30Z
UgxupAb0NkbR2L6lqK14AaABAg,,False,@승현-y8m,와ㅏ 뮤지컬 같애..유유ㅠ 그리고 김도영 진짜 개 입흐네우ㅜㅜ우ㅠㅠ 사랑해ㅐㅐ💚💚💚💚,0,2024-04-04T15:12:14Z,2024-04-04T15:12:14Z
UgyCwc53qaoDchQgoJV4AaABAg,,False,@슬-v8h,노래 참 잘하셔..,0,2024-04-04T15:12:14Z,2024-04-04T15:12:14Z
UgzxHwZ8WU-sHi3qn3N4AaABAg,,False,@뷁-x7w,"기대된다 동영씌 하면 청춘이지 
청바지",0,2024-04-04T15:12:12Z,2024-04-04T15:12:12Z
UgwKujHiu6qvtvsyOqd4AaABAg,,False,@lily-fe8dv,도영이 같은 인트로 좋다.....,0,2024-04-04T15:12:12Z,2024-04-04T15:12:12Z
UgwLpj-DtAPFuFcB8v94AaABAg,,False,@thamiressilverio7068,NÃO CANSA DE SER ARTISTA????,0,2024-04-04T15:12:11Z,2024-04-04T15:12:11Z
UgyQf78logUfCSPOTzJ4AaABAg,,False,@또잉-m2v,도영아 응원할게!!,0,2024-04-04T15:12:07Z,2024-04-11T13:41:53Z
UgziumUUHbkjTWhERMJ4AaABAg,,False,@참나돌겟네,노래를 사랑하는 도영이가 진심을 담아 만든 노래라니 너무너무 기대되고... 이 여정을 함께 할 수 있어서 너무 행복햐..❤❤ 청포도 화이팅 @.@,0,2024-04-04T15:12:07Z,2024-04-04T15:12:07Z
Ugx91VokGjS9isIzldJ4AaABAg,,False,@yunyunyun123,헐 😮🫢완전 충격 대박이다아아ㅏ아아아아아아아ㅏ아아아아아ㅏ도영ㅇ아아ㅏ아아아앙더 더 더 좋아진것 같아아앙아아아앙😭😭😭,0,2024-04-04T15:12:06Z,2024-04-04T15:12:06Z
Ugx0zz-YqedxrVSOtmh4AaABAg,,False,@Bunnieeo127,Do mermaid,0,2024-04-04T15:12:06Z,2024-04-04T15:12:06Z
Ugz51l-fTxhlBLCe2bl4AaABAg,,False,@YangDoDJ,"너무 좋아서 울어… 너무 벅차올라 
새 생명이 피어나는 4월에 새봄의 노래를 부르는 너를 어떻게 사랑하지 않을수 있겠어",1,2024-04-04T15:12:03Z,2024-04-04T15:12:03Z
Ugxj57ex5bLG78ZhIoN4AaABAg,,False,@len9329,도영의 노래는 이렇게 아름답구나,0,2024-04-04T15:12:02Z,2024-04-04T15:12:02Z
Ugw-Qqcg0rLOb6b4eNR4AaABAg,,False,@mayzela5483,Soooooo anime OST 😭😭😭😭😭😭 I LOVE IT,1,2024-04-04T15:12:01Z,2024-04-04T15:12:01Z
Ugy2tioAv1uDeEJ8eK14AaABAg,,False,@K-bd9iz,"ホントに美しい‼︎‼︎
歌声もドヨンオッパも❤",0,2024-04-04T15:12:00Z,2024-04-04T15:12:26Z
UgyTv8MARw372FZaVgt4AaABAg,,False,@luthfiizzudin4559,HOW BEAUTIFULL😭😭😭🥹🥹🥹🥹🫂🫂🫂,0,2024-04-04T15:12:00Z,2024-04-04T15:12:07Z
UgyzJXZyUrNaYR_3OKl4AaABAg,,False,@온-u5r,"김도영이 좋다고 말해
ㄴ나는 도영이가 너무너무너무 좋다....",0,2024-04-04T15:11:59Z,2024-04-04T15:11:59Z
Ugy1UZQ7ks59zJ-RPR54AaABAg,,False,@kozzykiss,I LOVE YOU KIM DOYOUNG,0,2024-04-04T15:11:59Z,2024-04-04T15:11:59Z
UgzKtGT0vW2UbGURzHR4AaABAg,,False,@claire-ln9qv,"guys, I'm teared up just now, I'm so proud of him",0,2024-04-04T15:11:59Z,2024-04-04T15:11:59Z
UgxWzReYE5qCF3awSvh4AaABAg,,False,@suchitrap3880,Doyoung’s voice is super talent.,1,2024-04-04T15:11:58Z,2024-04-04T15:11:58Z
Ugw-I8Va_jOR73ha0n54AaABAg,,False,@thamiressilverio7068,Meu deus que coisa mais linda....,0,2024-04-04T15:11:57Z,2024-04-04T15:11:57Z
Ugxq3d-6GFRYZLSaNSJ4AaABAg,,False,@alexx8582,"Yo esperaba algo diferente, pero bueno, aún así espero tu debut doyoung💚",0,2024-04-04T15:11:53Z,2024-04-04T15:11:53Z
UgzcnN6EsFu5yXRFAgd4AaABAg,,False,@hazelNuts001,"this album is going to be absolutely beautiful,
but why is this intro film reminding me of the little mermaid, especially at 0:39 😂",0,2024-04-04T15:11:53Z,2024-04-04T15:11:53Z
Ugz_sfUUZ3gXRh5aBnN4AaABAg,,False,@햄랑-u9o,도영아 정말 노래해줘서 고마워 노래로 응원해줘서 고마워 표현해줘서 고마워,1,2024-04-04T15:11:50Z,2024-04-04T15:11:50Z
Ugzm5Ez8XOCiga69wtV4AaABAg,,False,@andienarahmadisty7380,🥺🥺💙💙💙💙💙,0,2024-04-04T15:11:50Z,2024-04-04T15:11:50Z
Ugx8PPPSyCffTwmCXrN4AaABAg,,False,@sejeongpretty7452,My little Ariel. His voice is so magical,0,2024-04-04T15:11:49Z,2024-04-04T15:11:49Z
UgyRHDBEpWULcJzH9hx4AaABAg,,False,@PitaAlgaf,Doyoung kerenn bangetttt 💚💚💚💚💚💚💚💚💚💚💚💚💚💚💚💚💚💚💚💚💚💚💚💚💚💚💚💚💚,1,2024-04-04T15:11:49Z,2024-04-04T15:11:49Z
UgzI2BG1BFExM3G2Q894AaABAg,,False,@weshine6191,Fue el mejor minuto de mi vida😭😭 es un concepto tan hermoso🫶❤️💗🫂,1,2024-04-04T15:11:48Z,2024-04-04T15:11:48Z
Ugw4P1s-lL-lo5sQwNF4AaABAg,,False,@127family,My siren doyoung,0,2024-04-04T15:11:47Z,2024-04-04T15:11:47Z
UgzuI9Tv9o8aAyMcew94AaABAg,,False,@ririnsafitri7464,YASSSHHHH DOYOUNG!!!! LETS GAURRRRR,0,2024-04-04T15:11:44Z,2024-04-04T15:11:44Z
UgwA3hAcUpQJ0OtXO4R4AaABAg,,False,@megyoung3136,진짜 너무 예쁘다 도영이 ㅁㅈ,0,2024-04-04T15:11:44Z,2024-04-04T15:11:44Z
Ugy3J6M_0NBmPgjEzV94AaABAg,,False,@쩡-t4k9q,"하진짜 울음을 참을 수 없어 우뜨케 너무 벅차다 진짜ㅠㅠㅠㅠㅠㅠㅠㅠㅠ
도영이 솔로 너무너무 축하해 고마워 노래해줘서ㅠㅠㅠㅠㅠㅠㅠㅠ",6,2024-04-04T15:11:44Z,2024-04-04T15:11:44Z
UgxjEb9_bD74vTtENOR4AaABAg,,False,@luthfiizzudin4559,BAGUSSSS BGT GILA,0,2024-04-04T15:11:43Z,2024-04-04T15:11:43Z
UgyaZMUf0JfWmUEEz3J4AaABAg,,False,@nammonxz9556,Doyoung is so pretty so good so cute,0,2024-04-04T15:11:37Z,2024-04-04T15:11:37Z
UgybMN5xUN8y4ir7e794AaABAg,,False,@user-leechaekite,"도영이 목소리 나오자마자 울컥하는거 뭔데..🥹 청춘하면 아마 난 도영이를 떠올리겠지? 내 청춘에 도영이가 있어 늘 내 일상 속을 함께 해줘서 고마워💚 도영이 목소리만 가득 들어있는 노래가 10곡이 있고, 또 들어볼 수 있다니 너무 행복하다 고마워 내 청춘💚 도영이의 청춘도 응원해💚",1,2024-04-04T15:11:35Z,2024-04-04T15:12:24Z
UgzvZkxkffYtViN6nsV4AaABAg,,False,@Dianaczen,Doyoung fighting !,0,2024-04-04T15:11:35Z,2024-04-04T15:11:35Z
UgwpdqgnFyQiSJtOU7N4AaABAg,,False,@LEE-r6d,아 왜 눈물나냐 주책이다....,0,2024-04-04T15:11:33Z,2024-04-04T15:11:33Z
UgzvXogzNov-OHsa-lZ4AaABAg,,False,@dasarang03,울 도영이도 곧 군대 간다고 솔로 앨범 해주나보네 ㅠㅠㅠ 슬프다. 그나저나 노래 딱 도영이가 좋아할 만한 스타일이고 내가 딱 좋아하는 느낌의 곡이네❤❤❤,1,2024-04-04T15:11:33Z,2024-04-04T15:11:33Z
UgwOhscNkBFTPAOh4054AaABAg,,False,@최아랑-x7w,덕분에 너무 행복해 이렇게 행복하게 해줘서 너무 고마워,1,2024-04-04T15:11:33Z,2024-04-04T15:11:33Z
UgwScX_NZTkB77r1Mgp4AaABAg,,False,@elyassn,KEREN BANGET CUY😮❤❤,0,2024-04-04T15:11:33Z,2024-04-04T15:11:33Z
UgwPbl9vZGgNr920blt4AaABAg,,False,@-DelimaPutriSitompul,Duyung gw yg sesungguhnya bjirr❤,0,2024-04-04T15:11:33Z,2024-04-04T15:11:33Z
Ugx4Xyh9B3Bk_zKiXoR4AaABAg,,False,@melodyhrmnblue,"too perfect and easy listening, i can't wait♡♡♡",0,2024-04-04T15:11:32Z,2024-04-04T15:11:32Z
Ugwre4rMj-yMnB5iDkl4AaABAg,,False,@kkch_07,❤❤❤,0,2024-04-04T15:11:31Z,2024-04-04T15:11:31Z
UgwD8N4jvYGbumrO2Et4AaABAg,,False,@mimu_jsdy,โดยองเก่งมากๆ😭😭😭😭,0,2024-04-04T15:11:29Z,2024-04-04T15:37:40Z
Ugz4h2zTFqRZHsD5_op4AaABAg,,False,@moraea_iris,🩵🩶🤍,0,2024-04-04T15:11:29Z,2024-04-04T15:11:29Z
UgzPiqWhwWdfxGMCajd4AaABAg,,False,@jsmjngdn,"kim doyoung… thank you, thank you, thank you. i’m so proud and happy for you. may you have a successful debut and happy promotional period. let’s be healthy and keep being happy and kind always. thank you again. i love you",0,2024-04-04T15:11:28Z,2024-04-04T15:11:28Z
Ugz1G32-U6d9NS8qEMR4AaABAg,,False,@chilzenily,KIM DOYOUNG KEREN BANGET.... :(,0,2024-04-04T15:11:28Z,2024-04-04T15:11:28Z
Ugyip7AX5RyFUAKv8Pd4AaABAg,,False,@soutdavansawaengvong493,His beautiful voice with amazing intro flim🥺 proud of Doyoung so much,9,2024-04-04T15:11:27Z,2024-04-04T15:11:27Z
UgzYsm3-4c0oUaIUCvp4AaABAg,,False,@_HJ-gl3io,도영이 화이팅🙌💚,0,2024-04-04T15:11:24Z,2024-04-04T15:11:24Z
UgwbK6LSDmXAidswfRR4AaABAg,,False,@민들레-m3c,"도영이가 하고싶은 노래가 이거구나
평생을 좋아해도 모자라겠다
같이 이루어나가자 ♡",0,2024-04-04T15:11:23Z,2024-04-04T15:11:23Z
UgxJz33JXJghvF_UeQx4AaABAg,,False,@worldclasssinner,"i’m so proud of doyoung, he’s incredible",0,2024-04-04T15:11:21Z,2024-04-04T15:11:21Z
Ugy0EUIOcTsgya56IdB4AaABAg,,False,@kdy323,I loveee it,0,2024-04-04T15:11:21Z,2024-04-04T15:11:21Z
UgzAkd-BRx8DAREInfZ4AaABAg,,False,@nabyladevani3733,어떻게ㅠㅠ 너무 좋아!! 잘했어 도영아!!,0,2024-04-04T15:11:20Z,2024-04-04T15:11:20Z
Ugxn6OocoCVrB24O8JR4AaABAg,,False,@Lavuri,와 도영아... 도영아!!! 일 한번 내보자❤️🐰,0,2024-04-04T15:11:20Z,2024-04-04T15:11:20Z
UgxHzxVVjSEjIoxpNvx4AaABAg,,False,@아라-o4x,노래 너무 좋다 정말 도영아ㅜㅜㅜㅜㅜㅜㅜㅜㅜㅜㅜ,0,2024-04-04T15:11:19Z,2024-04-04T15:11:19Z
UgzjR0VdhFN_RHBiEr54AaABAg,,False,@dearmydearest,This is SO INCREDIBLE??? DOYOUNG MY MAN???,1,2024-04-04T15:11:19Z,2024-04-04T15:11:19Z
UgxzEURNixgq7KxSLFV4AaABAg,,False,@ploymonkeyhero,ทำดีทำถึงทำถูก ทำต่อเลยค่า ❤❤❤❤❤,0,2024-04-04T15:11:19Z,2024-04-04T15:11:19Z
UgxF51dfrQBqrDyFhoF4AaABAg,,False,@do0_liliy,"도영이가 생각하는 청춘을 들려줘 
사랑해 우리 도영이",0,2024-04-04T15:11:19Z,2024-04-04T15:11:19Z
UgwXxTFwPh2_5-CNn-d4AaABAg,,False,@Hellokitty_391,Yessss ballad king is comingggg can't fuckin wait,0,2024-04-04T15:11:15Z,2024-04-04T15:11:15Z
UgycKkU8toIQRZ7x1_l4AaABAg,,False,@Kamaliah-yl4gv,So pretty 😭😭😭,0,2024-04-04T15:11:14Z,2024-04-04T15:11:14Z
UgxdatC2agcCBGH9zad4AaABAg,,False,@olivhae,Ascendí,0,2024-04-04T15:11:13Z,2024-04-04T15:11:13Z
Ugw4Mpk3hRuVh8MnF5Z4AaABAg,,False,@moraea_iris,김도영,0,2024-04-04T15:11:12Z,2024-04-04T15:11:12Z
Ugyc9RAPSYIaZM6MyD54AaABAg,,False,@luv_xx143,ドヨンさんの歌声に感動😭,0,2024-04-04T15:11:12Z,2024-04-04T15:11:12Z
UgyBGUSnMP9nZhWN13J4AaABAg,,False,@kdy323,Wow just wow,0,2024-04-04T15:11:11Z,2024-04-04T15:11:11Z
Ugxd9AATwJ2MF4y4W1t4AaABAg,,False,@amandon4221,So beautifull,0,2024-04-04T15:11:11Z,2024-04-04T15:11:11Z
UgzLaZpUesCZBN7H7Vp4AaABAg,,False,@지안-m5i,아 첫 소절 듣자마자 눈물 맺힘 너무 잘 함 미친듯,1,2024-04-04T15:11:09Z,2024-04-04T15:11:09Z
UgwMj5G2mwf8qFU-fTh4AaABAg,,False,@jiarbs,"That was amazing, Doyoung…… 🩵🩵🩵",0,2024-04-04T15:11:09Z,2024-04-04T15:11:09Z
UgzdzJOLVvoAHOzTizV4AaABAg,,False,@pornpanrukpanich6251,❤❤❤❤เริ่ดดมากกดก,0,2024-04-04T15:11:09Z,2024-04-04T15:11:09Z
UgyOVlAV5QQ_QtoqW8p4AaABAg,,False,@stephannie6924,"yeoksi uri kim doyoung, i'm so proud of you💙💙💙",0,2024-04-04T15:11:09Z,2024-04-04T15:11:09Z
UgwqGYFAyIOBd6Q_NTB4AaABAg,,False,@이하은-k4b,이거잖아…….. 내가 기다렸던 거 이거자나………,0,2024-04-04T15:11:08Z,2024-04-04T15:11:08Z
Ugz9DAGM2CMPTjyjZ0t4AaABAg,,False,@루지목욕하는목욕하는,"도영아... 잔디마당에서.. 이 노래 부르며 봄바람 맞으며 환하게 웃을 도영이 생각하니까 너무 벅차고 행복하고.. 그래서 그 순간을 영원히 기억할 수 있을 것 같아서..
노래해줘서 고마워",0,2024-04-04T15:11:06Z,2024-04-04T15:11:06Z
UgzpsvHS7twvZ-8oU8N4AaABAg,,False,@또잉-c4u,도영아 청춘을 담아 노래해줘서 고마워,0,2024-04-04T15:11:06Z,2024-04-04T15:11:06Z
UgxCnxtP5WiukKvRmOJ4AaABAg,,False,@miyaya1126,아름답다 도영아 눈물이 나,0,2024-04-04T15:11:04Z,2024-04-04T15:11:04Z
UgyfMTCNmRiLOjo6N8l4AaABAg,,False,@dbsuwhbs,도영이가 말하는 청춘을 들을 수 있어서 좋다 응원하고 애정해 항상,0,2024-04-04T15:11:04Z,2024-04-04T15:11:04Z
UgxII73o7-nD1DDTzlB4AaABAg,,False,@kdy323,Im crying its soo pretty 😭😭,0,2024-04-04T15:11:01Z,2024-04-04T15:11:01Z
Ugy8RWmT3xVo3s4M9Q14AaABAg,,False,@haerene2316,just wow😮,0,2024-04-04T15:11:00Z,2024-04-04T15:11:00Z
Ugwg0CL_5db3D3sHewl4AaABAg,,False,@yu_s37,Que LINDO. Esse álbum vai estar espetacular.,0,2024-04-04T15:10:57Z,2024-04-04T15:10:57Z
Ugz_pnHVDzZ86SMuuSp4AaABAg,,False,@mymelody9028,노래하고 싶어서 물 밖을 동경하는 인어 왕자 가타여,0,2024-04-04T15:10:55Z,2024-04-04T15:10:55Z
UgycdodLdhUBVq3nAhp4AaABAg,,False,@malenabasualdo1300,Hermosooo,0,2024-04-04T15:10:52Z,2024-04-04T15:10:52Z
Ugx_xbdUcIOAdvwgaIt4AaABAg,,False,@journalwithdoie,everything are so wonderful..,0,2024-04-04T15:10:50Z,2024-04-04T15:10:50Z
UgzqWKSDfKDCcVdNL5J4AaABAg,,False,@haddody,Wow,0,2024-04-04T15:10:49Z,2024-04-04T15:10:49Z
Ugy0-BRa1nPJrbiYqSp4AaABAg,,False,@yuyoe4h,와.... 노래 좋다...,0,2024-04-04T15:10:49Z,2024-04-04T15:10:49Z
UgzFlIcNNT_eRIh2Djx4AaABAg,,False,@kdy323,The music the colors doyoungs voice everything is so beautiful,1,2024-04-04T15:10:47Z,2024-04-04T15:10:47Z
Ugx46uACT2oza5-pCPN4AaABAg,,False,@user-xu5jp3ir6h,너무 이뻐서 넋 놓고 보고 있다가 도영이 목소리 나올 때 눈물 터짐 청춘을 노래하고 싶다던 도영이는 그 꿈을 이뤘구나 🥺🥺 너무 벅차오름,0,2024-04-04T15:10:47Z,2024-04-04T15:10:47Z
Ugzgo5RvdXlJwDP8QHt4AaABAg,,False,@djlantikarini,우리 뎡이 잘했어! 앞으로도 잘할거야!,0,2024-04-04T15:10:44Z,2024-04-04T15:10:44Z
UgyEYheE3iRzwp18y3t4AaABAg,,False,@leemmmmakku4375,Doyo ❤❤😊,0,2024-04-04T15:10:43Z,2024-04-04T15:10:43Z
Ugyr31b9OFPLp0VvQcV4AaABAg,,False,@so.u4zx,"노래가 도영이 그 자체야
순수하고 청량해
본인의 색으로 더 찬란하게 빛나
아련한데 시원해 근데 또 따듯해
세상에 모든 좋은말들로도 도영이를 표현할수없어

앞으로도 더 빛날 도영이를 늘 응원할게",0,2024-04-04T15:10:43Z,2024-04-04T15:10:43Z
UgynmlhsxlsZWQzOuRN4AaABAg,,False,@bean4000,내가 김도영 좋아하는 이유가 다시금 다 떠올랐어...,0,2024-04-04T15:10:41Z,2024-04-04T15:10:41Z
Ugw6qrHj4BwqqPdiNbZ4AaABAg,,False,@sumnoodle8680,OMG,0,2024-04-04T15:10:40Z,2024-04-04T15:10:40Z
UgyCYzx9rFI6pOKortN4AaABAg,,False,@lovelytyten5380,โดยองเก่งมากค่ะ 💚,0,2024-04-04T15:10:39Z,2024-04-04T15:10:39Z
UgwKZXRrylRFXjWPKrF4AaABAg,,False,@dn_prz,"😭😭😭❤️ será el mejor álbum, ya quiero que salga 🥹🫶🏼",0,2024-04-04T15:10:39Z,2024-04-04T15:12:00Z
UgymDccEq6uys4c_ZVN4AaABAg,,False,@protectjungwoo,나의 아기모아나🌊🫧 노래하는 도영이를 역시 오래오래 보고싶어 행복하자 도영아!!!,0,2024-04-04T15:10:37Z,2024-04-04T15:10:37Z
UgwDyHWmo8HbClep0ut4AaABAg,,False,@mwwara,I’m so proud of you doyoung 🥹🩵🪼🪸✨,0,2024-04-04T15:10:36Z,2024-04-04T15:10:36Z
UgzzME2ZTu-DPP6Mi1Z4AaABAg,,False,@kaltenvenegas4086,Crying right now,0,2024-04-04T15:10:34Z,2024-04-04T15:10:34Z
Ugy17zegH7ISwsjUlH14AaABAg,,False,@Arnkdy,As expected from our siren. He sound and looks so damn pretty. Our forever pride,0,2024-04-04T15:10:34Z,2024-04-04T15:10:34Z
UgxPLcZG1Kr1vkMCq0N4AaABAg,,False,@mornorr_,OMGGG,0,2024-04-04T15:10:35Z,2024-04-04T15:10:35Z
Ugz555cUAg5j4czM7OR4AaABAg,,False,@Mdrianslk,DOYOUNG NEVER BEATING THE SIREN ALLEGATIONS !!,0,2024-04-04T15:10:34Z,2024-04-04T15:10:34Z
UgxRdpyUD18F896vCXx4AaABAg,,False,@Dn6f,아니 도영아 너는 왜 노래도 꼭 너 같냐구💚🫶🩵 진짜 티없이 깨끗한 느낌 그자체 아름답다,0,2024-04-04T15:10:34Z,2024-04-04T15:10:34Z
Ugw9paaht5t2Ju-dDLF4AaABAg,,False,@sabrinadewantielf,Doyoung ahh your voice 🥹🥹💚💚,0,2024-04-04T15:10:32Z,2024-04-04T15:10:32Z
UgyctukZGE9cCq2Ofzh4AaABAg,,False,@kdy323,A disney prince,0,2024-04-04T15:10:30Z,2024-04-04T15:10:30Z
UgzXN2uO6voOaD9Mogt4AaABAg,,False,@neogoldfish,this is MASTERPIECE ! ㅜㅜ,0,2024-04-04T15:10:30Z,2024-04-04T15:10:30Z
UgzVtvscvqdBur0H-Ih4AaABAg,,False,@pooja9256,Lot's of love from India💙,1,2024-04-04T15:10:28Z,2024-04-04T15:10:28Z
UgwYLRq0a1Gqtdf60UJ4AaABAg,,False,@amandon4221,Scream y'all,0,2024-04-04T15:10:26Z,2024-04-04T15:10:26Z
Ugz9lrz9LjCTk2Gq95t4AaABAg,,False,@journalwithdoie,"my singer doyoung, thank you for coming into our life and letting us hear your beautiful voices ♡",0,2024-04-04T15:10:26Z,2024-04-04T15:10:26Z
UgyC8Dj1BjyIZfCROKR4AaABAg,,False,@doieforbubu1,Your voice is really magical.😭 God Im so proud of you my boy.🩵 DOLO is really worth the wait.🩵✨️,0,2024-04-04T15:10:25Z,2024-04-04T15:10:25Z
Ugx3YjUtWwdArzvE7Qp4AaABAg,,False,@-v-zzZ,와 찢었다..... 영상도 개쩔고 노래도 미쳤다....... 쿨톤의 황제다운 푸른빛 앨범이라니.. 나 심장 뛰어.....,0,2024-04-04T15:10:24Z,2024-04-04T15:10:24Z
UgzFtBveFvwUREJaaot4AaABAg,,False,@たこ酢-auoc,"Korean Citizen, please tell me the lyrics in Korean",0,2024-04-04T15:10:22Z,2024-04-04T15:10:22Z
UgyQopTG7GjwpqAW0lx4AaABAg,,False,@ploylarayaa9974,เก่งมากกกกกกกก,0,2024-04-04T15:10:22Z,2024-04-04T15:10:22Z
UgwXKk1ZWtIV6Me1_xZ4AaABAg,,False,@kdy323,This is the prettiest thing i have ever seen,0,2024-04-04T15:10:20Z,2024-04-04T15:10:20Z
UgwiNiITSN89WEF7Z1V4AaABAg,,False,@waterbottle6736,THIS IS SO DOYOUNG,1,2024-04-04T15:10:20Z,2024-04-04T15:10:20Z
UgxK4SIzzSeDaWnI0M94AaABAg,,False,@nakayumoto2697,"You're my star, Doyoungie. One of the lights of my life. I'm truly so happy you're finally getting your very first album.",1,2024-04-04T15:10:19Z,2024-04-04T15:10:19Z
Ugx4DuT5sxG8575vRl54AaABAg,,False,@zoebaee,감동실화냐 심장떨리고 울컥함ㅜㅜㅜㅜㅜ,0,2024-04-04T15:10:19Z,2024-04-04T15:10:19Z
UgzDLwR_yaz0pZTCueh4AaABAg,,False,@5taricecream,너무좋아서 진짜로 눈물이 났어… 열두시에 뜨는 거 금지시켜야만. 벅차고 설레고 눈물나서 잠 못자는 사람됨 ㅠㅠㅠ 너무 좋다 도영아… 좋다는 말로 다 표현이 안 돼…,0,2024-04-04T15:10:15Z,2024-04-04T15:10:15Z
UgysK2hyATaZt_LtHP14AaABAg,,False,@user-pe1et7ht3c,말도안돼너무좋어...,0,2024-04-04T15:10:14Z,2024-04-04T15:10:14Z
Ugztj8cg7ZNjbdvshHZ4AaABAg,,False,@qtri1186,看哭了🥹😭,0,2024-04-04T15:10:14Z,2024-04-04T15:10:14Z
UgxWu8f-NlsItWs5DZp4AaABAg,,False,@user-ideidj3uEI75,앨범이 도영이 그 자체다,0,2024-04-04T15:10:13Z,2024-04-04T15:10:13Z
UgyNGjKlz89Y3hLti-B4AaABAg,,False,@s_j_h95,고음 나올때 뭔가 진심이 느껴져서 감동 울컥 했다ㅠ 도영아 너무 좋다 고마워💚,1,2024-04-04T15:10:12Z,2024-04-04T15:10:12Z
UgwTPJ-tYSupJpBAq6d4AaABAg,,False,@putsomerecordson,아니 세상에… 진짜 너무 좋아서 벅차오른다 도영아 ㅠㅠ..,0,2024-04-04T15:10:12Z,2024-04-04T15:10:12Z
Ugzf5HO-LEDGyGJJx0V4AaABAg,,False,@星星-f4b,感觉灵魂都被净化了😭😭😭😭😭😭🥹🥹🥹🥹🥹🥹,0,2024-04-04T15:10:09Z,2024-04-04T15:10:09Z
Ugza3ySb8CYCk-J0EbB4AaABAg,,False,@Ddekseb49,โดยองเหมาะกับสีฟ้าของท้องทะเลมาก เสียงอันไพเราะของลิตเติ้ลเมอร์เมด ร้องไห้ดีกว่า 😭😭😭🩵🩵🩵🩵🩵🩵🩵,0,2024-04-04T15:10:09Z,2024-04-04T15:10:09Z
UgyDnyvqFoCnwdQBUxF4AaABAg,,False,@waterbottle6736,KIM DOYOUNG YOU ARE PHENOMENAL,1,2024-04-04T15:10:09Z,2024-04-04T15:10:09Z
UgwNdSwykpZKB1kmVz14AaABAg,,False,@luluindira1492,I got goosebumps🥺 so pulchritudinous🥺💙 feels like watching disney movie🧜🏻‍♂️🪸🐋🐳🌊🩵💙🩷💜,0,2024-04-04T15:10:06Z,2024-04-04T15:10:06Z
UgzmJFR6xc2vMpDrFiB4AaABAg,,False,@챠-z1g,도영이 목소리 들리자마자 진짜 소름돋았어.... 너무 좋아서 리액션도 고장나버림 도영이가 노래할 청춘 기대된다 도영아 정말 노래해줘서 고마워 ㅜㅜ 🩵,0,2024-04-04T15:10:06Z,2024-04-04T15:10:06Z
Ugx6xNJbplGhebuXNgV4AaABAg,,False,@kdy323,Im speechless,0,2024-04-04T15:10:05Z,2024-04-04T15:10:05Z
Ugx13OKfeYd4jeTpKcZ4AaABAg,,False,@do0fan,도영아 됐다 이거다,0,2024-04-04T15:10:04Z,2024-04-04T15:10:04Z
UgyrKy2fzpNeG9I5a194AaABAg,,False,@이승연-c9y,도영 솔로앨범 축하해~,0,2024-04-04T15:10:03Z,2024-04-04T15:10:03Z
UgxQ0tf8DRF1NjiLRkd4AaABAg,,False,@do0_221,사랑해 사랑해 사랑해 사랑해 사랑해 사랑해 사랑해 사랑해 사랑해 사랑해 사랑해 사랑해ㅠㅠㅠㅠㅠㅠㅠㅠㅠㅠㅠㅠㅠㅠㅠ,0,2024-04-04T15:10:02Z,2024-04-04T15:10:02Z
Ugy0uriBRzgb4TC82td4AaABAg,,False,@sugaringtuu,lets go doyoung!! very proud of you 💚💚,0,2024-04-04T15:10:01Z,2024-04-04T15:10:01Z
Ugzw-cEr2pwAvH-ABlx4AaABAg,,False,@safira2360,❤❤❤,0,2024-04-04T15:09:59Z,2024-04-04T15:09:59Z
UgxMxAPPYDTH6vkn7gB4AaABAg,,False,@doyopumn,"watching with teaser, this mini album of doyoung will be too good I know doyoung from Peru 🇵🇪 I will be supporting you let's go doyoung💚",0,2024-04-04T15:09:59Z,2024-04-04T15:09:59Z
UgyjjPkh9tN8vuh_8694AaABAg,,False,@bxnnyd,야도영아....... 나진짜너를어디까지사랑하라고이래,0,2024-04-04T15:09:59Z,2024-04-04T15:09:59Z
UgxAC_-NrfkdYT5up_B4AaABAg,,False,@HeraKang2385,ost인 줄 알았어 멋있는데…,1,2024-04-04T15:09:59Z,2024-04-04T15:09:59Z
UgxrSDuImXavYDL-Dzh4AaABAg,,False,@wee_ppy,도영아 너가 나의 봄이야,0,2024-04-04T15:09:57Z,2024-04-04T15:09:57Z
Ugw3dIwx55pxA8UR1f14AaABAg,,False,@maybebbny,น้องโดยองเป็นนางเงือกจริงๆด้วย เจ้าหญิงแห่งท้องทะเลของแม่💙🩵,0,2024-04-04T15:09:57Z,2024-04-04T15:09:57Z
Ugy-l83_2jS7v3J7x6x4AaABAg,,False,@airyvoices,아름답다 도영아,0,2024-04-04T15:09:57Z,2024-04-04T15:09:57Z
UgzufRXmuL5N2HeZ0CN4AaABAg,,False,@klsolis,This is so beautiful! I'm so excited! Good job Doyoung!💚💚,1,2024-04-04T15:09:56Z,2024-04-04T15:09:56Z
Ugz6cQhOdf1zxnkre9Z4AaABAg,,False,@qtri1186,"Doyoung, thank you for singing and congratulation to you of finally having a solo album that is full of your beautiful voice, colour and emotion🩵🩵",1,2024-04-04T15:09:55Z,2024-04-04T15:09:55Z
Ugx81I1Bvomh9sYlurh4AaABAg,,False,@missSatournels,pertama denger langsung mikir ini melodinya enak banget,0,2024-04-04T15:09:53Z,2024-04-04T15:09:53Z
Ugz9rkOx4vVmrVFGghd4AaABAg,,False,@Goodforyou517,와 디즈니느낌나는 도영이 목소리로만 채워진 솔로곡이라니........,0,2024-04-04T15:09:52Z,2024-04-04T15:09:52Z
UgxB1mBfelmdOmvt9Yl4AaABAg,,False,@먐-d2f,도영아 진짜 너무 좋다 진짜 도영이 다운 도영이가 바래왔던 그런 분위기 그런 느낌의 앨범이 될 것 같아 너무 기대돼 ㅠㅠㅠㅠ,0,2024-04-04T15:09:51Z,2024-04-04T15:09:51Z
UgwGCJYv09HpZIxk1kV4AaABAg,,False,@mikidayo_,수많은 노래가 있겠지만 나는 도영의 노래가 가장 진한 파랑의 청량일 것 같다 ㅜㅜ 좋은 노래 들려줘서 정말 고마워요 ❤,0,2024-04-04T15:09:50Z,2024-04-04T15:09:50Z
Ugz8ekDylRILlvdWqS94AaABAg,,False,@camsski,"This is so beautiful, magical and comforting, I'm super proud of you doyoung and can't wait for the 22nd. Youth fighting!! 🩵🩵",0,2024-04-04T15:09:50Z,2024-04-04T15:18:16Z
Ugyz0eDhF2ccdo0ZZsd4AaABAg,,False,@miiumeoi,THIS IS SO FKIN BEAUTIFUL IM ON TEARS 😭😭😭😭😭😭😭😭,0,2024-04-04T15:09:49Z,2024-04-04T15:09:49Z
UgxrcQShh75cI3D-lUJ4AaABAg,,False,@lovely_o5o,"진짜 오빠다운 앨범,,,💚",0,2024-04-04T15:09:47Z,2024-04-04T15:09:47Z
UgzbU4QL5fzve6imrZx4AaABAg,,False,@tsekkkkk2352,엄처ㅓㅓㅓㅓㅇ 기대된다,0,2024-04-04T15:09:45Z,2024-04-04T15:09:45Z
UgwZHzdZYbXvKdFTslp4AaABAg,,False,@user-bb1ie1fy8r,노래 너무 좋아,0,2024-04-04T15:09:43Z,2024-04-04T15:09:43Z
UgwuF571OCAG4wKjMft4AaABAg,,False,@지안-m5i,와 김도영 진짜 개잘생겼다 아니 노래는 또 왜케 좋고 목소리가 그냥 미침ㄷㄷㄷㄷ 이 노래 대박날듯!!!!!!!!! 이건 떠야 됨!!!!!!!!!!!,128,2024-04-04T15:09:41Z,2024-04-04T15:09:41Z
Ugx2cMDV1YwcM_pIoFx4AaABAg,,False,@Kimmekikm,Doyoung voice is wonderful 🧜🏻🫧🩵,0,2024-04-04T15:09:41Z,2024-04-04T15:09:41Z
Ugxc7H2AnvuFRrrdhqV4AaABAg,,False,@hedatube,"이거구나 내가 도영이 목소리로 듣고 싶었던 게 바로 이거구나 그래 도영이는 어쩌면 내 기대를 나보다 더 잘 알고 있었구나
내가 무엇을 상상하든 그 이상으로 보여주는 내 가수..
너의 청춘을 함께 하고 있음에 오늘도 너무 감사해",1,2024-04-04T15:09:40Z,2024-04-04T15:09:40Z
UgzpyyPfzCM8SE7Cjmp4AaABAg,,False,@ssu_banggu,도영아 너의 목소리가 나오자마자 눈물이 왈칵 나왔어 노래해줘서 고마워 항상 너의 목소리를 응원할게 💚,0,2024-04-04T15:09:40Z,2024-04-04T15:11:21Z
UgwyXTO-bk9NMaRTtpl4AaABAg,,False,@offroad_.,ผจญภัยมากกดด,0,2024-04-04T15:09:39Z,2024-04-04T15:09:39Z
UgzPRmBpGzyesg-om0B4AaABAg,,False,@eaea8660,You’re amazing I love you so much!!!!!!!!!!!!!!!!!!!!!!!!!!! Can't wait for the release and listen to your voice,0,2024-04-04T15:09:39Z,2024-04-04T15:09:39Z
UgzdisgfXI4qEAuVthV4AaABAg,,False,@lemonpeach5291,This looks and sounds so beautiful! So proud of our Doyoung! 💖🎉,2,2024-04-04T15:09:39Z,2024-04-04T15:09:39Z
UgwdY3UZHF7baupg1dN4AaABAg,,False,@jooeun9xs,เหมือนใช้ชีวิตคุ้มแล้วที่ได้ฟังพี่โดยองร้องเพลง ขอบคุณนะคะ ✨🩵🐰😭 นี่รักเสียงพี่โดยอง รักพี่โดยองมาก,0,2024-04-04T15:09:38Z,2024-04-04T15:09:38Z
Ugxo6PD7HZPzfeh4sBZ4AaABAg,,False,@encitea,AMINE MAIN LEAD KIM DOYOUNG,0,2024-04-04T15:09:37Z,2024-04-04T15:09:37Z
UgzvVJk9Rt0eDzwrkl14AaABAg,,False,@miamoscovitz1697,0:37 wow!!!!!!,0,2024-04-04T15:09:35Z,2024-04-04T15:09:35Z
UgyBOcrWTAlv3SuB6IN4AaABAg,,False,@cemengg,"SUARANYA BIKIN GILA 😞❤️❤️, BAGUS BANGETT",0,2024-04-04T15:09:33Z,2024-04-04T15:09:33Z
Ugx-sBj5GKnskLM2cZt4AaABAg,,False,@chenjina1787,DOYOUNG OPPA!!!! YOU ARE ALL THE BEST!! CONGRAST FOR YOUR DEBUT WITH FIRST ALBUM,0,2024-04-04T15:09:32Z,2024-04-04T15:09:32Z
UgwiH8YSTT3uJYF0eVN4AaABAg,,False,@pooja9256,"The scenery, Doyoung and his voice is everything! It's just an Amazing💙Eagerly waiting for his full album💜",2,2024-04-04T15:09:31Z,2024-04-04T15:09:31Z
UgxN2hHgE4Mtv5dbTXx4AaABAg,,False,@김김-u5v,흐아아랑🥲 최고야,0,2024-04-04T15:09:30Z,2024-04-04T15:09:30Z
Ugz5L_9NEv5MTrHg6SB4AaABAg,,False,@Jun1v3rsl,"이걸두고 걱정했단말이야..? 쫄면아니라더니 영아 맘껏 노래불러 도영팀이 늘 든든하게 있을게
새봄처럼 소중하게 와줘서 고마워 진짜 큰 선물이다 김도영깔 대박이다 증말🥹",0,2024-04-04T15:09:28Z,2024-04-04T15:09:28Z
Ugz6geAhLbvFj5HXD354AaABAg,,False,@Mdrianslk,YOOO THE AESTHETIC ⁉️,0,2024-04-04T15:09:27Z,2024-04-04T15:09:27Z
UgzAUo7rjPu5iQubsG14AaABAg,,False,@user-bb1ie1fy8r,ㅠㅠㅠㅠ 도영아ㅏㅏㅏ,0,2024-04-04T15:09:27Z,2024-04-04T15:09:27Z
UgytcaO3P9fFzYQqsxF4AaABAg,,False,@beuqlanduenakq,노래 하는 도영이 너무 좋다 보기만 해도 행복해져,0,2024-04-04T15:09:25Z,2024-04-04T15:09:25Z
Ugx0CAKEi1rBBb08M7x4AaABAg,,False,@1996yrs,🩵🩵🩵🩵🩵🩵🩵🩵🩵🩵🩵,0,2024-04-04T15:09:25Z,2024-04-04T15:09:25Z
UgwmNit4-Nlu__jdjc94AaABAg,,False,@Muhangahmuhang,도영아 너 진짜 일냈다 진짜 너무 좋아,0,2024-04-04T15:09:24Z,2024-04-04T15:09:24Z
Ugyg5AJlD3ZX_dFclPJ4AaABAg,,False,@violinzi,I'm crying this is so beautiful.. doyoung I love you,0,2024-04-04T15:09:24Z,2024-04-04T15:09:24Z
UgxO0HQDpM1RlqFzwaB4AaABAg,,False,@missSatournels,the melody and doyoung's voice is so cool,0,2024-04-04T15:09:24Z,2024-04-04T15:09:24Z
UgzDW2_VKfHBtP0Zybd4AaABAg,,False,@mylov33,내 사랑,1,2024-04-04T15:09:23Z,2024-04-04T15:09:23Z
UgwxApcuEkcLZvhXbJt4AaABAg,,False,@Palacpacky,ปังมากกก รอฟังไม่ไหวแล้ว❤❤❤🎉🎉😊😊,0,2024-04-04T15:09:23Z,2024-04-04T15:09:23Z
Ugx-vYQSPIfmzWRH7RB4AaABAg,,False,@elsarchv,"Bagus banget... doyoung, dolo sukses aamiin!",0,2024-04-04T15:09:22Z,2024-04-04T15:09:22Z
Ugz-BhuCtOo0fgC1v8t4AaABAg,,False,@zoebaee,아 진짜 출근하는버스에서 빨리 듣고싶다 개극락갈듯,0,2024-04-04T15:09:21Z,2024-04-04T15:09:21Z
UgzD2_vaylvFSYIXHl14AaABAg,,False,@김다제-l5i,도영아 사랑합니다.........,0,2024-04-04T15:09:21Z,2024-04-04T15:09:21Z
UgzGytfqTlwN4BWgfDJ4AaABAg,,False,@박하은-t2l,도영아..대박이다,0,2024-04-04T15:09:21Z,2024-04-04T15:09:21Z
Ugz5dQPxjsoTa-AKNqB4AaABAg,,False,@joanne3718,I love it so much,0,2024-04-04T15:09:20Z,2024-04-04T15:09:20Z
UgzAWJ4nBUZmoZ8kotB4AaABAg,,False,@뮬-u2l,지브리냐고....  도영이가.. 나의 지브리지 뭐니...ㅠㅠ,0,2024-04-04T15:09:19Z,2024-04-04T15:09:19Z
UgzXh4JCRKJY7qOUrK54AaABAg,,False,@jheca3058,❤❤❤❤,0,2024-04-04T15:09:19Z,2024-04-04T15:09:19Z
UgwexEwnsww9KxXS2al4AaABAg,,False,@rishag372,너무 아름다워 우리도영이ㅠㅠ💙,0,2024-04-04T15:09:17Z,2024-04-04T15:09:17Z
UgyBGPnG9UlPfWzdTM54AaABAg,,False,@strongestduo_6682,ディズニーの世界観のような、、プリンスドヨン様すぎる、、、美しい,0,2024-04-04T15:09:10Z,2024-04-04T15:09:10Z
UgyTd56-EwU_zjrWcxR4AaABAg,,False,@aratiarara,Kamu keren banget ka ❤,0,2024-04-04T15:09:09Z,2024-04-04T15:09:09Z
UgycbJh39ML1BTfbkw94AaABAg,,False,@jen8116,진심을 꾹꾹 담았다던 도영이가 보여주고 싶은 진심이 진짜 다 담겼네,0,2024-04-04T15:09:09Z,2024-04-04T15:09:09Z
Ugz5jo22dcjJ8tpgxoF4AaABAg,,False,@viviasjuhamdayani8301,😭😭😭😭😭😭,0,2024-04-04T15:09:09Z,2024-04-04T15:09:09Z
UgzKr3I_H9Sjlcru7kt4AaABAg,,False,@skidz1533,"Soloist kita doppu , keren banget kamu pantas dapet full album doyoung uhh aku nangis saking bangga nya",0,2024-04-04T15:09:08Z,2024-04-04T15:09:08Z
UgzKr3I_H9Sjlcru7kt4AaABAg.A1oX6ox9qV2A1oXNTiXTEL,UgzKr3I_H9Sjlcru7kt4AaABAg,True,@skidz1533,Ih melow deh aku ampe nangis,0,2024-04-04T15:11:25Z,2024-04-04T15:11:25Z
Ugx7or-shVnh4VL8J8Z4AaABAg,,False,@miamoscovitz1697,The VOICE!!!!,0,2024-04-04T15:09:08Z,2024-04-04T15:09:08Z
UgzlhKLjoy_bzLnAnWF4AaABAg,,False,@mp3_yourluv,청춘은 김도영의 것,0,2024-04-04T15:09:06Z,2024-04-04T15:09:06Z
UgzGAZZIpWZMaowZJKh4AaABAg,,False,@jetvanderpluijm9539,More than exited🫶🫶💕,0,2024-04-04T15:09:06Z,2024-04-04T15:09:06Z
Ugyv-11zPGSuqDg4Gp54AaABAg,,False,@user-cj8wp6nu6e,찬란한 도영이의 청춘,0,2024-04-04T15:09:06Z,2024-04-04T15:09:06Z
Ugw5bnNJfifCdwsUKcl4AaABAg,,False,@Lila0110,Next Taeil Please 🥺,0,2024-04-04T15:09:05Z,2024-04-04T15:09:05Z
UgxzJdbGnI--luIIFfB4AaABAg,,False,@ElyciaYuniar,아름다운 노래 나는 이것을 좋아한다 ❤,0,2024-04-04T15:09:04Z,2024-04-04T15:09:04Z
UgyRrdZl7d3CRLVsBDZ4AaABAg,,False,@reaanatm,AAAAA I ALREADY CAN FEEL THE STRONG EMOTION 😭😭😭😭😭 AND ALSO YOUR HIGH NOTEEEE OMGGG. I can feel the sadness somehow and want to give doyoung oppa the warmest hug 😔 I CAN'T WAIT FOR THE FULL VERSION ❤,0,2024-04-04T15:09:03Z,2024-04-04T15:09:03Z
UgwPcU3-FzhGx0csx2t4AaABAg,,False,@프리스틀리,도영이 내 청춘이고 지금이야,0,2024-04-04T15:09:02Z,2024-04-04T15:09:02Z
Ugxs2XnP_8iIg5OEpAp4AaABAg,,False,@togtuun2871,what in the disney world!!!!!! SOOOOOO GOOOOOOOD,0,2024-04-04T15:09:01Z,2024-04-04T15:09:01Z
Ugy8LFqccZkvZ_LkV2x4AaABAg,,False,@bbabuyya,도영아 첫 솔로 앨범 너무 축하해요 🩵🩵,0,2024-04-04T15:09:00Z,2024-04-04T15:09:00Z
UgwE1p3fIYcHehmesmt4AaABAg,,False,@smackdowntofu188,this feels so magical 😭😭😭,1,2024-04-04T15:09:00Z,2024-04-04T15:09:00Z
UgwhVygx9EyFNcTEa0p4AaABAg,,False,@oursadness5372,WAIT THIS IS SO BEAUTIFUL LETS GO DODO ❤,0,2024-04-04T15:09:00Z,2024-04-04T15:09:00Z
UgyRus7SxAJROEzm3xt4AaABAg,,False,@puanmaharani329,so proud of him 🥺,0,2024-04-04T15:09:00Z,2024-04-04T15:09:00Z
UgxEtKB3m9h9H47MSK94AaABAg,,False,@letsdojaejungmany,와… 도영아……….,1,2024-04-04T15:08:59Z,2024-04-04T15:08:59Z
Ugyb8hllruToymH5uid4AaABAg,,False,@아아-r7y,"도영이가 노래할 청춘이 더 기대된다
노래해줘서 고마워 도영아!!!",0,2024-04-04T15:08:58Z,2024-04-04T15:08:58Z
Ugz77BUCut_YeK5xY5R4AaABAg,,False,@토끼-o4c,도영아 너의 20대가 이 노래로 빛나겠다 우리 새봄에 보자,1,2024-04-04T15:08:56Z,2024-04-04T15:08:56Z
Ugz8zbsvBhDrbFp8sDR4AaABAg,,False,@ntasyandini7824,SO BEAUTIFUL KAK DOYYY IM CRY CRY😭❤️‍🔥,0,2024-04-04T15:08:55Z,2024-04-04T15:08:55Z
UgyV5-eul6FBfVm34Wl4AaABAg,,False,@phy970414,미쳤다 나의 디즈니 토끼 왕댜님… 도영아 첫번째 솔앨 너무너무 축하해🩵🩵🩵🩵 노래 넘조타ㅜㅜㅜㅜㅜㅜㅜㅜㅜㅜ아아아아ㅏㅇ악,393,2024-04-04T15:08:54Z,2024-04-04T15:08:54Z
UgzMTrAF6XtqGxn8jBd4AaABAg,,False,@amandon4221,Aaaaa...... Doyoung Hyung can't wait to hear your heaven voice❤❤❤,0,2024-04-04T15:08:53Z,2024-04-04T15:08:53Z
UgyzUtSsmlQzrW86ZpN4AaABAg,,False,@summerbaek.,도영아 ㅈ진짜 울거같아ㅜㅜ...... 청춘을 노래하고 싶다던 도영이가 진짜 청춘을 가득 담아왔잖아..... 내가 이걸 잔디마당에서 라이브로 들을수있다구요......,0,2024-04-04T15:08:52Z,2024-04-04T15:08:52Z
UgxvwvZQy7Aj0OA6N654AaABAg,,False,@last_ringo,"도영이가 도영이답게 도영이의 청춘을 노래하는 걸 보는 게 너무 좋다,,, 나는 도영이가 도영이다운 게 너무 좋아,,,",0,2024-04-04T15:08:51Z,2024-04-04T15:08:51Z
UgxlKoGY0xomWX9pKct4AaABAg,,False,@do0855,BEAUTIFUL,0,2024-04-04T15:08:50Z,2024-04-04T15:08:50Z
UgwH0aJ5LEmPW_-r_BF4AaABAg,,False,@user-cj8wp6nu6e,도영아아아ㅜㅜ,0,2024-04-04T15:08:50Z,2024-04-04T15:08:50Z
Ugx0NPaVsF0JSsf01Kl4AaABAg,,False,@endiesstars1616,THIS LOOKS AND SOUNDS SO MAGICAL AHH I CAN'T WAIT TO HEAR THE FULL ALBUM AND BE BLESSED BY DOYOUNG'S BEAUTIFUL VOICE 🤩,1,2024-04-04T15:08:49Z,2024-04-04T15:08:49Z
UgzdwMYoBMtwvM0gpxF4AaABAg,,False,@MissPeyapachRiangkwam,❤,0,2024-04-04T15:08:48Z,2024-04-04T15:08:48Z
UgzJzwOOZRndvWBZVZt4AaABAg,,False,@듀듀-z3e,역시 도영이 노래는 거짓말 안한다..,0,2024-04-04T15:08:48Z,2024-04-04T15:08:48Z
UgwsO9_RMzzI6Z9u7zl4AaABAg,,False,@dyngdies,도영이를 주셔서 감사합니다,0,2024-04-04T15:08:47Z,2024-04-04T15:08:47Z
UgxWIz8GbpnEGRgViqJ4AaABAg,,False,@happydyday,걍 22일까지 기절함  어케 기다림,2,2024-04-04T15:08:46Z,2024-04-04T15:08:46Z
UgyO8MHUL8rh9FW77YN4AaABAg,,False,@eunikenatania6102,정말 예쁩니다 😢😢,4,2024-04-04T15:08:45Z,2024-04-04T15:08:45Z
UgwP8N0rfQuGiSHXN6F4AaABAg,,False,@Kanna_acuki,Безумно красиво,0,2024-04-04T15:08:45Z,2024-04-04T15:08:45Z
Ugy1XD1OFR40B2zG06d4AaABAg,,False,@SereLubis-zi3gk,"OMG, OMG,  OMG ❤❤❤❤",0,2024-04-04T15:08:43Z,2024-04-04T15:08:43Z
Ugy1cCchDl_7XVj33fZ4AaABAg,,False,@fullsun635,"Felt like a teaser for a Disney movie, our Prince Doyoung💙💙💙",1,2024-04-04T15:08:42Z,2024-04-04T15:08:42Z
UgxdWvzmHzzodDINkdp4AaABAg,,False,@do0855,WOWWWW,0,2024-04-04T15:08:39Z,2024-04-04T15:08:39Z
Ugy8tD6lucWtMpRfS9Z4AaABAg,,False,@bluetopeach,IT SOUNDS AMAZING ALREADY 😭 THE FILM IS SOOO GREAT😭 OH MY DOYOUNG😭❤,0,2024-04-04T15:08:36Z,2024-04-04T15:08:36Z
Ugwe8xWzHiEFGcyJGSl4AaABAg,,False,@Dn6f,너무 도영이 다워서 눈물 나네 우리 도영이 파이팅💚,0,2024-04-04T15:08:34Z,2024-04-04T15:08:34Z
UgyM1dEarmmtb1D8pgp4AaABAg,,False,@lintangbestari,도영아….,0,2024-04-04T15:08:34Z,2024-04-04T15:08:34Z
Ugx6Q0cUKVdpnsedsnl4AaABAg,,False,@gogoongsim,미쳤다 개좋은데,0,2024-04-04T15:08:33Z,2024-04-04T15:08:33Z
Ugx5KALMtk58xYJMApd4AaABAg,,False,@foreverovly,너무 예쁘다,0,2024-04-04T15:08:33Z,2024-04-04T15:08:33Z
UgzvZ7iJYy-xjndIM4F4AaABAg,,False,@comfy-p9d,도영이의 새로운 청춘 함께할게 사랑해 항상 응원해,0,2024-04-04T15:08:33Z,2024-04-04T15:08:33Z
UgwDopZ852etVaT53zd4AaABAg,,False,@TrangNguyen-zn3rw,오랜만에 뮤비를 보니 감회가 새록새록하고 도영이 목소리부터 촬영장면까지 다 너무 좋아요 도영이 솔로데뷔 성공적으로 했으면 좋겠습니다 ㅠㅠㅠㅠㅠㅠㅠ,36,2024-04-04T15:08:32Z,2024-04-04T15:08:32Z
UgzD5IpPIfsmyt2v5Mx4AaABAg,,False,@kamichan127,Doyoungie!!!!! Yes !!!! 🫧 💕,0,2024-04-04T15:08:31Z,2024-04-04T15:08:31Z
Ugxu0dFzyQvZoh3sARt4AaABAg,,False,@Goodforyou517,사랑한다김동영내세계는너뿐이야,0,2024-04-04T15:08:30Z,2024-04-04T15:08:30Z
UgxX75ye5urecsDHEc14AaABAg,,False,@doielve,Devoraste doyoung,0,2024-04-04T15:08:30Z,2024-04-04T15:08:30Z
UgyfaWnCZjbBT5UG4Qd4AaABAg,,False,@lavin_lee93,Pls...he is an angel,0,2024-04-04T15:08:29Z,2024-04-04T15:08:29Z
UgzumfU0VW33_csE99h4AaABAg,,False,@민들레-m3c,노래해줘서 너무 고마워 같이 청춘을 보내줘서 고마워 언제나 함께하자 우리!,0,2024-04-04T15:08:29Z,2024-04-04T15:08:29Z
Ugx49ljlR8bLDJ8nz954AaABAg,,False,@bestdoyoungnista1489,VOY A LLORAR 😭😭😭,0,2024-04-04T15:08:28Z,2024-04-04T15:08:28Z
UgyCO8OjBfw41xnj-ot4AaABAg,,False,@요-l8r,팬들은 도영이가 하고자 하는 것이라면 그 어떤 것이라도 분명히 사랑할 거라는 걸 어디서나 꼭 기억해줬으면 해 난 어쩌면 정말 자신만의 색이 가득 담긴 도영이라는 존재 자체를 기다렸는지도 몰라 도영아 노래해줘서 고마워,1,2024-04-04T15:08:26Z,2024-04-04T15:08:26Z
UgwPgOhboEAgg2wgM394AaABAg,,False,@최아랑-x7w,온 세상 가득히 너의 노래를 듣고싶어,0,2024-04-04T15:08:24Z,2024-04-04T15:08:24Z
UgzIIE7UaJqpMMtZe714AaABAg,,False,@nilas8483,"I'm cryng, this very good, can't wait for apr22",0,2024-04-04T15:08:24Z,2024-04-04T15:08:24Z
UgxoCXYE20hdmGkAhb54AaABAg,,False,@토끼-o4c,"저 우주를 함께 날아갈 거야
온 세상에 가득 힘차게 노래할 거야
이 노래를 타고서 내가 꿈꿔왔던
그곳에서 만나 너에게
새봄의 노래를",1,2024-04-04T15:08:24Z,2024-04-04T15:08:24Z
Ugy8Zh7PneATpQSyXh14AaABAg,,False,@chromemmm3159,Keren 🥺🥺🥺🥺🥺💚💚💚💚❤,0,2024-04-04T15:08:24Z,2024-04-04T15:08:24Z
Ugxxe4ma_O1fqFUz-e94AaABAg,,False,@minrishan,와………… 이제 최고가 약속되어 버렸다…………도영의 가성은 왜 이렇게 마음을 잡을 수 있을까……………………🥹🥹🥹🥹🥹🥹🥹💙💙💙💙💙,0,2024-04-04T15:08:19Z,2024-04-04T15:08:19Z
UgwZAONSOfOOdpE8Fjd4AaABAg,,False,@slmyoung,Keren banget doyoung bangga aku,0,2024-04-04T15:08:18Z,2024-04-04T15:08:18Z
UgzhfymInP_XLxyN3C14AaABAg,,False,@YY-nl1qe,이건 된다,0,2024-04-04T15:08:18Z,2024-04-04T15:08:18Z
Ugx05GQMPfOfWI1TiaB4AaABAg,,False,@dillaanggiejuventia2221,Aaa konsepnya inndah sekalii omg i like the song concept,0,2024-04-04T15:08:16Z,2024-04-04T15:08:16Z
UgyH2_N24PQoWsDYiel4AaABAg,,False,@구라야구라,헐 나미쳐,0,2024-04-04T15:08:15Z,2024-04-04T15:08:15Z
UgxhRb413krYg4-xy5p4AaABAg,,False,@nazrchives,미쳤어 노래 왤게 잘해ㅜㅜㅜ 눈물나게ㅜㅜㅜ,0,2024-04-04T15:08:13Z,2024-04-04T15:08:13Z
UgzBYfomH8LFDPQUICh4AaABAg,,False,@bemybluu_,도영아 진짜 니가 내 청춘이다,0,2024-04-04T15:08:13Z,2024-04-04T15:08:13Z
UgzpmDWsbfaz-si4asZ4AaABAg,,False,@islaminaein,"Baru intro film udah indah banget 🥰💚
Really excited for DOLO 😍💚",1,2024-04-04T15:08:12Z,2024-04-04T15:08:12Z
Ugx0UZ6ErvHw_7E_PTZ4AaABAg,,False,@윤지-r2z,도영아 나 듣는데 눈물 났어..,0,2024-04-04T15:08:11Z,2024-04-04T15:08:11Z
Ugzil001W8rBTDay0EB4AaABAg,,False,@nct127dreamzen,김도영의 첫 솔로데뷔라면 난 그게 뭐든 응원해주려고 했는데 이건 사랑을 줄 수 밖에 없다 온 우주야 도영이 솔로데뷔를 도와라,10,2024-04-04T15:08:07Z,2024-04-04T15:08:07Z
Ugz-OSPUGKnOp9SQHjh4AaABAg,,False,@sdyvjs2900,OMG 😭,0,2024-04-04T15:08:06Z,2024-04-04T15:08:06Z
UgyrhvNG9rKrmz8-JvF4AaABAg,,False,@flowersun7838,Doyoung a 😭 We proud of you,0,2024-04-04T15:08:06Z,2024-04-04T15:08:06Z
Ugx-id97S1idCVtcabZ4AaABAg,,False,@Jeaminwifee,"청춘으로 와줬구나 진짜로,, 도영아 내 인생에 청춘을 같이 만들어줘서 고마워 화이팅",0,2024-04-04T15:08:05Z,2024-04-04T15:08:05Z
UgwQ7UEHTfQdZh6ukbF4AaABAg,,False,@Junmyeony,도영아 첫 솔로 같이 달리자 🏃🏻‍♀️,0,2024-04-04T15:08:03Z,2024-04-04T15:08:03Z
UgwxVD9LWsequIGiouZ4AaABAg,,False,@user-ui4zy7yq5x,그냥 인어왕자해라 김도영;,1,2024-04-04T15:08:03Z,2024-04-04T15:08:03Z
Ugws2C20IEKvLzASoqV4AaABAg,,False,@Onyourthvv,❤❤❤,0,2024-04-04T15:08:01Z,2024-04-04T15:08:01Z
UgxMgfsNyjWPvLNB2B14AaABAg,,False,@sunandmoonsunandmoon5274,Kek lagu disney ya vibes nya,0,2024-04-04T15:07:58Z,2024-04-04T15:07:58Z
UgynmfyEBINkwHGVLa54AaABAg,,False,@neositavr,TE AMO DOYOUNG 😭,1,2024-04-04T15:07:58Z,2024-04-04T15:07:58Z
Ugzm9QC1iYwD4in1LZt4AaABAg,,False,@jjen4814,도영아 노래 해줘서 고마워❤,0,2024-04-04T15:07:56Z,2024-04-04T15:07:56Z
UgwUVOyCkCUzGqVC8Z94AaABAg,,False,@Mdrianslk,THAT'S F*CKING GORGEOUS,0,2024-04-04T15:07:55Z,2024-04-04T15:07:55Z
UgwxwJ5NaIdrOfqF7M14AaABAg,,False,@MonalisaNeverCryDontYouSee,The first few seconds are like returning to Doyoung from the smrookies era singing Under the Sea 😅,0,2024-04-04T15:07:54Z,2024-04-04T15:07:54Z
UgwWXUW8Wpny2nuV7F54AaABAg,,False,@heavenlydi,"i love you so much, my sweetheart 😭💗",0,2024-04-04T15:07:54Z,2024-04-04T15:07:54Z
UgwoCFXhxhBMFqTk-vR4AaABAg,,False,@Radiam790,The concept is so beautiful 💙,0,2024-04-04T15:07:53Z,2024-04-04T15:08:01Z
UgwuH3_N1SzfNn4cTgF4AaABAg,,False,@barbieblue127,สุดหล่อเก่งมาก🫶🏻🫶🏻,0,2024-04-04T15:07:52Z,2024-04-04T15:07:52Z
UgxDkC_yA8DDB5Y5Mx94AaABAg,,False,@keanarif7313,🤍🤍🤍,0,2024-04-04T15:07:49Z,2024-04-04T15:07:49Z
UgyRX8n5UbAmbJZJ3o94AaABAg,,False,@kfl3187,Voy a llorar,0,2024-04-04T15:07:46Z,2024-04-04T15:07:46Z
UgxS5a69_i8LXKunkg94AaABAg,,False,@moonlightbae_,"my ears have been blessed
my depression? *CURED*",0,2024-04-04T15:07:46Z,2024-04-04T15:07:46Z
Ugyy0IXaH7dBKOr8MEd4AaABAg,,False,@wulanpermatasari191,So beautifull doyoung,0,2024-04-04T15:07:44Z,2024-04-04T15:07:44Z
UgxEFIv7nSxBZCylgrF4AaABAg,,False,@neisyarafazahirah7726,kecenyooooo,0,2024-04-04T15:07:44Z,2024-04-04T15:07:44Z
UgxFDzjiuRtYGbp8D4Z4AaABAg,,False,@PompamCute,❤❤❤,0,2024-04-04T15:07:44Z,2024-04-04T15:07:44Z
UgwHICjKXaF71dhk7WZ4AaABAg,,False,@中本ゆうこ-v9v,ドヨン人魚なの？って勝手に想像して泣く。22日楽しみにしてます！,0,2024-04-04T15:07:42Z,2024-04-04T15:07:42Z
Ugz8e8Dd1N-NkFru6pB4AaABAg,,False,@LavendeerHaze,KEREN SEKALI SAYANG KUU 💗,0,2024-04-04T15:07:40Z,2024-04-04T15:07:40Z
Ugw7A2ErAPCB84y_Z094AaABAg,,False,@Mdrianslk,OMG ???,0,2024-04-04T15:07:39Z,2024-04-04T15:07:39Z
UgyUxJbbF4Y_ji8pHbd4AaABAg,,False,@Aphrodittes,uri doyie❤,0,2024-04-04T15:07:39Z,2024-04-04T15:07:39Z
UgxnXS_0ZmgbnKtk16t4AaABAg,,False,@יודהביטון,omgggggg i love so much nct they my kids,1,2024-04-04T15:07:38Z,2024-04-04T15:07:38Z
UgzzPkktFUzypPsk9594AaABAg,,False,@user-second.month.28,ㅁㅊ 진짜 미쳣다 너무기대돼,0,2024-04-04T15:07:38Z,2024-04-04T15:07:38Z
Ugx3039vGABIlCUAOPJ4AaABAg,,False,@anisyadagstn_,정말 기대됩니다!,0,2024-04-04T15:07:37Z,2024-04-04T15:07:37Z
UgyDLI1dJse9OVmx0jd4AaABAg,,False,@juyomimi,QUE EMOCIÓN,0,2024-04-04T15:07:36Z,2024-04-04T15:07:36Z
UgzvC1-_R4Qtir5bu1x4AaABAg,,False,@wtrmlnmrkk,lucu ikan ikan,0,2024-04-04T15:07:36Z,2024-04-04T15:07:36Z
UgyZorow425BIpkpiN94AaABAg,,False,@blumartny,김도영 최고다!! 이번 앨범 너무 기대돼,11,2024-04-04T15:07:35Z,2024-04-04T15:07:35Z
UgxellvDiS5MejLjCYx4AaABAg,,False,@amandon4221,So excited❤❤❤,0,2024-04-04T15:07:35Z,2024-04-04T15:07:42Z
UgweFduwUbOUB_drIsJ4AaABAg,,False,@merry7443,i’m so looking forward to this album,1,2024-04-04T15:07:34Z,2024-04-04T15:07:34Z
UgzJx1bQZkrP8KTxHyV4AaABAg,,False,@nightair5477,Doyoung this is so amazing! I can't wait for the album,1,2024-04-04T15:07:34Z,2024-04-04T15:07:34Z
Ugy6xtLgHdTqWsdSBeh4AaABAg,,False,@mei.sarita9965,"It's sweet and charming, very true to Kim Do Young's style.  Can't wait any longer.  Doyoung is very talented and perfect👏🏻💚🐰🫶🏻",33,2024-04-04T15:07:34Z,2024-04-04T15:07:34Z
UgxyPo8euK8BIBigRVV4AaABAg,,False,@jjohhnnyyy,"도영아~ 노래 너무너무 좋다 벌써 기대돼!!!!
솔로활동 아프지말구 다치지말구 건강하게 하자
도영팀은 항상 도영이를 응원해~~
아 진짜 왕자같아 도영짱 도영최고🩵🩵🩵",0,2024-04-04T15:07:35Z,2024-04-04T15:07:35Z
UgzBBK8JF3A4ZmCjib54AaABAg,,False,@むぎこ-g6t,どよち、、、、、、あなた天才です、、、、、、、、、、、,0,2024-04-04T15:07:33Z,2024-04-04T15:07:33Z
UgyC4irAx0_HokrpgOV4AaABAg,,False,@pistachio214a,도영아 너의 모든 순간을 응원해,0,2024-04-04T15:07:33Z,2024-04-04T15:07:33Z
Ugzgz8-HBTSH1NfD-Hd4AaABAg,,False,@stanseventeen2770,"Ads😢
EDIT:
ATE VOCAL KING CANT WAITTTT
it’s giving Ariel if she ATE",1,2024-04-04T15:07:32Z,2024-04-04T15:08:51Z
Ugyq3uCESGrM53awt114AaABAg,,False,@솜-o8n,"도영이 목소리 듣자마자 소름.., 도영이 목소리에는 한순간에 집중시키고 몰입시키는 힘이 큰것같아 💚 솔로앨범 왕큰기대중💚 너무 고마워 응원할게에에",9,2024-04-04T15:07:30Z,2024-04-04T15:07:30Z
UgyeRrGwsSrU1_cFQcB4AaABAg,,False,@Abigail-su1pc,GOOSEBUMPS,0,2024-04-04T15:07:30Z,2024-04-04T15:07:30Z
UgySnEoPAvZt1Ul80U14AaABAg,,False,@Czennie_Girl,Doyoung  the best singer on earth,0,2024-04-04T15:07:29Z,2024-04-04T15:07:29Z
UgxrfnEopXQOIPFBUD94AaABAg,,False,@lovemazeee,도영아 너의 청춘의 한 페이지를 같이 볼 수 있게 해줘서 너무 고마워 우리 동영이 너무 너무 최고다 노래하는 도영이를 항상 응원하고 또 응원해 !!!!!!,0,2024-04-04T15:07:28Z,2024-04-04T15:07:28Z
UgywckQUIVKCW5YnbgF4AaABAg,,False,@karmeliaayna,💙💙,0,2024-04-04T15:07:28Z,2024-04-04T15:07:28Z
Ugy3Z-8RLOJFY8A6wFJ4AaABAg,,False,@nbldst,KEREN BGT,0,2024-04-04T15:07:27Z,2024-04-04T15:07:27Z
UgyEOjGLOmaG4QmHr_94AaABAg,,False,@neisyarafazahirah7726,wowww,0,2024-04-04T15:07:27Z,2024-04-04T15:07:27Z
UgwBLB1-S22P7XDRWVZ4AaABAg,,False,@dillaanggiejuventia2221,Doyoung oppa fightinggg,0,2024-04-04T15:07:27Z,2024-04-04T15:07:27Z
UgxU8IDyBt7pRorsyRN4AaABAg,,False,@__HH1031,도영이의 청춘은 언제나 빛나고 아름다워 노래 벌써 심장뛰어 ㅠㅠㅠㅠㅠ❤❤❤❤❤❤❤,30,2024-04-04T15:07:26Z,2024-04-04T15:07:26Z
UgwUMShziRHlvVjSK1N4AaABAg,,False,@zdz1431,끄악 배경영상 멜로디 노래까지 너무 이쁘고 아름답다 완곡 듣고 싶다 😊❤,0,2024-04-04T15:07:26Z,2024-04-04T15:07:26Z
Ugxzlp8ORSpbRJ8PCVV4AaABAg,,False,@yeppee_,"청 춘의
포 말
도 영
우리 청포도 화이팅!!!!",35,2024-04-04T15:07:25Z,2024-04-04T15:07:25Z
Ugxzlp8ORSpbRJ8PCVV4AaABAg.A1oWvE2JrxtA1oadWVhJdK,Ugxzlp8ORSpbRJ8PCVV4AaABAg,True,@aaa7034,다같이 청포도🍻,1,2024-04-04T15:48:42Z,2024-04-04T15:48:42Z
Ugxzlp8ORSpbRJ8PCVV4AaABAg.A1oWvE2JrxtA1ocyXS84X4,Ugxzlp8ORSpbRJ8PCVV4AaABAg,True,@yeppee_,다같이 청포도🍻,0,2024-04-04T16:09:02Z,2024-04-04T16:09:02Z
Ugwk0KXCzdLX6DzU8m14AaABAg,,False,@다연-nrciitze,미친거아니야? 이런 노래를 도영이의 목소리로 들을 수 있어서 고마워,0,2024-04-04T15:07:25Z,2024-04-04T15:07:25Z
Ugwyla6NfZDEY6mizst4AaABAg,,False,@jeiare,<333,0,2024-04-04T15:07:24Z,2024-04-04T15:07:24Z
Ugy86fVcC3YCcf-Bp7t4AaABAg,,False,@arceyle,this feels like a fairytale! can't wait 🥹,0,2024-04-04T15:07:23Z,2024-04-04T15:07:23Z
UgyedxLVj2ME_w_XvW14AaABAg,,False,@hgfd98,너를 노래했구나,0,2024-04-04T15:07:23Z,2024-04-04T15:07:23Z
UgwM6z6LE8ik0J1kiOh4AaABAg,,False,@doielve,FINALLY❤,0,2024-04-04T15:07:22Z,2024-04-04T15:07:22Z
Ugw9m-9j-Bc_w50kyzR4AaABAg,,False,@ehduddktkfkdfo,늘 너의 꿈을 응원해 노래해줘서 고마워,1,2024-04-04T15:07:21Z,2024-04-04T15:07:21Z
UgwOH0q6zvQjf378Bb14AaABAg,,False,@jiinny368,ㅠㅠㅠㅠㅠㅠㅠㅠㅠㅠㅠㅠ,0,2024-04-04T15:07:21Z,2024-04-04T15:07:21Z
UgyuLORm9xrBq64CXmp4AaABAg,,False,@user-xt4rr6qe1u,te amo mi vida,0,2024-04-04T15:07:21Z,2024-04-04T15:07:21Z
Ugy6BlqvaLGkrab5uqZ4AaABAg,,False,@Jjaehyun_do0,"Wow, the sound is so beautiful.",0,2024-04-04T15:07:18Z,2024-04-04T15:07:18Z
UgwIyBL3rQyLBN72Jxd4AaABAg,,False,@doOoOy0ung,죽을게 여기가 내 무덤인가보다야…. 네가 내 인어공주야 동영아,0,2024-04-04T15:07:17Z,2024-04-04T15:07:17Z
UgzKMEI4vSGaGrE2cdB4AaABAg,,False,@XMH304,i love you sm im so proud of you doyoung ahhhh cant believe theres a solo album now!!!,0,2024-04-04T15:07:17Z,2024-04-04T15:07:17Z
UgxZ-Q0ZMvotMX3J8Pt4AaABAg,,False,@Apainiituapa,Have never clicked on a video this fast,0,2024-04-04T15:07:13Z,2024-04-04T15:07:13Z
UgwmMMvXMZvqAgqQtEF4AaABAg,,False,@merry7443,DOYOUNG THE MAN THAT YOU ARE 😭😭,0,2024-04-04T15:07:13Z,2024-04-04T15:07:13Z
UgwbXLPekA-ZRiUL07F4AaABAg,,False,@aemlva,OH DOYOUNG MY LOVE,0,2024-04-04T15:07:13Z,2024-04-04T15:07:13Z
UgymRj25TBwdeJOs6DR4AaABAg,,False,@Dn6f,아니 도영아 그새 노래 더 잘해진 것 같아 ㅠㅠ 우리 도영이 파이팅🩵,0,2024-04-04T15:07:11Z,2024-04-04T15:07:11Z
UgxY1mD5qoH7GhWEMFt4AaABAg,,False,@psssssss1458,ชอบมากๆๆๆๆที่สุดเลยㅜㅜㅜㅜㅜ,0,2024-04-04T15:07:11Z,2024-04-04T15:07:11Z
UgygSZgDqqzeVhXLYyd4AaABAg,,False,@viii1296,Waaa bang doy 😭 menyala abangku 🔥🔥 btw kek dunia fantasi,0,2024-04-04T15:07:10Z,2024-04-04T15:07:10Z
UgxHG0oVzJZYbuy3Y2p4AaABAg,,False,@만두-h3t7d,"도영아 언제나 응원해 
노래 너무좋다 눈물날꺼같아 ㅠㅠㅠㅠㅠㅠㅠ",11,2024-04-04T15:07:10Z,2024-04-04T15:07:10Z
Ugw6gwef0LsIqQjR6UZ4AaABAg,,False,@ehduddktkfkdgo,"너의 청춘을 노래해줘서
내 청춘에 흔적을 남겨줘서 고마워 
사랑해 언제나 응원해",0,2024-04-04T15:07:09Z,2024-04-04T15:07:09Z
Ugygukz3DKkQXlaWQS94AaABAg,,False,@cheeze201,너가 내 디즈니야 도영아🩵🐰🌊,0,2024-04-04T15:07:08Z,2024-04-04T15:07:08Z
UgwuewhOPUUlIXHOCmZ4AaABAg,,False,@procatatoclam6162,Omg omg omg,0,2024-04-04T15:07:07Z,2024-04-04T15:07:07Z
UgzjijPICVy3C1A7ugx4AaABAg,,False,@dytunemaster,I LOVE IT,0,2024-04-04T15:07:06Z,2024-04-04T15:07:06Z
UgxnpwdgEC1tYSNH5qx4AaABAg,,False,@haechanismybff,❤,0,2024-04-04T15:07:06Z,2024-04-04T15:07:06Z
UgyLN3837sj5fJcwmYF4AaABAg,,False,@bosbelesbekrds,En bias biasim sensin olm,0,2024-04-04T15:07:04Z,2024-04-04T15:07:04Z
UgyExRR6kGe_IVrM3FB4AaABAg,,False,@oj7473,너무예뻐ㅜㅜㅜㅜㅜㅜㅜㅜㅜㅜㅜㅜ 물방울의 요정같애 ㅠㅠㅠ,0,2024-04-04T15:07:02Z,2024-04-04T15:07:38Z
UgzR8dudJTbScMjeg6d4AaABAg,,False,@DOY-t8z,나 벌써 이렇게 행복해도 되는걸까 도영아🥹🥹 꼭 오래오래 행복하자💜💜,0,2024-04-04T15:07:00Z,2024-04-04T15:07:00Z
Ugw9Vo4mNz38Af8BLDV4AaABAg,,False,@skyl3475,ดีมากกๆๆๆดีทุกย่างเสียงโดยองเพราะมมากๆๆภาพก็สวย👏🏻💙💙,0,2024-04-04T15:06:59Z,2024-04-04T15:06:59Z
UgyzV9-1lqJ6Y9NRXCh4AaABAg,,False,@beginnermode9017,"Ok Little Mermaid, I see you",0,2024-04-04T15:06:59Z,2024-04-04T15:06:59Z
UgzNTdVN9qPlwQuv67B4AaABAg,,False,@고은-z7s,"너의 청춘을 노래해줘서 고맙고, 나의 청춘을 밝혀줘서 고마워",1,2024-04-04T15:06:58Z,2024-04-04T15:06:58Z
UgxfhAjK0COQosu8LTB4AaABAg,,False,@cutegewrl,❤❤❤❤❤,0,2024-04-04T15:06:58Z,2024-04-04T15:06:58Z
UgzSkpS6Ieb84D1rflp4AaABAg,,False,@junguwu-p,te amo doyoung!!,0,2024-04-04T15:06:57Z,2024-04-04T15:06:57Z
Ugxn1XwfmWJIGIDub7p4AaABAg,,False,@최다영-u4d,와 ㅇㅈ,0,2024-04-04T15:06:57Z,2024-04-04T15:06:57Z
Ugzu3buTZIoiHL0i5BB4AaABAg,,False,@cinthiacarmona2203,So beautiful and marvelous❤❤❤❤❤🫰🫰🫰🫰🥰🥰🥰🥰,1,2024-04-04T15:06:57Z,2024-04-04T15:06:57Z
UgzXhZGoY23N4Bz4uy14AaABAg,,False,@moonlightbae_,oh this is absolutely beautiful 😭🤍,0,2024-04-04T15:06:56Z,2024-04-04T15:06:56Z
UgytiMf9VITo6jWmjn54AaABAg,,False,@tiws127,Yeay can't wait to see all of the masterpiece,0,2024-04-04T15:06:56Z,2024-04-04T15:06:56Z
UgzqDpfQhIay0tkOI4x4AaABAg,,False,@nabilaaaa3687,doyoung beneran duyung?,0,2024-04-04T15:06:55Z,2024-04-04T15:06:55Z
UgzdXZyqjFcX0aIBeUV4AaABAg,,False,@atisararaksapol4338,โดยองเป็นนางเงือกกกก,0,2024-04-04T15:06:52Z,2024-04-04T15:06:52Z
UgxrQnJddS6wKMNggEl4AaABAg,,False,@lovedrawater,청춘이 청춘을 부르고 있네!!!! 온 세상을 가득차게 노래하는 거 행복해보여 나도 가득차게 응원할게 ♡,18,2024-04-04T15:06:50Z,2024-04-04T15:06:50Z
Ugz7Wd0QObpUve545uh4AaABAg,,False,@pinkbloodinmyvessel,진짜 어떡해??? 너무 좋아 진짜….,0,2024-04-04T15:06:49Z,2024-04-04T15:06:49Z
Ugw8qU5F41-NPYGv0Ax4AaABAg,,False,@stefheart,Por fin! Yeees Doyoung! ❤,0,2024-04-04T15:06:48Z,2024-04-04T15:06:48Z
Ugwz9LVTcnogT9QAAx14AaABAg,,False,@user-du9yw9xi1q,도영이노래빨리듣고싶다😂,0,2024-04-04T15:06:49Z,2024-04-04T15:06:49Z
Ugzt8OaqdesSE-vo91p4AaABAg,,False,@user-sq1vc5zp4s,너ㅓㅓㅓㅓㅓㅓ무ㅜㅜㅜㅜ 좋아ㅏㅏㅏㅏㅏ,0,2024-04-04T15:06:48Z,2024-04-04T15:06:48Z
UgxmPzGVgoigJV9oY2V4AaABAg,,False,@jjh3110,미친 이거 된다,0,2024-04-04T15:06:48Z,2024-04-04T15:06:48Z
UgyRzSka9f6LUpORNu54AaABAg,,False,@comfy-p9d,사랑해,0,2024-04-04T15:06:47Z,2024-04-04T15:06:47Z
Ugy-SIrBzujhvuwNSuF4AaABAg,,False,@dytunemaster,Kim doyoung i love you,0,2024-04-04T15:06:46Z,2024-04-04T15:06:46Z
UgzFAnyyHiu4K5L_6fx4AaABAg,,False,@_itzyxxx,QUE CONCEPTO TAN BONITOO,0,2024-04-04T15:06:45Z,2024-04-04T15:06:45Z
UgwtwUCr6GP1yqKzIVZ4AaABAg,,False,@bosbelesbekrds,O KADAR GÜZEL DURUYO KI,0,2024-04-04T15:06:44Z,2024-04-04T15:06:44Z
UgwhvohXNeLUENWgLld4AaABAg,,False,@끄아아앙-p5h,너 왕자야?,0,2024-04-04T15:06:43Z,2024-04-04T15:06:43Z
Ugx_JpQS56aczsBZfKt4AaABAg,,False,@do0ji-c2k,"Mi principe del océano, eres tan hermoso y talentoso, lo mereces Doyo.:')",0,2024-04-04T15:06:42Z,2024-04-04T15:06:42Z
Ugws6tYE5o05BisRwox4AaABAg,,False,@chwone1,우리랑 같이 청춘을 보내줘서 너무 고마워 항상 사랑해,0,2024-04-04T15:06:41Z,2024-04-04T15:06:41Z
UgxHHMamL_58yJqcfP94AaABAg,,False,@natty_g7632,😍😍😍😍😍,1,2024-04-04T15:06:41Z,2024-04-04T15:06:41Z
Ugw8PJAn52OGk9NYYWR4AaABAg,,False,@minyoongity,IM SO EXCUTWDDDD,0,2024-04-04T15:06:40Z,2024-04-04T15:06:40Z
UgxCJ2a3aMlfbMt3Oid4AaABAg,,False,@sugar.lv2k,やばい最高だよドヨンさん。,1,2024-04-04T15:06:38Z,2024-04-04T15:06:38Z
Ugxt5K63XMWndbYedHV4AaABAg,,False,@FactChec-wk6ps,IT SO BEAUTIFUL!!!!!,0,2024-04-04T15:06:38Z,2024-04-04T15:06:38Z
Ugwq-De4nQUMh7TZywJ4AaABAg,,False,@dytunemaster,Kim doyoung mamahalin araw araw,0,2024-04-04T15:06:37Z,2024-04-04T15:06:37Z
UgwaGBb2o3RYZPcptY54AaABAg,,False,@luckyeney,도영아 노래해줘서 고마워 진짜로,0,2024-04-04T15:06:35Z,2024-04-04T15:06:35Z
UgzSFWvsnEIsw05CsOd4AaABAg,,False,@junguwu-p,aigoo,0,2024-04-04T15:06:34Z,2024-04-04T15:06:34Z
Ugz-2auqkOZ7b8pS5EN4AaABAg,,False,@bluebirds4677,너의 청춘을 응원해,0,2024-04-04T15:06:34Z,2024-04-04T15:06:34Z
UgxZl8EnPn9to2L0sJl4AaABAg,,False,@bosbelesbekrds,AGLICAM,0,2024-04-04T15:06:33Z,2024-04-04T15:06:33Z
UgxaAohkk0BlQYBVl8R4AaABAg,,False,@lastlovemk,아름답다….,0,2024-04-04T15:06:33Z,2024-04-04T15:06:33Z
UgycIn2E0p2CF4OM5WF4AaABAg,,False,@mrjhjcj609,나 진짜 너덕분에 하루하루 살아간다,0,2024-04-04T15:06:32Z,2024-04-04T15:06:32Z
UgzPTYhZtpxvqDNWe7B4AaABAg,,False,@fr_mlittlewave,뭐냐??? 아기쿨톤토끼가 청춘을 노래하다니.......미친 탁월한 선택,0,2024-04-04T15:06:32Z,2024-04-04T15:06:32Z
UgwPMz5PhQYwIXmbIbN4AaABAg,,False,@Dn6f,하고 싶은 거 다 하자 도영아 💚🩵,0,2024-04-04T15:06:32Z,2024-04-04T15:06:32Z
UgzXDDle-Sj4Vzn1_3B4AaABAg,,False,@user-sq1vc5zp4s,🩵🩶🤍🩵🩶🤍🩵🤍🩶,0,2024-04-04T15:06:31Z,2024-04-04T15:06:31Z
UgwXFPH8R8RKqMnaWWx4AaABAg,,False,@sugarin6candy,도영아 내 청춘에 함께해줘서 고마워 도영이의 청춘도 같이 함께할 수 잇어서 기뻐,0,2024-04-04T15:06:29Z,2024-04-04T15:06:29Z
UgwHIOvLFPLpxOPJRhV4AaABAg,,False,@나린-nyang,나 벌써 울 것 같아 도영아 온 마음을 다 해 응원해 항상,0,2024-04-04T15:06:28Z,2024-04-04T15:06:28Z
UgxqkuohOlcimuFByZJ4AaABAg,,False,@jyk6704,너무 아름답다 도영아,0,2024-04-04T15:06:27Z,2024-04-04T15:06:27Z
Ugyz__3SSdhFqZtrfzt4AaABAg,,False,@Nisrnnnnnn,WOI BAGUS BGTTTTTT😭😭😭😭😭,0,2024-04-04T15:06:27Z,2024-04-04T15:06:27Z
Ugzy9PLbOnp2RDD2xbt4AaABAg,,False,@듀영-j3y,좋다💚,0,2024-04-04T15:06:27Z,2024-04-04T15:06:27Z
UgyR6GMrc1t0oPPIUWR4AaABAg,,False,@ladysun17xlla82,Уоу Доен вперед,0,2024-04-04T15:06:26Z,2024-04-04T15:06:26Z
Ugx3iZ46VYI2Xco7IrF4AaABAg,,False,@dytunemaster,Mamahalin,0,2024-04-04T15:06:26Z,2024-04-04T15:06:26Z
UgwuNihTGBrSmMh_7A94AaABAg,,False,@garzon30,"This that my eyes see is pure art, wow ❤️",0,2024-04-04T15:06:26Z,2024-04-04T15:06:26Z
UgyYEkr8KDq8ztRAFdV4AaABAg,,False,@mypage5640,❤,0,2024-04-04T15:06:25Z,2024-04-04T15:06:25Z
Ugz6gAmN3BLgPVHeExN4AaABAg,,False,@동글-s5n,도영아 너한테서 행복을 배우고 있어,0,2024-04-04T15:06:25Z,2024-04-04T15:06:25Z
UgwtTbmdwpNyuip-jzd4AaABAg,,False,@dyttody,드디어 왔다 도영 솔로 만세,0,2024-04-04T15:06:23Z,2024-04-04T15:06:23Z
UgzSZ8DPYoa1U0TwVWJ4AaABAg,,False,@_itzyxxx,DOYOUNG TE AMO MI VIDA ESTOY MUY FELIZ PORQUE VAS A DEBUTAR EN SOLITARIO 😭😭,0,2024-04-04T15:06:22Z,2024-04-04T15:07:36Z
UgxyVR8Zcm4wBoLQOrd4AaABAg,,False,@いむ-w8l,アリエルや、,0,2024-04-04T15:06:22Z,2024-04-04T15:06:22Z
Ugz7LbakFRHwbcK8frp4AaABAg,,False,@alsgudlv,시즈니의 자부심 우리 도영아 늘 응원해🍀💚,0,2024-04-04T15:06:22Z,2024-04-04T15:06:22Z
UgxseOpjqCdA8Idkqrp4AaABAg,,False,@멀보노-c4t,별가루 떨어진다,0,2024-04-04T15:06:21Z,2024-04-04T15:06:21Z
UgwpyOKeQxRgu-KpZ_t4AaABAg,,False,@이하은-k4b,야 이거 된다.. 된다됐어,0,2024-04-04T15:06:20Z,2024-04-04T15:06:20Z
UgxgOR63NyEkYIrwFaB4AaABAg,,False,@nichakankanma,ยอด ดีเลิศ ยิ่งใหญ่ เกรียงไกร,0,2024-04-04T15:06:20Z,2024-04-04T15:06:20Z
UgzGx4iWKtlvKUMAGPh4AaABAg,,False,@dytunemaster,Omggg ka kim doyoung,0,2024-04-04T15:06:18Z,2024-04-04T15:06:18Z
Ugx29k2gAQ_X5ZMLf1N4AaABAg,,False,@kunikhasa,Wooohhhhhh !!!!!!!,0,2024-04-04T15:06:15Z,2024-04-04T15:06:15Z
UgxDH-cQZf081XLMefl4AaABAg,,False,@Geovanatanara,🫠🫠🫠🫠😄 i love you 🇧🇷✨️,0,2024-04-04T15:06:14Z,2024-04-04T15:06:14Z
UgwKlpk3Dd_GbrZRtR94AaABAg,,False,@jennyyun4770,뮤ㅓ야 개좋네,0,2024-04-04T15:06:14Z,2024-04-04T15:06:14Z
Ugy8r2xzzkHiqsIWlBF4AaABAg,,False,@dufl021,청춘을 노래하는 도영아!!  너의 모든순간 너의 청춘을 응원해!!!,0,2024-04-04T15:06:13Z,2024-04-04T15:06:13Z
Ugx2GlvH_9bxjG-xa8t4AaABAg,,False,@BLUEMOON-do8dn,😭😭😭😭😭😭 ชอบมากกกกกกก แงงงงงงงงง ขนลุกกกก,0,2024-04-04T15:06:13Z,2024-04-04T15:06:13Z
Ugw-48Gd_SUGj7J1Wkx4AaABAg,,False,@lovkdy,It's so magical omg,1,2024-04-04T15:06:13Z,2024-04-04T15:06:13Z
Ugx_tnVMsbZ-hnnZJqV4AaABAg,,False,@Hyeri24,Woah,0,2024-04-04T15:06:12Z,2024-04-04T15:06:12Z
Ugx-fM1ui_22wlV0lA14AaABAg,,False,@imyme.,"무조건 좋아하는 내 스타일이다 ㅠㅠㅠㅠㅠ 
기대 돼 도영아 가좌ㅏㅏㅏㅏㅏㅏㅏㅏ",23,2024-04-04T15:06:12Z,2024-04-04T15:06:12Z
UgzVztLpDszFL4lB4KF4AaABAg,,False,@gabanamodem3724,너무 좋아,2,2024-04-04T15:06:10Z,2024-04-04T15:06:10Z
UgxYzE85dR3eWv_X5wF4AaABAg,,False,@fannyrizkyf8351,Doyoung-aaah so beautiful 😭,0,2024-04-04T15:06:09Z,2024-04-04T15:06:09Z
UgwwGb5IDu_0z7NFqdF4AaABAg,,False,@d0zeroooo,"봄과 청춘을 노래하는 도영이를 응원해
첫 앨범을 함께할 수 있어서 기뻐 
목소리도 얼굴도 너무 아름다워 도영아 ㅠㅠ 💙",44,2024-04-04T15:06:09Z,2024-04-04T15:06:09Z
UgzrrUZZKIw8xY54Gel4AaABAg,,False,@user-asvcn,진짜 진심을 꾹꾹 눌러 담은 김도영 그 자체의 노래구나,11,2024-04-04T15:06:09Z,2024-04-04T15:06:09Z
Ugw2dymUQOHk9OHnZ6J4AaABAg,,False,@stacyaisle6667,"If beauty has a face or should I say video, it would be this film",1,2024-04-04T15:06:08Z,2024-04-04T15:06:08Z
UgwmX7PUj0BAKrWhe2Z4AaABAg,,False,@얌무-i2p,벌써 좋다 내가 원하던게 이거야,0,2024-04-04T15:06:08Z,2024-04-04T15:06:08Z
UgyosdXX3Wp66jYLx_54AaABAg,,False,@dytunemaster,I'm so ready kim doyoung can't wait,0,2024-04-04T15:06:08Z,2024-04-04T15:06:08Z
UgwhxHz3KVKCLgsac5x4AaABAg,,False,@Muhangahmuhang,도영아 너무 사랑해,0,2024-04-04T15:06:05Z,2024-04-04T15:06:05Z
UgyIzNIHGJvfFq_6_T54AaABAg,,False,@lowalee480,도영아 너무 좋다,0,2024-04-04T15:06:04Z,2024-04-04T15:06:04Z
Ugz_L92-f979J0q4OA14AaABAg,,False,@ndream_,"미쳤다 진짜 도영이가 라푼젤 인어공주가 된 줄 알았어
노래도 너무 좋음 정말로 .. 정규라는 이름에 걸맞아 
도영아 너무 좋다 .........도영이의 청춘을 어서 보여줘 🥹💚",0,2024-04-04T15:06:02Z,2024-04-04T15:06:02Z
UgxLvpjZGlRNTUJkua54AaABAg,,False,@KwonJi_0,언제 들어도 도영이 목소리는 항상 감동이야 ㅜㅜ 너무 좋다 노래 진짜 왜 눙물이 나냐…😢,0,2024-04-04T15:06:02Z,2024-04-04T15:06:02Z
UgzdGk2EfdAODp6C6lN4AaABAg,,False,@흐흐-t8h,완전 디즈니 같아.... 동화 속 같어ㅠㅠㅠ 좋다,0,2024-04-04T15:06:01Z,2024-04-04T15:06:01Z
UgzFA_CW4wu5bKHTE3F4AaABAg,,False,@rahmatiapz,So sudden?😭,0,2024-04-04T15:06:01Z,2024-04-04T15:06:01Z
UgxiKENcr2heUujIJwt4AaABAg,,False,@hanappi201,이거지... 이거잖아,0,2024-04-04T15:05:59Z,2024-04-04T15:05:59Z
UgxxVNb0dHXejxf8T4B4AaABAg,,False,@user-xh6xw3pi7t,영화 예고편 같아ㅜㅜㅠ 도영이 너무 예쁘게 잘 나왔다🥹🥹 영상미도 너무 예뻐🥹🥹🥹🥹,1,2024-04-04T15:05:56Z,2024-04-04T15:05:56Z
UgxnSOaSw6yQfd7FpTl4AaABAg,,False,@nurulia2835,I like it❤,0,2024-04-04T15:05:53Z,2024-04-04T15:05:53Z
UgyvXviSUM5rLpbzTKN4AaABAg,,False,@dytunemaster,I'm so ready for KDY1,0,2024-04-04T15:05:53Z,2024-04-04T15:05:53Z
Ugx5skAknUOFlePd1dB4AaABAg,,False,@UixoxoxUdid9d9,❤❤❤,0,2024-04-04T15:05:52Z,2024-04-04T15:05:52Z
UgxNDEu96PKMJSktQq14AaABAg,,False,@나가-f6c,미쳤다 도영아 이거다,0,2024-04-04T15:05:50Z,2024-04-04T15:05:50Z
UgzARkErs2LUcdKhSzp4AaABAg,,False,@ho0ho0ho0ho,꺅 너무 기대돼,0,2024-04-04T15:05:49Z,2024-04-04T15:05:49Z
Ugx-YogO9Re_ncNyPyZ4AaABAg,,False,@user-sq1vc5zp4s,와….. 김도영,0,2024-04-04T15:05:49Z,2024-04-04T15:05:49Z
Ugypqd2dwPQ3ONvlDjR4AaABAg,,False,@Maja-qs5sy,Mermaid prince😪💅,0,2024-04-04T15:05:48Z,2024-04-04T15:05:48Z
UgzWHs88nV-mEXdBpZt4AaABAg,,False,@aleeyanatsh,OMG CAN'T WAIT 💚,0,2024-04-04T15:05:48Z,2024-04-04T15:05:48Z
Ugy5-gF-ejBXhXF8qSt4AaABAg,,False,@tokkikim2501,도영이와 우리의 청춘을 응원해!!!,0,2024-04-04T15:05:47Z,2024-04-04T15:05:47Z
UgxR3KbP9HeF2HJ7stB4AaABAg,,False,@pooja9256,OMG! Why iam so excited💙💙💙,1,2024-04-04T15:05:44Z,2024-04-04T15:05:44Z
UgyXyS9U3IRPPelLKht4AaABAg,,False,@miyakorinnai,Waooww.. i like your voice.. i got goosebumps..💚,0,2024-04-04T15:05:44Z,2024-04-04T15:06:06Z
Ugwk8DPpmmtxzPdK8O54AaABAg,,False,@jwoo_77,도영 오빠 아리엘 도영 아리엘🧜‍♀️,1,2024-04-04T15:05:43Z,2024-04-04T15:05:43Z
UgzdBL7IgQ9ucjlVKIB4AaABAg,,False,@힝구_0201,"도영아 진짜 도영이가 잘하는걸, 사랑하는걸 가지고 왔구나
도영이의 음악은 언제나 도영팀에게 힘을 줘
진짜진짜 많아 사랑해",0,2024-04-04T15:05:41Z,2024-04-04T15:05:41Z
Ugz5LffpGheYy_qGxiB4AaABAg,,False,@ashajoy1115,나 약간 소름돋았어.............................진심,0,2024-04-04T15:05:41Z,2024-04-04T15:05:41Z
UgzOlsobX9Kjg_yvrvB4AaABAg,,False,@Remy619,He finally is coming,0,2024-04-04T15:05:40Z,2024-04-04T15:05:40Z
UgyHx_2x6_xAkM6lh654AaABAg,,False,@s2_uuaahh,도영아 ㅠㅠㅠㅠㅠㅠㅠㅠㅠㅠㅠㅠㅠㅠㅠ,0,2024-04-04T15:05:40Z,2024-04-04T15:05:40Z
UgzmjGtKiaCua9tnM1R4AaABAg,,False,@127val,"Best of luck, our Doyoung",0,2024-04-04T15:05:40Z,2024-04-04T15:05:40Z
UgzSUCNDhX-_cqX_kKh4AaABAg,,False,@복슝아-k6z,어머 감성 미쳤다 22일 언제와,2,2024-04-04T15:05:38Z,2024-04-04T15:05:38Z
UgyZXUljKa3wEPlJ3ed4AaABAg,,False,@putrinoviani9099,congratulation doyoung.. so proud of you,0,2024-04-04T15:05:37Z,2024-04-04T15:05:37Z
Ugw1CIKg1-LVcaO3SW94AaABAg,,False,@Dn6f,제주도가서 이거 찍었나 ㅋㅋㅋ 도영아 눈감고 봐도 청춘이야💚,2,2024-04-04T15:05:37Z,2024-04-04T15:05:37Z
UgzfonJ3WbiH52TLAMh4AaABAg,,False,@do0_23,도영이의 모든 청춘의 순간을 응원해,22,2024-04-04T15:05:35Z,2025-03-24T11:00:24Z
UgyUGc2J9zp8eT0Ewu14AaABAg,,False,@fahnnynur1597,IM PROUD OF YOU SAYANGGG🥺💖,0,2024-04-04T15:05:33Z,2024-04-04T15:05:33Z
Ugz7b0GJtFEVS8IjaKN4AaABAg,,False,@seulgihong5605,🥹🥹🥹🥹🥹🥹🥹🥹,0,2024-04-04T15:05:33Z,2024-04-04T15:05:33Z
Ugy5yMGDeGmWLE1iz9h4AaABAg,,False,@user-haechani,미쳤다 터진다 이건,1,2024-04-04T15:05:30Z,2024-04-04T15:05:30Z
Ugyz1xy0LySr6JgVaVx4AaABAg,,False,@hoversjelly,도영아 너의 청춘은 나를 치유해주는구나 고마워 우리 힘차게 함께 나아가보자🩵🩵🩵🩵,1,2024-04-04T15:05:27Z,2024-04-04T15:05:27Z
Ugxe3TV_SMXUqw4altl4AaABAg,,False,@nadhira7779,도영아ㅠㅠㅠ,0,2024-04-04T15:05:27Z,2024-04-04T15:05:27Z
UgzAHAJ9zafkcL6Pkit4AaABAg,,False,@타모-z7k,와와… 듣자마자 소름 쫙 돋았다… 너무 기대돼  티저에서 들린 가사들부터 너무 좋아 여러번 볼 수록 생각나는 거…인어왕자야 완전히,17,2024-04-04T15:05:27Z,2024-04-04T18:44:45Z
UgwVFvk9buIWMUs_9AN4AaABAg,,False,@21young66,마침내 도영이의 존재의 증명이야!,0,2024-04-04T15:05:27Z,2024-04-04T15:05:27Z
UgxsNo3TzqurVi_MriZ4AaABAg,,False,@user-sq1vc5zp4s,도영아ㅏㅏㅏㅏ,0,2024-04-04T15:05:26Z,2024-04-04T15:05:26Z
UgxpSzimhmIaZD4evrt4AaABAg,,False,@민들레-m3c,청춘을 노래해줘서 고마워 도영아,0,2024-04-04T15:05:25Z,2024-04-04T15:05:25Z
UgynwDqnGHYQV7Hsm_N4AaABAg,,False,@user-xh6xw3pi7t,도영아 진짜 미쳤다...,0,2024-04-04T15:05:25Z,2024-04-04T15:05:25Z
UgyuoLRKysB1ca3gh8d4AaABAg,,False,@kongsuni8887,"진짜 너무 좋으면 억억소리가 나는거 아십니까?
진짜미치겟뜨아🥹🥹 도영솔로 대박나라 아자아자뵤!!!💚💚💚💚 도영팀이 늘 응원합니다 !!!!!!!!!! 흐아아아아앙",0,2024-04-04T15:05:25Z,2024-04-04T15:05:25Z
UgxeiHG6CNBMY_-bH3p4AaABAg,,False,@dayoung5503,도영이와 청춘을 함께하는 우리!!!!!!! 항상 응원해!!,0,2024-04-04T15:05:24Z,2024-04-04T15:05:24Z
Ugz5P4v6WTAdt6QP3Kd4AaABAg,,False,@rastielyanti2751,"DOYOUNGGGGGGG IM CRYINGG RN, IM SO SOOOO PROUD OF YOUUUUUUYYYYY",0,2024-04-04T15:05:23Z,2024-04-04T15:05:23Z
UgxiU0DqIgZVVdbotRB4AaABAg,,False,@dytunemaster,Lahat maganda,0,2024-04-04T15:05:23Z,2024-04-04T15:05:23Z
Ugy8Q1FjQug5dfAzXiJ4AaABAg,,False,@너는나의별임아무튼그,도영이가 정말… 도영이를 가지고 왔구나,0,2024-04-04T15:05:23Z,2024-04-04T15:05:23Z
UgwR-n3fZBJ2M1LJdQF4AaABAg,,False,@은-b3c,미쳤다........ 와라 김도영의 청춘,0,2024-04-04T15:05:22Z,2024-04-04T15:05:22Z
UgwABaKS9eZG2fJLGm94AaABAg,,False,@nikired180,I'm already crying??? How am I gonna survive this?,0,2024-04-04T15:05:22Z,2024-04-04T15:05:22Z
UgyfpOq-qH_dYhcO-R94AaABAg,,False,@kimdoyee,너가 가자고 하면 우주끝까지 따라갈거야,0,2024-04-04T15:05:18Z,2024-04-04T15:05:18Z
UgzUvQV3jsRgbwr-khd4AaABAg,,False,@dytunemaster,IT'S BEAUTIFUL,0,2024-04-04T15:05:14Z,2024-04-04T15:05:14Z
Ugyrmr6_ub8EJ1YUnDl4AaABAg,,False,@수진-g2d8p,도영아 첫 솔로 찢자,0,2024-04-04T15:05:13Z,2024-04-04T15:05:13Z
UgyG-a-zqBdAD6RWl994AaABAg,,False,@chihchihc,하 소름돋아 김도영,1,2024-04-04T15:05:13Z,2024-04-04T15:05:13Z
UgxFuxdLUNjVun2HQ6J4AaABAg,,False,@0nmy_mark,💚💚💚,0,2024-04-04T15:05:12Z,2024-04-04T15:05:12Z
UgyYpKHzOHYxLxKUHqh4AaABAg,,False,@Dooooyoungbabo,어떡해 너무좋아,0,2024-04-04T15:05:10Z,2024-04-04T15:05:10Z
UgzPouQW18VcSJl4T8t4AaABAg,,False,@CloudNine_,청춘 그 자체..✨ 도영님 목소리랑 스엠 자본퀄리티가 만나서 레전드가 탄생했네요..,89,2024-04-04T15:05:10Z,2024-04-04T15:05:10Z
UgypD_ATTry1_kqTUGJ4AaABAg,,False,@tatas6769,HE'S A MERMAID????,0,2024-04-04T15:05:10Z,2024-04-04T15:05:10Z
UgxR9OAdAxrCKPb6e7t4AaABAg,,False,@chluvz,UNDER THE SEA CONCEPT 🐠🌊,1,2024-04-04T15:05:09Z,2024-04-04T15:05:09Z
UgxExh2lKkqdIhQlU-Z4AaABAg,,False,@영이편,도영이의 청춘을 응원해,0,2024-04-04T15:05:07Z,2024-04-04T15:05:07Z
Ugzr3wplGI4gQFUe9VR4AaABAg,,False,@또잉-x5o,도영이가 말하는 청춘과 도영이가 생각하는 청춘의 색들이 담긴 노래와 영상이 너무 좋다 도영아 진짜 기대이상이야… 너무 잘해 미쳤어 이미 끝났어 ㅠㅠ,0,2024-04-04T15:05:07Z,2024-04-04T15:05:07Z
UgzEZUQtvvxVXNvSvaV4AaABAg,,False,@김츄츄-x1f,탐테 기다리다가 도영 가창력 폭격맞음 이거된다 도영아,0,2024-04-04T15:05:06Z,2024-04-04T15:05:06Z
Ugz87kGUnDiw9YnGrb94AaABAg,,False,@dytunemaster,Can't wait,0,2024-04-04T15:05:05Z,2024-04-04T15:05:05Z
UgxDs-hAsIsbvMAf9Mx4AaABAg,,False,@cznkim,도영아 너의 청춘에 함께할 수 있어서 행복해💚,0,2024-04-04T15:05:05Z,2024-04-04T15:05:05Z
Ugznir4EFFvaD1GhVDR4AaABAg,,False,@do0nad559,🥹🥹🥹,0,2024-04-04T15:05:04Z,2024-04-04T15:05:04Z
Ugx0kj5FGAK1PGZXmxB4AaABAg,,False,@와암-d2u,헐 ㅠㅠㅠㅠㅠㅠ아 너무 좋다,0,2024-04-04T15:05:03Z,2024-04-04T15:05:03Z
UgxDKPXDTTHtI_LG2yd4AaABAg,,False,@pooja9256,Am I too late here?💙,1,2024-04-04T15:05:02Z,2024-04-04T15:05:02Z
UgzBcbAQZiGSf-u6VMZ4AaABAg,,False,@nunu200,너무....아름다워 이건 도영 그 자체잖아...,0,2024-04-04T15:05:02Z,2024-04-04T15:05:02Z
Ugyee56TVvTR135sjOx4AaABAg,,False,@Daisy0701,도영이 저럼 예쁘다,0,2024-04-04T15:05:01Z,2024-04-04T15:05:01Z
UgxAX35XZW3z_GXof_N4AaABAg,,False,@jiiiie_un,사랑해 도영아 #DOYOUNG #도영 #청춘의포말 #DOYOUNG_청춘의포말 #DOYOUNG_청춘의포말_YOUTH,0,2024-04-04T15:05:00Z,2024-04-04T15:05:00Z
UgyYLJbaOLPGmz5E9F94AaABAg,,False,@_fangirl,도영이가 들려주는 청춘 벌써 벅차고 좋다,1,2024-04-04T15:04:59Z,2024-04-04T15:04:59Z
Ugw2V8nTjY2_c3pveV54AaABAg,,False,@ddoingcee,도영이 목소리 진짜 너무 좋아요ㅠㅠㅠㅠㅠ 사랑해요!!!,0,2024-04-04T15:04:59Z,2024-04-04T15:04:59Z
UgwQANDVFLvNCkAJ6dF4AaABAg,,False,@goguma6923,노래가 이토록 김도영 그 자체라니,0,2024-04-04T15:04:59Z,2024-04-04T15:04:59Z
UgyxPzPOZvtrXuOv0hh4AaABAg,,False,@alwlsqkdrk,도영아 너무 좋아ㅠㅠ 우리의 청춘🩵,1,2024-04-04T15:04:58Z,2024-04-04T15:04:58Z
Ugw7W9Q0sYgnzPehTqV4AaABAg,,False,@dytunemaster,The vocals,0,2024-04-04T15:04:57Z,2024-04-04T15:04:57Z
UgxFQs0kuwK_xm7bhqJ4AaABAg,,False,@최저뉸,고마워 도영아,0,2024-04-04T15:04:57Z,2024-04-04T15:04:57Z
Ugz7YwN0YvrbIBUIF7h4AaABAg,,False,@봄-y8r,너와 함께 내 청춘을 보낼 수 있는게 너무 행복해 도영아,0,2024-04-04T15:04:57Z,2024-04-04T15:04:57Z
Ugz6OluZlWbq6ZJPhkB4AaABAg,,False,@LetsDona,"DOYOUNG SOLO DEBUT APR22

#DOYOUNG_청춘의포말_YOUTH 
#DOLOiscoming",0,2024-04-04T15:04:56Z,2024-04-04T15:04:56Z
Ugy45jyVccPrh_447I94AaABAg,,False,@pknyiqn,넌 평생이 청춘이야,8,2024-04-04T15:04:50Z,2024-04-04T15:04:50Z
UgwdnxBewYNKqTQIlXx4AaABAg,,False,@dinora_in_chengdu,"Я откушу себе сейчас руку, настолько Доён красивый",1,2024-04-04T15:04:48Z,2024-04-04T15:04:48Z
Ugx6C3ePKxDctH3XEC54AaABAg,,False,@5taricecream,미친 인트로 필름이라니…,1,2024-04-04T15:04:47Z,2024-04-04T15:04:47Z
UgyNShMZeq-b3fG_E2h4AaABAg,,False,@kingwigglewiggle,"같이 우주로 날아가자 도영아, 
너의 청춘을 함께 할 수 있어서 너무 행복해!!!",1,2024-04-04T15:04:46Z,2024-04-04T15:04:46Z
UgxRco-g5gKreOHv_xZ4AaABAg,,False,@hersheymacadamiachocolate,"앨범이 도영이 그 자체일거같아 도영이가 하는 음악, 노래들을 모두 응원해💚 우리 함께 청춘을 열심히 보내보자",738,2024-04-04T15:04:45Z,2024-04-04T15:04:45Z
UgzfnuG2FcpZTy3pjvd4AaABAg,,False,@한시칠분,도영아 벌써 미쳤다....,1,2024-04-04T15:04:45Z,2024-04-04T15:04:45Z
Ugx4H17msJI3SVclBW14AaABAg,,False,@monkeyfr13nds,어떡해 짱 예뻐 ㅜㅜ,2,2024-04-04T15:04:45Z,2024-04-04T15:04:45Z
Ugxcwg2KmVdzsObPvhB4AaABAg,,False,@Kkingkkang-21,걍 미쳤다,1,2024-04-04T15:04:41Z,2024-04-04T15:04:41Z
UgwmgjUw8VV9ajQBNO54AaABAg,,False,@lnholic8180,Masterpiece🥳🩵,1,2024-04-04T15:04:41Z,2024-04-04T15:04:41Z
UgyfNADA3ytPr4ztGel4AaABAg,,False,@dytunemaster,THE VISUAL,1,2024-04-04T15:04:40Z,2024-04-04T15:04:40Z
Ugyq0gySkdapHVGx6al4AaABAg,,False,@j1ny,영화처럼 잘 찍었네… 벌써 넘 좋아 도영아 화이팅💚💚💚,12,2024-04-04T15:04:40Z,2024-04-04T15:04:40Z
Ugxm4alXDgyaCD41_qR4AaABAg,,False,@I_AM_CIRCLE,어떻게 나에게 도영이 같은 축복이 왔을까….,1,2024-04-04T15:04:40Z,2024-04-04T15:04:40Z
UgzJqMhYVSulNo_txtV4AaABAg,,False,@indiralarrotcha9824,Mi niño,1,2024-04-04T15:04:39Z,2024-04-04T15:04:39Z
UgxjiuG45aosiJBLcsF4AaABAg,,False,@mi099,해양왕자……. 미쳤다💚김도영 화이팅ㅠㅠ,1,2024-04-04T15:04:38Z,2024-04-04T15:04:38Z
Ugy9ZxRMcHXzfQEx21B4AaABAg,,False,@myRockstar4ever,도영이의 빛나는 청춘을 함께 보낼 수 있어 기뻐 사랑해,32,2024-04-04T15:04:36Z,2024-04-04T15:04:36Z
UgzZsNUobONDQrFVJtp4AaABAg,,False,@tawin3188,美丽的歌声 期待道英的solo！！！！,1,2024-04-04T15:04:33Z,2024-04-04T15:04:33Z
UgzYOnZocl-feixyBPV4AaABAg,,False,@imyour_kx,ชอบมากกกกกกก เก่งมากกกก😭😭😭🎉👏,1,2024-04-04T15:04:33Z,2024-04-04T15:04:33Z
UgwouHxwFvRmMYADQVF4AaABAg,,False,@YangDoDJ,헤드셋 산 보람이 있다 도영아,1,2024-04-04T15:04:32Z,2024-04-04T15:04:32Z
UgzTFWf2B86y7kuaL4p4AaABAg,,False,@chluvz,OMG THIS IS SO BEAUTIFUL ☺️🩵,2,2024-04-04T15:04:32Z,2024-04-04T15:04:32Z
UgwPq83O6YlEW5SWy1V4AaABAg,,False,@kdoy0201,DOYOUNG YOU ARE SO BEAUTIFUL!!,2,2024-04-04T15:04:32Z,2024-04-04T15:04:32Z
Ugwx-naGaqaGl3sLwIh4AaABAg,,False,@Dn6f,청춘 그 자체다 도영아 🩵💚🩵,8,2024-04-04T15:04:31Z,2024-04-04T15:04:31Z
UgzTXUO7XX5Y8JFJFnJ4AaABAg,,False,@0nlyd0y0ung,"가슴 벅차서 눈물이 날 것 같다 .. 도영이의 솔로앨범이 나오기까지 8년, 도영이가 겪어온 청춘의 포말을 이렇게 듣고 볼 수 있음에 너무 감사해",139,2024-04-04T15:04:30Z,2024-04-04T15:04:30Z
UgxpMY6DF8SQsOSZlnl4AaABAg,,False,@한마-g8p,도영이의 청춘을 들려줘서 고마워,5,2024-04-04T15:04:29Z,2024-04-04T15:04:29Z
Ugw1TuTkBpx5gH7Tw9B4AaABAg,,False,@ttokkieyo,다들 도영이보고 지브리 같다고들 하지만 이 영상을 보고 난 디즈니를 느꼈어 .. 디즈니 특유의 희망차고 당찬 감성과 자연배경 다들 아시죠 ~?,1,2024-04-04T15:04:27Z,2024-04-04T15:04:27Z
Ugx-aS9DHyLdux1bwsR4AaABAg,,False,@dytunemaster,Can't wait,1,2024-04-04T15:04:26Z,2024-04-04T15:04:26Z
Ugz741f3cRbehdh_GV14AaABAg,,False,@Morene1323,ดีมากกกกกกกกกกกกกกกกกก แม่ภูมิใจในตัวเรามากๆเลยคับบบ🥺💚🫰🏻,1,2024-04-04T15:04:24Z,2024-04-04T15:04:24Z
Ugy4QruFnLiVRfgy7lV4AaABAg,,False,@nattarikainta2360,👏🏻👏🏻👏🏻👏🏻👏🏻👏🏻,1,2024-04-04T15:04:23Z,2024-04-04T15:04:23Z
UgyiAn4j3wT02U0Uj614AaABAg,,False,@JjJjJj1JjJj,솔로앨범으로 온다면 청춘을 노래하고 싶다던 도영아 우리함께 청춘 같은 너의 목소리로 세상을 빛내어 사람들에게 청춘을 선물하자,1020,2024-04-04T15:04:23Z,2024-04-04T15:04:23Z
UgyiAn4j3wT02U0Uj614AaABAg.A1oWZz-LUBaA2KrLfKaS1_,UgyiAn4j3wT02U0Uj614AaABAg,True,@sugaringsohee,아 또계신다 ㅎㅎㅎ,0,2024-04-17T13:49:36Z,2024-04-17T13:49:36Z
UgyiAn4j3wT02U0Uj614AaABAg.A1oWZz-LUBaA2Tbp3Pt18x,UgyiAn4j3wT02U0Uj614AaABAg,True,@유하_411,또 계신다ㅋㅋ,0,2024-04-20T23:27:07Z,2024-04-20T23:27:07Z
Ugyt55x-nF6QSwnRQ4x4AaABAg,,False,@bunnydo6379,OH MY GAWD,0,2024-04-04T15:04:21Z,2024-04-04T15:04:21Z
UgwMIOs43r8BlxcrN5N4AaABAg,,False,@YoSoyIrene,Su voz siempre transmitira infinadad de emociones,0,2024-04-04T15:04:19Z,2024-04-04T15:04:19Z
UgxeW5VNIFzMfYiiY1d4AaABAg,,False,@홍누리-k3z,벌써 너무 좋은데 어떡하지 🥹 노래해줘서 고마워 도영아 🫶🏻,0,2024-04-04T15:04:19Z,2024-04-04T15:04:19Z
UgxabSgfJs9aBR7xrQx4AaABAg,,False,@콩콩-r7v,와...,0,2024-04-04T15:04:18Z,2024-04-04T15:04:18Z
UgyAYrOu1n5RyFM_ZBd4AaABAg,,False,@kim_jakka,도영아 네가 내 청춘이야,0,2024-04-04T15:04:18Z,2024-04-04T15:04:18Z
UgyLpjeXshj98_9-yS94AaABAg,,False,@yuyiko-mk3gk,😭😭😭😭😭🩵🩵โดยองงงง ขนลุกกก ดีมากกแง🥺🥺🥺,0,2024-04-04T15:04:16Z,2024-04-04T15:04:16Z
UgwE6UxGUtqknmDXWO14AaABAg,,False,@dytunemaster,Omggg,0,2024-04-04T15:04:15Z,2024-04-04T15:04:15Z
UgzKzmmNjiDr4vYQsap4AaABAg,,False,@YangDoDJ,가장 도영이다운 앨범,257,2024-04-04T15:04:11Z,2024-04-04T15:04:11Z
UgyMZjJEgtep5uilV994AaABAg,,False,@sssssunggg,도영아 네가 내 청춘이다,1,2024-04-04T15:04:09Z,2024-04-04T15:04:09Z
UgzPDCqLI4c_ICjLskl4AaABAg,,False,@tulipoct01,헐 노래 완전 잘해!!!!! 어쩜 그렇게 잘 불러요??? 우리김토끼 너무 잘했어😭💚🩵,2,2024-04-04T15:04:08Z,2024-04-04T15:04:08Z
UgwYwKSqpof56fQBY9J4AaABAg,,False,@캔디-u3q,사랑해 도영아.. 우리의 청춘은 영원하리..💚,1,2024-04-04T15:04:07Z,2024-04-04T15:04:07Z
UgwJhIo14gZjivCdKwZ4AaABAg,,False,@aylingarcia6422,Omg so pretty,0,2024-04-04T15:04:07Z,2024-04-04T15:04:07Z
Ugxaeg5y3QR07D_nh3V4AaABAg,,False,@izzazahra7063,WOWWWW I'M SO LIKE TO WAIT FOR THE FULL VERSION,0,2024-04-04T15:04:05Z,2024-04-04T15:04:05Z
UgwxUC-_FHXG0h_j_W54AaABAg,,False,@0neikalove,OHHHHH MY GOOSHHHHH,0,2024-04-04T15:04:04Z,2024-04-04T15:04:04Z
UgwQ1LyWhiB656jKuxd4AaABAg,,False,@skszzyyy_,"진짜 김도영 같은 앨범을 들고 나올것 같아서 너무 기대된다 
도영아 항상 사랑해",700,2024-04-04T15:04:00Z,2024-04-04T15:04:00Z
Ugy2gol_wfOz6uy7dP94AaABAg,,False,@Jjn712h,와 이번에 뭔가 디즈니 같다 도영이가 무슨 얘기를 하고 싶은건지 팬들은 더 잘 알겠지..🥹,1,2024-04-04T15:03:58Z,2024-04-04T15:03:58Z
Ugx5qYhTH363lV_50mp4AaABAg,,False,@detteario,Wow Doyoung… your voice!! So excited to listen to an album with your voice only!!!!,0,2024-04-04T15:03:58Z,2024-04-04T15:03:58Z
UgwVIIvzYyxM82Yj31d4AaABAg,,False,@kyoheiablaza6070,How many international DOYOUNG fans are here???? 😭🖐️,0,2024-04-04T15:03:55Z,2024-04-04T15:03:55Z
UgyUmNGtxQ8U_UcVIUR4AaABAg,,False,@sijunhe,너무 기대된다 도영아ㅏ,1,2024-04-04T15:03:53Z,2024-04-04T15:03:53Z
UgxFCNJ12KOJsccUbRV4AaABAg,,False,@pp767_,やばい良すぎる😢,0,2024-04-04T15:03:52Z,2024-04-04T15:03:52Z
Ugw9l4YQgrZEjLV_Lvh4AaABAg,,False,@cottonstars,Doyoung sirenito tiene demasiado sentido,0,2024-04-04T15:03:51Z,2024-04-04T15:03:51Z
UgzBHTEH6WSDu-zBHs94AaABAg,,False,@alexischerry8770,Wow,0,2024-04-04T15:03:51Z,2024-04-04T15:03:51Z
Ugy4Njg_qx2CGDqbpoB4AaABAg,,False,@do0_primula,너의 마지막 20대의 청춘을 영원히 사랑하고 응원해 도영아,9,2024-04-04T15:03:50Z,2024-04-04T15:03:50Z
Ugza7rlAJs0VcUCJE_B4AaABAg,,False,@CE20120,Like if this is pretty ❤👇🏻,1,2024-04-04T15:03:50Z,2024-04-04T15:03:50Z
Ugx3jwdeQUeJRAYplW94AaABAg,,False,@theplacethatwedreamd,도영이의 청춘이 언제까지고 새파랗길,110,2024-04-04T15:03:49Z,2024-04-04T15:03:49Z
UgxInH9Bh8a0LBz1AJ54AaABAg,,False,@DYluv201,노래 너무 좋다ㅠ 김도영 사랑해💚,2,2024-04-04T15:03:49Z,2024-04-04T15:03:49Z
Ugzu9oCtWxTBTMI-mNh4AaABAg,,False,@아이구도야,청춘을 노래하는 도영이 보는 게 왜 이렇게 눈물나냐,7,2024-04-04T15:03:49Z,2024-04-04T15:03:49Z
UgzDbP8xlZ0e7w4Xzt54AaABAg,,False,@doyochie,can't wait to hear the full album,1,2024-04-04T15:03:44Z,2024-04-04T15:03:44Z
UgzD3UpTPux7gTyNwWd4AaABAg,,False,@영영이영,우리 도영이 목소리 너무 울컥해,1,2024-04-04T15:03:43Z,2024-04-04T15:03:43Z
UgyTbitRbrSnTm3kL-R4AaABAg,,False,@Bluered3099,동영이의 청춘을 항상 멀리서 지켜줄게,2,2024-04-04T15:03:41Z,2024-04-04T15:03:41Z
UgyjJmDUu2p1XjKULRV4AaABAg,,False,@teddybear2349,本気で楽しみ,0,2024-04-04T15:03:40Z,2024-04-04T15:03:40Z
UgyLdDvyaeSIdekdvsJ4AaABAg,,False,@rmtcat,"나 어떡하라고, 어떻하라고, 어떡콰라고, 어뜨카라고, 억떡하라고, 우뜨카라고, 모루카라고, 오픈카라고, 엉뜨켜라고, 엉뚱하라고, 오또카라고, 어떡하라고, 어떻하라고, 어떡콰라고, 어뜨카라고, 억떡하라고, 우뜨카라고, 모루카라고, 오픈카라고, 엉뜨켜라고, 엉뚱하라고, 오또카라고… 이거 보고 하염없이 눈물만 나

도영아 노래해줘서 고마워 사랑해",0,2024-04-04T15:03:38Z,2024-04-04T15:03:38Z
UgwcQ2KOzmI-wW1lZCx4AaABAg,,False,@pearllikewater,que príncipe é esse?!,0,2024-04-04T15:03:37Z,2024-04-04T15:03:37Z
UgxNnrrOQG_X6MDbJ-t4AaABAg,,False,@hihicat0817,뭐야 노래 맛보기였는데 벌써 내취향 미쳤네,1,2024-04-04T15:03:37Z,2024-04-04T15:03:37Z
UgxclqnT2Whb0h2BcMJ4AaABAg,,False,@yourlove.maryyy,Doyoung is perfect ꒰⁠⑅⁠ᵕ⁠༚⁠ᵕ⁠꒱⁠˖⁠♡,0,2024-04-04T15:03:37Z,2024-04-04T15:03:37Z
UgwRIvDimVNMvobxWqB4AaABAg,,False,@ぬいーちゃん,도영아 너무 사랑한다ㅠㅠㅠ🥹🫶🏻,18,2024-04-04T15:03:35Z,2024-04-04T15:03:35Z
UgwhYnBetfXn9gZ57l54AaABAg,,False,@user-qu6iw3uf5d,도영아 진짜 미쳤다,1,2024-04-04T15:03:35Z,2024-04-04T15:03:35Z
Ugyj0OGSGNIKVijlNl14AaABAg,,False,@blueblue210,"Finally, I can't believe it's real 😭",0,2024-04-04T15:03:35Z,2024-04-04T15:03:35Z
UgxyiiXx5oV3qlBkkMB4AaABAg,,False,@cottonstars,esto es lo más precioso que he visto y escuchado tiene elementos muy lindos! parece el trailer de una película! Youth es toda una obra maestra,0,2024-04-04T15:03:34Z,2024-04-04T15:03:34Z
Ugx3eBD5djaMFF0BMmp4AaABAg,,False,@tidlslxoxo,어떡해… 눈물나 나 ….,2,2024-04-04T15:03:33Z,2024-04-04T15:03:33Z
Ugwqm-w77YMKTdygtQt4AaABAg,,False,@눈누난나-t6l8c,진짜 너무 좋다 도영아ㅠㅠㅠ💚💙🌊🍀🐰,1,2024-04-04T15:03:31Z,2024-04-04T15:03:31Z
UgzfWF5Rrx0Y5RnbVQ14AaABAg,,False,@YoSoyIrene,It's so beautiful,0,2024-04-04T15:03:30Z,2024-04-04T15:03:30Z
UgxgEZylyrCjUgC6FvJ4AaABAg,,False,@forspreadlove,됐다 이건 도영아 감격스러워 너무 좋다,72,2024-04-04T15:03:29Z,2024-04-04T15:03:29Z
UgwpNyBxSJc0rM1c4_d4AaABAg,,False,@mxniz2,도영이 고음 듣고 소름돋음 진짜도영아사랑해,33,2024-04-04T15:03:28Z,2024-04-04T15:03:28Z
Ugw_uJ7E-f70zskh2jZ4AaABAg,,False,@arii__bari,도영이의 청춘 언제나 응원해 노래해줘서 진짜 고마워 도영아 사랑한다,85,2024-04-04T15:03:28Z,2024-04-04T15:03:28Z
UgzcOeA8NFppx5owZgd4AaABAg,,False,@핏쨔-g6s,청춘을 노래하는 도영이가 너무 예쁘다,37,2024-04-04T15:03:27Z,2024-04-04T15:03:27Z
UgzaSQGmqqxC6HXnesh4AaABAg,,False,@doyochie,this sounds and looks soooo magical 🥹🩵🩵🩵🩵,1,2024-04-04T15:03:27Z,2024-04-04T15:03:27Z
Ugx1m-VWNNfeERq8qP14AaABAg,,False,@LaDashhh,DOYOUNG IS COMING 💚💚💚,0,2024-04-04T15:03:25Z,2024-04-04T15:03:25Z
UgzjZTLVr7iOtDatWa94AaABAg,,False,@yestoheaven-d2s,너의 이름은 주제가같은 느낌이야......세상에,2,2024-04-04T15:03:22Z,2024-04-04T15:03:22Z
UgynVUrfywKDvsSSrut4AaABAg,,False,@ofyo63,도영아 청춘을 노래해줘서 고마워🥺,1,2024-04-04T15:03:15Z,2024-04-04T15:03:15Z
UgxvlvC32PtPun9H1ad4AaABAg,,False,@dinora_in_chengdu,"Go, bless us with your album, Kim Doyoung",0,2024-04-04T15:03:13Z,2024-04-04T15:03:13Z
Ugzil7wPaGNtwM10rW14AaABAg,,False,@renjay5538,Wow🥹🥹🥹,0,2024-04-04T15:03:13Z,2024-04-04T15:03:13Z
UgzVx3tpdwvlN4O9qhF4AaABAg,,False,@Doyoungteam,도영아 너무 좋다 어뜩하면 좋아,34,2024-04-04T15:03:12Z,2024-04-04T15:03:12Z
Ugyvior6kGTxdM41IGF4AaABAg,,False,@말랑깜장콩,자기를 노래하는 도영이는 진짜.. 상상이상으로 아름답고 찬란하구나…,951,2024-04-04T15:03:11Z,2024-04-04T15:03:11Z
UgxrDtHAKKVNnI3_xaF4AaABAg,,False,@luvthO,우리 도영이 잘해요,16,2024-04-04T15:03:06Z,2024-04-04T15:03:06Z
UgztmsadxieCXlAxKLR4AaABAg,,False,@우르르롹끼-q5o,항상 생각하는건데 도영아 너의 목소리는 위로가 돼 우리를 위해 노래해줘서 고마워,38,2024-04-04T15:03:02Z,2024-04-04T15:03:02Z
UgzLpIcICyBHO2fSv5B4AaABAg,,False,@n0ah902,🐰💚💚💚💚,0,2024-04-04T15:03:02Z,2024-04-04T15:03:02Z
UgzhS0Zbbv3a92qrP6l4AaABAg,,False,@y5176,好き,0,2024-04-04T15:03:01Z,2024-04-04T15:03:01Z
Ugwmmhh-yzVkNtDMCzd4AaABAg,,False,@wee_ppy,미쳤다 ㅠㅠ,0,2024-04-04T15:02:57Z,2024-04-04T15:02:57Z
UgxuM3B4xdlOHXLFAhN4AaABAg,,False,@슬-v8h,영상 청량하고 너무 이쁘다,138,2024-04-04T15:02:52Z,2024-04-04T15:02:52Z
UgyBsH06DLasryi-PlJ4AaABAg,,False,@Zamamiro21,김도영… 당신이 내 청춘이야….,1,2024-04-04T15:02:43Z,2024-04-04T15:02:43Z
UgxkMUzvm7DVayAHU4l4AaABAg,,False,@jieunlee.,진짜 눈물난다 진짜 대박이다,29,2024-04-04T15:02:40Z,2024-04-04T15:02:40Z
UgwUcO0aYLI6QmgZs2Z4AaABAg,,False,@jesslynlow9236,!!!,0,2024-04-04T15:02:37Z,2024-04-04T15:02:37Z
Ugzf-S4udQyL0IHeeeB4AaABAg,,False,@pearllikewater,I'm gonna cry,0,2024-04-04T15:02:37Z,2024-04-04T15:02:37Z
UgwrSvYUWhDmPWME5pV4AaABAg,,False,@Rishika12067.,omgg he looks amazing!!! he is indeed a combination of every perfect thing possible! his voice sounds so heavenly omggggg,0,2024-04-04T15:02:34Z,2024-04-04T15:03:01Z
UgzcqtISlGhZ4fY7bnB4AaABAg,,False,@vz3222,A DISNEY PRINCESS 😌🩵✨,0,2024-04-04T15:02:32Z,2024-04-04T15:02:32Z
Ugx_ejFZ9L9Bvrwzwhx4AaABAg,,False,@ddubi_,도영이의 모든 청춘 모든 순간을 응원해,140,2024-04-04T15:02:30Z,2024-04-04T15:02:30Z
Ugz-R2QJTd9zJdHCr3B4AaABAg,,False,@vzen1502,bang Doyyy!!!! 😘😘😘,0,2024-04-04T15:02:30Z,2024-04-04T15:02:30Z
Ugw8h-S_rMaoRw8-mN94AaABAg,,False,@notyourpeeza,yayyyyyyyyyyyyyyyyyyy,0,2024-04-04T15:02:26Z,2024-04-04T15:02:26Z
Ugwes_pt0VwOYTsgiBh4AaABAg,,False,@itzzky,So excited for his solo album omgg,0,2024-04-04T15:02:26Z,2024-04-04T15:02:26Z
UgzGzVl5VejGPsu-M154AaABAg,,False,@chijeeeeuubbang,keren bgt Doyyy,0,2024-04-04T15:02:10Z,2024-04-04T15:02:10Z
Ugymh70Rw7ygfu9c_-J4AaABAg,,False,@pearllikewater,"I'm  so happy! It's already beautiful!!! Doyoungggggggg, love you angeeeeel",0,2024-04-04T15:02:07Z,2024-04-04T15:02:07Z
UgyM6DkPHMTBdv1ST-14AaABAg,,False,@냠냠-f5y,멋지다 아직 안봄,0,2024-04-04T15:01:56Z,2024-04-04T15:01:56Z
UgxRqXHujEOa6qXVtyN4AaABAg,,False,@나린-nyang,이거지연....,0,2024-04-04T15:01:52Z,2024-04-04T15:01:52Z
Ugx7XWivE0CFCt-HFpx4AaABAg,,False,@puttita_nun,"Doyoung so beautiful
Can't wait",0,2024-04-04T15:01:48Z,2024-04-04T15:02:05Z
UgwVhr1h18WcTGJW4154AaABAg,,False,@bread_i.n,IM SO LOOKING FORWARD TO THIS IM SCREAMING 😭😭,0,2024-04-04T15:01:41Z,2024-04-04T15:01:41Z
UgzB0TQiZtAicb9otvZ4AaABAg,,False,@이수만의아덜덜,개미텻네..... 노래 도랏다,9,2024-04-04T15:01:38Z,2024-04-04T15:01:38Z
UgxgIK2hKTv0Qdrxxf54AaABAg,,False,@영영이영,하 인어왕자 김도영 이거 지금 팩트체크부터 이어지는거지 🥹,1,2024-04-04T15:01:38Z,2024-04-04T15:01:38Z
UgypzP2dUKJeLn4h2L94AaABAg,,False,@종천러어어어어어억,미친 도영아 초반부터 미쳤네,4,2024-04-04T15:01:13Z,2024-04-04T15:01:13Z
UgypzP2dUKJeLn4h2L94AaABAg.A1oWCmXKPFMA1oWFuRYr2X,UgypzP2dUKJeLn4h2L94AaABAg,True,@종천러어어어어어억,아니 개오바 개 좋을거같음,0,2024-04-04T15:01:38Z,2024-04-04T15:01:38Z
UgypzP2dUKJeLn4h2L94AaABAg.A1oWCmXKPFMA1oWLdA22EL,UgypzP2dUKJeLn4h2L94AaABAg,True,@종천러어어어어어억,0:37 진심 개소름돋아!!!,0,2024-04-04T15:02:25Z,2024-04-04T15:02:25Z
Ugx8X1Nmr-_azZnXKOV4AaABAg,,False,@do0blueberry,우리 같이 청춘을 노래하자 응원해 도영아,446,2024-04-04T15:00:56Z,2024-04-04T15:00:56Z
UgzKPUBgg2YxapKCPQh4AaABAg,,False,@이수만의아덜덜,미툣다 디즈니아님?,0,2024-04-04T15:00:52Z,2024-04-04T15:00:52Z
UgzWi478PedssQJL7Ep4AaABAg,,False,@marvincamara,Wahhhhhh,0,2024-04-04T15:00:49Z,2024-04-04T15:00:49Z
Ugzf5bJrMFJjegpmgrN4AaABAg,,False,@fumokii,how many internasional fans support DOYOUNG are here👋🏻,509,2024-04-04T15:00:43Z,2024-04-04T15:00:43Z
Ugzf5bJrMFJjegpmgrN4AaABAg.A1oW9DIIImNA1oWZPcUped,Ugzf5bJrMFJjegpmgrN4AaABAg,True,@lnholic8180,From Laos🇱🇦🩵🐰,4,2024-04-04T15:04:18Z,2024-04-04T15:04:18Z
Ugzf5bJrMFJjegpmgrN4AaABAg.A1oW9DIIImNA1oWm6HW2dc,Ugzf5bJrMFJjegpmgrN4AaABAg,True,@LetsDona,Indonesia 👋,9,2024-04-04T15:06:10Z,2024-04-04T15:06:10Z
Ugzf5bJrMFJjegpmgrN4AaABAg.A1oW9DIIImNA1oXmuC8x1i,Ugzf5bJrMFJjegpmgrN4AaABAg,True,@jemiyu7977,Lots here in Japan 💚,3,2024-04-04T15:15:01Z,2024-04-04T15:15:01Z
Ugzf5bJrMFJjegpmgrN4AaABAg.A1oW9DIIImNA1oXpkIIBw5,Ugzf5bJrMFJjegpmgrN4AaABAg,True,@SeokMatthew-mb2sj,From Myanmar,3,2024-04-04T15:15:24Z,2024-04-04T15:15:24Z
Ugzf5bJrMFJjegpmgrN4AaABAg.A1oW9DIIImNA1oYAST15Rs,Ugzf5bJrMFJjegpmgrN4AaABAg,True,@ninasay5693,Algeria ❤🇩🇿,3,2024-04-04T15:18:22Z,2024-04-04T15:18:39Z
UgypjSmjbKlSfXc9jY54AaABAg,,False,@nas_run,"사랑해요. He is visual, talented, best singer, best dancer, best of everything..",44,2024-04-04T15:00:42Z,2024-04-04T15:00:42Z
