comment_id,parent_id,is_reply,author,text,like_count,published_at,updated_at
UgxjNhbpdB82Ody3jOd4AaABAg,,False,@AlmirSadiku-i3m,🇩🇪😭😭😭❤❤❤,0,2025-05-14T19:35:16Z,2025-05-14T19:35:16Z
UgxZ-e1Aztl-zljpTQR4AaABAg,,False,@barbaralawes6166,What about 2025 ?,1,2025-04-14T19:00:46Z,2025-04-14T19:00:46Z
UgwWxE46r4V9QkF68Cl4AaABAg,,False,@mahirmalik26,Blackpink forever ❤,1,2025-03-20T04:35:37Z,2025-03-20T04:35:37Z
Ugy70kkCVh_eE4cs4r54AaABAg,,False,@SeyhmuslumEsen,Black pink ❤❤❤❤ so gud😢❤❤❤❤❤,0,2025-03-13T16:21:54Z,2025-03-13T16:21:54Z
Ugz8uRqxOk9dGfIH-EF4AaABAg,,False,@premtadauti8505,GERMANY!!!,1,2025-02-21T21:40:41Z,2025-02-21T21:40:41Z
Ugw_50WaKUoy6HwsVFN4AaABAg,,False,@SWIFTEBLINK,🖤💖👑✨💅🏾🫶🏾,0,2025-02-20T02:34:39Z,2025-02-20T02:34:39Z
UgwW9lzOPRkw98l-ku54AaABAg,,False,@Adea-hg,POV:im from in germany😢😢😢😢😢,1,2025-02-14T10:40:35Z,2025-02-14T10:40:35Z
UgyqLr3qNO8LV1ZyUYt4AaABAg,,False,@auroracruz2071,BERLIN BLACKPINK,0,2025-01-26T13:00:19Z,2025-01-26T13:00:19Z
UgxQn-yTwDv2xdVeD4B4AaABAg,,False,@Mybeşiktaş,"우와 독일님, 언젠가 이스탄불에 오셨으면 좋겠습니다.❤❤",1,2025-01-24T09:51:03Z,2025-01-24T09:51:03Z
UgzxzXJklHtEumw4fcx4AaABAg,,False,@Funnycitty,Blackpink ❤,1,2024-12-27T14:53:09Z,2024-12-27T14:53:09Z
UgxlcWEMeIhf0_jXJ_14AaABAg,,False,@semihaerbay6442,Or Bursa in Turkey but in Summer pls❤😢,0,2024-12-22T21:47:29Z,2024-12-22T21:47:29Z
UgzH4cgEfzGunqdrsMt4AaABAg,,False,@semihaerbay6442,Pls come Bielefeld or Köln?!!❤😢😢😢,0,2024-12-22T21:47:12Z,2024-12-22T21:47:12Z
UgwMTk5fLR_uXBHVTtZ4AaABAg,,False,@auroracruz2071,BERLIN,0,2024-12-14T03:03:52Z,2024-12-14T03:03:52Z
UgxIYEj234SVlN0a0s94AaABAg,,False,@meenudhawan7151,I’ll be a blink forever ♾ love you 4 queens,0,2024-11-13T07:08:35Z,2024-11-13T07:08:35Z
Ugw5Gp8aQu6h2siirNh4AaABAg,,False,@KalpanaHazra-wk6hd,I love blackpink 🖤🖤💗💗👑👑👑,0,2024-10-22T03:01:11Z,2024-10-22T03:01:11Z
UgyuBd32_fnSaiiHmKB4AaABAg,,False,@Brot_fan,Can you please come in Austria 😢 please 🥺🙏,0,2024-10-08T11:23:12Z,2024-10-08T11:23:12Z
UgxoB-IGOO2MSL8_Vux4AaABAg,,False,@Regendeutsch,"Wir lieben dich, blackpink, ich bin von LISA Bias❤❤❤❤❤❤❤❤❤",1,2024-09-27T12:25:36Z,2024-09-27T12:25:36Z
UgwpQ9H4pw5ps3X3QMp4AaABAg,,False,@MariyaPolyanska-m4i,Blackpink its the best k-pop group,1,2024-09-18T20:34:06Z,2024-09-18T20:34:06Z
UgzN8WI6jS9yKJUltEJ4AaABAg,,False,@its_rblx_Mieke,"I Love all
1.rosé
2.jennie
3 jisoo,lisa",0,2024-09-17T17:51:08Z,2024-09-17T17:51:22Z
UgwMqSPDkYZ3ZyBbJLh4AaABAg,,False,@Maki.ki-ki123,Can you come to serbia😢😢😢😢,1,2024-09-06T21:26:32Z,2024-09-06T21:26:32Z
Ugy3vRnOqzFw244Ef4p4AaABAg,,False,@foodaml3237,I live in Germany and I love BLACKPINK,2,2024-09-02T17:37:30Z,2024-09-02T17:37:30Z
Ugz_ondtxJHPa0BB3Up4AaABAg,,False,@itzzholaz,I live im Germany but my mom and dad rosenthal k ow what blackpink is 😢 im sporti but i will alaways watch blackpink im YouTube and tik tol evetywhere❤😊,1,2024-08-31T10:48:33Z,2024-08-31T10:48:45Z
Ugwle87D3kukwPShnsV4AaABAg,,False,@ZuzuBuzu-c5h,Will Blackpink ever come to Romania tho? There are also many blinks 🖤💗,1,2024-08-29T12:02:20Z,2024-08-29T12:02:20Z
Ugw-pHYaaHCfG6kbmPJ4AaABAg,,False,@a.m.1_1.l.a,Next time come to bayern 💗,1,2024-08-26T09:12:02Z,2024-08-26T09:12:02Z
UgwAQ15b5JJWMfDiejJ4AaABAg,,False,@Aep1nk_bluu,AWH MAN I MISSED IT😭😭 COME TO GERMANY AGAIN😭🖤🩷🖤🩷🖤🩷🖤🩷🖤🩷🖤,1,2024-08-19T10:40:52Z,2024-08-19T10:40:52Z
UgyOSbtpOzXrMCaILY94AaABAg,,False,@StanislavaSepetiene,Typa girl🥳,1,2024-08-10T11:17:36Z,2024-08-10T11:17:36Z
Ugz0GrAc6GLNKvJIGQ54AaABAg,,False,@auroracruz2071,Welcome to the berlin,1,2024-07-29T04:42:55Z,2024-07-29T04:42:55Z
UgxY8YgDcETNQQkNXvN4AaABAg,,False,@gulayakbulut6280,TÜRKİYEDE  YAŞIYORUM  VE  BLACK  PİNK'İ   SEVİYORUM,1,2024-07-24T19:30:55Z,2024-07-24T19:30:55Z
UgzDD6N5tGRj7zS7Xc14AaABAg,,False,@harihan1522,Blackpink in your areaaaaaaa❤❤❤❤,1,2024-07-16T07:53:14Z,2024-07-16T07:53:14Z
Ugw6QX4DQ6Sa6_7CS5B4AaABAg,,False,@Blackpink_lovee-z4i,❤❤❤❤❤❤❤,1,2024-07-09T09:35:40Z,2024-07-09T09:35:40Z
UgxupuIalRy2sBGT9l14AaABAg,,False,@Shizen-w1b,All my love from Germany to blackpink🖤💖👑👸♠️,2,2024-06-29T17:56:20Z,2024-06-29T17:56:20Z
UgwowG4jgUnlMgmzRl14AaABAg,,False,@rutemariano3309,❤❤❤blinks forever,1,2024-06-18T01:29:17Z,2024-06-18T01:29:17Z
UgyFXkE45CL35jxlZFl4AaABAg,,False,@tsomiiludmila7526,"Hello BLACKPINK🖤🩷Your German ✨️BLIИKS✨️ are waiting for you and love you so much🖤🩷Please come to us🖤🩷

Your German ✨️BLIИK✨️",2,2024-05-25T16:55:34Z,2024-05-25T16:55:34Z
UgxNgXyF0ObRNvAG0WB4AaABAg,,False,@Player.196-t9f,❤,0,2024-04-30T18:39:35Z,2024-04-30T18:39:35Z
Ugwe2IHDBf2bxU7iGGN4AaABAg,,False,@Fan_loves_blackpink,I want coming pls. Address plss,0,2024-04-14T10:58:21Z,2024-04-14T10:58:21Z
UgykbmLEoZAhLW-Z_8R4AaABAg,,False,@prabhjotghotra6874,I love you  blackpink,0,2024-04-14T10:10:54Z,2024-04-14T10:10:54Z
UgytTSgc3SPAWB7FivR4AaABAg,,False,@HeyyAcd1,Deutschland 😱,1,2024-03-28T18:41:38Z,2024-03-28T18:41:38Z
Ugw1z6LUWcfjSfMuG8l4AaABAg,,False,@wratique,Can be concert in berlin in 2024 agin ? 🙂❤️✨,1,2024-03-24T18:54:23Z,2024-03-24T18:54:23Z
UgyhgD9CSXQvYbe6eSB4AaABAg,,False,@anaclaracalandrino3963,Blackpink forever❤,0,2024-03-12T15:28:00Z,2024-03-12T15:28:00Z
UgwMi7O66U10fRqv3Lx4AaABAg,,False,@hasarialtunbas7108,BLACPİNK 🖤💗,0,2024-03-09T06:40:39Z,2024-03-09T06:40:39Z
UgxPdPUaC7oUHpBfd4t4AaABAg,,False,@susannaaslikyan5983,I live in Berlin but  i wasn't at the concert😢,0,2024-03-03T16:14:56Z,2024-03-03T16:14:56Z
UgyCX0M5j98ND678TaF4AaABAg,,False,@Shisho_routines,Plss come to Hamburg germany🫰🏻🇩🇪,2,2024-02-28T14:18:06Z,2024-02-28T14:18:06Z
UgzGF29WyhZ-VW_pjpB4AaABAg,,False,@ch.7snrcs,My name Zola😂😂😂😂😂😂,0,2024-02-23T14:00:11Z,2024-02-23T14:00:11Z
Ugw-GI2TRBduaQBz6o94AaABAg,,False,@VIRAGO_officials,Thank you for this night I love ❤️ you and don’t leave us please,0,2024-02-04T08:42:11Z,2024-02-04T08:42:11Z
UgyAet3Cw10HAH8F7ap4AaABAg,,False,@kkimseung24,지금 터키에 와도 와도 콘서트 못가서 못 뵙겠다.,0,2024-01-26T14:26:25Z,2024-01-26T14:26:25Z
UgzchK7jPwPtxCKBRfx4AaABAg,,False,@favdumbblonde14,BLACKPINK FOREVER ❤❤❤,0,2024-01-22T20:12:44Z,2024-01-22T20:12:44Z
Ugz3j9kDDd5RTrq3Pe54AaABAg,,False,@Zalak-z5k,Love from India 🇮🇳,0,2024-01-09T06:28:29Z,2024-01-09T06:28:29Z
Ugy_rwy6PzWeAjLaT414AaABAg,,False,@senberfin609,Slayyyyyyyy girlsss❤,0,2024-01-02T20:10:24Z,2024-01-02T20:10:24Z
UgzVq0dFAx7CnIg73ZJ4AaABAg,,False,@Branyswhitbaddies,I love BLACKPINK❤,0,2024-01-01T02:09:31Z,2024-01-01T02:09:31Z
UgyaPeAe_dtBJyj1HWl4AaABAg,,False,@Blink_forever379,"I am from Germany 🇩🇪 
Love you Blackpink ❤❤❤❤❤❤",4,2023-12-26T20:37:07Z,2023-12-26T20:37:07Z
UgwVYQL9AWnieiCtMAV4AaABAg,,False,@Aihoshinorubyaqua,Where are the german blinks❤❤❤,2,2023-12-26T16:24:39Z,2023-12-26T16:24:39Z
UgwVYQL9AWnieiCtMAV4AaABAg.9ynAGKYRJIHA7otCjwoR6_,UgwVYQL9AWnieiCtMAV4AaABAg,True,@EvaHuber-wg4cf,Here❤,1,2024-08-31T21:39:17Z,2024-08-31T21:39:17Z
Ugwqhhg3K0HJrk9O7fB4AaABAg,,False,@birdieplaz,I live in germany but 9 hours away from Berlin,1,2023-12-21T06:20:06Z,2023-12-21T06:20:06Z
Ugyv8igFwXLat69xbpt4AaABAg,,False,@meganers5968,Love you!!!!!❤,0,2023-12-17T14:55:27Z,2023-12-17T14:55:27Z
Ugweu8RJi5M-0qDn2I54AaABAg,,False,@BlackpinkeditsYT,Omg niemals😲wie konnte ich das nur verpassen😭,2,2023-12-13T19:30:41Z,2023-12-13T19:30:41Z
UgxkIoL3OFes5aCsR-l4AaABAg,,False,@Theresa_7,"Thank you Rosé, Lisa, Jisoo and Jennie ❤️
Grüße aus Deutschland ❤️❤️❤️❤️❤️",0,2023-12-06T20:21:03Z,2023-12-06T20:21:03Z
UgwIELIpjGfJoKtIqYJ4AaABAg,,False,@meetrajput4693,Black pink forever,0,2023-11-25T06:19:33Z,2023-11-25T06:19:33Z
UgwSdZkkHfaK3yWuw1t4AaABAg,,False,@laurasargsjan5830,I whish they come to Austria ❤,0,2023-11-23T15:36:50Z,2023-11-23T15:36:50Z
Ugwhi_A3MbuhoKSsBNt4AaABAg,,False,@KOREAN_BLINKw,Türkiyeye gelin tüm blinkler sizi bekliyorrr plsssssssssssssssssss❤❤❤❤❤❤❤❤❤❤❤❤❤❤❤❤❤❤❤❤❤❤❤❤❤❤❤❤❤🩷❤️🩷❤️❤️🩷❤️🩷❤️🩷❤️🩷🩷❤️❤️🩷🩷❤️❤️🩷❤️🩷🩷❤️🩷🩷🩷🩷🩷🩷🩷🩷❤️🩷❤️🩷🩷🩷🩷❤️🩷❤️🩷🩷🩷❤️🖤🩷🖤🖤🩷🖤🩷🖤🩷🩷🩷🖤🩷🖤🖤🩷🖤🩷🩷🖤🖤🩷🖤🩷🖤🩷🖤🩷🩷🖤🖤🩷🖤🩷🩷🖤🩷🖤🩷🖤🩷🖤🩷🖤🩷🩷🖤🖤🩷🖤🩷🖤🩷🖤🩷🩷🖤🖤🩷🖤🩷🖤🩷🖤🩷🩷🖤🖤🩷🩷🖤🖤🩷🖤🩷🖤🩷🖤🩷🩷🖤🩷🖤❤️🖤🖤🖤🩷🖤🩷🖤🩷🩷🖤🖤🩷🖤🩷🖤🩷🖤🩷🩷🖤🖤🩷🩷🖤🖤🩷🖤🩷🖤🩷🩷🖤🩷🖤🖤🩷🖤🩷🖤🩷🖤🩷🖤🩷🖤🩷🖤🩷🖤🩷🩷🖤🖤🩷🩷🖤🖤🩷🖤🩷🖤🩷🖤🩷🖤🩷🖤🩷🖤🩷🩷🖤🩷🖤🩷🖤🩷🖤🩷🖤🖤🩷🩷🖤🖤🩷🖤🩷🩷🖤🖤🩷🩷🖤🖤🩷🖤🩷🩷🖤🩷🖤🖤🩷🖤🩷🩷🖤🖤🩷🖤🩷🩷🖤🖤🩷🩷🖤🖤🩷🖤🩷❤️🖤🖤🩷🖤🩷🖤🩷🩷🖤🩷🖤🖤🩷🖤🩷🩷🖤🩷🖤🩷🖤🖤🩷🩷🖤🩷🖤🩷🖤🩷🖤🩷🖤🩷🖤🩷🖤🩷🖤🖤🩷🩷🖤🩷🖤🖤🩷🩷🖤🖤🩷🖤🩷🖤🩷🖤🩷🖤🩷🖤🩷🖤🩷🖤🩷🖤🩷🖤🩷🩷🖤🖤🩷🩷🖤🖤🩷🖤🖤🩷🩷🖤🖤🩷🩷🖤🖤🩷🩷🖤🖤🩷🖤🩷🩷❤️🩷🖤🖤🩷🖤🩷🖤🩷🩷🖤🖤🩷🩷🖤🖤🩷🩷🖤🩷🖤🖤🩷🩷💗❤️🖤🖤❤️🩷❤️🖤❤️🩷🖤🩷❤️🩷🖤❤️🩷🖤🖤🩷💗🖤🩷🖤🩷💗💗🖤🖤💗💗🖤💗💗🖤🩷🩷🩷💗🖤💗🖤💗🩷🖤🩷🖤💗🩷🖤💗🩷🖤🖤💗💗🩷🖤💗🩷🖤🩷🖤💗🩷🖤🩷🖤💗🖤💗🖤💗🖤💗💗🖤💗🩷🖤🖤💗🖤💗🖤💗🖤🩷🖤💗🩷🖤🖤🩷💗🖤🖤💗🩷🖤🖤💗💗🖤💗🖤💗🖤🩷💗🩷💗🖤💗🩷🩷💗🩷🩷💗🩷💗🖤🖤🩷💗🩷🩷🩷💗🩷💗🖤🖤🩷🖤🩷🖤🩷🖤🖤🩷🖤🖤🩷🖤🩷🖤🩷🖤🩷🖤🩷🖤🩷🖤🩷🩷🖤🩷🩷🖤🩷🩷🖤💗🖤💗🩷💗🩷🩷🩷🖤,0,2023-11-22T14:20:04Z,2023-11-22T14:20:04Z
UgwQpct44V2irRONbPt4AaABAg,,False,@Кира_про,Black Pink Can I please have a concert inGermany  in Apolda please😂😂😂❤,0,2023-11-19T15:58:21Z,2023-11-19T15:58:21Z
Ugy7spOORAcjHCYWObR4AaABAg,,False,@blink_editzz_,"I live in Germany ❤
Thank you for the performance Blackpink ❤",69,2023-11-19T14:06:48Z,2023-11-19T14:06:48Z
Ugy7spOORAcjHCYWObR4AaABAg.9xIe4IXbH8jA2CpAZCYdBG,Ugy7spOORAcjHCYWObR4AaABAg,True,@Fan_loves_blackpink,"Aa,e",1,2024-04-14T10:56:41Z,2024-04-14T10:56:41Z
Ugy7spOORAcjHCYWObR4AaABAg.9xIe4IXbH8jA2CpC1gyxSl,Ugy7spOORAcjHCYWObR4AaABAg,True,@Fan_loves_blackpink,Same im from germany,3,2024-04-14T10:56:53Z,2024-04-14T10:56:53Z
Ugy7spOORAcjHCYWObR4AaABAg.9xIe4IXbH8jA7tw1z91Q1W,Ugy7spOORAcjHCYWObR4AaABAg,True,@saeidzohravieh2172,❤❤❤❤,0,2024-09-02T20:40:14Z,2024-09-02T20:40:14Z
Ugy7spOORAcjHCYWObR4AaABAg.9xIe4IXbH8jAGI6K88Q6mE,Ugy7spOORAcjHCYWObR4AaABAg,True,@anassnas7570,i live in Berlin too,0,2025-03-30T11:31:00Z,2025-03-30T11:31:00Z
UgyMJU0XkeUOaFgloER4AaABAg,,False,@andreiamartins4677,I love Black pink 💗,2,2023-11-04T13:39:05Z,2023-11-04T13:39:05Z
Ugx2Ew9_FTjN7H4b7zl4AaABAg,,False,@ЕленаЛевинина,блэкпинк я из россии приедите пожалуйста в нижний новгород в россии,0,2023-11-03T13:08:51Z,2023-11-03T13:08:51Z
UgzLf0Z8fBZ_vQvCWMt4AaABAg,,False,@Allie.5.4.6,بلاكبينك في برلين.,0,2023-10-27T19:08:02Z,2023-10-27T19:08:02Z
Ugyh5hYtJ8j2SjQed154AaABAg,,False,@theyluvluisa,BLACKPINK IN DEUTSCHLAND ❤❤❤ BLACKPINK forever ❤😢,1,2023-10-23T12:36:16Z,2023-10-23T12:36:16Z
UgzqUXnCTkpwall_mH54AaABAg,,False,@Paqueta_SKYLIE_7,Slay❤,1,2023-10-13T08:26:13Z,2023-10-13T08:26:13Z
Ugz0NlR4dP38qJXTlJ54AaABAg,,False,@ЛидаОганисян-щ9ь,Please Armenia ❤❤❤😢😢😢😢😢😢,0,2023-10-11T14:13:22Z,2023-10-11T14:13:22Z
UgyY87OIGJ6kjxGy5AJ4AaABAg,,False,@lanaaaaaaaaaaaslays,THE MOMENT YOU REALIZE YOU WOULD DO EVERYTHING TO GO TO A CONCERT IF BLACKPINK AND U HAD THE CHANCE BUT YOU MISSED IT😭,1,2023-10-10T12:46:46Z,2023-10-10T12:46:46Z
UgzSAYr1oJ5HkiirDth4AaABAg,,False,@BLACKPINKFOVER_Jennie,"I would so much go to the concert because I live in Berlin but I don't have so much money 😭😭😭😭😭😭😭 I was 6 that I love blackpink and I'm now 10 omgg Im  cry 😭😭😭😭😭😭😭😭 

I LOVE YOU ✨BLACKPINK ✨
💖💖💖💖💖🫶💖🫶🫶💖🫶🫶🫶🫶🫶🫶❤️‍🔥❤️‍🔥❤️‍🔥❤️‍🔥❤️‍🔥❤️‍🔥❤️‍🔥❤️‍🔥❤️‍🔥✨✨✨💖💖💖💖💖💖❤️❤️❤️❤️❤️❤️❤️🩷🩷🩷💖💖💖💗💗💓💓💞💞💞💞💞💞",0,2023-10-08T12:49:01Z,2023-10-08T12:51:05Z
Ugw2jf0JUU_fGolDGId4AaABAg,,False,@Tiginemm11,Yaaa I missed my aunts are German and I went to Germany for 3 months if I had known it would have gone,0,2023-10-08T07:01:00Z,2023-10-08T07:01:00Z
UgwEc3sNm0kOv3R0H3d4AaABAg,,False,@DPOLB,I was there it was amazing  Blackpink forever Blackpink in your area,1,2023-10-07T13:04:31Z,2023-10-07T13:04:38Z
UgwEc3sNm0kOv3R0H3d4AaABAg.9vZolYToT_N9vZon3FsNqV,UgwEc3sNm0kOv3R0H3d4AaABAg,True,@DPOLB,Mm,1,2023-10-07T13:04:43Z,2023-10-07T13:04:43Z
Ugz6poz1UUOw7K--wLR4AaABAg,,False,@Zahidefangirl-k9d,Oh no guys im in germany but ther Kinda come here,0,2023-10-06T17:31:54Z,2023-10-06T17:31:54Z
Ugw783k0ZMIjAXyv6Dl4AaABAg,,False,@Cyber.angel1,Thats looks so cool im on germany too but belin is 4h away from me i really live u guys,0,2023-10-04T20:26:21Z,2023-12-14T22:55:37Z
UgwfM9o9xfJ0DorjoUF4AaABAg,,False,@BlacK_Pink_FaN_12,Ich komme Aus Deutschland 🇩🇪❤,1,2023-10-03T07:55:23Z,2023-10-03T07:55:23Z
Ugz2fqq3JhyjW98drJB4AaABAg,,False,@twicenmixx5995,BLACKPINK IS THE REVOLUTION,0,2023-09-30T11:54:43Z,2023-09-30T11:54:43Z
UgzCZd9tLUYlYgSuPBF4AaABAg,,False,@Snxdaxi,"I will go to Berlin 6 hours for BLACKPINK the next time because it’s worth it I mean ur the BEST KPOP GROUP I EVER SAW!!!!!
Wenn will it be?",0,2023-09-29T19:17:34Z,2023-09-29T19:17:34Z
UgzxL5Qr8Sru1Bs55GR4AaABAg,,False,@VaniKatiyar-hj5jg,"Pls come to India too there are a lot of blink 
India waiting for you",0,2023-09-29T09:37:50Z,2023-09-29T09:37:50Z
UgypOfVnoybUfzz9oSR4AaABAg,,False,@amarrao5398,Hlo black pink,0,2023-09-28T09:41:01Z,2023-09-28T09:41:01Z
Ugx7Ao3VX3Qf8k05cDx4AaABAg,,False,@leorobles-i7c,BLACKPINK WORLD TOUR [BORN PINK] BERLIN HIGHLIGHT CLIP,1,2023-09-27T21:33:06Z,2023-09-27T21:33:06Z
UgwwaUWZEkuJcZJAZyR4AaABAg,,False,@PoojaMishra-bj3qd,Black pink is looking so hot,0,2023-09-26T13:51:03Z,2023-09-26T13:51:03Z
UgxtJMscMPE9Xz3Vr5J4AaABAg,,False,@hanasouckova6420,Blackpink forever ❤❤❤can you go to czechia brno ??😢,0,2023-09-26T11:48:21Z,2023-09-26T11:48:21Z
UgzVO5clAM-jn7SRZ054AaABAg,,False,@msbithi2831,please came here Bangladesh,0,2023-09-25T16:50:28Z,2023-09-25T16:50:27Z
Ugz-1Au-82VTI1ULrFN4AaABAg,,False,@jissoolubykim,lütfen türkiyeye gelin,0,2023-09-25T14:05:35Z,2023-09-25T14:05:35Z
Ugy3W5vofIzpq93qO6V4AaABAg,,False,@rajalakshmyk8943,"blackpink forever
blackpink in your area 💜💜👇",0,2023-09-23T12:10:56Z,2023-09-23T12:10:56Z
UgxodFrNLpxqJluB2Ld4AaABAg,,False,@Adwitasawhney,I wish i was there!,0,2023-09-23T11:04:48Z,2023-09-23T11:04:48Z
UgzRZkI4bBNjmTmb1fp4AaABAg,,False,@njokibachio7922,Black pink Best k_pop girl s,0,2023-09-22T20:26:28Z,2023-09-22T20:26:28Z
UgydICnxDN58Utq3CjJ4AaABAg,,False,@Roxana_banana,România 😢😢😢😢,0,2023-09-22T13:11:37Z,2023-09-22T13:11:37Z
UgzUYqGrByy-W9_ME7J4AaABAg,,False,@sahanullah7347,Black pink❤❤,1,2023-09-15T08:47:20Z,2023-09-15T08:47:20Z
Ugxv4w6KaC9YO5wIpPF4AaABAg,,False,@kamranmeherrrmli4690,Azerbaycana da gelin diyenler👇👇👇👇👇👇👇👇,0,2023-09-09T13:03:26Z,2023-09-09T13:03:26Z
UgzgXjbrglvxzvdZI6V4AaABAg,,False,@Victoriacutiepiee,BLACKPINK FOREVER ❤,0,2023-09-09T06:47:11Z,2023-09-09T06:47:11Z
UgyPa8jyF-20s8Nn35t4AaABAg,,False,@_ang3l_12,💗💥,0,2023-09-08T23:40:33Z,2023-09-08T23:40:33Z
UgzPPBVwHemrPpg6dtN4AaABAg,,False,@StrawBerry_Starİştee,Blackpink ne zaman görsem short da bana dans coşkusu geliyo ztn yapamıyorum özellikle Lisa hayranıyım ama diğer üyeler saygısızlık yapamam jennie rosé jisoo da çok sevimliler ama Lisa çok havalı Lisa sayesinde bir fobim var oda dans rap ind Lisa gibi yetenekli biri olurum ve istanbulda yada Türkiye'de başka yarlerde fan buluşması olabilir lütfen Türkiye'de hayranlarının var ve İstanbul'da konseriniz oldunu duydum doğrumu lütfen bunu yorumlarda yazın ❤Türkiye'den selamlar❤,0,2023-09-06T21:53:36Z,2023-09-06T21:53:36Z
UgxaO7l4JcBFh5G6IQ14AaABAg,,False,@shivcharan4910,😊😊😊,0,2023-09-05T13:49:12Z,2023-09-05T13:49:12Z
UgyIqCV6ezL92BroCZ54AaABAg,,False,@hilalkuvvetli5813,Please come Tukiye,0,2023-09-04T16:00:23Z,2023-09-04T16:00:23Z
UgyyBNKx592QmB6BCFV4AaABAg,,False,@Lily_Lily10,Plsssss COMEEEEE CROATIA I LOVE BLACKPINK,0,2023-09-04T15:37:43Z,2023-09-04T15:37:43Z
UgyE2WayM3ay45CFha14AaABAg,,False,@Randomthingss-s23,India❤❤❤,0,2023-09-04T06:21:42Z,2023-09-04T06:21:42Z
Ugz-N8tZC_VBh3i0DGh4AaABAg,,False,@k-popfanfan_,Pls turkeyvnevşehir,0,2023-09-03T11:06:44Z,2023-09-03T11:06:44Z
Ugyq3AQkiRAa3rXkfEZ4AaABAg,,False,@gamzeaydogan3142,Black pink l like beautiful omaygat it is Berlinnnn💕💕💕💕💕💕,1,2023-08-27T19:33:05Z,2023-08-27T19:33:04Z
Ugy-hvZtTwUIVqJrVmh4AaABAg,,False,@aysegulgoren6873,Blacpink seni çok ama çok seviyor🖤💓 keşke gerçekten bunu ağlayarak yazıyorum lütfen türkiyeye Antalya manavgatta yap nolursunuz yinede şunu bilin hiçbir gurup sizi yenemez sizi çok seviyorum aşklarım😭😭😭😭😖,0,2023-08-26T20:13:00Z,2023-08-26T20:13:00Z
UgzJ6wLTgPsocP5Hj3h4AaABAg,,False,@rukiningezegeni9615,WE LOVE BLACKPİNK!!,0,2023-08-26T17:07:51Z,2023-08-26T17:07:51Z
Ugzv-RXB4GKlgUA43lx4AaABAg,,False,@biancagr09,"I live in Germany but I didn't know about the concert, if I had known I would have come too😢",0,2023-08-25T09:28:16Z,2023-08-25T09:28:16Z
UgzC0swoiNBEar67i5Z4AaABAg,,False,@Ria12533,Blackpink ruels,0,2023-08-22T14:08:27Z,2023-08-22T14:08:26Z
Ugy7YWywYeIoQdOI4Jd4AaABAg,,False,@La_Chaussette_perdu,I love you ❤❤❤❤❤❤❤❤❤❤❤,0,2023-08-19T16:44:46Z,2023-08-19T16:44:46Z
Ugxdwvbif9UJpKTWGHJ4AaABAg,,False,@nevinkanal138,PLEASE ❤ BP ❤ TURKİYE,0,2023-08-17T18:26:35Z,2023-08-17T18:26:34Z
Ugy1jxt82l_cIGfllIx4AaABAg,,False,@nevinkanal138,Please ❤ Türkiye,0,2023-08-17T18:26:16Z,2023-08-17T18:26:16Z
UgwjJFLIbfzk1Qx54jl4AaABAg,,False,@frauwolff3919,🇼🇸?,0,2023-08-16T21:35:24Z,2023-08-16T21:35:24Z
Ugx-jc8LaF15rN53Oll4AaABAg,,False,@frauwolff3919,❤❤❤❤🇩🇪🇩🇪🇩🇪🇩🇪🇩🇪🇩🇪🇩🇪,0,2023-08-16T21:35:11Z,2023-08-16T21:35:11Z
UgyaDpC3PMhQ_BV4GRR4AaABAg,,False,@AthirNaqiuddin-xq6dq,Feweseseseteeseseet,0,2023-08-13T01:01:19Z,2023-08-13T01:01:19Z
UgwjAeftGKBXUxTi4Kd4AaABAg,,False,@sonalijadhor6646,please come to India for performance for Indian blinks,0,2023-08-12T17:22:18Z,2023-08-12T17:22:18Z
UgzOyFcWByrzlWxafZp4AaABAg,,False,@AthirNaqiuddin-xq6dq,Peteteteteetteteteettette,0,2023-08-12T09:15:43Z,2023-08-12T09:15:43Z
UgwKNuDJvOdSBCFMnF94AaABAg,,False,@linxw_lia,터키로 오세요🇹🇷🇹🇷Please come in turkey 🇹🇷🇹🇷,0,2023-08-09T07:12:57Z,2023-08-09T07:12:56Z
Ugy8hEgv7qfIiNi1sj94AaABAg,,False,@R_E_M,❤❤❤❤❤❤❤❤❤❤❤💗💗💗💗💗💗💗💗💗💗💗💗💗💗💗💗💗💗💗💗💗💗💗💗🫶🏻🫶🏻🫶🏻🫶🏻🫶🏻🫶🏻🫶🏻🫶🏻🫶🏻,0,2023-08-08T12:05:12Z,2023-08-08T12:05:11Z
Ugzpl1Q3oAobDbj6_zx4AaABAg,,False,@momito137,♡,0,2023-08-07T02:07:43Z,2023-08-07T02:07:42Z
UgwPRSyjmpJKjFR2VY14AaABAg,,False,@Cookielein,I live in Germany❤,0,2023-08-05T08:06:39Z,2023-08-05T08:06:38Z
UgxmWfsqld2iwS2IlpJ4AaABAg,,False,@Killthisblink,We love you blackpink,1,2023-08-03T12:48:55Z,2023-08-03T12:48:55Z
Ugw3jzyvMUIC9h7xVGF4AaABAg,,False,@هالةرضوان-ب9ذ,أنا بحبكون,0,2023-08-03T12:17:23Z,2023-08-03T12:17:23Z
Ugz2BIjfIapxyj3_a3V4AaABAg,,False,@mehmetakifulubas7990,I WAS SAPOUSE TO BE THERE....... I live in berlinasaaa,0,2023-08-03T11:45:18Z,2023-08-03T11:45:18Z
Ugz1bhUZcBE22SInKE14AaABAg,,False,@IvanaMaria-o3r,❤❤❤❤❤❤❤❤❤❤❤❤❤❤❤❤❤❤❤❤❤❤❤❤❤❤❤❤❤❤❤❤❤❤❤❤❤❤❤❤❤❤❤❤❤❤❤❤❤❤❤❤❤❤❤❤❤❤❤❤,0,2023-08-03T07:44:58Z,2023-08-03T07:44:58Z
UgzsPxCmiGWfH6XlL5F4AaABAg,,False,@Ryry-wdm,We love you blackpink so much❤❤,0,2023-08-02T13:39:13Z,2023-08-02T13:39:13Z
UgzQALRZ4uk2if1vv9R4AaABAg,,False,@jungkok2008,BLAK PINK. ILOVe❤❤,0,2023-08-02T08:13:36Z,2023-08-02T08:13:36Z
UgwoTpVPpsqE8SlUq9R4AaABAg,,False,@Almina-bj6bm,Come to denizli in Turkey 💗💗🖤💗🖤💗🖤🖤💗🖤💗🖤💗🖤💗🖤💗🖤💗🖤💗🖤💗🖤💞♥️💗🖤💗🖤💗💗💗💗🖤💗,0,2023-08-01T10:44:38Z,2023-08-01T10:44:37Z
UgyeBlgtPfuVYxW24Ft4AaABAg,,False,@necipkocak4700,Konya❤,0,2023-08-01T07:46:07Z,2023-08-01T07:46:06Z
Ugz5ncdgfxNvucrR95h4AaABAg,,False,@Rosesxxwq,PLEASE COME TO TURKEY🇹🇷❣️,1,2023-07-31T20:56:26Z,2023-07-31T20:56:25Z
UgxcO8hTfpyQoIYzmx94AaABAg,,False,@tanjaveljovic81,I wish I was there. 😢❤❤,0,2023-07-30T06:01:20Z,2023-07-30T06:01:19Z
Ugw9gHrd0uEg_n-zaAx4AaABAg,,False,@manjuesan1993,I neuer new they went to berlin 😮😮😮😮,0,2023-07-28T16:07:24Z,2023-07-28T16:07:23Z
UgwSvd5Pmu-1US3CLL94AaABAg,,False,@duyenchau1000,Blackpink in your area❤❤😊😊,0,2023-07-28T14:05:23Z,2023-07-28T14:05:23Z
UgzAuNWvu19hGzGWpoF4AaABAg,,False,@blkpikgirl5447,"game:-

guess the kpop lightsticks  by emoji -





1.   ⭐
     🔦



2.🤍💗🤍💗
           🔦




3.   🖤
       💗
        🖤
        🔦",0,2023-07-28T13:41:50Z,2023-07-28T13:41:50Z
UgzAuNWvu19hGzGWpoF4AaABAg.9si3alTw17m9si3nf7zyxh,UgzAuNWvu19hGzGWpoF4AaABAg,True,@blkpikgirl5447,"Hi 
I'm your biggest fan ❤Lisa,❤Rose,❤Jennie and ❤Jisoo 



Please comment a hi 😊😊😊❤❤❤",0,2023-07-28T13:43:36Z,2023-07-28T13:43:35Z
Ugxs4Xx1n3PV2Moru914AaABAg,,False,@esnur5435,Pls come türkiye🇹🇷 🥰😍😍😍😍😍😍😍😍😍😍😍😍😍😍😍😍😍😍😍😍😍😍😍😍😍😍😍😍😍😍😍😍😍😍😍😍😍😍😍😍😍😍😍😍😍😍😍😍❤❤❤❤❤❤❤❤❤❤❤❤❤❤❤❤❤❤❤❤❤❤❤❤❤❤❤❤❤❤❤❤❤❤❤❤❤❤❤❤❤❤❤❤❤❤❤❤❤❤❤❤❤❤❤,0,2023-07-27T15:42:51Z,2023-07-27T15:42:51Z
UgxYPpYW3_DYlbGym9Z4AaABAg,,False,@armaniiandasharii4420,💝,0,2023-07-26T12:50:27Z,2023-07-26T12:50:27Z
UgzTpkXd4hN2So3zcbh4AaABAg,,False,@DUBAI_ÇAKLITI,아 터키에 왔으면 좋겠다❤,0,2023-07-25T21:19:39Z,2023-07-25T21:19:39Z
Ugxy7K1EYifLwB2evTV4AaABAg,,False,@fatmasahin473,"Düşünsenize bir gün ""world tour turkey "" yazıyormuş . Ama nerdeeeeee mdjdkxkskxkkxkd",0,2023-07-25T17:50:07Z,2023-07-25T17:50:06Z
UgyK7ZX-BHTW2tnkXCZ4AaABAg,,False,@SummerHiew-x6k,My teacher lives there,0,2023-07-25T02:09:22Z,2023-07-25T02:09:21Z
Ugxebv7GJWmq-MUplvZ4AaABAg,,False,@elifminaozturk5114,Turkish Istanbul pls,1,2023-07-24T17:06:53Z,2023-07-24T17:06:52Z
Ugy6CwwkzPqbngtag4l4AaABAg,,False,@nesreenaliwah3093,I em your blink,0,2023-07-24T13:43:38Z,2023-07-24T13:43:37Z
UgxBUfz4Rcuesptoyjt4AaABAg,,False,@nesreenaliwah3093,I em your blin,0,2023-07-24T13:41:56Z,2023-07-24T13:41:55Z
UgyL5pyDroQqgfcgfzF4AaABAg,,False,@NadaAlmasri-ve6xy,I'm love you so much Black pink 💖💖😭🇯🇴,0,2023-07-24T12:21:16Z,2023-07-24T12:21:15Z
UgwJwmQECVmor9jlQ-N4AaABAg,,False,@jorunnsigvaldsen459,Pls come to norway ❤❤❤❤❤❤,0,2023-07-24T08:47:17Z,2023-07-24T08:47:16Z
Ugx-Zlx-fwpIpdF0YAd4AaABAg,,False,@michaelgroholtfurth-dn6wi,I cry because I was 9 and you are in Germany and I live in germany😢😢😢😢😢😢❤❤😢😢,0,2023-07-24T03:55:41Z,2023-07-24T03:55:41Z
UgwwR_4d2M6rYP_tYg54AaABAg,,False,@bhumikasahu2964,Indian Blinks love BLACKPINK  so much💗💗🖤🖤💗💗💗🖤🇮🇳🇮🇳,0,2023-07-23T17:07:46Z,2023-07-23T17:07:46Z
UgzJrHU9_2xZaGbjQyJ4AaABAg,,False,@wisamqarawi-ef5qb,pleassssss,0,2023-07-23T12:49:07Z,2023-07-23T12:49:07Z
Ugzvb6Oc6zr-kM_IAaV4AaABAg,,False,@wisamqarawi-ef5qb,can blackpink komming to stuttgart,0,2023-07-23T12:48:56Z,2023-07-23T12:48:56Z
Ugzv1gqrU3UcscC2lMZ4AaABAg,,False,@wisamqarawi-ef5qb,😭😭😭😭😭😭😭😭😭😭😭😭😭,0,2023-07-23T12:43:29Z,2023-07-23T12:43:28Z
Ugxalg_6gopUTLKdiHR4AaABAg,,False,@33İsgəndərli33,I love you Rosè❤,0,2023-07-23T10:31:58Z,2023-07-23T10:31:57Z
Ugxko-ZQdD4DSWtedsx4AaABAg,,False,@ΖέταΓιαννακοπούλου-γ4π,I wish I could be there ❤,0,2023-07-23T09:57:57Z,2023-07-23T09:57:56Z
UgwktgSXe4fkyHyEjeV4AaABAg,,False,@EmaKotnová,"Blackpink,come to Prague sometime in the Czech Republic",0,2023-07-22T21:35:25Z,2023-07-22T21:35:24Z
Ugz9OfAH0pQMQfDA-r94AaABAg,,False,@Medovvx,BLACKPINK LOVE 🖤 BLINK AND BLINK LOVE 💗 BLACKPINK BLINK AND BLACKPINK MADE FOR EACH OTHER WE LOVE 🖤💕 YOU BLACKPINK,1,2023-07-22T16:21:26Z,2023-07-22T16:21:26Z
UgykpTKpzHjF7B7XlT54AaABAg,,False,@officeadelya,BLACKPINK -🩷🖤,0,2023-07-22T06:08:56Z,2023-07-22T06:08:56Z
UgwIMzkvHYNBVXlQH1t4AaABAg,,False,@chaellay_89,I love Blackpink,0,2023-07-21T12:43:34Z,2023-07-21T12:43:34Z
Ugz4tmZtep4YBA25Fl14AaABAg,,False,@thestrangerqc_,"Blackpink forever, lisa jisoo, jennei, Rose 🩷🩷🩷🩷🖤🖤🖤🖤",0,2023-07-21T10:02:33Z,2023-07-21T10:02:33Z
UgzdMVnHzCL0C-YYz054AaABAg,,False,@dalqak364,Black pink 4ever 🖤💖,0,2023-07-21T00:54:34Z,2023-07-21T00:54:34Z
UgxXyQWTADWiMa5RT_14AaABAg,,False,@haesoo_yaa,Blackpink love you so much 💗💗💗,0,2023-07-20T09:11:30Z,2023-07-20T09:11:30Z
Ugz7Y2T1dCDBUeqMrv14AaABAg,,False,@Ecrn_87,"Come to Turkiye 🇹🇷♥️🇰🇷 
👇",0,2023-07-18T17:05:05Z,2023-07-18T17:05:27Z
Ugznj1QAce1SSntDLx14AaABAg,,False,@آیلینعلمداری,yeh Lisa 💗🖤,0,2023-07-17T10:38:14Z,2023-07-17T10:38:14Z
UgxLV5vs-WIBvqoq2XF4AaABAg,,False,@Ridishaofficial,Whats the name of this song??😅,0,2023-07-17T09:44:38Z,2023-07-17T09:44:38Z
UgyfUAteXgd7b2mq5pp4AaABAg,,False,@valbonasaliaj890,BLACKPINK I LOVE YOU❤❤❤❤,0,2023-07-16T08:25:42Z,2023-07-16T08:25:42Z
Ugx-pjEeu1jKfDZuPlx4AaABAg,,False,@nykkigrim802,🎉🎉🎉🎉🎉🎉🎉❤❤❤❤,0,2023-07-16T07:48:10Z,2023-07-16T07:48:10Z
UgzDUAatX0ZgArTjQpV4AaABAg,,False,@ΓεωργιαΧιωτακη-π9χ,🖤BLΛƆKPIИK💗 I love you❤. PLEASE COME IN GREECE🇬🇷 😘🥰😍,0,2023-07-15T05:36:03Z,2023-07-15T05:36:03Z
UgxKxquiVG-oPeTHGP94AaABAg,,False,@korneliawasilewska2480,🖤💗,0,2023-07-14T14:48:08Z,2023-07-14T14:48:08Z
Ugw7EM-VpQKvcQ3PN054AaABAg,,False,@akshatraja0710,Pin me pls 🙏🙏🙏🙏,1,2023-07-14T09:16:08Z,2023-07-14T09:16:08Z
Ugz4hCCm9-EDV_UpxJ94AaABAg,,False,@thich_choi_butte,I Love You Blak Pink❤,0,2023-07-11T09:42:42Z,2023-07-11T09:42:42Z
UgxtgXMSVLrer4-DvkJ4AaABAg,,False,@demetsari6729,İts der belgie,0,2023-07-10T14:10:25Z,2023-07-10T14:10:25Z
UgzYdlLl4X_nNotQSFt4AaABAg,,False,@Miayim329,터키에서 인사드립니다,1,2023-07-09T12:06:21Z,2023-07-09T12:06:21Z
Ugyz8Hiywxd5Hj_hI554AaABAg,,False,@rehanperera9032,Hmmmm,0,2023-07-06T17:17:08Z,2023-07-06T17:17:08Z
UgybXOxuuW0C5yT2qD14AaABAg,,False,@herminaamelia155,Hungaria 😢❤,1,2023-07-04T18:17:44Z,2023-07-04T18:17:44Z
Ugw-ZECaW86oZdzD6nF4AaABAg,,False,@eat_pufy,Pls come turkey,0,2023-07-04T09:57:40Z,2023-07-04T09:57:40Z
Ugw_NEsjxuXmLFtI40x4AaABAg,,False,@shuksi.official,А в России никогда не будет?,0,2023-07-04T07:28:22Z,2023-07-04T07:28:22Z
UgzKnsnRoaaX6A0IBOR4AaABAg,,False,@Ayşe-e5g,blackpink please come to turkey please turkish blinks are waiting for you🌌🌌🌌,0,2023-07-03T19:47:31Z,2023-07-03T19:47:31Z
UgyKY8F3cEGxUqCAY114AaABAg,,False,@pchyofficial,When in india,0,2023-07-02T13:11:12Z,2023-07-02T13:11:12Z
UgyPjl1ft_gpgUIAert4AaABAg,,False,@มนต์-ภ6น,คงก๋อเหลือไต่ซาวก๋อค๊อย__(สำนวนภาษาเวียดนามคือ)ถ้าไม่มีไฟทำไมมีควัน(หมายถึงกลางป่า_ตรงนั้นมีควัน____นั่นแหละครับแสดงว่าตรงนั้นมีไฟ____เขาต้องการความช่วยเหลือ,0,2023-07-02T09:23:21Z,2023-07-02T09:23:21Z
UgzGXUlQuDLA73kvdqx4AaABAg,,False,@มนต์-ภ6น,คนเราน่ะครับ____คนที่เป็นพี่น้องกันแต่ไม่ช่วยเหลือเกื้อกูลกันก็เหมือนไม่ได้เป็นพี่น้องกัน___แต่คนเราไม่ได้เป็นพี่น้องกันแต่ช่วยเหลือเกื้อกูลกันก็เหมือนกับเป็นพี่น้องกัน❤❤❤❤❤,0,2023-07-02T09:19:05Z,2023-07-02T09:19:05Z
Ugx5YvvKpNVGHItWJ2x4AaABAg,,False,@มนต์-ภ6น,ตอนโน๊นมนต์_ผมเจอจีซูที่สยามพารากอน_ทีนี้เราคุยกันถูกคอ_มันก็ไปจบลงที่โรงแรมคลินตันใจกลางเมือง_กทม_แล้วเราได้เสียกัน_เสร็จ_จีซูก็ร้องไห้แล้วพูดว่า_พี่มนต์ไม่น่าทำจีซูเลย_มนต์ว่า_แหมมันไม่สึกหรอเหมือนดินสอเขียนคิ้วหลอกครับ_เธอคิดอยู่10วินาที_จริงซิ_คราวนี้สะกิด_เอาอีก_สนุกดี❤😂,0,2023-07-02T09:15:44Z,2023-07-02T09:15:44Z
UgxeNaIm7cTZtIccATl4AaABAg,,False,@pravatipradhan4415,BLACKPINK FOREVER ❤❤❤,0,2023-06-30T13:59:44Z,2023-06-30T13:59:44Z
UgyWfrj_FSvoQoSmn7R4AaABAg,,False,@Blackpinkandart,Come to nepal plz,0,2023-06-30T01:08:45Z,2023-06-30T01:08:45Z
UgzEd_9luNRaTpw_FjR4AaABAg,,False,@angelafreites2804,porque no van a venezuelaaaa,0,2023-06-28T20:24:59Z,2023-06-28T20:24:59Z
UgzKStVWn8p7u-Kg65F4AaABAg,,False,@Dania-67000,Love,1,2023-06-28T15:28:06Z,2023-06-28T15:28:06Z
UgwvxNZ489hRI_Mqx-94AaABAg,,False,@_.simple_life._,When will you come to India,0,2023-06-28T11:22:25Z,2023-06-28T11:22:25Z
UgzQl-jI01Ku1UHlIh94AaABAg,,False,@RUBYY-애인,The best night's girls thank youuu❤❤❤❤❤❤❤❤❤❤❤❤ı love you,1,2023-06-28T08:27:08Z,2023-06-28T08:27:08Z
Ugz__-oqHX3I9UEu0ZB4AaABAg,,False,@tanildasantanadahora2179,Or favor venham pra São Paulo Brasil 🙏🙏🙏❤❤❤❤❤🥰🥰🥰🥰🥰,0,2023-06-27T22:15:18Z,2023-06-27T22:15:18Z
UgxJivDaukqpmCThBhp4AaABAg,,False,@KathyKellyChannel,Can't you come to Munich,0,2023-06-27T14:34:02Z,2023-06-27T14:34:02Z
UgzSLjBQpgo3X3r8g454AaABAg,,False,@GangaGangani,Please come to sri lanka 🇱🇰,0,2023-06-27T10:54:32Z,2023-06-27T10:54:32Z
UgwgwQxGQeu1xrkGDVB4AaABAg,,False,@hatoeditlyy,"Gittiğiniz yer kalmadı şimdi de Azerbaycana veya Türküyeye gelin lütfen🙏🏻🇦🇿🇹🇷

Sizi çok ama çok seviyorum❤️",1,2023-06-26T17:14:48Z,2023-06-26T17:14:48Z
UgyppWVqTgqC6OQ3_UV4AaABAg,,False,@Bachira-fan11,터키에 올래?,0,2023-06-25T06:48:34Z,2023-06-25T06:48:34Z
UgywyKJnu8MyVeqkd194AaABAg,,False,@charelgonsalves7247,Blackpink forever love y'all ❤😊,0,2023-06-25T06:40:16Z,2023-06-25T06:40:16Z
UgyftKsRfM2NjLIKdup4AaABAg,,False,@miralnaila4227,"please come to Algeria ❤
i❤u",0,2023-06-23T15:03:16Z,2023-06-23T15:03:16Z
UgyZh2o51aj3ScIXHIh4AaABAg,,False,@catalin.perezyuu,❤❤❤😢,0,2023-06-23T08:38:33Z,2023-06-23T08:38:33Z
Ugw0yiIffbvdX1ddbqB4AaABAg,,False,@anamendes5065,Black pig eu me afirmação a fã de vosés,0,2023-06-18T23:38:05Z,2023-06-18T23:38:05Z
UgxhaqvZpnYI2QVFB2J4AaABAg,,False,@lourdesrenaud9564,blakpink me yamo kendra las quiero ver vivo en tonala chiaps❤❤❤❤❤❤❤🎉🎉🎉🎉🎉 las quiero mucho,0,2023-06-17T21:13:55Z,2023-06-17T21:13:55Z
UgxAsY-tHqp6fUlWo0F4AaABAg,,False,@rocioortigoza6973,Plisss come to paraguay 😢😢😭,0,2023-06-17T20:25:25Z,2023-06-17T20:25:25Z
UgynSKD6rchrKd5xNcd4AaABAg,,False,@samnimra4634,Black Pink come in Pakistan 🇵🇰❤️☺️,0,2023-06-17T04:39:56Z,2023-06-17T04:39:56Z
Ugxr2yYBNEAzDjWIoqZ4AaABAg,,False,@NadiraAzimi-cc6jb,Bts🙏🇰🇷,0,2023-06-15T06:02:33Z,2023-06-15T06:02:33Z
UgzBhXFbDtWrO2I3oA14AaABAg,,False,@Ardit.f11,I WANa kom,0,2023-06-12T21:46:17Z,2023-06-12T21:46:17Z
Ugznz0S8G7Ttw0nKCoh4AaABAg,,False,@Bengala_do_futuro,블핑 사랑해요 우리 방에 사진 몇장 있어요 적지만 사랑해요 🖤💗,0,2023-06-11T12:28:28Z,2023-06-11T12:28:28Z
UgxZhTySkwjEvSikWnl4AaABAg,,False,@sandhyak1062,Please come to india🖤💗🖤💗🖤💗🖤💗,1,2023-06-11T03:58:09Z,2023-06-11T03:58:09Z
Ugx8kDuhZTXojUdsaBd4AaABAg,,False,@sandhyak1062,Please  come to india 🖤💗🖤💗🖤💗🖤💗,0,2023-06-11T03:57:16Z,2023-06-11T03:57:16Z
UgwEvmwMDL93vZ2e6E54AaABAg,,False,@kadirylmazylmaz5913,Pls came to Turkey ❤,0,2023-06-10T19:27:53Z,2023-06-10T19:27:53Z
Ugx0yq5xNsAv7qnNlUV4AaABAg,,False,@SonakshiAshishsinghcomedy,Blackpink will you come to india? please please ❤❤❤💗💗💗💗💗,1,2023-06-09T14:46:22Z,2023-06-09T14:46:22Z
Ugwqln9H0ZC3FciFp_F4AaABAg,,False,@arzuyagiz3140,Yaa bi türkiyeye gelemediler ama olsun inşallah gelecekler,0,2023-06-08T13:35:43Z,2023-06-08T13:35:43Z
UgwNzZPzJm-_iipUk0l4AaABAg,,False,@FamilieLiebermann,Blackpink forever ❤,0,2023-06-06T13:03:25Z,2023-06-06T13:03:25Z
UgzVC5k5ZvwMaqUc_wh4AaABAg,,False,@FamilieLiebermann,❤❤❤❤❤❤❤i love,0,2023-06-06T13:02:51Z,2023-06-06T13:02:51Z
Ugz-yIjvKvO627NzNsZ4AaABAg,,False,@isaastin3955,I Love Blackpink and Jennie Lisa Rose and Jisso 🖤💗🖤💗,0,2023-06-05T16:15:40Z,2023-06-05T16:15:40Z
UgzvmvoIFTU2FYhUZ6p4AaABAg,,False,@manumohan9199,Why don't you come in India for your fans,0,2023-06-05T06:41:08Z,2023-06-05T06:41:08Z
UgyOTVAKURIOHZO8Y4Z4AaABAg,,False,@Itz_Tashiii,I LIVE IN GERMANY AND I WHY DIDNT I GO?!,0,2023-06-04T19:29:16Z,2023-06-04T19:29:16Z
UgxeN7IuoWPodoEaDQJ4AaABAg,,False,@NarinderKaur-me3dq,oh I going to Berlin but now am going to 10 date am relly sad I want to go born pink  concert,0,2023-06-04T13:12:23Z,2023-06-04T13:12:23Z
Ugy5KOYMptoGrEuvSD94AaABAg,,False,@quocduyang2603,❤i love blackpink,0,2023-06-04T07:23:59Z,2023-06-04T07:23:59Z
UgwGmw33mzQ57WJMpQJ4AaABAg,,False,@FarukAktas-s7c,❤,0,2023-06-03T16:39:13Z,2023-06-03T16:39:13Z
UgysxgVAFnPm3ipLJHl4AaABAg,,False,@FarukAktas-s7c,Jisoo ben seni sewiyom,0,2023-06-03T16:38:33Z,2023-06-03T16:38:33Z
UgzVe83n-CxDta8_irV4AaABAg,,False,@neeratkothawala8663,When is blackpink coming to INDIA?,0,2023-06-02T06:08:32Z,2023-06-02T06:08:32Z
UgyGfiMuuurcl369icN4AaABAg,,False,@MarlonMerida-e8f,I love you guys so much I’m a real blink pls pin me BLACKPINK❤❤❤❤❤❤❤❤❤❤❤❤❤❤,0,2023-06-02T02:24:54Z,2023-06-02T02:24:54Z
UgwxWgUAU6EluGR-DBJ4AaABAg,,False,@elenalakatos18,are u there next year❤🎉,0,2023-05-31T20:18:14Z,2023-05-31T20:18:14Z
UgxpMd261tXvTzM9gYp4AaABAg,,False,@elenalakatos18,"Im so sad.I am so sad.  I wasn't there, I was in Thailand .
No no no no no 😢😢😭😭😭😭😭",0,2023-05-31T20:12:57Z,2023-05-31T20:12:57Z
UgzETlC5QzsE3QAbq_14AaABAg,,False,@CherryBlossomTea1,I was born in Germany,0,2023-05-31T18:44:24Z,2023-05-31T18:44:24Z
UgwI6sdRgfad8JZ4Gup4AaABAg,,False,@bajranglogistic8288,Indian blinks are waiting for blackpink,0,2023-05-30T04:55:20Z,2023-05-30T04:55:20Z
UgykF2e9lAlp_BhleJZ4AaABAg,,False,@qx.55,사우디아라비아는 언제 가나요😭?,0,2023-05-26T18:42:50Z,2023-05-26T18:42:50Z
UgxR9OZhJM8KvkqazNl4AaABAg,,False,@mariacarmencastillo4113,En español chicas con Tere algo en español,1,2023-05-26T17:37:38Z,2023-05-26T17:37:38Z
UgwIN5InGP1q9QFBvgh4AaABAg,,False,@pink_Queen8,What you going to German 😮?,1,2023-05-26T09:36:14Z,2023-05-26T09:36:14Z
Ugz61VcAvA3382xElwx4AaABAg,,False,@marysia464,BORN PINK WORLD TOUR STAGE IN KRAKOW,0,2023-05-25T09:23:28Z,2023-05-25T09:23:28Z
Ugx2b7zh6015THki7rt4AaABAg,,False,@raaven-f7o,Blackpink i love you Lalisa and Jisooo ❤❤❤❤❤❤❤❤,0,2023-05-24T12:55:21Z,2023-05-24T12:55:21Z
UgziPwpsNMJyRiWDUuZ4AaABAg,,False,@CR70n,The best birthday gift Kano for my birthday is 12/20 is really amazing ❤,0,2023-05-24T09:34:04Z,2023-05-24T09:34:04Z
UgzFCy5oKTxnPJKcKOp4AaABAg,,False,@FlorinMili-wt8wd,I WAS AT THE BERLIN CONCERT AND IT WAS WOW!!!!!!🌈🌈🌈🌈🌈,0,2023-05-22T17:34:55Z,2023-05-22T17:34:55Z
UgxaX4PPhHlBgKbJdo14AaABAg,,False,@Nonhumanlady,Please come to India ❤ 🇮🇳🇮🇳🇮🇳🇮🇳🇮🇳,0,2023-05-21T19:15:13Z,2023-05-21T19:15:13Z
UgxvsAmvhkR0Kt3pN5J4AaABAg,,False,@OykuWithStudy35,Lütfen Türkiye'ye gelin.Hem kardeş ülkeniz...🇰🇷🖤💖🇹🇷,1,2023-05-21T13:46:16Z,2023-05-21T13:46:16Z
Ugw8z-C9GTr7HNJv1tR4AaABAg,,False,@brahimi8419,"Black Pink Tipe❤ Girl dazzled me the moment Lisa got stuck in the pole, and I liked Jennie's black dress in Born Pink",0,2023-05-21T13:41:18Z,2023-05-21T13:41:18Z
UgyNqK4WVqlOut9pyMd4AaABAg,,False,@ImScarlet99,"blackpink, wir lieben dich, grüße meine Verwandten",0,2023-05-19T19:44:44Z,2023-05-19T19:44:44Z
UgwArvPKyVLbI0L7C1l4AaABAg,,False,@giftselectionwithabhi1624,Please keep a concert in india also,0,2023-05-19T17:08:56Z,2023-05-19T17:08:56Z
Ugz8_ZYyhDeNP02B4cR4AaABAg,,False,@jisoowiep,Pls Turkey🖤💗,0,2023-05-19T17:08:25Z,2023-05-19T17:08:25Z
UgztWRo2ykmk6MYAI_x4AaABAg,,False,@brisbria,Las amo quisiera que ablen Español y que me saluden y que yo algun día balla a un cpncierto de ellas de verdas las amo muchisimo que les balla bien❤❤❤😢❤❤,0,2023-05-17T01:24:55Z,2023-05-17T01:24:55Z
Ugyr6QXyXuHcofdiu7N4AaABAg,,False,@gayatrisukma2773,🇩🇪black pink 🏙,0,2023-05-16T07:46:27Z,2023-05-16T07:46:27Z
UgwGkpz2HoCKjsbcTCZ4AaABAg,,False,@jenwongkim6576,"I love you guys so much, that I know how to sing and dance to you amazing k-pop groups!
You are all nice respectful and kind to each and one of you in the group.
I just love your music so much!",1,2023-05-16T01:24:13Z,2023-05-16T01:24:13Z
Ugw8WzqTWeUcXFiirOh4AaABAg,,False,@jenwongkim6576,I just can't watching and listening to you,1,2023-05-16T01:22:06Z,2023-05-16T01:22:06Z
UgzKUxRv-rS0JJ38IF14AaABAg,,False,@Rumlutha,If you agree or not comment down I want to say that black pink is just a band don't waste your time black pink is not a God's that give you extra life in end of world,0,2023-05-14T13:13:25Z,2023-05-14T13:13:25Z
UgzCv1r05UhMqZB9gdh4AaABAg,,False,@زيادالبدراوي-ر4ت,❤😊❤😊❤😊❤❤😊❤😊,0,2023-05-13T21:59:51Z,2023-05-13T21:59:51Z
UgyXlXRyrziC3RG2I854AaABAg,,False,@chanelrinadanthaiga2389,Indo please don't be a😠,1,2023-05-11T06:07:23Z,2023-05-11T06:07:23Z
Ugx7caP4y05wtL63ZRp4AaABAg,,False,@BryasofiFlores,Ay no amo a blakplink ❤❤❤❤❤❤❤❤❤❤❤,0,2023-05-10T18:26:01Z,2023-05-10T18:26:01Z
Ugwuv8yhSKM-szuv3Od4AaABAg,,False,@ItsMEGursi,"BLACKPINK: ROS'E,LISA,JISSO ,JENNIE FOREVER 💖💖💓💖",0,2023-05-10T15:49:44Z,2023-05-10T15:49:44Z
UgzOgmXaAQo457pEoUt4AaABAg,,False,@tanem9399,"How many people say they should come to Turkey, come on Turks, show your strength",0,2023-05-10T14:38:50Z,2023-05-10T14:38:50Z
Ugx1fWKJj0gEcGkCGvh4AaABAg,,False,@CarmenCastorena-nk8bq,🥰🥰🥰🥰🥰🥰🥰☺️💓❤️💓❤️💓💚💚😍💚😍😍😍😍😍❤️💓❤️😘😘😘😘🤩😍🥰😍🥳🥰🥰😘☺️☺️☺️😊😝😝😝🤬🤬🥵🥵🥵💖💗💞💕,0,2023-05-09T22:43:04Z,2023-05-09T22:43:04Z
UgzbGE8oMp0djOHx5fZ4AaABAg,,False,@Arwen-j1z,I Love your songs ❤,0,2023-05-09T19:13:00Z,2023-05-09T19:13:00Z
UgxWkyY80EllEKr0sWp4AaABAg,,False,@patriciaoyagaromero9037,Blackpink  love 💖,0,2023-05-07T20:39:01Z,2023-05-07T20:39:01Z
UgzbKO3sIUzMmDGUpkN4AaABAg,,False,@D1nkjær3,"❤️불행히도 나는 거기에 없었습니다 :(하지만 나는 원했습니다. 
제니, 로제, 지수, 리사에게 인사드립니다.<3❤️",1,2023-05-07T19:37:15Z,2023-05-07T19:37:15Z
Ugw67-vsfKeKHmtE5qd4AaABAg,,False,@L-lode,I love blackpink❤ I wish they would come to Finland,0,2023-05-07T12:25:52Z,2023-05-07T12:25:52Z
UgzEuz96lR6bh1TPi2B4AaABAg,,False,@Best_granger,Pleas come to turkey,0,2023-05-07T07:42:58Z,2023-05-07T07:42:58Z
UgzOeLst-itTA2-xZoJ4AaABAg,,False,@Yanna_ytb,"J’y étais au concert de Berlin les 2 jours, et je n’ai vraiment pas regretté vous avez été formidable les filles ❤️🤍",0,2023-05-06T21:59:54Z,2023-05-06T21:59:54Z
Ugw2K886v1fidEOkMr54AaABAg,,False,@fratdemir5898,please come to turkey but please get cheap tickets😢❤❤😅❤,0,2023-05-06T19:53:18Z,2023-05-06T19:54:56Z
Ugydbrp-mIO1RMewYbJ4AaABAg,,False,@nhikha6232,BLACKPINK  FOREVER👌👌👌👌👌👌,0,2023-05-06T01:14:17Z,2023-05-06T01:14:17Z
Ugyel9PVGRvNqHbjJ1d4AaABAg,,False,@darksooyabpEN,I live in Berlin becuse im small im 11 years old ❤❤,0,2023-05-05T20:15:59Z,2023-05-05T20:15:59Z
UgwvuiSf0wCrM4Dr2zB4AaABAg,,False,@farahnaz3906,Can you please come Pakistan 🇵🇰🇵🇰🇵🇰🇵🇰🇵🇰🇵🇰😫🙏🙏💓😫🙏🙏💓😫🙏🙏💓😫🙏🙏💓😫🙏🙏💓😫🙏🙏💓😫🙏🙏💓😫🙏🙏💓😫🙏🙏💓😫🙏🙏💓😫🙏🙏💓😫🙏🙏💓,0,2023-05-05T09:06:01Z,2023-05-05T09:06:01Z
UgxtWi0Ucmqycw0zJtx4AaABAg,,False,@THEBEST_LALİSA-w9l,"B🖤L🖤A🖤C🖤K P💗I💗N💗K  FOREVER 
BLACKPINK LİKE 🖤💗",0,2023-05-05T06:44:45Z,2023-05-05T06:44:45Z
UgwelbHfqWsBPmCVDA94AaABAg,,False,@henryphan6829,"HELLO 
JENNIE, LISA,JISOO,RƠSE😊❤
GEMANY🇩🇪:
HALLO ICH MAGE DICH😊.

ENLISH🇬🇧:
HELLO I LIKE YOU😊❤.

GEMANY🇩🇪:DANKE❤😊.
ENLISH🇬🇧:THANKS❤😊.

YOU LIKE? 😅
🎉PLS 😢LIKE😢🎉😇
🫶🏻🫶🏻💗💗🫰🏻🫰🏻
THANKS❤🤭
👇🏻👍🏻",1,2023-05-04T18:50:45Z,2023-05-04T18:50:45Z
UgxwfUhiz3P7DOUPrel4AaABAg,,False,@alisa2587,I was literally there!,1,2023-05-04T14:06:59Z,2023-05-04T14:06:59Z
UgzVBjrobu223m_MWFZ4AaABAg,,False,@homerkontakt3071,Please azerbayjan❤,0,2023-05-04T11:14:17Z,2023-05-04T11:14:17Z
UgxcG5WxkyTSMpD7Tsh4AaABAg,,False,@Ofeliapimentel123,Blackpink in your area,1,2023-05-04T02:34:40Z,2023-05-04T02:34:40Z
Ugz4Osc12UIS8zHt2Nh4AaABAg,,False,@Layrawqx,터키와 에디르네에서 콘서트를 열다,1,2023-05-03T18:00:52Z,2023-05-03T18:00:52Z
UgwwB2rt9o8eM0zn6C54AaABAg,,False,@leandrakamillylele,"dangsin-eun gundaeeseo uli ""beulajil""e wayahabnida. ulineun dangsin-eul maeu salanghabnida",0,2023-05-03T14:48:37Z,2023-05-03T14:48:37Z
UgzKJ58Hf7o-x0_hLot4AaABAg,,False,@leandrakamillylele,"당신은 군대에서 우리 ""브라질""에 와야합니다. 우리는 당신을 매우 사랑합니다",0,2023-05-03T14:48:24Z,2023-05-03T14:48:24Z
UgztrlTcSVf87C4FfC94AaABAg,,False,@Zezewqt,터키에 와주세요. 터키에 당신의 팬이 많고 터키 팬들은 당신이 오기를 간절히 원합니다.,0,2023-05-03T06:10:02Z,2023-05-03T06:10:02Z
UgwJpvVZUB01R0yeePZ4AaABAg,,False,@Euncuie,COME ON TÜRKEY PLS 🖤💗,1,2023-05-02T07:38:24Z,2023-05-02T07:38:24Z
UgyQMAgMXbTAeVFXZDF4AaABAg,,False,@Ada-h5g,PLS COME TURKEY,0,2023-05-01T09:49:00Z,2023-05-01T09:49:00Z
UgxVH0QYPeDVApJw8SF4AaABAg,,False,@ananyanewideas9724,WHEN YOU GET THE IN INDIA?,0,2023-04-30T08:21:46Z,2023-04-30T08:21:46Z
UgzXge_HF-sksm9LN854AaABAg,,False,@rosarosa9300,"No, I live in Bavaria but I didn't know that you were doing concerts, so I'm also in Germany😢😢😢😢😢😭😭ich mag euch und eure Songs so seeehr ❤❤",1,2023-04-30T06:52:20Z,2023-04-30T06:52:20Z
UgyhsUWM3jNLxJsDArF4AaABAg,,False,@diarmazreku2498,BLACKPINK,0,2023-04-29T13:56:57Z,2023-04-29T13:56:57Z
UgxGrDu_SFTyvisbn5d4AaABAg,,False,@kubrasevkin5056,could you come to austria?,0,2023-04-28T05:21:04Z,2023-04-28T05:21:04Z
Ugw1GnrLPbvqr9ObWD54AaABAg,,False,@yusufbildircin9571,"Come on Turkiye plssssssss
❤❤❤❤❤❤❤❤❤❤❤❤❤❤❤❤❤❤❤❤❤❤❤❤❤❤❤❤❤❤❤❤❤❤❤❤❤❤❤❤❤❤❤❤❤❤❤❤❤❤❤❤❤❤❤❤❤❤❤❤❤❤❤❤❤❤❤❤❤❤❤❤❤❤❤❤❤❤❤❤❤❤❤❤❤❤❤❤❤❤❤❤❤❤❤❤❤❤❤❤❤❤❤❤❤❤❤❤❤❤❤❤❤❤❤❤❤❤❤❤❤❤❤❤❤❤❤❤❤❤❤❤❤❤❤❤❤❤❤❤❤❤❤❤❤❤❤❤❤❤❤❤❤❤❤❤❤❤❤❤❤❤❤❤❤❤❤❤❤❤❤❤❤❤❤❤❤❤❤❤❤❤❤❤❤❤❤❤❤❤❤❤❤❤❤❤❤❤❤❤❤❤❤❤❤❤❤❤❤❤❤❤❤❤❤❤❤❤❤❤",0,2023-04-27T16:40:55Z,2023-04-27T16:40:55Z
Ugz7pJNxcH9fbEwXzH94AaABAg,,False,@danagul3907,❤❤❤❤,0,2023-04-27T09:15:08Z,2023-04-27T09:15:08Z
Ugy76up8Vsi28ufjo8x4AaABAg,,False,@Davica1029,BLACKPink❤❤❤❤,0,2023-04-27T00:33:25Z,2023-04-27T00:33:25Z
UgxBl_Ln-DYlRgwlGa54AaABAg,,False,@angjelinadoda3752,I'm for🇩🇪germamy😊,2,2023-04-25T17:58:34Z,2023-04-25T17:58:34Z
UgxvwCc_LNB3o9BjSDh4AaABAg,,False,@renup3766,yes,0,2023-04-23T17:24:33Z,2023-04-23T17:24:33Z
UgwRu1lbvRZBY2iZtHd4AaABAg,,False,@Shino-s3f,I love BLACK PINK,0,2023-04-23T16:10:05Z,2023-04-23T16:10:05Z
UgzCKLM2MrmfrQkfcV54AaABAg,,False,@Doutzennfannnn,그들은 터키에 올 수 있습니까?우리는 터키인으로서 그것을 매우 원합니다.,1,2023-04-23T15:00:15Z,2023-04-23T15:00:15Z
UgxS0QCxhdcLh2dQWal4AaABAg,,False,@xichuntang,封面太美了,0,2023-04-21T17:52:10Z,2023-04-21T17:52:10Z
Ugzjzv2BwkQH2h_KjMh4AaABAg,,False,@sumyya2,I live in Berlin,0,2023-04-21T12:54:23Z,2023-04-21T12:54:23Z
UgxRjJ75-TE4kEsiax94AaABAg,,False,@monikakusters1726,"Rose Park heong, Lisa Manova, Jenni Kim, Jisoo Kim, ❤️💯",0,2023-04-20T18:53:08Z,2023-04-20T18:53:08Z
UgwHQhAjIhPC_6pzMyh4AaABAg,,False,@monikakusters1726,I love you BLACKPINK❤ AAHHHHHHHHHHHHHH,0,2023-04-20T18:51:56Z,2023-04-20T18:51:56Z
UgyxM_FpI64dim7z88x4AaABAg,,False,@monikakusters1726,BLACKPINK LOVE ❤️❤️❤️❤️❤️,0,2023-04-20T18:51:26Z,2023-04-20T18:51:26Z
UgzaYB4a7HaGP6oirLR4AaABAg,,False,@Pppp_p99,WW2,0,2023-04-20T10:15:24Z,2023-04-20T10:15:24Z
UgyeqKnGq00wgYUi15l4AaABAg,,False,@منالحافظاحمد,I love born pink,0,2023-04-19T19:57:18Z,2023-04-19T19:57:18Z
Ugwq5ItyIYgSRfiEh_x4AaABAg,,False,@Berooo-m5w,제발 Türkiye❤,0,2023-04-19T16:40:44Z,2023-04-19T16:40:44Z
Ugxalq-3vAwZAOvrU0B4AaABAg,,False,@Zahide_kyc_Fanpage,I live in Germany and i did not go to the Conzert😕,1,2023-04-19T08:02:30Z,2023-04-19T08:02:30Z
UgwVXdjj2NbTwx-V6fZ4AaABAg,,False,@deryamanerr,BLACKPİNK FOREVER❤❤,0,2023-04-18T17:37:31Z,2023-04-18T17:37:31Z
Ugwc2JHQMG60qTjyts54AaABAg,,False,@Havoşşşş,Türkiye ye de gelin 💞💗💖💚💜🌹,0,2023-04-18T13:09:27Z,2023-04-18T13:09:27Z
UgwbHxj6BDAZo7qC3pd4AaABAg,,False,@TayTaySwiftFan-midnights,I been here on that concert😅,1,2023-04-18T13:02:44Z,2023-04-18T13:02:44Z
UgwbHxj6BDAZo7qC3pd4AaABAg.9odvq5PLe2C9ogdtYx2FPu,UgwbHxj6BDAZo7qC3pd4AaABAg,True,@elenaliemich3138,Me too ♡,2,2023-04-19T14:23:38Z,2023-04-19T14:23:38Z
UgwbHxj6BDAZo7qC3pd4AaABAg.9odvq5PLe2C9pUmIgKO0ly,UgwbHxj6BDAZo7qC3pd4AaABAg,True,@TayTaySwiftFan-midnights,Cool❤😂,1,2023-05-09T10:58:23Z,2023-05-09T10:58:23Z
UgwT1iU-cp-a5m_KD514AaABAg,,False,@Elliewilliamsz,Vietnam pls BlackPink 😢,0,2023-04-18T12:57:39Z,2023-04-18T12:57:39Z
UgwCZWgLqeKNPrkyjjF4AaABAg,,False,@emineaydn5790,터키에 공연하러 온 터키인으로서 많이 사랑해주세요. 💖💖,0,2023-04-18T09:27:40Z,2023-04-18T09:27:40Z
UgzKj7xBH7NqGMKLEKd4AaABAg,,False,@Melospx_bjk,Ya keşke halamın yanına gitsem de konsere katilsam,1,2023-04-18T07:25:38Z,2023-04-18T07:25:38Z
UgyYrr0P4zzOdSmSHk94AaABAg,,False,@ecrjjn,우리는 당신을 사랑합니다,0,2023-04-17T23:48:52Z,2023-04-17T23:48:52Z
UgyazbPJkcH9q0VUMu14AaABAg,,False,@Adımiste3,"Please Come to turkey
🇹🇷🇰🇷🇹🇷🇰🇷🇹🇷🇰🇷🇹🇷🇰🇷
Lütfen Türkiye'ye gelin",1,2023-04-17T05:56:12Z,2023-04-17T05:56:38Z
Ugx8K1qPZB05hvTWwtB4AaABAg,,False,@Janerubywlys,Turkey👉👈Ankara👉👈❤️❤️❤️,1,2023-04-16T18:56:25Z,2023-04-16T18:56:25Z
UgzU8pevpDWBHR6PYUN4AaABAg,,False,@Rose_RosieBlink,TURKEY 🇹🇷🇹🇷🇹🇷❤❤❤,0,2023-04-16T13:43:59Z,2023-04-16T13:43:59Z
UgzTAYo0iyUnr189Xh94AaABAg,,False,@Mucize-ff2dh,I am Turkish and I love you very much please come to Turkey too 😢😔😔😍🥰🤩💋💌💝💜💛💚🤍,1,2023-04-16T10:33:26Z,2023-04-16T10:33:26Z
UgzhWo7-oOcNt8tvoex4AaABAg,,False,@Gkhnkrc84,Turkeyyyyy???🇹🇷🇹🇷🇹🇷,0,2023-04-16T07:17:14Z,2023-04-16T07:17:14Z
UgxfnnsArymVUVyvwSB4AaABAg,,False,@RebekaBogdán-r7e,❤️❤️❤️❤️,0,2023-04-16T05:22:11Z,2023-04-16T05:22:11Z
UgyL71gRxT_Tdwez7sV4AaABAg,,False,@RosiePark-lv5pp,BLACKPİNK FOREVER,0,2023-04-15T15:36:08Z,2023-04-15T15:36:08Z
UgxTAH8TSOS7vAjtD9p4AaABAg,,False,@aestheticarts632,Indian Blinks watching these videos be like 🥲🥲🥲🥲,1,2023-04-15T14:13:04Z,2023-04-15T14:13:04Z
UgwoZzXkPaBYjlLrXo54AaABAg,,False,@lailacristine.14,Minha musica favoritaaaa amooo black pink,0,2023-04-14T18:29:34Z,2023-04-14T18:29:34Z
UgwVNgWLA2QIUvBqb9B4AaABAg,,False,@filizkardes6589,Please Turkey,0,2023-04-13T15:17:12Z,2023-04-13T15:17:12Z
UgzQof4zQgDqFd8Ln_h4AaABAg,,False,@marina6476,Leave  my sisters,0,2023-04-13T01:22:35Z,2023-04-13T01:22:35Z
UgxGH0O6ohd493dROrh4AaABAg,,False,@z9.aysuuu,bruder was hab ich verpasst,0,2023-04-12T20:59:01Z,2023-04-12T20:59:01Z
UgxMKj7iqarLwl_ed-N4AaABAg,,False,@Up_.entertaiment,I'm a berlin blink,0,2023-04-12T12:00:32Z,2023-04-12T12:00:32Z
Ugztck0tLg-GD89zzMJ4AaABAg,,False,@fatmaabdula,"When are u coming to germany for a concert, come fast 😢 im gonna cry",1,2023-04-12T10:36:20Z,2023-04-12T10:36:20Z
UgzBU1GFnEbPBCZcKHJ4AaABAg,,False,@_.Moonxmochi._,I love you black pink but there is no concerts in Pakistan 😢,0,2023-04-12T09:28:48Z,2023-04-12T09:28:48Z
UgwBo0eQEFWoY96EnHp4AaABAg,,False,@MarySofy,THIS IS in Berlin pls Baden-Württemberg,0,2023-04-12T05:24:09Z,2023-04-12T05:24:09Z
UgwLOUQtTNd6Q2RoEDp4AaABAg,,False,@williamferraz2316,??????????????????????,0,2023-04-11T14:02:01Z,2023-04-11T14:02:01Z
UgzHEuYieSemhlntewl4AaABAg,,False,@Kekalakwlqk6728,Pls turkey blackpink,0,2023-04-11T13:39:53Z,2023-04-11T13:39:53Z
UgwjBJ5j6W3LgmjAf8l4AaABAg,,False,@aarohisri146,블랙핑크 멤버들 월드투어 인도 꼭 와주세요 저처럼 궁금해하는 팬분들이 많네요 🥺🖤💗,0,2023-04-11T11:36:17Z,2023-04-11T11:36:17Z
Ugx92ukVooGsaT7Fs014AaABAg,,False,@helin1435,"Can you please come to Köln in Germany again, unfortunately I couldn't go to the concert",1,2023-04-10T20:53:38Z,2023-04-10T20:53:38Z
UgxZj1zARTRCAfUTPPV4AaABAg,,False,@kaanberksun2823,"türkiyede konser verin lütfen
bütün blinkler sizi türkiyede bekliyor",14,2023-04-10T19:42:47Z,2023-04-10T19:42:47Z
UgyM9LfBp7Z-uCHH42l4AaABAg,,False,@lee-ann6848,Blackpink in Berlin🎉❤❤❤,0,2023-04-10T10:44:27Z,2023-04-10T10:44:27Z
Ugyi9vsFD1SGOnNOTqZ4AaABAg,,False,@Btsarmy_x_blink07,2016 se ab tak aap ne mahnt kr bahut trakki hansil ki.ab to apke fans ki koi ginti hi nhi❤❤❤❤,1,2023-04-10T08:20:50Z,2023-04-10T08:21:32Z
Ugzwjh_esNirjiZl2fB4AaABAg,,False,@User_2121-t3t,When is BLACKPINK coming to Turkey???😩,1,2023-04-09T19:26:55Z,2023-04-09T19:26:55Z
UgxemjjgSu0WZLlRCsd4AaABAg,,False,@LanaAhmad-vd3we,😢,0,2023-04-09T15:52:34Z,2023-04-09T15:52:34Z
Ugz-7sCKk22g4DhRMmp4AaABAg,,False,@LanaAhmad-vd3we,Ich habe das wer past,0,2023-04-09T15:52:27Z,2023-04-09T15:52:27Z
Ugz0G3bglv6nHdYM9xd4AaABAg,,False,@Sniper_sooya,Pls come turkey 🇹🇷❤️🤍,0,2023-04-09T09:45:43Z,2023-04-09T09:45:43Z
UgzTBiHg2qH0tXUkybt4AaABAg,,False,@laraschrot3900,you are so pretty Please pin me I'm the biggest fan 🖤💖,0,2023-04-09T08:14:19Z,2023-04-09T08:14:19Z
Ugwukz9R2KvcbXJ9zXV4AaABAg,,False,@HoneybunnyB,"Love you Jennie, jisoo, rosé, lisa",0,2023-04-09T07:54:10Z,2023-04-09T07:54:10Z
UgwBKJX1bYFlWwFXJXJ4AaABAg,,False,@HoneybunnyB,Queens,0,2023-04-09T07:53:56Z,2023-04-09T07:53:56Z
Ugxf5kTQQJhRgGntbBV4AaABAg,,False,@kedileriseven_biri,bir türkiyeye gelemediniz :(,0,2023-04-09T06:16:47Z,2023-04-09T06:16:47Z
UgwgE5u39Dqb3p2eZ5F4AaABAg,,False,@unicornmagic9778,Im that tipe of girl im tHaT TiPe Of GuRlllll,1,2023-04-09T04:28:29Z,2023-04-09T04:28:29Z
UgxugqGW14l0SomNYLV4AaABAg,,False,@brlim7120,"╭━━🎤━💮━🎹━━╮
   🖤𝔹𝕃𝔸ℂ𝕂ℙ𝕀ℕ𝕂💗 
    𖥠 𝘈𝘪𝘮𝘪𝘯𝘨             
    ࿐ 𝘍𝘰𝘳          
     ➽𝘠𝘰𝘶𝘳 𝘩𝘦𝘢𝘳𝘵❤ 
╰━━━━ 👑 ━━━━╯",0,2023-04-08T23:35:55Z,2023-04-08T23:35:55Z
UgxQ3DYrH3hwoGQqfKp4AaABAg,,False,@brlim7120,🖤BLΛƆKPIИK💗,0,2023-04-08T23:34:54Z,2023-04-08T23:34:54Z
UgwHDWjpmF_3zTmrUgt4AaABAg,,False,@elenamunker1437,It was wonderful,0,2023-04-08T17:12:35Z,2023-04-08T17:12:35Z
Ugw_wxP3AcRjHfljMfF4AaABAg,,False,@elenamunker1437,I was there,0,2023-04-08T17:12:17Z,2023-04-08T17:12:17Z
UgzjjXlMRt7z8yeZNB94AaABAg,,False,@elenamunker1437,I live in berlin,0,2023-04-08T17:12:01Z,2023-04-08T17:12:01Z
UgyZHL4xgO344saRl8J4AaABAg,,False,@arundhatichangmai9715,❤❤❤❤❤❤❤❤❤❤❤❤❤❤blink forever❤❤❤❤❤❤❤❤❤❤❤😊😊😊😊😊😊😊😊😢😢😢😢😢😢😢😢😢,0,2023-04-08T16:25:51Z,2023-04-08T16:25:51Z
UgyVk72qr4UDO0uucot4AaABAg,,False,@Hyper_kid810,That's not 🚫 my number 😂,0,2023-04-08T14:41:46Z,2023-04-08T14:41:46Z
UgyX1K0kzaCMEWV0tJB4AaABAg,,False,@Hyper_kid810,😅,0,2023-04-08T14:41:11Z,2023-04-08T14:41:11Z
UgwKXBi8JNV0qr-WtxV4AaABAg,,False,@Beatrice-q2z,Please come in Pakistan,0,2023-04-08T12:40:26Z,2023-04-08T12:40:26Z
UgzOOTVORj5Be9CRNw94AaABAg,,False,@Alizade_askimmmm143,Turkey ¿,0,2023-04-08T11:41:09Z,2023-04-08T11:41:09Z
Ugxk8xmakJZiBplNv6h4AaABAg,,False,@elixosse,Turkye:(,0,2023-04-08T10:39:44Z,2023-04-08T10:39:44Z
UgxzJumX8CM79Py_Q6x4AaABAg,,False,@anE780,"I beg You, pls next time at the world tour visit also Poland😊폴란드🇵🇱❤. Pleasee",0,2023-04-08T09:51:12Z,2023-04-08T09:56:48Z
UgwmK7gthPlwzc1eMIZ4AaABAg,,False,@GirlPinks,💕,0,2023-04-08T07:33:18Z,2023-04-08T07:33:18Z
UgzjNMZDJuYjzQFEhlp4AaABAg,,False,@hudaqasim9135,Blackpink me and my bff are your bigest blink we are in Berlin i german can you go back to Berlin Wer donte no that you are there i love you lisa😭😭😭 and jisoo and blackpink  i am cryng i want se you pls ❤❤❤🎉🎉🎉♥️♥️😚🎊🎊😭😭 BLACKPINK,0,2023-04-07T22:40:16Z,2023-04-07T22:40:16Z
UgzjNMZDJuYjzQFEhlp4AaABAg.9oDdBPhRFzZ9oDeSCDPKjY,UgzjNMZDJuYjzQFEhlp4AaABAg,True,@hudaqasim9135,I am so sad and my bff to,0,2023-04-07T22:51:17Z,2023-04-07T22:51:17Z
Ugx6DcocaK4KpTFTB754AaABAg,,False,@pispisouahabi64,밴드는 언제 도착합니까? Black pink 알제리에,0,2023-04-07T21:27:51Z,2023-04-07T21:27:51Z
Ugwh1NWUkQQS4RIR_hV4AaABAg,,False,@EmelieDoghand,Blackpink Plss Come to sweden i Will really see BP :)❤️💗,0,2023-04-07T19:19:47Z,2023-04-07T19:19:47Z
UgxvSEh5FrTtGj0lp-B4AaABAg,,False,@angg54,I am in Berlin,0,2023-04-07T18:25:49Z,2023-04-07T18:25:49Z
Ugz_Z_0IIJ1NmCg0Nr54AaABAg,,False,@angg54,I saw you,0,2023-04-07T18:25:35Z,2023-04-07T18:25:35Z
UgwyXHnQT38FjINeGfd4AaABAg,,False,@Seungdogie,"BLACKPINK 제발 TURKEY IN BORN PINK에 와주세요 여기에 큰 팬이 있습니다 모두 당신을 너무 사랑합니다 💗BLACKPINK🖤
🇰🇷🇹🇷",1,2023-04-07T17:31:28Z,2023-04-07T17:31:28Z
UgzH8H0lxVWk46w4obd4AaABAg,,False,@MissYeobo763,"They are very talented girls group in kpop!!!
👇🏻
👇🏻
👇🏻❤",0,2023-04-07T16:05:30Z,2023-04-07T16:05:30Z
Ugw2ikwg_9ntT000JXp4AaABAg,,False,@Skz_4Life700,NOOO U WERE IN GERMANY MAN,0,2023-04-07T15:39:02Z,2023-04-07T15:39:02Z
UgzJpBfvnbKGlnu39aR4AaABAg,,False,@Sugrooosssss,Türkiye please come to Istanbul 💕💕,1,2023-04-07T11:07:40Z,2023-04-07T11:07:40Z
UgxRnNYBHhfTrsvvg_V4AaABAg,,False,@soft_jenniem2,"Turkeyy


Pls😭😭😢😢",1,2023-04-07T08:31:53Z,2023-04-07T08:32:20Z
Ugy8BUJt6cfJRXigai94AaABAg,,False,@redi_gztm,Blackpink love you,0,2023-04-06T23:13:19Z,2023-04-06T23:13:19Z
UgxysSSuH3k6000BOZZ4AaABAg,,False,@karinamejia9678,BLAKPINK ya quiero que vengas a Mexico,1,2023-04-06T21:13:12Z,2023-04-06T21:13:12Z
UgxgDb26mTezV_2ck2l4AaABAg,,False,@serifcinageorgiev3897,❤❤❤❤😊😊😊🇩🇪🇩🇪🇩🇪👍👍👍,0,2023-04-06T08:42:04Z,2023-04-06T08:42:04Z
UgwfByJW13vr12h7go94AaABAg,,False,@sanajalandari8171,I love you BLACK PICK ❤❤❤❤ you are the best ❤️🫶🏻,0,2023-04-06T07:34:11Z,2023-04-06T07:34:11Z
UgwHW-z6jsDZ863rgpF4AaABAg,,False,@isfj-t9325,굿 👍,0,2023-04-06T05:21:47Z,2023-04-06T05:21:47Z
UgxHZSQYhir-TjZ_LTh4AaABAg,,False,@BaBBy_TinY98,BLACK-PİNK FOVEVER ❤❤❤❤❤❤❤❤❤❤❤❤❤❤❤BLİNKS FOVEVER❤❤❤❤❤❤❤❤❤❤❤❤❤❤❤❤,0,2023-04-06T00:32:45Z,2023-04-06T00:32:45Z
UgwMbXbTE39KBq75QM14AaABAg,,False,@weronikaazarczyk1381,Love Black Pink,0,2023-04-05T18:50:03Z,2023-04-05T18:50:03Z
Ugx2-JTrBHP2Q6_Jokx4AaABAg,,False,@laurabottcher2452,Please Blackpink Im very blink please country concert Czech Republic 🙏🥺😖😕💜♥️😘,1,2023-04-05T15:40:25Z,2023-04-05T15:40:25Z
UgxPtml_SqAe03Q4RER4AaABAg,,False,@BenNergis,Blackpink🥰🥰🥰,0,2023-04-05T11:03:47Z,2023-04-05T11:03:47Z
UgznlhDJiBB1UlXSw5B4AaABAg,,False,@Ne_berilmisarkas,블랙핑크 너무 좋아 콘서트 가고싶은데 너무 비싸요 사랑해요 마이 리틀 엔젤들 앞으로도 잘 부탁해요 사랑해요 :) 부탁드려요 선생님,0,2023-04-04T18:11:49Z,2023-04-04T18:11:49Z
UgwtckBtenaTTMSKvH94AaABAg,,False,@elin3114,독일에서 또 다른 콘서트를 할 수 있나요?❤,0,2023-04-04T17:55:30Z,2023-04-04T17:55:30Z
Ugw5hlmREyQQ0TLBAaR4AaABAg,,False,@adambengyel1518,I LOVE BLACKPINK❤️ COME TO HUNGARY!!!❤️❤️❤️❤️❤️❤️❤️(I’m girl),1,2023-04-04T17:53:29Z,2023-04-04T17:53:29Z
UgwdEId8NSbArz_s6ax4AaABAg,,False,@Speed_up219,COME TURKEY 😢😢😢😢😢😢,1,2023-04-04T15:14:57Z,2023-04-04T15:14:57Z
Ugx3UnK71XMGz4vNCfl4AaABAg,,False,@vanesaalikaj1778,I live in germany know,0,2023-04-04T08:52:37Z,2023-04-04T08:52:37Z
UgzmZgttpFBdT3ZGiI54AaABAg,,False,@leoniepujic6715,YAA IM LIVE IN MANHEIM AND DIDN KNOW THIS💀😭😭😭😭😭💀😭😭💀😭😭😭😭😭😭,0,2023-04-04T06:50:06Z,2023-04-04T06:50:06Z
Ugx2m0KLa8FBCgi07jB4AaABAg,,False,@zeynepsss-o1i,Blackpink  come turkey plssss,0,2023-04-03T19:52:15Z,2023-04-03T19:52:15Z
UgwBX1TdujvoHGhexWp4AaABAg,,False,@Lavinia-kim.2000,In Romania 🇷🇴 Europa,0,2023-04-03T19:08:54Z,2023-04-03T19:08:54Z
UgxtmcXRM2aF8XuMyPR4AaABAg,,False,@Love_eatsz,🇹🇷🇹🇷🇹🇷🇹🇷🇹🇷🇹🇷터키에 와주세요,0,2023-04-03T14:29:46Z,2023-04-03T14:29:46Z
UgyJKtkw0w4K5YLyH0Z4AaABAg,,False,@kondlerajitha5761,But they don't come to India 😔🥺,0,2023-04-03T13:38:46Z,2023-04-03T13:38:46Z
UgyG7kGO_4YP2HKpub94AaABAg,,False,@mahoorvk1161,"Ich liebe euch
Wat mens I love you guys❤",0,2023-04-03T09:53:16Z,2023-04-03T09:53:16Z
UgyoDw_3fHvPGDvbrtp4AaABAg,,False,@remziyekaraman45,noooo😪😭❤,0,2023-04-03T08:16:50Z,2023-04-03T08:16:50Z
UgwXUhEmOpWTKjSNERR4AaABAg,,False,@balmatibk328,I heat blackpink,0,2023-04-03T05:10:36Z,2023-04-03T05:10:36Z
Ugw_BmGYHH0hK4V_e5p4AaABAg,,False,@divya-8b383,Please indian🇮🇳,0,2023-04-03T04:59:43Z,2023-04-03T04:59:43Z
UgyzsukJBn_a5c7YxiB4AaABAg,,False,@MaltiChaudhary-ld4lt,Love you black pink ❣️❣️❣️😍,0,2023-04-02T08:34:59Z,2023-04-02T08:34:59Z
Ugw0ds1HPZ-kjVifrJ14AaABAg,,False,@meadsake9799,Can you give me a concert in Turkey please❤,0,2023-04-02T06:56:53Z,2023-04-02T06:56:53Z
UgzHvCOCFipmjCDZQrh4AaABAg,,False,@tantiensam1407,Lisa jisoo rosé jennie,0,2023-04-02T02:01:50Z,2023-04-02T02:01:50Z
UgxdRrQgjI-qa_9RUOJ4AaABAg,,False,@Vickyxsss,"I am that typa girl 
I am that typa girl♡",0,2023-04-01T10:21:40Z,2023-04-01T10:21:40Z
Ugww4iqoxv5C7VBdA194AaABAg,,False,@JaspreetSingh-jl9rx,Pls come to 🇨🇦canada,0,2023-03-31T22:48:40Z,2023-03-31T22:48:40Z
UgxO_oy9cMs0g9Q9VGt4AaABAg,,False,@gursukocar8073,wow,0,2023-03-31T16:14:19Z,2023-03-31T16:14:19Z
Ugx80_UOZH207lHvY0t4AaABAg,,False,@ezokeskin8956,panda panda panda,0,2023-03-31T12:29:08Z,2023-03-31T12:29:08Z
Ugz04m8QLjr_S_Rxt0d4AaABAg,,False,@SeokjinsaidNO,"Please come to Austria, Vienna ❤😭",0,2023-03-31T11:55:59Z,2023-03-31T11:55:59Z
UgwUL7iqLbpUCovn4-t4AaABAg,,False,@genxgxm,"When H*tler listens to Blackpink:

*TOTALLY KOREAN FAN*",0,2023-03-31T10:42:32Z,2023-03-31T10:42:32Z
UgyJMVjaEZUBrmdamcZ4AaABAg,,False,@Ne.1n1.,🎉❤,0,2023-03-31T09:59:33Z,2023-03-31T09:59:33Z
UgyF38xXRLNHzNa62p94AaABAg,,False,@le_gauloisasvestochorix3475,Those four horses are from ancient Greece,0,2023-03-30T19:32:06Z,2023-03-30T19:32:06Z
Ugyfw57NCFH1Am05_YR4AaABAg,,False,@Karinwxwinterci,Pls turkey,0,2023-03-30T17:41:41Z,2023-03-30T17:41:41Z
UgxeGDJAWalN7-ssv0N4AaABAg,,False,@elifbabursahin5874,Please turkeyyyyy,0,2023-03-30T16:00:12Z,2023-03-30T16:00:12Z
Ugw7-MCYhjRZ9DG7j4x4AaABAg,,False,@anitaberad1841,Jennie voice 😌😩,0,2023-03-30T11:11:09Z,2023-03-30T11:11:09Z
UgyTABD4WqT8EcYFEYF4AaABAg,,False,@Sultankecil123,Keep being the best for blackpink 💪💪,0,2023-03-29T15:14:53Z,2023-03-29T15:14:53Z
UgxnKmpVse68jKIdeWh4AaABAg,,False,@meins5748,Ich wollte so gerne dahin aber könnte mir keine Tickets leisten :(,1,2023-03-26T17:11:48Z,2023-03-26T17:11:48Z
Ugw4GKRqE_42hg8FxMx4AaABAg,,False,@eduardomiguelcarvalhosuzan3972,São Poderosas e isso e Muito Bom e Maravilhoso,1,2023-03-25T23:18:55Z,2023-03-25T23:18:55Z
UgztCRcZO6T48WQ7PBR4AaABAg,,False,@tikoxabuliani814,Plz come to georgia,0,2023-03-25T15:50:14Z,2023-03-25T15:50:14Z
UgwpYycTCkvSgrDw3Q94AaABAg,,False,@ИсмоилСобиров-ф5д,I LOVE YOU ROSE AND LISA,0,2023-03-25T14:55:54Z,2023-03-25T14:55:54Z
Ugz-isFCee49wjZJpW94AaABAg,,False,@meryemzeynalova,"Pls come Azerbaijan🇦🇿 😮‍💨

I love you 🖤BLΛƆKPIИK💗
I 🖤BLIИK💗 forever",0,2023-03-25T10:25:56Z,2023-03-25T10:25:56Z
UgzHtXJlbRNYp9KINAJ4AaABAg,,False,@oyunkral1569,BLACKPİNK PLS COME TURKEYYYYYYYYYYYYYYYYYYYY,1,2023-03-25T07:21:17Z,2023-03-25T07:21:17Z
UgwjCjebjXxzwbrOO-54AaABAg,,False,@Denzguneskeee,I love you❤❤❤❤❤❤❤ please come turkey,1,2023-03-24T05:23:43Z,2023-03-24T05:23:43Z
UgwTJcYvCj0u2q3tfC94AaABAg,,False,@semaseven8491,I LOVE YOU BLACKPİNK❤❤❤❤ PLEASE TÜRKİYE PLEASE,0,2023-03-24T01:43:30Z,2023-03-24T01:43:30Z
UgxTYbJ6hj9963gXB5N4AaABAg,,False,@yourspankhuri7535,"indiaaaa🥺
I love BLACKPINK ❤❤❤❤❤",0,2023-03-23T14:51:47Z,2023-03-23T14:51:47Z
UgxlYLEMF_r_TUxExs94AaABAg,,False,@Gyogcuot,Bucklyn Bellacino Black Coffee Tabaka Ouray brewery get a seat at Tippa Kohler Waters ever go to Village at Baker Butler they got is a winner fabulous regatta Karina Karina ticket that I get a flock of the gorilla,0,2023-03-23T13:53:03Z,2023-03-23T13:53:03Z
UgwN8RoHmEMSMHy8TqZ4AaABAg,,False,@I_stan_Han_StrayKids,나는 폴란드에서 당신을 기다리고 있어요😢,0,2023-03-23T13:31:53Z,2023-03-23T13:31:53Z
UgzKc_-coNCM5zu8mQ54AaABAg,,False,@elifcicek6718,Aklıma gelen:Berlin sert abiler mert😂,0,2023-03-22T15:15:41Z,2023-03-22T15:15:41Z
UgwG9WBWur8qAAMGil14AaABAg,,False,@penahova,블랙핑크,0,2023-03-22T14:38:14Z,2023-03-22T14:38:14Z
Ugye3Uf1c2Aes7jTx2Z4AaABAg,,False,@seminesalahova,Blackpink let's go azerbaijan pls🥺,0,2023-03-21T10:57:36Z,2023-03-21T10:57:36Z
UgxY-lsUEFHLApF2eRx4AaABAg,,False,@digitallove4992,Fake,0,2023-03-21T04:36:11Z,2023-03-21T04:36:11Z
Ugztjh7NnFqC40WpdS54AaABAg,,False,@LizzyOlguin,typa girl!!,0,2023-03-21T02:14:55Z,2023-03-21T02:14:55Z
Ugyu5aacm5tGRzlWm054AaABAg,,False,@cecilia835,blackpink selamanya😘😘😘😘😘😘🥰🥰🥰,0,2023-03-20T13:30:10Z,2023-03-20T13:30:10Z
Ugw-mBEAQuMjg6-MbYJ4AaABAg,,False,@Agdwsfc,❤❤❤❤❤❤,1,2023-03-20T00:05:42Z,2023-03-20T00:05:42Z
Ugxe-RbBMPPBnNq3B0h4AaABAg,,False,@RYUxJINw,Pls come to turkey Pls come to turkey Pls come to turkey Pls come to turkey Pls come to turkey Pls come to turkey Pls come to turkey Pls come to turkey Pls come to turkey Pls come to turkey Pls come to turkey Pls come to turkey Pls come to turkey Pls come to turkey Pls come to turkey Pls come to turkey Pls come to turkey Pls come to turkey Pls come to turkey Pls come to turkey Pls come to turkey Pls come to turkey Pls come to turkey Pls come to turkey Pls come to turkey Pls come to turkey Pls come to turkey Pls come to turkey Pls come to turkey Pls come to turkey Pls come to turkey Pls come to turkey Pls come to turkey Pls come to turkey Pls come to turkey Pls come to turkey Pls come to turkey Pls come to turkey Pls come to turkey Pls come to turkey Pls come to turkey Pls come to turkey Pls come to turkey Pls come to turkey Pls come to turkey Pls come to turkey Pls come to turkey Pls come to turkey Pls come to turkey Pls come to turkey Pls come to turkey Pls come to turkey Pls come to turkey Pls come to turkey,0,2023-03-19T20:40:17Z,2023-03-19T20:40:17Z
UgwzkvlmqYFd-FHv4hF4AaABAg,,False,@m6nifestask,Blacpink❤❤❤❤❤️❤️❤️❤️❤️❤️I. Love❤,0,2023-03-19T17:44:09Z,2023-03-19T17:44:09Z
UgzHR5LAwCS50Xo_iI54AaABAg,,False,@KimJisoo-ml3zh,<3333,0,2023-03-19T17:03:28Z,2023-03-19T17:03:28Z
UgwMRllTdYI06lDIPRp4AaABAg,,False,@isleysewter233,Just amazing ❤❤❤❤❤,0,2023-03-19T13:04:21Z,2023-03-19T13:04:21Z
Ugy7r3k_nKA5PE88bmB4AaABAg,,False,@starmyblink01,Plssssssssss turkeyyyyyyyy,1,2023-03-19T10:07:11Z,2023-03-19T10:07:11Z
Ugxbhvm21NN8OMsjkWl4AaABAg,,False,@liliqpwx,Turkhish ❤pls🎉🎉,0,2023-03-19T08:29:43Z,2023-03-19T08:29:43Z
UgzS_3J4CV8OZwKQYZh4AaABAg,,False,@Spanierinausbarc,OMG IN BERLIN,0,2023-03-18T20:15:15Z,2023-03-18T20:15:15Z
Ugw_3lg5BeWSYvZb66F4AaABAg,,False,@atanasyordanov6641,im in berlin,0,2023-03-18T14:43:46Z,2023-03-18T14:43:46Z
UgxhOreMDfrV1LVZ_oR4AaABAg,,False,@rrmziyekzn,"Please come to turkey blackpink❤️❤️❤️
I love you blackpink!",2,2023-03-18T10:13:24Z,2023-03-18T10:13:24Z
UgxCD6bxXoLNegudMwV4AaABAg,,False,@maritzagonzalez29,Lisa look so sexy girl and Jennie and rose and Jisoo sexy grils,0,2023-03-18T05:38:14Z,2023-03-18T05:38:14Z
UgwQ53OeGb-yHGuUx-t4AaABAg,,False,@helpshumiii,"Chicas venganse a chiclayo, hagan un conciertos alli 🙏🏻🥺",0,2023-03-17T21:27:17Z,2023-03-17T21:27:17Z
Ugwp04LfUkZYjkGRcPV4AaABAg,,False,@kpopqueen7474,*BLACK PINK*,0,2023-03-17T18:28:48Z,2023-03-17T18:28:48Z
UgzCk_IkKj1c1k1Hisp4AaABAg,,False,@kim__yunji,I was in Germany and now too but I can't go😭😭😭😭💔💔,0,2023-03-17T16:21:03Z,2023-03-17T16:21:03Z
UgzlYpnvcGIbfB0lFst4AaABAg,,False,@riyapaul6037,BLACKPINK pls come to austria❤,0,2023-03-17T15:18:30Z,2023-03-17T15:18:30Z
UgyfIh8YUysWiQ7b1iF4AaABAg,,False,@munisabakhadirova2138,BLACLPINK LOVE 🥰😍🤩🤑🥳🥹🥹🥹🥹💝💝💝💝,0,2023-03-17T09:13:06Z,2023-03-17T09:13:06Z
UgzIdOO1PPavCx73SkF4AaABAg,,False,@shpejtimosmani8703,Yeah,0,2023-03-17T04:42:41Z,2023-03-17T04:42:41Z
UgyhPjgJcFIqcs8fxlx4AaABAg,,False,@vaibhavimakne3045,Let's vote for world tour in India 🇮🇳 ❤,0,2023-03-16T08:36:29Z,2023-03-16T08:36:29Z
UgzWK95H6wIvSCJKydd4AaABAg,,False,@mohamadsahizammusa5337,Wow,1,2023-03-15T02:43:31Z,2023-03-15T02:43:31Z
UgyGLIjq0IjBhsYn_ah4AaABAg,,False,@bluwyy._.pixessss,Blink 🖤💗forever,0,2023-03-14T15:37:33Z,2023-03-14T15:37:33Z
UgyutiLLKX36I-znkdh4AaABAg,,False,@lusi_lexi55,PLEASE COME TO MALTA please 🥺🇲🇹,1,2023-03-14T08:19:03Z,2023-03-14T08:19:03Z
UgxOiliAwd-dYn3K2tl4AaABAg,,False,@serdaratas4320,Blackpink Türkiye'ye gell lutfennnnnnnnn plesa,1,2023-03-13T08:18:24Z,2023-03-13T08:18:24Z
Ugx9A-rIB6MNz08ZGJd4AaABAg,,False,@elliexczq,BLACKPİNK İN YOUR AREA 💗🖤,1,2023-03-12T12:33:39Z,2023-03-12T12:33:39Z
UgyM43p0qFfqjEGu_DZ4AaABAg,,False,@ranjitpanda-rr3ri,Hello  I Am Your Biggest Fan i love your all song,0,2023-03-11T18:14:36Z,2023-03-11T18:14:36Z
UgyM43p0qFfqjEGu_DZ4AaABAg.9n7dJyZYwbJ9nHn4nBW0j4,UgyM43p0qFfqjEGu_DZ4AaABAg,True,@Someone_________,me too🖤🩷😁,0,2023-03-15T16:52:18Z,2023-03-15T16:52:18Z
Ugx1FovKzPfDFtEm-cR4AaABAg,,False,@nayeonhayatimolms,How... How did I miss the concert?,1,2023-03-11T11:41:08Z,2023-03-11T11:41:08Z
UgwkXL9vkJbgGAyGig94AaABAg,,False,@Blackpink_Rosem12,사랑해요,0,2023-03-11T11:18:03Z,2023-03-11T11:18:03Z
UgwRJx54MkAoMgC8wjB4AaABAg,,False,@aras_9074,I love you you are the best kpop on the 🌎  world 🥰🥰🥰💗💗💗💗💗❤💗❤💗❤💗❤💗❤💗❤💗❤💗❤💗❤💗❤💗❤💗❤💗❤💗❤,1,2023-03-11T09:38:00Z,2023-03-11T09:38:00Z
UgxU25SlR77uzD31Jwt4AaABAg,,False,@TrinidadAvocado,BLACKPINK PORFAVOR VENGAN A CHILE PLS SOY SU FAN #1 @BLACKPINK,0,2023-03-10T19:31:47Z,2023-03-10T19:31:47Z
UgzKzG3cIt8wC3a-fW54AaABAg,,False,@anisiaani28,"Who will not give up on them???
Jisoo, Lisa, Rose, Jennie You are the best dancers
BP FOR EVER🎶💎💎🎶",2,2023-03-10T18:02:31Z,2023-03-10T18:02:31Z
Ugwmc5xiKPyCBGw717p4AaABAg,,False,@cahitarslan282,Türkiye seni çok seviyor BLACKPİNK,1,2023-03-10T16:53:12Z,2023-03-10T16:53:12Z
UgxLP2sG12PjVqXuqFR4AaABAg,,False,@blackpinkforever3175,블랙핑크 영원해❤️😘,0,2023-03-09T01:46:51Z,2023-03-09T01:46:51Z
UgyFcvdHr-Qp9OUM26d4AaABAg,,False,@yuvaleditsgirl,Come to Israel! Please I really love you!!!😇😇🥰😍😘💘💖❤️‍🔥💛🧡❤🤍💜💙💚💟❣️💌💗💓💞💕💋🙏🇮🇱,0,2023-03-06T18:36:49Z,2023-03-06T18:36:49Z
UgyjFv1JHTMyVMmF1DJ4AaABAg,,False,@michalzelazowski4480,im from poland i wont concert blackpink in poland im from poland,1,2023-03-06T17:37:08Z,2023-03-06T17:37:08Z
Ugz1jAsXDqYGHNBt8nV4AaABAg,,False,@Yveslisa,Yg bilirmisin Türkiye diye ülke var,1,2023-03-06T13:07:50Z,2023-03-06T13:07:50Z
Ugy9JIVAkxvwOLwXreJ4AaABAg,,False,@sandhyagupta5077,Blink forever but please come in India .,0,2023-03-05T13:05:12Z,2023-03-05T13:05:12Z
UgxMIUOJbwTgqgCcgSV4AaABAg,,False,@mistisfamily7007,Blackpink love,0,2023-03-05T08:51:27Z,2023-03-05T08:51:27Z
UgzTFEH4oHUPcma7_o54AaABAg,,False,@mariverong4461,Three diana bros,0,2023-03-05T01:53:28Z,2023-03-05T01:53:28Z
UgyVDcBpnFJ-xtdTFux4AaABAg,,False,@asyakaralt775,당신은 완벽합니다,0,2023-03-03T01:49:37Z,2023-03-03T01:49:37Z
UgxIR6JYbPebPA7z1PF4AaABAg,,False,@cloudyyyyyyyyyyyyyyyy,Blackpink is that type that nobody could deny,1,2023-03-01T17:31:33Z,2023-03-01T17:31:33Z
UgyjDx9FT8ythYsmlgR4AaABAg,,False,@7nNRD,يزينكمم 😭💗💗..,0,2023-02-28T12:24:14Z,2023-02-28T12:24:14Z
Ugw8e_bQb-HkZiAhNN54AaABAg,,False,@soojin-077,"other blinks are so lucky, let's just watch from here😢😔",0,2023-02-28T10:41:13Z,2023-02-28T10:41:13Z
UgyE7pYQaiq8eQai7Rd4AaABAg,,False,@Chaewlixx,BLACKPİNK İ LOVE YOU,1,2023-02-27T18:48:44Z,2023-02-27T18:48:44Z
Ugxuj5BqFJj9ujYujGF4AaABAg,,False,@oliviaschneider1231,I come from Switzerland 🇨🇭 😎 😍 😌 ☺️ 😊,0,2023-02-27T13:04:11Z,2023-02-27T13:04:11Z
UgzWB4gobDe8pGPLHeh4AaABAg,,False,@ahmadhussain843,Please come indea 🇨🇮 please come black pink,0,2023-02-27T09:29:42Z,2023-02-27T09:29:42Z
Ugyltr97-ourWPjcxZ94AaABAg,,False,@wongshanbingmoe1007,"😱😱😱😱, Zumba 💗💕💕💕💖🙂🎉🎉♥️❤️🧡💛💚💚💙💜🖤🖤🤎",0,2023-02-27T06:08:08Z,2023-02-27T06:08:08Z
Ugz1WwL_9Xm2oADj9_B4AaABAg,,False,@impossible8386,blackpink please came Azerbaijan we love you so much 🇦🇿🇦🇿🇦🇿🇦🇿🇦🇿,0,2023-02-26T07:31:18Z,2023-02-26T07:31:18Z
UgwHL6HqmK7gzKbNSeJ4AaABAg,,False,@avnisharma77,Blackpink please don't leave us  😭,25,2023-02-26T06:26:22Z,2023-02-26T06:26:22Z
UgyZrRK0VVAUzGEtjW14AaABAg,,False,@goncaaleyna,BLACK PINK 🖤💗🖤💗💗💗🖤💗🖤💗💗💗🖤🖤🖤🖤🖤,1,2023-02-25T18:35:09Z,2023-02-25T18:35:09Z
UgylGobfH6JOTjo4Qkh4AaABAg,,False,@nonindersingh5109,Why  are you  not  come  in  india  Indian blinks  has waiting for you,0,2023-02-25T11:36:14Z,2023-02-25T11:36:14Z
UgwZnZdirHkN3xObQRJ4AaABAg,,False,@yagmursen2082,Turkey?,0,2023-02-25T07:55:18Z,2023-02-25T07:55:18Z
UgynW_3hcMTVd6fZRi14AaABAg,,False,@swethasagi759,Blackpinkkk when are you coming to india !!,0,2023-02-25T07:33:08Z,2023-02-25T07:33:08Z
UgwcHLe6a8hG9x4p4l94AaABAg,,False,@106Niosaa,Bir şey diyeceğim buraya Meryem Can da gelmişti ve konsere gelmişti Yani bu konsere gelmişti abi ya çıldıracağım şimdi,0,2023-02-24T22:04:02Z,2023-02-24T22:04:02Z
UgxNikS8mRw-ZVRbWEl4AaABAg,,False,@vipinbaijal6596,Blink forever we love you🖤BLΛƆKPIИK💗,0,2023-02-24T15:58:33Z,2023-02-24T15:58:33Z
Ugxqj_lTiNxe8Q7V0Cl4AaABAg,,False,@vipinbaijal6596,Please come India blinks are waiting eagerly for blackpink love from indian blink 🖤💗🖤💗🖤💗🖤💗🖤💗🖤💗🖤💗🖤💗🖤💗🖤💗🖤💗🖤💗,0,2023-02-24T15:56:35Z,2023-02-24T15:56:35Z
Ugxqj_lTiNxe8Q7V0Cl4AaABAg.9mWlb0m0eJ49mWlea8lV7T,Ugxqj_lTiNxe8Q7V0Cl4AaABAg,True,@vipinbaijal6596,We request 🙏🙏🙏,0,2023-02-24T15:57:04Z,2023-02-24T15:57:04Z
Ugwf8d5cShShLjwAlSt4AaABAg,,False,@kriss2854,Jisoooo SOLOOOO NOW!,2,2023-02-24T11:33:01Z,2023-02-24T11:33:01Z
UgzMw1waW2FPSinmEYh4AaABAg,,False,@gereksiz4891,Blackpink come to turkey please,1,2023-02-24T05:10:21Z,2023-02-24T05:10:21Z
Ugyq1De_8C7yetuJuMJ4AaABAg,,False,@gereksiz4891,Blackpink come to ■TURKEY■ pleaseee,0,2023-02-24T05:10:11Z,2023-02-24T05:10:11Z
Ugzz_bnpJ0BBUtskJ8F4AaABAg,,False,@lailacutegames1949,Whaaaaa I'm in berlin🤗🥲❤️🙏🇩🇪,0,2023-02-23T19:07:19Z,2023-02-23T19:07:19Z
UgxT1VhNIDYsDbk4NLx4AaABAg,,False,@bangtwice79,And This is a area we know Jennie is Gay!!!!!!,1,2023-02-23T09:11:57Z,2023-02-23T09:11:57Z
UgxTYK_lVtv_ezI1Skh4AaABAg,,False,@Itz_Roblox_Celina,My father Work in the Mercedes-Benz Arena,0,2023-02-23T06:00:54Z,2023-02-23T06:00:54Z
UgxiiC2BiqnR_XqGBrt4AaABAg,,False,@ivankacovic4329,JENNIE,0,2023-02-22T09:30:56Z,2023-02-22T09:30:56Z
UgxalWrXisnN6beayTx4AaABAg,,False,@sudeshrai4391,Please come India,0,2023-02-22T06:19:47Z,2023-02-22T06:19:47Z
UgxPiQvTxrxM7M5ysjx4AaABAg,,False,@Eslemimsii,Blackpink Türkiye'ye ne zaman gelecek?,2,2023-02-21T15:58:33Z,2023-02-21T15:58:33Z
UgzUcj1IWD3vIZu6HMx4AaABAg,,False,@AlishaBinteNur,"I waiting for they're 3rd world tour 🙂💔
I lose there 2nd world tour.... I wish 3rd time I will attend 😭💝",0,2023-02-21T08:34:15Z,2023-02-21T08:34:15Z
UgyXiZAx43voJ2ysZG14AaABAg,,False,@nisanurarslan664,I love YOU BLACKPİNK 🇹🇷🇹🇷🇹🇷🇹🇷🇹🇷🥰🥰🥰🥰🥰🥰❤️❤️❤️❤️❤️,3,2023-02-21T05:06:04Z,2023-02-21T05:06:04Z
Ugw9iryRTyNXsYiT_Bx4AaABAg,,False,@AKAPhuelel,just wanted you are interested 🙏💖,0,2023-02-20T19:14:16Z,2023-02-20T19:14:16Z
Ugx_49qMzpSaC7jHC3t4AaABAg,,False,@Lisax_me,Love bp,0,2023-02-20T16:35:32Z,2023-02-20T16:35:32Z
UgzMJchbK_eV_LK0OfN4AaABAg,,False,@MinhNguyen-lr4dm,l love you sose,0,2023-02-20T11:11:48Z,2023-02-20T11:11:48Z
UgzIV-6K-oYop3KdRhV4AaABAg,,False,@vernicymonterola5008,Black Pink. forever 💓💓💓💓💓,0,2023-02-20T03:47:50Z,2023-02-20T03:47:50Z
UgxV2s6O0H-sgjaIryt4AaABAg,,False,@Sofiadummblodel,I WAS THERE TOO HII BLCKPINK AHHHH,0,2023-02-19T21:24:08Z,2023-02-19T21:24:08Z
UgwKFXXKmpUg5_l4wD94AaABAg,,False,@anastasiabarbacariu9624,"🇷🇴🇷🇴🇷🇴 Pls Romania tour 🇷🇴🇷🇴🇷🇴
❤️❤️❤️We are waiting you in Botosani ❤️❤️❤️
💗💗💗Love from Romania 💗💗💗",0,2023-02-19T20:15:57Z,2023-02-19T20:15:57Z
UgwWqqFAx-myQzF7sDl4AaABAg,,False,@riff-f7e,Lovely blinks,0,2023-02-19T12:11:58Z,2023-02-19T12:11:58Z
UgxOgu6I7OIBUvUaEqV4AaABAg,,False,@benedictasuarez7594,Blalck pink,0,2023-02-19T10:36:46Z,2023-02-19T10:36:46Z
UgzE_ok6eJ_i__UCK714AaABAg,,False,@benedictasuarez7594,Blalck pink,0,2023-02-19T10:36:37Z,2023-02-19T10:36:37Z
UgzZ05the95PMAr8leB4AaABAg,,False,@benedictasuarez7594,"Black pink!
 FOREVER",0,2023-02-19T10:32:53Z,2023-02-19T10:32:53Z
Ugz-pr3hVuLC-_rmNgR4AaABAg,,False,@Miraxwp,❤❤❤😊😊😊😊🎉🎉🎉😘😘😘😘❤️❤️❤️❤️❤️wow wow,0,2023-02-18T21:34:48Z,2023-02-18T21:34:48Z
Ugx_Hg0tQwyUyxOMyat4AaABAg,,False,@taehyung_bts2,blackpink plssss turkh plsssss,2,2023-02-18T19:36:10Z,2023-02-18T19:36:10Z
UgzHJeUxX46uN9X-1eB4AaABAg,,False,@GOAT10_EDITSS,mal PlIk,0,2023-02-18T16:36:48Z,2023-02-18T16:36:48Z
UgxUBBWbv7JCrs9wHRF4AaABAg,,False,@ritalbendary4511,"We want a concert in Egypt🇪🇬. I love you, Black Pink💕💘❤😍🫂❤️‍🔥💗💖😘🥺🥰💓♥",0,2023-02-18T01:49:35Z,2023-02-18T01:49:35Z
UgwXzaOUPRFaVzG6aut4AaABAg,,False,@phucha8680,I love BLACKPINK,0,2023-02-18T00:52:32Z,2023-02-18T00:52:32Z
Ugxqg-5cfDPUMCGplwN4AaABAg,,False,@cansu548,당신은 항상 다른 나라에 가고 터키에 가본 적이 없습니다,1,2023-02-17T14:30:25Z,2023-02-17T14:30:25Z
UgxcJHMOCcI6pXEeoFh4AaABAg,,False,@chawqe,Bi Türkiye gelmediniz,0,2023-02-15T09:35:36Z,2023-02-15T09:35:36Z
Ugy8o-wWnwmgwjKb1vR4AaABAg,,False,@zahravlogskuwait9314,😢😢😙😚😍😘😗😇💗💖💕💓💟💞💝,1,2023-02-13T21:54:30Z,2023-02-13T21:54:30Z
UgwIxCerBrdNNamii-p4AaABAg,,False,@SoftGirl1226,Come to blackpink turkey 🇰🇷 ❤️ 🇰🇷 ❤️ 🇰🇷 ❤️ 🇰🇷 ❤️,0,2023-02-13T13:40:26Z,2023-02-13T13:40:26Z
UgzgD_Wxpp61RRthD_x4AaABAg,,False,@Mmelikewz,I love you💖💖,0,2023-02-13T09:12:26Z,2023-02-13T09:12:26Z
Ugz2FSZL6Y4eGO4yXTB4AaABAg,,False,@Itsmylife-r5l,Da war ich 😮,1,2023-02-13T07:05:00Z,2023-02-13T07:05:00Z
Ugw3Eh7GaDcSEbvEMqR4AaABAg,,False,@franchuchis.1,Blackpink please go to Argentina🇦🇷!,1,2023-02-13T01:22:24Z,2023-02-13T01:22:24Z
Ugyjui6mHiJdSnDdzUZ4AaABAg,,False,@lolbitofficial493,OMG,0,2023-02-12T16:46:32Z,2023-02-12T16:46:32Z
UgxglAJuqwpabEj_qcF4AaABAg,,False,@Urlocalhuman0_0,"Black🖤 or pink💖
   My chosse black and pink🖤💖",1,2023-02-12T08:27:30Z,2023-02-12T08:27:30Z
UgwqsSpLfu0nC_bLCOZ4AaABAg,,False,@fredmailata7024,❤❤🎉🎉 I love 😂 and 😂😂😂😂,0,2023-02-12T07:20:11Z,2023-02-12T07:20:11Z
UgzEDGC-VUGinqAwcox4AaABAg,,False,@Bloom._.xthetics,you r amazing,0,2023-02-12T04:52:22Z,2023-02-12T04:52:22Z
UgzBoVuklGgjc3oc6lx4AaABAg,,False,@saamaanya,Plz ler jisoo release her solo,0,2023-02-11T18:01:25Z,2023-02-11T18:01:25Z
Ugzn1rbnxVGoDKrpAs54AaABAg,,False,@pamelarodriguez2186,Typaaaaa girl,1,2023-02-11T15:25:59Z,2023-02-11T15:25:59Z
Ugwul_3Tni2NRqD1R7R4AaABAg,,False,@Taylors_swifts_fan,Koop Forever Blackpin ı love you 🇰🇷💗,1,2023-02-11T15:13:20Z,2023-02-11T15:13:20Z
UgxwZx7KpO-56JXxP1p4AaABAg,,False,@TocaLifeSugar,Love black pink ❤️❤️❤️❤️❤️❤️❤️❤️❤️❤️❤️❤️❤️❤️❤️❤️❤️❤️❤️❤️❤️❤️❤️❤️,0,2023-02-11T13:19:37Z,2023-02-11T13:19:37Z
Ugyen09_eauwbbt22C14AaABAg,,False,@Modelsword,I love you  german,0,2023-02-11T09:29:13Z,2023-02-11T09:29:13Z
UgyHeMhdO4T8lANRlwt4AaABAg,,False,@B1-SM1,BLINK FOREVER🌸,0,2023-02-10T13:21:28Z,2023-02-10T13:21:28Z
Ugx2fR_-oZQAFERe2mB4AaABAg,,False,@minadiyipolmusumm,blackpink please give a concert in turkey please,2,2023-02-10T12:27:41Z,2023-02-10T12:27:41Z
UgxyCdZks1MxEaHcb1Z4AaABAg,,False,@SidelyaAcar,"Please come to turkey, you have millions of fans",2,2023-02-09T18:46:37Z,2023-02-09T18:46:37Z
Ugxl6pzeSGEEdIKd3YR4AaABAg,,False,@beyzamenekse1937,BLACKPİNK ❤️❤️❤️❤️❤️❤️💜💜💜💜💜💜💜💜💜❤️❤️❤️❤️❤️❤️❤️❤️💙💙💙💙💙💙💙💙💙💙💙🧡🧡🧡🧡🧡🧡💚💚💚💚💛💛💛💛💛 BLINK💛💛💛💛💛💛💛💚💚💚💚💚💚💚💚🧡🧡🧡🧡🧡🧡🧡🧡💙💙💙💙💙❤️❤️❤️❤️❤️❤️❤️💜💜💜💜💜LALİSA💜💜💜💜💜❤️❤️❤️❤️💙💙💙💚💚💛💛🧡🧡💙❤️💜ROSE💜💜💜💜💜❤️❤️❤️❤️❤️💙💙💙💙💙🧡🧡🧡🧡💛💛💛💚💚💚💚💚💚💚JENNİE 💚💚💚💚💚💚💛💛💛💛🧡🧡💙💙💙💙❤️❤️❤️❤️❤️💜💜💜💜❤️❤️💙🧡💛💛💚JİSO 💚💚💚💚💛💛💛💛💛💛💛🧡🧡🧡🧡🧡🧡🧡💙💙❤️❤️💜💜💜💜❤️❤️💙🧡💛💚🧡❤️❤️💛💛I LOVE YOU💛💛💛💛💛💛💛❤️❤️❤️❤️❤️❤️🧡🧡🧡🧡🧡🧡💚💚💚💙💙💙💜💜💜💜💜,0,2023-02-09T18:34:58Z,2023-02-09T18:34:58Z
UgwrhVvbdOc9GKwyFux4AaABAg,,False,@aslanlar1657,我们爱你,0,2023-02-09T12:29:33Z,2023-02-09T12:29:33Z
UgwcNNJsUnw9S_60ECJ4AaABAg,,False,@ahmedfadhlalkfage3992,BLAKBNK,0,2023-02-08T20:33:17Z,2023-02-08T20:33:17Z
Ugx6ehBjbjW6hR69NvB4AaABAg,,False,@Chaewlixx,"BLACKPINK, 터키 안탈리아 무료콘서트 해주세요",1,2023-02-08T20:07:16Z,2023-02-08T20:07:16Z
UgwtPR3wZZ5O4bZS9gR4AaABAg,,False,@ElifOgut._,Please come to turkey 😥,0,2023-02-08T19:46:40Z,2023-02-08T19:46:40Z
UgyB011nZBAvafgMIT94AaABAg,,False,@bdkpopers2558,Nothing can beat with our Queens ❤️‍🔥 always slayed❤️‍🔥,2,2023-02-08T18:29:20Z,2023-02-08T18:29:20Z
UgxXgIdf6QXFyNEHAct4AaABAg,,False,@husnudogan1203,❗헬로 블랙핑크 우리 너무 사랑해 우리가 필요해 터키 7.7 지진 도와주세요 미리 감사합니다 🇰🇷❤️🇹🇷❗,3,2023-02-08T17:37:04Z,2023-02-08T17:37:04Z
UgzhUXhg7oyygL0QJZJ4AaABAg,,False,@majdouline4426,Please do tour in morrocco blackpink,0,2023-02-08T15:18:05Z,2023-02-08T15:18:05Z
UgyoEBeke_7S97-ih9x4AaABAg,,False,@Lea821_50,Ich war am 8. Dezember bei BLACKPINK Konzert🖤💗🖤💗🖤💗,2,2023-02-08T12:39:22Z,2023-02-08T12:39:22Z
UgwgZ1XgJRQEshev4Mp4AaABAg,,False,@Miriamlima65,👸🏻👸🏻👸🏻👸🏻,0,2023-02-08T08:45:12Z,2023-02-08T08:45:12Z
UgwiOKNTPfTcXLm7I914AaABAg,,False,@Dark_lalisaa,Help for turkey,1,2023-02-07T16:55:52Z,2023-02-07T16:55:52Z
UgyYu4FeZRPLKopbCYJ4AaABAg,,False,@Kırlangıçlar135,Blacpınk,0,2023-02-06T18:49:02Z,2023-02-06T18:49:02Z
Ugy1EMdVpvATe8RuqaZ4AaABAg,,False,@glamorousplace3024,Blackpink is a revolution,0,2023-02-06T14:35:03Z,2023-02-06T14:35:03Z
Ugx5xOKog_gM7dL_Ysl4AaABAg,,False,@chochboss1431,So cute girls blink,1,2023-02-06T01:29:57Z,2023-02-06T01:29:57Z
UgwYmPk5LszlnyGT7U14AaABAg,,False,@Hevvaqwwk,I'M CRYING WHY BECAUSE YOU DON'T COME TO TURKEY BUT 😭🇹🇷😭🇹🇷😭,2,2023-02-05T20:27:57Z,2023-02-05T20:27:57Z
UgzEBzPAlsyTx1a_Tpp4AaABAg,,False,@KRALASLAN32,i love you so much blackpink blackpink forever🤟🤟💖💖💖,0,2023-02-05T15:03:47Z,2023-02-05T15:03:47Z
UgzRAOGtglK7K8QTiGx4AaABAg,,False,@komalbayas923,Black pink 🖤💗 please come and do concrete in India please please ❤️❤️😘😘,0,2023-02-05T14:13:57Z,2023-02-05T14:13:57Z
UgyjKnxoNy39O4kIvZ54AaABAg,,False,@Dilara23.1,Pls in Hannover,1,2023-02-05T09:30:48Z,2023-02-05T09:30:48Z
Ugwt9FuYMoC9K0nzvFx4AaABAg,,False,@ayse.54,BLACKPİNK FOREVER❤️❤️🥰,0,2023-02-05T09:05:38Z,2023-02-05T09:05:38Z
UgxOrAh9M9xaEXHGXVJ4AaABAg,,False,@Toni123t,I LOVE BLACKPINK COME ON TURKEY,1,2023-02-04T21:06:27Z,2023-02-04T21:06:27Z
UgyQ9Wvuu1rb9xb1Usl4AaABAg,,False,@sragvisharma9280,Blackpink are the queens of the world,2,2023-02-04T15:38:12Z,2023-02-04T15:38:12Z
UgzrXoPzRNAoZRlmdl94AaABAg,,False,@young_mi306,Blink forever🖤💓,0,2023-02-04T12:48:57Z,2023-02-04T12:48:57Z
UgyNQ_-nAXEQfU6WKRR4AaABAg,,False,@Ssahramm,we are waiting for you in turkey blackpink,1,2023-02-04T09:19:54Z,2023-02-04T09:19:54Z
UgwtrE9Uo5HjolcUn9Z4AaABAg,,False,@desire7102,PLEASE come to Peru 🇵🇪🇵🇪🇵🇪 you will not regret it ❤️🤍❤️,1,2023-02-03T16:51:09Z,2023-02-03T16:51:09Z
UgztWDEhzPILVVOb1F94AaABAg,,False,@vildanvildan5331,사랑해요 터키 부르사로 오세요😓😥😓😓😩😭😭,0,2023-02-03T16:46:32Z,2023-02-03T16:46:32Z
UgwpAt_GDrdSov9NcLt4AaABAg,,False,@Softxwjennie,my cousins ​​live there,0,2023-02-03T06:50:31Z,2023-02-03T06:50:31Z
Ugx7wa3khoqTDPKwZpR4AaABAg,,False,@Sweet_y0ung,Turkish blinks love blackpink,0,2023-02-03T05:26:57Z,2023-02-03T05:26:57Z
UgwP_cYySVHBTJ3omRZ4AaABAg,,False,@bxzhikr,I went on the concert in berlin and it was amazing,0,2023-02-02T21:15:10Z,2023-02-02T21:15:10Z
Ugx1hd3c6spaeET3JN94AaABAg,,False,@justinalaloo7992,don't talk about me i love blackpink so much,0,2023-02-02T13:27:01Z,2023-02-02T13:27:01Z
Ugxw6CQdyxkWgW2Vm7R4AaABAg,,False,@elaates389,I    l🖤💖🖤💖🖤💖🖤💖🖤💖🖤💖🖤💖🖤💖🖤💖🖤💖🖤💖🖤💖🖤💖🖤💖🖤💖🖤💖ve     you   BLACKPİNK,0,2023-02-02T10:52:09Z,2023-02-02T10:52:09Z
Ugz7Uot05JWeleniLIF4AaABAg,,False,@rosanezaninha,l Love You BLACKPINK❤❤❤❤❤❤,0,2023-02-01T22:45:19Z,2023-02-01T22:45:19Z
Ugz4xLl3vg3UafHb0hF4AaABAg,,False,@blueberry14231,I was on the conzert 😊,0,2023-02-01T18:24:56Z,2023-02-01T18:24:56Z
UgwjtmreJtrAmZlag_B4AaABAg,,False,@hanadijamal2,❤️❤️🥰🥰,0,2023-01-31T18:30:52Z,2023-01-31T18:30:52Z
UgwSfGkP42g-vvoCIJJ4AaABAg,,False,@quenn_Jennie,Come Azerbaijan 🇦🇿🇦🇿🇰🇷🇰🇷,0,2023-01-30T19:00:00Z,2023-01-30T19:00:00Z
UgxCtj4Fnei_1n_7Aet4AaABAg,,False,@fongsumpooi9460,"BC I am your big big big big big big big big big big big big 
big fan",0,2023-01-30T05:25:19Z,2023-01-30T05:25:19Z
UgwA7buJBFfXZjZ4HkF4AaABAg,,False,@fongsumpooi9460,a black pink when you open the show?,0,2023-01-30T05:24:02Z,2023-01-30T05:24:02Z
UgzHJX28Ab3xb-njHJV4AaABAg,,False,@seherkrtl9410,Turkey is very nice should go there too🥹,1,2023-01-29T22:21:28Z,2023-01-29T22:21:28Z
UgyjLy5EBzOe_HakaLx4AaABAg,,False,@canerangay2843,什么,0,2023-01-29T20:54:42Z,2023-01-29T20:54:42Z
Ugz-FIx1554wJJgtHmB4AaABAg,,False,@asenatkirmizi8045,IAM German But I not Going to the Konzert I love you black pink ❤❤❤,0,2023-01-29T11:53:38Z,2023-01-29T11:53:38Z
UgwLe_BH5wvtwUbwjsR4AaABAg,,False,@NeoniX.13,Türkiyeye gelin,1,2023-01-29T10:25:34Z,2023-01-29T10:25:34Z
Ugz8Rr2nnrM9RaH6KOh4AaABAg,,False,@sanjubujji5565,Pls come INDIA capital DELHI pls pls 😔😔,0,2023-01-29T06:41:06Z,2023-01-29T06:41:06Z
UgyL9SwiRR5SOpaL4aB4AaABAg,,False,@РусланБесабоев,Вау арена,0,2023-01-29T06:09:22Z,2023-01-29T06:09:22Z
Ugzh67Gjad5j3BH5_rx4AaABAg,,False,@Withmonaaa,I love you Blackpink 🦋,1,2023-01-28T22:49:41Z,2023-01-28T22:49:41Z
UgxAEloK16zhM9uGLb94AaABAg,,False,@Kapandi1788,"Türk blinkler
👇
👇
👇
👇",1,2023-01-28T17:00:15Z,2023-01-28T17:00:15Z
Ugyczx2BNS7UI4Cp3VZ4AaABAg,,False,@book_lover01,I was there! a lot of clicps was from day 1 becouse WE SCREAM THE LOUDEST!!! BLACPINK IN YOUR AREA,0,2023-01-28T16:17:48Z,2023-01-28T16:17:48Z
UgzczxIlIEdaCYEL06J4AaABAg,,False,@kedibebis,blackpink please come to turkey i am a turkish and i am writing this in translation please come,1,2023-01-28T12:32:11Z,2023-01-28T12:32:11Z
UgzvnUvCidHE1_8UezR4AaABAg,,False,@adag6210,Turkish blinks are waiting you ❤,1,2023-01-28T09:31:08Z,2023-01-28T09:31:08Z
UgyonStnawTMYHldF4J4AaABAg,,False,@Nene_1777,Ilove youuuu blackpink 🤧💕,0,2023-01-28T07:38:57Z,2023-01-28T07:38:57Z
UgxnQgOSmQvYoSfznKh4AaABAg,,False,@shivani8736,"I am getting jealous of these blinks in the concert because I can, t go",0,2023-01-28T05:02:49Z,2023-01-28T05:02:49Z
UgzOqTtkwpzMtVGWaEt4AaABAg,,False,@rosy_posy.111,"Black pink, fly to Russia",0,2023-01-27T20:53:08Z,2023-01-27T20:53:08Z
UgyTk51l5sQO-UsHVUJ4AaABAg,,False,@mdhasib-jq1jz,Blackpink is the best love from bangladesh😘😘😘😘😘🇧🇩🇧🇩🇧🇩🇧🇩🇧🇩,0,2023-01-27T14:32:22Z,2023-01-27T14:32:22Z
UgyMoKoVIQV0E98_Mk94AaABAg,,False,@omerersan8048,Merhaba ne zaman Türkiye ye geliceksiniz sizi çok seviyorum. Çok güzel dans ediyorsunuz lütfen Türkiye ye gelin,1,2023-01-27T13:04:19Z,2023-01-27T13:04:19Z
UgxTMNkQLP7dckKVe6N4AaABAg,,False,@Thuwng04,Typa girl,1,2023-01-27T06:00:22Z,2023-01-27T06:00:22Z
UgyJsEqa4XdKQwUZIvF4AaABAg,,False,@missqueengirl6190,I'm in Germany Berlin but I don't no you are come in Berlin noooooo i want to come in this concert 🥺😔,0,2023-01-26T18:57:09Z,2023-01-26T18:57:09Z
UgzuWW_MUf8MfcOzPnh4AaABAg,,False,@pennypanopoulou7299,그리스로 오세요. 그건 그렇고 당신은 최고의 그룹입니다 ❤❤❤❤❤❤❤❤❤❤❤,0,2023-01-26T17:05:56Z,2023-01-26T17:05:56Z
UgwzY15HT5dliRw2EcJ4AaABAg,,False,@Cinnamoroll15966,Blinks fan forever ❤️❤️❤️ BLACKPİNK gırl group ❤️💗❤️❤️ BLACKPİNK blinks blackpink ı Love you 💗💟❤️💕💓❣️💖♥️💝💋🍥☯️🇰🇷✨,0,2023-01-26T13:59:05Z,2023-01-26T13:59:05Z
UgwwQC2tLFwsio71wix4AaABAg,,False,@blackpink_jyk,사랑해 블핑💕💕,0,2023-01-26T12:40:03Z,2023-01-26T12:40:03Z
Ugx2hQZfLrqW-jJnUFd4AaABAg,,False,@blackpink_jyk,블랙핑크💗💗,0,2023-01-26T12:39:49Z,2023-01-26T12:39:49Z
Ugz5pCZpHzcKnY-ZbDZ4AaABAg,,False,@ab9gamer231,Hi,1,2023-01-26T11:45:06Z,2023-01-26T11:45:06Z
Ugws6BQvxlrshHQCd3R4AaABAg,,False,@mirandajquiahua5635,Forever young,0,2023-01-26T02:18:44Z,2023-01-26T02:18:44Z
UgyBA7jFwQ1EGuQlLi54AaABAg,,False,@n.nur_00,I love you lisa,0,2023-01-25T20:06:02Z,2023-01-25T20:06:02Z
UgwiRkUM1ebuzMlWPst4AaABAg,,False,@saadiaarif4407,Illuminati,0,2023-01-24T16:27:29Z,2023-01-24T16:27:29Z
UgzyH9vdTXec7GwWPA54AaABAg,,False,@tugbakala4022,Please give a concert in Turkey BLACKPINK.,0,2023-01-24T10:48:11Z,2023-01-24T10:48:11Z
UgyWhVAE4gyWm3-V7Ct4AaABAg,,False,@meryemkarc6721,Blackpink Turkey is waiting for you,1,2023-01-24T10:29:31Z,2023-01-24T10:29:31Z
UgxGSpt8zs1io0sluWp4AaABAg,,False,@Swyt_emma,I was there 😍,0,2023-01-23T19:46:56Z,2023-01-23T19:46:56Z
UgxtI-J7R--VgZma-Dd4AaABAg,,False,@elanur142,사랑해요 블랙핑크♥️,1,2023-01-23T10:15:22Z,2023-01-23T10:15:22Z
UgzYEyiMffHkjn5NYJR4AaABAg,,False,@blackkiller6898,😲 wow,0,2023-01-23T07:32:35Z,2023-01-23T07:32:35Z
Ugxjus-vQhEqiSaHDPt4AaABAg,,False,@iamtrusfated,OMG that was the best concert in my life…❤❤❤ they are so powerful but they worked so hard… I love them and also the solo performances were super cool!!! But me and my friend are sad because they didn‘t play Boombayah 😢 I LOVE U BLACKPINK!!!❤❤❤❤❤❤❤❤❤❤❤❤❤❤❤❤❤❤❤❤❤❤,3,2023-01-22T16:18:52Z,2023-01-22T16:18:52Z
UgxCOdVGHUzx-V1oKIN4AaABAg,,False,@CusAzdevvৎ,Lisa i love you,1,2023-01-22T15:23:16Z,2023-01-22T15:23:16Z
UgwqFYooqfTC3dX2f9V4AaABAg,,False,@Someone9521,Blink forever,0,2023-01-22T14:23:29Z,2023-01-22T14:23:29Z
UgzhftmLEw5zYqb6jS54AaABAg,,False,@subhikshaakilesh1054,Love you blackplnk,0,2023-01-22T05:09:07Z,2023-01-22T05:09:07Z
UgyHh44Avw6RirOLeUd4AaABAg,,False,@doloreslopez3039,BlackPiNk  Rose ❤️❤️❤️💗,0,2023-01-22T02:18:43Z,2023-01-22T02:18:43Z
UgxT2wpNzborK_J4KsR4AaABAg,,False,@pardeepkataria9472,I really want this concert 😭😭😭😭😭😭😭😭😭😭😭😭,0,2023-01-22T00:00:16Z,2023-01-22T00:00:16Z
Ugx9ubmsB6P_ltIU_VV4AaABAg,,False,@hindibharatmaahind,안녕하세요 저는 인도 소녀입니다. 블랙핑크 해주세요 인도 콘서트...,0,2023-01-21T07:43:53Z,2023-01-21T07:43:53Z
UgxzlxewGdAJkumdlt54AaABAg,,False,@adit8469,Stan Blackpink,0,2023-01-21T03:22:50Z,2023-01-21T03:22:50Z
UgxoAj-KGtf-qNFT8Oh4AaABAg,,False,@darinagunther4286,I was on the Concert too,0,2023-01-20T20:41:01Z,2023-01-20T20:41:01Z
Ugy7yJz7xUwl7ODyxRF4AaABAg,,False,@jclaramount,Yo vivo súper cerca de Berlín y no fui😢🖤💖,0,2023-01-20T12:18:15Z,2023-01-20T12:18:15Z
Ugy9Z-BxS5s2ckCHjCx4AaABAg,,False,@sabihaafrin5774,I love you blackpink 💓,0,2023-01-19T15:41:23Z,2023-01-19T15:41:23Z
Ugy5jz3gMGeaeC41Dsd4AaABAg,,False,@AB-qs2hj,Blinks for ever!!🖤💗,0,2023-01-19T13:06:34Z,2023-01-19T13:06:34Z
Ugyo5oA0xvHJmuuJDsd4AaABAg,,False,@РукиятКурамагомедова-л6и,I love you BLACKPINK😘🥰😘😘,0,2023-01-18T19:14:18Z,2023-01-18T19:14:18Z
UgwoqwZcU-oduOJQH5p4AaABAg,,False,@buseyuksel17.,PLS TURKEY KONSERR VERIN,0,2023-01-18T15:49:42Z,2023-01-18T15:49:42Z
UgwWMyARzB4GOUYOYel4AaABAg,,False,@buseyuksel17.,Turkey blinkss,0,2023-01-18T15:49:26Z,2023-01-18T15:49:26Z
Ugxiw5clwYllhjZuuOx4AaABAg,,False,@IconicTalia,"OMG I WAS THERE IT WAS AMAZING!!!!
LOVE FROM GERMANY💖💖",0,2023-01-18T09:08:35Z,2023-01-18T09:08:35Z
UgwChJx86QLfbI1hWzB4AaABAg,,False,@pablounited,LINDAS,0,2023-01-17T23:51:45Z,2023-01-17T23:51:45Z
Ugx_LPiSp7i66qEIsHB4AaABAg,,False,@pablounited,te amoo,0,2023-01-17T23:50:28Z,2023-01-17T23:50:28Z
UgxlA6se0mYkFYpeMy14AaABAg,,False,@Yujinaaa,I WASNT ABLE TO COME 😭😭😭,1,2023-01-17T19:39:46Z,2023-01-17T19:39:46Z
UgxPvrYLmjLPwuacXU14AaABAg,,False,@pablounited,amooo,1,2023-01-17T19:18:14Z,2023-01-17T19:18:14Z
UgzofISeSy96aHe9YHR4AaABAg,,False,@bhadramahesh8272,Jennie..... Jisoo.....Lisa... Rose..... I am here 😁 blink forever ❤️❤️❤️,1,2023-01-16T12:48:39Z,2023-01-16T12:48:39Z
UgzlN_BcFUfEf2E-d8x4AaABAg,,False,@aivynguyenngoc7824,"I love 4 girls Lisa , Rosé , Jennie , Jisoo I love you 🖤💗",0,2023-01-16T08:11:34Z,2023-01-16T08:11:34Z
UgzrDslwBzLa8AXzW9l4AaABAg,,False,@akshatrock0803,Blackpink saranghae jeannie jisoo lisa rose ❤️❤️❤️❤️❤️❤️❤️❤️❤️❤️❤️❤️❤️❤️❤️❤️,0,2023-01-16T05:32:31Z,2023-01-16T05:32:31Z
Ugy-_g9XM9o1uJiJ3kJ4AaABAg,,False,@wiktoriakowalczyk2020,Love Black pink,0,2023-01-15T21:33:03Z,2023-01-15T21:33:03Z
UgwL7OC_dxtuXiMaZl54AaABAg,,False,@daviddesquines5269,Lisa love,1,2023-01-15T12:51:41Z,2023-01-15T12:51:41Z
Ugz6rk-OWe9TKOcBEa14AaABAg,,False,@Ninix_vlog7,Best kpop guop,0,2023-01-15T11:52:23Z,2023-01-15T11:52:23Z
UgyqI415gQtpi46TVV14AaABAg,,False,@Ninix_vlog7,Best kpop guop,0,2023-01-15T11:51:52Z,2023-01-15T11:51:52Z
UgxGT6FNNU1BeT5W9vd4AaABAg,,False,@kpop_edit88,Ben gidemedim 🥺okul yüzünden,0,2023-01-15T07:41:59Z,2023-01-15T07:41:59Z
UgxVdp2KHX_ZGzrTc2p4AaABAg,,False,@mizwyss,Please welcome to turkey 🇹🇷🇹🇷,0,2023-01-14T20:21:01Z,2023-01-14T20:21:01Z
UgwK4V2nvolBfbM-Mkl4AaABAg,,False,@soyaaa76,"I am bias jisoo☆
I am bias rose♡
I am bias jennie♧
I am bias lisa♤",2,2023-01-14T20:04:15Z,2023-01-14T20:04:15Z
UgwK4V2nvolBfbM-Mkl4AaABAg.9ksdM53Ok0A9myTVILDFFY,UgwK4V2nvolBfbM-Mkl4AaABAg,True,@soyaaa76,오 블랙핑크가 내 댓글을 좋아했다,1,2023-03-07T19:27:37Z,2023-03-07T19:27:37Z
UgxZnUwiCFI71R90LEd4AaABAg,,False,@Lalimon333,Turkish blinks are waiting you🇹🇷🇹🇷,0,2023-01-14T11:44:43Z,2023-01-14T11:44:43Z
UgyzcgoZlyOwfGBwvtp4AaABAg,,False,@cassiusbuckley5326,Black pink 🇰🇷🇩🇪,0,2023-01-14T08:13:58Z,2023-01-14T08:13:58Z
Ugy9mkgGbjZ2ve9oPXR4AaABAg,,False,@soulofk-pop,"Yeah Blackpink
Kim jisoo
Kim Jennie
Lalisa
Roses",0,2023-01-14T04:50:11Z,2023-01-14T04:50:11Z
Ugzt7eJYBYnX7vkYhoF4AaABAg,,False,@นันทวันหอมเกษร,"NAaN,,❤️🌹❤️🥰🥰🤟🤟",0,2023-01-14T03:16:46Z,2023-01-14T03:16:46Z
Ugxla93E34DrOHepEbR4AaABAg,,False,@roseanneawesome7248,Teşekkürler bp,0,2023-01-13T17:22:18Z,2023-01-13T17:22:18Z
UgyLlAq_pC8PiSyG-FJ4AaABAg,,False,@rraeneedelisiiu,I m türkey love blackpink blink,0,2023-01-13T16:54:52Z,2023-01-13T16:54:52Z
UgzlP9W7oyPM3SVTIf94AaABAg,,False,@Sylva_-ix1zy,I live in Germany too :),1,2023-01-13T14:56:02Z,2023-01-13T14:56:02Z
UgwlaVoDrYuNHt0uOWl4AaABAg,,False,@joyful-blink,Love you so much blackpink,1,2023-01-13T05:13:38Z,2023-01-13T05:13:38Z
UgwuoxL2exgaA6-cbDZ4AaABAg,,False,@fatmemehmedova1959,Blackpink  I'll be your big fan,0,2023-01-12T16:38:58Z,2023-01-12T16:38:58Z
UgxXwqtCLdC6kypDRG14AaABAg,,False,@soyaaa_486,Turkish blinks are waiting you🇹🇷,1,2023-01-12T14:48:41Z,2023-01-12T14:48:41Z
Ugy2bU4iMLprYzZ_bTZ4AaABAg,,False,@blackandpink5994,Pls🇨🇿,0,2023-01-12T14:28:53Z,2023-01-12T14:28:53Z
Ugz3LSGuZHPcvbl1LqB4AaABAg,,False,@L4ndoN0rrisFan,BLINK FOREVER🖤💗,1,2023-01-12T10:42:03Z,2023-01-12T10:42:03Z
Ugzof7Wa083V_0YkxGp4AaABAg,,False,@Bsailesi856,Germany,0,2023-01-12T07:41:27Z,2023-01-12T07:41:27Z
Ugy80z-0Oe7xzDODSVp4AaABAg,,False,@BLINKONLYBPBEST,BLACKPINK please come to India,0,2023-01-12T06:59:53Z,2023-01-12T06:59:53Z
UgzkfejvrKI2UteBlGZ4AaABAg,,False,@lordlyQueentosthebestqueen,"Merhaba!
Ben bir Türküm!🇹🇷",1,2023-01-11T18:11:15Z,2023-01-11T18:11:15Z
UgwAwaDK2yQiTcTg5r14AaABAg,,False,@lordlyQueentosthebestqueen,Blakcpink grubundan Jisoo en iyisi!👑💫,0,2023-01-11T18:10:40Z,2023-01-11T18:10:40Z
UgylcPOo8BowuuOYyE94AaABAg,,False,@lordlyQueentosthebestqueen,💖✨BLACKPİNK✨💖,0,2023-01-11T18:10:25Z,2023-01-11T18:10:25Z
UgxHQeOPQNHOX5INuPt4AaABAg,,False,@nisscik,pls come turkey,1,2023-01-11T17:03:47Z,2023-01-11T17:03:47Z
Ugzzb3LmWS5VW9bdi-Z4AaABAg,,False,@naichkss,BLACKPINK LOVE 💗💗💗,0,2023-01-11T16:59:55Z,2023-01-11T16:59:55Z
UgzpamgmTiONiwj9Q6l4AaABAg,,False,@ADALAYA4579,Azerbaijan PLS,1,2023-01-11T16:05:54Z,2023-01-11T16:05:54Z
Ugw_EERaXtphzzrxvkp4AaABAg,,False,@Thuwng04,Girl,1,2023-01-11T14:41:17Z,2023-01-11T14:41:17Z
UgysH_bwBLtvTNrp6zd4AaABAg,,False,@Thuwng04,Typa,1,2023-01-11T14:41:06Z,2023-01-11T14:41:06Z
Ugy8kUOfYw6_wRUjhlp4AaABAg,,False,@veronicarueda8078,Love rosé dlackpink 😊🥰🇩🇪,0,2023-01-11T13:31:34Z,2023-01-11T13:31:34Z
UgzgV86_gbyqtGF2RQR4AaABAg,,False,@somashreeghosh1152,Hi ❤️❤️,0,2023-01-11T12:06:18Z,2023-01-11T12:06:18Z
UgzgO-T8TRt2lZCA9n54AaABAg,,False,@black_blink,Böyle konserlerinize hic bir zaman gelemeyeceğim için üzülüyorum,1,2023-01-11T08:34:03Z,2023-01-11T08:34:03Z
UgxPCnSglxuOIlb2DQd4AaABAg,,False,@Donekarakus193,가장 큰 꿈은 블랙핑크 콘서트를 가거나 블랙핑크 멤버가 되는 것이다.,0,2023-01-11T05:25:34Z,2023-01-11T05:25:34Z
UgycoiXmMWLS86k3V-Z4AaABAg,,False,@allinaxvdz,Im the typa gril ✨✨🧚‍♀️,0,2023-01-11T05:21:12Z,2023-01-11T05:21:12Z
UgyeUvGeGn6hA5hGNSx4AaABAg,,False,@pujadas4585,🔥🔥🔥🔥🔥🖤💗🌍,0,2023-01-11T03:48:48Z,2023-01-11T03:48:48Z
Ugx4DXm9OwOkKs6iOEB4AaABAg,,False,@Sooyasiland,Jisoo so awesome,0,2023-01-11T02:25:40Z,2023-01-11T02:25:40Z
UgxD_LUXSr6NQsgvszl4AaABAg,,False,@animew845,they all look beautiful!! ❤️💗,0,2023-01-10T15:00:55Z,2023-01-10T15:00:55Z
Ugx6Cc6ML6ehXDPSkN94AaABAg,,False,@hindustanlover8364,Plz come india,0,2023-01-10T13:17:35Z,2023-01-10T13:17:35Z
UgzKRnwVXjC4v1ZvOId4AaABAg,,False,@J_k.1997_3D,👽🌺💗,0,2023-01-10T13:13:11Z,2023-01-10T13:13:11Z
UgzP3pZ3zkuzadWUAyt4AaABAg,,False,@Birtanem06,PLEASE come to Turkey,1,2023-01-10T12:10:13Z,2023-01-10T12:10:13Z
UgylkSak-rkcB29UOfF4AaABAg,,False,@seacero,Please Turkey pleasee,1,2023-01-10T08:43:23Z,2023-01-10T08:43:23Z
UgxMi-96_h0d-mKrXnR4AaABAg,,False,@mutlusons,Türkiye'ye gelinn,0,2023-01-10T07:55:54Z,2023-01-10T07:55:54Z
Ugz3pxmaNUtfvkDMdUJ4AaABAg,,False,@havvasaglam246,BLACKPINK 너무 사랑해 돈이 있어서 콘서트에 오고 싶은데 앞으로 돈이 있으면 콘서트에 못 가는데 니가 있어서 다행이야 사랑해 ❤️❤️❤️❤️❤️,0,2023-01-09T18:50:31Z,2023-01-09T18:50:31Z
Ugxh2IqCYT5uBbTICEB4AaABAg,,False,@öylesinebiriyimişte-175,blackpink ı love you pls come to turkey🇹🇷🇹🇷🇹🇷🇹🇷🇹🇷🇹🇷,0,2023-01-09T17:53:06Z,2023-01-09T17:53:06Z
Ugz13YZe8eCceoGKp4t4AaABAg,,False,@annaostermann1416,"Thank you so much ❤❤
It was my first Blackoink consent and it was a unforgettable night for me ❤❤❤",37,2023-01-09T15:00:38Z,2023-01-09T15:00:38Z
Ugz13YZe8eCceoGKp4t4AaABAg.9kfDd0Foulq9puTGFhJUHR,Ugz13YZe8eCceoGKp4t4AaABAg,True,@ImScarlet99,what that blackoink?😂,0,2023-05-19T19:42:47Z,2023-05-19T19:42:57Z
Ugz13YZe8eCceoGKp4t4AaABAg.9kfDd0Foulq9pv_lnmKMgX,Ugz13YZe8eCceoGKp4t4AaABAg,True,@annaostermann1416,@@ImScarlet99 My Keyboard doesn’t likes me at all.😂I’m German so it is Blackoink now.😂,3,2023-05-20T06:07:38Z,2023-05-20T06:07:38Z
Ugz13YZe8eCceoGKp4t4AaABAg.9kfDd0Foulq9pveIH_DvTQ,Ugz13YZe8eCceoGKp4t4AaABAg,True,@ImScarlet99,@@annaostermann1416 is joke,0,2023-05-20T06:47:09Z,2023-05-20T06:47:09Z
Ugz13YZe8eCceoGKp4t4AaABAg.9kfDd0Foulq9pve_q0kTxd,Ugz13YZe8eCceoGKp4t4AaABAg,True,@annaostermann1416,@@ImScarlet99 yeah,0,2023-05-20T06:49:41Z,2023-05-20T06:49:41Z
Ugz13YZe8eCceoGKp4t4AaABAg.9kfDd0Foulq9tTUiMyVMbf,Ugz13YZe8eCceoGKp4t4AaABAg,True,@ElnazHosseini-p8y,Oha du warst dort ich wohne in Baden wütternberg,0,2023-08-16T09:02:21Z,2023-08-16T09:02:20Z
UgzuJz2Q-v9FwJP28i14AaABAg,,False,@Kristal_gema,Aku orang Indonesia,0,2023-01-09T10:53:48Z,2023-01-09T10:53:48Z
UgzThd069976OPOjwbl4AaABAg,,False,@Kristal_gema,❤️❤️❤️❤️❤️❤️❤️,0,2023-01-09T10:53:04Z,2023-01-09T10:53:04Z
UgyfWAxZr9yBq-QvIZN4AaABAg,,False,@asmrsounds9214,After listening blinks voice and cheering with 4 angle's voice I feel myself proud that I m a *blink* ❤️,0,2023-01-09T07:53:36Z,2023-01-09T07:53:36Z
UgzH4c96s-N6p-4DRQl4AaABAg,,False,@kpopxlovely229,❤️❤️ jennie lisa jisoo rose ❤️❤️,0,2023-01-09T05:08:47Z,2023-01-09T05:08:47Z
UgzZSDDbLTh15VcVMUh4AaABAg,,False,@anaisabel8030,😍😍😍😍😍💗💗💗💗💗💗💗💗💗💗💗💗💋💋,0,2023-01-09T04:14:49Z,2023-01-09T04:14:49Z
Ugz5pvIeWsflGsI3Ywx4AaABAg,,False,@larasatilarasati8912,"I LOVE You
BLACKPINK
Lisa
Rose
Jisoo
Jennie 😍🥰😘",0,2023-01-09T03:58:06Z,2023-01-09T03:58:06Z
Ugx90M1zsQZ5FRh5XDF4AaABAg,,False,@juancristobal2060,Le tiro un billete discretamente,0,2023-01-08T20:03:04Z,2023-01-08T20:03:04Z
UgxiLlklITZ6rqZ2Nil4AaABAg,,False,@serkannasir5654,BLACKPİNK I LOVE YOUUUUU,0,2023-01-08T17:35:27Z,2023-01-08T17:35:27Z
UgxgRcb01UKjakWb6U94AaABAg,,False,@aishanegi5654,🥰🥰🥰💕💖,0,2023-01-08T12:59:05Z,2023-01-08T12:59:05Z
UgzJqz3zxgvNZW7loUJ4AaABAg,,False,@aishanegi5654,Blink with black pink forever,0,2023-01-08T12:58:43Z,2023-01-08T12:58:43Z
UgwEW9M_4pL6nrhqOJZ4AaABAg,,False,@ارميللايد,BLACKPINK FOREVER ❤❤❤❤❤❤❤❤,0,2023-01-08T09:19:45Z,2023-01-08T09:19:45Z
UgwapMBC9iGpNNYYq_B4AaABAg,,False,@Quaresma_7525,Blaaaccckkkpinnnkkk comming türkey pleaseee ❤❤❤❤❤,0,2023-01-08T05:39:26Z,2023-01-08T05:39:26Z
Ugx43iDmDhZJhMa6d9x4AaABAg,,False,@haniyakhan8280,Wow I love this song typa girl,0,2023-01-08T02:34:35Z,2023-01-08T02:34:35Z
Ugwg3geLxHNeFX4R_fF4AaABAg,,False,@ffpxxxt3ntacionlengend42,BTSS,0,2023-01-07T20:57:21Z,2023-01-07T20:57:21Z
Ugy_HXpIqp-fFMJHX6d4AaABAg,,False,@Liliesyy_yuqi,BPACKPINK PLEASE COME TO TURKEY TO A CONCERT WHOLE TURKEY WANTS IT ISTANBUL IS A VERY BEAUTIFUL PLACE. YOU LOVE BLACKPINK 🇰🇷💗🇹🇷,0,2023-01-07T19:19:17Z,2023-01-07T19:19:17Z
UgwwBPQSkZddUDwwYuV4AaABAg,,False,@elifnurfirat5804,Black pink cann your pls in german 🇩🇪 consert pls pls pls pls pls pls pls pls pls,0,2023-01-07T19:12:07Z,2023-01-07T19:12:07Z
UgzCHcH2WXZnTp9Yich4AaABAg,,False,@semraates47,💗🖤💗🖤💗🖤💗🖤,0,2023-01-07T19:03:36Z,2023-01-07T19:03:36Z
UgwreIlwmEML_sxF7xx4AaABAg,,False,@Chankies_officiall,Bi Türkiye'ye gelmediniz be:(,0,2023-01-07T18:40:55Z,2023-01-07T18:40:55Z
Ugx0TBJE7afiQLKwYFB4AaABAg,,False,@ZuzenkaPospisilova,BLACKPINK🖤💗,0,2023-01-07T17:00:03Z,2023-01-07T17:00:03Z
Ugxw5jP2gERWbJu2YwR4AaABAg,,False,@cemalozturk3459,HELLO BLACKPINK. I' AM TURKEY. PLEASE COME TO TURKEY...❤️,1,2023-01-07T14:47:38Z,2023-01-07T14:47:38Z
Ugy1ZUmJICx3U3MvCz94AaABAg,,False,@nirvisharma7324,Please come to India 🇮🇳 🙏,0,2023-01-07T12:07:35Z,2023-01-07T12:07:35Z
Ugw4CgOi1YI2GTVJgrh4AaABAg,,False,@zekiaygun2159,BLACKPİNK FOREVER❤️❤️❤️❤️,0,2023-01-07T12:05:10Z,2023-01-07T12:05:10Z
UgyYiKPGGodrOAskrVp4AaABAg,,False,@24k_lindsay09,I LIKE BLINK,0,2023-01-07T11:04:18Z,2023-01-07T11:04:18Z
Ugy2vG_BqaJ3TqJ2Py94AaABAg,,False,@lailashaiaany2999,❤️❤️❤️❤️ILOVE YOO BLACK PINK,0,2023-01-07T08:52:46Z,2023-01-07T08:52:46Z
UgzylCVpiV4QmASDjJR4AaABAg,,False,@khaixnsn,berlin,0,2023-01-07T08:29:00Z,2023-01-07T08:29:00Z
UgyNNK4460LnPnkE4uR4AaABAg,,False,@Eunwoo915,Blackpink I love you ❤,0,2023-01-07T08:03:20Z,2023-01-07T08:03:20Z
UgwwlL-aS8Uv49pkXBR4AaABAg,,False,@priyaprakash8601,BLACK PINK ❤️❤️❤️❤️❤️❤️❤️❤️❤️❤️✨✨✨✨✨✨✨ FOREVER,0,2023-01-07T07:18:08Z,2023-01-07T07:18:08Z
UgyPa5Aq_Emoyoj3OAR4AaABAg,,False,@boomingbob1579,Amazing,0,2023-01-07T01:45:21Z,2023-01-07T01:45:21Z
UgweoSPdt4sNzd1j2Lp4AaABAg,,False,@ummugulsumarman8174,My daughters baff was in the concert,0,2023-01-07T00:13:31Z,2023-01-07T00:13:31Z
Ugz2vvvYI9Lboxvesbt4AaABAg,,False,@Sugar-vg3ny,Emocionada por un día poder verlas,0,2023-01-06T21:59:11Z,2023-01-06T21:59:11Z
UgxolY_-u-2h0oimilp4AaABAg,,False,@raviespasupathy3465,Love BLACKPINK,0,2023-01-06T20:13:49Z,2023-01-06T20:13:49Z
UgxQX8pew3LaQO0PApB4AaABAg,,False,@2.91.48.,Pink venom 500millions⭐️💥💥,0,2023-01-06T19:32:21Z,2023-01-06T19:32:21Z
UgyX4ZRD0f_P5x8PIDR4AaABAg,,False,@justblink1997,اطلققق فرقة,0,2023-01-06T15:24:25Z,2023-01-06T15:24:25Z
Ugw7kYXMUU5Z86SAdbR4AaABAg,,False,@erikdivulit9962,Blackink you are our Queens👑Blinks can't live whitout you🖤💖,0,2023-01-06T14:23:07Z,2023-01-06T14:23:07Z
UgwYyiL7EVjE2e08pU14AaABAg,,False,@simranpanesar6499,I am your subscriber i am from India 🇮🇳 and i also love south korea,0,2023-01-06T10:47:43Z,2023-01-06T10:47:43Z
Ugwzd76tqz4YfA88bgV4AaABAg,,False,@Ihavea.crushonDanDan-imwasted-,Am I the only one who noticed that wlc to berlin BLACKPINK FANS screen at the beginning and thought why on earth didn't you say BLINKS 😂 I really luv you 4 and i am still so sad (almost depressed bcuz i am so scared this was bps last time in 🇩🇪) that I wasn't there but i swear if you come here again I will be there ❤😢,0,2023-01-06T10:20:17Z,2023-01-06T10:20:17Z
UgwOJpMpTqqLeSgGDqd4AaABAg,,False,@dimitramichail7145,Will you come in Greece Athens?,0,2023-01-06T09:58:42Z,2023-01-06T09:58:42Z
UgxF84O3wClf01gsYHt4AaABAg,,False,@sarajellad9458,I went to this concert🥳 it was the best day of my life❤❤,0,2023-01-06T09:25:57Z,2023-01-06T09:25:57Z
UgxC4R69HJqzcpMIxwB4AaABAg,,False,@Blinkwqs,BLACKPİNK ❤️❤️,0,2023-01-06T09:16:41Z,2023-01-06T09:16:41Z
UgxYW4qrNYm8RAzOK-F4AaABAg,,False,@ganieva006,Song : TYPA GIRL,0,2023-01-06T09:11:29Z,2023-01-06T09:11:29Z
UgzZdK_GU-w_Y0ChzcZ4AaABAg,,False,@junardcuevas1108,❤️❤️❤️❤️💖💖💖💖😘😘 it is,0,2023-01-06T08:56:22Z,2023-01-06T08:56:22Z
UgxdfQi2-hUNfVlUKtN4AaABAg,,False,@лютыйчел-г1ь,Надо ехать в Россию 🇷🇺🇷🇺🇷🇺🇷🇺,0,2023-01-06T05:55:15Z,2023-01-06T05:55:15Z
Ugy0oySPhWodbLkBoZB4AaABAg,,False,@taiyshagandhishorts5379,Black pink is bad,1,2023-01-05T17:36:59Z,2023-01-05T17:36:59Z
UgxOHXhE9flbZ-3G8Nh4AaABAg,,False,@pkxdgameplayer4662,Blackpink oo! Super,0,2023-01-05T16:02:59Z,2023-01-05T16:02:59Z
UgxQ6sCbKFC2z0ZZaeJ4AaABAg,,False,@Savageheartqueen,Blacpink can you came the canada? Pls,0,2023-01-05T15:34:00Z,2023-01-05T15:34:00Z
Ugxpk-U7CIEdoiP5Aex4AaABAg,,False,@i7c2l.,3>,0,2023-01-05T11:35:28Z,2023-01-05T11:35:28Z
UgxtoaaV7u4Z5lCoR1p4AaABAg,,False,@ginafaicol8808,🥰🤩😍,0,2023-01-05T05:12:32Z,2023-01-05T05:12:32Z
Ugyl9KPXgHW25Vp6UJt4AaABAg,,False,@Offiicial_once,One ticket was 600€ 😭bro i dont  even have 60€,0,2023-01-04T21:39:40Z,2023-01-04T21:39:40Z
Ugyl9KPXgHW25Vp6UJt4AaABAg.9kU3KDmNDks9kUS3jObNgR,Ugyl9KPXgHW25Vp6UJt4AaABAg,True,@medaz8364,😢😢,0,2023-01-05T01:15:52Z,2023-01-05T01:15:52Z
Ugx3bT5R5xIHXe0CctV4AaABAg,,False,@ferayeozkok2409,I LOVE YOU BLACK PİNK 💖💖💖💖💖💖💖💖💖💖💖💖💖💖💖💖💖💖💖💖💖💖💖💖💖💖💖💖💖💖💖💖💖💖💖💖💖💖💖💖💖💖💖💖💖💖💖💖💖💖💖💖💖💖💖💖💖💖💖💖💖💖💖💖💖💖,0,2023-01-04T12:46:04Z,2023-01-04T12:46:04Z
UgyBEPlbVfFh9B7vP5Z4AaABAg,,False,@mevsimminesenturk5611,I love you ❤❤❤❤❤❤❤,0,2023-01-04T10:44:01Z,2023-01-04T10:44:01Z
UgyXAzLCXUpsaZvSP7x4AaABAg,,False,@vdana2010,Hello,0,2023-01-04T09:34:42Z,2023-01-04T09:34:42Z
UgwcraAftWniwZ_R6d14AaABAg,,False,@javedsaifi6401,please come india why are u not coming indians 🖤BLIИKS💗 for you 💖💖😭😭😭,1,2023-01-04T06:38:01Z,2023-01-04T06:38:01Z
Ugx2Tu0TDccXLMDbTCp4AaABAg,,False,@aliya9653,"Blinks mark your attendance 

👇",1,2023-01-04T04:09:56Z,2023-01-04T04:09:56Z
UgxOaJgUYFwBA41ec6Z4AaABAg,,False,@binodkumarsingh5791,"Meri friend banege blackpinkf          
Forever",0,2023-01-04T03:32:47Z,2023-01-04T03:32:47Z
UgwIA7V_8dYWTKKCJpV4AaABAg,,False,@bellamartinez235,BLACKPINK in your area 🖤💖🖤💖,12,2023-01-03T22:17:02Z,2023-01-03T22:17:02Z
UgwVJPzaxc8g63PowQl4AaABAg,,False,@mairaibrar2162,People say they are not putting any effort in there concerts then explain thisssd,1,2023-01-03T19:21:57Z,2023-01-03T19:21:57Z
UgySQ9Mr2WKJyj4wiH94AaABAg,,False,@pokemonun53413,Türkey olsun,0,2023-01-03T17:57:47Z,2023-01-03T17:57:47Z
UgwQMrclBV9DrK31wCN4AaABAg,,False,@sowmyasiri8272,Happy Birthday jisoo,0,2023-01-03T16:40:55Z,2023-01-03T16:40:55Z
Ugwb4uXEgP4hGJwmJrJ4AaABAg,,False,@soyaamm653,생일축하해수야<3,0,2023-01-03T14:47:49Z,2023-01-03T14:47:49Z
UgxQKJ21KFXSgpnTbsV4AaABAg,,False,@sinanaras516,생일 축하해 지수야 행운을 빌어,0,2023-01-03T13:10:47Z,2023-01-03T13:10:47Z
Ugwi9hOEu9VmUJOMjdt4AaABAg,,False,@yanneyasmin,Black pinkkkkkk,0,2023-01-03T12:47:01Z,2023-01-03T12:47:01Z
Ugxg5lmmHbJZ_LYtlZh4AaABAg,,False,@alexandermatz2566,Das nächste Mal vielleicht auch mal in Wien ( Österreich 🇦🇹)❤💗🖤,0,2023-01-03T09:35:15Z,2023-01-03T09:35:15Z
Ugzbjj83NcwYHuBl-O54AaABAg,,False,@xi5ll.9,استمرواا  ملكات الكيبوب بلاك بينك انتم الافضل انا احبكم بلينك فوريفر,0,2023-01-03T09:17:11Z,2023-01-03T09:17:11Z
Ugzyth1Wnalrkg-_dtt4AaABAg,,False,@ВалерияШуляк-ц7у,cool,0,2023-01-03T09:07:06Z,2023-01-03T09:07:06Z
UgzvQPdEH4Bq_IVIYtd4AaABAg,,False,@mayly4566,Black pink,0,2023-01-03T08:39:32Z,2023-01-03T08:39:32Z
UgwSMZa_-2wMge75nFZ4AaABAg,,False,@Blinks42,Blackpink is a best girl❤️❤️❤️❤️❤️❤️❤️,0,2023-01-03T07:46:46Z,2023-01-03T07:46:46Z
UgwnUysvaTKtzJGpORp4AaABAg,,False,@mijerod,みんな可愛い！！,4,2023-01-03T01:42:09Z,2023-01-03T01:42:09Z
UgzsGAYIeAE7BYcJvR14AaABAg,,False,@pritidev714,"Happy birthday jisoo🎉🎉 wishing you the happiest day i love jisoo because she is so cute ,kind and humble and i also love blackpink",1,2023-01-03T00:49:32Z,2023-01-03T00:49:32Z
Ugz9tabY3QxEMkvGPTd4AaABAg,,False,@Callmepurple0000,"Everyone at the concert having the time of their life  
Me at home in the middle of the night watching this singing type girl and just wishing I was there",0,2023-01-03T00:43:15Z,2023-01-03T00:43:15Z
UgzEZwRwCr7D7dmIncJ4AaABAg,,False,@genevievec3007,🖤💗🖤💓🖤💓,0,2023-01-03T00:30:26Z,2023-01-03T00:30:26Z
UgzNYUpZK2FjE678mel4AaABAg,,False,@tripletangelesandsupermom572,Happy Birthday to you Jisoo love you 💓🖤,0,2023-01-02T23:02:06Z,2023-01-02T23:02:06Z
UgwM-18LwaRv20rK6Wd4AaABAg,,False,@rebehsaleh7676,Why don't you come to tunisia please 💗💗💗,1,2023-01-02T21:23:33Z,2023-01-02T21:23:33Z
Ugyuo6dNSlmWnS5RHIN4AaABAg,,False,@Eren_yeegar,❤💕Blinks forever and keep going queens we love and support you all,0,2023-01-02T21:21:20Z,2023-01-02T21:21:20Z
UgzvDyOHcWN1rt56CJp4AaABAg,,False,@Ferry325,I love you all ❤❤❤❤,0,2023-01-02T20:11:16Z,2023-01-02T20:11:16Z
UgxKgmyA9nUPCziOE5B4AaABAg,,False,@lisaplonex,Eylül abla❤️❤️seni seviyorum,1,2023-01-02T17:55:39Z,2023-01-02T17:55:39Z
UgwIodQmHIjZu5cg9MV4AaABAg,,False,@Chuu_.nutria,BLACKPINK FOREVER🖤💗,0,2023-01-02T16:53:40Z,2023-01-02T16:53:40Z
UgzZAWcNL6ZNCs_rWHV4AaABAg,,False,@leandrosales1117,I LOVE BLACKPINK(I AM BRAZILIAN),0,2023-01-02T13:39:00Z,2023-01-02T13:39:00Z
UgyBOpB7KRshY6jjw1d4AaABAg,,False,@Ayayaimurlittlebutterfly_,Aaaa jicuuuu,0,2023-01-02T12:38:33Z,2023-01-02T12:38:33Z
UgzHImRxxtRMmtiz7jJ4AaABAg,,False,@ева-э3ч,Lisa love you,0,2023-01-02T11:51:18Z,2023-01-02T11:51:18Z
Ugw1JkVO1i59ZXm5xfB4AaABAg,,False,@gamzeteofanova1349,Hiii I  am a blink I love black pink black pink forever blackpink 💗 💖 💓 💕 ✨️  Halloween black pink ich mage black pink,0,2023-01-02T11:46:49Z,2023-01-02T11:46:49Z
UgxwH58BXUqTvPCzv2d4AaABAg,,False,@bhuvanamoorthy5752,Super dance,0,2023-01-02T09:58:51Z,2023-01-02T09:58:51Z
Ugwma8EMH8Q0QGgUamd4AaABAg,,False,@Renatasantos-et3db,BLACKPINK forever,0,2023-01-02T09:02:14Z,2023-01-02T09:02:14Z
UgwUNSk-gN5pBnmTfXl4AaABAg,,False,@Nancywatson881,🖤💗,0,2023-01-02T06:12:55Z,2023-01-02T06:12:55Z
UgwS9mHV9XF3HdjWh0h4AaABAg,,False,@erkutaykadoglu4438,Hello me Aslı and turkish ıloveyou Blackpink,1,2023-01-01T17:33:34Z,2023-01-01T17:33:34Z
UgyJTHKUW3f5pAycoz94AaABAg,,False,@nesimozmen1542,Blackpink A LOVE YOU ♥️❤️♥️❤️♥️❤️♥️❤️♥️ Turks fans LİSA 💚 JENİE 💛 JİSOO 🧡 ROSE 🥳,1,2023-01-01T14:37:42Z,2023-01-01T14:37:42Z
UgzLoTWsc8n0Z1Phk1J4AaABAg,,False,@AB-qs2hj,BLACKPINK THE QUEENS OF THE WORLD🫂🦋💝💓💘💞🪐🌏🧡❣❤💜💙💜💙💜💟💕💗💖💗💟♥️♥️♥️♥️,0,2023-01-01T14:17:07Z,2023-01-01T14:17:07Z
UgxNLzvHj4w19M-VOjl4AaABAg,,False,@Yldş-n6d,Keşke blackpink Türkiye’ye gelseydi:(,8,2023-01-01T13:35:48Z,2023-01-01T13:35:48Z
UgzX5dTfHkR9MP-CQD54AaABAg,,False,@Eminee_TEPE43,Blackpink IN YOUR AREA,0,2023-01-01T13:12:05Z,2023-01-01T13:12:05Z
Ugxgrp4pEj1mT2by_2p4AaABAg,,False,@tubakavuk2296,🖤💗KIM JISOO! KIM JENNIE! PARK CHAEYOUNG! LALISA! BLACKPINK! SARANGHAE!💗🖤,1,2023-01-01T08:49:32Z,2023-01-01T08:49:32Z
UgwthP1FtnjS00-YKRN4AaABAg,,False,@tubakavuk2296,Iloveyou,0,2023-01-01T08:49:04Z,2023-01-01T08:49:04Z
Ugy127lcwcMS7SiQ6kN4AaABAg,,False,@rashisharma36800,OT4 FOREVER AND EVER💗💗✨,0,2023-01-01T06:38:05Z,2023-01-01T06:38:05Z
UgwoSKCx-p1h-Cn5AQh4AaABAg,,False,@i.m.surprise,Love you always 😙,0,2023-01-01T05:34:39Z,2023-01-01T05:34:39Z
UgyLuecXPBGHJvNIVv94AaABAg,,False,@fabiangcerrillo1939,Aaaaaa,0,2022-12-31T23:25:08Z,2022-12-31T23:25:08Z
UgxOGFH6baOOxzNZM054AaABAg,,False,@georgipaskalev1999,"Happy New Year, cheers to a great year ahead! 🥂",0,2022-12-31T23:23:20Z,2022-12-31T23:23:20Z
UgzQqEmDvtxnH6VC7gp4AaABAg,,False,@georgipaskalev1999,Wishing you a bright and prosperous New Year! 🌟,0,2022-12-31T23:22:44Z,2022-12-31T23:22:44Z
UgyQTP3XbXCN7FVwRQd4AaABAg,,False,@georgipaskalev1999,May the New Year bring you joy and success! 🎊,0,2022-12-31T23:22:07Z,2022-12-31T23:22:07Z
UgydhT4LFxrm5fjkrzh4AaABAg,,False,@Candypopluvia,İ such a blink anyways happy new year🎉,0,2022-12-31T19:01:18Z,2022-12-31T19:01:18Z
UgxmF4E-wi4u3jeBRoZ4AaABAg,,False,@jesoohotblackpink2068,عيد ميلاد سعيد جيسو,0,2022-12-31T17:57:19Z,2022-12-31T17:57:19Z
UgwuDQTtGKzXlxBkLS14AaABAg,,False,@jesoohotblackpink2068,HAPPY birthday jisoo 💥😩,0,2022-12-31T17:57:07Z,2022-12-31T17:57:07Z
UgwqepodTCSm5AnpKbF4AaABAg,,False,@jesoohotblackpink2068,HAPPY birthday jisoo 💥😩,0,2022-12-31T17:56:58Z,2022-12-31T17:56:58Z
UgwXjEneshzFllHRT3B4AaABAg,,False,@jesoomelove27,عيد ميلاد سعيد جيسو,0,2022-12-31T17:50:50Z,2022-12-31T17:50:50Z
UgxnNMVH5pCfS7Uykgt4AaABAg,,False,@jesoomelove27,HAPPY birthday jisoo 💥😩,0,2022-12-31T17:50:33Z,2022-12-31T17:50:33Z
UgyIhD5Ak4Dbo9P_3-Z4AaABAg,,False,@jesoomelove27,HAPPY birthday jisoo 💥😩,0,2022-12-31T17:50:21Z,2022-12-31T17:50:21Z
UgxVWjQ3LOM4w5dxS4x4AaABAg,,False,@jisoohot1428,عيد ميلاد سعيد جيسو,0,2022-12-31T17:42:13Z,2022-12-31T17:42:13Z
UgyhlP47gjCl_pxQumR4AaABAg,,False,@jisoohot1428,HAPPY birthday jisoo 💥😩,0,2022-12-31T17:41:56Z,2022-12-31T17:41:56Z
UgyuK3To6cDn9xHfjCJ4AaABAg,,False,@jisoohot1428,HAPPY birthday jisoo,0,2022-12-31T17:40:15Z,2022-12-31T17:40:15Z
Ugwu8esypc4I1q9sbph4AaABAg,,False,@user-wv9kp6mz5l,Please we need concert in India,0,2022-12-31T16:11:02Z,2022-12-31T16:11:02Z
UgyHYKjajHl53eF-dV14AaABAg,,False,@Hyunjin__2099,I am so sad because black pink is my favourite group but black pink disband in 2023 but I always love black pink # black pink for life sarange 💜💜💜,0,2022-12-31T15:43:23Z,2022-12-31T15:43:23Z
UgxHYk1Sgx6kt9yfYvZ4AaABAg,,False,@jhoelccopahuaman9038,Blackpink por siempre,0,2022-12-31T14:46:20Z,2022-12-31T14:46:20Z
Ugxts6f5jBzwAG4WXsN4AaABAg,,False,@Lanchenbi491,Woww ❤️❤️,0,2022-12-31T14:00:21Z,2022-12-31T14:00:21Z
UgzQbLHHAfdlRvdiA9t4AaABAg,,False,@Fonkyy234,I Live e in Germany oh mann0 i will seee blackpinnkkk my Mom hatte blackpinnkkk and i can Not See blackpinnkkk,0,2022-12-31T12:25:02Z,2022-12-31T12:25:02Z
UgywionNu_N7BGvqJgB4AaABAg,,False,@youtubeski2345,TURKIYE ERZURUM A GELSENIZ OLMAZ MI,2,2022-12-31T11:49:42Z,2022-12-31T11:49:42Z
UgxDgJXEfhXzW4o4aTB4AaABAg,,False,@hulyaaltun2550,", Abla ne olur Türkiye'ye gelin Ben Türkiye'de yaşıyorum çocuğum ama şu an yani annem babam gitmek istemiyorlar yani gelmez mi Ben sizin yanınıza gelmek istiyor musun büyük bir hayranım kuzenim de var o da çok büyük 1 hayranız Hem siz Türkçe konuşabiliyorsunuz anlayabiliyorsunuz",0,2022-12-31T11:42:26Z,2022-12-31T11:42:26Z
Ugz4sgPQc6aD5g_QMT54AaABAg,,False,@mono6875.,"When do you come to Tunisia? 
튀니지에 언제 오세요?",0,2022-12-31T11:39:53Z,2022-12-31T11:39:53Z
UgyJVNJVX1GuYPXTHJx4AaABAg,,False,@ΑνναΙωαννου-ε2ι,Please😭😭,0,2022-12-31T10:51:58Z,2022-12-31T10:51:58Z
UgxLhfLkBqewBKdkpgR4AaABAg,,False,@ΑνναΙωαννου-ε2ι,Hello!! Please come to Athens!!,0,2022-12-31T10:51:37Z,2022-12-31T10:51:37Z
UgzfRwf8Ov_EhlOQETN4AaABAg,,False,@Keyy2504,Mãi fan.  Mình là người nước VietNam,0,2022-12-31T10:22:12Z,2022-12-31T10:22:12Z
UgwHtcHicD115muQaqV4AaABAg,,False,@minakee-x1t,blackpink we love you please come to turkey!💗🖤🖤💗,1,2022-12-31T09:54:27Z,2022-12-31T09:54:27Z
UgwJ50yTu5YKgMMxSZJ4AaABAg,,False,@Umayburdaa_qw,"at that time, turkey is blackpink will it come to turkey?",2,2022-12-31T08:15:26Z,2022-12-31T08:15:26Z
UgwraWCK7oAmgJGS5r14AaABAg,,False,@kaushaldevi1953,I don't want this year to ever end. Because you..🥺🥺You will never come to India.. But please don't leave us. you don't get discouraged please please  🥺😔😔😔🥺🥺🙍☹️,1,2022-12-31T05:19:39Z,2022-12-31T05:19:39Z
Ugx7MBLP8bA0pKo8KbF4AaABAg,,False,@genevievec3007,BLACK PINk FOREVER 😝😝😝😝,1,2022-12-31T03:56:30Z,2022-12-31T03:56:30Z
UgymUMBZl_Sv8_PRZtN4AaABAg,,False,@lheo02,💖💗❤❤❤❤❤,0,2022-12-31T01:31:00Z,2022-12-31T01:31:00Z
Ugy5DpzdB5CMFdCbjBB4AaABAg,,False,@soft_Jenlisa010,I LOVE YOU JENLISA,0,2022-12-30T23:11:01Z,2022-12-30T23:11:01Z
UgxXct7_ULad8U6Df5p4AaABAg,,False,@andrestarzo3233,Te amo black pinck,0,2022-12-30T21:29:46Z,2022-12-30T21:29:46Z
Ugw2J2gpaWfDpwJYP5F4AaABAg,,False,@CreamyxChaewon,All of u will forever be our angels,0,2022-12-30T21:04:52Z,2022-12-30T21:04:52Z
UgyT_4_uxq2yN9nO1Nd4AaABAg,,False,@dat3wlalice,Aşklar almanyaya gelmişken turkiyeyede bir ugrasaniz💙,1,2022-12-30T17:59:56Z,2022-12-30T17:59:56Z
UgyYDHymNBOFi135Qg14AaABAg,,False,@su-jin2138,Lucky,0,2022-12-30T15:47:21Z,2022-12-30T15:47:21Z
UgxBm2Mza2iscVRP5S94AaABAg,,False,@su-jin2138,WOW,0,2022-12-30T15:47:06Z,2022-12-30T15:47:06Z
UgzRdfk62XDOEgp-Gbt4AaABAg,,False,@Animeislive12,Coming India pleas,0,2022-12-30T13:46:22Z,2022-12-30T13:46:22Z
UgxJEj1ME5JFBGHovgt4AaABAg,,False,@KOMIKMI-hq2lb,BLACKPINK LOVE,0,2022-12-30T13:19:18Z,2022-12-30T13:19:18Z
Ugzk68KY8doLH6vZMil4AaABAg,,False,@chungkhoenguyenbui3329,I love Blackpink,0,2022-12-30T10:24:29Z,2022-12-30T10:24:29Z
UgzowCK3_KowcHuYtZZ4AaABAg,,False,@Jisookitty4,"독일 사는데 못 왔어요 블랙핑크 사랑해요 박채영, 라리사 마노발, 김지수, 김제니 사랑해요❤️❤️❤️💗🖤💗🖤💗🖤💗💗",1,2022-12-30T09:44:51Z,2022-12-30T09:44:51Z
UgwAjRPJsHv0Uk_LrKd4AaABAg,,False,@kitkitlotino4509,와 블랙핑크 다 예쁘다💕💓💕💓💕💓💕💓💕💓💕💓💓💕💓💕💓💓💕💓💕💓💕💓💓💞💓💞💓💞💓💞,0,2022-12-30T09:17:35Z,2022-12-30T09:17:35Z
UgxJvVaKnk7bfikhraJ4AaABAg,,False,@chitrasivakumar1599,I love black pink 😍😘😘,0,2022-12-30T09:13:24Z,2022-12-30T09:13:24Z
Ugz8OMsLsmeQ8MHdolR4AaABAg,,False,@a--ledit4883,My favorite blackpink song type girl  your favorite song in blackpink??,0,2022-12-30T07:53:57Z,2022-12-30T07:53:57Z
UgyzleJYFo0h8hL7I5F4AaABAg,,False,@milkajennie2162,Bp,0,2022-12-30T07:50:58Z,2022-12-30T07:50:58Z
Ugz-OVeAzZ7HN11VtLt4AaABAg,,False,@Shaikh_Rim,I am a true Blink,0,2022-12-30T07:10:15Z,2022-12-30T07:10:15Z
UgxDAFkys0VGMub5-WR4AaABAg,,False,@DyonBosch,BLACKPINK is the Revolution,0,2022-12-30T06:58:27Z,2022-12-30T06:58:27Z
UgxsJJOudet0YUOs4Wp4AaABAg,,False,@Rajib-ft7vh,BLACKPINK Forever,0,2022-12-30T06:55:52Z,2022-12-30T06:55:52Z
UgzaYm174ZEWS15X3EV4AaABAg,,False,@OnO-.-3-w6e,Hi I love you,0,2022-12-30T06:37:26Z,2022-12-30T06:37:26Z
Ugy4OTVzZB-kI4G48KF4AaABAg,,False,@dalya1421,Blackpink,0,2022-12-30T06:19:42Z,2022-12-30T06:19:42Z
UgxwY22DOCUlyKzzxAp4AaABAg,,False,@elcarthomas,Germany 😑,0,2022-12-30T05:43:44Z,2022-12-30T05:43:44Z
Ugxwappp-nwqdgxpjeN4AaABAg,,False,@RameshKumar-wq5sd,Queens,0,2022-12-30T05:36:28Z,2022-12-30T05:36:28Z
UgwY-yEyY9uJK1wE64d4AaABAg,,False,@carolinazegarra5777,Pero a las 7 imedia,0,2022-12-30T00:18:57Z,2022-12-30T00:18:57Z
Ugwntr4J0xuIS_gwrUd4AaABAg,,False,@C_l_a_r_a_2_0_0_9,블랙핑크는 내가 좋아하는,0,2022-12-29T23:01:53Z,2022-12-29T23:01:53Z
UgyHUMvTydGo972xdgN4AaABAg,,False,@HYUNAAAA-L,فديتهم بناتي,0,2022-12-29T22:20:51Z,2022-12-29T22:20:51Z
UgzNyFKb71CvU-UvFMN4AaABAg,,False,@gerardfabien3950,PLS BLACKPINK you are Always in my mind but I never can meet you 😭😭😭😭😭😭😭😭😭😭😭😭😭😭😭😭😭😭😭😭😭😭😭😭😭😭😭,0,2022-12-29T20:56:10Z,2022-12-29T20:56:10Z
UgyQBA1YS2nWbmFzfd54AaABAg,,False,@chrischanbhang,"BLACKPINK please come to Turkey!!! ❤❤❤❤❤❤❤❤❤❤❤
As Turkish blinks, we love you so much!!!!",1,2022-12-29T20:46:58Z,2022-12-29T20:46:58Z
UgzeQIDXG7SClAbdXph4AaABAg,,False,@darkofthblinks,I love you blackpink💗🖤💗🖤💗🖤💗🖤💗🖤💗🖤💗🖤💗🖤💗🖤💗🖤💗🖤💗🖤💗🖤💗🖤💗🖤💗🖤💗🖤💗🖤💗🖤💗🖤,0,2022-12-29T20:21:29Z,2022-12-29T20:21:29Z
Ugx1tBHfwWaxMrfgJfJ4AaABAg,,False,@elifmelekaydemir456,Blackpink is so beautiful,0,2022-12-29T19:07:53Z,2022-12-29T19:07:53Z
UgxAZA-lWGtLAAojhgN4AaABAg,,False,@Kapandı-d8f,I love you blackpink 🌼🌼🌼🌼🌼🌼🌼🌼🌼🌼🌼🌼,0,2022-12-29T18:39:05Z,2022-12-29T18:39:05Z
UgylpotxicePxLrcB2h4AaABAg,,False,@alicialove9405,I love you  Black pink 😍😍😍,0,2022-12-29T16:57:06Z,2022-12-29T16:57:06Z
UgzQFJL5B2bF-IYd-oZ4AaABAg,,False,@MeryGomezBurgos,❤️❤️❤️❤️❤️❤️❤️❤️❤️✨,1,2022-12-29T16:34:57Z,2022-12-29T16:34:57Z
UgwZIm3dcQ1LTra5F4N4AaABAg,,False,@jeyapradhamani1732,"Ohhhhhh
BLACKPINK 🖤💗 when you come to INDIA 🇮🇳",0,2022-12-29T15:20:12Z,2022-12-29T15:20:12Z
UgxF27cdj7Hdabwutsd4AaABAg,,False,@Nuerizz,BLACKPINK forever blinks 🖤💖,0,2022-12-29T15:06:42Z,2022-12-29T15:06:42Z
UgwGK3OGQilhOEBERpZ4AaABAg,,False,@Han_my_love4419,Black pink When will they come to Latin America?💗🖤,0,2022-12-29T14:48:45Z,2022-12-29T14:48:45Z
Ugyn75YpIHq5vGjXL3V4AaABAg,,False,@kishoresahu6048,Love u my queens,0,2022-12-29T14:05:46Z,2022-12-29T14:05:46Z
UgxxG6_Ny2FoYte7ZxF4AaABAg,,False,@merveiste572,터키도 와주세요,0,2022-12-29T13:51:58Z,2022-12-29T13:51:58Z
UgzVz_xu5Eb-sQrKoiN4AaABAg,,False,@bigfanoflalisa6579,🖤BLIИK💗 Blackpink🖤BLΛƆKPIИK💗 forever,0,2022-12-29T13:31:08Z,2022-12-29T13:31:08Z
UgyFVtQxL7-vll2lAvN4AaABAg,,False,@vanishgold5328,Blackpink is the best K-pop group forever,0,2022-12-29T13:21:19Z,2022-12-29T13:21:19Z
UgwBOhLZ6Km7ZYDRK-J4AaABAg,,False,@Kpop-love17,Ребят блек Пинк всегда едут в разные страны мира и надеюсь что black pink побудут и в россии,1,2022-12-29T12:54:46Z,2022-12-29T12:54:46Z
UgxWYgvHbGf493e9Y794AaABAg,,False,@dnoosoft5182,BlackPink💗💗💗💗😭,1,2022-12-29T12:51:53Z,2022-12-29T12:51:53Z
Ugx-MSpSQ6S5pyM8XbV4AaABAg,,False,@ghazalerahimzade.wonhigh,the Berlin was soo cool 🥺😍❤️,0,2022-12-29T11:52:01Z,2022-12-29T11:52:01Z
UgwHPozB1HKUul4iFDB4AaABAg,,False,@xblinkeuu,That's my alarm now! (｡’▽’｡)♡,1,2022-12-29T11:38:58Z,2022-12-29T11:38:58Z
UgzUH9ETwlLMg9mOcKh4AaABAg,,False,@Zeyniap,Please come to turkey  please,2,2022-12-29T11:27:30Z,2022-12-29T11:27:30Z
UgxrF1clckqbUbZ1kQZ4AaABAg,,False,@Grace-ps1fd,I love you blackpink,0,2022-12-29T10:32:23Z,2022-12-29T10:32:23Z
UgybKiPuRhd8cazxTHR4AaABAg,,False,@yokkkk6799,"Artık Türkiyeye de Bi el mi atsanız
이제 터키에 손을 내밀어야 할까요?",2,2022-12-29T09:16:21Z,2022-12-29T09:16:21Z
UgzkJWT9nZfgLcPObgd4AaABAg,,False,@sumatiwakambam7687,"i love you blackpink i wish i could come but i cant because  we are from india i love you Jenni,Rose,Jisso,Lisa🌹🌹🌹😍😍😍😍😘😘",0,2022-12-29T05:57:14Z,2022-12-29T05:57:14Z
UgzqMb3OfoqKM9OPuB54AaABAg,,False,@saimashahid2166,"Hi, black pink,my,name,Safura,I,loveyou",0,2022-12-29T05:52:25Z,2022-12-29T05:52:25Z
Ugzl-S2OOiMBybMDJLV4AaABAg,,False,@meiirose,Blackpink in your area,0,2022-12-29T05:19:55Z,2022-12-29T05:19:55Z
Ugxv91DTfuTTi2FhnUJ4AaABAg,,False,@meiirose,Blackpink is the revolution,0,2022-12-29T05:19:44Z,2022-12-29T05:19:44Z
UgxBft2Z5GKt8jJnYTR4AaABAg,,False,@kartini1647,Hjddfjfg6hg6tjuiiu6ffv nkk😍😚😖😚😙😖😕😝😷,0,2022-12-29T04:36:57Z,2022-12-29T04:36:57Z
Ugw0teRx4c09IhlXLjN4AaABAg,,False,@pierinalindaoavila3180,Cuándo fue? Dónde puedo ver el concierto?,0,2022-12-29T03:51:06Z,2022-12-29T03:51:06Z
UgwkmQqoNumFpNAsObV4AaABAg,,False,@Gabita_blue,BLACKPINK LOVE,0,2022-12-29T03:20:02Z,2022-12-29T03:20:02Z
UgxuzsymJ0JBVcJtvb54AaABAg,,False,@Luisanny_Nicol,BLACKPINK I wait for you in the DOMINICAN REPUBLIC SANTO DOMINGO This is my country I wait for you PLEASE COME TO MY COUNTRY I LOVE YOU 🙏 💕 ♥,2,2022-12-29T01:36:40Z,2022-12-29T01:36:40Z
UgyLZ-9nppwSKXL4rgx4AaABAg,,False,@monserratgonzalezgutierrez8738,🖤💓,0,2022-12-29T01:13:09Z,2022-12-29T01:13:09Z
UgxKYUuq48zNQyQ5SIF4AaABAg,,False,@kimsunjinhan,The best songs are gone,0,2022-12-29T01:04:02Z,2022-12-29T01:04:02Z
UgzZmT2I09FM1cvUumd4AaABAg,,False,@هانیهدرخشان,jiqqq knsrt khili khob boddddd airan baz hm dostton darhhhh,0,2022-12-28T23:08:58Z,2022-12-28T23:08:58Z
Ugx6ndnbnrWYerUOzwV4AaABAg,,False,@kriusten5118,Vengan a costa rica porfavor,0,2022-12-28T22:16:00Z,2022-12-28T22:16:00Z
UgylllB8AEefduguGwp4AaABAg,,False,@papipollo7838,💖💖💖💖🖤🖤🖤,0,2022-12-28T21:24:14Z,2022-12-28T21:24:14Z
UgyANMtdtobhuSqtkZR4AaABAg,,False,@sadiesink7621,Blink Forever,0,2022-12-28T21:07:31Z,2022-12-28T21:07:31Z
UgxsCTkN6t7tZlYXwrF4AaABAg,,False,@sarahigonzalez4101,Manifiesto ir a uno de sus conciertos ♥️✨,0,2022-12-28T20:14:40Z,2022-12-28T20:14:40Z
UgxZIk1uQJDbU31lfM94AaABAg,,False,@lemal8819,لماذا سرقتو قلبي يا بلاك بينك😅😅,0,2022-12-28T20:09:45Z,2022-12-28T20:09:45Z
UgyU5H3TQOq8FkMpFRl4AaABAg,,False,@BrialovesJisooKim,Porque vivo en Latinoamérica 😿😿😿😿,0,2022-12-28T20:01:12Z,2022-12-28T20:01:12Z
UgzcfZNohFL3xINnWLJ4AaABAg,,False,@Meriem.matallah0,Black pink🥰😍❤️,1,2022-12-28T19:39:03Z,2022-12-28T19:39:03Z
Ugx-dWu6eAaGszB0-CZ4AaABAg,,False,@blackpinkforever6593,嗨，Blackpink，我眨了眨眼，我想知道你能不能在2022年12月31日星期六來弗洛迪亞❤❤❤❤,0,2022-12-28T19:17:49Z,2022-12-28T19:17:49Z
Ugy_XzMWVcp6GOI3jnJ4AaABAg,,False,@bettycuellartorres8451,好啦草帽他,0,2022-12-28T19:04:42Z,2022-12-28T19:04:42Z
UgwwDVPUElZdZxI4dQ94AaABAg,,False,@maheranaaz4209,Come in INDIA,0,2022-12-28T17:43:43Z,2022-12-28T17:43:43Z
Ugx81sZRHewASl5bpal4AaABAg,,False,@Sibelr8890,Please come to turkey,2,2022-12-28T17:42:37Z,2022-12-28T17:42:37Z
UgzsEXwV3__ZBc9J3gF4AaABAg,,False,@rabbytalokdarrabby9293,❤️❤️😘😘❤️,0,2022-12-28T17:00:08Z,2022-12-28T17:00:08Z
UgwzZOjFSWN75NO8p914AaABAg,,False,@JuliaGlare,Bbbbbabyyy🙌🫶,0,2022-12-28T15:56:14Z,2022-12-28T15:56:14Z
UgzapwX-uUfp7Qkb6714AaABAg,,False,@Ninita123-w3t,"I love  you  
❤",0,2022-12-28T15:55:18Z,2022-12-28T15:55:18Z
Ugz3AqQ2NEcRIlwsEBx4AaABAg,,False,@diamondsletsgames,Ich wehre so gern dabei gewesen 😢,0,2022-12-28T15:48:17Z,2022-12-28T15:48:17Z
Ugx-aNq3ytnVbsvlR6V4AaABAg,,False,@kk-tk9vm,where's jisoo‘s solo,0,2022-12-28T15:35:54Z,2022-12-28T15:35:54Z
UgxK6BeUHNjkyQCGo1d4AaABAg,,False,@yarethvelasquez3128,BLACKPINK ✨✨✨👑👑👑👑,0,2022-12-28T15:31:14Z,2022-12-28T15:31:14Z
Ugy1t9_K-8HLxIzDjUx4AaABAg,,False,@Jxjxhxjxhx,Blackpink please come to turkey,2,2022-12-28T14:13:16Z,2022-12-28T14:13:16Z
UgwUjDhlKCM8o3WDITl4AaABAg,,False,@leongyeohkok8104,black pink you super cute hello,0,2022-12-28T12:50:57Z,2022-12-28T12:50:57Z
Ugy-MSxlH_g2eeJUz3J4AaABAg,,False,@silviachakre7984,I love you black pink 😘💞,0,2022-12-28T12:33:44Z,2022-12-28T12:33:44Z
UgwQiO3JJO346AWw1Ld4AaABAg,,False,@sohinimitra33,🌹🌹🌹🌹💕💜,0,2022-12-28T11:10:41Z,2022-12-28T11:10:41Z
Ugw7iImgqPu3Cmi7CgJ4AaABAg,,False,@Compte_4-t7g,Ça me déçois temps ma meilleure ami était sensé y aller 😭,0,2022-12-28T10:47:00Z,2022-12-28T10:47:00Z
UgyI3Rt7d34fQ5vTaBx4AaABAg,,False,@gokhangul9351,"I wanted to go to the concert too, but unfortunely the Tickets were over

I love Blackpink",0,2022-12-28T10:41:33Z,2022-12-28T10:41:33Z
Ugx9SCWIHYNT9I7xJUF4AaABAg,,False,@chaeri.bunnii,❤️❤️,0,2022-12-28T09:58:07Z,2022-12-28T09:58:07Z
UgxJWee1wGZXbNLBWS14AaABAg,,False,@stefanradu9521,Ich wünsche mir dass ich 14 bin dann könnte ich zum Konzert kommen 😓,0,2022-12-28T09:42:07Z,2022-12-28T09:42:07Z
UgzoXHJlsaHOnYCKm7Z4AaABAg,,False,@stefanradu9521,I love You BLACKPINK,0,2022-12-28T09:41:08Z,2022-12-28T09:41:08Z
UgwfAlTJCzYW7CFam6d4AaABAg,,False,@stefanradu9521,In Berlin is so cool,0,2022-12-28T09:39:28Z,2022-12-28T09:39:28Z
UgzGL8LuH9McBWox5kx4AaABAg,,False,@ranjnasingh3992,Black pink love u  so much ❤❤,0,2022-12-28T09:34:39Z,2022-12-28T09:34:39Z
UgyKzf3ZxRFJ8Q6hBKx4AaABAg,,False,@dkyproject9132,Dava😍🥰😘😚,0,2022-12-28T07:44:47Z,2022-12-28T07:44:47Z
UgzCbglI4EYv9x0NpO14AaABAg,,False,@arbazmalik9842,love black  pink,0,2022-12-28T06:08:05Z,2022-12-28T06:08:05Z
UgxzdFDkXzqrt943dFR4AaABAg,,False,@JHFCMCJS143,우리는 당신을 매우 사랑합니다 나는 터키 사람입니다 터키에 올 수 있습니까? 당신이 오면 거기에있을 것이라고 약속합니다(⁠｡⁠♡⁠‿⁠♡⁠｡⁠),1,2022-12-28T04:48:28Z,2022-12-28T04:48:28Z
UgzANe7uAnW3OwimJN94AaABAg,,False,@itsmelisa5536,Blackpink I love you😘😘😘😘😘😘😘😘😘😘,1,2022-12-28T04:34:51Z,2022-12-28T04:34:51Z
Ugx9ID_ZChGU0KER1Id4AaABAg,,False,@jalilashraf3434,"4 Main dancer, 4 main vocalist, 4 rapper, 4 main stage persence",0,2022-12-28T04:10:27Z,2022-12-28T04:10:27Z
UgwzVMBUrfuXaGBQeyp4AaABAg,,False,@_itz_hira_6.9_,I love you Blackpink ❤️❤️❤️,0,2022-12-28T03:43:10Z,2022-12-28T03:43:10Z
UgwBMyBusJmKlfAjP854AaABAg,,False,@rianapascua4639,❤️❤️❤️❤️❤️❤️❤️❤️❤️❤️,0,2022-12-28T02:10:13Z,2022-12-28T02:10:13Z
UgzIz_BOTXUcah-0pc94AaABAg,,False,@gael_sugus,I hope that you come to Mexico for the tour! ❤️,0,2022-12-28T00:26:27Z,2022-12-28T00:26:27Z
Ugy6KSDE-JQCQgcCVaR4AaABAg,,False,@alezzortiz4321,"si no estan grabando un DVD del tour, la estan cagando 👀",0,2022-12-28T00:16:54Z,2022-12-28T00:16:54Z
UgzrkUWZwWo-QFISY4x4AaABAg,,False,@fatushmalikji608,Are you in germani coz thr flog its just like germani?? I love u lisa,0,2022-12-27T23:15:42Z,2022-12-27T23:15:42Z
Ugx7gxzB-8Utf1wSqkl4AaABAg,,False,@AestheticHttps,Blackpink and Blink forever❤️❤️,0,2022-12-27T20:50:15Z,2022-12-27T20:50:15Z
UgwPKMQg0YpBNy22Qn94AaABAg,,False,@Mayamip3,Blackpink in your area 💗💋,0,2022-12-27T20:13:17Z,2022-12-27T20:13:17Z
UgxzxaPN9G78cdqBTUB4AaABAg,,False,@sister_cute,"여느 때와 같이 여러분 블랙핑크는 K팝 역사상 최고의 밴드, 영원히 길을 닦았고, 이 호화로운 전설은 두 번 다시 반복되지 않을 것입니다🤯💥💥",39,2022-12-27T20:09:13Z,2022-12-27T20:09:13Z
Ugzs-D2iE1dSyZ9Cq554AaABAg,,False,@Hich-x2y,Black pink please come on kurdistan in iraq💔💔💔💔💔💔💔💔💔💔💔💔💔💔💔💔💔💔💔💔💔💔💔💔💔💔💔💔💔💔💔💔💔💔💔💔💔💔💔💔💔💔💔💔💔💔💔💔💔💔💔💔🥺🥺🥺🥺💔💔🥺💔🥺💔💔🥺🥺🥺🥺🥺💔🥺💔🥺🥺💔💔💔💔💔💔💔💔🥺💔🥺💔💔💔💔🥺💔🥺💔🥺🥺🥺💔💔💔🥺💔🥺😭😭😭😭😭😥😥😥😥,0,2022-12-27T20:05:13Z,2022-12-27T20:05:13Z
Ugyk8AdH3IxNUB6Pjzt4AaABAg,,False,@يوجين-س4و,يحظهم,0,2022-12-27T19:42:45Z,2022-12-27T19:42:45Z
UgyfiTf6VV1PgfB2psF4AaABAg,,False,@emanuelpalma6559,Fan the 🇨🇷🇨🇷🇨🇷blackpink🥰🥰,0,2022-12-27T19:20:38Z,2022-12-27T19:20:38Z
UgwKM99wpb7M-lq6EWB4AaABAg,,False,@sadeem2902,I love youuuuuuuuuu 😭❤️‍🔥black pink,0,2022-12-27T18:10:02Z,2022-12-27T18:10:02Z
Ugx5JR5rwbi0ryJrzAh4AaABAg,,False,@st4r_l0st-325,"I Love you all!   

I Am blink and im going to be blink forever!!! 
I BORN PINK BLACKPINK IN YOUR AREA",0,2022-12-27T18:01:58Z,2022-12-27T18:01:58Z
Ugw0epfjXL8bQVshKZp4AaABAg,,False,@pennypanopoulou7299,Please come to Greece. By the way you are the best group❤❤❤❤❤❤❤❤❤❤❤,1,2022-12-27T18:01:42Z,2022-12-27T18:01:42Z
UgxIy9rFpp74y215vX14AaABAg,,False,@begum328,╯,0,2022-12-27T17:31:21Z,2022-12-27T17:31:21Z
Ugw7D4rFLvfmyzKkM4p4AaABAg,,False,@Marliiix,I want for a BP concert 🖤💗,0,2022-12-27T16:37:24Z,2022-12-27T16:37:24Z
UgxdhRVuyjRvt4qUPMB4AaABAg,,False,@Lea_qx,All Blinks leave a like⬇️🥰,1,2022-12-27T16:24:05Z,2022-12-27T16:24:05Z
Ugz9cc02wJWNJQ2YFNV4AaABAg,,False,@jaimayajaimaya,Love you blackpink forever ♾️♾️❤️❤️❤️❤️❤️❤️❤️❤️❤️🖤🖤🖤🖤🖤💓💓💓💓💓,0,2022-12-27T15:53:54Z,2022-12-27T15:53:54Z
UgzA4iMIwEg0PB4KyId4AaABAg,,False,@isHinata6,Best qroup Blackpink❤️ I love you🇦🇿🇦🇿🇰🇷🇰🇷🇦🇿🇦🇿🇦🇿,0,2022-12-27T15:26:53Z,2022-12-27T15:26:53Z
UgztlMOgoQLDmkL8qxV4AaABAg,,False,@sabrinablackpink8340,I love you sweetest people,0,2022-12-27T15:21:54Z,2022-12-27T15:21:54Z
Ugz8VuUyIFi-c4hKenN4AaABAg,,False,@asmaa33615,شو اسم الاغنيه,0,2022-12-27T15:02:24Z,2022-12-27T15:02:24Z
UgzpQo6UbWJ_0f3asyV4AaABAg,,False,@iseliemanz5942,love that song,0,2022-12-27T14:48:35Z,2022-12-27T14:48:35Z
UgyrySm7BktAQPsBqKh4AaABAg,,False,@Adawsq_roblox,"콘서트 정말 좋았어, 베를린에서 이틀간 갈 수 있으면 좋겠어, 4명의 여왕들 고마워!
하지만 그들은 사랑할 준비가되었다고 말하지 않았습니까?
메르세데스 벤츠 아레나에서 그들이 준 콘서트는 훌륭했습니다!
뮌스터로 오세요 :(
고마워 지수야 하트 만들어줬어🥺  ..",15,2022-12-27T14:39:24Z,2022-12-27T14:39:24Z
UgwIh_Kto84HYzBI8it4AaABAg,,False,@MaryOnACross-jpn,BLACKPINK can you come to Turkey Pls 🇹🇷🇹🇷🇹🇷🇹🇷❤️,1,2022-12-27T13:52:45Z,2022-12-27T13:52:45Z
Ugw43GUoWSQNregXC2V4AaABAg,,False,@blackpinkblink4727,💘,0,2022-12-27T13:33:57Z,2022-12-27T13:33:57Z
Ugxtd1e_NUUX1vDDSkl4AaABAg,,False,@amandagrandon8154,BLACKPINCK ♥️,0,2022-12-27T13:26:57Z,2022-12-27T13:26:57Z
Ugw1A9t980Ir5c01MyN4AaABAg,,False,@Disneyistemiyoz8515,Me turkey,1,2022-12-27T12:35:18Z,2022-12-27T12:35:18Z
UgzpXWq7kkhtaFLyKot4AaABAg,,False,@meiling.1,안녕 blackpink 슬로바키아에서 콘서트 할 수 있니 제발 콘서트에 가고 싶었어 나는 가장 큰 깜박임 제발 제발 💗💗💗💗,0,2022-12-27T11:00:59Z,2022-12-27T11:00:59Z
UgzD_8RVYkFMfLBX29R4AaABAg,,False,@Rvvuiy,كيوت,0,2022-12-27T10:45:09Z,2022-12-27T10:45:09Z
UgxLJdyFzqv1daGzkkp4AaABAg,,False,@Roswll06,loveeeee blackpink,0,2022-12-27T10:32:38Z,2022-12-27T10:32:38Z
UgyvJxQP-1JwwFkDWI54AaABAg,,False,@achanchan4557,sayang... 😀😀😀💪💪💪😊😊😊,0,2022-12-27T10:30:19Z,2022-12-27T10:30:19Z
UgzErefhd8OFUZFeyx54AaABAg,,False,@smolbeanrobbin,Is one from the Amsterdam concert still gonna come out?,0,2022-12-27T10:20:46Z,2022-12-27T10:20:46Z
UgzILtLo5F0K5AZetT54AaABAg,,False,@Yna021-t,Y LOVE YOU,0,2022-12-27T10:17:59Z,2022-12-27T10:17:59Z
UgxakIw3-FjCFeClruZ4AaABAg,,False,@gii2787,I love lisa,0,2022-12-27T09:30:47Z,2022-12-27T09:30:47Z
UgxXlJ31hp07a_gWuu54AaABAg,,False,@samsungtab1348,Black pink  plz come to india😁🖤💝,0,2022-12-27T08:42:57Z,2022-12-27T08:42:57Z
UgzBfC5AVs2s-UI00JZ4AaABAg,,False,@anvlog2873,They inspire me to work hard...coz the future is beautiful,0,2022-12-27T08:21:13Z,2022-12-27T08:21:13Z
Ugwx0H61wF79ZYFEUKB4AaABAg,,False,@rayvertrabanca6033,see you in Philippines 😍🥰🙈,0,2022-12-27T08:21:07Z,2022-12-27T08:21:07Z
Ugx0WJv5Xz26Kfg86vx4AaABAg,,False,@roserajput-bc3pb,blink Forever,0,2022-12-27T08:20:29Z,2022-12-27T08:20:29Z
Ugw6xNHwWMePpnWslzx4AaABAg,,False,@manishatiwari5282,💖🖤,0,2022-12-27T08:06:04Z,2022-12-27T08:06:04Z
Ugw1veXHr9ROE8KK6SZ4AaABAg,,False,@DoMinSooDance,❤️❤️❤️,0,2022-12-27T07:57:52Z,2022-12-27T07:57:52Z
Ugznzv4ZxRYCFf5xru14AaABAg,,False,@Lp_tluanga,❤️❤️,0,2022-12-27T07:33:05Z,2022-12-27T07:33:05Z
UgwAWlGhaWeJMZ0oNSV4AaABAg,,False,@vijayalvijayal581,Next year😢 blackpink 😭😭,1,2022-12-27T07:30:10Z,2022-12-27T07:30:10Z
UgyZPpOeskI-vwLnEOd4AaABAg,,False,@lizamaryam2923,Omg blackpink im a HUGE BLINK love u guys so so much!!!!!!!!!,0,2022-12-27T07:11:27Z,2022-12-27T07:11:27Z
Ugx9VeGiDm4NEx48mgt4AaABAg,,False,@SomeRandomStuff-r3t,When are you coming to India 😢😭,0,2022-12-27T06:58:51Z,2022-12-27T06:58:51Z
Ugx7VKKz6Qymsuor5BJ4AaABAg,,False,@kaviyascorner4766,Blackpink forever 💖,1,2022-12-27T06:57:12Z,2022-12-27T06:57:12Z
Ugz08hVcvPUOT2ESkPp4AaABAg,,False,@evelynyanethayala3958,"FABULOSAS NO DEJÓ DE PENSAR EN LAS REINAS DE ESTE MUNDO BLACKPINK
SUS CANCIONES SON EXTREMADAMENTE PERFECTAS <3",3,2022-12-27T06:38:50Z,2022-12-27T06:38:50Z
Ugxahrk9UGCoOOlzQWp4AaABAg,,False,@anilishacreation5422,"Can Your blackpink group Come In India.
Please🙏🏻🙏🏻
Love Blink",0,2022-12-27T06:14:16Z,2022-12-27T06:14:16Z
UgzXTlt1Ph-Dnk_FQQd4AaABAg,,False,@saanvisfunland2012,"Love from India 🇮🇳 🇮🇳 
Keep rocking gals",1,2022-12-27T06:13:14Z,2022-12-27T06:13:14Z
Ugwuv8NHbqSdRfJmi8J4AaABAg,,False,@Riddhi.Shah_,Blackpink Is the Best All of them are my favourite 🖤,0,2022-12-27T06:06:59Z,2022-12-27T06:06:59Z
UgwuVvTlQTzNNxxDEhN4AaABAg,,False,@denny-zenchiong296,"Beautiful special Cool!
BEST BLACKPINK💞💖",1,2022-12-27T05:32:57Z,2022-12-27T05:32:57Z
UgxV4fQTPCM2LmxEEbl4AaABAg,,False,@rupalipatil4255,So much nice,1,2022-12-27T04:24:57Z,2022-12-27T04:24:57Z
UgyiE3EvX8BecSUkRJd4AaABAg,,False,@gulshanoyxamidova1343,Blackpink we are your fans.We live in Uzbekistan. We want you to come to Uzbekistan. We are definitely waiting  for you!😘😘😘😍😍😍🥰🥰🥰,0,2022-12-27T04:03:22Z,2022-12-27T04:03:22Z
UgyDCKNWFoEE7FxTTiF4AaABAg,,False,@gabrielaestherinfanzonroja9291,Blackpink 💖💖💖💖💖💖💖💖💖💖💖💖💖💖💖💖💖💖💖💖💖💖💖💖💖💖💖💖💖💖,0,2022-12-27T02:48:20Z,2022-12-27T02:48:20Z
UgyqDQqrfyVbOQxp7o54AaABAg,,False,@forever_young143,It's A Question To You YG by all BLINKS that Why don't you show more about JISOO Skills like Vocals and Rapping like HER own Song I mean her solo?🤔,0,2022-12-27T01:46:46Z,2022-12-27T01:46:46Z
Ugz8vD_nI9LB3icNQGF4AaABAg,,False,@phoebe483,"BLACKPINK - 'Pink Venom' M/V
01:43 ━━━━●───── 04:40
⇆ㅤ ㅤ◁ㅤ ❚❚ ㅤ▷ ㅤㅤ↻﻿
               ılıılıılıılıılıılı
ᴠᴏʟᴜᴍᴇ : ▮▮▮▮▮▮▮▮▮▮",0,2022-12-27T01:02:27Z,2022-12-27T01:02:27Z
Ugw9gqWnR_2y2IoNhzV4AaABAg,,False,@なほ-s2r,❤❤❤❤❤❤,0,2022-12-27T01:00:17Z,2022-12-27T01:00:17Z
UgyWjlPI_yWDIPhwh2Z4AaABAg,,False,@ikmalidham2558,Blackpink🖤💗😍😍😍😍,0,2022-12-27T00:59:46Z,2022-12-27T00:59:46Z
UgzyBn90zPWdtLc6OrF4AaABAg,,False,@fabianamaria4640,Vcs podem fazer um show no Brasil em águas Lindas de Goiás por favor please,0,2022-12-27T00:25:02Z,2022-12-27T00:25:02Z
UgySo7FuM6sF6C9wgH94AaABAg,,False,@lidiavaleria8930,Lindas,0,2022-12-26T23:59:45Z,2022-12-26T23:59:45Z
UgxJHeEbbNzINuJyrdl4AaABAg,,False,@michhhh234,Hiii,1,2022-12-26T21:38:54Z,2022-12-26T21:38:54Z
Ugxg4Bw8RYq246szOhF4AaABAg,,False,@taylorrobinson1294,Slay,1,2022-12-26T20:58:39Z,2022-12-26T20:58:39Z
UgwNKR3yS4RySp1_Vqd4AaABAg,,False,@Newborn44,I want they to come to czech republick 😥,0,2022-12-26T20:00:30Z,2022-12-26T20:00:42Z
UgypdhQfjV7-rlYwz_Z4AaABAg,,False,@nisanuralayldz1331,Many People in Türkiye love you,0,2022-12-26T19:45:35Z,2022-12-26T19:45:35Z
UgwI_-C8lQk_LbgNsqh4AaABAg,,False,@chaepmunkk,"i wish i could come too😞

I love you blackpink",1,2022-12-26T19:32:29Z,2022-12-26T19:32:29Z
UgzbxzT7aNvBEBjEymB4AaABAg,,False,@ezzatshalaby5382,Love you 😍,0,2022-12-26T19:27:50Z,2022-12-26T19:27:50Z
UgzlsOBDht-oq7YRAoV4AaABAg,,False,@erfanalireza3901,🧚🏻‍♂️,0,2022-12-26T19:19:20Z,2022-12-26T19:19:20Z
UgzsOn7UZ8KlzvorFkd4AaABAg,,False,@rafaellapretelvasquez6064,"Hello blackpink, I don't know if you know but they have fans from Latin America and all those people would like to go to a concert of yours and that's why I'm sending this message I love you greetings from Peru 😘",0,2022-12-26T19:15:21Z,2022-12-26T19:26:13Z
Ugyyp6gIiPVrvA8ZqdZ4AaABAg,,False,@bclinkedit,It is a dream for us to see you😭,0,2022-12-26T19:13:51Z,2022-12-26T19:13:51Z
Ugyr0liedPeNPNTI-kp4AaABAg,,False,@asywlw,BLACKPINK 제발 이 댓글을 봐주세요 제가 터키에서 당신에게 쓰고 있어요 당신은 많은 팬들이 기다리고 있어요 터키로 와서 콘서트를 해주세요❤️🇹🇷🇹🇷,1,2022-12-26T19:03:00Z,2022-12-26T19:03:00Z
Ugxmy4fRs9UEFqBSXOh4AaABAg,,False,@518MEME,I love you ❤,0,2022-12-26T18:58:56Z,2022-12-26T18:58:56Z
Ugx3LdNIgie4X03vY6p4AaABAg,,False,@hazalyilmaz9791,Pls belguim Gent pls pls i love blacpink pls 😭😭😭😭😭😭😭,0,2022-12-26T18:55:46Z,2022-12-26T18:55:46Z
Ugwa-6vgUXlR-8aLOfB4AaABAg,,False,@niveasantos9596,I love blackpink❤❤❤❤❤❤❤,0,2022-12-26T18:45:51Z,2022-12-26T18:45:51Z
UgxaHGvvhqQRDIWNBPZ4AaABAg,,False,@Wlpq,❤️❤️💛💛❤️🧡🧡💛💛🧡🧡💛🧡❤️💛💛❤️💛❤️❤️❤️❤️❤️❤️❤️❤️❤️❤️🧡❤️🧡❤️❤️🧡❤️💛💛❤️🧡❤️❤️🧡💛🧡❤️❤️🧡❤️🧡❤️🧡🧡❤️🧡❤️❤️🧡❤️🧡❤️🧡🧡❤️🧡❤️🧡❤️❤️🧡❤️🧡❤️🧡🧡❤️❤️🧡🧡❤️❤️🧡🧡❤️🧡❤️🧡❤️🧡❤️🧡❤️🧡❤️🧡❤️🧡❤️🧡❤️❤️🧡💛❤️❤️❤️🧡❤️🧡❤️🧡🧡❤️🧡❤️❤️❤️❤️❤️❤️❤️💜💜💜💜💜💜💜💜💜💜💜💜💜💜💜💜💜💜💜💜💜💜💜💜💜💜💜💜💜💜💜💜💜💜💜💜💜💜💜💜💜💜💜💜💜💜💜💜💜❤️💜❤️💜💜❤️🧡❤️💜❤️🧡💜❤️💜💛❤️💜❤️💜💛❤️❤️❤️💕💕💞💕💞💞💞💕💙💙💙💙💚💕💕💚💚💕💚💝💝💖💖💘💘💌💝💖💖💖❤️💕💘❤️💕💘❤️❤️💕💘❤️💕💘💕💘❤️💘💕💛💙💛💙💛💙💛💙💛💙💛💙💛💚💙💛💙💚💛💙💛💚💚💙💛💛💙💚💛💚💙💙💝💙💝💙💝💝💙💚💙💌💙💌💚💕💛💘❤️💌💕💕💌💕💘💕💘💕💌💌💕💕💌❤️💌❤️💚❤️💚💌💖💝💝💝💛💛💘💛💚💕💛💚💛💚💕💛💚💚💛💕💚💕💚💛💕💚💌💘💌💕💕💌💌💕💘💕💌💘💕💌💘💙💙💘💕💘💕💙💘💙💕💙💘💕💙💘💕💌💌💝💝💚💕💙💛💕💛💙💛💌💘💌💛💌💛💘💌💙💛💕💙💛💙💕💛💙💕💙💕💛💙💕💘💚💘💚💘💚💚💘💕💛💙💙💖💙💕💖💙💕💖💙💕💙💕💙💖💕💖💙💖💕💙💖💙💕💖💙💖💌💕💚💖💖💕💚💖💛💚💙💚💛💙💚💛💚💛💙💙💛💚💙💝💛💙💝💛💝💙💝💙💛💚💚💕💙,0,2022-12-26T18:37:51Z,2022-12-26T18:37:51Z
UgxCdDzl7C3lNaFkBaB4AaABAg,,False,@rafikabagam7081,I love my Black Pink,0,2022-12-26T18:20:52Z,2022-12-26T18:20:52Z
Ugx8A_lir9Z9Hu3W8614AaABAg,,False,@mlsdgkc,💛,0,2022-12-26T18:17:45Z,2022-12-26T18:17:45Z
UgzYtfGk5JJlNDFFRjx4AaABAg,,False,@Bluenight-jennieruby5146,"PEKİ YA MERYEM CAN'IN BP SEGİSİ!!BP DEVRİMDİR,HER ZAMAN SİZ BİR MUHTEŞEMSİNİZ 💗💗💗💗💗💗💗💗💗",1,2022-12-26T18:08:10Z,2022-12-26T18:08:10Z
UgxXiWe8sKFKRnEJAS14AaABAg,,False,@blink-fd7qo,☺️☺️☺️,0,2022-12-26T18:07:39Z,2022-12-26T18:07:39Z
Ugxskkb6LpvOG2gIi_B4AaABAg,,False,@jisoo3381,Ilove BLACk PINK🔥♥️♥️♥️,0,2022-12-26T17:40:01Z,2022-12-26T17:40:01Z
Ugz_te3qrVlH0PpGPfB4AaABAg,,False,@iremgur7580,BLACKPİNK 💖,0,2022-12-26T17:35:10Z,2022-12-26T17:35:10Z
Ugydne5Z8O9Ajgk5HSF4AaABAg,,False,@utkukantarci6426,Blackpinl please come to Turkey ❤️,1,2022-12-26T17:03:49Z,2022-12-26T17:03:49Z
Ugy_0Szz1ZRMthcP33V4AaABAg,,False,@Baldibacksoop,Pls Turkey ❤️❤️❤️♾️,2,2022-12-26T17:01:00Z,2022-12-26T17:01:00Z
UgxXfz2ckz3PMXRD_Cp4AaABAg,,False,@mota_hantr,Love blackpink,0,2022-12-26T16:24:42Z,2022-12-26T16:24:42Z
UgyUeGaB1n5ixpHeqzZ4AaABAg,,False,@My.world_official44,우리는 바쿠를 기다리고 있습니다. 나는 BLACKPINK를 사랑합니다. 😍 ⬛🎀,1,2022-12-26T16:14:55Z,2022-12-26T16:14:55Z
Ugw8U1Itknz5GR-OclF4AaABAg,,False,@My.world_official44,We are waiting for Baku 😍 I LOVE BLACKPİNK ⬛🎀,1,2022-12-26T16:13:47Z,2022-12-26T16:13:47Z
UgwF565YnB6uq-sFH8d4AaABAg,,False,@zeyneparslan6545,Mükembel😍😍😍😍,0,2022-12-26T16:11:35Z,2022-12-26T16:11:35Z
UgyGrDOXGtNM1PGADj54AaABAg,,False,@kafadinlemekisteyenbiri,TURKEY??,1,2022-12-26T16:01:40Z,2022-12-26T16:01:40Z
Ugw_lzW4yel2ua4t92B4AaABAg,,False,@abhishaurya2184,They are queens of K-pop and I love them so much  ❤,0,2022-12-26T15:59:12Z,2022-12-26T15:59:12Z
UgxB-eKZjlUw-V4YqvR4AaABAg,,False,@noone26367,I was just in a store and saw black pink merch I had to buy some now I’m officially broke and did not get the thing I was supposed to get ✨,0,2022-12-26T15:48:07Z,2022-12-26T15:48:07Z
UgxlpxT8Kt0INIwYLAF4AaABAg,,False,@_foreverblink_,🖤💗,1,2022-12-26T15:42:05Z,2022-12-26T15:42:05Z
Ugzuz8UgIB_AaubCWON4AaABAg,,False,@jsweat_matters2360,You,0,2022-12-26T15:31:09Z,2022-12-26T15:31:09Z
Ugy6z_3hUq_um54iES54AaABAg,,False,@jsweat_matters2360,Lisa I'm a big fan of you you and your friend come on my 11th 12th birthday,0,2022-12-26T15:30:09Z,2022-12-26T15:30:09Z
Ugwg-G8ZPu0vT921-IF4AaABAg,,False,@lucianajaime6174,Blakpink in you área love 💟💖💖💘💘💌,1,2022-12-26T15:24:38Z,2022-12-26T15:24:38Z
Ugy55raxtQDk5y5WJ2B4AaABAg,,False,@Emilia.398,Un concierto en Latinoamérica plissss,1,2022-12-26T15:08:21Z,2022-12-26T15:08:21Z
UgwfBOX4ajIJi18SQ0R4AaABAg,,False,@arenates1887,Türkiye sizi seviyor Blackpink,1,2022-12-26T14:59:43Z,2022-12-26T14:59:43Z
UgxdGsn6v6MM93q27KB4AaABAg,,False,@KimJensoo_channel1995,Please please please please please please please please please please please please please please please please please please please please please please please Armenia 🇦🇲  please please please please please please please please please please please please please please please please please please please,1,2022-12-26T14:49:36Z,2022-12-26T14:49:36Z
Ugxi1uybVsqW-pEazhJ4AaABAg,,False,@Olivia_loves-avocado,I love you BLACKPINK I want to go see you,0,2022-12-26T14:48:16Z,2022-12-26T14:48:16Z
Ugw5OR4qi3srZU_RN7F4AaABAg,,False,@Kpop__784,언젠가 그들이 스위스에 올 것이라는 것입니다❤️❤️,0,2022-12-26T14:42:40Z,2022-12-26T14:42:40Z
UgyFisxSztLnWHRVPhx4AaABAg,,False,@arnaldo3136,Fazer aqui no Brasil show não o black black pink,0,2022-12-26T14:32:26Z,2022-12-26T14:32:26Z
Ugwk2kOCK708-xHuLWt4AaABAg,,False,@jamesserra7192,Merry Christmas blackpink,0,2022-12-26T14:25:53Z,2022-12-26T14:25:53Z
Ugz-ENMnpvIWqzzP5dB4AaABAg,,False,@jamesserra7192,"I love you blackpink 
I l 😘 ve you rosé 
I l 💙 ve you Lisa
I l 💕 ve you Jennie 
I l 💟 ve you jisoo",0,2022-12-26T14:25:34Z,2022-12-26T14:25:34Z
Ugz9HVH63OyHmVRa86p4AaABAg,,False,@Ceciliaviviani,안녕 블랙핑크 여자들은 괜찮아? 그들은 브라질에 올 수 있습니까????? 여기있는 모두가 여자를 사랑합니다 그것은 모두의 꿈이 될 것입니다!! 이리 오세요!.,0,2022-12-26T14:24:21Z,2022-12-26T14:24:21Z
UgzHS2wJr1_MhvMuzpd4AaABAg,,False,@day-sv6bb,"thank you so much, blackpink! ❤",0,2022-12-26T14:22:57Z,2022-12-26T14:22:57Z
UgzRUiI1ow0eAgIeG1x4AaABAg,,False,@ela_ugurlu123,I LOVE YO BLACKPİNK 😇😍😍😍😍,0,2022-12-26T14:19:30Z,2022-12-26T14:19:30Z
UgyQV68hv42XYNjSrrh4AaABAg,,False,@Shu.jin.,Bro why not Heilbronn 😭,0,2022-12-26T14:07:13Z,2022-12-26T14:07:13Z
UgxFAe_kRwNafsacbXh4AaABAg,,False,@elenanikqi1519,❤️,0,2022-12-26T14:04:31Z,2022-12-26T14:04:31Z
UgzWrdjT3ziqw7W0RNB4AaABAg,,False,@Blink_Yami,💖,0,2022-12-26T13:57:52Z,2022-12-26T13:57:52Z
UgwiZQ75oN6C9uBY9Hl4AaABAg,,False,@armyy2,BLACKPINK in your area🖤💓,4,2022-12-26T13:51:20Z,2022-12-26T13:51:20Z
Ugwoefl8MO6f60uMUHd4AaABAg,,False,@Ari_1812,Me encantaría haber Estado allí  😭😖😭,0,2022-12-26T13:50:25Z,2022-12-26T13:50:25Z
Ugzx9Mp3R4m-sEvYhdF4AaABAg,,False,@grethe_vst,Love you blackpink ❤❤❤❤,0,2022-12-26T13:48:40Z,2022-12-26T13:48:40Z
UgxEHPvu1Bf6DffsWYV4AaABAg,,False,@pawankurdi8485,Ilove rose❤,0,2022-12-26T13:47:32Z,2022-12-26T13:47:32Z
UgzAi38gA6azL0YMKUJ4AaABAg,,False,@noblechyrmang4956,I love you blackpink 💓 😘😘,0,2022-12-26T13:39:31Z,2022-12-26T13:39:31Z
UgzAKkGfyNvP2sI5WIZ4AaABAg,,False,@yuhyouheardme,Ngl on the second day 20.12 Jennie really gave us nothing,0,2022-12-26T13:36:25Z,2022-12-26T13:36:25Z
UgyQkF_9KrGjPrFyfUt4AaABAg,,False,@KimJensoo_channel1995,Please Armenia 🇦🇲,0,2022-12-26T13:34:47Z,2022-12-26T13:34:47Z
Ugw9vWo_J6HoTkriAkN4AaABAg,,False,@doriselle_2011,can you please come in Vienna too,0,2022-12-26T13:33:44Z,2022-12-26T13:33:44Z
UgzcbXYpPF702pdJ2eV4AaABAg,,False,@Twice_my_life,pls turkey,1,2022-12-26T13:25:31Z,2022-12-26T13:25:31Z
Ugx1FL8D-hbnYduzqEl4AaABAg,,False,@railway7499,Nice 😘😍😘😍😘😍😘😍😘😍😘😍😘😍😘😍😘😘😍😍😘😘😍,0,2022-12-26T12:48:44Z,2022-12-26T12:48:44Z
UgxwnWem7YSusFEUKhF4AaABAg,,False,@lisawq_04,İ love youuu BP💗🖤,0,2022-12-26T12:46:00Z,2022-12-26T12:46:00Z
UgzvNb3MCKGpYdE886h4AaABAg,,False,@mukki866,Can you go now to the Poland plis,0,2022-12-26T12:33:27Z,2022-12-26T12:33:27Z
UgwWiKgfRbXAOEgl3EJ4AaABAg,,False,@Meriem.matallah0,I love blackpink💓💓🥰,1,2022-12-26T12:26:02Z,2022-12-26T12:26:02Z
UgxBBfRo903a6q-vqm54AaABAg,,False,@gopalbaghel5399,"I love you Lisa please call me please
My name is Kanika 😺",0,2022-12-26T12:15:58Z,2022-12-26T12:15:58Z
UgwoOOA6VNjEByiktux4AaABAg,,False,@Vanessa0551,PLS come teoki,0,2022-12-26T12:08:57Z,2022-12-26T12:08:57Z
UgyWrjIfueJl22LaGQ94AaABAg,,False,@Vanessa0551,Pls comeTÜRKİYE,1,2022-12-26T12:08:22Z,2022-12-26T12:08:22Z
Ugy9NQInLt27u-GQhU94AaABAg,,False,@Vanessa0551,Pls come TÜRKİYE,1,2022-12-26T12:06:51Z,2022-12-26T12:06:51Z
UgyYX137O5EofQzXMJJ4AaABAg,,False,@Vanessa0551,Pls come TÜRKİYE,1,2022-12-26T12:06:32Z,2022-12-26T12:06:32Z
UgzY80exuqS_5kPhjQl4AaABAg,,False,@Nisqw1-w9c,"PLEAS TURKEY BLACKPİNK🖤💗
1.JENNİE
2.LİSA
3.ROSE
4.JİSOO",1,2022-12-26T11:56:53Z,2022-12-26T11:56:53Z
UgyQhTQ5cLm6vg737vl4AaABAg,,False,@shazeensk3416,Black pink u  know one thing dec 21 is my birthday 🎉🎈 plssssßssssssssssssssss  wish me belate birthday 🎂,0,2022-12-26T11:53:25Z,2022-12-26T11:53:25Z
Ugw3UzoEYdtklqrpUbZ4AaABAg,,False,@ashajain976,"Black pink 💗💗💗
Sarangarh😊😊",0,2022-12-26T11:43:38Z,2022-12-26T11:43:38Z
UgyXD3qKlOCSaoXqnV54AaABAg,,False,@samirzamanov2246,You are sooo pretty girls❤,1,2022-12-26T11:42:17Z,2022-12-26T11:42:17Z
Ugya1y3k8m1M0Noc3CF4AaABAg,,False,@thv6710,🔥,0,2022-12-26T11:30:55Z,2022-12-26T11:30:55Z
UgxSpJVjCg3A_G2dQiN4AaABAg,,False,@just.hate._.1726,🤩🤩🤩🤩🤩😚🤩🤩🤗🤗🤗🤗🥰🥰🥰🥰🥰🥰🥰🥰🤩🥰🥰🤩😍😘😍😘😍☺️😚😚☺️☺️😋😊😊😋🤗🤗🤗LOVE you BLACK PINK,0,2022-12-26T11:25:03Z,2022-12-26T11:25:03Z
UgxLkTh2db8XkdB02ft4AaABAg,,False,@Jenn_idolum,blackpink in your area,0,2022-12-26T11:23:01Z,2022-12-26T11:23:01Z
UgxXfV0ssXsvWxGF_u94AaABAg,,False,@Kpop55555,"L love you Blackpink💗🖤
L love you Kim Jennie💗🖤
L love you Kim Jisoo💗🖤
L love you Park Chaeyoung💗🖤
L love you Lalisa Manobal💗🖤
L love you Girls💗🖤
L love you Jensoo💗🖤
L love you Chaelisa💗🖤
L love you Jenlisa💗🖤
L love you Chaesoo💗🖤
L love you Lisoo💗🖤
L love Chaennie💗🖤
L love you Jen💗🖤
L love you Soya💗🖤
L love you Rose💗🖤
L love you Lisa💗🖤",0,2022-12-26T11:04:56Z,2022-12-26T11:04:56Z
UgxG_AmvHYplXeYUPNl4AaABAg,,False,@Jiccua_bestjisoolover,BLACKPİNK💗🖤,0,2022-12-26T10:32:40Z,2022-12-26T10:32:40Z
Ugz4iL8PdeoawrbFa9l4AaABAg,,False,@zoyoskz69,Black pink😭😭💞💞,1,2022-12-26T09:23:38Z,2022-12-26T09:23:38Z
Ugwxyr5CWvj-F5V0sFp4AaABAg,,False,@jasubhandari2384,Where you see king is me because I am not empty I am your heart,0,2022-12-26T09:02:56Z,2022-12-26T09:02:56Z
Ugzc8u-Mwdf9bSRJKNF4AaABAg,,False,@jasubhandari2384,I am your aatend in 1 year ago 2024,0,2022-12-26T09:00:54Z,2022-12-26T09:00:54Z
UgzrEi649LoJnYT0L0F4AaABAg,,False,@jasubhandari2384,I am in 🇮🇳 india where you seeking is me because I am not attempt  I am your heart,0,2022-12-26T08:59:41Z,2022-12-26T08:59:41Z
UgwoBZMhRmuLP8YMpuh4AaABAg,,False,@homayunkabir1018,"l miss for blackpink and rose lisa jisoo
jennie",0,2022-12-26T08:33:14Z,2022-12-26T08:33:14Z
UgwTSZ-7mr1b1Wg5ge14AaABAg,,False,@vijaydevan.rishedev.k.v965,Fantastic 4... . Black pink.. .....,0,2022-12-26T08:20:09Z,2022-12-26T08:20:09Z
UgwGOVibsjsvOr_PoX94AaABAg,,False,@Musiclover_l0-N,This is why I love backpink 🖤💗because they are doing anything to make their fans (blinks) happy ❤❤❤❤❤,0,2022-12-26T07:56:19Z,2022-12-26T07:56:19Z
Ugy6L7ag_Uxz-wlhOTN4AaABAg,,False,@do_yerin,"It is one of the best memories of my life. Thank you so much BLACKPINK to have an opportinity to meet you, I love you so much ❤️❤️❤️❤️❤️",10,2022-12-26T07:55:55Z,2022-12-26T07:55:55Z
UgxFGguK-wbVDV4tL-h4AaABAg,,False,@_blinks_rolijeji_h_1073,Blackpink ın your area,1,2022-12-26T07:45:09Z,2022-12-26T07:45:09Z
Ugx-t3e9wgtCDNMHtad4AaABAg,,False,@Evgenia147,I love Black Pink ❤️❤️❤️,0,2022-12-26T07:37:21Z,2022-12-26T07:37:21Z
Ugxw5A1SdESKk3_lC6Z4AaABAg,,False,@Ecques,Blackpink ı love you,0,2022-12-26T07:16:26Z,2022-12-26T07:16:26Z
UgyGfnD0SkVnBcKhgYl4AaABAg,,False,@DevendraSingh-wz6qj,I  love  u  Lisa 💓💕💖💗💙💚❤💜🧡💛💖💕💜🧡💛❤💞,0,2022-12-26T06:50:47Z,2022-12-26T06:50:47Z
Ugy-Nci6sCxt63tPJAJ4AaABAg,,False,@Calcifer963,BLACKPINK 🖤💖,0,2022-12-26T06:14:09Z,2022-12-26T06:14:09Z
UgxaISUZ6qyeRRymeCh4AaABAg,,False,@closed3000,tanked,1,2022-12-26T06:06:29Z,2022-12-26T06:06:29Z
Ugw98F5nWaayFLzcLXB4AaABAg,,False,@princesskat6621,🖤💗,0,2022-12-26T05:20:45Z,2022-12-26T05:20:45Z
UgwSB2cq_HWdwqmALiV4AaABAg,,False,@natasya2419,keep up the spirit 🤗🤗,0,2022-12-26T05:18:29Z,2022-12-26T05:18:29Z
UgzYANhWW1EiIAGiSmt4AaABAg,,False,@vandanamishra3382,Black pink,0,2022-12-26T05:01:22Z,2022-12-26T05:01:22Z
UgyiZA4dUcuTvI0Tf_94AaABAg,,False,@vandanamishra3382,Black pink🖤BLΛƆKPIИK💗 and black pink🖤BLΛƆKPIИK💗 lalisa nini chu ahhh park chaeyoung 🥰😍😘🐰🐻🐣🐼❤❤🤍🤍🤍❤❤❤,2,2022-12-26T05:01:13Z,2022-12-26T05:01:13Z
UgxbPU3s9tXgx64_Vpx4AaABAg,,False,@vamikatandon9176,Wow!! What an energy vibes .. Love you Black pink....,0,2022-12-26T04:36:07Z,2022-12-26T04:36:07Z
Ugw_V9AhPonoOc7EI794AaABAg,,False,@mini_04,blackpink 💖💗,0,2022-12-26T04:01:27Z,2022-12-26T04:01:27Z
UgwK2t_1l2RCG15OkYB4AaABAg,,False,@estefanyyaninsantillan-lop821,I love them so much 😍💗,0,2022-12-26T03:52:29Z,2022-12-26T03:52:29Z
UgzofSIsUwC6mh38LKJ4AaABAg,,False,@jasubhandari2384,Jennie you come 🇮🇳🇮🇳 india plz plz Jennie you are my life my bais in blackpink group plz Jennie come to India  to concert,0,2022-12-26T03:00:05Z,2022-12-26T03:00:05Z
UgxfQJ2kZAruhTiJsg14AaABAg,,False,@pokemonedits5953,I love lisa ❤️❤️❤️❤️,0,2022-12-26T02:50:07Z,2022-12-26T02:50:07Z
Ugx4aaBDQbjgGMunqpl4AaABAg,,False,@manueldante1724,"Wendy que monito 😊😊🤗😇
Meguta  me gusta la fiesta",1,2022-12-26T02:43:18Z,2022-12-26T02:43:18Z
Ugxu8uRW9dsJdPc_A7J4AaABAg,,False,@Rahim_9x-b5q,Ha ha🤣🤣😂😂😂🤣🤣😂😂🤣😁😂🤣,0,2022-12-26T02:39:37Z,2022-12-26T02:39:37Z
Ugyiy0HHGW2sBTCrtf54AaABAg,,False,@hani_tlz,"Kemaren saya mimpi ketemu sama Jennie.. OMG seneng bgt, Jennie yang ke rumah saya, you are so kind..
Hahaha, namanya juga mimpi 😆",0,2022-12-26T02:31:30Z,2022-12-26T02:31:30Z
UgxwrwYijxU99qFWUUJ4AaABAg,,False,@HAEIOULA,Amo,0,2022-12-26T01:57:49Z,2022-12-26T01:57:49Z
Ugxjchdy0C7fopif70p4AaABAg,,False,@Starry-games,BLACKPINK IN YA AREA,0,2022-12-26T01:16:49Z,2022-12-26T01:16:49Z
UgwRqy75cPy1v0GJdS14AaABAg,,False,@Dudah__07,So when are you going to come to Brazil?,0,2022-12-26T00:32:29Z,2022-12-26T00:32:29Z
Ugw3G3i-229RD8TbxhJ4AaABAg,,False,@Asel_kedy,Sabit? 🖤💗🖤💗,1,2022-12-26T00:26:43Z,2022-12-26T00:26:43Z
UgyzWFDRAkjlT9WvoMB4AaABAg,,False,@mtmt100100,אני חולה עלהם,0,2022-12-25T22:21:33Z,2022-12-25T22:21:33Z
Ugy2Jp8g-MbXi4-xILF4AaABAg,,False,@ivy_st4rr,OMG BLACKPINK FOREVER.❤️❤️❤️💕💕💕🤟🏻🤟🏻🤟🏻🤟🏻🤟🏻💖💖💖🌷🌷🌷🌺🌺,0,2022-12-25T21:45:00Z,2022-12-25T21:45:00Z
UgwOfmolWMeoKXGMy-N4AaABAg,,False,@ZeoyZoe34810,What about we?🥺🇹🇷🇦🇿,0,2022-12-25T21:19:07Z,2022-12-25T21:19:07Z
UgyYx5HTISKDVePH6eV4AaABAg,,False,@funnybunnygift,Мои любимые🖤💗,1,2022-12-25T20:29:09Z,2022-12-25T20:29:09Z
UgxzQVYNNi30ONRRAPF4AaABAg,,False,@Rubyssxw,Blackpink 💞💞💞💗🖤,0,2022-12-25T20:17:32Z,2022-12-25T20:17:32Z
UgyaHjZWRWe-VB7xT7p4AaABAg,,False,@Minhokalpbenn,블랙핑크 안녕 아제르바이잔 10번째 마을 빌레수바르로 오세요,0,2022-12-25T19:56:10Z,2022-12-25T19:56:10Z
Ugy93nZ8UID1kxiRKJt4AaABAg,,False,@BP._.121,I love you,0,2022-12-25T19:53:41Z,2022-12-25T19:53:41Z
UgzRRNwauPGTsB6k5Cd4AaABAg,,False,@sundos7871,هلوو,0,2022-12-25T19:43:01Z,2022-12-25T19:43:01Z
UgylD4l-9dqBLqiDM5R4AaABAg,,False,@YunaXkpop7272,Bna 2gun oncesini mi atiyosunuz.....❤️,0,2022-12-25T19:37:27Z,2022-12-25T19:37:27Z
UgytH58aKXcV0mcf-bB4AaABAg,,False,@angeliqueroblero4180,Me gustaría ir algún día al concierto de las Blakpink pero no puedo porque estoy muy pequeña 😭😭😭😭😭,0,2022-12-25T19:30:09Z,2022-12-25T19:30:09Z
Ugx-MehxYKezNU1zfbh4AaABAg,,False,@nereamarbe8632,🖤💗 we LOVE BLACKPINK 🖤💗,0,2022-12-25T19:19:28Z,2022-12-25T19:19:28Z
UgyQJ5KmIkNE6P7aUPN4AaABAg,,False,@serdaralibostanc9602,konser,1,2022-12-25T19:15:29Z,2022-12-25T19:15:29Z
Ugy2K770YYmoJ7mh4kd4AaABAg,,False,@serdaralibostanc9602,Turkey,2,2022-12-25T19:12:44Z,2022-12-25T19:12:44Z
UgxG6LQbF6zy2fps3bt4AaABAg,,False,@belenhernandez7440,"Black pink para siempre mis diosas, como las amoooo<33

Mi Jenniee <33
Mi rose <33
Jisso <33
Mi lisa<33

 Las amooo sigan haciiii 

✾⚅✼⚄✼⚃✼⚂✼⚁✼⚀✾
┊    ┊    ┊    ┊    ┊    ┊
┊    ┊    ┊    ┊    ┊    🎀
┊    ┊    ┊    ┊    ❤️    
┊    ┊    ┊   💛    K
┊    ┊   💚    N
┊   💙   I
🖤   L
 B
✼⚀✾⚁✾⚂✾⚃✾⚄✾⚅✼",1,2022-12-25T19:09:38Z,2022-12-25T19:09:38Z
UgzeSwBUkIWDQebtsW14AaABAg,,False,@Abeer..7190,What is the name of the song😢؟,0,2022-12-25T18:57:44Z,2022-12-25T18:57:44Z
UgzeSwBUkIWDQebtsW14AaABAg.9k40qRmop8i9k42fwoGPGI,UgzeSwBUkIWDQebtsW14AaABAg,True,@Abeer..7190,Thanks😙,0,2022-12-25T19:13:47Z,2022-12-25T19:13:47Z
Ugwc3_vzCwYfOJoxSSV4AaABAg,,False,@Ataturkcuyuzcoksukur,I went a day 2 its so beatiful!!,1,2022-12-25T18:43:52Z,2022-12-25T18:43:52Z
UgzFacZu364qtYbCM154AaABAg,,False,@cookiesnake6078,WAAAAW,1,2022-12-25T18:42:05Z,2022-12-25T18:42:05Z
UgwtipBa1DrlWUfF8Jd4AaABAg,,False,@ecrinakn2827,Biz anca shorts dan izleriz,0,2022-12-25T18:40:53Z,2022-12-25T18:40:53Z
Ugzt6Uht_uTY_kLKyL14AaABAg,,False,@ΓιαννηςΧατζογλου,Bpackpino in your areaaaaa yeaaaaaaa,0,2022-12-25T18:28:52Z,2022-12-25T18:28:52Z
Ugzw6fZRorakiXN0xAN4AaABAg,,False,@karlaandrade8582,Com tu ecuador,0,2022-12-25T18:03:03Z,2022-12-25T18:03:03Z
UgyMG80zVKVG0ZOeCPV4AaABAg,,False,@erdempuskullu3088,🖤Blackpink 💗,0,2022-12-25T17:52:29Z,2022-12-25T17:52:29Z
UgzEfEJPmfGWr23DDRV4AaABAg,,False,@havvameralyilmaz528,I love blacpink,1,2022-12-25T17:23:00Z,2022-12-25T17:23:00Z
UgzXwRBejww_LNJtnYR4AaABAg,,False,@havvameralyilmaz528,Very cool,1,2022-12-25T17:22:39Z,2022-12-25T17:22:39Z
Ugxl8-kVqXZ-dv9iy6h4AaABAg,,False,@havvameralyilmaz528,I love you blackpink,0,2022-12-25T17:22:27Z,2022-12-25T17:22:27Z
UgxLJeDUCdk-5D_f6St4AaABAg,,False,@ledadossantospantoja3519,아름답고 훌륭하고 강력합니다 사랑합니다 💗🖤 🥺,17,2022-12-25T17:00:00Z,2022-12-25T17:00:00Z
UgyoB2bVoNu2Fh5OErt4AaABAg,,False,@bhflights,Blackpink Forever,0,2022-12-25T16:57:15Z,2022-12-25T16:57:15Z
Ugwj8-OJCXgBTU683mF4AaABAg,,False,@jg-hq1jj,بًلَآك بيك اللابد,0,2022-12-25T16:52:54Z,2022-12-25T16:52:54Z
UgwpW8I5vp3El3kA0St4AaABAg,,False,@FarzanaS_corrner,Blackpink is best and forever,0,2022-12-25T16:46:51Z,2022-12-25T16:46:51Z
UgzmLvT-rEDoOyPEsqd4AaABAg,,False,@FarzanaS_corrner,So pretty,0,2022-12-25T16:46:24Z,2022-12-25T16:46:24Z
Ugx2meo9l_CFPQ6bX6p4AaABAg,,False,@FarzanaS_corrner,Aaaaa my babys,0,2022-12-25T16:46:07Z,2022-12-25T16:46:07Z
UgxBWCBQWD_E5UG6za14AaABAg,,False,@carmencurut1452,BLACKPINK 4ever,0,2022-12-25T16:45:26Z,2023-01-24T19:05:56Z
Ugx8TcD796F0aqu-rCR4AaABAg,,False,@under_the_moon3590,I love blackpink ❤❤❤❤❤❤,0,2022-12-25T16:40:18Z,2022-12-25T16:40:18Z
Ugx8VuBzS-oJeLKpC-J4AaABAg,,False,@Mundo_kpop-c,I love u Black pink,0,2022-12-25T16:38:39Z,2022-12-25T16:38:39Z
Ugy9OGvUULZpSQJX1tJ4AaABAg,,False,@theroserosie,Merry Christmas ⛄🎄,0,2022-12-25T16:22:39Z,2022-12-25T16:22:39Z
Ugz5jpi1LoaVL8kbuFl4AaABAg,,False,@Mawj-d5k,"بلاك بينك ممكن تردوا 
Blackpink can you reply 
블랙핑크 답장해줄래",1,2022-12-25T15:55:32Z,2022-12-25T15:55:32Z
UgyadlGft4zXRhvG2q54AaABAg,,False,@cusrosie_rose,블랙핑크 터키에서 콘서트를 할 건가요?,1,2022-12-25T15:39:41Z,2022-12-25T15:39:41Z
Ugxw4PlaoZsfi97mg054AaABAg,,False,@lily_sana3628,East. Or west. Black pink. Is. Best,1,2022-12-25T15:37:32Z,2022-12-25T15:37:32Z
UgwQGBxaPWpmDT4eTw14AaABAg,,False,@Wajiha___official,Why don't blackpink come to BANGLADESH 🇧🇩why😭😭😭😭😭😭😭😭😭😭😭😭😭😭😭😭😭😭😭😭😭😭😭why😭😭😭😭😭😭😭😭😭😭😭😭😭😭😭😭🖤💗,0,2022-12-25T15:35:54Z,2022-12-25T15:35:54Z
UgxDy1UMaE01bkZL0VR4AaABAg,,False,@ferdawsbarakzai9707,"BLACKPINK 🖤💖
LISA💘💘💘
ROSÉ💖💖💖
JISOO ❤️‍🔥❤️‍🔥❤️‍🔥
JENNIE ❤❤❤",1,2022-12-25T15:21:59Z,2022-12-25T15:21:59Z
UgxIxYXOHAM6G62Wz554AaABAg,,False,@Lawis_ley,터키로 와주세요,2,2022-12-25T15:15:08Z,2022-12-25T15:15:08Z
Ugxyj0P3QmGRtxJQRWJ4AaABAg,,False,@cherry_sooyaa7,BLINK FOREVER❤️❤️💗💗,0,2022-12-25T14:53:10Z,2022-12-25T14:53:10Z
UgxUU1SJ_kkZyXO3cuV4AaABAg,,False,@o6.ass3l,"BLACK PİNK İN YOUR AREA❤️
EH, OH❤️‍🔥
BLACK PİNK İN YOUR AREA ❤️
EH, OH❤️‍🔥",0,2022-12-25T14:52:30Z,2022-12-25T14:52:30Z
UgwpF9I9U-TRhFmbX_14AaABAg,,False,@natix4790,I love you blackpink 💖 it's a pity that there are no concerts in Poland 😭,53,2022-12-25T14:30:34Z,2022-12-25T14:30:40Z
UgwpF9I9U-TRhFmbX_14AaABAg.9k3YGeT7GVp9ruSZSEVMA-,UgwpF9I9U-TRhFmbX_14AaABAg,True,@anacaroline3119,E no Brasil...... 🖤BLΛƆKPIИK💗 I LOVEEEEEEEE YOUUUUUUUUUU,0,2023-07-08T12:39:27Z,2023-07-08T12:39:27Z
UgwpF9I9U-TRhFmbX_14AaABAg.9k3YGeT7GVp9sdXwDNzlr1,UgwpF9I9U-TRhFmbX_14AaABAg,True,@SAMAD_FF_YT731,I love black pink,0,2023-07-26T19:30:43Z,2023-07-26T19:30:41Z
UgwpF9I9U-TRhFmbX_14AaABAg.9k3YGeT7GVpA6RblEclc3x,UgwpF9I9U-TRhFmbX_14AaABAg,True,@Wera_321,Szkoda że nie ma w Polsce,1,2024-07-28T14:53:41Z,2024-07-28T14:53:41Z
Ugwd0cZgUf64_5dmtX14AaABAg,,False,@yaseminozbek2847,Yaaaaaa keşke Türkiyeyede gelsenizzzzz,1,2022-12-25T14:28:49Z,2022-12-25T14:28:49Z
Ugxh3Uwc21SP0asnPMp4AaABAg,,False,@Jenniexsfoxs17,Abla abonelerin hakkında Vidi yapsana pls💓💓💓💓💓🤩🤩🤩lutf,1,2022-12-25T14:10:01Z,2022-12-25T14:10:01Z
UgxKrT6nU4AzNr7bR1V4AaABAg,,False,@URMOM-gy7jt,Check out my edits if u are a anime fan,0,2022-12-25T14:09:52Z,2022-12-25T14:09:52Z
Ugx_OwIQG1F3hCRE5794AaABAg,,False,@Ahyeonluvi,Please come to Turkey🥺❤️🇹🇷,1,2022-12-25T14:06:06Z,2022-12-25T14:06:33Z
Ugy9vYEO6IMa-8qRDsl4AaABAg,,False,@Ahyeonluvi,BLACKPİNK❤️❤️,0,2022-12-25T14:05:48Z,2022-12-25T14:05:48Z
Ugx5kVxot-wqOfuEvMB4AaABAg,,False,@entelaxhepa9127,What blachpink was in Germany i am in germany nooooo,0,2022-12-25T14:03:11Z,2022-12-25T14:03:11Z
UgxukedTWBX5vaOYDep4AaABAg,,False,@redaben9407,"Woo ilove you Lisa jennie jisoo rosé❤🌹❤
Ilove you❤
 Ilove you❤
  Ilove you  ❤
   Ilove you ❤
    Ilove you ❤
     Ilove you ❤
      Ilove you ❤
       Ilove you ❤
      Ilove you ❤
     Ilove you ❤
    Ilove you ❤
   Ilove you ❤
  Ilove you ❤
 I love you ❤

















































Ilove you ❤ilove you ❤ilove you ❤ilove you ❤ilove you ❤ilove you ❤ilove you ❤ilove you 

←❤→",0,2022-12-25T14:01:09Z,2022-12-25T14:01:09Z
UgwEIGFXeVmreUwr6CJ4AaABAg,,False,@Just_Elisa,❤❤❤❤❤❤❤❤❤❤❤ bp ı love bp  lalisa - m 🎉,0,2022-12-25T13:58:42Z,2022-12-25T13:58:42Z
UgxsTt2OXnT-PIr-CZZ4AaABAg,,False,@Just_Elisa,I cant come but ı love you❤,0,2022-12-25T13:56:51Z,2022-12-25T13:56:51Z
Ugy5IMeZZel45StE8cp4AaABAg,,False,@chelisa_crazyoveryoy,Come to İstanbul pleaseeeee,1,2022-12-25T13:55:35Z,2022-12-25T13:55:35Z
UgwJIIt4ZMSuqxTh84N4AaABAg,,False,@Zeliss_z,Blacpink nolur Türkiye ye gel,1,2022-12-25T13:52:32Z,2022-12-25T13:52:32Z
UgyZ1xDFAXm5chsF2DF4AaABAg,,False,@jendokuee,블랙핑크 터키로 와주세요. 나는 당신을 기다리고 있을 것입니다. 저에게 안장을 얹으시면 다른 터키 깜박이가 매우 기뻐할 것입니다. 사랑해요 이 댓글 꼭 보셨으면 좋겠어요 💗,0,2022-12-25T13:38:58Z,2022-12-25T13:38:58Z
Ugx6CILB6aHh1FsGXoh4AaABAg,,False,@lathikasasankan2987,Omg rose you are the best forever,0,2022-12-25T13:36:24Z,2022-12-25T13:36:24Z
UgwmPZ-tstdc14vMM2d4AaABAg,,False,@ranimranim3930,💗😔,0,2022-12-25T12:57:06Z,2022-12-25T12:57:06Z
UgzK3ObY5VcULUSw1Zx4AaABAg,,False,@yusufaygun528,터키 앙카라로 오세요,1,2022-12-25T12:54:50Z,2022-12-25T12:54:50Z
UgwFsznccQIvHiyJo9p4AaABAg,,False,@yu_0118,- ̗̀ 🤍🎄𝑀𝑒𝑟𝑟𝑦 𝐶ℎ𝑟𝑖𝑠𝑡𝑚𝑎𝑠🎄🤍  ̖́-,0,2022-12-25T12:40:42Z,2022-12-25T12:40:42Z
UgyPrV2TgRyp1Is7fCR4AaABAg,,False,@Soyeonhayatimm,"Yeoleum- e teokie  oseyo
🙏🙏🙏🙏🙏🙏🙏🙏",0,2022-12-25T12:38:55Z,2022-12-25T12:38:55Z
UgwcvMI4TljEbeHn8V54AaABAg,,False,@happyjisoo6878,Jisoo is my love. 💗💖,9,2022-12-25T12:38:32Z,2022-12-25T12:38:32Z
UgwcvMI4TljEbeHn8V54AaABAg.9k3LS7AZ5Rt9sWyjh7-fcl,UgwcvMI4TljEbeHn8V54AaABAg,True,@Siham-i9h,Too,0,2023-07-23T20:59:44Z,2023-07-23T20:59:44Z
UgwTLGTPQSk83XVIGZp4AaABAg,,False,@Bli4everr,Wow pin me plss,0,2022-12-25T12:38:23Z,2022-12-25T12:38:23Z
Ugyw6BFOVmf07Bb9UkZ4AaABAg,,False,@thv-1995.,The Four Wonderful This tour any country 💀❓,1,2022-12-25T12:37:28Z,2022-12-25T12:37:28Z
UgyY0NQRoPXNXPpEUMJ4AaABAg,,False,@eliviacapel3491,Love you BLACKPINK,0,2022-12-25T12:31:56Z,2022-12-25T12:31:56Z
Ugy08Eb_wl_7oTJYi1V4AaABAg,,False,@naabbi3319,BLACKPINK FOREVER❤️❤️❤️,0,2022-12-25T12:17:36Z,2022-12-25T12:17:36Z
UgwGbREsG5e09bSglFt4AaABAg,,False,@racheldefrance3404,Hallo ich bin blackpink Auf wiedersen 👍🏻👍🏻😁,1,2022-12-25T12:13:42Z,2022-12-25T12:13:42Z
UgwGbREsG5e09bSglFt4AaABAg.9k3IbB_KNLC9nvEQDXM2-x,UgwGbREsG5e09bSglFt4AaABAg,True,@_bangchanx,Jisoo,0,2023-03-31T09:49:31Z,2023-03-31T09:49:31Z
Ugz_3TI9yugqsk8jXpx4AaABAg,,False,@arshveersingh1561,Blackpink forever,0,2022-12-25T12:06:49Z,2022-12-25T12:06:49Z
UgwOzCu6zwEY4cVf8aB4AaABAg,,False,@thimy5434,♥♥♥♥,0,2022-12-25T11:50:07Z,2022-12-25T11:50:07Z
UgyanfCDkxb2V83SQWJ4AaABAg,,False,@Ryuluxry,Plsss come to  Turkey😢,1,2022-12-25T11:46:58Z,2022-12-25T11:47:06Z
UgxPBi3fLJseI9vtOcN4AaABAg,,False,@Ruby1nier_s,İm from turkish,1,2022-12-25T11:41:46Z,2022-12-25T11:41:46Z
UgxWyRUUeCGsIkn6pLp4AaABAg,,False,@BARK_DOAA,"I love you Black Pink, but I am noticing that Jennie is changing a lot, but I will love her and remain a fan of Black Pink for life. I love you Black Pink, Lisa, Rosie, Jisoo, Jennie, or forever 😁🍓",0,2022-12-25T11:27:50Z,2022-12-25T11:27:50Z
UgzG06_mGAreJaUjvIp4AaABAg,,False,@scorpionplays69,MERRY CHRISTMAS BLACKPINK,0,2022-12-25T11:02:51Z,2022-12-25T11:02:51Z
Ugwnk0sEljaXSjDFi714AaABAg,,False,@hamzahamzaad7153,"jennie ❌
Wednesday ✔
😢❤",1,2022-12-25T11:02:22Z,2022-12-25T11:02:22Z
Ugy3RYpDWI7S120CNnN4AaABAg,,False,@denizzeyn1309,Come to Azebajan please 🥺🇦🇿🇰🇷🇦🇿🇰🇷,0,2022-12-25T10:57:25Z,2022-12-25T10:57:25Z
UgzXUvcLWZY83ySzPe14AaABAg,,False,@ustapanda3007,Neden bu kadar mükemmelsiniz? 🥰🥰🥰🤙💅,2,2022-12-25T10:53:31Z,2022-12-25T10:53:31Z
UgxiCCmkLJttp0VlW194AaABAg,,False,@red_bull-l-yd1w,TYPA GİRLLL,0,2022-12-25T10:43:09Z,2022-12-25T10:43:09Z
UgyJsu5X0K-_aNmpZZd4AaABAg,,False,@Kpop_Kityler,Ağaağağ ❤❤❤,2,2022-12-25T10:40:14Z,2022-12-25T10:40:14Z
UgxWI9wP8-0k5E2r_CN4AaABAg,,False,@virginiestorms6568,Omg love you,0,2022-12-25T10:36:30Z,2022-12-25T10:36:30Z
Ugw_wGU5PSgpxHK23b14AaABAg,,False,@Nehir258-z4x,I love youuuuu,0,2022-12-25T10:33:38Z,2022-12-25T10:33:38Z
UgyUWLKX25JAmfdT7zx4AaABAg,,False,@Angel_Jenniewq,Türkiyeeeeeeeeee plss🇹🇷,1,2022-12-25T10:26:22Z,2022-12-25T10:26:22Z
UgzJ1woV3bDNJt2MVaF4AaABAg,,False,@indudasanayake2177,Love blackpink forever 🖤💖❤❤❤,1,2022-12-25T10:24:44Z,2022-12-25T10:24:44Z
UgxxGpzfThW_A12gKR54AaABAg,,False,@pinkdisaster868,Tek türk benmiyim burda?,2,2022-12-25T10:24:07Z,2022-12-25T10:24:07Z
UgyR4KIDFKKxh-zG3yt4AaABAg,,False,@dwi_ananda,BLACKPINK YOUR AREAAA YEAHHH!,0,2022-12-25T10:10:37Z,2022-12-25T10:10:37Z
UgwtQE8nLvXml5JXxH94AaABAg,,False,@yara-eu9jy,احبكممممممممممم مرهههههههههه,1,2022-12-25T10:03:27Z,2022-12-25T10:03:27Z
UgxrWF_9uE-zBRF7-d54AaABAg,,False,@Rose26893,BLACK  Pink,0,2022-12-25T10:03:20Z,2022-12-25T10:03:20Z
UgyljeIE54KHiZ-BuYR4AaABAg,,False,@Hayvan_sever_,Turky come pls,1,2022-12-25T09:29:51Z,2022-12-25T09:29:51Z
UgwD4v57E3Hlc9PrGa54AaABAg,,False,@x2385533,😢我沒看沒搶到票,0,2022-12-25T09:23:00Z,2022-12-25T09:23:00Z
UgzhALHORrodXsaOLQ54AaABAg,,False,@leyl792,black pink  forever 💯💯💗💗💗💗,0,2022-12-25T09:22:38Z,2022-12-25T09:22:38Z
UgyOQLJeTNPq0lDx2QB4AaABAg,,False,@manudhillon5411,i am in love,0,2022-12-25T09:10:40Z,2022-12-25T09:10:40Z
UgzPzzKIM_keiSOLNAR4AaABAg,,False,@Darkmoon06,🖤💗❤️‍🔥❤️‍🔥❤️‍🔥❤️‍🔥,0,2022-12-25T09:02:49Z,2022-12-25T09:02:49Z
Ugwq43d_9pSrL8wrjVp4AaABAg,,False,@b.t.sblackpink1340,Merry Christmas BLACKPINK BLINK Love you all 💜,0,2022-12-25T09:00:52Z,2022-12-25T09:00:52Z
Ugw30xabY1w7ldVNCOt4AaABAg,,False,@gulabsantape9247,A B C D E F G H I  LOVE YOU WILL  YOU MARRY MI 🥰❤❤,1,2022-12-25T08:55:19Z,2022-12-25T08:55:19Z
Ugzxm4XYHNeOXkjdYeJ4AaABAg,,False,@emilycladera9987,Blackpink 🔥🔥,0,2022-12-25T08:51:29Z,2022-12-25T08:51:29Z
UgznZNmG9Ove6IkbW8l4AaABAg,,False,@Nilalisa_offical,Please come Turkey,2,2022-12-25T08:50:22Z,2022-12-25T08:50:22Z
Ugymin7lWGgol8wwQHZ4AaABAg,,False,@birdurummuvar,PLEASE COME TO TURKEY,2,2022-12-25T08:39:20Z,2022-12-25T08:39:20Z
Ugz_sBc3r0a1DbdZxAB4AaABAg,,False,@zeynepkultas3439,❤I LOVE YOU BLACK PINK❤!,0,2022-12-25T08:36:16Z,2022-12-25T08:36:16Z
UgwIO-m8LYGVT9CDrpR4AaABAg,,False,@zeynepkultas3439,❤I love you Rose😘 I love you Lisa😘 I love you jisoo😘 I love you jennie😘❤,0,2022-12-25T08:35:01Z,2022-12-25T08:35:01Z
UgwEH5rrHfQ0UsYVWAZ4AaABAg,,False,@zeynepkultas3439,I love you BLACK PİNK:)😘,0,2022-12-25T08:33:02Z,2022-12-25T08:33:02Z
UgwMVJDKHfFPmFsOqbp4AaABAg,,False,@Yeji_Helpiez2013,"Hello, I am Irmak, I follow you fondly, would you come to Istanbul, Turkey, if I ask? 🥑",1,2022-12-25T08:32:52Z,2022-12-25T08:32:52Z
Ugyz6n7ZDAfKFLNxLvl4AaABAg,,False,@tae.benimdir_orjinal,Blackpink in your area,0,2022-12-25T08:21:17Z,2022-12-25T08:21:17Z
Ugy50PGOZdqWnxeZUqV4AaABAg,,False,@gatita2028,BLACKPINK PUEDES HACER UN CONCIERTO EN MEXICO PLISS LASSSS AMO MUCHÍSIMO,0,2022-12-25T08:19:54Z,2022-12-25T08:19:54Z
UgxfRa5gkThnPoBQ6QR4AaABAg,,False,@bububu9513,💓💓💗,0,2022-12-25T08:19:09Z,2022-12-25T08:19:09Z
UgyGVVWtH8Ok7NpX0f94AaABAg,,False,@biipakbabiidukam6910,I love you Rose hi ☺️😊🇨🇮👌🎄 Christmas member,1,2022-12-25T08:11:09Z,2022-12-25T08:11:09Z
Ugx8jsjN-1P7dNSGu514AaABAg,,False,@Bwlinayiste,トルコに来てください、私たちはトルコとしてあなたを愛しています❤️❤️❤️❤️❤️❤️,1,2022-12-25T08:07:39Z,2022-12-25T08:07:39Z
UgygkHEseuuj5SQ8c0F4AaABAg,,False,@user-kh7io8zp1z,✌️🦠ملكات الكيبوب والعالمممم,0,2022-12-25T07:53:13Z,2022-12-25T07:53:13Z
Ugzjxlo2_nK9BtnpxEp4AaABAg,,False,@0__0340,I can’t wait until they come to The Netherlands!!❤,0,2022-12-25T07:32:00Z,2022-12-25T07:32:00Z
Ugxh13FUzIwDidusv2p4AaABAg,,False,@olesya_moor7284,"Блин, они так близко ко мне. Не совсем, но близко",0,2022-12-25T07:30:15Z,2022-12-25T07:30:15Z
Ugw6XhQFbwYc04LiMP54AaABAg,,False,@RajdeepGosw,BLACKPINK in your area,0,2022-12-25T07:27:02Z,2022-12-25T07:27:02Z
Ugxz2DOgU_8cfSk6Ch94AaABAg,,False,@Ecc1286,❤💜❤💜❤,1,2022-12-25T07:26:24Z,2022-12-25T07:26:24Z
Ugx81ny4TA9ejsTO7PN4AaABAg,,False,@Twins38369,Blackpink slayyyy,0,2022-12-25T07:07:55Z,2022-12-25T07:07:55Z
UgxHTe_kroex8W3kRGt4AaABAg,,False,@ayushisomaiya5086,lets vote for doing concert in India,0,2022-12-25T07:02:29Z,2022-12-25T07:02:29Z
UgxIHY0ujEjgkjtfB4Z4AaABAg,,False,@resoxxx,Blackpink  love 💗🖤💗🖤💗🖤💗🖤💗🖤💗🖤💗🖤💗🖤💗🖤💗🖤💗💗🖤💗🖤💗🖤💗🖤💗🖤💗🖤💗🖤💗🖤💗🖤💗🖤💗🖤💗🖤💗🖤💗🖤💗🖤💗🖤💗🖤💗🖤💗🖤💗🖤💗🖤💗🖤💗🖤💗🖤💗💗🖤💗🖤🖤💗💗🖤💗🖤💗🖤💗🖤💗🖤💗🖤💗🖤🖤💗🖤💗🖤💗🖤💗🖤💗🖤💗🖤💗🖤💗🖤,0,2022-12-25T07:02:14Z,2022-12-25T07:02:14Z
UgwHBlsDkNftDVcqT094AaABAg,,False,@norelhouda7825,"Although the performances were great, I really regret Jenny's change. She has become very bold, makes bad moves on the stage, and wears revealing clothes. Didn't you think that there were young Blinks watching her and adults? We must maintain respect. I also miss the old Jenny. 😓",0,2022-12-25T06:58:05Z,2022-12-25T06:58:05Z
UgwHBlsDkNftDVcqT094AaABAg.9k2jUaNGesY9k2kTKxEwpZ,UgwHBlsDkNftDVcqT094AaABAg,True,@Twins38369,"I understand your opinion but she is not making ""bad moves"" its called twerking",0,2022-12-25T07:06:39Z,2022-12-25T07:06:39Z
Ugw2KQA0dSzCxtG1rvB4AaABAg,,False,@KimCrystal._.,From Italy i hope to get a concert even here if you renew the contract (in Turin if you want 😅). Merry Christmas to all the blinks and a Happy new year🖤💗,1,2022-12-25T06:52:34Z,2022-12-25T06:52:47Z
Ugy08_FJnjVVRqlbJOJ4AaABAg,,False,@aartisakxena9427,India 🥺,1,2022-12-25T06:48:58Z,2022-12-25T06:48:58Z
UgzWoYaDMv3nsZ8b7gt4AaABAg,,False,@Daisy.599,We all enjoyed this concert It is one of the best BP concert In my whole life! Luv u gurls... 🖤💗,113,2022-12-25T06:40:32Z,2022-12-25T06:40:32Z
UgzWoYaDMv3nsZ8b7gt4AaABAg.9k2hU3K6vc09lcsJkDm5lu,UgzWoYaDMv3nsZ8b7gt4AaABAg,True,@lumintutwin9781,🥳❤️❤️🥰🧋🍧,2,2023-02-02T13:38:32Z,2023-02-02T13:38:32Z
UgzWoYaDMv3nsZ8b7gt4AaABAg.9k2hU3K6vc09pnT918PeXC,UgzWoYaDMv3nsZ8b7gt4AaABAg,True,@DAWONTON,Shes our life ans queens,0,2023-05-17T02:27:07Z,2023-05-17T02:27:07Z
UgymC6shC2ITudRpHap4AaABAg,,False,@AM...,"Merry Christmas 
Guys I am stuck 
It's Christmas,  My father's Bday,  My obes~ well whatever Karma's Birthday 
And also Levi Ackerman Bday (DAMN)",0,2022-12-25T06:32:26Z,2022-12-25T06:32:26Z
UgzCKpu8nd5OUJEgCWJ4AaABAg,,False,@bethotranthi1437,I LOVE YOU BLACKPINK,0,2022-12-25T06:29:45Z,2022-12-25T06:29:45Z
UgwFiUH4wTv0jyPd8QJ4AaABAg,,False,@bloodbone7867,Cool,1,2022-12-25T06:25:37Z,2022-12-25T06:25:37Z
Ugzs7JGH2ZuFzFEcbjl4AaABAg,,False,@lalisa_queen222,"Hi lisa,jennie,jisoo and rose l love you so much,l'm your fan come to Azerbajan and Nakhchivan,give a concert,l love you so much l'm crying for you",1,2022-12-25T06:23:57Z,2022-12-25T06:23:57Z
UgwrauMctTxlPnBJ7m14AaABAg,,False,@odailisdelacaridadpedrosov6339,Las amo bkackpink las amo blackpink las amo bkackpink,0,2022-12-25T06:13:10Z,2022-12-25T06:13:10Z
UgxBkG_RTAtuwO1LonF4AaABAg,,False,@odailisdelacaridadpedrosov6339,Las amo blackpink,0,2022-12-25T06:12:38Z,2022-12-25T06:12:38Z
Ugye0aPRKKRI8qGkgZh4AaABAg,,False,@รัชชนนท์ดอกทอง,🇹🇭,0,2022-12-25T06:01:55Z,2022-12-25T06:01:55Z
UgxMOSf06cGzFpOyhPV4AaABAg,,False,@오아시스-y3g,...,0,2022-12-25T06:01:37Z,2022-12-25T06:01:37Z
UgxQW8WU1F0zKzx2h5N4AaABAg,,False,@my_rosearerosie,블랙핑크 터키 많이 와주세요 사랑해요 많이 와주세요,1,2022-12-25T05:49:52Z,2022-12-25T05:49:52Z
UgwYsMTjDK1LAAjPBfx4AaABAg,,False,@payalrani8867,Happy Christmas black pink member,0,2022-12-25T05:48:07Z,2022-12-25T05:48:07Z
UgxqxO2tl6Gbkg10exJ4AaABAg,,False,@jeffreyanderson7087,Damn.....,0,2022-12-25T05:38:30Z,2022-12-25T05:38:30Z
UgzKhhAVAAXgImxSmKd4AaABAg,,False,@surachidevi7572,India nahi aaoge blackpink,0,2022-12-25T05:36:47Z,2022-12-25T05:36:47Z
UgwSrrtwalvNu6Qbdrt4AaABAg,,False,@dwiaripsuwanto2361,I really want to meet you but unfortunately I don't have enough money to buy it and I live in Indonesia can you give me a cheap ticket?,0,2022-12-25T05:25:17Z,2022-12-25T05:25:17Z
UgzGi2tgh2oJisiG94l4AaABAg,,False,@mannatgolecha9511,Blackpink please don't leave as we are true blink my name is avdhi,0,2022-12-25T05:12:34Z,2022-12-25T05:12:34Z
UgwTQ8W_oiRmCNDPZPV4AaABAg,,False,@MarsJen,"I love you 
Jennie 
Lisa
Jisoo
Rose
💗👑💗👑💗👑💗👑
I love you Jennie 
I like you Lisa 
My heart Jisoo
My life Rose 
My bias in JENNIE💜",5,2022-12-25T05:06:21Z,2022-12-25T05:06:21Z
UgzQhlmSgB65qopMk-R4AaABAg,,False,@ShadowGaming-0334,Hey blackpink I'm a blink from India . It's nearly impossible for me to meet u but still it's a hope that I will meet u . I Love u blackpink 🖤💓😘,0,2022-12-25T04:57:55Z,2022-12-25T04:57:55Z
Ugy4-L7ztAdn0FzOovd4AaABAg,,False,@weplayffx,Love you lisaa,1,2022-12-25T04:49:42Z,2022-12-25T04:49:42Z
UgxuTpjNEO72cL9sFC14AaABAg,,False,@shivacharan.,Come to India,0,2022-12-25T04:35:45Z,2022-12-25T04:35:45Z
Ugz9IzUmtsZ5bmzHfKR4AaABAg,,False,@verditer-flytonature250,Can you come to india tamilnadu please  qe are having holidays please,0,2022-12-25T04:11:27Z,2022-12-25T04:11:27Z
Ugx8rEAEuz2eStOtivF4AaABAg,,False,@nurullailiyatunnihayah8112,😆cantik,0,2022-12-25T03:33:25Z,2022-12-25T03:33:25Z
UgwtYbJvNmyELr8gJ2R4AaABAg,,False,@funghelen7079,LOVE YOU BLACKPINK!!! 🤩🤩🤩😍😍😍♥️♥️♥️,1,2022-12-25T03:17:49Z,2022-12-25T03:17:49Z
Ugxcz__dEWc6F1F69s14AaABAg,,False,@savojat1235,Merry Christmas 🎅 🎄,0,2022-12-25T03:04:37Z,2022-12-25T03:04:37Z
Ugxzta_h0Nz4AhQPIL54AaABAg,,False,@CRAZYBOY__YT,"BLACKPINK SLAYED EVERY DAY WE ARE TO PROUD TO BLACKPINK,THE NEVER DISAPPOINTED TO US LOVE OUR QUEENS!AND I REALLY MISSED THAT[BORN PINK]CONCERT  
BLACKPINK 
1.JISOO
2.JENNIE
3.LISA
4.ROSÉ
QUEENS OF K-WORLD",2,2022-12-25T02:41:08Z,2022-12-25T02:41:08Z
Ugxzta_h0Nz4AhQPIL54AaABAg.9k2H4Yee4iX9k2HImASO5A,Ugxzta_h0Nz4AhQPIL54AaABAg,True,@blackpinkblink8136,Happy Christmas,0,2022-12-25T02:43:04Z,2022-12-25T02:43:04Z
UgzJIIaM1PFCL6End054AaABAg,,False,@nancypedrozabtsnewsongsin234,How cute is black Pink their 🥰,1,2022-12-25T02:18:22Z,2022-12-25T02:18:22Z
UgyfC1JtcLrGHgBwK-J4AaABAg,,False,@specialbunnymackjk,Te amo blackpink me siento muy bien 💌💌,0,2022-12-25T01:54:19Z,2022-12-25T01:54:19Z
Ugyzj05pvDEHQUuSvTl4AaABAg,,False,@jisoobiasblackpink,𝓜𝓮𝓻𝓻𝔂 𝓒𝓱𝓻𝓲𝓼𝓽𝓶𝓪𝓼 𝓫𝓵𝓪𝓬𝓴𝓹𝓲𝓷𝓴 🎅,0,2022-12-25T01:45:00Z,2022-12-25T01:45:00Z
Ugw0lSZ8JUNVU1um8OR4AaABAg,,False,@Junnie5697,Don't you have plans to go to a variety show after the concert? or at least make blackpink house like before,0,2022-12-25T01:32:06Z,2022-12-25T01:32:06Z
UgxXxvVZ2Jwedm0zt1J4AaABAg,,False,@blinkoncemidzynswerneverla8863,Merry Christmas BLIIINK!!💓💓,0,2022-12-25T00:18:40Z,2022-12-25T00:18:40Z
UgyhNajRneBYrxaYP2p4AaABAg,,False,@blinkoncemidzynswerneverla8863,Merry Christmas BLACKPINK!💓💓,0,2022-12-25T00:18:07Z,2022-12-25T00:18:07Z
Ugw6t-qMamvISZyfv9F4AaABAg,,False,@ildo20118,Pls in Ecuador 🇪🇨🇪🇨🇪🇨🇪🇨🇪🇨🇪🇨🇪🇨💕,0,2022-12-25T00:11:24Z,2022-12-25T00:11:24Z
UgxbiC_Ff6U1RpmFcpF4AaABAg,,False,@sedattatli6384,Rose I'm calling you from here I'II make my Dream come True and see you🥺,0,2022-12-24T22:50:06Z,2022-12-24T22:50:06Z
Ugze2YIddbCLnR3U2Md4AaABAg,,False,@Aozar_15,حيلوووو,0,2022-12-24T22:21:40Z,2022-12-24T22:21:40Z
UgzEMKT4O4Fmr89dstp4AaABAg,,False,@xcc3910,"I LOVE YOU BLACKPİNK
BLACKPİNK IN YOU ARE",0,2022-12-24T21:50:43Z,2022-12-24T21:50:43Z
UgzstXHD7pHiiHh645F4AaABAg,,False,@beeaatriiz,"I LOVE YOU BLACKPINK I WISH STAY WITH YOU, BLACKPINK IM YOUR FAN #1",1,2022-12-24T21:19:21Z,2022-12-24T21:19:21Z
Ugyr4AkLlSEqrevNHpN4AaABAg,,False,@ItzCora543,❤❤❤❤❤❤❤❤❤love BLACPINK💜💜💜💜💜💜💜💜💜💜🖤🖤🖤🖤🖤🖤🖤,0,2022-12-24T21:09:30Z,2022-12-24T21:09:30Z
Ugy4AFSk7M6h4AZ70kp4AaABAg,,False,@alejandramodesto377,Don't my beautiful girls,0,2022-12-24T20:52:34Z,2022-12-24T20:52:34Z
UgxKWSoWy7anVm8hJg54AaABAg,,False,@armyblink30,💗💖💗💖💗💖💗💖,0,2022-12-24T20:50:10Z,2022-12-24T20:50:10Z
UgzjLpX5uCIxaA16Nu54AaABAg,,False,@سارهالشهري-غ9ش,حبيت احبكم ياخي,0,2022-12-24T20:20:18Z,2022-12-24T20:20:18Z
UgzuLrrHeacl9FOQuUJ4AaABAg,,False,@chaeswll5,BLACKPINK 터키로 오세요,0,2022-12-24T19:47:24Z,2022-12-24T19:47:24Z
UgygQPKURGk9Q_6EBwl4AaABAg,,False,@chanelramirez6353,COME TO Tijuana,0,2022-12-24T19:29:32Z,2022-12-24T19:29:32Z
UgywSMdhsB4fCT-HI194AaABAg,,False,@Kesang2053,Suffering from gyanophbia 🥰✨😊🤗,0,2022-12-24T19:29:18Z,2022-12-24T19:29:18Z
Ugxn124t_sD3PZlDyQR4AaABAg,,False,@bombomi5164,blackpink,0,2022-12-24T19:27:43Z,2022-12-24T19:27:43Z
UgyV1mjMkT8Jg-eAdbd4AaABAg,,False,@taesoomm,"BlackPink, we love you very much. Would you come to Marmaris, Turkey? I can't go to far places.",1,2022-12-24T19:21:56Z,2022-12-24T19:21:56Z
UgxPmjLrN3jV4KJynAh4AaABAg,,False,@taesoomm,"BlackPink, we love you very much. Would you come to Marmaris, Turkey? I can't go to far places.",1,2022-12-24T19:21:30Z,2022-12-24T19:21:30Z
UgzfezPIcavEs89jY3R4AaABAg,,False,@Tartagliaxwq,I'm BLİNK I love BLACKPINK 💗💗💗💗,1,2022-12-24T19:21:20Z,2022-12-24T19:21:20Z
UgxdCpH5frQDqsbph8h4AaABAg,,False,@krisztinahujber1944,Utálom!!!! Lisát mert őszejőt teahyungal pedig lisa+jungonk jennie+teahyunk,0,2022-12-24T19:05:24Z,2022-12-24T19:05:24Z
Ugyab25h_2rs0EwtS4V4AaABAg,,False,@sanaarabic3467,Hi my name is Sana Arabjc and I love you black pink 💗 💓 💕 💖 💛 ❤ 💗 💓 💕 💖 💛 ❤ 💗 💓 💕 💖 💛 ❤ 💗,1,2022-12-24T18:57:22Z,2022-12-24T18:57:22Z
Ugzx4E9xbSGO2Z27xHB4AaABAg,,False,@avelinofigueroa8636,Merry Merry Blessed Prosperous Christmas to all of you 🙏🏻🎅😁🎄☃️🎁💯👑🔥⚡🤟🏻💪🏻👌🏻🤙🏻🤍🤍🤍🤍🤍🇰🇷🇵🇭,0,2022-12-24T18:24:29Z,2022-12-24T18:24:29Z
Ugz21i1sHE6QqIh2BzV4AaABAg,,False,@Felixscherry,🖤💖🖤💖🖤💖🖤💖,1,2022-12-24T18:23:02Z,2022-12-24T18:23:02Z
Ugzhr2-fYzNPEQk1TxV4AaABAg,,False,@Iwanteatmuffin,LALİSA LOVE ME,0,2022-12-24T18:20:21Z,2022-12-24T18:20:21Z
UgxEdyTQ26V6bCDukEF4AaABAg,,False,@meeralblink4260,BLACKPINK can you plz come to Pakistan as a tour plz there are more than millions of blinks here.🙂🤗💗🖤,0,2022-12-24T18:08:44Z,2022-12-24T18:08:44Z
UgzgJpaig8w2DCExmc94AaABAg,,False,@Yasmine____1453,Black pink ارجوكم تعالو للجزائر 🇩🇿🇩🇿♥♥🇰🇷🇰🇷💓💓,1,2022-12-24T18:07:07Z,2022-12-24T18:07:07Z
Ugxc40TC0AO5OA2UymJ4AaABAg,,False,@Khadijajasmin,روبلوكس ؟؟؟؟,0,2022-12-24T18:06:33Z,2022-12-24T18:06:33Z
Ugw1Ucqrdt3llBgmGUx4AaABAg,,False,@محمدالحموري-د4ن,Blackpink,0,2022-12-24T17:37:15Z,2022-12-24T17:37:15Z
UgxmIS40CR2qirq2lKl4AaABAg,,False,@محمدالحموري-د4ن,Lalisa Manoban,0,2022-12-24T17:36:48Z,2022-12-24T17:36:48Z
UgwraDZnJeGEgSvBvzF4AaABAg,,False,@محمدالحموري-د4ن,Park cheayoung,0,2022-12-24T17:36:32Z,2022-12-24T17:36:32Z
Ugy0JDIudv7MBKI1yy14AaABAg,,False,@محمدالحموري-د4ن,Jennie kim,0,2022-12-24T17:36:11Z,2022-12-24T17:36:11Z
UgweyBs8Przo-M3LpwR4AaABAg,,False,@Jisooyao,블랙핑크 사랑해,0,2022-12-24T17:36:10Z,2022-12-24T17:36:10Z
UgybRkv0IMkMTAiERyt4AaABAg,,False,@محمدالحموري-د4ن,Kim jisoo,0,2022-12-24T17:36:04Z,2022-12-24T17:36:04Z
UgzVAQsR6dTv6iJ7dAN4AaABAg,,False,@محمدالحموري-د4ن,I love you guys so much,0,2022-12-24T17:35:48Z,2022-12-24T17:35:48Z
UgzL2m2kMsFQ8NSstm14AaABAg,,False,@محمدالحموري-د4ن,💗💗💗💗,0,2022-12-24T17:35:29Z,2022-12-24T17:35:29Z
UgxZHRuE6Fwi4CmFMuZ4AaABAg,,False,@محمدالحموري-د4ن,😭💖,0,2022-12-24T17:35:21Z,2022-12-24T17:35:21Z
UgyofGj2ZIvYi7koWc14AaABAg,,False,@محمدالحموري-د4ن,Ilu,0,2022-12-24T17:35:08Z,2022-12-24T17:35:08Z
Ugx0JdwZWKZWq2aXQDF4AaABAg,,False,@rafia_khalid,I think black pink should make a disbanding song,0,2022-12-24T17:32:09Z,2022-12-24T17:32:09Z
Ugy0DrUtwAIiB6Mvnn14AaABAg,,False,@Geroxx-zi6ob,MERRY CHRISTMAS BLINKS AND PINKS 🖤🖤🖤💕💕💕💕🥰🥰💗💗😊😊😊🎁🎁🎁,0,2022-12-24T17:19:06Z,2022-12-24T17:19:06Z
UgzwuaGHKeFP7Lhz1c54AaABAg,,False,@blinkarmy1049,Will they come to Mexico one day?,0,2022-12-24T17:08:14Z,2022-12-24T17:08:14Z
UgwcV38ae55pXDCxXFF4AaABAg,,False,@gulnarbayramova4427,Hii,1,2022-12-24T16:42:50Z,2022-12-24T16:42:50Z
UgwVbMR-ThCHQcOkGjx4AaABAg,,False,@rajanranade4025,BLACKPINK Please come to INDIA ❤❤❤👍👍👍🙏🏻🙏🏻🙏🏻✨️✨️✨️,0,2022-12-24T16:31:36Z,2022-12-24T16:31:36Z
UgwykSmysF1hJnRCeD54AaABAg,,False,@Kapandijk,我不得不去聽那場音樂會。,1,2022-12-24T16:31:35Z,2022-12-24T16:31:35Z
UgyEx8gz3v7phU27orl4AaABAg,,False,@shortmaster99657,Hii black pink,0,2022-12-24T16:26:37Z,2022-12-24T16:26:37Z
UgwAKPjeWRe_hAJpQd14AaABAg,,False,@yaseminekinci7928,BLACKPİNK Turkey(Turkıye)  World Tour please YG,0,2022-12-24T16:26:29Z,2022-12-24T16:26:29Z
Ugy9wI85DTvvbHrW-Qh4AaABAg,,False,@aib_fan5,pls come Turkey,1,2022-12-24T16:04:35Z,2022-12-24T16:04:35Z
Ugy6KqTT2gcg1QTedR14AaABAg,,False,@girlbad5900,We love you 😘♥️❤️,0,2022-12-24T16:02:34Z,2022-12-24T16:02:34Z
UgyTk0ufX_YWmvBk3Md4AaABAg,,False,@Ecrinminandjkd,사랑해요 블랙핑크,0,2022-12-24T16:00:32Z,2022-12-24T16:00:32Z
UgwNhZXiu4qVoqdrhL54AaABAg,,False,@meenakshi4465,Rosé loove youu yeah you r amazing 😍😍😍😍😍😍🌟🤩😍😍😍😍😍🌟😍😍🌟😍😍🌟😍😍🌟🤩😍🌟😍🌟🤩😍😍,0,2022-12-24T15:43:49Z,2022-12-24T15:43:49Z
UgwucVtXUCEgk0pSPSx4AaABAg,,False,@butterfly2010,turkey plsss,1,2022-12-24T15:41:12Z,2022-12-24T15:41:12Z
Ugz413g8oQSkDGIbg4V4AaABAg,,False,@yessicamontalvo1152,Black pink in you área 🖤💗🖤💗🖤,0,2022-12-24T15:39:47Z,2022-12-24T15:39:47Z
Ugwqh0Eq_R1H2h8hSEp4AaABAg,,False,@ThienThang1110,❤️❤️❤️❤️❤️,0,2022-12-24T15:32:44Z,2022-12-24T15:32:44Z
UgwKVPYOsUmZOcdjob14AaABAg,,False,@NinixPity,나는 당신을 너무 사랑합니다 행운을 빕니다♥️,0,2022-12-24T15:22:01Z,2022-12-24T15:22:01Z
UgxCtC8aUDj307havbx4AaABAg,,False,@yeji773faniyimsanane,우리 가족은 어제 막 베를린에 도착했는데 너무 운이 없었어요,1,2022-12-24T15:16:06Z,2022-12-24T15:16:06Z
Ugx74vzc4lLeTTVhUCh4AaABAg,,False,@lovelykawer5874,I wish the next world tour is of India 😘😍❤️😊,0,2022-12-24T15:15:02Z,2022-12-24T15:15:02Z
UgxxdHA35jTE3HY_5UZ4AaABAg,,False,@Azoqueeenshy,Pls come to Turkeyyy,1,2022-12-24T15:11:23Z,2022-12-24T15:11:23Z
Ugx-WBnsMzpu2DbfEOB4AaABAg,,False,@belkatebkamel1087,❤️❤️❤️,0,2022-12-24T14:55:06Z,2022-12-24T14:55:06Z
UgwcX09DPhukhybX8JV4AaABAg,,False,@K-fan_KPOP,"Jennie my bias
I love her so much
I respect
And I love her style",0,2022-12-24T14:52:35Z,2022-12-24T14:52:35Z
UgyVbRaGQE07G2KfE_94AaABAg,,False,@GARIMA-s6v,안녕하세요 블랙핑크는 2023년에 돌아올 것입니다.,0,2022-12-24T14:48:01Z,2022-12-24T14:48:01Z
Ugw3qxKunqdjgr24FOd4AaABAg,,False,@kumarpawan3465,Black pink i request pls you can do your concept on Italy pls I'm your blink 🖤💗,1,2022-12-24T14:43:19Z,2022-12-24T14:43:19Z
UgyZLEPRQON9hHwoHlJ4AaABAg,,False,@LANTERNFOREVER,Im sorry blackpink that i couldn't come my parents wont allow me because berlin is far away i live in munich,0,2022-12-24T14:31:59Z,2022-12-24T14:31:59Z
Ugx-sGuBQHGGgL0CQaJ4AaABAg,,False,@venessa_fan2009,BLACKPINK IN YOUR AREA!,0,2022-12-24T14:29:10Z,2022-12-24T14:29:10Z
UgyKqFD6MJFTEMnnSk14AaABAg,,False,@blackpinkfan2164,터키에 와주세요,1,2022-12-24T14:18:09Z,2022-12-24T14:18:09Z
UgwKMSb4zi5aAy_BYQR4AaABAg,,False,@chiju3,BLÄÇK0ÏÑK BLACKPINK 🍭🍫,1,2022-12-24T14:15:32Z,2022-12-24T14:15:32Z
UgxfyTErWlPoCYbjvl14AaABAg,,False,@rumkijahan4350,🖤BLΛƆKPIИK💗 K-POP🇰🇷🎤💜 QUEEN,0,2022-12-24T14:13:48Z,2022-12-24T14:13:48Z
UgyaU2qq8z6ehT672hF4AaABAg,,False,@savas.tanrisi,Türk blink,2,2022-12-24T14:04:03Z,2022-12-24T14:04:03Z
Ugx8JJDHXPj2LpBg9H94AaABAg,,False,@banglagangan2875,Marry Christmas 💖🌹🎅🎄,0,2022-12-24T13:53:31Z,2022-12-24T13:53:31Z
UgwQcGVRXOXE1Ycn4rB4AaABAg,,False,@Vanilbeanfan1221,Pleas go to balkan in Bosnia,1,2022-12-24T13:38:56Z,2022-12-24T13:38:56Z
UgwjkzBV92Z2zXOS9xF4AaABAg,,False,@The_aylin474,Azərbaycanada gelsinlerr nolarr🇦🇿🤧🤧,1,2022-12-24T13:37:18Z,2022-12-24T13:37:18Z
UgwusA10J7gyqTZbeU54AaABAg,,False,@Soyaannie1,Pls come to Turkey,1,2022-12-24T13:33:34Z,2022-12-24T13:33:34Z
Ugw1uv_9kje3iL8fFut4AaABAg,,False,@paolocostantini,Spero che un giorno veniate in italia🇮🇹vi amo tanto💗🖤,0,2022-12-24T13:29:33Z,2022-12-24T13:29:33Z
UgxtTDrJJdaIgBA6Qj14AaABAg,,False,@edits.bymira,PLEASE COME TURKEYY <333,2,2022-12-24T13:26:05Z,2022-12-24T13:26:05Z
UgwbJ4Uf2B44oYS-Ont4AaABAg,,False,@tablisa,Great performance and more than beautiful K-pop girls are his queen I wish I could join them on tour 😍😭♥,2,2022-12-24T13:25:20Z,2022-12-24T13:25:20Z
UgwLIBxvx7e3CEifkcd4AaABAg,,False,@bangchanin.tapusu.bende.,Turkey🤝🏻korea,1,2022-12-24T13:19:32Z,2022-12-24T13:19:32Z
Ugy1oqX4ZEg0MBpeAw14AaABAg,,False,@myatthu327,❤️❤️❤️❤️❤️,0,2022-12-24T13:18:31Z,2022-12-24T13:18:31Z
UgwrpUF-V6NKNCxgeiR4AaABAg,,False,@tanmay_ved,Wow,0,2022-12-24T13:16:55Z,2022-12-24T13:16:55Z
UgzR-gaEJABRMHFGyMV4AaABAg,,False,@amritchouhan9558,Blackpink members i am your big fan,0,2022-12-24T13:13:50Z,2022-12-24T13:13:50Z
UgyS9SC-rVYsl0xpEGx4AaABAg,,False,@barsharoy517,Nice lalisa so cute looking,0,2022-12-24T13:09:38Z,2022-12-24T13:09:38Z
UgwoG25d-D5oEWjkVWB4AaABAg,,False,@Piyush-fs8do,Just like usual QUEENS 👑 on the SLAY MODE 😎,0,2022-12-24T13:00:28Z,2022-12-24T13:00:28Z
UgyW-sWCgh2u-F7wiKZ4AaABAg,,False,@lpyadav7114,Please give your concert in India UP I am Child Blink 🥺,0,2022-12-24T12:53:02Z,2022-12-24T12:53:02Z
UgzDHyB5mam3U1c4viB4AaABAg,,False,@foxy5504,When u posted this i was busy but the next day i was like YASS I WANNA SEE WHAT THEY POSTED! It was so nice the video,0,2022-12-24T12:51:08Z,2022-12-24T12:51:08Z
UgxSuF1BWQEV-KAddSV4AaABAg,,False,@TK-if6gp,👑is  blackpink,1,2022-12-24T12:35:11Z,2022-12-24T12:35:11Z
UgxfG9tiEfHym0Pw-k14AaABAg,,False,@wardaeman2118,Y'all BP is best,0,2022-12-24T12:34:06Z,2022-12-24T12:34:06Z
UgwYSzSQudYd2GwaeUd4AaABAg,,False,@farjanazara4138,Woooooooooaw,0,2022-12-24T12:33:46Z,2022-12-24T12:33:46Z
UgxZXQiryv5MkXUbrjh4AaABAg,,False,@nisaay5770,블랙핑크와 블링클 사랑해,0,2022-12-24T12:28:10Z,2022-12-24T12:28:10Z
Ugw3oFsKDOTCFofaOt14AaABAg,,False,@LISAIFIED_12,Please come to India 🇮🇳🥺🥺,1,2022-12-24T12:28:01Z,2022-12-24T12:28:01Z
Ugw91p75Gw1_rWRnHNp4AaABAg,,False,@fbyzz,KIM JISOO! KIM JENNIE! PARK CHAEYOUNG! LALISA! BLACKPINK! SARANGHAE! 💕,0,2022-12-24T12:22:29Z,2022-12-24T12:22:29Z
UgzBPXVl6GhVXtosd794AaABAg,,False,@rakai9844,❤️❤️❤️❤️❤️,0,2022-12-24T12:15:30Z,2022-12-24T12:15:30Z
Ugxic30STILCv-Xe5594AaABAg,,False,@thenoona,BERLIN WAS FIRE! 🖤💗,0,2022-12-24T12:15:23Z,2022-12-24T12:15:23Z
Ugw6A7WAFfM7NB66EGd4AaABAg,,False,@Lalisa527,"And what about your show in Amsterdam?
I was there💜",0,2022-12-24T12:09:58Z,2022-12-24T12:09:58Z
UgygqsLP16wCVgAGrPJ4AaABAg,,False,@Gachaxblackpinkxstxmlb,WHEN R THEY COMING TO LONDON???,0,2022-12-24T12:02:16Z,2022-12-24T12:02:16Z
Ugx_Ax6RnAuWq3pFfZN4AaABAg,,False,@shornaakther3638,"I love you Blackpink ♥️
I love you jesoo ♥️
I love you Jennie ♥️
I love you rose ♥️ 
I love you Lisa ♥️",1,2022-12-24T11:55:11Z,2022-12-24T11:55:11Z
UgyVTyFc7a0WHsZdbht4AaABAg,,False,@jyotilohiya2991,Please come to India,0,2022-12-24T11:46:50Z,2022-12-24T11:46:50Z
Ugxu7ScCDTXqclptngF4AaABAg,,False,@piuwwpiuuww,I'm from turkish.I love you BlackPink,1,2022-12-24T11:39:20Z,2022-12-24T11:39:20Z
UgzmQG2zHVtzfdik5Jd4AaABAg,,False,@nirmalsaini9904,💗💗💗💗💗💗💗😘😘😘😘,0,2022-12-24T11:37:38Z,2022-12-24T11:37:38Z
UgzcOIfk57PoU44zwxp4AaABAg,,False,@masaali2476,"😢🥺🙏I am from an Arab country. I wish you would go to Libya, but you will not come 🇱🇾",0,2022-12-24T11:36:09Z,2022-12-24T11:36:09Z
Ugx7u9VIFvvxj3Z0qvR4AaABAg,,False,@senadomerbegovic4328,I really wanted to come to your concert and I'm very sad that I didn't 😭,0,2022-12-24T11:33:37Z,2022-12-24T11:33:37Z
Ugy8Bi0ZM2LcuTAZt3h4AaABAg,,False,@shamshadshamshad2352,Eww lisa is like lizard,0,2022-12-24T11:26:27Z,2022-12-24T11:26:27Z
Ugz4EERlRpiIlTzBHX14AaABAg,,False,@-Plushie_Yuqim-,Aaaaaa 921. Yorummm,0,2022-12-24T11:18:26Z,2022-12-24T11:18:26Z
UgwkmPGgb8gqfo7nLTh4AaABAg,,False,@sarvaiyaisha8640,why blackpink is not come in India?,0,2022-12-24T11:08:43Z,2022-12-24T11:08:43Z
UgyB5z7z0QHvKRiiwQl4AaABAg,,False,@gulhanim_benli,I LOVE YOY BLACPİNK💗🖤,0,2022-12-24T11:06:17Z,2022-12-24T11:06:17Z
UgxFAn8K6qtfKHwrvzt4AaABAg,,False,@hiepvan6622,Hello BLACKPINK ❤,0,2022-12-24T11:02:33Z,2022-12-24T11:02:33Z
Ugzwa8fUi0dr74a5mLd4AaABAg,,False,@laxmisharma936,I love blackpink💕,0,2022-12-24T11:01:33Z,2022-12-24T11:01:33Z
UgwxSw08zL3cEU1q43V4AaABAg,,False,@tusharsharma4225,Love U BLACKPINK...😘😍,1,2022-12-24T10:57:49Z,2022-12-24T10:57:49Z
UgxJgVPRgA7jyvPbhRx4AaABAg,,False,@Esmanur_184,Please Azerbaijan Baku girl Tower Tolly song,0,2022-12-24T10:46:22Z,2022-12-24T10:46:22Z
UgzLbAGapE26S_ZSJY94AaABAg,,False,@zainabealymitha6673,I  love you 😍😍❤️❤️💜🐰,0,2022-12-24T10:38:50Z,2022-12-24T10:38:50Z
UgwYEvNwYwuuZ4J_ODZ4AaABAg,,False,@only.for.jisoo.and.dalgom,"all members slayed the world tour 💕
blackpink my queens",4,2022-12-24T10:35:30Z,2022-12-24T10:35:30Z
UgxZnhJIbPHmM6L3Mph4AaABAg,,False,@only.for.jisoo.and.dalgom,jisoo is so pretty and her voice is so cute!,0,2022-12-24T10:34:24Z,2022-12-24T10:34:24Z
UgzWZlKI1kPeI_ZQ3Zh4AaABAg,,False,@only.for.jisoo.and.dalgom,"i love you jisoo 💖
i love you jennie 💕
i love you rose 💗
i love you lisa 💓
blink forever 💝🖤",0,2022-12-24T10:32:46Z,2022-12-24T10:32:46Z
UgxdZqHk_t7ExDdGgcd4AaABAg,,False,@Hey_ahfer_sila,"BLACKPİNK😍❤
Jisoo",0,2022-12-24T10:28:12Z,2022-12-24T10:28:12Z
UgyeJuI4KdfNaLsdmxJ4AaABAg,,False,@only.for.jisoo.and.dalgom,네가 내 인생에 들어온 후 내 인생이 완전히 바뀌었다 내 행복이 돌아왔다 넌 내 전부가 됐어 슬플 때도 너를 보러 와서 바로 진정하고 행복해 넌 내 평생이야 내 마음의 네 여왕 사랑해🥺🖤💞,0,2022-12-24T10:27:15Z,2022-12-24T10:27:15Z
Ugwfm3dgKQflqWIKWbt4AaABAg,,False,@rmas_44,"Black pink I love you mmm, please reply 😭😭😭😭😭💗💗💗💗💗💗💗💗💗💗💗💗💗💗💗💗💗💗💗💗💗💗💗💗💗💗💗💗💗💗💗💗💗💗💗💗💗💗💗💗💗💗💗💗💗💗💗💗💗💗💗💗💗💗💗💗💗💗💗💗💗💗💗💗💗",0,2022-12-24T10:25:04Z,2022-12-24T10:25:04Z
UgwhVCw6J6OwwWWhngt4AaABAg,,False,@only.for.jisoo.and.dalgom,"그들은 콘서트 전체를 죽였습니다! 나는 참석하지 않았지만 콘서트를 본 후 공연하는 동안 감정을 숨기려고 너무 많이 노력했다는 것을 분명히 알 수 있습니다. 그들은 너무 행복해 보였고, 깜박임을 보는 것에 너무 만족했지만 여전히 감정적이지 않았습니다. 그들은 이것을 위해 정말 열심히 일했습니다!😥💕✨",2,2022-12-24T10:24:28Z,2022-12-24T10:24:28Z
UgwhVCw6J6OwwWWhngt4AaABAg.9k0XJLVccq39o5JUkvAP3Z,UgwhVCw6J6OwwWWhngt4AaABAg,True,@Abdurohman_,Uzbekistan 😢😢😢😢😢❤❤,0,2023-04-04T17:05:29Z,2023-04-04T17:05:29Z
Ugyb_3-iRl-JSORyrtZ4AaABAg,,False,@btskpopmyparadise,"blackpink forever 
blink forever",0,2022-12-24T10:22:33Z,2022-12-24T10:22:33Z
Ugwe-pykhNWmD3-Gl394AaABAg,,False,@only.for.jisoo.and.dalgom,"지수의 보컬은 천사 같은 비주얼, 무대 존재감....... 그녀는 만능 선수❤️❤️입니다",14,2022-12-24T10:21:18Z,2022-12-24T10:21:18Z
Ugy6S6PwZILR_kbHKkN4AaABAg,,False,@only.for.jisoo.and.dalgom,Jisoo는 친구와 가족의 사랑과 지원으로 가득 차 있으며 그녀는 정말 친절하고 겸손합니다!,40,2022-12-24T10:20:38Z,2022-12-24T10:20:38Z
Ugy6S6PwZILR_kbHKkN4AaABAg.9k0WsEdla339kjLSOZ65Q9,Ugy6S6PwZILR_kbHKkN4AaABAg,True,@Donekarakus193,예,0,2023-01-11T05:25:55Z,2023-01-11T05:25:55Z
Ugy6S6PwZILR_kbHKkN4AaABAg.9k0WsEdla339o5JN_KaMco,Ugy6S6PwZILR_kbHKkN4AaABAg,True,@Abdurohman_,Uzbekistan😢😢😢😢😢😢😢😢😢😢😢,0,2023-04-04T17:04:30Z,2023-04-04T17:04:30Z
UgzvR2e9ANebWnvnOC14AaABAg,,False,@only.for.jisoo.and.dalgom,"Whoever's reading this, i pray that whatever you're going through gets better and whatever you're struggling with or worrying about is going to be fine and that everyone has a fantastic day!",1,2022-12-24T10:20:03Z,2022-12-24T10:20:03Z
UgxKpAepRHZ8tv-P0bh4AaABAg,,False,@only.for.jisoo.and.dalgom,Jisoo has shown a lot of varieties though cant see in this video. She nailed it. loved her in all performances and so does everyone 💕✨,100,2022-12-24T10:19:33Z,2022-12-24T10:19:33Z
UgztzW1_yFz5oF6Inrl4AaABAg,,False,@1stwicestan,Omg,0,2022-12-24T10:19:11Z,2022-12-24T10:19:11Z
UgyL8v7Ul1oC3mGYfsN4AaABAg,,False,@user-bg7qw1su5m,IIove you Black Pink Please renew the contract 😍,0,2022-12-24T10:10:14Z,2022-12-24T10:10:14Z
UgyL8v7Ul1oC3mGYfsN4AaABAg.9k0Vg2CQQoj9k0XO5SFJza,UgyL8v7Ul1oC3mGYfsN4AaABAg,True,@only.for.jisoo.and.dalgom,blackpink will end in 2028,0,2022-12-24T10:25:07Z,2022-12-24T10:25:07Z
UgzBXiy0PVcoVfetjjV4AaABAg,,False,@minhoooos,😢 pls Turkey come Turhal/Tokat plssss,1,2022-12-24T10:04:07Z,2022-12-24T10:04:07Z
UgyxQvykXPHUbVwOpxl4AaABAg,,False,@mervealbulut7869,BLACKPİNK,0,2022-12-24T10:00:36Z,2022-12-24T10:00:36Z
UgwM2d9PJa-AeQphION4AaABAg,,False,@sitinurjanah7451,블랙핑크가 최고야,0,2022-12-24T09:59:43Z,2022-12-24T09:59:43Z
UgzOnZiLbExJ9RbfDhR4AaABAg,,False,@Fatwqx_winter11,I love you BLACKPINK,0,2022-12-24T09:55:12Z,2022-12-24T09:55:12Z
UgwVPJteTT_HqWkO_ZN4AaABAg,,False,@binna.00,Keşke bende orada olabilseydim🥺,0,2022-12-24T09:49:50Z,2022-12-24T09:49:50Z
UgwU0jJT6_4BOJn9IU94AaABAg,,False,@blinksarmy2490,My favorite music band ☺love from India,0,2022-12-24T09:39:01Z,2022-12-24T09:39:01Z
UgwUcXBY1igo216ONhZ4AaABAg,,False,@cherrymelody_-,why isn't BLACK PİNK coming to TURKEY 🇹🇷 🖤💗,2,2022-12-24T09:35:57Z,2022-12-24T09:35:57Z
UgzrF0PQ099UaUr2B2V4AaABAg,,False,@namelessgirl282,I wish i could be there but i had school,0,2022-12-24T09:27:24Z,2022-12-24T09:27:24Z
UgzJEXhVVMzROxiTomB4AaABAg,,False,@EsssekTedarikcisi,SİYAH PEMBE HER DAİM SİZİN GÖLGENİZDEE,2,2022-12-24T09:26:00Z,2022-12-24T09:26:00Z
UgxDD_6fU4lw-txtc7R4AaABAg,,False,@EsssekTedarikcisi,"@JENNIE
@LISA
@JISOO
@ROSÉ












❣💟💞💙💞💚🖤💛💜💗💘💖❤💕💓💕💓💖❤💗💘💕💜💛🖤💚💝💙💞🖤💟💌❣     😇😇😇😇",1,2022-12-24T09:25:05Z,2022-12-24T09:25:05Z
UgyK4o4_TB3ao7O3TWR4AaABAg,,False,@EsssekTedarikcisi,"SİZI ÇOK SEVIYORUM IYIKI VARSINIZ ASLA AYRILMAYIN SIZI COK SEVIYORUMMMMMM
💘❤💓💔💕💖💗💞💙💝💚🖤💛💜💟❣💌💞💙💝💚🖤💛💜💗💘💖❤💕💓",1,2022-12-24T09:23:26Z,2022-12-24T09:23:26Z
UgztCL3axub8mjXoj8d4AaABAg,,False,@Kitty_hello3,터키에도 와주세요 터키는 당신을 많이 사랑하고 나도 당신을 사랑합니다.💖😍💖😍💖😍💖😍💖😍💖😍💖😍💖😍💖😍💖😍💖😍💖😍💖😍💖🇹🇷,0,2022-12-24T09:18:29Z,2022-12-24T09:18:29Z
UgyTZxv08SbobescMTF4AaABAg,,False,@lizaachoudhary,ลิซ่า blackpink คุณมาอินเดีย🙏😔😭😭😭😭😭😭😭😭😭😭😭😭😭😭😭😭😭😭😭😭😭😭😭😭😭😭😭😭😭😭😭😭😭,0,2022-12-24T09:16:47Z,2022-12-24T09:16:47Z
Ugz3vhNby9mZUveFgqF4AaABAg,,False,@lisxaw1,ÖLURUMMM,1,2022-12-24T09:16:18Z,2022-12-24T09:16:18Z
UgxTDx0-EFv2dQJ8ha14AaABAg,,False,@black_blink366,Black Pink ♥️ ı love you,1,2022-12-24T09:13:36Z,2022-12-24T09:13:36Z
Ugz2u_TmwZKYff6QBnp4AaABAg,,False,@masallll_3080,블랙핑크 언제 터키에 오실지 궁금하네요 이 댓글 꼭 읽어주셨으면 좋겠습니다 터키에 오시면 정말 기쁠 것 같아요 터키 블링크,0,2022-12-24T09:08:01Z,2022-12-24T09:08:01Z
UgwvmBSKKiwdahKIf7l4AaABAg,,False,@Elli_playsmm2,When are u guys going to turkey,1,2022-12-24T09:02:04Z,2022-12-24T09:02:04Z
UgyuopiwigPRnKihM4x4AaABAg,,False,@omersulmaz3940,turkısh,0,2022-12-24T08:56:20Z,2022-12-24T08:56:20Z
UgyrNvZ_rJXoT53SN3J4AaABAg,,False,@Heymasal,BORN PINK Turkey İzmir 🥺🖤💕?,1,2022-12-24T08:49:47Z,2022-12-24T08:49:47Z
UgylKmAchlqv2lmMtjh4AaABAg,,False,@natovachadze2070,BLACKPINK😍😍,0,2022-12-24T08:37:16Z,2022-12-24T08:37:16Z
Ugw9nQ3kZ_Im67ttDS14AaABAg,,False,@nour_s_dgma,🖤💗KIM JISOO! KIM JENNIE! PARK CHAEYOUNG! LALISA! BLACKPINK! SARANGHAE!,0,2022-12-24T08:34:35Z,2022-12-24T08:34:35Z
UgwLof4giyFNPJvcP0B4AaABAg,,False,@Balyebebe,당신의 채널은 매우 좋습니다,0,2022-12-24T08:25:38Z,2022-12-24T08:25:38Z
UgzvtmW0WjbHZaQaHbp4AaABAg,,False,@koreankingsbts4219,"Blackpink in your area 🖤💗
Blackpink forever
🖤💗🖤💗  🐰🐻🐯🐿️",1,2022-12-24T08:16:37Z,2022-12-24T08:16:52Z
UgwhPL-pNdNcg1cyVqp4AaABAg,,False,@อุ๊ดวงษ์เสนา,Black Pink😊😊,0,2022-12-24T08:09:09Z,2022-12-24T08:09:09Z
Ugzs6EWpoZ-lC7QdARR4AaABAg,,False,@blkpik438,BLACKPINK  SLAYED THIS BORN PINK WORLD TOUR IN LONDON THER VOCAL THERE RAP THERE BEAUTY DANCE MOVES AND PERFORMANCE AND I LOVE THEM WITH ALLLL MY HEART I am proud of you girls blackpink are queens!,1,2022-12-24T08:02:39Z,2022-12-24T08:02:39Z
Ugzs6EWpoZ-lC7QdARR4AaABAg.9k0H4XbbnBa9la0TT5p_a1,Ugzs6EWpoZ-lC7QdARR4AaABAg,True,@Mijo_pro,But this is in berlin?!,0,2023-02-01T11:00:47Z,2023-02-01T11:00:47Z
Ugx1L9c6Rm2R7u7v_kx4AaABAg,,False,@jas_2007_mine,When queens are landing india ?,1,2022-12-24T08:00:22Z,2022-12-24T08:00:22Z
Ugx4za_ysVPe19G9wh54AaABAg,,False,@Rosemoon.1,Ot4💪,0,2022-12-24T08:00:13Z,2022-12-24T08:00:13Z
UgxmcfJUB5AcA341Cb14AaABAg,,False,@mona78695,Why aren't you coming india please come india,0,2022-12-24T07:54:34Z,2022-12-24T07:54:34Z
UgwFKPQU9bLw-2c-LTp4AaABAg,,False,@hshhhzjdjxh,BLACKPİNK İN YOU AREA WOWWWW!!😍😘😐😙😚😍😛😜😝😇😇😻😽💋👄,0,2022-12-24T07:47:56Z,2022-12-24T07:47:56Z
UgwehgSLhU23AHIYj_h4AaABAg,,False,@Sonsuzsevgi73,Lisaaaaa ❤🦋🦋my azerbaijan,0,2022-12-24T07:40:30Z,2022-12-24T07:40:30Z
UgwHUsTkXMx0yah6Sw14AaABAg,,False,@Rosie_prettyie,"당신은 너무 아름다워, 당신은 항상 성공하고 화려합니다",1,2022-12-24T07:35:49Z,2022-12-24T07:35:49Z
UgxbR05XwczaDDmX4ax4AaABAg,,False,@stefanyramirez9214,Pink 💖,1,2022-12-24T07:31:58Z,2022-12-24T07:31:58Z
UgyK7mOaKbuIJcjakZ54AaABAg,,False,@stefanyramirez9214,Black 🖤,1,2022-12-24T07:31:38Z,2022-12-24T07:31:38Z
UgwmfNH0e3iJSBo5vqN4AaABAg,,False,@zehra8606,I fainted with a word blackpink,0,2022-12-24T07:28:24Z,2022-12-24T08:19:25Z
Ugy2Ok-mAw0rldYaTKl4AaABAg,,False,@RoseOfDark3,"I love you BLACKPİNK💗💗💗💗💗💗
I AM BLİNK💓💓💓💓💓💓💓💓💓💗💗💗💗",0,2022-12-24T07:27:59Z,2022-12-24T07:27:59Z
Ugx81MjBaLXfgLtA8Vt4AaABAg,,False,@arzok2023,"ta ta ra ra ra ra 
ILOVE YOU BORN PINK 🥰🥰🤗",0,2022-12-24T07:19:07Z,2022-12-24T07:19:07Z
Ugwg7oiHO4htSzHJGVx4AaABAg,,False,@STAY_Blink_SUDEW,Turkeey,1,2022-12-24T07:11:16Z,2022-12-24T07:11:16Z
UgwwltPT7rp5gdLnBu54AaABAg,,False,@Xmusic666,～(^з^)-♡,0,2022-12-24T07:07:17Z,2022-12-24T07:07:17Z
UgzlvRnv-9iKyMaVSxd4AaABAg,,False,@Xmusic666,♡´･ᴗ･`♡,0,2022-12-24T07:07:11Z,2022-12-24T07:07:11Z
UgxwGyz5eBhWPTV6nhd4AaABAg,,False,@Xmusic666,( ˘ ³˘)♥,0,2022-12-24T07:07:06Z,2022-12-24T07:07:06Z
Ugyzc9NOhbs2nERkQnB4AaABAg,,False,@SLM_CELEMELER,Blackpink I LOVE YOU,0,2022-12-24T07:03:57Z,2022-12-24T07:03:57Z
Ugx47VxP2FQP6Z29L5J4AaABAg,,False,@aakash9112,❤️❤️❤️,0,2022-12-24T07:01:44Z,2022-12-24T07:01:44Z
UgytkfvPRIdG5zQKCyJ4AaABAg,,False,@alen_subliminal,keşke bende konsere gide bilsem,0,2022-12-24T07:00:08Z,2022-12-24T07:00:08Z
Ugy44Pb2KzgzpTfX1sN4AaABAg,,False,@baraku88,Lisaaaaaaa 😘😘😘😘,0,2022-12-24T06:59:47Z,2022-12-24T06:59:47Z
UgzXjMwZrk_vX5oocrx4AaABAg,,False,@nabiextics,India bhi aa jao please❤❤,1,2022-12-24T06:47:40Z,2022-12-24T06:47:40Z
UgzWYT7XLT5CK56ViDN4AaABAg,,False,@ROSEANDLISA2,Lisa and jisoo ❤️💖❤️💕❤️💕💖💕💖💕💖💕💖💕💖,1,2022-12-24T06:47:36Z,2022-12-24T06:47:36Z
UgxrNvvcdaGN3suma5x4AaABAg,,False,@aarthysmartypants,WHERE IS NERDEDISIN,0,2022-12-24T06:47:17Z,2022-12-24T06:47:17Z
UgzWZiC3LnlJAljmOdR4AaABAg,,False,@abanberu,my Dream Is Me Come In Korea But Me in India 🇮🇳 my Dream Meet To Black Pink Members 🥲🥲☹️,0,2022-12-24T06:46:08Z,2022-12-24T06:46:08Z
UgxEiKaXNsc5R5Hrbat4AaABAg,,False,@blinkyblackpnk,"Gulbarga, india plsss",0,2022-12-24T06:42:22Z,2022-12-24T06:42:22Z
UgyJnX0r0y-qrrPvGMZ4AaABAg,,False,@ikidostikidusman,당신이 거기서 기뻐요 블랙 핑크 나는 당신을 매우 사랑합니다 블랙 핑크 당신은 터키에 와서 기쁩니다 아니면 터키어를 할 수 있습니까?,1,2022-12-24T06:38:43Z,2022-12-24T06:38:43Z
UgzAUOTS_AZ9aRu5MDV4AaABAg,,False,@peekakuchu6878,Love love,0,2022-12-24T06:38:25Z,2022-12-24T06:38:25Z
UgyWnHFzSuxfH2xbou94AaABAg,,False,@sibelgulbek3755,Wow ı love you lalisa monabal,0,2022-12-24T06:36:35Z,2022-12-24T06:36:35Z
Ugx9KsYRW3pXXcyaJDx4AaABAg,,False,@mrnllycs,"Please come to Azerbaijan, you have so many fans here. Me and my friends are blink💖And we love BlackPink💖",0,2022-12-24T06:32:00Z,2022-12-24T06:32:00Z
Ugyr9-gLBN2nuyMept14AaABAg,,False,@panda_12309,Blakpink I LOVE YOU,0,2022-12-24T06:28:53Z,2022-12-24T06:28:53Z
UgzX5jj178DX_-0W9X94AaABAg,,False,@Urmom_21,Bro this is worst thing I ever seen,1,2022-12-24T06:21:53Z,2022-12-24T06:21:53Z
UgxxECdDPXNIVwbyGtt4AaABAg,,False,@Urmom_21,Y’all stuck stop videos!!,1,2022-12-24T06:21:07Z,2022-12-24T06:21:07Z
Ugz2jusAlBKtSw5y1fJ4AaABAg,,False,@iremgunduz9436,"I love you BLACKPİNK  

MY TURKIS BLINK",1,2022-12-24T06:18:18Z,2022-12-24T06:18:18Z
UgxsrMmLQE-ZlQzS3vN4AaABAg,,False,@meenaparmar1234qwer,blackpink enter over balink hard because his dance moves And Rap amazing 🖤💗,1,2022-12-24T06:08:47Z,2022-12-24T06:10:41Z
UgwCDseKFYprBouKNyB4AaABAg,,False,@buglem_34,I love BLACKPİNK,0,2022-12-24T06:02:38Z,2022-12-24T06:02:38Z
UgydOKA1W6miojDjAD14AaABAg,,False,@Xediceözdinç,BLACK PINK💗💗💗💗💗💗💗💗💗💗💗💗💗💗💗💗💗💓💗💗💗💗💗💗💗💗💗🖤🖤🖤🖤🖤🖤🖤🖤🖤🖤🖤🖤🖤🖤🖤🖤🖤🖤🖤🖤🖤🖤🖤🖤🖤🖤🖤🖤🖤🖤🖤,0,2022-12-24T05:55:25Z,2022-12-24T05:55:25Z
UgyKwMfzYk2JrLVEtlx4AaABAg,,False,@santoshkumarainapur531,"BLACKPINK IN YOUR AREA

BLACKPINK IS THE REVOLUTION
HATERS ARE POLLUTION",0,2022-12-24T05:54:00Z,2022-12-24T05:54:00Z
UgwdxK1WTucQC5qL2mB4AaABAg,,False,@Rossie_jensx,beautiful,0,2022-12-24T05:51:47Z,2022-12-24T05:51:47Z
UgzFw36OjNPxUGH7i9Z4AaABAg,,False,@joseenriquevillarrealperez1848,Blankpink Las Amo 💓💓💓💓❣️❣️❣️❣️🖤🖤🖤🖤♥️♥️♥️♥️💕💕💕💕🖤🖤🖤🖤❤️❤️❤️❤️💘💘💘💘🖤🖤🖤🖤🌹🌹🌹🌹😘😘😘😘,1,2022-12-24T05:46:43Z,2022-12-24T05:46:43Z
UgwDlnTjOGtAex9RE1d4AaABAg,,False,@alwaysblinkspecial687,Pls come to India 😭😭,1,2022-12-24T05:45:59Z,2022-12-24T05:45:59Z
Ugw3_Ix-JBATIWBB2414AaABAg,,False,@Renukaxhhetri,❤️❤️❤️,0,2022-12-24T05:44:22Z,2022-12-24T05:44:22Z
Ugw8w7gRonxeEdzCh5x4AaABAg,,False,@Kardelet,사랑해요 블랙핑크.🖤❤️🖤❤️🖤❤️🖤,2,2022-12-24T05:42:42Z,2022-12-24T05:42:42Z
UgwQ3Iz50LxaPfe3aHl4AaABAg,,False,@Blackpinkinyourarea-bm4wn,I wish I was there who saw Black Pink very lucky I hope to see them,0,2022-12-24T05:35:34Z,2022-12-24T05:35:34Z
UgxgWarxstiKj7Boybt4AaABAg,,False,@Bujee-rl7sd,❤,0,2022-12-24T05:35:13Z,2022-12-24T05:35:13Z
UgxSO_cPXQuyqA47V2V4AaABAg,,False,@kingofkings1366,❤️❤️❤️,0,2022-12-24T05:34:28Z,2022-12-24T05:34:28Z
UgyhbQ420NPk2Z0jIG14AaABAg,,False,@Ish_az,"THIS IS WHAT'S MEANT BY
BLACKPINK IS THE REVOLUTION",0,2022-12-24T05:19:35Z,2022-12-24T05:19:35Z
Ugy3q5fVCIlzrFKJQjN4AaABAg,,False,@Love_me_anime__queen,Awesome and so cool kai,0,2022-12-24T05:17:56Z,2022-12-24T05:17:56Z
UgzdZNbQWFpkgAehIU94AaABAg,,False,@Rekha.__parihar,blackpink in ur area,0,2022-12-24T05:14:41Z,2022-12-24T05:14:41Z
Ugyk4q1XR4xsRHUtTLd4AaABAg,,False,@umranelmali,I'm a Turkish fan I love Korea my bias is Rosé I love blackpink,1,2022-12-24T05:00:42Z,2022-12-24T05:00:42Z
UgwLY0w5dt9jGlederJ4AaABAg,,False,@HoneybunnyB,Queens,0,2022-12-24T04:54:54Z,2022-12-24T04:54:54Z
Ugx9fJwY6M18cSUn-Z54AaABAg,,False,@HoneybunnyB,Love you,0,2022-12-24T04:54:45Z,2022-12-24T04:54:45Z
UgzARSTAnzFC5q5MspZ4AaABAg,,False,@lucky-kv6um,"Now Blackpink is a worldwide brand 
The best best Born pink 💖💖",0,2022-12-24T04:37:01Z,2022-12-24T04:37:01Z
UgyVvU5vDKgNLtcvGMN4AaABAg,,False,@sachinpawar6991,Black pink come INDIA 🇮🇳🇮🇳🇮🇳🇮🇳pls pls its your blinks wish,0,2022-12-24T04:29:56Z,2022-12-24T04:29:56Z
Ugw4YMSSOYY2YqJwCrh4AaABAg,,False,@bplink_jjrlf,I LOVEEEEEEEEE YOUUUUUUUUU MY QUEENS🖤💗😍👑,0,2022-12-24T04:25:42Z,2022-12-24T04:25:42Z
UgwzDtiw-YJNDYwRKZZ4AaABAg,,False,@rickyliboon8598,Stay strong blackpink 🖤💗,0,2022-12-24T04:24:24Z,2022-12-24T04:24:24Z
UgwH3saP97lPHECmlQl4AaABAg,,False,@ShineWinterr,world  tour  Azerbayjan  plssssss,0,2022-12-24T04:22:28Z,2022-12-24T04:22:28Z
UgzDRT5Lfb-rlOBacM54AaABAg,,False,@fancy_gamer90,인도에도 블링크가 있는지 몰라서 블랙핑크 갖고싶다😭😭,0,2022-12-24T04:22:25Z,2022-12-24T04:22:25Z
UgwGH2b5wyO-lE58o954AaABAg,,False,@yaraalmansi1696,Blackpink queens,1,2022-12-24T04:09:35Z,2022-12-24T04:09:35Z
Ugxu9TVHUfTADCXJXnd4AaABAg,,False,@katie_leee,Omg they slayyed- again,10,2022-12-24T04:07:03Z,2022-12-24T04:59:09Z
UgygomFppmkfcCLAH594AaABAg,,False,@vimalpreetkaur3433,Blackpink is best  group ever I love them 🙂,0,2022-12-24T03:40:51Z,2022-12-24T03:41:20Z
UgwRQ81jZLsigf1JnWF4AaABAg,,False,@digital._.girly14,Iam from India we are waiting for you. Queen's,0,2022-12-24T03:39:12Z,2022-12-24T03:39:12Z
UgzJzMN378hrs7Ee3w14AaABAg,,False,@AnhThu-hj9wy,I love Jiso😍🤣,0,2022-12-24T03:38:46Z,2022-12-24T03:38:46Z
Ugz8o38Nu69YXfFTlU94AaABAg,,False,@ncxsrfx,Omagaa i like it,0,2022-12-24T03:26:23Z,2022-12-24T03:26:23Z
Ugw138UIzxZPakg6LXB4AaABAg,,False,@nie9446,Love u Blackpink  😍💓🖤,0,2022-12-24T03:10:10Z,2022-12-24T03:10:10Z
Ugy1UEsqIFfis5Skuih4AaABAg,,False,@BoomerJames,I love you rose,0,2022-12-24T03:03:34Z,2022-12-24T03:03:34Z
UgxiAtSrlnUTUTsfAkF4AaABAg,,False,@kimberlyquiej2163,❤️❤️❤️❤️❤️❤️,0,2022-12-24T02:57:24Z,2022-12-24T02:57:24Z
UgzUaic5mYQJNc1KQDl4AaABAg,,False,@anitapuspitasari724,Always beautiful the concert blackpink  😍😍,0,2022-12-24T02:56:01Z,2022-12-24T02:56:01Z
UgwPfgjnoHaWUWtW3V14AaABAg,,False,@saikhonsaikhon3111,❤❤❤❤,0,2022-12-24T02:48:00Z,2022-12-24T02:48:00Z
UgwWwunID7sCsmzhooh4AaABAg,,False,@wonil213,"BLACK PINK IN YOUR AREA 💞
I LOVE BLACK PINK 🥰",0,2022-12-24T02:47:21Z,2022-12-24T02:47:21Z
UgwQMhSsAMiox9VQte94AaABAg,,False,@Mooaryy.a,❤,0,2022-12-24T02:44:41Z,2022-12-24T02:44:41Z
UgxduxSoUcmeqkvFVpV4AaABAg,,False,@sonbintmtxmxtwitstbtenbl.,BLACKPINK!!!!할 수 있어요!!!! 사랑해요,0,2022-12-24T02:38:59Z,2022-12-24T02:38:59Z
UgxLtItrATwKEsFj2Dh4AaABAg,,False,@샤시미횟칼47.3cm,수장 무죄 나왔다!   비록.1심 이지만..,0,2022-12-24T02:38:00Z,2022-12-24T02:38:00Z
Ugx-vMjrNIRSiwXZYdJ4AaABAg,,False,@nhtanver4785,I LOVE LISA,0,2022-12-24T02:37:20Z,2022-12-24T02:37:20Z
UgxV5qgH2VgKTwnUiel4AaABAg,,False,@Jenniecoachellaqueen,BLACKPINK 💗 🖤 💗 🖤 💗 🖤,0,2022-12-24T02:32:47Z,2022-12-24T02:32:47Z
UgwSkmnonec4ZJh8Lgp4AaABAg,,False,@Amamamamamlmk,💞💞💞💞,0,2022-12-24T02:07:20Z,2022-12-24T02:07:20Z
UgxwWZrvUErdTXYFIC94AaABAg,,False,@Kimdania-c2p,بلاك بينك ملكات العالم,1,2022-12-24T02:02:45Z,2022-12-24T02:02:45Z
UgxZxExE4KTJajVHvtx4AaABAg,,False,@eevee23211,i just want the hammer thing...-and blackpink to live with me,3,2022-12-24T01:24:56Z,2022-12-24T01:24:56Z
UgxwlJT8FhHVEA0zpDl4AaABAg,,False,@genoveva1708,Lovely ❤❤❤❤❤❤❤❤❤❤❤❤❤❤,0,2022-12-24T01:18:33Z,2022-12-24T01:18:33Z
UgxPw2HjRxVyMMzw3o94AaABAg,,False,@thithuynganguyen7428,L LOVE YOU BLACKPINK,0,2022-12-24T01:10:18Z,2022-12-24T01:10:18Z
UgyIY7y_kS5bdIdnUQF4AaABAg,,False,@thawtarwinwitchsch5364,wow,0,2022-12-24T01:00:07Z,2022-12-24T01:00:07Z
Ugwl7lXZEsFPUG7isOt4AaABAg,,False,@dannaarmyblink6829,They say in the networks that you are going yo leave and i already worry 😔.    What they say is true?,0,2022-12-24T00:56:59Z,2022-12-24T00:56:59Z
Ugyvcbi5hlJfg1q8G0B4AaABAg,,False,@dannaarmyblink6829,Jisoo aré you leaving blackpink?💔,0,2022-12-24T00:53:50Z,2022-12-24T00:53:50Z
Ugyvcbi5hlJfg1q8G0B4AaABAg.9k-W-sjA2q49k-gSkdZXJi,Ugyvcbi5hlJfg1q8G0B4AaABAg,True,@luna9208,She isn't,0,2022-12-24T02:33:54Z,2022-12-24T02:33:54Z
Ugwi5srLGEMlN5UdbY54AaABAg,,False,@khanchhit,Ok,0,2022-12-24T00:50:39Z,2022-12-24T00:50:39Z
Ugwd-w5_S6u5T-jnmW94AaABAg,,False,@khinmarkhinmar6837,Rose. I. love. you😍😍😍😍,0,2022-12-23T23:59:29Z,2022-12-23T23:59:29Z
UgwIIs2qHGBuwrRw7NV4AaABAg,,False,@Blackpink_fan356,Ya supieron que Blackpink se puede separar en 2023😭😭😭😭🖤💗,0,2022-12-23T23:56:07Z,2022-12-23T23:56:07Z
UgzoFPHJOCeefi73Yv54AaABAg,,False,@evellynemilly587,Oi BLACKPINK amo escuta suas músicas eu sou um fã de vcs ฅ^•ﻌ•^ฅ V●ᴥ●V,1,2022-12-23T23:49:28Z,2022-12-23T23:50:33Z
Ugxzp8GrANnPE81y51x4AaABAg,,False,@ESSSoco,Love Blackpink las love jeni jisoo rose Lisa  love blink🖤💗,1,2022-12-23T23:43:21Z,2022-12-23T23:43:21Z
UgxF-_jp0BGoMZzi9Il4AaABAg,,False,@themapachess1577,Congratulations BLACKPINK!,0,2022-12-23T23:26:53Z,2022-12-23T23:26:53Z
Ugw8j6DNC9jJOpDH-Zh4AaABAg,,False,@Ilovelana0,GO TO BRAZIL!,0,2022-12-23T23:10:10Z,2022-12-23T23:10:10Z
UgxHMWtlrFTH5lD3OrZ4AaABAg,,False,@MaxLiebeDeutschland2005,🇩🇪💪💪🦅🦅,0,2022-12-23T23:06:54Z,2022-12-23T23:06:54Z
Ugz5eqENWru43J5sT3F4AaABAg,,False,@MaazMoizVlogs1626,BLACKPINK Pakistan 🇵🇰🇵🇰🇵🇰,0,2022-12-23T22:27:45Z,2022-12-23T22:27:45Z
UgxTVr--ytCchr-9DrN4AaABAg,,False,@DJ-K403,"it was amazing, i want to relive it again, i love blackpink🥰🤩",0,2022-12-23T22:22:35Z,2022-12-23T22:22:35Z
UgzaV73KyPjFo54kweh4AaABAg,,False,@assactionssocialesdeschauf4749,세상에서 제일 좋은 밴드 블랙핑크 사랑해 사랑해 리사는 베이스,3,2022-12-23T22:22:28Z,2022-12-23T22:22:28Z
UgyLGmB2VVsEbUQmAct4AaABAg,,False,@yunuskalyon3640,Ich liebe euch Blackpink. ❤️❤️,0,2022-12-23T22:16:15Z,2022-12-23T22:16:15Z
UgydVv3qq2qgEKkR-JV4AaABAg,,False,@rafaela.g4245,Amei🥰🥰🥰🥰🥰🥰🥰🥰🥰🥰❤❤❤❤,0,2022-12-23T22:09:30Z,2022-12-23T22:09:30Z
Ugyh1ey5murYNeK0NRp4AaABAg,,False,@blinksurosilerbiziz4325,BLACKPİNK BORN PİNK WORLD TOUR BERLİN🖤💗,0,2022-12-23T22:06:12Z,2022-12-23T22:06:12Z
Ugx9l2aHGSpR2gtU-WJ4AaABAg,,False,@kimfufu6840,ليسا انتي الاجمل💖,0,2022-12-23T22:02:04Z,2022-12-23T22:02:04Z
Ugz3l8pt0UefSc9HFmF4AaABAg,,False,@princess_lilyli,I NEED YOU GUYS TO COME TO MINNESOTA PLEASE,0,2022-12-23T21:53:36Z,2022-12-23T21:53:36Z
UgyY2GK_Hgi3ZU03pKZ4AaABAg,,False,@kellyvalentina1243,Amo a las blackpink❤,0,2022-12-23T21:51:16Z,2022-12-23T21:51:16Z
Ugz_d5nu3la8cIe4Fo54AaABAg,,False,@sabirinabdu8719,Love blackpink 🖤💗🖤💗🖤💗🖤💗💪💪💪🇸🇴🇸🇴🇸🇴🇸🇴🇸🇴🥺🥺🥺🥺,0,2022-12-23T21:41:43Z,2022-12-23T21:41:43Z
UgysO3SF9dobD4KPPWx4AaABAg,,False,@mishelper4328,"BLACKPINK IS THE REVOLUTION. 
Lisa marry me eeee",0,2022-12-23T21:37:30Z,2022-12-23T21:37:30Z
UgwP-owWUWz1us3wl654AaABAg,,False,@northarea1203,Germany,0,2022-12-23T21:37:29Z,2022-12-23T21:37:29Z
Ugyu5Hiftdjy3B406l14AaABAg,,False,@alhajiidriss9146,رائع,0,2022-12-23T21:37:16Z,2022-12-23T21:37:16Z
Ugz0gq4IR1wM2FlZWap4AaABAg,,False,@97jkoo,Omg Lisa live so much,0,2022-12-23T21:12:42Z,2022-12-23T21:12:42Z
UgzjJfITv_RsgWCSIKV4AaABAg,,False,@StarAreebaGoRandom,My friends were there at concert I’m still so jealous couldn’t attend but they said it was super fun and bp stage presence was amazing,1,2022-12-23T21:11:04Z,2022-12-23T21:11:29Z
UgxVc2m6s7nCaXYPgb54AaABAg,,False,@nicholewenn,QUEENS OF KPOP 🛐🛐🛐🛐,0,2022-12-23T21:06:06Z,2022-12-23T21:06:06Z
UgzhBVEwQrPe7S__kld4AaABAg,,False,@blaqpxnk,HAPPY NEW YEAR BLINKS 🎉❤,0,2022-12-23T21:05:05Z,2022-12-23T21:05:05Z
UgxXFmCodz1uqZo_2Op4AaABAg,,False,@jeltyg2265,💖🖤💖🖤 Blackpink,0,2022-12-23T21:00:54Z,2022-12-23T21:00:54Z
UgwIfu_nTSq0qmzQSoN4AaABAg,,False,@RosildeAparecida_47,BRASIL ?,0,2022-12-23T20:58:28Z,2022-12-23T20:58:28Z
UgwUwPb3mW3WW9nYcu54AaABAg,,False,@amandaalcaraz7641,Love this group 👍👍👍👍👍👍👍,0,2022-12-23T20:54:43Z,2022-12-23T20:54:43Z
UgzdR1TXBoJnF6tZjst4AaABAg,,False,@dansdans9803,I LOVE BLACKPİNK,0,2022-12-23T20:53:34Z,2022-12-23T20:53:34Z
UgxEzSOAeruHljS97ip4AaABAg,,False,@mexzoena,우리는 새로운 노래를 원한다,0,2022-12-23T20:51:48Z,2022-12-23T20:51:48Z
Ugwa0c-COFtIkdLfWaZ4AaABAg,,False,@tamarkukhianidze9692,❣️❣️♥️♥️💟💟💓💕💕💗,0,2022-12-23T20:50:54Z,2022-12-23T20:50:54Z
Ugw8No1_HVVnCpP39bB4AaABAg,,False,@betaniamaria9412,Love you blackpink ❤❤❤❤,0,2022-12-23T20:32:56Z,2022-12-23T20:32:56Z
Ugy4xRQHOo8HDfQuDU54AaABAg,,False,@burcutatar4515,"I l❤ve you
❤❤❤❤❤❤❤❤❤❤❤❤❤❤❤❤❤❤❤❤❤❤❤❤❤❤❤❤❤❤❤❤❤❤❤❤❤❤❤❤❤❤❤❤❤❤❤❤❤❤❤❤❤❤❤❤❤❤❤❤❤❤❤❤❤❤❤❤❤❤❤❤❤❤❤❤❤❤❤❤❤❤❤❤❤❤❤❤❤❤❤❤❤❤❤❤❤❤❤❤❤❤❤❤❤❤❤❤❤❤❤❤❤❤❤❤❤❤❤❤❤❤❤❤❤❤❤❤❤❤❤❤❤❤❤❤❤❤❤❤❤❤❤❤❤❤❤❤❤❤❤❤❤❤❤❤❤❤❤❤❤❤❤❤❤❤❤❤❤❤❤❤❤❤❤❤❤❤❤❤❤❤❤❤❤❤❤❤❤❤❤❤❤❤❤❤❤❤❤❤❤❤❤❤❤❤❤❤❤❤❤❤❤❤❤❤❤❤❤❤❤❤❤❤😚😚😚😚😚😚😚😚😚😚😚😚😚😚😙😙😙😙😙😙😙😙😙😙😙😙😙😙😘😘😘😘😘😘😘😘😘😘😘😘😘😘😍😍😍😍😍😍😍😍😍😍😍😍😍😍
BLACPINK🖤💖",0,2022-12-23T20:28:32Z,2022-12-23T20:28:32Z
UgwqTIbfkMGsEaTkyHV4AaABAg,,False,@Ana.cristina57,Las adoro❤😊,0,2022-12-23T20:22:38Z,2022-12-23T20:22:38Z
UgyeB2W4Wdvp301MRWR4AaABAg,,False,@afnanegamer6333,Lisaaaaaaaaaaa🇲🇦🇲🇦🇲🇦🇲🇦🇲🇦🇲🇦,1,2022-12-23T20:22:24Z,2022-12-23T20:22:24Z
UgxdFJXTjZNmws4Yxml4AaABAg,,False,@Rosies_are_rosiie,"Dear YG Company,
Can I ask about Blackpink's world tours? Turkish blinks
Did you know that BLACKPINK is a very successful girl group?
As they speak, they think their song is perfect and they say they expect a more successful group in the future. I'm a Turkish blink too
 And I want to fulfill my dream. Thanks for listening to me ☺️",0,2022-12-23T20:20:48Z,2022-12-23T20:20:48Z
UgxcCKMrG-zacEK-4Ph4AaABAg,,False,@plynkaarmykpoopstan2910,احبكم بلاك بينك 🇰🇷🇸🇾♥️,0,2022-12-23T20:04:33Z,2022-12-23T20:04:33Z
UgxSg1YIlWBTdAcSzQZ4AaABAg,,False,@acennie_capcut1k,Im in germany i am turkish blink✨✨,0,2022-12-23T20:01:14Z,2022-12-23T20:01:14Z
UgwJI2GA7Wp9MnG6sCF4AaABAg,,False,@narjisaljwde5514,احبكم 😭😭😭❤❤❤❤❤❤❤❤❤❤❤❤❤❤❤❤❤❤❤❤❤❤❤❤❤❤❤❤❤❤❤❤❤❤❤❤❤❤❤❤❤❤❤❤❤❤❤❤❤❤❤❤❤❤❤❤❤❤❤❤❤❤❤❤❤❤❤❤❤❤❤❤❤❤❤❤❤❤❤❤❤❤❤❤❤❤❤❤❤❤❤❤❤❤❤❤❤❤❤❤❤❤❤❤❤❤❤❤❤❤❤❤❤❤❤❤❤❤❤❤❤❤❤❤❤❤❤❤❤❤❤❤❤❤❤❤❤❤❤❤❤❤❤❤❤❤❤❤❤❤❤❤❤❤❤❤❤❤❤❤❤❤❤❤❤❤❤❤❤❤❤❤❤❤❤❤❤❤❤❤❤❤❤❤❤❤❤❤❤❤❤❤❤❤❤❤❤❤❤❤❤❤❤❤❤❤❤❤❤❤❤❤❤❤❤❤❤❤❤❤❤❤❤❤❤❤❤❤❤❤❤❤❤❤❤❤❤❤❤❤❤❤❤❤❤❤❤❤❤❤❤❤❤❤❤❤❤❤❤❤❤❤❤❤❤❤❤❤❤❤❤❤❤❤❤❤❤❤❤❤❤❤❤❤❤❤❤❤❤❤❤❤❤❤❤❤❤❤❤❤❤❤❤❤❤❤❤❤❤❤❤❤❤❤❤❤❤❤❤❤❤❤❤❤❤❤❤❤❤❤❤❤❤❤❤❤❤❤❤❤❤❤❤❤❤❤❤❤❤❤❤❤❤❤❤❤❤❤❤❤❤❤❤❤❤❤❤❤❤❤❤❤❤❤❤❤❤❤❤❤❤❤❤❤❤❤❤❤❤❤❤❤❤❤❤❤❤❤❤❤❤❤❤❤❤❤❤❤❤❤❤❤❤❤❤❤❤❤❤❤❤❤❤❤❤❤❤❤❤❤❤❤❤❤❤❤❤❤❤❤❤❤❤❤❤❤❤❤❤❤❤❤❤❤❤❤❤❤❤❤❤❤❤❤❤❤❤❤❤❤❤❤❤❤❤❤❤❤❤❤❤❤❤❤❤❤❤❤❤❤❤❤❤❤❤❤❤❤❤❤❤❤❤❤❤❤❤❤❤❤❤❤❤❤❤❤❤❤❤❤❤❤❤❤❤❤❤❤❤❤❤❤❤❤❤❤❤❤❤❤❤❤❤❤❤❤❤❤❤❤❤❤❤❤❤❤❤❤❤❤❤❤❤❤❤❤❤❤❤❤❤❤❤❤❤❤❤❤❤❤❤❤❤❤❤❤❤❤❤❤❤❤❤❤❤❤❤❤❤❤❤❤❤❤❤❤❤❤❤❤❤❤❤❤❤❤❤❤❤❤❤❤❤❤❤❤❤❤❤❤❤❤❤❤❤❤❤❤❤❤❤❤❤❤❤❤❤❤❤❤❤❤❤❤❤❤❤❤❤❤❤❤❤❤❤❤❤❤❤❤❤❤❤❤❤❤❤❤❤❤❤❤❤❤❤❤❤❤❤❤❤❤❤❤❤❤❤❤❤❤❤❤❤❤❤❤❤❤❤❤❤❤❤❤❤❤❤❤❤❤❤❤❤❤❤❤❤❤❤ اتمنى بأن اشوفكم ❤❤❤❤❤❤❤❤❤❤❤❤❤❤❤❤❤❤❤❤❤❤❤❤❤❤❤❤❤❤❤❤❤❤❤❤❤❤❤❤❤❤❤❤❤❤❤❤❤❤❤❤❤❤❤❤❤❤❤❤❤❤❤❤❤❤❤❤❤❤❤❤❤❤❤❤❤❤❤❤❤❤❤❤❤❤❤❤❤❤❤❤❤❤❤❤❤❤❤❤❤❤❤❤❤❤❤❤❤❤❤❤❤❤❤❤❤❤❤❤❤❤❤❤❤❤❤❤❤❤❤❤❤❤❤❤❤❤❤❤❤❤❤❤❤❤❤❤❤❤❤❤❤❤❤❤❤❤❤❤❤❤❤❤❤❤❤❤❤❤❤❤❤❤❤❤❤❤❤❤❤❤❤❤❤❤❤❤❤❤❤❤❤❤❤❤❤❤❤❤❤❤❤❤❤❤❤❤❤❤❤❤❤❤❤❤❤❤❤❤❤❤❤❤❤❤❤❤❤❤❤❤❤❤❤❤❤❤❤❤❤❤❤❤❤❤❤❤❤❤❤❤❤❤❤❤❤❤❤❤❤❤❤❤❤❤❤❤❤❤❤❤❤❤❤❤❤❤❤❤❤❤❤❤❤❤❤❤❤❤❤❤❤❤❤❤❤❤❤❤❤❤❤❤❤❤❤❤❤❤❤❤❤❤❤❤❤❤❤❤❤❤❤❤❤❤❤❤❤❤❤❤❤❤❤❤❤❤❤❤❤❤❤❤❤❤❤❤❤❤❤❤❤❤❤❤❤❤❤❤❤❤❤❤❤❤❤❤❤❤❤❤❤❤❤❤❤❤❤❤❤❤❤❤❤❤❤❤❤❤❤❤❤❤❤❤❤❤❤❤❤❤❤❤❤❤❤❤❤❤❤❤❤❤❤❤❤❤❤❤❤❤❤❤❤❤❤❤❤❤❤❤❤❤❤❤❤❤❤❤❤,0,2022-12-23T19:56:46Z,2022-12-23T19:56:46Z
Ugy1i2wG68A7yWUMC5J4AaABAg,,False,@blinksforever143,My dream is to see BLACKPINK in real life 😭,0,2022-12-23T19:56:15Z,2022-12-23T19:56:15Z
Ugyds08KRs-3P-JHhpZ4AaABAg,,False,@unicornio34_roblox27,blackpink best girl group 💕🖤,0,2022-12-23T19:55:53Z,2022-12-23T19:55:53Z
UgxfpDgSd6kqkf9IJRl4AaABAg,,False,@juliavieira7948,"I'm so Sad, because Black pink doesn t Go to Brasil 😭",0,2022-12-23T19:52:38Z,2022-12-23T19:52:38Z
UgyAwN9Ww_ZgP3pn-IF4AaABAg,,False,@silviasosa6416,🥰😍😍😍😍😍😍,0,2022-12-23T19:52:16Z,2022-12-23T19:52:16Z
Ugz4T49TRFmSBdDJgkJ4AaABAg,,False,@blackpink15394,Omg I was there on dạy 2,0,2022-12-23T19:51:15Z,2022-12-23T19:51:15Z
Ugy0RDWtNdIOQiBfhzV4AaABAg,,False,@ailynrojas7770,Please come to Costa Rica 🖤💗,0,2022-12-23T19:44:42Z,2022-12-23T19:44:42Z
UgzXp8DVSkz1T9_oBRV4AaABAg,,False,@manuandtanushorts1574,I am a BLINK 💖🖤 and I will be a BLINK forever till my last breath. I want to meet you BLACKPINK. 사랑해요 블랙핑크 💟💟💟,3,2022-12-23T19:43:50Z,2022-12-23T19:46:03Z
UgzMjEbHVAlSpYZv0SJ4AaABAg,,False,@Cinima_fan,I LOVE BLACKPINK 🖤💗,0,2022-12-23T19:40:35Z,2022-12-23T19:40:35Z
UgzERxJmoOMvkNAAD7h4AaABAg,,False,@fabianmartinez795,I LOVE YOU BLACKPINK,0,2022-12-23T19:39:36Z,2022-12-23T19:39:36Z
UgyOdOZLa-Xd6qbxrct4AaABAg,,False,@BLACKPINK-EVERGLOW,Las amo mucho hojalá vengan a México 🖤💗🇰🇷🇲🇽,1,2022-12-23T19:36:42Z,2022-12-23T19:36:42Z
UgzvUgowTFSqhJNshT94AaABAg,,False,@xwqkpop,Hi me turkey im blink i love you korean i love you blackpink,0,2022-12-23T19:34:39Z,2022-12-23T19:34:39Z
UgxcE2IaO1E98XPZs_94AaABAg,,False,@madinagaffarova9243,Rosé ❤️,4,2022-12-23T19:33:35Z,2022-12-23T19:33:35Z
UgzWW-RRmkTjvTEyJmd4AaABAg,,False,@Respectface-sq,"I'm saying as a Turkish bilk, I wanted to say that Blacpink is being unfair, I'm calling out to the company from here I want Blacpink to give a concert in Turkey and Turkish people want it very much please :) Gülşen",2,2022-12-23T19:33:07Z,2022-12-23T19:33:07Z
Ugzj2uqD4yhw7tqvhXN4AaABAg,,False,@kitty.0q,Sad that I didn't attend Blackpink's concert in Berlin 💔💔😔,0,2022-12-23T19:31:35Z,2022-12-23T19:31:35Z
UgzWP4cR1PjybNixCCF4AaABAg,,False,@benimkijenniexq,"Please come to Turkey and give a concert. Turks Love You So Much, I'm your big fan, you are a very popular k-Pop group in Turkey... I hope you come to Turkey too😊",2,2022-12-23T19:31:25Z,2022-12-23T19:31:25Z
Ugzc9m_rZRiymqDIwRx4AaABAg,,False,@gamersshorts495,"Your voice very nice and beautiful ❤️❤️❤️❤️  l'm blink  army and my Favourite k-pop band  black pink 💗💗💗🥰🥰🥰🖤💗  the Queen 👑👑 4  girl
Big fan black pink 🖤💗 my  favourite k-pop girls black pink 🖤💗🥰🥰🥰🥰🥰🥰🥰🥰🥰🥰🥰🥰🥰🥰🥰🥰🥰🥰🥰🥰🥰🥰🥰🥰🥰🥰🥰🥰🥰🥰🥰",1,2022-12-23T19:27:52Z,2022-12-23T19:27:52Z
UgyqDwuLimxteB7Viep4AaABAg,,False,@creators256,❤❤,0,2022-12-23T19:27:00Z,2022-12-23T19:27:00Z
Ugxfl71blfThVH42DTB4AaABAg,,False,@salbeeblas8899,Welcome to germeny ❤❤❤❤❤❤,0,2022-12-23T19:26:54Z,2022-12-23T19:26:54Z
Ugx7bM4gFlCkme7hjPd4AaABAg,,False,@yuqiwlsr_143,"Yaaa umarım Türkiyeye de gelirler
I hope you will come to Turkey <333",2,2022-12-23T19:24:14Z,2022-12-23T19:24:14Z
UgyrtFPkd1qqXbIS0OB4AaABAg,,False,@blink_4eva,LAS AMO CHICAS LA MEJORES COREANAS Y KPOPERS DEL MUNDO,0,2022-12-23T19:22:10Z,2022-12-23T19:22:10Z
Ugx-kipdINOcLwJV07p4AaABAg,,False,@Aniii_kim,Blackpink Collaborate with BTS please 💜♥️💜👑,0,2022-12-23T19:21:44Z,2022-12-23T19:21:44Z
UgzmFvIcXrPiMnGnE_R4AaABAg,,False,@lionroblox7877,They’re all singing so confidently❤️❤️Love you girls!,2,2022-12-23T19:21:20Z,2022-12-23T19:21:20Z
UgxbqcJVohdb-O8iHSJ4AaABAg,,False,@give_rosie_roses,this looks like fun😔🤞,0,2022-12-23T19:14:31Z,2022-12-23T19:14:31Z
UgzqIPuRwUmt1GL4uzd4AaABAg,,False,@jenniemdejenniem,blackpink:),1,2022-12-23T19:11:01Z,2022-12-23T19:11:01Z
UgzqIPuRwUmt1GL4uzd4AaABAg.9jztm-6kKVY9jzv4JVG6iH,UgzqIPuRwUmt1GL4uzd4AaABAg,True,@sunastudysvlog,hi zeynep,1,2022-12-23T19:22:24Z,2022-12-23T19:22:24Z
UgwyMI2UcdAqsANHp5F4AaABAg,,False,@nazlisabri8114,Youu,0,2022-12-23T19:09:21Z,2022-12-23T19:09:21Z
UgxGBwD2M5kx_llr2Ct4AaABAg,,False,@nazlisabri8114,İ am ama blink İ love black pink black pink ın touch are  yaaaa blacn pink pls like This comment thx,0,2022-12-23T19:09:04Z,2022-12-23T19:09:04Z
Ugyp-RRralV6bxYJoOF4AaABAg,,False,@user-oq9xo9sb8i,Love you blackpink💗💗,0,2022-12-23T19:05:55Z,2022-12-23T19:05:55Z
UgzOCIp9nUKvvKPQejl4AaABAg,,False,@FeryalAkbaş,I love you,0,2022-12-23T19:02:46Z,2022-12-23T19:02:46Z
UgwStDwKcA8J9KHuRw14AaABAg,,False,@maritzanoriega5606,"I LOVE YOU ,BLACKPINK 😘",0,2022-12-23T19:01:02Z,2022-12-23T19:01:02Z
Ugyt9oRZSuD2Al_aRJJ4AaABAg,,False,@Hearttojenৎ,💗🖤,0,2022-12-23T18:59:17Z,2022-12-23T18:59:17Z
Ugza3DCZJVJx2cTJN314AaABAg,,False,@gutozg5294,"I love you Blackpink, they are the best, the queens of k pop, Jisoo, Jennie, Rose and Lisa the goddesses, blink loves them",1,2022-12-23T18:53:43Z,2022-12-23T18:53:43Z
Ugy0MgaiJpqnUm5vSCJ4AaABAg,,False,@Jennnn3933,I love BP ❤❤❤❤,0,2022-12-23T18:52:41Z,2022-12-23T18:52:41Z
UgyLWF-q91UQQFcYSEF4AaABAg,,False,@Tursuhanimefendi,Pls come Turkey. Turkish blink love you,2,2022-12-23T18:52:34Z,2022-12-23T18:52:34Z
Ugz6alFGjFx-Cy0PpPB4AaABAg,,False,@Justrandomethings_ahah,I wish i was there and if i was i would scream blackpink I love you!💗😭😞♥️🪐🧚‍♀️🦢,0,2022-12-23T18:52:11Z,2022-12-23T18:52:11Z
UgwUEdMqRQY9AXHUs9V4AaABAg,,False,@antoniomejia7874,Wow amazing congratulations♥️♥️♥️ you 're the bets,0,2022-12-23T18:46:58Z,2022-12-23T18:49:11Z
Ugx65FLw8gK1VfM4bQl4AaABAg,,False,@ninobagauri7512,Love backing and my favorite is lisa,0,2022-12-23T18:43:52Z,2022-12-23T18:43:52Z
Ugxh5G8igi3LDmUMKwd4AaABAg,,False,@Hello15447,"Please come to AZERBAIJAN 🇦🇿🇦🇿
Azeblink🇦🇿🇦🇿",0,2022-12-23T18:34:14Z,2022-12-23T18:34:14Z
UgyXD_pkcDK5K7i5XUd4AaABAg,,False,@hellensouza23,COME TO BRAZIL PLEASE 🇧🇷🇧🇷🇧🇷🇧🇷🇧🇷🇧🇷,0,2022-12-23T18:33:10Z,2022-12-23T18:33:10Z
Ugyeq3uC6Rb2u6n7Hsd4AaABAg,,False,@menaa685,I love them,1,2022-12-23T18:29:25Z,2022-12-23T18:29:25Z
UgwTnvXeXLKHaZp3t_B4AaABAg,,False,@Lau.ama_a.jennie,Blackpink Best gg and bear,0,2022-12-23T18:22:55Z,2022-12-23T18:22:55Z
UgwTnvXeXLKHaZp3t_B4AaABAg.9jzoGfq_cNv9jzoOZPS4DJ,UgwTnvXeXLKHaZp3t_B4AaABAg,True,@Lau.ama_a.jennie,Sorry I don't know much English,0,2022-12-23T18:24:00Z,2022-12-23T18:24:00Z
UgwSt0q8uAozCGhI1Wt4AaABAg,,False,@zisan1041,Blckpink naber,0,2022-12-23T18:21:39Z,2022-12-23T18:21:39Z
UgxRPX3HKs_jpl5gY_h4AaABAg,,False,@lisa_science,Why blackpink don't came tukey,0,2022-12-23T18:21:06Z,2022-12-23T18:21:06Z
UgybWY3k_w1opDdVg6F4AaABAg,,False,@000-.0,"I love you very much Black between you, you really deserve support 💗💗💥.",0,2022-12-23T18:20:22Z,2022-12-23T18:20:22Z
UgyvFg11DyHLT2mCKYF4AaABAg,,False,@all_about_neha_manhar,Very beautiful BLACKPINK🖤💗,0,2022-12-23T18:19:22Z,2022-12-23T18:19:22Z
Ugw7P7BrIJfv0mT9pBV4AaABAg,,False,@zuhalbogazsubasi7988,Can you came TURKEY plssss🙏🙏🙏🙏,1,2022-12-23T18:17:34Z,2022-12-23T18:17:34Z
UgzeI3XcQ3_WsFZlU4x4AaABAg,,False,@blinks749,Ven a México o Latinoamérica,0,2022-12-23T18:12:15Z,2022-12-23T18:12:15Z
UgxrH6pX5UIR4I2JhOx4AaABAg,,False,@Sehribanteke,I LOVE YOU BLACKPINK💞💓💗💖💝💘💟💙❤️‍🔥❤🧡💛💋🖤🤎🤍💜💙💚💯💯💯💯💯💯,0,2022-12-23T18:06:52Z,2022-12-23T18:07:38Z
UgydaxqFX_FHueFzXWB4AaABAg,,False,@JeonKatia69,"Black Beitak is the most beautiful and successful girl group. I am proud of you, Girls of Referee 😍♥️",0,2022-12-23T18:04:08Z,2022-12-23T18:04:08Z
UgxpINFsWKaMmr_e0Yx4AaABAg,,False,@btsarmy-xp4ec,Blinks and army forever💓💓💓💜💜💜💜,0,2022-12-23T18:01:23Z,2022-12-23T18:01:23Z
UgxLBWO4Yz9Qb7brjEN4AaABAg,,False,@urs.coquette,""" Never mind what's the matter in 2023 but, we blink are also going show how much we love blackpink ""....... remember blinks.... ✨",4,2022-12-23T17:55:57Z,2022-12-23T17:55:57Z
Ugw7UYKHwRo1wdOYQTZ4AaABAg,,False,@jisooxwq_lovely,I LOVE YOU BLACKPİNK ROSE SO BEATİFUL BLACKPİNK COME TOO TURKEY,0,2022-12-23T17:52:52Z,2022-12-23T17:52:52Z
Ugyu2S65x64iMMqj-O14AaABAg,,False,@fama_zpt,LETS GO BLINKS,0,2022-12-23T17:52:47Z,2022-12-23T17:52:47Z
UgxfutJOyubCZrFnvUJ4AaABAg,,False,@amitkusinha1,I am 626th commenter,0,2022-12-23T17:51:52Z,2022-12-23T17:51:52Z
UgzZgsR0N6Qy7hw5zxd4AaABAg,,False,@reima6682,ان❤❤❤❤,0,2022-12-23T17:50:37Z,2022-12-23T17:50:37Z
Ugz1LHr6psNA3Ov-obB4AaABAg,,False,@ليسا-ظ8ق,ممكن ان تأتوا الى الجزائر من فضلكم ارجووووووووكم من كل قلبي ووسعي,0,2022-12-23T17:48:19Z,2022-12-23T17:48:19Z
UgxiBMmMZkcGYCk0zPV4AaABAg,,False,@camilaestefani330,VEM PRO BRASIL,1,2022-12-23T17:47:39Z,2022-12-23T17:47:39Z
UgypWoRvB2Yb-vJmf094AaABAg,,False,@btsandzhanxiaoediting5450,Please.. come lndia,0,2022-12-23T17:44:08Z,2022-12-23T17:44:08Z
UgzLmvNM6GxqDT1hh-p4AaABAg,,False,@mejack2235,You know they never say anything,0,2022-12-23T17:43:54Z,2022-12-23T17:43:54Z
UgzeVjqxYpGJpOI9Wfp4AaABAg,,False,@Lilixsa_lovewq,BLİNK ♡,0,2022-12-23T17:42:55Z,2022-12-23T17:42:55Z
Ugy04GSw7FQV3JSsER14AaABAg,,False,@ovidixit896,This is wonderful,1,2022-12-23T17:37:44Z,2022-12-23T17:37:44Z
UgwssUs9vGwv2rK1YI54AaABAg,,False,@lispinkw,I love you BLACKPİNK,0,2022-12-23T17:37:35Z,2022-12-23T17:37:35Z
UgzmlzrepgePtB1SL894AaABAg,,False,@selamunaleykum2457,터키에 와주세요 블랙핑크 많이 사랑해주세요♡♡♡♡♡,0,2022-12-23T17:37:09Z,2022-12-23T17:37:09Z
UgyccjbZgiawfZhBrqx4AaABAg,,False,@ZAHRAA-x1p5n,616,0,2022-12-23T17:35:36Z,2022-12-23T17:35:36Z
UgxsAX8U5A1A8aZzo_V4AaABAg,,False,@aditighosh.1032,It's so amezing,0,2022-12-23T17:35:35Z,2022-12-23T17:35:35Z
UgzCUWPVpk8BVgTC3fR4AaABAg,,False,@jisoo_lovely.,Ordan gelirken Türkiye yol üstüyse bir 2-3 saat Türkiye'ye de uğrarsanız bütün Türk blinkler olarak çok seviniriz,1,2022-12-23T17:33:51Z,2022-12-23T17:33:51Z
UgyVYXGLFytm1IEMbIZ4AaABAg,,False,@Jo-Yuri-i-pk,"BLACKPİNK PLEASE COME THE TURKEY 🇹🇷
🖤💓",2,2022-12-23T17:28:50Z,2022-12-23T17:28:50Z
UgwvJe_uXmnkSZPkJ1x4AaABAg,,False,@Aniela.K,😻😻😻😻,0,2022-12-23T17:28:37Z,2022-12-23T17:28:37Z
UgxbdTMKM_HcBsCrdTF4AaABAg,,False,@ceysia._,우리는 너를 사랑해,0,2022-12-23T17:22:50Z,2022-12-23T17:22:50Z
Ugy2t8k6b64eiPgTioh4AaABAg,,False,@ceysia._,blackpink we love you,0,2022-12-23T17:22:11Z,2022-12-23T17:22:11Z
UgxcKG_ZDYF-_QM6O9h4AaABAg,,False,@Mini_lixx45,You are PERFECT 💟,1,2022-12-23T17:18:58Z,2022-12-23T17:18:58Z
Ugzg0FIw_025h9B0aOV4AaABAg,,False,@guadalupemagana299,Las reinas del mundo ❤ 🌎,2,2022-12-23T17:15:55Z,2022-12-23T17:15:55Z
Ugzd_y7RW3XO2IquGk54AaABAg,,False,@Diba_Chowdhury,[BLACKPINK is the best K-pop] 🖤💗🖤💗,0,2022-12-23T17:13:48Z,2022-12-23T17:13:48Z
UgxNqsn4EbjZdxDoyrN4AaABAg,,False,@sofiajalali5372,I wish I could go there❤,0,2022-12-23T17:13:23Z,2022-12-23T17:13:23Z
UgybAn3xFjfH3Wt2jN94AaABAg,,False,@OMG-bu3cy,I like black pink so much 💗💗,0,2022-12-23T17:12:02Z,2022-12-23T17:12:02Z
Ugyv0ZfMG1LrcP5_vmB4AaABAg,,False,@bojangrbic5710,"I love you, BLACKPINK! My Queens.",0,2022-12-23T17:10:48Z,2022-12-23T17:10:48Z
UgxIJg-Tr4SZ9njM2sp4AaABAg,,False,@btsforever1647,Blackpink come to india also plzz... even we are the reason of ur sucess😘😙,0,2022-12-23T17:09:56Z,2022-12-23T17:09:56Z
Ugy5EvwoCvVD9AlRrxF4AaABAg,,False,@twilymagic,onlar almanyaya 3 kere geldiler bende almanyada yasiyorum ama malesef gidemedim,0,2022-12-23T17:07:19Z,2022-12-23T17:07:19Z
UgwJCD6H_UhqKflC0_F4AaABAg,,False,@hadiyyerzayeva4306,I love blackpink,0,2022-12-23T17:04:27Z,2022-12-23T17:04:27Z
UgynBnyOY5gftzY1Ju54AaABAg,,False,@espadachina2358,Wow estan llendo a varios lugares que lew valle bien chicas,0,2022-12-23T17:00:55Z,2022-12-23T17:00:55Z
UgyZtuYhtPzQJsaRc8t4AaABAg,,False,@Dreampop-e6f,I love you 😉 Black pink 😉🎉🥰🌹❤️💗❤️❤️😊😈💞🎊🎊🎊🎊🎊🎊🎊,0,2022-12-23T17:00:36Z,2022-12-23T17:00:36Z
Ugx62J2KoP1w8SXTW4R4AaABAg,,False,@grazimimi6919,아름다운👍🥰,0,2022-12-23T16:59:52Z,2022-12-23T16:59:52Z
UgyVoiPlNDRQ9jYHZIh4AaABAg,,False,@tomriseyvazli,I love your,0,2022-12-23T16:54:27Z,2022-12-23T16:54:27Z
UgyVTTmBKWgPvh19axp4AaABAg,,False,@lynavila3949,BORN PINK WORLD TOUR BERLIN 💖,0,2022-12-23T16:54:12Z,2022-12-23T16:54:12Z
Ugyml8bZHdTu97gBOOh4AaABAg,,False,@Vyshnnavykoshaladev,Can you do a tour in Luxembourg,0,2022-12-23T16:53:40Z,2022-12-23T16:53:40Z
Ugy8XbM_4S7lQ_EgClZ4AaABAg,,False,@bpbk4749,Omg,0,2022-12-23T16:53:10Z,2022-12-23T16:53:10Z
UgyeQxtGmHDUNPaMxoJ4AaABAg,,False,@mina_https,Yesss Blackpink will always live in our hearts! Come to Leeds ❤❤,0,2022-12-23T16:52:51Z,2022-12-23T16:52:51Z
UgxowiOPVbeckNRXfeN4AaABAg,,False,@najatroussi1255,Ratatata rararrara ratatata rararar,0,2022-12-23T16:46:42Z,2022-12-23T16:46:42Z
UgycO1YpCuJ5EP_OUE54AaABAg,,False,@thecrow6915,Amazing,0,2022-12-23T16:46:06Z,2022-12-23T16:46:06Z
UgzaWsZIO2aO1RF415Z4AaABAg,,False,@humbertobazan6934,Hermoso,0,2022-12-23T16:43:26Z,2022-12-23T16:43:26Z
UgzGcTi2pcKkEF5OmN54AaABAg,,False,@쇼크오와이드,"블랙핑크 부탁해 사랑해 대답해줘 제발 사랑해 로지, 제니, 지수, 리사 🤎🤎🤎🤎🤎🤎🤎🤎🤎🤎🤎🤎🤎💚💚💚💚💚💚💚💚💚💚💚💚💓💓💓💓💓💓💓💓💓💓💓💓🤧🤧🤧🤧🤧🤧🤧🤧🤧🤧🤧🤧💙💙💙💙💙💙💙💙💙💙💙💙💚💚💚💚💚💚💚💚💚💚💚💚💛💛💛💛💛💛💛💛💛💛💛💛🧡🧡🧡🧡🧡🧡🧡🧡🧡🧡🧡🧡💜💜💜💜💜💜💜💜💜💜💜💜🖤🖤🖤🖤🖤🖤🖤🖤🖤🖤🖤🖤🤍🤍🤍🤍🤍🤍🤍🤍🤍🤍🤍🤍🤎🤎🤎🤎🤎🤎🤎🤎🤎🤎🤎🤎❤️‍🩹❤️‍🩹❤️‍🩹❤️‍🩹❤️‍🩹❤️‍🩹🫂🫂🫂🫂🫂🫂🫂🫂🫂🫂🫂🫂💝💝💝💝💝💝💝💝💝💝💝💝💖💖💖💖💖💖💖💖💖💖💖💖🧸🧸🧸🧸🧸🧸🧸🧸🧸🧸🧸🧸💎💎💎💎💎💎💎💎💎💎💎💎❤️‍🔥❤️‍🔥❤️‍🔥❤️‍🔥❤️‍🔥❤️‍🔥🎈🎈🎈🎈🎈🎈🎈🎈🎈🎈🎈🎈🎉🎉🎉🎉🎉🎉🎉🎉🎉🎉🎉🎉🌙🌙🌙🌙🌙🌙🌙🌙🌙🌙🌙🌙🐬🐬🐬🐬🐬🐬🐬🐬🐬🐬🐬🐬",0,2022-12-23T16:38:40Z,2022-12-23T16:38:40Z
UgyXqcK9zC8tmXeyHwl4AaABAg,,False,@Lisonuncikolatas,Plıs come Azerbaijan🇦🇿🇦🇿🇰🇷🇦🇿🇰🇷🇦🇿😭😭,2,2022-12-23T16:36:45Z,2022-12-23T16:36:45Z
UgwyZ_fULb6n7GOiqFV4AaABAg,,False,@Lisonuncikolatas,Plis come Azerbaijan🇦🇿🇦🇿,2,2022-12-23T16:36:27Z,2022-12-23T16:36:27Z
UgznA_ocateessYzvjd4AaABAg,,False,@Lisonuncikolatas,Plıs come Azerbaijan🇦🇿🇰🇷🇦🇿🇰🇷🇦🇿😭😭,2,2022-12-23T16:36:14Z,2022-12-23T16:36:14Z
UgwlWWc3blEUsAe0B2F4AaABAg,,False,@Lisonuncikolatas,Plis come Azeribaijan 🇦🇿🇦🇿😭😭🇰🇷🇰🇷,2,2022-12-23T16:35:55Z,2022-12-23T16:35:55Z
UgyYMIE4fhX_OjEtVhB4AaABAg,,False,@Rosesar,🇦🇿🇰🇷🇦🇿🇰🇷🇦🇿🇰🇷🇦🇿🇰🇷🇦🇿🇰🇷🇦🇿🇦🇿🇰🇷,3,2022-12-23T16:31:44Z,2022-12-23T16:31:44Z
UgwE6eE-L1z3nzuQbYV4AaABAg,,False,@Rosesar,🇦🇿🇰🇷🇦🇿🇰🇷🇦🇿🇰🇷🇦🇿🇰🇷🇦🇿🇰🇷🇦🇿🇰🇷🇦🇿🇰🇷,3,2022-12-23T16:31:39Z,2022-12-23T16:31:39Z
UgwE6eE-L1z3nzuQbYV4AaABAg.9jzbXhp7ZNG9jzbkujMoDM,UgwE6eE-L1z3nzuQbYV4AaABAg,True,@lalisamonobal4565,🇦🇿Ilove you.Azeribayjan,2,2022-12-23T16:33:35Z,2022-12-23T16:33:35Z
UgxWcmK2qLmSSJKx7h54AaABAg,,False,@Rosesar,🇦🇿🇰🇷🇦🇿🇰🇷🇦🇿🇰🇷🇦🇿🇰🇷🇦🇿🇰🇷🇦🇿🇦🇿🇰🇷,1,2022-12-23T16:31:28Z,2022-12-23T16:31:28Z
UgzuOrVkviJEm4D-M0l4AaABAg,,False,@Rosesar,🇦🇿🇰🇷🇦🇿🇰🇷🇦🇿🇰🇷🇦🇿🇰🇷🇦🇿🇰🇷🇦🇿🇦🇿🇰🇷,1,2022-12-23T16:31:24Z,2022-12-23T16:31:24Z
UgwSUNCiVzVTXud1l-N4AaABAg,,False,@Rosesar,🇦🇿🇰🇷🇦🇿🇰🇷🇦🇿🇰🇷🇦🇿🇰🇷🇦🇿🇦🇿🇰🇷🇦🇿🇰🇷,1,2022-12-23T16:31:19Z,2022-12-23T16:31:19Z
Ugzf-las7P6jk6oJfoB4AaABAg,,False,@Rosesar,🇦🇿🇰🇷🇦🇿🇰🇷🇦🇿🇰🇷🇦🇿🇰🇷🇦🇿🇰🇷🇦🇿🇦🇿🇰🇷,1,2022-12-23T16:31:13Z,2022-12-23T16:31:13Z
UgxjDK3eOV6k7XIPL8B4AaABAg,,False,@Rosesar,🇦🇿🇰🇷🇦🇿🇰🇷🇦🇿🇰🇷🇦🇿🇰🇷🇦🇿🇰🇷🇦🇿🇰🇷🇦🇿🇰🇷,1,2022-12-23T16:31:02Z,2022-12-23T16:31:02Z
UgxSPJdhp9UqFnB7jXl4AaABAg,,False,@Rosesar,🇦🇿🇰🇷🇦🇿🇰🇷🇦🇿🇰🇷🇦🇿🇰🇷🇦🇿🇰🇷,0,2022-12-23T16:30:57Z,2022-12-23T16:30:57Z
UgyWPqrKBtzFvK2Yxnd4AaABAg,,False,@Rosesar,❤️🇦🇿🇰🇷🇦🇿🇰🇷🇦🇿🇰🇷🇦🇿🇰🇷🇦🇿🇰🇷🇦🇿🇰🇷❤️,1,2022-12-23T16:30:52Z,2022-12-23T16:30:52Z
UgwZFeA8-DvdlCgvvrB4AaABAg,,False,@Rosesar,❤️🇦🇿❤️🇰🇷❤️🇰🇷❤️🇰🇷❤️,2,2022-12-23T16:30:43Z,2022-12-23T16:30:43Z
UgwTlzA7hqA2efr1VBl4AaABAg,,False,@Rosesar,Lalisa Ilove you.,0,2022-12-23T16:30:22Z,2022-12-23T16:30:22Z
UgyyM-7CM-vDGqroiAJ4AaABAg,,False,@Blinkyblinkloveya,"I was in Germany but I got back to my country I wish I was there
🖤💞🖤💞🖤💞🖤🦋🖤💞🖤🦋💞🖤💞🖤💞🖤💞🖤💞🖤💞🖤💞🖤💞🖤💞🖤💞🖤💞🖤💞🖤💞🖤💞🇦🇱😍😍😜🤪😜🖤💞🖤💞🖤💞🖤💞🖤💞🖤💞🖤💞🖤💞🖤🇦🇱😍💕🖤",0,2022-12-23T16:24:58Z,2022-12-23T16:24:58Z
UgwZ5fTotpx7UZ__sYp4AaABAg,,False,@joeldejesus9818,I love you el mejor el reino de Corea que quieran que estuvieran en México,0,2022-12-23T16:21:01Z,2022-12-23T16:21:01Z
UgzOOeDKuQF3YMTWzmV4AaABAg,,False,@jenlisane,AMAZING CONCERT,0,2022-12-23T16:19:44Z,2022-12-23T16:19:44Z
UgxbQSxPtD5_9oVeuM54AaABAg,,False,@blerinahoxha7472,Blackpink 👑👑👑👑💜💜💜💜😘😘😘😘,0,2022-12-23T16:18:45Z,2022-12-23T16:18:45Z
UgyN9yfD7Pvt8JmUpr54AaABAg,,False,@draak43,Hebben jullie ook filmpje van Ziggo Dome Holland??,0,2022-12-23T16:12:58Z,2022-12-23T16:12:58Z
UgxIyyuymCzwJw6Qgsl4AaABAg,,False,@soft_jenniequeen9441,나도 yg에서 케이팝 아이돌 하고 싶은데 터키 yg,0,2022-12-23T16:11:53Z,2022-12-23T16:11:53Z
Ugxr0VXGTudFD2EuH5p4AaABAg,,False,@maryamhossain348,I love you too Black pink,0,2022-12-23T16:11:02Z,2022-12-23T16:11:02Z
UgxUvtdWwdZzXbH-G5p4AaABAg,,False,@shaistaejaz9219,can you do concert in Pakistan💗💗💗,0,2022-12-23T16:10:35Z,2022-12-23T16:10:35Z
Ugw0NOGGFcOC8wUACf94AaABAg,,False,@abigarcia4287,😁😁😁😁,0,2022-12-23T16:08:45Z,2022-12-23T16:08:45Z
UgwkNirrsRZpSQ6w_094AaABAg,,False,@abigarcia4287,Aaaaaaaa yo boy air,0,2022-12-23T16:08:15Z,2022-12-23T16:08:15Z
Ugxn5Qpn3t5zSz4GfyV4AaABAg,,False,@Aestheticgurl-l7j,People who are Indian commet,0,2022-12-23T16:07:37Z,2022-12-23T16:07:37Z
Ugxs6zhzhpJfrKitbUR4AaABAg,,False,@toshirohitsugaya5691,I love Blackpink,0,2022-12-23T16:07:20Z,2022-12-23T16:07:20Z
Ugz011WISIurHj1xqF54AaABAg,,False,@ashleyloli2286,"I love blackpink ❤️ they  simply have telent 🤗 Me and my classmate talked to our teacher and we need to make a music 😊And 
Choose dance me and my 2 friends have us for Choose dance me and my 2 friends have chosen blackpink 💕We celebrate you We celebrate you very much💝🎉And have created their own dance with your music SHUT down 🎶Would we never have without We would never have made it without you 💃👀",1,2022-12-23T16:05:31Z,2022-12-23T16:05:31Z
UgyqZEIZk3vTskMWa2t4AaABAg,,False,@jungkooksoso9392,اغنية حلو,0,2022-12-23T16:02:28Z,2022-12-23T16:02:28Z
UgwTUJjNaXgQf830_ch4AaABAg,,False,@RoselyxRose7,We Love You Rosé 💗,3,2022-12-23T16:00:56Z,2022-12-23T16:00:56Z
UgxF-tqwoeKDpxRBlxJ4AaABAg,,False,@m4lrtrx,İ Love you LİSA JENNİE ROSE JİSOO🥰❤️😘🤍,0,2022-12-23T15:56:19Z,2022-12-23T15:56:19Z
Ugyje5pmu2TyVE7iTjF4AaABAg,,False,@yamlzn,BLACKPINK AMO AMO AMO AMO AMO AMO AMO 💕💖💖💖❤️🇧🇷❤️,0,2022-12-23T15:55:50Z,2022-12-23T15:55:50Z
UgxMdYT9iIEDj0W5a194AaABAg,,False,@Yeji_lovel,🇰🇷🇹🇷,3,2022-12-23T15:55:47Z,2022-12-23T15:55:47Z
UgznZAX5B5TyO-fCSu14AaABAg,,False,@Chaelove618,How many uf are Blink,0,2022-12-23T15:54:59Z,2022-12-23T15:54:59Z
UgyDfP2gHyEb4lDWqgt4AaABAg,,False,@darkofrosiem851,Blackpink Turkey pleaseeeee,1,2022-12-23T15:51:49Z,2022-12-23T15:51:49Z
UgwQIxI2I_WIB3hdb0x4AaABAg,,False,@โสภณทูลเกษม,💓💓💞♥️♥️💖💗❤️💓💓💞♥️💖💖❤️💓💓💞💞♥️💖💖💗❤️💓💞💞♥️💖💖💗,0,2022-12-23T15:50:54Z,2022-12-23T15:50:54Z
UgwMUIYnq-ITxBSRatx4AaABAg,,False,@Supshykar0_,그들은 멕시코에 올 것인가,0,2022-12-23T15:50:48Z,2022-12-23T15:50:48Z
UgzLbLi-C6cPsxyIfll4AaABAg,,False,@theelilmonsterr,I'm Blink and I love you blackpink forever 💜jisoo 💜Jennie 💜lisa 💜rose 💜love you 💜🖤💗,0,2022-12-23T15:50:04Z,2022-12-23T15:50:04Z
Ugx-GTSMzElsEgcmYF14AaABAg,,False,@arivontexmart2971,love ya 😍😍😍😍😍,0,2022-12-23T15:49:05Z,2022-12-23T15:49:05Z
Ugx57-LfES-jwPMpMY54AaABAg,,False,@Good_jennah,I am Blink from Algeria,0,2022-12-23T15:48:17Z,2022-12-23T15:48:17Z
UgxAZgX_HOBorqsqwuJ4AaABAg,,False,@blink8265,Black Queen ✨💖,0,2022-12-23T15:47:38Z,2022-12-23T15:47:38Z
UgzkNgLtaCF17YmsmQ14AaABAg,,False,@nethikuntlaabhishek5938,"Wow l will be blink forever love u my 
Queen 👸 💖💖❤️🇮🇳🇮🇳🇮🇳🇮🇳💖❤️❤️🇮🇳🇮🇳",0,2022-12-23T15:42:51Z,2022-12-23T15:42:51Z
UgxsgiQecc838BS0ZWd4AaABAg,,False,@makavanakhushbu6953,나는 큰 깜박임 🖤💖,0,2022-12-23T15:42:37Z,2022-12-23T15:42:37Z
UgzvgtXY6GdHjDhf4kR4AaABAg,,False,@GATOPITUFO454,will they come to America?,1,2022-12-23T15:42:15Z,2022-12-23T15:42:15Z
UgzgjdMijYbwqJteQjJ4AaABAg,,False,@makavanakhushbu6953,I hope Blackpink comes to India too🖤💖,0,2022-12-23T15:41:12Z,2022-12-23T15:41:12Z
Ugz_fUj6FiekU8Dq6Sd4AaABAg,,False,@pnxkln,💘,0,2022-12-23T15:40:34Z,2022-12-23T15:40:34Z
UgzqBcO5DqXfS0u1nO14AaABAg,,False,@only-we,PLEASE COME TO TURKEY,1,2022-12-23T15:38:51Z,2022-12-23T15:38:51Z
Ugw_WBGp_xSHYk5KVrR4AaABAg,,False,@only-we,PLEASE COME TO TURKEY,1,2022-12-23T15:38:39Z,2022-12-23T15:38:39Z
UgxG525pHE9I8sYtjIt4AaABAg,,False,@ChaesliRo,Umarım bizim ülkemizede gelirsiniz,1,2022-12-23T15:38:34Z,2022-12-23T15:38:34Z
UgxEIhMBltet8HMAuwl4AaABAg,,False,@jenniequeen5122,Omg i’m living in germany but can’t come my mum 😭😭😭😭,0,2022-12-23T15:38:24Z,2022-12-23T15:38:24Z
UgxloFoww4MCvnaMvIx4AaABAg,,False,@Nevin4453,I love you lalisa jiso rose and jennie💗💗💗💗💗💗💗💗💗💗💗💗💗💗💗,0,2022-12-23T15:36:25Z,2022-12-23T15:36:25Z
Ugz8ofIEu1SlqZVKDB14AaABAg,,False,@sitiaisyah_05,Blackpink in your area 👑❤️,0,2022-12-23T15:36:02Z,2022-12-23T15:36:02Z
UgzFO-DSqnnNgse0BsR4AaABAg,,False,@Nevin4453,LALİSA💗💗💗💗💗❤,1,2022-12-23T15:33:27Z,2022-12-23T15:33:27Z
UgyxoKkNX71bRcVoyY94AaABAg,,False,@Melodyim,Pls come Azerbaijan 🇦🇿🇦🇿🇦🇿🇦🇿,1,2022-12-23T15:33:19Z,2022-12-23T15:33:19Z
UgxEzHyYn9Bi3n8Snn14AaABAg,,False,@SANA-qn5my,ووووااااااععهههه,0,2022-12-23T15:32:39Z,2022-12-23T15:32:39Z
UgzyuA7dS5JCOeQIrLd4AaABAg,,False,@lavender228,Blackpink in your area 🖤💗,0,2022-12-23T15:32:14Z,2022-12-23T15:32:33Z
Ugw8yiYVHffFFTxaRt14AaABAg,,False,@cuantasoloparaarmysbtsmexi3841,Faltó México 🇲🇽🇲🇽🙏🏻🙏🏻🥺🥺🖤💗,0,2022-12-23T15:32:00Z,2022-12-23T15:32:00Z
UgzzNLxBjorcY3HA4wZ4AaABAg,,False,@mohanbisht9990,Soon I will come Korea 🇰🇷,0,2022-12-23T15:31:14Z,2022-12-23T15:31:14Z
Ugy1OM8wNzsOPNiSyeB4AaABAg,,False,@a..a..a651,💞🖤,0,2022-12-23T15:31:06Z,2022-12-23T15:31:06Z
UgwRwhOeHo0zQSpZsvV4AaABAg,,False,@HaticeKübra24,❤❤❤❤❤❤❤,1,2022-12-23T15:27:15Z,2022-12-23T15:27:15Z
UgxMVDDUryy3bMXNzr14AaABAg,,False,@HaticeKübra24,I love youuuu,1,2022-12-23T15:27:07Z,2022-12-23T15:27:07Z
UgyIA-QuvpRox05KBfN4AaABAg,,False,@tang_teamkae,👍👍🥰🤩❤👍👍,0,2022-12-23T15:26:07Z,2022-12-23T15:26:07Z
UgzN5G32ZzR2G3q-LYJ4AaABAg,,False,@azraongul5635,I LOVE YOU 💗BLACKPİNK🖤,0,2022-12-23T15:25:57Z,2022-12-23T15:25:57Z
UgywYWH-hh1b1ngwXpV4AaABAg,,False,@Anto_cat31,I am blink and I will always continue to be ALL MY LIFE BLACKPINK IN YOUR AREA🤩💗🖤,0,2022-12-23T15:24:55Z,2022-12-23T15:24:55Z
UgyUcgJOX3KhsExnLKR4AaABAg,,False,@achuruby7809,💖💖💖💖,1,2022-12-23T15:19:25Z,2022-12-23T15:19:25Z
Ugx0SQse_BOWoJYf27Z4AaABAg,,False,@Ahmedcoyon,rose Best,1,2022-12-23T15:13:26Z,2022-12-23T15:13:26Z
Ugwoe6Bp5Fa3Sk0Kjs54AaABAg,,False,@anshitagupta5438,"How many Indian blinks are here🇮🇳🇮🇳
👇",1,2022-12-23T15:12:03Z,2022-12-23T15:12:03Z
Ugwk7AOm0FvrGQK06rh4AaABAg,,False,@LuixiChan0624_u.u,WOW,0,2022-12-23T15:11:54Z,2022-12-23T15:11:54Z
UgyN-MDMfrZJSHQ_i6B4AaABAg,,False,@Go_Minsi,Come to Azerbaijan 🖤💖,1,2022-12-23T15:10:11Z,2022-12-23T15:10:31Z
UgwyLW2cC3daPPwWo6Z4AaABAg,,False,@idilsimay01,Turkeyyyyyyyyyyyyy pleaseeeeeeeee,1,2022-12-23T15:10:07Z,2022-12-23T15:10:07Z
Ugyw3EJ5UCLu9LEB6GZ4AaABAg,,False,@Uzaktaolanvardibinibendenalan,"I love you Lisa ,Jennie,Jisu and Lisa♥️♥️",0,2022-12-23T15:09:53Z,2022-12-23T15:09:53Z
UgxufLF8Dy1UcVLhA6Z4AaABAg,,False,@Mrsyagmur,"Please come Turkey😞
I am writing on behalf of Turkish Blinks, please come to Turkey. There are people who love you in Turkey, especially me and my best friend Melis.” I am BLİNK”🖤💗BLACKPİNK İN YOUR AREA❤",0,2022-12-23T15:08:55Z,2022-12-23T15:16:59Z
UgwltU_JAe5voCanMzV4AaABAg,,False,@j.aaaeeeee,Truly Queens...Thank you for always making Blinks happy Blackpink💓💓💓,9,2022-12-23T15:08:54Z,2022-12-23T15:08:54Z
Ugx1pTbPVLb0SSjtxOB4AaABAg,,False,@Yasmine.Palestine,I love you blackpink !!!!!!,1,2022-12-23T15:08:44Z,2022-12-23T15:08:44Z
UgxD3Voh0P3Brajd3NJ4AaABAg,,False,@Uzaktaolanvardibinibendenalan,I love you black Pink,0,2022-12-23T15:08:29Z,2022-12-23T15:08:29Z
Ugw0vHdDXcOWMKsvLJh4AaABAg,,False,@Noga_cat,LOVE YOUUUUU,0,2022-12-23T15:08:11Z,2022-12-23T15:08:11Z
UgxaH8popduK53j0ehp4AaABAg,,False,@_soft_itzyyuna_,Hello Blink love you türkiye 🕋🕌☃🔴⚪,0,2022-12-23T15:08:03Z,2022-12-23T15:08:03Z
UgxVDxvVFSu5Uv_rYZV4AaABAg,,False,@F3nrisees,481. Agagqg,0,2022-12-23T15:04:22Z,2022-12-23T15:04:22Z
Ugykaxt7dGUWBJCoFMp4AaABAg,,False,@jihyo_ot9,Amooo,0,2022-12-23T15:04:14Z,2022-12-23T15:04:14Z
UgxO3IlRWHwFYmzIxXV4AaABAg,,False,@reaksa2152,cambodia😭😭,0,2022-12-23T15:03:54Z,2022-12-23T15:03:54Z
UgwKKrFNnHCahtGg0sV4AaABAg,,False,@Alisa_kitab_kurdu,Õzbekistan please,0,2022-12-23T15:02:39Z,2022-12-23T15:02:39Z
UgzGnMbXZ9V_E9hBAAp4AaABAg,,False,@Anna.tar09,❤❤❤❤❤❤❤❤❤❤ I’m also from Germany but wasn’t able to come 😭😭😭😭😭😭😭😭,0,2022-12-23T15:02:37Z,2022-12-23T15:02:37Z
UgyGNZTn3PLNwLPThlN4AaABAg,,False,@ilovekpops,I LOVE MY BLACKPINK IN UR EREA 😍,1,2022-12-23T15:02:36Z,2022-12-23T15:02:36Z
Ugyb2sVzAX6JexQikMV4AaABAg,,False,@schmablabla6794,"I had no tickets 😭😭😭
-still crying 😭",2,2022-12-23T15:00:32Z,2022-12-23T15:00:32Z
Ugyo-5k4RreRz0Vk53F4AaABAg,,False,@camaldmirov8640,BIACKPİNK COME TO AZERBAİJAN 🇦🇿🇦🇿💖❤💖🇦🇿🇦🇿🇦🇿,0,2022-12-23T14:59:48Z,2022-12-23T14:59:48Z
Ugz6LrY2WNokk3lboqh4AaABAg,,False,@Roseokey,Blackpink is so beautiful,0,2022-12-23T14:58:48Z,2022-12-23T14:58:48Z
Ugxg02_g6dqGZg9zOfV4AaABAg,,False,@leilajihan9595,💋💋❤️😍,0,2022-12-23T14:58:09Z,2022-12-23T14:58:09Z
Ugy9o70LdSpuK_e5hT94AaABAg,,False,@anastasyapasangka5163,Typa girl for Berlin 🔥,0,2022-12-23T14:57:46Z,2022-12-23T14:57:46Z
UgxCJ_UR0Ws_IpgdUVN4AaABAg,,False,@melina.cologne,It was a wonderful time with you 🖤💖 사랑해 🖤💞🖤💞,0,2022-12-23T14:56:59Z,2022-12-23T14:56:59Z
Ugy-rB2zSYMm4h_3K1R4AaABAg,,False,@johannczyronsilvallana8600,Blackpink in your Area🖤💗😍😍😍😍,0,2022-12-23T14:56:03Z,2022-12-23T14:56:03Z
UgyDl4gaIrr23vWBhkd4AaABAg,,False,@jen_my_love,"PLEASE COME TO TURKEY
I LOVE YOU BLACKPİNK🇰🇷🛐💕",0,2022-12-23T14:53:59Z,2022-12-23T14:53:59Z
UgwT23cxFPjqlkN8SOl4AaABAg,,False,@rozerinarslan6274,I love blackpink,0,2022-12-23T14:51:42Z,2022-12-23T14:51:42Z
UgwEKjU66IsHgqjADn54AaABAg,,False,@zackbaba3748,Everyone slayed this concert. I'm sooo proud of you all I ❤️ u sooooo much,1,2022-12-23T14:50:29Z,2022-12-23T14:50:29Z
UgzuTsYjbbPs1Azbk-l4AaABAg,,False,@shifashaikh3560,"I am also an Indian blink 
When you will come India🇮🇳",0,2022-12-23T14:48:49Z,2022-12-23T14:48:49Z
UgwlakfbUx2xaRjSkT54AaABAg,,False,@thvkook11,"BLACKPİNK never come to Türkiye 
😢",0,2022-12-23T14:45:36Z,2022-12-23T14:45:36Z
Ugwa1igeyIOSouFDs8Z4AaABAg,,False,@Rosedarkx,EU SOU O TIPO DE GAROTA QUE AMA O BLACKPINK E QUE NUNCA VOU DEIXAR DE AMAR,0,2022-12-23T14:45:28Z,2022-12-23T14:45:28Z
UgwBcfEcXvew8tmYDTZ4AaABAg,,False,@Sultan_V,Blackink in your area🖤💗,0,2022-12-23T14:45:19Z,2022-12-23T14:45:19Z
UgxjR0TK4n-zd7-KWF14AaABAg,,False,@Eylullskz,❤🧡🧡❤💚💚❤💚💓💕🧡💚🧡💕💕💓💕💓💕🧡💕💓💚💓💚🧡💚🧡💚🧡💚🧡💚🧡💚💚💓💚🧡💚🧡💚💚💕💚💓💕💓💕💓💕💓💕💓💕💕💓BLACKPİNK ❤🧡🧡❤💚💚❤💚💓💕🧡💚🧡💕💕💓💕💓💕🧡💕💓💚💓💚🧡💚🧡💚🧡💚🧡💚🧡💚💚💓💚🧡💚🧡💚💚💕💚💓💕💓💕💓💕💓💕💓💕💕💓BLACKPİNK ❤🧡🧡❤💚💚❤💚💓💕🧡💚🧡💕💕💓💕💓💕🧡💕💓💚💓💚🧡💚🧡💚🧡💚🧡💚🧡💚💚💓💚🧡💚🧡💚💚💕💚💓💕💓💕💓💕💓💕💓💕💕💓BLACKPİNK ❤🧡🧡❤💚💚❤💚💓💕🧡💚🧡💕💕💓💕💓💕🧡💕💓💚💓💚🧡💚🧡💚🧡💚🧡💚🧡💚💚💓💚🧡💚🧡💚💚💕💚💓💕💓💕💓💕💓💕💓💕💕💓BLACKPİNK ❤🧡🧡❤💚💚❤💚💓💕🧡💚🧡💕💕💓💕💓💕🧡💕💓💚💓💚🧡💚🧡💚🧡💚🧡💚🧡💚💚💓💚🧡💚🧡💚💚💕💚💓💕💓💕💓💕💓💕💓💕💕💓BLACKPİNK ❤🧡🧡❤💚💚❤💚💓💕🧡💚🧡💕💕💓💕💓💕🧡💕💓💚💓💚🧡💚🧡💚🧡💚🧡💚🧡💚💚💓💚🧡💚🧡💚💚💕💚💓💕💓💕💓💕💓💕💓💕💕💓BLACKPİNK ❤🧡🧡❤💚💚❤💚💓💕🧡💚🧡💕💕💓💕💓💕🧡💕💓💚💓💚🧡💚🧡💚🧡💚🧡💚🧡💚💚💓💚🧡💚🧡💚💚💕💚💓💕💓💕💓💕💓💕💓💕💕💓BLACKPİNK ❤🧡🧡❤💚💚❤💚💓💕🧡💚🧡💕💕💓💕💓💕🧡💕💓💚💓💚🧡💚🧡💚🧡💚🧡💚🧡💚💚💓💚🧡💚🧡💚💚💕💚💓💕💓💕💓💕💓💕💓💕💕💓BLACKPİNK,1,2022-12-23T14:43:47Z,2022-12-23T14:43:47Z
UgwPpPekioQ_VCABDIJ4AaABAg,,False,@abdullahalibtihaz4486,Wow,0,2022-12-23T14:42:50Z,2022-12-23T14:42:50Z
Ugxj-qs4wayPpNzVtmF4AaABAg,,False,@kyky4023,❤️❤️❤️,0,2022-12-23T14:41:22Z,2022-12-23T14:41:22Z
Ugx4NoWAOH_MW664PJZ4AaABAg,,False,@azraaksoy761,Birkerede Türkiye'ye gelin lütfenn,1,2022-12-23T14:40:40Z,2022-12-23T14:40:40Z
UgxXUwXy5RwnllP6pHF4AaABAg,,False,@pradeeppanwar8259,❤️❤️❤️❤️,0,2022-12-23T14:39:27Z,2022-12-23T14:39:27Z
UgyBN6XV17qyWkajFtN4AaABAg,,False,@sahedaroob1800,Ꭵ°᭄ᶫᵒᵛᵉᵧₒᵤ࿐♥JisooJennieLisa💙🦋Rose,0,2022-12-23T14:38:49Z,2022-12-23T14:38:49Z
UgwXRB9WeiDiL8J1i-J4AaABAg,,False,@Lisawq._.,Omggg hello!!,1,2022-12-23T14:37:09Z,2022-12-23T14:37:09Z
UgxKZ8cHdx4GDXYFO_B4AaABAg,,False,@Mc_moonlight,Wow let go blackpink,0,2022-12-23T14:35:28Z,2022-12-23T14:35:28Z
UgxnC33JDCxgeIeftFp4AaABAg,,False,@sanababaei2320,"I'm German, but I couldn't go because I had school and I'm far away from Berlin 😭😭🤧",0,2022-12-23T14:34:45Z,2022-12-23T14:34:45Z
Ugy8xRgFEVWmAHOEal94AaABAg,,False,@bvgl3m25,"BLACPİNK İN YOU ARE
YEAH",1,2022-12-23T14:34:12Z,2022-12-23T14:34:12Z
UgzTG-I3Z-JesD6kfmJ4AaABAg,,False,@Dixwp,터키도 와주세요 사랑해주시는 블링크분들 많이 오세요,1,2022-12-23T14:33:44Z,2022-12-23T14:33:44Z
UgykK4KFtC_ISvsNjvZ4AaABAg,,False,@honeygupta2250,ｂｌａｃｋｐｉｎｋ ｄｏ ｙｏｕ ｌｉｖｅ ｐｌｅａｓｅ ｔｅｌｌ,0,2022-12-23T14:33:42Z,2022-12-23T14:33:42Z
UgxI7OvFDr_RZiAKDNV4AaABAg,,False,@j.n.3093,Wow,0,2022-12-23T14:33:21Z,2022-12-23T14:33:21Z
UgxePP1wEyEDMK78FK14AaABAg,,False,@Kmusic_official,"Slayyy QUEENS 
See you next year for Asia tour",0,2022-12-23T14:32:56Z,2022-12-23T14:32:56Z
UgyTTyIo87rvklCkMwx4AaABAg,,False,@kpop44477,OMG 🖤💗,0,2022-12-23T14:31:12Z,2022-12-23T14:31:12Z
UgydoJEYgLJh3AgCc_p4AaABAg,,False,@Eniameliaeaofficial,Blackpink in your areaaa,0,2022-12-23T14:29:12Z,2022-12-23T14:29:12Z
UgxaKkYf6lzeBwHZi0N4AaABAg,,False,@PolishHalyna,Koncert in Poland pls,0,2022-12-23T14:28:49Z,2022-12-23T14:28:49Z
UgxGBrsmvoQPn6TJM9V4AaABAg,,False,@florenciaolivera.1992,BLACKPINK las mejores del MUNDO!!!,0,2022-12-23T14:27:29Z,2022-12-23T14:27:29Z
Ugz2IoaBWmm846Itx2B4AaABAg,,False,@user-ib3hw4qe7j,"블랙 핑크 퀸즈 과학자 미녀 나는 너희 모두를 사랑해 매우입니다 매우입니다 이 얼마나 보편적인 아름다움 🌏이봐, 세상의 아름다움",0,2022-12-23T14:27:08Z,2022-12-23T14:27:08Z
UgzX3WTmOURnq1LqRi14AaABAg,,False,@chaelovesyou3,I WAS THERE,1,2022-12-23T14:26:49Z,2022-12-23T14:26:49Z
Ugz-PfETv4Oa4-hUJgZ4AaABAg,,False,@بية-و9ط,بلاك بينك,0,2022-12-23T14:26:04Z,2022-12-23T14:26:04Z
UgwTkiS4xT8Mu1knsSF4AaABAg,,False,@kyllian_ytb_officiel1243,❤❤,1,2022-12-23T14:25:17Z,2022-12-23T14:25:17Z
Ugx7h3ZLuOPJbza6AIt4AaABAg,,False,@kthra_am,사랑해,1,2022-12-23T14:24:23Z,2022-12-23T14:24:23Z
UgyQ5H1TDU5m5DOzHGp4AaABAg,,False,@blackpinkqueensforever499,Wow this is best concert ever thank you so much Blackpink and we love you 💖🖤,2,2022-12-23T14:24:15Z,2022-12-23T14:24:15Z
UgzBVErUxHu777Wa3zx4AaABAg,,False,@rosievsly_kp,I wana stay born pink. But i can’t go,0,2022-12-23T14:23:05Z,2022-12-23T14:23:05Z
UgwcMyydjTDJGgG0cUB4AaABAg,,False,@mikediezel0923,<3,0,2022-12-23T14:22:34Z,2022-12-23T14:22:34Z
UgxVe5bcKGOgwPNFi_54AaABAg,,False,@lialex4734,Love you guys❤can’t wait to see you in Hong Kong ❤,1,2022-12-23T14:21:48Z,2022-12-23T14:21:48Z
Ugx2nPFpeYnqtAEoU1l4AaABAg,,False,@razoresportsindia,🔥🔥🔥🔥🔥🔥,1,2022-12-23T14:20:58Z,2022-12-23T14:20:58Z
UgxUxTokpIZHsisfhXh4AaABAg,,False,@_ons816,BLACKPINK IN YOUR AREA🖤💗,0,2022-12-23T14:20:40Z,2022-12-23T14:20:40Z
UgzUyF9b1oUFD1qCMSx4AaABAg,,False,@물만듀-b8z,🖤💖🖤💖🖤💖🖤💖🖤💖,0,2022-12-23T14:20:40Z,2022-12-23T14:20:40Z
UgxNyhWlUL1Nvnu6TRt4AaABAg,,False,@mervekasap12,Please TÜRKİYEEEE 🥺🥺,1,2022-12-23T14:20:23Z,2022-12-23T14:20:23Z
Ugzwqo90hi2L8biY2LB4AaABAg,,False,@Jasmine16315,Actress lisa blackpink 🥺🥺🥺🥺😔😔😔😔🙏🙏🙏,0,2022-12-23T14:18:16Z,2022-12-23T14:18:16Z
Ugwyhdq8RmI3oWkAB1B4AaABAg,,False,@Meeks2007,"TYPA GIRLS IN BERLIN, WOO HOO BLACKPINK IS A REVOLUTION💖🖤",0,2022-12-23T14:17:47Z,2022-12-23T14:17:47Z
UgzNoT8s5XjtqYgipAV4AaABAg,,False,@normal_bir_kz3453,"❤♾
l love you blackpink ♾♾♾❤❤❤",0,2022-12-23T14:16:19Z,2022-12-23T14:16:19Z
UgxKLb92qpL0GFapJKZ4AaABAg,,False,@ilhaanilhaan9105,BLACK  PlNK🇩🇪,1,2022-12-23T14:16:00Z,2022-12-23T14:16:00Z
UgzqVqNzAR0OpRsMof94AaABAg,,False,@anastasiatsigryk9599,Ukranian blinks here?💙💛,0,2022-12-23T14:15:33Z,2022-12-23T14:15:33Z
Ugz3djqZPI210L6rxxl4AaABAg,,False,@Qfk18,"ÖZÜM ÖLÜM CANIMIZ ÇIXDI GƏLİNDƏ AZƏRBAYCANA XAHİŞ EDİRƏMMM
-azeblink🇦🇿",1,2022-12-23T14:13:50Z,2022-12-23T14:13:59Z
UgxI5T3eeiPC7qp-YhV4AaABAg,,False,@arafal1503,Ot 4 Queens 👑👑👑👑,0,2022-12-23T14:13:42Z,2022-12-23T14:13:42Z
Ugxtrn0SjoHlNzCk6B54AaABAg,,False,@army7212-,BLECPİNK=FOREVER🇹🇷❤️,0,2022-12-23T14:13:40Z,2022-12-23T14:13:40Z
Ugx16Pz6gxA9oKA4AaF4AaABAg,,False,@lana.18,ه,0,2022-12-23T14:13:12Z,2022-12-23T14:13:12Z
UgwVG9JknZeyjo4gxOp4AaABAg,,False,@Reisayless,First,0,2022-12-23T14:12:33Z,2022-12-23T14:12:33Z
UgzfUNzWDtu9Ml1krkJ4AaABAg,,False,@elina9364,Mongolia ¿¿¿¿¿ pliis,0,2022-12-23T14:12:19Z,2022-12-23T14:12:19Z
UgzWwL41n2fqtUNNLgh4AaABAg,,False,@mahmudazizli3708,Blackpink❤❤❤❤❤❤❤❤❤❤❤❤❤❤❤❤❤❤❤❤❤❤❤❤❤❤❤❤❤❤❤❤,1,2022-12-23T14:10:53Z,2022-12-23T14:10:53Z
UgyuKn-41F7LEM8qnM94AaABAg,,False,@Blink188_,İ'm blink loveee from Azerbaijan 🇦🇿🇦🇿🇦🇿🇰🇷🇰🇷🇰🇷,3,2022-12-23T14:09:54Z,2022-12-23T14:09:54Z
UgzjdPjq2hvKzEGzRVh4AaABAg,,False,@unohana-w1y,I love you black pink,0,2022-12-23T14:09:51Z,2022-12-23T14:09:51Z
Ugxpc93u7dCC8-us9Tl4AaABAg,,False,@Skz_seungmin_love,터키에 와주길 바래 블랙핑크 ;(,1,2022-12-23T14:09:23Z,2022-12-23T14:09:23Z
UgyZOgW4gbD--Oz0UmF4AaABAg,,False,@بلاكتانفخرالعالم-خ4ذ,بلاكييييييي,0,2022-12-23T14:09:18Z,2022-12-23T14:09:18Z
UgzzLCgbRaewhyI2GHx4AaABAg,,False,@dkcreation3377,like ta ta ta tha ra ra ra 🔥💗,0,2022-12-23T14:08:30Z,2022-12-23T14:08:53Z
UgzdrgkSKPtVdwa8V_p4AaABAg,,False,@Enektar816,칠면조로 와주세요 블랙핑크님 팬입니다 터키로 와주세요 이스탄불 바이람파사 해주세요,0,2022-12-23T14:07:24Z,2022-12-23T14:07:24Z
UgzljC-In5575p3QmCR4AaABAg,,False,@genildogomes1313,adoro esse grupo são lindas,0,2022-12-23T14:07:00Z,2022-12-23T14:07:00Z
Ugyi0YGx-OQT3uuSgIl4AaABAg,,False,@mickeymouse7972,Blackpink never disappoint us😁,0,2022-12-23T14:06:21Z,2022-12-23T14:06:21Z
UgxX4C9t79OjivxWfWB4AaABAg,,False,@sarvarbekovasabina3775,❤❤❤❤,0,2022-12-23T14:05:55Z,2022-12-23T14:05:55Z
UgwlYr6Cw9_XkQW-gcx4AaABAg,,False,@RosiePosieDidItAgain-1,Proud of you ❤️,0,2022-12-23T14:05:24Z,2022-12-23T14:05:24Z
Ugw36C4CqbnLiu7P7YN4AaABAg,,False,@Aybukekaplan-t9b,I love you jennie 🇹🇷🇹🇷🇹🇷🇹🇷🇹🇷,0,2022-12-23T14:02:19Z,2022-12-23T14:02:19Z
Ugw4R9c2nChdtV0a-1N4AaABAg,,False,@jenniex6258,Best day of my whole life❤ Thank you so so much Blackpink for this unforgettable and amazing Concert🥰 Ich liebe euch❤️‍🩹,6,2022-12-23T14:02:09Z,2022-12-23T14:02:09Z
UgyiVjwqPRklPmabTit4AaABAg,,False,@Kapandi_sanirim,Come to Turkey plsssss we love you sooo much (Sorry about my bad English),0,2022-12-23T14:00:05Z,2022-12-23T14:00:05Z
Ugw8bFW9WEhjx5wbqCl4AaABAg,,False,@alheebestcift,💕💋💋,1,2022-12-23T13:59:21Z,2022-12-23T13:59:21Z
UgwJiCX7iTsXsFvEGzZ4AaABAg,,False,@QUEEN-vd1ut,"I love you blackpink ❤️
I love you all member 🌼🌼",0,2022-12-23T13:59:13Z,2022-12-23T13:59:13Z
UgwCU2Ifp1rIfd0N7h54AaABAg,,False,@sunday_star,BLINK INFINITY💜,0,2022-12-23T13:58:11Z,2022-12-23T13:58:11Z
UgyMzP4kDaVTDl3QiTV4AaABAg,,False,@MoonJJRL,Fantastic queens! Love you 😍❤️,0,2022-12-23T13:53:40Z,2022-12-23T13:53:40Z
Ugy0wzQEoIzBeUrur2F4AaABAg,,False,@Only-Ece-3,We love blackpink not because they re beautiful but because they teach us that we can achieve the impossible,4,2022-12-23T13:53:11Z,2022-12-23T13:53:11Z
UgyXsFcUoqI9uJuBclN4AaABAg,,False,@blackpinkandveronikalodge,"Мы вас очень любим,красавицы🖤💖",0,2022-12-23T13:53:04Z,2022-12-23T13:53:04Z
UgwtWlrDZHY1mWt4M4h4AaABAg,,False,@blackpinkandveronikalodge,Блэкпинк в нашем районе,0,2022-12-23T13:52:27Z,2022-12-23T13:52:27Z
UgwF6TB8gtUkFgDvEvV4AaABAg,,False,@ganaadel4231,بحبكم 🇪🇬,0,2022-12-23T13:51:59Z,2022-12-23T13:51:59Z
UgyOGiMGEcD2kX-oao94AaABAg,,False,@ganaadel4231,لاف يوو بلاك بينك 😭✨.,0,2022-12-23T13:51:37Z,2022-12-23T13:51:37Z
UgxcI4YYoA9OXRNFMU94AaABAg,,False,@sofiasosa7467,❤❤,0,2022-12-23T13:50:29Z,2022-12-23T13:50:29Z
UgxvVElffI9BQErWIfh4AaABAg,,False,@stephanytrujeque5204,QUEENS,0,2022-12-23T13:49:48Z,2022-12-23T13:49:48Z
UgzTKVMMuNeleba39jl4AaABAg,,False,@lalisa5257,Iam the type girl iam the type girl,1,2022-12-23T13:49:10Z,2022-12-23T13:49:10Z
UgwF9TacuzNjuKLJ2sh4AaABAg,,False,@elisaisler3128,Plssss Come to Turkey,1,2022-12-23T13:46:54Z,2022-12-23T13:46:54Z
Ugy152t5Pc0g2PonpUR4AaABAg,,False,@ImtiazKhan-wu9jq,😂😂😂,0,2022-12-23T13:46:28Z,2022-12-23T13:46:28Z
UgxCHqS2y5FLhG2Dl2t4AaABAg,,False,@jucinei_jose_marculino,wanted to see your roseanner park alliance,0,2022-12-23T13:46:20Z,2022-12-23T13:46:20Z
UgxTHDu4Cahge_v-ipR4AaABAg,,False,@idk.ef.g,I love you so much my birthay is in bkackpink decaration 💖💖💖 🥺🥺🥺 pls come to austuria💖🥺🥺🥺🥺,0,2022-12-23T13:45:34Z,2022-12-23T13:45:34Z
UgyxTTKLj-FwF3NMKU14AaABAg,,False,@idk.ef.g,Blackpink i love you soo much and blinks i love you too i live in austira no in germeny:( can you come to austurial plssssss💖💖💖,0,2022-12-23T13:44:30Z,2022-12-23T13:44:30Z
UgwhGaQYoOGvHsRteo54AaABAg,,False,@annagurtner9606,BERLIN WAS THE BEST CONCERT EVER,0,2022-12-23T13:42:32Z,2022-12-23T13:42:32Z
UgzYbrptcFpcbKBpl314AaABAg,,False,@Katsuki_Bakugo-31,WE LOVE YOU BLACKPİNK ❤❤❤❤❤❤❤❤❤❤❤,1,2022-12-23T13:41:38Z,2022-12-23T13:41:38Z
UgwlHAy-tV6JT5ULp_h4AaABAg,,False,@flowersjassim4745,Blackpink the best 💗🖤,0,2022-12-23T13:41:00Z,2022-12-23T13:41:00Z
UgywMC9PoY0O2FMWy9x4AaABAg,,False,@oymild,ROSEEEE,1,2022-12-23T13:41:00Z,2022-12-23T13:41:00Z
Ugz7ltN4gf-zuRtPAW54AaABAg,,False,@kartikatika1159,🤩😍LISA,1,2022-12-23T13:40:51Z,2022-12-23T13:40:51Z
UgzIfFFAOOxrnDIOTZN4AaABAg,,False,@ainna702,Thank you blackpink (◍•ᴗ•◍)❤,0,2022-12-23T13:38:31Z,2022-12-23T13:38:31Z
UgywwcaOp5asdpO1sJt4AaABAg,,False,@a.z.i.z.a2039,omg so so so so coolll and nice 🥰🥰🥰 i love u blanckpink vs lalisaaa i loveeeeeeee,0,2022-12-23T13:38:29Z,2022-12-23T13:38:29Z
Ugw3OQ_IbLWVQsyWi7J4AaABAg,,False,@Kpopfancamqs,🖤BLΛƆKPIИK💗,0,2022-12-23T13:38:15Z,2022-12-23T13:38:15Z
UgzNGknuaIImCIbIkaZ4AaABAg,,False,@Renyir,I live in Berlin but my mom says no to go to a concert 😢,0,2022-12-23T13:35:50Z,2022-12-23T13:35:50Z
Ugxj0yovN7mxOUznqfB4AaABAg,,False,@HwangYer1official,"아제르바이잔에 오세요, nolarrr, 여기에 많은 깜박이가 있습니다. 모두가 아제르바이잔에서 당신을 기다리고 있습니다, 4 명의 여왕 <33",0,2022-12-23T13:34:25Z,2022-12-23T13:34:25Z
Ugwg2eS-XPHWnaQ9QUl4AaABAg,,False,@murilooo228,Come to braziil 🇧🇷🇧🇷🇧🇷🇧🇷🇧🇷🇧🇷,0,2022-12-23T13:34:10Z,2022-12-23T13:34:10Z
UgztKBXTSkMhkhTFf894AaABAg,,False,@юлиялебедева-о6м,Эх вот бы группа блакпинк приехали в Вильнюс,0,2022-12-23T13:31:37Z,2022-12-23T13:31:37Z
UgwItzBpa_7gwvXUPcF4AaABAg,,False,@gabyd188,Blackpink we're waiting for you in Latinamerica,0,2022-12-23T13:31:21Z,2022-12-23T13:31:21Z
UgyMD-sTQxUiUHlWPZR4AaABAg,,False,@pitanareepanyaping8458,❤,0,2022-12-23T13:30:07Z,2022-12-23T13:30:07Z
UgxFLFNj8D7T2mJ762x4AaABAg,,False,@hnia6113,AMAZING NIGHT THANK YOU GIRLS❤,0,2022-12-23T13:28:46Z,2022-12-23T13:28:46Z
Ugw7jPTFDyV3H1_efrJ4AaABAg,,False,@kameo-,わぁーーーいつみてもかわいい　かっこいい！ライブいきたいです！💟,0,2022-12-23T13:25:52Z,2022-12-23T13:25:52Z
UgzvZ4Z1pZdR6NmjrMV4AaABAg,,False,@tiffang0,I was there!,1,2022-12-23T13:24:44Z,2022-12-23T13:24:44Z
Ugx01hFIOmbt7w9gWfB4AaABAg,,False,@blackpinkblink2.049,omg 🥰🥰,0,2022-12-23T13:22:50Z,2022-12-23T13:22:50Z
Ugy9Gpanv1OK2yLvak94AaABAg,,False,@tszeal6488,อัพถี่ๆเลย ชอบดู,0,2022-12-23T13:21:57Z,2022-12-23T13:21:57Z
UgxWBOTJAgE3V693nrV4AaABAg,,False,@Gobika09,"4 rapper, 4 vocalists,4 dancer and 4 visualist. BLACK PINK NEVER DISAPPOINTS  🖤💗 
WE LOVE YOU BLACKPINK 🖤💗",1,2022-12-23T13:21:31Z,2022-12-23T13:21:31Z
UgwkshuG57MroAuQdWN4AaABAg,,False,@blink_eu8742,"plsssssss blackpink can you do your concert in india,Asia? there is so many blink waiting for you .Lisa,jennie,jisoo,rosè I hope you  will come to India for blinks.We want you .Please yg do it for blink .love you 😍💓💓💞💕💗💗💗💗💗💗💖💖💖",1,2022-12-23T13:19:25Z,2022-12-23T13:19:25Z
Ugw4MTogan8uPR1Z1Wh4AaABAg,,False,@EsteizyHG,Ojala un día pueda convertirme en ustedes,0,2022-12-23T13:18:41Z,2022-12-23T13:18:41Z
UgxGNjGrjPHon4ZqcU94AaABAg,,False,@Kooksathi32,BLACKPINK IN YOUR AREA 🖤💗,1,2022-12-23T13:16:37Z,2022-12-23T13:16:37Z
UgwwWz1sOVErB8wfpGF4AaABAg,,False,@Vienna_18,اول,0,2022-12-23T13:15:49Z,2022-12-23T13:15:49Z
UgwZZPRZGxXjQn-wV8p4AaABAg,,False,@blackpinkworldavocado9506,This tour is amazing! You are the girls who have the most subscribers in history!,4,2022-12-23T13:14:08Z,2022-12-23T13:14:08Z
UgzAQk0I-q_e6uYzrDF4AaABAg,,False,@laeswq,CHANGE LISA'S CLOTHES!!!,0,2022-12-23T13:12:54Z,2022-12-23T13:12:54Z
UgwxewCpiFKi9SujrLx4AaABAg,,False,@Butterflyy1-11,"I really like blackpink, and BLINK!!",0,2022-12-23T13:11:25Z,2022-12-23T13:11:25Z
UgyTe0HetYxDB2r-C1l4AaABAg,,False,@tsukini_018.11,почему Blackpink не делают концерты в России 😢,0,2022-12-23T13:10:40Z,2022-12-23T13:10:40Z
UgxJFVIvy_A0LHH79qx4AaABAg,,False,@LKM129,love BLACKPlNK❤❤❤❤❤❤❤❤❤❤❤,1,2022-12-23T13:10:13Z,2022-12-23T13:10:13Z
UgwFmpMzgDQ-Y0ZNv1t4AaABAg,,False,@memecoce,❤,1,2022-12-23T13:09:56Z,2022-12-23T13:09:56Z
UgwRfQkTlS06wupjmkx4AaABAg,,False,@kokkiligaddamalliswari4194,🖤💗,1,2022-12-23T13:09:56Z,2022-12-23T13:09:56Z
UgxwZbv8RNgho9AGV194AaABAg,,False,@wolveofthenight927,♡OT4,1,2022-12-23T13:09:24Z,2022-12-23T13:09:24Z
Ugz8f8J9sblkMY7elUx4AaABAg,,False,@baesoo3601,💟😍,1,2022-12-23T13:08:50Z,2022-12-23T13:08:50Z
Ugy4ABLwtQOzDXkTWih4AaABAg,,False,@ingridpereira9752,"COME TO BRAZIL PLEASE 😭😭😭😥😢

B-blinks like please",3,2022-12-23T13:08:50Z,2022-12-23T13:09:22Z
Ugx89xNKcquTi_fDrbV4AaABAg,,False,@lanaethemoon6274,Yea blackpink!!,0,2022-12-23T13:07:00Z,2022-12-23T13:07:00Z
Ugw_ifcgTKZeyxw_XIJ4AaABAg,,False,@blinkgirl683,Lütfen Türkiye'ye gelinnnn❤,0,2022-12-23T13:06:07Z,2022-12-23T13:06:07Z
Ugx1Bor8-LUO298gZ-R4AaABAg,,False,@larissastuart5698,Blackpink🖤💗,0,2022-12-23T13:05:46Z,2022-12-23T13:05:46Z
Ugw4cRLrfU9Yzhtgywp4AaABAg,,False,@larissastuart5698,❄❄☃️☃️🎄🎄,0,2022-12-23T13:04:57Z,2022-12-23T13:04:57Z
Ugxu6m1MWUK76XhEl5N4AaABAg,,False,@Nayeonlovely.,JENNİE I LOVE YOU JENNİE ❤️❤️❤️❤️❤️❤️❤️❤️❤️❤️❤️❤️❤️ I LOVE YOU JENNİE ❤️❤️❤️❤️❤️❤️,0,2022-12-23T13:04:34Z,2022-12-23T13:04:43Z
Ugzyo5ezIbcahJ5J_lR4AaABAg,,False,@bugissan1,Yesss💗💗,0,2022-12-23T13:04:04Z,2022-12-23T13:04:04Z
UgzN6FuIx-rHCbLVHNp4AaABAg,,False,@ghazal1893,319😭💗🤏🏻,0,2022-12-23T13:02:54Z,2022-12-23T13:02:54Z
UgxJUhICtxTGMUkKLFl4AaABAg,,False,@kpoper_2874,Typa girl,1,2022-12-23T13:02:22Z,2022-12-23T13:02:22Z
UgwkCrEjJdmhDctugJl4AaABAg,,False,@runchranda9430,Das war so heftig 😖😖😖🫶🏽🫶🏽🫶🏽,0,2022-12-23T13:02:01Z,2022-12-23T13:02:01Z
Ugy3PLMK3V3uvdSp5hN4AaABAg,,False,@nicolasv3433,Dios blackpink las amooo ✨♥️✨♥️,0,2022-12-23T13:01:59Z,2022-12-23T13:01:59Z
UgxXecRrnHofDtd0RpJ4AaABAg,,False,@Suvior_Angels,"4 vocals 4 rap 4 voice 4 Queen 4princess

Pls sucribe",0,2022-12-23T13:01:05Z,2022-12-23T13:01:05Z
UgyDVD-64S_Z837eBPp4AaABAg,,False,@ttnncyy,"👑👑 QUEEN👑👑💖🖤BLACKPINK💖🖤
👑 QUEEN🇹🇭 LISA 🇹🇭
👑 QUEEN 🇦🇺 ROSE 🇰🇷
👑 QUEEN 🇰🇷 JENNIE 🇰🇷
👑 QUEEN 🇰🇷 JISOO 🇰🇷",1,2022-12-23T13:00:28Z,2022-12-23T13:01:44Z
Ugx9JkHvyr1t8n7wf294AaABAg,,False,@BEAUTIFULGIRLNUMBER1,PLEASE COME TO ALGERIA🥺🥺🥺🇩🇿🇩🇿🇩🇿🇩🇿🇩🇿,0,2022-12-23T13:00:08Z,2022-12-23T13:00:08Z
UgzCjaZqAqu7tNpgEH54AaABAg,,False,@justblink9941,Blink frover 💗💗😘,0,2022-12-23T12:59:36Z,2022-12-23T12:59:36Z
Ugy7ASFbbnodO7j8S7Z4AaABAg,,False,@armyblink8159,I would love to go to your concert 😘😔 I LOVE YOU 🖤💗,1,2022-12-23T12:59:12Z,2022-12-23T12:59:12Z
UgxkohInmAqNYhgJatB4AaABAg,,False,@kediiiiiiii8,Ya keşke bende orda olsam,0,2022-12-23T12:59:03Z,2022-12-23T12:59:03Z
UgzPMVJLWmGlznloBLB4AaABAg,,False,@gulluince0,블랙핑크 터키로 와주세요,0,2022-12-23T12:56:44Z,2022-12-23T12:56:44Z
Ugzh6HsI_466mD4G8Bp4AaABAg,,False,@Skshihabpala,I can't come  there  but I'm a big fan of blackpink    $$  who can say where isthat steg,0,2022-12-23T12:56:30Z,2022-12-23T12:56:30Z
UgzkPMf5WuNtg0mjWeJ4AaABAg,,False,@mardjdjdjd,Love you blackpink,0,2022-12-23T12:55:27Z,2022-12-23T12:55:27Z
UgzcPE2SGK98OmV9Y1h4AaABAg,,False,@lominenk1147,I would have gone but i had school  on those 2 days im still sad about it but the most sad thing is that they will never come back to Germany or anywhere else  and it was my dream to meat them,0,2022-12-23T12:55:21Z,2022-12-23T12:55:21Z
UgyFxycXHHqBX5XS7HR4AaABAg,,False,@feraydursun2418,I LOVE YOU BLACKPINK🖤💗,0,2022-12-23T12:55:19Z,2022-12-23T12:55:19Z
UgyV9-W-_Tw9GHMsHDR4AaABAg,,False,@shohokutensai8327,Merry Christmas Blackpink and Blinks.,0,2022-12-23T12:54:17Z,2022-12-23T12:54:17Z
UgyIvVVtSWixyB8Qk2F4AaABAg,,False,@jackyschippsi6046,Es war unglaublich 😍 Hoffe sie kommen irgendwann wieder nach Deutschland 😃,0,2022-12-23T12:52:55Z,2022-12-23T12:52:55Z
UgzP6Zfrn79SrE21XLt4AaABAg,,False,@lilimsqueen,Türkiyeyede gelin yaa,0,2022-12-23T12:52:48Z,2022-12-23T12:52:48Z
UgxcqidWE_5W4zQ6GW14AaABAg,,False,@LittleLisa-w6j,I love you BLACKPINK IN YOUR AREA 🖤💖 😊❤,0,2022-12-23T12:52:41Z,2022-12-23T12:52:41Z
Ugyv3wcFsWtuMuYwFH94AaABAg,,False,@a.uyslll92837,blackpink in your area,0,2022-12-23T12:51:24Z,2022-12-23T12:51:24Z
UgyK2ZSBSTAlQqE85Np4AaABAg,,False,@aminabrb1435,"When will you come to Algeria 
This is like a dream",0,2022-12-23T12:50:31Z,2022-12-23T12:50:31Z
Ugyl76sIdqIGr1yPHCt4AaABAg,,False,@jennieninsamsungubestgirls2717,Blackpink,0,2022-12-23T12:48:52Z,2022-12-23T12:48:52Z
UgyMDPbUOpm9SI88ilR4AaABAg,,False,@Ceren_dg,Yeeeee,0,2022-12-23T12:48:47Z,2022-12-23T12:48:47Z
UgzOOSOMN7RFvN254Ol4AaABAg,,False,@blinks_black,I love you Bp My bias is rosé,0,2022-12-23T12:48:17Z,2022-12-23T12:48:29Z
UgweQjywfvqQ0HMMZGp4AaABAg,,False,@dobie_m6091,You are my all type a girls ❤️❤️❤️💛,0,2022-12-23T12:48:15Z,2022-12-23T12:48:15Z
Ugx6TwbdvC_MZM7AjKx4AaABAg,,False,@-20_88,"I love Black Pink very much and I want to attend the concert, but I am from an Arab country and we are not allowed to go to such concerts. I love this song very much. Last night I listened to it every day. I love it very much. I hope one day I can attend 💖",0,2022-12-23T12:48:14Z,2022-12-23T12:48:14Z
UgxLVjwvhHAYR6qsX854AaABAg,,False,@Thebestofthebest685,Boyle bir video TÜRKİYE'DEN de bekliyoruz❤🎉😂❤🎉😂,0,2022-12-23T12:46:48Z,2022-12-23T12:46:48Z
Ugw_ykJe98b_CsfcYq94AaABAg,,False,@zaywady6418,BLACKPINK in your area 🖤💖,0,2022-12-23T12:45:20Z,2022-12-23T12:45:20Z
UgzJNScxsD3ZUqdHNdd4AaABAg,,False,@_shabah_,결정했어! 지수 내 며느리가 되라!,0,2022-12-23T12:45:11Z,2022-12-23T12:45:11Z
UgymA1ONY3aak47v0pR4AaABAg,,False,@Rayna.random_videos,When will you come to Bulgaria?,0,2022-12-23T12:43:55Z,2022-12-23T12:43:55Z
UgyU4RYlHo4UHr9v8054AaABAg,,False,@SetF_20,Berlin,1,2022-12-23T12:43:42Z,2022-12-23T12:43:42Z
Ugx0kslvpCYEYild5w94AaABAg,,False,@MariBLACK754,BLACKPINK IS THE REVOLUTION,1,2022-12-23T12:43:07Z,2022-12-23T12:43:07Z
Ugw7S1nMMpE0F9CHgHN4AaABAg,,False,@rhythmsharma3373,"Is anyone gona talk about their outfits. They are soooo amazing 
Jennie looks soo stunning 😍
Jisoo tooo",7,2022-12-23T12:42:10Z,2022-12-23T13:15:11Z
UgyYc7-k3qrGI4IhQ2B4AaABAg,,False,@sweetlyy_.10,wow blackpink l love you🤩🤩🤩,1,2022-12-23T12:41:22Z,2022-12-23T12:41:22Z
Ugx_UzAlI3aPzcc4Yyh4AaABAg,,False,@MARINA_727,Aí love you 😁😘❤,0,2022-12-23T12:39:53Z,2022-12-23T12:39:53Z
Ugw0I1qyFu59UTegfep4AaABAg,,False,@notyorbaddie1755,"I see Lisa, I click the video... it's that simple
*love bp*",12,2022-12-23T12:39:40Z,2022-12-23T12:39:40Z
Ugw3oCNCJxYQB7FVBg54AaABAg,,False,@raquelagustin6722,I love you BLACKPINK.,0,2022-12-23T12:39:38Z,2022-12-23T12:39:38Z
UgzgLipuTdzMS_hJVbd4AaABAg,,False,@Dana_aesthetic,El mejor show de mis reinas💌.💗,1,2022-12-23T12:39:05Z,2022-12-23T12:39:05Z
Ugx6dUUKW2kEGOnV7jF4AaABAg,,False,@Daddy-gc4rx,❤️❤️❤️❤️,0,2022-12-23T12:38:07Z,2022-12-23T12:38:07Z
Ugyg_7cxwcYG19QxOe54AaABAg,,False,@movieedits1017,Blackpink 🔥,1,2022-12-23T12:37:48Z,2022-12-23T12:37:48Z
UgwuJ4QWjsQCJqP70h14AaABAg,,False,@1rfancankahveci7,Kann ich mit 11 Jahren an Konzerten teilnehmen?,0,2022-12-23T12:36:50Z,2022-12-23T12:36:50Z
UgwMtA0i9_J6WuUUxvZ4AaABAg,,False,@Gobika09,THIS IS WHAT WE MEANS WHEN WE SAY BLACK PINK IN YOUR AREA....,1,2022-12-23T12:36:41Z,2022-12-23T12:36:41Z
UgzAag5toD4kr6EgEyV4AaABAg,,False,@Haewoniw,Wow🤩🤩🤩🤩🤩,0,2022-12-23T12:36:19Z,2022-12-23T12:36:19Z
Ugy-UM73fwF_5vVVsNt4AaABAg,,False,@Kibobih_,يجننو,1,2022-12-23T12:36:14Z,2022-12-23T12:36:14Z
Ugy3cLoyaKsaXSvcT-Z4AaABAg,,False,@s.sallstyle,Plz come india tour,0,2022-12-23T12:35:59Z,2022-12-23T12:35:59Z
UgxRQsFUyxi2scUUsCB4AaABAg,,False,@ranatut6658,HAYALİM BLACKPİNK'İN KONSERİNE GİTMEK.😢😢😢😢😢😢😢😭😭😭❤❤,1,2022-12-23T12:34:53Z,2022-12-23T12:34:53Z
UgyOMSXlv5WPdgEY_lN4AaABAg,,False,@чижыкпыжик-ф2ю,blackpink in your arena 💗,0,2022-12-23T12:34:39Z,2022-12-23T12:34:39Z
Ugw3KwuFlWSvUDmb3R94AaABAg,,False,@أميريعلي-ز1ذ,💛💛💗💗,1,2022-12-23T12:34:26Z,2022-12-23T12:34:26Z
UgwixbDfkdB54lmwGg14AaABAg,,False,@أميريعلي-ز1ذ,بلاك بينك أحله فرقه بالعالم 😍💗💗,1,2022-12-23T12:33:43Z,2022-12-23T12:33:43Z
UgzUSJ2Sk6nbxjtSGGh4AaABAg,,False,@أميريعلي-ز1ذ,💖💜💙💚💓💕💗💝💞💟❣💛,1,2022-12-23T12:32:55Z,2022-12-23T12:32:55Z
Ugx6FeEWjbesptUjuT94AaABAg,,False,@adorbs_zara,this is amazing!i went to there concert and it was AMAZING!BLACKPINK DOES ALL THIS THINGS TO MAKE US HAPPY!IM HERE BEFORE 1K COMMENTS BTW!❤❤,0,2022-12-23T12:32:40Z,2022-12-23T12:32:40Z
Ugz7xodCXKW1GeonKDl4AaABAg,,False,@eberrudrgz,"터키 사람들은 당신을 매우 사랑합니다. 간청합니다. 터키에 와주세요. Blackpink, 당신은 할 수 있습니다.",1,2022-12-23T12:32:20Z,2022-12-23T12:32:20Z
Ugxe0n6WZtAY0wz4vSx4AaABAg,,False,@priyankpandey6426,oh please come in India,0,2022-12-23T12:32:11Z,2022-12-23T12:32:11Z
Ugz0dT9hNdrQ4_H_ZYt4AaABAg,,False,@Hyunskay1307,"wonderful concert, well done Blackpink and BLINKS for setting the mood I hope to go to a concert one day.",45,2022-12-23T12:31:06Z,2022-12-23T12:31:06Z
UgxwjcfYv6F61poHZeh4AaABAg,,False,@Maya-de3yl,I wanted to see u soooo much But i‘m broke. I don’t have the Money. Lisa pls drop some Money to me,0,2022-12-23T12:30:50Z,2022-12-23T12:30:50Z
Ugwhyct9r9Uo9-ov_w54AaABAg,,False,@kpopnona2220,WE LOVE YOU BLACKPINK CANT WAIT FOR YOU TO BE BACK IN LONDON 🖤💖,2,2022-12-23T12:30:48Z,2022-12-23T12:30:48Z
UgxO38V1sf2_xogfPp54AaABAg,,False,@mimilikestoca_official,Are BLACKPINK go to Belarus too?,0,2022-12-23T12:30:13Z,2022-12-23T12:30:13Z
Ugy67_t0nSOjLmcAE3x4AaABAg,,False,@beautyquotesforgirls,البلينك العربي اذبتو وجودكم,1,2022-12-23T12:30:09Z,2022-12-23T12:30:09Z
UgxxBo1KPifIdW4ptj94AaABAg,,False,@keilanogueira3016,"Blackpink I always wanted to go see your concert, but I never had money and I wanted you performed in Brazil",2,2022-12-23T12:30:05Z,2022-12-23T12:30:05Z
UgyNEXgvYHTtOTqTQV14AaABAg,,False,@Trini273,Blackpink forever💓💞,0,2022-12-23T12:29:30Z,2022-12-23T12:29:30Z
Ugy0L-XnmE4pZnxp9z94AaABAg,,False,@Blackcat09,"That is why we mean when we say BLACK PINK IN YOUR AREA 
BLACK PINK IS A REVOLUTION",0,2022-12-23T12:28:44Z,2022-12-23T12:28:44Z
UgwWF4Z7GjJi9Jf-fHl4AaABAg,,False,@nanabenik1,"4 rappers, 4 dancers, 4 visuals, 4 vocalists, 4 Queens!!!!
BLACKPINK never disappoint us!!!💗🖤",3,2022-12-23T12:27:59Z,2022-12-23T12:27:59Z
UgyOFtFbMeKIwF6sF8d4AaABAg,,False,@annamezo5883,Please come to Hungary🇭🇺🇭🇺🇭🇺🇭🇺 😞😞😞😞,1,2022-12-23T12:27:45Z,2022-12-23T12:27:45Z
Ugx2cwCEUwgOhh6r15x4AaABAg,,False,@g_i_dle.Neverland,"I L❤VE you, BLACKPINK !!!
I L❤VE you, Jennie
I L❤VE you, Rosé
I L❤VE you, Jisoo
I L❤VE you, Lisa
I L❤VE you, BLACKPINK !!!

Edit - Woow 100 like
Edit - woooow 138 like 😍",150,2022-12-23T12:27:38Z,2023-02-28T19:26:05Z
Ugx2cwCEUwgOhh6r15x4AaABAg.9jzAbZu4lRN9k0Cc_5Yk2f,Ugx2cwCEUwgOhh6r15x4AaABAg,True,@arzok2023,"I L❤VE you, maia🍓🔱❗️",2,2022-12-24T07:23:44Z,2022-12-24T07:23:44Z
Ugx2cwCEUwgOhh6r15x4AaABAg.9jzAbZu4lRN9k0HgzPW6Qz,Ugx2cwCEUwgOhh6r15x4AaABAg,True,@g_i_dle.Neverland,"@@arzok2023 Thank you. I L❤VE you, Arzo K",1,2022-12-24T08:08:02Z,2022-12-24T08:08:02Z
Ugx2cwCEUwgOhh6r15x4AaABAg.9jzAbZu4lRN9k65nYJ4i86,Ugx2cwCEUwgOhh6r15x4AaABAg,True,@g_i_dle.Neverland,@@gustavosantosggostosogmailcomg ♥️,1,2022-12-26T14:19:30Z,2022-12-26T14:19:30Z
Ugx2cwCEUwgOhh6r15x4AaABAg.9jzAbZu4lRN9k6Jqf8NcEz,Ugx2cwCEUwgOhh6r15x4AaABAg,True,@Zaru-12702,I hate u 😭😭😭😭 u both r prefect ❤️,1,2022-12-26T16:22:16Z,2022-12-26T16:22:16Z
Ugx2cwCEUwgOhh6r15x4AaABAg.9jzAbZu4lRN9k6S0i9mvIn,Ugx2cwCEUwgOhh6r15x4AaABAg,True,@g_i_dle.Neverland,@@Zaru-12702 ♥️,1,2022-12-26T17:33:41Z,2022-12-26T17:33:41Z
UgzMbEzQdSj1j4NFvYF4AaABAg,,False,@lilysoftworld,BLACKPINK IN YOUR AREA🖤🖤💗💗,2,2022-12-23T12:27:16Z,2022-12-23T12:27:16Z
Ugw-I433vgRVrm_deCB4AaABAg,,False,@zxv.nicole,i live in berlin in Deutschland❤,1,2022-12-23T12:26:57Z,2022-12-23T12:26:57Z
UgxTubErl0p8Jcb_7wZ4AaABAg,,False,@L_M14195,"This Evening was one of the best evenings in my life 💖
Thank you so much,Blackpink 😃",3,2022-12-23T12:25:58Z,2022-12-23T12:25:58Z
Ugw2N_7EX2KctmhUP7Z4AaABAg,,False,@avantikaisbindass4195,Please concert in INDIA please I am your biggest fan and Lisa didi do you like kids so please concert in INDIA.,2,2022-12-23T12:24:58Z,2022-12-23T12:24:58Z
UgzkWWl1uZt2vCXOFlF4AaABAg,,False,@Azerbaijani_Gay_fan_girl,Typ girl 🫶🏽🤙🏼,1,2022-12-23T12:24:25Z,2022-12-23T12:24:25Z
UgxiGrYpBZvDMw856e94AaABAg,,False,@kppop3278,Lisa 🤑 💰🤑💰🤑🤑🤑💰🤑💰🤑🤑🤑 OMG 😅😳🤗😳🤗😳😃😳🤗😳🤗😳 black pink 👑👑👑👑👑💘🖤🐈‍⬛😂🤣😍😻,0,2022-12-23T12:24:18Z,2022-12-23T12:24:18Z
UgxcepAVfr_yc5vXLjZ4AaABAg,,False,@BEACHSHINE5_1,"OMGYYYG! BLACKPINK MAKES THE BIGGEST SUCCESS VIRAL, DON'T LET IT OUT! I FOLLOW THE PATH THIS WAY, IT IS FIRM!",2,2022-12-23T12:23:56Z,2022-12-23T12:23:56Z
UgzWSxorsFcvAsZmNRx4AaABAg,,False,@kppop3278,Black pink 👑💘👑💘👑💘👑💘👑,0,2022-12-23T12:23:40Z,2022-12-23T12:23:40Z
Ugz9kO4HcLN_NEN1egR4AaABAg,,False,@onaquevedoflores2646,temprano jisoo i love youyu jennie i love you lisa i love you rose i love you,1,2022-12-23T12:23:28Z,2022-12-23T12:23:28Z
Ugz-iXoiptBjjSlbaHV4AaABAg,,False,@SilFerhayatimolmuss,Blackpink in your area,0,2022-12-23T12:23:26Z,2022-12-23T12:23:26Z
UgyDt-VKEGxkId84CdV4AaABAg,,False,@Kpopseviyorumsaneeeeeee12245,JENNİEEEE😊,0,2022-12-23T12:23:07Z,2022-12-23T12:23:07Z
UgxkbW-6B_X2pIWgFK14AaABAg,,False,@shayma4781,"i want a fan chat in concert, especially during shutdown 🥺 a high power full voice with thier name , for making a great memory 🥺🖤i hope blinks do it in other concerts",1,2022-12-23T12:23:06Z,2022-12-23T12:23:06Z
UgwQ8fSR6RVq71XNFRd4AaABAg,,False,@AnMar_official,Every BLINK WANTS TO see you come  to Armenia please 🇦🇲🇦🇲,1,2022-12-23T12:22:57Z,2022-12-23T12:22:57Z
Ugz4nsVqVLI7XbFRNox4AaABAg,,False,@k-popgirl6976,Blackpink slays in all countries,0,2022-12-23T12:22:52Z,2022-12-23T12:22:52Z
UgxvnXt2zO30ShflSHt4AaABAg,,False,@Roses_are_rosie.184,OMG IS LOVE,0,2022-12-23T12:22:42Z,2022-12-23T12:22:42Z
UgyCCS-Bjwu5lsDFro94AaABAg,,False,@ohabuben,♡♡♡♡,0,2022-12-23T12:22:34Z,2022-12-23T12:22:34Z
UgxpKEOkiZwVOd_JM0B4AaABAg,,False,@JennLixxx,"🖤BLACKPINK 💗rompiéndola como siempre







🖤BLACKPINK IS THE REVOLUTION💗",0,2022-12-23T12:22:30Z,2022-12-23T12:23:15Z
Ugy4o5zkY4N9Jtrn8sR4AaABAg,,False,@Nandani945,QUEENS OF K-POP 👑🖤💖,2,2022-12-23T12:21:42Z,2022-12-23T12:21:42Z
UgwoGhBGvJkddVZIojt4AaABAg,,False,@jenslofties6112,Hİ BLACKPİNK ME TURKEY I LOVE YOU BLACKPİNK,1,2022-12-23T12:21:20Z,2022-12-23T12:21:20Z
Ugzu27cueX7VhdS3o5Z4AaABAg,,False,@연이-o7r,BlackPink🖤 다들 너무 대단👍🏻❤,0,2022-12-23T12:21:02Z,2022-12-23T12:21:02Z
UgwjfckS7mN5Y-RWZVB4AaABAg,,False,@ikraylmz,로젠 너무 너무 사랑해 로즈와 블랙 핑크 ❤️,1,2022-12-23T12:20:08Z,2022-12-23T12:20:08Z
UgzeLkGYRJAqxV8ZEtl4AaABAg,,False,@pubgoyuncu1114,Bəs AZERBAİJAN DA ne zaman olucak konsert🥹🤧😥😥😥,0,2022-12-23T12:19:26Z,2022-12-23T12:19:26Z
Ugyes1awIjemuzS8n754AaABAg,,False,@t_rae,"blackpink, it’s ok to disband soon, we can all see that you guys clearly need a break (and are losing the passion and the patience to dance and sing). we all love u<33 💗",1,2022-12-23T12:19:22Z,2022-12-23T12:19:22Z
UgxWldXQ9vkAH1XCL7F4AaABAg,,False,@lolastopthinkingcomeover5201,"I'm so jealous of Berlin's Blinks, because I couldn't go to the concert 😭😭😭",25,2022-12-23T12:19:08Z,2022-12-23T12:19:08Z
UgxWldXQ9vkAH1XCL7F4AaABAg.9jz9dErvoJt9jzCY1gF3MY,UgxWldXQ9vkAH1XCL7F4AaABAg,True,@NathanIsDead,Same😭😭 I live in stuttgart and had school that day🥺😭,3,2022-12-23T12:44:30Z,2022-12-23T12:44:30Z
UgxWldXQ9vkAH1XCL7F4AaABAg.9jz9dErvoJt9jzLoagtF8B,UgxWldXQ9vkAH1XCL7F4AaABAg,True,@mickeymouse7972,@@NathanIsDead same here 🥺😭,1,2022-12-23T14:05:32Z,2024-04-18T01:08:17Z
UgxWldXQ9vkAH1XCL7F4AaABAg.9jz9dErvoJt9k6-BWnwW4i,UgxWldXQ9vkAH1XCL7F4AaABAg,True,@laurameiet9082,Yeah same,2,2022-12-26T13:21:45Z,2022-12-26T13:21:45Z
UgynoxWzq2Bqr8f4Wph4AaABAg,,False,@dolphintvn,Làn sóng mạnh mẽ từ 4 cô gái,0,2022-12-23T12:19:00Z,2022-12-23T12:19:00Z
UgxRe3pTtlomQD9GOpt4AaABAg,,False,@rosallieex2565,Best Night ever! I wanna be back 😭,0,2022-12-23T12:18:40Z,2022-12-23T12:18:40Z
UgzuvHdXfIf3vjs10z14AaABAg,,False,@leenar0sesxc184,안녕하세요 블랙핑크가 터키에서 사랑으로 지켜보고 있습니다 터키로 오세요 수백만 팔로워들이 여러분을 기다리고 있습니다🖤💖,4,2022-12-23T12:18:22Z,2022-12-23T12:18:22Z
UgxmwDAj8EP99V5pD7Z4AaABAg,,False,@karinabluu.x,BLINKS!! Keep spreading this message!! We only need 5M for 2b AT DDU DU DDU DU!! STREAM HARDER 5 TIMES A HOUR AND LET'S BREAK THAT RECORD!!,7,2022-12-23T12:17:23Z,2022-12-23T12:17:23Z
UgyUUot3uxi3svH2kA54AaABAg,,False,@golubadshah4537,"Rose Fans
👇
👇
👇",0,2022-12-23T12:17:19Z,2022-12-23T12:17:19Z
Ugy5hkTrAzLAWJoVaFR4AaABAg,,False,@dennisblidzy,Danke das Ihr da wart. Thank you for coming to Germany 🇰🇷🇩🇪,12,2022-12-23T12:16:52Z,2022-12-23T12:16:52Z
UgzptllAoHWl4zvSX-Z4AaABAg,,False,@jennie.s_jen-,"COME TO NORTH CYPRUS,TURKEY AND AZERBAİJAN🇹🇷",0,2022-12-23T12:16:15Z,2022-12-23T12:16:15Z
UgxfNZZGB3L2uuF2Ixd4AaABAg,,False,@teehee3521,I was at the Berlin concert and I enjoyed everything about it. Thank you so much Blackpink. That day was something truly special,6,2022-12-23T12:15:50Z,2022-12-23T12:15:50Z
UgzXCUGD5v7xo-bVUjl4AaABAg,,False,@foreverkpop9706,Thank you sooo mich for being in Berlin I was there and it was sooo cool 💖💖💖,1,2022-12-23T12:15:12Z,2022-12-23T12:15:41Z
Ugwr6FhXHhMCPuZqaDJ4AaABAg,,False,@hemapervin1807,Lisa I love you but I miss you Black pink 💖🖤,1,2022-12-23T12:15:11Z,2022-12-23T12:15:11Z
UgzD1tgl31s41tL0TFh4AaABAg,,False,@ESRAFANYEŞIMBARIŞ,واو تجنني ليسا صوتج يحنن مع روزي😂🙂❤🤍بلاخص تررىا,0,2022-12-23T12:14:55Z,2022-12-23T12:14:55Z
Ugy6q0CJ9MvlgqetpFF4AaABAg,,False,@ho0ay,i love you blackpink,0,2022-12-23T12:14:01Z,2022-12-23T12:14:01Z
Ugx2HmxDV6GnbtDT9-14AaABAg,,False,@lucieblahoutova9996,Wow wow wow So pretty,0,2022-12-23T12:13:53Z,2022-12-23T12:13:53Z
Ugxwx20VPa8uWm9lvw54AaABAg,,False,@nisrafasilva,Ohaaa almanyaya gelmişler,0,2022-12-23T12:13:51Z,2022-12-23T12:13:51Z
Ugz_7r3zN95G9eKXsot4AaABAg,,False,@ahinoa5439,Blackpink  u slay!!! JISOO JENNIE LISA ROSÉ OUR ONLY REVOLUTION,1,2022-12-23T12:13:42Z,2022-12-23T12:14:28Z
UgzfzA15LYYwIrM9S_14AaABAg,,False,@janelbalusan3122,i love Lisa ❤,0,2022-12-23T12:13:41Z,2022-12-23T12:13:41Z
UgwBAN__SQlr6q8_GMp4AaABAg,,False,@lh_y5,طيب انا ابي اروح,0,2022-12-23T12:13:40Z,2022-12-23T12:13:40Z
UgzfjMOzY1-KqPKSyZx4AaABAg,,False,@mustafaazam8123,Best,0,2022-12-23T12:13:30Z,2022-12-23T12:13:30Z
UgwUzSrTo7UdW0EC8xB4AaABAg,,False,@andrefernandes413,Blackpink  4ever❤✌,0,2022-12-23T12:13:27Z,2022-12-23T12:13:27Z
Ugw1F0uSdb99dPILNQp4AaABAg,,False,@golubadshah4537,"Jennie Fans
👇
👇",1,2022-12-23T12:13:20Z,2022-12-23T12:13:20Z
UgyuhbpuOvQWi6J2k9B4AaABAg,,False,@Yara.ashraf8.7,I came early 🦋😩,0,2022-12-23T12:13:11Z,2022-12-23T12:13:11Z
UgyHkBWHVuDY_skZtz94AaABAg,,False,@Anna_maharjant_,Blackpink best,1,2022-12-23T12:12:34Z,2022-12-23T12:12:34Z
UgyS_mTF0U3xsUPlARZ4AaABAg,,False,@blackpinktallyph,typa girl music video please!,0,2022-12-23T12:11:48Z,2022-12-23T12:11:48Z
UgxVKlRkisbiZ8AY2qd4AaABAg,,False,@beyzanurgultekin1719,"""BLACKPİNK IS THE REVOLUTION""SEMPRE SERÁ LENDÁRIO",6,2022-12-23T12:11:01Z,2022-12-23T12:11:01Z
UgxKThMO77imy1dLGnt4AaABAg,,False,@ilovebanhbao,Blackpink is the revolution !!! 🖤💗 From Germany (Have you guys see the Blackpink oreos 🍪 with Blackpink Cards ? They are already out but not in Germany) sorry for my english 😅,0,2022-12-23T12:10:43Z,2022-12-23T12:11:07Z
UgzwbOx63aLDblNFEUV4AaABAg,,False,@tramnguyen________,BLACKPINK ❤👍,0,2022-12-23T12:10:34Z,2022-12-23T12:10:34Z
UgxbSepB8ZCqNVKdPqB4AaABAg,,False,@bhuviking18,Ahh it was beautiful,0,2022-12-23T12:10:33Z,2022-12-23T12:10:33Z
UgzUHnKyXJR76jOQGBR4AaABAg,,False,@sandipsingh6137,"BP WILL always bring their best visuals , chores vocals and rap Each member  is truly so talented and together they  create  such immense  🔋",50,2022-12-23T12:10:16Z,2022-12-23T12:10:16Z
UgzZhCTNTQ3nwqE8PQp4AaABAg,,False,@sooyah_blckpnk,Can black pink come to 🇵🇹 portugal please 🥺🥺🥺🥺🥺🥺,1,2022-12-23T12:09:48Z,2022-12-23T12:09:48Z
Ugzo6Zk7tT6po5u86FN4AaABAg,,False,@tasninnahiyan0072,I love BP😘😘,0,2022-12-23T12:09:27Z,2022-12-23T12:09:27Z
UgxGD4cZLALvjS82Z4Z4AaABAg,,False,@rksfip,BLACKPINK WORLD DOMINATION💗🔥👑,1,2022-12-23T12:09:26Z,2022-12-23T12:09:26Z
UgxiMo8CzUVfQ9Cv-V14AaABAg,,False,@أميرعلي-ف9خ5غ,🇮🇶😍,0,2022-12-23T12:09:00Z,2022-12-23T12:09:00Z
UgyauPvx4LZVJUIXeWp4AaABAg,,False,@Akali-fu1jv,"I'm so jealous of Berlin's Blinks, because I couldn't go to the concert 😭😭😭",1,2022-12-23T12:08:49Z,2022-12-23T12:08:49Z
UgxxqLXupuxbRbGk0qd4AaABAg,,False,@krsitofmolnar2081,i love you blackpink,0,2022-12-23T12:08:42Z,2022-12-23T12:08:42Z
Ugz8FkmbEYUxpd8TQKR4AaABAg,,False,@siri-marieaigner1021,"Thank you so much, BLACKPINK!",2,2022-12-23T12:08:29Z,2022-12-23T12:08:29Z
UgxPflhO1mHWEu8sU2F4AaABAg,,False,@rosieposie712,Fantastic❤,0,2022-12-23T12:07:56Z,2022-12-23T12:07:56Z
Ugx_UJUsesrkfr-ArNp4AaABAg,,False,@binhle-kt9ls,Wow so beautiful !!!!!!!😍🥰🥰,0,2022-12-23T12:07:46Z,2022-12-23T12:07:46Z
Ugy9aSemcq9kBDMvohh4AaABAg,,False,@pinkik-popstan1027,I wish I could go too I love you blackpink 🥺💖,0,2022-12-23T12:07:18Z,2022-12-23T12:07:18Z
UgwNM2JwdEqsSyhZjbN4AaABAg,,False,@TheGreenBoi69,Hi,0,2022-12-23T12:07:17Z,2022-12-23T12:07:17Z
UgyAPiwEZeDD6JRpVCt4AaABAg,,False,@theprogirl_bg2149,"Blinks!!
Let's hit ddu-du-ddu-du 2billions views 
Let's do it!!!
🥺",9,2022-12-23T12:06:54Z,2022-12-23T12:09:33Z
UgzKIMzzFLwclYaDcjN4AaABAg,,False,@hanandmee,𝘓𝘰𝘷𝘦 𝘣𝘭𝘢𝘤𝘬 𝘱𝘪𝘯𝘤𝘬 𝘱𝘦𝘳𝘧𝘦𝘤𝘵,0,2022-12-23T12:06:47Z,2022-12-23T12:06:47Z
UgzcX_KivEm0JLEJvTp4AaABAg,,False,@blink8746,"This is what we mean when we say 
BLACK PINK IN YOUR AREA 🖤💗",3,2022-12-23T12:06:30Z,2022-12-23T12:06:30Z
UgzGG5Ky1o7Pu_NslHh4AaABAg,,False,@elifsublnk9186,I LOVE YOUS,0,2022-12-23T12:06:27Z,2022-12-23T12:06:27Z
UgzyZD7n2IkYsWCP-9d4AaABAg,,False,@MiAo1215,😍😍😍,0,2022-12-23T12:06:11Z,2022-12-23T12:06:11Z
UgwO12FmAWWGj1A9Bnp4AaABAg,,False,@rosearerosies1,BLACKPINK DONT LEAVE US IN 2023 PLZ🙏🙏🙏🙏,1,2022-12-23T12:06:07Z,2022-12-23T12:06:07Z
UgxynHdz71UE1JBZnaV4AaABAg,,False,@ali2atar448,روزي فينا نحكي,0,2022-12-23T12:06:01Z,2022-12-23T12:06:01Z
Ugw8VpunsdLoMmzQTkp4AaABAg,,False,@Nnnn_dripp,"BLΛƆKPIИK the queen of the world 👑
🌍 : 👸🏻👸🏻👸🏻👸🏻
          J.  J.   L.  R",2,2022-12-23T12:05:33Z,2022-12-23T12:05:33Z
UgxNSdhpy-FUZq9ooFd4AaABAg,,False,@Deriya11,Bin olmadan geldimm,0,2022-12-23T12:05:23Z,2022-12-23T12:05:23Z
UgyEDTey1HtDtYmDc-J4AaABAg,,False,@mebel477,Bay,1,2022-12-23T12:05:17Z,2022-12-23T12:05:17Z
UgzMF9DMgO39oq5TSTd4AaABAg,,False,@queenikram1407,بلاكبينك 💗🖤 ♥️♥️♥️♥️♥️♥️♥️,1,2022-12-23T12:05:17Z,2022-12-23T12:05:17Z
Ugx1RvEsXkdcAsJH7PR4AaABAg,,False,@pinkik-popstan1027,Omg,0,2022-12-23T12:05:14Z,2022-12-23T12:05:14Z
Ugy0GjkzEQ6esUhlfHd4AaABAg,,False,@howl_hymn,Woww,0,2022-12-23T12:05:14Z,2022-12-23T12:05:14Z
UgzRYzYF6wjmGomX0M94AaABAg,,False,@Creaturelogy,How they are really gorgeous 😍 💕,1,2022-12-23T12:05:11Z,2022-12-23T12:05:11Z
UgzuwSn5shFmKnXl0tx4AaABAg,,False,@seanwilson4552,👋,1,2022-12-23T12:05:11Z,2022-12-23T12:05:11Z
UgwOISNlHuf4TwSygU94AaABAg,,False,@Pupuleidi,I was there on 19th and had so much fun!! Dreams really come true!!,1,2022-12-23T12:05:06Z,2022-12-23T12:05:06Z
UgxrlqzDCz0LCZPab7t4AaABAg,,False,@laibadua1000,"860 likes
Who's is your bais 😊",1,2022-12-23T12:05:06Z,2022-12-23T12:05:58Z
UgzSTwkPL6u7gJpcgW14AaABAg,,False,@rebecabp8654,I loved,1,2022-12-23T12:05:03Z,2022-12-23T12:05:03Z
UgxLFmoO4NCcEi7EzXp4AaABAg,,False,@hudaalazzani,انا رقم ١٠٠😍,0,2022-12-23T12:04:57Z,2022-12-23T12:04:57Z
Ugyi0IbQoBC4N1I0tVt4AaABAg,,False,@TrophyReacts,Literal icons though,1,2022-12-23T12:04:56Z,2022-12-23T12:04:56Z
UgyzZcxLLXM0_LGHrwl4AaABAg,,False,@l.tamofficial,Jennie I love you,0,2022-12-23T12:04:44Z,2022-12-23T12:04:44Z
UgwwJ32GnbthMKs9dPR4AaABAg,,False,@L3weyt_moontw,100. Yorum agaga -tae,0,2022-12-23T12:04:41Z,2022-12-23T12:04:41Z
UgzmXnosTeIlktcznEt4AaABAg,,False,@blinkoo,واو,0,2022-12-23T12:04:38Z,2022-12-23T12:04:38Z
UgwTZKRt3ksTuBCYyPt4AaABAg,,False,@rebecabp8654,Hello blackpink,0,2022-12-23T12:04:32Z,2022-12-23T12:04:32Z
Ugzt25nGk0iKUPcBumt4AaABAg,,False,@famephiwat,Lovb,1,2022-12-23T12:04:27Z,2022-12-23T12:04:27Z
UgwjYTKsfwiM317eBPd4AaABAg,,False,@rosearerosies1,blackpink u slay!!! JISOO JENNIE LISA ROSÈ UR OUR ONLY REVOLUTION,1,2022-12-23T12:04:23Z,2022-12-23T12:04:23Z
Ugy7fi7-UHLorDdR-_14AaABAg,,False,@axynany6522,I LOVEE UUU,0,2022-12-23T12:04:01Z,2022-12-23T12:04:01Z
UgxwMCCbpq3m4vfpfZ14AaABAg,,False,@starmy873,Perfect BLACKPINK👌👌👌,0,2022-12-23T12:03:13Z,2022-12-23T12:03:13Z
Ugz-uFTm7fBFuSIMuzx4AaABAg,,False,@Mochi._Kim,first omg amazing,1,2022-12-23T12:03:11Z,2022-12-23T12:03:11Z
UgxN1a1xM7RqAnFrKTV4AaABAg,,False,@Hanananana27839,Hi！！,0,2022-12-23T12:03:09Z,2022-12-23T12:03:09Z
UgwN_5njUXNzelvzURx4AaABAg,,False,@parilohmor1082,🖤💓🖤💓🖤💗 Black pink,1,2022-12-23T12:03:07Z,2022-12-23T12:03:07Z
UgwJBBmDfnB-XekUL114AaABAg,,False,@alexandraazucenamejoresami7645,beautiful😍😘,0,2022-12-23T12:03:01Z,2022-12-23T12:03:01Z
UgyK6vtRxx4xy1NW8pB4AaABAg,,False,@norinawais5167,I wish that blackpink will have a concert in Pakistan and lots of love from Pakistan. 🇵🇰🇵🇰🇵🇰🇵🇰,0,2022-12-23T12:03:00Z,2022-12-23T12:03:00Z
UgyGcC2H-ww82CYTOmx4AaABAg,,False,@nhwsuu,love,0,2022-12-23T12:02:58Z,2022-12-23T12:02:58Z
Ugx_HAT8HS60S58HGnN4AaABAg,,False,@Lari_moreno,they are really beautiful!!,0,2022-12-23T12:02:57Z,2022-12-23T12:02:57Z
UgyyTMeaTZMpMgk1rod4AaABAg,,False,@Kapandi.isteaq,"🖤BLACKPİNK💗      Her zaman en iyisi...🤗😉😁 Bu arada Türk'üm Blackpink' e sevgiler...😊 I love you BLACKPİNK🥰🇰🇷🇰🇷🇰🇷🇹🇷🇹🇷🇹🇷
                                   ♡🇰🇷🇰🇷🇰🇷♡🇹🇷🇹🇷🇹🇷♡",1,2022-12-23T12:02:56Z,2022-12-25T18:41:30Z
UgzaXtoLqeF7J2Jzdcx4AaABAg,,False,@Bts_paved.theway97,BLACKPINK IS THE REVOLUTION,0,2022-12-23T12:02:55Z,2022-12-23T12:03:00Z
UgzVmeYYD3lpH0Vqt254AaABAg,,False,@brat245,"BP will always be the best girl group 
Who else agrees",0,2022-12-23T12:02:50Z,2022-12-23T12:02:50Z
Ugzw9CZMW-20XeKGsSN4AaABAg,,False,@ahmadndzif,JENNIE❤❤,0,2022-12-23T12:02:43Z,2022-12-23T12:02:43Z
Ugw8Z8xaCMdXV0864hR4AaABAg,,False,@btsarmygirl3348,Blink🥰🥰,1,2022-12-23T12:02:41Z,2022-12-23T12:02:41Z
UgxdkcRurZIk4o0QjJl4AaABAg,,False,@Bts_paved.theway97,they all can slay everything,1,2022-12-23T12:02:35Z,2022-12-23T12:02:35Z
UgwGknpQE-91qMUIXJl4AaABAg,,False,@yagmurainko,Ohağğğ çok iyi yakaladım,0,2022-12-23T12:02:35Z,2022-12-23T12:02:35Z
UgzStTnF1xVKWWBT_p94AaABAg,,False,@章魚-w5l,BLACKPINK in my area 💗🖤💗🖤,0,2022-12-23T12:02:34Z,2022-12-23T12:02:34Z
Ugyy1Ade_2iWnplwU1J4AaABAg,,False,@g_gem_musicophile,PINKS ❤ BLINKS,1,2022-12-23T12:02:30Z,2022-12-23T12:02:30Z
UgwgCbFNM48qTd797mF4AaABAg,,False,@fayvliese2523,I wish I could go,0,2022-12-23T12:02:27Z,2022-12-23T12:02:27Z
UgxCSoOBHNaThc8K4Hl4AaABAg,,False,@응애-s4x,❤️,0,2022-12-23T12:02:25Z,2022-12-23T12:02:25Z
Ugw_17GzKnWBIuSNpPJ4AaABAg,,False,@Mari_sani,То чувство когда ты живёшь в европе и не можешь поехать в германию😔🖤💗,0,2022-12-23T12:02:24Z,2022-12-23T12:02:24Z
Ugzf0jmDCe4L5f5Q1qZ4AaABAg,,False,@fayvliese2523,1 min ago hi,0,2022-12-23T12:02:16Z,2022-12-23T12:02:16Z
UgyXW2SBJMTOWA0TTrd4AaABAg,,False,@eevee23211,blackpink is the best,1,2022-12-23T12:02:16Z,2022-12-23T12:02:16Z
UgxVCBsemx9niYV4rkl4AaABAg,,False,@user-wk1dp2mq8f,Best world tour 💞😭,1,2022-12-23T12:02:16Z,2022-12-23T12:02:16Z
UgwAOavBjVICAxDsp714AaABAg,,False,@Donato734,BLINK LET'S SHOW HOW MUCH WE LOVE THIS BEAUTIFUL BAND BLACKPINK,424,2022-12-23T12:02:13Z,2022-12-23T12:02:13Z
UgwAOavBjVICAxDsp714AaABAg.9jz7hO2i3Wj9k-ZP7OWDK2,UgwAOavBjVICAxDsp714AaABAg,True,@himaririku9254,"G DRAGON KING ,",2,2022-12-24T01:23:30Z,2022-12-24T01:23:30Z
UgwAOavBjVICAxDsp714AaABAg.9jz7hO2i3Wj9k-k0cCfnt5,UgwAOavBjVICAxDsp714AaABAg,True,@clown_-_,​@@himaririku9254 who?,6,2022-12-24T03:05:01Z,2022-12-24T03:05:01Z
UgwAOavBjVICAxDsp714AaABAg.9jz7hO2i3Wj9k0274fhS5X,UgwAOavBjVICAxDsp714AaABAg,True,@deary4wnzzn,@@clown_-_ the idol of idols,1,2022-12-24T05:51:55Z,2022-12-24T05:51:55Z
UgwAOavBjVICAxDsp714AaABAg.9jz7hO2i3Wj9k0gzQcu8G-,UgwAOavBjVICAxDsp714AaABAg,True,@Eli_chaesa,​@@himaririku9254 I don't care,4,2022-12-24T11:57:44Z,2022-12-24T11:57:44Z
UgwAOavBjVICAxDsp714AaABAg.9jz7hO2i3Wj9k3j3tdB48C,UgwAOavBjVICAxDsp714AaABAg,True,@sanataj1633,@@Eli_chaesa OH dammm,2,2022-12-25T16:13:41Z,2022-12-25T16:13:41Z
UgypvEvaAS-p4If8RmN4AaABAg,,False,@Kucukgiller_Fan123,WOOOWW,0,2022-12-23T12:02:12Z,2022-12-23T12:02:12Z
UgzUtbCr3oV_TATnHbF4AaABAg,,False,@ffahadfarhabi,Are really blackpink disable 2023,0,2022-12-23T12:02:12Z,2022-12-23T12:02:12Z
UgwG_1_G4vOTPV5RlCF4AaABAg,,False,@roseypetals,BLACKPINK,0,2022-12-23T12:02:11Z,2022-12-23T12:02:11Z
UgwL_faLYSha-WJH4-l4AaABAg,,False,@cemolii4654,İlk 51,0,2022-12-23T12:02:10Z,2022-12-23T12:02:10Z
UgypoKVCNrXg-LuCxMF4AaABAg,,False,@maicasakilan5356,so many blinks,0,2022-12-23T12:02:06Z,2022-12-23T12:02:06Z
UgzVDaUINip6BK7DhAp4AaABAg,,False,@salehapraveen6062,Hello please please please please 🙏🙏 reply me,0,2022-12-23T12:02:04Z,2022-12-23T12:02:04Z
UgyMvq3mTkCAQvPHW7x4AaABAg,,False,@gregreylia,I LOVE YOU❤,0,2022-12-23T12:02:02Z,2022-12-23T12:02:02Z
Ugw13sP7KZuXIfhQGm94AaABAg,,False,@g_gem_musicophile,BLACKPINK 💓💓💓💓,1,2022-12-23T12:02:00Z,2022-12-23T12:02:00Z
Ugx9mcm4QEW0Ilj_LTN4AaABAg,,False,@user-wk1dp2mq8f,Best girls grup 😭💞,26,2022-12-23T12:01:57Z,2022-12-23T12:01:57Z
UgynVrFwPEtxV0FxKJt4AaABAg,,False,@smile-gaming8662,I miss you soo much 💕❤️ black 🖤 pink in you area ❣️,0,2022-12-23T12:01:54Z,2022-12-23T12:01:54Z
UgyvZ5deMTEbQdj3AGN4AaABAg,,False,@HimanshuSharma-ug8eu,Blackpink is slaying every world tour,2,2022-12-23T12:01:53Z,2022-12-23T12:01:53Z
UgznnxQ5KMslNjdtSaZ4AaABAg,,False,@houstoncastellan,"I've been there, the best experience of my life 🖤💗",1,2022-12-23T12:01:52Z,2022-12-23T12:01:52Z
UgxMAqip5G93DIRqtSJ4AaABAg,,False,@JISOO_SOOYAAA_,BLACKPINK FOREVER ❤️❤️❤️❤️,751,2022-12-23T12:01:50Z,2022-12-23T12:01:50Z
UgxMAqip5G93DIRqtSJ4AaABAg.9jz7eaxcv679jz8lp7DttI,UgxMAqip5G93DIRqtSJ4AaABAg,True,@sweetgirl531_fn,Blackpink 💚💙💜😚🥰❤😍🤩,5,2022-12-23T12:11:34Z,2022-12-23T12:11:34Z
UgxMAqip5G93DIRqtSJ4AaABAg.9jz7eaxcv679jz9QWR7F8T,UgxMAqip5G93DIRqtSJ4AaABAg,True,@Nightmare-Xila,Blackpink🖤💓,6,2022-12-23T12:17:15Z,2022-12-23T12:17:15Z
UgxMAqip5G93DIRqtSJ4AaABAg.9jz7eaxcv679k0XtO1lX5s,UgxMAqip5G93DIRqtSJ4AaABAg,True,@only.for.jisoo.and.dalgom,blink forever 💕🖤,6,2022-12-24T10:29:32Z,2022-12-24T10:29:32Z
UgxMAqip5G93DIRqtSJ4AaABAg.9jz7eaxcv679k2Rpz9RMWt,UgxMAqip5G93DIRqtSJ4AaABAg,True,@gideonsaisargomezsantiz4777,​@@only.for.jisoo.and.dalgomhhg,1,2022-12-25T04:15:07Z,2024-06-12T20:50:21Z
UgxMAqip5G93DIRqtSJ4AaABAg.9jz7eaxcv679k37xXgEEUY,UgxMAqip5G93DIRqtSJ4AaABAg,True,@Kpop_Kityler,I love you blacpink ❤,3,2022-12-25T10:40:38Z,2022-12-25T10:40:38Z
UgwxEtBLaN-KN5z9VVV4AaABAg,,False,@cemolii4654,Blackpink 💜💜👑,0,2022-12-23T12:01:47Z,2022-12-23T12:01:47Z
UgxQ748DMa7wXfFsqwR4AaABAg,,False,@Bp-kqbk,I love you Blackpink,0,2022-12-23T12:01:47Z,2022-12-23T12:01:47Z
UgyzD1wUUuHbQcqTWHN4AaABAg,,False,@KyraXastou,GO BLACKPINK❤️❤️❤️❤️❤️❤️,1,2022-12-23T12:01:47Z,2022-12-23T12:01:47Z
UgwfiyUA-sAaj1mQIsh4AaABAg,,False,@raz620,🖤,0,2022-12-23T12:01:46Z,2022-12-23T12:01:46Z
UgweH4NizrBmSt_vxx94AaABAg,,False,@aahana.........8011,Blackpink in your area,0,2022-12-23T12:01:45Z,2022-12-23T12:01:45Z
UgwgPLK7VVKxXIkgZBx4AaABAg,,False,@Bts_paved.theway97,they all just slay it,17,2022-12-23T12:01:40Z,2022-12-23T12:01:40Z
UgxJoMacZG-eX9iELj14AaABAg,,False,@muskanmaurya8112,Blackpink is the revolution 🔥🔥,0,2022-12-23T12:01:37Z,2022-12-23T12:01:37Z
Ugw34LnEj77KTzRai7R4AaABAg,,False,@Lostinblackpink,I love you forever my Queen's 🥺 still with you forever and ever 😍,14,2022-12-23T12:01:35Z,2022-12-23T12:01:35Z
Ugy-hQ8NWsYJwpxTfKl4AaABAg,,False,@sana-nm7bi,😩😫😩,1,2022-12-23T12:01:35Z,2022-12-23T12:01:35Z
Ugw3vrQ_cyZVsEP23eJ4AaABAg,,False,@dawah-k7q,BLACKPINK in my area 💗🖤💗🖤,1,2022-12-23T12:01:29Z,2022-12-23T12:01:29Z
UgwKZ3plmccnzoQDWUh4AaABAg,,False,@Suzan3424,Queen bp,12,2022-12-23T12:01:29Z,2022-12-23T12:01:29Z
UgzDLDha1ph-ZW0KUNx4AaABAg,,False,@g_gem_musicophile,BLACKPINK IS THE REVOLUTION,4,2022-12-23T12:01:29Z,2022-12-23T12:01:29Z
Ugx7hRTSydT_PSA4ped4AaABAg,,False,@twaribae.xoxoxo,BLACKPINK IN YOUR AREA,1,2022-12-23T12:01:26Z,2022-12-23T12:01:26Z
UgyozR2QJXCkdaLJqnV4AaABAg,,False,@KyraXastou,WOW BEAUTIFUL,2,2022-12-23T12:01:24Z,2022-12-23T12:01:24Z
Ugxbz5P1cTP-ZPA9oAR4AaABAg,,False,@ahmadndzif,First😍,1,2022-12-23T12:01:22Z,2022-12-23T12:01:22Z
Ugxhk3fkfXsI_KDgmkt4AaABAg,,False,@vidya4803,❤❤❤❤❤❤❤❤love u blackpink,2,2022-12-23T12:01:21Z,2022-12-23T12:01:21Z
UgxNwVRoglpgCIEPynN4AaABAg,,False,@millimilet,Wow,2,2022-12-23T12:01:21Z,2022-12-23T12:01:21Z
UgxZEQkdgM0thxJuXJF4AaABAg,,False,@MrErdzhan,Berlin love you blackpink 💗💗💗💗💗💗💗💗💗💗💗💗💗💗💗💗,2,2022-12-23T12:01:18Z,2022-12-23T12:01:18Z
UgzaTOgplQPFZVjP-Vd4AaABAg,,False,@eeeojhffnk,"I LOVE YOU 💙💙💙💙
1",1,2022-12-23T12:01:17Z,2022-12-23T12:03:10Z
UgyBZ8rz1K1GE1FZcG54AaABAg,,False,@Bts_paved.theway97,Early,1,2022-12-23T12:01:17Z,2022-12-23T12:01:17Z
UgyhVz0W2urOnfHS3V54AaABAg,,False,@Willow23윌로,🖤💗,4,2022-12-23T12:01:16Z,2022-12-23T12:01:16Z
UgyA80jND7tePkcedxx4AaABAg,,False,@tabithataylor-ungurean4849,i love you guys🎉!!!!,2,2022-12-23T12:01:16Z,2022-12-23T12:01:16Z
Ugys5ca0NJXgUclRzx94AaABAg,,False,@PinkBlast_roadto300subs,❤,1,2022-12-23T12:01:14Z,2022-12-23T12:01:14Z
UgyBMbAJfeU8GMlSuy94AaABAg,,False,@ФатимаВалиева-ъ4э,It's so cool 😍😎,1,2022-12-23T12:01:13Z,2022-12-23T12:01:13Z
UgzqZjUz0QaD2HRBxZd4AaABAg,,False,@Jay_kpop78,😍😍😍😍😍BLACKPINK BLIИK,2,2022-12-23T12:01:13Z,2022-12-23T12:01:13Z
UgwuM6hBGDqIyMswixZ4AaABAg,,False,@pma_3239,Queens,1,2022-12-23T12:01:13Z,2022-12-23T12:01:13Z
UgwNriQyyqGgLzVw_ZB4AaABAg,,False,@nas_run,"BP will always bring their best visuals, choreo, vocals and rap. Each member is truly so talented and together they create such immense power.",146,2022-12-23T12:01:10Z,2022-12-23T12:01:17Z
UgwNriQyyqGgLzVw_ZB4AaABAg.9jz7_hRVoGN9jzL6m1Y5qh,UgwNriQyyqGgLzVw_ZB4AaABAg,True,@elifocak678,Offfff ben neden Türkümyaaaa,1,2022-12-23T13:59:25Z,2022-12-23T13:59:25Z
UgwNriQyyqGgLzVw_ZB4AaABAg.9jz7_hRVoGN9k0TMXMQf2w,UgwNriQyyqGgLzVw_ZB4AaABAg,True,@lee_knowie24,@@elifocak678 olsun bende türküm sjnxjsjshsncns,0,2022-12-24T09:49:57Z,2022-12-24T09:49:57Z
UgwNriQyyqGgLzVw_ZB4AaABAg.9jz7_hRVoGN9k0sKlfKIJp,UgwNriQyyqGgLzVw_ZB4AaABAg,True,@Chaiers7,​@@elifocak678 bende türküm keske Blackpink i görebilsek ya bi konser izledim neden ben orda değilim diye agladim,0,2022-12-24T13:36:54Z,2022-12-24T13:36:54Z
Ugzc2JKZNrAIOWcn_wV4AaABAg,,False,@SaswataSurfers,Beautiful,1,2022-12-23T12:01:09Z,2022-12-23T12:01:09Z
Ugy6zXtGQfklxVCUWRR4AaABAg,,False,@Drkle4e_,I love you,1,2022-12-23T12:01:06Z,2022-12-23T12:01:06Z
UgxFxcJKJZKqwnjjVeJ4AaABAg,,False,@unnieewaa,💟,1,2022-12-23T12:01:05Z,2022-12-23T12:01:05Z
Ugxz_J_1Rtu3EMREjnB4AaABAg,,False,@_venomblink_,BLACKPINK 🖤💗,1,2022-12-23T12:01:03Z,2022-12-23T12:03:34Z
Ugy-rl0tGP8-TFVi6Vl4AaABAg,,False,@MrErdzhan,Omg 1 yorum,2,2022-12-23T12:01:00Z,2022-12-23T12:01:00Z
Ugx76oP0OhBHs1C9xpl4AaABAg,,False,@user-om7mr3yv4q,OMG😭😭😭😭😭,2,2022-12-23T12:00:59Z,2022-12-23T12:00:59Z
Ugywzg2hYepWtlkBLol4AaABAg,,False,@tomboy462,Wish I can go too 🥺,11,2022-12-23T12:00:58Z,2022-12-23T12:00:58Z
Ugywzg2hYepWtlkBLol4AaABAg.9jz7Z9Y1YhU9jz8CeT2WXR,Ugywzg2hYepWtlkBLol4AaABAg,True,@kittycute3324,I was here😊,0,2022-12-23T12:06:38Z,2022-12-23T12:06:38Z
Ugywzg2hYepWtlkBLol4AaABAg.9jz7Z9Y1YhU9k4ImPREsN8,Ugywzg2hYepWtlkBLol4AaABAg,True,@StrawberryMilkShake1769,same,0,2022-12-25T21:34:28Z,2022-12-25T21:34:28Z
Ugwh7spZvturXk_V2j94AaABAg,,False,@E_M_M_A_000,They're cole who agrees,3,2022-12-23T12:00:58Z,2022-12-23T12:00:58Z
UgwKfd7eT-gDCUdE-qh4AaABAg,,False,@QFA-ss6zz,Blink4ever💗💗,2,2022-12-23T12:00:57Z,2022-12-23T12:00:57Z
Ugy2xSr6X3HC-kLTgwx4AaABAg,,False,@ritadjriri8583,💗♥,2,2022-12-23T12:00:57Z,2022-12-23T12:00:57Z
UgxSn-cz5dAmKZp7tB54AaABAg,,False,@g_gem_musicophile,I love you blackpink 😍😍,2,2022-12-23T12:00:57Z,2022-12-23T12:00:57Z
Ugz3Pd96HynvFwzbMuh4AaABAg,,False,@somoalotibi,احبكك,1,2022-12-23T12:00:56Z,2022-12-23T12:00:56Z
UgySDHvFFx0DgS4Sg8N4AaABAg,,False,@_qing._0326,1,2,2022-12-23T12:00:56Z,2022-12-23T12:00:56Z
Ugwy6ONlJleeKh3sx2h4AaABAg,,False,@l_lyk9183,First comment,1,2022-12-23T12:00:54Z,2022-12-23T12:00:54Z
UgzgtPDjqD33yie9K6l4AaABAg,,False,@vusalhuseynov2749,İ love,1,2022-12-23T12:00:49Z,2022-12-23T12:00:49Z
UgzLTfRw7u8eaIeNdHd4AaABAg,,False,@ngoctran8026,no1,1,2022-12-23T12:00:48Z,2022-12-23T12:00:48Z
Ugy4dZYUNblNaFapzV94AaABAg,,False,@blink_youtube_official,1,2,2022-12-23T12:00:47Z,2022-12-23T12:00:47Z
UgzbrPCOcrZ_8sluP9d4AaABAg,,False,@Zzz_b_,"I was the first like, comment view!",2,2022-12-23T12:00:42Z,2022-12-23T12:00:42Z
UgxrUyUCagZERJGsYG94AaABAg,,False,@Blink123-,The first to check 🌈🌈🌈,2,2022-12-23T12:00:39Z,2022-12-23T12:00:39Z
UgxrUyUCagZERJGsYG94AaABAg.9jz7WvT46jm9jz7loqWLIn,UgxrUyUCagZERJGsYG94AaABAg,True,@vusalhuseynov2749,My first,0,2022-12-23T12:02:50Z,2022-12-23T12:02:50Z
UgwBKoNicDXxPoVFeMR4AaABAg,,False,@yaaraa628,FIRST,1,2022-12-23T12:00:37Z,2022-12-23T12:00:37Z
UgwA0PyzD2dtzSrs11F4AaABAg,,False,@vusalhuseynov2749,First,1,2022-12-23T12:00:37Z,2022-12-23T12:01:29Z
Ugw5EnXvoO_XKjxAKIx4AaABAg,,False,@ewnxa,اول تعليق,2,2022-12-23T12:00:35Z,2022-12-23T12:00:35Z
Ugw5EnXvoO_XKjxAKIx4AaABAg.9jz7WMfDFfM9jz7ZO8KWK-,Ugw5EnXvoO_XKjxAKIx4AaABAg,True,@blink_youtube_official,اول عربية,0,2022-12-23T12:00:59Z,2022-12-23T12:00:59Z
