comment_id,parent_id,is_reply,author,text,like_count,published_at,updated_at
Ugzh05Exw0CmxfpjaWZ4AaABAg,,False,@일상여우설렘,가을 전나 이뻐❤❤❤,0,2025-05-12T22:23:23Z,2025-05-12T22:23:23Z
Ugz9KLiD8GcgTbzzaY14AaABAg,,False,@냥이_pink,진짜 이쁘다❤,0,2025-05-11T11:01:25Z,2025-05-11T11:01:25Z
UgwSUkjYHoLCLFZ3ihN4AaABAg,,False,@설뽀입니다,진짜 예쁘시다..,0,2025-05-09T13:58:49Z,2025-05-09T13:58:49Z
UgwbKf6nz-Xg7dAjpnB4AaABAg,,False,@윤경수-i1c,가을이야?,0,2025-05-06T17:42:16Z,2025-05-06T17:42:16Z
Ugx5ZssFnqxmdzf7nRx4AaABAg,,False,@키티사랑녀-h2t,가을선배… 저랑 사귀어 주세요❤,0,2025-05-06T00:16:03Z,2025-05-06T00:16:03Z
Ugy4ybpJPqXnzql6t_14AaABAg,,False,@키티사랑녀-h2t,가을선배… 저랑 사귀어 주세요❤,0,2025-05-06T00:15:52Z,2025-05-06T00:15:52Z
UgwcQX2eiVnsqCSXxzN4AaABAg,,False,@서이14,콜미 메이비 할때 욀케 이쁘냐…..,0,2025-05-04T09:55:52Z,2025-05-04T09:56:13Z
UgyhA7DtXhbOq8e6jgx4AaABAg,,False,@가유니-w7y,얼굴이 미춌다,0,2025-05-04T08:32:39Z,2025-05-04T08:32:39Z
UgzgVFrhqVSxGBg3N6h4AaABAg,,False,@Kir_u01,헤이 섹쉬 걸~,0,2025-05-04T04:59:11Z,2025-05-04T04:59:11Z
UgzVCS7TtRlokcCFhm54AaABAg,,False,@리유-LUCHY,"다음 컴백은 힙한 컨셉으로 하자ㅠㅠ
너무 잘어울려ㅜㅜ",0,2025-05-03T09:03:46Z,2025-05-03T09:04:35Z
UgwSpME0DpKZBXF6eNF4AaABAg,,False,@wonjaeyu8298,가을 언니 전화번호 알려주세욥 ㅠㅠㅍ❤❤❤,0,2025-05-03T02:22:52Z,2025-05-03T02:22:52Z
UgxunkJiHDdRzIYw9dF4AaABAg,,False,@6시-k5h,갈 선배 미춌다,0,2025-05-03T02:19:27Z,2025-05-03T02:19:27Z
Ugz9JFMmrKs7YQXR2gZ4AaABAg,,False,@뽀로로-1004,으억 예쁘다..❤,0,2025-05-01T12:10:57Z,2025-05-01T12:10:57Z
UgwEzw8vtgGXhEppM1d4AaABAg,,False,@쵸비-y,가을아 너무너무너무너무너무너무너누머누너누 이뿌당 기여운 다람쥐 그 자체!!,0,2025-05-01T10:04:23Z,2025-05-01T10:04:23Z
UgxGQZ72ZWyiQbwXgWZ4AaABAg,,False,@May_K-popfan,Gaeul is so cute ❤,0,2025-04-29T13:41:28Z,2025-04-29T13:41:28Z
UgzDH8aWzkKpLPnxWOp4AaABAg,,False,@다이브_모아-i3h,가을아 굳이 물어보지 않아도 돼 ..ㅎㅎ ❤,1,2025-04-29T12:36:41Z,2025-04-29T12:36:41Z
Ugz7_Lh3v5cpo0ixOul4AaABAg,,False,@KIMBOM-907,눈이 안떠져요 너무 예뻐! 세상에 가을언니같이 귀엽고 예쁜사람이 있을까,0,2025-04-29T10:57:25Z,2025-04-29T10:57:25Z
UgydeQ8LRVN3RV-fijZ4AaABAg,,False,@인형계렝유,역시 우리가을언니❤❤❤,0,2025-04-28T09:27:40Z,2025-04-28T09:27:40Z
UgyMTPZN2tB_er0nXox4AaABAg,,False,@릱0206,귀….여워ㅠㅠ,0,2025-04-27T11:32:33Z,2025-04-27T11:32:33Z
Ugx6KP4TOB0x1nygacJ4AaABAg,,False,@주우재사랑녀,꼭 전화할게요 언니,0,2025-04-27T08:15:37Z,2025-04-27T08:15:37Z
Ugz8vHMDzgWK84zOahp4AaABAg,,False,@Im호은쏘은,가을언뉘이ㅣ아아아아ㅣ이이이ㅣㅇ 넘 떽띄 해여어,0,2025-04-27T03:34:39Z,2025-04-27T03:34:39Z
Ugwi41xMAs-qNrqpv0p4AaABAg,,False,@요시-teume,"Gaeul, Why can you be so beautiful❤❤❤",0,2025-04-27T01:02:31Z,2025-04-27T01:02:31Z
UgzmVTN_wNlUDxyMRgl4AaABAg,,False,@서은-h1i,가을언니 저 서은이라고해요 저 아이브팬 4년인가 3년째 팬이에용 언니들 화이팅!!❤❤❤,0,2025-04-26T22:56:57Z,2025-04-26T22:56:57Z
UgxF6f3nLpG4oti7dQN4AaABAg,,False,@berrakও,I love her so much she's so beautifullll😽😭💓🤏,0,2025-04-26T19:00:40Z,2025-04-26T19:00:40Z
UgzegaBDjGqu43QgAe14AaABAg,,False,@TV-uc6dk,와 가을 선배 외모 장난아니다;;,1,2025-04-26T12:42:57Z,2025-04-26T12:43:24Z
UgxOPKkVQDLCd9yuMsZ4AaABAg,,False,@Lelin-IVE,"가을이는 천사다,,",0,2025-04-25T23:45:48Z,2025-04-25T23:45:48Z
Ugw3_ZrE85orqLdD7rh4AaABAg,,False,@yesmil5847,가을아 사랑해 ❤,0,2025-04-25T08:46:29Z,2025-04-25T08:46:29Z
UgxRpRmLkNOQACwe4lB4AaABAg,,False,@헤헤-m1y,영상이 안끝나요😊,0,2025-04-23T15:04:27Z,2025-04-23T15:04:27Z
Ugz6S_yYBQmS66wjA3V4AaABAg,,False,@sim-kyusong12,예쁘다,0,2025-04-23T10:38:57Z,2025-04-23T10:38:57Z
UgxeO5JnMSuvL1DWvKJ4AaABAg,,False,@구름-gkl,가을 졸귀❤,0,2025-04-23T10:33:15Z,2025-04-23T10:33:15Z
Ugw7J3jWe10jlkWvurF4AaABAg,,False,@beeniLand,아니 가을언니 왤캐 이뻐...?❤❤,0,2025-04-23T05:03:22Z,2025-04-23T05:03:22Z
Ugwh8sbdy61Otu0YKAN4AaABAg,,False,@Nanaluvysz,My videos of 2020:,0,2025-04-22T15:50:37Z,2025-04-22T15:50:37Z
UgySZMCvF3XrN5h8q3Z4AaABAg,,False,@이다율-t2g,역시 가을은 가을이다...넘 예쁨 🍂,0,2025-04-21T13:25:57Z,2025-04-21T13:25:57Z
UgxbwvxsLByagIOK2694AaABAg,,False,@찐이야o,가을❤ 챌린지 겁나 잘해 근데 난 이서가 최애야😊,0,2025-04-21T12:32:36Z,2025-04-21T12:32:36Z
Ugx3Z_Ov4BuVtDafsMh4AaABAg,,False,@S.xlu7,와 진짜 예쁘다,0,2025-04-21T11:24:10Z,2025-04-21T11:24:10Z
UgxRNYIE2Nhn6pqW44V4AaABAg,,False,@도이브-kim,"진짜 이뻐여😊
제 최애에여😊❤",0,2025-04-21T08:24:53Z,2025-04-21T08:24:53Z
UgyL0QllQiAA80VsOqF4AaABAg,,False,@ChachaFetil,GAEUL CALL ME MAYBE📞📞📞,0,2025-04-21T02:30:30Z,2025-04-21T02:30:30Z
Ugw9CMlH3lprRKwelkZ4AaABAg,,False,@엄미영-t1t,여신,1,2025-04-20T22:13:39Z,2025-04-20T22:13:39Z
UgxdxAjPkzL_dxcg5Ap4AaABAg,,False,@iniandante1277,가을이는 언제봐도 예쁘고 매력뿜뿜이고 귀엽고 아주 그냥 다하네...,0,2025-04-20T13:28:57Z,2025-04-20T13:28:57Z
Ugw1k71tD-ENDjimEbJ4AaABAg,,False,@rosa.17svt,My girlllll,0,2025-04-20T12:56:18Z,2025-04-20T12:56:18Z
Ugz6WOf2MxFZxFcej1d4AaABAg,,False,@담요일껄요,와.. 가을센빠이 넘 이쁘셔요..ㄷㄷ💗💖,1,2025-04-20T12:06:52Z,2025-04-20T12:07:01Z
Ugwbf_TvvS2--R8BBB54AaABAg,,False,@박나은-h1z,예쁘다😊❤❤,1,2025-04-20T11:33:51Z,2025-04-20T11:33:51Z
UgwISyrT6pYG1XzXeAF4AaABAg,,False,@화원-j4g,겁나 이뿌다❤❤,0,2025-04-20T07:24:30Z,2025-04-20T07:24:30Z
UgyyIG04ArV5VTPUzmd4AaABAg,,False,@girl_glow-up,❤❤,1,2025-04-19T21:05:21Z,2025-04-19T21:05:21Z
Ugx3p960e2LVyQjEv9R4AaABAg,,False,@tv-rn2ol,그래그래 가을언니전화할게할게할게할게 제발 너무 이쁘지는 말아줘❤ 모든 사람들이 탐내니깐❤,1,2025-04-19T14:08:42Z,2025-04-19T14:09:00Z
UgzStO3H5DpCmazPOlh4AaABAg,,False,@seseefly,너무너무 예뻐요.❤❤❤❤❤❤,0,2025-04-19T13:06:40Z,2025-04-19T13:06:40Z
UgyyqBZLTu4r6VtFNb54AaABAg,,False,@Jiyul-r8f,저 사실 탈덕 위기였는데…새 계정으로 유튜보다가 가을 선배 미모 무슨 129??? 탈덕 위기 급복하고 다시 한번 다이브 인투 아이브 (dive into ive) 했습니당! 아이브 사랑해!! 영원하장! 🎀💗💗💗💗💗💗💗💗💗💗💗💗🎀,1,2025-04-19T10:41:49Z,2025-04-19T10:41:49Z
UgxNyuHea9estke0-vx4AaABAg,,False,@태정태세의문단속_0911,퀸카 센빠이,0,2025-04-19T05:30:25Z,2025-04-19T05:30:25Z
UgzGKN2Jl85ApeTm9zN4AaABAg,,False,@patebyong,가을이가 내 첫번 째 최애이긴 했지...😢,0,2025-04-19T01:45:11Z,2025-04-19T01:45:11Z
Ugw0SmZHhWtX2O0SOOV4AaABAg,,False,@쿠링-q1n,"아,갤이언뉘 넘귀여운ㄱ ㅓ아ㅇ매ㅏ😵",1,2025-04-19T00:51:30Z,2025-04-19T00:51:30Z
UgyuZJ9DSOAU4DZ8yJF4AaABAg,,False,@great-vf4xs,요즘 가을 레이 마니 띄어주넨😊,0,2025-04-17T22:23:40Z,2025-04-17T22:23:40Z
Ugz9B_ZCYIWXVSe7W414AaABAg,,False,@BERRY_70,섹시걸,0,2025-04-17T12:02:23Z,2025-04-17T12:02:23Z
UgyKULsZhyqtmtkq0Zx4AaABAg,,False,@뿌쵸-w,와.....가을언니 짱!!!!,0,2025-04-16T11:12:47Z,2025-04-16T11:12:47Z
UgyjDCJ0FCQ-fiec4p54AaABAg,,False,@유이-l6y,지금 당장 전화걸끄야😢❤❤❤,0,2025-04-16T11:08:37Z,2025-04-16T11:08:37Z
UgzM7f36_932b1i4-0p4AaABAg,,False,@라윤2,가을예쁜다,0,2025-04-16T10:57:48Z,2025-04-16T10:57:48Z
UgzPrF5K4DT-W6-B3kB4AaABAg,,False,@뱜쟈들_지킴_쿠끄다스,아 가으리 넘 이쁘심....,0,2025-04-16T10:14:35Z,2025-04-16T10:14:35Z
UgzqG4MmxMcqXNhbRL94AaABAg,,False,@샤샤티비-d1m,넘이프당♡😊,0,2025-04-16T06:46:34Z,2025-04-16T06:46:34Z
Ugz16MrP7X6k1LvLuG94AaABAg,,False,@설-j2c,이거 한 100번은 넘게 봄❤,0,2025-04-15T09:04:37Z,2025-04-15T09:04:37Z
UgyjncjdQzd3EBXeB9p4AaABAg,,False,@Baemongotthedrip,Girly If I got your number I would call you in a sec❤😂,1,2025-04-15T03:46:18Z,2025-04-15T03:46:18Z
UgzCFQs6wXQbg3PTcnp4AaABAg,,False,@엔써링,반해버렸닷..❤,0,2025-04-14T12:17:19Z,2025-04-14T12:17:19Z
Ugyy3bYuEYZcextNYOB4AaABAg,,False,@ppo_ly,가을언니!너무예쁘잖이요!❤,0,2025-04-14T10:02:07Z,2025-04-14T10:02:07Z
UgwcQFEjshFvzWpM6oB4AaABAg,,False,@흰유미,우와.욕할정도로.이뻐도 돼나?...(이렇케 이쁘면 뭐에요!!!),0,2025-04-14T09:25:06Z,2025-04-14T09:25:06Z
Ugw-ajmMNeL8pMl7viR4AaABAg,,False,@Woo-h9c,가을선배❤,0,2025-04-14T08:54:14Z,2025-04-14T08:54:14Z
UgzPoXDvMdCL74plOzF4AaABAg,,False,@Protectchannie,Gaeul is my bias she’s such a diva omds,0,2025-04-14T08:32:09Z,2025-04-14T08:32:17Z
Ugyf-nJjUuhqVwtSMed4AaABAg,,False,@Ye.x14,오늘따라 너무너무 고급지다 ❤,0,2025-04-14T02:10:05Z,2025-04-14T02:10:05Z
Ugx79Wpaw59gSH6SVYd4AaABAg,,False,@쁘이에영,저는 쁘이에 숲에 쁘이에용,0,2025-04-13T10:30:03Z,2025-04-13T10:30:03Z
UgwCB4B--YwCOOoOtRZ4AaABAg,,False,@쁘이에영,가을이 언니 너무나 예뻐요,0,2025-04-13T10:29:36Z,2025-04-13T10:29:36Z
UgwAk9msWLMBGIG4uet4AaABAg,,False,@나초14,와ㅠㅠ 매댄은 다르구나😢,0,2025-04-13T08:08:00Z,2025-04-13T08:08:00Z
UgzGbgvWIqZ07oQrS_l4AaABAg,,False,@NavalinMarcetandigoa-m7r,Gaeul so beautiful,0,2025-04-13T04:59:03Z,2025-04-13T04:59:03Z
UgyeUK0O1hBIQwaBjpx4AaABAg,,False,@askzstayforever,so nostalgic,0,2025-04-13T02:42:55Z,2025-04-13T02:42:55Z
UgwCwILZc7L8zj2bpVp4AaABAg,,False,@귀여미맂콩,카리스마넘쳥❤❤너무이쁘쟈냐❤❤❤언니사랑해❤❤❤❤,0,2025-04-12T23:49:49Z,2025-04-12T23:49:49Z
Ugww8SSxHZZK2owq0C54AaABAg,,False,@율콩iloveyou,다람쥐가을이는 멋진 가을이도 됄수 있따,0,2025-04-12T13:34:23Z,2025-04-12T13:34:23Z
UgxqPby3t30FM-UTGT14AaABAg,,False,@펭펭TV,가을이 미모 미쳤다ㄷㄷ,0,2025-04-12T12:31:15Z,2025-04-12T12:31:15Z
UgxSyin_oSobRJbcmx94AaABAg,,False,@장혜리-v1m,너무이뻐서깜짝놀람,0,2025-04-12T11:01:00Z,2025-04-12T11:01:00Z
UgwUVwCdZSHTH34e87B4AaABAg,,False,@밥알인데,심쿵!!!!,0,2025-04-12T10:15:48Z,2025-04-12T10:15:48Z
UgwxdXLiT5_IELUSCOt4AaABAg,,False,@유르인디,"다람쥐 미모 쩌러ㅜㅠ 내가 이래서 가을이 좋아한다니깐..
가을아 사랑해❤",0,2025-04-12T09:03:43Z,2025-04-12T09:03:43Z
UgwOOCM-2qMoCgxwh_h4AaABAg,,False,@녕쵸_업고_튀튀,와아..넘 가을이 진짜 넘넘 이쁘다...❤❤❤,0,2025-04-12T05:32:02Z,2025-04-12T05:32:02Z
UgxRkVVQtL6A4v1oEyB4AaABAg,,False,@밍찌-mingji,너무 이뻐 가을 웅니;; ❤,0,2025-04-11T23:34:03Z,2025-04-11T23:34:03Z
Ugwfh4I3ZM-eqSnnL6t4AaABAg,,False,@xstan_kpopx,GAEULLL,0,2025-04-11T16:21:26Z,2025-04-11T16:21:26Z
Ugw97-U1hbzgWEnub8d4AaABAg,,False,@jigeumnow2463,TEH GAEUL,0,2025-04-11T11:38:31Z,2025-04-11T11:38:31Z
UgwYU0Eo4rsysN-gz8Z4AaABAg,,False,@뿌-O3O,"내가 하면 이상한데 가을이 하니깐
역시 여신 그자체네요❤",4,2025-04-11T10:48:23Z,2025-04-11T10:48:23Z
UgwlMEoTquUXziYV6yJ4AaABAg,,False,@esmerelda_555,"that glittery effect isn’t a filter, gaeul can do that",0,2025-04-11T07:23:45Z,2025-04-11T07:23:45Z
Ugygy_Ld2gmChEcxa-94AaABAg,,False,@킨슈림_슈크림,와 넘 이뿌다앙 역시 내 최애!,0,2025-04-10T22:41:58Z,2025-04-10T22:41:58Z
UgyG-Ve7LaL8m1KR8XV4AaABAg,,False,@연흠TV,존나 이뻐 욕 아니에 용 😊,0,2025-04-10T11:39:48Z,2025-04-10T11:39:48Z
UgzIHqgvdvaUAatSSEJ4AaABAg,,False,@aniesanalog,개예브다 김가을,0,2025-04-10T07:50:56Z,2025-04-10T07:50:56Z
UgzYEarxb9SxjnW5b9F4AaABAg,,False,@울세라티비영,가을❤❤❤❤❤❤❤❤❤❤❤❤❤❤❤❤❤❤❤❤❤❤❤❤❤,0,2025-04-09T14:14:39Z,2025-04-09T14:14:39Z
Ugwe91o-yJMHy8zOS8R4AaABAg,,False,@냥냥냥콩-ssw,아 가을아 진심 장원영이 젤 이뻣는데 이제니가 1위해라진짜😢❤,0,2025-04-09T12:22:06Z,2025-04-09T12:22:06Z
UgysS9hTcqiULbSw4v14AaABAg,,False,@포양-i3q,가을이 칼각진짜 너무귀엽고예뻐 이레서 사람들이 가을이를좋아하는구나❤❤,0,2025-04-09T12:08:54Z,2025-04-09T12:08:54Z
Ugz79PaR00NDyZmVX8B4AaABAg,,False,@하슬불통,가을선배 뺏어간 내 심장 돌려내요용,0,2025-04-09T09:34:36Z,2025-04-09T09:34:36Z
UgycOtMdg0HkFZtCltt4AaABAg,,False,@JohnLeon-si7sp,🌹🌹🌹🌹🌹🌹🌹🌹🌹🌹,1,2025-04-09T05:23:25Z,2025-04-09T05:23:25Z
UgxJmsWXrGLY0qxuOPZ4AaABAg,,False,@JohnLeon-si7sp,❤❤❤❤❤❤❤❤❤❤,1,2025-04-09T05:23:09Z,2025-04-09T05:23:09Z
Ugxp_O8Uswoa_mn1YVV4AaABAg,,False,@sxi_130,야 안받고 뭐해;;,0,2025-04-09T04:31:16Z,2025-04-09T04:31:16Z
UgxoDvIwoJABqUyTkrt4AaABAg,,False,@두콩이인데,귀여워가을❤❤❤다이브들힘 넣친다❤❤❤❤❤❤❤❤❤❤❤❤❤❤❤❤❤❤❤❤❤❤❤❤❤❤❤❤❤😊,1,2025-04-08T23:07:35Z,2025-04-08T23:07:35Z
UgwrCgH2g8Cuw1ytRXF4AaABAg,,False,@YounisAkre-bi9xy,How the hell can someone be this gorgeous ??,0,2025-04-08T17:45:02Z,2025-04-08T17:45:02Z
UgxjalbwnWmj-gntTsx4AaABAg,,False,@Aref-fv3ob6pn6i,Sexy girl ❤,0,2025-04-08T16:20:05Z,2025-04-08T16:20:05Z
UgyCkw-nGxmuhMoNttJ4AaABAg,,False,@차차-shin34,가을 언니 진짜 넘 예뽀❤❤,0,2025-04-08T08:57:15Z,2025-04-08T08:57:15Z
UgymJac7GBQhoAsI7KV4AaABAg,,False,@strawberries_pancakes,GAEUL is showing ATTITUDE!,0,2025-04-07T23:50:05Z,2025-04-07T23:50:05Z
Ugz3y5_lKEYFsqWKG294AaABAg,,False,@새우새우뚱이,가을은 멈춰도 얼굴이 못생기지 않아!❤,0,2025-04-07T23:11:27Z,2025-04-07T23:11:27Z
UgxtKWuJrE_2Wzkwmll4AaABAg,,False,@nargizcafarli9,Princess ❤❤❤,1,2025-04-07T17:46:09Z,2025-04-07T17:46:09Z
Ugyu8S4bo0eWYH1unRB4AaABAg,,False,@웃꼴남매tv-j9n,가을아 내가 너 콘서트 갔었는데❤❤❤,0,2025-04-07T05:59:51Z,2025-04-07T05:59:51Z
UgxHo9DUT_UkQbBMagR4AaABAg,,False,@lukacarlosbatistadiaz,💚+💛+🧡=❤️X 💋= r o m A 💯🗽,0,2025-04-07T02:58:38Z,2025-04-07T02:58:38Z
Ugx1NCTHsGSXWD1aTdp4AaABAg,,False,@Olivia-c1l9d,하이틴 여주 같다,0,2025-04-07T02:18:19Z,2025-04-07T02:18:19Z
Ugy_GS3rFcgxx4iv3id4AaABAg,,False,@쿠조아_바라기_하코,뭐야..원래도 예뻤는데 더 예뻐졌어❤❤❤❤❤,1,2025-04-06T15:25:57Z,2025-04-06T15:25:57Z
Ugyi7xnx_iFtPQQXnAB4AaABAg,,False,@봄이오는추억,가으리 왤케 이쁨? ???,0,2025-04-06T06:50:14Z,2025-04-06T06:50:14Z
UgwfZGWIdBEf6V_4zdZ4AaABAg,,False,@말온_쵸린,"갤선배의 미모는 끝이없ㅇㅓ,,💗💗",0,2025-04-05T15:26:11Z,2025-04-05T15:26:11Z
UgzsnJDy_FBdd3FjE7B4AaABAg,,False,@NEWJEANSNEWDAY,Why Gaeul and Rami look like each other?,0,2025-04-05T13:52:15Z,2025-04-05T13:52:15Z
Ugzukuojo-iS_tXdCjF4AaABAg,,False,@통닭공쥬,아 입덕해야겠다,0,2025-04-05T02:25:33Z,2025-04-05T02:25:33Z
Ugwd0fBuMeYgvQNaaWx4AaABAg,,False,@앙큼사과-v6u,아 지짜 너어무 예뻐ㅓ,0,2025-04-05T01:23:19Z,2025-04-05T01:23:19Z
Ugx5_aLoS_ZPzdEqLhZ4AaABAg,,False,@뽀송-g7z-s9h,가으링 정말 이뿌당 ㅜㅜ❤ 완젼 하이틴 여신!ㅜㅜ❤,0,2025-04-05T01:11:03Z,2025-04-05T01:11:03Z
UgxblS5ApxgWinw1JC94AaABAg,,False,@minjikim4249,에…예쁘다❤,0,2025-04-05T01:06:14Z,2025-04-05T01:06:14Z
UgxomU6_ARZ5jbwPURt4AaABAg,,False,@김서현마음대로-u7e,"진짜 가으리 미쳤네 겁나 예뻐❤❤
❤❤❤❤❤❤❤❤❤❤❤❤❤❤❤❤❤❤❤❤❤❤❤❤❤❤





사랑해❤❤❤🎉",0,2025-04-05T00:27:04Z,2025-04-05T00:27:04Z
UgxeGzr2jvNzmx0tKHF4AaABAg,,False,@뽀비닝,으 .. 나주거 .. 넘 이쁘자나 .. 🥺🥺💘,0,2025-04-04T13:57:14Z,2025-04-04T13:57:14Z
UgxX341KkL5DlKHlUz54AaABAg,,False,@렝꿍인데요,갤선배 짱❤❤,0,2025-04-04T13:53:40Z,2025-04-04T13:53:40Z
UgxJQqsF4Wc504AROXh4AaABAg,,False,@꾸미밍_짝사랑녀_쿠쵸,와 저기 다하는 애 지나간다.. !,0,2025-04-04T13:35:46Z,2025-04-04T13:35:46Z
UgxUl6EwcZWWgGv6EyZ4AaABAg,,False,@shevieraariesta,She should start her acting career 🔥,0,2025-04-04T13:15:47Z,2025-04-04T13:15:47Z
UgzAFTipEeU3RTkTgwF4AaABAg,,False,@유연이는행복이,"와 가을미모 미쳤당..사람 미모가 저럴수가있나,,",0,2025-04-04T10:36:09Z,2025-04-04T10:36:09Z
Ugw947a3NWtg0-WXC794AaABAg,,False,@나나TV-z8n,가을이 언니 넘이뽀❤,1,2025-04-03T14:52:45Z,2025-04-03T14:52:45Z
Ugw8EhpswHPHmfiX3jF4AaABAg,,False,@콩떡이-e5p,저가을언니팬이에요❤❤,0,2025-04-03T11:27:10Z,2025-04-03T11:27:10Z
Ugw3M4v1qdcO4reIQx54AaABAg,,False,@yurin_0.0,가방끼고 패션쇼할때 외국 영화배우 같다..,1,2025-04-03T07:27:55Z,2025-04-03T07:27:55Z
UgzAl5tXfDCupSL85494AaABAg,,False,@Micael-y9e,This is literally the perfect gift in my opinion,0,2025-04-02T22:55:32Z,2025-04-02T22:55:32Z
Ugx87zl4H2oyjTSR9it4AaABAg,,False,@INFIMUNDI,Yeeeeeah 🐵🥰🥁🐵🥰🥁🐵🥰🧨💥🥰,0,2025-04-02T09:31:50Z,2025-04-02T09:31:50Z
UgyaTNe5OQE2r7zwhFF4AaABAg,,False,@Lovely-y3r6b,I'll do it ngl,0,2025-04-02T03:18:34Z,2025-04-02T03:18:34Z
Ugx7jCOKm9Uh9MzqZJ54AaABAg,,False,@Atarashii_leaders,I LOVE❤,0,2025-04-01T23:41:19Z,2025-04-01T23:41:19Z
Ugz_dgQ16R8iTpnCd914AaABAg,,False,@해바라기-f6u,누구??... 아 가을,0,2025-04-01T12:58:36Z,2025-04-01T12:58:36Z
UgxYJlab8JaKp2zoarJ4AaABAg,,False,@DiáriodeJadeOFC,DIVA ! ❤,0,2025-03-31T21:39:47Z,2025-03-31T21:39:47Z
UgwLXiKkNmdu2HFcXJZ4AaABAg,,False,@사랑하는_나에게,어디예요?어디예요?!네 올수있어요 달려갈게ㅇ...,0,2025-03-31T11:26:32Z,2025-03-31T11:26:32Z
Ugyl5rb16yLM6riVbJZ4AaABAg,,False,@오재관-j4g,가을이뻐 이쁘네요 귀여워,1,2025-03-31T11:00:48Z,2025-03-31T11:00:48Z
Ugz5rVY7W2TCeu-OsCx4AaABAg,,False,@아윤Ayun_1.x.4,가을아 진짜 내가 미쳐.❤,0,2025-03-31T10:38:50Z,2025-03-31T10:38:50Z
UgyumYaXvjF9W7RFmQx4AaABAg,,False,@뽀릱_업고튀어,와 완전 심.쿵.각.이자나ㅏ❤,1,2025-03-31T09:46:27Z,2025-03-31T09:46:27Z
UgzEx-P-xn9ZD8UHQfx4AaABAg,,False,@dianapinaykoreana7441,이멀전시!!!!!¡!!너무예뻐❤❤❤❤,0,2025-03-30T22:29:00Z,2025-03-30T22:29:00Z
UgwHb0v7EH5qrVwiASB4AaABAg,,False,@lilaus_jake,I WISH I COULD ACTUALLY CALL HER SHES SO CUTE ❤❤,0,2025-03-30T20:29:24Z,2025-03-30T20:29:24Z
UgzVMb1fjjHTGbMnLh14AaABAg,,False,@BLUE_Official-227,"*""HEY AAÆ SKIBIDI-""😭😭☠️*",0,2025-03-30T16:20:54Z,2025-03-30T16:20:54Z
UgyI-EFgNr1ofBPc6Ol4AaABAg,,False,@SEYUtpdb,저기 번호에(💌) 1은 적혀있음,0,2025-03-30T02:30:22Z,2025-03-30T02:30:22Z
UgwbPQ-Gg-buTuwZJbR4AaABAg,,False,@유리니-n3k,핫걸❤️‍🔥❤️‍🔥❤️‍🔥,1,2025-03-30T00:33:56Z,2025-03-30T00:33:56Z
Ugxv8h-bOBXdem5TgWB4AaABAg,,False,@유자야_항상고마워,저 진짜 번호 받아요? 진짜 전화해요?진짜?진짜로요???,0,2025-03-29T12:51:22Z,2025-03-29T12:51:22Z
UgzrVL3nr6QHsKvMBAl4AaABAg,,False,@ぴに-h3h,ガウルちゃんまじ可愛い,1,2025-03-29T12:01:18Z,2025-03-29T12:01:18Z
UgwnYkCqDNp3zXQlzmx4AaABAg,,False,@슈퍼토토0324,가으라ㅜㅜ넘 예뽀짐❤❤❤,1,2025-03-29T11:15:24Z,2025-03-29T11:15:24Z
UgxQwTEIgW-Cvp0KqyN4AaABAg,,False,@몽몽-구독해,가을아.평생 다이브 하고 가을 최얘할게..🐿️,0,2025-03-29T10:05:24Z,2025-03-29T10:05:24Z
UgxYk_7sS3r9JYgq9g14AaABAg,,False,@vkifmtuma,一生推す,0,2025-03-28T16:11:09Z,2025-03-28T16:11:09Z
UgxJI7DfNAPvGMSKIAZ4AaABAg,,False,@TV-pr2dh,아 너무예뻐서 기절할것같아…  꽥,1,2025-03-28T13:35:15Z,2025-03-28T13:35:15Z
Ugyxp85N2sqyIJVyT1R4AaABAg,,False,@떡_바라기_시루,Our autumn is so beautifulㅜㅜ,0,2025-03-28T11:51:32Z,2025-03-28T11:51:32Z
Ugw7CldyjmF-nFhpZRt4AaABAg,,False,@사랑냥뽀리,미모열일❤너무예쁘다❤🍀🎀❤️💐🤭,0,2025-03-28T10:55:34Z,2025-03-28T10:55:34Z
UgzCrRXhrWQ0aDfrH114AaABAg,,False,@럭키큐링,"가을아 바로 전화 걸게 어디야,,(사생팬 아닙니다)",2,2025-03-28T09:57:28Z,2025-03-28T09:57:28Z
Ugw67a_oM379wUoicDR4AaABAg,,False,@Ah_kyo,"그랜,, 전번 내놔아아ㅏㅠ",1,2025-03-27T10:31:56Z,2025-03-27T10:31:56Z
UgxnsWfjGK6EPMZEkx94AaABAg,,False,@candysplayground3394,가으리 유죄..🚨🚨,0,2025-03-26T13:14:10Z,2025-03-26T13:14:10Z
UgyMYICxCNwyUojG87x4AaABAg,,False,@아는친9,가을 선배!❤❤❤,0,2025-03-26T09:36:20Z,2025-03-26T09:36:20Z
UgzP2OHbeGqAZ6fqcQF4AaABAg,,False,@이콩인사람,가을이가 주라면 줘야지 .. 내 번호 .. 010-❤❤❤❤-❤❤❤❤,0,2025-03-26T05:12:57Z,2025-03-26T05:12:57Z
UgzDHzf7bBe83Jk0BaZ4AaABAg,,False,@식빵아놀자,진짜다 crazy 하겠네 넘 예쁘잖아❤❤❤,0,2025-03-25T09:40:23Z,2025-03-25T09:40:23Z
Ugy4gva6z6L_r5nYKoB4AaABAg,,False,@Kan.cho_Ow,요즘 가을 외모가 진챠❤️,0,2025-03-25T08:38:18Z,2025-03-25T08:38:18Z
Ugy4l50Ot3rjM-zVriR4AaABAg,,False,@다여니-하루,가을선배 사랑해 군데 너무 섹씨헤,0,2025-03-25T07:52:24Z,2025-03-25T07:52:24Z
UgzimpSQ6lZX1fiwiYp4AaABAg,,False,@이쁘니-유채린,가을 넘 이보,0,2025-03-25T05:45:54Z,2025-03-25T05:45:54Z
UgyqSKeutXxB4JlFuap4AaABAg,,False,@Fp.AsyPharitaRoraRuka,I love k-pop❤,0,2025-03-24T16:34:27Z,2025-03-24T16:34:27Z
UgzMUVyUodrjJ7A3Mb94AaABAg,,False,@편집계뽀리,가을이 넘이뽀❤❤,0,2025-03-24T13:27:23Z,2025-03-24T13:27:23Z
Ugwc39JO_J-OjftR2014AaABAg,,False,@hh여름,가을이 왤케 예쁘지?❤,0,2025-03-24T12:20:31Z,2025-03-24T12:20:31Z
Ugwvbu1_qKL9t-1f2lB4AaABAg,,False,@동그란귤이,가을이에 미모좀봐,0,2025-03-24T10:45:48Z,2025-03-24T10:45:48Z
UgwORsDZNJcUcE2gJnl4AaABAg,,False,@미귤-t7o9n,가을아 어디로 전화 하면 되니???😢,0,2025-03-24T09:24:59Z,2025-03-24T09:24:59Z
UgxXGDq1-D1C23_-YD14AaABAg,,False,@오엉임네단,꼭 저나하께!❤,1,2025-03-23T13:45:36Z,2025-03-23T13:45:36Z
UgxmmwnmNOzxdzFO5Q14AaABAg,,False,@곤쥬_pretty,진쨔... 🐕 예뻐! 내가 기을 최애라구!,0,2025-03-23T13:11:39Z,2025-03-23T13:11:39Z
UgwGPihQfOi47Xoii_d4AaABAg,,False,@츄잉이왔어여,가으라예쁘다!❤,0,2025-03-23T11:18:41Z,2025-03-23T11:18:41Z
UgxPTcMLZzHmWBD9Ixt4AaABAg,,False,@Lizu-uj6iw,그래서 전번은 언제 주나여....가을님 너무이뻐요❤❤❤❤,0,2025-03-23T10:37:30Z,2025-03-23T10:37:30Z
Ugxl3Op1k3il0XR0pEV4AaABAg,,False,@Wonheeîle_asanami,So cute ❤❤❤❤,1,2025-03-23T08:27:43Z,2025-03-23T08:27:43Z
UgynUiCkT820S_q_94l4AaABAg,,False,@あやたん-o1k,可愛い💕,0,2025-03-22T05:06:49Z,2025-03-22T05:06:49Z
Ugx12apaazUNS9ComHl4AaABAg,,False,@정현진-q1k,"진짜 어딜가도 가을이의 미모를 따라올 사람은 읎다!!!!
아이브 전원 버전도 나왔으면 좋겠다",3,2025-03-22T03:45:24Z,2025-04-19T01:05:30Z
Ugx9fIK7W02fHA9SWRd4AaABAg,,False,@막내리즈,왜케 이쁜거야ㅠㅠㅠ❤,0,2025-03-21T14:59:51Z,2025-03-21T14:59:51Z
UgxOKMQHeskSpR8_rU94AaABAg,,False,@깨라미,아니 너무 예쁘고 귀엽고 SEXY해♡♡♡,0,2025-03-21T13:32:20Z,2025-03-21T13:32:20Z
UgxQ8LUDGxVNHMchQbt4AaABAg,,False,@밤쟈_생명수_유린,근데 진짜 솔직하게 장원영보다 이쁨,0,2025-03-21T10:28:54Z,2025-03-21T10:28:54Z
Ugw7UOxaN6cQB6e3AcB4AaABAg,,False,@행운의네클,와…반햇음….,0,2025-03-21T09:59:06Z,2025-03-21T09:59:06Z
Ugx7o5iT5Ez3vScrmfB4AaABAg,,False,@렝-rei-q3l,아뉘 왤케 예뻐?,0,2025-03-21T05:24:57Z,2025-03-21T05:24:57Z
UgwCdfKvANWCyyesvUd4AaABAg,,False,@아메리-q5p,아늬 사람맞냐? 미쳤드ㅏㄷㄷ;;,2,2025-03-20T12:44:00Z,2025-03-20T12:44:00Z
UgwuSh7Ku2MRhlyd41d4AaABAg,,False,@카와이히코,나도 너 만나고 미치겠엉..심장 아포 ㅠㅠㅠ,0,2025-03-19T06:17:43Z,2025-03-19T06:17:43Z
UgyLaix365xG5VCah6p4AaABAg,,False,@냥냥핑-p87,가을리넘예뻐❤❤❤❤,0,2025-03-18T22:12:58Z,2025-03-18T22:12:58Z
UgznSr69KtHVfAL7OnF4AaABAg,,False,@머령DlVE,꼭 연락할게요 갤선배!!!!!아 진짜 살앙해요♡♡♡❤❤❤77ㅑ,0,2025-03-18T12:21:23Z,2025-03-18T12:21:23Z
Ugws0me9ItgXlGAr5gR4AaABAg,,False,@Wonniess_3,My biasss she's so gorgeous!!!!,0,2025-03-15T17:09:06Z,2025-03-15T17:09:06Z
UgxN5NeCTRs2ZoYTe-14AaABAg,,False,@ДарьяФурсенко-б9н,С удовольствием,0,2025-03-10T09:57:47Z,2025-03-10T09:57:47Z
Ugy9pqLBWmRfaqj05EZ4AaABAg,,False,@JackieAhn2000,메이크업이 미모를 가리는 청순 요정,0,2025-03-10T02:04:19Z,2025-03-10T02:04:19Z
UgzmYt-EPY-iN_bNmAx4AaABAg,,False,@뽀리니_등쟝,겁나게 이쁜 그여자능 바루 가을 이다❤,1,2025-03-09T13:27:42Z,2025-03-09T13:27:42Z
UgwbLdhYjnMovBNtLnR4AaABAg,,False,@춘식_315,가을이 넘 기여버 ㅜㅜㅜㅜ,0,2025-03-09T12:35:44Z,2025-03-09T12:35:44Z
UgxcIocEg-8XzSSQYoZ4AaABAg,,False,@하이닝-123,가으리❤❤❤❤ 넘 멎져❤,0,2025-03-09T03:24:16Z,2025-03-09T03:24:16Z
UgwIIhlG6YKZenp1IQ54AaABAg,,False,@모칸123,최애 와 최애 노래=진차 😭👍👍👍👍👍👍👍👍👍👍👍👍👍,16,2025-03-06T11:08:08Z,2025-03-06T11:08:24Z
UgxnO-bRRrQORYzQmQ14AaABAg,,False,@김동욱-q8n,갤 선배 미모 무엇❤,1,2025-03-06T09:42:31Z,2025-03-06T09:42:31Z
UgzLxDHwMLz6RzRZEVx4AaABAg,,False,@뽀야-w4e,아이브는 대충 찍어도 여신이다..❤🎉,0,2025-03-05T23:46:56Z,2025-03-05T23:46:56Z
UgxIhZAEmFctpv4PYRB4AaABAg,,False,@구름g6w,"가을이너무이푸
을지 가생긴당!
이뻐너무❤❤이
뻐❤❤





세로로읽으삼❤❤",0,2025-03-05T09:23:38Z,2025-03-05T09:23:38Z
Ugx4wiyb0k_Rs9hpnhJ4AaABAg,,False,@태나_괌,당연히 전화하께...빨리 번호 줘.....❤❤❤,0,2025-03-04T10:46:58Z,2025-03-04T10:46:58Z
Ugy16_SD4HYOuKMrcNd4AaABAg,,False,@쵸얍,미치겠다…개이뻐 나줃어오ㅡㅛㅛㅛㅛ,1,2025-03-03T12:59:26Z,2025-03-03T12:59:26Z
UgysgyNUNyMhmiiPl554AaABAg,,False,@RainbownBob,OF ÇILDIRACAM CİLDİ ÇOK GÜZEL,1,2025-03-02T22:14:07Z,2025-03-02T22:14:07Z
UgwJ_H_ks-uJP07jfJB4AaABAg,,False,@포포_나렝,가을 선배 넘 이뽀..❤,0,2025-03-02T04:10:12Z,2025-03-02T04:10:12Z
Ugy3K5E3fAEEfllE3OR4AaABAg,,False,@폴랭-o3q,와 이건....너무 예쁘잖아ㅏ❤❤❤,0,2025-03-02T03:05:39Z,2025-03-02T03:05:39Z
Ugz0j7V4j7Y_CGmoDkN4AaABAg,,False,@mo0rk875,I really like gaeul❤❤❤❤❤❤❤,0,2025-03-01T19:31:21Z,2025-03-01T19:31:21Z
UgyHg-hLaEWQFsZx0Zx4AaABAg,,False,@Ningmu1-1,갤아 나 일러다..너만보갰어..,0,2025-03-01T11:52:47Z,2025-03-01T11:52:47Z
UgyytZYI6Si8NevTDV54AaABAg,,False,@먕고굼,아 이런 가을 감성 진짜 조아❤,0,2025-03-01T02:33:29Z,2025-03-01T02:33:29Z
UgyHt4qlJSR24w3pmFh4AaABAg,,False,@렝프-d4f,가을이 진챠❤❤❤❤ 넘예❤❤❤❤,0,2025-02-28T12:33:33Z,2025-02-28T12:33:33Z
UgwvzlDGhwFC5GkL8gN4AaABAg,,False,@유링글스씌,대학 선배같음..,0,2025-02-27T23:45:32Z,2025-02-27T23:45:32Z
UgxOHPpw5_iqbGqVwJd4AaABAg,,False,@유빈_Yujin,하..진짜..못참겠다악!!!!!가을이 세상에서 제일 예쁘다악!!!!다이브 아녀도 반할듯;;,0,2025-02-27T12:19:08Z,2025-02-27T12:19:08Z
UgzuhbQpjsOIFr8UQ3l4AaABAg,,False,@송_지안,ㅇㅓㄴ니 넘 이뻐요❤❤❤❤❤❤❤❤❤❤역시 제 최애에요❤❤❤,0,2025-02-26T18:45:22Z,2025-02-26T18:45:22Z
Ugwl7FR6aiGggl_W1f14AaABAg,,False,@요요-o5m,❤❤❤❤❤❤❤가을언니미첫다😊😊😊😊,0,2025-02-26T10:46:16Z,2025-02-26T10:46:16Z
UgwT_N58aH_6WyXNmDR4AaABAg,,False,@율쌍듕이,"헐 가을아 너 왜이러게이쁘고, 귀여워?",0,2025-02-25T06:26:07Z,2025-02-25T06:26:07Z
UgzRI6iXDcj9XnTMstR4AaABAg,,False,@하늘사랑녀_슈림,미쳤다 갤선배 진짜 넘 예쁘당😍❤️‍🔥,4,2025-02-24T13:06:42Z,2025-02-24T13:06:42Z
UgyyBcleIvqmzKM974d4AaABAg,,False,@ok_syu,와... 이건 가을언니라서 이렇게 찰떡소화하는거다...,3,2025-02-24T10:16:38Z,2025-02-24T10:16:38Z
UgwRCZLIdGVKKmaG4LR4AaABAg,,False,@seoyeonho1234,와 내 최애가 내 최야곡을 챌린지로 해주다뉘..,1,2025-02-24T07:52:40Z,2025-02-24T07:52:40Z
UgyzJcI0joUfq_Xqn2R4AaABAg,,False,@이서바라기-d1y,가을 선배 사랑해요🩷,0,2025-02-24T03:13:56Z,2025-02-24T03:13:56Z
UgxbskA7UdMAWfvZOvp4AaABAg,,False,@따라해볼베리,흐앙 넘 예쁘자나❤❤❤❤❤❤❤❤❤❤❤❤❤❤❤❤,1,2025-02-23T13:27:40Z,2025-02-23T13:27:40Z
Ugx20oLNaYvwK0ZfE-t4AaABAg,,False,@popmko6216,❤❤❤❤❤❤❤❤❤❤,0,2025-02-23T12:21:21Z,2025-02-23T12:21:21Z
UgyPbrdwJdkTVGeKWil4AaABAg,,False,@cho_r04,가을선배 사랑해요..❤,1,2025-02-23T08:33:16Z,2025-02-23T08:33:32Z
Ugx1Kqb7t2pplVaXApR4AaABAg,,False,@YanglimSohn,전화 어떻게 해요??? 넘 예뻥❤❤,0,2025-02-22T23:07:29Z,2025-02-22T23:07:29Z
UgzPjYI8OmeGX87KyLZ4AaABAg,,False,@핸들이랍니당,아니 이세상 갈프 모여요 진자 갈이 이쁘고 노래잘하고 춤잘추고 다하는데 사람들은 왜 다른 멤을 더 좋아할까요 우리 가을이도 이쁘고 다하는데 ㅠㅠ 멤차 진짜 심하네요ㅜㅜ 속상하구 가으리 전번 모얍 바루 저나 걸게에ㅔㅔㅔㅔㅔㅔ에ㅔ에엥,0,2025-02-22T13:58:28Z,2025-02-22T13:58:28Z
UgxarJS4yIK5XjmhDTR4AaABAg,,False,@힝느,'존나 이쁘다',1,2025-02-22T10:28:47Z,2025-02-22T10:28:47Z
UgwF8B8cGS3NKOHc3wh4AaABAg,,False,@秋ちゃん-v4f6w,かわいい,0,2025-02-22T08:13:45Z,2025-02-22T08:13:45Z
Ugzwas4BVPUDFBsfHH94AaABAg,,False,@gaeulvibes_k,OMG YESSS,1,2025-02-22T07:25:56Z,2025-02-22T07:25:56Z
UgxeWFeH7l41Eg13eEN4AaABAg,,False,@민둥맨둥김민둥,와 진짜 예쁘다,0,2025-02-22T02:44:59Z,2025-02-22T02:44:59Z
UgysYEEpniRZWhSO9Ml4AaABAg,,False,@jein-k1c,"이르케 귀엽고 예쁘고 깜찍한데
어떻게 전화 안걸수가 이써..",0,2025-02-21T13:08:45Z,2025-02-21T13:08:45Z
UgysplVMQDJ0RMwiQTl4AaABAg,,False,@백설-백설,너무 예쁘다❤,0,2025-02-21T01:15:06Z,2025-02-21T01:15:06Z
UgyvwpWrjsHqO_l70QJ4AaABAg,,False,@무빵과연애하는베리냥,진짜 존예다。。,0,2025-02-20T01:02:31Z,2025-02-20T01:02:31Z
UgzQUqi5Xwrt--JuBlt4AaABAg,,False,@Skzismineho,가으라 진짜 예뻐….여신이다…사람들이 악플다는거 무시해..팬이 있잖아❤❤,0,2025-02-20T01:00:20Z,2025-02-20T01:00:20Z
UgwYmtU164qsv3Siqyl4AaABAg,,False,@JunEun-ne3qy,요즘 원영이를 넘어설 것 같은 1위 멤버가 가으리 ..,0,2025-02-20T00:51:29Z,2025-02-20T00:51:29Z
Ugyarvv4KvN1JZP2bIB4AaABAg,,False,@몽이-123,가을언닝 넘예다🎉❤,0,2025-02-18T11:48:39Z,2025-02-18T11:48:39Z
Ugw8Ia7prj65XMrc6pR4AaABAg,,False,@마마-i7l,어떤챌이든 잘 소화하구 ❤여신같음(아이브멤버다),1,2025-02-18T11:32:05Z,2025-02-18T11:32:05Z
Ugw2ts7pwmZ0UL2uX894AaABAg,,False,@재민윤-q8t,진짜 번호  물어보고 싶당❤❤❤❤,0,2025-02-18T10:24:00Z,2025-02-18T10:24:00Z
UgymtQiD9qB2m1sAcaF4AaABAg,,False,@Se_nyeong,머야 가을이 왜케 이뽀ㅠ,0,2025-02-17T13:47:25Z,2025-02-17T13:47:25Z
Ugyk5eGTECBtzwZpKjF4AaABAg,,False,@그림만그리는곰,가을이 언니..나한테 번호좀..❤,0,2025-02-17T11:48:36Z,2025-02-17T11:48:36Z
UgyblOZjV-yigzNgrAB4AaABAg,,False,@초코초코-x1i,아니…. 진짜 가을이가 윙크할 때 심장이 터짐❤,0,2025-02-17T00:48:23Z,2025-02-17T00:48:23Z
UgyyZZBa747VOE5HaId4AaABAg,,False,@vaishalinimkar3361,GAEULLLLLL  I LOVE YOU I LOVE YOU I LOVE YOU 😭😭😭😭,0,2025-02-16T19:47:50Z,2025-02-16T19:47:50Z
UgxXyc6SDBKShWFwy8p4AaABAg,,False,@응애친구들-qkfuc,한국인 모여라!,0,2025-02-15T12:12:32Z,2025-02-15T12:12:32Z
UgzuZtWmzeDT7yG6gwV4AaABAg,,False,@ireneicecream1596,당장 전화걸게 전화번호 좀 ㅋㅋ,0,2025-02-15T12:11:27Z,2025-02-15T12:11:27Z
UgxkMMb4fmVEToGrYCp4AaABAg,,False,@カン·シヨン,"가을선배 화장이 넘 찐해요ㅜ
근데 왜 귀욥지?❤❤❤❤",0,2025-02-15T04:11:47Z,2025-02-15T04:11:47Z
Ugy243ZjCZlcnjz0igF4AaABAg,,False,@김성구-t7t,내 최애 갤선배❤❤,0,2025-02-15T00:27:10Z,2025-02-15T00:27:10Z
Ugwyaj9JrXWdwtEahgF4AaABAg,,False,@hx_un1o,가을이 대박이다.. 그만 이뻐..❤️‍🔥,0,2025-02-14T10:07:11Z,2025-02-14T10:07:11Z
UgyqsxcU-1RGZXVPpeJ4AaABAg,,False,@B._bux,전화 당장해 !!🙊💓,0,2025-02-14T10:05:25Z,2025-02-14T10:05:25Z
UgwGTIB_Uj73ftoYC394AaABAg,,False,@freeyaw29,🎉,0,2025-02-14T05:50:35Z,2025-02-14T05:50:35Z
UgwyL0H8hetmXcF5FyZ4AaABAg,,False,@HistoriaenMapas,Gaeul really fits this song ❤,2,2025-02-14T04:21:26Z,2025-02-14T04:21:26Z
Ugw_PlCbJscxsB7WMlB4AaABAg,,False,@mauriciov1841,a,0,2025-02-14T00:25:35Z,2025-02-14T00:25:35Z
Ugz7r7k3baR5pZB2nYJ4AaABAg,,False,@띠용a8u,와 이뻐서 할 말이 없다없어,0,2025-02-13T15:02:48Z,2025-02-13T15:02:48Z
UgzVsTPyLeuCr2afsdZ4AaABAg,,False,@aistar.official,Why she is so perfect? 😭😍😍,1,2025-02-13T15:01:13Z,2025-02-13T15:01:13Z
UgxvStZouODk5nlMes94AaABAg,,False,@kimsasu123,그래서 전화번호는 언제주나요?,0,2025-02-13T14:14:26Z,2025-02-13T14:14:26Z
Ugz_Bo2kFikNjfR_4oN4AaABAg,,False,@Karla_24xX,Eres muy hermosa Gaeul 😻😻💗💗💗,1,2025-02-12T22:29:32Z,2025-02-12T22:29:32Z
UgyHL5c47TSID8Wzfad4AaABAg,,False,@ウミ-e1b,No.！？,0,2025-02-12T20:39:23Z,2025-02-12T20:39:23Z
UgzdKEdfcneO-MCepYp4AaABAg,,False,@다이브g5b,넘 이뿌잔앙,0,2025-02-12T15:54:37Z,2025-02-12T15:54:37Z
Ugx8xGyJwL5Qf3nzTch4AaABAg,,False,@rudylife-r4n,"가을이 진짜 섹시하고 존예여신 ㅠㅠ
너무 예쁘다 가을이 화이팅!!",1,2025-02-12T06:23:07Z,2025-02-12T06:23:07Z
Ugwfuaz63mqX-eZ0xQV4AaABAg,,False,@최송씌,가을얹니 ❤❤❤❤😅😅,0,2025-02-12T01:52:48Z,2025-02-12T01:52:48Z
UgzAvOb1NJscsLpP_Vl4AaABAg,,False,@ive_lovewoo,개이쁘다 레알 나랑 사귀자!!!!,0,2025-02-11T23:14:45Z,2025-02-11T23:14:45Z
UgznFYW8J6bIRyAQTRB4AaABAg,,False,@daeseob_gayun,아ㅏㅏㅏㅏㅏㅏㅏㅏㅏㅏㅏ사랑해여❤❤❤❤❤❤❤❤❤❤❤❤❤❤,0,2025-02-11T14:17:41Z,2025-02-11T14:17:41Z
UgyIpQzYH2o1EuYxD3x4AaABAg,,False,@기순이-v1r,"역시 우리 가을이 언뉘
섹시하고,예쁘고,사랑스럽고,터프하고,귀엽고,깜찍한 가을이 언뉘 
누가이길 거냐고!!!❤❤❤❤❤❤❤❤❤❤❤❤❤❤❤❤
가을이는 사랑이고 love(러브)이고 아모르다.❤",23,2025-02-11T13:16:03Z,2025-02-11T13:16:45Z
UgylrGX_sijH5_fTd9J4AaABAg,,False,@cutiemina_ri,"разошлись, она мне подмигнула.",0,2025-02-11T13:11:00Z,2025-02-11T13:11:00Z
UgweekNr87WicYQoPtd4AaABAg,,False,@Yuan_x13,김가을 진짜 더 이뻐졌노 내 최애는 매일이 예뻐❤,0,2025-02-11T10:36:17Z,2025-02-11T10:36:17Z
Ugy-xkjqpRZH-lNz5DZ4AaABAg,,False,@paulmetzler1946,SWEET HEARTS TAYLOR  SWIFT IS IN A LQT OF TROUBLE.  SHE HAS BETRAYED AMERICA. A TRAITOR. FANS HAVE DUMPED HER. DON'T PERFORM HER GARBAGE,0,2025-02-11T00:31:54Z,2025-02-11T00:31:54Z
Ugw5lygckXanQcsx2k14AaABAg,,False,@가을이세상을지배한다,"갤선배가 최애인 사람!❤🐿️
⬇️",3,2025-02-10T09:56:34Z,2025-02-10T09:57:05Z
Ugw5lygckXanQcsx2k14AaABAg.AEMLMYXE7loAGWL7m1at95,Ugw5lygckXanQcsx2k14AaABAg,True,@김서현마음대로-u7e,저요❤❤❤ 넘예뻐요❤❤❤동생들 도잘 챙겨주고❤❤❤,0,2025-04-05T00:09:45Z,2025-04-05T00:09:45Z
UgzDKT_hyH38BaMBzx54AaABAg,,False,@시련이랑결혼한하나,"진짜로 가을이한테 call me maybe 하고 싶다
가을이 최고❤",1,2025-02-10T00:15:44Z,2025-02-10T00:15:44Z
UgyZiyd9BUGhTQS1clV4AaABAg,,False,@orianamandi,I will DEFINITELY call you girl🔥🔥🔥🔥🔥🔥,0,2025-02-09T19:11:30Z,2025-02-09T19:11:30Z
Ugz32_EWI0XZdggVQ1B4AaABAg,,False,@gladysmoreanopalomino837,GAEUL ❤❤❤❤❤❤❤❤❤❤❤❤❤❤❤❤❤❤❤❤❤❤❤❤❤❤❤❤❤❤❤❤❤❤❤❤❤❤❤❤😊😊😊😊😊😊😊😊,0,2025-02-09T15:35:58Z,2025-02-09T15:35:58Z
UgwtD4Of640fmgF4k9B4AaABAg,,False,@Love_다리,가을이 미모 무엇?❤,0,2025-02-09T12:16:36Z,2025-02-09T12:16:36Z
UgxrG2zeJwNvL-X20od4AaABAg,,False,@arrivechan,가을짜응..❤ (*'ㅅ'*),1,2025-02-09T11:46:38Z,2025-02-09T11:46:38Z
UgwaJDyq1dcwijcYXSx4AaABAg,,False,@StanIVEandStraykids4LIFE,Gaeul is giving DIVA,0,2025-02-09T08:00:13Z,2025-02-09T08:00:13Z
UgzWef245_XMivj-6714AaABAg,,False,@K-time_luv,Queen gaeul ❤❤❤,0,2025-02-09T01:59:10Z,2025-02-09T01:59:10Z
Ugzwk6E23e3T1Ug5qJ54AaABAg,,False,@Hira-bestjisoo,I think Gaeul s vibe is DIVAAAA❤❤❤❤MY DIVA IS FOREVERRRR,1,2025-02-08T16:31:24Z,2025-02-08T16:31:24Z
UgzK5O-dvOhWPloF4jd4AaABAg,,False,@머구먹고있는바선생,가을 미쳤나봐.... 개이뻐,0,2025-02-08T08:12:12Z,2025-02-08T08:12:12Z
Ugwo2DsHM_JTT2az6Z94AaABAg,,False,@혜영구,가을이 너무 섹시한데???❤❤❤,1,2025-02-08T04:27:04Z,2025-02-08T04:27:04Z
UgzkHbSsnLlMh4VjWWV4AaABAg,,False,@akiyouharu623,ガウルちゃん可愛い❤,0,2025-02-08T01:15:36Z,2025-02-08T01:15:36Z
UgyXTIC5fE4jduFwNHx4AaABAg,,False,@곰듕룽찌,가을이 너무 예쁘다ㅠㅠㅠ❤❤❤😢😢😢😢😊😊😊😊😊😮😮😮😮,0,2025-02-06T13:42:42Z,2025-02-06T13:42:42Z
UgyOxhRxobIPVCmzh5l4AaABAg,,False,@앙_yang,"넘 이뻐서 말이안나온다❤
계속이뻐지자나아!",0,2025-02-06T13:02:07Z,2025-02-06T13:02:07Z
Ugx9hHcg60fXRlDcjhJ4AaABAg,,False,@레모네이드-x1g,"이거 유진님 버전도 보고싶네요❤
가을님 넘 예쁘세요❤아이브멤버 다 예쁘세요❤❤",1,2025-02-06T10:38:28Z,2025-02-06T10:38:28Z
Ugy0W-HZeSlk96Qjn4Z4AaABAg,,False,@남효신-o7c,와...가방 메고 가는 가을이 미춌당❤❤❤,0,2025-02-06T08:27:19Z,2025-02-06T08:27:19Z
UgxhgYTQePVcl5OVkrJ4AaABAg,,False,@럭키hjkgbt,다람쥐 왜 이렇게 다이브 마음을 녹여❤❤❤,0,2025-02-06T08:07:37Z,2025-02-06T08:07:37Z
UgxT-HgeiDgDGB6f8K54AaABAg,,False,@SoyulS2-i7y,내꺼,0,2025-02-06T02:43:43Z,2025-02-06T02:43:43Z
UgwsQcRa1_8CoyCr1WR4AaABAg,,False,@바나나-f8r-x3m,와!!! 가을운니 너무예뻐 아이돌안햇으면 어떡할뻔 했대😍😍 아름다워 가을언니는 엉첨 공주같고 예뻐!!!,0,2025-02-06T01:45:31Z,2025-02-06T01:45:31Z
UgwCL-rPRA1y0FSVHYF4AaABAg,,False,@포실이-c7n,넘 예쁘자나....,0,2025-02-05T22:23:27Z,2025-02-05T22:23:27Z
UgwPqT8D1rZ2O8c-Jct4AaABAg,,False,@노래하는토끼-t5g,가으리 너무 완벽해❤❤❤❤❤❤❤❤❤❤❤,1,2025-02-05T19:48:51Z,2025-02-05T19:48:51Z
UgwPqT8D1rZ2O8c-Jct4AaABAg.AEAXA7JKEctAEDuvbSPnC-,UgwPqT8D1rZ2O8c-Jct4AaABAg,True,@노래하는토끼-t5g,가을이 사랑해❤❤❤❤❤❤❤😊❤️💕❣️💜🫶,0,2025-02-07T03:22:54Z,2025-02-07T03:22:54Z
Ugxg4Due3TDJUoRCFcF4AaABAg,,False,@stanitzy_00,MIM DA SEU NÚMERO,0,2025-02-05T19:27:20Z,2025-02-05T19:27:20Z
Ugxx5xEiYjwhyGSuik14AaABAg,,False,@TVTV-zq1dw,제가 진짜 좋아하는 노래❤❤,0,2025-02-05T15:00:24Z,2025-02-05T15:00:24Z
Ugw8MzBiOio6Fg3VljF4AaABAg,,False,@단하-d2u,꺅❤ 가을언니 사랑해❤❤❤,0,2025-02-05T13:20:56Z,2025-02-05T13:20:56Z
UgzwUw7nu4X9_ySB9Jl4AaABAg,,False,@잼민쿠키,진짜 개이쁘자나ㅏㅏㅏ❤❤,0,2025-02-05T12:43:04Z,2025-02-05T12:43:04Z
UgwqOv_hO0b8vC9RiJt4AaABAg,,False,@밍밍이_인데,내 최얘가을이가 내 최애 팝송으로 챌린지?를 해주다닝....,0,2025-02-05T09:58:35Z,2025-02-05T09:58:35Z
Ugy_g8pnHunyRsStavh4AaABAg,,False,@이준희-c4f,너무 예뻐❤,0,2025-02-04T23:47:04Z,2025-02-04T23:47:04Z
Ugz7_VUOvJVF5UobC-p4AaABAg,,False,@_nana_nana,Drop the number,0,2025-02-04T20:38:02Z,2025-02-04T20:38:02Z
UgxGfbSAhMnLSKuqZKB4AaABAg,,False,@typhoon1357,My love❤❤❤,1,2025-02-04T19:39:44Z,2025-02-04T19:39:44Z
Ugy2T9k-cOKxjvVu6wp4AaABAg,,False,@시크응_겨론자_민지,울 갤이 웰케 성장해쏘오ㅠㅠㅠ,0,2025-02-04T12:42:23Z,2025-02-04T12:42:23Z
Ugzce-5uwD85giSuxfx4AaABAg,,False,@kim_DDayum,여신❤❤,0,2025-02-04T04:46:46Z,2025-02-04T04:46:46Z
UgyMOdaj3IGzn7cgB-J4AaABAg,,False,@한영규-o5r,❤❤❤🎉🎉🎉🎉,0,2025-02-04T04:40:38Z,2025-02-04T04:40:38Z
UgzgYUZ3L-_48jwDS4B4AaABAg,,False,@쿠엥인데,한마디로 그냥 아름답다,0,2025-02-04T03:42:28Z,2025-02-04T03:42:28Z
UgyjqTjcQP38HxETPid4AaABAg,,False,@cavaleirorevoltado8889,"te amo minha lindinha, obrigado por me presentear com esse vídeo tão fofo 🩷",1,2025-02-04T01:25:58Z,2025-02-04T01:25:58Z
Ugw6Tq9TKy5r9EBDFMt4AaABAg,,False,@악마오리.오당고,기여어!!,0,2025-02-03T23:18:01Z,2025-02-03T23:18:01Z
UgxHaHaCn0k6SsvzAP14AaABAg,,False,@연두티비-c9k,가을이가넘좋더,0,2025-02-03T22:28:23Z,2025-02-03T22:28:23Z
UgwCizpl2oq18auiyQF4AaABAg,,False,@크왕-t9c,아쓰 크레이징,0,2025-02-03T15:25:04Z,2025-02-03T15:25:04Z
UgyTRIi6VTbwFEmGITZ4AaABAg,,False,@강찬영-y7l,와 미쳤다,0,2025-02-03T12:16:53Z,2025-02-03T12:16:53Z
Ugy-0edeAnmoJqfr4VF4AaABAg,,False,@릴리라뀨,와 가을언니 진짜이뿌고 섹쉬하당,0,2025-02-03T12:04:43Z,2025-02-03T12:04:43Z
Ugx_kdQswYqGvWf7S7J4AaABAg,,False,@junyoungkim7880,요즘 가을언니 영상 많이 찍어줘서 좋아요!!,0,2025-02-03T09:39:54Z,2025-02-03T09:39:54Z
UgxIaLPIQRhwLZUYipJ4AaABAg,,False,@jnn당고,가을은 뭐든 잘하고요❤❤다 가졌어욥❤❤,0,2025-02-03T06:21:06Z,2025-02-03T06:21:06Z
Ugzs2aVSuQ_WUDDO4RB4AaABAg,,False,@불에노아영,가을 언니...♡  댓 다는것도 신기하고 영광 이예요 가을언니 넘 이뻐요...❤,0,2025-02-03T05:02:59Z,2025-02-03T05:02:59Z
UgycG1pJDPKotu-XwtR4AaABAg,,False,@민서-j2m,가을이 차애 인데 최애로 바뀔거 같아요❤❤ 가을언니 미모 미춌다❤,0,2025-02-03T03:30:30Z,2025-02-03T03:30:30Z
UgxPnHIBDqcf1W5jEud4AaABAg,,False,@정행구-y1v,가을이라면 전화 1조번은 할 수 있을듯,0,2025-02-03T01:58:48Z,2025-02-03T01:58:48Z
Ugwh4vBAyhVSsIjeSGd4AaABAg,,False,@새쪽이,가을이 졸귀,0,2025-02-03T01:30:26Z,2025-02-03T01:30:26Z
UgwKo_wV9zsgCG73W1N4AaABAg,,False,@h.nxl7,청순녀가 날 꼬시고 있어❤❤❤❤,1,2025-02-02T23:53:11Z,2025-02-02T23:53:11Z
UgyjlK75PTz55nuQ5dp4AaABAg,,False,@잇인데,가을 웃는거 너무 귀엽자낭❤,2,2025-02-02T23:15:27Z,2025-02-02T23:15:27Z
UgxLspvRPwfuQ8wzkh94AaABAg,,False,@잇인데,가을 넘 기여버❤❤,1,2025-02-02T23:13:44Z,2025-02-02T23:13:44Z
Ugw5lZ5QTCnP2FoJQzZ4AaABAg,,False,@K_RBY_o3o,가을에 반바지를 업로드하십시오ㅠㅠㅠㅠ,0,2025-02-02T22:13:11Z,2025-02-02T22:13:11Z
UgySHIdVPTMGqusIlrN4AaABAg,,False,@로블계_수비니,가을이는 뭘해도 다 예뻐❤❤,0,2025-02-02T13:36:19Z,2025-02-02T13:36:19Z
UgzFLS0zvc4kAAMjHMN4AaABAg,,False,@TV-iq4cj,옥케이!!❤❤❤❤❤❤❤❤❤❤❤❤❤❤❤❤❤❤❤❤❤❤❤❤❤❤❤❤❤❤❤,0,2025-02-02T12:33:53Z,2025-02-02T12:33:53Z
Ugx07zJFtMwJeuYDWQt4AaABAg,,False,@rangsslee3574,언니 넘 예뻐!,0,2025-02-02T12:28:43Z,2025-02-02T12:28:43Z
UgxDTVQ7v3Y8dC0AOr94AaABAg,,False,@연이의TV,개쭨드아,1,2025-02-02T09:26:26Z,2025-02-02T09:26:26Z
UgyQshOPFdqXNalWTbh4AaABAg,,False,@AnnaSophiaLuna,❤ive so much dive forever wonyoung rei liz gaeul yujin leeseo ❤u all so much queens forever ❤,1,2025-02-02T09:05:44Z,2025-02-02T09:05:44Z
UgxuIShKlnLNMI3Xqkd4AaABAg,,False,@fallingin_jy_fall,しぬしぬしぬしぬかわいいくかわいいかわいい,0,2025-02-02T08:46:09Z,2025-02-02T08:46:09Z
UgzpY6ptuHJHzwbNko94AaABAg,,False,@조랭떡_냠,"와 카리스마...// 사랑해,, ㄱ.가울언니",0,2025-02-02T08:05:38Z,2025-02-02T08:05:38Z
UgxmAl2NRcbbCzv04Jx4AaABAg,,False,@사랑-u2w,Wow😂😂😂beautiful,0,2025-02-02T07:36:45Z,2025-02-02T07:36:45Z
Ugz4Pdo_twCCc5IYC594AaABAg,,False,@jeaseokkim7525,아닌 미쳣어. 미쳤다구❤❤❤,1,2025-02-02T07:02:53Z,2025-02-02T07:02:53Z
UgyPZzDBNKndz7ewHXF4AaABAg,,False,@강쥐-o7v,가을이 너무 이쁘당 진짜 노래랑도 너무 잘어울려,0,2025-02-02T05:55:18Z,2025-02-02T05:55:18Z
UgyXU4d_5wOvaY0FLnZ4AaABAg,,False,@samhue4194,Gaeul is my favourite ❤❤❤,1,2025-02-02T05:18:28Z,2025-02-02T05:18:28Z
UgxWfCvyv4FoUW5HDu94AaABAg,,False,@무먀먀-p7b,가으리 귀여웡 ❤😊,0,2025-02-02T04:05:32Z,2025-02-02T04:05:32Z
UgyDVKzD_HBgWVXQArF4AaABAg,,False,@따분한_ive,It's so pretty I'm going crazy. Is that all?💞,1,2025-02-02T03:06:02Z,2025-02-02T03:06:02Z
UgwQjVqdFklZIdg42Np4AaABAg,,False,@남냠님,가을아 너무 예뻐서 미쳤어ㅠ너무 이뽀ㅠ❤❤❤❤❤🎉🎉🎉🎉🎉,6,2025-02-02T02:05:06Z,2025-02-02T02:05:06Z
UgwxMBsYrUQDrRXrX5N4AaABAg,,False,@뽀미-x7p,폴프는 행복캄니다ㅠ❤,0,2025-02-02T01:17:37Z,2025-02-02T01:17:37Z
UgwBuwOamf-pQRzr3SZ4AaABAg,,False,@계롼이,가으라... 나 탈덕 했는데... 왜 너 영상 좋아요에 손이 갈까..?,0,2025-02-02T01:15:59Z,2025-02-02T01:15:59Z
Ugzd3kTWmbiqzTgQmEN4AaABAg,,False,@렝프_REI,가을언니가 이 노래랑 넘 잘어울령..❤,1,2025-02-01T23:28:40Z,2025-02-01T23:28:40Z
Ugyq5fXHcY2pdeVUkbl4AaABAg,,False,@user-10681,가을이가 쇼츠는 제일 퀄리티있게 찍는거같음,1,2025-02-01T20:01:56Z,2025-02-01T20:01:56Z
UgzF1DGaUNrhRIKV1jp4AaABAg,,False,@valentinoburicchi197,She's a Fay 🤍,0,2025-02-01T19:31:27Z,2025-02-01T19:31:27Z
UgzpxrzUl-VIgE3alZ14AaABAg,,False,@letsdive1780,Love you Gaeul,0,2025-02-01T19:16:19Z,2025-02-01T19:16:19Z
UgzbfPmkappSIFeY7-x4AaABAg,,False,@TV-ib6oo,아 진짜 왜이렇게 이뻥❤😢,0,2025-02-01T14:29:02Z,2025-02-01T14:29:02Z
UgzNmqF1kbrEOVZiKnZ4AaABAg,,False,@세아깡먹는리이,갈선배 너무 이쁘다…카리스마 있어…❤,0,2025-02-01T13:09:54Z,2025-02-01T13:09:54Z
UgxXweBNka0FyWtUnx14AaABAg,,False,@수지-v3r-l7w,나야 개야?,0,2025-02-01T12:45:24Z,2025-02-01T12:45:24Z
Ugyuqmiw7QaQwUlMCLd4AaABAg,,False,@DuBu_9412,갤선배... 귀여우면서도 멋지당..,0,2025-02-01T12:34:30Z,2025-02-01T12:34:30Z
UgzYEw3tyIyepCcaXAh4AaABAg,,False,@soyeonjung3570,아니 왤캐 이뻐 가을 선배 사랑해요❤,0,2025-02-01T12:30:24Z,2025-02-01T12:30:24Z
UgyQM5mR6PkirvtOU8t4AaABAg,,False,@ΕΥΤΥΧΙΑΜΠΑΛΑΔΗΜΑ-γ9ο,Gaeul the SLAY queen,0,2025-02-01T12:20:19Z,2025-02-01T12:20:19Z
UgzxN-96Q5FCz9HjkYh4AaABAg,,False,@Somi073,요즘 가을님 리즈 찍고계시네요,1,2025-02-01T10:43:24Z,2025-02-01T10:43:24Z
Ugw2r21NUp8jVbul87J4AaABAg,,False,@냥쿄_슬계,와 잠만..가을아 왤케 이뻐…?폴프 된지 1일,1,2025-02-01T10:21:35Z,2025-02-01T10:21:35Z
Ugx5TX_lBDEgT9JtfR14AaABAg,,False,@시은이랑시호랑,역시 내 최애!!넘 예뽀❤,2,2025-02-01T10:01:28Z,2025-02-01T10:01:28Z
UgzBqMRdw88c5173Unx4AaABAg,,False,@구혜영-h1f,가을이 미모💯 넘 섹시하당💫🧡💞,2,2025-02-01T09:57:54Z,2025-02-01T09:57:54Z
Ugyz6WY30sUUC6wtyB14AaABAg,,False,@융설입니다,가을선배 항상 아프지말고 건강하고 행복해야대요💗💗,1,2025-02-01T09:14:59Z,2025-02-01T09:14:59Z
UgwY1uFDaxNMLXQsPZh4AaABAg,,False,@융설입니다,사랑합니당ㅜ♡♡,1,2025-02-01T09:14:25Z,2025-02-01T09:14:25Z
UgybaXhrqccWup7_Rhd4AaABAg,,False,@융설입니다,완전 공주!!,1,2025-02-01T09:14:14Z,2025-02-01T09:14:14Z
Ugy8wRa8XtMu_Pvs52F4AaABAg,,False,@융설입니다,가을선배 이뻐요❤️,1,2025-02-01T09:14:09Z,2025-02-01T09:14:09Z
UgyPqwv0itUXJswmtuV4AaABAg,,False,@xxen.1127,팝송 넘 잘어울리자나 ㅜㅜ,1,2025-02-01T08:59:31Z,2025-02-01T08:59:31Z
UgxcD3Q4YL3VfkOQ3op4AaABAg,,False,@렝프_REI,가을언닝 홧팅❤,2,2025-02-01T08:35:01Z,2025-02-01T08:35:01Z
UgyvHzxyus5nzcboC6l4AaABAg,,False,@잇녕이옹,가을이 때문에 학원 시험 망햇다,2,2025-02-01T07:35:21Z,2025-02-01T07:35:21Z
UgzR0viHweo_ZocGbf54AaABAg,,False,@로또-s1x,아이브최고!❤❤,1,2025-02-01T07:19:28Z,2025-02-01T07:19:28Z
UgzFN7mkmbbjI7GmBgB4AaABAg,,False,@cho.xco7,가을운냐...너머 이뻐...❤,5,2025-02-01T06:23:02Z,2025-02-01T06:23:02Z
UgyrzDMzd1_ZrxdXZ494AaABAg,,False,@뀨티뽀윶-x7i,가을에게 스며들게 되.🤍,1,2025-02-01T06:08:48Z,2025-02-01T06:08:48Z
UgyPPzq_FjCPM58UAl54AaABAg,,False,@핼로뿡뿡이들,연기력 너무 좋자나…역시 갈선배 답다…너무 이쁨…,1,2025-02-01T05:48:14Z,2025-02-01T05:48:14Z
UgzpY5mYJ2HIWk0fXk14AaABAg,,False,@달고나-d3z,김가을 너무이쁘면 어떡해 적당히 예뻐야지..;;❤,5,2025-02-01T05:23:36Z,2025-02-01T05:23:36Z
Ugx_CQzWBLqsrsXAcph4AaABAg,,False,@민들레-j5o,가을이 너무 에쁘다❤❤ 내 최애❤❤❤,2,2025-02-01T05:11:47Z,2025-02-01T05:11:47Z
UgxHiw_6l8cETwBg85t4AaABAg,,False,@Bookie_b00k_b00k,Gurl I'll call you!!!,0,2025-02-01T04:57:46Z,2025-02-01T04:57:46Z
Ugy6LbPvpQE9wRqgoFZ4AaABAg,,False,@user-소금gm4hp3im6i,가을언니 그만 이쁘라구!!,0,2025-02-01T04:49:31Z,2025-02-01T04:49:31Z
UgzedVbYvtmQdCw0q1d4AaABAg,,False,@일그봐,소문대로 가을 예쁘네..,6,2025-02-01T04:04:05Z,2025-02-01T04:04:05Z
UgwA9APWBM82-o9yYUB4AaABAg,,False,@user-inmyheart,I’m crazy 🎉😂,0,2025-02-01T03:08:41Z,2025-02-01T03:08:41Z
UgwBoniM41ds9ZrIc-14AaABAg,,False,@syj8109,헉❤❤ 가을언뉘 넘 이쁘다ㅜㅜ 이번 컴백 기대된다!!🫶🫶,0,2025-02-01T03:06:50Z,2025-02-01T03:06:50Z
Ugw5qHkpW8jooL13Pu54AaABAg,,False,@Briebeell,❤❤❤❤❤,0,2025-02-01T02:08:33Z,2025-02-01T02:08:33Z
UgwLxS-AeTnEelRoiYF4AaABAg,,False,@키티-k5h,내가 남자였음 바로 폰에다 얼굴 박았다,0,2025-02-01T02:01:26Z,2025-02-01T02:01:26Z
UgyiuC7841TsGWtPUU94AaABAg,,False,@키티-k5h,와 진짜 개이쁘다,0,2025-02-01T02:01:04Z,2025-02-01T02:01:04Z
UgzQ6XVRGEBHwSi1UDd4AaABAg,,False,@hye.xy1,"진짜 레전드댜...❤️‍🔥
가을아 언제까지 이쁠거닝...💗",1,2025-02-01T01:59:58Z,2025-02-01T02:01:00Z
UgxzkStmJkf4ZCSicTt4AaABAg,,False,@모냥_mo.ny14,"아ㅏ 내최애곡으로 챌린지를 해쥬다니ㅣ!!!
갤이에게 뻐지게 되.🥵🥵",0,2025-02-01T01:51:09Z,2025-02-01T01:51:09Z
UgynxjMgt5O7oBoZXsB4AaABAg,,False,@몽실임니당,가을이 미모 머임 ㅜㅜ,1,2025-02-01T01:36:44Z,2025-02-01T01:36:44Z
Ugy66Upb8-W9eZb3QkR4AaABAg,,False,@이호니,ㅎㅎ❤,0,2025-02-01T01:17:31Z,2025-02-01T01:17:31Z
Ugy7Ud3A9WrsdvVEo654AaABAg,,False,@Carrot_1013,가을 진짜 완전 넘나 많이 이뻐짐.. 그냥 존예 그 자체..❤,1,2025-02-01T01:12:03Z,2025-02-01T01:12:03Z
UgxdiCiERb92bioS3b54AaABAg,,False,@Ddang_kongi,어머 번호 주신다면 저야 미쳐 날뛰도록 좋져ㅕㅕㅕㅕ! ❤❤❤😊😊,0,2025-02-01T00:54:29Z,2025-02-01T00:54:29Z
UgzTGI54H-9BoGsvuF54AaABAg,,False,@연태포에버,우와 가을이 요즘 미모 완전 물올랐다..! 재입덕 가쟈,0,2025-02-01T00:51:37Z,2025-02-01T00:51:37Z
UgyPXRyXp30BI40a3W54AaABAg,,False,@니랑이꺼가_된_유키,가을아 내가 꼭 전화 할께...ㅎㅎ🤭,0,2025-02-01T00:41:51Z,2025-02-01T00:41:51Z
UgzfM_0MLg-zTzanTyh4AaABAg,,False,@자이언츠123_윤동희91,요새 가을이 넘 예뻐짐..ㄷㄷ 미모가 세상을 파괴한다(?),0,2025-02-01T00:29:26Z,2025-02-01T00:29:26Z
Ugza37flrApuM81w_dd4AaABAg,,False,@딸깅-77,가을이 넘 예쁘당❤❤,1,2025-02-01T00:08:20Z,2025-02-01T00:08:20Z
Ugw_NgVKS5-wXdV78uN4AaABAg,,False,@asaillies,i'll call you Gaeul ❤😁,2,2025-01-31T20:22:59Z,2025-01-31T20:22:59Z
UgwmsvNaFOAjPMejmm14AaABAg,,False,@laboudasall5430,❤❤❤❤❤❤❤❤❤❤❤❤❤❤❤❤❤❤❤❤❤❤❤❤❤❤❤❤❤❤❤❤❤❤❤❤❤,0,2025-01-31T19:24:07Z,2025-01-31T19:24:07Z
UgxlpQsKiqQTxBvCOqB4AaABAg,,False,@SUNSHINE-1N,Divaaa,0,2025-01-31T19:20:29Z,2025-01-31T19:20:29Z
UgyOP22sLnSX12b79HN4AaABAg,,False,@AlisiaBasha-c5f,OMGG UR SUCH A DIVAA SO PRRETYYY❤❤❤❤,0,2025-01-31T19:04:54Z,2025-01-31T19:04:54Z
Ugx0bsbcOT-so9dQ9lZ4AaABAg,,False,@JungAHY7ON,GAEUL is such a DIVA 💅💖,2,2025-01-31T18:55:15Z,2025-01-31T18:55:15Z
UgzHZH86rOTYXT1_ePZ4AaABAg,,False,@햄지안네,빨리 전번 내놔나ㅏ아아아❤❤❤,0,2025-01-31T15:57:39Z,2025-01-31T15:57:39Z
UgySCTWnESlq_UbRP194AaABAg,,False,@뀨_406,가을 요즘 너무 이쁨 ㅠㅠ타팬이지만 아이브는 진찌 6명 다 비졀 멤..,0,2025-01-31T14:55:27Z,2025-01-31T14:55:27Z
UgyyWEH7IzrXCpWaXQV4AaABAg,,False,@Hu_ang07,왜 가을이가 비밀병기였는지 알수있었다...💕,1,2025-01-31T14:53:28Z,2025-01-31T14:53:28Z
UgyYTG6UeGZ_Wh351CB4AaABAg,,False,@쩡이-q3t,가을뭐양❤❤❤ 넘무 이뽀,0,2025-01-31T13:44:49Z,2025-01-31T13:44:49Z
UgzYdBppYXyEoxosS6F4AaABAg,,False,@popogi,진짜 너무 예쁘구 귀엽다...!,0,2025-01-31T13:27:28Z,2025-01-31T13:27:28Z
UgzTf2ddW3z3Y3ZWBsV4AaABAg,,False,@잇츠미깅키,겁나 이뽀..❤❤,1,2025-01-31T13:24:23Z,2025-01-31T13:24:23Z
UgwhVK4lqJ3cHR9lxCt4AaABAg,,False,@연두룹두,섹시청순의 정석😤😍🥹,0,2025-01-31T13:20:31Z,2025-01-31T13:20:31Z
UgzNzlECSx9rFvIBJSN4AaABAg,,False,@방시윤-s8p,메이비가 아니라 당연히 전화해야지!!!!!!,1,2025-01-31T13:08:58Z,2025-01-31T13:08:58Z
UgyxszKzTbf8bfjr-gJ4AaABAg,,False,@라떼수우유,와❤,0,2025-01-31T13:07:15Z,2025-01-31T13:07:15Z
UgwFfTv2dgO8S-YdbVt4AaABAg,,False,@베릱콩,"크뤠이지 할 때 넘 귀엽구..
콜 미 메이비하면서 머리카락 돌릴때? 너무 이쁘다..🎀
아 뭐 가을이는 가만히 있어도 이쁘지만..❤",9,2025-01-31T12:20:08Z,2025-01-31T12:20:08Z
UgyRCTJ4GaSZ0n-xeS54AaABAg,,False,@J.x0y,내 최애 곡 and 내 최애 그룹 and 내 최애 is 뭔들.....❤,0,2025-01-31T11:28:04Z,2025-01-31T11:28:04Z
UgwpaT-kg5N60B_4bdJ4AaABAg,,False,@daehyunjin-lw4sd,가을아이세상에태어나주어서고마워❤❤❤❤,0,2025-01-31T11:22:16Z,2025-01-31T11:22:16Z
UgwBdDVd2--lncoNG9R4AaABAg,,False,@유레_평생_내꾸,가을이 갈수록 예뻐져ㅜㅜ🫶🏻,0,2025-01-31T11:17:17Z,2025-01-31T11:17:17Z
UgwReirHBF9JtEQJ7MB4AaABAg,,False,@내가그린기린그림-joy,역시 가을선배..!,0,2025-01-31T11:07:17Z,2025-01-31T11:07:17Z
UgxnBQSntFazee1naYN4AaABAg,,False,@흑점줄전갱이,엄머 가을선배앧!!!!!! 왜케 예뿌고 귀여웡 ㅠ (중1),0,2025-01-31T10:32:31Z,2025-01-31T10:32:31Z
Ugwr3UHBiOG-wwYyM_N4AaABAg,,False,@098rwe,Pure estrogen,0,2025-01-31T10:20:25Z,2025-01-31T10:20:25Z
Ugzab9RmJIAcIeIu2y14AaABAg,,False,@Hollabong,"언니, 꼭 전화할게요🤩",0,2025-01-31T10:19:55Z,2025-01-31T10:19:55Z
Ugwqfokord-ZswgFP1t4AaABAg,,False,@krittikadev776,Love the top❤,0,2025-01-31T10:13:39Z,2025-01-31T10:13:48Z
UgycQZkZnuJqk4S-YOt4AaABAg,,False,@김현정-b3x4y,가을온니 넘 이뽀❤,0,2025-01-31T10:13:01Z,2025-01-31T10:13:01Z
Ugw2kUXx94uiui29JBZ4AaABAg,,False,@byoungukpark9341,"아,,,,,,,,진짜 예쁘다 감탄밖에  안나오네 가을언니❤",1,2025-01-31T09:57:39Z,2025-01-31T09:57:39Z
UgyP_W76Xyb_sJGp2Np4AaABAg,,False,@슬찌집사,언제 통화할까요? 지금 할까요???????????,0,2025-01-31T09:48:24Z,2025-01-31T09:48:24Z
UgwAUMJMFHH4sYZUZfh4AaABAg,,False,@NEEİRMAKMİİ,Now Gaeul will take over the account instead of Rei,1,2025-01-31T09:47:40Z,2025-01-31T09:47:40Z
UgzRIoZJS-VgMS9mbR54AaABAg,,False,@NEEİRMAKMİİ,이제 레이 대신 가을이 계정을 맡게 됩니다.,1,2025-01-31T09:46:54Z,2025-01-31T09:46:54Z
UgylViqBq5Sg7uL9d-V4AaABAg,,False,@NEEİRMAKMİİ,レイの代わりにガウルがアカウントを引き継ぎます,1,2025-01-31T09:46:31Z,2025-01-31T09:46:31Z
UgwgccASvvfoDLQRID14AaABAg,,False,@NEEİRMAKMİİ,simdi rei yerine gaul ele geçirecek hesabıı,1,2025-01-31T09:44:50Z,2025-01-31T09:44:50Z
UgzShFxtB4_J4LtfK6J4AaABAg,,False,@이유정-c5u7s,가을언니 앞으로도 장발쭉~해줘ㅠ 나언니덕분에 언니최에 됬어!,0,2025-01-31T09:36:23Z,2025-01-31T09:36:23Z
UgwxZVU0E7c8QEKCrpF4AaABAg,,False,@L.xin16,와 가을이 내 최애 할래!?!?!?,0,2025-01-31T09:27:56Z,2025-01-31T09:27:56Z
Ugy3BVloYrcbZZKJcwh4AaABAg,,False,@애플_0915,역씌 내 차애❤ 넘 예쁘당❤,1,2025-01-31T09:18:42Z,2025-01-31T09:18:42Z
UgxCbTq5QmXa-yfaJUJ4AaABAg,,False,@suduureuu37,"가을언니최애인사람가을인니미모미쳤다.♡
👇",0,2025-01-31T08:59:23Z,2025-01-31T08:59:23Z
UgwXWJg3Vzn7xtu9qcV4AaABAg,,False,@정윤-p8d,화장이 너무 과해....,0,2025-01-31T08:38:50Z,2025-01-31T08:38:50Z
UgwrGciEDKqUk3zRSwV4AaABAg,,False,@MonstiezStay_BabyMonsterSkz78,My Bias look so pretty❤❤❤❤❤❤❤❤,1,2025-01-31T08:31:55Z,2025-01-31T08:31:55Z
UgyRXhDgeGF7AQmKwtF4AaABAg,,False,@RENK_REI,가을선배!! 다이브들 쓰러져!!,1,2025-01-31T08:25:42Z,2025-01-31T08:25:42Z
UgxBMUOPP28qemNij814AaABAg,,False,@aistar.official,Gaeul is so beautiful❤❤,2,2025-01-31T08:17:07Z,2025-01-31T08:17:07Z
UgzLTjiyvMeGQVitQhF4AaABAg,,False,@mini1297,Hottie,0,2025-01-31T07:30:27Z,2025-01-31T07:30:27Z
Ugz9wS26VciLVIDFET14AaABAg,,False,@Love._.cream_siru,가으리 이 노래 왤케 잘 어울려..❤이러니까 반허지,0,2025-01-31T06:50:18Z,2025-01-31T06:50:18Z
UgxAdVhZDi3_a2ynZst4AaABAg,,False,@sonhyungkyu,가을이언니얼굴더예뻐진갓같아요❤,0,2025-01-31T06:32:50Z,2025-01-31T06:32:50Z
UgyPxW5OY2uSX32LGDV4AaABAg,,False,@이병걸-n2y,가을에게서  원영의 느낌이 🥰,0,2025-01-31T06:30:39Z,2025-01-31T06:30:39Z
Ugz4CTR23kyeLhw7phF4AaABAg,,False,@윤서입네다,너무 이뽀,0,2025-01-31T06:11:42Z,2025-01-31T06:11:42Z
UgzmyVZUp7JoX9MBk1h4AaABAg,,False,@라떼_유튜브_구독,"헉 가을언니 왜이렇게 예뻐???
넘 사랑스럽자나❤❤❤❤❤",5,2025-01-31T05:46:20Z,2025-01-31T05:46:20Z
Ugz5XRcNo0ulmSyiYyB4AaABAg,,False,@넹입니다,...갤아 이뻐요,0,2025-01-31T05:45:22Z,2025-01-31T05:45:22Z
UgwuGV2GNIRYlasc1zN4AaABAg,,False,@hajinlim3712,진짜 언니 너무~~ ♡예뻥,0,2025-01-31T05:40:49Z,2025-01-31T05:40:49Z
UgwuGV2GNIRYlasc1zN4AaABAg.ADx88ej7eqUADx8D3teCvC,UgwuGV2GNIRYlasc1zN4AaABAg,True,@eden-subscribe,25초전!,1,2025-01-31T05:41:25Z,2025-01-31T05:41:25Z
UgxkLk-DL-MmIhYZzKN4AaABAg,,False,@ENTJ-o69,아ㅠㅠ❤ 가을이 다람쥐에서 핫걸이 되버렸어❤❤,0,2025-01-31T04:38:09Z,2025-01-31T04:38:09Z
UgxgD8p5SlbAHJ7FCuN4AaABAg,,False,@렝삐-o6h,가을이는 원래 예쁘데 요즘 더 예뻐짐❤,0,2025-01-31T04:38:01Z,2025-01-31T04:38:01Z
Ugx1VzeBY2WKCfaHCPl4AaABAg,,False,@myjkys,"ㅇㄴ 아이브는 왜 갈수록 더 예뻐지는거ㅇ
세상은 불공평하다!!",0,2025-01-31T03:21:15Z,2025-01-31T03:21:15Z
UgyY_xKuXRaPoigKnZx4AaABAg,,False,@eeseoos,where your number? baby? 😚,0,2025-01-31T03:14:45Z,2025-01-31T03:15:01Z
UgyWp9saR0sR6CG19g54AaABAg,,False,@h.xu_ox,언니들 때문에 매일 살아볼려 노력해ㅜ,0,2025-01-31T03:13:29Z,2025-01-31T03:13:29Z
Ugxmb7W4tkVgqO1l63d4AaABAg,,False,@리쌍-t3s,가을언니 진짜 넘 이뻐여 눈부셔...🙊,0,2025-01-31T03:11:06Z,2025-01-31T03:11:06Z
Ugxcid9ubYexTKz6D5B4AaABAg,,False,@YUN_55-ZXC,가을 온니이!!!!!❤❤❤❤,0,2025-01-31T02:53:24Z,2025-01-31T02:53:24Z
Ugyl7NOcDBRbZYLNbBd4AaABAg,,False,@empathy509,❤❤❤❤❤❤❤ AHHH GAEUL,0,2025-01-31T02:21:04Z,2025-01-31T02:21:04Z
UgybGBlF6QgSmqsQanx4AaABAg,,False,@깜직이_곤쥬,가을 때문에 심장이 ..........❤❤❤❤,0,2025-01-31T02:07:18Z,2025-01-31T02:07:18Z
Ugzw-uCSD6b-7qGpS194AaABAg,,False,@남경연-u1r,내가 제일 좋아하는 계절은 가을인데 가을은 지났는데 가을이 앗 눈부셔❤❤❤,0,2025-01-31T02:03:59Z,2025-01-31T02:03:59Z
UgxmUjONrFr7EA36_994AaABAg,,False,@아현해바라기단아,가을선배 뭐야 ㅠㅠ 왜이렇게 예뻐요 ❤,0,2025-01-31T01:59:27Z,2025-01-31T01:59:27Z
UgyHNBtD1Yv2Mhf2hgd4AaABAg,,False,@식빵즈_진쿠아,가을 언니 나한테 번호 좀 알려줘요오 .. ㅜㅜ,0,2025-01-31T01:40:04Z,2025-01-31T01:40:04Z
UgxLbqkmhVK-NmA6gOt4AaABAg,,False,@레이만바라봐,와 이거 오늘부터 제 최애영상❤,0,2025-01-31T01:37:53Z,2025-01-31T01:37:53Z
UgyRqiN2djwXpSKMgil4AaABAg,,False,@비앤아_z6f,다이브는 죽어요 가을선배,0,2025-01-31T01:23:48Z,2025-01-31T01:23:48Z
Ugy_0qR2klxpUVj0tjN4AaABAg,,False,@julatetembeng9370,Gaeul is so cute.,0,2025-01-31T01:13:06Z,2025-01-31T01:13:06Z
Ugy6QSMx5la_HvvHlLV4AaABAg,,False,@이브냥이요,와....미모 진짜 예쁨...❤❤❤❤징짜 사랑해애애애애ㅑㄱ❤❤❤,1,2025-01-31T01:11:03Z,2025-01-31T01:11:32Z
UgzX8I9WQ6_09hcajDp4AaABAg,,False,@quintonowen-i2o,تجننن,0,2025-01-31T01:05:25Z,2025-01-31T01:05:25Z
UgzchQSJDgcijs2Yak54AaABAg,,False,@빙슈마을,허ㄹ럴럴 내가 맨날 흥얼거리던 노래를 ㄷㄷㄷ❤,0,2025-01-31T00:59:00Z,2025-01-31T00:59:00Z
UgzNcLJnwcBV_iom_8R4AaABAg,,False,@Xi_Yui,가을이 그 씽에 나오는 고슴도치 살빠진버전 같아❤ 이런감성도 소화하네❤❤,0,2025-01-31T00:56:38Z,2025-01-31T00:56:38Z
Ugy00WPCIN8bzkOpOJ94AaABAg,,False,@juliamartinez9589,You look cool 😎,2,2025-01-31T00:48:34Z,2025-01-31T00:48:34Z
UgzHtRyMtH2WoyrBMk14AaABAg,,False,@marklaurenceparaiso9991,I will,0,2025-01-31T00:28:04Z,2025-01-31T00:28:04Z
UgysKXRpXhq_VEqCfMd4AaABAg,,False,@sheMessages,beautiful!!!!!111❤,0,2025-01-31T00:22:42Z,2025-01-31T00:22:42Z
Ugx7zQQhT_K4jUuJLG94AaABAg,,False,@뚜뚜-t4o5q,가을이 요즘쇼츠 많이나와서 좋다!!❤,0,2025-01-31T00:00:11Z,2025-01-31T00:00:11Z
UgwCkCqhe1OY65UiC_54AaABAg,,False,@toncastanho,Of course kk,0,2025-01-30T22:42:33Z,2025-01-30T22:42:33Z
UgyRBY9jFb41YuC8iMV4AaABAg,,False,@blinkyLighy,Yessss I want to call you Gaeul because you asked 😂😂❤,0,2025-01-30T21:40:34Z,2025-01-30T21:40:42Z
UgyR-G_EpHltmAVN2nF4AaABAg,,False,@Minkyung_Covers,NO FREAKING WAY THIS VIDEO ONLY HAS 810 COMMENTS 😥,0,2025-01-30T21:24:51Z,2025-01-30T21:24:51Z
Ugy_6kfb9eWVC-nB8LJ4AaABAg,,False,@쁭셸,내 최애 영상❤❤❤,2,2025-01-30T19:36:45Z,2025-01-30T19:36:45Z
Ugz_IiUGRKp_S9seSIB4AaABAg,,False,@DIVE_CARAT_FOREVER,가을 선배 카리스마와 외모에 치입니다…ㅠㅠ😮,5,2025-01-30T16:18:13Z,2025-01-30T16:18:13Z
Ugyudu6cx2ThqxiKeWV4AaABAg,,False,@__ash.5.4__,Prettiest 😍✨🥰,0,2025-01-30T16:09:21Z,2025-01-30T16:09:21Z
UgyBwJdDCxJoQAcPQfh4AaABAg,,False,@yffim,"I WILL, I PROMISE",0,2025-01-30T16:05:11Z,2025-01-30T16:05:11Z
UgyP-E6Jg0EFB89dDkt4AaABAg,,False,@헬로키티-hkt,진짜 가을 비쥬얼 미쳤ㅇ❤❤❤❤❤❤❤❤❤❤❤❤❤,1,2025-01-30T15:55:47Z,2025-01-30T15:55:47Z
UgxpsfWMvy9b1eRbx694AaABAg,,False,@walendxweg,⚓✒️🪞♦️👌💋,0,2025-01-30T15:55:17Z,2025-01-30T15:55:17Z
UgwtS0kwpX8dg5Sw8RJ4AaABAg,,False,@davvstl,kkkkk ameii,0,2025-01-30T14:47:24Z,2025-01-30T14:47:24Z
Ugzewk-AABglcHm2zj54AaABAg,,False,@유부-k8u,역시 맏 가을 운니,0,2025-01-30T14:35:05Z,2025-01-30T14:35:05Z
UgwZRGDJuBBQ2i5qbK54AaABAg,,False,@sua_wony,госпожа гаыль.я вас кинн.,0,2025-01-30T14:34:23Z,2025-01-30T14:34:23Z
Ugzb5kJiR9iQMhSxUQl4AaABAg,,False,@레이서-w5h,내 최애영상,0,2025-01-30T14:24:53Z,2025-01-30T14:24:53Z
UgzTkjShc1g90wwv7L14AaABAg,,False,@shimerkuo,Love GAEUL,5,2025-01-30T14:14:40Z,2025-01-30T14:14:40Z
Ugytp59lmjda0tqnMIp4AaABAg,,False,@like우리,제발 전화 걸래요,0,2025-01-30T14:14:21Z,2025-01-30T14:14:21Z
UgzTqEweFqFl_TyZWPR4AaABAg,,False,@이오-to,가을 요즘 전성기 인듯,0,2025-01-30T14:08:12Z,2025-01-30T14:08:12Z
Ugz5pa5LqsJt1TyWuHF4AaABAg,,False,@박미화-c4c,가을선배 찐짜중2병,1,2025-01-30T14:01:40Z,2025-01-30T14:01:40Z
Ugw8iS5qETsKXKKqK7t4AaABAg,,False,@lamusa33709,❤,0,2025-01-30T13:51:42Z,2025-01-30T13:51:42Z
UgyilK2EcI-DaAmA96N4AaABAg,,False,@윷프프,진짜 번호 공개 하려고 하는 겁없는 쿨한 갤선배자나 .... ❤❤,0,2025-01-30T13:33:44Z,2025-01-30T13:33:44Z
UgxJSiAMxb60Y6hiZaJ4AaABAg,,False,@粉甜粿,So pretty ❤❤❤,0,2025-01-30T13:30:27Z,2025-01-30T13:30:27Z
Ugzd_kUdl1gs34fMyW94AaABAg,,False,@기염업고튀어아현,"가으리 땜에 미쳐버려..
미모 쩔어버려..",0,2025-01-30T13:26:51Z,2025-01-30T13:26:51Z
UgwiovEDDj8vmTkpnyB4AaABAg,,False,@10チャンネルと12チャンネル,新しい秋ちゃん🥰😆,0,2025-01-30T13:26:46Z,2025-01-30T13:26:46Z
UgxTgSgNSPPzb-jkel94AaABAg,,False,@설렝인뎁쇼,갤선배 때문에 내가 미쳐버리게되....❤,0,2025-01-30T13:13:05Z,2025-01-30T13:13:05Z
UgwABSeDPNHcAIbceF94AaABAg,,False,@햄찌가하는포카포장,가을이 너무 예쁘다ㅠㅠ 심장 터질뻔❤,0,2025-01-30T13:09:47Z,2025-01-30T13:09:47Z
Ugwy_QJ-7y9U9zErASx4AaABAg,,False,@맂콩인뎅,아뉘 넘 여신이자나...❤❤,0,2025-01-30T13:07:48Z,2025-01-30T13:07:48Z
Ugxh-tsl4XuqUNHHm6F4AaABAg,,False,@polyut_dive,"아..가을이 너무 귀여워!!
내가 좋아요 1000000000×무한 주고 싶지만..
유튜브는 1개 밖에 못줘서 어떻하냐....ㅜㅜㅜㅜ",19,2025-01-30T13:01:44Z,2025-01-30T13:01:44Z
Ugxh-tsl4XuqUNHHm6F4AaABAg.ADvLo70D0vEAG-6v13SkCA,Ugxh-tsl4XuqUNHHm6F4AaABAg,True,@라곤-o3i,무한은 애초에 사람수가안됨..,0,2025-03-23T02:30:36Z,2025-03-23T02:30:36Z
Ugz38jRbcjk78epJFa14AaABAg,,False,@김종익-u5o,아이브 재미있는거 진짜 많이찍네..,5,2025-01-30T12:56:56Z,2025-01-30T12:56:56Z
Ugzig9GMerBjRjNbT2Z4AaABAg,,False,@쪼옐미,진짜 예쁘당..❤❤,9,2025-01-30T12:53:38Z,2025-01-30T12:53:38Z
Ugx6Uxq3x7e9uayFNXp4AaABAg,,False,@도냣,흐어ㅓ 넘 이뿌ㅡ다❤❤,1,2025-01-30T12:35:35Z,2025-01-30T12:35:35Z
Ugwt8XdynkXGkA19kIV4AaABAg,,False,@hiyoko02,너무 이뻐어어어어❤❤❤❤,0,2025-01-30T12:17:20Z,2025-01-30T12:17:20Z
UgwTafwAqmAnYPOu_0J4AaABAg,,False,@jimcoo,OMG Gaeul.... (o.o),1,2025-01-30T12:15:41Z,2025-01-30T12:15:41Z
UgzeEa9711kmFIhzhqV4AaABAg,,False,@떡상바라기로라,가을 요즘 전성기네…왤케 이뻐졌어 가으리,7,2025-01-30T12:09:11Z,2025-01-30T12:09:11Z
UgwGa6n0wUqFWbANVQB4AaABAg,,False,@순대업고튀어-pio,마지막에 머리꼬는거 넘후 귀엽자냐❤,0,2025-01-30T12:08:04Z,2025-01-30T12:08:04Z
UgwS5_ulIEwHhcwXVVB4AaABAg,,False,@규닝-g8f,"와씨 이건 가을이니까 할 수 있는건가, ㄷㄷ💗",83,2025-01-30T11:49:13Z,2025-01-30T11:49:13Z
UgwS5_ulIEwHhcwXVVB4AaABAg.ADvDW1pgpvSAF3mNydBvnR,UgwS5_ulIEwHhcwXVVB4AaABAg,True,@sun_13xji,갤선배❤❤❤,4,2025-02-28T01:27:15Z,2025-02-28T01:27:15Z
UgwS5_ulIEwHhcwXVVB4AaABAg.ADvDW1pgpvSAG228TDUQMp,UgwS5_ulIEwHhcwXVVB4AaABAg,True,@Kong_ko10,규닝님이 왜 여기에.. 저 팬 이에요,4,2025-03-24T05:46:36Z,2025-03-24T05:46:36Z
UgwS5_ulIEwHhcwXVVB4AaABAg.ADvDW1pgpvSAGDHZn3CuFr,UgwS5_ulIEwHhcwXVVB4AaABAg,True,@EnjoyDawon,그러니까요ㄷㄷ❤❤❤❤,3,2025-03-28T14:33:03Z,2025-03-28T14:33:03Z
UgwS5_ulIEwHhcwXVVB4AaABAg.ADvDW1pgpvSAGVTerjolMu,UgwS5_ulIEwHhcwXVVB4AaABAg,True,@evade_엘리,규닝님!!,1,2025-04-04T16:05:04Z,2025-04-04T16:05:04Z
UgzB1HV_pjnxgIZ5e8d4AaABAg,,False,@muaramayaaa081,MY DIVA ❤,0,2025-01-30T11:45:47Z,2025-01-30T11:45:47Z
UgwdqXd_43n5to-EleB4AaABAg,,False,@쿠마_didive,아 진짜 김가을 너모 예뻐❤,0,2025-01-30T11:39:12Z,2025-01-30T11:39:12Z
Ugymx7HNwqyF1tn5adZ4AaABAg,,False,@해피인데,넘 이쁘다,0,2025-01-30T11:38:59Z,2025-01-30T11:38:59Z
UgxMoybE9TuTMrTr0dd4AaABAg,,False,@장분임-f4y,찰떡 콩떡 이쟌아!,2,2025-01-30T11:31:23Z,2025-01-30T11:31:23Z
UgwMQ3akITwroHe7fg14AaABAg,,False,@dspark3966,항상 가을언니만 보여.....❤❤❤😢,0,2025-01-30T11:17:23Z,2025-01-30T11:17:23Z
Ugwby3CCUo3uW-EyhOZ4AaABAg,,False,@Wowowowowowowowowowowowowowow0,점점 예뻐지네,0,2025-01-30T11:12:04Z,2025-01-30T11:12:04Z
UgwlJomVEAIGZK2lD8B4AaABAg,,False,@러브_마요,가을이 최애 인 사람으로 뿌듯함당❤,55,2025-01-30T10:58:03Z,2025-01-30T10:58:03Z
UgwlJomVEAIGZK2lD8B4AaABAg.ADv7eGukjVfADxVPnS7aIY,UgwlJomVEAIGZK2lD8B4AaABAg,True,@이히쭈공주,저 가을이 최애입니다❤,0,2025-01-31T09:04:08Z,2025-01-31T09:04:08Z
UgwlJomVEAIGZK2lD8B4AaABAg.ADv7eGukjVfADxWrY_d2KE,UgwlJomVEAIGZK2lD8B4AaABAg,True,@TV-iv9sw,저두 가으리가 최애인뎅 친구들이 가을 이상하데요;;;슬픔미댜ㅜㅜㅜ,4,2025-01-31T09:16:48Z,2025-01-31T09:16:48Z
UgwlJomVEAIGZK2lD8B4AaABAg.ADv7eGukjVfADxbVw4zDwp,UgwlJomVEAIGZK2lD8B4AaABAg,True,@nininew_1202,"@@TV-iv9sw그 친구도 다이브라면 넌 다이브 자격도 없어; 다이브면 아이브 모두 좋아해주고 사랑해주는게 진짜 팬이지..,, 라고 말해봐요..",2,2025-01-31T10:06:09Z,2025-01-31T10:06:09Z
UgwlJomVEAIGZK2lD8B4AaABAg.ADv7eGukjVfADxbb4pT8pF,UgwlJomVEAIGZK2lD8B4AaABAg,True,@현뿌댕댕이,"​@@TV-iv9sw계네들을 가으리가 너무 예뻐서
질투하는 걸 꺼예요😊",2,2025-01-31T10:06:59Z,2025-01-31T10:06:59Z
UgwlJomVEAIGZK2lD8B4AaABAg.ADv7eGukjVfADxbsD7I3-2,UgwlJomVEAIGZK2lD8B4AaABAg,True,@TV-iv9sw,@ 헐...이렇게 장문으로 답글 달아주셔서 감사해용    흐엉엉ㅜㅜㅜ,0,2025-01-31T10:09:19Z,2025-01-31T10:09:19Z
Ugz0nbtGUPzAHJnGeG94AaABAg,,False,@하얀산호초_맛_쿠키,"갤언니 퀸카 그자체,,❤️",0,2025-01-30T10:54:29Z,2025-01-30T10:54:29Z
UgyM9lvcHtfqKGsY03h4AaABAg,,False,@KayleeTheCutie,who was that behind gaeul bro huh,0,2025-01-30T10:50:32Z,2025-01-30T10:50:32Z
UgwgNFw8gpbLlxnUgZ94AaABAg,,False,@잇녕이옹,가을언니..내 눈을 지켜줘..!너무 반짝임,1,2025-01-30T10:30:59Z,2025-01-30T10:30:59Z
UgwMJ0NozG2DmghLLtZ4AaABAg,,False,@송서연-n6b,외모 미쳤당....,0,2025-01-30T10:18:46Z,2025-01-30T10:18:46Z
UgyqG4hxzpQOZuSKP6x4AaABAg,,False,@vlqcccccccc,❤❤❤❤❤❤❤❤❤,0,2025-01-30T10:17:20Z,2025-01-30T10:17:20Z
UgwPFLraBGPz6w_C6EZ4AaABAg,,False,@jung-w6h,가을이 너무 이쁨.,0,2025-01-30T09:43:53Z,2025-01-30T09:43:53Z
UgzCPE8lwCmw-W-pK8F4AaABAg,,False,@byoungjinjang3528,아ㅏㅏ 넘이쁘자나ㅏㅏㅏㅏ 사랑해 가을아ㅏㅏ❤❤❤❤,0,2025-01-30T09:35:44Z,2025-01-30T09:35:44Z
UgzQUX0_2eVFWn7B-hF4AaABAg,,False,@AOSB-i3p,Whats your number? 1 because Gaeul is my number 1 in my heart ❤,0,2025-01-30T09:32:25Z,2025-01-30T09:32:25Z
Ugwkdk-RWIpRuxYCBAt4AaABAg,,False,@svciotse9748,가을 선배 넘 예쁘다😢😢,0,2025-01-30T09:29:32Z,2025-01-30T09:29:32Z
Ugycc3pO_2Lo4JBjvfx4AaABAg,,False,@슈붕삼켜버린슈,"가으리 너뮤 예쁘다아,,",0,2025-01-30T09:28:02Z,2025-01-30T09:28:02Z
Ugy5es188WDr70EmeCp4AaABAg,,False,@user-lq5xt8jj6k,❤❤❤❤❤❤❤❤❤❤❤❤❤❤❤❤❤❤❤❤❤❤❤❤❤❤❤❤❤❤❤❤❤❤❤❤❤❤❤❤❤❤❤❤❤❤❤❤❤❤,0,2025-01-30T09:21:05Z,2025-01-30T09:21:05Z
UgwzxxoENjAfRK_QiLN4AaABAg,,False,@sunnysidefelix,IMA MISS THIS DIVA WHEN I SCROLL 😭,3,2025-01-30T09:17:48Z,2025-01-30T09:17:48Z
UgwF9XzVMgGHH2GYf5p4AaABAg,,False,@하율무차,너무 X 100 예쁘다아..❤,0,2025-01-30T09:17:21Z,2025-01-30T09:17:21Z
UgwOxF-VYLGb_nv9pjt4AaABAg,,False,@MariamMostafa-o4c,GAEUL YOU ARE GIVING US THE 90S VIBES!❤❤,0,2025-01-30T09:11:41Z,2025-01-30T09:11:41Z
Ugyb3gPCvyE928qH9z54AaABAg,,False,@아지민만보는보리,가을에 미모에 난 crazy 해,0,2025-01-30T09:10:31Z,2025-01-30T09:10:31Z
UgxpSfgcSiEgnRCKDhd4AaABAg,,False,@요미-c8x,가을선배 왜케 예뻐요❤❤,0,2025-01-30T08:55:05Z,2025-01-30T08:55:05Z
Ugx3w8YxkzcRV_A3ext4AaABAg,,False,@REI_LESEO_IVE,가으라ㅏㅏㅏㅏㅏㅏㅏㅏㅏㅏㅏㅏㅏ😮😮😮😮,0,2025-01-30T08:52:24Z,2025-01-30T08:52:24Z
Ugx4l0LCIBVAoEH4ekp4AaABAg,,False,@밤쟈사랑녀_윤,가으리 화장 왤캐 잘 어울리징..? 너무 이쁘다❤,0,2025-01-30T08:21:35Z,2025-01-30T08:21:35Z
Ugx0WAOj1fDZjTP1nUd4AaABAg,,False,@QWERP지꼬미,❤❤❤,0,2025-01-30T08:00:59Z,2025-01-30T08:00:59Z
Ugydn_KJcGLwbvaidzx4AaABAg,,False,@장귤-n2q,선배 너무 예뻐요 😍 ❤,0,2025-01-30T07:24:29Z,2025-01-30T07:24:29Z
UgyxwmrkBpP5O8ZwYeV4AaABAg,,False,@말랑콩떡-f8x,가으라너무이쁘자나♡♡,0,2025-01-30T07:20:12Z,2025-01-30T07:20:12Z
UgxONBfLFeBVYxQi7NF4AaABAg,,False,@jomin0523,이번 해메코 쩐다.❤❤,0,2025-01-30T07:18:28Z,2025-01-30T07:18:28Z
UgyyJSSyIsGGraNJSUl4AaABAg,,False,@롤로토마시-n7e,아 예뻐라~ ㅋㅋ,0,2025-01-30T07:15:40Z,2025-01-30T07:15:40Z
Ugz2FwJDv8Rq77wj-TF4AaABAg,,False,@떻하_빨아먹는_셸리,가을아 나한테 사랑을줘!(?)❤,0,2025-01-30T07:15:39Z,2025-01-30T07:15:39Z
UgxD4JS7GzaPCDyyovd4AaABAg,,False,@뿌미-j1e,다론이 진짜 이쁘다❤❤❤❤❤❤❤❤🎉🎉🎉🎉🎉,0,2025-01-30T06:40:49Z,2025-01-30T06:40:49Z
UgyuzEtsHqaLqaNAALN4AaABAg,,False,@어린왕자-v2q,가을이 진짜 아이돌이다....❤,0,2025-01-30T06:35:49Z,2025-01-30T06:35:49Z
UgxEa7AVDpJCRNdVR1h4AaABAg,,False,@평학사랑녀-1031s,내 최애 팝송이랑 최애라니.....?!,1,2025-01-30T06:33:39Z,2025-01-30T06:33:39Z
UgySJZXuFBumJrAhKbN4AaABAg,,False,@user-nt2qi6by4h,마지막에 웃을때가 찐이다❤❤,0,2025-01-30T06:31:19Z,2025-01-30T06:31:19Z
Ugymw0pVmiXPn1KsdC94AaABAg,,False,@boynextddo,그 얼굴이면 전화 하지 말라고 해도 할거에요…❤,1,2025-01-30T06:24:07Z,2025-01-30T06:24:07Z
UgzjVYvLdLvKkhQUadB4AaABAg,,False,@종이문방구,가을이 넘 존예❤❤😊,0,2025-01-30T06:22:26Z,2025-01-30T06:22:26Z
UgwvBnPgAcjs8D0mWIh4AaABAg,,False,@리나인뎁쇼,갤선배 나 심장 아포..💗,0,2025-01-30T06:11:33Z,2025-01-30T06:11:33Z
Ugw3NCRL0y_NuIjtkB54AaABAg,,False,@부우-o4k,가을이의 미모...그누구도 따라하수없다 물론 연기도❤,0,2025-01-30T06:08:58Z,2025-01-30T06:08:58Z
UgzB2tu7qm_4RWfuXed4AaABAg,,False,@X._.Pok-12,와..진짜 가을인 어떻게 이렇게 이쁠 수가 있지..,0,2025-01-30T05:52:14Z,2025-01-30T05:52:14Z
Ugz8JLpGgW23-Ax156J4AaABAg,,False,@쀼히아이시떼루뿌요,헐 갈이 칼쓰마 미촛다❤,0,2025-01-30T05:43:14Z,2025-01-30T05:43:14Z
UgyZR_OW-CAVWTaQbt54AaABAg,,False,@허단아,조녜 그 자체다...,0,2025-01-30T05:39:26Z,2025-01-30T05:39:26Z
UgzWEuOf0MY03PF4pQV4AaABAg,,False,@mcy8188,가을 누나~💖,0,2025-01-30T05:31:57Z,2025-01-30T05:31:57Z
Ugx7kH34amLb3LlsMfh4AaABAg,,False,@ArielStar,Yes Gaeul ❤❤❤,2,2025-01-30T05:23:38Z,2025-01-30T05:23:38Z
UgwjCO3zgnmH9Du-Jgl4AaABAg,,False,@잇유두두등장,넘넘 이뻐요❤❤❤❤❤❤❤❤❤❤,1,2025-01-30T05:17:39Z,2025-01-30T05:17:39Z
UgwsV5fUpbNuj7UgSOJ4AaABAg,,False,@dain9,"가으리 미모 뭐야,,;;❤️‍🔥❤️‍🔥🥹",0,2025-01-30T05:17:27Z,2025-01-30T05:17:27Z
Ugx2NhdgHkmLemDBlhh4AaABAg,,False,@IVE_DiVEREI,가을언니 넘이뽀요!!❤,0,2025-01-30T05:10:46Z,2025-01-30T05:10:46Z
Ugym25zTA_7qbBqn_ux4AaABAg,,False,@Sjxiendiw,"가을아,심장터져ㅜ",0,2025-01-30T04:50:23Z,2025-01-30T04:50:23Z
Ugyu619ZqSxb8g0g44N4AaABAg,,False,@수비니같은수빈,요즘 가으리 미모 머선일🚨🚨진짜 사랑해🩷,17,2025-01-30T04:35:13Z,2025-01-30T04:35:13Z
Ugyu619ZqSxb8g0g44N4AaABAg.ADuRqH68NPWAGKVDwmNXj2,Ugyu619ZqSxb8g0g44N4AaABAg,True,@뽀릱_업고튀어,인져여여❤,2,2025-03-31T09:47:05Z,2025-03-31T09:47:05Z
UgxH5zU4g4Cv_47ObKB4AaABAg,,False,@nininew_1202,꺄아아 설렜어ㅜㅜ❤,0,2025-01-30T04:34:49Z,2025-01-30T04:34:49Z
UgxWoO-6pSWr2heR8Xd4AaABAg,,False,@레콩인뎁쇼,이래서 내가 가을이 최애지❤🎉😊,0,2025-01-30T04:34:45Z,2025-01-30T04:34:45Z
Ugw_dynf2AKHWzuv4hh4AaABAg,,False,@유코짱-e8c,❤,0,2025-01-30T04:31:16Z,2025-01-30T04:31:16Z
UgzUxGA8nUBEbBA8G8F4AaABAg,,False,@MsK-s2f,아 빠저든다,0,2025-01-30T04:28:04Z,2025-01-30T04:28:04Z
UgxbR-HbWYDA7Snwq6V4AaABAg,,False,@하하-p7i,가을선배 너무 이뻐요...ㅠㅠㅠㅠ,0,2025-01-30T04:17:15Z,2025-01-30T04:17:15Z
UgxV1qqMXM5qi6-aZHR4AaABAg,,False,@복띠인데유,가을운니 너모 이뻐❤❤❤,4,2025-01-30T04:13:25Z,2025-01-30T04:13:25Z
UgxLjHrBIbqS0WNJDQV4AaABAg,,False,@tetrisheartheart,아우~이뽀❤,0,2025-01-30T04:05:32Z,2025-01-30T04:05:32Z
UgxVnamgmYzjgRW6kaJ4AaABAg,,False,@yukikazerosedive,Gaeul looks like a hot girl in movies omg the walking scene,0,2025-01-30T03:58:12Z,2025-01-30T03:58:12Z
Ugy-fywawwX299NN4914AaABAg,,False,@채릲쓰이야,"근데 가을이 진짜 이쁘다..
점 점 이뻐지는건가 물이 올랐네",0,2025-01-30T03:56:47Z,2025-01-30T03:56:47Z
UgzhU8YRhNj8gHeC3RN4AaABAg,,False,@비만이tv김아연,당장 전화할게요 갤 선배❤,0,2025-01-30T03:56:09Z,2025-01-30T03:56:09Z
UgzD5jHbGv-_3maa2-94AaABAg,,False,@IVElove820,❤갤❤,1,2025-01-30T03:54:24Z,2025-01-30T03:54:24Z
UgwURPb_uUto7G4jZQF4AaABAg,,False,@앵님오셧다,갤선배..전화 하곤 싶은데 번호가 읎어유...😢❤,0,2025-01-30T03:53:46Z,2025-01-30T03:53:46Z
UgyY3MfiW-N3AKGZqB14AaABAg,,False,@잇프-하세요-잇짜나,요즘 가을 언니가 쇼츠 많이올려줘서 좋음❤,0,2025-01-30T03:35:48Z,2025-01-30T03:35:48Z
UgxJ29Smg2oxbZe6yX94AaABAg,,False,@모아-147,왜 점점 예뻐지는데❤,0,2025-01-30T03:27:01Z,2025-01-30T03:27:01Z
UgxgeS3CuYMAoLzfvwR4AaABAg,,False,@녕쁘_아끼는_당고,가을찡!!!,0,2025-01-30T03:23:25Z,2025-01-30T03:23:25Z
UgyoHKWV0lGIPuYtI5Z4AaABAg,,False,@평생아이브만사랑해,가으리 넘 이뿌다ㅠㅜ❤️‍🔥❤️‍🔥,0,2025-01-30T03:20:58Z,2025-01-30T03:20:58Z
UgxWOnPH9Wj5gTZfg7d4AaABAg,,False,@퐁당즈_바라기_하밍MOA,가을이 여전히 예쁘다❤,0,2025-01-30T03:20:00Z,2025-01-30T03:20:00Z
UgxAreDngYfvktHFal94AaABAg,,False,@아이닝ain,너무 예뻐 ❤❤❤,0,2025-01-30T03:04:54Z,2025-01-30T03:04:54Z
UgzV2kJ5rjsr5imx82x4AaABAg,,False,@ycbak,멋짐,0,2025-01-30T02:58:17Z,2025-01-30T02:58:17Z
UgwlafRsf9RRIwHgiXl4AaABAg,,False,@다이브나라-2021-아이브,다람쥐 예쁘다❤ 맏언니 가으리 아프지먀 예쁘고 다하네❤🎉,0,2025-01-30T02:53:03Z,2025-01-30T02:53:03Z
UgwrV7x9W-ilGVq24Nx4AaABAg,,False,@잉어들,진짜 번호좀 주라 가을아ㅠㅠ❤,0,2025-01-30T02:49:38Z,2025-01-30T02:49:38Z
UgzUgLT9w6YGoBMu-jZ4AaABAg,,False,@똥별이TV,가을아! 우리도 생각해야지! 왜냐구? 내 마음 내 심장이 녹아 죽어..ㅋㅋㅋ 가을서배 넘 예뻐여!❤❤,0,2025-01-30T02:38:10Z,2025-01-30T02:38:10Z
UgyhbTp-Ag8I8qhmgyJ4AaABAg,,False,@고양강아,가을언니 예쁘다❤,0,2025-01-30T02:38:05Z,2025-01-30T02:38:05Z
UgzNIphe6bABvf2M67J4AaABAg,,False,@청사곽-55,절망 다룸쥐 졸귘ㅋ,0,2025-01-30T02:36:56Z,2025-01-30T02:36:56Z
UgxYfnwrFnmuAqTPlFx4AaABAg,,False,@Strider901,🍂🍂🍂,0,2025-01-30T02:33:08Z,2025-01-30T02:33:08Z
UgyzljuUHtAuKgizCnJ4AaABAg,,False,@슈팅-0622,챌린지하는 가을언니 너무 예뻥,0,2025-01-30T02:31:51Z,2025-01-30T02:31:51Z
UgwHw4yNEehsMfKno2d4AaABAg,,False,@Youmandew,"내 미래보다 가을선배 이목구비가 더 뚜렷하다,, 리즈갱신중인 이 다람쥐를 어찌할꼬🐿❤️‍🔥",1,2025-01-30T02:25:19Z,2025-01-30T02:25:19Z
UgzQiZ2ocbxc0lFGBAZ4AaABAg,,False,@응애이서1234,전화해도 될까????사랑해❤❤,0,2025-01-30T02:17:30Z,2025-01-30T02:17:30Z
UgzvF8t3UV_zjyVduhR4AaABAg,,False,@Minsun-2,장원영언니도 해주세요,0,2025-01-30T02:17:05Z,2025-01-30T02:17:05Z
Ugywd3LfQojliQzZpNd4AaABAg,,False,@yongminlee1857,람쥐가 번호 주는뎅 거절하는 사람이 있을깡??🙈🙈 지금는 가을의 리즈시절임!!😚🍀,1,2025-01-30T02:09:50Z,2025-01-30T02:09:50Z
UgzQoVnHlnmnLEgNPht4AaABAg,,False,@예로미-s4v,"김가을씨 당신을 다이브들을
당신의 귀여움으로 기절시킨죄로
체포합니당❤❤",0,2025-01-30T02:08:55Z,2025-01-30T02:08:55Z
UgwXmax5Dxzo3AChMq14AaABAg,,False,@노가리칩-y6r,"진❤❤❤❤❤❤❤❤짜
이뻐ㅓㅓㅓㅓㅓㅓㅓㅓ",0,2025-01-30T02:06:08Z,2025-01-30T02:06:08Z
UgzxTcpFEWPD0VUZKD54AaABAg,,False,@몽글이샘saem,❤❤❤❤❤,0,2025-01-30T02:05:43Z,2025-01-30T02:05:43Z
UgwQkqZV95PE2cEusbJ4AaABAg,,False,@Sooah129,진짜 요즘 리즈찍고있는 멤버가 몇명이야...,0,2025-01-30T02:04:24Z,2025-01-30T02:04:24Z
Ugw49KUeICIlSTUJXx14AaABAg,,False,@love-ez1nz,가으라 넘 예쁘다❤❤,2,2025-01-30T01:59:05Z,2025-01-30T01:59:05Z
UgxrADY-ErTtiBE1L-Z4AaABAg,,False,@조리퐁-2015,가을이 넘 예뻐 ㅠㅜㅜㅠㅜㅠㅜㅠㅜㅠㅠㅜ,0,2025-01-30T01:52:21Z,2025-01-30T01:52:21Z
Ugy9LYxKhjEBfdl2OvN4AaABAg,,False,@오토호이진우,가으라❤❤❤,0,2025-01-30T01:49:08Z,2025-01-30T01:49:08Z
UgyTdX7L2qBs8ZrOvnN4AaABAg,,False,@신나자매,나 이거 보고 방금 입덕했네♡,0,2025-01-30T01:44:02Z,2025-01-30T01:44:02Z
UgwJRmlsnmeYDv0UKVR4AaABAg,,False,@다아다아,핫걸❤❤❤❤❤❤❤❤,3,2025-01-30T01:36:10Z,2025-01-30T01:36:10Z
Ugzhp5lkW6WbONP-SOB4AaABAg,,False,@user-nq9qx6pj1m,가을이 요즘 넘 이뻐졌음❤❤❤,3,2025-01-30T01:33:05Z,2025-01-30T01:33:05Z
UgwaG60NjWs0BsieP114AaABAg,,False,@neveen8418,어맛><기여워ㅜㅠㅠㅠ,0,2025-01-30T01:33:03Z,2025-01-30T01:33:33Z
UgwzjLt_pV8tjTN3LKF4AaABAg,,False,@킴해피인데오,와앙 개 이쁘다,0,2025-01-30T01:20:02Z,2025-01-30T01:20:02Z
UgxC4ZtiNndWAG6XgG94AaABAg,,False,@정서영서영-m9f,핫걸쓰❤❤,0,2025-01-30T01:17:31Z,2025-01-30T01:17:31Z
Ugygwhl85hU_qILRVyl4AaABAg,,False,@_nana_nana,Tell me your number baby,0,2025-01-30T01:02:25Z,2025-01-30T01:02:25Z
UgzsY7uhm4J7CECwh-Z4AaABAg,,False,@모카라떼-355,가을 사ㅣ랑해❤,0,2025-01-30T01:01:57Z,2025-01-30T01:01:57Z
UgwomfLrJaYUXUqcxp54AaABAg,,False,@Charddock_youkong,"가을앙 진짜.너무너무 좋아 미쳐버리
겠어....!!! 이번 헤.메.코.진짜 예뻐...♥♥♥",0,2025-01-30T01:01:44Z,2025-01-30T01:01:44Z
UgxzW_74PzSv2g-D-cV4AaABAg,,False,@빈쵸030,진챠 가을이 넘 이쁘다❤ 앞으로도 이런 챌 많이 찍어줬으면😊😊,12,2025-01-30T00:57:12Z,2025-01-30T00:57:25Z
Ugwyy-spIlf8yETK8Md4AaABAg,,False,@옥슈슈입니다,넘예뽀❤❤😢,6,2025-01-30T00:56:18Z,2025-01-30T00:56:18Z
UgxhaTbRswN36RbqhXF4AaABAg,,False,@네로에게먹힌햄찡,솔직히 이거이거 좋아요 않누를수가 없따..갤선배 완죤 말모말모라규우..!,1,2025-01-30T00:55:28Z,2025-01-30T00:55:28Z
Ugxgcnvf_2wlk6O-UTp4AaABAg,,False,@leonardomirandaalatorre9225,😘✨,0,2025-01-30T00:53:40Z,2025-01-30T00:53:40Z
Ugxkr5tw5rErGSsbGs14AaABAg,,False,@나린박-f9i,오늘부터 다이브 할게요❤❤,2,2025-01-30T00:50:54Z,2025-01-30T00:50:54Z
Ugxkr5tw5rErGSsbGs14AaABAg.ADu2AGQ_awFADu4ymTx8XI,Ugxkr5tw5rErGSsbGs14AaABAg,True,@Kong-reng,헐ㄹ 입덕하신거 축하드려요ㅛㅛ요ㅛ요 ㅇ,0,2025-01-30T01:15:24Z,2025-01-30T01:15:24Z
Ugz3qMGmpu8wI3iGIDl4AaABAg,,False,@소다-d7h,너무예뻐요ㅠㅠ저 이거보고 기절했어요ㅠㅠ,6,2025-01-30T00:45:47Z,2025-01-30T00:45:47Z
UgzGeMYbcZq3vXnRcuF4AaABAg,,False,@나는야이즈얌,가을이 넘 예쁘다,1,2025-01-30T00:34:14Z,2025-01-30T00:34:14Z
Ugy6Glydu3nRscDwKKB4AaABAg,,False,@유진-i3d,가을아 ㅠㅠ,1,2025-01-30T00:34:08Z,2025-01-30T00:34:08Z
UgxYq5cTIw4cVI3ag_x4AaABAg,,False,@M.xrre_3,김가을 완전 핫걸 아니냐구❤❤,9,2025-01-30T00:33:56Z,2025-01-30T00:33:56Z
UgxmBF92EwqIXkf0WCV4AaABAg,,False,@승아-q7o,"가을이 미모 머선일인가요 ,,❤",1,2025-01-30T00:17:45Z,2025-01-30T00:17:45Z
UgyNpu-G_-QCN8eex5x4AaABAg,,False,@ppochoe._.12,"넹 제 번호 드릴게요 연락해여ㅕㅕ
010-…",2,2025-01-29T23:48:10Z,2025-01-29T23:48:10Z
UgxMSom3I8phBnDIM_Z4AaABAg,,False,@NoeliaEvelin,Linda revivendo esse hit🤩🎵,3,2025-01-29T23:47:44Z,2025-01-29T23:47:44Z
UgzuTNpYhBHhzk3R8ox4AaABAg,,False,@Viníciusago15,Quando grande wouaqo gente gaeul 💖,0,2025-01-29T23:46:05Z,2025-01-29T23:46:05Z
Ugz6stKbxJl5-Ksbr-F4AaABAg,,False,@dark808bb8,I love gaeul,0,2025-01-29T23:46:02Z,2025-01-29T23:46:02Z
UgwOEY9zkjmwBZWxn3F4AaABAg,,False,@Brawl-Cob,I’ll call u!!!!,1,2025-01-29T23:42:53Z,2025-01-29T23:42:53Z
Ugw_OuS1O_MwOAQDKtF4AaABAg,,False,@닌냥-y7k,와...존예다..,0,2025-01-29T23:40:32Z,2025-01-29T23:40:32Z
UgyYOSifNE9Lv_0cK014AaABAg,,False,@Sunshine-dw7bu,"가을이 미모 미쳤다,,♡",10,2025-01-29T23:37:33Z,2025-01-29T23:37:33Z
UgyInCSqqnjMi2LknkJ4AaABAg,,False,@전은미-f5p,가을 사랑해,0,2025-01-29T23:37:26Z,2025-01-29T23:37:26Z
Ugyait_tYoYoFMTKGOl4AaABAg,,False,@Kimnojam,I would call you Gaeul Sunbae except that I didn't meet you and don't have your number 😁,2,2025-01-29T23:37:14Z,2025-01-29T23:37:14Z
Ugx6LamhpzErc_6QdlJ4AaABAg,,False,@potato0410-g5q,"아닝,,,,,, 가을이 땜애 잠도 못자고있다구요......",0,2025-01-29T23:29:26Z,2025-01-29T23:29:26Z
Ugw9myZS_qivUBh6g_p4AaABAg,,False,@박정우-l3o,가을님화이팅,0,2025-01-29T23:22:51Z,2025-01-29T23:22:51Z
UgzbsU-w6Dhghaq0vb14AaABAg,,False,@박정우-l3o,가을님팬이에요가을님회이팅,0,2025-01-29T23:22:36Z,2025-01-29T23:22:36Z
Ugw01w7WdCI4JYuJOtR4AaABAg,,False,@뿌뿌님들_생명수_바뿌,역시 내 최애❤️‍🔥넘 이뿌자너ㅜ,4,2025-01-29T23:21:47Z,2025-01-29T23:21:47Z
UgwMEmgiiwNrnNBZ2WF4AaABAg,,False,@吉川伊絢,秋ちゃん可愛すぎる！格好もスタイルも良い！最高！秋ちゃんはうちの推し,1,2025-01-29T23:19:45Z,2025-01-29T23:19:45Z
Ugy0SgM5E65_KnJk0jN4AaABAg,,False,@샤잉,가을아 적당히 좀 이뻐❤,0,2025-01-29T23:18:46Z,2025-01-29T23:18:46Z
UgwKQWFaDqULDloW0v14AaABAg,,False,@関根節夫-d2p,🎉アイヴ🎉ガウルさん🍓女子学生みたい可愛い🎉綺麗ですスタイル抜群ステキだね有り難うね幸せいっぱいダンス素敵🎉🎉🎉🎉,0,2025-01-29T23:11:31Z,2025-01-29T23:11:31Z
UgxyMKIfSB4EaxIra4p4AaABAg,,False,@김소율-y4g,ㅎㅎㅎㅎ 귀여워 ❤,0,2025-01-29T23:07:13Z,2025-01-29T23:07:13Z
UgwRaNaUtFbaF-NsxNt4AaABAg,,False,@Mynin03,So call me baby🤡,0,2025-01-29T23:04:57Z,2025-01-29T23:04:57Z
UgyPwzPLBIlCsVuLfNh4AaABAg,,False,@おひたし-n5q,"最初ユジンかと思った🙄
みんな誰かに似てて判別むずい時あるけど、総じて言えるのはみんなかわいい",0,2025-01-29T23:04:48Z,2025-01-29T23:04:48Z
Ugz1_7RzeubXia91ff14AaABAg,,False,@miuthub7954,Haha cutie,0,2025-01-29T23:04:04Z,2025-01-29T23:04:04Z
UgwzU08yajxj22Dl4854AaABAg,,False,@waynecam4u,Uhm! Can i get your number?❤,0,2025-01-29T23:01:09Z,2025-01-29T23:01:09Z
Ugx68evrAtBF5qCHHDR4AaABAg,,False,@channelname1.0,This Gaeul is Gaeuling,0,2025-01-29T22:57:24Z,2025-01-29T22:57:24Z
Ugwq-vAZCnWwpZ7xqYx4AaABAg,,False,@鼻汁王子,冬なのに秋ちゃが大豊作だ,0,2025-01-29T22:53:09Z,2025-01-29T22:53:09Z
UgzRNpIcclPBHTGPxTZ4AaABAg,,False,@유라핑,허서거거거거거거ㅓㄱ 가을이 너무 이뻐요,0,2025-01-29T22:48:45Z,2025-01-29T22:48:45Z
UgyoAWq9_xh7fyf_EJd4AaABAg,,False,@pumkingblox7902,GAEUL❤❤❤❤❤❤,0,2025-01-29T22:47:29Z,2025-01-29T22:47:29Z
Ugz1XVSQnYLD1PyHpEh4AaABAg,,False,@jungrakchoi4226,꺄ㅑㅑㅑㅑ 가을언니 저를 가져요!!!!!!!!!,0,2025-01-29T22:39:59Z,2025-01-29T22:39:59Z
UgzEimIkbH8Mpjo9N7t4AaABAg,,False,@hinatoki8874,PRETTYYYY😍😍😍,0,2025-01-29T21:51:13Z,2025-01-29T21:51:13Z
UgwLhLPs4yZ-IfHZlpF4AaABAg,,False,@Hyunjinsleftbuttcheeksrynotsry,GAEU; IS MY BIAS FOR A REASONNNNN,0,2025-01-29T21:32:04Z,2025-01-29T21:32:04Z
UgwA5e1oMQ-9YsH8Yxd4AaABAg,,False,@StrawberryBearrr,OH MY GOD. ISTG GAEUL EONNIE IS GETTING PRETTIER BY THE SECOND. IVES DIVA RIGHT THERE,11,2025-01-29T21:18:53Z,2025-01-29T21:18:53Z
UgwGel2CoosOkfsDbYR4AaABAg,,False,@workingmoodleclass5925,😍Too short this video … 😤,0,2025-01-29T21:00:30Z,2025-01-29T21:00:30Z
Ugwao1JIlb8IgDdXsFZ4AaABAg,,False,@guitarchris76,"OMG,😮",0,2025-01-29T20:43:06Z,2025-01-29T20:43:06Z
UgxcwUKf7918IURLD_l4AaABAg,,False,@__ash.5.4__,✨💖,0,2025-01-29T20:26:36Z,2025-01-29T20:26:36Z
UgwLQ_KfhPsqD50yjJh4AaABAg,,False,@haerins_wifee,OFC GAEUL I CALL U 🔥💕,0,2025-01-29T20:23:27Z,2025-01-29T20:23:27Z
UgwnB59aZwzO0TtaK894AaABAg,,False,@__LALISA__WORLDWIDENUMBERONE,Gaeul is truly beautiful and cute,58,2025-01-29T19:56:22Z,2025-01-29T19:56:22Z
UgwnB59aZwzO0TtaK894AaABAg.ADtWT0_cC3WADuNivvCFdl,UgwnB59aZwzO0TtaK894AaABAg,True,@지율-r9m,울 가을이는 역시 어떤 곡 도 잘소화 한다❤,1,2025-01-30T03:59:16Z,2025-01-30T03:59:16Z
UgwhKt56JH1b91ERAcB4AaABAg,,False,@eliramulaj9746,I will Call her Everytime ❤😂,0,2025-01-29T19:47:25Z,2025-01-29T19:47:25Z
UgynmunixOWjEARjQXR4AaABAg,,False,@sgrios,God she is so hot 🔥🔥🔥🤯,2,2025-01-29T19:40:12Z,2025-01-29T19:40:12Z
UgxlZGETvOzWwzpLdXF4AaABAg,,False,@eugenioserafin-p4h,Fofa 🌹 ❤️,0,2025-01-29T19:09:05Z,2025-01-29T19:09:05Z
Ugx3FTTKBjD-vuRVrvl4AaABAg,,False,@4차원제니,예뻐~!!^^♡,0,2025-01-29T19:04:35Z,2025-01-29T19:04:35Z
UgyM34ct-5inQofLi8B4AaABAg,,False,@Shishi.k-pop,OMG GAEUL YOU ARE THE CUTEST❤,0,2025-01-29T18:42:26Z,2025-01-29T18:42:26Z
UgzQB_2AAFSgDtSYo-V4AaABAg,,False,@Empathy_z,SHES SO ADORABLE LITTLE TINY SKCRUNKLYY 🤏🏻 🤏🏻 ❤❤,0,2025-01-29T17:52:51Z,2025-01-29T17:52:51Z
UgzfwnUChvHiLxVKmyJ4AaABAg,,False,@Midkoficiallyal,Gaeul IS the most beauty in Ive,1,2025-01-29T17:43:41Z,2025-01-29T17:43:41Z
UgzYH4WCGHTVXN7JSsl4AaABAg,,False,@두슈-cute,와 가을이 그냥 태어날때 인형으로 태어났구나..?❤❤❤,0,2025-01-29T17:32:38Z,2025-01-29T17:32:51Z
UgzR7q_BasK9Y1pbcvp4AaABAg,,False,@GabrielSilva-lc1iy,🤗📱💴,0,2025-01-29T17:17:33Z,2025-01-29T17:17:33Z
UgzL8kGjJw1PlQRGd2d4AaABAg,,False,@최강녕프녕읁,가을이 짱예❤❤진짜 노래하고 찰떡 콩떡이다 아이팅!,0,2025-01-29T17:16:01Z,2025-01-29T17:16:01Z
UgxBJUUA1YkcSJv8euV4AaABAg,,False,@GabrielSilva-lc1iy,Regálame un celular q dure y te ablo 1ves al mes,0,2025-01-29T17:15:21Z,2025-01-29T17:15:21Z
Ugwk9tEo30DWoWUyI9B4AaABAg,,False,@chichipatata_10,가을 📞🐿💙😊👍🏻,0,2025-01-29T17:11:59Z,2025-01-29T17:11:59Z
UgxhIWVxmDI4WRAX0Tt4AaABAg,,False,@hana_song-bae,가을아 나랑 결혼하자..❤,0,2025-01-29T17:10:11Z,2025-01-29T17:10:11Z
UgzC3StHVk51BX4rm0F4AaABAg,,False,@TreasurYTBღ,당신은 너무 아름답습니다~💗,1,2025-01-29T17:01:54Z,2025-01-29T17:01:54Z
UgxW68hkFjG4ETMkkeV4AaABAg,,False,@쓰메끼리-d1v,가으라❤❤❤,0,2025-01-29T16:32:29Z,2025-01-29T16:32:29Z
UgxmIR3QaK9RrxNz_N94AaABAg,,False,@StrayKidsTheFutureofKpop,IVE GAEUL IS MAD ATTRACTIVE 🤯❤‍🔥,82,2025-01-29T16:28:33Z,2025-01-29T16:28:33Z
UgxmIR3QaK9RrxNz_N94AaABAg.ADt8g-tdr-_ADtpXa6dL3U,UgxmIR3QaK9RrxNz_N94AaABAg,True,@simeirddddd125,"Gaeul le mando una indirecta a su cruhs hyunjin ❤💏
Esa cancion es para el 🎤",2,2025-01-29T22:51:45Z,2025-01-29T22:51:45Z
UgxmIR3QaK9RrxNz_N94AaABAg.ADt8g-tdr-_ADwEKKgIVsd,UgxmIR3QaK9RrxNz_N94AaABAg,True,@Wongy_kitty,@@simeirddddd125wtf,0,2025-01-30T21:15:36Z,2025-01-30T21:15:36Z
Ugz9GE_jyHoEBjR-C4J4AaABAg,,False,@Sofia-ml5ev,가을이 진짜 너무 예쁘잔아 ❤❤❤,0,2025-01-29T16:26:09Z,2025-01-29T16:26:09Z
UgwhGR2dyP-RtJ9OhH94AaABAg,,False,@폴링잉의일상,오. 마.이.갓....아니... 너무예쁘자나???❤아...너무아름갑다...너무 가을선배다워❤ 울달이💖🐿️,0,2025-01-29T16:22:36Z,2025-01-29T16:22:36Z
UgwOHe2PAkE0cTh3eBp4AaABAg,,False,@이희윤-n3y,가으리 이쁘다,0,2025-01-29T16:10:36Z,2025-01-29T16:10:36Z
Ugz5CkVqpSI8uAdNkfp4AaABAg,,False,@only_folls,"Gaeul you're so lucky ""8"" so cute 😍 you should talk to me about something I think we have Winter from Aespa through time travel. ⏳️🧳👸🏼🐇💕 like i would have a time travel harem...yeah and Jang Wonyoung would have Karina and Rei Giselle...(Aeri) [Xiaoting would have Ning] so yeah I know it's crazy but it's what I actually think is happening so please 🙏 think about contacting me about it i want to be a good dad 🐇💕i told Twice Momo may have Yuna and believe this some its harder to see but I'm pretty sure Sana has Miyeon and Sullyoon...",0,2025-01-29T16:05:56Z,2025-01-29T16:05:56Z
Ugy0yZbImgNLzYqF0eh4AaABAg,,False,@むむ-f7x,"ホントに可愛い🥺🩷
だいすき",0,2025-01-29T16:05:53Z,2025-01-29T16:05:53Z
Ugz8qJVGRpS4lVfbzpd4AaABAg,,False,@謝福成-i8b,我夢中的秋天😚😚,0,2025-01-29T16:03:47Z,2025-01-29T16:03:47Z
UgzTnLZp3LkBiZV0s7l4AaABAg,,False,@simeirddddd125,"Heeey Gaeul esa indirecta es para hyunjin de stray kids tu cruhs ❤💏
Verdad😆😅",0,2025-01-29T15:57:54Z,2025-01-29T15:57:54Z
Ugzhe5WLHuGpznxyG1B4AaABAg,,False,@PupArentYouBusy7_7,"""Can i have your number""👉🏼👈🏼😖",0,2025-01-29T15:56:31Z,2025-01-29T15:56:31Z
UgzGkqO3Z-l7w9xmEDV4AaABAg,,False,@arexharkon5918,🥰😍🤗❤️ Gorgeous Gaeul! I love youu!!!,1,2025-01-29T15:55:11Z,2025-01-29T15:55:11Z
UgwUHQ7D8w3piwPDOGl4AaABAg,,False,@김이-h8n,제가 이노래 젤 좋아하는데 춤까지  미칠 것 같아요.^^,2,2025-01-29T15:48:42Z,2025-01-29T15:48:42Z
Ugx12iH55ky3tKEPSAl4AaABAg,,False,@ONCE4ever_143,She's so gorgeous💗✨,9,2025-01-29T15:40:16Z,2025-01-29T15:40:34Z
UgwBtTOkjODqmleL8xR4AaABAg,,False,@N3matMestarihi,개을(高)당신은 너무 멋지고 훌륭합니다 ❤❤,6,2025-01-29T15:38:50Z,2025-01-29T15:38:50Z
UgxTdXyl1BX62T6Gg914AaABAg,,False,@rocknack3603,😊❤,0,2025-01-29T15:37:34Z,2025-01-29T15:37:34Z
UgzcvqD0zvDQnB2U9Ox4AaABAg,,False,@챰치마요덥뱝,가을아 사랑해ㅜㅜㅜㅜㅜㅜ❤,0,2025-01-29T15:31:50Z,2025-01-29T15:31:50Z
UgyQYl3D1Wnth1Fqqmd4AaABAg,,False,@andyle5716,Gaeul Sunbae neomu gwiyeowo. She's forever a sweetheart. And she'll forever be my ultimate bias from IVE. I actually wouldn't mind calling her or receiving a call from her. She'll always be enjoyable to talk to.,0,2025-01-29T15:25:33Z,2025-01-29T15:25:33Z
Ugwoek18ju4FrFtxSel4AaABAg,,False,@Obsessedwithajialily,My fav song and also my fav girl❤️‍🔥❤️‍🔥❤️‍🔥,0,2025-01-29T15:23:05Z,2025-01-29T15:23:05Z
UgzYJSNAF5jdU3FQm314AaABAg,,False,@Lilylovesrobloxx,PRETTY,0,2025-01-29T15:21:55Z,2025-01-29T15:21:55Z
UgxIL7BrwH1nG0bUVoR4AaABAg,,False,@falym2569,Gaeull🩷🩷🩷,0,2025-01-29T15:21:43Z,2025-01-29T15:21:43Z
UgxcmNAugoX38UFXF6R4AaABAg,,False,@채아와초아,바로 전화 갈길게요..,0,2025-01-29T15:14:33Z,2025-01-29T15:14:33Z
UgwXSoY1odYDzYHDJEN4AaABAg,,False,@Musicandpinterestforlife,LOVE how aesthetic IVE’s shorts always are,15,2025-01-29T15:05:47Z,2025-01-29T15:05:47Z
Ugxaj4rn6L0tqJCJ6sR4AaABAg,,False,@orca_2022,❤️😍❤️,0,2025-01-29T15:03:43Z,2025-01-29T15:03:43Z
Ugy4P-WtVv19KAn0rPJ4AaABAg,,False,@IVEfighting,?:ㅇㄴ 제가 먼저 꼬셨다니깐요,1,2025-01-29T14:45:26Z,2025-01-29T14:45:26Z
UgwQLGtfZtCvA9xvO6l4AaABAg,,False,@reemalajmi4617,GAEUL?!?,0,2025-01-29T14:45:15Z,2025-01-29T14:45:15Z
Ugzkqbscy7wHzZIqYs94AaABAg,,False,@Hamed234-i5z,Gaeul we love you so much you need to know that 😍😘😘😘😘,0,2025-01-29T14:45:09Z,2025-01-29T14:45:09Z
Ugy2yxqLFC9p3WVKgcp4AaABAg,,False,@thatyonbeat,Oh mulher linda da pourra 😭😭😭😭,2,2025-01-29T14:44:13Z,2025-01-29T14:44:13Z
UgxhwuIzT9iidZdDaTt4AaABAg,,False,@TV-mp6fw,가을이 팬 할 거야!!!!!!,0,2025-01-29T14:37:38Z,2025-01-29T14:37:38Z
Ugw73V9l0K_cC213D-Z4AaABAg,,False,@re.co.ung_54,진짜 가을아 사랑해ㅐ,0,2025-01-29T14:31:10Z,2025-01-29T14:31:10Z
UgxUDOCZkUeqFghyTnh4AaABAg,,False,@Gommoi,와ㅏ..가을 선배 진짜 이쁘다ㅏ🐿️진ㅉ짜 이쁨…😘,0,2025-01-29T14:26:15Z,2025-01-29T14:26:15Z
UgzsJjd7TewltGOzex14AaABAg,,False,@eduardturcan3,Gaeul is so awesome and cute!!! 🥰😘❤️,2,2025-01-29T14:25:44Z,2025-01-29T14:25:44Z
UgzYiexY2oZIdylHoPN4AaABAg,,False,@U._u0318,가을이 청순함어쩔거야 ㅠㅠ💗,0,2025-01-29T14:23:29Z,2025-01-29T14:23:49Z
UgzOO23Vfpdv4iF7HSd4AaABAg,,False,@다인이다요,갤 선배 진짜 내가 전번따면 ㄹㅇ 겁나 빨리 전화할거임 하 언니 겁나 사랑해요❤❤❤❤,0,2025-01-29T14:22:31Z,2025-01-29T14:22:31Z
UgxDE-mbO0HwHdPEl_94AaABAg,,False,@zzz-on8uv,"I’LL CALL U SWEATIEEE💕💕💕
(I’m a gurl)",0,2025-01-29T14:20:23Z,2025-01-29T14:20:23Z
Ugy8iY63fK4Niqmf0PB4AaABAg,,False,@faiaie,아니 가을 요즘 리즈다,0,2025-01-29T14:20:17Z,2025-01-29T14:20:17Z
UgwVsKLkHhNaoONm-sN4AaABAg,,False,@예설_먹는_예림,전본 알려주면 하루종일 전화할래..! 가으리 너무 예뽀❤,1,2025-01-29T14:19:10Z,2025-01-29T14:19:10Z
UgynfrNdiqczedmlO214AaABAg,,False,@miraculousaicoverslol,we cant call you bcs u hid ur number gurl,0,2025-01-29T14:18:48Z,2025-01-29T14:18:48Z
UgynfrNdiqczedmlO214AaABAg.ADsupggldewADsutgAtZB_,UgynfrNdiqczedmlO214AaABAg,True,@예설_먹는_예림,25초❤,0,2025-01-29T14:19:21Z,2025-01-29T14:19:21Z
UgzMPI1Lc2YPCM6tCTx4AaABAg,,False,@옌_여보_머렝,"가을이 요새 미모 무슨일⸝⸝🤭💋 
원래도 예쁘지만 요새 진짜 너무 예쁜 갤..🫶🏻🐿",0,2025-01-29T14:16:34Z,2025-01-29T14:16:34Z
UgyE_0VN2ccnqYCfbKl4AaABAg,,False,@이윤정-x5p,가을님은 걷는게 런웨이 예술임 ㅇㅈ?,0,2025-01-29T14:14:40Z,2025-01-29T14:14:40Z
UgwsHWoVnsibqwja61Z4AaABAg,,False,@이윤정-x5p,진짜 너무이쁘다❤,0,2025-01-29T14:14:04Z,2025-01-29T14:14:04Z
UgwvAoh65rlDKKTNqop4AaABAg,,False,@이치고-p6p,하...♡ 가을 선배 ♡,0,2025-01-29T14:10:35Z,2025-01-29T14:10:35Z
Ugw12tB7_Jx0pqPIPWN4AaABAg,,False,@toycitykpop,Gaeee,0,2025-01-29T14:07:49Z,2025-01-29T14:07:49Z
Ugwk0Wr5qNLTdEdn1m94AaABAg,,False,@플라워유니,"개이쁘다.....
꼭 연락할게!",0,2025-01-29T14:06:47Z,2025-01-29T14:06:47Z
UgxC07M0wUyZzqQRK2F4AaABAg,,False,@JINHWAJO,예쁘다!!가을언니는 역시🎉🎉,0,2025-01-29T14:03:32Z,2025-01-29T14:03:32Z
Ugwms1bFlmUxols5Bbp4AaABAg,,False,@큐리바라바기봄봄이,나두 하투❤❤❤❤ 연기 대박❤❤❤❤,0,2025-01-29T13:57:17Z,2025-01-29T13:57:17Z
UgzMd8xxmV3mfM4e2gh4AaABAg,,False,@madhusudanaho8602,搞笑的感覺？Marigold 我？🥰出現的感覺？🥰,0,2025-01-29T13:53:47Z,2025-01-29T13:53:47Z
Ugwfynfdiyj7Mh6wWLV4AaABAg,,False,@nolbeentube,가을 너무 귀여웡,0,2025-01-29T13:47:54Z,2025-01-29T13:47:54Z
UgwHyUYAbxQGdGLoRQF4AaABAg,,False,@음주하,귀여운 섹시 퀸카 가을....,0,2025-01-29T13:47:29Z,2025-01-29T13:47:29Z
Ugwd-ogpFz4aLNH05-x4AaABAg,,False,@Im_michi,Didn’t the I’ve members once sing this song but some other members didn’t know it 😭? Or was I another girl group that I saw,0,2025-01-29T13:44:52Z,2025-01-29T13:44:52Z
Ugww9MzaZixeFHbE7uh4AaABAg,,False,@Ribbon._.11,크레이지? 할때 넘 귀여버ㅠ,1,2025-01-29T13:42:11Z,2025-01-29T13:42:11Z
UgwtALEx-22zGfFhRvN4AaABAg,,False,@よしおm4gt3,さすがに可愛いすぎる,1,2025-01-29T13:39:33Z,2025-01-29T13:39:33Z
Ugxy62LM1NWCz-Z7wrB4AaABAg,,False,@Skeny_SSS,가을언니~~~❤,0,2025-01-29T13:38:40Z,2025-01-29T13:38:40Z
Ugx-fBJ8m-J1LYHgg0F4AaABAg,,False,@감귤이-x1d,언니 너무 예뻐❤❤❤,0,2025-01-29T13:34:54Z,2025-01-29T13:34:54Z
Ugw47SfDIpea74iUBC54AaABAg,,False,@piching5427,🫶😭,0,2025-01-29T13:26:53Z,2025-01-29T13:26:53Z
Ugy0BUKKkxrqeWpHlxZ4AaABAg,,False,@오덕이-e2b,❤,0,2025-01-29T13:26:05Z,2025-01-29T13:26:05Z
UgzjcRlxcHG6i33ULbZ4AaABAg,,False,@Jennierubyjane7894,so pretty,0,2025-01-29T13:25:22Z,2025-01-29T13:25:22Z
UgwqO0hCFioDe6_Il9B4AaABAg,,False,@invisibler8603,ทำไมสวยและน่ารักขนาดนี้,0,2025-01-29T13:23:46Z,2025-01-29T13:23:46Z
Ugw1pKaueymXyWcS2DB4AaABAg,,False,@최녕-m6w,내가 학예회때 부른 노래자나❤,0,2025-01-29T13:19:02Z,2025-01-29T13:19:02Z
Ugzc1ADos4fnsXE64uB4AaABAg,,False,@栄治西岡,ガウル❤❤ビジュですね✨,0,2025-01-29T13:17:08Z,2025-01-29T13:17:08Z
UgywElypdyxGlYvUDuZ4AaABAg,,False,@나는야_하요니,아니 진짜;; 사랑한다 김가을. 요즘에 아이브 가을이 많이 올려줘서 너무 사랑해요;; ❤,0,2025-01-29T13:16:24Z,2025-01-29T13:16:24Z
Ugzhbs4ROH7hhSPVOQx4AaABAg,,False,@RidhalDiveBDG96,GAEUL CANTIK ❤❤❤❤❤❤,1,2025-01-29T13:15:13Z,2025-01-29T13:15:13Z
Ugy_kDdLuY1fUlAFUxR4AaABAg,,False,@eueywri,가을 선배님 💚,0,2025-01-29T13:14:39Z,2025-01-29T13:14:39Z
Ugx4N047uT8JML47zqN4AaABAg,,False,@접_옌칩,지굼 당장 전화 걸게⸝⸝❤,1,2025-01-29T13:11:50Z,2025-01-29T13:11:50Z
Ugxr_qOvLB2G2nsltBJ4AaABAg,,False,@렝프가되...x,가으라 왤캐 귀여워????????,0,2025-01-29T13:08:56Z,2025-01-29T13:08:56Z
Ugy0O3SMmw4xWbxuRgB4AaABAg,,False,@Bernie_버니,가을이가 차애로 바뀌기 직전;;😂,0,2025-01-29T13:07:22Z,2025-01-29T13:07:22Z
UgyLSvh3yYc7FJC9DER4AaABAg,,False,@Hywspz,MANO TE AMO LINDA,0,2025-01-29T13:05:28Z,2025-01-29T13:05:28Z
UgxZEo-stsBcuZQpbFx4AaABAg,,False,@젤또_777,가을아 난 너가 좋아서 미쳐❤❤❤❤❤❤❤❤❤❤,24,2025-01-29T13:03:01Z,2025-01-29T13:03:01Z
UgzZ7wAL2iFOOWyWp3R4AaABAg,,False,@Ami.Abi2023,I wish we could see her number😭,1,2025-01-29T13:02:18Z,2025-01-29T13:02:18Z
UgzWhzNdjUUXunxjrLx4AaABAg,,False,@kristelleannealcantara6746,Slayyuu girl❤,0,2025-01-29T12:59:07Z,2025-01-29T12:59:07Z
UgyRTq-0xhGo6h6Q-VF4AaABAg,,False,@ウォ二ョンIVE推し,なんでこんなに美しいの？✿ﾟ❀.(*´▽`*)❀.ﾟ✿,1,2025-01-29T12:58:19Z,2025-01-29T12:58:19Z
UgzCPQDjfNgAfXdUIK54AaABAg,,False,@promiseismyjamtocrylikeara1996,I'll call you beautiful Gaeul 👀💅🏼 pick up please ~~ ❤,0,2025-01-29T12:52:27Z,2025-01-29T12:52:27Z
Ugz9Q0pAV4cksgHWE9h4AaABAg,,False,@nothing-o7p5i,폰 넘버 가리는거 너무 귀엽나자ㅏ❤,0,2025-01-29T12:51:23Z,2025-01-29T12:51:23Z
Ugzb7xX-5HUjbygNtrV4AaABAg,,False,@유주채,아이브는   모든게다이뻐❤❤,4,2025-01-29T12:49:38Z,2025-01-29T12:49:38Z
Ugx0iqMDH0mVmhxxfxR4AaABAg,,False,@랄라-e9x,예전엔 그러진안았는데 지금은 넘 예뻐보인다ㄷㄷ,0,2025-01-29T12:46:18Z,2025-01-29T12:46:18Z
Ugx81IgpJEO7-2830Vp4AaABAg,,False,@茜茜-n4b,beautiful✨,0,2025-01-29T12:45:44Z,2025-01-29T12:45:44Z
Ugyvu2asG63dM4SCzpZ4AaABAg,,False,@구름-v9g-q3j,가을선배 예쁘당!♡♡,0,2025-01-29T12:40:39Z,2025-01-29T12:40:39Z
UgycCgS_mYJOzAswbA54AaABAg,,False,@루뿌_Rubu,가으리 진짜 만나보고 싶다 귀엽고 사랑해❤❤❤❤,1,2025-01-29T12:38:02Z,2025-01-29T12:38:02Z
Ugwy_8vp-NOB8vtZMqt4AaABAg,,False,@Fser-wo3dt1pk6i,너무 적당히 섹시해❤ 가을선배,7,2025-01-29T12:35:34Z,2025-01-29T12:35:42Z
UgzvJxHZKWUk_vEy2vB4AaABAg,,False,@hana1845,かわいい😍😍😍過去一きゅんってした❤,1,2025-01-29T12:33:50Z,2025-01-29T12:33:50Z
UgyEW7VdF3wElEWBeJh4AaABAg,,False,@chill칠즈,ㅈㅉ 갈수록 이뻐진다…❤,1,2025-01-29T12:32:02Z,2025-01-29T12:32:02Z
UgxWehAbgEv2NXgfl5J4AaABAg,,False,@찹떡-찹쌀이,가을이 챌린지 많이 찍어줘서 너무 좋다❤,1,2025-01-29T12:29:43Z,2025-01-29T12:29:43Z
UgxIBqdds5QkO-a3Iy14AaABAg,,False,@코럽이슬,😭😭😭😭😭😭,0,2025-01-29T12:26:32Z,2025-01-29T12:26:32Z
UgyYtGW8S25tC-bqIo94AaABAg,,False,@Selisx.o,So cute gaeul,1,2025-01-29T12:25:53Z,2025-01-29T12:25:53Z
UgyLZ_WQo1qV8k2Vmp54AaABAg,,False,@LOVE-iu6pr,이뻐 ❤❤❤,1,2025-01-29T12:20:24Z,2025-01-29T12:20:24Z
UgwKf-n35unj-16TBQd4AaABAg,,False,@jaekyungkwon561,피부 진짜 맑다❤,0,2025-01-29T12:19:53Z,2025-01-29T12:19:53Z
UgwamSzfzO2BSRdTM0h4AaABAg,,False,@catpax6075,She’s been shining ✨ in these shorts lately ❤,5,2025-01-29T12:19:46Z,2025-01-29T12:19:46Z
UgxaVpvbwCwUKk6wvE54AaABAg,,False,@DESCENDANT-c8r,IVE ❤❤❤,0,2025-01-29T12:18:03Z,2025-01-29T12:18:03Z
UgwqgGn77rAa__KfBu54AaABAg,,False,@fanyutseng2284,GAEUL 🥰🥰🥰,17,2025-01-29T12:14:40Z,2025-01-29T12:14:40Z
Ugxe6z6zm6vnnM1DNZR4AaABAg,,False,@smilesowon,가을언니는  진짜 레전드다아❤,0,2025-01-29T12:12:34Z,2025-01-29T12:12:34Z
UgwUPJldZZeib-7wEEN4AaABAg,,False,@yoshitaka117,ガウルちゃん赤チェックのプリーツミニスカート良く似合ってるね🎉レザーと合わせたロックテイストがカッコいいよ！,11,2025-01-29T12:12:23Z,2025-01-29T12:12:23Z
Ugyuy5exfyfu_Uk1g2Z4AaABAg,,False,@고먐미-Gomami,갤선배 사란핵❤❤,0,2025-01-29T12:12:18Z,2025-01-29T12:12:18Z
UgzjB1z-oA_CBjjtmdV4AaABAg,,False,@user_cu_2p,아 개예쁘다 진짜 할렐루야다,0,2025-01-29T12:11:06Z,2025-01-29T12:11:06Z
UgzXWEhBcpcvS7LW6Rx4AaABAg,,False,@딸기-p7s,미○다,0,2025-01-29T12:09:47Z,2025-01-29T12:09:47Z
UgymnGH3yOe6uGOnVMl4AaABAg,,False,@지앉331,가을님 숭배하라!!!❤❤,0,2025-01-29T12:09:03Z,2025-01-29T12:09:03Z
Ugw745625foOGh7p7kJ4AaABAg,,False,@lemonade-q2u,可愛すぎる,0,2025-01-29T12:08:51Z,2025-01-29T12:08:51Z
Ugwx1i-OuHG8xHuxV814AaABAg,,False,@루희바오가다해치우고,아이브언니♡♡(고정좀ㅠㅠ),0,2025-01-29T12:07:18Z,2025-01-29T12:07:18Z
Ugy8O5UT2yH-YCQP2oh4AaABAg,,False,@coupshan,My fav girl using  my fav song❤,0,2025-01-29T12:07:02Z,2025-01-29T12:07:02Z
Ugz2ke2Z3tIPJoqlkYF4AaABAg,,False,@사르르,미쳤다❤❤💓💟💗,0,2025-01-29T12:06:50Z,2025-01-29T12:06:50Z
UgxEI1aALIj8LEelPnl4AaABAg,,False,@Y.xua13,하 진짜 귀여워 죽음..ㅠ,0,2025-01-29T12:05:59Z,2025-01-29T12:05:59Z
Ugz5phzGeCXqJiM-lf94AaABAg,,False,@borasesang,가을 넘 예쁘잖아....❤,1,2025-01-29T12:04:47Z,2025-01-29T12:04:47Z
Ugwk-WCGGyDaAePqwEp4AaABAg,,False,@7.mxl0,김가을 왤케 치명적에다..청순녀야ㅜㅜ 외케 이뻐??,0,2025-01-29T12:03:32Z,2025-01-29T12:03:32Z
Ugw8sliX-IU_Np6hwwp4AaABAg,,False,@다이브-w7q,가을선배ㅐㅐ 비주얼 마쳤다아이가ㅏㅏㅏㅏ❤❤❤,0,2025-01-29T12:02:47Z,2025-01-29T12:02:47Z
UgwIAQX4hzyUb8KZsiV4AaABAg,,False,@포키냠공주,쇼츠 내리다 심장 터지는 줄 .. 아기다람쥐 가을이 요새 미모 리즈 찌것다 👑😻,0,2025-01-29T12:02:20Z,2025-01-29T12:02:20Z
Ugzt_WkX0g003rJcgqB4AaABAg,,False,@Kimyunjinkpop,She is so cute and pretty,0,2025-01-29T12:00:25Z,2025-01-29T12:00:25Z
Ugygju43dcchypXcN8x4AaABAg,,False,@로즈love애기멩블이,예쁘다 김가을💗🐿️,0,2025-01-29T12:00:06Z,2025-01-29T12:00:06Z
Ugy0G5pTgIXGFEC-ce94AaABAg,,False,@Ruda_u9v,헐 대박❤❤❤울 가을이 넘예❤❤❤,0,2025-01-29T11:57:16Z,2025-01-29T11:57:16Z
UgyeZ96L08AgHu_jWoV4AaABAg,,False,@thanku__thanku4197,"아,,,김가을❤❤
아 진짱 세상에서 제일 예쁜 6명 중 제일 섹시하고 숏츠도 잘 찍고!!❤ 이 댓글 보시는 다이브 아닌 분들은 입덕영상으로 추천해용❤❤",3,2025-01-29T11:56:46Z,2025-01-29T11:56:46Z
UgyeZ96L08AgHu_jWoV4AaABAg.ADse_Pv_JNqADsiUTJV-t3,UgyeZ96L08AgHu_jWoV4AaABAg,True,@리치-Lychee,진짜 가을은 그냥 예뻐❤❤,0,2025-01-29T12:30:55Z,2025-01-29T12:30:55Z
UgwnSYcSzJ4C54d4GTd4AaABAg,,False,@Rayman_i맃프,저 아이브 앨범 샀어용❤,0,2025-01-29T11:53:00Z,2025-01-29T11:53:00Z
UgzHykKEXaEm1qowk2F4AaABAg,,False,@뽀렝-REl,가을이는 진짜 걸크러쉬야....❤❤,1,2025-01-29T11:52:29Z,2025-01-29T11:52:29Z
UgwX2jYmdmQ2YiYiZPx4AaABAg,,False,@c88110204,So pretty,0,2025-01-29T11:50:15Z,2025-01-29T11:50:15Z
UgyeXeQpzb_vUxaIB0t4AaABAg,,False,@맂푼,언니 그래서 번호는 언제 줘?,0,2025-01-29T11:48:12Z,2025-01-29T11:48:12Z
UgyKAvb7OFSF7bCQ5W54AaABAg,,False,@beulkon,ㅠㅠㅠㅠ call me baby 했으니까 전번을 줘야지..... 아 진짜 아이브링 1주일만 같이 사는게 내 버 ㅋ   ㅣㅅ리스트rr,0,2025-01-29T11:46:47Z,2025-01-29T11:46:47Z
UgwuOHzLUONsYEYG-dt4AaABAg,,False,@주주천사-y2n,짱귀❤ㅠ 너무 😍 ❤,0,2025-01-29T11:45:47Z,2025-01-29T11:45:47Z
UgxjIO1v1mewMqe8nxl4AaABAg,,False,@오채민-w7l,가을이 귀여워,0,2025-01-29T11:45:45Z,2025-01-29T11:45:45Z
UgwtbChv6YLBgJ0WMeB4AaABAg,,False,@Im_juhh,Love her,0,2025-01-29T11:44:05Z,2025-01-29T11:44:05Z
UgxFmHUqgjWPiufikR54AaABAg,,False,@Im_juhh,😍😍😍😍😍😍😍😍😍😍,0,2025-01-29T11:43:56Z,2025-01-29T11:43:56Z
Ugxoe_22maXC4QVVmCR4AaABAg,,False,@무기명-s8j,에에에~~~ 가을 선배~~~~~,0,2025-01-29T11:41:33Z,2025-01-29T11:41:33Z
UgzPVyWIjEGfKc49hQF4AaABAg,,False,@mohamadfuad4342,This is Rei idea 💡💡,0,2025-01-29T11:40:53Z,2025-01-29T11:40:53Z
UgzyOL6zZVa7lkyYiyB4AaABAg,,False,@안녕하세요-z7c3e,어.. 제발 전화번호줘 초단위로 전화걸께!!❤,1,2025-01-29T11:40:01Z,2025-01-29T11:40:01Z
UgzevIKRSPJLeJptn_N4AaABAg,,False,@Lx.ie8,가을 진ㅉ ㅏ 넘 예뿌잖아 내가 크레이지네❤❤,1,2025-01-29T11:37:28Z,2025-01-29T11:37:28Z
UgxqzNSLxOoMTYx7ntF4AaABAg,,False,@밤톨생명수다찌,너무 예쁘다 🩵⭐️,0,2025-01-29T11:36:57Z,2025-01-29T11:36:57Z
Ugw_jpGNDWHTaJikTht4AaABAg,,False,@rillago6834,가을 온니 노무이쁘다,0,2025-01-29T11:35:37Z,2025-01-29T11:35:37Z
Ugx_VZ10Thev-LwoLux4AaABAg,,False,@루피-x1z,헐.. ㅁㅊ 개 이쁘다…….?!!!😻🙊,1,2025-01-29T11:32:38Z,2025-01-29T11:32:38Z
UgzY4xW6ChPPaLOfEV94AaABAg,,False,@LeePadakpadakKkokkio,가을이누나 너무 예뻐요,0,2025-01-29T11:29:48Z,2025-01-29T11:29:48Z
UgxXV5_Rtu7QLME1AHp4AaABAg,,False,@leivaetwiz_oq,かわいすぎる꒷꒦꒷꒦꒷꒦꒷꒦꒷꒦꒷,0,2025-01-29T11:29:15Z,2025-01-29T11:29:15Z
UgzurhReHw5OIZocRYV4AaABAg,,False,@うららか-y7p,なんだこれ可愛すぎるんだけど、生きててよかったありがとう秋ちゃん,1,2025-01-29T11:28:22Z,2025-01-29T11:28:22Z
Ugwhc2t_WvuFXxAxE4Z4AaABAg,,False,@Ji_yu.x,내 최애곡 + 최애돌 = 미친조합❤,0,2025-01-29T11:27:36Z,2025-01-29T11:27:36Z
UgzTfA-HB30RZ0j-d394AaABAg,,False,@폴프에다이브_IVE,가을이 아프지 말고 논란도 안뜨면  올해 내 운 다썼다...,1,2025-01-29T11:25:25Z,2025-01-29T11:25:55Z
UgzE47nPNoEqQOUrb_h4AaABAg,,False,@Chaeny7158,와 역시 다람쥐 가을온니얍,0,2025-01-29T11:25:04Z,2025-01-29T11:25:04Z
Ugz8AmgElH3PWM7LCxV4AaABAg,,False,@폴프에다이브_IVE,"요즘 가을이 진짜 실력,외모 다 잘하는 듯",3,2025-01-29T11:23:15Z,2025-01-29T11:23:15Z
UgwBEDuXW9PnQDkOPPx4AaABAg,,False,@iktaesohn8995,너무 죠아 ㅜㅜㅜㅜ,0,2025-01-29T11:22:33Z,2025-01-29T11:22:33Z
UgxmxKXVIGweNq1ae3F4AaABAg,,False,@폴프에다이브_IVE,나 진짜 김가을 윙크할 때 심장 터지는 줄,12,2025-01-29T11:22:16Z,2025-01-29T11:22:16Z
UgxCqUqFxZIKDJl947N4AaABAg,,False,@폴프에다이브_IVE,요즘 가을이 숏츠 많이 찍어서 기분 개좋다....,2,2025-01-29T11:21:17Z,2025-01-29T11:21:17Z
Ugz5nyxhMevmLxkml5R4AaABAg,,False,@신애-i1l,가을이랑 어울리는 곡...♡,0,2025-01-29T11:21:14Z,2025-01-29T11:21:14Z
UgwhJxStqJF9eQEH1uN4AaABAg,,False,@신애-i1l,가을이랑 어울리는 곡...♡,0,2025-01-29T11:21:01Z,2025-01-29T11:21:01Z
UgwJmt3x0ZsCUa8pVDB4AaABAg,,False,@신애-i1l,😍,0,2025-01-29T11:20:43Z,2025-01-29T11:20:43Z
UgzURPdiT_mnPLT5zzB4AaABAg,,False,@폴프에다이브_IVE,김가을이 사람 죽여ㅜ,1,2025-01-29T11:20:21Z,2025-01-29T11:20:21Z
UgzhJWEHSXEkbmdBN4l4AaABAg,,False,@맂푸건들면물어요,어머❤,0,2025-01-29T11:15:36Z,2025-01-29T11:15:36Z
Ugzd1SafaLtDVSkoemF4AaABAg,,False,@OmbetKambose,cute 🥰🩷🩷,0,2025-01-29T11:14:56Z,2025-01-29T11:14:56Z
Ugy1LEf7Ck6vM8NEjIp4AaABAg,,False,@갱쥐주인,가을아❤❤❤❤,0,2025-01-29T11:14:39Z,2025-01-29T11:14:39Z
Ugy0ZIbK8ukrT-TAICZ4AaABAg,,False,@나은-r6e,갤선ㅂㅐ 미쳤다 넘 이뻥!♡!♡,0,2025-01-29T11:14:24Z,2025-01-29T11:14:24Z
UgxWLp_uEegsigxcWPx4AaABAg,,False,@engene4life-11,How can someone can be so pretty 💖,2,2025-01-29T11:14:00Z,2025-01-29T11:14:09Z
UgzRqJ_hEIwkdM9PqpR4AaABAg,,False,@다여니맘에들어간감튀,크레이지 할때 연기 진짜 미춋다(; 나만 그럼?,0,2025-01-29T11:13:09Z,2025-01-29T11:13:09Z
UgwVtYZUOwynJzME4tt4AaABAg,,False,@jiihunw,JADI GEREK KU JAK KTK DENGGG PLIS 😓😓😓😓🤩,0,2025-01-29T11:12:27Z,2025-01-29T11:12:27Z
Ugwvhs-sUCveay0hTv14AaABAg,,False,@jiihunw,CANTEK CANTEK CANTEKKKKKK,0,2025-01-29T11:11:56Z,2025-01-29T11:11:56Z
UgxR4vD5fSS0U-hHo8t4AaABAg,,False,@wakeywakeu,ILY SO MUCH GAEUL🫶😭,0,2025-01-29T11:10:55Z,2025-01-29T11:10:55Z
Ugw_ChAz7KnDDTRiTVN4AaABAg,,False,@euhehe11,이제부터 이 챌린지가 넘 좋아졌어용❤❤,1,2025-01-29T11:10:26Z,2025-01-29T11:10:26Z
Ugyb0euTeUQ5oTf9RBx4AaABAg,,False,@하밍인데요._.0511,너ㅁㅜ 이쁘잖아 ..❤,0,2025-01-29T11:09:28Z,2025-01-29T11:09:28Z
UgwJi61IlcmVozXNyyR4AaABAg,,False,@ゆきお-p9g,最近のガウルちゃんのカワイイバージョン大好き❤,2,2025-01-29T11:08:59Z,2025-01-29T11:08:59Z
Ugwsc0ljCpS1HQtW5yt4AaABAg,,False,@폴쯔업구튀능오더깅,넘 이쁘세요오❤️‍🔥,1,2025-01-29T11:08:03Z,2025-01-29T11:08:03Z
UgwE4T9nHFgygQASho14AaABAg,,False,@浅汐言初HY,Gaeul so pretty😘,0,2025-01-29T11:07:57Z,2025-01-29T11:07:57Z
UgzXk7fmXvD6XX1ODEV4AaABAg,,False,@잇유_03,언니 새해복 많이받아❤❤❤,0,2025-01-29T11:06:07Z,2025-01-29T11:06:07Z
UgxwBHc8VaNDoMqEmQ54AaABAg,,False,@잇유_03,언니 넘 예쁘면 어떻해 내가 빠져들잖어......🔥❤,0,2025-01-29T11:05:34Z,2025-01-29T11:05:34Z
UgytdGi-JXPlHJUDvWh4AaABAg,,False,@YURINO-j6d,可愛すぎる～❤❤❤❤❤❤❤,2,2025-01-29T11:04:56Z,2025-01-29T11:04:56Z
UgySrqVIeCtIaAO6z7p4AaABAg,,False,@ttwow4740,❤❤❤❤❤,0,2025-01-29T10:59:09Z,2025-01-29T10:59:09Z
Ugyt4vPSYTx0WLQLIpF4AaABAg,,False,@kaede-b3z,本当にアイブが一番大好き,1,2025-01-29T10:57:48Z,2025-01-29T10:57:48Z
UgxYJqfNoVMNDuJ78IN4AaABAg,,False,@sieun1gwa,"악플러 갤 선배가 누구임?못생겼다
다이브 니가더 못생겼고 악플달지마 악플 달면 신고할게
악플러 못생겼으니 못생겼다하지 ㅋㅋ
다이브 야 너신고했어 
(경찰옴)
경찰 악플달아서 감옥에가는 김00어딨죠?
다이브 여기요!! 악플러 잘가라 ㅋㅋ
둘이 다이브가 됐다 한다",0,2025-01-29T10:57:26Z,2025-01-29T10:57:26Z
UgyY5aFZYH_VX8VSg3Z4AaABAg,,False,@bangly_r,I'm calling,0,2025-01-29T10:56:07Z,2025-01-29T10:56:07Z
UgxV_TkttotU9GfP2ct4AaABAg,,False,@tv-es5ud,"사귀자❤❤❤❤
전번 적어도:",0,2025-01-29T10:55:57Z,2025-01-29T10:55:57Z
UgwJRfovsrPTmnRQtfR4AaABAg,,False,@merin-415,이 노래랑 찰떡..연기대상 받아도 되겟다 ㅋㅋ큐ㅠㅋㅋ🎀,0,2025-01-29T10:54:48Z,2025-01-29T10:54:54Z
UgweCDS_r666G6MGitx4AaABAg,,False,@_NEXT..WISH..27_,*GAEUL is so Prettttttyyyyy & lovely. Her CURLY hair Looking Gorgeous* 🤍🖤🤌,16,2025-01-29T10:51:12Z,2025-01-29T10:51:12Z
UgxSyVCiWnwGrlx1M_t4AaABAg,,False,@로블업고튀는민찌씨,"걍 다해,,,❤",1,2025-01-29T10:50:59Z,2025-01-29T10:50:59Z
UgwZnGSDqAWPS3B_1Tx4AaABAg,,False,@yuriyuri-kk2rw,가을이 미모 미쳤다.....❤❤😊🎉,0,2025-01-29T10:49:35Z,2025-01-29T10:49:35Z
UgyQ2-Uh6DSBDSTUKL94AaABAg,,False,@Sha.xzming,진짜 전화 한번이라도 하고 싶다..,0,2025-01-29T10:45:32Z,2025-01-29T10:45:32Z
UgxFQDfB_-RZUy1ox354AaABAg,,False,@beatriz.mariani,당신은 정말 예뻐요!! 나는 당신과 다른 소녀들을 너무 사랑합니다 !!! 브라질로 와주세요!!! ❤️🇧🇷✨️,1,2025-01-29T10:44:30Z,2025-01-29T10:44:30Z
UgypOi6HY1C_6dOfaJV4AaABAg,,False,@율_바라기_토니,GAEUL is very cut😊❤,7,2025-01-29T10:39:36Z,2025-01-29T10:39:36Z
Ugz-dQjzHQxJjrfd2g14AaABAg,,False,@진아이쿵,"가을..요즘..진짜..예쁘ㄷr...
예전도 예뻤지만..진짜 예쁘고 멋지고 다한다..",3,2025-01-29T10:39:04Z,2025-01-29T10:39:04Z
UgyKvoKVnPgRmSvGRfx4AaABAg,,False,@유댕입니당,아ㅜㅜ 가을이 핫걸 ㅜㅜ 넘 이뻐여ㅜ❤❤,57,2025-01-29T10:35:02Z,2025-01-29T10:35:02Z
UgwAfbqztK6yNnZWrQp4AaABAg,,False,@jby4869,센빠이 나죽어 ㅠ,0,2025-01-29T10:33:35Z,2025-01-29T10:33:35Z
Ugz8vEZa5QskH0d-zDl4AaABAg,,False,@뽀짝한루니,가을이 물올랐다❤❤,1,2025-01-29T10:33:05Z,2025-01-29T10:33:05Z
UgxzDkk58J9f5VukDA14AaABAg,,False,@flamingaish,she always reminds me of zhao lusi,0,2025-01-29T10:29:49Z,2025-01-29T10:29:49Z
UgxWfiZHsqEQp4qG8it4AaABAg,,False,@vanphuong8082,"다람쥐야!!! 너무 기엽잖아..ㅠㅠ 가을앙ㅠㅠㅠ 
내가 너때문애 못살아;;;❤❤❤❤❤❤",0,2025-01-29T10:29:17Z,2025-01-29T10:29:17Z
UgwHtIGNCYC4awH2VFV4AaABAg,,False,@Hyewon_1,가을이 진짜 미쳤다 ❤❤,0,2025-01-29T10:28:41Z,2025-01-29T10:28:41Z
UgzjObVa1PaXFABUNJh4AaABAg,,False,@IN._ku,젭앙ㄹㄹㄹㄹㄹㄹ 전화해주셍요요요ㅛ요용,1,2025-01-29T10:26:29Z,2025-01-29T10:26:29Z
UgwHUjHRgQoa9HhyL-l4AaABAg,,False,@kennyyang6464,😳,0,2025-01-29T10:23:36Z,2025-01-29T10:23:36Z
UgxOa_Up01hxrMbq9r14AaABAg,,False,@DIVE1201-r9m,이래서 내가 가을이 최애야!,0,2025-01-29T10:22:42Z,2025-01-29T10:22:42Z
UgxYXKL6kBA7vGpQAgN4AaABAg,,False,@녕프1222,너무 사랑해 가을아ㅜㅜㅜㅜㅜ❤❤❤❤❤❤❤,0,2025-01-29T10:21:54Z,2025-01-29T10:21:54Z
UgxN5UXgw3wC9HqZoPZ4AaABAg,,False,@김렝장,가을인 반전매력여진...❤,1,2025-01-29T10:21:41Z,2025-01-29T10:21:41Z
UgzFu4aXAN18fXjRGJN4AaABAg,,False,@예삐예삐욤,겁나 이쁨🫶🏻,0,2025-01-29T10:19:52Z,2025-01-29T10:19:52Z
UgyO_ZTy7v3vZNIGksF4AaABAg,,False,@aotkatsukuro03,会いたーーーい！！！,0,2025-01-29T10:18:53Z,2025-01-29T10:18:53Z
Ugy4gspk9NXhuzply-54AaABAg,,False,@히페리온-u7z,ㄷㄷㄷㄷㄷㄷ ❤❤❤❤ 너무 예쁘당....,0,2025-01-29T10:16:33Z,2025-01-29T10:16:33Z
Ugzlhfy6ShSeghZTC194AaABAg,,False,@장경미-x4f,으아아아아아아아아아아ㅏ앙아아ㅏ넘 귀여워ㅓㅓㅓㅓㅓㅓㅓㅓㅏ❤,0,2025-01-29T10:16:05Z,2025-01-29T10:16:05Z
Ugzx6mFIHRPTE0NdxVB4AaABAg,,False,@오렌지-DlVE,와….,2,2025-01-29T10:15:42Z,2025-01-29T10:15:42Z
UgxaqTJOYZPXqtYqpjJ4AaABAg,,False,@쿠키-k7r,가을선배 바로 받을깨요 ㅠ❤❤❤❤,0,2025-01-29T10:14:47Z,2025-01-29T10:14:47Z
UgzVXmk312-PRLJDPZ14AaABAg,,False,@해령조-g5m,와우짱이 쁘,0,2025-01-29T10:13:04Z,2025-01-29T10:13:04Z
UgwVNQif3qYeKdksI3R4AaABAg,,False,@seoyeon-park585,진짜 예쁘고 귀엽다💕,1,2025-01-29T10:12:46Z,2025-01-29T10:12:46Z
UgwJ2lJZ5XONPyYd6zV4AaABAg,,False,@A.0cxh,가을이 진짜 모델도 해야돼❤,0,2025-01-29T10:10:39Z,2025-01-29T10:10:39Z
Ugz_k-8SAwak33CC-BV4AaABAg,,False,@레드-s6w,"가을이 페션 장난아니다❤❤❤😊
너무예뻐❤







(머리카락이긴 가을이 넘ㅡㅡ귀엽다❤♡ㅅㅡㅅ)
가을아 내가 전화할께!! ❤",0,2025-01-29T10:08:47Z,2025-01-29T10:08:47Z
UgyrSjU2K-xbs3IziXp4AaABAg,,False,@안녕-d7z5s,❤❤❤❤,0,2025-01-29T10:07:05Z,2025-01-29T10:07:05Z
UgwHnBJIe7VU3asUHyN4AaABAg,,False,@minseo-t3e,"가을이 넘






















좀만더!
















조금만 더..!















진짜 넘 예쁘고 귀엽고 섹시하고다해❤😢",3,2025-01-29T10:05:13Z,2025-01-29T10:05:13Z
Ugx9ZZ6t-g2IGa5WVNp4AaABAg,,False,@yuls350,❤내가 제일 좋아하는 노래+아이브 중에서 제일 좋아하는 아이돌❤,0,2025-01-29T10:05:10Z,2025-01-29T10:05:10Z
UgxbeGRaqGbF6O9ijVN4AaABAg,,False,@슈크림_쥬쥬,"헙,, 가을이 쨩😢 너모 예쁘다❤❤",0,2025-01-29T10:04:36Z,2025-01-29T10:04:36Z
UgwLNnsyoeodpboifjp4AaABAg,,False,@yeoujin7900,진짜 가을이는 언제다봐도 이쁘고 귀엽고 실력도 늘고 귀엽네..❤❤,1,2025-01-29T10:00:28Z,2025-01-29T10:00:28Z
Ugy1a_yXWaBn4-Hv61V4AaABAg,,False,@와구인뎅,"가을이 넘
































































진짜 예쁘다ㅜㅜㅜ",0,2025-01-29T10:00:22Z,2025-01-29T10:00:22Z
UgxJiR2ngjZ3_KqAhiF4AaABAg,,False,@yangjun-cf3ls,가을 넘 예뻐❤❤❤❤❤❤,0,2025-01-29T09:58:40Z,2025-01-29T09:58:40Z
Ugyeti-jinFXqsnDyIF4AaABAg,,False,@레연0930,얼굴에서  예쁨이 흘러나와...,1,2025-01-29T09:58:19Z,2025-01-29T09:58:19Z
Ugw0TsQcOQ_qR1JY2ZV4AaABAg,,False,@alfredaniganiv,Gorgeous Gaeul 🧡😍,1,2025-01-29T09:57:53Z,2025-01-29T09:57:53Z
UgyMoGWQa03-vQgAbyJ4AaABAg,,False,@호롤로-m9z,❤,0,2025-01-29T09:57:48Z,2025-01-29T09:57:48Z
UgyuYeg8OgSP_rIgWNF4AaABAg,,False,@솔트짱-oj,아~넘 카와이 너무 가을 선배 귀여워❤❤,0,2025-01-29T09:56:49Z,2025-01-29T09:56:49Z
Ugz8H_U_E-xDZLt2i9x4AaABAg,,False,@riii_xo2,아ㅏㅏㅏㅏㅏㅏㅏㅏㅏ넘 예쁘다ㅏㅏ❤,1,2025-01-29T09:53:28Z,2025-01-29T09:53:28Z
Ugy1Ld7Ks4f3benWN6p4AaABAg,,False,@wacky_fearnot,call me maybe x GAEUL😍,0,2025-01-29T09:51:58Z,2025-01-29T09:51:58Z
UgxyjMlCBp3QNublX0t4AaABAg,,False,@bboa_bx,"❤❤❤❤❤미치게따...❤❤
가을이가 넘 예뻐서....❤❤❤",1,2025-01-29T09:47:54Z,2025-01-29T09:47:54Z
UgzsibM5KVKTTzAZ8C54AaABAg,,False,@히슈_바라기_보콩,와.. 최애 가을로 바뀔것 같다..🫰🏻✨,0,2025-01-29T09:46:34Z,2025-01-29T09:46:34Z
Ugxb79FSGFtn-auZ9qF4AaABAg,,False,@후드티-w4t,사룽해염❤,0,2025-01-29T09:45:42Z,2025-01-29T09:45:42Z
UgyObs5dbMrZKiGituJ4AaABAg,,False,@이현정-f9t,마이 쵀애 가으리곤듀⭐️🌀,0,2025-01-29T09:45:25Z,2025-01-29T09:45:25Z
Ugyve_nKrul1FJJBPfV4AaABAg,,False,@다이브4532,다들❤가을리 좋지?!♡,3,2025-01-29T09:45:18Z,2025-01-29T09:45:18Z
UgwM_vxofJVL5MB8VRN4AaABAg,,False,@김종길-e7e,역시🎉,0,2025-01-29T09:42:18Z,2025-01-29T09:42:18Z
Ugwp6GlHu5KH8TR8Nr94AaABAg,,False,@firstyuan,GAEULQUUUUUU!!!!!!><,0,2025-01-29T09:42:17Z,2025-01-29T09:42:17Z
UgyNQXAYxRpd12YxaaV4AaABAg,,False,@다인-g9n,가을이 화장 조금만 덜어내면 더 예쁠듯!,0,2025-01-29T09:42:05Z,2025-01-29T09:42:05Z
Ugzsz-8kU4YitjRvMVN4AaABAg,,False,@i-dle_lover,❤❤❤❤,4,2025-01-29T09:41:55Z,2025-01-29T09:41:55Z
UgzltAkoyGuoBdPaDmt4AaABAg,,False,@akityan-love,kawaii😍,5,2025-01-29T09:41:43Z,2025-01-29T09:41:43Z
UgzAQNQ1CWV9dK2mt4J4AaABAg,,False,@LUCA_ෆ,귀여움+청춘💗✨️⸝⸝⸝,1,2025-01-29T09:39:51Z,2025-01-29T09:39:51Z
UgyL3Nae-mYHcm7Bk5x4AaABAg,,False,@가루쨩,갤선배 미모 무엇?! 넘나 이쁘다아..🤧💗,0,2025-01-29T09:39:25Z,2025-01-29T09:39:25Z
UgwhfoE05OBo5lfo0cJ4AaABAg,,False,@amoursueda,GAEUL OMG SO PRETTY,3,2025-01-29T09:38:58Z,2025-01-29T09:38:58Z
UgwguMTpBMYD-bemfzV4AaABAg,,False,@yunjo114,카와이❤❤,2,2025-01-29T09:37:50Z,2025-01-29T09:37:50Z
Ugylo4mi9VHayRKBsAx4AaABAg,,False,@두유do,가을이 완전 이쁘다악각😻,0,2025-01-29T09:34:33Z,2025-01-29T09:34:33Z
Ugx3lXyDAA1uAaBcvcd4AaABAg,,False,@jqystthq,어뜩햐 너무 이뻐유ㅠㅠㅠㅠㅠㅠㅠㅠㅜㅠㅠㅠㅠ❤❤❤❤❤,0,2025-01-29T09:34:17Z,2025-01-29T09:34:17Z
UgzgjAYlm5U_VWkEV_14AaABAg,,False,@kmw8024,가을이 진짜 예쁘다♥️♥️,0,2025-01-29T09:32:58Z,2025-01-29T09:32:58Z
UgxZjS7xcXUEPq_s2qR4AaABAg,,False,@PhilipCeu-nw7uo,I’ll call you,0,2025-01-29T09:32:36Z,2025-01-29T09:32:36Z
UgzjsxklKy3fPfopGGp4AaABAg,,False,@다이브0415-k1r,가을아❤넘 예뻐❤❤❤,1,2025-01-29T09:31:17Z,2025-01-29T09:31:17Z
Ugy3QRyTedv0Ot13em14AaABAg,,False,@덕배-w2d9n,가으리 넘 예쁘다 머야머야//,0,2025-01-29T09:30:17Z,2025-01-29T09:30:17Z
Ugzh8ISPzze5jDoAyPl4AaABAg,,False,@spongepatsquidkrabsforleni6216,Omg Gaeul secretly being the 9th member of BINI😂🤣,22,2025-01-29T09:27:36Z,2025-01-29T09:27:36Z
UgyAcQgBofU8cw_iyGt4AaABAg,,False,@kymultizs,LINDA 😍❤️,0,2025-01-29T09:27:32Z,2025-01-29T09:27:32Z
UgyjaUJhH5l3Jmx4NSl4AaABAg,,False,@rickastleynevergonnagiveyo2199,Gaeul doing the eyy🤙,1,2025-01-29T09:26:06Z,2025-01-29T09:26:06Z
Ugz_vQDjzO4tF9eq-0B4AaABAg,,False,@보노보노_Bono,흐앙 이쁘고 깜찍하고 귀엽고 플러팅 잘하면 나 기절해..,0,2025-01-29T09:25:06Z,2025-01-29T09:25:06Z
UgxwZfdt8E7wWsfFjoR4AaABAg,,False,@kpopfancharlotte,GAEULLLL,0,2025-01-29T09:24:00Z,2025-01-29T09:24:00Z
UgyZcqj2UF7fY9Re4w54AaABAg,,False,@polyavpole_pollen,Wow😮 it's amazing ❤,1,2025-01-29T09:20:10Z,2025-01-29T09:20:10Z
UgyDja-HIQjvYbkNHT94AaABAg,,False,@밀콩_mil_kong,가을이 너모 이쁘당🥺💗,0,2025-01-29T09:19:54Z,2025-01-29T09:19:54Z
UgzSMVfSrVqjgbDQZ-d4AaABAg,,False,@은설아아,개이뿌다ㅠㅠ,0,2025-01-29T09:18:59Z,2025-01-29T09:18:59Z
UgzSckkJa9EbwtLiuKF4AaABAg,,False,@wjddyd0302,죵나이쁘다.;,0,2025-01-29T09:18:48Z,2025-01-29T09:18:48Z
UgxF2ddAU3Vronc5-LN4AaABAg,,False,@INEW_213,가을이 요즘 진짜 이쁘다..🌀🫶🏻,0,2025-01-29T09:16:36Z,2025-01-29T09:16:36Z
UgyUah3XFNF-ph9Cw254AaABAg,,False,@love_iveg_aeul,"눈 왕방울만 하다,,",0,2025-01-29T09:15:27Z,2025-01-29T09:15:27Z
UgxBOECe6_xxp_2qsvJ4AaABAg,,False,@Louie_0326,대박이다..,0,2025-01-29T09:15:03Z,2025-01-29T09:15:03Z
UgytaRAdj8I-KVxiylp4AaABAg,,False,@햄찌-c2p,❤,0,2025-01-29T09:14:43Z,2025-01-29T09:14:43Z
UgxVWJOFCVnM2G5euFN4AaABAg,,False,@T.OP.Y,와 가을이 찢엇다 ㅠㅠ 😭,0,2025-01-29T09:14:21Z,2025-01-29T09:14:21Z
UgzNde8yHeqDvgojazh4AaABAg,,False,@syamsyammon7482,🤍 CUTEEE 😉,0,2025-01-29T09:11:46Z,2025-01-29T09:12:06Z
UgxD7kOdpgNvsALs-4x4AaABAg,,False,@O5.x_s,"가으ㄹ이 요즘에 쇼츠많이 찍어서 가을이한테 점점 빠져드는중,,",2,2025-01-29T09:11:41Z,2025-01-29T09:11:41Z
UgyYC6xC8i-r6xXt9hV4AaABAg,,False,@멜론멜링,"와,, 가을이 진짜 




내려보세요.‘
















좀만!!



























이렇게 이뻐도 되냐구💗💗",2,2025-01-29T09:11:16Z,2025-01-29T09:12:04Z
UgzLfbgVtjWqF6VrAEJ4AaABAg,,False,@c.yz3,너무 예쁘다ㅏㅏㅏ,1,2025-01-29T09:11:14Z,2025-01-29T09:11:14Z
UgwHZ5rluWgx9qGxN5Z4AaABAg,,False,@뽀아tv,가을이 완존 핫걸❤️‍🔥넘예뽀❤❤,0,2025-01-29T09:09:38Z,2025-01-29T09:09:38Z
UgzJ021_W_YR8LN_xNN4AaABAg,,False,@ji.xu9,학교 퀸카 가을 느낌난다앙,1,2025-01-29T09:07:18Z,2025-01-29T09:07:18Z
Ugy_wIkVVvVb-b-QKwJ4AaABAg,,False,@최애포,가을이 땜 내가 미쳐;;너모 예뻐,46,2025-01-29T09:06:14Z,2025-01-29T09:06:14Z
Ugy_wIkVVvVb-b-QKwJ4AaABAg.ADsM3K68VuxAE1FIFrdv1o,Ugy_wIkVVvVb-b-QKwJ4AaABAg,True,@아오니러버16,넘 이뻐요오♥♥,0,2025-02-02T05:19:31Z,2025-02-02T05:19:31Z
UgwNoSEStnBCi4BJzOF4AaABAg,,False,@jjjjjina412,전화할게❤,0,2025-01-29T09:05:06Z,2025-01-29T09:05:06Z
UgxCktTAhawmlnjNrgh4AaABAg,,False,@minsooshin345,❤❤❤❤❤❤❤,0,2025-01-29T09:04:02Z,2025-01-29T09:04:02Z
UgwJ4awIYfo3cjbFPcx4AaABAg,,False,@티비라현라희,아이브다좋아하는사람? 바로Me!,0,2025-01-29T09:03:46Z,2025-01-29T09:03:46Z
UgyEtaoQ-JNSHyfXa194AaABAg,,False,@chill한_설잇깅,와 가을이 넘 이쁘다💗,0,2025-01-29T09:03:03Z,2025-01-29T09:03:03Z
UgymJGWcKo4Dv4HyOsd4AaABAg,,False,@関根節夫-d2p,🎉アイヴ🎉ガウルさん🍓ステキだね綺麗ですスタイル抜群セクシイ可愛い笑顔幸せいっぱい有り難うね,8,2025-01-29T09:01:06Z,2025-01-29T09:01:06Z
UgyliaeJ_15N-nhxqIl4AaABAg,,False,@아이브내꺼어,콜미~ 베이비~  유비~ 네버비네버비~,0,2025-01-29T09:00:51Z,2025-01-29T09:00:51Z
UgyliaeJ_15N-nhxqIl4AaABAg.ADsLRtdrUaPADsLUvBo6R8,UgyliaeJ_15N-nhxqIl4AaABAg,True,@아이브내꺼어,이날착장이뻐ㄱㅋㅋ 음중이최고야,0,2025-01-29T09:01:15Z,2025-01-29T09:01:15Z
Ugykf3fWBZ1WkU3mBbB4AaABAg,,False,@쭈찌-i4z,아 넘 기여어ㅜㅜㅜ❤,2,2025-01-29T09:00:49Z,2025-01-29T09:00:49Z
UgwpdmFlbhfC7A9sycF4AaABAg,,False,@승주다-l5r,"추우니까 따듯하게 입으세요😢
안티 저리가셈;;",1,2025-01-29T08:59:43Z,2025-01-29T08:59:43Z
UgyR605rJsz-Ibkjksl4AaABAg,,False,@뽀렝_레이내꺼,헉 심쿵❤❤❤,0,2025-01-29T08:58:44Z,2025-01-29T08:58:44Z
UgyvKjJR8_1lv0rh8lZ4AaABAg,,False,@최루비-j4m,원래도 여뻐는데 더 예뻐졌네!♡♡♡  반했어..😮❤❤❤❤😊,0,2025-01-29T08:56:50Z,2025-01-29T08:56:50Z
Ugx3aErfac-cviGvuMF4AaABAg,,False,@You-ii2uq,가을 ❤❤❤,0,2025-01-29T08:56:18Z,2025-01-29T08:56:18Z
UgyQl9uvGtMbned00zV4AaABAg,,False,@포장계체리,완전 핫걸이자나~ 완전 이뽀❤,0,2025-01-29T08:55:49Z,2025-01-29T08:55:49Z
UgxqqJlmgUarAtVuBrd4AaABAg,,False,@in럭키밀쿄,가을 진짜 이쁘다😢❤ 내 최애❤❤,0,2025-01-29T08:55:47Z,2025-01-29T08:55:47Z
UgzwH4e8A0RsRzd58-p4AaABAg,,False,@이렝rpm2352,"가을선배 원래도 예뻤는데 더 예뻐 졌잖아
럭키비키잖아❤❤ 가으리 선배 사랑햄",0,2025-01-29T08:54:34Z,2025-01-29T08:54:34Z
UgybZHdB4MofPh2pIBt4AaABAg,,False,@syy._ul,"요즘 가을이
진짜 이쁘더라.. 가을아 건강하게 활동해줘서 고마워 🥹
평생 다이브할께👾",0,2025-01-29T08:52:26Z,2025-01-29T08:52:26Z
Ugwktd7McDHTEFp8A5V4AaABAg,,False,@reyhane4958,Beautiful Gaeul❤❤,6,2025-01-29T08:50:47Z,2025-01-29T08:50:47Z
UgzVvh67OMctUIPPYi54AaABAg,,False,@뀨꺄-K,넘 섹시해~그리고 너무 예뻐~❤❤❤,6,2025-01-29T08:50:34Z,2025-01-29T08:50:34Z
Ugyu-ndKJSrxmVk4bsJ4AaABAg,,False,@율무랑나랑,꺅 넘 예뻐,3,2025-01-29T08:48:43Z,2025-01-29T08:48:43Z
UgzDWwIJOyUR8GHkNpl4AaABAg,,False,@abcjgku2,なんでこんなに美しい＆可愛いんだろ…本当に可愛い🫶🏻︎💞,317,2025-01-29T08:48:38Z,2025-01-29T08:48:38Z
UgzDWwIJOyUR8GHkNpl4AaABAg.ADsK2VWLxhcADuEZBfp6wu,UgzDWwIJOyUR8GHkNpl4AaABAg,True,@햄찌TV-b2,👍,4,2025-01-30T02:39:09Z,2025-01-30T02:39:09Z
UgzDWwIJOyUR8GHkNpl4AaABAg.ADsK2VWLxhcADy8hLL_FMv,UgzDWwIJOyUR8GHkNpl4AaABAg,True,@KaranGamit-v4u,Make up,1,2025-01-31T15:04:56Z,2025-01-31T15:04:56Z
UgzDWwIJOyUR8GHkNpl4AaABAg.ADsK2VWLxhcADzWpHtcSiU,UgzDWwIJOyUR8GHkNpl4AaABAg,True,@쌈뽕_큐트한_우잉,ㅇㅈ이여,0,2025-02-01T03:54:59Z,2025-02-01T03:54:59Z
UgzDWwIJOyUR8GHkNpl4AaABAg.ADsK2VWLxhcAE3HdLS5-0A,UgzDWwIJOyUR8GHkNpl4AaABAg,True,@Hyugaprincess875,260 like,0,2025-02-03T00:18:29Z,2025-02-03T00:18:29Z
Ugy6JdjITuGwx587nQN4AaABAg,,False,@홍홍홍-j4e,가을이 틱톡의 축복이 끝이없네…새해 복 많이 받아 가으라🥹🥰🥹🥰💖,0,2025-01-29T08:47:22Z,2025-01-29T08:47:22Z
UgwxFXtiUFYrzYI6ujB4AaABAg,,False,@TV-qx7xb,내최애 이쁘다!!!,0,2025-01-29T08:44:40Z,2025-01-29T08:44:40Z
UgxzYPOc9JKJP6Llpj94AaABAg,,False,@김가을사랑해,가을선배 사랑해용 🥺,0,2025-01-29T08:44:09Z,2025-01-29T08:44:09Z
UgwibIQXZvhNR9F3EX14AaABAg,,False,@미라클_ohmygirl,겁나 섹시큐티걸 그자체,0,2025-01-29T08:43:12Z,2025-01-29T08:43:12Z
Ugy9fff_5MZfbXMBG7J4AaABAg,,False,@Luludad93,가으리 행복해♡,0,2025-01-29T08:43:04Z,2025-01-29T08:43:04Z
Ugzo-V1BkG4FyIlVEYZ4AaABAg,,False,@phoebehoney,Prettyyyyy gaeul ❤❤,4,2025-01-29T08:42:43Z,2025-01-29T08:42:43Z
Ugwj0O1Bxvv-vikBn0J4AaABAg,,False,@lsy-w1l,가으리😊😊,2,2025-01-29T08:42:20Z,2025-01-29T08:42:20Z
UgyZkp2P8LmBkbuz-Sd4AaABAg,,False,@ころね-e9t,え、かわいすぎる❤❤❤,23,2025-01-29T08:40:37Z,2025-01-29T08:40:37Z
UgxGDT-ZCAkratyhswl4AaABAg,,False,@jasonzw6754,Woww cuteee❤❤❤,2,2025-01-29T08:39:49Z,2025-01-29T08:39:49Z
UgwWbCsHEhn00K8uTx94AaABAg,,False,@딸기가되,울갈이 이케 예뻐서 어떠케ㅜㅜ내심장 돌려내ㅜㅜ,0,2025-01-29T08:38:58Z,2025-01-29T08:38:58Z
UgzY18MoyYsKGBSWNDl4AaABAg,,False,@lolo-tr7oz,かわいー😭❤,3,2025-01-29T08:38:36Z,2025-01-29T08:38:36Z
UgwawsgeF5TFs6HEoKN4AaABAg,,False,@Lisa_Felix9700,I Love You Soo Much Gaeul❤❤❤❤❤❤❤❤❤❤❤❤❤❤❤❤❤❤❤❤❤❤❤❤❤❤❤❤❤❤❤❤❤❤❤❤❤❤❤❤❤❤❤❤❤❤❤❤❤❤❤❤❤❤❤❤❤❤❤❤❤❤❤❤❤❤❤❤❤❤❤❤❤❤❤❤❤❤❤❤❤❤❤❤❤❤❤❤❤❤❤❤❤❤❤❤❤❤❤❤❤❤❤❤❤❤❤❤❤❤❤❤❤❤❤❤❤❤❤❤❤❤❤❤❤❤❤❤❤❤❤❤❤❤❤❤❤❤❤❤❤❤❤❤❤❤❤❤❤❤❤❤❤❤❤❤❤❤❤❤❤❤❤❤❤❤❤❤❤❤❤❤❤❤❤❤❤❤❤❤❤❤❤❤❤❤❤❤❤❤❤❤❤❤❤❤❤❤❤❤❤❤❤❤❤❤❤❤❤❤❤❤❤❤❤❤❤❤❤❤❤❤❤❤❤❤❤❤❤❤❤❤❤❤❤❤❤❤❤❤❤❤❤❤❤❤❤❤❤❤❤❤❤❤❤❤❤❤❤❤❤❤❤❤❤❤❤❤❤❤❤❤❤❤❤❤❤❤❤❤❤❤❤❤❤❤❤❤❤❤❤❤❤❤❤❤❤❤❤❤❤❤❤❤❤❤❤❤❤❤❤❤❤❤❤❤❤❤❤❤❤❤❤❤❤❤❤❤❤❤❤❤❤❤❤❤❤❤❤❤❤❤❤❤❤❤❤❤❤❤❤❤❤❤❤❤❤❤❤❤❤❤❤❤❤❤❤❤❤❤❤❤❤❤❤❤❤❤❤❤❤❤❤❤❤❤❤❤❤❤❤❤❤❤❤❤❤❤❤❤❤❤❤❤❤❤❤❤❤❤❤❤❤❤❤❤❤❤❤❤❤❤❤❤❤❤❤❤❤❤❤❤❤❤❤❤❤❤❤❤❤❤,1,2025-01-29T08:38:05Z,2025-01-29T08:38:05Z
UgxBrXT_6lxZz_F9OON4AaABAg,,False,@갓을이,가을공주님 아랑해 ❤❤❤,5,2025-01-29T08:37:48Z,2025-01-29T08:37:48Z
UgzDDFwo9ZlAtSY6g_Z4AaABAg,,False,@꽁냥핑,이쁘쟈나❤,0,2025-01-29T08:37:36Z,2025-01-29T08:37:36Z
Ugx6GZLDRTFUChGuR4l4AaABAg,,False,@치이치이_CICI,이게 비인기 멤버면 진짜 난 오랑우탄이냐?,0,2025-01-29T08:36:31Z,2025-01-29T08:36:31Z
UgwfzBu3Ujd9dxOY-554AaABAg,,False,@박지선-q8t,역시 맏언니 가을이가 짱이지 울가을이 2025년도 화이팅!!아이팅!!다이브가______,45,2025-01-29T08:35:05Z,2025-01-29T08:35:05Z
UgzJT8cTHQYXJFtn-3J4AaABAg,,False,@gogoma_sweetpotato,전화번호 낸아.,0,2025-01-29T08:34:55Z,2025-01-29T08:34:55Z
Ugzat5AL_DQ3FGI7SkF4AaABAg,,False,@뀨_핑,귀엽다❤❤❤,0,2025-01-29T08:34:13Z,2025-01-29T08:34:13Z
UgxGZtpECfjzgqz9qOV4AaABAg,,False,@IamSTAY12-r5o,Maybe I want to call ❤❤❤😂,1,2025-01-29T08:34:12Z,2025-01-29T08:34:12Z
UgyftF_LmUqRDi3Ghwx4AaABAg,,False,@수박먹구싶당-s6b,내심장!!! 너무아름다워...❤❤,0,2025-01-29T08:32:53Z,2025-01-29T08:32:53Z
Ugxv1dwZXRUk2U5C_Wx4AaABAg,,False,@Vine0v0,가을언니 너무 예뻐ㅠ,0,2025-01-29T08:31:45Z,2025-01-29T08:31:45Z
Ugxy6JF9WBpkB9m6jzd4AaABAg,,False,@y.xji9n,가을이 넘 예쁘당❤,0,2025-01-29T08:31:13Z,2025-01-29T08:31:13Z
UgyFVosHAoQ5Rwqj9354AaABAg,,False,@nishitripathi2319,So pretty 😻 and very much ❤️ beautiful ❤️. I love 💞 you 💗🌹🇮🇳🙏.,0,2025-01-29T08:31:01Z,2025-01-29T08:31:01Z
Ugymss6kOgKp9Mhqfhd4AaABAg,,False,@키치맛_츄레인데,가으라 사랑해 🫶🫶,0,2025-01-29T08:30:27Z,2025-01-29T08:30:27Z
UgxRho3MiaLXbmux6m94AaABAg,,False,@펩시3-08,가을이너무예쁘네평생사랑할게❤❤❤❤❤,0,2025-01-29T08:29:46Z,2025-01-29T08:29:46Z
UgzV6OftyBBiJi_i3Gp4AaABAg,,False,@연써서,진짜 가을아 왤케 귀엽니이..🥹,9,2025-01-29T08:29:44Z,2025-01-29T08:29:44Z
UgxzU5mlvVslWVoaol54AaABAg,,False,@Jiwon-s6x,와...미쳤어,1,2025-01-29T08:29:04Z,2025-01-29T08:29:04Z
UgzUg3Jhr1RT4cIYLuN4AaABAg,,False,@루이피크민,가을이 미모가..너무이쁘네..,0,2025-01-29T08:28:32Z,2025-01-29T08:28:32Z
Ugxx7rNORZqjMruWLvZ4AaABAg,,False,@오얀띠,"진짜 샘 .. 너무 이쁘다 ,, 💗🫶🏻",0,2025-01-29T08:27:47Z,2025-01-29T08:27:47Z
Ugws4Mw2j2EebvZfhER4AaABAg,,False,@RickySabalak-popfanboy,You're so pretty❤😂❤😂❤,0,2025-01-29T08:27:39Z,2025-01-29T08:27:39Z
Ugx4RM1fsNydwBJd1L94AaABAg,,False,@깜찍한설렝,요새 가을이 쇼츠 많아져서 좋다❤❤,2,2025-01-29T08:26:50Z,2025-01-29T08:26:50Z
UgwwBHwOt6DB1cQGJxp4AaABAg,,False,@라임이_사랑녀_뽀얀,와..가을아..너무 귀엽고 예쁘다아..❤❤❤❤❤,0,2025-01-29T08:25:59Z,2025-01-29T08:25:59Z
UgxExrKu_Gny6bFKFT14AaABAg,,False,@rz_xl1,"아니 저렇게 예쁜 다람쥐가 자길 좋아한다는데
안받아주는게 이상한거..나랑 사귀자 다람쥐ㅜㅜ",0,2025-01-29T08:25:49Z,2025-01-29T08:25:49Z
Ugx_LqbIjceW18W9BEZ4AaABAg,,False,@pacardahyun,Pacar acuuuu❤,0,2025-01-29T08:25:37Z,2025-01-29T08:25:37Z
UgzN2akk8JIyZEd-jZl4AaABAg,,False,@아현업고튀어기염,가을 선배 왜케 예쁘죠...?❤,1,2025-01-29T08:25:17Z,2025-01-29T08:25:17Z
Ugym5_YCY___hyQR4054AaABAg,,False,@BtsForever-x3u,So pretty gaeul 💞,3,2025-01-29T08:25:02Z,2025-01-29T08:25:02Z
Ugx9akGOTUITtOKXMdZ4AaABAg,,False,@MRrubiestter,Rami is taht you,0,2025-01-29T08:24:43Z,2025-01-29T08:24:43Z
UgwuZcE6YYAo4-S5wfd4AaABAg,,False,@DIVE-rp4wo,❤,0,2025-01-29T08:23:48Z,2025-01-29T08:23:48Z
UgzSLDEZg0bWrZxY2uZ4AaABAg,,False,@LOVELY_LIT,솔직히 가을은 청순 미인의 정석임,0,2025-01-29T08:23:36Z,2025-01-29T08:23:36Z
Ugwq7rnBW357HqVStJx4AaABAg,,False,@밀키인뎅,가을이는 갈수록더이뻐진다ㅜㅜ❤❤❤,0,2025-01-29T08:22:47Z,2025-01-29T08:22:47Z
Ugxw8DELKxzzfe9-Bh94AaABAg,,False,@콩순이-l4f,와.....진짜 이쁘다...,0,2025-01-29T08:22:08Z,2025-01-29T08:22:08Z
UgzgeILuvH6YuoeZNRl4AaABAg,,False,@다이브녕-98,❤❤❤,0,2025-01-29T08:21:57Z,2025-01-29T08:21:57Z
UgwSxQXH9rWZnnims4x4AaABAg,,False,@oooooo-h8q,"여신이야❤❤❤
진짜 사랑해❤",0,2025-01-29T08:21:27Z,2025-01-29T08:21:27Z
Ugw7bM5k6pzK8tOFIzN4AaABAg,,False,@Lhj_mg,가을선배 미모 미쳤다 ❤❤,0,2025-01-29T08:20:28Z,2025-01-29T08:20:28Z
UgxteV2-G4yYAmbkR7h4AaABAg,,False,@nabongnabong,핫걸🔥🔥🐿️🐿️,3,2025-01-29T08:19:18Z,2025-01-29T08:19:18Z
UgymTATYOm31BzbS-CZ4AaABAg,,False,@키티-t1r,10번 넘게 보는중 진심 개이쁨,0,2025-01-29T08:17:51Z,2025-01-29T08:17:51Z
UgxdJ5nfShbdOFSr2O14AaABAg,,False,@雪姫雲姫,美人❤,0,2025-01-29T08:17:23Z,2025-01-29T08:17:23Z
Ugwl5VCNp79Uy9rPfz94AaABAg,,False,@kitty_lover_o.o,우왓 45분 전이당,0,2025-01-29T08:16:24Z,2025-01-29T08:16:24Z
UgwSLsKHPkN9VV3yYbd4AaABAg,,False,@SuperDive777,다람쥐 여왕 가을이❤❤❤,0,2025-01-29T08:15:32Z,2025-01-29T08:15:32Z
UgzYqs2MecY54gV2Bzd4AaABAg,,False,@hya_i,와...진짜 너무 예쁜거 이상이다..진짜 말로 표현할수 없는...❤❤❤,0,2025-01-29T08:15:17Z,2025-01-29T08:15:17Z
UgxD1YDwb8jOzHpgDrZ4AaABAg,,False,@츄츄e5,가을언니 요즘 열심이 쇼츠 찍는당❤❤,2,2025-01-29T08:12:02Z,2025-01-29T08:12:02Z
UgwtePlC6HLV4ERt1F54AaABAg,,False,@박지원-y2m2h,어울린다 가을이. 아무래도 얼굴이 서사라..,0,2025-01-29T08:11:28Z,2025-01-29T08:11:28Z
Ugy47gv4Bl8KYpzj8Ad4AaABAg,,False,@이유녕-y7i,가을 요즘 너무 예쁨❤,0,2025-01-29T08:10:51Z,2025-01-29T08:10:56Z
UgzLmp9s2FHO21jrGqF4AaABAg,,False,@ENHYPEN-1130-en,와,1,2025-01-29T08:10:47Z,2025-01-29T08:10:47Z
Ugxoi79DYxAZYbLoQA94AaABAg,,False,@나야녕이,저 전화 하고ᩚ 싶어용ᩚㅠㅠ,0,2025-01-29T08:10:46Z,2025-01-29T08:10:46Z
UgzxC5cXfgqFs-TUXYp4AaABAg,,False,@milk15827,개 예뻐❤❤❤❤,0,2025-01-29T08:10:08Z,2025-01-29T08:10:08Z
UgwXvauWSw0h59kB2jF4AaABAg,,False,@세아72,가을 언니 최애가 됬댜!!,1,2025-01-29T08:09:14Z,2025-01-29T08:09:14Z
UgzEdm9iVnRZWnWnnEl4AaABAg,,False,@베리스트로베링,"너무 이쁘다..가을언니
영원히 아프지 말고
화이팅해❤❤",18,2025-01-29T08:09:11Z,2025-01-29T08:09:11Z
UgwUijy1epcQc0rFUXF4AaABAg,,False,@Yoo_hyxn.0,요즘 가을이 미모 물오름😢 너무좋아❤,32,2025-01-29T08:09:05Z,2025-01-29T08:09:05Z
UgwUijy1epcQc0rFUXF4AaABAg.ADsFWjmWK6DADwdK1qhXDp,UgwUijy1epcQc0rFUXF4AaABAg,True,@구독행-j1u,ㅇㅈ,0,2025-01-31T01:02:45Z,2025-01-31T01:02:45Z
Ugx-IPD9m78WGsbG9oJ4AaABAg,,False,@콩떡이에유,헐..가을이 외모 요즘 넘 예뻐진다..❤(월래도예뻤음❤❤),0,2025-01-29T08:07:48Z,2025-01-29T08:07:48Z
UgzMnEiH1H2vF6UPID94AaABAg,,False,@루피-o3j,꺄❤❤❤,2,2025-01-29T08:07:47Z,2025-01-29T08:07:47Z
UgyL74BPNyFKooaALuF4AaABAg,,False,@nb00.,GAL GADOK《○》-[]□》》,0,2025-01-29T08:07:37Z,2025-01-29T08:07:37Z
UgzbqIUcjXW46B03SqJ4AaABAg,,False,@DIVE_가을,ガウルだーー！！かわいー！！,1,2025-01-29T08:07:18Z,2025-01-29T08:07:18Z
Ugz-d7Lb5MyoshYHtid4AaABAg,,False,@바다마루-n9w,가을아~사랑해~~~,1,2025-01-29T08:06:20Z,2025-01-29T08:06:20Z
UgxamUXSAiTxXeP5DXp4AaABAg,,False,@AudreyyLewi,So pretty ❤❤❤,4,2025-01-29T08:06:11Z,2025-01-29T08:06:11Z
UgxTHtsp6E4vTmjdu3V4AaABAg,,False,@권설아-g5z,"가으라,, 미칠거같아,, 왤케 이뻐❤",14,2025-01-29T08:05:38Z,2025-01-29T08:05:38Z
UgzsGZOhbwmAO2ZF2Mx4AaABAg,,False,@제주감귤-b1l,"난 대한 학교임 ㅋㅋ
안나온 사람
ㅜ
ㅜ
ㅜ",0,2025-01-29T08:05:36Z,2025-01-29T08:05:36Z
Ugwe_sjPTWuYv51VatB4AaABAg,,False,@리아였을까,🫶🫶,0,2025-01-29T08:05:31Z,2025-01-29T08:05:31Z
UgyjTWAirotNZfM0QOJ4AaABAg,,False,@WITFITMAN.,GAEUL คนสวย 🤟🏻💟💟💟💟💟💟💟💟💟,9,2025-01-29T08:05:02Z,2025-01-29T08:05:02Z
UgxKTRSHgOLJePl2gxV4AaABAg,,False,@loveT.O.P,와...❤❤❤❤,0,2025-01-29T08:04:53Z,2025-01-29T08:04:53Z
UgwhHZ15SASgPePvD6F4AaABAg,,False,@leizeuqin,GAEULLLL! 🥰😍,3,2025-01-29T08:04:45Z,2025-01-29T08:04:45Z
UgwWZfc65EQOZ5PS6Jl4AaABAg,,False,@로불하는연준사랑녀,가을이 ❤사랑해,0,2025-01-29T08:04:26Z,2025-01-29T08:04:26Z
UgxZIteUKHnpETxbcMN4AaABAg,,False,@cute_noob18,❤❤❤❤❤,0,2025-01-29T08:04:03Z,2025-01-29T08:04:03Z
UgypoBMZ8-5pm4xJzGZ4AaABAg,,False,@쌈뽕한멘탈어아,"갤 선배 매력있구 사랑스럽구,,넘 에뽀🥺",0,2025-01-29T08:04:00Z,2025-01-29T08:04:00Z
UgyVuec9a0iuOP4QIQZ4AaABAg,,False,@기염업고튀어아현,진짜 넘예세요 ㅠㅠ,0,2025-01-29T08:03:34Z,2025-01-29T08:03:34Z
UgwvzfiZzOxXd6YM14Z4AaABAg,,False,@하프-b3b,꺄ㅏㅏㅏ넘 이뽀❤️,0,2025-01-29T08:03:13Z,2025-01-29T08:03:13Z
UgyJ3aX8Aj2aJQbojJN4AaABAg,,False,@제주감귤-b1l,가을선배 넘 예쁘당^^,0,2025-01-29T08:03:11Z,2025-01-29T08:03:11Z
Ugx4-Fkxfs59K3hDTdd4AaABAg,,False,@hyunjoo122,인정,0,2025-01-29T08:02:48Z,2025-01-29T08:02:48Z
UgwJ4QKm8Vr8dYC7vQV4AaABAg,,False,@뽀얌-g4w,"가을이 넘 이뿌다❤❤
노래랑 너무 어울려 가을선배!!",0,2025-01-29T08:02:48Z,2025-01-29T08:02:57Z
UgzygM5B2VgiNG-WbEB4AaABAg,,False,@옌리니-b8z,저런 언니 있었으면 좋겠다😢,0,2025-01-29T08:01:51Z,2025-01-29T08:01:51Z
Ugy274eErcSl459mmut4AaABAg,,False,@supermandcu,개 잘어울리네.하이틴 감성 너무 잘어울린다.,0,2025-01-29T08:01:51Z,2025-01-29T08:02:03Z
UgwrLanA3_EbYGUj07l4AaABAg,,False,@딸기쨩-j3,가을 선배 넘 예뻐❤❤❤❤,0,2025-01-29T08:01:48Z,2025-01-29T08:01:48Z
Ugy2Il27T5dS_08o2Ed4AaABAg,,False,@gibbro-j7f,I LOVE YOU GAEUL,0,2025-01-29T08:01:43Z,2025-01-29T08:01:43Z
Ugw-oypML9Ez1VGkdut4AaABAg,,False,@유유유-e2c,가을 ❤❤❤,1,2025-01-29T08:01:27Z,2025-01-29T08:01:27Z
UgzGqe4MHyLWExFRMNB4AaABAg,,False,@anyo1997,giveme giveme💌💌,0,2025-01-29T08:01:20Z,2025-01-29T08:01:20Z
Ugx2NvKkE4kb_B2ZY2R4AaABAg,,False,@송민우-v3f,가을이 요즘 미모 미쵸땅….❤,0,2025-01-29T08:01:10Z,2025-01-29T08:01:10Z
UgxWxwx669xB-vYXPcB4AaABAg,,False,@suwhalcha5034,가을 ❤선배,0,2025-01-29T08:00:50Z,2025-01-29T08:00:50Z
Ugx3wToPZ0HCENpkHuZ4AaABAg,,False,@명재현서,❤❤❤,0,2025-01-29T07:59:40Z,2025-01-29T07:59:40Z
UgyAXIF9_7ZVQ4me9zh4AaABAg,,False,@인키인데,이렇게예쁠수가아❤❤,1,2025-01-29T07:58:35Z,2025-01-29T07:58:35Z
UgxJn0QfE21PJhQDfcR4AaABAg,,False,@삘0.0,갈선배!심쿵!,0,2025-01-29T07:58:34Z,2025-01-29T07:58:34Z
UgyryUH1_td7FF3Z-rR4AaABAg,,False,@DiorWony,Who’s this diva? ❤❤❤,3,2025-01-29T07:58:12Z,2025-01-29T07:58:12Z
Ugz2qtB_9QtjFhmiHAh4AaABAg,,False,@아이브-체리_숭아,가을선배 짱예뽀❤,2,2025-01-29T07:58:06Z,2025-01-29T07:58:06Z
UgysBGExLYflcFARv154AaABAg,,False,@haesol2,가을은 유진 닮았어,0,2025-01-29T07:57:52Z,2025-01-29T07:57:52Z
Ugx6AqazToHV5bYrUwZ4AaABAg,,False,@Aki_gaeul,번호 왜 안줘 ..??❤,0,2025-01-29T07:57:47Z,2025-01-29T07:57:47Z
UgwdXSqhCv_DoOFA3Fx4AaABAg,,False,@보라우유-l7t,24분전 ㄷㄷ,0,2025-01-29T07:56:53Z,2025-01-29T07:56:53Z
UgwYHR51BeUrib0Cro14AaABAg,,False,@이다은-j4z,가을 언니는 요런 분위기가 딱 이라니까!!,0,2025-01-29T07:56:42Z,2025-01-29T07:56:42Z
UgzUSqeCVU-CUJgTOVl4AaABAg,,False,@luvsxpuff,우리 여왕 가을!!!<33,0,2025-01-29T07:56:15Z,2025-01-29T07:56:15Z
UgyqBIljqGPwkadnPdF4AaABAg,,False,@킴제널레이션,가을아… 번호가 안 보여…,0,2025-01-29T07:56:05Z,2025-01-29T07:56:05Z
Ugy5Oa9ZaoWDX2XdtXB4AaABAg,,False,@user-wt9yu2bu2o,진짜 말안되네…,0,2025-01-29T07:55:45Z,2025-01-29T07:55:45Z
Ugzhli_rOf4Q_-w2-YN4AaABAg,,False,@luvfall_,惚れた,0,2025-01-29T07:55:06Z,2025-01-29T07:55:06Z
UgxI-LixwXbIgPUpC514AaABAg,,False,@뽀쨕-l4b,빨리 왔댜!!(?),0,2025-01-29T07:54:43Z,2025-01-29T07:54:43Z
Ugw3JeUa6JuIqOpxg9B4AaABAg,,False,@Sss_212.k,very cute.> <💖💖,5,2025-01-29T07:54:36Z,2025-01-29T07:54:36Z
Ugwv15dgy1x5OijRyo54AaABAg,,False,@대이브,사랑해요 가을선배,0,2025-01-29T07:54:35Z,2025-01-29T07:54:35Z
UgyLCNQ-OVktBlflbGB4AaABAg,,False,@유자닝-o5h,김가을 번호는 알려주고가!❤,0,2025-01-29T07:54:17Z,2025-01-29T07:54:17Z
UgzuQeFY-E4j8RH9fEp4AaABAg,,False,@채째-b3o,가을선배❤ ❤,0,2025-01-29T07:53:35Z,2025-01-29T07:53:35Z
UgzRCd7D9RqjlUUCvcV4AaABAg,,False,@curzkjs,"에이핑크 보미
우주소녀 여름
아이브 가을
에스파 윈터 

4 seasons 다들 보컬이니 가요대전 같은데
이벤트성 이라도 ㅋ",0,2025-01-29T07:53:14Z,2025-01-29T07:53:14Z
Ugxcq2kfICK7Qe7TLe14AaABAg,,False,@whentheygolow_wegohigh7306,가을❤❤❤,1,2025-01-29T07:53:14Z,2025-01-29T07:53:14Z
UgyBh4oaNYWVDC-4xNx4AaABAg,,False,@hay_an,원래도 예뻤는데 요즘 가을이 더 예뻐진거같아..❤😊,1,2025-01-29T07:53:13Z,2025-01-29T07:53:13Z
Ugxml4QDFKeKsOApmbp4AaABAg,,False,@서빈이가좋은레콩,가으리 넘 예쁘네❤❤,3,2025-01-29T07:52:06Z,2025-01-29T07:52:06Z
Ugzk2nVPOat8YNrnQR94AaABAg,,False,@sagi-chan90,Gaeul sekarang udah mulai genit ya??😅,0,2025-01-29T07:51:16Z,2025-01-29T07:51:16Z
UgzNgAx9B3IRzXokGoZ4AaABAg,,False,@콩댕등장요,가으리왜이래예뻐ㅎ❤❤❤❤❤,0,2025-01-29T07:51:11Z,2025-01-29T07:51:11Z
Ugy4IyZwJPkaouXiS0Z4AaABAg,,False,@forever_s.xz1,"아 기여워,,",0,2025-01-29T07:50:40Z,2025-01-29T07:50:40Z
Ugxncm_mBD6jaSDQZs94AaABAg,,False,@ILoveToSuckIceCream,💗,0,2025-01-29T07:49:23Z,2025-01-29T07:49:23Z
UgyNZv7mJHhFyyvzVZN4AaABAg,,False,@CanhcanhTruong,Gaeul es tan hermosa>. <,28,2025-01-29T07:49:14Z,2025-01-29T07:49:14Z
UgzMd9jSXyActOcaLvh4AaABAg,,False,@Jack-99jack,가을 너무 예쁘다 ~😍😍😍,2,2025-01-29T07:49:11Z,2025-01-29T07:49:11Z
UgzgQUqt09BzLdtqYhd4AaABAg,,False,@grpp1954,아아ㅏ아아아가가ㅏㄱ갸갸ㅑ갹 너무 귀엽고 이쁘고청순하고착하고다해그냐아아아아ㅏㅇ,0,2025-01-29T07:49:00Z,2025-01-29T07:49:00Z
UgyN453xsELSpYbkVrp4AaABAg,,False,@킴다은-꿈뜰,가을이 넘 예쁘자나..,0,2025-01-29T07:48:49Z,2025-01-29T07:48:49Z
UgzJS1nB6CIPq1xloQp4AaABAg,,False,@qpte2586,김가을 최고야 김가을 사랑해,0,2025-01-29T07:48:49Z,2025-01-29T07:48:49Z
UgxYiOWPi5Al0fYVmEJ4AaABAg,,False,@heekyungjun,❤❤❤,0,2025-01-29T07:48:36Z,2025-01-29T07:48:36Z
UgyK5L_B9joHHF3-UVV4AaABAg,,False,@쌔우-z6m,진짜로 갸이쁘다..,0,2025-01-29T07:48:31Z,2025-01-29T07:48:31Z
UgxFot4jfh0INkm70AR4AaABAg,,False,@hissy_0817,조아.,0,2025-01-29T07:48:07Z,2025-01-29T07:48:07Z
UgxB7sFxhN43749P8_54AaABAg,,False,@마르-f1y,짱이다진짜갤선배왜이리이쁘노?,1,2025-01-29T07:48:02Z,2025-01-29T07:48:02Z
UgzYm6bhOKjWuiniDO14AaABAg,,False,@리아였던것-136,진짜 ㄹㅇ 내가 남자면 ㄹㅇ ㅈㄴ 사귀고싶다,0,2025-01-29T07:47:17Z,2025-01-29T07:47:17Z
UgwwsvdyQaIFXaQo8ft4AaABAg,,False,@なりなり-b6o,可愛い❤❤,0,2025-01-29T07:47:07Z,2025-01-29T07:47:07Z
UgzKBwYk7Vjk6xz-OYV4AaABAg,,False,@하나아-b7b,❤❤❤❤❤❤❤❤❤❤❤❤❤❤❤❤❤❤❤❤❤❤❤❤,0,2025-01-29T07:46:53Z,2025-01-29T07:46:53Z
UgzqzrlTJ5yb4UnNwUl4AaABAg,,False,@폴리힝,가을 언니 사랑해요,0,2025-01-29T07:46:44Z,2025-01-29T07:46:44Z
UgwEk_CzOHic_dXqHQR4AaABAg,,False,@티아라-u7x,와 ㄹㅈㄷ다 여신인줄❤❤,1,2025-01-29T07:46:42Z,2025-01-29T07:46:42Z
UgwWRkHgs1aOf15Vqix4AaABAg,,False,@hello_deargaeul,이쁘다!!,0,2025-01-29T07:46:33Z,2025-01-29T07:46:33Z
UgzVF7_8kpve7iRPElp4AaABAg,,False,@쿙이야,"헐,,가을이 완죤 예뻐❤",2,2025-01-29T07:46:17Z,2025-02-03T00:23:14Z
UgxnGEf0LB4dAzZwGO94AaABAg,,False,@귀요미퀸수려유진퀸,"💖거울아 거울아💖
🌟🌟🌟아이브 🌟🌟🌟
섹시폭팔 가을도사님이다
예주인님 섹시폭팔요오
솔까  쓰러질뻔했거든
히힛❤~",0,2025-01-29T07:46:13Z,2025-01-29T07:46:13Z
Ugw6RjRQm6cUfbqMaNJ4AaABAg,,False,@TV-si5ts,가을❤❤❤❤,0,2025-01-29T07:45:59Z,2025-01-29T07:45:59Z
Ugy3WqXqxEbylZpN3Sh4AaABAg,,False,@레이사랑하는렝키,가을이 너무 이뻐❤❤,1,2025-01-29T07:45:47Z,2025-01-29T10:19:27Z
UgxKXGYJFzk1y-bQXzl4AaABAg,,False,@h.dou_o,어떻게 이렇게 예쁘냐..,0,2025-01-29T07:45:41Z,2025-01-29T07:45:41Z
Ugyy_8SFV4gkdg-AJgR4AaABAg,,False,@giangtran1724-w,SO PRETTY AND GORGEOUS,11,2025-01-29T07:44:58Z,2025-01-29T07:44:58Z
UgyIP9WeTvYumJgvdoR4AaABAg,,False,@seaArin_1316,이야 가을 너무 이뽀 ㅠㅠㅠㅠ,0,2025-01-29T07:44:54Z,2025-01-29T07:44:54Z
UgxUUdmEVEvs7pP3jg94AaABAg,,False,@초롱초롱-w8p,요즘 가을이 자주 나와 좋아요.♡,1,2025-01-29T07:44:50Z,2025-01-29T07:44:50Z
UgxIphItkJIJcgvBtX54AaABAg,,False,@fallovely,이런 바이브 너무 잘 어울리고 좋아❤❤,12,2025-01-29T07:44:38Z,2025-01-29T07:44:38Z
UgwarumpEla56vc0O994AaABAg,,False,@seoyeonchoi143,❤❤,0,2025-01-29T07:44:33Z,2025-01-29T07:44:33Z
UgxxQ_ytPTTM8VM2Ufx4AaABAg,,False,@끼쁘,너무 예쁘다아❤❤❤,0,2025-01-29T07:44:06Z,2025-01-29T07:44:06Z
Ugw9KRjWIsPd3D-rn5d4AaABAg,,False,@中村格英-c5t,(⁠｡⁠•̀⁠ᴗ⁠-⁠)⁠✧👍🙌🙌🙌🙌❤️‍🔥👋👋🙆,0,2025-01-29T07:43:39Z,2025-01-29T07:43:39Z
UgxaNRSv5IgmXRvHtxJ4AaABAg,,False,@딸기가_좋은_오리,가을아 언제까지 예뻐질꺼야?💕 진짜 너무 예뻐서 심쿵💗💗💗💗,2,2025-01-29T07:43:37Z,2025-01-29T07:43:37Z
UgzHAC-AvxGMgXDbQLZ4AaABAg,,False,@H__xx13,와 진짜 표정연기 뭐냐고ㅜㅠㅠㅋㅋㅋ 진짜 청순하고 예쁘고 다하는 핫걸 느낌 언니ㅠㅠㅠ,0,2025-01-29T07:43:37Z,2025-01-29T07:43:37Z
Ugw_st3e3Kr3ONlK78N4AaABAg,,False,@그림그리는냥-v7p,가을이 이 음원이랑 찰떡❤,3,2025-01-29T07:43:30Z,2025-01-29T07:43:30Z
UgwDQesbWOF8SBV3Q_14AaABAg,,False,@댄월에게,😊❤😊,0,2025-01-29T07:43:21Z,2025-01-29T07:43:21Z
Ugz9ajGDPwUbkRtPRZJ4AaABAg,,False,@잇링이에여,10분전!!,0,2025-01-29T07:42:39Z,2025-01-29T07:42:39Z
UgxDAxOETDqAxEwwAUR4AaABAg,,False,@anyo1997,how many time did you watch?,0,2025-01-29T07:42:26Z,2025-01-29T07:42:26Z
UgxDAxOETDqAxEwwAUR4AaABAg.ADsCTduCCm6ADsCUK2UXn9,UgxDAxOETDqAxEwwAUR4AaABAg,True,@anyo1997,yes,0,2025-01-29T07:42:32Z,2025-01-29T07:42:32Z
UgwBgaqNGi_qMkDXcAJ4AaABAg,,False,@사랑의_릿콩핑,완젼 이쁘다..ㅠ,0,2025-01-29T07:42:23Z,2025-01-29T07:42:23Z
UgzTLHPQ3PVS-c9Mfv14AaABAg,,False,@한은혜-d7v,가을 이쁘다!!,0,2025-01-29T07:42:20Z,2025-01-29T07:42:20Z
UgwQoUX4mC0hchQmB2F4AaABAg,,False,@러부뇽,가을아❤ 너한테 한번만 전화할수 있으면 얼마나 좋을까 ㅠㅠㅠ,1,2025-01-29T07:42:20Z,2025-01-29T07:42:20Z
UgwqADJdw5oYxDVg0I54AaABAg,,False,@diveIVEsukinaDIVE,ゴージャスなガウルちゃん🥰,1,2025-01-29T07:42:07Z,2025-01-29T07:42:07Z
UgzPQ_LfotrwSkubYUV4AaABAg,,False,@요미-j2m3o,안유진너무예뻐❤,0,2025-01-29T07:41:48Z,2025-01-29T07:41:48Z
Ugx2UOvbjpVLMHQRfA54AaABAg,,False,@선플가득한세상,가을이 요즘 이런 예쁜 챌린지 많이 찍어줘서 폴프는 너무 행복해 ❤❤,39,2025-01-29T07:41:47Z,2025-01-29T07:41:47Z
Ugx2UOvbjpVLMHQRfA54AaABAg.ADsCOnZ6d8JADsN7uT6Ftx,Ugx2UOvbjpVLMHQRfA54AaABAg,True,@솜멜,ㅇㅈ❤,4,2025-01-29T09:15:35Z,2025-01-29T09:15:35Z
Ugww4jDsF4VINx8V_gB4AaABAg,,False,@소희-j2r,❤,0,2025-01-29T07:41:40Z,2025-01-29T07:41:40Z
UgydB_v96-m8FG2CGxd4AaABAg,,False,@ivegel루미,넘 넘 예뻐요..💘,0,2025-01-29T07:41:39Z,2025-01-29T07:41:39Z
Ugylk2N2zHRFdMp0pjJ4AaABAg,,False,@MON_MOSO_MON,嫁,1,2025-01-29T07:41:36Z,2025-01-29T07:41:36Z
UgwPtIv77ij_VEVnY0B4AaABAg,,False,@리아tv-k7r,심쿵!❤가을 넘 예뻐!! 요즘 내 최애,1,2025-01-29T07:41:20Z,2025-01-29T07:41:20Z
Ugyj9GeXeX6jdsyzICZ4AaABAg,,False,@Suso-xs5yy,GAEUL IS THE CUTEST FAKE MAKNE,95,2025-01-29T07:41:08Z,2025-01-29T07:41:08Z
Ugyj9GeXeX6jdsyzICZ4AaABAg.ADsCK1m98GVADsSr1VeuQy,Ugyj9GeXeX6jdsyzICZ4AaABAg,True,@Diveuudoll,She’s not the maknae TT,0,2025-01-29T10:05:35Z,2025-01-29T10:05:35Z
Ugyj9GeXeX6jdsyzICZ4AaABAg.ADsCK1m98GVADsTCQL6jS3,Ugyj9GeXeX6jdsyzICZ4AaABAg,True,@Suso-xs5yy,"@ I said FAKE maknae bc she looks like one to me , Ik Leeso is the maknae",15,2025-01-29T10:08:38Z,2025-01-29T10:08:38Z
Ugyj9GeXeX6jdsyzICZ4AaABAg.ADsCK1m98GVADsTXChL2iC,Ugyj9GeXeX6jdsyzICZ4AaABAg,True,@Diveuudoll,@@Suso-xs5yy it’s okay i understand now > <,0,2025-01-29T10:11:28Z,2025-01-29T10:11:28Z
Ugyj9GeXeX6jdsyzICZ4AaABAg.ADsCK1m98GVADsd8cIVhAh,Ugyj9GeXeX6jdsyzICZ4AaABAg,True,@justincapon494,​@@Suso-xs5yy she is like twice Nayeon as Nayeon is fake maknae of twice,3,2025-01-29T11:44:14Z,2025-01-29T11:44:14Z
Ugyj9GeXeX6jdsyzICZ4AaABAg.ADsCK1m98GVADseVTBBo0k,Ugyj9GeXeX6jdsyzICZ4AaABAg,True,@Suso-xs5yy,@ YESS FINALLY SOMEONE WHO GETS IT,1,2025-01-29T11:56:06Z,2025-01-29T11:56:06Z
UgyDNgHi835f1hCDsEZ4AaABAg,,False,@루비송이_1004,진짜 넘이뻐요❤ 다른맴버들도 해주세요!😊,0,2025-01-29T07:40:47Z,2025-01-29T07:40:47Z
UgwF5Kl4C67n_QO6oz14AaABAg,,False,@wonybabie,okay GORGEOUS! 🌟,1,2025-01-29T07:40:46Z,2025-01-29T07:40:46Z
UgxNPyk_Xo5SvEbXT0l4AaABAg,,False,@앙쿠-f1r,9분 전이당ㅇㅇ,1,2025-01-29T07:40:41Z,2025-01-29T07:40:41Z
UgwsXw3jlvdOov4KW_p4AaABAg,,False,@민쏘쓰,당근 번호줄께!!!!!!!!!!!!!!!!!!!,1,2025-01-29T07:40:37Z,2025-01-29T07:40:37Z
Ugw8e06JrqS3ENJVzqZ4AaABAg,,False,@달-d3h,왜저래??? 왜저렇게 예뻐???,1,2025-01-29T07:40:31Z,2025-01-29T07:40:31Z
Ugx7SHuiSX9jcxhmmEp4AaABAg,,False,@모동숲미애를먹은미야,"너무 입흐다..❤바로 이거지ㅣ,,너무 심쿵,,",0,2025-01-29T07:39:48Z,2025-01-29T07:39:48Z
UgxHJcY4ozlFdCNnmqJ4AaABAg,,False,@새_별_쟈기_휴,갤 언니 진짜 넘 기엽구 이쁘다아💓🫶,0,2025-01-29T07:39:37Z,2025-01-29T07:39:37Z
UgzT-zszh3r8DpmJ4yR4AaABAg,,False,@user-is6zn1to5x,"가을 요즘 진짜 리즈인 듯….
너무 예쁨 ㅠㅠㅠ",2,2025-01-29T07:39:13Z,2025-01-29T07:39:13Z
UgyJY-VoRlXOy8WCs3p4AaABAg,,False,@urmom-yb8he,ID DIE BEFORE NOT CALLING U OMGGG,0,2025-01-29T07:39:12Z,2025-01-29T07:39:12Z
UgwSHr7X9NMGZ_29fiB4AaABAg,,False,@You_La.x05,이 다람쥐를 보세요 여러분 얼마나 예쁘고 기여운데요 가을이도 좋아해주세요🍂,19,2025-01-29T07:39:05Z,2025-01-29T07:39:05Z
UgwSHr7X9NMGZ_29fiB4AaABAg.ADsC56aqpSRADsF0B6JBob,UgwSHr7X9NMGZ_29fiB4AaABAg,True,@하프-b3b,이미 좋아하니깐 더 좋아해야 겠어용❤❤,1,2025-01-29T08:04:38Z,2025-01-29T08:04:38Z
UgwSHr7X9NMGZ_29fiB4AaABAg.ADsC56aqpSRADsIrTd8Po_,UgwSHr7X9NMGZ_29fiB4AaABAg,True,@응앵나하쵸,전 가을이 안조아하고 사랑할래요오 ! ❤,1,2025-01-29T08:38:15Z,2025-01-29T08:38:15Z
UgzyzuCMOUINs1vaTRt4AaABAg,,False,@채인짱,앗! 내 심장❤,0,2025-01-29T07:39:00Z,2025-01-29T07:39:00Z
UgzAuQcPIRc6UEQV2sp4AaABAg,,False,@N-gv1fg,Love❤,0,2025-01-29T07:38:58Z,2025-01-29T07:38:58Z
UgyBmVNRZBrKJhhoc114AaABAg,,False,@잇녕_leeseo_young,미친 울 가을이 얼굴 보정한줄 근데 원래 이로게 예쁜거였다니❤,0,2025-01-29T07:38:47Z,2025-01-29T07:38:47Z
UgwwXNm6IJTulZFsKV14AaABAg,,False,@설잇-k1f,"가을언니 진짜 
번호 주는거야?
예애 최애번호 얻었다",0,2025-01-29T07:38:37Z,2025-01-29T07:38:37Z
Ugw7lrwhm-vwaTLrsFd4AaABAg,,False,@수려유진,미모가 정말 블링블링이다 크으 ☺️☺️,0,2025-01-29T07:38:23Z,2025-01-29T07:38:23Z
UgwGSIH7Ktc4jsj-0wV4AaABAg,,False,@에붸붸-BSH,"헐!! 미쳣나바아ㅏ 7분전 대박..❤
가을 외모 뭐임..",1,2025-01-29T07:38:17Z,2025-01-29T07:38:17Z
UgwYYkh439qLL_ec2kh4AaABAg,,False,@YapVenti,IVE Gaeul  me so much fun video this months 😂❤❤❤,0,2025-01-29T07:38:15Z,2025-01-29T07:38:15Z
Ugz1FzBmRHvj1G5im794AaABAg,,False,@구름이-n8v,❤❤❤,1,2025-01-29T07:38:14Z,2025-01-29T07:38:14Z
Ugx1cDqPNLxMwBw-m5B4AaABAg,,False,@chxnismyattitude,귀여워❤❤❤❤,1,2025-01-29T07:38:03Z,2025-01-29T07:38:03Z
Ugypig4Fgt3rKsuiEbl4AaABAg,,False,@널보면하트가튀어나왕,너무 예뻐ㅠㅠ,0,2025-01-29T07:37:54Z,2025-01-29T07:37:54Z
UgytCrQ0r4GoR6KOJXZ4AaABAg,,False,@코시-s2g,아이브 요즘 쇼츠 많이 올려줘서 넘 행보캐❤,1,2025-01-29T07:37:50Z,2025-01-29T07:37:50Z
UgySj3QlGXYxTkhQv154AaABAg,,False,@떡락중-123,가을언니 그냥 언니 그냥 우리 집오면 안될까?ㅜㅜ,1,2025-01-29T07:37:48Z,2025-01-29T07:37:48Z
UgzlvP6aM8CK3ASKcgl4AaABAg,,False,@ESFP_0718,하 너무 이뻐 갤프 될까,0,2025-01-29T07:37:41Z,2025-01-29T07:37:41Z
UgwcEKB-0cWdzPaI_dh4AaABAg,,False,@영민최-j9z,가을 누나는 오늘도 예쁘다🐿️❤️❤️❤️❤️❤️❤️❤️❤️,0,2025-01-29T07:37:20Z,2025-01-29T07:37:20Z
UgxKDAue2Bo70P2SAZN4AaABAg,,False,@뿅칩이-n4i-t5g,역시 내 최애는 날 실망시키지 않네 🤍 가을이 사랑해❤,0,2025-01-29T07:37:19Z,2025-01-29T07:37:19Z
UgxnhuzTN4qSVL4tmb14AaABAg,,False,@우엉조리미,"내 최애곡!!ㅠㅠ
가을아 진짜 너무 사랑해😻🫶🏻",75,2025-01-29T07:37:15Z,2025-01-29T07:37:15Z
UgxnhuzTN4qSVL4tmb14AaABAg.ADsBsghSw5cADsWW2FATCx,UgxnhuzTN4qSVL4tmb14AaABAg,True,@진아이쿵,어..멋..!안냐세영,2,2025-01-29T10:37:32Z,2025-01-29T10:37:32Z
UgxnhuzTN4qSVL4tmb14AaABAg.ADsBsghSw5cADsq2WmC74m,UgxnhuzTN4qSVL4tmb14AaABAg,True,@Hey-fc9df,어...우엉님??,2,2025-01-29T13:37:00Z,2025-01-29T13:37:00Z
UgxnhuzTN4qSVL4tmb14AaABAg.ADsBsghSw5cADu2p2weXwm,UgxnhuzTN4qSVL4tmb14AaABAg,True,@네로에게먹힌햄찡,인죵..솔직히 아이브는 걍 다 예쁜거 가타요오..(안냐하세요 우엉니임!),1,2025-01-30T00:56:36Z,2025-01-30T00:56:36Z
UgxnhuzTN4qSVL4tmb14AaABAg.ADsBsghSw5cADvCNUIm4H9,UgxnhuzTN4qSVL4tmb14AaABAg,True,@해피인데,우엉님 이다❤❤❤❤❤,0,2025-01-30T11:39:19Z,2025-01-30T11:39:19Z
Ugx0wUvXZU3uxy9i2yF4AaABAg,,False,@설릿-yJ,언니 얼마나 예쁜거야..❤,1,2025-01-29T07:37:12Z,2025-01-29T07:37:12Z
UgxEVSVKKWOXBR5eyUF4AaABAg,,False,@히냐잡아먹능히쿄,잘생쁨 뿜뿜 💖,4,2025-01-29T07:37:09Z,2025-01-29T07:37:09Z
UgzjzBQ_tAbBpm6oLn94AaABAg,,False,@투어스_시,언니나 6분전 ..! 처음이야,1,2025-01-29T07:37:09Z,2025-01-29T07:37:09Z
Ugwjz0BThRnQnPT6AtB4AaABAg,,False,@레이_좋아하는_1인,너무 사랑스럽다아..💖✨첨애 윙크할때 내 맘 녹음ㅜㅜ,6,2025-01-29T07:36:53Z,2025-01-29T07:36:53Z
Ugxp8t1EVXsrPbG84ll4AaABAg,,False,@설쵸잉,"가을아 진짜 너무 이쁘당 노래가 가을이랑
좀 찰떡인듯 ㅋㅋ❤",1,2025-01-29T07:36:52Z,2025-01-29T07:36:52Z
Ugyd_lavQ_TgytRot4h4AaABAg,,False,@zhariffaiman6159,Brb my delulu is calling you 🤣,0,2025-01-29T07:36:50Z,2025-01-29T07:36:50Z
UgzwZKtgkiJ_UuZhpGx4AaABAg,,False,@레이가세상을구한다,와 가을이 진쟈~~~~~~~~~~~~~~~~~~❤❤❤❤❤❤❤❤❤❤❤❤❤❤❤❤❤❤❤❤❤❤❤❤❤❤❤❤❤❤❤이쁘다 가으라 사랑핼❤❤❤❤❤❤❤❤❤❤❤❤❤❤❤❤❤❤❤❤❤❤❤❤❤❤❤❤❤❤❤❤❤❤❤앞으로도 아프지 말고❤❤❤❤❤❤❤❤❤❤❤❤❤❤❤❤❤❤❤❤❤❤❤❤❤❤❤❤❤❤❤❤❤❤❤❤❤❤❤❤❤❤❤❤건강하게 활동해줭❤❤❤❤❤❤❤❤❤❤❤❤❤❤❤❤❤❤❤❤❤❤❤❤❤❤❤❤❤❤❤❤❤❤❤❤❤❤❤❤❤❤❤❤❤❤❤❤❤❤❤❤❤❤❤❤❤❤❤❤❤❤❤❤❤❤아이브 10주년?아니❤❤❤❤❤❤❤❤❤❤❤❤❤❤❤❤❤❤❤❤❤❤❤❤❤❤❤❤❤❤❤❤❤❤❤❤❤❤❤❤❤❤❤❤❤❤❤내가 100주년?❤❤❤❤❤❤❤❤❤❤❤❤❤❤❤❤❤아니?❤❤❤❤❤❤❤❤❤❤❤❤❤❤❤❤❤❤❤❤❤❤❤❤❤❤❤아이브 해체해도❤❤❤❤❤❤❤❤❤❤❤❤❤❤❤❤❤❤❤❤❤❤❤❤❤❤❤❤❤❤❤내가 죽어도 평생 응원할게❤❤❤❤❤❤❤❤❤❤❤❤❤❤❤❤❤❤❤❤❤❤❤❤❤❤❤❤❤❤❤❤❤❤❤아이브는 평생 다이브 마음속에 있어!❤❤❤❤❤❤❤❤❤❤❤❤❤❤❤❤❤❤❤❤❤❤❤❤❤❤❤❤❤❤❤❤❤❤❤❤❤악플러 말은 무시해 널 좋아해 주는 사람이 훨ㄹㄹ많앙❤❤❤❤❤❤❤❤❤❤❤❤❤❤❤❤❤❤❤❤❤❤❤❤❤❤❤❤❤❤❤❤❤❤❤❤❤❤,0,2025-01-29T07:36:39Z,2025-01-29T07:36:39Z
UgxkHUUqMxWgqiYUgX94AaABAg,,False,@mu.n1x,요즘 가을이 밀어주고 잇는거 가타서 너무 행보캅니다 ..❤,0,2025-01-29T07:36:35Z,2025-01-29T07:36:35Z
UgzPc82GoGSYnxbcpHZ4AaABAg,,False,@설린입니당,완전 이쁨 ㅠㅠ,0,2025-01-29T07:36:34Z,2025-01-29T07:36:34Z
Ugy5cNjVV3EqiLiXm4F4AaABAg,,False,@인유랑같이놀자,가으리 미모 머야;;❤,0,2025-01-29T07:36:32Z,2025-01-29T07:36:32Z
Ugw4_-rCbnZ-jlgUEHx4AaABAg,,False,@beanie_06201,이게 왜 좋아요가 1천밖에 안돼지 ?....,0,2025-01-29T07:36:31Z,2025-01-29T07:36:31Z
Ugyll23fJ9fJQfiKWHB4AaABAg,,False,@김수일-v7b,아이브와 케이윌 만나게해주세요. 같은 소속이잖아요.,0,2025-01-29T07:36:30Z,2025-01-29T07:36:30Z
UgxPJXmlnFCdxHVHenl4AaABAg,,False,@7_________soobin,가을이 왜케 예뻐..!!❤❤,1,2025-01-29T07:36:29Z,2025-01-29T07:36:29Z
Ugz6Mj2RO34-jKCMoZR4AaABAg,,False,@kooming-utb,"가을언니 너무너무 예뻐❤❤
언니 이런 컨셉 넘 좋아🎉",1,2025-01-29T07:36:28Z,2025-01-29T07:36:28Z
UgyGy26rwd88k3TpfH54AaABAg,,False,@sy_iex,사랑해요 갤선배!!❤❤❤❤❤,2,2025-01-29T07:36:16Z,2025-01-29T07:36:16Z
UgyPSITMwPjwK34zW4B4AaABAg,,False,@안댕댕-c8s,나좀 빨리옷듯,0,2025-01-29T07:36:13Z,2025-01-29T07:36:13Z
UgypWLfVbkPjCb2IEhV4AaABAg,,False,@yuni583,❤❤❤,0,2025-01-29T07:36:03Z,2025-01-29T07:36:03Z
Ugyvrxg3kmLMqGdSNW94AaABAg,,False,@JOSHUA_moneyfame,777 🍀비키!!,1,2025-01-29T07:35:48Z,2025-01-29T07:35:48Z
Ugyvrxg3kmLMqGdSNW94AaABAg.ADsBi4L420VADsBnK0lf7E,Ugyvrxg3kmLMqGdSNW94AaABAg,True,@박냥냥_업고튀어,30초전ㅎㅎ,0,2025-01-29T07:36:31Z,2025-01-29T07:36:31Z
UgzcIwL-dedrK5jK3814AaABAg,,False,@chickenart7116,가을선배 넘 예쁘닷...❤❤,28,2025-01-29T07:35:44Z,2025-01-29T07:35:44Z
UgzcIwL-dedrK5jK3814AaABAg.ADsBhb3maTFADuRY31NFp-,UgzcIwL-dedrK5jK3814AaABAg,True,@카와이히코,인정..❤,0,2025-01-30T04:32:36Z,2025-01-30T04:32:36Z
UgzuPJGbmV9cKOW76K54AaABAg,,False,@또비에요-k3r,아 지쨔..가으리..요즘 미모 머야아..?,0,2025-01-29T07:35:43Z,2025-01-29T07:35:43Z
Ugzf_9DJnwgk5dDg7WJ4AaABAg,,False,@시은이의하루-g3s,가을 너무 예뻐서 빛이남❤❤😊,0,2025-01-29T07:35:37Z,2025-01-29T07:35:37Z
UgxuK8zXnvvGcO94duB4AaABAg,,False,@iv_이브,너무 기여으ㅟㅇ❤,0,2025-01-29T07:35:20Z,2025-01-29T07:35:20Z
UgxNZoMY4FHD9B2MIj14AaABAg,,False,@I.sn_o,가을이 진짜 여신ㅜㅜ,1,2025-01-29T07:35:19Z,2025-01-29T07:35:19Z
UgwTfcjIt999XT_rw8R4AaABAg,,False,@달이업고튀어,김포리 미쳤냐구🥺넘 이쁘쟈냐❤❤,1,2025-01-29T07:35:04Z,2025-01-29T07:35:04Z
Ugzn0sbPER52HFuMGwF4AaABAg,,False,@sal.in.x,심쿵사로 영혼이 되어 돌아왔어요...,0,2025-01-29T07:35:02Z,2025-01-29T07:35:02Z
UgySWmOLHT0AoW_NITZ4AaABAg,,False,@유링_임미다,헉 2분전인데 좋아요가ㄷㄷ,1,2025-01-29T07:35:00Z,2025-01-29T07:35:00Z
UgyxvT0CQsW67FpnKep4AaABAg,,False,@러블리콩링,왕!❤놈 예뽀!❤,0,2025-01-29T07:34:57Z,2025-01-29T07:34:57Z
UgyXQRwiL80ooy7xPMN4AaABAg,,False,@fullsun_ny,너무 예쁘다!!!❤,1,2025-01-29T07:34:57Z,2025-01-29T07:34:57Z
UgwilTGGU0rDckJ8SAh4AaABAg,,False,@깐녕덮덮녕,가으리 폼 미쳤다,0,2025-01-29T07:34:56Z,2025-01-29T07:34:56Z
UgzEgo9DDGks3xaKOVZ4AaABAg,,False,@teruru-j5z,❤❤❤❤❤❤,0,2025-01-29T07:34:46Z,2025-01-29T07:34:46Z
UgzTfCzvOUYWOoUj00V4AaABAg,,False,@박냥냥_업고튀어,와 빨리왔따❤,1,2025-01-29T07:34:43Z,2025-01-29T07:34:43Z
UgyVI6CqqmXDjazOdnp4AaABAg,,False,@k_1x.m,가을ગ가 말ටㅏ주는 y2k 갬성…✮,0,2025-01-29T07:34:36Z,2025-01-29T07:34:36Z
Ugz5z4Te4kJ0b3P-72p4AaABAg,,False,@문성환-w5y,❤,0,2025-01-29T07:34:22Z,2025-01-29T07:34:22Z
UgzUylR-7B2o5WqWHQ94AaABAg,,False,@수아채널-l6q,❤❤큐티,1,2025-01-29T07:34:18Z,2025-01-29T07:34:18Z
UgwGLj97ERXMaKangPB4AaABAg,,False,@카피바라렁횬,가을아 사랑해❤❤❤,1,2025-01-29T07:34:16Z,2025-01-29T07:34:16Z
UgxcpppUGSYrST2p7fd4AaABAg,,False,@hyoungjincho6047,I will definately call you,0,2025-01-29T07:34:16Z,2025-01-29T07:34:16Z
UgwJ78wi9GhkCtRjzWR4AaABAg,,False,@rodrigoduda5366,"IM 1MIN EARLYY, CALL ME 🤙😆",0,2025-01-29T07:34:13Z,2025-01-29T07:34:13Z
UgyRDl3I9U01Qizg7zl4AaABAg,,False,@인형즈_잇뇨,She is really like an angel❤⭐️,16,2025-01-29T07:34:11Z,2025-01-29T12:39:59Z
UgyRDl3I9U01Qizg7zl4AaABAg.ADsBXCn6_OqADsCwqM6hhK,UgyRDl3I9U01Qizg7zl4AaABAg,True,@폴리힝,no he!! Its she,2,2025-01-29T07:46:34Z,2025-01-29T07:46:34Z
UgyRDl3I9U01Qizg7zl4AaABAg.ADsBXCn6_OqADsjVgrZ09C,UgyRDl3I9U01Qizg7zl4AaABAg,True,@인형즈_잇뇨,Oh! I’m sorry! I typed the wrong type,0,2025-01-29T12:39:49Z,2025-01-29T12:39:49Z
UgyRDl3I9U01Qizg7zl4AaABAg.ADsBXCn6_OqADv9L9SSHxG,UgyRDl3I9U01Qizg7zl4AaABAg,True,@폴리힝,"@ I`m sorry too
thank you",1,2025-01-30T11:12:47Z,2025-01-30T11:12:47Z
UgxvOoSWrPuD5CBhmER4AaABAg,,False,@m.xogo10,가을이 너무 귀엽고 청순하다❤❤❤,1,2025-01-29T07:34:07Z,2025-01-29T07:34:07Z
Ugw5C2riBrFMWpF7-0J4AaABAg,,False,@주삐라고,❤,0,2025-01-29T07:34:00Z,2025-01-29T07:34:00Z
UgwzRAIrY_PtyjyD5zl4AaABAg,,False,@user-CherryCometWY102,왜이리 이쁜데,2,2025-01-29T07:33:57Z,2025-01-29T07:33:57Z
Ugybp5ypGfYNHh6jVop4AaABAg,,False,@1004_REI,가을이 너무 이쁘다...,1,2025-01-29T07:33:51Z,2025-01-29T07:33:51Z
Ugz_ODd4iN7Z4KYs5dJ4AaABAg,,False,@아뚜ah,꺄ㅑㅑ 2뷴전❤,0,2025-01-29T07:33:50Z,2025-01-29T07:33:50Z
UgzdDH5FtNTxWHJg5gB4AaABAg,,False,@green1700,"ガウルちゃん可愛いすぎる❤️
もうすぐカムバだぁ〜〜
ファンコン福岡あたるかな〜！？めっちゃ楽しみ！！！",1,2025-01-29T07:33:48Z,2025-01-29T07:33:48Z
UgzmUrjSa0_9Z65GJBd4AaABAg,,False,@JKPark-h3q,"가을아 ,, 언제까지 예뻐질꺼니 ,, ㅠㅜ",4,2025-01-29T07:33:22Z,2025-01-29T07:33:22Z
UgzJ-Ba0XWpzpOdVdBB4AaABAg,,False,@yaong_야옹,넘 예쁘다 ㅜㅜ,0,2025-01-29T07:33:19Z,2025-01-29T07:33:19Z
UgzDBb8LtbNXIB2Nemp4AaABAg,,False,@HASH-l2y,가을이 기여워염❤❤,4,2025-01-29T07:33:14Z,2025-01-29T07:33:14Z
Ugx2bx4TgqlmShejOdd4AaABAg,,False,@Lilixsunww,사랑해 가울 💞,0,2025-01-29T07:33:12Z,2025-01-29T07:33:12Z
UgwWt_Y35y8upnLvHHd4AaABAg,,False,@RZZ_레이짱팬,왜케 예뻐..💗💗💗,16,2025-01-29T07:32:56Z,2025-01-29T07:32:56Z
UgytJ5YcdkORLI2fozh4AaABAg,,False,@nayheartsitzy,GORGEOUS,1,2025-01-29T07:32:54Z,2025-01-29T07:32:54Z
Ugzkblyh7yVT1mDwI354AaABAg,,False,@LUCKYDIVE-IVE,"너무 예뻐😍😍😍
심쿵!!!!!!",20,2025-01-29T07:32:50Z,2025-01-29T07:32:50Z
UgzYYFGxpYaAjQKfW8x4AaABAg,,False,@리쏘-rIs,가을이 넘 이쁜거 아니냐구!❤진짜 너무이쁘다❤심쿵❤,2,2025-01-29T07:32:47Z,2025-01-29T07:38:35Z
Ugy6Vq_V1b3-EtSFNa94AaABAg,,False,@설레임먹고싶은설레임,허거걱❤,0,2025-01-29T07:32:44Z,2025-01-29T07:32:44Z
Ugx2o6t9bHYaPHbncil4AaABAg,,False,@리쿠-2013,헉!! 1분전!  갤선배❤,0,2025-01-29T07:32:35Z,2025-01-29T07:32:35Z
UgwFjvp0CCCUv1mIbl94AaABAg,,False,@刺身百点盛,かわいい☺️🤍,0,2025-01-29T07:32:30Z,2025-01-29T07:32:30Z
UgwNpau3rymIBeKJn1d4AaABAg,,False,@aing1-p8t,와 김가을 이런 분위기 너무 좋아ㅠ,2,2025-01-29T07:32:30Z,2025-01-29T07:32:30Z
UgxhFxCBO-ccS9DPUfB4AaABAg,,False,@鱼饼饼-o7x,gaeul❤,26,2025-01-29T07:32:26Z,2025-01-29T07:32:26Z
Ugx0NfKXM7IkDq-wmiB4AaABAg,,False,@Lilixsunww,SHE'S SO PRETTY 💞,518,2025-01-29T07:32:25Z,2025-01-29T07:32:25Z
Ugx0NfKXM7IkDq-wmiB4AaABAg.ADsBKG-kW8kADsShjEBSJr,Ugx0NfKXM7IkDq-wmiB4AaABAg,True,@AccenDiveuu,Oha Türk buldumm,2,2025-01-29T10:04:19Z,2025-01-29T10:04:19Z
Ugx0NfKXM7IkDq-wmiB4AaABAg.ADsBKG-kW8kADt0f88Ka34,Ugx0NfKXM7IkDq-wmiB4AaABAg,True,@geraltcroft1875,"It always makes me happy to see GAEUL dancing with such energy.
She's pretty and talented.",8,2025-01-29T15:18:32Z,2025-01-29T15:18:32Z
Ugx0NfKXM7IkDq-wmiB4AaABAg.ADsBKG-kW8kADvbS8a8Y4c,Ugx0NfKXM7IkDq-wmiB4AaABAg,True,@asa4life4everr,For reall 🥹🥹,5,2025-01-30T15:27:09Z,2025-01-30T15:27:09Z
Ugx0NfKXM7IkDq-wmiB4AaABAg.ADsBKG-kW8kADwrKAjyoGU,Ugx0NfKXM7IkDq-wmiB4AaABAg,True,@쁘띠-pretty,Real,2,2025-01-31T03:05:07Z,2025-01-31T03:05:07Z
Ugx0NfKXM7IkDq-wmiB4AaABAg.ADsBKG-kW8kAEGSplwqvFG,Ugx0NfKXM7IkDq-wmiB4AaABAg,True,@lu_lu_ella,너무 예뿌다❤️❤️,1,2025-02-08T03:06:25Z,2025-02-08T03:06:25Z
UgzNX4YjRlPwPCwbE0h4AaABAg,,False,@minqwx_5,GAEUL IS SUCH A VIBE OUR DIVA ❤❤❤❤❤❤,407,2025-01-29T07:32:24Z,2025-01-29T07:32:24Z
UgxmxUPDNHw9nEtvdpx4AaABAg,,False,@뽀야._.12,가을이 넘 예뻐요ྉ!❤❤,13,2025-01-29T07:32:17Z,2025-01-29T07:32:17Z
Ugymn-DHC4yE4uS5Bvx4AaABAg,,False,@김서현-x6m,가을 언니 너무 예쁘다💗💗,1,2025-01-29T07:32:16Z,2025-01-29T07:32:16Z
Ugxoj6kUsSbQ-hYy6794AaABAg,,False,@Reyomi1,❤❤❤❤❤,0,2025-01-29T07:32:09Z,2025-01-29T07:32:09Z
UgyYbeUWIHyh34debCp4AaABAg,,False,@loveweeekly,"가을공주님은 역시 저의 영원한 파워에이드~!
오늘도 이쁜 영상 보내줘서 고마워요~!!",0,2025-01-29T07:32:07Z,2025-01-29T07:32:18Z
UgxM8wRIA2gS_9yv14J4AaABAg,,False,@Isa-la-d1ve,You’re so pretty ❤❤,10,2025-01-29T07:32:06Z,2025-01-29T07:32:06Z
UgxYvnuypd99GcbpJOd4AaABAg,,False,@reiwata5282,ガウルちゃん可愛すぎる🥰,50,2025-01-29T07:31:52Z,2025-01-29T07:31:52Z
UgzUAs3xLaQGWZkVX4Z4AaABAg,,False,@월클아이브세마넴,"와~ 내가 좋아하는 pop송인데ㅎㅎ
가을이가 커버해주다니 너무 좋다ㅎㅎ
심지어 너무 예쁘기까지 하다니 너무 좋다ㅎㅎ",0,2025-01-29T07:31:51Z,2025-01-29T07:31:51Z
UgxtQiNEzrunayo9iCR4AaABAg,,False,@Isa-la-d1ve,❤❤❤,0,2025-01-29T07:31:50Z,2025-01-29T07:31:50Z
UgwtYsjGqN_9yS9ibJ14AaABAg,,False,@이브-y2k,❤❤❤,0,2025-01-29T07:31:49Z,2025-01-29T07:31:49Z
Ugy2k3Gvg-yIwbxp4dV4AaABAg,,False,@쥬쥬예요,오늘 가을이 헤메코 진짜 내 스탈..,0,2025-01-29T07:31:42Z,2025-01-29T07:31:42Z
Ugw_OTqyReYht4xv6EV4AaABAg,,False,@M_hara2923,ガウルちゃん洋楽のダンス似合う！素敵💓,12,2025-01-29T07:31:42Z,2025-01-29T07:31:42Z
Ugy6paZ-lzqMEJi4Jv94AaABAg,,False,@김승진-v6y,핫걸🎉,0,2025-01-29T07:31:41Z,2025-01-29T07:31:41Z
UgybNm9AMKQyyl3daDZ4AaABAg,,False,@うめもん1107,可愛い😍,0,2025-01-29T07:31:38Z,2025-01-29T07:31:38Z
UgzmCFCtv0O_-CLmQTR4AaABAg,,False,@jude-bell,요새 가을이 미모 미쳤다,0,2025-01-29T07:31:35Z,2025-01-29T07:31:35Z
Ugw9uLCm8Lcvu-gP3AR4AaABAg,,False,@ceciliamark8789,EARLYYY,0,2025-01-29T07:31:33Z,2025-01-29T07:31:33Z
Ugy7SP6Gd4xHsxoO5PB4AaABAg,,False,@간지폭풍한태산0810,아 가을아 진짜 너무 이쁘다 ㅠㅠ,4,2025-01-29T07:31:33Z,2025-01-29T07:31:33Z
UgwuebmMsE8znlnovcR4AaABAg,,False,@mojjabsa,가을아 너무 예쁘다..ㅠㅠ🫶🏻🫶🏻,0,2025-01-29T07:31:29Z,2025-01-29T07:31:29Z
UgzbDg_CC72BW4WnBq94AaABAg,,False,@cuteanime9447,❤❤,0,2025-01-29T07:31:27Z,2025-01-29T07:31:27Z
UgzAQ1nQkD7hKmjhqbl4AaABAg,,False,@Enha4Life_23,Pretty Girl🥹,18,2025-01-29T07:31:26Z,2025-01-29T07:31:26Z
UgzAQ1nQkD7hKmjhqbl4AaABAg.ADsBD-ezXipAE-4YRaN3rE,UgzAQ1nQkD7hKmjhqbl4AaABAg,True,@hongseongeun2919,ㅇ❤🎉😊예뻐,0,2025-02-01T09:07:07Z,2025-02-01T09:07:07Z
UgzAQ1nQkD7hKmjhqbl4AaABAg.ADsBD-ezXipAE-4fmnCgOI,UgzAQ1nQkD7hKmjhqbl4AaABAg,True,@hongseongeun2919,이서애뻐 🎉❤,0,2025-02-01T09:08:15Z,2025-02-01T09:08:15Z
UgwrknG-KTEYnLBk8DV4AaABAg,,False,@TV2-ec6wv,가을 선배 사랑해!!!!!! 너무 예뻐♡♡♡♡❤❤❤,0,2025-01-29T07:31:25Z,2025-01-29T07:31:25Z
UgzsrWwrxVE0bt5nUax4AaABAg,,False,@mitaaaaaaja,First?,1,2025-01-29T07:31:22Z,2025-01-29T07:31:22Z
UgxV9j5-yBvi2wSzPkJ4AaABAg,,False,@콩이인데요,시크걸 가을선배🤟🕶️,0,2025-01-29T07:31:21Z,2025-01-29T07:31:21Z
UgwxZKHm2aRAHveiH154AaABAg,,False,@y.hs1x,헐 가을이면 당연히 번호 줄 수 잇어 😻,1,2025-01-29T07:31:18Z,2025-01-29T07:31:18Z
UgzRvZ9f24OpcMElVPN4AaABAg,,False,@Z.r_ro,미모 레전드 찍는중..,0,2025-01-29T07:31:12Z,2025-01-29T07:31:12Z
Ugwc_gSALfkuK8PkVAp4AaABAg,,False,@m_o____r_e4084,Gaeul ❤,31,2025-01-29T07:31:11Z,2025-01-29T07:31:11Z
Ugxpc4w7DmOFVL8noJB4AaABAg,,False,@토끼-LOVE,너무 예쁘당 ㅠㅠㅠ,1,2025-01-29T07:31:07Z,2025-01-29T07:31:07Z
UgwPcFUKGKBR0s996IF4AaABAg,,False,@XU_EUL,진짜 너무 예뻐 ..,1,2025-01-29T07:31:05Z,2025-01-29T07:31:05Z
UgyDnTS6g9mFzv2inA14AaABAg,,False,@Rainbow_friends725,일찍 와따ㅏㅏㅏ,1,2025-01-29T07:31:03Z,2025-01-29T07:31:03Z
UgwTAvmC60allVR-VKB4AaABAg,,False,@Lengfシ,넘 예쁜거 아니냐구 가을이 사랑해❤ 영원히 아이브에서 함께하쟈❤❤🎉,2,2025-01-29T07:31:01Z,2025-01-29T07:31:01Z
UgxFHMY_9lTns7bd7ch4AaABAg,,False,@AmIra_793,ثاني,0,2025-01-29T07:30:59Z,2025-01-29T07:30:59Z
UgwjdXydwxZWhqPEsqR4AaABAg,,False,@っくら,可愛い！,0,2025-01-29T07:30:57Z,2025-01-29T07:30:57Z
Ugz85UQwFSX6OgB0mLx4AaABAg,,False,@Cream.X_o,❤,0,2025-01-29T07:30:55Z,2025-01-29T07:30:55Z
UgxTTCOvP5AqBtvbnzl4AaABAg,,False,@ぶた-p1w,がうるさん！,0,2025-01-29T07:30:52Z,2025-01-29T07:30:52Z
UgyWKkF0Pb-QE5LLYW94AaABAg,,False,@Citra_Kayla5180,first!! anyeonggaseo gaeul eonnie ❤,1,2025-01-29T07:30:40Z,2025-01-29T07:31:18Z
UgxGxlHrLAtR_9gOafF4AaABAg,,False,@채린_chae,1빠!!,0,2025-01-29T07:30:40Z,2025-01-29T07:31:40Z
UgwCUWLyMqgiRPysA0F4AaABAg,,False,@ぶた-p1w,いちこめ！,0,2025-01-29T07:30:40Z,2025-01-29T07:30:40Z
UgzWnY4Gr6QZpxb0wHB4AaABAg,,False,@royal__camera,❤❤❤❤❤❤,0,2025-01-29T07:30:37Z,2025-01-29T07:30:37Z
Ugys3igG3zB4Wz_Qfit4AaABAg,,False,@푸주인데용,1빠,1,2025-01-29T07:30:36Z,2025-01-29T07:30:36Z
Ugys3igG3zB4Wz_Qfit4AaABAg.ADsB6ylJYkXAGHL_YLOsMo,Ugys3igG3zB4Wz_Qfit4AaABAg,True,@채아_내꺼임,추카드려욥🎉🎉,0,2025-03-30T04:25:04Z,2025-03-30T04:25:04Z
