comment_id,parent_id,is_reply,author,text,like_count,published_at,updated_at
UgyasVdlYZdlEXRqobB4AaABAg,,False,@optorocus,"안녕하세요
한국예술종합학교 조형예술과 12학번 황혜인입니다.
불의의 사고로 휴학 중 복학하지 못하다
논문 몇개에 참여하여 노벨상 기여를 했습니다.
현재 경원대학교의 미술기획자 황아람이란 사람이 저의 모든 논문과 프로포절을 훔쳐 노벨 평화상을 받은 것으로 보입니다. (니혼 히단쿄)
이는 게이 예능인 홍석천으로 제 이전에는 강유나 즉 모델 김민희님이 감옥에 잡혀가셨습니다. 하지만 둘은 결혼한 것으로 보입니다.

저는 현재 평생 미술, 피아노를 전공하며 그린 그림과 모든 악보 악곡 악기를 전부 빼앗겼으며(서울대 예비 영재원에서 피아노를 배우고 어릴 적 루돌프 사슴코라는 노래를 작사작곡해 캐롤로 음반데뷔를 했습니다) 부모 구본이, 황덕관은 저를 계속 모텔에 가둬 씨받이라며 학교조차 다니지 못하게 하고 매년 수능이나 미대입시를 보게 해 남에게 성적을 팔고 있습니다.

구본이 황덕관은 제 부모가 아닙니다. 혈액형이 다릅니다.
저는 어릴적 루돌프 사슴코라는 노래를 부른 동요가수입니다.
친부모님을 만나뵙고 싶습니다.

실례지만 시이나 링고라는 분의 데모곡을 들으니
어릴적 동요가 아닌 다른 데뷔준비를 또 했던 것이 기억납니다.

어릴적 저는 유복하게 자란 것이 기억나며 언제부턴가 서울대 뒤편 낙성대(주거환경개선지구 11블럭 7롯트), 쌍문동, 남양주 마석, 월산리, 묵현리, 녹촌리, 차산리, 창현리를 오가며 살았습니다.

어릴적 명동 레쥬메 매장에서 어머니가 자주 직원들과 얘기를 나누시던 것이 기억납니다

제가 누구인지 알고 싶습니다.

저는 천리안 아이디 gbl 에(http://user.chollian.net/~gbl) 유괴되었으니 도와달라고 홈페이지를 만든 적이 있습니다. 누군가 데이콤이나 천리안에 기록을 조회해달라 해주십시오.(최초 업로드시의 기록이 필요합니다)

아니면, 자살을 도와주실 분을 구합니다.
저는 여러번 자살기도를 했으나 아무리 자살을 해도 납치된 집안에서 계속해서 장기이식까지 해 살려놓고 애를 낳게 하고 프로그래밍에 조각을 시킵니다.

현재 기초생활수급자로 살고 있습니다.

저는 황혜인이라는 이름을 쓰고 있습니다.",0,2025-01-31T04:14:40Z,2025-01-31T04:14:40Z
UgyZpivwc18hs2C74i14AaABAg,,False,@Sweetiee9,Hyein randomly tie her hair with masks,1,2024-12-21T00:55:38Z,2024-12-21T00:55:38Z
UgyO-8uXjpU9JnaKViB4AaABAg,,False,@xanischai207,secret forest 💕💕,0,2024-12-10T20:55:40Z,2024-12-10T20:55:40Z
Ugw1aOBXNhnAjVGv1bF4AaABAg,,False,@yoyahanni,hyein paris girl 🎀🎀,0,2024-12-08T15:20:01Z,2024-12-08T15:20:01Z
Ugx8TUAmErREwEzJarp4AaABAg,,False,@MrMikhaere,막냉이 너무 귀여워~ ㅎㅎ,0,2024-12-08T14:06:27Z,2024-12-08T14:06:27Z
UgxG9428XB4rJLTMezh4AaABAg,,False,@oooq4900,3:21 바나나 뜯는거 너무 귀요워,1,2024-12-07T09:21:51Z,2024-12-07T09:21:51Z
UgxLlSuTcmwzLO4aTWl4AaABAg,,False,@Hypeboy0515,We need longer solo hyein vlogs 🐰,0,2024-12-05T03:40:54Z,2024-12-05T03:40:54Z
UgwpiAGUp7hb37_COWN4AaABAg,,False,@siannu_9944,Hyein is so pretty and so sweet😍💜,0,2024-12-04T00:53:26Z,2024-12-04T00:53:26Z
Ugyn8lzoiY37NYlXOlp4AaABAg,,False,@user-nt6pr4qx8f,귀여워 진짜,0,2024-12-03T02:56:18Z,2024-12-03T02:56:18Z
UgzrDNcHLqpQTl0jCRB4AaABAg,,False,@혠스터0,혠이 시작부터 얼빡 너무 예쁘다 ㅠ,0,2024-12-02T13:33:37Z,2024-12-02T13:33:37Z
UgzBPw944NdvuC7u0e14AaABAg,,False,@linouuvita,Cutiee,0,2024-11-29T13:04:45Z,2024-11-29T13:04:45Z
Ugybvk-AimYwrjd5izp4AaABAg,,False,@mipullmm,🥹🫶💜✨✨,0,2024-11-25T23:46:57Z,2024-11-25T23:46:57Z
UgxY0D9zZNex3pCKztN4AaABAg,,False,@shaimaabdulrahman8458,Baby Hyein❤,0,2024-11-23T09:47:04Z,2024-11-23T09:47:04Z
UgyFJFC7ViZNNtJBUQ94AaABAg,,False,@grapefruit_jamong,넘넘 귀엽고 이쁘고 사랑스럽고 또 멋있는✨애기혠💖사랑해,0,2024-11-22T14:22:04Z,2024-11-22T14:22:04Z
Ugx2sX53Yqwmtls3hMZ4AaABAg,,False,@nn_viv7.,오늘 배운 건 머리끈이 없을 때 마스크를 써보자는 거예요. 정말 효과적이에요.,1,2024-11-20T11:34:26Z,2024-11-20T11:34:26Z
UgxIZQyHTcdqT3IAiBl4AaABAg,,False,@givnnaf,She so cool and pretty and beautiful and cute 😭😭💗,0,2024-11-20T05:19:13Z,2024-11-20T05:19:13Z
UgxZksLcXLb_icPe9Il4AaABAg,,False,@다롤김,화장 지운 거 죵나 귀여웤ㅋㅋㅌㅌ,0,2024-11-19T16:11:30Z,2024-11-19T16:11:30Z
Ugym-9BE2596BQM_vZ94AaABAg,,False,@박씨아저씨-u6o,배배우님 진짜 친근하시네 ㅋㅋㅋ 카와이,0,2024-11-17T14:18:31Z,2024-11-17T14:18:31Z
UgxRriyu3g20aHJnUs14AaABAg,,False,@waterho4313,miss u hyein~,0,2024-11-17T09:17:57Z,2024-11-17T09:17:57Z
UgzG2LYRDumVRRS56FR4AaABAg,,False,@Tqn1shaaa.x,Hyein is soooo gorgeous ohmygod,0,2024-11-15T18:14:25Z,2024-11-15T18:14:25Z
UgzVwUizM9qyeK8R2jx4AaABAg,,False,@흰색-e7n,너무 예뻐,0,2024-11-15T17:54:31Z,2024-11-15T17:54:31Z
UgxWZOV_Fe4w4ezMVwN4AaABAg,,False,@rosilnex,TE AMO HYEIN ❤,0,2024-11-15T12:45:26Z,2024-11-15T12:45:26Z
UgwgAfEwoOlTWrtHXId4AaABAg,,False,@mujerconpantalonas,"Eres una chica muy adorable, cuando te veo sonreír y feliz soy feliz también <3",0,2024-11-15T09:04:26Z,2024-11-15T09:04:26Z
UgzbeKk_PFlwBjj-cDp4AaABAg,,False,@mujerconpantalonas,"Te quiero Hyein, me encanta verte tan feliz <3",0,2024-11-15T09:03:54Z,2024-11-15T09:03:54Z
Ugyp6zJCdWx0R7SYrOJ4AaABAg,,False,@mujerconpantalonas,"Hyen, te veías tan preciosa como siempre, hasta sin maquillaje te veías muy adorable <3",0,2024-11-15T09:03:48Z,2024-11-15T09:03:48Z
Ugy5zsr_bpEP0Rjv37B4AaABAg,,False,@felipsama1436,Maknae is so famous🎉🎉,0,2024-11-14T19:09:08Z,2024-11-14T19:09:08Z
UgxWrBvO0tCDFaGEoCt4AaABAg,,False,@MrJuliancitto,"Dios mio, hasta cuando esta agotadisima sabe posar como top model❤",0,2024-11-14T18:01:55Z,2024-11-14T18:01:55Z
Ugz6tLvXu63YRj24j2N4AaABAg,,False,@유꿘,💜💜💜💜💜💜,0,2024-11-14T13:19:28Z,2024-11-14T13:19:28Z
UgzbahN1v9a5XQoeEIJ4AaABAg,,False,@artificialstewpidity,3:17 teteh Suzy is dat u ?,0,2024-11-14T11:54:50Z,2024-11-14T11:54:50Z
Ugwj7FCuLbC7GkCXYMR4AaABAg,,False,@사나이-j4g,진짜 혜인이 엄청 이쁨,0,2024-11-14T11:42:29Z,2024-11-14T11:42:29Z
UgwLYw-Lykl1AAN-OFN4AaABAg,,False,@ieatfoodyay,the face mask as a hair tie is so real.,0,2024-11-14T05:31:56Z,2024-11-14T05:31:56Z
Ugzrx63hnJ8GQ3Jpm6Z4AaABAg,,False,@ieatfoodyay,Hyein you are very beautiful young lady you were born to be famous.,0,2024-11-14T05:31:00Z,2024-11-14T05:31:00Z
UgytvADjdwqVeWgcMpd4AaABAg,,False,@ausiel-q1j,MAKNAEEE❤❤❤❤❤,0,2024-11-14T03:18:03Z,2024-11-14T03:18:03Z
Ugzuq954RRgBGX4_onZ4AaABAg,,False,@JohnsonRoberto-m8f,쮝쮝. 혜인스터!,0,2024-11-13T15:48:52Z,2024-11-13T15:48:52Z
UgwWQSO4DeFcf074CJF4AaABAg,,False,@bsso7126,감성은 확실히👍,0,2024-11-13T14:36:25Z,2024-11-13T14:36:25Z
UgzEPDy2vz8bpy5Koo14AaABAg,,False,@oliviavenus8393,She kinda remind me of Suzy ! So pretty our hyein ❤,0,2024-11-13T11:22:29Z,2024-11-13T11:22:29Z
UgwIv7e9RHMaT2v9eql4AaABAg,,False,@カンカンヘリナ,3:28 😂,0,2024-11-13T11:03:39Z,2024-11-13T11:04:27Z
UgxKHB9Zshh2Yzyh2MF4AaABAg,,False,@littleasha1094,other members video got 20 minutes 😢……,0,2024-11-13T02:56:31Z,2024-11-13T02:56:31Z
UgxN4qJFWi2zzETdA514AaABAg,,False,@littleasha1094,its too short😩😒😒😒😒why only 6minutes？unfair to the beautiful girl and hyein‘s fans,0,2024-11-13T02:54:55Z,2024-11-13T02:54:55Z
UgyCZqE9wpzSz0sOuM54AaABAg,,False,@RinoUchida,わーーへいん可愛すぎるよ〜〜〜😭😭,0,2024-11-13T00:01:42Z,2024-11-13T00:01:42Z
Ugwog789rgy-qahFt4V4AaABAg,,False,@aaliyahkenzie,how many phones does this girl have 😂,0,2024-11-12T15:58:10Z,2024-11-12T15:58:10Z
Ugz4oiZ6GiuN8ZvQw4Z4AaABAg,,False,@NJZ_BNZ_0722,시강 빙키봉ㅋㅋㅋ혠아~세계 어딜가든 빙키봉이 늘 함께할거야!!!! 혠이짱👍,0,2024-11-12T15:53:57Z,2024-11-12T15:53:57Z
UgwNaWREgBhM2nivz_94AaABAg,,False,@Elihhhxvz,Hyein unnie💖✨,0,2024-11-12T15:28:52Z,2024-11-12T15:28:52Z
Ugw5gFsFkvjQQhkArBZ4AaABAg,,False,@발무웨웱씨,혜인아 너가 최고다 증말..,0,2024-11-12T13:11:58Z,2024-11-12T13:11:58Z
UgzmaL0P--D1TVdti3Z4AaABAg,,False,@yosiafranklin3761,❤❤❤❤❤❤❤❤❤❤❤❤,0,2024-11-12T11:34:19Z,2024-11-12T11:34:19Z
UgxZzOojVlkM0Gn_u6p4AaABAg,,False,@Loveempress2821,3:35 LV GIRLY ❤,0,2024-11-12T11:15:57Z,2024-11-12T11:15:57Z
UgyPsPDKUSp_MOYBWPV4AaABAg,,False,@Loveempress2821,2:36 😭😭,0,2024-11-12T11:14:39Z,2024-11-12T11:14:39Z
Ugy03TerU9lR-FT6gO14AaABAg,,False,@snortandfreckles,HYEINNN,0,2024-11-12T02:10:16Z,2024-11-12T02:10:16Z
UgziKunHbhClCu1dK5B4AaABAg,,False,@daisyrifleandscope,Watching the video gives me puffy eyes 😢 I just can't anymore 😢😮,0,2024-11-11T15:00:47Z,2024-11-11T15:00:47Z
UgzmrPnSiUa-zmTit8d4AaABAg,,False,@judeletitbe3780,"Hyeinaaaaaa!
You are so funny, awesome, lovely, beautiful girl ever!
I love you Hyeinaaaaaa!",0,2024-11-11T12:30:56Z,2024-11-11T12:30:56Z
UgzpkUUjbtnR0Ut_26F4AaABAg,,False,@starwhite7999,어도어야 영상 길이가 너무 느무 짧다;;;;;;;;;;;;;;;; 딴애들은 적어도 최소한 10~15분은 넘는데 이게 뭐니😢 장난하니 일해라 느그들 돈 받고 일하는거야,0,2024-11-11T04:11:50Z,2024-11-11T04:11:50Z
UgxzJjRtInjkaNT7S114AaABAg,,False,@Kattys_art,We love u Hyein 💜🆕👖✨,1,2024-11-10T17:29:16Z,2024-11-10T17:29:29Z
UgwsFCIN_yiO6ZVOPox4AaABAg,,False,@EyyCecii,Lee Hyein is so prettyyyy i love her,0,2024-11-10T16:30:42Z,2024-11-10T16:30:42Z
UgxqHJbN7uP04Upi7aV4AaABAg,,False,@aMiShA-p4w,(⁠◡⁠ ⁠ω⁠ ⁠◡⁠),1,2024-11-10T16:11:45Z,2024-11-10T16:11:45Z
UgyE1_QDhe25fwa34fd4AaABAg,,False,@TeRrY-z3v,난 혜인이랑 다니랑 넘치는 에너이가 너무 좋아,1,2024-11-10T04:04:17Z,2024-11-10T04:04:17Z
UgxCJyRJ5o0ocmyFBHV4AaABAg,,False,@지유나,내 눈 크기 2배 혜인 이렇게 예쁜줄 2년전엔 몰랏다,1,2024-11-10T03:53:35Z,2024-11-10T03:53:35Z
UgwSATb5hPfpkZ7ozwJ4AaABAg,,False,@팜하니사랑해-i6k,화장 지우고 나서 너무 애기얼굴 ㅎㅎㅎ❤ 혠이 눈 지이이이이이인짜 크다😮❤❤ 너무 이뽀,1,2024-11-09T15:44:57Z,2024-11-09T15:44:57Z
UgzU9CfmLr7EJuTnlK14AaABAg,,False,@SharonChen-sr5nk,"Hyein
I hope you can always maintain confidence,
I hope you know you are very beautiful,
I will always support you 💜💜",0,2024-11-09T14:19:08Z,2024-11-09T14:19:08Z
UgxPMtwjpH3YOdWYv9l4AaABAg,,False,@frikkin_hell2827,Kept this marinating so that I could enjoy watching it after assignment submissions,0,2024-11-09T13:30:19Z,2024-11-09T13:30:19Z
UgxY5b83pXBzcLZhvdZ4AaABAg,,False,@haffmy1426,Hyein is too adorable..glad that she had a great time in Paris❤,0,2024-11-09T13:29:15Z,2024-11-09T13:29:15Z
UgwXxGnbw3OAlD73fv94AaABAg,,False,@jinkychiba8364,I love Hyein ❤,0,2024-11-09T12:23:59Z,2024-11-09T12:23:59Z
Ugzly874GMhvm3Xx0D54AaABAg,,False,@fizz1060,이혜인 귀엽다,0,2024-11-09T11:53:12Z,2024-11-09T11:53:12Z
Ugwj2JiqFLl7YFmUs6l4AaABAg,,False,@jenniechan8743,❤,0,2024-11-09T11:49:47Z,2024-11-09T11:49:47Z
Ugy4h5FxwUcfl9NHmPJ4AaABAg,,False,@UbiAsmr,항상 응원합니다.,0,2024-11-09T10:46:23Z,2024-11-09T10:46:23Z
Ugyy3Y63Kix8x-WITn54AaABAg,,False,@user-ym4yd7rs8e,슈퍼 막내❤❤,0,2024-11-09T10:12:44Z,2024-11-09T10:12:44Z
Ugw33vtyzPx8ggZnfP54AaABAg,,False,@자유-t6j,개구쟁이 혜인아 너무 이뻐♥,0,2024-11-09T09:57:52Z,2024-11-09T09:57:52Z
UgygKsQCzZABH7L4Gxh4AaABAg,,False,@大西浩二-u6e,メンバーの中では、ヘインの顔が1番好き❤️,1,2024-11-09T08:44:30Z,2024-11-09T08:44:30Z
UgwhO23NHPOM3YlR2SV4AaABAg,,False,@roundy-round,5:29 그저 빛..,0,2024-11-09T08:32:20Z,2024-11-09T08:32:20Z
UgwhxmQxpbVWU5DcjqJ4AaABAg,,False,@Celinecoco-w1j,"Iwish Rora and Hyein can reunite together
love NewJeans, Love Hyein",0,2024-11-09T08:30:55Z,2024-11-09T08:30:55Z
Ugw5kQGAGsk_sAh7sdJ4AaABAg,,False,@Shokky30,Hyein is so adorable ☺️,1,2024-11-09T07:55:42Z,2024-11-09T07:55:58Z
UgwJmosIgomClWWTIO14AaABAg,,False,@bbbada,5:45,0,2024-11-09T06:52:24Z,2024-11-09T06:52:24Z
Ugwe7QBYPw45_ANHphZ4AaABAg,,False,@richardmendoza2651,❤❤❤,0,2024-11-09T06:46:38Z,2024-11-09T06:46:38Z
UgwBmHiBmeQBFxflhYx4AaABAg,,False,@iskipyourintro2139,Hyein Young & Rich,0,2024-11-09T06:28:57Z,2024-11-09T06:28:57Z
Ugyb3jiah_BUO8uEkox4AaABAg,,False,@1208han,혜인이 수고했다😂,0,2024-11-09T02:04:30Z,2024-11-09T02:04:30Z
UgyFUiz8lB53ht_YhVF4AaABAg,,False,@JH-oj4hw,혜인이 너무 너무 너무 이쁘당!!!!!!,0,2024-11-09T00:31:32Z,2024-11-09T00:31:32Z
UgwdOY9aUP7pzEBLJOt4AaABAg,,False,@kawany6283,hyein princess ❤,0,2024-11-08T23:08:21Z,2024-11-08T23:08:21Z
UgyMy1npsAUkau2q0vt4AaABAg,,False,@akwindy,Hyein 💜,0,2024-11-08T23:06:13Z,2024-11-08T23:06:13Z
Ugy7Dxnne4dYLE03bFl4AaABAg,,False,@trucjz2207,My maknae is so cuteeeee 😊❤️,0,2024-11-08T16:57:59Z,2024-11-08T16:57:59Z
UgwW2aoCr7MlDKYmLEF4AaABAg,,False,@머거밥,사랑해 혜인아 울 황금막내,0,2024-11-08T15:01:59Z,2024-11-08T15:01:59Z
UgwXpSTLyHxjFRwXJVF4AaABAg,,False,@rhngo0211,혜인나 나는 너가 너무 좋아 행복해야해 사랑해♡,0,2024-11-08T13:30:12Z,2024-11-08T13:30:12Z
Ugyr-nFFa194ZRDR2Qx4AaABAg,,False,@놀랐냥미안하다옹,오늘도 혠이 너무 예쁘당 ㅠㅠ,0,2024-11-08T11:06:50Z,2024-11-08T11:06:50Z
Ugxp5DS4O2yuEbs7iQN4AaABAg,,False,@cureyet,슈퍼스타가 되가는구나~~~~~,0,2024-11-08T10:40:48Z,2024-11-08T10:40:48Z
Ugxv7EqojVAHv2iM7-d4AaABAg,,False,@Tisson8891,🎉🎉🎉🎉🎉🎉🎉,0,2024-11-08T09:44:14Z,2024-11-08T09:44:14Z
UgyqxI_yrzitnZo-S1d4AaABAg,,False,@Nctjeans-n2m,Best Maknae,0,2024-11-08T09:35:44Z,2024-11-08T09:35:44Z
Ugx56b2aEVEmGf2WuL94AaABAg,,False,@kanchak0310,❤❤❤❤,0,2024-11-08T08:40:37Z,2024-11-08T08:40:37Z
UgwLHBHfc84xooLqlXt4AaABAg,,False,@HyeJung-ni7kh,"해인아!
홍해인!",0,2024-11-08T06:52:27Z,2024-11-08T06:52:27Z
UgwIq9H_CeBhb8UwywJ4AaABAg,,False,@olivera571,my life  💖,0,2024-11-08T03:37:16Z,2024-11-08T03:37:16Z
UgzRQ7aNpG33hoNGPNJ4AaABAg,,False,@scientificresearchnet2268,Hyein is always so beautiful! I love that she is very emotional with the bunnies 💕💗💖,0,2024-11-08T02:45:53Z,2024-11-08T02:45:53Z
UgxoFPTXNsaglqWEymB4AaABAg,,False,@마지막팬,"열심히 했다 혜인님 멋지다
건강하게 행복하게 활동하길",0,2024-11-08T01:13:10Z,2024-11-08T01:13:10Z
UgxBsOlreQ13nm4hhe54AaABAg,,False,@munexabdi4239,She is so pretty 😭💜💜💜,0,2024-11-07T23:38:56Z,2024-11-07T23:38:56Z
UgzNtP-uHB0tNMpfYFx4AaABAg,,False,@고파-p8p,우리 막내 ❤ 너무 귀엽다❤,0,2024-11-07T21:30:39Z,2024-11-07T21:30:39Z
Ugz1l9vKUjjcVQz0U9B4AaABAg,,False,@ainhoasalinassanchez3259,"HYEIN Y LAS DEMÁS MIEMBRAS DE NEWJEANS SON MUY LINDAS!
NEWJEANS Y BUNNIES FOREVER!
😍😍😍😍😍😍😍😍😍😍😍😍😍😍😍😍😍😍🥰🥰🥰🥰🥰🥰🥰🥰🥰🥰🥰🥰🥰🥰🥰🥰🥰🥰💙💙💙💙💙💙💙💙💙💙💙💙💙💙💙💙💙💙🤍🤍🤍🤍🤍🤍🤍🤍🤍🤍🤍🤍🤍🤍🤍🤍🤍🤍💖💖💖💖💖💖💖💖💖💖💖💖💖💖💖💖💖💖",0,2024-11-07T21:19:46Z,2024-11-07T21:19:46Z
Ugwd-m1eJj_qPpRX-Wl4AaABAg,,False,@PHILOsophiaaa,Im so shocked whenever i saw her barefaced huhu. Hyein you’re so pretty!,0,2024-11-07T20:44:55Z,2024-11-07T20:44:55Z
Ugy8brsEIS9oc11qFQJ4AaABAg,,False,@ЮлияМанзюк-и5н,our maknae is so cute and pretty. love this vlog🌺,0,2024-11-07T20:41:18Z,2024-11-07T20:41:18Z
UgyfS_TO2rivA7j1jmx4AaABAg,,False,@NB-lx6gz,Hyein is turning into an even more beautiful young lady <3 it's an honor to watch you grow up. you excel at everything.,0,2024-11-07T20:23:22Z,2024-11-07T20:23:22Z
UgxeQRbXPmLHujQK0w14AaABAg,,False,@gilangramadan8160,hyeinnnn❤❤❤,0,2024-11-07T19:22:27Z,2024-11-07T19:22:27Z
Ugwy-7ye_tIkjlnNxMl4AaABAg,,False,@Iam-naomi_xo,당신은 정말 예뻐요 💗💗,0,2024-11-07T15:48:49Z,2024-11-07T15:48:49Z
Ugxmjbk0wy0ohLSJim54AaABAg,,False,@아기토끼들,울 막내 헤어 너무 잘어울린다...ㅠㅜ 옷이 혠빨 받았네.. 여신이야 ㅠㅠ 혼자서도 잘노는 혜인 어린이💚 생얼도 너무 이쁨.. 이혜인 천재야.. 혜인이가 파리 찢었다💕 언니들 없어도 혼자 너무 잘하고 왔어❤❤,0,2024-11-07T13:35:38Z,2024-11-07T13:35:38Z
Ugw3Q-GbyhoJeVZWMsN4AaABAg,,False,@yongmengduck,아 넘 예뿌다,0,2024-11-07T12:25:25Z,2024-11-07T12:25:25Z
UgwlzmOMxTPSWtl3fxF4AaABAg,,False,@oksusu7503,She's so pretty,0,2024-11-07T12:16:59Z,2024-11-07T12:16:59Z
Ugy0ekiIg4kbOfVACKZ4AaABAg,,False,@exone896,💜💜💜,0,2024-11-07T11:34:47Z,2024-11-07T11:34:47Z
UgyTS-Yf9kGxsMhaHW14AaABAg,,False,@ug47channel,世界一,0,2024-11-07T11:15:28Z,2024-11-07T11:15:28Z
UgxC6Y9WZ1Z_CnrXcTZ4AaABAg,,False,@하울꿀,나이는 어리지만 어른스럽고!!! 의젓한❤  우리 뉴진스❤,0,2024-11-07T10:29:07Z,2024-11-07T10:29:07Z
UgyqNe2JN1E77P9aJ014AaABAg,,False,@평화-g7u,"막둥아 건강하자.
오늘도 이쁘다.",0,2024-11-07T10:11:49Z,2024-11-07T10:11:49Z
Ugwjx7i7Sz3lxB789bt4AaABAg,,False,@최현호-e3x,❤❤,0,2024-11-07T10:09:31Z,2024-11-07T10:09:31Z
UgzEXrQLI-N6Zie-c6F4AaABAg,,False,@tienphotographer,awww i wish she filmed what she did on her day off in paris! make them longer hyein!!!,0,2024-11-07T09:35:08Z,2024-11-07T09:35:08Z
UgyQ2_roVa42tnlqJ0B4AaABAg,,False,@S1mplyy_Evelÿn,Nice pfp + nice edit ❤,0,2024-11-07T08:48:05Z,2024-11-07T08:48:05Z
Ugyc5Pr5mnkDkEQWSix4AaABAg,,False,@Iise-raySwartz,💜,0,2024-11-07T08:41:00Z,2024-11-07T08:41:00Z
UgwLrfqcQaYcz3ws4Fp4AaABAg,,False,@aerikim33,아이돌 아니라 모델했어도 빌딩 세웠겠으,0,2024-11-07T06:50:05Z,2024-11-07T06:50:05Z
UgxflSgEkEjsGmC8htZ4AaABAg,,False,@김도민-f5r,혼자서도 씩씩하게 잘하는 혠 멋져☺️,0,2024-11-07T06:50:01Z,2024-11-07T06:50:01Z
Ugwcvu61zrqoumvRXQd4AaABAg,,False,@1208han,😊👍🏻,0,2024-11-07T06:08:12Z,2024-11-07T06:08:12Z
UgxcsSW-Ndp8cjDiWKt4AaABAg,,False,@soren-i4k,쉬는날 브이로그 안나온거 아쉽스ㅜㅜ 혜인이 텐션높은거 너무 귀여움ㅋㅋ,0,2024-11-07T05:30:21Z,2024-11-07T05:30:21Z
UgwyPFDo6eXrFKukPbx4AaABAg,,False,@hansy.8750,너무 이뿌다😍😍😍👍 화장지우니까 더 이뻐요. 반함❤❤❤,0,2024-11-07T04:43:04Z,2024-11-07T04:43:04Z
UgxahzvqugMPTw4Guvh4AaABAg,,False,@Dnmrsh,Hyein eres muy guapa! 😭❤️❤️💓,0,2024-11-07T04:35:33Z,2024-11-07T04:35:33Z
UgwjmbqFrgxIjnnFI914AaABAg,,False,@Heartor_,녹초가 되..,0,2024-11-07T03:33:51Z,2024-11-07T03:33:51Z
UgzANJuQEG4JUQgvHod4AaABAg,,False,@쇼코-s4e,4:42 ❤혠스터 카메라 박치기❤,0,2024-11-07T02:28:14Z,2024-11-07T02:28:14Z
UgwFuVxaT-Trbt64zbl4AaABAg,,False,@redj59,Those nails are awesome❤❤❤❤❤,0,2024-11-07T02:16:43Z,2024-11-07T02:16:43Z
Ugzo4UEClCwOYKkc2p54AaABAg,,False,@혜리김-l5q,3.54에 팜하니 준비 갈 완료 생각난건 나 만 있나?,0,2024-11-07T02:16:28Z,2024-11-07T02:16:28Z
UgzWBW2jMeFUbEG8EUd4AaABAg,,False,@Abimaknae,Que hermosa que se está volviendo más de lo que es ❤💜😻,0,2024-11-07T01:26:12Z,2024-11-07T01:26:12Z
Ugy5V5dN6NkzpbWcwjp4AaABAg,,False,@lasttrainhome8268,아이고 구여워 으어 나죽는다 근데 혜인아 오빠 닮았구나,0,2024-11-07T00:59:56Z,2024-11-07T00:59:56Z
UgzEI-NgWc9Rlf5fx014AaABAg,,False,@Lee_tex,My girl!!,0,2024-11-07T00:43:26Z,2024-11-07T00:43:26Z
Ugw3KirxUOlOvl0SDHJ4AaABAg,,False,@Thayyllaa,Love you Hyein❤,0,2024-11-06T23:59:43Z,2024-11-06T23:59:43Z
UgwPMUydmecOeecmRhJ4AaABAg,,False,@Wook12345,안경쓴거 오빠랑 존똑이네...,0,2024-11-06T23:54:00Z,2024-11-06T23:54:00Z
UgxL1-CTx1R-p-_o2nZ4AaABAg,,False,@mari-wk7rq,🐰🐰🐰🐰,0,2024-11-06T23:24:23Z,2024-11-06T23:24:23Z
UgwS1SDh7utctbe71vN4AaABAg,,False,@cucumber229,"Hyein is seriously so cute and lovely, especially when she screamed after taking pictures with the actress Bae Doona so cute and relatable.
i enjoyed watching this vlog so much, Hyein i hope you do well and continue to feel love and happiness into your heart always 💕",8,2024-11-06T23:06:58Z,2024-11-06T23:06:58Z
Ugz1FjNcMh8r9_lZV5R4AaABAg,,False,@cucumber229,"I just finished my studies for today and wanted to watch Hyein Vlog as a prize for myself tonight. Thank you Hyein for being who you're, let's continue to go forward together from now on ꒰⁠⑅⁠ᵕ⁠༚⁠ᵕ⁠꒱⁠˖⁠♡",1,2024-11-06T23:00:03Z,2024-11-06T23:00:03Z
UgwYrAL81ZuIX7xA8xV4AaABAg,,False,@Itz_molly10,혜인이는 예뻐요🤍,0,2024-11-06T22:26:00Z,2024-11-06T22:26:00Z
UgwwD7rhfC6MlQfp8M94AaABAg,,False,@munexabdi4239,🩵🐹🐹🪽🪽,0,2024-11-06T22:23:13Z,2024-11-06T22:23:13Z
UgznPXEY49fWpEgbtK94AaABAg,,False,@munexabdi4239,💜🪽💜,0,2024-11-06T22:22:51Z,2024-11-06T22:22:51Z
UgyEoGdDyZgg9ysM5SF4AaABAg,,False,@munexabdi4239,I love you my younger sister 🪽💜,0,2024-11-06T22:21:47Z,2024-11-06T22:21:47Z
UgwQKrmumI8Y9pXyqqF4AaABAg,,False,@Betto-meer,Hayyn i love uu😭💜💜💜💜💜💜💜💜💜💜💜💜💜💜💜💜💜💜💜,1,2024-11-06T21:38:44Z,2024-11-06T21:38:44Z
Ugz3zH8dzsxKuP7QO_x4AaABAg,,False,@leesanghong80,dk7a,0,2024-11-06T21:37:15Z,2024-11-06T21:37:15Z
Ugw6i7ipM2yXtcC-Gsx4AaABAg,,False,@Beautyxxly,NEWJEANS NEWJEANS i have a QUESTION in 2023 ban heesoo and ban jiyeon MAKE A CHANNEL?,0,2024-11-06T20:35:53Z,2024-11-06T20:35:53Z
UgzFTg-8jbV0Eu_S-aR4AaABAg,,False,@SaripudinMonstiez,Hyein X rora 💗,0,2024-11-06T20:33:55Z,2024-11-06T20:33:55Z
UgylyBCFx-6kmrvmxz94AaABAg,,False,@love_NZX,"なんか最近、日本のTV番組で竹内まりやのプララブの特集番組が放送されるのが流行ってるみたいです。いくつか観ました。韓国人のDJが世界で流行らせたって説明してた番組があったんだけど、「いや、絶対、HYEINでしょ‼︎HYEINが東京ドームで歌ってくれたから、日本中でプララブが認知されたんだよ」って思ってます。なぜなら、東京ドームでHYEINがプララブ歌ってる時、オーディエンスの人達、一緒に歌ってなかったから。知らなかった証拠。MINJIの踊り子は女子オーディエンスがアルトで歌ってたもん。そんで、Hanniの青い珊瑚礁はおじさん達がトチ狂ったように一緒に歌ってましたから。だから、HYEINが東京ドームでプララブを歌ってくれたから、日本はプララブを知りました。ありがとう！HYEIN♡どの番組もHYEINのこと一瞬だけしか紹介されてなかったんですけど、なんとな〜く、どの番組もHYEINについてもっと説明したい、みたいな空気は感じた。観てるこっちも「竹内まりやとHYEINの共演は⁈ないの⁈」って、モヤモヤした気持ちを抱きました。なんにせよ、HYEIN、プララブを歌ってくれて、どうもありがとう☆日テレだっけ？歌番組でも歌ってくれて。それも良かったですよ〜♪プララブのM/Vみたいな動画をHYEINが主役で作って欲しいです。簡単な映像でいいので、このチャンネルで公開してほしいです。
HYEIN、辛い事や苦しい事があったら、プララブのM/Vを観て、恋もゲームだし、人生もゲームだと思って、肩の力を抜いて日々を送ってください。日本ではプラスティック・ラブをプララブと言います……言わん言わん言わん🙊HYEIN、がんばってね✴︎応援してるよん★",1,2024-11-06T20:21:34Z,2024-11-06T20:21:34Z
UgyUvjW3CUgJ0GqUMUJ4AaABAg,,False,@curlcrush,완성형 아이돌,0,2024-11-06T19:36:58Z,2024-11-06T19:36:58Z
Ugw49thF3Ow9E9rt2j14AaABAg,,False,@잠만잘래,혠이 최고의 햄스터야,1,2024-11-06T16:03:49Z,2024-11-06T16:03:49Z
Ugy_yzjGSdk7KBG35CR4AaABAg,,False,@콧물방울,혜인이 착장 멋있오..🥰,0,2024-11-06T15:39:30Z,2024-11-06T15:39:30Z
UgytYBNOKrbXHz8TCkZ4AaABAg,,False,@yimo1646,awwwwww so cute my baby hyein,0,2024-11-06T14:59:41Z,2024-11-06T14:59:41Z
UgztTuO2KdLOfkFQHod4AaABAg,,False,@kirakiramika1,이쁘고 귀여운 울 막냉이💜💜💜💜💜,0,2024-11-06T14:53:54Z,2024-11-06T14:53:54Z
UgyRmK6S2gXJBl6wh1R4AaABAg,,False,@Kukumi-y8u,本当に私と同い年なのか？というくらいにいい意味で大人びてて大好き💜,0,2024-11-06T14:08:46Z,2024-11-06T14:08:46Z
UgyYpR0-Mmi3EdoZRtl4AaABAg,,False,@user-pc1wg7bv8r,혜인아 너무너무 사랑해,2,2024-11-06T13:38:51Z,2024-11-06T13:38:51Z
Ugw0wyGV3rfcpItou2h4AaABAg,,False,@다다-w1x6e,예뻐. 이혜인!!❤,1,2024-11-06T13:14:22Z,2024-11-06T13:14:22Z
Ugz0P40D7eg8K7OFMYV4AaABAg,,False,@Thayla2009,Linda ❤,0,2024-11-06T12:37:03Z,2024-11-06T12:37:03Z
UgxR3f8rKAaXeGdEfk14AaABAg,,False,@KesumaNingrumHamidi,5:49 exhausted with style 😅😂,1,2024-11-06T12:10:50Z,2024-11-06T12:10:50Z
UgwQqNuqe5WA5P7OW2t4AaABAg,,False,@kenzamez6171,❤❤❤ hyein the it girl,1,2024-11-06T11:50:33Z,2024-11-06T11:50:33Z
UgyVIAaqU1pePRGMYlp4AaABAg,,False,@우비1004,💜,2,2024-11-06T11:26:41Z,2024-11-06T11:26:41Z
UgxywyDpeEfbPP9VTjl4AaABAg,,False,@Newj-s5c,❤❤❤❤❤,2,2024-11-06T11:04:22Z,2024-11-06T11:04:22Z
UgxE8UW1NQjuzj6blCl4AaABAg,,False,@bluemoon77479,연말 또 일본에서 보내냐? 한국팬 버렸어?,4,2024-11-06T11:02:27Z,2024-11-06T11:23:03Z
UgyYXa3mq10WlVca_CZ4AaABAg,,False,@bustdetector1738,Protect the Maknae at all costs please. 🙏,2,2024-11-06T10:56:53Z,2024-11-06T10:56:53Z
Ugxg2MPsiJnosWDncot4AaABAg,,False,@eunjinjang7954,저때 맘고생많이해서 볼살 다 빠져보이던데... 퓨퓨퓨~~🪸🪸🪸,2,2024-11-06T10:23:47Z,2024-11-06T10:23:47Z
UgyNI76FAtG6bqVkEIl4AaABAg,,False,@kingston4313,Hyein u pretty girl!!!!,3,2024-11-06T09:47:21Z,2024-11-06T09:47:21Z
UgwTGvSfJom92C3IIN14AaABAg,,False,@Andimprettytipsy,is that old,0,2024-11-06T09:28:31Z,2024-11-06T09:28:31Z
UgyRVb5Ng2suAyw76Ut4AaABAg,,False,@이서원-s1b,이혜인누나 사랑해 항상 응원해!! 화이팅 💜,5,2024-11-06T09:10:00Z,2024-11-06T09:18:30Z
UgyXPdDQBMAP_fiB8Al4AaABAg,,False,@José_Fajardo34,Baby Hyein,2,2024-11-06T08:36:23Z,2024-11-06T08:36:23Z
Ugx64nkrlKQrCmYsqiR4AaABAg,,False,@k.shinmachi,"Hello！
I also like Hyein’s natural face with her makeup removed.
ヘインのメイクをおとしたナチュラルなすがおもすきです。
(+_+) Tired poses are also the best. 
(+_+) ヘトヘトなポーズもさいこうです。
That was also a piece of work. 👍
あれも一つのさくひんでした。👍
Ken 17:03 24/11/6 JPN",3,2024-11-06T08:03:11Z,2024-11-06T09:31:21Z
UgxgIk3aSUolWC_9k9V4AaABAg,,False,@YootubeSucksDip,She was there to cheer on Keria at worlds!,3,2024-11-06T07:52:55Z,2024-11-06T07:52:55Z
UgxA7FteSb_8dRuq1Yh4AaABAg,,False,@Sjiys,❤❤❤,3,2024-11-06T07:50:40Z,2024-11-06T07:50:40Z
UgwlIRHwztf-odezOGZ4AaABAg,,False,@HHoly_jesus,"*B
    ä
'n .'",0,2024-11-06T07:16:17Z,2024-11-06T07:16:17Z
Ugw4BOPkXBySlP-GzRh4AaABAg,,False,@Alice၄၃,I'm french that' so cool that you are in Paris❤,3,2024-11-06T06:54:27Z,2024-11-06T06:56:09Z
UgxUg-lxUs0CbREtOf14AaABAg,,False,@RosemarySummer-c7u,ยัยน้องเปิดอีพีมาซะเหงาเลย พี่น้ำตาซึมเลยนะ 😢 5คนอบอุ่น 🐰,5,2024-11-06T06:43:57Z,2024-11-06T06:43:57Z
Ugy53R0O8GZ9h0AAkB14AaABAg,,False,@PATHPASS,"혠이 볼때 어느샌가 잇몸만개로  웃게돼.
너무 귀엽다 💜",2,2024-11-06T06:37:47Z,2024-11-06T06:37:47Z
UgzBQv-RphxqLUlaLBh4AaABAg,,False,@pokerface_senorita,Your eyes😚🥰,2,2024-11-06T06:07:34Z,2024-11-06T06:07:34Z
UgwmeAg207qfLkAkHUB4AaABAg,,False,@faradilamaris783,Hyein cuties🦫💖,3,2024-11-06T06:06:27Z,2024-11-06T06:06:27Z
UgxNg2pTf5UYxmoRZhx4AaABAg,,False,@khc8800,She’s fast becoming my favorite. I hope she stays innocent.,2,2024-11-06T06:03:41Z,2024-11-06T06:03:41Z
UgwRymZUgUc4DX8ShIV4AaABAg,,False,@yayyyyy3783,Before or after make up our Hyein still look the same~ so pretty,1,2024-11-06T06:01:54Z,2024-11-06T06:01:54Z
UgzHj2A_dLa8ZlGqbwF4AaABAg,,False,@lovleylovley99,LOVE YOU HYEIN♥♥,2,2024-11-06T05:23:15Z,2024-11-06T05:23:15Z
UgwtColnQVfDXEJjYnx4AaABAg,,False,@lovleylovley99,hyein is an amazing model😭,0,2024-11-06T05:22:24Z,2024-11-06T05:22:24Z
UgxwNFzDgnkUENqyLcx4AaABAg,,False,@준하-l3c,천ㅅㅏ...,0,2024-11-06T05:16:04Z,2024-11-06T05:16:04Z
UgwD9qQ11kViHHgld2J4AaABAg,,False,@Tube-nz4zo,오와 혜인이 또파리가서 혼자 브이로그 찍었어요? 차탔는데 평소에 맴버들도 같이 있어야될차에 혼자타서찍고 네일도 존예고 안경쓰니깐 더멋있고 어른스럽네요 4:02역시 파리건물 멋있네요 무대바닥도 이쁘고 배두나님도 만나서 사진찍다니! 피라미드도 있네요ㅋㅋ 팬들은 겁나 소리지르고 난리네요ㅋㅋ 혜인혼자 그런델가다니 부럽네요,0,2024-11-06T05:13:21Z,2024-11-06T05:13:21Z
Ugy_EN9b4YkMitVth7V4AaABAg,,False,@luck4clover,"혜인이 미모 미쳤다 화장 지우는게 이리 예쁠일인가,,",1,2024-11-06T05:02:30Z,2024-11-06T05:03:26Z
UgwVk4G-z-nAl_GUHOh4AaABAg,,False,@Mandoo198,이혠 사랑해❤❤,0,2024-11-06T04:58:27Z,2024-11-06T04:58:27Z
UgzjJUC0_5z7KPTGri14AaABAg,,False,@BunnyBoo44,Hyein is the best she’s so gorgeous and extremely talented,1,2024-11-06T04:56:43Z,2024-11-06T04:56:43Z
UgxsUBTWHtqu9kbSbdR4AaABAg,,False,@annyeonghasenew,You worked hard hyein! 💪💅,0,2024-11-06T04:49:06Z,2024-11-06T04:49:06Z
UgxO06Xt4NPaE6-OsQB4AaABAg,,False,@Kangky8466,어쩜 사람이 이렇게 사랑스러워 이혜인!,3,2024-11-06T04:48:53Z,2024-11-06T04:48:53Z
UgxA3JwVt7cTrDwWHl94AaABAg,,False,@eunjinjang7954,5:46 ㅋㅋㅋㅋㅋㅋㅋㅋㅋㅋㅋㅋㅋ,2,2024-11-06T04:41:30Z,2024-11-06T04:41:30Z
UgxYHzMQ1XOqa1zlC_R4AaABAg,,False,@happymsing,울막둥이 쫌 많이 이뽀다? 나랑친구할뤠? *_*,0,2024-11-06T04:37:14Z,2024-11-06T04:37:14Z
UgzRkmdNja2RB6I-kSJ4AaABAg,,False,@hedwegg,"🗼🔥Let's Play!🔥🗼Paris, [Everything💧or💧Nothing]!🗼🔥
🫖[Tea to Sip]!🍪[Cookies to Crumble]!☕[Cups to Fill]!🍩Donuts to ❤!
🫖🍪☕🍩Everything's❤Assortment!🍩☕🍪🫖
🗼🔥Paris, ""Everything or Nothing""!🔥🗼Great job, young lady!🍿🧂🍔",1,2024-11-06T04:22:12Z,2024-11-06T22:36:15Z
UgxMZgSWBHzuUaTTa694AaABAg,,False,@adeladelia-c1m,We love hyein❤❤,0,2024-11-06T04:19:29Z,2024-11-06T04:19:29Z
UgwwjF6ZgqIeCAseDiB4AaABAg,,False,@user-ye3zj9lc4d,우리 혜인이 넘 예쁘고 귀엽고 멋있어❤❤❤,3,2024-11-06T04:18:59Z,2024-11-06T04:18:59Z
Ugw0_UeL6eInOVxf3UJ4AaABAg,,False,@jfsa8946,❤😘,0,2024-11-06T04:12:40Z,2024-11-06T04:12:40Z
UgxUgM8kaAWVAKYp00h4AaABAg,,False,@summero,혜인이 진짜 최고의 막내,0,2024-11-06T03:56:02Z,2024-11-06T03:56:02Z
UgwrhaOOA50dBYv1s_t4AaABAg,,False,@hyein1245,hyein 🫀🦋I love you so very much,0,2024-11-06T03:27:26Z,2024-11-06T03:27:26Z
Ugz391Q3YHA0sOROOTB4AaABAg,,False,@karlasilva1353,Mi mujer,0,2024-11-06T03:20:05Z,2024-11-06T03:20:05Z
UgzvDg1WG_exgvCtkmh4AaABAg,,False,@1208han,응원해요 혜인,0,2024-11-06T03:06:33Z,2024-11-06T03:06:33Z
UgzKNIQK3DQxPk-gPE54AaABAg,,False,@lev10000hp,화장 지우니까 소녀소녀 하구나,0,2024-11-06T03:01:21Z,2024-11-06T03:01:33Z
UgyHpcDYkPhmHU2m-uZ4AaABAg,,False,@fuorever,0:19 & 0:35 NEVER split these girls away from eachother. my family.. i love them🥹,0,2024-11-06T02:42:42Z,2024-11-06T02:42:42Z
UgzIVSF0xk_SdY-pxJF4AaABAg,,False,@fuorever,i hope our princess enjoyed the fashion show!!! 🥹🥹🥹,0,2024-11-06T02:41:43Z,2024-11-06T02:41:43Z
UgyMukNFlv_GfQUC35h4AaABAg,,False,@rr28youtube,"Hyein's vlogs are too short lately, hopefully there will be more content about Hyein in the future..please",0,2024-11-06T02:19:52Z,2024-11-06T02:19:52Z
Ugzp5qeKkP8wwE0tBf14AaABAg,,False,@ssupershyy,"te amo mucho, princesita",0,2024-11-06T01:52:10Z,2024-11-06T01:52:10Z
UgyyT-Sw_uKHiP5zDRp4AaABAg,,False,@RobisonSantos9005,💜💜💜,1,2024-11-06T01:43:09Z,2024-11-06T01:43:09Z
UgxESwceGJx7cPtX9gZ4AaABAg,,False,@wolf-from-tambov,"У Хэин милая, добрая красота. А ещё она хороший человек.",0,2024-11-06T01:33:28Z,2024-11-06T01:33:28Z
UgwqhvAPTWJT67E40xx4AaABAg,,False,@ana.fe-mailprofissional4020,I wish I could see it up close one day. 🥺,0,2024-11-06T01:32:59Z,2024-11-06T01:32:59Z
Ugx2Ja0uSIPKFwUX5rF4AaABAg,,False,@ana.fe-mailprofissional4020,I love how she's a professional in her poses but when no one's looking she's just a shy baby. 😭,1,2024-11-06T01:32:06Z,2024-11-06T01:32:06Z
UgzO-sttXa7xx9IdhAh4AaABAg,,False,@ana.fe-mailprofissional4020,wow i say WOW HOW CAN SHE BE SO BEAUTIFUL?,0,2024-11-06T01:30:56Z,2024-11-06T01:30:56Z
UgzuhtuzYIrIUCFpBPR4AaABAg,,False,@staybunnies-b9q,"the way she turned into a gorgeous mature model to a cute baby after taking off her makeup, shes so adorable",3,2024-11-06T01:14:33Z,2024-11-06T01:14:33Z
UgxeokFs6GmilUwafEF4AaABAg,,False,@kikiyu-e6e,혜인이 우리도 루이비통 쇼에 데려가고 고마워!,1,2024-11-06T01:11:13Z,2024-11-06T01:11:13Z
UgwCb6QZBqzV3wTwRv54AaABAg,,False,@Bunnies-2265,5:04 trời nhỏ hyein bth trầm tính nay hét ghê z 😂,0,2024-11-06T01:09:51Z,2024-11-06T01:10:36Z
Ugx8xMVhz3CVDl7Oip14AaABAg,,False,@Mikezege-g9b,"NEW JEANS FLY BUSINESS CLASS TO EUROPE
SSERAFIM RIDES GREYHOUND BUS TO NYC
ILLIT RIDES DONKEYS... CAUSE THEY LOOK LIKE ONE",0,2024-11-06T00:56:51Z,2024-11-06T00:56:51Z
Ugy61Svr-RHGDPHpX3p4AaABAg,,False,@njz_forever,깨발랄 막냉이 ~~  보고있으면 인터넷 공간에서 딸키우는 기분 ㅋㅋ,0,2024-11-06T00:44:03Z,2024-11-06T00:44:03Z
UgzyaMBwA0oQms5hS514AaABAg,,False,@강냥냥의브라운노이즈,"3:28 혜인아 오ㅃㅏ달ㅁ,, 농담이구 파리에서 너무 시간 잘 보낸거 같고 귀엽다,,🙉 오늘부터 추워지니까 감기 조심해!🐹🍂🤎",3,2024-11-06T00:30:30Z,2024-11-06T00:43:45Z
Ugyvz7iy4lB4d2XG5tx4AaABAg,,False,@kjhgf-42tr,💜💜💜💜💜,1,2024-11-06T00:15:52Z,2024-11-06T00:15:52Z
UgyAHgO-Oi--KoHcptV4AaABAg,,False,@EleanorAvenue,is our maknae going to be the next ladybug? ❤,0,2024-11-05T23:52:24Z,2024-11-05T23:52:24Z
Ugxu17wrDVZTiyfaOtJ4AaABAg,,False,@DalgonaDalguna,막둥이 미모 나날이 갱신하네,0,2024-11-05T23:42:18Z,2024-11-05T23:42:18Z
UgzTfRbQXFB-m8ueETF4AaABAg,,False,@강아지귀여운-t9m,❤❤,0,2024-11-05T23:41:05Z,2024-11-05T23:41:05Z
UgxDqCguu4dHDVtjNZ14AaABAg,,False,@강아지귀여운-t9m,아!! 이혜인,0,2024-11-05T23:40:44Z,2024-11-05T23:40:44Z
UgxXWPvvBT5GOsLja454AaABAg,,False,@연필-q1l,이뻐 이뻐~,1,2024-11-05T23:37:00Z,2024-11-05T23:37:00Z
UgxX-iTTUmSlUkSYWcF4AaABAg,,False,@zxcmmcxz,아 진짜 너무 귀여워서 보는 내내 잇몸말라,0,2024-11-05T23:33:56Z,2024-11-05T23:33:56Z
UgzoIxkg6OmqCc8jDrp4AaABAg,,False,@Mrs_Ditto,"Thanks Hyein, i love you sm 💜",0,2024-11-05T23:27:47Z,2024-11-05T23:27:57Z
UgxLOlPORq093D-59914AaABAg,,False,@andreesteves2,Go Hyein!!!,0,2024-11-05T23:23:20Z,2024-11-05T23:23:20Z
UgwC7_Hlou0zdhjNZPh4AaABAg,,False,@lizzyoregel5841,Top model,1,2024-11-05T23:07:20Z,2024-11-05T23:07:20Z
UgwxVb_gtNOo3vvlneh4AaABAg,,False,@lizzyoregel5841,"Gracias por tanto, siempre apoyandolas",1,2024-11-05T23:07:08Z,2024-11-05T23:07:08Z
Ugz5_1LkC_fGNwcg-654AaABAg,,False,@lizzyoregel5841,Fighting Queen it girl,1,2024-11-05T23:06:29Z,2024-11-05T23:06:29Z
Ugxn8iWyNg_uej2RS_14AaABAg,,False,@lizzyoregel5841,We love you Hyein,1,2024-11-05T23:06:10Z,2024-11-05T23:06:10Z
UgzRm0sdqBQ2d-1-ZJh4AaABAg,,False,@lizzyoregel5841,Muchas felicidades por tus éxitos hermosa,1,2024-11-05T23:05:58Z,2024-11-05T23:05:58Z
UgyT1skO-W9b8n1I1t54AaABAg,,False,@땅콩잼-v9b,혜인이 너무 예쁘당,10,2024-11-05T22:49:55Z,2024-11-05T22:49:55Z
UgxmIeT6S3UPry8SDvF4AaABAg,,False,@윰찌기,지디노래 챌린지해줘~~!!,0,2024-11-05T22:37:42Z,2024-11-05T22:37:42Z
UgyjcYVGtBqFen90bOd4AaABAg,,False,@subinee-0115,혠이💜🥰,0,2024-11-05T22:25:55Z,2024-11-05T22:25:55Z
UgyGdLiFRsb6cc-qKoV4AaABAg,,False,@Chessy_ss,"Only six mins, how dare u😡",0,2024-11-05T22:00:03Z,2024-11-05T22:00:03Z
UgyUlgY8T7oX4hS2Cdd4AaABAg,,False,@李俊浩-t9s,最愛的時尚女孩李惠仁,0,2024-11-05T21:52:48Z,2024-11-05T21:52:48Z
Ugz_zgK9GrO496y99lN4AaABAg,,False,@Omggg287,I love you my girllll,2,2024-11-05T21:34:24Z,2024-11-05T21:34:24Z
Ugw7O6pXIHSDHXxhLPJ4AaABAg,,False,@mjpak2287,❤❤❤❤❤,0,2024-11-05T21:33:02Z,2024-11-05T21:33:02Z
Ugwvs18TI1YcPJmgO494AaABAg,,False,@iluv_choihyunwook,ayooooo hyeinnn,1,2024-11-05T21:24:58Z,2024-11-05T21:24:58Z
UgzPnWDfyCKefmUykEV4AaABAg,,False,@valmirsilvadossantossantos5601,🇧🇷🌎🇰🇷😀🌹❤,0,2024-11-05T20:50:30Z,2024-11-05T20:50:30Z
UgxWBFouDs49usC4G6J4AaABAg,,False,@katflyss,solo a hyein le queda genial esa ropa porque es una hermosa maknae,2,2024-11-05T20:37:58Z,2024-11-05T20:37:58Z
UgyQ3ouXuxwkPBUgkTV4AaABAg,,False,@wilsonst6044,4:36 she stand there. if this is a full portrait. she look even better.,1,2024-11-05T20:14:27Z,2024-11-05T20:14:27Z
UgxJwDx6ES0lEdp25mJ4AaABAg,,False,@iconesjeans,Por que os vlogs da Hyein são tão curtos? Acabou tão rápido.,1,2024-11-05T20:12:57Z,2024-11-05T20:12:57Z
UgxE31mVO4KNEQeruGJ4AaABAg,,False,@biancaanghel4179,3:30 hyein looks like Jin and Sunoo combined,0,2024-11-05T20:06:04Z,2024-11-05T20:06:04Z
UgwNinAj7z6j6vRX3gd4AaABAg,,False,@mariasolemalvaso7658,Stan new jeans Always,0,2024-11-05T19:59:23Z,2024-11-05T19:59:23Z
UgwYWDhFyZvHs_eruvp4AaABAg,,False,@thenorthstars2210,"Our Pickle gets to sit in the front seat so the members can watch over her.
They go out of their way to keep her safe and secure.",0,2024-11-05T19:46:35Z,2024-11-05T19:46:35Z
UgwnODyy4VHFHs4l2kN4AaABAg,,False,@커여운나,버니즈 귀여워하는 혠이 오ㅏ이리 귀여워,0,2024-11-05T19:31:29Z,2024-11-05T19:31:29Z
UgwhGCLgoCxN5qPrSnp4AaABAg,,False,@커여운나,혠찌 왜이리 귀여워 쌩얼이 뽀실뽀실해 아악 좀만더보여줘,0,2024-11-05T19:29:18Z,2024-11-05T19:29:18Z
Ugy9Xvw-zM59mVqtS7F4AaABAg,,False,@diehappy125,I've never seen a banana come in a bag. That was so wild.,0,2024-11-05T19:09:00Z,2024-11-05T19:09:00Z
UgwTg__zU3apfQk_1Px4AaABAg,,False,@AdrianGarcia-p2b,(⁠٥⁠↼⁠_⁠↼⁠)╮⁠(⁠.⁠ ⁠❛⁠ ⁠ᴗ⁠ ⁠❛⁠.⁠)⁠╭,1,2024-11-05T18:42:35Z,2024-11-05T18:42:35Z
Ugz_6hrjDpmIiJwXpWp4AaABAg,,False,@MeshingCats,Supermodel Hyein 😲,4,2024-11-05T18:22:54Z,2024-11-05T18:22:54Z
UgwOI8uf5mrziOFLMrd4AaABAg,,False,@pikacob1093,bahahah we can hear my big scream at 5:22 it was so unreal to see Hyein in real life she was so beautiful !!!,49,2024-11-05T18:20:35Z,2024-11-05T18:20:35Z
UgwOI8uf5mrziOFLMrd4AaABAg.AATTw8bpqqOAAmEghaY6_X,UgwOI8uf5mrziOFLMrd4AaABAg,True,@saviories,OMG THATS SO COOLL,4,2024-11-13T10:32:13Z,2024-11-13T10:32:13Z
UgxwIp-O68UWRLDzDXx4AaABAg,,False,@Jelk243i,위버스 탈퇴해주세요,0,2024-11-05T18:16:39Z,2024-11-05T18:16:39Z
Ugx9HJNsfEoaXn1tTGt4AaABAg,,False,@phil488pista9,🐹🐹🐹❤️,0,2024-11-05T18:06:33Z,2024-11-05T18:06:33Z
UgwZzvqcbAfX5raX0s14AaABAg,,False,@KIRARUBYJANE,Hyien looks so pretty in that dress🖤🤍🖤,3,2024-11-05T18:02:58Z,2024-11-05T18:02:58Z
UgzRwuhf3Wme8JOuI6B4AaABAg,,False,@kdkdd1505,ㅋㅋㅋㅋㅋㅋㅋ애기다 3:20,1,2024-11-05T17:53:16Z,2024-11-05T17:53:16Z
UgyyvyHemgDB5yjZQpd4AaABAg,,False,@Heejuneemylove,"HYEIN ES DEMASIADO HERMOSA, OSEA SIN MAQUILLAJE Y CON MAQUILLAJE, ES MUY PRECIOSA, TANTO QUE PARECE IRREAL😮❤❤",10,2024-11-05T17:52:54Z,2024-11-05T17:52:54Z
UgxCfqITgq4iQ8Wyulh4AaABAg,,False,@Hornie_urfavex,Why it’s so short hyein hah!! Maybe i need to watch this again,2,2024-11-05T17:44:09Z,2024-11-05T17:44:09Z
Ugx-ag3VcSo5yhVv4qB4AaABAg,,False,@gG-nu7yx,❤,0,2024-11-05T17:42:40Z,2024-11-05T17:42:40Z
UgwWn4XeiygvdRA9xJR4AaABAg,,False,@gpark5801,어지러운 우리 혜인이의 카메라 무빙도 사랑해 💜💜💜💜💜,4,2024-11-05T17:39:19Z,2024-11-05T17:39:19Z
Ugxkqac9UnuNzQ8WYUx4AaABAg,,False,@gmlwn1874,"진짜 너무 귀여워,,,",2,2024-11-05T17:26:13Z,2024-11-05T17:26:13Z
UgwKt5GJE2k4QhGRv154AaABAg,,False,@mduugg,❤❤❤❤❤❤,0,2024-11-05T17:25:43Z,2024-11-05T17:25:43Z
UgyySWTpJl8I7P2UMWd4AaABAg,,False,@Victoria_ytb18,Hyein au Louvres😍😍😍,1,2024-11-05T17:13:59Z,2024-11-05T17:13:59Z
UgwkYD5mBQ8e8M_sIjN4AaABAg,,False,@okotjag3,すごい肌が綺麗👏,3,2024-11-05T17:13:11Z,2024-11-05T17:13:11Z
UgylsXO-KFj3O8_mKfF4AaABAg,,False,@남이명준-s1b,울 아가❤❤❤😘😘😘😘😘😘🐹🐹🐹🐹💕💕💕💕💕🧡🧡🧡,4,2024-11-05T17:05:04Z,2024-11-05T17:05:04Z
UgybnjCnjX7WJlkmjGB4AaABAg,,False,@nu7325,꺅 혜인이 화장 지우니까 완전 애기쟈나ㅜㅜㅜㅜㅜ 너무 귀여워ㅠㅠㅜㅜㅜ,5,2024-11-05T17:00:50Z,2024-11-05T17:00:50Z
Ugw6XVaXqYfw-3_RG2V4AaABAg,,False,@영쓰-y9o,예뻐용❤,1,2024-11-05T16:59:29Z,2024-11-05T16:59:29Z
Ugzg7LwFg4ii2346-lV4AaABAg,,False,@Samiaaktermaria08,Love you Hyein♥️♥️♥️,1,2024-11-05T16:52:05Z,2024-11-05T16:52:05Z
UgxZwzPb8HLHI7Nj2614AaABAg,,False,@Hoony-l4s,넘 귀여워,5,2024-11-05T16:43:13Z,2024-11-05T16:43:13Z
UgxqQppS1s-mJYilg0x4AaABAg,,False,@hello_78956,I love hyein 💜💜,3,2024-11-05T16:34:59Z,2024-11-05T16:34:59Z
Ugyo43nebNw8VINS-zt4AaABAg,,False,@BTBTLover59,🩵Hyein🩵 always cute!!,1,2024-11-05T16:14:02Z,2024-11-05T16:14:02Z
UgxF-IFxfzaq_Rb-P2p4AaABAg,,False,@zulgeouseyo,우리 혠이 역시 멋지다.👍넘 사랑혠~🥰🥰,10,2024-11-05T16:06:22Z,2024-11-05T16:06:22Z
Ugxz5QnA5Ld02MDV3Px4AaABAg,,False,@다람쥐-e5r,2008년에 생겨난 유기물중 goat,1,2024-11-05T15:59:46Z,2024-11-05T15:59:46Z
UgyJTCphj9Ald12-Y-R4AaABAg,,False,@153ChiWai,Isn’t she lovely 😻,2,2024-11-05T15:58:10Z,2024-11-05T15:58:10Z
UgyYb7xyE_3VWsVVhf14AaABAg,,False,@버너지,혜인아 미안한데 비행기에서 오빠 좀 닮은거 같아 ㅋㅋ,1,2024-11-05T15:57:49Z,2024-11-05T15:57:49Z
UgwUEIo5tpD1MJkEO_d4AaABAg,,False,@뉴진-o8d,귀여워 햄토리 이혠❤,1,2024-11-05T15:55:21Z,2024-11-05T15:55:21Z
Ugx-zZ1OAA4fI-rrzhh4AaABAg,,False,@starnaori,Hyein i love you sooooooo much <3333,14,2024-11-05T15:55:10Z,2024-11-05T15:55:10Z
Ugy1UxHwM1V_xQ2_qsV4AaABAg,,False,@mokupiddd,I was there a few weeks ago 😢,0,2024-11-05T15:54:06Z,2024-11-05T15:54:06Z
UgwnU4MmGOjVxMzeLMh4AaABAg,,False,@Avdhdj,애기 장꾸 혜인이 넘 이쁘다❤❤,2,2024-11-05T15:45:56Z,2024-11-05T15:45:56Z
UgziQO64RnOJPVrkuLV4AaABAg,,False,@パプリカ-t9k,美しい,0,2024-11-05T15:43:47Z,2024-11-05T15:43:47Z
UgzpqfhhIuUa5_ldO0p4AaABAg,,False,@voribob2238,응원한다 혜인아~오늘도 슬로우댄싱 커버나 들으면서 자야겠음,8,2024-11-05T15:42:05Z,2024-11-05T15:42:05Z
UgymWVX-AumRvADN6oN4AaABAg,,False,@onon6215,혜인이 파리랑 너무 잘어울려ㅠㅠㅠ,4,2024-11-05T15:39:15Z,2024-11-05T15:39:15Z
UgwQwbDijR4JjyDtBtN4AaABAg,,False,@nirvini-96,HYEIN💜💜💜💜,1,2024-11-05T15:34:47Z,2024-11-05T15:34:47Z
UgzmDmDTrWANIR2VXz14AaABAg,,False,@L00KT,🥰❤️,0,2024-11-05T15:34:22Z,2024-11-05T15:34:22Z
UgyrSEk_gIODQvappAd4AaABAg,,False,@MariaDasha-qi7kk,NEW JEANS ❤❤❤❤❤,1,2024-11-05T15:33:11Z,2024-11-05T15:33:11Z
UgzH7rTxIb-B4OIqGDR4AaABAg,,False,@MariaDasha-qi7kk,New jeans is perfect and beautiful ❤❤❤❤❤,7,2024-11-05T15:32:55Z,2024-11-05T15:32:55Z
Ugxelzsed5_Wl-mSwvB4AaABAg,,False,@Meow12241,Hello Hyein😍,0,2024-11-05T15:30:38Z,2024-11-05T15:30:38Z
Ugz_8pLGT4__2JH68_F4AaABAg,,False,@SOOKIE_offical,I love this style on Hyein she is truly so gorgeous!!,16,2024-11-05T15:30:28Z,2024-11-05T15:30:28Z
UgykF7M_ZBb779wlBW94AaABAg,,False,@SOOKIE_offical,Hyein you are so precious and adorable 😭❤️,2,2024-11-05T15:29:25Z,2024-11-05T15:29:25Z
UgyQdl3bzrCNOxV1CzB4AaABAg,,False,@Yoshida928,<3,0,2024-11-05T15:28:45Z,2024-11-05T15:28:45Z
UgzNcbF2AOz-951ERV14AaABAg,,False,@콩뷰토벨라표르트,녹초가돼 x 2 ㅋㅋ,0,2024-11-05T15:27:57Z,2024-11-05T15:27:57Z
UgxFGmo-Acj6TI2VDRx4AaABAg,,False,@psxx-jy3sh,so chic and cute with those bangs<3,2,2024-11-05T15:25:33Z,2024-11-05T15:25:33Z
Ugz-yiy41vvtqQCNm6p4AaABAg,,False,@NewJeansStand,진짜 인간 햄스터 그 자체다 ㅋㅋㅋ,1,2024-11-05T15:24:55Z,2024-11-05T15:24:55Z
UgxO2LywL9oBa7QZAFx4AaABAg,,False,@육즙단도살자,막내인걸 알고 봐서 그런지는 몰라도 난 혜인이가 너무 귀여움 ㅋㅋ 어케 저렇게 이쁘고 귀엽지 ㅋㅋ,6,2024-11-05T15:22:41Z,2024-11-05T15:22:41Z
Ugzvcm5wZPtAgwfz-KB4AaABAg,,False,@checkiira,혜닝🩷,0,2024-11-05T15:21:30Z,2024-11-05T15:21:30Z
UgzbYdN6rBaKZyh2eVB4AaABAg,,False,@qwerty76577,앞머리혠 미쳤다,0,2024-11-05T15:19:27Z,2024-11-05T15:19:27Z
UgxE4t1828Jb2YVGEgB4AaABAg,,False,@Ryokou61,Why is this only 6 minutes long? 😭,1,2024-11-05T15:19:18Z,2024-11-06T03:22:47Z
UgyG0u-pOVDMyi_0za14AaABAg,,False,@sia.T,"파리의 팬 분들 감사하고 혜니 챙겨주신 경호원 분, 스탭 분들 감사합니다!!",0,2024-11-05T15:19:02Z,2024-11-05T15:19:02Z
UgyCYqEDxRNxhie2OEd4AaABAg,,False,@Choi-x1t,혠 영상 짧은거같은건 기분탓인가? 더 길게 해줘요 ~~,1,2024-11-05T15:18:23Z,2024-11-05T15:18:23Z
UgzahbKEp5o4JvxBRd14AaABAg,,False,@sakura.luvss.1,WHY DID THEY HAVE TO POST WHEN I WAS AT SCHOOL 😭😭😭,0,2024-11-05T15:18:21Z,2024-11-05T15:18:21Z
UgyEdxjyGCnoqu8kfLN4AaABAg,,False,@sakura.luvss.1,OUR HYEIN IS SO PRETTY 🤩,1,2024-11-05T15:17:56Z,2024-11-05T15:17:56Z
UgwFsQc1TZHa_0y2Soh4AaABAg,,False,@Chamie_09,I love Hyein,0,2024-11-05T15:15:57Z,2024-11-05T15:15:57Z
Ugy2vYpsWWVsWx7erpV4AaABAg,,False,@ukenn7513,5:45 장난스럽게 녹초가되 하고 눕는데 넘나 포토제닉,1,2024-11-05T15:09:31Z,2024-11-05T15:10:07Z
UgxtGwp1tu8HLu3QHIB4AaABAg,,False,@TranNgo-vp8td,HYEIN!!!!❤❤❤,1,2024-11-05T15:09:25Z,2024-11-05T15:09:25Z
UgyBa7tFWYTcQYCYqGZ4AaABAg,,False,@lee-ly7qc,요정이 아닐 수 없다..🩷🩷,5,2024-11-05T15:09:05Z,2024-11-05T15:09:05Z
Ugz062OBGvxn9RNlVDp4AaABAg,,False,@Rubi-kz6ux,🖤🖤☺️ 혜인이 화이팅,1,2024-11-05T15:06:45Z,2024-11-05T15:06:45Z
Ugz-XVWstogZXp0vln14AaABAg,,False,@apfelsine1010,❤❤❤❤,0,2024-11-05T15:06:08Z,2024-11-05T15:06:08Z
UgyHK7owTAraGKTcvfl4AaABAg,,False,@im_busy_guy,아 너무 짧아 아,2,2024-11-05T15:00:01Z,2024-11-05T15:00:01Z
Ugxzuxw8-4OSntijT8d4AaABAg,,False,@najmaajmal2757,"Please make some more content about hyein, i miss her, cause she like rarely appears🥺",28,2024-11-05T14:59:35Z,2024-11-05T14:59:35Z
UgxTOlHa7vvHObcOnoB4AaABAg,,False,@krisllannymaria3679,A Hyein é linda demais ❤,1,2024-11-05T14:56:11Z,2024-11-05T14:56:11Z
Ugx61t50AVnIU8FQYQp4AaABAg,,False,@wuprince7213,❤❤❤,0,2024-11-05T14:54:18Z,2024-11-05T14:54:18Z
UgyfDKIzSFp2_czGrCZ4AaABAg,,False,@llcooldown,\ just love all of hyein's looks this year /,1,2024-11-05T14:46:59Z,2024-11-05T14:46:59Z
UgxDOlHf_z2wkJfw-2F4AaABAg,,False,@sanjeevbirbal6227,HYEIN  is cute 😍,1,2024-11-05T14:45:57Z,2024-11-05T14:45:57Z
UgybouSDulAz1KZuDdl4AaABAg,,False,@朱偉翔,Hyping 可以多出點Vlog，時間太短了,1,2024-11-05T14:45:17Z,2024-11-05T14:45:17Z
UgyfKI7PRREUfZYQJE14AaABAg,,False,@NewJeans722,혜인이 런웨이 하는거 한번 보고 싶다 😊,0,2024-11-05T14:42:41Z,2024-11-05T14:42:41Z
Ugwu2aIzZ7s8ZX4Ogph4AaABAg,,False,@ratatui3z03,my future wife ^^,0,2024-11-05T14:41:47Z,2024-11-05T14:41:47Z
UgzVYlt2DgosyjZt6qF4AaABAg,,False,@chapssal_0819,진짜 인형 같다 피부가 도자기임ㄷㄷ,0,2024-11-05T14:39:45Z,2024-11-05T14:39:45Z
UgxCC_9IGNwrGOOYrqJ4AaABAg,,False,@kayg-uv3kq,day 11 trying to get newjeans ( especaillt haerin) to notice me,0,2024-11-05T14:36:41Z,2024-11-05T14:36:41Z
UgwlVJv6LY8hQgqJogh4AaABAg,,False,@devilovegood,Какая же классная и милая ❤,0,2024-11-05T14:35:30Z,2024-11-05T14:35:30Z
Ugx9jI76Ll8QSkud82l4AaABAg,,False,@김민지-o7i-l6u,생얼도 이쁘구나.. 뉴진스는,1,2024-11-05T14:30:45Z,2024-11-05T14:30:45Z
Ugy6zEM-3fYcggaTWiJ4AaABAg,,False,@topse7,혜전님 때문에 왔습니다,0,2024-11-05T14:30:02Z,2024-11-05T14:30:02Z
UgzZcLsjX1UbPpkFGzB4AaABAg,,False,@lee10031003,혜인아 ! ! ! ! ❤❤❤❤,1,2024-11-05T14:27:25Z,2024-11-05T14:27:25Z
UgymZtwa8DaCLcNRQkF4AaABAg,,False,@artihyun,"울 혜인이도 길게좀 해줘요
 ㅠㅠㅠ항상 5분정도만 해주네 ㅠㅠ",1,2024-11-05T14:25:27Z,2024-11-05T14:25:27Z
Ugzndt7-5KImzNSImKR4AaABAg,,False,@은가-p5z,슈퍼스타 우리 애기💜💜🙆🙆💜💜👾👾,1,2024-11-05T14:24:33Z,2024-11-05T14:24:33Z
UgyKSUHmfsxWih6_LXV4AaABAg,,False,@user-gw1dt,2:56,1,2024-11-05T14:23:33Z,2024-11-05T14:23:33Z
UgyKSUHmfsxWih6_LXV4AaABAg.AAT2o3huvKqAAT2p32t6Vr,UgyKSUHmfsxWih6_LXV4AaABAg,True,@user-gw1dt,2:58,1,2024-11-05T14:23:41Z,2024-11-05T14:23:41Z
UgyKSUHmfsxWih6_LXV4AaABAg.AAT2o3huvKqAAT2ryX_uvx,UgyKSUHmfsxWih6_LXV4AaABAg,True,@user-gw1dt,3:15,0,2024-11-05T14:24:05Z,2024-11-05T14:24:05Z
UgydT6ynODzr5KIS6l14AaABAg,,False,@Uhhh9,오늘 힘들었는데 때마침 올라오네!💜,1,2024-11-05T14:22:45Z,2024-11-05T14:22:45Z
Ugz70yGq1X_tQVIrTnt4AaABAg,,False,@ミロメロ,本当に綺麗だし可愛いし、天使みたい👼🏻🪽♡,0,2024-11-05T14:22:31Z,2024-11-05T14:22:31Z
UgwwE-sUhJ83eppdQzN4AaABAg,,False,@gracelynbatoon,Hyein🥰🫶🏻🫶🏻🫶🏻,1,2024-11-05T14:22:22Z,2024-11-05T14:22:22Z
Ugw5eUx9LFcg4lujMYx4AaABAg,,False,@Leedoriixoxo,PLSS OLSSSNEWJEANNZZ MAKE A NEW COMEBACKK💖💞🎀,1,2024-11-05T14:22:15Z,2024-11-05T14:22:15Z
UgwHB5BRCZr5w-wDvl14AaABAg,,False,@ngeo88,Incredible pretty Hyein 😊😊😊😊🐣🐣🐣,4,2024-11-05T14:22:11Z,2024-11-05T14:22:11Z
Ugx4qL8Ci92z4afNOqV4AaABAg,,False,@creamshirimp,진짜 오 ㅐ케 예뻐 !!!!!!!!,0,2024-11-05T14:21:32Z,2024-11-05T14:21:32Z
Ugy1p2WADGu-kpUPVYl4AaABAg,,False,@Bunv-s2y,녹초가 돼🫠,0,2024-11-05T14:21:02Z,2024-11-05T14:21:02Z
UgzLOycCoNPnPNyghf54AaABAg,,False,@dongenoob6078,혠이 귀여워 나의 포콋에 넣을녜,0,2024-11-05T14:19:21Z,2024-11-05T14:19:21Z
UgyUb74mtIVtexxELFV4AaABAg,,False,@yhlee141,🫢💯✨️✨️✨️,0,2024-11-05T14:17:44Z,2024-11-05T14:17:44Z
UgwL1vFnkWqOnIWtqwF4AaABAg,,False,@상어-l3r,혜인이 진짜 너므 귀엽네,2,2024-11-05T14:17:42Z,2024-11-05T14:17:42Z
UgxrjSUAm5li8gyWtJx4AaABAg,,False,@jaehojung777,열심히 기록혜나가는 혠이. 배두나 님과 촬영혜버린 혠이. 멋쟁이 아우라로 파리를 정복혜버린 혠이.,1,2024-11-05T14:13:40Z,2024-11-05T14:13:40Z
UgwWjrDfKu6bh6Q9q8d4AaABAg,,False,@クリリンのことか-z6t,"Hyein, thank you so much for being born in the world 😊
You are so special. 
You are so cute, pretty, and gorgeous 🥰
And thank you to all the Bunnies in the world 🤗",2,2024-11-05T14:13:31Z,2024-11-05T14:13:31Z
Ugy-LdwPRn_3APMkXax4AaABAg,,False,@asfdc5,💜💜💜💜💜,1,2024-11-05T14:13:11Z,2024-11-05T14:13:11Z
UgwXrzTCCANU7myzsrp4AaABAg,,False,@apenasumservivente,Aeeee about jeans ❤❤❤,1,2024-11-05T14:12:51Z,2024-11-05T14:12:51Z
UgzItaF_sXnMkDQOjOV4AaABAg,,False,@alexhoi2728,🥰💖💗🥰💖💗👍🏻,1,2024-11-05T14:08:30Z,2024-11-05T14:08:30Z
UgyZEJRWFTjGi6ZOzkp4AaABAg,,False,@Kimhhh333,혠나 너무 예뻐 짱이야,1,2024-11-05T14:06:18Z,2024-11-05T14:06:18Z
UgxeX3wbZOI6ZDEUph54AaABAg,,False,@vincenzoscialpi3070,Let's go Hyein you deserve all the love from Bunnies,1,2024-11-05T14:04:55Z,2024-11-05T14:04:55Z
UgwpSPHf0HqeBI0LqAN4AaABAg,,False,@TheKings23-o2g,어른입맛 레전드 막내... 행복한 일만 있길....,3,2024-11-05T14:04:19Z,2024-11-05T14:04:19Z
UgxnRbo_pUsKGqb1bXh4AaABAg,,False,@dltmdals-l7f,혠 By Jeans 나올 때 까지 숨 참습니다.,1,2024-11-05T14:01:57Z,2024-11-05T14:01:57Z
UgwetAh4g1r1pE39HC54AaABAg,,False,@Pulallo.pisoon,혠찌 ㅋㅋㅋ,1,2024-11-05T14:01:56Z,2024-11-05T14:01:56Z
Ugxe0dmpW6AhPt-0L3F4AaABAg,,False,@toasthamcheese,와 진짜 졸귀다…..❤,1,2024-11-05T13:59:34Z,2024-11-05T13:59:34Z
UgxeYmguFjCvcvqokHd4AaABAg,,False,@테스트유튜브배우-x5c,ㅋㅋㅋㅋㅋㅋㅋㅋㅋㅋㅋㅋㅋㅋㅋㅋㅋㅋ 루이비통 앰버서더의 삶,1,2024-11-05T13:59:14Z,2024-11-05T13:59:14Z
UgwwRgJtRYcuWiTi1it4AaABAg,,False,@大竹優吉,メイク落としてからも可愛いすぎる💕,1,2024-11-05T13:56:49Z,2024-11-05T13:56:49Z
UgxOtm98swlQTsdZUll4AaABAg,,False,@monnn_lpzz,Soo pretty,1,2024-11-05T13:55:50Z,2024-11-05T13:55:50Z
UgzxudA-tp9VhOTr5wt4AaABAg,,False,@유튜브재벌,나의 최애는 혠이야❤❤❤❤❤,1,2024-11-05T13:55:12Z,2024-11-05T13:55:12Z
Ugy7A6NEIr95SUxN0kZ4AaABAg,,False,@용짱-c6u,"그러고보니 다람쥐 쌩얼은 낯설다 ㅎ
거기에도 팬이 한가득이로구나❤",1,2024-11-05T13:52:49Z,2024-11-05T13:52:49Z
Ugyxx9QoKleogYiPfy54AaABAg,,False,@OFWGKTAFORLIFE,"NEWJEANS
KIM MINJI
PHAM HANNI
MO DANI
SUPERNATURAL
KANG HEARIN
LEE HYEIN
BUNNIES
YEONGWONHI",1,2024-11-05T13:52:18Z,2024-11-05T13:52:18Z
UgzLjItfLsx2KkJ5lHZ4AaABAg,,False,@WowLuckyBunnies,어쩜 이렇게 트렌디하게 생겼냐고...!!!,1,2024-11-05T13:51:45Z,2024-11-05T13:51:45Z
Ugxa4opxZQ0gWGaxsM14AaABAg,,False,@whatglows,3:15 초등학생아기햄서타등장,1,2024-11-05T13:50:40Z,2024-11-05T13:50:40Z
Ugx0MjF0CueIELvcRBh4AaABAg,,False,@keshirou9401,Hyein e tão engraçada sksksksk quando ela conhecendo e sendo fã também de artistas💜,1,2024-11-05T13:50:28Z,2024-11-05T13:50:38Z
UgwHokD2gsr0KtZjLDZ4AaABAg,,False,@oreo-mukgoshipda,녹초가 되짤은 앞으로 힘들 때마다 잘쓸게ㅎㅎ,1,2024-11-05T13:49:06Z,2024-11-05T13:49:06Z
UgzzV1-0Dputk3HBhC54AaABAg,,False,@lavieestbelle4561,진짜 이뿌당❤,1,2024-11-05T13:49:01Z,2024-11-05T13:49:01Z
Ugzr4WCm_9dtaWIHR-R4AaABAg,,False,@usedliar894,pretty pretty,1,2024-11-05T13:48:07Z,2024-11-05T13:48:07Z
UgwK4Rj2tfnb9nWhpst4AaABAg,,False,@i.x_on,더 보고 싶어지는 혜인이..너무 귀여운거 아니냐구..💜,3,2024-11-05T13:46:50Z,2024-11-05T13:46:50Z
Ugzn4Ac8PjEIXdzYOZ14AaABAg,,False,@Haerinaaaaa,Jeans Zine please,0,2024-11-05T13:45:26Z,2024-11-05T13:45:26Z
UgxqyUEoWpFXxX9cM4d4AaABAg,,False,@eunsukim9031,빠뤼가 잘 어울리는 혠이 🤩🤩💜💜,1,2024-11-05T13:40:51Z,2024-11-05T13:40:51Z
UgwKcosy00ulplDowuZ4AaABAg,,False,@d히터펑순기p,짜란다 막내 짜란다,0,2024-11-05T13:40:48Z,2024-11-05T13:40:48Z
UgwE2aQoAqkuFMurb_l4AaABAg,,False,@ekto08,My favorite member of the group ngl,0,2024-11-05T13:39:47Z,2024-11-05T13:39:47Z
Ugx7UCNy6ph4uKUykjV4AaABAg,,False,@silvermt.1398,팬들 환호성 죽이네요. 혠이 돌아서서 글썽였을 듯,0,2024-11-05T13:39:41Z,2024-11-05T13:39:41Z
Ugwdnye0RmzRcCrIJdZ4AaABAg,,False,@Go하니-Go하니,아니 왤케 이쁨...,0,2024-11-05T13:39:10Z,2024-11-05T13:39:10Z
UgyVRKdQHEdgszL7NRx4AaABAg,,False,@ALE-y2b,My beautiful girl I love her ❤✨️,0,2024-11-05T13:39:07Z,2024-11-05T13:39:07Z
Ugwxase1K1rT4T5fbMR4AaABAg,,False,@RahmadSuparlan,Hyein🇮🇱👍👍👍,0,2024-11-05T13:38:40Z,2024-11-05T13:38:40Z
UgzxcIpohwKPW_LiWTN4AaABAg,,False,@zxc-b8l,혬 진짜 너무 기엽당🥺 역시 우리 막내 체고임!!,0,2024-11-05T13:35:46Z,2024-11-05T13:35:46Z
UgztC4OLuc6j7DvEpxZ4AaABAg,,False,@tomato-king,最近ビジュアルがより覚醒してる。可愛すぎ❤,0,2024-11-05T13:35:44Z,2024-11-05T13:35:44Z
UgxjAWPFSLm6ptvGs6t4AaABAg,,False,@BC-bs4kb,이날?!?ㅠ.ㅠ속상한날.. 무튼  울혜인이 잘다녀왔구 넘기분좋으닷ㅋㅋ울 혠찌쵝오.👍🐹,0,2024-11-05T13:34:02Z,2024-11-05T13:34:02Z
UgyUuW_pI5nET-tOgil4AaABAg,,False,@slowdive-d1b,헨이 넘이뻐❤,0,2024-11-05T13:32:52Z,2024-11-05T13:32:52Z
Ugzis_VnOvO_fSt_mhN4AaABAg,,False,@배정우-q1f,"엉망잔칭한아침이네요
예정된시간보다늦게일어나고
핸드폰놓고와서다시숙소가고
정신없었겠다",1,2024-11-05T13:32:06Z,2024-11-05T13:32:06Z
UgxjmCF-2oMHyF1b6px4AaABAg,,False,@おれんじおれんじ-o7b,"車で自撮りしてる時の、下からの角度が大人っぽくてめちゃくちゃ綺麗
でもその後のメイク落としたシーンはあどけなくてめっちゃ可愛い😂
お疲れ様でした🫶",0,2024-11-05T13:31:25Z,2024-11-05T13:31:25Z
UgxBa6uE33BL3zKHmdl4AaABAg,,False,@karltaylor.humborjer,pretty girl hyein,2,2024-11-05T13:28:28Z,2024-11-05T13:28:28Z
Ugw6zxpFpGGOfTet1U54AaABAg,,False,@anhhai3009,iu chíp nhỏ xinhh,1,2024-11-05T13:27:48Z,2024-11-05T13:27:48Z
UgzgssLKz_8qxu65ZHt4AaABAg,,False,@시시-w6x,나는 혜이니의 처피뱅을 너무 사랑한다❤️🥹,1,2024-11-05T13:27:48Z,2024-11-05T13:27:48Z
Ugx9Egdu2bMa2kguFBh4AaABAg,,False,@anhhai3009,moe hyein,1,2024-11-05T13:27:37Z,2024-11-05T13:27:37Z
Ugy7ZBmIlkZkubjuj8p4AaABAg,,False,@anhhai3009,babyyyyyyyyyyyyyyy,2,2024-11-05T13:27:32Z,2024-11-05T13:27:32Z
Ugy3GbvsimptrivXds14AaABAg,,False,@blujnszin,Hyein-ahhh cute,1,2024-11-05T13:26:40Z,2024-11-05T13:26:40Z
UgzriDorrMHHkEFQhOB4AaABAg,,False,@HRH-l4v,Hyein is so lovely ! 💜,35,2024-11-05T13:26:07Z,2024-11-05T13:26:07Z
UgxLqFutsXaAR_oMhPF4AaABAg,,False,@johanmoreno4165,Ayyy Hyein ❤❤❤❤❤❤❤❤❤❤❤❤❤❤❤❤❤,9,2024-11-05T13:25:47Z,2024-11-05T13:25:47Z
Ugx4neUbhzlIkyU2-Gp4AaABAg,,False,@no.1NJZfan,I LOVE YOU ❤️❤️💕,4,2024-11-05T13:25:45Z,2024-11-05T13:25:45Z
Ugxk3c3YsimKzXQMIGx4AaABAg,,False,@hollolollo2469,애햄이 사랑해💜,2,2024-11-05T13:24:31Z,2024-11-05T13:24:31Z
UgxuGJblNITsIwEoyzB4AaABAg,,False,@somaliang8116,hyein❤❤❤,3,2024-11-05T13:21:15Z,2024-11-05T13:21:15Z
UgxwzaZxUhBKA6XFBAZ4AaABAg,,False,@cherlieskychocolate21,Hyein looks so gorgeous cute at Paris Fashion Week. I love how she shows us something interesting in Paris 💯🖤✨,22,2024-11-05T13:20:05Z,2024-11-05T13:20:05Z
UgzNCqTz69EvCDLJwS94AaABAg,,False,@again1203-w8x,혼자도 씩씩하게 이쁘고 멋진 혜인이 💜💜💜,1,2024-11-05T13:19:37Z,2024-11-05T13:19:37Z
UgyUChthuH5xsfVx5NF4AaABAg,,False,@shaman275,Barefaced Hyein is the prettiest! 3:16,1,2024-11-05T13:19:33Z,2024-11-05T13:19:33Z
UgwdZSp8Vhgvelc3QCV4AaABAg,,False,@Itz_Tasya_roblox,넌 최고야 난 7밖에 못 받았어 ❤,1,2024-11-05T13:19:23Z,2024-11-05T13:19:23Z
UgzsNzmAMyzHUv8vxjp4AaABAg,,False,@lamrongpeng533,Hyein so pretty,1,2024-11-05T13:18:31Z,2024-11-05T13:18:31Z
Ugw_lBFg6f0lN7aQNyh4AaABAg,,False,@NewJeans_Syndrome,울 혠 ❤,1,2024-11-05T13:18:03Z,2024-11-05T13:18:03Z
UgypY6xxgZR5NBwZ9E14AaABAg,,False,@laiialii,WE LOVE YOU HYEIN!! 💜💜,1,2024-11-05T13:17:43Z,2024-11-05T13:17:43Z
UgyTMZtAzNUKCy2yvnV4AaABAg,,False,@butterbread0.0,Our maknae is professional but also very pretty and cute,35,2024-11-05T13:14:18Z,2024-11-05T13:14:18Z
UgzkxyQlQEKYGxSpfQ54AaABAg,,False,@KAZAKHCAT,SHEXSY HYEIN CHAN,1,2024-11-05T13:12:11Z,2024-11-05T13:12:11Z
UgyOast6tJw4t9wz1t94AaABAg,,False,@strawberrymilkgood,Please do longer vlogs i enjoy your videos so much 🫶🏼,1,2024-11-05T13:11:12Z,2024-11-05T13:11:27Z
Ugwn3Rr3mr9UlpLm6gR4AaABAg,,False,@smk9828,녹초가 돼~ 화보가 돼~!,3,2024-11-05T13:11:09Z,2024-11-05T13:11:09Z
UgwUyesSRT-pDK3yFj94AaABAg,,False,@__-ry3de,"저번에는 파리 갔을때, 사람들한테 아는척하는 영상 나왔는데, 오늘은 파리에서 커버댄스 추는 사람들 없나보네. 아쉽다. 아는척하고 몰래가서 같이 추면 이 사람이 이혜인이예요 😅
하면 좋았을텐데 😅",1,2024-11-05T13:10:27Z,2024-11-05T13:10:27Z
UgyT5ghai_g3ApWWIPl4AaABAg,,False,@littleboy3126,이혜인 눈부시다!! 청순하다!!! 폭룡적이다❤❤❤❤❤❤❤,1,2024-11-05T13:08:19Z,2024-11-05T13:08:19Z
UgzCuvLTR-2EeejAqxZ4AaABAg,,False,@ABC123-if3eb,혜인이 사랑혀,1,2024-11-05T13:03:50Z,2024-11-05T13:03:50Z
UgzFBKS0kZAwDxHCk2V4AaABAg,,False,@strawberrymilkgood,Love you hyein 💜💜💜,1,2024-11-05T13:03:27Z,2024-11-05T13:03:27Z
UgwVEHNI_xKOuxRrIrx4AaABAg,,False,@그러면안돼요-e3t,"막둥이 유난히 프랑스서 인기 많네
팬들이 저리 좋아 하니 ㅎㅎ",1,2024-11-05T13:03:25Z,2024-11-05T13:03:25Z
UgxFZrvJ4q6bHIhDDsh4AaABAg,,False,@doolley30,막둥이 화장지우면 완전 애기네. 그치만 본업에서는 최고프로. 응원해,2,2024-11-05T13:02:56Z,2024-11-05T13:02:56Z
UgwBUV9CKmvp4Z4TRKd4AaABAg,,False,@heejuns7482,혜인~~ 멋있다 😆👍,1,2024-11-05T12:59:47Z,2024-11-05T12:59:47Z
UgzcvWen4M3-JBJOXtZ4AaABAg,,False,@높아수박당도,쌩얼 안경 너무 귀엽다 ㅜㅜㅜㅜㅜ,1,2024-11-05T12:59:40Z,2024-11-05T12:59:40Z
UgweywFleiI29jJmJW14AaABAg,,False,@itszay_29,혜인 언니 has gotten much more beautiful and is growing up so fast. She is amazing 😍😍😍😍 Love you guys always and forever ♾️♾️♾️♾️♾️❤❤❤❤,2,2024-11-05T12:58:05Z,2024-11-05T12:58:05Z
UgzhBa3Z1ZVEYHooz4J4AaABAg,,False,@Olle_luce,멋진 아기 호랑이 혜이니❤,1,2024-11-05T12:58:02Z,2024-11-05T12:58:02Z
UgxlVofsDeesbEKNE_d4AaABAg,,False,@그러면안돼요-e3t,막둥이 갈수록 예뻐지네 ❤❤❤,1,2024-11-05T12:57:59Z,2024-11-05T12:57:59Z
UgwI-dBd7liEt2e2Nil4AaABAg,,False,@n_aru_se_2iokq1,3:29 어떡해 혜인아 오빠랑 똑같이 생겼어 ㅋㅋㅋㅋㅋ,2,2024-11-05T12:57:43Z,2024-11-05T12:58:08Z
Ugx6tEHXGflgabm8knd4AaABAg,,False,@MazTamvan-wu3gt,My bias ❤❤,2,2024-11-05T12:57:17Z,2024-11-05T12:57:17Z
Ugyhu_UfKZQ6Xg2cV0x4AaABAg,,False,@linlin4556,❤❤❤,1,2024-11-05T12:57:12Z,2024-11-05T12:57:12Z
Ugxyjahfmb9NM8gamxB4AaABAg,,False,@n_aru_se_2iokq1,혜인이 이때 최고였음 ㅋㅋㅋㅋㅋㅋㅋ 옷 너무 잘살리더랑 ❤,1,2024-11-05T12:56:40Z,2024-11-05T12:56:51Z
UgxfXKHJ5isOO_Sx-j14AaABAg,,False,@장민혁-g1h,"5:04 딱 잼민이 모먼트ㅋㅋㅋㅋㅋㅋㅋㅋㅋㅋ
아~ 귀여워",2,2024-11-05T12:56:19Z,2024-11-05T12:56:19Z
UgxT_pQgpvMOsNMMeyJ4AaABAg,,False,@Juanitokim1,혠이 네일도 그렇고 헤메코  아낙수나문 같다,1,2024-11-05T12:51:33Z,2024-11-05T12:51:33Z
UgzpHav298UFXvZnLQx4AaABAg,,False,@나감자아님,아 앨범 걍 지금 살까요 아님 존버타다가 앨범 나오면 살까요 ㅠㅠ,1,2024-11-05T12:49:57Z,2024-11-05T12:49:57Z
UgwFpbRrRzvuGeA3kt14AaABAg,,False,@j6bro226,나이스,1,2024-11-05T12:48:21Z,2024-11-05T12:48:21Z
UgzuAla40z5TtzeyhxR4AaABAg,,False,@illushacherevatyi7935,Hyein💖,1,2024-11-05T12:45:05Z,2024-11-05T12:45:05Z
UgwrfU712-ihGiDVYaB4AaABAg,,False,@zechenlu6490,baby hyein,1,2024-11-05T12:44:43Z,2024-11-05T12:44:43Z
Ugzam0LJlwoKA1BJ2e14AaABAg,,False,@user-kz4wz8vj3s,뉴진스 포레버❤❤,1,2024-11-05T12:43:43Z,2024-11-05T12:43:43Z
Ugy61dXWcbPXC9ChZv54AaABAg,,False,@LimKharin,뉴진스 2025년까지 함께할 너를 항상 사랑하고 응원할게? ❤,2,2024-11-05T12:43:02Z,2024-11-05T12:43:02Z
Ugwwc1GIFRjyck1_bpd4AaABAg,,False,@1994_xx_xx,녹초가 되 ㅋㅋㅋㅋㅋㅋㅋ,1,2024-11-05T12:42:57Z,2024-11-05T12:42:57Z
UgwPe0NtK8sPRqc35CR4AaABAg,,False,@dont_buy_it_adopt_it,혜인이 오피셜 사진은 시크 그 자체였는데 브이로그는 넘 귀엽네 ㅋㅋㅋㅋㅋㅋㅋㅋㅋㅋㅋㅋ이게 자컨의 맛..? 혜인단이 되…💜,4,2024-11-05T12:41:43Z,2024-11-05T12:41:43Z
Ugy5IdEiN7NFRVxFLRt4AaABAg,,False,@brawl-Minji,🧸🤎,1,2024-11-05T12:41:12Z,2024-11-05T12:41:12Z
UgwkAdR6qvTj6Ap9r7h4AaABAg,,False,@campark3338,엘베에서 그냥 기대앉아있어도 화보네 ㅋㅋㅋ,1,2024-11-05T12:40:51Z,2024-11-05T12:40:51Z
UgwzJoPQV3-rxMTKVj14AaABAg,,False,@annalizaroque7301,"She's so tall , pretty and sweet maknae . Love Newjeans 💙💗💛💚💜",11,2024-11-05T12:39:30Z,2024-11-05T12:39:30Z
Ugx5TNp6wowPILhOE7N4AaABAg,,False,@오나-n9r,5:06 잼민이 모먼트 ㅋㅋㅋㅋㅋㅋㅋㅋㅋㅋㅋㅋㅋ,1,2024-11-05T12:38:51Z,2024-11-05T12:38:51Z
UgzLRIUfo2_xPhr-wSJ4AaABAg,,False,@MOONSKY-v7h,요즘 자컨이 왜 이렇게 많이 쏟아지는 걸까요? 좋긴 한데 이유가 뭘까 괜히 궁금하네요 ㅠㅠ,0,2024-11-05T12:37:25Z,2024-11-05T12:37:25Z
UgzLRIUfo2_xPhr-wSJ4AaABAg.AASrejI-QwTAAT2RJTp4F7,UgzLRIUfo2_xPhr-wSJ4AaABAg,True,@Bunv-s2y,지금 활동을 못하니 예전에 찍어둔거 우르르 올리는듯해요.. 이것도 아마 몇개월 전 찍었던것같아요,0,2024-11-05T14:20:18Z,2024-11-05T14:20:18Z
UgxdNthEreYXyp_C4n54AaABAg,,False,@오나-n9r,화장지우니까 진짜 귀엽다 ㅋㅋㅋ,0,2024-11-05T12:37:13Z,2024-11-05T12:37:13Z
Ugxga9eshFC5DOO4Bbx4AaABAg,,False,@마시멜로-r2c,우와 우와 비행기에서 화장 지운 모습 완전 아이 그자체네요 우와 근데 또 다음날 바로 변신 하는 모습이 역시 프로!,0,2024-11-05T12:35:14Z,2024-11-05T12:35:14Z
UgycBktJ4BmVN4ywl714AaABAg,,False,@오나-n9r,혜인이 왜이렇게 이쁘냐,0,2024-11-05T12:34:26Z,2024-11-05T12:34:26Z
Ugz9GyPZMXpuDWTbzX94AaABAg,,False,@부덕철-o7p,갓경 갓경 갓경 갓경 갓경 갓경 갓경 갓경 갓경 갓경 갓경 갓경 갓경 갓경 갓경 갓경 갓경 갓경 갓경 갓경 갓경 갓경 갓경 갓경 갓경 갓경 갓경,0,2024-11-05T12:33:31Z,2024-11-05T12:33:31Z
UgwvGoCKEWA0UmHeGdN4AaABAg,,False,@hoang-vule9903,🐣🐤🐥💜,0,2024-11-05T12:28:20Z,2024-11-05T12:28:20Z
Ugy6TNf3fQxJu5ZFkyd4AaABAg,,False,@Bigbrother-w2g,너무 이쁘다 ❤,0,2024-11-05T12:27:02Z,2024-11-05T12:27:02Z
UgyC9UnVbQKbuSIpz2h4AaABAg,,False,@yer_00,사랑히ㅐ,0,2024-11-05T12:23:03Z,2024-11-05T12:23:03Z
UgxSYqPtnlU-a5f2N-94AaABAg,,False,@skaa3936,너무 이쁘다 혜인이!!,46,2024-11-05T12:21:50Z,2024-11-05T12:21:50Z
UgxwjKkVbuL4OzJb_B94AaABAg,,False,@specter9495,Supercute 🐹🥨,0,2024-11-05T12:21:14Z,2024-11-05T12:21:14Z
Ugz3BDsO-MYx41W85914AaABAg,,False,@3525wook,봐도 또 보고싶은 혜인이다✨⭐✨,0,2024-11-05T12:16:17Z,2024-11-05T12:16:17Z
UgwMQMieiyH7BexgQtN4AaABAg,,False,@salvadorbeza652,Wow gd night love love love ❤️💖💞😘 be care fll love you all,2,2024-11-05T12:14:18Z,2024-11-05T12:14:18Z
UgwBOIfOV5N_sFtB7PF4AaABAg,,False,@ho____2,막냉이 너무 귀여웤ㅋㅋㅋㅋㅋㅋㅋ❤,0,2024-11-05T12:13:33Z,2024-11-05T12:13:33Z
Ugy0ImYdBYqTFlhoReN4AaABAg,,False,@bipolarexxpress,"No airport articles yet so many people came to support her in Paris. Lee Hyein, you will be always famous!",0,2024-11-05T12:13:18Z,2024-11-05T12:13:18Z
UgwgxwuX4lcJ2F5Mnfp4AaABAg,,False,@Daniil-nz5ci,this girl is soo sunny and beautiful 💜☀️,0,2024-11-05T12:13:06Z,2024-11-05T12:13:06Z
UgzNJkQTiaY8BXwc5ux4AaABAg,,False,@swastipriyaghosh6723,Hyein so cuteeeeeeeeer,0,2024-11-05T12:12:41Z,2024-11-05T12:12:41Z
UgzIKEtj6XfG2baFvKV4AaABAg,,False,@likej4452,화장 지운 혜니 넘나 청순한거,0,2024-11-05T12:12:19Z,2024-11-05T12:12:19Z
Ugz9UWLzsc9Kjm8FOtx4AaABAg,,False,@nicochan7057,finally can see ur airport outfit💜,0,2024-11-05T12:08:20Z,2024-11-05T12:08:20Z
UgxmyPbujznzYCyaxdl4AaABAg,,False,@wintero671,there will be brighter days ahead for newjeans 🌞,0,2024-11-05T12:07:25Z,2024-11-05T12:07:25Z
UgxOeYZz5rnjZhJywLJ4AaABAg,,False,@raie_UwU,혜인이 넘 예뻐!,0,2024-11-05T12:07:02Z,2024-11-05T12:07:02Z
UgzUCeu0GpeC6jkofa94AaABAg,,False,@하누-t1i,혜인양 사랑해용 ❤😂🎉,0,2024-11-05T12:06:24Z,2024-11-05T12:06:24Z
UgxFiEMlHMdKTxlS99l4AaABAg,,False,@NONAME-MOTOSOLO,화장 지우니까 갑자기 초딩이 되버ㄹ ㅋㅋㅋ,0,2024-11-05T12:04:38Z,2024-11-05T12:04:38Z
UgwWLxWuHdCoiFIvT354AaABAg,,False,@flamingo6429,🥰💜,0,2024-11-05T12:02:52Z,2024-11-05T12:02:52Z
UgzYuFSFVh5mK66Xsoh4AaABAg,,False,@서경-d6y,"혜인아 네가 제일 귀엽고 멋져,,,",0,2024-11-05T12:02:19Z,2024-11-05T12:02:19Z
UgzKYH4ss6zml15XiTt4AaABAg,,False,@samkim7781,뤼비통에서 진짜 다이아몬드 잘 가져갔네 ㅎㅎ 왜케 뤼비통하고 찰떡으로 어울리는거야?~~혜인리 너무 예쁘고 귀엽다,6,2024-11-05T12:00:59Z,2024-11-05T12:00:59Z
UgzOqNNwOS-rXYkPWXB4AaABAg,,False,@sivvicheka3069,We miss u 💜☹️,0,2024-11-05T11:59:56Z,2024-11-05T11:59:56Z
Ugwy_YV8hS1bY7f9lP54AaABAg,,False,@nextdaisy,혜인 아가씨! 셀카 꼭 올려주세요! 정말 아름다워요💜💜💜💜,0,2024-11-05T11:57:38Z,2024-11-05T11:57:38Z
UgwIHkPEGLzB0S1c57F4AaABAg,,False,@userxofbvoiwubfpuwbpviuwbr,"hybe orchestrated a media blackout for Hyeins event but it wasnt succesful, they can never make me hate NewJeans💙💙🐰",1,2024-11-05T11:56:22Z,2024-11-05T11:56:22Z
UgwqBwEeh8TpR_DbqI14AaABAg,,False,@nextdaisy,혜인이는 정말 내 하루를 힐링했어!🌺,0,2024-11-05T11:56:06Z,2024-11-05T11:56:06Z
UgxWPYZe6L6kwfSSEr54AaABAg,,False,@떠도는이야기-j6c,화장 지우니까 그냥 아기로 돌아갔네.ㅋㅋㅋㅋㅋㅋㅋㅋㅋㅋㅋㅋㅋ,0,2024-11-05T11:55:53Z,2024-11-05T11:55:53Z
UgxsWllmVTIexj5sXDh4AaABAg,,False,@sfde5231,애기혬스터 애혬이....,0,2024-11-05T11:55:47Z,2024-11-05T11:55:47Z
Ugx1mKXPCVMfK-8-vYJ4AaABAg,,False,@hhhfzv,0:09 우와앙ㅋㅋㅋㅋㅋ,0,2024-11-05T11:51:16Z,2024-11-05T11:51:16Z
UgyBI2hT8OhcS2A25Cx4AaABAg,,False,@user-cveuxasrz,혜인이 인기 많네,2,2024-11-05T11:50:58Z,2024-11-06T01:46:40Z
Ugwj4YxGhRwIx1_8qa54AaABAg,,False,@박대웅-d2m,울 막내 분위기 장난아니다!!! 멋지다!!!😍🤩,0,2024-11-05T11:49:38Z,2024-11-05T11:49:38Z
Ugx3JAyMeuTtNdE5GfB4AaABAg,,False,@guywhofarts6878,Hyein ❤❤,0,2024-11-05T11:48:57Z,2024-11-05T11:48:57Z
UgyVTG32yuTur3BVrJh4AaABAg,,False,@akkei581,막내 점점 미모가 더 물오르네 너무 이쁘다,0,2024-11-05T11:48:23Z,2024-11-05T11:48:23Z
UgwEmWDJbjOz92XKNJ14AaABAg,,False,@mira2492,hyein so slay as always!!!!!,0,2024-11-05T11:47:36Z,2024-11-05T11:47:36Z
UgzvYF_xgw2VPKeFjhZ4AaABAg,,False,@MeiKanazaki,MY BIASSSS❤️❤️❤️❤️❤️❤️,0,2024-11-05T11:44:02Z,2024-11-05T11:44:02Z
UgyytROpcjvJLoTkObt4AaABAg,,False,@Politicliz,진짜 개이쁘네,0,2024-11-05T11:42:12Z,2024-11-05T11:42:12Z
Ugy1UlqtW5ftjEO3qSZ4AaABAg,,False,@joggasibalnoma,혜인이 모델이다 진짜,0,2024-11-05T11:41:27Z,2024-11-05T11:41:27Z
Ugw6_XVUraslwOVBxT14AaABAg,,False,@ls123594,"와 마스크로 머리묶기 핵꿀팁이다 신박해! 오랜만에 보는 혜인양 쌩얼... 쌩얼도 말갛게 예뻐... 😍그리고 진짜 루이비통쇼 그날 새벽에 같이 정주행했는데 왜 혜인양이 멋있다고, 늘 기대되는 쇼라고 언급했는지 알 것 같았어. 혜인양 덕분에 그런 쇼를 처음 접해봤는데 옷들과 음악이 흐르는 그 순간이 환상적이게 느껴졌어. 파리 배경의 혜인양도 그림 같이 멋있었고! 😍",0,2024-11-05T11:40:25Z,2024-11-05T11:40:25Z
UgzNJBQohRNC7lartqJ4AaABAg,,False,@c0nd1ti0nx,Sometimes I forget hyein is a little child who still gets excited seeing her favorite celebrities,2,2024-11-05T11:38:29Z,2024-11-05T11:38:29Z
UgxJJfF-lw97TWSR6jd4AaABAg,,False,@mintCat-bn8hv,Cuteeeeeee💞💞,0,2024-11-05T11:36:58Z,2024-11-05T11:36:58Z
UgyS8bzBeb76gvCZNeh4AaABAg,,False,@otxvaz2.,3:28 진짜 잼민이 아니냐구~ 💤,0,2024-11-05T11:36:32Z,2024-11-05T11:36:32Z
UgyIZndfRolJ0KNiS0d4AaABAg,,False,@H.S-Park_Jake,사치품 협연에는 미성년자 멤버는 자제해 주시기 바랍니다.,0,2024-11-05T11:36:01Z,2024-11-05T11:36:01Z
UgxxO9muVKsMDuFewV14AaABAg,,False,@ゆうぶ,Hyein super cute🥰🥰,0,2024-11-05T11:36:01Z,2024-11-05T11:36:01Z
UgyhI70CYCVqqFLPVhJ4AaABAg,,False,@kevinhardy8034,❤❤❤❤❤,0,2024-11-05T11:36:00Z,2024-11-05T11:36:00Z
UgxotMgHd_pcCYaK8jF4AaABAg,,False,@p.____.powderblue,큐티 햄찌,0,2024-11-05T11:35:31Z,2024-11-05T11:35:31Z
UgxIq6AqA42-Pfm-4_p4AaABAg,,False,@tegj1882,혜인이 파리 일정도 수고 많았어!! 귀여운 우리막내,0,2024-11-05T11:34:51Z,2024-11-05T11:34:51Z
Ugwt7d4ihJBCkB7aQbl4AaABAg,,False,@puttyanimal3909,She is such a sweetheart ❤,0,2024-11-05T11:34:51Z,2024-11-05T11:34:51Z
UgxzJj0N9d4tDeNzPLF4AaABAg,,False,@otxvaz2.,혠이 너무 웃겨 진짜 짱이다~💜,0,2024-11-05T11:33:37Z,2024-11-05T11:33:37Z
UgxbhAimnItyR2vcROJ4AaABAg,,False,@Mohra-d5w,Lee hye is so perfect,1,2024-11-05T11:31:22Z,2024-11-05T11:31:22Z
Ugx4luLa1JZsz6NKbLh4AaABAg,,False,@lvinsee,i would not have recognised her if she didnt wear any makeup,0,2024-11-05T11:29:21Z,2024-11-05T11:29:21Z
UgyTTpPExjsItDT9_Gx4AaABAg,,False,@Shinx_choi,1 HOUR AGO MG,0,2024-11-05T11:28:30Z,2024-11-05T11:28:30Z
Ugx2boyD_61Ck-zDEOJ4AaABAg,,False,@NganTea__Miuuu,Hyein is so pretty,1,2024-11-05T11:28:22Z,2024-11-05T11:28:22Z
Ugw-Bm-6M7lVf_a_Sjh4AaABAg,,False,@이이이잉-c1o,이혜인 진짜 개이쁘다아아아!!,0,2024-11-05T11:27:27Z,2024-11-05T11:27:39Z
Ugw9IK9Nm2r67MBeTLB4AaABAg,,False,@upmedia22,our baby🥰,0,2024-11-05T11:27:23Z,2024-11-05T11:27:23Z
UgwKVbRrXzTwu0bIA8F4AaABAg,,False,@gy6224,언니들 사랑꾼 혜이니❤😊,0,2024-11-05T11:27:22Z,2024-11-05T11:27:22Z
Ugw_X-VRd4izZR4XxPd4AaABAg,,False,@Dani-l-ing,Yeahhh....lee hyein,1,2024-11-05T11:26:43Z,2024-11-05T11:26:43Z
Ugzlsl4fMOn0FwLkv854AaABAg,,False,@rayyanalina2338,Hyein 💙👑,1,2024-11-05T11:26:25Z,2024-11-05T11:26:25Z
Ugz60E2hiSoPrlOepPV4AaABAg,,False,@JJ-sw5pm,마냥 애긴줄 알았는데 대스타잖아😆,0,2024-11-05T11:24:48Z,2024-11-05T11:24:48Z
Ugwdrc3Irq0lsLp1trp4AaABAg,,False,@hyacinthhhhhhh,❤❤❤❤❤,0,2024-11-05T11:23:59Z,2024-11-05T11:23:59Z
Ugx1I5HIKtF1zH6BVAF4AaABAg,,False,@juliopinheiro7325,HYEIN I LOVE YOU ❤❤❤❤❤,0,2024-11-05T11:23:58Z,2024-11-05T11:23:58Z
UgzxBMwQeXOKsuwF79R4AaABAg,,False,@pskpsk5033,늘 혜인이답게 활동하는 모습 보여줘💜,0,2024-11-05T11:23:19Z,2024-11-05T11:23:19Z
Ugzh8Kh-SPm4X4Av7a54AaABAg,,False,@user-doepssw,아기가 옹알이 하는 영상❤️,0,2024-11-05T11:23:04Z,2024-11-05T11:23:14Z
UgxoEj5I2CwfY9dGWX54AaABAg,,False,@nowar7975,メイク落としても可愛いなんて❤,0,2024-11-05T11:22:10Z,2024-11-05T11:22:10Z
UgywxiYa8FRHJ5X32qN4AaABAg,,False,@uditapanigrahi2369,"안녕 혜인아!!!! 항상 기억하세요 당신은 멋지고, 사람들이 뭐라고 말하든 우리 토끼를 위해 혜인을 사랑합니다. 행복하고 계속 웃으세요 😊 인도에서 온 많은 사랑 🇮🇳💕",1,2024-11-05T11:21:40Z,2024-11-05T11:21:40Z
Ugwfislhb8YAsWVRf-B4AaABAg,,False,@bluee_3,She is so pretty💗,0,2024-11-05T11:20:53Z,2024-11-05T11:20:53Z
UgwjAAyGEfN9LID92FV4AaABAg,,False,@MinkiTOKKI,finally a hyein vlog so happy that we heard from you!!!!,0,2024-11-05T11:20:12Z,2024-11-05T11:20:12Z
UgygkkAEjtNPjHBwZ494AaABAg,,False,@x2y1,뉴진스 언니들이 너무 많이 나라 파리 참 보기 좋네요😊,0,2024-11-05T11:18:31Z,2024-11-05T11:18:31Z
Ugx9weNGN3G4IYpdwQd4AaABAg,,False,@クリーン-u7c,ニュージーンズ見てると勉強の疲れが吹き飛ぶ！,21,2024-11-05T11:18:03Z,2024-11-05T11:18:03Z
UgzUHtlCCjBsrqP-XHp4AaABAg,,False,@테스트유튜브배우-x5c,"bts도 이미 20대 30대초반에 재산이 수백억이야. 주식만 100억이넘고, 부동산도 100억이 넘고, 나머지 현금이나 다른재산도 어마어마해. 거기다가 또 아직 화동중이야. 20대후반 30대초반에 200억이상 300억이런 돈을 벌수있는 직업이 있냐고, 서울대가서 그런사람은 상위 0.1%도 안될껄? 그러니까 서울대 가기보다 어려운거야.  서울대갈려면 매년 학교에서 시험볼때마다 거의 다 100점맞아야하고, 반에서 1등해야되고, 수능 거의 만점에 내신도 1등급해야되고, 그렇게 해야 겨우 서울대 들어가는데, 돈 버는 수익만보면 이미 상대가 안돼.",1,2024-11-05T11:17:42Z,2024-11-05T11:17:42Z
Ugw7ji_zOwRmEZLuFF54AaABAg,,False,@qhrtnddksmsdurtl,3:28 여기 완전 혠 오빠잖아? ㅋㅋㅋㅋㅋㅋㅋㅋㅋㅋㅋㅋㅋㅋㅋㅋㅋㅋㅋㅋㅋㅋㅋ 개귀여웡 ㅠㅠ 이쁜 혜인 청순 혜인 예쁘다 눈부시다 폭력적이다,0,2024-11-05T11:16:46Z,2024-11-05T11:16:46Z
UgxRAl7bVaISuEGw3ih4AaABAg,,False,@yayasalfy7661,Hyein❤❤❤❤❤❤❤❤❤❤❤❤❤❤❤❤❤❤❤❤❤❤❤❤❤❤❤❤❤❤❤❤❤❤❤❤❤❤❤❤❤❤❤❤❤❤❤❤❤❤❤❤❤❤❤❤❤❤❤❤❤❤❤❤❤❤❤❤❤❤❤❤❤❤❤❤❤❤❤❤❤❤❤❤❤❤❤❤❤❤❤❤❤❤❤❤❤❤❤❤❤❤❤❤❤❤❤❤❤❤❤❤❤❤❤❤❤❤❤❤❤❤❤❤❤❤❤❤❤❤❤❤❤❤❤❤❤❤❤❤❤❤❤❤❤❤❤❤❤❤❤❤❤❤❤❤❤❤❤❤❤❤❤❤❤❤hyein your soooooooooo pretty💞🤍💗💜🩵🩶🩷💚🤎💙💘💝💓💛❤️💖🫶🏻💋💕❤️❤️❤️❤️❤️❤️❤️❤️❤️❤️❤️❤️❤️❤️❤️❤️❤️❤️❤️❤️❤️❤️❤️❤️❤️❤️❤️❤️❤️❤️❤️❤️❤️❤️❤️❤️❤️❤️❤️❤️❤️❤️❤️❤️❤️❤️❤️❤️❤️❤️❤️❤️❤️❤️❤️❤️❤️❤️❤️❤️❤️❤️❤️❤️❤️❤️❤️❤️❤️❤️❤️❤️❤️❤️❤️❤️❤️❤️❤️❤️❤️❤️❤️❤️❤️❤️❤️❤️❤️❤️❤️❤️❤️❤️❤️❤️❤️❤️❤️❤️❤️❤️❤️❤️❤️❤️❤️❤️❤️❤️❤️❤️❤️❤️❤️,1,2024-11-05T11:16:42Z,2024-11-05T11:16:42Z
UgwPc77aBu_AWXaTwhZ4AaABAg,,False,@뿝뿝-y5e,"혜인이는 마음이 참 깊은 것 같다. 어린 나이에 연예계에 들어가서 책임감이라는 막중한 일에 버겁기도 할 텐데 오히려 즐기고 자기 직업에 진심으로 사랑하는 아이인 것 같아 너무 좋다..💜 

혜인이의 기록혠 버니즈와 함께 혜인이의 추억을 공유할 수 있어서 너무너무 좋다 !!! 히힛 

(+혜인아 셀카 찍은 거 올려줘...🙏그리구 니가 더 귀여워 바보야 🐹💟)",0,2024-11-05T11:16:30Z,2024-11-05T11:26:21Z
UgzTEtQyG4M0IZnQSHZ4AaABAg,,False,@ssyy-ud4lr,뉴진스였다가 애기였다가 셀럽이었다가 성덕(배우님)이었다가 다시 뉴진스로 끝,0,2024-11-05T11:16:15Z,2024-11-05T11:16:15Z
UgzzSrdVV9skkSM0_TJ4AaABAg,,False,@kskutty100,First,1,2024-11-05T11:15:53Z,2024-11-05T11:15:53Z
UgyJItbvApDtTE3RUJN4AaABAg,,False,@kskutty100,Hi,1,2024-11-05T11:15:45Z,2024-11-05T11:15:45Z
UgzdwCYaETT-oG67-wF4AaABAg,,False,@이게뭐노_MHDHH,하 막냉이 너무 귀여웡 💜💜💜,0,2024-11-05T11:15:23Z,2024-11-05T11:15:23Z
UgxA80Ih_LZOG7tdBft4AaABAg,,False,@user-cv2wz8nj3f,우리 막내❤,0,2024-11-05T11:14:09Z,2024-11-05T11:14:09Z
Ugw097LYcmG7TzMPQ7B4AaABAg,,False,@테스트유튜브배우-x5c,"사쿠라도 보면 일본에서 데뷔한지 13년차야. 그런데, 아직도 활동하잖아. 만약에 20초중반에 데뷔했으면 지금 나이가 13년이면 30대후반도될수있는 나이야. 그러면 저렇게 할수가 없어. 아이돌입장에서도 그래. 자기들이 오래 활동하길 원해. 아이돌중에 몇년하고 아이돌 그만두길 원하는 사람이 있을까? 아이돌도 오래활동 하길 원해. 그러니까 내가볼땐 이게 서로 이익이 맞아떨어진다. 물론 어릴때부터 춤과 노래를 잘해야지. 아이돌할려면 아무나 못하지. 또 잘될려면 이름있는 회사, 자본력있는 회사 들어가야해. 중소기업 들어가면 정산도 오래걸리고, 활동기간도 보장이 잘안돼. 그래서 전부다 대기업 JYP SM YG 하이브 들어갈려고하지. 그런데 거긴 경쟁률이 기본 수천명이지. 하겠다고 도전하는사람이 매년 수천명이 넘어. 거기서 1명 2명 3명 이렇게 뽑혀야해. 되겠냐고, 그러니까 서울대 연세대 고려대 들어가는것보다 어렵다. 수익, 돈버는것만 비교해도 알아. 이미 혜인이는 1년에수십억씩 벌잖아. 서울대 졸업해서 연봉 1억하기가 힘들어. 그러니까 서울대 들어가는것보다 아이돌로써성공하는게 어려운거야.",0,2024-11-05T11:13:32Z,2024-11-05T11:13:32Z
UgwMa7GtMnzHaVb2_ft4AaABAg,,False,@RiJe-t5n,💜,0,2024-11-05T11:13:22Z,2024-11-05T11:13:22Z
Ugx2rH8rKNC50LFNmEt4AaABAg,,False,@ここ-v2r5u,"ヘイン、ステキ❤🐰
まだ16歳なのにこんな美しかったら20歳になったらマジスーパーモデルだよ。",3,2024-11-05T11:13:00Z,2024-11-05T11:13:00Z
UgxedgM5oTeBZR8rCnt4AaABAg,,False,@2207-s3n,화장하면 멋쟁이 모델 화장 지우면 귀염둥이 막냉이~~혜인아 수고했데이,0,2024-11-05T11:11:54Z,2024-11-05T11:11:54Z
Ugz_2lJNIPjk2sL3N-x4AaABAg,,False,@simonyin7799,可愛可愛💜,2,2024-11-05T11:11:45Z,2024-11-05T11:11:45Z
UgydDyYvAi26I72g9vB4AaABAg,,False,@User7hugfrji-o4d,뉴진스 오피셜에 인사해준 혜인이 고마워 ㅋㅋ,0,2024-11-05T11:11:06Z,2024-11-05T11:11:06Z
UgzoCjU-CLDKmkOS8mh4AaABAg,,False,@곰돌이부계,혜인이 넘 예쁘잖아…❤,2,2024-11-05T11:10:59Z,2024-11-05T11:10:59Z
Ugyb0t9Z2qRzUwdDjxN4AaABAg,,False,@aulias3623,BUNNIES ALWAYS LOVE YOU,0,2024-11-05T11:09:58Z,2024-11-05T11:09:58Z
UgzCT0mJSugO-sOlnsF4AaABAg,,False,@aulias3623,LOVEEEE YOU SO MUCH,1,2024-11-05T11:09:49Z,2024-11-05T11:09:49Z
UgwIPcCiFJzQTOc1S8l4AaABAg,,False,@aulias3623,LOVEEEE YOU HYEINNNNN,6,2024-11-05T11:09:41Z,2024-11-05T11:09:41Z
UgzcZnR2Z4tRG48LZVN4AaABAg,,False,@aquamarin256,울 귀여운 막냉이 혠이 기록혠 네번째 파리 브이로그  너무 이쁘다ㅠㅠ 루이비통 패션쇼 인기 폭발했네!!! 포즈 너무 멋지고 탑모델 아름다운 여신이네ㅠㅠ 배두나님과 사진 찍는 모습도 너무 이쁘고 깜찍하고 완전 너무 귀여워💜💜혠이 진짜 너무 예쁘고 사랑스럽다😍😍🥰🐣🐹🍓💜💜💜,0,2024-11-05T11:09:24Z,2024-11-05T11:09:24Z
UgwIqQs2SQShY3BjhK54AaABAg,,False,@12junseong,역시 막내라 애기애기…😊,0,2024-11-05T11:09:21Z,2024-11-05T11:09:21Z
UgzTRYyr5RyqXgPMD3F4AaABAg,,False,@user_brkl,Love your confidence 💜💜💜,0,2024-11-05T11:08:17Z,2024-11-05T11:08:17Z
UgwnWidn9z0sT_01mO14AaABAg,,False,@Johnrhys0315,I need longer vlogs from hyeinnnn 🥰,0,2024-11-05T11:08:02Z,2024-11-05T11:08:02Z
Ugw80EEgY42DuaAUHB54AaABAg,,False,@doralin5399,Hyein我愛你❤❤❤❤,0,2024-11-05T11:07:45Z,2024-11-05T11:07:45Z
UgwDW8hgDzHiY2ku44V4AaABAg,,False,@테스트유튜브배우-x5c,"아이돌이 어릴때 데뷔하면 그 활동기간이 수명이 확실히 길어지는거같아. 20대 넘어서 20대 중반에 데뷔하면 얼마 못해. 아이돌은 나이들면 경쟁력이 떨어져. 그걸 부정할수가 없어. 슈퍼주니어나, 소녀시대나, 그전에 대상타고 1위하던 그룹들도 나이들면 그 활동 스케쥴이 자연스럽게 줄어들어. 그래서 회사가 열심히 아이돌을 투자해서 데뷔시켰는데 금방 나이차가서 대중이 외면한다는거야. 사람들은 새로운 신인들을 원해. 나이든 20년된, 30년된 과거의 아이돌들을 안찾아. 그건 왜 그러냐면, 지금 초중고 대학생들이, 자기또래의 아이돌을 원해. 그전 20년 차이나는 아이돌들을 따르지 않아. 그사람들이 아니라 지금 자기들 또래의 10대 20대의 아이돌을 원해. 초중고대학생들 젊은사람들이 새로운 자기 또래의 아이돌을 원해. 그러니까, 어릴때 회사가 투자해서 키우는것이 오래 활동시킬수있고, 그래야, 오래할수록, 나중에 솔로로도 예능으로도 또 잘되는것이 쉬워. 그러니까 회사입장에선 돈들여서 투자한만큼 오래 계약해서 일할 아이돌을 원하는거야. 그래서 자연스럽게 10대들이 많아지는거같아.",0,2024-11-05T11:06:49Z,2024-11-05T11:06:49Z
UgxIibFAAL4QLCQHSU94AaABAg,,False,@sarraah_.0,We want new mv please 😭,1,2024-11-05T11:06:34Z,2024-11-05T11:06:34Z
UgxIibFAAL4QLCQHSU94AaABAg.AAShGJvsh79AASiytQZz8b,UgxIibFAAL4QLCQHSU94AaABAg,True,@kskutty100,ah yes,1,2024-11-05T11:21:32Z,2024-11-05T11:21:32Z
UgyGuilu_KCNDj0vUDx4AaABAg,,False,@simonyin7799,李惠仁太美啦😍,0,2024-11-05T11:05:13Z,2024-11-05T11:05:13Z
UgyplS5aXtLDrvNQM6R4AaABAg,,False,@simonyin7799,we love you ❤,0,2024-11-05T11:04:53Z,2024-11-05T11:04:53Z
UgwbZBpHwacklVQmMqd4AaABAg,,False,@정코,3:15 혜인->혜인이 오빠님 😂,0,2024-11-05T11:04:40Z,2024-11-05T11:04:40Z
UgxdnuXeYftWzxdcBS94AaABAg,,False,@simonyin7799,Hyein～🐹🐹🇫🇷💓,0,2024-11-05T11:04:12Z,2024-11-05T11:04:12Z
UgypVtRPQochsa_RrQF4AaABAg,,False,@airi_lyn,Very pretty maknae!! 😳,0,2024-11-05T11:03:51Z,2024-11-05T11:03:51Z
Ugz9GpJRSjGXi_n1s314AaABAg,,False,@New.K-love,"ヘインさんパリに行かれたんですね。やっぱりメンバーの
みなさんがおられないと
寂しいですね。ヘインさん
ファンのみなさんに会えて
よかったですね。僕もヘインさんに会いたいです。😊
ヘインさんこれから寒くなりますが身体に気お付けてくださいね。ずっとずっと応援してます。ヘインさん大好き❤🐰",0,2024-11-05T11:03:45Z,2024-11-05T11:03:45Z
UgxjSMWPupwixH7GDs54AaABAg,,False,@choimoonhyuk1,혜인쓰 넘나이쁘고연,0,2024-11-05T11:03:05Z,2024-11-05T11:03:05Z
Ugz34y1Qe9dighYj2WF4AaABAg,,False,@syoung635,3:16 메컵 지우니깐 귀여운 고딩소녀 등장⭐️,0,2024-11-05T11:02:57Z,2024-11-05T11:02:57Z
UgyYJbGg9twkpwf1IBh4AaABAg,,False,@Jasmine-u1x,💘💘💘,0,2024-11-05T11:02:38Z,2024-11-05T11:02:38Z
Ugyye_qwJlN9T-ZHrat4AaABAg,,False,@숩프-Soobin,ㅎㅖ인님 지금 너~무 이쁘세요!^_^💜🤧🥹🐰,0,2024-11-05T11:02:13Z,2024-11-05T11:02:13Z
UgwLGgydfWdPw-IE0Ot4AaABAg,,False,@sbwlstmgod,마음씨도 어쩜 이리 고울까 우리 혜인이 ..💜 오늘도 너무 이쁘고 귀엽고 다 하네 울 막냉이😌 사랑해 혜인아 너무너무 사랑해💜,1,2024-11-05T11:02:01Z,2024-11-05T11:02:01Z
UgwA9-Wiaj6x_ORc47t4AaABAg,,False,@겨울비트,적당히 이쁘실께요~ 혜인님 ㅎ,0,2024-11-05T11:01:08Z,2024-11-05T11:01:08Z
Ugxgkm6nPGyXxOSBX2t4AaABAg,,False,@livelaughnewjeanz,summoning all the french bunnies🇫🇷🇫🇷,1,2024-11-05T11:01:04Z,2024-11-05T11:01:04Z
Ugw86yLW_bgilfFXuuF4AaABAg,,False,@aulias3623,hyeiinnnnn,1,2024-11-05T10:59:22Z,2024-11-05T10:59:22Z
UgwPFEVYftsq1IkyWXJ4AaABAg,,False,@Mingjiii,IS THIS A JOKE MAN??!! 6 MINUTES??!! ITS A BLINK OF AN EYE,0,2024-11-05T10:59:16Z,2024-11-05T10:59:16Z
UgwK4RFO0gE-FmG7w614AaABAg,,False,@vanzoda,ㅋㅋㅋ 애귀야 커엽,0,2024-11-05T10:58:54Z,2024-11-05T10:58:54Z
Ugx0YR5is5q7eAgOevZ4AaABAg,,False,@nvvAve,어허~ 짧다 짧어! 더 내놔!❤❤,0,2024-11-05T10:57:59Z,2024-11-05T10:57:59Z
Ugxb0zXP_LGH5IOlm9d4AaABAg,,False,@yoon-mb7rf,💜💜💜💜💜,1,2024-11-05T10:57:37Z,2024-11-05T10:57:37Z
Ugy8y49tgLmGK5SKe4R4AaABAg,,False,@김우진-001,💜💜💜💜,0,2024-11-05T10:57:24Z,2024-11-05T10:57:24Z
UgwqWEToK7d_-M1b6-N4AaABAg,,False,@초쵸코,"인간 루이비통, 인간 샤넬, 인간 디올, 인간 셀린느, 인간 구찌.....
뉴진스는 명품 그자체인 그룹이구나 어쩜 브랜드랑 이미지가 찰떡이냐 하나같이",0,2024-11-05T10:57:16Z,2024-11-05T10:57:16Z
UgwpP5w31h5XcsXJQD54AaABAg,,False,@tlyst-j7x,아가혠❤❤❤,1,2024-11-05T10:56:48Z,2024-11-05T10:56:48Z
UgxFCjwQPLgJC2o2o4x4AaABAg,,False,@이름없음-l6d2w,화장 지우니까 완전 애기애기하다ㅎㅎㅎ,0,2024-11-05T10:56:30Z,2024-11-05T10:56:30Z
UgzbILiqr5K6HHvXpll4AaABAg,,False,@hanniiiiiii-g7x,세상에서 젤 이쁘다!!,2,2024-11-05T10:56:20Z,2024-11-05T10:56:20Z
UgyPxFK-eBiVCRCiGrd4AaABAg,,False,@eyhssi,my baby hyein 🫶🏼,0,2024-11-05T10:56:06Z,2024-11-05T10:56:06Z
UgyOuSZWsz79ndxtsgB4AaABAg,,False,@njzonetr,I'm happy for the  French fans!!! I hope one day NewJeans will come to Turkiye. It is one of my biggest dreams to see them more closely and go to their concerts💙💜💚💗💛,0,2024-11-05T10:55:45Z,2024-11-05T10:55:45Z
UgyiWAYCeYuW8ZuNA1p4AaABAg,,False,@comeinthegarden,ヘインの美貌は涙出ちゃうレベル,0,2024-11-05T10:55:18Z,2024-11-05T10:55:18Z
UgwUK9ZoWxLP-b7aSNp4AaABAg,,False,@BtsForever-x3u,Haerin is so beautiful 💗,0,2024-11-05T10:55:17Z,2024-11-05T10:55:17Z
UgwUK9ZoWxLP-b7aSNp4AaABAg.AASfyfntC57AASh0Mj1r4n,UgwUK9ZoWxLP-b7aSNp4AaABAg,True,@2207-s3n,엥  막냉이 혜인이예요,0,2024-11-05T11:04:24Z,2024-11-05T11:04:24Z
UgzAxEIqp55Gg8rijxx4AaABAg,,False,@창현이-q4i,이혜인님 넘 이뻐요~~,0,2024-11-05T10:55:05Z,2024-11-05T10:55:05Z
UgxsQCyXpd6jsmdBx6x4AaABAg,,False,@kimdeahuan,헐.. 배두나님 ❤,1,2024-11-05T10:54:59Z,2024-11-05T10:54:59Z
UgxPMzoA_XPrCKuGItx4AaABAg,,False,@comeinthegarden,오...너무 예뻐...,0,2024-11-05T10:54:40Z,2024-11-05T10:54:40Z
Ugzo0Q4gL8HVmMT419F4AaABAg,,False,@Bunnyhyeinllee,Cutie Maknae 💜💜💜,0,2024-11-05T10:54:39Z,2024-11-05T10:54:39Z
UgzxFH77tk0HeL4OEAx4AaABAg,,False,@AnhChau-r7h,Hyien your holiday is very special.❤️,0,2024-11-05T10:54:32Z,2024-11-05T10:54:32Z
UgwOlrFeR1UErjXstGh4AaABAg,,False,@akagami4266,Adekk,0,2024-11-05T10:54:18Z,2024-11-05T10:54:18Z
UgzT8M8rdQrxEojSukh4AaABAg,,False,@pyy2114,어우 귀여워! 어우 귀여워!,0,2024-11-05T10:53:59Z,2024-11-05T10:53:59Z
UgxGS4_W_LitqB54d154AaABAg,,False,@adoks7dlc,혠이 점점~~이뻐지네~,0,2024-11-05T10:53:23Z,2024-11-05T10:53:23Z
UgztnlWjdB_RCxTyVXx4AaABAg,,False,@02JEANS-xh4yj,So cute Hyein 😍,0,2024-11-05T10:53:05Z,2024-11-05T10:53:05Z
Ugz5C62YAVPh1e4Kr6V4AaABAg,,False,@Ash_Garden,ㅋㅋㅋㅋ 차에 그냥 있는줄알았는데 나름 지정석이 있는거였구나,0,2024-11-05T10:52:51Z,2024-11-05T10:52:51Z
Ugz5C62YAVPh1e4Kr6V4AaABAg.AASfgprZwBtAAShQc7HMek,Ugz5C62YAVPh1e4Kr6V4AaABAg,True,@2207-s3n,혜인이는 언니들이 여기저기 있다는 말이고~~여러 영상에서 보면 딱히 정해진 없습니다,0,2024-11-05T11:07:58Z,2024-11-05T11:07:58Z
UgzDf_2vKGq522YThqp4AaABAg,,False,@Justine-oc2sj,"I thought it's going to be a long vlog, anyways Hyeinaa~~ you're so pretty!!💕💗",0,2024-11-05T10:51:09Z,2024-11-05T10:51:09Z
Ugxg-rzbsu4QxTE8pfd4AaABAg,,False,@Julie-de8df,There are so many fans supporting new jeans members❤i love it😊,35,2024-11-05T10:50:23Z,2024-11-05T10:50:23Z
UgwNozCf-40TgF53zCZ4AaABAg,,False,@comeinthegarden,思えばヘインのブイログの後いつもルイヴィトンのショーの動画を見に行っている気がする,0,2024-11-05T10:50:11Z,2024-11-05T10:50:11Z
UgxG_Z1zsOzUy4I4HZl4AaABAg,,False,@Binky-q5s,"혜인아, 너 정말 귀엽고 예뻐. 우리는 항상 너를 응원할 거야💜🥹 하고 싶은 일 용기 있게 해봐!",0,2024-11-05T10:49:43Z,2024-11-05T10:49:43Z
Ugzb0OLqpUBCV08nK9p4AaABAg,,False,@cherryy9361,예쁜 갓기 혜인리❤,2,2024-11-05T10:49:41Z,2024-11-05T10:49:41Z
UgwN_YTfjN20Hy7UP4J4AaABAg,,False,@리리-t7w6p,혠이 모델 달란트 미쳐,1,2024-11-05T10:49:40Z,2024-11-05T10:49:40Z
UgxCGtxynV0JDuN_Lgh4AaABAg,,False,@carpes1276,아 너무 귀엽네 이혜인! 쌩얼에 무테안경 잘 어울리는 사람은 진짜 혜인이가 최곤 거 같음!,2,2024-11-05T10:49:05Z,2024-11-05T10:49:05Z
Ugw2CARNtbAddFvsATZ4AaABAg,,False,@1e4nH,🔥🔥❤❤,0,2024-11-05T10:48:58Z,2024-11-05T10:48:58Z
Ugx1Ovs-d_SQny9zE454AaABAg,,False,@phamisiancheese,HYEIN I LOVE YOUUU,0,2024-11-05T10:48:50Z,2024-11-05T10:48:50Z
Ugy-8OklBCz2TqGi6SB4AaABAg,,False,@쑤연-p8w,오늘의 기록혠 너무 짧아서 아쉽다 ㅜㅜ,2,2024-11-05T10:48:32Z,2024-11-05T10:48:32Z
Ugw7c0fTYcUFCKEwr2B4AaABAg,,False,@NJZ_Bunnies_84,울 막내 혠 너무 사랑스럽습니다. ❤❤❤❤❤,0,2024-11-05T10:48:19Z,2024-11-05T10:48:19Z
Ugzu0k-5uPv6wCi1juh4AaABAg,,False,@유유-o7u,혜인이는 모델이다 이뻐,0,2024-11-05T10:48:06Z,2024-11-05T10:48:06Z
Ugxyc3o83xY_x1CwYEN4AaABAg,,False,@yangyu1594,"too short , want to see more",0,2024-11-05T10:48:02Z,2024-11-05T10:48:02Z
UgwC8mgwCBl4X8OmExB4AaABAg,,False,@comeinthegarden,メイク落とす前後のギャップで心臓ぎャっってなりました☺️~💜,0,2024-11-05T10:48:00Z,2024-11-05T10:48:00Z
UgwCjWcYoLY8qjiVbs94AaABAg,,False,@arthurjohn7934,파리에서 본 분들 부럽다,0,2024-11-05T10:47:55Z,2024-11-05T10:47:55Z
UgyHjWZyuo2r9nHKmj14AaABAg,,False,@이미남-y9r,혜인아 사랑해💜,6,2024-11-05T10:47:37Z,2024-11-05T10:47:37Z
UgzNs5qsYJTDYVoHMt54AaABAg,,False,@nanamycherry,Love you,0,2024-11-05T10:46:47Z,2024-11-05T10:46:47Z
UgxURV_igkh59xC0c8h4AaABAg,,False,@iPham16Pro,"When I see Hyein, I automatically click the like button. 💜💜",0,2024-11-05T10:45:37Z,2024-11-05T10:45:37Z
UgxPgNstCc8iQKowkEx4AaABAg,,False,@jonkwn-d1t,"아니.
혜인이가 일케 이뻤덩가 ??
원래도 이뻤지만 ㅋ
❤❤❤❤❤❤",4,2024-11-05T10:45:11Z,2024-11-05T10:45:11Z
UgzZ6OUvZTDwqXvqEgt4AaABAg,,False,@njzBernie,막뚱이 혜린이 이쁘다😘,2,2024-11-05T10:44:57Z,2024-11-05T10:44:57Z
UgzZ6OUvZTDwqXvqEgt4AaABAg.AASen1DGgwCAAShdjfMxcU,UgzZ6OUvZTDwqXvqEgt4AaABAg,True,@2207-s3n,혜인입니다,0,2024-11-05T11:09:54Z,2024-11-05T11:09:54Z
Ugze4xpvsVGgGm3IB594AaABAg,,False,@wilsonst6044,“I’m exhausted” that scene so pretty! ❤🫠,3,2024-11-05T10:44:25Z,2024-11-05T10:44:25Z
UgyuhwOKsYdxxbxUeTp4AaABAg,,False,@JH-oj4hw,아이돌 막내는 어디가고..  웬 슈퍼 모델..!??😉,2,2024-11-05T10:43:49Z,2024-11-05T10:43:49Z
Ugy2OBCV2ilWrHWH4Rd4AaABAg,,False,@bunniestoday,"혜인이 영화볼때 왜이리 귀엽냐 ㅋㅋㅋ
대배우 두나님이랑 사진 찍다니!! 부러워요~",49,2024-11-05T10:42:40Z,2024-11-05T10:42:40Z
UgxWYF9lUY03OH_-eqV4AaABAg,,False,@hyein_n11,병아리가 파리에 갔다닝...!!!,1,2024-11-05T10:42:35Z,2024-11-05T10:42:35Z
UgwC2iLG0x9XMqky5Ht4AaABAg,,False,@쑤연-p8w,비행기 안에서 바나나 먹는거 초등혜인같아요,2,2024-11-05T10:41:06Z,2024-11-05T10:41:06Z
Ugx15KthHVq5skE1Cn14AaABAg,,False,@pazurahakim,loveee hyein,23,2024-11-05T10:40:54Z,2024-11-05T10:40:54Z
UgzvnkjYu8kUo2Oj2Hp4AaABAg,,False,@russell1940,WTH!!!!  Even more beautiful without makeup😧😧😧omaga,3,2024-11-05T10:40:35Z,2024-11-05T10:40:35Z
UgxTz17pbXr5teEmshR4AaABAg,,False,@a_wild_rabbit,우리 이쁜 막내~🐣💜 수고했쪄~~🤗🫳🫳🫳,2,2024-11-05T10:40:31Z,2024-11-05T10:40:31Z
Ugxvo3JtjuEuAmkJB9Z4AaABAg,,False,@Bunv-s2y,혬스터 혜인이의 브이로그 극락💜,8,2024-11-05T10:40:06Z,2024-11-05T10:40:06Z
UgwwoFYIOdhlK36y-Q54AaABAg,,False,@Justmemilaa,I love you Hyein,22,2024-11-05T10:40:03Z,2024-11-05T10:40:03Z
Ugw4u_dvba4exXwAruR4AaABAg,,False,@sksmsqjslwmek,😍😍😍😍😍😍,2,2024-11-05T10:38:04Z,2024-11-05T10:38:04Z
Ugx0Ldfm-RMGXgG0IL14AaABAg,,False,@쑤연-p8w,혠이다 파리랑 잘 어울리는 막둥이❤❤❤❤❤,2,2024-11-05T10:37:12Z,2024-11-05T10:38:00Z
Ugyn8lv_Gja4QU6Kibh4AaABAg,,False,@blueberrytokki,Hyein is lovely as always~ 🥹💜,22,2024-11-05T10:37:11Z,2024-11-05T10:37:11Z
UgylhINTu3wzM8HScZ54AaABAg,,False,@sjkim161,귀염둥아❤❤,1,2024-11-05T10:37:04Z,2024-11-05T10:37:04Z
UgwZjmZ98hW_DbPPlt14AaABAg,,False,@msdfg81111,LITTLE BABY,1,2024-11-05T10:36:05Z,2024-11-05T10:36:05Z
Ugy3lDifFH0sTcEG1Et4AaABAg,,False,@YuLuo01,hyein好美，看不够💜,1,2024-11-05T10:35:47Z,2024-11-05T10:35:47Z
UgxHRFHhEDHkYFEf4954AaABAg,,False,@13월-i9s,우리혠이❤❤ 잘볼께!!,1,2024-11-05T10:35:30Z,2024-11-05T10:35:30Z
Ugw6os3zRJNHqQYLqUR4AaABAg,,False,@azaleaaccessories.official,LOVE NEWJEANS!!,1,2024-11-05T10:35:27Z,2024-11-05T10:35:27Z
UgwY3YcpDmo64-R-xWt4AaABAg,,False,@STHyun2,핫걸💖 --> (잠시 애기👶) --> 루이비통걸😎 --> 녹초걸😓,1,2024-11-05T10:35:06Z,2024-11-05T10:35:06Z
UgxngL4HEwKNQP4osop4AaABAg,,False,@duu-d5y2b,너어무 귀여워,2,2024-11-05T10:34:37Z,2024-11-05T10:34:37Z
UgypyPHMzDyD2g0LzDp4AaABAg,,False,@퉁퉁퉁퉁45CHILLGUY,혠이 귀여웡❤❤❤❤❤,2,2024-11-05T10:34:05Z,2024-11-05T10:34:05Z
UgykQEQJNv8UOd-fF3x4AaABAg,,False,@Kenznu,❤🐹,1,2024-11-05T10:32:55Z,2024-11-05T10:33:16Z
Ugzjtu3o2ffnrI4RjZt4AaABAg,,False,@YuLuo01,天呐为什么这么短！我还没看够就没了😭,1,2024-11-05T10:32:51Z,2024-11-05T10:32:51Z
Ugybpr7p7_8ZeU32_Od4AaABAg,,False,@232픽쳐스,대 혜 인 💜💜💜💜💜,1,2024-11-05T10:32:32Z,2024-11-05T10:32:32Z
UgzoSv6zqLR5jZjf8Fx4AaABAg,,False,@donnyluther,빛나는 막냉이🐹🐹🐹,1,2024-11-05T10:32:26Z,2024-11-05T10:32:50Z
Ugw0TNCc9AJI_j8dxTF4AaABAg,,False,@Kouteiinu,一般人がこの角度で撮ったら絶対事故る！を超えてくるヘイン氏❤,0,2024-11-05T10:32:03Z,2024-11-05T10:32:03Z
UgzE8YS94IjYRslhWBN4AaABAg,,False,@skzzks-kickflip,I love you hyein 💜💜💜💜 your so pretty 💗💗💗💗,0,2024-11-05T10:31:52Z,2024-11-05T10:31:52Z
UgxEPq5nUH0A1J8lIxR4AaABAg,,False,@koreandrama.kabatako,オーラがレベチ❤❤❤,0,2024-11-05T10:31:47Z,2024-11-05T10:31:47Z
UgzlFf_zpoNI7QrzpLp4AaABAg,,False,@qwe75821,혜인이는 뉴진스의 코어 그자체❤,1,2024-11-05T10:30:46Z,2024-11-05T10:30:46Z
UgxPOx3nJrrACYRFy0d4AaABAg,,False,@Rangshow,혜인이 쌩얼 무슨 일이야 넘나 청초한 것...😍 팬들 만나서 좋았겠다~!!!💕💕💕,0,2024-11-05T10:30:45Z,2024-11-05T10:30:45Z
UgztoKx_PtJCTFJbtqR4AaABAg,,False,@bunnyT-mm1er,🐹💜🐹💜🐹💜,1,2024-11-05T10:30:41Z,2024-11-05T10:30:41Z
UgxMMSC3LRfXjp06NBd4AaABAg,,False,@김도택,또 황금막내 이혜인이야 분위기에 미모가 미쳤다❤,2,2024-11-05T10:30:26Z,2024-11-05T10:30:26Z
UgwwtcK8A0FBecKayy14AaABAg,,False,@pepongo324,Lee Hyeeiinnn the beautiful and talented maknae in her generation ❤,1,2024-11-05T10:30:24Z,2024-11-05T10:30:24Z
Ugx30tPzrIPL3gGzLrd4AaABAg,,False,@dryFWOO,혬쥐 오늘 영상도 이쁘당ㅎㅎ,0,2024-11-05T10:30:20Z,2024-11-05T10:30:20Z
UgyzoBr0vf6ExWiB5lx4AaABAg,,False,@cryleoz1n,Te amo linda💜,0,2024-11-05T10:30:12Z,2024-11-05T10:30:12Z
UgwXD8jTqINmWS8AUs14AaABAg,,False,@jinwookchoi1559,ㅋㅋ귀여우어웡,0,2024-11-05T10:30:03Z,2024-11-05T10:30:03Z
UgwGkQ67RQ9gVyOVySh4AaABAg,,False,@jugulars,hyein is really pretty and is growing well ❤❤,0,2024-11-05T10:29:40Z,2024-11-05T10:29:40Z
UgyAXIOgLSPKNi4lvCJ4AaABAg,,False,@jungsub.s,혠이 비행기에서 너무 귀여운거 아냐?,0,2024-11-05T10:29:27Z,2024-11-05T10:29:27Z
Ugz0sAdSP3xvbuNwGIp4AaABAg,,False,@whentheygolow_wegohigh7306,하이브가 뉴진스 성공에 최선을 다 하겠다는 위선을 다시 또 드러내는걸 보며 느낀건 이젠 정말 계약해지 소송뿐이란거. 새 어도어도 범죄자들뿐. 뉴진스도 결단내려주길. 이대로가면 절대로 뉴진스 살려두지 않을거에요. 부디 굴복하지 말길. 응원합니다.,1,2024-11-05T10:29:24Z,2024-11-05T10:31:49Z
UgytpFZACh89QpAyiPV4AaABAg,,False,@귀염둥이-d7s,우리 막내 혜인이 너무 예뻐  사랑해 ❤❤,2,2024-11-05T10:29:24Z,2024-11-05T10:29:24Z
UgzmOZiFQbZuAjjLpT94AaABAg,,False,@방울토마토-j6r,혜인이 너무 이쁘당 ~~💜💜💜🐹✨️👍🐰🫶💗,0,2024-11-05T10:28:55Z,2024-11-05T10:28:55Z
Ugw_kYXMnQi0MJKj7494AaABAg,,False,@hyeinnn-n9s,Hyein>>>>>>>>>>>>>>>>>>>>>>>>>>>>>>>>>>>>>>>>>,10,2024-11-05T10:28:22Z,2024-11-05T10:28:22Z
UgyIWRdaFcU_tR95rNt4AaABAg,,False,@keitayoon3971,파리에서의 추억 기록하고 공유해줘서 고마워,0,2024-11-05T10:27:52Z,2024-11-05T10:27:52Z
UgzIxYEORpFnXjVRyOl4AaABAg,,False,@scanspeak00,So many bunnies in Paris! 🥰❤,0,2024-11-05T10:27:37Z,2024-11-05T10:27:37Z
UgxWmIlMIYaFEap4IDB4AaABAg,,False,@뿌융륭늉,귀여운 혜인이가 버니즈보고 귀엽다고 한다...😍,0,2024-11-05T10:27:16Z,2024-11-05T10:27:16Z
UgxKeNgjtILt7yPmpwh4AaABAg,,False,@陳勁彣-l5u,我知道你在找中文,0,2024-11-05T10:27:07Z,2024-11-05T10:27:07Z
UgwPA5JfT23LdRQJwaF4AaABAg,,False,@jeanspuffgirl,역시 갓.혜.인,0,2024-11-05T10:27:03Z,2024-11-05T10:27:03Z
UgyfRur2g7hv-17KSpp4AaABAg,,False,@SoManwithhype,"5:26 omg, their scream is so loud 😭😭",0,2024-11-05T10:26:49Z,2024-11-05T10:26:49Z
UgxMChYQhe_OFYZ-OAF4AaABAg,,False,@냐옹야옹,혜인이 쪽,0,2024-11-05T10:26:47Z,2024-11-05T10:26:47Z
Ugz8vM6OQwJPmD8SL9R4AaABAg,,False,@cardiyred,혜인~~,0,2024-11-05T10:26:45Z,2024-11-05T10:26:45Z
UgyAe5_WdfenwvxFjxp4AaABAg,,False,@asmaraghakishieva3492,AAA EARLY LOVE OUR MAKNAE HYEIN,0,2024-11-05T10:26:40Z,2024-11-05T10:26:40Z
Ugw1QG6k27iZx_mmx0N4AaABAg,,False,@mindb_miel,이쁘니❤,0,2024-11-05T10:26:37Z,2024-11-05T10:26:37Z
Ugx51kEBGMpPh0MjmTV4AaABAg,,False,@kgoon6631,황금막내 너무 좋다,0,2024-11-05T10:26:17Z,2024-11-05T10:26:17Z
UgzIm6SW4satZAE99hJ4AaABAg,,False,@yq._.marina,HYEINNN 💜💜 love youu,0,2024-11-05T10:26:04Z,2024-11-05T10:26:04Z
Ugzebeo7CMmix5H0NJN4AaABAg,,False,@moqaes,YAYAY MY LOVEEE,0,2024-11-05T10:26:02Z,2024-11-05T10:26:02Z
UgwpnFbwsD-qAj0yarJ4AaABAg,,False,@Nocat_0,언니날가져요ㅠㅠㅠㅠㅠ,0,2024-11-05T10:25:35Z,2024-11-05T10:25:35Z
UgzzdBqgKZUzNOO_0fd4AaABAg,,False,@Ahlynh369,Yaaaa hyein của tôi❤❤,0,2024-11-05T10:25:26Z,2024-11-05T10:25:26Z
Ugxg1zhVWgMEWJ16WO94AaABAg,,False,@M.xomin._.0,귀여운 막둥이 혜인!!❤,1,2024-11-05T10:25:21Z,2024-11-05T10:25:21Z
UgzIgrAEEkWXK9NH0Wp4AaABAg,,False,@6numo9,넘사랑스러움..🥹💗,0,2024-11-05T10:25:07Z,2024-11-05T10:25:07Z
UgyQNYtmC1WZxPTXqIR4AaABAg,,False,@Kook-M-h,당신은 매우 아름답고 친절하고 재미있습니다. 사랑해요 ₍ ᐢ.ˬ.ᐢ₎˚୨୧,3,2024-11-05T10:24:41Z,2024-11-05T10:24:41Z
UgzUWrM4P-f0Rfs7uTV4AaABAg,,False,@crewofsoul.office,ヘインを知れば知るほど好きになる。やばい。,2,2024-11-05T10:24:39Z,2024-11-05T10:24:39Z
UgwirWr4-0oOxE672ux4AaABAg,,False,@Kook-M-h,I miss you so much my beautiful little girl I love you so much,4,2024-11-05T10:24:10Z,2024-11-05T10:24:10Z
Ugx06AhEmuCXBLUMged4AaABAg,,False,@imthatgoodpeople,why is Hanni's vlog always got 300k+ views meanwhile the other just 200k.. do ppl stanning NJS only to see Hanni? :((,0,2024-11-05T10:24:08Z,2024-11-05T10:24:08Z
Ugw8B7VGijuz7_BoWjt4AaABAg,,False,@어어응-l4n,혜인아 사랑해💜💜💜,0,2024-11-05T10:23:52Z,2024-11-05T10:23:52Z
Ugw6tNXUIm3aw3UOGrR4AaABAg,,False,@해린팜,막냉이 햄찌 오늘도 사랑해 🩷🩷🩷,4,2024-11-05T10:23:34Z,2024-11-05T10:23:34Z
UgxwoIcv-J1b2ygzH0F4AaABAg,,False,@sssdelbut4807,❤❤❤,0,2024-11-05T10:23:05Z,2024-11-05T10:23:05Z
UgzCOXfpG51oEuU4q6N4AaABAg,,False,@sssdelbut4807,❤❤❤❤❤,0,2024-11-05T10:22:57Z,2024-11-05T10:22:57Z
UgxoM9mkgO4PnPbRTZ94AaABAg,,False,@고파-p8p,혜인이 귀엽다 😍 😍,2,2024-11-05T10:22:46Z,2024-11-05T10:22:46Z
UgyLht_w-E54vzGuaQ14AaABAg,,False,@xiejdbxjej,💙🩷💛💚💜💜💜💜💜🌏🔚♾️,0,2024-11-05T10:22:15Z,2024-11-05T10:22:15Z
UgybIFqP1OvDPtM1kdV4AaABAg,,False,@무료마콜기부단2,너무너무 사랑스러~~❤,0,2024-11-05T10:21:41Z,2024-11-05T10:21:41Z
Ugyv8843H2enmNdpG_94AaABAg,,False,@jkenny1063,우리 모델 혠❤,0,2024-11-05T10:21:35Z,2024-11-05T10:21:35Z
UgxZW6afmLcmKIqkLwV4AaABAg,,False,@레전드와전설,😊❤,0,2024-11-05T10:21:24Z,2024-11-05T10:21:24Z
UgyH2jA-Jdpuyi_ounh4AaABAg,,False,@pinkDOB,hyein is the cutie queen ❤😂,0,2024-11-05T10:21:20Z,2024-11-05T10:21:20Z
UgyFio54CHmIRnHKVpZ4AaABAg,,False,@ST-min,5:46 자컨팀 밈마저 맞춤법 지키는 거 왤케 웃기짘ㅋㅋㅋㅋㅋㅋ,0,2024-11-05T10:21:19Z,2024-11-05T10:21:19Z
UgzEfyE4iTxpmq0rfLp4AaABAg,,False,@hyeon090,혜인아 너무 멋져~~~~~~!! ⭐️⭐️,0,2024-11-05T10:20:53Z,2024-11-05T10:20:53Z
UgwUuNVUZ0V9bnpuYEl4AaABAg,,False,@트라-t5m,보기만 해도 기분 좋아지는 혜인이,0,2024-11-05T10:20:38Z,2024-11-05T10:20:38Z
Ugw6fBZsZ-TiF2KHpmh4AaABAg,,False,@sakekim3072,뉴진스 팬클럽 회장님이시닷!!,0,2024-11-05T10:19:54Z,2024-11-05T10:19:54Z
UgxID72TrZR4RImbo994AaABAg,,False,@hyo2002,루이비통과 너무 잘 어울린다.💗 완전 탑모델 클래스~~!!! 💗💗💗💗,4,2024-11-05T10:19:33Z,2024-11-05T10:19:33Z
Ugw5Qmbrfl-Yq1oTRNd4AaABAg,,False,@gamja-r7k,파리에서 버니즈들이 혠이 반겨주는 모습이랑 혠이가 버니즈들에게 인사하는 장면 너무 좋다:),6,2024-11-05T10:19:31Z,2024-11-05T10:19:31Z
Ugx52P23dLadhFHnggR4AaABAg,,False,@runing_pham,막내 미모 폼 미쳤다 ㅋㅋ 매일매일이 리즈,0,2024-11-05T10:19:30Z,2024-11-05T10:19:30Z
UgyebN4kLkIJfcRLCF94AaABAg,,False,@김영복-i5f,멤버들 파리를 정말 좋아하나봐요 ❤,0,2024-11-05T10:19:27Z,2024-11-05T10:19:27Z
UgzZiuuuDXC5ubHCRKt4AaABAg,,False,@Ramin-mc2vs,💖💖💖💖,0,2024-11-05T10:18:59Z,2024-11-05T10:18:59Z
Ugw2x0gTaL_AQ5HPPKV4AaABAg,,False,@JEEE333L,혜인 너무 멋있어 😍💜,2,2024-11-05T10:18:40Z,2024-11-05T10:18:40Z
UgzgRyb2cfYq40SgehJ4AaABAg,,False,@even-handed,Hyeinie without her make up reminds me of her brother. They look so alike😂😂❤,24,2024-11-05T10:18:39Z,2024-11-05T10:18:39Z
Ugw6V1RG3ViWjvblSfN4AaABAg,,False,@갸아악-d4m,녹초가 되 엔딩ㅋㅋㅋㅋㅋㅋ혠이 일할때는 포스 뿜뿜인데 입만 열면 막내미 뿜뿜..🫳🫳🫳🐹🐹🐹🐹,0,2024-11-05T10:18:33Z,2024-11-05T10:18:33Z
Ugz2sdMf9UGa_sCnPGl4AaABAg,,False,@WSMTL,💜hyein!!!🫳🫳🫳🐹💜,0,2024-11-05T10:18:18Z,2024-11-05T10:18:18Z
UgxvLJHV1hN2TLmzNa94AaABAg,,False,@hevel.abel36-totheptothem,Our old baby~,0,2024-11-05T10:17:40Z,2024-11-05T10:17:40Z
UgyKO4_4evfqDMW4l_R4AaABAg,,False,@ogzz.z,Cool video,0,2024-11-05T10:17:37Z,2024-11-05T10:17:37Z
UgxgxYdgyC0OCCe6Nst4AaABAg,,False,@Cafe.73-o8w,"인기가요 pd는 짤리고 방송 벌 받는데 
죄송합니다 안함...대단하다",1,2024-11-05T10:17:33Z,2024-11-05T10:17:33Z
UgwAT1cBcuASnMODTcp4AaABAg,,False,@n0kiko,HI HYEIN~~~,1,2024-11-05T10:17:33Z,2024-11-05T10:17:33Z
UgwAT1cBcuASnMODTcp4AaABAg.AASbeGoFj84AASixS4VV5d,UgwAT1cBcuASnMODTcp4AaABAg,True,@kskutty100,hi,1,2024-11-05T11:21:20Z,2024-11-05T11:21:20Z
UgxHXVMInck7RQAn6SV4AaABAg,,False,@tharuupawanga,Pretty girl ❤,0,2024-11-05T10:17:24Z,2024-11-05T10:17:24Z
UgweCYAGYiE6yXYakAR4AaABAg,,False,@loveshackberry,Cutee❤,1,2024-11-05T10:17:07Z,2024-11-05T10:17:07Z
UgzZb2GV-rkca-nedkx4AaABAg,,False,@펀하니,귀엽💜💜,0,2024-11-05T10:17:06Z,2024-11-05T10:17:06Z
UgwRqyaGnvp-m7K0Bbd4AaABAg,,False,@Di_Ka_Knows,Sweet maknae🥰,0,2024-11-05T10:16:54Z,2024-11-05T10:16:54Z
UgxzltowEdeBG3Tu8hF4AaABAg,,False,@손채린-r9m,혠스터의 네번째 파리 좋은 콘텐츠를 보여줘서 고맙다핑~ 💙🧡💛💚💜🧢🐇🧢💜🩷💙💚💛🐰혠찌를 만난것 세상에서 가장 큰 진짜 행운이야~ 🧢💜🩷💙💚💛🐰이런 일상만 계속되길! 뉴진스와 민희진 대퓨님 을 응원합니다~newJeans,0,2024-11-05T10:16:45Z,2024-11-05T10:16:45Z
UgzuZmtcNnbinD2NoFp4AaABAg,,False,@rease_cup,goated maknae,0,2024-11-05T10:16:44Z,2024-11-05T10:16:44Z
Ugzj6zENCpkmXNNtc9l4AaABAg,,False,@jin-bm5uh,"혜인아, 멋진 일상을 우리에게 공유해줘서 고마워!
그 때 너무나 멋지고 아름다웠었던 혜인이를 보며 느꼈었던 감격이 다시 떠오르네!
앞으로도 혜인이가 전세계에서의 여러 소중한 경험들로 멋지게 성장할 수 있길 바라며 응원할게!",2,2024-11-05T10:16:26Z,2024-11-05T10:16:26Z
UgxcZXGKm7YAibfwDAh4AaABAg,,False,@may_bubu,hyein❤❤❤,0,2024-11-05T10:16:22Z,2024-11-05T10:16:22Z
UgyXDa34byxJuOUKfHF4AaABAg,,False,@T2EH1N,Model Hyein is stunning💜,2,2024-11-05T10:16:20Z,2024-11-05T10:16:20Z
Ugw2qPZ8UMIzUdi5Vgt4AaABAg,,False,@javalicaralho6254,5:47  LMAO HYEINNNN,1,2024-11-05T10:16:18Z,2024-11-05T10:16:18Z
UgwXBMkMc6YLLVjjGq14AaABAg,,False,@Useridgafa,❤❤❤❤❤❤❤❤❤❤,0,2024-11-05T10:15:22Z,2024-11-05T10:15:22Z
UgxwYVMfA1uIG-3iYy94AaABAg,,False,@cutycut,뱅기안에서 오빠랑 존똑 ㅋㅋ,1,2024-11-05T10:15:11Z,2024-11-05T10:15:11Z
Ugz5SToDHhKpMtLCB1B4AaABAg,,False,@elllaellla6541,Who loves hyein?,1,2024-11-05T10:15:02Z,2024-11-05T10:15:02Z
UgxlUacF7oi8mkkGLgR4AaABAg,,False,@Courgette23,Louis Vuitton personnalisé !,0,2024-11-05T10:14:42Z,2024-11-05T10:14:42Z
UgzGu1sECLfG4VWApuF4AaABAg,,False,@손채린-r9m,혜인핑 멤버들이 모여서 이렇게 특별한 팀이 된거잖아~🐻🍞🥕😺🐹🧢🐰너희가 최고이고.너희만의 특별 함이 있어!정말 너무 응원하고.사랑하고.태어나줘서 고 맙고.뉴진스로 데뷔 해줘서 고맙다핑!💙🧡💛💚💜🧢🐇이런 일상만 계속되길! 뉴진스와 민희진 대퓨님 을 응원합니다~,0,2024-11-05T10:14:41Z,2024-11-05T10:14:41Z
UgwGWzqIJar2dGcwsT54AaABAg,,False,@tv-de6hr,혜인이너무귀엽고 너무예뻐❤,0,2024-11-05T10:14:35Z,2024-11-05T10:14:35Z
UgwcgMvVdXOU7URKO4h4AaABAg,,False,@morethanacookie,아악 우리 애햄막둥이 ㅠㅠㅠㅠㅠㅠㅠㅠㅠ 너는 진짜 볼살 빠지면 안돼.. 😭🫳🫳,0,2024-11-05T10:14:35Z,2024-11-05T10:14:35Z
Ugx2S8NbOgxI59oKZxt4AaABAg,,False,@손채린-r9m,혠스터 파리 다녀오느라 고생 많았다핑~언제나 곁에 있어줄게핑 응원하고.사랑한다핑,0,2024-11-05T10:14:23Z,2024-11-05T10:14:23Z
UgwWUkYvz6iAx15aDPR4AaABAg,,False,@neru-neruko,ヘイン最高だ～～💜🐹,0,2024-11-05T10:14:22Z,2024-11-05T10:14:22Z
UgyeR5U0poQey9v9zbJ4AaABAg,,False,@TofuBean78,💜💜,1,2024-11-05T10:14:21Z,2024-11-05T10:14:21Z
Ugx3nrtFeBD3mDioKLd4AaABAg,,False,@autoanimation9634,NewJeans Forever❤️💚💜💙💛,0,2024-11-05T10:14:16Z,2024-11-05T10:14:16Z
UgxTqHNi1y9jqUGr4XR4AaABAg,,False,@qairalee,Lee hyein looks stunning as always 💕,0,2024-11-05T10:14:05Z,2024-11-05T10:14:05Z
UgzCkxmO3eq2s9lbpR54AaABAg,,False,@miat1966,Hyeinie q,0,2024-11-05T10:13:43Z,2024-11-05T10:13:43Z
Ugy17NuhkFv0pfjs0L14AaABAg,,False,@beesybusy,혜인Lee가 파리를 흔들엇다는 소식을듣고왔습니다😎😎,0,2024-11-05T10:13:37Z,2024-11-05T10:13:37Z
UgymYrB4SYr-rCQDuoR4AaABAg,,False,@cha3d99,너무 짧아서 아쉬워요잉 ㅜㅜㅜ 흑흑흗ㄱ,0,2024-11-05T10:13:30Z,2024-11-05T10:13:30Z
Ugy4nQgVg2DYhKe5n2x4AaABAg,,False,@손채린-r9m,🧢💜🩷💙💚💛🐰혠찌를 만난것 세상에서 가장 큰 진짜 행운이야~ 🧢💜🩷💙💚💛🐰혠스터의 네번째 파리 좋은 콘텐츠를 보여줘서 고맙다핑~ 💙🧡💛💚💜🧢🐇이런 일상만 계속되길! 뉴진스와 민희진 대퓨님 을 응원합니다~newJeans혜인핑 멤버들이 모여서 이렇게 특별한 팀이 된거잖아~🐻🍞🥕😺🐹🧢🐰너희가 최고이고.너희만의 특별 함이 있어!정말 너무 응원하고.사랑하고.태어나줘서 고 맙고.뉴진스로 데뷔 해줘서 고맙다핑!💙🧡💛💚💜🧢🐇이런 일상만 계속되길! 뉴진스와 민희진 대퓨님 을 응원합니다~😊,0,2024-11-05T10:13:17Z,2024-11-05T10:13:17Z
UgzXW5EXLKVMX1Aqn3t4AaABAg,,False,@Bella919,"Linda, minha vida",0,2024-11-05T10:13:08Z,2024-11-05T10:13:08Z
UgwqAgfyXsiiEQ8vWDB4AaABAg,,False,@MrRhYH,Hyein hyein hyein❤,0,2024-11-05T10:13:01Z,2024-11-05T10:13:01Z
UgxWNZSoQubXaROMcyJ4AaABAg,,False,@인생뭐있나요-o6t,혜인리~사랑해~💜,3,2024-11-05T10:12:51Z,2024-11-05T10:12:51Z
Ugxgtvzf3TqPxoK-WbV4AaABAg,,False,@minkiping,"혜인아 🥰 행복해야돼 ❤ 너때문에 행복한 사람 얼마나 많은지 알지? 고마워 너의 모든것이, ❤",8,2024-11-05T10:12:49Z,2024-11-05T10:12:49Z
Ugwck8o7ux7p1ayaCeh4AaABAg,,False,@usercgv8152,배두나이모 보구 넘좋아~ 이나영이모보면 더좋을걸? 많~이 닮았어😂,1,2024-11-05T10:12:24Z,2024-11-05T10:12:24Z
Ugzb9SW_y3bJFZvHEy54AaABAg,,False,@아침멱살,심쿵ㅎ,0,2024-11-05T10:12:07Z,2024-11-05T10:12:13Z
UgxWEbNORQ_Ob_dZs4d4AaABAg,,False,@kun-y7h,cute😘😘,0,2024-11-05T10:12:03Z,2024-11-05T10:12:03Z
UgzfxmxkoQSCmYNgoqh4AaABAg,,False,@Danisaurussss,Hyein looks very pretty even without makeup. 🩷,1,2024-11-05T10:12:00Z,2024-11-05T10:12:00Z
UgxJvL7Wmex5D98IFfl4AaABAg,,False,@roesroh,와 끝에 슈스 그자체네,0,2024-11-05T10:11:54Z,2024-11-05T10:11:54Z
Ugwwj5XuiOKKAjH9E0F4AaABAg,,False,@라텔-v3k,개이쁘네 뉴진엄마는 요즘 뭐해?,0,2024-11-05T10:11:39Z,2024-11-05T10:11:39Z
Ugz6m6NkL1YZ0mnUsjZ4AaABAg,,False,@lichenghsun,Hyein is pretty💜💜💜💜💜,10,2024-11-05T10:11:34Z,2024-11-05T10:11:34Z
UgwyqPbHL0yIyeJVwLF4AaABAg,,False,@Mechinnom-89,혜인이 아이폰 부자닼ㅋㅋㅋ,0,2024-11-05T10:11:26Z,2024-11-05T10:11:26Z
Ugxy4ZrfKDRVS9ocALV4AaABAg,,False,@sunshinefornj,혜인잏ㅎㅎㅎ녹초가 돼…도 귀엽고 이쁘군아💜난 또 버니즈가 돼..🩵🐰루이비통이랑 너무 찰떡이야 혠..!,10,2024-11-05T10:11:24Z,2024-11-05T10:11:24Z
Ugy4-YUXEL4tSPhAYE94AaABAg,,False,@Mechinnom-89,우리애기 이혜인💜💜💜💜💜💜,0,2024-11-05T10:11:06Z,2024-11-05T10:11:06Z
UgxBiE3TgE2_0RsgBwV4AaABAg,,False,@annabasz,Bae Doona and Hyein. Love them both❤❤❤,16,2024-11-05T10:10:58Z,2024-11-05T10:10:58Z
Ugy0ganSB2Xqq2EoNw94AaABAg,,False,@Meldonator,"Always appreciate members VLOGs! :) 
PS : I'm sure NWJNS could sold out the Zenith, the Accor Arena  or La Défense Arena... just saying :'(",0,2024-11-05T10:10:57Z,2024-11-05T10:10:57Z
UgxXNwcOOvXPRPFJ8OZ4AaABAg,,False,@Nu.t_ella,Newjeans,0,2024-11-05T10:10:57Z,2024-11-05T10:10:57Z
Ugz0XAAUKz3SUZI1IKp4AaABAg,,False,@wildbow-i7z,울 막내 이쁘고 귀엽고 다하네❤❤❤❤❤,0,2024-11-05T10:10:54Z,2024-11-05T10:10:54Z
Ugy_v9dNKu8w1AE5XwZ4AaABAg,,False,@Nu.t_ella,E,0,2024-11-05T10:10:46Z,2024-11-05T10:10:46Z
Ugy3Xz6YmIJptlGVkV94AaABAg,,False,@mischievous6820,We love you Hyein 🎉🎉🎉❤❤❤,4,2024-11-05T10:10:41Z,2024-11-05T10:10:41Z
UgyzHYFSEebnGcp7khl4AaABAg,,False,@Nu.t_ella,V,1,2024-11-05T10:10:35Z,2024-11-05T10:10:35Z
UgwRg6tUzt0sGgoJoPV4AaABAg,,False,@Dahui_0816,"황금막내 그 잡채 ,, 🫶🏻💗
최고 막내임 진짜 🩷🩷
앞으로 꽃길만 걷자 뉴진스 화이팅‼️
New jeans 🧢+🐰+ 🩵🩷💛💚💜",11,2024-11-05T10:10:29Z,2024-11-05T10:10:29Z
Ugw7vHZdEM-CEoWhsep4AaABAg,,False,@bunnies0718YE,아 귀여워❤❤❤ 녹초가 되,1,2024-11-05T10:10:25Z,2024-11-05T10:10:25Z
UgyEeYBtTZtBL-fTueZ4AaABAg,,False,@k0307-k2m,너무 짧다고요...,3,2024-11-05T10:10:12Z,2024-11-05T10:10:12Z
UgxeExZx3YzIslE2_fh4AaABAg,,False,@karma-u18,너만 기다렸어 진짜 이혜인💜💜💜,10,2024-11-05T10:10:09Z,2024-11-05T10:10:09Z
UgzkMcidX_2V6C_xYK14AaABAg,,False,@horang1544,화장 지웠을 때 완전 애기얼굴이다 ㅋㅋㅋㅋ혜인이의 지금은 얼굴 자체는 성숙한거 같은데 또 나이에 맞는 애기얼굴도 있어서 넘무 소중한 순간이라 많이 봐둬야하구나 ㅠㅠ 미래도 기대가 되지만 지금 이 순간을  볼 수 있다는게 너무 좋다!!🐰,277,2024-11-05T10:10:03Z,2024-11-05T10:10:03Z
UgzfC7lNECGltSA71zR4AaABAg,,False,@CutestEmoGhostGirlEver,Hyen is allways my bias 🩷🩷🩷,8,2024-11-05T10:09:54Z,2024-11-05T10:09:54Z
UgyPcCo2E6lWHWJGx294AaABAg,,False,@Nu.t_ella,L,0,2024-11-05T10:09:49Z,2024-11-05T10:09:49Z
Ugwnd5hqAxb2Gd0XAJR4AaABAg,,False,@Nu.t_ella,I,0,2024-11-05T10:09:29Z,2024-11-05T10:09:29Z
UgzQxcQBBuR0_rj84yt4AaABAg,,False,@maijsksk,3:30 너무 아가혜인💜💜,13,2024-11-05T10:09:25Z,2024-11-05T10:09:25Z
UgyADSwYHaWgtCA870V4AaABAg,,False,@sarraah_.0,Hyein'aaaa i love you I'm your unnie,17,2024-11-05T10:09:23Z,2024-11-05T10:09:23Z
UgzlipeSE6XzH6GflaN4AaABAg,,False,@Nu.t_ella,Beautiful women ❤❤❤❤❤🙀🙀🙀,1,2024-11-05T10:09:19Z,2024-11-05T10:09:19Z
Ugx2URQSK-BvjtAo-EF4AaABAg,,False,@i.m.im_1404,🥰🥰🥰🥰🥰,1,2024-11-05T10:09:19Z,2024-11-05T10:09:19Z
UgwsJ1vUWrNvy_5_W4F4AaABAg,,False,@3HMD-y7o,너무 귀여워❤Very cute HYEIN もう可愛くてたまらん(*´﹃｀*),2,2024-11-05T10:09:17Z,2024-11-05T10:09:17Z
UgzKyY4zA2b739W7ngp4AaABAg,,False,@kimjerrypotter,3:14 갑자기 애기 등장 뭐야ㅋㅋㅋ 혜인이 저 행사날 너무 예쁘고 멋졌어! 버니즈들한테 가까이 가서 인사해주는거 보니까 예전에 에펠탑 앞에서 뉴진스 춤추는 버니즈한테 가서 인사한 것도 생각난다ㅎㅎ,15,2024-11-05T10:09:14Z,2024-11-05T10:10:58Z
Ugx0ga3qoGqcGxDIxHV4AaABAg,,False,@mayan-22,جايه ادور نجد🗿🗿,2,2024-11-05T10:09:13Z,2024-11-05T10:09:13Z
Ugxh_5OFEy3zM5KQA5V4AaABAg,,False,@choco-z7z,"혜인아 사랑해🥰🫶
뉴진스 우주끝까지 응원하고 사랑해!!🍀",48,2024-11-05T10:08:50Z,2024-11-05T10:08:50Z
UgyiyjamIgPs1ld9RuJ4AaABAg,,False,@머거밥,아 너무 짧아요ㅠㅠㅠㅠㅠㅠ 기록혠만 왤케 짧은 거야🥺🥺 예쁜 혜인이 오래보고 싶습니다..,26,2024-11-05T10:08:48Z,2024-11-05T10:08:48Z
Ugxomb02COmL-TlPGkh4AaABAg,,False,@ruokay.,aww i love how happy she got when seeing bunnies🤍 hyein you deserve the world & more🥹,5,2024-11-05T10:08:42Z,2024-11-05T10:08:42Z
UgymQPSttx7i9AtHyQV4AaABAg,,False,@iiamganh,luv u Hyein ❤💗,11,2024-11-05T10:08:38Z,2024-11-05T10:08:38Z
UgwtR6SwBiL9sXLYqQ14AaABAg,,False,@jei.ganaden,Always a slayer of fashion Hyein Lee 💜✨,3,2024-11-05T10:08:34Z,2024-11-05T10:08:34Z
Ugx1wH-JKMgjEZpIUkN4AaABAg,,False,@camilabelenblanco9226,It lasted so little😩,1,2024-11-05T10:08:30Z,2024-11-05T10:08:30Z
UgwHy6xWLhTNvyFbfoF4AaABAg,,False,@torchlight4305,혜인이다~~~💜💕💖💜,2,2024-11-05T10:08:22Z,2024-11-05T10:08:22Z
UgxXzh0dhgEmxo-bLf14AaABAg,,False,@버니니-p7t,귀여워 ㅎㅎ❤❤❤,1,2024-11-05T10:08:22Z,2024-11-05T10:08:22Z
UgxYiPWkDRmIaRMmVDx4AaABAg,,False,@munexabdi4239,Only 6 mint 😭😭😭,1,2024-11-05T10:08:19Z,2024-11-05T10:08:19Z
UgyZG3UVaSecgXkHqVp4AaABAg,,False,@leViaThanMHDHH,멋진 뉴진스 막내 혜인 파리에서 빛났다😍 반짝😘,3,2024-11-05T10:08:11Z,2024-11-05T10:08:11Z
Ugz7r_sZkZgrKTzqc-t4AaABAg,,False,@심재덕-l8k,혜인이 예뻐요. 응원할게..❤❤❤,3,2024-11-05T10:08:04Z,2024-11-05T10:08:04Z
Ugz5xzS7-KUar5Ic_hF4AaABAg,,False,@행복-m8c1b,혠이 루이비통🧡💜 배두나님이랑 사진찍을때랑 찍은 후에 갭차이 뭔데ㅠㅠ귀여운 혬찌...🐹🫠,50,2024-11-05T10:08:03Z,2024-11-05T10:08:03Z
UgxuFa8g0hsUWzob31t4AaABAg,,False,@thanh4222,Baby Hyein is so pretty 💜,5,2024-11-05T10:07:58Z,2024-11-05T10:07:58Z
UgwpSt7r9WiZ2eYcws14AaABAg,,False,@mischievous6820,Baby Hyein❤,7,2024-11-05T10:07:58Z,2024-11-05T10:07:58Z
Ugxt4X9KNeiHkJQZ63p4AaABAg,,False,@amiami2233,3:14 化粧落としたら急に赤ちゃんになっちゃってかわいい💕,49,2024-11-05T10:07:47Z,2024-11-05T10:07:47Z
UgxRDRF4A1F_WyejuQB4AaABAg,,False,@가을가을-g4d,혜인아💜💜💜,15,2024-11-05T10:07:42Z,2024-11-05T10:07:42Z
Ugzw06Vj5IUOrb7yoKZ4AaABAg,,False,@머거밥,황금막내이혜인💜💜💜 루이비통이랑 넘 잘 어울림 기록혠만 기달렸어ㅠㅠ🥲🥲,1,2024-11-05T10:07:38Z,2024-11-05T10:07:38Z
Ugz8NXmGsHXgbjyYINR4AaABAg,,False,@shigeki_yokota,🤗💚,1,2024-11-05T10:07:33Z,2024-11-05T10:07:33Z
UgybEQJwVazy3NanL1F4AaABAg,,False,@vannguyen-pi6lj,❤❤💜💜,0,2024-11-05T10:07:31Z,2024-11-05T10:07:31Z
Ugy3y0VBzIsJ_iS8nY94AaABAg,,False,@보리-i8h,도파민 뿜뿜,1,2024-11-05T10:07:31Z,2024-11-05T10:07:31Z
UgxXlpiUyX2d4eBV2e14AaABAg,,False,@Lupi-f9s,Most beautiful maknae ever hyein 💜💜💜💜,10,2024-11-05T10:07:17Z,2024-11-05T10:07:17Z
UgwSo_caqBaIE5v6z6p4AaABAg,,False,@최찌우0.0,"🎀헐 5분전 이혜인언니 진심 사랑해🐹
혜인혜인혜인혜인혜인혜인혜인혜인혜인혜인혜인혜인혜인혜인혜인혜인혜인혜인혜인혜인혜인혜인혜인혜인혜인혜인혜인혜인혜인혜인혜인혜인혜인혜인혜인혜인혜인혜인혜인혜인혜인혜인혜인혜인혜인혜인혜인혜인혜인혜인혜인혜인혜인혜인혜인혜인혜인혜인혜인혜인혜인혜인혜인혜인혜인혜인혜인혜인혜인혜인혜인혜인혜인혜인혜인혜인혜인혜인혜인혜인혜인혜인혜인혜인혜인혜인혜인혜인혜인혜인혜인혜인혜인혜인혜인혜인혜인혜인혜인혜인혜인혜인혜인혜인혜인혜인혜인혜인혜인혜인혜인혜인혜인혜인혜인혜인혜인혜인혜인혜인혜인혜인혜인혜인혜인혜인혜인혜인혜인혜인혜인혜인혜인혜인혜인혜인혜인혜인혜인혜인혜인혜인혜인혜인혜인혜인혜인혜인혜인혜인혜인혜인혜인혜인혜인혜인혜인혜인혜인혜인혜인혜인혜인🅻🅾🆅🅴",0,2024-11-05T10:07:04Z,2024-11-05T10:07:04Z
UgwSo_caqBaIE5v6z6p4AaABAg.AASaSZY1kScAASaVEMalZM,UgwSo_caqBaIE5v6z6p4AaABAg,True,@최찌우0.0,💖민대퓨님ღ,0,2024-11-05T10:07:26Z,2024-11-05T10:07:26Z
Ugzyr6jtcvurwzxARMV4AaABAg,,False,@takeitslow2,혠이 귀여워 배두나님이랑 사진찍어서 좋아하는거 봐 팬들한테도 다정하고 사랑둥이,77,2024-11-05T10:06:57Z,2024-11-05T11:28:49Z
UgwLOv8BPCue6LcdxdB4AaABAg,,False,@사랑애-6021,하...4분전 혠이 미모가 나라 살린다 이 말이여~,0,2024-11-05T10:06:51Z,2024-11-05T10:06:51Z
UgyvY5nR_k_xZmCgZ9x4AaABAg,,False,@CarrotandAniyaArtandcraftz,Hyein is so pretty❤❤,1,2024-11-05T10:06:49Z,2024-11-05T10:06:49Z
Ugzu2dMLBbvcz10XbjF4AaABAg,,False,@팜하니,아니 녹초가 된다음에 왜 뒤가 없냐고요,0,2024-11-05T10:06:41Z,2024-11-05T10:06:41Z
UgxI_rRKUHa6vCaRWBB4AaABAg,,False,@munexabdi4239,I’m so early 😭😭,0,2024-11-05T10:06:40Z,2024-11-05T10:06:40Z
UgyFgyr4FBK99lFBqGp4AaABAg,,False,@P1eceTheo,16 yo and so talented,0,2024-11-05T10:06:34Z,2024-11-05T10:06:34Z
UgxGWQd-ZeU5633odxh4AaABAg,,False,@chalamet-timothee,사랑ㅎㅖ인 ❤,1,2024-11-05T10:06:29Z,2024-11-05T10:06:29Z
UgxK_nWKUX4UDhPNua54AaABAg,,False,@Nattosuki,진짜 모델같다 너무 예쁘다…… 그리고 귀여워…🥹,10,2024-11-05T10:06:18Z,2024-11-05T10:06:18Z
UgyEOfGoZv-sOuQy5WR4AaABAg,,False,@vivisecrett,5 min ago ‼️💕 love you hyein 🤍,0,2024-11-05T10:05:52Z,2024-11-05T10:05:52Z
Ugxbi6esrnUFa3B7ai94AaABAg,,False,@maijsksk,my love❤❤,0,2024-11-05T10:05:36Z,2024-11-05T10:05:36Z
UgzSJmDn12iAsz9dNKF4AaABAg,,False,@とダっち,ヘイン可愛い〜😍😍😍,25,2024-11-05T10:05:35Z,2024-11-05T10:05:35Z
Ugycg7IOSftlFxzlB7h4AaABAg,,False,@chaeee-w6z,혜인이 왤케 인싸야!!!!!!,31,2024-11-05T10:05:33Z,2024-11-05T10:05:33Z
Ugycg7IOSftlFxzlB7h4AaABAg.AASaHPKY6kQAASmUY3yInR,Ugycg7IOSftlFxzlB7h4AaABAg,True,@hhhfzv,이혜인싸🐸💪💪,0,2024-11-05T11:52:12Z,2024-11-05T11:52:12Z
Ugxaz0gIWLEleb4UZvt4AaABAg,,False,@しま-l3w,最強マンネがどんどん綺麗になっていく💜,2,2024-11-05T10:05:32Z,2024-11-05T10:05:32Z
UgwTdORIWw_AhdQ7ZCN4AaABAg,,False,@roesroh,혜인아❤,23,2024-11-05T10:05:31Z,2024-11-05T10:05:31Z
UgzfOiKMv0KWqj2gxl94AaABAg,,False,@krimsan0,화장 지운 게 더 이쁜데? 역시 천사 혠🐹❤️‍🔥,38,2024-11-05T10:05:31Z,2024-11-05T10:05:48Z
UgwUbAUMdicLtXhRSFt4AaABAg,,False,@leekwaku-n2q,햄토리 혠.... 너 무이뻐,3,2024-11-05T10:04:58Z,2024-11-05T10:04:58Z
Ugxf8Lf9jw249tp9xrh4AaABAg,,False,@SH_Sun01,Hyein is so pretty 🌸🌸🩷,12,2024-11-05T10:04:56Z,2024-11-05T10:04:56Z
UgwrTe_q1isjItByfid4AaABAg,,False,@뿌딩-y6v,진짜 졸라 이쁘네,0,2024-11-05T10:04:55Z,2024-11-05T10:04:55Z
Ugz97kaCwJHReLuCyUV4AaABAg,,False,@loreeepot,Hyein in the airplane looked just like his brother,1,2024-11-05T10:04:49Z,2024-11-05T10:04:49Z
UgzMzlGqENwENY4GMxJ4AaABAg,,False,@Cheesecake-iv4lp,Omggg babe wake up NWJS js posted ><,4,2024-11-05T10:04:31Z,2024-11-05T10:04:31Z
UgwJcuR3IEVN4mxsk-N4AaABAg,,False,@jdjsidk-n2j,비행기 바나나 먹을 때.. 오빠 닮았다고 하면 화낼 거지 혜인아... ₍˄·͈༝·͈˄*₎◞ ̑̑,0,2024-11-05T10:04:26Z,2024-11-05T10:04:26Z
UgyFsPLwr0NxU9l_dw14AaABAg,,False,@400년만ILOVEYOU,너무 예뻐🥹🥹 갈수록 예뻐지는ㄴ거 같아 ..,46,2024-11-05T10:04:19Z,2024-11-05T10:04:19Z
UgxehnSfT6Jh8c_CC4h4AaABAg,,False,@minayein-e8i,😊😊😊,1,2024-11-05T10:04:01Z,2024-11-05T10:04:01Z
UgyPOag3H71cDa_rO5Z4AaABAg,,False,@JunKwoo,혠이 모델일하러 갔었구나❤,1,2024-11-05T10:03:48Z,2024-11-05T10:03:48Z
UgzDFXR69bAMOQBJHnl4AaABAg,,False,@YuiKawaii,Hyein So Pretty💖💖,19,2024-11-05T10:03:45Z,2024-11-05T10:03:45Z
Ugz5agtC1pWp0DY0Z4p4AaABAg,,False,@nub.p282,🩵🤏🏼,1,2024-11-05T10:03:26Z,2024-11-05T10:03:26Z
UgxHunYKqx_Ae5MZiJl4AaABAg,,False,@모리는모구모구를먹어,혜인이는 진짜 유명한 막내임...❤,2,2024-11-05T10:03:25Z,2024-11-05T10:03:25Z
UgwjHBcG0nbkVg7K5xJ4AaABAg,,False,@aust2n,2:59 마스크로 머리 묶는거 ㅋㅋㅋㅋㅋ 넘귀,9,2024-11-05T10:03:24Z,2024-11-05T10:03:48Z
UgxLDAKLho5BgXSAbHx4AaABAg,,False,@juhwikim5351,혜인이 너무 예쁘네요 :),23,2024-11-05T10:03:17Z,2024-11-05T10:03:17Z
Ugw_WISChU5Nr4zqIDt4AaABAg,,False,@beater6754,don't sweat it.because i love you,0,2024-11-05T10:03:12Z,2024-11-05T10:03:12Z
Ugx-LIbHbuT6FNdpomB4AaABAg,,False,@ayeshaguevara9860,I love y'all smm☹️☹️💟💟,1,2024-11-05T10:03:08Z,2024-11-05T10:03:08Z
UgwGOLpV4P4bhl29G0p4AaABAg,,False,@Lisa_Felix2715,I Love You Sooo Much Hyeinnnnnn❤❤❤❤❤❤❤❤❤❤❤❤❤❤❤❤❤❤❤❤❤❤❤❤❤❤❤❤❤️❤️❤️❤️❤️❤️❤️❤️❤️❤️❤️❤️❤️❤️❤️❤️❤️❤️❤️❤️❤️❤️❤️❤️❤️❤️❤️❤️❤️❤️❤️❤️❤️❤️❤️❤️❤️❤️❤️❤️❤️❤❤❤❤❤❤❤❤❤❤❤❤❤❤❤❤❤❤❤❤❤❤❤❤❤❤❤❤❤❤❤❤❤❤❤❤❤❤❤❤❤❤❤❤❤❤❤❤❤❤❤❤❤❤❤❤❤❤❤❤❤❤❤❤❤❤❤❤❤❤❤❤❤❤❤❤❤❤❤❤❤❤❤❤❤❤❤❤❤❤❤❤❤❤❤❤❤❤❤❤❤❤❤❤❤❤❤❤❤❤❤❤❤❤❤❤❤❤❤❤❤❤❤❤❤❤❤❤❤❤❤❤❤❤❤❤❤❤❤❤❤❤❤❤❤❤❤❤❤❤❤❤❤❤❤❤❤❤❤❤❤❤❤❤❤❤❤❤❤❤❤❤❤❤❤❤❤❤❤❤❤❤❤❤❤❤❤❤❤❤❤❤❤❤❤❤❤❤❤❤❤❤❤❤❤❤❤❤❤❤❤❤❤❤❤❤❤❤❤❤❤❤❤❤❤❤❤❤❤❤❤❤❤❤❤❤❤❤❤❤❤❤❤❤❤❤❤❤❤❤❤❤❤❤❤❤❤❤❤❤❤❤❤❤❤❤❤❤❤❤❤❤❤❤❤❤❤❤❤❤❤❤❤❤❤❤❤❤❤❤❤❤❤❤❤❤❤❤❤❤❤❤❤❤❤❤❤❤❤❤❤❤❤❤❤❤❤❤❤❤❤❤❤❤❤❤❤❤❤❤❤❤❤❤❤❤❤❤❤❤❤❤❤❤❤❤❤❤❤❤❤❤❤❤❤❤❤❤❤❤❤❤❤❤❤❤❤❤❤❤❤❤❤❤❤❤❤❤❤❤❤❤❤❤❤❤❤❤❤❤❤❤❤❤❤❤❤❤❤❤❤❤❤❤❤❤❤❤❤❤❤❤❤❤❤❤❤❤❤❤❤❤❤❤❤❤❤❤❤❤❤❤❤❤❤❤❤❤❤❤❤❤❤❤❤❤❤❤❤❤❤❤❤❤❤❤❤❤❤❤❤❤❤❤❤❤❤❤❤❤❤❤❤❤❤❤❤❤❤❤❤❤❤❤❤❤❤❤❤❤❤❤❤❤❤❤❤❤❤❤❤❤❤❤❤❤❤❤❤❤❤❤❤❤❤❤❤❤❤❤❤❤❤❤❤❤❤❤❤❤❤❤❤❤❤❤❤❤❤❤❤❤❤❤❤❤❤❤❤❤❤❤❤❤❤❤❤❤❤❤❤❤❤❤❤❤❤❤❤❤❤❤❤❤❤❤❤❤❤❤❤❤❤❤❤❤❤❤❤❤❤❤❤❤❤❤❤❤❤❤❤❤❤❤❤❤❤❤❤❤❤❤❤❤❤❤❤❤❤❤❤❤❤❤❤❤❤❤❤❤❤❤❤❤❤❤❤❤❤❤❤❤❤❤❤❤❤❤❤❤❤,1,2024-11-05T10:03:05Z,2024-11-05T10:03:05Z
Ugx5m675844Y6p8tz_h4AaABAg,,False,@Cream_K4naf-128,ヘインがバーニーズたちのために一生懸命撮ってくれている姿が素晴らしいです… ヘイン、宇宙の終わりまで幸せに愛します!!! 💜,66,2024-11-05T10:02:54Z,2024-11-05T10:06:00Z
UgxY6ooDyf3J8p9b3PJ4AaABAg,,False,@mins_bunnies,혜인이가 말했던 것처럼 다른 공간에 있더라도 같은 울림을 공유하며 깊은 인연으로 채워진 같은 공간을 마음 속에 지니고 서로를 항상 평화롭게 떠올릴 수 있기를,128,2024-11-05T10:02:47Z,2024-11-05T10:02:47Z
UgxZ4nMAshH2y2Gu4AZ4AaABAg,,False,@버니즈NewJeans,"사랑해
혜인아",35,2024-11-05T10:02:44Z,2024-11-05T10:02:44Z
UgyoFln8smjbraOLMvx4AaABAg,,False,@userxofbvoiwubfpuwbpviuwbr,🐰💙,1,2024-11-05T10:02:42Z,2024-11-05T10:02:42Z
UgyzS_Ek3lv_kExhSsR4AaABAg,,False,@mahabubajannathashi1199,"Our Shining Maknae, let’s goo Grace Lee 💜💜💜",12,2024-11-05T10:02:32Z,2024-11-05T10:02:32Z
UgzjlErlLnB4lgrSkOB4AaABAg,,False,@jsfnle5875,❤❤❤,0,2024-11-05T10:02:32Z,2024-11-05T10:02:32Z
UgwH9Ndt5wMX25Mb2sR4AaABAg,,False,@민지_57,"혜인이 그냥 귀엽고 이쁘고 다 혀 ㅋㅋ
파리 잘 갔다와서 다행이야 :) 혜인이 항상 화이팅!",69,2024-11-05T10:02:30Z,2024-11-05T10:02:30Z
Ugw3Ryysdtc_Q49JLeF4AaABAg,,False,@왈왈ru,예쁘다 💜 혜이니 사랑행🫶,27,2024-11-05T10:02:28Z,2024-11-05T10:02:28Z
UgxNXA0NmO6HvaJr2C14AaABAg,,False,@ประดับเกียรติพันโเรช,❤❤love you,1,2024-11-05T10:02:26Z,2024-11-05T10:02:26Z
UgzGLSYsGwwCj_RH34h4AaABAg,,False,@Neo-dx9cy,그만 예쁘세요~ 그만 예쁘세요~ 그만 예쁘세요~ 그만 예쁘세요~ 그만 예쁘세요~ 그만 예쁘세요~ 그만 예쁘세요~ 그만 예쁘세요~ 그만 예쁘세요~,11,2024-11-05T10:02:24Z,2024-11-05T10:02:24Z
Ugy0-0_eLpzlEQbu0E14AaABAg,,False,@BLM906,パリの街がこんなに合う16歳はヘインしかいません。本当に美しい人、永遠の憧れです。,19,2024-11-05T10:02:21Z,2024-11-05T10:02:21Z
UgwrxnWOFYfgh65-6n14AaABAg,,False,@hac0b24,"It felt illegal to be this early, hyein with glasses is always cute.",6,2024-11-05T10:02:21Z,2024-11-05T10:02:21Z
UgwV2VSJIzv04isS6b94AaABAg,,False,@aryadipta_bph,❤,0,2024-11-05T10:02:21Z,2024-11-05T10:02:21Z
UgyIlX0FZK38_051KyF4AaABAg,,False,@sungname1004,"[이혜인+루이비통=레전드 짤 탄생]
불변의 공식이자 법칙",1,2024-11-05T10:02:20Z,2024-11-05T10:02:20Z
UgyX-HpNcZwVXEo-Ebh4AaABAg,,False,@Dream0209,❤❤❤❤,0,2024-11-05T10:02:19Z,2024-11-05T10:02:19Z
UgxtbqhkRh6rzXZyRht4AaABAg,,False,@imthatgoodpeople,GERCEP DAPET HYEIN KAN,1,2024-11-05T10:02:03Z,2024-11-05T10:02:03Z
UgweyrdusI815NYQP4p4AaABAg,,False,@Cute-Montiez,Hyein🧡🐹,25,2024-11-05T10:02:00Z,2024-11-05T10:02:00Z
UgyFD13nbE1DmGCG6tZ4AaABAg,,False,@0179빵사즈,사랑혜인,8,2024-11-05T10:01:53Z,2024-11-05T10:01:53Z
UgzLhe2uVeJy8LScj854AaABAg,,False,@jasminsalsabilaarifah4024,❤,0,2024-11-05T10:01:53Z,2024-11-05T10:01:53Z
Ugyi2Cet5q78BmI-LSZ4AaABAg,,False,@너희는감동이야,혠이는 정말 귀여운 햄찌다. 💜,21,2024-11-05T10:01:52Z,2024-11-05T10:01:52Z
UgzxcSltYQCnlIhzl3h4AaABAg,,False,@Kangstrezz,Hyein fighting!,7,2024-11-05T10:01:52Z,2024-11-05T10:01:52Z
UgxIWsI7J5Ccgq2arM94AaABAg,,False,@OhMyYoona1,People who came from Weverse...,1,2024-11-05T10:01:52Z,2024-11-05T10:01:52Z
UgyeXD9XOFlfk2yfj3p4AaABAg,,False,@jinzzaroo,혜인핑~💜🪽🍀👍🏻❤️,0,2024-11-05T10:01:48Z,2024-11-05T10:01:48Z
UgwJs-Q_E7ZrJAHhGCN4AaABAg,,False,@wan.jh0nny,혜인이 늘 사랑해😍💕💕,59,2024-11-05T10:01:47Z,2024-11-05T10:01:47Z
Ugwq2N-zEbaZ61U9seh4AaABAg,,False,@Daniwlele,"NEW JEANS COME TO BRAZIL! HAVE COXINHA, BUNNIES, PÃO DE QUEIJO, BRIGADEIRO, 우리는 당신을 사랑합니다!앞으로 올 일이 더 나빠요 😭💗🙏",0,2024-11-05T10:01:44Z,2024-11-05T10:01:44Z
Ugwzi2eQpY9tnoYwsbB4AaABAg,,False,@RhevindellRokuro,We love you bunnies ❤,0,2024-11-05T10:01:44Z,2024-11-05T10:01:44Z
Ugx9vhAtzjXbQusPT4J4AaABAg,,False,@danielle_0411s,혜인니 너무 예뻐 정말 사랑스러워💜💜💜💜💜🐰🧢,37,2024-11-05T10:01:43Z,2024-11-05T10:01:43Z
Ugx-gScB0WKQ6wsc8IZ4AaABAg,,False,@Cutepiezzzzz,Under 1 min ❤,7,2024-11-05T10:01:41Z,2024-11-05T10:01:41Z
UgxSDdW6eU2MowAS0iF4AaABAg,,False,@gaeforJihye,How many international fans are here?,0,2024-11-05T10:01:40Z,2024-11-05T10:01:40Z
UgxMbm1RUdObdwCsFhF4AaABAg,,False,@박기봉-v9h,날이 갈수록 미모 고점 갱신…. 어디까지 성장할지 궁금하다 늘 응원한다,42,2024-11-05T10:01:39Z,2024-11-05T10:01:39Z
UgwFvWnTP-N9fFyNtIR4AaABAg,,False,@WeirdLookingGirl,Earlyy,0,2024-11-05T10:01:37Z,2024-11-05T10:01:37Z
Ugz4Aw2_el--avdQvQ54AaABAg,,False,@Balckbear7,"언니들 옆에는 귀욤둥이
혼자 패션쇼 갈 때는 성숙한 이혜인
하..살려줘🥰",114,2024-11-05T10:01:37Z,2024-11-05T10:01:37Z
UgyDk4L_UkhcZCi8Otl4AaABAg,,False,@lll_Puremind_lll,이제 슬슬 새로운 앨범이 나오길 기다려야겠군요.,99,2024-11-05T10:01:36Z,2024-11-05T10:01:36Z
UgyDk4L_UkhcZCi8Otl4AaABAg.AAS_pRYzbiXAASyqxxNvxh,UgyDk4L_UkhcZCi8Otl4AaABAg,True,@박지현-g5k3i,제발 나와라,12,2024-11-05T13:40:15Z,2024-11-05T13:40:15Z
UgyDk4L_UkhcZCi8Otl4AaABAg.AAS_pRYzbiXAA_hIqo9Erz,UgyDk4L_UkhcZCi8Otl4AaABAg,True,@QKSKnightshade,"보여주기식으로라도 내줘야 할거에요
약속된 앨범 장수가 있을거 같기도 하고 
아님 계약 해지 소송 들어가겠죠",4,2024-11-08T13:40:50Z,2024-11-08T13:40:50Z
Ugw93hYjDAwf2YcGlQN4AaABAg,,False,@林岳廷-p4p,🐹🐹❤️❤️,1,2024-11-05T10:01:35Z,2024-11-05T10:01:35Z
UgxqsBJJMBtesfMZSmh4AaABAg,,False,@Diazz-pj2on,너무 이쁘네여❤❤,30,2024-11-05T10:01:34Z,2024-11-05T10:01:34Z
UgxHEGC_7eMxPADATcZ4AaABAg,,False,@ons_jj_sc,Pretty girl💜,10,2024-11-05T10:01:32Z,2024-11-05T10:01:32Z
UgzlkCBGt8kfuPZqRRt4AaABAg,,False,@tomagotchu,Little hamster 🐹 ❤❤❤,0,2024-11-05T10:01:32Z,2024-11-05T10:01:32Z
Ugyhlh034PTle2laZAh4AaABAg,,False,@berrwy_111,💗💗💗💗💗💗💗💗,0,2024-11-05T10:01:32Z,2024-11-05T10:01:32Z
UgwqY1FCf2CtZRjUNDd4AaABAg,,False,@dsbh3313,덮머 혜인이 너무 예쁘당🥰🩷🩷🩷 파리 다녀오느라 고생했어~,75,2024-11-05T10:01:31Z,2024-11-05T10:01:31Z
Ugz0UFM_Zz9B3DBzarB4AaABAg,,False,@dinosaur520,💜💜💜💜💜💜💜💜,0,2024-11-05T10:01:27Z,2024-11-05T10:01:27Z
UgybcT1EgCLkizJmRU54AaABAg,,False,@mrlayfoodblogs,NEWJEANS :DDDDDDD,1,2024-11-05T10:01:25Z,2024-11-05T10:01:25Z
UgxTfFIC8G76WBXl4ed4AaABAg,,False,@amarraiscool,CUTIEEE,0,2024-11-05T10:01:25Z,2024-11-05T10:01:25Z
UgyA6sNqh1z4IU3b2614AaABAg,,False,@Meovv5,Early,0,2024-11-05T10:01:22Z,2024-11-05T10:01:22Z
Ugy-usaVBcIm3sNCq614AaABAg,,False,@UR2SC,Pikpiki 🐥💖✨,0,2024-11-05T10:01:21Z,2024-11-05T18:34:48Z
Ugw3ccjgT9txQ18pEQR4AaABAg,,False,@OhMyYoona1,WE LOVE HYEIN WE SAY IN UNISON!!!,5,2024-11-05T10:01:20Z,2024-11-05T10:01:20Z
Ugx904kcYepoP-ebxDh4AaABAg,,False,@erynashow,ヘイン、愛してるよ!! 💜💜,0,2024-11-05T10:01:17Z,2024-11-05T10:01:17Z
UgzFfVUBa8dT5Z1O0eF4AaABAg,,False,@jdjsidk-n2j,혜이나 일상 공유해 줘서 고미워♥︎,54,2024-11-05T10:01:17Z,2024-11-05T10:01:17Z
Ugw1JvzONljV_5SjtBF4AaABAg,,False,@heartz4_hanni,HYEIN UR SO AMAZINF,5,2024-11-05T10:01:14Z,2024-11-05T10:01:14Z
UgxWdy8tPk77-EzbdmN4AaABAg,,False,@bambyplliz,EARLY,1,2024-11-05T10:01:10Z,2024-11-05T10:01:10Z
UgwXUdBGV5QDwnih5cV4AaABAg,,False,@penguin0322,💜💜💜💜💜,0,2024-11-05T10:01:09Z,2024-11-05T10:01:09Z
UgznwBzBqmMiAjJ3wPJ4AaABAg,,False,@chriscponwatanayotin4657,😳🐹✨,0,2024-11-05T10:01:09Z,2024-11-05T10:09:28Z
UgxyHfEogI64Oqab1zx4AaABAg,,False,@heartz4_hanni,LOVE U NEWJEANS,18,2024-11-05T10:01:07Z,2024-11-05T10:01:07Z
Ugz4tWHvmKTEutIUP_t4AaABAg,,False,@이상해린,막내 귀염둥이❤❤,93,2024-11-05T10:01:05Z,2024-11-05T10:01:05Z
Ugye28seIkW3ilcAJmR4AaABAg,,False,@ghostlyy820,"Hyein is the sweetest, funniest, most talented maknae 💖💖💖",107,2024-11-05T10:01:05Z,2024-11-05T10:01:05Z
UgwFiCRN_vCyMomlZ5t4AaABAg,,False,@YAMA_TAI-r1m,かわいい,0,2024-11-05T10:01:02Z,2024-11-05T10:01:02Z
Ugw9TZltFYhVYlLgGp54AaABAg,,False,@Bxckysrxha,Kiyowooo > _ <,0,2024-11-05T10:01:02Z,2024-11-05T10:01:02Z
Ugx7lOeG1akexqvucy94AaABAg,,False,@정승리-z5k,혜인이 너무 귀여워,0,2024-11-05T10:01:01Z,2024-11-05T10:01:01Z
UgwoGe2UgPaEnG_I5Jx4AaABAg,,False,@Runi_zZ,可愛い😍,17,2024-11-05T10:01:01Z,2024-11-05T10:01:01Z
UgwqHu-zQGuCbEAcYUt4AaABAg,,False,@팜진스,혜인이 원래도 예뻤는데 갈수록 예뻐진다💜🫳🫳🫳,72,2024-11-05T10:00:57Z,2024-11-05T10:00:57Z
UgyrLodCXi7Wh54FeU94AaABAg,,False,@Reine-Lee,"HYEIN, ilysm😞💕",25,2024-11-05T10:00:57Z,2024-11-05T10:00:57Z
Ugx-sCFYXSsqMDFeKON4AaABAg,,False,@jlee3985,울 막내 혠이 여신이네,2,2024-11-05T10:00:56Z,2024-11-05T10:00:56Z
UgwErfiT6kEKq_R1XK94AaABAg,,False,@AstheticStrawberry,Yayyy pretty pretty,0,2024-11-05T10:00:55Z,2024-11-05T10:00:55Z
UgypN3O46_ZcdYx-vgN4AaABAg,,False,@병아리TV-i1z,너무 이쁘장한데❤,6,2024-11-05T10:00:54Z,2024-11-05T10:00:54Z
UgzGhLnin_yANAtKX_V4AaABAg,,False,@gachamemeplayz3594,I love newjeans!!!💙🩷💛💚💜,5,2024-11-05T10:00:53Z,2024-11-05T10:00:53Z
UgzWx4VuOEEaCF3vOk94AaABAg,,False,@newjeans_LOVE5,ヘインちんちゃ可愛いよー❤,15,2024-11-05T10:00:52Z,2024-11-05T10:00:52Z
UgzFcjPzRATpYqLesF94AaABAg,,False,@슈퍼맨-n8j,파리에서도 행복한 혜인이 영원하라,0,2024-11-05T10:00:51Z,2024-11-05T10:00:51Z
UgxTS3j6gVLdYjCj3W94AaABAg,,False,@heartz4_hanni,40 SECS?!,0,2024-11-05T10:00:51Z,2024-11-05T10:00:51Z
Ugz9DyY-OBhghGvCzjN4AaABAg,,False,@loreeepot,Hyeinaaaahhhh we love youuu,24,2024-11-05T10:00:51Z,2024-11-05T10:00:51Z
UgwLwxQngI5ECOSGJUZ4AaABAg,,False,@asmodeuspussy,WE WILL ALWAYS STAND WITH NEWJEANS,0,2024-11-05T10:00:51Z,2024-11-05T10:00:51Z
UgxaBUdMTdUQ6xcaBe54AaABAg,,False,@쇼코-s4e,진짜 이혜인이 최고라니깐,0,2024-11-05T10:00:49Z,2024-11-05T10:00:49Z
UgxWLyY5OH7RJAQ30J14AaABAg,,False,@lilconto34,I love you ❤❤❤,1,2024-11-05T10:00:49Z,2024-11-05T10:00:49Z
Ugzjm0finCP4hAjVH_F4AaABAg,,False,@elestC,Hyeinnnnnnnnnnnnnnnnn!!!😘,0,2024-11-05T10:00:49Z,2024-11-05T10:00:49Z
UgwWh1UTmgVw6BLYrmJ4AaABAg,,False,@RienneCarlysleAlberto,Wahhhhhhhh,0,2024-11-05T10:00:48Z,2024-11-05T10:00:48Z
Ugx0lfkBuhA6Li5SATt4AaABAg,,False,@liaah_sanrio,THATS SO PRETYYYY,0,2024-11-05T10:00:48Z,2024-11-05T10:00:48Z
UgyH_9FGm7kWGXSS0PR4AaABAg,,False,@뉴진스가제일로조아,혜인이가 짱이다,0,2024-11-05T10:00:46Z,2024-11-05T10:00:46Z
UgynHy-n_TsW6W94U954AaABAg,,False,@운동하는중딩-t7i,이뻐!!,3,2024-11-05T10:00:45Z,2024-11-05T10:00:45Z
UgwBymaAG3qzx9M84WV4AaABAg,,False,@nwjsnvde,이쁨혜인,0,2024-11-05T10:00:45Z,2024-11-05T10:00:45Z
UgyzKTztGIVDh60LT1F4AaABAg,,False,@Player380-ismylife,How many international fans to support newjeans.,1,2024-11-05T10:00:44Z,2024-11-05T10:00:44Z
UgzWJ0zgNitisM63Mrt4AaABAg,,False,@Honmi3,Hyein looks Soo cute💕,22,2024-11-05T10:00:42Z,2024-11-05T10:00:42Z
UgzguTSRoeU_GW4r9y54AaABAg,,False,@JellyCube_Lemon,HYEINNNN MY BABYYY💗💗,42,2024-11-05T10:00:41Z,2024-11-05T10:00:41Z
UgyE1HLVberRzRtUXVt4AaABAg,,False,@MrsYongbok,Our baby Hyein is slaying 💅💅✨,4,2024-11-05T10:00:41Z,2024-11-05T10:02:44Z
Ugw3QNfcDA5SL4FVHyl4AaABAg,,False,@jimeneia,❤❤❤,0,2024-11-05T10:00:41Z,2024-11-05T10:00:41Z
UgwVHedAsjK6xUDHaJR4AaABAg,,False,@Carloslugo1234,Hiii,1,2024-11-05T10:00:40Z,2024-11-05T10:00:40Z
UgwVHedAsjK6xUDHaJR4AaABAg.AAS_iduceMYAASj0DEay0d,UgwVHedAsjK6xUDHaJR4AaABAg,True,@kskutty100,Hiii,1,2024-11-05T11:21:51Z,2024-11-05T11:21:51Z
Ugwi9PNnskVWnYywwkV4AaABAg,,False,@asmodeuspussy,MAKNAE IS SO PRETTYYYY,4,2024-11-05T10:00:40Z,2024-11-05T10:00:40Z
UgxsqXSbjfNaGu1J9Yl4AaABAg,,False,@tmddk4535,이혜인 진짜 공주야 울 막냉이💜💜💜💜💜,27,2024-11-05T10:00:40Z,2024-11-05T10:00:40Z
Ugw7rDEqj1FgUHYuxbl4AaABAg,,False,@toaehyeina,뉴진스 버니즈가 언제나 곁에 있을게❤,165,2024-11-05T10:00:37Z,2024-11-05T10:00:37Z
UgzqB_EY_crl3dJ1CpV4AaABAg,,False,@Like_JENNIE-12-o7k,اول😸🩶,1,2024-11-05T10:00:36Z,2024-11-05T10:00:36Z
UgyAL_aJhDD9QapI6-N4AaABAg,,False,@나는개똥벌레-lyh,진짜 예쁘다,0,2024-11-05T10:00:36Z,2024-11-05T10:00:36Z
UgzuE4Is6nN6Whw6d_J4AaABAg,,False,@elazzzra,Baby hyein!!❤❤,0,2024-11-05T10:00:35Z,2024-11-05T10:00:35Z
Ugw8KWqDrUqqgj_jY8N4AaABAg,,False,@김현석-t1h,3빠,1,2024-11-05T10:00:34Z,2024-11-05T10:00:34Z
UgyBD6oJshK5L4xFKCV4AaABAg,,False,@Soufi_doso,Love you❤❤,0,2024-11-05T10:00:34Z,2024-11-05T10:00:34Z
UgxNH4dxknqqKiGn-dF4AaABAg,,False,@しろねこさん-p3x,ヘイン！！,0,2024-11-05T10:00:33Z,2024-11-05T10:00:33Z
Ugw5JyMLO8sRCmErcF14AaABAg,,False,@hirokaitabasi5008,3rd😊,1,2024-11-05T10:00:33Z,2024-11-05T10:00:33Z
UgxKqZXvAKetssUiFB94AaABAg,,False,@ProplayerMacha,Hyein❤❤❤,0,2024-11-05T10:00:33Z,2024-11-05T10:00:33Z
Ugxb20ERQlmaRgIXmGN4AaABAg,,False,@KaO-yu4hs,1🎉,0,2024-11-05T10:00:32Z,2024-11-05T10:00:32Z
Ugz4zt9D7Le47B-VUT54AaABAg,,False,@Doeun_yp,HYEINNN WE LOVE YOUUU,66,2024-11-05T10:00:32Z,2024-11-05T10:00:32Z
Ugwob4fK_Sm8bHSKqGt4AaABAg,,False,@Yuri-uk4hn,❤,0,2024-11-05T10:00:32Z,2024-11-05T10:00:32Z
Ugya__8L9dkYjF1ueq54AaABAg,,False,@hanhaeji_,my girl,1,2024-11-05T10:00:31Z,2024-11-05T10:00:31Z
UgxNbfF6b7nEbprpHQF4AaABAg,,False,@jdjsidk-n2j,1등,1,2024-11-05T10:00:30Z,2024-11-05T10:00:30Z
UgzWlEBRHseTY0-TwsF4AaABAg,,False,@glxsyy_putrii,anjayyy guee pertamaaaa,1,2024-11-05T10:00:28Z,2024-11-05T10:00:28Z
Ugw4c4ikg1E9jYCYcjd4AaABAg,,False,@Pog1201,오야 1빠,1,2024-11-05T10:00:28Z,2024-11-05T10:00:28Z
Ugxl7kvL0SMvGuio2NB4AaABAg,,False,@user-nt6pr4qx8f,❤❤❤❤❤,0,2024-11-05T10:00:28Z,2024-11-05T10:00:28Z
UgxzIVS0p1aGubEtHCR4AaABAg,,False,@김세진-y7t,"왕ㆍヾ(๑╹◡╹)ﾉ""",0,2024-11-05T10:00:28Z,2024-11-05T10:00:28Z
Ugzh456PyoEay4X1de14AaABAg,,False,@jimeneia,early,0,2024-11-05T10:00:28Z,2024-11-05T10:00:28Z
UgxrgoW9wMPilGtHBeR4AaABAg,,False,@kana-go8ej,🎉🎉🎉🎉,1,2024-11-05T10:00:27Z,2024-11-05T10:00:27Z
UgzhO2JSm1ky33cotmx4AaABAg,,False,@민지포터,이혜인 썸네일보고 어떻게 안들어와💜,4,2024-11-05T10:00:27Z,2024-11-05T10:00:27Z
UgwgUL0GzjrCKzXqMYp4AaABAg,,False,@LamaAl-Huwaiti-l3w,💗,1,2024-11-05T10:00:26Z,2024-11-05T10:00:26Z
Ugwsnj774JCnwPqMI6J4AaABAg,,False,@HANNIが好き,かわいい。すっぴんかわいいなぁ。同い年なの嬉しいわぁ～。,3,2024-11-05T10:00:25Z,2024-11-05T10:08:33Z
UgwNAqlVcmPJy-a1P354AaABAg,,False,@韓国アイドル最高,かわいい,24,2024-11-05T10:00:23Z,2024-11-05T10:00:23Z
Ugyo_B6m67Kx2P3X9s94AaABAg,,False,@autumnriver1230,Newjeans forever!! Hyein forever!!!,5,2024-11-05T10:00:22Z,2024-11-05T10:00:22Z
UgyhdJxmXa7h-_fK2ER4AaABAg,,False,@retjeans,❤❤❤,0,2024-11-05T10:00:22Z,2024-11-05T10:00:22Z
Ugwfud_RmhKWOUaBvEF4AaABAg,,False,@gaeforJihye,EARLYYYYY,0,2024-11-05T10:00:22Z,2024-11-05T10:00:22Z
UgyZk4c8mgGDpbMCAjx4AaABAg,,False,@hii2-b2h,혠🍂💗,1,2024-11-05T10:00:21Z,2024-11-05T10:00:21Z
UgzPXsFD5BXV2olc1iF4AaABAg,,False,@Christopherholland2,Tutututututu,0,2024-11-05T10:00:20Z,2024-11-05T10:00:20Z
UgzClJOWIO5KuvtXPyR4AaABAg,,False,@rocksbae,Yea,2,2024-11-05T10:00:20Z,2024-11-05T10:00:20Z
Ugzka5E1JpvHDGTR8QF4AaABAg,,False,@katik2207,Vlog!,0,2024-11-05T10:00:18Z,2024-11-05T10:00:18Z
UgxjpPYVW9JWxXxD9T94AaABAg,,False,@しろねこさん-p3x,NewJeans！,1,2024-11-05T10:00:17Z,2024-11-05T10:00:17Z
UgyAeijo-ffBnG-wcbl4AaABAg,,False,@こけです,いち！,1,2024-11-05T10:00:16Z,2024-11-05T10:00:16Z
UgyAeijo-ffBnG-wcbl4AaABAg.AAS_felb1SCAASaEWz_mxG,UgyAeijo-ffBnG-wcbl4AaABAg,True,@HANNIが好き,違います。お互い1コメ目指して頑張ろう,0,2024-11-05T10:05:09Z,2024-11-05T10:05:09Z
UgyAeijo-ffBnG-wcbl4AaABAg.AAS_felb1SCAAScz3mD_iv,UgyAeijo-ffBnG-wcbl4AaABAg,True,@川部洋子の妻,"いいコメントや
次こそは1コメめざそ",0,2024-11-05T10:29:07Z,2024-11-05T10:29:07Z
Ugya-gkU9L7blP0S7jl4AaABAg,,False,@m_o____r_e4084,Hyein ❤,4,2024-11-05T10:00:14Z,2024-11-05T10:01:44Z
UgztIt1mp38AJQ6PXZ54AaABAg,,False,@BUNNIES-S2,사랑혜인❤❤,101,2024-11-05T10:00:11Z,2024-11-05T10:00:11Z
Ugxw3q1SUtiVL6Jaaql4AaABAg,,False,@민지포터,이혜인 넘~~~무 예뻐💜,593,2024-11-05T10:00:10Z,2024-11-05T10:00:10Z
Ugxw3q1SUtiVL6Jaaql4AaABAg.AAS_exIAoxXAATPWIxO4VC,Ugxw3q1SUtiVL6Jaaql4AaABAg,True,@discogirlllll1,이혜인 정말 좋아해요❤️,6,2024-11-05T17:41:58Z,2024-11-05T17:41:58Z
Ugxw3q1SUtiVL6Jaaql4AaABAg.AAS_exIAoxXAAVSZbmkM4R,Ugxw3q1SUtiVL6Jaaql4AaABAg,True,@이서원-s1b,ㅇㅈ 한잔해,3,2024-11-06T12:47:07Z,2024-11-06T12:47:07Z
